/*******************************************************************************
 * Size: 18 px
 * Bpp: 4
 * Opts: --font /fonts/raw/languages/NotoSansSC-Medium.ttf -o /fonts/NS_Medium_zh_18_data.c --size 18 --bpp 4 --format lvgl --no-compress --symbols ♥。一七三上不乐九二于云五亚亮代件位使俊倾停健光全八六关内出到制动勿十卡卷厂压取可同后向吗启周和唤器四固图圆在地型基声备复多大天太始媚存定导将小尼屏展已幕并序库应度康开式形态恢您情成所手打扰找报振据接控收数文断新方旋无日时明星是暂更月有期本机查标格模次步每气池法活消清温版状生用由电的盘相看睡知码确示秒程稍类系终统继续网置联肯能航行表要觉言警设话语请贮费起跃跑身转轴达这进连逐通造部醒重链闪闭间阳阴除雪雷霾非音预风骤龙，？ --range 0x20-0x7F --lv-fallback NS_Medium_jp_18_data
 ******************************************************************************/

#ifdef __has_include
    #if __has_include("lvgl.h")
        #ifndef LV_LVGL_H_INCLUDE_SIMPLE
            #define LV_LVGL_H_INCLUDE_SIMPLE
        #endif
    #endif
#endif

#ifdef LV_LVGL_H_INCLUDE_SIMPLE
    #include "lvgl.h"
#else
    #include "lvgl/lvgl.h"
#endif



#ifndef NS_MEDIUM_ZH_18_DATA
#define NS_MEDIUM_ZH_18_DATA 1
#endif

#if NS_MEDIUM_ZH_18_DATA

/*-----------------
 *    BITMAPS
 *----------------*/

/*Store the image of the glyphs*/
static LV_ATTRIBUTE_LARGE_CONST const uint8_t glyph_bitmap[] = {
    /* U+0020 " " */

    /* U+0021 "!" */
    0x0f, 0xf2, 0x0e, 0xf1, 0x0e, 0xf1, 0x0d, 0xf0,
    0x0c, 0xf0, 0x0c, 0xf0, 0x0b, 0xe0, 0x0a, 0xd0,
    0x0a, 0xd0, 0x01, 0x20, 0x0b, 0xc2, 0x4f, 0xf7,
    0x1d, 0xe2,

    /* U+0022 "\"" */
    0x6f, 0xb0, 0x7f, 0xb5, 0xfb, 0x06, 0xfa, 0x4f,
    0xa0, 0x5f, 0x92, 0xf8, 0x03, 0xf7, 0x1f, 0x60,
    0x1f, 0x50, 0x93, 0x00, 0x92,

    /* U+0023 "#" */
    0x00, 0x0a, 0xa0, 0x0e, 0x60, 0x00, 0x0c, 0x70,
    0x0f, 0x40, 0x00, 0x0f, 0x50, 0x2f, 0x10, 0x0e,
    0xff, 0xff, 0xff, 0xfa, 0x05, 0x8f, 0x66, 0xae,
    0x64, 0x00, 0x5f, 0x00, 0x8c, 0x00, 0x00, 0x6d,
    0x00, 0xaa, 0x00, 0x01, 0x8c, 0x11, 0xb9, 0x10,
    0x4f, 0xff, 0xff, 0xff, 0xf4, 0x14, 0xda, 0x44,
    0xf7, 0x41, 0x00, 0xe6, 0x01, 0xf3, 0x00, 0x00,
    0xf4, 0x03, 0xf1, 0x00, 0x02, 0xf2, 0x05, 0xf0,
    0x00,

    /* U+0024 "$" */
    0x00, 0x00, 0x8e, 0x00, 0x00, 0x00, 0x00, 0x8e,
    0x00, 0x00, 0x00, 0x1a, 0xff, 0xd7, 0x00, 0x00,
    0xef, 0xdb, 0xef, 0x80, 0x06, 0xfb, 0x00, 0x07,
    0x10, 0x08, 0xf7, 0x00, 0x00, 0x00, 0x05, 0xfe,
    0x20, 0x00, 0x00, 0x00, 0xaf, 0xf9, 0x10, 0x00,
    0x00, 0x06, 0xef, 0xf7, 0x00, 0x00, 0x00, 0x07,
    0xff, 0x70, 0x00, 0x00, 0x00, 0x4f, 0xe0, 0x00,
    0x00, 0x00, 0x0f, 0xf0, 0x06, 0x80, 0x00, 0x4f,
    0xd0, 0x0c, 0xff, 0xbc, 0xff, 0x50, 0x00, 0x6c,
    0xff, 0xc5, 0x00, 0x00, 0x00, 0x8e, 0x00, 0x00,
    0x00, 0x00, 0x8e, 0x00, 0x00,

    /* U+0025 "%" */
    0x01, 0xbf, 0xe6, 0x00, 0x00, 0x0d, 0x70, 0x00,
    0x00, 0xcd, 0x48, 0xf4, 0x00, 0x06, 0xd0, 0x00,
    0x00, 0x2f, 0x50, 0x0d, 0xa0, 0x01, 0xe5, 0x00,
    0x00, 0x05, 0xf2, 0x00, 0xbd, 0x00, 0x8c, 0x00,
    0x00, 0x00, 0x5f, 0x20, 0x0b, 0xd0, 0x2f, 0x30,
    0x00, 0x00, 0x03, 0xf5, 0x00, 0xdb, 0x0a, 0xa0,
    0x7e, 0xfa, 0x10, 0x0d, 0xc1, 0x5f, 0x53, 0xf1,
    0x5f, 0x64, 0xea, 0x00, 0x2e, 0xff, 0x90, 0xc8,
    0x0c, 0xc0, 0x06, 0xf1, 0x00, 0x02, 0x10, 0x5e,
    0x00, 0xe9, 0x00, 0x4f, 0x30, 0x00, 0x00, 0x0d,
    0x60, 0x0e, 0x90, 0x04, 0xf3, 0x00, 0x00, 0x07,
    0xd0, 0x00, 0xcc, 0x00, 0x7f, 0x10, 0x00, 0x01,
    0xe4, 0x00, 0x05, 0xf7, 0x5e, 0xa0, 0x00, 0x00,
    0x9b, 0x00, 0x00, 0x07, 0xef, 0xa0, 0x00,

    /* U+0026 "&" */
    0x00, 0x05, 0xdf, 0xd5, 0x00, 0x00, 0x00, 0x04,
    0xfd, 0x7d, 0xf2, 0x00, 0x00, 0x00, 0xaf, 0x20,
    0x5f, 0x50, 0x00, 0x00, 0x0a, 0xf1, 0x09, 0xf2,
    0x00, 0x00, 0x00, 0x7f, 0x68, 0xf8, 0x00, 0x00,
    0x00, 0x01, 0xff, 0xf7, 0x00, 0x01, 0x10, 0x00,
    0x9f, 0xfa, 0x00, 0x00, 0xef, 0x10, 0xbf, 0xab,
    0xf7, 0x00, 0x4f, 0xa0, 0x3f, 0xd0, 0x1d, 0xf7,
    0x0d, 0xf2, 0x06, 0xfa, 0x00, 0x1d, 0xfe, 0xf8,
    0x00, 0x3f, 0xe1, 0x00, 0x2f, 0xff, 0x60, 0x00,
    0xbf, 0xfa, 0xae, 0xfc, 0xff, 0xe3, 0x00, 0x7d,
    0xff, 0xc5, 0x01, 0x8d, 0x00,

    /* U+0027 "'" */
    0x6f, 0xb5, 0xfb, 0x4f, 0xa2, 0xf8, 0x1f, 0x60,
    0x93,

    /* U+0028 "(" */
    0x00, 0x07, 0x10, 0x05, 0xf4, 0x00, 0xdc, 0x00,
    0x4f, 0x50, 0x0a, 0xf0, 0x00, 0xec, 0x00, 0x2f,
    0x90, 0x04, 0xf6, 0x00, 0x5f, 0x50, 0x06, 0xf5,
    0x00, 0x5f, 0x50, 0x04, 0xf6, 0x00, 0x1f, 0x90,
    0x00, 0xec, 0x00, 0x09, 0xf1, 0x00, 0x4f, 0x60,
    0x00, 0xdc, 0x00, 0x05, 0xf4, 0x00, 0x05, 0x00,

    /* U+0029 ")" */
    0x05, 0x30, 0x00, 0xdc, 0x00, 0x05, 0xf4, 0x00,
    0x0e, 0xb0, 0x00, 0x9f, 0x10, 0x05, 0xf5, 0x00,
    0x2f, 0x80, 0x00, 0xfb, 0x00, 0x0f, 0xc0, 0x00,
    0xec, 0x00, 0x0f, 0xc0, 0x00, 0xfb, 0x00, 0x2f,
    0x80, 0x06, 0xf5, 0x00, 0xaf, 0x10, 0x0f, 0xa0,
    0x06, 0xf3, 0x00, 0xeb, 0x00, 0x04, 0x20, 0x00,

    /* U+002A "*" */
    0x00, 0x4f, 0x00, 0x02, 0x06, 0xf1, 0x11, 0xcf,
    0xef, 0xef, 0x80, 0x7f, 0xfe, 0x40, 0x06, 0xfd,
    0xf2, 0x00, 0xd8, 0x0c, 0x80, 0x01, 0x00, 0x10,
    0x00,

    /* U+002B "+" */
    0x00, 0x00, 0x12, 0x00, 0x00, 0x00, 0x00, 0xbe,
    0x00, 0x00, 0x00, 0x00, 0xbe, 0x00, 0x00, 0x00,
    0x00, 0xbe, 0x00, 0x00, 0x02, 0x22, 0xbe, 0x22,
    0x21, 0x5f, 0xff, 0xff, 0xff, 0xf9, 0x15, 0x55,
    0xcf, 0x55, 0x53, 0x00, 0x00, 0xbe, 0x00, 0x00,
    0x00, 0x00, 0xbe, 0x00, 0x00, 0x00, 0x00, 0xbe,
    0x00, 0x00,

    /* U+002C "," */
    0x02, 0x96, 0x00, 0xaf, 0xf3, 0x05, 0xff, 0x50,
    0x02, 0xf4, 0x00, 0xbd, 0x00, 0xce, 0x30, 0x05,
    0x10, 0x00,

    /* U+002D "-" */
    0x18, 0x88, 0x84, 0x2f, 0xff, 0xf9,

    /* U+002E "." */
    0x4d, 0x90, 0xaf, 0xf1, 0x5f, 0xa0,

    /* U+002F "/" */
    0x00, 0x00, 0x0e, 0x80, 0x00, 0x03, 0xf3, 0x00,
    0x00, 0x7e, 0x00, 0x00, 0x0c, 0xa0, 0x00, 0x01,
    0xf5, 0x00, 0x00, 0x5f, 0x10, 0x00, 0x0a, 0xc0,
    0x00, 0x00, 0xe8, 0x00, 0x00, 0x3f, 0x30, 0x00,
    0x07, 0xe0, 0x00, 0x00, 0xca, 0x00, 0x00, 0x1f,
    0x60, 0x00, 0x05, 0xf1, 0x00, 0x00, 0xac, 0x00,
    0x00, 0x0e, 0x80, 0x00, 0x03, 0xf3, 0x00, 0x00,
    0x7f, 0x00, 0x00, 0x05, 0x50, 0x00, 0x00,

    /* U+0030 "0" */
    0x00, 0x1a, 0xef, 0xb3, 0x00, 0x00, 0xdf, 0xcb,
    0xff, 0x20, 0x07, 0xfa, 0x00, 0x5f, 0xb0, 0x0d,
    0xf3, 0x00, 0x0e, 0xf1, 0x0f, 0xf0, 0x00, 0x0b,
    0xf4, 0x1f, 0xd0, 0x00, 0x09, 0xf5, 0x2f, 0xd0,
    0x00, 0x09, 0xf6, 0x1f, 0xe0, 0x00, 0x09, 0xf5,
    0x0f, 0xf0, 0x00, 0x0b, 0xf4, 0x0c, 0xf3, 0x00,
    0x0e, 0xf1, 0x07, 0xfa, 0x00, 0x6f, 0xb0, 0x00,
    0xdf, 0xcb, 0xff, 0x20, 0x00, 0x19, 0xef, 0xb3,
    0x00,

    /* U+0031 "1" */
    0x01, 0x5c, 0xf8, 0x00, 0x00, 0xff, 0xff, 0x80,
    0x00, 0x04, 0x4a, 0xf8, 0x00, 0x00, 0x00, 0x8f,
    0x80, 0x00, 0x00, 0x08, 0xf8, 0x00, 0x00, 0x00,
    0x8f, 0x80, 0x00, 0x00, 0x08, 0xf8, 0x00, 0x00,
    0x00, 0x8f, 0x80, 0x00, 0x00, 0x08, 0xf8, 0x00,
    0x00, 0x00, 0x8f, 0x80, 0x00, 0x00, 0x08, 0xf8,
    0x00, 0x05, 0xbb, 0xdf, 0xdb, 0xb1, 0x7f, 0xff,
    0xff, 0xff, 0x10,

    /* U+0032 "2" */
    0x00, 0x7d, 0xfe, 0xa2, 0x00, 0x1c, 0xfd, 0xad,
    0xfe, 0x10, 0x0b, 0x70, 0x00, 0xbf, 0x80, 0x00,
    0x00, 0x00, 0x5f, 0xb0, 0x00, 0x00, 0x00, 0x5f,
    0xa0, 0x00, 0x00, 0x00, 0xaf, 0x60, 0x00, 0x00,
    0x02, 0xfe, 0x10, 0x00, 0x00, 0x0d, 0xf6, 0x00,
    0x00, 0x00, 0xbf, 0xa0, 0x00, 0x00, 0x0a, 0xfb,
    0x00, 0x00, 0x00, 0xbf, 0xc0, 0x00, 0x00, 0x0c,
    0xff, 0xbb, 0xcc, 0xc4, 0x3f, 0xff, 0xff, 0xff,
    0xf5,

    /* U+0033 "3" */
    0x00, 0x7d, 0xff, 0xc5, 0x00, 0x0b, 0xfd, 0xac,
    0xff, 0x50, 0x02, 0x50, 0x00, 0x7f, 0xc0, 0x00,
    0x00, 0x00, 0x5f, 0xb0, 0x00, 0x00, 0x15, 0xef,
    0x40, 0x00, 0x0c, 0xff, 0xe3, 0x00, 0x00, 0x06,
    0x9d, 0xfd, 0x20, 0x00, 0x00, 0x00, 0x6f, 0xd0,
    0x00, 0x00, 0x00, 0x0e, 0xf3, 0x00, 0x00, 0x00,
    0x0e, 0xf3, 0x1d, 0x60, 0x00, 0x6f, 0xf0, 0x3e,
    0xfe, 0xbd, 0xff, 0x60, 0x01, 0x8d, 0xff, 0xb4,
    0x00,

    /* U+0034 "4" */
    0x00, 0x00, 0x0a, 0xff, 0x00, 0x00, 0x00, 0x5f,
    0xff, 0x00, 0x00, 0x01, 0xed, 0xdf, 0x00, 0x00,
    0x09, 0xf6, 0xdf, 0x00, 0x00, 0x4f, 0xc0, 0xef,
    0x00, 0x00, 0xdf, 0x20, 0xef, 0x00, 0x08, 0xf7,
    0x00, 0xef, 0x00, 0x3f, 0xc0, 0x00, 0xef, 0x00,
    0xaf, 0xff, 0xff, 0xff, 0xfb, 0x69, 0x99, 0x99,
    0xff, 0x96, 0x00, 0x00, 0x00, 0xef, 0x00, 0x00,
    0x00, 0x00, 0xef, 0x00, 0x00, 0x00, 0x00, 0xef,
    0x00,

    /* U+0035 "5" */
    0x01, 0xff, 0xff, 0xff, 0xa0, 0x02, 0xfe, 0xbb,
    0xbb, 0x70, 0x03, 0xfa, 0x00, 0x00, 0x00, 0x04,
    0xf9, 0x00, 0x00, 0x00, 0x05, 0xf9, 0x67, 0x50,
    0x00, 0x06, 0xff, 0xff, 0xfe, 0x30, 0x01, 0x83,
    0x02, 0xbf, 0xd0, 0x00, 0x00, 0x00, 0x0f, 0xf2,
    0x00, 0x00, 0x00, 0x0d, 0xf4, 0x00, 0x00, 0x00,
    0x0e, 0xf3, 0x1c, 0x40, 0x00, 0x8f, 0xd0, 0x3e,
    0xfd, 0xbd, 0xff, 0x40, 0x01, 0x8d, 0xff, 0xb3,
    0x00,

    /* U+0036 "6" */
    0x00, 0x04, 0xcf, 0xfb, 0x30, 0x00, 0x6f, 0xfc,
    0xbf, 0xe1, 0x02, 0xfe, 0x30, 0x01, 0x20, 0x09,
    0xf6, 0x00, 0x00, 0x00, 0x0d, 0xf1, 0x37, 0x62,
    0x00, 0x0f, 0xf9, 0xff, 0xff, 0x60, 0x0f, 0xfd,
    0x30, 0x4f, 0xf1, 0x0f, 0xf1, 0x00, 0x09, 0xf6,
    0x0e, 0xf0, 0x00, 0x07, 0xf7, 0x0a, 0xf4, 0x00,
    0x08, 0xf6, 0x04, 0xfc, 0x00, 0x1e, 0xf2, 0x00,
    0xaf, 0xd9, 0xdf, 0x80, 0x00, 0x07, 0xdf, 0xd7,
    0x00,

    /* U+0037 "7" */
    0x1f, 0xff, 0xff, 0xff, 0xf6, 0x1b, 0xbb, 0xbb,
    0xbf, 0xf3, 0x00, 0x00, 0x00, 0x6f, 0x70, 0x00,
    0x00, 0x01, 0xfc, 0x00, 0x00, 0x00, 0x09, 0xf4,
    0x00, 0x00, 0x00, 0x1f, 0xd0, 0x00, 0x00, 0x00,
    0x7f, 0x70, 0x00, 0x00, 0x00, 0xbf, 0x30, 0x00,
    0x00, 0x00, 0xff, 0x00, 0x00, 0x00, 0x02, 0xfd,
    0x00, 0x00, 0x00, 0x05, 0xfc, 0x00, 0x00, 0x00,
    0x06, 0xfa, 0x00, 0x00, 0x00, 0x08, 0xf9, 0x00,
    0x00,

    /* U+0038 "8" */
    0x00, 0x2a, 0xff, 0xd6, 0x00, 0x01, 0xef, 0x98,
    0xdf, 0x60, 0x07, 0xf7, 0x00, 0x1f, 0xd0, 0x08,
    0xf4, 0x00, 0x0d, 0xe0, 0x04, 0xfa, 0x00, 0x0f,
    0xa0, 0x00, 0x8f, 0xb3, 0x8e, 0x10, 0x00, 0x4f,
    0xff, 0xf8, 0x00, 0x05, 0xf7, 0x05, 0xdf, 0xa0,
    0x0e, 0xd0, 0x00, 0x0d, 0xf3, 0x2f, 0xa0, 0x00,
    0x08, 0xf6, 0x0f, 0xe1, 0x00, 0x0c, 0xf4, 0x07,
    0xfe, 0x98, 0xcf, 0xc0, 0x00, 0x5c, 0xff, 0xd7,
    0x00,

    /* U+0039 "9" */
    0x00, 0x4c, 0xfe, 0x91, 0x00, 0x05, 0xff, 0xab,
    0xfd, 0x10, 0x0e, 0xf3, 0x00, 0x7f, 0x90, 0x3f,
    0xc0, 0x00, 0x0f, 0xf0, 0x3f, 0xb0, 0x00, 0x0b,
    0xf3, 0x1f, 0xe0, 0x00, 0x0d, 0xf4, 0x0c, 0xf9,
    0x24, 0xcf, 0xf4, 0x01, 0xdf, 0xff, 0x9b, 0xf3,
    0x00, 0x03, 0x52, 0x0d, 0xf1, 0x00, 0x00, 0x00,
    0x3f, 0xd0, 0x01, 0x40, 0x01, 0xcf, 0x60, 0x0b,
    0xfd, 0xbf, 0xfa, 0x00, 0x01, 0x9e, 0xfd, 0x70,
    0x00,

    /* U+003A ":" */
    0x5f, 0xb0, 0xaf, 0xf1, 0x4d, 0x90, 0x00, 0x00,
    0x00, 0x00, 0x00, 0x00, 0x00, 0x00, 0x4d, 0x90,
    0xaf, 0xf1, 0x5f, 0xa0,

    /* U+003B ";" */
    0x05, 0xfb, 0x00, 0xaf, 0xf1, 0x04, 0xd9, 0x00,
    0x00, 0x00, 0x00, 0x00, 0x00, 0x00, 0x00, 0x00,
    0x00, 0x00, 0x29, 0x60, 0x0a, 0xff, 0x30, 0x5f,
    0xf5, 0x00, 0x2f, 0x40, 0x0b, 0xd0, 0x0c, 0xe3,
    0x00, 0x51, 0x00,

    /* U+003C "<" */
    0x00, 0x00, 0x00, 0x00, 0x66, 0x00, 0x00, 0x03,
    0x9f, 0xf9, 0x00, 0x17, 0xdf, 0xfa, 0x40, 0x2b,
    0xff, 0xb6, 0x00, 0x00, 0x5f, 0xf7, 0x00, 0x00,
    0x00, 0x17, 0xdf, 0xf9, 0x40, 0x00, 0x00, 0x03,
    0x9f, 0xfe, 0x82, 0x00, 0x00, 0x00, 0x6c, 0xf9,
    0x00, 0x00, 0x00, 0x00, 0x24,

    /* U+003D "=" */
    0x5f, 0xff, 0xff, 0xff, 0xf9, 0x27, 0x77, 0x77,
    0x77, 0x74, 0x00, 0x00, 0x00, 0x00, 0x00, 0x00,
    0x00, 0x00, 0x00, 0x00, 0x02, 0x22, 0x22, 0x22,
    0x21, 0x5f, 0xff, 0xff, 0xff, 0xf9, 0x15, 0x55,
    0x55, 0x55, 0x53,

    /* U+003E ">" */
    0x37, 0x10, 0x00, 0x00, 0x00, 0x4f, 0xfb, 0x50,
    0x00, 0x00, 0x03, 0x9e, 0xfe, 0x93, 0x00, 0x00,
    0x00, 0x4a, 0xff, 0xc4, 0x00, 0x00, 0x00, 0x4e,
    0xf9, 0x00, 0x02, 0x8d, 0xfe, 0x92, 0x17, 0xcf,
    0xfb, 0x50, 0x00, 0x5f, 0xd8, 0x10, 0x00, 0x00,
    0x24, 0x00, 0x00, 0x00, 0x00,

    /* U+003F "?" */
    0x01, 0x9e, 0xfd, 0x70, 0x0d, 0xfc, 0xbf, 0xf8,
    0x04, 0x30, 0x05, 0xfd, 0x00, 0x00, 0x02, 0xfd,
    0x00, 0x00, 0x0a, 0xf7, 0x00, 0x00, 0x7f, 0xa0,
    0x00, 0x04, 0xfc, 0x00, 0x00, 0x0b, 0xf3, 0x00,
    0x00, 0x09, 0xb0, 0x00, 0x00, 0x00, 0x00, 0x00,
    0x00, 0x0b, 0xd2, 0x00, 0x00, 0x3f, 0xf8, 0x00,
    0x00, 0x0c, 0xe3, 0x00,

    /* U+0040 "@" */
    0x00, 0x00, 0x06, 0xbe, 0xff, 0xc7, 0x10, 0x00,
    0x00, 0x04, 0xef, 0xa6, 0x56, 0x9f, 0xe4, 0x00,
    0x00, 0x6f, 0xa1, 0x00, 0x00, 0x01, 0xbf, 0x20,
    0x04, 0xf8, 0x00, 0x00, 0x00, 0x10, 0x0d, 0xb0,
    0x0e, 0xc0, 0x00, 0xaf, 0xf9, 0xf2, 0x05, 0xf2,
    0x5f, 0x30, 0x0b, 0xf6, 0x6f, 0xf0, 0x00, 0xf5,
    0xbd, 0x00, 0x5f, 0x60, 0x0c, 0xc0, 0x00, 0xe7,
    0xe9, 0x00, 0xbe, 0x00, 0x0f, 0x90, 0x00, 0xe7,
    0xf7, 0x00, 0xec, 0x00, 0x1f, 0x60, 0x01, 0xf4,
    0xf8, 0x00, 0xeb, 0x00, 0x4f, 0x40, 0x08, 0xf0,
    0xda, 0x00, 0xaf, 0x33, 0xdf, 0x91, 0x6f, 0x60,
    0xae, 0x00, 0x2e, 0xff, 0x58, 0xff, 0xf6, 0x00,
    0x3f, 0x70, 0x00, 0x31, 0x00, 0x23, 0x00, 0x00,
    0x0a, 0xf6, 0x00, 0x00, 0x00, 0x00, 0x00, 0x00,
    0x00, 0xaf, 0xb5, 0x21, 0x26, 0xa0, 0x00, 0x00,
    0x00, 0x05, 0xcf, 0xff, 0xff, 0x90, 0x00, 0x00,
    0x00, 0x00, 0x01, 0x33, 0x20, 0x00, 0x00, 0x00,

    /* U+0041 "A" */
    0x00, 0x00, 0xcf, 0xf0, 0x00, 0x00, 0x00, 0x01,
    0xfe, 0xf4, 0x00, 0x00, 0x00, 0x07, 0xf6, 0xfa,
    0x00, 0x00, 0x00, 0x0c, 0xf0, 0xdf, 0x00, 0x00,
    0x00, 0x2f, 0xb0, 0x9f, 0x50, 0x00, 0x00, 0x7f,
    0x60, 0x4f, 0xa0, 0x00, 0x00, 0xcf, 0x10, 0x0f,
    0xf0, 0x00, 0x02, 0xff, 0xaa, 0xae, 0xf5, 0x00,
    0x07, 0xff, 0xff, 0xff, 0xfa, 0x00, 0x0d, 0xf3,
    0x00, 0x01, 0xff, 0x00, 0x2f, 0xe0, 0x00, 0x00,
    0xcf, 0x50, 0x7f, 0x90, 0x00, 0x00, 0x7f, 0xb0,
    0xdf, 0x40, 0x00, 0x00, 0x2f, 0xf0,

    /* U+0042 "B" */
    0x4f, 0xff, 0xff, 0xd9, 0x10, 0x04, 0xfe, 0x99,
    0xae, 0xfe, 0x10, 0x4f, 0xd0, 0x00, 0x0c, 0xf7,
    0x04, 0xfd, 0x00, 0x00, 0x8f, 0x70, 0x4f, 0xd0,
    0x00, 0x0d, 0xf3, 0x04, 0xfe, 0x99, 0xae, 0xf7,
    0x00, 0x4f, 0xff, 0xff, 0xff, 0x91, 0x04, 0xfd,
    0x00, 0x02, 0xaf, 0xc0, 0x4f, 0xd0, 0x00, 0x00,
    0xef, 0x24, 0xfd, 0x00, 0x00, 0x0d, 0xf3, 0x4f,
    0xd0, 0x00, 0x05, 0xff, 0x04, 0xfe, 0x99, 0xad,
    0xff, 0x60, 0x4f, 0xff, 0xff, 0xea, 0x30, 0x00,

    /* U+0043 "C" */
    0x00, 0x07, 0xcf, 0xfc, 0x50, 0x00, 0x2d, 0xff,
    0xdd, 0xff, 0x70, 0x0d, 0xfc, 0x20, 0x02, 0xa1,
    0x06, 0xfe, 0x00, 0x00, 0x00, 0x00, 0xbf, 0x70,
    0x00, 0x00, 0x00, 0x0e, 0xf3, 0x00, 0x00, 0x00,
    0x00, 0xff, 0x20, 0x00, 0x00, 0x00, 0x0e, 0xf4,
    0x00, 0x00, 0x00, 0x00, 0xcf, 0x70, 0x00, 0x00,
    0x00, 0x07, 0xfe, 0x00, 0x00, 0x00, 0x00, 0x0d,
    0xfc, 0x20, 0x02, 0xc8, 0x00, 0x2e, 0xff, 0xdd,
    0xff, 0xa0, 0x00, 0x08, 0xdf, 0xfc, 0x50, 0x00,

    /* U+0044 "D" */
    0x4f, 0xff, 0xfe, 0xb5, 0x00, 0x04, 0xff, 0xbb,
    0xdf, 0xfb, 0x00, 0x4f, 0xd0, 0x00, 0x4e, 0xf9,
    0x04, 0xfd, 0x00, 0x00, 0x4f, 0xf1, 0x4f, 0xd0,
    0x00, 0x00, 0xdf, 0x64, 0xfd, 0x00, 0x00, 0x0a,
    0xf8, 0x4f, 0xd0, 0x00, 0x00, 0x9f, 0x94, 0xfd,
    0x00, 0x00, 0x0a, 0xf8, 0x4f, 0xd0, 0x00, 0x00,
    0xdf, 0x54, 0xfd, 0x00, 0x00, 0x4f, 0xf1, 0x4f,
    0xd0, 0x00, 0x4e, 0xf8, 0x04, 0xff, 0xbb, 0xef,
    0xfa, 0x00, 0x4f, 0xff, 0xfe, 0xb5, 0x00, 0x00,

    /* U+0045 "E" */
    0x4f, 0xff, 0xff, 0xff, 0x94, 0xff, 0xbb, 0xbb,
    0xb6, 0x4f, 0xd0, 0x00, 0x00, 0x04, 0xfd, 0x00,
    0x00, 0x00, 0x4f, 0xd0, 0x00, 0x00, 0x04, 0xff,
    0xbb, 0xbb, 0x80, 0x4f, 0xff, 0xff, 0xfb, 0x04,
    0xfd, 0x00, 0x00, 0x00, 0x4f, 0xd0, 0x00, 0x00,
    0x04, 0xfd, 0x00, 0x00, 0x00, 0x4f, 0xd0, 0x00,
    0x00, 0x04, 0xff, 0xcc, 0xcc, 0xc9, 0x4f, 0xff,
    0xff, 0xff, 0xc0,

    /* U+0046 "F" */
    0x4f, 0xff, 0xff, 0xff, 0x94, 0xff, 0xbb, 0xbb,
    0xb7, 0x4f, 0xd0, 0x00, 0x00, 0x04, 0xfd, 0x00,
    0x00, 0x00, 0x4f, 0xd0, 0x00, 0x00, 0x04, 0xfd,
    0x00, 0x00, 0x00, 0x4f, 0xff, 0xff, 0xfc, 0x04,
    0xff, 0xbb, 0xbb, 0x80, 0x4f, 0xd0, 0x00, 0x00,
    0x04, 0xfd, 0x00, 0x00, 0x00, 0x4f, 0xd0, 0x00,
    0x00, 0x04, 0xfd, 0x00, 0x00, 0x00, 0x4f, 0xd0,
    0x00, 0x00, 0x00,

    /* U+0047 "G" */
    0x00, 0x06, 0xcf, 0xfd, 0x80, 0x00, 0x1d, 0xff,
    0xed, 0xff, 0xd0, 0x0c, 0xfc, 0x30, 0x00, 0x76,
    0x06, 0xfe, 0x10, 0x00, 0x00, 0x00, 0xbf, 0x70,
    0x00, 0x00, 0x00, 0x0e, 0xf3, 0x00, 0x00, 0x00,
    0x00, 0xff, 0x20, 0x02, 0xff, 0xff, 0x5e, 0xf4,
    0x00, 0x1b, 0xbd, 0xf5, 0xcf, 0x70, 0x00, 0x00,
    0x9f, 0x56, 0xfe, 0x10, 0x00, 0x09, 0xf5, 0x0d,
    0xfc, 0x30, 0x00, 0xaf, 0x50, 0x2d, 0xff, 0xed,
    0xff, 0xf3, 0x00, 0x07, 0xcf, 0xfd, 0x92, 0x00,

    /* U+0048 "H" */
    0x4f, 0xd0, 0x00, 0x00, 0x8f, 0x94, 0xfd, 0x00,
    0x00, 0x08, 0xf9, 0x4f, 0xd0, 0x00, 0x00, 0x8f,
    0x94, 0xfd, 0x00, 0x00, 0x08, 0xf9, 0x4f, 0xd0,
    0x00, 0x00, 0x8f, 0x94, 0xff, 0xcc, 0xcc, 0xce,
    0xf9, 0x4f, 0xff, 0xff, 0xff, 0xff, 0x94, 0xfd,
    0x00, 0x00, 0x08, 0xf9, 0x4f, 0xd0, 0x00, 0x00,
    0x8f, 0x94, 0xfd, 0x00, 0x00, 0x08, 0xf9, 0x4f,
    0xd0, 0x00, 0x00, 0x8f, 0x94, 0xfd, 0x00, 0x00,
    0x08, 0xf9, 0x4f, 0xd0, 0x00, 0x00, 0x8f, 0x90,

    /* U+0049 "I" */
    0x4f, 0xd4, 0xfd, 0x4f, 0xd4, 0xfd, 0x4f, 0xd4,
    0xfd, 0x4f, 0xd4, 0xfd, 0x4f, 0xd4, 0xfd, 0x4f,
    0xd4, 0xfd, 0x4f, 0xd0,

    /* U+004A "J" */
    0x00, 0x00, 0x00, 0xef, 0x30, 0x00, 0x00, 0x0e,
    0xf3, 0x00, 0x00, 0x00, 0xef, 0x30, 0x00, 0x00,
    0x0e, 0xf3, 0x00, 0x00, 0x00, 0xef, 0x30, 0x00,
    0x00, 0x0e, 0xf3, 0x00, 0x00, 0x00, 0xef, 0x30,
    0x00, 0x00, 0x0e, 0xf3, 0x00, 0x00, 0x00, 0xef,
    0x30, 0x00, 0x00, 0x0f, 0xf2, 0x2d, 0x80, 0x05,
    0xff, 0x01, 0xef, 0xed, 0xff, 0x80, 0x01, 0xae,
    0xfd, 0x70, 0x00,

    /* U+004B "K" */
    0x4f, 0xd0, 0x00, 0x08, 0xfd, 0x04, 0xfd, 0x00,
    0x05, 0xfe, 0x10, 0x4f, 0xd0, 0x02, 0xff, 0x30,
    0x04, 0xfd, 0x01, 0xdf, 0x60, 0x00, 0x4f, 0xd0,
    0xbf, 0x90, 0x00, 0x04, 0xfd, 0x9f, 0xf6, 0x00,
    0x00, 0x4f, 0xff, 0xef, 0xf1, 0x00, 0x04, 0xff,
    0xf3, 0x9f, 0xa0, 0x00, 0x4f, 0xf5, 0x01, 0xff,
    0x30, 0x04, 0xfd, 0x00, 0x07, 0xfd, 0x00, 0x4f,
    0xd0, 0x00, 0x0d, 0xf6, 0x04, 0xfd, 0x00, 0x00,
    0x4f, 0xf1, 0x4f, 0xd0, 0x00, 0x00, 0xaf, 0xa0,

    /* U+004C "L" */
    0x4f, 0xd0, 0x00, 0x00, 0x04, 0xfd, 0x00, 0x00,
    0x00, 0x4f, 0xd0, 0x00, 0x00, 0x04, 0xfd, 0x00,
    0x00, 0x00, 0x4f, 0xd0, 0x00, 0x00, 0x04, 0xfd,
    0x00, 0x00, 0x00, 0x4f, 0xd0, 0x00, 0x00, 0x04,
    0xfd, 0x00, 0x00, 0x00, 0x4f, 0xd0, 0x00, 0x00,
    0x04, 0xfd, 0x00, 0x00, 0x00, 0x4f, 0xd0, 0x00,
    0x00, 0x04, 0xff, 0xcc, 0xcc, 0xc5, 0x4f, 0xff,
    0xff, 0xff, 0x70,

    /* U+004D "M" */
    0x4f, 0xf5, 0x00, 0x00, 0x06, 0xff, 0x34, 0xff,
    0xb0, 0x00, 0x00, 0xcf, 0xf3, 0x4f, 0xff, 0x10,
    0x00, 0x2f, 0xff, 0x34, 0xfb, 0xf7, 0x00, 0x07,
    0xfa, 0xf3, 0x4f, 0x8e, 0xc0, 0x00, 0xdc, 0xaf,
    0x34, 0xf9, 0x8f, 0x20, 0x3f, 0x6b, 0xf3, 0x4f,
    0xa2, 0xf8, 0x09, 0xf1, 0xbf, 0x34, 0xfa, 0x0c,
    0xe0, 0xea, 0x0b, 0xf3, 0x4f, 0xa0, 0x6f, 0x7f,
    0x40, 0xbf, 0x34, 0xfa, 0x01, 0xff, 0xe0, 0x0b,
    0xf3, 0x4f, 0xa0, 0x0a, 0xf8, 0x00, 0xbf, 0x34,
    0xfa, 0x00, 0x4b, 0x20, 0x0b, 0xf3, 0x4f, 0xa0,
    0x00, 0x00, 0x00, 0xbf, 0x30,

    /* U+004E "N" */
    0x4f, 0xf3, 0x00, 0x00, 0x8f, 0x74, 0xff, 0xc0,
    0x00, 0x08, 0xf7, 0x4f, 0xff, 0x50, 0x00, 0x8f,
    0x74, 0xf9, 0xfd, 0x00, 0x08, 0xf7, 0x4f, 0x97,
    0xf7, 0x00, 0x8f, 0x74, 0xfa, 0x0e, 0xf1, 0x08,
    0xf7, 0x4f, 0xb0, 0x6f, 0xa0, 0x8f, 0x74, 0xfb,
    0x00, 0xdf, 0x37, 0xf7, 0x4f, 0xb0, 0x04, 0xfb,
    0x6f, 0x74, 0xfb, 0x00, 0x0a, 0xf8, 0xf7, 0x4f,
    0xb0, 0x00, 0x2f, 0xff, 0x74, 0xfb, 0x00, 0x00,
    0x8f, 0xf7, 0x4f, 0xb0, 0x00, 0x00, 0xef, 0x70,

    /* U+004F "O" */
    0x00, 0x18, 0xdf, 0xfc, 0x50, 0x00, 0x03, 0xef,
    0xfd, 0xef, 0xfa, 0x00, 0x0e, 0xfa, 0x10, 0x04,
    0xef, 0x80, 0x7f, 0xd0, 0x00, 0x00, 0x4f, 0xf1,
    0xcf, 0x60, 0x00, 0x00, 0x0d, 0xf5, 0xef, 0x30,
    0x00, 0x00, 0x0a, 0xf8, 0xff, 0x20, 0x00, 0x00,
    0x09, 0xf8, 0xef, 0x40, 0x00, 0x00, 0x0a, 0xf7,
    0xbf, 0x70, 0x00, 0x00, 0x0e, 0xf5, 0x6f, 0xd0,
    0x00, 0x00, 0x5f, 0xf0, 0x0d, 0xfb, 0x10, 0x04,
    0xff, 0x70, 0x02, 0xef, 0xfd, 0xef, 0xfa, 0x00,
    0x00, 0x18, 0xdf, 0xfc, 0x50, 0x00,

    /* U+0050 "P" */
    0x4f, 0xff, 0xff, 0xd9, 0x10, 0x4f, 0xfa, 0xab,
    0xef, 0xe2, 0x4f, 0xd0, 0x00, 0x0a, 0xf9, 0x4f,
    0xd0, 0x00, 0x04, 0xfc, 0x4f, 0xd0, 0x00, 0x05,
    0xfc, 0x4f, 0xd0, 0x00, 0x0c, 0xf8, 0x4f, 0xfa,
    0xab, 0xff, 0xd1, 0x4f, 0xff, 0xff, 0xd8, 0x00,
    0x4f, 0xd0, 0x00, 0x00, 0x00, 0x4f, 0xd0, 0x00,
    0x00, 0x00, 0x4f, 0xd0, 0x00, 0x00, 0x00, 0x4f,
    0xd0, 0x00, 0x00, 0x00, 0x4f, 0xd0, 0x00, 0x00,
    0x00,

    /* U+0051 "Q" */
    0x00, 0x18, 0xdf, 0xfc, 0x50, 0x00, 0x03, 0xef,
    0xfd, 0xef, 0xfa, 0x00, 0x0e, 0xfa, 0x10, 0x04,
    0xef, 0x80, 0x7f, 0xd0, 0x00, 0x00, 0x4f, 0xf1,
    0xcf, 0x60, 0x00, 0x00, 0x0d, 0xf5, 0xef, 0x30,
    0x00, 0x00, 0x0a, 0xf8, 0xff, 0x20, 0x00, 0x00,
    0x09, 0xf8, 0xef, 0x30, 0x00, 0x00, 0x0a, 0xf7,
    0xbf, 0x70, 0x00, 0x00, 0x0d, 0xf5, 0x6f, 0xd0,
    0x00, 0x00, 0x4f, 0xf0, 0x0d, 0xfa, 0x00, 0x03,
    0xef, 0x70, 0x02, 0xef, 0xfb, 0xcf, 0xfa, 0x00,
    0x00, 0x18, 0xef, 0xfc, 0x50, 0x00, 0x00, 0x00,
    0x0d, 0xfa, 0x00, 0x00, 0x00, 0x00, 0x02, 0xef,
    0xfc, 0xb9, 0x00, 0x00, 0x00, 0x18, 0xdf, 0xfb,

    /* U+0052 "R" */
    0x4f, 0xff, 0xff, 0xea, 0x20, 0x04, 0xff, 0xaa,
    0xbe, 0xff, 0x30, 0x4f, 0xd0, 0x00, 0x09, 0xfb,
    0x04, 0xfd, 0x00, 0x00, 0x3f, 0xd0, 0x4f, 0xd0,
    0x00, 0x05, 0xfc, 0x04, 0xfd, 0x00, 0x04, 0xef,
    0x70, 0x4f, 0xff, 0xff, 0xff, 0xa0, 0x04, 0xff,
    0xaa, 0xff, 0x60, 0x00, 0x4f, 0xd0, 0x08, 0xfb,
    0x00, 0x04, 0xfd, 0x00, 0x0e, 0xf5, 0x00, 0x4f,
    0xd0, 0x00, 0x6f, 0xd0, 0x04, 0xfd, 0x00, 0x00,
    0xdf, 0x70, 0x4f, 0xd0, 0x00, 0x04, 0xff, 0x10,

    /* U+0053 "S" */
    0x00, 0x08, 0xdf, 0xfb, 0x40, 0x00, 0x0d, 0xff,
    0xdd, 0xff, 0x70, 0x06, 0xfd, 0x10, 0x02, 0xa1,
    0x00, 0x9f, 0x90, 0x00, 0x00, 0x00, 0x06, 0xfe,
    0x40, 0x00, 0x00, 0x00, 0x0b, 0xff, 0xc6, 0x00,
    0x00, 0x00, 0x06, 0xdf, 0xff, 0x70, 0x00, 0x00,
    0x00, 0x4b, 0xff, 0x90, 0x00, 0x00, 0x00, 0x04,
    0xff, 0x10, 0x00, 0x00, 0x00, 0x0f, 0xf2, 0x0a,
    0xd4, 0x00, 0x07, 0xfe, 0x00, 0xaf, 0xff, 0xde,
    0xff, 0x50, 0x00, 0x4a, 0xef, 0xeb, 0x30, 0x00,

    /* U+0054 "T" */
    0x7f, 0xff, 0xff, 0xff, 0xff, 0x75, 0xbb, 0xbe,
    0xfe, 0xbb, 0xb5, 0x00, 0x00, 0x9f, 0x80, 0x00,
    0x00, 0x00, 0x09, 0xf8, 0x00, 0x00, 0x00, 0x00,
    0x9f, 0x80, 0x00, 0x00, 0x00, 0x09, 0xf8, 0x00,
    0x00, 0x00, 0x00, 0x9f, 0x80, 0x00, 0x00, 0x00,
    0x09, 0xf8, 0x00, 0x00, 0x00, 0x00, 0x9f, 0x80,
    0x00, 0x00, 0x00, 0x09, 0xf8, 0x00, 0x00, 0x00,
    0x00, 0x9f, 0x80, 0x00, 0x00, 0x00, 0x09, 0xf8,
    0x00, 0x00, 0x00, 0x00, 0x9f, 0x80, 0x00, 0x00,

    /* U+0055 "U" */
    0x5f, 0xc0, 0x00, 0x00, 0x8f, 0x85, 0xfc, 0x00,
    0x00, 0x08, 0xf8, 0x5f, 0xc0, 0x00, 0x00, 0x8f,
    0x85, 0xfc, 0x00, 0x00, 0x08, 0xf8, 0x5f, 0xc0,
    0x00, 0x00, 0x8f, 0x85, 0xfc, 0x00, 0x00, 0x08,
    0xf8, 0x5f, 0xc0, 0x00, 0x00, 0x8f, 0x85, 0xfc,
    0x00, 0x00, 0x08, 0xf8, 0x4f, 0xd0, 0x00, 0x00,
    0x9f, 0x71, 0xff, 0x10, 0x00, 0x0d, 0xf4, 0x0b,
    0xfb, 0x00, 0x08, 0xfe, 0x00, 0x2f, 0xff, 0xde,
    0xff, 0x50, 0x00, 0x2a, 0xef, 0xeb, 0x30, 0x00,

    /* U+0056 "V" */
    0x0d, 0xf5, 0x00, 0x00, 0x08, 0xf9, 0x08, 0xf9,
    0x00, 0x00, 0x0d, 0xf4, 0x03, 0xfe, 0x00, 0x00,
    0x1f, 0xe0, 0x00, 0xef, 0x30, 0x00, 0x6f, 0xa0,
    0x00, 0x9f, 0x70, 0x00, 0xbf, 0x40, 0x00, 0x4f,
    0xc0, 0x00, 0xff, 0x00, 0x00, 0x0e, 0xf1, 0x04,
    0xfa, 0x00, 0x00, 0x0a, 0xf5, 0x09, 0xf5, 0x00,
    0x00, 0x05, 0xfa, 0x0d, 0xf0, 0x00, 0x00, 0x00,
    0xfe, 0x2f, 0xb0, 0x00, 0x00, 0x00, 0xaf, 0x9f,
    0x60, 0x00, 0x00, 0x00, 0x5f, 0xff, 0x10, 0x00,
    0x00, 0x00, 0x0f, 0xfc, 0x00, 0x00,

    /* U+0057 "W" */
    0x7f, 0xa0, 0x00, 0x0e, 0xf2, 0x00, 0x07, 0xf8,
    0x4f, 0xd0, 0x00, 0x3f, 0xf6, 0x00, 0x09, 0xf5,
    0x1f, 0xf0, 0x00, 0x7f, 0xfa, 0x00, 0x0c, 0xf2,
    0x0d, 0xf3, 0x00, 0xbd, 0xce, 0x00, 0x0f, 0xf0,
    0x0a, 0xf6, 0x00, 0xfa, 0x9f, 0x20, 0x2f, 0xc0,
    0x07, 0xf9, 0x03, 0xf7, 0x5f, 0x60, 0x5f, 0x80,
    0x04, 0xfc, 0x07, 0xf3, 0x2f, 0xb0, 0x8f, 0x50,
    0x00, 0xfe, 0x0a, 0xf0, 0x0e, 0xe0, 0xbf, 0x20,
    0x00, 0xdf, 0x1e, 0xb0, 0x0a, 0xf2, 0xdf, 0x00,
    0x00, 0xaf, 0x6f, 0x70, 0x06, 0xf6, 0xfc, 0x00,
    0x00, 0x6f, 0xcf, 0x30, 0x02, 0xfc, 0xf8, 0x00,
    0x00, 0x3f, 0xff, 0x00, 0x00, 0xef, 0xf5, 0x00,
    0x00, 0x0f, 0xfc, 0x00, 0x00, 0xaf, 0xf2, 0x00,

    /* U+0058 "X" */
    0x3f, 0xf2, 0x00, 0x03, 0xfe, 0x00, 0xaf, 0xa0,
    0x00, 0xcf, 0x50, 0x01, 0xff, 0x20, 0x4f, 0xd0,
    0x00, 0x07, 0xfb, 0x0c, 0xf4, 0x00, 0x00, 0x0e,
    0xf6, 0xfb, 0x00, 0x00, 0x00, 0x5f, 0xff, 0x20,
    0x00, 0x00, 0x01, 0xff, 0xc0, 0x00, 0x00, 0x00,
    0x9f, 0xef, 0x40, 0x00, 0x00, 0x2f, 0xd4, 0xfd,
    0x00, 0x00, 0x0b, 0xf5, 0x0b, 0xf7, 0x00, 0x04,
    0xfc, 0x00, 0x3f, 0xe1, 0x00, 0xdf, 0x40, 0x00,
    0xaf, 0x90, 0x6f, 0xc0, 0x00, 0x02, 0xff, 0x20,

    /* U+0059 "Y" */
    0x0c, 0xf6, 0x00, 0x00, 0x6f, 0xc0, 0x05, 0xfd,
    0x00, 0x00, 0xdf, 0x40, 0x00, 0xdf, 0x40, 0x04,
    0xfc, 0x00, 0x00, 0x5f, 0xb0, 0x0b, 0xf4, 0x00,
    0x00, 0x0d, 0xf2, 0x2f, 0xc0, 0x00, 0x00, 0x05,
    0xf9, 0x9f, 0x40, 0x00, 0x00, 0x00, 0xdf, 0xfc,
    0x00, 0x00, 0x00, 0x00, 0x5f, 0xf5, 0x00, 0x00,
    0x00, 0x00, 0x1f, 0xf0, 0x00, 0x00, 0x00, 0x00,
    0x1f, 0xf0, 0x00, 0x00, 0x00, 0x00, 0x1f, 0xf0,
    0x00, 0x00, 0x00, 0x00, 0x1f, 0xf0, 0x00, 0x00,
    0x00, 0x00, 0x1f, 0xf0, 0x00, 0x00,

    /* U+005A "Z" */
    0x08, 0xff, 0xff, 0xff, 0xff, 0x10, 0x6b, 0xbb,
    0xbb, 0xef, 0xd0, 0x00, 0x00, 0x00, 0x1f, 0xf3,
    0x00, 0x00, 0x00, 0x0b, 0xf9, 0x00, 0x00, 0x00,
    0x05, 0xfd, 0x00, 0x00, 0x00, 0x01, 0xef, 0x30,
    0x00, 0x00, 0x00, 0xaf, 0x90, 0x00, 0x00, 0x00,
    0x5f, 0xd0, 0x00, 0x00, 0x00, 0x1e, 0xf4, 0x00,
    0x00, 0x00, 0x0a, 0xf9, 0x00, 0x00, 0x00, 0x05,
    0xfe, 0x00, 0x00, 0x00, 0x00, 0xef, 0xec, 0xcc,
    0xcc, 0xc1, 0x2f, 0xff, 0xff, 0xff, 0xff, 0x20,

    /* U+005B "[" */
    0x2f, 0xff, 0xb2, 0xf8, 0x21, 0x2f, 0x60, 0x02,
    0xf6, 0x00, 0x2f, 0x60, 0x02, 0xf6, 0x00, 0x2f,
    0x60, 0x02, 0xf6, 0x00, 0x2f, 0x60, 0x02, 0xf6,
    0x00, 0x2f, 0x60, 0x02, 0xf6, 0x00, 0x2f, 0x60,
    0x02, 0xf6, 0x00, 0x2f, 0x60, 0x02, 0xf6, 0x00,
    0x2f, 0xff, 0xa0, 0x22, 0x21,

    /* U+005C "\\" */
    0x7e, 0x00, 0x00, 0x03, 0xf3, 0x00, 0x00, 0x0e,
    0x80, 0x00, 0x00, 0xac, 0x00, 0x00, 0x05, 0xf1,
    0x00, 0x00, 0x1f, 0x50, 0x00, 0x00, 0xca, 0x00,
    0x00, 0x07, 0xe0, 0x00, 0x00, 0x3f, 0x30, 0x00,
    0x00, 0xe8, 0x00, 0x00, 0x0a, 0xc0, 0x00, 0x00,
    0x5f, 0x10, 0x00, 0x01, 0xf5, 0x00, 0x00, 0x0c,
    0xa0, 0x00, 0x00, 0x7e, 0x00, 0x00, 0x03, 0xf3,
    0x00, 0x00, 0x0e, 0x70, 0x00, 0x00, 0x55,

    /* U+005D "]" */
    0x4f, 0xff, 0x80, 0x22, 0xf8, 0x00, 0x0f, 0x80,
    0x00, 0xf8, 0x00, 0x0f, 0x80, 0x00, 0xf8, 0x00,
    0x0f, 0x80, 0x00, 0xf8, 0x00, 0x0f, 0x80, 0x00,
    0xf8, 0x00, 0x0f, 0x80, 0x00, 0xf8, 0x00, 0x0f,
    0x80, 0x00, 0xf8, 0x00, 0x0f, 0x80, 0x00, 0xf8,
    0x4f, 0xff, 0x80, 0x22, 0x21,

    /* U+005E "^" */
    0x00, 0x0e, 0xf3, 0x00, 0x00, 0x05, 0xff, 0x90,
    0x00, 0x00, 0xbe, 0xaf, 0x00, 0x00, 0x1f, 0x84,
    0xf5, 0x00, 0x07, 0xf3, 0x0e, 0xc0, 0x00, 0xdd,
    0x00, 0x9f, 0x20, 0x4f, 0x70, 0x03, 0xf8, 0x0a,
    0xf1, 0x00, 0x0d, 0xe0,

    /* U+005F "_" */
    0x00, 0x00, 0x00, 0x00, 0x00, 0xcf, 0xff, 0xff,
    0xff, 0xfe, 0x23, 0x33, 0x33, 0x33, 0x33,

    /* U+0060 "`" */
    0x08, 0x20, 0x06, 0xfd, 0x10, 0x09, 0xfc, 0x00,
    0x08, 0xf7, 0x00, 0x05, 0x00,

    /* U+0061 "a" */
    0x00, 0x4b, 0xef, 0xd6, 0x00, 0x6f, 0xfb, 0xbf,
    0xf5, 0x00, 0x60, 0x00, 0x6f, 0xc0, 0x00, 0x00,
    0x15, 0xff, 0x00, 0x3a, 0xef, 0xff, 0xf0, 0x5f,
    0xe7, 0x31, 0xff, 0x0e, 0xf2, 0x00, 0x1f, 0xf0,
    0xff, 0x10, 0x06, 0xff, 0x0b, 0xfe, 0xad, 0xff,
    0xf0, 0x1a, 0xff, 0xa2, 0xcf,

    /* U+0062 "b" */
    0x7f, 0xa0, 0x00, 0x00, 0x00, 0x7f, 0xa0, 0x00,
    0x00, 0x00, 0x7f, 0xa0, 0x00, 0x00, 0x00, 0x7f,
    0xa0, 0x00, 0x00, 0x00, 0x7f, 0x95, 0xdf, 0xe7,
    0x00, 0x7f, 0xff, 0xcc, 0xff, 0x80, 0x7f, 0xe3,
    0x00, 0x5f, 0xf1, 0x7f, 0xa0, 0x00, 0x0d, 0xf5,
    0x7f, 0xa0, 0x00, 0x0b, 0xf6, 0x7f, 0xa0, 0x00,
    0x0b, 0xf6, 0x7f, 0xa0, 0x00, 0x0e, 0xf3, 0x7f,
    0xc1, 0x00, 0x8f, 0xd0, 0x7f, 0xff, 0xcd, 0xff,
    0x40, 0x7f, 0x58, 0xef, 0xb3, 0x00,

    /* U+0063 "c" */
    0x00, 0x07, 0xdf, 0xe9, 0x10, 0x0c, 0xff, 0xbc,
    0xf5, 0x08, 0xfd, 0x10, 0x03, 0x00, 0xef, 0x40,
    0x00, 0x00, 0x1f, 0xf0, 0x00, 0x00, 0x01, 0xff,
    0x00, 0x00, 0x00, 0x0f, 0xf4, 0x00, 0x00, 0x00,
    0x9f, 0xd1, 0x00, 0x41, 0x01, 0xdf, 0xfb, 0xdf,
    0x90, 0x01, 0x8e, 0xfe, 0x91,

    /* U+0064 "d" */
    0x00, 0x00, 0x00, 0x04, 0xfc, 0x00, 0x00, 0x00,
    0x04, 0xfc, 0x00, 0x00, 0x00, 0x04, 0xfc, 0x00,
    0x00, 0x00, 0x04, 0xfc, 0x00, 0x19, 0xef, 0xb6,
    0xfc, 0x00, 0xdf, 0xeb, 0xdf, 0xfc, 0x08, 0xfd,
    0x10, 0x07, 0xfc, 0x0e, 0xf4, 0x00, 0x04, 0xfc,
    0x1f, 0xf1, 0x00, 0x04, 0xfc, 0x1f, 0xf1, 0x00,
    0x04, 0xfc, 0x0f, 0xf4, 0x00, 0x04, 0xfc, 0x0a,
    0xfc, 0x00, 0x0a, 0xfc, 0x02, 0xff, 0xeb, 0xee,
    0xfc, 0x00, 0x3b, 0xff, 0xa1, 0xfc,

    /* U+0065 "e" */
    0x00, 0x08, 0xef, 0xe7, 0x00, 0x00, 0xcf, 0xca,
    0xdf, 0x90, 0x08, 0xf8, 0x00, 0x0c, 0xf2, 0x0e,
    0xf2, 0x11, 0x17, 0xf5, 0x1f, 0xff, 0xff, 0xff,
    0xf6, 0x1f, 0xf4, 0x44, 0x44, 0x41, 0x0f, 0xf3,
    0x00, 0x00, 0x00, 0x09, 0xfc, 0x10, 0x00, 0x10,
    0x00, 0xdf, 0xea, 0xae, 0xc0, 0x00, 0x08, 0xdf,
    0xeb, 0x40,

    /* U+0066 "f" */
    0x00, 0x1a, 0xff, 0x90, 0x0b, 0xfd, 0xa6, 0x00,
    0xff, 0x10, 0x00, 0x1f, 0xf0, 0x00, 0x6f, 0xff,
    0xff, 0x04, 0xbf, 0xfa, 0xa0, 0x01, 0xff, 0x00,
    0x00, 0x1f, 0xf0, 0x00, 0x01, 0xff, 0x00, 0x00,
    0x1f, 0xf0, 0x00, 0x01, 0xff, 0x00, 0x00, 0x1f,
    0xf0, 0x00, 0x01, 0xff, 0x00, 0x00, 0x1f, 0xf0,
    0x00,

    /* U+0067 "g" */
    0x00, 0x4c, 0xff, 0xff, 0xff, 0x00, 0x4f, 0xf8,
    0x8e, 0xfd, 0xc0, 0x0b, 0xf5, 0x00, 0x4f, 0x80,
    0x00, 0xcf, 0x30, 0x02, 0xfb, 0x00, 0x06, 0xfb,
    0x22, 0xbf, 0x70, 0x00, 0x0c, 0xff, 0xff, 0x80,
    0x00, 0x05, 0xf4, 0x33, 0x00, 0x00, 0x00, 0x9f,
    0x20, 0x00, 0x00, 0x00, 0x06, 0xfe, 0xaa, 0xa9,
    0x60, 0x00, 0x1e, 0xef, 0xff, 0xff, 0xc0, 0x0d,
    0xd0, 0x00, 0x03, 0xff, 0x12, 0xfb, 0x00, 0x00,
    0x1f, 0xf0, 0x0d, 0xfa, 0x65, 0x8e, 0xf5, 0x00,
    0x19, 0xdf, 0xfd, 0x92, 0x00,

    /* U+0068 "h" */
    0x7f, 0xa0, 0x00, 0x00, 0x07, 0xfa, 0x00, 0x00,
    0x00, 0x7f, 0xa0, 0x00, 0x00, 0x07, 0xfa, 0x00,
    0x00, 0x00, 0x7f, 0x93, 0xcf, 0xe7, 0x07, 0xfd,
    0xfd, 0xdf, 0xf5, 0x7f, 0xf5, 0x00, 0x9f, 0xa7,
    0xfa, 0x00, 0x05, 0xfc, 0x7f, 0xa0, 0x00, 0x4f,
    0xc7, 0xfa, 0x00, 0x04, 0xfc, 0x7f, 0xa0, 0x00,
    0x4f, 0xc7, 0xfa, 0x00, 0x04, 0xfc, 0x7f, 0xa0,
    0x00, 0x4f, 0xc7, 0xfa, 0x00, 0x04, 0xfc,

    /* U+0069 "i" */
    0x6f, 0x9a, 0xfd, 0x16, 0x20, 0x00, 0x7f, 0xa7,
    0xfa, 0x7f, 0xa7, 0xfa, 0x7f, 0xa7, 0xfa, 0x7f,
    0xa7, 0xfa, 0x7f, 0xa7, 0xfa,

    /* U+006A "j" */
    0x00, 0x6f, 0x90, 0x09, 0xfd, 0x00, 0x16, 0x20,
    0x00, 0x00, 0x00, 0x7f, 0xa0, 0x07, 0xfa, 0x00,
    0x7f, 0xa0, 0x07, 0xfa, 0x00, 0x7f, 0xa0, 0x07,
    0xfa, 0x00, 0x7f, 0xa0, 0x07, 0xfa, 0x00, 0x7f,
    0xa0, 0x07, 0xfa, 0x00, 0x7f, 0xa0, 0x08, 0xf9,
    0x6a, 0xff, 0x4a, 0xfe, 0x70,

    /* U+006B "k" */
    0x7f, 0x90, 0x00, 0x00, 0x00, 0x7f, 0x90, 0x00,
    0x00, 0x00, 0x7f, 0x90, 0x00, 0x00, 0x00, 0x7f,
    0x90, 0x00, 0x00, 0x00, 0x7f, 0x90, 0x00, 0xdf,
    0x60, 0x7f, 0x90, 0x0a, 0xf9, 0x00, 0x7f, 0x90,
    0x7f, 0xb0, 0x00, 0x7f, 0x94, 0xfd, 0x10, 0x00,
    0x7f, 0xbe, 0xfb, 0x00, 0x00, 0x7f, 0xff, 0xdf,
    0x50, 0x00, 0x7f, 0xf6, 0x2f, 0xe1, 0x00, 0x7f,
    0xa0, 0x08, 0xf9, 0x00, 0x7f, 0x90, 0x00, 0xef,
    0x40, 0x7f, 0x90, 0x00, 0x5f, 0xd0,

    /* U+006C "l" */
    0x7f, 0xa0, 0x7f, 0xa0, 0x7f, 0xa0, 0x7f, 0xa0,
    0x7f, 0xa0, 0x7f, 0xa0, 0x7f, 0xa0, 0x7f, 0xa0,
    0x7f, 0xa0, 0x7f, 0xa0, 0x7f, 0xa0, 0x6f, 0xa0,
    0x4f, 0xf6, 0x0b, 0xf9,

    /* U+006D "m" */
    0x7f, 0x55, 0xdf, 0xe6, 0x05, 0xdf, 0xd4, 0x07,
    0xfe, 0xf9, 0xbf, 0xfb, 0xf9, 0xbf, 0xf1, 0x7f,
    0xe2, 0x00, 0xbf, 0xd1, 0x00, 0xcf, 0x67, 0xfa,
    0x00, 0x08, 0xf9, 0x00, 0x09, 0xf8, 0x7f, 0xa0,
    0x00, 0x8f, 0x90, 0x00, 0x8f, 0x87, 0xfa, 0x00,
    0x08, 0xf9, 0x00, 0x08, 0xf8, 0x7f, 0xa0, 0x00,
    0x8f, 0x90, 0x00, 0x8f, 0x87, 0xfa, 0x00, 0x08,
    0xf9, 0x00, 0x08, 0xf8, 0x7f, 0xa0, 0x00, 0x8f,
    0x90, 0x00, 0x8f, 0x87, 0xfa, 0x00, 0x08, 0xf9,
    0x00, 0x08, 0xf8,

    /* U+006E "n" */
    0x7f, 0x55, 0xcf, 0xe7, 0x07, 0xfe, 0xfa, 0x9f,
    0xf5, 0x7f, 0xe2, 0x00, 0x8f, 0xa7, 0xfa, 0x00,
    0x04, 0xfc, 0x7f, 0xa0, 0x00, 0x4f, 0xc7, 0xfa,
    0x00, 0x04, 0xfc, 0x7f, 0xa0, 0x00, 0x4f, 0xc7,
    0xfa, 0x00, 0x04, 0xfc, 0x7f, 0xa0, 0x00, 0x4f,
    0xc7, 0xfa, 0x00, 0x04, 0xfc,

    /* U+006F "o" */
    0x00, 0x08, 0xef, 0xe8, 0x10, 0x00, 0x0d, 0xfe,
    0xbe, 0xfd, 0x10, 0x09, 0xfc, 0x00, 0x0b, 0xfa,
    0x00, 0xff, 0x30, 0x00, 0x2f, 0xf0, 0x1f, 0xf0,
    0x00, 0x00, 0xff, 0x21, 0xff, 0x00, 0x00, 0x0f,
    0xf2, 0x0f, 0xf3, 0x00, 0x02, 0xff, 0x00, 0x9f,
    0xc0, 0x00, 0xbf, 0x90, 0x00, 0xdf, 0xeb, 0xef,
    0xd1, 0x00, 0x00, 0x8e, 0xfe, 0x81, 0x00,

    /* U+0070 "p" */
    0x7f, 0x67, 0xdf, 0xe7, 0x00, 0x7f, 0xfe, 0x88,
    0xef, 0x80, 0x7f, 0xd1, 0x00, 0x3f, 0xf1, 0x7f,
    0xa0, 0x00, 0x0d, 0xf5, 0x7f, 0xa0, 0x00, 0x0b,
    0xf6, 0x7f, 0xa0, 0x00, 0x0c, 0xf6, 0x7f, 0xa0,
    0x00, 0x0f, 0xf3, 0x7f, 0xc1, 0x00, 0x9f, 0xd0,
    0x7f, 0xff, 0xcd, 0xff, 0x40, 0x7f, 0xa8, 0xef,
    0xb3, 0x00, 0x7f, 0xa0, 0x00, 0x00, 0x00, 0x7f,
    0xa0, 0x00, 0x00, 0x00, 0x7f, 0xa0, 0x00, 0x00,
    0x00, 0x7f, 0xa0, 0x00, 0x00, 0x00,

    /* U+0071 "q" */
    0x00, 0x19, 0xef, 0xb3, 0xec, 0x00, 0xdf, 0xeb,
    0xdf, 0xfc, 0x08, 0xfd, 0x10, 0x07, 0xfc, 0x0e,
    0xf4, 0x00, 0x04, 0xfc, 0x1f, 0xf1, 0x00, 0x04,
    0xfc, 0x1f, 0xf1, 0x00, 0x04, 0xfc, 0x0f, 0xf4,
    0x00, 0x04, 0xfc, 0x0a, 0xfc, 0x00, 0x0a, 0xfc,
    0x02, 0xff, 0xeb, 0xef, 0xfc, 0x00, 0x3b, 0xff,
    0x95, 0xfc, 0x00, 0x00, 0x00, 0x04, 0xfc, 0x00,
    0x00, 0x00, 0x04, 0xfc, 0x00, 0x00, 0x00, 0x04,
    0xfc, 0x00, 0x00, 0x00, 0x04, 0xfc,

    /* U+0072 "r" */
    0x00, 0x00, 0x00, 0x07, 0xf5, 0x5d, 0xf4, 0x7f,
    0xbf, 0xba, 0x17, 0xff, 0x60, 0x00, 0x7f, 0xc0,
    0x00, 0x07, 0xfa, 0x00, 0x00, 0x7f, 0xa0, 0x00,
    0x07, 0xfa, 0x00, 0x00, 0x7f, 0xa0, 0x00, 0x07,
    0xfa, 0x00, 0x00, 0x7f, 0xa0, 0x00, 0x00,

    /* U+0073 "s" */
    0x00, 0x8e, 0xfe, 0x91, 0x00, 0x9f, 0xd9, 0xbf,
    0x80, 0x0e, 0xf1, 0x00, 0x20, 0x00, 0xcf, 0x80,
    0x00, 0x00, 0x02, 0xdf, 0xf9, 0x20, 0x00, 0x00,
    0x6c, 0xff, 0x60, 0x00, 0x00, 0x04, 0xfe, 0x00,
    0x61, 0x00, 0x1f, 0xf0, 0x3f, 0xfa, 0x9d, 0xf9,
    0x00, 0x4b, 0xef, 0xd7, 0x00,

    /* U+0074 "t" */
    0x00, 0x67, 0x00, 0x00, 0x0d, 0xf0, 0x00, 0x00,
    0xff, 0x00, 0x07, 0xff, 0xff, 0xf8, 0x5b, 0xff,
    0xaa, 0x50, 0x1f, 0xf0, 0x00, 0x01, 0xff, 0x00,
    0x00, 0x1f, 0xf0, 0x00, 0x01, 0xff, 0x00, 0x00,
    0x1f, 0xf0, 0x00, 0x00, 0xff, 0x10, 0x00, 0x0b,
    0xfe, 0xa7, 0x00, 0x1b, 0xff, 0x90,

    /* U+0075 "u" */
    0x9f, 0x80, 0x00, 0x7f, 0xa9, 0xf8, 0x00, 0x07,
    0xfa, 0x9f, 0x80, 0x00, 0x7f, 0xa9, 0xf8, 0x00,
    0x07, 0xfa, 0x9f, 0x80, 0x00, 0x7f, 0xa9, 0xf8,
    0x00, 0x07, 0xfa, 0x8f, 0x80, 0x00, 0x7f, 0xa7,
    0xfd, 0x00, 0x3e, 0xfa, 0x2f, 0xfe, 0xdf, 0xaf,
    0xa0, 0x5d, 0xfd, 0x52, 0xfa,

    /* U+0076 "v" */
    0x9f, 0x80, 0x00, 0x09, 0xf6, 0x3f, 0xd0, 0x00,
    0x0e, 0xf1, 0x0e, 0xf2, 0x00, 0x3f, 0xb0, 0x08,
    0xf7, 0x00, 0x8f, 0x50, 0x03, 0xfc, 0x00, 0xef,
    0x00, 0x00, 0xdf, 0x13, 0xfb, 0x00, 0x00, 0x7f,
    0x67, 0xf5, 0x00, 0x00, 0x2f, 0xac, 0xf0, 0x00,
    0x00, 0x0c, 0xff, 0xa0, 0x00, 0x00, 0x07, 0xff,
    0x50, 0x00,

    /* U+0077 "w" */
    0x6f, 0xb0, 0x00, 0x9f, 0x90, 0x00, 0xaf, 0x51,
    0xfe, 0x00, 0x0d, 0xfd, 0x00, 0x0e, 0xf0, 0x0d,
    0xf3, 0x01, 0xfc, 0xf1, 0x01, 0xfc, 0x00, 0x9f,
    0x60, 0x5f, 0x5f, 0x60, 0x5f, 0x80, 0x05, 0xfa,
    0x0a, 0xe0, 0xfa, 0x09, 0xf4, 0x00, 0x0f, 0xe0,
    0xea, 0x0c, 0xe0, 0xdf, 0x00, 0x00, 0xcf, 0x3f,
    0x60, 0x8f, 0x2f, 0xc0, 0x00, 0x08, 0xf9, 0xf3,
    0x04, 0xf9, 0xf8, 0x00, 0x00, 0x3f, 0xfe, 0x00,
    0x0f, 0xff, 0x40, 0x00, 0x00, 0xff, 0xb0, 0x00,
    0xcf, 0xf0, 0x00,

    /* U+0078 "x" */
    0x3f, 0xf1, 0x00, 0x7f, 0xa0, 0x09, 0xf9, 0x00,
    0xef, 0x10, 0x00, 0xef, 0x37, 0xf7, 0x00, 0x00,
    0x5f, 0xce, 0xd0, 0x00, 0x00, 0x0b, 0xff, 0x40,
    0x00, 0x00, 0x0e, 0xff, 0x50, 0x00, 0x00, 0x9f,
    0x7f, 0xe0, 0x00, 0x03, 0xfc, 0x09, 0xf9, 0x00,
    0x0c, 0xf4, 0x01, 0xef, 0x30, 0x6f, 0xb0, 0x00,
    0x5f, 0xd0,

    /* U+0079 "y" */
    0x8f, 0x80, 0x00, 0x09, 0xf6, 0x2f, 0xe0, 0x00,
    0x0e, 0xf1, 0x0c, 0xf3, 0x00, 0x3f, 0xb0, 0x05,
    0xf9, 0x00, 0x8f, 0x50, 0x00, 0xee, 0x00, 0xdf,
    0x00, 0x00, 0x8f, 0x42, 0xfa, 0x00, 0x00, 0x2f,
    0xa7, 0xf4, 0x00, 0x00, 0x0c, 0xfc, 0xe0, 0x00,
    0x00, 0x05, 0xff, 0x90, 0x00, 0x00, 0x00, 0xff,
    0x40, 0x00, 0x00, 0x01, 0xfe, 0x00, 0x00, 0x00,
    0x09, 0xf7, 0x00, 0x00, 0x0a, 0xcf, 0xd0, 0x00,
    0x00, 0x1f, 0xfb, 0x10, 0x00, 0x00,

    /* U+007A "z" */
    0x0c, 0xff, 0xff, 0xff, 0x20, 0x8a, 0xaa, 0xdf,
    0xd0, 0x00, 0x00, 0x1e, 0xf3, 0x00, 0x00, 0x0b,
    0xf8, 0x00, 0x00, 0x05, 0xfd, 0x00, 0x00, 0x01,
    0xff, 0x30, 0x00, 0x00, 0xbf, 0x80, 0x00, 0x00,
    0x6f, 0xd0, 0x00, 0x00, 0x1f, 0xfc, 0xaa, 0xaa,
    0x35, 0xff, 0xff, 0xff, 0xf5,

    /* U+007B "{" */
    0x00, 0x2c, 0xfb, 0x00, 0xaf, 0x51, 0x00, 0xcf,
    0x00, 0x00, 0xce, 0x00, 0x00, 0xbf, 0x00, 0x00,
    0xaf, 0x00, 0x00, 0xaf, 0x00, 0x02, 0xed, 0x00,
    0x5f, 0xf3, 0x00, 0x15, 0xfc, 0x00, 0x00, 0xaf,
    0x00, 0x00, 0xaf, 0x00, 0x00, 0xbf, 0x00, 0x00,
    0xcf, 0x00, 0x00, 0xce, 0x00, 0x00, 0xaf, 0x20,
    0x00, 0x3f, 0xfa, 0x00, 0x00, 0x21,

    /* U+007C "|" */
    0x2f, 0x32, 0xf3, 0x2f, 0x32, 0xf3, 0x2f, 0x32,
    0xf3, 0x2f, 0x32, 0xf3, 0x2f, 0x32, 0xf3, 0x2f,
    0x32, 0xf3, 0x2f, 0x32, 0xf3, 0x2f, 0x32, 0xf3,
    0x2f, 0x32, 0xf3, 0x2f, 0x32, 0xf3,

    /* U+007D "}" */
    0x4f, 0xe6, 0x00, 0x02, 0xdf, 0x00, 0x00, 0x8f,
    0x20, 0x00, 0x8f, 0x20, 0x00, 0x9f, 0x10, 0x00,
    0x9f, 0x00, 0x00, 0x9f, 0x00, 0x00, 0x7f, 0x70,
    0x00, 0x0c, 0xfb, 0x00, 0x5f, 0xa2, 0x00, 0x9f,
    0x00, 0x00, 0x9f, 0x00, 0x00, 0x9f, 0x10, 0x00,
    0x8f, 0x20, 0x00, 0x8f, 0x20, 0x00, 0xbf, 0x10,
    0x4f, 0xf9, 0x00, 0x02, 0x10, 0x00,

    /* U+007E "~" */
    0x03, 0xdf, 0xb2, 0x00, 0x50, 0x1f, 0xc8, 0xef,
    0x9a, 0xf5, 0x04, 0x00, 0x19, 0xfe, 0x60,

    /* U+2665 "♥" */
    0x01, 0xaf, 0xfb, 0x20, 0x06, 0xdf, 0xd6, 0x00,
    0x0c, 0xff, 0xff, 0xf2, 0x7f, 0xff, 0xff, 0x70,
    0x6f, 0xff, 0xff, 0xf9, 0xff, 0xff, 0xff, 0xf1,
    0xbf, 0xff, 0xff, 0xff, 0xff, 0xff, 0xff, 0xf4,
    0xcf, 0xff, 0xff, 0xff, 0xff, 0xff, 0xff, 0xf6,
    0x9f, 0xff, 0xff, 0xff, 0xff, 0xff, 0xff, 0xf3,
    0x4f, 0xff, 0xff, 0xff, 0xff, 0xff, 0xff, 0xe0,
    0x0b, 0xff, 0xff, 0xff, 0xff, 0xff, 0xff, 0x50,
    0x01, 0xdf, 0xff, 0xff, 0xff, 0xff, 0xf9, 0x00,
    0x00, 0x2e, 0xff, 0xff, 0xff, 0xff, 0x90, 0x00,
    0x00, 0x01, 0xdf, 0xff, 0xff, 0xf9, 0x00, 0x00,
    0x00, 0x00, 0x1e, 0xff, 0xff, 0xa0, 0x00, 0x00,
    0x00, 0x00, 0x02, 0xff, 0xfb, 0x00, 0x00, 0x00,
    0x00, 0x00, 0x00, 0x4f, 0xd1, 0x00, 0x00, 0x00,
    0x00, 0x00, 0x00, 0x08, 0x30, 0x00, 0x00, 0x00,
    0x00, 0x00, 0x00, 0x00, 0x00, 0x00, 0x00, 0x00,

    /* U+3002 "。" */
    0x00, 0x13, 0x10, 0x00, 0x6f, 0xef, 0x60, 0x2f,
    0x30, 0x3f, 0x14, 0xd0, 0x00, 0xd4, 0x1f, 0x61,
    0x6e, 0x10, 0x3d, 0xfd, 0x30,

    /* U+4E00 "一" */
    0x1f, 0xff, 0xff, 0xff, 0xff, 0xff, 0xff, 0xff,
    0xf7, 0x1e, 0xee, 0xee, 0xee, 0xee, 0xee, 0xee,
    0xee, 0xe7,

    /* U+4E03 "七" */
    0x00, 0x00, 0x00, 0xfd, 0x00, 0x00, 0x00, 0x00,
    0x00, 0x00, 0x00, 0x00, 0xfd, 0x00, 0x00, 0x00,
    0x00, 0x00, 0x00, 0x00, 0x00, 0xfd, 0x00, 0x00,
    0x00, 0x00, 0x00, 0x00, 0x00, 0x00, 0xfd, 0x00,
    0x00, 0x00, 0x00, 0x00, 0x00, 0x00, 0x00, 0xfd,
    0x00, 0x00, 0x13, 0x68, 0xb0, 0x00, 0x00, 0x00,
    0xfe, 0x79, 0xce, 0xff, 0xff, 0xf3, 0x05, 0x8a,
    0xdf, 0xff, 0xff, 0xfe, 0xb9, 0x64, 0x10, 0x1f,
    0xff, 0xfd, 0xfe, 0x53, 0x00, 0x00, 0x00, 0x00,
    0x06, 0x42, 0x00, 0xfd, 0x00, 0x00, 0x00, 0x00,
    0x00, 0x00, 0x00, 0x00, 0xfd, 0x00, 0x00, 0x00,
    0x00, 0x00, 0x00, 0x00, 0x00, 0xfd, 0x00, 0x00,
    0x00, 0x01, 0x00, 0x00, 0x00, 0x00, 0xfd, 0x00,
    0x00, 0x00, 0x0f, 0x70, 0x00, 0x00, 0x00, 0xfd,
    0x00, 0x00, 0x00, 0x2f, 0xb0, 0x00, 0x00, 0x00,
    0xfe, 0x00, 0x00, 0x00, 0x5f, 0x80, 0x00, 0x00,
    0x00, 0xcf, 0xdc, 0xcc, 0xcc, 0xff, 0x30, 0x00,
    0x00, 0x00, 0x3b, 0xef, 0xff, 0xff, 0xd6, 0x00,

    /* U+4E09 "三" */
    0x09, 0xbb, 0xbb, 0xbb, 0xbb, 0xbb, 0xbb, 0x80,
    0x0e, 0xff, 0xff, 0xff, 0xff, 0xff, 0xff, 0xc0,
    0x00, 0x11, 0x11, 0x11, 0x11, 0x11, 0x11, 0x00,
    0x00, 0x00, 0x00, 0x00, 0x00, 0x00, 0x00, 0x00,
    0x00, 0x00, 0x00, 0x00, 0x00, 0x00, 0x00, 0x00,
    0x00, 0x00, 0x00, 0x00, 0x00, 0x00, 0x00, 0x00,
    0x00, 0x7a, 0xaa, 0xaa, 0xaa, 0xaa, 0xa3, 0x00,
    0x00, 0xbf, 0xff, 0xff, 0xff, 0xff, 0xf5, 0x00,
    0x00, 0x00, 0x00, 0x00, 0x00, 0x00, 0x00, 0x00,
    0x00, 0x00, 0x00, 0x00, 0x00, 0x00, 0x00, 0x00,
    0x00, 0x00, 0x00, 0x00, 0x00, 0x00, 0x00, 0x00,
    0x00, 0x00, 0x00, 0x00, 0x00, 0x00, 0x00, 0x00,
    0x9a, 0xaa, 0xaa, 0xaa, 0xaa, 0xaa, 0xaa, 0xa7,
    0xef, 0xff, 0xff, 0xff, 0xff, 0xff, 0xff, 0xfb,
    0x11, 0x11, 0x11, 0x11, 0x11, 0x11, 0x11, 0x11,

    /* U+4E0A "上" */
    0x00, 0x00, 0x00, 0x0b, 0xf1, 0x00, 0x00, 0x00,
    0x00, 0x00, 0x00, 0x00, 0xbf, 0x10, 0x00, 0x00,
    0x00, 0x00, 0x00, 0x00, 0x0b, 0xf1, 0x00, 0x00,
    0x00, 0x00, 0x00, 0x00, 0x00, 0xbf, 0x10, 0x00,
    0x00, 0x00, 0x00, 0x00, 0x00, 0x0b, 0xf1, 0x00,
    0x00, 0x00, 0x00, 0x00, 0x00, 0x00, 0xbf, 0xba,
    0xaa, 0xaa, 0x70, 0x00, 0x00, 0x00, 0x0b, 0xff,
    0xff, 0xff, 0xfb, 0x00, 0x00, 0x00, 0x00, 0xbf,
    0x20, 0x00, 0x00, 0x00, 0x00, 0x00, 0x00, 0x0b,
    0xf1, 0x00, 0x00, 0x00, 0x00, 0x00, 0x00, 0x00,
    0xbf, 0x10, 0x00, 0x00, 0x00, 0x00, 0x00, 0x00,
    0x0b, 0xf1, 0x00, 0x00, 0x00, 0x00, 0x00, 0x00,
    0x00, 0xbf, 0x10, 0x00, 0x00, 0x00, 0x00, 0x00,
    0x00, 0x0b, 0xf1, 0x00, 0x00, 0x00, 0x00, 0x00,
    0x00, 0x00, 0xbf, 0x10, 0x00, 0x00, 0x00, 0x5f,
    0xff, 0xff, 0xff, 0xff, 0xff, 0xff, 0xff, 0xf4,
    0xbb, 0xbb, 0xbb, 0xbb, 0xbb, 0xbb, 0xbb, 0xba,

    /* U+4E0D "不" */
    0x0e, 0xff, 0xff, 0xff, 0xff, 0xff, 0xff, 0xff,
    0xa0, 0x0b, 0xcc, 0xcc, 0xcc, 0xdf, 0xfc, 0xcc,
    0xcc, 0x80, 0x00, 0x00, 0x00, 0x00, 0xbf, 0x80,
    0x00, 0x00, 0x00, 0x00, 0x00, 0x00, 0x07, 0xfe,
    0x00, 0x00, 0x00, 0x00, 0x00, 0x00, 0x00, 0x5f,
    0xfc, 0x15, 0x00, 0x00, 0x00, 0x00, 0x00, 0x05,
    0xff, 0xfd, 0xcf, 0xa1, 0x00, 0x00, 0x00, 0x00,
    0x7f, 0xf5, 0xfc, 0x1a, 0xfe, 0x30, 0x00, 0x00,
    0x1a, 0xff, 0x41, 0xfc, 0x00, 0x7f, 0xf7, 0x00,
    0x06, 0xef, 0xd2, 0x01, 0xfc, 0x00, 0x04, 0xef,
    0x90, 0x1e, 0xf8, 0x00, 0x01, 0xfc, 0x00, 0x00,
    0x2e, 0xc0, 0x03, 0x20, 0x00, 0x01, 0xfc, 0x00,
    0x00, 0x01, 0x00, 0x00, 0x00, 0x00, 0x01, 0xfc,
    0x00, 0x00, 0x00, 0x00, 0x00, 0x00, 0x00, 0x01,
    0xfc, 0x00, 0x00, 0x00, 0x00, 0x00, 0x00, 0x00,
    0x01, 0xfc, 0x00, 0x00, 0x00, 0x00, 0x00, 0x00,
    0x00, 0x01, 0xfc, 0x00, 0x00, 0x00, 0x00,

    /* U+4E50 "乐" */
    0x00, 0x00, 0x00, 0x00, 0x00, 0x00, 0x00, 0x00,
    0x00, 0x00, 0x00, 0x00, 0x01, 0x24, 0x57, 0x9c,
    0xe2, 0x00, 0x00, 0x0f, 0xff, 0xff, 0xff, 0xff,
    0xfe, 0xb5, 0x00, 0x00, 0x0f, 0xe9, 0x87, 0x65,
    0x42, 0x00, 0x00, 0x00, 0x00, 0x2f, 0x90, 0x00,
    0x47, 0x00, 0x00, 0x00, 0x00, 0x00, 0x5f, 0x70,
    0x00, 0xaf, 0x10, 0x00, 0x00, 0x00, 0x00, 0x8f,
    0x40, 0x00, 0xaf, 0x10, 0x00, 0x00, 0x00, 0x00,
    0xcf, 0x10, 0x00, 0xaf, 0x20, 0x00, 0x00, 0x00,
    0x03, 0xff, 0xff, 0xff, 0xff, 0xff, 0xff, 0xff,
    0x80, 0x00, 0xca, 0xaa, 0xaa, 0xef, 0xba, 0xaa,
    0xaa, 0x50, 0x00, 0x00, 0x00, 0x00, 0xaf, 0x10,
    0x00, 0x00, 0x00, 0x00, 0x05, 0xf7, 0x00, 0xaf,
    0x10, 0x6f, 0x40, 0x00, 0x00, 0x2f, 0xe1, 0x00,
    0xaf, 0x10, 0x1d, 0xf3, 0x00, 0x02, 0xef, 0x30,
    0x00, 0xaf, 0x10, 0x02, 0xfe, 0x10, 0x2e, 0xf5,
    0x00, 0x00, 0xaf, 0x10, 0x00, 0x5f, 0xc0, 0x09,
    0x50, 0x02, 0xbb, 0xef, 0x00, 0x00, 0x08, 0x70,
    0x00, 0x00, 0x00, 0xef, 0xe8, 0x00, 0x00, 0x00,
    0x00,

    /* U+4E5D "九" */
    0x00, 0x00, 0x00, 0xef, 0x00, 0x00, 0x00, 0x00,
    0x00, 0x00, 0x00, 0x00, 0xee, 0x00, 0x00, 0x00,
    0x00, 0x00, 0x00, 0x00, 0x00, 0xee, 0x00, 0x00,
    0x00, 0x00, 0x00, 0x00, 0x00, 0x00, 0xee, 0x00,
    0x00, 0x00, 0x00, 0x00, 0x06, 0xaa, 0xaa, 0xff,
    0xaa, 0xab, 0xb5, 0x00, 0x00, 0x09, 0xff, 0xff,
    0xff, 0xff, 0xff, 0xf8, 0x00, 0x00, 0x00, 0x00,
    0x02, 0xfb, 0x00, 0x04, 0xf8, 0x00, 0x00, 0x00,
    0x00, 0x04, 0xf9, 0x00, 0x04, 0xf8, 0x00, 0x00,
    0x00, 0x00, 0x07, 0xf6, 0x00, 0x04, 0xf8, 0x00,
    0x00, 0x00, 0x00, 0x0b, 0xf2, 0x00, 0x04, 0xf8,
    0x00, 0x00, 0x00, 0x00, 0x1f, 0xd0, 0x00, 0x04,
    0xf8, 0x00, 0x00, 0x00, 0x00, 0xaf, 0x60, 0x00,
    0x04, 0xf8, 0x00, 0x00, 0x00, 0x05, 0xfd, 0x00,
    0x00, 0x04, 0xf8, 0x00, 0xe6, 0x00, 0x5f, 0xf3,
    0x00, 0x00, 0x04, 0xf8, 0x00, 0xf9, 0x1a, 0xff,
    0x40, 0x00, 0x00, 0x03, 0xfe, 0xac, 0xf6, 0x0c,
    0xd3, 0x00, 0x00, 0x00, 0x00, 0xbf, 0xff, 0xc0,
    0x01, 0x00, 0x00, 0x00, 0x00, 0x00, 0x00, 0x00,
    0x00,

    /* U+4E8C "二" */
    0x06, 0xdd, 0xdd, 0xdd, 0xdd, 0xdd, 0xdd, 0x60,
    0x00, 0x7f, 0xff, 0xff, 0xff, 0xff, 0xff, 0xf8,
    0x00, 0x00, 0x00, 0x00, 0x00, 0x00, 0x00, 0x00,
    0x00, 0x00, 0x00, 0x00, 0x00, 0x00, 0x00, 0x00,
    0x00, 0x00, 0x00, 0x00, 0x00, 0x00, 0x00, 0x00,
    0x00, 0x00, 0x00, 0x00, 0x00, 0x00, 0x00, 0x00,
    0x00, 0x00, 0x00, 0x00, 0x00, 0x00, 0x00, 0x00,
    0x00, 0x00, 0x00, 0x00, 0x00, 0x00, 0x00, 0x00,
    0x00, 0x00, 0x00, 0x00, 0x00, 0x00, 0x00, 0x00,
    0x00, 0x00, 0x00, 0x00, 0x00, 0x00, 0x00, 0x00,
    0x00, 0x00, 0x00, 0x00, 0x00, 0x00, 0x00, 0x00,
    0x00, 0x00, 0x00, 0x00, 0x00, 0x0f, 0xff, 0xff,
    0xff, 0xff, 0xff, 0xff, 0xff, 0xf0, 0xee, 0xee,
    0xee, 0xee, 0xee, 0xee, 0xee, 0xee, 0x00,

    /* U+4E8E "于" */
    0x00, 0x9c, 0xcc, 0xcc, 0xcc, 0xcc, 0xcc, 0xc9,
    0x00, 0x00, 0xbf, 0xff, 0xff, 0xff, 0xff, 0xff,
    0xfc, 0x00, 0x00, 0x00, 0x00, 0x00, 0xbf, 0x10,
    0x00, 0x00, 0x00, 0x00, 0x00, 0x00, 0x00, 0xbf,
    0x10, 0x00, 0x00, 0x00, 0x00, 0x00, 0x00, 0x00,
    0xbf, 0x10, 0x00, 0x00, 0x00, 0x00, 0x00, 0x00,
    0x00, 0xbf, 0x20, 0x00, 0x00, 0x00, 0x0f, 0xff,
    0xff, 0xff, 0xff, 0xff, 0xff, 0xff, 0xf1, 0x0a,
    0xaa, 0xaa, 0xaa, 0xef, 0xaa, 0xaa, 0xaa, 0xa0,
    0x00, 0x00, 0x00, 0x00, 0xbf, 0x10, 0x00, 0x00,
    0x00, 0x00, 0x00, 0x00, 0x00, 0xbf, 0x10, 0x00,
    0x00, 0x00, 0x00, 0x00, 0x00, 0x00, 0xbf, 0x10,
    0x00, 0x00, 0x00, 0x00, 0x00, 0x00, 0x00, 0xbf,
    0x10, 0x00, 0x00, 0x00, 0x00, 0x00, 0x00, 0x00,
    0xbf, 0x10, 0x00, 0x00, 0x00, 0x00, 0x00, 0x3b,
    0xbb, 0xff, 0x00, 0x00, 0x00, 0x00, 0x00, 0x00,
    0x0e, 0xff, 0xd6, 0x00, 0x00, 0x00, 0x00, 0x00,
    0x00, 0x00, 0x00, 0x00, 0x00, 0x00, 0x00, 0x00,

    /* U+4E91 "云" */
    0x00, 0x0c, 0xcc, 0xcc, 0xcc, 0xcc, 0xcc, 0xc2,
    0x00, 0x00, 0x0f, 0xff, 0xff, 0xff, 0xff, 0xff,
    0xf3, 0x00, 0x00, 0x00, 0x00, 0x00, 0x00, 0x00,
    0x00, 0x00, 0x00, 0x00, 0x00, 0x00, 0x00, 0x00,
    0x00, 0x00, 0x00, 0x00, 0x00, 0x00, 0x00, 0x00,
    0x00, 0x00, 0x00, 0x00, 0x00, 0x0c, 0xcc, 0xcc,
    0xcc, 0xcc, 0xcc, 0xcc, 0xcc, 0xc1, 0x0f, 0xff,
    0xff, 0xff, 0xff, 0xff, 0xff, 0xff, 0xf1, 0x00,
    0x00, 0x01, 0xff, 0x50, 0x00, 0x00, 0x00, 0x00,
    0x00, 0x00, 0x09, 0xfb, 0x00, 0x02, 0x70, 0x00,
    0x00, 0x00, 0x00, 0x3f, 0xf2, 0x00, 0x0b, 0xf6,
    0x00, 0x00, 0x00, 0x00, 0xdf, 0x60, 0x00, 0x01,
    0xef, 0x20, 0x00, 0x00, 0x09, 0xfb, 0x00, 0x00,
    0x00, 0x5f, 0xc0, 0x00, 0x00, 0x7f, 0xf7, 0x78,
    0x9a, 0xbc, 0xef, 0xf7, 0x00, 0x00, 0xff, 0xff,
    0xff, 0xff, 0xfe, 0xdc, 0xff, 0x20, 0x00, 0x8a,
    0x86, 0x53, 0x21, 0x00, 0x00, 0x8f, 0x80, 0x00,
    0x00, 0x00, 0x00, 0x00, 0x00, 0x00, 0x05, 0x00,

    /* U+4E94 "五" */
    0x00, 0x88, 0x88, 0x88, 0x88, 0x88, 0x88, 0x87,
    0x00, 0x00, 0xef, 0xff, 0xff, 0xff, 0xff, 0xff,
    0xfd, 0x00, 0x00, 0x12, 0x22, 0x2f, 0xf2, 0x22,
    0x22, 0x21, 0x00, 0x00, 0x00, 0x00, 0x1f, 0xc0,
    0x00, 0x00, 0x00, 0x00, 0x00, 0x00, 0x00, 0x3f,
    0xa0, 0x00, 0x00, 0x00, 0x00, 0x00, 0x00, 0x00,
    0x6f, 0x80, 0x00, 0x10, 0x00, 0x00, 0x00, 0x0e,
    0xff, 0xff, 0xff, 0xff, 0xff, 0x10, 0x00, 0x00,
    0x09, 0xaa, 0xef, 0xaa, 0xaa, 0xff, 0x00, 0x00,
    0x00, 0x00, 0x00, 0xdf, 0x00, 0x00, 0xee, 0x00,
    0x00, 0x00, 0x00, 0x00, 0xfd, 0x00, 0x00, 0xfd,
    0x00, 0x00, 0x00, 0x00, 0x03, 0xfa, 0x00, 0x01,
    0xfb, 0x00, 0x00, 0x00, 0x00, 0x06, 0xf7, 0x00,
    0x02, 0xfa, 0x00, 0x00, 0x01, 0x11, 0x1a, 0xf5,
    0x11, 0x15, 0xf9, 0x11, 0x10, 0x0f, 0xff, 0xff,
    0xff, 0xff, 0xff, 0xff, 0xff, 0xf1, 0x0a, 0xaa,
    0xaa, 0xaa, 0xaa, 0xaa, 0xaa, 0xaa, 0xa0,

    /* U+4E9A "亚" */
    0x09, 0xff, 0xff, 0xff, 0xff, 0xff, 0xff, 0xff,
    0xe0, 0x07, 0xcc, 0xcc, 0xff, 0xcc, 0xff, 0xcc,
    0xcc, 0xb0, 0x00, 0x00, 0x01, 0xfc, 0x00, 0xcf,
    0x10, 0x00, 0x00, 0x00, 0x00, 0x01, 0xfc, 0x00,
    0xcf, 0x10, 0x00, 0x00, 0x03, 0xd4, 0x01, 0xfc,
    0x00, 0xcf, 0x10, 0x4d, 0x40, 0x01, 0xfb, 0x01,
    0xfc, 0x00, 0xcf, 0x10, 0xaf, 0x20, 0x00, 0xaf,
    0x21, 0xfc, 0x00, 0xcf, 0x10, 0xfc, 0x00, 0x00,
    0x3f, 0x81, 0xfc, 0x00, 0xcf, 0x16, 0xf5, 0x00,
    0x00, 0x0d, 0xe1, 0xfc, 0x00, 0xcf, 0x1d, 0xe0,
    0x00, 0x00, 0x08, 0xf6, 0xfc, 0x00, 0xcf, 0x7f,
    0x60, 0x00, 0x00, 0x02, 0x51, 0xfc, 0x00, 0xcf,
    0x15, 0x00, 0x00, 0x00, 0x00, 0x01, 0xfc, 0x00,
    0xcf, 0x10, 0x00, 0x00, 0x01, 0x11, 0x13, 0xfc,
    0x11, 0xcf, 0x31, 0x11, 0x10, 0x2f, 0xff, 0xff,
    0xff, 0xff, 0xff, 0xff, 0xff, 0xf5, 0x18, 0x88,
    0x88, 0x88, 0x88, 0x88, 0x88, 0x88, 0x82,

    /* U+4EAE "亮" */
    0x00, 0x00, 0x00, 0x00, 0x01, 0x00, 0x00, 0x00,
    0x00, 0x00, 0x00, 0x00, 0x01, 0xfc, 0x00, 0x00,
    0x00, 0x00, 0x08, 0x88, 0x88, 0x88, 0xef, 0x98,
    0x88, 0x88, 0x80, 0x0e, 0xee, 0xee, 0xee, 0xee,
    0xee, 0xee, 0xee, 0xe0, 0x00, 0x01, 0x33, 0x33,
    0x33, 0x33, 0x33, 0x20, 0x00, 0x00, 0x07, 0xff,
    0xff, 0xff, 0xff, 0xff, 0x90, 0x00, 0x00, 0x07,
    0xf3, 0x00, 0x00, 0x00, 0x3f, 0x90, 0x00, 0x00,
    0x07, 0xfe, 0xdd, 0xdd, 0xdd, 0xef, 0x90, 0x00,
    0x00, 0x01, 0x33, 0x33, 0x33, 0x33, 0x33, 0x10,
    0x00, 0x0b, 0xee, 0xee, 0xee, 0xee, 0xee, 0xee,
    0xee, 0xa0, 0x0c, 0xe6, 0x66, 0x66, 0x66, 0x66,
    0x66, 0x6f, 0xb0, 0x0c, 0xd0, 0x04, 0x75, 0x55,
    0x57, 0x30, 0x0f, 0xb0, 0x03, 0x40, 0x0c, 0xff,
    0xff, 0xff, 0xb0, 0x04, 0x30, 0x00, 0x00, 0x0f,
    0xd1, 0x11, 0x3f, 0xb0, 0x00, 0x00, 0x00, 0x00,
    0x9f, 0x70, 0x00, 0x1f, 0xb0, 0x09, 0xc0, 0x03,
    0x7d, 0xfc, 0x00, 0x00, 0x1f, 0xd7, 0x7d, 0xd0,
    0x09, 0xfe, 0x70, 0x00, 0x00, 0x0a, 0xff, 0xff,
    0x60, 0x01, 0x20, 0x00, 0x00, 0x00, 0x00, 0x00,
    0x00, 0x00,

    /* U+4EE3 "代" */
    0x00, 0x00, 0x00, 0x00, 0x00, 0x00, 0x00, 0x00,
    0x00, 0x00, 0x00, 0x0e, 0xa0, 0x04, 0xf7, 0x09,
    0xb0, 0x00, 0x00, 0x00, 0x7f, 0x70, 0x03, 0xf7,
    0x05, 0xfc, 0x00, 0x00, 0x01, 0xfe, 0x00, 0x02,
    0xf8, 0x00, 0x5f, 0xa0, 0x00, 0x0b, 0xf6, 0x00,
    0x01, 0xf9, 0x00, 0x06, 0x20, 0x00, 0x7f, 0xf1,
    0x00, 0x00, 0xfb, 0x13, 0x57, 0xa1, 0x05, 0xff,
    0xf1, 0x57, 0x9b, 0xff, 0xff, 0xff, 0xf3, 0x5f,
    0xfd, 0xf1, 0xff, 0xfd, 0xff, 0x75, 0x31, 0x00,
    0x7f, 0x4a, 0xf1, 0x31, 0x00, 0xbf, 0x00, 0x00,
    0x00, 0x04, 0x0a, 0xf1, 0x00, 0x00, 0x8f, 0x30,
    0x00, 0x00, 0x00, 0x0a, 0xf1, 0x00, 0x00, 0x5f,
    0x70, 0x00, 0x00, 0x00, 0x0a, 0xf1, 0x00, 0x00,
    0x2f, 0xb0, 0x00, 0x00, 0x00, 0x0a, 0xf1, 0x00,
    0x00, 0x0d, 0xf1, 0x00, 0x91, 0x00, 0x0a, 0xf1,
    0x00, 0x00, 0x07, 0xf8, 0x00, 0xf7, 0x00, 0x0a,
    0xf1, 0x00, 0x00, 0x01, 0xff, 0x54, 0xf4, 0x00,
    0x0a, 0xf1, 0x00, 0x00, 0x00, 0x5f, 0xff, 0xf0,
    0x00, 0x0a, 0xf1, 0x00, 0x00, 0x00, 0x05, 0xdf,
    0x60, 0x00, 0x00, 0x00, 0x00, 0x00, 0x00, 0x00,
    0x00, 0x00,

    /* U+4EF6 "件" */
    0x00, 0x00, 0x00, 0x00, 0x00, 0x00, 0x00, 0x00,
    0x00, 0x00, 0x00, 0x7e, 0x30, 0x20, 0x1f, 0xa0,
    0x00, 0x00, 0x00, 0x00, 0xee, 0x05, 0xf5, 0x1f,
    0xa0, 0x00, 0x00, 0x00, 0x06, 0xf7, 0x09, 0xf2,
    0x1f, 0xa0, 0x00, 0x00, 0x00, 0x1e, 0xe0, 0x0d,
    0xfa, 0xaf, 0xea, 0xaa, 0x60, 0x00, 0x9f, 0x90,
    0x3f, 0xff, 0xff, 0xff, 0xff, 0x90, 0x05, 0xff,
    0x90, 0xaf, 0x20, 0x2f, 0xa0, 0x00, 0x00, 0x2f,
    0xff, 0x92, 0xfa, 0x00, 0x1f, 0xa0, 0x00, 0x00,
    0x0e, 0x6f, 0x90, 0x21, 0x00, 0x1f, 0xa0, 0x00,
    0x00, 0x01, 0x1f, 0x91, 0x99, 0x99, 0x9f, 0xd9,
    0x99, 0x93, 0x00, 0x1f, 0x92, 0xff, 0xff, 0xff,
    0xff, 0xff, 0xf7, 0x00, 0x1f, 0x90, 0x22, 0x22,
    0x3f, 0xb2, 0x22, 0x20, 0x00, 0x1f, 0x90, 0x00,
    0x00, 0x1f, 0xa0, 0x00, 0x00, 0x00, 0x1f, 0x90,
    0x00, 0x00, 0x1f, 0xa0, 0x00, 0x00, 0x00, 0x1f,
    0x90, 0x00, 0x00, 0x1f, 0xa0, 0x00, 0x00, 0x00,
    0x1f, 0x90, 0x00, 0x00, 0x1f, 0xa0, 0x00, 0x00,
    0x00, 0x1f, 0x80, 0x00, 0x00, 0x1f, 0xa0, 0x00,
    0x00,

    /* U+4F4D "位" */
    0x00, 0x00, 0x00, 0x00, 0x00, 0x13, 0x00, 0x00,
    0x00, 0x00, 0x00, 0x4f, 0x40, 0x00, 0xbf, 0x10,
    0x00, 0x00, 0x00, 0x00, 0xbf, 0x10, 0x00, 0x6f,
    0x60, 0x00, 0x00, 0x00, 0x03, 0xf9, 0x00, 0x00,
    0x2c, 0x50, 0x00, 0x00, 0x00, 0x0d, 0xf2, 0x6f,
    0xff, 0xff, 0xff, 0xff, 0x80, 0x00, 0x7f, 0xc0,
    0x4a, 0xaa, 0xaa, 0xaa, 0xaa, 0x50, 0x03, 0xff,
    0xc0, 0x00, 0x52, 0x00, 0x02, 0x83, 0x00, 0x2e,
    0xff, 0xc0, 0x02, 0xf7, 0x00, 0x05, 0xf6, 0x00,
    0x0e, 0x7f, 0xc0, 0x00, 0xfb, 0x00, 0x07, 0xf3,
    0x00, 0x03, 0x0f, 0xc0, 0x00, 0xce, 0x00, 0x0a,
    0xf0, 0x00, 0x00, 0x0f, 0xc0, 0x00, 0x9f, 0x10,
    0x0d, 0xd0, 0x00, 0x00, 0x0f, 0xc0, 0x00, 0x7f,
    0x30, 0x0f, 0xa0, 0x00, 0x00, 0x0f, 0xc0, 0x00,
    0x5f, 0x60, 0x3f, 0x60, 0x00, 0x00, 0x0f, 0xc0,
    0x00, 0x3f, 0x70, 0x7f, 0x20, 0x00, 0x00, 0x0f,
    0xc0, 0x00, 0x03, 0x00, 0xbe, 0x00, 0x00, 0x00,
    0x0f, 0xc1, 0xff, 0xff, 0xff, 0xff, 0xff, 0xf2,
    0x00, 0x0f, 0xc1, 0xbb, 0xbb, 0xbb, 0xbb, 0xbb,
    0xb2,

    /* U+4F7F "使" */
    0x00, 0x00, 0x00, 0x00, 0x00, 0x00, 0x00, 0x00,
    0x00, 0x00, 0x00, 0x7f, 0x30, 0x00, 0x2f, 0x90,
    0x00, 0x00, 0x00, 0x00, 0xee, 0x78, 0x88, 0x9f,
    0xc8, 0x88, 0x84, 0x00, 0x07, 0xf6, 0xef, 0xff,
    0xff, 0xff, 0xff, 0xf9, 0x00, 0x1f, 0xe0, 0x00,
    0x00, 0x2f, 0x90, 0x00, 0x00, 0x00, 0xbf, 0xa0,
    0x23, 0x33, 0x4f, 0xa3, 0x33, 0x30, 0x08, 0xff,
    0xa0, 0xaf, 0xff, 0xff, 0xff, 0xff, 0xe0, 0x6f,
    0xef, 0xa0, 0xaf, 0x33, 0x5f, 0xa3, 0x3c, 0xe0,
    0x3f, 0x3f, 0xa0, 0xae, 0x00, 0x2f, 0x90, 0x0b,
    0xe0, 0x02, 0x0f, 0xa0, 0xaf, 0x77, 0x8f, 0xc7,
    0x7d, 0xe0, 0x00, 0x0f, 0xa0, 0xaf, 0xff, 0xff,
    0xff, 0xff, 0xe0, 0x00, 0x0f, 0xa0, 0x4b, 0x10,
    0x6f, 0x40, 0x00, 0x00, 0x00, 0x0f, 0xa0, 0x1e,
    0xd1, 0xcf, 0x00, 0x00, 0x00, 0x00, 0x0f, 0xa0,
    0x02, 0xef, 0xf8, 0x00, 0x00, 0x00, 0x00, 0x0f,
    0xa0, 0x01, 0xaf, 0xfe, 0x83, 0x00, 0x00, 0x00,
    0x0f, 0xa4, 0xaf, 0xf9, 0x3a, 0xff, 0xfc, 0x94,
    0x00, 0x0f, 0xa1, 0xd9, 0x20, 0x00, 0x05, 0x9c,
    0xd1,

    /* U+4FCA "俊" */
    0x00, 0x00, 0x00, 0x00, 0x01, 0x00, 0x00, 0x00,
    0x00, 0x00, 0x00, 0x7f, 0x30, 0x0c, 0xe1, 0x05,
    0x00, 0x00, 0x00, 0x00, 0xed, 0x00, 0xaf, 0x50,
    0x6f, 0x70, 0x00, 0x00, 0x06, 0xf6, 0x09, 0xf6,
    0x01, 0x2b, 0xf5, 0x00, 0x00, 0x1e, 0xe0, 0xbf,
    0xfe, 0xff, 0xff, 0xff, 0x20, 0x00, 0xaf, 0x90,
    0xbd, 0xb9, 0x86, 0x55, 0x3e, 0x60, 0x05, 0xff,
    0x90, 0x00, 0xbc, 0x00, 0x8f, 0x50, 0x00, 0x3f,
    0xff, 0x90, 0x1c, 0xf6, 0x00, 0x0a, 0xf9, 0x00,
    0x1f, 0x7f, 0x95, 0xef, 0x56, 0x70, 0x00, 0x7f,
    0xb0, 0x02, 0x1f, 0x93, 0xd3, 0x4f, 0xa0, 0x00,
    0x06, 0x60, 0x00, 0x1f, 0x90, 0x03, 0xff, 0xff,
    0xff, 0xf8, 0x00, 0x00, 0x1f, 0x90, 0x5f, 0xf9,
    0x55, 0x5d, 0xf4, 0x00, 0x00, 0x1f, 0x94, 0xfc,
    0xde, 0x20, 0x8f, 0x90, 0x00, 0x00, 0x1f, 0x90,
    0x40, 0x1d, 0xfb, 0xfa, 0x00, 0x00, 0x00, 0x1f,
    0x90, 0x00, 0x3a, 0xff, 0xf5, 0x00, 0x00, 0x00,
    0x1f, 0x96, 0xae, 0xff, 0x95, 0xcf, 0xfb, 0x70,
    0x00, 0x1f, 0x97, 0xda, 0x50, 0x00, 0x03, 0x8c,
    0x80, 0x00, 0x00, 0x00, 0x00, 0x00, 0x00, 0x00,
    0x00, 0x00,

    /* U+503E "倾" */
    0x00, 0x00, 0x00, 0x00, 0x00, 0x00, 0x00, 0x00,
    0x00, 0x00, 0x07, 0xc1, 0x00, 0x00, 0x00, 0x00,
    0x00, 0x00, 0x00, 0x0d, 0xd2, 0x40, 0x1f, 0xff,
    0xff, 0xff, 0xf4, 0x00, 0x3f, 0x78, 0xf0, 0x07,
    0x77, 0xef, 0x77, 0x72, 0x00, 0xaf, 0x18, 0xf0,
    0x00, 0x01, 0xf9, 0x00, 0x00, 0x02, 0xff, 0x08,
    0xf0, 0x04, 0xff, 0xff, 0xff, 0x80, 0x0b, 0xff,
    0x08, 0xff, 0xf5, 0xf7, 0x55, 0x5f, 0x80, 0x6f,
    0xff, 0x08, 0xf7, 0x74, 0xf2, 0x9a, 0x0f, 0x80,
    0x7e, 0x9f, 0x08, 0xf0, 0x04, 0xf2, 0xab, 0x0f,
    0x80, 0x03, 0x8f, 0x08, 0xf0, 0x04, 0xf2, 0xab,
    0x0f, 0x80, 0x00, 0x8f, 0x08, 0xf0, 0x04, 0xf2,
    0xab, 0x0f, 0x80, 0x00, 0x8f, 0x08, 0xf2, 0x84,
    0xf2, 0xba, 0x0f, 0x80, 0x00, 0x8f, 0x09, 0xff,
    0xc4, 0xf2, 0xe8, 0x0f, 0x80, 0x00, 0x8f, 0x0e,
    0xe6, 0x02, 0x76, 0xf4, 0x16, 0x30, 0x00, 0x8f,
    0x03, 0x00, 0x00, 0x2e, 0xb8, 0xf6, 0x00, 0x00,
    0x8f, 0x00, 0x00, 0x06, 0xec, 0x10, 0x7f, 0xb1,
    0x00, 0x8f, 0x00, 0x00, 0x3e, 0x70, 0x00, 0x03,
    0xb1, 0x00, 0x00, 0x00, 0x00, 0x00, 0x00, 0x00,
    0x00, 0x00,

    /* U+505C "停" */
    0x00, 0x00, 0x00, 0x00, 0x00, 0x00, 0x00, 0x00,
    0x00, 0x00, 0x00, 0xa9, 0x00, 0x00, 0xcc, 0x00,
    0x00, 0x00, 0x00, 0x02, 0xfb, 0x77, 0x77, 0xdf,
    0x97, 0x77, 0x70, 0x00, 0x0a, 0xf5, 0xff, 0xff,
    0xff, 0xff, 0xff, 0xf0, 0x00, 0x3f, 0xa0, 0x03,
    0x33, 0x33, 0x33, 0x32, 0x00, 0x00, 0xcf, 0x30,
    0x0f, 0xff, 0xff, 0xff, 0xfa, 0x00, 0x07, 0xff,
    0x10, 0x0f, 0x60, 0x00, 0x00, 0xfa, 0x00, 0x5f,
    0xff, 0x10, 0x0f, 0xfe, 0xee, 0xee, 0xfa, 0x00,
    0x4f, 0x9f, 0x10, 0x03, 0x33, 0x33, 0x33, 0x32,
    0x00, 0x02, 0x7f, 0x18, 0xff, 0xff, 0xff, 0xff,
    0xff, 0xf0, 0x00, 0x7f, 0x18, 0xf7, 0x77, 0x77,
    0x77, 0x7b, 0xf1, 0x00, 0x7f, 0x18, 0xe5, 0x55,
    0x55, 0x55, 0x59, 0xf1, 0x00, 0x7f, 0x11, 0x1f,
    0xff, 0xff, 0xff, 0xf5, 0x20, 0x00, 0x7f, 0x10,
    0x00, 0x00, 0xaf, 0x10, 0x00, 0x00, 0x00, 0x7f,
    0x10, 0x00, 0x00, 0xaf, 0x10, 0x00, 0x00, 0x00,
    0x7f, 0x10, 0x01, 0x66, 0xdf, 0x10, 0x00, 0x00,
    0x00, 0x7f, 0x10, 0x00, 0xef, 0xfa, 0x00, 0x00,
    0x00, 0x00, 0x01, 0x00, 0x00, 0x00, 0x00, 0x00,
    0x00, 0x00,

    /* U+5065 "健" */
    0x00, 0x00, 0x00, 0x00, 0x00, 0x00, 0x00, 0x00,
    0x00, 0x00, 0x09, 0xd0, 0x00, 0x00, 0x02, 0xf4,
    0x00, 0x00, 0x00, 0x0e, 0xcd, 0xff, 0xe5, 0xcc,
    0xfd, 0xcc, 0x20, 0x00, 0x4f, 0x77, 0x8e, 0xd2,
    0x78, 0xfa, 0x8f, 0x30, 0x00, 0xbf, 0x10, 0x2f,
    0x65, 0x56, 0xf8, 0x6f, 0x72, 0x03, 0xff, 0x00,
    0xae, 0x1f, 0xff, 0xff, 0xff, 0xf6, 0x0c, 0xff,
    0x02, 0xf6, 0x00, 0x02, 0xf5, 0x1f, 0x30, 0x5f,
    0xff, 0x1c, 0xff, 0xe5, 0xff, 0xff, 0xff, 0x30,
    0x1e, 0xbf, 0x2c, 0x7b, 0xf1, 0x24, 0xf6, 0x22,
    0x00, 0x03, 0x9f, 0x00, 0x08, 0xe2, 0x57, 0xf8,
    0x55, 0x20, 0x00, 0x9f, 0x19, 0x0b, 0xb7, 0xff,
    0xff, 0xff, 0x60, 0x00, 0x9f, 0x1f, 0x5f, 0x70,
    0x02, 0xf4, 0x00, 0x00, 0x00, 0x9f, 0x0a, 0xef,
    0x2e, 0xff, 0xff, 0xff, 0xf0, 0x00, 0x9f, 0x02,
    0xfd, 0x04, 0x57, 0xf8, 0x55, 0x50, 0x00, 0x9f,
    0x05, 0xff, 0xa2, 0x02, 0xf4, 0x00, 0x00, 0x00,
    0x9f, 0x3f, 0xa5, 0xff, 0xca, 0xc8, 0x77, 0x72,
    0x00, 0x9f, 0x7b, 0x00, 0x16, 0xbd, 0xff, 0xff,
    0xf1, 0x00, 0x00, 0x00, 0x00, 0x00, 0x00, 0x00,
    0x00, 0x00,

    /* U+5149 "光" */
    0x00, 0x01, 0x00, 0x00, 0xed, 0x00, 0x00, 0x40,
    0x00, 0x00, 0x5f, 0x50, 0x00, 0xed, 0x00, 0x04,
    0xfa, 0x00, 0x00, 0x0e, 0xe0, 0x00, 0xed, 0x00,
    0x0b, 0xf3, 0x00, 0x00, 0x07, 0xf6, 0x00, 0xed,
    0x00, 0x3f, 0xa0, 0x00, 0x00, 0x00, 0xfd, 0x00,
    0xed, 0x00, 0xcf, 0x10, 0x00, 0x00, 0x00, 0x53,
    0x00, 0xed, 0x00, 0x34, 0x00, 0x00, 0x09, 0x99,
    0x99, 0x99, 0xfe, 0x99, 0x99, 0x99, 0x90, 0x1f,
    0xff, 0xff, 0xff, 0xff, 0xff, 0xff, 0xff, 0xf1,
    0x00, 0x00, 0x07, 0xf5, 0x00, 0x9f, 0x10, 0x00,
    0x00, 0x00, 0x00, 0x09, 0xf2, 0x00, 0x9f, 0x10,
    0x00, 0x00, 0x00, 0x00, 0x0d, 0xf0, 0x00, 0x9f,
    0x10, 0x00, 0x00, 0x00, 0x00, 0x3f, 0xb0, 0x00,
    0x9f, 0x10, 0x01, 0x10, 0x00, 0x00, 0xcf, 0x40,
    0x00, 0x9f, 0x10, 0x04, 0xf4, 0x00, 0x3d, 0xf9,
    0x00, 0x00, 0x9f, 0x10, 0x05, 0xf3, 0x2c, 0xff,
    0x90, 0x00, 0x00, 0x8f, 0xb9, 0x9d, 0xf0, 0x0b,
    0xb3, 0x00, 0x00, 0x00, 0x2d, 0xff, 0xff, 0x70,
    0x00, 0x00, 0x00, 0x00, 0x00, 0x00, 0x00, 0x00,
    0x00,

    /* U+5168 "全" */
    0x00, 0x00, 0x00, 0x00, 0x21, 0x00, 0x00, 0x00,
    0x00, 0x00, 0x00, 0x00, 0x00, 0xdf, 0x10, 0x00,
    0x00, 0x00, 0x00, 0x00, 0x00, 0x0b, 0xff, 0x90,
    0x00, 0x00, 0x00, 0x00, 0x00, 0x00, 0xaf, 0x99,
    0xfa, 0x00, 0x00, 0x00, 0x00, 0x00, 0x1c, 0xf9,
    0x00, 0x9f, 0xc1, 0x00, 0x00, 0x00, 0x04, 0xef,
    0x80, 0x00, 0x07, 0xfe, 0x50, 0x00, 0x02, 0xbf,
    0xf5, 0x00, 0x00, 0x00, 0x4e, 0xfb, 0x20, 0x4f,
    0xff, 0xca, 0xaa, 0xaa, 0xaa, 0xab, 0xff, 0xf4,
    0x08, 0x47, 0xee, 0xee, 0xff, 0xee, 0xee, 0x84,
    0x90, 0x00, 0x00, 0x00, 0x00, 0xee, 0x00, 0x00,
    0x00, 0x00, 0x00, 0x00, 0x00, 0x00, 0xee, 0x00,
    0x00, 0x00, 0x00, 0x00, 0x02, 0x88, 0x88, 0xff,
    0x88, 0x88, 0x40, 0x00, 0x00, 0x05, 0xff, 0xff,
    0xff, 0xff, 0xff, 0x70, 0x00, 0x00, 0x00, 0x00,
    0x00, 0xee, 0x00, 0x00, 0x00, 0x00, 0x00, 0x00,
    0x00, 0x00, 0xee, 0x00, 0x00, 0x00, 0x00, 0x07,
    0xbb, 0xbb, 0xbb, 0xff, 0xbb, 0xbb, 0xbb, 0x80,
    0x0a, 0xff, 0xff, 0xff, 0xff, 0xff, 0xff, 0xff,
    0xb0,

    /* U+516B "八" */
    0x00, 0x00, 0x05, 0x60, 0x00, 0x6d, 0x20, 0x00,
    0x00, 0x00, 0x00, 0x0c, 0xf0, 0x00, 0x6f, 0x40,
    0x00, 0x00, 0x00, 0x00, 0x0e, 0xf0, 0x00, 0x5f,
    0x50, 0x00, 0x00, 0x00, 0x00, 0x0f, 0xd0, 0x00,
    0x3f, 0x80, 0x00, 0x00, 0x00, 0x00, 0x2f, 0xa0,
    0x00, 0x0f, 0xa0, 0x00, 0x00, 0x00, 0x00, 0x4f,
    0x80, 0x00, 0x0d, 0xe0, 0x00, 0x00, 0x00, 0x00,
    0x7f, 0x50, 0x00, 0x0a, 0xf2, 0x00, 0x00, 0x00,
    0x00, 0xbf, 0x10, 0x00, 0x06, 0xf6, 0x00, 0x00,
    0x00, 0x00, 0xfd, 0x00, 0x00, 0x01, 0xfc, 0x00,
    0x00, 0x00, 0x05, 0xf8, 0x00, 0x00, 0x00, 0xbf,
    0x30, 0x00, 0x00, 0x0c, 0xf2, 0x00, 0x00, 0x00,
    0x5f, 0xa0, 0x00, 0x00, 0x4f, 0xb0, 0x00, 0x00,
    0x00, 0x0d, 0xf4, 0x00, 0x01, 0xdf, 0x20, 0x00,
    0x00, 0x00, 0x04, 0xfd, 0x10, 0x0c, 0xf8, 0x00,
    0x00, 0x00, 0x00, 0x00, 0xaf, 0xc0, 0x2e, 0xb0,
    0x00, 0x00, 0x00, 0x00, 0x00, 0x0c, 0xe3, 0x02,
    0x00, 0x00, 0x00, 0x00, 0x00, 0x00, 0x00, 0x10,

    /* U+516D "六" */
    0x00, 0x00, 0x00, 0x00, 0x20, 0x00, 0x00, 0x00,
    0x00, 0x00, 0x00, 0x00, 0x09, 0xf5, 0x00, 0x00,
    0x00, 0x00, 0x00, 0x00, 0x00, 0x04, 0xfd, 0x00,
    0x00, 0x00, 0x00, 0x00, 0x00, 0x00, 0x00, 0xdf,
    0x50, 0x00, 0x00, 0x00, 0x00, 0x00, 0x00, 0x00,
    0x6c, 0x40, 0x00, 0x00, 0x00, 0x0b, 0xbb, 0xbb,
    0xbb, 0xbb, 0xbb, 0xbb, 0xbb, 0xb1, 0x0f, 0xff,
    0xff, 0xff, 0xff, 0xff, 0xff, 0xff, 0xf1, 0x00,
    0x00, 0x00, 0x00, 0x00, 0x00, 0x00, 0x00, 0x00,
    0x00, 0x00, 0x00, 0x00, 0x00, 0x00, 0x10, 0x00,
    0x00, 0x00, 0x00, 0x0d, 0xc1, 0x00, 0x2d, 0xc0,
    0x00, 0x00, 0x00, 0x00, 0x6f, 0xc0, 0x00, 0x0b,
    0xf7, 0x00, 0x00, 0x00, 0x00, 0xef, 0x40, 0x00,
    0x02, 0xff, 0x20, 0x00, 0x00, 0x09, 0xfa, 0x00,
    0x00, 0x00, 0x6f, 0xc0, 0x00, 0x00, 0x4f, 0xf1,
    0x00, 0x00, 0x00, 0x0c, 0xf7, 0x00, 0x01, 0xef,
    0x60, 0x00, 0x00, 0x00, 0x02, 0xff, 0x20, 0x0c,
    0xfb, 0x00, 0x00, 0x00, 0x00, 0x00, 0x8f, 0xc0,
    0x08, 0xe1, 0x00, 0x00, 0x00, 0x00, 0x00, 0x0d,
    0x70, 0x00, 0x00, 0x00, 0x00, 0x00, 0x00, 0x00,
    0x00, 0x00,

    /* U+5173 "关" */
    0x00, 0x00, 0x00, 0x00, 0x00, 0x00, 0x10, 0x00,
    0x00, 0x00, 0x00, 0xcd, 0x00, 0x00, 0x00, 0xbf,
    0x30, 0x00, 0x00, 0x00, 0x7f, 0x80, 0x00, 0x03,
    0xfd, 0x00, 0x00, 0x00, 0x00, 0x0d, 0xf0, 0x00,
    0x0b, 0xf3, 0x00, 0x00, 0x00, 0x69, 0x9c, 0xc9,
    0x99, 0xaf, 0xe9, 0x98, 0x00, 0x00, 0xbf, 0xff,
    0xff, 0xff, 0xff, 0xff, 0xff, 0x00, 0x00, 0x12,
    0x22, 0x22, 0xef, 0x32, 0x22, 0x21, 0x00, 0x00,
    0x00, 0x00, 0x00, 0xef, 0x10, 0x00, 0x00, 0x00,
    0x00, 0x00, 0x00, 0x00, 0xef, 0x10, 0x00, 0x00,
    0x00, 0x0c, 0xff, 0xff, 0xff, 0xff, 0xff, 0xff,
    0xff, 0xd0, 0x09, 0xbb, 0xbb, 0xbc, 0xff, 0xeb,
    0xbb, 0xbb, 0xa0, 0x00, 0x00, 0x00, 0x09, 0xff,
    0xe1, 0x00, 0x00, 0x00, 0x00, 0x00, 0x00, 0x5f,
    0xf7, 0xfb, 0x00, 0x00, 0x00, 0x00, 0x00, 0x06,
    0xff, 0x60, 0xaf, 0xc1, 0x00, 0x00, 0x00, 0x02,
    0xbf, 0xf7, 0x00, 0x0b, 0xfe, 0x60, 0x00, 0x05,
    0xbf, 0xfd, 0x40, 0x00, 0x00, 0x8f, 0xff, 0x91,
    0x0b, 0xfd, 0x60, 0x00, 0x00, 0x00, 0x02, 0xaf,
    0xb0, 0x01, 0x30, 0x00, 0x00, 0x00, 0x00, 0x00,
    0x01, 0x10,

    /* U+5185 "内" */
    0x00, 0x00, 0x00, 0x0b, 0xf1, 0x00, 0x00, 0x00,
    0x00, 0x00, 0x00, 0x0b, 0xf1, 0x00, 0x00, 0x00,
    0x00, 0x00, 0x00, 0x0b, 0xf2, 0x00, 0x00, 0x10,
    0x1f, 0xff, 0xff, 0xff, 0xff, 0xff, 0xff, 0xfa,
    0x1f, 0xda, 0xaa, 0xae, 0xfa, 0xaa, 0xaa, 0xfa,
    0x1f, 0xa0, 0x00, 0x0c, 0xf0, 0x00, 0x00, 0xfa,
    0x1f, 0xa0, 0x00, 0x0f, 0xd0, 0x00, 0x00, 0xfa,
    0x1f, 0xa0, 0x00, 0x5f, 0xfa, 0x00, 0x00, 0xfa,
    0x1f, 0xa0, 0x00, 0xdf, 0x9f, 0xc1, 0x00, 0xfa,
    0x1f, 0xa0, 0x0a, 0xf7, 0x07, 0xfd, 0x10, 0xfa,
    0x1f, 0xa1, 0xbf, 0xa0, 0x00, 0x6f, 0xe2, 0xfa,
    0x1f, 0xac, 0xf9, 0x00, 0x00, 0x06, 0xf5, 0xfa,
    0x1f, 0xa1, 0x40, 0x00, 0x00, 0x00, 0x10, 0xfa,
    0x1f, 0xa0, 0x00, 0x00, 0x00, 0x00, 0x00, 0xfa,
    0x1f, 0xa0, 0x00, 0x00, 0x00, 0x1b, 0xbb, 0xfa,
    0x1f, 0xa0, 0x00, 0x00, 0x00, 0x0d, 0xfe, 0xb2,

    /* U+51FA "出" */
    0x00, 0x00, 0x00, 0x0d, 0xf1, 0x00, 0x00, 0x00,
    0x02, 0xa6, 0x00, 0x0d, 0xf1, 0x00, 0x0a, 0x80,
    0x03, 0xf9, 0x00, 0x0d, 0xf1, 0x00, 0x1f, 0xc0,
    0x03, 0xf9, 0x00, 0x0d, 0xf1, 0x00, 0x1f, 0xc0,
    0x03, 0xf9, 0x00, 0x0d, 0xf1, 0x00, 0x1f, 0xc0,
    0x03, 0xf9, 0x00, 0x0d, 0xf1, 0x00, 0x1f, 0xc0,
    0x03, 0xff, 0xff, 0xff, 0xff, 0xff, 0xff, 0xc0,
    0x02, 0xbb, 0xbb, 0xbf, 0xfb, 0xbb, 0xbb, 0x80,
    0x00, 0x00, 0x00, 0x0d, 0xf1, 0x00, 0x00, 0x00,
    0x1f, 0xc0, 0x00, 0x0d, 0xf1, 0x00, 0x05, 0xf8,
    0x1f, 0xd0, 0x00, 0x0d, 0xf1, 0x00, 0x06, 0xf8,
    0x1f, 0xd0, 0x00, 0x0d, 0xf1, 0x00, 0x06, 0xf8,
    0x1f, 0xd0, 0x00, 0x0d, 0xf1, 0x00, 0x06, 0xf8,
    0x1f, 0xd0, 0x00, 0x0d, 0xf1, 0x00, 0x06, 0xf8,
    0x1f, 0xff, 0xff, 0xff, 0xff, 0xff, 0xff, 0xf8,
    0x0b, 0xbb, 0xbb, 0xbb, 0xbb, 0xbb, 0xbd, 0xf8,

    /* U+5230 "到" */
    0x00, 0x00, 0x00, 0x00, 0x00, 0x00, 0x00, 0x1f,
    0x90, 0xef, 0xff, 0xff, 0xff, 0xf6, 0x9c, 0x01,
    0xf9, 0x07, 0x8b, 0xfb, 0x88, 0x88, 0x3b, 0xf0,
    0x1f, 0x90, 0x00, 0xcf, 0x11, 0xe6, 0x00, 0xbf,
    0x01, 0xf9, 0x00, 0x5f, 0x70, 0x0a, 0xf2, 0x0b,
    0xf0, 0x1f, 0x90, 0x2f, 0xf9, 0xab, 0xdf, 0xc0,
    0xbf, 0x01, 0xf9, 0x02, 0xff, 0xec, 0xb9, 0x9f,
    0x3b, 0xf0, 0x1f, 0x90, 0x01, 0x00, 0x86, 0x00,
    0x30, 0xbf, 0x01, 0xf9, 0x00, 0x00, 0x0e, 0xb0,
    0x00, 0x0b, 0xf0, 0x1f, 0x90, 0x5e, 0xee, 0xff,
    0xee, 0xe2, 0xbf, 0x01, 0xf9, 0x02, 0x88, 0x8f,
    0xd8, 0x88, 0x1b, 0xf0, 0x1f, 0x90, 0x00, 0x00,
    0xeb, 0x00, 0x00, 0xbf, 0x01, 0xf9, 0x00, 0x00,
    0x0e, 0xb2, 0x58, 0x31, 0x10, 0x1f, 0x90, 0x24,
    0x7a, 0xff, 0xff, 0xf5, 0x00, 0x01, 0xf9, 0x0e,
    0xff, 0xfd, 0xa7, 0x41, 0x00, 0x7a, 0xaf, 0x80,
    0x55, 0x20, 0x00, 0x00, 0x00, 0x06, 0xff, 0xc2,

    /* U+5236 "制" */
    0x00, 0x00, 0x02, 0x10, 0x00, 0x00, 0x00, 0x00,
    0x00, 0x0a, 0x90, 0xfa, 0x00, 0x00, 0x00, 0x00,
    0xeb, 0x00, 0xf9, 0x0f, 0xa0, 0x00, 0x01, 0xd6,
    0x0e, 0xb0, 0x5f, 0xfe, 0xff, 0xee, 0xe1, 0x1f,
    0x80, 0xeb, 0x0c, 0xfa, 0xaf, 0xea, 0xaa, 0x11,
    0xf8, 0x0e, 0xb2, 0xf8, 0x00, 0xfa, 0x00, 0x00,
    0x1f, 0x80, 0xeb, 0x3c, 0xcb, 0xbf, 0xeb, 0xbb,
    0x91, 0xf8, 0x0e, 0xb3, 0xdd, 0xdd, 0xff, 0xdd,
    0xdb, 0x1f, 0x80, 0xeb, 0x00, 0x00, 0x0f, 0xa0,
    0x00, 0x01, 0xf8, 0x0e, 0xb0, 0x49, 0x99, 0xfd,
    0x99, 0x94, 0x1f, 0x80, 0xeb, 0x07, 0xff, 0xff,
    0xff, 0xff, 0x81, 0xf8, 0x0e, 0xb0, 0x7f, 0x00,
    0xfa, 0x00, 0xf8, 0x1f, 0x80, 0xeb, 0x07, 0xf0,
    0x0f, 0xa0, 0x0f, 0x80, 0x31, 0x0e, 0xb0, 0x7f,
    0x00, 0xfa, 0x00, 0xf8, 0x00, 0x00, 0xeb, 0x07,
    0xf0, 0x0f, 0xa4, 0x5f, 0x70, 0x00, 0x0e, 0xb0,
    0x7f, 0x00, 0xfa, 0x9f, 0xf3, 0x04, 0xbb, 0xfa,
    0x00, 0x00, 0x0f, 0xa1, 0x10, 0x00, 0x2f, 0xfc,
    0x30, 0x00, 0x00, 0x00, 0x00, 0x00, 0x00, 0x00,
    0x00,

    /* U+52A8 "动" */
    0x00, 0x00, 0x00, 0x00, 0x00, 0x08, 0xf2, 0x00,
    0x00, 0x49, 0x99, 0x99, 0x94, 0x00, 0x8f, 0x20,
    0x00, 0x06, 0xff, 0xff, 0xff, 0x80, 0x08, 0xf1,
    0x00, 0x00, 0x00, 0x00, 0x00, 0x00, 0x00, 0x9f,
    0x20, 0x00, 0x00, 0x00, 0x00, 0x00, 0x0e, 0xff,
    0xff, 0xff, 0xe0, 0x88, 0x88, 0x88, 0x87, 0x78,
    0xdf, 0x88, 0xed, 0x1f, 0xff, 0xff, 0xff, 0xe0,
    0x0b, 0xf0, 0x0d, 0xd0, 0x00, 0xde, 0x00, 0x00,
    0x00, 0xdd, 0x00, 0xec, 0x00, 0x1f, 0xa0, 0x46,
    0x00, 0x0f, 0xb0, 0x0f, 0xb0, 0x05, 0xf5, 0x08,
    0xf1, 0x02, 0xf9, 0x00, 0xfa, 0x00, 0xaf, 0x00,
    0x2f, 0x70, 0x5f, 0x50, 0x0f, 0xa0, 0x1f, 0xb4,
    0x7b, 0xfd, 0x0a, 0xf1, 0x01, 0xf9, 0x09, 0xff,
    0xff, 0xcb, 0xf4, 0xfc, 0x00, 0x3f, 0x70, 0xad,
    0x84, 0x00, 0x15, 0xbf, 0x50, 0x06, 0xf5, 0x01,
    0x00, 0x00, 0x00, 0x7f, 0xc2, 0xaa, 0xef, 0x20,
    0x00, 0x00, 0x00, 0x03, 0xe2, 0x0e, 0xfe, 0x80,
    0x00, 0x00, 0x00, 0x00, 0x00, 0x00, 0x00, 0x00,
    0x00,

    /* U+52FF "勿" */
    0x00, 0x00, 0x14, 0x00, 0x00, 0x00, 0x00, 0x00,
    0x00, 0x00, 0x06, 0xf7, 0x00, 0x00, 0x00, 0x00,
    0x00, 0x00, 0x00, 0xcf, 0x20, 0x00, 0x00, 0x00,
    0x00, 0x00, 0x00, 0x2f, 0xfa, 0xaa, 0xaa, 0xaa,
    0xaa, 0xb9, 0x00, 0x0a, 0xff, 0xff, 0xff, 0xff,
    0xff, 0xff, 0xe0, 0x03, 0xfc, 0x01, 0xfd, 0x00,
    0xdf, 0x00, 0xed, 0x00, 0xdf, 0x40, 0x5f, 0x80,
    0x0f, 0xb0, 0x0e, 0xc0, 0x9f, 0xa0, 0x0b, 0xf2,
    0x04, 0xf7, 0x00, 0xfb, 0x1e, 0xd1, 0x03, 0xfa,
    0x00, 0x8f, 0x30, 0x0f, 0xb0, 0x12, 0x00, 0xbf,
    0x30, 0x0e, 0xe0, 0x01, 0xfa, 0x00, 0x00, 0x5f,
    0xa0, 0x04, 0xf8, 0x00, 0x2f, 0x80, 0x00, 0x2f,
    0xe1, 0x00, 0xbf, 0x20, 0x04, 0xf7, 0x00, 0x1d,
    0xf4, 0x00, 0x4f, 0xa0, 0x00, 0x6f, 0x60, 0x2d,
    0xf7, 0x00, 0x0d, 0xf2, 0x00, 0x08, 0xf3, 0x01,
    0xb8, 0x00, 0x0a, 0xf8, 0x00, 0x00, 0xcf, 0x10,
    0x00, 0x00, 0x0a, 0xfc, 0x00, 0xaa, 0xbf, 0xc0,
    0x00, 0x00, 0x00, 0x5c, 0x10, 0x0b, 0xff, 0xc2,
    0x00, 0x00, 0x00, 0x00, 0x00, 0x00, 0x00, 0x00,
    0x00,

    /* U+5341 "十" */
    0x00, 0x00, 0x00, 0x00, 0xef, 0x00, 0x00, 0x00,
    0x00, 0x00, 0x00, 0x00, 0x00, 0xef, 0x00, 0x00,
    0x00, 0x00, 0x00, 0x00, 0x00, 0x00, 0xef, 0x00,
    0x00, 0x00, 0x00, 0x00, 0x00, 0x00, 0x00, 0xef,
    0x00, 0x00, 0x00, 0x00, 0x00, 0x00, 0x00, 0x00,
    0xef, 0x00, 0x00, 0x00, 0x00, 0x00, 0x00, 0x00,
    0x00, 0xef, 0x00, 0x00, 0x00, 0x00, 0x0b, 0xbb,
    0xbb, 0xbb, 0xff, 0xbb, 0xbb, 0xbb, 0xb2, 0x1f,
    0xff, 0xff, 0xff, 0xff, 0xff, 0xff, 0xff, 0xf3,
    0x00, 0x00, 0x00, 0x00, 0xef, 0x00, 0x00, 0x00,
    0x00, 0x00, 0x00, 0x00, 0x00, 0xef, 0x00, 0x00,
    0x00, 0x00, 0x00, 0x00, 0x00, 0x00, 0xef, 0x00,
    0x00, 0x00, 0x00, 0x00, 0x00, 0x00, 0x00, 0xef,
    0x00, 0x00, 0x00, 0x00, 0x00, 0x00, 0x00, 0x00,
    0xef, 0x00, 0x00, 0x00, 0x00, 0x00, 0x00, 0x00,
    0x00, 0xef, 0x00, 0x00, 0x00, 0x00, 0x00, 0x00,
    0x00, 0x00, 0xef, 0x00, 0x00, 0x00, 0x00, 0x00,
    0x00, 0x00, 0x00, 0xef, 0x00, 0x00, 0x00, 0x00,

    /* U+5361 "卡" */
    0x00, 0x00, 0x00, 0x1f, 0xa0, 0x00, 0x00, 0x00,
    0x00, 0x00, 0x00, 0x01, 0xfa, 0x00, 0x00, 0x00,
    0x00, 0x00, 0x00, 0x00, 0x1f, 0xff, 0xff, 0xff,
    0x90, 0x00, 0x00, 0x00, 0x01, 0xfe, 0xaa, 0xaa,
    0xa6, 0x00, 0x00, 0x00, 0x00, 0x1f, 0xa0, 0x00,
    0x00, 0x00, 0x00, 0x00, 0x00, 0x01, 0xfa, 0x00,
    0x00, 0x00, 0x00, 0xab, 0xbb, 0xbb, 0xcf, 0xeb,
    0xbb, 0xbb, 0xbb, 0x4e, 0xff, 0xff, 0xff, 0xff,
    0xff, 0xff, 0xff, 0xf6, 0x00, 0x00, 0x00, 0x0f,
    0xb0, 0x00, 0x00, 0x00, 0x00, 0x00, 0x00, 0x00,
    0xfb, 0x21, 0x00, 0x00, 0x00, 0x00, 0x00, 0x00,
    0x0f, 0xce, 0xfb, 0x50, 0x00, 0x00, 0x00, 0x00,
    0x00, 0xfb, 0x29, 0xff, 0xe8, 0x10, 0x00, 0x00,
    0x00, 0x0f, 0xb0, 0x00, 0x6d, 0xf3, 0x00, 0x00,
    0x00, 0x00, 0xfb, 0x00, 0x00, 0x02, 0x00, 0x00,
    0x00, 0x00, 0x0f, 0xb0, 0x00, 0x00, 0x00, 0x00,
    0x00, 0x00, 0x00, 0xfb, 0x00, 0x00, 0x00, 0x00,

    /* U+5377 "卷" */
    0x00, 0x00, 0x00, 0x00, 0x12, 0x00, 0x00, 0x00,
    0x00, 0x00, 0x01, 0xa4, 0x00, 0xaf, 0x20, 0x2a,
    0x30, 0x00, 0x00, 0x00, 0xce, 0x10, 0xdf, 0x00,
    0xaf, 0x20, 0x00, 0x00, 0x34, 0x7f, 0x86, 0xfc,
    0x47, 0xfa, 0x43, 0x00, 0x00, 0xdf, 0xff, 0xff,
    0xff, 0xff, 0xff, 0xfc, 0x00, 0x00, 0x23, 0x33,
    0x4f, 0xd3, 0x33, 0x33, 0x32, 0x00, 0x00, 0x00,
    0x00, 0xbf, 0x50, 0x00, 0x00, 0x00, 0x00, 0x0f,
    0xff, 0xff, 0xff, 0xff, 0xff, 0xff, 0xff, 0xf0,
    0x07, 0x77, 0xdf, 0xd7, 0x77, 0x8f, 0xf9, 0x77,
    0x70, 0x00, 0x09, 0xfd, 0x10, 0x00, 0x04, 0xfe,
    0x40, 0x00, 0x06, 0xef, 0xff, 0xff, 0xff, 0xff,
    0xee, 0xfb, 0x40, 0x2e, 0xf6, 0x9f, 0x88, 0x88,
    0x8f, 0xb1, 0x9f, 0xf3, 0x03, 0x10, 0x9f, 0x10,
    0x00, 0x2f, 0x90, 0x01, 0x40, 0x00, 0x00, 0x9f,
    0x10, 0x9d, 0xef, 0x50, 0x20, 0x00, 0x00, 0x00,
    0x9f, 0x10, 0x26, 0x64, 0x03, 0xf5, 0x00, 0x00,
    0x00, 0x8f, 0xa8, 0x88, 0x88, 0x8d, 0xf2, 0x00,
    0x00, 0x00, 0x1b, 0xff, 0xff, 0xff, 0xfe, 0x80,
    0x00,

    /* U+5382 "厂" */
    0x00, 0x00, 0x00, 0x00, 0x00, 0x00, 0x00, 0x00,
    0x00, 0x0a, 0xff, 0xff, 0xff, 0xff, 0xff, 0xff,
    0xfb, 0x00, 0xaf, 0xcc, 0xcc, 0xcc, 0xcc, 0xcc,
    0xcc, 0x80, 0x0a, 0xf2, 0x00, 0x00, 0x00, 0x00,
    0x00, 0x00, 0x00, 0xaf, 0x20, 0x00, 0x00, 0x00,
    0x00, 0x00, 0x00, 0x0a, 0xf2, 0x00, 0x00, 0x00,
    0x00, 0x00, 0x00, 0x00, 0xaf, 0x20, 0x00, 0x00,
    0x00, 0x00, 0x00, 0x00, 0x0a, 0xf2, 0x00, 0x00,
    0x00, 0x00, 0x00, 0x00, 0x00, 0xbf, 0x10, 0x00,
    0x00, 0x00, 0x00, 0x00, 0x00, 0x0c, 0xf0, 0x00,
    0x00, 0x00, 0x00, 0x00, 0x00, 0x00, 0xee, 0x00,
    0x00, 0x00, 0x00, 0x00, 0x00, 0x00, 0x0f, 0xc0,
    0x00, 0x00, 0x00, 0x00, 0x00, 0x00, 0x04, 0xf9,
    0x00, 0x00, 0x00, 0x00, 0x00, 0x00, 0x00, 0x9f,
    0x50, 0x00, 0x00, 0x00, 0x00, 0x00, 0x00, 0x0e,
    0xf1, 0x00, 0x00, 0x00, 0x00, 0x00, 0x00, 0x04,
    0xf9, 0x00, 0x00, 0x00, 0x00, 0x00, 0x00, 0x00,
    0x02, 0x10, 0x00, 0x00, 0x00, 0x00, 0x00, 0x00,
    0x00,

    /* U+538B "压" */
    0x00, 0xff, 0xff, 0xff, 0xff, 0xff, 0xff, 0xff,
    0xf3, 0x00, 0xfe, 0xaa, 0xaa, 0xaa, 0xaa, 0xaa,
    0xaa, 0xa2, 0x00, 0xfa, 0x00, 0x00, 0x06, 0xa0,
    0x00, 0x00, 0x00, 0x00, 0xfa, 0x00, 0x00, 0x0a,
    0xf1, 0x00, 0x00, 0x00, 0x00, 0xfa, 0x00, 0x00,
    0x0a, 0xf1, 0x00, 0x00, 0x00, 0x00, 0xfa, 0x01,
    0x11, 0x1b, 0xf2, 0x11, 0x11, 0x00, 0x00, 0xfa,
    0x6f, 0xff, 0xff, 0xff, 0xff, 0xff, 0x40, 0x00,
    0xf9, 0x39, 0x99, 0x9d, 0xf9, 0x99, 0x99, 0x20,
    0x00, 0xf8, 0x00, 0x00, 0x0a, 0xf1, 0x04, 0x00,
    0x00, 0x01, 0xf7, 0x00, 0x00, 0x0a, 0xf1, 0x7f,
    0x90, 0x00, 0x03, 0xf5, 0x00, 0x00, 0x0a, 0xf1,
    0x07, 0xf9, 0x00, 0x06, 0xf3, 0x00, 0x00, 0x0a,
    0xf1, 0x00, 0x96, 0x00, 0x0a, 0xf0, 0x00, 0x00,
    0x0a, 0xf1, 0x00, 0x00, 0x00, 0x0f, 0xb8, 0xff,
    0xff, 0xff, 0xff, 0xff, 0xff, 0xf1, 0x3f, 0x66,
    0xbb, 0xbb, 0xbb, 0xbb, 0xbb, 0xbb, 0xb1, 0x02,
    0x00, 0x00, 0x00, 0x00, 0x00, 0x00, 0x00, 0x00,

    /* U+53D6 "取" */
    0x0f, 0xff, 0xff, 0xff, 0xf0, 0x00, 0x00, 0x01,
    0x00, 0x05, 0xed, 0x55, 0xed, 0x4b, 0xff, 0xff,
    0xff, 0xe0, 0x00, 0xeb, 0x00, 0xec, 0x07, 0xfc,
    0x99, 0x9e, 0xd0, 0x00, 0xee, 0x88, 0xfc, 0x00,
    0xfa, 0x00, 0x0f, 0xa0, 0x00, 0xef, 0xff, 0xfc,
    0x00, 0xbd, 0x00, 0x3f, 0x60, 0x00, 0xeb, 0x00,
    0xec, 0x00, 0x7f, 0x10, 0x7f, 0x20, 0x00, 0xeb,
    0x00, 0xec, 0x00, 0x3f, 0x60, 0xdd, 0x00, 0x00,
    0xef, 0xff, 0xfc, 0x00, 0x0d, 0xc3, 0xf8, 0x00,
    0x00, 0xed, 0x88, 0xfc, 0x00, 0x08, 0xfd, 0xf1,
    0x00, 0x00, 0xeb, 0x00, 0xec, 0x00, 0x01, 0xff,
    0x90, 0x00, 0x00, 0xec, 0x46, 0xff, 0xd4, 0x00,
    0xef, 0x60, 0x00, 0x1d, 0xff, 0xff, 0xfe, 0x82,
    0x0b, 0xff, 0xf2, 0x00, 0x0b, 0x96, 0x41, 0xec,
    0x00, 0xaf, 0x94, 0xfe, 0x20, 0x00, 0x00, 0x00,
    0xec, 0x1c, 0xf9, 0x00, 0x5f, 0xf4, 0x00, 0x00,
    0x00, 0xec, 0x0b, 0x70, 0x00, 0x03, 0xa0, 0x00,
    0x00, 0x00, 0x00, 0x00, 0x00, 0x00, 0x00, 0x00,

    /* U+53EF "可" */
    0x3c, 0xcc, 0xcc, 0xcc, 0xcc, 0xcc, 0xcc, 0xcc,
    0xb4, 0xff, 0xff, 0xff, 0xff, 0xff, 0xff, 0xff,
    0xfd, 0x00, 0x00, 0x00, 0x00, 0x00, 0x00, 0x0f,
    0xb0, 0x00, 0x00, 0x00, 0x00, 0x00, 0x00, 0x00,
    0xfb, 0x00, 0x00, 0x7f, 0xff, 0xff, 0xff, 0x00,
    0x0f, 0xb0, 0x00, 0x08, 0xfb, 0xaa, 0xae, 0xf0,
    0x00, 0xfb, 0x00, 0x00, 0x8f, 0x20, 0x00, 0xbf,
    0x00, 0x0f, 0xb0, 0x00, 0x08, 0xf2, 0x00, 0x0b,
    0xf0, 0x00, 0xfb, 0x00, 0x00, 0x8f, 0x20, 0x00,
    0xbf, 0x00, 0x0f, 0xb0, 0x00, 0x08, 0xfb, 0xaa,
    0xae, 0xf0, 0x00, 0xfb, 0x00, 0x00, 0x8f, 0xff,
    0xff, 0xff, 0x00, 0x0f, 0xb0, 0x00, 0x08, 0xf2,
    0x00, 0x00, 0x00, 0x00, 0xfb, 0x00, 0x00, 0x36,
    0x10, 0x00, 0x00, 0x00, 0x0f, 0xb0, 0x00, 0x00,
    0x00, 0x00, 0x00, 0x8c, 0xbc, 0xfa, 0x00, 0x00,
    0x00, 0x00, 0x00, 0x06, 0xff, 0xfc, 0x30, 0x00,
    0x00, 0x00, 0x00, 0x00, 0x00, 0x00, 0x00, 0x00,

    /* U+540C "同" */
    0x9f, 0xff, 0xff, 0xff, 0xff, 0xff, 0xff, 0xf9,
    0x9f, 0xa9, 0x99, 0x99, 0x99, 0x99, 0x9a, 0xf9,
    0x9f, 0x10, 0x11, 0x11, 0x11, 0x11, 0x01, 0xf9,
    0x9f, 0x1c, 0xff, 0xff, 0xff, 0xff, 0x41, 0xf9,
    0x9f, 0x15, 0x66, 0x66, 0x66, 0x66, 0x11, 0xf9,
    0x9f, 0x10, 0x00, 0x00, 0x00, 0x00, 0x01, 0xf9,
    0x9f, 0x10, 0x9f, 0xff, 0xff, 0xf6, 0x01, 0xf9,
    0x9f, 0x10, 0xaf, 0x77, 0x78, 0xf6, 0x01, 0xf9,
    0x9f, 0x10, 0xae, 0x00, 0x01, 0xf6, 0x01, 0xf9,
    0x9f, 0x10, 0xae, 0x00, 0x01, 0xf6, 0x01, 0xf9,
    0x9f, 0x10, 0xaf, 0x88, 0x88, 0xf6, 0x01, 0xf9,
    0x9f, 0x10, 0xaf, 0xff, 0xff, 0xf6, 0x01, 0xf9,
    0x9f, 0x10, 0xae, 0x00, 0x00, 0x00, 0x01, 0xf9,
    0x9f, 0x10, 0x22, 0x00, 0x00, 0x0a, 0xab, 0xf8,
    0x9f, 0x10, 0x00, 0x00, 0x00, 0x0b, 0xfe, 0xb2,

    /* U+540E "后" */
    0x00, 0x00, 0x00, 0x00, 0x00, 0x00, 0x00, 0x00,
    0x00, 0x00, 0x00, 0x00, 0x00, 0x13, 0x57, 0xad,
    0xd2, 0x00, 0x00, 0x6b, 0xbc, 0xef, 0xff, 0xff,
    0xfd, 0xa5, 0x00, 0x00, 0x9f, 0xdb, 0xa9, 0x76,
    0x41, 0x00, 0x00, 0x00, 0x00, 0x9f, 0x20, 0x00,
    0x00, 0x00, 0x00, 0x00, 0x00, 0x00, 0x9f, 0x30,
    0x00, 0x00, 0x00, 0x00, 0x00, 0x00, 0x00, 0x9f,
    0xff, 0xff, 0xff, 0xff, 0xff, 0xff, 0xf1, 0x00,
    0x9f, 0xa9, 0x99, 0x99, 0x99, 0x99, 0x99, 0x90,
    0x00, 0xaf, 0x10, 0x00, 0x00, 0x00, 0x00, 0x00,
    0x00, 0x00, 0xaf, 0x00, 0x00, 0x00, 0x00, 0x00,
    0x00, 0x00, 0x00, 0xcf, 0x0b, 0xff, 0xff, 0xff,
    0xff, 0xfc, 0x00, 0x00, 0xed, 0x0b, 0xf8, 0x88,
    0x88, 0x88, 0xfc, 0x00, 0x01, 0xfa, 0x0b, 0xf0,
    0x00, 0x00, 0x00, 0xfc, 0x00, 0x05, 0xf6, 0x0b,
    0xf0, 0x00, 0x00, 0x00, 0xfc, 0x00, 0x0b, 0xf1,
    0x0b, 0xf0, 0x00, 0x00, 0x00, 0xfc, 0x00, 0x2f,
    0xa0, 0x0b, 0xff, 0xff, 0xff, 0xff, 0xfc, 0x00,
    0x5d, 0x20, 0x0b, 0xfa, 0xaa, 0xaa, 0xaa, 0xfc,
    0x00, 0x00, 0x00, 0x00, 0x00, 0x00, 0x00, 0x00,
    0x00, 0x00,

    /* U+5411 "向" */
    0x00, 0x00, 0x00, 0x00, 0x00, 0x00, 0x00, 0x00,
    0x00, 0x00, 0x00, 0x6f, 0xb0, 0x00, 0x00, 0x00,
    0x00, 0x00, 0x00, 0xcf, 0x50, 0x00, 0x00, 0x00,
    0x00, 0x00, 0x03, 0xfd, 0x00, 0x00, 0x00, 0x10,
    0x1f, 0xff, 0xff, 0xff, 0xff, 0xff, 0xff, 0xfb,
    0x1f, 0xda, 0xaa, 0xaa, 0xaa, 0xaa, 0xaa, 0xfb,
    0x1f, 0x90, 0x00, 0x00, 0x00, 0x00, 0x00, 0xfb,
    0x1f, 0x90, 0x48, 0x77, 0x77, 0x74, 0x00, 0xfb,
    0x1f, 0x90, 0x8f, 0xff, 0xff, 0xfa, 0x00, 0xfb,
    0x1f, 0x90, 0x8f, 0x10, 0x00, 0xea, 0x00, 0xfb,
    0x1f, 0x90, 0x8f, 0x00, 0x00, 0xea, 0x00, 0xfb,
    0x1f, 0x90, 0x8f, 0x00, 0x00, 0xea, 0x00, 0xfb,
    0x1f, 0x90, 0x8f, 0xff, 0xff, 0xfa, 0x00, 0xfb,
    0x1f, 0x90, 0x8f, 0x88, 0x88, 0x85, 0x00, 0xfb,
    0x1f, 0x90, 0x7d, 0x00, 0x00, 0x00, 0x00, 0xfb,
    0x1f, 0x90, 0x00, 0x00, 0x00, 0x3b, 0xbb, 0xfa,
    0x1f, 0x90, 0x00, 0x00, 0x00, 0x0f, 0xff, 0xc3,
    0x00, 0x00, 0x00, 0x00, 0x00, 0x00, 0x00, 0x00,

    /* U+5417 "吗" */
    0x00, 0x00, 0x00, 0x00, 0x00, 0x00, 0x00, 0x00,
    0x69, 0x88, 0x83, 0x7f, 0xff, 0xff, 0xff, 0x90,
    0xbf, 0xff, 0xf7, 0x38, 0x88, 0x88, 0x9f, 0x80,
    0xbd, 0x01, 0xf7, 0x07, 0x90, 0x00, 0x3f, 0x60,
    0xbd, 0x01, 0xf7, 0x0b, 0xd0, 0x00, 0x5f, 0x40,
    0xbd, 0x01, 0xf7, 0x0d, 0xc0, 0x00, 0x7f, 0x30,
    0xbd, 0x01, 0xf7, 0x0e, 0xa0, 0x00, 0x9f, 0x10,
    0xbd, 0x01, 0xf7, 0x0f, 0xb5, 0x55, 0xcf, 0x65,
    0xbd, 0x01, 0xf7, 0x2f, 0xff, 0xff, 0xff, 0xfe,
    0xbd, 0x01, 0xf7, 0x03, 0x21, 0x11, 0x11, 0xcd,
    0xbf, 0xee, 0xf7, 0x00, 0x00, 0x00, 0x00, 0xdb,
    0xbf, 0x99, 0x94, 0xef, 0xff, 0xff, 0xf2, 0xfa,
    0xbd, 0x00, 0x00, 0x89, 0x99, 0x99, 0x93, 0xf7,
    0x55, 0x00, 0x00, 0x00, 0x00, 0x00, 0x06, 0xf4,
    0x00, 0x00, 0x00, 0x00, 0x00, 0x27, 0x7e, 0xf0,
    0x00, 0x00, 0x00, 0x00, 0x00, 0x0f, 0xfe, 0x60,
    0x00, 0x00, 0x00, 0x00, 0x00, 0x00, 0x00, 0x00,

    /* U+542F "启" */
    0x00, 0x00, 0x00, 0x00, 0x00, 0x00, 0x00, 0x00,
    0x00, 0x00, 0x00, 0x06, 0xf6, 0x00, 0x00, 0x00,
    0x00, 0x00, 0x00, 0x01, 0xfe, 0x00, 0x00, 0x00,
    0x00, 0x5b, 0xaa, 0xaa, 0xef, 0xaa, 0xaa, 0xa6,
    0x00, 0x8f, 0xff, 0xff, 0xff, 0xff, 0xff, 0xfa,
    0x00, 0x8f, 0x30, 0x00, 0x00, 0x00, 0x01, 0xfa,
    0x00, 0x8f, 0x30, 0x00, 0x00, 0x00, 0x01, 0xfa,
    0x00, 0x8f, 0xff, 0xff, 0xff, 0xff, 0xff, 0xfa,
    0x00, 0x8f, 0xba, 0xaa, 0xaa, 0xaa, 0xaa, 0xa6,
    0x00, 0x8f, 0x20, 0x00, 0x00, 0x00, 0x00, 0x00,
    0x00, 0xaf, 0x59, 0x99, 0x99, 0x99, 0x99, 0x99,
    0x00, 0xbf, 0x6f, 0xff, 0xff, 0xff, 0xff, 0xff,
    0x00, 0xec, 0x6f, 0x40, 0x00, 0x00, 0x00, 0xbf,
    0x02, 0xf8, 0x6f, 0x40, 0x00, 0x00, 0x00, 0xbf,
    0x08, 0xf3, 0x6f, 0x50, 0x00, 0x00, 0x00, 0xcf,
    0x0e, 0xc0, 0x6f, 0xff, 0xff, 0xff, 0xff, 0xff,
    0x5f, 0x30, 0x6f, 0xa8, 0x88, 0x88, 0x88, 0xdf,
    0x00, 0x00, 0x00, 0x00, 0x00, 0x00, 0x00, 0x00,

    /* U+5468 "周" */
    0x00, 0x9f, 0xff, 0xff, 0xff, 0xff, 0xff, 0xfe,
    0x00, 0x9f, 0x99, 0x99, 0xfd, 0x99, 0x99, 0xee,
    0x00, 0x9f, 0x10, 0x00, 0xeb, 0x00, 0x00, 0xce,
    0x00, 0x9f, 0x1e, 0xff, 0xff, 0xff, 0xd0, 0xce,
    0x00, 0x9f, 0x14, 0x44, 0xfc, 0x44, 0x40, 0xce,
    0x00, 0x9f, 0x10, 0x00, 0xeb, 0x00, 0x00, 0xce,
    0x00, 0x9f, 0x6f, 0xff, 0xff, 0xff, 0xf4, 0xce,
    0x00, 0xaf, 0x25, 0x55, 0x55, 0x55, 0x51, 0xce,
    0x00, 0xbf, 0x03, 0x65, 0x55, 0x55, 0x30, 0xce,
    0x00, 0xcd, 0x08, 0xff, 0xff, 0xff, 0x80, 0xce,
    0x00, 0xfb, 0x08, 0xf0, 0x00, 0x0f, 0x80, 0xce,
    0x03, 0xf7, 0x08, 0xf0, 0x00, 0x1f, 0x80, 0xce,
    0x08, 0xf2, 0x08, 0xff, 0xff, 0xff, 0x80, 0xce,
    0x1e, 0xc0, 0x08, 0xf4, 0x44, 0x49, 0xa8, 0xee,
    0x4e, 0x30, 0x02, 0x40, 0x00, 0x04, 0xff, 0xe6,
    0x00, 0x00, 0x00, 0x00, 0x00, 0x00, 0x00, 0x00,

    /* U+548C "和" */
    0x00, 0x00, 0x00, 0x00, 0x00, 0x00, 0x00, 0x00,
    0x00, 0x00, 0x03, 0x7b, 0xf4, 0x00, 0x00, 0x00,
    0x00, 0x09, 0xcf, 0xff, 0xea, 0x45, 0x99, 0x99,
    0x99, 0x50, 0x7a, 0x7d, 0xf0, 0x00, 0x9f, 0xff,
    0xff, 0xf9, 0x00, 0x00, 0xcf, 0x00, 0x09, 0xf2,
    0x00, 0x2f, 0x90, 0x00, 0x0c, 0xf0, 0x00, 0x9f,
    0x10, 0x02, 0xf9, 0x2f, 0xff, 0xff, 0xff, 0xd9,
    0xf1, 0x00, 0x2f, 0x91, 0xaa, 0xbf, 0xfa, 0xa8,
    0x9f, 0x10, 0x02, 0xf9, 0x00, 0x08, 0xff, 0x60,
    0x09, 0xf1, 0x00, 0x2f, 0x90, 0x00, 0xef, 0xff,
    0x50, 0x9f, 0x10, 0x02, 0xf9, 0x00, 0x7f, 0xdf,
    0xaf, 0x39, 0xf1, 0x00, 0x2f, 0x90, 0x2f, 0x9c,
    0xf0, 0xea, 0x9f, 0x10, 0x02, 0xf9, 0x0c, 0xf1,
    0xcf, 0x03, 0x19, 0xf1, 0x00, 0x2f, 0x95, 0xf6,
    0x0c, 0xf0, 0x00, 0x9f, 0x99, 0x9a, 0xf9, 0x08,
    0x00, 0xcf, 0x00, 0x09, 0xff, 0xff, 0xff, 0x90,
    0x00, 0x0c, 0xf0, 0x00, 0x9f, 0x20, 0x03, 0xf9,
    0x00, 0x00, 0xcf, 0x00, 0x04, 0x80, 0x00, 0x06,
    0x30,

    /* U+5524 "唤" */
    0x00, 0x00, 0x00, 0x00, 0xad, 0x10, 0x00, 0x00,
    0x00, 0x10, 0x00, 0x00, 0x3f, 0xe7, 0x77, 0x70,
    0x00, 0xcf, 0xff, 0x80, 0x1d, 0xff, 0xff, 0xff,
    0x60, 0x0c, 0xd7, 0xf8, 0x0c, 0xf5, 0x00, 0x3f,
    0xb0, 0x00, 0xca, 0x0e, 0x8a, 0xfe, 0xaa, 0xae,
    0xfa, 0xa0, 0x0c, 0xa0, 0xe8, 0x1d, 0xfb, 0xbf,
    0xdb, 0xdf, 0x00, 0xca, 0x0e, 0x80, 0xae, 0x01,
    0xf8, 0x07, 0xf0, 0x0c, 0xa0, 0xe8, 0x0a, 0xe0,
    0x1f, 0x80, 0x7f, 0x00, 0xca, 0x0e, 0x80, 0xae,
    0x01, 0xf7, 0x07, 0xf0, 0x0c, 0xa0, 0xe8, 0x1b,
    0xf2, 0x5f, 0x72, 0x8f, 0x20, 0xca, 0x0e, 0x8b,
    0xff, 0xff, 0xff, 0xff, 0xff, 0x0c, 0xff, 0xf8,
    0x23, 0x33, 0xff, 0xc3, 0x33, 0x30, 0xcd, 0x77,
    0x40, 0x00, 0x9f, 0x9f, 0x60, 0x00, 0x0c, 0xa0,
    0x00, 0x00, 0x9f, 0x90, 0xaf, 0x60, 0x00, 0x22,
    0x00, 0x03, 0xcf, 0x90, 0x00, 0xbf, 0xa2, 0x00,
    0x00, 0x07, 0xff, 0x60, 0x00, 0x00, 0x8f, 0xf2,
    0x00, 0x00, 0x08, 0x10, 0x00, 0x00, 0x00, 0x25,
    0x00,

    /* U+5668 "器" */
    0x00, 0xcf, 0xff, 0xff, 0x02, 0xff, 0xff, 0xfd,
    0x00, 0x00, 0xce, 0x77, 0xcf, 0x02, 0xfa, 0x77,
    0xed, 0x00, 0x00, 0xcc, 0x00, 0xaf, 0x02, 0xf6,
    0x00, 0xdd, 0x00, 0x00, 0xcf, 0xff, 0xff, 0x02,
    0xff, 0xff, 0xfd, 0x00, 0x00, 0x68, 0x88, 0x8c,
    0x82, 0x8c, 0xe8, 0x86, 0x00, 0x00, 0x00, 0x00,
    0x1f, 0xd0, 0x07, 0xfd, 0x30, 0x00, 0x19, 0x99,
    0x99, 0xdf, 0xb9, 0x99, 0xaf, 0xa9, 0x91, 0x1f,
    0xff, 0xff, 0xff, 0xff, 0xff, 0xff, 0xff, 0xf2,
    0x00, 0x02, 0xdf, 0x70, 0x00, 0x2e, 0xf6, 0x00,
    0x00, 0x01, 0x8f, 0xf7, 0x11, 0x00, 0x13, 0xcf,
    0xd6, 0x10, 0x3f, 0xff, 0xff, 0xff, 0x02, 0xff,
    0xff, 0xff, 0xf3, 0x07, 0xde, 0x66, 0xcf, 0x02,
    0xfa, 0x66, 0xee, 0x70, 0x00, 0xcd, 0x00, 0xaf,
    0x02, 0xf7, 0x00, 0xdd, 0x00, 0x00, 0xce, 0x77,
    0xdf, 0x02, 0xfb, 0x77, 0xed, 0x00, 0x00, 0xcf,
    0xff, 0xff, 0x02, 0xff, 0xff, 0xfd, 0x00, 0x00,
    0x11, 0x00, 0x00, 0x00, 0x10, 0x00, 0x00, 0x00,

    /* U+56DB "四" */
    0x7a, 0xaa, 0xaa, 0xaa, 0xaa, 0xaa, 0xaa, 0xa0,
    0xbf, 0xff, 0xff, 0xff, 0xff, 0xff, 0xff, 0xf0,
    0xbf, 0x00, 0x1f, 0x90, 0x1f, 0x80, 0x0c, 0xf0,
    0xbf, 0x00, 0x1f, 0x80, 0x1f, 0x80, 0x0c, 0xf0,
    0xbf, 0x00, 0x2f, 0x70, 0x1f, 0x80, 0x0c, 0xf0,
    0xbf, 0x00, 0x4f, 0x60, 0x1f, 0x80, 0x0c, 0xf0,
    0xbf, 0x00, 0x8f, 0x30, 0x1f, 0x80, 0x0c, 0xf0,
    0xbf, 0x00, 0xdf, 0x00, 0x1f, 0x80, 0x0c, 0xf0,
    0xbf, 0x09, 0xf8, 0x00, 0x0e, 0xff, 0xff, 0xf0,
    0xbf, 0x9f, 0xc0, 0x00, 0x02, 0x77, 0x7d, 0xf0,
    0xbf, 0x29, 0x00, 0x00, 0x00, 0x00, 0x0c, 0xf0,
    0xbf, 0x00, 0x00, 0x00, 0x00, 0x00, 0x0c, 0xf0,
    0xbf, 0xff, 0xff, 0xff, 0xff, 0xff, 0xff, 0xf0,
    0xbf, 0xaa, 0xaa, 0xaa, 0xaa, 0xaa, 0xae, 0xf0,
    0xae, 0x00, 0x00, 0x00, 0x00, 0x00, 0x09, 0xc0,

    /* U+56FA "固" */
    0xbf, 0xff, 0xff, 0xff, 0xff, 0xff, 0xff, 0xf2,
    0xbf, 0x99, 0x99, 0x9b, 0xa9, 0x99, 0x9d, 0xf2,
    0xbf, 0x00, 0x00, 0x0f, 0x90, 0x00, 0x09, 0xf2,
    0xbf, 0x03, 0x33, 0x3f, 0xb3, 0x33, 0x29, 0xf2,
    0xbf, 0x0f, 0xff, 0xff, 0xff, 0xff, 0xc9, 0xf2,
    0xbf, 0x02, 0x22, 0x2f, 0xa2, 0x22, 0x19, 0xf2,
    0xbf, 0x00, 0x00, 0x0f, 0x90, 0x00, 0x09, 0xf2,
    0xbf, 0x00, 0xff, 0xff, 0xff, 0xfa, 0x09, 0xf2,
    0xbf, 0x00, 0xfa, 0x44, 0x44, 0xfa, 0x09, 0xf2,
    0xbf, 0x00, 0xf8, 0x00, 0x00, 0xea, 0x09, 0xf2,
    0xbf, 0x00, 0xfb, 0x55, 0x55, 0xfa, 0x09, 0xf2,
    0xbf, 0x00, 0xef, 0xff, 0xff, 0xfa, 0x09, 0xf2,
    0xbf, 0x00, 0x00, 0x00, 0x00, 0x00, 0x09, 0xf2,
    0xbf, 0xff, 0xff, 0xff, 0xff, 0xff, 0xff, 0xf2,
    0xbf, 0xaa, 0xaa, 0xaa, 0xaa, 0xaa, 0xad, 0xf2,

    /* U+56FE "图" */
    0xaf, 0xff, 0xff, 0xff, 0xff, 0xff, 0xff, 0xf9,
    0xaf, 0x88, 0x88, 0xd9, 0x88, 0x88, 0x89, 0xf9,
    0xaf, 0x00, 0x06, 0xfa, 0x44, 0x45, 0x01, 0xf9,
    0xaf, 0x00, 0x7f, 0xff, 0xff, 0xff, 0x61, 0xf9,
    0xaf, 0x2b, 0xff, 0x80, 0x06, 0xfa, 0x01, 0xf9,
    0xaf, 0x1b, 0x45, 0xfc, 0xbf, 0x80, 0x01, 0xf9,
    0xaf, 0x00, 0x05, 0xdf, 0xfd, 0x50, 0x01, 0xf9,
    0xaf, 0x5a, 0xff, 0xd6, 0x5c, 0xff, 0xb6, 0xf9,
    0xaf, 0x6e, 0x95, 0xc9, 0x40, 0x28, 0xb3, 0xf9,
    0xaf, 0x00, 0x01, 0x6a, 0xfe, 0x50, 0x01, 0xf9,
    0xaf, 0x00, 0x68, 0x63, 0x16, 0x10, 0x01, 0xf9,
    0xaf, 0x00, 0x9b, 0xef, 0xfc, 0x83, 0x01, 0xf9,
    0xaf, 0x00, 0x00, 0x02, 0x59, 0xe8, 0x01, 0xf9,
    0xaf, 0x99, 0x99, 0x99, 0x99, 0x99, 0x99, 0xf9,
    0xaf, 0xff, 0xff, 0xff, 0xff, 0xff, 0xff, 0xf9,

    /* U+5706 "圆" */
    0xaf, 0xff, 0xff, 0xff, 0xff, 0xff, 0xff, 0xfb,
    0xaf, 0x67, 0xaa, 0xaa, 0xaa, 0xaa, 0x76, 0xfb,
    0xaf, 0x03, 0xff, 0xff, 0xff, 0xff, 0x10, 0xfb,
    0xaf, 0x03, 0xf4, 0x00, 0x00, 0x7f, 0x10, 0xfb,
    0xaf, 0x03, 0xff, 0xff, 0xff, 0xff, 0x10, 0xfb,
    0xaf, 0x00, 0x22, 0x22, 0x22, 0x22, 0x00, 0xfb,
    0xaf, 0x08, 0xff, 0xff, 0xff, 0xff, 0x70, 0xfb,
    0xaf, 0x09, 0xf5, 0x56, 0x65, 0x7f, 0x80, 0xfb,
    0xaf, 0x09, 0xe0, 0x0b, 0xc0, 0x2f, 0x80, 0xfb,
    0xaf, 0x09, 0xe0, 0x0d, 0xb0, 0x2f, 0x80, 0xfb,
    0xaf, 0x05, 0x80, 0x8f, 0x8a, 0x48, 0x40, 0xfb,
    0xaf, 0x14, 0x8e, 0xf8, 0x3c, 0xfc, 0x50, 0xfb,
    0xaf, 0x3f, 0xe9, 0x20, 0x00, 0x4c, 0xe1, 0xfb,
    0xaf, 0x69, 0x76, 0x66, 0x66, 0x66, 0x86, 0xfb,
    0xaf, 0xff, 0xff, 0xff, 0xff, 0xff, 0xff, 0xfb,

    /* U+5728 "在" */
    0x00, 0x00, 0x00, 0x01, 0x00, 0x00, 0x00, 0x00,
    0x00, 0x00, 0x00, 0x05, 0xf7, 0x00, 0x00, 0x00,
    0x00, 0x00, 0x00, 0x00, 0xaf, 0x30, 0x00, 0x00,
    0x00, 0x00, 0x89, 0x99, 0x9f, 0xf9, 0x99, 0x99,
    0x99, 0x99, 0x0f, 0xff, 0xff, 0xff, 0xff, 0xff,
    0xff, 0xff, 0xf0, 0x00, 0x01, 0xfe, 0x10, 0x00,
    0x00, 0x00, 0x00, 0x00, 0x00, 0x9f, 0x70, 0x00,
    0x4e, 0x50, 0x00, 0x00, 0x00, 0x4f, 0xd0, 0x00,
    0x05, 0xf6, 0x00, 0x00, 0x00, 0x1e, 0xf3, 0x00,
    0x00, 0x5f, 0x60, 0x00, 0x00, 0x1d, 0xff, 0x02,
    0x99, 0x9b, 0xfc, 0x99, 0x92, 0x2e, 0xff, 0xf0,
    0x3f, 0xff, 0xff, 0xff, 0xff, 0x30, 0xe7, 0xbf,
    0x00, 0x00, 0x05, 0xf6, 0x00, 0x00, 0x01, 0x0b,
    0xf0, 0x00, 0x00, 0x5f, 0x60, 0x00, 0x00, 0x00,
    0xbf, 0x00, 0x00, 0x05, 0xf6, 0x00, 0x00, 0x00,
    0x0b, 0xf0, 0x00, 0x00, 0x5f, 0x60, 0x00, 0x00,
    0x00, 0xbf, 0x0a, 0xbb, 0xbd, 0xfd, 0xbb, 0xba,
    0x00, 0x0b, 0xf0, 0xff, 0xff, 0xff, 0xff, 0xff,
    0xf0,

    /* U+5730 "地" */
    0x00, 0x1f, 0x80, 0x00, 0x00, 0x0b, 0xe0, 0x00,
    0x00, 0x00, 0x1f, 0x80, 0x04, 0x80, 0x0b, 0xe0,
    0x00, 0x00, 0x00, 0x1f, 0x80, 0x08, 0xf1, 0x0b,
    0xe0, 0x01, 0x00, 0x00, 0x1f, 0x80, 0x08, 0xf1,
    0x0b, 0xe2, 0x9f, 0x90, 0x4f, 0xff, 0xff, 0x78,
    0xf1, 0x0b, 0xff, 0xff, 0xa0, 0x3a, 0xaf, 0xda,
    0x58, 0xf8, 0xdf, 0xf9, 0x2f, 0x90, 0x00, 0x1f,
    0x80, 0x3c, 0xff, 0xdd, 0xe0, 0x0f, 0x90, 0x00,
    0x1f, 0x81, 0xff, 0xf5, 0x0b, 0xe0, 0x0f, 0x90,
    0x00, 0x1f, 0x80, 0x5a, 0xf1, 0x0b, 0xe0, 0x0f,
    0x90, 0x00, 0x1f, 0x80, 0x28, 0xf1, 0x0b, 0xe0,
    0x1f, 0x80, 0x00, 0x1f, 0xdf, 0x98, 0xf1, 0x0b,
    0xe6, 0xef, 0x50, 0x05, 0xcf, 0xfb, 0x38, 0xf1,
    0x0b, 0xe2, 0x85, 0x00, 0x5f, 0xfa, 0x30, 0x08,
    0xf1, 0x06, 0x80, 0x00, 0x60, 0x09, 0x20, 0x00,
    0x08, 0xf1, 0x00, 0x00, 0x03, 0xf6, 0x00, 0x00,
    0x00, 0x06, 0xfb, 0x88, 0x88, 0x8d, 0xf2, 0x00,
    0x00, 0x00, 0x00, 0xbf, 0xff, 0xff, 0xfe, 0x70,

    /* U+578B "型" */
    0x00, 0x00, 0x00, 0x00, 0x00, 0x00, 0x00, 0x8f,
    0x10, 0x03, 0xff, 0xff, 0xff, 0xff, 0x0a, 0xe0,
    0x8f, 0x10, 0x00, 0x0a, 0xe0, 0x2f, 0x70, 0x0a,
    0xe0, 0x8f, 0x10, 0x00, 0x0a, 0xe0, 0x2f, 0x70,
    0x0a, 0xe0, 0x8f, 0x10, 0x0c, 0xff, 0xff, 0xff,
    0xff, 0x5a, 0xe0, 0x8f, 0x10, 0x07, 0x9e, 0xe9,
    0xaf, 0xc9, 0x2a, 0xe0, 0x8f, 0x10, 0x00, 0x1f,
    0xa0, 0x2f, 0x70, 0x0a, 0xe0, 0x8f, 0x10, 0x00,
    0xaf, 0x40, 0x2f, 0x70, 0x00, 0x10, 0x8f, 0x10,
    0x0a, 0xfa, 0x00, 0x2f, 0x70, 0x00, 0x7d, 0xff,
    0x00, 0x04, 0x90, 0x00, 0x16, 0xde, 0x00, 0x3a,
    0x94, 0x00, 0x00, 0x00, 0x00, 0x00, 0xcf, 0x00,
    0x00, 0x00, 0x00, 0x00, 0x4f, 0xff, 0xff, 0xff,
    0xff, 0xff, 0xf5, 0x00, 0x00, 0x28, 0x88, 0x88,
    0xef, 0x88, 0x88, 0x82, 0x00, 0x00, 0x00, 0x00,
    0x00, 0xcf, 0x00, 0x00, 0x00, 0x00, 0x1e, 0xee,
    0xee, 0xee, 0xff, 0xee, 0xee, 0xee, 0xe2, 0x1b,
    0xbb, 0xbb, 0xbb, 0xbb, 0xbb, 0xbb, 0xbb, 0xb2,

    /* U+57FA "基" */
    0x00, 0x00, 0xcf, 0x00, 0x00, 0x00, 0xed, 0x00,
    0x00, 0x02, 0x77, 0xdf, 0x77, 0x77, 0x77, 0xfe,
    0x77, 0x30, 0x05, 0xff, 0xff, 0xff, 0xff, 0xff,
    0xff, 0xff, 0x70, 0x00, 0x00, 0xcf, 0x33, 0x33,
    0x33, 0xed, 0x00, 0x00, 0x00, 0x00, 0xcf, 0xff,
    0xff, 0xff, 0xfd, 0x00, 0x00, 0x00, 0x00, 0xcf,
    0x00, 0x00, 0x00, 0xed, 0x00, 0x00, 0x00, 0x00,
    0xcf, 0xff, 0xff, 0xff, 0xfd, 0x00, 0x00, 0x00,
    0x00, 0xcf, 0x33, 0x33, 0x33, 0xed, 0x00, 0x00,
    0x3c, 0xcc, 0xff, 0xcc, 0xcc, 0xcc, 0xff, 0xcc,
    0xc3, 0x2a, 0xaa, 0xef, 0xca, 0xaa, 0xaa, 0xfe,
    0xaa, 0xa2, 0x00, 0x06, 0xfb, 0x00, 0xa9, 0x00,
    0x8f, 0x80, 0x00, 0x00, 0x9f, 0xe6, 0x55, 0xfe,
    0x55, 0x5b, 0xfc, 0x20, 0x2e, 0xf9, 0x6f, 0xff,
    0xff, 0xff, 0xf6, 0x6f, 0xf2, 0x06, 0x30, 0x00,
    0x00, 0xed, 0x00, 0x00, 0x01, 0x40, 0x00, 0x8a,
    0xaa, 0xaa, 0xff, 0xaa, 0xaa, 0xa8, 0x00, 0x00,
    0xcf, 0xff, 0xff, 0xff, 0xff, 0xff, 0xfe, 0x00,

    /* U+58F0 "声" */
    0x00, 0x00, 0x00, 0x00, 0xbf, 0x00, 0x00, 0x00,
    0x00, 0x09, 0xff, 0xff, 0xff, 0xff, 0xff, 0xff,
    0xff, 0xf0, 0x04, 0x88, 0x88, 0x88, 0xdf, 0x88,
    0x88, 0x88, 0x80, 0x00, 0x00, 0x00, 0x00, 0xbf,
    0x00, 0x00, 0x00, 0x00, 0x00, 0x6d, 0xdd, 0xdd,
    0xff, 0xdd, 0xdd, 0xdd, 0x20, 0x00, 0x4a, 0xaa,
    0xaa, 0xaa, 0xaa, 0xaa, 0xaa, 0x20, 0x00, 0x05,
    0x65, 0x55, 0x55, 0x55, 0x55, 0x55, 0x00, 0x00,
    0x2f, 0xff, 0xff, 0xff, 0xff, 0xff, 0xfe, 0x00,
    0x00, 0x2f, 0x90, 0x00, 0xaf, 0x10, 0x00, 0xde,
    0x00, 0x00, 0x2f, 0x80, 0x00, 0xaf, 0x00, 0x00,
    0xde, 0x00, 0x00, 0x3f, 0x92, 0x22, 0xbf, 0x22,
    0x22, 0xde, 0x00, 0x00, 0x5f, 0xff, 0xff, 0xff,
    0xff, 0xff, 0xfe, 0x00, 0x00, 0x8f, 0x75, 0x55,
    0x55, 0x55, 0x55, 0xee, 0x00, 0x00, 0xde, 0x00,
    0x00, 0x00, 0x00, 0x00, 0x34, 0x00, 0x06, 0xf8,
    0x00, 0x00, 0x00, 0x00, 0x00, 0x00, 0x00, 0x1f,
    0xf1, 0x00, 0x00, 0x00, 0x00, 0x00, 0x00, 0x00,
    0x05, 0x40, 0x00, 0x00, 0x00, 0x00, 0x00, 0x00,
    0x00,

    /* U+5907 "备" */
    0x00, 0x00, 0x00, 0x00, 0x00, 0x00, 0x00, 0x00,
    0x00, 0x00, 0x00, 0x00, 0xaf, 0x40, 0x00, 0x00,
    0x00, 0x00, 0x00, 0x00, 0x07, 0xff, 0x88, 0x88,
    0x89, 0x20, 0x00, 0x00, 0x00, 0x9f, 0xff, 0xff,
    0xff, 0xff, 0x70, 0x00, 0x00, 0x3c, 0xff, 0xa0,
    0x00, 0x08, 0xfa, 0x00, 0x00, 0x02, 0xff, 0x67,
    0xfd, 0x53, 0xcf, 0x80, 0x00, 0x00, 0x00, 0x41,
    0x00, 0x4f, 0xff, 0xf6, 0x00, 0x00, 0x00, 0x00,
    0x03, 0x7b, 0xff, 0xdd, 0xff, 0xd9, 0x63, 0x10,
    0x1d, 0xff, 0xfe, 0x94, 0x00, 0x28, 0xcf, 0xff,
    0xf4, 0x08, 0x9d, 0xa7, 0x77, 0x77, 0x77, 0x78,
    0xb6, 0x60, 0x00, 0x0e, 0xff, 0xff, 0xff, 0xff,
    0xff, 0xf0, 0x00, 0x00, 0x0e, 0xe0, 0x00, 0xbf,
    0x00, 0x0a, 0xf0, 0x00, 0x00, 0x0e, 0xf6, 0x66,
    0xdf, 0x66, 0x6c, 0xf0, 0x00, 0x00, 0x0e, 0xff,
    0xff, 0xff, 0xff, 0xff, 0xf0, 0x00, 0x00, 0x0e,
    0xe0, 0x00, 0xbf, 0x00, 0x0a, 0xf0, 0x00, 0x00,
    0x0e, 0xfb, 0xbb, 0xef, 0xbb, 0xbe, 0xf0, 0x00,
    0x00, 0x0e, 0xfc, 0xcc, 0xcc, 0xcc, 0xce, 0xf0,
    0x00, 0x00, 0x00, 0x00, 0x00, 0x00, 0x00, 0x00,
    0x00, 0x00,

    /* U+590D "复" */
    0x00, 0x00, 0x00, 0x00, 0x00, 0x00, 0x00, 0x00,
    0x00, 0x00, 0x00, 0x7e, 0x20, 0x00, 0x00, 0x00,
    0x00, 0x00, 0x00, 0x02, 0xfe, 0x77, 0x77, 0x77,
    0x77, 0x77, 0x40, 0x00, 0x2e, 0xff, 0xff, 0xff,
    0xff, 0xff, 0xff, 0x90, 0x03, 0xef, 0x62, 0x22,
    0x22, 0x22, 0x22, 0x20, 0x00, 0x0a, 0xf6, 0xff,
    0xff, 0xff, 0xff, 0xff, 0xf5, 0x00, 0x01, 0x31,
    0xfa, 0x00, 0x00, 0x00, 0x07, 0xf5, 0x00, 0x00,
    0x01, 0xff, 0xff, 0xff, 0xff, 0xff, 0xf5, 0x00,
    0x00, 0x01, 0xfa, 0x22, 0x22, 0x22, 0x28, 0xf5,
    0x00, 0x00, 0x01, 0xff, 0xee, 0xee, 0xee, 0xef,
    0xf5, 0x00, 0x00, 0x00, 0x39, 0xf8, 0x33, 0x33,
    0x33, 0x31, 0x00, 0x00, 0x00, 0x6f, 0xfe, 0xee,
    0xee, 0xef, 0xb0, 0x00, 0x00, 0x1a, 0xff, 0xc5,
    0x55, 0x56, 0xef, 0x80, 0x00, 0x00, 0xdf, 0x66,
    0xfb, 0x20, 0x6e, 0xf7, 0x00, 0x00, 0x00, 0x12,
    0x00, 0x3f, 0xff, 0xfd, 0x20, 0x00, 0x00, 0x04,
    0x58, 0xad, 0xff, 0xec, 0xff, 0xfc, 0xa8, 0x62,
    0x0e, 0xff, 0xeb, 0x73, 0x00, 0x05, 0x8b, 0xef,
    0xf1, 0x02, 0x20, 0x00, 0x00, 0x00, 0x00, 0x00,
    0x00, 0x10,

    /* U+591A "多" */
    0x00, 0x00, 0x00, 0x00, 0x00, 0x00, 0x00, 0x00,
    0x00, 0x00, 0x00, 0x9f, 0x60, 0x00, 0x00, 0x00,
    0x00, 0x00, 0x0a, 0xff, 0x88, 0x88, 0x70, 0x00,
    0x00, 0x03, 0xdf, 0xff, 0xff, 0xff, 0xf3, 0x00,
    0x02, 0xaf, 0xe4, 0x00, 0x00, 0xbf, 0x70, 0x00,
    0x0c, 0xf9, 0x6c, 0x30, 0x2c, 0xf8, 0x00, 0x00,
    0x01, 0x10, 0x2d, 0xfa, 0xff, 0x60, 0x00, 0x00,
    0x00, 0x00, 0x29, 0xff, 0xc7, 0xa4, 0x00, 0x00,
    0x14, 0x8c, 0xff, 0xc4, 0x4f, 0xe3, 0x00, 0x10,
    0x7f, 0xfd, 0x82, 0x07, 0xff, 0xff, 0xff, 0xfb,
    0x05, 0x20, 0x03, 0xcf, 0xc7, 0x77, 0x7d, 0xf7,
    0x00, 0x03, 0xaf, 0xf7, 0x00, 0x00, 0x6f, 0xd0,
    0x00, 0x4f, 0xf9, 0x3d, 0xb1, 0x08, 0xfe, 0x10,
    0x00, 0x04, 0x10, 0x06, 0xfe, 0xcf, 0xc1, 0x00,
    0x00, 0x00, 0x00, 0x16, 0xef, 0xf8, 0x00, 0x00,
    0x01, 0x36, 0x9c, 0xff, 0xf9, 0x10, 0x00, 0x00,
    0xaf, 0xff, 0xfe, 0xa5, 0x00, 0x00, 0x00, 0x00,
    0x39, 0x74, 0x10, 0x00, 0x00, 0x00, 0x00, 0x00,

    /* U+5927 "大" */
    0x00, 0x00, 0x00, 0x00, 0xfe, 0x00, 0x00, 0x00,
    0x00, 0x00, 0x00, 0x00, 0x00, 0xfe, 0x00, 0x00,
    0x00, 0x00, 0x00, 0x00, 0x00, 0x00, 0xfd, 0x00,
    0x00, 0x00, 0x00, 0x00, 0x00, 0x00, 0x00, 0xfc,
    0x00, 0x00, 0x00, 0x00, 0x00, 0x00, 0x00, 0x02,
    0xfb, 0x00, 0x00, 0x00, 0x00, 0x0e, 0xff, 0xff,
    0xff, 0xff, 0xff, 0xff, 0xff, 0xf0, 0x0a, 0xbb,
    0xbb, 0xbd, 0xff, 0xdb, 0xbb, 0xbb, 0xb0, 0x00,
    0x00, 0x00, 0x0a, 0xff, 0xa0, 0x00, 0x00, 0x00,
    0x00, 0x00, 0x00, 0x0e, 0xfd, 0xf1, 0x00, 0x00,
    0x00, 0x00, 0x00, 0x00, 0x5f, 0xa6, 0xf9, 0x00,
    0x00, 0x00, 0x00, 0x00, 0x00, 0xdf, 0x30, 0xef,
    0x20, 0x00, 0x00, 0x00, 0x00, 0x08, 0xfb, 0x00,
    0x6f, 0xc0, 0x00, 0x00, 0x00, 0x00, 0x6f, 0xe1,
    0x00, 0x0b, 0xfb, 0x00, 0x00, 0x00, 0x07, 0xff,
    0x40, 0x00, 0x01, 0xdf, 0xb1, 0x00, 0x03, 0xcf,
    0xf4, 0x00, 0x00, 0x00, 0x2d, 0xfe, 0x60, 0x0d,
    0xfc, 0x20, 0x00, 0x00, 0x00, 0x01, 0xbf, 0xc0,
    0x02, 0x50, 0x00, 0x00, 0x00, 0x00, 0x00, 0x04,
    0x20,

    /* U+5929 "天" */
    0x02, 0xcc, 0xcc, 0xcc, 0xcc, 0xcc, 0xcc, 0xcc,
    0x10, 0x02, 0xff, 0xff, 0xff, 0xff, 0xff, 0xff,
    0xff, 0x10, 0x00, 0x00, 0x00, 0x00, 0xfc, 0x00,
    0x00, 0x00, 0x00, 0x00, 0x00, 0x00, 0x00, 0xfc,
    0x00, 0x00, 0x00, 0x00, 0x00, 0x00, 0x00, 0x00,
    0xfb, 0x00, 0x00, 0x00, 0x00, 0x07, 0xaa, 0xaa,
    0xaa, 0xfe, 0xaa, 0xaa, 0xaa, 0x90, 0x0c, 0xff,
    0xff, 0xff, 0xff, 0xff, 0xff, 0xff, 0xe0, 0x01,
    0x22, 0x22, 0x29, 0xff, 0x82, 0x22, 0x22, 0x10,
    0x00, 0x00, 0x00, 0x0e, 0xfe, 0xe0, 0x00, 0x00,
    0x00, 0x00, 0x00, 0x00, 0x7f, 0xa7, 0xf8, 0x00,
    0x00, 0x00, 0x00, 0x00, 0x03, 0xff, 0x20, 0xdf,
    0x50, 0x00, 0x00, 0x00, 0x00, 0x4f, 0xf6, 0x00,
    0x2f, 0xf6, 0x00, 0x00, 0x00, 0x19, 0xff, 0x60,
    0x00, 0x04, 0xff, 0xa2, 0x00, 0x08, 0xff, 0xe4,
    0x00, 0x00, 0x00, 0x2d, 0xff, 0xb2, 0x0b, 0xe7,
    0x00, 0x00, 0x00, 0x00, 0x00, 0x6e, 0xc0, 0x00,
    0x00, 0x00, 0x00, 0x00, 0x00, 0x00, 0x00, 0x10,

    /* U+592A "太" */
    0x00, 0x00, 0x00, 0x00, 0xfe, 0x00, 0x00, 0x00,
    0x00, 0x00, 0x00, 0x00, 0x00, 0xfe, 0x00, 0x00,
    0x00, 0x00, 0x00, 0x00, 0x00, 0x00, 0xfd, 0x00,
    0x00, 0x00, 0x00, 0x00, 0x00, 0x00, 0x00, 0xfc,
    0x00, 0x00, 0x00, 0x00, 0x0a, 0xbb, 0xbb, 0xbb,
    0xfe, 0xbb, 0xbb, 0xbb, 0xb0, 0x0f, 0xff, 0xff,
    0xff, 0xff, 0xff, 0xff, 0xff, 0xf1, 0x00, 0x00,
    0x00, 0x07, 0xff, 0xa0, 0x00, 0x00, 0x00, 0x00,
    0x00, 0x00, 0x0b, 0xfe, 0xf1, 0x00, 0x00, 0x00,
    0x00, 0x00, 0x00, 0x0f, 0xe6, 0xf7, 0x00, 0x00,
    0x00, 0x00, 0x00, 0x00, 0x7f, 0x80, 0xee, 0x00,
    0x00, 0x00, 0x00, 0x00, 0x01, 0xef, 0x20, 0x7f,
    0x90, 0x00, 0x00, 0x00, 0x00, 0x0b, 0xfa, 0x00,
    0x0e, 0xf5, 0x00, 0x00, 0x00, 0x00, 0x9f, 0xff,
    0x80, 0x04, 0xff, 0x40, 0x00, 0x00, 0x1b, 0xfe,
    0x3d, 0xf9, 0x00, 0x7f, 0xf6, 0x00, 0x18, 0xff,
    0xc1, 0x01, 0xdf, 0x80, 0x07, 0xff, 0xb2, 0x0c,
    0xf7, 0x00, 0x00, 0x1e, 0x70, 0x00, 0x4e, 0xd0,
    0x01, 0x10, 0x00, 0x00, 0x00, 0x00, 0x00, 0x00,
    0x10,

    /* U+59CB "始" */
    0x00, 0x00, 0x00, 0x00, 0x00, 0x00, 0x00, 0x00,
    0x00, 0x00, 0x1f, 0x70, 0x00, 0x00, 0x2f, 0xa0,
    0x00, 0x00, 0x00, 0x3f, 0x50, 0x00, 0x00, 0x9f,
    0x50, 0x00, 0x00, 0x00, 0x6f, 0x20, 0x00, 0x01,
    0xfd, 0x00, 0x60, 0x00, 0x29, 0xcf, 0x99, 0x80,
    0x0a, 0xf4, 0x04, 0xf9, 0x00, 0x4f, 0xff, 0xff,
    0xf0, 0x3f, 0xa0, 0x00, 0x9f, 0x30, 0x00, 0xfa,
    0x0b, 0xd0, 0xdf, 0x55, 0x67, 0x9f, 0xd0, 0x02,
    0xf6, 0x0c, 0xb9, 0xff, 0xff, 0xff, 0xff, 0xf5,
    0x06, 0xf2, 0x0f, 0x94, 0x97, 0x64, 0x32, 0x00,
    0xe7, 0x0a, 0xe0, 0x3f, 0x60, 0x00, 0x00, 0x00,
    0x00, 0x00, 0x0d, 0xf7, 0x7f, 0x20, 0xcf, 0xff,
    0xff, 0xff, 0x90, 0x01, 0xbf, 0xfd, 0x00, 0xce,
    0x99, 0x99, 0x9f, 0x90, 0x00, 0x0a, 0xfc, 0x00,
    0xcc, 0x00, 0x00, 0x0f, 0x90, 0x00, 0x0c, 0xff,
    0xc0, 0xcc, 0x00, 0x00, 0x0f, 0x90, 0x00, 0x9f,
    0x58, 0xf2, 0xcc, 0x00, 0x00, 0x0f, 0x90, 0x1a,
    0xf8, 0x00, 0x30, 0xcf, 0xff, 0xff, 0xff, 0x90,
    0x0b, 0x60, 0x00, 0x00, 0xce, 0x88, 0x88, 0x8f,
    0x90, 0x00, 0x00, 0x00, 0x00, 0x00, 0x00, 0x00,
    0x00, 0x00,

    /* U+5A9A "媚" */
    0x00, 0x00, 0x00, 0x00, 0x00, 0x00, 0x00, 0x00,
    0x00, 0x02, 0xf5, 0x00, 0x00, 0x00, 0x00, 0x00,
    0x00, 0x00, 0x4f, 0x30, 0x09, 0xfe, 0xef, 0xfe,
    0xef, 0xb0, 0x06, 0xf1, 0x00, 0x9f, 0x00, 0xcc,
    0x00, 0xeb, 0x18, 0xcf, 0x88, 0x49, 0xf0, 0x0c,
    0xc0, 0x0e, 0xb2, 0xff, 0xff, 0xf9, 0x9f, 0xff,
    0xff, 0xff, 0xfb, 0x00, 0xe9, 0x0f, 0x79, 0xf6,
    0x66, 0x66, 0x66, 0x40, 0x1f, 0x51, 0xf6, 0x9f,
    0x37, 0x77, 0x77, 0x74, 0x05, 0xf2, 0x4f, 0x39,
    0xf7, 0xff, 0xff, 0xff, 0xa0, 0x8e, 0x07, 0xf1,
    0x9e, 0x7f, 0x00, 0x00, 0xea, 0x0c, 0xd0, 0xad,
    0x0a, 0xd7, 0xff, 0xff, 0xff, 0xa0, 0x9f, 0xbe,
    0x90, 0xcb, 0x7f, 0x66, 0x66, 0xfa, 0x00, 0x7f,
    0xf4, 0x0e, 0x97, 0xf3, 0x33, 0x3e, 0xa0, 0x00,
    0xdf, 0xb1, 0xf6, 0x7f, 0xff, 0xff, 0xfa, 0x00,
    0x6f, 0xaf, 0x8f, 0x27, 0xf1, 0x11, 0x1e, 0xa0,
    0x5f, 0x50, 0x6a, 0xc0, 0x7f, 0x77, 0x77, 0xfa,
    0x1c, 0x50, 0x01, 0xe5, 0x07, 0xff, 0xff, 0xff,
    0xa0,

    /* U+5B58 "存" */
    0x00, 0x00, 0x00, 0x12, 0x00, 0x00, 0x00, 0x00,
    0x00, 0x00, 0x00, 0x00, 0x7f, 0x60, 0x00, 0x00,
    0x00, 0x00, 0x00, 0x00, 0x00, 0xcf, 0x10, 0x00,
    0x00, 0x00, 0x00, 0x0e, 0xff, 0xff, 0xff, 0xff,
    0xff, 0xff, 0xff, 0xe0, 0x0a, 0xbb, 0xbe, 0xfb,
    0xbb, 0xbb, 0xbb, 0xbb, 0xa0, 0x00, 0x00, 0x2f,
    0xd0, 0x00, 0x00, 0x00, 0x00, 0x00, 0x00, 0x00,
    0xbf, 0x43, 0x88, 0x88, 0x88, 0x84, 0x00, 0x00,
    0x06, 0xfb, 0x06, 0xff, 0xff, 0xff, 0xfd, 0x00,
    0x00, 0x3f, 0xf1, 0x00, 0x00, 0x00, 0x7f, 0xc1,
    0x00, 0x03, 0xef, 0xf0, 0x00, 0x00, 0x0b, 0xf9,
    0x00, 0x00, 0x4f, 0xff, 0xf0, 0x00, 0x00, 0x0f,
    0xb0, 0x00, 0x00, 0x1e, 0x4c, 0xf0, 0xdf, 0xff,
    0xff, 0xff, 0xff, 0xf4, 0x00, 0x0c, 0xf0, 0x8a,
    0xaa, 0xaf, 0xea, 0xaa, 0xa2, 0x00, 0x0c, 0xf0,
    0x00, 0x00, 0x0f, 0xa0, 0x00, 0x00, 0x00, 0x0c,
    0xf0, 0x00, 0x00, 0x0f, 0xa0, 0x00, 0x00, 0x00,
    0x0c, 0xf0, 0x00, 0x68, 0x9f, 0xa0, 0x00, 0x00,
    0x00, 0x0c, 0xf0, 0x00, 0x8f, 0xfe, 0x40, 0x00,
    0x00, 0x00, 0x00, 0x00, 0x00, 0x00, 0x00, 0x00,
    0x00, 0x00,

    /* U+5B9A "定" */
    0x00, 0x00, 0x00, 0x00, 0x00, 0x00, 0x00, 0x00,
    0x00, 0x00, 0x00, 0x00, 0x03, 0xf9, 0x00, 0x00,
    0x00, 0x00, 0x00, 0x00, 0x00, 0x01, 0xef, 0x10,
    0x00, 0x00, 0x00, 0x09, 0xff, 0xff, 0xff, 0xff,
    0xff, 0xff, 0xff, 0xa0, 0x09, 0xf9, 0x99, 0x99,
    0x99, 0x99, 0x99, 0x9f, 0xa0, 0x09, 0xf1, 0x00,
    0x00, 0x00, 0x00, 0x00, 0x1f, 0xa0, 0x09, 0xf2,
    0xaa, 0xaa, 0xaa, 0xaa, 0xaa, 0x3f, 0xa0, 0x01,
    0x21, 0xff, 0xff, 0xff, 0xff, 0xff, 0x22, 0x10,
    0x00, 0x00, 0x00, 0x00, 0xed, 0x00, 0x00, 0x00,
    0x00, 0x00, 0x02, 0xd6, 0x00, 0xed, 0x00, 0x00,
    0x00, 0x00, 0x00, 0x05, 0xf6, 0x00, 0xef, 0x99,
    0x99, 0x90, 0x00, 0x00, 0x09, 0xf4, 0x00, 0xef,
    0xff, 0xff, 0xf1, 0x00, 0x00, 0x0e, 0xfa, 0x00,
    0xed, 0x00, 0x00, 0x00, 0x00, 0x00, 0x4f, 0xef,
    0x60, 0xed, 0x00, 0x00, 0x00, 0x00, 0x00, 0xdf,
    0x2c, 0xfa, 0xfd, 0x00, 0x00, 0x00, 0x00, 0x0a,
    0xf8, 0x01, 0xbf, 0xff, 0xcb, 0xbb, 0xbb, 0xb2,
    0x1d, 0xb0, 0x00, 0x03, 0x9c, 0xef, 0xff, 0xff,
    0xe0, 0x01, 0x00, 0x00, 0x00, 0x00, 0x00, 0x00,
    0x00, 0x00,

    /* U+5BFC "导" */
    0x00, 0xbf, 0xee, 0xee, 0xee, 0xee, 0xef, 0xc0,
    0x00, 0x0a, 0xf1, 0x00, 0x00, 0x00, 0x00, 0xec,
    0x00, 0x00, 0xaf, 0x98, 0x88, 0x88, 0x88, 0x8f,
    0xc0, 0x00, 0x0a, 0xff, 0xff, 0xff, 0xff, 0xff,
    0xfb, 0x00, 0x00, 0xaf, 0x10, 0x00, 0x00, 0x00,
    0x00, 0x19, 0x30, 0x08, 0xfb, 0x76, 0x66, 0x66,
    0x66, 0x7b, 0xf6, 0x00, 0x19, 0xde, 0xff, 0xff,
    0xff, 0xff, 0xe9, 0x00, 0x00, 0x00, 0x00, 0x00,
    0x00, 0x8c, 0x10, 0x00, 0x08, 0x88, 0x88, 0x88,
    0x88, 0x8d, 0xf9, 0x88, 0x70, 0xff, 0xff, 0xff,
    0xff, 0xff, 0xff, 0xff, 0xfe, 0x00, 0x02, 0xeb,
    0x10, 0x00, 0x0b, 0xf2, 0x00, 0x00, 0x00, 0x06,
    0xfc, 0x10, 0x00, 0xbf, 0x10, 0x00, 0x00, 0x00,
    0x05, 0xf9, 0x00, 0x0b, 0xf1, 0x00, 0x00, 0x00,
    0x00, 0x05, 0x06, 0x77, 0xdf, 0x00, 0x00, 0x00,
    0x00, 0x00, 0x00, 0x9f, 0xfe, 0x90, 0x00, 0x00,
    0x00, 0x00, 0x00, 0x00, 0x00, 0x00, 0x00, 0x00,

    /* U+5C06 "将" */
    0x00, 0x00, 0x00, 0x00, 0x00, 0x00, 0x00, 0x00,
    0x00, 0x00, 0x01, 0xf9, 0x00, 0x00, 0x7f, 0x60,
    0x00, 0x00, 0x00, 0x01, 0xf9, 0x00, 0x08, 0xff,
    0xff, 0xff, 0x90, 0x0a, 0x41, 0xf9, 0x04, 0xdf,
    0x96, 0x66, 0xcf, 0x60, 0x1d, 0xf4, 0xf9, 0x6f,
    0xd9, 0x70, 0x06, 0xfb, 0x00, 0x02, 0xee, 0xf9,
    0x04, 0x08, 0xf8, 0x9f, 0xc0, 0x00, 0x00, 0x5a,
    0xf9, 0x00, 0x00, 0xdf, 0xf9, 0x00, 0x00, 0x00,
    0x01, 0xf9, 0x15, 0xaf, 0xfc, 0x35, 0x80, 0x00,
    0x00, 0x01, 0xf9, 0x3f, 0xe9, 0x30, 0x0a, 0xf1,
    0x00, 0x00, 0x06, 0xf9, 0x6a, 0x88, 0x88, 0x8d,
    0xf9, 0x81, 0x00, 0x8f, 0xf9, 0xbf, 0xff, 0xff,
    0xff, 0xff, 0xf2, 0x1b, 0xfa, 0xf9, 0x02, 0x92,
    0x00, 0x0a, 0xf2, 0x00, 0x1e, 0x71, 0xf9, 0x02,
    0xfd, 0x10, 0x0a, 0xf1, 0x00, 0x01, 0x01, 0xf9,
    0x00, 0x4f, 0xb0, 0x0a, 0xf1, 0x00, 0x00, 0x01,
    0xf9, 0x00, 0x09, 0x80, 0x0a, 0xf1, 0x00, 0x00,
    0x01, 0xf9, 0x00, 0x00, 0x18, 0x8d, 0xf0, 0x00,
    0x00, 0x01, 0xf9, 0x00, 0x00, 0x0f, 0xff, 0x90,
    0x00, 0x00, 0x00, 0x00, 0x00, 0x00, 0x00, 0x00,
    0x00, 0x00,

    /* U+5C0F "小" */
    0x00, 0x00, 0x00, 0x00, 0xdf, 0x00, 0x00, 0x00,
    0x00, 0x00, 0x00, 0x00, 0x00, 0xdf, 0x00, 0x00,
    0x00, 0x00, 0x00, 0x00, 0x00, 0x00, 0xdf, 0x00,
    0x00, 0x00, 0x00, 0x00, 0x00, 0x00, 0x00, 0xdf,
    0x00, 0x00, 0x00, 0x00, 0x00, 0x09, 0xc2, 0x00,
    0xdf, 0x00, 0x3d, 0x70, 0x00, 0x00, 0x0e, 0xf1,
    0x00, 0xdf, 0x00, 0x0e, 0xf1, 0x00, 0x00, 0x2f,
    0xc0, 0x00, 0xdf, 0x00, 0x07, 0xf9, 0x00, 0x00,
    0x7f, 0x70, 0x00, 0xdf, 0x00, 0x00, 0xef, 0x10,
    0x00, 0xdf, 0x20, 0x00, 0xdf, 0x00, 0x00, 0x8f,
    0x80, 0x05, 0xfb, 0x00, 0x00, 0xdf, 0x00, 0x00,
    0x2f, 0xe0, 0x0e, 0xf3, 0x00, 0x00, 0xdf, 0x00,
    0x00, 0x0c, 0xf4, 0x2c, 0x90, 0x00, 0x00, 0xdf,
    0x00, 0x00, 0x07, 0xf7, 0x00, 0x00, 0x00, 0x00,
    0xdf, 0x00, 0x00, 0x01, 0x20, 0x00, 0x00, 0x00,
    0x00, 0xdf, 0x00, 0x00, 0x00, 0x00, 0x00, 0x00,
    0x1b, 0xab, 0xfe, 0x00, 0x00, 0x00, 0x00, 0x00,
    0x00, 0x0d, 0xff, 0xd6, 0x00, 0x00, 0x00, 0x00,
    0x00, 0x00, 0x00, 0x00, 0x00, 0x00, 0x00, 0x00,
    0x00,

    /* U+5C3C "尼" */
    0x00, 0x1f, 0xff, 0xff, 0xff, 0xff, 0xff, 0xfa,
    0x00, 0x01, 0xfd, 0x88, 0x88, 0x88, 0x88, 0x9f,
    0xa0, 0x00, 0x1f, 0xa0, 0x00, 0x00, 0x00, 0x01,
    0xfa, 0x00, 0x01, 0xfd, 0x88, 0x88, 0x88, 0x88,
    0x9f, 0xa0, 0x00, 0x1f, 0xff, 0xff, 0xff, 0xff,
    0xff, 0xfa, 0x00, 0x01, 0xfa, 0x02, 0x30, 0x00,
    0x00, 0x00, 0x00, 0x00, 0x2f, 0x90, 0xbf, 0x00,
    0x00, 0x00, 0x20, 0x00, 0x02, 0xf8, 0x0b, 0xf0,
    0x00, 0x06, 0xdf, 0x20, 0x00, 0x4f, 0x70, 0xbf,
    0x03, 0x9f, 0xfe, 0x92, 0x00, 0x06, 0xf5, 0x0b,
    0xfd, 0xff, 0xa4, 0x00, 0x00, 0x00, 0x8f, 0x20,
    0xbf, 0xa5, 0x00, 0x00, 0x01, 0x00, 0x0c, 0xf0,
    0x0b, 0xf0, 0x00, 0x00, 0x00, 0xe9, 0x01, 0xfb,
    0x00, 0xbf, 0x10, 0x00, 0x00, 0x2f, 0x90, 0x8f,
    0x60, 0x07, 0xff, 0xff, 0xff, 0xff, 0xf4, 0x0b,
    0xe0, 0x00, 0x06, 0x9a, 0xaa, 0xaa, 0x95, 0x00,
    0x02, 0x00, 0x00, 0x00, 0x00, 0x00, 0x00, 0x00,

    /* U+5C4F "屏" */
    0x00, 0xbf, 0xff, 0xff, 0xff, 0xff, 0xff, 0xff,
    0x30, 0x00, 0xbf, 0x77, 0x77, 0x77, 0x77, 0x77,
    0xcf, 0x30, 0x00, 0xbf, 0x65, 0x55, 0x55, 0x55,
    0x55, 0xbf, 0x30, 0x00, 0xbf, 0xff, 0xff, 0xff,
    0xff, 0xff, 0xff, 0x30, 0x00, 0xbf, 0x21, 0x6c,
    0x31, 0x11, 0x2c, 0x61, 0x00, 0x00, 0xbf, 0x00,
    0x4f, 0x90, 0x00, 0x7f, 0x50, 0x00, 0x00, 0xbf,
    0x27, 0x7d, 0x87, 0x77, 0xee, 0x77, 0x40, 0x00,
    0xbf, 0x4f, 0xff, 0xff, 0xff, 0xff, 0xff, 0x80,
    0x00, 0xce, 0x00, 0x0b, 0xf0, 0x00, 0xec, 0x00,
    0x00, 0x00, 0xed, 0x00, 0x0b, 0xf0, 0x00, 0xec,
    0x00, 0x00, 0x00, 0xfa, 0xcf, 0xff, 0xff, 0xff,
    0xff, 0xff, 0xf1, 0x04, 0xf7, 0x56, 0x8f, 0xc6,
    0x66, 0xfe, 0x66, 0x60, 0x09, 0xf3, 0x00, 0xbf,
    0x40, 0x00, 0xec, 0x00, 0x00, 0x1f, 0xd0, 0x4d,
    0xf8, 0x00, 0x00, 0xec, 0x00, 0x00, 0x2b, 0x50,
    0x5d, 0x50, 0x00, 0x00, 0xec, 0x00, 0x00, 0x00,
    0x00, 0x00, 0x00, 0x00, 0x00, 0x00, 0x00, 0x00,

    /* U+5C55 "展" */
    0x00, 0xaf, 0xff, 0xff, 0xff, 0xff, 0xff, 0xff,
    0x10, 0x00, 0xaf, 0x77, 0x77, 0x77, 0x77, 0x77,
    0xcf, 0x10, 0x00, 0xaf, 0x65, 0x55, 0x55, 0x55,
    0x55, 0xcf, 0x10, 0x00, 0xaf, 0xff, 0xff, 0xff,
    0xff, 0xff, 0xff, 0x10, 0x00, 0xaf, 0x21, 0x1e,
    0xa1, 0x12, 0xf8, 0x11, 0x00, 0x00, 0xaf, 0x35,
    0x5f, 0xc5, 0x55, 0xfa, 0x55, 0x10, 0x00, 0xaf,
    0x7f, 0xff, 0xff, 0xff, 0xff, 0xff, 0x50, 0x00,
    0xbf, 0x12, 0x2f, 0xb2, 0x23, 0xf9, 0x22, 0x00,
    0x00, 0xce, 0x34, 0x4f, 0xb4, 0x45, 0xfa, 0x44,
    0x40, 0x00, 0xed, 0xcf, 0xff, 0xff, 0xff, 0xff,
    0xff, 0xf2, 0x01, 0xfa, 0x24, 0xf8, 0x34, 0xfa,
    0x33, 0xab, 0x30, 0x04, 0xf7, 0x02, 0xf7, 0x00,
    0x9f, 0x6c, 0xf9, 0x00, 0x09, 0xf3, 0x02, 0xf7,
    0x00, 0x2c, 0xff, 0x30, 0x00, 0x0e, 0xe0, 0x06,
    0xfc, 0xbe, 0xf0, 0xbf, 0xd6, 0x10, 0x5f, 0x70,
    0x0c, 0xff, 0xc8, 0x40, 0x06, 0xef, 0xe1, 0x04,
    0x00, 0x03, 0x30, 0x00, 0x00, 0x00, 0x04, 0x30,

    /* U+5DF2 "已" */
    0x9f, 0xff, 0xff, 0xff, 0xff, 0xff, 0xfc, 0x00,
    0x06, 0xaa, 0xaa, 0xaa, 0xaa, 0xaa, 0xaf, 0xc0,
    0x00, 0x00, 0x00, 0x00, 0x00, 0x00, 0x00, 0xfc,
    0x00, 0x00, 0x9c, 0x00, 0x00, 0x00, 0x00, 0x0f,
    0xc0, 0x00, 0x0b, 0xf0, 0x00, 0x00, 0x00, 0x00,
    0xfc, 0x00, 0x00, 0xbf, 0x10, 0x00, 0x00, 0x00,
    0x0f, 0xc0, 0x00, 0x0b, 0xff, 0xff, 0xff, 0xff,
    0xff, 0xfc, 0x00, 0x00, 0xbf, 0xaa, 0xaa, 0xaa,
    0xaa, 0xaf, 0xc0, 0x00, 0x0b, 0xf0, 0x00, 0x00,
    0x00, 0x00, 0x86, 0x00, 0x00, 0xbf, 0x00, 0x00,
    0x00, 0x00, 0x00, 0x00, 0x00, 0x0b, 0xf0, 0x00,
    0x00, 0x00, 0x00, 0x00, 0x98, 0x00, 0xbf, 0x00,
    0x00, 0x00, 0x00, 0x00, 0x0d, 0xf0, 0x0b, 0xf1,
    0x00, 0x00, 0x00, 0x00, 0x02, 0xfc, 0x00, 0x7f,
    0xeb, 0xbb, 0xbb, 0xbb, 0xbb, 0xff, 0x60, 0x00,
    0x8d, 0xff, 0xff, 0xff, 0xff, 0xfd, 0x70, 0x00,

    /* U+5E55 "幕" */
    0x00, 0x00, 0x0d, 0xd0, 0x00, 0x0e, 0xc0, 0x00,
    0x00, 0x0d, 0xff, 0xff, 0xff, 0xff, 0xff, 0xff,
    0xff, 0xd0, 0x05, 0x66, 0x6e, 0xe6, 0x66, 0x6f,
    0xd6, 0x66, 0x50, 0x00, 0x1f, 0xff, 0xff, 0xff,
    0xff, 0xff, 0xf3, 0x00, 0x00, 0x1f, 0x92, 0x22,
    0x22, 0x22, 0x28, 0xf3, 0x00, 0x00, 0x1f, 0xfe,
    0xee, 0xee, 0xee, 0xef, 0xf3, 0x00, 0x00, 0x1f,
    0x91, 0x11, 0x11, 0x11, 0x18, 0xf3, 0x00, 0x00,
    0x1f, 0xfe, 0xee, 0xee, 0xee, 0xef, 0xf3, 0x00,
    0x00, 0x02, 0x24, 0xfb, 0x22, 0x22, 0x22, 0x20,
    0x00, 0x1c, 0xcc, 0xce, 0xfd, 0xcc, 0xcc, 0xcc,
    0xcc, 0xc0, 0x09, 0x9a, 0xff, 0xa9, 0xfe, 0x9a,
    0xfe, 0x99, 0x90, 0x00, 0x5e, 0xfb, 0x55, 0xfd,
    0x55, 0xbf, 0xc4, 0x00, 0x2c, 0xff, 0xff, 0xff,
    0xff, 0xff, 0xff, 0xff, 0xd2, 0x0a, 0x64, 0xf6,
    0x00, 0xeb, 0x00, 0x3f, 0x75, 0x80, 0x00, 0x03,
    0xf6, 0x00, 0xeb, 0x04, 0x7f, 0x70, 0x00, 0x00,
    0x03, 0xf5, 0x00, 0xeb, 0x09, 0xec, 0x20, 0x00,

    /* U+5E76 "并" */
    0x00, 0x00, 0x02, 0x00, 0x00, 0x00, 0x31, 0x00,
    0x00, 0x00, 0x00, 0xee, 0x10, 0x00, 0x00, 0xef,
    0x20, 0x00, 0x00, 0x00, 0x6f, 0xa0, 0x00, 0x05,
    0xfb, 0x00, 0x00, 0x00, 0x00, 0x0d, 0xf1, 0x00,
    0x0b, 0xf3, 0x00, 0x00, 0x04, 0xaa, 0xad, 0xba,
    0xaa, 0xaf, 0xea, 0xaa, 0x50, 0x07, 0xff, 0xff,
    0xff, 0xff, 0xff, 0xff, 0xff, 0x90, 0x00, 0x00,
    0x0f, 0xc0, 0x00, 0x0b, 0xf1, 0x00, 0x00, 0x00,
    0x00, 0x0f, 0xc0, 0x00, 0x0b, 0xf1, 0x00, 0x00,
    0x00, 0x00, 0x0f, 0xc0, 0x00, 0x0b, 0xf1, 0x00,
    0x00, 0x18, 0x88, 0x8f, 0xe8, 0x88, 0x8e, 0xf9,
    0x88, 0x81, 0x2f, 0xff, 0xff, 0xff, 0xff, 0xff,
    0xff, 0xff, 0xf2, 0x01, 0x11, 0x5f, 0x91, 0x11,
    0x1c, 0xf2, 0x11, 0x10, 0x00, 0x00, 0xaf, 0x50,
    0x00, 0x0b, 0xf1, 0x00, 0x00, 0x00, 0x03, 0xfe,
    0x00, 0x00, 0x0b, 0xf1, 0x00, 0x00, 0x00, 0x2e,
    0xf6, 0x00, 0x00, 0x0b, 0xf1, 0x00, 0x00, 0x07,
    0xff, 0x80, 0x00, 0x00, 0x0b, 0xf1, 0x00, 0x00,
    0x05, 0xe5, 0x00, 0x00, 0x00, 0x0b, 0xf1, 0x00,
    0x00, 0x00, 0x00, 0x00, 0x00, 0x00, 0x00, 0x00,
    0x00, 0x00,

    /* U+5E8F "序" */
    0x00, 0x00, 0x00, 0x00, 0x00, 0x00, 0x00, 0x00,
    0x00, 0x00, 0x00, 0x00, 0x00, 0x1d, 0xa0, 0x00,
    0x00, 0x00, 0x00, 0x01, 0x00, 0x00, 0x0c, 0xf3,
    0x00, 0x00, 0x00, 0x00, 0xdf, 0xff, 0xff, 0xff,
    0xff, 0xff, 0xff, 0xf4, 0x00, 0xdf, 0x88, 0x88,
    0x88, 0x88, 0x88, 0x88, 0x82, 0x00, 0xdd, 0x02,
    0x66, 0x66, 0x66, 0x66, 0x71, 0x00, 0x00, 0xdd,
    0x06, 0xff, 0xff, 0xff, 0xff, 0xf7, 0x00, 0x00,
    0xdd, 0x00, 0x02, 0x50, 0x02, 0xcf, 0x70, 0x00,
    0x00, 0xdd, 0x00, 0x08, 0xfe, 0xaf, 0xc2, 0x00,
    0x00, 0x00, 0xdc, 0x13, 0x33, 0x4b, 0xff, 0xa3,
    0x33, 0x20, 0x00, 0xeb, 0x6f, 0xff, 0xff, 0xff,
    0xff, 0xff, 0xe1, 0x00, 0xfa, 0x13, 0x33, 0x34,
    0xfb, 0x33, 0x8f, 0x60, 0x02, 0xf7, 0x00, 0x00,
    0x01, 0xfa, 0x02, 0xfb, 0x00, 0x06, 0xf4, 0x00,
    0x00, 0x01, 0xfa, 0x02, 0x81, 0x00, 0x0a, 0xf1,
    0x00, 0x00, 0x01, 0xfa, 0x00, 0x00, 0x00, 0x1f,
    0xb0, 0x00, 0x18, 0x89, 0xfa, 0x00, 0x00, 0x00,
    0x1b, 0x40, 0x00, 0x0e, 0xff, 0xd3, 0x00, 0x00,
    0x00, 0x00, 0x00, 0x00, 0x00, 0x00, 0x00, 0x00,
    0x00, 0x00,

    /* U+5E93 "库" */
    0x00, 0x00, 0x00, 0x00, 0x03, 0x00, 0x00, 0x00,
    0x00, 0x00, 0x00, 0x00, 0x00, 0x8f, 0x60, 0x00,
    0x00, 0x00, 0x00, 0x78, 0x88, 0x88, 0x9f, 0xe8,
    0x88, 0x88, 0x80, 0x00, 0xdf, 0xff, 0xff, 0xff,
    0xff, 0xff, 0xff, 0xf1, 0x00, 0xdd, 0x00, 0x00,
    0x86, 0x10, 0x00, 0x00, 0x00, 0x00, 0xdd, 0x00,
    0x01, 0xfd, 0x00, 0x00, 0x00, 0x00, 0x00, 0xdd,
    0x6f, 0xff, 0xff, 0xff, 0xff, 0xff, 0x50, 0x00,
    0xdd, 0x39, 0xaf, 0xe9, 0x99, 0x99, 0x99, 0x30,
    0x00, 0xdd, 0x00, 0x8f, 0x50, 0x6b, 0x00, 0x00,
    0x00, 0x00, 0xec, 0x02, 0xfb, 0x00, 0x9f, 0x10,
    0x00, 0x00, 0x00, 0xfb, 0x0b, 0xff, 0xff, 0xff,
    0xff, 0xfd, 0x00, 0x00, 0xfa, 0x05, 0xa9, 0x99,
    0xdf, 0x99, 0x97, 0x00, 0x03, 0xf7, 0x00, 0x00,
    0x00, 0x9f, 0x10, 0x00, 0x00, 0x06, 0xf5, 0x89,
    0x99, 0x99, 0xdf, 0xa9, 0x99, 0x90, 0x0a, 0xf1,
    0xdf, 0xff, 0xff, 0xff, 0xff, 0xff, 0xf0, 0x1f,
    0xb0, 0x00, 0x00, 0x00, 0x9f, 0x10, 0x00, 0x00,
    0x2c, 0x40, 0x00, 0x00, 0x00, 0x9f, 0x10, 0x00,
    0x00, 0x00, 0x00, 0x00, 0x00, 0x00, 0x00, 0x00,
    0x00, 0x00,

    /* U+5E94 "应" */
    0x00, 0x00, 0x00, 0x00, 0x03, 0x00, 0x00, 0x00,
    0x00, 0x00, 0x00, 0x00, 0x00, 0x6f, 0x70, 0x00,
    0x00, 0x00, 0x00, 0x00, 0x00, 0x00, 0x0f, 0xe0,
    0x00, 0x00, 0x00, 0x00, 0xef, 0xff, 0xff, 0xff,
    0xff, 0xff, 0xff, 0xf1, 0x00, 0xef, 0xaa, 0xaa,
    0xaa, 0xaa, 0xaa, 0xaa, 0xa0, 0x00, 0xed, 0x00,
    0x00, 0x02, 0x00, 0x00, 0x21, 0x00, 0x00, 0xed,
    0x02, 0x10, 0x5f, 0x40, 0x00, 0xaf, 0x30, 0x00,
    0xed, 0x1f, 0x90, 0x1f, 0x90, 0x00, 0xef, 0x00,
    0x00, 0xed, 0x0c, 0xf0, 0x0d, 0xd0, 0x03, 0xfa,
    0x00, 0x00, 0xec, 0x06, 0xf4, 0x09, 0xf2, 0x08,
    0xf4, 0x00, 0x00, 0xfc, 0x01, 0xfa, 0x05, 0xf5,
    0x0e, 0xd0, 0x00, 0x00, 0xfa, 0x00, 0xcf, 0x02,
    0xf8, 0x5f, 0x60, 0x00, 0x02, 0xf9, 0x00, 0x8f,
    0x20, 0x20, 0xce, 0x00, 0x00, 0x05, 0xf6, 0x00,
    0x10, 0x00, 0x04, 0xf7, 0x00, 0x00, 0x09, 0xf3,
    0x00, 0x00, 0x00, 0x0d, 0xe0, 0x00, 0x00, 0x0e,
    0xe2, 0xff, 0xff, 0xff, 0xff, 0xff, 0xff, 0xf4,
    0x2f, 0x91, 0xaa, 0xaa, 0xaa, 0xaa, 0xaa, 0xaa,
    0xa3, 0x02, 0x20, 0x00, 0x00, 0x00, 0x00, 0x00,
    0x00, 0x00,

    /* U+5EA6 "度" */
    0x00, 0x00, 0x00, 0x00, 0x02, 0x10, 0x00, 0x00,
    0x00, 0x00, 0x00, 0x00, 0x00, 0x5f, 0x80, 0x00,
    0x00, 0x00, 0x00, 0x68, 0x88, 0x88, 0x8f, 0xe8,
    0x88, 0x88, 0x81, 0x00, 0xcf, 0xff, 0xff, 0xff,
    0xff, 0xff, 0xff, 0xf2, 0x00, 0xce, 0x00, 0x08,
    0x50, 0x00, 0x58, 0x10, 0x00, 0x00, 0xce, 0x01,
    0x1f, 0xa1, 0x11, 0xaf, 0x21, 0x00, 0x00, 0xce,
    0xbf, 0xff, 0xff, 0xff, 0xff, 0xff, 0xd0, 0x00,
    0xce, 0x35, 0x5f, 0xb5, 0x55, 0xbf, 0x55, 0x40,
    0x00, 0xde, 0x00, 0x0f, 0xa2, 0x22, 0xaf, 0x10,
    0x00, 0x00, 0xdd, 0x00, 0x0f, 0xff, 0xff, 0xff,
    0x10, 0x00, 0x00, 0xec, 0x00, 0x02, 0x22, 0x22,
    0x22, 0x00, 0x00, 0x00, 0xfa, 0x8f, 0xff, 0xff,
    0xff, 0xff, 0xf7, 0x00, 0x02, 0xf8, 0x36, 0xef,
    0x76, 0x66, 0x7f, 0xf2, 0x00, 0x05, 0xf6, 0x00,
    0x5f, 0xd3, 0x03, 0xdf, 0x40, 0x00, 0x09, 0xf2,
    0x00, 0x04, 0xef, 0xdf, 0xd3, 0x00, 0x00, 0x0e,
    0xe1, 0x46, 0x8c, 0xff, 0xff, 0xfb, 0x75, 0x20,
    0x2f, 0x81, 0xff, 0xfb, 0x83, 0x05, 0xae, 0xff,
    0xd1, 0x01, 0x10, 0x21, 0x00, 0x00, 0x00, 0x00,
    0x14, 0x20,

    /* U+5EB7 "康" */
    0x00, 0x00, 0x00, 0x00, 0x03, 0x10, 0x00, 0x00,
    0x00, 0x00, 0x00, 0x00, 0x00, 0x4f, 0xa0, 0x00,
    0x00, 0x00, 0x00, 0x8c, 0xbb, 0xbb, 0xbf, 0xfb,
    0xbb, 0xbb, 0xb2, 0x00, 0xcf, 0xdd, 0xdd, 0xdf,
    0xfd, 0xdd, 0xdd, 0xd2, 0x00, 0xcd, 0x01, 0x11,
    0x1b, 0xf2, 0x11, 0x10, 0x00, 0x00, 0xcd, 0x0f,
    0xff, 0xff, 0xff, 0xff, 0xfc, 0x00, 0x00, 0xcd,
    0x00, 0x00, 0x0a, 0xf2, 0x00, 0xdc, 0x10, 0x00,
    0xcd, 0xcf, 0xff, 0xff, 0xff, 0xff, 0xff, 0xf7,
    0x00, 0xcc, 0x44, 0x44, 0x4c, 0xf5, 0x44, 0xed,
    0x62, 0x00, 0xdc, 0x03, 0x33, 0x3b, 0xf4, 0x33,
    0xec, 0x00, 0x00, 0xeb, 0x3f, 0xff, 0xff, 0xff,
    0xff, 0xfb, 0x00, 0x00, 0xf9, 0x3d, 0x60, 0x0a,
    0xf5, 0x00, 0x7c, 0x10, 0x02, 0xf7, 0x06, 0xfb,
    0x1c, 0xff, 0x6c, 0xf9, 0x10, 0x06, 0xf4, 0x00,
    0x7c, 0xff, 0xfa, 0xff, 0x30, 0x00, 0x0a, 0xf3,
    0xaf, 0xf9, 0x3a, 0xf1, 0x6f, 0xf9, 0x40, 0x1f,
    0xb1, 0xc6, 0x35, 0x5c, 0xf1, 0x01, 0x8e, 0xe2,
    0x09, 0x40, 0x00, 0x2f, 0xfe, 0x90, 0x00, 0x00,
    0x10, 0x00, 0x00, 0x00, 0x00, 0x00, 0x00, 0x00,
    0x00, 0x00,

    /* U+5F00 "开" */
    0x08, 0xff, 0xff, 0xff, 0xff, 0xff, 0xff, 0xff,
    0x60, 0x5b, 0xbb, 0xff, 0xbb, 0xbb, 0xef, 0xbb,
    0xb4, 0x00, 0x00, 0x0e, 0xd0, 0x00, 0x0b, 0xf1,
    0x00, 0x00, 0x00, 0x00, 0xed, 0x00, 0x00, 0xbf,
    0x10, 0x00, 0x00, 0x00, 0x0e, 0xd0, 0x00, 0x0b,
    0xf1, 0x00, 0x00, 0x00, 0x00, 0xed, 0x00, 0x00,
    0xbf, 0x10, 0x00, 0x1a, 0xaa, 0xaf, 0xfa, 0xaa,
    0xae, 0xfa, 0xaa, 0x92, 0xff, 0xff, 0xff, 0xff,
    0xff, 0xff, 0xff, 0xff, 0x00, 0x00, 0x2f, 0xa0,
    0x00, 0x0b, 0xf1, 0x00, 0x00, 0x00, 0x06, 0xf6,
    0x00, 0x00, 0xbf, 0x10, 0x00, 0x00, 0x00, 0xdf,
    0x20, 0x00, 0x0b, 0xf1, 0x00, 0x00, 0x00, 0x7f,
    0xb0, 0x00, 0x00, 0xbf, 0x10, 0x00, 0x00, 0x5f,
    0xf2, 0x00, 0x00, 0x0b, 0xf1, 0x00, 0x00, 0x8f,
    0xf4, 0x00, 0x00, 0x00, 0xbf, 0x10, 0x00, 0x05,
    0xd3, 0x00, 0x00, 0x00, 0x0b, 0xf1, 0x00, 0x00,
    0x00, 0x00, 0x00, 0x00, 0x00, 0x00, 0x00, 0x00,

    /* U+5F0F "式" */
    0x00, 0x00, 0x00, 0x00, 0x00, 0x00, 0x00, 0x00,
    0x00, 0x00, 0x00, 0x00, 0x00, 0x03, 0xf9, 0x1c,
    0x70, 0x00, 0x00, 0x00, 0x00, 0x00, 0x03, 0xf9,
    0x09, 0xfa, 0x00, 0x00, 0x00, 0x00, 0x00, 0x02,
    0xfa, 0x00, 0x7a, 0x00, 0x4f, 0xff, 0xff, 0xff,
    0xff, 0xff, 0xff, 0xff, 0xd0, 0x3b, 0xbb, 0xbb,
    0xbb, 0xbb, 0xfe, 0xbb, 0xbb, 0x90, 0x00, 0x00,
    0x00, 0x00, 0x00, 0xfc, 0x00, 0x00, 0x00, 0x00,
    0x00, 0x00, 0x00, 0x00, 0xee, 0x00, 0x00, 0x00,
    0x08, 0xee, 0xee, 0xee, 0xe3, 0xcf, 0x00, 0x00,
    0x00, 0x07, 0xcc, 0xef, 0xcc, 0xc3, 0x9f, 0x30,
    0x00, 0x00, 0x00, 0x00, 0x9f, 0x10, 0x00, 0x6f,
    0x60, 0x00, 0x00, 0x00, 0x00, 0x9f, 0x10, 0x00,
    0x3f, 0xa0, 0x00, 0x00, 0x00, 0x00, 0x9f, 0x10,
    0x00, 0x0e, 0xe0, 0x02, 0x10, 0x00, 0x00, 0x9f,
    0x10, 0x34, 0x09, 0xf5, 0x05, 0xf2, 0x01, 0x36,
    0xcf, 0xef, 0xfd, 0x03, 0xfd, 0x17, 0xf2, 0x1f,
    0xff, 0xfc, 0xa7, 0x42, 0x00, 0x9f, 0xef, 0xe0,
    0x05, 0x41, 0x00, 0x00, 0x00, 0x00, 0x09, 0xfe,
    0x50,

    /* U+5F62 "形" */
    0x00, 0x00, 0x00, 0x00, 0x00, 0x00, 0x00, 0x39,
    0x20, 0x0f, 0xff, 0xff, 0xff, 0xff, 0x50, 0x04,
    0xfe, 0x20, 0x04, 0x4f, 0xa4, 0x4f, 0xc4, 0x10,
    0x8f, 0xe2, 0x00, 0x00, 0x1f, 0x80, 0x0f, 0xb0,
    0x4d, 0xfc, 0x10, 0x00, 0x00, 0x1f, 0x80, 0x0f,
    0xb0, 0x1d, 0x70, 0x00, 0x00, 0x00, 0x1f, 0x80,
    0x0f, 0xb0, 0x00, 0x00, 0x0a, 0x70, 0x00, 0x2f,
    0x80, 0x0f, 0xb0, 0x00, 0x00, 0xbf, 0x60, 0x5f,
    0xff, 0xff, 0xff, 0xff, 0x90, 0x2d, 0xf6, 0x00,
    0x28, 0x9f, 0xc8, 0x8f, 0xe8, 0x56, 0xff, 0x50,
    0x00, 0x00, 0x3f, 0x60, 0x0f, 0xb0, 0x3e, 0xc2,
    0x00, 0x00, 0x00, 0x5f, 0x40, 0x0f, 0xb0, 0x01,
    0x00, 0x09, 0xe3, 0x00, 0x8f, 0x20, 0x0f, 0xb0,
    0x00, 0x00, 0x6f, 0xb0, 0x00, 0xdd, 0x00, 0x0f,
    0xb0, 0x00, 0x08, 0xfc, 0x00, 0x05, 0xf8, 0x00,
    0x0f, 0xb0, 0x03, 0xcf, 0xa0, 0x00, 0x1e, 0xe1,
    0x00, 0x0f, 0xb2, 0xbf, 0xf6, 0x00, 0x00, 0x1c,
    0x50, 0x00, 0x0f, 0xb0, 0xa9, 0x10, 0x00, 0x00,
    0x00, 0x00, 0x00, 0x00, 0x00, 0x00, 0x00, 0x00,
    0x00,

    /* U+6001 "态" */
    0x00, 0x00, 0x00, 0x00, 0xde, 0x00, 0x00, 0x00,
    0x00, 0x00, 0x00, 0x00, 0x00, 0xfc, 0x00, 0x00,
    0x00, 0x00, 0x0a, 0xaa, 0xaa, 0xab, 0xfe, 0xaa,
    0xaa, 0xaa, 0xa1, 0x0f, 0xff, 0xff, 0xff, 0xff,
    0xff, 0xff, 0xff, 0xf1, 0x00, 0x00, 0x00, 0x0d,
    0xfa, 0xf4, 0x00, 0x00, 0x00, 0x00, 0x00, 0x00,
    0x7f, 0x91, 0xfe, 0x10, 0x00, 0x00, 0x00, 0x00,
    0x06, 0xfd, 0x10, 0x5f, 0xd2, 0x00, 0x00, 0x00,
    0x02, 0xaf, 0xec, 0xe5, 0x06, 0xff, 0x81, 0x00,
    0x06, 0xcf, 0xfa, 0x13, 0xdf, 0xa0, 0x4e, 0xff,
    0xb1, 0x0b, 0xe9, 0x30, 0x00, 0x5a, 0x70, 0x00,
    0x6c, 0x90, 0x00, 0x32, 0x16, 0x35, 0xfb, 0x00,
    0x02, 0x81, 0x00, 0x00, 0xaf, 0x3f, 0x70, 0x7f,
    0xa0, 0x02, 0xf9, 0x00, 0x00, 0xfb, 0x3f, 0x70,
    0x08, 0xf2, 0x22, 0xaf, 0x20, 0x06, 0xf6, 0x3f,
    0x70, 0x00, 0x10, 0x7f, 0x5f, 0x90, 0x0d, 0xf1,
    0x2f, 0xd8, 0x88, 0x88, 0xee, 0x0d, 0xe0, 0x04,
    0x60, 0x08, 0xef, 0xff, 0xff, 0xe5, 0x04, 0x30,

    /* U+6062 "恢" */
    0x00, 0x00, 0x00, 0x00, 0x00, 0x00, 0x00, 0x00,
    0x00, 0x00, 0x0f, 0x80, 0x00, 0x2f, 0x60, 0x00,
    0x00, 0x00, 0x00, 0x0f, 0x80, 0x00, 0x3f, 0x50,
    0x00, 0x00, 0x00, 0x00, 0x0f, 0x81, 0x68, 0xbf,
    0xa8, 0x88, 0x88, 0x80, 0x05, 0x7f, 0xee, 0xaf,
    0xff, 0xff, 0xff, 0xff, 0xf1, 0x08, 0xbf, 0x9f,
    0x40, 0xae, 0x00, 0x26, 0x00, 0x00, 0x0b, 0x9f,
    0x8c, 0x90, 0xdb, 0x00, 0x6f, 0x00, 0x00, 0x0e,
    0x7f, 0x85, 0x31, 0xf7, 0x77, 0x7f, 0x08, 0x90,
    0x2f, 0x3f, 0x80, 0x05, 0xf3, 0xc8, 0x9d, 0x0d,
    0x90, 0x01, 0x0f, 0x80, 0x0b, 0xe0, 0xf4, 0xbb,
    0x1f, 0x40, 0x00, 0x0f, 0x80, 0x1f, 0x95, 0xf0,
    0xe9, 0x7e, 0x00, 0x00, 0x0f, 0x80, 0x9f, 0x23,
    0x63, 0xfb, 0x46, 0x00, 0x00, 0x0f, 0x84, 0xfa,
    0x00, 0x09, 0xff, 0x30, 0x00, 0x00, 0x0f, 0x8b,
    0xe1, 0x00, 0x3f, 0x9d, 0xc0, 0x00, 0x00, 0x0f,
    0x80, 0x30, 0x03, 0xee, 0x14, 0xfa, 0x00, 0x00,
    0x0f, 0x80, 0x01, 0xaf, 0xe3, 0x00, 0x8f, 0xc1,
    0x00, 0x0f, 0x80, 0x00, 0xc9, 0x10, 0x00, 0x06,
    0x90, 0x00, 0x00, 0x00, 0x00, 0x00, 0x00, 0x00,
    0x00, 0x00,

    /* U+60A8 "您" */
    0x00, 0x00, 0x00, 0x00, 0x00, 0x00, 0x00, 0x00,
    0x00, 0x00, 0x00, 0xad, 0x10, 0xe8, 0x00, 0x00,
    0x00, 0x00, 0x00, 0x05, 0xf9, 0x08, 0xfb, 0x77,
    0x77, 0x78, 0x50, 0x00, 0x2f, 0xe0, 0x3f, 0xff,
    0xff, 0xff, 0xff, 0xa0, 0x02, 0xef, 0xb2, 0xef,
    0x20, 0x1c, 0x70, 0x7f, 0x30, 0x3f, 0xff, 0xb1,
    0xb4, 0x20, 0x1f, 0x80, 0x76, 0x00, 0x0c, 0x4e,
    0xb0, 0x03, 0xf9, 0x1f, 0x87, 0xf3, 0x00, 0x00,
    0x0e, 0xb0, 0x0c, 0xf2, 0x1f, 0x80, 0xed, 0x00,
    0x00, 0x0e, 0xb0, 0x9f, 0x70, 0x1f, 0x80, 0x5f,
    0x70, 0x00, 0x0e, 0xb0, 0x7a, 0x05, 0x6f, 0x80,
    0x0c, 0x60, 0x00, 0x0e, 0xb0, 0x00, 0x2c, 0xff,
    0x40, 0x00, 0x00, 0x00, 0x03, 0x20, 0x04, 0xfa,
    0x10, 0x00, 0x10, 0x00, 0x00, 0x97, 0x6f, 0x40,
    0x8f, 0x70, 0x03, 0xf8, 0x00, 0x02, 0xfa, 0x7f,
    0x40, 0x0b, 0xe1, 0x21, 0xcf, 0x20, 0x09, 0xf4,
    0x7f, 0x40, 0x01, 0x10, 0x8f, 0x4f, 0x90, 0x1f,
    0xd0, 0x6f, 0xc9, 0x99, 0x99, 0xed, 0x0d, 0xd0,
    0x03, 0x30, 0x1b, 0xff, 0xff, 0xff, 0xe4, 0x02,
    0x00,

    /* U+60C5 "情" */
    0x00, 0x5f, 0x20, 0x00, 0x00, 0x9f, 0x10, 0x00,
    0x00, 0x00, 0x5f, 0x20, 0xdd, 0xdd, 0xef, 0xdd,
    0xdd, 0x80, 0x00, 0x5f, 0x84, 0x44, 0x44, 0xbf,
    0x54, 0x44, 0x30, 0x0b, 0xaf, 0xbb, 0x8d, 0xdd,
    0xff, 0xed, 0xdd, 0x20, 0x0e, 0xbf, 0x6f, 0x45,
    0x55, 0xbf, 0x65, 0x55, 0x10, 0x1f, 0x9f, 0x27,
    0x66, 0x66, 0xcf, 0x76, 0x66, 0x61, 0x3f, 0x6f,
    0x28, 0xdd, 0xdd, 0xdd, 0xdd, 0xdd, 0xd2, 0x7e,
    0x5f, 0x20, 0x04, 0x44, 0x44, 0x44, 0x43, 0x00,
    0x03, 0x5f, 0x20, 0x3f, 0xff, 0xff, 0xff, 0xff,
    0x00, 0x00, 0x5f, 0x20, 0x3f, 0x60, 0x00, 0x00,
    0xaf, 0x00, 0x00, 0x5f, 0x20, 0x3f, 0xff, 0xff,
    0xff, 0xff, 0x00, 0x00, 0x5f, 0x20, 0x3f, 0x94,
    0x44, 0x44, 0xbf, 0x00, 0x00, 0x5f, 0x20, 0x3f,
    0x84, 0x44, 0x44, 0xbf, 0x00, 0x00, 0x5f, 0x20,
    0x3f, 0xff, 0xff, 0xff, 0xff, 0x00, 0x00, 0x5f,
    0x20, 0x3f, 0x60, 0x00, 0x77, 0xdf, 0x00, 0x00,
    0x5f, 0x20, 0x3f, 0x60, 0x00, 0x9f, 0xe8, 0x00,

    /* U+6210 "成" */
    0x00, 0x00, 0x00, 0x00, 0x00, 0x00, 0x00, 0x00,
    0x00, 0x00, 0x00, 0x00, 0x00, 0x05, 0xf6, 0x6d,
    0x40, 0x00, 0x00, 0x00, 0x00, 0x00, 0x05, 0xf6,
    0x3d, 0xf9, 0x00, 0x00, 0x12, 0x11, 0x11, 0x15,
    0xf8, 0x11, 0xac, 0x10, 0x00, 0xdf, 0xff, 0xff,
    0xff, 0xff, 0xff, 0xff, 0xf4, 0x00, 0xdf, 0x99,
    0x99, 0x9a, 0xfd, 0x99, 0x99, 0x92, 0x00, 0xde,
    0x00, 0x00, 0x01, 0xfa, 0x00, 0x32, 0x00, 0x00,
    0xdf, 0x88, 0x88, 0x50, 0xfc, 0x00, 0xcf, 0x00,
    0x00, 0xdf, 0xff, 0xff, 0xb0, 0xdf, 0x03, 0xfa,
    0x00, 0x00, 0xde, 0x00, 0x0f, 0xa0, 0xaf, 0x2b,
    0xf3, 0x00, 0x00, 0xed, 0x00, 0x0f, 0xa0, 0x7f,
    0x9f, 0xb0, 0x00, 0x00, 0xfc, 0x00, 0x0f, 0x90,
    0x3f, 0xff, 0x20, 0x00, 0x01, 0xfa, 0x00, 0x2f,
    0x80, 0x0f, 0xf7, 0x00, 0x30, 0x04, 0xf8, 0x6a,
    0xcf, 0x60, 0xaf, 0xf5, 0x02, 0xf4, 0x09, 0xf4,
    0x5e, 0xea, 0x3c, 0xfc, 0xfe, 0x15, 0xf4, 0x1f,
    0xe0, 0x00, 0x05, 0xff, 0xa0, 0x8f, 0xee, 0xf0,
    0x1c, 0x70, 0x00, 0x01, 0xc6, 0x00, 0x08, 0xef,
    0x60, 0x00, 0x00, 0x00, 0x00, 0x00, 0x00, 0x00,
    0x00, 0x00,

    /* U+6240 "所" */
    0x00, 0x00, 0x01, 0x59, 0x00, 0x00, 0x03, 0x7b,
    0x00, 0x48, 0xbe, 0xff, 0xf6, 0x58, 0xbf, 0xff,
    0xf5, 0x08, 0xfd, 0xa8, 0x51, 0x0a, 0xfd, 0xa7,
    0x40, 0x00, 0x8f, 0x20, 0x00, 0x00, 0xaf, 0x10,
    0x00, 0x00, 0x08, 0xfa, 0x99, 0x98, 0x0a, 0xf1,
    0x00, 0x00, 0x00, 0x8f, 0xff, 0xff, 0xe0, 0xaf,
    0x32, 0x22, 0x22, 0x08, 0xf2, 0x00, 0xbe, 0x0a,
    0xff, 0xff, 0xff, 0xf0, 0x8f, 0x20, 0x0b, 0xe0,
    0xaf, 0x98, 0xdf, 0x88, 0x08, 0xf9, 0x88, 0xee,
    0x0a, 0xf1, 0x09, 0xf1, 0x00, 0x9f, 0xff, 0xff,
    0xe0, 0xbf, 0x00, 0x9f, 0x10, 0x0a, 0xf0, 0x00,
    0x00, 0x0d, 0xd0, 0x09, 0xf1, 0x00, 0xbe, 0x00,
    0x00, 0x01, 0xfa, 0x00, 0x9f, 0x10, 0x0e, 0xc0,
    0x00, 0x00, 0x6f, 0x60, 0x09, 0xf1, 0x01, 0xf9,
    0x00, 0x00, 0x0d, 0xf1, 0x00, 0x9f, 0x10, 0x8f,
    0x50, 0x00, 0x09, 0xf8, 0x00, 0x09, 0xf1, 0x04,
    0xc0, 0x00, 0x00, 0x8c, 0x00, 0x00, 0x9f, 0x10,
    0x00, 0x00, 0x00, 0x00, 0x00, 0x00, 0x00, 0x00,
    0x00,

    /* U+624B "手" */
    0x00, 0x00, 0x00, 0x00, 0x00, 0x00, 0x02, 0x10,
    0x00, 0x00, 0x00, 0x00, 0x13, 0x57, 0x9b, 0xef,
    0xd1, 0x00, 0x00, 0xce, 0xff, 0xff, 0xff, 0xfe,
    0xb8, 0x50, 0x00, 0x00, 0x79, 0x87, 0x65, 0xef,
    0x00, 0x00, 0x00, 0x00, 0x00, 0x00, 0x00, 0x00,
    0xde, 0x00, 0x00, 0x00, 0x00, 0x00, 0x00, 0x00,
    0x00, 0xde, 0x00, 0x00, 0x00, 0x00, 0x00, 0xff,
    0xff, 0xff, 0xff, 0xff, 0xff, 0xff, 0x20, 0x00,
    0x89, 0x99, 0x99, 0xff, 0x99, 0x99, 0x99, 0x10,
    0x00, 0x00, 0x00, 0x00, 0xde, 0x00, 0x00, 0x00,
    0x00, 0x00, 0x00, 0x00, 0x00, 0xde, 0x00, 0x00,
    0x00, 0x00, 0x2f, 0xff, 0xff, 0xff, 0xff, 0xff,
    0xff, 0xff, 0xf3, 0x1b, 0xbb, 0xbb, 0xbb, 0xff,
    0xbb, 0xbb, 0xbb, 0xb2, 0x00, 0x00, 0x00, 0x00,
    0xde, 0x00, 0x00, 0x00, 0x00, 0x00, 0x00, 0x00,
    0x00, 0xde, 0x00, 0x00, 0x00, 0x00, 0x00, 0x00,
    0x00, 0x00, 0xde, 0x00, 0x00, 0x00, 0x00, 0x00,
    0x00, 0x59, 0x9a, 0xfd, 0x00, 0x00, 0x00, 0x00,
    0x00, 0x00, 0x3f, 0xff, 0xd5, 0x00, 0x00, 0x00,
    0x00, 0x00, 0x00, 0x00, 0x00, 0x00, 0x00, 0x00,
    0x00, 0x00,

    /* U+6253 "打" */
    0x00, 0x0a, 0xf1, 0x00, 0x00, 0x00, 0x00, 0x00,
    0x00, 0x00, 0x0a, 0xf1, 0x07, 0xcc, 0xcc, 0xcc,
    0xcc, 0xc1, 0x00, 0x0a, 0xf1, 0x09, 0xff, 0xff,
    0xff, 0xff, 0xf2, 0x1a, 0xae, 0xfa, 0xa3, 0x00,
    0x00, 0xcf, 0x10, 0x00, 0x2f, 0xff, 0xff, 0xf5,
    0x00, 0x00, 0xcf, 0x10, 0x00, 0x00, 0x0a, 0xf1,
    0x00, 0x00, 0x00, 0xcf, 0x10, 0x00, 0x00, 0x0a,
    0xf1, 0x00, 0x00, 0x00, 0xcf, 0x10, 0x00, 0x00,
    0x0a, 0xf4, 0x73, 0x00, 0x00, 0xcf, 0x10, 0x00,
    0x02, 0x6d, 0xff, 0xf5, 0x00, 0x00, 0xcf, 0x10,
    0x00, 0x3f, 0xff, 0xf7, 0x20, 0x00, 0x00, 0xcf,
    0x10, 0x00, 0x08, 0x4a, 0xf1, 0x00, 0x00, 0x00,
    0xcf, 0x10, 0x00, 0x00, 0x0a, 0xf1, 0x00, 0x00,
    0x00, 0xcf, 0x10, 0x00, 0x00, 0x0a, 0xf1, 0x00,
    0x00, 0x00, 0xcf, 0x10, 0x00, 0x00, 0x0a, 0xf1,
    0x00, 0x00, 0x00, 0xcf, 0x10, 0x00, 0x06, 0x9d,
    0xf0, 0x00, 0x0b, 0xbb, 0xff, 0x00, 0x00, 0x06,
    0xfe, 0x80, 0x00, 0x0a, 0xff, 0xe7, 0x00, 0x00,
    0x00, 0x00, 0x00, 0x00, 0x00, 0x00, 0x00, 0x00,
    0x00,

    /* U+6270 "扰" */
    0x00, 0x01, 0x10, 0x00, 0x00, 0x00, 0x00, 0x00,
    0x00, 0x00, 0x0f, 0xb0, 0x00, 0x02, 0xf8, 0x06,
    0x40, 0x00, 0x00, 0x0f, 0xb0, 0x00, 0x02, 0xf8,
    0x0c, 0xf4, 0x00, 0x00, 0x0f, 0xb0, 0x00, 0x03,
    0xf8, 0x01, 0xdf, 0x20, 0x3a, 0xaf, 0xea, 0x60,
    0x03, 0xf7, 0x00, 0x28, 0x00, 0x4f, 0xff, 0xff,
    0x9e, 0xff, 0xff, 0xff, 0xff, 0xf2, 0x00, 0x0f,
    0xb0, 0x09, 0xac, 0xfb, 0xaa, 0xaa, 0xa1, 0x00,
    0x0f, 0xb0, 0x00, 0x07, 0xf5, 0x30, 0x00, 0x00,
    0x00, 0x0f, 0xb2, 0x60, 0x09, 0xf9, 0xf2, 0x00,
    0x00, 0x02, 0x6f, 0xff, 0xf0, 0x0c, 0xe8, 0xf2,
    0x00, 0x00, 0x5f, 0xff, 0xe7, 0x30, 0x1f, 0xa8,
    0xf2, 0x00, 0x00, 0x19, 0x5f, 0xb0, 0x00, 0x5f,
    0x68, 0xf2, 0x00, 0x00, 0x00, 0x0f, 0xb0, 0x00,
    0xcf, 0x18, 0xf2, 0x00, 0x10, 0x00, 0x0f, 0xb0,
    0x05, 0xf9, 0x08, 0xf2, 0x01, 0xf5, 0x00, 0x0f,
    0xb0, 0x1e, 0xf1, 0x08, 0xf2, 0x02, 0xf5, 0x08,
    0x8f, 0xa2, 0xdf, 0x50, 0x07, 0xfa, 0x9b, 0xf3,
    0x0b, 0xfd, 0x40, 0x96, 0x00, 0x02, 0xdf, 0xff,
    0xa0,

    /* U+627E "找" */
    0x00, 0x0b, 0xe0, 0x00, 0x07, 0xf3, 0x18, 0x00,
    0x00, 0x00, 0x0b, 0xe0, 0x00, 0x07, 0xf4, 0x6f,
    0xb0, 0x00, 0x00, 0x0b, 0xe0, 0x00, 0x06, 0xf5,
    0x06, 0xfa, 0x00, 0x1a, 0xae, 0xfa, 0xa0, 0x05,
    0xf6, 0x00, 0x62, 0x20, 0x2f, 0xff, 0xff, 0xf3,
    0x59, 0xfd, 0xcd, 0xff, 0xf0, 0x00, 0x0b, 0xe0,
    0x0b, 0xff, 0xff, 0xdb, 0xa8, 0x70, 0x00, 0x0b,
    0xe0, 0x03, 0x32, 0xfb, 0x00, 0x23, 0x00, 0x00,
    0x0b, 0xe3, 0x70, 0x00, 0xde, 0x00, 0xaf, 0x10,
    0x03, 0x7e, 0xff, 0xf2, 0x00, 0xbf, 0x14, 0xf9,
    0x00, 0x3f, 0xff, 0xf6, 0x10, 0x00, 0x7f, 0x7e,
    0xe1, 0x00, 0x07, 0x3b, 0xe0, 0x00, 0x00, 0x3f,
    0xff, 0x30, 0x00, 0x00, 0x0b, 0xe0, 0x00, 0x00,
    0x2f, 0xf6, 0x00, 0x50, 0x00, 0x0b, 0xe0, 0x00,
    0x05, 0xff, 0xf7, 0x00, 0xf7, 0x00, 0x0b, 0xe0,
    0x03, 0xbf, 0xe6, 0xff, 0x44, 0xf5, 0x06, 0x8e,
    0xe0, 0x1e, 0xfb, 0x10, 0x7f, 0xff, 0xf1, 0x07,
    0xfe, 0x60, 0x02, 0x40, 0x00, 0x06, 0xef, 0x80,
    0x00, 0x00, 0x00, 0x00, 0x00, 0x00, 0x00, 0x01,
    0x00,

    /* U+62A5 "报" */
    0x00, 0x0c, 0xf0, 0x00, 0x00, 0x00, 0x00, 0x00,
    0x00, 0x00, 0x0c, 0xf0, 0x0b, 0xff, 0xff, 0xff,
    0xff, 0x20, 0x00, 0x0c, 0xf0, 0x0b, 0xf9, 0x99,
    0x99, 0xdf, 0x10, 0x2a, 0xae, 0xfa, 0x8b, 0xf0,
    0x00, 0x00, 0xbf, 0x00, 0x3f, 0xff, 0xff, 0xdb,
    0xf0, 0x1a, 0xaa, 0xfd, 0x00, 0x00, 0x0c, 0xf0,
    0x0b, 0xf0, 0x09, 0xaa, 0x93, 0x00, 0x00, 0x0c,
    0xf0, 0x0b, 0xf7, 0x77, 0x77, 0x77, 0x30, 0x00,
    0x0c, 0xf4, 0x6b, 0xff, 0xff, 0xff, 0xff, 0x80,
    0x04, 0x8f, 0xff, 0xeb, 0xf7, 0xf4, 0x00, 0x7f,
    0x40, 0x5f, 0xff, 0xf6, 0x1b, 0xf1, 0xfb, 0x00,
    0xde, 0x00, 0x17, 0x3c, 0xf0, 0x0b, 0xf0, 0x7f,
    0x55, 0xf7, 0x00, 0x00, 0x0c, 0xf0, 0x0b, 0xf0,
    0x0d, 0xff, 0xe0, 0x00, 0x00, 0x0c, 0xf0, 0x0b,
    0xf0, 0x04, 0xff, 0x70, 0x00, 0x00, 0x0c, 0xf0,
    0x0b, 0xf0, 0x2d, 0xff, 0xf6, 0x00, 0x1a, 0x9f,
    0xe0, 0x0b, 0xf8, 0xff, 0x64, 0xef, 0xd1, 0x0e,
    0xfd, 0x60, 0x0a, 0xf5, 0xc3, 0x00, 0x1a, 0x70,
    0x00, 0x00, 0x00, 0x00, 0x00, 0x00, 0x00, 0x00,
    0x00,

    /* U+632F "振" */
    0x00, 0x1f, 0x90, 0x00, 0x00, 0x00, 0x00, 0x00,
    0x00, 0x00, 0x1f, 0x90, 0x0b, 0xff, 0xff, 0xff,
    0xff, 0xf0, 0x00, 0x1f, 0x90, 0x0b, 0xf8, 0x88,
    0x88, 0x88, 0x80, 0x09, 0xaf, 0xd9, 0x2b, 0xe1,
    0x66, 0x66, 0x66, 0x20, 0x0e, 0xff, 0xfe, 0x4b,
    0xe4, 0xff, 0xff, 0xff, 0x70, 0x00, 0x1f, 0x90,
    0x0b, 0xe0, 0x11, 0x11, 0x11, 0x00, 0x00, 0x1f,
    0x90, 0x0b, 0xf7, 0x77, 0x77, 0x77, 0x71, 0x00,
    0x1f, 0x92, 0x1b, 0xff, 0xff, 0xff, 0xff, 0xf3,
    0x02, 0x6f, 0xff, 0x6b, 0xe1, 0xf7, 0x7d, 0x01,
    0x30, 0x4f, 0xff, 0xd6, 0x1c, 0xd1, 0xf7, 0x3f,
    0x4d, 0xe0, 0x08, 0x5f, 0x90, 0x0d, 0xc1, 0xf7,
    0x0e, 0xfc, 0x20, 0x00, 0x1f, 0x90, 0x0f, 0xb1,
    0xf7, 0x08, 0xf1, 0x00, 0x00, 0x1f, 0x90, 0x2f,
    0x81, 0xf7, 0x01, 0xfa, 0x00, 0x00, 0x1f, 0x90,
    0x6f, 0x51, 0xfa, 0xaa, 0x8f, 0x70, 0x04, 0x9f,
    0x80, 0xcf, 0x16, 0xff, 0xd6, 0x0c, 0xf3, 0x04,
    0xfd, 0x30, 0x9a, 0x05, 0xc4, 0x00, 0x00, 0x50,
    0x00, 0x00, 0x00, 0x00, 0x00, 0x00, 0x00, 0x00,
    0x00,

    /* U+636E "据" */
    0x00, 0x1f, 0x70, 0x00, 0x00, 0x00, 0x00, 0x00,
    0x00, 0x00, 0x1f, 0x70, 0x0d, 0xff, 0xff, 0xff,
    0xff, 0xb0, 0x00, 0x1f, 0x70, 0x0d, 0xe7, 0x77,
    0x77, 0x7f, 0xb0, 0x18, 0x8f, 0xc8, 0x3d, 0xd0,
    0x00, 0x00, 0x0e, 0xb0, 0x2e, 0xff, 0xfe, 0x6d,
    0xff, 0xff, 0xff, 0xff, 0xb0, 0x00, 0x1f, 0x70,
    0x0d, 0xe7, 0x78, 0xfc, 0x77, 0x50, 0x00, 0x1f,
    0x70, 0x0d, 0xc0, 0x01, 0xf8, 0x00, 0x00, 0x00,
    0x1f, 0x70, 0x0d, 0xe7, 0x78, 0xfc, 0x77, 0x73,
    0x00, 0x2f, 0xef, 0x5e, 0xff, 0xff, 0xff, 0xff,
    0xf5, 0x3d, 0xff, 0xfa, 0x3f, 0xa0, 0x01, 0xf8,
    0x00, 0x00, 0x2e, 0x9f, 0x70, 0x1f, 0x80, 0x01,
    0xf8, 0x00, 0x00, 0x00, 0x1f, 0x70, 0x4f, 0xaf,
    0xff, 0xff, 0xff, 0xc0, 0x00, 0x1f, 0x70, 0x8f,
    0x6f, 0x96, 0x66, 0x6d, 0xc0, 0x00, 0x1f, 0x70,
    0xdd, 0x4f, 0x40, 0x00, 0x0c, 0xc0, 0x0a, 0xbf,
    0x74, 0xf6, 0x4f, 0x96, 0x66, 0x6e, 0xc0, 0x09,
    0xda, 0x17, 0xc0, 0x4f, 0xff, 0xff, 0xff, 0xc0,
    0x00, 0x00, 0x00, 0x00, 0x00, 0x00, 0x00, 0x00,
    0x00,

    /* U+63A5 "接" */
    0x00, 0x1f, 0x70, 0x00, 0x00, 0x7d, 0x10, 0x00,
    0x00, 0x00, 0x1f, 0x70, 0x06, 0x66, 0x9f, 0xb6,
    0x66, 0x50, 0x00, 0x1f, 0x70, 0x1f, 0xff, 0xff,
    0xff, 0xff, 0xc0, 0x1a, 0xbf, 0xda, 0x10, 0x7b,
    0x00, 0x07, 0xb1, 0x00, 0x1e, 0xff, 0xfe, 0x20,
    0x4f, 0x60, 0x0e, 0xb0, 0x00, 0x00, 0x1f, 0x70,
    0x24, 0x4d, 0x84, 0x9f, 0x64, 0x40, 0x00, 0x1f,
    0x70, 0xaf, 0xff, 0xff, 0xff, 0xff, 0xf3, 0x00,
    0x1f, 0x72, 0x23, 0x33, 0xda, 0x33, 0x33, 0x30,
    0x01, 0x6f, 0xff, 0x00, 0x04, 0xf6, 0x00, 0x00,
    0x00, 0x3f, 0xff, 0xd6, 0xef, 0xff, 0xff, 0xff,
    0xff, 0xf6, 0x0a, 0x6f, 0x70, 0x67, 0xdf, 0x87,
    0x7b, 0xf9, 0x73, 0x00, 0x1f, 0x70, 0x03, 0xfb,
    0x00, 0x0d, 0xe0, 0x00, 0x00, 0x1f, 0x70, 0x07,
    0xdf, 0xe8, 0xaf, 0x50, 0x00, 0x00, 0x1f, 0x70,
    0x00, 0x03, 0xdf, 0xff, 0x60, 0x00, 0x07, 0xaf,
    0x70, 0x79, 0xcf, 0xfc, 0x7d, 0xfe, 0x60, 0x08,
    0xfc, 0x20, 0xad, 0xa7, 0x20, 0x00, 0x5d, 0x60,
    0x00, 0x00, 0x00, 0x00, 0x00, 0x00, 0x00, 0x00,
    0x00,

    /* U+63A7 "控" */
    0x00, 0x00, 0x00, 0x00, 0x00, 0x00, 0x00, 0x00,
    0x00, 0x00, 0x1f, 0x80, 0x00, 0x00, 0x3e, 0x70,
    0x00, 0x00, 0x00, 0x1f, 0x80, 0x01, 0x11, 0x1e,
    0xe1, 0x11, 0x10, 0x00, 0x1f, 0x80, 0x7f, 0xff,
    0xff, 0xff, 0xff, 0xf8, 0x1f, 0xff, 0xff, 0xaf,
    0x54, 0x44, 0x44, 0x45, 0xf8, 0x1a, 0xaf, 0xda,
    0x9f, 0x12, 0x82, 0x09, 0x11, 0xf8, 0x00, 0x1f,
    0x80, 0x12, 0x2e, 0xe1, 0x2e, 0xe2, 0x00, 0x00,
    0x1f, 0x80, 0x03, 0xef, 0x40, 0x02, 0xee, 0x30,
    0x00, 0x1f, 0x80, 0x2f, 0xf4, 0x00, 0x00, 0x2e,
    0xe0, 0x00, 0x1f, 0xde, 0x27, 0x30, 0x00, 0x00,
    0x02, 0x30, 0x19, 0xef, 0xfc, 0x27, 0xff, 0xff,
    0xff, 0xff, 0x40, 0x2f, 0xdf, 0x80, 0x04, 0x88,
    0x8f, 0xe8, 0x88, 0x20, 0x02, 0x1f, 0x80, 0x00,
    0x00, 0x0f, 0xb0, 0x00, 0x00, 0x00, 0x1f, 0x80,
    0x00, 0x00, 0x0f, 0xb0, 0x00, 0x00, 0x00, 0x1f,
    0x80, 0x00, 0x00, 0x0f, 0xb0, 0x00, 0x00, 0x07,
    0x9f, 0x70, 0xbc, 0xcc, 0xcf, 0xfc, 0xcc, 0xc6,
    0x09, 0xfc, 0x20, 0xab, 0xbb, 0xbb, 0xbb, 0xbb,
    0xb6,

    /* U+6536 "收" */
    0x00, 0x00, 0x00, 0x00, 0x00, 0x31, 0x00, 0x00,
    0x00, 0x00, 0x00, 0x09, 0xf1, 0x00, 0xfc, 0x00,
    0x00, 0x00, 0x01, 0x30, 0x09, 0xf1, 0x03, 0xf9,
    0x00, 0x00, 0x00, 0x09, 0xf1, 0x09, 0xf1, 0x07,
    0xf5, 0x00, 0x00, 0x00, 0x09, 0xf1, 0x09, 0xf1,
    0x0c, 0xfb, 0xaa, 0xaa, 0xa0, 0x09, 0xf1, 0x09,
    0xf1, 0x2f, 0xff, 0xff, 0xff, 0xf1, 0x09, 0xf1,
    0x09, 0xf1, 0x9f, 0x90, 0x00, 0xfc, 0x00, 0x09,
    0xf1, 0x09, 0xf3, 0xff, 0xe0, 0x03, 0xf8, 0x00,
    0x09, 0xf1, 0x09, 0xfb, 0xfa, 0xf3, 0x07, 0xf4,
    0x00, 0x09, 0xf1, 0x09, 0xf2, 0x90, 0xea, 0x0d,
    0xe0, 0x00, 0x09, 0xf1, 0x0a, 0xf1, 0x00, 0x8f,
    0x6f, 0x80, 0x00, 0x09, 0xf9, 0xdf, 0xf1, 0x00,
    0x1f, 0xff, 0x10, 0x00, 0x0f, 0xff, 0xbd, 0xf1,
    0x00, 0x09, 0xfa, 0x00, 0x00, 0x0b, 0x71, 0x09,
    0xf1, 0x00, 0x5f, 0xff, 0x50, 0x00, 0x00, 0x00,
    0x09, 0xf1, 0x07, 0xfe, 0x3e, 0xf7, 0x00, 0x00,
    0x00, 0x09, 0xf3, 0xdf, 0xc1, 0x02, 0xdf, 0xc0,
    0x00, 0x00, 0x09, 0xf1, 0xb8, 0x00, 0x00, 0x09,
    0x60, 0x00, 0x00, 0x00, 0x00, 0x00, 0x00, 0x00,
    0x00, 0x00,

    /* U+6570 "数" */
    0x02, 0x60, 0x9f, 0x03, 0x60, 0x0b, 0x70, 0x00,
    0x00, 0x04, 0xf4, 0x9f, 0x0c, 0xc0, 0x1f, 0x80,
    0x00, 0x00, 0x00, 0xc8, 0x9f, 0x3e, 0x20, 0x4f,
    0x50, 0x00, 0x00, 0x1c, 0xdc, 0xef, 0xcc, 0xc6,
    0x8f, 0xb9, 0x99, 0x91, 0x19, 0x9b, 0xff, 0xe9,
    0x95, 0xcf, 0xff, 0xff, 0xf2, 0x00, 0x2d, 0xff,
    0xec, 0x32, 0xff, 0x00, 0xbd, 0x00, 0x07, 0xfc,
    0xaf, 0x1c, 0xb9, 0xff, 0x30, 0xeb, 0x00, 0x1e,
    0x80, 0x7c, 0x00, 0x3f, 0xbf, 0x71, 0xf7, 0x00,
    0x00, 0x03, 0xf4, 0x00, 0x1b, 0x2b, 0xc6, 0xf3,
    0x00, 0x0d, 0xff, 0xff, 0xff, 0xc0, 0x06, 0xfd,
    0xe0, 0x00, 0x06, 0xaf, 0xa7, 0x8f, 0x90, 0x01,
    0xff, 0x80, 0x00, 0x00, 0xcf, 0x10, 0x9f, 0x10,
    0x00, 0xdf, 0x30, 0x00, 0x01, 0x9f, 0xea, 0xf7,
    0x00, 0x06, 0xff, 0xc0, 0x00, 0x00, 0x02, 0xef,
    0xf6, 0x00, 0x6f, 0xc8, 0xfa, 0x00, 0x02, 0x8e,
    0xf7, 0xbd, 0x2a, 0xfc, 0x10, 0xbf, 0xb1, 0x1f,
    0xf9, 0x10, 0x00, 0xaf, 0x90, 0x00, 0x0a, 0xe2,
    0x03, 0x00, 0x00, 0x00, 0x13, 0x00, 0x00, 0x00,
    0x10,

    /* U+6587 "文" */
    0x00, 0x00, 0x00, 0x00, 0x11, 0x00, 0x00, 0x00,
    0x00, 0x00, 0x00, 0x00, 0x03, 0xfc, 0x00, 0x00,
    0x00, 0x00, 0x00, 0x00, 0x00, 0x00, 0xdf, 0x40,
    0x00, 0x00, 0x00, 0x00, 0x00, 0x00, 0x00, 0x7d,
    0x60, 0x00, 0x00, 0x00, 0x2f, 0xff, 0xff, 0xff,
    0xff, 0xff, 0xff, 0xff, 0xf3, 0x19, 0x9b, 0xfd,
    0x99, 0x99, 0x99, 0xdf, 0xb9, 0x92, 0x00, 0x00,
    0xed, 0x00, 0x00, 0x00, 0xef, 0x10, 0x00, 0x00,
    0x00, 0x7f, 0x50, 0x00, 0x05, 0xf9, 0x00, 0x00,
    0x00, 0x00, 0x0e, 0xe0, 0x00, 0x0d, 0xf2, 0x00,
    0x00, 0x00, 0x00, 0x06, 0xfa, 0x00, 0x8f, 0x80,
    0x00, 0x00, 0x00, 0x00, 0x00, 0xbf, 0x74, 0xfd,
    0x00, 0x00, 0x00, 0x00, 0x00, 0x00, 0x1e, 0xff,
    0xf2, 0x00, 0x00, 0x00, 0x00, 0x00, 0x00, 0x08,
    0xff, 0xb0, 0x00, 0x00, 0x00, 0x00, 0x00, 0x01,
    0xaf, 0xee, 0xfc, 0x20, 0x00, 0x00, 0x00, 0x01,
    0x8f, 0xfc, 0x21, 0xbf, 0xf9, 0x20, 0x00, 0x16,
    0xbf, 0xfe, 0x60, 0x00, 0x06, 0xef, 0xfc, 0x71,
    0x1e, 0xfd, 0x60, 0x00, 0x00, 0x00, 0x06, 0xdf,
    0xe1, 0x03, 0x30, 0x00, 0x00, 0x00, 0x00, 0x00,
    0x02, 0x20,

    /* U+65AD "断" */
    0x00, 0x00, 0x4f, 0x20, 0x00, 0x00, 0x02, 0x95,
    0x09, 0xe2, 0x44, 0xf2, 0x73, 0x25, 0x8d, 0xff,
    0xb1, 0x9e, 0x5e, 0x4f, 0x2f, 0x5b, 0xfe, 0xa6,
    0x10, 0x09, 0xe1, 0xf6, 0xf7, 0xe0, 0xbe, 0x00,
    0x00, 0x00, 0x9e, 0x09, 0x6f, 0x75, 0x0b, 0xe0,
    0x00, 0x00, 0x09, 0xe7, 0xac, 0xfb, 0xa6, 0xbe,
    0x00, 0x00, 0x00, 0x9e, 0x8c, 0xef, 0xdc, 0x8b,
    0xff, 0xff, 0xff, 0x59, 0xe0, 0x0c, 0xfa, 0x00,
    0xbf, 0x99, 0xfd, 0x93, 0x9e, 0x05, 0xff, 0xe9,
    0x0b, 0xe0, 0x0f, 0xa0, 0x09, 0xe2, 0xfb, 0xf5,
    0xf5, 0xcd, 0x00, 0xfa, 0x00, 0x9e, 0xdc, 0x4f,
    0x25, 0x0d, 0xc0, 0x0f, 0xa0, 0x09, 0xe7, 0x24,
    0xf2, 0x00, 0xfa, 0x00, 0xfa, 0x00, 0x9e, 0x00,
    0x3c, 0x10, 0x1f, 0x70, 0x0f, 0xa0, 0x09, 0xf8,
    0x88, 0x88, 0x86, 0xf4, 0x00, 0xfa, 0x00, 0x9f,
    0xff, 0xff, 0xff, 0xdf, 0x00, 0x0f, 0xa0, 0x00,
    0x00, 0x00, 0x00, 0x0b, 0x80, 0x00, 0xfa, 0x00,
    0x00, 0x00, 0x00, 0x00, 0x00, 0x00, 0x00, 0x00,
    0x00,

    /* U+65B0 "新" */
    0x00, 0x00, 0x11, 0x00, 0x00, 0x00, 0x00, 0x00,
    0x00, 0x00, 0x01, 0xf9, 0x00, 0x00, 0x00, 0x03,
    0x8c, 0x20, 0x05, 0x55, 0xdf, 0x65, 0x50, 0x7b,
    0xff, 0xfc, 0x60, 0x0f, 0xff, 0xff, 0xff, 0xf0,
    0xde, 0x74, 0x00, 0x00, 0x00, 0x9a, 0x00, 0x8d,
    0x10, 0xdb, 0x00, 0x00, 0x00, 0x00, 0x7f, 0x00,
    0xea, 0x00, 0xdb, 0x00, 0x00, 0x00, 0x28, 0xae,
    0x89, 0xfa, 0x82, 0xdd, 0x66, 0x66, 0x62, 0x3e,
    0xee, 0xff, 0xee, 0xe5, 0xdf, 0xff, 0xff, 0xf6,
    0x00, 0x00, 0xae, 0x00, 0x00, 0xdc, 0x34, 0xfa,
    0x31, 0x03, 0x33, 0xbe, 0x33, 0x30, 0xeb, 0x01,
    0xf9, 0x00, 0x2f, 0xff, 0xff, 0xff, 0xf1, 0xea,
    0x01, 0xf9, 0x00, 0x04, 0x54, 0xbe, 0x45, 0x40,
    0xf9, 0x01, 0xf9, 0x00, 0x01, 0xf6, 0xae, 0x5f,
    0x22, 0xf7, 0x01, 0xf9, 0x00, 0x08, 0xf1, 0xae,
    0x0d, 0xa5, 0xf4, 0x01, 0xf9, 0x00, 0x2f, 0x60,
    0xae, 0x05, 0xab, 0xf0, 0x01, 0xf9, 0x00, 0x02,
    0x16, 0xce, 0x00, 0x3f, 0xa0, 0x01, 0xf9, 0x00,
    0x00, 0x0d, 0xe7, 0x00, 0x2b, 0x20, 0x01, 0xf9,
    0x00,

    /* U+65B9 "方" */
    0x00, 0x00, 0x00, 0x00, 0x01, 0x00, 0x00, 0x00,
    0x00, 0x00, 0x00, 0x00, 0x1d, 0xc0, 0x00, 0x00,
    0x00, 0x00, 0x00, 0x00, 0x00, 0xbf, 0x40, 0x00,
    0x00, 0x00, 0x00, 0x00, 0x00, 0x05, 0xe6, 0x00,
    0x00, 0x00, 0x0e, 0xff, 0xff, 0xff, 0xff, 0xff,
    0xff, 0xff, 0xf0, 0x9a, 0xaa, 0xbf, 0xea, 0xaa,
    0xaa, 0xaa, 0xa9, 0x00, 0x00, 0x03, 0xfa, 0x00,
    0x00, 0x00, 0x00, 0x00, 0x00, 0x00, 0x4f, 0x90,
    0x00, 0x00, 0x00, 0x00, 0x00, 0x00, 0x06, 0xff,
    0xff, 0xff, 0xff, 0xf3, 0x00, 0x00, 0x00, 0x9f,
    0xcb, 0xbb, 0xbb, 0xef, 0x20, 0x00, 0x00, 0x0c,
    0xf1, 0x00, 0x00, 0x0a, 0xf1, 0x00, 0x00, 0x02,
    0xfc, 0x00, 0x00, 0x00, 0xcf, 0x00, 0x00, 0x00,
    0x9f, 0x60, 0x00, 0x00, 0x0e, 0xd0, 0x00, 0x00,
    0x4f, 0xe0, 0x00, 0x00, 0x01, 0xfb, 0x00, 0x00,
    0x4f, 0xf4, 0x00, 0x00, 0x00, 0x5f, 0x80, 0x00,
    0x8f, 0xf6, 0x00, 0x04, 0xa9, 0x9e, 0xf3, 0x00,
    0x09, 0xe4, 0x00, 0x00, 0x2f, 0xff, 0xe7, 0x00,
    0x00, 0x00, 0x00, 0x00, 0x00, 0x00, 0x00, 0x00,
    0x00,

    /* U+65CB "旋" */
    0x00, 0x01, 0x20, 0x00, 0x03, 0x30, 0x00, 0x00,
    0x00, 0x00, 0x0e, 0xc0, 0x00, 0x0b, 0xf1, 0x00,
    0x00, 0x00, 0x00, 0x06, 0xf3, 0x00, 0x1f, 0xd2,
    0x22, 0x22, 0x20, 0x39, 0x99, 0xfb, 0x98, 0x7f,
    0xff, 0xff, 0xff, 0xf0, 0x6f, 0xff, 0xff, 0xff,
    0xee, 0x66, 0x66, 0x66, 0x50, 0x00, 0x8f, 0x10,
    0x0b, 0xf7, 0x00, 0x00, 0x00, 0x00, 0x00, 0x8f,
    0x00, 0x06, 0xfb, 0xbb, 0xbb, 0xbb, 0x80, 0x00,
    0x9f, 0x9a, 0x90, 0x6c, 0xce, 0xfc, 0xcf, 0xa0,
    0x00, 0x9f, 0xff, 0xf1, 0x00, 0x08, 0xf0, 0x2f,
    0x50, 0x00, 0xae, 0x08, 0xf0, 0x1a, 0x38, 0xf0,
    0x4b, 0x00, 0x00, 0xbd, 0x08, 0xf0, 0x2f, 0x58,
    0xf6, 0x55, 0x10, 0x00, 0xdb, 0x09, 0xf0, 0x3f,
    0x38, 0xff, 0xff, 0x40, 0x00, 0xf8, 0x09, 0xf0,
    0x6f, 0x58, 0xf2, 0x11, 0x00, 0x04, 0xf4, 0x0a,
    0xe0, 0x9f, 0xb8, 0xf0, 0x00, 0x00, 0x0a, 0xf0,
    0x0b, 0xd0, 0xed, 0xfd, 0xf0, 0x00, 0x00, 0x2f,
    0x94, 0x8f, 0xb6, 0xf4, 0x8f, 0xfa, 0x88, 0x80,
    0x4d, 0x16, 0xfe, 0x48, 0x90, 0x05, 0xcf, 0xff,
    0xd0, 0x00, 0x00, 0x00, 0x00, 0x00, 0x00, 0x00,
    0x00, 0x00,

    /* U+65E0 "无" */
    0x00, 0xcc, 0xcc, 0xcc, 0xcc, 0xcc, 0xcc, 0xcc,
    0x20, 0x00, 0xee, 0xee, 0xee, 0xff, 0xee, 0xee,
    0xee, 0x20, 0x00, 0x00, 0x00, 0x03, 0xf8, 0x00,
    0x00, 0x00, 0x00, 0x00, 0x00, 0x00, 0x04, 0xf7,
    0x00, 0x00, 0x00, 0x00, 0x00, 0x00, 0x00, 0x05,
    0xf5, 0x00, 0x00, 0x00, 0x00, 0x1c, 0xcc, 0xcc,
    0xce, 0xfd, 0xcc, 0xcc, 0xcc, 0xc2, 0x1e, 0xee,
    0xee, 0xef, 0xff, 0xfe, 0xee, 0xee, 0xe2, 0x00,
    0x00, 0x00, 0x0e, 0xdd, 0xe0, 0x00, 0x00, 0x00,
    0x00, 0x00, 0x00, 0x4f, 0x8d, 0xe0, 0x00, 0x00,
    0x00, 0x00, 0x00, 0x00, 0xcf, 0x3d, 0xe0, 0x00,
    0x00, 0x00, 0x00, 0x00, 0x06, 0xfb, 0x0d, 0xe0,
    0x00, 0x01, 0x00, 0x00, 0x00, 0x4f, 0xe1, 0x0d,
    0xe0, 0x00, 0x05, 0xf4, 0x00, 0x07, 0xff, 0x40,
    0x0d, 0xe0, 0x00, 0x07, 0xf3, 0x05, 0xdf, 0xe3,
    0x00, 0x0c, 0xfb, 0xaa, 0xae, 0xf0, 0x1d, 0xfa,
    0x10, 0x00, 0x04, 0xdf, 0xff, 0xfe, 0x60, 0x02,
    0x20, 0x00, 0x00, 0x00, 0x00, 0x00, 0x00, 0x00,

    /* U+65E5 "日" */
    0xff, 0xff, 0xff, 0xff, 0xff, 0xff, 0x1f, 0xeb,
    0xbb, 0xbb, 0xbb, 0xbf, 0xf1, 0xfc, 0x00, 0x00,
    0x00, 0x00, 0xcf, 0x1f, 0xc0, 0x00, 0x00, 0x00,
    0x0c, 0xf1, 0xfc, 0x00, 0x00, 0x00, 0x00, 0xcf,
    0x1f, 0xc0, 0x00, 0x00, 0x00, 0x0c, 0xf1, 0xff,
    0xff, 0xff, 0xff, 0xff, 0xff, 0x1f, 0xfc, 0xcc,
    0xcc, 0xcc, 0xcf, 0xf1, 0xfc, 0x00, 0x00, 0x00,
    0x00, 0xcf, 0x1f, 0xc0, 0x00, 0x00, 0x00, 0x0c,
    0xf1, 0xfc, 0x00, 0x00, 0x00, 0x00, 0xcf, 0x1f,
    0xc0, 0x00, 0x00, 0x00, 0x0c, 0xf1, 0xfe, 0xaa,
    0xaa, 0xaa, 0xaa, 0xef, 0x1f, 0xff, 0xff, 0xff,
    0xff, 0xff, 0xf1, 0xfc, 0x00, 0x00, 0x00, 0x00,
    0xcf, 0x11, 0x00, 0x00, 0x00, 0x00, 0x00, 0x00,

    /* U+65F6 "时" */
    0x00, 0x00, 0x00, 0x00, 0x00, 0x00, 0x9f, 0x20,
    0x07, 0xcb, 0xbb, 0xb1, 0x00, 0x00, 0x09, 0xf2,
    0x00, 0xaf, 0xdd, 0xef, 0x10, 0x00, 0x00, 0x9f,
    0x20, 0x0a, 0xf0, 0x08, 0xf4, 0xbb, 0xbb, 0xbe,
    0xfc, 0xb2, 0xaf, 0x00, 0x8f, 0x5f, 0xff, 0xff,
    0xff, 0xff, 0x2a, 0xf0, 0x08, 0xf1, 0x00, 0x00,
    0x09, 0xf2, 0x00, 0xaf, 0x88, 0xcf, 0x11, 0x70,
    0x00, 0x9f, 0x20, 0x0a, 0xff, 0xff, 0xf1, 0x8f,
    0x60, 0x09, 0xf2, 0x00, 0xaf, 0x00, 0x8f, 0x10,
    0xcf, 0x20, 0x9f, 0x20, 0x0a, 0xf0, 0x08, 0xf1,
    0x03, 0xfc, 0x09, 0xf2, 0x00, 0xaf, 0x00, 0x8f,
    0x10, 0x08, 0xd2, 0x9f, 0x20, 0x0a, 0xf7, 0x7b,
    0xf1, 0x00, 0x00, 0x09, 0xf2, 0x00, 0xaf, 0xff,
    0xff, 0x10, 0x00, 0x00, 0x9f, 0x20, 0x0a, 0xf0,
    0x00, 0x00, 0x00, 0x00, 0x09, 0xf2, 0x00, 0x57,
    0x00, 0x00, 0x00, 0x0a, 0xaa, 0xef, 0x10, 0x00,
    0x00, 0x00, 0x00, 0x00, 0xbf, 0xfe, 0x80, 0x00,
    0x00, 0x00, 0x00, 0x00, 0x00, 0x00, 0x00, 0x00,
    0x00,

    /* U+660E "明" */
    0xaf, 0xff, 0xff, 0x90, 0xff, 0xff, 0xff, 0xfd,
    0xaf, 0x99, 0x9f, 0x90, 0xfd, 0x99, 0x99, 0xfd,
    0xaf, 0x00, 0x0f, 0x90, 0xfa, 0x00, 0x00, 0xed,
    0xaf, 0x00, 0x0f, 0x90, 0xfb, 0x11, 0x11, 0xed,
    0xaf, 0x88, 0x8f, 0x90, 0xff, 0xff, 0xff, 0xfd,
    0xaf, 0xff, 0xff, 0x90, 0xfc, 0x66, 0x66, 0xfd,
    0xaf, 0x00, 0x0f, 0x90, 0xfa, 0x00, 0x00, 0xed,
    0xaf, 0x00, 0x0f, 0x91, 0xf9, 0x00, 0x00, 0xed,
    0xaf, 0x00, 0x0f, 0x92, 0xff, 0xdd, 0xdd, 0xfd,
    0xaf, 0xff, 0xff, 0x95, 0xfc, 0xaa, 0xaa, 0xfd,
    0xaf, 0x99, 0x99, 0x5a, 0xf2, 0x00, 0x00, 0xed,
    0xaf, 0x00, 0x00, 0x1f, 0xc0, 0x00, 0x00, 0xed,
    0x23, 0x00, 0x00, 0xbf, 0x50, 0x00, 0x00, 0xed,
    0x00, 0x00, 0x09, 0xfb, 0x00, 0x06, 0x99, 0xfc,
    0x00, 0x00, 0x0a, 0xc0, 0x00, 0x05, 0xff, 0xe5,
    0x00, 0x00, 0x00, 0x00, 0x00, 0x00, 0x00, 0x00,

    /* U+661F "星" */
    0x00, 0x1f, 0xff, 0xff, 0xff, 0xff, 0xff, 0xf1,
    0x00, 0x01, 0xfb, 0x55, 0x55, 0x55, 0x55, 0xcf,
    0x10, 0x00, 0x1f, 0xff, 0xff, 0xff, 0xff, 0xff,
    0xf1, 0x00, 0x01, 0xfb, 0x44, 0x44, 0x44, 0x44,
    0xcf, 0x10, 0x00, 0x1f, 0xb4, 0x44, 0x44, 0x44,
    0x4c, 0xf1, 0x00, 0x01, 0xff, 0xff, 0xff, 0xff,
    0xff, 0xff, 0x10, 0x00, 0x04, 0xe6, 0x00, 0x89,
    0x00, 0x00, 0x00, 0x00, 0x00, 0xdf, 0x64, 0x4e,
    0xf4, 0x44, 0x44, 0x30, 0x00, 0xaf, 0xff, 0xff,
    0xff, 0xff, 0xff, 0xfc, 0x00, 0x9f, 0xb2, 0x22,
    0x2e, 0xf2, 0x22, 0x22, 0x10, 0x07, 0xb5, 0x66,
    0x66, 0xef, 0x66, 0x66, 0x60, 0x00, 0x00, 0xaf,
    0xff, 0xff, 0xff, 0xff, 0xff, 0x00, 0x00, 0x00,
    0x00, 0x00, 0xde, 0x00, 0x00, 0x00, 0x00, 0x33,
    0x33, 0x33, 0x3e, 0xf3, 0x33, 0x33, 0x33, 0x0e,
    0xff, 0xff, 0xff, 0xff, 0xff, 0xff, 0xff, 0xe0,

    /* U+662F "是" */
    0x00, 0x1f, 0xff, 0xff, 0xff, 0xff, 0xff, 0xf1,
    0x00, 0x00, 0x1f, 0xb5, 0x55, 0x55, 0x55, 0x5c,
    0xf1, 0x00, 0x00, 0x1f, 0xff, 0xff, 0xff, 0xff,
    0xff, 0xf1, 0x00, 0x00, 0x1f, 0xa1, 0x11, 0x11,
    0x11, 0x1b, 0xf1, 0x00, 0x00, 0x1f, 0xfe, 0xee,
    0xee, 0xee, 0xef, 0xf1, 0x00, 0x00, 0x06, 0x66,
    0x66, 0x66, 0x66, 0x66, 0x60, 0x00, 0x07, 0x88,
    0x88, 0x88, 0x88, 0x88, 0x88, 0x88, 0x80, 0x0e,
    0xff, 0xff, 0xff, 0xff, 0xff, 0xff, 0xff, 0xf0,
    0x00, 0x00, 0x52, 0x00, 0xaf, 0x10, 0x00, 0x00,
    0x00, 0x00, 0x02, 0xf9, 0x00, 0xaf, 0x20, 0x00,
    0x00, 0x00, 0x00, 0x07, 0xf6, 0x00, 0xaf, 0xff,
    0xff, 0xfe, 0x00, 0x00, 0x0d, 0xfc, 0x00, 0xaf,
    0x87, 0x77, 0x76, 0x00, 0x00, 0x7f, 0xaf, 0xc3,
    0xaf, 0x10, 0x00, 0x00, 0x00, 0x05, 0xfc, 0x06,
    0xff, 0xff, 0xa9, 0x99, 0x99, 0x92, 0x1e, 0xc1,
    0x00, 0x17, 0xbe, 0xff, 0xff, 0xff, 0xf0, 0x01,
    0x00, 0x00, 0x00, 0x00, 0x00, 0x00, 0x00, 0x00,

    /* U+6682 "暂" */
    0x00, 0x00, 0x10, 0x00, 0x00, 0x00, 0x00, 0x00,
    0x00, 0x01, 0x14, 0xf8, 0x11, 0x10, 0x02, 0x46,
    0x9d, 0x40, 0x1f, 0xff, 0xff, 0xff, 0xf5, 0xaf,
    0xff, 0xda, 0x40, 0x03, 0xaf, 0x65, 0x53, 0x31,
    0xae, 0x10, 0x00, 0x00, 0x04, 0xf8, 0x0d, 0xb0,
    0x00, 0xae, 0x33, 0x33, 0x30, 0x0c, 0xff, 0xff,
    0xff, 0xf6, 0xaf, 0xff, 0xff, 0xf2, 0x04, 0x54,
    0x4e, 0xc4, 0x41, 0xcc, 0x27, 0xf5, 0x20, 0x02,
    0x34, 0x6e, 0xea, 0xc3, 0xf9, 0x06, 0xf3, 0x00,
    0x0f, 0xff, 0xef, 0xe9, 0x88, 0xf5, 0x06, 0xf3,
    0x00, 0x03, 0x20, 0x0d, 0xb0, 0x0c, 0xe0, 0x06,
    0xf3, 0x00, 0x00, 0x05, 0x59, 0x85, 0x55, 0x75,
    0x57, 0xa1, 0x00, 0x00, 0x0f, 0xff, 0xff, 0xff,
    0xff, 0xff, 0xf0, 0x00, 0x00, 0x0f, 0xa0, 0x00,
    0x00, 0x00, 0x0a, 0xf0, 0x00, 0x00, 0x0f, 0xff,
    0xff, 0xff, 0xff, 0xff, 0xf0, 0x00, 0x00, 0x0f,
    0xb3, 0x33, 0x33, 0x33, 0x3b, 0xf0, 0x00, 0x00,
    0x0f, 0xc5, 0x55, 0x55, 0x55, 0x5c, 0xf0, 0x00,
    0x00, 0x0f, 0xff, 0xff, 0xff, 0xff, 0xff, 0xf0,
    0x00, 0x00, 0x00, 0x00, 0x00, 0x00, 0x00, 0x00,
    0x00, 0x00,

    /* U+66F4 "更" */
    0x0d, 0xff, 0xff, 0xff, 0xff, 0xff, 0xff, 0xff,
    0xf0, 0x00, 0x00, 0x00, 0x00, 0xbf, 0x10, 0x00,
    0x00, 0x00, 0x00, 0x07, 0x77, 0x77, 0xdf, 0x87,
    0x77, 0x76, 0x00, 0x00, 0x1f, 0xff, 0xff, 0xff,
    0xff, 0xff, 0xff, 0x00, 0x00, 0x1f, 0x80, 0x00,
    0xbf, 0x10, 0x00, 0xcf, 0x00, 0x00, 0x1f, 0xb5,
    0x55, 0xdf, 0x65, 0x55, 0xdf, 0x00, 0x00, 0x1f,
    0xff, 0xff, 0xff, 0xff, 0xff, 0xff, 0x00, 0x00,
    0x1f, 0x80, 0x00, 0xbf, 0x10, 0x00, 0xcf, 0x00,
    0x00, 0x1f, 0xc7, 0x77, 0xef, 0x77, 0x77, 0xdf,
    0x00, 0x00, 0x1f, 0xff, 0xff, 0xff, 0xff, 0xff,
    0xfe, 0x00, 0x00, 0x04, 0xe5, 0x08, 0xf7, 0x00,
    0x00, 0x00, 0x00, 0x00, 0x00, 0xcf, 0xaf, 0xd0,
    0x00, 0x00, 0x00, 0x00, 0x00, 0x00, 0x5f, 0xff,
    0xb5, 0x20, 0x00, 0x00, 0x00, 0x07, 0xae, 0xff,
    0xaa, 0xff, 0xff, 0xdc, 0xbb, 0xa4, 0x08, 0xfc,
    0x71, 0x00, 0x04, 0x7a, 0xbd, 0xef, 0xf0, 0x00,
    0x00, 0x00, 0x00, 0x00, 0x00, 0x00, 0x00, 0x00,

    /* U+6708 "月" */
    0x00, 0x03, 0xff, 0xff, 0xff, 0xff, 0xff, 0xf0,
    0x00, 0x03, 0xfd, 0xaa, 0xaa, 0xaa, 0xae, 0xf0,
    0x00, 0x03, 0xf8, 0x00, 0x00, 0x00, 0x0c, 0xf0,
    0x00, 0x03, 0xf8, 0x00, 0x00, 0x00, 0x0c, 0xf0,
    0x00, 0x03, 0xff, 0xff, 0xff, 0xff, 0xff, 0xf0,
    0x00, 0x03, 0xfd, 0xaa, 0xaa, 0xaa, 0xae, 0xf0,
    0x00, 0x03, 0xf8, 0x00, 0x00, 0x00, 0x0c, 0xf0,
    0x00, 0x04, 0xf6, 0x00, 0x00, 0x00, 0x0c, 0xf0,
    0x00, 0x06, 0xfc, 0xaa, 0xaa, 0xaa, 0xae, 0xf0,
    0x00, 0x0a, 0xff, 0xff, 0xff, 0xff, 0xff, 0xf0,
    0x00, 0x0e, 0xe0, 0x00, 0x00, 0x00, 0x0c, 0xf0,
    0x00, 0x6f, 0x90, 0x00, 0x00, 0x00, 0x0c, 0xf0,
    0x01, 0xef, 0x20, 0x00, 0x00, 0x00, 0x0c, 0xf0,
    0x1c, 0xf8, 0x00, 0x00, 0x04, 0xbb, 0xbf, 0xf0,
    0x09, 0xa0, 0x00, 0x00, 0x00, 0xff, 0xfd, 0x60,
    0x00, 0x00, 0x00, 0x00, 0x00, 0x00, 0x00, 0x00,

    /* U+6709 "有" */
    0x00, 0x00, 0x00, 0x01, 0x00, 0x00, 0x00, 0x00,
    0x00, 0x00, 0x00, 0x06, 0xf6, 0x00, 0x00, 0x00,
    0x00, 0x00, 0x00, 0x00, 0xbf, 0x20, 0x00, 0x00,
    0x00, 0x00, 0xef, 0xff, 0xff, 0xff, 0xff, 0xff,
    0xff, 0xfe, 0x09, 0xaa, 0xae, 0xfb, 0xaa, 0xaa,
    0xaa, 0xaa, 0x90, 0x00, 0x02, 0xfd, 0x00, 0x00,
    0x00, 0x00, 0x00, 0x00, 0x00, 0xbf, 0xc8, 0x88,
    0x88, 0x89, 0x70, 0x00, 0x00, 0x6f, 0xff, 0xff,
    0xff, 0xff, 0xfe, 0x00, 0x00, 0x4f, 0xff, 0x20,
    0x00, 0x00, 0x0c, 0xe0, 0x00, 0x5f, 0xfb, 0xf8,
    0x77, 0x77, 0x77, 0xee, 0x00, 0x2f, 0xe3, 0x8f,
    0xff, 0xff, 0xff, 0xff, 0xe0, 0x00, 0x52, 0x08,
    0xf2, 0x00, 0x00, 0x00, 0xce, 0x00, 0x00, 0x00,
    0x8f, 0x87, 0x77, 0x77, 0x7e, 0xe0, 0x00, 0x00,
    0x08, 0xff, 0xff, 0xff, 0xff, 0xfe, 0x00, 0x00,
    0x00, 0x8f, 0x20, 0x00, 0x00, 0x0c, 0xe0, 0x00,
    0x00, 0x08, 0xf2, 0x00, 0x05, 0xa9, 0xed, 0x00,
    0x00, 0x00, 0x8f, 0x20, 0x00, 0x3f, 0xfd, 0x60,
    0x00,

    /* U+671F "期" */
    0x00, 0xae, 0x00, 0x1f, 0x80, 0x00, 0x00, 0x00,
    0x00, 0x0a, 0xe0, 0x01, 0xf8, 0x0b, 0xff, 0xff,
    0xfc, 0x2f, 0xff, 0xff, 0xff, 0xfb, 0xbf, 0x88,
    0x8f, 0xc1, 0x8d, 0xf8, 0x89, 0xfc, 0x6b, 0xe0,
    0x00, 0xec, 0x00, 0xae, 0x00, 0x1f, 0x80, 0xbe,
    0x00, 0x0e, 0xc0, 0x0a, 0xfe, 0xee, 0xf8, 0x0b,
    0xff, 0xff, 0xfc, 0x00, 0xaf, 0x77, 0x8f, 0x80,
    0xbf, 0x77, 0x7f, 0xc0, 0x0a, 0xe3, 0x34, 0xf8,
    0x0b, 0xe0, 0x00, 0xec, 0x00, 0xaf, 0xff, 0xff,
    0x80, 0xbe, 0x11, 0x1e, 0xc0, 0x0a, 0xe1, 0x13,
    0xf8, 0x0c, 0xff, 0xff, 0xfc, 0x39, 0xdf, 0x99,
    0x9f, 0xc6, 0xdd, 0x44, 0x4e, 0xc5, 0xff, 0xff,
    0xff, 0xff, 0xaf, 0xa0, 0x00, 0xec, 0x00, 0x2b,
    0x40, 0x87, 0x01, 0xf7, 0x00, 0x0e, 0xc0, 0x0c,
    0xf2, 0x09, 0xf5, 0x5f, 0x30, 0x00, 0xec, 0x0b,
    0xf7, 0x00, 0x0c, 0xdb, 0xe0, 0x19, 0x9f, 0xc1,
    0xb8, 0x00, 0x00, 0x10, 0x87, 0x00, 0xdf, 0xd4,
    0x00, 0x00, 0x00, 0x00, 0x00, 0x00, 0x00, 0x00,
    0x00,

    /* U+672C "本" */
    0x00, 0x00, 0x00, 0x00, 0xee, 0x00, 0x00, 0x00,
    0x00, 0x00, 0x00, 0x00, 0x00, 0xee, 0x00, 0x00,
    0x00, 0x00, 0x00, 0x00, 0x00, 0x00, 0xee, 0x00,
    0x00, 0x00, 0x00, 0x09, 0xbb, 0xbb, 0xbb, 0xff,
    0xbb, 0xbb, 0xbb, 0xa0, 0x0e, 0xff, 0xff, 0xff,
    0xff, 0xff, 0xff, 0xff, 0xe0, 0x00, 0x00, 0x02,
    0xfa, 0xee, 0xcf, 0x10, 0x00, 0x00, 0x00, 0x00,
    0x09, 0xf3, 0xee, 0x4f, 0x80, 0x00, 0x00, 0x00,
    0x00, 0x2f, 0xb0, 0xee, 0x0c, 0xf2, 0x00, 0x00,
    0x00, 0x00, 0xcf, 0x20, 0xee, 0x03, 0xfc, 0x00,
    0x00, 0x00, 0x09, 0xf8, 0x00, 0xee, 0x00, 0x9f,
    0x90, 0x00, 0x00, 0x7f, 0xc0, 0x00, 0xee, 0x00,
    0x0d, 0xf8, 0x00, 0x08, 0xfe, 0xba, 0xaa, 0xff,
    0xaa, 0xab, 0xef, 0xb1, 0x2e, 0xd2, 0xff, 0xff,
    0xff, 0xff, 0xfe, 0x2e, 0xc1, 0x02, 0x10, 0x11,
    0x11, 0xfe, 0x11, 0x11, 0x01, 0x10, 0x00, 0x00,
    0x00, 0x00, 0xee, 0x00, 0x00, 0x00, 0x00, 0x00,
    0x00, 0x00, 0x00, 0xee, 0x00, 0x00, 0x00, 0x00,

    /* U+673A "机" */
    0x00, 0x01, 0xf9, 0x00, 0x00, 0x00, 0x00, 0x00,
    0x00, 0x00, 0x01, 0xf9, 0x00, 0x0e, 0xff, 0xff,
    0xf1, 0x00, 0x00, 0x01, 0xf9, 0x00, 0x0e, 0xea,
    0xad, 0xf1, 0x00, 0x08, 0x99, 0xfd, 0x99, 0x0e,
    0xb0, 0x09, 0xf1, 0x00, 0x0e, 0xff, 0xff, 0xff,
    0x1e, 0xb0, 0x09, 0xf1, 0x00, 0x00, 0x07, 0xf9,
    0x00, 0x0e, 0xb0, 0x09, 0xf1, 0x00, 0x00, 0x0c,
    0xfc, 0x00, 0x0e, 0xb0, 0x09, 0xf1, 0x00, 0x00,
    0x2f, 0xff, 0x90, 0x0f, 0xb0, 0x09, 0xf1, 0x00,
    0x00, 0x9e, 0xfc, 0xf7, 0x0f, 0xa0, 0x09, 0xf1,
    0x00, 0x01, 0xf7, 0xf9, 0x8f, 0x2f, 0x80, 0x09,
    0xf1, 0x00, 0x0b, 0xe1, 0xf9, 0x05, 0x3f, 0x60,
    0x09, 0xf1, 0x00, 0x3f, 0x71, 0xf9, 0x00, 0x7f,
    0x20, 0x09, 0xf1, 0x33, 0x08, 0x01, 0xf9, 0x00,
    0xde, 0x00, 0x09, 0xf1, 0x6e, 0x00, 0x01, 0xf9,
    0x05, 0xf7, 0x00, 0x09, 0xf1, 0x6d, 0x00, 0x01,
    0xf9, 0x2e, 0xe0, 0x00, 0x08, 0xfa, 0xdb, 0x00,
    0x01, 0xf9, 0x2b, 0x30, 0x00, 0x03, 0xef, 0xf5,

    /* U+67E5 "查" */
    0x00, 0x00, 0x00, 0x00, 0xde, 0x00, 0x00, 0x00,
    0x00, 0x00, 0x00, 0x00, 0x00, 0xde, 0x00, 0x00,
    0x00, 0x00, 0x0f, 0xff, 0xff, 0xff, 0xff, 0xff,
    0xff, 0xff, 0xf0, 0x07, 0x77, 0x77, 0xef, 0xff,
    0xfe, 0x77, 0x77, 0x70, 0x00, 0x00, 0x0a, 0xf9,
    0xde, 0x7f, 0xa1, 0x00, 0x00, 0x00, 0x03, 0xdf,
    0x90, 0xde, 0x07, 0xfe, 0x50, 0x00, 0x03, 0xaf,
    0xf7, 0x00, 0xcd, 0x00, 0x5e, 0xfd, 0x60, 0x2f,
    0xfd, 0x73, 0x33, 0x33, 0x33, 0x35, 0xaf, 0xe1,
    0x05, 0x51, 0xff, 0xee, 0xee, 0xee, 0xff, 0x22,
    0x40, 0x00, 0x01, 0xfa, 0x11, 0x11, 0x11, 0xaf,
    0x20, 0x00, 0x00, 0x01, 0xff, 0xff, 0xff, 0xff,
    0xff, 0x20, 0x00, 0x00, 0x01, 0xfa, 0x11, 0x11,
    0x11, 0x9f, 0x20, 0x00, 0x00, 0x01, 0xfe, 0xbb,
    0xbb, 0xbb, 0xef, 0x20, 0x00, 0x00, 0x00, 0x77,
    0x77, 0x77, 0x77, 0x77, 0x10, 0x00, 0x06, 0x99,
    0x99, 0x99, 0x99, 0x99, 0x99, 0x99, 0x80, 0x0a,
    0xff, 0xff, 0xff, 0xff, 0xff, 0xff, 0xff, 0xe0,

    /* U+6807 "标" */
    0x00, 0x09, 0xf1, 0x00, 0x00, 0x00, 0x00, 0x00,
    0x00, 0x00, 0x09, 0xf1, 0x00, 0xbd, 0xdd, 0xdd,
    0xdd, 0x10, 0x00, 0x09, 0xf1, 0x00, 0x8a, 0xaa,
    0xaa, 0xaa, 0x00, 0x28, 0x8d, 0xf9, 0x82, 0x00,
    0x00, 0x00, 0x00, 0x00, 0x3f, 0xff, 0xff, 0xf5,
    0x00, 0x00, 0x00, 0x00, 0x00, 0x00, 0x2f, 0xf4,
    0x04, 0xaa, 0xaa, 0xaa, 0xaa, 0xa2, 0x00, 0x6f,
    0xfd, 0x16, 0xff, 0xff, 0xff, 0xff, 0xf4, 0x00,
    0xcf, 0xfe, 0xb0, 0x00, 0x0e, 0xd0, 0x00, 0x00,
    0x03, 0xfc, 0xf4, 0xf4, 0x21, 0x0e, 0xd0, 0x21,
    0x00, 0x0b, 0xd9, 0xf1, 0x50, 0xbd, 0x0e, 0xd1,
    0xfa, 0x00, 0x6f, 0x59, 0xf1, 0x01, 0xf8, 0x0e,
    0xd0, 0xaf, 0x20, 0x3d, 0x09, 0xf1, 0x07, 0xf2,
    0x0e, 0xd0, 0x4f, 0x80, 0x01, 0x09, 0xf1, 0x0e,
    0xb0, 0x0e, 0xd0, 0x0e, 0xe0, 0x00, 0x09, 0xf1,
    0x5f, 0x40, 0x0e, 0xd0, 0x09, 0xf3, 0x00, 0x09,
    0xf1, 0x02, 0x0a, 0xbf, 0xc0, 0x03, 0x30, 0x00,
    0x09, 0xf1, 0x00, 0x0b, 0xfe, 0x50, 0x00, 0x00,
    0x00, 0x01, 0x10, 0x00, 0x00, 0x00, 0x00, 0x00,
    0x00,

    /* U+683C "格" */
    0x00, 0x00, 0x00, 0x00, 0x00, 0x00, 0x00, 0x00,
    0x00, 0x00, 0x09, 0xf1, 0x00, 0x00, 0xd9, 0x00,
    0x00, 0x00, 0x00, 0x09, 0xf1, 0x00, 0x06, 0xf9,
    0x33, 0x41, 0x00, 0x00, 0x09, 0xf1, 0x00, 0x1f,
    0xff, 0xff, 0xfc, 0x00, 0x18, 0x8c, 0xf9, 0x82,
    0xcf, 0x91, 0x17, 0xf6, 0x00, 0x2f, 0xff, 0xff,
    0xfe, 0xfe, 0xf1, 0x0e, 0xe0, 0x00, 0x00, 0x0d,
    0xf2, 0x3e, 0xa1, 0xec, 0xaf, 0x40, 0x00, 0x00,
    0x1f, 0xfb, 0x01, 0x00, 0x5f, 0xf9, 0x00, 0x00,
    0x00, 0x6f, 0xff, 0x80, 0x01, 0xbf, 0xfd, 0x30,
    0x00, 0x00, 0xdf, 0xf8, 0xf1, 0x6e, 0xf8, 0x5f,
    0xf9, 0x20, 0x04, 0xfb, 0xf1, 0xce, 0xff, 0x62,
    0x24, 0xdf, 0xf2, 0x0c, 0xb9, 0xf1, 0x3d, 0xdf,
    0xff, 0xff, 0xfd, 0x50, 0x5f, 0x49, 0xf1, 0x00,
    0xae, 0x44, 0x44, 0xec, 0x00, 0x1c, 0x09, 0xf1,
    0x00, 0xae, 0x00, 0x00, 0xec, 0x00, 0x00, 0x09,
    0xf1, 0x00, 0xae, 0x00, 0x00, 0xec, 0x00, 0x00,
    0x09, 0xf1, 0x00, 0xaf, 0x88, 0x88, 0xfc, 0x00,
    0x00, 0x09, 0xf1, 0x00, 0xaf, 0xff, 0xff, 0xfc,
    0x00, 0x00, 0x00, 0x00, 0x00, 0x01, 0x00, 0x00,
    0x00, 0x00,

    /* U+6A21 "模" */
    0x00, 0x0f, 0x90, 0x00, 0x0f, 0x90, 0x0e, 0xb0,
    0x00, 0x00, 0x0f, 0x90, 0x6f, 0xff, 0xff, 0xff,
    0xff, 0xf0, 0x00, 0x0f, 0x90, 0x37, 0x7f, 0xc7,
    0x7f, 0xd7, 0x70, 0x2e, 0xef, 0xfe, 0x40, 0x0b,
    0x60, 0x0a, 0x80, 0x00, 0x1b, 0xbf, 0xeb, 0x3b,
    0xff, 0xff, 0xff, 0xff, 0x20, 0x00, 0x3f, 0xa0,
    0x0c, 0xd4, 0x44, 0x44, 0xaf, 0x20, 0x00, 0x7f,
    0xf3, 0x0c, 0xe5, 0x55, 0x55, 0xaf, 0x20, 0x00,
    0xcf, 0xfd, 0x0c, 0xfd, 0xdd, 0xdd, 0xef, 0x20,
    0x02, 0xff, 0xaf, 0x7c, 0xe5, 0x55, 0x55, 0xaf,
    0x20, 0x09, 0xef, 0x98, 0x4b, 0xee, 0xef, 0xfe,
    0xee, 0x20, 0x2f, 0x8f, 0x90, 0x00, 0x00, 0x4f,
    0x60, 0x00, 0x00, 0x5f, 0x2f, 0x90, 0xbf, 0xff,
    0xff, 0xff, 0xff, 0xf0, 0x05, 0x0f, 0x90, 0x57,
    0x78, 0xfe, 0xfc, 0x77, 0x70, 0x00, 0x0f, 0x90,
    0x00, 0x2c, 0xf4, 0x9f, 0x80, 0x00, 0x00, 0x0f,
    0x91, 0x6b, 0xfe, 0x50, 0x09, 0xfe, 0x82, 0x00,
    0x0f, 0x90, 0xbc, 0x71, 0x00, 0x00, 0x4b, 0xb0,
    0x00, 0x00, 0x00, 0x00, 0x00, 0x00, 0x00, 0x00,
    0x00,

    /* U+6B21 "次" */
    0x00, 0x00, 0x00, 0x01, 0xe9, 0x00, 0x00, 0x00,
    0x00, 0x05, 0x70, 0x00, 0x04, 0xf9, 0x00, 0x00,
    0x00, 0x00, 0x0c, 0xfd, 0x30, 0x09, 0xf5, 0x00,
    0x00, 0x01, 0x00, 0x00, 0x7f, 0xf4, 0x0e, 0xff,
    0xff, 0xff, 0xff, 0xa0, 0x00, 0x03, 0xb0, 0x4f,
    0xda, 0xaa, 0xaa, 0xbf, 0xa0, 0x00, 0x00, 0x00,
    0xcf, 0x30, 0x99, 0x00, 0x7f, 0x50, 0x00, 0x00,
    0x05, 0xfc, 0x00, 0xee, 0x00, 0xdf, 0x00, 0x00,
    0x00, 0x0a, 0xf4, 0x00, 0xff, 0x03, 0xf9, 0x00,
    0x00, 0x00, 0x70, 0x30, 0x01, 0xff, 0x10, 0x52,
    0x00, 0x00, 0x06, 0xf7, 0x00, 0x04, 0xff, 0x60,
    0x00, 0x00, 0x00, 0x1f, 0xe1, 0x00, 0x09, 0xff,
    0xc0, 0x00, 0x00, 0x00, 0xbf, 0x60, 0x00, 0x2f,
    0xf8, 0xf4, 0x00, 0x00, 0x06, 0xfc, 0x00, 0x00,
    0xcf, 0x71, 0xfe, 0x10, 0x00, 0x2f, 0xf3, 0x00,
    0x0b, 0xfc, 0x00, 0x6f, 0xc1, 0x00, 0x06, 0x80,
    0x02, 0xcf, 0xd1, 0x00, 0x0a, 0xfe, 0x50, 0x00,
    0x00, 0x4f, 0xfb, 0x10, 0x00, 0x00, 0x8f, 0xe1,
    0x00, 0x00, 0x08, 0x50, 0x00, 0x00, 0x00, 0x03,
    0x30,

    /* U+6B65 "步" */
    0x00, 0x00, 0x00, 0x00, 0x9f, 0x00, 0x00, 0x00,
    0x00, 0x00, 0x8e, 0x10, 0x09, 0xf9, 0x99, 0x99,
    0x40, 0x00, 0x0a, 0xf1, 0x00, 0x9f, 0xff, 0xff,
    0xf7, 0x00, 0x00, 0xaf, 0x10, 0x09, 0xf0, 0x00,
    0x00, 0x00, 0x00, 0x0a, 0xf1, 0x00, 0x9f, 0x00,
    0x00, 0x00, 0x02, 0xdd, 0xff, 0xed, 0xdf, 0xfd,
    0xdd, 0xdd, 0xdd, 0x2c, 0xcc, 0xcc, 0xcc, 0xff,
    0xcc, 0xcc, 0xcc, 0xc0, 0x00, 0x02, 0x50, 0x0f,
    0xd0, 0x00, 0x03, 0x00, 0x00, 0x01, 0xdf, 0x20,
    0xfd, 0x00, 0x07, 0xf8, 0x00, 0x00, 0xcf, 0x60,
    0x0f, 0xd0, 0x03, 0xff, 0x20, 0x02, 0xdf, 0x80,
    0x00, 0xfd, 0x02, 0xef, 0x50, 0x00, 0x5f, 0x80,
    0x00, 0x0f, 0xd5, 0xff, 0x60, 0x00, 0x00, 0x20,
    0x00, 0x00, 0x8f, 0xff, 0x50, 0x00, 0x00, 0x00,
    0x00, 0x26, 0xcf, 0xfb, 0x20, 0x00, 0x00, 0x04,
    0x7a, 0xef, 0xff, 0xa3, 0x00, 0x00, 0x00, 0x00,
    0xef, 0xfe, 0xa5, 0x10, 0x00, 0x00, 0x00, 0x00,
    0x03, 0x41, 0x00, 0x00, 0x00, 0x00, 0x00, 0x00,
    0x00,

    /* U+6BCF "每" */
    0x00, 0x00, 0x11, 0x00, 0x00, 0x00, 0x00, 0x00,
    0x00, 0x00, 0x00, 0x8f, 0x40, 0x00, 0x00, 0x00,
    0x00, 0x00, 0x00, 0x01, 0xff, 0x77, 0x77, 0x77,
    0x77, 0x77, 0x60, 0x00, 0x0a, 0xff, 0xff, 0xff,
    0xff, 0xff, 0xff, 0xe0, 0x00, 0x5f, 0xb0, 0x00,
    0x00, 0x00, 0x00, 0x00, 0x00, 0x03, 0xfe, 0x87,
    0x77, 0x77, 0x77, 0x78, 0x60, 0x00, 0x0d, 0xf5,
    0xff, 0xff, 0xff, 0xff, 0xff, 0xd0, 0x00, 0x00,
    0x42, 0xf7, 0x0a, 0xe5, 0x00, 0x0d, 0xd0, 0x00,
    0x00, 0x04, 0xf4, 0x02, 0xbf, 0x90, 0x0e, 0xc0,
    0x00, 0x06, 0x69, 0xf7, 0x55, 0x5b, 0xc5, 0x5f,
    0xd6, 0x62, 0x1f, 0xff, 0xff, 0xff, 0xff, 0xff,
    0xff, 0xff, 0xf5, 0x02, 0x2b, 0xe1, 0x3e, 0xc3,
    0x11, 0x1f, 0xb2, 0x20, 0x00, 0x0d, 0xc0, 0x03,
    0xdf, 0x60, 0x1f, 0x90, 0x00, 0x00, 0x0f, 0xd7,
    0x77, 0x7e, 0xb7, 0x8f, 0xb7, 0x60, 0x00, 0x2f,
    0xff, 0xff, 0xff, 0xff, 0xff, 0xff, 0xd0, 0x00,
    0x01, 0x10, 0x00, 0x01, 0x55, 0xcf, 0x30, 0x00,
    0x00, 0x00, 0x00, 0x00, 0x00, 0xff, 0xf8, 0x00,
    0x00, 0x00, 0x00, 0x00, 0x00, 0x00, 0x00, 0x00,
    0x00, 0x00,

    /* U+6C14 "气" */
    0x00, 0x00, 0x33, 0x00, 0x00, 0x00, 0x00, 0x00,
    0x00, 0x00, 0x00, 0xbf, 0x20, 0x00, 0x00, 0x00,
    0x00, 0x00, 0x00, 0x02, 0xfe, 0x88, 0x88, 0x88,
    0x88, 0x88, 0x70, 0x00, 0x0b, 0xff, 0xff, 0xff,
    0xff, 0xff, 0xff, 0xd0, 0x00, 0x4f, 0xb0, 0x00,
    0x00, 0x00, 0x00, 0x00, 0x00, 0x01, 0xef, 0x5e,
    0xee, 0xee, 0xee, 0xee, 0xe6, 0x00, 0x1d, 0xf6,
    0x17, 0x77, 0x77, 0x77, 0x77, 0x73, 0x00, 0x4e,
    0xa1, 0x11, 0x11, 0x11, 0x11, 0x21, 0x00, 0x00,
    0x01, 0x4f, 0xff, 0xff, 0xff, 0xff, 0xff, 0x00,
    0x00, 0x00, 0x16, 0x66, 0x66, 0x66, 0x66, 0xcf,
    0x00, 0x00, 0x00, 0x00, 0x00, 0x00, 0x00, 0x00,
    0x9f, 0x10, 0x00, 0x00, 0x00, 0x00, 0x00, 0x00,
    0x00, 0x7f, 0x30, 0x00, 0x00, 0x00, 0x00, 0x00,
    0x00, 0x00, 0x5f, 0x50, 0x00, 0x00, 0x00, 0x00,
    0x00, 0x00, 0x00, 0x2f, 0x90, 0x61, 0x00, 0x00,
    0x00, 0x00, 0x00, 0x00, 0x0e, 0xe0, 0xb9, 0x00,
    0x00, 0x00, 0x00, 0x00, 0x00, 0x07, 0xfd, 0xf6,
    0x00, 0x00, 0x00, 0x00, 0x00, 0x00, 0x00, 0x9f,
    0xd1,

    /* U+6C60 "池" */
    0x00, 0x97, 0x00, 0x00, 0x00, 0x0f, 0xa0, 0x00,
    0x00, 0x01, 0xcf, 0xe5, 0x04, 0x30, 0x0f, 0xa0,
    0x00, 0x00, 0x00, 0x05, 0xe7, 0x0f, 0xb0, 0x0f,
    0xa0, 0x00, 0x00, 0x00, 0x00, 0x10, 0x0f, 0xb0,
    0x0f, 0xa2, 0x8f, 0x80, 0x00, 0x00, 0x00, 0x0f,
    0xb0, 0x1f, 0xff, 0xff, 0xa0, 0x0c, 0x91, 0x00,
    0x0f, 0xd9, 0xff, 0xf9, 0x3f, 0xa0, 0x1b, 0xff,
    0x61, 0x7f, 0xff, 0xcf, 0xa0, 0x0f, 0xa0, 0x00,
    0x3d, 0x3d, 0xff, 0xd2, 0x0f, 0xa0, 0x0f, 0x90,
    0x00, 0x00, 0x04, 0x4f, 0xb0, 0x0f, 0xa0, 0x0f,
    0x90, 0x00, 0x00, 0x50, 0x0f, 0xb0, 0x0f, 0xa0,
    0x2f, 0x80, 0x00, 0x02, 0xf9, 0x0f, 0xb0, 0x0f,
    0xab, 0xff, 0x50, 0x00, 0x0a, 0xf3, 0x0f, 0xb0,
    0x0f, 0xa5, 0x96, 0x00, 0x00, 0x4f, 0xb0, 0x0f,
    0xb0, 0x08, 0x50, 0x02, 0x60, 0x00, 0xdf, 0x20,
    0x0f, 0xb0, 0x00, 0x00, 0x05, 0xf5, 0x07, 0xf9,
    0x00, 0x0d, 0xfa, 0x99, 0x99, 0x9e, 0xf1, 0x01,
    0xa1, 0x00, 0x04, 0xdf, 0xff, 0xff, 0xfe, 0x60,

    /* U+6CD5 "法" */
    0x00, 0x95, 0x00, 0x00, 0x00, 0x9f, 0x10, 0x00,
    0x00, 0x3e, 0xfc, 0x30, 0x00, 0x09, 0xf1, 0x00,
    0x00, 0x00, 0x08, 0xf8, 0x01, 0x11, 0xaf, 0x21,
    0x11, 0x00, 0x00, 0x03, 0x05, 0xff, 0xff, 0xff,
    0xff, 0xf0, 0x00, 0x00, 0x00, 0x38, 0x88, 0xdf,
    0x98, 0x88, 0x01, 0xd9, 0x20, 0x00, 0x00, 0x09,
    0xf1, 0x00, 0x00, 0x18, 0xff, 0x70, 0x00, 0x00,
    0x9f, 0x10, 0x00, 0x00, 0x01, 0x92, 0x1f, 0xff,
    0xff, 0xff, 0xff, 0xfa, 0x00, 0x00, 0x01, 0xaa,
    0xac, 0xfd, 0xaa, 0xaa, 0x70, 0x00, 0x07, 0x10,
    0x00, 0xbf, 0x40, 0x00, 0x00, 0x00, 0x03, 0xf9,
    0x00, 0x3f, 0xb0, 0x17, 0x00, 0x00, 0x00, 0xcf,
    0x20, 0x0b, 0xf3, 0x04, 0xfa, 0x00, 0x00, 0x5f,
    0x90, 0x05, 0xf9, 0x00, 0x09, 0xf4, 0x00, 0x1e,
    0xf1, 0x02, 0xef, 0x67, 0x9b, 0xdf, 0xd0, 0x09,
    0xf7, 0x00, 0x9f, 0xff, 0xff, 0xdb, 0xbf, 0x60,
    0x4c, 0x00, 0x03, 0x86, 0x31, 0x00, 0x00, 0xe9,
    0x00, 0x00, 0x00, 0x00, 0x00, 0x00, 0x00, 0x01,
    0x00,

    /* U+6D3B "活" */
    0x00, 0x00, 0x00, 0x00, 0x00, 0x00, 0x00, 0x00,
    0x00, 0x00, 0xb8, 0x10, 0x00, 0x00, 0x13, 0x7a,
    0xfb, 0x00, 0x01, 0xbf, 0xe6, 0x2a, 0xce, 0xff,
    0xff, 0xb7, 0x10, 0x00, 0x04, 0xe7, 0x0d, 0xca,
    0x9f, 0x90, 0x00, 0x00, 0x00, 0x00, 0x00, 0x00,
    0x00, 0x1f, 0x80, 0x00, 0x00, 0x00, 0x00, 0x00,
    0x00, 0x00, 0x1f, 0x80, 0x00, 0x00, 0x0b, 0xa2,
    0x01, 0xff, 0xff, 0xff, 0xff, 0xff, 0xf5, 0x09,
    0xff, 0x91, 0xbb, 0xbb, 0xbf, 0xdb, 0xbb, 0xb3,
    0x00, 0x2a, 0x80, 0x00, 0x00, 0x1f, 0x80, 0x00,
    0x00, 0x00, 0x00, 0x00, 0x00, 0x00, 0x1f, 0x80,
    0x00, 0x00, 0x00, 0x00, 0x71, 0x0c, 0xdd, 0xdf,
    0xed, 0xdd, 0x00, 0x00, 0x03, 0xf9, 0x0f, 0xeb,
    0xbb, 0xbb, 0xef, 0x00, 0x00, 0x0c, 0xf2, 0x0f,
    0xa0, 0x00, 0x00, 0x9f, 0x00, 0x00, 0x6f, 0x90,
    0x0f, 0xa0, 0x00, 0x00, 0x9f, 0x00, 0x01, 0xee,
    0x10, 0x0f, 0xa0, 0x00, 0x00, 0x9f, 0x00, 0x0a,
    0xf6, 0x00, 0x0f, 0xff, 0xff, 0xff, 0xff, 0x00,
    0x02, 0xa0, 0x00, 0x0f, 0xd9, 0x99, 0x99, 0xdf,
    0x00, 0x00, 0x00, 0x00, 0x01, 0x00, 0x00, 0x00,
    0x00, 0x00,

    /* U+6D88 "消" */
    0x00, 0x95, 0x00, 0x04, 0x00, 0x1f, 0xa0, 0x03,
    0x30, 0x02, 0xdf, 0xb1, 0x5f, 0x70, 0x1f, 0xa0,
    0x0d, 0xf1, 0x00, 0x08, 0xf6, 0x0c, 0xf1, 0x1f,
    0xa0, 0x6f, 0x80, 0x00, 0x00, 0x30, 0x04, 0xf7,
    0x1f, 0xa0, 0xee, 0x00, 0x00, 0x00, 0x00, 0x01,
    0x51, 0x2f, 0xa1, 0x24, 0x00, 0x1d, 0xc3, 0x00,
    0x2f, 0xff, 0xff, 0xff, 0xff, 0x90, 0x06, 0xef,
    0x80, 0x2f, 0xc8, 0x88, 0x88, 0x9f, 0x90, 0x00,
    0x1b, 0x50, 0x2f, 0x80, 0x00, 0x00, 0x1f, 0x90,
    0x00, 0x00, 0x00, 0x2f, 0xff, 0xff, 0xff, 0xff,
    0x90, 0x00, 0x00, 0x40, 0x2f, 0xc8, 0x88, 0x88,
    0x8f, 0x90, 0x00, 0x03, 0xf5, 0x2f, 0x80, 0x00,
    0x00, 0x1f, 0x90, 0x00, 0x0c, 0xf2, 0x2f, 0xc8,
    0x88, 0x88, 0x8f, 0x90, 0x00, 0x5f, 0x90, 0x2f,
    0xff, 0xff, 0xff, 0xff, 0x90, 0x00, 0xdf, 0x10,
    0x2f, 0x80, 0x00, 0x00, 0x1f, 0x90, 0x07, 0xf8,
    0x00, 0x2f, 0x80, 0x00, 0x6a, 0xbf, 0x80, 0x01,
    0x90, 0x00, 0x2f, 0x80, 0x00, 0x4e, 0xeb, 0x20,

    /* U+6E05 "清" */
    0x01, 0x82, 0x00, 0x00, 0x00, 0xec, 0x00, 0x00,
    0x00, 0x05, 0xef, 0x85, 0xdd, 0xdd, 0xff, 0xdd,
    0xdd, 0x40, 0x00, 0x1a, 0xa1, 0x44, 0x44, 0xfd,
    0x44, 0x44, 0x10, 0x00, 0x00, 0x00, 0xcd, 0xdd,
    0xff, 0xdd, 0xdc, 0x00, 0x02, 0x00, 0x00, 0x45,
    0x55, 0xfd, 0x55, 0x54, 0x00, 0x3f, 0xb1, 0x06,
    0x66, 0x66, 0xfd, 0x66, 0x66, 0x60, 0x09, 0xfe,
    0x3d, 0xdd, 0xdd, 0xdd, 0xdd, 0xdd, 0xd0, 0x00,
    0x4c, 0x00, 0x24, 0x44, 0x44, 0x44, 0x42, 0x00,
    0x00, 0x00, 0x00, 0x9f, 0xff, 0xff, 0xff, 0xfa,
    0x00, 0x00, 0x03, 0x20, 0x9f, 0x00, 0x00, 0x00,
    0xfa, 0x00, 0x00, 0x0c, 0xe0, 0x9f, 0xff, 0xff,
    0xff, 0xfa, 0x00, 0x00, 0x4f, 0x90, 0x9f, 0x44,
    0x44, 0x44, 0xfa, 0x00, 0x00, 0xbf, 0x20, 0x9f,
    0x55, 0x55, 0x55, 0xfa, 0x00, 0x04, 0xfa, 0x00,
    0x9f, 0xff, 0xff, 0xff, 0xfa, 0x00, 0x0c, 0xf2,
    0x00, 0x9f, 0x00, 0x01, 0x77, 0xfa, 0x00, 0x01,
    0x60, 0x00, 0x9f, 0x00, 0x00, 0xee, 0xd4, 0x00,

    /* U+6E29 "温" */
    0x00, 0x51, 0x00, 0x00, 0x00, 0x00, 0x00, 0x00,
    0x00, 0x02, 0xff, 0x91, 0x5f, 0xff, 0xff, 0xff,
    0xf7, 0x00, 0x00, 0x19, 0xf9, 0x5f, 0x96, 0x66,
    0x68, 0xf7, 0x00, 0x00, 0x00, 0x30, 0x5f, 0x85,
    0x55, 0x57, 0xf7, 0x00, 0x00, 0x00, 0x00, 0x5f,
    0xff, 0xff, 0xff, 0xf7, 0x00, 0x1c, 0x81, 0x00,
    0x5f, 0x40, 0x00, 0x02, 0xf7, 0x00, 0x2a, 0xff,
    0x70, 0x5f, 0xff, 0xff, 0xff, 0xf7, 0x00, 0x00,
    0x2b, 0x20, 0x27, 0x77, 0x77, 0x77, 0x73, 0x00,
    0x00, 0x00, 0x00, 0x00, 0x00, 0x00, 0x00, 0x00,
    0x00, 0x00, 0x01, 0x40, 0xef, 0xff, 0xff, 0xff,
    0xff, 0x10, 0x00, 0x08, 0xf2, 0xec, 0x6f, 0x98,
    0xf7, 0xbf, 0x10, 0x00, 0x1f, 0xc0, 0xe9, 0x0f,
    0x53, 0xf1, 0x8f, 0x10, 0x00, 0x9f, 0x40, 0xe9,
    0x0f, 0x53, 0xf1, 0x8f, 0x10, 0x03, 0xfc, 0x00,
    0xe9, 0x0f, 0x53, 0xf1, 0x8f, 0x10, 0x0c, 0xf3,
    0x4b, 0xfe, 0xbf, 0xdc, 0xfb, 0xef, 0xb2, 0x05,
    0x90, 0x4c, 0xcc, 0xcc, 0xcc, 0xcc, 0xcc, 0xc2,

    /* U+7248 "版" */
    0x00, 0x00, 0x1f, 0x70, 0x00, 0x24, 0x68, 0xae,
    0x40, 0x07, 0xf1, 0x1f, 0x70, 0x9f, 0xff, 0xff,
    0xec, 0x70, 0x07, 0xf1, 0x1f, 0x70, 0x9f, 0x64,
    0x21, 0x00, 0x00, 0x07, 0xf1, 0x1f, 0x70, 0x9f,
    0x10, 0x00, 0x00, 0x00, 0x07, 0xf6, 0x5f, 0xa4,
    0x9f, 0x10, 0x00, 0x01, 0x00, 0x07, 0xff, 0xff,
    0xfe, 0x9f, 0xff, 0xff, 0xff, 0x90, 0x07, 0xf4,
    0x33, 0x32, 0x9f, 0xec, 0x88, 0x9f, 0x70, 0x07,
    0xf1, 0x00, 0x00, 0x9f, 0xac, 0x00, 0x6f, 0x40,
    0x07, 0xf8, 0x77, 0x60, 0x9f, 0x5f, 0x20, 0xaf,
    0x00, 0x08, 0xff, 0xff, 0xe0, 0xaf, 0x0f, 0x81,
    0xfa, 0x00, 0x09, 0xf0, 0x0b, 0xe0, 0xbe, 0x09,
    0xe9, 0xf4, 0x00, 0x0a, 0xe0, 0x0a, 0xe0, 0xdc,
    0x02, 0xff, 0xc0, 0x00, 0x0d, 0xc0, 0x0a, 0xe0,
    0xf9, 0x01, 0xef, 0x60, 0x00, 0x1f, 0x80, 0x0a,
    0xe4, 0xf6, 0x1c, 0xfe, 0xf4, 0x00, 0x7f, 0x30,
    0x0a, 0xe9, 0xf7, 0xef, 0x62, 0xef, 0x90, 0x4b,
    0x00, 0x0a, 0xe8, 0xa4, 0xd4, 0x00, 0x1c, 0x80,
    0x00, 0x00, 0x00, 0x00, 0x00, 0x00, 0x00, 0x00,
    0x00,

    /* U+72B6 "状" */
    0x00, 0x00, 0x01, 0x00, 0x00, 0x00, 0x00, 0x00,
    0x00, 0x00, 0x00, 0xbf, 0x00, 0x00, 0x9f, 0x11,
    0x50, 0x00, 0x00, 0x00, 0xbf, 0x00, 0x00, 0x9f,
    0x17, 0xf5, 0x00, 0x06, 0x50, 0xbf, 0x00, 0x00,
    0x9f, 0x10, 0xcf, 0x10, 0x0d, 0xf2, 0xbf, 0x00,
    0x00, 0x9f, 0x10, 0x2f, 0x50, 0x03, 0xfc, 0xbf,
    0x00, 0x00, 0xaf, 0x10, 0x01, 0x00, 0x00, 0x8e,
    0xdf, 0x9f, 0xff, 0xff, 0xff, 0xff, 0xf1, 0x00,
    0x11, 0xbf, 0x6a, 0xaa, 0xef, 0xca, 0xaa, 0xa0,
    0x00, 0x00, 0xbf, 0x00, 0x00, 0xdf, 0x80, 0x00,
    0x00, 0x00, 0x04, 0xff, 0x00, 0x00, 0xff, 0xd0,
    0x00, 0x00, 0x00, 0x7f, 0xff, 0x00, 0x05, 0xfc,
    0xf3, 0x00, 0x00, 0x0a, 0xfb, 0xcf, 0x00, 0x0b,
    0xf2, 0xfb, 0x00, 0x00, 0x2f, 0x90, 0xbf, 0x00,
    0x3f, 0xb0, 0x8f, 0x40, 0x00, 0x02, 0x00, 0xbf,
    0x00, 0xcf, 0x30, 0x1e, 0xe1, 0x00, 0x00, 0x00,
    0xbf, 0x09, 0xf9, 0x00, 0x05, 0xfd, 0x10, 0x00,
    0x00, 0xbf, 0x9f, 0xb0, 0x00, 0x00, 0x8f, 0xe3,
    0x00, 0x00, 0xbf, 0x6b, 0x00, 0x00, 0x00, 0x06,
    0xa0, 0x00, 0x00, 0x00, 0x00, 0x00, 0x00, 0x00,
    0x00, 0x00,

    /* U+751F "生" */
    0x00, 0x00, 0xa5, 0x00, 0xde, 0x00, 0x00, 0x00,
    0x00, 0x00, 0x05, 0xf8, 0x00, 0xde, 0x00, 0x00,
    0x00, 0x00, 0x00, 0x0b, 0xf2, 0x00, 0xde, 0x00,
    0x00, 0x00, 0x00, 0x00, 0x2f, 0xfb, 0xbb, 0xff,
    0xbb, 0xbb, 0xbb, 0x20, 0x00, 0xaf, 0xff, 0xff,
    0xff, 0xff, 0xff, 0xff, 0x30, 0x04, 0xfc, 0x00,
    0x00, 0xde, 0x00, 0x00, 0x00, 0x00, 0x0e, 0xf3,
    0x00, 0x00, 0xde, 0x00, 0x00, 0x00, 0x00, 0x02,
    0x50, 0x00, 0x00, 0xde, 0x00, 0x00, 0x00, 0x00,
    0x00, 0x09, 0x99, 0x99, 0xff, 0x99, 0x99, 0x95,
    0x00, 0x00, 0x0f, 0xff, 0xff, 0xff, 0xff, 0xff,
    0xf9, 0x00, 0x00, 0x00, 0x00, 0x00, 0xde, 0x00,
    0x00, 0x00, 0x00, 0x00, 0x00, 0x00, 0x00, 0xde,
    0x00, 0x00, 0x00, 0x00, 0x00, 0x00, 0x00, 0x00,
    0xde, 0x00, 0x00, 0x00, 0x00, 0x00, 0x00, 0x00,
    0x00, 0xde, 0x00, 0x00, 0x00, 0x00, 0x0d, 0xdd,
    0xdd, 0xdd, 0xff, 0xdd, 0xdd, 0xdd, 0xd1, 0x0d,
    0xdd, 0xdd, 0xdd, 0xdd, 0xdd, 0xdd, 0xdd, 0xd1,

    /* U+7528 "用" */
    0x00, 0x1b, 0xbb, 0xbb, 0xbb, 0xbb, 0xbb, 0xbb,
    0x00, 0x02, 0xff, 0xee, 0xef, 0xfe, 0xee, 0xef,
    0xf1, 0x00, 0x2f, 0x90, 0x00, 0xaf, 0x10, 0x00,
    0xaf, 0x10, 0x02, 0xf9, 0x00, 0x0a, 0xf1, 0x00,
    0x0a, 0xf1, 0x00, 0x2f, 0xda, 0xaa, 0xef, 0xaa,
    0xaa, 0xef, 0x10, 0x02, 0xff, 0xff, 0xff, 0xff,
    0xff, 0xff, 0xf1, 0x00, 0x2f, 0x90, 0x00, 0xaf,
    0x10, 0x00, 0xaf, 0x10, 0x02, 0xf8, 0x00, 0x0a,
    0xf1, 0x00, 0x0a, 0xf1, 0x00, 0x3f, 0xc9, 0x99,
    0xdf, 0x99, 0x99, 0xdf, 0x10, 0x04, 0xff, 0xff,
    0xff, 0xff, 0xff, 0xff, 0xf1, 0x00, 0x7f, 0x40,
    0x00, 0xaf, 0x20, 0x00, 0xaf, 0x10, 0x0c, 0xf0,
    0x00, 0x0a, 0xf1, 0x00, 0x0a, 0xf1, 0x02, 0xfa,
    0x00, 0x00, 0xaf, 0x10, 0x00, 0xaf, 0x10, 0xcf,
    0x40, 0x00, 0x0a, 0xf1, 0x59, 0x9e, 0xf0, 0x0a,
    0xa0, 0x00, 0x00, 0x9f, 0x14, 0xff, 0xe8, 0x00,
    0x00, 0x00, 0x00, 0x00, 0x00, 0x00, 0x00, 0x00,

    /* U+7531 "由" */
    0x00, 0x00, 0x00, 0xbf, 0x00, 0x00, 0x00, 0x00,
    0x00, 0x00, 0x0b, 0xf0, 0x00, 0x00, 0x00, 0x00,
    0x00, 0x00, 0xbf, 0x00, 0x00, 0x00, 0x0a, 0xbb,
    0xbb, 0xbe, 0xfb, 0xbb, 0xbb, 0xb0, 0xdf, 0xff,
    0xff, 0xff, 0xff, 0xff, 0xff, 0x1d, 0xd0, 0x00,
    0x0b, 0xf0, 0x00, 0x0b, 0xf1, 0xdd, 0x00, 0x00,
    0xbf, 0x00, 0x00, 0xbf, 0x1d, 0xd0, 0x00, 0x0b,
    0xf0, 0x00, 0x0b, 0xf1, 0xdf, 0x99, 0x99, 0xef,
    0x99, 0x99, 0xef, 0x1d, 0xff, 0xff, 0xff, 0xff,
    0xff, 0xff, 0xf1, 0xdd, 0x00, 0x00, 0xcf, 0x10,
    0x00, 0xbf, 0x1d, 0xd0, 0x00, 0x0b, 0xf0, 0x00,
    0x0b, 0xf1, 0xdd, 0x00, 0x00, 0xbf, 0x00, 0x00,
    0xbf, 0x1d, 0xd0, 0x00, 0x0b, 0xf0, 0x00, 0x0b,
    0xf1, 0xdf, 0xff, 0xff, 0xff, 0xff, 0xff, 0xff,
    0x1d, 0xfb, 0xbb, 0xbb, 0xbb, 0xbb, 0xbe, 0xf1,
    0x00, 0x00, 0x00, 0x00, 0x00, 0x00, 0x00, 0x00,

    /* U+7535 "电" */
    0x00, 0x00, 0x00, 0xfc, 0x00, 0x00, 0x00, 0x00,
    0x00, 0x00, 0x00, 0xfc, 0x00, 0x00, 0x00, 0x00,
    0x8a, 0x99, 0x9a, 0xfe, 0x99, 0x99, 0x97, 0x00,
    0xdf, 0xff, 0xff, 0xff, 0xff, 0xff, 0xfc, 0x00,
    0xde, 0x00, 0x01, 0xfc, 0x00, 0x00, 0xfc, 0x00,
    0xde, 0x00, 0x00, 0xfc, 0x00, 0x00, 0xfc, 0x00,
    0xdf, 0xaa, 0xaa, 0xfe, 0xaa, 0xaa, 0xfc, 0x00,
    0xdf, 0xff, 0xff, 0xff, 0xff, 0xff, 0xfc, 0x00,
    0xde, 0x00, 0x00, 0xfc, 0x00, 0x00, 0xfc, 0x00,
    0xde, 0x00, 0x00, 0xfc, 0x00, 0x00, 0xfc, 0x00,
    0xdf, 0xff, 0xff, 0xff, 0xff, 0xff, 0xfc, 0x00,
    0xdf, 0xbb, 0xbb, 0xff, 0xbb, 0xbb, 0xb9, 0x00,
    0xab, 0x00, 0x00, 0xfc, 0x00, 0x00, 0x04, 0xe4,
    0x00, 0x00, 0x00, 0xfd, 0x00, 0x00, 0x07, 0xf5,
    0x00, 0x00, 0x00, 0xef, 0xcb, 0xbb, 0xbf, 0xf1,
    0x00, 0x00, 0x00, 0x5d, 0xff, 0xff, 0xfe, 0x60,

    /* U+7684 "的" */
    0x00, 0x05, 0x20, 0x00, 0x02, 0x30, 0x00, 0x00,
    0x00, 0x1f, 0x90, 0x00, 0x0a, 0xf2, 0x00, 0x00,
    0x00, 0x4f, 0x40, 0x00, 0x0f, 0xd0, 0x00, 0x00,
    0x47, 0xbf, 0x77, 0x50, 0x5f, 0xd9, 0x99, 0x97,
    0x9f, 0xff, 0xff, 0xc0, 0xbf, 0xff, 0xff, 0xfc,
    0x9f, 0x00, 0x0c, 0xc3, 0xfb, 0x00, 0x00, 0xdc,
    0x9f, 0x00, 0x0c, 0xcd, 0xf3, 0x00, 0x00, 0xdb,
    0x9f, 0x00, 0x0c, 0xdb, 0xa0, 0x00, 0x00, 0xea,
    0x9f, 0x55, 0x5e, 0xc0, 0x1d, 0xb0, 0x00, 0xfa,
    0x9f, 0xff, 0xff, 0xc0, 0x08, 0xf6, 0x00, 0xf9,
    0x9f, 0x11, 0x1d, 0xc0, 0x00, 0xdf, 0x21, 0xf8,
    0x9f, 0x00, 0x0c, 0xc0, 0x00, 0x3f, 0xa2, 0xf7,
    0x9f, 0x00, 0x0c, 0xc0, 0x00, 0x06, 0x13, 0xf6,
    0x9f, 0x00, 0x0c, 0xc0, 0x00, 0x00, 0x05, 0xf4,
    0x9f, 0xff, 0xff, 0xc0, 0x00, 0x00, 0x09, 0xf2,
    0x9f, 0x99, 0x99, 0x70, 0x01, 0x99, 0x9f, 0xd0,
    0x9f, 0x00, 0x00, 0x00, 0x00, 0xdf, 0xfd, 0x30,
    0x00, 0x00, 0x00, 0x00, 0x00, 0x00, 0x00, 0x00,

    /* U+76D8 "盘" */
    0x00, 0x00, 0x00, 0x00, 0x53, 0x00, 0x00, 0x00,
    0x00, 0x00, 0x00, 0x00, 0x00, 0xfd, 0x00, 0x00,
    0x00, 0x00, 0x00, 0x05, 0xff, 0xff, 0xff, 0xff,
    0xff, 0xd0, 0x00, 0x00, 0x05, 0xfb, 0x68, 0xa6,
    0x66, 0x6e, 0xd0, 0x00, 0x00, 0x05, 0xf7, 0x07,
    0xfb, 0x20, 0x0d, 0xd0, 0x00, 0x00, 0x05, 0xf7,
    0x00, 0x3d, 0x80, 0x0d, 0xd0, 0x00, 0x0f, 0xff,
    0xff, 0xff, 0xff, 0xff, 0xff, 0xff, 0xf3, 0x07,
    0x7d, 0xf9, 0x7a, 0xa7, 0x77, 0x7e, 0xe7, 0x71,
    0x00, 0x2f, 0xe0, 0x09, 0xfa, 0x10, 0x0d, 0xd0,
    0x00, 0x01, 0xdf, 0x50, 0x00, 0x4d, 0x78, 0xaf,
    0xc0, 0x00, 0x02, 0xd7, 0x00, 0x00, 0x00, 0x05,
    0xa9, 0x30, 0x00, 0x00, 0x1f, 0xff, 0xff, 0xff,
    0xff, 0xff, 0xf4, 0x00, 0x00, 0x1f, 0xb6, 0xbf,
    0x76, 0xfc, 0x69, 0xf4, 0x00, 0x00, 0x1f, 0x80,
    0x7f, 0x10, 0xea, 0x06, 0xf4, 0x00, 0x00, 0x1f,
    0x80, 0x7f, 0x10, 0xea, 0x06, 0xf4, 0x00, 0x0b,
    0xbf, 0xdb, 0xdf, 0xbb, 0xfe, 0xbd, 0xfc, 0xb2,
    0x0f, 0xff, 0xff, 0xff, 0xff, 0xff, 0xff, 0xff,
    0xf3,

    /* U+76F8 "相" */
    0x00, 0x09, 0xf1, 0x00, 0x00, 0x00, 0x00, 0x00,
    0x00, 0x00, 0x9f, 0x10, 0x0c, 0xff, 0xff, 0xff,
    0xfb, 0x00, 0x09, 0xf1, 0x00, 0xcf, 0xaa, 0xaa,
    0xaf, 0xb1, 0x55, 0xbf, 0x55, 0x2c, 0xe0, 0x00,
    0x00, 0xfb, 0x5f, 0xff, 0xff, 0xf8, 0xce, 0x00,
    0x00, 0x0f, 0xb0, 0x22, 0xef, 0x42, 0x1c, 0xff,
    0xff, 0xff, 0xfb, 0x00, 0x2f, 0xf2, 0x00, 0xcf,
    0xaa, 0xaa, 0xaf, 0xb0, 0x08, 0xff, 0xd1, 0x0c,
    0xe0, 0x00, 0x00, 0xfb, 0x00, 0xef, 0xfe, 0xb0,
    0xce, 0x00, 0x00, 0x0f, 0xb0, 0x6f, 0xaf, 0x5f,
    0x7c, 0xf9, 0x99, 0x99, 0xfb, 0x0e, 0xb9, 0xf1,
    0x91, 0xcf, 0xff, 0xff, 0xff, 0xb8, 0xf3, 0x9f,
    0x10, 0x0c, 0xe0, 0x00, 0x00, 0xfb, 0x5b, 0x09,
    0xf1, 0x00, 0xce, 0x00, 0x00, 0x0f, 0xb0, 0x10,
    0x9f, 0x10, 0x0c, 0xe0, 0x00, 0x00, 0xfb, 0x00,
    0x09, 0xf1, 0x00, 0xcf, 0xff, 0xff, 0xff, 0xb0,
    0x00, 0x9f, 0x10, 0x0c, 0xf8, 0x88, 0x88, 0xfb,
    0x00, 0x00, 0x00, 0x00, 0x11, 0x00, 0x00, 0x00,
    0x00,

    /* U+770B "看" */
    0x00, 0x00, 0x00, 0x00, 0x01, 0x24, 0x57, 0x91,
    0x00, 0x0a, 0xee, 0xef, 0xff, 0xff, 0xff, 0xec,
    0x60, 0x00, 0x47, 0x76, 0x6f, 0xe4, 0x32, 0x00,
    0x00, 0x00, 0x0b, 0xff, 0xff, 0xff, 0xff, 0xff,
    0xff, 0xf0, 0x00, 0x34, 0x44, 0xcf, 0x64, 0x44,
    0x44, 0x44, 0x00, 0x66, 0x66, 0x7f, 0xe6, 0x66,
    0x66, 0x66, 0x66, 0x0e, 0xff, 0xff, 0xff, 0xff,
    0xff, 0xff, 0xff, 0xe0, 0x00, 0x04, 0xfc, 0x33,
    0x33, 0x33, 0x33, 0x00, 0x00, 0x02, 0xff, 0xff,
    0xff, 0xff, 0xff, 0xf3, 0x00, 0x03, 0xef, 0xf5,
    0x11, 0x11, 0x11, 0x8f, 0x30, 0x07, 0xff, 0xaf,
    0xff, 0xff, 0xff, 0xff, 0xf3, 0x02, 0xfd, 0x26,
    0xf5, 0x11, 0x11, 0x11, 0x8f, 0x30, 0x02, 0x00,
    0x6f, 0xee, 0xee, 0xee, 0xef, 0xf3, 0x00, 0x00,
    0x06, 0xf6, 0x33, 0x33, 0x33, 0x9f, 0x30, 0x00,
    0x00, 0x6f, 0x85, 0x55, 0x55, 0x5a, 0xf3, 0x00,
    0x00, 0x06, 0xff, 0xff, 0xff, 0xff, 0xff, 0x30,

    /* U+7761 "睡" */
    0x00, 0x00, 0x00, 0x00, 0x13, 0x46, 0x8b, 0x70,
    0x0b, 0xff, 0xfb, 0x0b, 0xff, 0xff, 0xff, 0xd9,
    0x00, 0xbd, 0x7d, 0xb0, 0x35, 0x43, 0xfb, 0x00,
    0x00, 0x0b, 0xa0, 0xab, 0x00, 0x00, 0x0f, 0xb0,
    0x00, 0x00, 0xbc, 0x6c, 0xb4, 0xff, 0xff, 0xff,
    0xff, 0xfc, 0x0b, 0xff, 0xfb, 0x28, 0xfb, 0x8f,
    0xd8, 0xfc, 0x60, 0xba, 0x0a, 0xb0, 0x0f, 0x70,
    0xfa, 0x0e, 0x80, 0x0b, 0xa0, 0xab, 0x47, 0xfb,
    0x7f, 0xd7, 0xfb, 0x71, 0xbd, 0x8d, 0xb9, 0xff,
    0xff, 0xff, 0xff, 0xff, 0x2b, 0xff, 0xfb, 0x24,
    0xf9, 0x4f, 0xc4, 0xfa, 0x40, 0xba, 0x0a, 0xb0,
    0x0f, 0x70, 0xfa, 0x0e, 0x80, 0x0b, 0xa0, 0xab,
    0x6f, 0xff, 0xff, 0xff, 0xff, 0xc0, 0xbf, 0xef,
    0xb3, 0x99, 0x99, 0xfe, 0x99, 0x97, 0x0b, 0xd7,
    0x75, 0x00, 0x00, 0x0f, 0xa0, 0x00, 0x00, 0xba,
    0x00, 0x00, 0x8b, 0xbb, 0xfe, 0xbb, 0xb3, 0x01,
    0x10, 0x00, 0x0c, 0xff, 0xff, 0xff, 0xff, 0x50,

    /* U+77E5 "知" */
    0x00, 0x00, 0x00, 0x00, 0x00, 0x00, 0x00, 0x00,
    0x00, 0x08, 0xf2, 0x00, 0x00, 0x00, 0x00, 0x00,
    0x00, 0x00, 0xcf, 0x00, 0x00, 0x04, 0x99, 0x99,
    0x99, 0x60, 0x1f, 0xfc, 0xcc, 0xc9, 0x7f, 0xff,
    0xff, 0xfa, 0x07, 0xfd, 0xff, 0xdd, 0x97, 0xf3,
    0x00, 0x1f, 0xa0, 0xee, 0x0b, 0xf0, 0x00, 0x7f,
    0x30, 0x01, 0xfa, 0x4f, 0x60, 0xbf, 0x00, 0x07,
    0xf3, 0x00, 0x1f, 0xa0, 0x20, 0x0b, 0xf0, 0x00,
    0x7f, 0x30, 0x01, 0xfa, 0x4f, 0xff, 0xff, 0xff,
    0xfb, 0xf3, 0x00, 0x1f, 0xa2, 0xaa, 0xaf, 0xfa,
    0xaa, 0x9f, 0x30, 0x01, 0xfa, 0x00, 0x00, 0xfd,
    0x00, 0x07, 0xf3, 0x00, 0x1f, 0xa0, 0x00, 0x2f,
    0xf8, 0x00, 0x7f, 0x30, 0x01, 0xfa, 0x00, 0x08,
    0xfc, 0xf7, 0x07, 0xf3, 0x00, 0x1f, 0xa0, 0x01,
    0xee, 0x0b, 0xf5, 0x7f, 0x30, 0x01, 0xfa, 0x00,
    0xaf, 0x60, 0x1e, 0xf8, 0xff, 0xff, 0xff, 0xa0,
    0x9f, 0xb0, 0x00, 0x37, 0x7f, 0xba, 0xaa, 0xfa,
    0x2f, 0xc1, 0x00, 0x00, 0x07, 0xf2, 0x00, 0x1c,
    0x80, 0x20, 0x00, 0x00, 0x00, 0x00, 0x00, 0x00,
    0x00,

    /* U+7801 "码" */
    0x01, 0x11, 0x11, 0x10, 0x00, 0x00, 0x00, 0x00,
    0x02, 0xff, 0xff, 0xff, 0x2f, 0xff, 0xff, 0xff,
    0x90, 0x17, 0x8f, 0xb7, 0x71, 0x88, 0x88, 0x89,
    0xf8, 0x00, 0x04, 0xf4, 0x00, 0x02, 0xa3, 0x00,
    0x3f, 0x60, 0x00, 0x8f, 0x00, 0x00, 0x4f, 0x50,
    0x05, 0xf4, 0x00, 0x0d, 0xc0, 0x00, 0x05, 0xf3,
    0x00, 0x7f, 0x30, 0x03, 0xfe, 0xbb, 0x80, 0x7f,
    0x10, 0x09, 0xf1, 0x00, 0xaf, 0xec, 0xfb, 0x09,
    0xf5, 0x55, 0xcf, 0x65, 0x3f, 0xf7, 0x0c, 0xb0,
    0xbf, 0xff, 0xff, 0xff, 0xe5, 0xff, 0x70, 0xcb,
    0x01, 0x31, 0x11, 0x11, 0xcd, 0x05, 0xf7, 0x0c,
    0xb0, 0x00, 0x00, 0x00, 0x0d, 0xb0, 0x0f, 0x70,
    0xcb, 0x5a, 0xaa, 0xaa, 0xa2, 0xfa, 0x00, 0xf7,
    0x0c, 0xb7, 0xee, 0xee, 0xee, 0x5f, 0x70, 0x0f,
    0xff, 0xfb, 0x00, 0x00, 0x00, 0x06, 0xf4, 0x00,
    0xfb, 0x77, 0x50, 0x00, 0x02, 0x77, 0xef, 0x00,
    0x0e, 0x60, 0x00, 0x00, 0x00, 0x0f, 0xfe, 0x60,
    0x00, 0x00, 0x00, 0x00, 0x00, 0x00, 0x00, 0x00,
    0x00,

    /* U+786E "确" */
    0x00, 0x00, 0x00, 0x00, 0x06, 0xb1, 0x00, 0x00,
    0x01, 0xff, 0xff, 0xff, 0x10, 0xef, 0x77, 0x75,
    0x00, 0x08, 0x9f, 0xc8, 0x80, 0x7f, 0xfe, 0xef,
    0xf2, 0x00, 0x03, 0xf5, 0x00, 0x3f, 0xa0, 0x05,
    0xf7, 0x00, 0x00, 0x7f, 0x10, 0x2e, 0xfb, 0x99,
    0xff, 0x9a, 0x70, 0x0c, 0xd0, 0x08, 0xff, 0xfe,
    0xff, 0xee, 0xfc, 0x01, 0xfe, 0xbb, 0x74, 0xf8,
    0x08, 0xf0, 0x0d, 0xc0, 0x8f, 0xed, 0xf9, 0x1f,
    0xb6, 0xbf, 0x66, 0xec, 0x2f, 0xf8, 0x0d, 0x91,
    0xff, 0xff, 0xff, 0xff, 0xc3, 0xff, 0x80, 0xd9,
    0x1f, 0x70, 0x8f, 0x00, 0xdc, 0x06, 0xf8, 0x0d,
    0x92, 0xf8, 0x29, 0xf2, 0x2e, 0xc0, 0x0f, 0x80,
    0xd9, 0x3f, 0xff, 0xff, 0xff, 0xfc, 0x00, 0xf8,
    0x0d, 0x96, 0xf7, 0x5b, 0xf5, 0x5e, 0xc0, 0x0f,
    0xff, 0xf9, 0xae, 0x00, 0x8f, 0x00, 0xdc, 0x00,
    0xfb, 0x77, 0x6f, 0x80, 0x08, 0xf3, 0x6e, 0xc0,
    0x0d, 0x70, 0x09, 0xd0, 0x00, 0x8f, 0x4f, 0xf6,
    0x00, 0x00, 0x00, 0x01, 0x00, 0x00, 0x00, 0x00,
    0x00,

    /* U+793A "示" */
    0x00, 0x2f, 0xff, 0xff, 0xff, 0xff, 0xff, 0xf8,
    0x00, 0x01, 0xbb, 0xbb, 0xbb, 0xbb, 0xbb, 0xbb,
    0x60, 0x00, 0x00, 0x00, 0x00, 0x00, 0x00, 0x00,
    0x00, 0x00, 0x00, 0x00, 0x00, 0x00, 0x00, 0x00,
    0x00, 0x00, 0x0a, 0xbb, 0xbb, 0xbb, 0xbb, 0xbb,
    0xbb, 0xbb, 0xa0, 0xff, 0xff, 0xff, 0xff, 0xff,
    0xff, 0xff, 0xff, 0x00, 0x00, 0x00, 0x00, 0xaf,
    0x30, 0x00, 0x00, 0x00, 0x00, 0x06, 0x20, 0x0a,
    0xf3, 0x00, 0x41, 0x00, 0x00, 0x06, 0xfa, 0x00,
    0xaf, 0x30, 0x4f, 0xb0, 0x00, 0x01, 0xef, 0x20,
    0x0a, 0xf3, 0x00, 0x9f, 0x50, 0x00, 0xaf, 0x90,
    0x00, 0xaf, 0x30, 0x01, 0xee, 0x00, 0x8f, 0xd0,
    0x00, 0x0a, 0xf3, 0x00, 0x06, 0xf7, 0x2e, 0xe2,
    0x00, 0x00, 0xaf, 0x30, 0x00, 0x0e, 0xc0, 0x02,
    0x00, 0x7b, 0xbe, 0xf2, 0x00, 0x00, 0x30, 0x00,
    0x00, 0x05, 0xff, 0xe9, 0x00, 0x00, 0x00, 0x00,
    0x00, 0x00, 0x00, 0x00, 0x00, 0x00, 0x00, 0x00,

    /* U+79D2 "秒" */
    0x00, 0x00, 0x38, 0xa0, 0x00, 0x0e, 0xb0, 0x00,
    0x00, 0x19, 0xcf, 0xff, 0xd2, 0x00, 0x0e, 0xb0,
    0x00, 0x00, 0x0c, 0xbd, 0xf2, 0x00, 0x00, 0x0e,
    0xb0, 0x21, 0x00, 0x00, 0x09, 0xf1, 0x00, 0x8d,
    0x0e, 0xb2, 0xf8, 0x00, 0x00, 0x09, 0xf2, 0x00,
    0xae, 0x0e, 0xb0, 0xbf, 0x00, 0x7f, 0xff, 0xff,
    0xf8, 0xdb, 0x0e, 0xb0, 0x5f, 0x60, 0x49, 0x9f,
    0xf9, 0x96, 0xf7, 0x0e, 0xb0, 0x0e, 0xc0, 0x00,
    0x3f, 0xfa, 0x06, 0xf3, 0x0e, 0xb0, 0x0a, 0xc0,
    0x00, 0xaf, 0xff, 0x75, 0xc0, 0x0e, 0xb0, 0x01,
    0x00, 0x02, 0xfd, 0xf8, 0xf3, 0x00, 0x0e, 0xb0,
    0x8f, 0x20, 0x0b, 0xd9, 0xf1, 0xb0, 0x00, 0x0e,
    0xb2, 0xfc, 0x00, 0x6f, 0x49, 0xf1, 0x00, 0x00,
    0x02, 0x2d, 0xf3, 0x00, 0x4b, 0x09, 0xf1, 0x00,
    0x00, 0x03, 0xdf, 0x50, 0x00, 0x00, 0x09, 0xf1,
    0x00, 0x03, 0xaf, 0xe4, 0x00, 0x00, 0x00, 0x09,
    0xf1, 0x3a, 0xef, 0xe8, 0x10, 0x00, 0x00, 0x00,
    0x09, 0xf1, 0x1d, 0xa5, 0x00, 0x00, 0x00, 0x00,

    /* U+7A0B "程" */
    0x00, 0x01, 0x5b, 0x80, 0x00, 0x00, 0x00, 0x00,
    0x00, 0x3a, 0xdf, 0xff, 0xb1, 0xef, 0xff, 0xff,
    0xff, 0x10, 0x2f, 0xde, 0xf2, 0x00, 0xec, 0x77,
    0x77, 0xcf, 0x10, 0x00, 0x09, 0xf1, 0x00, 0xea,
    0x00, 0x00, 0x9f, 0x10, 0x02, 0x2a, 0xf3, 0x20,
    0xea, 0x11, 0x11, 0x9f, 0x10, 0x5f, 0xff, 0xff,
    0xf3, 0xef, 0xff, 0xff, 0xff, 0x10, 0x27, 0x7f,
    0xf8, 0x71, 0x56, 0x66, 0x66, 0x66, 0x00, 0x00,
    0x3f, 0xf8, 0x03, 0x77, 0x77, 0x77, 0x77, 0x60,
    0x00, 0xbf, 0xff, 0x78, 0xff, 0xff, 0xff, 0xff,
    0xd0, 0x03, 0xfd, 0xf8, 0xf4, 0x00, 0x0b, 0xf0,
    0x00, 0x00, 0x0c, 0xd9, 0xf1, 0xa0, 0x00, 0x0b,
    0xf0, 0x00, 0x00, 0x7f, 0x59, 0xf1, 0x01, 0xff,
    0xff, 0xff, 0xff, 0x60, 0x5c, 0x09, 0xf1, 0x00,
    0x88, 0x8d, 0xf8, 0x88, 0x30, 0x01, 0x09, 0xf1,
    0x00, 0x00, 0x0b, 0xf0, 0x00, 0x00, 0x00, 0x09,
    0xf1, 0x03, 0x33, 0x3c, 0xf3, 0x33, 0x30, 0x00,
    0x09, 0xf1, 0x4f, 0xff, 0xff, 0xff, 0xff, 0xf3,

    /* U+7A0D "稍" */
    0x00, 0x00, 0x00, 0x00, 0x00, 0x00, 0x00, 0x00,
    0x00, 0x00, 0x03, 0x8e, 0x30, 0x40, 0x08, 0xf1,
    0x03, 0x50, 0x0a, 0xff, 0xfc, 0x52, 0xf8, 0x08,
    0xf1, 0x0b, 0xf1, 0x07, 0x7c, 0xe0, 0x00, 0x9f,
    0x28, 0xf1, 0x4f, 0x80, 0x00, 0x09, 0xe0, 0x00,
    0x2f, 0x68, 0xf1, 0xbe, 0x00, 0x00, 0x0a, 0xe0,
    0x00, 0x13, 0x19, 0xf2, 0x14, 0x10, 0x3f, 0xff,
    0xff, 0xf0, 0xff, 0xff, 0xff, 0xff, 0xb0, 0x18,
    0x9f, 0xf8, 0x80, 0xfc, 0x88, 0x88, 0x8f, 0xb0,
    0x00, 0x5f, 0xf6, 0x00, 0xf8, 0x00, 0x00, 0x0e,
    0xb0, 0x00, 0xbf, 0xff, 0x50, 0xff, 0xff, 0xff,
    0xff, 0xb0, 0x01, 0xfe, 0xe9, 0xc0, 0xfc, 0x88,
    0x88, 0x8f, 0xb0, 0x09, 0xe9, 0xe1, 0x40, 0xf8,
    0x00, 0x00, 0x0e, 0xb0, 0x2f, 0x79, 0xe0, 0x00,
    0xfc, 0x88, 0x88, 0x8f, 0xb0, 0x0d, 0x09, 0xe0,
    0x00, 0xff, 0xff, 0xff, 0xff, 0xb0, 0x00, 0x09,
    0xe0, 0x00, 0xf8, 0x00, 0x00, 0x0e, 0xb0, 0x00,
    0x09, 0xe0, 0x00, 0xf8, 0x00, 0x2a, 0xaf, 0xa0,
    0x00, 0x09, 0xe0, 0x00, 0xf8, 0x00, 0x0d, 0xdc,
    0x30,

    /* U+7C7B "类" */
    0x00, 0x02, 0x70, 0x00, 0xce, 0x00, 0x09, 0x60,
    0x00, 0x00, 0x05, 0xfb, 0x00, 0xce, 0x00, 0x6f,
    0x90, 0x00, 0x00, 0x00, 0x9f, 0x50, 0xce, 0x02,
    0xfb, 0x00, 0x00, 0x06, 0x99, 0xad, 0x99, 0xef,
    0x99, 0xca, 0x99, 0x90, 0x0a, 0xff, 0xff, 0xff,
    0xff, 0xff, 0xff, 0xff, 0xe0, 0x00, 0x00, 0x01,
    0xbf, 0xff, 0xfc, 0x50, 0x00, 0x00, 0x00, 0x00,
    0x7e, 0xf5, 0xce, 0x4c, 0xfd, 0x50, 0x00, 0x04,
    0x9e, 0xfb, 0x20, 0xce, 0x00, 0x4c, 0xfd, 0x50,
    0x08, 0xfb, 0x40, 0x00, 0x9b, 0x00, 0x00, 0x4d,
    0x80, 0x00, 0x10, 0x00, 0x00, 0xee, 0x00, 0x00,
    0x00, 0x00, 0x08, 0xaa, 0xaa, 0xaa, 0xfe, 0xaa,
    0xaa, 0xaa, 0xa0, 0x0c, 0xff, 0xff, 0xff, 0xff,
    0xff, 0xff, 0xff, 0xf0, 0x00, 0x00, 0x00, 0x3f,
    0xed, 0xf3, 0x00, 0x00, 0x00, 0x00, 0x00, 0x06,
    0xff, 0x52, 0xef, 0x81, 0x00, 0x00, 0x02, 0x59,
    0xef, 0xf5, 0x00, 0x2d, 0xff, 0xa6, 0x30, 0x0d,
    0xff, 0xe8, 0x10, 0x00, 0x00, 0x6c, 0xff, 0xf2,
    0x03, 0x62, 0x00, 0x00, 0x00, 0x00, 0x00, 0x15,
    0x40,

    /* U+7CFB "系" */
    0x00, 0x00, 0x00, 0x00, 0x00, 0x00, 0x01, 0x00,
    0x00, 0x00, 0x02, 0x35, 0x68, 0xbd, 0xfd, 0x10,
    0x0d, 0xef, 0xff, 0xff, 0xff, 0xec, 0x96, 0x10,
    0x08, 0x98, 0x7b, 0xfc, 0x20, 0x00, 0x00, 0x00,
    0x00, 0x00, 0x6f, 0xb0, 0x00, 0x5e, 0x40, 0x00,
    0x00, 0x1a, 0xf8, 0x00, 0x19, 0xfd, 0x30, 0x00,
    0x00, 0xef, 0xfe, 0xff, 0xff, 0x80, 0x00, 0x00,
    0x00, 0x99, 0x79, 0xff, 0xb2, 0x07, 0x50, 0x00,
    0x00, 0x02, 0x9f, 0xd4, 0x00, 0x09, 0xf6, 0x00,
    0x04, 0xaf, 0xfe, 0xab, 0xcd, 0xef, 0xff, 0x60,
    0x0e, 0xff, 0xfd, 0xce, 0xf8, 0x76, 0x5b, 0xf4,
    0x03, 0x22, 0x10, 0x0b, 0xf0, 0x03, 0x00, 0xa3,
    0x00, 0x0c, 0xf3, 0x0b, 0xf0, 0x5f, 0xc1, 0x00,
    0x01, 0xcf, 0x80, 0x0b, 0xf0, 0x06, 0xfe, 0x30,
    0x4e, 0xf8, 0x00, 0x0b, 0xf0, 0x00, 0x4f, 0xf4,
    0x6e, 0x60, 0x29, 0x9e, 0xf0, 0x00, 0x04, 0xe6,
    0x00, 0x00, 0x0f, 0xfe, 0x70, 0x00, 0x00, 0x00,
    0x00, 0x00, 0x00, 0x00, 0x00, 0x00, 0x00, 0x00,

    /* U+7EC8 "终" */
    0x00, 0x00, 0x00, 0x00, 0x00, 0x10, 0x00, 0x00,
    0x00, 0x00, 0x06, 0xf4, 0x00, 0x01, 0xfc, 0x00,
    0x00, 0x00, 0x00, 0x0c, 0xf1, 0x00, 0x09, 0xfa,
    0x66, 0x74, 0x00, 0x00, 0x4f, 0x80, 0x00, 0x4f,
    0xff, 0xff, 0xff, 0x10, 0x00, 0xce, 0x11, 0x02,
    0xef, 0xa1, 0x16, 0xf9, 0x00, 0x05, 0xf6, 0x0c,
    0xde, 0xfb, 0xf4, 0x1e, 0xe1, 0x00, 0x2e, 0xe5,
    0x8f, 0x8b, 0x40, 0xcf, 0xdf, 0x30, 0x00, 0x5f,
    0xff, 0xfd, 0x00, 0x00, 0x4f, 0xf9, 0x00, 0x00,
    0x05, 0x2b, 0xf2, 0x00, 0x08, 0xff, 0xdf, 0xa1,
    0x00, 0x00, 0x7f, 0x50, 0x07, 0xef, 0xc2, 0x0a,
    0xff, 0x91, 0x05, 0xfc, 0x79, 0x8b, 0xe6, 0x47,
    0x00, 0x5d, 0xd0, 0x3f, 0xff, 0xfe, 0x91, 0x00,
    0x9f, 0xf7, 0x00, 0x10, 0x0a, 0x63, 0x10, 0x00,
    0x00, 0x02, 0xaf, 0x70, 0x00, 0x00, 0x00, 0x00,
    0x30, 0x26, 0x10, 0x03, 0x00, 0x00, 0x14, 0x7a,
    0xdf, 0xf2, 0xaf, 0xfc, 0x60, 0x00, 0x00, 0x5f,
    0xff, 0xc8, 0x50, 0x01, 0x7d, 0xff, 0x91, 0x00,
    0x26, 0x20, 0x00, 0x00, 0x00, 0x00, 0x4b, 0xf9,
    0x00, 0x00, 0x00, 0x00, 0x00, 0x00, 0x00, 0x00,
    0x30, 0x00,

    /* U+7EDF "统" */
    0x00, 0x00, 0x00, 0x00, 0x00, 0x00, 0x00, 0x00,
    0x00, 0x00, 0x05, 0xe5, 0x00, 0x00, 0x3f, 0x80,
    0x00, 0x00, 0x00, 0x0b, 0xf3, 0x00, 0x00, 0x0e,
    0xe0, 0x00, 0x00, 0x00, 0x3f, 0xb0, 0x07, 0x99,
    0x9d, 0xd9, 0x99, 0x90, 0x00, 0xbf, 0x32, 0x0b,
    0xff, 0xff, 0xff, 0xff, 0xf1, 0x04, 0xf9, 0x0d,
    0xd0, 0x02, 0xfd, 0x01, 0x50, 0x00, 0x2e, 0xf8,
    0xaf, 0x80, 0x0d, 0xf2, 0x06, 0xf5, 0x00, 0x4f,
    0xff, 0xfd, 0x00, 0xbf, 0x83, 0x56, 0xff, 0x20,
    0x04, 0x0b, 0xf3, 0x0d, 0xff, 0xff, 0xff, 0xdf,
    0xb0, 0x00, 0x7f, 0x81, 0x29, 0x7c, 0x82, 0x47,
    0x08, 0xa0, 0x05, 0xff, 0xef, 0xa0, 0x0f, 0xa0,
    0x9f, 0x10, 0x00, 0x3f, 0xfe, 0xa7, 0x20, 0x2f,
    0x80, 0x9f, 0x10, 0x00, 0x08, 0x20, 0x00, 0x00,
    0x4f, 0x60, 0x9f, 0x10, 0x00, 0x00, 0x01, 0x6c,
    0xb0, 0x9f, 0x20, 0x9f, 0x11, 0xb2, 0x18, 0xcf,
    0xfd, 0x73, 0xfd, 0x00, 0x9f, 0x12, 0xf4, 0x2f,
    0xe8, 0x30, 0x7f, 0xf3, 0x00, 0x8f, 0x89, 0xf1,
    0x04, 0x00, 0x00, 0xce, 0x40, 0x00, 0x3e, 0xff,
    0xa0, 0x00, 0x00, 0x00, 0x10, 0x00, 0x00, 0x00,
    0x00, 0x00,

    /* U+7EE7 "继" */
    0x00, 0x00, 0x00, 0x00, 0x00, 0x00, 0x00, 0x00,
    0x00, 0x00, 0x07, 0xa0, 0x00, 0x00, 0x00, 0x8e,
    0x00, 0x00, 0x00, 0x0c, 0xf1, 0x0a, 0xe1, 0x40,
    0x8e, 0x03, 0x30, 0x00, 0x2f, 0x90, 0x0a, 0xe2,
    0xf1, 0x8e, 0x0b, 0xa0, 0x00, 0x9f, 0x20, 0x0a,
    0xe0, 0xc7, 0x8e, 0x1f, 0x30, 0x01, 0xf9, 0x0b,
    0xba, 0xe0, 0x78, 0x8e, 0x5a, 0x00, 0x0a, 0xf6,
    0x8f, 0x8a, 0xe4, 0x77, 0xbf, 0x77, 0x71, 0x5f,
    0xff, 0xfd, 0x0a, 0xe9, 0xff, 0xff, 0xff, 0xf2,
    0x18, 0x3a, 0xf3, 0x0a, 0xe0, 0x03, 0xff, 0x80,
    0x00, 0x00, 0x4f, 0x70, 0x0a, 0xe0, 0x0b, 0xff,
    0xf5, 0x00, 0x02, 0xfd, 0x69, 0x7a, 0xe0, 0x5f,
    0x9e, 0x6f, 0x30, 0x2e, 0xff, 0xfd, 0x6a, 0xe2,
    0xf8, 0x8e, 0x0b, 0xe0, 0x0c, 0x74, 0x10, 0x0a,
    0xe5, 0xd0, 0x8e, 0x02, 0x70, 0x00, 0x00, 0x02,
    0x3a, 0xe0, 0x10, 0x8e, 0x00, 0x00, 0x15, 0x8b,
    0xef, 0xca, 0xe0, 0x00, 0x5a, 0x00, 0x00, 0x4f,
    0xeb, 0x73, 0x0a, 0xff, 0xff, 0xff, 0xff, 0xf5,
    0x02, 0x00, 0x00, 0x05, 0x99, 0x99, 0x99, 0x99,
    0x92,

    /* U+7EED "续" */
    0x00, 0x03, 0xb2, 0x00, 0x00, 0x0f, 0xb0, 0x00,
    0x00, 0x00, 0x09, 0xf1, 0x01, 0x77, 0x7f, 0xd7,
    0x77, 0x00, 0x00, 0x1f, 0x90, 0x02, 0xff, 0xff,
    0xff, 0xff, 0x00, 0x00, 0x8f, 0x22, 0x00, 0x00,
    0x0f, 0xb0, 0x00, 0x00, 0x01, 0xf8, 0x0e, 0x9a,
    0xdd, 0xdf, 0xfd, 0xdd, 0xa0, 0x0b, 0xf6, 0xaf,
    0x38, 0xaa, 0xaa, 0xaa, 0xaf, 0xa0, 0x4f, 0xff,
    0xf9, 0x00, 0x28, 0x04, 0x90, 0x1f, 0x50, 0x07,
    0x4c, 0xe0, 0x00, 0x2c, 0xda, 0xf1, 0x6f, 0x10,
    0x00, 0x6f, 0x40, 0x09, 0xc2, 0x68, 0xf1, 0x00,
    0x00, 0x03, 0xfd, 0xae, 0x50, 0xae, 0x09, 0xf0,
    0x00, 0x00, 0x1f, 0xff, 0xd9, 0x38, 0x8b, 0x8d,
    0xf8, 0x88, 0x80, 0x0b, 0x62, 0x00, 0x2f, 0xff,
    0xff, 0xff, 0xff, 0xe0, 0x00, 0x00, 0x6b, 0x60,
    0x00, 0x9f, 0x45, 0x00, 0x00, 0x05, 0xaf, 0xfc,
    0x40, 0x07, 0xfa, 0x4f, 0xc1, 0x00, 0x2f, 0xe9,
    0x20, 0x01, 0xaf, 0xc0, 0x03, 0xee, 0x30, 0x05,
    0x00, 0x00, 0x3f, 0xf9, 0x00, 0x00, 0x1d, 0xf1,
    0x00, 0x00, 0x00, 0x07, 0x30, 0x00, 0x00, 0x01,
    0x50,

    /* U+7F51 "网" */
    0xaf, 0xff, 0xff, 0xff, 0xff, 0xff, 0xff, 0xf9,
    0xaf, 0xa9, 0x99, 0x99, 0x99, 0x99, 0x9a, 0xf9,
    0xaf, 0x10, 0x00, 0x52, 0x00, 0x05, 0x22, 0xf9,
    0xaf, 0x11, 0x02, 0xf6, 0x00, 0x0f, 0x82, 0xf9,
    0xaf, 0x7e, 0x25, 0xf6, 0xf4, 0x3f, 0x52, 0xf9,
    0xaf, 0x2d, 0xda, 0xf0, 0xaf, 0xaf, 0x12, 0xf9,
    0xaf, 0x12, 0xef, 0xb0, 0x0d, 0xfd, 0x02, 0xf9,
    0xaf, 0x10, 0x5f, 0xa0, 0x03, 0xfc, 0x02, 0xf9,
    0xaf, 0x10, 0x9f, 0xf5, 0x07, 0xff, 0x62, 0xf9,
    0xaf, 0x11, 0xfa, 0xbf, 0x1e, 0xcb, 0xe3, 0xf9,
    0xaf, 0x1b, 0xf2, 0x16, 0x9f, 0x32, 0xe5, 0xf9,
    0xaf, 0x9f, 0x70, 0x06, 0xf9, 0x00, 0x12, 0xf9,
    0xaf, 0x69, 0x00, 0x06, 0xb0, 0x00, 0x02, 0xf9,
    0xaf, 0x10, 0x00, 0x00, 0x00, 0x2a, 0xac, 0xf8,
    0xaf, 0x10, 0x00, 0x00, 0x00, 0x0e, 0xff, 0xb2,

    /* U+7F6E "置" */
    0x01, 0xff, 0xff, 0xff, 0xff, 0xff, 0xff, 0xff,
    0x10, 0x01, 0xfb, 0x22, 0xec, 0x22, 0xcd, 0x22,
    0xaf, 0x10, 0x01, 0xff, 0xdd, 0xff, 0xdd, 0xff,
    0xdd, 0xff, 0x10, 0x00, 0x55, 0x55, 0x55, 0xfc,
    0x55, 0x55, 0x55, 0x00, 0x0b, 0xcc, 0xcc, 0xcd,
    0xfe, 0xcc, 0xcc, 0xcc, 0x60, 0x06, 0x77, 0x77,
    0x7a, 0xfa, 0x77, 0x77, 0x77, 0x30, 0x00, 0x08,
    0xbb, 0xbd, 0xfc, 0xbb, 0xbb, 0x70, 0x00, 0x00,
    0x0b, 0xe6, 0x66, 0x66, 0x66, 0x6f, 0xb0, 0x00,
    0x00, 0x0b, 0xfc, 0xcc, 0xcc, 0xcc, 0xcf, 0xb0,
    0x00, 0x00, 0x0b, 0xe3, 0x33, 0x33, 0x33, 0x3f,
    0xb0, 0x00, 0x00, 0x0b, 0xfe, 0xee, 0xee, 0xee,
    0xef, 0xb0, 0x00, 0x00, 0x0b, 0xd0, 0x00, 0x00,
    0x00, 0x0f, 0xb0, 0x00, 0x00, 0x0b, 0xff, 0xff,
    0xff, 0xff, 0xff, 0xb0, 0x00, 0x00, 0x0b, 0xd0,
    0x00, 0x00, 0x00, 0x0f, 0xb0, 0x00, 0x0f, 0xff,
    0xff, 0xff, 0xff, 0xff, 0xff, 0xff, 0xf1,

    /* U+8054 "联" */
    0x00, 0x00, 0x00, 0x00, 0x04, 0x00, 0x00, 0x42,
    0x00, 0x6f, 0xff, 0xff, 0xf7, 0x3f, 0xc0, 0x03,
    0xfb, 0x00, 0x08, 0xf0, 0x0b, 0xc0, 0x06, 0xf7,
    0x0c, 0xf2, 0x00, 0x08, 0xf0, 0x0b, 0xc0, 0x77,
    0xc7, 0x9f, 0xc7, 0x40, 0x08, 0xf7, 0x7d, 0xc0,
    0xff, 0xff, 0xff, 0xff, 0x80, 0x08, 0xff, 0xff,
    0xc0, 0x44, 0x4d, 0xf4, 0x44, 0x20, 0x08, 0xf0,
    0x0b, 0xc0, 0x00, 0x0c, 0xe0, 0x00, 0x00, 0x08,
    0xf0, 0x0b, 0xc0, 0x00, 0x0c, 0xe0, 0x00, 0x00,
    0x08, 0xff, 0xff, 0xc5, 0xff, 0xff, 0xff, 0xff,
    0xf1, 0x08, 0xf7, 0x7d, 0xc3, 0x99, 0x9f, 0xf9,
    0x99, 0x91, 0x08, 0xf0, 0x0b, 0xc0, 0x00, 0x3f,
    0xf3, 0x00, 0x00, 0x08, 0xf3, 0x5d, 0xec, 0x10,
    0x9f, 0xfb, 0x00, 0x00, 0x6f, 0xff, 0xff, 0xe9,
    0x13, 0xfc, 0x7f, 0x60, 0x00, 0x39, 0x64, 0x1b,
    0xc0, 0x2e, 0xf2, 0x0c, 0xf6, 0x00, 0x00, 0x00,
    0x0b, 0xc5, 0xef, 0x40, 0x01, 0xdf, 0xb1, 0x00,
    0x00, 0x0b, 0xc8, 0xe3, 0x00, 0x00, 0x09, 0x90,
    0x00, 0x00, 0x00, 0x00, 0x00, 0x00, 0x00, 0x00,
    0x00,

    /* U+80AF "肯" */
    0x00, 0x00, 0x00, 0x0a, 0xf1, 0x00, 0x00, 0x00,
    0x00, 0x1f, 0x90, 0x0a, 0xf7, 0x77, 0x77, 0x10,
    0x00, 0x1f, 0x90, 0x0a, 0xff, 0xff, 0xff, 0x40,
    0x00, 0x1f, 0x90, 0x0a, 0xf1, 0x00, 0x00, 0x00,
    0x9e, 0xef, 0xfe, 0xef, 0xfe, 0xee, 0xee, 0xed,
    0x69, 0x99, 0x99, 0x99, 0x99, 0x99, 0x99, 0x98,
    0x00, 0x01, 0x11, 0x11, 0x11, 0x11, 0x21, 0x00,
    0x00, 0x9f, 0xff, 0xff, 0xff, 0xff, 0xfe, 0x00,
    0x00, 0x9f, 0x54, 0x44, 0x44, 0x44, 0xee, 0x00,
    0x00, 0x9f, 0x65, 0x55, 0x55, 0x55, 0xee, 0x00,
    0x00, 0x9f, 0xff, 0xff, 0xff, 0xff, 0xfe, 0x00,
    0x00, 0x9f, 0x10, 0x00, 0x00, 0x00, 0xde, 0x00,
    0x00, 0x9f, 0xff, 0xff, 0xff, 0xff, 0xfe, 0x00,
    0x00, 0x9f, 0x75, 0x55, 0x55, 0x55, 0xee, 0x00,
    0x00, 0x9f, 0x10, 0x00, 0x04, 0x77, 0xfe, 0x00,
    0x00, 0x9f, 0x10, 0x00, 0x05, 0xff, 0xf7, 0x00,
    0x00, 0x00, 0x00, 0x00, 0x00, 0x00, 0x00, 0x00,

    /* U+80FD "能" */
    0x00, 0x00, 0x00, 0x00, 0x00, 0x00, 0x00, 0x00,
    0x00, 0x00, 0x0b, 0xd2, 0x00, 0x01, 0xf9, 0x00,
    0x00, 0x00, 0x00, 0x4f, 0xa2, 0xd6, 0x01, 0xf9,
    0x02, 0x9c, 0x00, 0x01, 0xee, 0x10, 0xbf, 0x21,
    0xfd, 0xcf, 0xf9, 0x20, 0x0c, 0xfd, 0xcd, 0xff,
    0xa1, 0xff, 0x94, 0x00, 0x00, 0x08, 0xca, 0x97,
    0x6b, 0xe2, 0xf9, 0x00, 0x02, 0x91, 0x00, 0x00,
    0x00, 0x01, 0x01, 0xfa, 0x00, 0x05, 0xf3, 0x04,
    0xff, 0xff, 0xff, 0x40, 0xef, 0xff, 0xff, 0xf0,
    0x04, 0xfa, 0x77, 0xaf, 0x50, 0x7a, 0x99, 0x98,
    0x30, 0x04, 0xf5, 0x00, 0x5f, 0x50, 0xfa, 0x00,
    0x00, 0x00, 0x04, 0xff, 0xff, 0xff, 0x50, 0xfa,
    0x00, 0x4b, 0x10, 0x04, 0xf8, 0x44, 0x8f, 0x50,
    0xfa, 0x6d, 0xff, 0x50, 0x04, 0xf9, 0x55, 0x9f,
    0x50, 0xff, 0xfc, 0x60, 0x00, 0x04, 0xff, 0xff,
    0xff, 0x50, 0xfc, 0x10, 0x00, 0x20, 0x04, 0xf5,
    0x00, 0x5f, 0x50, 0xfa, 0x00, 0x01, 0xf6, 0x04,
    0xf5, 0x28, 0xbf, 0x40, 0xfe, 0xaa, 0xac, 0xf4,
    0x04, 0xf5, 0x0e, 0xeb, 0x00, 0x6c, 0xee, 0xed,
    0x90,

    /* U+822A "航" */
    0x00, 0x01, 0x62, 0x00, 0x00, 0x05, 0x30, 0x00,
    0x00, 0x00, 0x05, 0xf5, 0x00, 0x00, 0x1f, 0xd0,
    0x00, 0x00, 0x01, 0x3b, 0xf4, 0x31, 0x00, 0x09,
    0xf4, 0x00, 0x00, 0x05, 0xff, 0xff, 0xf9, 0x77,
    0x7a, 0xe9, 0x77, 0x70, 0x05, 0xf3, 0x21, 0xfb,
    0xff, 0xff, 0xff, 0xff, 0xf0, 0x05, 0xf8, 0xc0,
    0xf8, 0x00, 0x00, 0x00, 0x00, 0x00, 0x05, 0xf3,
    0xf3, 0xf8, 0x02, 0x44, 0x44, 0x41, 0x00, 0x05,
    0xf2, 0x94, 0xf8, 0x09, 0xff, 0xff, 0xf4, 0x00,
    0x4a, 0xf8, 0x66, 0xf8, 0x09, 0xf5, 0x58, 0xf4,
    0x00, 0x9f, 0xff, 0xff, 0xf8, 0x09, 0xf0, 0x05,
    0xf4, 0x00, 0x06, 0xf3, 0x30, 0xf8, 0x09, 0xf0,
    0x05, 0xf4, 0x00, 0x06, 0xf6, 0xe0, 0xf8, 0x0a,
    0xf0, 0x05, 0xf4, 0x00, 0x08, 0xf0, 0xd7, 0xf8,
    0x0b, 0xd0, 0x05, 0xf4, 0x00, 0x0a, 0xd0, 0x31,
    0xf8, 0x0e, 0xb0, 0x05, 0xf4, 0x61, 0x0d, 0xb0,
    0x00, 0xf8, 0x4f, 0x60, 0x05, 0xf4, 0xb4, 0x2f,
    0x60, 0x46, 0xf8, 0xcf, 0x10, 0x04, 0xf9, 0xe3,
    0x6f, 0x10, 0x9f, 0xe6, 0xe7, 0x00, 0x01, 0xdf,
    0xc0, 0x01, 0x00, 0x00, 0x00, 0x10, 0x00, 0x00,
    0x00, 0x00,

    /* U+884C "行" */
    0x00, 0x00, 0x00, 0x00, 0x00, 0x00, 0x00, 0x00,
    0x00, 0x00, 0x00, 0xcb, 0x10, 0x00, 0x00, 0x00,
    0x00, 0x00, 0x00, 0x0b, 0xf8, 0x01, 0xff, 0xff,
    0xff, 0xff, 0xb0, 0x01, 0xcf, 0x80, 0x00, 0x99,
    0x99, 0x99, 0x99, 0x70, 0x2e, 0xf6, 0x03, 0x00,
    0x00, 0x00, 0x00, 0x00, 0x00, 0x0a, 0x40, 0x3f,
    0xc0, 0x00, 0x00, 0x00, 0x00, 0x00, 0x00, 0x01,
    0xef, 0x35, 0x66, 0x66, 0x66, 0x66, 0x61, 0x00,
    0x1c, 0xf6, 0x0d, 0xff, 0xff, 0xff, 0xff, 0xf4,
    0x01, 0xcf, 0xf1, 0x03, 0x33, 0x33, 0x5f, 0xb3,
    0x30, 0x3e, 0xff, 0xf1, 0x00, 0x00, 0x00, 0x1f,
    0x90, 0x00, 0x2e, 0x7a, 0xf1, 0x00, 0x00, 0x00,
    0x1f, 0x90, 0x00, 0x01, 0x0a, 0xf1, 0x00, 0x00,
    0x00, 0x1f, 0x90, 0x00, 0x00, 0x0a, 0xf1, 0x00,
    0x00, 0x00, 0x1f, 0x90, 0x00, 0x00, 0x0a, 0xf1,
    0x00, 0x00, 0x00, 0x1f, 0x90, 0x00, 0x00, 0x0a,
    0xf1, 0x00, 0x00, 0x00, 0x1f, 0x90, 0x00, 0x00,
    0x0a, 0xf1, 0x00, 0x01, 0xaa, 0xbf, 0x90, 0x00,
    0x00, 0x0a, 0xf1, 0x00, 0x00, 0xdf, 0xfd, 0x30,
    0x00, 0x00, 0x01, 0x20, 0x00, 0x00, 0x00, 0x00,
    0x00, 0x00,

    /* U+8868 "表" */
    0x00, 0x00, 0x00, 0x01, 0xfa, 0x00, 0x00, 0x00,
    0x00, 0x02, 0x88, 0x88, 0x88, 0xfd, 0x88, 0x88,
    0x88, 0x10, 0x04, 0xff, 0xff, 0xff, 0xff, 0xff,
    0xff, 0xff, 0x20, 0x00, 0x00, 0x00, 0x01, 0xfa,
    0x00, 0x00, 0x00, 0x00, 0x00, 0x6f, 0xff, 0xff,
    0xff, 0xff, 0xff, 0xf6, 0x00, 0x00, 0x26, 0x66,
    0x67, 0xfc, 0x66, 0x66, 0x62, 0x00, 0x03, 0x33,
    0x33, 0x34, 0xfb, 0x33, 0x33, 0x33, 0x20, 0x1f,
    0xff, 0xff, 0xff, 0xff, 0xff, 0xff, 0xff, 0xb0,
    0x04, 0x44, 0x45, 0xef, 0xbf, 0xa4, 0x44, 0x44,
    0x20, 0x00, 0x00, 0x5e, 0xf7, 0x0d, 0xe0, 0x01,
    0xcc, 0x10, 0x00, 0x4c, 0xff, 0x40, 0x05, 0xf8,
    0x3e, 0xf7, 0x00, 0x3d, 0xff, 0xef, 0x10, 0x00,
    0xbf, 0xfc, 0x20, 0x00, 0x0b, 0x81, 0xbf, 0x10,
    0x00, 0x1e, 0xf6, 0x00, 0x00, 0x00, 0x00, 0xbf,
    0x14, 0x9d, 0x52, 0xef, 0xb2, 0x00, 0x00, 0x01,
    0xef, 0xff, 0xfc, 0x40, 0x1b, 0xff, 0xb1, 0x00,
    0x03, 0xff, 0xb6, 0x10, 0x00, 0x00, 0x4c, 0x80,
    0x00, 0x00, 0x51, 0x00, 0x00, 0x00, 0x00, 0x00,
    0x00,

    /* U+8981 "要" */
    0x0d, 0xff, 0xff, 0xff, 0xff, 0xff, 0xff, 0xff,
    0xc0, 0x00, 0x00, 0x00, 0xfa, 0x00, 0xdc, 0x00,
    0x00, 0x00, 0x00, 0x77, 0x77, 0xfd, 0x77, 0xee,
    0x77, 0x77, 0x00, 0x00, 0xff, 0xee, 0xff, 0xee,
    0xff, 0xee, 0xff, 0x10, 0x00, 0xfa, 0x00, 0xfa,
    0x00, 0xdc, 0x00, 0x9f, 0x10, 0x00, 0xfa, 0x00,
    0xfa, 0x00, 0xdc, 0x00, 0x9f, 0x10, 0x00, 0xff,
    0xff, 0xff, 0xff, 0xff, 0xff, 0xff, 0x10, 0x00,
    0x55, 0x55, 0xaf, 0x95, 0x55, 0x55, 0x55, 0x00,
    0x07, 0x77, 0x77, 0xef, 0x97, 0x77, 0x77, 0x77,
    0x71, 0x1f, 0xff, 0xff, 0xff, 0xff, 0xff, 0xff,
    0xff, 0xf2, 0x00, 0x00, 0x5f, 0xa0, 0x00, 0x09,
    0xf6, 0x00, 0x00, 0x00, 0x03, 0xff, 0xa6, 0x20,
    0x8f, 0xb0, 0x00, 0x00, 0x00, 0x03, 0x6a, 0xef,
    0xff, 0xfe, 0x30, 0x00, 0x00, 0x00, 0x12, 0x47,
    0xaf, 0xfe, 0xef, 0xfd, 0x94, 0x00, 0x0a, 0xff,
    0xff, 0xd9, 0x40, 0x03, 0x7d, 0xff, 0x40, 0x02,
    0x75, 0x30, 0x00, 0x00, 0x00, 0x00, 0x34, 0x00,

    /* U+89C9 "觉" */
    0x00, 0x00, 0x00, 0x00, 0x00, 0x00, 0x00, 0x00,
    0x00, 0x19, 0x60, 0x07, 0xf3, 0x00, 0x07, 0xd4,
    0x00, 0x00, 0xcf, 0x40, 0x1f, 0xd0, 0x01, 0xfe,
    0x10, 0x00, 0x02, 0xfa, 0x00, 0x9c, 0x20, 0xbf,
    0x40, 0x00, 0xaf, 0xff, 0xff, 0xff, 0xff, 0xff,
    0xff, 0xfe, 0x0a, 0xf8, 0x77, 0x77, 0x77, 0x77,
    0x77, 0x7f, 0xe0, 0xaf, 0x10, 0x00, 0x00, 0x00,
    0x00, 0x00, 0xee, 0x07, 0xb7, 0xff, 0xff, 0xff,
    0xff, 0xff, 0x9a, 0xa0, 0x00, 0x7f, 0xa7, 0x77,
    0x77, 0x78, 0xf9, 0x00, 0x00, 0x07, 0xf4, 0x00,
    0xca, 0x00, 0x2f, 0x90, 0x00, 0x00, 0x7f, 0x40,
    0x0f, 0xc0, 0x02, 0xf9, 0x00, 0x00, 0x07, 0xf4,
    0x00, 0xfc, 0x00, 0x2f, 0x90, 0x00, 0x00, 0x7f,
    0x40, 0x4f, 0xba, 0x52, 0xf9, 0x00, 0x00, 0x03,
    0x72, 0x2e, 0xf6, 0xf8, 0x19, 0x50, 0x00, 0x00,
    0x00, 0x6e, 0xf5, 0x4f, 0x80, 0x00, 0x3b, 0x20,
    0x49, 0xef, 0xc3, 0x03, 0xfc, 0x77, 0x7a, 0xf2,
    0x6f, 0xfb, 0x40, 0x00, 0x0b, 0xff, 0xff, 0xfa,
    0x00, 0x41, 0x00, 0x00, 0x00, 0x00, 0x00, 0x00,
    0x00,

    /* U+8A00 "言" */
    0x00, 0x00, 0x00, 0x00, 0x00, 0x00, 0x00, 0x00,
    0x00, 0x00, 0x00, 0x00, 0x06, 0xf7, 0x00, 0x00,
    0x00, 0x00, 0x00, 0x00, 0x00, 0x00, 0xdf, 0x30,
    0x00, 0x00, 0x00, 0x08, 0x88, 0x88, 0x88, 0xbf,
    0xc8, 0x88, 0x88, 0x81, 0x1f, 0xff, 0xff, 0xff,
    0xff, 0xff, 0xff, 0xff, 0xf2, 0x00, 0x00, 0x00,
    0x00, 0x00, 0x00, 0x00, 0x00, 0x00, 0x00, 0x07,
    0xff, 0xff, 0xff, 0xff, 0xff, 0x90, 0x00, 0x00,
    0x03, 0x66, 0x66, 0x66, 0x66, 0x66, 0x30, 0x00,
    0x00, 0x00, 0x11, 0x11, 0x11, 0x11, 0x11, 0x10,
    0x00, 0x00, 0x08, 0xff, 0xff, 0xff, 0xff, 0xff,
    0x90, 0x00, 0x00, 0x02, 0x44, 0x44, 0x44, 0x44,
    0x44, 0x20, 0x00, 0x00, 0x02, 0x33, 0x33, 0x33,
    0x33, 0x33, 0x30, 0x00, 0x00, 0x0b, 0xff, 0xff,
    0xff, 0xff, 0xff, 0xd0, 0x00, 0x00, 0x0b, 0xf3,
    0x33, 0x33, 0x33, 0x3f, 0xd0, 0x00, 0x00, 0x0b,
    0xf0, 0x00, 0x00, 0x00, 0x0f, 0xd0, 0x00, 0x00,
    0x0b, 0xf7, 0x77, 0x77, 0x77, 0x7f, 0xd0, 0x00,
    0x00, 0x0b, 0xff, 0xff, 0xff, 0xff, 0xff, 0xd0,
    0x00, 0x00, 0x00, 0x10, 0x00, 0x00, 0x00, 0x00,
    0x00, 0x00,

    /* U+8B66 "警" */
    0x00, 0x1f, 0x60, 0xd9, 0x00, 0x0c, 0x60, 0x00,
    0x00, 0x1f, 0xff, 0xff, 0xff, 0xf8, 0x5f, 0xff,
    0xff, 0xf0, 0x00, 0x7f, 0xb8, 0xfd, 0x73, 0xfe,
    0x43, 0xbd, 0x30, 0x04, 0xfa, 0x99, 0x9e, 0xde,
    0xde, 0x91, 0xf8, 0x00, 0x2f, 0xfd, 0xdd, 0x3c,
    0xa3, 0x14, 0xfe, 0xd0, 0x00, 0x04, 0xf4, 0x0f,
    0x3e, 0x80, 0x39, 0xff, 0xe6, 0x10, 0x00, 0xfb,
    0x9a, 0xef, 0x56, 0xfd, 0x52, 0xbf, 0xe1, 0x00,
    0x00, 0x00, 0x33, 0xfb, 0x20, 0x00, 0x02, 0x30,
    0x0e, 0xff, 0xff, 0xff, 0xff, 0xff, 0xff, 0xff,
    0xb0, 0x03, 0x44, 0x44, 0x44, 0x44, 0x44, 0x44,
    0x44, 0x20, 0x00, 0x09, 0xee, 0xee, 0xee, 0xee,
    0xee, 0xa0, 0x00, 0x00, 0x04, 0x77, 0x77, 0x77,
    0x77, 0x77, 0x50, 0x00, 0x00, 0x04, 0x66, 0x66,
    0x66, 0x66, 0x66, 0x40, 0x00, 0x00, 0x0c, 0xee,
    0xee, 0xee, 0xee, 0xee, 0xe0, 0x00, 0x00, 0x0d,
    0xd0, 0x00, 0x00, 0x00, 0x0b, 0xf0, 0x00, 0x00,
    0x0d, 0xff, 0xff, 0xff, 0xff, 0xff, 0xf0, 0x00,
    0x00, 0x00, 0x00, 0x00, 0x00, 0x00, 0x00, 0x00,
    0x00,

    /* U+8BBE "设" */
    0x00, 0x01, 0x00, 0x00, 0x00, 0x00, 0x00, 0x00,
    0x00, 0x00, 0xae, 0x30, 0x00, 0x5f, 0xff, 0xff,
    0xb0, 0x00, 0x00, 0x1d, 0xf4, 0x00, 0x5f, 0xa9,
    0x9f, 0xb0, 0x00, 0x00, 0x01, 0xd9, 0x00, 0x7f,
    0x20, 0x0e, 0xb0, 0x00, 0x00, 0x00, 0x10, 0x00,
    0xce, 0x00, 0x0e, 0xb0, 0x00, 0x28, 0x88, 0x50,
    0x1b, 0xf6, 0x00, 0x0c, 0xea, 0xb1, 0x4e, 0xef,
    0xb0, 0x8f, 0x60, 0x00, 0x02, 0x89, 0x91, 0x00,
    0x0e, 0xb0, 0x09, 0x88, 0x88, 0x88, 0x87, 0x10,
    0x00, 0x0e, 0xb0, 0x1f, 0xff, 0xff, 0xff, 0xff,
    0x10, 0x00, 0x0e, 0xb0, 0x05, 0xf6, 0x11, 0x12,
    0xfb, 0x00, 0x00, 0x0e, 0xb0, 0x00, 0xde, 0x10,
    0x0b, 0xf3, 0x00, 0x00, 0x0e, 0xb1, 0x70, 0x2f,
    0xc1, 0x9f, 0x80, 0x00, 0x00, 0x0e, 0xee, 0xe0,
    0x05, 0xff, 0xfa, 0x00, 0x00, 0x00, 0x1f, 0xfd,
    0x20, 0x06, 0xef, 0xf9, 0x10, 0x00, 0x00, 0x9f,
    0xb1, 0x59, 0xef, 0xd6, 0xcf, 0xfb, 0x61, 0x00,
    0x38, 0x00, 0xaf, 0xb5, 0x00, 0x05, 0xcf, 0xd0,
    0x00, 0x00, 0x00, 0x11, 0x00, 0x00, 0x00, 0x01,
    0x20,

    /* U+8BDD "话" */
    0x00, 0x00, 0x00, 0x00, 0x00, 0x00, 0x00, 0x00,
    0x00, 0x00, 0x72, 0x00, 0x00, 0x00, 0x03, 0x69,
    0xd9, 0x00, 0x02, 0xee, 0x30, 0x3a, 0xce, 0xff,
    0xff, 0xc8, 0x10, 0x00, 0x2e, 0xf2, 0x2c, 0xa9,
    0x7f, 0xb0, 0x00, 0x00, 0x00, 0x03, 0xb0, 0x00,
    0x00, 0x0f, 0xb0, 0x00, 0x00, 0x00, 0x00, 0x00,
    0x00, 0x00, 0x0f, 0xb0, 0x00, 0x00, 0x28, 0x89,
    0x50, 0x5a, 0xaa, 0xaf, 0xea, 0xaa, 0xa3, 0x4f,
    0xff, 0xa0, 0x7f, 0xff, 0xff, 0xff, 0xff, 0xf4,
    0x01, 0x1f, 0xa0, 0x00, 0x00, 0x0f, 0xb0, 0x00,
    0x00, 0x00, 0x0f, 0xa0, 0x00, 0x00, 0x0f, 0xb0,
    0x00, 0x00, 0x00, 0x0f, 0xa0, 0x00, 0x11, 0x1f,
    0xb1, 0x11, 0x00, 0x00, 0x0f, 0xa0, 0x0b, 0xff,
    0xff, 0xff, 0xff, 0x20, 0x00, 0x0f, 0xa0, 0x3b,
    0xf7, 0x77, 0x77, 0xcf, 0x20, 0x00, 0x0f, 0xcd,
    0xcb, 0xf0, 0x00, 0x00, 0xaf, 0x20, 0x00, 0x0f,
    0xfd, 0x3b, 0xf0, 0x00, 0x00, 0xaf, 0x20, 0x00,
    0x9f, 0xb0, 0x0b, 0xf9, 0x99, 0x99, 0xdf, 0x20,
    0x00, 0x58, 0x00, 0x0b, 0xff, 0xff, 0xff, 0xff,
    0x20, 0x00, 0x00, 0x00, 0x00, 0x10, 0x00, 0x00,
    0x00, 0x00,

    /* U+8BED "语" */
    0x00, 0x10, 0x00, 0x00, 0x00, 0x00, 0x00, 0x00,
    0x00, 0x01, 0xea, 0x00, 0x8f, 0xff, 0xff, 0xff,
    0xff, 0xd0, 0x00, 0x5f, 0xd2, 0x48, 0x89, 0xfc,
    0x88, 0x88, 0x60, 0x00, 0x04, 0xe4, 0x05, 0x59,
    0xf9, 0x55, 0x63, 0x00, 0x00, 0x00, 0x00, 0x0f,
    0xff, 0xff, 0xff, 0xf8, 0x00, 0x2a, 0xab, 0x60,
    0x02, 0x2e, 0xd2, 0x24, 0xf7, 0x00, 0x3e, 0xef,
    0xa0, 0x00, 0x1f, 0x90, 0x04, 0xf5, 0x00, 0x00,
    0x0e, 0xa1, 0xee, 0xff, 0xfe, 0xef, 0xff, 0xe7,
    0x00, 0x0e, 0xa0, 0xaa, 0xaa, 0xaa, 0xaa, 0xaa,
    0xa5, 0x00, 0x0e, 0xa0, 0x00, 0x00, 0x00, 0x00,
    0x00, 0x00, 0x00, 0x0e, 0xa0, 0x0d, 0xff, 0xff,
    0xff, 0xff, 0x20, 0x00, 0x0e, 0xa0, 0x0d, 0xe8,
    0x88, 0x88, 0xcf, 0x20, 0x00, 0x0e, 0xa6, 0xdd,
    0xc0, 0x00, 0x00, 0x8f, 0x20, 0x00, 0x0f, 0xff,
    0xae, 0xc0, 0x00, 0x00, 0x8f, 0x20, 0x00, 0x6f,
    0xe5, 0x0d, 0xe8, 0x88, 0x88, 0xcf, 0x20, 0x00,
    0x1a, 0x10, 0x0d, 0xff, 0xff, 0xff, 0xff, 0x20,
    0x00, 0x00, 0x00, 0x00, 0x00, 0x00, 0x00, 0x00,
    0x00,

    /* U+8BF7 "请" */
    0x00, 0x72, 0x00, 0x00, 0x00, 0x1f, 0x90, 0x00,
    0x00, 0x01, 0xef, 0x50, 0x1d, 0xdd, 0xdf, 0xed,
    0xdd, 0xa0, 0x00, 0x1d, 0xf4, 0x04, 0x44, 0x5f,
    0xb4, 0x44, 0x30, 0x00, 0x01, 0x90, 0x09, 0xdd,
    0xef, 0xfd, 0xdd, 0x30, 0x00, 0x00, 0x00, 0x03,
    0x55, 0x6f, 0xb5, 0x55, 0x10, 0x4a, 0xab, 0x70,
    0x46, 0x66, 0x7f, 0xc6, 0x66, 0x62, 0x6f, 0xff,
    0xb0, 0x9d, 0xdd, 0xdd, 0xdd, 0xdd, 0xd4, 0x00,
    0x0e, 0xb0, 0x02, 0x44, 0x44, 0x44, 0x43, 0x00,
    0x00, 0x0e, 0xb0, 0x09, 0xff, 0xff, 0xff, 0xfe,
    0x00, 0x00, 0x0e, 0xb0, 0x09, 0xf0, 0x00, 0x00,
    0xbe, 0x00, 0x00, 0x0e, 0xb0, 0x09, 0xff, 0xff,
    0xff, 0xfe, 0x00, 0x00, 0x0e, 0xb0, 0x39, 0xf3,
    0x33, 0x33, 0xce, 0x00, 0x00, 0x0e, 0xdd, 0xd9,
    0xf3, 0x33, 0x33, 0xce, 0x00, 0x00, 0x1f, 0xff,
    0x89, 0xff, 0xff, 0xff, 0xfe, 0x00, 0x00, 0x8f,
    0xb2, 0x09, 0xf0, 0x00, 0x67, 0xee, 0x00, 0x00,
    0x16, 0x00, 0x09, 0xf0, 0x00, 0x7f, 0xd7, 0x00,

    /* U+8D2E "贮" */
    0x00, 0x00, 0x00, 0x00, 0x00, 0x00, 0x00, 0x00,
    0x00, 0x00, 0x00, 0x00, 0x00, 0x03, 0xd4, 0x00,
    0x00, 0x0e, 0xff, 0xff, 0xf3, 0x00, 0x0d, 0xe1,
    0x00, 0x00, 0xeb, 0x88, 0x9f, 0x30, 0x00, 0x3f,
    0x50, 0x00, 0x0e, 0x63, 0x93, 0xf4, 0xff, 0xff,
    0xff, 0xff, 0xb0, 0xe6, 0x6e, 0x3f, 0x4f, 0xc9,
    0x99, 0x99, 0xfb, 0x0e, 0x66, 0xe3, 0xf4, 0xf8,
    0x00, 0x00, 0x0e, 0xb0, 0xe6, 0x6e, 0x3f, 0x4f,
    0x80, 0x00, 0x00, 0xda, 0x0e, 0x66, 0xe3, 0xf3,
    0x00, 0x00, 0x00, 0x00, 0x00, 0xe6, 0x6e, 0x3f,
    0x30, 0x00, 0x00, 0x00, 0x00, 0x0e, 0x67, 0xd3,
    0xf3, 0x00, 0x00, 0x00, 0x00, 0x00, 0xe6, 0x9c,
    0x3f, 0x30, 0x00, 0x00, 0x00, 0x00, 0x0e, 0x6d,
    0x93, 0xf3, 0x00, 0x00, 0x00, 0x00, 0x00, 0x03,
    0xf5, 0x50, 0x00, 0x00, 0x00, 0x00, 0x00, 0x00,
    0xbd, 0x3f, 0x71, 0xaa, 0xaa, 0xaa, 0xaa, 0xa0,
    0x9f, 0x30, 0x6f, 0x7f, 0xff, 0xff, 0xff, 0xff,
    0x5f, 0x50, 0x00, 0x82, 0x00, 0x00, 0x00, 0x00,
    0x00, 0x10, 0x00, 0x00, 0x00, 0x00, 0x00, 0x00,
    0x00,

    /* U+8D39 "费" */
    0x00, 0x00, 0x00, 0xae, 0x00, 0xaf, 0x00, 0x00,
    0x00, 0x00, 0xff, 0xff, 0xff, 0xff, 0xff, 0xff,
    0xfd, 0x00, 0x00, 0x23, 0x33, 0xbf, 0x33, 0xbf,
    0x33, 0xcd, 0x00, 0x00, 0x6e, 0xdd, 0xff, 0xdd,
    0xff, 0xdd, 0xfd, 0x00, 0x00, 0x9e, 0x33, 0xce,
    0x33, 0xbf, 0x33, 0x32, 0x00, 0x00, 0xcf, 0xdd,
    0xff, 0xdd, 0xff, 0xdd, 0xdd, 0xb0, 0x00, 0x56,
    0x5e, 0xf8, 0x55, 0xcf, 0x55, 0x5e, 0xc0, 0x00,
    0x16, 0xdf, 0xa0, 0x00, 0xaf, 0x04, 0xcf, 0x90,
    0x09, 0xff, 0xf8, 0x22, 0x22, 0x68, 0x23, 0x85,
    0x00, 0x02, 0x8d, 0xff, 0xff, 0xff, 0xff, 0xff,
    0xe0, 0x00, 0x00, 0x0b, 0xf4, 0x44, 0x45, 0x44,
    0x4d, 0xe0, 0x00, 0x00, 0x0b, 0xe0, 0x00, 0xbf,
    0x00, 0x0d, 0xe0, 0x00, 0x00, 0x0b, 0xe0, 0x03,
    0xf9, 0x00, 0x0d, 0xe0, 0x00, 0x00, 0x09, 0xc0,
    0x5e, 0xe4, 0xea, 0x6a, 0xa0, 0x00, 0x00, 0x25,
    0x8d, 0xfd, 0x22, 0x7c, 0xff, 0xc7, 0x10, 0x0e,
    0xff, 0xfb, 0x50, 0x00, 0x00, 0x16, 0xcf, 0xe0,
    0x04, 0x52, 0x00, 0x00, 0x00, 0x00, 0x00, 0x02,
    0x30,

    /* U+8D77 "起" */
    0x00, 0x00, 0xea, 0x00, 0x00, 0x00, 0x00, 0x00,
    0x00, 0x05, 0x77, 0xfd, 0x77, 0x38, 0xff, 0xff,
    0xff, 0x90, 0x0c, 0xff, 0xff, 0xff, 0x84, 0x88,
    0x88, 0x8f, 0x90, 0x00, 0x00, 0xeb, 0x00, 0x00,
    0x00, 0x00, 0x1f, 0x90, 0x00, 0x00, 0xea, 0x00,
    0x00, 0x00, 0x00, 0x1f, 0x90, 0x3c, 0xcc, 0xfe,
    0xcc, 0xb3, 0x98, 0x88, 0x9f, 0x90, 0x3c, 0xcc,
    0xef, 0xcc, 0xc6, 0xff, 0xff, 0xff, 0x90, 0x00,
    0x00, 0x7f, 0x00, 0x06, 0xf4, 0x00, 0x06, 0x30,
    0x06, 0xe2, 0x7f, 0x00, 0x06, 0xf4, 0x00, 0x00,
    0x00, 0x06, 0xf2, 0x7f, 0xff, 0xd6, 0xf4, 0x00,
    0x00, 0x50, 0x07, 0xf3, 0x7f, 0x88, 0x76, 0xf4,
    0x00, 0x00, 0xf9, 0x09, 0xf8, 0x7f, 0x00, 0x06,
    0xf5, 0x00, 0x03, 0xf6, 0x0a, 0xff, 0xaf, 0x00,
    0x03, 0xff, 0xff, 0xff, 0xf1, 0x0d, 0xde, 0xff,
    0x00, 0x00, 0x37, 0x77, 0x77, 0x20, 0x2f, 0x83,
    0xef, 0xfc, 0xba, 0xaa, 0xaa, 0xaa, 0xa6, 0x8f,
    0x40, 0x06, 0xbd, 0xff, 0xff, 0xff, 0xff, 0xf3,
    0x06, 0x00, 0x00, 0x00, 0x00, 0x00, 0x00, 0x00,
    0x00,

    /* U+8DC3 "跃" */
    0x00, 0x00, 0x00, 0x00, 0x00, 0x00, 0x04, 0x98,
    0x00, 0x08, 0xff, 0xff, 0xe0, 0x68, 0xad, 0xff,
    0xfd, 0x20, 0x08, 0xf7, 0x7c, 0xe0, 0xdf, 0xff,
    0xf7, 0x20, 0x00, 0x08, 0xe0, 0x09, 0xe0, 0x32,
    0x09, 0xf1, 0x00, 0x00, 0x08, 0xe0, 0x09, 0xe0,
    0x00, 0x09, 0xf1, 0x00, 0x00, 0x08, 0xff, 0xff,
    0xe0, 0x00, 0x09, 0xf1, 0x00, 0x00, 0x03, 0x7b,
    0xf8, 0x62, 0x77, 0x7c, 0xf8, 0x77, 0x70, 0x00,
    0x07, 0xf0, 0x04, 0xff, 0xff, 0xff, 0xff, 0xe0,
    0x08, 0xc7, 0xf6, 0x50, 0x00, 0x0b, 0xf5, 0x00,
    0x00, 0x08, 0xc7, 0xff, 0xf1, 0x00, 0x0e, 0xf9,
    0x00, 0x00, 0x08, 0xc7, 0xf2, 0x10, 0x00, 0x2f,
    0xfe, 0x00, 0x00, 0x08, 0xc7, 0xf0, 0x00, 0x00,
    0x8f, 0x8f, 0x50, 0x00, 0x08, 0xc7, 0xf2, 0x51,
    0x02, 0xfc, 0x0e, 0xd0, 0x00, 0x08, 0xeb, 0xff,
    0xf3, 0x0d, 0xf3, 0x07, 0xf8, 0x00, 0x4f, 0xff,
    0xc7, 0x21, 0xcf, 0x70, 0x00, 0xcf, 0x70, 0x1a,
    0x61, 0x00, 0x0d, 0xf7, 0x00, 0x00, 0x1e, 0xf2,
    0x00, 0x00, 0x00, 0x03, 0x40, 0x00, 0x00, 0x01,
    0x30,

    /* U+8DD1 "跑" */
    0x00, 0x00, 0x00, 0x00, 0x05, 0x70, 0x00, 0x00,
    0x00, 0x08, 0xff, 0xff, 0xf3, 0x0c, 0xe2, 0x22,
    0x23, 0x10, 0x08, 0xf7, 0x7c, 0xf3, 0x4f, 0xff,
    0xff, 0xff, 0xa0, 0x08, 0xe0, 0x09, 0xf4, 0xee,
    0x44, 0x44, 0x4f, 0x90, 0x08, 0xf3, 0x3a, 0xfd,
    0xf5, 0x00, 0x00, 0x0f, 0x90, 0x08, 0xff, 0xff,
    0xf8, 0xff, 0xff, 0xf6, 0x0f, 0x90, 0x02, 0x49,
    0xf4, 0x40, 0x9f, 0x77, 0xf7, 0x0f, 0x90, 0x00,
    0x07, 0xf1, 0x00, 0x9e, 0x00, 0xf7, 0x0f, 0x90,
    0x09, 0xc7, 0xf7, 0x60, 0x9e, 0x00, 0xf7, 0x0f,
    0x90, 0x09, 0xc7, 0xff, 0xf2, 0x9f, 0xbb, 0xf7,
    0x1f, 0x80, 0x09, 0xc7, 0xf1, 0x00, 0x9f, 0xaa,
    0xea, 0x8f, 0x60, 0x09, 0xc7, 0xf1, 0x00, 0x9e,
    0x00, 0x5f, 0xfd, 0x10, 0x09, 0xc7, 0xf2, 0x53,
    0x9e, 0x00, 0x01, 0x10, 0x00, 0x0a, 0xec, 0xff,
    0xf8, 0x9e, 0x00, 0x00, 0x00, 0xd7, 0x5f, 0xfe,
    0xa6, 0x20, 0x8f, 0x87, 0x77, 0x78, 0xf7, 0x05,
    0x20, 0x00, 0x00, 0x2c, 0xff, 0xff, 0xff, 0xb1,

    /* U+8EAB "身" */
    0x00, 0x00, 0x00, 0x02, 0x10, 0x00, 0x00, 0x00,
    0x00, 0x00, 0x00, 0x00, 0xee, 0x00, 0x00, 0x00,
    0x00, 0x00, 0x07, 0x77, 0x9f, 0xc7, 0x77, 0x71,
    0x00, 0x00, 0x01, 0xff, 0xff, 0xff, 0xff, 0xff,
    0x30, 0x00, 0x00, 0x1f, 0x90, 0x00, 0x00, 0x07,
    0xf3, 0x00, 0x00, 0x01, 0xff, 0xdd, 0xdd, 0xdd,
    0xef, 0x30, 0x00, 0x00, 0x1f, 0xc6, 0x66, 0x66,
    0x6b, 0xf3, 0x10, 0x00, 0x01, 0xf9, 0x00, 0x00,
    0x00, 0x7f, 0x3c, 0xc0, 0x00, 0x1f, 0xff, 0xff,
    0xff, 0xff, 0xfc, 0xf6, 0x00, 0x01, 0xfb, 0x44,
    0x44, 0x44, 0xaf, 0xf8, 0x00, 0x00, 0x1f, 0x90,
    0x00, 0x00, 0x0b, 0xf9, 0x00, 0x07, 0xff, 0xff,
    0xff, 0xff, 0xff, 0xff, 0x30, 0x00, 0x37, 0x77,
    0x77, 0x78, 0xef, 0xeb, 0xf3, 0x00, 0x00, 0x00,
    0x00, 0x17, 0xef, 0x91, 0x7f, 0x30, 0x00, 0x00,
    0x03, 0x9f, 0xfb, 0x30, 0x07, 0xf3, 0x00, 0x04,
    0x8e, 0xff, 0xa3, 0x07, 0x99, 0xdf, 0x20, 0x00,
    0x7f, 0xc7, 0x10, 0x00, 0x7f, 0xfe, 0x90, 0x00,
    0x00, 0x10, 0x00, 0x00, 0x00, 0x00, 0x00, 0x00,
    0x00,

    /* U+8F6C "转" */
    0x00, 0x00, 0x00, 0x00, 0x00, 0x00, 0x00, 0x00,
    0x00, 0x00, 0x08, 0xe2, 0x00, 0x00, 0x00, 0xfa,
    0x00, 0x00, 0x00, 0x0b, 0xf1, 0x00, 0x00, 0x04,
    0xf8, 0x00, 0x00, 0x1f, 0xff, 0xff, 0xfc, 0xaf,
    0xff, 0xff, 0xff, 0xe0, 0x08, 0xaf, 0xa8, 0x86,
    0x58, 0x8f, 0xf8, 0x88, 0x70, 0x00, 0x7f, 0x44,
    0x00, 0x00, 0x1f, 0xb0, 0x00, 0x00, 0x00, 0xca,
    0xbf, 0x01, 0xaa, 0xcf, 0xda, 0xaa, 0xa5, 0x02,
    0xf4, 0xbf, 0x02, 0xff, 0xff, 0xff, 0xff, 0xf7,
    0x0a, 0xf8, 0xdf, 0x85, 0x00, 0xfd, 0x00, 0x00,
    0x00, 0x0d, 0xdd, 0xff, 0xd8, 0x05, 0xfc, 0x88,
    0x89, 0x40, 0x00, 0x00, 0xbf, 0x00, 0x0a, 0xff,
    0xff, 0xff, 0x90, 0x00, 0x00, 0xbf, 0x35, 0x00,
    0x10, 0x03, 0xfc, 0x00, 0x17, 0x9c, 0xff, 0xff,
    0x10, 0x51, 0x0d, 0xe2, 0x00, 0x1f, 0xfc, 0xef,
    0x30, 0x03, 0xff, 0xcf, 0x40, 0x00, 0x01, 0x00,
    0xbf, 0x00, 0x00, 0x1b, 0xfe, 0x30, 0x00, 0x00,
    0x00, 0xbf, 0x00, 0x00, 0x00, 0x6f, 0xf6, 0x00,
    0x00, 0x00, 0xbf, 0x00, 0x00, 0x00, 0x02, 0xd4,
    0x00, 0x00, 0x00, 0x00, 0x00, 0x00, 0x00, 0x00,
    0x00, 0x00,

    /* U+8F74 "轴" */
    0x00, 0x09, 0xd0, 0x00, 0x00, 0x01, 0xf9, 0x00,
    0x00, 0x33, 0xde, 0x33, 0x10, 0x00, 0x1f, 0x90,
    0x00, 0x1f, 0xff, 0xff, 0xf9, 0x00, 0x01, 0xf9,
    0x00, 0x00, 0x47, 0xf7, 0x44, 0x25, 0x77, 0x8f,
    0xc7, 0x77, 0x00, 0x8f, 0x34, 0x00, 0xaf, 0xff,
    0xff, 0xff, 0xe0, 0x0d, 0xb8, 0xf0, 0x0a, 0xe0,
    0x1f, 0x80, 0xbe, 0x02, 0xf5, 0x8f, 0x00, 0xae,
    0x00, 0xf8, 0x0a, 0xe0, 0xaf, 0xce, 0xfc, 0x7a,
    0xe0, 0x0f, 0x80, 0xae, 0x0d, 0xcc, 0xef, 0xc7,
    0xaf, 0x78, 0xfc, 0x7d, 0xe0, 0x00, 0x08, 0xf0,
    0x0a, 0xff, 0xff, 0xff, 0xfe, 0x00, 0x00, 0x8f,
    0x23, 0xae, 0x01, 0xf8, 0x0b, 0xe1, 0x58, 0xae,
    0xff, 0xba, 0xe0, 0x0f, 0x80, 0xae, 0x2f, 0xff,
    0xff, 0x62, 0xae, 0x00, 0xf8, 0x0a, 0xe0, 0x63,
    0x08, 0xf0, 0x0a, 0xe0, 0x0f, 0x80, 0xae, 0x00,
    0x00, 0x8f, 0x00, 0xaf, 0xff, 0xff, 0xff, 0xe0,
    0x00, 0x08, 0xf0, 0x0a, 0xf8, 0x88, 0x88, 0xde,
    0x00, 0x00, 0x00, 0x00, 0x11, 0x00, 0x00, 0x00,
    0x00,

    /* U+8FBE "达" */
    0x02, 0x80, 0x00, 0x00, 0x00, 0xaf, 0x10, 0x00,
    0x00, 0x05, 0xfa, 0x00, 0x00, 0x00, 0xbf, 0x00,
    0x00, 0x00, 0x00, 0xaf, 0x50, 0x00, 0x00, 0xcf,
    0x00, 0x00, 0x00, 0x00, 0x1f, 0xc1, 0xbb, 0xbb,
    0xff, 0xbb, 0xbb, 0xa0, 0x00, 0x03, 0x02, 0xff,
    0xff, 0xff, 0xff, 0xff, 0xe0, 0x00, 0x00, 0x00,
    0x00, 0x00, 0xfa, 0x00, 0x00, 0x00, 0x29, 0x99,
    0x70, 0x00, 0x04, 0xfe, 0x20, 0x00, 0x00, 0x4f,
    0xff, 0xc0, 0x00, 0x09, 0xff, 0xe2, 0x00, 0x00,
    0x00, 0x0e, 0xc0, 0x00, 0x1f, 0xe4, 0xfe, 0x20,
    0x00, 0x00, 0x0e, 0xc0, 0x00, 0xaf, 0x70, 0x4f,
    0xe1, 0x00, 0x00, 0x0e, 0xc0, 0x09, 0xfc, 0x00,
    0x06, 0xfd, 0x10, 0x00, 0x0e, 0xc1, 0xcf, 0xd1,
    0x00, 0x00, 0x9f, 0xb0, 0x00, 0x3f, 0xe0, 0xa9,
    0x00, 0x00, 0x00, 0x0a, 0x30, 0x06, 0xfe, 0xfd,
    0x30, 0x00, 0x00, 0x00, 0x00, 0x00, 0x4f, 0xe1,
    0x2c, 0xfd, 0xb9, 0x99, 0x9a, 0xac, 0xe3, 0x0d,
    0x30, 0x00, 0x6b, 0xef, 0xff, 0xff, 0xff, 0xd0,
    0x01, 0x00, 0x00, 0x00, 0x00, 0x00, 0x00, 0x00,
    0x00,

    /* U+8FD9 "这" */
    0x00, 0x00, 0x00, 0x00, 0x00, 0x30, 0x00, 0x00,
    0x00, 0x01, 0x40, 0x00, 0x00, 0x07, 0xf6, 0x00,
    0x00, 0x00, 0x0b, 0xf6, 0x00, 0x00, 0x01, 0xfe,
    0x00, 0x00, 0x00, 0x01, 0xdf, 0x46, 0x88, 0x88,
    0xdf, 0x98, 0x88, 0x80, 0x00, 0x2f, 0x8b, 0xff,
    0xff, 0xff, 0xff, 0xff, 0xf0, 0x00, 0x01, 0x00,
    0x00, 0x00, 0x00, 0x3f, 0xa0, 0x00, 0x00, 0x00,
    0x00, 0x89, 0x00, 0x00, 0x8f, 0x40, 0x00, 0x18,
    0x88, 0x50, 0x8f, 0xd3, 0x01, 0xed, 0x00, 0x00,
    0x2f, 0xff, 0xb0, 0x04, 0xef, 0x79, 0xf5, 0x00,
    0x00, 0x00, 0x0f, 0xb0, 0x00, 0x1c, 0xff, 0xb0,
    0x00, 0x00, 0x00, 0x0f, 0xb0, 0x00, 0x05, 0xff,
    0xe3, 0x00, 0x00, 0x00, 0x0f, 0xb0, 0x00, 0x9f,
    0xe7, 0xff, 0x60, 0x00, 0x00, 0x0f, 0xb1, 0x7e,
    0xfc, 0x10, 0x2e, 0xf9, 0x00, 0x00, 0x0f, 0xb6,
    0xff, 0x70, 0x00, 0x01, 0xdf, 0x20, 0x00, 0x8f,
    0xf7, 0x71, 0x00, 0x00, 0x00, 0x13, 0x00, 0x2d,
    0xfc, 0xcf, 0xfc, 0xba, 0xaa, 0xab, 0xbc, 0xd3,
    0x1e, 0x80, 0x04, 0xae, 0xff, 0xff, 0xff, 0xff,
    0xe0, 0x01, 0x00, 0x00, 0x00, 0x01, 0x11, 0x10,
    0x00, 0x00,

    /* U+8FDB "进" */
    0x00, 0x00, 0x00, 0x00, 0x00, 0x00, 0x00, 0x00,
    0x00, 0x05, 0xe5, 0x00, 0x00, 0x9f, 0x10, 0x1f,
    0x90, 0x00, 0x01, 0xbf, 0xa0, 0x00, 0x9f, 0x10,
    0x1f, 0x90, 0x00, 0x00, 0x0a, 0xb1, 0xff, 0xff,
    0xff, 0xff, 0xff, 0xd0, 0x00, 0x00, 0x00, 0xaa,
    0xdf, 0xaa, 0xaf, 0xda, 0x80, 0x00, 0x00, 0x00,
    0x00, 0x9f, 0x10, 0x1f, 0x90, 0x00, 0x3c, 0xcc,
    0x90, 0x00, 0x9f, 0x10, 0x1f, 0x90, 0x00, 0x3c,
    0xcf, 0xb0, 0x89, 0xdf, 0xa9, 0xaf, 0xd9, 0x91,
    0x00, 0x0e, 0xb0, 0xef, 0xff, 0xff, 0xff, 0xff,
    0xf2, 0x00, 0x0e, 0xb0, 0x01, 0xfd, 0x00, 0x2f,
    0x90, 0x00, 0x00, 0x0e, 0xb0, 0x05, 0xf8, 0x00,
    0x1f, 0x90, 0x00, 0x00, 0x0e, 0xb0, 0x2e, 0xf2,
    0x00, 0x1f, 0x90, 0x00, 0x00, 0x2f, 0xc0, 0x8f,
    0x70, 0x00, 0x1f, 0x90, 0x00, 0x04, 0xff, 0xfc,
    0x24, 0x00, 0x00, 0x06, 0x30, 0x00, 0x4f, 0xd1,
    0x2d, 0xfd, 0xa8, 0x88, 0x89, 0xab, 0xd5, 0x1e,
    0x30, 0x00, 0x6c, 0xef, 0xff, 0xff, 0xff, 0xe1,
    0x01, 0x00, 0x00, 0x00, 0x00, 0x00, 0x00, 0x00,
    0x00,

    /* U+8FDE "连" */
    0x00, 0x00, 0x00, 0x00, 0x01, 0x00, 0x00, 0x00,
    0x00, 0x03, 0xc3, 0x00, 0x00, 0x0f, 0xc0, 0x00,
    0x00, 0x00, 0x02, 0xee, 0x10, 0x55, 0x8f, 0xc5,
    0x55, 0x55, 0x40, 0x00, 0x4f, 0xc1, 0xff, 0xff,
    0xff, 0xff, 0xff, 0xc0, 0x00, 0x09, 0xb1, 0x23,
    0xfc, 0x22, 0x22, 0x22, 0x10, 0x00, 0x00, 0x00,
    0x08, 0xf4, 0x0e, 0xd0, 0x00, 0x00, 0x00, 0x00,
    0x00, 0x2f, 0xc0, 0x0e, 0xd0, 0x00, 0x00, 0x4f,
    0xff, 0xa0, 0xaf, 0xff, 0xff, 0xff, 0xff, 0x20,
    0x28, 0x8f, 0xa0, 0x4a, 0xaa, 0xaf, 0xfa, 0xaa,
    0x10, 0x00, 0x0f, 0xa0, 0x00, 0x00, 0x0e, 0xd0,
    0x00, 0x00, 0x00, 0x0f, 0xa2, 0x88, 0x88, 0x8f,
    0xe8, 0x88, 0x80, 0x00, 0x0f, 0xa5, 0xff, 0xff,
    0xff, 0xff, 0xff, 0xf0, 0x00, 0x0f, 0xa0, 0x00,
    0x00, 0x0e, 0xd0, 0x00, 0x00, 0x00, 0x0f, 0xa0,
    0x00, 0x00, 0x0e, 0xd0, 0x00, 0x00, 0x04, 0xdf,
    0xf8, 0x10, 0x00, 0x0e, 0xd0, 0x00, 0x00, 0x5f,
    0xf7, 0xbf, 0xfd, 0xba, 0xaf, 0xfb, 0xbb, 0xb4,
    0x1e, 0x50, 0x03, 0xad, 0xff, 0xff, 0xff, 0xff,
    0xe2, 0x01, 0x00, 0x00, 0x00, 0x00, 0x10, 0x00,
    0x00, 0x00,

    /* U+9010 "逐" */
    0x00, 0x10, 0x00, 0x00, 0x00, 0x00, 0x00, 0x00,
    0x00, 0x0a, 0xe3, 0x07, 0xff, 0xff, 0xff, 0xff,
    0xff, 0xd0, 0x03, 0xfe, 0x22, 0x66, 0x6b, 0xfd,
    0x66, 0x66, 0x50, 0x00, 0x3f, 0xb0, 0x00, 0x9f,
    0xe1, 0x00, 0x04, 0x00, 0x00, 0x04, 0x01, 0x7e,
    0xfa, 0xf7, 0x00, 0x9f, 0x50, 0x00, 0x00, 0x09,
    0xfa, 0x21, 0xef, 0x3a, 0xf7, 0x00, 0x2a, 0xaa,
    0x60, 0x20, 0x5e, 0xde, 0xff, 0x50, 0x00, 0x3f,
    0xff, 0x90, 0x4c, 0xf9, 0x0a, 0xff, 0x40, 0x00,
    0x00, 0x0f, 0x92, 0xec, 0x30, 0x7f, 0xff, 0xf5,
    0x00, 0x00, 0x0f, 0x90, 0x10, 0x2b, 0xf8, 0xf8,
    0xcf, 0x60, 0x00, 0x0f, 0x90, 0x29, 0xfd, 0x31,
    0xf7, 0x0c, 0xe0, 0x00, 0x0f, 0x98, 0xff, 0x80,
    0x06, 0xf5, 0x01, 0x30, 0x00, 0x0f, 0xa1, 0x61,
    0x0a, 0xaf, 0xe0, 0x00, 0x00, 0x01, 0xaf, 0xf9,
    0x10, 0x0a, 0xdb, 0x20, 0x00, 0x00, 0x2d, 0xf7,
    0x6e, 0xfb, 0x97, 0x77, 0x78, 0x9a, 0xb3, 0x1e,
    0x50, 0x00, 0x7c, 0xef, 0xff, 0xff, 0xff, 0xe1,
    0x01, 0x00, 0x00, 0x00, 0x00, 0x01, 0x00, 0x00,
    0x00,

    /* U+901A "通" */
    0x00, 0x00, 0x00, 0x00, 0x00, 0x00, 0x00, 0x00,
    0x00, 0x06, 0xa0, 0x00, 0x8f, 0xff, 0xff, 0xff,
    0xff, 0x40, 0x06, 0xfd, 0x20, 0x25, 0x79, 0x55,
    0x7e, 0xf7, 0x00, 0x00, 0x3e, 0xe1, 0x00, 0x8f,
    0xfc, 0xfa, 0x20, 0x00, 0x00, 0x02, 0x50, 0x59,
    0x99, 0xef, 0xfe, 0x99, 0x50, 0x00, 0x00, 0x00,
    0x9f, 0xbb, 0xdf, 0xbb, 0xbf, 0x90, 0x26, 0x66,
    0x40, 0x9f, 0x11, 0x8f, 0x21, 0x1e, 0x90, 0x5f,
    0xff, 0xb0, 0x9f, 0xff, 0xff, 0xff, 0xff, 0x90,
    0x13, 0x3f, 0xb0, 0x9f, 0x22, 0x8f, 0x32, 0x2e,
    0x90, 0x00, 0x0e, 0xb0, 0x9f, 0x55, 0xaf, 0x55,
    0x5e, 0x90, 0x00, 0x0e, 0xb0, 0x9f, 0xff, 0xff,
    0xff, 0xff, 0x90, 0x00, 0x0e, 0xb0, 0x9f, 0x00,
    0x7f, 0x10, 0x0d, 0x90, 0x00, 0x0e, 0xb0, 0x9f,
    0x00, 0x7f, 0x16, 0x6e, 0x90, 0x00, 0x8f, 0xe5,
    0x8e, 0x00, 0x5c, 0x19, 0xec, 0x30, 0x2d, 0xf6,
    0x7f, 0xd9, 0x76, 0x66, 0x67, 0x88, 0x93, 0x1e,
    0x40, 0x01, 0x8d, 0xff, 0xff, 0xff, 0xff, 0xe1,
    0x01, 0x00, 0x00, 0x00, 0x00, 0x10, 0x00, 0x00,
    0x00,

    /* U+9020 "造" */
    0x00, 0x30, 0x00, 0x06, 0xa1, 0x9f, 0x10, 0x00,
    0x00, 0x09, 0xf6, 0x00, 0x0e, 0xe0, 0xaf, 0x10,
    0x00, 0x00, 0x00, 0xbf, 0x50, 0x6f, 0xff, 0xff,
    0xff, 0xff, 0x30, 0x00, 0x0c, 0xa2, 0xfe, 0x66,
    0xcf, 0x76, 0x66, 0x10, 0x00, 0x00, 0x04, 0xc4,
    0x00, 0x9f, 0x10, 0x00, 0x00, 0x00, 0x00, 0x08,
    0xdd, 0xdd, 0xff, 0xdd, 0xdd, 0xc0, 0x18, 0x88,
    0x56, 0xaa, 0xaa, 0xaa, 0xaa, 0xaa, 0x90, 0x3f,
    0xff, 0xb0, 0x00, 0x00, 0x00, 0x00, 0x00, 0x00,
    0x03, 0x3f, 0xb0, 0x1f, 0xff, 0xff, 0xff, 0xfb,
    0x00, 0x00, 0x0f, 0xb0, 0x1f, 0xb7, 0x77, 0x77,
    0xfc, 0x00, 0x00, 0x0f, 0xb0, 0x1f, 0x80, 0x00,
    0x00, 0xec, 0x00, 0x00, 0x0f, 0xb0, 0x1f, 0x91,
    0x11, 0x11, 0xec, 0x00, 0x00, 0x0f, 0xb0, 0x1f,
    0xff, 0xff, 0xff, 0xfc, 0x00, 0x00, 0x6f, 0xe4,
    0x05, 0x55, 0x55, 0x55, 0x53, 0x00, 0x0b, 0xfc,
    0xaf, 0xd9, 0x77, 0x66, 0x78, 0x89, 0xa2, 0x0b,
    0x90, 0x03, 0xae, 0xff, 0xff, 0xff, 0xff, 0xe0,
    0x01, 0x00, 0x00, 0x00, 0x01, 0x11, 0x10, 0x00,
    0x00,

    /* U+90E8 "部" */
    0x00, 0x00, 0x00, 0x00, 0x00, 0x00, 0x00, 0x00,
    0x00, 0x00, 0x00, 0x7e, 0x10, 0x00, 0x00, 0x00,
    0x00, 0x00, 0x00, 0x00, 0x5f, 0x80, 0x00, 0x0d,
    0xff, 0xff, 0xd1, 0x0a, 0xff, 0xff, 0xff, 0xff,
    0x0d, 0xd8, 0x8f, 0xd0, 0x05, 0x9d, 0x88, 0x8c,
    0xd8, 0x0d, 0xa0, 0x4f, 0x70, 0x00, 0x5f, 0x50,
    0x0c, 0xe0, 0x0d, 0xa0, 0xaf, 0x00, 0x00, 0x0e,
    0xc0, 0x3f, 0x70, 0x0d, 0xa1, 0xf9, 0x00, 0x18,
    0x8d, 0xc8, 0xcf, 0x98, 0x2d, 0xa6, 0xf3, 0x00,
    0x2f, 0xff, 0xff, 0xff, 0xff, 0x5d, 0xa1, 0xdc,
    0x00, 0x00, 0x00, 0x00, 0x00, 0x00, 0x0d, 0xa0,
    0x4f, 0x60, 0x00, 0x00, 0x00, 0x00, 0x00, 0x0d,
    0xa0, 0x0d, 0xc0, 0x03, 0xff, 0xff, 0xff, 0xf9,
    0x0d, 0xa0, 0x0a, 0xe0, 0x03, 0xfb, 0x77, 0x78,
    0xf9, 0x0d, 0xa0, 0x0a, 0xe0, 0x03, 0xf6, 0x00,
    0x01, 0xf9, 0x0d, 0xa6, 0x8f, 0xb0, 0x03, 0xf6,
    0x00, 0x01, 0xf9, 0x0d, 0xa9, 0xfb, 0x20, 0x03,
    0xff, 0xff, 0xff, 0xf9, 0x0d, 0xa0, 0x00, 0x00,
    0x03, 0xfb, 0x88, 0x89, 0xd7, 0x0d, 0xa0, 0x00,
    0x00,

    /* U+9192 "醒" */
    0x00, 0x00, 0x00, 0x00, 0x00, 0x00, 0x00, 0x00,
    0x0e, 0xff, 0xff, 0xff, 0x77, 0xff, 0xff, 0xff,
    0xe0, 0x00, 0xc5, 0xd5, 0x00, 0x7f, 0x55, 0x55,
    0xbe, 0x00, 0x0c, 0x5d, 0x60, 0x07, 0xff, 0xff,
    0xff, 0xe0, 0xaf, 0xff, 0xff, 0xf5, 0x7f, 0x44,
    0x44, 0xbe, 0x0a, 0xcb, 0xaf, 0x7f, 0x57, 0xf6,
    0x66, 0x6c, 0xe0, 0xaa, 0x85, 0xe1, 0xf5, 0x6f,
    0xff, 0xff, 0xfe, 0x0a, 0xa9, 0x4e, 0x1f, 0x50,
    0xc4, 0x6c, 0x00, 0x00, 0xaa, 0xd1, 0xd6, 0xf5,
    0x5f, 0x7a, 0xf4, 0x44, 0x0a, 0xea, 0x06, 0x9f,
    0x5d, 0xff, 0xff, 0xff, 0xf1, 0xaa, 0x00, 0x00,
    0xfd, 0xf4, 0x08, 0xf0, 0x00, 0x0a, 0xfe, 0xee,
    0xef, 0x67, 0x66, 0xbf, 0x66, 0x50, 0xac, 0x77,
    0x77, 0xf5, 0x4f, 0xff, 0xff, 0xfd, 0x0a, 0xb3,
    0x33, 0x3f, 0x50, 0x00, 0x8f, 0x00, 0x00, 0xaf,
    0xff, 0xff, 0xf5, 0x88, 0x8c, 0xf8, 0x88, 0x5a,
    0xa0, 0x00, 0x0f, 0x5e, 0xee, 0xee, 0xee, 0xe9,

    /* U+91CD "重" */
    0x00, 0x00, 0x01, 0x22, 0x45, 0x68, 0xac, 0x20,
    0x00, 0x3f, 0xff, 0xff, 0xff, 0xcb, 0x98, 0x62,
    0x00, 0x11, 0x32, 0x21, 0x1b, 0xf1, 0x11, 0x11,
    0x11, 0x0c, 0xff, 0xff, 0xff, 0xff, 0xff, 0xff,
    0xff, 0xf4, 0x23, 0x33, 0x33, 0x3c, 0xf3, 0x33,
    0x33, 0x33, 0x00, 0x0e, 0xff, 0xff, 0xff, 0xff,
    0xff, 0xf9, 0x00, 0x00, 0xfc, 0x33, 0x3c, 0xf3,
    0x33, 0x4f, 0xa0, 0x00, 0x0f, 0xc3, 0x33, 0xcf,
    0x33, 0x34, 0xfa, 0x00, 0x00, 0xff, 0xdd, 0xdf,
    0xfd, 0xdd, 0xdf, 0xa0, 0x00, 0x0f, 0xc3, 0x33,
    0xcf, 0x33, 0x34, 0xfa, 0x00, 0x00, 0xef, 0xff,
    0xff, 0xff, 0xff, 0xff, 0x90, 0x00, 0x00, 0x00,
    0x00, 0xbf, 0x00, 0x00, 0x00, 0x00, 0x08, 0xff,
    0xff, 0xff, 0xff, 0xff, 0xff, 0xf3, 0x00, 0x25,
    0x55, 0x55, 0xdf, 0x55, 0x55, 0x55, 0x10, 0x89,
    0x99, 0x99, 0x9e, 0xf9, 0x99, 0x99, 0x99, 0x3a,
    0xcc, 0xcc, 0xcc, 0xcc, 0xcc, 0xcc, 0xcc, 0xc4,

    /* U+94FE "链" */
    0x00, 0x00, 0x00, 0x00, 0x00, 0x01, 0x10, 0x00,
    0x00, 0x00, 0xf7, 0x00, 0x54, 0x00, 0x09, 0xf0,
    0x00, 0x00, 0x05, 0xf7, 0x43, 0xbd, 0x01, 0x2d,
    0xd2, 0x22, 0x20, 0x0c, 0xff, 0xfe, 0x5f, 0x4f,
    0xff, 0xff, 0xff, 0xf0, 0x5f, 0x73, 0x32, 0x0f,
    0x75, 0xaf, 0x65, 0x55, 0x50, 0x8d, 0x00, 0x00,
    0x00, 0x00, 0xcb, 0x7f, 0x10, 0x00, 0x0b, 0xee,
    0xe8, 0x11, 0x02, 0xf4, 0x7f, 0x10, 0x00, 0x05,
    0xbf, 0x8b, 0xff, 0xab, 0xff, 0xff, 0xff, 0x80,
    0x00, 0x7f, 0x13, 0x7f, 0xa5, 0x87, 0xbf, 0x87,
    0x40, 0x13, 0x9f, 0x43, 0x0e, 0xa0, 0x00, 0x7f,
    0x10, 0x00, 0x5f, 0xff, 0xff, 0x0e, 0xa4, 0x66,
    0xaf, 0x66, 0x50, 0x15, 0xaf, 0x55, 0x0e, 0xac,
    0xff, 0xff, 0xff, 0xe0, 0x00, 0x7f, 0x10, 0x0e,
    0xa1, 0x11, 0x8f, 0x21, 0x10, 0x00, 0x7f, 0x25,
    0x0e, 0xa0, 0x00, 0x7f, 0x10, 0x00, 0x00, 0x7f,
    0xfd, 0x5f, 0xf6, 0x00, 0x6f, 0x10, 0x00, 0x00,
    0xdf, 0xa8, 0xfd, 0xaf, 0xeb, 0x99, 0x9a, 0xa1,
    0x01, 0xd5, 0x03, 0xd0, 0x03, 0xae, 0xff, 0xff,
    0xe0, 0x00, 0x00, 0x00, 0x00, 0x00, 0x00, 0x00,
    0x00, 0x00,

    /* U+95EA "闪" */
    0x03, 0x60, 0x00, 0x00, 0x00, 0x00, 0x00, 0x00,
    0x06, 0xf9, 0x08, 0xff, 0xff, 0xff, 0xff, 0xf9,
    0x00, 0x5f, 0x95, 0xaa, 0xaa, 0xaa, 0xab, 0xf9,
    0x6a, 0x05, 0x60, 0x06, 0xb2, 0x00, 0x01, 0xf9,
    0xaf, 0x00, 0x00, 0x0b, 0xf0, 0x00, 0x01, 0xf9,
    0xaf, 0x00, 0x00, 0x0f, 0xc0, 0x00, 0x01, 0xf9,
    0xaf, 0x00, 0x00, 0x6f, 0xa0, 0x00, 0x01, 0xf9,
    0xaf, 0x00, 0x00, 0xdf, 0xf8, 0x00, 0x01, 0xf9,
    0xaf, 0x00, 0x06, 0xf9, 0xbf, 0x70, 0x01, 0xf9,
    0xaf, 0x00, 0x2f, 0xe1, 0x0d, 0xf6, 0x01, 0xf9,
    0xaf, 0x02, 0xef, 0x50, 0x01, 0xef, 0x31, 0xf9,
    0xaf, 0x0d, 0xf7, 0x00, 0x00, 0x3f, 0x91, 0xf9,
    0xaf, 0x04, 0x60, 0x00, 0x00, 0x05, 0x01, 0xf9,
    0xaf, 0x00, 0x00, 0x00, 0x00, 0x00, 0x01, 0xf9,
    0xaf, 0x00, 0x00, 0x00, 0x00, 0x1a, 0xab, 0xf9,
    0xaf, 0x00, 0x00, 0x00, 0x00, 0x0d, 0xff, 0xc2,
    0x00, 0x00, 0x00, 0x00, 0x00, 0x00, 0x00, 0x00,

    /* U+95ED "闭" */
    0x08, 0x40, 0x00, 0x00, 0x00, 0x00, 0x00, 0x00,
    0x0c, 0xf4, 0x0b, 0xff, 0xff, 0xff, 0xff, 0xf9,
    0x01, 0xdf, 0x17, 0x99, 0x99, 0x99, 0x9a, 0xf9,
    0x58, 0x33, 0x00, 0x00, 0x07, 0x40, 0x01, 0xf9,
    0xaf, 0x10, 0x00, 0x00, 0x1f, 0xa0, 0x01, 0xf9,
    0xaf, 0x10, 0x11, 0x11, 0x2f, 0xb1, 0x11, 0xf9,
    0xaf, 0x1b, 0xff, 0xff, 0xff, 0xff, 0xf1, 0xf9,
    0xaf, 0x16, 0x88, 0x8a, 0xff, 0xd8, 0x81, 0xf9,
    0xaf, 0x10, 0x00, 0x0c, 0xff, 0xa0, 0x01, 0xf9,
    0xaf, 0x10, 0x01, 0xcf, 0x7f, 0xa0, 0x01, 0xf9,
    0xaf, 0x10, 0x3d, 0xf6, 0x1f, 0xa0, 0x01, 0xf9,
    0xaf, 0x28, 0xff, 0x50, 0x1f, 0xa0, 0x01, 0xf9,
    0xaf, 0x3e, 0xb2, 0x00, 0x1f, 0xa0, 0x01, 0xf9,
    0xaf, 0x11, 0x00, 0x6a, 0xbf, 0xa0, 0x01, 0xf9,
    0xaf, 0x10, 0x00, 0x5f, 0xec, 0x31, 0x89, 0xf9,
    0xaf, 0x10, 0x00, 0x00, 0x00, 0x00, 0xff, 0xd3,
    0x00, 0x00, 0x00, 0x00, 0x00, 0x00, 0x00, 0x00,

    /* U+95F4 "间" */
    0x18, 0x40, 0x00, 0x00, 0x00, 0x00, 0x00, 0x00,
    0x0b, 0xf4, 0x0b, 0xff, 0xff, 0xff, 0xff, 0xfa,
    0x00, 0xce, 0x06, 0x99, 0x99, 0x99, 0x9a, 0xfa,
    0x58, 0x10, 0x00, 0x00, 0x00, 0x00, 0x01, 0xfa,
    0xbf, 0x10, 0x01, 0x11, 0x11, 0x10, 0x01, 0xfa,
    0xbf, 0x10, 0x9f, 0xff, 0xff, 0xf8, 0x01, 0xfa,
    0xbf, 0x10, 0x9f, 0x55, 0x55, 0xf8, 0x01, 0xfa,
    0xbf, 0x10, 0x9e, 0x00, 0x01, 0xf8, 0x01, 0xfa,
    0xbf, 0x10, 0x9f, 0x77, 0x77, 0xf8, 0x01, 0xfa,
    0xbf, 0x10, 0x9f, 0xff, 0xff, 0xf8, 0x01, 0xfa,
    0xbf, 0x10, 0x9e, 0x00, 0x01, 0xf8, 0x01, 0xfa,
    0xbf, 0x10, 0x9e, 0x11, 0x12, 0xf8, 0x01, 0xfa,
    0xbf, 0x10, 0x9f, 0xff, 0xff, 0xf8, 0x01, 0xfa,
    0xbf, 0x10, 0x35, 0x55, 0x55, 0x52, 0x01, 0xfa,
    0xbf, 0x10, 0x00, 0x00, 0x00, 0x00, 0x89, 0xfa,
    0xbf, 0x10, 0x00, 0x00, 0x00, 0x00, 0xaf, 0xd4,

    /* U+9633 "阳" */
    0x00, 0x00, 0x00, 0x00, 0x00, 0x00, 0x00, 0x00,
    0x8f, 0xff, 0xff, 0x4c, 0xff, 0xff, 0xff, 0xfa,
    0x8f, 0x88, 0xfe, 0x0c, 0xf9, 0x99, 0x99, 0xfa,
    0x8f, 0x02, 0xf8, 0x0c, 0xe0, 0x00, 0x01, 0xfa,
    0x8f, 0x09, 0xf1, 0x0c, 0xe0, 0x00, 0x01, 0xfa,
    0x8f, 0x1f, 0x80, 0x0c, 0xe0, 0x00, 0x01, 0xfa,
    0x8f, 0x1b, 0xe1, 0x0c, 0xe0, 0x00, 0x01, 0xfa,
    0x8f, 0x01, 0xea, 0x0c, 0xff, 0xff, 0xff, 0xfa,
    0x8f, 0x00, 0x8f, 0x1c, 0xf9, 0x99, 0x99, 0xfa,
    0x8f, 0x00, 0x5f, 0x3c, 0xe0, 0x00, 0x01, 0xfa,
    0x8f, 0x10, 0x9f, 0x2c, 0xe0, 0x00, 0x01, 0xfa,
    0x8f, 0x7f, 0xfd, 0x0c, 0xe0, 0x00, 0x01, 0xfa,
    0x8f, 0x27, 0x60, 0x0c, 0xe0, 0x00, 0x01, 0xfa,
    0x8f, 0x00, 0x00, 0x0c, 0xf9, 0x99, 0x99, 0xfa,
    0x8f, 0x00, 0x00, 0x0c, 0xff, 0xff, 0xff, 0xfa,
    0x8f, 0x00, 0x00, 0x0c, 0xe0, 0x00, 0x01, 0xfa,
    0x00, 0x00, 0x00, 0x01, 0x20, 0x00, 0x00, 0x00,

    /* U+9634 "阴" */
    0x11, 0x11, 0x21, 0x00, 0x00, 0x00, 0x00, 0x00,
    0x9f, 0xff, 0xff, 0x37, 0xff, 0xff, 0xff, 0xfa,
    0x9f, 0x76, 0xdf, 0x17, 0xfa, 0x88, 0x88, 0xfa,
    0x9f, 0x00, 0xeb, 0x07, 0xf2, 0x00, 0x00, 0xfa,
    0x9f, 0x03, 0xf5, 0x07, 0xf3, 0x00, 0x00, 0xfa,
    0x9f, 0x09, 0xe0, 0x07, 0xff, 0xff, 0xff, 0xfa,
    0x9f, 0x08, 0xf3, 0x07, 0xf9, 0x77, 0x77, 0xfa,
    0x9f, 0x00, 0xeb, 0x07, 0xf2, 0x00, 0x00, 0xfa,
    0x9f, 0x00, 0x8f, 0x17, 0xf2, 0x00, 0x00, 0xfa,
    0x9f, 0x00, 0x6f, 0x38, 0xfb, 0xbb, 0xbb, 0xfa,
    0x9f, 0x00, 0x9f, 0x39, 0xfe, 0xee, 0xee, 0xfa,
    0x9f, 0x1f, 0xfe, 0x0c, 0xe0, 0x00, 0x00, 0xfa,
    0x9f, 0x06, 0x71, 0x1f, 0xa0, 0x00, 0x00, 0xfa,
    0x9f, 0x00, 0x00, 0x7f, 0x50, 0x00, 0x00, 0xfa,
    0x9f, 0x00, 0x01, 0xee, 0x00, 0x02, 0xaa, 0xf9,
    0x9f, 0x00, 0x07, 0xf4, 0x00, 0x00, 0xff, 0xd3,
    0x01, 0x00, 0x00, 0x10, 0x00, 0x00, 0x00, 0x00,

    /* U+9664 "除" */
    0x00, 0x00, 0x00, 0x00, 0x00, 0x5a, 0x10, 0x00,
    0x09, 0xff, 0xff, 0x70, 0x00, 0x2f, 0xf2, 0x00,
    0x00, 0x9f, 0x8a, 0xf6, 0x00, 0x2e, 0xed, 0xe2,
    0x00, 0x09, 0xe0, 0x8f, 0x10, 0x4e, 0xe2, 0x2e,
    0xf6, 0x00, 0x9e, 0x0d, 0xa1, 0x9f, 0xd2, 0x00,
    0x1c, 0xfc, 0x39, 0xe3, 0xf3, 0x5f, 0xe9, 0x88,
    0x88, 0x9d, 0xe3, 0x9e, 0x2f, 0x60, 0x29, 0xff,
    0xff, 0xff, 0x90, 0x09, 0xe0, 0x7f, 0x10, 0x00,
    0x0a, 0xf0, 0x00, 0x00, 0x9e, 0x01, 0xf6, 0x33,
    0x33, 0xbf, 0x43, 0x33, 0x19, 0xe0, 0x0f, 0xaf,
    0xff, 0xff, 0xff, 0xff, 0xf5, 0x9e, 0x25, 0xf8,
    0x44, 0x44, 0xbf, 0x44, 0x44, 0x19, 0xe8, 0xff,
    0x20, 0xb9, 0x0a, 0xf0, 0xca, 0x00, 0x9e, 0x24,
    0x10, 0x7f, 0x50, 0xaf, 0x05, 0xf8, 0x09, 0xe0,
    0x00, 0x4f, 0xa0, 0x0a, 0xf0, 0x09, 0xf4, 0x9e,
    0x00, 0x06, 0xb0, 0x67, 0xdf, 0x00, 0x0a, 0x39,
    0xe0, 0x00, 0x00, 0x08, 0xff, 0x80, 0x00, 0x00,
    0x00, 0x00, 0x00, 0x00, 0x00, 0x00, 0x00, 0x00,
    0x00,

    /* U+96EA "雪" */
    0x0a, 0xdd, 0xdd, 0xdf, 0xfd, 0xdd, 0xdd, 0x60,
    0x22, 0x22, 0x22, 0x3f, 0xb2, 0x22, 0x22, 0x21,
    0xef, 0xff, 0xff, 0xff, 0xff, 0xff, 0xff, 0xfa,
    0xeb, 0x33, 0x33, 0x3f, 0xb3, 0x33, 0x33, 0xfa,
    0xe9, 0x9e, 0xee, 0x3f, 0xa8, 0xee, 0xe4, 0xfa,
    0xc8, 0x24, 0x44, 0x1f, 0xa2, 0x44, 0x41, 0xd8,
    0x00, 0xff, 0xff, 0x4f, 0xa9, 0xff, 0xfb, 0x00,
    0x00, 0x33, 0x33, 0x1b, 0x72, 0x33, 0x32, 0x00,
    0x02, 0x66, 0x66, 0x66, 0x66, 0x66, 0x65, 0x00,
    0x04, 0xff, 0xff, 0xff, 0xff, 0xff, 0xfd, 0x00,
    0x00, 0x00, 0x00, 0x00, 0x00, 0x00, 0xdd, 0x00,
    0x00, 0xef, 0xff, 0xff, 0xff, 0xff, 0xfd, 0x00,
    0x00, 0x34, 0x44, 0x44, 0x44, 0x44, 0xed, 0x00,
    0x04, 0x77, 0x77, 0x77, 0x77, 0x77, 0xed, 0x00,
    0x09, 0xff, 0xff, 0xff, 0xff, 0xff, 0xfd, 0x00,

    /* U+96F7 "雷" */
    0x0c, 0xff, 0xff, 0xff, 0xff, 0xff, 0xff, 0x70,
    0x23, 0x33, 0x33, 0x4f, 0xb3, 0x33, 0x33, 0x31,
    0xef, 0xff, 0xff, 0xff, 0xff, 0xff, 0xff, 0xfa,
    0xea, 0x22, 0x22, 0x3f, 0xb2, 0x22, 0x22, 0xfa,
    0xe9, 0xce, 0xee, 0x2f, 0xa9, 0xee, 0xe2, 0xfa,
    0xc8, 0x34, 0x44, 0x1f, 0xa2, 0x44, 0x40, 0xc8,
    0x03, 0xff, 0xff, 0x3f, 0xa9, 0xff, 0xfa, 0x00,
    0x00, 0x33, 0x33, 0x1d, 0x82, 0x33, 0x32, 0x00,
    0x06, 0xaa, 0xaa, 0xaa, 0xaa, 0xaa, 0xa9, 0x00,
    0x09, 0xfa, 0xaa, 0xaf, 0xea, 0xaa, 0xee, 0x00,
    0x09, 0xf2, 0x11, 0x1f, 0xa1, 0x11, 0xde, 0x00,
    0x09, 0xff, 0xff, 0xff, 0xff, 0xff, 0xfe, 0x00,
    0x09, 0xf4, 0x33, 0x4f, 0xb3, 0x33, 0xde, 0x00,
    0x09, 0xfa, 0xaa, 0xaf, 0xea, 0xaa, 0xee, 0x00,
    0x09, 0xfb, 0xbb, 0xbb, 0xbb, 0xbb, 0xfe, 0x00,
    0x01, 0x20, 0x00, 0x00, 0x00, 0x00, 0x00, 0x00,

    /* U+973E "霾" */
    0x00, 0x7a, 0xaa, 0xaa, 0xfd, 0xaa, 0xaa, 0xa4,
    0x00, 0x0d, 0xee, 0xee, 0xee, 0xff, 0xee, 0xee,
    0xee, 0x80, 0x0e, 0x83, 0x44, 0x42, 0xf9, 0x34,
    0x44, 0x2d, 0x90, 0x0d, 0x77, 0x99, 0x92, 0xf9,
    0x69, 0x99, 0x3c, 0x80, 0x00, 0x2c, 0xcc, 0xc3,
    0xf9, 0x8c, 0xcc, 0xa0, 0x00, 0x00, 0x01, 0x27,
    0x40, 0x95, 0x01, 0x11, 0x00, 0x00, 0x17, 0xad,
    0xfc, 0x70, 0xae, 0xee, 0xee, 0xee, 0x50, 0x1a,
    0x95, 0xe4, 0x99, 0xcb, 0x27, 0xf2, 0x3f, 0x60,
    0x03, 0xf5, 0xdf, 0xb3, 0xcf, 0xff, 0xff, 0xff,
    0x60, 0x29, 0xfe, 0xaf, 0x40, 0xca, 0x06, 0xf0,
    0x1f, 0x60, 0x17, 0x34, 0xbe, 0xe0, 0xcf, 0xff,
    0xff, 0xff, 0x60, 0x28, 0xdd, 0x55, 0xf5, 0x12,
    0x29, 0xf3, 0x22, 0x00, 0x19, 0x33, 0xbc, 0xf8,
    0x8f, 0xff, 0xff, 0xff, 0x30, 0x17, 0xdf, 0xa7,
    0xf6, 0x00, 0x08, 0xf1, 0x00, 0x00, 0x1a, 0x41,
    0xff, 0xa6, 0xff, 0xff, 0xff, 0xff, 0xf1,

    /* U+975E "非" */
    0x00, 0x00, 0x00, 0x00, 0x00, 0x00, 0x00, 0x00,
    0x00, 0x00, 0x00, 0x00, 0xee, 0x00, 0xbf, 0x10,
    0x00, 0x00, 0x00, 0x00, 0x00, 0xee, 0x00, 0xbf,
    0x10, 0x00, 0x00, 0x06, 0xaa, 0xaa, 0xfe, 0x00,
    0xbf, 0xaa, 0xaa, 0x90, 0x0a, 0xff, 0xff, 0xfe,
    0x00, 0xbf, 0xff, 0xff, 0xf0, 0x00, 0x00, 0x00,
    0xee, 0x00, 0xbf, 0x10, 0x00, 0x00, 0x00, 0x00,
    0x00, 0xee, 0x00, 0xbf, 0x10, 0x00, 0x00, 0x03,
    0x99, 0x99, 0xfe, 0x00, 0xbf, 0x99, 0x99, 0x50,
    0x06, 0xff, 0xff, 0xfe, 0x00, 0xbf, 0xff, 0xff,
    0x90, 0x00, 0x00, 0x00, 0xee, 0x00, 0xbf, 0x10,
    0x00, 0x00, 0x00, 0x00, 0x00, 0xee, 0x00, 0xbf,
    0x10, 0x00, 0x00, 0x09, 0x99, 0x99, 0xfe, 0x00,
    0xbf, 0x99, 0x99, 0x92, 0x1f, 0xff, 0xff, 0xfe,
    0x00, 0xbf, 0xff, 0xff, 0xf5, 0x02, 0x22, 0x22,
    0xee, 0x00, 0xbf, 0x21, 0x11, 0x10, 0x00, 0x00,
    0x00, 0xee, 0x00, 0xbf, 0x10, 0x00, 0x00, 0x00,
    0x00, 0x00, 0xee, 0x00, 0xbf, 0x10, 0x00, 0x00,
    0x00, 0x00, 0x00, 0xde, 0x00, 0xbf, 0x10, 0x00,
    0x00,

    /* U+97F3 "音" */
    0x00, 0x00, 0x00, 0x00, 0x22, 0x00, 0x00, 0x00,
    0x00, 0x00, 0x00, 0x00, 0x01, 0xfd, 0x00, 0x00,
    0x00, 0x00, 0x00, 0x99, 0x99, 0x99, 0xef, 0xa9,
    0x99, 0x99, 0x10, 0x00, 0xff, 0xff, 0xff, 0xff,
    0xff, 0xff, 0xff, 0x30, 0x00, 0x00, 0x6e, 0x40,
    0x00, 0x02, 0xfa, 0x00, 0x00, 0x00, 0x00, 0x2f,
    0xc0, 0x00, 0x08, 0xf6, 0x00, 0x00, 0x07, 0x77,
    0x7f, 0xf7, 0x77, 0x7f, 0xf8, 0x77, 0x70, 0x0f,
    0xff, 0xff, 0xff, 0xff, 0xff, 0xff, 0xff, 0xf1,
    0x00, 0x00, 0x00, 0x00, 0x00, 0x00, 0x00, 0x00,
    0x00, 0x00, 0x05, 0x77, 0x77, 0x77, 0x77, 0x77,
    0x60, 0x00, 0x00, 0x0a, 0xff, 0xff, 0xff, 0xff,
    0xff, 0xe0, 0x00, 0x00, 0x0a, 0xf0, 0x00, 0x00,
    0x00, 0x0e, 0xe0, 0x00, 0x00, 0x0a, 0xf6, 0x66,
    0x66, 0x66, 0x6f, 0xe0, 0x00, 0x00, 0x0a, 0xff,
    0xff, 0xff, 0xff, 0xff, 0xe0, 0x00, 0x00, 0x0a,
    0xf0, 0x00, 0x00, 0x00, 0x0e, 0xe0, 0x00, 0x00,
    0x0a, 0xf7, 0x77, 0x77, 0x77, 0x7f, 0xe0, 0x00,
    0x00, 0x0a, 0xff, 0xff, 0xff, 0xff, 0xff, 0xe0,
    0x00, 0x00, 0x00, 0x00, 0x00, 0x00, 0x00, 0x00,
    0x00, 0x00,

    /* U+9884 "预" */
    0x00, 0x00, 0x00, 0x00, 0x11, 0x11, 0x11, 0x11,
    0x10, 0x0f, 0xff, 0xff, 0xf8, 0xef, 0xff, 0xff,
    0xff, 0xf2, 0x07, 0x77, 0x7e, 0xf3, 0x66, 0x69,
    0xfb, 0x66, 0x61, 0x01, 0x92, 0x9f, 0x50, 0x28,
    0x8b, 0xf9, 0x88, 0x30, 0x03, 0xef, 0xf6, 0x00,
    0x4f, 0xff, 0xff, 0xff, 0x70, 0x00, 0x1a, 0xfd,
    0x20, 0x4f, 0x50, 0x00, 0x3f, 0x70, 0x38, 0x88,
    0xdf, 0xa8, 0x6f, 0x43, 0xc4, 0x3f, 0x70, 0x6f,
    0xff, 0xff, 0xff, 0x5f, 0x44, 0xf5, 0x3f, 0x70,
    0x00, 0x09, 0xf1, 0x9c, 0x4f, 0x44, 0xf5, 0x3f,
    0x70, 0x00, 0x09, 0xf1, 0xd7, 0x4f, 0x44, 0xf4,
    0x3f, 0x70, 0x00, 0x09, 0xf2, 0x91, 0x4f, 0x46,
    0xf3, 0x3f, 0x70, 0x00, 0x09, 0xf1, 0x00, 0x4f,
    0x4a, 0xf1, 0x3f, 0x70, 0x00, 0x09, 0xf1, 0x00,
    0x02, 0x4f, 0xa4, 0x41, 0x00, 0x00, 0x09, 0xf1,
    0x00, 0x04, 0xee, 0x2c, 0xf7, 0x00, 0x06, 0x9d,
    0xf0, 0x04, 0xbf, 0xd2, 0x00, 0xaf, 0xb0, 0x07,
    0xff, 0x90, 0x02, 0xd6, 0x00, 0x00, 0x09, 0x90,
    0x00, 0x00, 0x00, 0x00, 0x00, 0x00, 0x00, 0x00,
    0x00,

    /* U+98CE "风" */
    0x00, 0x7f, 0xff, 0xff, 0xff, 0xff, 0xff, 0xd0,
    0x00, 0x00, 0x7f, 0xca, 0xaa, 0xaa, 0xaa, 0xaf,
    0xd0, 0x00, 0x00, 0x7f, 0x40, 0x00, 0x00, 0x10,
    0x0d, 0xd0, 0x00, 0x00, 0x7f, 0x44, 0x50, 0x00,
    0xcd, 0x0d, 0xd0, 0x00, 0x00, 0x7f, 0x5c, 0xf4,
    0x02, 0xf8, 0x0d, 0xd0, 0x00, 0x00, 0x7f, 0x41,
    0xdf, 0x2a, 0xf1, 0x0d, 0xd0, 0x00, 0x00, 0x8f,
    0x40, 0x2f, 0xef, 0x90, 0x0c, 0xd0, 0x00, 0x00,
    0x8f, 0x30, 0x05, 0xff, 0x10, 0x0c, 0xd0, 0x00,
    0x00, 0xaf, 0x10, 0x07, 0xff, 0x80, 0x0c, 0xd0,
    0x00, 0x00, 0xcf, 0x00, 0x4f, 0xcc, 0xf4, 0x0b,
    0xe0, 0x00, 0x00, 0xfc, 0x03, 0xfe, 0x12, 0xfe,
    0x1a, 0xf0, 0x00, 0x04, 0xf8, 0x6f, 0xf3, 0x00,
    0x7f, 0x98, 0xf1, 0xa1, 0x0a, 0xf3, 0x4e, 0x30,
    0x00, 0x09, 0x35, 0xf5, 0xd4, 0x3f, 0xd0, 0x00,
    0x00, 0x00, 0x00, 0x01, 0xfe, 0xf2, 0x2d, 0x50,
    0x00, 0x00, 0x00, 0x00, 0x00, 0x6f, 0xb0, 0x00,
    0x00, 0x00, 0x00, 0x00, 0x00, 0x00, 0x00, 0x00,

    /* U+9AA4 "骤" */
    0x01, 0x11, 0x13, 0x00, 0x00, 0x00, 0x00, 0x00,
    0x00, 0x0d, 0xff, 0xff, 0x9f, 0xfe, 0xff, 0x7f,
    0xff, 0xb0, 0x04, 0x55, 0x7f, 0x48, 0xd6, 0xc9,
    0x16, 0x4f, 0x70, 0x03, 0xa0, 0x3f, 0x38, 0xd6,
    0xc9, 0x5f, 0x8f, 0x20, 0x05, 0xf0, 0x4f, 0x18,
    0xfe, 0xf9, 0x08, 0xfb, 0x00, 0x06, 0xf0, 0x6f,
    0x08, 0xc2, 0xbc, 0x1b, 0xff, 0x30, 0x07, 0xe0,
    0x8f, 0x3e, 0xff, 0xfe, 0xcf, 0x4a, 0xc0, 0x08,
    0xd0, 0xad, 0x16, 0x41, 0x88, 0x22, 0x00, 0x10,
    0x09, 0xeb, 0xef, 0x91, 0x45, 0x7b, 0xcd, 0xd5,
    0x00, 0x08, 0xdc, 0xce, 0xc4, 0xed, 0xbf, 0xb1,
    0x00, 0x00, 0x00, 0x00, 0x08, 0xb0, 0x19, 0x5f,
    0x90, 0x7e, 0x30, 0x02, 0x59, 0xba, 0xa7, 0xeb,
    0x1f, 0xed, 0xd5, 0x00, 0x3f, 0xd9, 0x6c, 0x86,
    0x54, 0xaf, 0xff, 0x30, 0x00, 0x01, 0x00, 0x0e,
    0x61, 0x9f, 0x7f, 0x98, 0xfa, 0x40, 0x00, 0x45,
    0x8f, 0x4d, 0xd4, 0x0f, 0x90, 0x3c, 0x80, 0x00,
    0x6f, 0xfa, 0x01, 0x00, 0x0f, 0x90, 0x00, 0x00,

    /* U+9F99 "龙" */
    0x00, 0x00, 0x00, 0x00, 0x00, 0x00, 0x00, 0x00,
    0x00, 0x00, 0x00, 0x00, 0xbf, 0x00, 0x08, 0x20,
    0x00, 0x00, 0x00, 0x00, 0x00, 0xcf, 0x00, 0x2d,
    0xf6, 0x00, 0x00, 0x00, 0x00, 0x00, 0xde, 0x00,
    0x00, 0xaf, 0x90, 0x00, 0x00, 0x00, 0x00, 0xed,
    0x00, 0x00, 0x06, 0x20, 0x00, 0x2f, 0xff, 0xff,
    0xff, 0xff, 0xff, 0xff, 0xff, 0xf0, 0x19, 0x99,
    0x9a, 0xfd, 0x9d, 0xf9, 0x99, 0x99, 0x90, 0x00,
    0x00, 0x04, 0xf7, 0x0a, 0xf1, 0x00, 0x53, 0x00,
    0x00, 0x00, 0x07, 0xf4, 0x0a, 0xf1, 0x02, 0xfd,
    0x00, 0x00, 0x00, 0x0b, 0xf1, 0x0a, 0xf1, 0x0c,
    0xf3, 0x00, 0x00, 0x00, 0x1f, 0xc0, 0x0a, 0xf1,
    0xaf, 0x80, 0x00, 0x00, 0x00, 0x7f, 0x70, 0x0a,
    0xfa, 0xfb, 0x00, 0x00, 0x00, 0x01, 0xef, 0x00,
    0x0a, 0xff, 0xb0, 0x00, 0x00, 0x00, 0x0b, 0xf7,
    0x00, 0x2e, 0xfa, 0x00, 0x02, 0x40, 0x00, 0xaf,
    0xc0, 0x18, 0xff, 0xf1, 0x00, 0x05, 0xf4, 0x2d,
    0xfd, 0x11, 0xef, 0xdb, 0xfb, 0x99, 0x9d, 0xf1,
    0x0b, 0xb1, 0x00, 0x56, 0x02, 0xdf, 0xff, 0xff,
    0x80, 0x00, 0x00, 0x00, 0x00, 0x00, 0x00, 0x00,
    0x00, 0x00,

    /* U+FF0C "，" */
    0x00, 0x10, 0x00, 0x8f, 0xe1, 0x0c, 0xff, 0x50,
    0x3b, 0xf6, 0x00, 0x4f, 0x20, 0x4e, 0xa0, 0x2f,
    0x90, 0x00, 0x20, 0x00,

    /* U+FF1F "？" */
    0x00, 0x38, 0xb9, 0x50, 0x00, 0x9f, 0xff, 0xff,
    0x90, 0x2e, 0xb2, 0x04, 0xff, 0x20, 0x10, 0x00,
    0x0b, 0xf5, 0x00, 0x00, 0x00, 0xcf, 0x30, 0x00,
    0x00, 0x8f, 0xb0, 0x00, 0x00, 0x8f, 0xb0, 0x00,
    0x00, 0x4f, 0xc0, 0x00, 0x00, 0x0a, 0xf4, 0x00,
    0x00, 0x00, 0x58, 0x10, 0x00, 0x00, 0x00, 0x00,
    0x00, 0x00, 0x00, 0x58, 0x10, 0x00, 0x00, 0x0f,
    0xf9, 0x00, 0x00, 0x00, 0xcf, 0x60, 0x00, 0x00,
    0x00, 0x10, 0x00, 0x00
};

/*---------------------
 *  GLYPH DESCRIPTION
 *--------------------*/

static const lv_font_fmt_txt_glyph_dsc_t glyph_dsc[] = {
    {.bitmap_index = 0, .adv_w = 0, .box_w = 0, .box_h = 0, .ofs_x = 0, .ofs_y = 0} /* id = 0 reserved */,
    {.bitmap_index = 0, .adv_w = 65, .box_w = 0, .box_h = 0, .ofs_x = 0, .ofs_y = 0},
    {.bitmap_index = 0, .adv_w = 99, .box_w = 4, .box_h = 13, .ofs_x = 1, .ofs_y = 0},
    {.bitmap_index = 26, .adv_w = 149, .box_w = 7, .box_h = 6, .ofs_x = 1, .ofs_y = 8},
    {.bitmap_index = 47, .adv_w = 164, .box_w = 10, .box_h = 13, .ofs_x = 0, .ofs_y = 0},
    {.bitmap_index = 112, .adv_w = 164, .box_w = 10, .box_h = 17, .ofs_x = 0, .ofs_y = -2},
    {.bitmap_index = 197, .adv_w = 270, .box_w = 17, .box_h = 13, .ofs_x = 0, .ofs_y = 0},
    {.bitmap_index = 308, .adv_w = 203, .box_w = 13, .box_h = 13, .ofs_x = 0, .ofs_y = 0},
    {.bitmap_index = 393, .adv_w = 86, .box_w = 3, .box_h = 6, .ofs_x = 1, .ofs_y = 8},
    {.bitmap_index = 402, .adv_w = 103, .box_w = 5, .box_h = 19, .ofs_x = 1, .ofs_y = -4},
    {.bitmap_index = 450, .adv_w = 103, .box_w = 5, .box_h = 19, .ofs_x = 0, .ofs_y = -4},
    {.bitmap_index = 498, .adv_w = 139, .box_w = 7, .box_h = 7, .ofs_x = 1, .ofs_y = 7},
    {.bitmap_index = 523, .adv_w = 164, .box_w = 10, .box_h = 10, .ofs_x = 0, .ofs_y = 2},
    {.bitmap_index = 573, .adv_w = 86, .box_w = 5, .box_h = 7, .ofs_x = 0, .ofs_y = -4},
    {.bitmap_index = 591, .adv_w = 103, .box_w = 6, .box_h = 2, .ofs_x = 0, .ofs_y = 4},
    {.bitmap_index = 597, .adv_w = 86, .box_w = 4, .box_h = 3, .ofs_x = 1, .ofs_y = 0},
    {.bitmap_index = 603, .adv_w = 112, .box_w = 7, .box_h = 18, .ofs_x = 0, .ofs_y = -4},
    {.bitmap_index = 666, .adv_w = 164, .box_w = 10, .box_h = 13, .ofs_x = 0, .ofs_y = 0},
    {.bitmap_index = 731, .adv_w = 164, .box_w = 9, .box_h = 13, .ofs_x = 1, .ofs_y = 0},
    {.bitmap_index = 790, .adv_w = 164, .box_w = 10, .box_h = 13, .ofs_x = 0, .ofs_y = 0},
    {.bitmap_index = 855, .adv_w = 164, .box_w = 10, .box_h = 13, .ofs_x = 0, .ofs_y = 0},
    {.bitmap_index = 920, .adv_w = 164, .box_w = 10, .box_h = 13, .ofs_x = 0, .ofs_y = 0},
    {.bitmap_index = 985, .adv_w = 164, .box_w = 10, .box_h = 13, .ofs_x = 0, .ofs_y = 0},
    {.bitmap_index = 1050, .adv_w = 164, .box_w = 10, .box_h = 13, .ofs_x = 0, .ofs_y = 0},
    {.bitmap_index = 1115, .adv_w = 164, .box_w = 10, .box_h = 13, .ofs_x = 0, .ofs_y = 0},
    {.bitmap_index = 1180, .adv_w = 164, .box_w = 10, .box_h = 13, .ofs_x = 0, .ofs_y = 0},
    {.bitmap_index = 1245, .adv_w = 164, .box_w = 10, .box_h = 13, .ofs_x = 0, .ofs_y = 0},
    {.bitmap_index = 1310, .adv_w = 86, .box_w = 4, .box_h = 10, .ofs_x = 1, .ofs_y = 0},
    {.bitmap_index = 1330, .adv_w = 86, .box_w = 5, .box_h = 14, .ofs_x = 0, .ofs_y = -4},
    {.bitmap_index = 1365, .adv_w = 164, .box_w = 10, .box_h = 9, .ofs_x = 0, .ofs_y = 2},
    {.bitmap_index = 1410, .adv_w = 164, .box_w = 10, .box_h = 7, .ofs_x = 0, .ofs_y = 3},
    {.bitmap_index = 1445, .adv_w = 164, .box_w = 10, .box_h = 9, .ofs_x = 0, .ofs_y = 2},
    {.bitmap_index = 1490, .adv_w = 142, .box_w = 8, .box_h = 13, .ofs_x = 0, .ofs_y = 0},
    {.bitmap_index = 1542, .adv_w = 280, .box_w = 16, .box_h = 17, .ofs_x = 1, .ofs_y = -4},
    {.bitmap_index = 1678, .adv_w = 179, .box_w = 12, .box_h = 13, .ofs_x = 0, .ofs_y = 0},
    {.bitmap_index = 1756, .adv_w = 192, .box_w = 11, .box_h = 13, .ofs_x = 1, .ofs_y = 0},
    {.bitmap_index = 1828, .adv_w = 186, .box_w = 11, .box_h = 13, .ofs_x = 1, .ofs_y = 0},
    {.bitmap_index = 1900, .adv_w = 201, .box_w = 11, .box_h = 13, .ofs_x = 1, .ofs_y = 0},
    {.bitmap_index = 1972, .adv_w = 173, .box_w = 9, .box_h = 13, .ofs_x = 1, .ofs_y = 0},
    {.bitmap_index = 2031, .adv_w = 163, .box_w = 9, .box_h = 13, .ofs_x = 1, .ofs_y = 0},
    {.bitmap_index = 2090, .adv_w = 202, .box_w = 11, .box_h = 13, .ofs_x = 1, .ofs_y = 0},
    {.bitmap_index = 2162, .adv_w = 213, .box_w = 11, .box_h = 13, .ofs_x = 1, .ofs_y = 0},
    {.bitmap_index = 2234, .adv_w = 89, .box_w = 3, .box_h = 13, .ofs_x = 1, .ofs_y = 0},
    {.bitmap_index = 2254, .adv_w = 158, .box_w = 9, .box_h = 13, .ofs_x = 0, .ofs_y = 0},
    {.bitmap_index = 2313, .adv_w = 191, .box_w = 11, .box_h = 13, .ofs_x = 1, .ofs_y = 0},
    {.bitmap_index = 2385, .adv_w = 161, .box_w = 9, .box_h = 13, .ofs_x = 1, .ofs_y = 0},
    {.bitmap_index = 2444, .adv_w = 239, .box_w = 13, .box_h = 13, .ofs_x = 1, .ofs_y = 0},
    {.bitmap_index = 2529, .adv_w = 211, .box_w = 11, .box_h = 13, .ofs_x = 1, .ofs_y = 0},
    {.bitmap_index = 2601, .adv_w = 217, .box_w = 12, .box_h = 13, .ofs_x = 1, .ofs_y = 0},
    {.bitmap_index = 2679, .adv_w = 187, .box_w = 10, .box_h = 13, .ofs_x = 1, .ofs_y = 0},
    {.bitmap_index = 2744, .adv_w = 217, .box_w = 12, .box_h = 16, .ofs_x = 1, .ofs_y = -3},
    {.bitmap_index = 2840, .adv_w = 189, .box_w = 11, .box_h = 13, .ofs_x = 1, .ofs_y = 0},
    {.bitmap_index = 2912, .adv_w = 175, .box_w = 11, .box_h = 13, .ofs_x = 0, .ofs_y = 0},
    {.bitmap_index = 2984, .adv_w = 176, .box_w = 11, .box_h = 13, .ofs_x = 0, .ofs_y = 0},
    {.bitmap_index = 3056, .adv_w = 211, .box_w = 11, .box_h = 13, .ofs_x = 1, .ofs_y = 0},
    {.bitmap_index = 3128, .adv_w = 171, .box_w = 12, .box_h = 13, .ofs_x = -1, .ofs_y = 0},
    {.bitmap_index = 3206, .adv_w = 257, .box_w = 16, .box_h = 13, .ofs_x = 0, .ofs_y = 0},
    {.bitmap_index = 3310, .adv_w = 172, .box_w = 11, .box_h = 13, .ofs_x = 0, .ofs_y = 0},
    {.bitmap_index = 3382, .adv_w = 159, .box_w = 12, .box_h = 13, .ofs_x = -1, .ofs_y = 0},
    {.bitmap_index = 3460, .adv_w = 175, .box_w = 11, .box_h = 13, .ofs_x = 0, .ofs_y = 0},
    {.bitmap_index = 3532, .adv_w = 103, .box_w = 5, .box_h = 18, .ofs_x = 1, .ofs_y = -4},
    {.bitmap_index = 3577, .adv_w = 112, .box_w = 7, .box_h = 18, .ofs_x = 0, .ofs_y = -4},
    {.bitmap_index = 3640, .adv_w = 103, .box_w = 5, .box_h = 18, .ofs_x = 0, .ofs_y = -4},
    {.bitmap_index = 3685, .adv_w = 164, .box_w = 9, .box_h = 8, .ofs_x = 1, .ofs_y = 6},
    {.bitmap_index = 3721, .adv_w = 162, .box_w = 10, .box_h = 3, .ofs_x = 0, .ofs_y = -3},
    {.bitmap_index = 3736, .adv_w = 177, .box_w = 5, .box_h = 5, .ofs_x = 2, .ofs_y = 11},
    {.bitmap_index = 3749, .adv_w = 166, .box_w = 9, .box_h = 10, .ofs_x = 0, .ofs_y = 0},
    {.bitmap_index = 3794, .adv_w = 181, .box_w = 10, .box_h = 14, .ofs_x = 1, .ofs_y = 0},
    {.bitmap_index = 3864, .adv_w = 149, .box_w = 9, .box_h = 10, .ofs_x = 0, .ofs_y = 0},
    {.bitmap_index = 3909, .adv_w = 181, .box_w = 10, .box_h = 14, .ofs_x = 0, .ofs_y = 0},
    {.bitmap_index = 3979, .adv_w = 163, .box_w = 10, .box_h = 10, .ofs_x = 0, .ofs_y = 0},
    {.bitmap_index = 4029, .adv_w = 100, .box_w = 7, .box_h = 14, .ofs_x = 0, .ofs_y = 0},
    {.bitmap_index = 4078, .adv_w = 166, .box_w = 11, .box_h = 14, .ofs_x = 0, .ofs_y = -4},
    {.bitmap_index = 4155, .adv_w = 179, .box_w = 9, .box_h = 14, .ofs_x = 1, .ofs_y = 0},
    {.bitmap_index = 4218, .adv_w = 83, .box_w = 3, .box_h = 14, .ofs_x = 1, .ofs_y = 0},
    {.bitmap_index = 4239, .adv_w = 83, .box_w = 5, .box_h = 18, .ofs_x = -1, .ofs_y = -4},
    {.bitmap_index = 4284, .adv_w = 166, .box_w = 10, .box_h = 14, .ofs_x = 1, .ofs_y = 0},
    {.bitmap_index = 4354, .adv_w = 86, .box_w = 4, .box_h = 14, .ofs_x = 1, .ofs_y = 0},
    {.bitmap_index = 4382, .adv_w = 272, .box_w = 15, .box_h = 10, .ofs_x = 1, .ofs_y = 0},
    {.bitmap_index = 4457, .adv_w = 180, .box_w = 9, .box_h = 10, .ofs_x = 1, .ofs_y = 0},
    {.bitmap_index = 4502, .adv_w = 177, .box_w = 11, .box_h = 10, .ofs_x = 0, .ofs_y = 0},
    {.bitmap_index = 4557, .adv_w = 181, .box_w = 10, .box_h = 14, .ofs_x = 1, .ofs_y = -4},
    {.bitmap_index = 4627, .adv_w = 181, .box_w = 10, .box_h = 14, .ofs_x = 0, .ofs_y = -4},
    {.bitmap_index = 4697, .adv_w = 118, .box_w = 7, .box_h = 11, .ofs_x = 1, .ofs_y = 0},
    {.bitmap_index = 4736, .adv_w = 138, .box_w = 9, .box_h = 10, .ofs_x = 0, .ofs_y = 0},
    {.bitmap_index = 4781, .adv_w = 114, .box_w = 7, .box_h = 13, .ofs_x = 0, .ofs_y = 0},
    {.bitmap_index = 4827, .adv_w = 179, .box_w = 9, .box_h = 10, .ofs_x = 1, .ofs_y = 0},
    {.bitmap_index = 4872, .adv_w = 157, .box_w = 10, .box_h = 10, .ofs_x = 0, .ofs_y = 0},
    {.bitmap_index = 4922, .adv_w = 239, .box_w = 15, .box_h = 10, .ofs_x = 0, .ofs_y = 0},
    {.bitmap_index = 4997, .adv_w = 151, .box_w = 10, .box_h = 10, .ofs_x = 0, .ofs_y = 0},
    {.bitmap_index = 5047, .adv_w = 157, .box_w = 10, .box_h = 14, .ofs_x = 0, .ofs_y = -4},
    {.bitmap_index = 5117, .adv_w = 141, .box_w = 9, .box_h = 10, .ofs_x = 0, .ofs_y = 0},
    {.bitmap_index = 5162, .adv_w = 103, .box_w = 6, .box_h = 18, .ofs_x = 0, .ofs_y = -4},
    {.bitmap_index = 5216, .adv_w = 81, .box_w = 3, .box_h = 20, .ofs_x = 1, .ofs_y = -5},
    {.bitmap_index = 5246, .adv_w = 103, .box_w = 6, .box_h = 18, .ofs_x = 0, .ofs_y = -4},
    {.bitmap_index = 5300, .adv_w = 164, .box_w = 10, .box_h = 3, .ofs_x = 0, .ofs_y = 5},
    {.bitmap_index = 5315, .adv_w = 288, .box_w = 16, .box_h = 16, .ofs_x = 1, .ofs_y = -2},
    {.bitmap_index = 5443, .adv_w = 288, .box_w = 7, .box_h = 6, .ofs_x = 0, .ofs_y = -1},
    {.bitmap_index = 5464, .adv_w = 288, .box_w = 18, .box_h = 2, .ofs_x = 0, .ofs_y = 6},
    {.bitmap_index = 5482, .adv_w = 288, .box_w = 18, .box_h = 16, .ofs_x = 0, .ofs_y = -1},
    {.bitmap_index = 5626, .adv_w = 288, .box_w = 16, .box_h = 15, .ofs_x = 1, .ofs_y = -1},
    {.bitmap_index = 5746, .adv_w = 288, .box_w = 17, .box_h = 16, .ofs_x = 0, .ofs_y = -1},
    {.bitmap_index = 5882, .adv_w = 288, .box_w = 18, .box_h = 15, .ofs_x = 0, .ofs_y = -1},
    {.bitmap_index = 6017, .adv_w = 288, .box_w = 18, .box_h = 17, .ofs_x = 0, .ofs_y = -1},
    {.bitmap_index = 6170, .adv_w = 288, .box_w = 18, .box_h = 17, .ofs_x = 0, .ofs_y = -2},
    {.bitmap_index = 6323, .adv_w = 288, .box_w = 17, .box_h = 13, .ofs_x = 1, .ofs_y = 0},
    {.bitmap_index = 6434, .adv_w = 288, .box_w = 18, .box_h = 16, .ofs_x = 0, .ofs_y = -2},
    {.bitmap_index = 6578, .adv_w = 288, .box_w = 18, .box_h = 16, .ofs_x = 0, .ofs_y = -2},
    {.bitmap_index = 6722, .adv_w = 288, .box_w = 18, .box_h = 15, .ofs_x = 0, .ofs_y = -1},
    {.bitmap_index = 6857, .adv_w = 288, .box_w = 18, .box_h = 15, .ofs_x = 0, .ofs_y = -1},
    {.bitmap_index = 6992, .adv_w = 288, .box_w = 18, .box_h = 18, .ofs_x = 0, .ofs_y = -2},
    {.bitmap_index = 7154, .adv_w = 288, .box_w = 18, .box_h = 18, .ofs_x = 0, .ofs_y = -2},
    {.bitmap_index = 7316, .adv_w = 288, .box_w = 18, .box_h = 17, .ofs_x = 0, .ofs_y = -1},
    {.bitmap_index = 7469, .adv_w = 288, .box_w = 18, .box_h = 17, .ofs_x = 0, .ofs_y = -1},
    {.bitmap_index = 7622, .adv_w = 288, .box_w = 18, .box_h = 17, .ofs_x = 0, .ofs_y = -1},
    {.bitmap_index = 7775, .adv_w = 288, .box_w = 18, .box_h = 18, .ofs_x = 0, .ofs_y = -2},
    {.bitmap_index = 7937, .adv_w = 288, .box_w = 18, .box_h = 18, .ofs_x = 0, .ofs_y = -2},
    {.bitmap_index = 8099, .adv_w = 288, .box_w = 18, .box_h = 18, .ofs_x = 0, .ofs_y = -2},
    {.bitmap_index = 8261, .adv_w = 288, .box_w = 18, .box_h = 18, .ofs_x = 0, .ofs_y = -2},
    {.bitmap_index = 8423, .adv_w = 288, .box_w = 18, .box_h = 17, .ofs_x = 0, .ofs_y = -2},
    {.bitmap_index = 8576, .adv_w = 288, .box_w = 18, .box_h = 17, .ofs_x = 0, .ofs_y = -1},
    {.bitmap_index = 8729, .adv_w = 288, .box_w = 18, .box_h = 16, .ofs_x = 0, .ofs_y = -2},
    {.bitmap_index = 8873, .adv_w = 288, .box_w = 18, .box_h = 18, .ofs_x = 0, .ofs_y = -2},
    {.bitmap_index = 9035, .adv_w = 288, .box_w = 18, .box_h = 18, .ofs_x = 0, .ofs_y = -2},
    {.bitmap_index = 9197, .adv_w = 288, .box_w = 16, .box_h = 16, .ofs_x = 1, .ofs_y = -1},
    {.bitmap_index = 9325, .adv_w = 288, .box_w = 16, .box_h = 16, .ofs_x = 1, .ofs_y = -1},
    {.bitmap_index = 9453, .adv_w = 288, .box_w = 17, .box_h = 16, .ofs_x = 0, .ofs_y = -1},
    {.bitmap_index = 9589, .adv_w = 288, .box_w = 17, .box_h = 18, .ofs_x = 0, .ofs_y = -2},
    {.bitmap_index = 9742, .adv_w = 288, .box_w = 17, .box_h = 17, .ofs_x = 0, .ofs_y = -2},
    {.bitmap_index = 9887, .adv_w = 288, .box_w = 17, .box_h = 18, .ofs_x = 0, .ofs_y = -2},
    {.bitmap_index = 10040, .adv_w = 288, .box_w = 18, .box_h = 16, .ofs_x = 0, .ofs_y = -1},
    {.bitmap_index = 10184, .adv_w = 288, .box_w = 17, .box_h = 16, .ofs_x = 1, .ofs_y = -1},
    {.bitmap_index = 10320, .adv_w = 288, .box_w = 18, .box_h = 17, .ofs_x = 0, .ofs_y = -1},
    {.bitmap_index = 10473, .adv_w = 288, .box_w = 17, .box_h = 17, .ofs_x = 0, .ofs_y = -2},
    {.bitmap_index = 10618, .adv_w = 288, .box_w = 18, .box_h = 16, .ofs_x = 0, .ofs_y = -2},
    {.bitmap_index = 10762, .adv_w = 288, .box_w = 18, .box_h = 16, .ofs_x = 0, .ofs_y = -2},
    {.bitmap_index = 10906, .adv_w = 288, .box_w = 17, .box_h = 16, .ofs_x = 0, .ofs_y = -2},
    {.bitmap_index = 11042, .adv_w = 288, .box_w = 16, .box_h = 15, .ofs_x = 1, .ofs_y = -1},
    {.bitmap_index = 11162, .adv_w = 288, .box_w = 18, .box_h = 18, .ofs_x = 0, .ofs_y = -2},
    {.bitmap_index = 11324, .adv_w = 288, .box_w = 16, .box_h = 18, .ofs_x = 1, .ofs_y = -2},
    {.bitmap_index = 11468, .adv_w = 288, .box_w = 16, .box_h = 17, .ofs_x = 1, .ofs_y = -2},
    {.bitmap_index = 11604, .adv_w = 288, .box_w = 16, .box_h = 18, .ofs_x = 0, .ofs_y = -2},
    {.bitmap_index = 11748, .adv_w = 288, .box_w = 16, .box_h = 16, .ofs_x = 0, .ofs_y = -2},
    {.bitmap_index = 11876, .adv_w = 288, .box_w = 17, .box_h = 17, .ofs_x = 0, .ofs_y = -1},
    {.bitmap_index = 12021, .adv_w = 288, .box_w = 17, .box_h = 17, .ofs_x = 1, .ofs_y = -2},
    {.bitmap_index = 12166, .adv_w = 288, .box_w = 18, .box_h = 16, .ofs_x = 0, .ofs_y = -2},
    {.bitmap_index = 12310, .adv_w = 288, .box_w = 16, .box_h = 15, .ofs_x = 1, .ofs_y = -1},
    {.bitmap_index = 12430, .adv_w = 288, .box_w = 16, .box_h = 15, .ofs_x = 1, .ofs_y = -1},
    {.bitmap_index = 12550, .adv_w = 288, .box_w = 16, .box_h = 15, .ofs_x = 1, .ofs_y = -1},
    {.bitmap_index = 12670, .adv_w = 288, .box_w = 16, .box_h = 15, .ofs_x = 1, .ofs_y = -1},
    {.bitmap_index = 12790, .adv_w = 288, .box_w = 17, .box_h = 17, .ofs_x = 0, .ofs_y = -1},
    {.bitmap_index = 12935, .adv_w = 288, .box_w = 18, .box_h = 16, .ofs_x = 0, .ofs_y = -1},
    {.bitmap_index = 13079, .adv_w = 288, .box_w = 18, .box_h = 16, .ofs_x = 0, .ofs_y = -1},
    {.bitmap_index = 13223, .adv_w = 288, .box_w = 18, .box_h = 16, .ofs_x = 0, .ofs_y = -1},
    {.bitmap_index = 13367, .adv_w = 288, .box_w = 18, .box_h = 17, .ofs_x = 0, .ofs_y = -2},
    {.bitmap_index = 13520, .adv_w = 288, .box_w = 18, .box_h = 18, .ofs_x = 0, .ofs_y = -2},
    {.bitmap_index = 13682, .adv_w = 288, .box_w = 18, .box_h = 18, .ofs_x = 0, .ofs_y = -2},
    {.bitmap_index = 13844, .adv_w = 288, .box_w = 16, .box_h = 18, .ofs_x = 1, .ofs_y = -2},
    {.bitmap_index = 13988, .adv_w = 288, .box_w = 18, .box_h = 17, .ofs_x = 0, .ofs_y = -2},
    {.bitmap_index = 14141, .adv_w = 288, .box_w = 18, .box_h = 16, .ofs_x = 0, .ofs_y = -2},
    {.bitmap_index = 14285, .adv_w = 288, .box_w = 18, .box_h = 17, .ofs_x = 0, .ofs_y = -2},
    {.bitmap_index = 14438, .adv_w = 288, .box_w = 18, .box_h = 18, .ofs_x = 0, .ofs_y = -2},
    {.bitmap_index = 14600, .adv_w = 288, .box_w = 17, .box_h = 17, .ofs_x = 0, .ofs_y = -1},
    {.bitmap_index = 14745, .adv_w = 288, .box_w = 18, .box_h = 18, .ofs_x = 0, .ofs_y = -2},
    {.bitmap_index = 14907, .adv_w = 288, .box_w = 18, .box_h = 18, .ofs_x = 0, .ofs_y = -2},
    {.bitmap_index = 15069, .adv_w = 288, .box_w = 17, .box_h = 16, .ofs_x = 0, .ofs_y = -2},
    {.bitmap_index = 15205, .adv_w = 288, .box_w = 18, .box_h = 18, .ofs_x = 0, .ofs_y = -2},
    {.bitmap_index = 15367, .adv_w = 288, .box_w = 18, .box_h = 17, .ofs_x = 0, .ofs_y = -2},
    {.bitmap_index = 15520, .adv_w = 288, .box_w = 17, .box_h = 16, .ofs_x = 0, .ofs_y = -2},
    {.bitmap_index = 15656, .adv_w = 288, .box_w = 18, .box_h = 16, .ofs_x = 0, .ofs_y = -2},
    {.bitmap_index = 15800, .adv_w = 288, .box_w = 18, .box_h = 16, .ofs_x = 0, .ofs_y = -2},
    {.bitmap_index = 15944, .adv_w = 288, .box_w = 17, .box_h = 15, .ofs_x = 1, .ofs_y = -1},
    {.bitmap_index = 16072, .adv_w = 288, .box_w = 18, .box_h = 16, .ofs_x = 0, .ofs_y = -1},
    {.bitmap_index = 16216, .adv_w = 288, .box_w = 18, .box_h = 18, .ofs_x = 0, .ofs_y = -2},
    {.bitmap_index = 16378, .adv_w = 288, .box_w = 18, .box_h = 18, .ofs_x = 0, .ofs_y = -2},
    {.bitmap_index = 16540, .adv_w = 288, .box_w = 18, .box_h = 18, .ofs_x = 0, .ofs_y = -2},
    {.bitmap_index = 16702, .adv_w = 288, .box_w = 18, .box_h = 18, .ofs_x = 0, .ofs_y = -2},
    {.bitmap_index = 16864, .adv_w = 288, .box_w = 18, .box_h = 18, .ofs_x = 0, .ofs_y = -2},
    {.bitmap_index = 17026, .adv_w = 288, .box_w = 18, .box_h = 18, .ofs_x = 0, .ofs_y = -2},
    {.bitmap_index = 17188, .adv_w = 288, .box_w = 17, .box_h = 16, .ofs_x = 0, .ofs_y = -2},
    {.bitmap_index = 17324, .adv_w = 288, .box_w = 18, .box_h = 17, .ofs_x = 0, .ofs_y = -1},
    {.bitmap_index = 17477, .adv_w = 288, .box_w = 18, .box_h = 17, .ofs_x = 0, .ofs_y = -2},
    {.bitmap_index = 17630, .adv_w = 288, .box_w = 18, .box_h = 16, .ofs_x = 0, .ofs_y = -1},
    {.bitmap_index = 17774, .adv_w = 288, .box_w = 18, .box_h = 18, .ofs_x = 0, .ofs_y = -2},
    {.bitmap_index = 17936, .adv_w = 288, .box_w = 18, .box_h = 17, .ofs_x = 0, .ofs_y = -1},
    {.bitmap_index = 18089, .adv_w = 288, .box_w = 18, .box_h = 16, .ofs_x = 0, .ofs_y = -1},
    {.bitmap_index = 18233, .adv_w = 288, .box_w = 18, .box_h = 18, .ofs_x = 0, .ofs_y = -2},
    {.bitmap_index = 18395, .adv_w = 288, .box_w = 17, .box_h = 17, .ofs_x = 0, .ofs_y = -2},
    {.bitmap_index = 18540, .adv_w = 288, .box_w = 18, .box_h = 18, .ofs_x = 0, .ofs_y = -2},
    {.bitmap_index = 18702, .adv_w = 288, .box_w = 18, .box_h = 17, .ofs_x = 0, .ofs_y = -2},
    {.bitmap_index = 18855, .adv_w = 288, .box_w = 18, .box_h = 17, .ofs_x = 0, .ofs_y = -1},
    {.bitmap_index = 19008, .adv_w = 288, .box_w = 18, .box_h = 17, .ofs_x = 0, .ofs_y = -2},
    {.bitmap_index = 19161, .adv_w = 288, .box_w = 18, .box_h = 17, .ofs_x = 0, .ofs_y = -2},
    {.bitmap_index = 19314, .adv_w = 288, .box_w = 18, .box_h = 17, .ofs_x = 0, .ofs_y = -2},
    {.bitmap_index = 19467, .adv_w = 288, .box_w = 18, .box_h = 17, .ofs_x = 0, .ofs_y = -2},
    {.bitmap_index = 19620, .adv_w = 288, .box_w = 18, .box_h = 17, .ofs_x = 0, .ofs_y = -2},
    {.bitmap_index = 19773, .adv_w = 288, .box_w = 18, .box_h = 17, .ofs_x = 0, .ofs_y = -1},
    {.bitmap_index = 19926, .adv_w = 288, .box_w = 18, .box_h = 18, .ofs_x = 0, .ofs_y = -2},
    {.bitmap_index = 20088, .adv_w = 288, .box_w = 18, .box_h = 17, .ofs_x = 0, .ofs_y = -2},
    {.bitmap_index = 20241, .adv_w = 288, .box_w = 18, .box_h = 18, .ofs_x = 0, .ofs_y = -2},
    {.bitmap_index = 20403, .adv_w = 288, .box_w = 17, .box_h = 17, .ofs_x = 1, .ofs_y = -2},
    {.bitmap_index = 20548, .adv_w = 288, .box_w = 18, .box_h = 17, .ofs_x = 0, .ofs_y = -1},
    {.bitmap_index = 20701, .adv_w = 288, .box_w = 17, .box_h = 18, .ofs_x = 0, .ofs_y = -2},
    {.bitmap_index = 20854, .adv_w = 288, .box_w = 18, .box_h = 18, .ofs_x = 0, .ofs_y = -2},
    {.bitmap_index = 21016, .adv_w = 288, .box_w = 18, .box_h = 16, .ofs_x = 0, .ofs_y = -2},
    {.bitmap_index = 21160, .adv_w = 288, .box_w = 13, .box_h = 16, .ofs_x = 3, .ofs_y = -2},
    {.bitmap_index = 21264, .adv_w = 288, .box_w = 17, .box_h = 17, .ofs_x = 1, .ofs_y = -2},
    {.bitmap_index = 21409, .adv_w = 288, .box_w = 16, .box_h = 16, .ofs_x = 1, .ofs_y = -2},
    {.bitmap_index = 21537, .adv_w = 288, .box_w = 17, .box_h = 15, .ofs_x = 0, .ofs_y = -1},
    {.bitmap_index = 21665, .adv_w = 288, .box_w = 18, .box_h = 16, .ofs_x = 0, .ofs_y = -2},
    {.bitmap_index = 21809, .adv_w = 288, .box_w = 18, .box_h = 18, .ofs_x = 0, .ofs_y = -2},
    {.bitmap_index = 21971, .adv_w = 288, .box_w = 18, .box_h = 16, .ofs_x = 0, .ofs_y = -2},
    {.bitmap_index = 22115, .adv_w = 288, .box_w = 16, .box_h = 16, .ofs_x = 0, .ofs_y = -2},
    {.bitmap_index = 22243, .adv_w = 288, .box_w = 17, .box_h = 17, .ofs_x = 0, .ofs_y = -1},
    {.bitmap_index = 22388, .adv_w = 288, .box_w = 17, .box_h = 17, .ofs_x = 0, .ofs_y = -2},
    {.bitmap_index = 22533, .adv_w = 288, .box_w = 18, .box_h = 16, .ofs_x = 0, .ofs_y = -1},
    {.bitmap_index = 22677, .adv_w = 288, .box_w = 18, .box_h = 16, .ofs_x = 0, .ofs_y = -1},
    {.bitmap_index = 22821, .adv_w = 288, .box_w = 18, .box_h = 16, .ofs_x = 0, .ofs_y = -1},
    {.bitmap_index = 22965, .adv_w = 288, .box_w = 18, .box_h = 17, .ofs_x = 0, .ofs_y = -2},
    {.bitmap_index = 23118, .adv_w = 288, .box_w = 18, .box_h = 18, .ofs_x = 0, .ofs_y = -2},
    {.bitmap_index = 23280, .adv_w = 288, .box_w = 18, .box_h = 17, .ofs_x = 0, .ofs_y = -2},
    {.bitmap_index = 23433, .adv_w = 288, .box_w = 18, .box_h = 17, .ofs_x = 0, .ofs_y = -2},
    {.bitmap_index = 23586, .adv_w = 288, .box_w = 17, .box_h = 17, .ofs_x = 0, .ofs_y = -2},
    {.bitmap_index = 23731, .adv_w = 288, .box_w = 18, .box_h = 18, .ofs_x = 0, .ofs_y = -2},
    {.bitmap_index = 23893, .adv_w = 288, .box_w = 18, .box_h = 17, .ofs_x = 0, .ofs_y = -1},
    {.bitmap_index = 24046, .adv_w = 288, .box_w = 18, .box_h = 16, .ofs_x = 0, .ofs_y = -1},
    {.bitmap_index = 24190, .adv_w = 288, .box_w = 17, .box_h = 17, .ofs_x = 0, .ofs_y = -2},
    {.bitmap_index = 24335, .adv_w = 288, .box_w = 18, .box_h = 18, .ofs_x = 0, .ofs_y = -2},
    {.bitmap_index = 24497, .adv_w = 288, .box_w = 18, .box_h = 16, .ofs_x = 0, .ofs_y = -1},
    {.bitmap_index = 24641, .adv_w = 288, .box_w = 18, .box_h = 16, .ofs_x = 0, .ofs_y = -1},
    {.bitmap_index = 24785, .adv_w = 288, .box_w = 18, .box_h = 16, .ofs_x = 0, .ofs_y = -1},
    {.bitmap_index = 24929, .adv_w = 288, .box_w = 18, .box_h = 17, .ofs_x = 0, .ofs_y = -2},
    {.bitmap_index = 25082, .adv_w = 288, .box_w = 18, .box_h = 18, .ofs_x = 0, .ofs_y = -2},
    {.bitmap_index = 25244, .adv_w = 288, .box_w = 18, .box_h = 16, .ofs_x = 0, .ofs_y = -1},
    {.bitmap_index = 25388, .adv_w = 288, .box_w = 17, .box_h = 16, .ofs_x = 0, .ofs_y = -2},
    {.bitmap_index = 25524, .adv_w = 288, .box_w = 15, .box_h = 17, .ofs_x = 2, .ofs_y = -2},
    {.bitmap_index = 25652, .adv_w = 288, .box_w = 16, .box_h = 16, .ofs_x = 2, .ofs_y = -1},
    {.bitmap_index = 25780, .adv_w = 288, .box_w = 16, .box_h = 18, .ofs_x = 1, .ofs_y = -2},
    {.bitmap_index = 25924, .adv_w = 288, .box_w = 18, .box_h = 17, .ofs_x = 0, .ofs_y = -1},
    {.bitmap_index = 26077, .adv_w = 288, .box_w = 17, .box_h = 17, .ofs_x = 0, .ofs_y = -2},
    {.bitmap_index = 26222, .adv_w = 288, .box_w = 17, .box_h = 16, .ofs_x = 0, .ofs_y = -1},
    {.bitmap_index = 26358, .adv_w = 288, .box_w = 17, .box_h = 16, .ofs_x = 1, .ofs_y = -1},
    {.bitmap_index = 26494, .adv_w = 288, .box_w = 17, .box_h = 18, .ofs_x = 0, .ofs_y = -2},
    {.bitmap_index = 26647, .adv_w = 288, .box_w = 17, .box_h = 17, .ofs_x = 0, .ofs_y = -2},
    {.bitmap_index = 26792, .adv_w = 288, .box_w = 17, .box_h = 17, .ofs_x = 0, .ofs_y = -2},
    {.bitmap_index = 26937, .adv_w = 288, .box_w = 17, .box_h = 16, .ofs_x = 0, .ofs_y = -2},
    {.bitmap_index = 27073, .adv_w = 288, .box_w = 18, .box_h = 16, .ofs_x = 0, .ofs_y = -1},
    {.bitmap_index = 27217, .adv_w = 288, .box_w = 18, .box_h = 16, .ofs_x = 0, .ofs_y = -1},
    {.bitmap_index = 27361, .adv_w = 288, .box_w = 18, .box_h = 17, .ofs_x = 0, .ofs_y = -1},
    {.bitmap_index = 27514, .adv_w = 288, .box_w = 18, .box_h = 17, .ofs_x = 0, .ofs_y = -2},
    {.bitmap_index = 27667, .adv_w = 288, .box_w = 16, .box_h = 18, .ofs_x = 1, .ofs_y = -2},
    {.bitmap_index = 27811, .adv_w = 288, .box_w = 18, .box_h = 18, .ofs_x = 0, .ofs_y = -2},
    {.bitmap_index = 27973, .adv_w = 288, .box_w = 18, .box_h = 18, .ofs_x = 0, .ofs_y = -2},
    {.bitmap_index = 28135, .adv_w = 288, .box_w = 18, .box_h = 17, .ofs_x = 0, .ofs_y = -1},
    {.bitmap_index = 28288, .adv_w = 288, .box_w = 18, .box_h = 17, .ofs_x = 0, .ofs_y = -2},
    {.bitmap_index = 28441, .adv_w = 288, .box_w = 16, .box_h = 15, .ofs_x = 1, .ofs_y = -1},
    {.bitmap_index = 28561, .adv_w = 288, .box_w = 18, .box_h = 15, .ofs_x = 0, .ofs_y = -1},
    {.bitmap_index = 28696, .adv_w = 288, .box_w = 18, .box_h = 17, .ofs_x = 0, .ofs_y = -2},
    {.bitmap_index = 28849, .adv_w = 288, .box_w = 16, .box_h = 17, .ofs_x = 1, .ofs_y = -2},
    {.bitmap_index = 28985, .adv_w = 288, .box_w = 18, .box_h = 17, .ofs_x = 0, .ofs_y = -1},
    {.bitmap_index = 29138, .adv_w = 288, .box_w = 18, .box_h = 18, .ofs_x = 0, .ofs_y = -2},
    {.bitmap_index = 29300, .adv_w = 288, .box_w = 18, .box_h = 18, .ofs_x = 0, .ofs_y = -2},
    {.bitmap_index = 29462, .adv_w = 288, .box_w = 18, .box_h = 17, .ofs_x = 0, .ofs_y = -2},
    {.bitmap_index = 29615, .adv_w = 288, .box_w = 18, .box_h = 16, .ofs_x = 0, .ofs_y = -2},
    {.bitmap_index = 29759, .adv_w = 288, .box_w = 17, .box_h = 18, .ofs_x = 1, .ofs_y = -2},
    {.bitmap_index = 29912, .adv_w = 288, .box_w = 18, .box_h = 18, .ofs_x = 0, .ofs_y = -2},
    {.bitmap_index = 30074, .adv_w = 288, .box_w = 18, .box_h = 17, .ofs_x = 0, .ofs_y = -2},
    {.bitmap_index = 30227, .adv_w = 288, .box_w = 18, .box_h = 17, .ofs_x = 0, .ofs_y = -2},
    {.bitmap_index = 30380, .adv_w = 288, .box_w = 18, .box_h = 18, .ofs_x = 0, .ofs_y = -2},
    {.bitmap_index = 30542, .adv_w = 288, .box_w = 18, .box_h = 17, .ofs_x = 0, .ofs_y = -2},
    {.bitmap_index = 30695, .adv_w = 288, .box_w = 18, .box_h = 16, .ofs_x = 0, .ofs_y = -1},
    {.bitmap_index = 30839, .adv_w = 288, .box_w = 17, .box_h = 18, .ofs_x = 0, .ofs_y = -2},
    {.bitmap_index = 30992, .adv_w = 288, .box_w = 18, .box_h = 17, .ofs_x = 0, .ofs_y = -2},
    {.bitmap_index = 31145, .adv_w = 288, .box_w = 18, .box_h = 17, .ofs_x = 0, .ofs_y = -2},
    {.bitmap_index = 31298, .adv_w = 288, .box_w = 18, .box_h = 17, .ofs_x = 0, .ofs_y = -2},
    {.bitmap_index = 31451, .adv_w = 288, .box_w = 18, .box_h = 16, .ofs_x = 0, .ofs_y = -1},
    {.bitmap_index = 31595, .adv_w = 288, .box_w = 17, .box_h = 18, .ofs_x = 1, .ofs_y = -2},
    {.bitmap_index = 31748, .adv_w = 288, .box_w = 18, .box_h = 18, .ofs_x = 0, .ofs_y = -2},
    {.bitmap_index = 31910, .adv_w = 288, .box_w = 17, .box_h = 17, .ofs_x = 0, .ofs_y = -2},
    {.bitmap_index = 32055, .adv_w = 288, .box_w = 18, .box_h = 17, .ofs_x = 0, .ofs_y = -2},
    {.bitmap_index = 32208, .adv_w = 288, .box_w = 18, .box_h = 18, .ofs_x = 0, .ofs_y = -2},
    {.bitmap_index = 32370, .adv_w = 288, .box_w = 18, .box_h = 17, .ofs_x = 0, .ofs_y = -2},
    {.bitmap_index = 32523, .adv_w = 288, .box_w = 18, .box_h = 18, .ofs_x = 0, .ofs_y = -2},
    {.bitmap_index = 32685, .adv_w = 288, .box_w = 18, .box_h = 17, .ofs_x = 0, .ofs_y = -2},
    {.bitmap_index = 32838, .adv_w = 288, .box_w = 18, .box_h = 17, .ofs_x = 0, .ofs_y = -2},
    {.bitmap_index = 32991, .adv_w = 288, .box_w = 18, .box_h = 17, .ofs_x = 0, .ofs_y = -2},
    {.bitmap_index = 33144, .adv_w = 288, .box_w = 18, .box_h = 17, .ofs_x = 0, .ofs_y = -1},
    {.bitmap_index = 33297, .adv_w = 288, .box_w = 17, .box_h = 16, .ofs_x = 1, .ofs_y = -1},
    {.bitmap_index = 33433, .adv_w = 288, .box_w = 17, .box_h = 16, .ofs_x = 1, .ofs_y = -1},
    {.bitmap_index = 33569, .adv_w = 288, .box_w = 18, .box_h = 18, .ofs_x = 0, .ofs_y = -2},
    {.bitmap_index = 33731, .adv_w = 288, .box_w = 16, .box_h = 17, .ofs_x = 1, .ofs_y = -2},
    {.bitmap_index = 33867, .adv_w = 288, .box_w = 16, .box_h = 17, .ofs_x = 1, .ofs_y = -2},
    {.bitmap_index = 34003, .adv_w = 288, .box_w = 16, .box_h = 16, .ofs_x = 1, .ofs_y = -1},
    {.bitmap_index = 34131, .adv_w = 288, .box_w = 16, .box_h = 17, .ofs_x = 1, .ofs_y = -2},
    {.bitmap_index = 34267, .adv_w = 288, .box_w = 16, .box_h = 17, .ofs_x = 1, .ofs_y = -2},
    {.bitmap_index = 34403, .adv_w = 288, .box_w = 17, .box_h = 17, .ofs_x = 1, .ofs_y = -2},
    {.bitmap_index = 34548, .adv_w = 288, .box_w = 16, .box_h = 15, .ofs_x = 1, .ofs_y = -1},
    {.bitmap_index = 34668, .adv_w = 288, .box_w = 16, .box_h = 16, .ofs_x = 1, .ofs_y = -2},
    {.bitmap_index = 34796, .adv_w = 288, .box_w = 18, .box_h = 15, .ofs_x = 0, .ofs_y = -1},
    {.bitmap_index = 34931, .adv_w = 288, .box_w = 18, .box_h = 17, .ofs_x = 0, .ofs_y = -1},
    {.bitmap_index = 35084, .adv_w = 288, .box_w = 18, .box_h = 18, .ofs_x = 0, .ofs_y = -2},
    {.bitmap_index = 35246, .adv_w = 288, .box_w = 18, .box_h = 17, .ofs_x = 0, .ofs_y = -2},
    {.bitmap_index = 35399, .adv_w = 288, .box_w = 18, .box_h = 16, .ofs_x = 0, .ofs_y = -2},
    {.bitmap_index = 35543, .adv_w = 288, .box_w = 18, .box_h = 16, .ofs_x = 0, .ofs_y = -1},
    {.bitmap_index = 35687, .adv_w = 288, .box_w = 18, .box_h = 18, .ofs_x = 0, .ofs_y = -2},
    {.bitmap_index = 35849, .adv_w = 288, .box_w = 5, .box_h = 8, .ofs_x = 2, .ofs_y = -3},
    {.bitmap_index = 35869, .adv_w = 288, .box_w = 9, .box_h = 15, .ofs_x = 0, .ofs_y = -1}
};

/*---------------------
 *  CHARACTER MAPPING
 *--------------------*/

static const uint16_t unicode_list_1[] = {
    0x00, 0x99d, 0x279b, 0x279e, 0x27a4, 0x27a5, 0x27a8, 0x27eb,
    0x27f8, 0x2827, 0x2829, 0x282c, 0x282f, 0x2835, 0x2849, 0x287e,
    0x2891, 0x28e8, 0x291a, 0x2965, 0x29d9, 0x29f7, 0x2a00, 0x2ae4,
    0x2b03, 0x2b06, 0x2b08, 0x2b0e, 0x2b20, 0x2b95, 0x2bcb, 0x2bd1,
    0x2c43, 0x2c9a, 0x2cdc, 0x2cfc, 0x2d12, 0x2d1d, 0x2d26, 0x2d71,
    0x2d8a, 0x2da7, 0x2da9, 0x2dac, 0x2db2, 0x2dca, 0x2e03, 0x2e27,
    0x2ebf, 0x3003, 0x3076, 0x3095, 0x3099, 0x30a1, 0x30c3, 0x30cb,
    0x3126, 0x3195, 0x328b, 0x32a2, 0x32a8, 0x32b5, 0x32c2, 0x32c4,
    0x32c5, 0x3366, 0x3435, 0x34f3, 0x3535, 0x3597, 0x35a1, 0x35aa,
    0x35d7, 0x35ea, 0x35f0, 0x378d, 0x37f0, 0x3811, 0x382a, 0x382e,
    0x382f, 0x3841, 0x3852, 0x389b, 0x38aa, 0x38fd, 0x399c, 0x39fd,
    0x3a43, 0x3a60, 0x3bab, 0x3bdb, 0x3be6, 0x3bee, 0x3c0b, 0x3c19,
    0x3c40, 0x3cca, 0x3d09, 0x3d40, 0x3d42, 0x3ed1, 0x3f0b, 0x3f22,
    0x3f48, 0x3f4b, 0x3f54, 0x3f66, 0x3f7b, 0x3f80, 0x3f91, 0x3fa9,
    0x3fba, 0x3fca, 0x401d, 0x408f, 0x40a3, 0x40a4, 0x40ba, 0x40c7,
    0x40d5, 0x4180, 0x41a2, 0x41d7, 0x43bc, 0x44bc, 0x4500, 0x456a,
    0x45af, 0x45fb, 0x4670, 0x46d6, 0x4723, 0x47a0, 0x47c4, 0x4be3,
    0x4c51, 0x4eba, 0x4ec3, 0x4ecc, 0x4ed0, 0x501f, 0x5073, 0x5093,
    0x50a6, 0x50fc, 0x5180, 0x519c, 0x5209, 0x52d5, 0x536d, 0x53a6,
    0x53a8, 0x5616, 0x5696, 0x5863, 0x587a, 0x5882, 0x5888, 0x58ec,
    0x5909, 0x59ef, 0x5a4a, 0x5a98, 0x5bc5, 0x61e7, 0x6203, 0x631c,
    0x6364, 0x639b, 0x6501, 0x6559, 0x6578, 0x6588, 0x6592, 0x66c9,
    0x66d4, 0x6712, 0x675e, 0x676c, 0x6846, 0x6907, 0x690f, 0x6959,
    0x6974, 0x6976, 0x6979, 0x69ab, 0x69b5, 0x69bb, 0x6a83, 0x6b2d,
    0x6b68, 0x6e99, 0x6f85, 0x6f88, 0x6f8f, 0x6fce, 0x6fcf, 0x6fff,
    0x7085, 0x7092, 0x70d9, 0x70f9, 0x718e, 0x721f, 0x7269, 0x743f,
    0x7934, 0xd8a7, 0xd8ba
};

/*Collect the unicode lists and glyph_id offsets*/
static const lv_font_fmt_txt_cmap_t cmaps[] =
{
    {
        .range_start = 32, .range_length = 95, .glyph_id_start = 1,
        .unicode_list = NULL, .glyph_id_ofs_list = NULL, .list_length = 0, .type = LV_FONT_FMT_TXT_CMAP_FORMAT0_TINY
    },
    {
        .range_start = 9829, .range_length = 55483, .glyph_id_start = 96,
        .unicode_list = unicode_list_1, .glyph_id_ofs_list = NULL, .list_length = 211, .type = LV_FONT_FMT_TXT_CMAP_SPARSE_TINY
    }
};

/*-----------------
 *    KERNING
 *----------------*/

/*Map glyph_ids to kern left classes*/
static const uint8_t kern_left_class_mapping[] =
{
    0, 0, 0, 1, 0, 0, 0, 0,
    1, 2, 0, 0, 0, 3, 4, 3,
    5, 0, 0, 0, 0, 0, 0, 0,
    0, 0, 0, 6, 6, 0, 0, 0,
    0, 0, 7, 8, 9, 10, 11, 12,
    13, 0, 0, 14, 15, 16, 0, 0,
    10, 17, 10, 18, 19, 20, 21, 22,
    23, 24, 25, 26, 2, 27, 0, 0,
    0, 0, 28, 29, 30, 0, 31, 32,
    33, 34, 0, 0, 35, 36, 34, 34,
    29, 29, 37, 38, 39, 40, 37, 41,
    42, 43, 44, 45, 2, 0, 0, 0,
    0, 0, 0, 0, 0, 0, 0, 0,
    0, 0, 0, 0, 0, 0, 0, 0,
    0, 0, 0, 0, 0, 0, 0, 0,
    0, 0, 0, 0, 0, 0, 0, 0,
    0, 0, 0, 0, 0, 0, 0, 0,
    0, 0, 0, 0, 0, 0, 0, 0,
    0, 0, 0, 0, 0, 0, 0, 0,
    0, 0, 0, 0, 0, 0, 0, 0,
    0, 0, 0, 0, 0, 0, 0, 0,
    0, 0, 0, 0, 0, 0, 0, 0,
    0, 0, 0, 0, 0, 0, 0, 0,
    0, 0, 0, 0, 0, 0, 0, 0,
    0, 0, 0, 0, 0, 0, 0, 0,
    0, 0, 0, 0, 0, 0, 0, 0,
    0, 0, 0, 0, 0, 0, 0, 0,
    0, 0, 0, 0, 0, 0, 0, 0,
    0, 0, 0, 0, 0, 0, 0, 0,
    0, 0, 0, 0, 0, 0, 0, 0,
    0, 0, 0, 0, 0, 0, 0, 0,
    0, 0, 0, 0, 0, 0, 0, 0,
    0, 0, 0, 0, 0, 0, 0, 0,
    0, 0, 0, 0, 0, 0, 0, 0,
    0, 0, 0, 0, 0, 0, 0, 0,
    0, 0, 0, 0, 0, 0, 0, 0,
    0, 0, 0, 0, 0, 0, 0, 0,
    0, 0, 0, 0, 0, 0, 0, 0,
    0, 0, 0
};

/*Map glyph_ids to kern right classes*/
static const uint8_t kern_right_class_mapping[] =
{
    0, 0, 1, 2, 0, 0, 0, 0,
    2, 0, 3, 4, 0, 5, 6, 7,
    8, 0, 0, 0, 0, 0, 0, 0,
    0, 0, 0, 9, 10, 0, 0, 0,
    11, 0, 12, 0, 13, 0, 0, 0,
    13, 0, 0, 14, 0, 0, 0, 0,
    13, 0, 13, 0, 15, 16, 17, 18,
    19, 20, 21, 22, 0, 23, 3, 0,
    0, 0, 24, 0, 25, 25, 25, 26,
    27, 0, 28, 29, 0, 0, 30, 30,
    25, 30, 25, 30, 31, 32, 33, 34,
    35, 36, 37, 38, 0, 0, 3, 0,
    0, 0, 0, 0, 0, 0, 0, 0,
    0, 0, 0, 0, 0, 0, 0, 0,
    0, 0, 0, 0, 0, 0, 0, 0,
    0, 0, 0, 0, 0, 0, 0, 0,
    0, 0, 0, 0, 0, 0, 0, 0,
    0, 0, 0, 0, 0, 0, 0, 0,
    0, 0, 0, 0, 0, 0, 0, 0,
    0, 0, 0, 0, 0, 0, 0, 0,
    0, 0, 0, 0, 0, 0, 0, 0,
    0, 0, 0, 0, 0, 0, 0, 0,
    0, 0, 0, 0, 0, 0, 0, 0,
    0, 0, 0, 0, 0, 0, 0, 0,
    0, 0, 0, 0, 0, 0, 0, 0,
    0, 0, 0, 0, 0, 0, 0, 0,
    0, 0, 0, 0, 0, 0, 0, 0,
    0, 0, 0, 0, 0, 0, 0, 0,
    0, 0, 0, 0, 0, 0, 0, 0,
    0, 0, 0, 0, 0, 0, 0, 0,
    0, 0, 0, 0, 0, 0, 0, 0,
    0, 0, 0, 0, 0, 0, 0, 0,
    0, 0, 0, 0, 0, 0, 0, 0,
    0, 0, 0, 0, 0, 0, 0, 0,
    0, 0, 0, 0, 0, 0, 0, 0,
    0, 0, 0, 0, 0, 0, 0, 0,
    0, 0, 0, 0, 0, 0, 0, 0,
    0, 0, 0, 0, 0, 0, 0, 0,
    0, 0, 0
};

/*Kern values between classes*/
static const int8_t kern_class_values[] =
{
    0, 0, 0, 0, -40, 0, -40, 0,
    0, 0, 0, -20, 0, -33, -4, 0,
    0, 0, 0, -4, 0, 0, 0, 0,
    -10, 0, 0, 0, 0, 0, -7, 0,
    0, 0, 0, 0, 0, 0, 0, 0,
    0, 0, 0, 0, 0, 0, 0, 0,
    0, 0, 0, -7, 0, 0, 0, 0,
    0, 0, 0, 0, 0, 0, 0, 0,
    0, 0, 25, 0, 0, 0, 0, 0,
    0, 0, 0, 0, 0, -35, 0, -48,
    0, 0, 0, 0, 0, 0, 0, 0,
    0, 0, 0, -33, -8, -23, -12, 0,
    -33, 0, 0, 0, -5, 0, 0, 0,
    8, 0, 0, -18, 0, -15, -10, 0,
    -7, 0, 0, 0, 0, 0, 0, 0,
    0, 0, 0, 0, 0, 0, 0, -7,
    -8, -17, 0, -7, -4, -11, -24, -7,
    0, 0, 0, 0, 0, 0, 0, 0,
    0, -9, 0, -4, 0, -6, 0, 0,
    0, 0, 0, 0, 0, 0, 0, 0,
    0, 0, 0, -14, -4, -27, 0, 0,
    0, 0, 0, 0, 0, 0, 0, -9,
    -10, 0, -4, 5, 5, 0, 0, 0,
    -7, 0, 0, 0, 0, 0, 0, 0,
    0, -16, 0, 0, 0, 0, 0, 0,
    0, 0, 0, 0, 0, 0, 0, 0,
    0, 0, -11, 0, 0, 0, 0, 0,
    0, 0, 0, 0, 0, 0, 0, 0,
    0, 0, 0, 0, 0, -20, 0, -31,
    0, 0, 0, 0, 0, 0, -11, -3,
    -4, 0, 0, -20, -6, -6, 0, -1,
    -6, -3, -14, 5, 0, -4, 0, 0,
    0, 0, 5, -6, -3, -4, -3, -3,
    -4, 0, 0, 0, 0, -11, 0, 0,
    0, 0, 0, 0, 0, 0, 0, -7,
    -6, -9, 0, -4, -3, -3, -6, -3,
    0, 0, 0, 0, 0, 0, 0, 0,
    0, -4, 0, -6, -4, -4, -6, 0,
    0, 0, 0, 0, 0, -11, 0, 0,
    0, 0, 0, 0, -11, -4, -9, -6,
    -6, -3, -3, -3, -4, -4, 0, 0,
    0, 0, -7, 0, 0, 0, 0, -11,
    -4, -6, -4, 0, -6, 0, 0, 0,
    0, -11, 0, 0, 0, -6, 0, 0,
    0, -4, 0, -16, 0, -9, 0, -4,
    -3, -8, -7, -7, 0, 0, 0, 0,
    0, 0, 0, 0, 0, 0, 0, 0,
    0, -6, 0, -4, 0, 0, 0, 0,
    0, 0, 0, 0, 0, 0, 0, 0,
    0, 0, 0, 0, 0, 0, 0, 0,
    0, 0, 0, 0, -4, 0, 0, 0,
    0, 0, 0, -9, 0, -4, 0, -13,
    -4, 0, 0, 0, 0, 0, -26, 0,
    -26, -22, 0, 0, 0, -14, -4, -46,
    -8, 0, 0, -1, -1, -9, -2, -11,
    0, -12, -6, 0, -9, 0, 0, -7,
    -8, -4, -7, -9, -7, -11, -7, -13,
    0, 0, 0, -10, 0, 0, 0, 0,
    0, 0, 0, -3, 0, 0, 0, -7,
    0, -6, -3, 0, 0, 0, 0, 0,
    0, 0, 0, 0, 0, 0, 0, 0,
    0, 0, 0, 0, 0, 0, 0, 0,
    0, 0, -9, 0, -9, 0, 0, 0,
    0, 0, 0, -14, 0, 0, 0, 0,
    0, 0, 0, 0, 0, 0, 0, 0,
    0, 0, 0, 0, 0, 0, 0, 0,
    0, 0, 0, 0, 0, -10, 0, -14,
    0, -13, 0, 0, 0, 0, -4, -4,
    -8, 0, -5, -8, -6, -6, -4, 0,
    -7, 0, 0, 0, -4, 0, 0, 0,
    -4, 0, 0, -14, -6, -9, -7, -7,
    -9, -6, 0, -34, 0, -52, 0, -18,
    0, 0, 0, 0, -14, -1, -11, 0,
    -9, -40, -11, -26, -20, 0, -27, 0,
    -27, 0, -5, -6, -3, 0, 0, 0,
    0, -8, -4, -14, -12, 0, -14, 0,
    0, 0, 0, 0, -39, -11, -39, -24,
    0, 0, 0, -17, 0, -48, -4, -8,
    0, 0, 0, -9, -4, -25, 0, -14,
    -9, 0, -10, 0, 0, 0, -4, 0,
    0, 0, 0, -6, 0, -7, 0, 0,
    0, -4, 0, -10, 0, 0, 0, 0,
    0, -3, 0, -6, -5, -6, 0, -1,
    0, -3, -3, -4, 0, -3, -4, 0,
    -3, 0, 0, 0, 0, 0, 0, 0,
    0, -4, 0, -4, 0, 0, 0, -6,
    0, 4, 0, 0, 0, 0, 0, 0,
    0, -6, -6, -7, 0, 0, 0, 0,
    -6, 0, 0, 0, 0, 0, 0, 0,
    0, 0, 0, -9, 0, 0, 0, 0,
    0, -3, 0, 0, 0, 0, -36, -24,
    -36, -29, -7, -7, 0, -14, -9, -42,
    -13, 0, 0, 0, 0, -7, -6, -18,
    0, -24, -24, -6, -24, 0, 0, -16,
    -20, -6, -16, -11, -11, -13, -11, -24,
    0, 0, 0, 0, -7, 0, -7, -10,
    0, 0, 0, -6, 0, -17, -4, 0,
    0, -3, 0, -4, -6, 0, 0, -3,
    0, 0, -4, 0, 0, 0, -3, 0,
    0, 0, 0, -4, 0, 0, 0, 0,
    0, 0, -23, -7, -23, -15, 0, 0,
    0, -6, -4, -24, -4, 0, -4, 2,
    0, 0, 0, -7, 0, -10, -6, 0,
    -8, 0, 0, -7, -6, 0, -11, -4,
    -4, -6, -4, -9, 0, 0, 0, 0,
    -12, -4, -12, -9, 0, 0, 0, 0,
    -3, -21, -3, 0, 0, 0, 0, 0,
    0, -3, 0, -6, 0, 0, -4, 0,
    0, 0, 0, 0, 0, 0, 0, 0,
    0, -4, 0, -4, 0, -4, 0, -11,
    0, 0, 0, 0, 0, -1, -8, -3,
    -6, -7, -4, 0, 0, 0, 0, 0,
    0, -4, -4, -7, 0, 0, 0, 0,
    0, -7, -4, -7, -6, -4, -7, -6,
    0, 0, 0, 0, -33, -24, -33, -21,
    -10, -10, -4, -6, -6, -33, -7, -6,
    -4, 0, 0, 0, 0, -9, 0, -24,
    -16, 0, -21, 0, 0, -14, -16, -12,
    -12, -6, -9, -12, -6, -17, 0, 0,
    0, 0, 0, -11, 0, 0, 0, 0,
    0, -3, -7, -11, -11, 0, -4, -3,
    -3, 0, -6, -6, 0, -6, -7, -7,
    -6, 0, 0, 0, 0, -6, -8, -6,
    -6, -9, -6, 0, 0, 0, 0, 0,
    0, 0, 0, 0, 0, 0, 0, 0,
    0, 0, 0, -27, -10, -17, -10, 0,
    -24, 0, 0, 0, 0, 0, 9, 0,
    22, 0, 0, 0, 0, -7, -4, 0,
    2, 0, 0, 0, 0, -18, 0, 0,
    0, 0, 0, 0, -7, 0, 0, 0,
    0, -9, 0, -7, -3, 0, -9, 0,
    0, 0, 0, 0, 0, 0, 0, 0,
    0, -6, 0, 0, 0, 0, 0, 0,
    0, -10, 0, -8, -4, 0, -4, 0,
    0, 0, -7, 0, 0, 0, 0, -20,
    0, -7, 0, -3, -17, 0, -11, -6,
    0, -2, 0, 0, 0, 0, -2, -8,
    0, -3, -3, -8, -3, -4, 0, 0,
    0, 0, 0, -9, 0, 0, 0, 0,
    0, 0, 0, 0, 0, -7, 0, -6,
    0, 0, -9, 0, 0, -4, -9, 0,
    -4, 0, 0, 0, 0, -4, 0, 0,
    0, 0, 0, 0, 0, 0, 0, -11,
    0, 2, 0, 0, 0, 0, -4, 0,
    0, -7, -7, -9, 0, -7, -4, 0,
    -11, 0, -9, -6, 0, -2, -4, 0,
    0, 0, 0, -4, 0, -1, -1, -4,
    -1, -2, 2, 12, 14, 0, -19, -6,
    -19, -5, 0, 0, 7, 0, 0, 0,
    0, 14, 0, 20, 14, 9, 17, 0,
    16, -7, -4, 0, -6, 0, -4, 0,
    -3, 0, 0, 2, 0, -3, 0, -6,
    0, 0, 2, -11, 0, 0, 0, 12,
    0, 0, -14, 0, 0, 0, 0, -11,
    0, 0, 0, 0, -6, 0, 0, -7,
    -6, 0, 0, 0, 12, 0, 0, 0,
    0, -3, -3, 0, 3, -6, 0, 0,
    0, -11, 0, 0, 0, 0, 0, 0,
    -4, 0, 0, 0, 0, -9, 0, -4,
    0, 0, -7, 0, 0, 0, 0, 0,
    0, 0, 0, 0, 0, 0, 0, 0,
    0, 0, 0, 0, 0, 0, 0, -8,
    2, -18, 2, 0, 2, 2, -7, 0,
    0, 0, 0, -14, 0, 0, 0, 0,
    -5, 0, 0, -4, -8, 0, -4, 0,
    -4, 0, 0, -10, -6, 0, 0, -4,
    0, -4, 0, 0, 0, 0, 0, 0,
    0, 0, 0, 0, 0, 0, 0, 0,
    0, 0, 0, 0, 0, 0, 0, 0,
    0, 0, 0, 0, 0, 0, 2, 0,
    0, 0, 0, 0, 0, 0, 0, 0,
    0, 0, 0, -8, 0, 0, 0, 0,
    0, 0, 0, 0, 0, 0, 0, -7,
    0, -6, 0, 0, -11, 0, 0, 0,
    0, 0, 0, 0, 0, 0, 0, 0,
    0, 0, 0, 0, 0, 0, 0, 0,
    0, 0, -22, -9, -22, -11, 5, 5,
    0, -6, 0, -20, 0, 0, 0, 0,
    0, 0, 0, -4, 2, -9, -4, 0,
    -4, 0, 0, 0, -3, 0, 0, 5,
    4, 0, 5, -3, 0, 0, 0, -16,
    0, 2, 0, 0, 0, 0, -6, 0,
    0, 0, 0, -9, 0, -4, 0, 0,
    -7, 0, 0, 0, 0, 0, 0, 0,
    0, 0, 0, -7, 0, 0, 0, 0,
    0, 0, 0, 0, 0, 0, -1, -11,
    -1, 1, 2, 2, -11, 0, 0, 0,
    0, -6, 0, 0, 0, 0, -3, 0,
    0, -8, -6, 0, -4, 0, 0, 0,
    -4, -7, 0, 0, 0, -6, 0, 0,
    0, 0, 0, -5, -15, -4, -15, -7,
    0, 0, 0, -5, 0, -14, 0, -7,
    0, -4, 0, 0, -6, -4, 0, -7,
    -3, 0, 0, 0, -4, 0, 0, 0,
    0, 0, 0, 0, 0, -9, 0, 0,
    0, -5, -18, 0, -18, -3, 0, 0,
    0, -3, 0, -11, 0, -9, 0, -4,
    0, -6, -9, 0, 0, -4, -3, 0,
    0, 0, -4, 0, 0, 0, 0, 0,
    0, 0, 0, -8, -6, 0, 0, -8,
    2, -6, -4, 0, 0, 2, 0, 0,
    -4, 0, -3, -11, 0, -6, 0, -4,
    -12, 0, 0, -4, -8, 0, 0, 0,
    0, 0, 0, -9, 0, 0, 0, 0,
    -3, 0, 0, 0, 0, 0, -15, 0,
    -15, -5, 0, 0, 0, 0, 0, -14,
    0, -7, 0, -3, 0, -3, -4, 0,
    0, -7, -3, 0, 0, 0, -4, 0,
    0, 0, 0, 0, 0, -6, 0, -9,
    0, 0, 0, 0, 0, -7, 0, 0,
    0, 0, 0, 0, 0, 0, 0, -9,
    0, 0, 0, 0, -10, 0, 0, -8,
    -4, 0, -3, 0, 0, 0, 0, 0,
    -4, -3, 0, 0, -3, 0
};

/*Collect the kern class' data in one place*/
static const lv_font_fmt_txt_kern_classes_t kern_classes =
{
    .class_pair_values   = kern_class_values,
    .left_class_mapping  = kern_left_class_mapping,
    .right_class_mapping = kern_right_class_mapping,
    .left_class_cnt      = 45,
    .right_class_cnt     = 38,
};

/*--------------------
 *  ALL CUSTOM DATA
 *--------------------*/

#if LVGL_VERSION_MAJOR == 8
/*Store all the custom data of the font*/
static  lv_font_fmt_txt_glyph_cache_t cache;
#endif

#if LVGL_VERSION_MAJOR >= 8
static const lv_font_fmt_txt_dsc_t font_dsc = {
#else
static lv_font_fmt_txt_dsc_t font_dsc = {
#endif
    .glyph_bitmap = glyph_bitmap,
    .glyph_dsc = glyph_dsc,
    .cmaps = cmaps,
    .kern_dsc = &kern_classes,
    .kern_scale = 16,
    .cmap_num = 2,
    .bpp = 4,
    .kern_classes = 1,
    .bitmap_format = 0,
#if LVGL_VERSION_MAJOR == 8
    .cache = &cache
#endif

};

extern const lv_font_t NS_Medium_jp_18_data;


/*-----------------
 *  PUBLIC FONT
 *----------------*/

/*Initialize a public general font descriptor*/
#if LVGL_VERSION_MAJOR >= 8
const lv_font_t NS_Medium_zh_18_data = {
#else
lv_font_t NS_Medium_zh_18_data = {
#endif
    .get_glyph_dsc = lv_font_get_glyph_dsc_fmt_txt,    /*Function pointer to get glyph's data*/
    .get_glyph_bitmap = lv_font_get_bitmap_fmt_txt,    /*Function pointer to get glyph's bitmap*/
    .line_height = 21,          /*The maximum line height required by the font*/
    .base_line = 5,             /*Baseline measured from the bottom of the line*/
#if LV_VERSION_CHECK(9, 6, 0) || LVGL_VERSION_MAJOR >= 10
    .cap_height = 13,           /*Cap height of the font*/
    .x_height = 10,               /*x-height of the font*/
#endif
#if !(LVGL_VERSION_MAJOR == 6 && LVGL_VERSION_MINOR == 0)
    .subpx = LV_FONT_SUBPX_NONE,
#endif
#if LV_VERSION_CHECK(7, 4, 0) || LVGL_VERSION_MAJOR >= 8
    .underline_position = -2,
    .underline_thickness = 1,
#endif

#if LV_VERSION_CHECK(9, 3, 0)
    .static_bitmap = 1,    /*Bitmaps are stored as const so they are always static if not compressed */
#endif

    .dsc = &font_dsc,          /*The custom font data. Will be accessed by `get_glyph_bitmap/dsc` */
#if LV_VERSION_CHECK(8, 2, 0) || LVGL_VERSION_MAJOR >= 9
    .fallback = &NS_Medium_jp_18_data,
#endif
    .user_data = NULL,
};



#endif /*#if NS_MEDIUM_ZH_18_DATA*/
