/*******************************************************************************
 * Size: 20 px
 * Bpp: 4
 * Opts: --font /fonts/raw/languages/NotoSansSC-Medium.ttf -o /fonts/NS_Medium_zh_20_data.c --size 20 --bpp 4 --format lvgl --no-compress --symbols 一七三上乐九予二于五亮件使俊停健先八六关円出別动動十卷厂压可启周唤器四回固圆土圧報場声复天太始存定寝导小屏展工常幕度康开式形恢报持振接文方旋日时星時暂曜月期木格楽模每气気水池法温火用电画睡知示秒系絡続终统网置联能航荷行表觉言設語警设语贮起跑身転輝转轴进逐通連進醒重金間闭阳陽電面音预
 ******************************************************************************/

#ifdef __has_include
    #if __has_include("lvgl.h")
        #ifndef LV_LVGL_H_INCLUDE_SIMPLE
            #define LV_LVGL_H_INCLUDE_SIMPLE
        #endif
    #endif
#endif

#ifdef LV_LVGL_H_INCLUDE_SIMPLE
    #include "lvgl.h"
#else
    #include "lvgl/lvgl.h"
#endif



#ifndef NS_MEDIUM_ZH_20_DATA
#define NS_MEDIUM_ZH_20_DATA 1
#endif

#if NS_MEDIUM_ZH_20_DATA

/*-----------------
 *    BITMAPS
 *----------------*/

/*Store the image of the glyphs*/
static LV_ATTRIBUTE_LARGE_CONST const uint8_t glyph_bitmap[] = {
    /* U+4E00 "一" */
    0x2f, 0xff, 0xff, 0xff, 0xff, 0xff, 0xff, 0xff,
    0xff, 0xf3, 0x2f, 0xff, 0xff, 0xff, 0xff, 0xff,
    0xff, 0xff, 0xff, 0xf3, 0x02, 0x22, 0x22, 0x22,
    0x22, 0x22, 0x22, 0x22, 0x22, 0x20,

    /* U+4E03 "七" */
    0x00, 0x00, 0x01, 0x87, 0x00, 0x00, 0x00, 0x00,
    0x00, 0x00, 0x00, 0x00, 0x2f, 0xe0, 0x00, 0x00,
    0x00, 0x00, 0x00, 0x00, 0x00, 0x02, 0xfe, 0x00,
    0x00, 0x00, 0x00, 0x00, 0x00, 0x00, 0x00, 0x2f,
    0xe0, 0x00, 0x00, 0x00, 0x00, 0x00, 0x00, 0x00,
    0x02, 0xfe, 0x00, 0x00, 0x00, 0x00, 0x00, 0x00,
    0x00, 0x00, 0x2f, 0xe0, 0x00, 0x00, 0x25, 0x7a,
    0xc2, 0x00, 0x00, 0x02, 0xff, 0x68, 0xbd, 0xff,
    0xff, 0xff, 0x51, 0x47, 0x9c, 0xef, 0xff, 0xff,
    0xff, 0xca, 0x85, 0x30, 0xcf, 0xff, 0xff, 0xff,
    0x96, 0x41, 0x00, 0x00, 0x00, 0x07, 0xa8, 0x53,
    0x3f, 0xe0, 0x00, 0x00, 0x00, 0x00, 0x00, 0x00,
    0x00, 0x02, 0xfe, 0x00, 0x00, 0x00, 0x00, 0x00,
    0x00, 0x00, 0x00, 0x2f, 0xe0, 0x00, 0x00, 0x00,
    0x00, 0x00, 0x00, 0x00, 0x02, 0xfe, 0x00, 0x00,
    0x00, 0x01, 0x70, 0x00, 0x00, 0x00, 0x2f, 0xe0,
    0x00, 0x00, 0x00, 0x2f, 0xc0, 0x00, 0x00, 0x02,
    0xfe, 0x00, 0x00, 0x00, 0x04, 0xfb, 0x00, 0x00,
    0x00, 0x1f, 0xf1, 0x00, 0x00, 0x00, 0xaf, 0x80,
    0x00, 0x00, 0x00, 0xdf, 0xfe, 0xee, 0xee, 0xef,
    0xf3, 0x00, 0x00, 0x00, 0x03, 0xcf, 0xff, 0xff,
    0xff, 0xd6, 0x00,

    /* U+4E09 "三" */
    0x0b, 0xff, 0xff, 0xff, 0xff, 0xff, 0xff, 0xff,
    0x60, 0x0c, 0xff, 0xff, 0xff, 0xff, 0xff, 0xff,
    0xff, 0x60, 0x00, 0x00, 0x00, 0x00, 0x00, 0x00,
    0x00, 0x00, 0x00, 0x00, 0x00, 0x00, 0x00, 0x00,
    0x00, 0x00, 0x00, 0x00, 0x00, 0x00, 0x00, 0x00,
    0x00, 0x00, 0x00, 0x00, 0x00, 0x00, 0x00, 0x00,
    0x00, 0x00, 0x00, 0x00, 0x00, 0x00, 0x00, 0x4a,
    0xaa, 0xaa, 0xaa, 0xaa, 0xaa, 0x80, 0x00, 0x00,
    0x7f, 0xff, 0xff, 0xff, 0xff, 0xff, 0xd0, 0x00,
    0x00, 0x13, 0x33, 0x33, 0x33, 0x33, 0x33, 0x30,
    0x00, 0x00, 0x00, 0x00, 0x00, 0x00, 0x00, 0x00,
    0x00, 0x00, 0x00, 0x00, 0x00, 0x00, 0x00, 0x00,
    0x00, 0x00, 0x00, 0x00, 0x00, 0x00, 0x00, 0x00,
    0x00, 0x00, 0x00, 0x00, 0x00, 0x00, 0x00, 0x00,
    0x00, 0x00, 0x00, 0x00, 0x00, 0xbc, 0xcc, 0xcc,
    0xcc, 0xcc, 0xcc, 0xcc, 0xcc, 0xc6, 0xef, 0xff,
    0xff, 0xff, 0xff, 0xff, 0xff, 0xff, 0xf7, 0x12,
    0x22, 0x22, 0x22, 0x22, 0x22, 0x22, 0x22, 0x21,

    /* U+4E0A "上" */
    0x00, 0x00, 0x00, 0x00, 0xbd, 0x10, 0x00, 0x00,
    0x00, 0x00, 0x00, 0x00, 0x00, 0x0e, 0xf2, 0x00,
    0x00, 0x00, 0x00, 0x00, 0x00, 0x00, 0x00, 0xef,
    0x20, 0x00, 0x00, 0x00, 0x00, 0x00, 0x00, 0x00,
    0x0e, 0xf2, 0x00, 0x00, 0x00, 0x00, 0x00, 0x00,
    0x00, 0x00, 0xef, 0x20, 0x00, 0x00, 0x00, 0x00,
    0x00, 0x00, 0x00, 0x0e, 0xf2, 0x00, 0x00, 0x00,
    0x00, 0x00, 0x00, 0x00, 0x00, 0xef, 0xed, 0xdd,
    0xdd, 0xd6, 0x00, 0x00, 0x00, 0x00, 0x0e, 0xff,
    0xff, 0xff, 0xff, 0x70, 0x00, 0x00, 0x00, 0x00,
    0xef, 0x31, 0x11, 0x11, 0x10, 0x00, 0x00, 0x00,
    0x00, 0x0e, 0xf2, 0x00, 0x00, 0x00, 0x00, 0x00,
    0x00, 0x00, 0x00, 0xef, 0x20, 0x00, 0x00, 0x00,
    0x00, 0x00, 0x00, 0x00, 0x0e, 0xf2, 0x00, 0x00,
    0x00, 0x00, 0x00, 0x00, 0x00, 0x00, 0xef, 0x20,
    0x00, 0x00, 0x00, 0x00, 0x00, 0x00, 0x00, 0x0e,
    0xf2, 0x00, 0x00, 0x00, 0x00, 0x00, 0x00, 0x00,
    0x00, 0xef, 0x20, 0x00, 0x00, 0x00, 0x00, 0x11,
    0x11, 0x11, 0x1e, 0xf3, 0x11, 0x11, 0x11, 0x11,
    0x4f, 0xff, 0xff, 0xff, 0xff, 0xff, 0xff, 0xff,
    0xff, 0xd3, 0xdd, 0xdd, 0xdd, 0xdd, 0xdd, 0xdd,
    0xdd, 0xdd, 0xdb,

    /* U+4E50 "乐" */
    0x00, 0x00, 0x00, 0x00, 0x00, 0x00, 0x13, 0x58,
    0x70, 0x00, 0x00, 0x06, 0x88, 0x9a, 0xbc, 0xdf,
    0xff, 0xff, 0xf2, 0x00, 0x00, 0x0c, 0xff, 0xff,
    0xff, 0xfd, 0xba, 0x85, 0x20, 0x00, 0x00, 0x0d,
    0xf4, 0x21, 0x10, 0x00, 0x00, 0x00, 0x00, 0x00,
    0x00, 0x0f, 0xf0, 0x00, 0x09, 0xc1, 0x00, 0x00,
    0x00, 0x00, 0x00, 0x2f, 0xc0, 0x00, 0x0c, 0xf2,
    0x00, 0x00, 0x00, 0x00, 0x00, 0x5f, 0x90, 0x00,
    0x0c, 0xf2, 0x00, 0x00, 0x00, 0x00, 0x00, 0xaf,
    0x60, 0x00, 0x0c, 0xf2, 0x00, 0x00, 0x00, 0x00,
    0x01, 0xff, 0xff, 0xff, 0xff, 0xff, 0xff, 0xff,
    0xff, 0x40, 0x00, 0xdf, 0xee, 0xee, 0xef, 0xff,
    0xee, 0xee, 0xee, 0x40, 0x00, 0x10, 0x00, 0x00,
    0x0c, 0xf2, 0x00, 0x00, 0x00, 0x00, 0x00, 0x00,
    0x42, 0x00, 0x0c, 0xf2, 0x00, 0x32, 0x00, 0x00,
    0x00, 0x02, 0xff, 0x10, 0x0c, 0xf2, 0x03, 0xfe,
    0x10, 0x00, 0x00, 0x0c, 0xf7, 0x00, 0x0c, 0xf2,
    0x00, 0x8f, 0xb0, 0x00, 0x00, 0x9f, 0xc0, 0x00,
    0x0c, 0xf2, 0x00, 0x0c, 0xf7, 0x00, 0x07, 0xfe,
    0x10, 0x00, 0x0c, 0xf2, 0x00, 0x02, 0xff, 0x30,
    0x3f, 0xf3, 0x00, 0x00, 0x0c, 0xf2, 0x00, 0x00,
    0x7f, 0xc0, 0x05, 0x50, 0x00, 0x9e, 0xef, 0xf1,
    0x00, 0x00, 0x09, 0x20, 0x00, 0x00, 0x00, 0x5f,
    0xfd, 0x60, 0x00, 0x00, 0x00, 0x00,

    /* U+4E5D "九" */
    0x00, 0x00, 0x00, 0x2a, 0x80, 0x00, 0x00, 0x00,
    0x00, 0x00, 0x00, 0x00, 0x00, 0x3f, 0xd0, 0x00,
    0x00, 0x00, 0x00, 0x00, 0x00, 0x00, 0x00, 0x3f,
    0xc0, 0x00, 0x00, 0x00, 0x00, 0x00, 0x00, 0x00,
    0x00, 0x3f, 0xc0, 0x00, 0x00, 0x00, 0x00, 0x00,
    0x00, 0x00, 0x00, 0x4f, 0xc0, 0x00, 0x00, 0x00,
    0x00, 0x00, 0x06, 0xee, 0xee, 0xef, 0xfe, 0xee,
    0xef, 0xb0, 0x00, 0x00, 0x07, 0xff, 0xff, 0xff,
    0xff, 0xff, 0xff, 0xd0, 0x00, 0x00, 0x00, 0x00,
    0x00, 0x7f, 0xa0, 0x00, 0x3f, 0xd0, 0x00, 0x00,
    0x00, 0x00, 0x00, 0x8f, 0x70, 0x00, 0x2f, 0xd0,
    0x00, 0x00, 0x00, 0x00, 0x00, 0xaf, 0x50, 0x00,
    0x2f, 0xd0, 0x00, 0x00, 0x00, 0x00, 0x00, 0xef,
    0x20, 0x00, 0x2f, 0xd0, 0x00, 0x00, 0x00, 0x00,
    0x02, 0xfe, 0x00, 0x00, 0x2f, 0xd0, 0x00, 0x00,
    0x00, 0x00, 0x08, 0xfa, 0x00, 0x00, 0x2f, 0xd0,
    0x00, 0x00, 0x00, 0x00, 0x0e, 0xf4, 0x00, 0x00,
    0x2f, 0xd0, 0x00, 0x00, 0x00, 0x00, 0x9f, 0xc0,
    0x00, 0x00, 0x2f, 0xd0, 0x02, 0x92, 0x00, 0x05,
    0xff, 0x30, 0x00, 0x00, 0x2f, 0xd0, 0x03, 0xf9,
    0x00, 0x7f, 0xf7, 0x00, 0x00, 0x00, 0x2f, 0xd0,
    0x05, 0xf7, 0x1c, 0xff, 0x70, 0x00, 0x00, 0x00,
    0x0f, 0xfd, 0xdf, 0xf3, 0x0a, 0xe5, 0x00, 0x00,
    0x00, 0x00, 0x07, 0xff, 0xff, 0xa0, 0x00, 0x10,
    0x00, 0x00, 0x00, 0x00, 0x00, 0x00, 0x00, 0x00,

    /* U+4E88 "予" */
    0x00, 0x0b, 0xcc, 0xcc, 0xcc, 0xcc, 0xcc, 0xcd,
    0x40, 0x00, 0x00, 0x0d, 0xff, 0xff, 0xff, 0xff,
    0xff, 0xff, 0xa0, 0x00, 0x00, 0x00, 0x00, 0x00,
    0x00, 0x00, 0x4e, 0xf8, 0x00, 0x00, 0x00, 0x00,
    0x00, 0xab, 0x50, 0x09, 0xff, 0x50, 0x00, 0x00,
    0x00, 0x00, 0x01, 0xaf, 0xfe, 0xef, 0xc2, 0x00,
    0x00, 0x00, 0x00, 0x00, 0x00, 0x01, 0x8e, 0xff,
    0xb4, 0x00, 0x00, 0x00, 0x05, 0x55, 0x55, 0x55,
    0x56, 0xcf, 0xfe, 0x55, 0x57, 0x20, 0x0f, 0xff,
    0xff, 0xff, 0xff, 0xff, 0xff, 0xff, 0xff, 0xf1,
    0x07, 0x77, 0x77, 0x77, 0x7f, 0xf8, 0x77, 0x77,
    0xff, 0x80, 0x00, 0x00, 0x00, 0x00, 0x0e, 0xf1,
    0x00, 0x05, 0xfe, 0x00, 0x00, 0x00, 0x00, 0x00,
    0x0e, 0xf1, 0x00, 0x1e, 0xf5, 0x00, 0x00, 0x00,
    0x00, 0x00, 0x0e, 0xf1, 0x00, 0x6f, 0xa0, 0x00,
    0x00, 0x00, 0x00, 0x00, 0x0e, 0xf1, 0x00, 0x03,
    0x00, 0x00, 0x00, 0x00, 0x00, 0x00, 0x0e, 0xf1,
    0x00, 0x00, 0x00, 0x00, 0x00, 0x00, 0x00, 0x00,
    0x0e, 0xf1, 0x00, 0x00, 0x00, 0x00, 0x00, 0x00,
    0x00, 0x00, 0x0e, 0xf1, 0x00, 0x00, 0x00, 0x00,
    0x00, 0x00, 0x02, 0xcc, 0xcf, 0xf0, 0x00, 0x00,
    0x00, 0x00, 0x00, 0x00, 0x00, 0xdf, 0xfd, 0x60,
    0x00, 0x00, 0x00, 0x00, 0x00, 0x00, 0x00, 0x00,
    0x00, 0x00, 0x00, 0x00, 0x00, 0x00,

    /* U+4E8C "二" */
    0x00, 0x11, 0x11, 0x11, 0x11, 0x11, 0x11, 0x11,
    0x00, 0x03, 0xff, 0xff, 0xff, 0xff, 0xff, 0xff,
    0xff, 0x30, 0x03, 0xff, 0xff, 0xff, 0xff, 0xff,
    0xff, 0xff, 0x30, 0x00, 0x00, 0x00, 0x00, 0x00,
    0x00, 0x00, 0x00, 0x00, 0x00, 0x00, 0x00, 0x00,
    0x00, 0x00, 0x00, 0x00, 0x00, 0x00, 0x00, 0x00,
    0x00, 0x00, 0x00, 0x00, 0x00, 0x00, 0x00, 0x00,
    0x00, 0x00, 0x00, 0x00, 0x00, 0x00, 0x00, 0x00,
    0x00, 0x00, 0x00, 0x00, 0x00, 0x00, 0x00, 0x00,
    0x00, 0x00, 0x00, 0x00, 0x00, 0x00, 0x00, 0x00,
    0x00, 0x00, 0x00, 0x00, 0x00, 0x00, 0x00, 0x00,
    0x00, 0x00, 0x00, 0x00, 0x00, 0x00, 0x00, 0x00,
    0x00, 0x00, 0x00, 0x00, 0x00, 0x00, 0x00, 0x00,
    0x00, 0x00, 0x00, 0x00, 0x23, 0x33, 0x33, 0x33,
    0x33, 0x33, 0x33, 0x33, 0x33, 0xef, 0xff, 0xff,
    0xff, 0xff, 0xff, 0xff, 0xff, 0xfe, 0xdf, 0xff,
    0xff, 0xff, 0xff, 0xff, 0xff, 0xff, 0xfe,

    /* U+4E8E "于" */
    0x00, 0x69, 0x99, 0x99, 0x99, 0x99, 0x99, 0x99,
    0x94, 0x00, 0x0b, 0xff, 0xff, 0xff, 0xff, 0xff,
    0xff, 0xff, 0x70, 0x00, 0x24, 0x44, 0x44, 0x4f,
    0xf5, 0x44, 0x44, 0x41, 0x00, 0x00, 0x00, 0x00,
    0x00, 0xef, 0x10, 0x00, 0x00, 0x00, 0x00, 0x00,
    0x00, 0x00, 0x0e, 0xf1, 0x00, 0x00, 0x00, 0x00,
    0x00, 0x00, 0x00, 0x00, 0xef, 0x10, 0x00, 0x00,
    0x00, 0x00, 0x00, 0x00, 0x00, 0x0e, 0xf1, 0x00,
    0x00, 0x00, 0x01, 0xff, 0xff, 0xff, 0xff, 0xff,
    0xff, 0xff, 0xff, 0xfd, 0x0e, 0xee, 0xee, 0xee,
    0xef, 0xfe, 0xee, 0xee, 0xee, 0xb0, 0x00, 0x00,
    0x00, 0x00, 0xef, 0x10, 0x00, 0x00, 0x00, 0x00,
    0x00, 0x00, 0x00, 0x0e, 0xf1, 0x00, 0x00, 0x00,
    0x00, 0x00, 0x00, 0x00, 0x00, 0xef, 0x10, 0x00,
    0x00, 0x00, 0x00, 0x00, 0x00, 0x00, 0x0e, 0xf1,
    0x00, 0x00, 0x00, 0x00, 0x00, 0x00, 0x00, 0x00,
    0xef, 0x10, 0x00, 0x00, 0x00, 0x00, 0x00, 0x00,
    0x00, 0x0e, 0xf1, 0x00, 0x00, 0x00, 0x00, 0x00,
    0x00, 0x00, 0x00, 0xff, 0x10, 0x00, 0x00, 0x00,
    0x00, 0x00, 0x0d, 0xee, 0xff, 0xf0, 0x00, 0x00,
    0x00, 0x00, 0x00, 0x00, 0x7f, 0xff, 0xc4, 0x00,
    0x00, 0x00, 0x00, 0x00, 0x00, 0x00, 0x00, 0x00,
    0x00, 0x00, 0x00, 0x00, 0x00,

    /* U+4E94 "五" */
    0x0a, 0xee, 0xee, 0xee, 0xee, 0xee, 0xee, 0xee,
    0x80, 0x0a, 0xff, 0xff, 0xff, 0xff, 0xff, 0xff,
    0xff, 0x90, 0x00, 0x00, 0x00, 0x2f, 0xe0, 0x00,
    0x00, 0x00, 0x00, 0x00, 0x00, 0x00, 0x4f, 0xc0,
    0x00, 0x00, 0x00, 0x00, 0x00, 0x00, 0x00, 0x7f,
    0x90, 0x00, 0x00, 0x00, 0x00, 0x00, 0x00, 0x00,
    0xaf, 0x70, 0x00, 0x11, 0x00, 0x00, 0x00, 0x9f,
    0xff, 0xff, 0xff, 0xff, 0xff, 0xa0, 0x00, 0x00,
    0x7d, 0xdd, 0xff, 0xdd, 0xdd, 0xef, 0x90, 0x00,
    0x00, 0x00, 0x01, 0xff, 0x00, 0x00, 0x8f, 0x80,
    0x00, 0x00, 0x00, 0x04, 0xfc, 0x00, 0x00, 0x9f,
    0x60, 0x00, 0x00, 0x00, 0x07, 0xf9, 0x00, 0x00,
    0xbf, 0x50, 0x00, 0x00, 0x00, 0x0a, 0xf7, 0x00,
    0x00, 0xcf, 0x30, 0x00, 0x00, 0x00, 0x0d, 0xf4,
    0x00, 0x00, 0xef, 0x20, 0x00, 0x23, 0x33, 0x3f,
    0xf3, 0x33, 0x33, 0xff, 0x33, 0x32, 0xef, 0xff,
    0xff, 0xff, 0xff, 0xff, 0xff, 0xff, 0xff, 0xab,
    0xbb, 0xbb, 0xbb, 0xbb, 0xbb, 0xbb, 0xbb, 0xba,

    /* U+4EAE "亮" */
    0x00, 0x00, 0x00, 0x03, 0xc9, 0x00, 0x00, 0x00,
    0x00, 0x00, 0x00, 0x00, 0x01, 0xff, 0x30, 0x00,
    0x00, 0x00, 0xef, 0xff, 0xff, 0xff, 0xff, 0xff,
    0xff, 0xff, 0xfd, 0x88, 0x88, 0x88, 0x88, 0x88,
    0x88, 0x88, 0x88, 0x87, 0x00, 0x05, 0x55, 0x55,
    0x55, 0x55, 0x55, 0x51, 0x00, 0x00, 0x1f, 0xff,
    0xff, 0xff, 0xff, 0xff, 0xf2, 0x00, 0x00, 0x1f,
    0xc0, 0x00, 0x00, 0x00, 0x0d, 0xf2, 0x00, 0x00,
    0x1f, 0xff, 0xff, 0xff, 0xff, 0xff, 0xf2, 0x00,
    0x00, 0x05, 0x55, 0x55, 0x55, 0x55, 0x55, 0x50,
    0x00, 0x47, 0x77, 0x77, 0x77, 0x77, 0x77, 0x77,
    0x77, 0x73, 0xaf, 0xff, 0xff, 0xff, 0xff, 0xff,
    0xff, 0xff, 0xf9, 0xaf, 0x20, 0x00, 0x00, 0x00,
    0x00, 0x00, 0x05, 0xf9, 0xaf, 0x20, 0x2f, 0xff,
    0xff, 0xff, 0xf1, 0x05, 0xf9, 0x12, 0x00, 0x4f,
    0xea, 0xaa, 0xaf, 0xf1, 0x00, 0x10, 0x00, 0x00,
    0x7f, 0x80, 0x00, 0x0e, 0xf1, 0x00, 0x10, 0x00,
    0x00, 0xdf, 0x40, 0x00, 0x0e, 0xf1, 0x00, 0xc8,
    0x00, 0x1a, 0xfd, 0x00, 0x00, 0x0e, 0xf1, 0x00,
    0xec, 0x5a, 0xff, 0xe2, 0x00, 0x00, 0x0d, 0xfb,
    0xab, 0xf9, 0x6f, 0xe8, 0x10, 0x00, 0x00, 0x05,
    0xef, 0xff, 0xd2, 0x03, 0x00, 0x00, 0x00, 0x00,
    0x00, 0x00, 0x00, 0x00,

    /* U+4EF6 "件" */
    0x00, 0x00, 0x0a, 0x50, 0x00, 0x00, 0xa8, 0x00,
    0x00, 0x00, 0x00, 0x00, 0x6f, 0x90, 0x7a, 0x21,
    0xfd, 0x00, 0x00, 0x00, 0x00, 0x00, 0xdf, 0x20,
    0xcf, 0x11, 0xfd, 0x00, 0x00, 0x00, 0x00, 0x05,
    0xfb, 0x00, 0xfd, 0x01, 0xfd, 0x00, 0x00, 0x00,
    0x00, 0x0e, 0xf3, 0x05, 0xff, 0xee, 0xff, 0xee,
    0xee, 0x30, 0x00, 0x8f, 0xf0, 0x0b, 0xff, 0xff,
    0xff, 0xff, 0xff, 0x40, 0x04, 0xff, 0xf0, 0x2f,
    0xd0, 0x01, 0xfd, 0x00, 0x00, 0x00, 0x2e, 0xff,
    0xf0, 0xaf, 0x60, 0x01, 0xfd, 0x00, 0x00, 0x00,
    0x2f, 0xbe, 0xf0, 0x29, 0x00, 0x01, 0xfd, 0x00,
    0x00, 0x00, 0x07, 0x1e, 0xf0, 0x00, 0x00, 0x01,
    0xfd, 0x00, 0x00, 0x00, 0x00, 0x0e, 0xf0, 0xbf,
    0xff, 0xff, 0xff, 0xff, 0xff, 0xf3, 0x00, 0x0e,
    0xf0, 0x8d, 0xdd, 0xdd, 0xff, 0xdd, 0xdd, 0xd2,
    0x00, 0x0e, 0xf0, 0x00, 0x00, 0x01, 0xfd, 0x00,
    0x00, 0x00, 0x00, 0x0e, 0xf0, 0x00, 0x00, 0x01,
    0xfd, 0x00, 0x00, 0x00, 0x00, 0x0e, 0xf0, 0x00,
    0x00, 0x01, 0xfd, 0x00, 0x00, 0x00, 0x00, 0x0e,
    0xf0, 0x00, 0x00, 0x01, 0xfd, 0x00, 0x00, 0x00,
    0x00, 0x0e, 0xf0, 0x00, 0x00, 0x01, 0xfd, 0x00,
    0x00, 0x00, 0x00, 0x0e, 0xf0, 0x00, 0x00, 0x01,
    0xfd, 0x00, 0x00, 0x00, 0x00, 0x0d, 0xe0, 0x00,
    0x00, 0x01, 0xfd, 0x00, 0x00, 0x00,

    /* U+4F7F "使" */
    0x00, 0x00, 0x0c, 0x80, 0x00, 0x01, 0xc9, 0x00,
    0x00, 0x00, 0x00, 0x00, 0x5f, 0xb0, 0x00, 0x01,
    0xfc, 0x00, 0x00, 0x00, 0x00, 0x00, 0xdf, 0x8c,
    0xcc, 0xcc, 0xff, 0xcc, 0xcc, 0xc4, 0x00, 0x06,
    0xfb, 0x6f, 0xff, 0xff, 0xff, 0xff, 0xff, 0xf5,
    0x00, 0x1e, 0xf4, 0x00, 0x00, 0x01, 0xfc, 0x00,
    0x00, 0x00, 0x00, 0xbf, 0xf1, 0x08, 0x88, 0x89,
    0xfe, 0x88, 0x88, 0x60, 0x08, 0xff, 0xf1, 0x0f,
    0xff, 0xff, 0xff, 0xff, 0xff, 0xc0, 0x6f, 0xff,
    0xf1, 0x0f, 0xb0, 0x02, 0xfc, 0x00, 0x1f, 0xc0,
    0x4f, 0x8b, 0xf1, 0x0f, 0xb0, 0x01, 0xfc, 0x00,
    0x1f, 0xc0, 0x08, 0x0b, 0xf1, 0x0f, 0xb0, 0x02,
    0xfc, 0x00, 0x1f, 0xc0, 0x00, 0x0b, 0xf1, 0x0f,
    0xff, 0xff, 0xff, 0xff, 0xff, 0xc0, 0x00, 0x0b,
    0xf1, 0x08, 0x98, 0x8a, 0xfd, 0x88, 0x88, 0x60,
    0x00, 0x0b, 0xf1, 0x0b, 0xe1, 0x06, 0xf8, 0x00,
    0x00, 0x00, 0x00, 0x0b, 0xf1, 0x04, 0xfc, 0x1b,
    0xf3, 0x00, 0x00, 0x00, 0x00, 0x0b, 0xf1, 0x00,
    0x6f, 0xef, 0xd0, 0x00, 0x00, 0x00, 0x00, 0x0b,
    0xf1, 0x00, 0x09, 0xff, 0xc3, 0x00, 0x00, 0x00,
    0x00, 0x0b, 0xf1, 0x02, 0xaf, 0xfd, 0xff, 0xd8,
    0x41, 0x00, 0x00, 0x0b, 0xf2, 0xcf, 0xfd, 0x40,
    0x4a, 0xff, 0xff, 0xe4, 0x00, 0x0b, 0xf1, 0x6c,
    0x60, 0x00, 0x00, 0x05, 0x9c, 0xa0,

    /* U+4FCA "俊" */
    0x00, 0x00, 0x0a, 0x50, 0x00, 0x79, 0x20, 0x00,
    0x00, 0x00, 0x00, 0x00, 0x5f, 0xa0, 0x04, 0xfd,
    0x02, 0xc7, 0x00, 0x00, 0x00, 0x00, 0xcf, 0x40,
    0x3f, 0xe1, 0x00, 0xbf, 0x50, 0x00, 0x00, 0x04,
    0xfc, 0x03, 0xff, 0x43, 0x45, 0x7f, 0xf3, 0x00,
    0x00, 0x0d, 0xf4, 0x4f, 0xff, 0xff, 0xff, 0xff,
    0xfe, 0x10, 0x00, 0x7f, 0xf0, 0x1e, 0xca, 0x87,
    0x64, 0x51, 0x7d, 0x30, 0x03, 0xff, 0xf0, 0x00,
    0x1c, 0xb1, 0x04, 0xfb, 0x10, 0x00, 0x2e, 0xff,
    0xf0, 0x02, 0xdf, 0x80, 0x00, 0x7f, 0xd2, 0x00,
    0x2f, 0xbd, 0xf0, 0x6f, 0xf6, 0x32, 0x00, 0x04,
    0xff, 0x40, 0x07, 0x1d, 0xf1, 0xdf, 0x41, 0xee,
    0x10, 0x00, 0x3e, 0x80, 0x00, 0x0d, 0xf0, 0x12,
    0x0c, 0xfd, 0x99, 0x99, 0x82, 0x00, 0x00, 0x0d,
    0xf0, 0x00, 0xcf, 0xff, 0xff, 0xff, 0xf3, 0x00,
    0x00, 0x0d, 0xf0, 0x2d, 0xff, 0x50, 0x00, 0x7f,
    0xb0, 0x00, 0x00, 0x0d, 0xf0, 0xcf, 0x9e, 0xf3,
    0x04, 0xff, 0x20, 0x00, 0x00, 0x0d, 0xf0, 0x15,
    0x03, 0xff, 0x9f, 0xf4, 0x00, 0x00, 0x00, 0x0d,
    0xf0, 0x00, 0x00, 0x6f, 0xff, 0x70, 0x00, 0x00,
    0x00, 0x0d, 0xf0, 0x01, 0x6c, 0xff, 0xef, 0xfb,
    0x50, 0x00, 0x00, 0x0d, 0xf4, 0xdf, 0xff, 0xc4,
    0x04, 0xcf, 0xff, 0xa0, 0x00, 0x0d, 0xf0, 0xdb,
    0x72, 0x00, 0x00, 0x03, 0x8d, 0x30, 0x00, 0x00,
    0x00, 0x00, 0x00, 0x00, 0x00, 0x00, 0x00, 0x00,

    /* U+505C "停" */
    0x00, 0x00, 0x00, 0x00, 0x00, 0x00, 0x10, 0x00,
    0x00, 0x00, 0x00, 0x00, 0x3e, 0x50, 0x00, 0x05,
    0xf8, 0x00, 0x00, 0x00, 0x00, 0x00, 0x9f, 0x86,
    0x66, 0x67, 0xff, 0x76, 0x66, 0x61, 0x00, 0x01,
    0xfe, 0x9f, 0xff, 0xff, 0xff, 0xff, 0xff, 0xf4,
    0x00, 0x08, 0xf7, 0x12, 0x22, 0x22, 0x22, 0x22,
    0x22, 0x20, 0x00, 0x1f, 0xe0, 0x01, 0xee, 0xee,
    0xee, 0xee, 0xea, 0x00, 0x00, 0xaf, 0xb0, 0x01,
    0xfd, 0x66, 0x66, 0x67, 0xfc, 0x00, 0x05, 0xff,
    0xb0, 0x01, 0xfc, 0x00, 0x00, 0x01, 0xfc, 0x00,
    0x2f, 0xff, 0xb0, 0x01, 0xff, 0xff, 0xff, 0xff,
    0xfc, 0x00, 0x2f, 0xaf, 0xb0, 0x00, 0x55, 0x55,
    0x55, 0x55, 0x54, 0x00, 0x06, 0x1f, 0xb0, 0x89,
    0x99, 0x99, 0x99, 0x99, 0x99, 0x93, 0x00, 0x0f,
    0xb0, 0xef, 0xff, 0xff, 0xff, 0xff, 0xff, 0xf5,
    0x00, 0x0f, 0xb0, 0xeb, 0x00, 0x00, 0x00, 0x00,
    0x05, 0xf5, 0x00, 0x0f, 0xb0, 0xc9, 0x8b, 0xbb,
    0xbb, 0xbb, 0xb8, 0xd4, 0x00, 0x0f, 0xb0, 0x00,
    0xad, 0xdd, 0xff, 0xdd, 0xd4, 0x00, 0x00, 0x0f,
    0xb0, 0x00, 0x00, 0x01, 0xfd, 0x00, 0x00, 0x00,
    0x00, 0x0f, 0xb0, 0x00, 0x00, 0x01, 0xfd, 0x00,
    0x00, 0x00, 0x00, 0x0f, 0xb0, 0x00, 0x00, 0x01,
    0xfd, 0x00, 0x00, 0x00, 0x00, 0x0f, 0xb0, 0x00,
    0x08, 0x9a, 0xfc, 0x00, 0x00, 0x00, 0x00, 0x0f,
    0xb0, 0x00, 0x09, 0xff, 0xe5, 0x00, 0x00, 0x00,
    0x00, 0x01, 0x00, 0x00, 0x00, 0x00, 0x00, 0x00,
    0x00, 0x00,

    /* U+5065 "健" */
    0x00, 0x00, 0xc7, 0x00, 0x00, 0x00, 0x08, 0xd0,
    0x00, 0x00, 0x00, 0x03, 0xfb, 0x99, 0x9a, 0x26,
    0x6c, 0xf6, 0x66, 0x10, 0x00, 0x09, 0xf6, 0xff,
    0xff, 0x4f, 0xff, 0xff, 0xff, 0x30, 0x00, 0x0e,
    0xe0, 0x01, 0xed, 0x00, 0x0a, 0xf0, 0x4f, 0x30,
    0x00, 0x6f, 0xa0, 0x06, 0xf5, 0x67, 0x7c, 0xf7,
    0x9f, 0x94, 0x00, 0xdf, 0x90, 0x0d, 0xd0, 0xdf,
    0xff, 0xff, 0xff, 0xf8, 0x07, 0xff, 0x90, 0x6f,
    0x50, 0x00, 0x0a, 0xf0, 0x4f, 0x30, 0x1f, 0xff,
    0x93, 0xff, 0xcb, 0x3f, 0xff, 0xff, 0xff, 0x30,
    0x0d, 0xaf, 0x96, 0xdc, 0xdf, 0x46, 0x6c, 0xf6,
    0x66, 0x10, 0x04, 0x2f, 0x90, 0x00, 0x7f, 0x23,
    0x3b, 0xf3, 0x33, 0x10, 0x00, 0x1f, 0x91, 0x50,
    0x9f, 0x3f, 0xff, 0xff, 0xff, 0x60, 0x00, 0x1f,
    0x97, 0xf0, 0xcc, 0x03, 0x3b, 0xf3, 0x33, 0x10,
    0x00, 0x1f, 0x92, 0xf6, 0xf9, 0x57, 0x7c, 0xf7,
    0x77, 0x70, 0x00, 0x1f, 0x90, 0xcf, 0xf4, 0xbf,
    0xff, 0xff, 0xff, 0xf0, 0x00, 0x1f, 0x90, 0x5f,
    0xe0, 0x00, 0x0a, 0xf0, 0x00, 0x00, 0x00, 0x1f,
    0x90, 0x2f, 0xf5, 0x00, 0x0a, 0xf0, 0x00, 0x00,
    0x00, 0x1f, 0x90, 0xcf, 0xdf, 0xa3, 0x02, 0x30,
    0x00, 0x00, 0x00, 0x1f, 0x9a, 0xf5, 0x1a, 0xff,
    0xeb, 0xa9, 0x99, 0xa4, 0x00, 0x1f, 0xab, 0x70,
    0x00, 0x28, 0xce, 0xff, 0xff, 0xf1, 0x00, 0x00,
    0x00, 0x00, 0x00, 0x00, 0x00, 0x00, 0x00, 0x00,

    /* U+5148 "先" */
    0x00, 0x00, 0x25, 0x10, 0x0d, 0xe0, 0x00, 0x00,
    0x00, 0x00, 0x00, 0x00, 0x9f, 0x60, 0x0f, 0xf0,
    0x00, 0x00, 0x00, 0x00, 0x00, 0x00, 0xef, 0x10,
    0x0f, 0xf0, 0x00, 0x00, 0x00, 0x00, 0x00, 0x04,
    0xff, 0xff, 0xff, 0xff, 0xff, 0xff, 0xf5, 0x00,
    0x00, 0x0a, 0xfe, 0xdd, 0xdf, 0xfd, 0xdd, 0xdd,
    0xd5, 0x00, 0x00, 0x3f, 0xe0, 0x00, 0x0f, 0xf0,
    0x00, 0x00, 0x00, 0x00, 0x00, 0xcf, 0x60, 0x00,
    0x0f, 0xf0, 0x00, 0x00, 0x00, 0x00, 0x00, 0x39,
    0x00, 0x00, 0x0f, 0xf0, 0x00, 0x00, 0x00, 0x00,
    0x05, 0x66, 0x66, 0x66, 0x6f, 0xf6, 0x66, 0x66,
    0x66, 0x50, 0x0d, 0xff, 0xff, 0xff, 0xff, 0xff,
    0xff, 0xff, 0xff, 0xe0, 0x06, 0x77, 0x77, 0xef,
    0x87, 0x7b, 0xfb, 0x77, 0x77, 0x60, 0x00, 0x00,
    0x00, 0xff, 0x00, 0x06, 0xf7, 0x00, 0x00, 0x00,
    0x00, 0x00, 0x02, 0xfd, 0x00, 0x06, 0xf7, 0x00,
    0x00, 0x00, 0x00, 0x00, 0x07, 0xf9, 0x00, 0x06,
    0xf7, 0x00, 0x00, 0x00, 0x00, 0x00, 0x0d, 0xf4,
    0x00, 0x06, 0xf7, 0x00, 0x07, 0x50, 0x00, 0x00,
    0x8f, 0xd0, 0x00, 0x06, 0xf7, 0x00, 0x0a, 0xf0,
    0x00, 0x09, 0xff, 0x30, 0x00, 0x06, 0xf8, 0x00,
    0x0d, 0xf0, 0x07, 0xef, 0xf5, 0x00, 0x00, 0x04,
    0xff, 0xcc, 0xdf, 0xb0, 0x08, 0xfb, 0x20, 0x00,
    0x00, 0x00, 0xbf, 0xff, 0xfd, 0x30, 0x00, 0x30,
    0x00, 0x00, 0x00, 0x00, 0x00, 0x00, 0x00, 0x00,

    /* U+516B "八" */
    0x00, 0x00, 0x00, 0x00, 0x00, 0x01, 0x63, 0x00,
    0x00, 0x00, 0x00, 0x00, 0x02, 0xec, 0x00, 0x04,
    0xf9, 0x00, 0x00, 0x00, 0x00, 0x00, 0x04, 0xfc,
    0x00, 0x03, 0xfa, 0x00, 0x00, 0x00, 0x00, 0x00,
    0x05, 0xfb, 0x00, 0x01, 0xfc, 0x00, 0x00, 0x00,
    0x00, 0x00, 0x07, 0xf8, 0x00, 0x00, 0xfe, 0x00,
    0x00, 0x00, 0x00, 0x00, 0x09, 0xf6, 0x00, 0x00,
    0xdf, 0x10, 0x00, 0x00, 0x00, 0x00, 0x0c, 0xf3,
    0x00, 0x00, 0xaf, 0x40, 0x00, 0x00, 0x00, 0x00,
    0x0f, 0xf0, 0x00, 0x00, 0x6f, 0x80, 0x00, 0x00,
    0x00, 0x00, 0x3f, 0xd0, 0x00, 0x00, 0x2f, 0xd0,
    0x00, 0x00, 0x00, 0x00, 0x7f, 0x90, 0x00, 0x00,
    0x0e, 0xf2, 0x00, 0x00, 0x00, 0x00, 0xcf, 0x40,
    0x00, 0x00, 0x08, 0xf8, 0x00, 0x00, 0x00, 0x02,
    0xfe, 0x00, 0x00, 0x00, 0x02, 0xfe, 0x00, 0x00,
    0x00, 0x09, 0xf8, 0x00, 0x00, 0x00, 0x00, 0xcf,
    0x80, 0x00, 0x00, 0x2f, 0xf1, 0x00, 0x00, 0x00,
    0x00, 0x4f, 0xf2, 0x00, 0x00, 0xcf, 0x80, 0x00,
    0x00, 0x00, 0x00, 0x0a, 0xfc, 0x00, 0x0b, 0xfd,
    0x00, 0x00, 0x00, 0x00, 0x00, 0x01, 0xef, 0xb0,
    0x2e, 0xe2, 0x00, 0x00, 0x00, 0x00, 0x00, 0x00,
    0x3f, 0xd2, 0x03, 0x20, 0x00, 0x00, 0x00, 0x00,
    0x00, 0x00, 0x03, 0x10,

    /* U+516D "六" */
    0x00, 0x00, 0x00, 0x00, 0x00, 0x00, 0x00, 0x00,
    0x00, 0x00, 0x00, 0x00, 0x00, 0x00, 0x8e, 0x30,
    0x00, 0x00, 0x00, 0x00, 0x00, 0x00, 0x00, 0x00,
    0xaf, 0xb0, 0x00, 0x00, 0x00, 0x00, 0x00, 0x00,
    0x00, 0x00, 0x2f, 0xf3, 0x00, 0x00, 0x00, 0x00,
    0x00, 0x00, 0x00, 0x00, 0x0b, 0xfa, 0x00, 0x00,
    0x00, 0x00, 0x00, 0x00, 0x00, 0x00, 0x04, 0x92,
    0x00, 0x00, 0x00, 0x00, 0x0d, 0xee, 0xee, 0xee,
    0xee, 0xee, 0xee, 0xee, 0xee, 0xe0, 0x0f, 0xff,
    0xff, 0xff, 0xff, 0xff, 0xff, 0xff, 0xff, 0xf0,
    0x00, 0x00, 0x00, 0x00, 0x00, 0x00, 0x00, 0x00,
    0x00, 0x00, 0x00, 0x00, 0x00, 0x00, 0x00, 0x00,
    0x00, 0x00, 0x00, 0x00, 0x00, 0x00, 0x03, 0xb6,
    0x00, 0x00, 0x8d, 0x10, 0x00, 0x00, 0x00, 0x00,
    0x0b, 0xfc, 0x00, 0x00, 0xbf, 0xb0, 0x00, 0x00,
    0x00, 0x00, 0x3f, 0xf3, 0x00, 0x00, 0x1f, 0xf6,
    0x00, 0x00, 0x00, 0x00, 0xdf, 0xa0, 0x00, 0x00,
    0x06, 0xff, 0x20, 0x00, 0x00, 0x07, 0xff, 0x10,
    0x00, 0x00, 0x00, 0xcf, 0xb0, 0x00, 0x00, 0x2f,
    0xf7, 0x00, 0x00, 0x00, 0x00, 0x2f, 0xf6, 0x00,
    0x00, 0xdf, 0xc0, 0x00, 0x00, 0x00, 0x00, 0x08,
    0xff, 0x10, 0x0b, 0xff, 0x20, 0x00, 0x00, 0x00,
    0x00, 0x00, 0xdf, 0xa0, 0x07, 0xf5, 0x00, 0x00,
    0x00, 0x00, 0x00, 0x00, 0x5e, 0x60, 0x00, 0x10,
    0x00, 0x00, 0x00, 0x00, 0x00, 0x00, 0x00, 0x00,

    /* U+5173 "关" */
    0x00, 0x00, 0x18, 0x20, 0x00, 0x00, 0x01, 0xb5,
    0x00, 0x00, 0x00, 0x00, 0x5f, 0xd0, 0x00, 0x00,
    0x08, 0xfb, 0x00, 0x00, 0x00, 0x00, 0x0b, 0xf7,
    0x00, 0x00, 0x1f, 0xf2, 0x00, 0x00, 0x00, 0x00,
    0x02, 0xfc, 0x00, 0x00, 0x9f, 0x80, 0x00, 0x00,
    0x00, 0x5b, 0xbb, 0xfb, 0xbb, 0xbb, 0xff, 0xcb,
    0xb8, 0x00, 0x00, 0x7f, 0xff, 0xff, 0xff, 0xff,
    0xff, 0xff, 0xfb, 0x00, 0x00, 0x12, 0x22, 0x22,
    0x2f, 0xf5, 0x22, 0x22, 0x21, 0x00, 0x00, 0x00,
    0x00, 0x00, 0x0f, 0xf3, 0x00, 0x00, 0x00, 0x00,
    0x00, 0x00, 0x00, 0x00, 0x0f, 0xf3, 0x00, 0x00,
    0x00, 0x00, 0x09, 0xdd, 0xdd, 0xdd, 0xdf, 0xfd,
    0xdd, 0xdd, 0xdd, 0xa0, 0x0b, 0xff, 0xff, 0xff,
    0xff, 0xff, 0xff, 0xff, 0xff, 0xc0, 0x00, 0x00,
    0x00, 0x00, 0x9f, 0xfe, 0x10, 0x00, 0x00, 0x00,
    0x00, 0x00, 0x00, 0x02, 0xff, 0xef, 0xa0, 0x00,
    0x00, 0x00, 0x00, 0x00, 0x00, 0x1d, 0xfd, 0x1e,
    0xf8, 0x00, 0x00, 0x00, 0x00, 0x00, 0x04, 0xef,
    0xe2, 0x03, 0xff, 0xb1, 0x00, 0x00, 0x00, 0x03,
    0xaf, 0xfd, 0x20, 0x00, 0x4f, 0xfe, 0x71, 0x00,
    0x06, 0xcf, 0xff, 0x90, 0x00, 0x00, 0x02, 0xcf,
    0xff, 0xb1, 0x08, 0xff, 0x92, 0x00, 0x00, 0x00,
    0x00, 0x06, 0xdf, 0x90, 0x00, 0x51, 0x00, 0x00,
    0x00, 0x00, 0x00, 0x00, 0x03, 0x00,

    /* U+5186 "円" */
    0x0c, 0xcc, 0xcc, 0xcc, 0xcc, 0xcc, 0xcc, 0xcc,
    0xca, 0x1f, 0xff, 0xff, 0xff, 0xff, 0xff, 0xff,
    0xff, 0xfd, 0x1f, 0xd1, 0x11, 0x11, 0xdf, 0x21,
    0x11, 0x12, 0xfd, 0x1f, 0xd0, 0x00, 0x00, 0xcf,
    0x10, 0x00, 0x00, 0xfd, 0x1f, 0xd0, 0x00, 0x00,
    0xcf, 0x10, 0x00, 0x00, 0xfd, 0x1f, 0xd0, 0x00,
    0x00, 0xcf, 0x10, 0x00, 0x00, 0xfd, 0x1f, 0xd0,
    0x00, 0x00, 0xcf, 0x10, 0x00, 0x00, 0xfd, 0x1f,
    0xd0, 0x00, 0x00, 0xcf, 0x10, 0x00, 0x00, 0xfd,
    0x1f, 0xff, 0xff, 0xff, 0xff, 0xff, 0xff, 0xff,
    0xfd, 0x1f, 0xfe, 0xee, 0xee, 0xee, 0xee, 0xee,
    0xee, 0xfd, 0x1f, 0xd0, 0x00, 0x00, 0x00, 0x00,
    0x00, 0x00, 0xfd, 0x1f, 0xd0, 0x00, 0x00, 0x00,
    0x00, 0x00, 0x00, 0xfd, 0x1f, 0xd0, 0x00, 0x00,
    0x00, 0x00, 0x00, 0x00, 0xfd, 0x1f, 0xd0, 0x00,
    0x00, 0x00, 0x00, 0x00, 0x00, 0xfd, 0x1f, 0xd0,
    0x00, 0x00, 0x00, 0x00, 0x00, 0x00, 0xfd, 0x1f,
    0xd0, 0x00, 0x00, 0x00, 0x00, 0x00, 0x01, 0xfd,
    0x1f, 0xd0, 0x00, 0x00, 0x00, 0x00, 0x6e, 0xee,
    0xfc, 0x1f, 0xd0, 0x00, 0x00, 0x00, 0x00, 0x1f,
    0xfe, 0xb3,

    /* U+51FA "出" */
    0x00, 0x00, 0x00, 0x01, 0xdd, 0x00, 0x00, 0x00,
    0x00, 0x02, 0x10, 0x00, 0x1f, 0xf0, 0x00, 0x01,
    0x20, 0x02, 0xfe, 0x00, 0x01, 0xff, 0x00, 0x00,
    0xef, 0x20, 0x2f, 0xe0, 0x00, 0x1f, 0xf0, 0x00,
    0x0e, 0xf2, 0x02, 0xfe, 0x00, 0x01, 0xff, 0x00,
    0x00, 0xef, 0x20, 0x2f, 0xe0, 0x00, 0x1f, 0xf0,
    0x00, 0x0e, 0xf2, 0x02, 0xfe, 0x00, 0x01, 0xff,
    0x00, 0x00, 0xef, 0x20, 0x2f, 0xfe, 0xee, 0xef,
    0xfe, 0xee, 0xef, 0xf2, 0x01, 0xff, 0xff, 0xff,
    0xff, 0xff, 0xff, 0xff, 0x20, 0x00, 0x00, 0x00,
    0x1f, 0xf0, 0x00, 0x00, 0x00, 0x0a, 0xa0, 0x00,
    0x01, 0xff, 0x00, 0x00, 0x1a, 0xa1, 0xff, 0x00,
    0x00, 0x1f, 0xf0, 0x00, 0x02, 0xff, 0x1f, 0xf0,
    0x00, 0x01, 0xff, 0x00, 0x00, 0x2f, 0xf1, 0xff,
    0x00, 0x00, 0x1f, 0xf0, 0x00, 0x02, 0xff, 0x1f,
    0xf0, 0x00, 0x01, 0xff, 0x00, 0x00, 0x2f, 0xf1,
    0xff, 0x22, 0x22, 0x3f, 0xf2, 0x22, 0x24, 0xff,
    0x1f, 0xff, 0xff, 0xff, 0xff, 0xff, 0xff, 0xff,
    0xf0, 0xcc, 0xcc, 0xcc, 0xcc, 0xcc, 0xcc, 0xcc,
    0xff, 0x00, 0x00, 0x00, 0x00, 0x00, 0x00, 0x00,
    0x2f, 0xf0,

    /* U+5225 "別" */
    0x00, 0x00, 0x00, 0x00, 0x00, 0x00, 0x00, 0x00,
    0x04, 0x30, 0x0b, 0xbb, 0xbb, 0xbb, 0xb0, 0x00,
    0x00, 0x02, 0xfb, 0x01, 0xff, 0xff, 0xff, 0xff,
    0x00, 0x32, 0x00, 0x2f, 0xb0, 0x1f, 0xa0, 0x00,
    0x0d, 0xf0, 0x1f, 0xc0, 0x02, 0xfb, 0x01, 0xfa,
    0x00, 0x00, 0xdf, 0x01, 0xfc, 0x00, 0x2f, 0xb0,
    0x1f, 0xa0, 0x00, 0x0d, 0xf0, 0x1f, 0xc0, 0x02,
    0xfb, 0x01, 0xff, 0xee, 0xee, 0xff, 0x01, 0xfc,
    0x00, 0x2f, 0xb0, 0x1d, 0xdf, 0xfd, 0xdd, 0xd0,
    0x1f, 0xc0, 0x02, 0xfb, 0x00, 0x00, 0xfd, 0x00,
    0x00, 0x01, 0xfc, 0x00, 0x2f, 0xb0, 0x00, 0x1f,
    0xc2, 0x23, 0x30, 0x1f, 0xc0, 0x02, 0xfb, 0x00,
    0x03, 0xff, 0xff, 0xff, 0x21, 0xfc, 0x00, 0x2f,
    0xb0, 0x00, 0x5f, 0xc8, 0x8d, 0xf1, 0x1f, 0xc0,
    0x02, 0xfb, 0x00, 0x08, 0xf5, 0x00, 0xbf, 0x01,
    0xfc, 0x00, 0x2f, 0xb0, 0x00, 0xcf, 0x10, 0x0c,
    0xf0, 0x1f, 0xb0, 0x02, 0xfb, 0x00, 0x1f, 0xd0,
    0x00, 0xde, 0x00, 0x00, 0x00, 0x2f, 0xb0, 0x09,
    0xf7, 0x00, 0x0e, 0xd0, 0x00, 0x00, 0x02, 0xfb,
    0x03, 0xfe, 0x00, 0x01, 0xfb, 0x00, 0x00, 0x00,
    0x2f, 0xb1, 0xef, 0x50, 0xaa, 0xdf, 0x70, 0x00,
    0x9e, 0xef, 0xf9, 0x06, 0x80, 0x0a, 0xee, 0xa1,
    0x00, 0x04, 0xff, 0xeb, 0x20, 0x00, 0x00, 0x00,
    0x00, 0x00, 0x00, 0x00, 0x00, 0x00,

    /* U+52A8 "动" */
    0x00, 0x00, 0x00, 0x00, 0x00, 0x01, 0x86, 0x00,
    0x00, 0x01, 0x11, 0x11, 0x11, 0x00, 0x03, 0xfa,
    0x00, 0x00, 0x4f, 0xff, 0xff, 0xff, 0x80, 0x03,
    0xfa, 0x00, 0x00, 0x2a, 0xaa, 0xaa, 0xaa, 0x50,
    0x03, 0xfa, 0x00, 0x00, 0x00, 0x00, 0x00, 0x00,
    0x03, 0x47, 0xfb, 0x44, 0x54, 0x00, 0x00, 0x00,
    0x00, 0x0d, 0xff, 0xff, 0xff, 0xff, 0xab, 0xbb,
    0xbb, 0xbb, 0x94, 0x58, 0xfb, 0x55, 0xfe, 0xff,
    0xff, 0xff, 0xff, 0xd0, 0x05, 0xf7, 0x00, 0xfe,
    0x00, 0x7f, 0x80, 0x00, 0x00, 0x06, 0xf6, 0x00,
    0xfd, 0x00, 0xaf, 0x30, 0x11, 0x00, 0x08, 0xf5,
    0x00, 0xfd, 0x00, 0xfe, 0x00, 0xfb, 0x00, 0x0a,
    0xf3, 0x01, 0xfc, 0x04, 0xf9, 0x00, 0xaf, 0x10,
    0x0d, 0xf0, 0x01, 0xfb, 0x09, 0xf3, 0x00, 0x5f,
    0x70, 0x1f, 0xd0, 0x02, 0xfa, 0x1f, 0xd0, 0x37,
    0xbf, 0xd0, 0x5f, 0x90, 0x03, 0xf9, 0x9f, 0xef,
    0xff, 0xff, 0xf2, 0xbf, 0x50, 0x05, 0xf8, 0x7f,
    0xfe, 0xa6, 0x27, 0xe7, 0xfe, 0x00, 0x07, 0xf7,
    0x38, 0x30, 0x00, 0x00, 0x0d, 0xf8, 0x00, 0x0a,
    0xf4, 0x00, 0x00, 0x00, 0x00, 0x9f, 0xe0, 0xad,
    0xdf, 0xf1, 0x00, 0x00, 0x00, 0x00, 0x3e, 0x30,
    0x7f, 0xfe, 0x50, 0x00, 0x00, 0x00, 0x00, 0x00,
    0x00, 0x00, 0x00, 0x00,

    /* U+52D5 "動" */
    0x00, 0x00, 0x00, 0x24, 0x67, 0x00, 0x08, 0x60,
    0x00, 0x00, 0x9b, 0xde, 0xff, 0xff, 0xf4, 0x00,
    0xfc, 0x00, 0x00, 0x07, 0xaa, 0x9f, 0xd4, 0x20,
    0x00, 0x1f, 0xb0, 0x00, 0x01, 0x77, 0x77, 0xfd,
    0x77, 0x76, 0x01, 0xfb, 0x00, 0x00, 0x2f, 0xff,
    0xff, 0xff, 0xff, 0xd4, 0x5f, 0xc4, 0x44, 0x40,
    0x00, 0x00, 0xfc, 0x00, 0x03, 0xff, 0xff, 0xff,
    0xff, 0x09, 0xff, 0xff, 0xff, 0xff, 0x97, 0x9f,
    0xd7, 0x7f, 0xe0, 0x9f, 0x33, 0xfc, 0x34, 0xf8,
    0x03, 0xf9, 0x00, 0xee, 0x09, 0xf5, 0x5f, 0xd5,
    0x6f, 0x80, 0x4f, 0x80, 0x0e, 0xe0, 0x9f, 0xdd,
    0xff, 0xdd, 0xf8, 0x05, 0xf7, 0x00, 0xfd, 0x09,
    0xe0, 0x0f, 0xc0, 0x1f, 0x80, 0x7f, 0x50, 0x0f,
    0xc0, 0x9f, 0xff, 0xff, 0xff, 0xf8, 0x0a, 0xf2,
    0x00, 0xfc, 0x01, 0x11, 0x1f, 0xc1, 0x11, 0x00,
    0xef, 0x00, 0x1f, 0xb0, 0xaf, 0xff, 0xff, 0xff,
    0xf8, 0x3f, 0xb0, 0x02, 0xfa, 0x04, 0x77, 0x7f,
    0xd7, 0x77, 0x4a, 0xf5, 0x00, 0x3f, 0x90, 0x00,
    0x00, 0xfc, 0x35, 0x78, 0xfe, 0x00, 0x05, 0xf8,
    0x19, 0xbd, 0xef, 0xff, 0xff, 0xff, 0x60, 0x00,
    0x8f, 0x61, 0xff, 0xff, 0xec, 0xaa, 0xff, 0xb0,
    0x5c, 0xcf, 0xf2, 0x05, 0x31, 0x00, 0x00, 0x08,
    0xc0, 0x02, 0xff, 0xe7, 0x00, 0x00, 0x00, 0x00,
    0x00, 0x00, 0x00, 0x00, 0x00, 0x00,

    /* U+5341 "十" */
    0x00, 0x00, 0x00, 0x00, 0x11, 0x00, 0x00, 0x00,
    0x00, 0x00, 0x00, 0x00, 0x00, 0x0f, 0xf1, 0x00,
    0x00, 0x00, 0x00, 0x00, 0x00, 0x00, 0x00, 0xff,
    0x10, 0x00, 0x00, 0x00, 0x00, 0x00, 0x00, 0x00,
    0x0f, 0xf1, 0x00, 0x00, 0x00, 0x00, 0x00, 0x00,
    0x00, 0x00, 0xff, 0x10, 0x00, 0x00, 0x00, 0x00,
    0x00, 0x00, 0x00, 0x0f, 0xf1, 0x00, 0x00, 0x00,
    0x00, 0x00, 0x00, 0x00, 0x00, 0xff, 0x10, 0x00,
    0x00, 0x00, 0x00, 0x00, 0x00, 0x00, 0x0f, 0xf1,
    0x00, 0x00, 0x00, 0x00, 0xbb, 0xbb, 0xbb, 0xbb,
    0xff, 0xcb, 0xbb, 0xbb, 0xbb, 0x1f, 0xff, 0xff,
    0xff, 0xff, 0xff, 0xff, 0xff, 0xff, 0xf2, 0x33,
    0x33, 0x33, 0x33, 0xff, 0x43, 0x33, 0x33, 0x33,
    0x00, 0x00, 0x00, 0x00, 0x0f, 0xf1, 0x00, 0x00,
    0x00, 0x00, 0x00, 0x00, 0x00, 0x00, 0xff, 0x10,
    0x00, 0x00, 0x00, 0x00, 0x00, 0x00, 0x00, 0x0f,
    0xf1, 0x00, 0x00, 0x00, 0x00, 0x00, 0x00, 0x00,
    0x00, 0xff, 0x10, 0x00, 0x00, 0x00, 0x00, 0x00,
    0x00, 0x00, 0x0f, 0xf1, 0x00, 0x00, 0x00, 0x00,
    0x00, 0x00, 0x00, 0x00, 0xff, 0x10, 0x00, 0x00,
    0x00, 0x00, 0x00, 0x00, 0x00, 0x0f, 0xf1, 0x00,
    0x00, 0x00, 0x00, 0x00, 0x00, 0x00, 0x00, 0xff,
    0x10, 0x00, 0x00, 0x00, 0x00, 0x00, 0x00, 0x00,
    0x0f, 0xf1, 0x00, 0x00, 0x00, 0x00,

    /* U+5377 "卷" */
    0x00, 0x00, 0x05, 0x00, 0x08, 0xd4, 0x00, 0x31,
    0x00, 0x00, 0x00, 0x00, 0xaf, 0x60, 0x0c, 0xf3,
    0x01, 0xee, 0x10, 0x00, 0x00, 0x00, 0x1e, 0xf1,
    0x1f, 0xe0, 0x09, 0xf5, 0x00, 0x00, 0x00, 0x5a,
    0xad, 0xea, 0xcf, 0xea, 0xaf, 0xfa, 0xa6, 0x00,
    0x00, 0x8f, 0xff, 0xff, 0xff, 0xff, 0xff, 0xff,
    0xf9, 0x00, 0x00, 0x00, 0x00, 0x05, 0xfc, 0x00,
    0x00, 0x00, 0x00, 0x00, 0x00, 0x00, 0x00, 0x1e,
    0xf4, 0x00, 0x00, 0x00, 0x00, 0x00, 0x0c, 0xff,
    0xff, 0xff, 0xff, 0xff, 0xff, 0xff, 0xff, 0xe0,
    0x08, 0xaa, 0xaf, 0xfd, 0xaa, 0xaa, 0xef, 0xda,
    0xaa, 0x90, 0x00, 0x01, 0xcf, 0xd1, 0x00, 0x00,
    0x3f, 0xf6, 0x00, 0x00, 0x00, 0x6e, 0xff, 0xca,
    0xaa, 0xaa, 0xbd, 0xff, 0xc3, 0x00, 0x1d, 0xff,
    0xaf, 0xff, 0xff, 0xff, 0xff, 0x5b, 0xff, 0xd3,
    0x08, 0xc3, 0x1f, 0xc0, 0x00, 0x00, 0xcf, 0x10,
    0x5c, 0xc0, 0x00, 0x00, 0x1f, 0xc0, 0x02, 0x23,
    0xff, 0x00, 0x00, 0x00, 0x00, 0x00, 0x1f, 0xc0,
    0x0a, 0xff, 0xf9, 0x04, 0x30, 0x00, 0x00, 0x00,
    0x1f, 0xc0, 0x02, 0x44, 0x30, 0x0a, 0xf2, 0x00,
    0x00, 0x00, 0x1f, 0xc0, 0x00, 0x00, 0x00, 0x0d,
    0xf0, 0x00, 0x00, 0x00, 0x0e, 0xfc, 0xbb, 0xbb,
    0xbb, 0xcf, 0xb0, 0x00, 0x00, 0x00, 0x04, 0xcf,
    0xff, 0xff, 0xff, 0xfc, 0x20, 0x00,

    /* U+5382 "厂" */
    0x00, 0x0c, 0xdc, 0xcc, 0xcc, 0xcc, 0xcc, 0xcc,
    0xcc, 0xc0, 0x00, 0xff, 0xff, 0xff, 0xff, 0xff,
    0xff, 0xff, 0xff, 0x00, 0x0f, 0xf3, 0x33, 0x33,
    0x33, 0x33, 0x33, 0x33, 0x20, 0x00, 0xff, 0x00,
    0x00, 0x00, 0x00, 0x00, 0x00, 0x00, 0x00, 0x0f,
    0xf0, 0x00, 0x00, 0x00, 0x00, 0x00, 0x00, 0x00,
    0x00, 0xff, 0x00, 0x00, 0x00, 0x00, 0x00, 0x00,
    0x00, 0x00, 0x0f, 0xf0, 0x00, 0x00, 0x00, 0x00,
    0x00, 0x00, 0x00, 0x00, 0xff, 0x00, 0x00, 0x00,
    0x00, 0x00, 0x00, 0x00, 0x00, 0x0f, 0xf0, 0x00,
    0x00, 0x00, 0x00, 0x00, 0x00, 0x00, 0x01, 0xfe,
    0x00, 0x00, 0x00, 0x00, 0x00, 0x00, 0x00, 0x00,
    0x3f, 0xc0, 0x00, 0x00, 0x00, 0x00, 0x00, 0x00,
    0x00, 0x05, 0xfa, 0x00, 0x00, 0x00, 0x00, 0x00,
    0x00, 0x00, 0x00, 0x8f, 0x70, 0x00, 0x00, 0x00,
    0x00, 0x00, 0x00, 0x00, 0x0d, 0xf4, 0x00, 0x00,
    0x00, 0x00, 0x00, 0x00, 0x00, 0x02, 0xff, 0x00,
    0x00, 0x00, 0x00, 0x00, 0x00, 0x00, 0x00, 0x9f,
    0xa0, 0x00, 0x00, 0x00, 0x00, 0x00, 0x00, 0x00,
    0x0a, 0xf3, 0x00, 0x00, 0x00, 0x00, 0x00, 0x00,
    0x00, 0x00, 0x02, 0x00, 0x00, 0x00, 0x00, 0x00,
    0x00, 0x00, 0x00,

    /* U+538B "压" */
    0x00, 0xcf, 0xff, 0xff, 0xff, 0xff, 0xff, 0xff,
    0xff, 0xf0, 0x0c, 0xfd, 0xdd, 0xdd, 0xdd, 0xdd,
    0xdd, 0xdd, 0xdd, 0x00, 0xcf, 0x00, 0x00, 0x00,
    0x00, 0x00, 0x00, 0x00, 0x00, 0x0c, 0xf0, 0x00,
    0x00, 0x0c, 0xf2, 0x00, 0x00, 0x00, 0x00, 0xcf,
    0x00, 0x00, 0x00, 0xcf, 0x20, 0x00, 0x00, 0x00,
    0x0c, 0xf0, 0x00, 0x00, 0x0c, 0xf2, 0x00, 0x00,
    0x00, 0x00, 0xcf, 0x00, 0x00, 0x00, 0xcf, 0x30,
    0x00, 0x00, 0x00, 0x0c, 0xf0, 0xff, 0xff, 0xff,
    0xff, 0xff, 0xff, 0xf0, 0x00, 0xdf, 0x0c, 0xcc,
    0xcc, 0xff, 0xcc, 0xcc, 0xcb, 0x00, 0x0d, 0xe0,
    0x00, 0x00, 0x0c, 0xf2, 0x00, 0x00, 0x00, 0x00,
    0xed, 0x00, 0x00, 0x00, 0xcf, 0x23, 0xe8, 0x00,
    0x00, 0x0f, 0xb0, 0x00, 0x00, 0x0c, 0xf2, 0x0b,
    0xf9, 0x00, 0x02, 0xf9, 0x00, 0x00, 0x00, 0xcf,
    0x20, 0x0b, 0xf6, 0x00, 0x5f, 0x70, 0x00, 0x00,
    0x0c, 0xf2, 0x00, 0x18, 0x00, 0x09, 0xf3, 0x00,
    0x00, 0x00, 0xcf, 0x20, 0x00, 0x00, 0x00, 0xef,
    0x5f, 0xff, 0xff, 0xff, 0xff, 0xff, 0xff, 0xfc,
    0x4f, 0xa4, 0xee, 0xee, 0xee, 0xee, 0xee, 0xee,
    0xee, 0xb0, 0x32, 0x00, 0x00, 0x00, 0x00, 0x00,
    0x00, 0x00, 0x00,

    /* U+53EF "可" */
    0x58, 0x88, 0x88, 0x88, 0x88, 0x88, 0x88, 0x88,
    0x88, 0x2a, 0xff, 0xff, 0xff, 0xff, 0xff, 0xff,
    0xff, 0xff, 0xf4, 0x46, 0x66, 0x66, 0x66, 0x66,
    0x66, 0x67, 0xff, 0x66, 0x10, 0x00, 0x00, 0x00,
    0x00, 0x00, 0x00, 0x1f, 0xe0, 0x00, 0x00, 0x00,
    0x00, 0x00, 0x00, 0x00, 0x01, 0xfe, 0x00, 0x00,
    0x0e, 0xff, 0xff, 0xff, 0xf3, 0x00, 0x1f, 0xe0,
    0x00, 0x00, 0xef, 0xdd, 0xdd, 0xff, 0x30, 0x01,
    0xfe, 0x00, 0x00, 0x0e, 0xe0, 0x00, 0x0a, 0xf3,
    0x00, 0x1f, 0xe0, 0x00, 0x00, 0xee, 0x00, 0x00,
    0xaf, 0x30, 0x01, 0xfe, 0x00, 0x00, 0x0e, 0xe0,
    0x00, 0x0a, 0xf3, 0x00, 0x1f, 0xe0, 0x00, 0x00,
    0xee, 0x00, 0x00, 0xbf, 0x30, 0x01, 0xfe, 0x00,
    0x00, 0x0e, 0xff, 0xff, 0xff, 0xf3, 0x00, 0x1f,
    0xe0, 0x00, 0x00, 0xef, 0xcc, 0xcc, 0xcc, 0x20,
    0x01, 0xfe, 0x00, 0x00, 0x0e, 0xe0, 0x00, 0x00,
    0x00, 0x00, 0x1f, 0xe0, 0x00, 0x00, 0x44, 0x00,
    0x00, 0x00, 0x00, 0x01, 0xfe, 0x00, 0x00, 0x00,
    0x00, 0x00, 0x00, 0x00, 0x00, 0x1f, 0xe0, 0x00,
    0x00, 0x00, 0x00, 0x00, 0x08, 0xff, 0xff, 0xfc,
    0x00, 0x00, 0x00, 0x00, 0x00, 0x00, 0x2f, 0xff,
    0xeb, 0x20, 0x00, 0x00, 0x00, 0x00, 0x00, 0x00,
    0x00, 0x00, 0x00, 0x00, 0x00,

    /* U+542F "启" */
    0x00, 0x00, 0x00, 0x00, 0x2a, 0x90, 0x00, 0x00,
    0x00, 0x00, 0x00, 0x00, 0x00, 0x01, 0xff, 0x30,
    0x00, 0x00, 0x00, 0x00, 0x00, 0x10, 0x00, 0x0a,
    0xf9, 0x00, 0x00, 0x00, 0x00, 0x00, 0xef, 0xff,
    0xff, 0xff, 0xff, 0xff, 0xff, 0xd0, 0x00, 0x0e,
    0xfb, 0xbb, 0xbb, 0xbb, 0xbb, 0xbb, 0xfd, 0x00,
    0x00, 0xef, 0x00, 0x00, 0x00, 0x00, 0x00, 0x1f,
    0xd0, 0x00, 0x0e, 0xf0, 0x00, 0x00, 0x00, 0x00,
    0x01, 0xfd, 0x00, 0x00, 0xef, 0xff, 0xff, 0xff,
    0xff, 0xff, 0xff, 0xd0, 0x00, 0x0e, 0xfd, 0xdd,
    0xdd, 0xdd, 0xdd, 0xdd, 0xdb, 0x00, 0x00, 0xff,
    0x00, 0x00, 0x00, 0x00, 0x00, 0x00, 0x00, 0x00,
    0x0f, 0xe0, 0x11, 0x11, 0x11, 0x11, 0x11, 0x11,
    0x00, 0x01, 0xfd, 0x8f, 0xff, 0xff, 0xff, 0xff,
    0xff, 0xf3, 0x00, 0x3f, 0xb8, 0xfc, 0xaa, 0xaa,
    0xaa, 0xaa, 0xef, 0x30, 0x06, 0xf9, 0x8f, 0x50,
    0x00, 0x00, 0x00, 0x0b, 0xf3, 0x00, 0xbf, 0x58,
    0xf5, 0x00, 0x00, 0x00, 0x00, 0xbf, 0x30, 0x1f,
    0xf1, 0x8f, 0x61, 0x11, 0x11, 0x11, 0x1b, 0xf3,
    0x08, 0xfb, 0x08, 0xff, 0xff, 0xff, 0xff, 0xff,
    0xff, 0x31, 0xff, 0x50, 0x8f, 0xca, 0xaa, 0xaa,
    0xaa, 0xae, 0xf3, 0x05, 0xb0, 0x08, 0xf5, 0x00,
    0x00, 0x00, 0x00, 0xbf, 0x30, 0x00, 0x00, 0x00,
    0x00, 0x00, 0x00, 0x00, 0x00, 0x00,

    /* U+5468 "周" */
    0x00, 0x1f, 0xff, 0xff, 0xff, 0xff, 0xff, 0xff,
    0xfd, 0x00, 0x2f, 0xfd, 0xdd, 0xdd, 0xdd, 0xdd,
    0xdd, 0xfe, 0x00, 0x2f, 0xb0, 0x00, 0x09, 0xc1,
    0x00, 0x00, 0xfe, 0x00, 0x2f, 0xb0, 0x44, 0x4c,
    0xf5, 0x44, 0x20, 0xfe, 0x00, 0x2f, 0xb0, 0xff,
    0xff, 0xff, 0xff, 0x90, 0xfe, 0x00, 0x2f, 0xb0,
    0x33, 0x3c, 0xf4, 0x33, 0x20, 0xfe, 0x00, 0x2f,
    0xb0, 0x00, 0x0b, 0xf1, 0x00, 0x00, 0xfe, 0x00,
    0x2f, 0xb8, 0xff, 0xff, 0xff, 0xff, 0xf0, 0xfe,
    0x00, 0x2f, 0xb4, 0x88, 0x88, 0x88, 0x88, 0x80,
    0xfe, 0x00, 0x3f, 0xa0, 0x13, 0x22, 0x22, 0x22,
    0x00, 0xfe, 0x00, 0x4f, 0x90, 0xbf, 0xff, 0xff,
    0xff, 0x10, 0xfe, 0x00, 0x7f, 0x70, 0xbf, 0x55,
    0x55, 0xcf, 0x10, 0xfe, 0x00, 0x9f, 0x40, 0xbf,
    0x00, 0x00, 0xbf, 0x10, 0xfe, 0x00, 0xdf, 0x10,
    0xbf, 0x44, 0x44, 0xcf, 0x10, 0xfe, 0x03, 0xfd,
    0x00, 0xbf, 0xff, 0xff, 0xff, 0x10, 0xfe, 0x0a,
    0xf8, 0x00, 0xbf, 0x33, 0x33, 0x33, 0x00, 0xfe,
    0x2f, 0xf2, 0x00, 0x34, 0x00, 0x00, 0x1b, 0xbb,
    0xfd, 0x06, 0x90, 0x00, 0x00, 0x00, 0x00, 0x0d,
    0xff, 0xd4, 0x00, 0x00, 0x00, 0x00, 0x00, 0x00,
    0x00, 0x00, 0x00,

    /* U+5524 "唤" */
    0x00, 0x00, 0x00, 0x00, 0x07, 0xb3, 0x00, 0x00,
    0x00, 0x00, 0x00, 0x00, 0x00, 0x01, 0xef, 0x32,
    0x23, 0x00, 0x00, 0x7b, 0xbb, 0xb6, 0x00, 0xaf,
    0xff, 0xff, 0xfd, 0x10, 0x0a, 0xff, 0xff, 0x90,
    0x5f, 0xc7, 0x77, 0xcf, 0xa0, 0x00, 0xaf, 0x01,
    0xf9, 0x4f, 0xe2, 0x00, 0x2f, 0xd1, 0x00, 0x0a,
    0xf0, 0x1f, 0x9d, 0xfe, 0xcc, 0xcf, 0xfe, 0xc8,
    0x00, 0xaf, 0x01, 0xf9, 0x2e, 0xfa, 0xaf, 0xfa,
    0xbf, 0xb0, 0x0a, 0xf0, 0x1f, 0x90, 0xce, 0x00,
    0xed, 0x01, 0xfb, 0x00, 0xaf, 0x01, 0xf9, 0x0c,
    0xe0, 0x0e, 0xd0, 0x1f, 0xb0, 0x0a, 0xf0, 0x1f,
    0x90, 0xce, 0x00, 0xfc, 0x01, 0xfb, 0x00, 0xaf,
    0x01, 0xf9, 0x0c, 0xe0, 0x0f, 0xb0, 0x1f, 0xb0,
    0x0a, 0xf0, 0x1f, 0x9e, 0xff, 0xee, 0xff, 0xee,
    0xff, 0xc0, 0xaf, 0xbb, 0xf9, 0xcc, 0xcc, 0xff,
    0xfc, 0xcc, 0xcb, 0x0a, 0xff, 0xff, 0x90, 0x00,
    0x2f, 0xff, 0x60, 0x00, 0x00, 0xaf, 0x00, 0x00,
    0x00, 0x0c, 0xf4, 0xdf, 0x40, 0x00, 0x09, 0xd0,
    0x00, 0x00, 0x1c, 0xf7, 0x02, 0xef, 0x60, 0x00,
    0x00, 0x00, 0x00, 0x6e, 0xf7, 0x00, 0x03, 0xef,
    0xb3, 0x00, 0x00, 0x00, 0xaf, 0xd4, 0x00, 0x00,
    0x01, 0xbf, 0xe1, 0x00, 0x00, 0x01, 0x70, 0x00,
    0x00, 0x00, 0x00, 0x43, 0x00,

    /* U+5668 "器" */
    0x00, 0x00, 0x00, 0x00, 0x00, 0x00, 0x00, 0x00,
    0x00, 0x00, 0x00, 0x8f, 0xff, 0xff, 0xe0, 0x0f,
    0xff, 0xff, 0xf9, 0x00, 0x00, 0x8f, 0xa9, 0x9f,
    0xe0, 0x0f, 0xd9, 0x9a, 0xf9, 0x00, 0x00, 0x8f,
    0x30, 0x0e, 0xe0, 0x0f, 0xb0, 0x03, 0xf9, 0x00,
    0x00, 0x8f, 0x30, 0x0e, 0xe0, 0x0f, 0xb0, 0x04,
    0xf9, 0x00, 0x00, 0x8f, 0xff, 0xff, 0xe0, 0x0f,
    0xff, 0xff, 0xf9, 0x00, 0x00, 0x49, 0x99, 0x99,
    0xd7, 0x29, 0xaf, 0xb9, 0x95, 0x00, 0x00, 0x00,
    0x00, 0x02, 0xfe, 0x00, 0x4d, 0xf9, 0x00, 0x00,
    0x0a, 0xaa, 0xaa, 0xae, 0xfd, 0xaa, 0xaa, 0xfe,
    0xaa, 0xa0, 0x0f, 0xff, 0xff, 0xff, 0xff, 0xff,
    0xff, 0xff, 0xff, 0xf0, 0x00, 0x00, 0x3d, 0xfb,
    0x10, 0x02, 0xef, 0x81, 0x00, 0x00, 0x00, 0x07,
    0xff, 0xa0, 0x00, 0x00, 0x2d, 0xfd, 0x50, 0x00,
    0x17, 0xef, 0xfe, 0x99, 0x80, 0x09, 0x9a, 0xff,
    0xfd, 0x72, 0x1f, 0xff, 0xff, 0xff, 0xe0, 0x0f,
    0xff, 0xff, 0xff, 0xe1, 0x04, 0x9f, 0x40, 0x0f,
    0xe0, 0x0f, 0xb0, 0x04, 0xfb, 0x30, 0x00, 0x8f,
    0x40, 0x0f, 0xe0, 0x0f, 0xb0, 0x03, 0xf9, 0x00,
    0x00, 0x8f, 0x40, 0x0f, 0xe0, 0x0f, 0xb0, 0x03,
    0xf9, 0x00, 0x00, 0x8f, 0xba, 0xaf, 0xe0, 0x0f,
    0xea, 0xab, 0xf9, 0x00, 0x00, 0x8f, 0xff, 0xff,
    0xe0, 0x0f, 0xff, 0xff, 0xf9, 0x00, 0x00, 0x12,
    0x00, 0x00, 0x00, 0x02, 0x10, 0x00, 0x00, 0x00,

    /* U+56DB "四" */
    0x02, 0x22, 0x22, 0x22, 0x22, 0x22, 0x22, 0x22,
    0x21, 0x2f, 0xff, 0xff, 0xff, 0xff, 0xff, 0xff,
    0xff, 0xfb, 0x2f, 0xea, 0xaa, 0xff, 0xaa, 0xef,
    0xba, 0xab, 0xfb, 0x2f, 0xc0, 0x00, 0xfe, 0x00,
    0xbf, 0x10, 0x04, 0xfb, 0x2f, 0xc0, 0x00, 0xfd,
    0x00, 0xbf, 0x10, 0x04, 0xfb, 0x2f, 0xc0, 0x01,
    0xfc, 0x00, 0xbf, 0x10, 0x04, 0xfb, 0x2f, 0xc0,
    0x02, 0xfa, 0x00, 0xbf, 0x10, 0x04, 0xfb, 0x2f,
    0xc0, 0x05, 0xf8, 0x00, 0xbf, 0x10, 0x04, 0xfb,
    0x2f, 0xc0, 0x0a, 0xf4, 0x00, 0xbf, 0x10, 0x04,
    0xfb, 0x2f, 0xc0, 0x4f, 0xe0, 0x00, 0x9f, 0xa8,
    0x8a, 0xfb, 0x2f, 0xc5, 0xff, 0x60, 0x00, 0x3e,
    0xff, 0xff, 0xfb, 0x2f, 0xcb, 0xf9, 0x00, 0x00,
    0x00, 0x00, 0x04, 0xfb, 0x2f, 0xc1, 0x50, 0x00,
    0x00, 0x00, 0x00, 0x04, 0xfb, 0x2f, 0xc0, 0x00,
    0x00, 0x00, 0x00, 0x00, 0x04, 0xfb, 0x2f, 0xff,
    0xff, 0xff, 0xff, 0xff, 0xff, 0xff, 0xfb, 0x2f,
    0xfc, 0xcc, 0xcc, 0xcc, 0xcc, 0xcc, 0xcd, 0xfb,
    0x2f, 0xc0, 0x00, 0x00, 0x00, 0x00, 0x00, 0x04,
    0xfb, 0x03, 0x20, 0x00, 0x00, 0x00, 0x00, 0x00,
    0x00, 0x00,

    /* U+56DE "回" */
    0x00, 0x00, 0x00, 0x00, 0x00, 0x00, 0x00, 0x00,
    0x00, 0x3f, 0xff, 0xff, 0xff, 0xff, 0xff, 0xff,
    0xff, 0xfd, 0x3f, 0xfe, 0xee, 0xee, 0xee, 0xee,
    0xee, 0xee, 0xfd, 0x3f, 0xb0, 0x00, 0x00, 0x00,
    0x00, 0x00, 0x04, 0xfd, 0x3f, 0xb0, 0x00, 0x00,
    0x00, 0x00, 0x00, 0x04, 0xfd, 0x3f, 0xb0, 0x08,
    0xaa, 0xaa, 0xaa, 0xa0, 0x04, 0xfd, 0x3f, 0xb0,
    0x0d, 0xff, 0xff, 0xff, 0xf1, 0x04, 0xfd, 0x3f,
    0xb0, 0x0d, 0xf0, 0x00, 0x0c, 0xf1, 0x04, 0xfd,
    0x3f, 0xb0, 0x0d, 0xf0, 0x00, 0x0c, 0xf1, 0x04,
    0xfd, 0x3f, 0xb0, 0x0d, 0xf0, 0x00, 0x0c, 0xf1,
    0x04, 0xfd, 0x3f, 0xb0, 0x0d, 0xf0, 0x00, 0x0c,
    0xf1, 0x04, 0xfd, 0x3f, 0xb0, 0x0d, 0xfa, 0xaa,
    0xae, 0xf1, 0x04, 0xfd, 0x3f, 0xb0, 0x0d, 0xff,
    0xff, 0xff, 0xf1, 0x04, 0xfd, 0x3f, 0xb0, 0x00,
    0x00, 0x00, 0x00, 0x00, 0x04, 0xfd, 0x3f, 0xb0,
    0x00, 0x00, 0x00, 0x00, 0x00, 0x04, 0xfd, 0x3f,
    0xb0, 0x00, 0x00, 0x00, 0x00, 0x00, 0x04, 0xfd,
    0x3f, 0xff, 0xff, 0xff, 0xff, 0xff, 0xff, 0xff,
    0xfd, 0x3f, 0xeb, 0xbb, 0xbb, 0xbb, 0xbb, 0xbb,
    0xbc, 0xfd, 0x3f, 0xb0, 0x00, 0x00, 0x00, 0x00,
    0x00, 0x04, 0xfd,

    /* U+56FA "固" */
    0x2f, 0xff, 0xff, 0xff, 0xff, 0xff, 0xff, 0xff,
    0xfd, 0x2f, 0xfc, 0xcc, 0xcc, 0xcc, 0xcc, 0xcc,
    0xcc, 0xfd, 0x2f, 0xc0, 0x00, 0x00, 0x7a, 0x00,
    0x00, 0x02, 0xfd, 0x2f, 0xc0, 0x00, 0x00, 0xbf,
    0x10, 0x00, 0x02, 0xfd, 0x2f, 0xc1, 0x88, 0x88,
    0xdf, 0x88, 0x88, 0x52, 0xfd, 0x2f, 0xc2, 0xff,
    0xff, 0xff, 0xff, 0xff, 0xb2, 0xfd, 0x2f, 0xc0,
    0x00, 0x00, 0xbf, 0x20, 0x00, 0x02, 0xfd, 0x2f,
    0xc0, 0x00, 0x00, 0xbf, 0x10, 0x00, 0x02, 0xfd,
    0x2f, 0xc0, 0x0d, 0xdd, 0xff, 0xed, 0xd9, 0x02,
    0xfd, 0x2f, 0xc0, 0x0f, 0xd9, 0x99, 0x99, 0xfb,
    0x02, 0xfd, 0x2f, 0xc0, 0x0f, 0xa0, 0x00, 0x01,
    0xfb, 0x02, 0xfd, 0x2f, 0xc0, 0x0f, 0xa0, 0x00,
    0x01, 0xfb, 0x02, 0xfd, 0x2f, 0xc0, 0x0f, 0xff,
    0xff, 0xff, 0xfb, 0x02, 0xfd, 0x2f, 0xc0, 0x07,
    0x77, 0x77, 0x77, 0x75, 0x02, 0xfd, 0x2f, 0xc0,
    0x00, 0x00, 0x00, 0x00, 0x00, 0x02, 0xfd, 0x2f,
    0xff, 0xff, 0xff, 0xff, 0xff, 0xff, 0xff, 0xfd,
    0x2f, 0xfc, 0xcc, 0xcc, 0xcc, 0xcc, 0xcc, 0xcd,
    0xfd, 0x2f, 0xc0, 0x00, 0x00, 0x00, 0x00, 0x00,
    0x02, 0xfd,

    /* U+5706 "圆" */
    0x15, 0x55, 0x55, 0x55, 0x55, 0x55, 0x55, 0x55,
    0x54, 0x3f, 0xff, 0xff, 0xff, 0xff, 0xff, 0xff,
    0xff, 0xfd, 0x3f, 0xa3, 0x33, 0x33, 0x33, 0x33,
    0x33, 0x34, 0xfd, 0x3f, 0x90, 0x6e, 0xee, 0xee,
    0xee, 0xeb, 0x01, 0xfd, 0x3f, 0x90, 0x7f, 0x86,
    0x66, 0x66, 0xfd, 0x01, 0xfd, 0x3f, 0x90, 0x7f,
    0x65, 0x55, 0x55, 0xfd, 0x01, 0xfd, 0x3f, 0x90,
    0x7f, 0xff, 0xff, 0xff, 0xfd, 0x01, 0xfd, 0x3f,
    0x90, 0x00, 0x00, 0x00, 0x00, 0x00, 0x01, 0xfd,
    0x3f, 0x90, 0xef, 0xff, 0xff, 0xff, 0xff, 0x41,
    0xfd, 0x3f, 0x90, 0xee, 0x88, 0x88, 0x88, 0xcf,
    0x41, 0xfd, 0x3f, 0x90, 0xec, 0x00, 0x7d, 0x10,
    0x8f, 0x41, 0xfd, 0x3f, 0x90, 0xec, 0x00, 0x9f,
    0x10, 0x8f, 0x41, 0xfd, 0x3f, 0x90, 0xec, 0x01,
    0xee, 0x20, 0x8f, 0x41, 0xfd, 0x3f, 0x90, 0x11,
    0x5d, 0xf7, 0xfe, 0x81, 0x01, 0xfd, 0x3f, 0x97,
    0xbf, 0xfd, 0x40, 0x4b, 0xff, 0xa1, 0xfd, 0x3f,
    0x96, 0xea, 0x50, 0x00, 0x00, 0x2a, 0xa1, 0xfd,
    0x3f, 0xd9, 0x99, 0x99, 0x99, 0x99, 0x99, 0x99,
    0xfd, 0x3f, 0xff, 0xff, 0xff, 0xff, 0xff, 0xff,
    0xff, 0xfd, 0x3f, 0x90, 0x00, 0x00, 0x00, 0x00,
    0x00, 0x01, 0xfd,

    /* U+571F "土" */
    0x00, 0x00, 0x00, 0x00, 0x01, 0x10, 0x00, 0x00,
    0x00, 0x00, 0x00, 0x00, 0x00, 0x00, 0x0f, 0xf0,
    0x00, 0x00, 0x00, 0x00, 0x00, 0x00, 0x00, 0x00,
    0x0f, 0xf0, 0x00, 0x00, 0x00, 0x00, 0x00, 0x00,
    0x00, 0x00, 0x0f, 0xf0, 0x00, 0x00, 0x00, 0x00,
    0x00, 0x00, 0x00, 0x00, 0x0f, 0xf0, 0x00, 0x00,
    0x00, 0x00, 0x00, 0x00, 0x00, 0x00, 0x0f, 0xf0,
    0x00, 0x00, 0x00, 0x00, 0x00, 0x00, 0x00, 0x00,
    0x0f, 0xf0, 0x00, 0x00, 0x00, 0x00, 0x00, 0x8c,
    0xcc, 0xcc, 0xcf, 0xfc, 0xcc, 0xcc, 0xc9, 0x00,
    0x00, 0xbf, 0xff, 0xff, 0xff, 0xff, 0xff, 0xff,
    0xfb, 0x00, 0x00, 0x11, 0x11, 0x11, 0x2f, 0xf1,
    0x11, 0x11, 0x11, 0x00, 0x00, 0x00, 0x00, 0x00,
    0x0f, 0xf0, 0x00, 0x00, 0x00, 0x00, 0x00, 0x00,
    0x00, 0x00, 0x0f, 0xf0, 0x00, 0x00, 0x00, 0x00,
    0x00, 0x00, 0x00, 0x00, 0x0f, 0xf0, 0x00, 0x00,
    0x00, 0x00, 0x00, 0x00, 0x00, 0x00, 0x0f, 0xf0,
    0x00, 0x00, 0x00, 0x00, 0x00, 0x00, 0x00, 0x00,
    0x0f, 0xf0, 0x00, 0x00, 0x00, 0x00, 0x00, 0x00,
    0x00, 0x00, 0x0f, 0xf0, 0x00, 0x00, 0x00, 0x00,
    0x00, 0x00, 0x00, 0x00, 0x1f, 0xf0, 0x00, 0x00,
    0x00, 0x00, 0x0f, 0xff, 0xff, 0xff, 0xff, 0xff,
    0xff, 0xff, 0xff, 0xf1, 0x0c, 0xcc, 0xcc, 0xcc,
    0xcc, 0xcc, 0xcc, 0xcc, 0xcc, 0xc0,

    /* U+5727 "圧" */
    0x00, 0x2c, 0xcc, 0xcc, 0xcc, 0xcc, 0xcc, 0xcc,
    0xcc, 0xc0, 0x00, 0x3f, 0xff, 0xff, 0xff, 0xff,
    0xff, 0xff, 0xff, 0xf0, 0x00, 0x3f, 0xb0, 0x00,
    0x00, 0x01, 0x10, 0x00, 0x00, 0x00, 0x00, 0x3f,
    0xb0, 0x00, 0x00, 0x1f, 0xc0, 0x00, 0x00, 0x00,
    0x00, 0x3f, 0xb0, 0x00, 0x00, 0x1f, 0xc0, 0x00,
    0x00, 0x00, 0x00, 0x3f, 0xb0, 0x00, 0x00, 0x1f,
    0xc0, 0x00, 0x00, 0x00, 0x00, 0x3f, 0xb0, 0x00,
    0x00, 0x1f, 0xc0, 0x00, 0x00, 0x00, 0x00, 0x3f,
    0xa2, 0xcc, 0xcc, 0xcf, 0xfc, 0xcc, 0xcc, 0x30,
    0x00, 0x4f, 0xa3, 0xff, 0xff, 0xff, 0xff, 0xff,
    0xff, 0x40, 0x00, 0x5f, 0x80, 0x00, 0x00, 0x2f,
    0xc0, 0x00, 0x00, 0x00, 0x00, 0x6f, 0x70, 0x00,
    0x00, 0x1f, 0xc0, 0x00, 0x00, 0x00, 0x00, 0x8f,
    0x50, 0x00, 0x00, 0x1f, 0xc0, 0x00, 0x00, 0x00,
    0x00, 0xbf, 0x20, 0x00, 0x00, 0x1f, 0xc0, 0x00,
    0x00, 0x00, 0x00, 0xff, 0x00, 0x00, 0x00, 0x1f,
    0xc0, 0x00, 0x00, 0x00, 0x04, 0xfb, 0x00, 0x00,
    0x00, 0x1f, 0xc0, 0x00, 0x00, 0x00, 0x0b, 0xf6,
    0x7f, 0xff, 0xff, 0xff, 0xff, 0xff, 0xff, 0xf8,
    0x0d, 0xe0, 0x6d, 0xdd, 0xdd, 0xdd, 0xdd, 0xdd,
    0xdd, 0xd7, 0x00, 0x30, 0x00, 0x00, 0x00, 0x00,
    0x00, 0x00, 0x00, 0x00,

    /* U+5831 "報" */
    0x00, 0x00, 0x9d, 0x10, 0x00, 0x00, 0x00, 0x00,
    0x00, 0x00, 0x00, 0x00, 0xaf, 0x10, 0x00, 0xdf,
    0xff, 0xff, 0xff, 0x00, 0x0a, 0xff, 0xff, 0xff,
    0xf0, 0xdf, 0xbb, 0xbb, 0xff, 0x00, 0x07, 0xaa,
    0xef, 0xaa, 0xa0, 0xde, 0x00, 0x00, 0xcf, 0x00,
    0x00, 0x00, 0xaf, 0x10, 0x00, 0xde, 0x00, 0x00,
    0xcf, 0x00, 0x3a, 0xaa, 0xef, 0xaa, 0xa4, 0xde,
    0x05, 0xee, 0xfe, 0x00, 0x4f, 0xff, 0xff, 0xff,
    0xf7, 0xde, 0x01, 0xbb, 0x93, 0x00, 0x00, 0xba,
    0x00, 0x4f, 0x50, 0xde, 0x33, 0x33, 0x33, 0x00,
    0x00, 0x7f, 0x20, 0xbe, 0x00, 0xdf, 0xff, 0xff,
    0xff, 0x50, 0x08, 0xbe, 0xaa, 0xfd, 0x91, 0xdf,
    0xf9, 0x33, 0xbf, 0x20, 0x0d, 0xff, 0xff, 0xff,
    0xf2, 0xde, 0xbd, 0x00, 0xee, 0x00, 0x00, 0x00,
    0xaf, 0x10, 0x00, 0xde, 0x6f, 0x43, 0xf9, 0x00,
    0x00, 0x00, 0xaf, 0x10, 0x00, 0xde, 0x0f, 0xc9,
    0xf4, 0x00, 0x4f, 0xff, 0xff, 0xff, 0xf7, 0xde,
    0x08, 0xff, 0xd0, 0x00, 0x3a, 0xaa, 0xef, 0xba,
    0xa5, 0xde, 0x01, 0xff, 0x70, 0x00, 0x00, 0x00,
    0xaf, 0x10, 0x00, 0xde, 0x05, 0xff, 0xd1, 0x00,
    0x00, 0x00, 0xaf, 0x10, 0x00, 0xde, 0x4f, 0xfc,
    0xfe, 0x30, 0x00, 0x00, 0xaf, 0x10, 0x00, 0xdf,
    0xff, 0x50, 0xcf, 0xc0, 0x00, 0x00, 0xaf, 0x10,
    0x00, 0xde, 0xb5, 0x00, 0x09, 0x20, 0x00, 0x00,
    0x00, 0x00, 0x00, 0x00, 0x00, 0x00, 0x00, 0x00,

    /* U+5834 "場" */
    0x00, 0x08, 0xa0, 0x00, 0x25, 0x55, 0x55, 0x55,
    0x54, 0x00, 0x00, 0x0d, 0xf0, 0x00, 0x7f, 0xff,
    0xff, 0xff, 0xfe, 0x00, 0x00, 0x0d, 0xf0, 0x00,
    0x7f, 0x40, 0x00, 0x00, 0xde, 0x00, 0x00, 0x0d,
    0xf0, 0x00, 0x7f, 0xee, 0xee, 0xee, 0xfe, 0x00,
    0x0d, 0xdf, 0xfd, 0xd0, 0x7f, 0x86, 0x66, 0x66,
    0xee, 0x00, 0x0f, 0xff, 0xff, 0xf0, 0x7f, 0x41,
    0x11, 0x11, 0xde, 0x00, 0x03, 0x3d, 0xf3, 0x30,
    0x7f, 0xff, 0xff, 0xff, 0xfe, 0x00, 0x00, 0x0d,
    0xf0, 0x00, 0x24, 0x44, 0x44, 0x44, 0x44, 0x00,
    0x00, 0x0d, 0xf0, 0x5a, 0xaa, 0xaa, 0xaa, 0xaa,
    0xaa, 0xa0, 0x00, 0x0d, 0xf0, 0x8f, 0xff, 0xff,
    0xff, 0xff, 0xff, 0xf1, 0x00, 0x0d, 0xf0, 0x20,
    0x2f, 0xc0, 0x00, 0x00, 0x00, 0x00, 0x00, 0x0d,
    0xfd, 0xf2, 0xdf, 0xff, 0xff, 0xff, 0xff, 0xc0,
    0x00, 0x6f, 0xff, 0xce, 0xf9, 0xbf, 0xc9, 0xfe,
    0x9f, 0xb0, 0x3e, 0xff, 0xb7, 0xff, 0x50, 0xcf,
    0x22, 0xf7, 0x1f, 0xa0, 0x0f, 0xc3, 0x00, 0xa3,
    0x09, 0xf7, 0x0b, 0xf1, 0x3f, 0x90, 0x02, 0x00,
    0x00, 0x00, 0x9f, 0xb0, 0x4f, 0x80, 0x5f, 0x70,
    0x00, 0x00, 0x00, 0x1b, 0xfc, 0x01, 0xee, 0x00,
    0x8f, 0x40, 0x00, 0x00, 0x00, 0x3e, 0xb0, 0x1d,
    0xf4, 0x77, 0xef, 0x10, 0x00, 0x00, 0x00, 0x01,
    0x00, 0x2d, 0x60, 0xaf, 0xf7, 0x00, 0x00, 0x00,
    0x00, 0x00, 0x00, 0x00, 0x00, 0x00, 0x00, 0x00,

    /* U+58F0 "声" */
    0x00, 0x00, 0x00, 0x00, 0x0b, 0xa0, 0x00, 0x00,
    0x00, 0x00, 0x01, 0x11, 0x11, 0x11, 0xfe, 0x11,
    0x11, 0x11, 0x10, 0x0b, 0xff, 0xff, 0xff, 0xff,
    0xff, 0xff, 0xff, 0xff, 0xa0, 0x69, 0x99, 0x99,
    0x99, 0xff, 0x99, 0x99, 0x99, 0x95, 0x00, 0x00,
    0x00, 0x00, 0x0f, 0xe0, 0x00, 0x00, 0x00, 0x00,
    0x07, 0xff, 0xff, 0xff, 0xff, 0xff, 0xff, 0xff,
    0xc0, 0x00, 0x49, 0x99, 0x99, 0x99, 0x99, 0x99,
    0x99, 0x97, 0x00, 0x00, 0x00, 0x00, 0x00, 0x00,
    0x00, 0x00, 0x00, 0x00, 0x00, 0x0d, 0xed, 0xdd,
    0xdd, 0xdd, 0xdd, 0xdd, 0xd3, 0x00, 0x00, 0xff,
    0xbb, 0xbb, 0xff, 0xbb, 0xbb, 0xef, 0x40, 0x00,
    0x0f, 0xd0, 0x00, 0x0f, 0xe0, 0x00, 0x0a, 0xf4,
    0x00, 0x01, 0xfc, 0x00, 0x00, 0xfe, 0x00, 0x00,
    0xaf, 0x40, 0x00, 0x2f, 0xfe, 0xee, 0xef, 0xfe,
    0xee, 0xef, 0xf4, 0x00, 0x05, 0xfd, 0xbb, 0xbb,
    0xbb, 0xbb, 0xbb, 0xef, 0x40, 0x00, 0x9f, 0x50,
    0x00, 0x00, 0x00, 0x00, 0x07, 0xb3, 0x00, 0x1f,
    0xf1, 0x00, 0x00, 0x00, 0x00, 0x00, 0x00, 0x00,
    0x0b, 0xf9, 0x00, 0x00, 0x00, 0x00, 0x00, 0x00,
    0x00, 0x03, 0xfe, 0x10, 0x00, 0x00, 0x00, 0x00,
    0x00, 0x00, 0x00, 0x03, 0x30, 0x00, 0x00, 0x00,
    0x00, 0x00, 0x00, 0x00, 0x00,

    /* U+590D "复" */
    0x00, 0x00, 0x1b, 0x60, 0x00, 0x00, 0x00, 0x00,
    0x00, 0x00, 0x00, 0x00, 0x9f, 0x70, 0x00, 0x00,
    0x00, 0x00, 0x00, 0x00, 0x00, 0x06, 0xff, 0xff,
    0xff, 0xff, 0xff, 0xff, 0xff, 0x70, 0x00, 0x5f,
    0xe8, 0x88, 0x88, 0x88, 0x88, 0x88, 0x88, 0x30,
    0x07, 0xff, 0x85, 0x55, 0x55, 0x55, 0x55, 0x55,
    0x50, 0x00, 0x0a, 0xf4, 0xdf, 0xff, 0xff, 0xff,
    0xff, 0xff, 0xf1, 0x00, 0x00, 0x20, 0xdf, 0x00,
    0x00, 0x00, 0x00, 0x0e, 0xf1, 0x00, 0x00, 0x00,
    0xdf, 0xff, 0xff, 0xff, 0xff, 0xff, 0xf1, 0x00,
    0x00, 0x00, 0xdf, 0x44, 0x44, 0x44, 0x44, 0x4f,
    0xf1, 0x00, 0x00, 0x00, 0xdf, 0x66, 0x66, 0x66,
    0x66, 0x6f, 0xf1, 0x00, 0x00, 0x00, 0xcf, 0xff,
    0xff, 0xff, 0xff, 0xff, 0xf0, 0x00, 0x00, 0x00,
    0x03, 0xff, 0x43, 0x33, 0x33, 0x33, 0x00, 0x00,
    0x00, 0x00, 0x5f, 0xff, 0xff, 0xff, 0xff, 0xff,
    0x90, 0x00, 0x00, 0x2a, 0xff, 0xf6, 0x33, 0x33,
    0x3b, 0xfd, 0x10, 0x00, 0x00, 0xcf, 0x92, 0xcf,
    0x91, 0x05, 0xdf, 0xc1, 0x00, 0x00, 0x00, 0x13,
    0x00, 0x08, 0xff, 0xef, 0xe6, 0x00, 0x00, 0x00,
    0x01, 0x24, 0x69, 0xcf, 0xff, 0xff, 0xfd, 0xa8,
    0x64, 0x31, 0x2f, 0xff, 0xff, 0xeb, 0x62, 0x04,
    0x8c, 0xff, 0xff, 0xf2, 0x08, 0x86, 0x41, 0x00,
    0x00, 0x00, 0x00, 0x02, 0x46, 0x50,

    /* U+5929 "天" */
    0x00, 0x99, 0x99, 0x99, 0x99, 0x99, 0x99, 0x99,
    0x98, 0x00, 0x00, 0xff, 0xff, 0xff, 0xff, 0xff,
    0xff, 0xff, 0xfe, 0x00, 0x00, 0x55, 0x55, 0x55,
    0x6f, 0xe5, 0x55, 0x55, 0x54, 0x00, 0x00, 0x00,
    0x00, 0x00, 0x2f, 0xd0, 0x00, 0x00, 0x00, 0x00,
    0x00, 0x00, 0x00, 0x00, 0x2f, 0xd0, 0x00, 0x00,
    0x00, 0x00, 0x00, 0x00, 0x00, 0x00, 0x2f, 0xd0,
    0x00, 0x00, 0x00, 0x00, 0x01, 0x22, 0x22, 0x22,
    0x5f, 0xc2, 0x22, 0x22, 0x22, 0x10, 0x08, 0xff,
    0xff, 0xff, 0xff, 0xff, 0xff, 0xff, 0xff, 0xe0,
    0x06, 0xdd, 0xdd, 0xdd, 0xff, 0xfe, 0xdd, 0xdd,
    0xdd, 0xc0, 0x00, 0x00, 0x00, 0x00, 0xef, 0xfb,
    0x00, 0x00, 0x00, 0x00, 0x00, 0x00, 0x00, 0x04,
    0xfe, 0xdf, 0x30, 0x00, 0x00, 0x00, 0x00, 0x00,
    0x00, 0x0d, 0xf7, 0x5f, 0xd0, 0x00, 0x00, 0x00,
    0x00, 0x00, 0x00, 0x9f, 0xd0, 0x0c, 0xfa, 0x00,
    0x00, 0x00, 0x00, 0x00, 0x09, 0xff, 0x30, 0x02,
    0xef, 0xa0, 0x00, 0x00, 0x00, 0x01, 0xbf, 0xf4,
    0x00, 0x00, 0x3f, 0xfd, 0x30, 0x00, 0x01, 0x8f,
    0xfe, 0x30, 0x00, 0x00, 0x03, 0xef, 0xfb, 0x40,
    0x0c, 0xff, 0x91, 0x00, 0x00, 0x00, 0x00, 0x19,
    0xff, 0xf3, 0x03, 0x92, 0x00, 0x00, 0x00, 0x00,
    0x00, 0x00, 0x28, 0x50,

    /* U+592A "太" */
    0x00, 0x00, 0x00, 0x00, 0x01, 0x10, 0x00, 0x00,
    0x00, 0x00, 0x00, 0x00, 0x00, 0x00, 0x1f, 0xf0,
    0x00, 0x00, 0x00, 0x00, 0x00, 0x00, 0x00, 0x00,
    0x1f, 0xf0, 0x00, 0x00, 0x00, 0x00, 0x00, 0x00,
    0x00, 0x00, 0x1f, 0xf0, 0x00, 0x00, 0x00, 0x00,
    0x00, 0x00, 0x00, 0x00, 0x2f, 0xe0, 0x00, 0x00,
    0x00, 0x00, 0x00, 0x00, 0x00, 0x00, 0x3f, 0xd0,
    0x00, 0x00, 0x00, 0x00, 0x0b, 0xee, 0xee, 0xee,
    0xef, 0xfe, 0xee, 0xee, 0xee, 0xd0, 0x0d, 0xff,
    0xff, 0xff, 0xff, 0xff, 0xff, 0xff, 0xff, 0xf0,
    0x00, 0x00, 0x00, 0x00, 0xaf, 0xfd, 0x00, 0x00,
    0x00, 0x00, 0x00, 0x00, 0x00, 0x00, 0xef, 0xef,
    0x20, 0x00, 0x00, 0x00, 0x00, 0x00, 0x00, 0x03,
    0xfe, 0x7f, 0x90, 0x00, 0x00, 0x00, 0x00, 0x00,
    0x00, 0x09, 0xf9, 0x1f, 0xf1, 0x00, 0x00, 0x00,
    0x00, 0x00, 0x00, 0x2f, 0xf2, 0x09, 0xfa, 0x00,
    0x00, 0x00, 0x00, 0x00, 0x00, 0xbf, 0xa0, 0x01,
    0xff, 0x50, 0x00, 0x00, 0x00, 0x00, 0x08, 0xff,
    0x90, 0x00, 0x7f, 0xf2, 0x00, 0x00, 0x00, 0x00,
    0x7f, 0xfe, 0xfb, 0x00, 0x0b, 0xfe, 0x20, 0x00,
    0x00, 0x1a, 0xff, 0x71, 0xdf, 0xc0, 0x01, 0xdf,
    0xf5, 0x00, 0x07, 0xff, 0xf6, 0x00, 0x1d, 0xfb,
    0x00, 0x1d, 0xff, 0xb2, 0x0b, 0xfc, 0x20, 0x00,
    0x02, 0xea, 0x00, 0x00, 0x9f, 0xc0, 0x00, 0x40,
    0x00, 0x00, 0x00, 0x20, 0x00, 0x00, 0x03, 0x10,

    /* U+59CB "始" */
    0x00, 0x08, 0xb0, 0x00, 0x00, 0x00, 0xb8, 0x00,
    0x00, 0x00, 0x00, 0x0d, 0xe0, 0x00, 0x00, 0x05,
    0xfb, 0x00, 0x00, 0x00, 0x00, 0x0f, 0xc0, 0x00,
    0x00, 0x0c, 0xf4, 0x00, 0x00, 0x00, 0x00, 0x2f,
    0x90, 0x00, 0x00, 0x5f, 0xc0, 0x2c, 0x50, 0x00,
    0x2d, 0xdf, 0xed, 0xd9, 0x00, 0xdf, 0x30, 0x1e,
    0xf1, 0x00, 0x2f, 0xff, 0xff, 0xfb, 0x07, 0xf9,
    0x00, 0x05, 0xfb, 0x00, 0x00, 0xbf, 0x01, 0xfa,
    0x3f, 0xf6, 0x67, 0x89, 0xff, 0x40, 0x00, 0xec,
    0x03, 0xf8, 0xef, 0xff, 0xff, 0xff, 0xff, 0xd0,
    0x02, 0xf8, 0x05, 0xf6, 0x9b, 0x98, 0x65, 0x32,
    0x1a, 0xe2, 0x06, 0xf5, 0x09, 0xf3, 0x00, 0x00,
    0x00, 0x00, 0x02, 0x00, 0x0b, 0xf6, 0x0d, 0xf0,
    0x09, 0xaa, 0xaa, 0xaa, 0xaa, 0x00, 0x04, 0xef,
    0xaf, 0xc0, 0x0d, 0xff, 0xff, 0xff, 0xff, 0x00,
    0x00, 0x1d, 0xff, 0x70, 0x0d, 0xe0, 0x00, 0x00,
    0xcf, 0x00, 0x00, 0x01, 0xff, 0xc0, 0x0d, 0xe0,
    0x00, 0x00, 0xcf, 0x00, 0x00, 0x09, 0xff, 0xfb,
    0x0d, 0xe0, 0x00, 0x00, 0xcf, 0x00, 0x00, 0x5f,
    0xf3, 0xcd, 0x0d, 0xe0, 0x00, 0x00, 0xcf, 0x00,
    0x07, 0xff, 0x70, 0x12, 0x0d, 0xff, 0xff, 0xff,
    0xff, 0x00, 0x1e, 0xfa, 0x00, 0x00, 0x0d, 0xfb,
    0xbb, 0xbb, 0xff, 0x00, 0x06, 0x80, 0x00, 0x00,
    0x0d, 0xe0, 0x00, 0x00, 0xcf, 0x00, 0x00, 0x00,
    0x00, 0x00, 0x00, 0x00, 0x00, 0x00, 0x00, 0x00,

    /* U+5B58 "存" */
    0x00, 0x00, 0x00, 0x05, 0x72, 0x00, 0x00, 0x00,
    0x00, 0x00, 0x00, 0x00, 0x00, 0x0c, 0xf4, 0x00,
    0x00, 0x00, 0x00, 0x00, 0x00, 0x11, 0x11, 0x3f,
    0xe1, 0x11, 0x11, 0x11, 0x11, 0x00, 0x0b, 0xff,
    0xff, 0xff, 0xff, 0xff, 0xff, 0xff, 0xff, 0xe0,
    0x09, 0xcc, 0xcd, 0xff, 0xcc, 0xcc, 0xcc, 0xcc,
    0xcc, 0xb0, 0x00, 0x00, 0x08, 0xf9, 0x00, 0x00,
    0x00, 0x00, 0x00, 0x00, 0x00, 0x00, 0x2f, 0xf1,
    0x5a, 0xaa, 0xaa, 0xaa, 0xb4, 0x00, 0x00, 0x00,
    0xcf, 0x70, 0x8f, 0xff, 0xff, 0xff, 0xfb, 0x00,
    0x00, 0x0a, 0xfc, 0x00, 0x00, 0x00, 0x02, 0xcf,
    0xa0, 0x00, 0x00, 0x8f, 0xf8, 0x00, 0x00, 0x00,
    0x5e, 0xf7, 0x00, 0x00, 0x1a, 0xff, 0xf8, 0x00,
    0x00, 0x00, 0xcf, 0x40, 0x00, 0x00, 0x2f, 0xe8,
    0xf8, 0x1a, 0xaa, 0xaa, 0xef, 0xba, 0xaa, 0xa1,
    0x05, 0x15, 0xf8, 0x3f, 0xff, 0xff, 0xff, 0xff,
    0xff, 0xf3, 0x00, 0x05, 0xf8, 0x02, 0x22, 0x22,
    0xdf, 0x42, 0x22, 0x20, 0x00, 0x05, 0xf8, 0x00,
    0x00, 0x00, 0xcf, 0x20, 0x00, 0x00, 0x00, 0x05,
    0xf8, 0x00, 0x00, 0x00, 0xcf, 0x20, 0x00, 0x00,
    0x00, 0x05, 0xf8, 0x00, 0x00, 0x00, 0xcf, 0x20,
    0x00, 0x00, 0x00, 0x05, 0xf8, 0x00, 0x09, 0xbb,
    0xff, 0x10, 0x00, 0x00, 0x00, 0x05, 0xf8, 0x00,
    0x08, 0xff, 0xe8, 0x00, 0x00, 0x00, 0x00, 0x00,
    0x00, 0x00, 0x00, 0x00, 0x00, 0x00, 0x00, 0x00,

    /* U+5B9A "定" */
    0x00, 0x00, 0x00, 0x00, 0x00, 0x00, 0x00, 0x00,
    0x00, 0x00, 0x00, 0x00, 0x00, 0x06, 0xe7, 0x00,
    0x00, 0x00, 0x00, 0x00, 0x00, 0x00, 0x00, 0x3f,
    0xe0, 0x00, 0x00, 0x00, 0x00, 0x8c, 0xcc, 0xcc,
    0xcc, 0xff, 0xcc, 0xcc, 0xcc, 0xc0, 0x0a, 0xff,
    0xff, 0xff, 0xff, 0xff, 0xff, 0xff, 0xff, 0x10,
    0xaf, 0x30, 0x00, 0x00, 0x00, 0x00, 0x00, 0x0d,
    0xf1, 0x0a, 0xf3, 0x00, 0x00, 0x00, 0x00, 0x00,
    0x00, 0xdf, 0x10, 0xaf, 0x29, 0xcc, 0xcc, 0xcc,
    0xcc, 0xcc, 0x8c, 0xf1, 0x00, 0x00, 0xcf, 0xff,
    0xff, 0xff, 0xff, 0xfa, 0x00, 0x00, 0x00, 0x00,
    0x00, 0x01, 0xfe, 0x00, 0x00, 0x00, 0x00, 0x00,
    0x00, 0x77, 0x00, 0x1f, 0xe0, 0x00, 0x00, 0x00,
    0x00, 0x00, 0x0f, 0xf0, 0x01, 0xfe, 0x00, 0x00,
    0x00, 0x00, 0x00, 0x02, 0xfd, 0x00, 0x1f, 0xff,
    0xff, 0xff, 0xa0, 0x00, 0x00, 0x6f, 0xc0, 0x01,
    0xff, 0xcc, 0xcc, 0xc8, 0x00, 0x00, 0x0a, 0xff,
    0x20, 0x1f, 0xe0, 0x00, 0x00, 0x00, 0x00, 0x01,
    0xff, 0xfb, 0x01, 0xfe, 0x00, 0x00, 0x00, 0x00,
    0x00, 0x7f, 0x9a, 0xfa, 0x1f, 0xe0, 0x00, 0x00,
    0x00, 0x00, 0x2f, 0xf2, 0x1d, 0xfe, 0xfe, 0x00,
    0x00, 0x00, 0x00, 0x1d, 0xf8, 0x00, 0x1b, 0xff,
    0xff, 0xee, 0xee, 0xee, 0x92, 0xdb, 0x00, 0x00,
    0x03, 0x9c, 0xef, 0xff, 0xff, 0xf5, 0x01, 0x00,
    0x00, 0x00, 0x00, 0x00, 0x00, 0x00, 0x00, 0x00,

    /* U+5BDD "寝" */
    0x00, 0x00, 0x00, 0x00, 0x00, 0x00, 0x00, 0x00,
    0x00, 0x00, 0x00, 0x00, 0x00, 0x04, 0xed, 0x00,
    0x00, 0x00, 0x00, 0x05, 0x88, 0x88, 0x88, 0x8f,
    0xf9, 0x88, 0x88, 0x88, 0x50, 0xaf, 0xff, 0xff,
    0xff, 0xff, 0xff, 0xff, 0xff, 0xfa, 0x0a, 0xf1,
    0x00, 0x00, 0x00, 0x00, 0x00, 0x00, 0x2f, 0xa0,
    0x9e, 0x1a, 0xc0, 0x3f, 0xff, 0xff, 0xff, 0xff,
    0xf9, 0x00, 0x10, 0xce, 0x01, 0x44, 0x44, 0x44,
    0x4a, 0xf3, 0x00, 0xae, 0x0c, 0xe0, 0x0c, 0xff,
    0xff, 0xff, 0xff, 0x30, 0x06, 0xf6, 0xce, 0x00,
    0x11, 0x11, 0x11, 0x19, 0xf3, 0x00, 0x0e, 0xdc,
    0xe0, 0x5f, 0xff, 0xff, 0xff, 0xff, 0x30, 0x00,
    0x9c, 0xde, 0x01, 0x33, 0x33, 0x33, 0x33, 0x30,
    0x00, 0x00, 0x0c, 0xe3, 0xff, 0xff, 0xff, 0xff,
    0xff, 0xf8, 0x00, 0x00, 0xde, 0x3f, 0x96, 0x66,
    0x66, 0x66, 0x7f, 0x80, 0x06, 0xef, 0xe3, 0xf9,
    0x55, 0x55, 0x55, 0x66, 0xf8, 0x2c, 0xff, 0xfe,
    0x00, 0xaf, 0xff, 0xff, 0xff, 0xc0, 0x02, 0xfc,
    0x2c, 0xe0, 0x00, 0xcf, 0x30, 0x1c, 0xf3, 0x00,
    0x05, 0x00, 0xce, 0x00, 0x01, 0xdf, 0x9e, 0xf4,
    0x00, 0x00, 0x00, 0x0c, 0xe0, 0x00, 0x17, 0xff,
    0xfc, 0x40, 0x00, 0x00, 0x00, 0xce, 0x2a, 0xdf,
    0xfd, 0x7a, 0xff, 0xfd, 0x80, 0x00, 0x0c, 0xe0,
    0xcc, 0x83, 0x00, 0x01, 0x59, 0xc3,

    /* U+5BFC "导" */
    0x09, 0xff, 0xff, 0xff, 0xff, 0xff, 0xff, 0xf9,
    0x00, 0x09, 0xfc, 0xaa, 0xaa, 0xaa, 0xaa, 0xab,
    0xf9, 0x00, 0x09, 0xf6, 0x00, 0x00, 0x00, 0x00,
    0x04, 0xf9, 0x00, 0x09, 0xfd, 0xbb, 0xbb, 0xbb,
    0xbb, 0xbc, 0xf9, 0x00, 0x09, 0xff, 0xff, 0xff,
    0xff, 0xff, 0xff, 0xf9, 0x00, 0x08, 0xf7, 0x00,
    0x00, 0x00, 0x00, 0x00, 0x03, 0x93, 0x06, 0xfe,
    0x87, 0x77, 0x77, 0x77, 0x77, 0x8d, 0xf6, 0x00,
    0x8d, 0xff, 0xff, 0xff, 0xff, 0xff, 0xff, 0x90,
    0x00, 0x00, 0x00, 0x00, 0x00, 0x02, 0x64, 0x00,
    0x00, 0x00, 0x00, 0x00, 0x00, 0x00, 0x03, 0xfb,
    0x00, 0x00, 0xbf, 0xff, 0xff, 0xff, 0xff, 0xff,
    0xff, 0xff, 0xff, 0x9c, 0xcd, 0xfc, 0xcc, 0xcc,
    0xcd, 0xff, 0xcc, 0xcc, 0x00, 0x0c, 0xf6, 0x00,
    0x00, 0x03, 0xfb, 0x00, 0x00, 0x00, 0x03, 0xff,
    0x70, 0x00, 0x03, 0xfb, 0x00, 0x00, 0x00, 0x00,
    0x3f, 0xf5, 0x00, 0x03, 0xfb, 0x00, 0x00, 0x00,
    0x00, 0x05, 0xf5, 0x00, 0x03, 0xfb, 0x00, 0x00,
    0x00, 0x00, 0x00, 0x30, 0x9a, 0xac, 0xfa, 0x00,
    0x00, 0x00, 0x00, 0x00, 0x00, 0x9f, 0xff, 0xc3,
    0x00, 0x00, 0x00, 0x00, 0x00, 0x00, 0x00, 0x00,
    0x00, 0x00, 0x00,

    /* U+5C0F "小" */
    0x00, 0x00, 0x00, 0x00, 0x03, 0x30, 0x00, 0x00,
    0x00, 0x00, 0x00, 0x00, 0x00, 0x00, 0x0f, 0xf1,
    0x00, 0x00, 0x00, 0x00, 0x00, 0x00, 0x00, 0x00,
    0x0f, 0xf1, 0x00, 0x00, 0x00, 0x00, 0x00, 0x00,
    0x00, 0x00, 0x0f, 0xf1, 0x00, 0x00, 0x00, 0x00,
    0x00, 0x00, 0x00, 0x00, 0x0f, 0xf1, 0x00, 0x00,
    0x00, 0x00, 0x00, 0x02, 0x74, 0x00, 0x0f, 0xf1,
    0x00, 0x49, 0x00, 0x00, 0x00, 0x06, 0xfc, 0x00,
    0x0f, 0xf1, 0x00, 0xdf, 0x60, 0x00, 0x00, 0x0a,
    0xf8, 0x00, 0x0f, 0xf1, 0x00, 0x4f, 0xe0, 0x00,
    0x00, 0x0e, 0xf3, 0x00, 0x0f, 0xf1, 0x00, 0x0c,
    0xf7, 0x00, 0x00, 0x4f, 0xe0, 0x00, 0x0f, 0xf1,
    0x00, 0x05, 0xfe, 0x00, 0x00, 0xaf, 0x90, 0x00,
    0x0f, 0xf1, 0x00, 0x00, 0xef, 0x50, 0x02, 0xff,
    0x20, 0x00, 0x0f, 0xf1, 0x00, 0x00, 0x8f, 0xc0,
    0x0a, 0xfb, 0x00, 0x00, 0x0f, 0xf1, 0x00, 0x00,
    0x2f, 0xf2, 0x2f, 0xf2, 0x00, 0x00, 0x0f, 0xf1,
    0x00, 0x00, 0x0d, 0xf7, 0x01, 0x50, 0x00, 0x00,
    0x0f, 0xf1, 0x00, 0x00, 0x08, 0x92, 0x00, 0x00,
    0x00, 0x00, 0x0f, 0xf1, 0x00, 0x00, 0x00, 0x00,
    0x00, 0x00, 0x00, 0x00, 0x0f, 0xf1, 0x00, 0x00,
    0x00, 0x00, 0x00, 0x00, 0x08, 0xee, 0xef, 0xf0,
    0x00, 0x00, 0x00, 0x00, 0x00, 0x00, 0x03, 0xff,
    0xfd, 0x50, 0x00, 0x00, 0x00, 0x00, 0x00, 0x00,
    0x00, 0x00, 0x00, 0x00, 0x00, 0x00, 0x00, 0x00,

    /* U+5C4F "屏" */
    0x00, 0x4f, 0xff, 0xff, 0xff, 0xff, 0xff, 0xff,
    0xff, 0x60, 0x00, 0x4f, 0xea, 0xaa, 0xaa, 0xaa,
    0xaa, 0xaa, 0xdf, 0x70, 0x00, 0x4f, 0xa0, 0x00,
    0x00, 0x00, 0x00, 0x00, 0x9f, 0x70, 0x00, 0x4f,
    0xea, 0xaa, 0xaa, 0xaa, 0xaa, 0xaa, 0xdf, 0x70,
    0x00, 0x4f, 0xff, 0xff, 0xff, 0xff, 0xff, 0xff,
    0xff, 0x70, 0x00, 0x4f, 0xa0, 0x06, 0xc2, 0x00,
    0x00, 0x4c, 0x60, 0x00, 0x00, 0x4f, 0xa0, 0x05,
    0xfb, 0x00, 0x00, 0xcf, 0x40, 0x00, 0x00, 0x4f,
    0x95, 0x88, 0xd9, 0x88, 0x89, 0xfe, 0x88, 0x70,
    0x00, 0x5f, 0x9a, 0xff, 0xff, 0xff, 0xff, 0xff,
    0xff, 0xd0, 0x00, 0x5f, 0x80, 0x00, 0xcf, 0x20,
    0x03, 0xfc, 0x00, 0x00, 0x00, 0x6f, 0x70, 0x00,
    0xcf, 0x10, 0x02, 0xfb, 0x00, 0x00, 0x00, 0x8f,
    0x79, 0x99, 0xef, 0x99, 0x9a, 0xfe, 0x99, 0x93,
    0x00, 0xaf, 0x6f, 0xff, 0xff, 0xff, 0xff, 0xff,
    0xff, 0xf6, 0x00, 0xef, 0x10, 0x03, 0xfd, 0x00,
    0x03, 0xfc, 0x00, 0x00, 0x02, 0xfd, 0x00, 0x0b,
    0xf8, 0x00, 0x02, 0xfb, 0x00, 0x00, 0x08, 0xf8,
    0x00, 0xaf, 0xe1, 0x00, 0x02, 0xfb, 0x00, 0x00,
    0x1f, 0xf3, 0x1e, 0xff, 0x30, 0x00, 0x02, 0xfb,
    0x00, 0x00, 0x06, 0xa0, 0x07, 0xb2, 0x00, 0x00,
    0x02, 0xfb, 0x00, 0x00, 0x00, 0x00, 0x00, 0x00,
    0x00, 0x00, 0x00, 0x00, 0x00, 0x00,

    /* U+5C55 "展" */
    0x00, 0x2f, 0xff, 0xff, 0xff, 0xff, 0xff, 0xff,
    0xfe, 0x00, 0x00, 0x2f, 0xea, 0xaa, 0xaa, 0xaa,
    0xaa, 0xaa, 0xff, 0x00, 0x00, 0x2f, 0xc0, 0x00,
    0x00, 0x00, 0x00, 0x00, 0xff, 0x00, 0x00, 0x2f,
    0xea, 0xaa, 0xaa, 0xaa, 0xaa, 0xaa, 0xff, 0x00,
    0x00, 0x2f, 0xff, 0xff, 0xff, 0xff, 0xff, 0xff,
    0xff, 0x00, 0x00, 0x2f, 0xc0, 0x00, 0xba, 0x00,
    0x08, 0xc1, 0x00, 0x00, 0x00, 0x2f, 0xc0, 0x00,
    0xed, 0x00, 0x0b, 0xf2, 0x00, 0x00, 0x00, 0x2f,
    0xbb, 0xff, 0xff, 0xff, 0xff, 0xff, 0xff, 0x30,
    0x00, 0x3f, 0xb6, 0x88, 0xfe, 0x88, 0x8e, 0xf9,
    0x88, 0x20, 0x00, 0x4f, 0x90, 0x00, 0xed, 0x00,
    0x0b, 0xf1, 0x00, 0x00, 0x00, 0x6f, 0xcc, 0xcc,
    0xff, 0xcc, 0xcf, 0xfd, 0xcc, 0xc1, 0x00, 0x8f,
    0xac, 0xdf, 0xec, 0xcf, 0xfc, 0xcc, 0xdc, 0xc0,
    0x00, 0xbf, 0x30, 0x3f, 0x80, 0x0b, 0xf3, 0x06,
    0xfb, 0x00, 0x00, 0xef, 0x00, 0x3f, 0x80, 0x02,
    0xfe, 0xbf, 0xc2, 0x00, 0x03, 0xfc, 0x00, 0x3f,
    0x80, 0x03, 0x6f, 0xfa, 0x00, 0x00, 0x0a, 0xf7,
    0x00, 0x8f, 0xcc, 0xff, 0x45, 0xff, 0xc6, 0x10,
    0x1f, 0xf1, 0x01, 0xff, 0xfd, 0x95, 0x00, 0x2a,
    0xff, 0xe1, 0x02, 0x50, 0x00, 0x65, 0x10, 0x00,
    0x00, 0x00, 0x27, 0x40,

    /* U+5DE5 "工" */
    0x00, 0xee, 0xee, 0xee, 0xee, 0xee, 0xee, 0xee,
    0xee, 0x00, 0x00, 0xff, 0xff, 0xff, 0xff, 0xff,
    0xff, 0xff, 0xff, 0x00, 0x00, 0x00, 0x00, 0x00,
    0x2f, 0xf0, 0x00, 0x00, 0x00, 0x00, 0x00, 0x00,
    0x00, 0x00, 0x2f, 0xf0, 0x00, 0x00, 0x00, 0x00,
    0x00, 0x00, 0x00, 0x00, 0x2f, 0xf0, 0x00, 0x00,
    0x00, 0x00, 0x00, 0x00, 0x00, 0x00, 0x2f, 0xf0,
    0x00, 0x00, 0x00, 0x00, 0x00, 0x00, 0x00, 0x00,
    0x2f, 0xf0, 0x00, 0x00, 0x00, 0x00, 0x00, 0x00,
    0x00, 0x00, 0x2f, 0xf0, 0x00, 0x00, 0x00, 0x00,
    0x00, 0x00, 0x00, 0x00, 0x2f, 0xf0, 0x00, 0x00,
    0x00, 0x00, 0x00, 0x00, 0x00, 0x00, 0x2f, 0xf0,
    0x00, 0x00, 0x00, 0x00, 0x00, 0x00, 0x00, 0x00,
    0x2f, 0xf0, 0x00, 0x00, 0x00, 0x00, 0x00, 0x00,
    0x00, 0x00, 0x2f, 0xf0, 0x00, 0x00, 0x00, 0x00,
    0x00, 0x00, 0x00, 0x00, 0x2f, 0xf0, 0x00, 0x00,
    0x00, 0x00, 0x0c, 0xcc, 0xcc, 0xcc, 0xcf, 0xfc,
    0xcc, 0xcc, 0xcc, 0xc0, 0x0f, 0xff, 0xff, 0xff,
    0xff, 0xff, 0xff, 0xff, 0xff, 0xf1, 0x02, 0x22,
    0x22, 0x22, 0x22, 0x22, 0x22, 0x22, 0x22, 0x20,

    /* U+5E38 "常" */
    0x00, 0x58, 0x00, 0x01, 0xec, 0x00, 0x05, 0x83,
    0x00, 0x00, 0xcf, 0x60, 0x01, 0xfe, 0x00, 0x1e,
    0xf4, 0x00, 0x00, 0x3f, 0xc0, 0x01, 0xfe, 0x00,
    0x8f, 0x60, 0x00, 0x9f, 0xff, 0xff, 0xff, 0xff,
    0xff, 0xff, 0xff, 0xf1, 0xaf, 0xcb, 0xbb, 0xbb,
    0xbb, 0xbb, 0xbb, 0xbe, 0xf1, 0xaf, 0x30, 0x11,
    0x11, 0x11, 0x11, 0x11, 0x0c, 0xf1, 0xaf, 0x3b,
    0xff, 0xff, 0xff, 0xff, 0xff, 0x1c, 0xf1, 0x69,
    0x1b, 0xf6, 0x44, 0x44, 0x44, 0xef, 0x17, 0x91,
    0x00, 0x0b, 0xf2, 0x00, 0x00, 0x00, 0xdf, 0x10,
    0x00, 0x00, 0x0b, 0xff, 0xff, 0xff, 0xff, 0xff,
    0x10, 0x00, 0x00, 0x04, 0x66, 0x66, 0xff, 0x76,
    0x66, 0x00, 0x00, 0x00, 0x00, 0x00, 0x00, 0xef,
    0x10, 0x00, 0x10, 0x00, 0x05, 0xff, 0xff, 0xff,
    0xff, 0xff, 0xff, 0xff, 0x50, 0x05, 0xfc, 0xaa,
    0xaa, 0xff, 0xaa, 0xaa, 0xff, 0x50, 0x05, 0xf6,
    0x00, 0x00, 0xef, 0x00, 0x00, 0xef, 0x50, 0x05,
    0xf6, 0x00, 0x00, 0xef, 0x00, 0x00, 0xef, 0x50,
    0x05, 0xf6, 0x00, 0x00, 0xef, 0x06, 0xff, 0xff,
    0x40, 0x03, 0x93, 0x00, 0x00, 0xef, 0x02, 0xcb,
    0xa6, 0x00, 0x00, 0x00, 0x00, 0x00, 0xef, 0x00,
    0x00, 0x00, 0x00,

    /* U+5E55 "幕" */
    0x00, 0x00, 0x03, 0xb6, 0x00, 0x00, 0x9b, 0x00,
    0x00, 0x00, 0x06, 0x99, 0x9b, 0xfd, 0x99, 0x99,
    0xef, 0x99, 0x99, 0x50, 0x0a, 0xff, 0xff, 0xff,
    0xff, 0xff, 0xff, 0xff, 0xff, 0x90, 0x00, 0x00,
    0x03, 0xc7, 0x00, 0x00, 0x9c, 0x00, 0x00, 0x00,
    0x00, 0x0b, 0xee, 0xee, 0xee, 0xee, 0xee, 0xee,
    0xd0, 0x00, 0x00, 0x0c, 0xf2, 0x22, 0x22, 0x22,
    0x22, 0x2f, 0xe0, 0x00, 0x00, 0x0c, 0xff, 0xff,
    0xff, 0xff, 0xff, 0xff, 0xe0, 0x00, 0x00, 0x0c,
    0xf3, 0x33, 0x33, 0x33, 0x33, 0x3f, 0xe0, 0x00,
    0x00, 0x0c, 0xf6, 0x55, 0x55, 0x55, 0x55, 0x5f,
    0xe0, 0x00, 0x00, 0x0a, 0xdd, 0xef, 0xfd, 0xdd,
    0xdd, 0xdd, 0xc0, 0x00, 0x07, 0x88, 0x88, 0xbf,
    0xc8, 0x88, 0x88, 0x88, 0x88, 0x70, 0x0f, 0xff,
    0xff, 0xff, 0xff, 0xff, 0xff, 0xff, 0xff, 0xf0,
    0x00, 0x00, 0x9f, 0xc0, 0x0f, 0xd0, 0x0a, 0xf8,
    0x00, 0x00, 0x00, 0x4d, 0xff, 0x98, 0x8f, 0xe8,
    0x89, 0xff, 0xd6, 0x00, 0x2c, 0xfe, 0xff, 0xff,
    0xff, 0xff, 0xff, 0xff, 0xef, 0xe2, 0x08, 0x70,
    0xdf, 0x00, 0x0f, 0xd0, 0x00, 0xef, 0x16, 0x50,
    0x00, 0x00, 0xdf, 0x00, 0x0f, 0xd0, 0x56, 0xff,
    0x00, 0x00, 0x00, 0x00, 0xdf, 0x00, 0x0f, 0xd0,
    0x7e, 0xe9, 0x00, 0x00, 0x00, 0x00, 0x00, 0x00,
    0x0f, 0xd0, 0x00, 0x00, 0x00, 0x00,

    /* U+5EA6 "度" */
    0x00, 0x00, 0x00, 0x00, 0x09, 0xe4, 0x00, 0x00,
    0x00, 0x00, 0x00, 0x00, 0x00, 0x00, 0x08, 0xfc,
    0x00, 0x00, 0x00, 0x00, 0x00, 0xcf, 0xff, 0xff,
    0xff, 0xff, 0xff, 0xff, 0xff, 0xd0, 0x00, 0xcf,
    0xcc, 0xcc, 0xcc, 0xcc, 0xcc, 0xcc, 0xcc, 0x90,
    0x00, 0xcf, 0x10, 0x06, 0x90, 0x00, 0x01, 0x97,
    0x00, 0x00, 0x00, 0xcf, 0x10, 0x0b, 0xf2, 0x00,
    0x02, 0xfc, 0x00, 0x00, 0x00, 0xcf, 0xcf, 0xff,
    0xff, 0xff, 0xff, 0xff, 0xff, 0xd0, 0x00, 0xcf,
    0x67, 0x7d, 0xf8, 0x77, 0x78, 0xfd, 0x77, 0x60,
    0x00, 0xdf, 0x00, 0x0b, 0xf1, 0x00, 0x02, 0xfb,
    0x00, 0x00, 0x00, 0xdf, 0x00, 0x0b, 0xfd, 0xdd,
    0xdd, 0xfb, 0x00, 0x00, 0x00, 0xef, 0x00, 0x06,
    0x88, 0x88, 0x88, 0x86, 0x00, 0x00, 0x00, 0xfe,
    0x07, 0x77, 0x77, 0x77, 0x77, 0x77, 0x71, 0x00,
    0x01, 0xfc, 0x1f, 0xff, 0xff, 0xff, 0xff, 0xff,
    0xf5, 0x00, 0x03, 0xfa, 0x00, 0x5f, 0xc1, 0x00,
    0x01, 0xbf, 0x90, 0x00, 0x07, 0xf7, 0x00, 0x08,
    0xfd, 0x40, 0x4d, 0xf9, 0x00, 0x00, 0x0b, 0xf4,
    0x00, 0x00, 0x5f, 0xfe, 0xfe, 0x50, 0x00, 0x00,
    0x1f, 0xf1, 0x35, 0x7a, 0xdf, 0xff, 0xff, 0xc9,
    0x63, 0x10, 0x5f, 0xa0, 0xef, 0xff, 0xc8, 0x30,
    0x5a, 0xef, 0xff, 0xc0, 0x03, 0x20, 0x44, 0x20,
    0x00, 0x00, 0x00, 0x02, 0x57, 0x30,

    /* U+5EB7 "康" */
    0x00, 0x00, 0x00, 0x00, 0x00, 0x00, 0x00, 0x00,
    0x00, 0x00, 0x00, 0x00, 0x00, 0x00, 0x08, 0xe6,
    0x00, 0x00, 0x00, 0x00, 0x00, 0x24, 0x33, 0x33,
    0x37, 0xfe, 0x33, 0x33, 0x33, 0x30, 0x00, 0xbf,
    0xff, 0xff, 0xff, 0xff, 0xff, 0xff, 0xff, 0xe0,
    0x00, 0xbf, 0x87, 0x77, 0x77, 0xef, 0x87, 0x77,
    0x77, 0x60, 0x00, 0xbf, 0x12, 0x33, 0x33, 0xef,
    0x43, 0x33, 0x31, 0x00, 0x00, 0xbf, 0x1b, 0xff,
    0xff, 0xff, 0xff, 0xff, 0xf5, 0x00, 0x00, 0xbf,
    0x11, 0x22, 0x22, 0xef, 0x32, 0x28, 0xf5, 0x00,
    0x00, 0xbf, 0x57, 0x77, 0x77, 0xef, 0x87, 0x7b,
    0xfc, 0x92, 0x00, 0xbf, 0x9e, 0xee, 0xee, 0xff,
    0xee, 0xef, 0xff, 0xf4, 0x00, 0xbf, 0x00, 0x00,
    0x00, 0xdf, 0x10, 0x07, 0xf5, 0x00, 0x00, 0xcf,
    0x0e, 0xff, 0xff, 0xff, 0xff, 0xff, 0xf5, 0x00,
    0x00, 0xde, 0x0a, 0x85, 0x55, 0xef, 0x75, 0x55,
    0x82, 0x00, 0x00, 0xfd, 0x1e, 0xf7, 0x00, 0xdf,
    0xa0, 0x07, 0xfc, 0x00, 0x01, 0xfb, 0x01, 0xbf,
    0x62, 0xef, 0xf9, 0xcf, 0xc2, 0x00, 0x04, 0xf8,
    0x00, 0x0b, 0xbf, 0xff, 0xbf, 0xf7, 0x00, 0x00,
    0x08, 0xf5, 0x18, 0xef, 0xe7, 0xef, 0x1a, 0xfe,
    0x60, 0x00, 0x0d, 0xf2, 0xff, 0xd6, 0x00, 0xdf,
    0x10, 0x6f, 0xfe, 0xa1, 0x3f, 0xb0, 0x85, 0x07,
    0x88, 0xff, 0x00, 0x01, 0x8e, 0x90, 0x08, 0x40,
    0x00, 0x09, 0xff, 0xe8, 0x00, 0x00, 0x00, 0x00,
    0x00, 0x00, 0x00, 0x00, 0x00, 0x00, 0x00, 0x00,
    0x00, 0x00,

    /* U+5F00 "开" */
    0x1c, 0xcc, 0xcc, 0xcc, 0xcc, 0xcc, 0xcc, 0xcc,
    0xc8, 0x01, 0xff, 0xff, 0xff, 0xff, 0xff, 0xff,
    0xff, 0xff, 0xa0, 0x00, 0x00, 0x1f, 0xd0, 0x00,
    0x00, 0xff, 0x00, 0x00, 0x00, 0x00, 0x01, 0xfd,
    0x00, 0x00, 0x0f, 0xf0, 0x00, 0x00, 0x00, 0x00,
    0x1f, 0xd0, 0x00, 0x00, 0xff, 0x00, 0x00, 0x00,
    0x00, 0x01, 0xfd, 0x00, 0x00, 0x0f, 0xf0, 0x00,
    0x00, 0x00, 0x00, 0x1f, 0xd0, 0x00, 0x00, 0xff,
    0x00, 0x00, 0x08, 0xbb, 0xbb, 0xff, 0xbb, 0xbb,
    0xbf, 0xfb, 0xbb, 0xb3, 0xcf, 0xff, 0xff, 0xff,
    0xff, 0xff, 0xff, 0xff, 0xff, 0x41, 0x11, 0x15,
    0xfb, 0x11, 0x11, 0x1f, 0xf1, 0x11, 0x10, 0x00,
    0x00, 0x7f, 0x90, 0x00, 0x00, 0xff, 0x00, 0x00,
    0x00, 0x00, 0x0b, 0xf6, 0x00, 0x00, 0x0f, 0xf0,
    0x00, 0x00, 0x00, 0x01, 0xff, 0x10, 0x00, 0x00,
    0xff, 0x00, 0x00, 0x00, 0x00, 0xaf, 0xb0, 0x00,
    0x00, 0x0f, 0xf0, 0x00, 0x00, 0x00, 0x5f, 0xf3,
    0x00, 0x00, 0x00, 0xff, 0x00, 0x00, 0x00, 0x6f,
    0xf8, 0x00, 0x00, 0x00, 0x0f, 0xf0, 0x00, 0x00,
    0x6f, 0xfa, 0x00, 0x00, 0x00, 0x00, 0xff, 0x00,
    0x00, 0x00, 0xb8, 0x00, 0x00, 0x00, 0x00, 0x0f,
    0xf0, 0x00, 0x00, 0x00, 0x00, 0x00, 0x00, 0x00,
    0x00, 0x00, 0x00, 0x00, 0x00,

    /* U+5F0F "式" */
    0x00, 0x00, 0x00, 0x00, 0x00, 0x89, 0x10, 0x60,
    0x00, 0x00, 0x00, 0x00, 0x00, 0x00, 0x0e, 0xf2,
    0x7f, 0xc1, 0x00, 0x00, 0x00, 0x00, 0x00, 0x00,
    0xdf, 0x20, 0x7f, 0xe1, 0x01, 0x11, 0x11, 0x11,
    0x11, 0x1d, 0xf3, 0x11, 0x78, 0x10, 0xff, 0xff,
    0xff, 0xff, 0xff, 0xff, 0xff, 0xff, 0xff, 0x0b,
    0xcc, 0xcc, 0xcc, 0xcc, 0xcf, 0xfd, 0xcc, 0xcc,
    0xc0, 0x00, 0x00, 0x00, 0x00, 0x00, 0xaf, 0x50,
    0x00, 0x00, 0x00, 0x00, 0x00, 0x00, 0x00, 0x09,
    0xf6, 0x00, 0x00, 0x00, 0x2d, 0xdd, 0xdd, 0xdd,
    0xd7, 0x7f, 0x80, 0x00, 0x00, 0x03, 0xff, 0xff,
    0xff, 0xff, 0x85, 0xfa, 0x00, 0x00, 0x00, 0x00,
    0x00, 0xdf, 0x00, 0x00, 0x3f, 0xd0, 0x00, 0x00,
    0x00, 0x00, 0x0d, 0xf0, 0x00, 0x00, 0xff, 0x00,
    0x00, 0x00, 0x00, 0x00, 0xdf, 0x00, 0x00, 0x0c,
    0xf3, 0x00, 0x00, 0x00, 0x00, 0x0d, 0xf0, 0x00,
    0x00, 0x8f, 0x80, 0x03, 0x70, 0x00, 0x00, 0xdf,
    0x03, 0x7a, 0x14, 0xfd, 0x00, 0x5f, 0x60, 0x02,
    0x5e, 0xff, 0xff, 0xf2, 0x0e, 0xf4, 0x06, 0xf4,
    0x9f, 0xff, 0xff, 0xea, 0x51, 0x00, 0x6f, 0xe2,
    0xaf, 0x19, 0xfe, 0xa6, 0x20, 0x00, 0x00, 0x00,
    0xcf, 0xff, 0xd0, 0x23, 0x00, 0x00, 0x00, 0x00,
    0x00, 0x01, 0xaf, 0xd3, 0x00,

    /* U+5F62 "形" */
    0x00, 0x00, 0x00, 0x00, 0x00, 0x00, 0x00, 0x00,
    0x34, 0x00, 0x0a, 0xbb, 0xbb, 0xbb, 0xbb, 0xb6,
    0x00, 0x03, 0xef, 0x40, 0x0e, 0xff, 0xff, 0xff,
    0xff, 0xf9, 0x00, 0x4f, 0xf6, 0x00, 0x01, 0x1c,
    0xf1, 0x12, 0xfd, 0x10, 0x08, 0xff, 0x50, 0x00,
    0x00, 0x0c, 0xf0, 0x01, 0xfc, 0x02, 0xdf, 0xe3,
    0x00, 0x00, 0x00, 0x0c, 0xf0, 0x01, 0xfc, 0x00,
    0x9a, 0x10, 0x00, 0x00, 0x00, 0x0c, 0xf0, 0x01,
    0xfc, 0x00, 0x00, 0x00, 0x2d, 0x80, 0x00, 0x0c,
    0xf1, 0x02, 0xfc, 0x00, 0x00, 0x02, 0xef, 0x60,
    0x4f, 0xff, 0xff, 0xff, 0xff, 0xfd, 0x00, 0x4e,
    0xf7, 0x00, 0x3b, 0xbf, 0xfb, 0xbb, 0xff, 0xb9,
    0x08, 0xff, 0x60, 0x00, 0x00, 0x0d, 0xf0, 0x01,
    0xfc, 0x00, 0xdf, 0xe3, 0x00, 0x00, 0x00, 0x0e,
    0xe0, 0x01, 0xfc, 0x00, 0x4a, 0x10, 0x03, 0x40,
    0x00, 0x0f, 0xc0, 0x01, 0xfc, 0x00, 0x00, 0x00,
    0x1e, 0xf4, 0x00, 0x3f, 0xa0, 0x01, 0xfc, 0x00,
    0x00, 0x00, 0xbf, 0xa0, 0x00, 0x8f, 0x60, 0x01,
    0xfc, 0x00, 0x00, 0x0b, 0xfc, 0x00, 0x00, 0xdf,
    0x20, 0x01, 0xfc, 0x00, 0x02, 0xdf, 0xc1, 0x00,
    0x06, 0xfb, 0x00, 0x01, 0xfc, 0x00, 0x8f, 0xfb,
    0x10, 0x00, 0x2f, 0xf3, 0x00, 0x01, 0xfc, 0x1e,
    0xff, 0x80, 0x00, 0x00, 0x09, 0x80, 0x00, 0x01,
    0xfc, 0x05, 0xc2, 0x00, 0x00, 0x00, 0x00, 0x00,
    0x00, 0x00, 0x00, 0x00, 0x00, 0x00, 0x00, 0x00,

    /* U+6062 "恢" */
    0x00, 0x06, 0x80, 0x00, 0x01, 0x84, 0x00, 0x00,
    0x00, 0x00, 0x00, 0x0c, 0xf0, 0x00, 0x03, 0xf8,
    0x00, 0x00, 0x00, 0x00, 0x00, 0x0c, 0xf0, 0x00,
    0x05, 0xf6, 0x00, 0x00, 0x00, 0x00, 0x00, 0x0c,
    0xf6, 0x3f, 0xff, 0xff, 0xff, 0xff, 0xff, 0xe0,
    0x07, 0xdc, 0xfd, 0xab, 0xbe, 0xfc, 0xbb, 0xbb,
    0xbb, 0xa0, 0x08, 0xec, 0xf8, 0xf0, 0x0c, 0xf0,
    0x00, 0x94, 0x00, 0x00, 0x0a, 0xcc, 0xf3, 0xf4,
    0x0f, 0xc0, 0x00, 0xf8, 0x00, 0x00, 0x0d, 0xac,
    0xf0, 0xb2, 0x2f, 0x94, 0x81, 0xf7, 0x09, 0x50,
    0x1f, 0x7c, 0xf0, 0x00, 0x6f, 0x68, 0xe3, 0xf6,
    0x1f, 0x70, 0x19, 0x2c, 0xf0, 0x00, 0xbf, 0x1c,
    0xa5, 0xf4, 0x5f, 0x30, 0x00, 0x0c, 0xf0, 0x01,
    0xfc, 0x0f, 0x67, 0xf2, 0x9e, 0x00, 0x00, 0x0c,
    0xf0, 0x07, 0xf7, 0x6f, 0x1a, 0xf1, 0xf9, 0x00,
    0x00, 0x0c, 0xf0, 0x0e, 0xf1, 0x27, 0x0e, 0xf4,
    0x63, 0x00, 0x00, 0x0c, 0xf0, 0x8f, 0x90, 0x00,
    0x4f, 0xfa, 0x00, 0x00, 0x00, 0x0c, 0xf3, 0xfe,
    0x10, 0x00, 0xcf, 0xbf, 0x30, 0x00, 0x00, 0x0c,
    0xf0, 0x95, 0x00, 0x08, 0xfa, 0x1f, 0xd0, 0x00,
    0x00, 0x0c, 0xf0, 0x00, 0x00, 0x9f, 0xe1, 0x07,
    0xfc, 0x10, 0x00, 0x0c, 0xf0, 0x00, 0x4e, 0xfe,
    0x20, 0x00, 0xaf, 0xe1, 0x00, 0x0c, 0xf0, 0x00,
    0x0c, 0x91, 0x00, 0x00, 0x08, 0x60, 0x00, 0x00,
    0x00, 0x00, 0x00, 0x00, 0x00, 0x00, 0x00, 0x00,

    /* U+62A5 "报" */
    0x00, 0x03, 0xe9, 0x00, 0x00, 0x00, 0x00, 0x00,
    0x10, 0x00, 0x00, 0x03, 0xfb, 0x00, 0x5f, 0xff,
    0xff, 0xff, 0xff, 0x40, 0x00, 0x03, 0xfb, 0x00,
    0x5f, 0xdb, 0xbb, 0xbb, 0xef, 0x40, 0x00, 0x03,
    0xfb, 0x00, 0x5f, 0x80, 0x00, 0x00, 0xbf, 0x30,
    0x0d, 0xef, 0xff, 0xec, 0x5f, 0x80, 0x00, 0x00,
    0xef, 0x10, 0x0b, 0xcd, 0xff, 0xca, 0x5f, 0x80,
    0x7f, 0xef, 0xfd, 0x00, 0x00, 0x03, 0xfb, 0x00,
    0x5f, 0x80, 0x29, 0x99, 0x71, 0x00, 0x00, 0x03,
    0xfb, 0x00, 0x5f, 0x91, 0x11, 0x11, 0x11, 0x00,
    0x00, 0x03, 0xfb, 0x00, 0x5f, 0xff, 0xff, 0xff,
    0xff, 0xb0, 0x00, 0x03, 0xfd, 0xbc, 0x5f, 0xdf,
    0xea, 0xaa, 0xcf, 0xa0, 0x06, 0xae, 0xff, 0xfe,
    0x5f, 0x8c, 0xf1, 0x00, 0x9f, 0x50, 0x0f, 0xff,
    0xfd, 0x30, 0x5f, 0x85, 0xf9, 0x00, 0xef, 0x00,
    0x08, 0x55, 0xfb, 0x00, 0x5f, 0x80, 0xdf, 0x26,
    0xf9, 0x00, 0x00, 0x03, 0xfb, 0x00, 0x5f, 0x80,
    0x4f, 0xde, 0xf2, 0x00, 0x00, 0x03, 0xfb, 0x00,
    0x5f, 0x80, 0x0a, 0xff, 0x80, 0x00, 0x00, 0x03,
    0xfb, 0x00, 0x5f, 0x80, 0x09, 0xff, 0xa0, 0x00,
    0x00, 0x03, 0xfb, 0x00, 0x5f, 0x81, 0xbf, 0xee,
    0xfd, 0x30, 0x0b, 0xce, 0xf9, 0x00, 0x5f, 0xce,
    0xfd, 0x22, 0xdf, 0xf3, 0x08, 0xfe, 0xb2, 0x00,
    0x5f, 0x8b, 0x90, 0x00, 0x08, 0x80, 0x00, 0x00,
    0x00, 0x00, 0x00, 0x00, 0x00, 0x00, 0x00, 0x00,

    /* U+6301 "持" */
    0x00, 0x0a, 0xd0, 0x00, 0x00, 0x00, 0x9c, 0x10,
    0x00, 0x00, 0x00, 0x0c, 0xf0, 0x00, 0x00, 0x00,
    0xbf, 0x10, 0x00, 0x00, 0x00, 0x0c, 0xf0, 0x00,
    0x66, 0x66, 0xdf, 0x76, 0x66, 0x10, 0x00, 0x0c,
    0xf0, 0x00, 0xef, 0xff, 0xff, 0xff, 0xff, 0x40,
    0x3f, 0xff, 0xff, 0xe0, 0x45, 0x55, 0xdf, 0x55,
    0x55, 0x10, 0x2c, 0xcf, 0xfc, 0xb0, 0x00, 0x00,
    0xbf, 0x10, 0x00, 0x00, 0x00, 0x0c, 0xf0, 0x06,
    0x77, 0x77, 0xdf, 0x87, 0x77, 0x72, 0x00, 0x0c,
    0xf0, 0x0e, 0xff, 0xff, 0xff, 0xff, 0xff, 0xf4,
    0x00, 0x0c, 0xf0, 0x04, 0x55, 0x55, 0x55, 0x7f,
    0xc5, 0x51, 0x00, 0x0c, 0xfc, 0xd0, 0x00, 0x00,
    0x00, 0x2f, 0xb0, 0x00, 0x3a, 0xef, 0xff, 0xa7,
    0xcc, 0xcc, 0xcc, 0xdf, 0xfc, 0xc2, 0x4f, 0xef,
    0xf0, 0x08, 0xff, 0xff, 0xff, 0xff, 0xff, 0xf2,
    0x04, 0x0c, 0xf0, 0x00, 0x05, 0x40, 0x00, 0x2f,
    0xb0, 0x00, 0x00, 0x0c, 0xf0, 0x00, 0x2f, 0xe1,
    0x00, 0x2f, 0xb0, 0x00, 0x00, 0x0c, 0xf0, 0x00,
    0x08, 0xfa, 0x00, 0x2f, 0xb0, 0x00, 0x00, 0x0c,
    0xf0, 0x00, 0x00, 0xef, 0x20, 0x2f, 0xb0, 0x00,
    0x00, 0x0c, 0xf0, 0x00, 0x00, 0x68, 0x00, 0x2f,
    0xb0, 0x00, 0x09, 0xcf, 0xe0, 0x00, 0x00, 0x00,
    0x8b, 0xcf, 0xa0, 0x00, 0x07, 0xfd, 0x50, 0x00,
    0x00, 0x00, 0x7f, 0xfd, 0x30, 0x00, 0x00, 0x00,
    0x00, 0x00, 0x00, 0x00, 0x00, 0x00, 0x00, 0x00,

    /* U+632F "振" */
    0x00, 0x0b, 0xe0, 0x00, 0x00, 0x00, 0x00, 0x00,
    0x00, 0x00, 0x00, 0x0d, 0xf0, 0x00, 0xff, 0xff,
    0xff, 0xff, 0xff, 0xc0, 0x00, 0x0d, 0xf0, 0x00,
    0xff, 0xbb, 0xbb, 0xbb, 0xbb, 0x80, 0x00, 0x0d,
    0xf0, 0x00, 0xfc, 0x00, 0x00, 0x00, 0x00, 0x00,
    0x0f, 0xff, 0xff, 0xe0, 0xfc, 0x3b, 0xbb, 0xbb,
    0xbb, 0x20, 0x0c, 0xcf, 0xfc, 0xb0, 0xfc, 0x4f,
    0xff, 0xff, 0xff, 0x30, 0x00, 0x0d, 0xf0, 0x00,
    0xfc, 0x00, 0x00, 0x00, 0x00, 0x00, 0x00, 0x0d,
    0xf0, 0x00, 0xfd, 0x22, 0x22, 0x22, 0x22, 0x20,
    0x00, 0x0d, 0xf0, 0x00, 0xff, 0xff, 0xff, 0xff,
    0xff, 0xf0, 0x00, 0x0d, 0xf8, 0xc0, 0xfe, 0x8f,
    0xd9, 0xf9, 0x88, 0x80, 0x16, 0xaf, 0xff, 0xf1,
    0xfc, 0x1f, 0xa1, 0xf5, 0x07, 0x30, 0x3f, 0xff,
    0xf5, 0x11, 0xfb, 0x1f, 0xa0, 0xda, 0x7f, 0xb0,
    0x09, 0x4d, 0xf0, 0x02, 0xfa, 0x1f, 0xa0, 0x8f,
    0xfa, 0x00, 0x00, 0x0d, 0xf0, 0x04, 0xf9, 0x1f,
    0xa0, 0x3f, 0xa0, 0x00, 0x00, 0x0d, 0xf0, 0x06,
    0xf7, 0x1f, 0xa0, 0x0c, 0xe1, 0x00, 0x00, 0x0d,
    0xf0, 0x09, 0xf4, 0x1f, 0xa0, 0x56, 0xfa, 0x00,
    0x00, 0x0d, 0xf0, 0x0d, 0xf0, 0x2f, 0xee, 0xf3,
    0xcf, 0x90, 0x05, 0xbf, 0xf0, 0x4f, 0xb0, 0x8f,
    0xfd, 0x60, 0x1e, 0xe1, 0x03, 0xfe, 0x60, 0x2c,
    0x50, 0x5d, 0x50, 0x00, 0x02, 0x30, 0x00, 0x00,
    0x00, 0x00, 0x00, 0x00, 0x00, 0x00, 0x00, 0x00,

    /* U+63A5 "接" */
    0x00, 0x0d, 0xa0, 0x00, 0x00, 0x03, 0x95, 0x00,
    0x00, 0x00, 0x00, 0x0f, 0xc0, 0x00, 0x00, 0x00,
    0xee, 0x00, 0x00, 0x00, 0x00, 0x0f, 0xc0, 0x02,
    0xee, 0xee, 0xff, 0xfe, 0xee, 0xc0, 0x00, 0x0f,
    0xc0, 0x01, 0xbb, 0xcb, 0xbb, 0xbc, 0xbb, 0x90,
    0x3f, 0xff, 0xff, 0x90, 0x07, 0xf3, 0x00, 0x0e,
    0xd0, 0x00, 0x2c, 0xcf, 0xfc, 0x80, 0x02, 0xfc,
    0x00, 0x6f, 0x70, 0x00, 0x00, 0x0f, 0xc0, 0x00,
    0x11, 0xaa, 0x11, 0xde, 0x11, 0x10, 0x00, 0x0f,
    0xc0, 0x0c, 0xff, 0xff, 0xff, 0xff, 0xff, 0xf4,
    0x00, 0x0f, 0xc0, 0x07, 0x99, 0x9c, 0xda, 0x99,
    0x99, 0x92, 0x00, 0x0f, 0xeb, 0x70, 0x00, 0x0c,
    0xf1, 0x00, 0x00, 0x00, 0x39, 0xdf, 0xff, 0x8a,
    0xaa, 0xbf, 0xea, 0xaa, 0xaa, 0xa5, 0x4f, 0xef,
    0xd0, 0x1f, 0xff, 0xff, 0xff, 0xff, 0xff, 0xf7,
    0x03, 0x0f, 0xc0, 0x00, 0x07, 0xf7, 0x00, 0x0e,
    0xf0, 0x00, 0x00, 0x0f, 0xc0, 0x00, 0x3f, 0xe1,
    0x00, 0x6f, 0xa0, 0x00, 0x00, 0x0f, 0xc0, 0x00,
    0x9f, 0xff, 0xa5, 0xff, 0x20, 0x00, 0x00, 0x0f,
    0xc0, 0x00, 0x00, 0x6c, 0xff, 0xfa, 0x00, 0x00,
    0x00, 0x0f, 0xc0, 0x00, 0x01, 0x5b, 0xff, 0xff,
    0xc4, 0x00, 0x0a, 0xcf, 0xb0, 0x3b, 0xdf, 0xff,
    0xa2, 0x2b, 0xff, 0x90, 0x08, 0xfc, 0x30, 0x0d,
    0xd9, 0x51, 0x00, 0x00, 0x4d, 0x40, 0x00, 0x00,
    0x00, 0x00, 0x00, 0x00, 0x00, 0x00, 0x00, 0x00,

    /* U+6587 "文" */
    0x00, 0x00, 0x00, 0x00, 0x00, 0x10, 0x00, 0x00,
    0x00, 0x00, 0x00, 0x00, 0x00, 0x00, 0x5f, 0xc0,
    0x00, 0x00, 0x00, 0x00, 0x00, 0x00, 0x00, 0x00,
    0x1f, 0xf5, 0x00, 0x00, 0x00, 0x00, 0x00, 0x00,
    0x00, 0x00, 0x09, 0xfa, 0x00, 0x00, 0x00, 0x00,
    0x0a, 0xaa, 0xaa, 0xaa, 0xac, 0xda, 0xaa, 0xaa,
    0xaa, 0xa1, 0x0f, 0xff, 0xff, 0xff, 0xff, 0xff,
    0xff, 0xff, 0xff, 0xf2, 0x03, 0x33, 0xcf, 0x63,
    0x33, 0x33, 0x37, 0xfe, 0x33, 0x30, 0x00, 0x00,
    0x6f, 0xa0, 0x00, 0x00, 0x0a, 0xf8, 0x00, 0x00,
    0x00, 0x00, 0x0e, 0xf2, 0x00, 0x00, 0x2f, 0xf1,
    0x00, 0x00, 0x00, 0x00, 0x06, 0xfc, 0x00, 0x00,
    0xbf, 0x80, 0x00, 0x00, 0x00, 0x00, 0x00, 0xcf,
    0x70, 0x05, 0xfe, 0x10, 0x00, 0x00, 0x00, 0x00,
    0x00, 0x2f, 0xf4, 0x2f, 0xf5, 0x00, 0x00, 0x00,
    0x00, 0x00, 0x00, 0x06, 0xff, 0xef, 0x90, 0x00,
    0x00, 0x00, 0x00, 0x00, 0x00, 0x00, 0xaf, 0xfd,
    0x00, 0x00, 0x00, 0x00, 0x00, 0x00, 0x00, 0x06,
    0xff, 0xff, 0x80, 0x00, 0x00, 0x00, 0x00, 0x00,
    0x03, 0xbf, 0xf9, 0x7f, 0xfd, 0x40, 0x00, 0x00,
    0x00, 0x05, 0xbf, 0xfe, 0x40, 0x03, 0xdf, 0xfd,
    0x60, 0x00, 0x19, 0xef, 0xfe, 0x70, 0x00, 0x00,
    0x07, 0xef, 0xff, 0xb2, 0x0b, 0xfd, 0x60, 0x00,
    0x00, 0x00, 0x00, 0x06, 0xcf, 0xa0, 0x02, 0x20,
    0x00, 0x00, 0x00, 0x00, 0x00, 0x00, 0x01, 0x10,

    /* U+65B9 "方" */
    0x00, 0x00, 0x00, 0x00, 0x00, 0x20, 0x00, 0x00,
    0x00, 0x00, 0x00, 0x00, 0x00, 0x00, 0x1d, 0xf1,
    0x00, 0x00, 0x00, 0x00, 0x00, 0x00, 0x00, 0x00,
    0x0b, 0xf9, 0x00, 0x00, 0x00, 0x00, 0x00, 0x00,
    0x00, 0x00, 0x03, 0xfd, 0x00, 0x00, 0x00, 0x00,
    0x07, 0xbb, 0xbb, 0xbb, 0xbb, 0xfb, 0xbb, 0xbb,
    0xbb, 0xb0, 0x09, 0xff, 0xff, 0xff, 0xff, 0xff,
    0xff, 0xff, 0xff, 0xf0, 0x00, 0x11, 0x11, 0x6f,
    0xc1, 0x11, 0x11, 0x11, 0x11, 0x10, 0x00, 0x00,
    0x00, 0x6f, 0xa0, 0x00, 0x00, 0x00, 0x00, 0x00,
    0x00, 0x00, 0x00, 0x7f, 0x90, 0x00, 0x00, 0x00,
    0x00, 0x00, 0x00, 0x00, 0x00, 0x9f, 0xed, 0xdd,
    0xdd, 0xdd, 0xd1, 0x00, 0x00, 0x00, 0x00, 0xbf,
    0xff, 0xff, 0xff, 0xff, 0xf0, 0x00, 0x00, 0x00,
    0x00, 0xef, 0x20, 0x00, 0x00, 0x0f, 0xf0, 0x00,
    0x00, 0x00, 0x02, 0xfe, 0x00, 0x00, 0x00, 0x1f,
    0xe0, 0x00, 0x00, 0x00, 0x07, 0xfa, 0x00, 0x00,
    0x00, 0x2f, 0xc0, 0x00, 0x00, 0x00, 0x0e, 0xf4,
    0x00, 0x00, 0x00, 0x4f, 0xb0, 0x00, 0x00, 0x00,
    0x7f, 0xd0, 0x00, 0x00, 0x00, 0x6f, 0x90, 0x00,
    0x00, 0x03, 0xff, 0x50, 0x00, 0x00, 0x00, 0x9f,
    0x60, 0x00, 0x00, 0x3f, 0xfa, 0x00, 0x00, 0x00,
    0x00, 0xef, 0x30, 0x00, 0x08, 0xff, 0xb0, 0x00,
    0x03, 0xdc, 0xcd, 0xfd, 0x00, 0x00, 0x04, 0xf8,
    0x00, 0x00, 0x00, 0xff, 0xff, 0xc3, 0x00, 0x00,
    0x00, 0x10, 0x00, 0x00, 0x00, 0x00, 0x00, 0x00,
    0x00, 0x00,

    /* U+65CB "旋" */
    0x00, 0x02, 0xa5, 0x00, 0x00, 0x1e, 0x90, 0x00,
    0x00, 0x00, 0x00, 0x01, 0xfd, 0x00, 0x00, 0x6f,
    0xa0, 0x00, 0x00, 0x00, 0x00, 0x00, 0x8f, 0x40,
    0x00, 0xcf, 0xa7, 0x77, 0x77, 0x72, 0x0c, 0xcc,
    0xdf, 0xcc, 0xc5, 0xff, 0xff, 0xff, 0xff, 0xf5,
    0x0f, 0xff, 0xff, 0xff, 0xfe, 0xf8, 0x44, 0x44,
    0x44, 0x41, 0x00, 0x0e, 0xe0, 0x00, 0x9f, 0xd0,
    0x00, 0x00, 0x00, 0x00, 0x00, 0x0f, 0xd0, 0x00,
    0x3c, 0xec, 0xcc, 0xcc, 0xcc, 0xb1, 0x00, 0x0f,
    0xfb, 0xbb, 0x21, 0xbb, 0xbe, 0xfb, 0xbf, 0xe0,
    0x00, 0x0f, 0xff, 0xff, 0x30, 0x00, 0x0b, 0xf0,
    0x1f, 0x90, 0x00, 0x0f, 0xb0, 0x8f, 0x30, 0x66,
    0x0b, 0xf0, 0x5f, 0x30, 0x00, 0x1f, 0xa0, 0x8f,
    0x30, 0xdd, 0x0b, 0xf0, 0x00, 0x00, 0x00, 0x3f,
    0x90, 0x9f, 0x20, 0xec, 0x0b, 0xff, 0xff, 0x90,
    0x00, 0x5f, 0x70, 0x9f, 0x20, 0xfb, 0x0b, 0xfa,
    0xaa, 0x60, 0x00, 0x8f, 0x40, 0xaf, 0x11, 0xfe,
    0x0b, 0xf0, 0x00, 0x00, 0x00, 0xcf, 0x10, 0xaf,
    0x05, 0xff, 0x3b, 0xf0, 0x00, 0x00, 0x01, 0xfd,
    0x00, 0xbf, 0x0a, 0xff, 0xcb, 0xf0, 0x00, 0x00,
    0x09, 0xf8, 0x00, 0xde, 0x2f, 0xe6, 0xff, 0xf0,
    0x00, 0x00, 0x1f, 0xf1, 0x9b, 0xfc, 0xaf, 0x70,
    0x9f, 0xfc, 0xbb, 0xb5, 0x05, 0x70, 0x9f, 0xe4,
    0x1b, 0x00, 0x05, 0xcf, 0xff, 0xf3, 0x00, 0x00,
    0x00, 0x00, 0x00, 0x00, 0x00, 0x00, 0x00, 0x00,

    /* U+65E5 "日" */
    0xbd, 0xdd, 0xdd, 0xdd, 0xdd, 0xdd, 0xd4, 0xef,
    0xff, 0xff, 0xff, 0xff, 0xff, 0xf6, 0xef, 0x21,
    0x11, 0x11, 0x11, 0x1b, 0xf6, 0xef, 0x10, 0x00,
    0x00, 0x00, 0x0a, 0xf6, 0xef, 0x10, 0x00, 0x00,
    0x00, 0x0a, 0xf6, 0xef, 0x10, 0x00, 0x00, 0x00,
    0x0a, 0xf6, 0xef, 0x10, 0x00, 0x00, 0x00, 0x0a,
    0xf6, 0xef, 0xdd, 0xdd, 0xdd, 0xdd, 0xdf, 0xf6,
    0xef, 0xff, 0xff, 0xff, 0xff, 0xff, 0xf6, 0xef,
    0x10, 0x00, 0x00, 0x00, 0x0a, 0xf6, 0xef, 0x10,
    0x00, 0x00, 0x00, 0x0a, 0xf6, 0xef, 0x10, 0x00,
    0x00, 0x00, 0x0a, 0xf6, 0xef, 0x10, 0x00, 0x00,
    0x00, 0x0a, 0xf6, 0xef, 0x10, 0x00, 0x00, 0x00,
    0x0a, 0xf6, 0xef, 0xed, 0xdd, 0xdd, 0xdd, 0xdf,
    0xf6, 0xef, 0xff, 0xff, 0xff, 0xff, 0xff, 0xf6,
    0xef, 0x10, 0x00, 0x00, 0x00, 0x0a, 0xf6, 0xef,
    0x10, 0x00, 0x00, 0x00, 0x0a, 0xf6, 0x11, 0x00,
    0x00, 0x00, 0x00, 0x00, 0x00,

    /* U+65F6 "时" */
    0x00, 0x00, 0x00, 0x00, 0x00, 0x00, 0x00, 0xca,
    0x00, 0x03, 0x44, 0x44, 0x43, 0x00, 0x00, 0x00,
    0x1f, 0xd0, 0x00, 0xbf, 0xff, 0xff, 0xd0, 0x00,
    0x00, 0x01, 0xfd, 0x00, 0x0b, 0xf7, 0x77, 0xfd,
    0x00, 0x00, 0x00, 0x1f, 0xd0, 0x00, 0xbf, 0x10,
    0x0f, 0xd5, 0xff, 0xff, 0xff, 0xff, 0xff, 0x1b,
    0xf1, 0x00, 0xfd, 0x4d, 0xdd, 0xdd, 0xef, 0xfd,
    0xd1, 0xbf, 0x10, 0x0f, 0xd0, 0x00, 0x00, 0x01,
    0xfd, 0x00, 0x0b, 0xfa, 0x99, 0xfd, 0x01, 0x80,
    0x00, 0x1f, 0xd0, 0x00, 0xbf, 0xff, 0xff, 0xd0,
    0x9f, 0x80, 0x01, 0xfd, 0x00, 0x0b, 0xf1, 0x00,
    0xfd, 0x01, 0xef, 0x30, 0x1f, 0xd0, 0x00, 0xbf,
    0x10, 0x0f, 0xd0, 0x05, 0xfd, 0x01, 0xfd, 0x00,
    0x0b, 0xf1, 0x00, 0xfd, 0x00, 0x0b, 0xf8, 0x1f,
    0xd0, 0x00, 0xbf, 0x10, 0x0f, 0xd0, 0x00, 0x2a,
    0x21, 0xfd, 0x00, 0x0b, 0xfb, 0xbb, 0xfd, 0x00,
    0x00, 0x00, 0x1f, 0xd0, 0x00, 0xbf, 0xff, 0xff,
    0xd0, 0x00, 0x00, 0x01, 0xfd, 0x00, 0x0b, 0xf1,
    0x00, 0x00, 0x00, 0x00, 0x00, 0x1f, 0xd0, 0x00,
    0x69, 0x00, 0x00, 0x00, 0x00, 0x00, 0x01, 0xfd,
    0x00, 0x00, 0x00, 0x00, 0x00, 0x00, 0x0b, 0xdd,
    0xdf, 0xb0, 0x00, 0x00, 0x00, 0x00, 0x00, 0x00,
    0x8f, 0xff, 0xc3, 0x00, 0x00, 0x00, 0x00, 0x00,
    0x00, 0x00, 0x00, 0x00, 0x00, 0x00,

    /* U+661F "星" */
    0x00, 0x01, 0x22, 0x22, 0x22, 0x22, 0x22, 0x22,
    0x10, 0x00, 0x00, 0xcf, 0xff, 0xff, 0xff, 0xff,
    0xff, 0xfe, 0x00, 0x00, 0x0c, 0xf6, 0x55, 0x55,
    0x55, 0x55, 0x6f, 0xe0, 0x00, 0x00, 0xcf, 0x43,
    0x33, 0x33, 0x33, 0x34, 0xfe, 0x00, 0x00, 0x0c,
    0xff, 0xff, 0xff, 0xff, 0xff, 0xff, 0xe0, 0x00,
    0x00, 0xcf, 0x43, 0x33, 0x33, 0x33, 0x34, 0xfe,
    0x00, 0x00, 0x0c, 0xf5, 0x55, 0x55, 0x55, 0x55,
    0x5f, 0xe0, 0x00, 0x00, 0xcf, 0xff, 0xff, 0xff,
    0xff, 0xff, 0xfe, 0x00, 0x00, 0x01, 0xdb, 0x32,
    0x29, 0x92, 0x22, 0x22, 0x20, 0x00, 0x00, 0x6f,
    0xc0, 0x00, 0xff, 0x00, 0x00, 0x00, 0x00, 0x00,
    0x3f, 0xff, 0xff, 0xff, 0xff, 0xff, 0xff, 0xf8,
    0x00, 0x2e, 0xfa, 0x99, 0x99, 0xff, 0x99, 0x99,
    0x99, 0x40, 0x0c, 0xf8, 0x00, 0x00, 0x0f, 0xf0,
    0x00, 0x00, 0x00, 0x00, 0x05, 0x5f, 0xff, 0xff,
    0xff, 0xff, 0xff, 0xfb, 0x00, 0x00, 0x03, 0x88,
    0x88, 0x8f, 0xf8, 0x88, 0x88, 0x60, 0x00, 0x00,
    0x00, 0x00, 0x00, 0xff, 0x00, 0x00, 0x00, 0x00,
    0x03, 0x44, 0x44, 0x44, 0x4f, 0xf4, 0x44, 0x44,
    0x44, 0x30, 0xdf, 0xff, 0xff, 0xff, 0xff, 0xff,
    0xff, 0xff, 0xfc, 0x0d, 0xff, 0xff, 0xff, 0xff,
    0xff, 0xff, 0xff, 0xff, 0xc0,

    /* U+6642 "時" */
    0x00, 0x00, 0x00, 0x00, 0x00, 0x0b, 0xe1, 0x00,
    0x00, 0x07, 0xba, 0xaa, 0x90, 0x00, 0x00, 0xcf,
    0x10, 0x00, 0x00, 0xcf, 0xff, 0xff, 0x08, 0x99,
    0x9e, 0xfa, 0x99, 0x92, 0x0c, 0xf1, 0x1c, 0xf0,
    0xdf, 0xff, 0xff, 0xff, 0xff, 0x40, 0xcf, 0x00,
    0xcf, 0x00, 0x00, 0x0c, 0xf2, 0x00, 0x00, 0x0c,
    0xf0, 0x0c, 0xf0, 0x00, 0x00, 0xcf, 0x10, 0x00,
    0x00, 0xcf, 0x00, 0xcf, 0x7d, 0xdd, 0xdf, 0xfd,
    0xdd, 0xdd, 0x2c, 0xff, 0xff, 0xf8, 0xdd, 0xdd,
    0xdd, 0xdf, 0xfd, 0xd2, 0xcf, 0xbb, 0xff, 0x00,
    0x00, 0x00, 0x00, 0xfd, 0x00, 0x0c, 0xf0, 0x0c,
    0xf0, 0x00, 0x00, 0x00, 0x1f, 0xd0, 0x00, 0xcf,
    0x00, 0xcf, 0x8f, 0xff, 0xff, 0xff, 0xff, 0xff,
    0x0c, 0xf0, 0x0c, 0xf5, 0xaa, 0xaa, 0xaa, 0xaf,
    0xfa, 0x90, 0xcf, 0x00, 0xcf, 0x01, 0x95, 0x00,
    0x00, 0xfd, 0x00, 0x0c, 0xff, 0xff, 0xf0, 0x2e,
    0xf3, 0x00, 0x0f, 0xd0, 0x00, 0xcf, 0xcc, 0xcb,
    0x00, 0x4f, 0xe1, 0x00, 0xfd, 0x00, 0x0c, 0xf0,
    0x00, 0x00, 0x00, 0x9f, 0x40, 0x0f, 0xd0, 0x00,
    0x57, 0x00, 0x00, 0x00, 0x01, 0x20, 0x00, 0xfd,
    0x00, 0x00, 0x00, 0x00, 0x00, 0x00, 0x00, 0xbb,
    0xbf, 0xc0, 0x00, 0x00, 0x00, 0x00, 0x00, 0x00,
    0x0a, 0xff, 0xd4, 0x00, 0x00, 0x00, 0x00, 0x00,
    0x00, 0x00, 0x00, 0x00, 0x00, 0x00,

    /* U+6682 "暂" */
    0x00, 0x07, 0x71, 0x00, 0x00, 0x00, 0x00, 0x02,
    0x50, 0x06, 0x77, 0xff, 0x77, 0x77, 0x25, 0x89,
    0xce, 0xff, 0x50, 0xff, 0xff, 0xff, 0xff, 0xf6,
    0xbf, 0xdb, 0x97, 0x40, 0x00, 0x6f, 0x82, 0x83,
    0x00, 0x0b, 0xf0, 0x00, 0x00, 0x00, 0x4f, 0xd4,
    0x7f, 0x94, 0x41, 0xbf, 0x77, 0x77, 0x77, 0x09,
    0xff, 0xff, 0xff, 0xff, 0x7c, 0xff, 0xff, 0xff,
    0xf1, 0x24, 0x33, 0x7f, 0x93, 0x31, 0xdd, 0x11,
    0xbf, 0x21, 0x00, 0x13, 0x49, 0xfc, 0xab, 0x4f,
    0xa0, 0x0a, 0xf1, 0x00, 0xef, 0xff, 0xff, 0xec,
    0xa8, 0xf6, 0x00, 0xaf, 0x10, 0x07, 0x64, 0x36,
    0xf7, 0x00, 0xef, 0x10, 0x0a, 0xf1, 0x00, 0x00,
    0x00, 0x3a, 0x40, 0x03, 0x50, 0x00, 0x7a, 0x00,
    0x00, 0x09, 0xff, 0xff, 0xff, 0xff, 0xff, 0xff,
    0xd0, 0x00, 0x00, 0xaf, 0x97, 0x77, 0x77, 0x77,
    0x77, 0xfe, 0x00, 0x00, 0x0a, 0xf4, 0x22, 0x22,
    0x22, 0x22, 0x2f, 0xe0, 0x00, 0x00, 0xaf, 0xff,
    0xff, 0xff, 0xff, 0xff, 0xfe, 0x00, 0x00, 0x0a,
    0xf5, 0x33, 0x33, 0x33, 0x33, 0x3f, 0xe0, 0x00,
    0x00, 0xaf, 0x87, 0x77, 0x77, 0x77, 0x77, 0xfe,
    0x00, 0x00, 0x0a, 0xff, 0xff, 0xff, 0xff, 0xff,
    0xff, 0xe0, 0x00, 0x00, 0xaf, 0x20, 0x00, 0x00,
    0x00, 0x00, 0xfe, 0x00, 0x00, 0x00, 0x00, 0x00,
    0x00, 0x00, 0x00, 0x00, 0x00, 0x00,

    /* U+66DC "曜" */
    0x00, 0x00, 0x00, 0x35, 0x55, 0x53, 0x35, 0x55,
    0x53, 0x06, 0xba, 0xaa, 0x59, 0xff, 0xff, 0xaa,
    0xff, 0xff, 0xa0, 0x9f, 0xff, 0xf8, 0x18, 0x00,
    0xea, 0x08, 0x10, 0xfa, 0x09, 0xe0, 0x0f, 0x82,
    0xec, 0x0e, 0xa1, 0xce, 0x1f, 0xa0, 0x9e, 0x00,
    0xf8, 0x02, 0x86, 0xfa, 0x00, 0x96, 0xfa, 0x09,
    0xe0, 0x0f, 0x82, 0x9f, 0xff, 0xa2, 0x8f, 0xff,
    0xa0, 0x9e, 0x00, 0xf8, 0xcf, 0x81, 0xea, 0xcf,
    0x81, 0xfa, 0x09, 0xfb, 0xbf, 0x83, 0x05, 0x85,
    0x39, 0x50, 0x05, 0x30, 0x9f, 0xff, 0xf8, 0x00,
    0xef, 0x10, 0xed, 0x00, 0x00, 0x09, 0xe0, 0x0f,
    0x80, 0x8f, 0xfd, 0xdf, 0xfd, 0xdd, 0xa0, 0x9e,
    0x00, 0xf8, 0x3f, 0xf9, 0x99, 0xef, 0x99, 0x97,
    0x09, 0xe0, 0x0f, 0xae, 0xff, 0x44, 0x4c, 0xf4,
    0x44, 0x10, 0x9e, 0x00, 0xfc, 0xfe, 0xff, 0xff,
    0xff, 0xff, 0xf4, 0x09, 0xfb, 0xbf, 0x82, 0xaf,
    0x00, 0x0b, 0xf0, 0x00, 0x00, 0x9f, 0xff, 0xf8,
    0x0a, 0xfc, 0xcc, 0xff, 0xcc, 0xc3, 0x09, 0xe0,
    0x00, 0x00, 0xaf, 0x77, 0x7d, 0xf7, 0x77, 0x20,
    0x58, 0x00, 0x00, 0x0a, 0xfa, 0xaa, 0xef, 0xaa,
    0xaa, 0x20, 0x00, 0x00, 0x00, 0xaf, 0xbb, 0xbb,
    0xbb, 0xbb, 0xb2, 0x00, 0x00, 0x00, 0x0a, 0xf0,
    0x00, 0x00, 0x00, 0x00, 0x00,

    /* U+6708 "月" */
    0x00, 0x00, 0xef, 0xee, 0xee, 0xee, 0xee, 0xef,
    0xb0, 0x00, 0x0f, 0xff, 0xff, 0xff, 0xff, 0xff,
    0xfd, 0x00, 0x00, 0xfe, 0x00, 0x00, 0x00, 0x00,
    0x3f, 0xd0, 0x00, 0x0f, 0xe0, 0x00, 0x00, 0x00,
    0x03, 0xfd, 0x00, 0x00, 0xfe, 0x00, 0x00, 0x00,
    0x00, 0x3f, 0xd0, 0x00, 0x0f, 0xff, 0xff, 0xff,
    0xff, 0xff, 0xfd, 0x00, 0x00, 0xff, 0xcc, 0xcc,
    0xcc, 0xcc, 0xcf, 0xd0, 0x00, 0x1f, 0xe0, 0x00,
    0x00, 0x00, 0x03, 0xfd, 0x00, 0x01, 0xfd, 0x00,
    0x00, 0x00, 0x00, 0x3f, 0xd0, 0x00, 0x2f, 0xc1,
    0x11, 0x11, 0x11, 0x14, 0xfd, 0x00, 0x04, 0xff,
    0xff, 0xff, 0xff, 0xff, 0xff, 0xd0, 0x00, 0x8f,
    0xdc, 0xcc, 0xcc, 0xcc, 0xcd, 0xfd, 0x00, 0x0c,
    0xf3, 0x00, 0x00, 0x00, 0x00, 0x3f, 0xd0, 0x02,
    0xfe, 0x00, 0x00, 0x00, 0x00, 0x03, 0xfd, 0x00,
    0xaf, 0x80, 0x00, 0x00, 0x00, 0x00, 0x3f, 0xd0,
    0x5f, 0xf1, 0x00, 0x00, 0x00, 0x00, 0x03, 0xfc,
    0x3f, 0xf7, 0x00, 0x00, 0x00, 0x4e, 0xee, 0xff,
    0xa0, 0x99, 0x00, 0x00, 0x00, 0x00, 0xef, 0xff,
    0xb2, 0x00, 0x00, 0x00, 0x00, 0x00, 0x00, 0x00,
    0x00, 0x00,

    /* U+671F "期" */
    0x00, 0x9e, 0x10, 0x0c, 0xb0, 0x01, 0x42, 0x22,
    0x23, 0x10, 0x0a, 0xf1, 0x00, 0xed, 0x00, 0xcf,
    0xff, 0xff, 0xfa, 0x29, 0xdf, 0x99, 0x9f, 0xf9,
    0x2c, 0xf9, 0x99, 0xaf, 0xa4, 0xff, 0xff, 0xff,
    0xff, 0xf4, 0xcf, 0x00, 0x03, 0xfa, 0x01, 0xaf,
    0x21, 0x1f, 0xd1, 0x0c, 0xf0, 0x00, 0x3f, 0xa0,
    0x0a, 0xf7, 0x66, 0xfd, 0x00, 0xcf, 0x99, 0x9a,
    0xfa, 0x00, 0xaf, 0xff, 0xff, 0xd0, 0x0c, 0xff,
    0xff, 0xff, 0xa0, 0x0a, 0xf2, 0x11, 0xfd, 0x00,
    0xcf, 0x11, 0x14, 0xfa, 0x00, 0xaf, 0x20, 0x0e,
    0xd0, 0x0c, 0xf0, 0x00, 0x3f, 0xa0, 0x0a, 0xff,
    0xff, 0xfd, 0x00, 0xcf, 0x00, 0x03, 0xfa, 0x00,
    0xaf, 0x87, 0x7f, 0xd0, 0x0d, 0xfc, 0xcc, 0xcf,
    0xa0, 0x0a, 0xf1, 0x00, 0xed, 0x00, 0xdf, 0xff,
    0xff, 0xfa, 0x6d, 0xff, 0xdd, 0xdf, 0xfd, 0x2e,
    0xd0, 0x00, 0x3f, 0xa6, 0xdd, 0xdd, 0xdd, 0xdd,
    0xd3, 0xfb, 0x00, 0x03, 0xfa, 0x00, 0x19, 0x40,
    0x58, 0x00, 0x3f, 0x90, 0x00, 0x3f, 0xa0, 0x08,
    0xf8, 0x0b, 0xf5, 0x07, 0xf5, 0x00, 0x03, 0xfa,
    0x04, 0xfe, 0x00, 0x1f, 0xf1, 0xdf, 0x10, 0x00,
    0x3f, 0xa2, 0xef, 0x40, 0x00, 0x6f, 0x9f, 0xc0,
    0x0a, 0xcd, 0xf8, 0x1b, 0x70, 0x00, 0x00, 0x12,
    0xb5, 0x00, 0x8f, 0xeb, 0x20, 0x00, 0x00, 0x00,
    0x00, 0x00, 0x00, 0x00, 0x00, 0x00,

    /* U+6728 "木" */
    0x00, 0x00, 0x00, 0x00, 0x0d, 0xd0, 0x00, 0x00,
    0x00, 0x00, 0x00, 0x00, 0x00, 0x00, 0x0f, 0xf0,
    0x00, 0x00, 0x00, 0x00, 0x00, 0x00, 0x00, 0x00,
    0x0f, 0xf0, 0x00, 0x00, 0x00, 0x00, 0x00, 0x00,
    0x00, 0x00, 0x0f, 0xf0, 0x00, 0x00, 0x00, 0x00,
    0x00, 0x00, 0x00, 0x00, 0x1f, 0xf0, 0x00, 0x00,
    0x00, 0x00, 0x0b, 0xff, 0xff, 0xff, 0xff, 0xff,
    0xff, 0xff, 0xff, 0xb0, 0x09, 0xdd, 0xdd, 0xdd,
    0xff, 0xff, 0xdd, 0xdd, 0xdd, 0x90, 0x00, 0x00,
    0x00, 0x03, 0xff, 0xff, 0x20, 0x00, 0x00, 0x00,
    0x00, 0x00, 0x00, 0x0c, 0xff, 0xff, 0xc0, 0x00,
    0x00, 0x00, 0x00, 0x00, 0x00, 0x7f, 0xbf, 0xfa,
    0xf7, 0x00, 0x00, 0x00, 0x00, 0x00, 0x03, 0xff,
    0x2f, 0xf1, 0xef, 0x40, 0x00, 0x00, 0x00, 0x00,
    0x2e, 0xf6, 0x0f, 0xf0, 0x5f, 0xe2, 0x00, 0x00,
    0x00, 0x01, 0xdf, 0xa0, 0x0f, 0xf0, 0x09, 0xfe,
    0x20, 0x00, 0x00, 0x2e, 0xfc, 0x00, 0x0f, 0xf0,
    0x00, 0xbf, 0xe3, 0x00, 0x06, 0xff, 0xc0, 0x00,
    0x0f, 0xf0, 0x00, 0x0b, 0xff, 0x70, 0x3f, 0xfb,
    0x00, 0x00, 0x0f, 0xf0, 0x00, 0x00, 0xaf, 0xf3,
    0x07, 0x70, 0x00, 0x00, 0x0f, 0xf0, 0x00, 0x00,
    0x07, 0x50, 0x00, 0x00, 0x00, 0x00, 0x0f, 0xf0,
    0x00, 0x00, 0x00, 0x00, 0x00, 0x00, 0x00, 0x00,
    0x0f, 0xf0, 0x00, 0x00, 0x00, 0x00,

    /* U+683C "格" */
    0x00, 0x01, 0xea, 0x00, 0x00, 0x07, 0xb3, 0x00,
    0x00, 0x00, 0x00, 0x01, 0xfb, 0x00, 0x00, 0x0e,
    0xf1, 0x00, 0x00, 0x00, 0x00, 0x01, 0xfb, 0x00,
    0x00, 0x8f, 0xfc, 0xcc, 0xd9, 0x00, 0x00, 0x01,
    0xfb, 0x00, 0x03, 0xff, 0xdd, 0xde, 0xfc, 0x00,
    0x0a, 0xbb, 0xfe, 0xbb, 0x3e, 0xfd, 0x00, 0x0a,
    0xf5, 0x00, 0x0e, 0xff, 0xff, 0xff, 0xff, 0xdf,
    0x70, 0x4f, 0xc0, 0x00, 0x00, 0x06, 0xfc, 0x04,
    0xfb, 0x0d, 0xf7, 0xef, 0x30, 0x00, 0x00, 0x0a,
    0xff, 0x50, 0x20, 0x02, 0xff, 0xf6, 0x00, 0x00,
    0x00, 0x0f, 0xff, 0xf3, 0x00, 0x04, 0xef, 0xf8,
    0x00, 0x00, 0x00, 0x5f, 0xfc, 0xee, 0x01, 0x9f,
    0xf8, 0xef, 0xd4, 0x00, 0x00, 0xbd, 0xfb, 0x4d,
    0x8e, 0xfd, 0x30, 0x1b, 0xff, 0xd4, 0x03, 0xf7,
    0xfb, 0x0b, 0xff, 0xfa, 0xaa, 0xaa, 0xef, 0xe1,
    0x0c, 0xe1, 0xfb, 0x02, 0x7b, 0xff, 0xff, 0xff,
    0xfe, 0x10, 0x3f, 0x71, 0xfb, 0x00, 0x0b, 0xf1,
    0x00, 0x00, 0xfe, 0x00, 0x09, 0x01, 0xfb, 0x00,
    0x0b, 0xf1, 0x00, 0x00, 0xfe, 0x00, 0x00, 0x01,
    0xfb, 0x00, 0x0b, 0xf1, 0x00, 0x00, 0xfe, 0x00,
    0x00, 0x01, 0xfb, 0x00, 0x0b, 0xfb, 0xbb, 0xbb,
    0xfe, 0x00, 0x00, 0x01, 0xfb, 0x00, 0x0b, 0xff,
    0xff, 0xff, 0xfe, 0x00, 0x00, 0x01, 0xfb, 0x00,
    0x0b, 0xf1, 0x00, 0x00, 0xfe, 0x00, 0x00, 0x00,
    0x00, 0x00, 0x00, 0x10, 0x00, 0x00, 0x00, 0x00,

    /* U+697D "楽" */
    0x00, 0x00, 0x00, 0x00, 0x0e, 0xc1, 0x00, 0x00,
    0x00, 0x00, 0x00, 0x81, 0x00, 0x00, 0x2f, 0xc0,
    0x00, 0x00, 0x4b, 0x20, 0x08, 0xfe, 0x20, 0xcf,
    0xff, 0xff, 0xfc, 0x03, 0xff, 0x40, 0x00, 0x8f,
    0xe2, 0xcf, 0x88, 0x88, 0xfd, 0x3f, 0xf5, 0x00,
    0x00, 0x09, 0xf8, 0xcf, 0x00, 0x00, 0xfd, 0xcf,
    0x60, 0x00, 0x00, 0x00, 0x70, 0xcf, 0x77, 0x77,
    0xfd, 0x03, 0x00, 0x00, 0x00, 0x00, 0x24, 0xcf,
    0xff, 0xff, 0xfd, 0x76, 0x00, 0x00, 0x00, 0x19,
    0xfd, 0xcf, 0x00, 0x00, 0xfe, 0xdf, 0xd5, 0x00,
    0x19, 0xff, 0xa1, 0xcf, 0x88, 0x88, 0xfd, 0x06,
    0xff, 0xb1, 0x0d, 0xc3, 0x00, 0xcf, 0xff, 0xff,
    0xfc, 0x00, 0x1b, 0xb0, 0x01, 0x00, 0x00, 0x00,
    0x0f, 0xe0, 0x00, 0x00, 0x00, 0x00, 0x08, 0x99,
    0x99, 0x99, 0x9f, 0xf9, 0x99, 0x99, 0x99, 0x90,
    0x0e, 0xff, 0xff, 0xff, 0xff, 0xff, 0xff, 0xff,
    0xff, 0xe0, 0x00, 0x00, 0x00, 0x3e, 0xff, 0xff,
    0xe3, 0x00, 0x00, 0x00, 0x00, 0x00, 0x06, 0xff,
    0x6f, 0xe7, 0xff, 0x60, 0x00, 0x00, 0x00, 0x03,
    0xcf, 0xf5, 0x0f, 0xe0, 0x5f, 0xfc, 0x40, 0x00,
    0x04, 0xbf, 0xfc, 0x20, 0x0f, 0xe0, 0x02, 0xcf,
    0xfd, 0x61, 0x1d, 0xff, 0x70, 0x00, 0x0f, 0xe0,
    0x00, 0x06, 0xef, 0xc0, 0x03, 0x71, 0x00, 0x00,
    0x0f, 0xe0, 0x00, 0x00, 0x05, 0x20,

    /* U+6A21 "模" */
    0x00, 0x00, 0x00, 0x00, 0x00, 0x00, 0x00, 0x00,
    0x00, 0x00, 0x00, 0x0b, 0xf1, 0x00, 0x00, 0xfc,
    0x00, 0x7f, 0x50, 0x00, 0x00, 0x0b, 0xf1, 0x05,
    0x88, 0xfe, 0x88, 0xcf, 0xb8, 0x80, 0x00, 0x0b,
    0xf1, 0x0b, 0xff, 0xff, 0xff, 0xff, 0xff, 0xf0,
    0x04, 0x4c, 0xf4, 0x40, 0x00, 0xfc, 0x00, 0x8f,
    0x60, 0x00, 0x1f, 0xff, 0xff, 0xf0, 0x11, 0x76,
    0x11, 0x47, 0x30, 0x00, 0x0a, 0xae, 0xfb, 0xa0,
    0xff, 0xff, 0xff, 0xff, 0xff, 0x00, 0x00, 0x0d,
    0xf2, 0x00, 0xfd, 0x44, 0x44, 0x44, 0xef, 0x00,
    0x00, 0x1f, 0xfb, 0x00, 0xfd, 0x55, 0x55, 0x55,
    0xef, 0x00, 0x00, 0x6f, 0xff, 0x60, 0xff, 0xff,
    0xff, 0xff, 0xff, 0x00, 0x00, 0xcf, 0xfb, 0xf1,
    0xfc, 0x00, 0x00, 0x00, 0xef, 0x00, 0x02, 0xff,
    0xf3, 0xf4, 0xff, 0xff, 0xff, 0xff, 0xff, 0x00,
    0x09, 0xfc, 0xf1, 0x30, 0x45, 0x55, 0xfe, 0x55,
    0x54, 0x00, 0x2f, 0xbb, 0xf1, 0x00, 0x00, 0x03,
    0xfb, 0x00, 0x00, 0x00, 0x3f, 0x4b, 0xf1, 0x1f,
    0xff, 0xff, 0xff, 0xff, 0xff, 0xf0, 0x08, 0x0b,
    0xf1, 0x08, 0x88, 0x8f, 0xff, 0xf8, 0x88, 0x70,
    0x00, 0x0b, 0xf1, 0x00, 0x00, 0x8f, 0xb7, 0xfa,
    0x00, 0x00, 0x00, 0x0b, 0xf1, 0x00, 0x3b, 0xfe,
    0x20, 0xbf, 0xd4, 0x00, 0x00, 0x0b, 0xf1, 0x5d,
    0xff, 0xc2, 0x00, 0x0a, 0xff, 0xe2, 0x00, 0x0b,
    0xf1, 0x1e, 0xa4, 0x00, 0x00, 0x00, 0x4b, 0x90,
    0x00, 0x00, 0x00, 0x00, 0x00, 0x00, 0x00, 0x00,
    0x00, 0x00,

    /* U+6BCF "每" */
    0x00, 0x00, 0x0d, 0xa0, 0x00, 0x00, 0x00, 0x00,
    0x00, 0x00, 0x00, 0x00, 0x6f, 0xb0, 0x00, 0x00,
    0x00, 0x00, 0x00, 0x00, 0x00, 0x00, 0xef, 0xff,
    0xff, 0xff, 0xff, 0xff, 0xff, 0x90, 0x00, 0x09,
    0xfd, 0xbb, 0xbb, 0xbb, 0xbb, 0xbb, 0xbb, 0x70,
    0x00, 0x5f, 0xe1, 0x00, 0x00, 0x00, 0x00, 0x00,
    0x00, 0x00, 0x04, 0xff, 0xab, 0xaa, 0xaa, 0xaa,
    0xaa, 0xaa, 0x50, 0x00, 0x0d, 0xf7, 0xbf, 0xff,
    0xff, 0xff, 0xff, 0xff, 0x80, 0x00, 0x00, 0x50,
    0xdf, 0x11, 0xcd, 0x40, 0x00, 0x6f, 0x70, 0x00,
    0x00, 0x00, 0xfe, 0x00, 0x5e, 0xf9, 0x00, 0x6f,
    0x70, 0x00, 0x01, 0x12, 0xfc, 0x00, 0x01, 0xae,
    0x10, 0x7f, 0x71, 0x10, 0x2f, 0xff, 0xff, 0xff,
    0xff, 0xff, 0xff, 0xff, 0xff, 0xf4, 0x1a, 0xac,
    0xfc, 0x99, 0xfb, 0x99, 0x99, 0xcf, 0xca, 0xa2,
    0x00, 0x07, 0xf5, 0x03, 0xef, 0x80, 0x00, 0x9f,
    0x40, 0x00, 0x00, 0x0a, 0xf3, 0x00, 0x09, 0xfc,
    0x00, 0xaf, 0x30, 0x00, 0x00, 0x0c, 0xfa, 0xaa,
    0xaa, 0xed, 0xaa, 0xef, 0xba, 0x50, 0x00, 0x0f,
    0xff, 0xff, 0xff, 0xff, 0xff, 0xff, 0xff, 0x80,
    0x00, 0x00, 0x10, 0x00, 0x00, 0x00, 0x01, 0xfe,
    0x00, 0x00, 0x00, 0x00, 0x00, 0x00, 0x00, 0x07,
    0x6a, 0xfa, 0x00, 0x00, 0x00, 0x00, 0x00, 0x00,
    0x00, 0x0d, 0xff, 0xc1, 0x00, 0x00, 0x00, 0x00,
    0x00, 0x00, 0x00, 0x00, 0x00, 0x00, 0x00, 0x00,

    /* U+6C14 "气" */
    0x00, 0x00, 0x1b, 0x60, 0x00, 0x00, 0x00, 0x00,
    0x00, 0x00, 0x00, 0x00, 0x8f, 0x80, 0x00, 0x00,
    0x00, 0x00, 0x00, 0x00, 0x00, 0x00, 0xef, 0xca,
    0xaa, 0xaa, 0xaa, 0xaa, 0xaa, 0x60, 0x00, 0x08,
    0xff, 0xff, 0xff, 0xff, 0xff, 0xff, 0xff, 0x90,
    0x00, 0x2f, 0xf1, 0x00, 0x00, 0x00, 0x00, 0x00,
    0x00, 0x00, 0x00, 0xcf, 0x7c, 0xff, 0xff, 0xff,
    0xff, 0xff, 0xf0, 0x00, 0x0b, 0xfc, 0x08, 0x99,
    0x99, 0x99, 0x99, 0x99, 0x90, 0x00, 0x4f, 0xe1,
    0x00, 0x00, 0x00, 0x00, 0x00, 0x00, 0x00, 0x00,
    0x02, 0x2f, 0xff, 0xff, 0xff, 0xff, 0xff, 0xf8,
    0x00, 0x00, 0x00, 0x09, 0xaa, 0xaa, 0xaa, 0xaa,
    0xac, 0xf9, 0x00, 0x00, 0x00, 0x00, 0x00, 0x00,
    0x00, 0x00, 0x04, 0xfa, 0x00, 0x00, 0x00, 0x00,
    0x00, 0x00, 0x00, 0x00, 0x03, 0xfb, 0x00, 0x00,
    0x00, 0x00, 0x00, 0x00, 0x00, 0x00, 0x02, 0xfc,
    0x00, 0x00, 0x00, 0x00, 0x00, 0x00, 0x00, 0x00,
    0x00, 0xfe, 0x00, 0x00, 0x00, 0x00, 0x00, 0x00,
    0x00, 0x00, 0x00, 0xdf, 0x10, 0x30, 0x00, 0x00,
    0x00, 0x00, 0x00, 0x00, 0x00, 0xaf, 0x50, 0xf3,
    0x00, 0x00, 0x00, 0x00, 0x00, 0x00, 0x00, 0x5f,
    0xb1, 0xf4, 0x00, 0x00, 0x00, 0x00, 0x00, 0x00,
    0x00, 0x0d, 0xff, 0xf1, 0x00, 0x00, 0x00, 0x00,
    0x00, 0x00, 0x00, 0x02, 0xcf, 0x90,

    /* U+6C17 "気" */
    0x00, 0x00, 0x00, 0x00, 0x00, 0x00, 0x00, 0x00,
    0x00, 0x00, 0x00, 0x00, 0x3e, 0x90, 0x00, 0x00,
    0x00, 0x00, 0x00, 0x00, 0x00, 0x00, 0x9f, 0x90,
    0x00, 0x00, 0x00, 0x00, 0x00, 0x00, 0x00, 0x01,
    0xff, 0xff, 0xff, 0xff, 0xff, 0xff, 0xff, 0x90,
    0x00, 0x08, 0xfd, 0xaa, 0xaa, 0xaa, 0xaa, 0xaa,
    0xaa, 0x60, 0x00, 0x3f, 0xf3, 0x00, 0x00, 0x00,
    0x00, 0x00, 0x00, 0x00, 0x01, 0xdf, 0x9d, 0xff,
    0xff, 0xff, 0xff, 0xff, 0xa0, 0x00, 0x1c, 0xfd,
    0x07, 0x99, 0x99, 0x99, 0x99, 0x99, 0x60, 0x00,
    0x08, 0xe3, 0x00, 0x00, 0x00, 0x00, 0x00, 0x10,
    0x00, 0x00, 0x00, 0x4f, 0xff, 0xff, 0xff, 0xff,
    0xff, 0xfe, 0x00, 0x00, 0x00, 0x29, 0x99, 0x99,
    0x99, 0x99, 0x99, 0xfe, 0x00, 0x00, 0x00, 0x00,
    0x30, 0x00, 0x03, 0xf9, 0x00, 0xfe, 0x00, 0x00,
    0x00, 0x07, 0xfc, 0x30, 0x0d, 0xf5, 0x00, 0xff,
    0x00, 0x00, 0x00, 0x02, 0xbf, 0xf8, 0xaf, 0xa0,
    0x00, 0xef, 0x00, 0x00, 0x00, 0x00, 0x05, 0xff,
    0xfd, 0x10, 0x00, 0xdf, 0x10, 0x00, 0x00, 0x00,
    0x00, 0xaf, 0xff, 0x50, 0x00, 0xbf, 0x30, 0x40,
    0x00, 0x00, 0x1c, 0xfe, 0x9f, 0xf8, 0x00, 0x8f,
    0x60, 0xf3, 0x00, 0x06, 0xff, 0xc1, 0x06, 0xff,
    0x90, 0x4f, 0xb2, 0xf3, 0x04, 0xdf, 0xf8, 0x00,
    0x00, 0x4f, 0x50, 0x0d, 0xff, 0xf0, 0x01, 0xec,
    0x20, 0x00, 0x00, 0x01, 0x00, 0x02, 0xcf, 0x80,
    0x00, 0x10, 0x00, 0x00, 0x00, 0x00, 0x00, 0x00,
    0x00, 0x00,

    /* U+6C34 "水" */
    0x00, 0x00, 0x00, 0x00, 0x0d, 0xe0, 0x00, 0x00,
    0x00, 0x00, 0x00, 0x00, 0x00, 0x00, 0x0f, 0xf1,
    0x00, 0x00, 0x00, 0x00, 0x00, 0x00, 0x00, 0x00,
    0x0f, 0xf1, 0x00, 0x00, 0x00, 0x00, 0x00, 0x00,
    0x00, 0x00, 0x0f, 0xf1, 0x00, 0x00, 0x10, 0x00,
    0x00, 0x00, 0x00, 0x00, 0x0f, 0xf1, 0x00, 0x05,
    0xe5, 0x00, 0x09, 0xee, 0xee, 0xfb, 0x1f, 0xf4,
    0x00, 0x3f, 0xf7, 0x00, 0x0b, 0xff, 0xff, 0xff,
    0x0f, 0xfb, 0x02, 0xff, 0x80, 0x00, 0x00, 0x00,
    0x03, 0xfc, 0x0f, 0xff, 0x5e, 0xf8, 0x00, 0x00,
    0x00, 0x00, 0x07, 0xf8, 0x0f, 0xff, 0xff, 0x70,
    0x00, 0x00, 0x00, 0x00, 0x0d, 0xf3, 0x0f, 0xfb,
    0xf9, 0x00, 0x00, 0x00, 0x00, 0x00, 0x4f, 0xd0,
    0x0f, 0xf3, 0xfe, 0x10, 0x00, 0x00, 0x00, 0x00,
    0xcf, 0x60, 0x0f, 0xf1, 0x7f, 0xc0, 0x00, 0x00,
    0x00, 0x06, 0xfe, 0x00, 0x0f, 0xf1, 0x0c, 0xfb,
    0x00, 0x00, 0x00, 0x2f, 0xf5, 0x00, 0x0f, 0xf1,
    0x01, 0xef, 0xc1, 0x00, 0x02, 0xef, 0xa0, 0x00,
    0x0f, 0xf1, 0x00, 0x2e, 0xfe, 0x60, 0x1e, 0xfd,
    0x00, 0x00, 0x0f, 0xf1, 0x00, 0x02, 0xdf, 0xf3,
    0x05, 0xc1, 0x00, 0x10, 0x1f, 0xf0, 0x00, 0x00,
    0x09, 0x70, 0x00, 0x00, 0x00, 0xaf, 0xff, 0xe0,
    0x00, 0x00, 0x00, 0x00, 0x00, 0x00, 0x00, 0x5f,
    0xfc, 0x40, 0x00, 0x00, 0x00, 0x00,

    /* U+6C60 "池" */
    0x00, 0x37, 0x10, 0x00, 0x00, 0x00, 0xad, 0x10,
    0x00, 0x00, 0x00, 0xcf, 0xe7, 0x00, 0x00, 0x00,
    0xcf, 0x10, 0x00, 0x00, 0x00, 0x07, 0xff, 0x61,
    0xeb, 0x00, 0xcf, 0x10, 0x00, 0x00, 0x00, 0x00,
    0x29, 0x01, 0xfc, 0x00, 0xcf, 0x10, 0x17, 0x20,
    0x00, 0x00, 0x00, 0x01, 0xfc, 0x00, 0xcf, 0x5a,
    0xff, 0xa0, 0x00, 0x00, 0x00, 0x01, 0xfc, 0x01,
    0xdf, 0xff, 0xff, 0xa0, 0x0a, 0xe7, 0x00, 0x01,
    0xfe, 0xbf, 0xff, 0xb4, 0x3f, 0xa0, 0x08, 0xff,
    0xd2, 0x29, 0xff, 0xfd, 0xef, 0x10, 0x3f, 0x90,
    0x00, 0x1a, 0xd3, 0xff, 0xfe, 0x40, 0xcf, 0x10,
    0x3f, 0x90, 0x00, 0x00, 0x10, 0x97, 0xfc, 0x00,
    0xcf, 0x10, 0x3f, 0x80, 0x00, 0x00, 0x01, 0x01,
    0xfc, 0x00, 0xcf, 0x10, 0x4f, 0x80, 0x00, 0x00,
    0x4d, 0x21, 0xfc, 0x00, 0xcf, 0x38, 0xcf, 0x60,
    0x00, 0x00, 0xcf, 0x41, 0xfc, 0x00, 0xcf, 0x2f,
    0xfd, 0x10, 0x00, 0x04, 0xfd, 0x01, 0xfc, 0x00,
    0xcf, 0x13, 0x20, 0x00, 0x00, 0x0c, 0xf5, 0x01,
    0xfc, 0x00, 0x00, 0x00, 0x05, 0xb2, 0x00, 0x4f,
    0xd0, 0x01, 0xfc, 0x00, 0x00, 0x00, 0x07, 0xf6,
    0x00, 0xdf, 0x60, 0x00, 0xfe, 0x00, 0x00, 0x00,
    0x0a, 0xf3, 0x04, 0xfd, 0x00, 0x00, 0xdf, 0xdb,
    0xbb, 0xbb, 0xcf, 0xe0, 0x00, 0x65, 0x00, 0x00,
    0x3c, 0xff, 0xff, 0xff, 0xfd, 0x30,

    /* U+6CD5 "法" */
    0x00, 0x29, 0x20, 0x00, 0x00, 0x01, 0xfc, 0x00,
    0x00, 0x00, 0x00, 0xaf, 0xf9, 0x10, 0x00, 0x01,
    0xfd, 0x00, 0x00, 0x00, 0x00, 0x05, 0xef, 0xa0,
    0x00, 0x01, 0xfd, 0x00, 0x00, 0x00, 0x00, 0x00,
    0x09, 0x12, 0xbb, 0xbc, 0xff, 0xbb, 0xbb, 0x10,
    0x00, 0x00, 0x00, 0x03, 0xff, 0xff, 0xff, 0xff,
    0xff, 0x20, 0x00, 0x10, 0x00, 0x00, 0x00, 0x02,
    0xfd, 0x00, 0x00, 0x00, 0x0a, 0xf8, 0x00, 0x00,
    0x00, 0x01, 0xfd, 0x00, 0x00, 0x00, 0x07, 0xff,
    0xe4, 0x00, 0x00, 0x01, 0xfd, 0x00, 0x00, 0x00,
    0x00, 0x1a, 0xf4, 0x05, 0x55, 0x56, 0xfe, 0x55,
    0x55, 0x50, 0x00, 0x00, 0x30, 0x1f, 0xff, 0xff,
    0xff, 0xff, 0xff, 0xe0, 0x00, 0x00, 0x00, 0x06,
    0x66, 0x7f, 0xf8, 0x66, 0x66, 0x60, 0x00, 0x00,
    0x0b, 0x20, 0x00, 0x6f, 0xc0, 0x00, 0x00, 0x00,
    0x00, 0x00, 0x6f, 0x90, 0x00, 0xdf, 0x40, 0x28,
    0x00, 0x00, 0x00, 0x01, 0xef, 0x20, 0x06, 0xfb,
    0x00, 0x8f, 0x90, 0x00, 0x00, 0x09, 0xf9, 0x00,
    0x1e, 0xf2, 0x00, 0x0d, 0xf4, 0x00, 0x00, 0x3f,
    0xf1, 0x00, 0xbf, 0x71, 0x35, 0x7b, 0xfd, 0x00,
    0x00, 0xcf, 0x70, 0x07, 0xff, 0xff, 0xff, 0xff,
    0xff, 0x60, 0x02, 0xfd, 0x00, 0x04, 0xfe, 0xca,
    0x86, 0x42, 0x2f, 0xe0, 0x00, 0x23, 0x00, 0x00,
    0x20, 0x00, 0x00, 0x00, 0x08, 0x50,

    /* U+6E29 "温" */
    0x00, 0x26, 0x00, 0x00, 0x00, 0x00, 0x00, 0x00,
    0x00, 0x00, 0x00, 0xcf, 0xe6, 0x06, 0xff, 0xff,
    0xff, 0xff, 0xf6, 0x00, 0x00, 0x07, 0xff, 0x66,
    0xfb, 0x88, 0x88, 0x8c, 0xf6, 0x00, 0x00, 0x00,
    0x19, 0x06, 0xf5, 0x00, 0x00, 0x08, 0xf6, 0x00,
    0x00, 0x00, 0x00, 0x06, 0xff, 0xff, 0xff, 0xff,
    0xf6, 0x00, 0x01, 0x00, 0x00, 0x06, 0xfa, 0x88,
    0x88, 0x8c, 0xf6, 0x00, 0x0c, 0xe6, 0x00, 0x06,
    0xf5, 0x00, 0x00, 0x08, 0xf6, 0x00, 0x08, 0xff,
    0xc1, 0x06, 0xfb, 0xaa, 0xaa, 0xad, 0xf6, 0x00,
    0x00, 0x2b, 0xf2, 0x06, 0xff, 0xff, 0xff, 0xff,
    0xf6, 0x00, 0x00, 0x00, 0x30, 0x00, 0x00, 0x00,
    0x00, 0x00, 0x00, 0x00, 0x00, 0x00, 0x00, 0x0a,
    0xaa, 0xaa, 0xaa, 0xaa, 0xaa, 0x00, 0x00, 0x00,
    0xa8, 0x1f, 0xff, 0xff, 0xff, 0xff, 0xff, 0x10,
    0x00, 0x03, 0xfd, 0x1f, 0xa0, 0xe8, 0x0e, 0x80,
    0xbf, 0x10, 0x00, 0x0b, 0xf5, 0x1f, 0xa0, 0xe8,
    0x0e, 0x80, 0xbf, 0x10, 0x00, 0x4f, 0xc0, 0x1f,
    0xa0, 0xe8, 0x0e, 0x80, 0xbf, 0x10, 0x00, 0xdf,
    0x40, 0x1f, 0xa0, 0xe8, 0x0e, 0x80, 0xbf, 0x10,
    0x08, 0xfb, 0x09, 0xcf, 0xec, 0xfe, 0xcf, 0xec,
    0xff, 0xc4, 0x03, 0xd2, 0x0a, 0xee, 0xee, 0xee,
    0xee, 0xee, 0xee, 0xe4, 0x00, 0x00, 0x00, 0x00,
    0x00, 0x00, 0x00, 0x00, 0x00, 0x00,

    /* U+706B "火" */
    0x00, 0x00, 0x00, 0x00, 0x0b, 0xb0, 0x00, 0x00,
    0x00, 0x00, 0x00, 0x00, 0x00, 0x00, 0x1f, 0xf0,
    0x00, 0x00, 0x00, 0x00, 0x00, 0x00, 0x00, 0x00,
    0x1f, 0xf0, 0x00, 0x00, 0x00, 0x00, 0x00, 0x00,
    0x00, 0x00, 0x2f, 0xf0, 0x00, 0x00, 0x00, 0x00,
    0x00, 0x01, 0xb5, 0x00, 0x2f, 0xe0, 0x00, 0x00,
    0x96, 0x10, 0x00, 0x05, 0xfa, 0x00, 0x3f, 0xd0,
    0x00, 0x02, 0xff, 0x20, 0x00, 0x0b, 0xf6, 0x00,
    0x4f, 0xc0, 0x00, 0x08, 0xfa, 0x00, 0x00, 0x2f,
    0xf1, 0x00, 0x6f, 0xb0, 0x00, 0x0e, 0xf2, 0x00,
    0x00, 0xaf, 0xa0, 0x00, 0x9f, 0xd0, 0x00, 0x7f,
    0xa0, 0x00, 0x03, 0xff, 0x20, 0x00, 0xcf, 0xf2,
    0x00, 0xef, 0x10, 0x00, 0x00, 0x25, 0x00, 0x01,
    0xff, 0xf9, 0x00, 0x24, 0x00, 0x00, 0x00, 0x00,
    0x00, 0x08, 0xfb, 0xef, 0x10, 0x00, 0x00, 0x00,
    0x00, 0x00, 0x00, 0x1f, 0xf4, 0x7f, 0xb0, 0x00,
    0x00, 0x00, 0x00, 0x00, 0x00, 0xcf, 0xb0, 0x0d,
    0xf7, 0x00, 0x00, 0x00, 0x00, 0x00, 0x0a, 0xfe,
    0x10, 0x03, 0xff, 0x80, 0x00, 0x00, 0x00, 0x02,
    0xcf, 0xf3, 0x00, 0x00, 0x5f, 0xfc, 0x30, 0x00,
    0x02, 0x9f, 0xfe, 0x30, 0x00, 0x00, 0x04, 0xef,
    0xfc, 0x71, 0x0b, 0xff, 0x91, 0x00, 0x00, 0x00,
    0x00, 0x18, 0xff, 0xb0, 0x00, 0x82, 0x00, 0x00,
    0x00, 0x00, 0x00, 0x00, 0x05, 0x20,

    /* U+7528 "用" */
    0x00, 0x0a, 0xba, 0xaa, 0xaa, 0xaa, 0xaa, 0xaa,
    0xb9, 0x00, 0x0f, 0xff, 0xff, 0xff, 0xff, 0xff,
    0xff, 0xfe, 0x00, 0x0f, 0xe2, 0x22, 0x2d, 0xf3,
    0x22, 0x22, 0xfe, 0x00, 0x0f, 0xd0, 0x00, 0x0d,
    0xf1, 0x00, 0x00, 0xfe, 0x00, 0x0f, 0xd0, 0x00,
    0x0d, 0xf1, 0x00, 0x00, 0xfe, 0x00, 0x0f, 0xfd,
    0xdd, 0xdf, 0xfd, 0xdd, 0xdd, 0xfe, 0x00, 0x0f,
    0xff, 0xff, 0xff, 0xff, 0xff, 0xff, 0xfe, 0x00,
    0x0f, 0xd0, 0x00, 0x0d, 0xf1, 0x00, 0x00, 0xfe,
    0x00, 0x0f, 0xd0, 0x00, 0x0d, 0xf1, 0x00, 0x00,
    0xfe, 0x00, 0x1f, 0xc0, 0x00, 0x0d, 0xf2, 0x00,
    0x00, 0xfe, 0x00, 0x2f, 0xff, 0xff, 0xff, 0xff,
    0xff, 0xff, 0xfe, 0x00, 0x4f, 0xec, 0xcc, 0xcf,
    0xfc, 0xcc, 0xcc, 0xfe, 0x00, 0x6f, 0x70, 0x00,
    0x0d, 0xf1, 0x00, 0x00, 0xfe, 0x00, 0xaf, 0x40,
    0x00, 0x0d, 0xf1, 0x00, 0x00, 0xfe, 0x00, 0xff,
    0x00, 0x00, 0x0d, 0xf1, 0x00, 0x00, 0xfe, 0x06,
    0xfa, 0x00, 0x00, 0x0d, 0xf1, 0x00, 0x00, 0xfe,
    0x1e, 0xf3, 0x00, 0x00, 0x0d, 0xf1, 0x4c, 0xcc,
    0xfc, 0x1b, 0x90, 0x00, 0x00, 0x0c, 0xf1, 0x0f,
    0xff, 0xd4, 0x00, 0x00, 0x00, 0x00, 0x00, 0x00,
    0x00, 0x00, 0x00,

    /* U+7535 "电" */
    0x00, 0x00, 0x00, 0x2d, 0xb0, 0x00, 0x00, 0x00,
    0x00, 0x00, 0x00, 0x02, 0xfd, 0x00, 0x00, 0x00,
    0x00, 0x00, 0x00, 0x00, 0x2f, 0xd0, 0x00, 0x00,
    0x00, 0x0d, 0xff, 0xff, 0xff, 0xff, 0xff, 0xff,
    0xff, 0x00, 0xdf, 0xed, 0xdd, 0xef, 0xfd, 0xdd,
    0xdf, 0xf0, 0x0d, 0xf2, 0x00, 0x02, 0xfd, 0x00,
    0x00, 0xef, 0x00, 0xdf, 0x20, 0x00, 0x2f, 0xd0,
    0x00, 0x0e, 0xf0, 0x0d, 0xfc, 0xbb, 0xbc, 0xff,
    0xbb, 0xbb, 0xff, 0x00, 0xdf, 0xff, 0xff, 0xff,
    0xff, 0xff, 0xff, 0xf0, 0x0d, 0xf2, 0x00, 0x03,
    0xfd, 0x00, 0x00, 0xef, 0x00, 0xdf, 0x20, 0x00,
    0x2f, 0xd0, 0x00, 0x0e, 0xf0, 0x0d, 0xfb, 0xbb,
    0xbc, 0xff, 0xbb, 0xbb, 0xff, 0x00, 0xdf, 0xff,
    0xff, 0xff, 0xff, 0xff, 0xff, 0xf0, 0x0d, 0xf4,
    0x22, 0x24, 0xfe, 0x22, 0x22, 0x22, 0x92, 0x45,
    0x00, 0x00, 0x2f, 0xd0, 0x00, 0x00, 0x0f, 0xe0,
    0x00, 0x00, 0x02, 0xfd, 0x00, 0x00, 0x01, 0xfd,
    0x00, 0x00, 0x00, 0x1f, 0xf0, 0x00, 0x00, 0x5f,
    0xa0, 0x00, 0x00, 0x00, 0xef, 0xfe, 0xee, 0xef,
    0xf5, 0x00, 0x00, 0x00, 0x04, 0xdf, 0xff, 0xff,
    0xf9, 0x00,

    /* U+753B "画" */
    0x2b, 0xbb, 0xbb, 0xbb, 0xbb, 0xbb, 0xbb, 0xbb,
    0xb8, 0x3f, 0xff, 0xff, 0xff, 0xff, 0xff, 0xff,
    0xff, 0xfc, 0x00, 0x00, 0x00, 0x00, 0x00, 0x00,
    0x00, 0x00, 0x00, 0x00, 0x00, 0x00, 0x00, 0x00,
    0x00, 0x00, 0x00, 0x00, 0x00, 0x00, 0x7b, 0xbb,
    0xbb, 0xbb, 0xb9, 0x00, 0x00, 0x18, 0x60, 0xaf,
    0xee, 0xff, 0xee, 0xfe, 0x04, 0xa6, 0x2f, 0xc0,
    0xae, 0x00, 0xce, 0x00, 0xce, 0x07, 0xfa, 0x2f,
    0xc0, 0xae, 0x22, 0xce, 0x22, 0xce, 0x07, 0xfa,
    0x2f, 0xc0, 0xaf, 0xff, 0xff, 0xff, 0xfe, 0x07,
    0xfa, 0x2f, 0xc0, 0xaf, 0x55, 0xdf, 0x55, 0xde,
    0x07, 0xfa, 0x2f, 0xc0, 0xae, 0x00, 0xce, 0x00,
    0xce, 0x07, 0xfa, 0x2f, 0xc0, 0xae, 0x33, 0xce,
    0x33, 0xce, 0x07, 0xfa, 0x2f, 0xc0, 0xaf, 0xff,
    0xff, 0xff, 0xfe, 0x07, 0xfa, 0x2f, 0xc0, 0x36,
    0x66, 0x66, 0x66, 0x65, 0x07, 0xfa, 0x2f, 0xc0,
    0x00, 0x00, 0x00, 0x00, 0x00, 0x08, 0xfa, 0x2f,
    0xff, 0xff, 0xff, 0xff, 0xff, 0xff, 0xff, 0xfa,
    0x1b, 0xbb, 0xbb, 0xbb, 0xbb, 0xbb, 0xbb, 0xbd,
    0xfa, 0x00, 0x00, 0x00, 0x00, 0x00, 0x00, 0x00,
    0x07, 0xfa,

    /* U+7761 "睡" */
    0x00, 0x00, 0x00, 0x00, 0x00, 0x00, 0x13, 0x68,
    0x30, 0x06, 0xbb, 0xbb, 0x50, 0xac, 0xde, 0xff,
    0xff, 0xfb, 0x00, 0x9f, 0xff, 0xf8, 0x09, 0xdc,
    0xbe, 0xf7, 0x52, 0x00, 0x09, 0xf0, 0x0f, 0x80,
    0x00, 0x00, 0xbf, 0x10, 0x00, 0x00, 0x9f, 0x00,
    0xf8, 0x25, 0x55, 0x5d, 0xf6, 0x55, 0x54, 0x09,
    0xf9, 0x9f, 0x88, 0xff, 0xff, 0xff, 0xff, 0xff,
    0xe0, 0x9f, 0xff, 0xf8, 0x48, 0xfb, 0x7d, 0xf8,
    0x8f, 0xc6, 0x09, 0xf0, 0x0f, 0x80, 0x1f, 0x80,
    0xbf, 0x11, 0xf8, 0x00, 0x9f, 0x00, 0xf8, 0x68,
    0xfb, 0x7d, 0xf8, 0x8f, 0xb7, 0x29, 0xf9, 0x9f,
    0x8d, 0xff, 0xff, 0xff, 0xff, 0xff, 0xf5, 0x9f,
    0xff, 0xf8, 0x45, 0xfa, 0x4d, 0xf5, 0x5f, 0xa4,
    0x19, 0xf0, 0x0f, 0x80, 0x1f, 0x80, 0xbf, 0x11,
    0xf8, 0x00, 0x9f, 0x00, 0xf8, 0x7b, 0xfd, 0xbe,
    0xfb, 0xbf, 0xda, 0x09, 0xf7, 0x7f, 0x8a, 0xff,
    0xff, 0xff, 0xff, 0xff, 0xe0, 0x9f, 0xff, 0xf8,
    0x01, 0x11, 0x1c, 0xf2, 0x11, 0x11, 0x09, 0xf3,
    0x33, 0x10, 0x00, 0x00, 0xbf, 0x10, 0x00, 0x00,
    0x9f, 0x00, 0x00, 0x0b, 0xbb, 0xbe, 0xfc, 0xbb,
    0xb1, 0x01, 0x10, 0x00, 0x00, 0xff, 0xff, 0xff,
    0xff, 0xff, 0x20, 0x00, 0x00, 0x00, 0x0f, 0xff,
    0xff, 0xff, 0xff, 0xf2, 0x00,

    /* U+77E5 "知" */
    0x00, 0x09, 0x50, 0x00, 0x00, 0x00, 0x00, 0x00,
    0x00, 0x00, 0x03, 0xfb, 0x00, 0x00, 0x00, 0x00,
    0x00, 0x00, 0x00, 0x00, 0x7f, 0x70, 0x00, 0x00,
    0x0d, 0xff, 0xff, 0xff, 0x90, 0x0d, 0xff, 0xff,
    0xff, 0xd0, 0xef, 0xdd, 0xde, 0xfa, 0x03, 0xfe,
    0xbf, 0xfb, 0xb9, 0x0e, 0xe0, 0x00, 0x4f, 0xa0,
    0xbf, 0x41, 0xfd, 0x00, 0x00, 0xee, 0x00, 0x04,
    0xfa, 0x1e, 0xc0, 0x1f, 0xd0, 0x00, 0x0e, 0xe0,
    0x00, 0x4f, 0xa0, 0x12, 0x01, 0xfd, 0x00, 0x00,
    0xee, 0x00, 0x04, 0xfa, 0x0d, 0xdd, 0xdf, 0xfd,
    0xdd, 0x5e, 0xe0, 0x00, 0x4f, 0xa0, 0xff, 0xff,
    0xff, 0xff, 0xf6, 0xee, 0x00, 0x04, 0xfa, 0x00,
    0x00, 0x4f, 0xa0, 0x00, 0x0e, 0xe0, 0x00, 0x4f,
    0xa0, 0x00, 0x07, 0xfd, 0x10, 0x00, 0xee, 0x00,
    0x04, 0xfa, 0x00, 0x00, 0xbf, 0xfc, 0x00, 0x0e,
    0xe0, 0x00, 0x4f, 0xa0, 0x00, 0x1f, 0xe9, 0xfb,
    0x00, 0xee, 0x00, 0x04, 0xfa, 0x00, 0x09, 0xf8,
    0x0c, 0xf9, 0x0e, 0xe0, 0x00, 0x5f, 0xa0, 0x04,
    0xff, 0x10, 0x1e, 0xf3, 0xef, 0xff, 0xff, 0xfa,
    0x04, 0xff, 0x60, 0x00, 0x4a, 0x0e, 0xfb, 0xbb,
    0xdf, 0xa1, 0xef, 0x80, 0x00, 0x00, 0x00, 0xee,
    0x00, 0x04, 0xfa, 0x03, 0x60, 0x00, 0x00, 0x00,
    0x03, 0x30, 0x00, 0x00, 0x00,

    /* U+793A "示" */
    0x00, 0x0b, 0xbb, 0xbb, 0xbb, 0xbb, 0xbb, 0xbb,
    0xb0, 0x00, 0x01, 0xff, 0xff, 0xff, 0xff, 0xff,
    0xff, 0xff, 0x10, 0x00, 0x02, 0x22, 0x22, 0x22,
    0x22, 0x22, 0x22, 0x20, 0x00, 0x00, 0x00, 0x00,
    0x00, 0x00, 0x00, 0x00, 0x00, 0x00, 0x00, 0x00,
    0x00, 0x00, 0x00, 0x00, 0x00, 0x00, 0x00, 0x00,
    0xbd, 0xdd, 0xdd, 0xdd, 0xdd, 0xdd, 0xdd, 0xdd,
    0xdc, 0x0d, 0xff, 0xff, 0xff, 0xff, 0xff, 0xff,
    0xff, 0xff, 0xe0, 0x00, 0x00, 0x00, 0x00, 0xff,
    0x10, 0x00, 0x00, 0x00, 0x00, 0x00, 0x00, 0x00,
    0x0f, 0xf1, 0x00, 0x00, 0x00, 0x00, 0x00, 0x0d,
    0xc2, 0x00, 0xff, 0x10, 0x2c, 0xc0, 0x00, 0x00,
    0x04, 0xfe, 0x00, 0x0f, 0xf1, 0x00, 0xdf, 0x60,
    0x00, 0x00, 0xcf, 0x70, 0x00, 0xff, 0x10, 0x04,
    0xfe, 0x10, 0x00, 0x6f, 0xe0, 0x00, 0x0f, 0xf1,
    0x00, 0x0b, 0xf8, 0x00, 0x2f, 0xf5, 0x00, 0x00,
    0xff, 0x10, 0x00, 0x3f, 0xf1, 0x1d, 0xfb, 0x00,
    0x00, 0x0f, 0xf1, 0x00, 0x00, 0xcf, 0x81, 0x9e,
    0x10, 0x00, 0x00, 0xff, 0x10, 0x00, 0x05, 0xf7,
    0x00, 0x00, 0x04, 0xee, 0xef, 0xf0, 0x00, 0x00,
    0x00, 0x00, 0x00, 0x00, 0x0e, 0xff, 0xd6, 0x00,
    0x00, 0x00, 0x00, 0x00, 0x00, 0x00, 0x00, 0x00,
    0x00, 0x00, 0x00, 0x00, 0x00,

    /* U+79D2 "秒" */
    0x00, 0x00, 0x00, 0x55, 0x00, 0x00, 0xaf, 0x20,
    0x00, 0x00, 0x01, 0x48, 0xbf, 0xff, 0x20, 0x00,
    0xaf, 0x20, 0x00, 0x00, 0x0d, 0xff, 0xff, 0x73,
    0x00, 0x00, 0xaf, 0x20, 0x00, 0x00, 0x03, 0x42,
    0xfd, 0x00, 0x02, 0x50, 0xaf, 0x25, 0xb1, 0x00,
    0x00, 0x00, 0xfd, 0x00, 0x08, 0xf3, 0xaf, 0x26,
    0xf7, 0x00, 0x14, 0x44, 0xfd, 0x44, 0x2a, 0xf0,
    0xaf, 0x20, 0xee, 0x00, 0x3f, 0xff, 0xff, 0xff,
    0x8d, 0xd0, 0xaf, 0x20, 0x9f, 0x50, 0x17, 0x7a,
    0xff, 0x77, 0x5f, 0x90, 0xaf, 0x20, 0x3f, 0xb0,
    0x00, 0x0a, 0xff, 0x60, 0x6f, 0x50, 0xaf, 0x20,
    0x0e, 0xb0, 0x00, 0x1f, 0xff, 0xf4, 0x6e, 0x00,
    0xaf, 0x20, 0x01, 0x00, 0x00, 0x9f, 0xfd, 0xcf,
    0x20, 0x00, 0xaf, 0x20, 0xbc, 0x10, 0x02, 0xf9,
    0xfd, 0x3e, 0x10, 0x00, 0xaf, 0x23, 0xfc, 0x00,
    0x0c, 0xf2, 0xfd, 0x01, 0x00, 0x00, 0x46, 0x1c,
    0xf5, 0x00, 0x5f, 0x90, 0xfd, 0x00, 0x00, 0x00,
    0x00, 0xaf, 0xb0, 0x00, 0x0d, 0x10, 0xfd, 0x00,
    0x00, 0x00, 0x0a, 0xfe, 0x10, 0x00, 0x00, 0x00,
    0xfd, 0x00, 0x00, 0x05, 0xdf, 0xe2, 0x00, 0x00,
    0x00, 0x00, 0xfd, 0x00, 0x38, 0xdf, 0xfb, 0x10,
    0x00, 0x00, 0x00, 0x00, 0xfd, 0x08, 0xff, 0xfc,
    0x40, 0x00, 0x00, 0x00, 0x00, 0x00, 0xfd, 0x01,
    0xd9, 0x30, 0x00, 0x00, 0x00, 0x00,

    /* U+7CFB "系" */
    0x00, 0x00, 0x00, 0x00, 0x00, 0x24, 0x69, 0xd4,
    0x00, 0x05, 0x67, 0x8a, 0xbc, 0xef, 0xff, 0xff,
    0xfc, 0x00, 0x0b, 0xff, 0xff, 0xff, 0xfc, 0xa8,
    0x53, 0x00, 0x00, 0x02, 0x43, 0x23, 0xdf, 0x60,
    0x00, 0x20, 0x00, 0x00, 0x00, 0x00, 0x2e, 0xf5,
    0x00, 0x04, 0xfc, 0x00, 0x00, 0x00, 0x06, 0xfe,
    0x30, 0x01, 0x8f, 0xf7, 0x00, 0x00, 0x00, 0xaf,
    0xff, 0xff, 0xff, 0xfe, 0x40, 0x00, 0x00, 0x00,
    0x8d, 0xb9, 0x8d, 0xff, 0xb1, 0x16, 0x00, 0x00,
    0x00, 0x00, 0x01, 0xbf, 0xe6, 0x00, 0x9f, 0x80,
    0x00, 0x00, 0x00, 0x7f, 0xf9, 0x10, 0x00, 0x0b,
    0xf6, 0x00, 0x01, 0x7e, 0xff, 0xa8, 0x9a, 0xbc,
    0xde, 0xff, 0x30, 0x0c, 0xff, 0xff, 0xff, 0xff,
    0xdc, 0xb9, 0x8f, 0xe0, 0x05, 0x96, 0x53, 0x21,
    0xdf, 0x10, 0x00, 0x07, 0xf4, 0x00, 0x01, 0xb7,
    0x00, 0xdf, 0x11, 0x9a, 0x10, 0x10, 0x00, 0x1c,
    0xfa, 0x00, 0xdf, 0x11, 0xbf, 0xd2, 0x00, 0x02,
    0xdf, 0xb0, 0x00, 0xdf, 0x10, 0x08, 0xff, 0x40,
    0x6f, 0xfa, 0x00, 0x00, 0xdf, 0x10, 0x00, 0x7f,
    0xf5, 0x2c, 0x80, 0x08, 0xcc, 0xff, 0x00, 0x00,
    0x06, 0xd2, 0x00, 0x00, 0x04, 0xff, 0xe7, 0x00,
    0x00, 0x00, 0x00, 0x00, 0x00, 0x00, 0x00, 0x00,
    0x00, 0x00, 0x00, 0x00,

    /* U+7D61 "絡" */
    0x00, 0x00, 0x00, 0x00, 0x00, 0x00, 0x00, 0x00,
    0x00, 0x00, 0x00, 0x00, 0xd7, 0x00, 0x00, 0x07,
    0xe4, 0x00, 0x00, 0x00, 0x00, 0x06, 0xf8, 0x00,
    0x00, 0x0e, 0xf1, 0x00, 0x00, 0x00, 0x00, 0x0d,
    0xf1, 0x00, 0x00, 0x8f, 0xff, 0xff, 0xfd, 0x10,
    0x00, 0x6f, 0x72, 0xc3, 0x04, 0xfe, 0xaa, 0xab,
    0xfe, 0x00, 0x01, 0xfc, 0x0a, 0xf5, 0x3f, 0xfe,
    0x10, 0x0a, 0xf6, 0x00, 0x0c, 0xf6, 0x6f, 0xc3,
    0xff, 0xaf, 0xb0, 0x5f, 0xc0, 0x00, 0x4f, 0xff,
    0xff, 0x20, 0xa7, 0x09, 0xfb, 0xff, 0x20, 0x00,
    0x09, 0x6c, 0xf7, 0x10, 0x00, 0x00, 0xdf, 0xf4,
    0x00, 0x00, 0x00, 0x5f, 0xba, 0xd0, 0x00, 0x06,
    0xff, 0xfb, 0x10, 0x00, 0x03, 0xfd, 0x15, 0xf2,
    0x02, 0xbf, 0xe5, 0xbf, 0xf7, 0x00, 0x2e, 0xfd,
    0xdf, 0xf7, 0xaf, 0xfb, 0x10, 0x07, 0xff, 0xe1,
    0x1f, 0xfd, 0xa7, 0xea, 0xaf, 0xeb, 0xbb, 0xbb,
    0xdf, 0x70, 0x03, 0x00, 0x00, 0x82, 0x0b, 0xff,
    0xff, 0xff, 0xff, 0x00, 0x07, 0xa2, 0xc4, 0xf5,
    0x0b, 0xf1, 0x00, 0x00, 0xef, 0x00, 0x0b, 0xe1,
    0xf6, 0xca, 0x0b, 0xf1, 0x00, 0x00, 0xef, 0x00,
    0x0d, 0xc0, 0xf8, 0x8e, 0x0b, 0xf1, 0x00, 0x00,
    0xef, 0x00, 0x1f, 0x90, 0xda, 0x38, 0x0b, 0xfb,
    0xbb, 0xbb, 0xff, 0x00, 0x4f, 0x50, 0x85, 0x00,
    0x0b, 0xff, 0xff, 0xff, 0xff, 0x00, 0x02, 0x10,
    0x00, 0x00, 0x0b, 0xf1, 0x00, 0x00, 0xef, 0x00,
    0x00, 0x00, 0x00, 0x00, 0x00, 0x00, 0x00, 0x00,
    0x00, 0x00,

    /* U+7D9A "続" */
    0x00, 0x01, 0x71, 0x00, 0x00, 0x00, 0x2b, 0x70,
    0x00, 0x00, 0x00, 0x07, 0xf5, 0x00, 0x00, 0x00,
    0x3f, 0xa0, 0x00, 0x00, 0x00, 0x0e, 0xd0, 0x00,
    0xbf, 0xff, 0xff, 0xff, 0xff, 0xf0, 0x00, 0x6f,
    0x51, 0x70, 0x68, 0x88, 0x9f, 0xd8, 0x88, 0x80,
    0x00, 0xed, 0x08, 0xf6, 0x00, 0x00, 0x2f, 0xa0,
    0x00, 0x00, 0x08, 0xf3, 0x2f, 0xd0, 0x0f, 0xff,
    0xff, 0xff, 0xff, 0x60, 0x3f, 0xff, 0xff, 0x30,
    0x08, 0x88, 0x88, 0x88, 0x88, 0x30, 0x1b, 0x8a,
    0xf8, 0x00, 0x57, 0x77, 0x77, 0x77, 0x77, 0x70,
    0x00, 0x1e, 0xd7, 0xd0, 0xbf, 0xff, 0xff, 0xff,
    0xff, 0xf0, 0x00, 0xbf, 0x23, 0xf3, 0xbe, 0x00,
    0x00, 0x00, 0x0b, 0xf0, 0x08, 0xfc, 0xad, 0xf8,
    0xbe, 0x01, 0x00, 0x01, 0x0b, 0xf0, 0x1f, 0xfe,
    0xb8, 0xcc, 0x34, 0x1f, 0xa0, 0xaf, 0x13, 0x40,
    0x05, 0x20, 0x00, 0x51, 0x00, 0x1f, 0xa0, 0xaf,
    0x10, 0x00, 0x03, 0x82, 0xa2, 0xf4, 0x00, 0x2f,
    0x90, 0xaf, 0x10, 0x00, 0x07, 0xf3, 0xf3, 0xc9,
    0x00, 0x6f, 0x70, 0xaf, 0x10, 0x10, 0x09, 0xd0,
    0xf5, 0x7e, 0x00, 0xdf, 0x20, 0xaf, 0x10, 0xf5,
    0x0c, 0xa0, 0xf7, 0x3f, 0x29, 0xfb, 0x00, 0xaf,
    0x11, 0xf6, 0x1f, 0x70, 0xd8, 0x02, 0x9f, 0xe1,
    0x00, 0x9f, 0xaa, 0xf4, 0x2a, 0x20, 0x20, 0x04,
    0xfd, 0x20, 0x00, 0x4e, 0xff, 0xc0, 0x00, 0x00,
    0x00, 0x00, 0x20, 0x00, 0x00, 0x00, 0x00, 0x00,

    /* U+7EC8 "终" */
    0x00, 0x00, 0x00, 0x00, 0x00, 0x00, 0x00, 0x00,
    0x00, 0x00, 0x00, 0x00, 0xc8, 0x00, 0x00, 0x0a,
    0xc3, 0x00, 0x00, 0x00, 0x00, 0x03, 0xfd, 0x00,
    0x00, 0x3f, 0xe0, 0x00, 0x00, 0x00, 0x00, 0x0a,
    0xf5, 0x00, 0x00, 0xcf, 0xff, 0xff, 0xfc, 0x10,
    0x00, 0x2f, 0xd0, 0x00, 0x08, 0xfe, 0xbb, 0xbc,
    0xfd, 0x00, 0x00, 0xbf, 0x40, 0x71, 0x6f, 0xff,
    0x20, 0x0c, 0xf5, 0x00, 0x04, 0xfb, 0x04, 0xff,
    0xff, 0x6f, 0xd1, 0x8f, 0xa0, 0x00, 0x2e, 0xf8,
    0x8e, 0xf3, 0xa3, 0x06, 0xfe, 0xfd, 0x00, 0x00,
    0x3f, 0xff, 0xff, 0x80, 0x00, 0x00, 0xdf, 0xf4,
    0x00, 0x00, 0x06, 0x35, 0xfc, 0x00, 0x00, 0x4e,
    0xfe, 0xff, 0x70, 0x00, 0x00, 0x1e, 0xe2, 0x00,
    0x4c, 0xff, 0x90, 0x5f, 0xfe, 0x60, 0x00, 0xcf,
    0x53, 0x56, 0xff, 0xc3, 0x30, 0x02, 0xbf, 0xf3,
    0x1c, 0xff, 0xff, 0xf8, 0x44, 0x06, 0xfe, 0x60,
    0x03, 0x50, 0x0f, 0xfd, 0xa7, 0x51, 0x00, 0x00,
    0x6d, 0xfd, 0x30, 0x00, 0x02, 0x00, 0x00, 0x00,
    0x00, 0x00, 0x00, 0x7d, 0x10, 0x00, 0x00, 0x00,
    0x02, 0x58, 0x04, 0xc8, 0x30, 0x00, 0x00, 0x00,
    0x17, 0x9c, 0xff, 0xff, 0x07, 0xdf, 0xfd, 0x71,
    0x00, 0x00, 0x3f, 0xff, 0xc9, 0x52, 0x00, 0x03,
    0x9e, 0xff, 0xa2, 0x00, 0x16, 0x30, 0x00, 0x00,
    0x00, 0x00, 0x00, 0x6d, 0xf9, 0x00, 0x00, 0x00,
    0x00, 0x00, 0x00, 0x00, 0x00, 0x00, 0x50, 0x00,

    /* U+7EDF "统" */
    0x00, 0x00, 0x93, 0x00, 0x00, 0x01, 0x76, 0x00,
    0x00, 0x00, 0x00, 0x03, 0xff, 0x00, 0x00, 0x00,
    0xff, 0x10, 0x00, 0x00, 0x00, 0x0a, 0xf8, 0x00,
    0x00, 0x00, 0x9f, 0x50, 0x00, 0x00, 0x00, 0x2f,
    0xf1, 0x00, 0xee, 0xee, 0xfe, 0xee, 0xee, 0xc0,
    0x00, 0xaf, 0x70, 0x50, 0xdd, 0xdf, 0xfe, 0xdd,
    0xdd, 0xb0, 0x04, 0xfd, 0x05, 0xf9, 0x00, 0x3f,
    0xf2, 0x02, 0x20, 0x00, 0x2e, 0xf4, 0x3e, 0xf4,
    0x01, 0xdf, 0x50, 0x2f, 0xc0, 0x00, 0x5f, 0xff,
    0xff, 0xa0, 0x0b, 0xf9, 0x00, 0x09, 0xf6, 0x00,
    0x0f, 0xdd, 0xfe, 0x13, 0xcf, 0xf7, 0x8a, 0xbd,
    0xff, 0x10, 0x00, 0x1d, 0xf4, 0x02, 0xff, 0xff,
    0xff, 0xfd, 0xdf, 0x90, 0x00, 0xbf, 0x70, 0x00,
    0xb9, 0xb8, 0x32, 0x42, 0x0e, 0xa0, 0x0a, 0xfe,
    0x9c, 0xf4, 0x01, 0xfc, 0x04, 0xf9, 0x01, 0x00,
    0x2f, 0xff, 0xff, 0xb2, 0x02, 0xfb, 0x04, 0xf9,
    0x00, 0x00, 0x0d, 0xa6, 0x30, 0x00, 0x04, 0xf9,
    0x04, 0xf9, 0x00, 0x00, 0x00, 0x00, 0x00, 0x52,
    0x08, 0xf6, 0x04, 0xf9, 0x02, 0x00, 0x00, 0x15,
    0xaf, 0xf7, 0x0e, 0xf2, 0x04, 0xf9, 0x07, 0xf1,
    0x2c, 0xff, 0xfc, 0x71, 0xaf, 0xb0, 0x04, 0xf9,
    0x08, 0xf1, 0x1f, 0xd8, 0x20, 0x3c, 0xfe, 0x20,
    0x03, 0xfd, 0x9e, 0xe0, 0x03, 0x00, 0x00, 0x2f,
    0xc2, 0x00, 0x00, 0xcf, 0xff, 0x70, 0x00, 0x00,
    0x00, 0x03, 0x00, 0x00, 0x00, 0x00, 0x00, 0x00,

    /* U+7F51 "网" */
    0x1c, 0xcc, 0xcc, 0xcc, 0xcc, 0xcc, 0xcc, 0xcc,
    0xc8, 0x2f, 0xff, 0xff, 0xff, 0xff, 0xff, 0xff,
    0xff, 0xfa, 0x2f, 0xc0, 0x00, 0x00, 0x00, 0x00,
    0x00, 0x04, 0xfa, 0x2f, 0xc0, 0x00, 0x0b, 0x70,
    0x00, 0x3a, 0x33, 0xfa, 0x2f, 0xc0, 0x20, 0x1f,
    0x91, 0x00, 0x7f, 0x33, 0xfa, 0x2f, 0xca, 0xe1,
    0x4f, 0x7d, 0xa0, 0xaf, 0x13, 0xfa, 0x2f, 0xc4,
    0xfc, 0x8f, 0x38, 0xf7, 0xdd, 0x03, 0xfa, 0x2f,
    0xc0, 0x7f, 0xff, 0x00, 0xcf, 0xfa, 0x03, 0xfa,
    0x2f, 0xc0, 0x0b, 0xfb, 0x00, 0x2f, 0xf6, 0x03,
    0xfa, 0x2f, 0xc0, 0x05, 0xfe, 0x10, 0x0b, 0xf9,
    0x03, 0xfa, 0x2f, 0xc0, 0x0b, 0xff, 0xb0, 0x1f,
    0xff, 0x33, 0xfa, 0x2f, 0xc0, 0x2f, 0xba, 0xf5,
    0x8f, 0x8f, 0xc3, 0xfa, 0x2f, 0xc0, 0xbf, 0x31,
    0xc2, 0xfe, 0x09, 0xf5, 0xfa, 0x2f, 0xc6, 0xfa,
    0x00, 0x0b, 0xf5, 0x01, 0x43, 0xfa, 0x2f, 0xde,
    0xe1, 0x00, 0x8f, 0xb0, 0x00, 0x03, 0xfa, 0x2f,
    0xc2, 0x30, 0x00, 0x08, 0x10, 0x00, 0x03, 0xfa,
    0x2f, 0xc0, 0x00, 0x00, 0x00, 0x00, 0x9d, 0xde,
    0xf9, 0x2f, 0xc0, 0x00, 0x00, 0x00, 0x00, 0x4f,
    0xfe, 0xa1,

    /* U+7F6E "置" */
    0x02, 0x22, 0x22, 0x22, 0x22, 0x22, 0x22, 0x22,
    0x10, 0x0e, 0xff, 0xff, 0xff, 0xff, 0xff, 0xff,
    0xff, 0xc0, 0x0e, 0xf3, 0x24, 0xfa, 0x22, 0xaf,
    0x42, 0x2f, 0xc0, 0x0e, 0xf5, 0x56, 0xfb, 0x55,
    0xbf, 0x65, 0x5f, 0xc0, 0x0e, 0xff, 0xff, 0xff,
    0xff, 0xff, 0xff, 0xff, 0xc0, 0x00, 0x00, 0x00,
    0x02, 0xfc, 0x00, 0x00, 0x00, 0x00, 0xdf, 0xff,
    0xff, 0xff, 0xff, 0xff, 0xff, 0xff, 0xf3, 0x67,
    0x77, 0x77, 0x7b, 0xfa, 0x77, 0x77, 0x77, 0x71,
    0x00, 0x38, 0x88, 0x8c, 0xfa, 0x88, 0x88, 0x83,
    0x00, 0x00, 0x6f, 0xca, 0xaa, 0xaa, 0xaa, 0xad,
    0xf5, 0x00, 0x00, 0x6f, 0x82, 0x22, 0x22, 0x22,
    0x29, 0xf5, 0x00, 0x00, 0x6f, 0xfe, 0xee, 0xee,
    0xee, 0xef, 0xf5, 0x00, 0x00, 0x6f, 0x82, 0x22,
    0x22, 0x22, 0x29, 0xf5, 0x00, 0x00, 0x6f, 0xfe,
    0xee, 0xee, 0xee, 0xef, 0xf5, 0x00, 0x00, 0x6f,
    0x71, 0x11, 0x11, 0x11, 0x19, 0xf5, 0x00, 0x00,
    0x6f, 0xff, 0xff, 0xff, 0xff, 0xff, 0xf5, 0x00,
    0x01, 0x6f, 0x71, 0x11, 0x11, 0x11, 0x18, 0xf6,
    0x11, 0xef, 0xff, 0xff, 0xff, 0xff, 0xff, 0xff,
    0xff, 0xff, 0xef, 0xff, 0xff, 0xff, 0xff, 0xff,
    0xff, 0xff, 0xff,

    /* U+8054 "联" */
    0x00, 0x00, 0x00, 0x00, 0x00, 0x02, 0x00, 0x00,
    0x30, 0x00, 0x0e, 0xee, 0xee, 0xee, 0x80, 0xdf,
    0x20, 0x01, 0xfe, 0x00, 0x0d, 0xff, 0xdd, 0xff,
    0x70, 0x4f, 0xd0, 0x09, 0xf6, 0x00, 0x00, 0xfa,
    0x00, 0xdc, 0x00, 0x09, 0xe3, 0x3f, 0xc0, 0x00,
    0x00, 0xfa, 0x00, 0xdc, 0x07, 0xbc, 0xcb, 0xef,
    0xdb, 0x90, 0x00, 0xff, 0xff, 0xfc, 0x08, 0xee,
    0xef, 0xfe, 0xee, 0xb0, 0x00, 0xfe, 0x99, 0xfc,
    0x00, 0x00, 0x1f, 0xd0, 0x00, 0x00, 0x00, 0xfa,
    0x00, 0xdc, 0x00, 0x00, 0x1f, 0xd0, 0x00, 0x00,
    0x00, 0xfa, 0x00, 0xdc, 0x00, 0x00, 0x1f, 0xc0,
    0x00, 0x00, 0x00, 0xfe, 0xbb, 0xfc, 0x0b, 0xbb,
    0xcf, 0xfb, 0xbb, 0xb5, 0x00, 0xff, 0xdd, 0xfc,
    0x0f, 0xff, 0xff, 0xff, 0xff, 0xf7, 0x00, 0xfa,
    0x00, 0xdc, 0x00, 0x00, 0x5f, 0xe0, 0x00, 0x00,
    0x00, 0xfa, 0x00, 0xdc, 0x00, 0x00, 0xaf, 0xf4,
    0x00, 0x00, 0x00, 0xfb, 0x47, 0xef, 0xe5, 0x01,
    0xff, 0xfc, 0x00, 0x00, 0x1d, 0xff, 0xff, 0xff,
    0xc3, 0x09, 0xf9, 0xaf, 0x60, 0x00, 0x0f, 0xdb,
    0x85, 0xec, 0x00, 0x5f, 0xf1, 0x2f, 0xf3, 0x00,
    0x00, 0x00, 0x00, 0xdc, 0x05, 0xff, 0x50, 0x06,
    0xff, 0x50, 0x00, 0x00, 0x00, 0xdc, 0x8f, 0xf7,
    0x00, 0x00, 0x8f, 0xf6, 0x00, 0x00, 0x00, 0xdc,
    0x4e, 0x50, 0x00, 0x00, 0x05, 0xb0, 0x00, 0x00,
    0x00, 0x00, 0x00, 0x00, 0x00, 0x00, 0x00, 0x00,

    /* U+80FD "能" */
    0x00, 0x2b, 0x70, 0x00, 0x00, 0xac, 0x00, 0x00,
    0x00, 0x00, 0x09, 0xfa, 0x16, 0x10, 0x0d, 0xf0,
    0x00, 0x12, 0x00, 0x02, 0xfe, 0x16, 0xf9, 0x00,
    0xdf, 0x02, 0x8f, 0xe1, 0x00, 0xcf, 0x50, 0x0c,
    0xf3, 0x0d, 0xfc, 0xff, 0xc6, 0x00, 0x9f, 0xfc,
    0xde, 0xff, 0xb0, 0xdf, 0xc7, 0x20, 0x00, 0x05,
    0xfe, 0xcb, 0x98, 0xcf, 0x2d, 0xf0, 0x00, 0x03,
    0x60, 0x00, 0x00, 0x00, 0x03, 0x20, 0xdf, 0x00,
    0x00, 0x6f, 0x40, 0xaa, 0xaa, 0xab, 0xa2, 0x0c,
    0xfb, 0x99, 0x9e, 0xf1, 0x1f, 0xff, 0xff, 0xff,
    0x30, 0x5f, 0xff, 0xff, 0xf8, 0x01, 0xfb, 0x00,
    0x07, 0xf3, 0x02, 0x21, 0x11, 0x10, 0x00, 0x1f,
    0xd7, 0x77, 0xbf, 0x30, 0xdf, 0x00, 0x00, 0x20,
    0x01, 0xff, 0xff, 0xff, 0xf3, 0x0d, 0xf0, 0x05,
    0xcf, 0x30, 0x1f, 0xb0, 0x00, 0x7f, 0x30, 0xdf,
    0xae, 0xfe, 0x82, 0x01, 0xff, 0xff, 0xff, 0xf3,
    0x0d, 0xfc, 0x73, 0x00, 0x00, 0x1f, 0xd8, 0x88,
    0xbf, 0x30, 0xdf, 0x00, 0x00, 0x28, 0x11, 0xfb,
    0x00, 0x07, 0xf3, 0x0d, 0xf0, 0x00, 0x03, 0xf7,
    0x1f, 0xb0, 0x00, 0x7f, 0x30, 0xdf, 0x00, 0x00,
    0x5f, 0x51, 0xfb, 0x07, 0xbd, 0xf3, 0x0b, 0xfd,
    0xcc, 0xcf, 0xf1, 0x1f, 0xb0, 0x4f, 0xe9, 0x00,
    0x3b, 0xdd, 0xdd, 0xd6, 0x00,

    /* U+822A "航" */
    0x00, 0x00, 0x00, 0x00, 0x00, 0x00, 0x00, 0x00,
    0x00, 0x00, 0x00, 0x00, 0x6d, 0x50, 0x00, 0x00,
    0xbe, 0x00, 0x00, 0x00, 0x00, 0x00, 0xaf, 0x20,
    0x00, 0x00, 0x9f, 0x70, 0x00, 0x00, 0x00, 0x58,
    0xef, 0x88, 0x50, 0x00, 0x3f, 0xd0, 0x00, 0x00,
    0x00, 0xbf, 0xff, 0xff, 0xa9, 0xaa, 0xaf, 0xba,
    0xaa, 0xa3, 0x00, 0xbe, 0x01, 0x0f, 0xae, 0xff,
    0xff, 0xff, 0xff, 0xf4, 0x00, 0xbe, 0x9b, 0x0f,
    0xa0, 0x00, 0x00, 0x00, 0x00, 0x00, 0x00, 0xbe,
    0x3f, 0x2f, 0xa0, 0x25, 0x44, 0x45, 0x40, 0x00,
    0x00, 0xbe, 0x0a, 0x3f, 0xa0, 0x8f, 0xff, 0xff,
    0xf0, 0x00, 0x07, 0xdf, 0x77, 0x7f, 0xa0, 0x8f,
    0x64, 0x4d, 0xf0, 0x00, 0x1f, 0xff, 0xff, 0xff,
    0xa0, 0x8f, 0x30, 0x0c, 0xf0, 0x00, 0x00, 0xce,
    0x11, 0x0f, 0xa0, 0x8f, 0x30, 0x0c, 0xf0, 0x00,
    0x00, 0xce, 0xaa, 0x0f, 0xa0, 0x8f, 0x30, 0x0c,
    0xf0, 0x00, 0x00, 0xcd, 0x5f, 0x1f, 0xa0, 0x9f,
    0x20, 0x0c, 0xf0, 0x00, 0x00, 0xdc, 0x0e, 0x8f,
    0xa0, 0xaf, 0x10, 0x0c, 0xf0, 0x00, 0x00, 0xfb,
    0x05, 0x2f, 0xa0, 0xcf, 0x00, 0x0c, 0xf0, 0x51,
    0x02, 0xf8, 0x00, 0x0f, 0xa0, 0xfc, 0x00, 0x0c,
    0xf0, 0xaa, 0x05, 0xf5, 0x00, 0x0f, 0xa5, 0xf7,
    0x00, 0x0c, 0xf0, 0xb9, 0x0b, 0xf1, 0x07, 0x8f,
    0xad, 0xf1, 0x00, 0x0b, 0xf9, 0xf8, 0x0c, 0xa0,
    0x0a, 0xfe, 0x6d, 0x80, 0x00, 0x05, 0xff, 0xe2,
    0x00, 0x10, 0x00, 0x00, 0x01, 0x00, 0x00, 0x00,
    0x00, 0x00,

    /* U+8377 "荷" */
    0x00, 0x00, 0x00, 0x10, 0x00, 0x00, 0x01, 0x00,
    0x00, 0x00, 0x00, 0x00, 0x9f, 0x50, 0x00, 0x08,
    0xf5, 0x00, 0x00, 0x08, 0xaa, 0xad, 0xfc, 0xaa,
    0xaa, 0xdf, 0xca, 0xaa, 0x70, 0xdf, 0xff, 0xff,
    0xff, 0xff, 0xff, 0xff, 0xff, 0xfc, 0x01, 0x11,
    0x19, 0xf5, 0x11, 0x11, 0x8f, 0x61, 0x11, 0x00,
    0x00, 0x00, 0x7c, 0x30, 0x00, 0x06, 0xc4, 0x00,
    0x00, 0x00, 0x00, 0x5e, 0x60, 0x00, 0x00, 0x00,
    0x00, 0x00, 0x00, 0x00, 0x0d, 0xf4, 0xff, 0xff,
    0xff, 0xff, 0xff, 0xfd, 0x00, 0x07, 0xfa, 0x0d,
    0xdd, 0xdd, 0xdd, 0xdf, 0xfd, 0xb0, 0x03, 0xff,
    0x20, 0x00, 0x00, 0x00, 0x00, 0xcf, 0x10, 0x02,
    0xef, 0xf1, 0x09, 0xb9, 0x99, 0x96, 0x0c, 0xf1,
    0x02, 0xef, 0xff, 0x10, 0xef, 0xff, 0xff, 0xa0,
    0xcf, 0x10, 0x1e, 0xac, 0xf1, 0x0e, 0xd0, 0x01,
    0xfa, 0x0c, 0xf1, 0x00, 0x20, 0xcf, 0x10, 0xed,
    0x00, 0x1f, 0xa0, 0xcf, 0x10, 0x00, 0x0c, 0xf1,
    0x0e, 0xe9, 0x99, 0xfa, 0x0c, 0xf1, 0x00, 0x00,
    0xcf, 0x10, 0xef, 0xff, 0xff, 0xa0, 0xcf, 0x10,
    0x00, 0x0c, 0xf1, 0x0e, 0xd0, 0x00, 0x00, 0x0c,
    0xf1, 0x00, 0x00, 0xcf, 0x10, 0x21, 0x00, 0x00,
    0x00, 0xcf, 0x10, 0x00, 0x0c, 0xf1, 0x00, 0x00,
    0x00, 0xab, 0xbf, 0xf0, 0x00, 0x00, 0xcf, 0x10,
    0x00, 0x00, 0x09, 0xff, 0xe7, 0x00, 0x00, 0x01,
    0x20, 0x00, 0x00, 0x00, 0x00, 0x00, 0x00, 0x00,

    /* U+884C "行" */
    0x00, 0x00, 0x1c, 0x70, 0x00, 0x00, 0x00, 0x00,
    0x00, 0x00, 0x00, 0x00, 0xcf, 0x90, 0x0c, 0xcc,
    0xcc, 0xcc, 0xcc, 0x90, 0x00, 0x0c, 0xfb, 0x00,
    0x0f, 0xff, 0xff, 0xff, 0xff, 0xc0, 0x01, 0xcf,
    0xc0, 0x00, 0x00, 0x00, 0x00, 0x00, 0x00, 0x00,
    0x0e, 0xfc, 0x00, 0x50, 0x00, 0x00, 0x00, 0x00,
    0x00, 0x00, 0x07, 0xa0, 0x08, 0xf9, 0x00, 0x00,
    0x00, 0x00, 0x00, 0x00, 0x00, 0x00, 0x4f, 0xe1,
    0x00, 0x00, 0x00, 0x00, 0x00, 0x00, 0x00, 0x01,
    0xef, 0x51, 0xff, 0xff, 0xff, 0xff, 0xff, 0xf2,
    0x00, 0x1d, 0xfd, 0x00, 0xdd, 0xdd, 0xdd, 0xef,
    0xed, 0xd2, 0x01, 0xdf, 0xfd, 0x00, 0x00, 0x00,
    0x00, 0x7f, 0x70, 0x00, 0x1e, 0xfd, 0xfd, 0x00,
    0x00, 0x00, 0x00, 0x7f, 0x70, 0x00, 0x0b, 0xd2,
    0xfd, 0x00, 0x00, 0x00, 0x00, 0x7f, 0x70, 0x00,
    0x01, 0x11, 0xfd, 0x00, 0x00, 0x00, 0x00, 0x7f,
    0x70, 0x00, 0x00, 0x01, 0xfd, 0x00, 0x00, 0x00,
    0x00, 0x7f, 0x70, 0x00, 0x00, 0x01, 0xfd, 0x00,
    0x00, 0x00, 0x00, 0x7f, 0x70, 0x00, 0x00, 0x01,
    0xfd, 0x00, 0x00, 0x00, 0x00, 0x7f, 0x70, 0x00,
    0x00, 0x01, 0xfd, 0x00, 0x00, 0x00, 0x00, 0x7f,
    0x70, 0x00, 0x00, 0x01, 0xfd, 0x00, 0x00, 0x0a,
    0xcc, 0xef, 0x50, 0x00, 0x00, 0x01, 0xfd, 0x00,
    0x00, 0x08, 0xff, 0xfa, 0x00, 0x00, 0x00, 0x00,
    0x21, 0x00, 0x00, 0x00, 0x00, 0x00, 0x00, 0x00,

    /* U+8868 "表" */
    0x00, 0x00, 0x00, 0x00, 0x0a, 0x90, 0x00, 0x00,
    0x00, 0x00, 0x00, 0x00, 0x00, 0x00, 0x0f, 0xe0,
    0x00, 0x00, 0x00, 0x00, 0x00, 0xff, 0xff, 0xff,
    0xff, 0xff, 0xff, 0xff, 0xff, 0x10, 0x00, 0x89,
    0x99, 0x99, 0x9f, 0xf9, 0x99, 0x99, 0x99, 0x00,
    0x00, 0x00, 0x00, 0x00, 0x0f, 0xe0, 0x00, 0x00,
    0x00, 0x00, 0x00, 0x0f, 0xff, 0xff, 0xff, 0xff,
    0xff, 0xff, 0xf4, 0x00, 0x00, 0x07, 0x77, 0x77,
    0x7f, 0xf7, 0x77, 0x77, 0x72, 0x00, 0x02, 0x33,
    0x33, 0x33, 0x3f, 0xe3, 0x33, 0x33, 0x33, 0x20,
    0x0c, 0xff, 0xff, 0xff, 0xff, 0xff, 0xff, 0xff,
    0xff, 0xb0, 0x05, 0x77, 0x77, 0x7e, 0xfd, 0xfe,
    0x77, 0x77, 0x77, 0x50, 0x00, 0x00, 0x02, 0xcf,
    0xc1, 0xcf, 0x20, 0x00, 0xa6, 0x00, 0x00, 0x01,
    0x9f, 0xf9, 0x00, 0x4f, 0xb0, 0x2c, 0xfc, 0x10,
    0x02, 0x9f, 0xff, 0xe0, 0x00, 0x0c, 0xfa, 0xef,
    0x80, 0x00, 0x1e, 0xfe, 0x8f, 0xe0, 0x00, 0x02,
    0xff, 0xe3, 0x00, 0x00, 0x04, 0x60, 0x0f, 0xe0,
    0x00, 0x12, 0x4f, 0xf7, 0x00, 0x00, 0x00, 0x00,
    0x0f, 0xe3, 0x7c, 0xfb, 0x05, 0xff, 0xc4, 0x00,
    0x00, 0x00, 0x6f, 0xff, 0xff, 0xc6, 0x00, 0x3d,
    0xff, 0xd1, 0x00, 0x00, 0x9f, 0xfb, 0x61, 0x00,
    0x00, 0x00, 0x6d, 0x80, 0x00, 0x00, 0x26, 0x00,
    0x00, 0x00, 0x00, 0x00, 0x00, 0x00,

    /* U+89C9 "觉" */
    0x00, 0x00, 0x00, 0x00, 0x00, 0x00, 0x00, 0x00,
    0x00, 0x00, 0x47, 0x00, 0x08, 0xe2, 0x00, 0x02,
    0xc7, 0x00, 0x00, 0xcf, 0x70, 0x04, 0xfb, 0x00,
    0x0b, 0xf8, 0x00, 0x00, 0x1e, 0xf3, 0x00, 0xcf,
    0x30, 0x5f, 0xc0, 0x00, 0x69, 0x9d, 0xfa, 0x99,
    0xcc, 0x99, 0xef, 0xb9, 0x94, 0xaf, 0xff, 0xff,
    0xff, 0xff, 0xff, 0xff, 0xff, 0xf7, 0xaf, 0x41,
    0x11, 0x11, 0x11, 0x11, 0x11, 0x19, 0xf7, 0xaf,
    0x30, 0x00, 0x00, 0x00, 0x00, 0x00, 0x08, 0xf7,
    0x69, 0x5f, 0xff, 0xff, 0xff, 0xff, 0xff, 0xe5,
    0x94, 0x00, 0x3f, 0xea, 0xaa, 0xaa, 0xaa, 0xaf,
    0xe0, 0x00, 0x00, 0x3f, 0xc0, 0x00, 0x65, 0x00,
    0x1f, 0xe0, 0x00, 0x00, 0x3f, 0xc0, 0x01, 0xfe,
    0x00, 0x1f, 0xe0, 0x00, 0x00, 0x3f, 0xc0, 0x01,
    0xfe, 0x00, 0x1f, 0xe0, 0x00, 0x00, 0x3f, 0xc0,
    0x02, 0xfd, 0x00, 0x1f, 0xe0, 0x00, 0x00, 0x3f,
    0xc0, 0x05, 0xfb, 0x21, 0x1f, 0xe0, 0x00, 0x00,
    0x03, 0x20, 0x1d, 0xf7, 0xfa, 0x04, 0x40, 0x00,
    0x00, 0x00, 0x02, 0xcf, 0xa2, 0xfa, 0x00, 0x00,
    0x96, 0x00, 0x01, 0x8f, 0xfa, 0x02, 0xfa, 0x00,
    0x00, 0xdd, 0x26, 0xbf, 0xfe, 0x50, 0x01, 0xfe,
    0x99, 0x9a, 0xfa, 0x6f, 0xfc, 0x50, 0x00, 0x00,
    0x9f, 0xff, 0xff, 0xd3, 0x04, 0x10, 0x00, 0x00,
    0x00, 0x00, 0x00, 0x00, 0x00,

    /* U+8A00 "言" */
    0x00, 0x00, 0x00, 0x07, 0xd5, 0x00, 0x00, 0x00,
    0x00, 0x00, 0x00, 0x00, 0x00, 0x3f, 0xe1, 0x00,
    0x00, 0x00, 0x00, 0x00, 0x00, 0x00, 0x00, 0x9f,
    0xa0, 0x00, 0x00, 0x00, 0x0f, 0xff, 0xff, 0xff,
    0xff, 0xff, 0xff, 0xff, 0xff, 0xf1, 0x9a, 0xaa,
    0xaa, 0xaa, 0xaa, 0xaa, 0xaa, 0xaa, 0xaa, 0x00,
    0x00, 0x00, 0x00, 0x00, 0x00, 0x00, 0x00, 0x00,
    0x00, 0x00, 0x2f, 0xff, 0xff, 0xff, 0xff, 0xff,
    0xf3, 0x00, 0x00, 0x01, 0x99, 0x99, 0x99, 0x99,
    0x99, 0x99, 0x20, 0x00, 0x00, 0x00, 0x00, 0x00,
    0x00, 0x00, 0x00, 0x00, 0x00, 0x00, 0x02, 0xff,
    0xff, 0xff, 0xff, 0xff, 0xff, 0x30, 0x00, 0x00,
    0x19, 0x99, 0x99, 0x99, 0x99, 0x99, 0x92, 0x00,
    0x00, 0x00, 0x00, 0x00, 0x00, 0x00, 0x00, 0x00,
    0x00, 0x00, 0x00, 0x3a, 0xaa, 0xaa, 0xaa, 0xaa,
    0xaa, 0xa4, 0x00, 0x00, 0x05, 0xff, 0xff, 0xff,
    0xff, 0xff, 0xff, 0x70, 0x00, 0x00, 0x5f, 0x80,
    0x00, 0x00, 0x00, 0x07, 0xf7, 0x00, 0x00, 0x05,
    0xf8, 0x00, 0x00, 0x00, 0x00, 0x7f, 0x70, 0x00,
    0x00, 0x5f, 0xda, 0xaa, 0xaa, 0xaa, 0xac, 0xf7,
    0x00, 0x00, 0x05, 0xff, 0xff, 0xff, 0xff, 0xff,
    0xff, 0x70, 0x00, 0x00, 0x5f, 0x80, 0x00, 0x00,
    0x00, 0x07, 0xf7, 0x00, 0x00, 0x00, 0x10, 0x00,
    0x00, 0x00, 0x00, 0x00, 0x00, 0x00,

    /* U+8A2D "設" */
    0x00, 0x07, 0xb0, 0x00, 0x00, 0x24, 0x33, 0x34,
    0x20, 0x00, 0x00, 0x08, 0xf6, 0x00, 0x00, 0xcf,
    0xff, 0xff, 0xc0, 0x00, 0x00, 0x01, 0xfc, 0x00,
    0x00, 0xcf, 0x99, 0x9f, 0xc0, 0x00, 0x08, 0x88,
    0xc8, 0x88, 0x50, 0xde, 0x00, 0x0f, 0xc0, 0x00,
    0x1f, 0xff, 0xff, 0xff, 0xa0, 0xfc, 0x00, 0x0f,
    0xc0, 0x00, 0x00, 0x00, 0x00, 0x00, 0x07, 0xf8,
    0x00, 0x0f, 0xc0, 0x00, 0x03, 0xdd, 0xdd, 0xda,
    0x7f, 0xf1, 0x00, 0x0e, 0xfe, 0xc0, 0x02, 0x99,
    0x99, 0x98, 0xdf, 0x40, 0x00, 0x04, 0xaa, 0x90,
    0x00, 0x22, 0x22, 0x21, 0x34, 0x22, 0x22, 0x22,
    0x21, 0x00, 0x03, 0xff, 0xff, 0xfc, 0xbf, 0xff,
    0xff, 0xff, 0xff, 0x30, 0x01, 0x55, 0x55, 0x53,
    0x7c, 0xfa, 0xaa, 0xaa, 0xff, 0x00, 0x01, 0x77,
    0x77, 0x75, 0x0a, 0xf4, 0x00, 0x05, 0xf9, 0x00,
    0x03, 0xff, 0xff, 0xfb, 0x02, 0xfe, 0x10, 0x1e,
    0xf2, 0x00, 0x03, 0xf6, 0x00, 0xeb, 0x00, 0x9f,
    0xc2, 0xdf, 0x80, 0x00, 0x03, 0xf6, 0x00, 0xeb,
    0x00, 0x0d, 0xff, 0xfc, 0x00, 0x00, 0x03, 0xf6,
    0x00, 0xeb, 0x00, 0x1a, 0xff, 0xfa, 0x10, 0x00,
    0x03, 0xff, 0xff, 0xfc, 0x49, 0xff, 0xff, 0xff,
    0xfa, 0x50, 0x03, 0xfb, 0x88, 0x88, 0xff, 0xff,
    0x71, 0x9f, 0xff, 0xf1, 0x03, 0xf6, 0x00, 0x00,
    0xae, 0x81, 0x00, 0x02, 0x9f, 0x90, 0x00, 0x00,
    0x00, 0x00, 0x10, 0x00, 0x00, 0x00, 0x00, 0x00,

    /* U+8A9E "語" */
    0x00, 0x05, 0xc0, 0x00, 0x01, 0x11, 0x11, 0x11,
    0x11, 0x10, 0x00, 0x06, 0xf8, 0x00, 0x5f, 0xff,
    0xff, 0xff, 0xff, 0xf0, 0x00, 0x00, 0xde, 0x00,
    0x28, 0x89, 0xfd, 0x88, 0x88, 0x80, 0x08, 0x88,
    0xb9, 0x88, 0x30, 0x05, 0xf8, 0x00, 0x00, 0x00,
    0x1f, 0xff, 0xff, 0xff, 0x79, 0xbd, 0xfd, 0xbb,
    0xb7, 0x00, 0x00, 0x00, 0x00, 0x00, 0x0a, 0xcf,
    0xfc, 0xcc, 0xfb, 0x00, 0x03, 0xff, 0xff, 0xfc,
    0x00, 0x0d, 0xf0, 0x01, 0xfb, 0x00, 0x01, 0x88,
    0x88, 0x86, 0x00, 0x1f, 0xc0, 0x01, 0xfb, 0x00,
    0x00, 0x22, 0x22, 0x21, 0x68, 0xaf, 0xd8, 0x88,
    0xfd, 0x84, 0x03, 0xff, 0xff, 0xfd, 0xcf, 0xff,
    0xff, 0xff, 0xff, 0xf7, 0x01, 0x55, 0x55, 0x54,
    0x11, 0x11, 0x11, 0x11, 0x11, 0x10, 0x02, 0x77,
    0x77, 0x77, 0x08, 0xbb, 0xbb, 0xbb, 0xbb, 0x30,
    0x04, 0xff, 0xff, 0xff, 0x0c, 0xfe, 0xee, 0xee,
    0xff, 0x50, 0x04, 0xf6, 0x00, 0xbf, 0x0c, 0xf0,
    0x00, 0x00, 0x8f, 0x50, 0x04, 0xf6, 0x00, 0xbf,
    0x0c, 0xf0, 0x00, 0x00, 0x8f, 0x50, 0x04, 0xf6,
    0x00, 0xbf, 0x0c, 0xf0, 0x00, 0x00, 0x8f, 0x50,
    0x04, 0xff, 0xff, 0xff, 0x0c, 0xfb, 0xbb, 0xbb,
    0xdf, 0x50, 0x04, 0xfc, 0x99, 0x98, 0x0c, 0xff,
    0xff, 0xff, 0xff, 0x50, 0x04, 0xf6, 0x00, 0x00,
    0x0c, 0xf0, 0x00, 0x00, 0x8f, 0x50, 0x00, 0x00,
    0x00, 0x00, 0x00, 0x10, 0x00, 0x00, 0x00, 0x00,

    /* U+8B66 "警" */
    0x00, 0x0a, 0xb0, 0x3d, 0x60, 0x00, 0x8b, 0x00,
    0x00, 0x00, 0x0f, 0xff, 0xff, 0xff, 0xff, 0x90,
    0xec, 0x33, 0x33, 0x20, 0x01, 0x3d, 0xc2, 0x3c,
    0x62, 0x19, 0xff, 0xff, 0xff, 0xc0, 0x00, 0x9f,
    0xba, 0xaa, 0xb8, 0x5f, 0xf4, 0x15, 0xf6, 0x00,
    0x05, 0xf9, 0x66, 0x66, 0xfc, 0xec, 0xcd, 0x1d,
    0xe0, 0x00, 0x2f, 0xff, 0xff, 0xe0, 0xfa, 0x21,
    0x2f, 0xff, 0x40, 0x00, 0x03, 0xba, 0x16, 0xe0,
    0xf8, 0x00, 0x4e, 0xff, 0x50, 0x00, 0x00, 0xbf,
    0xff, 0xf8, 0xf6, 0x3d, 0xfd, 0x6d, 0xfe, 0x80,
    0x00, 0x77, 0x22, 0x7d, 0xc9, 0x7a, 0x60, 0x00,
    0x6c, 0x70, 0x07, 0x88, 0x88, 0x88, 0x8f, 0xf8,
    0x88, 0x88, 0x88, 0x40, 0x07, 0x88, 0x88, 0x88,
    0x88, 0x88, 0x88, 0x88, 0x88, 0x30, 0x00, 0x03,
    0xee, 0xee, 0xee, 0xee, 0xee, 0xee, 0x50, 0x00,
    0x00, 0x00, 0x33, 0x33, 0x33, 0x33, 0x33, 0x33,
    0x10, 0x00, 0x00, 0x04, 0xff, 0xff, 0xff, 0xff,
    0xff, 0xff, 0x50, 0x00, 0x00, 0x00, 0x22, 0x22,
    0x22, 0x22, 0x22, 0x22, 0x10, 0x00, 0x00, 0x07,
    0xff, 0xff, 0xff, 0xff, 0xff, 0xff, 0x90, 0x00,
    0x00, 0x07, 0xf5, 0x00, 0x00, 0x00, 0x00, 0x4f,
    0x90, 0x00, 0x00, 0x07, 0xff, 0xff, 0xff, 0xff,
    0xff, 0xff, 0x90, 0x00, 0x00, 0x07, 0xf6, 0x11,
    0x11, 0x11, 0x11, 0x5f, 0x90, 0x00, 0x00, 0x00,
    0x00, 0x00, 0x00, 0x00, 0x00, 0x00, 0x00, 0x00,

    /* U+8BBE "设" */
    0x00, 0x02, 0x00, 0x00, 0x00, 0x10, 0x00, 0x10,
    0x00, 0x00, 0x00, 0xaf, 0x50, 0x00, 0x09, 0xff,
    0xff, 0xfe, 0x00, 0x00, 0x00, 0x2e, 0xf6, 0x00,
    0x09, 0xfc, 0xbb, 0xfe, 0x00, 0x00, 0x00, 0x02,
    0xef, 0x20, 0x09, 0xf2, 0x00, 0xee, 0x00, 0x00,
    0x00, 0x00, 0x26, 0x00, 0x0d, 0xf0, 0x00, 0xee,
    0x00, 0x00, 0x00, 0x00, 0x00, 0x00, 0x5f, 0xc0,
    0x00, 0xdf, 0x00, 0x00, 0x4b, 0xbc, 0xb0, 0x07,
    0xff, 0x40, 0x00, 0xbf, 0xff, 0xc0, 0x6f, 0xff,
    0xf0, 0x3f, 0xf5, 0x00, 0x00, 0x29, 0xaa, 0x80,
    0x02, 0x2d, 0xf0, 0x04, 0x30, 0x00, 0x00, 0x00,
    0x10, 0x00, 0x00, 0x0c, 0xf0, 0x09, 0xff, 0xff,
    0xff, 0xff, 0xfa, 0x00, 0x00, 0x0c, 0xf0, 0x06,
    0xef, 0xbb, 0xbb, 0xbe, 0xf8, 0x00, 0x00, 0x0c,
    0xf0, 0x00, 0x9f, 0x50, 0x00, 0x0d, 0xf1, 0x00,
    0x00, 0x0c, 0xf0, 0x00, 0x1e, 0xe1, 0x00, 0x9f,
    0x80, 0x00, 0x00, 0x0c, 0xf0, 0x83, 0x05, 0xfd,
    0x17, 0xfd, 0x00, 0x00, 0x00, 0x0c, 0xfc, 0xf8,
    0x00, 0x8f, 0xff, 0xe2, 0x00, 0x00, 0x00, 0x0e,
    0xff, 0x90, 0x00, 0x5f, 0xff, 0xa1, 0x00, 0x00,
    0x00, 0x7f, 0xf6, 0x02, 0x7d, 0xff, 0xae, 0xff,
    0xa4, 0x00, 0x00, 0x4e, 0x30, 0x5f, 0xff, 0xa2,
    0x01, 0x8f, 0xff, 0xc0, 0x00, 0x02, 0x00, 0x09,
    0x61, 0x00, 0x00, 0x00, 0x5a, 0x20,

    /* U+8BED "语" */
    0x00, 0x10, 0x00, 0x00, 0x00, 0x00, 0x00, 0x00,
    0x00, 0x00, 0x02, 0xeb, 0x00, 0x0f, 0xff, 0xff,
    0xff, 0xff, 0xff, 0x70, 0x00, 0xaf, 0xc0, 0x0a,
    0xaa, 0xaf, 0xfa, 0xaa, 0xaa, 0x40, 0x00, 0x09,
    0xfa, 0x00, 0x00, 0x3f, 0xa0, 0x00, 0x00, 0x00,
    0x00, 0x00, 0x92, 0x02, 0x99, 0xcf, 0xc9, 0x9a,
    0xa2, 0x00, 0x00, 0x00, 0x00, 0x03, 0xff, 0xff,
    0xff, 0xff, 0xf4, 0x00, 0x4b, 0xbb, 0xb0, 0x00,
    0x00, 0xef, 0x10, 0x0a, 0xf2, 0x00, 0x6f, 0xff,
    0xf0, 0x00, 0x02, 0xfc, 0x00, 0x0b, 0xf1, 0x00,
    0x00, 0x0c, 0xf0, 0xbd, 0xde, 0xff, 0xdd, 0xdf,
    0xfd, 0xd0, 0x00, 0x0c, 0xf0, 0xbd, 0xdd, 0xdd,
    0xdd, 0xdd, 0xdd, 0xd0, 0x00, 0x0c, 0xf0, 0x00,
    0x00, 0x00, 0x00, 0x00, 0x00, 0x00, 0x00, 0x0c,
    0xf0, 0x00, 0xaa, 0xaa, 0xaa, 0xaa, 0xa9, 0x00,
    0x00, 0x0c, 0xf0, 0x01, 0xff, 0xff, 0xff, 0xff,
    0xff, 0x00, 0x00, 0x0c, 0xf0, 0x25, 0xfb, 0x00,
    0x00, 0x00, 0xff, 0x00, 0x00, 0x0c, 0xf8, 0xfc,
    0xfb, 0x00, 0x00, 0x00, 0xff, 0x00, 0x00, 0x0e,
    0xff, 0xe4, 0xfb, 0x00, 0x00, 0x00, 0xff, 0x00,
    0x00, 0x6f, 0xfa, 0x11, 0xfe, 0xbb, 0xbb, 0xbb,
    0xff, 0x00, 0x00, 0x1e, 0x60, 0x01, 0xff, 0xff,
    0xff, 0xff, 0xff, 0x00, 0x00, 0x01, 0x00, 0x01,
    0xfb, 0x00, 0x00, 0x00, 0xff, 0x00, 0x00, 0x00,
    0x00, 0x00, 0x10, 0x00, 0x00, 0x00, 0x00, 0x00,

    /* U+8D2E "贮" */
    0x00, 0x00, 0x00, 0x00, 0x00, 0x00, 0x6a, 0x00,
    0x00, 0x00, 0x06, 0xcc, 0xcc, 0xcc, 0x00, 0x00,
    0xbf, 0x70, 0x00, 0x00, 0x09, 0xff, 0xff, 0xff,
    0x10, 0x00, 0x1f, 0xf1, 0x00, 0x00, 0x09, 0xe0,
    0x00, 0x7f, 0x10, 0x00, 0x09, 0xb2, 0x00, 0x00,
    0x09, 0xe0, 0x96, 0x7f, 0x2f, 0xff, 0xff, 0xff,
    0xff, 0xf0, 0x09, 0xe0, 0xe9, 0x7f, 0x2f, 0xea,
    0xaa, 0xaa, 0xaf, 0xf0, 0x09, 0xe0, 0xe9, 0x7f,
    0x2f, 0xc0, 0x00, 0x00, 0x0e, 0xf0, 0x09, 0xe0,
    0xe9, 0x7f, 0x2f, 0xc0, 0x00, 0x00, 0x0e, 0xf0,
    0x09, 0xe0, 0xe9, 0x7f, 0x15, 0x30, 0x00, 0x00,
    0x03, 0x30, 0x09, 0xe0, 0xe8, 0x7f, 0x10, 0x00,
    0x00, 0x00, 0x00, 0x00, 0x09, 0xe0, 0xf8, 0x7f,
    0x10, 0x00, 0x00, 0x00, 0x00, 0x00, 0x09, 0xe0,
    0xf7, 0x7f, 0x10, 0x00, 0x00, 0x00, 0x00, 0x00,
    0x09, 0xe3, 0xf5, 0x7f, 0x10, 0x00, 0x00, 0x00,
    0x00, 0x00, 0x04, 0x77, 0xf1, 0x37, 0x00, 0x00,
    0x00, 0x00, 0x00, 0x00, 0x00, 0x0d, 0xc7, 0x90,
    0x00, 0x00, 0x00, 0x00, 0x00, 0x00, 0x00, 0x6f,
    0x57, 0xf7, 0x1d, 0xdd, 0xdd, 0xdd, 0xdd, 0xd3,
    0x05, 0xfb, 0x00, 0xaf, 0x7f, 0xff, 0xff, 0xff,
    0xff, 0xf3, 0x1f, 0xc0, 0x00, 0x0a, 0x10, 0x00,
    0x00, 0x00, 0x00, 0x00, 0x03, 0x00, 0x00, 0x00,
    0x00, 0x00, 0x00, 0x00, 0x00, 0x00,

    /* U+8D77 "起" */
    0x00, 0x00, 0x1d, 0x80, 0x00, 0x00, 0x00, 0x00,
    0x00, 0x00, 0x00, 0x00, 0x2f, 0xa0, 0x00, 0x1f,
    0xff, 0xff, 0xff, 0x00, 0x03, 0xbb, 0xcf, 0xeb,
    0xb8, 0x0b, 0xbb, 0xbb, 0xff, 0x00, 0x05, 0xff,
    0xff, 0xff, 0xfb, 0x00, 0x00, 0x00, 0xdf, 0x00,
    0x00, 0x00, 0x2f, 0xa0, 0x00, 0x00, 0x00, 0x00,
    0xdf, 0x00, 0x00, 0x00, 0x2f, 0xa0, 0x00, 0x00,
    0x00, 0x00, 0xdf, 0x00, 0x0b, 0xdd, 0xef, 0xfd,
    0xdd, 0x39, 0xba, 0xaa, 0xff, 0x00, 0x0b, 0xdd,
    0xdf, 0xfd, 0xdd, 0x3e, 0xff, 0xff, 0xff, 0x00,
    0x00, 0x00, 0x0f, 0xf0, 0x00, 0x0e, 0xe0, 0x00,
    0x78, 0x00, 0x02, 0xb5, 0x0f, 0xf0, 0x00, 0x0e,
    0xe0, 0x00, 0x00, 0x00, 0x03, 0xf8, 0x0f, 0xfa,
    0xa8, 0x0e, 0xe0, 0x00, 0x00, 0x00, 0x04, 0xf7,
    0x0f, 0xff, 0xfd, 0x0e, 0xe0, 0x00, 0x09, 0xb0,
    0x04, 0xf8, 0x0f, 0xf0, 0x00, 0x0e, 0xe0, 0x00,
    0x0b, 0xf0, 0x05, 0xfe, 0x0f, 0xf0, 0x00, 0x0d,
    0xfb, 0xaa, 0xaf, 0xc0, 0x07, 0xff, 0x6f, 0xf0,
    0x00, 0x05, 0xef, 0xff, 0xfe, 0x40, 0x08, 0xfe,
    0xff, 0xf0, 0x00, 0x00, 0x00, 0x00, 0x00, 0x00,
    0x0b, 0xf4, 0xff, 0xc2, 0x00, 0x00, 0x00, 0x00,
    0x00, 0x00, 0x0e, 0xb0, 0x5f, 0xff, 0xfe, 0xdd,
    0xdd, 0xdd, 0xdd, 0xd1, 0x3f, 0x70, 0x01, 0x7b,
    0xdf, 0xff, 0xff, 0xff, 0xff, 0xa0, 0x05, 0x10,
    0x00, 0x00, 0x00, 0x00, 0x00, 0x00, 0x00, 0x00,

    /* U+8DD1 "跑" */
    0x00, 0x11, 0x11, 0x11, 0x00, 0x69, 0x10, 0x00,
    0x00, 0x00, 0x09, 0xff, 0xff, 0xff, 0x00, 0xde,
    0x00, 0x00, 0x00, 0x00, 0x09, 0xf9, 0x99, 0xdf,
    0x03, 0xfe, 0xaa, 0xaa, 0xba, 0x00, 0x09, 0xf1,
    0x00, 0xbf, 0x0b, 0xff, 0xff, 0xff, 0xff, 0x10,
    0x09, 0xf1, 0x00, 0xbf, 0x5f, 0xa0, 0x00, 0x00,
    0xbf, 0x10, 0x09, 0xf6, 0x55, 0xcf, 0xef, 0x30,
    0x00, 0x00, 0xbf, 0x10, 0x09, 0xff, 0xff, 0xff,
    0x7f, 0xff, 0xff, 0xb0, 0xbf, 0x10, 0x02, 0x44,
    0xdf, 0x44, 0x0c, 0xf8, 0x8f, 0xb0, 0xbf, 0x00,
    0x00, 0x00, 0xce, 0x00, 0x0c, 0xe0, 0x0e, 0xb0,
    0xbf, 0x00, 0x09, 0xf0, 0xcf, 0x33, 0x0c, 0xe0,
    0x0e, 0xb0, 0xcf, 0x00, 0x09, 0xf0, 0xcf, 0xff,
    0x0c, 0xf5, 0x5f, 0xb0, 0xcf, 0x00, 0x09, 0xf0,
    0xcf, 0x76, 0x0c, 0xff, 0xff, 0xb0, 0xee, 0x00,
    0x09, 0xf0, 0xce, 0x00, 0x0c, 0xf2, 0x27, 0xfe,
    0xfb, 0x00, 0x09, 0xf0, 0xce, 0x00, 0x0c, 0xe0,
    0x01, 0xcc, 0xa2, 0x00, 0x09, 0xf0, 0xcf, 0x5a,
    0x3c, 0xe0, 0x00, 0x00, 0x02, 0x10, 0x09, 0xf7,
    0xef, 0xff, 0x5c, 0xe0, 0x00, 0x00, 0x06, 0xf2,
    0x5f, 0xff, 0xfc, 0x71, 0x0b, 0xf0, 0x00, 0x00,
    0x09, 0xf1, 0x5f, 0xd8, 0x20, 0x00, 0x09, 0xfb,
    0x99, 0x99, 0xaf, 0xd0, 0x13, 0x00, 0x00, 0x00,
    0x02, 0xcf, 0xff, 0xff, 0xfd, 0x30,

    /* U+8EAB "身" */
    0x00, 0x00, 0x00, 0x00, 0x1e, 0xc1, 0x00, 0x00,
    0x00, 0x00, 0x00, 0x00, 0x00, 0x00, 0x6f, 0xb0,
    0x00, 0x00, 0x00, 0x00, 0x00, 0x00, 0xdf, 0xff,
    0xff, 0xff, 0xff, 0xfc, 0x00, 0x00, 0x00, 0x00,
    0xef, 0xbb, 0xbb, 0xbb, 0xbb, 0xfd, 0x00, 0x00,
    0x00, 0x00, 0xef, 0x00, 0x00, 0x00, 0x00, 0xfd,
    0x00, 0x00, 0x00, 0x00, 0xef, 0xff, 0xff, 0xff,
    0xff, 0xfd, 0x00, 0x00, 0x00, 0x00, 0xef, 0x77,
    0x77, 0x77, 0x77, 0xfd, 0x01, 0x00, 0x00, 0x00,
    0xef, 0x00, 0x00, 0x00, 0x00, 0xfd, 0x1f, 0xc0,
    0x00, 0x00, 0xef, 0xff, 0xff, 0xff, 0xff, 0xfd,
    0xcf, 0x70, 0x00, 0x00, 0xef, 0x77, 0x77, 0x77,
    0x77, 0xff, 0xfa, 0x00, 0x00, 0x00, 0xef, 0x00,
    0x00, 0x00, 0x00, 0xff, 0xc0, 0x00, 0x07, 0xff,
    0xff, 0xff, 0xff, 0xff, 0xff, 0xfe, 0x10, 0x00,
    0x05, 0xbb, 0xbb, 0xbb, 0xbb, 0xbd, 0xff, 0xfd,
    0x00, 0x00, 0x00, 0x00, 0x00, 0x00, 0x00, 0x7f,
    0xf8, 0xfd, 0x00, 0x00, 0x00, 0x00, 0x00, 0x00,
    0x4d, 0xfe, 0x40, 0xfd, 0x00, 0x00, 0x00, 0x00,
    0x00, 0x4c, 0xff, 0x90, 0x00, 0xfd, 0x00, 0x00,
    0x00, 0x01, 0x7d, 0xff, 0xa2, 0x00, 0x00, 0xfc,
    0x00, 0x00, 0x07, 0xcf, 0xff, 0x92, 0x00, 0xac,
    0xcd, 0xfb, 0x00, 0x00, 0x08, 0xfc, 0x61, 0x00,
    0x00, 0x7f, 0xff, 0xc3, 0x00, 0x00, 0x00, 0x10,
    0x00, 0x00, 0x00, 0x00, 0x00, 0x00, 0x00, 0x00,

    /* U+8EE2 "転" */
    0x00, 0x00, 0xaf, 0x10, 0x00, 0x00, 0x00, 0x00,
    0x00, 0x00, 0x00, 0x00, 0xaf, 0x10, 0x00, 0x17,
    0x77, 0x77, 0x77, 0x50, 0x0f, 0xff, 0xff, 0xff,
    0xf6, 0x2f, 0xff, 0xff, 0xff, 0xb0, 0x0b, 0xbb,
    0xef, 0xbb, 0xb5, 0x04, 0x44, 0x44, 0x44, 0x30,
    0x00, 0x00, 0xaf, 0x10, 0x00, 0x00, 0x00, 0x00,
    0x00, 0x00, 0x07, 0xdd, 0xff, 0xdd, 0xd1, 0x00,
    0x00, 0x00, 0x00, 0x00, 0x08, 0xf8, 0xcf, 0x8a,
    0xf2, 0x00, 0x00, 0x00, 0x00, 0x00, 0x08, 0xe0,
    0x8e, 0x05, 0xf4, 0xbb, 0xbb, 0xbb, 0xbb, 0xb4,
    0x08, 0xff, 0xff, 0xff, 0xf5, 0xff, 0xff, 0xff,
    0xff, 0xf7, 0x08, 0xf5, 0xae, 0x59, 0xf2, 0x11,
    0x3f, 0xf3, 0x11, 0x10, 0x08, 0xf5, 0xae, 0x59,
    0xf2, 0x00, 0x6f, 0xb0, 0x00, 0x00, 0x08, 0xff,
    0xff, 0xff, 0xf2, 0x00, 0xdf, 0x40, 0x41, 0x00,
    0x00, 0x00, 0xaf, 0x10, 0x00, 0x04, 0xfd, 0x05,
    0xf8, 0x00, 0x01, 0x11, 0xbf, 0x21, 0x10, 0x0b,
    0xf6, 0x00, 0xfe, 0x00, 0x5f, 0xff, 0xff, 0xff,
    0xf8, 0x3f, 0xd0, 0x00, 0x9f, 0x50, 0x39, 0x99,
    0xdf, 0x99, 0x95, 0xdf, 0x51, 0x34, 0x8f, 0xb0,
    0x00, 0x00, 0xaf, 0x10, 0x06, 0xff, 0xff, 0xff,
    0xff, 0xf1, 0x00, 0x00, 0xaf, 0x10, 0x03, 0xff,
    0xdb, 0x97, 0x5a, 0xf6, 0x00, 0x00, 0xaf, 0x10,
    0x00, 0x10, 0x00, 0x00, 0x03, 0xc4,

    /* U+8F1D "輝" */
    0x00, 0x02, 0xb3, 0x00, 0x24, 0x44, 0x44, 0x44,
    0x44, 0x40, 0x05, 0x23, 0xf5, 0x16, 0xaf, 0xff,
    0xff, 0xff, 0xff, 0xf0, 0x0e, 0x83, 0xf5, 0x5f,
    0xcf, 0x32, 0x23, 0x22, 0x2a, 0xf0, 0x0a, 0xb3,
    0xf5, 0x9e, 0x7e, 0x10, 0x1f, 0xa0, 0x08, 0xe0,
    0x07, 0xf3, 0xf5, 0xd9, 0x08, 0x99, 0x9f, 0xd9,
    0x99, 0x50, 0x04, 0xf6, 0xf7, 0xf4, 0x0e, 0xff,
    0xff, 0xff, 0xff, 0x90, 0x01, 0x64, 0xf6, 0x70,
    0x00, 0x00, 0x1f, 0xa0, 0x00, 0x00, 0x3f, 0xff,
    0xff, 0xff, 0x7b, 0xff, 0xff, 0xff, 0xff, 0x80,
    0x2e, 0xff, 0xef, 0xfe, 0x6b, 0xc3, 0x4f, 0xb3,
    0x4f, 0x80, 0x00, 0xbe, 0x0e, 0xa0, 0x0b, 0xc5,
    0x6f, 0xc5, 0x6f, 0x80, 0x00, 0xbd, 0x0e, 0xa0,
    0x0b, 0xfd, 0xdf, 0xfd, 0xdf, 0x80, 0x00, 0xcd,
    0x0e, 0xa0, 0x0b, 0xb3, 0x4f, 0xb3, 0x4f, 0x80,
    0x00, 0xdc, 0x0e, 0xa0, 0x0b, 0xff, 0xff, 0xff,
    0xff, 0x80, 0x00, 0xfa, 0x0f, 0xb5, 0x20, 0x11,
    0x2f, 0xb1, 0x11, 0x00, 0x02, 0xf8, 0x5f, 0xff,
    0xca, 0xaa, 0xbf, 0xea, 0xaa, 0xa2, 0x06, 0xf5,
    0x5f, 0xd4, 0x9f, 0xff, 0xff, 0xff, 0xff, 0xf3,
    0x0c, 0xf1, 0x17, 0x00, 0x00, 0x00, 0x1f, 0xa0,
    0x00, 0x00, 0x3f, 0xa0, 0x00, 0x00, 0x00, 0x00,
    0x1f, 0xa0, 0x00, 0x00, 0x08, 0x20, 0x00, 0x00,
    0x00, 0x00, 0x1f, 0xa0, 0x00, 0x00,

    /* U+8F6C "转" */
    0x00, 0x02, 0xd8, 0x00, 0x00, 0x00, 0x08, 0xc4,
    0x00, 0x00, 0x00, 0x05, 0xf9, 0x00, 0x00, 0x00,
    0x0d, 0xf2, 0x00, 0x00, 0x0b, 0xbd, 0xfd, 0xbb,
    0x57, 0xbb, 0xbf, 0xfb, 0xbb, 0x90, 0x1f, 0xff,
    0xff, 0xff, 0x8a, 0xff, 0xff, 0xff, 0xff, 0xd0,
    0x00, 0x1f, 0xa0, 0x00, 0x00, 0x00, 0xaf, 0x60,
    0x00, 0x00, 0x00, 0x5f, 0x66, 0x30, 0x00, 0x00,
    0xef, 0x10, 0x00, 0x00, 0x00, 0xae, 0x4f, 0x90,
    0x4c, 0xcd, 0xff, 0xcc, 0xcc, 0xc6, 0x01, 0xf8,
    0x4f, 0x90, 0x5f, 0xff, 0xff, 0xff, 0xff, 0xf7,
    0x09, 0xf7, 0x8f, 0xc5, 0x20, 0x0c, 0xf4, 0x00,
    0x00, 0x00, 0x0c, 0xff, 0xff, 0xff, 0x60, 0x1f,
    0xf1, 0x00, 0x01, 0x00, 0x04, 0x55, 0x7f, 0xb5,
    0x20, 0x6f, 0xff, 0xff, 0xff, 0x90, 0x00, 0x00,
    0x4f, 0x90, 0x00, 0x8b, 0xbb, 0xbc, 0xff, 0x40,
    0x00, 0x00, 0x4f, 0xb6, 0x90, 0x00, 0x00, 0x09,
    0xf9, 0x00, 0x17, 0x9c, 0xef, 0xff, 0xf0, 0x04,
    0x30, 0x5f, 0xd0, 0x00, 0x1f, 0xff, 0xff, 0xc5,
    0x20, 0x1f, 0xf9, 0xff, 0x20, 0x00, 0x07, 0x51,
    0x4f, 0x90, 0x00, 0x03, 0xdf, 0xf8, 0x00, 0x00,
    0x00, 0x00, 0x4f, 0x90, 0x00, 0x00, 0x0a, 0xff,
    0x60, 0x00, 0x00, 0x00, 0x4f, 0x90, 0x00, 0x00,
    0x00, 0x6f, 0xf6, 0x00, 0x00, 0x00, 0x4f, 0x90,
    0x00, 0x00, 0x00, 0x04, 0xc1, 0x00, 0x00, 0x00,
    0x00, 0x00, 0x00, 0x00, 0x00, 0x00, 0x00, 0x00,

    /* U+8F74 "轴" */
    0x00, 0x04, 0xd6, 0x00, 0x00, 0x00, 0x0f, 0xd0,
    0x00, 0x00, 0x00, 0x7f, 0x60, 0x00, 0x00, 0x00,
    0xfe, 0x00, 0x00, 0x0b, 0xbe, 0xfc, 0xbb, 0x40,
    0x00, 0x0f, 0xe0, 0x00, 0x01, 0xff, 0xff, 0xff,
    0xf5, 0x00, 0x00, 0xfe, 0x00, 0x00, 0x00, 0x2f,
    0xa0, 0x00, 0x08, 0xaa, 0xaf, 0xfa, 0xaa, 0x80,
    0x06, 0xf5, 0x74, 0x00, 0xdf, 0xff, 0xff, 0xff,
    0xfc, 0x00, 0xbf, 0x1f, 0x90, 0x0d, 0xe0, 0x0f,
    0xc0, 0x0f, 0xc0, 0x1f, 0x91, 0xf9, 0x00, 0xde,
    0x00, 0xfc, 0x00, 0xfc, 0x09, 0xfa, 0x8f, 0xc7,
    0x2d, 0xe0, 0x0f, 0xc0, 0x0f, 0xc0, 0xbf, 0xff,
    0xff, 0xf5, 0xde, 0x00, 0xfc, 0x00, 0xfc, 0x03,
    0x44, 0x4f, 0xb4, 0x1d, 0xff, 0xff, 0xff, 0xff,
    0xc0, 0x00, 0x01, 0xf9, 0x00, 0xdf, 0xaa, 0xff,
    0xaa, 0xfc, 0x00, 0x00, 0x2f, 0xc9, 0x5d, 0xe0,
    0x0f, 0xc0, 0x0f, 0xc1, 0x9b, 0xef, 0xff, 0xf7,
    0xde, 0x00, 0xfc, 0x00, 0xfc, 0x1f, 0xff, 0xcf,
    0xb2, 0x0d, 0xe0, 0x0f, 0xc0, 0x0f, 0xc0, 0x42,
    0x01, 0xf9, 0x00, 0xde, 0x11, 0xfd, 0x11, 0xfc,
    0x00, 0x00, 0x1f, 0x90, 0x0d, 0xff, 0xff, 0xff,
    0xff, 0xc0, 0x00, 0x01, 0xf9, 0x00, 0xdf, 0xaa,
    0xaa, 0xaa, 0xfc, 0x00, 0x00, 0x1f, 0x90, 0x0d,
    0xe0, 0x00, 0x00, 0x0f, 0xc0, 0x00, 0x00, 0x00,
    0x00, 0x11, 0x00, 0x00, 0x00, 0x00,

    /* U+8FDB "进" */
    0x00, 0x10, 0x00, 0x00, 0x02, 0x30, 0x00, 0x32,
    0x00, 0x00, 0x06, 0xf6, 0x00, 0x00, 0x0c, 0xf1,
    0x00, 0xfd, 0x00, 0x00, 0x02, 0xef, 0x60, 0x00,
    0x0c, 0xf1, 0x00, 0xfd, 0x00, 0x00, 0x00, 0x2e,
    0xf5, 0x12, 0x2d, 0xf3, 0x22, 0xfe, 0x22, 0x00,
    0x00, 0x03, 0xd3, 0x7f, 0xff, 0xff, 0xff, 0xff,
    0xff, 0x50, 0x00, 0x00, 0x00, 0x5b, 0xbf, 0xfb,
    0xbb, 0xff, 0xbb, 0x30, 0x00, 0x00, 0x00, 0x00,
    0x0c, 0xf1, 0x00, 0xfd, 0x00, 0x00, 0x16, 0x66,
    0x60, 0x00, 0x0c, 0xf1, 0x00, 0xfd, 0x00, 0x00,
    0x4f, 0xff, 0xf2, 0x01, 0x1d, 0xf1, 0x11, 0xfe,
    0x11, 0x00, 0x15, 0x5c, 0xf2, 0x9f, 0xff, 0xff,
    0xff, 0xff, 0xff, 0xb0, 0x00, 0x0b, 0xf2, 0x7c,
    0xdf, 0xfc, 0xcc, 0xff, 0xcc, 0x80, 0x00, 0x0b,
    0xf2, 0x00, 0x6f, 0xa0, 0x00, 0xfd, 0x00, 0x00,
    0x00, 0x0b, 0xf2, 0x00, 0xef, 0x50, 0x00, 0xfd,
    0x00, 0x00, 0x00, 0x0b, 0xf2, 0x0b, 0xfd, 0x00,
    0x00, 0xfd, 0x00, 0x00, 0x00, 0x1d, 0xf3, 0x1c,
    0xf3, 0x00, 0x00, 0xfd, 0x00, 0x00, 0x01, 0xdf,
    0xee, 0x21, 0x40, 0x00, 0x00, 0x98, 0x00, 0x00,
    0x0c, 0xf4, 0x1d, 0xe6, 0x00, 0x00, 0x00, 0x00,
    0x03, 0xa0, 0x6f, 0xa0, 0x01, 0xcf, 0xfd, 0xbb,
    0xbb, 0xcc, 0xef, 0xc0, 0x0d, 0x20, 0x00, 0x05,
    0xbe, 0xff, 0xff, 0xff, 0xfe, 0x80, 0x01, 0x00,
    0x00, 0x00, 0x00, 0x01, 0x10, 0x00, 0x00, 0x00,

    /* U+9010 "逐" */
    0x00, 0x10, 0x00, 0x00, 0x00, 0x00, 0x00, 0x00,
    0x00, 0x00, 0x08, 0xf4, 0x00, 0xef, 0xff, 0xff,
    0xff, 0xff, 0xff, 0xa0, 0x04, 0xff, 0x40, 0x99,
    0x99, 0xbf, 0xfa, 0x99, 0x99, 0x60, 0x00, 0x5f,
    0xf2, 0x00, 0x04, 0xef, 0x60, 0x00, 0x00, 0x00,
    0x00, 0x07, 0xb1, 0x01, 0xaf, 0xff, 0x40, 0x00,
    0x99, 0x10, 0x00, 0x00, 0x02, 0x9f, 0xfb, 0x3d,
    0xf2, 0x07, 0xfd, 0x10, 0x00, 0x00, 0x00, 0xcd,
    0x50, 0x2e, 0xfb, 0x8f, 0xc1, 0x00, 0x2b, 0xbb,
    0xb0, 0x10, 0x07, 0xfd, 0xbf, 0xfb, 0x00, 0x00,
    0x2f, 0xff, 0xf1, 0x05, 0xdf, 0x90, 0x6f, 0xfa,
    0x00, 0x00, 0x00, 0x0c, 0xf1, 0x9f, 0xd4, 0x03,
    0xff, 0xff, 0xb0, 0x00, 0x00, 0x0c, 0xf1, 0x05,
    0x00, 0x7f, 0xde, 0xe9, 0xfc, 0x00, 0x00, 0x0c,
    0xf1, 0x00, 0x4d, 0xfa, 0x1d, 0xf0, 0x9f, 0xb0,
    0x00, 0x0c, 0xf2, 0x6c, 0xfe, 0x50, 0x0f, 0xe0,
    0x0b, 0x60, 0x00, 0x0c, 0xf1, 0xce, 0x81, 0x00,
    0x7f, 0xa0, 0x00, 0x00, 0x00, 0x0c, 0xf3, 0x10,
    0x01, 0xff, 0xff, 0x20, 0x00, 0x00, 0x01, 0xbf,
    0xff, 0x81, 0x00, 0x8a, 0x82, 0x00, 0x00, 0x00,
    0x2e, 0xf9, 0x39, 0xff, 0xca, 0x88, 0x88, 0x99,
    0xab, 0xd2, 0x0d, 0x90, 0x00, 0x39, 0xef, 0xff,
    0xff, 0xff, 0xff, 0xd0, 0x02, 0x00, 0x00, 0x00,
    0x00, 0x22, 0x22, 0x21, 0x10, 0x00,

    /* U+901A "通" */
    0x00, 0x00, 0x00, 0x02, 0x33, 0x33, 0x33, 0x33,
    0x31, 0x00, 0x07, 0xd1, 0x00, 0x0e, 0xff, 0xff,
    0xff, 0xff, 0xfe, 0x20, 0x09, 0xfd, 0x20, 0x04,
    0x45, 0x74, 0x44, 0x8f, 0xf7, 0x00, 0x00, 0x9f,
    0xe2, 0x00, 0x0d, 0xfb, 0x58, 0xfe, 0x40, 0x00,
    0x00, 0x09, 0xf7, 0x00, 0x01, 0x7e, 0xff, 0xd1,
    0x00, 0x00, 0x00, 0x00, 0x50, 0x09, 0xaa, 0xaa,
    0xff, 0xfc, 0xbb, 0x40, 0x00, 0x00, 0x00, 0x0f,
    0xfc, 0xcc, 0xfe, 0xcc, 0xef, 0x70, 0x25, 0x55,
    0x50, 0x0f, 0xd0, 0x01, 0xfa, 0x00, 0x9f, 0x70,
    0x7f, 0xff, 0xf1, 0x0f, 0xff, 0xff, 0xff, 0xff,
    0xff, 0x70, 0x37, 0x7d, 0xf1, 0x0f, 0xe6, 0x66,
    0xfc, 0x66, 0xcf, 0x70, 0x00, 0x0c, 0xf1, 0x0f,
    0xd1, 0x12, 0xfa, 0x11, 0xaf, 0x70, 0x00, 0x0c,
    0xf1, 0x0f, 0xff, 0xff, 0xff, 0xff, 0xff, 0x70,
    0x00, 0x0c, 0xf1, 0x0f, 0xe5, 0x55, 0xfc, 0x55,
    0xbf, 0x70, 0x00, 0x0c, 0xf1, 0x0f, 0xd0, 0x01,
    0xfa, 0x00, 0x9f, 0x70, 0x00, 0x0c, 0xf1, 0x0f,
    0xd0, 0x01, 0xfa, 0x6f, 0xff, 0x50, 0x00, 0x9f,
    0xfb, 0x07, 0x60, 0x00, 0x64, 0x18, 0x74, 0x00,
    0x08, 0xfd, 0xaf, 0xc3, 0x00, 0x00, 0x00, 0x00,
    0x00, 0x00, 0x4f, 0xe1, 0x05, 0xff, 0xda, 0x98,
    0x88, 0x9a, 0xbd, 0xf3, 0x1e, 0x30, 0x00, 0x18,
    0xcf, 0xff, 0xff, 0xff, 0xff, 0xe0, 0x01, 0x00,
    0x00, 0x00, 0x00, 0x01, 0x11, 0x00, 0x00, 0x00,

    /* U+9023 "連" */
    0x00, 0x31, 0x00, 0x00, 0x00, 0x08, 0xb0, 0x00,
    0x00, 0x00, 0x03, 0xfc, 0x00, 0x00, 0x00, 0x0c,
    0xf2, 0x00, 0x00, 0x00, 0x00, 0xaf, 0xa0, 0xff,
    0xff, 0xff, 0xff, 0xff, 0xff, 0x90, 0x00, 0x0d,
    0xf6, 0x88, 0x88, 0x8e, 0xf8, 0x88, 0x88, 0x40,
    0x00, 0x02, 0xc2, 0x06, 0x66, 0x6d, 0xf7, 0x66,
    0x64, 0x00, 0x00, 0x00, 0x00, 0x1f, 0xff, 0xff,
    0xff, 0xff, 0xfc, 0x00, 0x00, 0x00, 0x00, 0x1f,
    0xa0, 0x0c, 0xf1, 0x01, 0xfc, 0x00, 0x3f, 0xff,
    0xf1, 0x1f, 0xec, 0xcf, 0xfc, 0xcc, 0xfc, 0x00,
    0x2b, 0xbe, 0xf1, 0x1f, 0xd8, 0x8e, 0xf8, 0x88,
    0xfc, 0x00, 0x00, 0x0c, 0xf1, 0x1f, 0xb4, 0x4d,
    0xf5, 0x45, 0xfc, 0x00, 0x00, 0x0c, 0xf1, 0x1f,
    0xff, 0xff, 0xff, 0xff, 0xfc, 0x00, 0x00, 0x0c,
    0xf1, 0x01, 0x11, 0x1c, 0xf2, 0x11, 0x11, 0x00,
    0x00, 0x0c, 0xf4, 0xaa, 0xaa, 0xae, 0xfa, 0xaa,
    0xaa, 0x80, 0x00, 0x0c, 0xf5, 0xff, 0xff, 0xff,
    0xff, 0xff, 0xff, 0xd0, 0x00, 0x0c, 0xf1, 0x00,
    0x00, 0x0c, 0xf1, 0x00, 0x00, 0x00, 0x00, 0xcf,
    0xf6, 0x00, 0x00, 0x0c, 0xf1, 0x00, 0x00, 0x00,
    0x0c, 0xf8, 0xbf, 0x92, 0x00, 0x01, 0x20, 0x00,
    0x00, 0x32, 0x6f, 0xb0, 0x09, 0xff, 0xec, 0xbb,
    0xbb, 0xcd, 0xef, 0xf3, 0x1d, 0x20, 0x00, 0x3a,
    0xef, 0xff, 0xff, 0xff, 0xfe, 0xd0, 0x01, 0x00,
    0x00, 0x00, 0x00, 0x11, 0x11, 0x00, 0x00, 0x00,

    /* U+9032 "進" */
    0x00, 0x20, 0x00, 0x00, 0x36, 0x10, 0x22, 0x00,
    0x00, 0x00, 0xbf, 0x60, 0x00, 0x0a, 0xf2, 0x3f,
    0xd0, 0x00, 0x00, 0x05, 0xff, 0x60, 0x02, 0xfb,
    0x00, 0xbf, 0x50, 0x00, 0x00, 0x05, 0xff, 0x30,
    0xaf, 0xca, 0xad, 0xfd, 0xaa, 0xa3, 0x00, 0x07,
    0xa0, 0x3f, 0xff, 0xff, 0xff, 0xff, 0xff, 0x40,
    0x00, 0x00, 0x1d, 0xff, 0x00, 0x0b, 0xf1, 0x00,
    0x00, 0x00, 0x00, 0x0c, 0xff, 0xf6, 0x66, 0xdf,
    0x76, 0x63, 0x00, 0x33, 0x33, 0x8a, 0xdf, 0xff,
    0xff, 0xff, 0xff, 0x90, 0x0f, 0xff, 0xf1, 0x0d,
    0xf1, 0x11, 0xbf, 0x21, 0x10, 0x00, 0xaa, 0xff,
    0x10, 0xdf, 0x33, 0x3c, 0xf4, 0x33, 0x10, 0x00,
    0x0d, 0xf1, 0x0d, 0xff, 0xff, 0xff, 0xff, 0xf8,
    0x00, 0x00, 0xdf, 0x10, 0xdf, 0x44, 0x4c, 0xf5,
    0x44, 0x20, 0x00, 0x0d, 0xf1, 0x0d, 0xf0, 0x00,
    0xbf, 0x20, 0x00, 0x00, 0x00, 0xdf, 0x10, 0xdf,
    0xff, 0xff, 0xff, 0xff, 0xfa, 0x00, 0x0e, 0xf3,
    0x09, 0xcb, 0xbb, 0xbb, 0xbb, 0xbb, 0x70, 0x0c,
    0xff, 0xf4, 0x00, 0x00, 0x00, 0x00, 0x00, 0x00,
    0x0b, 0xfa, 0x2c, 0xf9, 0x30, 0x00, 0x00, 0x00,
    0x28, 0xb4, 0xfe, 0x10, 0x0b, 0xff, 0xfd, 0xcc,
    0xdd, 0xff, 0xf9, 0x0a, 0x70, 0x00, 0x04, 0xae,
    0xff, 0xff, 0xff, 0xff, 0x60, 0x00, 0x00, 0x00,
    0x00, 0x00, 0x11, 0x10, 0x00, 0x00,

    /* U+9192 "醒" */
    0xcd, 0xdd, 0xdd, 0xdd, 0x58, 0xee, 0xee, 0xee,
    0xe9, 0x0b, 0xbd, 0xfc, 0xfc, 0xb4, 0x9f, 0xa9,
    0x99, 0xaf, 0xa0, 0x00, 0x7e, 0x1f, 0x30, 0x09,
    0xf4, 0x33, 0x34, 0xfa, 0x02, 0x4a, 0xe5, 0xf7,
    0x41, 0x9f, 0xff, 0xff, 0xff, 0xa0, 0xaf, 0xff,
    0xff, 0xff, 0x49, 0xf3, 0x22, 0x23, 0xfa, 0x0a,
    0xd7, 0xf6, 0xf6, 0xf4, 0x9f, 0x87, 0x77, 0x8f,
    0xa0, 0xac, 0x2e, 0x2e, 0x1f, 0x49, 0xff, 0xff,
    0xff, 0xfa, 0x0a, 0xc3, 0xe2, 0xe1, 0xf4, 0x09,
    0x61, 0xa6, 0x00, 0x00, 0xac, 0x7b, 0x2e, 0x2f,
    0x42, 0xf7, 0x1f, 0x90, 0x00, 0x0a, 0xee, 0x40,
    0xef, 0xf4, 0xaf, 0xff, 0xff, 0xff, 0xf1, 0xac,
    0x50, 0x00, 0x1f, 0x9f, 0xb8, 0x8f, 0xc8, 0x88,
    0x0a, 0xe7, 0x77, 0x78, 0xfa, 0xc0, 0x01, 0xf9,
    0x00, 0x00, 0xaf, 0xff, 0xff, 0xff, 0x42, 0xff,
    0xff, 0xff, 0xf8, 0x0a, 0xc0, 0x00, 0x01, 0xf4,
    0x18, 0x89, 0xfd, 0x88, 0x50, 0xae, 0x77, 0x77,
    0x8f, 0x40, 0x00, 0x1f, 0x90, 0x00, 0x0a, 0xff,
    0xff, 0xff, 0xf4, 0x89, 0x99, 0xfd, 0x99, 0x95,
    0xac, 0x00, 0x00, 0x2f, 0x4f, 0xff, 0xff, 0xff,
    0xff, 0xaa, 0xc0, 0x00, 0x01, 0xf4, 0xee, 0xee,
    0xee, 0xee, 0xe9,

    /* U+91CD "重" */
    0x00, 0x00, 0x00, 0x00, 0x00, 0x00, 0x24, 0x68,
    0x20, 0x00, 0x00, 0x29, 0xab, 0xbc, 0xde, 0xff,
    0xff, 0xff, 0xb0, 0x00, 0x00, 0x1e, 0xdd, 0xcb,
    0xbf, 0xf8, 0x65, 0x31, 0x00, 0x00, 0x03, 0x44,
    0x44, 0x44, 0x4f, 0xe4, 0x44, 0x44, 0x44, 0x30,
    0x0e, 0xff, 0xff, 0xff, 0xff, 0xff, 0xff, 0xff,
    0xff, 0xe0, 0x01, 0x22, 0x22, 0x22, 0x2f, 0xe2,
    0x22, 0x22, 0x22, 0x10, 0x00, 0x0d, 0xff, 0xff,
    0xff, 0xff, 0xff, 0xff, 0xf0, 0x00, 0x00, 0x0e,
    0xf5, 0x55, 0x6f, 0xe5, 0x55, 0x5f, 0xf0, 0x00,
    0x00, 0x0e, 0xf3, 0x33, 0x4f, 0xe3, 0x33, 0x3e,
    0xf0, 0x00, 0x00, 0x0e, 0xff, 0xff, 0xff, 0xff,
    0xff, 0xff, 0xf0, 0x00, 0x00, 0x0e, 0xf0, 0x00,
    0x0f, 0xd0, 0x00, 0x0e, 0xf0, 0x00, 0x00, 0x0e,
    0xff, 0xff, 0xff, 0xff, 0xff, 0xff, 0xf0, 0x00,
    0x00, 0x04, 0x55, 0x55, 0x6f, 0xe5, 0x55, 0x55,
    0x50, 0x00, 0x00, 0x25, 0x55, 0x55, 0x6f, 0xe5,
    0x55, 0x55, 0x54, 0x00, 0x00, 0x8f, 0xff, 0xff,
    0xff, 0xff, 0xff, 0xff, 0xfc, 0x00, 0x00, 0x12,
    0x22, 0x22, 0x2f, 0xe2, 0x22, 0x22, 0x21, 0x00,
    0x0a, 0xaa, 0xaa, 0xaa, 0xaf, 0xfa, 0xaa, 0xaa,
    0xaa, 0xa0, 0x0d, 0xdd, 0xdd, 0xdd, 0xdd, 0xdd,
    0xdd, 0xdd, 0xdd, 0xd0,

    /* U+91D1 "金" */
    0x00, 0x00, 0x00, 0x00, 0x06, 0xa2, 0x00, 0x00,
    0x00, 0x00, 0x00, 0x00, 0x00, 0x00, 0x4f, 0xf5,
    0x00, 0x00, 0x00, 0x00, 0x00, 0x00, 0x00, 0x04,
    0xff, 0xfe, 0x30, 0x00, 0x00, 0x00, 0x00, 0x00,
    0x00, 0x8f, 0xf7, 0x5f, 0xf7, 0x00, 0x00, 0x00,
    0x00, 0x00, 0x4d, 0xff, 0x50, 0x03, 0xef, 0xd4,
    0x00, 0x00, 0x00, 0x5c, 0xff, 0xc2, 0x00, 0x00,
    0x1a, 0xff, 0xc5, 0x00, 0x2e, 0xff, 0xff, 0xdd,
    0xdd, 0xdd, 0xdd, 0xfe, 0xff, 0xe3, 0x09, 0xd6,
    0x4e, 0xee, 0xff, 0xfe, 0xee, 0xe3, 0x5c, 0x90,
    0x00, 0x00, 0x00, 0x00, 0x1f, 0xf0, 0x00, 0x00,
    0x00, 0x00, 0x00, 0x00, 0x00, 0x00, 0x1f, 0xf0,
    0x00, 0x00, 0x00, 0x00, 0x00, 0x8c, 0xcc, 0xcc,
    0xcf, 0xfc, 0xcc, 0xcc, 0xc8, 0x00, 0x00, 0xaf,
    0xff, 0xff, 0xff, 0xff, 0xff, 0xff, 0xfa, 0x00,
    0x00, 0x00, 0x88, 0x00, 0x1f, 0xf0, 0x00, 0x98,
    0x00, 0x00, 0x00, 0x00, 0xaf, 0x40, 0x1f, 0xf0,
    0x03, 0xfc, 0x00, 0x00, 0x00, 0x00, 0x2f, 0xd0,
    0x1f, 0xf0, 0x0c, 0xf2, 0x00, 0x00, 0x00, 0x00,
    0x0a, 0xb1, 0x1f, 0xf0, 0x3e, 0x60, 0x00, 0x00,
    0x08, 0xcc, 0xcd, 0xcc, 0xdf, 0xfc, 0xcd, 0xcc,
    0xcc, 0x80, 0x0a, 0xff, 0xff, 0xff, 0xff, 0xff,
    0xff, 0xff, 0xff, 0xb0, 0x0a, 0xff, 0xff, 0xff,
    0xff, 0xff, 0xff, 0xff, 0xff, 0xb0,

    /* U+9593 "間" */
    0x01, 0x11, 0x11, 0x11, 0x00, 0x11, 0x11, 0x11,
    0x10, 0x1f, 0xff, 0xff, 0xff, 0x20, 0xff, 0xff,
    0xff, 0xfd, 0x1f, 0xd5, 0x55, 0xbf, 0x20, 0xfd,
    0x55, 0x56, 0xfd, 0x1f, 0xd4, 0x44, 0xaf, 0x20,
    0xfd, 0x44, 0x45, 0xfd, 0x1f, 0xff, 0xff, 0xff,
    0x20, 0xff, 0xff, 0xff, 0xfd, 0x1f, 0xc1, 0x11,
    0x9f, 0x20, 0xfc, 0x11, 0x12, 0xfd, 0x1f, 0xe6,
    0x66, 0xbf, 0x20, 0xfd, 0x66, 0x66, 0xfd, 0x1f,
    0xff, 0xff, 0xff, 0x20, 0xff, 0xff, 0xff, 0xfd,
    0x1f, 0xc0, 0x00, 0x00, 0x00, 0x00, 0x00, 0x01,
    0xfd, 0x1f, 0xc0, 0x05, 0x87, 0x77, 0x77, 0x60,
    0x01, 0xfd, 0x1f, 0xc0, 0x0b, 0xff, 0xff, 0xff,
    0xc0, 0x01, 0xfd, 0x1f, 0xc0, 0x0b, 0xf0, 0x00,
    0x0c, 0xc0, 0x01, 0xfd, 0x1f, 0xc0, 0x0b, 0xf6,
    0x66, 0x6e, 0xc0, 0x01, 0xfd, 0x1f, 0xc0, 0x0b,
    0xff, 0xff, 0xff, 0xc0, 0x01, 0xfd, 0x1f, 0xc0,
    0x0b, 0xf0, 0x00, 0x0c, 0xc0, 0x01, 0xfd, 0x1f,
    0xc0, 0x0b, 0xf7, 0x77, 0x7e, 0xc0, 0x01, 0xfd,
    0x1f, 0xc0, 0x0b, 0xff, 0xff, 0xff, 0xb0, 0x01,
    0xfd, 0x1f, 0xc0, 0x0b, 0xf0, 0x00, 0x00, 0x6d,
    0xde, 0xfb, 0x1f, 0xc0, 0x00, 0x00, 0x00, 0x00,
    0x2f, 0xff, 0xc3, 0x01, 0x00, 0x00, 0x00, 0x00,
    0x00, 0x00, 0x00, 0x00,

    /* U+95ED "闭" */
    0x01, 0x80, 0x00, 0x00, 0x00, 0x00, 0x00, 0x00,
    0x00, 0x09, 0xfb, 0x00, 0x9d, 0xdd, 0xdd, 0xdd,
    0xdd, 0xe9, 0x00, 0xcf, 0x80, 0xbf, 0xff, 0xff,
    0xff, 0xff, 0xfb, 0x00, 0x2f, 0xb0, 0x00, 0x00,
    0x00, 0x00, 0x02, 0xfb, 0x00, 0x03, 0x00, 0x00,
    0x00, 0xab, 0x00, 0x02, 0xfb, 0x3e, 0xa0, 0x00,
    0x00, 0x00, 0xdf, 0x10, 0x02, 0xfb, 0x3f, 0xb0,
    0x11, 0x11, 0x11, 0xef, 0x21, 0x12, 0xfb, 0x3f,
    0xb2, 0xff, 0xff, 0xff, 0xff, 0xff, 0xb2, 0xfb,
    0x3f, 0xb1, 0xaa, 0xaa, 0xbf, 0xff, 0xba, 0x72,
    0xfb, 0x3f, 0xb0, 0x00, 0x00, 0x9f, 0xff, 0x10,
    0x02, 0xfb, 0x3f, 0xb0, 0x00, 0x07, 0xfc, 0xef,
    0x10, 0x02, 0xfb, 0x3f, 0xb0, 0x00, 0x9f, 0xd1,
    0xdf, 0x10, 0x02, 0xfb, 0x3f, 0xb0, 0x2c, 0xfc,
    0x10, 0xdf, 0x10, 0x02, 0xfb, 0x3f, 0xb7, 0xff,
    0xa0, 0x00, 0xdf, 0x10, 0x02, 0xfb, 0x3f, 0xb3,
    0xd4, 0x00, 0x00, 0xdf, 0x10, 0x02, 0xfb, 0x3f,
    0xb0, 0x00, 0x08, 0xdd, 0xff, 0x00, 0x02, 0xfb,
    0x3f, 0xb0, 0x00, 0x04, 0xfe, 0xc6, 0x00, 0x02,
    0xfb, 0x3f, 0xb0, 0x00, 0x00, 0x00, 0x00, 0x07,
    0xac, 0xfa, 0x3f, 0xb0, 0x00, 0x00, 0x00, 0x00,
    0x06, 0xff, 0xd3, 0x00, 0x00, 0x00, 0x00, 0x00,
    0x00, 0x00, 0x00, 0x00,

    /* U+9633 "阳" */
    0x01, 0x11, 0x12, 0x00, 0x00, 0x00, 0x00, 0x00,
    0x00, 0x2f, 0xff, 0xff, 0xe3, 0x9b, 0xbb, 0xbb,
    0xbb, 0xb8, 0x2f, 0xd9, 0x9f, 0xf1, 0xdf, 0xff,
    0xff, 0xff, 0xfb, 0x2f, 0x90, 0x4f, 0x90, 0xdf,
    0x00, 0x00, 0x03, 0xfb, 0x2f, 0x90, 0xbf, 0x20,
    0xdf, 0x00, 0x00, 0x02, 0xfb, 0x2f, 0x92, 0xfb,
    0x00, 0xdf, 0x00, 0x00, 0x02, 0xfb, 0x2f, 0x99,
    0xf4, 0x00, 0xdf, 0x00, 0x00, 0x02, 0xfb, 0x2f,
    0x94, 0xfc, 0x00, 0xdf, 0x00, 0x00, 0x02, 0xfb,
    0x2f, 0x90, 0x5f, 0x80, 0xdf, 0xff, 0xff, 0xff,
    0xfb, 0x2f, 0x90, 0x0d, 0xf0, 0xdf, 0xdd, 0xdd,
    0xdd, 0xfb, 0x2f, 0x90, 0x08, 0xf3, 0xdf, 0x00,
    0x00, 0x02, 0xfb, 0x2f, 0x90, 0x09, 0xf3, 0xdf,
    0x00, 0x00, 0x02, 0xfb, 0x2f, 0x9a, 0xbf, 0xf0,
    0xdf, 0x00, 0x00, 0x02, 0xfb, 0x2f, 0x9d, 0xfd,
    0x50, 0xdf, 0x00, 0x00, 0x02, 0xfb, 0x2f, 0x90,
    0x00, 0x00, 0xdf, 0x00, 0x00, 0x02, 0xfb, 0x2f,
    0x90, 0x00, 0x00, 0xdf, 0xbb, 0xbb, 0xbc, 0xfb,
    0x2f, 0x90, 0x00, 0x00, 0xdf, 0xff, 0xff, 0xff,
    0xfb, 0x2f, 0x90, 0x00, 0x00, 0xdf, 0x00, 0x00,
    0x02, 0xfb, 0x2f, 0x90, 0x00, 0x00, 0xdf, 0x00,
    0x00, 0x02, 0xfb, 0x00, 0x00, 0x00, 0x00, 0x22,
    0x00, 0x00, 0x00, 0x00,

    /* U+967D "陽" */
    0x00, 0x00, 0x00, 0x00, 0x11, 0x11, 0x11, 0x11,
    0x10, 0x09, 0xff, 0xff, 0xd2, 0x1f, 0xff, 0xff,
    0xff, 0xfb, 0x00, 0x9f, 0xbb, 0xff, 0x11, 0xfb,
    0x44, 0x44, 0x5f, 0xb0, 0x09, 0xf1, 0x0f, 0xc0,
    0x1f, 0xc5, 0x55, 0x56, 0xfb, 0x00, 0x9f, 0x14,
    0xf6, 0x01, 0xff, 0xff, 0xff, 0xff, 0xb0, 0x09,
    0xf1, 0x9f, 0x10, 0x1f, 0xa0, 0x00, 0x01, 0xfb,
    0x00, 0x9f, 0x1e, 0xa0, 0x01, 0xfe, 0xcc, 0xcc,
    0xcf, 0xb0, 0x09, 0xf2, 0xdc, 0x00, 0x08, 0x88,
    0x88, 0x88, 0x86, 0x00, 0x9f, 0x13, 0xf7, 0x67,
    0x77, 0x77, 0x77, 0x77, 0x77, 0x29, 0xf1, 0x0c,
    0xed, 0xff, 0xff, 0xff, 0xff, 0xff, 0xf4, 0x9f,
    0x10, 0x9f, 0x20, 0xaf, 0x30, 0x00, 0x00, 0x00,
    0x09, 0xf1, 0x09, 0xf1, 0x4f, 0xfb, 0xbb, 0xbb,
    0xbb, 0x70, 0x9f, 0x59, 0xff, 0x4f, 0xfc, 0xff,
    0xcf, 0xfd, 0xf9, 0x09, 0xf4, 0xfe, 0xcf, 0xe2,
    0x4f, 0x71, 0xf9, 0x3f, 0x80, 0x9f, 0x10, 0x04,
    0xd2, 0x1e, 0xd0, 0x8f, 0x24, 0xf7, 0x09, 0xf1,
    0x00, 0x00, 0x1d, 0xf2, 0x2f, 0xa0, 0x6f, 0x50,
    0x9f, 0x10, 0x00, 0x2d, 0xf4, 0x0d, 0xe1, 0x09,
    0xf3, 0x09, 0xf1, 0x00, 0x0d, 0xf4, 0x0c, 0xf4,
    0x68, 0xef, 0x00, 0x9f, 0x10, 0x00, 0x22, 0x00,
    0x76, 0x07, 0xfe, 0x60, 0x00,

    /* U+96FB "電" */
    0x01, 0x55, 0x55, 0x55, 0x55, 0x55, 0x55, 0x55,
    0x10, 0x00, 0x6f, 0xff, 0xff, 0xff, 0xff, 0xff,
    0xff, 0xf5, 0x00, 0x00, 0x22, 0x22, 0x22, 0xfe,
    0x22, 0x22, 0x22, 0x00, 0x04, 0x66, 0x66, 0x66,
    0x6f, 0xe6, 0x66, 0x66, 0x66, 0x40, 0xaf, 0xee,
    0xee, 0xee, 0xff, 0xee, 0xee, 0xee, 0xfa, 0x0a,
    0xf1, 0x33, 0x33, 0x0f, 0xd0, 0x33, 0x33, 0x2f,
    0xa0, 0xaf, 0x1e, 0xee, 0xe1, 0xfd, 0x1e, 0xee,
    0xe2, 0xfa, 0x05, 0x91, 0x33, 0x33, 0x0f, 0xd0,
    0x33, 0x33, 0x29, 0x50, 0x00, 0x5f, 0xff, 0xf1,
    0xfd, 0x1f, 0xff, 0xf8, 0x00, 0x00, 0x04, 0x54,
    0x44, 0x49, 0x94, 0x44, 0x44, 0x40, 0x00, 0x00,
    0xdf, 0xff, 0xff, 0xff, 0xff, 0xff, 0xfe, 0x00,
    0x00, 0x0d, 0xf0, 0x00, 0x1f, 0xb0, 0x00, 0x0d,
    0xe0, 0x00, 0x00, 0xdf, 0xff, 0xff, 0xff, 0xff,
    0xff, 0xfe, 0x00, 0x00, 0x0d, 0xf3, 0x33, 0x4f,
    0xc3, 0x33, 0x3e, 0xe0, 0x00, 0x00, 0xdf, 0x55,
    0x56, 0xfd, 0x55, 0x55, 0xee, 0x00, 0x00, 0x0d,
    0xff, 0xff, 0xff, 0xff, 0xff, 0xff, 0xd4, 0xb2,
    0x00, 0xce, 0x00, 0x01, 0xfb, 0x00, 0x00, 0x00,
    0x6f, 0x30, 0x00, 0x00, 0x00, 0x0f, 0xf8, 0x77,
    0x77, 0x8d, 0xf0, 0x00, 0x00, 0x00, 0x00, 0x6d,
    0xff, 0xff, 0xff, 0xe6, 0x00,

    /* U+9762 "面" */
    0xac, 0xcc, 0xcc, 0xcc, 0xcc, 0xcc, 0xcc, 0xcc,
    0xcb, 0xef, 0xff, 0xff, 0xff, 0xff, 0xff, 0xff,
    0xff, 0xff, 0x00, 0x00, 0x00, 0x07, 0xfb, 0x00,
    0x00, 0x00, 0x00, 0x00, 0x00, 0x00, 0x0a, 0xf5,
    0x00, 0x00, 0x00, 0x00, 0x0c, 0xcc, 0xcc, 0xcf,
    0xfc, 0xcc, 0xcc, 0xcc, 0xc0, 0x0f, 0xff, 0xff,
    0xff, 0xff, 0xff, 0xff, 0xff, 0xf0, 0x0f, 0xc0,
    0x0b, 0xf0, 0x00, 0x4f, 0x70, 0x0e, 0xf0, 0x0f,
    0xc0, 0x0b, 0xf0, 0x00, 0x4f, 0x70, 0x0e, 0xf0,
    0x0f, 0xc0, 0x0b, 0xff, 0xff, 0xff, 0x70, 0x0e,
    0xf0, 0x0f, 0xc0, 0x0b, 0xf7, 0x77, 0xaf, 0x70,
    0x0e, 0xf0, 0x0f, 0xc0, 0x0b, 0xf0, 0x00, 0x4f,
    0x70, 0x0e, 0xf0, 0x0f, 0xc0, 0x0b, 0xf8, 0x88,
    0xaf, 0x70, 0x0e, 0xf0, 0x0f, 0xc0, 0x0b, 0xff,
    0xff, 0xff, 0x70, 0x0e, 0xf0, 0x0f, 0xc0, 0x0b,
    0xf0, 0x00, 0x4f, 0x70, 0x0e, 0xf0, 0x0f, 0xc0,
    0x0b, 0xf0, 0x00, 0x4f, 0x70, 0x0e, 0xf0, 0x0f,
    0xff, 0xff, 0xff, 0xff, 0xff, 0xff, 0xff, 0xf0,
    0x0f, 0xfb, 0xbb, 0xbb, 0xbb, 0xbb, 0xbb, 0xbf,
    0xf0, 0x0f, 0xc0, 0x00, 0x00, 0x00, 0x00, 0x00,
    0x0e, 0xf0,

    /* U+97F3 "音" */
    0x00, 0x00, 0x00, 0x03, 0xca, 0x00, 0x00, 0x00,
    0x00, 0x00, 0x00, 0x00, 0x01, 0xff, 0x30, 0x00,
    0x00, 0x00, 0x0d, 0xff, 0xff, 0xff, 0xff, 0xff,
    0xff, 0xff, 0xf0, 0x08, 0xaa, 0xcd, 0xaa, 0xaa,
    0xaa, 0xed, 0xaa, 0xa0, 0x00, 0x00, 0xef, 0x20,
    0x00, 0x00, 0xef, 0x40, 0x00, 0x00, 0x00, 0x7f,
    0x90, 0x00, 0x05, 0xfc, 0x00, 0x00, 0x9a, 0xaa,
    0xcf, 0xea, 0xaa, 0xae, 0xfc, 0xaa, 0xaa, 0xff,
    0xff, 0xff, 0xff, 0xff, 0xff, 0xff, 0xff, 0xff,
    0x00, 0x00, 0x00, 0x00, 0x00, 0x00, 0x00, 0x00,
    0x00, 0x00, 0x01, 0x11, 0x11, 0x11, 0x11, 0x11,
    0x10, 0x00, 0x00, 0x4f, 0xff, 0xff, 0xff, 0xff,
    0xff, 0xf8, 0x00, 0x00, 0x4f, 0xc8, 0x88, 0x88,
    0x88, 0x8b, 0xf8, 0x00, 0x00, 0x4f, 0x90, 0x00,
    0x00, 0x00, 0x07, 0xf8, 0x00, 0x00, 0x4f, 0xff,
    0xff, 0xff, 0xff, 0xff, 0xf8, 0x00, 0x00, 0x4f,
    0xc8, 0x88, 0x88, 0x88, 0x8b, 0xf8, 0x00, 0x00,
    0x4f, 0x90, 0x00, 0x00, 0x00, 0x07, 0xf8, 0x00,
    0x00, 0x4f, 0xd9, 0x99, 0x99, 0x99, 0x9c, 0xf8,
    0x00, 0x00, 0x4f, 0xff, 0xff, 0xff, 0xff, 0xff,
    0xf8, 0x00, 0x00, 0x4f, 0x90, 0x00, 0x00, 0x00,
    0x07, 0xf8, 0x00, 0x00, 0x00, 0x00, 0x00, 0x00,
    0x00, 0x00, 0x00, 0x00,

    /* U+9884 "预" */
    0x00, 0x00, 0x00, 0x00, 0x00, 0x00, 0x00, 0x00,
    0x00, 0x00, 0x0c, 0xff, 0xff, 0xff, 0x7e, 0xff,
    0xff, 0xff, 0xff, 0xf2, 0x08, 0xbb, 0xbb, 0xff,
    0x49, 0xaa, 0xaf, 0xfb, 0xaa, 0xa1, 0x00, 0x00,
    0x05, 0xf9, 0x00, 0x00, 0x0f, 0xe0, 0x00, 0x00,
    0x00, 0xdb, 0x6f, 0xc0, 0x02, 0xaa, 0xbf, 0xea,
    0xaa, 0x40, 0x00, 0x8f, 0xff, 0x10, 0x03, 0xff,
    0xff, 0xff, 0xff, 0x60, 0x00, 0x02, 0xcf, 0xd1,
    0x03, 0xf9, 0x00, 0x00, 0x7f, 0x60, 0x2b, 0xbb,
    0xbf, 0xfb, 0xb5, 0xf8, 0x0c, 0xd0, 0x7f, 0x60,
    0x3f, 0xff, 0xff, 0xff, 0xf4, 0xf8, 0x0d, 0xe0,
    0x7f, 0x60, 0x00, 0x01, 0xfc, 0x0b, 0xc3, 0xf8,
    0x0d, 0xe0, 0x7f, 0x60, 0x00, 0x01, 0xfc, 0x0f,
    0x73, 0xf8, 0x0d, 0xe0, 0x7f, 0x60, 0x00, 0x01,
    0xfc, 0x4f, 0x23, 0xf8, 0x0e, 0xe0, 0x7f, 0x60,
    0x00, 0x01, 0xfc, 0x01, 0x03, 0xf8, 0x0f, 0xd0,
    0x7f, 0x60, 0x00, 0x01, 0xfc, 0x00, 0x03, 0xf8,
    0x3f, 0xa0, 0x6e, 0x50, 0x00, 0x01, 0xfc, 0x00,
    0x00, 0x00, 0xaf, 0x57, 0x10, 0x00, 0x00, 0x01,
    0xfc, 0x00, 0x00, 0x06, 0xfc, 0x5f, 0xd1, 0x00,
    0x00, 0x01, 0xfc, 0x00, 0x00, 0x8f, 0xe2, 0x09,
    0xfe, 0x20, 0x05, 0xbc, 0xfb, 0x00, 0x6e, 0xfc,
    0x20, 0x00, 0x8f, 0xd0, 0x02, 0xff, 0xd3, 0x00,
    0x2d, 0x60, 0x00, 0x00, 0x09, 0x80, 0x00, 0x00,
    0x00, 0x00, 0x00, 0x00, 0x00, 0x00, 0x00, 0x00
};

/*---------------------
 *  GLYPH DESCRIPTION
 *--------------------*/

static const lv_font_fmt_txt_glyph_dsc_t glyph_dsc[] = {
    {.bitmap_index = 0, .adv_w = 0, .box_w = 0, .box_h = 0, .ofs_x = 0, .ofs_y = 0} /* id = 0 reserved */,
    {.bitmap_index = 0, .adv_w = 320, .box_w = 20, .box_h = 3, .ofs_x = 0, .ofs_y = 6},
    {.bitmap_index = 30, .adv_w = 320, .box_w = 19, .box_h = 18, .ofs_x = 1, .ofs_y = -1},
    {.bitmap_index = 201, .adv_w = 320, .box_w = 18, .box_h = 16, .ofs_x = 1, .ofs_y = -1},
    {.bitmap_index = 345, .adv_w = 320, .box_w = 19, .box_h = 18, .ofs_x = 0, .ofs_y = -1},
    {.bitmap_index = 516, .adv_w = 320, .box_w = 20, .box_h = 19, .ofs_x = 0, .ofs_y = -2},
    {.bitmap_index = 706, .adv_w = 320, .box_w = 20, .box_h = 20, .ofs_x = 0, .ofs_y = -3},
    {.bitmap_index = 906, .adv_w = 320, .box_w = 20, .box_h = 19, .ofs_x = 0, .ofs_y = -3},
    {.bitmap_index = 1096, .adv_w = 320, .box_w = 18, .box_h = 15, .ofs_x = 1, .ofs_y = 0},
    {.bitmap_index = 1231, .adv_w = 320, .box_w = 19, .box_h = 19, .ofs_x = 0, .ofs_y = -3},
    {.bitmap_index = 1412, .adv_w = 320, .box_w = 18, .box_h = 16, .ofs_x = 1, .ofs_y = -1},
    {.bitmap_index = 1556, .adv_w = 320, .box_w = 18, .box_h = 20, .ofs_x = 1, .ofs_y = -3},
    {.bitmap_index = 1736, .adv_w = 320, .box_w = 20, .box_h = 19, .ofs_x = 0, .ofs_y = -2},
    {.bitmap_index = 1926, .adv_w = 320, .box_w = 20, .box_h = 19, .ofs_x = 0, .ofs_y = -2},
    {.bitmap_index = 2116, .adv_w = 320, .box_w = 20, .box_h = 20, .ofs_x = 0, .ofs_y = -3},
    {.bitmap_index = 2316, .adv_w = 320, .box_w = 20, .box_h = 21, .ofs_x = 0, .ofs_y = -3},
    {.bitmap_index = 2526, .adv_w = 320, .box_w = 20, .box_h = 20, .ofs_x = 0, .ofs_y = -3},
    {.bitmap_index = 2726, .adv_w = 320, .box_w = 20, .box_h = 20, .ofs_x = 0, .ofs_y = -3},
    {.bitmap_index = 2926, .adv_w = 320, .box_w = 20, .box_h = 18, .ofs_x = 0, .ofs_y = -2},
    {.bitmap_index = 3106, .adv_w = 320, .box_w = 20, .box_h = 20, .ofs_x = 0, .ofs_y = -2},
    {.bitmap_index = 3306, .adv_w = 320, .box_w = 20, .box_h = 19, .ofs_x = 0, .ofs_y = -2},
    {.bitmap_index = 3496, .adv_w = 320, .box_w = 18, .box_h = 18, .ofs_x = 1, .ofs_y = -2},
    {.bitmap_index = 3658, .adv_w = 320, .box_w = 17, .box_h = 19, .ofs_x = 1, .ofs_y = -2},
    {.bitmap_index = 3820, .adv_w = 320, .box_w = 19, .box_h = 20, .ofs_x = 0, .ofs_y = -3},
    {.bitmap_index = 4010, .adv_w = 320, .box_w = 18, .box_h = 20, .ofs_x = 1, .ofs_y = -3},
    {.bitmap_index = 4190, .adv_w = 320, .box_w = 19, .box_h = 20, .ofs_x = 0, .ofs_y = -3},
    {.bitmap_index = 4380, .adv_w = 320, .box_w = 19, .box_h = 20, .ofs_x = 1, .ofs_y = -2},
    {.bitmap_index = 4570, .adv_w = 320, .box_w = 20, .box_h = 19, .ofs_x = 0, .ofs_y = -2},
    {.bitmap_index = 4760, .adv_w = 320, .box_w = 19, .box_h = 18, .ofs_x = 0, .ofs_y = -2},
    {.bitmap_index = 4931, .adv_w = 320, .box_w = 19, .box_h = 18, .ofs_x = 0, .ofs_y = -2},
    {.bitmap_index = 5102, .adv_w = 320, .box_w = 19, .box_h = 19, .ofs_x = 1, .ofs_y = -3},
    {.bitmap_index = 5283, .adv_w = 320, .box_w = 19, .box_h = 20, .ofs_x = 0, .ofs_y = -3},
    {.bitmap_index = 5473, .adv_w = 320, .box_w = 18, .box_h = 19, .ofs_x = 0, .ofs_y = -3},
    {.bitmap_index = 5644, .adv_w = 320, .box_w = 19, .box_h = 19, .ofs_x = 1, .ofs_y = -2},
    {.bitmap_index = 5825, .adv_w = 320, .box_w = 20, .box_h = 20, .ofs_x = 0, .ofs_y = -3},
    {.bitmap_index = 6025, .adv_w = 320, .box_w = 18, .box_h = 18, .ofs_x = 1, .ofs_y = -2},
    {.bitmap_index = 6187, .adv_w = 320, .box_w = 18, .box_h = 19, .ofs_x = 1, .ofs_y = -2},
    {.bitmap_index = 6358, .adv_w = 320, .box_w = 18, .box_h = 18, .ofs_x = 1, .ofs_y = -2},
    {.bitmap_index = 6520, .adv_w = 320, .box_w = 18, .box_h = 19, .ofs_x = 1, .ofs_y = -2},
    {.bitmap_index = 6691, .adv_w = 320, .box_w = 20, .box_h = 19, .ofs_x = 0, .ofs_y = -1},
    {.bitmap_index = 6881, .adv_w = 320, .box_w = 20, .box_h = 18, .ofs_x = 0, .ofs_y = -2},
    {.bitmap_index = 7061, .adv_w = 320, .box_w = 20, .box_h = 20, .ofs_x = 0, .ofs_y = -3},
    {.bitmap_index = 7261, .adv_w = 320, .box_w = 20, .box_h = 20, .ofs_x = 0, .ofs_y = -3},
    {.bitmap_index = 7461, .adv_w = 320, .box_w = 19, .box_h = 19, .ofs_x = 0, .ofs_y = -2},
    {.bitmap_index = 7642, .adv_w = 320, .box_w = 20, .box_h = 19, .ofs_x = 0, .ofs_y = -2},
    {.bitmap_index = 7832, .adv_w = 320, .box_w = 20, .box_h = 18, .ofs_x = 0, .ofs_y = -2},
    {.bitmap_index = 8012, .adv_w = 320, .box_w = 20, .box_h = 20, .ofs_x = 0, .ofs_y = -2},
    {.bitmap_index = 8212, .adv_w = 320, .box_w = 20, .box_h = 20, .ofs_x = 0, .ofs_y = -3},
    {.bitmap_index = 8412, .adv_w = 320, .box_w = 20, .box_h = 20, .ofs_x = 0, .ofs_y = -3},
    {.bitmap_index = 8612, .adv_w = 320, .box_w = 19, .box_h = 21, .ofs_x = 0, .ofs_y = -3},
    {.bitmap_index = 8812, .adv_w = 320, .box_w = 19, .box_h = 20, .ofs_x = 0, .ofs_y = -2},
    {.bitmap_index = 9002, .adv_w = 320, .box_w = 18, .box_h = 19, .ofs_x = 1, .ofs_y = -3},
    {.bitmap_index = 9173, .adv_w = 320, .box_w = 20, .box_h = 20, .ofs_x = 0, .ofs_y = -3},
    {.bitmap_index = 9373, .adv_w = 320, .box_w = 20, .box_h = 19, .ofs_x = 0, .ofs_y = -3},
    {.bitmap_index = 9563, .adv_w = 320, .box_w = 20, .box_h = 18, .ofs_x = 0, .ofs_y = -2},
    {.bitmap_index = 9743, .adv_w = 320, .box_w = 20, .box_h = 16, .ofs_x = 0, .ofs_y = -1},
    {.bitmap_index = 9903, .adv_w = 320, .box_w = 18, .box_h = 19, .ofs_x = 1, .ofs_y = -2},
    {.bitmap_index = 10074, .adv_w = 320, .box_w = 20, .box_h = 19, .ofs_x = 0, .ofs_y = -2},
    {.bitmap_index = 10264, .adv_w = 320, .box_w = 20, .box_h = 19, .ofs_x = 0, .ofs_y = -2},
    {.bitmap_index = 10454, .adv_w = 320, .box_w = 20, .box_h = 21, .ofs_x = 0, .ofs_y = -3},
    {.bitmap_index = 10664, .adv_w = 320, .box_w = 19, .box_h = 19, .ofs_x = 1, .ofs_y = -3},
    {.bitmap_index = 10845, .adv_w = 320, .box_w = 19, .box_h = 19, .ofs_x = 1, .ofs_y = -2},
    {.bitmap_index = 11026, .adv_w = 320, .box_w = 20, .box_h = 20, .ofs_x = 0, .ofs_y = -3},
    {.bitmap_index = 11226, .adv_w = 320, .box_w = 20, .box_h = 20, .ofs_x = 0, .ofs_y = -3},
    {.bitmap_index = 11426, .adv_w = 320, .box_w = 20, .box_h = 20, .ofs_x = 0, .ofs_y = -3},
    {.bitmap_index = 11626, .adv_w = 320, .box_w = 20, .box_h = 20, .ofs_x = 0, .ofs_y = -3},
    {.bitmap_index = 11826, .adv_w = 320, .box_w = 20, .box_h = 20, .ofs_x = 0, .ofs_y = -3},
    {.bitmap_index = 12026, .adv_w = 320, .box_w = 20, .box_h = 20, .ofs_x = 0, .ofs_y = -3},
    {.bitmap_index = 12226, .adv_w = 320, .box_w = 20, .box_h = 20, .ofs_x = 0, .ofs_y = -2},
    {.bitmap_index = 12426, .adv_w = 320, .box_w = 20, .box_h = 21, .ofs_x = 0, .ofs_y = -3},
    {.bitmap_index = 12636, .adv_w = 320, .box_w = 20, .box_h = 20, .ofs_x = 0, .ofs_y = -3},
    {.bitmap_index = 12836, .adv_w = 320, .box_w = 14, .box_h = 19, .ofs_x = 3, .ofs_y = -3},
    {.bitmap_index = 12969, .adv_w = 320, .box_w = 19, .box_h = 20, .ofs_x = 1, .ofs_y = -3},
    {.bitmap_index = 13159, .adv_w = 320, .box_w = 19, .box_h = 19, .ofs_x = 0, .ofs_y = -2},
    {.bitmap_index = 13340, .adv_w = 320, .box_w = 19, .box_h = 20, .ofs_x = 1, .ofs_y = -3},
    {.bitmap_index = 13530, .adv_w = 320, .box_w = 19, .box_h = 20, .ofs_x = 1, .ofs_y = -3},
    {.bitmap_index = 13720, .adv_w = 320, .box_w = 19, .box_h = 19, .ofs_x = 1, .ofs_y = -2},
    {.bitmap_index = 13901, .adv_w = 320, .box_w = 17, .box_h = 19, .ofs_x = 0, .ofs_y = -3},
    {.bitmap_index = 14063, .adv_w = 320, .box_w = 19, .box_h = 20, .ofs_x = 0, .ofs_y = -3},
    {.bitmap_index = 14253, .adv_w = 320, .box_w = 20, .box_h = 19, .ofs_x = 0, .ofs_y = -2},
    {.bitmap_index = 14443, .adv_w = 320, .box_w = 20, .box_h = 20, .ofs_x = 0, .ofs_y = -3},
    {.bitmap_index = 14643, .adv_w = 320, .box_w = 20, .box_h = 19, .ofs_x = 0, .ofs_y = -2},
    {.bitmap_index = 14833, .adv_w = 320, .box_w = 20, .box_h = 21, .ofs_x = 0, .ofs_y = -3},
    {.bitmap_index = 15043, .adv_w = 320, .box_w = 20, .box_h = 20, .ofs_x = 0, .ofs_y = -3},
    {.bitmap_index = 15243, .adv_w = 320, .box_w = 20, .box_h = 19, .ofs_x = 0, .ofs_y = -2},
    {.bitmap_index = 15433, .adv_w = 320, .box_w = 20, .box_h = 21, .ofs_x = 0, .ofs_y = -3},
    {.bitmap_index = 15643, .adv_w = 320, .box_w = 20, .box_h = 19, .ofs_x = 0, .ofs_y = -2},
    {.bitmap_index = 15833, .adv_w = 320, .box_w = 20, .box_h = 19, .ofs_x = 0, .ofs_y = -2},
    {.bitmap_index = 16023, .adv_w = 320, .box_w = 20, .box_h = 19, .ofs_x = 0, .ofs_y = -2},
    {.bitmap_index = 16213, .adv_w = 320, .box_w = 20, .box_h = 19, .ofs_x = 0, .ofs_y = -2},
    {.bitmap_index = 16403, .adv_w = 320, .box_w = 20, .box_h = 19, .ofs_x = 0, .ofs_y = -2},
    {.bitmap_index = 16593, .adv_w = 320, .box_w = 18, .box_h = 19, .ofs_x = 0, .ofs_y = -3},
    {.bitmap_index = 16764, .adv_w = 320, .box_w = 17, .box_h = 19, .ofs_x = 2, .ofs_y = -2},
    {.bitmap_index = 16926, .adv_w = 320, .box_w = 18, .box_h = 18, .ofs_x = 1, .ofs_y = -2},
    {.bitmap_index = 17088, .adv_w = 320, .box_w = 19, .box_h = 19, .ofs_x = 1, .ofs_y = -2},
    {.bitmap_index = 17269, .adv_w = 320, .box_w = 19, .box_h = 19, .ofs_x = 0, .ofs_y = -2},
    {.bitmap_index = 17450, .adv_w = 320, .box_w = 19, .box_h = 19, .ofs_x = 0, .ofs_y = -3},
    {.bitmap_index = 17631, .adv_w = 320, .box_w = 20, .box_h = 19, .ofs_x = 0, .ofs_y = -2},
    {.bitmap_index = 17821, .adv_w = 320, .box_w = 18, .box_h = 20, .ofs_x = 1, .ofs_y = -3},
    {.bitmap_index = 18001, .adv_w = 320, .box_w = 20, .box_h = 21, .ofs_x = 0, .ofs_y = -3},
    {.bitmap_index = 18211, .adv_w = 320, .box_w = 20, .box_h = 20, .ofs_x = 0, .ofs_y = -3},
    {.bitmap_index = 18411, .adv_w = 320, .box_w = 20, .box_h = 20, .ofs_x = 0, .ofs_y = -2},
    {.bitmap_index = 18611, .adv_w = 320, .box_w = 20, .box_h = 20, .ofs_x = 0, .ofs_y = -3},
    {.bitmap_index = 18811, .adv_w = 320, .box_w = 18, .box_h = 18, .ofs_x = 1, .ofs_y = -2},
    {.bitmap_index = 18973, .adv_w = 320, .box_w = 18, .box_h = 19, .ofs_x = 1, .ofs_y = -2},
    {.bitmap_index = 19144, .adv_w = 320, .box_w = 20, .box_h = 20, .ofs_x = 0, .ofs_y = -3},
    {.bitmap_index = 19344, .adv_w = 320, .box_w = 19, .box_h = 19, .ofs_x = 1, .ofs_y = -2},
    {.bitmap_index = 19525, .adv_w = 320, .box_w = 20, .box_h = 21, .ofs_x = 0, .ofs_y = -3},
    {.bitmap_index = 19735, .adv_w = 320, .box_w = 19, .box_h = 21, .ofs_x = 0, .ofs_y = -3},
    {.bitmap_index = 19935, .adv_w = 320, .box_w = 20, .box_h = 20, .ofs_x = 0, .ofs_y = -3},
    {.bitmap_index = 20135, .adv_w = 320, .box_w = 20, .box_h = 19, .ofs_x = 0, .ofs_y = -2},
    {.bitmap_index = 20325, .adv_w = 320, .box_w = 18, .box_h = 21, .ofs_x = 1, .ofs_y = -3},
    {.bitmap_index = 20514, .adv_w = 320, .box_w = 19, .box_h = 20, .ofs_x = 1, .ofs_y = -3},
    {.bitmap_index = 20704, .adv_w = 320, .box_w = 20, .box_h = 20, .ofs_x = 0, .ofs_y = -3},
    {.bitmap_index = 20904, .adv_w = 320, .box_w = 20, .box_h = 20, .ofs_x = 0, .ofs_y = -3},
    {.bitmap_index = 21104, .adv_w = 320, .box_w = 20, .box_h = 20, .ofs_x = 0, .ofs_y = -3},
    {.bitmap_index = 21304, .adv_w = 320, .box_w = 20, .box_h = 19, .ofs_x = 0, .ofs_y = -2},
    {.bitmap_index = 21494, .adv_w = 320, .box_w = 20, .box_h = 20, .ofs_x = 0, .ofs_y = -3},
    {.bitmap_index = 21694, .adv_w = 320, .box_w = 20, .box_h = 19, .ofs_x = 0, .ofs_y = -2},
    {.bitmap_index = 21884, .adv_w = 320, .box_w = 20, .box_h = 20, .ofs_x = 0, .ofs_y = -3},
    {.bitmap_index = 22084, .adv_w = 320, .box_w = 20, .box_h = 19, .ofs_x = 0, .ofs_y = -2},
    {.bitmap_index = 22274, .adv_w = 320, .box_w = 20, .box_h = 20, .ofs_x = 0, .ofs_y = -3},
    {.bitmap_index = 22474, .adv_w = 320, .box_w = 20, .box_h = 19, .ofs_x = 0, .ofs_y = -2},
    {.bitmap_index = 22664, .adv_w = 320, .box_w = 20, .box_h = 19, .ofs_x = 0, .ofs_y = -2},
    {.bitmap_index = 22854, .adv_w = 320, .box_w = 20, .box_h = 20, .ofs_x = 0, .ofs_y = -3},
    {.bitmap_index = 23054, .adv_w = 320, .box_w = 19, .box_h = 20, .ofs_x = 0, .ofs_y = -3},
    {.bitmap_index = 23244, .adv_w = 320, .box_w = 20, .box_h = 20, .ofs_x = 0, .ofs_y = -3},
    {.bitmap_index = 23444, .adv_w = 320, .box_w = 20, .box_h = 19, .ofs_x = 0, .ofs_y = -2},
    {.bitmap_index = 23634, .adv_w = 320, .box_w = 20, .box_h = 20, .ofs_x = 0, .ofs_y = -3},
    {.bitmap_index = 23834, .adv_w = 320, .box_w = 20, .box_h = 20, .ofs_x = 0, .ofs_y = -3},
    {.bitmap_index = 24034, .adv_w = 320, .box_w = 19, .box_h = 20, .ofs_x = 0, .ofs_y = -3},
    {.bitmap_index = 24224, .adv_w = 320, .box_w = 19, .box_h = 18, .ofs_x = 1, .ofs_y = -2},
    {.bitmap_index = 24395, .adv_w = 320, .box_w = 20, .box_h = 18, .ofs_x = 0, .ofs_y = -1},
    {.bitmap_index = 24575, .adv_w = 320, .box_w = 20, .box_h = 19, .ofs_x = 0, .ofs_y = -2},
    {.bitmap_index = 24765, .adv_w = 320, .box_w = 18, .box_h = 20, .ofs_x = 1, .ofs_y = -3},
    {.bitmap_index = 24945, .adv_w = 320, .box_w = 18, .box_h = 20, .ofs_x = 1, .ofs_y = -3},
    {.bitmap_index = 25125, .adv_w = 320, .box_w = 18, .box_h = 20, .ofs_x = 1, .ofs_y = -3},
    {.bitmap_index = 25305, .adv_w = 320, .box_w = 19, .box_h = 19, .ofs_x = 1, .ofs_y = -2},
    {.bitmap_index = 25486, .adv_w = 320, .box_w = 19, .box_h = 19, .ofs_x = 1, .ofs_y = -2},
    {.bitmap_index = 25667, .adv_w = 320, .box_w = 18, .box_h = 18, .ofs_x = 1, .ofs_y = -2},
    {.bitmap_index = 25829, .adv_w = 320, .box_w = 18, .box_h = 20, .ofs_x = 1, .ofs_y = -3},
    {.bitmap_index = 26009, .adv_w = 320, .box_w = 20, .box_h = 20, .ofs_x = 0, .ofs_y = -3}
};

/*---------------------
 *  CHARACTER MAPPING
 *--------------------*/

static const uint16_t unicode_list_0[] = {
    0x00, 0x03, 0x09, 0x0a, 0x50, 0x5d, 0x88, 0x8c,
    0x8e, 0x94, 0xae, 0xf6, 0x17f, 0x1ca, 0x25c, 0x265,
    0x348, 0x36b, 0x36d, 0x373, 0x386, 0x3fa, 0x425, 0x4a8,
    0x4d5, 0x541, 0x577, 0x582, 0x58b, 0x5ef, 0x62f, 0x668,
    0x724, 0x868, 0x8db, 0x8de, 0x8fa, 0x906, 0x91f, 0x927,
    0xa31, 0xa34, 0xaf0, 0xb0d, 0xb29, 0xb2a, 0xbcb, 0xd58,
    0xd9a, 0xddd, 0xdfc, 0xe0f, 0xe4f, 0xe55, 0xfe5, 0x1038,
    0x1055, 0x10a6, 0x10b7, 0x1100, 0x110f, 0x1162, 0x1262, 0x14a5,
    0x1501, 0x152f, 0x15a5, 0x1787, 0x17b9, 0x17cb, 0x17e5, 0x17f6,
    0x181f, 0x1842, 0x1882, 0x18dc, 0x1908, 0x191f, 0x1928, 0x1a3c,
    0x1b7d, 0x1c21, 0x1dcf, 0x1e14, 0x1e17, 0x1e34, 0x1e60, 0x1ed5,
    0x2029, 0x226b, 0x2728, 0x2735, 0x273b, 0x2961, 0x29e5, 0x2b3a,
    0x2bd2, 0x2efb, 0x2f61, 0x2f9a, 0x30c8, 0x30df, 0x3151, 0x316e,
    0x3254, 0x32fd, 0x342a, 0x3577, 0x3a4c, 0x3a68, 0x3bc9, 0x3c00,
    0x3c2d, 0x3c9e, 0x3d66, 0x3dbe, 0x3ded, 0x3f2e, 0x3f77, 0x3fd1,
    0x40ab, 0x40e2, 0x411d, 0x416c, 0x4174, 0x41db, 0x4210, 0x421a,
    0x4223, 0x4232, 0x4392, 0x43cd, 0x43d1, 0x4793, 0x47ed, 0x4833,
    0x487d, 0x48fb, 0x4962, 0x49f3, 0x4a84
};

/*Collect the unicode lists and glyph_id offsets*/
static const lv_font_fmt_txt_cmap_t cmaps[] =
{
    {
        .range_start = 19968, .range_length = 19077, .glyph_id_start = 1,
        .unicode_list = unicode_list_0, .glyph_id_ofs_list = NULL, .list_length = 141, .type = LV_FONT_FMT_TXT_CMAP_SPARSE_TINY
    }
};



/*--------------------
 *  ALL CUSTOM DATA
 *--------------------*/

#if LVGL_VERSION_MAJOR == 8
/*Store all the custom data of the font*/
static  lv_font_fmt_txt_glyph_cache_t cache;
#endif

#if LVGL_VERSION_MAJOR >= 8
static const lv_font_fmt_txt_dsc_t font_dsc = {
#else
static lv_font_fmt_txt_dsc_t font_dsc = {
#endif
    .glyph_bitmap = glyph_bitmap,
    .glyph_dsc = glyph_dsc,
    .cmaps = cmaps,
    .kern_dsc = NULL,
    .kern_scale = 0,
    .cmap_num = 1,
    .bpp = 4,
    .kern_classes = 0,
    .bitmap_format = 0,
#if LVGL_VERSION_MAJOR == 8
    .cache = &cache
#endif

};



/*-----------------
 *  PUBLIC FONT
 *----------------*/

/*Initialize a public general font descriptor*/
#if LVGL_VERSION_MAJOR >= 8
const lv_font_t NS_Medium_zh_20_data = {
#else
lv_font_t NS_Medium_zh_20_data = {
#endif
    .get_glyph_dsc = lv_font_get_glyph_dsc_fmt_txt,    /*Function pointer to get glyph's data*/
    .get_glyph_bitmap = lv_font_get_bitmap_fmt_txt,    /*Function pointer to get glyph's bitmap*/
    .line_height = 21,          /*The maximum line height required by the font*/
    .base_line = 3,             /*Baseline measured from the bottom of the line*/
#if !(LVGL_VERSION_MAJOR == 6 && LVGL_VERSION_MINOR == 0)
    .subpx = LV_FONT_SUBPX_NONE,
#endif
#if LV_VERSION_CHECK(7, 4, 0) || LVGL_VERSION_MAJOR >= 8
    .underline_position = -2,
    .underline_thickness = 1,
#endif

#if LV_VERSION_CHECK(9, 3, 0)
    .static_bitmap = 1,    /*Bitmaps are stored as const so they are always static if not compressed */
#endif

    .dsc = &font_dsc,          /*The custom font data. Will be accessed by `get_glyph_bitmap/dsc` */
#if LV_VERSION_CHECK(8, 2, 0) || LVGL_VERSION_MAJOR >= 9
    .fallback = NULL,
#endif
    .user_data = NULL,
};



#endif /*#if NS_MEDIUM_ZH_20_DATA*/
