/*******************************************************************************
 * Size: 40 px
 * Bpp: 4
 * Opts: --font /fonts/raw/languages/NotoSansSC-Medium.ttf -o /fonts/NS_Medium_zh_40_data.c --size 40 --bpp 4 --format lvgl --no-compress --symbols 一七三乐九二于云五亮件俊停健光八六关内出动勿十卡卷厂压可启周唤器四固圆型声复多天太始存定导小屏展幕度康开式形恢扰报振文新方旋日时星暂更月期格模步每气池法温用电盘睡知示秒类系终统网置联能航行表觉言警设语贮起跑身转轴进逐通醒重闪闭阳音预骤
 ******************************************************************************/

#ifdef __has_include
    #if __has_include("lvgl.h")
        #ifndef LV_LVGL_H_INCLUDE_SIMPLE
            #define LV_LVGL_H_INCLUDE_SIMPLE
        #endif
    #endif
#endif

#ifdef LV_LVGL_H_INCLUDE_SIMPLE
    #include "lvgl.h"
#else
    #include "lvgl/lvgl.h"
#endif



#ifndef NS_MEDIUM_ZH_40_DATA
#define NS_MEDIUM_ZH_40_DATA 1
#endif

#if NS_MEDIUM_ZH_40_DATA

/*-----------------
 *    BITMAPS
 *----------------*/

/*Store the image of the glyphs*/
static LV_ATTRIBUTE_LARGE_CONST const uint8_t glyph_bitmap[] = {
    /* U+4E00 "一" */
    0x1e, 0xee, 0xee, 0xee, 0xee, 0xee, 0xee, 0xee,
    0xee, 0xee, 0xee, 0xee, 0xee, 0xee, 0xee, 0xee,
    0xee, 0xee, 0xea, 0x1f, 0xff, 0xff, 0xff, 0xff,
    0xff, 0xff, 0xff, 0xff, 0xff, 0xff, 0xff, 0xff,
    0xff, 0xff, 0xff, 0xff, 0xff, 0xfb, 0x1f, 0xff,
    0xff, 0xff, 0xff, 0xff, 0xff, 0xff, 0xff, 0xff,
    0xff, 0xff, 0xff, 0xff, 0xff, 0xff, 0xff, 0xff,
    0xfb, 0x1f, 0xff, 0xff, 0xff, 0xff, 0xff, 0xff,
    0xff, 0xff, 0xff, 0xff, 0xff, 0xff, 0xff, 0xff,
    0xff, 0xff, 0xff, 0xfb, 0x04, 0x44, 0x44, 0x44,
    0x44, 0x44, 0x44, 0x44, 0x44, 0x44, 0x44, 0x44,
    0x44, 0x44, 0x44, 0x44, 0x44, 0x44, 0x43,

    /* U+4E03 "七" */
    0x00, 0x00, 0x00, 0x00, 0x00, 0x00, 0xef, 0xff,
    0x30, 0x00, 0x00, 0x00, 0x00, 0x00, 0x00, 0x00,
    0x00, 0x00, 0x00, 0x00, 0x00, 0x00, 0x00, 0x00,
    0x00, 0xef, 0xff, 0x30, 0x00, 0x00, 0x00, 0x00,
    0x00, 0x00, 0x00, 0x00, 0x00, 0x00, 0x00, 0x00,
    0x00, 0x00, 0x00, 0x00, 0xef, 0xff, 0x30, 0x00,
    0x00, 0x00, 0x00, 0x00, 0x00, 0x00, 0x00, 0x00,
    0x00, 0x00, 0x00, 0x00, 0x00, 0x00, 0x00, 0xef,
    0xff, 0x30, 0x00, 0x00, 0x00, 0x00, 0x00, 0x00,
    0x00, 0x00, 0x00, 0x00, 0x00, 0x00, 0x00, 0x00,
    0x00, 0x00, 0xef, 0xff, 0x30, 0x00, 0x00, 0x00,
    0x00, 0x00, 0x00, 0x00, 0x00, 0x00, 0x00, 0x00,
    0x00, 0x00, 0x00, 0x00, 0x00, 0xef, 0xff, 0x30,
    0x00, 0x00, 0x00, 0x00, 0x00, 0x00, 0x00, 0x00,
    0x00, 0x00, 0x00, 0x00, 0x00, 0x00, 0x00, 0x00,
    0xef, 0xff, 0x30, 0x00, 0x00, 0x00, 0x00, 0x00,
    0x00, 0x00, 0x00, 0x00, 0x00, 0x00, 0x00, 0x00,
    0x00, 0x00, 0x00, 0xef, 0xff, 0x30, 0x00, 0x00,
    0x00, 0x00, 0x00, 0x00, 0x00, 0x00, 0x00, 0x00,
    0x00, 0x00, 0x00, 0x00, 0x00, 0x00, 0xef, 0xff,
    0x30, 0x00, 0x00, 0x00, 0x00, 0x00, 0x00, 0x00,
    0x00, 0x00, 0x00, 0x00, 0x00, 0x00, 0x00, 0x00,
    0x00, 0xef, 0xff, 0x30, 0x00, 0x00, 0x00, 0x00,
    0x00, 0x00, 0x00, 0x24, 0x79, 0x70, 0x00, 0x00,
    0x00, 0x00, 0x00, 0x00, 0xef, 0xff, 0x30, 0x00,
    0x00, 0x00, 0x00, 0x25, 0x8a, 0xdf, 0xff, 0xff,
    0xc0, 0x00, 0x00, 0x00, 0x00, 0x00, 0x00, 0xef,
    0xff, 0x30, 0x01, 0x46, 0x9b, 0xef, 0xff, 0xff,
    0xff, 0xff, 0xff, 0xf0, 0x00, 0x00, 0x00, 0x00,
    0x00, 0x00, 0xef, 0xff, 0xbc, 0xef, 0xff, 0xff,
    0xff, 0xff, 0xff, 0xff, 0xff, 0xff, 0xf1, 0x00,
    0x00, 0x00, 0x03, 0x58, 0xad, 0xff, 0xff, 0xff,
    0xff, 0xff, 0xff, 0xff, 0xff, 0xff, 0xff, 0xdb,
    0x86, 0x30, 0x04, 0x69, 0xbe, 0xff, 0xff, 0xff,
    0xff, 0xff, 0xff, 0xff, 0xff, 0xff, 0xfe, 0xca,
    0x75, 0x20, 0x00, 0x00, 0x00, 0x4f, 0xff, 0xff,
    0xff, 0xff, 0xff, 0xff, 0xff, 0xff, 0xfd, 0xb8,
    0x63, 0x10, 0x00, 0x00, 0x00, 0x00, 0x00, 0x00,
    0x1f, 0xff, 0xff, 0xff, 0xff, 0xff, 0xff, 0xff,
    0x72, 0x00, 0x00, 0x00, 0x00, 0x00, 0x00, 0x00,
    0x00, 0x00, 0x00, 0x0f, 0xff, 0xff, 0xdb, 0x86,
    0x31, 0xef, 0xff, 0x30, 0x00, 0x00, 0x00, 0x00,
    0x00, 0x00, 0x00, 0x00, 0x00, 0x00, 0x08, 0x75,
    0x20, 0x00, 0x00, 0x00, 0xef, 0xff, 0x30, 0x00,
    0x00, 0x00, 0x00, 0x00, 0x00, 0x00, 0x00, 0x00,
    0x00, 0x00, 0x00, 0x00, 0x00, 0x00, 0x00, 0xef,
    0xff, 0x30, 0x00, 0x00, 0x00, 0x00, 0x00, 0x00,
    0x00, 0x00, 0x00, 0x00, 0x00, 0x00, 0x00, 0x00,
    0x00, 0x00, 0xef, 0xff, 0x30, 0x00, 0x00, 0x00,
    0x00, 0x00, 0x00, 0x00, 0x00, 0x00, 0x00, 0x00,
    0x00, 0x00, 0x00, 0x00, 0x00, 0xef, 0xff, 0x30,
    0x00, 0x00, 0x00, 0x00, 0x00, 0x00, 0x00, 0x00,
    0x00, 0x00, 0x00, 0x00, 0x00, 0x00, 0x00, 0x00,
    0xef, 0xff, 0x30, 0x00, 0x00, 0x00, 0x00, 0x00,
    0x00, 0x00, 0x00, 0x00, 0x00, 0x00, 0x00, 0x00,
    0x00, 0x00, 0x00, 0xef, 0xff, 0x30, 0x00, 0x00,
    0x00, 0x00, 0x00, 0x00, 0x00, 0x30, 0x00, 0x00,
    0x00, 0x00, 0x00, 0x00, 0x00, 0x00, 0xef, 0xff,
    0x30, 0x00, 0x00, 0x00, 0x00, 0x00, 0x00, 0x00,
    0xdc, 0x40, 0x00, 0x00, 0x00, 0x00, 0x00, 0x00,
    0x00, 0xef, 0xff, 0x30, 0x00, 0x00, 0x00, 0x00,
    0x00, 0x00, 0x00, 0xef, 0xfe, 0x00, 0x00, 0x00,
    0x00, 0x00, 0x00, 0x00, 0xef, 0xff, 0x30, 0x00,
    0x00, 0x00, 0x00, 0x00, 0x00, 0x00, 0xff, 0xff,
    0x00, 0x00, 0x00, 0x00, 0x00, 0x00, 0x00, 0xef,
    0xff, 0x30, 0x00, 0x00, 0x00, 0x00, 0x00, 0x00,
    0x02, 0xff, 0xfe, 0x00, 0x00, 0x00, 0x00, 0x00,
    0x00, 0x00, 0xef, 0xff, 0x30, 0x00, 0x00, 0x00,
    0x00, 0x00, 0x00, 0x04, 0xff, 0xfb, 0x00, 0x00,
    0x00, 0x00, 0x00, 0x00, 0x00, 0xdf, 0xff, 0x40,
    0x00, 0x00, 0x00, 0x00, 0x00, 0x00, 0x09, 0xff,
    0xf8, 0x00, 0x00, 0x00, 0x00, 0x00, 0x00, 0x00,
    0xcf, 0xff, 0xa0, 0x00, 0x00, 0x00, 0x00, 0x00,
    0x00, 0x3f, 0xff, 0xf5, 0x00, 0x00, 0x00, 0x00,
    0x00, 0x00, 0x00, 0x8f, 0xff, 0xff, 0xcc, 0xcc,
    0xcc, 0xcc, 0xcc, 0xcd, 0xff, 0xff, 0xf0, 0x00,
    0x00, 0x00, 0x00, 0x00, 0x00, 0x00, 0x3f, 0xff,
    0xff, 0xff, 0xff, 0xff, 0xff, 0xff, 0xff, 0xff,
    0xff, 0x80, 0x00, 0x00, 0x00, 0x00, 0x00, 0x00,
    0x00, 0x07, 0xff, 0xff, 0xff, 0xff, 0xff, 0xff,
    0xff, 0xff, 0xff, 0xfb, 0x00, 0x00, 0x00, 0x00,
    0x00, 0x00, 0x00, 0x00, 0x00, 0x3a, 0xdf, 0xff,
    0xff, 0xff, 0xff, 0xff, 0xff, 0xfc, 0x60, 0x00,
    0x00, 0x00, 0x00, 0x00, 0x00, 0x00, 0x00, 0x00,
    0x00, 0x00, 0x00, 0x00, 0x00, 0x00, 0x00, 0x00,
    0x00, 0x00, 0x00, 0x00,

    /* U+4E09 "三" */
    0x00, 0x5e, 0xee, 0xee, 0xee, 0xee, 0xee, 0xee,
    0xee, 0xee, 0xee, 0xee, 0xee, 0xee, 0xee, 0xee,
    0xe0, 0x00, 0x00, 0x6f, 0xff, 0xff, 0xff, 0xff,
    0xff, 0xff, 0xff, 0xff, 0xff, 0xff, 0xff, 0xff,
    0xff, 0xff, 0xf0, 0x00, 0x00, 0x6f, 0xff, 0xff,
    0xff, 0xff, 0xff, 0xff, 0xff, 0xff, 0xff, 0xff,
    0xff, 0xff, 0xff, 0xff, 0xf0, 0x00, 0x00, 0x5f,
    0xff, 0xff, 0xff, 0xff, 0xff, 0xff, 0xff, 0xff,
    0xff, 0xff, 0xff, 0xff, 0xff, 0xff, 0xf0, 0x00,
    0x00, 0x00, 0x00, 0x00, 0x00, 0x00, 0x00, 0x00,
    0x00, 0x00, 0x00, 0x00, 0x00, 0x00, 0x00, 0x00,
    0x00, 0x00, 0x00, 0x00, 0x00, 0x00, 0x00, 0x00,
    0x00, 0x00, 0x00, 0x00, 0x00, 0x00, 0x00, 0x00,
    0x00, 0x00, 0x00, 0x00, 0x00, 0x00, 0x00, 0x00,
    0x00, 0x00, 0x00, 0x00, 0x00, 0x00, 0x00, 0x00,
    0x00, 0x00, 0x00, 0x00, 0x00, 0x00, 0x00, 0x00,
    0x00, 0x00, 0x00, 0x00, 0x00, 0x00, 0x00, 0x00,
    0x00, 0x00, 0x00, 0x00, 0x00, 0x00, 0x00, 0x00,
    0x00, 0x00, 0x00, 0x00, 0x00, 0x00, 0x00, 0x00,
    0x00, 0x00, 0x00, 0x00, 0x00, 0x00, 0x00, 0x00,
    0x00, 0x00, 0x00, 0x00, 0x00, 0x00, 0x00, 0x00,
    0x00, 0x00, 0x00, 0x00, 0x00, 0x00, 0x00, 0x00,
    0x00, 0x00, 0x00, 0x00, 0x00, 0x00, 0x00, 0x00,
    0x00, 0x00, 0x00, 0x00, 0x00, 0x00, 0x00, 0x00,
    0x00, 0x00, 0x00, 0x00, 0x00, 0x00, 0x00, 0x00,
    0x00, 0x00, 0x00, 0x00, 0x00, 0x00, 0x00, 0x00,
    0x00, 0x00, 0x00, 0x00, 0x00, 0x00, 0x00, 0x00,
    0x00, 0x00, 0x00, 0x00, 0x00, 0x00, 0x00, 0x00,
    0x00, 0x00, 0x00, 0x00, 0x00, 0x00, 0x00, 0x00,
    0x00, 0x00, 0x00, 0x00, 0x0a, 0xee, 0xee, 0xee,
    0xee, 0xee, 0xee, 0xee, 0xee, 0xee, 0xee, 0xee,
    0xeb, 0x00, 0x00, 0x00, 0x00, 0x00, 0x0b, 0xff,
    0xff, 0xff, 0xff, 0xff, 0xff, 0xff, 0xff, 0xff,
    0xff, 0xff, 0xfd, 0x00, 0x00, 0x00, 0x00, 0x00,
    0x0b, 0xff, 0xff, 0xff, 0xff, 0xff, 0xff, 0xff,
    0xff, 0xff, 0xff, 0xff, 0xfd, 0x00, 0x00, 0x00,
    0x00, 0x00, 0x0a, 0xff, 0xff, 0xff, 0xff, 0xff,
    0xff, 0xff, 0xff, 0xff, 0xff, 0xff, 0xfc, 0x00,
    0x00, 0x00, 0x00, 0x00, 0x00, 0x00, 0x00, 0x00,
    0x00, 0x00, 0x00, 0x00, 0x00, 0x00, 0x00, 0x00,
    0x00, 0x00, 0x00, 0x00, 0x00, 0x00, 0x00, 0x00,
    0x00, 0x00, 0x00, 0x00, 0x00, 0x00, 0x00, 0x00,
    0x00, 0x00, 0x00, 0x00, 0x00, 0x00, 0x00, 0x00,
    0x00, 0x00, 0x00, 0x00, 0x00, 0x00, 0x00, 0x00,
    0x00, 0x00, 0x00, 0x00, 0x00, 0x00, 0x00, 0x00,
    0x00, 0x00, 0x00, 0x00, 0x00, 0x00, 0x00, 0x00,
    0x00, 0x00, 0x00, 0x00, 0x00, 0x00, 0x00, 0x00,
    0x00, 0x00, 0x00, 0x00, 0x00, 0x00, 0x00, 0x00,
    0x00, 0x00, 0x00, 0x00, 0x00, 0x00, 0x00, 0x00,
    0x00, 0x00, 0x00, 0x00, 0x00, 0x00, 0x00, 0x00,
    0x00, 0x00, 0x00, 0x00, 0x00, 0x00, 0x00, 0x00,
    0x00, 0x00, 0x00, 0x00, 0x00, 0x00, 0x00, 0x00,
    0x00, 0x00, 0x00, 0x00, 0x00, 0x00, 0x00, 0x00,
    0x00, 0x00, 0x00, 0x00, 0x00, 0x00, 0x00, 0x00,
    0x00, 0x00, 0x00, 0x00, 0x00, 0x00, 0x00, 0x00,
    0x00, 0x00, 0x00, 0x00, 0x00, 0x00, 0x00, 0x00,
    0x00, 0x00, 0x00, 0x00, 0x00, 0x00, 0x00, 0x00,
    0x00, 0x00, 0x00, 0x00, 0x00, 0x00, 0x00, 0x00,
    0x00, 0x00, 0x00, 0x00, 0x00, 0x00, 0x00, 0x00,
    0x00, 0x00, 0x00, 0x00, 0x00, 0x00, 0x00, 0x00,
    0x00, 0x00, 0x00, 0x00, 0x00, 0x00, 0xaf, 0xff,
    0xff, 0xff, 0xff, 0xff, 0xff, 0xff, 0xff, 0xff,
    0xff, 0xff, 0xff, 0xff, 0xff, 0xff, 0xff, 0xf2,
    0xaf, 0xff, 0xff, 0xff, 0xff, 0xff, 0xff, 0xff,
    0xff, 0xff, 0xff, 0xff, 0xff, 0xff, 0xff, 0xff,
    0xff, 0xf2, 0xaf, 0xff, 0xff, 0xff, 0xff, 0xff,
    0xff, 0xff, 0xff, 0xff, 0xff, 0xff, 0xff, 0xff,
    0xff, 0xff, 0xff, 0xf2, 0x8c, 0xcc, 0xcc, 0xcc,
    0xcc, 0xcc, 0xcc, 0xcc, 0xcc, 0xcc, 0xcc, 0xcc,
    0xcc, 0xcc, 0xcc, 0xcc, 0xcc, 0xc1,

    /* U+4E50 "乐" */
    0x00, 0x00, 0x00, 0x00, 0x00, 0x00, 0x00, 0x00,
    0x00, 0x00, 0x00, 0x00, 0x00, 0x00, 0x00, 0x03,
    0x20, 0x00, 0x00, 0x00, 0x00, 0x00, 0x00, 0x00,
    0x00, 0x00, 0x00, 0x00, 0x00, 0x00, 0x00, 0x13,
    0x68, 0xad, 0xff, 0xc0, 0x00, 0x00, 0x00, 0x00,
    0x00, 0x00, 0x00, 0x12, 0x23, 0x45, 0x67, 0x8a,
    0xbc, 0xef, 0xff, 0xff, 0xff, 0xff, 0xf7, 0x00,
    0x00, 0x00, 0x00, 0x0a, 0xff, 0xff, 0xff, 0xff,
    0xff, 0xff, 0xff, 0xff, 0xff, 0xff, 0xff, 0xff,
    0xff, 0xff, 0x10, 0x00, 0x00, 0x00, 0x0a, 0xff,
    0xff, 0xff, 0xff, 0xff, 0xff, 0xff, 0xff, 0xff,
    0xff, 0xff, 0xfd, 0xb8, 0x52, 0x00, 0x00, 0x00,
    0x00, 0x0b, 0xff, 0xff, 0xff, 0xff, 0xff, 0xff,
    0xff, 0xdc, 0xb9, 0x76, 0x42, 0x00, 0x00, 0x00,
    0x00, 0x00, 0x00, 0x00, 0x0c, 0xff, 0xf7, 0x65,
    0x54, 0x43, 0x21, 0x00, 0x00, 0x00, 0x00, 0x00,
    0x00, 0x00, 0x00, 0x00, 0x00, 0x00, 0x00, 0x0e,
    0xff, 0xf0, 0x00, 0x00, 0x00, 0x00, 0x00, 0x00,
    0x00, 0x00, 0x00, 0x00, 0x00, 0x00, 0x00, 0x00,
    0x00, 0x00, 0x0f, 0xff, 0xe0, 0x00, 0x00, 0x00,
    0x00, 0x99, 0x97, 0x00, 0x00, 0x00, 0x00, 0x00,
    0x00, 0x00, 0x00, 0x00, 0x00, 0x2f, 0xff, 0xb0,
    0x00, 0x00, 0x00, 0x01, 0xff, 0xfd, 0x00, 0x00,
    0x00, 0x00, 0x00, 0x00, 0x00, 0x00, 0x00, 0x00,
    0x4f, 0xff, 0x90, 0x00, 0x00, 0x00, 0x01, 0xff,
    0xfd, 0x00, 0x00, 0x00, 0x00, 0x00, 0x00, 0x00,
    0x00, 0x00, 0x00, 0x7f, 0xff, 0x60, 0x00, 0x00,
    0x00, 0x01, 0xff, 0xfd, 0x00, 0x00, 0x00, 0x00,
    0x00, 0x00, 0x00, 0x00, 0x00, 0x00, 0x9f, 0xff,
    0x30, 0x00, 0x00, 0x00, 0x01, 0xff, 0xfd, 0x00,
    0x00, 0x00, 0x00, 0x00, 0x00, 0x00, 0x00, 0x00,
    0x00, 0xcf, 0xff, 0x00, 0x00, 0x00, 0x00, 0x01,
    0xff, 0xfd, 0x00, 0x00, 0x00, 0x00, 0x00, 0x00,
    0x00, 0x00, 0x00, 0x00, 0xff, 0xfd, 0x00, 0x00,
    0x00, 0x00, 0x01, 0xff, 0xfd, 0x00, 0x00, 0x00,
    0x00, 0x00, 0x00, 0x00, 0x00, 0x00, 0x05, 0xff,
    0xf9, 0x00, 0x00, 0x00, 0x00, 0x01, 0xff, 0xfd,
    0x00, 0x00, 0x00, 0x00, 0x00, 0x00, 0x00, 0x00,
    0x00, 0x0c, 0xff, 0xff, 0xff, 0xff, 0xff, 0xff,
    0xff, 0xff, 0xff, 0xff, 0xff, 0xff, 0xff, 0xff,
    0xff, 0xff, 0x10, 0x00, 0x1f, 0xff, 0xff, 0xff,
    0xff, 0xff, 0xff, 0xff, 0xff, 0xff, 0xff, 0xff,
    0xff, 0xff, 0xff, 0xff, 0xff, 0x10, 0x00, 0x0b,
    0xff, 0xff, 0xff, 0xff, 0xff, 0xff, 0xff, 0xff,
    0xff, 0xff, 0xff, 0xff, 0xff, 0xff, 0xff, 0xff,
    0x10, 0x00, 0x05, 0xff, 0xed, 0xdd, 0xdd, 0xdd,
    0xdd, 0xdd, 0xff, 0xff, 0xdd, 0xdd, 0xdd, 0xdd,
    0xdd, 0xdd, 0xdd, 0x00, 0x00, 0x00, 0x20, 0x00,
    0x00, 0x00, 0x00, 0x00, 0x01, 0xff, 0xfd, 0x00,
    0x00, 0x00, 0x00, 0x00, 0x00, 0x00, 0x00, 0x00,
    0x00, 0x00, 0x00, 0x00, 0x00, 0x00, 0x00, 0x01,
    0xff, 0xfd, 0x00, 0x00, 0x00, 0x00, 0x00, 0x00,
    0x00, 0x00, 0x00, 0x00, 0x00, 0x00, 0x20, 0x00,
    0x00, 0x00, 0x01, 0xff, 0xfd, 0x00, 0x00, 0x00,
    0x01, 0x00, 0x00, 0x00, 0x00, 0x00, 0x00, 0x00,
    0x07, 0xfc, 0x71, 0x00, 0x00, 0x01, 0xff, 0xfd,
    0x00, 0x00, 0x03, 0xaf, 0x70, 0x00, 0x00, 0x00,
    0x00, 0x00, 0x00, 0x2f, 0xff, 0xf5, 0x00, 0x00,
    0x01, 0xff, 0xfd, 0x00, 0x00, 0x3f, 0xff, 0xf4,
    0x00, 0x00, 0x00, 0x00, 0x00, 0x00, 0xcf, 0xff,
    0xb0, 0x00, 0x00, 0x01, 0xff, 0xfd, 0x00, 0x00,
    0x06, 0xff, 0xff, 0x30, 0x00, 0x00, 0x00, 0x00,
    0x08, 0xff, 0xfe, 0x10, 0x00, 0x00, 0x01, 0xff,
    0xfd, 0x00, 0x00, 0x00, 0x8f, 0xff, 0xe1, 0x00,
    0x00, 0x00, 0x00, 0x5f, 0xff, 0xf5, 0x00, 0x00,
    0x00, 0x01, 0xff, 0xfd, 0x00, 0x00, 0x00, 0x0c,
    0xff, 0xfc, 0x00, 0x00, 0x00, 0x03, 0xff, 0xff,
    0x90, 0x00, 0x00, 0x00, 0x01, 0xff, 0xfd, 0x00,
    0x00, 0x00, 0x01, 0xef, 0xff, 0x90, 0x00, 0x00,
    0x2e, 0xff, 0xfc, 0x00, 0x00, 0x00, 0x00, 0x01,
    0xff, 0xfd, 0x00, 0x00, 0x00, 0x00, 0x4f, 0xff,
    0xf5, 0x00, 0x01, 0xdf, 0xff, 0xe1, 0x00, 0x00,
    0x00, 0x00, 0x01, 0xff, 0xfd, 0x00, 0x00, 0x00,
    0x00, 0x08, 0xff, 0xff, 0x20, 0x2d, 0xff, 0xff,
    0x30, 0x00, 0x00, 0x00, 0x00, 0x01, 0xff, 0xfd,
    0x00, 0x00, 0x00, 0x00, 0x00, 0xdf, 0xff, 0xc0,
    0x5f, 0xff, 0xf5, 0x00, 0x00, 0x00, 0x00, 0x00,
    0x01, 0xff, 0xfc, 0x00, 0x00, 0x00, 0x00, 0x00,
    0x3f, 0xff, 0xf5, 0x02, 0xdf, 0x60, 0x00, 0x00,
    0x06, 0xdd, 0xdd, 0xde, 0xff, 0xfb, 0x00, 0x00,
    0x00, 0x00, 0x00, 0x08, 0xfd, 0x50, 0x00, 0x05,
    0x00, 0x00, 0x00, 0x01, 0xff, 0xff, 0xff, 0xff,
    0xf8, 0x00, 0x00, 0x00, 0x00, 0x00, 0x00, 0x40,
    0x00, 0x00, 0x00, 0x00, 0x00, 0x00, 0x00, 0xbf,
    0xff, 0xff, 0xff, 0xd1, 0x00, 0x00, 0x00, 0x00,
    0x00, 0x00, 0x00, 0x00, 0x00, 0x00, 0x00, 0x00,
    0x00, 0x00, 0x6f, 0xff, 0xec, 0xa6, 0x00, 0x00,
    0x00, 0x00, 0x00, 0x00, 0x00, 0x00, 0x00,

    /* U+4E5D "九" */
    0x00, 0x00, 0x00, 0x00, 0x00, 0x00, 0x03, 0x55,
    0x52, 0x00, 0x00, 0x00, 0x00, 0x00, 0x00, 0x00,
    0x00, 0x00, 0x00, 0x00, 0x00, 0x00, 0x00, 0x00,
    0x00, 0x00, 0x0a, 0xff, 0xf7, 0x00, 0x00, 0x00,
    0x00, 0x00, 0x00, 0x00, 0x00, 0x00, 0x00, 0x00,
    0x00, 0x00, 0x00, 0x00, 0x00, 0x00, 0x0a, 0xff,
    0xf7, 0x00, 0x00, 0x00, 0x00, 0x00, 0x00, 0x00,
    0x00, 0x00, 0x00, 0x00, 0x00, 0x00, 0x00, 0x00,
    0x00, 0x00, 0x0a, 0xff, 0xf6, 0x00, 0x00, 0x00,
    0x00, 0x00, 0x00, 0x00, 0x00, 0x00, 0x00, 0x00,
    0x00, 0x00, 0x00, 0x00, 0x00, 0x00, 0x0a, 0xff,
    0xf6, 0x00, 0x00, 0x00, 0x00, 0x00, 0x00, 0x00,
    0x00, 0x00, 0x00, 0x00, 0x00, 0x00, 0x00, 0x00,
    0x00, 0x00, 0x0a, 0xff, 0xf6, 0x00, 0x00, 0x00,
    0x00, 0x00, 0x00, 0x00, 0x00, 0x00, 0x00, 0x00,
    0x00, 0x00, 0x00, 0x00, 0x00, 0x00, 0x0b, 0xff,
    0xf5, 0x00, 0x00, 0x00, 0x00, 0x00, 0x00, 0x00,
    0x00, 0x00, 0x00, 0x00, 0x00, 0x00, 0x00, 0x00,
    0x00, 0x00, 0x0b, 0xff, 0xf5, 0x00, 0x00, 0x00,
    0x00, 0x00, 0x00, 0x00, 0x00, 0x00, 0x00, 0x00,
    0x00, 0x00, 0x00, 0x00, 0x00, 0x00, 0x0b, 0xff,
    0xf5, 0x00, 0x00, 0x00, 0x00, 0x00, 0x00, 0x00,
    0x00, 0x00, 0x00, 0x00, 0x00, 0x00, 0x00, 0x00,
    0x00, 0x00, 0x0b, 0xff, 0xf4, 0x00, 0x00, 0x00,
    0x00, 0x00, 0x00, 0x00, 0x00, 0x00, 0x00, 0x00,
    0x00, 0x1c, 0xcc, 0xcc, 0xcc, 0xcc, 0xcf, 0xff,
    0xfd, 0xcc, 0xcc, 0xcc, 0xcd, 0xdd, 0xc1, 0x00,
    0x00, 0x00, 0x00, 0x00, 0x00, 0x2f, 0xff, 0xff,
    0xff, 0xff, 0xff, 0xff, 0xff, 0xff, 0xff, 0xff,
    0xff, 0xff, 0xf1, 0x00, 0x00, 0x00, 0x00, 0x00,
    0x00, 0x2f, 0xff, 0xff, 0xff, 0xff, 0xff, 0xff,
    0xff, 0xff, 0xff, 0xff, 0xff, 0xff, 0xf1, 0x00,
    0x00, 0x00, 0x00, 0x00, 0x00, 0x2f, 0xff, 0xff,
    0xff, 0xff, 0xff, 0xff, 0xff, 0xff, 0xff, 0xff,
    0xff, 0xff, 0xf1, 0x00, 0x00, 0x00, 0x00, 0x00,
    0x00, 0x00, 0x00, 0x00, 0x00, 0x00, 0x1f, 0xff,
    0xf0, 0x00, 0x00, 0x00, 0x0d, 0xff, 0xf1, 0x00,
    0x00, 0x00, 0x00, 0x00, 0x00, 0x00, 0x00, 0x00,
    0x00, 0x00, 0x2f, 0xff, 0xd0, 0x00, 0x00, 0x00,
    0x0d, 0xff, 0xf1, 0x00, 0x00, 0x00, 0x00, 0x00,
    0x00, 0x00, 0x00, 0x00, 0x00, 0x00, 0x4f, 0xff,
    0xc0, 0x00, 0x00, 0x00, 0x0d, 0xff, 0xf1, 0x00,
    0x00, 0x00, 0x00, 0x00, 0x00, 0x00, 0x00, 0x00,
    0x00, 0x00, 0x6f, 0xff, 0x90, 0x00, 0x00, 0x00,
    0x0d, 0xff, 0xf1, 0x00, 0x00, 0x00, 0x00, 0x00,
    0x00, 0x00, 0x00, 0x00, 0x00, 0x00, 0x9f, 0xff,
    0x70, 0x00, 0x00, 0x00, 0x0d, 0xff, 0xf1, 0x00,
    0x00, 0x00, 0x00, 0x00, 0x00, 0x00, 0x00, 0x00,
    0x00, 0x00, 0xcf, 0xff, 0x40, 0x00, 0x00, 0x00,
    0x0d, 0xff, 0xf1, 0x00, 0x00, 0x00, 0x00, 0x00,
    0x00, 0x00, 0x00, 0x00, 0x00, 0x00, 0xff, 0xff,
    0x10, 0x00, 0x00, 0x00, 0x0d, 0xff, 0xf1, 0x00,
    0x00, 0x00, 0x00, 0x00, 0x00, 0x00, 0x00, 0x00,
    0x00, 0x04, 0xff, 0xfd, 0x00, 0x00, 0x00, 0x00,
    0x0d, 0xff, 0xf1, 0x00, 0x00, 0x00, 0x00, 0x00,
    0x00, 0x00, 0x00, 0x00, 0x00, 0x09, 0xff, 0xf9,
    0x00, 0x00, 0x00, 0x00, 0x0d, 0xff, 0xf1, 0x00,
    0x00, 0x00, 0x00, 0x00, 0x00, 0x00, 0x00, 0x00,
    0x00, 0x0e, 0xff, 0xf4, 0x00, 0x00, 0x00, 0x00,
    0x0d, 0xff, 0xf1, 0x00, 0x00, 0x00, 0x00, 0x00,
    0x00, 0x00, 0x00, 0x00, 0x00, 0x4f, 0xff, 0xf0,
    0x00, 0x00, 0x00, 0x00, 0x0d, 0xff, 0xf1, 0x00,
    0x00, 0x00, 0x00, 0x00, 0x00, 0x00, 0x00, 0x00,
    0x00, 0xcf, 0xff, 0x90, 0x00, 0x00, 0x00, 0x00,
    0x0d, 0xff, 0xf1, 0x00, 0x00, 0x00, 0x00, 0x00,
    0x00, 0x00, 0x00, 0x00, 0x04, 0xff, 0xff, 0x30,
    0x00, 0x00, 0x00, 0x00, 0x0d, 0xff, 0xf1, 0x00,
    0x00, 0x00, 0x00, 0x00, 0x00, 0x00, 0x00, 0x00,
    0x0d, 0xff, 0xfc, 0x00, 0x00, 0x00, 0x00, 0x00,
    0x0d, 0xff, 0xf1, 0x00, 0x00, 0x04, 0x10, 0x00,
    0x00, 0x00, 0x00, 0x00, 0x9f, 0xff, 0xf3, 0x00,
    0x00, 0x00, 0x00, 0x00, 0x0d, 0xff, 0xf1, 0x00,
    0x00, 0x09, 0xf9, 0x30, 0x00, 0x00, 0x00, 0x06,
    0xff, 0xff, 0xa0, 0x00, 0x00, 0x00, 0x00, 0x00,
    0x0d, 0xff, 0xf1, 0x00, 0x00, 0x09, 0xff, 0xf0,
    0x00, 0x00, 0x00, 0x5f, 0xff, 0xfe, 0x10, 0x00,
    0x00, 0x00, 0x00, 0x00, 0x0d, 0xff, 0xf1, 0x00,
    0x00, 0x0a, 0xff, 0xe0, 0x00, 0x00, 0x06, 0xff,
    0xff, 0xf3, 0x00, 0x00, 0x00, 0x00, 0x00, 0x00,
    0x0d, 0xff, 0xf1, 0x00, 0x00, 0x0c, 0xff, 0xd0,
    0x00, 0x00, 0xaf, 0xff, 0xff, 0x60, 0x00, 0x00,
    0x00, 0x00, 0x00, 0x00, 0x0c, 0xff, 0xf2, 0x00,
    0x00, 0x1f, 0xff, 0xa0, 0x00, 0x5e, 0xff, 0xff,
    0xf6, 0x00, 0x00, 0x00, 0x00, 0x00, 0x00, 0x00,
    0x0b, 0xff, 0xfe, 0xbb, 0xbb, 0xdf, 0xff, 0x70,
    0x0a, 0xff, 0xff, 0xff, 0x50, 0x00, 0x00, 0x00,
    0x00, 0x00, 0x00, 0x00, 0x08, 0xff, 0xff, 0xff,
    0xff, 0xff, 0xff, 0x20, 0x01, 0xdf, 0xff, 0xd3,
    0x00, 0x00, 0x00, 0x00, 0x00, 0x00, 0x00, 0x00,
    0x01, 0xff, 0xff, 0xff, 0xff, 0xff, 0xf9, 0x00,
    0x00, 0x2e, 0xf8, 0x00, 0x00, 0x00, 0x00, 0x00,
    0x00, 0x00, 0x00, 0x00, 0x00, 0x3a, 0xef, 0xff,
    0xff, 0xfe, 0x80, 0x00, 0x00, 0x04, 0x20, 0x00,
    0x00, 0x00, 0x00, 0x00, 0x00, 0x00, 0x00, 0x00,
    0x00, 0x00, 0x00, 0x00, 0x00, 0x00, 0x00, 0x00,

    /* U+4E8C "二" */
    0x00, 0x00, 0x22, 0x22, 0x22, 0x22, 0x22, 0x22,
    0x22, 0x22, 0x22, 0x22, 0x22, 0x22, 0x22, 0x22,
    0x10, 0x00, 0x00, 0x05, 0xff, 0xff, 0xff, 0xff,
    0xff, 0xff, 0xff, 0xff, 0xff, 0xff, 0xff, 0xff,
    0xff, 0xff, 0x90, 0x00, 0x00, 0x05, 0xff, 0xff,
    0xff, 0xff, 0xff, 0xff, 0xff, 0xff, 0xff, 0xff,
    0xff, 0xff, 0xff, 0xff, 0x90, 0x00, 0x00, 0x05,
    0xff, 0xff, 0xff, 0xff, 0xff, 0xff, 0xff, 0xff,
    0xff, 0xff, 0xff, 0xff, 0xff, 0xff, 0x90, 0x00,
    0x00, 0x05, 0xff, 0xff, 0xff, 0xff, 0xff, 0xff,
    0xff, 0xff, 0xff, 0xff, 0xff, 0xff, 0xff, 0xff,
    0x90, 0x00, 0x00, 0x00, 0x00, 0x00, 0x00, 0x00,
    0x00, 0x00, 0x00, 0x00, 0x00, 0x00, 0x00, 0x00,
    0x00, 0x00, 0x00, 0x00, 0x00, 0x00, 0x00, 0x00,
    0x00, 0x00, 0x00, 0x00, 0x00, 0x00, 0x00, 0x00,
    0x00, 0x00, 0x00, 0x00, 0x00, 0x00, 0x00, 0x00,
    0x00, 0x00, 0x00, 0x00, 0x00, 0x00, 0x00, 0x00,
    0x00, 0x00, 0x00, 0x00, 0x00, 0x00, 0x00, 0x00,
    0x00, 0x00, 0x00, 0x00, 0x00, 0x00, 0x00, 0x00,
    0x00, 0x00, 0x00, 0x00, 0x00, 0x00, 0x00, 0x00,
    0x00, 0x00, 0x00, 0x00, 0x00, 0x00, 0x00, 0x00,
    0x00, 0x00, 0x00, 0x00, 0x00, 0x00, 0x00, 0x00,
    0x00, 0x00, 0x00, 0x00, 0x00, 0x00, 0x00, 0x00,
    0x00, 0x00, 0x00, 0x00, 0x00, 0x00, 0x00, 0x00,
    0x00, 0x00, 0x00, 0x00, 0x00, 0x00, 0x00, 0x00,
    0x00, 0x00, 0x00, 0x00, 0x00, 0x00, 0x00, 0x00,
    0x00, 0x00, 0x00, 0x00, 0x00, 0x00, 0x00, 0x00,
    0x00, 0x00, 0x00, 0x00, 0x00, 0x00, 0x00, 0x00,
    0x00, 0x00, 0x00, 0x00, 0x00, 0x00, 0x00, 0x00,
    0x00, 0x00, 0x00, 0x00, 0x00, 0x00, 0x00, 0x00,
    0x00, 0x00, 0x00, 0x00, 0x00, 0x00, 0x00, 0x00,
    0x00, 0x00, 0x00, 0x00, 0x00, 0x00, 0x00, 0x00,
    0x00, 0x00, 0x00, 0x00, 0x00, 0x00, 0x00, 0x00,
    0x00, 0x00, 0x00, 0x00, 0x00, 0x00, 0x00, 0x00,
    0x00, 0x00, 0x00, 0x00, 0x00, 0x00, 0x00, 0x00,
    0x00, 0x00, 0x00, 0x00, 0x00, 0x00, 0x00, 0x00,
    0x00, 0x00, 0x00, 0x00, 0x00, 0x00, 0x00, 0x00,
    0x00, 0x00, 0x00, 0x00, 0x00, 0x00, 0x00, 0x00,
    0x00, 0x00, 0x00, 0x00, 0x00, 0x00, 0x00, 0x00,
    0x00, 0x00, 0x00, 0x00, 0x00, 0x00, 0x00, 0x00,
    0x00, 0x00, 0x00, 0x00, 0x00, 0x00, 0x00, 0x00,
    0x00, 0x00, 0x00, 0x00, 0x00, 0x00, 0x00, 0x00,
    0x00, 0x00, 0x00, 0x00, 0x00, 0x00, 0x00, 0x00,
    0x00, 0x00, 0x00, 0x00, 0x00, 0x00, 0x00, 0x00,
    0x00, 0x00, 0x00, 0x00, 0x00, 0x00, 0x00, 0x00,
    0x00, 0x00, 0x00, 0x00, 0x00, 0x00, 0x00, 0x00,
    0x00, 0x00, 0x00, 0x00, 0x00, 0x00, 0x00, 0x00,
    0x00, 0x00, 0x00, 0x00, 0x00, 0x00, 0x00, 0x00,
    0x00, 0x00, 0x00, 0x00, 0x00, 0x00, 0x00, 0x00,
    0x00, 0x00, 0x00, 0x00, 0x00, 0x00, 0x00, 0x00,
    0x00, 0x00, 0x00, 0x00, 0x00, 0x00, 0x00, 0x00,
    0x00, 0x00, 0x00, 0x00, 0x00, 0x00, 0x00, 0x00,
    0x00, 0x00, 0x00, 0x00, 0x00, 0x00, 0x00, 0x00,
    0x00, 0x00, 0x00, 0x00, 0x00, 0x00, 0x00, 0x00,
    0x46, 0x66, 0x66, 0x66, 0x66, 0x66, 0x66, 0x66,
    0x66, 0x66, 0x66, 0x66, 0x66, 0x66, 0x66, 0x66,
    0x66, 0x66, 0xbf, 0xff, 0xff, 0xff, 0xff, 0xff,
    0xff, 0xff, 0xff, 0xff, 0xff, 0xff, 0xff, 0xff,
    0xff, 0xff, 0xff, 0xfe, 0xbf, 0xff, 0xff, 0xff,
    0xff, 0xff, 0xff, 0xff, 0xff, 0xff, 0xff, 0xff,
    0xff, 0xff, 0xff, 0xff, 0xff, 0xfe, 0xbf, 0xff,
    0xff, 0xff, 0xff, 0xff, 0xff, 0xff, 0xff, 0xff,
    0xff, 0xff, 0xff, 0xff, 0xff, 0xff, 0xff, 0xfe,
    0xae, 0xee, 0xee, 0xee, 0xee, 0xee, 0xee, 0xee,
    0xee, 0xee, 0xee, 0xee, 0xee, 0xee, 0xee, 0xee,
    0xee, 0xed,

    /* U+4E8E "于" */
    0x00, 0x04, 0xdd, 0xdd, 0xdd, 0xdd, 0xdd, 0xdd,
    0xdd, 0xdd, 0xdd, 0xdd, 0xdd, 0xdd, 0xdd, 0xdd,
    0xdc, 0x00, 0x00, 0x00, 0x5f, 0xff, 0xff, 0xff,
    0xff, 0xff, 0xff, 0xff, 0xff, 0xff, 0xff, 0xff,
    0xff, 0xff, 0xff, 0xf0, 0x00, 0x00, 0x05, 0xff,
    0xff, 0xff, 0xff, 0xff, 0xff, 0xff, 0xff, 0xff,
    0xff, 0xff, 0xff, 0xff, 0xff, 0xff, 0x00, 0x00,
    0x00, 0x5f, 0xff, 0xff, 0xff, 0xff, 0xff, 0xff,
    0xff, 0xff, 0xff, 0xff, 0xff, 0xff, 0xff, 0xff,
    0xe0, 0x00, 0x00, 0x00, 0x00, 0x00, 0x00, 0x00,
    0x00, 0x00, 0x0d, 0xff, 0xf3, 0x00, 0x00, 0x00,
    0x00, 0x00, 0x00, 0x00, 0x00, 0x00, 0x00, 0x00,
    0x00, 0x00, 0x00, 0x00, 0x00, 0xdf, 0xff, 0x30,
    0x00, 0x00, 0x00, 0x00, 0x00, 0x00, 0x00, 0x00,
    0x00, 0x00, 0x00, 0x00, 0x00, 0x00, 0x00, 0x0d,
    0xff, 0xf3, 0x00, 0x00, 0x00, 0x00, 0x00, 0x00,
    0x00, 0x00, 0x00, 0x00, 0x00, 0x00, 0x00, 0x00,
    0x00, 0x00, 0xdf, 0xff, 0x30, 0x00, 0x00, 0x00,
    0x00, 0x00, 0x00, 0x00, 0x00, 0x00, 0x00, 0x00,
    0x00, 0x00, 0x00, 0x00, 0x0d, 0xff, 0xf3, 0x00,
    0x00, 0x00, 0x00, 0x00, 0x00, 0x00, 0x00, 0x00,
    0x00, 0x00, 0x00, 0x00, 0x00, 0x00, 0x00, 0xdf,
    0xff, 0x30, 0x00, 0x00, 0x00, 0x00, 0x00, 0x00,
    0x00, 0x00, 0x00, 0x00, 0x00, 0x00, 0x00, 0x00,
    0x00, 0x0d, 0xff, 0xf3, 0x00, 0x00, 0x00, 0x00,
    0x00, 0x00, 0x00, 0x00, 0x00, 0x00, 0x00, 0x00,
    0x00, 0x00, 0x00, 0x00, 0xdf, 0xff, 0x30, 0x00,
    0x00, 0x00, 0x00, 0x00, 0x00, 0x00, 0x00, 0x00,
    0x00, 0x00, 0x00, 0x00, 0x00, 0x00, 0x0d, 0xff,
    0xf3, 0x00, 0x00, 0x00, 0x00, 0x00, 0x00, 0x00,
    0x01, 0xff, 0xff, 0xff, 0xff, 0xff, 0xff, 0xff,
    0xff, 0xff, 0xff, 0xff, 0xff, 0xff, 0xff, 0xff,
    0xff, 0xff, 0xfb, 0x1f, 0xff, 0xff, 0xff, 0xff,
    0xff, 0xff, 0xff, 0xff, 0xff, 0xff, 0xff, 0xff,
    0xff, 0xff, 0xff, 0xff, 0xff, 0xb1, 0xff, 0xff,
    0xff, 0xff, 0xff, 0xff, 0xff, 0xff, 0xff, 0xff,
    0xff, 0xff, 0xff, 0xff, 0xff, 0xff, 0xff, 0xfb,
    0x1c, 0xcc, 0xcc, 0xcc, 0xcc, 0xcc, 0xcc, 0xcc,
    0xcf, 0xff, 0xfd, 0xcc, 0xcc, 0xcc, 0xcc, 0xcc,
    0xcc, 0xcc, 0x80, 0x00, 0x00, 0x00, 0x00, 0x00,
    0x00, 0x00, 0x00, 0xdf, 0xff, 0x30, 0x00, 0x00,
    0x00, 0x00, 0x00, 0x00, 0x00, 0x00, 0x00, 0x00,
    0x00, 0x00, 0x00, 0x00, 0x00, 0x0d, 0xff, 0xf3,
    0x00, 0x00, 0x00, 0x00, 0x00, 0x00, 0x00, 0x00,
    0x00, 0x00, 0x00, 0x00, 0x00, 0x00, 0x00, 0x00,
    0xdf, 0xff, 0x30, 0x00, 0x00, 0x00, 0x00, 0x00,
    0x00, 0x00, 0x00, 0x00, 0x00, 0x00, 0x00, 0x00,
    0x00, 0x00, 0x0d, 0xff, 0xf3, 0x00, 0x00, 0x00,
    0x00, 0x00, 0x00, 0x00, 0x00, 0x00, 0x00, 0x00,
    0x00, 0x00, 0x00, 0x00, 0x00, 0xdf, 0xff, 0x30,
    0x00, 0x00, 0x00, 0x00, 0x00, 0x00, 0x00, 0x00,
    0x00, 0x00, 0x00, 0x00, 0x00, 0x00, 0x00, 0x0d,
    0xff, 0xf3, 0x00, 0x00, 0x00, 0x00, 0x00, 0x00,
    0x00, 0x00, 0x00, 0x00, 0x00, 0x00, 0x00, 0x00,
    0x00, 0x00, 0xdf, 0xff, 0x30, 0x00, 0x00, 0x00,
    0x00, 0x00, 0x00, 0x00, 0x00, 0x00, 0x00, 0x00,
    0x00, 0x00, 0x00, 0x00, 0x0d, 0xff, 0xf3, 0x00,
    0x00, 0x00, 0x00, 0x00, 0x00, 0x00, 0x00, 0x00,
    0x00, 0x00, 0x00, 0x00, 0x00, 0x00, 0x00, 0xdf,
    0xff, 0x30, 0x00, 0x00, 0x00, 0x00, 0x00, 0x00,
    0x00, 0x00, 0x00, 0x00, 0x00, 0x00, 0x00, 0x00,
    0x00, 0x0d, 0xff, 0xf3, 0x00, 0x00, 0x00, 0x00,
    0x00, 0x00, 0x00, 0x00, 0x00, 0x00, 0x00, 0x00,
    0x00, 0x00, 0x00, 0x00, 0xdf, 0xff, 0x30, 0x00,
    0x00, 0x00, 0x00, 0x00, 0x00, 0x00, 0x00, 0x00,
    0x00, 0x00, 0x00, 0x00, 0x00, 0x00, 0x0d, 0xff,
    0xf3, 0x00, 0x00, 0x00, 0x00, 0x00, 0x00, 0x00,
    0x00, 0x00, 0x00, 0x00, 0x00, 0x00, 0x00, 0x00,
    0x00, 0xef, 0xff, 0x20, 0x00, 0x00, 0x00, 0x00,
    0x00, 0x00, 0x00, 0x00, 0x00, 0x00, 0x00, 0x0c,
    0xdd, 0xdd, 0xdd, 0xef, 0xff, 0xf1, 0x00, 0x00,
    0x00, 0x00, 0x00, 0x00, 0x00, 0x00, 0x00, 0x00,
    0x00, 0x00, 0x8f, 0xff, 0xff, 0xff, 0xff, 0xfd,
    0x00, 0x00, 0x00, 0x00, 0x00, 0x00, 0x00, 0x00,
    0x00, 0x00, 0x00, 0x00, 0x02, 0xff, 0xff, 0xff,
    0xff, 0xff, 0x40, 0x00, 0x00, 0x00, 0x00, 0x00,
    0x00, 0x00, 0x00, 0x00, 0x00, 0x00, 0x00, 0x0c,
    0xff, 0xff, 0xfe, 0xc8, 0x20, 0x00, 0x00, 0x00,
    0x00, 0x00, 0x00, 0x00, 0x00, 0x00, 0x00, 0x00,
    0x00, 0x00, 0x11, 0x11, 0x00, 0x00, 0x00, 0x00,
    0x00, 0x00, 0x00, 0x00, 0x00, 0x00, 0x00, 0x00,

    /* U+4E91 "云" */
    0x00, 0x00, 0x5d, 0xdd, 0xdd, 0xdd, 0xdd, 0xdd,
    0xdd, 0xdd, 0xdd, 0xdd, 0xdd, 0xdd, 0xdd, 0xda,
    0x00, 0x00, 0x00, 0x00, 0x7f, 0xff, 0xff, 0xff,
    0xff, 0xff, 0xff, 0xff, 0xff, 0xff, 0xff, 0xff,
    0xff, 0xfc, 0x00, 0x00, 0x00, 0x00, 0x7f, 0xff,
    0xff, 0xff, 0xff, 0xff, 0xff, 0xff, 0xff, 0xff,
    0xff, 0xff, 0xff, 0xfc, 0x00, 0x00, 0x00, 0x00,
    0x7f, 0xff, 0xff, 0xff, 0xff, 0xff, 0xff, 0xff,
    0xff, 0xff, 0xff, 0xff, 0xff, 0xfc, 0x00, 0x00,
    0x00, 0x00, 0x00, 0x00, 0x00, 0x00, 0x00, 0x00,
    0x00, 0x00, 0x00, 0x00, 0x00, 0x00, 0x00, 0x00,
    0x00, 0x00, 0x00, 0x00, 0x00, 0x00, 0x00, 0x00,
    0x00, 0x00, 0x00, 0x00, 0x00, 0x00, 0x00, 0x00,
    0x00, 0x00, 0x00, 0x00, 0x00, 0x00, 0x00, 0x00,
    0x00, 0x00, 0x00, 0x00, 0x00, 0x00, 0x00, 0x00,
    0x00, 0x00, 0x00, 0x00, 0x00, 0x00, 0x00, 0x00,
    0x00, 0x00, 0x00, 0x00, 0x00, 0x00, 0x00, 0x00,
    0x00, 0x00, 0x00, 0x00, 0x00, 0x00, 0x00, 0x00,
    0x00, 0x00, 0x00, 0x00, 0x00, 0x00, 0x00, 0x00,
    0x00, 0x00, 0x00, 0x00, 0x00, 0x00, 0x00, 0x00,
    0x00, 0x00, 0x00, 0x00, 0x00, 0x00, 0x00, 0x00,
    0x00, 0x00, 0x00, 0x00, 0x00, 0x00, 0x00, 0x00,
    0x00, 0x00, 0x00, 0x00, 0x00, 0x00, 0x00, 0x00,
    0x00, 0x00, 0x00, 0x00, 0x00, 0x00, 0x00, 0x00,
    0x00, 0x00, 0x00, 0x00, 0x00, 0x00, 0xbc, 0xcc,
    0xcc, 0xcc, 0xcc, 0xcc, 0xcc, 0xcc, 0xcc, 0xcc,
    0xcc, 0xcc, 0xcc, 0xcc, 0xcc, 0xcc, 0xcc, 0xcb,
    0xef, 0xff, 0xff, 0xff, 0xff, 0xff, 0xff, 0xff,
    0xff, 0xff, 0xff, 0xff, 0xff, 0xff, 0xff, 0xff,
    0xff, 0xff, 0xef, 0xff, 0xff, 0xff, 0xff, 0xff,
    0xff, 0xff, 0xff, 0xff, 0xff, 0xff, 0xff, 0xff,
    0xff, 0xff, 0xff, 0xff, 0xef, 0xff, 0xff, 0xff,
    0xff, 0xff, 0xff, 0xff, 0xff, 0xff, 0xff, 0xff,
    0xff, 0xff, 0xff, 0xff, 0xff, 0xff, 0x11, 0x11,
    0x11, 0x11, 0x11, 0x16, 0xff, 0xff, 0xe2, 0x11,
    0x11, 0x11, 0x11, 0x11, 0x11, 0x11, 0x11, 0x11,
    0x00, 0x00, 0x00, 0x00, 0x00, 0x0d, 0xff, 0xff,
    0x60, 0x00, 0x00, 0x00, 0x00, 0x00, 0x00, 0x00,
    0x00, 0x00, 0x00, 0x00, 0x00, 0x00, 0x00, 0x6f,
    0xff, 0xfd, 0x00, 0x00, 0x00, 0x00, 0x00, 0x00,
    0x00, 0x00, 0x00, 0x00, 0x00, 0x00, 0x00, 0x00,
    0x00, 0xef, 0xff, 0xf3, 0x00, 0x00, 0x00, 0x00,
    0x2a, 0x30, 0x00, 0x00, 0x00, 0x00, 0x00, 0x00,
    0x00, 0x00, 0x08, 0xff, 0xff, 0x90, 0x00, 0x00,
    0x00, 0x19, 0xff, 0xd0, 0x00, 0x00, 0x00, 0x00,
    0x00, 0x00, 0x00, 0x00, 0x2f, 0xff, 0xfe, 0x10,
    0x00, 0x00, 0x00, 0x2f, 0xff, 0xfa, 0x00, 0x00,
    0x00, 0x00, 0x00, 0x00, 0x00, 0x00, 0xcf, 0xff,
    0xf4, 0x00, 0x00, 0x00, 0x00, 0x06, 0xff, 0xff,
    0x50, 0x00, 0x00, 0x00, 0x00, 0x00, 0x00, 0x07,
    0xff, 0xff, 0x90, 0x00, 0x00, 0x00, 0x00, 0x00,
    0xbf, 0xff, 0xf1, 0x00, 0x00, 0x00, 0x00, 0x00,
    0x00, 0x2f, 0xff, 0xfd, 0x00, 0x00, 0x00, 0x00,
    0x00, 0x00, 0x1f, 0xff, 0xfb, 0x00, 0x00, 0x00,
    0x00, 0x00, 0x00, 0xdf, 0xff, 0xf3, 0x00, 0x00,
    0x00, 0x00, 0x00, 0x00, 0x06, 0xff, 0xff, 0x60,
    0x00, 0x00, 0x00, 0x00, 0x0a, 0xff, 0xff, 0x60,
    0x00, 0x00, 0x00, 0x00, 0x00, 0x00, 0x00, 0xbf,
    0xff, 0xf2, 0x00, 0x00, 0x00, 0x00, 0x7f, 0xff,
    0xfa, 0x00, 0x00, 0x00, 0x00, 0x00, 0x02, 0x34,
    0x56, 0x9f, 0xff, 0xfc, 0x00, 0x00, 0x00, 0x06,
    0xff, 0xff, 0xe5, 0x56, 0x89, 0xab, 0xcd, 0xef,
    0xff, 0xff, 0xff, 0xff, 0xff, 0xff, 0x60, 0x00,
    0x00, 0x9f, 0xff, 0xff, 0xff, 0xff, 0xff, 0xff,
    0xff, 0xff, 0xff, 0xff, 0xff, 0xff, 0xff, 0xff,
    0xf1, 0x00, 0x00, 0x8f, 0xff, 0xff, 0xff, 0xff,
    0xff, 0xff, 0xff, 0xff, 0xff, 0xff, 0xff, 0xff,
    0xff, 0xff, 0xfb, 0x00, 0x00, 0x2f, 0xff, 0xff,
    0xff, 0xff, 0xff, 0xff, 0xff, 0xfe, 0xcb, 0xa8,
    0x76, 0x43, 0x29, 0xff, 0xff, 0x40, 0x00, 0x0d,
    0xff, 0xff, 0xdc, 0xa9, 0x86, 0x53, 0x20, 0x00,
    0x00, 0x00, 0x00, 0x00, 0x00, 0xef, 0xff, 0xd0,
    0x00, 0x05, 0x63, 0x10, 0x00, 0x00, 0x00, 0x00,
    0x00, 0x00, 0x00, 0x00, 0x00, 0x00, 0x00, 0x6f,
    0xff, 0x90, 0x00, 0x00, 0x00, 0x00, 0x00, 0x00,
    0x00, 0x00, 0x00, 0x00, 0x00, 0x00, 0x00, 0x00,
    0x00, 0x0d, 0xc2, 0x00, 0x00, 0x00, 0x00, 0x00,
    0x00, 0x00, 0x00, 0x00, 0x00, 0x00, 0x00, 0x00,
    0x00, 0x00, 0x00, 0x01, 0x00, 0x00,

    /* U+4E94 "五" */
    0x00, 0x4c, 0xcc, 0xcc, 0xcc, 0xcc, 0xcc, 0xcc,
    0xcc, 0xcc, 0xcc, 0xcc, 0xcc, 0xcc, 0xcc, 0xcc,
    0xc2, 0x00, 0x00, 0x5f, 0xff, 0xff, 0xff, 0xff,
    0xff, 0xff, 0xff, 0xff, 0xff, 0xff, 0xff, 0xff,
    0xff, 0xff, 0xf3, 0x00, 0x00, 0x5f, 0xff, 0xff,
    0xff, 0xff, 0xff, 0xff, 0xff, 0xff, 0xff, 0xff,
    0xff, 0xff, 0xff, 0xff, 0xf3, 0x00, 0x00, 0x5f,
    0xff, 0xff, 0xff, 0xff, 0xff, 0xff, 0xff, 0xff,
    0xff, 0xff, 0xff, 0xff, 0xff, 0xff, 0xf3, 0x00,
    0x00, 0x00, 0x00, 0x00, 0x00, 0x00, 0x04, 0xff,
    0xfe, 0x00, 0x00, 0x00, 0x00, 0x00, 0x00, 0x00,
    0x00, 0x00, 0x00, 0x00, 0x00, 0x00, 0x00, 0x00,
    0x06, 0xff, 0xfc, 0x00, 0x00, 0x00, 0x00, 0x00,
    0x00, 0x00, 0x00, 0x00, 0x00, 0x00, 0x00, 0x00,
    0x00, 0x00, 0x08, 0xff, 0xf9, 0x00, 0x00, 0x00,
    0x00, 0x00, 0x00, 0x00, 0x00, 0x00, 0x00, 0x00,
    0x00, 0x00, 0x00, 0x00, 0x0a, 0xff, 0xf7, 0x00,
    0x00, 0x00, 0x00, 0x00, 0x00, 0x00, 0x00, 0x00,
    0x00, 0x00, 0x00, 0x00, 0x00, 0x00, 0x0d, 0xff,
    0xf4, 0x00, 0x00, 0x00, 0x00, 0x00, 0x00, 0x00,
    0x00, 0x00, 0x00, 0x00, 0x00, 0x00, 0x00, 0x00,
    0x0f, 0xff, 0xf2, 0x00, 0x00, 0x00, 0x00, 0x00,
    0x00, 0x00, 0x00, 0x00, 0x00, 0x00, 0x00, 0x00,
    0x00, 0x00, 0x1f, 0xff, 0xf0, 0x00, 0x00, 0x00,
    0x00, 0x00, 0x00, 0x00, 0x00, 0x00, 0x00, 0x00,
    0x19, 0x99, 0x99, 0x99, 0xaf, 0xff, 0xf9, 0x99,
    0x99, 0x99, 0x9a, 0xba, 0x92, 0x00, 0x00, 0x00,
    0x00, 0x00, 0x2f, 0xff, 0xff, 0xff, 0xff, 0xff,
    0xff, 0xff, 0xff, 0xff, 0xff, 0xff, 0xf4, 0x00,
    0x00, 0x00, 0x00, 0x00, 0x2f, 0xff, 0xff, 0xff,
    0xff, 0xff, 0xff, 0xff, 0xff, 0xff, 0xff, 0xff,
    0xf3, 0x00, 0x00, 0x00, 0x00, 0x00, 0x2f, 0xff,
    0xff, 0xff, 0xff, 0xff, 0xff, 0xff, 0xff, 0xff,
    0xff, 0xff, 0xf2, 0x00, 0x00, 0x00, 0x00, 0x00,
    0x02, 0x22, 0x22, 0x22, 0xff, 0xff, 0x42, 0x22,
    0x22, 0x22, 0x2f, 0xff, 0xf1, 0x00, 0x00, 0x00,
    0x00, 0x00, 0x00, 0x00, 0x00, 0x01, 0xff, 0xff,
    0x00, 0x00, 0x00, 0x00, 0x0f, 0xff, 0xf0, 0x00,
    0x00, 0x00, 0x00, 0x00, 0x00, 0x00, 0x00, 0x03,
    0xff, 0xfd, 0x00, 0x00, 0x00, 0x00, 0x1f, 0xff,
    0xe0, 0x00, 0x00, 0x00, 0x00, 0x00, 0x00, 0x00,
    0x00, 0x06, 0xff, 0xfa, 0x00, 0x00, 0x00, 0x00,
    0x3f, 0xff, 0xd0, 0x00, 0x00, 0x00, 0x00, 0x00,
    0x00, 0x00, 0x00, 0x09, 0xff, 0xf8, 0x00, 0x00,
    0x00, 0x00, 0x4f, 0xff, 0xc0, 0x00, 0x00, 0x00,
    0x00, 0x00, 0x00, 0x00, 0x00, 0x0c, 0xff, 0xf5,
    0x00, 0x00, 0x00, 0x00, 0x5f, 0xff, 0xa0, 0x00,
    0x00, 0x00, 0x00, 0x00, 0x00, 0x00, 0x00, 0x0f,
    0xff, 0xf2, 0x00, 0x00, 0x00, 0x00, 0x7f, 0xff,
    0x90, 0x00, 0x00, 0x00, 0x00, 0x00, 0x00, 0x00,
    0x00, 0x2f, 0xff, 0xf0, 0x00, 0x00, 0x00, 0x00,
    0x9f, 0xff, 0x70, 0x00, 0x00, 0x00, 0x00, 0x00,
    0x00, 0x00, 0x00, 0x5f, 0xff, 0xc0, 0x00, 0x00,
    0x00, 0x00, 0xaf, 0xff, 0x50, 0x00, 0x00, 0x00,
    0x00, 0x00, 0x00, 0x00, 0x00, 0x8f, 0xff, 0x90,
    0x00, 0x00, 0x00, 0x00, 0xcf, 0xff, 0x40, 0x00,
    0x00, 0x00, 0x00, 0x00, 0x00, 0x00, 0x00, 0xbf,
    0xff, 0x60, 0x00, 0x00, 0x00, 0x00, 0xdf, 0xff,
    0x20, 0x00, 0x00, 0x00, 0x00, 0x00, 0x00, 0x00,
    0x00, 0xef, 0xff, 0x30, 0x00, 0x00, 0x00, 0x00,
    0xff, 0xff, 0x00, 0x00, 0x00, 0x00, 0x45, 0x55,
    0x55, 0x55, 0x56, 0xff, 0xff, 0x55, 0x55, 0x55,
    0x55, 0x55, 0xff, 0xff, 0x55, 0x55, 0x55, 0x54,
    0xcf, 0xff, 0xff, 0xff, 0xff, 0xff, 0xff, 0xff,
    0xff, 0xff, 0xff, 0xff, 0xff, 0xff, 0xff, 0xff,
    0xff, 0xfe, 0xcf, 0xff, 0xff, 0xff, 0xff, 0xff,
    0xff, 0xff, 0xff, 0xff, 0xff, 0xff, 0xff, 0xff,
    0xff, 0xff, 0xff, 0xfe, 0xcf, 0xff, 0xff, 0xff,
    0xff, 0xff, 0xff, 0xff, 0xff, 0xff, 0xff, 0xff,
    0xff, 0xff, 0xff, 0xff, 0xff, 0xfe, 0x56, 0x66,
    0x66, 0x66, 0x66, 0x66, 0x66, 0x66, 0x66, 0x66,
    0x66, 0x66, 0x66, 0x66, 0x66, 0x66, 0x66, 0x66,

    /* U+4EAE "亮" */
    0x00, 0x00, 0x00, 0x00, 0x00, 0x00, 0x00, 0x04,
    0x8b, 0xe2, 0x00, 0x00, 0x00, 0x00, 0x00, 0x00,
    0x00, 0x00, 0x00, 0x00, 0x00, 0x00, 0x00, 0x00,
    0x00, 0x09, 0xff, 0xfb, 0x00, 0x00, 0x00, 0x00,
    0x00, 0x00, 0x00, 0x00, 0x00, 0x00, 0x00, 0x00,
    0x00, 0x00, 0x00, 0x02, 0xff, 0xff, 0x30, 0x00,
    0x00, 0x00, 0x00, 0x00, 0x00, 0x00, 0x33, 0x33,
    0x33, 0x33, 0x33, 0x33, 0x33, 0x33, 0xcf, 0xff,
    0xb3, 0x33, 0x33, 0x33, 0x33, 0x33, 0x33, 0x32,
    0xef, 0xff, 0xff, 0xff, 0xff, 0xff, 0xff, 0xff,
    0xff, 0xff, 0xff, 0xff, 0xff, 0xff, 0xff, 0xff,
    0xff, 0xfa, 0xef, 0xff, 0xff, 0xff, 0xff, 0xff,
    0xff, 0xff, 0xff, 0xff, 0xff, 0xff, 0xff, 0xff,
    0xff, 0xff, 0xff, 0xfa, 0xef, 0xff, 0xff, 0xff,
    0xff, 0xff, 0xff, 0xff, 0xff, 0xff, 0xff, 0xff,
    0xff, 0xff, 0xff, 0xff, 0xff, 0xf9, 0x00, 0x00,
    0x00, 0x00, 0x00, 0x00, 0x00, 0x00, 0x00, 0x00,
    0x00, 0x00, 0x00, 0x00, 0x00, 0x00, 0x00, 0x00,
    0x00, 0x00, 0x00, 0x00, 0x00, 0x00, 0x00, 0x00,
    0x00, 0x00, 0x00, 0x00, 0x00, 0x00, 0x00, 0x00,
    0x00, 0x00, 0x00, 0x00, 0x03, 0xff, 0xff, 0xff,
    0xff, 0xff, 0xff, 0xff, 0xff, 0xff, 0xff, 0xff,
    0xff, 0x50, 0x00, 0x00, 0x00, 0x00, 0x03, 0xff,
    0xff, 0xff, 0xff, 0xff, 0xff, 0xff, 0xff, 0xff,
    0xff, 0xff, 0xff, 0x50, 0x00, 0x00, 0x00, 0x00,
    0x03, 0xff, 0xfd, 0x88, 0x88, 0x88, 0x88, 0x88,
    0x88, 0x88, 0x88, 0xdf, 0xff, 0x50, 0x00, 0x00,
    0x00, 0x00, 0x03, 0xff, 0xf9, 0x00, 0x00, 0x00,
    0x00, 0x00, 0x00, 0x00, 0x00, 0x9f, 0xff, 0x50,
    0x00, 0x00, 0x00, 0x00, 0x03, 0xff, 0xf9, 0x00,
    0x00, 0x00, 0x00, 0x00, 0x00, 0x00, 0x00, 0x9f,
    0xff, 0x50, 0x00, 0x00, 0x00, 0x00, 0x03, 0xff,
    0xfd, 0xaa, 0xaa, 0xaa, 0xaa, 0xaa, 0xaa, 0xaa,
    0xaa, 0xdf, 0xff, 0x50, 0x00, 0x00, 0x00, 0x00,
    0x03, 0xff, 0xff, 0xff, 0xff, 0xff, 0xff, 0xff,
    0xff, 0xff, 0xff, 0xff, 0xff, 0x50, 0x00, 0x00,
    0x00, 0x00, 0x03, 0xff, 0xff, 0xff, 0xff, 0xff,
    0xff, 0xff, 0xff, 0xff, 0xff, 0xff, 0xff, 0x40,
    0x00, 0x00, 0x00, 0x00, 0x00, 0x00, 0x00, 0x00,
    0x00, 0x00, 0x00, 0x00, 0x00, 0x00, 0x00, 0x00,
    0x00, 0x00, 0x00, 0x00, 0x00, 0x00, 0x00, 0x00,
    0x00, 0x00, 0x00, 0x00, 0x00, 0x00, 0x00, 0x00,
    0x00, 0x00, 0x00, 0x00, 0x00, 0x00, 0x4e, 0xee,
    0xee, 0xee, 0xee, 0xee, 0xee, 0xee, 0xee, 0xee,
    0xee, 0xee, 0xee, 0xee, 0xee, 0xee, 0xee, 0xe0,
    0x5f, 0xff, 0xff, 0xff, 0xff, 0xff, 0xff, 0xff,
    0xff, 0xff, 0xff, 0xff, 0xff, 0xff, 0xff, 0xff,
    0xff, 0xf0, 0x5f, 0xff, 0xff, 0xff, 0xff, 0xff,
    0xff, 0xff, 0xff, 0xff, 0xff, 0xff, 0xff, 0xff,
    0xff, 0xff, 0xff, 0xf0, 0x5f, 0xff, 0x50, 0x00,
    0x00, 0x00, 0x00, 0x00, 0x00, 0x00, 0x00, 0x00,
    0x00, 0x00, 0x00, 0x0a, 0xff, 0xf0, 0x5f, 0xff,
    0x40, 0x00, 0x00, 0x00, 0x00, 0x00, 0x00, 0x00,
    0x00, 0x00, 0x00, 0x00, 0x00, 0x0a, 0xff, 0xf0,
    0x5f, 0xff, 0x40, 0x00, 0x04, 0xdf, 0xfe, 0xdd,
    0xdd, 0xdd, 0xdd, 0xff, 0xfd, 0x20, 0x00, 0x0a,
    0xff, 0xf0, 0x5f, 0xff, 0x40, 0x00, 0x06, 0xff,
    0xff, 0xff, 0xff, 0xff, 0xff, 0xff, 0xff, 0x30,
    0x00, 0x0a, 0xff, 0xf0, 0x13, 0x33, 0x10, 0x00,
    0x08, 0xff, 0xff, 0xff, 0xff, 0xff, 0xff, 0xff,
    0xff, 0x30, 0x00, 0x02, 0x33, 0x30, 0x00, 0x00,
    0x00, 0x00, 0x0a, 0xff, 0xf8, 0x44, 0x44, 0x44,
    0x44, 0xdf, 0xff, 0x30, 0x00, 0x00, 0x00, 0x00,
    0x00, 0x00, 0x00, 0x00, 0x0e, 0xff, 0xf2, 0x00,
    0x00, 0x00, 0x00, 0xcf, 0xff, 0x30, 0x00, 0x00,
    0x00, 0x00, 0x00, 0x00, 0x00, 0x00, 0x3f, 0xff,
    0xe0, 0x00, 0x00, 0x00, 0x00, 0xcf, 0xff, 0x30,
    0x00, 0x00, 0x73, 0x00, 0x00, 0x00, 0x00, 0x00,
    0xcf, 0xff, 0x90, 0x00, 0x00, 0x00, 0x00, 0xcf,
    0xff, 0x30, 0x00, 0x00, 0xbf, 0xc5, 0x00, 0x00,
    0x00, 0x08, 0xff, 0xff, 0x20, 0x00, 0x00, 0x00,
    0x00, 0xcf, 0xff, 0x30, 0x00, 0x00, 0xcf, 0xf9,
    0x00, 0x00, 0x03, 0xbf, 0xff, 0xf9, 0x00, 0x00,
    0x00, 0x00, 0x00, 0xcf, 0xff, 0x30, 0x00, 0x00,
    0xef, 0xf7, 0x00, 0x26, 0xcf, 0xff, 0xff, 0xc0,
    0x00, 0x00, 0x00, 0x00, 0x00, 0xbf, 0xff, 0xa6,
    0x66, 0x68, 0xff, 0xf5, 0x8e, 0xff, 0xff, 0xff,
    0xfb, 0x10, 0x00, 0x00, 0x00, 0x00, 0x00, 0x9f,
    0xff, 0xff, 0xff, 0xff, 0xff, 0xf1, 0x2f, 0xff,
    0xff, 0xfd, 0x50, 0x00, 0x00, 0x00, 0x00, 0x00,
    0x00, 0x3f, 0xff, 0xff, 0xff, 0xff, 0xff, 0x80,
    0x07, 0xff, 0xfa, 0x50, 0x00, 0x00, 0x00, 0x00,
    0x00, 0x00, 0x00, 0x03, 0xad, 0xee, 0xee, 0xee,
    0xc7, 0x00, 0x00, 0x74, 0x00, 0x00, 0x00, 0x00,
    0x00, 0x00, 0x00, 0x00, 0x00, 0x00, 0x00, 0x00,
    0x00, 0x00, 0x00, 0x00,

    /* U+4EF6 "件" */
    0x00, 0x00, 0x00, 0x00, 0x06, 0x30, 0x00, 0x00,
    0x00, 0x00, 0x00, 0x04, 0x44, 0x30, 0x00, 0x00,
    0x00, 0x00, 0x00, 0x00, 0x00, 0x00, 0x00, 0x1f,
    0xfe, 0x90, 0x00, 0x00, 0x00, 0x00, 0x0f, 0xff,
    0xc0, 0x00, 0x00, 0x00, 0x00, 0x00, 0x00, 0x00,
    0x00, 0x00, 0x7f, 0xff, 0x80, 0x00, 0x96, 0x20,
    0x00, 0x0f, 0xff, 0xc0, 0x00, 0x00, 0x00, 0x00,
    0x00, 0x00, 0x00, 0x00, 0x00, 0xdf, 0xff, 0x20,
    0x02, 0xff, 0xf9, 0x00, 0x0f, 0xff, 0xc0, 0x00,
    0x00, 0x00, 0x00, 0x00, 0x00, 0x00, 0x00, 0x05,
    0xff, 0xfb, 0x00, 0x05, 0xff, 0xf6, 0x00, 0x0f,
    0xff, 0xc0, 0x00, 0x00, 0x00, 0x00, 0x00, 0x00,
    0x00, 0x00, 0x0d, 0xff, 0xf4, 0x00, 0x09, 0xff,
    0xf3, 0x00, 0x0f, 0xff, 0xc0, 0x00, 0x00, 0x00,
    0x00, 0x00, 0x00, 0x00, 0x00, 0x5f, 0xff, 0xd0,
    0x00, 0x0d, 0xff, 0xf0, 0x00, 0x0f, 0xff, 0xc0,
    0x00, 0x00, 0x00, 0x00, 0x00, 0x00, 0x00, 0x00,
    0xdf, 0xff, 0x50, 0x00, 0x1f, 0xff, 0xa0, 0x00,
    0x0f, 0xff, 0xc0, 0x00, 0x00, 0x00, 0x00, 0x00,
    0x00, 0x00, 0x06, 0xff, 0xfd, 0x00, 0x00, 0x6f,
    0xff, 0xec, 0xcc, 0xcf, 0xff, 0xfc, 0xcc, 0xcc,
    0xcc, 0xc7, 0x00, 0x00, 0x00, 0x1e, 0xff, 0xf4,
    0x00, 0x00, 0xbf, 0xff, 0xff, 0xff, 0xff, 0xff,
    0xff, 0xff, 0xff, 0xff, 0xf9, 0x00, 0x00, 0x00,
    0xaf, 0xff, 0xf0, 0x00, 0x01, 0xff, 0xff, 0xff,
    0xff, 0xff, 0xff, 0xff, 0xff, 0xff, 0xff, 0xf9,
    0x00, 0x00, 0x05, 0xff, 0xff, 0xf0, 0x00, 0x07,
    0xff, 0xff, 0xff, 0xff, 0xff, 0xff, 0xff, 0xff,
    0xff, 0xff, 0xf9, 0x00, 0x00, 0x1e, 0xff, 0xff,
    0xf0, 0x00, 0x0e, 0xff, 0xf1, 0x00, 0x00, 0x0f,
    0xff, 0xc0, 0x00, 0x00, 0x00, 0x00, 0x00, 0x00,
    0xbf, 0xff, 0xff, 0xf0, 0x00, 0x6f, 0xff, 0xa0,
    0x00, 0x00, 0x0f, 0xff, 0xc0, 0x00, 0x00, 0x00,
    0x00, 0x00, 0x09, 0xff, 0xff, 0xff, 0xf0, 0x00,
    0xef, 0xff, 0x30, 0x00, 0x00, 0x0f, 0xff, 0xc0,
    0x00, 0x00, 0x00, 0x00, 0x00, 0x7f, 0xff, 0xff,
    0xff, 0xf0, 0x08, 0xff, 0xfb, 0x00, 0x00, 0x00,
    0x0f, 0xff, 0xc0, 0x00, 0x00, 0x00, 0x00, 0x00,
    0x8f, 0xff, 0xdc, 0xff, 0xf0, 0x00, 0x7e, 0xf3,
    0x00, 0x00, 0x00, 0x0f, 0xff, 0xc0, 0x00, 0x00,
    0x00, 0x00, 0x00, 0x0e, 0xff, 0x3b, 0xff, 0xf0,
    0x00, 0x01, 0x60, 0x00, 0x00, 0x00, 0x0f, 0xff,
    0xc0, 0x00, 0x00, 0x00, 0x00, 0x00, 0x06, 0xf5,
    0x0b, 0xff, 0xf0, 0x00, 0x00, 0x00, 0x00, 0x00,
    0x00, 0x0f, 0xff, 0xc0, 0x00, 0x00, 0x00, 0x00,
    0x00, 0x00, 0x60, 0x0b, 0xff, 0xf0, 0x00, 0x00,
    0x00, 0x00, 0x00, 0x00, 0x1f, 0xff, 0xc0, 0x00,
    0x00, 0x00, 0x00, 0x00, 0x00, 0x00, 0x0b, 0xff,
    0xf0, 0x04, 0xff, 0xff, 0xff, 0xff, 0xff, 0xff,
    0xff, 0xff, 0xff, 0xff, 0xff, 0xff, 0xf7, 0x00,
    0x00, 0x0b, 0xff, 0xf0, 0x04, 0xff, 0xff, 0xff,
    0xff, 0xff, 0xff, 0xff, 0xff, 0xff, 0xff, 0xff,
    0xff, 0xf7, 0x00, 0x00, 0x0b, 0xff, 0xf0, 0x04,
    0xff, 0xff, 0xff, 0xff, 0xff, 0xff, 0xff, 0xff,
    0xff, 0xff, 0xff, 0xff, 0xf7, 0x00, 0x00, 0x0b,
    0xff, 0xf0, 0x03, 0xaa, 0xaa, 0xaa, 0xaa, 0xaa,
    0xbf, 0xff, 0xea, 0xaa, 0xaa, 0xaa, 0xaa, 0xa4,
    0x00, 0x00, 0x0b, 0xff, 0xf0, 0x00, 0x00, 0x00,
    0x00, 0x00, 0x00, 0x0f, 0xff, 0xc0, 0x00, 0x00,
    0x00, 0x00, 0x00, 0x00, 0x00, 0x0b, 0xff, 0xf0,
    0x00, 0x00, 0x00, 0x00, 0x00, 0x00, 0x0f, 0xff,
    0xc0, 0x00, 0x00, 0x00, 0x00, 0x00, 0x00, 0x00,
    0x0b, 0xff, 0xf0, 0x00, 0x00, 0x00, 0x00, 0x00,
    0x00, 0x0f, 0xff, 0xc0, 0x00, 0x00, 0x00, 0x00,
    0x00, 0x00, 0x00, 0x0b, 0xff, 0xf0, 0x00, 0x00,
    0x00, 0x00, 0x00, 0x00, 0x0f, 0xff, 0xc0, 0x00,
    0x00, 0x00, 0x00, 0x00, 0x00, 0x00, 0x0b, 0xff,
    0xf0, 0x00, 0x00, 0x00, 0x00, 0x00, 0x00, 0x0f,
    0xff, 0xc0, 0x00, 0x00, 0x00, 0x00, 0x00, 0x00,
    0x00, 0x0b, 0xff, 0xf0, 0x00, 0x00, 0x00, 0x00,
    0x00, 0x00, 0x0f, 0xff, 0xc0, 0x00, 0x00, 0x00,
    0x00, 0x00, 0x00, 0x00, 0x0b, 0xff, 0xf0, 0x00,
    0x00, 0x00, 0x00, 0x00, 0x00, 0x0f, 0xff, 0xc0,
    0x00, 0x00, 0x00, 0x00, 0x00, 0x00, 0x00, 0x0b,
    0xff, 0xf0, 0x00, 0x00, 0x00, 0x00, 0x00, 0x00,
    0x0f, 0xff, 0xc0, 0x00, 0x00, 0x00, 0x00, 0x00,
    0x00, 0x00, 0x0b, 0xff, 0xf0, 0x00, 0x00, 0x00,
    0x00, 0x00, 0x00, 0x0f, 0xff, 0xc0, 0x00, 0x00,
    0x00, 0x00, 0x00, 0x00, 0x00, 0x0b, 0xff, 0xf0,
    0x00, 0x00, 0x00, 0x00, 0x00, 0x00, 0x0f, 0xff,
    0xc0, 0x00, 0x00, 0x00, 0x00, 0x00, 0x00, 0x00,
    0x0b, 0xff, 0xf0, 0x00, 0x00, 0x00, 0x00, 0x00,
    0x00, 0x0f, 0xff, 0xc0, 0x00, 0x00, 0x00, 0x00,
    0x00, 0x00, 0x00, 0x0b, 0xff, 0xf0, 0x00, 0x00,
    0x00, 0x00, 0x00, 0x00, 0x0f, 0xff, 0xc0, 0x00,
    0x00, 0x00, 0x00, 0x00, 0x00, 0x00, 0x0a, 0xff,
    0xe0, 0x00, 0x00, 0x00, 0x00, 0x00, 0x00, 0x0f,
    0xff, 0xc0, 0x00, 0x00, 0x00, 0x00, 0x00,

    /* U+4FCA "俊" */
    0x00, 0x00, 0x00, 0x00, 0x05, 0x30, 0x00, 0x00,
    0x00, 0x00, 0x85, 0x00, 0x00, 0x00, 0x00, 0x00,
    0x00, 0x00, 0x00, 0x00, 0x00, 0x00, 0x00, 0x0f,
    0xfe, 0x90, 0x00, 0x00, 0x07, 0xff, 0xf9, 0x00,
    0x00, 0x00, 0x00, 0x00, 0x00, 0x00, 0x00, 0x00,
    0x00, 0x00, 0x6f, 0xff, 0x90, 0x00, 0x00, 0x3f,
    0xff, 0xf3, 0x00, 0x03, 0xc6, 0x00, 0x00, 0x00,
    0x00, 0x00, 0x00, 0x00, 0x00, 0xcf, 0xff, 0x30,
    0x00, 0x01, 0xef, 0xff, 0x60, 0x00, 0x8f, 0xff,
    0x50, 0x00, 0x00, 0x00, 0x00, 0x00, 0x00, 0x04,
    0xff, 0xfc, 0x00, 0x00, 0x1d, 0xff, 0xf8, 0x00,
    0x00, 0x1e, 0xff, 0xf3, 0x00, 0x00, 0x00, 0x00,
    0x00, 0x00, 0x0c, 0xff, 0xf5, 0x00, 0x00, 0xcf,
    0xff, 0x90, 0x00, 0x00, 0x03, 0xff, 0xfe, 0x20,
    0x00, 0x00, 0x00, 0x00, 0x00, 0x4f, 0xff, 0xd0,
    0x00, 0x0b, 0xff, 0xf9, 0x00, 0x00, 0x00, 0x00,
    0x4f, 0xff, 0xd1, 0x00, 0x00, 0x00, 0x00, 0x00,
    0xcf, 0xff, 0x60, 0x01, 0xcf, 0xff, 0xb4, 0x56,
    0x78, 0x9a, 0xbc, 0xef, 0xff, 0xfb, 0x00, 0x00,
    0x00, 0x00, 0x05, 0xff, 0xfd, 0x00, 0x6e, 0xff,
    0xff, 0xff, 0xff, 0xff, 0xff, 0xff, 0xff, 0xff,
    0xff, 0x80, 0x00, 0x00, 0x00, 0x1e, 0xff, 0xf5,
    0x00, 0xbf, 0xff, 0xff, 0xff, 0xff, 0xff, 0xff,
    0xff, 0xff, 0xff, 0xff, 0xf5, 0x00, 0x00, 0x00,
    0x9f, 0xff, 0xf0, 0x00, 0x6f, 0xff, 0xff, 0xff,
    0xff, 0xec, 0xb9, 0x87, 0x54, 0x24, 0xff, 0xfc,
    0x00, 0x00, 0x04, 0xff, 0xff, 0xf0, 0x00, 0x1f,
    0xc9, 0x75, 0x42, 0x10, 0x00, 0x00, 0x01, 0x60,
    0x00, 0x8f, 0x70, 0x00, 0x00, 0x1e, 0xff, 0xff,
    0xf0, 0x00, 0x00, 0x00, 0x02, 0xe9, 0x30, 0x00,
    0x00, 0x4e, 0xfc, 0x10, 0x01, 0x00, 0x00, 0x00,
    0xcf, 0xff, 0xff, 0xf0, 0x00, 0x00, 0x00, 0x3e,
    0xff, 0xf5, 0x00, 0x00, 0xdf, 0xff, 0xe4, 0x00,
    0x00, 0x00, 0x09, 0xff, 0xff, 0xff, 0xf0, 0x00,
    0x00, 0x05, 0xff, 0xff, 0x90, 0x00, 0x00, 0x09,
    0xff, 0xff, 0x70, 0x00, 0x00, 0x8f, 0xff, 0xff,
    0xff, 0xf0, 0x00, 0x00, 0x8f, 0xff, 0xf8, 0x00,
    0x00, 0x00, 0x00, 0x6f, 0xff, 0xfa, 0x00, 0x00,
    0x9f, 0xff, 0xdb, 0xff, 0xf0, 0x00, 0x1c, 0xff,
    0xff, 0x70, 0x00, 0x00, 0x00, 0x00, 0x03, 0xef,
    0xff, 0xc1, 0x00, 0x1f, 0xff, 0x2b, 0xff, 0xf0,
    0x06, 0xff, 0xff, 0xf5, 0x01, 0xd8, 0x20, 0x00,
    0x00, 0x00, 0x2d, 0xff, 0xfe, 0x20, 0x08, 0xf4,
    0x0b, 0xff, 0xf0, 0x4f, 0xff, 0xfe, 0x30, 0x0b,
    0xff, 0xf5, 0x00, 0x00, 0x00, 0x01, 0xcf, 0xff,
    0xb0, 0x01, 0x60, 0x0b, 0xff, 0xf0, 0x06, 0xff,
    0xc1, 0x00, 0x7f, 0xff, 0xb0, 0x00, 0x00, 0x00,
    0x00, 0x0b, 0xf8, 0x00, 0x00, 0x00, 0x0b, 0xff,
    0xf0, 0x00, 0x79, 0x00, 0x05, 0xff, 0xff, 0x32,
    0x22, 0x22, 0x22, 0x33, 0x00, 0x40, 0x00, 0x00,
    0x00, 0x0b, 0xff, 0xf0, 0x00, 0x00, 0x00, 0x4f,
    0xff, 0xff, 0xff, 0xff, 0xff, 0xff, 0xff, 0xd5,
    0x00, 0x00, 0x00, 0x00, 0x0b, 0xff, 0xf0, 0x00,
    0x00, 0x04, 0xff, 0xff, 0xff, 0xff, 0xff, 0xff,
    0xff, 0xff, 0xfa, 0x00, 0x00, 0x00, 0x00, 0x0b,
    0xff, 0xf0, 0x00, 0x00, 0x5f, 0xff, 0xfe, 0xee,
    0xee, 0xee, 0xee, 0xef, 0xff, 0xf3, 0x00, 0x00,
    0x00, 0x00, 0x0b, 0xff, 0xf0, 0x00, 0x07, 0xff,
    0xff, 0xf5, 0x00, 0x00, 0x00, 0x00, 0xaf, 0xff,
    0xa0, 0x00, 0x00, 0x00, 0x00, 0x0b, 0xff, 0xf0,
    0x01, 0xbf, 0xff, 0xff, 0xff, 0x30, 0x00, 0x00,
    0x06, 0xff, 0xff, 0x10, 0x00, 0x00, 0x00, 0x00,
    0x0b, 0xff, 0xf0, 0x0e, 0xff, 0xff, 0x8f, 0xff,
    0xe2, 0x00, 0x00, 0x5f, 0xff, 0xf5, 0x00, 0x00,
    0x00, 0x00, 0x00, 0x0b, 0xff, 0xf0, 0x03, 0xef,
    0xf4, 0x05, 0xff, 0xfe, 0x30, 0x07, 0xff, 0xff,
    0x80, 0x00, 0x00, 0x00, 0x00, 0x00, 0x0b, 0xff,
    0xf0, 0x00, 0x2b, 0x20, 0x00, 0x6f, 0xff, 0xf7,
    0xaf, 0xff, 0xfa, 0x00, 0x00, 0x00, 0x00, 0x00,
    0x00, 0x0b, 0xff, 0xf0, 0x00, 0x00, 0x00, 0x00,
    0x06, 0xff, 0xff, 0xff, 0xff, 0x90, 0x00, 0x00,
    0x00, 0x00, 0x00, 0x00, 0x0b, 0xff, 0xf0, 0x00,
    0x00, 0x00, 0x00, 0x00, 0x9f, 0xff, 0xff, 0xf9,
    0x00, 0x00, 0x00, 0x00, 0x00, 0x00, 0x00, 0x0b,
    0xff, 0xf0, 0x00, 0x00, 0x00, 0x00, 0x6c, 0xff,
    0xff, 0xff, 0xff, 0xa3, 0x00, 0x00, 0x00, 0x00,
    0x00, 0x00, 0x0b, 0xff, 0xf0, 0x00, 0x00, 0x15,
    0xaf, 0xff, 0xff, 0xff, 0xff, 0xff, 0xff, 0xd8,
    0x30, 0x00, 0x00, 0x00, 0x00, 0x0b, 0xff, 0xf0,
    0x36, 0x9d, 0xff, 0xff, 0xff, 0xff, 0x91, 0x1a,
    0xff, 0xff, 0xff, 0xfe, 0xa7, 0x40, 0x00, 0x00,
    0x0b, 0xff, 0xf0, 0xbf, 0xff, 0xff, 0xff, 0xfd,
    0x71, 0x00, 0x00, 0x29, 0xff, 0xff, 0xff, 0xff,
    0x80, 0x00, 0x00, 0x0b, 0xff, 0xf0, 0x1f, 0xff,
    0xff, 0xd9, 0x30, 0x00, 0x00, 0x00, 0x00, 0x06,
    0xbf, 0xff, 0xfc, 0x00, 0x00, 0x00, 0x0b, 0xff,
    0xf0, 0x08, 0xea, 0x62, 0x00, 0x00, 0x00, 0x00,
    0x00, 0x00, 0x00, 0x01, 0x59, 0xd3, 0x00, 0x00,
    0x00, 0x00, 0x00, 0x00, 0x00, 0x00, 0x00, 0x00,
    0x00, 0x00, 0x00, 0x00, 0x00, 0x00, 0x00, 0x00,
    0x00, 0x00,

    /* U+505C "停" */
    0x00, 0x00, 0x00, 0x00, 0x14, 0x00, 0x00, 0x00,
    0x00, 0x00, 0x00, 0x38, 0xb0, 0x00, 0x00, 0x00,
    0x00, 0x00, 0x00, 0x00, 0x00, 0x00, 0x00, 0x7f,
    0xfa, 0x10, 0x00, 0x00, 0x00, 0x09, 0xff, 0xf7,
    0x00, 0x00, 0x00, 0x00, 0x00, 0x00, 0x00, 0x00,
    0x00, 0x00, 0xdf, 0xfe, 0x00, 0x00, 0x00, 0x00,
    0x01, 0xff, 0xff, 0x10, 0x00, 0x00, 0x00, 0x00,
    0x00, 0x00, 0x00, 0x00, 0x03, 0xff, 0xf9, 0x33,
    0x33, 0x33, 0x33, 0x33, 0xbf, 0xff, 0x93, 0x33,
    0x33, 0x33, 0x33, 0x30, 0x00, 0x00, 0x00, 0x0a,
    0xff, 0xf5, 0xff, 0xff, 0xff, 0xff, 0xff, 0xff,
    0xff, 0xff, 0xff, 0xff, 0xff, 0xff, 0xf2, 0x00,
    0x00, 0x00, 0x2f, 0xff, 0xb2, 0xff, 0xff, 0xff,
    0xff, 0xff, 0xff, 0xff, 0xff, 0xff, 0xff, 0xff,
    0xff, 0xf2, 0x00, 0x00, 0x00, 0x9f, 0xff, 0x42,
    0xff, 0xff, 0xff, 0xff, 0xff, 0xff, 0xff, 0xff,
    0xff, 0xff, 0xff, 0xff, 0xf2, 0x00, 0x00, 0x02,
    0xff, 0xfd, 0x00, 0x00, 0x00, 0x00, 0x00, 0x00,
    0x00, 0x00, 0x00, 0x00, 0x00, 0x00, 0x00, 0x00,
    0x00, 0x00, 0x0a, 0xff, 0xf6, 0x00, 0x00, 0x38,
    0x88, 0x88, 0x88, 0x88, 0x88, 0x88, 0x88, 0x88,
    0x88, 0x00, 0x00, 0x00, 0x00, 0x4f, 0xff, 0xd0,
    0x00, 0x00, 0x7f, 0xff, 0xff, 0xff, 0xff, 0xff,
    0xff, 0xff, 0xff, 0xff, 0x10, 0x00, 0x00, 0x00,
    0xdf, 0xff, 0x70, 0x00, 0x00, 0x7f, 0xff, 0xff,
    0xff, 0xff, 0xff, 0xff, 0xff, 0xff, 0xff, 0x10,
    0x00, 0x00, 0x08, 0xff, 0xff, 0x70, 0x00, 0x00,
    0x7f, 0xff, 0x00, 0x00, 0x00, 0x00, 0x00, 0x00,
    0x9f, 0xff, 0x10, 0x00, 0x00, 0x3f, 0xff, 0xff,
    0x70, 0x00, 0x00, 0x7f, 0xff, 0x00, 0x00, 0x00,
    0x00, 0x00, 0x00, 0x9f, 0xff, 0x10, 0x00, 0x01,
    0xdf, 0xff, 0xff, 0x70, 0x00, 0x00, 0x7f, 0xff,
    0x00, 0x00, 0x00, 0x00, 0x00, 0x00, 0x9f, 0xff,
    0x10, 0x00, 0x0b, 0xff, 0xff, 0xff, 0x70, 0x00,
    0x00, 0x7f, 0xff, 0xff, 0xff, 0xff, 0xff, 0xff,
    0xff, 0xff, 0xff, 0x10, 0x00, 0x9f, 0xff, 0xff,
    0xff, 0x70, 0x00, 0x00, 0x7f, 0xff, 0xff, 0xff,
    0xff, 0xff, 0xff, 0xff, 0xff, 0xff, 0x10, 0x00,
    0x8f, 0xff, 0xbf, 0xff, 0x70, 0x00, 0x00, 0x5b,
    0xbb, 0xbb, 0xbb, 0xbb, 0xbb, 0xbb, 0xbb, 0xbb,
    0xbb, 0x00, 0x00, 0x0e, 0xfe, 0x2f, 0xff, 0x70,
    0x00, 0x00, 0x00, 0x00, 0x00, 0x00, 0x00, 0x00,
    0x00, 0x00, 0x00, 0x00, 0x00, 0x00, 0x07, 0xf3,
    0x0f, 0xff, 0x70, 0x01, 0x22, 0x22, 0x22, 0x22,
    0x22, 0x22, 0x22, 0x22, 0x22, 0x22, 0x22, 0x22,
    0x20, 0x00, 0x50, 0x0f, 0xff, 0x70, 0x0e, 0xff,
    0xff, 0xff, 0xff, 0xff, 0xff, 0xff, 0xff, 0xff,
    0xff, 0xff, 0xff, 0xf4, 0x00, 0x00, 0x0f, 0xff,
    0x70, 0x0e, 0xff, 0xff, 0xff, 0xff, 0xff, 0xff,
    0xff, 0xff, 0xff, 0xff, 0xff, 0xff, 0xf4, 0x00,
    0x00, 0x0f, 0xff, 0x70, 0x0e, 0xff, 0xff, 0xff,
    0xff, 0xff, 0xff, 0xff, 0xff, 0xff, 0xff, 0xff,
    0xff, 0xf4, 0x00, 0x00, 0x0f, 0xff, 0x70, 0x0e,
    0xff, 0x50, 0x00, 0x00, 0x00, 0x00, 0x00, 0x00,
    0x00, 0x00, 0x03, 0xff, 0xf4, 0x00, 0x00, 0x0f,
    0xff, 0x70, 0x0e, 0xff, 0x50, 0x00, 0x00, 0x00,
    0x00, 0x00, 0x00, 0x00, 0x00, 0x03, 0xff, 0xf4,
    0x00, 0x00, 0x0f, 0xff, 0x70, 0x0e, 0xff, 0x66,
    0x66, 0x66, 0x66, 0x66, 0x66, 0x66, 0x66, 0x66,
    0x64, 0xff, 0xf4, 0x00, 0x00, 0x0f, 0xff, 0x70,
    0x0a, 0xbb, 0x6f, 0xff, 0xff, 0xff, 0xff, 0xff,
    0xff, 0xff, 0xff, 0xf5, 0xbb, 0xb3, 0x00, 0x00,
    0x0f, 0xff, 0x70, 0x00, 0x00, 0x2f, 0xff, 0xff,
    0xff, 0xff, 0xff, 0xff, 0xff, 0xff, 0xf3, 0x00,
    0x00, 0x00, 0x00, 0x0f, 0xff, 0x70, 0x00, 0x00,
    0x1a, 0xaa, 0xaa, 0xaa, 0xef, 0xff, 0xba, 0xaa,
    0xaa, 0xa1, 0x00, 0x00, 0x00, 0x00, 0x0f, 0xff,
    0x70, 0x00, 0x00, 0x00, 0x00, 0x00, 0x00, 0xbf,
    0xff, 0x10, 0x00, 0x00, 0x00, 0x00, 0x00, 0x00,
    0x00, 0x0f, 0xff, 0x70, 0x00, 0x00, 0x00, 0x00,
    0x00, 0x00, 0xbf, 0xff, 0x10, 0x00, 0x00, 0x00,
    0x00, 0x00, 0x00, 0x00, 0x0f, 0xff, 0x70, 0x00,
    0x00, 0x00, 0x00, 0x00, 0x00, 0xbf, 0xff, 0x10,
    0x00, 0x00, 0x00, 0x00, 0x00, 0x00, 0x00, 0x0f,
    0xff, 0x70, 0x00, 0x00, 0x00, 0x00, 0x00, 0x00,
    0xbf, 0xff, 0x10, 0x00, 0x00, 0x00, 0x00, 0x00,
    0x00, 0x00, 0x0f, 0xff, 0x70, 0x00, 0x00, 0x00,
    0x00, 0x00, 0x00, 0xbf, 0xff, 0x10, 0x00, 0x00,
    0x00, 0x00, 0x00, 0x00, 0x00, 0x0f, 0xff, 0x70,
    0x00, 0x00, 0x00, 0x13, 0x22, 0x23, 0xdf, 0xff,
    0x10, 0x00, 0x00, 0x00, 0x00, 0x00, 0x00, 0x00,
    0x0f, 0xff, 0x70, 0x00, 0x00, 0x00, 0x3f, 0xff,
    0xff, 0xff, 0xff, 0x00, 0x00, 0x00, 0x00, 0x00,
    0x00, 0x00, 0x00, 0x0f, 0xff, 0x70, 0x00, 0x00,
    0x00, 0x0d, 0xff, 0xff, 0xff, 0xfa, 0x00, 0x00,
    0x00, 0x00, 0x00, 0x00, 0x00, 0x00, 0x0f, 0xff,
    0x70, 0x00, 0x00, 0x00, 0x08, 0xff, 0xff, 0xec,
    0x80, 0x00, 0x00, 0x00, 0x00, 0x00, 0x00, 0x00,
    0x00, 0x02, 0x22, 0x10, 0x00, 0x00, 0x00, 0x00,
    0x00, 0x00, 0x00, 0x00, 0x00, 0x00, 0x00, 0x00,
    0x00, 0x00,

    /* U+5065 "健" */
    0x00, 0x00, 0x00, 0x04, 0x83, 0x00, 0x00, 0x00,
    0x00, 0x00, 0x00, 0x00, 0x00, 0x89, 0x92, 0x00,
    0x00, 0x00, 0x00, 0x00, 0x00, 0x00, 0x00, 0x9f,
    0xfe, 0x00, 0x00, 0x00, 0x00, 0x00, 0x00, 0x00,
    0x0e, 0xff, 0x40, 0x00, 0x00, 0x00, 0x00, 0x00,
    0x00, 0x00, 0x0e, 0xff, 0xc0, 0x00, 0x00, 0x03,
    0x30, 0x00, 0x00, 0x00, 0xef, 0xf4, 0x00, 0x00,
    0x00, 0x00, 0x00, 0x00, 0x00, 0x03, 0xff, 0xf7,
    0xff, 0xff, 0xff, 0xff, 0x90, 0x69, 0x99, 0x9f,
    0xff, 0xb9, 0x99, 0x99, 0x80, 0x00, 0x00, 0x00,
    0x00, 0x8f, 0xff, 0x2f, 0xff, 0xff, 0xff, 0xff,
    0x1a, 0xff, 0xff, 0xff, 0xff, 0xff, 0xff, 0xfd,
    0x00, 0x00, 0x00, 0x00, 0x0d, 0xff, 0xc0, 0xff,
    0xff, 0xff, 0xff, 0xb0, 0xaf, 0xff, 0xff, 0xff,
    0xff, 0xff, 0xff, 0xd0, 0x00, 0x00, 0x00, 0x03,
    0xff, 0xf7, 0x03, 0x33, 0x37, 0xff, 0xf4, 0x01,
    0x22, 0x22, 0xff, 0xf5, 0x22, 0x3f, 0xfd, 0x00,
    0x00, 0x00, 0x00, 0xaf, 0xff, 0x10, 0x00, 0x00,
    0xaf, 0xfd, 0x00, 0x00, 0x00, 0x0e, 0xff, 0x40,
    0x01, 0xff, 0xd0, 0x00, 0x00, 0x00, 0x1f, 0xff,
    0xb0, 0x00, 0x00, 0x1f, 0xff, 0x60, 0x11, 0x11,
    0x11, 0xff, 0xf4, 0x11, 0x2f, 0xfd, 0x11, 0x00,
    0x00, 0x07, 0xff, 0xf7, 0x00, 0x00, 0x09, 0xff,
    0xe0, 0x6f, 0xff, 0xff, 0xff, 0xff, 0xff, 0xff,
    0xff, 0xff, 0xf8, 0x00, 0x00, 0xef, 0xff, 0x70,
    0x00, 0x01, 0xff, 0xf7, 0x06, 0xff, 0xff, 0xff,
    0xff, 0xff, 0xff, 0xff, 0xff, 0xff, 0x80, 0x00,
    0x7f, 0xff, 0xf7, 0x00, 0x00, 0x8f, 0xfe, 0x00,
    0x4c, 0xcc, 0xcc, 0xcf, 0xff, 0xdc, 0xcc, 0xff,
    0xfc, 0xc6, 0x00, 0x1f, 0xff, 0xff, 0x70, 0x00,
    0x1f, 0xff, 0x60, 0x00, 0x00, 0x00, 0x00, 0xef,
    0xf4, 0x00, 0x1f, 0xfd, 0x00, 0x00, 0x09, 0xff,
    0xff, 0xf7, 0x00, 0x0a, 0xff, 0xd0, 0x00, 0x00,
    0x00, 0x00, 0x0e, 0xff, 0x40, 0x01, 0xff, 0xd0,
    0x00, 0x04, 0xff, 0xff, 0xff, 0x70, 0x05, 0xff,
    0xf6, 0x11, 0x00, 0x05, 0x77, 0x77, 0xff, 0xf9,
    0x77, 0x8f, 0xfd, 0x00, 0x00, 0xef, 0xff, 0xff,
    0xf7, 0x05, 0xff, 0xff, 0xff, 0xff, 0xd0, 0xaf,
    0xff, 0xff, 0xff, 0xff, 0xff, 0xff, 0xd0, 0x00,
    0x0b, 0xff, 0xde, 0xff, 0x70, 0xdf, 0xff, 0xff,
    0xff, 0xfe, 0x0a, 0xff, 0xff, 0xff, 0xff, 0xff,
    0xff, 0xfd, 0x00, 0x00, 0x3f, 0xf3, 0xdf, 0xf7,
    0x04, 0xfe, 0xee, 0xef, 0xff, 0xd0, 0x24, 0x44,
    0x4f, 0xff, 0x74, 0x44, 0x44, 0x30, 0x00, 0x00,
    0xc9, 0x0d, 0xff, 0x70, 0x04, 0x00, 0x00, 0x7f,
    0xfb, 0x00, 0x00, 0x00, 0xef, 0xf4, 0x00, 0x00,
    0x00, 0x00, 0x00, 0x04, 0x00, 0xdf, 0xf7, 0x00,
    0x00, 0x00, 0x09, 0xff, 0x80, 0x33, 0x33, 0x3f,
    0xff, 0x63, 0x33, 0x33, 0x30, 0x00, 0x00, 0x00,
    0x0d, 0xff, 0x70, 0x00, 0x00, 0x00, 0xbf, 0xf6,
    0x2f, 0xff, 0xff, 0xff, 0xff, 0xff, 0xff, 0xff,
    0x20, 0x00, 0x00, 0x00, 0xdf, 0xf7, 0x01, 0x6a,
    0x00, 0x0e, 0xff, 0x32, 0xff, 0xff, 0xff, 0xff,
    0xff, 0xff, 0xff, 0xf2, 0x00, 0x00, 0x00, 0x0d,
    0xff, 0x70, 0xdf, 0xf2, 0x01, 0xff, 0xf0, 0x1b,
    0xbb, 0xbb, 0xff, 0xfc, 0xbb, 0xbb, 0xbb, 0x10,
    0x00, 0x00, 0x00, 0xdf, 0xf7, 0x08, 0xff, 0x70,
    0x5f, 0xfc, 0x00, 0x00, 0x00, 0x0e, 0xff, 0x40,
    0x00, 0x00, 0x00, 0x00, 0x00, 0x00, 0x0d, 0xff,
    0x70, 0x3f, 0xfd, 0x09, 0xff, 0x90, 0x00, 0x00,
    0x00, 0xef, 0xf4, 0x00, 0x00, 0x00, 0x00, 0x00,
    0x00, 0x00, 0xdf, 0xf7, 0x00, 0xdf, 0xf5, 0xef,
    0xf4, 0x1f, 0xff, 0xff, 0xff, 0xff, 0xff, 0xff,
    0xff, 0xff, 0x50, 0x00, 0x00, 0x0d, 0xff, 0x70,
    0x06, 0xff, 0xef, 0xff, 0x01, 0xff, 0xff, 0xff,
    0xff, 0xff, 0xff, 0xff, 0xff, 0xf5, 0x00, 0x00,
    0x00, 0xdf, 0xf7, 0x00, 0x0e, 0xff, 0xff, 0xa0,
    0x1f, 0xff, 0xff, 0xff, 0xff, 0xff, 0xff, 0xff,
    0xff, 0x50, 0x00, 0x00, 0x0d, 0xff, 0x70, 0x00,
    0x6f, 0xff, 0xf4, 0x00, 0x00, 0x00, 0x00, 0xef,
    0xf4, 0x00, 0x00, 0x00, 0x00, 0x00, 0x00, 0x00,
    0xdf, 0xf7, 0x00, 0x00, 0xdf, 0xff, 0x20, 0x00,
    0x00, 0x00, 0x0e, 0xff, 0x40, 0x00, 0x00, 0x00,
    0x00, 0x00, 0x00, 0x0d, 0xff, 0x70, 0x00, 0x1f,
    0xff, 0xfe, 0x40, 0x00, 0x00, 0x00, 0xef, 0xf4,
    0x00, 0x00, 0x00, 0x00, 0x00, 0x00, 0x00, 0xdf,
    0xf7, 0x00, 0x0b, 0xff, 0xff, 0xff, 0x91, 0x00,
    0x00, 0x0e, 0xff, 0x40, 0x00, 0x00, 0x00, 0x00,
    0x00, 0x00, 0x0d, 0xff, 0x70, 0x07, 0xff, 0xf9,
    0xff, 0xff, 0xf9, 0x40, 0x00, 0x56, 0x61, 0x00,
    0x00, 0x00, 0x00, 0x00, 0x00, 0x00, 0xdf, 0xf7,
    0x05, 0xff, 0xfa, 0x04, 0xef, 0xff, 0xff, 0xfc,
    0x97, 0x54, 0x44, 0x44, 0x44, 0x44, 0x42, 0x00,
    0x00, 0x0d, 0xff, 0x77, 0xff, 0xfd, 0x00, 0x01,
    0x9f, 0xff, 0xff, 0xff, 0xff, 0xff, 0xff, 0xff,
    0xff, 0xff, 0x20, 0x00, 0x00, 0xdf, 0xf9, 0xcf,
    0xfd, 0x10, 0x00, 0x00, 0x28, 0xef, 0xff, 0xff,
    0xff, 0xff, 0xff, 0xff, 0xff, 0xb0, 0x00, 0x00,
    0x0d, 0xff, 0x70, 0x7b, 0x10, 0x00, 0x00, 0x00,
    0x00, 0x26, 0x9b, 0xde, 0xff, 0xff, 0xff, 0xff,
    0xf5, 0x00, 0x00, 0x00, 0x00, 0x00, 0x00, 0x00,
    0x00, 0x00, 0x00, 0x00, 0x00, 0x00, 0x00, 0x00,
    0x00, 0x00, 0x00, 0x00, 0x00,

    /* U+5149 "光" */
    0x00, 0x00, 0x00, 0x00, 0x00, 0x00, 0x00, 0x00,
    0x0c, 0xcc, 0x90, 0x00, 0x00, 0x00, 0x00, 0x00,
    0x00, 0x00, 0x00, 0x00, 0x00, 0x00, 0x00, 0x00,
    0x00, 0x00, 0x00, 0x0f, 0xff, 0xc0, 0x00, 0x00,
    0x00, 0x00, 0x20, 0x00, 0x00, 0x00, 0x00, 0x00,
    0x02, 0x8c, 0x00, 0x00, 0x00, 0x00, 0x0f, 0xff,
    0xc0, 0x00, 0x00, 0x00, 0x00, 0xee, 0x94, 0x00,
    0x00, 0x00, 0x00, 0x7f, 0xff, 0x80, 0x00, 0x00,
    0x00, 0x0f, 0xff, 0xc0, 0x00, 0x00, 0x00, 0x05,
    0xff, 0xff, 0x10, 0x00, 0x00, 0x00, 0x1f, 0xff,
    0xf2, 0x00, 0x00, 0x00, 0x0f, 0xff, 0xc0, 0x00,
    0x00, 0x00, 0x0c, 0xff, 0xf9, 0x00, 0x00, 0x00,
    0x00, 0x08, 0xff, 0xfa, 0x00, 0x00, 0x00, 0x0f,
    0xff, 0xc0, 0x00, 0x00, 0x00, 0x3f, 0xff, 0xf1,
    0x00, 0x00, 0x00, 0x00, 0x00, 0xef, 0xff, 0x30,
    0x00, 0x00, 0x0f, 0xff, 0xc0, 0x00, 0x00, 0x00,
    0xaf, 0xff, 0x90, 0x00, 0x00, 0x00, 0x00, 0x00,
    0x7f, 0xff, 0xb0, 0x00, 0x00, 0x0f, 0xff, 0xc0,
    0x00, 0x00, 0x03, 0xff, 0xff, 0x10, 0x00, 0x00,
    0x00, 0x00, 0x00, 0x1f, 0xff, 0xf3, 0x00, 0x00,
    0x0f, 0xff, 0xc0, 0x00, 0x00, 0x0b, 0xff, 0xf7,
    0x00, 0x00, 0x00, 0x00, 0x00, 0x00, 0x09, 0xff,
    0xf9, 0x00, 0x00, 0x0f, 0xff, 0xc0, 0x00, 0x00,
    0x3f, 0xff, 0xe0, 0x00, 0x00, 0x00, 0x00, 0x00,
    0x00, 0x02, 0xff, 0xff, 0x00, 0x00, 0x0f, 0xff,
    0xc0, 0x00, 0x00, 0xcf, 0xff, 0x50, 0x00, 0x00,
    0x00, 0x00, 0x00, 0x00, 0x00, 0xcf, 0xff, 0x30,
    0x00, 0x0f, 0xff, 0xc0, 0x00, 0x04, 0xff, 0xfc,
    0x00, 0x00, 0x00, 0x00, 0x00, 0x00, 0x00, 0x00,
    0x7d, 0x71, 0x00, 0x00, 0x0f, 0xff, 0xc0, 0x00,
    0x00, 0x28, 0xd2, 0x00, 0x00, 0x00, 0x00, 0x00,
    0x00, 0x00, 0x00, 0x00, 0x00, 0x00, 0x00, 0x0f,
    0xff, 0xc0, 0x00, 0x00, 0x00, 0x00, 0x00, 0x00,
    0x00, 0x00, 0x00, 0x00, 0x00, 0x00, 0x00, 0x00,
    0x00, 0x00, 0x0f, 0xff, 0xc0, 0x00, 0x00, 0x00,
    0x00, 0x00, 0x00, 0x00, 0x00, 0x0e, 0xff, 0xff,
    0xff, 0xff, 0xff, 0xff, 0xff, 0xff, 0xff, 0xff,
    0xff, 0xff, 0xff, 0xff, 0xff, 0xff, 0xff, 0xf0,
    0x0e, 0xff, 0xff, 0xff, 0xff, 0xff, 0xff, 0xff,
    0xff, 0xff, 0xff, 0xff, 0xff, 0xff, 0xff, 0xff,
    0xff, 0xff, 0xf0, 0x0e, 0xff, 0xff, 0xff, 0xff,
    0xff, 0xff, 0xff, 0xff, 0xff, 0xff, 0xff, 0xff,
    0xff, 0xff, 0xff, 0xff, 0xff, 0xf0, 0x0c, 0xdd,
    0xdd, 0xdd, 0xdd, 0xdf, 0xff, 0xfe, 0xdd, 0xdd,
    0xdd, 0xff, 0xff, 0xdd, 0xdd, 0xdd, 0xdd, 0xdd,
    0xd0, 0x00, 0x00, 0x00, 0x00, 0x00, 0x0a, 0xff,
    0xf5, 0x00, 0x00, 0x00, 0xef, 0xfe, 0x00, 0x00,
    0x00, 0x00, 0x00, 0x00, 0x00, 0x00, 0x00, 0x00,
    0x00, 0x0c, 0xff, 0xf3, 0x00, 0x00, 0x00, 0xef,
    0xfe, 0x00, 0x00, 0x00, 0x00, 0x00, 0x00, 0x00,
    0x00, 0x00, 0x00, 0x00, 0x0e, 0xff, 0xf1, 0x00,
    0x00, 0x00, 0xef, 0xfe, 0x00, 0x00, 0x00, 0x00,
    0x00, 0x00, 0x00, 0x00, 0x00, 0x00, 0x00, 0x1f,
    0xff, 0xe0, 0x00, 0x00, 0x00, 0xef, 0xfe, 0x00,
    0x00, 0x00, 0x00, 0x00, 0x00, 0x00, 0x00, 0x00,
    0x00, 0x00, 0x4f, 0xff, 0xc0, 0x00, 0x00, 0x00,
    0xef, 0xfe, 0x00, 0x00, 0x00, 0x00, 0x00, 0x00,
    0x00, 0x00, 0x00, 0x00, 0x00, 0x8f, 0xff, 0x80,
    0x00, 0x00, 0x00, 0xef, 0xfe, 0x00, 0x00, 0x00,
    0x00, 0x00, 0x00, 0x00, 0x00, 0x00, 0x00, 0x00,
    0xdf, 0xff, 0x50, 0x00, 0x00, 0x00, 0xef, 0xfe,
    0x00, 0x00, 0x00, 0x00, 0x00, 0x00, 0x00, 0x00,
    0x00, 0x00, 0x03, 0xff, 0xff, 0x00, 0x00, 0x00,
    0x00, 0xef, 0xfe, 0x00, 0x00, 0x00, 0x00, 0x00,
    0x00, 0x00, 0x00, 0x00, 0x00, 0x0b, 0xff, 0xfa,
    0x00, 0x00, 0x00, 0x00, 0xef, 0xfe, 0x00, 0x00,
    0x00, 0x00, 0xa3, 0x00, 0x00, 0x00, 0x00, 0x00,
    0x4f, 0xff, 0xf3, 0x00, 0x00, 0x00, 0x00, 0xef,
    0xfe, 0x00, 0x00, 0x00, 0x00, 0xff, 0xd4, 0x00,
    0x00, 0x00, 0x02, 0xef, 0xff, 0xb0, 0x00, 0x00,
    0x00, 0x00, 0xef, 0xfe, 0x00, 0x00, 0x00, 0x00,
    0xff, 0xf7, 0x00, 0x00, 0x00, 0x3e, 0xff, 0xff,
    0x20, 0x00, 0x00, 0x00, 0x00, 0xef, 0xfe, 0x00,
    0x00, 0x00, 0x01, 0xff, 0xf6, 0x00, 0x00, 0x07,
    0xff, 0xff, 0xf6, 0x00, 0x00, 0x00, 0x00, 0x00,
    0xef, 0xfe, 0x00, 0x00, 0x00, 0x03, 0xff, 0xf4,
    0x00, 0x06, 0xdf, 0xff, 0xff, 0x70, 0x00, 0x00,
    0x00, 0x00, 0x00, 0xdf, 0xff, 0x00, 0x00, 0x00,
    0x07, 0xff, 0xf1, 0x39, 0xef, 0xff, 0xff, 0xf6,
    0x00, 0x00, 0x00, 0x00, 0x00, 0x00, 0xcf, 0xff,
    0xc9, 0x99, 0x99, 0x9f, 0xff, 0xe0, 0x3f, 0xff,
    0xff, 0xfd, 0x30, 0x00, 0x00, 0x00, 0x00, 0x00,
    0x00, 0x9f, 0xff, 0xff, 0xff, 0xff, 0xff, 0xff,
    0x90, 0x06, 0xff, 0xfe, 0x70, 0x00, 0x00, 0x00,
    0x00, 0x00, 0x00, 0x00, 0x2f, 0xff, 0xff, 0xff,
    0xff, 0xff, 0xff, 0x10, 0x00, 0xcc, 0x60, 0x00,
    0x00, 0x00, 0x00, 0x00, 0x00, 0x00, 0x00, 0x03,
    0xae, 0xff, 0xff, 0xff, 0xfe, 0xa2, 0x00, 0x00,
    0x00, 0x00, 0x00, 0x00, 0x00, 0x00, 0x00, 0x00,
    0x00, 0x00, 0x00, 0x00, 0x00, 0x00, 0x00, 0x00,
    0x00, 0x00,

    /* U+516B "八" */
    0x00, 0x00, 0x00, 0x00, 0x00, 0x00, 0x00, 0x00,
    0x00, 0x00, 0x00, 0x7b, 0xce, 0x00, 0x00, 0x00,
    0x00, 0x00, 0x00, 0x00, 0x00, 0x00, 0x00, 0x00,
    0x04, 0xed, 0xb9, 0x00, 0x00, 0x00, 0x09, 0xff,
    0xf1, 0x00, 0x00, 0x00, 0x00, 0x00, 0x00, 0x00,
    0x00, 0x00, 0x00, 0x00, 0x6f, 0xff, 0xc0, 0x00,
    0x00, 0x00, 0x8f, 0xff, 0x20, 0x00, 0x00, 0x00,
    0x00, 0x00, 0x00, 0x00, 0x00, 0x00, 0x00, 0x07,
    0xff, 0xfa, 0x00, 0x00, 0x00, 0x07, 0xff, 0xf4,
    0x00, 0x00, 0x00, 0x00, 0x00, 0x00, 0x00, 0x00,
    0x00, 0x00, 0x00, 0x9f, 0xff, 0x90, 0x00, 0x00,
    0x00, 0x6f, 0xff, 0x50, 0x00, 0x00, 0x00, 0x00,
    0x00, 0x00, 0x00, 0x00, 0x00, 0x00, 0x0a, 0xff,
    0xf7, 0x00, 0x00, 0x00, 0x04, 0xff, 0xf7, 0x00,
    0x00, 0x00, 0x00, 0x00, 0x00, 0x00, 0x00, 0x00,
    0x00, 0x00, 0xcf, 0xff, 0x50, 0x00, 0x00, 0x00,
    0x2f, 0xff, 0x90, 0x00, 0x00, 0x00, 0x00, 0x00,
    0x00, 0x00, 0x00, 0x00, 0x00, 0x0e, 0xff, 0xf3,
    0x00, 0x00, 0x00, 0x00, 0xff, 0xfc, 0x00, 0x00,
    0x00, 0x00, 0x00, 0x00, 0x00, 0x00, 0x00, 0x00,
    0x00, 0xff, 0xff, 0x10, 0x00, 0x00, 0x00, 0x0e,
    0xff, 0xe0, 0x00, 0x00, 0x00, 0x00, 0x00, 0x00,
    0x00, 0x00, 0x00, 0x00, 0x2f, 0xff, 0xe0, 0x00,
    0x00, 0x00, 0x00, 0xbf, 0xff, 0x10, 0x00, 0x00,
    0x00, 0x00, 0x00, 0x00, 0x00, 0x00, 0x00, 0x04,
    0xff, 0xfc, 0x00, 0x00, 0x00, 0x00, 0x09, 0xff,
    0xf4, 0x00, 0x00, 0x00, 0x00, 0x00, 0x00, 0x00,
    0x00, 0x00, 0x00, 0x7f, 0xff, 0x90, 0x00, 0x00,
    0x00, 0x00, 0x6f, 0xff, 0x80, 0x00, 0x00, 0x00,
    0x00, 0x00, 0x00, 0x00, 0x00, 0x00, 0x09, 0xff,
    0xf7, 0x00, 0x00, 0x00, 0x00, 0x02, 0xff, 0xfb,
    0x00, 0x00, 0x00, 0x00, 0x00, 0x00, 0x00, 0x00,
    0x00, 0x00, 0xcf, 0xff, 0x30, 0x00, 0x00, 0x00,
    0x00, 0x0f, 0xff, 0xf0, 0x00, 0x00, 0x00, 0x00,
    0x00, 0x00, 0x00, 0x00, 0x00, 0x0f, 0xff, 0xf0,
    0x00, 0x00, 0x00, 0x00, 0x00, 0xbf, 0xff, 0x30,
    0x00, 0x00, 0x00, 0x00, 0x00, 0x00, 0x00, 0x00,
    0x03, 0xff, 0xfd, 0x00, 0x00, 0x00, 0x00, 0x00,
    0x07, 0xff, 0xf8, 0x00, 0x00, 0x00, 0x00, 0x00,
    0x00, 0x00, 0x00, 0x00, 0x7f, 0xff, 0x90, 0x00,
    0x00, 0x00, 0x00, 0x00, 0x3f, 0xff, 0xd0, 0x00,
    0x00, 0x00, 0x00, 0x00, 0x00, 0x00, 0x00, 0x0c,
    0xff, 0xf5, 0x00, 0x00, 0x00, 0x00, 0x00, 0x00,
    0xef, 0xff, 0x20, 0x00, 0x00, 0x00, 0x00, 0x00,
    0x00, 0x00, 0x01, 0xff, 0xff, 0x00, 0x00, 0x00,
    0x00, 0x00, 0x00, 0x0a, 0xff, 0xf8, 0x00, 0x00,
    0x00, 0x00, 0x00, 0x00, 0x00, 0x00, 0x5f, 0xff,
    0xc0, 0x00, 0x00, 0x00, 0x00, 0x00, 0x00, 0x4f,
    0xff, 0xd0, 0x00, 0x00, 0x00, 0x00, 0x00, 0x00,
    0x00, 0x0b, 0xff, 0xf7, 0x00, 0x00, 0x00, 0x00,
    0x00, 0x00, 0x00, 0xef, 0xff, 0x40, 0x00, 0x00,
    0x00, 0x00, 0x00, 0x00, 0x01, 0xff, 0xff, 0x10,
    0x00, 0x00, 0x00, 0x00, 0x00, 0x00, 0x09, 0xff,
    0xfb, 0x00, 0x00, 0x00, 0x00, 0x00, 0x00, 0x00,
    0x8f, 0xff, 0xb0, 0x00, 0x00, 0x00, 0x00, 0x00,
    0x00, 0x00, 0x2f, 0xff, 0xf3, 0x00, 0x00, 0x00,
    0x00, 0x00, 0x00, 0x0e, 0xff, 0xf5, 0x00, 0x00,
    0x00, 0x00, 0x00, 0x00, 0x00, 0x00, 0xbf, 0xff,
    0xb0, 0x00, 0x00, 0x00, 0x00, 0x00, 0x07, 0xff,
    0xfe, 0x00, 0x00, 0x00, 0x00, 0x00, 0x00, 0x00,
    0x00, 0x04, 0xff, 0xff, 0x40, 0x00, 0x00, 0x00,
    0x00, 0x01, 0xef, 0xff, 0x70, 0x00, 0x00, 0x00,
    0x00, 0x00, 0x00, 0x00, 0x00, 0x0c, 0xff, 0xfd,
    0x00, 0x00, 0x00, 0x00, 0x00, 0x9f, 0xff, 0xe0,
    0x00, 0x00, 0x00, 0x00, 0x00, 0x00, 0x00, 0x00,
    0x00, 0x4f, 0xff, 0xf8, 0x00, 0x00, 0x00, 0x00,
    0x4f, 0xff, 0xf6, 0x00, 0x00, 0x00, 0x00, 0x00,
    0x00, 0x00, 0x00, 0x00, 0x00, 0xaf, 0xff, 0xf4,
    0x00, 0x00, 0x00, 0x2e, 0xff, 0xfc, 0x00, 0x00,
    0x00, 0x00, 0x00, 0x00, 0x00, 0x00, 0x00, 0x00,
    0x01, 0xff, 0xff, 0xf2, 0x00, 0x00, 0x1d, 0xff,
    0xff, 0x20, 0x00, 0x00, 0x00, 0x00, 0x00, 0x00,
    0x00, 0x00, 0x00, 0x00, 0x06, 0xff, 0xff, 0xe1,
    0x00, 0x1d, 0xff, 0xff, 0x60, 0x00, 0x00, 0x00,
    0x00, 0x00, 0x00, 0x00, 0x00, 0x00, 0x00, 0x00,
    0x0a, 0xff, 0xff, 0xd2, 0x08, 0xff, 0xff, 0x90,
    0x00, 0x00, 0x00, 0x00, 0x00, 0x00, 0x00, 0x00,
    0x00, 0x00, 0x00, 0x00, 0x0c, 0xff, 0xff, 0xb0,
    0x09, 0xff, 0xb0, 0x00, 0x00, 0x00, 0x00, 0x00,
    0x00, 0x00, 0x00, 0x00, 0x00, 0x00, 0x00, 0x00,
    0x1d, 0xff, 0x70, 0x00, 0x0a, 0xa0, 0x00, 0x00,
    0x00, 0x00, 0x00, 0x00, 0x00, 0x00, 0x00, 0x00,
    0x00, 0x00, 0x00, 0x00, 0x1c, 0x50, 0x00, 0x00,
    0x00, 0x00, 0x00, 0x00, 0x00, 0x00, 0x00, 0x00,
    0x00, 0x00, 0x00, 0x00, 0x00, 0x00, 0x00, 0x00,
    0x00, 0x00, 0x00,

    /* U+516D "六" */
    0x00, 0x00, 0x00, 0x00, 0x00, 0x00, 0x00, 0x00,
    0x00, 0x40, 0x00, 0x00, 0x00, 0x00, 0x00, 0x00,
    0x00, 0x00, 0x00, 0x00, 0x00, 0x00, 0x00, 0x00,
    0x00, 0x00, 0x04, 0xaf, 0xf5, 0x00, 0x00, 0x00,
    0x00, 0x00, 0x00, 0x00, 0x00, 0x00, 0x00, 0x00,
    0x00, 0x00, 0x00, 0x00, 0x00, 0x0d, 0xff, 0xfd,
    0x00, 0x00, 0x00, 0x00, 0x00, 0x00, 0x00, 0x00,
    0x00, 0x00, 0x00, 0x00, 0x00, 0x00, 0x00, 0x00,
    0x05, 0xff, 0xff, 0x50, 0x00, 0x00, 0x00, 0x00,
    0x00, 0x00, 0x00, 0x00, 0x00, 0x00, 0x00, 0x00,
    0x00, 0x00, 0x00, 0x00, 0xdf, 0xff, 0xc0, 0x00,
    0x00, 0x00, 0x00, 0x00, 0x00, 0x00, 0x00, 0x00,
    0x00, 0x00, 0x00, 0x00, 0x00, 0x00, 0x00, 0x6f,
    0xff, 0xf4, 0x00, 0x00, 0x00, 0x00, 0x00, 0x00,
    0x00, 0x00, 0x00, 0x00, 0x00, 0x00, 0x00, 0x00,
    0x00, 0x00, 0x0e, 0xff, 0xfc, 0x00, 0x00, 0x00,
    0x00, 0x00, 0x00, 0x00, 0x00, 0x00, 0x00, 0x00,
    0x00, 0x00, 0x00, 0x00, 0x00, 0x08, 0xff, 0xff,
    0x30, 0x00, 0x00, 0x00, 0x00, 0x00, 0x00, 0x00,
    0x00, 0x00, 0x00, 0x00, 0x00, 0x00, 0x00, 0x00,
    0x02, 0xff, 0xff, 0x80, 0x00, 0x00, 0x00, 0x00,
    0x00, 0x00, 0x00, 0x00, 0x00, 0x00, 0x00, 0x00,
    0x00, 0x00, 0x00, 0x00, 0xbf, 0x93, 0x00, 0x00,
    0x00, 0x00, 0x00, 0x00, 0x00, 0x00, 0x02, 0x33,
    0x33, 0x33, 0x33, 0x33, 0x33, 0x33, 0x33, 0x53,
    0x33, 0x33, 0x33, 0x33, 0x33, 0x33, 0x33, 0x33,
    0x30, 0x0e, 0xff, 0xff, 0xff, 0xff, 0xff, 0xff,
    0xff, 0xff, 0xff, 0xff, 0xff, 0xff, 0xff, 0xff,
    0xff, 0xff, 0xff, 0xf0, 0x0e, 0xff, 0xff, 0xff,
    0xff, 0xff, 0xff, 0xff, 0xff, 0xff, 0xff, 0xff,
    0xff, 0xff, 0xff, 0xff, 0xff, 0xff, 0xf0, 0x0e,
    0xff, 0xff, 0xff, 0xff, 0xff, 0xff, 0xff, 0xff,
    0xff, 0xff, 0xff, 0xff, 0xff, 0xff, 0xff, 0xff,
    0xff, 0xf0, 0x0a, 0xbb, 0xbb, 0xbb, 0xbb, 0xbb,
    0xbb, 0xbb, 0xbb, 0xbb, 0xbb, 0xbb, 0xbb, 0xbb,
    0xbb, 0xbb, 0xbb, 0xbb, 0xb0, 0x00, 0x00, 0x00,
    0x00, 0x00, 0x00, 0x00, 0x00, 0x00, 0x00, 0x00,
    0x00, 0x00, 0x00, 0x00, 0x00, 0x00, 0x00, 0x00,
    0x00, 0x00, 0x00, 0x00, 0x00, 0x00, 0x00, 0x00,
    0x00, 0x00, 0x00, 0x00, 0x00, 0x00, 0x00, 0x00,
    0x00, 0x00, 0x00, 0x00, 0x00, 0x00, 0x00, 0x00,
    0x00, 0x00, 0x00, 0x00, 0x00, 0x00, 0x00, 0x00,
    0x00, 0x00, 0x00, 0x00, 0x00, 0x00, 0x00, 0x00,
    0x00, 0x00, 0x00, 0x00, 0x00, 0x00, 0x00, 0x00,
    0x00, 0x00, 0x02, 0x20, 0x00, 0x00, 0x00, 0x00,
    0x00, 0x00, 0x00, 0x00, 0x00, 0x00, 0x4f, 0xa5,
    0x10, 0x00, 0x00, 0x00, 0x02, 0xaf, 0xd0, 0x00,
    0x00, 0x00, 0x00, 0x00, 0x00, 0x00, 0x00, 0x00,
    0x00, 0xcf, 0xff, 0xf1, 0x00, 0x00, 0x00, 0x2f,
    0xff, 0xf9, 0x00, 0x00, 0x00, 0x00, 0x00, 0x00,
    0x00, 0x00, 0x00, 0x04, 0xff, 0xff, 0x90, 0x00,
    0x00, 0x00, 0x09, 0xff, 0xff, 0x40, 0x00, 0x00,
    0x00, 0x00, 0x00, 0x00, 0x00, 0x00, 0x0c, 0xff,
    0xff, 0x10, 0x00, 0x00, 0x00, 0x00, 0xdf, 0xff,
    0xe1, 0x00, 0x00, 0x00, 0x00, 0x00, 0x00, 0x00,
    0x00, 0x5f, 0xff, 0xf9, 0x00, 0x00, 0x00, 0x00,
    0x00, 0x4f, 0xff, 0xfa, 0x00, 0x00, 0x00, 0x00,
    0x00, 0x00, 0x00, 0x00, 0xef, 0xff, 0xf1, 0x00,
    0x00, 0x00, 0x00, 0x00, 0x09, 0xff, 0xff, 0x50,
    0x00, 0x00, 0x00, 0x00, 0x00, 0x00, 0x08, 0xff,
    0xff, 0x70, 0x00, 0x00, 0x00, 0x00, 0x00, 0x00,
    0xef, 0xff, 0xe1, 0x00, 0x00, 0x00, 0x00, 0x00,
    0x00, 0x2f, 0xff, 0xfd, 0x00, 0x00, 0x00, 0x00,
    0x00, 0x00, 0x00, 0x4f, 0xff, 0xfb, 0x00, 0x00,
    0x00, 0x00, 0x00, 0x00, 0xcf, 0xff, 0xf4, 0x00,
    0x00, 0x00, 0x00, 0x00, 0x00, 0x00, 0x0a, 0xff,
    0xff, 0x60, 0x00, 0x00, 0x00, 0x00, 0x07, 0xff,
    0xff, 0xa0, 0x00, 0x00, 0x00, 0x00, 0x00, 0x00,
    0x00, 0x01, 0xef, 0xff, 0xf1, 0x00, 0x00, 0x00,
    0x00, 0x3f, 0xff, 0xff, 0x10, 0x00, 0x00, 0x00,
    0x00, 0x00, 0x00, 0x00, 0x00, 0x5f, 0xff, 0xfb,
    0x00, 0x00, 0x00, 0x00, 0xdf, 0xff, 0xf6, 0x00,
    0x00, 0x00, 0x00, 0x00, 0x00, 0x00, 0x00, 0x00,
    0x0b, 0xff, 0xff, 0x50, 0x00, 0x00, 0x0a, 0xff,
    0xff, 0xb0, 0x00, 0x00, 0x00, 0x00, 0x00, 0x00,
    0x00, 0x00, 0x00, 0x02, 0xff, 0xff, 0xe1, 0x00,
    0x00, 0x7f, 0xff, 0xfe, 0x10, 0x00, 0x00, 0x00,
    0x00, 0x00, 0x00, 0x00, 0x00, 0x00, 0x00, 0x7f,
    0xff, 0xfa, 0x00, 0x05, 0xff, 0xff, 0xf5, 0x00,
    0x00, 0x00, 0x00, 0x00, 0x00, 0x00, 0x00, 0x00,
    0x00, 0x00, 0x0d, 0xff, 0xff, 0x40, 0x2f, 0xff,
    0xff, 0x90, 0x00, 0x00, 0x00, 0x00, 0x00, 0x00,
    0x00, 0x00, 0x00, 0x00, 0x00, 0x04, 0xff, 0xff,
    0xd0, 0x04, 0xef, 0xfc, 0x00, 0x00, 0x00, 0x00,
    0x00, 0x00, 0x00, 0x00, 0x00, 0x00, 0x00, 0x00,
    0x00, 0xbf, 0xfc, 0x30, 0x00, 0x09, 0xe2, 0x00,
    0x00, 0x00, 0x00, 0x00, 0x00, 0x00, 0x00, 0x00,
    0x00, 0x00, 0x00, 0x00, 0x3d, 0x40, 0x00, 0x00,
    0x00, 0x10, 0x00, 0x00, 0x00, 0x00, 0x00, 0x00,
    0x00, 0x00, 0x00, 0x00, 0x00, 0x00, 0x00, 0x00,
    0x00, 0x00,

    /* U+5173 "关" */
    0x00, 0x00, 0x00, 0x00, 0x00, 0x50, 0x00, 0x00,
    0x00, 0x00, 0x00, 0x00, 0x00, 0x08, 0x30, 0x00,
    0x00, 0x00, 0x00, 0x00, 0x00, 0x00, 0x00, 0x5d,
    0xf9, 0x00, 0x00, 0x00, 0x00, 0x00, 0x00, 0x00,
    0x6f, 0xfe, 0x80, 0x00, 0x00, 0x00, 0x00, 0x00,
    0x00, 0x02, 0xff, 0xff, 0x50, 0x00, 0x00, 0x00,
    0x00, 0x00, 0x00, 0xdf, 0xff, 0xb0, 0x00, 0x00,
    0x00, 0x00, 0x00, 0x00, 0x00, 0x5f, 0xff, 0xe1,
    0x00, 0x00, 0x00, 0x00, 0x00, 0x05, 0xff, 0xff,
    0x20, 0x00, 0x00, 0x00, 0x00, 0x00, 0x00, 0x00,
    0x0b, 0xff, 0xfa, 0x00, 0x00, 0x00, 0x00, 0x00,
    0x0d, 0xff, 0xf9, 0x00, 0x00, 0x00, 0x00, 0x00,
    0x00, 0x00, 0x00, 0x02, 0xff, 0xff, 0x30, 0x00,
    0x00, 0x00, 0x00, 0x5f, 0xff, 0xe1, 0x00, 0x00,
    0x00, 0x00, 0x00, 0x00, 0x00, 0x00, 0x00, 0x8f,
    0xff, 0xb0, 0x00, 0x00, 0x00, 0x00, 0xef, 0xff,
    0x60, 0x00, 0x00, 0x00, 0x00, 0x00, 0x00, 0x00,
    0x00, 0x00, 0x1f, 0xfe, 0x60, 0x00, 0x00, 0x00,
    0x07, 0xff, 0xfb, 0x00, 0x00, 0x00, 0x00, 0x00,
    0x00, 0x00, 0x67, 0x77, 0x77, 0x7d, 0xe8, 0x77,
    0x77, 0x77, 0x77, 0x7f, 0xff, 0xf9, 0x77, 0x77,
    0x77, 0x20, 0x00, 0x00, 0x00, 0xef, 0xff, 0xff,
    0xff, 0xff, 0xff, 0xff, 0xff, 0xff, 0xff, 0xff,
    0xff, 0xff, 0xff, 0xff, 0x60, 0x00, 0x00, 0x00,
    0xef, 0xff, 0xff, 0xff, 0xff, 0xff, 0xff, 0xff,
    0xff, 0xff, 0xff, 0xff, 0xff, 0xff, 0xff, 0x60,
    0x00, 0x00, 0x00, 0xef, 0xff, 0xff, 0xff, 0xff,
    0xff, 0xff, 0xff, 0xff, 0xff, 0xff, 0xff, 0xff,
    0xff, 0xff, 0x60, 0x00, 0x00, 0x00, 0x45, 0x55,
    0x55, 0x55, 0x55, 0x55, 0x5f, 0xff, 0xf9, 0x55,
    0x55, 0x55, 0x55, 0x55, 0x55, 0x20, 0x00, 0x00,
    0x00, 0x00, 0x00, 0x00, 0x00, 0x00, 0x00, 0x0f,
    0xff, 0xf6, 0x00, 0x00, 0x00, 0x00, 0x00, 0x00,
    0x00, 0x00, 0x00, 0x00, 0x00, 0x00, 0x00, 0x00,
    0x00, 0x00, 0x0f, 0xff, 0xf6, 0x00, 0x00, 0x00,
    0x00, 0x00, 0x00, 0x00, 0x00, 0x00, 0x00, 0x00,
    0x00, 0x00, 0x00, 0x00, 0x00, 0x0f, 0xff, 0xf6,
    0x00, 0x00, 0x00, 0x00, 0x00, 0x00, 0x00, 0x00,
    0x00, 0x00, 0x00, 0x00, 0x00, 0x00, 0x00, 0x00,
    0x0f, 0xff, 0xf6, 0x00, 0x00, 0x00, 0x00, 0x00,
    0x00, 0x00, 0x00, 0x00, 0x00, 0x00, 0x00, 0x00,
    0x00, 0x00, 0x00, 0x0f, 0xff, 0xf6, 0x00, 0x00,
    0x00, 0x00, 0x00, 0x00, 0x00, 0x00, 0x00, 0x00,
    0x00, 0x00, 0x00, 0x00, 0x00, 0x00, 0x0f, 0xff,
    0xf6, 0x00, 0x00, 0x00, 0x00, 0x00, 0x00, 0x00,
    0x00, 0x06, 0xff, 0xff, 0xff, 0xff, 0xff, 0xff,
    0xff, 0xff, 0xff, 0xff, 0xff, 0xff, 0xff, 0xff,
    0xff, 0xff, 0xff, 0x90, 0x06, 0xff, 0xff, 0xff,
    0xff, 0xff, 0xff, 0xff, 0xff, 0xff, 0xff, 0xff,
    0xff, 0xff, 0xff, 0xff, 0xff, 0xff, 0x90, 0x06,
    0xff, 0xff, 0xff, 0xff, 0xff, 0xff, 0xff, 0xff,
    0xff, 0xff, 0xff, 0xff, 0xff, 0xff, 0xff, 0xff,
    0xff, 0x90, 0x04, 0xaa, 0xaa, 0xaa, 0xaa, 0xaa,
    0xaa, 0xaa, 0xff, 0xff, 0xff, 0xca, 0xaa, 0xaa,
    0xaa, 0xaa, 0xaa, 0xaa, 0x60, 0x00, 0x00, 0x00,
    0x00, 0x00, 0x00, 0x00, 0x02, 0xff, 0xff, 0xff,
    0xc0, 0x00, 0x00, 0x00, 0x00, 0x00, 0x00, 0x00,
    0x00, 0x00, 0x00, 0x00, 0x00, 0x00, 0x00, 0x0a,
    0xff, 0xff, 0xff, 0xf7, 0x00, 0x00, 0x00, 0x00,
    0x00, 0x00, 0x00, 0x00, 0x00, 0x00, 0x00, 0x00,
    0x00, 0x00, 0x4f, 0xff, 0xfe, 0xff, 0xff, 0x30,
    0x00, 0x00, 0x00, 0x00, 0x00, 0x00, 0x00, 0x00,
    0x00, 0x00, 0x00, 0x00, 0x02, 0xef, 0xff, 0xf5,
    0xaf, 0xff, 0xe2, 0x00, 0x00, 0x00, 0x00, 0x00,
    0x00, 0x00, 0x00, 0x00, 0x00, 0x00, 0x00, 0x1d,
    0xff, 0xff, 0xb0, 0x1e, 0xff, 0xfe, 0x20, 0x00,
    0x00, 0x00, 0x00, 0x00, 0x00, 0x00, 0x00, 0x00,
    0x00, 0x02, 0xdf, 0xff, 0xfe, 0x10, 0x04, 0xff,
    0xff, 0xe3, 0x00, 0x00, 0x00, 0x00, 0x00, 0x00,
    0x00, 0x00, 0x00, 0x00, 0x6f, 0xff, 0xff, 0xf3,
    0x00, 0x00, 0x6f, 0xff, 0xff, 0x70, 0x00, 0x00,
    0x00, 0x00, 0x00, 0x00, 0x00, 0x00, 0x2b, 0xff,
    0xff, 0xff, 0x30, 0x00, 0x00, 0x08, 0xff, 0xff,
    0xfc, 0x20, 0x00, 0x00, 0x00, 0x00, 0x00, 0x00,
    0x19, 0xff, 0xff, 0xff, 0xe2, 0x00, 0x00, 0x00,
    0x00, 0x7f, 0xff, 0xff, 0xfa, 0x20, 0x00, 0x00,
    0x00, 0x00, 0x3a, 0xff, 0xff, 0xff, 0xfa, 0x10,
    0x00, 0x00, 0x00, 0x00, 0x06, 0xff, 0xff, 0xff,
    0xfb, 0x50, 0x00, 0x02, 0x7d, 0xff, 0xff, 0xff,
    0xfe, 0x50, 0x00, 0x00, 0x00, 0x00, 0x00, 0x00,
    0x2d, 0xff, 0xff, 0xff, 0xff, 0xb4, 0x1e, 0xff,
    0xff, 0xff, 0xff, 0x80, 0x00, 0x00, 0x00, 0x00,
    0x00, 0x00, 0x00, 0x00, 0x8f, 0xff, 0xff, 0xff,
    0xd1, 0x02, 0xff, 0xff, 0xff, 0x81, 0x00, 0x00,
    0x00, 0x00, 0x00, 0x00, 0x00, 0x00, 0x00, 0x01,
    0x9f, 0xff, 0xff, 0x30, 0x00, 0x4f, 0xfc, 0x60,
    0x00, 0x00, 0x00, 0x00, 0x00, 0x00, 0x00, 0x00,
    0x00, 0x00, 0x00, 0x01, 0x7c, 0xf8, 0x00, 0x00,
    0x05, 0x20, 0x00, 0x00, 0x00, 0x00, 0x00, 0x00,
    0x00, 0x00, 0x00, 0x00, 0x00, 0x00, 0x00, 0x00,
    0x20, 0x00,

    /* U+5185 "内" */
    0x00, 0x00, 0x00, 0x00, 0x00, 0x00, 0x00, 0x0a,
    0xcc, 0xc0, 0x00, 0x00, 0x00, 0x00, 0x00, 0x00,
    0x00, 0x00, 0x00, 0x00, 0x00, 0x00, 0x00, 0x00,
    0x0d, 0xff, 0xf1, 0x00, 0x00, 0x00, 0x00, 0x00,
    0x00, 0x00, 0x00, 0x00, 0x00, 0x00, 0x00, 0x00,
    0x00, 0x0d, 0xff, 0xf1, 0x00, 0x00, 0x00, 0x00,
    0x00, 0x00, 0x00, 0x00, 0x00, 0x00, 0x00, 0x00,
    0x00, 0x00, 0x0d, 0xff, 0xf1, 0x00, 0x00, 0x00,
    0x00, 0x00, 0x00, 0x00, 0x00, 0x00, 0x00, 0x00,
    0x00, 0x00, 0x00, 0x0d, 0xff, 0xf1, 0x00, 0x00,
    0x00, 0x00, 0x00, 0x00, 0x00, 0x00, 0x00, 0x00,
    0x00, 0x00, 0x00, 0x00, 0x0d, 0xff, 0xf1, 0x00,
    0x00, 0x00, 0x00, 0x00, 0x00, 0x00, 0x00, 0x00,
    0x00, 0x00, 0x00, 0x00, 0x00, 0x0d, 0xff, 0xf1,
    0x00, 0x00, 0x00, 0x00, 0x00, 0x00, 0x00, 0x1f,
    0xff, 0xff, 0xff, 0xff, 0xff, 0xff, 0xff, 0xff,
    0xff, 0xff, 0xff, 0xff, 0xff, 0xff, 0xff, 0xfa,
    0x1f, 0xff, 0xff, 0xff, 0xff, 0xff, 0xff, 0xff,
    0xff, 0xff, 0xff, 0xff, 0xff, 0xff, 0xff, 0xff,
    0xfa, 0x1f, 0xff, 0xff, 0xff, 0xff, 0xff, 0xff,
    0xff, 0xff, 0xff, 0xff, 0xff, 0xff, 0xff, 0xff,
    0xff, 0xfa, 0x1f, 0xff, 0xeb, 0xbb, 0xbb, 0xbb,
    0xbb, 0xbf, 0xff, 0xfb, 0xbb, 0xbb, 0xbb, 0xbb,
    0xbb, 0xff, 0xfa, 0x1f, 0xff, 0xb0, 0x00, 0x00,
    0x00, 0x00, 0x0f, 0xff, 0xf0, 0x00, 0x00, 0x00,
    0x00, 0x01, 0xff, 0xfa, 0x1f, 0xff, 0xb0, 0x00,
    0x00, 0x00, 0x00, 0x0f, 0xff, 0xd0, 0x00, 0x00,
    0x00, 0x00, 0x01, 0xff, 0xfa, 0x1f, 0xff, 0xb0,
    0x00, 0x00, 0x00, 0x00, 0x2f, 0xff, 0xb0, 0x00,
    0x00, 0x00, 0x00, 0x01, 0xff, 0xfa, 0x1f, 0xff,
    0xb0, 0x00, 0x00, 0x00, 0x00, 0x5f, 0xff, 0x90,
    0x00, 0x00, 0x00, 0x00, 0x01, 0xff, 0xfa, 0x1f,
    0xff, 0xb0, 0x00, 0x00, 0x00, 0x00, 0x9f, 0xff,
    0x80, 0x00, 0x00, 0x00, 0x00, 0x01, 0xff, 0xfa,
    0x1f, 0xff, 0xb0, 0x00, 0x00, 0x00, 0x00, 0xdf,
    0xff, 0xf7, 0x00, 0x00, 0x00, 0x00, 0x01, 0xff,
    0xfa, 0x1f, 0xff, 0xb0, 0x00, 0x00, 0x00, 0x03,
    0xff, 0xff, 0xff, 0x90, 0x00, 0x00, 0x00, 0x01,
    0xff, 0xfa, 0x1f, 0xff, 0xb0, 0x00, 0x00, 0x00,
    0x0a, 0xff, 0xff, 0xff, 0xfa, 0x00, 0x00, 0x00,
    0x01, 0xff, 0xfa, 0x1f, 0xff, 0xb0, 0x00, 0x00,
    0x00, 0x3f, 0xff, 0xf8, 0xff, 0xff, 0xc1, 0x00,
    0x00, 0x01, 0xff, 0xfa, 0x1f, 0xff, 0xb0, 0x00,
    0x00, 0x00, 0xdf, 0xff, 0x80, 0x6f, 0xff, 0xfd,
    0x10, 0x00, 0x01, 0xff, 0xfa, 0x1f, 0xff, 0xb0,
    0x00, 0x00, 0x0a, 0xff, 0xfe, 0x00, 0x05, 0xff,
    0xff, 0xd1, 0x00, 0x01, 0xff, 0xfa, 0x1f, 0xff,
    0xb0, 0x00, 0x00, 0x8f, 0xff, 0xf4, 0x00, 0x00,
    0x5f, 0xff, 0xfd, 0x10, 0x01, 0xff, 0xfa, 0x1f,
    0xff, 0xb0, 0x00, 0x09, 0xff, 0xff, 0x80, 0x00,
    0x00, 0x05, 0xff, 0xff, 0xd1, 0x01, 0xff, 0xfa,
    0x1f, 0xff, 0xb0, 0x01, 0xcf, 0xff, 0xfa, 0x00,
    0x00, 0x00, 0x00, 0x6f, 0xff, 0xfd, 0x11, 0xff,
    0xfa, 0x1f, 0xff, 0xb0, 0x6f, 0xff, 0xff, 0xb0,
    0x00, 0x00, 0x00, 0x00, 0x06, 0xff, 0xff, 0xc2,
    0xff, 0xfa, 0x1f, 0xff, 0xb6, 0xff, 0xff, 0xf9,
    0x00, 0x00, 0x00, 0x00, 0x00, 0x00, 0x8f, 0xff,
    0xa1, 0xff, 0xfa, 0x1f, 0xff, 0xb0, 0x6f, 0xff,
    0x60, 0x00, 0x00, 0x00, 0x00, 0x00, 0x00, 0x0a,
    0xf6, 0x01, 0xff, 0xfa, 0x1f, 0xff, 0xb0, 0x08,
    0xb2, 0x00, 0x00, 0x00, 0x00, 0x00, 0x00, 0x00,
    0x00, 0x20, 0x01, 0xff, 0xfa, 0x1f, 0xff, 0xb0,
    0x00, 0x00, 0x00, 0x00, 0x00, 0x00, 0x00, 0x00,
    0x00, 0x00, 0x00, 0x01, 0xff, 0xfa, 0x1f, 0xff,
    0xb0, 0x00, 0x00, 0x00, 0x00, 0x00, 0x00, 0x00,
    0x00, 0x00, 0x00, 0x00, 0x01, 0xff, 0xfa, 0x1f,
    0xff, 0xb0, 0x00, 0x00, 0x00, 0x00, 0x00, 0x00,
    0x00, 0x00, 0x00, 0x00, 0x00, 0x01, 0xff, 0xfa,
    0x1f, 0xff, 0xb0, 0x00, 0x00, 0x00, 0x00, 0x00,
    0x00, 0x00, 0x00, 0x00, 0x00, 0x00, 0x02, 0xff,
    0xfa, 0x1f, 0xff, 0xb0, 0x00, 0x00, 0x00, 0x00,
    0x00, 0x00, 0x00, 0x00, 0x2d, 0xdc, 0xcc, 0xce,
    0xff, 0xf9, 0x1f, 0xff, 0xb0, 0x00, 0x00, 0x00,
    0x00, 0x00, 0x00, 0x00, 0x00, 0x0c, 0xff, 0xff,
    0xff, 0xff, 0xf5, 0x1f, 0xff, 0xb0, 0x00, 0x00,
    0x00, 0x00, 0x00, 0x00, 0x00, 0x00, 0x07, 0xff,
    0xff, 0xff, 0xff, 0xb0, 0x1f, 0xff, 0xb0, 0x00,
    0x00, 0x00, 0x00, 0x00, 0x00, 0x00, 0x00, 0x02,
    0xee, 0xed, 0xdb, 0x94, 0x00,

    /* U+51FA "出" */
    0x00, 0x00, 0x00, 0x00, 0x00, 0x00, 0x00, 0x2b,
    0xbb, 0xb0, 0x00, 0x00, 0x00, 0x00, 0x00, 0x00,
    0x00, 0x00, 0x00, 0x00, 0x00, 0x00, 0x00, 0x03,
    0xff, 0xff, 0x00, 0x00, 0x00, 0x00, 0x00, 0x00,
    0x00, 0x00, 0x00, 0x00, 0x00, 0x00, 0x00, 0x00,
    0x3f, 0xff, 0xf0, 0x00, 0x00, 0x00, 0x00, 0x00,
    0x00, 0x00, 0x00, 0x33, 0x32, 0x00, 0x00, 0x00,
    0x03, 0xff, 0xff, 0x00, 0x00, 0x00, 0x00, 0x23,
    0x33, 0x00, 0x00, 0x3f, 0xff, 0xc0, 0x00, 0x00,
    0x00, 0x3f, 0xff, 0xf0, 0x00, 0x00, 0x00, 0x0e,
    0xff, 0xf4, 0x00, 0x03, 0xff, 0xfc, 0x00, 0x00,
    0x00, 0x03, 0xff, 0xff, 0x00, 0x00, 0x00, 0x00,
    0xef, 0xff, 0x40, 0x00, 0x3f, 0xff, 0xc0, 0x00,
    0x00, 0x00, 0x3f, 0xff, 0xf0, 0x00, 0x00, 0x00,
    0x0e, 0xff, 0xf4, 0x00, 0x03, 0xff, 0xfc, 0x00,
    0x00, 0x00, 0x03, 0xff, 0xff, 0x00, 0x00, 0x00,
    0x00, 0xef, 0xff, 0x40, 0x00, 0x3f, 0xff, 0xc0,
    0x00, 0x00, 0x00, 0x3f, 0xff, 0xf0, 0x00, 0x00,
    0x00, 0x0e, 0xff, 0xf4, 0x00, 0x03, 0xff, 0xfc,
    0x00, 0x00, 0x00, 0x03, 0xff, 0xff, 0x00, 0x00,
    0x00, 0x00, 0xef, 0xff, 0x40, 0x00, 0x3f, 0xff,
    0xc0, 0x00, 0x00, 0x00, 0x3f, 0xff, 0xf0, 0x00,
    0x00, 0x00, 0x0e, 0xff, 0xf4, 0x00, 0x03, 0xff,
    0xfc, 0x00, 0x00, 0x00, 0x03, 0xff, 0xff, 0x00,
    0x00, 0x00, 0x00, 0xef, 0xff, 0x40, 0x00, 0x3f,
    0xff, 0xc0, 0x00, 0x00, 0x00, 0x3f, 0xff, 0xf0,
    0x00, 0x00, 0x00, 0x0e, 0xff, 0xf4, 0x00, 0x03,
    0xff, 0xfc, 0x00, 0x00, 0x00, 0x03, 0xff, 0xff,
    0x00, 0x00, 0x00, 0x00, 0xef, 0xff, 0x40, 0x00,
    0x3f, 0xff, 0xfb, 0xbb, 0xbb, 0xbb, 0xcf, 0xff,
    0xfb, 0xbb, 0xbb, 0xbb, 0xbf, 0xff, 0xf4, 0x00,
    0x03, 0xff, 0xff, 0xff, 0xff, 0xff, 0xff, 0xff,
    0xff, 0xff, 0xff, 0xff, 0xff, 0xff, 0xff, 0x40,
    0x00, 0x3f, 0xff, 0xff, 0xff, 0xff, 0xff, 0xff,
    0xff, 0xff, 0xff, 0xff, 0xff, 0xff, 0xff, 0xf4,
    0x00, 0x03, 0xff, 0xff, 0xff, 0xff, 0xff, 0xff,
    0xff, 0xff, 0xff, 0xff, 0xff, 0xff, 0xff, 0xff,
    0x40, 0x00, 0x00, 0x00, 0x00, 0x00, 0x00, 0x00,
    0x3f, 0xff, 0xf0, 0x00, 0x00, 0x00, 0x00, 0x00,
    0x00, 0x00, 0x00, 0x00, 0x00, 0x00, 0x00, 0x00,
    0x03, 0xff, 0xff, 0x00, 0x00, 0x00, 0x00, 0x00,
    0x00, 0x00, 0x2d, 0xdd, 0xd0, 0x00, 0x00, 0x00,
    0x00, 0x3f, 0xff, 0xf0, 0x00, 0x00, 0x00, 0x00,
    0x4e, 0xee, 0xc2, 0xff, 0xff, 0x00, 0x00, 0x00,
    0x00, 0x03, 0xff, 0xff, 0x00, 0x00, 0x00, 0x00,
    0x05, 0xff, 0xfd, 0x2f, 0xff, 0xf0, 0x00, 0x00,
    0x00, 0x00, 0x3f, 0xff, 0xf0, 0x00, 0x00, 0x00,
    0x00, 0x5f, 0xff, 0xd2, 0xff, 0xff, 0x00, 0x00,
    0x00, 0x00, 0x03, 0xff, 0xff, 0x00, 0x00, 0x00,
    0x00, 0x05, 0xff, 0xfd, 0x2f, 0xff, 0xf0, 0x00,
    0x00, 0x00, 0x00, 0x3f, 0xff, 0xf0, 0x00, 0x00,
    0x00, 0x00, 0x5f, 0xff, 0xd2, 0xff, 0xff, 0x00,
    0x00, 0x00, 0x00, 0x03, 0xff, 0xff, 0x00, 0x00,
    0x00, 0x00, 0x05, 0xff, 0xfd, 0x2f, 0xff, 0xf0,
    0x00, 0x00, 0x00, 0x00, 0x3f, 0xff, 0xf0, 0x00,
    0x00, 0x00, 0x00, 0x5f, 0xff, 0xd2, 0xff, 0xff,
    0x00, 0x00, 0x00, 0x00, 0x03, 0xff, 0xff, 0x00,
    0x00, 0x00, 0x00, 0x05, 0xff, 0xfd, 0x2f, 0xff,
    0xf0, 0x00, 0x00, 0x00, 0x00, 0x3f, 0xff, 0xf0,
    0x00, 0x00, 0x00, 0x00, 0x5f, 0xff, 0xd2, 0xff,
    0xff, 0x00, 0x00, 0x00, 0x00, 0x03, 0xff, 0xff,
    0x00, 0x00, 0x00, 0x00, 0x05, 0xff, 0xfd, 0x2f,
    0xff, 0xf0, 0x00, 0x00, 0x00, 0x00, 0x3f, 0xff,
    0xf0, 0x00, 0x00, 0x00, 0x00, 0x5f, 0xff, 0xd2,
    0xff, 0xff, 0xcc, 0xcc, 0xcc, 0xcc, 0xcd, 0xff,
    0xff, 0xcc, 0xcc, 0xcc, 0xcc, 0xcd, 0xff, 0xfd,
    0x2f, 0xff, 0xff, 0xff, 0xff, 0xff, 0xff, 0xff,
    0xff, 0xff, 0xff, 0xff, 0xff, 0xff, 0xff, 0xff,
    0xd2, 0xff, 0xff, 0xff, 0xff, 0xff, 0xff, 0xff,
    0xff, 0xff, 0xff, 0xff, 0xff, 0xff, 0xff, 0xff,
    0xfd, 0x2f, 0xff, 0xff, 0xff, 0xff, 0xff, 0xff,
    0xff, 0xff, 0xff, 0xff, 0xff, 0xff, 0xff, 0xff,
    0xff, 0xd0, 0x00, 0x00, 0x00, 0x00, 0x00, 0x00,
    0x00, 0x00, 0x00, 0x00, 0x00, 0x00, 0x00, 0x05,
    0xff, 0xfd, 0x00, 0x00, 0x00, 0x00, 0x00, 0x00,
    0x00, 0x00, 0x00, 0x00, 0x00, 0x00, 0x00, 0x00,
    0x5f, 0xff, 0xd0,

    /* U+52A8 "动" */
    0x00, 0x00, 0x00, 0x00, 0x00, 0x00, 0x00, 0x00,
    0x00, 0x00, 0x00, 0x00, 0x11, 0x10, 0x00, 0x00,
    0x00, 0x00, 0x00, 0x00, 0x00, 0x00, 0x00, 0x00,
    0x00, 0x00, 0x00, 0x00, 0x00, 0x08, 0xff, 0xf3,
    0x00, 0x00, 0x00, 0x00, 0x00, 0x00, 0x00, 0x00,
    0x00, 0x00, 0x00, 0x00, 0x00, 0x00, 0x00, 0x08,
    0xff, 0xf3, 0x00, 0x00, 0x00, 0x00, 0x03, 0x66,
    0x66, 0x66, 0x66, 0x66, 0x66, 0x66, 0x60, 0x00,
    0x00, 0x08, 0xff, 0xf3, 0x00, 0x00, 0x00, 0x00,
    0x08, 0xff, 0xff, 0xff, 0xff, 0xff, 0xff, 0xff,
    0xf0, 0x00, 0x00, 0x08, 0xff, 0xf3, 0x00, 0x00,
    0x00, 0x00, 0x08, 0xff, 0xff, 0xff, 0xff, 0xff,
    0xff, 0xff, 0xf0, 0x00, 0x00, 0x08, 0xff, 0xf2,
    0x00, 0x00, 0x00, 0x00, 0x08, 0xff, 0xff, 0xff,
    0xff, 0xff, 0xff, 0xff, 0xf0, 0x00, 0x00, 0x09,
    0xff, 0xf2, 0x00, 0x00, 0x00, 0x00, 0x00, 0x00,
    0x00, 0x00, 0x00, 0x00, 0x00, 0x00, 0x00, 0x00,
    0x00, 0x09, 0xff, 0xf2, 0x00, 0x00, 0x00, 0x00,
    0x00, 0x00, 0x00, 0x00, 0x00, 0x00, 0x00, 0x00,
    0x00, 0x00, 0x00, 0x09, 0xff, 0xf1, 0x00, 0x00,
    0x00, 0x00, 0x00, 0x00, 0x00, 0x00, 0x00, 0x00,
    0x00, 0x00, 0x00, 0x8a, 0xaa, 0xae, 0xff, 0xfb,
    0xaa, 0xaa, 0xbc, 0xb9, 0x00, 0x00, 0x00, 0x00,
    0x00, 0x00, 0x00, 0x00, 0x00, 0xcf, 0xff, 0xff,
    0xff, 0xff, 0xff, 0xff, 0xff, 0xfe, 0x00, 0x00,
    0x00, 0x00, 0x00, 0x00, 0x00, 0x00, 0x00, 0xcf,
    0xff, 0xff, 0xff, 0xff, 0xff, 0xff, 0xff, 0xfe,
    0x22, 0x22, 0x22, 0x22, 0x22, 0x22, 0x22, 0x22,
    0x21, 0xae, 0xee, 0xef, 0xff, 0xfe, 0xee, 0xee,
    0xff, 0xfe, 0xff, 0xff, 0xff, 0xff, 0xff, 0xff,
    0xff, 0xff, 0xfb, 0x00, 0x00, 0x0c, 0xff, 0xf0,
    0x00, 0x00, 0xef, 0xfd, 0xff, 0xff, 0xff, 0xff,
    0xff, 0xff, 0xff, 0xff, 0xfb, 0x00, 0x00, 0x0d,
    0xff, 0xe0, 0x00, 0x00, 0xef, 0xfc, 0xff, 0xff,
    0xff, 0xff, 0xff, 0xff, 0xff, 0xff, 0xfb, 0x00,
    0x00, 0x0e, 0xff, 0xc0, 0x00, 0x00, 0xff, 0xfc,
    0x45, 0x55, 0x5d, 0xff, 0xf6, 0x55, 0x55, 0x55,
    0x53, 0x00, 0x00, 0x0f, 0xff, 0xb0, 0x00, 0x00,
    0xff, 0xfb, 0x00, 0x00, 0x0e, 0xff, 0xf0, 0x00,
    0x00, 0x00, 0x00, 0x00, 0x00, 0x1f, 0xff, 0xa0,
    0x00, 0x00, 0xff, 0xfb, 0x00, 0x00, 0x2f, 0xff,
    0xa0, 0x00, 0x00, 0x00, 0x00, 0x00, 0x00, 0x3f,
    0xff, 0x80, 0x00, 0x00, 0xff, 0xfa, 0x00, 0x00,
    0x6f, 0xff, 0x60, 0x00, 0x04, 0x70, 0x00, 0x00,
    0x00, 0x5f, 0xff, 0x60, 0x00, 0x01, 0xff, 0xf9,
    0x00, 0x00, 0xbf, 0xff, 0x10, 0x01, 0xff, 0xf3,
    0x00, 0x00, 0x00, 0x7f, 0xff, 0x40, 0x00, 0x02,
    0xff, 0xf9, 0x00, 0x00, 0xff, 0xfc, 0x00, 0x00,
    0xcf, 0xfa, 0x00, 0x00, 0x00, 0xaf, 0xff, 0x10,
    0x00, 0x02, 0xff, 0xf8, 0x00, 0x04, 0xff, 0xf6,
    0x00, 0x00, 0x6f, 0xff, 0x10, 0x00, 0x00, 0xdf,
    0xff, 0x00, 0x00, 0x03, 0xff, 0xf7, 0x00, 0x0a,
    0xff, 0xf1, 0x00, 0x00, 0x1f, 0xff, 0x60, 0x00,
    0x01, 0xff, 0xfc, 0x00, 0x00, 0x04, 0xff, 0xf6,
    0x00, 0x0f, 0xff, 0xb0, 0x00, 0x00, 0x0a, 0xff,
    0xc0, 0x00, 0x05, 0xff, 0xf8, 0x00, 0x00, 0x05,
    0xff, 0xf5, 0x00, 0x5f, 0xff, 0x50, 0x00, 0x00,
    0x05, 0xff, 0xf2, 0x00, 0x09, 0xff, 0xf4, 0x00,
    0x00, 0x06, 0xff, 0xf4, 0x00, 0xbf, 0xfe, 0x00,
    0x02, 0x59, 0xcf, 0xff, 0xf8, 0x00, 0x0e, 0xff,
    0xf0, 0x00, 0x00, 0x07, 0xff, 0xf3, 0x03, 0xff,
    0xfb, 0x7a, 0xef, 0xff, 0xff, 0xff, 0xfe, 0x00,
    0x4f, 0xff, 0xb0, 0x00, 0x00, 0x08, 0xff, 0xf2,
    0x0b, 0xff, 0xff, 0xff, 0xff, 0xff, 0xff, 0xff,
    0xff, 0x30, 0xbf, 0xff, 0x60, 0x00, 0x00, 0x0a,
    0xff, 0xf1, 0x6f, 0xff, 0xff, 0xff, 0xff, 0xfe,
    0xa6, 0x3f, 0xff, 0x82, 0xff, 0xff, 0x10, 0x00,
    0x00, 0x0c, 0xff, 0xf0, 0x1f, 0xff, 0xff, 0xfe,
    0xa6, 0x20, 0x00, 0x0c, 0xfc, 0x5b, 0xff, 0xfa,
    0x00, 0x00, 0x00, 0x0f, 0xff, 0xe0, 0x0c, 0xff,
    0xb6, 0x20, 0x00, 0x00, 0x00, 0x03, 0x10, 0x5f,
    0xff, 0xf2, 0x00, 0x00, 0x00, 0x2f, 0xff, 0xb0,
    0x05, 0x50, 0x00, 0x00, 0x00, 0x00, 0x00, 0x00,
    0x01, 0xef, 0xff, 0xa0, 0x00, 0x00, 0x00, 0x9f,
    0xff, 0x90, 0x00, 0x00, 0x00, 0x00, 0x00, 0x00,
    0x00, 0x00, 0x0c, 0xff, 0xff, 0x20, 0xab, 0xa9,
    0x9b, 0xff, 0xff, 0x40, 0x00, 0x00, 0x00, 0x00,
    0x00, 0x00, 0x00, 0x00, 0xaf, 0xff, 0xf6, 0x00,
    0x8f, 0xff, 0xff, 0xff, 0xfe, 0x00, 0x00, 0x00,
    0x00, 0x00, 0x00, 0x00, 0x00, 0x00, 0x1c, 0xff,
    0xa0, 0x00, 0x3f, 0xff, 0xff, 0xff, 0xf4, 0x00,
    0x00, 0x00, 0x00, 0x00, 0x00, 0x00, 0x00, 0x00,
    0x00, 0xcc, 0x00, 0x00, 0x0e, 0xff, 0xff, 0xea,
    0x30, 0x00, 0x00, 0x00, 0x00, 0x00, 0x00, 0x00,
    0x00, 0x00, 0x00, 0x10, 0x00, 0x00, 0x00, 0x00,
    0x00, 0x00, 0x00, 0x00,

    /* U+52FF "勿" */
    0x00, 0x00, 0x00, 0x00, 0x08, 0xa6, 0x20, 0x00,
    0x00, 0x00, 0x00, 0x00, 0x00, 0x00, 0x00, 0x00,
    0x00, 0x00, 0x00, 0x00, 0x00, 0x00, 0x00, 0xef,
    0xff, 0x40, 0x00, 0x00, 0x00, 0x00, 0x00, 0x00,
    0x00, 0x00, 0x00, 0x00, 0x00, 0x00, 0x00, 0x00,
    0x00, 0x3f, 0xff, 0xe0, 0x00, 0x00, 0x00, 0x00,
    0x00, 0x00, 0x00, 0x00, 0x00, 0x00, 0x00, 0x00,
    0x00, 0x00, 0x00, 0x09, 0xff, 0xf9, 0x00, 0x00,
    0x00, 0x00, 0x00, 0x00, 0x00, 0x00, 0x00, 0x00,
    0x00, 0x00, 0x00, 0x00, 0x00, 0x00, 0xef, 0xff,
    0x30, 0x00, 0x00, 0x00, 0x00, 0x00, 0x00, 0x00,
    0x00, 0x00, 0x00, 0x00, 0x00, 0x00, 0x00, 0x00,
    0x5f, 0xff, 0xd0, 0x00, 0x00, 0x00, 0x00, 0x00,
    0x00, 0x00, 0x00, 0x00, 0x00, 0x00, 0x00, 0x00,
    0x00, 0x00, 0x0c, 0xff, 0xfe, 0xbb, 0xbb, 0xbb,
    0xbb, 0xbb, 0xbb, 0xbb, 0xbb, 0xbb, 0xbb, 0xbb,
    0xbb, 0x30, 0x00, 0x00, 0x03, 0xff, 0xff, 0xff,
    0xff, 0xff, 0xff, 0xff, 0xff, 0xff, 0xff, 0xff,
    0xff, 0xff, 0xff, 0xf4, 0x00, 0x00, 0x00, 0xbf,
    0xff, 0xff, 0xff, 0xff, 0xff, 0xff, 0xff, 0xff,
    0xff, 0xff, 0xff, 0xff, 0xff, 0xff, 0x30, 0x00,
    0x00, 0x3f, 0xff, 0xff, 0xff, 0xff, 0xff, 0xff,
    0xff, 0xff, 0xff, 0xff, 0xff, 0xff, 0xff, 0xff,
    0xf2, 0x00, 0x00, 0x0b, 0xff, 0xfb, 0x00, 0x00,
    0x8f, 0xff, 0x90, 0x00, 0x05, 0xff, 0xfa, 0x00,
    0x00, 0xbf, 0xff, 0x10, 0x00, 0x05, 0xff, 0xff,
    0x30, 0x00, 0x0d, 0xff, 0xf3, 0x00, 0x00, 0x8f,
    0xff, 0x60, 0x00, 0x0c, 0xff, 0xf1, 0x00, 0x00,
    0xef, 0xff, 0xa0, 0x00, 0x02, 0xff, 0xfe, 0x00,
    0x00, 0x0b, 0xff, 0xf2, 0x00, 0x00, 0xcf, 0xff,
    0x00, 0x00, 0x9f, 0xff, 0xf1, 0x00, 0x00, 0x8f,
    0xff, 0x80, 0x00, 0x00, 0xef, 0xff, 0x00, 0x00,
    0x0d, 0xff, 0xf0, 0x00, 0x5f, 0xff, 0xf7, 0x00,
    0x00, 0x0e, 0xff, 0xf2, 0x00, 0x00, 0x3f, 0xff,
    0xb0, 0x00, 0x00, 0xef, 0xff, 0x00, 0x2f, 0xff,
    0xfd, 0x00, 0x00, 0x05, 0xff, 0xfb, 0x00, 0x00,
    0x07, 0xff, 0xf7, 0x00, 0x00, 0x0e, 0xff, 0xe0,
    0x1d, 0xff, 0xff, 0x30, 0x00, 0x00, 0xcf, 0xff,
    0x50, 0x00, 0x00, 0xbf, 0xff, 0x20, 0x00, 0x00,
    0xff, 0xfd, 0x0a, 0xff, 0xff, 0x70, 0x00, 0x00,
    0x4f, 0xff, 0xd0, 0x00, 0x00, 0x0f, 0xff, 0xe0,
    0x00, 0x00, 0x0f, 0xff, 0xc0, 0x07, 0xff, 0xa0,
    0x00, 0x00, 0x0c, 0xff, 0xf6, 0x00, 0x00, 0x05,
    0xff, 0xf9, 0x00, 0x00, 0x01, 0xff, 0xfb, 0x00,
    0x03, 0xb0, 0x00, 0x00, 0x04, 0xff, 0xfe, 0x00,
    0x00, 0x00, 0xaf, 0xff, 0x40, 0x00, 0x00, 0x2f,
    0xff, 0xa0, 0x00, 0x00, 0x00, 0x00, 0x00, 0xdf,
    0xff, 0x70, 0x00, 0x00, 0x0f, 0xff, 0xe0, 0x00,
    0x00, 0x03, 0xff, 0xf9, 0x00, 0x00, 0x00, 0x00,
    0x00, 0x7f, 0xff, 0xd0, 0x00, 0x00, 0x06, 0xff,
    0xf9, 0x00, 0x00, 0x00, 0x4f, 0xff, 0x80, 0x00,
    0x00, 0x00, 0x00, 0x2f, 0xff, 0xf5, 0x00, 0x00,
    0x00, 0xcf, 0xff, 0x40, 0x00, 0x00, 0x06, 0xff,
    0xf7, 0x00, 0x00, 0x00, 0x00, 0x0c, 0xff, 0xfb,
    0x00, 0x00, 0x00, 0x3f, 0xff, 0xd0, 0x00, 0x00,
    0x00, 0x7f, 0xff, 0x50, 0x00, 0x00, 0x00, 0x08,
    0xff, 0xff, 0x20, 0x00, 0x00, 0x0b, 0xff, 0xf7,
    0x00, 0x00, 0x00, 0x09, 0xff, 0xf4, 0x00, 0x00,
    0x00, 0x05, 0xff, 0xff, 0x70, 0x00, 0x00, 0x03,
    0xff, 0xff, 0x00, 0x00, 0x00, 0x00, 0xaf, 0xff,
    0x20, 0x00, 0x00, 0x03, 0xff, 0xff, 0xb0, 0x00,
    0x00, 0x00, 0xbf, 0xff, 0x80, 0x00, 0x00, 0x00,
    0x0c, 0xff, 0xf1, 0x00, 0x00, 0x03, 0xef, 0xff,
    0xe1, 0x00, 0x00, 0x00, 0x4f, 0xff, 0xf1, 0x00,
    0x00, 0x00, 0x00, 0xef, 0xff, 0x00, 0x00, 0x03,
    0xff, 0xff, 0xf3, 0x00, 0x00, 0x00, 0x0e, 0xff,
    0xf8, 0x00, 0x00, 0x00, 0x00, 0x1f, 0xff, 0xd0,
    0x00, 0x05, 0xff, 0xff, 0xf5, 0x00, 0x00, 0x00,
    0x09, 0xff, 0xfe, 0x00, 0x00, 0x00, 0x00, 0x03,
    0xff, 0xfb, 0x00, 0x00, 0x9f, 0xff, 0xf6, 0x00,
    0x00, 0x00, 0x05, 0xff, 0xff, 0x60, 0x00, 0x00,
    0x00, 0x00, 0x7f, 0xff, 0x80, 0x00, 0x00, 0x6f,
    0xf6, 0x00, 0x00, 0x00, 0x03, 0xff, 0xff, 0xb0,
    0x00, 0x00, 0x00, 0x00, 0x0c, 0xff, 0xf5, 0x00,
    0x00, 0x00, 0x45, 0x00, 0x00, 0x00, 0x02, 0xef,
    0xff, 0xe1, 0x00, 0x00, 0x00, 0x00, 0x04, 0xff,
    0xff, 0x20, 0x00, 0x00, 0x00, 0x00, 0x00, 0x00,
    0x03, 0xef, 0xff, 0xf4, 0x00, 0x01, 0xcb, 0xba,
    0xab, 0xff, 0xff, 0xd0, 0x00, 0x00, 0x00, 0x00,
    0x00, 0x00, 0x01, 0xef, 0xff, 0xf7, 0x00, 0x00,
    0x0b, 0xff, 0xff, 0xff, 0xff, 0xf5, 0x00, 0x00,
    0x00, 0x00, 0x00, 0x00, 0x00, 0x02, 0xcf, 0xf8,
    0x00, 0x00, 0x00, 0x6f, 0xff, 0xff, 0xff, 0xf9,
    0x00, 0x00, 0x00, 0x00, 0x00, 0x00, 0x00, 0x00,
    0x00, 0x98, 0x00, 0x00, 0x00, 0x03, 0xff, 0xff,
    0xfe, 0xb5, 0x00, 0x00, 0x00, 0x00, 0x00, 0x00,
    0x00, 0x00, 0x00, 0x00, 0x00, 0x00, 0x00, 0x00,
    0x00, 0x00, 0x00, 0x00, 0x00, 0x00, 0x00,

    /* U+5341 "十" */
    0x00, 0x00, 0x00, 0x00, 0x00, 0x00, 0x00, 0x00,
    0xcc, 0xcc, 0x10, 0x00, 0x00, 0x00, 0x00, 0x00,
    0x00, 0x00, 0x00, 0x00, 0x00, 0x00, 0x00, 0x00,
    0x00, 0x00, 0x0f, 0xff, 0xf2, 0x00, 0x00, 0x00,
    0x00, 0x00, 0x00, 0x00, 0x00, 0x00, 0x00, 0x00,
    0x00, 0x00, 0x00, 0x00, 0x00, 0xff, 0xff, 0x20,
    0x00, 0x00, 0x00, 0x00, 0x00, 0x00, 0x00, 0x00,
    0x00, 0x00, 0x00, 0x00, 0x00, 0x00, 0x00, 0x0f,
    0xff, 0xf2, 0x00, 0x00, 0x00, 0x00, 0x00, 0x00,
    0x00, 0x00, 0x00, 0x00, 0x00, 0x00, 0x00, 0x00,
    0x00, 0x00, 0xff, 0xff, 0x20, 0x00, 0x00, 0x00,
    0x00, 0x00, 0x00, 0x00, 0x00, 0x00, 0x00, 0x00,
    0x00, 0x00, 0x00, 0x00, 0x0f, 0xff, 0xf2, 0x00,
    0x00, 0x00, 0x00, 0x00, 0x00, 0x00, 0x00, 0x00,
    0x00, 0x00, 0x00, 0x00, 0x00, 0x00, 0x00, 0xff,
    0xff, 0x20, 0x00, 0x00, 0x00, 0x00, 0x00, 0x00,
    0x00, 0x00, 0x00, 0x00, 0x00, 0x00, 0x00, 0x00,
    0x00, 0x0f, 0xff, 0xf2, 0x00, 0x00, 0x00, 0x00,
    0x00, 0x00, 0x00, 0x00, 0x00, 0x00, 0x00, 0x00,
    0x00, 0x00, 0x00, 0x00, 0xff, 0xff, 0x20, 0x00,
    0x00, 0x00, 0x00, 0x00, 0x00, 0x00, 0x00, 0x00,
    0x00, 0x00, 0x00, 0x00, 0x00, 0x00, 0x0f, 0xff,
    0xf2, 0x00, 0x00, 0x00, 0x00, 0x00, 0x00, 0x00,
    0x00, 0x00, 0x00, 0x00, 0x00, 0x00, 0x00, 0x00,
    0x00, 0xff, 0xff, 0x20, 0x00, 0x00, 0x00, 0x00,
    0x00, 0x00, 0x00, 0x00, 0x00, 0x00, 0x00, 0x00,
    0x00, 0x00, 0x00, 0x0f, 0xff, 0xf2, 0x00, 0x00,
    0x00, 0x00, 0x00, 0x00, 0x00, 0x00, 0x00, 0x00,
    0x00, 0x00, 0x00, 0x00, 0x00, 0x00, 0xff, 0xff,
    0x20, 0x00, 0x00, 0x00, 0x00, 0x00, 0x00, 0x00,
    0x00, 0x00, 0x00, 0x00, 0x00, 0x00, 0x00, 0x00,
    0x0f, 0xff, 0xf2, 0x00, 0x00, 0x00, 0x00, 0x00,
    0x00, 0x00, 0x00, 0x00, 0x00, 0x00, 0x00, 0x00,
    0x00, 0x00, 0x00, 0xff, 0xff, 0x20, 0x00, 0x00,
    0x00, 0x00, 0x00, 0x00, 0x00, 0x0e, 0xff, 0xff,
    0xff, 0xff, 0xff, 0xff, 0xff, 0xff, 0xff, 0xff,
    0xff, 0xff, 0xff, 0xff, 0xff, 0xff, 0xff, 0xf3,
    0xef, 0xff, 0xff, 0xff, 0xff, 0xff, 0xff, 0xff,
    0xff, 0xff, 0xff, 0xff, 0xff, 0xff, 0xff, 0xff,
    0xff, 0xff, 0x3e, 0xff, 0xff, 0xff, 0xff, 0xff,
    0xff, 0xff, 0xff, 0xff, 0xff, 0xff, 0xff, 0xff,
    0xff, 0xff, 0xff, 0xff, 0xf3, 0xce, 0xee, 0xee,
    0xee, 0xee, 0xee, 0xee, 0xee, 0xff, 0xff, 0xee,
    0xee, 0xee, 0xee, 0xee, 0xee, 0xee, 0xee, 0x30,
    0x00, 0x00, 0x00, 0x00, 0x00, 0x00, 0x00, 0x0f,
    0xff, 0xf2, 0x00, 0x00, 0x00, 0x00, 0x00, 0x00,
    0x00, 0x00, 0x00, 0x00, 0x00, 0x00, 0x00, 0x00,
    0x00, 0x00, 0xff, 0xff, 0x20, 0x00, 0x00, 0x00,
    0x00, 0x00, 0x00, 0x00, 0x00, 0x00, 0x00, 0x00,
    0x00, 0x00, 0x00, 0x00, 0x0f, 0xff, 0xf2, 0x00,
    0x00, 0x00, 0x00, 0x00, 0x00, 0x00, 0x00, 0x00,
    0x00, 0x00, 0x00, 0x00, 0x00, 0x00, 0x00, 0xff,
    0xff, 0x20, 0x00, 0x00, 0x00, 0x00, 0x00, 0x00,
    0x00, 0x00, 0x00, 0x00, 0x00, 0x00, 0x00, 0x00,
    0x00, 0x0f, 0xff, 0xf2, 0x00, 0x00, 0x00, 0x00,
    0x00, 0x00, 0x00, 0x00, 0x00, 0x00, 0x00, 0x00,
    0x00, 0x00, 0x00, 0x00, 0xff, 0xff, 0x20, 0x00,
    0x00, 0x00, 0x00, 0x00, 0x00, 0x00, 0x00, 0x00,
    0x00, 0x00, 0x00, 0x00, 0x00, 0x00, 0x0f, 0xff,
    0xf2, 0x00, 0x00, 0x00, 0x00, 0x00, 0x00, 0x00,
    0x00, 0x00, 0x00, 0x00, 0x00, 0x00, 0x00, 0x00,
    0x00, 0xff, 0xff, 0x20, 0x00, 0x00, 0x00, 0x00,
    0x00, 0x00, 0x00, 0x00, 0x00, 0x00, 0x00, 0x00,
    0x00, 0x00, 0x00, 0x0f, 0xff, 0xf2, 0x00, 0x00,
    0x00, 0x00, 0x00, 0x00, 0x00, 0x00, 0x00, 0x00,
    0x00, 0x00, 0x00, 0x00, 0x00, 0x00, 0xff, 0xff,
    0x20, 0x00, 0x00, 0x00, 0x00, 0x00, 0x00, 0x00,
    0x00, 0x00, 0x00, 0x00, 0x00, 0x00, 0x00, 0x00,
    0x0f, 0xff, 0xf2, 0x00, 0x00, 0x00, 0x00, 0x00,
    0x00, 0x00, 0x00, 0x00, 0x00, 0x00, 0x00, 0x00,
    0x00, 0x00, 0x00, 0xff, 0xff, 0x20, 0x00, 0x00,
    0x00, 0x00, 0x00, 0x00, 0x00, 0x00, 0x00, 0x00,
    0x00, 0x00, 0x00, 0x00, 0x00, 0x0f, 0xff, 0xf2,
    0x00, 0x00, 0x00, 0x00, 0x00, 0x00, 0x00, 0x00,
    0x00, 0x00, 0x00, 0x00, 0x00, 0x00, 0x00, 0x00,
    0xff, 0xff, 0x20, 0x00, 0x00, 0x00, 0x00, 0x00,
    0x00, 0x00, 0x00, 0x00, 0x00, 0x00, 0x00, 0x00,
    0x00, 0x00, 0x0f, 0xff, 0xf2, 0x00, 0x00, 0x00,
    0x00, 0x00, 0x00, 0x00, 0x00, 0x00, 0x00, 0x00,
    0x00, 0x00, 0x00, 0x00, 0x00, 0xff, 0xff, 0x20,
    0x00, 0x00, 0x00, 0x00, 0x00, 0x00, 0x00, 0x00,
    0x00, 0x00, 0x00, 0x00, 0x00, 0x00, 0x00, 0x0f,
    0xff, 0xf2, 0x00, 0x00, 0x00, 0x00, 0x00, 0x00,
    0x00, 0x00, 0x00, 0x00, 0x00, 0x00, 0x00, 0x00,
    0x00, 0x00, 0xff, 0xff, 0x20, 0x00, 0x00, 0x00,
    0x00, 0x00, 0x00, 0x00, 0x00,

    /* U+5361 "卡" */
    0x00, 0x00, 0x00, 0x00, 0x00, 0x00, 0x00, 0x00,
    0xcd, 0xdd, 0x00, 0x00, 0x00, 0x00, 0x00, 0x00,
    0x00, 0x00, 0x00, 0x00, 0x00, 0x00, 0x00, 0x00,
    0x00, 0x00, 0x00, 0xff, 0xff, 0x00, 0x00, 0x00,
    0x00, 0x00, 0x00, 0x00, 0x00, 0x00, 0x00, 0x00,
    0x00, 0x00, 0x00, 0x00, 0x00, 0x00, 0xff, 0xff,
    0x00, 0x00, 0x00, 0x00, 0x00, 0x00, 0x00, 0x00,
    0x00, 0x00, 0x00, 0x00, 0x00, 0x00, 0x00, 0x00,
    0x00, 0xff, 0xff, 0x00, 0x00, 0x00, 0x00, 0x00,
    0x00, 0x00, 0x00, 0x00, 0x00, 0x00, 0x00, 0x00,
    0x00, 0x00, 0x00, 0x00, 0xff, 0xff, 0x00, 0x00,
    0x00, 0x00, 0x00, 0x00, 0x00, 0x00, 0x00, 0x00,
    0x00, 0x00, 0x00, 0x00, 0x00, 0x00, 0x00, 0xff,
    0xff, 0x99, 0x99, 0x99, 0x99, 0x99, 0x99, 0x91,
    0x00, 0x00, 0x00, 0x00, 0x00, 0x00, 0x00, 0x00,
    0x00, 0x00, 0xff, 0xff, 0xff, 0xff, 0xff, 0xff,
    0xff, 0xff, 0xf2, 0x00, 0x00, 0x00, 0x00, 0x00,
    0x00, 0x00, 0x00, 0x00, 0x00, 0xff, 0xff, 0xff,
    0xff, 0xff, 0xff, 0xff, 0xff, 0xf2, 0x00, 0x00,
    0x00, 0x00, 0x00, 0x00, 0x00, 0x00, 0x00, 0x00,
    0xff, 0xff, 0xff, 0xff, 0xff, 0xff, 0xff, 0xff,
    0xf2, 0x00, 0x00, 0x00, 0x00, 0x00, 0x00, 0x00,
    0x00, 0x00, 0x00, 0xff, 0xff, 0x00, 0x00, 0x00,
    0x00, 0x00, 0x00, 0x00, 0x00, 0x00, 0x00, 0x00,
    0x00, 0x00, 0x00, 0x00, 0x00, 0x00, 0xff, 0xff,
    0x00, 0x00, 0x00, 0x00, 0x00, 0x00, 0x00, 0x00,
    0x00, 0x00, 0x00, 0x00, 0x00, 0x00, 0x00, 0x00,
    0x00, 0xff, 0xff, 0x00, 0x00, 0x00, 0x00, 0x00,
    0x00, 0x00, 0x00, 0x00, 0x00, 0x00, 0x00, 0x00,
    0x00, 0x00, 0x00, 0x00, 0xff, 0xff, 0x00, 0x00,
    0x00, 0x00, 0x00, 0x00, 0x00, 0x00, 0x00, 0x00,
    0x00, 0x00, 0x00, 0x00, 0x00, 0x00, 0x00, 0xff,
    0xff, 0x00, 0x00, 0x00, 0x00, 0x00, 0x00, 0x00,
    0x00, 0x00, 0x06, 0x66, 0x66, 0x66, 0x66, 0x66,
    0x66, 0x66, 0xff, 0xff, 0x66, 0x66, 0x66, 0x66,
    0x66, 0x66, 0x66, 0x66, 0x60, 0x0f, 0xff, 0xff,
    0xff, 0xff, 0xff, 0xff, 0xff, 0xff, 0xff, 0xff,
    0xff, 0xff, 0xff, 0xff, 0xff, 0xff, 0xff, 0xf2,
    0x0f, 0xff, 0xff, 0xff, 0xff, 0xff, 0xff, 0xff,
    0xff, 0xff, 0xff, 0xff, 0xff, 0xff, 0xff, 0xff,
    0xff, 0xff, 0xf2, 0x0f, 0xff, 0xff, 0xff, 0xff,
    0xff, 0xff, 0xff, 0xff, 0xff, 0xff, 0xff, 0xff,
    0xff, 0xff, 0xff, 0xff, 0xff, 0xf2, 0x05, 0x55,
    0x55, 0x55, 0x55, 0x55, 0x55, 0x55, 0xdf, 0xff,
    0x75, 0x55, 0x55, 0x55, 0x55, 0x55, 0x55, 0x55,
    0x50, 0x00, 0x00, 0x00, 0x00, 0x00, 0x00, 0x00,
    0x00, 0xcf, 0xff, 0x20, 0x00, 0x00, 0x00, 0x00,
    0x00, 0x00, 0x00, 0x00, 0x00, 0x00, 0x00, 0x00,
    0x00, 0x00, 0x00, 0x00, 0xcf, 0xff, 0x20, 0x00,
    0x00, 0x00, 0x00, 0x00, 0x00, 0x00, 0x00, 0x00,
    0x00, 0x00, 0x00, 0x00, 0x00, 0x00, 0x00, 0xcf,
    0xff, 0x20, 0x00, 0x00, 0x00, 0x00, 0x00, 0x00,
    0x00, 0x00, 0x00, 0x00, 0x00, 0x00, 0x00, 0x00,
    0x00, 0x00, 0xcf, 0xff, 0x22, 0xb5, 0x00, 0x00,
    0x00, 0x00, 0x00, 0x00, 0x00, 0x00, 0x00, 0x00,
    0x00, 0x00, 0x00, 0x00, 0x00, 0xcf, 0xff, 0x2c,
    0xff, 0xf9, 0x30, 0x00, 0x00, 0x00, 0x00, 0x00,
    0x00, 0x00, 0x00, 0x00, 0x00, 0x00, 0x00, 0x00,
    0xcf, 0xff, 0xaf, 0xff, 0xff, 0xfc, 0x60, 0x00,
    0x00, 0x00, 0x00, 0x00, 0x00, 0x00, 0x00, 0x00,
    0x00, 0x00, 0x00, 0xcf, 0xff, 0x58, 0xef, 0xff,
    0xff, 0xff, 0x93, 0x00, 0x00, 0x00, 0x00, 0x00,
    0x00, 0x00, 0x00, 0x00, 0x00, 0x00, 0xcf, 0xff,
    0x20, 0x06, 0xdf, 0xff, 0xff, 0xff, 0xc5, 0x00,
    0x00, 0x00, 0x00, 0x00, 0x00, 0x00, 0x00, 0x00,
    0x00, 0xcf, 0xff, 0x20, 0x00, 0x04, 0xbf, 0xff,
    0xff, 0xff, 0xd2, 0x00, 0x00, 0x00, 0x00, 0x00,
    0x00, 0x00, 0x00, 0x00, 0xcf, 0xff, 0x20, 0x00,
    0x00, 0x02, 0x9f, 0xff, 0xff, 0xc0, 0x00, 0x00,
    0x00, 0x00, 0x00, 0x00, 0x00, 0x00, 0x00, 0xcf,
    0xff, 0x20, 0x00, 0x00, 0x00, 0x01, 0x8e, 0xff,
    0x30, 0x00, 0x00, 0x00, 0x00, 0x00, 0x00, 0x00,
    0x00, 0x00, 0xcf, 0xff, 0x20, 0x00, 0x00, 0x00,
    0x00, 0x00, 0x77, 0x00, 0x00, 0x00, 0x00, 0x00,
    0x00, 0x00, 0x00, 0x00, 0x00, 0xcf, 0xff, 0x20,
    0x00, 0x00, 0x00, 0x00, 0x00, 0x00, 0x00, 0x00,
    0x00, 0x00, 0x00, 0x00, 0x00, 0x00, 0x00, 0x00,
    0xcf, 0xff, 0x20, 0x00, 0x00, 0x00, 0x00, 0x00,
    0x00, 0x00, 0x00, 0x00, 0x00, 0x00, 0x00, 0x00,
    0x00, 0x00, 0x00, 0xcf, 0xff, 0x20, 0x00, 0x00,
    0x00, 0x00, 0x00, 0x00, 0x00, 0x00, 0x00, 0x00,
    0x00, 0x00, 0x00, 0x00, 0x00, 0x00, 0xcf, 0xff,
    0x20, 0x00, 0x00, 0x00, 0x00, 0x00, 0x00, 0x00,
    0x00, 0x00, 0x00, 0x00, 0x00, 0x00, 0x00, 0x00,
    0x00, 0xcf, 0xff, 0x20, 0x00, 0x00, 0x00, 0x00,
    0x00, 0x00, 0x00, 0x00, 0x00, 0x00, 0x00, 0x00,
    0x00, 0x00, 0x00, 0x00, 0xcf, 0xff, 0x20, 0x00,
    0x00, 0x00, 0x00, 0x00, 0x00, 0x00, 0x00,

    /* U+5377 "卷" */
    0x00, 0x00, 0x00, 0x00, 0x00, 0x00, 0x00, 0x00,
    0x01, 0xdc, 0xa7, 0x00, 0x00, 0x00, 0x00, 0x00,
    0x00, 0x00, 0x00, 0x00, 0x00, 0x00, 0x00, 0x03,
    0xc8, 0x00, 0x00, 0x00, 0x4f, 0xff, 0xb0, 0x00,
    0x00, 0x2b, 0x61, 0x00, 0x00, 0x00, 0x00, 0x00,
    0x00, 0x00, 0x08, 0xff, 0xf5, 0x00, 0x00, 0x07,
    0xff, 0xf7, 0x00, 0x00, 0x0b, 0xff, 0xf4, 0x00,
    0x00, 0x00, 0x00, 0x00, 0x00, 0x00, 0x2f, 0xff,
    0xf2, 0x00, 0x00, 0xbf, 0xff, 0x40, 0x00, 0x04,
    0xff, 0xfb, 0x00, 0x00, 0x00, 0x00, 0x00, 0x00,
    0x00, 0x00, 0x6f, 0xff, 0xc0, 0x00, 0x0f, 0xff,
    0xf0, 0x00, 0x00, 0xdf, 0xfe, 0x10, 0x00, 0x00,
    0x00, 0x00, 0x00, 0x00, 0x00, 0x00, 0xbf, 0xff,
    0x50, 0x04, 0xff, 0xfb, 0x00, 0x00, 0x8f, 0xff,
    0x50, 0x00, 0x00, 0x00, 0x00, 0x00, 0x00, 0x55,
    0x55, 0x56, 0xff, 0x95, 0x55, 0xbf, 0xff, 0xa5,
    0x55, 0x6f, 0xff, 0xc5, 0x55, 0x55, 0x00, 0x00,
    0x00, 0x00, 0x1f, 0xff, 0xff, 0xff, 0xff, 0xff,
    0xff, 0xff, 0xff, 0xff, 0xff, 0xff, 0xff, 0xff,
    0xff, 0xf3, 0x00, 0x00, 0x00, 0x01, 0xff, 0xff,
    0xff, 0xff, 0xff, 0xff, 0xff, 0xff, 0xff, 0xff,
    0xff, 0xff, 0xff, 0xff, 0xff, 0x30, 0x00, 0x00,
    0x00, 0x0f, 0xff, 0xff, 0xff, 0xff, 0xff, 0xff,
    0xff, 0xff, 0xff, 0xff, 0xff, 0xff, 0xff, 0xff,
    0xf2, 0x00, 0x00, 0x00, 0x00, 0x00, 0x00, 0x00,
    0x00, 0x00, 0x6f, 0xff, 0xd0, 0x00, 0x00, 0x00,
    0x00, 0x00, 0x00, 0x00, 0x00, 0x00, 0x00, 0x00,
    0x00, 0x00, 0x00, 0x00, 0x00, 0x0e, 0xff, 0xf5,
    0x00, 0x00, 0x00, 0x00, 0x00, 0x00, 0x00, 0x00,
    0x00, 0x00, 0x00, 0x00, 0x00, 0x00, 0x00, 0x00,
    0x09, 0xff, 0xfc, 0x00, 0x00, 0x00, 0x00, 0x00,
    0x00, 0x00, 0x00, 0x00, 0x00, 0x00, 0x24, 0x44,
    0x44, 0x44, 0x44, 0x46, 0xff, 0xff, 0x84, 0x44,
    0x44, 0x44, 0x44, 0x44, 0x44, 0x44, 0x44, 0x44,
    0x00, 0x07, 0xff, 0xff, 0xff, 0xff, 0xff, 0xff,
    0xff, 0xff, 0xff, 0xff, 0xff, 0xff, 0xff, 0xff,
    0xff, 0xff, 0xff, 0xe0, 0x00, 0x7f, 0xff, 0xff,
    0xff, 0xff, 0xff, 0xff, 0xff, 0xff, 0xff, 0xff,
    0xff, 0xff, 0xff, 0xff, 0xff, 0xff, 0xfe, 0x00,
    0x07, 0xff, 0xff, 0xff, 0xff, 0xff, 0xff, 0xff,
    0xff, 0xff, 0xff, 0xff, 0xff, 0xff, 0xff, 0xff,
    0xff, 0xff, 0xe0, 0x00, 0x12, 0x22, 0x22, 0x22,
    0xdf, 0xff, 0xf7, 0x22, 0x22, 0x22, 0x22, 0x9f,
    0xff, 0xe4, 0x22, 0x22, 0x22, 0x21, 0x00, 0x00,
    0x00, 0x00, 0x01, 0xcf, 0xff, 0xf8, 0x00, 0x00,
    0x00, 0x00, 0x00, 0xbf, 0xff, 0xe4, 0x00, 0x00,
    0x00, 0x00, 0x00, 0x00, 0x00, 0x04, 0xef, 0xff,
    0xf8, 0x00, 0x00, 0x00, 0x00, 0x00, 0x00, 0xcf,
    0xff, 0xf8, 0x00, 0x00, 0x00, 0x00, 0x00, 0x00,
    0x09, 0xff, 0xff, 0xfb, 0x33, 0x33, 0x33, 0x33,
    0x33, 0x33, 0x44, 0xef, 0xff, 0xfd, 0x40, 0x00,
    0x00, 0x00, 0x00, 0x6e, 0xff, 0xff, 0xff, 0xff,
    0xff, 0xff, 0xff, 0xff, 0xff, 0xff, 0xff, 0xef,
    0xff, 0xff, 0xb4, 0x00, 0x00, 0x05, 0xdf, 0xff,
    0xff, 0xff, 0xff, 0xff, 0xff, 0xff, 0xff, 0xff,
    0xff, 0xff, 0xf7, 0x7f, 0xff, 0xff, 0xfd, 0x72,
    0x04, 0xff, 0xff, 0xff, 0xa4, 0xff, 0xff, 0xff,
    0xff, 0xff, 0xff, 0xff, 0xff, 0xff, 0x60, 0x2c,
    0xff, 0xff, 0xff, 0xd1, 0x07, 0xff, 0xfd, 0x40,
    0x3f, 0xff, 0x80, 0x00, 0x00, 0x00, 0x00, 0x08,
    0xff, 0xf4, 0x00, 0x05, 0xdf, 0xff, 0xe2, 0x00,
    0x0b, 0xe6, 0x00, 0x03, 0xff, 0xf8, 0x00, 0x00,
    0x00, 0x00, 0x00, 0x9f, 0xff, 0x20, 0x00, 0x00,
    0x5c, 0xf4, 0x00, 0x00, 0x10, 0x00, 0x00, 0x3f,
    0xff, 0x80, 0x00, 0x00, 0x00, 0x00, 0x0d, 0xff,
    0xf0, 0x00, 0x00, 0x00, 0x01, 0x00, 0x00, 0x00,
    0x00, 0x00, 0x03, 0xff, 0xf8, 0x00, 0x00, 0x33,
    0x22, 0x26, 0xff, 0xfc, 0x00, 0x00, 0x00, 0x00,
    0x00, 0x00, 0x00, 0x00, 0x00, 0x00, 0x3f, 0xff,
    0x80, 0x00, 0x08, 0xff, 0xff, 0xff, 0xff, 0x70,
    0x00, 0x00, 0x00, 0x00, 0x00, 0x00, 0x00, 0x00,
    0x00, 0x03, 0xff, 0xf8, 0x00, 0x00, 0x3f, 0xff,
    0xff, 0xff, 0xd1, 0x00, 0x2e, 0x82, 0x00, 0x00,
    0x00, 0x00, 0x00, 0x00, 0x00, 0x3f, 0xff, 0x80,
    0x00, 0x00, 0x9a, 0xaa, 0xa9, 0x60, 0x00, 0x04,
    0xff, 0xf6, 0x00, 0x00, 0x00, 0x00, 0x00, 0x00,
    0x03, 0xff, 0xf8, 0x00, 0x00, 0x00, 0x00, 0x00,
    0x00, 0x00, 0x00, 0x6f, 0xff, 0x40, 0x00, 0x00,
    0x00, 0x00, 0x00, 0x00, 0x2f, 0xff, 0x90, 0x00,
    0x00, 0x00, 0x00, 0x00, 0x00, 0x00, 0x0c, 0xff,
    0xf1, 0x00, 0x00, 0x00, 0x00, 0x00, 0x00, 0x00,
    0xff, 0xff, 0x96, 0x55, 0x55, 0x55, 0x55, 0x55,
    0x55, 0x6b, 0xff, 0xfd, 0x00, 0x00, 0x00, 0x00,
    0x00, 0x00, 0x00, 0x0c, 0xff, 0xff, 0xff, 0xff,
    0xff, 0xff, 0xff, 0xff, 0xff, 0xff, 0xff, 0x70,
    0x00, 0x00, 0x00, 0x00, 0x00, 0x00, 0x00, 0x3e,
    0xff, 0xff, 0xff, 0xff, 0xff, 0xff, 0xff, 0xff,
    0xff, 0xff, 0xc0, 0x00, 0x00, 0x00, 0x00, 0x00,
    0x00, 0x00, 0x00, 0x17, 0xbe, 0xff, 0xff, 0xff,
    0xff, 0xff, 0xff, 0xff, 0xec, 0x70, 0x00, 0x00,
    0x00, 0x00,

    /* U+5382 "厂" */
    0x00, 0x00, 0x00, 0x11, 0x10, 0x00, 0x00, 0x00,
    0x00, 0x00, 0x00, 0x00, 0x00, 0x00, 0x00, 0x00,
    0x00, 0x00, 0x00, 0x00, 0x09, 0xff, 0xff, 0xff,
    0xff, 0xff, 0xff, 0xff, 0xff, 0xff, 0xff, 0xff,
    0xff, 0xff, 0xff, 0xff, 0xf5, 0x00, 0x00, 0x9f,
    0xff, 0xff, 0xff, 0xff, 0xff, 0xff, 0xff, 0xff,
    0xff, 0xff, 0xff, 0xff, 0xff, 0xff, 0xff, 0x50,
    0x00, 0x09, 0xff, 0xff, 0xff, 0xff, 0xff, 0xff,
    0xff, 0xff, 0xff, 0xff, 0xff, 0xff, 0xff, 0xff,
    0xff, 0xf5, 0x00, 0x00, 0x9f, 0xff, 0xfe, 0xee,
    0xee, 0xee, 0xee, 0xee, 0xee, 0xee, 0xee, 0xee,
    0xee, 0xee, 0xee, 0xee, 0x50, 0x00, 0x09, 0xff,
    0xf6, 0x00, 0x00, 0x00, 0x00, 0x00, 0x00, 0x00,
    0x00, 0x00, 0x00, 0x00, 0x00, 0x00, 0x00, 0x00,
    0x00, 0x9f, 0xff, 0x60, 0x00, 0x00, 0x00, 0x00,
    0x00, 0x00, 0x00, 0x00, 0x00, 0x00, 0x00, 0x00,
    0x00, 0x00, 0x00, 0x09, 0xff, 0xf6, 0x00, 0x00,
    0x00, 0x00, 0x00, 0x00, 0x00, 0x00, 0x00, 0x00,
    0x00, 0x00, 0x00, 0x00, 0x00, 0x00, 0x9f, 0xff,
    0x60, 0x00, 0x00, 0x00, 0x00, 0x00, 0x00, 0x00,
    0x00, 0x00, 0x00, 0x00, 0x00, 0x00, 0x00, 0x00,
    0x09, 0xff, 0xf6, 0x00, 0x00, 0x00, 0x00, 0x00,
    0x00, 0x00, 0x00, 0x00, 0x00, 0x00, 0x00, 0x00,
    0x00, 0x00, 0x00, 0x9f, 0xff, 0x60, 0x00, 0x00,
    0x00, 0x00, 0x00, 0x00, 0x00, 0x00, 0x00, 0x00,
    0x00, 0x00, 0x00, 0x00, 0x00, 0x09, 0xff, 0xf6,
    0x00, 0x00, 0x00, 0x00, 0x00, 0x00, 0x00, 0x00,
    0x00, 0x00, 0x00, 0x00, 0x00, 0x00, 0x00, 0x00,
    0x9f, 0xff, 0x60, 0x00, 0x00, 0x00, 0x00, 0x00,
    0x00, 0x00, 0x00, 0x00, 0x00, 0x00, 0x00, 0x00,
    0x00, 0x00, 0x09, 0xff, 0xf6, 0x00, 0x00, 0x00,
    0x00, 0x00, 0x00, 0x00, 0x00, 0x00, 0x00, 0x00,
    0x00, 0x00, 0x00, 0x00, 0x00, 0x9f, 0xff, 0x60,
    0x00, 0x00, 0x00, 0x00, 0x00, 0x00, 0x00, 0x00,
    0x00, 0x00, 0x00, 0x00, 0x00, 0x00, 0x00, 0x09,
    0xff, 0xf6, 0x00, 0x00, 0x00, 0x00, 0x00, 0x00,
    0x00, 0x00, 0x00, 0x00, 0x00, 0x00, 0x00, 0x00,
    0x00, 0x00, 0xaf, 0xff, 0x50, 0x00, 0x00, 0x00,
    0x00, 0x00, 0x00, 0x00, 0x00, 0x00, 0x00, 0x00,
    0x00, 0x00, 0x00, 0x00, 0x0a, 0xff, 0xf4, 0x00,
    0x00, 0x00, 0x00, 0x00, 0x00, 0x00, 0x00, 0x00,
    0x00, 0x00, 0x00, 0x00, 0x00, 0x00, 0x00, 0xbf,
    0xff, 0x40, 0x00, 0x00, 0x00, 0x00, 0x00, 0x00,
    0x00, 0x00, 0x00, 0x00, 0x00, 0x00, 0x00, 0x00,
    0x00, 0x0c, 0xff, 0xf2, 0x00, 0x00, 0x00, 0x00,
    0x00, 0x00, 0x00, 0x00, 0x00, 0x00, 0x00, 0x00,
    0x00, 0x00, 0x00, 0x00, 0xef, 0xff, 0x10, 0x00,
    0x00, 0x00, 0x00, 0x00, 0x00, 0x00, 0x00, 0x00,
    0x00, 0x00, 0x00, 0x00, 0x00, 0x00, 0x0f, 0xff,
    0xf0, 0x00, 0x00, 0x00, 0x00, 0x00, 0x00, 0x00,
    0x00, 0x00, 0x00, 0x00, 0x00, 0x00, 0x00, 0x00,
    0x02, 0xff, 0xfe, 0x00, 0x00, 0x00, 0x00, 0x00,
    0x00, 0x00, 0x00, 0x00, 0x00, 0x00, 0x00, 0x00,
    0x00, 0x00, 0x00, 0x4f, 0xff, 0xb0, 0x00, 0x00,
    0x00, 0x00, 0x00, 0x00, 0x00, 0x00, 0x00, 0x00,
    0x00, 0x00, 0x00, 0x00, 0x00, 0x07, 0xff, 0xf9,
    0x00, 0x00, 0x00, 0x00, 0x00, 0x00, 0x00, 0x00,
    0x00, 0x00, 0x00, 0x00, 0x00, 0x00, 0x00, 0x00,
    0xaf, 0xff, 0x60, 0x00, 0x00, 0x00, 0x00, 0x00,
    0x00, 0x00, 0x00, 0x00, 0x00, 0x00, 0x00, 0x00,
    0x00, 0x00, 0x0e, 0xff, 0xf3, 0x00, 0x00, 0x00,
    0x00, 0x00, 0x00, 0x00, 0x00, 0x00, 0x00, 0x00,
    0x00, 0x00, 0x00, 0x00, 0x03, 0xff, 0xff, 0x00,
    0x00, 0x00, 0x00, 0x00, 0x00, 0x00, 0x00, 0x00,
    0x00, 0x00, 0x00, 0x00, 0x00, 0x00, 0x00, 0x8f,
    0xff, 0xb0, 0x00, 0x00, 0x00, 0x00, 0x00, 0x00,
    0x00, 0x00, 0x00, 0x00, 0x00, 0x00, 0x00, 0x00,
    0x00, 0x0d, 0xff, 0xf7, 0x00, 0x00, 0x00, 0x00,
    0x00, 0x00, 0x00, 0x00, 0x00, 0x00, 0x00, 0x00,
    0x00, 0x00, 0x00, 0x04, 0xff, 0xff, 0x10, 0x00,
    0x00, 0x00, 0x00, 0x00, 0x00, 0x00, 0x00, 0x00,
    0x00, 0x00, 0x00, 0x00, 0x00, 0x00, 0xcf, 0xff,
    0xb0, 0x00, 0x00, 0x00, 0x00, 0x00, 0x00, 0x00,
    0x00, 0x00, 0x00, 0x00, 0x00, 0x00, 0x00, 0x00,
    0x5f, 0xff, 0xf5, 0x00, 0x00, 0x00, 0x00, 0x00,
    0x00, 0x00, 0x00, 0x00, 0x00, 0x00, 0x00, 0x00,
    0x00, 0x00, 0x05, 0xdf, 0xfd, 0x00, 0x00, 0x00,
    0x00, 0x00, 0x00, 0x00, 0x00, 0x00, 0x00, 0x00,
    0x00, 0x00, 0x00, 0x00, 0x00, 0x00, 0x8f, 0x40,
    0x00, 0x00, 0x00, 0x00, 0x00, 0x00, 0x00, 0x00,
    0x00, 0x00, 0x00, 0x00, 0x00, 0x00, 0x00, 0x00,
    0x00, 0x20, 0x00, 0x00, 0x00, 0x00, 0x00, 0x00,
    0x00, 0x00, 0x00, 0x00, 0x00, 0x00, 0x00, 0x00,
    0x00, 0x00,

    /* U+538B "压" */
    0x00, 0x07, 0xff, 0xff, 0xff, 0xff, 0xff, 0xff,
    0xff, 0xff, 0xff, 0xff, 0xff, 0xff, 0xff, 0xff,
    0xff, 0xff, 0xf7, 0x00, 0x08, 0xff, 0xff, 0xff,
    0xff, 0xff, 0xff, 0xff, 0xff, 0xff, 0xff, 0xff,
    0xff, 0xff, 0xff, 0xff, 0xff, 0xf7, 0x00, 0x08,
    0xff, 0xff, 0xff, 0xff, 0xff, 0xff, 0xff, 0xff,
    0xff, 0xff, 0xff, 0xff, 0xff, 0xff, 0xff, 0xff,
    0xf7, 0x00, 0x08, 0xff, 0xfb, 0xbb, 0xbb, 0xbb,
    0xbb, 0xbb, 0xbb, 0xbb, 0xbb, 0xbb, 0xbb, 0xbb,
    0xbb, 0xbb, 0xbb, 0xb5, 0x00, 0x08, 0xff, 0xf1,
    0x00, 0x00, 0x00, 0x00, 0x00, 0x00, 0x00, 0x00,
    0x00, 0x00, 0x00, 0x00, 0x00, 0x00, 0x00, 0x00,
    0x08, 0xff, 0xf1, 0x00, 0x00, 0x00, 0x00, 0x00,
    0x00, 0x99, 0x97, 0x00, 0x00, 0x00, 0x00, 0x00,
    0x00, 0x00, 0x00, 0x08, 0xff, 0xf1, 0x00, 0x00,
    0x00, 0x00, 0x00, 0x00, 0xff, 0xfd, 0x00, 0x00,
    0x00, 0x00, 0x00, 0x00, 0x00, 0x00, 0x08, 0xff,
    0xf1, 0x00, 0x00, 0x00, 0x00, 0x00, 0x00, 0xff,
    0xfd, 0x00, 0x00, 0x00, 0x00, 0x00, 0x00, 0x00,
    0x00, 0x08, 0xff, 0xf1, 0x00, 0x00, 0x00, 0x00,
    0x00, 0x00, 0xff, 0xfd, 0x00, 0x00, 0x00, 0x00,
    0x00, 0x00, 0x00, 0x00, 0x08, 0xff, 0xf1, 0x00,
    0x00, 0x00, 0x00, 0x00, 0x00, 0xff, 0xfd, 0x00,
    0x00, 0x00, 0x00, 0x00, 0x00, 0x00, 0x00, 0x08,
    0xff, 0xf1, 0x00, 0x00, 0x00, 0x00, 0x00, 0x00,
    0xff, 0xfd, 0x00, 0x00, 0x00, 0x00, 0x00, 0x00,
    0x00, 0x00, 0x08, 0xff, 0xf1, 0x00, 0x00, 0x00,
    0x00, 0x00, 0x00, 0xff, 0xfd, 0x00, 0x00, 0x00,
    0x00, 0x00, 0x00, 0x00, 0x00, 0x08, 0xff, 0xf1,
    0x00, 0x00, 0x00, 0x00, 0x00, 0x00, 0xff, 0xfd,
    0x00, 0x00, 0x00, 0x00, 0x00, 0x00, 0x00, 0x00,
    0x08, 0xff, 0xf1, 0x05, 0x99, 0x99, 0x99, 0x99,
    0x99, 0xff, 0xff, 0x99, 0x99, 0x99, 0x99, 0x99,
    0x93, 0x00, 0x00, 0x08, 0xff, 0xf1, 0x09, 0xff,
    0xff, 0xff, 0xff, 0xff, 0xff, 0xff, 0xff, 0xff,
    0xff, 0xff, 0xff, 0xf7, 0x00, 0x00, 0x08, 0xff,
    0xf0, 0x09, 0xff, 0xff, 0xff, 0xff, 0xff, 0xff,
    0xff, 0xff, 0xff, 0xff, 0xff, 0xff, 0xf7, 0x00,
    0x00, 0x09, 0xff, 0xf0, 0x09, 0xff, 0xff, 0xff,
    0xff, 0xff, 0xff, 0xff, 0xff, 0xff, 0xff, 0xff,
    0xff, 0xf7, 0x00, 0x00, 0x09, 0xff, 0xf0, 0x00,
    0x00, 0x00, 0x00, 0x00, 0x00, 0xff, 0xfd, 0x00,
    0x00, 0x00, 0x00, 0x00, 0x00, 0x00, 0x00, 0x0a,
    0xff, 0xe0, 0x00, 0x00, 0x00, 0x00, 0x00, 0x00,
    0xff, 0xfd, 0x00, 0x00, 0x00, 0x00, 0x00, 0x00,
    0x00, 0x00, 0x0b, 0xff, 0xd0, 0x00, 0x00, 0x00,
    0x00, 0x00, 0x00, 0xff, 0xfd, 0x00, 0x00, 0x54,
    0x00, 0x00, 0x00, 0x00, 0x00, 0x0b, 0xff, 0xc0,
    0x00, 0x00, 0x00, 0x00, 0x00, 0x00, 0xff, 0xfd,
    0x00, 0x1a, 0xff, 0x60, 0x00, 0x00, 0x00, 0x00,
    0x0d, 0xff, 0xb0, 0x00, 0x00, 0x00, 0x00, 0x00,
    0x00, 0xff, 0xfd, 0x00, 0x4f, 0xff, 0xf8, 0x00,
    0x00, 0x00, 0x00, 0x0f, 0xff, 0x90, 0x00, 0x00,
    0x00, 0x00, 0x00, 0x00, 0xff, 0xfd, 0x00, 0x04,
    0xff, 0xff, 0x80, 0x00, 0x00, 0x00, 0x0f, 0xff,
    0x70, 0x00, 0x00, 0x00, 0x00, 0x00, 0x00, 0xff,
    0xfd, 0x00, 0x00, 0x4f, 0xff, 0xf6, 0x00, 0x00,
    0x00, 0x3f, 0xff, 0x60, 0x00, 0x00, 0x00, 0x00,
    0x00, 0x00, 0xff, 0xfd, 0x00, 0x00, 0x04, 0xff,
    0xff, 0x40, 0x00, 0x00, 0x5f, 0xff, 0x30, 0x00,
    0x00, 0x00, 0x00, 0x00, 0x00, 0xff, 0xfd, 0x00,
    0x00, 0x00, 0x6f, 0xff, 0x70, 0x00, 0x00, 0x8f,
    0xff, 0x10, 0x00, 0x00, 0x00, 0x00, 0x00, 0x00,
    0xff, 0xfd, 0x00, 0x00, 0x00, 0x0a, 0xf5, 0x00,
    0x00, 0x00, 0xcf, 0xfe, 0x00, 0x00, 0x00, 0x00,
    0x00, 0x00, 0x00, 0xff, 0xfd, 0x00, 0x00, 0x00,
    0x01, 0x20, 0x00, 0x00, 0x00, 0xff, 0xfa, 0x00,
    0x00, 0x00, 0x00, 0x00, 0x00, 0x00, 0xff, 0xfd,
    0x00, 0x00, 0x00, 0x00, 0x00, 0x00, 0x00, 0x05,
    0xff, 0xf7, 0x00, 0x00, 0x00, 0x00, 0x00, 0x00,
    0x00, 0xff, 0xfd, 0x00, 0x00, 0x00, 0x00, 0x00,
    0x00, 0x00, 0x0a, 0xff, 0xf2, 0x1f, 0xff, 0xff,
    0xff, 0xff, 0xff, 0xff, 0xff, 0xff, 0xff, 0xff,
    0xff, 0xff, 0xff, 0xff, 0xf3, 0x1f, 0xff, 0xd0,
    0x2f, 0xff, 0xff, 0xff, 0xff, 0xff, 0xff, 0xff,
    0xff, 0xff, 0xff, 0xff, 0xff, 0xff, 0xff, 0xf3,
    0x7f, 0xff, 0x80, 0x2f, 0xff, 0xff, 0xff, 0xff,
    0xff, 0xff, 0xff, 0xff, 0xff, 0xff, 0xff, 0xff,
    0xff, 0xff, 0xf3, 0x5e, 0xff, 0x20, 0x1b, 0xbb,
    0xbb, 0xbb, 0xbb, 0xbb, 0xbb, 0xbb, 0xbb, 0xbb,
    0xbb, 0xbb, 0xbb, 0xbb, 0xbb, 0xb2, 0x01, 0xba,
    0x00, 0x00, 0x00, 0x00, 0x00, 0x00, 0x00, 0x00,
    0x00, 0x00, 0x00, 0x00, 0x00, 0x00, 0x00, 0x00,
    0x00, 0x00, 0x01, 0x00, 0x00, 0x00, 0x00, 0x00,
    0x00, 0x00, 0x00, 0x00, 0x00, 0x00, 0x00, 0x00,
    0x00, 0x00, 0x00, 0x00,

    /* U+53EF "可" */
    0x00, 0x00, 0x00, 0x00, 0x00, 0x00, 0x00, 0x00,
    0x00, 0x00, 0x00, 0x00, 0x00, 0x00, 0x00, 0x00,
    0x00, 0x00, 0x0b, 0xff, 0xff, 0xff, 0xff, 0xff,
    0xff, 0xff, 0xff, 0xff, 0xff, 0xff, 0xff, 0xff,
    0xff, 0xff, 0xff, 0xff, 0xf0, 0xbf, 0xff, 0xff,
    0xff, 0xff, 0xff, 0xff, 0xff, 0xff, 0xff, 0xff,
    0xff, 0xff, 0xff, 0xff, 0xff, 0xff, 0xff, 0x0b,
    0xff, 0xff, 0xff, 0xff, 0xff, 0xff, 0xff, 0xff,
    0xff, 0xff, 0xff, 0xff, 0xff, 0xff, 0xff, 0xff,
    0xff, 0xf0, 0x8c, 0xcc, 0xcc, 0xcc, 0xcc, 0xcc,
    0xcc, 0xcc, 0xcc, 0xcc, 0xcc, 0xcc, 0xcc, 0xcf,
    0xff, 0xfd, 0xcc, 0xcc, 0x00, 0x00, 0x00, 0x00,
    0x00, 0x00, 0x00, 0x00, 0x00, 0x00, 0x00, 0x00,
    0x00, 0x00, 0xbf, 0xff, 0x30, 0x00, 0x00, 0x00,
    0x00, 0x00, 0x00, 0x00, 0x00, 0x00, 0x00, 0x00,
    0x00, 0x00, 0x00, 0x00, 0x0b, 0xff, 0xf3, 0x00,
    0x00, 0x00, 0x00, 0x00, 0x00, 0x00, 0x00, 0x00,
    0x00, 0x00, 0x00, 0x00, 0x00, 0x00, 0x00, 0xbf,
    0xff, 0x30, 0x00, 0x00, 0x00, 0x00, 0x00, 0x00,
    0x00, 0x00, 0x00, 0x00, 0x00, 0x00, 0x00, 0x00,
    0x00, 0x0b, 0xff, 0xf3, 0x00, 0x00, 0x00, 0x00,
    0x00, 0x00, 0x00, 0x00, 0x00, 0x00, 0x00, 0x00,
    0x00, 0x00, 0x00, 0x00, 0xbf, 0xff, 0x30, 0x00,
    0x00, 0x00, 0x00, 0xbf, 0xff, 0xff, 0xff, 0xff,
    0xff, 0xff, 0xff, 0xe0, 0x00, 0x00, 0x0b, 0xff,
    0xf3, 0x00, 0x00, 0x00, 0x00, 0x0c, 0xff, 0xff,
    0xff, 0xff, 0xff, 0xff, 0xff, 0xfe, 0x00, 0x00,
    0x00, 0xbf, 0xff, 0x30, 0x00, 0x00, 0x00, 0x00,
    0xcf, 0xff, 0xff, 0xff, 0xff, 0xff, 0xff, 0xff,
    0xe0, 0x00, 0x00, 0x0b, 0xff, 0xf3, 0x00, 0x00,
    0x00, 0x00, 0x0c, 0xff, 0xfa, 0xaa, 0xaa, 0xaa,
    0xaa, 0xff, 0xfe, 0x00, 0x00, 0x00, 0xbf, 0xff,
    0x30, 0x00, 0x00, 0x00, 0x00, 0xcf, 0xfe, 0x00,
    0x00, 0x00, 0x00, 0x0d, 0xff, 0xe0, 0x00, 0x00,
    0x0b, 0xff, 0xf3, 0x00, 0x00, 0x00, 0x00, 0x0c,
    0xff, 0xe0, 0x00, 0x00, 0x00, 0x00, 0xdf, 0xfe,
    0x00, 0x00, 0x00, 0xbf, 0xff, 0x30, 0x00, 0x00,
    0x00, 0x00, 0xcf, 0xfe, 0x00, 0x00, 0x00, 0x00,
    0x0d, 0xff, 0xe0, 0x00, 0x00, 0x0b, 0xff, 0xf3,
    0x00, 0x00, 0x00, 0x00, 0x0c, 0xff, 0xe0, 0x00,
    0x00, 0x00, 0x00, 0xdf, 0xfe, 0x00, 0x00, 0x00,
    0xbf, 0xff, 0x30, 0x00, 0x00, 0x00, 0x00, 0xcf,
    0xfe, 0x00, 0x00, 0x00, 0x00, 0x0d, 0xff, 0xe0,
    0x00, 0x00, 0x0b, 0xff, 0xf3, 0x00, 0x00, 0x00,
    0x00, 0x0c, 0xff, 0xe0, 0x00, 0x00, 0x00, 0x00,
    0xdf, 0xfe, 0x00, 0x00, 0x00, 0xbf, 0xff, 0x30,
    0x00, 0x00, 0x00, 0x00, 0xcf, 0xfe, 0x00, 0x00,
    0x00, 0x00, 0x0d, 0xff, 0xe0, 0x00, 0x00, 0x0b,
    0xff, 0xf3, 0x00, 0x00, 0x00, 0x00, 0x0c, 0xff,
    0xf8, 0x88, 0x88, 0x88, 0x88, 0xef, 0xfe, 0x00,
    0x00, 0x00, 0xbf, 0xff, 0x30, 0x00, 0x00, 0x00,
    0x00, 0xcf, 0xff, 0xff, 0xff, 0xff, 0xff, 0xff,
    0xff, 0xe0, 0x00, 0x00, 0x0b, 0xff, 0xf3, 0x00,
    0x00, 0x00, 0x00, 0x0c, 0xff, 0xff, 0xff, 0xff,
    0xff, 0xff, 0xff, 0xfe, 0x00, 0x00, 0x00, 0xbf,
    0xff, 0x30, 0x00, 0x00, 0x00, 0x00, 0xcf, 0xff,
    0xff, 0xff, 0xff, 0xff, 0xff, 0xff, 0xe0, 0x00,
    0x00, 0x0b, 0xff, 0xf3, 0x00, 0x00, 0x00, 0x00,
    0x0c, 0xff, 0xf1, 0x11, 0x11, 0x11, 0x11, 0x11,
    0x10, 0x00, 0x00, 0x00, 0xbf, 0xff, 0x30, 0x00,
    0x00, 0x00, 0x00, 0xcf, 0xfe, 0x00, 0x00, 0x00,
    0x00, 0x00, 0x00, 0x00, 0x00, 0x00, 0x0b, 0xff,
    0xf3, 0x00, 0x00, 0x00, 0x00, 0x0c, 0xff, 0xe0,
    0x00, 0x00, 0x00, 0x00, 0x00, 0x00, 0x00, 0x00,
    0x00, 0xbf, 0xff, 0x30, 0x00, 0x00, 0x00, 0x00,
    0x23, 0x33, 0x00, 0x00, 0x00, 0x00, 0x00, 0x00,
    0x00, 0x00, 0x00, 0x0b, 0xff, 0xf3, 0x00, 0x00,
    0x00, 0x00, 0x00, 0x00, 0x00, 0x00, 0x00, 0x00,
    0x00, 0x00, 0x00, 0x00, 0x00, 0x00, 0xbf, 0xff,
    0x30, 0x00, 0x00, 0x00, 0x00, 0x00, 0x00, 0x00,
    0x00, 0x00, 0x00, 0x00, 0x00, 0x00, 0x00, 0x00,
    0x0d, 0xff, 0xf3, 0x00, 0x00, 0x00, 0x00, 0x00,
    0x00, 0x00, 0x00, 0x00, 0x00, 0x00, 0x00, 0xdf,
    0xee, 0xee, 0xef, 0xff, 0xff, 0x10, 0x00, 0x00,
    0x00, 0x00, 0x00, 0x00, 0x00, 0x00, 0x00, 0x00,
    0x00, 0x06, 0xff, 0xff, 0xff, 0xff, 0xff, 0xd0,
    0x00, 0x00, 0x00, 0x00, 0x00, 0x00, 0x00, 0x00,
    0x00, 0x00, 0x00, 0x00, 0x0f, 0xff, 0xff, 0xff,
    0xff, 0xf4, 0x00, 0x00, 0x00, 0x00, 0x00, 0x00,
    0x00, 0x00, 0x00, 0x00, 0x00, 0x00, 0x00, 0xaf,
    0xff, 0xff, 0xec, 0x81, 0x00, 0x00, 0x00, 0x00,
    0x00, 0x00, 0x00, 0x00, 0x00, 0x00, 0x00, 0x00,
    0x00, 0x00, 0x11, 0x00, 0x00, 0x00, 0x00, 0x00,
    0x00, 0x00,

    /* U+542F "启" */
    0x00, 0x00, 0x00, 0x00, 0x00, 0x00, 0x00, 0x00,
    0x01, 0x59, 0x10, 0x00, 0x00, 0x00, 0x00, 0x00,
    0x00, 0x00, 0x00, 0x00, 0x00, 0x00, 0x00, 0x00,
    0x00, 0x07, 0xff, 0xfa, 0x00, 0x00, 0x00, 0x00,
    0x00, 0x00, 0x00, 0x00, 0x00, 0x00, 0x00, 0x00,
    0x00, 0x00, 0x00, 0x1f, 0xff, 0xf2, 0x00, 0x00,
    0x00, 0x00, 0x00, 0x00, 0x00, 0x00, 0x00, 0x00,
    0x00, 0x00, 0x00, 0x00, 0x00, 0xaf, 0xff, 0x90,
    0x00, 0x00, 0x00, 0x00, 0x00, 0x00, 0x00, 0x00,
    0x00, 0x00, 0x00, 0x00, 0x00, 0x00, 0x03, 0xff,
    0xff, 0x10, 0x00, 0x00, 0x00, 0x00, 0x00, 0x00,
    0x00, 0x00, 0x01, 0x11, 0x00, 0x00, 0x00, 0x00,
    0x0d, 0xff, 0xf5, 0x00, 0x00, 0x00, 0x00, 0x00,
    0x00, 0x00, 0x00, 0x0c, 0xff, 0xff, 0xff, 0xff,
    0xff, 0xff, 0xff, 0xff, 0xff, 0xff, 0xff, 0xff,
    0xff, 0xff, 0x20, 0x00, 0x00, 0xcf, 0xff, 0xff,
    0xff, 0xff, 0xff, 0xff, 0xff, 0xff, 0xff, 0xff,
    0xff, 0xff, 0xff, 0xf2, 0x00, 0x00, 0x0c, 0xff,
    0xff, 0xff, 0xff, 0xff, 0xff, 0xff, 0xff, 0xff,
    0xff, 0xff, 0xff, 0xff, 0xff, 0x20, 0x00, 0x00,
    0xcf, 0xff, 0x87, 0x77, 0x77, 0x77, 0x77, 0x77,
    0x77, 0x77, 0x77, 0x77, 0x7d, 0xff, 0xf2, 0x00,
    0x00, 0x0c, 0xff, 0xf1, 0x00, 0x00, 0x00, 0x00,
    0x00, 0x00, 0x00, 0x00, 0x00, 0x00, 0xbf, 0xff,
    0x20, 0x00, 0x00, 0xcf, 0xff, 0x10, 0x00, 0x00,
    0x00, 0x00, 0x00, 0x00, 0x00, 0x00, 0x00, 0x0b,
    0xff, 0xf2, 0x00, 0x00, 0x0c, 0xff, 0xf1, 0x00,
    0x00, 0x00, 0x00, 0x00, 0x00, 0x00, 0x00, 0x00,
    0x00, 0xbf, 0xff, 0x20, 0x00, 0x00, 0xcf, 0xff,
    0x10, 0x00, 0x00, 0x00, 0x00, 0x00, 0x00, 0x00,
    0x00, 0x00, 0x0b, 0xff, 0xf2, 0x00, 0x00, 0x0c,
    0xff, 0xff, 0xff, 0xff, 0xff, 0xff, 0xff, 0xff,
    0xff, 0xff, 0xff, 0xff, 0xff, 0xff, 0x20, 0x00,
    0x00, 0xcf, 0xff, 0xff, 0xff, 0xff, 0xff, 0xff,
    0xff, 0xff, 0xff, 0xff, 0xff, 0xff, 0xff, 0xf2,
    0x00, 0x00, 0x0c, 0xff, 0xff, 0xff, 0xff, 0xff,
    0xff, 0xff, 0xff, 0xff, 0xff, 0xff, 0xff, 0xff,
    0xff, 0x20, 0x00, 0x00, 0xcf, 0xff, 0x99, 0x99,
    0x99, 0x99, 0x99, 0x99, 0x99, 0x99, 0x99, 0x99,
    0x99, 0x99, 0x91, 0x00, 0x00, 0x0d, 0xff, 0xf0,
    0x00, 0x00, 0x00, 0x00, 0x00, 0x00, 0x00, 0x00,
    0x00, 0x00, 0x00, 0x00, 0x00, 0x00, 0x00, 0xdf,
    0xff, 0x00, 0x00, 0x00, 0x00, 0x00, 0x00, 0x00,
    0x00, 0x00, 0x00, 0x00, 0x00, 0x00, 0x00, 0x00,
    0x0e, 0xff, 0xe0, 0x00, 0x00, 0x00, 0x00, 0x00,
    0x00, 0x00, 0x00, 0x00, 0x00, 0x00, 0x00, 0x00,
    0x00, 0x00, 0xff, 0xfd, 0x04, 0x88, 0x88, 0x88,
    0x88, 0x88, 0x88, 0x88, 0x88, 0x88, 0x88, 0x88,
    0x87, 0x00, 0x00, 0x1f, 0xff, 0xc0, 0x8f, 0xff,
    0xff, 0xff, 0xff, 0xff, 0xff, 0xff, 0xff, 0xff,
    0xff, 0xff, 0xe0, 0x00, 0x03, 0xff, 0xfa, 0x08,
    0xff, 0xff, 0xff, 0xff, 0xff, 0xff, 0xff, 0xff,
    0xff, 0xff, 0xff, 0xfe, 0x00, 0x00, 0x5f, 0xff,
    0x80, 0x8f, 0xff, 0xff, 0xff, 0xff, 0xff, 0xff,
    0xff, 0xff, 0xff, 0xff, 0xff, 0xe0, 0x00, 0x08,
    0xff, 0xf5, 0x08, 0xff, 0xf2, 0x00, 0x00, 0x00,
    0x00, 0x00, 0x00, 0x00, 0x00, 0xff, 0xfe, 0x00,
    0x00, 0xbf, 0xff, 0x30, 0x8f, 0xff, 0x20, 0x00,
    0x00, 0x00, 0x00, 0x00, 0x00, 0x00, 0x0f, 0xff,
    0xe0, 0x00, 0x0f, 0xff, 0xf0, 0x08, 0xff, 0xf2,
    0x00, 0x00, 0x00, 0x00, 0x00, 0x00, 0x00, 0x00,
    0xff, 0xfe, 0x00, 0x03, 0xff, 0xfb, 0x00, 0x8f,
    0xff, 0x20, 0x00, 0x00, 0x00, 0x00, 0x00, 0x00,
    0x00, 0x0f, 0xff, 0xe0, 0x00, 0x9f, 0xff, 0x70,
    0x08, 0xff, 0xf2, 0x00, 0x00, 0x00, 0x00, 0x00,
    0x00, 0x00, 0x00, 0xff, 0xfe, 0x00, 0x0e, 0xff,
    0xf2, 0x00, 0x8f, 0xff, 0x20, 0x00, 0x00, 0x00,
    0x00, 0x00, 0x00, 0x00, 0x0f, 0xff, 0xe0, 0x05,
    0xff, 0xfd, 0x00, 0x08, 0xff, 0xf9, 0x77, 0x77,
    0x77, 0x77, 0x77, 0x77, 0x77, 0x77, 0xff, 0xfe,
    0x00, 0xdf, 0xff, 0x60, 0x00, 0x8f, 0xff, 0xff,
    0xff, 0xff, 0xff, 0xff, 0xff, 0xff, 0xff, 0xff,
    0xff, 0xe0, 0x7f, 0xff, 0xf0, 0x00, 0x08, 0xff,
    0xff, 0xff, 0xff, 0xff, 0xff, 0xff, 0xff, 0xff,
    0xff, 0xff, 0xfe, 0x2f, 0xff, 0xf7, 0x00, 0x00,
    0x8f, 0xff, 0xff, 0xff, 0xff, 0xff, 0xff, 0xff,
    0xff, 0xff, 0xff, 0xff, 0xe1, 0x9f, 0xfe, 0x00,
    0x00, 0x08, 0xff, 0xf2, 0x00, 0x00, 0x00, 0x00,
    0x00, 0x00, 0x00, 0x00, 0xff, 0xfe, 0x00, 0x6f,
    0x40, 0x00, 0x00, 0x8f, 0xff, 0x20, 0x00, 0x00,
    0x00, 0x00, 0x00, 0x00, 0x00, 0x0f, 0xff, 0xe0,
    0x00, 0x20, 0x00, 0x00, 0x00, 0x00, 0x00, 0x00,
    0x00, 0x00, 0x00, 0x00, 0x00, 0x00, 0x00, 0x00,
    0x00,

    /* U+5468 "周" */
    0x00, 0x00, 0x6f, 0xff, 0xff, 0xff, 0xff, 0xff,
    0xff, 0xff, 0xff, 0xff, 0xff, 0xff, 0xff, 0xff,
    0xff, 0x90, 0x00, 0x07, 0xff, 0xff, 0xff, 0xff,
    0xff, 0xff, 0xff, 0xff, 0xff, 0xff, 0xff, 0xff,
    0xff, 0xff, 0xf9, 0x00, 0x00, 0x7f, 0xff, 0xff,
    0xff, 0xff, 0xff, 0xff, 0xff, 0xff, 0xff, 0xff,
    0xff, 0xff, 0xff, 0xff, 0x90, 0x00, 0x07, 0xff,
    0xfb, 0x99, 0x99, 0x99, 0x99, 0x99, 0x99, 0x99,
    0x99, 0x99, 0x99, 0x9a, 0xff, 0xf9, 0x00, 0x00,
    0x7f, 0xff, 0x40, 0x00, 0x00, 0x00, 0x08, 0xdd,
    0xc0, 0x00, 0x00, 0x00, 0x00, 0x3f, 0xff, 0x90,
    0x00, 0x07, 0xff, 0xf4, 0x00, 0x00, 0x00, 0x00,
    0xaf, 0xff, 0x00, 0x00, 0x00, 0x00, 0x03, 0xff,
    0xf9, 0x00, 0x00, 0x7f, 0xff, 0x40, 0x00, 0x00,
    0x00, 0x0a, 0xff, 0xf0, 0x00, 0x00, 0x00, 0x00,
    0x3f, 0xff, 0x90, 0x00, 0x07, 0xff, 0xf4, 0x03,
    0xbb, 0xbb, 0xbb, 0xef, 0xff, 0xbb, 0xbb, 0xbb,
    0xb0, 0x03, 0xff, 0xf9, 0x00, 0x00, 0x7f, 0xff,
    0x40, 0x4f, 0xff, 0xff, 0xff, 0xff, 0xff, 0xff,
    0xff, 0xff, 0x00, 0x3f, 0xff, 0x90, 0x00, 0x07,
    0xff, 0xf4, 0x04, 0xff, 0xff, 0xff, 0xff, 0xff,
    0xff, 0xff, 0xff, 0xf0, 0x03, 0xff, 0xf9, 0x00,
    0x00, 0x7f, 0xff, 0x40, 0x13, 0x33, 0x33, 0x3b,
    0xff, 0xf3, 0x33, 0x33, 0x33, 0x00, 0x3f, 0xff,
    0x90, 0x00, 0x07, 0xff, 0xf4, 0x00, 0x00, 0x00,
    0x00, 0xaf, 0xff, 0x00, 0x00, 0x00, 0x00, 0x03,
    0xff, 0xf9, 0x00, 0x00, 0x7f, 0xff, 0x40, 0x00,
    0x00, 0x00, 0x0a, 0xff, 0xf0, 0x00, 0x00, 0x00,
    0x00, 0x3f, 0xff, 0x90, 0x00, 0x07, 0xff, 0xf4,
    0x00, 0x00, 0x00, 0x00, 0xaf, 0xff, 0x00, 0x00,
    0x00, 0x00, 0x03, 0xff, 0xf9, 0x00, 0x00, 0x7f,
    0xff, 0x43, 0xff, 0xff, 0xff, 0xff, 0xff, 0xff,
    0xff, 0xff, 0xff, 0xe0, 0x3f, 0xff, 0x90, 0x00,
    0x07, 0xff, 0xf3, 0x3f, 0xff, 0xff, 0xff, 0xff,
    0xff, 0xff, 0xff, 0xff, 0xfe, 0x03, 0xff, 0xf9,
    0x00, 0x00, 0x8f, 0xff, 0x33, 0xff, 0xff, 0xff,
    0xff, 0xff, 0xff, 0xff, 0xff, 0xff, 0xd0, 0x3f,
    0xff, 0x90, 0x00, 0x08, 0xff, 0xf2, 0x00, 0x00,
    0x00, 0x00, 0x00, 0x00, 0x00, 0x00, 0x00, 0x00,
    0x03, 0xff, 0xf9, 0x00, 0x00, 0x9f, 0xff, 0x10,
    0x00, 0x00, 0x00, 0x00, 0x00, 0x00, 0x00, 0x00,
    0x00, 0x00, 0x3f, 0xff, 0x90, 0x00, 0x0a, 0xff,
    0xf0, 0x00, 0x01, 0x11, 0x11, 0x11, 0x11, 0x11,
    0x11, 0x11, 0x00, 0x03, 0xff, 0xf9, 0x00, 0x00,
    0xcf, 0xff, 0x00, 0x07, 0xff, 0xff, 0xff, 0xff,
    0xff, 0xff, 0xff, 0xf1, 0x00, 0x3f, 0xff, 0x90,
    0x00, 0x0e, 0xff, 0xd0, 0x00, 0x7f, 0xff, 0xff,
    0xff, 0xff, 0xff, 0xff, 0xff, 0x10, 0x03, 0xff,
    0xf9, 0x00, 0x00, 0xff, 0xfb, 0x00, 0x07, 0xff,
    0xfd, 0xdd, 0xdd, 0xdd, 0xde, 0xff, 0xf1, 0x00,
    0x3f, 0xff, 0x90, 0x00, 0x2f, 0xff, 0x90, 0x00,
    0x7f, 0xff, 0x00, 0x00, 0x00, 0x00, 0x7f, 0xff,
    0x10, 0x03, 0xff, 0xf9, 0x00, 0x05, 0xff, 0xf6,
    0x00, 0x07, 0xff, 0xf0, 0x00, 0x00, 0x00, 0x07,
    0xff, 0xf1, 0x00, 0x3f, 0xff, 0x90, 0x00, 0x9f,
    0xff, 0x30, 0x00, 0x7f, 0xff, 0x00, 0x00, 0x00,
    0x00, 0x7f, 0xff, 0x10, 0x03, 0xff, 0xf9, 0x00,
    0x0d, 0xff, 0xf0, 0x00, 0x07, 0xff, 0xf0, 0x00,
    0x00, 0x00, 0x07, 0xff, 0xf1, 0x00, 0x3f, 0xff,
    0x90, 0x02, 0xff, 0xfb, 0x00, 0x00, 0x7f, 0xff,
    0xbb, 0xbb, 0xbb, 0xbb, 0xdf, 0xff, 0x10, 0x03,
    0xff, 0xf9, 0x00, 0x8f, 0xff, 0x70, 0x00, 0x07,
    0xff, 0xff, 0xff, 0xff, 0xff, 0xff, 0xff, 0xf1,
    0x00, 0x3f, 0xff, 0x90, 0x0e, 0xff, 0xf2, 0x00,
    0x00, 0x7f, 0xff, 0xff, 0xff, 0xff, 0xff, 0xff,
    0xff, 0x10, 0x03, 0xff, 0xf9, 0x06, 0xff, 0xfc,
    0x00, 0x00, 0x07, 0xff, 0xf3, 0x33, 0x33, 0x33,
    0x33, 0x33, 0x30, 0x00, 0x3f, 0xff, 0x90, 0xef,
    0xff, 0x50, 0x00, 0x00, 0x7f, 0xff, 0x00, 0x00,
    0x00, 0x00, 0x03, 0x66, 0x66, 0x6a, 0xff, 0xf8,
    0x9f, 0xff, 0xe0, 0x00, 0x00, 0x02, 0x66, 0x50,
    0x00, 0x00, 0x00, 0x00, 0x3f, 0xff, 0xff, 0xff,
    0xff, 0x62, 0xdf, 0xf5, 0x00, 0x00, 0x00, 0x00,
    0x00, 0x00, 0x00, 0x00, 0x00, 0x00, 0xdf, 0xff,
    0xff, 0xff, 0xd0, 0x00, 0xac, 0x00, 0x00, 0x00,
    0x00, 0x00, 0x00, 0x00, 0x00, 0x00, 0x00, 0x09,
    0xff, 0xff, 0xec, 0x81, 0x00, 0x00, 0x10, 0x00,
    0x00, 0x00, 0x00, 0x00, 0x00, 0x00, 0x00, 0x00,
    0x00, 0x01, 0x10, 0x00, 0x00, 0x00,

    /* U+5524 "唤" */
    0x00, 0x00, 0x00, 0x00, 0x00, 0x00, 0x00, 0x00,
    0x00, 0x09, 0x85, 0x20, 0x00, 0x00, 0x00, 0x00,
    0x00, 0x00, 0x00, 0x00, 0x00, 0x00, 0x00, 0x00,
    0x00, 0x00, 0x00, 0x04, 0xff, 0xfa, 0x00, 0x00,
    0x00, 0x00, 0x00, 0x00, 0x00, 0x00, 0x00, 0x00,
    0x00, 0x00, 0x00, 0x00, 0x00, 0x00, 0xcf, 0xff,
    0x20, 0x00, 0x00, 0x00, 0x00, 0x00, 0x00, 0x00,
    0x00, 0x00, 0x00, 0x00, 0x00, 0x00, 0x00, 0x00,
    0x6f, 0xff, 0xc4, 0x44, 0x44, 0x44, 0x54, 0x00,
    0x00, 0x00, 0x26, 0x68, 0x66, 0x66, 0x66, 0x60,
    0x00, 0x00, 0x1e, 0xff, 0xff, 0xff, 0xff, 0xff,
    0xff, 0xf9, 0x00, 0x00, 0x05, 0xff, 0xff, 0xff,
    0xff, 0xfe, 0x00, 0x00, 0x0b, 0xff, 0xff, 0xff,
    0xff, 0xff, 0xff, 0xff, 0xf6, 0x00, 0x00, 0x5f,
    0xff, 0xff, 0xff, 0xff, 0xe0, 0x00, 0x07, 0xff,
    0xff, 0xee, 0xee, 0xee, 0xef, 0xff, 0xfc, 0x00,
    0x00, 0x05, 0xff, 0xff, 0xff, 0xff, 0xfe, 0x00,
    0x04, 0xff, 0xff, 0x30, 0x00, 0x00, 0x03, 0xff,
    0xfe, 0x20, 0x00, 0x00, 0x5f, 0xfe, 0x00, 0x05,
    0xff, 0xe0, 0x03, 0xff, 0xff, 0x70, 0x00, 0x00,
    0x01, 0xef, 0xff, 0x40, 0x00, 0x00, 0x05, 0xff,
    0xe0, 0x00, 0x5f, 0xfe, 0x04, 0xff, 0xff, 0xa0,
    0x00, 0x00, 0x00, 0xcf, 0xff, 0x60, 0x00, 0x00,
    0x00, 0x5f, 0xfe, 0x00, 0x05, 0xff, 0xe1, 0xff,
    0xff, 0xfd, 0xdd, 0xdd, 0xdd, 0xef, 0xff, 0xfd,
    0xdd, 0xd6, 0x00, 0x05, 0xff, 0xe0, 0x00, 0x5f,
    0xfe, 0x04, 0xff, 0xff, 0xff, 0xff, 0xff, 0xff,
    0xff, 0xff, 0xff, 0xff, 0x70, 0x00, 0x5f, 0xfe,
    0x00, 0x05, 0xff, 0xe0, 0x06, 0xff, 0xff, 0xff,
    0xff, 0xff, 0xff, 0xff, 0xff, 0xff, 0xf7, 0x00,
    0x05, 0xff, 0xe0, 0x00, 0x5f, 0xfe, 0x00, 0x08,
    0xff, 0xe1, 0x11, 0x1f, 0xff, 0xa1, 0x11, 0x2f,
    0xff, 0x70, 0x00, 0x5f, 0xfe, 0x00, 0x05, 0xff,
    0xe0, 0x00, 0x8f, 0xfe, 0x00, 0x00, 0xef, 0xf9,
    0x00, 0x00, 0xff, 0xf7, 0x00, 0x05, 0xff, 0xe0,
    0x00, 0x5f, 0xfe, 0x00, 0x08, 0xff, 0xe0, 0x00,
    0x0e, 0xff, 0x90, 0x00, 0x0f, 0xff, 0x70, 0x00,
    0x5f, 0xfe, 0x00, 0x05, 0xff, 0xe0, 0x00, 0x8f,
    0xfe, 0x00, 0x00, 0xef, 0xf9, 0x00, 0x00, 0xff,
    0xf7, 0x00, 0x05, 0xff, 0xe0, 0x00, 0x5f, 0xfe,
    0x00, 0x08, 0xff, 0xe0, 0x00, 0x0e, 0xff, 0x90,
    0x00, 0x0f, 0xff, 0x70, 0x00, 0x5f, 0xfe, 0x00,
    0x05, 0xff, 0xe0, 0x00, 0x8f, 0xfe, 0x00, 0x00,
    0xff, 0xf9, 0x00, 0x00, 0xff, 0xf7, 0x00, 0x05,
    0xff, 0xe0, 0x00, 0x5f, 0xfe, 0x00, 0x08, 0xff,
    0xe0, 0x00, 0x0f, 0xff, 0x80, 0x00, 0x0f, 0xff,
    0x70, 0x00, 0x5f, 0xfe, 0x00, 0x05, 0xff, 0xe0,
    0x00, 0x8f, 0xfe, 0x00, 0x01, 0xff, 0xf6, 0x00,
    0x00, 0xff, 0xf7, 0x00, 0x05, 0xff, 0xe0, 0x00,
    0x5f, 0xfe, 0x00, 0x08, 0xff, 0xe0, 0x00, 0x3f,
    0xff, 0x40, 0x00, 0x0f, 0xff, 0x70, 0x00, 0x5f,
    0xfe, 0x00, 0x05, 0xff, 0xe0, 0xef, 0xff, 0xff,
    0xff, 0xff, 0xff, 0xff, 0xff, 0xff, 0xff, 0xff,
    0xfc, 0x05, 0xff, 0xe0, 0x00, 0x5f, 0xfe, 0x0e,
    0xff, 0xff, 0xff, 0xff, 0xff, 0xff, 0xff, 0xff,
    0xff, 0xff, 0xff, 0xc0, 0x5f, 0xff, 0x55, 0x59,
    0xff, 0xe0, 0xef, 0xff, 0xff, 0xff, 0xff, 0xff,
    0xff, 0xff, 0xff, 0xff, 0xff, 0xfc, 0x05, 0xff,
    0xff, 0xff, 0xff, 0xfe, 0x04, 0x55, 0x55, 0x55,
    0x5b, 0xff, 0xff, 0xe5, 0x55, 0x55, 0x55, 0x55,
    0x40, 0x5f, 0xff, 0xff, 0xff, 0xff, 0xe0, 0x00,
    0x00, 0x00, 0x01, 0xef, 0xff, 0xff, 0x60, 0x00,
    0x00, 0x00, 0x00, 0x05, 0xff, 0xff, 0xff, 0xff,
    0xfe, 0x00, 0x00, 0x00, 0x00, 0xaf, 0xff, 0xdf,
    0xff, 0x30, 0x00, 0x00, 0x00, 0x00, 0x5f, 0xfe,
    0x00, 0x00, 0x00, 0x00, 0x00, 0x00, 0x00, 0x6f,
    0xff, 0xb1, 0xff, 0xfe, 0x10, 0x00, 0x00, 0x00,
    0x05, 0xff, 0xe0, 0x00, 0x00, 0x00, 0x00, 0x00,
    0x00, 0x4f, 0xff, 0xf2, 0x05, 0xff, 0xfd, 0x10,
    0x00, 0x00, 0x00, 0x5f, 0xfe, 0x00, 0x00, 0x00,
    0x00, 0x00, 0x00, 0x5f, 0xff, 0xf5, 0x00, 0x09,
    0xff, 0xfe, 0x30, 0x00, 0x00, 0x04, 0xcc, 0xb0,
    0x00, 0x00, 0x00, 0x00, 0x00, 0x8f, 0xff, 0xf7,
    0x00, 0x00, 0x0b, 0xff, 0xff, 0x60, 0x00, 0x00,
    0x00, 0x00, 0x00, 0x00, 0x00, 0x00, 0x02, 0xcf,
    0xff, 0xf7, 0x00, 0x00, 0x00, 0x0b, 0xff, 0xff,
    0xc3, 0x00, 0x00, 0x00, 0x00, 0x00, 0x00, 0x00,
    0x19, 0xff, 0xff, 0xf5, 0x00, 0x00, 0x00, 0x00,
    0x09, 0xff, 0xff, 0xfb, 0x40, 0x00, 0x00, 0x00,
    0x00, 0x00, 0x8f, 0xff, 0xff, 0xd2, 0x00, 0x00,
    0x00, 0x00, 0x00, 0x06, 0xff, 0xff, 0xff, 0x50,
    0x00, 0x00, 0x00, 0x00, 0x05, 0xff, 0xff, 0x80,
    0x00, 0x00, 0x00, 0x00, 0x00, 0x00, 0x02, 0xbf,
    0xff, 0x90, 0x00, 0x00, 0x00, 0x00, 0x00, 0x07,
    0xfa, 0x20, 0x00, 0x00, 0x00, 0x00, 0x00, 0x00,
    0x00, 0x00, 0x4c, 0xd0, 0x00, 0x00, 0x00, 0x00,
    0x00, 0x00, 0x02, 0x00, 0x00, 0x00, 0x00, 0x00,
    0x00, 0x00, 0x00, 0x00, 0x00, 0x00, 0x00,

    /* U+5668 "器" */
    0x00, 0x00, 0x00, 0x00, 0x00, 0x00, 0x00, 0x00,
    0x00, 0x00, 0x00, 0x00, 0x00, 0x00, 0x00, 0x00,
    0x00, 0x00, 0x00, 0x00, 0x00, 0x0f, 0xff, 0xff,
    0xff, 0xff, 0xff, 0xfc, 0x00, 0x02, 0xff, 0xff,
    0xff, 0xff, 0xff, 0xff, 0xf2, 0x00, 0x00, 0x00,
    0x00, 0xff, 0xff, 0xff, 0xff, 0xff, 0xff, 0xc0,
    0x00, 0x2f, 0xff, 0xff, 0xff, 0xff, 0xff, 0xff,
    0x20, 0x00, 0x00, 0x00, 0x0f, 0xff, 0xff, 0xff,
    0xff, 0xff, 0xfc, 0x00, 0x02, 0xff, 0xff, 0xff,
    0xff, 0xff, 0xff, 0xf2, 0x00, 0x00, 0x00, 0x00,
    0xff, 0xf7, 0x22, 0x22, 0x2d, 0xff, 0xc0, 0x00,
    0x2f, 0xff, 0x72, 0x22, 0x22, 0x9f, 0xff, 0x20,
    0x00, 0x00, 0x00, 0x0f, 0xff, 0x60, 0x00, 0x00,
    0xdf, 0xfc, 0x00, 0x02, 0xff, 0xf5, 0x00, 0x00,
    0x07, 0xff, 0xf2, 0x00, 0x00, 0x00, 0x00, 0xff,
    0xf6, 0x00, 0x00, 0x0d, 0xff, 0xc0, 0x00, 0x2f,
    0xff, 0x50, 0x00, 0x00, 0x7f, 0xff, 0x20, 0x00,
    0x00, 0x00, 0x0f, 0xff, 0x60, 0x00, 0x00, 0xdf,
    0xfc, 0x00, 0x02, 0xff, 0xf5, 0x00, 0x00, 0x07,
    0xff, 0xf2, 0x00, 0x00, 0x00, 0x00, 0xff, 0xf7,
    0x11, 0x11, 0x1d, 0xff, 0xc0, 0x00, 0x2f, 0xff,
    0x61, 0x11, 0x11, 0x8f, 0xff, 0x20, 0x00, 0x00,
    0x00, 0x0f, 0xff, 0xff, 0xff, 0xff, 0xff, 0xfc,
    0x00, 0x02, 0xff, 0xff, 0xff, 0xff, 0xff, 0xff,
    0xf2, 0x00, 0x00, 0x00, 0x00, 0xff, 0xff, 0xff,
    0xff, 0xff, 0xff, 0xc0, 0x00, 0x2f, 0xff, 0xff,
    0xff, 0xff, 0xff, 0xff, 0x20, 0x00, 0x00, 0x00,
    0x0f, 0xff, 0xff, 0xff, 0xff, 0xff, 0xfc, 0x00,
    0x02, 0xff, 0xff, 0xff, 0xff, 0xff, 0xff, 0xf2,
    0x00, 0x00, 0x00, 0x00, 0x22, 0x22, 0x22, 0x22,
    0x22, 0x28, 0xff, 0xc5, 0x02, 0x22, 0x9f, 0xf8,
    0x22, 0x22, 0x22, 0x00, 0x00, 0x00, 0x00, 0x00,
    0x00, 0x00, 0x00, 0x00, 0x01, 0xef, 0xff, 0x20,
    0x00, 0x3f, 0xff, 0xfe, 0x60, 0x00, 0x00, 0x00,
    0x00, 0x00, 0x00, 0x00, 0x00, 0x00, 0x00, 0x00,
    0x9f, 0xff, 0x90, 0x00, 0x00, 0x19, 0xff, 0xff,
    0xc1, 0x00, 0x00, 0x00, 0x00, 0x00, 0x00, 0x00,
    0x00, 0x00, 0x00, 0x5f, 0xff, 0xe1, 0x00, 0x00,
    0x00, 0x02, 0xbf, 0xf9, 0x00, 0x00, 0x00, 0x00,
    0x0f, 0xff, 0xff, 0xff, 0xff, 0xff, 0xff, 0xff,
    0xff, 0xff, 0xff, 0xff, 0xff, 0xff, 0xff, 0xff,
    0xff, 0xff, 0xf1, 0x00, 0xff, 0xff, 0xff, 0xff,
    0xff, 0xff, 0xff, 0xff, 0xff, 0xff, 0xff, 0xff,
    0xff, 0xff, 0xff, 0xff, 0xff, 0xff, 0x10, 0x0f,
    0xff, 0xff, 0xff, 0xff, 0xff, 0xff, 0xff, 0xff,
    0xff, 0xff, 0xff, 0xff, 0xff, 0xff, 0xff, 0xff,
    0xff, 0xf1, 0x00, 0x55, 0x55, 0x55, 0x55, 0xaf,
    0xff, 0xfc, 0x55, 0x55, 0x55, 0x5b, 0xff, 0xff,
    0x85, 0x55, 0x55, 0x55, 0x55, 0x00, 0x00, 0x00,
    0x00, 0x00, 0x8f, 0xff, 0xfc, 0x10, 0x00, 0x00,
    0x00, 0x0b, 0xff, 0xff, 0x60, 0x00, 0x00, 0x00,
    0x00, 0x00, 0x00, 0x00, 0x02, 0xcf, 0xff, 0xfb,
    0x00, 0x00, 0x00, 0x00, 0x00, 0x0a, 0xff, 0xff,
    0xc3, 0x00, 0x00, 0x00, 0x00, 0x00, 0x00, 0x18,
    0xff, 0xff, 0xf9, 0x00, 0x00, 0x00, 0x00, 0x00,
    0x00, 0x07, 0xff, 0xff, 0xfb, 0x30, 0x00, 0x00,
    0x00, 0x01, 0x8f, 0xff, 0xff, 0xf7, 0x22, 0x22,
    0x21, 0x00, 0x00, 0x22, 0x22, 0x25, 0xef, 0xff,
    0xff, 0xc6, 0x10, 0x00, 0x39, 0xff, 0xff, 0xff,
    0xff, 0xff, 0xff, 0xff, 0xc0, 0x00, 0x0f, 0xff,
    0xff, 0xff, 0xff, 0xff, 0xff, 0xff, 0xb6, 0x07,
    0xff, 0xff, 0xff, 0xff, 0xff, 0xff, 0xff, 0xfc,
    0x00, 0x00, 0xff, 0xff, 0xff, 0xff, 0xff, 0xff,
    0xff, 0xff, 0x60, 0x0b, 0xff, 0xff, 0xff, 0xff,
    0xff, 0xff, 0xff, 0xc0, 0x00, 0x0f, 0xff, 0xff,
    0xff, 0xff, 0xff, 0xff, 0xff, 0x90, 0x00, 0x2b,
    0x4f, 0xff, 0x82, 0x22, 0x22, 0xef, 0xfc, 0x00,
    0x00, 0xff, 0xf8, 0x22, 0x22, 0x29, 0xff, 0xf8,
    0xa0, 0x00, 0x00, 0x00, 0xff, 0xf7, 0x00, 0x00,
    0x0e, 0xff, 0xc0, 0x00, 0x0f, 0xff, 0x70, 0x00,
    0x00, 0x7f, 0xff, 0x30, 0x00, 0x00, 0x00, 0x0f,
    0xff, 0x70, 0x00, 0x00, 0xef, 0xfc, 0x00, 0x00,
    0xff, 0xf7, 0x00, 0x00, 0x07, 0xff, 0xf3, 0x00,
    0x00, 0x00, 0x00, 0xff, 0xf7, 0x00, 0x00, 0x0e,
    0xff, 0xc0, 0x00, 0x0f, 0xff, 0x70, 0x00, 0x00,
    0x7f, 0xff, 0x30, 0x00, 0x00, 0x00, 0x0f, 0xff,
    0x70, 0x00, 0x00, 0xef, 0xfc, 0x00, 0x00, 0xff,
    0xf7, 0x00, 0x00, 0x07, 0xff, 0xf3, 0x00, 0x00,
    0x00, 0x00, 0xff, 0xff, 0xff, 0xff, 0xff, 0xff,
    0xc0, 0x00, 0x0f, 0xff, 0xff, 0xff, 0xff, 0xff,
    0xff, 0x30, 0x00, 0x00, 0x00, 0x0f, 0xff, 0xff,
    0xff, 0xff, 0xff, 0xfc, 0x00, 0x00, 0xff, 0xff,
    0xff, 0xff, 0xff, 0xff, 0xf3, 0x00, 0x00, 0x00,
    0x00, 0xff, 0xff, 0xff, 0xff, 0xff, 0xff, 0xc0,
    0x00, 0x0f, 0xff, 0xff, 0xff, 0xff, 0xff, 0xff,
    0x30, 0x00, 0x00, 0x00, 0x0f, 0xff, 0xa4, 0x44,
    0x44, 0xef, 0xfc, 0x00, 0x00, 0xff, 0xf9, 0x44,
    0x44, 0x4a, 0xff, 0xf3, 0x00, 0x00,

    /* U+56DB "四" */
    0x68, 0x88, 0x88, 0x88, 0x88, 0x88, 0x88, 0x88,
    0x88, 0x88, 0x88, 0x88, 0x88, 0x88, 0x88, 0x88,
    0x86, 0xcf, 0xff, 0xff, 0xff, 0xff, 0xff, 0xff,
    0xff, 0xff, 0xff, 0xff, 0xff, 0xff, 0xff, 0xff,
    0xff, 0xfb, 0xcf, 0xff, 0xff, 0xff, 0xff, 0xff,
    0xff, 0xff, 0xff, 0xff, 0xff, 0xff, 0xff, 0xff,
    0xff, 0xff, 0xfb, 0xcf, 0xff, 0xff, 0xff, 0xff,
    0xff, 0xff, 0xff, 0xff, 0xff, 0xff, 0xff, 0xff,
    0xff, 0xff, 0xff, 0xfb, 0xcf, 0xff, 0x21, 0x11,
    0x11, 0x8f, 0xff, 0x41, 0x11, 0x1f, 0xff, 0xb1,
    0x11, 0x11, 0x14, 0xff, 0xfb, 0xcf, 0xff, 0x10,
    0x00, 0x00, 0x7f, 0xff, 0x30, 0x00, 0x0e, 0xff,
    0xa0, 0x00, 0x00, 0x03, 0xff, 0xfb, 0xcf, 0xff,
    0x10, 0x00, 0x00, 0x8f, 0xff, 0x20, 0x00, 0x0e,
    0xff, 0xa0, 0x00, 0x00, 0x03, 0xff, 0xfb, 0xcf,
    0xff, 0x10, 0x00, 0x00, 0x9f, 0xff, 0x10, 0x00,
    0x0e, 0xff, 0xa0, 0x00, 0x00, 0x03, 0xff, 0xfb,
    0xcf, 0xff, 0x10, 0x00, 0x00, 0x9f, 0xff, 0x00,
    0x00, 0x0e, 0xff, 0xa0, 0x00, 0x00, 0x03, 0xff,
    0xfb, 0xcf, 0xff, 0x10, 0x00, 0x00, 0xaf, 0xff,
    0x00, 0x00, 0x0e, 0xff, 0xa0, 0x00, 0x00, 0x03,
    0xff, 0xfb, 0xcf, 0xff, 0x10, 0x00, 0x00, 0xbf,
    0xfe, 0x00, 0x00, 0x0e, 0xff, 0xa0, 0x00, 0x00,
    0x03, 0xff, 0xfb, 0xcf, 0xff, 0x10, 0x00, 0x00,
    0xdf, 0xfd, 0x00, 0x00, 0x0e, 0xff, 0xa0, 0x00,
    0x00, 0x03, 0xff, 0xfb, 0xcf, 0xff, 0x10, 0x00,
    0x00, 0xff, 0xfb, 0x00, 0x00, 0x0e, 0xff, 0xa0,
    0x00, 0x00, 0x03, 0xff, 0xfb, 0xcf, 0xff, 0x10,
    0x00, 0x02, 0xff, 0xf8, 0x00, 0x00, 0x0e, 0xff,
    0xa0, 0x00, 0x00, 0x03, 0xff, 0xfb, 0xcf, 0xff,
    0x10, 0x00, 0x06, 0xff, 0xf5, 0x00, 0x00, 0x0e,
    0xff, 0xa0, 0x00, 0x00, 0x03, 0xff, 0xfb, 0xcf,
    0xff, 0x10, 0x00, 0x0b, 0xff, 0xf2, 0x00, 0x00,
    0x0e, 0xff, 0xa0, 0x00, 0x00, 0x03, 0xff, 0xfb,
    0xcf, 0xff, 0x10, 0x00, 0x2f, 0xff, 0xd0, 0x00,
    0x00, 0x0e, 0xff, 0xa0, 0x00, 0x00, 0x03, 0xff,
    0xfb, 0xcf, 0xff, 0x10, 0x00, 0xbf, 0xff, 0x70,
    0x00, 0x00, 0x0d, 0xff, 0xd1, 0x11, 0x11, 0x26,
    0xff, 0xfb, 0xcf, 0xff, 0x10, 0x07, 0xff, 0xff,
    0x10, 0x00, 0x00, 0x0a, 0xff, 0xff, 0xff, 0xff,
    0xfe, 0xff, 0xfb, 0xcf, 0xff, 0x10, 0x7f, 0xff,
    0xf7, 0x00, 0x00, 0x00, 0x04, 0xff, 0xff, 0xff,
    0xff, 0xff, 0xff, 0xfb, 0xcf, 0xff, 0x3b, 0xff,
    0xff, 0xc0, 0x00, 0x00, 0x00, 0x00, 0x6e, 0xff,
    0xff, 0xff, 0xff, 0xff, 0xfb, 0xcf, 0xff, 0x5f,
    0xff, 0xfd, 0x10, 0x00, 0x00, 0x00, 0x00, 0x00,
    0x01, 0x11, 0x11, 0x03, 0xff, 0xfb, 0xcf, 0xff,
    0x16, 0xff, 0xb1, 0x00, 0x00, 0x00, 0x00, 0x00,
    0x00, 0x00, 0x00, 0x00, 0x03, 0xff, 0xfb, 0xcf,
    0xff, 0x10, 0xa6, 0x00, 0x00, 0x00, 0x00, 0x00,
    0x00, 0x00, 0x00, 0x00, 0x00, 0x03, 0xff, 0xfb,
    0xcf, 0xff, 0x10, 0x00, 0x00, 0x00, 0x00, 0x00,
    0x00, 0x00, 0x00, 0x00, 0x00, 0x00, 0x03, 0xff,
    0xfb, 0xcf, 0xff, 0x10, 0x00, 0x00, 0x00, 0x00,
    0x00, 0x00, 0x00, 0x00, 0x00, 0x00, 0x00, 0x03,
    0xff, 0xfb, 0xcf, 0xff, 0xa9, 0x99, 0x99, 0x99,
    0x99, 0x99, 0x99, 0x99, 0x99, 0x99, 0x99, 0x99,
    0x9b, 0xff, 0xfb, 0xcf, 0xff, 0xff, 0xff, 0xff,
    0xff, 0xff, 0xff, 0xff, 0xff, 0xff, 0xff, 0xff,
    0xff, 0xff, 0xff, 0xfb, 0xcf, 0xff, 0xff, 0xff,
    0xff, 0xff, 0xff, 0xff, 0xff, 0xff, 0xff, 0xff,
    0xff, 0xff, 0xff, 0xff, 0xfb, 0xcf, 0xff, 0xff,
    0xff, 0xff, 0xff, 0xff, 0xff, 0xff, 0xff, 0xff,
    0xff, 0xff, 0xff, 0xff, 0xff, 0xfb, 0xcf, 0xff,
    0x20, 0x00, 0x00, 0x00, 0x00, 0x00, 0x00, 0x00,
    0x00, 0x00, 0x00, 0x00, 0x04, 0xff, 0xfb, 0xcf,
    0xff, 0x10, 0x00, 0x00, 0x00, 0x00, 0x00, 0x00,
    0x00, 0x00, 0x00, 0x00, 0x00, 0x03, 0xff, 0xfb,
    0xbf, 0xff, 0x10, 0x00, 0x00, 0x00, 0x00, 0x00,
    0x00, 0x00, 0x00, 0x00, 0x00, 0x00, 0x02, 0x99,
    0x97,

    /* U+56FA "固" */
    0xaf, 0xff, 0xff, 0xff, 0xff, 0xff, 0xff, 0xff,
    0xff, 0xff, 0xff, 0xff, 0xff, 0xff, 0xff, 0xff,
    0xfc, 0xbf, 0xff, 0xff, 0xff, 0xff, 0xff, 0xff,
    0xff, 0xff, 0xff, 0xff, 0xff, 0xff, 0xff, 0xff,
    0xff, 0xfd, 0xbf, 0xff, 0xff, 0xff, 0xff, 0xff,
    0xff, 0xff, 0xff, 0xff, 0xff, 0xff, 0xff, 0xff,
    0xff, 0xff, 0xfd, 0xbf, 0xff, 0x99, 0x99, 0x99,
    0x99, 0x99, 0x99, 0x99, 0x99, 0x99, 0x99, 0x99,
    0x99, 0x99, 0xff, 0xfd, 0xbf, 0xff, 0x10, 0x00,
    0x00, 0x00, 0x00, 0x02, 0x22, 0x10, 0x00, 0x00,
    0x00, 0x00, 0x01, 0xff, 0xfd, 0xbf, 0xff, 0x10,
    0x00, 0x00, 0x00, 0x00, 0x0e, 0xff, 0xa0, 0x00,
    0x00, 0x00, 0x00, 0x01, 0xff, 0xfd, 0xbf, 0xff,
    0x10, 0x00, 0x00, 0x00, 0x00, 0x0e, 0xff, 0xa0,
    0x00, 0x00, 0x00, 0x00, 0x01, 0xff, 0xfd, 0xbf,
    0xff, 0x10, 0x00, 0x00, 0x00, 0x00, 0x0e, 0xff,
    0xa0, 0x00, 0x00, 0x00, 0x00, 0x01, 0xff, 0xfd,
    0xbf, 0xff, 0x10, 0x00, 0x00, 0x00, 0x00, 0x0e,
    0xff, 0xa0, 0x00, 0x00, 0x00, 0x00, 0x01, 0xff,
    0xfd, 0xbf, 0xff, 0x10, 0xcf, 0xff, 0xff, 0xff,
    0xff, 0xff, 0xff, 0xff, 0xff, 0xff, 0xfc, 0x01,
    0xff, 0xfd, 0xbf, 0xff, 0x10, 0xdf, 0xff, 0xff,
    0xff, 0xff, 0xff, 0xff, 0xff, 0xff, 0xff, 0xfd,
    0x01, 0xff, 0xfd, 0xbf, 0xff, 0x10, 0xdf, 0xff,
    0xff, 0xff, 0xff, 0xff, 0xff, 0xff, 0xff, 0xff,
    0xfd, 0x01, 0xff, 0xfd, 0xbf, 0xff, 0x10, 0x12,
    0x22, 0x22, 0x22, 0x2f, 0xff, 0xb2, 0x22, 0x22,
    0x22, 0x21, 0x01, 0xff, 0xfd, 0xbf, 0xff, 0x10,
    0x00, 0x00, 0x00, 0x00, 0x0e, 0xff, 0xa0, 0x00,
    0x00, 0x00, 0x00, 0x01, 0xff, 0xfd, 0xbf, 0xff,
    0x10, 0x00, 0x00, 0x00, 0x00, 0x0e, 0xff, 0xa0,
    0x00, 0x00, 0x00, 0x00, 0x01, 0xff, 0xfd, 0xbf,
    0xff, 0x10, 0x00, 0x00, 0x00, 0x00, 0x0e, 0xff,
    0xa0, 0x00, 0x00, 0x00, 0x00, 0x01, 0xff, 0xfd,
    0xbf, 0xff, 0x10, 0x00, 0x4a, 0xaa, 0xaa, 0xaf,
    0xff, 0xea, 0xaa, 0xaa, 0xa9, 0x00, 0x01, 0xff,
    0xfd, 0xbf, 0xff, 0x10, 0x00, 0x7f, 0xff, 0xff,
    0xff, 0xff, 0xff, 0xff, 0xff, 0xfe, 0x00, 0x01,
    0xff, 0xfd, 0xbf, 0xff, 0x10, 0x00, 0x7f, 0xff,
    0xff, 0xff, 0xff, 0xff, 0xff, 0xff, 0xfe, 0x00,
    0x01, 0xff, 0xfd, 0xbf, 0xff, 0x10, 0x00, 0x7f,
    0xff, 0x33, 0x33, 0x33, 0x33, 0x33, 0xbf, 0xfe,
    0x00, 0x01, 0xff, 0xfd, 0xbf, 0xff, 0x10, 0x00,
    0x7f, 0xfe, 0x00, 0x00, 0x00, 0x00, 0x00, 0xaf,
    0xfe, 0x00, 0x01, 0xff, 0xfd, 0xbf, 0xff, 0x10,
    0x00, 0x7f, 0xfe, 0x00, 0x00, 0x00, 0x00, 0x00,
    0xaf, 0xfe, 0x00, 0x01, 0xff, 0xfd, 0xbf, 0xff,
    0x10, 0x00, 0x7f, 0xfe, 0x00, 0x00, 0x00, 0x00,
    0x00, 0xaf, 0xfe, 0x00, 0x01, 0xff, 0xfd, 0xbf,
    0xff, 0x10, 0x00, 0x7f, 0xfe, 0x00, 0x00, 0x00,
    0x00, 0x00, 0xaf, 0xfe, 0x00, 0x01, 0xff, 0xfd,
    0xbf, 0xff, 0x10, 0x00, 0x7f, 0xff, 0xff, 0xff,
    0xff, 0xff, 0xff, 0xff, 0xfe, 0x00, 0x01, 0xff,
    0xfd, 0xbf, 0xff, 0x10, 0x00, 0x7f, 0xff, 0xff,
    0xff, 0xff, 0xff, 0xff, 0xff, 0xfe, 0x00, 0x01,
    0xff, 0xfd, 0xbf, 0xff, 0x10, 0x00, 0x6e, 0xee,
    0xee, 0xee, 0xee, 0xee, 0xee, 0xee, 0xed, 0x00,
    0x01, 0xff, 0xfd, 0xbf, 0xff, 0x10, 0x00, 0x00,
    0x00, 0x00, 0x00, 0x00, 0x00, 0x00, 0x00, 0x00,
    0x00, 0x01, 0xff, 0xfd, 0xbf, 0xff, 0x10, 0x00,
    0x00, 0x00, 0x00, 0x00, 0x00, 0x00, 0x00, 0x00,
    0x00, 0x00, 0x01, 0xff, 0xfd, 0xbf, 0xff, 0x10,
    0x00, 0x00, 0x00, 0x00, 0x00, 0x00, 0x00, 0x00,
    0x00, 0x00, 0x00, 0x01, 0xff, 0xfd, 0xbf, 0xff,
    0xff, 0xff, 0xff, 0xff, 0xff, 0xff, 0xff, 0xff,
    0xff, 0xff, 0xff, 0xff, 0xff, 0xff, 0xfd, 0xbf,
    0xff, 0xff, 0xff, 0xff, 0xff, 0xff, 0xff, 0xff,
    0xff, 0xff, 0xff, 0xff, 0xff, 0xff, 0xff, 0xfd,
    0xbf, 0xff, 0xff, 0xff, 0xff, 0xff, 0xff, 0xff,
    0xff, 0xff, 0xff, 0xff, 0xff, 0xff, 0xff, 0xff,
    0xfd, 0xbf, 0xff, 0x99, 0x99, 0x99, 0x99, 0x99,
    0x99, 0x99, 0x99, 0x99, 0x99, 0x99, 0x99, 0x99,
    0xff, 0xfd, 0xbf, 0xff, 0x10, 0x00, 0x00, 0x00,
    0x00, 0x00, 0x00, 0x00, 0x00, 0x00, 0x00, 0x00,
    0x01, 0xff, 0xfd,

    /* U+5706 "圆" */
    0x23, 0x33, 0x33, 0x33, 0x33, 0x33, 0x33, 0x33,
    0x33, 0x33, 0x33, 0x33, 0x33, 0x33, 0x33, 0x33,
    0x33, 0xcf, 0xff, 0xff, 0xff, 0xff, 0xff, 0xff,
    0xff, 0xff, 0xff, 0xff, 0xff, 0xff, 0xff, 0xff,
    0xff, 0xff, 0xcf, 0xff, 0xff, 0xff, 0xff, 0xff,
    0xff, 0xff, 0xff, 0xff, 0xff, 0xff, 0xff, 0xff,
    0xff, 0xff, 0xff, 0xcf, 0xff, 0xff, 0xff, 0xff,
    0xff, 0xff, 0xff, 0xff, 0xff, 0xff, 0xff, 0xff,
    0xff, 0xff, 0xff, 0xff, 0xcf, 0xfe, 0x00, 0x00,
    0x00, 0x00, 0x00, 0x00, 0x00, 0x00, 0x00, 0x00,
    0x00, 0x00, 0x00, 0xdf, 0xff, 0xcf, 0xfe, 0x00,
    0x00, 0x88, 0x88, 0x88, 0x88, 0x88, 0x88, 0x88,
    0x88, 0x88, 0x20, 0x00, 0xdf, 0xff, 0xcf, 0xfe,
    0x00, 0x01, 0xff, 0xff, 0xff, 0xff, 0xff, 0xff,
    0xff, 0xff, 0xff, 0x50, 0x00, 0xdf, 0xff, 0xcf,
    0xfe, 0x00, 0x01, 0xff, 0xff, 0xff, 0xff, 0xff,
    0xff, 0xff, 0xff, 0xff, 0x50, 0x00, 0xdf, 0xff,
    0xcf, 0xfe, 0x00, 0x01, 0xff, 0xf3, 0x00, 0x00,
    0x00, 0x00, 0x00, 0x2f, 0xff, 0x50, 0x00, 0xdf,
    0xff, 0xcf, 0xfe, 0x00, 0x01, 0xff, 0xf3, 0x00,
    0x00, 0x00, 0x00, 0x00, 0x2f, 0xff, 0x50, 0x00,
    0xdf, 0xff, 0xcf, 0xfe, 0x00, 0x01, 0xff, 0xf3,
    0x00, 0x00, 0x00, 0x00, 0x00, 0x2f, 0xff, 0x50,
    0x00, 0xdf, 0xff, 0xcf, 0xfe, 0x00, 0x01, 0xff,
    0xff, 0xff, 0xff, 0xff, 0xff, 0xff, 0xff, 0xff,
    0x50, 0x00, 0xdf, 0xff, 0xcf, 0xfe, 0x00, 0x01,
    0xff, 0xff, 0xff, 0xff, 0xff, 0xff, 0xff, 0xff,
    0xff, 0x50, 0x00, 0xdf, 0xff, 0xcf, 0xfe, 0x00,
    0x00, 0x88, 0x88, 0x88, 0x88, 0x88, 0x88, 0x88,
    0x88, 0x88, 0x20, 0x00, 0xdf, 0xff, 0xcf, 0xfe,
    0x00, 0x00, 0x00, 0x00, 0x00, 0x00, 0x00, 0x00,
    0x00, 0x00, 0x00, 0x00, 0x00, 0xdf, 0xff, 0xcf,
    0xfe, 0x00, 0x0d, 0xdd, 0xdd, 0xdd, 0xdd, 0xdd,
    0xdd, 0xdd, 0xdd, 0xdd, 0xd2, 0x00, 0xdf, 0xff,
    0xcf, 0xfe, 0x00, 0x0f, 0xff, 0xff, 0xff, 0xff,
    0xff, 0xff, 0xff, 0xff, 0xff, 0xf3, 0x00, 0xdf,
    0xff, 0xcf, 0xfe, 0x00, 0x0f, 0xff, 0xff, 0xff,
    0xff, 0xff, 0xff, 0xff, 0xff, 0xff, 0xf3, 0x00,
    0xdf, 0xff, 0xcf, 0xfe, 0x00, 0x0f, 0xff, 0x61,
    0x11, 0x11, 0x11, 0x11, 0x11, 0x15, 0xff, 0xf3,
    0x00, 0xdf, 0xff, 0xcf, 0xfe, 0x00, 0x0f, 0xff,
    0x60, 0x00, 0x04, 0xdd, 0xd0, 0x00, 0x05, 0xff,
    0xf3, 0x00, 0xdf, 0xff, 0xcf, 0xfe, 0x00, 0x0f,
    0xff, 0x60, 0x00, 0x05, 0xff, 0xf0, 0x00, 0x05,
    0xff, 0xf3, 0x00, 0xdf, 0xff, 0xcf, 0xfe, 0x00,
    0x0f, 0xff, 0x60, 0x00, 0x05, 0xff, 0xf0, 0x00,
    0x05, 0xff, 0xf3, 0x00, 0xdf, 0xff, 0xcf, 0xfe,
    0x00, 0x0f, 0xff, 0x60, 0x00, 0x08, 0xff, 0xe0,
    0x00, 0x05, 0xff, 0xf3, 0x00, 0xdf, 0xff, 0xcf,
    0xfe, 0x00, 0x0f, 0xff, 0x60, 0x00, 0x0d, 0xff,
    0xa0, 0x00, 0x05, 0xff, 0xf3, 0x00, 0xdf, 0xff,
    0xcf, 0xfe, 0x00, 0x0f, 0xff, 0x60, 0x00, 0x9f,
    0xff, 0x55, 0x40, 0x05, 0xff, 0xf3, 0x00, 0xdf,
    0xff, 0xcf, 0xfe, 0x00, 0x04, 0x44, 0x10, 0x2b,
    0xff, 0xfc, 0x1f, 0xfe, 0x71, 0x00, 0x00, 0x00,
    0xdf, 0xff, 0xcf, 0xfe, 0x00, 0x00, 0x00, 0x3a,
    0xff, 0xff, 0xd1, 0x9f, 0xff, 0xff, 0x92, 0x00,
    0x00, 0xdf, 0xff, 0xcf, 0xfe, 0x00, 0x26, 0xae,
    0xff, 0xff, 0xfb, 0x10, 0x07, 0xef, 0xff, 0xff,
    0xb3, 0x00, 0xdf, 0xff, 0xcf, 0xfe, 0x1e, 0xff,
    0xff, 0xff, 0xfe, 0x50, 0x00, 0x00, 0x05, 0xdf,
    0xff, 0xff, 0x70, 0xdf, 0xff, 0xcf, 0xfe, 0x05,
    0xff, 0xff, 0xfc, 0x50, 0x00, 0x00, 0x00, 0x00,
    0x05, 0xcf, 0xff, 0x20, 0xdf, 0xff, 0xcf, 0xfe,
    0x00, 0xbf, 0xb6, 0x10, 0x00, 0x00, 0x00, 0x00,
    0x00, 0x00, 0x05, 0xda, 0x00, 0xdf, 0xff, 0xcf,
    0xff, 0x22, 0x22, 0x22, 0x22, 0x22, 0x22, 0x22,
    0x22, 0x22, 0x22, 0x22, 0x23, 0x22, 0xef, 0xff,
    0xcf, 0xff, 0xff, 0xff, 0xff, 0xff, 0xff, 0xff,
    0xff, 0xff, 0xff, 0xff, 0xff, 0xff, 0xff, 0xff,
    0xff, 0xcf, 0xff, 0xff, 0xff, 0xff, 0xff, 0xff,
    0xff, 0xff, 0xff, 0xff, 0xff, 0xff, 0xff, 0xff,
    0xff, 0xff, 0xcf, 0xff, 0xff, 0xff, 0xff, 0xff,
    0xff, 0xff, 0xff, 0xff, 0xff, 0xff, 0xff, 0xff,
    0xff, 0xff, 0xff, 0xcf, 0xfe, 0x00, 0x00, 0x00,
    0x00, 0x00, 0x00, 0x00, 0x00, 0x00, 0x00, 0x00,
    0x00, 0x00, 0xdf, 0xff,

    /* U+578B "型" */
    0x00, 0x00, 0x00, 0x00, 0x00, 0x00, 0x00, 0x00,
    0x00, 0x00, 0x00, 0x00, 0x00, 0x00, 0x00, 0x03,
    0x77, 0x70, 0x00, 0x00, 0x03, 0x33, 0x33, 0x33,
    0x33, 0x33, 0x33, 0x33, 0x33, 0x30, 0x00, 0x00,
    0x00, 0x00, 0x08, 0xff, 0xf1, 0x00, 0x00, 0x1f,
    0xff, 0xff, 0xff, 0xff, 0xff, 0xff, 0xff, 0xff,
    0xf1, 0x00, 0x77, 0x74, 0x00, 0x08, 0xff, 0xf1,
    0x00, 0x00, 0x1f, 0xff, 0xff, 0xff, 0xff, 0xff,
    0xff, 0xff, 0xff, 0xf1, 0x00, 0xef, 0xf9, 0x00,
    0x08, 0xff, 0xf1, 0x00, 0x00, 0x1f, 0xff, 0xff,
    0xff, 0xff, 0xff, 0xff, 0xff, 0xff, 0xf1, 0x00,
    0xef, 0xf9, 0x00, 0x08, 0xff, 0xf1, 0x00, 0x00,
    0x01, 0x11, 0x9f, 0xff, 0x11, 0x11, 0xdf, 0xfc,
    0x11, 0x10, 0x00, 0xef, 0xf9, 0x00, 0x08, 0xff,
    0xf1, 0x00, 0x00, 0x00, 0x00, 0x9f, 0xfe, 0x00,
    0x00, 0xcf, 0xfb, 0x00, 0x00, 0x00, 0xef, 0xf9,
    0x00, 0x08, 0xff, 0xf1, 0x00, 0x00, 0x00, 0x00,
    0x9f, 0xfe, 0x00, 0x00, 0xcf, 0xfb, 0x00, 0x00,
    0x00, 0xef, 0xf9, 0x00, 0x08, 0xff, 0xf1, 0x00,
    0x00, 0x00, 0x00, 0x9f, 0xfe, 0x00, 0x00, 0xcf,
    0xfb, 0x00, 0x00, 0x00, 0xef, 0xf9, 0x00, 0x08,
    0xff, 0xf1, 0x00, 0x00, 0x00, 0x00, 0x9f, 0xfe,
    0x00, 0x00, 0xcf, 0xfb, 0x00, 0x00, 0x00, 0xef,
    0xf9, 0x00, 0x08, 0xff, 0xf1, 0x00, 0x06, 0xff,
    0xff, 0xff, 0xff, 0xff, 0xff, 0xff, 0xff, 0xff,
    0xfe, 0x00, 0xef, 0xf9, 0x00, 0x08, 0xff, 0xf1,
    0x00, 0x07, 0xff, 0xff, 0xff, 0xff, 0xff, 0xff,
    0xff, 0xff, 0xff, 0xfe, 0x00, 0xef, 0xf9, 0x00,
    0x08, 0xff, 0xf1, 0x00, 0x07, 0xff, 0xff, 0xff,
    0xff, 0xff, 0xff, 0xff, 0xff, 0xff, 0xfe, 0x00,
    0xef, 0xf9, 0x00, 0x08, 0xff, 0xf1, 0x00, 0x02,
    0x66, 0x66, 0xff, 0xfc, 0x66, 0x66, 0xef, 0xfd,
    0x66, 0x66, 0x00, 0xef, 0xf9, 0x00, 0x08, 0xff,
    0xf1, 0x00, 0x00, 0x00, 0x03, 0xff, 0xf6, 0x00,
    0x00, 0xcf, 0xfb, 0x00, 0x00, 0x00, 0xef, 0xf9,
    0x00, 0x08, 0xff, 0xf1, 0x00, 0x00, 0x00, 0x09,
    0xff, 0xf2, 0x00, 0x00, 0xcf, 0xfb, 0x00, 0x00,
    0x00, 0xef, 0xf9, 0x00, 0x08, 0xff, 0xf1, 0x00,
    0x00, 0x00, 0x2f, 0xff, 0xd0, 0x00, 0x00, 0xcf,
    0xfb, 0x00, 0x00, 0x00, 0x00, 0x00, 0x00, 0x08,
    0xff, 0xf1, 0x00, 0x00, 0x00, 0xdf, 0xff, 0x60,
    0x00, 0x00, 0xcf, 0xfb, 0x00, 0x00, 0x00, 0x00,
    0x00, 0x00, 0x08, 0xff, 0xf1, 0x00, 0x00, 0x1c,
    0xff, 0xfd, 0x00, 0x00, 0x00, 0xcf, 0xfb, 0x00,
    0x00, 0x00, 0x00, 0x33, 0x32, 0x3b, 0xff, 0xf1,
    0x00, 0x04, 0xef, 0xff, 0xf3, 0x00, 0x00, 0x00,
    0xcf, 0xfb, 0x00, 0x00, 0x00, 0x00, 0x9f, 0xff,
    0xff, 0xff, 0xf0, 0x00, 0x07, 0xff, 0xff, 0x40,
    0x00, 0x00, 0x00, 0xcf, 0xfc, 0x22, 0x20, 0x00,
    0x00, 0x3f, 0xff, 0xff, 0xff, 0x90, 0x00, 0x00,
    0x7f, 0xe3, 0x00, 0x00, 0x00, 0x00, 0x79, 0x9e,
    0xff, 0xf2, 0x00, 0x00, 0x0e, 0xff, 0xff, 0xc7,
    0x00, 0x00, 0x00, 0x06, 0x10, 0x00, 0x00, 0x00,
    0x00, 0x00, 0x0c, 0xff, 0xf2, 0x00, 0x00, 0x01,
    0x21, 0x10, 0x00, 0x00, 0x00, 0x00, 0x00, 0x00,
    0x00, 0x00, 0x00, 0x00, 0x00, 0x0c, 0xff, 0xf2,
    0x00, 0x00, 0x00, 0x00, 0x00, 0x00, 0x00, 0x00,
    0x00, 0x00, 0x03, 0x33, 0x33, 0x33, 0x33, 0x33,
    0x3d, 0xff, 0xf4, 0x33, 0x33, 0x33, 0x33, 0x33,
    0x30, 0x00, 0x00, 0x00, 0x00, 0x0e, 0xff, 0xff,
    0xff, 0xff, 0xff, 0xff, 0xff, 0xff, 0xff, 0xff,
    0xff, 0xff, 0xff, 0xf0, 0x00, 0x00, 0x00, 0x00,
    0x0e, 0xff, 0xff, 0xff, 0xff, 0xff, 0xff, 0xff,
    0xff, 0xff, 0xff, 0xff, 0xff, 0xff, 0xf0, 0x00,
    0x00, 0x00, 0x00, 0x0e, 0xff, 0xff, 0xff, 0xff,
    0xff, 0xff, 0xff, 0xff, 0xff, 0xff, 0xff, 0xff,
    0xff, 0xf0, 0x00, 0x00, 0x00, 0x00, 0x03, 0x33,
    0x33, 0x33, 0x33, 0x33, 0x3d, 0xff, 0xf5, 0x33,
    0x33, 0x33, 0x33, 0x33, 0x30, 0x00, 0x00, 0x00,
    0x00, 0x00, 0x00, 0x00, 0x00, 0x00, 0x00, 0x0c,
    0xff, 0xf2, 0x00, 0x00, 0x00, 0x00, 0x00, 0x00,
    0x00, 0x00, 0x00, 0x00, 0x00, 0x00, 0x00, 0x00,
    0x00, 0x00, 0x0c, 0xff, 0xf2, 0x00, 0x00, 0x00,
    0x00, 0x00, 0x00, 0x00, 0x00, 0x00, 0x00, 0x00,
    0x00, 0x00, 0x00, 0x00, 0x00, 0x0c, 0xff, 0xf2,
    0x00, 0x00, 0x00, 0x00, 0x00, 0x00, 0x00, 0x00,
    0x07, 0x77, 0x77, 0x77, 0x77, 0x77, 0x77, 0x77,
    0x7e, 0xff, 0xf8, 0x77, 0x77, 0x77, 0x77, 0x77,
    0x77, 0x77, 0x71, 0x0f, 0xff, 0xff, 0xff, 0xff,
    0xff, 0xff, 0xff, 0xff, 0xff, 0xff, 0xff, 0xff,
    0xff, 0xff, 0xff, 0xff, 0xff, 0xf2, 0x0f, 0xff,
    0xff, 0xff, 0xff, 0xff, 0xff, 0xff, 0xff, 0xff,
    0xff, 0xff, 0xff, 0xff, 0xff, 0xff, 0xff, 0xff,
    0xf2, 0x0f, 0xff, 0xff, 0xff, 0xff, 0xff, 0xff,
    0xff, 0xff, 0xff, 0xff, 0xff, 0xff, 0xff, 0xff,
    0xff, 0xff, 0xff, 0xf2,

    /* U+58F0 "声" */
    0x00, 0x00, 0x00, 0x00, 0x00, 0x00, 0x00, 0x00,
    0x00, 0xaa, 0xa7, 0x00, 0x00, 0x00, 0x00, 0x00,
    0x00, 0x00, 0x00, 0x00, 0x00, 0x00, 0x00, 0x00,
    0x00, 0x00, 0x00, 0x01, 0xff, 0xfb, 0x00, 0x00,
    0x00, 0x00, 0x00, 0x00, 0x00, 0x00, 0x00, 0x00,
    0x00, 0x00, 0x00, 0x00, 0x00, 0x00, 0x01, 0xff,
    0xfb, 0x00, 0x00, 0x00, 0x00, 0x00, 0x00, 0x00,
    0x00, 0x00, 0x25, 0x55, 0x55, 0x55, 0x55, 0x55,
    0x55, 0x56, 0xff, 0xfd, 0x55, 0x55, 0x55, 0x55,
    0x55, 0x55, 0x55, 0x51, 0x00, 0x7f, 0xff, 0xff,
    0xff, 0xff, 0xff, 0xff, 0xff, 0xff, 0xff, 0xff,
    0xff, 0xff, 0xff, 0xff, 0xff, 0xff, 0xf3, 0x00,
    0x7f, 0xff, 0xff, 0xff, 0xff, 0xff, 0xff, 0xff,
    0xff, 0xff, 0xff, 0xff, 0xff, 0xff, 0xff, 0xff,
    0xff, 0xf3, 0x00, 0x7e, 0xee, 0xee, 0xee, 0xee,
    0xee, 0xee, 0xee, 0xff, 0xff, 0xee, 0xee, 0xee,
    0xee, 0xee, 0xee, 0xee, 0xe2, 0x00, 0x00, 0x00,
    0x00, 0x00, 0x00, 0x00, 0x00, 0x01, 0xff, 0xfb,
    0x00, 0x00, 0x00, 0x00, 0x00, 0x00, 0x00, 0x00,
    0x00, 0x00, 0x00, 0x00, 0x00, 0x00, 0x00, 0x00,
    0x01, 0xff, 0xfb, 0x00, 0x00, 0x00, 0x00, 0x00,
    0x00, 0x00, 0x00, 0x00, 0x00, 0x00, 0x00, 0x00,
    0x00, 0x00, 0x00, 0x02, 0xff, 0xfb, 0x00, 0x00,
    0x00, 0x00, 0x00, 0x00, 0x00, 0x00, 0x00, 0x00,
    0x0f, 0xff, 0xff, 0xff, 0xff, 0xff, 0xff, 0xff,
    0xff, 0xff, 0xff, 0xff, 0xff, 0xff, 0xff, 0xf7,
    0x00, 0x00, 0x00, 0x0f, 0xff, 0xff, 0xff, 0xff,
    0xff, 0xff, 0xff, 0xff, 0xff, 0xff, 0xff, 0xff,
    0xff, 0xff, 0xf7, 0x00, 0x00, 0x00, 0x0f, 0xff,
    0xff, 0xff, 0xff, 0xff, 0xff, 0xff, 0xff, 0xff,
    0xff, 0xff, 0xff, 0xff, 0xff, 0xf7, 0x00, 0x00,
    0x00, 0x03, 0x33, 0x33, 0x33, 0x33, 0x33, 0x33,
    0x33, 0x33, 0x33, 0x33, 0x33, 0x33, 0x33, 0x33,
    0x31, 0x00, 0x00, 0x00, 0x00, 0x00, 0x00, 0x00,
    0x00, 0x00, 0x00, 0x00, 0x00, 0x00, 0x00, 0x00,
    0x00, 0x00, 0x00, 0x00, 0x00, 0x00, 0x00, 0x00,
    0x11, 0x21, 0x11, 0x11, 0x11, 0x11, 0x11, 0x11,
    0x11, 0x11, 0x11, 0x11, 0x11, 0x11, 0x00, 0x00,
    0x00, 0x00, 0x03, 0xff, 0xff, 0xff, 0xff, 0xff,
    0xff, 0xff, 0xff, 0xff, 0xff, 0xff, 0xff, 0xff,
    0xff, 0xb0, 0x00, 0x00, 0x00, 0x03, 0xff, 0xff,
    0xff, 0xff, 0xff, 0xff, 0xff, 0xff, 0xff, 0xff,
    0xff, 0xff, 0xff, 0xff, 0xb0, 0x00, 0x00, 0x00,
    0x03, 0xff, 0xff, 0xff, 0xff, 0xff, 0xff, 0xff,
    0xff, 0xff, 0xff, 0xff, 0xff, 0xff, 0xff, 0xb0,
    0x00, 0x00, 0x00, 0x03, 0xff, 0xf8, 0x00, 0x00,
    0x00, 0x00, 0xff, 0xfb, 0x00, 0x00, 0x00, 0x00,
    0x1f, 0xff, 0xb0, 0x00, 0x00, 0x00, 0x03, 0xff,
    0xf8, 0x00, 0x00, 0x00, 0x00, 0xff, 0xfb, 0x00,
    0x00, 0x00, 0x00, 0x1f, 0xff, 0xb0, 0x00, 0x00,
    0x00, 0x03, 0xff, 0xf8, 0x00, 0x00, 0x00, 0x00,
    0xff, 0xfb, 0x00, 0x00, 0x00, 0x00, 0x1f, 0xff,
    0xb0, 0x00, 0x00, 0x00, 0x04, 0xff, 0xf7, 0x00,
    0x00, 0x00, 0x00, 0xff, 0xfb, 0x00, 0x00, 0x00,
    0x00, 0x1f, 0xff, 0xb0, 0x00, 0x00, 0x00, 0x05,
    0xff, 0xf6, 0x00, 0x00, 0x00, 0x00, 0xff, 0xfb,
    0x00, 0x00, 0x00, 0x00, 0x1f, 0xff, 0xb0, 0x00,
    0x00, 0x00, 0x06, 0xff, 0xfe, 0xdd, 0xdd, 0xdd,
    0xdd, 0xff, 0xff, 0xdd, 0xdd, 0xdd, 0xdd, 0xef,
    0xff, 0xb0, 0x00, 0x00, 0x00, 0x08, 0xff, 0xff,
    0xff, 0xff, 0xff, 0xff, 0xff, 0xff, 0xff, 0xff,
    0xff, 0xff, 0xff, 0xff, 0xb0, 0x00, 0x00, 0x00,
    0x0b, 0xff, 0xff, 0xff, 0xff, 0xff, 0xff, 0xff,
    0xff, 0xff, 0xff, 0xff, 0xff, 0xff, 0xff, 0xb0,
    0x00, 0x00, 0x00, 0x0e, 0xff, 0xe6, 0x66, 0x66,
    0x66, 0x66, 0x66, 0x66, 0x66, 0x66, 0x66, 0x66,
    0x6f, 0xff, 0xb0, 0x00, 0x00, 0x00, 0x3f, 0xff,
    0xa0, 0x00, 0x00, 0x00, 0x00, 0x00, 0x00, 0x00,
    0x00, 0x00, 0x00, 0x1f, 0xff, 0xb0, 0x00, 0x00,
    0x00, 0x9f, 0xff, 0x60, 0x00, 0x00, 0x00, 0x00,
    0x00, 0x00, 0x00, 0x00, 0x00, 0x00, 0x07, 0x77,
    0x50, 0x00, 0x00, 0x00, 0xef, 0xff, 0x10, 0x00,
    0x00, 0x00, 0x00, 0x00, 0x00, 0x00, 0x00, 0x00,
    0x00, 0x00, 0x00, 0x00, 0x00, 0x00, 0x07, 0xff,
    0xfb, 0x00, 0x00, 0x00, 0x00, 0x00, 0x00, 0x00,
    0x00, 0x00, 0x00, 0x00, 0x00, 0x00, 0x00, 0x00,
    0x00, 0x2f, 0xff, 0xf4, 0x00, 0x00, 0x00, 0x00,
    0x00, 0x00, 0x00, 0x00, 0x00, 0x00, 0x00, 0x00,
    0x00, 0x00, 0x00, 0x01, 0xdf, 0xff, 0xc0, 0x00,
    0x00, 0x00, 0x00, 0x00, 0x00, 0x00, 0x00, 0x00,
    0x00, 0x00, 0x00, 0x00, 0x00, 0x00, 0x0c, 0xff,
    0xff, 0x20, 0x00, 0x00, 0x00, 0x00, 0x00, 0x00,
    0x00, 0x00, 0x00, 0x00, 0x00, 0x00, 0x00, 0x00,
    0x00, 0x03, 0xef, 0xf7, 0x00, 0x00, 0x00, 0x00,
    0x00, 0x00, 0x00, 0x00, 0x00, 0x00, 0x00, 0x00,
    0x00, 0x00, 0x00, 0x00, 0x00, 0x1d, 0x90, 0x00,
    0x00, 0x00, 0x00, 0x00, 0x00, 0x00, 0x00, 0x00,
    0x00, 0x00, 0x00, 0x00, 0x00, 0x00, 0x00, 0x00,
    0x01, 0x00, 0x00, 0x00, 0x00, 0x00, 0x00, 0x00,
    0x00, 0x00, 0x00, 0x00, 0x00, 0x00, 0x00, 0x00,
    0x00, 0x00,

    /* U+590D "复" */
    0x00, 0x00, 0x00, 0x00, 0x09, 0x61, 0x00, 0x00,
    0x00, 0x00, 0x00, 0x00, 0x00, 0x00, 0x00, 0x00,
    0x00, 0x00, 0x00, 0x00, 0x00, 0x00, 0x00, 0x5f,
    0xff, 0x70, 0x00, 0x00, 0x00, 0x00, 0x00, 0x00,
    0x00, 0x00, 0x00, 0x00, 0x00, 0x00, 0x00, 0x00,
    0x00, 0x00, 0xef, 0xff, 0x20, 0x00, 0x00, 0x00,
    0x00, 0x00, 0x00, 0x00, 0x00, 0x00, 0x00, 0x00,
    0x00, 0x00, 0x00, 0x00, 0x09, 0xff, 0xf9, 0x11,
    0x11, 0x11, 0x11, 0x11, 0x11, 0x11, 0x11, 0x11,
    0x11, 0x11, 0x10, 0x00, 0x00, 0x00, 0x00, 0x5f,
    0xff, 0xff, 0xff, 0xff, 0xff, 0xff, 0xff, 0xff,
    0xff, 0xff, 0xff, 0xff, 0xff, 0xfa, 0x00, 0x00,
    0x00, 0x03, 0xff, 0xff, 0xff, 0xff, 0xff, 0xff,
    0xff, 0xff, 0xff, 0xff, 0xff, 0xff, 0xff, 0xff,
    0xfa, 0x00, 0x00, 0x00, 0x2e, 0xff, 0xff, 0xff,
    0xff, 0xff, 0xff, 0xff, 0xff, 0xff, 0xff, 0xff,
    0xff, 0xff, 0xff, 0xfa, 0x00, 0x00, 0x03, 0xef,
    0xff, 0xb0, 0x00, 0x00, 0x00, 0x00, 0x00, 0x00,
    0x00, 0x00, 0x00, 0x00, 0x00, 0x00, 0x00, 0x00,
    0x00, 0x4f, 0xff, 0xfd, 0x00, 0x00, 0x00, 0x00,
    0x00, 0x00, 0x00, 0x00, 0x00, 0x00, 0x00, 0x00,
    0x00, 0x00, 0x00, 0x07, 0xff, 0xff, 0xd8, 0xaa,
    0xaa, 0xaa, 0xaa, 0xaa, 0xaa, 0xaa, 0xaa, 0xaa,
    0xaa, 0xaa, 0xaa, 0x90, 0x00, 0x00, 0x0c, 0xff,
    0xfd, 0x1b, 0xff, 0xff, 0xff, 0xff, 0xff, 0xff,
    0xff, 0xff, 0xff, 0xff, 0xff, 0xff, 0xe0, 0x00,
    0x00, 0x01, 0xdf, 0xc1, 0x0b, 0xff, 0xff, 0xff,
    0xff, 0xff, 0xff, 0xff, 0xff, 0xff, 0xff, 0xff,
    0xff, 0xe0, 0x00, 0x00, 0x00, 0x2a, 0x00, 0x0b,
    0xff, 0xf0, 0x00, 0x00, 0x00, 0x00, 0x00, 0x00,
    0x00, 0x00, 0x1f, 0xff, 0xe0, 0x00, 0x00, 0x00,
    0x00, 0x00, 0x0b, 0xff, 0xf0, 0x00, 0x00, 0x00,
    0x00, 0x00, 0x00, 0x00, 0x00, 0x1f, 0xff, 0xe0,
    0x00, 0x00, 0x00, 0x00, 0x00, 0x0b, 0xff, 0xff,
    0xff, 0xff, 0xff, 0xff, 0xff, 0xff, 0xff, 0xff,
    0xff, 0xff, 0xe0, 0x00, 0x00, 0x00, 0x00, 0x00,
    0x0b, 0xff, 0xff, 0xff, 0xff, 0xff, 0xff, 0xff,
    0xff, 0xff, 0xff, 0xff, 0xff, 0xe0, 0x00, 0x00,
    0x00, 0x00, 0x00, 0x0b, 0xff, 0xf8, 0x77, 0x77,
    0x77, 0x77, 0x77, 0x77, 0x77, 0x77, 0x8f, 0xff,
    0xe0, 0x00, 0x00, 0x00, 0x00, 0x00, 0x0b, 0xff,
    0xf0, 0x00, 0x00, 0x00, 0x00, 0x00, 0x00, 0x00,
    0x00, 0x1f, 0xff, 0xe0, 0x00, 0x00, 0x00, 0x00,
    0x00, 0x0b, 0xff, 0xf1, 0x00, 0x00, 0x00, 0x00,
    0x00, 0x00, 0x00, 0x00, 0x1f, 0xff, 0xe0, 0x00,
    0x00, 0x00, 0x00, 0x00, 0x0b, 0xff, 0xff, 0xff,
    0xff, 0xff, 0xff, 0xff, 0xff, 0xff, 0xff, 0xff,
    0xff, 0xe0, 0x00, 0x00, 0x00, 0x00, 0x00, 0x0b,
    0xff, 0xff, 0xff, 0xff, 0xff, 0xff, 0xff, 0xff,
    0xff, 0xff, 0xff, 0xff, 0xe0, 0x00, 0x00, 0x00,
    0x00, 0x00, 0x06, 0x99, 0x9d, 0xff, 0xfd, 0x99,
    0x99, 0x99, 0x99, 0x99, 0x99, 0x99, 0x99, 0x80,
    0x00, 0x00, 0x00, 0x00, 0x00, 0x00, 0x00, 0x3f,
    0xff, 0xf2, 0x00, 0x00, 0x00, 0x00, 0x00, 0x00,
    0x00, 0x00, 0x00, 0x00, 0x00, 0x00, 0x00, 0x00,
    0x00, 0x03, 0xff, 0xff, 0xda, 0xaa, 0xaa, 0xaa,
    0xaa, 0xaa, 0xaa, 0xab, 0x80, 0x00, 0x00, 0x00,
    0x00, 0x00, 0x00, 0x00, 0x6f, 0xff, 0xff, 0xff,
    0xff, 0xff, 0xff, 0xff, 0xff, 0xff, 0xff, 0xfd,
    0x20, 0x00, 0x00, 0x00, 0x00, 0x00, 0x0a, 0xff,
    0xff, 0xff, 0xff, 0xff, 0xff, 0xff, 0xff, 0xff,
    0xff, 0xff, 0xfd, 0x00, 0x00, 0x00, 0x00, 0x00,
    0x04, 0xef, 0xff, 0xff, 0xd4, 0x33, 0x33, 0x33,
    0x33, 0x33, 0x34, 0xef, 0xff, 0xe2, 0x00, 0x00,
    0x00, 0x00, 0x02, 0xbf, 0xff, 0xfd, 0xff, 0xfe,
    0x40, 0x00, 0x00, 0x00, 0x00, 0x5e, 0xff, 0xfe,
    0x20, 0x00, 0x00, 0x00, 0x00, 0x2f, 0xff, 0xff,
    0x90, 0x3e, 0xff, 0xfa, 0x10, 0x00, 0x00, 0x3c,
    0xff, 0xff, 0xc1, 0x00, 0x00, 0x00, 0x00, 0x00,
    0x03, 0xef, 0xe4, 0x00, 0x01, 0xcf, 0xff, 0xf9,
    0x20, 0x5c, 0xff, 0xff, 0xf9, 0x00, 0x00, 0x00,
    0x00, 0x00, 0x00, 0x00, 0x28, 0x00, 0x00, 0x00,
    0x08, 0xff, 0xff, 0xff, 0xff, 0xff, 0xfc, 0x30,
    0x00, 0x00, 0x00, 0x00, 0x00, 0x00, 0x00, 0x00,
    0x00, 0x00, 0x00, 0x01, 0x8f, 0xff, 0xff, 0xff,
    0xff, 0x90, 0x00, 0x00, 0x00, 0x00, 0x00, 0x00,
    0x00, 0x00, 0x00, 0x00, 0x24, 0x7a, 0xef, 0xff,
    0xff, 0xff, 0xff, 0xff, 0xff, 0xda, 0x75, 0x20,
    0x00, 0x00, 0x00, 0x24, 0x67, 0x9b, 0xdf, 0xff,
    0xff, 0xff, 0xff, 0xff, 0xd9, 0xef, 0xff, 0xff,
    0xff, 0xff, 0xff, 0xed, 0xba, 0x96, 0x7f, 0xff,
    0xff, 0xff, 0xff, 0xff, 0xff, 0xfc, 0x73, 0x00,
    0x03, 0x8c, 0xff, 0xff, 0xff, 0xff, 0xff, 0xff,
    0xf2, 0x0e, 0xff, 0xff, 0xff, 0xff, 0xeb, 0x74,
    0x00, 0x00, 0x00, 0x00, 0x00, 0x14, 0x8b, 0xef,
    0xff, 0xff, 0xff, 0x80, 0x09, 0xff, 0xdb, 0x86,
    0x41, 0x00, 0x00, 0x00, 0x00, 0x00, 0x00, 0x00,
    0x00, 0x00, 0x01, 0x35, 0x79, 0xbc, 0x10, 0x00,
    0x00, 0x00, 0x00, 0x00, 0x00, 0x00, 0x00, 0x00,
    0x00, 0x00, 0x00, 0x00, 0x00, 0x00, 0x00, 0x00,
    0x00, 0x00,

    /* U+591A "多" */
    0x00, 0x00, 0x00, 0x00, 0x00, 0x00, 0x00, 0x06,
    0xb8, 0x41, 0x00, 0x00, 0x00, 0x00, 0x00, 0x00,
    0x00, 0x00, 0x00, 0x00, 0x00, 0x00, 0x00, 0x00,
    0x00, 0x4f, 0xff, 0xfb, 0x00, 0x00, 0x00, 0x00,
    0x00, 0x00, 0x00, 0x00, 0x00, 0x00, 0x00, 0x00,
    0x00, 0x00, 0x05, 0xff, 0xff, 0xb0, 0x00, 0x00,
    0x00, 0x00, 0x00, 0x00, 0x00, 0x00, 0x00, 0x00,
    0x00, 0x00, 0x00, 0x00, 0x7f, 0xff, 0xfe, 0x65,
    0x55, 0x55, 0x55, 0x67, 0x20, 0x00, 0x00, 0x00,
    0x00, 0x00, 0x00, 0x00, 0x00, 0x0a, 0xff, 0xff,
    0xff, 0xff, 0xff, 0xff, 0xff, 0xff, 0xf8, 0x00,
    0x00, 0x00, 0x00, 0x00, 0x00, 0x00, 0x04, 0xef,
    0xff, 0xff, 0xff, 0xff, 0xff, 0xff, 0xff, 0xff,
    0xfe, 0x10, 0x00, 0x00, 0x00, 0x00, 0x00, 0x01,
    0x9f, 0xff, 0xff, 0xff, 0xff, 0xff, 0xff, 0xff,
    0xff, 0xff, 0xf5, 0x00, 0x00, 0x00, 0x00, 0x00,
    0x00, 0x7e, 0xff, 0xff, 0xc2, 0x00, 0x00, 0x00,
    0x00, 0x03, 0xff, 0xff, 0xa0, 0x00, 0x00, 0x00,
    0x00, 0x00, 0x7e, 0xff, 0xff, 0xf8, 0x00, 0x00,
    0x00, 0x00, 0x00, 0x3e, 0xff, 0xfd, 0x00, 0x00,
    0x00, 0x00, 0x00, 0x8f, 0xff, 0xff, 0xfc, 0x22,
    0x70, 0x00, 0x00, 0x00, 0x05, 0xff, 0xff, 0xd1,
    0x00, 0x00, 0x00, 0x00, 0x00, 0x2e, 0xff, 0xfd,
    0x50, 0x7f, 0xfd, 0x40, 0x00, 0x00, 0x9f, 0xff,
    0xfd, 0x10, 0x00, 0x00, 0x00, 0x00, 0x00, 0x02,
    0xed, 0x60, 0x02, 0xdf, 0xff, 0xf8, 0x00, 0x3d,
    0xff, 0xff, 0xb1, 0x00, 0x00, 0x00, 0x00, 0x00,
    0x00, 0x00, 0x20, 0x00, 0x00, 0x09, 0xff, 0xff,
    0xca, 0xff, 0xff, 0xf9, 0x00, 0x00, 0x00, 0x00,
    0x00, 0x00, 0x00, 0x00, 0x00, 0x00, 0x00, 0x00,
    0x6f, 0xff, 0xff, 0xff, 0xfe, 0x40, 0x00, 0x00,
    0x00, 0x00, 0x00, 0x00, 0x00, 0x00, 0x00, 0x00,
    0x00, 0x00, 0x3c, 0xff, 0xff, 0xff, 0xa1, 0xa8,
    0x40, 0x00, 0x00, 0x00, 0x00, 0x00, 0x00, 0x00,
    0x00, 0x00, 0x01, 0x7d, 0xff, 0xff, 0xff, 0xc3,
    0x0a, 0xff, 0xff, 0x30, 0x00, 0x00, 0x00, 0x00,
    0x00, 0x00, 0x00, 0x37, 0xcf, 0xff, 0xff, 0xff,
    0xd5, 0x00, 0x9f, 0xff, 0xf6, 0x00, 0x00, 0x00,
    0x00, 0x00, 0x01, 0x47, 0xbe, 0xff, 0xff, 0xff,
    0xff, 0xb4, 0x00, 0x09, 0xff, 0xff, 0x70, 0x00,
    0x00, 0x00, 0x00, 0x00, 0x0d, 0xff, 0xff, 0xff,
    0xff, 0xfe, 0x82, 0x00, 0x01, 0xbf, 0xff, 0xff,
    0xff, 0xff, 0xff, 0xff, 0xff, 0x70, 0x04, 0xff,
    0xff, 0xff, 0xe9, 0x40, 0x00, 0x00, 0x4e, 0xff,
    0xff, 0xff, 0xff, 0xff, 0xff, 0xff, 0xff, 0xfc,
    0x00, 0xcf, 0xfb, 0x73, 0x00, 0x00, 0x00, 0x09,
    0xff, 0xff, 0xff, 0xff, 0xff, 0xff, 0xff, 0xff,
    0xff, 0xf7, 0x00, 0x23, 0x00, 0x00, 0x00, 0x00,
    0x05, 0xef, 0xff, 0xfd, 0x77, 0x77, 0x77, 0x77,
    0x77, 0xef, 0xff, 0xd0, 0x00, 0x00, 0x00, 0x00,
    0x00, 0x04, 0xcf, 0xff, 0xff, 0x90, 0x00, 0x00,
    0x00, 0x00, 0x07, 0xff, 0xff, 0x40, 0x00, 0x00,
    0x00, 0x00, 0x05, 0xcf, 0xff, 0xff, 0xd4, 0x00,
    0x00, 0x00, 0x00, 0x00, 0x5f, 0xff, 0xf9, 0x00,
    0x00, 0x00, 0x00, 0x28, 0xef, 0xff, 0xff, 0xf7,
    0x02, 0x30, 0x00, 0x00, 0x00, 0x05, 0xff, 0xff,
    0xc0, 0x00, 0x00, 0x00, 0x01, 0xef, 0xff, 0xff,
    0xf9, 0x11, 0x9f, 0xf8, 0x00, 0x00, 0x00, 0x7f,
    0xff, 0xfd, 0x10, 0x00, 0x00, 0x00, 0x00, 0x3f,
    0xff, 0xf9, 0x10, 0x09, 0xff, 0xff, 0xb1, 0x00,
    0x1b, 0xff, 0xff, 0xd2, 0x00, 0x00, 0x00, 0x00,
    0x00, 0x06, 0xd7, 0x10, 0x00, 0x00, 0x7f, 0xff,
    0xfd, 0x26, 0xef, 0xff, 0xfc, 0x10, 0x00, 0x00,
    0x00, 0x00, 0x00, 0x00, 0x00, 0x00, 0x00, 0x00,
    0x04, 0xff, 0xff, 0xff, 0xff, 0xff, 0xa0, 0x00,
    0x00, 0x00, 0x00, 0x00, 0x00, 0x00, 0x00, 0x00,
    0x00, 0x00, 0x00, 0x4f, 0xff, 0xff, 0xff, 0xf6,
    0x00, 0x00, 0x00, 0x00, 0x00, 0x00, 0x00, 0x00,
    0x00, 0x00, 0x00, 0x00, 0x49, 0xff, 0xff, 0xff,
    0xfb, 0x10, 0x00, 0x00, 0x00, 0x00, 0x00, 0x00,
    0x00, 0x00, 0x00, 0x00, 0x15, 0xae, 0xff, 0xff,
    0xff, 0xfc, 0x40, 0x00, 0x00, 0x00, 0x00, 0x00,
    0x00, 0x00, 0x00, 0x01, 0x36, 0xad, 0xff, 0xff,
    0xff, 0xff, 0xfb, 0x40, 0x00, 0x00, 0x00, 0x00,
    0x00, 0x00, 0x14, 0x68, 0xac, 0xef, 0xff, 0xff,
    0xff, 0xff, 0xff, 0xe9, 0x20, 0x00, 0x00, 0x00,
    0x00, 0x00, 0x00, 0x00, 0x1f, 0xff, 0xff, 0xff,
    0xff, 0xff, 0xff, 0xfe, 0x94, 0x00, 0x00, 0x00,
    0x00, 0x00, 0x00, 0x00, 0x00, 0x00, 0x09, 0xff,
    0xff, 0xff, 0xff, 0xfe, 0xa7, 0x20, 0x00, 0x00,
    0x00, 0x00, 0x00, 0x00, 0x00, 0x00, 0x00, 0x00,
    0x03, 0xff, 0xff, 0xdb, 0x85, 0x20, 0x00, 0x00,
    0x00, 0x00, 0x00, 0x00, 0x00, 0x00, 0x00, 0x00,
    0x00, 0x00, 0x00, 0x64, 0x20, 0x00, 0x00, 0x00,
    0x00, 0x00, 0x00, 0x00, 0x00, 0x00, 0x00, 0x00,
    0x00, 0x00, 0x00, 0x00,

    /* U+5929 "天" */
    0x00, 0x0a, 0xee, 0xee, 0xee, 0xee, 0xee, 0xee,
    0xee, 0xee, 0xee, 0xee, 0xee, 0xee, 0xee, 0xee,
    0xee, 0xe0, 0x00, 0x00, 0x00, 0xcf, 0xff, 0xff,
    0xff, 0xff, 0xff, 0xff, 0xff, 0xff, 0xff, 0xff,
    0xff, 0xff, 0xff, 0xff, 0xff, 0x00, 0x00, 0x00,
    0x0c, 0xff, 0xff, 0xff, 0xff, 0xff, 0xff, 0xff,
    0xff, 0xff, 0xff, 0xff, 0xff, 0xff, 0xff, 0xff,
    0xf0, 0x00, 0x00, 0x00, 0xcf, 0xff, 0xff, 0xff,
    0xff, 0xff, 0xff, 0xff, 0xff, 0xff, 0xff, 0xff,
    0xff, 0xff, 0xff, 0xff, 0x00, 0x00, 0x00, 0x00,
    0x00, 0x00, 0x00, 0x00, 0x00, 0x00, 0x1f, 0xff,
    0xe0, 0x00, 0x00, 0x00, 0x00, 0x00, 0x00, 0x00,
    0x00, 0x00, 0x00, 0x00, 0x00, 0x00, 0x00, 0x00,
    0x00, 0x01, 0xff, 0xfe, 0x00, 0x00, 0x00, 0x00,
    0x00, 0x00, 0x00, 0x00, 0x00, 0x00, 0x00, 0x00,
    0x00, 0x00, 0x00, 0x00, 0x00, 0x1f, 0xff, 0xe0,
    0x00, 0x00, 0x00, 0x00, 0x00, 0x00, 0x00, 0x00,
    0x00, 0x00, 0x00, 0x00, 0x00, 0x00, 0x00, 0x00,
    0x01, 0xff, 0xfe, 0x00, 0x00, 0x00, 0x00, 0x00,
    0x00, 0x00, 0x00, 0x00, 0x00, 0x00, 0x00, 0x00,
    0x00, 0x00, 0x00, 0x00, 0x1f, 0xff, 0xe0, 0x00,
    0x00, 0x00, 0x00, 0x00, 0x00, 0x00, 0x00, 0x00,
    0x00, 0x00, 0x00, 0x00, 0x00, 0x00, 0x00, 0x01,
    0xff, 0xfd, 0x00, 0x00, 0x00, 0x00, 0x00, 0x00,
    0x00, 0x00, 0x00, 0x00, 0x00, 0x00, 0x00, 0x00,
    0x00, 0x00, 0x00, 0x2f, 0xff, 0xd0, 0x00, 0x00,
    0x00, 0x00, 0x00, 0x00, 0x00, 0x00, 0x00, 0x00,
    0x00, 0x00, 0x00, 0x00, 0x00, 0x00, 0x03, 0xff,
    0xfc, 0x00, 0x00, 0x00, 0x00, 0x00, 0x00, 0x00,
    0x00, 0x00, 0x02, 0xdd, 0xdd, 0xdd, 0xdd, 0xdd,
    0xdd, 0xdd, 0xef, 0xff, 0xfd, 0xdd, 0xdd, 0xdd,
    0xdd, 0xdd, 0xdd, 0xdd, 0x90, 0x00, 0x3f, 0xff,
    0xff, 0xff, 0xff, 0xff, 0xff, 0xff, 0xff, 0xff,
    0xff, 0xff, 0xff, 0xff, 0xff, 0xff, 0xff, 0xfb,
    0x00, 0x03, 0xff, 0xff, 0xff, 0xff, 0xff, 0xff,
    0xff, 0xff, 0xff, 0xff, 0xff, 0xff, 0xff, 0xff,
    0xff, 0xff, 0xff, 0xb0, 0x00, 0x3f, 0xff, 0xff,
    0xff, 0xff, 0xff, 0xff, 0xff, 0xff, 0xff, 0xff,
    0xff, 0xff, 0xff, 0xff, 0xff, 0xff, 0xfb, 0x00,
    0x00, 0x00, 0x00, 0x00, 0x00, 0x00, 0x00, 0x02,
    0xff, 0xff, 0xff, 0x30, 0x00, 0x00, 0x00, 0x00,
    0x00, 0x00, 0x00, 0x00, 0x00, 0x00, 0x00, 0x00,
    0x00, 0x00, 0x00, 0x7f, 0xff, 0xff, 0xf9, 0x00,
    0x00, 0x00, 0x00, 0x00, 0x00, 0x00, 0x00, 0x00,
    0x00, 0x00, 0x00, 0x00, 0x00, 0x00, 0x0d, 0xff,
    0xff, 0xff, 0xf1, 0x00, 0x00, 0x00, 0x00, 0x00,
    0x00, 0x00, 0x00, 0x00, 0x00, 0x00, 0x00, 0x00,
    0x00, 0x05, 0xff, 0xff, 0xaf, 0xff, 0x90, 0x00,
    0x00, 0x00, 0x00, 0x00, 0x00, 0x00, 0x00, 0x00,
    0x00, 0x00, 0x00, 0x00, 0x00, 0xdf, 0xff, 0xc1,
    0xff, 0xff, 0x30, 0x00, 0x00, 0x00, 0x00, 0x00,
    0x00, 0x00, 0x00, 0x00, 0x00, 0x00, 0x00, 0x00,
    0x7f, 0xff, 0xf4, 0x07, 0xff, 0xfd, 0x00, 0x00,
    0x00, 0x00, 0x00, 0x00, 0x00, 0x00, 0x00, 0x00,
    0x00, 0x00, 0x00, 0x3f, 0xff, 0xfc, 0x00, 0x0d,
    0xff, 0xfa, 0x00, 0x00, 0x00, 0x00, 0x00, 0x00,
    0x00, 0x00, 0x00, 0x00, 0x00, 0x00, 0x1e, 0xff,
    0xff, 0x20, 0x00, 0x4f, 0xff, 0xf8, 0x00, 0x00,
    0x00, 0x00, 0x00, 0x00, 0x00, 0x00, 0x00, 0x00,
    0x00, 0x1d, 0xff, 0xff, 0x70, 0x00, 0x00, 0xaf,
    0xff, 0xf7, 0x00, 0x00, 0x00, 0x00, 0x00, 0x00,
    0x00, 0x00, 0x00, 0x00, 0x2d, 0xff, 0xff, 0xb0,
    0x00, 0x00, 0x00, 0xdf, 0xff, 0xf8, 0x00, 0x00,
    0x00, 0x00, 0x00, 0x00, 0x00, 0x00, 0x00, 0x4e,
    0xff, 0xff, 0xd0, 0x00, 0x00, 0x00, 0x02, 0xef,
    0xff, 0xfa, 0x10, 0x00, 0x00, 0x00, 0x00, 0x00,
    0x00, 0x00, 0x9f, 0xff, 0xff, 0xd1, 0x00, 0x00,
    0x00, 0x00, 0x03, 0xff, 0xff, 0xfe, 0x40, 0x00,
    0x00, 0x00, 0x00, 0x00, 0x05, 0xef, 0xff, 0xff,
    0xb1, 0x00, 0x00, 0x00, 0x00, 0x00, 0x03, 0xef,
    0xff, 0xff, 0xb3, 0x00, 0x00, 0x00, 0x00, 0x5d,
    0xff, 0xff, 0xff, 0x80, 0x00, 0x00, 0x00, 0x00,
    0x00, 0x00, 0x02, 0xdf, 0xff, 0xff, 0xfb, 0x50,
    0x00, 0x17, 0xef, 0xff, 0xff, 0xfe, 0x40, 0x00,
    0x00, 0x00, 0x00, 0x00, 0x00, 0x00, 0x00, 0x9f,
    0xff, 0xff, 0xff, 0xf9, 0x00, 0xbf, 0xff, 0xff,
    0xf8, 0x00, 0x00, 0x00, 0x00, 0x00, 0x00, 0x00,
    0x00, 0x00, 0x00, 0x4d, 0xff, 0xff, 0xff, 0x30,
    0x00, 0xdf, 0xff, 0x91, 0x00, 0x00, 0x00, 0x00,
    0x00, 0x00, 0x00, 0x00, 0x00, 0x00, 0x00, 0x06,
    0xdf, 0xff, 0x70, 0x00, 0x03, 0xe8, 0x10, 0x00,
    0x00, 0x00, 0x00, 0x00, 0x00, 0x00, 0x00, 0x00,
    0x00, 0x00, 0x00, 0x00, 0x4a, 0xb0, 0x00, 0x00,
    0x00, 0x00, 0x00, 0x00, 0x00, 0x00, 0x00, 0x00,
    0x00, 0x00, 0x00, 0x00, 0x00, 0x00, 0x00, 0x00,
    0x00, 0x00, 0x00,

    /* U+592A "太" */
    0x00, 0x00, 0x00, 0x00, 0x00, 0x00, 0x00, 0x00,
    0x18, 0x88, 0x80, 0x00, 0x00, 0x00, 0x00, 0x00,
    0x00, 0x00, 0x00, 0x00, 0x00, 0x00, 0x00, 0x00,
    0x00, 0x00, 0x00, 0x2f, 0xff, 0xf0, 0x00, 0x00,
    0x00, 0x00, 0x00, 0x00, 0x00, 0x00, 0x00, 0x00,
    0x00, 0x00, 0x00, 0x00, 0x00, 0x00, 0x2f, 0xff,
    0xf0, 0x00, 0x00, 0x00, 0x00, 0x00, 0x00, 0x00,
    0x00, 0x00, 0x00, 0x00, 0x00, 0x00, 0x00, 0x00,
    0x00, 0x2f, 0xff, 0xf0, 0x00, 0x00, 0x00, 0x00,
    0x00, 0x00, 0x00, 0x00, 0x00, 0x00, 0x00, 0x00,
    0x00, 0x00, 0x00, 0x00, 0x2f, 0xff, 0xf0, 0x00,
    0x00, 0x00, 0x00, 0x00, 0x00, 0x00, 0x00, 0x00,
    0x00, 0x00, 0x00, 0x00, 0x00, 0x00, 0x00, 0x3f,
    0xff, 0xe0, 0x00, 0x00, 0x00, 0x00, 0x00, 0x00,
    0x00, 0x00, 0x00, 0x00, 0x00, 0x00, 0x00, 0x00,
    0x00, 0x00, 0x3f, 0xff, 0xd0, 0x00, 0x00, 0x00,
    0x00, 0x00, 0x00, 0x00, 0x00, 0x00, 0x00, 0x00,
    0x00, 0x00, 0x00, 0x00, 0x00, 0x4f, 0xff, 0xd0,
    0x00, 0x00, 0x00, 0x00, 0x00, 0x00, 0x00, 0x00,
    0x00, 0x00, 0x00, 0x00, 0x00, 0x00, 0x00, 0x00,
    0x5f, 0xff, 0xc0, 0x00, 0x00, 0x00, 0x00, 0x00,
    0x00, 0x00, 0x00, 0x00, 0x00, 0x00, 0x00, 0x00,
    0x00, 0x00, 0x00, 0x6f, 0xff, 0xa0, 0x00, 0x00,
    0x00, 0x00, 0x00, 0x00, 0x00, 0x00, 0x01, 0x33,
    0x33, 0x33, 0x33, 0x33, 0x33, 0x33, 0x9f, 0xff,
    0xa3, 0x33, 0x33, 0x33, 0x33, 0x33, 0x33, 0x33,
    0x20, 0x0a, 0xff, 0xff, 0xff, 0xff, 0xff, 0xff,
    0xff, 0xff, 0xff, 0xff, 0xff, 0xff, 0xff, 0xff,
    0xff, 0xff, 0xff, 0xe0, 0x0a, 0xff, 0xff, 0xff,
    0xff, 0xff, 0xff, 0xff, 0xff, 0xff, 0xff, 0xff,
    0xff, 0xff, 0xff, 0xff, 0xff, 0xff, 0xe0, 0x0a,
    0xff, 0xff, 0xff, 0xff, 0xff, 0xff, 0xff, 0xff,
    0xff, 0xff, 0xff, 0xff, 0xff, 0xff, 0xff, 0xff,
    0xff, 0xe0, 0x07, 0xbb, 0xbb, 0xbb, 0xbb, 0xbb,
    0xbb, 0xbb, 0xff, 0xff, 0xff, 0xdb, 0xbb, 0xbb,
    0xbb, 0xbb, 0xbb, 0xbb, 0xa0, 0x00, 0x00, 0x00,
    0x00, 0x00, 0x00, 0x00, 0x03, 0xff, 0xff, 0xff,
    0x90, 0x00, 0x00, 0x00, 0x00, 0x00, 0x00, 0x00,
    0x00, 0x00, 0x00, 0x00, 0x00, 0x00, 0x00, 0x07,
    0xff, 0xff, 0xff, 0xe0, 0x00, 0x00, 0x00, 0x00,
    0x00, 0x00, 0x00, 0x00, 0x00, 0x00, 0x00, 0x00,
    0x00, 0x00, 0x0b, 0xff, 0xff, 0xff, 0xf5, 0x00,
    0x00, 0x00, 0x00, 0x00, 0x00, 0x00, 0x00, 0x00,
    0x00, 0x00, 0x00, 0x00, 0x00, 0x0f, 0xff, 0xf7,
    0xff, 0xfb, 0x00, 0x00, 0x00, 0x00, 0x00, 0x00,
    0x00, 0x00, 0x00, 0x00, 0x00, 0x00, 0x00, 0x00,
    0x5f, 0xff, 0xd0, 0xef, 0xff, 0x20, 0x00, 0x00,
    0x00, 0x00, 0x00, 0x00, 0x00, 0x00, 0x00, 0x00,
    0x00, 0x00, 0x00, 0xbf, 0xff, 0x80, 0x8f, 0xff,
    0xa0, 0x00, 0x00, 0x00, 0x00, 0x00, 0x00, 0x00,
    0x00, 0x00, 0x00, 0x00, 0x00, 0x02, 0xff, 0xff,
    0x30, 0x2f, 0xff, 0xf2, 0x00, 0x00, 0x00, 0x00,
    0x00, 0x00, 0x00, 0x00, 0x00, 0x00, 0x00, 0x00,
    0x0a, 0xff, 0xfd, 0x00, 0x0a, 0xff, 0xfa, 0x00,
    0x00, 0x00, 0x00, 0x00, 0x00, 0x00, 0x00, 0x00,
    0x00, 0x00, 0x00, 0x2f, 0xff, 0xf6, 0x00, 0x03,
    0xff, 0xff, 0x30, 0x00, 0x00, 0x00, 0x00, 0x00,
    0x00, 0x00, 0x00, 0x00, 0x00, 0x00, 0xbf, 0xff,
    0xe0, 0x00, 0x00, 0xbf, 0xff, 0xd0, 0x00, 0x00,
    0x00, 0x00, 0x00, 0x00, 0x00, 0x00, 0x00, 0x00,
    0x05, 0xff, 0xff, 0x60, 0x00, 0x00, 0x3f, 0xff,
    0xf8, 0x00, 0x00, 0x00, 0x00, 0x00, 0x00, 0x00,
    0x00, 0x00, 0x00, 0x2f, 0xff, 0xfd, 0x00, 0x00,
    0x00, 0x09, 0xff, 0xff, 0x40, 0x00, 0x00, 0x00,
    0x00, 0x00, 0x00, 0x00, 0x00, 0x01, 0xdf, 0xff,
    0xfa, 0x30, 0x00, 0x00, 0x01, 0xef, 0xff, 0xf2,
    0x00, 0x00, 0x00, 0x00, 0x00, 0x00, 0x00, 0x00,
    0x0c, 0xff, 0xff, 0xff, 0xf6, 0x00, 0x00, 0x00,
    0x5f, 0xff, 0xfe, 0x20, 0x00, 0x00, 0x00, 0x00,
    0x00, 0x00, 0x01, 0xcf, 0xff, 0xff, 0xff, 0xff,
    0x70, 0x00, 0x00, 0x09, 0xff, 0xff, 0xd2, 0x00,
    0x00, 0x00, 0x00, 0x00, 0x00, 0x2d, 0xff, 0xff,
    0xd4, 0xef, 0xff, 0xf8, 0x00, 0x00, 0x00, 0xcf,
    0xff, 0xfe, 0x30, 0x00, 0x00, 0x00, 0x00, 0x06,
    0xff, 0xff, 0xfe, 0x20, 0x2e, 0xff, 0xff, 0x80,
    0x00, 0x00, 0x1d, 0xff, 0xff, 0xf6, 0x00, 0x00,
    0x00, 0x02, 0xbf, 0xff, 0xff, 0xd2, 0x00, 0x02,
    0xef, 0xff, 0xf8, 0x00, 0x00, 0x02, 0xef, 0xff,
    0xff, 0xb2, 0x00, 0x02, 0x9f, 0xff, 0xff, 0xfc,
    0x10, 0x00, 0x00, 0x2e, 0xff, 0xff, 0x60, 0x00,
    0x00, 0x1d, 0xff, 0xff, 0xff, 0x81, 0x4f, 0xff,
    0xff, 0xff, 0x80, 0x00, 0x00, 0x00, 0x03, 0xff,
    0xff, 0xf3, 0x00, 0x00, 0x01, 0xbf, 0xff, 0xff,
    0xf8, 0x07, 0xff, 0xff, 0xd3, 0x00, 0x00, 0x00,
    0x00, 0x00, 0x4f, 0xff, 0x80, 0x00, 0x00, 0x00,
    0x07, 0xff, 0xff, 0xa0, 0x00, 0xaf, 0xe6, 0x00,
    0x00, 0x00, 0x00, 0x00, 0x00, 0x07, 0xe4, 0x00,
    0x00, 0x00, 0x00, 0x00, 0x2c, 0xfd, 0x00, 0x00,
    0x06, 0x00, 0x00, 0x00, 0x00, 0x00, 0x00, 0x00,
    0x00, 0x10, 0x00, 0x00, 0x00, 0x00, 0x00, 0x00,
    0x43, 0x00,

    /* U+59CB "始" */
    0x00, 0x00, 0x03, 0x65, 0x40, 0x00, 0x00, 0x00,
    0x00, 0x00, 0x00, 0x04, 0x73, 0x00, 0x00, 0x00,
    0x00, 0x00, 0x00, 0x00, 0x00, 0x00, 0x9f, 0xff,
    0x00, 0x00, 0x00, 0x00, 0x00, 0x00, 0x00, 0xcf,
    0xfe, 0x50, 0x00, 0x00, 0x00, 0x00, 0x00, 0x00,
    0x00, 0x0b, 0xff, 0xe0, 0x00, 0x00, 0x00, 0x00,
    0x00, 0x00, 0x2f, 0xff, 0xf1, 0x00, 0x00, 0x00,
    0x00, 0x00, 0x00, 0x00, 0x00, 0xdf, 0xfb, 0x00,
    0x00, 0x00, 0x00, 0x00, 0x00, 0x09, 0xff, 0xf9,
    0x00, 0x00, 0x00, 0x00, 0x00, 0x00, 0x00, 0x00,
    0x0f, 0xff, 0x90, 0x00, 0x00, 0x00, 0x00, 0x00,
    0x01, 0xff, 0xff, 0x20, 0x00, 0x00, 0x00, 0x00,
    0x00, 0x00, 0x00, 0x01, 0xff, 0xf6, 0x00, 0x00,
    0x00, 0x00, 0x00, 0x00, 0x8f, 0xff, 0xa0, 0x00,
    0x00, 0x00, 0x00, 0x00, 0x00, 0x00, 0x00, 0x4f,
    0xff, 0x30, 0x00, 0x00, 0x00, 0x00, 0x00, 0x1f,
    0xff, 0xf2, 0x00, 0x00, 0x7b, 0x00, 0x00, 0x00,
    0x00, 0x00, 0x07, 0xff, 0xf0, 0x00, 0x00, 0x00,
    0x00, 0x00, 0x09, 0xff, 0xf9, 0x00, 0x04, 0xef,
    0xf8, 0x00, 0x00, 0x00, 0x39, 0x99, 0xdf, 0xff,
    0x99, 0x9a, 0xa8, 0x30, 0x00, 0x02, 0xff, 0xfe,
    0x10, 0x00, 0x0d, 0xff, 0xf3, 0x00, 0x00, 0x06,
    0xff, 0xff, 0xff, 0xff, 0xff, 0xff, 0xf8, 0x00,
    0x00, 0xbf, 0xff, 0x60, 0x00, 0x00, 0x2f, 0xff,
    0xd0, 0x00, 0x00, 0x6f, 0xff, 0xff, 0xff, 0xff,
    0xff, 0xff, 0x70, 0x00, 0x4f, 0xff, 0xd0, 0x00,
    0x00, 0x00, 0x7f, 0xff, 0x90, 0x00, 0x06, 0xff,
    0xff, 0xff, 0xff, 0xff, 0xff, 0xf6, 0x00, 0x0e,
    0xff, 0xf3, 0x00, 0x00, 0x00, 0x00, 0xdf, 0xff,
    0x30, 0x00, 0x00, 0x05, 0xff, 0xf1, 0x00, 0x1f,
    0xff, 0x40, 0x09, 0xff, 0xf9, 0x00, 0x00, 0x00,
    0x00, 0x05, 0xff, 0xfc, 0x00, 0x00, 0x00, 0x8f,
    0xfe, 0x00, 0x03, 0xff, 0xf3, 0x06, 0xff, 0xff,
    0x77, 0x8a, 0xbc, 0xde, 0xff, 0xff, 0xff, 0xf5,
    0x00, 0x00, 0x0c, 0xff, 0xa0, 0x00, 0x5f, 0xff,
    0x17, 0xff, 0xff, 0xff, 0xff, 0xff, 0xff, 0xff,
    0xff, 0xff, 0xff, 0xd0, 0x00, 0x00, 0xff, 0xf7,
    0x00, 0x07, 0xff, 0xf0, 0x7f, 0xff, 0xff, 0xff,
    0xff, 0xff, 0xff, 0xff, 0xff, 0xff, 0xff, 0x60,
    0x00, 0x3f, 0xff, 0x30, 0x00, 0xaf, 0xfc, 0x01,
    0xff, 0xff, 0xff, 0xff, 0xfe, 0xcb, 0xa8, 0x76,
    0x44, 0xff, 0xfd, 0x00, 0x07, 0xff, 0xf0, 0x00,
    0x0d, 0xff, 0xa0, 0x0c, 0xc9, 0x75, 0x32, 0x00,
    0x00, 0x00, 0x00, 0x00, 0x0b, 0xff, 0x90, 0x00,
    0xbf, 0xfc, 0x00, 0x00, 0xff, 0xf7, 0x00, 0x00,
    0x00, 0x00, 0x00, 0x00, 0x00, 0x00, 0x00, 0x00,
    0x4a, 0x20, 0x00, 0x0f, 0xff, 0x80, 0x00, 0x4f,
    0xff, 0x40, 0x00, 0x00, 0x00, 0x00, 0x00, 0x00,
    0x00, 0x00, 0x00, 0x00, 0x00, 0x00, 0x04, 0xff,
    0xf4, 0x00, 0x08, 0xff, 0xf1, 0x00, 0x01, 0x22,
    0x22, 0x22, 0x22, 0x22, 0x22, 0x22, 0x22, 0x21,
    0x00, 0x00, 0x9f, 0xff, 0xe3, 0x00, 0xcf, 0xfd,
    0x00, 0x00, 0x9f, 0xff, 0xff, 0xff, 0xff, 0xff,
    0xff, 0xff, 0xff, 0x80, 0x00, 0x04, 0xef, 0xff,
    0xf7, 0x1f, 0xff, 0x80, 0x00, 0x09, 0xff, 0xff,
    0xff, 0xff, 0xff, 0xff, 0xff, 0xff, 0xf8, 0x00,
    0x00, 0x01, 0xcf, 0xff, 0xfd, 0xff, 0xf4, 0x00,
    0x00, 0x9f, 0xff, 0xff, 0xff, 0xff, 0xff, 0xff,
    0xff, 0xff, 0x80, 0x00, 0x00, 0x00, 0x9f, 0xff,
    0xff, 0xfe, 0x00, 0x00, 0x09, 0xff, 0xf3, 0x33,
    0x33, 0x33, 0x33, 0x34, 0xff, 0xf8, 0x00, 0x00,
    0x00, 0x00, 0x6f, 0xff, 0xff, 0x90, 0x00, 0x00,
    0x9f, 0xfe, 0x00, 0x00, 0x00, 0x00, 0x00, 0x1f,
    0xff, 0x80, 0x00, 0x00, 0x00, 0x00, 0x4f, 0xff,
    0xfe, 0x30, 0x00, 0x09, 0xff, 0xe0, 0x00, 0x00,
    0x00, 0x00, 0x01, 0xff, 0xf8, 0x00, 0x00, 0x00,
    0x00, 0x03, 0xff, 0xff, 0xfe, 0x30, 0x00, 0x9f,
    0xfe, 0x00, 0x00, 0x00, 0x00, 0x00, 0x1f, 0xff,
    0x80, 0x00, 0x00, 0x00, 0x00, 0xcf, 0xff, 0xff,
    0xfe, 0x20, 0x09, 0xff, 0xe0, 0x00, 0x00, 0x00,
    0x00, 0x01, 0xff, 0xf8, 0x00, 0x00, 0x00, 0x00,
    0x7f, 0xff, 0xde, 0xff, 0xfd, 0x10, 0x9f, 0xfe,
    0x00, 0x00, 0x00, 0x00, 0x00, 0x1f, 0xff, 0x80,
    0x00, 0x00, 0x00, 0x4f, 0xff, 0xf2, 0x2f, 0xff,
    0xf2, 0x09, 0xff, 0xe0, 0x00, 0x00, 0x00, 0x00,
    0x01, 0xff, 0xf8, 0x00, 0x00, 0x00, 0x3f, 0xff,
    0xf7, 0x00, 0x4f, 0xf5, 0x00, 0x9f, 0xfe, 0x00,
    0x00, 0x00, 0x00, 0x00, 0x1f, 0xff, 0x80, 0x00,
    0x00, 0x4f, 0xff, 0xfb, 0x00, 0x00, 0x69, 0x00,
    0x09, 0xff, 0xfe, 0xee, 0xee, 0xee, 0xee, 0xee,
    0xff, 0xf8, 0x00, 0x00, 0x9f, 0xff, 0xfd, 0x00,
    0x00, 0x00, 0x00, 0x00, 0x9f, 0xff, 0xff, 0xff,
    0xff, 0xff, 0xff, 0xff, 0xff, 0x80, 0x00, 0x3f,
    0xff, 0xfd, 0x10, 0x00, 0x00, 0x00, 0x00, 0x09,
    0xff, 0xff, 0xff, 0xff, 0xff, 0xff, 0xff, 0xff,
    0xf8, 0x00, 0x00, 0x5f, 0xfb, 0x10, 0x00, 0x00,
    0x00, 0x00, 0x00, 0x9f, 0xff, 0x66, 0x66, 0x66,
    0x66, 0x66, 0x7f, 0xff, 0x80, 0x00, 0x00, 0xa7,
    0x00, 0x00, 0x00, 0x00, 0x00, 0x00, 0x09, 0xff,
    0xe0, 0x00, 0x00, 0x00, 0x00, 0x01, 0xff, 0xf8,
    0x00, 0x00, 0x00, 0x00, 0x00, 0x00, 0x00, 0x00,
    0x00, 0x00, 0x01, 0x11, 0x00, 0x00, 0x00, 0x00,
    0x00, 0x00, 0x00, 0x00, 0x00,

    /* U+5B58 "存" */
    0x00, 0x00, 0x00, 0x00, 0x00, 0x00, 0x00, 0xa8,
    0x40, 0x00, 0x00, 0x00, 0x00, 0x00, 0x00, 0x00,
    0x00, 0x00, 0x00, 0x00, 0x00, 0x00, 0x00, 0x00,
    0x00, 0x02, 0xff, 0xfe, 0x00, 0x00, 0x00, 0x00,
    0x00, 0x00, 0x00, 0x00, 0x00, 0x00, 0x00, 0x00,
    0x00, 0x00, 0x00, 0x00, 0x07, 0xff, 0xf9, 0x00,
    0x00, 0x00, 0x00, 0x00, 0x00, 0x00, 0x00, 0x00,
    0x00, 0x00, 0x00, 0x00, 0x00, 0x00, 0x00, 0x0d,
    0xff, 0xf4, 0x00, 0x00, 0x00, 0x00, 0x00, 0x00,
    0x00, 0x00, 0x00, 0x00, 0x00, 0x00, 0x00, 0x00,
    0x00, 0x00, 0x2f, 0xff, 0xe0, 0x00, 0x00, 0x00,
    0x00, 0x00, 0x00, 0x00, 0x00, 0x00, 0x00, 0x04,
    0x99, 0x99, 0x99, 0x99, 0x99, 0xcf, 0xff, 0xd9,
    0x99, 0x99, 0x99, 0x99, 0x99, 0x99, 0x99, 0x99,
    0x99, 0x80, 0x06, 0xff, 0xff, 0xff, 0xff, 0xff,
    0xff, 0xff, 0xff, 0xff, 0xff, 0xff, 0xff, 0xff,
    0xff, 0xff, 0xff, 0xff, 0xe0, 0x06, 0xff, 0xff,
    0xff, 0xff, 0xff, 0xff, 0xff, 0xff, 0xff, 0xff,
    0xff, 0xff, 0xff, 0xff, 0xff, 0xff, 0xff, 0xe0,
    0x06, 0xff, 0xff, 0xff, 0xff, 0xff, 0xff, 0xff,
    0xff, 0xff, 0xff, 0xff, 0xff, 0xff, 0xff, 0xff,
    0xff, 0xff, 0xe0, 0x00, 0x00, 0x00, 0x00, 0x00,
    0x5f, 0xff, 0xd0, 0x00, 0x00, 0x00, 0x00, 0x00,
    0x00, 0x00, 0x00, 0x00, 0x00, 0x00, 0x00, 0x00,
    0x00, 0x00, 0x00, 0xdf, 0xff, 0x60, 0x00, 0x00,
    0x00, 0x00, 0x00, 0x00, 0x00, 0x00, 0x00, 0x00,
    0x00, 0x00, 0x00, 0x00, 0x00, 0x06, 0xff, 0xfd,
    0x00, 0x00, 0x00, 0x00, 0x00, 0x00, 0x00, 0x00,
    0x00, 0x00, 0x00, 0x00, 0x00, 0x00, 0x00, 0x00,
    0x1e, 0xff, 0xf6, 0x00, 0x00, 0x00, 0x00, 0x00,
    0x00, 0x00, 0x00, 0x01, 0x20, 0x00, 0x00, 0x00,
    0x00, 0x00, 0x00, 0x9f, 0xff, 0xd0, 0x01, 0xff,
    0xff, 0xff, 0xff, 0xff, 0xff, 0xff, 0xff, 0xfa,
    0x00, 0x00, 0x00, 0x00, 0x00, 0x04, 0xff, 0xff,
    0x30, 0x01, 0xff, 0xff, 0xff, 0xff, 0xff, 0xff,
    0xff, 0xff, 0xff, 0xd0, 0x00, 0x00, 0x00, 0x00,
    0x1e, 0xff, 0xf9, 0x00, 0x01, 0xff, 0xff, 0xff,
    0xff, 0xff, 0xff, 0xff, 0xff, 0xff, 0x70, 0x00,
    0x00, 0x00, 0x00, 0xbf, 0xff, 0xe1, 0x00, 0x00,
    0x66, 0x66, 0x66, 0x66, 0x66, 0x67, 0xff, 0xff,
    0xf6, 0x00, 0x00, 0x00, 0x00, 0x09, 0xff, 0xff,
    0x40, 0x00, 0x00, 0x00, 0x00, 0x00, 0x00, 0x00,
    0x2d, 0xff, 0xfe, 0x40, 0x00, 0x00, 0x00, 0x00,
    0x7f, 0xff, 0xff, 0x00, 0x00, 0x00, 0x00, 0x00,
    0x00, 0x00, 0x05, 0xef, 0xff, 0xd2, 0x00, 0x00,
    0x00, 0x00, 0x07, 0xff, 0xff, 0xff, 0x00, 0x00,
    0x00, 0x00, 0x00, 0x00, 0x01, 0xaf, 0xff, 0xf9,
    0x00, 0x00, 0x00, 0x00, 0x00, 0x9f, 0xff, 0xff,
    0xff, 0x00, 0x00, 0x00, 0x00, 0x00, 0x00, 0x09,
    0xff, 0xfe, 0x50, 0x00, 0x00, 0x00, 0x00, 0x1c,
    0xff, 0xff, 0xff, 0xff, 0x00, 0x00, 0x00, 0x00,
    0x00, 0x00, 0x09, 0xff, 0xf4, 0x00, 0x00, 0x00,
    0x00, 0x00, 0x8f, 0xff, 0xfd, 0xcf, 0xff, 0x00,
    0x00, 0x00, 0x00, 0x00, 0x00, 0x09, 0xff, 0xf4,
    0x00, 0x00, 0x00, 0x00, 0x00, 0x0e, 0xff, 0xc1,
    0xaf, 0xff, 0x00, 0x5f, 0xff, 0xff, 0xff, 0xff,
    0xff, 0xff, 0xff, 0xff, 0xff, 0xff, 0xff, 0xf5,
    0x07, 0xfa, 0x00, 0xaf, 0xff, 0x00, 0x5f, 0xff,
    0xff, 0xff, 0xff, 0xff, 0xff, 0xff, 0xff, 0xff,
    0xff, 0xff, 0xf5, 0x00, 0x60, 0x00, 0xaf, 0xff,
    0x00, 0x5f, 0xff, 0xff, 0xff, 0xff, 0xff, 0xff,
    0xff, 0xff, 0xff, 0xff, 0xff, 0xf5, 0x00, 0x00,
    0x00, 0xaf, 0xff, 0x00, 0x39, 0x99, 0x99, 0x99,
    0x99, 0x9d, 0xff, 0xfb, 0x99, 0x99, 0x99, 0x99,
    0x93, 0x00, 0x00, 0x00, 0xaf, 0xff, 0x00, 0x00,
    0x00, 0x00, 0x00, 0x00, 0x09, 0xff, 0xf4, 0x00,
    0x00, 0x00, 0x00, 0x00, 0x00, 0x00, 0x00, 0xaf,
    0xff, 0x00, 0x00, 0x00, 0x00, 0x00, 0x00, 0x09,
    0xff, 0xf4, 0x00, 0x00, 0x00, 0x00, 0x00, 0x00,
    0x00, 0x00, 0xaf, 0xff, 0x00, 0x00, 0x00, 0x00,
    0x00, 0x00, 0x09, 0xff, 0xf4, 0x00, 0x00, 0x00,
    0x00, 0x00, 0x00, 0x00, 0x00, 0xaf, 0xff, 0x00,
    0x00, 0x00, 0x00, 0x00, 0x00, 0x09, 0xff, 0xf4,
    0x00, 0x00, 0x00, 0x00, 0x00, 0x00, 0x00, 0x00,
    0xaf, 0xff, 0x00, 0x00, 0x00, 0x00, 0x00, 0x00,
    0x09, 0xff, 0xf4, 0x00, 0x00, 0x00, 0x00, 0x00,
    0x00, 0x00, 0x00, 0xaf, 0xff, 0x00, 0x00, 0x00,
    0x00, 0x00, 0x00, 0x09, 0xff, 0xf4, 0x00, 0x00,
    0x00, 0x00, 0x00, 0x00, 0x00, 0x00, 0xaf, 0xff,
    0x00, 0x00, 0x00, 0x06, 0x77, 0x77, 0x7d, 0xff,
    0xf4, 0x00, 0x00, 0x00, 0x00, 0x00, 0x00, 0x00,
    0x00, 0xaf, 0xff, 0x00, 0x00, 0x00, 0x08, 0xff,
    0xff, 0xff, 0xff, 0xf2, 0x00, 0x00, 0x00, 0x00,
    0x00, 0x00, 0x00, 0x00, 0xaf, 0xff, 0x00, 0x00,
    0x00, 0x02, 0xff, 0xff, 0xff, 0xff, 0xb0, 0x00,
    0x00, 0x00, 0x00, 0x00, 0x00, 0x00, 0x00, 0xaf,
    0xff, 0x00, 0x00, 0x00, 0x00, 0xef, 0xff, 0xfe,
    0xc7, 0x00, 0x00, 0x00, 0x00, 0x00, 0x00, 0x00,
    0x00, 0x00, 0x00, 0x00, 0x00, 0x00, 0x00, 0x00,
    0x11, 0x00, 0x00, 0x00, 0x00, 0x00, 0x00, 0x00,
    0x00, 0x00,

    /* U+5B9A "定" */
    0x00, 0x00, 0x00, 0x00, 0x00, 0x00, 0x00, 0x00,
    0x00, 0x02, 0x00, 0x00, 0x00, 0x00, 0x00, 0x00,
    0x00, 0x00, 0x00, 0x00, 0x00, 0x00, 0x00, 0x00,
    0x00, 0x00, 0x00, 0x6b, 0xfe, 0x00, 0x00, 0x00,
    0x00, 0x00, 0x00, 0x00, 0x00, 0x00, 0x00, 0x00,
    0x00, 0x00, 0x00, 0x00, 0x00, 0x00, 0xef, 0xff,
    0x70, 0x00, 0x00, 0x00, 0x00, 0x00, 0x00, 0x00,
    0x00, 0x00, 0x00, 0x00, 0x00, 0x00, 0x00, 0x00,
    0x00, 0x6f, 0xff, 0xe0, 0x00, 0x00, 0x00, 0x00,
    0x00, 0x00, 0x00, 0x00, 0x00, 0x00, 0x00, 0x00,
    0x00, 0x00, 0x00, 0x00, 0x0f, 0xff, 0xf5, 0x00,
    0x00, 0x00, 0x00, 0x00, 0x00, 0x00, 0x00, 0x00,
    0x89, 0x99, 0x99, 0x99, 0x99, 0x99, 0x99, 0x9e,
    0xff, 0xfd, 0x99, 0x99, 0x99, 0x99, 0x99, 0x99,
    0x98, 0x00, 0x00, 0xef, 0xff, 0xff, 0xff, 0xff,
    0xff, 0xff, 0xff, 0xff, 0xff, 0xff, 0xff, 0xff,
    0xff, 0xff, 0xff, 0xfe, 0x00, 0x00, 0xef, 0xff,
    0xff, 0xff, 0xff, 0xff, 0xff, 0xff, 0xff, 0xff,
    0xff, 0xff, 0xff, 0xff, 0xff, 0xff, 0xfe, 0x00,
    0x00, 0xef, 0xff, 0xff, 0xff, 0xff, 0xff, 0xff,
    0xff, 0xff, 0xff, 0xff, 0xff, 0xff, 0xff, 0xff,
    0xff, 0xfe, 0x00, 0x00, 0xef, 0xfc, 0x00, 0x00,
    0x00, 0x00, 0x00, 0x00, 0x00, 0x00, 0x00, 0x00,
    0x00, 0x00, 0x00, 0xff, 0xfe, 0x00, 0x00, 0xef,
    0xfc, 0x00, 0x00, 0x00, 0x00, 0x00, 0x00, 0x00,
    0x00, 0x00, 0x00, 0x00, 0x00, 0x00, 0xff, 0xfe,
    0x00, 0x00, 0xef, 0xfc, 0x00, 0x00, 0x00, 0x00,
    0x00, 0x00, 0x00, 0x00, 0x00, 0x00, 0x00, 0x00,
    0x00, 0xff, 0xfe, 0x00, 0x00, 0xef, 0xfc, 0x00,
    0x00, 0x00, 0x00, 0x00, 0x00, 0x00, 0x00, 0x00,
    0x00, 0x00, 0x00, 0x00, 0xff, 0xfe, 0x00, 0x00,
    0xef, 0xfc, 0x03, 0x88, 0x88, 0x88, 0x88, 0x88,
    0x88, 0x88, 0x88, 0x88, 0x88, 0x88, 0x40, 0xff,
    0xfe, 0x00, 0x00, 0xbc, 0xca, 0x05, 0xff, 0xff,
    0xff, 0xff, 0xff, 0xff, 0xff, 0xff, 0xff, 0xff,
    0xff, 0x70, 0xcc, 0xcb, 0x00, 0x00, 0x00, 0x00,
    0x05, 0xff, 0xff, 0xff, 0xff, 0xff, 0xff, 0xff,
    0xff, 0xff, 0xff, 0xff, 0x70, 0x00, 0x00, 0x00,
    0x00, 0x00, 0x00, 0x05, 0xff, 0xff, 0xff, 0xff,
    0xff, 0xff, 0xff, 0xff, 0xff, 0xff, 0xff, 0x70,
    0x00, 0x00, 0x00, 0x00, 0x00, 0x00, 0x00, 0x00,
    0x00, 0x00, 0x00, 0x0f, 0xff, 0xe0, 0x00, 0x00,
    0x00, 0x00, 0x00, 0x00, 0x00, 0x00, 0x00, 0x00,
    0x00, 0x00, 0x00, 0x00, 0x00, 0x00, 0x0f, 0xff,
    0xe0, 0x00, 0x00, 0x00, 0x00, 0x00, 0x00, 0x00,
    0x00, 0x00, 0x00, 0x00, 0x01, 0x20, 0x00, 0x00,
    0x00, 0x0f, 0xff, 0xe0, 0x00, 0x00, 0x00, 0x00,
    0x00, 0x00, 0x00, 0x00, 0x00, 0x00, 0x00, 0x08,
    0xff, 0xf5, 0x00, 0x00, 0x0f, 0xff, 0xe0, 0x00,
    0x00, 0x00, 0x00, 0x00, 0x00, 0x00, 0x00, 0x00,
    0x00, 0x00, 0x0a, 0xff, 0xf3, 0x00, 0x00, 0x0f,
    0xff, 0xe0, 0x00, 0x00, 0x00, 0x00, 0x00, 0x00,
    0x00, 0x00, 0x00, 0x00, 0x00, 0x0c, 0xff, 0xf0,
    0x00, 0x00, 0x0f, 0xff, 0xe0, 0x00, 0x00, 0x00,
    0x00, 0x00, 0x00, 0x00, 0x00, 0x00, 0x00, 0x00,
    0x0f, 0xff, 0xd0, 0x00, 0x00, 0x0f, 0xff, 0xff,
    0xff, 0xff, 0xff, 0xff, 0xff, 0x70, 0x00, 0x00,
    0x00, 0x00, 0x00, 0x3f, 0xff, 0xa0, 0x00, 0x00,
    0x0f, 0xff, 0xff, 0xff, 0xff, 0xff, 0xff, 0xff,
    0x70, 0x00, 0x00, 0x00, 0x00, 0x00, 0x7f, 0xff,
    0x90, 0x00, 0x00, 0x0f, 0xff, 0xff, 0xff, 0xff,
    0xff, 0xff, 0xff, 0x70, 0x00, 0x00, 0x00, 0x00,
    0x00, 0xbf, 0xff, 0xf0, 0x00, 0x00, 0x0f, 0xff,
    0xf8, 0x88, 0x88, 0x88, 0x88, 0x88, 0x40, 0x00,
    0x00, 0x00, 0x00, 0x00, 0xff, 0xff, 0xf7, 0x00,
    0x00, 0x0f, 0xff, 0xe0, 0x00, 0x00, 0x00, 0x00,
    0x00, 0x00, 0x00, 0x00, 0x00, 0x00, 0x05, 0xff,
    0xff, 0xff, 0x10, 0x00, 0x0f, 0xff, 0xe0, 0x00,
    0x00, 0x00, 0x00, 0x00, 0x00, 0x00, 0x00, 0x00,
    0x00, 0x0c, 0xff, 0xff, 0xff, 0xc0, 0x00, 0x0f,
    0xff, 0xe0, 0x00, 0x00, 0x00, 0x00, 0x00, 0x00,
    0x00, 0x00, 0x00, 0x00, 0x3f, 0xff, 0xdb, 0xff,
    0xfa, 0x00, 0x0f, 0xff, 0xe0, 0x00, 0x00, 0x00,
    0x00, 0x00, 0x00, 0x00, 0x00, 0x00, 0x00, 0xbf,
    0xff, 0x72, 0xff, 0xff, 0xc2, 0x0f, 0xff, 0xe0,
    0x00, 0x00, 0x00, 0x00, 0x00, 0x00, 0x00, 0x00,
    0x00, 0x05, 0xff, 0xfe, 0x10, 0x5f, 0xff, 0xff,
    0x8f, 0xff, 0xe0, 0x00, 0x00, 0x00, 0x00, 0x00,
    0x00, 0x00, 0x00, 0x00, 0x2e, 0xff, 0xf7, 0x00,
    0x06, 0xff, 0xff, 0xff, 0xff, 0xf2, 0x00, 0x00,
    0x00, 0x00, 0x00, 0x00, 0x00, 0x00, 0x01, 0xdf,
    0xff, 0xd0, 0x00, 0x00, 0x5f, 0xff, 0xff, 0xff,
    0xff, 0xfe, 0xdd, 0xdd, 0xdd, 0xdd, 0xdd, 0xdd,
    0xd4, 0x1d, 0xff, 0xff, 0x30, 0x00, 0x00, 0x01,
    0xaf, 0xff, 0xff, 0xff, 0xff, 0xff, 0xff, 0xff,
    0xff, 0xff, 0xff, 0xe0, 0x4e, 0xff, 0xf6, 0x00,
    0x00, 0x00, 0x00, 0x02, 0x9e, 0xff, 0xff, 0xff,
    0xff, 0xff, 0xff, 0xff, 0xff, 0xff, 0x80, 0x02,
    0xdf, 0x80, 0x00, 0x00, 0x00, 0x00, 0x00, 0x00,
    0x36, 0x9b, 0xde, 0xff, 0xff, 0xff, 0xff, 0xff,
    0xff, 0x40, 0x00, 0x06, 0x00, 0x00, 0x00, 0x00,
    0x00, 0x00, 0x00, 0x00, 0x00, 0x00, 0x00, 0x00,
    0x00, 0x00, 0x00, 0x00, 0x00,

    /* U+5BFC "导" */
    0x00, 0x04, 0x55, 0x55, 0x55, 0x55, 0x55, 0x55,
    0x55, 0x55, 0x55, 0x55, 0x55, 0x55, 0x55, 0x40,
    0x00, 0x00, 0x00, 0x0e, 0xff, 0xff, 0xff, 0xff,
    0xff, 0xff, 0xff, 0xff, 0xff, 0xff, 0xff, 0xff,
    0xff, 0xd0, 0x00, 0x00, 0x00, 0x0f, 0xff, 0xff,
    0xff, 0xff, 0xff, 0xff, 0xff, 0xff, 0xff, 0xff,
    0xff, 0xff, 0xff, 0xd0, 0x00, 0x00, 0x00, 0x0f,
    0xff, 0xff, 0xff, 0xff, 0xff, 0xff, 0xff, 0xff,
    0xff, 0xff, 0xff, 0xff, 0xff, 0xd0, 0x00, 0x00,
    0x00, 0x0e, 0xff, 0xf1, 0x00, 0x00, 0x00, 0x00,
    0x00, 0x00, 0x00, 0x00, 0x00, 0x0e, 0xff, 0xd0,
    0x00, 0x00, 0x00, 0x0e, 0xff, 0xf1, 0x00, 0x00,
    0x00, 0x00, 0x00, 0x00, 0x00, 0x00, 0x00, 0x0e,
    0xff, 0xd0, 0x00, 0x00, 0x00, 0x0e, 0xff, 0xf1,
    0x00, 0x00, 0x00, 0x00, 0x00, 0x00, 0x00, 0x00,
    0x00, 0x0e, 0xff, 0xd0, 0x00, 0x00, 0x00, 0x0e,
    0xff, 0xf7, 0x66, 0x66, 0x66, 0x66, 0x66, 0x66,
    0x66, 0x66, 0x66, 0x6e, 0xff, 0xd0, 0x00, 0x00,
    0x00, 0x0e, 0xff, 0xff, 0xff, 0xff, 0xff, 0xff,
    0xff, 0xff, 0xff, 0xff, 0xff, 0xff, 0xff, 0xd0,
    0x00, 0x00, 0x00, 0x0e, 0xff, 0xff, 0xff, 0xff,
    0xff, 0xff, 0xff, 0xff, 0xff, 0xff, 0xff, 0xff,
    0xff, 0xd0, 0x00, 0x00, 0x00, 0x0e, 0xff, 0xfe,
    0xee, 0xee, 0xee, 0xee, 0xee, 0xee, 0xee, 0xee,
    0xee, 0xee, 0xee, 0xc0, 0x00, 0x00, 0x00, 0x0e,
    0xff, 0xf1, 0x00, 0x00, 0x00, 0x00, 0x00, 0x00,
    0x00, 0x00, 0x00, 0x00, 0x00, 0x06, 0x30, 0x00,
    0x00, 0x0d, 0xff, 0xf2, 0x00, 0x00, 0x00, 0x00,
    0x00, 0x00, 0x00, 0x00, 0x00, 0x00, 0x00, 0x0f,
    0xfe, 0x90, 0x00, 0x0c, 0xff, 0xfb, 0x30, 0x00,
    0x00, 0x00, 0x00, 0x00, 0x00, 0x00, 0x00, 0x00,
    0x02, 0xaf, 0xff, 0xa0, 0x00, 0x07, 0xff, 0xff,
    0xff, 0xff, 0xff, 0xff, 0xff, 0xff, 0xff, 0xff,
    0xff, 0xff, 0xff, 0xff, 0xff, 0x40, 0x00, 0x00,
    0xcf, 0xff, 0xff, 0xff, 0xff, 0xff, 0xff, 0xff,
    0xff, 0xff, 0xff, 0xff, 0xff, 0xff, 0xfa, 0x00,
    0x00, 0x00, 0x05, 0xad, 0xff, 0xff, 0xff, 0xff,
    0xff, 0xff, 0xff, 0xff, 0xff, 0xff, 0xff, 0xfc,
    0x60, 0x00, 0x00, 0x00, 0x00, 0x00, 0x00, 0x11,
    0x22, 0x22, 0x22, 0x22, 0x22, 0x22, 0x22, 0x22,
    0x10, 0x00, 0x00, 0x00, 0x00, 0x00, 0x00, 0x00,
    0x00, 0x00, 0x00, 0x00, 0x00, 0x00, 0x00, 0x09,
    0xbb, 0xb0, 0x00, 0x00, 0x00, 0x00, 0x00, 0x00,
    0x00, 0x00, 0x00, 0x00, 0x00, 0x00, 0x00, 0x00,
    0x00, 0x0d, 0xff, 0xf1, 0x00, 0x00, 0x00, 0x00,
    0x00, 0x00, 0x00, 0x00, 0x00, 0x00, 0x00, 0x00,
    0x00, 0x00, 0x00, 0x0d, 0xff, 0xf1, 0x00, 0x00,
    0x00, 0x00, 0xaf, 0xff, 0xff, 0xff, 0xff, 0xff,
    0xff, 0xff, 0xff, 0xff, 0xff, 0xff, 0xff, 0xff,
    0xff, 0xff, 0xff, 0xf9, 0xbf, 0xff, 0xff, 0xff,
    0xff, 0xff, 0xff, 0xff, 0xff, 0xff, 0xff, 0xff,
    0xff, 0xff, 0xff, 0xff, 0xff, 0xf9, 0xbf, 0xff,
    0xff, 0xff, 0xff, 0xff, 0xff, 0xff, 0xff, 0xff,
    0xff, 0xff, 0xff, 0xff, 0xff, 0xff, 0xff, 0xf9,
    0x69, 0x99, 0x99, 0x9c, 0xfe, 0x99, 0x99, 0x99,
    0x99, 0x99, 0x99, 0x9f, 0xff, 0xf9, 0x99, 0x99,
    0x99, 0x95, 0x00, 0x00, 0x00, 0x4f, 0xff, 0x90,
    0x00, 0x00, 0x00, 0x00, 0x00, 0x0d, 0xff, 0xf1,
    0x00, 0x00, 0x00, 0x00, 0x00, 0x00, 0x00, 0x8f,
    0xff, 0xfb, 0x00, 0x00, 0x00, 0x00, 0x00, 0x0d,
    0xff, 0xf1, 0x00, 0x00, 0x00, 0x00, 0x00, 0x00,
    0x00, 0x05, 0xff, 0xff, 0xc0, 0x00, 0x00, 0x00,
    0x00, 0x0d, 0xff, 0xf1, 0x00, 0x00, 0x00, 0x00,
    0x00, 0x00, 0x00, 0x00, 0x4f, 0xff, 0xfc, 0x00,
    0x00, 0x00, 0x00, 0x0d, 0xff, 0xf1, 0x00, 0x00,
    0x00, 0x00, 0x00, 0x00, 0x00, 0x00, 0x03, 0xff,
    0xff, 0xa0, 0x00, 0x00, 0x00, 0x0d, 0xff, 0xf1,
    0x00, 0x00, 0x00, 0x00, 0x00, 0x00, 0x00, 0x00,
    0x00, 0x4f, 0xff, 0xf2, 0x00, 0x00, 0x00, 0x0d,
    0xff, 0xf1, 0x00, 0x00, 0x00, 0x00, 0x00, 0x00,
    0x00, 0x00, 0x00, 0x06, 0xff, 0x40, 0x00, 0x00,
    0x00, 0x0d, 0xff, 0xf1, 0x00, 0x00, 0x00, 0x00,
    0x00, 0x00, 0x00, 0x00, 0x00, 0x00, 0x93, 0x01,
    0x44, 0x44, 0x44, 0x5f, 0xff, 0xf0, 0x00, 0x00,
    0x00, 0x00, 0x00, 0x00, 0x00, 0x00, 0x00, 0x00,
    0x00, 0x00, 0xef, 0xff, 0xff, 0xff, 0xff, 0xe0,
    0x00, 0x00, 0x00, 0x00, 0x00, 0x00, 0x00, 0x00,
    0x00, 0x00, 0x00, 0x00, 0x7f, 0xff, 0xff, 0xff,
    0xff, 0x70, 0x00, 0x00, 0x00, 0x00, 0x00, 0x00,
    0x00, 0x00, 0x00, 0x00, 0x00, 0x00, 0x2f, 0xff,
    0xff, 0xfd, 0xa4, 0x00, 0x00, 0x00, 0x00, 0x00,
    0x00, 0x00, 0x00, 0x00, 0x00, 0x00, 0x00, 0x00,
    0x01, 0x10, 0x00, 0x00, 0x00, 0x00, 0x00, 0x00,
    0x00, 0x00,

    /* U+5C0F "小" */
    0x00, 0x00, 0x00, 0x00, 0x00, 0x00, 0x00, 0x00,
    0x06, 0x77, 0x71, 0x00, 0x00, 0x00, 0x00, 0x00,
    0x00, 0x00, 0x00, 0x00, 0x00, 0x00, 0x00, 0x00,
    0x00, 0x00, 0x00, 0x00, 0xef, 0xff, 0x30, 0x00,
    0x00, 0x00, 0x00, 0x00, 0x00, 0x00, 0x00, 0x00,
    0x00, 0x00, 0x00, 0x00, 0x00, 0x00, 0x00, 0x0e,
    0xff, 0xf3, 0x00, 0x00, 0x00, 0x00, 0x00, 0x00,
    0x00, 0x00, 0x00, 0x00, 0x00, 0x00, 0x00, 0x00,
    0x00, 0x00, 0x00, 0xef, 0xff, 0x30, 0x00, 0x00,
    0x00, 0x00, 0x00, 0x00, 0x00, 0x00, 0x00, 0x00,
    0x00, 0x00, 0x00, 0x00, 0x00, 0x00, 0x0e, 0xff,
    0xf3, 0x00, 0x00, 0x00, 0x00, 0x00, 0x00, 0x00,
    0x00, 0x00, 0x00, 0x00, 0x00, 0x00, 0x00, 0x00,
    0x00, 0x00, 0xef, 0xff, 0x30, 0x00, 0x00, 0x00,
    0x00, 0x00, 0x00, 0x00, 0x00, 0x00, 0x00, 0x00,
    0x00, 0x00, 0x00, 0x00, 0x00, 0x0e, 0xff, 0xf3,
    0x00, 0x00, 0x00, 0x00, 0x00, 0x00, 0x00, 0x00,
    0x00, 0x00, 0x00, 0x00, 0x00, 0x00, 0x00, 0x00,
    0x00, 0xef, 0xff, 0x30, 0x00, 0x00, 0x00, 0x00,
    0x00, 0x00, 0x00, 0x00, 0x00, 0x00, 0x00, 0x00,
    0x00, 0x00, 0x00, 0x00, 0x0e, 0xff, 0xf3, 0x00,
    0x00, 0x00, 0x00, 0x00, 0x00, 0x00, 0x00, 0x00,
    0x00, 0x00, 0x00, 0x00, 0x00, 0x00, 0x00, 0x00,
    0xef, 0xff, 0x30, 0x00, 0x00, 0x00, 0x23, 0x00,
    0x00, 0x00, 0x00, 0x00, 0x00, 0x00, 0x8f, 0xda,
    0x60, 0x00, 0x00, 0x0e, 0xff, 0xf3, 0x00, 0x00,
    0x06, 0xcf, 0xe1, 0x00, 0x00, 0x00, 0x00, 0x00,
    0x00, 0x0b, 0xff, 0xfa, 0x00, 0x00, 0x00, 0xef,
    0xff, 0x30, 0x00, 0x00, 0xef, 0xff, 0x90, 0x00,
    0x00, 0x00, 0x00, 0x00, 0x00, 0xef, 0xff, 0x60,
    0x00, 0x00, 0x0e, 0xff, 0xf3, 0x00, 0x00, 0x06,
    0xff, 0xff, 0x20, 0x00, 0x00, 0x00, 0x00, 0x00,
    0x2f, 0xff, 0xf2, 0x00, 0x00, 0x00, 0xef, 0xff,
    0x30, 0x00, 0x00, 0x0d, 0xff, 0xfa, 0x00, 0x00,
    0x00, 0x00, 0x00, 0x07, 0xff, 0xfe, 0x00, 0x00,
    0x00, 0x0e, 0xff, 0xf3, 0x00, 0x00, 0x00, 0x5f,
    0xff, 0xf2, 0x00, 0x00, 0x00, 0x00, 0x00, 0xbf,
    0xff, 0x90, 0x00, 0x00, 0x00, 0xef, 0xff, 0x30,
    0x00, 0x00, 0x00, 0xdf, 0xff, 0xa0, 0x00, 0x00,
    0x00, 0x00, 0x0f, 0xff, 0xf5, 0x00, 0x00, 0x00,
    0x0e, 0xff, 0xf3, 0x00, 0x00, 0x00, 0x05, 0xff,
    0xff, 0x20, 0x00, 0x00, 0x00, 0x05, 0xff, 0xff,
    0x00, 0x00, 0x00, 0x00, 0xef, 0xff, 0x30, 0x00,
    0x00, 0x00, 0x0d, 0xff, 0xfa, 0x00, 0x00, 0x00,
    0x00, 0xbf, 0xff, 0xa0, 0x00, 0x00, 0x00, 0x0e,
    0xff, 0xf3, 0x00, 0x00, 0x00, 0x00, 0x7f, 0xff,
    0xf1, 0x00, 0x00, 0x00, 0x1f, 0xff, 0xf5, 0x00,
    0x00, 0x00, 0x00, 0xef, 0xff, 0x30, 0x00, 0x00,
    0x00, 0x00, 0xff, 0xff, 0x80, 0x00, 0x00, 0x07,
    0xff, 0xfe, 0x00, 0x00, 0x00, 0x00, 0x0e, 0xff,
    0xf3, 0x00, 0x00, 0x00, 0x00, 0x09, 0xff, 0xfe,
    0x00, 0x00, 0x00, 0xef, 0xff, 0x80, 0x00, 0x00,
    0x00, 0x00, 0xef, 0xff, 0x30, 0x00, 0x00, 0x00,
    0x00, 0x3f, 0xff, 0xf5, 0x00, 0x00, 0x6f, 0xff,
    0xf2, 0x00, 0x00, 0x00, 0x00, 0x0e, 0xff, 0xf3,
    0x00, 0x00, 0x00, 0x00, 0x00, 0xdf, 0xff, 0xb0,
    0x00, 0x0e, 0xff, 0xfa, 0x00, 0x00, 0x00, 0x00,
    0x00, 0xef, 0xff, 0x30, 0x00, 0x00, 0x00, 0x00,
    0x07, 0xff, 0xff, 0x10, 0x09, 0xff, 0xff, 0x20,
    0x00, 0x00, 0x00, 0x00, 0x0e, 0xff, 0xf3, 0x00,
    0x00, 0x00, 0x00, 0x00, 0x2f, 0xff, 0xf7, 0x04,
    0xff, 0xff, 0x90, 0x00, 0x00, 0x00, 0x00, 0x00,
    0xef, 0xff, 0x30, 0x00, 0x00, 0x00, 0x00, 0x00,
    0xcf, 0xff, 0xb0, 0x6e, 0xff, 0xe1, 0x00, 0x00,
    0x00, 0x00, 0x00, 0x0e, 0xff, 0xf3, 0x00, 0x00,
    0x00, 0x00, 0x00, 0x08, 0xff, 0xff, 0x00, 0x08,
    0xf5, 0x00, 0x00, 0x00, 0x00, 0x00, 0x00, 0xef,
    0xff, 0x30, 0x00, 0x00, 0x00, 0x00, 0x00, 0x4f,
    0xff, 0xa1, 0x00, 0x01, 0x00, 0x00, 0x00, 0x00,
    0x00, 0x00, 0x0e, 0xff, 0xf3, 0x00, 0x00, 0x00,
    0x00, 0x00, 0x00, 0xd7, 0x10, 0x00, 0x00, 0x00,
    0x00, 0x00, 0x00, 0x00, 0x00, 0x00, 0xef, 0xff,
    0x30, 0x00, 0x00, 0x00, 0x00, 0x00, 0x00, 0x00,
    0x00, 0x00, 0x00, 0x00, 0x00, 0x00, 0x00, 0x00,
    0x00, 0x0e, 0xff, 0xf3, 0x00, 0x00, 0x00, 0x00,
    0x00, 0x00, 0x00, 0x00, 0x00, 0x00, 0x00, 0x00,
    0x00, 0x00, 0x00, 0x00, 0x00, 0xef, 0xff, 0x30,
    0x00, 0x00, 0x00, 0x00, 0x00, 0x00, 0x00, 0x00,
    0x00, 0x00, 0x00, 0x00, 0x00, 0x00, 0x00, 0x00,
    0x0f, 0xff, 0xf3, 0x00, 0x00, 0x00, 0x00, 0x00,
    0x00, 0x00, 0x00, 0x00, 0x00, 0x00, 0x00, 0x00,
    0x5c, 0xbb, 0xbb, 0xcd, 0xff, 0xff, 0x10, 0x00,
    0x00, 0x00, 0x00, 0x00, 0x00, 0x00, 0x00, 0x00,
    0x00, 0x00, 0x00, 0x00, 0xff, 0xff, 0xff, 0xff,
    0xff, 0xe0, 0x00, 0x00, 0x00, 0x00, 0x00, 0x00,
    0x00, 0x00, 0x00, 0x00, 0x00, 0x00, 0x00, 0x09,
    0xff, 0xff, 0xff, 0xff, 0xf5, 0x00, 0x00, 0x00,
    0x00, 0x00, 0x00, 0x00, 0x00, 0x00, 0x00, 0x00,
    0x00, 0x00, 0x00, 0x4f, 0xff, 0xff, 0xec, 0x82,
    0x00, 0x00, 0x00, 0x00, 0x00, 0x00, 0x00, 0x00,
    0x00, 0x00, 0x00, 0x00, 0x00, 0x00, 0x00, 0x21,
    0x10, 0x00, 0x00, 0x00, 0x00, 0x00, 0x00, 0x00,
    0x00, 0x00, 0x00, 0x00, 0x00,

    /* U+5C4F "屏" */
    0x00, 0x00, 0xbf, 0xff, 0xff, 0xff, 0xff, 0xff,
    0xff, 0xff, 0xff, 0xff, 0xff, 0xff, 0xff, 0xff,
    0xff, 0xf1, 0x00, 0x00, 0x00, 0xcf, 0xff, 0xff,
    0xff, 0xff, 0xff, 0xff, 0xff, 0xff, 0xff, 0xff,
    0xff, 0xff, 0xff, 0xff, 0xf1, 0x00, 0x00, 0x00,
    0xcf, 0xff, 0xff, 0xff, 0xff, 0xff, 0xff, 0xff,
    0xff, 0xff, 0xff, 0xff, 0xff, 0xff, 0xff, 0xf1,
    0x00, 0x00, 0x00, 0xcf, 0xff, 0x54, 0x44, 0x44,
    0x44, 0x44, 0x44, 0x44, 0x44, 0x44, 0x44, 0x44,
    0x4f, 0xff, 0xf1, 0x00, 0x00, 0x00, 0xcf, 0xff,
    0x10, 0x00, 0x00, 0x00, 0x00, 0x00, 0x00, 0x00,
    0x00, 0x00, 0x00, 0x0e, 0xff, 0xf1, 0x00, 0x00,
    0x00, 0xcf, 0xff, 0x10, 0x00, 0x00, 0x00, 0x00,
    0x00, 0x00, 0x00, 0x00, 0x00, 0x00, 0x0e, 0xff,
    0xf1, 0x00, 0x00, 0x00, 0xcf, 0xff, 0x43, 0x33,
    0x33, 0x33, 0x33, 0x33, 0x33, 0x33, 0x33, 0x33,
    0x33, 0x3f, 0xff, 0xf1, 0x00, 0x00, 0x00, 0xcf,
    0xff, 0xff, 0xff, 0xff, 0xff, 0xff, 0xff, 0xff,
    0xff, 0xff, 0xff, 0xff, 0xff, 0xff, 0xf1, 0x00,
    0x00, 0x00, 0xcf, 0xff, 0xff, 0xff, 0xff, 0xff,
    0xff, 0xff, 0xff, 0xff, 0xff, 0xff, 0xff, 0xff,
    0xff, 0xf1, 0x00, 0x00, 0x00, 0xcf, 0xff, 0xff,
    0xff, 0xff, 0xff, 0xff, 0xff, 0xff, 0xff, 0xff,
    0xff, 0xff, 0xff, 0xff, 0xf1, 0x00, 0x00, 0x00,
    0xcf, 0xff, 0x10, 0x00, 0x00, 0x38, 0xa0, 0x00,
    0x00, 0x00, 0x00, 0x00, 0xb8, 0x30, 0x00, 0x00,
    0x00, 0x00, 0x00, 0xcf, 0xff, 0x10, 0x00, 0x0a,
    0xff, 0xf7, 0x00, 0x00, 0x00, 0x00, 0x06, 0xff,
    0xfc, 0x00, 0x00, 0x00, 0x00, 0x00, 0xcf, 0xff,
    0x10, 0x00, 0x02, 0xff, 0xff, 0x10, 0x00, 0x00,
    0x00, 0x0d, 0xff, 0xf4, 0x00, 0x00, 0x00, 0x00,
    0x00, 0xcf, 0xff, 0x10, 0x00, 0x00, 0x9f, 0xff,
    0x70, 0x00, 0x00, 0x00, 0x5f, 0xff, 0x90, 0x00,
    0x00, 0x00, 0x00, 0x00, 0xcf, 0xff, 0x10, 0x11,
    0x11, 0x3e, 0x93, 0x11, 0x11, 0x11, 0x11, 0xdf,
    0xfe, 0x21, 0x11, 0x11, 0x00, 0x00, 0x00, 0xcf,
    0xff, 0x07, 0xff, 0xff, 0xff, 0xff, 0xff, 0xff,
    0xff, 0xff, 0xff, 0xff, 0xff, 0xff, 0xff, 0x00,
    0x00, 0x00, 0xcf, 0xff, 0x07, 0xff, 0xff, 0xff,
    0xff, 0xff, 0xff, 0xff, 0xff, 0xff, 0xff, 0xff,
    0xff, 0xff, 0x00, 0x00, 0x00, 0xdf, 0xff, 0x07,
    0xff, 0xff, 0xff, 0xff, 0xff, 0xff, 0xff, 0xff,
    0xff, 0xff, 0xff, 0xff, 0xff, 0x00, 0x00, 0x00,
    0xdf, 0xff, 0x00, 0x11, 0x11, 0x1b, 0xff, 0xf1,
    0x11, 0x11, 0x11, 0xff, 0xfe, 0x11, 0x11, 0x11,
    0x00, 0x00, 0x00, 0xef, 0xfe, 0x00, 0x00, 0x00,
    0x0a, 0xff, 0xf0, 0x00, 0x00, 0x00, 0xef, 0xfe,
    0x00, 0x00, 0x00, 0x00, 0x00, 0x00, 0xff, 0xfd,
    0x00, 0x00, 0x00, 0x0a, 0xff, 0xf0, 0x00, 0x00,
    0x00, 0xef, 0xfe, 0x00, 0x00, 0x00, 0x00, 0x00,
    0x01, 0xff, 0xfb, 0x00, 0x00, 0x00, 0x0a, 0xff,
    0xf0, 0x00, 0x00, 0x00, 0xef, 0xfe, 0x00, 0x00,
    0x00, 0x00, 0x00, 0x03, 0xff, 0xf9, 0x00, 0x00,
    0x00, 0x0b, 0xff, 0xf0, 0x00, 0x00, 0x00, 0xef,
    0xfe, 0x00, 0x00, 0x00, 0x00, 0x00, 0x05, 0xff,
    0xf7, 0x7f, 0xff, 0xff, 0xff, 0xff, 0xff, 0xff,
    0xff, 0xff, 0xff, 0xff, 0xff, 0xff, 0xff, 0xf3,
    0x00, 0x08, 0xff, 0xf5, 0x7f, 0xff, 0xff, 0xff,
    0xff, 0xff, 0xff, 0xff, 0xff, 0xff, 0xff, 0xff,
    0xff, 0xff, 0xf3, 0x00, 0x0b, 0xff, 0xf2, 0x7f,
    0xff, 0xff, 0xff, 0xff, 0xff, 0xff, 0xff, 0xff,
    0xff, 0xff, 0xff, 0xff, 0xff, 0xf3, 0x00, 0x0e,
    0xff, 0xf0, 0x13, 0x33, 0x33, 0x9f, 0xff, 0x93,
    0x33, 0x33, 0x33, 0xff, 0xfe, 0x33, 0x33, 0x33,
    0x30, 0x00, 0x3f, 0xff, 0xb0, 0x00, 0x00, 0x00,
    0xdf, 0xff, 0x30, 0x00, 0x00, 0x00, 0xef, 0xfe,
    0x00, 0x00, 0x00, 0x00, 0x00, 0x8f, 0xff, 0x70,
    0x00, 0x00, 0x08, 0xff, 0xfd, 0x00, 0x00, 0x00,
    0x00, 0xef, 0xfe, 0x00, 0x00, 0x00, 0x00, 0x00,
    0xef, 0xff, 0x20, 0x00, 0x00, 0x7f, 0xff, 0xf5,
    0x00, 0x00, 0x00, 0x00, 0xef, 0xfe, 0x00, 0x00,
    0x00, 0x00, 0x05, 0xff, 0xfd, 0x00, 0x00, 0x09,
    0xff, 0xff, 0xa0, 0x00, 0x00, 0x00, 0x00, 0xef,
    0xfe, 0x00, 0x00, 0x00, 0x00, 0x0d, 0xff, 0xf7,
    0x00, 0x05, 0xdf, 0xff, 0xfc, 0x00, 0x00, 0x00,
    0x00, 0x00, 0xef, 0xfe, 0x00, 0x00, 0x00, 0x00,
    0x6f, 0xff, 0xf1, 0x00, 0x9f, 0xff, 0xff, 0xc1,
    0x00, 0x00, 0x00, 0x00, 0x00, 0xef, 0xfe, 0x00,
    0x00, 0x00, 0x00, 0x3b, 0xff, 0x80, 0x00, 0x0a,
    0xff, 0xf8, 0x00, 0x00, 0x00, 0x00, 0x00, 0x00,
    0xef, 0xfe, 0x00, 0x00, 0x00, 0x00, 0x00, 0x5d,
    0x00, 0x00, 0x00, 0xca, 0x20, 0x00, 0x00, 0x00,
    0x00, 0x00, 0x00, 0xef, 0xfe, 0x00, 0x00, 0x00,
    0x00, 0x00, 0x00, 0x00, 0x00, 0x00, 0x00, 0x00,
    0x00, 0x00, 0x00, 0x00, 0x00, 0x00, 0x00, 0x00,
    0x00, 0x00, 0x00, 0x00,

    /* U+5C55 "展" */
    0x00, 0x00, 0x8f, 0xff, 0xff, 0xff, 0xff, 0xff,
    0xff, 0xff, 0xff, 0xff, 0xff, 0xff, 0xff, 0xff,
    0xff, 0xc0, 0x00, 0x00, 0x00, 0x9f, 0xff, 0xff,
    0xff, 0xff, 0xff, 0xff, 0xff, 0xff, 0xff, 0xff,
    0xff, 0xff, 0xff, 0xff, 0xd0, 0x00, 0x00, 0x00,
    0x9f, 0xff, 0xff, 0xff, 0xff, 0xff, 0xff, 0xff,
    0xff, 0xff, 0xff, 0xff, 0xff, 0xff, 0xff, 0xd0,
    0x00, 0x00, 0x00, 0x9f, 0xff, 0x74, 0x44, 0x44,
    0x44, 0x44, 0x44, 0x44, 0x44, 0x44, 0x44, 0x44,
    0x4f, 0xff, 0xd0, 0x00, 0x00, 0x00, 0x9f, 0xff,
    0x30, 0x00, 0x00, 0x00, 0x00, 0x00, 0x00, 0x00,
    0x00, 0x00, 0x00, 0x0f, 0xff, 0xd0, 0x00, 0x00,
    0x00, 0x9f, 0xff, 0x30, 0x00, 0x00, 0x00, 0x00,
    0x00, 0x00, 0x00, 0x00, 0x00, 0x00, 0x0f, 0xff,
    0xd0, 0x00, 0x00, 0x00, 0x9f, 0xff, 0x63, 0x33,
    0x33, 0x33, 0x33, 0x33, 0x33, 0x33, 0x33, 0x33,
    0x33, 0x3f, 0xff, 0xd0, 0x00, 0x00, 0x00, 0x9f,
    0xff, 0xff, 0xff, 0xff, 0xff, 0xff, 0xff, 0xff,
    0xff, 0xff, 0xff, 0xff, 0xff, 0xff, 0xd0, 0x00,
    0x00, 0x00, 0x9f, 0xff, 0xff, 0xff, 0xff, 0xff,
    0xff, 0xff, 0xff, 0xff, 0xff, 0xff, 0xff, 0xff,
    0xff, 0xd0, 0x00, 0x00, 0x00, 0x9f, 0xff, 0xff,
    0xff, 0xff, 0xff, 0xff, 0xff, 0xff, 0xff, 0xff,
    0xff, 0xff, 0xff, 0xff, 0xd0, 0x00, 0x00, 0x00,
    0x9f, 0xff, 0x30, 0x00, 0x00, 0x0b, 0xbb, 0x50,
    0x00, 0x00, 0x05, 0xbb, 0xb0, 0x00, 0x00, 0x00,
    0x00, 0x00, 0x00, 0x9f, 0xff, 0x30, 0x00, 0x00,
    0x0f, 0xff, 0x70, 0x00, 0x00, 0x07, 0xff, 0xf1,
    0x00, 0x00, 0x00, 0x00, 0x00, 0x00, 0x9f, 0xff,
    0x30, 0x00, 0x00, 0x0f, 0xff, 0x70, 0x00, 0x00,
    0x07, 0xff, 0xf1, 0x00, 0x00, 0x00, 0x00, 0x00,
    0x00, 0x9f, 0xff, 0x32, 0x44, 0x44, 0x4f, 0xff,
    0x94, 0x44, 0x44, 0x4a, 0xff, 0xf5, 0x44, 0x44,
    0x41, 0x00, 0x00, 0x00, 0x9f, 0xff, 0x3a, 0xff,
    0xff, 0xff, 0xff, 0xff, 0xff, 0xff, 0xff, 0xff,
    0xff, 0xff, 0xff, 0xf6, 0x00, 0x00, 0x00, 0xaf,
    0xff, 0x2a, 0xff, 0xff, 0xff, 0xff, 0xff, 0xff,
    0xff, 0xff, 0xff, 0xff, 0xff, 0xff, 0xf6, 0x00,
    0x00, 0x00, 0xaf, 0xff, 0x19, 0xff, 0xff, 0xff,
    0xff, 0xff, 0xff, 0xff, 0xff, 0xff, 0xff, 0xff,
    0xff, 0xf5, 0x00, 0x00, 0x00, 0xbf, 0xff, 0x10,
    0x00, 0x00, 0x0f, 0xff, 0x70, 0x00, 0x00, 0x07,
    0xff, 0xf1, 0x00, 0x00, 0x00, 0x00, 0x00, 0x00,
    0xcf, 0xff, 0x00, 0x00, 0x00, 0x0f, 0xff, 0x70,
    0x00, 0x00, 0x07, 0xff, 0xf1, 0x00, 0x00, 0x00,
    0x00, 0x00, 0x00, 0xef, 0xff, 0x00, 0x00, 0x00,
    0x0f, 0xff, 0x70, 0x00, 0x00, 0x07, 0xff, 0xf1,
    0x00, 0x00, 0x00, 0x00, 0x00, 0x00, 0xff, 0xfd,
    0x6a, 0xaa, 0xaa, 0xaf, 0xff, 0xda, 0xaa, 0xaa,
    0xad, 0xff, 0xfb, 0xaa, 0xaa, 0xaa, 0xa0, 0x00,
    0x01, 0xff, 0xfb, 0xaf, 0xff, 0xff, 0xff, 0xff,
    0xff, 0xff, 0xff, 0xff, 0xff, 0xff, 0xff, 0xff,
    0xff, 0xf1, 0x00, 0x03, 0xff, 0xf9, 0xaf, 0xff,
    0xff, 0xff, 0xff, 0xff, 0xff, 0xff, 0xff, 0xff,
    0xff, 0xff, 0xff, 0xff, 0xf1, 0x00, 0x06, 0xff,
    0xf7, 0x58, 0x88, 0xdf, 0xfe, 0x88, 0x88, 0x9f,
    0xff, 0xb8, 0x88, 0x88, 0x88, 0xe8, 0x88, 0x80,
    0x00, 0x09, 0xff, 0xf4, 0x00, 0x00, 0xbf, 0xfc,
    0x00, 0x00, 0x0c, 0xff, 0xd0, 0x00, 0x00, 0x2d,
    0xfd, 0x20, 0x00, 0x00, 0x0c, 0xff, 0xf2, 0x00,
    0x00, 0xbf, 0xfc, 0x00, 0x00, 0x04, 0xff, 0xf9,
    0x00, 0x07, 0xff, 0xff, 0xd0, 0x00, 0x00, 0x0f,
    0xff, 0xe0, 0x00, 0x00, 0xbf, 0xfc, 0x00, 0x00,
    0x00, 0xaf, 0xff, 0x73, 0xcf, 0xff, 0xf9, 0x10,
    0x00, 0x00, 0x4f, 0xff, 0xb0, 0x00, 0x00, 0xbf,
    0xfc, 0x00, 0x00, 0x00, 0x1e, 0xff, 0xff, 0xff,
    0xfd, 0x40, 0x00, 0x00, 0x00, 0x9f, 0xff, 0x60,
    0x00, 0x00, 0xbf, 0xfc, 0x00, 0x00, 0x00, 0x03,
    0xff, 0xff, 0xfe, 0x60, 0x00, 0x00, 0x00, 0x00,
    0xef, 0xff, 0x20, 0x00, 0x00, 0xcf, 0xfc, 0x00,
    0x00, 0x15, 0x86, 0x4f, 0xff, 0xfe, 0x50, 0x00,
    0x00, 0x00, 0x05, 0xff, 0xfc, 0x00, 0x00, 0x00,
    0xff, 0xfd, 0x47, 0xbe, 0xff, 0xf7, 0x04, 0xff,
    0xff, 0xfc, 0x50, 0x00, 0x00, 0x0c, 0xff, 0xf7,
    0x00, 0x00, 0x0a, 0xff, 0xff, 0xff, 0xff, 0xff,
    0xf5, 0x00, 0x3d, 0xff, 0xff, 0xfe, 0x94, 0x00,
    0x5f, 0xff, 0xf1, 0x00, 0x00, 0x7f, 0xff, 0xff,
    0xff, 0xff, 0xfc, 0x92, 0x00, 0x00, 0x9f, 0xff,
    0xff, 0xff, 0xf3, 0x9f, 0xff, 0x80, 0x00, 0x00,
    0x1f, 0xff, 0xff, 0xfc, 0x84, 0x00, 0x00, 0x00,
    0x00, 0x02, 0xaf, 0xff, 0xff, 0x70, 0x03, 0xce,
    0x10, 0x00, 0x00, 0x09, 0xfc, 0x84, 0x00, 0x00,
    0x00, 0x00, 0x00, 0x00, 0x00, 0x02, 0x8d, 0xfc,
    0x00, 0x00, 0x02, 0x00, 0x00, 0x00, 0x02, 0x20,
    0x00, 0x00, 0x00, 0x00, 0x00, 0x00, 0x00, 0x00,
    0x00, 0x00, 0x22, 0x00,

    /* U+5E55 "幕" */
    0x00, 0x00, 0x00, 0x00, 0x00, 0x58, 0x88, 0x00,
    0x00, 0x00, 0x00, 0x01, 0x88, 0x85, 0x00, 0x00,
    0x00, 0x00, 0x00, 0x00, 0x00, 0x00, 0x00, 0x00,
    0x09, 0xff, 0xf1, 0x00, 0x00, 0x00, 0x00, 0x2f,
    0xff, 0x90, 0x00, 0x00, 0x00, 0x00, 0x00, 0x02,
    0x44, 0x44, 0x44, 0x44, 0xbf, 0xff, 0x54, 0x44,
    0x44, 0x44, 0x45, 0xff, 0xfb, 0x44, 0x44, 0x44,
    0x44, 0x20, 0x00, 0x8f, 0xff, 0xff, 0xff, 0xff,
    0xff, 0xff, 0xff, 0xff, 0xff, 0xff, 0xff, 0xff,
    0xff, 0xff, 0xff, 0xff, 0xfa, 0x00, 0x08, 0xff,
    0xff, 0xff, 0xff, 0xff, 0xff, 0xff, 0xff, 0xff,
    0xff, 0xff, 0xff, 0xff, 0xff, 0xff, 0xff, 0xff,
    0xa0, 0x00, 0x6d, 0xdd, 0xdd, 0xdd, 0xde, 0xff,
    0xfd, 0xdd, 0xdd, 0xdd, 0xdd, 0xdf, 0xff, 0xed,
    0xdd, 0xdd, 0xdd, 0xd8, 0x00, 0x00, 0x00, 0x00,
    0x00, 0x00, 0x9f, 0xff, 0x10, 0x00, 0x00, 0x00,
    0x02, 0xff, 0xf9, 0x00, 0x00, 0x00, 0x00, 0x00,
    0x00, 0x00, 0x00, 0x01, 0x11, 0x16, 0x99, 0x91,
    0x11, 0x11, 0x11, 0x11, 0x28, 0x88, 0x51, 0x11,
    0x11, 0x00, 0x00, 0x00, 0x00, 0x00, 0x09, 0xff,
    0xff, 0xff, 0xff, 0xff, 0xff, 0xff, 0xff, 0xff,
    0xff, 0xff, 0xff, 0xff, 0xd0, 0x00, 0x00, 0x00,
    0x00, 0x00, 0x9f, 0xff, 0xff, 0xff, 0xff, 0xff,
    0xff, 0xff, 0xff, 0xff, 0xff, 0xff, 0xff, 0xfd,
    0x00, 0x00, 0x00, 0x00, 0x00, 0x09, 0xff, 0xf5,
    0x55, 0x55, 0x55, 0x55, 0x55, 0x55, 0x55, 0x55,
    0x55, 0x5f, 0xff, 0xd0, 0x00, 0x00, 0x00, 0x00,
    0x00, 0x9f, 0xff, 0x10, 0x00, 0x00, 0x00, 0x00,
    0x00, 0x00, 0x00, 0x00, 0x00, 0xef, 0xfd, 0x00,
    0x00, 0x00, 0x00, 0x00, 0x09, 0xff, 0xf6, 0x55,
    0x55, 0x55, 0x55, 0x55, 0x55, 0x55, 0x55, 0x55,
    0x5f, 0xff, 0xd0, 0x00, 0x00, 0x00, 0x00, 0x00,
    0x9f, 0xff, 0xff, 0xff, 0xff, 0xff, 0xff, 0xff,
    0xff, 0xff, 0xff, 0xff, 0xff, 0xfd, 0x00, 0x00,
    0x00, 0x00, 0x00, 0x09, 0xff, 0xff, 0xff, 0xff,
    0xff, 0xff, 0xff, 0xff, 0xff, 0xff, 0xff, 0xff,
    0xff, 0xd0, 0x00, 0x00, 0x00, 0x00, 0x00, 0x9f,
    0xff, 0x10, 0x00, 0x00, 0x00, 0x00, 0x00, 0x00,
    0x00, 0x00, 0x00, 0xef, 0xfd, 0x00, 0x00, 0x00,
    0x00, 0x00, 0x09, 0xff, 0xf3, 0x22, 0x22, 0x22,
    0x22, 0x22, 0x22, 0x22, 0x22, 0x22, 0x2e, 0xff,
    0xd0, 0x00, 0x00, 0x00, 0x00, 0x00, 0x9f, 0xff,
    0xff, 0xff, 0xff, 0xff, 0xff, 0xff, 0xff, 0xff,
    0xff, 0xff, 0xff, 0xfd, 0x00, 0x00, 0x00, 0x00,
    0x00, 0x09, 0xff, 0xff, 0xff, 0xff, 0xff, 0xff,
    0xff, 0xff, 0xff, 0xff, 0xff, 0xff, 0xff, 0xd0,
    0x00, 0x00, 0x00, 0x00, 0x00, 0x24, 0x44, 0x44,
    0x4c, 0xff, 0xf9, 0x44, 0x44, 0x44, 0x44, 0x44,
    0x44, 0x44, 0x43, 0x00, 0x00, 0x00, 0x00, 0x00,
    0x00, 0x00, 0x00, 0x04, 0xff, 0xfd, 0x00, 0x00,
    0x00, 0x00, 0x00, 0x00, 0x00, 0x00, 0x00, 0x00,
    0x00, 0x00, 0xff, 0xff, 0xff, 0xff, 0xff, 0xff,
    0xff, 0xff, 0xff, 0xff, 0xff, 0xff, 0xff, 0xff,
    0xff, 0xff, 0xff, 0xff, 0x10, 0x0f, 0xff, 0xff,
    0xff, 0xff, 0xff, 0xff, 0xff, 0xff, 0xff, 0xff,
    0xff, 0xff, 0xff, 0xff, 0xff, 0xff, 0xff, 0xf1,
    0x00, 0xff, 0xff, 0xff, 0xff, 0xff, 0xff, 0xff,
    0xff, 0xff, 0xff, 0xff, 0xff, 0xff, 0xff, 0xff,
    0xff, 0xff, 0xff, 0x10, 0x00, 0x00, 0x00, 0x02,
    0xdf, 0xff, 0xc0, 0x00, 0x0f, 0xff, 0xa0, 0x00,
    0x05, 0xff, 0xfb, 0x10, 0x00, 0x00, 0x00, 0x00,
    0x00, 0x00, 0x05, 0xef, 0xff, 0xd1, 0x00, 0x00,
    0xff, 0xfa, 0x00, 0x00, 0x07, 0xff, 0xfe, 0x40,
    0x00, 0x00, 0x00, 0x00, 0x00, 0x1a, 0xff, 0xff,
    0xe4, 0x33, 0x33, 0x4f, 0xff, 0xb3, 0x33, 0x33,
    0x3a, 0xff, 0xff, 0xb3, 0x00, 0x00, 0x00, 0x01,
    0x8f, 0xff, 0xff, 0xff, 0xff, 0xff, 0xff, 0xff,
    0xff, 0xff, 0xff, 0xff, 0xff, 0xff, 0xff, 0xfb,
    0x40, 0x00, 0x39, 0xff, 0xff, 0xff, 0xff, 0xff,
    0xff, 0xff, 0xff, 0xff, 0xff, 0xff, 0xff, 0xff,
    0xff, 0xff, 0xff, 0xff, 0xe8, 0x07, 0xff, 0xff,
    0xf8, 0xbf, 0xff, 0xcc, 0xcc, 0xcc, 0xff, 0xfe,
    0xcc, 0xcc, 0xcc, 0xdf, 0xff, 0x7d, 0xff, 0xff,
    0x30, 0x09, 0xff, 0x92, 0x0b, 0xff, 0xe0, 0x00,
    0x00, 0x0f, 0xff, 0xa0, 0x00, 0x00, 0x05, 0xff,
    0xf2, 0x05, 0xdf, 0x60, 0x00, 0x07, 0x10, 0x00,
    0xbf, 0xfe, 0x00, 0x00, 0x00, 0xff, 0xfa, 0x00,
    0x00, 0x00, 0x5f, 0xff, 0x20, 0x00, 0x20, 0x00,
    0x00, 0x00, 0x00, 0x0b, 0xff, 0xe0, 0x00, 0x00,
    0x0f, 0xff, 0xa0, 0x00, 0x00, 0x05, 0xff, 0xf2,
    0x00, 0x00, 0x00, 0x00, 0x00, 0x00, 0x00, 0xbf,
    0xfe, 0x00, 0x00, 0x00, 0xff, 0xfa, 0x00, 0x2c,
    0xcc, 0xef, 0xff, 0x10, 0x00, 0x00, 0x00, 0x00,
    0x00, 0x00, 0x0b, 0xff, 0xe0, 0x00, 0x00, 0x0f,
    0xff, 0xa0, 0x00, 0xcf, 0xff, 0xff, 0xd0, 0x00,
    0x00, 0x00, 0x00, 0x00, 0x00, 0x00, 0xbf, 0xfe,
    0x00, 0x00, 0x00, 0xff, 0xfa, 0x00, 0x06, 0xee,
    0xdc, 0x81, 0x00, 0x00, 0x00, 0x00, 0x00, 0x00,
    0x00, 0x00, 0x00, 0x00, 0x00, 0x00, 0x0f, 0xff,
    0xa0, 0x00, 0x00, 0x00, 0x00, 0x00, 0x00, 0x00,
    0x00, 0x00,

    /* U+5EA6 "度" */
    0x00, 0x00, 0x00, 0x00, 0x00, 0x00, 0x00, 0x00,
    0x01, 0x59, 0xc9, 0x00, 0x00, 0x00, 0x00, 0x00,
    0x00, 0x00, 0x00, 0x00, 0x00, 0x00, 0x00, 0x00,
    0x00, 0x00, 0x00, 0x01, 0xff, 0xff, 0x10, 0x00,
    0x00, 0x00, 0x00, 0x00, 0x00, 0x00, 0x00, 0x00,
    0x00, 0x00, 0x00, 0x00, 0x00, 0x00, 0x00, 0xaf,
    0xff, 0x80, 0x00, 0x00, 0x00, 0x00, 0x00, 0x00,
    0x00, 0x00, 0x00, 0x00, 0x00, 0x00, 0x00, 0x00,
    0x00, 0x00, 0x4f, 0xff, 0xe0, 0x00, 0x00, 0x00,
    0x00, 0x00, 0x00, 0x00, 0x00, 0x06, 0xff, 0xff,
    0xff, 0xff, 0xff, 0xff, 0xff, 0xff, 0xff, 0xff,
    0xff, 0xff, 0xff, 0xff, 0xff, 0xff, 0xd0, 0x00,
    0x06, 0xff, 0xff, 0xff, 0xff, 0xff, 0xff, 0xff,
    0xff, 0xff, 0xff, 0xff, 0xff, 0xff, 0xff, 0xff,
    0xff, 0xd0, 0x00, 0x06, 0xff, 0xff, 0xff, 0xff,
    0xff, 0xff, 0xff, 0xff, 0xff, 0xff, 0xff, 0xff,
    0xff, 0xff, 0xff, 0xff, 0xd0, 0x00, 0x06, 0xff,
    0xfa, 0x88, 0x88, 0x88, 0x88, 0x88, 0x88, 0x88,
    0x88, 0x88, 0x88, 0x88, 0x88, 0x88, 0x88, 0x60,
    0x00, 0x06, 0xff, 0xf5, 0x00, 0x00, 0x00, 0x24,
    0x43, 0x00, 0x00, 0x00, 0x00, 0x24, 0x44, 0x00,
    0x00, 0x00, 0x00, 0x00, 0x06, 0xff, 0xf5, 0x00,
    0x00, 0x00, 0xbf, 0xfe, 0x00, 0x00, 0x00, 0x00,
    0xaf, 0xff, 0x10, 0x00, 0x00, 0x00, 0x00, 0x06,
    0xff, 0xf5, 0x00, 0x00, 0x00, 0xbf, 0xfe, 0x00,
    0x00, 0x00, 0x00, 0xaf, 0xff, 0x10, 0x00, 0x00,
    0x00, 0x00, 0x06, 0xff, 0xf5, 0x12, 0x22, 0x22,
    0xbf, 0xff, 0x22, 0x22, 0x22, 0x22, 0xbf, 0xff,
    0x32, 0x22, 0x22, 0x00, 0x00, 0x06, 0xff, 0xf5,
    0xbf, 0xff, 0xff, 0xff, 0xff, 0xff, 0xff, 0xff,
    0xff, 0xff, 0xff, 0xff, 0xff, 0xff, 0x30, 0x00,
    0x06, 0xff, 0xf5, 0xbf, 0xff, 0xff, 0xff, 0xff,
    0xff, 0xff, 0xff, 0xff, 0xff, 0xff, 0xff, 0xff,
    0xff, 0x30, 0x00, 0x06, 0xff, 0xf5, 0xae, 0xee,
    0xee, 0xff, 0xff, 0xee, 0xee, 0xee, 0xee, 0xff,
    0xff, 0xee, 0xee, 0xee, 0x30, 0x00, 0x06, 0xff,
    0xf5, 0x00, 0x00, 0x00, 0xbf, 0xfe, 0x00, 0x00,
    0x00, 0x00, 0xaf, 0xff, 0x10, 0x00, 0x00, 0x00,
    0x00, 0x07, 0xff, 0xf5, 0x00, 0x00, 0x00, 0xbf,
    0xfe, 0x00, 0x00, 0x00, 0x00, 0xaf, 0xff, 0x10,
    0x00, 0x00, 0x00, 0x00, 0x07, 0xff, 0xf4, 0x00,
    0x00, 0x00, 0xbf, 0xfe, 0x00, 0x00, 0x00, 0x00,
    0xaf, 0xff, 0x10, 0x00, 0x00, 0x00, 0x00, 0x07,
    0xff, 0xf4, 0x00, 0x00, 0x00, 0xbf, 0xff, 0xee,
    0xee, 0xee, 0xee, 0xff, 0xff, 0x10, 0x00, 0x00,
    0x00, 0x00, 0x08, 0xff, 0xf3, 0x00, 0x00, 0x00,
    0xbf, 0xff, 0xff, 0xff, 0xff, 0xff, 0xff, 0xff,
    0x10, 0x00, 0x00, 0x00, 0x00, 0x09, 0xff, 0xf2,
    0x00, 0x00, 0x00, 0xbf, 0xff, 0xff, 0xff, 0xff,
    0xff, 0xff, 0xff, 0x10, 0x00, 0x00, 0x00, 0x00,
    0x0a, 0xff, 0xf1, 0x00, 0x00, 0x00, 0x00, 0x00,
    0x00, 0x00, 0x00, 0x00, 0x00, 0x00, 0x00, 0x00,
    0x00, 0x00, 0x00, 0x0b, 0xff, 0xf0, 0x00, 0x00,
    0x00, 0x00, 0x00, 0x00, 0x00, 0x00, 0x00, 0x00,
    0x00, 0x00, 0x00, 0x00, 0x00, 0x00, 0x0c, 0xff,
    0xf0, 0x1f, 0xff, 0xff, 0xff, 0xff, 0xff, 0xff,
    0xff, 0xff, 0xff, 0xff, 0xff, 0x81, 0x00, 0x00,
    0x00, 0x0e, 0xff, 0xd0, 0x2f, 0xff, 0xff, 0xff,
    0xff, 0xff, 0xff, 0xff, 0xff, 0xff, 0xff, 0xff,
    0xf9, 0x00, 0x00, 0x00, 0x0f, 0xff, 0xb0, 0x2f,
    0xff, 0xff, 0xff, 0xff, 0xff, 0xff, 0xff, 0xff,
    0xff, 0xff, 0xff, 0xe1, 0x00, 0x00, 0x00, 0x3f,
    0xff, 0x90, 0x01, 0x11, 0x7e, 0xff, 0x71, 0x11,
    0x11, 0x11, 0x11, 0x15, 0xff, 0xff, 0x50, 0x00,
    0x00, 0x00, 0x6f, 0xff, 0x60, 0x00, 0x00, 0x3f,
    0xff, 0xf7, 0x00, 0x00, 0x00, 0x00, 0x5f, 0xff,
    0xf8, 0x00, 0x00, 0x00, 0x00, 0x9f, 0xff, 0x40,
    0x00, 0x00, 0x05, 0xff, 0xff, 0xb1, 0x00, 0x00,
    0x1a, 0xff, 0xff, 0x80, 0x00, 0x00, 0x00, 0x00,
    0xcf, 0xff, 0x10, 0x00, 0x00, 0x00, 0x4f, 0xff,
    0xff, 0x70, 0x07, 0xef, 0xff, 0xf7, 0x00, 0x00,
    0x00, 0x00, 0x01, 0xff, 0xfd, 0x00, 0x00, 0x00,
    0x00, 0x02, 0xdf, 0xff, 0xfe, 0xef, 0xff, 0xfe,
    0x40, 0x00, 0x00, 0x00, 0x00, 0x05, 0xff, 0xf9,
    0x00, 0x00, 0x00, 0x00, 0x00, 0x0b, 0xff, 0xff,
    0xff, 0xff, 0xa1, 0x00, 0x00, 0x00, 0x00, 0x00,
    0x0a, 0xff, 0xf4, 0x00, 0x00, 0x00, 0x03, 0x69,
    0xdf, 0xff, 0xff, 0xff, 0xff, 0xfc, 0x84, 0x10,
    0x00, 0x00, 0x00, 0x1f, 0xff, 0xf0, 0x05, 0x79,
    0xbd, 0xff, 0xff, 0xff, 0xff, 0xff, 0xff, 0xff,
    0xff, 0xff, 0xfe, 0xb9, 0x75, 0x30, 0x8f, 0xff,
    0xa0, 0x0b, 0xff, 0xff, 0xff, 0xff, 0xff, 0xfa,
    0x50, 0x28, 0xef, 0xff, 0xff, 0xff, 0xff, 0xff,
    0xc0, 0x8f, 0xff, 0x30, 0x02, 0xff, 0xff, 0xff,
    0xeb, 0x73, 0x00, 0x00, 0x00, 0x03, 0x8c, 0xff,
    0xff, 0xff, 0xff, 0x20, 0x01, 0x8b, 0x00, 0x00,
    0xac, 0xa7, 0x42, 0x00, 0x00, 0x00, 0x00, 0x00,
    0x00, 0x00, 0x03, 0x79, 0xcf, 0xf7, 0x00, 0x00,
    0x00, 0x00, 0x00, 0x00, 0x00, 0x00, 0x00, 0x00,
    0x00, 0x00, 0x00, 0x00, 0x00, 0x00, 0x00, 0x00,
    0x10, 0x00,

    /* U+5EB7 "康" */
    0x00, 0x00, 0x00, 0x00, 0x00, 0x00, 0x00, 0x00,
    0x00, 0x00, 0x00, 0x00, 0x00, 0x00, 0x00, 0x00,
    0x00, 0x00, 0x00, 0x00, 0x00, 0x00, 0x00, 0x00,
    0x00, 0x00, 0x00, 0x00, 0x6a, 0xee, 0x10, 0x00,
    0x00, 0x00, 0x00, 0x00, 0x00, 0x00, 0x00, 0x00,
    0x00, 0x00, 0x00, 0x00, 0x00, 0x00, 0x00, 0xcf,
    0xff, 0x90, 0x00, 0x00, 0x00, 0x00, 0x00, 0x00,
    0x00, 0x00, 0x00, 0x00, 0x00, 0x00, 0x00, 0x00,
    0x00, 0x00, 0x3f, 0xff, 0xf3, 0x00, 0x00, 0x00,
    0x00, 0x00, 0x00, 0x00, 0x00, 0x02, 0x77, 0x87,
    0x77, 0x77, 0x77, 0x77, 0x77, 0x7e, 0xff, 0xfc,
    0x77, 0x77, 0x77, 0x77, 0x77, 0x77, 0x70, 0x00,
    0x06, 0xff, 0xff, 0xff, 0xff, 0xff, 0xff, 0xff,
    0xff, 0xff, 0xff, 0xff, 0xff, 0xff, 0xff, 0xff,
    0xff, 0xf2, 0x00, 0x06, 0xff, 0xff, 0xff, 0xff,
    0xff, 0xff, 0xff, 0xff, 0xff, 0xff, 0xff, 0xff,
    0xff, 0xff, 0xff, 0xff, 0xf2, 0x00, 0x06, 0xff,
    0xff, 0xee, 0xee, 0xee, 0xee, 0xee, 0xef, 0xff,
    0xff, 0xee, 0xee, 0xee, 0xee, 0xee, 0xee, 0xe1,
    0x00, 0x06, 0xff, 0xf3, 0x00, 0x00, 0x00, 0x00,
    0x00, 0x02, 0xff, 0xfb, 0x00, 0x00, 0x00, 0x00,
    0x00, 0x00, 0x00, 0x00, 0x06, 0xff, 0xf3, 0x00,
    0x00, 0x00, 0x00, 0x00, 0x02, 0xff, 0xfb, 0x00,
    0x00, 0x00, 0x00, 0x00, 0x00, 0x00, 0x00, 0x06,
    0xff, 0xf3, 0x00, 0x89, 0x99, 0x99, 0x99, 0x9a,
    0xff, 0xfe, 0x99, 0x99, 0x99, 0x99, 0x97, 0x00,
    0x00, 0x00, 0x06, 0xff, 0xf3, 0x00, 0xef, 0xff,
    0xff, 0xff, 0xff, 0xff, 0xff, 0xff, 0xff, 0xff,
    0xff, 0xfd, 0x00, 0x00, 0x00, 0x06, 0xff, 0xf3,
    0x00, 0xef, 0xff, 0xff, 0xff, 0xff, 0xff, 0xff,
    0xff, 0xff, 0xff, 0xff, 0xfd, 0x00, 0x00, 0x00,
    0x06, 0xff, 0xf3, 0x00, 0x00, 0x00, 0x00, 0x00,
    0x03, 0xff, 0xfb, 0x00, 0x00, 0x00, 0xcf, 0xfd,
    0x00, 0x00, 0x00, 0x06, 0xff, 0xf3, 0x00, 0x00,
    0x00, 0x00, 0x00, 0x02, 0xff, 0xfb, 0x00, 0x00,
    0x00, 0xcf, 0xfd, 0x00, 0x00, 0x00, 0x06, 0xff,
    0xf3, 0x79, 0x99, 0x99, 0x99, 0x99, 0x9a, 0xff,
    0xfe, 0x99, 0x99, 0x99, 0xef, 0xff, 0xdd, 0xd7,
    0x00, 0x06, 0xff, 0xf3, 0xdf, 0xff, 0xff, 0xff,
    0xff, 0xff, 0xff, 0xff, 0xff, 0xff, 0xff, 0xff,
    0xff, 0xff, 0xf9, 0x00, 0x06, 0xff, 0xf3, 0xdf,
    0xff, 0xff, 0xff, 0xff, 0xff, 0xff, 0xff, 0xff,
    0xff, 0xff, 0xff, 0xff, 0xff, 0xf9, 0x00, 0x06,
    0xff, 0xf2, 0x12, 0x22, 0x22, 0x22, 0x22, 0x24,
    0xff, 0xfc, 0x22, 0x22, 0x22, 0xdf, 0xfe, 0x66,
    0x63, 0x00, 0x07, 0xff, 0xf2, 0x00, 0x00, 0x00,
    0x00, 0x00, 0x02, 0xff, 0xfb, 0x00, 0x00, 0x00,
    0xcf, 0xfd, 0x00, 0x00, 0x00, 0x07, 0xff, 0xf1,
    0x00, 0x00, 0x00, 0x00, 0x00, 0x02, 0xff, 0xfb,
    0x00, 0x00, 0x00, 0xcf, 0xfd, 0x00, 0x00, 0x00,
    0x08, 0xff, 0xf0, 0x04, 0xff, 0xff, 0xff, 0xff,
    0xff, 0xff, 0xff, 0xff, 0xff, 0xff, 0xff, 0xfd,
    0x00, 0x00, 0x00, 0x09, 0xff, 0xf0, 0x04, 0xff,
    0xff, 0xff, 0xff, 0xff, 0xff, 0xff, 0xff, 0xff,
    0xff, 0xff, 0xfd, 0x00, 0x00, 0x00, 0x0a, 0xff,
    0xe0, 0x03, 0xbb, 0xaa, 0xaa, 0xaa, 0xab, 0xff,
    0xfe, 0xaa, 0xaa, 0xaa, 0xaa, 0xa8, 0x00, 0x00,
    0x00, 0x0c, 0xff, 0xd0, 0x01, 0xcf, 0x60, 0x00,
    0x00, 0x02, 0xff, 0xfd, 0x00, 0x00, 0x00, 0x02,
    0xd8, 0x00, 0x00, 0x00, 0x0d, 0xff, 0xb0, 0x0c,
    0xff, 0xfd, 0x30, 0x00, 0x02, 0xff, 0xff, 0x80,
    0x00, 0x00, 0x5f, 0xff, 0xb1, 0x00, 0x00, 0x0f,
    0xff, 0x90, 0x01, 0xaf, 0xff, 0xf8, 0x00, 0x02,
    0xff, 0xff, 0xf4, 0x00, 0x1a, 0xff, 0xff, 0xc2,
    0x00, 0x00, 0x2f, 0xff, 0x70, 0x00, 0x05, 0xef,
    0xff, 0x90, 0x03, 0xff, 0xff, 0xff, 0x45, 0xef,
    0xff, 0xf6, 0x00, 0x00, 0x00, 0x5f, 0xff, 0x40,
    0x00, 0x00, 0x1b, 0xfd, 0x15, 0xbf, 0xff, 0xff,
    0xff, 0xff, 0xff, 0xf9, 0x10, 0x00, 0x00, 0x00,
    0x8f, 0xff, 0x10, 0x00, 0x00, 0x00, 0xaa, 0xef,
    0xff, 0xff, 0xfc, 0xcf, 0xff, 0xfb, 0x20, 0x00,
    0x00, 0x00, 0x00, 0xcf, 0xfe, 0x00, 0x00, 0x01,
    0x7d, 0xff, 0xff, 0xfe, 0xff, 0xfb, 0x1c, 0xff,
    0xfe, 0x50, 0x00, 0x00, 0x00, 0x01, 0xff, 0xfa,
    0x00, 0x05, 0xbf, 0xff, 0xff, 0xfb, 0x42, 0xff,
    0xfb, 0x00, 0xbf, 0xff, 0xfc, 0x50, 0x00, 0x00,
    0x06, 0xff, 0xf5, 0x09, 0xff, 0xff, 0xff, 0xf9,
    0x20, 0x02, 0xff, 0xfb, 0x00, 0x07, 0xff, 0xff,
    0xfe, 0x94, 0x00, 0x0c, 0xff, 0xf1, 0x0b, 0xff,
    0xff, 0xd6, 0x00, 0x00, 0x02, 0xff, 0xfb, 0x00,
    0x00, 0x3c, 0xff, 0xff, 0xff, 0xf5, 0x3f, 0xff,
    0xb0, 0x03, 0xff, 0xb4, 0x00, 0x00, 0x00, 0x04,
    0xff, 0xfb, 0x00, 0x00, 0x00, 0x5c, 0xff, 0xff,
    0xb0, 0xbf, 0xff, 0x50, 0x00, 0x72, 0x00, 0x03,
    0xff, 0xff, 0xff, 0xff, 0xf9, 0x00, 0x00, 0x00,
    0x00, 0x39, 0xfe, 0x10, 0x2b, 0xfe, 0x00, 0x00,
    0x00, 0x00, 0x00, 0xcf, 0xff, 0xff, 0xff, 0xf3,
    0x00, 0x00, 0x00, 0x00, 0x00, 0x02, 0x00, 0x00,
    0x66, 0x00, 0x00, 0x00, 0x00, 0x00, 0x6f, 0xff,
    0xff, 0xda, 0x30, 0x00, 0x00, 0x00, 0x00, 0x00,
    0x00, 0x00, 0x00, 0x00, 0x00, 0x00, 0x00, 0x00,
    0x00, 0x01, 0x11, 0x00, 0x00, 0x00, 0x00, 0x00,
    0x00, 0x00, 0x00, 0x00, 0x00,

    /* U+5F00 "开" */
    0x00, 0x01, 0x11, 0x11, 0x11, 0x11, 0x11, 0x11,
    0x11, 0x11, 0x11, 0x11, 0x11, 0x11, 0x11, 0x11,
    0x11, 0x10, 0x00, 0x0c, 0xff, 0xff, 0xff, 0xff,
    0xff, 0xff, 0xff, 0xff, 0xff, 0xff, 0xff, 0xff,
    0xff, 0xff, 0xff, 0xff, 0x80, 0x00, 0xcf, 0xff,
    0xff, 0xff, 0xff, 0xff, 0xff, 0xff, 0xff, 0xff,
    0xff, 0xff, 0xff, 0xff, 0xff, 0xff, 0xf8, 0x00,
    0x0c, 0xff, 0xff, 0xff, 0xff, 0xff, 0xff, 0xff,
    0xff, 0xff, 0xff, 0xff, 0xff, 0xff, 0xff, 0xff,
    0xff, 0x80, 0x00, 0x68, 0x88, 0x88, 0x88, 0xef,
    0xff, 0x98, 0x88, 0x88, 0x88, 0x88, 0xff, 0xff,
    0x98, 0x88, 0x88, 0x84, 0x00, 0x00, 0x00, 0x00,
    0x00, 0x0c, 0xff, 0xf1, 0x00, 0x00, 0x00, 0x00,
    0x0d, 0xff, 0xf1, 0x00, 0x00, 0x00, 0x00, 0x00,
    0x00, 0x00, 0x00, 0x00, 0xcf, 0xff, 0x10, 0x00,
    0x00, 0x00, 0x00, 0xdf, 0xff, 0x10, 0x00, 0x00,
    0x00, 0x00, 0x00, 0x00, 0x00, 0x00, 0x0c, 0xff,
    0xf1, 0x00, 0x00, 0x00, 0x00, 0x0d, 0xff, 0xf1,
    0x00, 0x00, 0x00, 0x00, 0x00, 0x00, 0x00, 0x00,
    0x00, 0xcf, 0xff, 0x10, 0x00, 0x00, 0x00, 0x00,
    0xdf, 0xff, 0x10, 0x00, 0x00, 0x00, 0x00, 0x00,
    0x00, 0x00, 0x00, 0x0c, 0xff, 0xf1, 0x00, 0x00,
    0x00, 0x00, 0x0d, 0xff, 0xf1, 0x00, 0x00, 0x00,
    0x00, 0x00, 0x00, 0x00, 0x00, 0x00, 0xcf, 0xff,
    0x10, 0x00, 0x00, 0x00, 0x00, 0xdf, 0xff, 0x10,
    0x00, 0x00, 0x00, 0x00, 0x00, 0x00, 0x00, 0x00,
    0x0c, 0xff, 0xf1, 0x00, 0x00, 0x00, 0x00, 0x0d,
    0xff, 0xf1, 0x00, 0x00, 0x00, 0x00, 0x00, 0x00,
    0x00, 0x00, 0x00, 0xcf, 0xff, 0x10, 0x00, 0x00,
    0x00, 0x00, 0xdf, 0xff, 0x10, 0x00, 0x00, 0x00,
    0x00, 0x00, 0x00, 0x00, 0x00, 0x0c, 0xff, 0xf1,
    0x00, 0x00, 0x00, 0x00, 0x0d, 0xff, 0xf1, 0x00,
    0x00, 0x00, 0x00, 0x00, 0x00, 0x00, 0x00, 0x00,
    0xdf, 0xff, 0x10, 0x00, 0x00, 0x00, 0x00, 0xdf,
    0xff, 0x10, 0x00, 0x00, 0x00, 0x03, 0xff, 0xff,
    0xff, 0xff, 0xff, 0xff, 0xff, 0xff, 0xff, 0xff,
    0xff, 0xff, 0xff, 0xff, 0xff, 0xff, 0xff, 0xfb,
    0x3f, 0xff, 0xff, 0xff, 0xff, 0xff, 0xff, 0xff,
    0xff, 0xff, 0xff, 0xff, 0xff, 0xff, 0xff, 0xff,
    0xff, 0xff, 0xc3, 0xff, 0xff, 0xff, 0xff, 0xff,
    0xff, 0xff, 0xff, 0xff, 0xff, 0xff, 0xff, 0xff,
    0xff, 0xff, 0xff, 0xff, 0xfc, 0x2a, 0xaa, 0xaa,
    0xaa, 0xab, 0xff, 0xff, 0xaa, 0xaa, 0xaa, 0xaa,
    0xaa, 0xff, 0xff, 0xba, 0xaa, 0xaa, 0xaa, 0x70,
    0x00, 0x00, 0x00, 0x00, 0x3f, 0xff, 0xb0, 0x00,
    0x00, 0x00, 0x00, 0x0d, 0xff, 0xf1, 0x00, 0x00,
    0x00, 0x00, 0x00, 0x00, 0x00, 0x00, 0x06, 0xff,
    0xf9, 0x00, 0x00, 0x00, 0x00, 0x00, 0xdf, 0xff,
    0x10, 0x00, 0x00, 0x00, 0x00, 0x00, 0x00, 0x00,
    0x00, 0xaf, 0xff, 0x60, 0x00, 0x00, 0x00, 0x00,
    0x0d, 0xff, 0xf1, 0x00, 0x00, 0x00, 0x00, 0x00,
    0x00, 0x00, 0x00, 0x0e, 0xff, 0xf3, 0x00, 0x00,
    0x00, 0x00, 0x00, 0xdf, 0xff, 0x10, 0x00, 0x00,
    0x00, 0x00, 0x00, 0x00, 0x00, 0x04, 0xff, 0xfe,
    0x00, 0x00, 0x00, 0x00, 0x00, 0x0d, 0xff, 0xf1,
    0x00, 0x00, 0x00, 0x00, 0x00, 0x00, 0x00, 0x00,
    0xbf, 0xff, 0x90, 0x00, 0x00, 0x00, 0x00, 0x00,
    0xdf, 0xff, 0x10, 0x00, 0x00, 0x00, 0x00, 0x00,
    0x00, 0x00, 0x3f, 0xff, 0xf4, 0x00, 0x00, 0x00,
    0x00, 0x00, 0x0d, 0xff, 0xf1, 0x00, 0x00, 0x00,
    0x00, 0x00, 0x00, 0x00, 0x0d, 0xff, 0xfd, 0x00,
    0x00, 0x00, 0x00, 0x00, 0x00, 0xdf, 0xff, 0x10,
    0x00, 0x00, 0x00, 0x00, 0x00, 0x00, 0x08, 0xff,
    0xff, 0x50, 0x00, 0x00, 0x00, 0x00, 0x00, 0x0d,
    0xff, 0xf1, 0x00, 0x00, 0x00, 0x00, 0x00, 0x00,
    0x05, 0xff, 0xff, 0xb0, 0x00, 0x00, 0x00, 0x00,
    0x00, 0x00, 0xdf, 0xff, 0x10, 0x00, 0x00, 0x00,
    0x00, 0x00, 0x05, 0xff, 0xff, 0xe2, 0x00, 0x00,
    0x00, 0x00, 0x00, 0x00, 0x0d, 0xff, 0xf1, 0x00,
    0x00, 0x00, 0x00, 0x00, 0x07, 0xff, 0xff, 0xf4,
    0x00, 0x00, 0x00, 0x00, 0x00, 0x00, 0x00, 0xdf,
    0xff, 0x10, 0x00, 0x00, 0x00, 0x00, 0x1b, 0xff,
    0xff, 0xf6, 0x00, 0x00, 0x00, 0x00, 0x00, 0x00,
    0x00, 0x0d, 0xff, 0xf1, 0x00, 0x00, 0x00, 0x00,
    0x0c, 0xff, 0xff, 0xf6, 0x00, 0x00, 0x00, 0x00,
    0x00, 0x00, 0x00, 0x00, 0xdf, 0xff, 0x10, 0x00,
    0x00, 0x00, 0x00, 0x0b, 0xff, 0xe4, 0x00, 0x00,
    0x00, 0x00, 0x00, 0x00, 0x00, 0x00, 0x0d, 0xff,
    0xf1, 0x00, 0x00, 0x00, 0x00, 0x00, 0x0b, 0xa1,
    0x00, 0x00, 0x00, 0x00, 0x00, 0x00, 0x00, 0x00,
    0x00, 0xdf, 0xff, 0x10, 0x00, 0x00, 0x00, 0x00,
    0x00, 0x00, 0x00, 0x00, 0x00, 0x00, 0x00, 0x00,
    0x00, 0x00, 0x00, 0x00, 0x00, 0x00, 0x00, 0x00,
    0x00, 0x00,

    /* U+5F0F "式" */
    0x00, 0x00, 0x00, 0x00, 0x00, 0x00, 0x00, 0x00,
    0x00, 0x00, 0xaa, 0xaa, 0x00, 0x00, 0x73, 0x00,
    0x00, 0x00, 0x00, 0x00, 0x00, 0x00, 0x00, 0x00,
    0x00, 0x00, 0x00, 0x00, 0x0f, 0xff, 0xf0, 0x00,
    0xaf, 0xf6, 0x00, 0x00, 0x00, 0x00, 0x00, 0x00,
    0x00, 0x00, 0x00, 0x00, 0x00, 0x00, 0x00, 0xff,
    0xff, 0x00, 0x7f, 0xff, 0xfa, 0x00, 0x00, 0x00,
    0x00, 0x00, 0x00, 0x00, 0x00, 0x00, 0x00, 0x00,
    0x00, 0x0f, 0xff, 0xf0, 0x00, 0x5f, 0xff, 0xfc,
    0x10, 0x00, 0x00, 0x00, 0x00, 0x00, 0x00, 0x00,
    0x00, 0x00, 0x00, 0x00, 0xef, 0xff, 0x10, 0x00,
    0x3e, 0xff, 0xfd, 0x10, 0x00, 0x00, 0x00, 0x00,
    0x00, 0x00, 0x00, 0x00, 0x00, 0x00, 0x0e, 0xff,
    0xf1, 0x00, 0x00, 0x2d, 0xff, 0xb0, 0x00, 0x00,
    0x00, 0x00, 0x00, 0x00, 0x00, 0x00, 0x00, 0x00,
    0x00, 0xdf, 0xff, 0x10, 0x00, 0x00, 0x1e, 0x90,
    0x00, 0x09, 0xaa, 0xaa, 0xaa, 0xaa, 0xaa, 0xaa,
    0xaa, 0xaa, 0xaa, 0xaf, 0xff, 0xfb, 0xaa, 0xaa,
    0xaa, 0xca, 0xaa, 0x70, 0xef, 0xff, 0xff, 0xff,
    0xff, 0xff, 0xff, 0xff, 0xff, 0xff, 0xff, 0xff,
    0xff, 0xff, 0xff, 0xff, 0xff, 0xfb, 0x0e, 0xff,
    0xff, 0xff, 0xff, 0xff, 0xff, 0xff, 0xff, 0xff,
    0xff, 0xff, 0xff, 0xff, 0xff, 0xff, 0xff, 0xff,
    0xb0, 0xef, 0xff, 0xff, 0xff, 0xff, 0xff, 0xff,
    0xff, 0xff, 0xff, 0xff, 0xff, 0xff, 0xff, 0xff,
    0xff, 0xff, 0xfb, 0x00, 0x00, 0x00, 0x00, 0x00,
    0x00, 0x00, 0x00, 0x00, 0x00, 0x09, 0xff, 0xf6,
    0x00, 0x00, 0x00, 0x00, 0x00, 0x00, 0x00, 0x00,
    0x00, 0x00, 0x00, 0x00, 0x00, 0x00, 0x00, 0x00,
    0x8f, 0xff, 0x70, 0x00, 0x00, 0x00, 0x00, 0x00,
    0x00, 0x00, 0x00, 0x00, 0x00, 0x00, 0x00, 0x00,
    0x00, 0x00, 0x06, 0xff, 0xf8, 0x00, 0x00, 0x00,
    0x00, 0x00, 0x00, 0x00, 0x00, 0x00, 0x00, 0x00,
    0x00, 0x00, 0x00, 0x00, 0x00, 0x5f, 0xff, 0xa0,
    0x00, 0x00, 0x00, 0x00, 0x00, 0x00, 0x00, 0x00,
    0x00, 0x00, 0x00, 0x00, 0x00, 0x00, 0x00, 0x03,
    0xff, 0xfc, 0x00, 0x00, 0x00, 0x00, 0x00, 0x00,
    0x04, 0xaa, 0xaa, 0xaa, 0xaa, 0xaa, 0xaa, 0xaa,
    0xaa, 0xa0, 0x1f, 0xff, 0xe0, 0x00, 0x00, 0x00,
    0x00, 0x00, 0x00, 0x7f, 0xff, 0xff, 0xff, 0xff,
    0xff, 0xff, 0xff, 0xff, 0x10, 0xff, 0xff, 0x00,
    0x00, 0x00, 0x00, 0x00, 0x00, 0x07, 0xff, 0xff,
    0xff, 0xff, 0xff, 0xff, 0xff, 0xff, 0xf1, 0x0d,
    0xff, 0xf2, 0x00, 0x00, 0x00, 0x00, 0x00, 0x00,
    0x7f, 0xff, 0xff, 0xff, 0xff, 0xff, 0xff, 0xff,
    0xff, 0x10, 0xbf, 0xff, 0x50, 0x00, 0x00, 0x00,
    0x00, 0x00, 0x00, 0x00, 0x00, 0x00, 0xbf, 0xff,
    0x10, 0x00, 0x00, 0x00, 0x08, 0xff, 0xf8, 0x00,
    0x00, 0x00, 0x00, 0x00, 0x00, 0x00, 0x00, 0x00,
    0x0b, 0xff, 0xf0, 0x00, 0x00, 0x00, 0x00, 0x5f,
    0xff, 0xb0, 0x00, 0x00, 0x00, 0x00, 0x00, 0x00,
    0x00, 0x00, 0x00, 0xbf, 0xff, 0x00, 0x00, 0x00,
    0x00, 0x02, 0xff, 0xfe, 0x00, 0x00, 0x00, 0x00,
    0x00, 0x00, 0x00, 0x00, 0x00, 0x0b, 0xff, 0xf0,
    0x00, 0x00, 0x00, 0x00, 0x0f, 0xff, 0xf1, 0x00,
    0x00, 0x00, 0x00, 0x00, 0x00, 0x00, 0x00, 0x00,
    0xbf, 0xff, 0x00, 0x00, 0x00, 0x00, 0x00, 0xbf,
    0xff, 0x50, 0x00, 0x00, 0x00, 0x00, 0x00, 0x00,
    0x00, 0x00, 0x0b, 0xff, 0xf0, 0x00, 0x00, 0x00,
    0x00, 0x07, 0xff, 0xfa, 0x00, 0x00, 0x00, 0x00,
    0x00, 0x00, 0x00, 0x00, 0x00, 0xbf, 0xff, 0x00,
    0x00, 0x00, 0x00, 0x00, 0x3f, 0xff, 0xe0, 0x00,
    0x00, 0x08, 0x20, 0x00, 0x00, 0x00, 0x00, 0x0b,
    0xff, 0xf0, 0x00, 0x00, 0x00, 0x00, 0x00, 0xef,
    0xff, 0x40, 0x00, 0x00, 0xcf, 0x70, 0x00, 0x00,
    0x00, 0x00, 0xbf, 0xff, 0x00, 0x00, 0x00, 0x36,
    0x00, 0x09, 0xff, 0xfa, 0x00, 0x00, 0x0d, 0xff,
    0x90, 0x00, 0x00, 0x00, 0x0b, 0xff, 0xf1, 0x47,
    0xad, 0xff, 0xf1, 0x00, 0x3f, 0xff, 0xf1, 0x00,
    0x00, 0xff, 0xf8, 0x00, 0x00, 0x00, 0x02, 0xcf,
    0xff, 0xff, 0xff, 0xff, 0xff, 0x20, 0x00, 0xdf,
    0xff, 0x90, 0x00, 0x1f, 0xff, 0x60, 0x03, 0x69,
    0xcf, 0xff, 0xff, 0xff, 0xff, 0xff, 0xff, 0xf2,
    0x00, 0x06, 0xff, 0xff, 0x40, 0x04, 0xff, 0xf3,
    0x8f, 0xff, 0xff, 0xff, 0xff, 0xff, 0xff, 0xfe,
    0xa7, 0x30, 0x00, 0x00, 0x0d, 0xff, 0xfe, 0x50,
    0xaf, 0xff, 0x05, 0xff, 0xff, 0xff, 0xff, 0xfe,
    0xb8, 0x41, 0x00, 0x00, 0x00, 0x00, 0x00, 0x4f,
    0xff, 0xff, 0xff, 0xff, 0xb0, 0x1f, 0xff, 0xff,
    0xb8, 0x51, 0x00, 0x00, 0x00, 0x00, 0x00, 0x00,
    0x00, 0x00, 0x8f, 0xff, 0xff, 0xff, 0xf5, 0x00,
    0x99, 0x52, 0x00, 0x00, 0x00, 0x00, 0x00, 0x00,
    0x00, 0x00, 0x00, 0x00, 0x00, 0x8f, 0xff, 0xff,
    0xfc, 0x00, 0x00, 0x00, 0x00, 0x00, 0x00, 0x00,
    0x00, 0x00, 0x00, 0x00, 0x00, 0x00, 0x00, 0x00,
    0x4b, 0xef, 0xd8, 0x00, 0x00,

    /* U+5F62 "形" */
    0x00, 0x00, 0x00, 0x00, 0x00, 0x00, 0x00, 0x00,
    0x00, 0x00, 0x00, 0x00, 0x00, 0x00, 0x00, 0x00,
    0x10, 0x00, 0x00, 0x00, 0x00, 0x00, 0x00, 0x00,
    0x00, 0x00, 0x00, 0x00, 0x00, 0x00, 0x00, 0x00,
    0x00, 0x00, 0x00, 0x1e, 0xe8, 0x10, 0x00, 0x06,
    0x77, 0x77, 0x77, 0x77, 0x77, 0x77, 0x77, 0x77,
    0x77, 0x77, 0x10, 0x00, 0x00, 0x00, 0x0c, 0xff,
    0xfd, 0x00, 0x00, 0xdf, 0xff, 0xff, 0xff, 0xff,
    0xff, 0xff, 0xff, 0xff, 0xff, 0xf2, 0x00, 0x00,
    0x00, 0x1c, 0xff, 0xff, 0x30, 0x00, 0x0d, 0xff,
    0xff, 0xff, 0xff, 0xff, 0xff, 0xff, 0xff, 0xff,
    0xff, 0x20, 0x00, 0x00, 0x2d, 0xff, 0xff, 0x40,
    0x00, 0x00, 0xdf, 0xff, 0xff, 0xff, 0xff, 0xff,
    0xff, 0xff, 0xff, 0xff, 0xf2, 0x00, 0x00, 0x4e,
    0xff, 0xff, 0x40, 0x00, 0x00, 0x00, 0x00, 0x08,
    0xff, 0xf1, 0x00, 0x00, 0x3f, 0xff, 0x90, 0x00,
    0x00, 0x00, 0x8f, 0xff, 0xff, 0x40, 0x00, 0x00,
    0x00, 0x00, 0x00, 0x8f, 0xff, 0x00, 0x00, 0x02,
    0xff, 0xf9, 0x00, 0x00, 0x02, 0xcf, 0xff, 0xfe,
    0x30, 0x00, 0x00, 0x00, 0x00, 0x00, 0x08, 0xff,
    0xf0, 0x00, 0x00, 0x2f, 0xff, 0x90, 0x00, 0x19,
    0xff, 0xff, 0xfc, 0x10, 0x00, 0x00, 0x00, 0x00,
    0x00, 0x00, 0x8f, 0xff, 0x00, 0x00, 0x02, 0xff,
    0xf9, 0x00, 0x0a, 0xff, 0xff, 0xf9, 0x00, 0x00,
    0x00, 0x00, 0x00, 0x00, 0x00, 0x08, 0xff, 0xf0,
    0x00, 0x00, 0x2f, 0xff, 0x90, 0x00, 0x0a, 0xff,
    0xe4, 0x00, 0x00, 0x00, 0x00, 0x00, 0x00, 0x00,
    0x00, 0x8f, 0xff, 0x00, 0x00, 0x02, 0xff, 0xf9,
    0x00, 0x00, 0x0a, 0x80, 0x00, 0x00, 0x00, 0x00,
    0x00, 0x00, 0x00, 0x00, 0x08, 0xff, 0xf0, 0x00,
    0x00, 0x2f, 0xff, 0x90, 0x00, 0x00, 0x00, 0x00,
    0x00, 0x00, 0x0b, 0xa4, 0x00, 0x00, 0x00, 0x00,
    0x8f, 0xff, 0x00, 0x00, 0x02, 0xff, 0xf9, 0x00,
    0x00, 0x00, 0x00, 0x00, 0x00, 0x09, 0xff, 0xfc,
    0x00, 0x00, 0x00, 0x08, 0xff, 0xf0, 0x00, 0x00,
    0x2f, 0xff, 0x90, 0x00, 0x00, 0x00, 0x00, 0x00,
    0x08, 0xff, 0xff, 0x30, 0x00, 0x00, 0x00, 0x8f,
    0xff, 0x10, 0x00, 0x03, 0xff, 0xf9, 0x00, 0x00,
    0x00, 0x00, 0x00, 0x09, 0xff, 0xff, 0x50, 0x00,
    0x8f, 0xff, 0xff, 0xff, 0xff, 0xff, 0xff, 0xff,
    0xff, 0xff, 0xff, 0xb0, 0x00, 0x00, 0x0b, 0xff,
    0xff, 0x50, 0x00, 0x08, 0xff, 0xff, 0xff, 0xff,
    0xff, 0xff, 0xff, 0xff, 0xff, 0xff, 0xfb, 0x00,
    0x00, 0x2d, 0xff, 0xff, 0x50, 0x00, 0x00, 0x8f,
    0xff, 0xff, 0xff, 0xff, 0xff, 0xff, 0xff, 0xff,
    0xff, 0xff, 0xb0, 0x00, 0x6f, 0xff, 0xff, 0x40,
    0x00, 0x00, 0x03, 0x77, 0x77, 0xcf, 0xff, 0x77,
    0x77, 0x78, 0xff, 0xfc, 0x77, 0x75, 0x02, 0xcf,
    0xff, 0xfe, 0x20, 0x00, 0x00, 0x00, 0x00, 0x00,
    0x0a, 0xff, 0xe0, 0x00, 0x00, 0x2f, 0xff, 0x90,
    0x00, 0x18, 0xff, 0xff, 0xfb, 0x10, 0x00, 0x00,
    0x00, 0x00, 0x00, 0x00, 0xbf, 0xfd, 0x00, 0x00,
    0x02, 0xff, 0xf9, 0x00, 0x02, 0xdf, 0xff, 0xf7,
    0x00, 0x00, 0x00, 0x00, 0x00, 0x00, 0x00, 0x0d,
    0xff, 0xc0, 0x00, 0x00, 0x2f, 0xff, 0x90, 0x00,
    0x01, 0xcf, 0xc2, 0x00, 0x00, 0x00, 0x20, 0x00,
    0x00, 0x00, 0x00, 0xef, 0xfb, 0x00, 0x00, 0x02,
    0xff, 0xf9, 0x00, 0x00, 0x01, 0x60, 0x00, 0x00,
    0x00, 0x1f, 0xe8, 0x20, 0x00, 0x00, 0x1f, 0xff,
    0x90, 0x00, 0x00, 0x2f, 0xff, 0x90, 0x00, 0x00,
    0x00, 0x00, 0x00, 0x00, 0x0c, 0xff, 0xfc, 0x00,
    0x00, 0x04, 0xff, 0xf7, 0x00, 0x00, 0x02, 0xff,
    0xf9, 0x00, 0x00, 0x00, 0x00, 0x00, 0x00, 0x09,
    0xff, 0xff, 0x20, 0x00, 0x00, 0x7f, 0xff, 0x40,
    0x00, 0x00, 0x2f, 0xff, 0x90, 0x00, 0x00, 0x00,
    0x00, 0x00, 0x07, 0xff, 0xff, 0x50, 0x00, 0x00,
    0x0c, 0xff, 0xf1, 0x00, 0x00, 0x02, 0xff, 0xf9,
    0x00, 0x00, 0x00, 0x00, 0x00, 0x07, 0xff, 0xff,
    0x80, 0x00, 0x00, 0x01, 0xff, 0xfc, 0x00, 0x00,
    0x00, 0x2f, 0xff, 0x90, 0x00, 0x00, 0x00, 0x00,
    0x08, 0xff, 0xff, 0xa0, 0x00, 0x00, 0x00, 0x6f,
    0xff, 0x80, 0x00, 0x00, 0x02, 0xff, 0xf9, 0x00,
    0x00, 0x00, 0x00, 0x1b, 0xff, 0xff, 0xb0, 0x00,
    0x00, 0x00, 0x0d, 0xff, 0xf2, 0x00, 0x00, 0x00,
    0x2f, 0xff, 0x90, 0x00, 0x00, 0x00, 0x4e, 0xff,
    0xff, 0xa0, 0x00, 0x00, 0x00, 0x06, 0xff, 0xfc,
    0x00, 0x00, 0x00, 0x02, 0xff, 0xf9, 0x00, 0x00,
    0x01, 0x9f, 0xff, 0xff, 0x80, 0x00, 0x00, 0x00,
    0x01, 0xef, 0xff, 0x50, 0x00, 0x00, 0x00, 0x2f,
    0xff, 0x90, 0x00, 0x07, 0xef, 0xff, 0xff, 0x50,
    0x00, 0x00, 0x00, 0x00, 0xbf, 0xff, 0xc0, 0x00,
    0x00, 0x00, 0x02, 0xff, 0xf9, 0x00, 0x7e, 0xff,
    0xff, 0xfd, 0x20, 0x00, 0x00, 0x00, 0x00, 0x8f,
    0xff, 0xf3, 0x00, 0x00, 0x00, 0x00, 0x2f, 0xff,
    0x90, 0x2e, 0xff, 0xff, 0xf8, 0x00, 0x00, 0x00,
    0x00, 0x00, 0x01, 0xcf, 0xf8, 0x00, 0x00, 0x00,
    0x00, 0x02, 0xff, 0xf9, 0x00, 0x2e, 0xff, 0xb2,
    0x00, 0x00, 0x00, 0x00, 0x00, 0x00, 0x00, 0xbb,
    0x00, 0x00, 0x00, 0x00, 0x00, 0x2f, 0xff, 0x90,
    0x00, 0x4c, 0x40, 0x00, 0x00, 0x00, 0x00, 0x00,
    0x00, 0x00, 0x00, 0x00, 0x00, 0x00, 0x00, 0x00,
    0x00, 0x00, 0x00, 0x00, 0x00, 0x00, 0x00, 0x00,
    0x00, 0x00, 0x00, 0x00, 0x00,

    /* U+6062 "恢" */
    0x00, 0x00, 0x00, 0x11, 0x10, 0x00, 0x00, 0x00,
    0x00, 0x01, 0x00, 0x00, 0x00, 0x00, 0x00, 0x00,
    0x00, 0x00, 0x00, 0x00, 0x00, 0x09, 0xff, 0xe0,
    0x00, 0x00, 0x00, 0x00, 0x4f, 0xfe, 0x30, 0x00,
    0x00, 0x00, 0x00, 0x00, 0x00, 0x00, 0x00, 0x00,
    0x09, 0xff, 0xe0, 0x00, 0x00, 0x00, 0x00, 0x6f,
    0xff, 0x20, 0x00, 0x00, 0x00, 0x00, 0x00, 0x00,
    0x00, 0x00, 0x00, 0x09, 0xff, 0xe0, 0x00, 0x00,
    0x00, 0x00, 0x7f, 0xff, 0x00, 0x00, 0x00, 0x00,
    0x00, 0x00, 0x00, 0x00, 0x00, 0x00, 0x09, 0xff,
    0xe0, 0x00, 0x00, 0x00, 0x00, 0x9f, 0xff, 0x00,
    0x00, 0x00, 0x00, 0x00, 0x00, 0x00, 0x00, 0x00,
    0x00, 0x09, 0xff, 0xe0, 0x00, 0x00, 0x00, 0x00,
    0xbf, 0xfd, 0x00, 0x00, 0x00, 0x00, 0x00, 0x00,
    0x00, 0x00, 0x00, 0x00, 0x09, 0xff, 0xe0, 0x00,
    0x00, 0x00, 0x00, 0xdf, 0xfb, 0x00, 0x00, 0x00,
    0x00, 0x00, 0x00, 0x00, 0x00, 0x00, 0x00, 0x09,
    0xff, 0xe0, 0x01, 0x0f, 0xff, 0xff, 0xff, 0xff,
    0xff, 0xff, 0xff, 0xff, 0xff, 0xff, 0xff, 0xe0,
    0x00, 0x00, 0x09, 0xff, 0xfa, 0xfb, 0x0f, 0xff,
    0xff, 0xff, 0xff, 0xff, 0xff, 0xff, 0xff, 0xff,
    0xff, 0xff, 0xe0, 0x00, 0xde, 0xb9, 0xff, 0xfe,
    0xff, 0x2f, 0xff, 0xff, 0xff, 0xff, 0xff, 0xff,
    0xff, 0xff, 0xff, 0xff, 0xff, 0xe0, 0x00, 0xef,
    0xe9, 0xff, 0xe8, 0xff, 0x96, 0x66, 0x6a, 0xff,
    0xf7, 0x66, 0x66, 0x66, 0x66, 0x66, 0x66, 0x66,
    0x60, 0x00, 0xff, 0xd9, 0xff, 0xe2, 0xff, 0xe0,
    0x00, 0x09, 0xff, 0xf0, 0x00, 0x00, 0x03, 0x32,
    0x00, 0x00, 0x00, 0x00, 0x02, 0xff, 0xc9, 0xff,
    0xe0, 0xdf, 0xf3, 0x00, 0x0c, 0xff, 0xc0, 0x00,
    0x00, 0x0f, 0xff, 0x20, 0x00, 0x00, 0x00, 0x04,
    0xff, 0xa9, 0xff, 0xe0, 0x8f, 0xf8, 0x00, 0x0f,
    0xff, 0x90, 0x00, 0x00, 0x0f, 0xff, 0x10, 0x00,
    0x00, 0x00, 0x06, 0xff, 0x89, 0xff, 0xe0, 0x4f,
    0xfc, 0x00, 0x2f, 0xff, 0x60, 0x00, 0x00, 0x1f,
    0xff, 0x00, 0x00, 0x00, 0x00, 0x0a, 0xff, 0x59,
    0xff, 0xe0, 0x1f, 0xf9, 0x00, 0x6f, 0xff, 0x20,
    0x65, 0x30, 0x2f, 0xff, 0x00, 0x07, 0x95, 0x10,
    0x0d, 0xff, 0x29, 0xff, 0xe0, 0x06, 0x10, 0x00,
    0xaf, 0xfe, 0x00, 0xdf, 0xf0, 0x3f, 0xfe, 0x00,
    0x0c, 0xff, 0x40, 0x1f, 0xff, 0x09, 0xff, 0xe0,
    0x00, 0x00, 0x00, 0xef, 0xfb, 0x00, 0xff, 0xd0,
    0x5f, 0xfd, 0x00, 0x0f, 0xff, 0x00, 0x6f, 0xfb,
    0x09, 0xff, 0xe0, 0x00, 0x00, 0x02, 0xff, 0xf6,
    0x03, 0xff, 0xa0, 0x6f, 0xfb, 0x00, 0x4f, 0xfc,
    0x00, 0x3a, 0xf6, 0x09, 0xff, 0xe0, 0x00, 0x00,
    0x07, 0xff, 0xf2, 0x07, 0xff, 0x60, 0x8f, 0xf9,
    0x00, 0x8f, 0xf8, 0x00, 0x00, 0x10, 0x09, 0xff,
    0xe0, 0x00, 0x00, 0x0c, 0xff, 0xd0, 0x0b, 0xff,
    0x20, 0xbf, 0xf7, 0x00, 0xdf, 0xf3, 0x00, 0x00,
    0x00, 0x09, 0xff, 0xe0, 0x00, 0x00, 0x2f, 0xff,
    0x80, 0x0f, 0xfe, 0x00, 0xdf, 0xf5, 0x02, 0xff,
    0xe0, 0x00, 0x00, 0x00, 0x09, 0xff, 0xe0, 0x00,
    0x00, 0x8f, 0xff, 0x20, 0x5f, 0xf9, 0x00, 0xff,
    0xf3, 0x08, 0xff, 0x90, 0x00, 0x00, 0x00, 0x09,
    0xff, 0xe0, 0x00, 0x00, 0xef, 0xfd, 0x00, 0xcf,
    0xf3, 0x04, 0xff, 0xf0, 0x0e, 0xff, 0x40, 0x00,
    0x00, 0x00, 0x09, 0xff, 0xe0, 0x00, 0x06, 0xff,
    0xf7, 0x01, 0xef, 0xd0, 0x08, 0xff, 0xf2, 0x4f,
    0xfd, 0x00, 0x00, 0x00, 0x00, 0x09, 0xff, 0xe0,
    0x00, 0x0e, 0xff, 0xf1, 0x00, 0x1a, 0x50, 0x0d,
    0xff, 0xf7, 0x01, 0x76, 0x00, 0x00, 0x00, 0x00,
    0x09, 0xff, 0xe0, 0x00, 0x8f, 0xff, 0x80, 0x00,
    0x00, 0x00, 0x2f, 0xff, 0xfd, 0x00, 0x00, 0x00,
    0x00, 0x00, 0x00, 0x09, 0xff, 0xe0, 0x03, 0xff,
    0xff, 0x10, 0x00, 0x00, 0x00, 0x9f, 0xff, 0xff,
    0x50, 0x00, 0x00, 0x00, 0x00, 0x00, 0x09, 0xff,
    0xe0, 0x0d, 0xff, 0xf7, 0x00, 0x00, 0x00, 0x01,
    0xff, 0xff, 0xff, 0xd0, 0x00, 0x00, 0x00, 0x00,
    0x00, 0x09, 0xff, 0xe0, 0xaf, 0xff, 0xd0, 0x00,
    0x00, 0x00, 0x0a, 0xff, 0xf4, 0xff, 0xf7, 0x00,
    0x00, 0x00, 0x00, 0x00, 0x09, 0xff, 0xe0, 0x2e,
    0xff, 0x30, 0x00, 0x00, 0x00, 0x6f, 0xff, 0xb0,
    0x8f, 0xff, 0x20, 0x00, 0x00, 0x00, 0x00, 0x09,
    0xff, 0xe0, 0x02, 0xd7, 0x00, 0x00, 0x00, 0x04,
    0xff, 0xff, 0x20, 0x1e, 0xff, 0xd1, 0x00, 0x00,
    0x00, 0x00, 0x09, 0xff, 0xe0, 0x00, 0x10, 0x00,
    0x00, 0x00, 0x5f, 0xff, 0xf8, 0x00, 0x06, 0xff,
    0xfc, 0x10, 0x00, 0x00, 0x00, 0x09, 0xff, 0xe0,
    0x00, 0x00, 0x00, 0x00, 0x1a, 0xff, 0xff, 0xb0,
    0x00, 0x00, 0xbf, 0xff, 0xd3, 0x00, 0x00, 0x00,
    0x09, 0xff, 0xe0, 0x00, 0x00, 0x00, 0x28, 0xff,
    0xff, 0xfc, 0x00, 0x00, 0x00, 0x1d, 0xff, 0xff,
    0x81, 0x00, 0x00, 0x09, 0xff, 0xe0, 0x00, 0x00,
    0x00, 0xcf, 0xff, 0xff, 0xa0, 0x00, 0x00, 0x00,
    0x01, 0xdf, 0xff, 0xe3, 0x00, 0x00, 0x09, 0xff,
    0xe0, 0x00, 0x00, 0x00, 0x2f, 0xff, 0xe5, 0x00,
    0x00, 0x00, 0x00, 0x00, 0x1b, 0xff, 0x40, 0x00,
    0x00, 0x09, 0xff, 0xe0, 0x00, 0x00, 0x00, 0x06,
    0xe7, 0x00, 0x00, 0x00, 0x00, 0x00, 0x00, 0x00,
    0x67, 0x00, 0x00, 0x00, 0x00, 0x00, 0x00, 0x00,
    0x00, 0x00, 0x00, 0x00, 0x00, 0x00, 0x00, 0x00,
    0x00, 0x00, 0x00, 0x00, 0x00,

    /* U+6270 "扰" */
    0x00, 0x00, 0x00, 0xcc, 0xc7, 0x00, 0x00, 0x00,
    0x00, 0x00, 0x09, 0xaa, 0x80, 0x00, 0x00, 0x00,
    0x00, 0x00, 0x00, 0x00, 0x00, 0x01, 0xff, 0xf9,
    0x00, 0x00, 0x00, 0x00, 0x00, 0x0f, 0xff, 0xd0,
    0x00, 0x08, 0xb0, 0x00, 0x00, 0x00, 0x00, 0x00,
    0x01, 0xff, 0xf9, 0x00, 0x00, 0x00, 0x00, 0x00,
    0x0f, 0xff, 0xc0, 0x02, 0xcf, 0xfb, 0x00, 0x00,
    0x00, 0x00, 0x00, 0x01, 0xff, 0xf9, 0x00, 0x00,
    0x00, 0x00, 0x00, 0x0f, 0xff, 0xc0, 0x00, 0xcf,
    0xff, 0xb0, 0x00, 0x00, 0x00, 0x00, 0x01, 0xff,
    0xf9, 0x00, 0x00, 0x00, 0x00, 0x00, 0x0f, 0xff,
    0xc0, 0x00, 0x0c, 0xff, 0xfa, 0x00, 0x00, 0x00,
    0x00, 0x01, 0xff, 0xf9, 0x00, 0x00, 0x00, 0x00,
    0x00, 0x0f, 0xff, 0xb0, 0x00, 0x01, 0xdf, 0xff,
    0x80, 0x00, 0x00, 0x00, 0x01, 0xff, 0xf9, 0x00,
    0x00, 0x00, 0x00, 0x00, 0x0f, 0xff, 0xb0, 0x00,
    0x00, 0x2f, 0xff, 0xf5, 0x00, 0x00, 0x00, 0x01,
    0xff, 0xf9, 0x00, 0x00, 0x00, 0x00, 0x00, 0x1f,
    0xff, 0xa0, 0x00, 0x00, 0x04, 0xff, 0xb1, 0x00,
    0x5f, 0xff, 0xff, 0xff, 0xff, 0xff, 0xff, 0x00,
    0x00, 0x00, 0x1f, 0xff, 0xa0, 0x00, 0x00, 0x00,
    0x87, 0x00, 0x00, 0x5f, 0xff, 0xff, 0xff, 0xff,
    0xff, 0xff, 0x18, 0x88, 0x88, 0x9f, 0xff, 0xd8,
    0x88, 0x88, 0x88, 0x88, 0x88, 0x81, 0x5f, 0xff,
    0xff, 0xff, 0xff, 0xff, 0xff, 0x2f, 0xff, 0xff,
    0xff, 0xff, 0xff, 0xff, 0xff, 0xff, 0xff, 0xff,
    0xf3, 0x38, 0x88, 0x89, 0xff, 0xfd, 0x88, 0x88,
    0x2f, 0xff, 0xff, 0xff, 0xff, 0xff, 0xff, 0xff,
    0xff, 0xff, 0xff, 0xf3, 0x00, 0x00, 0x01, 0xff,
    0xf9, 0x00, 0x00, 0x2f, 0xff, 0xff, 0xff, 0xff,
    0xff, 0xff, 0xff, 0xff, 0xff, 0xff, 0xf3, 0x00,
    0x00, 0x01, 0xff, 0xf9, 0x00, 0x00, 0x00, 0x00,
    0x00, 0x7f, 0xff, 0x50, 0x00, 0x00, 0x00, 0x00,
    0x00, 0x00, 0x00, 0x00, 0x01, 0xff, 0xf9, 0x00,
    0x00, 0x00, 0x00, 0x00, 0x8f, 0xff, 0x30, 0x00,
    0x00, 0x00, 0x00, 0x00, 0x00, 0x00, 0x00, 0x01,
    0xff, 0xf9, 0x00, 0x00, 0x00, 0x00, 0x00, 0xaf,
    0xff, 0x22, 0x22, 0x00, 0x00, 0x00, 0x00, 0x00,
    0x00, 0x00, 0x01, 0xff, 0xf9, 0x00, 0x00, 0x00,
    0x00, 0x00, 0xcf, 0xff, 0x5f, 0xff, 0x60, 0x00,
    0x00, 0x00, 0x00, 0x00, 0x00, 0x01, 0xff, 0xf9,
    0x00, 0x16, 0x40, 0x00, 0x00, 0xef, 0xfd, 0x5f,
    0xff, 0x60, 0x00, 0x00, 0x00, 0x00, 0x00, 0x00,
    0x01, 0xff, 0xfc, 0x8d, 0xff, 0xa0, 0x00, 0x01,
    0xff, 0xfa, 0x5f, 0xff, 0x60, 0x00, 0x00, 0x00,
    0x00, 0x00, 0x00, 0x04, 0xff, 0xff, 0xff, 0xff,
    0xc0, 0x00, 0x05, 0xff, 0xf7, 0x5f, 0xff, 0x60,
    0x00, 0x00, 0x00, 0x00, 0x03, 0x7b, 0xff, 0xff,
    0xff, 0xff, 0xff, 0xe0, 0x00, 0x08, 0xff, 0xf4,
    0x5f, 0xff, 0x60, 0x00, 0x00, 0x00, 0x00, 0x9f,
    0xff, 0xff, 0xff, 0xff, 0xfd, 0x94, 0x00, 0x00,
    0x0c, 0xff, 0xf0, 0x5f, 0xff, 0x60, 0x00, 0x00,
    0x00, 0x00, 0x4f, 0xff, 0xff, 0xff, 0xfc, 0x20,
    0x00, 0x00, 0x00, 0x1f, 0xff, 0xc0, 0x5f, 0xff,
    0x60, 0x00, 0x00, 0x00, 0x00, 0x0f, 0xff, 0xd9,
    0xff, 0xf9, 0x00, 0x00, 0x00, 0x00, 0x5f, 0xff,
    0x80, 0x5f, 0xff, 0x60, 0x00, 0x00, 0x00, 0x00,
    0x07, 0x61, 0x01, 0xff, 0xf9, 0x00, 0x00, 0x00,
    0x00, 0xbf, 0xff, 0x30, 0x5f, 0xff, 0x60, 0x00,
    0x00, 0x00, 0x00, 0x00, 0x00, 0x01, 0xff, 0xf9,
    0x00, 0x00, 0x00, 0x01, 0xff, 0xfe, 0x00, 0x5f,
    0xff, 0x60, 0x00, 0x00, 0x00, 0x00, 0x00, 0x00,
    0x01, 0xff, 0xf9, 0x00, 0x00, 0x00, 0x08, 0xff,
    0xf8, 0x00, 0x5f, 0xff, 0x60, 0x00, 0x00, 0x00,
    0x00, 0x00, 0x00, 0x01, 0xff, 0xf9, 0x00, 0x00,
    0x00, 0x0e, 0xff, 0xf2, 0x00, 0x5f, 0xff, 0x60,
    0x00, 0x00, 0x6b, 0x30, 0x00, 0x00, 0x01, 0xff,
    0xf9, 0x00, 0x00, 0x00, 0x8f, 0xff, 0xb0, 0x00,
    0x5f, 0xff, 0x60, 0x00, 0x00, 0x7f, 0xfc, 0x00,
    0x00, 0x01, 0xff, 0xf9, 0x00, 0x00, 0x02, 0xff,
    0xff, 0x30, 0x00, 0x5f, 0xff, 0x60, 0x00, 0x00,
    0x8f, 0xfe, 0x00, 0x00, 0x01, 0xff, 0xf9, 0x00,
    0x00, 0x0c, 0xff, 0xfa, 0x00, 0x00, 0x5f, 0xff,
    0x60, 0x00, 0x00, 0x9f, 0xfc, 0x00, 0x00, 0x01,
    0xff, 0xf9, 0x00, 0x00, 0x8f, 0xff, 0xf2, 0x00,
    0x00, 0x5f, 0xff, 0x60, 0x00, 0x00, 0xbf, 0xfa,
    0x00, 0x00, 0x01, 0xff, 0xf9, 0x00, 0x07, 0xff,
    0xff, 0x70, 0x00, 0x00, 0x4f, 0xff, 0x91, 0x00,
    0x02, 0xff, 0xf8, 0x05, 0x66, 0x69, 0xff, 0xf9,
    0x00, 0x7f, 0xff, 0xfb, 0x00, 0x00, 0x00, 0x2f,
    0xff, 0xff, 0xff, 0xff, 0xff, 0xf4, 0x06, 0xff,
    0xff, 0xff, 0xf6, 0x03, 0xff, 0xff, 0xd1, 0x00,
    0x00, 0x00, 0x0e, 0xff, 0xff, 0xff, 0xff, 0xff,
    0xe0, 0x01, 0xff, 0xff, 0xff, 0xe1, 0x00, 0x3e,
    0xfd, 0x10, 0x00, 0x00, 0x00, 0x04, 0xff, 0xff,
    0xff, 0xff, 0xff, 0x40, 0x00, 0xdf, 0xfe, 0xc8,
    0x10, 0x00, 0x02, 0xb1, 0x00, 0x00, 0x00, 0x00,
    0x00, 0x15, 0x77, 0x77, 0x77, 0x61, 0x00,

    /* U+62A5 "报" */
    0x00, 0x00, 0x00, 0xac, 0xcb, 0x00, 0x00, 0x00,
    0x00, 0x00, 0x00, 0x00, 0x00, 0x00, 0x00, 0x00,
    0x00, 0x00, 0x00, 0x00, 0x00, 0x00, 0xef, 0xff,
    0x00, 0x00, 0x04, 0x77, 0x77, 0x77, 0x77, 0x77,
    0x77, 0x77, 0x78, 0x77, 0x70, 0x00, 0x00, 0x00,
    0x00, 0xef, 0xff, 0x00, 0x00, 0x08, 0xff, 0xff,
    0xff, 0xff, 0xff, 0xff, 0xff, 0xff, 0xff, 0xf0,
    0x00, 0x00, 0x00, 0x00, 0xef, 0xff, 0x00, 0x00,
    0x08, 0xff, 0xff, 0xff, 0xff, 0xff, 0xff, 0xff,
    0xff, 0xff, 0xe0, 0x00, 0x00, 0x00, 0x00, 0xef,
    0xff, 0x00, 0x00, 0x08, 0xff, 0xff, 0xff, 0xff,
    0xff, 0xff, 0xff, 0xff, 0xff, 0xe0, 0x00, 0x00,
    0x00, 0x00, 0xef, 0xff, 0x00, 0x00, 0x08, 0xff,
    0xf4, 0x00, 0x00, 0x00, 0x00, 0x00, 0x0f, 0xff,
    0xd0, 0x00, 0x00, 0x00, 0x00, 0xef, 0xff, 0x00,
    0x00, 0x08, 0xff, 0xf3, 0x00, 0x00, 0x00, 0x00,
    0x00, 0x0f, 0xff, 0xc0, 0x00, 0x00, 0x00, 0x00,
    0xef, 0xff, 0x00, 0x00, 0x08, 0xff, 0xf3, 0x00,
    0x00, 0x00, 0x00, 0x00, 0x2f, 0xff, 0xb0, 0x00,
    0x4f, 0xff, 0xff, 0xff, 0xff, 0xff, 0xff, 0x38,
    0xff, 0xf3, 0x00, 0x00, 0x00, 0x00, 0x00, 0x4f,
    0xff, 0x90, 0x00, 0x4f, 0xff, 0xff, 0xff, 0xff,
    0xff, 0xff, 0x38, 0xff, 0xf3, 0x00, 0x00, 0x00,
    0x00, 0x00, 0x9f, 0xff, 0x60, 0x00, 0x4f, 0xff,
    0xff, 0xff, 0xff, 0xff, 0xff, 0x38, 0xff, 0xf3,
    0x00, 0x0d, 0xff, 0xee, 0xde, 0xff, 0xff, 0x20,
    0x00, 0x29, 0x99, 0x99, 0xff, 0xff, 0x99, 0x99,
    0x18, 0xff, 0xf3, 0x00, 0x08, 0xff, 0xff, 0xff,
    0xff, 0xfb, 0x00, 0x00, 0x00, 0x00, 0x00, 0xef,
    0xff, 0x00, 0x00, 0x08, 0xff, 0xf3, 0x00, 0x04,
    0xff, 0xff, 0xff, 0xfe, 0x91, 0x00, 0x00, 0x00,
    0x00, 0x00, 0xef, 0xff, 0x00, 0x00, 0x08, 0xff,
    0xf3, 0x00, 0x00, 0x01, 0x22, 0x22, 0x00, 0x00,
    0x00, 0x00, 0x00, 0x00, 0x00, 0xef, 0xff, 0x00,
    0x00, 0x08, 0xff, 0xf3, 0x00, 0x00, 0x00, 0x00,
    0x00, 0x00, 0x00, 0x00, 0x00, 0x00, 0x00, 0x00,
    0xef, 0xff, 0x00, 0x00, 0x08, 0xff, 0xf9, 0x77,
    0x77, 0x77, 0x77, 0x77, 0x77, 0x78, 0x50, 0x00,
    0x00, 0x00, 0x00, 0xef, 0xff, 0x00, 0x00, 0x08,
    0xff, 0xff, 0xff, 0xff, 0xff, 0xff, 0xff, 0xff,
    0xff, 0xff, 0x00, 0x00, 0x00, 0x00, 0xef, 0xff,
    0x00, 0x04, 0x08, 0xff, 0xff, 0xff, 0xff, 0xff,
    0xff, 0xff, 0xff, 0xff, 0xfd, 0x00, 0x00, 0x00,
    0x00, 0xef, 0xff, 0x8c, 0xff, 0x38, 0xff, 0xff,
    0xff, 0xff, 0xff, 0xff, 0xff, 0xff, 0xff, 0xfa,
    0x00, 0x00, 0x00, 0x04, 0xff, 0xff, 0xff, 0xff,
    0x48, 0xff, 0xf3, 0xcf, 0xfd, 0x00, 0x00, 0x00,
    0x07, 0xff, 0xf5, 0x00, 0x04, 0x8c, 0xff, 0xff,
    0xff, 0xff, 0xff, 0x68, 0xff, 0xf3, 0x6f, 0xff,
    0x50, 0x00, 0x00, 0x0c, 0xff, 0xf1, 0x00, 0xbf,
    0xff, 0xff, 0xff, 0xff, 0xff, 0xa6, 0x18, 0xff,
    0xf3, 0x0e, 0xff, 0xd0, 0x00, 0x00, 0x2f, 0xff,
    0xb0, 0x00, 0x8f, 0xff, 0xff, 0xff, 0xff, 0x30,
    0x00, 0x08, 0xff, 0xf3, 0x08, 0xff, 0xf5, 0x00,
    0x00, 0x9f, 0xff, 0x50, 0x00, 0x4f, 0xff, 0xea,
    0xff, 0xff, 0x00, 0x00, 0x08, 0xff, 0xf3, 0x01,
    0xff, 0xfe, 0x00, 0x01, 0xff, 0xfe, 0x00, 0x00,
    0x0a, 0x62, 0x00, 0xef, 0xff, 0x00, 0x00, 0x08,
    0xff, 0xf3, 0x00, 0x8f, 0xff, 0x90, 0x09, 0xff,
    0xf8, 0x00, 0x00, 0x00, 0x00, 0x00, 0xef, 0xff,
    0x00, 0x00, 0x08, 0xff, 0xf3, 0x00, 0x0e, 0xff,
    0xf4, 0x2f, 0xff, 0xf1, 0x00, 0x00, 0x00, 0x00,
    0x00, 0xef, 0xff, 0x00, 0x00, 0x08, 0xff, 0xf3,
    0x00, 0x05, 0xff, 0xfe, 0xdf, 0xff, 0x70, 0x00,
    0x00, 0x00, 0x00, 0x00, 0xef, 0xff, 0x00, 0x00,
    0x08, 0xff, 0xf3, 0x00, 0x00, 0xaf, 0xff, 0xff,
    0xfe, 0x00, 0x00, 0x00, 0x00, 0x00, 0x00, 0xef,
    0xff, 0x00, 0x00, 0x08, 0xff, 0xf3, 0x00, 0x00,
    0x1e, 0xff, 0xff, 0xf4, 0x00, 0x00, 0x00, 0x00,
    0x00, 0x00, 0xef, 0xff, 0x00, 0x00, 0x08, 0xff,
    0xf3, 0x00, 0x00, 0x07, 0xff, 0xff, 0xe1, 0x00,
    0x00, 0x00, 0x00, 0x00, 0x00, 0xef, 0xff, 0x00,
    0x00, 0x08, 0xff, 0xf3, 0x00, 0x00, 0x5f, 0xff,
    0xff, 0xfd, 0x20, 0x00, 0x00, 0x00, 0x00, 0x00,
    0xef, 0xff, 0x00, 0x00, 0x08, 0xff, 0xf3, 0x00,
    0x08, 0xff, 0xff, 0xff, 0xff, 0xf6, 0x00, 0x00,
    0x00, 0x00, 0x00, 0xef, 0xff, 0x00, 0x00, 0x08,
    0xff, 0xf3, 0x02, 0xcf, 0xff, 0xfd, 0x8f, 0xff,
    0xff, 0xc3, 0x00, 0x39, 0x99, 0x9a, 0xff, 0xfe,
    0x00, 0x00, 0x08, 0xff, 0xf4, 0x8f, 0xff, 0xff,
    0xc1, 0x06, 0xff, 0xff, 0xff, 0xb2, 0x1f, 0xff,
    0xff, 0xff, 0xfb, 0x00, 0x00, 0x08, 0xff, 0xfd,
    0xff, 0xff, 0xfa, 0x00, 0x00, 0x3e, 0xff, 0xff,
    0xb0, 0x0b, 0xff, 0xff, 0xff, 0xf3, 0x00, 0x00,
    0x08, 0xff, 0xf3, 0xbf, 0xfe, 0x50, 0x00, 0x00,
    0x01, 0x9f, 0xfd, 0x10, 0x06, 0xff, 0xed, 0xc8,
    0x20, 0x00, 0x00, 0x07, 0xee, 0xe3, 0x0d, 0x91,
    0x00, 0x00, 0x00, 0x00, 0x03, 0xb3, 0x00, 0x00,
    0x00, 0x00, 0x00, 0x00, 0x00, 0x00, 0x00, 0x00,
    0x00, 0x00, 0x00, 0x00, 0x00, 0x00, 0x00, 0x00,
    0x00, 0x00,

    /* U+632F "振" */
    0x00, 0x00, 0x08, 0xcc, 0xc0, 0x00, 0x00, 0x00,
    0x00, 0x00, 0x00, 0x00, 0x00, 0x00, 0x00, 0x00,
    0x00, 0x00, 0x00, 0x00, 0x00, 0x0b, 0xff, 0xf0,
    0x00, 0x00, 0x00, 0x01, 0x10, 0x00, 0x00, 0x00,
    0x00, 0x00, 0x00, 0x00, 0x00, 0x00, 0x00, 0x00,
    0x0b, 0xff, 0xf0, 0x00, 0x00, 0x0f, 0xff, 0xff,
    0xff, 0xff, 0xff, 0xff, 0xff, 0xff, 0xff, 0xff,
    0x90, 0x00, 0x00, 0x0b, 0xff, 0xf0, 0x00, 0x00,
    0x0f, 0xff, 0xff, 0xff, 0xff, 0xff, 0xff, 0xff,
    0xff, 0xff, 0xff, 0x90, 0x00, 0x00, 0x0b, 0xff,
    0xf0, 0x00, 0x00, 0x0f, 0xff, 0xff, 0xff, 0xff,
    0xff, 0xff, 0xff, 0xff, 0xff, 0xff, 0x90, 0x00,
    0x00, 0x0b, 0xff, 0xf0, 0x00, 0x00, 0x0f, 0xff,
    0xc6, 0x66, 0x66, 0x66, 0x66, 0x66, 0x66, 0x66,
    0x66, 0x30, 0x00, 0x00, 0x0b, 0xff, 0xf0, 0x00,
    0x00, 0x0f, 0xff, 0x90, 0x00, 0x00, 0x00, 0x00,
    0x00, 0x00, 0x00, 0x00, 0x00, 0x00, 0x00, 0x0b,
    0xff, 0xf0, 0x00, 0x00, 0x0f, 0xff, 0x90, 0x00,
    0x00, 0x00, 0x00, 0x00, 0x00, 0x00, 0x00, 0x00,
    0x0e, 0xee, 0xef, 0xff, 0xfe, 0xee, 0xb0, 0x0f,
    0xff, 0x90, 0x45, 0x55, 0x55, 0x55, 0x55, 0x55,
    0x55, 0x51, 0x00, 0x0f, 0xff, 0xff, 0xff, 0xff,
    0xff, 0xc0, 0x0f, 0xff, 0x90, 0xdf, 0xff, 0xff,
    0xff, 0xff, 0xff, 0xff, 0xf3, 0x00, 0x0f, 0xff,
    0xff, 0xff, 0xff, 0xff, 0xc0, 0x0f, 0xff, 0x90,
    0xdf, 0xff, 0xff, 0xff, 0xff, 0xff, 0xff, 0xf3,
    0x00, 0x0a, 0xaa, 0xae, 0xff, 0xfa, 0xaa, 0x80,
    0x0f, 0xff, 0x90, 0xcf, 0xff, 0xff, 0xff, 0xff,
    0xff, 0xff, 0xf2, 0x00, 0x00, 0x00, 0x0b, 0xff,
    0xf0, 0x00, 0x00, 0x0f, 0xff, 0x90, 0x00, 0x00,
    0x00, 0x00, 0x00, 0x00, 0x00, 0x00, 0x00, 0x00,
    0x00, 0x0b, 0xff, 0xf0, 0x00, 0x00, 0x0f, 0xff,
    0x90, 0x00, 0x00, 0x00, 0x00, 0x00, 0x00, 0x00,
    0x00, 0x00, 0x00, 0x00, 0x0b, 0xff, 0xf0, 0x00,
    0x00, 0x0f, 0xff, 0x90, 0x00, 0x00, 0x00, 0x00,
    0x00, 0x00, 0x00, 0x00, 0x00, 0x00, 0x00, 0x0b,
    0xff, 0xf0, 0x00, 0x00, 0x0f, 0xff, 0xc6, 0x66,
    0x66, 0x66, 0x66, 0x66, 0x66, 0x66, 0x66, 0x60,
    0x00, 0x00, 0x0b, 0xff, 0xf0, 0x00, 0x00, 0x0f,
    0xff, 0xff, 0xff, 0xff, 0xff, 0xff, 0xff, 0xff,
    0xff, 0xff, 0xf1, 0x00, 0x00, 0x0b, 0xff, 0xf0,
    0x00, 0x00, 0x0f, 0xff, 0xff, 0xff, 0xff, 0xff,
    0xff, 0xff, 0xff, 0xff, 0xff, 0xf1, 0x00, 0x00,
    0x0b, 0xff, 0xf0, 0x49, 0xc0, 0x0f, 0xff, 0xfd,
    0xef, 0xff, 0xed, 0xff, 0xfe, 0xdd, 0xdd, 0xdd,
    0xd1, 0x00, 0x00, 0x0b, 0xff, 0xff, 0xff, 0xf0,
    0x1f, 0xff, 0x90, 0x5f, 0xff, 0x30, 0x8f, 0xf6,
    0x00, 0x00, 0x00, 0x00, 0x00, 0x37, 0xbf, 0xff,
    0xff, 0xff, 0xf2, 0x1f, 0xff, 0x80, 0x5f, 0xff,
    0x30, 0x4f, 0xfa, 0x00, 0x00, 0xb3, 0x00, 0x8f,
    0xff, 0xff, 0xff, 0xff, 0xfe, 0x91, 0x2f, 0xff,
    0x80, 0x5f, 0xff, 0x30, 0x0f, 0xff, 0x00, 0x0c,
    0xff, 0x40, 0x7f, 0xff, 0xff, 0xff, 0xf7, 0x30,
    0x00, 0x2f, 0xff, 0x70, 0x5f, 0xff, 0x30, 0x0c,
    0xff, 0x41, 0xcf, 0xff, 0xc0, 0x4f, 0xff, 0xee,
    0xff, 0xf0, 0x00, 0x00, 0x3f, 0xff, 0x60, 0x5f,
    0xff, 0x30, 0x07, 0xff, 0xbd, 0xff, 0xf9, 0x00,
    0x0c, 0x83, 0x0b, 0xff, 0xf0, 0x00, 0x00, 0x4f,
    0xff, 0x50, 0x5f, 0xff, 0x30, 0x02, 0xff, 0xff,
    0xff, 0x60, 0x00, 0x00, 0x00, 0x0b, 0xff, 0xf0,
    0x00, 0x00, 0x6f, 0xff, 0x40, 0x5f, 0xff, 0x30,
    0x00, 0xdf, 0xff, 0xd2, 0x00, 0x00, 0x00, 0x00,
    0x0b, 0xff, 0xf0, 0x00, 0x00, 0x8f, 0xff, 0x20,
    0x5f, 0xff, 0x30, 0x00, 0x7f, 0xff, 0x10, 0x00,
    0x00, 0x00, 0x00, 0x0b, 0xff, 0xf0, 0x00, 0x00,
    0xaf, 0xff, 0x00, 0x5f, 0xff, 0x30, 0x00, 0x1f,
    0xff, 0x80, 0x00, 0x00, 0x00, 0x00, 0x0b, 0xff,
    0xf0, 0x00, 0x00, 0xdf, 0xfd, 0x00, 0x5f, 0xff,
    0x30, 0x00, 0x0a, 0xff, 0xf2, 0x00, 0x00, 0x00,
    0x00, 0x0b, 0xff, 0xf0, 0x00, 0x00, 0xff, 0xfb,
    0x00, 0x5f, 0xff, 0x30, 0x00, 0x02, 0xff, 0xfc,
    0x00, 0x00, 0x00, 0x00, 0x0b, 0xff, 0xf0, 0x00,
    0x04, 0xff, 0xf7, 0x00, 0x5f, 0xff, 0x30, 0x04,
    0xa2, 0xaf, 0xff, 0x90, 0x00, 0x00, 0x00, 0x0b,
    0xff, 0xf0, 0x00, 0x08, 0xff, 0xf4, 0x00, 0x5f,
    0xff, 0x68, 0xef, 0xf5, 0x1f, 0xff, 0xf7, 0x00,
    0x00, 0x00, 0x0b, 0xff, 0xf0, 0x00, 0x0d, 0xff,
    0xf0, 0x00, 0x8f, 0xff, 0xff, 0xff, 0xf7, 0x06,
    0xff, 0xff, 0x90, 0x00, 0x77, 0x7e, 0xff, 0xf0,
    0x00, 0x3f, 0xff, 0xb0, 0x00, 0xdf, 0xff, 0xff,
    0xff, 0x92, 0x00, 0xaf, 0xff, 0xf7, 0x00, 0xdf,
    0xff, 0xff, 0xd0, 0x00, 0xbf, 0xff, 0x50, 0x08,
    0xff, 0xff, 0xfe, 0x71, 0x00, 0x00, 0x0c, 0xff,
    0x80, 0x00, 0x8f, 0xff, 0xff, 0x60, 0x00, 0xaf,
    0xfe, 0x00, 0x02, 0xff, 0xfd, 0x50, 0x00, 0x00,
    0x00, 0x01, 0xca, 0x00, 0x00, 0x4f, 0xfe, 0xb5,
    0x00, 0x00, 0x04, 0xe7, 0x00, 0x00, 0x7d, 0x40,
    0x00, 0x00, 0x00, 0x00, 0x00, 0x00, 0x00, 0x00,
    0x00, 0x00, 0x00, 0x00, 0x00, 0x00, 0x10, 0x00,
    0x00, 0x00, 0x00, 0x00, 0x00, 0x00, 0x00, 0x00,
    0x00, 0x00,

    /* U+6587 "文" */
    0x00, 0x00, 0x00, 0x00, 0x00, 0x00, 0x00, 0x00,
    0x00, 0x00, 0x00, 0x00, 0x00, 0x00, 0x00, 0x00,
    0x00, 0x00, 0x00, 0x00, 0x00, 0x00, 0x00, 0x00,
    0x00, 0x00, 0x00, 0x15, 0xad, 0x10, 0x00, 0x00,
    0x00, 0x00, 0x00, 0x00, 0x00, 0x00, 0x00, 0x00,
    0x00, 0x00, 0x00, 0x00, 0x00, 0x01, 0xff, 0xff,
    0x90, 0x00, 0x00, 0x00, 0x00, 0x00, 0x00, 0x00,
    0x00, 0x00, 0x00, 0x00, 0x00, 0x00, 0x00, 0x00,
    0x00, 0x9f, 0xff, 0xf2, 0x00, 0x00, 0x00, 0x00,
    0x00, 0x00, 0x00, 0x00, 0x00, 0x00, 0x00, 0x00,
    0x00, 0x00, 0x00, 0x00, 0x1f, 0xff, 0xf9, 0x00,
    0x00, 0x00, 0x00, 0x00, 0x00, 0x00, 0x00, 0x00,
    0x00, 0x00, 0x00, 0x00, 0x00, 0x00, 0x00, 0x09,
    0xff, 0xff, 0x10, 0x00, 0x00, 0x00, 0x00, 0x00,
    0x00, 0x00, 0x00, 0x00, 0x00, 0x00, 0x00, 0x00,
    0x00, 0x00, 0x03, 0xff, 0xff, 0x70, 0x00, 0x00,
    0x00, 0x00, 0x00, 0x00, 0x00, 0x00, 0x00, 0x00,
    0x00, 0x00, 0x00, 0x00, 0x00, 0x00, 0xdf, 0xd8,
    0x20, 0x00, 0x00, 0x00, 0x00, 0x00, 0x00, 0x00,
    0x0b, 0xbb, 0xbb, 0xbb, 0xbb, 0xbb, 0xbb, 0xbb,
    0xbb, 0xee, 0xbb, 0xbb, 0xbb, 0xbb, 0xbb, 0xbb,
    0xbb, 0xbb, 0xb3, 0x1f, 0xff, 0xff, 0xff, 0xff,
    0xff, 0xff, 0xff, 0xff, 0xff, 0xff, 0xff, 0xff,
    0xff, 0xff, 0xff, 0xff, 0xff, 0xf4, 0x1f, 0xff,
    0xff, 0xff, 0xff, 0xff, 0xff, 0xff, 0xff, 0xff,
    0xff, 0xff, 0xff, 0xff, 0xff, 0xff, 0xff, 0xff,
    0xf4, 0x1f, 0xff, 0xff, 0xff, 0xff, 0xff, 0xff,
    0xff, 0xff, 0xff, 0xff, 0xff, 0xff, 0xff, 0xff,
    0xff, 0xff, 0xff, 0xf4, 0x00, 0x00, 0x00, 0x09,
    0xff, 0xf4, 0x00, 0x00, 0x00, 0x00, 0x00, 0x00,
    0x00, 0x7f, 0xff, 0xd0, 0x00, 0x00, 0x00, 0x00,
    0x00, 0x00, 0x03, 0xff, 0xfc, 0x00, 0x00, 0x00,
    0x00, 0x00, 0x00, 0x00, 0xdf, 0xff, 0x70, 0x00,
    0x00, 0x00, 0x00, 0x00, 0x00, 0x00, 0xcf, 0xff,
    0x30, 0x00, 0x00, 0x00, 0x00, 0x00, 0x04, 0xff,
    0xff, 0x10, 0x00, 0x00, 0x00, 0x00, 0x00, 0x00,
    0x00, 0x5f, 0xff, 0xb0, 0x00, 0x00, 0x00, 0x00,
    0x00, 0x0b, 0xff, 0xf9, 0x00, 0x00, 0x00, 0x00,
    0x00, 0x00, 0x00, 0x00, 0x0d, 0xff, 0xf4, 0x00,
    0x00, 0x00, 0x00, 0x00, 0x3f, 0xff, 0xf2, 0x00,
    0x00, 0x00, 0x00, 0x00, 0x00, 0x00, 0x00, 0x05,
    0xff, 0xfd, 0x00, 0x00, 0x00, 0x00, 0x00, 0xcf,
    0xff, 0xa0, 0x00, 0x00, 0x00, 0x00, 0x00, 0x00,
    0x00, 0x00, 0x00, 0xcf, 0xff, 0x80, 0x00, 0x00,
    0x00, 0x05, 0xff, 0xff, 0x20, 0x00, 0x00, 0x00,
    0x00, 0x00, 0x00, 0x00, 0x00, 0x00, 0x3f, 0xff,
    0xf3, 0x00, 0x00, 0x00, 0x0e, 0xff, 0xfa, 0x00,
    0x00, 0x00, 0x00, 0x00, 0x00, 0x00, 0x00, 0x00,
    0x00, 0x0a, 0xff, 0xfd, 0x00, 0x00, 0x00, 0x9f,
    0xff, 0xf1, 0x00, 0x00, 0x00, 0x00, 0x00, 0x00,
    0x00, 0x00, 0x00, 0x00, 0x01, 0xef, 0xff, 0xa0,
    0x00, 0x05, 0xff, 0xff, 0x60, 0x00, 0x00, 0x00,
    0x00, 0x00, 0x00, 0x00, 0x00, 0x00, 0x00, 0x00,
    0x5f, 0xff, 0xf7, 0x00, 0x2f, 0xff, 0xfb, 0x00,
    0x00, 0x00, 0x00, 0x00, 0x00, 0x00, 0x00, 0x00,
    0x00, 0x00, 0x00, 0x0a, 0xff, 0xff, 0x51, 0xdf,
    0xff, 0xe1, 0x00, 0x00, 0x00, 0x00, 0x00, 0x00,
    0x00, 0x00, 0x00, 0x00, 0x00, 0x00, 0x00, 0xdf,
    0xff, 0xfe, 0xff, 0xff, 0x40, 0x00, 0x00, 0x00,
    0x00, 0x00, 0x00, 0x00, 0x00, 0x00, 0x00, 0x00,
    0x00, 0x00, 0x2e, 0xff, 0xff, 0xff, 0xf7, 0x00,
    0x00, 0x00, 0x00, 0x00, 0x00, 0x00, 0x00, 0x00,
    0x00, 0x00, 0x00, 0x00, 0x00, 0x03, 0xff, 0xff,
    0xff, 0x90, 0x00, 0x00, 0x00, 0x00, 0x00, 0x00,
    0x00, 0x00, 0x00, 0x00, 0x00, 0x00, 0x00, 0x00,
    0x04, 0xff, 0xff, 0xff, 0xa0, 0x00, 0x00, 0x00,
    0x00, 0x00, 0x00, 0x00, 0x00, 0x00, 0x00, 0x00,
    0x00, 0x00, 0x00, 0x8f, 0xff, 0xff, 0xff, 0xfd,
    0x30, 0x00, 0x00, 0x00, 0x00, 0x00, 0x00, 0x00,
    0x00, 0x00, 0x00, 0x00, 0x00, 0x3d, 0xff, 0xff,
    0xff, 0xff, 0xff, 0xf8, 0x00, 0x00, 0x00, 0x00,
    0x00, 0x00, 0x00, 0x00, 0x00, 0x00, 0x00, 0x2a,
    0xff, 0xff, 0xff, 0x52, 0xdf, 0xff, 0xff, 0xd5,
    0x00, 0x00, 0x00, 0x00, 0x00, 0x00, 0x00, 0x00,
    0x00, 0x29, 0xff, 0xff, 0xff, 0xc2, 0x00, 0x0a,
    0xff, 0xff, 0xff, 0xc4, 0x00, 0x00, 0x00, 0x00,
    0x00, 0x00, 0x00, 0x4a, 0xff, 0xff, 0xff, 0xf7,
    0x00, 0x00, 0x00, 0x5f, 0xff, 0xff, 0xff, 0xd6,
    0x00, 0x00, 0x00, 0x00, 0x02, 0x7d, 0xff, 0xff,
    0xff, 0xfb, 0x20, 0x00, 0x00, 0x00, 0x01, 0xaf,
    0xff, 0xff, 0xff, 0xfa, 0x40, 0x00, 0x38, 0xdf,
    0xff, 0xff, 0xff, 0xfc, 0x40, 0x00, 0x00, 0x00,
    0x00, 0x00, 0x03, 0xcf, 0xff, 0xff, 0xff, 0xff,
    0xb5, 0x3f, 0xff, 0xff, 0xff, 0xfc, 0x40, 0x00,
    0x00, 0x00, 0x00, 0x00, 0x00, 0x00, 0x04, 0xbf,
    0xff, 0xff, 0xff, 0xf3, 0x08, 0xff, 0xff, 0xfa,
    0x30, 0x00, 0x00, 0x00, 0x00, 0x00, 0x00, 0x00,
    0x00, 0x00, 0x02, 0x9e, 0xff, 0xff, 0x60, 0x00,
    0xdf, 0xc6, 0x10, 0x00, 0x00, 0x00, 0x00, 0x00,
    0x00, 0x00, 0x00, 0x00, 0x00, 0x00, 0x00, 0x5a,
    0xeb, 0x00, 0x00, 0x21, 0x00, 0x00, 0x00, 0x00,
    0x00, 0x00, 0x00, 0x00, 0x00, 0x00, 0x00, 0x00,
    0x00, 0x00, 0x00, 0x00, 0x00,

    /* U+65B0 "新" */
    0x00, 0x00, 0x00, 0x00, 0x00, 0x00, 0x00, 0x00,
    0x00, 0x00, 0x00, 0x00, 0x00, 0x00, 0x00, 0x00,
    0x00, 0x00, 0x00, 0x00, 0x00, 0x00, 0x04, 0x8c,
    0xd0, 0x00, 0x00, 0x00, 0x00, 0x00, 0x00, 0x00,
    0x00, 0x00, 0x00, 0x02, 0x00, 0x00, 0x00, 0x00,
    0x00, 0x07, 0xff, 0xf5, 0x00, 0x00, 0x00, 0x00,
    0x00, 0x00, 0x00, 0x00, 0x00, 0x38, 0xef, 0x60,
    0x00, 0x00, 0x00, 0x00, 0x00, 0xff, 0xfd, 0x00,
    0x00, 0x00, 0x00, 0x00, 0x00, 0x00, 0x26, 0xae,
    0xff, 0xff, 0xf7, 0x00, 0x00, 0x00, 0x00, 0x00,
    0x9f, 0xff, 0x40, 0x00, 0x00, 0x00, 0x02, 0x58,
    0xbe, 0xff, 0xff, 0xff, 0xff, 0xfe, 0x30, 0x0a,
    0xee, 0xee, 0xee, 0xff, 0xff, 0xfe, 0xee, 0xee,
    0xe1, 0x3f, 0xff, 0xff, 0xff, 0xff, 0xff, 0xb7,
    0x30, 0x00, 0x0b, 0xff, 0xff, 0xff, 0xff, 0xff,
    0xff, 0xff, 0xff, 0xf1, 0x3f, 0xff, 0xff, 0xfc,
    0x96, 0x30, 0x00, 0x00, 0x00, 0x0b, 0xff, 0xff,
    0xff, 0xff, 0xff, 0xff, 0xff, 0xff, 0xf1, 0x3f,
    0xff, 0x82, 0x00, 0x00, 0x00, 0x00, 0x00, 0x00,
    0x02, 0x33, 0x59, 0xb3, 0x33, 0x33, 0x38, 0xc8,
    0x53, 0x30, 0x3f, 0xff, 0x40, 0x00, 0x00, 0x00,
    0x00, 0x00, 0x00, 0x00, 0x02, 0xff, 0xf2, 0x00,
    0x00, 0x0b, 0xff, 0xe0, 0x00, 0x3f, 0xff, 0x40,
    0x00, 0x00, 0x00, 0x00, 0x00, 0x00, 0x00, 0x00,
    0xcf, 0xf8, 0x00, 0x00, 0x1f, 0xff, 0x80, 0x00,
    0x3f, 0xff, 0x40, 0x00, 0x00, 0x00, 0x00, 0x00,
    0x00, 0x00, 0x00, 0x8f, 0xfd, 0x00, 0x00, 0x6f,
    0xff, 0x20, 0x00, 0x3f, 0xff, 0x40, 0x00, 0x00,
    0x00, 0x00, 0x00, 0x00, 0x00, 0x00, 0x4f, 0xff,
    0x10, 0x00, 0xbf, 0xfb, 0x00, 0x00, 0x3f, 0xff,
    0x40, 0x00, 0x00, 0x00, 0x00, 0x00, 0x00, 0x00,
    0x00, 0x1f, 0xfd, 0x20, 0x01, 0xff, 0xf5, 0x00,
    0x00, 0x3f, 0xff, 0x40, 0x00, 0x00, 0x00, 0x00,
    0x00, 0x00, 0x3b, 0xbb, 0xbf, 0xdb, 0xbb, 0xbd,
    0xff, 0xfc, 0xbb, 0xb9, 0x3f, 0xff, 0xa7, 0x77,
    0x77, 0x77, 0x77, 0x77, 0x75, 0x5f, 0xff, 0xff,
    0xff, 0xff, 0xff, 0xff, 0xff, 0xff, 0xfc, 0x3f,
    0xff, 0xff, 0xff, 0xff, 0xff, 0xff, 0xff, 0xfa,
    0x5f, 0xff, 0xff, 0xff, 0xff, 0xff, 0xff, 0xff,
    0xff, 0xfc, 0x3f, 0xff, 0xff, 0xff, 0xff, 0xff,
    0xff, 0xff, 0xfa, 0x27, 0x77, 0x77, 0x77, 0xaf,
    0xff, 0x77, 0x77, 0x77, 0x75, 0x3f, 0xff, 0xff,
    0xff, 0xff, 0xff, 0xff, 0xff, 0xfa, 0x00, 0x00,
    0x00, 0x00, 0x6f, 0xff, 0x00, 0x00, 0x00, 0x00,
    0x3f, 0xff, 0x50, 0x00, 0x02, 0xff, 0xf9, 0x00,
    0x00, 0x00, 0x00, 0x00, 0x00, 0x6f, 0xff, 0x00,
    0x00, 0x00, 0x00, 0x3f, 0xff, 0x40, 0x00, 0x01,
    0xff, 0xf9, 0x00, 0x00, 0x00, 0x00, 0x00, 0x00,
    0x6f, 0xff, 0x00, 0x00, 0x00, 0x00, 0x3f, 0xff,
    0x40, 0x00, 0x01, 0xff, 0xf9, 0x00, 0x00, 0x1f,
    0xff, 0xff, 0xff, 0xff, 0xff, 0xff, 0xff, 0xff,
    0xf2, 0x4f, 0xff, 0x40, 0x00, 0x01, 0xff, 0xf9,
    0x00, 0x00, 0x2f, 0xff, 0xff, 0xff, 0xff, 0xff,
    0xff, 0xff, 0xff, 0xf2, 0x4f, 0xff, 0x30, 0x00,
    0x01, 0xff, 0xf9, 0x00, 0x00, 0x2f, 0xff, 0xff,
    0xff, 0xff, 0xff, 0xff, 0xff, 0xff, 0xf2, 0x5f,
    0xff, 0x20, 0x00, 0x01, 0xff, 0xf9, 0x00, 0x00,
    0x04, 0x44, 0x44, 0x44, 0x8f, 0xff, 0x44, 0x44,
    0x44, 0x40, 0x6f, 0xff, 0x10, 0x00, 0x01, 0xff,
    0xf9, 0x00, 0x00, 0x00, 0x00, 0x30, 0x00, 0x6f,
    0xff, 0x00, 0x07, 0x00, 0x00, 0x7f, 0xff, 0x00,
    0x00, 0x01, 0xff, 0xf9, 0x00, 0x00, 0x00, 0x04,
    0xfe, 0x90, 0x6f, 0xff, 0x05, 0xef, 0x70, 0x00,
    0x9f, 0xfe, 0x00, 0x00, 0x01, 0xff, 0xf9, 0x00,
    0x00, 0x00, 0x0b, 0xff, 0x90, 0x6f, 0xff, 0x05,
    0xff, 0xf1, 0x00, 0xbf, 0xfc, 0x00, 0x00, 0x01,
    0xff, 0xf9, 0x00, 0x00, 0x00, 0x2f, 0xff, 0x20,
    0x6f, 0xff, 0x00, 0xcf, 0xf9, 0x00, 0xef, 0xfa,
    0x00, 0x00, 0x01, 0xff, 0xf9, 0x00, 0x00, 0x00,
    0xaf, 0xfb, 0x00, 0x6f, 0xff, 0x00, 0x4f, 0xff,
    0x21, 0xff, 0xf7, 0x00, 0x00, 0x01, 0xff, 0xf9,
    0x00, 0x00, 0x04, 0xff, 0xf3, 0x00, 0x6f, 0xff,
    0x00, 0x0c, 0xff, 0x94, 0xff, 0xf4, 0x00, 0x00,
    0x01, 0xff, 0xf9, 0x00, 0x00, 0x1e, 0xff, 0xb0,
    0x00, 0x6f, 0xff, 0x00, 0x04, 0xff, 0xe9, 0xff,
    0xf0, 0x00, 0x00, 0x01, 0xff, 0xf9, 0x00, 0x00,
    0x4e, 0xff, 0x10, 0x00, 0x6f, 0xff, 0x00, 0x00,
    0xda, 0x1e, 0xff, 0xc0, 0x00, 0x00, 0x01, 0xff,
    0xf9, 0x00, 0x00, 0x02, 0xc6, 0x00, 0x00, 0x6f,
    0xff, 0x00, 0x00, 0x10, 0x4f, 0xff, 0x60, 0x00,
    0x00, 0x01, 0xff, 0xf9, 0x00, 0x00, 0x00, 0x00,
    0x04, 0x55, 0xaf, 0xff, 0x00, 0x00, 0x00, 0xbf,
    0xff, 0x10, 0x00, 0x00, 0x01, 0xff, 0xf9, 0x00,
    0x00, 0x00, 0x00, 0x08, 0xff, 0xff, 0xfe, 0x00,
    0x00, 0x03, 0xff, 0xfa, 0x00, 0x00, 0x00, 0x01,
    0xff, 0xf9, 0x00, 0x00, 0x00, 0x00, 0x02, 0xff,
    0xff, 0xf7, 0x00, 0x00, 0x00, 0x7f, 0xf2, 0x00,
    0x00, 0x00, 0x01, 0xff, 0xf9, 0x00, 0x00, 0x00,
    0x00, 0x00, 0xbc, 0xb9, 0x40, 0x00, 0x00, 0x00,
    0x03, 0x70, 0x00, 0x00, 0x00, 0x01, 0xff, 0xf9,
    0x00, 0x00,

    /* U+65B9 "方" */
    0x00, 0x00, 0x00, 0x00, 0x00, 0x00, 0x00, 0x00,
    0x00, 0x02, 0x00, 0x00, 0x00, 0x00, 0x00, 0x00,
    0x00, 0x00, 0x00, 0x00, 0x00, 0x00, 0x00, 0x00,
    0x00, 0x00, 0x00, 0x6c, 0xf5, 0x00, 0x00, 0x00,
    0x00, 0x00, 0x00, 0x00, 0x00, 0x00, 0x00, 0x00,
    0x00, 0x00, 0x00, 0x00, 0x00, 0x9f, 0xff, 0xd0,
    0x00, 0x00, 0x00, 0x00, 0x00, 0x00, 0x00, 0x00,
    0x00, 0x00, 0x00, 0x00, 0x00, 0x00, 0x00, 0x02,
    0xff, 0xff, 0x60, 0x00, 0x00, 0x00, 0x00, 0x00,
    0x00, 0x00, 0x00, 0x00, 0x00, 0x00, 0x00, 0x00,
    0x00, 0x00, 0x09, 0xff, 0xfe, 0x00, 0x00, 0x00,
    0x00, 0x00, 0x00, 0x00, 0x00, 0x00, 0x00, 0x00,
    0x00, 0x00, 0x00, 0x00, 0x00, 0x2f, 0xff, 0xf5,
    0x00, 0x00, 0x00, 0x00, 0x00, 0x00, 0x00, 0x00,
    0x00, 0x00, 0x00, 0x00, 0x00, 0x00, 0x00, 0x00,
    0xbf, 0xff, 0x80, 0x00, 0x00, 0x00, 0x00, 0x00,
    0x00, 0x00, 0x13, 0x33, 0x33, 0x33, 0x33, 0x33,
    0x33, 0x33, 0x37, 0xfc, 0x53, 0x33, 0x33, 0x33,
    0x33, 0x33, 0x33, 0x32, 0x09, 0xff, 0xff, 0xff,
    0xff, 0xff, 0xff, 0xff, 0xff, 0xff, 0xff, 0xff,
    0xff, 0xff, 0xff, 0xff, 0xff, 0xff, 0xb0, 0x9f,
    0xff, 0xff, 0xff, 0xff, 0xff, 0xff, 0xff, 0xff,
    0xff, 0xff, 0xff, 0xff, 0xff, 0xff, 0xff, 0xff,
    0xfb, 0x09, 0xff, 0xff, 0xff, 0xff, 0xff, 0xff,
    0xff, 0xff, 0xff, 0xff, 0xff, 0xff, 0xff, 0xff,
    0xff, 0xff, 0xff, 0xb0, 0x37, 0x77, 0x77, 0x77,
    0x77, 0x7f, 0xff, 0xf8, 0x77, 0x77, 0x77, 0x77,
    0x77, 0x77, 0x77, 0x77, 0x77, 0x74, 0x00, 0x00,
    0x00, 0x00, 0x00, 0x00, 0xff, 0xff, 0x20, 0x00,
    0x00, 0x00, 0x00, 0x00, 0x00, 0x00, 0x00, 0x00,
    0x00, 0x00, 0x00, 0x00, 0x00, 0x00, 0x1f, 0xff,
    0xf1, 0x00, 0x00, 0x00, 0x00, 0x00, 0x00, 0x00,
    0x00, 0x00, 0x00, 0x00, 0x00, 0x00, 0x00, 0x00,
    0x02, 0xff, 0xff, 0x00, 0x00, 0x00, 0x00, 0x00,
    0x00, 0x00, 0x00, 0x00, 0x00, 0x00, 0x00, 0x00,
    0x00, 0x00, 0x00, 0x3f, 0xff, 0xe0, 0x00, 0x00,
    0x00, 0x00, 0x00, 0x00, 0x00, 0x00, 0x00, 0x00,
    0x00, 0x00, 0x00, 0x00, 0x00, 0x05, 0xff, 0xfc,
    0x00, 0x00, 0x00, 0x00, 0x00, 0x00, 0x00, 0x00,
    0x00, 0x00, 0x00, 0x00, 0x00, 0x00, 0x00, 0x00,
    0x7f, 0xff, 0xea, 0xaa, 0xaa, 0xaa, 0xaa, 0xaa,
    0xaa, 0xca, 0xa9, 0x00, 0x00, 0x00, 0x00, 0x00,
    0x00, 0x00, 0x09, 0xff, 0xff, 0xff, 0xff, 0xff,
    0xff, 0xff, 0xff, 0xff, 0xff, 0xd0, 0x00, 0x00,
    0x00, 0x00, 0x00, 0x00, 0x00, 0xbf, 0xff, 0xff,
    0xff, 0xff, 0xff, 0xff, 0xff, 0xff, 0xff, 0xfc,
    0x00, 0x00, 0x00, 0x00, 0x00, 0x00, 0x00, 0x0e,
    0xff, 0xff, 0xff, 0xff, 0xff, 0xff, 0xff, 0xff,
    0xff, 0xff, 0xb0, 0x00, 0x00, 0x00, 0x00, 0x00,
    0x00, 0x01, 0xff, 0xff, 0x10, 0x00, 0x00, 0x00,
    0x00, 0x00, 0x05, 0xff, 0xf9, 0x00, 0x00, 0x00,
    0x00, 0x00, 0x00, 0x00, 0x5f, 0xff, 0xd0, 0x00,
    0x00, 0x00, 0x00, 0x00, 0x00, 0x5f, 0xff, 0x80,
    0x00, 0x00, 0x00, 0x00, 0x00, 0x00, 0x09, 0xff,
    0xf9, 0x00, 0x00, 0x00, 0x00, 0x00, 0x00, 0x07,
    0xff, 0xf7, 0x00, 0x00, 0x00, 0x00, 0x00, 0x00,
    0x00, 0xef, 0xff, 0x50, 0x00, 0x00, 0x00, 0x00,
    0x00, 0x00, 0x8f, 0xff, 0x50, 0x00, 0x00, 0x00,
    0x00, 0x00, 0x00, 0x4f, 0xff, 0xf0, 0x00, 0x00,
    0x00, 0x00, 0x00, 0x00, 0x0a, 0xff, 0xf4, 0x00,
    0x00, 0x00, 0x00, 0x00, 0x00, 0x0b, 0xff, 0xfa,
    0x00, 0x00, 0x00, 0x00, 0x00, 0x00, 0x00, 0xbf,
    0xff, 0x20, 0x00, 0x00, 0x00, 0x00, 0x00, 0x03,
    0xff, 0xff, 0x40, 0x00, 0x00, 0x00, 0x00, 0x00,
    0x00, 0x0d, 0xff, 0xf0, 0x00, 0x00, 0x00, 0x00,
    0x00, 0x00, 0xcf, 0xff, 0xd0, 0x00, 0x00, 0x00,
    0x00, 0x00, 0x00, 0x00, 0xff, 0xfe, 0x00, 0x00,
    0x00, 0x00, 0x00, 0x00, 0x6f, 0xff, 0xf5, 0x00,
    0x00, 0x00, 0x00, 0x00, 0x00, 0x00, 0x2f, 0xff,
    0xc0, 0x00, 0x00, 0x00, 0x00, 0x00, 0x3f, 0xff,
    0xfd, 0x00, 0x00, 0x00, 0x00, 0x00, 0x00, 0x00,
    0x05, 0xff, 0xfa, 0x00, 0x00, 0x00, 0x00, 0x00,
    0x1e, 0xff, 0xff, 0x30, 0x00, 0x00, 0x00, 0x00,
    0x00, 0x00, 0x00, 0x9f, 0xff, 0x70, 0x00, 0x00,
    0x00, 0x00, 0x2d, 0xff, 0xff, 0x70, 0x00, 0x00,
    0x00, 0x00, 0x00, 0x00, 0x00, 0x0e, 0xff, 0xf3,
    0x00, 0x00, 0x00, 0x00, 0x4e, 0xff, 0xff, 0xa0,
    0x00, 0x00, 0x00, 0x00, 0x00, 0x00, 0x00, 0x05,
    0xff, 0xff, 0x00, 0x00, 0x00, 0x00, 0x9f, 0xff,
    0xff, 0xc0, 0x00, 0x00, 0x00, 0x02, 0xba, 0x99,
    0x88, 0x8a, 0xff, 0xff, 0xa0, 0x00, 0x00, 0x01,
    0xef, 0xff, 0xff, 0xb0, 0x00, 0x00, 0x00, 0x00,
    0x0b, 0xff, 0xff, 0xff, 0xff, 0xff, 0xf3, 0x00,
    0x00, 0x00, 0x04, 0xff, 0xff, 0x80, 0x00, 0x00,
    0x00, 0x00, 0x00, 0x5f, 0xff, 0xff, 0xff, 0xff,
    0xf7, 0x00, 0x00, 0x00, 0x00, 0x05, 0xfe, 0x40,
    0x00, 0x00, 0x00, 0x00, 0x00, 0x02, 0xff, 0xff,
    0xff, 0xfe, 0xa4, 0x00, 0x00, 0x00, 0x00, 0x00,
    0x05, 0x00, 0x00, 0x00, 0x00, 0x00, 0x00, 0x00,
    0x00, 0x00, 0x01, 0x00, 0x00, 0x00, 0x00, 0x00,
    0x00, 0x00,

    /* U+65CB "旋" */
    0x00, 0x00, 0x00, 0x00, 0x38, 0x10, 0x00, 0x00,
    0x00, 0x00, 0x03, 0xa7, 0x41, 0x00, 0x00, 0x00,
    0x00, 0x00, 0x00, 0x00, 0x00, 0x00, 0x03, 0xef,
    0xf9, 0x00, 0x00, 0x00, 0x00, 0x00, 0x8f, 0xff,
    0x60, 0x00, 0x00, 0x00, 0x00, 0x00, 0x00, 0x00,
    0x00, 0x00, 0x0d, 0xff, 0xf2, 0x00, 0x00, 0x00,
    0x00, 0x0d, 0xff, 0xf2, 0x00, 0x00, 0x00, 0x00,
    0x00, 0x00, 0x00, 0x00, 0x00, 0x00, 0x5f, 0xff,
    0xa0, 0x00, 0x00, 0x00, 0x03, 0xff, 0xfd, 0x00,
    0x00, 0x00, 0x00, 0x00, 0x00, 0x00, 0x00, 0x00,
    0x00, 0x00, 0xdf, 0xff, 0x10, 0x00, 0x00, 0x00,
    0x9f, 0xff, 0x80, 0x00, 0x00, 0x00, 0x00, 0x00,
    0x00, 0x00, 0x00, 0x00, 0x00, 0x05, 0xff, 0xf8,
    0x00, 0x00, 0x00, 0x0f, 0xff, 0xfd, 0xcc, 0xcc,
    0xcc, 0xcc, 0xcc, 0xcc, 0xc5, 0x02, 0x77, 0x77,
    0x77, 0x7f, 0xfd, 0x87, 0x77, 0x75, 0x07, 0xff,
    0xff, 0xff, 0xff, 0xff, 0xff, 0xff, 0xff, 0xff,
    0x60, 0x6f, 0xff, 0xff, 0xff, 0xff, 0xff, 0xff,
    0xff, 0xd0, 0xef, 0xff, 0xff, 0xff, 0xff, 0xff,
    0xff, 0xff, 0xff, 0xf6, 0x06, 0xff, 0xff, 0xff,
    0xff, 0xff, 0xff, 0xff, 0xfd, 0x8f, 0xff, 0xea,
    0xaa, 0xaa, 0xaa, 0xaa, 0xaa, 0xaa, 0xaa, 0x40,
    0x6f, 0xff, 0xff, 0xff, 0xff, 0xff, 0xff, 0xff,
    0xef, 0xff, 0xf5, 0x00, 0x00, 0x00, 0x00, 0x00,
    0x00, 0x00, 0x00, 0x00, 0x22, 0x26, 0xff, 0xf5,
    0x22, 0x22, 0x22, 0x3e, 0xff, 0xfc, 0x00, 0x00,
    0x00, 0x00, 0x00, 0x00, 0x00, 0x00, 0x00, 0x00,
    0x00, 0x5f, 0xff, 0x40, 0x00, 0x00, 0x0b, 0xff,
    0xff, 0x30, 0x00, 0x00, 0x00, 0x00, 0x00, 0x00,
    0x00, 0x00, 0x00, 0x00, 0x05, 0xff, 0xf3, 0x00,
    0x00, 0x00, 0x4e, 0xff, 0xe9, 0x99, 0x99, 0x99,
    0x99, 0x99, 0x99, 0x9a, 0x83, 0x00, 0x00, 0x00,
    0x5f, 0xff, 0x30, 0x00, 0x00, 0x00, 0x1b, 0xff,
    0xff, 0xff, 0xff, 0xff, 0xff, 0xff, 0xff, 0xff,
    0xf2, 0x00, 0x00, 0x06, 0xff, 0xf3, 0x11, 0x12,
    0x11, 0x00, 0x08, 0xff, 0xff, 0xff, 0xff, 0xff,
    0xff, 0xff, 0xff, 0xfd, 0x00, 0x00, 0x00, 0x6f,
    0xff, 0xff, 0xff, 0xff, 0xf4, 0x00, 0x5b, 0xbb,
    0xbb, 0xbe, 0xff, 0xeb, 0xbb, 0xbf, 0xff, 0x70,
    0x00, 0x00, 0x07, 0xff, 0xff, 0xff, 0xff, 0xff,
    0x40, 0x00, 0x00, 0x00, 0x00, 0xbf, 0xfb, 0x00,
    0x04, 0xff, 0xf2, 0x00, 0x00, 0x00, 0x8f, 0xff,
    0xff, 0xff, 0xff, 0xf4, 0x00, 0x00, 0x00, 0x00,
    0x0b, 0xff, 0xb0, 0x00, 0xaf, 0xfc, 0x00, 0x00,
    0x00, 0x08, 0xff, 0xf5, 0x55, 0x8f, 0xff, 0x30,
    0x00, 0x00, 0x00, 0x00, 0xbf, 0xfb, 0x00, 0x1f,
    0xff, 0x60, 0x00, 0x00, 0x00, 0x9f, 0xff, 0x00,
    0x03, 0xff, 0xf3, 0x00, 0x0d, 0xdd, 0x30, 0x0b,
    0xff, 0xb0, 0x02, 0xaf, 0xf0, 0x00, 0x00, 0x00,
    0x0a, 0xff, 0xd0, 0x00, 0x4f, 0xff, 0x30, 0x01,
    0xff, 0xf3, 0x00, 0xbf, 0xfb, 0x00, 0x00, 0x02,
    0x00, 0x00, 0x00, 0x00, 0xbf, 0xfc, 0x00, 0x04,
    0xff, 0xf2, 0x00, 0x2f, 0xff, 0x20, 0x0b, 0xff,
    0xb0, 0x00, 0x00, 0x00, 0x00, 0x00, 0x00, 0x0d,
    0xff, 0xa0, 0x00, 0x5f, 0xff, 0x20, 0x03, 0xff,
    0xf1, 0x00, 0xbf, 0xff, 0xff, 0xff, 0xff, 0xe0,
    0x00, 0x00, 0x00, 0xff, 0xf9, 0x00, 0x05, 0xff,
    0xf1, 0x00, 0x4f, 0xff, 0x00, 0x0b, 0xff, 0xff,
    0xff, 0xff, 0xfe, 0x00, 0x00, 0x00, 0x1f, 0xff,
    0x70, 0x00, 0x6f, 0xff, 0x10, 0x06, 0xff, 0xf0,
    0x00, 0xbf, 0xff, 0xff, 0xff, 0xff, 0xe0, 0x00,
    0x00, 0x04, 0xff, 0xf4, 0x00, 0x06, 0xff, 0xf0,
    0x00, 0x7f, 0xff, 0x00, 0x0b, 0xff, 0xc4, 0x44,
    0x44, 0x44, 0x00, 0x00, 0x00, 0x7f, 0xff, 0x10,
    0x00, 0x7f, 0xff, 0x00, 0x09, 0xff, 0xf4, 0x00,
    0xbf, 0xfb, 0x00, 0x00, 0x00, 0x00, 0x00, 0x00,
    0x0b, 0xff, 0xe0, 0x00, 0x08, 0xff, 0xf0, 0x00,
    0xcf, 0xff, 0xa0, 0x0b, 0xff, 0xb0, 0x00, 0x00,
    0x00, 0x00, 0x00, 0x00, 0xef, 0xfb, 0x00, 0x00,
    0x8f, 0xfe, 0x00, 0x0f, 0xff, 0xff, 0x20, 0xbf,
    0xfb, 0x00, 0x00, 0x00, 0x00, 0x00, 0x00, 0x3f,
    0xff, 0x60, 0x00, 0x09, 0xff, 0xd0, 0x04, 0xff,
    0xff, 0xfb, 0x0b, 0xff, 0xb0, 0x00, 0x00, 0x00,
    0x00, 0x00, 0x09, 0xff, 0xf2, 0x00, 0x00, 0xbf,
    0xfc, 0x00, 0x9f, 0xff, 0xff, 0xf8, 0xbf, 0xfb,
    0x00, 0x00, 0x00, 0x00, 0x00, 0x01, 0xff, 0xfd,
    0x00, 0x00, 0x0d, 0xff, 0xb0, 0x0f, 0xff, 0xa8,
    0xff, 0xff, 0xff, 0xb0, 0x00, 0x00, 0x00, 0x00,
    0x00, 0x9f, 0xff, 0x60, 0x00, 0x00, 0xff, 0xf9,
    0x07, 0xff, 0xf4, 0x0d, 0xff, 0xff, 0xfc, 0x20,
    0x00, 0x00, 0x00, 0x00, 0x3f, 0xff, 0xf0, 0x25,
    0x55, 0xaf, 0xff, 0x72, 0xff, 0xfd, 0x00, 0x2e,
    0xff, 0xff, 0xff, 0xff, 0xff, 0xff, 0xfb, 0x0c,
    0xff, 0xf7, 0x01, 0xff, 0xff, 0xff, 0xf3, 0xcf,
    0xff, 0x60, 0x00, 0x1b, 0xff, 0xff, 0xff, 0xff,
    0xff, 0xff, 0x60, 0x1d, 0xfd, 0x00, 0x0c, 0xff,
    0xff, 0xfb, 0x02, 0xdf, 0xc0, 0x00, 0x00, 0x04,
    0xbf, 0xff, 0xff, 0xff, 0xff, 0xf1, 0x00, 0x1d,
    0x30, 0x00, 0x9f, 0xff, 0xd8, 0x00, 0x01, 0xc1,
    0x00, 0x00, 0x00, 0x00, 0x03, 0x56, 0x77, 0x77,
    0x76, 0x00, 0x00, 0x00, 0x00, 0x00, 0x00, 0x00,
    0x00, 0x00, 0x00, 0x00, 0x00, 0x00, 0x00, 0x00,
    0x00, 0x00, 0x00, 0x00, 0x00,

    /* U+65E5 "日" */
    0x00, 0x00, 0x00, 0x00, 0x00, 0x00, 0x00, 0x00,
    0x00, 0x00, 0x00, 0x00, 0x00, 0x00, 0x8f, 0xff,
    0xff, 0xff, 0xff, 0xff, 0xff, 0xff, 0xff, 0xff,
    0xff, 0xff, 0xff, 0xf7, 0x8f, 0xff, 0xff, 0xff,
    0xff, 0xff, 0xff, 0xff, 0xff, 0xff, 0xff, 0xff,
    0xff, 0xf7, 0x8f, 0xff, 0xff, 0xff, 0xff, 0xff,
    0xff, 0xff, 0xff, 0xff, 0xff, 0xff, 0xff, 0xf7,
    0x8f, 0xff, 0xdc, 0xcc, 0xcc, 0xcc, 0xcc, 0xcc,
    0xcc, 0xcc, 0xcc, 0xce, 0xff, 0xf7, 0x8f, 0xff,
    0x50, 0x00, 0x00, 0x00, 0x00, 0x00, 0x00, 0x00,
    0x00, 0x0a, 0xff, 0xf7, 0x8f, 0xff, 0x50, 0x00,
    0x00, 0x00, 0x00, 0x00, 0x00, 0x00, 0x00, 0x0a,
    0xff, 0xf7, 0x8f, 0xff, 0x50, 0x00, 0x00, 0x00,
    0x00, 0x00, 0x00, 0x00, 0x00, 0x0a, 0xff, 0xf7,
    0x8f, 0xff, 0x50, 0x00, 0x00, 0x00, 0x00, 0x00,
    0x00, 0x00, 0x00, 0x0a, 0xff, 0xf7, 0x8f, 0xff,
    0x50, 0x00, 0x00, 0x00, 0x00, 0x00, 0x00, 0x00,
    0x00, 0x0a, 0xff, 0xf7, 0x8f, 0xff, 0x50, 0x00,
    0x00, 0x00, 0x00, 0x00, 0x00, 0x00, 0x00, 0x0a,
    0xff, 0xf7, 0x8f, 0xff, 0x50, 0x00, 0x00, 0x00,
    0x00, 0x00, 0x00, 0x00, 0x00, 0x0a, 0xff, 0xf7,
    0x8f, 0xff, 0x50, 0x00, 0x00, 0x00, 0x00, 0x00,
    0x00, 0x00, 0x00, 0x0a, 0xff, 0xf7, 0x8f, 0xff,
    0x50, 0x00, 0x00, 0x00, 0x00, 0x00, 0x00, 0x00,
    0x00, 0x0a, 0xff, 0xf7, 0x8f, 0xff, 0xdb, 0xbb,
    0xbb, 0xbb, 0xbb, 0xbb, 0xbb, 0xbb, 0xbb, 0xbe,
    0xff, 0xf7, 0x8f, 0xff, 0xff, 0xff, 0xff, 0xff,
    0xff, 0xff, 0xff, 0xff, 0xff, 0xff, 0xff, 0xf7,
    0x8f, 0xff, 0xff, 0xff, 0xff, 0xff, 0xff, 0xff,
    0xff, 0xff, 0xff, 0xff, 0xff, 0xf7, 0x8f, 0xff,
    0xff, 0xff, 0xff, 0xff, 0xff, 0xff, 0xff, 0xff,
    0xff, 0xff, 0xff, 0xf7, 0x8f, 0xff, 0x60, 0x00,
    0x00, 0x00, 0x00, 0x00, 0x00, 0x00, 0x00, 0x0a,
    0xff, 0xf7, 0x8f, 0xff, 0x50, 0x00, 0x00, 0x00,
    0x00, 0x00, 0x00, 0x00, 0x00, 0x0a, 0xff, 0xf7,
    0x8f, 0xff, 0x50, 0x00, 0x00, 0x00, 0x00, 0x00,
    0x00, 0x00, 0x00, 0x0a, 0xff, 0xf7, 0x8f, 0xff,
    0x50, 0x00, 0x00, 0x00, 0x00, 0x00, 0x00, 0x00,
    0x00, 0x0a, 0xff, 0xf7, 0x8f, 0xff, 0x50, 0x00,
    0x00, 0x00, 0x00, 0x00, 0x00, 0x00, 0x00, 0x0a,
    0xff, 0xf7, 0x8f, 0xff, 0x50, 0x00, 0x00, 0x00,
    0x00, 0x00, 0x00, 0x00, 0x00, 0x0a, 0xff, 0xf7,
    0x8f, 0xff, 0x50, 0x00, 0x00, 0x00, 0x00, 0x00,
    0x00, 0x00, 0x00, 0x0a, 0xff, 0xf7, 0x8f, 0xff,
    0x50, 0x00, 0x00, 0x00, 0x00, 0x00, 0x00, 0x00,
    0x00, 0x0a, 0xff, 0xf7, 0x8f, 0xff, 0x50, 0x00,
    0x00, 0x00, 0x00, 0x00, 0x00, 0x00, 0x00, 0x0a,
    0xff, 0xf7, 0x8f, 0xff, 0x50, 0x00, 0x00, 0x00,
    0x00, 0x00, 0x00, 0x00, 0x00, 0x0a, 0xff, 0xf7,
    0x8f, 0xff, 0xdb, 0xbb, 0xbb, 0xbb, 0xbb, 0xbb,
    0xbb, 0xbb, 0xbb, 0xbe, 0xff, 0xf7, 0x8f, 0xff,
    0xff, 0xff, 0xff, 0xff, 0xff, 0xff, 0xff, 0xff,
    0xff, 0xff, 0xff, 0xf7, 0x8f, 0xff, 0xff, 0xff,
    0xff, 0xff, 0xff, 0xff, 0xff, 0xff, 0xff, 0xff,
    0xff, 0xf7, 0x8f, 0xff, 0xff, 0xff, 0xff, 0xff,
    0xff, 0xff, 0xff, 0xff, 0xff, 0xff, 0xff, 0xf7,
    0x8f, 0xff, 0x61, 0x11, 0x11, 0x11, 0x11, 0x11,
    0x11, 0x11, 0x11, 0x1a, 0xff, 0xf7, 0x8f, 0xff,
    0x50, 0x00, 0x00, 0x00, 0x00, 0x00, 0x00, 0x00,
    0x00, 0x0a, 0xff, 0xf7, 0x8f, 0xff, 0x50, 0x00,
    0x00, 0x00, 0x00, 0x00, 0x00, 0x00, 0x00, 0x0a,
    0xff, 0xf7, 0x12, 0x22, 0x00, 0x00, 0x00, 0x00,
    0x00, 0x00, 0x00, 0x00, 0x00, 0x00, 0x00, 0x00,

    /* U+65F6 "时" */
    0x00, 0x00, 0x00, 0x00, 0x00, 0x00, 0x00, 0x00,
    0x00, 0x00, 0x00, 0x00, 0x00, 0x06, 0x88, 0x80,
    0x00, 0x00, 0x00, 0x00, 0x00, 0x00, 0x00, 0x00,
    0x00, 0x00, 0x00, 0x00, 0x00, 0x00, 0x00, 0x0c,
    0xff, 0xf1, 0x00, 0x00, 0x00, 0x00, 0x00, 0x00,
    0x00, 0x00, 0x00, 0x00, 0x00, 0x00, 0x00, 0x00,
    0x00, 0x0c, 0xff, 0xf1, 0x00, 0x00, 0x67, 0x87,
    0x77, 0x77, 0x77, 0x77, 0x72, 0x00, 0x00, 0x00,
    0x00, 0x00, 0x00, 0x0c, 0xff, 0xf1, 0x00, 0x00,
    0xef, 0xff, 0xff, 0xff, 0xff, 0xff, 0xf5, 0x00,
    0x00, 0x00, 0x00, 0x00, 0x00, 0x0c, 0xff, 0xf1,
    0x00, 0x00, 0xef, 0xff, 0xff, 0xff, 0xff, 0xff,
    0xf5, 0x00, 0x00, 0x00, 0x00, 0x00, 0x00, 0x0c,
    0xff, 0xf1, 0x00, 0x00, 0xef, 0xff, 0xff, 0xff,
    0xff, 0xff, 0xf5, 0x00, 0x00, 0x00, 0x00, 0x00,
    0x00, 0x0c, 0xff, 0xf1, 0x00, 0x00, 0xef, 0xfb,
    0x00, 0x00, 0x03, 0xff, 0xf5, 0x00, 0x00, 0x00,
    0x00, 0x00, 0x00, 0x0c, 0xff, 0xf2, 0x00, 0x00,
    0xef, 0xfb, 0x00, 0x00, 0x03, 0xff, 0xf5, 0x0f,
    0xff, 0xff, 0xff, 0xff, 0xff, 0xff, 0xff, 0xff,
    0xff, 0xf9, 0xef, 0xfb, 0x00, 0x00, 0x03, 0xff,
    0xf5, 0x0f, 0xff, 0xff, 0xff, 0xff, 0xff, 0xff,
    0xff, 0xff, 0xff, 0xf9, 0xef, 0xfb, 0x00, 0x00,
    0x03, 0xff, 0xf5, 0x0f, 0xff, 0xff, 0xff, 0xff,
    0xff, 0xff, 0xff, 0xff, 0xff, 0xf9, 0xef, 0xfb,
    0x00, 0x00, 0x03, 0xff, 0xf5, 0x0b, 0xbb, 0xbb,
    0xbb, 0xbb, 0xbb, 0xbf, 0xff, 0xfb, 0xbb, 0xb6,
    0xef, 0xfb, 0x00, 0x00, 0x03, 0xff, 0xf5, 0x00,
    0x00, 0x00, 0x00, 0x00, 0x00, 0x0c, 0xff, 0xf1,
    0x00, 0x00, 0xef, 0xfb, 0x00, 0x00, 0x03, 0xff,
    0xf5, 0x00, 0x00, 0x00, 0x00, 0x00, 0x00, 0x0c,
    0xff, 0xf1, 0x00, 0x00, 0xef, 0xfb, 0x22, 0x22,
    0x24, 0xff, 0xf5, 0x00, 0x00, 0x10, 0x00, 0x00,
    0x00, 0x0c, 0xff, 0xf1, 0x00, 0x00, 0xef, 0xff,
    0xff, 0xff, 0xff, 0xff, 0xf5, 0x00, 0x19, 0xf8,
    0x00, 0x00, 0x00, 0x0c, 0xff, 0xf1, 0x00, 0x00,
    0xef, 0xff, 0xff, 0xff, 0xff, 0xff, 0xf5, 0x00,
    0xef, 0xff, 0x30, 0x00, 0x00, 0x0c, 0xff, 0xf1,
    0x00, 0x00, 0xef, 0xff, 0xff, 0xff, 0xff, 0xff,
    0xf5, 0x00, 0x5f, 0xff, 0xd0, 0x00, 0x00, 0x0c,
    0xff, 0xf1, 0x00, 0x00, 0xef, 0xfc, 0x33, 0x33,
    0x35, 0xff, 0xf5, 0x00, 0x0b, 0xff, 0xf9, 0x00,
    0x00, 0x0c, 0xff, 0xf1, 0x00, 0x00, 0xef, 0xfb,
    0x00, 0x00, 0x03, 0xff, 0xf5, 0x00, 0x01, 0xff,
    0xff, 0x40, 0x00, 0x0c, 0xff, 0xf1, 0x00, 0x00,
    0xef, 0xfb, 0x00, 0x00, 0x03, 0xff, 0xf5, 0x00,
    0x00, 0x6f, 0xff, 0xd0, 0x00, 0x0c, 0xff, 0xf1,
    0x00, 0x00, 0xef, 0xfb, 0x00, 0x00, 0x03, 0xff,
    0xf5, 0x00, 0x00, 0x0c, 0xff, 0xf8, 0x00, 0x0c,
    0xff, 0xf1, 0x00, 0x00, 0xef, 0xfb, 0x00, 0x00,
    0x03, 0xff, 0xf5, 0x00, 0x00, 0x03, 0xff, 0xff,
    0x20, 0x0c, 0xff, 0xf1, 0x00, 0x00, 0xef, 0xfb,
    0x00, 0x00, 0x03, 0xff, 0xf5, 0x00, 0x00, 0x00,
    0x9f, 0xff, 0xb0, 0x0c, 0xff, 0xf1, 0x00, 0x00,
    0xef, 0xfb, 0x00, 0x00, 0x03, 0xff, 0xf5, 0x00,
    0x00, 0x00, 0x1e, 0xfc, 0x30, 0x0c, 0xff, 0xf1,
    0x00, 0x00, 0xef, 0xfb, 0x00, 0x00, 0x03, 0xff,
    0xf5, 0x00, 0x00, 0x00, 0x06, 0x60, 0x00, 0x0c,
    0xff, 0xf1, 0x00, 0x00, 0xef, 0xfd, 0x77, 0x77,
    0x78, 0xff, 0xf5, 0x00, 0x00, 0x00, 0x00, 0x00,
    0x00, 0x0c, 0xff, 0xf1, 0x00, 0x00, 0xef, 0xff,
    0xff, 0xff, 0xff, 0xff, 0xf5, 0x00, 0x00, 0x00,
    0x00, 0x00, 0x00, 0x0c, 0xff, 0xf1, 0x00, 0x00,
    0xef, 0xff, 0xff, 0xff, 0xff, 0xff, 0xf5, 0x00,
    0x00, 0x00, 0x00, 0x00, 0x00, 0x0c, 0xff, 0xf1,
    0x00, 0x00, 0xef, 0xff, 0xff, 0xff, 0xff, 0xff,
    0xf5, 0x00, 0x00, 0x00, 0x00, 0x00, 0x00, 0x0c,
    0xff, 0xf1, 0x00, 0x00, 0xef, 0xfb, 0x00, 0x00,
    0x00, 0x00, 0x00, 0x00, 0x00, 0x00, 0x00, 0x00,
    0x00, 0x0c, 0xff, 0xf1, 0x00, 0x00, 0xef, 0xfb,
    0x00, 0x00, 0x00, 0x00, 0x00, 0x00, 0x00, 0x00,
    0x00, 0x00, 0x00, 0x0c, 0xff, 0xf1, 0x00, 0x00,
    0xef, 0xfb, 0x00, 0x00, 0x00, 0x00, 0x00, 0x00,
    0x00, 0x00, 0x00, 0x00, 0x00, 0x0c, 0xff, 0xf1,
    0x00, 0x00, 0x22, 0x21, 0x00, 0x00, 0x00, 0x00,
    0x00, 0x00, 0x00, 0x04, 0xba, 0xaa, 0xaa, 0xbf,
    0xff, 0xf0, 0x00, 0x00, 0x00, 0x00, 0x00, 0x00,
    0x00, 0x00, 0x00, 0x00, 0x00, 0x01, 0xff, 0xff,
    0xff, 0xff, 0xff, 0xc0, 0x00, 0x00, 0x00, 0x00,
    0x00, 0x00, 0x00, 0x00, 0x00, 0x00, 0x00, 0x00,
    0xaf, 0xff, 0xff, 0xff, 0xff, 0x40, 0x00, 0x00,
    0x00, 0x00, 0x00, 0x00, 0x00, 0x00, 0x00, 0x00,
    0x00, 0x00, 0x6f, 0xff, 0xff, 0xec, 0x92, 0x00,
    0x00, 0x00, 0x00, 0x00, 0x00, 0x00, 0x00, 0x00,
    0x00, 0x00, 0x00, 0x00, 0x01, 0x11, 0x00, 0x00,
    0x00, 0x00, 0x00, 0x00,

    /* U+661F "星" */
    0x00, 0x00, 0x00, 0x00, 0x00, 0x00, 0x00, 0x00,
    0x00, 0x00, 0x00, 0x00, 0x00, 0x00, 0x00, 0x00,
    0x00, 0x00, 0x00, 0x00, 0x00, 0xaf, 0xff, 0xff,
    0xff, 0xff, 0xff, 0xff, 0xff, 0xff, 0xff, 0xff,
    0xff, 0xff, 0xf4, 0x00, 0x00, 0x00, 0x00, 0x0a,
    0xff, 0xff, 0xff, 0xff, 0xff, 0xff, 0xff, 0xff,
    0xff, 0xff, 0xff, 0xff, 0xff, 0x40, 0x00, 0x00,
    0x00, 0x00, 0xaf, 0xff, 0xee, 0xee, 0xee, 0xee,
    0xee, 0xee, 0xee, 0xee, 0xee, 0xef, 0xff, 0xf4,
    0x00, 0x00, 0x00, 0x00, 0x0a, 0xff, 0xf1, 0x00,
    0x00, 0x00, 0x00, 0x00, 0x00, 0x00, 0x00, 0x00,
    0x9f, 0xff, 0x40, 0x00, 0x00, 0x00, 0x00, 0xaf,
    0xff, 0x10, 0x00, 0x00, 0x00, 0x00, 0x00, 0x00,
    0x00, 0x00, 0x09, 0xff, 0xf4, 0x00, 0x00, 0x00,
    0x00, 0x0a, 0xff, 0xfa, 0xaa, 0xaa, 0xaa, 0xaa,
    0xaa, 0xaa, 0xaa, 0xaa, 0xaa, 0xdf, 0xff, 0x40,
    0x00, 0x00, 0x00, 0x00, 0xaf, 0xff, 0xff, 0xff,
    0xff, 0xff, 0xff, 0xff, 0xff, 0xff, 0xff, 0xff,
    0xff, 0xf4, 0x00, 0x00, 0x00, 0x00, 0x0a, 0xff,
    0xff, 0xff, 0xff, 0xff, 0xff, 0xff, 0xff, 0xff,
    0xff, 0xff, 0xff, 0xff, 0x40, 0x00, 0x00, 0x00,
    0x00, 0xaf, 0xff, 0x43, 0x33, 0x33, 0x33, 0x33,
    0x33, 0x33, 0x33, 0x33, 0x3a, 0xff, 0xf4, 0x00,
    0x00, 0x00, 0x00, 0x0a, 0xff, 0xf1, 0x00, 0x00,
    0x00, 0x00, 0x00, 0x00, 0x00, 0x00, 0x00, 0x9f,
    0xff, 0x40, 0x00, 0x00, 0x00, 0x00, 0xaf, 0xff,
    0x10, 0x00, 0x00, 0x00, 0x00, 0x00, 0x00, 0x00,
    0x00, 0x09, 0xff, 0xf4, 0x00, 0x00, 0x00, 0x00,
    0x0a, 0xff, 0xfd, 0xdd, 0xdd, 0xdd, 0xdd, 0xdd,
    0xdd, 0xdd, 0xdd, 0xdd, 0xff, 0xff, 0x40, 0x00,
    0x00, 0x00, 0x00, 0xaf, 0xff, 0xff, 0xff, 0xff,
    0xff, 0xff, 0xff, 0xff, 0xff, 0xff, 0xff, 0xff,
    0xf4, 0x00, 0x00, 0x00, 0x00, 0x0a, 0xff, 0xff,
    0xff, 0xff, 0xff, 0xff, 0xff, 0xff, 0xff, 0xff,
    0xff, 0xff, 0xff, 0x40, 0x00, 0x00, 0x00, 0x00,
    0x01, 0x7b, 0x62, 0x11, 0x11, 0x11, 0x11, 0x11,
    0x11, 0x11, 0x11, 0x11, 0x11, 0x10, 0x00, 0x00,
    0x00, 0x00, 0x00, 0x0e, 0xff, 0xf3, 0x00, 0x00,
    0x0e, 0xee, 0xd0, 0x00, 0x00, 0x00, 0x00, 0x00,
    0x00, 0x00, 0x00, 0x00, 0x00, 0x08, 0xff, 0xfc,
    0x00, 0x00, 0x00, 0xff, 0xfe, 0x00, 0x00, 0x00,
    0x00, 0x00, 0x00, 0x00, 0x00, 0x00, 0x00, 0x03,
    0xff, 0xff, 0x30, 0x00, 0x00, 0x0f, 0xff, 0xe0,
    0x00, 0x00, 0x00, 0x00, 0x00, 0x00, 0x00, 0x00,
    0x00, 0x01, 0xdf, 0xff, 0xff, 0xff, 0xff, 0xff,
    0xff, 0xff, 0xff, 0xff, 0xff, 0xff, 0xff, 0xff,
    0xd0, 0x00, 0x00, 0x00, 0xbf, 0xff, 0xff, 0xff,
    0xff, 0xff, 0xff, 0xff, 0xff, 0xff, 0xff, 0xff,
    0xff, 0xff, 0xfd, 0x00, 0x00, 0x00, 0xaf, 0xff,
    0xff, 0xff, 0xff, 0xff, 0xff, 0xff, 0xff, 0xff,
    0xff, 0xff, 0xff, 0xff, 0xff, 0xd0, 0x00, 0x00,
    0xaf, 0xff, 0xf6, 0x33, 0x33, 0x33, 0x33, 0x3f,
    0xff, 0xe3, 0x33, 0x33, 0x33, 0x33, 0x33, 0x32,
    0x00, 0x01, 0xbf, 0xff, 0xf8, 0x00, 0x00, 0x00,
    0x00, 0x00, 0xff, 0xfe, 0x00, 0x00, 0x00, 0x00,
    0x00, 0x00, 0x00, 0x00, 0x08, 0xff, 0xf9, 0x00,
    0x00, 0x00, 0x00, 0x00, 0x0f, 0xff, 0xe0, 0x00,
    0x00, 0x00, 0x00, 0x00, 0x00, 0x00, 0x00, 0x03,
    0xe9, 0x0b, 0xdd, 0xdd, 0xdd, 0xdd, 0xdd, 0xff,
    0xff, 0xdd, 0xdd, 0xdd, 0xdd, 0xdd, 0xd1, 0x00,
    0x00, 0x00, 0x01, 0x00, 0xdf, 0xff, 0xff, 0xff,
    0xff, 0xff, 0xff, 0xff, 0xff, 0xff, 0xff, 0xff,
    0xff, 0x10, 0x00, 0x00, 0x00, 0x00, 0x0d, 0xff,
    0xff, 0xff, 0xff, 0xff, 0xff, 0xff, 0xff, 0xff,
    0xff, 0xff, 0xff, 0xf1, 0x00, 0x00, 0x00, 0x00,
    0x00, 0x23, 0x33, 0x33, 0x33, 0x33, 0x3f, 0xff,
    0xe3, 0x33, 0x33, 0x33, 0x33, 0x33, 0x00, 0x00,
    0x00, 0x00, 0x00, 0x00, 0x00, 0x00, 0x00, 0x00,
    0x00, 0xff, 0xfe, 0x00, 0x00, 0x00, 0x00, 0x00,
    0x00, 0x00, 0x00, 0x00, 0x00, 0x00, 0x00, 0x00,
    0x00, 0x00, 0x00, 0x0f, 0xff, 0xe0, 0x00, 0x00,
    0x00, 0x00, 0x00, 0x00, 0x00, 0x00, 0x00, 0x00,
    0x00, 0x00, 0x00, 0x00, 0x00, 0x00, 0xff, 0xfe,
    0x00, 0x00, 0x00, 0x00, 0x00, 0x00, 0x00, 0x00,
    0x0a, 0xff, 0xff, 0xff, 0xff, 0xff, 0xff, 0xff,
    0xff, 0xff, 0xff, 0xff, 0xff, 0xff, 0xff, 0xff,
    0xff, 0xff, 0x50, 0xaf, 0xff, 0xff, 0xff, 0xff,
    0xff, 0xff, 0xff, 0xff, 0xff, 0xff, 0xff, 0xff,
    0xff, 0xff, 0xff, 0xff, 0xf5, 0x0a, 0xff, 0xff,
    0xff, 0xff, 0xff, 0xff, 0xff, 0xff, 0xff, 0xff,
    0xff, 0xff, 0xff, 0xff, 0xff, 0xff, 0xff, 0x50,
    0x34, 0x44, 0x44, 0x44, 0x44, 0x44, 0x44, 0x44,
    0x44, 0x44, 0x44, 0x44, 0x44, 0x44, 0x44, 0x44,
    0x44, 0x41,

    /* U+6682 "暂" */
    0x00, 0x00, 0x00, 0x19, 0x51, 0x00, 0x00, 0x00,
    0x00, 0x00, 0x00, 0x00, 0x00, 0x00, 0x00, 0x00,
    0x01, 0x00, 0x00, 0x00, 0x00, 0x09, 0xff, 0xf8,
    0x00, 0x00, 0x00, 0x00, 0x00, 0x00, 0x00, 0x00,
    0x00, 0x37, 0xae, 0xe0, 0x00, 0x22, 0x22, 0x23,
    0xff, 0xff, 0x42, 0x22, 0x22, 0x22, 0x10, 0x02,
    0x45, 0x79, 0xbe, 0xff, 0xff, 0xff, 0x90, 0x0f,
    0xff, 0xff, 0xff, 0xff, 0xff, 0xff, 0xff, 0xff,
    0xfc, 0x07, 0xff, 0xff, 0xff, 0xff, 0xff, 0xff,
    0xfd, 0x10, 0xff, 0xff, 0xff, 0xff, 0xff, 0xff,
    0xff, 0xff, 0xff, 0xc0, 0x7f, 0xff, 0xff, 0xff,
    0xfd, 0xb8, 0x51, 0x00, 0x0a, 0xbb, 0xcf, 0xff,
    0xeb, 0xbb, 0xbb, 0xbb, 0xbb, 0xb8, 0x07, 0xff,
    0xf6, 0x53, 0x10, 0x00, 0x00, 0x00, 0x00, 0x00,
    0x09, 0xff, 0xf4, 0x02, 0x33, 0x30, 0x00, 0x00,
    0x00, 0x7f, 0xfe, 0x00, 0x00, 0x00, 0x00, 0x00,
    0x00, 0x00, 0x05, 0xff, 0xf7, 0x00, 0x9f, 0xfe,
    0x00, 0x00, 0x00, 0x07, 0xff, 0xe0, 0x00, 0x00,
    0x00, 0x00, 0x00, 0x00, 0x04, 0xff, 0xfa, 0x00,
    0x09, 0xff, 0xe0, 0x00, 0x00, 0x00, 0x7f, 0xff,
    0x11, 0x11, 0x11, 0x11, 0x11, 0x11, 0x06, 0xff,
    0xff, 0xcb, 0xbb, 0xef, 0xff, 0xbb, 0xbb, 0xba,
    0x07, 0xff, 0xff, 0xff, 0xff, 0xff, 0xff, 0xff,
    0xf2, 0x5f, 0xff, 0xff, 0xff, 0xff, 0xff, 0xff,
    0xff, 0xff, 0xe0, 0x7f, 0xff, 0xff, 0xff, 0xff,
    0xff, 0xff, 0xff, 0x20, 0xef, 0xff, 0xff, 0xff,
    0xff, 0xff, 0xff, 0xff, 0xfe, 0x08, 0xff, 0xff,
    0xff, 0xff, 0xff, 0xff, 0xff, 0xf2, 0x07, 0x64,
    0x33, 0x33, 0x3b, 0xff, 0xe3, 0x33, 0x33, 0x30,
    0xaf, 0xfb, 0x00, 0x00, 0x8f, 0xff, 0x00, 0x00,
    0x00, 0x00, 0x00, 0x00, 0x00, 0x9f, 0xfe, 0x00,
    0x00, 0x00, 0x0c, 0xff, 0xa0, 0x00, 0x08, 0xff,
    0xf0, 0x00, 0x00, 0x00, 0x00, 0x00, 0x00, 0x09,
    0xff, 0xe5, 0x78, 0x9b, 0x50, 0xff, 0xf7, 0x00,
    0x00, 0x8f, 0xff, 0x00, 0x00, 0x03, 0x56, 0x79,
    0xab, 0xde, 0xff, 0xff, 0xff, 0xff, 0xf8, 0x4f,
    0xff, 0x40, 0x00, 0x08, 0xff, 0xf0, 0x00, 0x00,
    0xdf, 0xff, 0xff, 0xff, 0xff, 0xff, 0xff, 0xff,
    0xff, 0x7a, 0xff, 0xf0, 0x00, 0x00, 0x8f, 0xff,
    0x00, 0x00, 0x0c, 0xff, 0xff, 0xff, 0xff, 0xff,
    0xff, 0x76, 0x42, 0x01, 0xff, 0xfb, 0x00, 0x00,
    0x08, 0xff, 0xf0, 0x00, 0x00, 0x9c, 0xa8, 0x65,
    0x31, 0x09, 0xff, 0xe0, 0x00, 0x00, 0xbf, 0xff,
    0x40, 0x00, 0x00, 0x8f, 0xff, 0x00, 0x00, 0x00,
    0x00, 0x00, 0x00, 0x00, 0x9f, 0xfe, 0x00, 0x00,
    0x1d, 0xff, 0xc0, 0x00, 0x00, 0x08, 0xff, 0xf0,
    0x00, 0x00, 0x00, 0x00, 0x00, 0x00, 0x09, 0xff,
    0xe0, 0x00, 0x00, 0x08, 0xf3, 0x00, 0x00, 0x00,
    0x8f, 0xff, 0x00, 0x00, 0x00, 0x00, 0x00, 0x00,
    0x00, 0x01, 0x11, 0x00, 0x00, 0x00, 0x01, 0x00,
    0x00, 0x00, 0x00, 0x11, 0x10, 0x00, 0x00, 0x00,
    0x00, 0x3d, 0xdd, 0xdd, 0xdd, 0xdd, 0xdd, 0xdd,
    0xdd, 0xdd, 0xdd, 0xdd, 0xdd, 0xdd, 0xd8, 0x00,
    0x00, 0x00, 0x00, 0x03, 0xff, 0xff, 0xff, 0xff,
    0xff, 0xff, 0xff, 0xff, 0xff, 0xff, 0xff, 0xff,
    0xff, 0x90, 0x00, 0x00, 0x00, 0x00, 0x3f, 0xff,
    0xff, 0xff, 0xff, 0xff, 0xff, 0xff, 0xff, 0xff,
    0xff, 0xff, 0xff, 0xf9, 0x00, 0x00, 0x00, 0x00,
    0x03, 0xff, 0xf6, 0x00, 0x00, 0x00, 0x00, 0x00,
    0x00, 0x00, 0x00, 0x00, 0x3f, 0xff, 0x90, 0x00,
    0x00, 0x00, 0x00, 0x3f, 0xff, 0x50, 0x00, 0x00,
    0x00, 0x00, 0x00, 0x00, 0x00, 0x00, 0x02, 0xff,
    0xf9, 0x00, 0x00, 0x00, 0x00, 0x03, 0xff, 0xf6,
    0x00, 0x00, 0x00, 0x00, 0x00, 0x00, 0x00, 0x00,
    0x00, 0x3f, 0xff, 0x90, 0x00, 0x00, 0x00, 0x00,
    0x3f, 0xff, 0xff, 0xff, 0xff, 0xff, 0xff, 0xff,
    0xff, 0xff, 0xff, 0xff, 0xff, 0xf9, 0x00, 0x00,
    0x00, 0x00, 0x03, 0xff, 0xff, 0xff, 0xff, 0xff,
    0xff, 0xff, 0xff, 0xff, 0xff, 0xff, 0xff, 0xff,
    0x90, 0x00, 0x00, 0x00, 0x00, 0x3f, 0xff, 0xb8,
    0x88, 0x88, 0x88, 0x88, 0x88, 0x88, 0x88, 0x88,
    0x8a, 0xff, 0xf9, 0x00, 0x00, 0x00, 0x00, 0x03,
    0xff, 0xf5, 0x00, 0x00, 0x00, 0x00, 0x00, 0x00,
    0x00, 0x00, 0x00, 0x2f, 0xff, 0x90, 0x00, 0x00,
    0x00, 0x00, 0x3f, 0xff, 0x50, 0x00, 0x00, 0x00,
    0x00, 0x00, 0x00, 0x00, 0x00, 0x02, 0xff, 0xf9,
    0x00, 0x00, 0x00, 0x00, 0x03, 0xff, 0xff, 0xee,
    0xee, 0xee, 0xee, 0xee, 0xee, 0xee, 0xee, 0xee,
    0xef, 0xff, 0x90, 0x00, 0x00, 0x00, 0x00, 0x3f,
    0xff, 0xff, 0xff, 0xff, 0xff, 0xff, 0xff, 0xff,
    0xff, 0xff, 0xff, 0xff, 0xf9, 0x00, 0x00, 0x00,
    0x00, 0x03, 0xff, 0xff, 0xff, 0xff, 0xff, 0xff,
    0xff, 0xff, 0xff, 0xff, 0xff, 0xff, 0xff, 0x90,
    0x00, 0x00, 0x00, 0x00, 0x3f, 0xff, 0x60, 0x00,
    0x00, 0x00, 0x00, 0x00, 0x00, 0x00, 0x00, 0x03,
    0xff, 0xf9, 0x00, 0x00, 0x00, 0x00, 0x00, 0x00,
    0x00, 0x00, 0x00, 0x00, 0x00, 0x00, 0x00, 0x00,
    0x00, 0x00, 0x00, 0x00, 0x00, 0x00, 0x00,

    /* U+66F4 "更" */
    0x04, 0x88, 0x88, 0x88, 0x88, 0x88, 0x88, 0x88,
    0x88, 0x88, 0x88, 0x88, 0x88, 0x88, 0x88, 0x88,
    0x88, 0x88, 0x40, 0x07, 0xff, 0xff, 0xff, 0xff,
    0xff, 0xff, 0xff, 0xff, 0xff, 0xff, 0xff, 0xff,
    0xff, 0xff, 0xff, 0xff, 0xff, 0x80, 0x07, 0xff,
    0xff, 0xff, 0xff, 0xff, 0xff, 0xff, 0xff, 0xff,
    0xff, 0xff, 0xff, 0xff, 0xff, 0xff, 0xff, 0xff,
    0x80, 0x06, 0xdd, 0xdd, 0xdd, 0xdd, 0xdd, 0xdd,
    0xdd, 0xdf, 0xff, 0xfe, 0xdd, 0xdd, 0xdd, 0xdd,
    0xdd, 0xdd, 0xdd, 0x70, 0x00, 0x00, 0x00, 0x00,
    0x00, 0x00, 0x00, 0x00, 0x0e, 0xff, 0xf1, 0x00,
    0x00, 0x00, 0x00, 0x00, 0x00, 0x00, 0x00, 0x00,
    0x00, 0x00, 0x00, 0x00, 0x00, 0x00, 0x00, 0x0e,
    0xff, 0xf1, 0x00, 0x00, 0x00, 0x00, 0x00, 0x00,
    0x00, 0x00, 0x00, 0x00, 0x03, 0x33, 0x33, 0x33,
    0x33, 0x33, 0x3e, 0xff, 0xf4, 0x33, 0x33, 0x33,
    0x33, 0x33, 0x33, 0x00, 0x00, 0x00, 0x00, 0x0e,
    0xff, 0xff, 0xff, 0xff, 0xff, 0xff, 0xff, 0xff,
    0xff, 0xff, 0xff, 0xff, 0xff, 0xff, 0x00, 0x00,
    0x00, 0x00, 0x0e, 0xff, 0xff, 0xff, 0xff, 0xff,
    0xff, 0xff, 0xff, 0xff, 0xff, 0xff, 0xff, 0xff,
    0xff, 0x00, 0x00, 0x00, 0x00, 0x0e, 0xff, 0xfe,
    0xee, 0xee, 0xee, 0xef, 0xff, 0xfe, 0xee, 0xee,
    0xee, 0xee, 0xff, 0xff, 0x00, 0x00, 0x00, 0x00,
    0x0e, 0xff, 0xb0, 0x00, 0x00, 0x00, 0x0e, 0xff,
    0xf1, 0x00, 0x00, 0x00, 0x00, 0xcf, 0xff, 0x00,
    0x00, 0x00, 0x00, 0x0e, 0xff, 0xb0, 0x00, 0x00,
    0x00, 0x0e, 0xff, 0xf1, 0x00, 0x00, 0x00, 0x00,
    0xcf, 0xff, 0x00, 0x00, 0x00, 0x00, 0x0e, 0xff,
    0xb0, 0x00, 0x00, 0x00, 0x0e, 0xff, 0xf1, 0x00,
    0x00, 0x00, 0x00, 0xcf, 0xff, 0x00, 0x00, 0x00,
    0x00, 0x0e, 0xff, 0xff, 0xff, 0xff, 0xff, 0xff,
    0xff, 0xff, 0xff, 0xff, 0xff, 0xff, 0xff, 0xff,
    0x00, 0x00, 0x00, 0x00, 0x0e, 0xff, 0xff, 0xff,
    0xff, 0xff, 0xff, 0xff, 0xff, 0xff, 0xff, 0xff,
    0xff, 0xff, 0xff, 0x00, 0x00, 0x00, 0x00, 0x0e,
    0xff, 0xff, 0xff, 0xff, 0xff, 0xff, 0xff, 0xff,
    0xff, 0xff, 0xff, 0xff, 0xff, 0xff, 0x00, 0x00,
    0x00, 0x00, 0x0e, 0xff, 0xb0, 0x00, 0x00, 0x00,
    0x0e, 0xff, 0xf1, 0x00, 0x00, 0x00, 0x00, 0xcf,
    0xff, 0x00, 0x00, 0x00, 0x00, 0x0e, 0xff, 0xb0,
    0x00, 0x00, 0x00, 0x0e, 0xff, 0xf1, 0x00, 0x00,
    0x00, 0x00, 0xcf, 0xff, 0x00, 0x00, 0x00, 0x00,
    0x0e, 0xff, 0xb0, 0x00, 0x00, 0x00, 0x0e, 0xff,
    0xf0, 0x00, 0x00, 0x00, 0x00, 0xcf, 0xff, 0x00,
    0x00, 0x00, 0x00, 0x0e, 0xff, 0xfd, 0xdd, 0xdd,
    0xdd, 0xdf, 0xff, 0xfd, 0xdd, 0xdd, 0xdd, 0xdd,
    0xff, 0xff, 0x00, 0x00, 0x00, 0x00, 0x0e, 0xff,
    0xff, 0xff, 0xff, 0xff, 0xff, 0xff, 0xff, 0xff,
    0xff, 0xff, 0xff, 0xff, 0xff, 0x00, 0x00, 0x00,
    0x00, 0x0e, 0xff, 0xff, 0xff, 0xff, 0xff, 0xff,
    0xff, 0xff, 0xff, 0xff, 0xff, 0xff, 0xff, 0xff,
    0x00, 0x00, 0x00, 0x00, 0x04, 0x44, 0x99, 0x44,
    0x44, 0x44, 0xaf, 0xff, 0xa4, 0x44, 0x44, 0x44,
    0x44, 0x44, 0x44, 0x00, 0x00, 0x00, 0x00, 0x00,
    0x6d, 0xff, 0x30, 0x00, 0x00, 0xdf, 0xff, 0x50,
    0x00, 0x00, 0x00, 0x00, 0x00, 0x00, 0x00, 0x00,
    0x00, 0x00, 0x00, 0x6f, 0xff, 0xe2, 0x00, 0x05,
    0xff, 0xfe, 0x00, 0x00, 0x00, 0x00, 0x00, 0x00,
    0x00, 0x00, 0x00, 0x00, 0x00, 0x00, 0x0b, 0xff,
    0xfe, 0x20, 0x1e, 0xff, 0xf8, 0x00, 0x00, 0x00,
    0x00, 0x00, 0x00, 0x00, 0x00, 0x00, 0x00, 0x00,
    0x00, 0x00, 0xdf, 0xff, 0xf6, 0xcf, 0xff, 0xe1,
    0x00, 0x00, 0x00, 0x00, 0x00, 0x00, 0x00, 0x00,
    0x00, 0x00, 0x00, 0x00, 0x00, 0x1d, 0xff, 0xff,
    0xff, 0xff, 0x50, 0x00, 0x00, 0x00, 0x00, 0x00,
    0x00, 0x00, 0x00, 0x00, 0x00, 0x00, 0x00, 0x00,
    0x01, 0xcf, 0xff, 0xff, 0xfb, 0x00, 0x00, 0x00,
    0x00, 0x00, 0x00, 0x00, 0x00, 0x00, 0x00, 0x00,
    0x00, 0x00, 0x00, 0x06, 0xdf, 0xff, 0xff, 0xff,
    0xd9, 0x41, 0x00, 0x00, 0x00, 0x00, 0x00, 0x00,
    0x00, 0x00, 0x00, 0x00, 0x00, 0x5a, 0xff, 0xff,
    0xff, 0xff, 0xff, 0xff, 0xff, 0xda, 0x85, 0x42,
    0x10, 0x00, 0x00, 0x00, 0x00, 0x02, 0x58, 0xcf,
    0xff, 0xff, 0xff, 0xfb, 0x5c, 0xff, 0xff, 0xff,
    0xff, 0xff, 0xff, 0xff, 0xed, 0xdc, 0xbb, 0xa7,
    0x0c, 0xff, 0xff, 0xff, 0xff, 0xfb, 0x40, 0x00,
    0x28, 0xdf, 0xff, 0xff, 0xff, 0xff, 0xff, 0xff,
    0xff, 0xff, 0xf4, 0x02, 0xff, 0xff, 0xff, 0xe8,
    0x20, 0x00, 0x00, 0x00, 0x01, 0x59, 0xcf, 0xff,
    0xff, 0xff, 0xff, 0xff, 0xff, 0xd0, 0x00, 0x7f,
    0xfc, 0x83, 0x00, 0x00, 0x00, 0x00, 0x00, 0x00,
    0x00, 0x00, 0x24, 0x67, 0x9a, 0xbd, 0xef, 0xff,
    0x70, 0x00, 0x04, 0x00, 0x00, 0x00, 0x00, 0x00,
    0x00, 0x00, 0x00, 0x00, 0x00, 0x00, 0x00, 0x00,
    0x00, 0x00, 0x00, 0x00,

    /* U+6708 "月" */
    0x00, 0x00, 0x00, 0x0b, 0xbb, 0xcb, 0xbb, 0xbb,
    0xbb, 0xbb, 0xbb, 0xbb, 0xbb, 0xbb, 0xbc, 0xbb,
    0x30, 0x00, 0x00, 0x00, 0xff, 0xff, 0xff, 0xff,
    0xff, 0xff, 0xff, 0xff, 0xff, 0xff, 0xff, 0xff,
    0xf5, 0x00, 0x00, 0x00, 0x0f, 0xff, 0xff, 0xff,
    0xff, 0xff, 0xff, 0xff, 0xff, 0xff, 0xff, 0xff,
    0xff, 0x50, 0x00, 0x00, 0x00, 0xff, 0xff, 0xff,
    0xff, 0xff, 0xff, 0xff, 0xff, 0xff, 0xff, 0xff,
    0xff, 0xf5, 0x00, 0x00, 0x00, 0x0f, 0xff, 0xe0,
    0x00, 0x00, 0x00, 0x00, 0x00, 0x00, 0x00, 0x00,
    0xaf, 0xff, 0x50, 0x00, 0x00, 0x00, 0xff, 0xfe,
    0x00, 0x00, 0x00, 0x00, 0x00, 0x00, 0x00, 0x00,
    0x0a, 0xff, 0xf5, 0x00, 0x00, 0x00, 0x0f, 0xff,
    0xe0, 0x00, 0x00, 0x00, 0x00, 0x00, 0x00, 0x00,
    0x00, 0xaf, 0xff, 0x50, 0x00, 0x00, 0x00, 0xff,
    0xfe, 0x00, 0x00, 0x00, 0x00, 0x00, 0x00, 0x00,
    0x00, 0x0a, 0xff, 0xf5, 0x00, 0x00, 0x00, 0x0f,
    0xff, 0xe0, 0x00, 0x00, 0x00, 0x00, 0x00, 0x00,
    0x00, 0x00, 0xaf, 0xff, 0x50, 0x00, 0x00, 0x00,
    0xff, 0xfe, 0x00, 0x00, 0x00, 0x00, 0x00, 0x00,
    0x00, 0x00, 0x0b, 0xff, 0xf5, 0x00, 0x00, 0x00,
    0x0f, 0xff, 0xff, 0xff, 0xff, 0xff, 0xff, 0xff,
    0xff, 0xff, 0xff, 0xff, 0xff, 0x50, 0x00, 0x00,
    0x00, 0xff, 0xff, 0xff, 0xff, 0xff, 0xff, 0xff,
    0xff, 0xff, 0xff, 0xff, 0xff, 0xf5, 0x00, 0x00,
    0x00, 0x0f, 0xff, 0xff, 0xff, 0xff, 0xff, 0xff,
    0xff, 0xff, 0xff, 0xff, 0xff, 0xff, 0x50, 0x00,
    0x00, 0x00, 0xff, 0xff, 0x88, 0x88, 0x88, 0x88,
    0x88, 0x88, 0x88, 0x88, 0x8d, 0xff, 0xf5, 0x00,
    0x00, 0x00, 0x0f, 0xff, 0xe0, 0x00, 0x00, 0x00,
    0x00, 0x00, 0x00, 0x00, 0x00, 0xaf, 0xff, 0x50,
    0x00, 0x00, 0x00, 0xff, 0xfd, 0x00, 0x00, 0x00,
    0x00, 0x00, 0x00, 0x00, 0x00, 0x0a, 0xff, 0xf5,
    0x00, 0x00, 0x00, 0x1f, 0xff, 0xc0, 0x00, 0x00,
    0x00, 0x00, 0x00, 0x00, 0x00, 0x00, 0xaf, 0xff,
    0x50, 0x00, 0x00, 0x02, 0xff, 0xfb, 0x00, 0x00,
    0x00, 0x00, 0x00, 0x00, 0x00, 0x00, 0x0a, 0xff,
    0xf5, 0x00, 0x00, 0x00, 0x3f, 0xff, 0xa0, 0x00,
    0x00, 0x00, 0x00, 0x00, 0x00, 0x00, 0x00, 0xaf,
    0xff, 0x50, 0x00, 0x00, 0x05, 0xff, 0xfd, 0x99,
    0x99, 0x99, 0x99, 0x99, 0x99, 0x99, 0x99, 0x9e,
    0xff, 0xf5, 0x00, 0x00, 0x00, 0x7f, 0xff, 0xff,
    0xff, 0xff, 0xff, 0xff, 0xff, 0xff, 0xff, 0xff,
    0xff, 0xff, 0x50, 0x00, 0x00, 0x0a, 0xff, 0xff,
    0xff, 0xff, 0xff, 0xff, 0xff, 0xff, 0xff, 0xff,
    0xff, 0xff, 0xf5, 0x00, 0x00, 0x00, 0xef, 0xff,
    0xff, 0xff, 0xff, 0xff, 0xff, 0xff, 0xff, 0xff,
    0xff, 0xff, 0xff, 0x50, 0x00, 0x00, 0x2f, 0xff,
    0xd0, 0x00, 0x00, 0x00, 0x00, 0x00, 0x00, 0x00,
    0x00, 0x0b, 0xff, 0xf5, 0x00, 0x00, 0x07, 0xff,
    0xf8, 0x00, 0x00, 0x00, 0x00, 0x00, 0x00, 0x00,
    0x00, 0x00, 0xaf, 0xff, 0x50, 0x00, 0x00, 0xdf,
    0xff, 0x40, 0x00, 0x00, 0x00, 0x00, 0x00, 0x00,
    0x00, 0x00, 0x0a, 0xff, 0xf5, 0x00, 0x00, 0x4f,
    0xff, 0xe0, 0x00, 0x00, 0x00, 0x00, 0x00, 0x00,
    0x00, 0x00, 0x00, 0xaf, 0xff, 0x50, 0x00, 0x0c,
    0xff, 0xf8, 0x00, 0x00, 0x00, 0x00, 0x00, 0x00,
    0x00, 0x00, 0x00, 0x0a, 0xff, 0xf5, 0x00, 0x06,
    0xff, 0xff, 0x20, 0x00, 0x00, 0x00, 0x00, 0x00,
    0x00, 0x00, 0x00, 0x00, 0xaf, 0xff, 0x50, 0x01,
    0xef, 0xff, 0xa0, 0x00, 0x00, 0x00, 0x00, 0x00,
    0x00, 0x00, 0x00, 0x00, 0x0a, 0xff, 0xf5, 0x00,
    0xcf, 0xff, 0xf2, 0x00, 0x00, 0x00, 0x00, 0x00,
    0x00, 0x00, 0x00, 0x00, 0x00, 0xcf, 0xff, 0x50,
    0xbf, 0xff, 0xf7, 0x00, 0x00, 0x00, 0x00, 0x00,
    0x00, 0x0d, 0xdc, 0xcc, 0xcc, 0xdf, 0xff, 0xf3,
    0x8f, 0xff, 0xfb, 0x00, 0x00, 0x00, 0x00, 0x00,
    0x00, 0x00, 0x8f, 0xff, 0xff, 0xff, 0xff, 0xfe,
    0x00, 0x9f, 0xfd, 0x10, 0x00, 0x00, 0x00, 0x00,
    0x00, 0x00, 0x02, 0xff, 0xff, 0xff, 0xff, 0xff,
    0x50, 0x00, 0x9d, 0x10, 0x00, 0x00, 0x00, 0x00,
    0x00, 0x00, 0x00, 0x0d, 0xff, 0xff, 0xfe, 0xc8,
    0x20, 0x00, 0x00, 0x00, 0x00, 0x00, 0x00, 0x00,
    0x00, 0x00, 0x00, 0x00, 0x11, 0x11, 0x00, 0x00,
    0x00, 0x00,

    /* U+671F "期" */
    0x00, 0x00, 0x68, 0x86, 0x00, 0x00, 0x00, 0x88,
    0x84, 0x00, 0x00, 0x00, 0x00, 0x00, 0x00, 0x00,
    0x00, 0x00, 0x00, 0x00, 0x0b, 0xff, 0xb0, 0x00,
    0x00, 0x0f, 0xff, 0x80, 0x00, 0x01, 0x13, 0x21,
    0x11, 0x11, 0x11, 0x32, 0x10, 0x00, 0x00, 0xbf,
    0xfb, 0x00, 0x00, 0x00, 0xff, 0xf8, 0x00, 0x00,
    0xbf, 0xff, 0xff, 0xff, 0xff, 0xff, 0xff, 0x90,
    0x00, 0x0b, 0xff, 0xb0, 0x00, 0x00, 0x0f, 0xff,
    0x80, 0x00, 0x0b, 0xff, 0xff, 0xff, 0xff, 0xff,
    0xff, 0xf9, 0x00, 0x00, 0xbf, 0xfb, 0x00, 0x00,
    0x00, 0xff, 0xf8, 0x00, 0x00, 0xbf, 0xff, 0xff,
    0xff, 0xff, 0xff, 0xff, 0x90, 0xff, 0xff, 0xff,
    0xff, 0xff, 0xff, 0xff, 0xff, 0xff, 0xf5, 0x0b,
    0xff, 0xe5, 0x55, 0x55, 0x56, 0xff, 0xf9, 0x0f,
    0xff, 0xff, 0xff, 0xff, 0xff, 0xff, 0xff, 0xff,
    0xff, 0x50, 0xbf, 0xfd, 0x00, 0x00, 0x00, 0x1f,
    0xff, 0x90, 0xff, 0xff, 0xff, 0xff, 0xff, 0xff,
    0xff, 0xff, 0xff, 0xf5, 0x0b, 0xff, 0xd0, 0x00,
    0x00, 0x01, 0xff, 0xf9, 0x06, 0x66, 0xdf, 0xfd,
    0x66, 0x66, 0x66, 0xff, 0xfb, 0x66, 0x20, 0xbf,
    0xfd, 0x00, 0x00, 0x00, 0x1f, 0xff, 0x90, 0x00,
    0x0b, 0xff, 0xb0, 0x00, 0x00, 0x0f, 0xff, 0x80,
    0x00, 0x0b, 0xff, 0xd0, 0x00, 0x00, 0x01, 0xff,
    0xf9, 0x00, 0x00, 0xbf, 0xfb, 0x00, 0x00, 0x00,
    0xff, 0xf8, 0x00, 0x00, 0xbf, 0xfd, 0x00, 0x00,
    0x00, 0x1f, 0xff, 0x90, 0x00, 0x0b, 0xff, 0xe8,
    0x88, 0x88, 0x8f, 0xff, 0x80, 0x00, 0x0b, 0xff,
    0xff, 0xff, 0xff, 0xff, 0xff, 0xf9, 0x00, 0x00,
    0xbf, 0xff, 0xff, 0xff, 0xff, 0xff, 0xf8, 0x00,
    0x00, 0xbf, 0xff, 0xff, 0xff, 0xff, 0xff, 0xff,
    0x90, 0x00, 0x0b, 0xff, 0xff, 0xff, 0xff, 0xff,
    0xff, 0x80, 0x00, 0x0b, 0xff, 0xff, 0xff, 0xff,
    0xff, 0xff, 0xf9, 0x00, 0x00, 0xbf, 0xfd, 0x66,
    0x66, 0x66, 0xff, 0xf8, 0x00, 0x00, 0xbf, 0xfe,
    0x66, 0x66, 0x66, 0x7f, 0xff, 0x90, 0x00, 0x0b,
    0xff, 0xb0, 0x00, 0x00, 0x0f, 0xff, 0x80, 0x00,
    0x0b, 0xff, 0xd0, 0x00, 0x00, 0x01, 0xff, 0xf9,
    0x00, 0x00, 0xbf, 0xfb, 0x00, 0x00, 0x00, 0xff,
    0xf8, 0x00, 0x00, 0xbf, 0xfd, 0x00, 0x00, 0x00,
    0x1f, 0xff, 0x90, 0x00, 0x0b, 0xff, 0xb0, 0x00,
    0x00, 0x0f, 0xff, 0x80, 0x00, 0x0b, 0xff, 0xd0,
    0x00, 0x00, 0x01, 0xff, 0xf9, 0x00, 0x00, 0xbf,
    0xff, 0xff, 0xff, 0xff, 0xff, 0xf8, 0x00, 0x00,
    0xcf, 0xfc, 0x00, 0x00, 0x00, 0x1f, 0xff, 0x90,
    0x00, 0x0b, 0xff, 0xff, 0xff, 0xff, 0xff, 0xff,
    0x80, 0x00, 0x0c, 0xff, 0xc0, 0x00, 0x00, 0x01,
    0xff, 0xf9, 0x00, 0x00, 0xbf, 0xff, 0xff, 0xff,
    0xff, 0xff, 0xf8, 0x00, 0x00, 0xdf, 0xfd, 0x77,
    0x77, 0x77, 0x8f, 0xff, 0x90, 0x00, 0x0b, 0xff,
    0xb0, 0x00, 0x00, 0x0f, 0xff, 0x80, 0x00, 0x0d,
    0xff, 0xff, 0xff, 0xff, 0xff, 0xff, 0xf9, 0x00,
    0x00, 0xbf, 0xfb, 0x00, 0x00, 0x00, 0xff, 0xf8,
    0x00, 0x00, 0xef, 0xff, 0xff, 0xff, 0xff, 0xff,
    0xff, 0x90, 0x00, 0x0b, 0xff, 0xb0, 0x00, 0x00,
    0x0f, 0xff, 0x80, 0x00, 0x0f, 0xff, 0xff, 0xff,
    0xff, 0xff, 0xff, 0xf9, 0x36, 0x66, 0xdf, 0xfd,
    0x66, 0x66, 0x66, 0xff, 0xfb, 0x66, 0x11, 0xff,
    0xf8, 0x11, 0x11, 0x11, 0x3f, 0xff, 0x97, 0xff,
    0xff, 0xff, 0xff, 0xff, 0xff, 0xff, 0xff, 0xff,
    0xf4, 0x3f, 0xff, 0x50, 0x00, 0x00, 0x01, 0xff,
    0xf9, 0x7f, 0xff, 0xff, 0xff, 0xff, 0xff, 0xff,
    0xff, 0xff, 0xff, 0x45, 0xff, 0xf3, 0x00, 0x00,
    0x00, 0x1f, 0xff, 0x96, 0xee, 0xee, 0xee, 0xee,
    0xee, 0xee, 0xee, 0xee, 0xee, 0xe3, 0x8f, 0xff,
    0x10, 0x00, 0x00, 0x01, 0xff, 0xf9, 0x00, 0x00,
    0x03, 0x62, 0x00, 0x00, 0x01, 0x60, 0x00, 0x00,
    0x0b, 0xff, 0xe0, 0x00, 0x00, 0x00, 0x1f, 0xff,
    0x90, 0x00, 0x00, 0xcf, 0xfd, 0x20, 0x18, 0xff,
    0x90, 0x00, 0x00, 0xff, 0xfb, 0x00, 0x00, 0x00,
    0x01, 0xff, 0xf9, 0x00, 0x00, 0x6f, 0xff, 0xc0,
    0x00, 0xcf, 0xff, 0x70, 0x00, 0x4f, 0xff, 0x70,
    0x00, 0x00, 0x00, 0x1f, 0xff, 0x90, 0x00, 0x2f,
    0xff, 0xf3, 0x00, 0x01, 0xef, 0xff, 0x40, 0x09,
    0xff, 0xf3, 0x00, 0x00, 0x00, 0x01, 0xff, 0xf9,
    0x00, 0x1e, 0xff, 0xf8, 0x00, 0x00, 0x03, 0xff,
    0xff, 0x21, 0xff, 0xfe, 0x00, 0x00, 0x00, 0x00,
    0x1f, 0xff, 0x90, 0x1d, 0xff, 0xfc, 0x00, 0x00,
    0x00, 0x07, 0xff, 0xfb, 0x8f, 0xff, 0x90, 0x00,
    0x29, 0x99, 0x9b, 0xff, 0xf9, 0x3e, 0xff, 0xfe,
    0x10, 0x00, 0x00, 0x00, 0x0c, 0xfa, 0x4f, 0xff,
    0xf2, 0x00, 0x00, 0xef, 0xff, 0xff, 0xff, 0x60,
    0x9f, 0xfe, 0x20, 0x00, 0x00, 0x00, 0x00, 0x34,
    0x01, 0x8f, 0xfb, 0x00, 0x00, 0x09, 0xff, 0xff,
    0xff, 0xd0, 0x00, 0x5d, 0x30, 0x00, 0x00, 0x00,
    0x00, 0x00, 0x00, 0x00, 0x3d, 0x30, 0x00, 0x00,
    0x5f, 0xfe, 0xdb, 0x70, 0x00, 0x00, 0x00, 0x00,
    0x00, 0x00, 0x00, 0x00, 0x00, 0x00, 0x00, 0x00,
    0x00, 0x00, 0x00, 0x00, 0x00, 0x00, 0x00,

    /* U+683C "格" */
    0x00, 0x00, 0x00, 0x07, 0xee, 0xe1, 0x00, 0x00,
    0x00, 0x00, 0x00, 0x1d, 0x95, 0x10, 0x00, 0x00,
    0x00, 0x00, 0x00, 0x00, 0x00, 0x00, 0x00, 0x08,
    0xff, 0xf1, 0x00, 0x00, 0x00, 0x00, 0x00, 0x8f,
    0xff, 0x80, 0x00, 0x00, 0x00, 0x00, 0x00, 0x00,
    0x00, 0x00, 0x00, 0x08, 0xff, 0xf1, 0x00, 0x00,
    0x00, 0x00, 0x01, 0xff, 0xff, 0x10, 0x00, 0x00,
    0x00, 0x00, 0x00, 0x00, 0x00, 0x00, 0x00, 0x08,
    0xff, 0xf1, 0x00, 0x00, 0x00, 0x00, 0x08, 0xff,
    0xf9, 0x00, 0x00, 0x00, 0x00, 0x00, 0x00, 0x00,
    0x00, 0x00, 0x00, 0x08, 0xff, 0xf1, 0x00, 0x00,
    0x00, 0x00, 0x2f, 0xff, 0xfb, 0xaa, 0xaa, 0xaa,
    0xbb, 0x50, 0x00, 0x00, 0x00, 0x00, 0x00, 0x08,
    0xff, 0xf1, 0x00, 0x00, 0x00, 0x00, 0xbf, 0xff,
    0xff, 0xff, 0xff, 0xff, 0xff, 0xfc, 0x00, 0x00,
    0x00, 0x00, 0x00, 0x08, 0xff, 0xf1, 0x00, 0x00,
    0x00, 0x06, 0xff, 0xff, 0xff, 0xff, 0xff, 0xff,
    0xff, 0xf8, 0x00, 0x00, 0x00, 0x00, 0x00, 0x08,
    0xff, 0xf1, 0x00, 0x00, 0x00, 0x2f, 0xff, 0xfb,
    0x99, 0x99, 0x99, 0x9f, 0xff, 0xf2, 0x00, 0x00,
    0x01, 0x77, 0x77, 0x7b, 0xff, 0xf8, 0x77, 0x77,
    0x01, 0xdf, 0xff, 0xf2, 0x00, 0x00, 0x00, 0x3f,
    0xff, 0xb0, 0x00, 0x00, 0x03, 0xff, 0xff, 0xff,
    0xff, 0xff, 0xff, 0xff, 0x0c, 0xff, 0xff, 0xfb,
    0x00, 0x00, 0x00, 0xcf, 0xff, 0x30, 0x00, 0x00,
    0x03, 0xff, 0xff, 0xff, 0xff, 0xff, 0xff, 0xff,
    0xcf, 0xff, 0xff, 0xff, 0x60, 0x00, 0x07, 0xff,
    0xfa, 0x00, 0x00, 0x00, 0x03, 0xff, 0xff, 0xff,
    0xff, 0xff, 0xff, 0xff, 0xff, 0xff, 0x7d, 0xff,
    0xf3, 0x00, 0x2f, 0xff, 0xf1, 0x00, 0x00, 0x00,
    0x00, 0x00, 0x00, 0x1f, 0xff, 0xf2, 0x00, 0x6f,
    0xff, 0xf9, 0x03, 0xff, 0xfd, 0x11, 0xdf, 0xff,
    0x70, 0x00, 0x00, 0x00, 0x00, 0x00, 0x00, 0x3f,
    0xff, 0xf2, 0x00, 0x03, 0xef, 0xa0, 0x00, 0x8f,
    0xff, 0xcc, 0xff, 0xfb, 0x00, 0x00, 0x00, 0x00,
    0x00, 0x00, 0x00, 0x8f, 0xff, 0xfd, 0x10, 0x00,
    0x29, 0x00, 0x00, 0x0c, 0xff, 0xff, 0xff, 0xe1,
    0x00, 0x00, 0x00, 0x00, 0x00, 0x00, 0x00, 0xdf,
    0xff, 0xff, 0xb0, 0x00, 0x00, 0x00, 0x00, 0x01,
    0xef, 0xff, 0xff, 0x30, 0x00, 0x00, 0x00, 0x00,
    0x00, 0x00, 0x02, 0xff, 0xff, 0xff, 0xf9, 0x00,
    0x00, 0x00, 0x00, 0x01, 0xdf, 0xff, 0xfe, 0x30,
    0x00, 0x00, 0x00, 0x00, 0x00, 0x00, 0x07, 0xff,
    0xff, 0xff, 0xff, 0x60, 0x00, 0x00, 0x00, 0x4e,
    0xff, 0xff, 0xff, 0xf7, 0x00, 0x00, 0x00, 0x00,
    0x00, 0x00, 0x0d, 0xff, 0xff, 0xfa, 0xff, 0xf3,
    0x00, 0x00, 0x19, 0xff, 0xff, 0xfe, 0xff, 0xff,
    0xc3, 0x00, 0x00, 0x00, 0x00, 0x00, 0x3f, 0xff,
    0xff, 0xf2, 0xef, 0xfd, 0x00, 0x06, 0xef, 0xff,
    0xfd, 0x21, 0xcf, 0xff, 0xff, 0xa3, 0x00, 0x00,
    0x00, 0x00, 0xaf, 0xfc, 0xff, 0xf1, 0x5f, 0xf6,
    0x05, 0xdf, 0xff, 0xff, 0xa0, 0x00, 0x08, 0xff,
    0xff, 0xff, 0xc5, 0x00, 0x00, 0x01, 0xff, 0xe8,
    0xff, 0xf1, 0x0b, 0xd7, 0xef, 0xff, 0xff, 0xe5,
    0x00, 0x00, 0x00, 0x3d, 0xff, 0xff, 0xff, 0xd0,
    0x00, 0x08, 0xff, 0x98, 0xff, 0xf1, 0x04, 0xff,
    0xff, 0xff, 0xfc, 0x54, 0x44, 0x44, 0x44, 0x44,
    0xbf, 0xff, 0xff, 0x30, 0x00, 0x1f, 0xff, 0x28,
    0xff, 0xf1, 0x00, 0x8f, 0xff, 0xff, 0xff, 0xff,
    0xff, 0xff, 0xff, 0xff, 0xff, 0xff, 0xf7, 0x00,
    0x00, 0x9f, 0xfc, 0x08, 0xff, 0xf1, 0x00, 0x0d,
    0xe8, 0xbf, 0xff, 0xff, 0xff, 0xff, 0xff, 0xff,
    0xff, 0xf9, 0x40, 0x00, 0x03, 0xff, 0xf4, 0x08,
    0xff, 0xf1, 0x00, 0x02, 0x00, 0x9f, 0xff, 0xff,
    0xff, 0xff, 0xff, 0xff, 0xff, 0xf9, 0x00, 0x00,
    0x0d, 0xff, 0xd0, 0x08, 0xff, 0xf1, 0x00, 0x00,
    0x00, 0x9f, 0xfe, 0x00, 0x00, 0x00, 0x00, 0x01,
    0xff, 0xf9, 0x00, 0x00, 0x0b, 0xff, 0x50, 0x08,
    0xff, 0xf1, 0x00, 0x00, 0x00, 0x9f, 0xfe, 0x00,
    0x00, 0x00, 0x00, 0x01, 0xff, 0xf9, 0x00, 0x00,
    0x02, 0xfc, 0x00, 0x08, 0xff, 0xf1, 0x00, 0x00,
    0x00, 0x9f, 0xfe, 0x00, 0x00, 0x00, 0x00, 0x01,
    0xff, 0xf9, 0x00, 0x00, 0x00, 0x92, 0x00, 0x08,
    0xff, 0xf1, 0x00, 0x00, 0x00, 0x9f, 0xfe, 0x00,
    0x00, 0x00, 0x00, 0x01, 0xff, 0xf9, 0x00, 0x00,
    0x00, 0x00, 0x00, 0x08, 0xff, 0xf1, 0x00, 0x00,
    0x00, 0x9f, 0xfe, 0x00, 0x00, 0x00, 0x00, 0x01,
    0xff, 0xf9, 0x00, 0x00, 0x00, 0x00, 0x00, 0x08,
    0xff, 0xf1, 0x00, 0x00, 0x00, 0x9f, 0xfe, 0x00,
    0x00, 0x00, 0x00, 0x01, 0xff, 0xf9, 0x00, 0x00,
    0x00, 0x00, 0x00, 0x08, 0xff, 0xf1, 0x00, 0x00,
    0x00, 0x9f, 0xff, 0x55, 0x55, 0x55, 0x55, 0x56,
    0xff, 0xf9, 0x00, 0x00, 0x00, 0x00, 0x00, 0x08,
    0xff, 0xf1, 0x00, 0x00, 0x00, 0x9f, 0xff, 0xff,
    0xff, 0xff, 0xff, 0xff, 0xff, 0xf9, 0x00, 0x00,
    0x00, 0x00, 0x00, 0x08, 0xff, 0xf1, 0x00, 0x00,
    0x00, 0x9f, 0xff, 0xff, 0xff, 0xff, 0xff, 0xff,
    0xff, 0xf9, 0x00, 0x00, 0x00, 0x00, 0x00, 0x08,
    0xff, 0xf1, 0x00, 0x00, 0x00, 0x9f, 0xff, 0xff,
    0xff, 0xff, 0xff, 0xff, 0xff, 0xf9, 0x00, 0x00,
    0x00, 0x00, 0x00, 0x08, 0xff, 0xf1, 0x00, 0x00,
    0x00, 0x9f, 0xfe, 0x00, 0x00, 0x00, 0x00, 0x01,
    0xff, 0xf9, 0x00, 0x00, 0x00, 0x00, 0x00, 0x00,
    0x11, 0x10, 0x00, 0x00, 0x00, 0x12, 0x22, 0x00,
    0x00, 0x00, 0x00, 0x00, 0x00, 0x00, 0x00, 0x00,

    /* U+6A21 "模" */
    0x00, 0x00, 0x00, 0x8f, 0xff, 0x10, 0x00, 0x00,
    0x00, 0x00, 0xff, 0xf9, 0x00, 0x00, 0x0e, 0xff,
    0xb0, 0x00, 0x00, 0x00, 0x00, 0x00, 0x08, 0xff,
    0xf1, 0x00, 0x00, 0x00, 0x00, 0x0f, 0xff, 0x90,
    0x00, 0x00, 0xef, 0xfc, 0x00, 0x00, 0x00, 0x00,
    0x00, 0x00, 0x8f, 0xff, 0x10, 0x00, 0x00, 0x00,
    0x00, 0xff, 0xf9, 0x00, 0x00, 0x0e, 0xff, 0xc0,
    0x00, 0x00, 0x00, 0x00, 0x00, 0x08, 0xff, 0xf1,
    0x00, 0x05, 0xff, 0xff, 0xff, 0xff, 0xff, 0xff,
    0xff, 0xff, 0xff, 0xff, 0xff, 0xd0, 0x00, 0x00,
    0x00, 0x8f, 0xff, 0x10, 0x00, 0x5f, 0xff, 0xff,
    0xff, 0xff, 0xff, 0xff, 0xff, 0xff, 0xff, 0xff,
    0xfe, 0x00, 0x00, 0x00, 0x08, 0xff, 0xf1, 0x00,
    0x05, 0xff, 0xff, 0xff, 0xff, 0xff, 0xff, 0xff,
    0xff, 0xff, 0xff, 0xff, 0xe0, 0x00, 0x00, 0x00,
    0x8f, 0xff, 0x10, 0x00, 0x13, 0x33, 0x33, 0xff,
    0xfa, 0x33, 0x33, 0x3e, 0xff, 0xc3, 0x33, 0x33,
    0x00, 0x16, 0x66, 0x6b, 0xff, 0xf6, 0x66, 0x60,
    0x00, 0x00, 0x0f, 0xff, 0x90, 0x00, 0x00, 0xef,
    0xfc, 0x00, 0x00, 0x00, 0x03, 0xff, 0xff, 0xff,
    0xff, 0xff, 0xff, 0x00, 0x00, 0x00, 0xef, 0xf8,
    0x00, 0x00, 0x0d, 0xff, 0xb0, 0x00, 0x00, 0x00,
    0x3f, 0xff, 0xff, 0xff, 0xff, 0xff, 0xf0, 0x00,
    0x00, 0x00, 0x00, 0x00, 0x00, 0x00, 0x00, 0x00,
    0x00, 0x00, 0x00, 0x03, 0xff, 0xff, 0xff, 0xff,
    0xff, 0xff, 0x00, 0xff, 0xff, 0xff, 0xff, 0xff,
    0xff, 0xff, 0xff, 0xff, 0xfe, 0x00, 0x00, 0x17,
    0x77, 0x7b, 0xff, 0xf7, 0x77, 0x70, 0x0f, 0xff,
    0xff, 0xff, 0xff, 0xff, 0xff, 0xff, 0xff, 0xff,
    0xe0, 0x00, 0x00, 0x00, 0x00, 0xaf, 0xff, 0x10,
    0x00, 0x00, 0xff, 0xfd, 0xaa, 0xaa, 0xaa, 0xaa,
    0xaa, 0xaa, 0xef, 0xfe, 0x00, 0x00, 0x00, 0x00,
    0x0e, 0xff, 0xf8, 0x00, 0x00, 0x0f, 0xff, 0x90,
    0x00, 0x00, 0x00, 0x00, 0x00, 0x0b, 0xff, 0xe0,
    0x00, 0x00, 0x00, 0x02, 0xff, 0xff, 0xf3, 0x00,
    0x00, 0xff, 0xf9, 0x00, 0x00, 0x00, 0x00, 0x00,
    0x00, 0xbf, 0xfe, 0x00, 0x00, 0x00, 0x00, 0x6f,
    0xff, 0xff, 0xd0, 0x00, 0x0f, 0xff, 0xff, 0xff,
    0xff, 0xff, 0xff, 0xff, 0xff, 0xff, 0xe0, 0x00,
    0x00, 0x00, 0x0b, 0xff, 0xff, 0xff, 0x80, 0x00,
    0xff, 0xff, 0xff, 0xff, 0xff, 0xff, 0xff, 0xff,
    0xff, 0xfe, 0x00, 0x00, 0x00, 0x01, 0xff, 0xff,
    0xff, 0xff, 0x20, 0x0f, 0xff, 0xc9, 0x99, 0x99,
    0x99, 0x99, 0x99, 0x9e, 0xff, 0xe0, 0x00, 0x00,
    0x00, 0x6f, 0xff, 0xff, 0x9f, 0xfc, 0x00, 0xff,
    0xf9, 0x00, 0x00, 0x00, 0x00, 0x00, 0x00, 0xbf,
    0xfe, 0x00, 0x00, 0x00, 0x0b, 0xff, 0xff, 0xf2,
    0xff, 0xf6, 0x0f, 0xff, 0x91, 0x11, 0x11, 0x11,
    0x11, 0x11, 0x1c, 0xff, 0xe0, 0x00, 0x00, 0x02,
    0xff, 0xff, 0xff, 0x18, 0xff, 0xd0, 0xff, 0xff,
    0xff, 0xff, 0xff, 0xff, 0xff, 0xff, 0xff, 0xfe,
    0x00, 0x00, 0x00, 0x8f, 0xff, 0xff, 0xf1, 0x1f,
    0xf3, 0x0f, 0xff, 0xff, 0xff, 0xff, 0xff, 0xff,
    0xff, 0xff, 0xff, 0xe0, 0x00, 0x00, 0x0f, 0xff,
    0xaf, 0xff, 0x10, 0x95, 0x00, 0x9a, 0xaa, 0xaa,
    0xaa, 0xff, 0xfe, 0xaa, 0xaa, 0xaa, 0xa9, 0x00,
    0x00, 0x07, 0xff, 0xc8, 0xff, 0xf1, 0x00, 0x00,
    0x00, 0x00, 0x00, 0x00, 0x1f, 0xff, 0x90, 0x00,
    0x00, 0x00, 0x00, 0x00, 0x01, 0xef, 0xf6, 0x8f,
    0xff, 0x10, 0x00, 0x00, 0x00, 0x00, 0x00, 0x04,
    0xff, 0xf7, 0x00, 0x00, 0x00, 0x00, 0x00, 0x00,
    0xaf, 0xff, 0x18, 0xff, 0xf1, 0x00, 0x03, 0x33,
    0x33, 0x33, 0x33, 0x9f, 0xff, 0x73, 0x33, 0x33,
    0x33, 0x33, 0x30, 0x0c, 0xff, 0x90, 0x8f, 0xff,
    0x10, 0x01, 0xff, 0xff, 0xff, 0xff, 0xff, 0xff,
    0xff, 0xff, 0xff, 0xff, 0xff, 0xfe, 0x00, 0x3f,
    0xf2, 0x08, 0xff, 0xf1, 0x00, 0x1f, 0xff, 0xff,
    0xff, 0xff, 0xff, 0xff, 0xff, 0xff, 0xff, 0xff,
    0xff, 0xe0, 0x00, 0xaa, 0x00, 0x8f, 0xff, 0x10,
    0x01, 0xee, 0xee, 0xee, 0xee, 0xff, 0xff, 0xff,
    0xff, 0xee, 0xee, 0xee, 0xed, 0x00, 0x03, 0x10,
    0x08, 0xff, 0xf1, 0x00, 0x00, 0x00, 0x00, 0x00,
    0x3f, 0xff, 0xfa, 0xff, 0xf4, 0x00, 0x00, 0x00,
    0x00, 0x00, 0x00, 0x00, 0x8f, 0xff, 0x10, 0x00,
    0x00, 0x00, 0x00, 0x2e, 0xff, 0xf7, 0x1e, 0xff,
    0xf4, 0x00, 0x00, 0x00, 0x00, 0x00, 0x00, 0x08,
    0xff, 0xf1, 0x00, 0x00, 0x00, 0x00, 0x5e, 0xff,
    0xfc, 0x00, 0x4f, 0xff, 0xf8, 0x00, 0x00, 0x00,
    0x00, 0x00, 0x00, 0x8f, 0xff, 0x10, 0x00, 0x00,
    0x03, 0xbf, 0xff, 0xfd, 0x10, 0x00, 0x6f, 0xff,
    0xfd, 0x50, 0x00, 0x00, 0x00, 0x00, 0x08, 0xff,
    0xf1, 0x00, 0x03, 0x8d, 0xff, 0xff, 0xfb, 0x10,
    0x00, 0x00, 0x6f, 0xff, 0xff, 0xe8, 0x40, 0x00,
    0x00, 0x00, 0x8f, 0xff, 0x10, 0x1e, 0xff, 0xff,
    0xff, 0xe6, 0x00, 0x00, 0x00, 0x00, 0x3d, 0xff,
    0xff, 0xff, 0x70, 0x00, 0x00, 0x08, 0xff, 0xf1,
    0x00, 0x5f, 0xff, 0xfd, 0x70, 0x00, 0x00, 0x00,
    0x00, 0x00, 0x07, 0xef, 0xff, 0xa0, 0x00, 0x00,
    0x00, 0x8f, 0xff, 0x10, 0x00, 0xcc, 0x83, 0x00,
    0x00, 0x00, 0x00, 0x00, 0x00, 0x00, 0x00, 0x5b,
    0xd0, 0x00, 0x00, 0x00, 0x00, 0x00, 0x00, 0x00,
    0x00, 0x00, 0x00, 0x00, 0x00, 0x00, 0x00, 0x00,
    0x00, 0x00, 0x00, 0x00, 0x00,

    /* U+6B65 "步" */
    0x00, 0x00, 0x00, 0x00, 0x00, 0x00, 0x00, 0x00,
    0x04, 0xcc, 0xc6, 0x00, 0x00, 0x00, 0x00, 0x00,
    0x00, 0x00, 0x00, 0x00, 0x00, 0x00, 0x00, 0x00,
    0x00, 0x00, 0x00, 0x5f, 0xff, 0x80, 0x00, 0x00,
    0x00, 0x00, 0x00, 0x00, 0x00, 0x00, 0x00, 0x00,
    0x00, 0x00, 0x00, 0x00, 0x00, 0x05, 0xff, 0xf8,
    0x00, 0x00, 0x00, 0x00, 0x00, 0x00, 0x00, 0x00,
    0x00, 0x00, 0x00, 0xdd, 0xdb, 0x00, 0x00, 0x00,
    0x5f, 0xff, 0x80, 0x00, 0x00, 0x00, 0x00, 0x00,
    0x00, 0x00, 0x00, 0x00, 0x00, 0x0f, 0xff, 0xd0,
    0x00, 0x00, 0x05, 0xff, 0xff, 0xff, 0xff, 0xff,
    0xff, 0xff, 0xf5, 0x00, 0x00, 0x00, 0x00, 0x00,
    0xff, 0xfd, 0x00, 0x00, 0x00, 0x5f, 0xff, 0xff,
    0xff, 0xff, 0xff, 0xff, 0xff, 0x50, 0x00, 0x00,
    0x00, 0x00, 0x0f, 0xff, 0xd0, 0x00, 0x00, 0x05,
    0xff, 0xff, 0xff, 0xff, 0xff, 0xff, 0xff, 0xf5,
    0x00, 0x00, 0x00, 0x00, 0x00, 0xff, 0xfd, 0x00,
    0x00, 0x00, 0x5f, 0xff, 0xd9, 0x99, 0x99, 0x99,
    0x99, 0x99, 0x30, 0x00, 0x00, 0x00, 0x00, 0x0f,
    0xff, 0xd0, 0x00, 0x00, 0x05, 0xff, 0xf8, 0x00,
    0x00, 0x00, 0x00, 0x00, 0x00, 0x00, 0x00, 0x00,
    0x00, 0x00, 0xff, 0xfd, 0x00, 0x00, 0x00, 0x5f,
    0xff, 0x80, 0x00, 0x00, 0x00, 0x00, 0x00, 0x00,
    0x00, 0x00, 0x00, 0x00, 0x0f, 0xff, 0xd0, 0x00,
    0x00, 0x05, 0xff, 0xf8, 0x00, 0x00, 0x00, 0x00,
    0x00, 0x00, 0x00, 0x00, 0x00, 0x00, 0x00, 0xff,
    0xfd, 0x00, 0x00, 0x00, 0x5f, 0xff, 0x80, 0x00,
    0x00, 0x00, 0x00, 0x00, 0x00, 0x00, 0x09, 0xdd,
    0xdd, 0xdf, 0xff, 0xfd, 0xdd, 0xdd, 0xde, 0xff,
    0xfe, 0xdd, 0xdd, 0xdd, 0xdd, 0xdd, 0xdd, 0xdd,
    0x80, 0xcf, 0xff, 0xff, 0xff, 0xff, 0xff, 0xff,
    0xff, 0xff, 0xff, 0xff, 0xff, 0xff, 0xff, 0xff,
    0xff, 0xff, 0xfb, 0x0c, 0xff, 0xff, 0xff, 0xff,
    0xff, 0xff, 0xff, 0xff, 0xff, 0xff, 0xff, 0xff,
    0xff, 0xff, 0xff, 0xff, 0xff, 0xb0, 0xbe, 0xee,
    0xee, 0xee, 0xee, 0xee, 0xee, 0xee, 0xff, 0xff,
    0xfe, 0xee, 0xee, 0xee, 0xee, 0xee, 0xee, 0xea,
    0x00, 0x00, 0x00, 0x00, 0x00, 0x00, 0x00, 0x00,
    0x0e, 0xff, 0xf2, 0x00, 0x00, 0x00, 0x00, 0x00,
    0x00, 0x00, 0x00, 0x00, 0x00, 0x00, 0x00, 0x07,
    0x20, 0x00, 0x00, 0xef, 0xff, 0x20, 0x00, 0x00,
    0x00, 0x02, 0x00, 0x00, 0x00, 0x00, 0x00, 0x00,
    0x00, 0x09, 0xff, 0xd5, 0x00, 0x0e, 0xff, 0xf2,
    0x00, 0x00, 0x00, 0x01, 0xfc, 0x50, 0x00, 0x00,
    0x00, 0x00, 0x00, 0x04, 0xff, 0xff, 0x30, 0x00,
    0xef, 0xff, 0x20, 0x00, 0x00, 0x00, 0x9f, 0xff,
    0xc0, 0x00, 0x00, 0x00, 0x00, 0x03, 0xff, 0xff,
    0x80, 0x00, 0x0e, 0xff, 0xf2, 0x00, 0x00, 0x00,
    0x4f, 0xff, 0xf6, 0x00, 0x00, 0x00, 0x00, 0x02,
    0xef, 0xff, 0xc0, 0x00, 0x00, 0xef, 0xff, 0x20,
    0x00, 0x00, 0x1e, 0xff, 0xfd, 0x00, 0x00, 0x00,
    0x00, 0x02, 0xef, 0xff, 0xe1, 0x00, 0x00, 0x0e,
    0xff, 0xf2, 0x00, 0x00, 0x0c, 0xff, 0xff, 0x30,
    0x00, 0x00, 0x00, 0x03, 0xef, 0xff, 0xf3, 0x00,
    0x00, 0x00, 0xef, 0xff, 0x20, 0x00, 0x0a, 0xff,
    0xff, 0x70, 0x00, 0x00, 0x00, 0x06, 0xff, 0xff,
    0xf4, 0x00, 0x00, 0x00, 0x0e, 0xff, 0xf2, 0x00,
    0x0a, 0xff, 0xff, 0xa0, 0x00, 0x00, 0x00, 0x08,
    0xff, 0xff, 0xf4, 0x00, 0x00, 0x00, 0x00, 0xef,
    0xff, 0x20, 0x1c, 0xff, 0xff, 0xc0, 0x00, 0x00,
    0x00, 0x00, 0x0b, 0xff, 0xf4, 0x00, 0x00, 0x00,
    0x00, 0x0e, 0xff, 0xf2, 0x4e, 0xff, 0xff, 0xc0,
    0x00, 0x00, 0x00, 0x00, 0x00, 0x0c, 0xe3, 0x00,
    0x00, 0x00, 0x00, 0x00, 0xef, 0xff, 0xbf, 0xff,
    0xff, 0xb0, 0x00, 0x00, 0x00, 0x00, 0x00, 0x00,
    0x11, 0x00, 0x00, 0x00, 0x00, 0x00, 0x02, 0x39,
    0xff, 0xff, 0xff, 0x90, 0x00, 0x00, 0x00, 0x00,
    0x00, 0x00, 0x00, 0x00, 0x00, 0x00, 0x00, 0x00,
    0x01, 0x7e, 0xff, 0xff, 0xfe, 0x50, 0x00, 0x00,
    0x00, 0x00, 0x00, 0x00, 0x00, 0x00, 0x00, 0x00,
    0x00, 0x00, 0x4a, 0xff, 0xff, 0xff, 0xfa, 0x10,
    0x00, 0x00, 0x00, 0x00, 0x00, 0x00, 0x00, 0x00,
    0x00, 0x00, 0x00, 0x59, 0xef, 0xff, 0xff, 0xff,
    0xd4, 0x00, 0x00, 0x00, 0x00, 0x00, 0x00, 0x00,
    0x00, 0x00, 0x00, 0x15, 0x8c, 0xff, 0xff, 0xff,
    0xff, 0xfd, 0x50, 0x00, 0x00, 0x00, 0x00, 0x00,
    0x00, 0x00, 0x00, 0x46, 0x9b, 0xef, 0xff, 0xff,
    0xff, 0xff, 0xff, 0xa4, 0x00, 0x00, 0x00, 0x00,
    0x00, 0x00, 0x00, 0x00, 0x00, 0x08, 0xff, 0xff,
    0xff, 0xff, 0xff, 0xff, 0xb6, 0x10, 0x00, 0x00,
    0x00, 0x00, 0x00, 0x00, 0x00, 0x00, 0x00, 0x00,
    0x0e, 0xff, 0xff, 0xff, 0xfe, 0x95, 0x10, 0x00,
    0x00, 0x00, 0x00, 0x00, 0x00, 0x00, 0x00, 0x00,
    0x00, 0x00, 0x00, 0x7f, 0xff, 0xc8, 0x51, 0x00,
    0x00, 0x00, 0x00, 0x00, 0x00, 0x00, 0x00, 0x00,
    0x00, 0x00, 0x00, 0x00, 0x00, 0x01, 0x41, 0x00,
    0x00, 0x00, 0x00, 0x00, 0x00, 0x00, 0x00, 0x00,
    0x00, 0x00, 0x00, 0x00, 0x00, 0x00, 0x00,

    /* U+6BCF "每" */
    0x00, 0x00, 0x00, 0x00, 0x00, 0x00, 0x00, 0x00,
    0x00, 0x00, 0x00, 0x00, 0x00, 0x00, 0x00, 0x00,
    0x00, 0x00, 0x00, 0x00, 0x00, 0x00, 0x00, 0x09,
    0xc8, 0x30, 0x00, 0x00, 0x00, 0x00, 0x00, 0x00,
    0x00, 0x00, 0x00, 0x00, 0x00, 0x00, 0x00, 0x00,
    0x00, 0x00, 0x1f, 0xff, 0xf3, 0x00, 0x00, 0x00,
    0x00, 0x00, 0x00, 0x00, 0x00, 0x00, 0x00, 0x00,
    0x00, 0x00, 0x00, 0x00, 0x00, 0x8f, 0xff, 0xb0,
    0x00, 0x00, 0x00, 0x00, 0x00, 0x00, 0x00, 0x00,
    0x00, 0x00, 0x00, 0x00, 0x00, 0x00, 0x00, 0x01,
    0xff, 0xff, 0x30, 0x00, 0x00, 0x00, 0x00, 0x00,
    0x00, 0x00, 0x00, 0x00, 0x00, 0x00, 0x00, 0x00,
    0x00, 0x00, 0x09, 0xff, 0xff, 0xff, 0xff, 0xff,
    0xff, 0xff, 0xff, 0xff, 0xff, 0xff, 0xff, 0xff,
    0xff, 0x10, 0x00, 0x00, 0x00, 0x3f, 0xff, 0xff,
    0xff, 0xff, 0xff, 0xff, 0xff, 0xff, 0xff, 0xff,
    0xff, 0xff, 0xff, 0xff, 0x10, 0x00, 0x00, 0x00,
    0xdf, 0xff, 0xff, 0xff, 0xff, 0xff, 0xff, 0xff,
    0xff, 0xff, 0xff, 0xff, 0xff, 0xff, 0xff, 0x10,
    0x00, 0x00, 0x08, 0xff, 0xfe, 0x77, 0x77, 0x77,
    0x77, 0x77, 0x77, 0x77, 0x77, 0x77, 0x77, 0x77,
    0x77, 0x77, 0x00, 0x00, 0x00, 0x4f, 0xff, 0xf5,
    0x00, 0x00, 0x00, 0x00, 0x00, 0x00, 0x00, 0x00,
    0x00, 0x00, 0x00, 0x00, 0x00, 0x00, 0x00, 0x01,
    0xef, 0xff, 0xa0, 0x00, 0x00, 0x00, 0x00, 0x00,
    0x00, 0x00, 0x00, 0x00, 0x00, 0x00, 0x00, 0x00,
    0x00, 0x00, 0x0d, 0xff, 0xfd, 0x10, 0x00, 0x00,
    0x00, 0x00, 0x00, 0x00, 0x00, 0x00, 0x00, 0x00,
    0x00, 0x00, 0x00, 0x00, 0x00, 0xcf, 0xff, 0xf8,
    0xff, 0xff, 0xff, 0xff, 0xff, 0xff, 0xff, 0xff,
    0xff, 0xff, 0xff, 0xff, 0x10, 0x00, 0x00, 0x0c,
    0xff, 0xff, 0x66, 0xff, 0xff, 0xff, 0xff, 0xff,
    0xff, 0xff, 0xff, 0xff, 0xff, 0xff, 0xff, 0x00,
    0x00, 0x00, 0x3e, 0xff, 0xf9, 0x08, 0xff, 0xff,
    0xff, 0xff, 0xff, 0xff, 0xff, 0xff, 0xff, 0xff,
    0xff, 0xff, 0x00, 0x00, 0x00, 0x00, 0x9f, 0xa0,
    0x0a, 0xff, 0xf7, 0x66, 0x67, 0xff, 0x86, 0x66,
    0x66, 0x66, 0x66, 0xdf, 0xff, 0x00, 0x00, 0x00,
    0x00, 0x03, 0x00, 0x0c, 0xff, 0xf0, 0x00, 0x0b,
    0xff, 0xf9, 0x10, 0x00, 0x00, 0x00, 0xcf, 0xff,
    0x00, 0x00, 0x00, 0x00, 0x00, 0x00, 0x0e, 0xff,
    0xe0, 0x00, 0x19, 0xff, 0xff, 0xe5, 0x00, 0x00,
    0x00, 0xcf, 0xfe, 0x00, 0x00, 0x00, 0x00, 0x00,
    0x00, 0x0f, 0xff, 0xb0, 0x00, 0x00, 0x2b, 0xff,
    0xff, 0xa0, 0x00, 0x00, 0xdf, 0xfe, 0x00, 0x00,
    0x00, 0x00, 0x00, 0x00, 0x2f, 0xff, 0x90, 0x00,
    0x00, 0x00, 0x5e, 0xff, 0xf6, 0x00, 0x00, 0xdf,
    0xfd, 0x00, 0x00, 0x00, 0x12, 0x22, 0x22, 0x6f,
    0xff, 0x80, 0x00, 0x00, 0x00, 0x02, 0xcf, 0xa0,
    0x00, 0x00, 0xef, 0xfd, 0x22, 0x22, 0x21, 0x7f,
    0xff, 0xff, 0xff, 0xff, 0xff, 0xff, 0xff, 0xff,
    0xff, 0xff, 0xff, 0xff, 0xff, 0xff, 0xff, 0xff,
    0xff, 0xf8, 0x7f, 0xff, 0xff, 0xff, 0xff, 0xff,
    0xff, 0xff, 0xff, 0xff, 0xff, 0xff, 0xff, 0xff,
    0xff, 0xff, 0xff, 0xff, 0xf8, 0x7f, 0xff, 0xff,
    0xff, 0xff, 0xff, 0xff, 0xff, 0xff, 0xff, 0xff,
    0xff, 0xff, 0xff, 0xff, 0xff, 0xff, 0xff, 0xf8,
    0x13, 0x33, 0x33, 0xef, 0xfe, 0x22, 0x22, 0x3e,
    0xfa, 0x32, 0x22, 0x22, 0x22, 0x23, 0xff, 0xfb,
    0x33, 0x33, 0x31, 0x00, 0x00, 0x00, 0xff, 0xfc,
    0x00, 0x00, 0xdf, 0xff, 0xe6, 0x00, 0x00, 0x00,
    0x02, 0xff, 0xf9, 0x00, 0x00, 0x00, 0x00, 0x00,
    0x02, 0xff, 0xfa, 0x00, 0x00, 0x1a, 0xff, 0xff,
    0xc2, 0x00, 0x00, 0x03, 0xff, 0xf8, 0x00, 0x00,
    0x00, 0x00, 0x00, 0x04, 0xff, 0xf7, 0x00, 0x00,
    0x00, 0x3d, 0xff, 0xff, 0x50, 0x00, 0x04, 0xff,
    0xf7, 0x00, 0x00, 0x00, 0x00, 0x00, 0x07, 0xff,
    0xf5, 0x00, 0x00, 0x00, 0x00, 0x9f, 0xff, 0xd0,
    0x00, 0x05, 0xff, 0xf6, 0x00, 0x00, 0x00, 0x00,
    0x00, 0x0a, 0xff, 0xf6, 0x33, 0x33, 0x33, 0x33,
    0x39, 0xff, 0x53, 0x33, 0x39, 0xff, 0xf7, 0x33,
    0x33, 0x00, 0x00, 0x00, 0x0c, 0xff, 0xff, 0xff,
    0xff, 0xff, 0xff, 0xff, 0xff, 0xff, 0xff, 0xff,
    0xff, 0xff, 0xff, 0xff, 0x00, 0x00, 0x00, 0x0f,
    0xff, 0xff, 0xff, 0xff, 0xff, 0xff, 0xff, 0xff,
    0xff, 0xff, 0xff, 0xff, 0xff, 0xff, 0xff, 0x00,
    0x00, 0x00, 0x3f, 0xff, 0xff, 0xff, 0xff, 0xff,
    0xff, 0xff, 0xff, 0xff, 0xff, 0xff, 0xff, 0xff,
    0xff, 0xff, 0x00, 0x00, 0x00, 0x01, 0x12, 0x11,
    0x11, 0x11, 0x11, 0x11, 0x11, 0x11, 0x11, 0x11,
    0x3f, 0xff, 0xc1, 0x11, 0x11, 0x00, 0x00, 0x00,
    0x00, 0x00, 0x00, 0x00, 0x00, 0x00, 0x00, 0x00,
    0x00, 0x00, 0x00, 0x9f, 0xff, 0x80, 0x00, 0x00,
    0x00, 0x00, 0x00, 0x00, 0x00, 0x00, 0x00, 0x00,
    0x00, 0x00, 0x00, 0x3f, 0xee, 0xde, 0xff, 0xff,
    0x30, 0x00, 0x00, 0x00, 0x00, 0x00, 0x00, 0x00,
    0x00, 0x00, 0x00, 0x00, 0x00, 0x00, 0x0d, 0xff,
    0xff, 0xff, 0xf9, 0x00, 0x00, 0x00, 0x00, 0x00,
    0x00, 0x00, 0x00, 0x00, 0x00, 0x00, 0x00, 0x00,
    0x00, 0x09, 0xff, 0xff, 0xfc, 0x60, 0x00, 0x00,
    0x00, 0x00, 0x00, 0x00, 0x00, 0x00, 0x00, 0x00,
    0x00, 0x00, 0x00, 0x00, 0x00, 0x00, 0x00, 0x00,
    0x00, 0x00, 0x00, 0x00, 0x00,

    /* U+6C14 "气" */
    0x00, 0x00, 0x00, 0x00, 0x01, 0x74, 0x00, 0x00,
    0x00, 0x00, 0x00, 0x00, 0x00, 0x00, 0x00, 0x00,
    0x00, 0x00, 0x00, 0x00, 0x00, 0x00, 0x00, 0x00,
    0x7f, 0xff, 0x80, 0x00, 0x00, 0x00, 0x00, 0x00,
    0x00, 0x00, 0x00, 0x00, 0x00, 0x00, 0x00, 0x00,
    0x00, 0x00, 0x00, 0x0d, 0xff, 0xf4, 0x00, 0x00,
    0x00, 0x00, 0x00, 0x00, 0x00, 0x00, 0x00, 0x00,
    0x00, 0x00, 0x00, 0x00, 0x00, 0x00, 0x04, 0xff,
    0xfe, 0x00, 0x00, 0x00, 0x00, 0x00, 0x00, 0x00,
    0x00, 0x00, 0x00, 0x00, 0x00, 0x00, 0x00, 0x00,
    0x00, 0x00, 0xbf, 0xff, 0xa4, 0x44, 0x44, 0x44,
    0x44, 0x44, 0x44, 0x44, 0x44, 0x44, 0x44, 0x44,
    0x40, 0x00, 0x00, 0x00, 0x00, 0x3f, 0xff, 0xff,
    0xff, 0xff, 0xff, 0xff, 0xff, 0xff, 0xff, 0xff,
    0xff, 0xff, 0xff, 0xff, 0x20, 0x00, 0x00, 0x00,
    0x0b, 0xff, 0xff, 0xff, 0xff, 0xff, 0xff, 0xff,
    0xff, 0xff, 0xff, 0xff, 0xff, 0xff, 0xff, 0xf2,
    0x00, 0x00, 0x00, 0x05, 0xff, 0xff, 0xee, 0xee,
    0xee, 0xee, 0xee, 0xee, 0xee, 0xee, 0xee, 0xee,
    0xee, 0xee, 0xee, 0x20, 0x00, 0x00, 0x00, 0xef,
    0xff, 0x70, 0x00, 0x00, 0x00, 0x00, 0x00, 0x00,
    0x00, 0x00, 0x00, 0x00, 0x00, 0x00, 0x00, 0x00,
    0x00, 0x00, 0x9f, 0xff, 0xd0, 0x00, 0x00, 0x00,
    0x00, 0x00, 0x00, 0x00, 0x00, 0x00, 0x00, 0x00,
    0x00, 0x00, 0x00, 0x00, 0x00, 0x4f, 0xff, 0xf4,
    0xaf, 0xff, 0xff, 0xff, 0xff, 0xff, 0xff, 0xff,
    0xff, 0xff, 0xff, 0xff, 0x00, 0x00, 0x00, 0x00,
    0x2f, 0xff, 0xfa, 0x0b, 0xff, 0xff, 0xff, 0xff,
    0xff, 0xff, 0xff, 0xff, 0xff, 0xff, 0xff, 0xf0,
    0x00, 0x00, 0x00, 0x1d, 0xff, 0xfe, 0x10, 0xbf,
    0xff, 0xff, 0xff, 0xff, 0xff, 0xff, 0xff, 0xff,
    0xff, 0xff, 0xff, 0x00, 0x00, 0x00, 0x1d, 0xff,
    0xff, 0x30, 0x01, 0x22, 0x22, 0x22, 0x22, 0x22,
    0x22, 0x22, 0x22, 0x22, 0x22, 0x22, 0x20, 0x00,
    0x00, 0x0d, 0xff, 0xff, 0x70, 0x00, 0x00, 0x00,
    0x00, 0x00, 0x00, 0x00, 0x00, 0x00, 0x00, 0x00,
    0x00, 0x00, 0x00, 0x00, 0x00, 0x2c, 0xff, 0x90,
    0x00, 0x00, 0x00, 0x00, 0x00, 0x00, 0x00, 0x00,
    0x00, 0x00, 0x00, 0x00, 0x00, 0x00, 0x00, 0x00,
    0x00, 0x07, 0xb0, 0xef, 0xff, 0xff, 0xff, 0xff,
    0xff, 0xff, 0xff, 0xff, 0xff, 0xff, 0xff, 0xf1,
    0x00, 0x00, 0x00, 0x00, 0x00, 0x00, 0x0e, 0xff,
    0xff, 0xff, 0xff, 0xff, 0xff, 0xff, 0xff, 0xff,
    0xff, 0xff, 0xff, 0x10, 0x00, 0x00, 0x00, 0x00,
    0x00, 0x00, 0xef, 0xff, 0xff, 0xff, 0xff, 0xff,
    0xff, 0xff, 0xff, 0xff, 0xff, 0xff, 0xf2, 0x00,
    0x00, 0x00, 0x00, 0x00, 0x00, 0x04, 0x44, 0x44,
    0x44, 0x44, 0x44, 0x44, 0x44, 0x44, 0x44, 0x44,
    0xbf, 0xff, 0x30, 0x00, 0x00, 0x00, 0x00, 0x00,
    0x00, 0x00, 0x00, 0x00, 0x00, 0x00, 0x00, 0x00,
    0x00, 0x00, 0x00, 0x09, 0xff, 0xf3, 0x00, 0x00,
    0x00, 0x00, 0x00, 0x00, 0x00, 0x00, 0x00, 0x00,
    0x00, 0x00, 0x00, 0x00, 0x00, 0x00, 0x00, 0x8f,
    0xff, 0x40, 0x00, 0x00, 0x00, 0x00, 0x00, 0x00,
    0x00, 0x00, 0x00, 0x00, 0x00, 0x00, 0x00, 0x00,
    0x00, 0x00, 0x07, 0xff, 0xf5, 0x00, 0x00, 0x00,
    0x00, 0x00, 0x00, 0x00, 0x00, 0x00, 0x00, 0x00,
    0x00, 0x00, 0x00, 0x00, 0x00, 0x00, 0x6f, 0xff,
    0x70, 0x00, 0x00, 0x00, 0x00, 0x00, 0x00, 0x00,
    0x00, 0x00, 0x00, 0x00, 0x00, 0x00, 0x00, 0x00,
    0x00, 0x04, 0xff, 0xf9, 0x00, 0x00, 0x00, 0x00,
    0x00, 0x00, 0x00, 0x00, 0x00, 0x00, 0x00, 0x00,
    0x00, 0x00, 0x00, 0x00, 0x00, 0x2f, 0xff, 0xb0,
    0x00, 0x00, 0x00, 0x00, 0x00, 0x00, 0x00, 0x00,
    0x00, 0x00, 0x00, 0x00, 0x00, 0x00, 0x00, 0x00,
    0x00, 0xff, 0xfd, 0x00, 0x00, 0x00, 0x00, 0x00,
    0x00, 0x00, 0x00, 0x00, 0x00, 0x00, 0x00, 0x00,
    0x00, 0x00, 0x00, 0x00, 0x0d, 0xff, 0xf0, 0x00,
    0x00, 0x00, 0x00, 0x00, 0x00, 0x00, 0x00, 0x00,
    0x00, 0x00, 0x00, 0x00, 0x00, 0x00, 0x00, 0x00,
    0xaf, 0xff, 0x30, 0x00, 0x70, 0x00, 0x00, 0x00,
    0x00, 0x00, 0x00, 0x00, 0x00, 0x00, 0x00, 0x00,
    0x00, 0x00, 0x00, 0x07, 0xff, 0xf7, 0x00, 0x0f,
    0x90, 0x00, 0x00, 0x00, 0x00, 0x00, 0x00, 0x00,
    0x00, 0x00, 0x00, 0x00, 0x00, 0x00, 0x00, 0x3f,
    0xff, 0xb0, 0x00, 0xff, 0x90, 0x00, 0x00, 0x00,
    0x00, 0x00, 0x00, 0x00, 0x00, 0x00, 0x00, 0x00,
    0x00, 0x00, 0x00, 0xef, 0xff, 0x20, 0x2f, 0xf9,
    0x00, 0x00, 0x00, 0x00, 0x00, 0x00, 0x00, 0x00,
    0x00, 0x00, 0x00, 0x00, 0x00, 0x00, 0x09, 0xff,
    0xfb, 0x05, 0xff, 0x70, 0x00, 0x00, 0x00, 0x00,
    0x00, 0x00, 0x00, 0x00, 0x00, 0x00, 0x00, 0x00,
    0x00, 0x00, 0x2f, 0xff, 0xfd, 0xef, 0xf4, 0x00,
    0x00, 0x00, 0x00, 0x00, 0x00, 0x00, 0x00, 0x00,
    0x00, 0x00, 0x00, 0x00, 0x00, 0x00, 0x8f, 0xff,
    0xff, 0xff, 0x10, 0x00, 0x00, 0x00, 0x00, 0x00,
    0x00, 0x00, 0x00, 0x00, 0x00, 0x00, 0x00, 0x00,
    0x00, 0x00, 0xbf, 0xff, 0xff, 0xa0, 0x00, 0x00,
    0x00, 0x00, 0x00, 0x00, 0x00, 0x00, 0x00, 0x00,
    0x00, 0x00, 0x00, 0x00, 0x00, 0x00, 0x6d, 0xff,
    0xa0, 0x00,

    /* U+6C60 "池" */
    0x00, 0x00, 0x24, 0x00, 0x00, 0x00, 0x00, 0x00,
    0x00, 0x00, 0x00, 0x08, 0xcc, 0xc1, 0x00, 0x00,
    0x00, 0x00, 0x00, 0x00, 0x00, 0xcf, 0xd5, 0x00,
    0x00, 0x00, 0x00, 0x00, 0x00, 0x00, 0x0a, 0xff,
    0xf1, 0x00, 0x00, 0x00, 0x00, 0x00, 0x00, 0x09,
    0xff, 0xff, 0xd5, 0x00, 0x00, 0x00, 0x00, 0x00,
    0x00, 0x0a, 0xff, 0xf1, 0x00, 0x00, 0x00, 0x00,
    0x00, 0x00, 0x09, 0xff, 0xff, 0xff, 0xb2, 0x00,
    0x00, 0x00, 0x00, 0x00, 0x0a, 0xff, 0xf1, 0x00,
    0x00, 0x00, 0x00, 0x00, 0x00, 0x00, 0x19, 0xff,
    0xff, 0xff, 0x10, 0x2e, 0xee, 0x80, 0x00, 0x0a,
    0xff, 0xf1, 0x00, 0x00, 0x00, 0x00, 0x00, 0x00,
    0x00, 0x00, 0x2c, 0xff, 0xf9, 0x00, 0x2f, 0xff,
    0x90, 0x00, 0x0a, 0xff, 0xf1, 0x00, 0x00, 0x00,
    0x00, 0x00, 0x00, 0x00, 0x00, 0x00, 0x6f, 0xd0,
    0x00, 0x2f, 0xff, 0x90, 0x00, 0x0a, 0xff, 0xf1,
    0x00, 0x00, 0x01, 0x00, 0x00, 0x00, 0x00, 0x00,
    0x00, 0x03, 0x30, 0x00, 0x2f, 0xff, 0x90, 0x00,
    0x0a, 0xff, 0xf1, 0x00, 0x00, 0x6e, 0xd7, 0x10,
    0x00, 0x00, 0x00, 0x00, 0x00, 0x00, 0x00, 0x2f,
    0xff, 0x90, 0x00, 0x0a, 0xff, 0xf1, 0x02, 0x9e,
    0xff, 0xff, 0x40, 0x00, 0x00, 0x00, 0x00, 0x00,
    0x00, 0x00, 0x2f, 0xff, 0x90, 0x00, 0x0a, 0xff,
    0xf7, 0xcf, 0xff, 0xff, 0xff, 0x40, 0x00, 0x00,
    0x00, 0x00, 0x00, 0x00, 0x00, 0x2f, 0xff, 0x90,
    0x00, 0x0a, 0xff, 0xff, 0xff, 0xff, 0xff, 0xff,
    0x40, 0x00, 0x42, 0x00, 0x00, 0x00, 0x00, 0x00,
    0x2f, 0xff, 0x90, 0x01, 0x7e, 0xff, 0xff, 0xff,
    0xfe, 0xcf, 0xff, 0x40, 0x02, 0xff, 0xb3, 0x00,
    0x00, 0x00, 0x00, 0x2f, 0xff, 0x94, 0xaf, 0xff,
    0xff, 0xff, 0xfb, 0x50, 0x7f, 0xff, 0x30, 0x0c,
    0xff, 0xff, 0xb3, 0x00, 0x00, 0x00, 0x2f, 0xff,
    0xff, 0xff, 0xff, 0xff, 0xf8, 0x10, 0x00, 0x7f,
    0xff, 0x30, 0x1b, 0xff, 0xff, 0xff, 0x90, 0x00,
    0x00, 0x6f, 0xff, 0xff, 0xff, 0xff, 0xff, 0xf1,
    0x00, 0x00, 0x7f, 0xff, 0x30, 0x00, 0x3c, 0xff,
    0xff, 0xf9, 0x02, 0x8e, 0xff, 0xff, 0xff, 0xfd,
    0x7b, 0xff, 0xf1, 0x00, 0x00, 0x7f, 0xff, 0x30,
    0x00, 0x00, 0x5e, 0xff, 0xf1, 0x7f, 0xff, 0xff,
    0xff, 0xf9, 0x30, 0x0a, 0xff, 0xf1, 0x00, 0x00,
    0x7f, 0xff, 0x20, 0x00, 0x00, 0x00, 0x9f, 0x60,
    0x2f, 0xff, 0xff, 0xff, 0x90, 0x00, 0x0a, 0xff,
    0xf1, 0x00, 0x00, 0x7f, 0xff, 0x20, 0x00, 0x00,
    0x00, 0x03, 0x00, 0x0b, 0xff, 0xaf, 0xff, 0x90,
    0x00, 0x0a, 0xff, 0xf1, 0x00, 0x00, 0x7f, 0xff,
    0x10, 0x00, 0x00, 0x00, 0x00, 0x00, 0x03, 0x50,
    0x2f, 0xff, 0x90, 0x00, 0x0a, 0xff, 0xf1, 0x00,
    0x00, 0x8f, 0xff, 0x10, 0x00, 0x00, 0x00, 0x00,
    0x00, 0x00, 0x00, 0x2f, 0xff, 0x90, 0x00, 0x0a,
    0xff, 0xf1, 0x00, 0x00, 0x9f, 0xff, 0x00, 0x00,
    0x00, 0x00, 0x00, 0x05, 0x00, 0x00, 0x2f, 0xff,
    0x90, 0x00, 0x0a, 0xff, 0xf1, 0x00, 0x00, 0xaf,
    0xff, 0x00, 0x00, 0x00, 0x00, 0x00, 0x6f, 0x80,
    0x00, 0x2f, 0xff, 0x90, 0x00, 0x0a, 0xff, 0xf1,
    0x22, 0x13, 0xff, 0xfd, 0x00, 0x00, 0x00, 0x00,
    0x00, 0xef, 0xfa, 0x00, 0x2f, 0xff, 0x90, 0x00,
    0x0a, 0xff, 0xf1, 0x9f, 0xff, 0xff, 0xfa, 0x00,
    0x00, 0x00, 0x00, 0x06, 0xff, 0xfa, 0x00, 0x2f,
    0xff, 0x90, 0x00, 0x0a, 0xff, 0xf1, 0x5f, 0xff,
    0xff, 0xf4, 0x00, 0x00, 0x00, 0x00, 0x0e, 0xff,
    0xf3, 0x00, 0x2f, 0xff, 0x90, 0x00, 0x0a, 0xff,
    0xf1, 0x1f, 0xff, 0xfe, 0x50, 0x00, 0x00, 0x00,
    0x00, 0x7f, 0xff, 0xb0, 0x00, 0x2f, 0xff, 0x90,
    0x00, 0x0a, 0xff, 0xf1, 0x06, 0x55, 0x30, 0x00,
    0x00, 0x00, 0x00, 0x00, 0xef, 0xff, 0x40, 0x00,
    0x2f, 0xff, 0x90, 0x00, 0x0a, 0xff, 0xf1, 0x00,
    0x00, 0x00, 0x20, 0x00, 0x00, 0x00, 0x08, 0xff,
    0xfc, 0x00, 0x00, 0x2f, 0xff, 0x90, 0x00, 0x00,
    0x00, 0x00, 0x00, 0x00, 0x00, 0xad, 0x50, 0x00,
    0x00, 0x1f, 0xff, 0xf4, 0x00, 0x00, 0x2f, 0xff,
    0x90, 0x00, 0x00, 0x00, 0x00, 0x00, 0x00, 0x00,
    0xcf, 0xfd, 0x00, 0x00, 0xaf, 0xff, 0xb0, 0x00,
    0x00, 0x2f, 0xff, 0x90, 0x00, 0x00, 0x00, 0x00,
    0x00, 0x00, 0x00, 0xef, 0xfc, 0x00, 0x03, 0xff,
    0xff, 0x30, 0x00, 0x00, 0x1f, 0xff, 0xa0, 0x00,
    0x00, 0x00, 0x00, 0x00, 0x00, 0x01, 0xff, 0xf9,
    0x00, 0x0d, 0xff, 0xfb, 0x00, 0x00, 0x00, 0x0f,
    0xff, 0xd0, 0x00, 0x00, 0x00, 0x00, 0x00, 0x00,
    0x07, 0xff, 0xf6, 0x00, 0x7f, 0xff, 0xf2, 0x00,
    0x00, 0x00, 0x0d, 0xff, 0xfd, 0x97, 0x77, 0x77,
    0x77, 0x77, 0x78, 0xbf, 0xff, 0xf2, 0x00, 0xaf,
    0xff, 0x90, 0x00, 0x00, 0x00, 0x08, 0xff, 0xff,
    0xff, 0xff, 0xff, 0xff, 0xff, 0xff, 0xff, 0xff,
    0xb0, 0x00, 0x07, 0xff, 0x10, 0x00, 0x00, 0x00,
    0x01, 0xdf, 0xff, 0xff, 0xff, 0xff, 0xff, 0xff,
    0xff, 0xff, 0xfe, 0x20, 0x00, 0x00, 0x36, 0x00,
    0x00, 0x00, 0x00, 0x00, 0x07, 0xbe, 0xff, 0xff,
    0xff, 0xff, 0xff, 0xff, 0xfd, 0x81, 0x00,

    /* U+6CD5 "法" */
    0x00, 0x00, 0x16, 0x00, 0x00, 0x00, 0x00, 0x00,
    0x00, 0x00, 0x00, 0x2f, 0xff, 0x90, 0x00, 0x00,
    0x00, 0x00, 0x00, 0x00, 0x00, 0xbf, 0xe8, 0x10,
    0x00, 0x00, 0x00, 0x00, 0x00, 0x00, 0x3f, 0xff,
    0xa0, 0x00, 0x00, 0x00, 0x00, 0x00, 0x00, 0x07,
    0xff, 0xff, 0xf7, 0x00, 0x00, 0x00, 0x00, 0x00,
    0x00, 0x3f, 0xff, 0xa0, 0x00, 0x00, 0x00, 0x00,
    0x00, 0x00, 0x06, 0xdf, 0xff, 0xff, 0xe4, 0x00,
    0x00, 0x00, 0x00, 0x00, 0x3f, 0xff, 0xa0, 0x00,
    0x00, 0x00, 0x00, 0x00, 0x00, 0x00, 0x06, 0xef,
    0xff, 0xff, 0x70, 0x00, 0x00, 0x00, 0x00, 0x3f,
    0xff, 0xa0, 0x00, 0x00, 0x00, 0x00, 0x00, 0x00,
    0x00, 0x00, 0x09, 0xff, 0xff, 0x20, 0x00, 0x00,
    0x00, 0x00, 0x3f, 0xff, 0xa0, 0x00, 0x00, 0x00,
    0x00, 0x00, 0x00, 0x00, 0x00, 0x00, 0x3d, 0xf6,
    0x00, 0x48, 0x88, 0x88, 0x88, 0x9f, 0xff, 0xd8,
    0x88, 0x88, 0x88, 0x81, 0x00, 0x00, 0x00, 0x00,
    0x00, 0x00, 0x60, 0x00, 0x8f, 0xff, 0xff, 0xff,
    0xff, 0xff, 0xff, 0xff, 0xff, 0xff, 0xf3, 0x00,
    0x00, 0x00, 0x00, 0x00, 0x00, 0x00, 0x00, 0x8f,
    0xff, 0xff, 0xff, 0xff, 0xff, 0xff, 0xff, 0xff,
    0xff, 0xf3, 0x00, 0x00, 0x00, 0x00, 0x00, 0x00,
    0x00, 0x00, 0x8f, 0xff, 0xff, 0xff, 0xff, 0xff,
    0xff, 0xff, 0xff, 0xff, 0xf3, 0x00, 0x00, 0x00,
    0x00, 0x00, 0x00, 0x00, 0x00, 0x01, 0x11, 0x11,
    0x11, 0x4f, 0xff, 0xa1, 0x11, 0x11, 0x11, 0x10,
    0x00, 0x00, 0x56, 0x00, 0x00, 0x00, 0x00, 0x00,
    0x00, 0x00, 0x00, 0x00, 0x3f, 0xff, 0xa0, 0x00,
    0x00, 0x00, 0x00, 0x00, 0x02, 0xff, 0xf8, 0x10,
    0x00, 0x00, 0x00, 0x00, 0x00, 0x00, 0x00, 0x3f,
    0xff, 0xa0, 0x00, 0x00, 0x00, 0x00, 0x00, 0x0c,
    0xff, 0xff, 0xf7, 0x00, 0x00, 0x00, 0x00, 0x00,
    0x00, 0x00, 0x3f, 0xff, 0xa0, 0x00, 0x00, 0x00,
    0x00, 0x00, 0x07, 0xef, 0xff, 0xff, 0xd3, 0x00,
    0x00, 0x00, 0x00, 0x00, 0x00, 0x3f, 0xff, 0xa0,
    0x00, 0x00, 0x00, 0x00, 0x00, 0x00, 0x07, 0xff,
    0xff, 0xff, 0x20, 0x00, 0x00, 0x00, 0x00, 0x00,
    0x3f, 0xff, 0xa0, 0x00, 0x00, 0x00, 0x00, 0x00,
    0x00, 0x00, 0x1a, 0xff, 0xf9, 0x00, 0x02, 0x22,
    0x22, 0x22, 0x22, 0x5f, 0xff, 0xb2, 0x22, 0x22,
    0x22, 0x22, 0x10, 0x00, 0x00, 0x00, 0x5e, 0xe0,
    0x00, 0x3f, 0xff, 0xff, 0xff, 0xff, 0xff, 0xff,
    0xff, 0xff, 0xff, 0xff, 0xff, 0xc0, 0x00, 0x00,
    0x00, 0x01, 0x30, 0x00, 0x3f, 0xff, 0xff, 0xff,
    0xff, 0xff, 0xff, 0xff, 0xff, 0xff, 0xff, 0xff,
    0xc0, 0x00, 0x00, 0x00, 0x00, 0x00, 0x00, 0x3f,
    0xff, 0xff, 0xff, 0xff, 0xff, 0xff, 0xff, 0xff,
    0xff, 0xff, 0xff, 0xc0, 0x00, 0x00, 0x00, 0x00,
    0x00, 0x00, 0x16, 0x66, 0x66, 0x66, 0x6f, 0xff,
    0xfb, 0x66, 0x66, 0x66, 0x66, 0x66, 0x50, 0x00,
    0x00, 0x00, 0x00, 0x02, 0x00, 0x00, 0x00, 0x00,
    0x00, 0x5f, 0xff, 0xf1, 0x00, 0x00, 0x00, 0x00,
    0x00, 0x00, 0x00, 0x00, 0x00, 0x00, 0x0c, 0xc1,
    0x00, 0x00, 0x00, 0x00, 0xcf, 0xff, 0x90, 0x00,
    0x00, 0x00, 0x00, 0x00, 0x00, 0x00, 0x00, 0x00,
    0x00, 0x4f, 0xfd, 0x10, 0x00, 0x00, 0x04, 0xff,
    0xff, 0x10, 0x00, 0x00, 0x00, 0x00, 0x00, 0x00,
    0x00, 0x00, 0x00, 0x00, 0xdf, 0xff, 0x40, 0x00,
    0x00, 0x0c, 0xff, 0xf8, 0x00, 0x00, 0x06, 0x70,
    0x00, 0x00, 0x00, 0x00, 0x00, 0x00, 0x06, 0xff,
    0xfc, 0x00, 0x00, 0x00, 0x4f, 0xff, 0xf1, 0x00,
    0x05, 0xef, 0xf5, 0x00, 0x00, 0x00, 0x00, 0x00,
    0x00, 0x0e, 0xff, 0xf4, 0x00, 0x00, 0x00, 0xdf,
    0xff, 0x70, 0x00, 0x02, 0xff, 0xff, 0x20, 0x00,
    0x00, 0x00, 0x00, 0x00, 0x8f, 0xff, 0xc0, 0x00,
    0x00, 0x06, 0xff, 0xfd, 0x00, 0x00, 0x00, 0x6f,
    0xff, 0xc0, 0x00, 0x00, 0x00, 0x00, 0x02, 0xff,
    0xff, 0x30, 0x00, 0x00, 0x1e, 0xff, 0xf4, 0x00,
    0x00, 0x00, 0x0b, 0xff, 0xf6, 0x00, 0x00, 0x00,
    0x00, 0x0b, 0xff, 0xfa, 0x00, 0x00, 0x00, 0xaf,
    0xff, 0x90, 0x00, 0x00, 0x00, 0x02, 0xff, 0xff,
    0x10, 0x00, 0x00, 0x00, 0x5f, 0xff, 0xf2, 0x00,
    0x00, 0x05, 0xff, 0xfe, 0x10, 0x00, 0x01, 0x24,
    0x68, 0xdf, 0xff, 0xa0, 0x00, 0x00, 0x01, 0xef,
    0xff, 0x80, 0x00, 0x00, 0x3f, 0xff, 0xfa, 0x79,
    0xbd, 0xff, 0xff, 0xff, 0xff, 0xff, 0xf3, 0x00,
    0x00, 0x0a, 0xff, 0xfe, 0x00, 0x00, 0x03, 0xff,
    0xff, 0xff, 0xff, 0xff, 0xff, 0xff, 0xff, 0xff,
    0xff, 0xfc, 0x00, 0x00, 0x4f, 0xff, 0xf6, 0x00,
    0x00, 0x00, 0xff, 0xff, 0xff, 0xff, 0xff, 0xff,
    0xff, 0xfe, 0xca, 0xdf, 0xff, 0x40, 0x00, 0x8f,
    0xff, 0xc0, 0x00, 0x00, 0x00, 0xaf, 0xff, 0xff,
    0xfe, 0xca, 0x86, 0x42, 0x00, 0x00, 0x4f, 0xff,
    0xc0, 0x00, 0x06, 0xff, 0x30, 0x00, 0x00, 0x00,
    0x5e, 0xa7, 0x52, 0x00, 0x00, 0x00, 0x00, 0x00,
    0x00, 0x0d, 0xff, 0xf1, 0x00, 0x00, 0x37, 0x00,
    0x00, 0x00, 0x00, 0x00, 0x00, 0x00, 0x00, 0x00,
    0x00, 0x00, 0x00, 0x00, 0x07, 0xf8, 0x10, 0x00,
    0x00, 0x00, 0x00, 0x00, 0x00, 0x00, 0x00, 0x00,
    0x00, 0x00, 0x00, 0x00, 0x00, 0x00, 0x00, 0x01,
    0x10, 0x00,

    /* U+6E29 "温" */
    0x00, 0x00, 0x10, 0x00, 0x00, 0x00, 0x00, 0x00,
    0x00, 0x00, 0x00, 0x00, 0x00, 0x00, 0x00, 0x00,
    0x00, 0x00, 0x00, 0x00, 0x00, 0xcf, 0x81, 0x00,
    0x00, 0x00, 0x11, 0x11, 0x11, 0x11, 0x11, 0x11,
    0x11, 0x11, 0x11, 0x10, 0x00, 0x00, 0x00, 0x09,
    0xff, 0xff, 0x91, 0x00, 0x00, 0xef, 0xff, 0xff,
    0xff, 0xff, 0xff, 0xff, 0xff, 0xff, 0xfc, 0x00,
    0x00, 0x00, 0x0b, 0xff, 0xff, 0xff, 0x70, 0x00,
    0xef, 0xff, 0xff, 0xff, 0xff, 0xff, 0xff, 0xff,
    0xff, 0xfc, 0x00, 0x00, 0x00, 0x00, 0x3b, 0xff,
    0xff, 0xfc, 0x10, 0xef, 0xff, 0xff, 0xff, 0xff,
    0xff, 0xff, 0xff, 0xff, 0xfc, 0x00, 0x00, 0x00,
    0x00, 0x00, 0x4d, 0xff, 0xfa, 0x00, 0xef, 0xf9,
    0x11, 0x11, 0x11, 0x11, 0x11, 0x11, 0xff, 0xfc,
    0x00, 0x00, 0x00, 0x00, 0x00, 0x00, 0x8f, 0xd1,
    0x00, 0xef, 0xf9, 0x00, 0x00, 0x00, 0x00, 0x00,
    0x00, 0xff, 0xfc, 0x00, 0x00, 0x00, 0x00, 0x00,
    0x00, 0x03, 0x30, 0x00, 0xef, 0xf9, 0x00, 0x00,
    0x00, 0x00, 0x00, 0x00, 0xff, 0xfc, 0x00, 0x00,
    0x00, 0x00, 0x00, 0x00, 0x00, 0x00, 0x00, 0xef,
    0xff, 0xee, 0xee, 0xee, 0xee, 0xee, 0xee, 0xff,
    0xfc, 0x00, 0x00, 0x00, 0x00, 0x00, 0x00, 0x00,
    0x00, 0x00, 0xef, 0xff, 0xff, 0xff, 0xff, 0xff,
    0xff, 0xff, 0xff, 0xfc, 0x00, 0x00, 0x00, 0x00,
    0x00, 0x00, 0x00, 0x00, 0x00, 0xef, 0xff, 0xff,
    0xff, 0xff, 0xff, 0xff, 0xff, 0xff, 0xfc, 0x00,
    0x00, 0x00, 0x51, 0x00, 0x00, 0x00, 0x00, 0x00,
    0xef, 0xf9, 0x00, 0x00, 0x00, 0x00, 0x00, 0x00,
    0xff, 0xfc, 0x00, 0x00, 0x06, 0xff, 0x80, 0x00,
    0x00, 0x00, 0x00, 0xef, 0xf9, 0x00, 0x00, 0x00,
    0x00, 0x00, 0x00, 0xff, 0xfc, 0x00, 0x00, 0x2f,
    0xff, 0xfe, 0x60, 0x00, 0x00, 0x00, 0xef, 0xf9,
    0x00, 0x00, 0x00, 0x00, 0x00, 0x00, 0xff, 0xfc,
    0x00, 0x00, 0x4d, 0xff, 0xff, 0xfc, 0x30, 0x00,
    0x00, 0xef, 0xfb, 0x55, 0x55, 0x55, 0x55, 0x55,
    0x55, 0xff, 0xfc, 0x00, 0x00, 0x00, 0x6e, 0xff,
    0xff, 0xf6, 0x00, 0x00, 0xef, 0xff, 0xff, 0xff,
    0xff, 0xff, 0xff, 0xff, 0xff, 0xfc, 0x00, 0x00,
    0x00, 0x00, 0x8f, 0xff, 0xf6, 0x00, 0x00, 0xef,
    0xff, 0xff, 0xff, 0xff, 0xff, 0xff, 0xff, 0xff,
    0xfc, 0x00, 0x00, 0x00, 0x00, 0x03, 0xdf, 0xb0,
    0x00, 0x00, 0xcd, 0xdd, 0xdd, 0xdd, 0xdd, 0xdd,
    0xdd, 0xdd, 0xdd, 0xd9, 0x00, 0x00, 0x00, 0x00,
    0x00, 0x08, 0x10, 0x00, 0x00, 0x00, 0x00, 0x00,
    0x00, 0x00, 0x00, 0x00, 0x00, 0x00, 0x00, 0x00,
    0x00, 0x00, 0x00, 0x00, 0x00, 0x00, 0x00, 0x00,
    0x00, 0x00, 0x00, 0x00, 0x00, 0x00, 0x00, 0x00,
    0x00, 0x00, 0x00, 0x00, 0x00, 0x00, 0x00, 0x00,
    0x00, 0x00, 0x14, 0x44, 0x44, 0x44, 0x44, 0x44,
    0x44, 0x44, 0x44, 0x44, 0x44, 0x40, 0x00, 0x00,
    0x00, 0x00, 0x00, 0x10, 0x00, 0x3f, 0xff, 0xff,
    0xff, 0xff, 0xff, 0xff, 0xff, 0xff, 0xff, 0xff,
    0xf2, 0x00, 0x00, 0x00, 0x00, 0x02, 0xf5, 0x00,
    0x3f, 0xff, 0xff, 0xff, 0xff, 0xff, 0xff, 0xff,
    0xff, 0xff, 0xff, 0xf2, 0x00, 0x00, 0x00, 0x00,
    0x09, 0xff, 0x80, 0x3f, 0xff, 0xff, 0xff, 0xff,
    0xff, 0xff, 0xff, 0xff, 0xff, 0xff, 0xf2, 0x00,
    0x00, 0x00, 0x00, 0x2f, 0xff, 0xd0, 0x3f, 0xff,
    0x20, 0x0d, 0xff, 0x10, 0x0d, 0xff, 0x10, 0x07,
    0xff, 0xf2, 0x00, 0x00, 0x00, 0x00, 0xaf, 0xff,
    0x60, 0x3f, 0xff, 0x20, 0x0d, 0xff, 0x10, 0x0d,
    0xff, 0x10, 0x07, 0xff, 0xf2, 0x00, 0x00, 0x00,
    0x02, 0xff, 0xfe, 0x00, 0x3f, 0xff, 0x20, 0x0d,
    0xff, 0x10, 0x0d, 0xff, 0x10, 0x07, 0xff, 0xf2,
    0x00, 0x00, 0x00, 0x0a, 0xff, 0xf6, 0x00, 0x3f,
    0xff, 0x20, 0x0d, 0xff, 0x10, 0x0d, 0xff, 0x10,
    0x07, 0xff, 0xf2, 0x00, 0x00, 0x00, 0x3f, 0xff,
    0xe0, 0x00, 0x3f, 0xff, 0x20, 0x0d, 0xff, 0x10,
    0x0d, 0xff, 0x10, 0x07, 0xff, 0xf2, 0x00, 0x00,
    0x00, 0xcf, 0xff, 0x60, 0x00, 0x3f, 0xff, 0x20,
    0x0d, 0xff, 0x10, 0x0d, 0xff, 0x10, 0x07, 0xff,
    0xf2, 0x00, 0x00, 0x05, 0xff, 0xfe, 0x00, 0x00,
    0x3f, 0xff, 0x20, 0x0d, 0xff, 0x10, 0x0d, 0xff,
    0x10, 0x07, 0xff, 0xf2, 0x00, 0x00, 0x0e, 0xff,
    0xf6, 0x00, 0x00, 0x3f, 0xff, 0x20, 0x0d, 0xff,
    0x10, 0x0d, 0xff, 0x10, 0x07, 0xff, 0xf2, 0x00,
    0x00, 0x8f, 0xff, 0xd0, 0x00, 0x00, 0x4f, 0xff,
    0x30, 0x0d, 0xff, 0x20, 0x0d, 0xff, 0x20, 0x08,
    0xff, 0xf2, 0x00, 0x02, 0xff, 0xff, 0x40, 0x08,
    0xff, 0xff, 0xff, 0xff, 0xff, 0xff, 0xff, 0xff,
    0xff, 0xff, 0xff, 0xff, 0xff, 0xfa, 0x06, 0xff,
    0xfb, 0x00, 0x08, 0xff, 0xff, 0xff, 0xff, 0xff,
    0xff, 0xff, 0xff, 0xff, 0xff, 0xff, 0xff, 0xff,
    0xfa, 0x00, 0x4e, 0xf3, 0x00, 0x08, 0xff, 0xff,
    0xff, 0xff, 0xff, 0xff, 0xff, 0xff, 0xff, 0xff,
    0xff, 0xff, 0xff, 0xfa, 0x00, 0x01, 0x60, 0x00,
    0x02, 0x44, 0x44, 0x44, 0x44, 0x44, 0x44, 0x44,
    0x44, 0x44, 0x44, 0x44, 0x44, 0x44, 0x42,

    /* U+7528 "用" */
    0x00, 0x00, 0x1c, 0xcc, 0xcc, 0xcc, 0xcc, 0xcc,
    0xcc, 0xcc, 0xcc, 0xcc, 0xcc, 0xcc, 0xcc, 0xcd,
    0xcc, 0x90, 0x00, 0x01, 0xff, 0xff, 0xff, 0xff,
    0xff, 0xff, 0xff, 0xff, 0xff, 0xff, 0xff, 0xff,
    0xff, 0xff, 0xfb, 0x00, 0x00, 0x1f, 0xff, 0xff,
    0xff, 0xff, 0xff, 0xff, 0xff, 0xff, 0xff, 0xff,
    0xff, 0xff, 0xff, 0xff, 0xb0, 0x00, 0x01, 0xff,
    0xff, 0xdd, 0xdd, 0xdd, 0xdd, 0xff, 0xff, 0xdd,
    0xdd, 0xdd, 0xdd, 0xdd, 0xff, 0xfb, 0x00, 0x00,
    0x1f, 0xff, 0xb0, 0x00, 0x00, 0x00, 0x0b, 0xff,
    0xf1, 0x00, 0x00, 0x00, 0x00, 0x0f, 0xff, 0xb0,
    0x00, 0x01, 0xff, 0xfb, 0x00, 0x00, 0x00, 0x00,
    0xbf, 0xff, 0x10, 0x00, 0x00, 0x00, 0x00, 0xff,
    0xfb, 0x00, 0x00, 0x1f, 0xff, 0xb0, 0x00, 0x00,
    0x00, 0x0b, 0xff, 0xf1, 0x00, 0x00, 0x00, 0x00,
    0x0f, 0xff, 0xb0, 0x00, 0x01, 0xff, 0xfb, 0x00,
    0x00, 0x00, 0x00, 0xbf, 0xff, 0x10, 0x00, 0x00,
    0x00, 0x00, 0xff, 0xfb, 0x00, 0x00, 0x1f, 0xff,
    0xb0, 0x00, 0x00, 0x00, 0x0b, 0xff, 0xf1, 0x00,
    0x00, 0x00, 0x00, 0x0f, 0xff, 0xb0, 0x00, 0x01,
    0xff, 0xfe, 0x99, 0x99, 0x99, 0x99, 0xef, 0xff,
    0x99, 0x99, 0x99, 0x99, 0x99, 0xff, 0xfb, 0x00,
    0x00, 0x1f, 0xff, 0xff, 0xff, 0xff, 0xff, 0xff,
    0xff, 0xff, 0xff, 0xff, 0xff, 0xff, 0xff, 0xff,
    0xb0, 0x00, 0x01, 0xff, 0xff, 0xff, 0xff, 0xff,
    0xff, 0xff, 0xff, 0xff, 0xff, 0xff, 0xff, 0xff,
    0xff, 0xfb, 0x00, 0x00, 0x1f, 0xff, 0xff, 0xff,
    0xff, 0xff, 0xff, 0xff, 0xff, 0xff, 0xff, 0xff,
    0xff, 0xff, 0xff, 0xb0, 0x00, 0x01, 0xff, 0xfb,
    0x00, 0x00, 0x00, 0x00, 0xbf, 0xff, 0x10, 0x00,
    0x00, 0x00, 0x00, 0xff, 0xfb, 0x00, 0x00, 0x1f,
    0xff, 0xb0, 0x00, 0x00, 0x00, 0x0b, 0xff, 0xf1,
    0x00, 0x00, 0x00, 0x00, 0x0f, 0xff, 0xb0, 0x00,
    0x01, 0xff, 0xfa, 0x00, 0x00, 0x00, 0x00, 0xbf,
    0xff, 0x10, 0x00, 0x00, 0x00, 0x00, 0xff, 0xfb,
    0x00, 0x00, 0x1f, 0xff, 0xa0, 0x00, 0x00, 0x00,
    0x0b, 0xff, 0xf1, 0x00, 0x00, 0x00, 0x00, 0x0f,
    0xff, 0xb0, 0x00, 0x02, 0xff, 0xf9, 0x00, 0x00,
    0x00, 0x00, 0xbf, 0xff, 0x10, 0x00, 0x00, 0x00,
    0x00, 0xff, 0xfb, 0x00, 0x00, 0x3f, 0xff, 0x80,
    0x00, 0x00, 0x00, 0x0b, 0xff, 0xf2, 0x00, 0x00,
    0x00, 0x00, 0x1f, 0xff, 0xb0, 0x00, 0x04, 0xff,
    0xff, 0xff, 0xff, 0xff, 0xff, 0xff, 0xff, 0xff,
    0xff, 0xff, 0xff, 0xff, 0xff, 0xfb, 0x00, 0x00,
    0x5f, 0xff, 0xff, 0xff, 0xff, 0xff, 0xff, 0xff,
    0xff, 0xff, 0xff, 0xff, 0xff, 0xff, 0xff, 0xb0,
    0x00, 0x07, 0xff, 0xff, 0xff, 0xff, 0xff, 0xff,
    0xff, 0xff, 0xff, 0xff, 0xff, 0xff, 0xff, 0xff,
    0xfb, 0x00, 0x00, 0xaf, 0xff, 0x98, 0x88, 0x88,
    0x88, 0x8e, 0xff, 0xf9, 0x88, 0x88, 0x88, 0x88,
    0x9f, 0xff, 0xb0, 0x00, 0x0d, 0xff, 0xf0, 0x00,
    0x00, 0x00, 0x00, 0xbf, 0xff, 0x10, 0x00, 0x00,
    0x00, 0x00, 0xff, 0xfb, 0x00, 0x00, 0xff, 0xfb,
    0x00, 0x00, 0x00, 0x00, 0x0b, 0xff, 0xf1, 0x00,
    0x00, 0x00, 0x00, 0x0f, 0xff, 0xb0, 0x00, 0x5f,
    0xff, 0x80, 0x00, 0x00, 0x00, 0x00, 0xbf, 0xff,
    0x10, 0x00, 0x00, 0x00, 0x00, 0xff, 0xfb, 0x00,
    0x0a, 0xff, 0xf4, 0x00, 0x00, 0x00, 0x00, 0x0b,
    0xff, 0xf1, 0x00, 0x00, 0x00, 0x00, 0x0f, 0xff,
    0xb0, 0x01, 0xff, 0xff, 0x00, 0x00, 0x00, 0x00,
    0x00, 0xbf, 0xff, 0x10, 0x00, 0x00, 0x00, 0x00,
    0xff, 0xfb, 0x00, 0x7f, 0xff, 0xa0, 0x00, 0x00,
    0x00, 0x00, 0x0b, 0xff, 0xf1, 0x00, 0x00, 0x00,
    0x00, 0x0f, 0xff, 0xb0, 0x1e, 0xff, 0xf4, 0x00,
    0x00, 0x00, 0x00, 0x00, 0xbf, 0xff, 0x10, 0x00,
    0x00, 0x00, 0x00, 0xff, 0xfb, 0x0a, 0xff, 0xfc,
    0x00, 0x00, 0x00, 0x00, 0x00, 0x0b, 0xff, 0xf1,
    0x00, 0x88, 0x88, 0x88, 0xaf, 0xff, 0xa6, 0xff,
    0xff, 0x40, 0x00, 0x00, 0x00, 0x00, 0x00, 0xbf,
    0xff, 0x10, 0x0a, 0xff, 0xff, 0xff, 0xff, 0xf7,
    0x4e, 0xff, 0xa0, 0x00, 0x00, 0x00, 0x00, 0x00,
    0x0b, 0xff, 0xf1, 0x00, 0x4f, 0xff, 0xff, 0xff,
    0xfe, 0x10, 0x1d, 0xd1, 0x00, 0x00, 0x00, 0x00,
    0x00, 0x00, 0xae, 0xee, 0x10, 0x00, 0xff, 0xff,
    0xfe, 0xc8, 0x10, 0x00, 0x12, 0x00, 0x00, 0x00,
    0x00, 0x00, 0x00, 0x00, 0x00, 0x00, 0x00, 0x00,
    0x00, 0x00, 0x00, 0x00, 0x00,

    /* U+7535 "电" */
    0x00, 0x00, 0x00, 0x00, 0x00, 0x00, 0x01, 0xaa,
    0xa9, 0x00, 0x00, 0x00, 0x00, 0x00, 0x00, 0x00,
    0x00, 0x00, 0x00, 0x00, 0x00, 0x00, 0x00, 0x00,
    0x2f, 0xff, 0xe0, 0x00, 0x00, 0x00, 0x00, 0x00,
    0x00, 0x00, 0x00, 0x00, 0x00, 0x00, 0x00, 0x00,
    0x00, 0x02, 0xff, 0xfe, 0x00, 0x00, 0x00, 0x00,
    0x00, 0x00, 0x00, 0x00, 0x00, 0x00, 0x00, 0x00,
    0x00, 0x00, 0x00, 0x2f, 0xff, 0xe0, 0x00, 0x00,
    0x00, 0x00, 0x00, 0x00, 0x00, 0x00, 0x00, 0x00,
    0x00, 0x00, 0x00, 0x00, 0x02, 0xff, 0xfe, 0x00,
    0x00, 0x00, 0x00, 0x00, 0x00, 0x00, 0x00, 0x00,
    0x00, 0x00, 0x00, 0x00, 0x00, 0x00, 0x2f, 0xff,
    0xe0, 0x00, 0x00, 0x00, 0x00, 0x00, 0x00, 0x00,
    0x00, 0x4f, 0xff, 0xff, 0xff, 0xff, 0xff, 0xff,
    0xff, 0xff, 0xff, 0xff, 0xff, 0xff, 0xff, 0xff,
    0xb0, 0x00, 0x04, 0xff, 0xff, 0xff, 0xff, 0xff,
    0xff, 0xff, 0xff, 0xff, 0xff, 0xff, 0xff, 0xff,
    0xff, 0xfc, 0x00, 0x00, 0x4f, 0xff, 0xff, 0xff,
    0xff, 0xff, 0xff, 0xff, 0xff, 0xff, 0xff, 0xff,
    0xff, 0xff, 0xff, 0xc0, 0x00, 0x04, 0xff, 0xfe,
    0xbb, 0xbb, 0xbb, 0xbb, 0xcf, 0xff, 0xfb, 0xbb,
    0xbb, 0xbb, 0xbc, 0xff, 0xfc, 0x00, 0x00, 0x4f,
    0xff, 0xa0, 0x00, 0x00, 0x00, 0x02, 0xff, 0xfe,
    0x00, 0x00, 0x00, 0x00, 0x1f, 0xff, 0xc0, 0x00,
    0x04, 0xff, 0xfa, 0x00, 0x00, 0x00, 0x00, 0x2f,
    0xff, 0xe0, 0x00, 0x00, 0x00, 0x01, 0xff, 0xfc,
    0x00, 0x00, 0x4f, 0xff, 0xa0, 0x00, 0x00, 0x00,
    0x02, 0xff, 0xfe, 0x00, 0x00, 0x00, 0x00, 0x1f,
    0xff, 0xc0, 0x00, 0x04, 0xff, 0xfa, 0x00, 0x00,
    0x00, 0x00, 0x2f, 0xff, 0xe0, 0x00, 0x00, 0x00,
    0x01, 0xff, 0xfc, 0x00, 0x00, 0x4f, 0xff, 0xd7,
    0x77, 0x77, 0x77, 0x78, 0xff, 0xff, 0x77, 0x77,
    0x77, 0x77, 0x8f, 0xff, 0xc0, 0x00, 0x04, 0xff,
    0xff, 0xff, 0xff, 0xff, 0xff, 0xff, 0xff, 0xff,
    0xff, 0xff, 0xff, 0xff, 0xff, 0xfc, 0x00, 0x00,
    0x4f, 0xff, 0xff, 0xff, 0xff, 0xff, 0xff, 0xff,
    0xff, 0xff, 0xff, 0xff, 0xff, 0xff, 0xff, 0xc0,
    0x00, 0x04, 0xff, 0xff, 0xff, 0xff, 0xff, 0xff,
    0xff, 0xff, 0xff, 0xff, 0xff, 0xff, 0xff, 0xff,
    0xfc, 0x00, 0x00, 0x4f, 0xff, 0xa0, 0x00, 0x00,
    0x00, 0x03, 0xff, 0xfe, 0x00, 0x00, 0x00, 0x00,
    0x2f, 0xff, 0xc0, 0x00, 0x04, 0xff, 0xfa, 0x00,
    0x00, 0x00, 0x00, 0x2f, 0xff, 0xe0, 0x00, 0x00,
    0x00, 0x01, 0xff, 0xfc, 0x00, 0x00, 0x4f, 0xff,
    0xa0, 0x00, 0x00, 0x00, 0x02, 0xff, 0xfe, 0x00,
    0x00, 0x00, 0x00, 0x1f, 0xff, 0xc0, 0x00, 0x04,
    0xff, 0xfa, 0x00, 0x00, 0x00, 0x00, 0x2f, 0xff,
    0xe0, 0x00, 0x00, 0x00, 0x01, 0xff, 0xfc, 0x00,
    0x00, 0x4f, 0xff, 0xa0, 0x00, 0x00, 0x00, 0x02,
    0xff, 0xfe, 0x00, 0x00, 0x00, 0x00, 0x1f, 0xff,
    0xc0, 0x00, 0x04, 0xff, 0xff, 0xff, 0xff, 0xff,
    0xff, 0xff, 0xff, 0xff, 0xff, 0xff, 0xff, 0xff,
    0xff, 0xfc, 0x00, 0x00, 0x4f, 0xff, 0xff, 0xff,
    0xff, 0xff, 0xff, 0xff, 0xff, 0xff, 0xff, 0xff,
    0xff, 0xff, 0xff, 0xc0, 0x00, 0x04, 0xff, 0xff,
    0xff, 0xff, 0xff, 0xff, 0xff, 0xff, 0xff, 0xff,
    0xff, 0xff, 0xff, 0xff, 0xfc, 0x00, 0x00, 0x4f,
    0xff, 0xeb, 0xbb, 0xbb, 0xbb, 0xbc, 0xff, 0xff,
    0xbb, 0xbb, 0xbb, 0xbb, 0xbb, 0xbb, 0x90, 0x00,
    0x04, 0xff, 0xfa, 0x00, 0x00, 0x00, 0x00, 0x2f,
    0xff, 0xe0, 0x00, 0x00, 0x00, 0x00, 0x00, 0x02,
    0xd6, 0x00, 0x4f, 0xff, 0xa0, 0x00, 0x00, 0x00,
    0x02, 0xff, 0xfe, 0x00, 0x00, 0x00, 0x00, 0x00,
    0x00, 0x3f, 0xff, 0x70, 0x22, 0x21, 0x00, 0x00,
    0x00, 0x00, 0x2f, 0xff, 0xe0, 0x00, 0x00, 0x00,
    0x00, 0x00, 0x05, 0xff, 0xf8, 0x00, 0x00, 0x00,
    0x00, 0x00, 0x00, 0x02, 0xff, 0xfe, 0x00, 0x00,
    0x00, 0x00, 0x00, 0x00, 0x7f, 0xff, 0x60, 0x00,
    0x00, 0x00, 0x00, 0x00, 0x00, 0x1f, 0xff, 0xf0,
    0x00, 0x00, 0x00, 0x00, 0x00, 0x0a, 0xff, 0xf4,
    0x00, 0x00, 0x00, 0x00, 0x00, 0x00, 0x00, 0xff,
    0xff, 0x40, 0x00, 0x00, 0x00, 0x00, 0x03, 0xff,
    0xff, 0x10, 0x00, 0x00, 0x00, 0x00, 0x00, 0x00,
    0x0d, 0xff, 0xff, 0xed, 0xdd, 0xdd, 0xdd, 0xdd,
    0xff, 0xff, 0xc0, 0x00, 0x00, 0x00, 0x00, 0x00,
    0x00, 0x00, 0x8f, 0xff, 0xff, 0xff, 0xff, 0xff,
    0xff, 0xff, 0xff, 0xf5, 0x00, 0x00, 0x00, 0x00,
    0x00, 0x00, 0x00, 0x01, 0xdf, 0xff, 0xff, 0xff,
    0xff, 0xff, 0xff, 0xff, 0xfa, 0x00, 0x00, 0x00,
    0x00, 0x00, 0x00, 0x00, 0x00, 0x00, 0x7c, 0xef,
    0xff, 0xff, 0xff, 0xff, 0xfe, 0xc6, 0x00, 0x00,

    /* U+76D8 "盘" */
    0x00, 0x00, 0x00, 0x00, 0x00, 0x00, 0x00, 0x00,
    0x03, 0x00, 0x00, 0x00, 0x00, 0x00, 0x00, 0x00,
    0x00, 0x00, 0x00, 0x00, 0x00, 0x00, 0x00, 0x00,
    0x00, 0x00, 0x00, 0x2f, 0xfd, 0xb0, 0x00, 0x00,
    0x00, 0x00, 0x00, 0x00, 0x00, 0x00, 0x00, 0x00,
    0x00, 0x00, 0x00, 0x00, 0x00, 0x00, 0x8f, 0xff,
    0xb0, 0x00, 0x00, 0x00, 0x00, 0x00, 0x00, 0x00,
    0x00, 0x00, 0x00, 0x00, 0x00, 0x00, 0x00, 0x00,
    0x00, 0xef, 0xff, 0x40, 0x00, 0x00, 0x00, 0x00,
    0x00, 0x00, 0x00, 0x00, 0x00, 0x00, 0x00, 0x0c,
    0xff, 0xff, 0xff, 0xff, 0xff, 0xff, 0xff, 0xff,
    0xff, 0xff, 0xff, 0xfe, 0x00, 0x00, 0x00, 0x00,
    0x00, 0x00, 0x0d, 0xff, 0xff, 0xff, 0xff, 0xff,
    0xff, 0xff, 0xff, 0xff, 0xff, 0xff, 0xfe, 0x00,
    0x00, 0x00, 0x00, 0x00, 0x00, 0x0d, 0xff, 0xff,
    0xff, 0xff, 0xff, 0xff, 0xff, 0xff, 0xff, 0xff,
    0xff, 0xfe, 0x00, 0x00, 0x00, 0x00, 0x00, 0x00,
    0x0d, 0xff, 0xc1, 0x11, 0x11, 0x94, 0x11, 0x11,
    0x11, 0x11, 0x11, 0xef, 0xfe, 0x00, 0x00, 0x00,
    0x00, 0x00, 0x00, 0x0d, 0xff, 0xc0, 0x00, 0x08,
    0xff, 0xb3, 0x00, 0x00, 0x00, 0x00, 0xef, 0xfe,
    0x00, 0x00, 0x00, 0x00, 0x00, 0x00, 0x0d, 0xff,
    0xc0, 0x00, 0x2e, 0xff, 0xff, 0x91, 0x00, 0x00,
    0x00, 0xef, 0xfe, 0x00, 0x00, 0x00, 0x00, 0x00,
    0x00, 0x0d, 0xff, 0xc0, 0x00, 0x00, 0x7f, 0xff,
    0xfe, 0x40, 0x00, 0x00, 0xef, 0xfe, 0x00, 0x00,
    0x00, 0x00, 0x00, 0x00, 0x0d, 0xff, 0xc0, 0x00,
    0x00, 0x01, 0xaf, 0xff, 0x50, 0x00, 0x00, 0xef,
    0xfe, 0x00, 0x00, 0x00, 0x03, 0x33, 0x33, 0x3e,
    0xff, 0xc3, 0x33, 0x33, 0x33, 0x38, 0xfb, 0x33,
    0x33, 0x33, 0xef, 0xff, 0x33, 0x33, 0x31, 0x2f,
    0xff, 0xff, 0xff, 0xff, 0xff, 0xff, 0xff, 0xff,
    0xff, 0xff, 0xff, 0xff, 0xff, 0xff, 0xff, 0xff,
    0xff, 0xf5, 0x2f, 0xff, 0xff, 0xff, 0xff, 0xff,
    0xff, 0xff, 0xff, 0xff, 0xff, 0xff, 0xff, 0xff,
    0xff, 0xff, 0xff, 0xff, 0xf5, 0x2f, 0xff, 0xff,
    0xff, 0xff, 0xff, 0xff, 0xff, 0xff, 0xff, 0xff,
    0xff, 0xff, 0xff, 0xff, 0xff, 0xff, 0xff, 0xf5,
    0x01, 0x11, 0x11, 0xbf, 0xff, 0x31, 0x11, 0x14,
    0x93, 0x11, 0x11, 0x11, 0x11, 0x11, 0xef, 0xff,
    0x11, 0x11, 0x10, 0x00, 0x00, 0x02, 0xff, 0xfd,
    0x00, 0x00, 0x1e, 0xff, 0x91, 0x00, 0x00, 0x00,
    0x00, 0xef, 0xfe, 0x00, 0x00, 0x00, 0x00, 0x00,
    0x0b, 0xff, 0xf7, 0x00, 0x00, 0x6f, 0xff, 0xff,
    0x80, 0x00, 0x00, 0x00, 0xef, 0xfe, 0x00, 0x00,
    0x00, 0x00, 0x00, 0x7f, 0xff, 0xf1, 0x00, 0x00,
    0x01, 0x9f, 0xff, 0xfd, 0x30, 0x00, 0x00, 0xef,
    0xfe, 0x00, 0x00, 0x00, 0x00, 0x07, 0xff, 0xff,
    0x70, 0x00, 0x00, 0x00, 0x02, 0xbf, 0xff, 0x36,
    0xaa, 0xab, 0xff, 0xfd, 0x00, 0x00, 0x00, 0x01,
    0xaf, 0xff, 0xfc, 0x00, 0x00, 0x00, 0x00, 0x00,
    0x05, 0xe6, 0x03, 0xff, 0xff, 0xff, 0xf9, 0x00,
    0x00, 0x00, 0x00, 0x7f, 0xff, 0xd1, 0x00, 0x00,
    0x00, 0x00, 0x00, 0x00, 0x10, 0x00, 0xdf, 0xff,
    0xff, 0xa1, 0x00, 0x00, 0x00, 0x00, 0x05, 0xfb,
    0x10, 0x00, 0x00, 0x00, 0x00, 0x00, 0x00, 0x00,
    0x00, 0x35, 0x54, 0x30, 0x00, 0x00, 0x00, 0x00,
    0x00, 0x00, 0x3b, 0xcc, 0xcc, 0xcc, 0xcc, 0xcc,
    0xcc, 0xcc, 0xcc, 0xcc, 0xcc, 0xcc, 0xcc, 0xcc,
    0xa0, 0x00, 0x00, 0x00, 0x00, 0x0e, 0xff, 0xff,
    0xff, 0xff, 0xff, 0xff, 0xff, 0xff, 0xff, 0xff,
    0xff, 0xff, 0xff, 0xd0, 0x00, 0x00, 0x00, 0x00,
    0x0e, 0xff, 0xff, 0xff, 0xff, 0xff, 0xff, 0xff,
    0xff, 0xff, 0xff, 0xff, 0xff, 0xff, 0xd0, 0x00,
    0x00, 0x00, 0x00, 0x0e, 0xff, 0xb3, 0x33, 0x3f,
    0xff, 0xa3, 0x33, 0x3f, 0xff, 0xa3, 0x33, 0x3e,
    0xff, 0xd0, 0x00, 0x00, 0x00, 0x00, 0x0e, 0xff,
    0xa0, 0x00, 0x0e, 0xff, 0x90, 0x00, 0x0e, 0xff,
    0x90, 0x00, 0x0d, 0xff, 0xd0, 0x00, 0x00, 0x00,
    0x00, 0x0e, 0xff, 0xa0, 0x00, 0x0e, 0xff, 0x90,
    0x00, 0x0e, 0xff, 0x90, 0x00, 0x0d, 0xff, 0xd0,
    0x00, 0x00, 0x00, 0x00, 0x0e, 0xff, 0xa0, 0x00,
    0x0e, 0xff, 0x90, 0x00, 0x0e, 0xff, 0x90, 0x00,
    0x0d, 0xff, 0xd0, 0x00, 0x00, 0x00, 0x00, 0x0e,
    0xff, 0xa0, 0x00, 0x0e, 0xff, 0x90, 0x00, 0x0e,
    0xff, 0x90, 0x00, 0x0d, 0xff, 0xd0, 0x00, 0x00,
    0x00, 0x00, 0x0e, 0xff, 0xa0, 0x00, 0x0e, 0xff,
    0x90, 0x00, 0x0e, 0xff, 0x90, 0x00, 0x0d, 0xff,
    0xd0, 0x00, 0x00, 0x00, 0x00, 0x0e, 0xff, 0xa0,
    0x00, 0x0e, 0xff, 0x90, 0x00, 0x0e, 0xff, 0x90,
    0x00, 0x0d, 0xff, 0xd0, 0x00, 0x00, 0x5f, 0xff,
    0xff, 0xff, 0xff, 0xff, 0xff, 0xff, 0xff, 0xff,
    0xff, 0xff, 0xff, 0xff, 0xff, 0xff, 0xff, 0xff,
    0xf3, 0x5f, 0xff, 0xff, 0xff, 0xff, 0xff, 0xff,
    0xff, 0xff, 0xff, 0xff, 0xff, 0xff, 0xff, 0xff,
    0xff, 0xff, 0xff, 0xf3, 0x5f, 0xff, 0xff, 0xff,
    0xff, 0xff, 0xff, 0xff, 0xff, 0xff, 0xff, 0xff,
    0xff, 0xff, 0xff, 0xff, 0xff, 0xff, 0xf3, 0x13,
    0x33, 0x33, 0x33, 0x33, 0x33, 0x33, 0x33, 0x33,
    0x33, 0x33, 0x33, 0x33, 0x33, 0x33, 0x33, 0x33,
    0x33, 0x30,

    /* U+7761 "睡" */
    0x00, 0x00, 0x00, 0x00, 0x00, 0x00, 0x00, 0x00,
    0x00, 0x00, 0x00, 0x00, 0x00, 0x00, 0x00, 0x03,
    0x10, 0x00, 0x00, 0x00, 0x00, 0x00, 0x00, 0x00,
    0x00, 0x00, 0x00, 0x00, 0x00, 0x00, 0x02, 0x35,
    0x8a, 0xcf, 0xf9, 0x00, 0x00, 0x06, 0x67, 0x66,
    0x66, 0x66, 0x50, 0x00, 0x45, 0x68, 0x9a, 0xbd,
    0xef, 0xff, 0xff, 0xff, 0xff, 0xf1, 0x00, 0x01,
    0xff, 0xff, 0xff, 0xff, 0xff, 0x00, 0x0e, 0xff,
    0xff, 0xff, 0xff, 0xff, 0xff, 0xff, 0xff, 0xff,
    0x90, 0x00, 0x1f, 0xff, 0xff, 0xff, 0xff, 0xf0,
    0x00, 0x9f, 0xff, 0xff, 0xff, 0xff, 0xff, 0xfd,
    0xb9, 0x74, 0x10, 0x00, 0x01, 0xff, 0xff, 0xff,
    0xff, 0xff, 0x00, 0x04, 0xbb, 0xa9, 0x87, 0x6b,
    0xff, 0xf1, 0x00, 0x00, 0x00, 0x00, 0x00, 0x1f,
    0xfe, 0x00, 0x00, 0xff, 0xf0, 0x00, 0x00, 0x00,
    0x00, 0x00, 0x9f, 0xff, 0x10, 0x00, 0x00, 0x00,
    0x00, 0x01, 0xff, 0xe0, 0x00, 0x0f, 0xff, 0x00,
    0x00, 0x00, 0x00, 0x00, 0x09, 0xff, 0xf1, 0x00,
    0x00, 0x00, 0x00, 0x00, 0x1f, 0xfe, 0x00, 0x00,
    0xff, 0xf0, 0x00, 0x00, 0x00, 0x00, 0x00, 0x9f,
    0xff, 0x10, 0x00, 0x00, 0x00, 0x00, 0x01, 0xff,
    0xe0, 0x00, 0x0f, 0xff, 0x00, 0xaa, 0xaa, 0xaa,
    0xaa, 0xad, 0xff, 0xfa, 0xaa, 0xaa, 0xaa, 0xaa,
    0x60, 0x1f, 0xff, 0x22, 0x23, 0xff, 0xf0, 0x0f,
    0xff, 0xff, 0xff, 0xff, 0xff, 0xff, 0xff, 0xff,
    0xff, 0xff, 0xfb, 0x01, 0xff, 0xff, 0xff, 0xff,
    0xff, 0x00, 0xff, 0xff, 0xff, 0xff, 0xff, 0xff,
    0xff, 0xff, 0xff, 0xff, 0xff, 0xb0, 0x1f, 0xff,
    0xff, 0xff, 0xff, 0xf0, 0x0f, 0xff, 0xff, 0xff,
    0xff, 0xff, 0xff, 0xff, 0xff, 0xff, 0xff, 0xfa,
    0x01, 0xff, 0xff, 0xff, 0xff, 0xff, 0x00, 0x00,
    0x2f, 0xff, 0x00, 0x09, 0xff, 0xf1, 0x00, 0x4f,
    0xfe, 0x00, 0x00, 0x1f, 0xff, 0x11, 0x11, 0xff,
    0xf0, 0x00, 0x02, 0xff, 0xf0, 0x00, 0x9f, 0xff,
    0x10, 0x04, 0xff, 0xe0, 0x00, 0x01, 0xff, 0xe0,
    0x00, 0x0f, 0xff, 0x00, 0x00, 0x2f, 0xff, 0x00,
    0x09, 0xff, 0xf1, 0x00, 0x4f, 0xfe, 0x00, 0x00,
    0x1f, 0xfe, 0x00, 0x00, 0xff, 0xf0, 0x00, 0x02,
    0xff, 0xf0, 0x00, 0x9f, 0xff, 0x10, 0x04, 0xff,
    0xe0, 0x00, 0x01, 0xff, 0xe0, 0x00, 0x0f, 0xff,
    0x09, 0xdd, 0xdf, 0xff, 0xdd, 0xde, 0xff, 0xfd,
    0xdd, 0xef, 0xff, 0xdd, 0xd7, 0x1f, 0xfe, 0x00,
    0x00, 0xff, 0xf0, 0xbf, 0xff, 0xff, 0xff, 0xff,
    0xff, 0xff, 0xff, 0xff, 0xff, 0xff, 0xff, 0x91,
    0xff, 0xff, 0xff, 0xff, 0xff, 0x0b, 0xff, 0xff,
    0xff, 0xff, 0xff, 0xff, 0xff, 0xff, 0xff, 0xff,
    0xff, 0xf9, 0x1f, 0xff, 0xff, 0xff, 0xff, 0xf0,
    0x8c, 0xcc, 0xff, 0xfc, 0xcc, 0xef, 0xff, 0xcc,
    0xcd, 0xff, 0xfc, 0xcc, 0x61, 0xff, 0xff, 0xff,
    0xff, 0xff, 0x00, 0x00, 0x2f, 0xff, 0x00, 0x09,
    0xff, 0xf1, 0x00, 0x4f, 0xfe, 0x00, 0x00, 0x1f,
    0xff, 0x44, 0x44, 0xff, 0xf0, 0x00, 0x02, 0xff,
    0xf0, 0x00, 0x9f, 0xff, 0x10, 0x04, 0xff, 0xe0,
    0x00, 0x01, 0xff, 0xe0, 0x00, 0x0f, 0xff, 0x00,
    0x00, 0x2f, 0xff, 0x00, 0x09, 0xff, 0xf1, 0x00,
    0x4f, 0xfe, 0x00, 0x00, 0x1f, 0xfe, 0x00, 0x00,
    0xff, 0xf0, 0x00, 0x02, 0xff, 0xf0, 0x00, 0x9f,
    0xff, 0x10, 0x04, 0xff, 0xe0, 0x00, 0x01, 0xff,
    0xe0, 0x00, 0x0f, 0xff, 0x03, 0xff, 0xff, 0xff,
    0xff, 0xff, 0xff, 0xff, 0xff, 0xff, 0xff, 0xff,
    0xb0, 0x1f, 0xfe, 0x00, 0x00, 0xff, 0xf0, 0x3f,
    0xff, 0xff, 0xff, 0xff, 0xff, 0xff, 0xff, 0xff,
    0xff, 0xff, 0xfb, 0x01, 0xff, 0xf5, 0x55, 0x6f,
    0xff, 0x03, 0xff, 0xff, 0xff, 0xff, 0xff, 0xff,
    0xff, 0xff, 0xff, 0xff, 0xff, 0xb0, 0x1f, 0xff,
    0xff, 0xff, 0xff, 0xf0, 0x29, 0x99, 0x99, 0x99,
    0x99, 0xdf, 0xff, 0xa9, 0x99, 0x99, 0x99, 0x96,
    0x01, 0xff, 0xff, 0xff, 0xff, 0xff, 0x00, 0x00,
    0x00, 0x00, 0x00, 0x09, 0xff, 0xf1, 0x00, 0x00,
    0x00, 0x00, 0x00, 0x1f, 0xff, 0xff, 0xff, 0xff,
    0xe0, 0x00, 0x00, 0x00, 0x00, 0x00, 0x9f, 0xff,
    0x10, 0x00, 0x00, 0x00, 0x00, 0x01, 0xff, 0xe0,
    0x00, 0x00, 0x00, 0x00, 0x00, 0x00, 0x00, 0x00,
    0x09, 0xff, 0xf1, 0x00, 0x00, 0x00, 0x00, 0x00,
    0x1f, 0xfe, 0x00, 0x00, 0x00, 0x00, 0x00, 0x00,
    0x00, 0x00, 0x00, 0x9f, 0xff, 0x20, 0x00, 0x00,
    0x00, 0x00, 0x01, 0xff, 0xe0, 0x00, 0x00, 0x00,
    0x00, 0x0f, 0xff, 0xff, 0xff, 0xff, 0xff, 0xff,
    0xff, 0xff, 0xff, 0xf2, 0x00, 0x06, 0x65, 0x00,
    0x00, 0x00, 0x00, 0x00, 0xff, 0xff, 0xff, 0xff,
    0xff, 0xff, 0xff, 0xff, 0xff, 0xff, 0x20, 0x00,
    0x00, 0x00, 0x00, 0x00, 0x00, 0x00, 0x0f, 0xff,
    0xff, 0xff, 0xff, 0xff, 0xff, 0xff, 0xff, 0xff,
    0xf2, 0x00, 0x00, 0x00, 0x00, 0x00, 0x00, 0x00,
    0x00, 0x66, 0x66, 0x66, 0x66, 0x66, 0x66, 0x66,
    0x66, 0x66, 0x66, 0x10, 0x00,

    /* U+77E5 "知" */
    0x00, 0x00, 0x05, 0x96, 0x30, 0x00, 0x00, 0x00,
    0x00, 0x00, 0x00, 0x00, 0x00, 0x00, 0x00, 0x00,
    0x00, 0x00, 0x00, 0x00, 0x00, 0xaf, 0xff, 0x20,
    0x00, 0x00, 0x00, 0x00, 0x00, 0x00, 0x00, 0x00,
    0x00, 0x00, 0x00, 0x00, 0x00, 0x00, 0x00, 0x0e,
    0xff, 0xe0, 0x00, 0x00, 0x00, 0x00, 0x00, 0x00,
    0x00, 0x00, 0x00, 0x00, 0x00, 0x00, 0x00, 0x00,
    0x00, 0x02, 0xff, 0xfa, 0x00, 0x00, 0x00, 0x00,
    0x00, 0x00, 0x25, 0x55, 0x55, 0x55, 0x55, 0x55,
    0x55, 0x52, 0x00, 0x00, 0x6f, 0xff, 0x60, 0x00,
    0x00, 0x00, 0x00, 0x00, 0x08, 0xff, 0xff, 0xff,
    0xff, 0xff, 0xff, 0xff, 0x80, 0x00, 0x0b, 0xff,
    0xf9, 0x88, 0x88, 0x88, 0x88, 0x88, 0x10, 0x8f,
    0xff, 0xff, 0xff, 0xff, 0xff, 0xff, 0xf8, 0x00,
    0x01, 0xff, 0xff, 0xff, 0xff, 0xff, 0xff, 0xff,
    0xf3, 0x08, 0xff, 0xff, 0xff, 0xff, 0xff, 0xff,
    0xff, 0x80, 0x00, 0x6f, 0xff, 0xff, 0xff, 0xff,
    0xff, 0xff, 0xff, 0x30, 0x8f, 0xff, 0x54, 0x44,
    0x44, 0x47, 0xff, 0xf8, 0x00, 0x0c, 0xff, 0xff,
    0xff, 0xff, 0xff, 0xff, 0xff, 0xf3, 0x08, 0xff,
    0xf2, 0x00, 0x00, 0x00, 0x5f, 0xff, 0x80, 0x03,
    0xff, 0xfb, 0x00, 0xaf, 0xff, 0x30, 0x00, 0x00,
    0x00, 0x8f, 0xff, 0x20, 0x00, 0x00, 0x05, 0xff,
    0xf8, 0x00, 0xcf, 0xff, 0x40, 0x0a, 0xff, 0xf3,
    0x00, 0x00, 0x00, 0x08, 0xff, 0xf2, 0x00, 0x00,
    0x00, 0x5f, 0xff, 0x80, 0x5f, 0xff, 0xd0, 0x00,
    0xaf, 0xff, 0x30, 0x00, 0x00, 0x00, 0x8f, 0xff,
    0x20, 0x00, 0x00, 0x05, 0xff, 0xf8, 0x0e, 0xff,
    0xf5, 0x00, 0x0a, 0xff, 0xf3, 0x00, 0x00, 0x00,
    0x08, 0xff, 0xf2, 0x00, 0x00, 0x00, 0x5f, 0xff,
    0x80, 0x2c, 0xfc, 0x00, 0x00, 0xaf, 0xff, 0x30,
    0x00, 0x00, 0x00, 0x8f, 0xff, 0x20, 0x00, 0x00,
    0x05, 0xff, 0xf8, 0x00, 0x09, 0x30, 0x00, 0x0a,
    0xff, 0xf3, 0x00, 0x00, 0x00, 0x08, 0xff, 0xf2,
    0x00, 0x00, 0x00, 0x5f, 0xff, 0x80, 0x00, 0x00,
    0x00, 0x00, 0xaf, 0xff, 0x20, 0x00, 0x00, 0x00,
    0x8f, 0xff, 0x20, 0x00, 0x00, 0x05, 0xff, 0xf8,
    0x06, 0xaa, 0xaa, 0xaa, 0xae, 0xff, 0xfb, 0xaa,
    0xaa, 0xaa, 0x38, 0xff, 0xf2, 0x00, 0x00, 0x00,
    0x5f, 0xff, 0x80, 0x9f, 0xff, 0xff, 0xff, 0xff,
    0xff, 0xff, 0xff, 0xff, 0xf4, 0x8f, 0xff, 0x20,
    0x00, 0x00, 0x05, 0xff, 0xf8, 0x09, 0xff, 0xff,
    0xff, 0xff, 0xff, 0xff, 0xff, 0xff, 0xff, 0x48,
    0xff, 0xf2, 0x00, 0x00, 0x00, 0x5f, 0xff, 0x80,
    0x8f, 0xff, 0xff, 0xff, 0xff, 0xff, 0xff, 0xff,
    0xff, 0xf4, 0x8f, 0xff, 0x20, 0x00, 0x00, 0x05,
    0xff, 0xf8, 0x00, 0x00, 0x00, 0x00, 0x0f, 0xff,
    0xd0, 0x00, 0x00, 0x00, 0x08, 0xff, 0xf2, 0x00,
    0x00, 0x00, 0x5f, 0xff, 0x80, 0x00, 0x00, 0x00,
    0x02, 0xff, 0xfa, 0x00, 0x00, 0x00, 0x00, 0x8f,
    0xff, 0x20, 0x00, 0x00, 0x05, 0xff, 0xf8, 0x00,
    0x00, 0x00, 0x00, 0x5f, 0xff, 0xd1, 0x00, 0x00,
    0x00, 0x08, 0xff, 0xf2, 0x00, 0x00, 0x00, 0x5f,
    0xff, 0x80, 0x00, 0x00, 0x00, 0x09, 0xff, 0xff,
    0xd1, 0x00, 0x00, 0x00, 0x8f, 0xff, 0x20, 0x00,
    0x00, 0x05, 0xff, 0xf8, 0x00, 0x00, 0x00, 0x00,
    0xef, 0xff, 0xff, 0xc0, 0x00, 0x00, 0x08, 0xff,
    0xf2, 0x00, 0x00, 0x00, 0x5f, 0xff, 0x80, 0x00,
    0x00, 0x00, 0x4f, 0xff, 0xff, 0xff, 0xb0, 0x00,
    0x00, 0x8f, 0xff, 0x20, 0x00, 0x00, 0x05, 0xff,
    0xf8, 0x00, 0x00, 0x00, 0x0a, 0xff, 0xf7, 0xdf,
    0xff, 0xa0, 0x00, 0x08, 0xff, 0xf2, 0x00, 0x00,
    0x00, 0x5f, 0xff, 0x80, 0x00, 0x00, 0x02, 0xff,
    0xff, 0x12, 0xef, 0xff, 0x90, 0x00, 0x8f, 0xff,
    0x20, 0x00, 0x00, 0x05, 0xff, 0xf8, 0x00, 0x00,
    0x00, 0xaf, 0xff, 0xa0, 0x04, 0xff, 0xff, 0x80,
    0x08, 0xff, 0xf2, 0x00, 0x00, 0x00, 0x5f, 0xff,
    0x80, 0x00, 0x00, 0x4f, 0xff, 0xf2, 0x00, 0x06,
    0xff, 0xff, 0x60, 0x8f, 0xff, 0x98, 0x88, 0x88,
    0x8a, 0xff, 0xf8, 0x00, 0x00, 0x1e, 0xff, 0xf9,
    0x00, 0x00, 0x0a, 0xff, 0xff, 0x28, 0xff, 0xff,
    0xff, 0xff, 0xff, 0xff, 0xff, 0x80, 0x00, 0x0c,
    0xff, 0xfe, 0x10, 0x00, 0x00, 0x0d, 0xff, 0xa0,
    0x8f, 0xff, 0xff, 0xff, 0xff, 0xff, 0xff, 0xf8,
    0x00, 0x1c, 0xff, 0xff, 0x50, 0x00, 0x00, 0x00,
    0x2f, 0xc0, 0x08, 0xff, 0xff, 0xff, 0xff, 0xff,
    0xff, 0xff, 0x80, 0x2d, 0xff, 0xff, 0x90, 0x00,
    0x00, 0x00, 0x00, 0x51, 0x00, 0x8f, 0xff, 0x20,
    0x00, 0x00, 0x05, 0xff, 0xf8, 0x0b, 0xff, 0xff,
    0xa0, 0x00, 0x00, 0x00, 0x00, 0x00, 0x00, 0x08,
    0xff, 0xf2, 0x00, 0x00, 0x00, 0x5f, 0xff, 0x80,
    0x0b, 0xff, 0xa0, 0x00, 0x00, 0x00, 0x00, 0x00,
    0x00, 0x00, 0x8f, 0xff, 0x20, 0x00, 0x00, 0x03,
    0x99, 0x95, 0x00, 0x0c, 0x70, 0x00, 0x00, 0x00,
    0x00, 0x00, 0x00, 0x00, 0x00, 0x11, 0x10, 0x00,
    0x00, 0x00, 0x00, 0x00, 0x00, 0x00, 0x00, 0x00,
    0x00, 0x00, 0x00, 0x00, 0x00, 0x00, 0x00, 0x00,
    0x00, 0x00, 0x00, 0x00, 0x00, 0x00, 0x00,

    /* U+793A "示" */
    0x00, 0x00, 0x1f, 0xff, 0xff, 0xff, 0xff, 0xff,
    0xff, 0xff, 0xff, 0xff, 0xff, 0xff, 0xff, 0xff,
    0xf1, 0x00, 0x00, 0x00, 0x02, 0xff, 0xff, 0xff,
    0xff, 0xff, 0xff, 0xff, 0xff, 0xff, 0xff, 0xff,
    0xff, 0xff, 0xff, 0x20, 0x00, 0x00, 0x00, 0x2f,
    0xff, 0xff, 0xff, 0xff, 0xff, 0xff, 0xff, 0xff,
    0xff, 0xff, 0xff, 0xff, 0xff, 0xf2, 0x00, 0x00,
    0x00, 0x01, 0xcc, 0xcc, 0xcc, 0xcc, 0xcc, 0xcc,
    0xcc, 0xcc, 0xcc, 0xcc, 0xcc, 0xcc, 0xcc, 0xcc,
    0x10, 0x00, 0x00, 0x00, 0x00, 0x00, 0x00, 0x00,
    0x00, 0x00, 0x00, 0x00, 0x00, 0x00, 0x00, 0x00,
    0x00, 0x00, 0x00, 0x00, 0x00, 0x00, 0x00, 0x00,
    0x00, 0x00, 0x00, 0x00, 0x00, 0x00, 0x00, 0x00,
    0x00, 0x00, 0x00, 0x00, 0x00, 0x00, 0x00, 0x00,
    0x00, 0x00, 0x00, 0x00, 0x00, 0x00, 0x00, 0x00,
    0x00, 0x00, 0x00, 0x00, 0x00, 0x00, 0x00, 0x00,
    0x00, 0x00, 0x00, 0x00, 0x00, 0x00, 0x00, 0x00,
    0x00, 0x00, 0x00, 0x00, 0x00, 0x00, 0x00, 0x00,
    0x00, 0x00, 0x00, 0x00, 0x00, 0x00, 0x00, 0x00,
    0x00, 0x00, 0x00, 0x00, 0x00, 0x00, 0x00, 0x00,
    0x00, 0x00, 0x00, 0x00, 0x00, 0x00, 0x00, 0x11,
    0x11, 0x11, 0x11, 0x11, 0x11, 0x11, 0x11, 0x11,
    0x11, 0x11, 0x11, 0x11, 0x11, 0x11, 0x11, 0x11,
    0x11, 0x0b, 0xff, 0xff, 0xff, 0xff, 0xff, 0xff,
    0xff, 0xff, 0xff, 0xff, 0xff, 0xff, 0xff, 0xff,
    0xff, 0xff, 0xff, 0xc0, 0xbf, 0xff, 0xff, 0xff,
    0xff, 0xff, 0xff, 0xff, 0xff, 0xff, 0xff, 0xff,
    0xff, 0xff, 0xff, 0xff, 0xff, 0xfc, 0x0b, 0xff,
    0xff, 0xff, 0xff, 0xff, 0xff, 0xff, 0xff, 0xff,
    0xff, 0xff, 0xff, 0xff, 0xff, 0xff, 0xff, 0xff,
    0xc0, 0x7a, 0xaa, 0xaa, 0xaa, 0xaa, 0xaa, 0xaa,
    0xaa, 0xff, 0xff, 0xba, 0xaa, 0xaa, 0xaa, 0xaa,
    0xaa, 0xaa, 0xa8, 0x00, 0x00, 0x00, 0x00, 0x00,
    0x00, 0x00, 0x00, 0x0f, 0xff, 0xf2, 0x00, 0x00,
    0x00, 0x00, 0x00, 0x00, 0x00, 0x00, 0x00, 0x00,
    0x00, 0x00, 0x00, 0x00, 0x00, 0x00, 0xff, 0xff,
    0x20, 0x00, 0x00, 0x00, 0x00, 0x00, 0x00, 0x00,
    0x00, 0x00, 0x00, 0x00, 0x00, 0x00, 0x00, 0x00,
    0x0f, 0xff, 0xf2, 0x00, 0x00, 0x00, 0x00, 0x00,
    0x00, 0x00, 0x00, 0x00, 0x00, 0x00, 0x7c, 0x83,
    0x00, 0x00, 0x00, 0xff, 0xff, 0x20, 0x00, 0x00,
    0x18, 0xc1, 0x00, 0x00, 0x00, 0x00, 0x00, 0x00,
    0x0d, 0xff, 0xf8, 0x00, 0x00, 0x0f, 0xff, 0xf2,
    0x00, 0x00, 0x8f, 0xff, 0xc0, 0x00, 0x00, 0x00,
    0x00, 0x00, 0x05, 0xff, 0xff, 0x10, 0x00, 0x00,
    0xff, 0xff, 0x20, 0x00, 0x02, 0xff, 0xff, 0x70,
    0x00, 0x00, 0x00, 0x00, 0x00, 0xdf, 0xff, 0x90,
    0x00, 0x00, 0x0f, 0xff, 0xf2, 0x00, 0x00, 0x07,
    0xff, 0xff, 0x20, 0x00, 0x00, 0x00, 0x00, 0x6f,
    0xff, 0xf2, 0x00, 0x00, 0x00, 0xff, 0xff, 0x20,
    0x00, 0x00, 0x0c, 0xff, 0xfc, 0x00, 0x00, 0x00,
    0x00, 0x1f, 0xff, 0xf8, 0x00, 0x00, 0x00, 0x0f,
    0xff, 0xf2, 0x00, 0x00, 0x00, 0x2f, 0xff, 0xf6,
    0x00, 0x00, 0x00, 0x0b, 0xff, 0xfe, 0x00, 0x00,
    0x00, 0x00, 0xff, 0xff, 0x20, 0x00, 0x00, 0x00,
    0x8f, 0xff, 0xf1, 0x00, 0x00, 0x06, 0xff, 0xff,
    0x50, 0x00, 0x00, 0x00, 0x0f, 0xff, 0xf2, 0x00,
    0x00, 0x00, 0x00, 0xef, 0xff, 0x90, 0x00, 0x03,
    0xff, 0xff, 0xa0, 0x00, 0x00, 0x00, 0x00, 0xff,
    0xff, 0x20, 0x00, 0x00, 0x00, 0x06, 0xff, 0xff,
    0x20, 0x02, 0xef, 0xff, 0xe1, 0x00, 0x00, 0x00,
    0x00, 0x0f, 0xff, 0xf2, 0x00, 0x00, 0x00, 0x00,
    0x0e, 0xff, 0xfa, 0x02, 0xef, 0xff, 0xf3, 0x00,
    0x00, 0x00, 0x00, 0x00, 0xff, 0xff, 0x20, 0x00,
    0x00, 0x00, 0x00, 0x6f, 0xff, 0xf1, 0x6f, 0xff,
    0xf6, 0x00, 0x00, 0x00, 0x00, 0x00, 0x0f, 0xff,
    0xf2, 0x00, 0x00, 0x00, 0x00, 0x00, 0xef, 0xff,
    0x70, 0x1a, 0xf9, 0x00, 0x00, 0x00, 0x00, 0x00,
    0x00, 0xff, 0xff, 0x20, 0x00, 0x00, 0x00, 0x00,
    0x08, 0xfc, 0x60, 0x00, 0x04, 0x00, 0x00, 0x00,
    0xad, 0xdc, 0xcc, 0xef, 0xff, 0xf1, 0x00, 0x00,
    0x00, 0x00, 0x00, 0x23, 0x00, 0x00, 0x00, 0x00,
    0x00, 0x00, 0x05, 0xff, 0xff, 0xff, 0xff, 0xfe,
    0x00, 0x00, 0x00, 0x00, 0x00, 0x00, 0x00, 0x00,
    0x00, 0x00, 0x00, 0x00, 0x00, 0x0f, 0xff, 0xff,
    0xff, 0xff, 0x60, 0x00, 0x00, 0x00, 0x00, 0x00,
    0x00, 0x00, 0x00, 0x00, 0x00, 0x00, 0x00, 0x00,
    0xbf, 0xff, 0xff, 0xd9, 0x30, 0x00, 0x00, 0x00,
    0x00, 0x00, 0x00, 0x00, 0x00, 0x00, 0x00, 0x00,
    0x00, 0x00, 0x01, 0x11, 0x10, 0x00, 0x00, 0x00,
    0x00, 0x00, 0x00, 0x00, 0x00, 0x00, 0x00, 0x00,

    /* U+79D2 "秒" */
    0x00, 0x00, 0x00, 0x00, 0x00, 0x00, 0x02, 0x00,
    0x00, 0x00, 0x00, 0x00, 0xbc, 0xc8, 0x00, 0x00,
    0x00, 0x00, 0x00, 0x00, 0x00, 0x00, 0x00, 0x00,
    0x27, 0xdf, 0x40, 0x00, 0x00, 0x00, 0x00, 0xef,
    0xfa, 0x00, 0x00, 0x00, 0x00, 0x00, 0x00, 0x00,
    0x00, 0x25, 0x9e, 0xff, 0xff, 0xe1, 0x00, 0x00,
    0x00, 0x00, 0xef, 0xfa, 0x00, 0x00, 0x00, 0x00,
    0x00, 0x02, 0x58, 0xbe, 0xff, 0xff, 0xff, 0xff,
    0xfa, 0x00, 0x00, 0x00, 0x00, 0xef, 0xfa, 0x00,
    0x00, 0x00, 0x00, 0x00, 0x0d, 0xff, 0xff, 0xff,
    0xff, 0xff, 0xd9, 0x40, 0x00, 0x00, 0x00, 0x00,
    0xef, 0xfa, 0x00, 0x00, 0x00, 0x00, 0x00, 0x07,
    0xff, 0xff, 0xff, 0xff, 0xc2, 0x00, 0x00, 0x00,
    0x00, 0x00, 0x00, 0xef, 0xfa, 0x00, 0x00, 0x00,
    0x00, 0x00, 0x02, 0xca, 0x85, 0x3f, 0xff, 0xa0,
    0x00, 0x00, 0x00, 0x00, 0x00, 0x00, 0xef, 0xfa,
    0x00, 0x02, 0x72, 0x00, 0x00, 0x00, 0x00, 0x00,
    0x0f, 0xff, 0xa0, 0x00, 0x00, 0x00, 0x9c, 0x95,
    0x00, 0xef, 0xfa, 0x01, 0xcf, 0xfa, 0x00, 0x00,
    0x00, 0x00, 0x00, 0x0f, 0xff, 0xa0, 0x00, 0x00,
    0x00, 0xcf, 0xfc, 0x00, 0xef, 0xfa, 0x00, 0xbf,
    0xff, 0x20, 0x00, 0x00, 0x00, 0x00, 0x0f, 0xff,
    0xa0, 0x00, 0x00, 0x00, 0xff, 0xf9, 0x00, 0xef,
    0xfa, 0x00, 0x3f, 0xff, 0x90, 0x00, 0x00, 0x00,
    0x00, 0x0f, 0xff, 0xa0, 0x00, 0x00, 0x02, 0xff,
    0xf6, 0x00, 0xef, 0xfa, 0x00, 0x0c, 0xff, 0xf1,
    0x00, 0x38, 0x88, 0x88, 0x8f, 0xff, 0xd8, 0x88,
    0x88, 0x05, 0xff, 0xf3, 0x00, 0xef, 0xfa, 0x00,
    0x06, 0xff, 0xf7, 0x00, 0x7f, 0xff, 0xff, 0xff,
    0xff, 0xff, 0xff, 0xff, 0x08, 0xff, 0xf0, 0x00,
    0xef, 0xfa, 0x00, 0x00, 0xff, 0xfd, 0x00, 0x7f,
    0xff, 0xff, 0xff, 0xff, 0xff, 0xff, 0xff, 0x0c,
    0xff, 0xc0, 0x00, 0xef, 0xfa, 0x00, 0x00, 0x9f,
    0xff, 0x40, 0x7f, 0xff, 0xff, 0xff, 0xff, 0xff,
    0xff, 0xff, 0x0f, 0xff, 0x90, 0x00, 0xef, 0xfa,
    0x00, 0x00, 0x3f, 0xff, 0x90, 0x00, 0x00, 0x00,
    0xbf, 0xff, 0xb0, 0x00, 0x00, 0x4f, 0xff, 0x50,
    0x00, 0xef, 0xfa, 0x00, 0x00, 0x0e, 0xff, 0xe0,
    0x00, 0x00, 0x01, 0xff, 0xff, 0xf5, 0x00, 0x00,
    0x9f, 0xff, 0x00, 0x00, 0xef, 0xfa, 0x00, 0x00,
    0x09, 0xff, 0xf3, 0x00, 0x00, 0x08, 0xff, 0xff,
    0xff, 0x30, 0x00, 0xef, 0xfc, 0x00, 0x00, 0xef,
    0xfa, 0x00, 0x00, 0x04, 0xff, 0x92, 0x00, 0x00,
    0x0e, 0xff, 0xff, 0xff, 0xe2, 0x04, 0xff, 0xf7,
    0x00, 0x00, 0xef, 0xfa, 0x00, 0x00, 0x00, 0x50,
    0x00, 0x00, 0x00, 0x6f, 0xff, 0xff, 0xff, 0xfd,
    0x00, 0x5d, 0xf1, 0x00, 0x00, 0xef, 0xfa, 0x00,
    0x00, 0x00, 0x00, 0x00, 0x00, 0x00, 0xef, 0xff,
    0xff, 0xbe, 0xff, 0xb0, 0x00, 0x30, 0x00, 0x00,
    0xef, 0xfa, 0x00, 0x00, 0xec, 0x72, 0x00, 0x00,
    0x07, 0xff, 0xcf, 0xff, 0xa5, 0xff, 0xf7, 0x00,
    0x00, 0x00, 0x00, 0xef, 0xfa, 0x00, 0x05, 0xff,
    0xf9, 0x00, 0x00, 0x1e, 0xff, 0x6f, 0xff, 0xa0,
    0xbf, 0xf7, 0x00, 0x00, 0x00, 0x00, 0xef, 0xfa,
    0x00, 0x0d, 0xff, 0xf3, 0x00, 0x00, 0x9f, 0xfd,
    0x0f, 0xff, 0xa0, 0x2f, 0xb0, 0x00, 0x00, 0x00,
    0x00, 0xef, 0xfa, 0x00, 0x7f, 0xff, 0xb0, 0x00,
    0x03, 0xff, 0xf6, 0x0f, 0xff, 0xa0, 0x07, 0x10,
    0x00, 0x00, 0x00, 0x00, 0xef, 0xfa, 0x02, 0xff,
    0xff, 0x30, 0x00, 0x0d, 0xff, 0xd0, 0x0f, 0xff,
    0xa0, 0x00, 0x00, 0x00, 0x00, 0x00, 0x00, 0x00,
    0x00, 0x0d, 0xff, 0xfa, 0x00, 0x00, 0xaf, 0xff,
    0x50, 0x0f, 0xff, 0xa0, 0x00, 0x00, 0x00, 0x00,
    0x00, 0x00, 0x00, 0x00, 0xbf, 0xff, 0xe1, 0x00,
    0x00, 0x8f, 0xfc, 0x00, 0x0f, 0xff, 0xa0, 0x00,
    0x00, 0x00, 0x00, 0x00, 0x00, 0x00, 0x0b, 0xff,
    0xff, 0x40, 0x00, 0x00, 0x0e, 0xf2, 0x00, 0x0f,
    0xff, 0xa0, 0x00, 0x00, 0x00, 0x00, 0x00, 0x00,
    0x02, 0xdf, 0xff, 0xf6, 0x00, 0x00, 0x00, 0x07,
    0x70, 0x00, 0x0f, 0xff, 0xa0, 0x00, 0x00, 0x00,
    0x00, 0x00, 0x00, 0x7f, 0xff, 0xff, 0x70, 0x00,
    0x00, 0x00, 0x00, 0x00, 0x00, 0x0f, 0xff, 0xa0,
    0x00, 0x00, 0x00, 0x00, 0x00, 0x5d, 0xff, 0xff,
    0xf6, 0x00, 0x00, 0x00, 0x00, 0x00, 0x00, 0x00,
    0x0f, 0xff, 0xa0, 0x00, 0x00, 0x00, 0x01, 0x7d,
    0xff, 0xff, 0xfe, 0x30, 0x00, 0x00, 0x00, 0x00,
    0x00, 0x00, 0x00, 0x0f, 0xff, 0xa0, 0x00, 0x00,
    0x26, 0xbf, 0xff, 0xff, 0xff, 0x90, 0x00, 0x00,
    0x00, 0x00, 0x00, 0x00, 0x00, 0x00, 0x0f, 0xff,
    0xa0, 0x03, 0xae, 0xff, 0xff, 0xff, 0xff, 0xb3,
    0x00, 0x00, 0x00, 0x00, 0x00, 0x00, 0x00, 0x00,
    0x00, 0x0f, 0xff, 0xa0, 0x01, 0xef, 0xff, 0xff,
    0xff, 0xa3, 0x00, 0x00, 0x00, 0x00, 0x00, 0x00,
    0x00, 0x00, 0x00, 0x00, 0x0f, 0xff, 0xa0, 0x00,
    0x5f, 0xff, 0xfc, 0x61, 0x00, 0x00, 0x00, 0x00,
    0x00, 0x00, 0x00, 0x00, 0x00, 0x00, 0x00, 0x0f,
    0xff, 0xa0, 0x00, 0x0b, 0xa5, 0x10, 0x00, 0x00,
    0x00, 0x00, 0x00, 0x00, 0x00, 0x00, 0x00,

    /* U+7C7B "类" */
    0x00, 0x00, 0x00, 0x00, 0x00, 0x00, 0x00, 0x00,
    0x09, 0xcc, 0xc0, 0x00, 0x00, 0x00, 0x00, 0x00,
    0x00, 0x00, 0x00, 0x00, 0x00, 0x00, 0x02, 0x9c,
    0x10, 0x00, 0x00, 0x0b, 0xff, 0xf1, 0x00, 0x00,
    0x00, 0xbe, 0x95, 0x00, 0x00, 0x00, 0x00, 0x00,
    0x00, 0x7f, 0xff, 0xc0, 0x00, 0x00, 0x0b, 0xff,
    0xf1, 0x00, 0x00, 0x05, 0xff, 0xff, 0x50, 0x00,
    0x00, 0x00, 0x00, 0x00, 0x1d, 0xff, 0xfa, 0x00,
    0x00, 0x0b, 0xff, 0xf1, 0x00, 0x00, 0x1e, 0xff,
    0xf8, 0x00, 0x00, 0x00, 0x00, 0x00, 0x00, 0x02,
    0xff, 0xff, 0x70, 0x00, 0x0b, 0xff, 0xf1, 0x00,
    0x00, 0xaf, 0xff, 0xb0, 0x00, 0x00, 0x00, 0x00,
    0x00, 0x00, 0x00, 0x5f, 0xff, 0xf2, 0x00, 0x0b,
    0xff, 0xf1, 0x00, 0x05, 0xff, 0xfd, 0x10, 0x00,
    0x00, 0x00, 0x00, 0x00, 0x00, 0x00, 0x0a, 0xff,
    0xf5, 0x00, 0x0b, 0xff, 0xf1, 0x00, 0x0d, 0xff,
    0xe2, 0x00, 0x00, 0x00, 0x00, 0x00, 0x22, 0x22,
    0x22, 0x23, 0xf9, 0x32, 0x22, 0x2c, 0xff, 0xf3,
    0x22, 0x22, 0x5b, 0x52, 0x22, 0x22, 0x22, 0x10,
    0x01, 0xff, 0xff, 0xff, 0xff, 0xff, 0xff, 0xff,
    0xff, 0xff, 0xff, 0xff, 0xff, 0xff, 0xff, 0xff,
    0xff, 0xff, 0xa0, 0x01, 0xff, 0xff, 0xff, 0xff,
    0xff, 0xff, 0xff, 0xff, 0xff, 0xff, 0xff, 0xff,
    0xff, 0xff, 0xff, 0xff, 0xff, 0xa0, 0x01, 0xff,
    0xff, 0xff, 0xff, 0xff, 0xff, 0xff, 0xff, 0xff,
    0xff, 0xff, 0xff, 0xff, 0xff, 0xff, 0xff, 0xff,
    0xa0, 0x00, 0x55, 0x55, 0x55, 0x55, 0x55, 0x57,
    0xff, 0xff, 0xff, 0xff, 0xfe, 0x85, 0x55, 0x55,
    0x55, 0x55, 0x55, 0x30, 0x00, 0x00, 0x00, 0x00,
    0x00, 0x00, 0x3d, 0xff, 0xff, 0xff, 0xff, 0xff,
    0xfa, 0x30, 0x00, 0x00, 0x00, 0x00, 0x00, 0x00,
    0x00, 0x00, 0x00, 0x00, 0x07, 0xff, 0xff, 0xbc,
    0xff, 0xff, 0xff, 0xff, 0xfb, 0x30, 0x00, 0x00,
    0x00, 0x00, 0x00, 0x00, 0x00, 0x00, 0x04, 0xdf,
    0xff, 0xfa, 0x0b, 0xff, 0xf1, 0x7e, 0xff, 0xff,
    0xfc, 0x40, 0x00, 0x00, 0x00, 0x00, 0x00, 0x00,
    0x04, 0xcf, 0xff, 0xff, 0x70, 0x0b, 0xff, 0xf1,
    0x00, 0x7e, 0xff, 0xff, 0xfc, 0x40, 0x00, 0x00,
    0x00, 0x00, 0x17, 0xdf, 0xff, 0xff, 0xd3, 0x00,
    0x0b, 0xff, 0xf1, 0x00, 0x00, 0x6e, 0xff, 0xff,
    0xfc, 0x40, 0x00, 0x02, 0x7c, 0xff, 0xff, 0xff,
    0xf7, 0x00, 0x00, 0x0b, 0xff, 0xf1, 0x00, 0x00,
    0x00, 0x6e, 0xff, 0xff, 0xfb, 0x20, 0x05, 0xff,
    0xff, 0xff, 0xf9, 0x10, 0x00, 0x00, 0x0a, 0xee,
    0xe0, 0x00, 0x00, 0x00, 0x00, 0x7e, 0xff, 0xff,
    0x30, 0x00, 0x7f, 0xff, 0xe8, 0x10, 0x00, 0x00,
    0x00, 0x04, 0x55, 0x51, 0x00, 0x00, 0x00, 0x00,
    0x01, 0x8f, 0xfa, 0x00, 0x00, 0x0b, 0xa4, 0x00,
    0x00, 0x00, 0x00, 0x00, 0x0d, 0xff, 0xf2, 0x00,
    0x00, 0x00, 0x00, 0x00, 0x02, 0xa1, 0x00, 0x00,
    0x00, 0x00, 0x00, 0x00, 0x00, 0x00, 0x00, 0x0f,
    0xff, 0xf0, 0x00, 0x00, 0x00, 0x00, 0x00, 0x00,
    0x00, 0x00, 0x00, 0x00, 0x00, 0x00, 0x00, 0x00,
    0x00, 0x00, 0x2f, 0xff, 0xd0, 0x00, 0x00, 0x00,
    0x00, 0x00, 0x00, 0x00, 0x00, 0x02, 0x77, 0x77,
    0x77, 0x77, 0x77, 0x77, 0x77, 0xaf, 0xff, 0xd7,
    0x77, 0x77, 0x77, 0x77, 0x77, 0x77, 0x77, 0x60,
    0x04, 0xff, 0xff, 0xff, 0xff, 0xff, 0xff, 0xff,
    0xff, 0xff, 0xff, 0xff, 0xff, 0xff, 0xff, 0xff,
    0xff, 0xff, 0xd0, 0x04, 0xff, 0xff, 0xff, 0xff,
    0xff, 0xff, 0xff, 0xff, 0xff, 0xff, 0xff, 0xff,
    0xff, 0xff, 0xff, 0xff, 0xff, 0xd0, 0x04, 0xff,
    0xff, 0xff, 0xff, 0xff, 0xff, 0xff, 0xff, 0xff,
    0xff, 0xff, 0xff, 0xff, 0xff, 0xff, 0xff, 0xff,
    0xd0, 0x00, 0x00, 0x00, 0x00, 0x00, 0x00, 0x00,
    0x2f, 0xff, 0xff, 0xff, 0xf3, 0x00, 0x00, 0x00,
    0x00, 0x00, 0x00, 0x00, 0x00, 0x00, 0x00, 0x00,
    0x00, 0x00, 0x01, 0xdf, 0xff, 0xd7, 0xff, 0xfe,
    0x20, 0x00, 0x00, 0x00, 0x00, 0x00, 0x00, 0x00,
    0x00, 0x00, 0x00, 0x00, 0x00, 0x2d, 0xff, 0xff,
    0x40, 0xbf, 0xff, 0xf5, 0x00, 0x00, 0x00, 0x00,
    0x00, 0x00, 0x00, 0x00, 0x00, 0x00, 0x00, 0x06,
    0xff, 0xff, 0xf8, 0x00, 0x0d, 0xff, 0xff, 0xa2,
    0x00, 0x00, 0x00, 0x00, 0x00, 0x00, 0x00, 0x00,
    0x00, 0x16, 0xdf, 0xff, 0xff, 0x90, 0x00, 0x01,
    0xcf, 0xff, 0xff, 0xa3, 0x00, 0x00, 0x00, 0x00,
    0x00, 0x00, 0x02, 0x6b, 0xff, 0xff, 0xff, 0xf8,
    0x00, 0x00, 0x00, 0x0a, 0xff, 0xff, 0xff, 0xd8,
    0x40, 0x00, 0x00, 0x06, 0x8b, 0xef, 0xff, 0xff,
    0xff, 0xfd, 0x40, 0x00, 0x00, 0x00, 0x00, 0x6e,
    0xff, 0xff, 0xff, 0xff, 0xda, 0x74, 0x0a, 0xff,
    0xff, 0xff, 0xff, 0xfd, 0x60, 0x00, 0x00, 0x00,
    0x00, 0x00, 0x01, 0x8f, 0xff, 0xff, 0xff, 0xff,
    0xf4, 0x01, 0xff, 0xff, 0xff, 0xe9, 0x40, 0x00,
    0x00, 0x00, 0x00, 0x00, 0x00, 0x00, 0x00, 0x6c,
    0xff, 0xff, 0xff, 0x90, 0x00, 0x8f, 0xeb, 0x73,
    0x00, 0x00, 0x00, 0x00, 0x00, 0x00, 0x00, 0x00,
    0x00, 0x00, 0x00, 0x16, 0x9d, 0xfe, 0x00, 0x00,
    0x11, 0x00, 0x00, 0x00, 0x00, 0x00, 0x00, 0x00,
    0x00, 0x00, 0x00, 0x00, 0x00, 0x00, 0x00, 0x00,
    0x01, 0x00,

    /* U+7CFB "系" */
    0x00, 0x00, 0x00, 0x00, 0x00, 0x00, 0x00, 0x00,
    0x00, 0x00, 0x00, 0x00, 0x00, 0x36, 0x9c, 0x10,
    0x00, 0x00, 0x00, 0x00, 0x00, 0x00, 0x00, 0x00,
    0x00, 0x00, 0x00, 0x02, 0x46, 0x8b, 0xdf, 0xff,
    0xff, 0xd0, 0x00, 0x00, 0x00, 0x00, 0x00, 0x01,
    0x23, 0x46, 0x78, 0xab, 0xdf, 0xff, 0xff, 0xff,
    0xff, 0xff, 0xff, 0xfb, 0x00, 0x00, 0x00, 0xcd,
    0xef, 0xff, 0xff, 0xff, 0xff, 0xff, 0xff, 0xff,
    0xff, 0xff, 0xff, 0xff, 0xfe, 0xb7, 0x10, 0x00,
    0x00, 0xaf, 0xff, 0xff, 0xff, 0xff, 0xff, 0xff,
    0xff, 0xff, 0xff, 0xfd, 0xb9, 0x64, 0x10, 0x00,
    0x00, 0x00, 0x00, 0x5f, 0xff, 0xff, 0xff, 0xff,
    0xff, 0xff, 0xff, 0x75, 0x31, 0x00, 0x00, 0x00,
    0x00, 0x00, 0x00, 0x00, 0x00, 0x18, 0x76, 0x54,
    0x32, 0x10, 0x8f, 0xff, 0xf4, 0x00, 0x00, 0x00,
    0x00, 0x00, 0x00, 0x00, 0x00, 0x00, 0x00, 0x00,
    0x00, 0x00, 0x00, 0x08, 0xff, 0xff, 0x40, 0x00,
    0x00, 0x00, 0x19, 0x20, 0x00, 0x00, 0x00, 0x00,
    0x00, 0x00, 0x00, 0x00, 0x00, 0xaf, 0xff, 0xe3,
    0x00, 0x00, 0x00, 0x02, 0xdf, 0xe3, 0x00, 0x00,
    0x00, 0x00, 0x00, 0x00, 0x00, 0x00, 0x1b, 0xff,
    0xfd, 0x20, 0x00, 0x00, 0x00, 0x5f, 0xff, 0xff,
    0x20, 0x00, 0x00, 0x00, 0x00, 0x00, 0x00, 0x03,
    0xdf, 0xff, 0xb1, 0x00, 0x00, 0x00, 0x0a, 0xff,
    0xff, 0xf6, 0x00, 0x00, 0x00, 0x00, 0x00, 0x00,
    0x00, 0x7f, 0xff, 0xf8, 0x00, 0x00, 0x00, 0x14,
    0xdf, 0xff, 0xfd, 0x20, 0x00, 0x00, 0x00, 0x00,
    0x00, 0x00, 0x5d, 0xff, 0xff, 0xec, 0xdd, 0xef,
    0xff, 0xff, 0xff, 0xff, 0x80, 0x00, 0x00, 0x00,
    0x00, 0x00, 0x00, 0x00, 0x9f, 0xff, 0xff, 0xff,
    0xff, 0xff, 0xff, 0xff, 0xff, 0xe4, 0x00, 0x00,
    0x00, 0x00, 0x00, 0x00, 0x00, 0x00, 0x4f, 0xff,
    0xff, 0xff, 0xff, 0xff, 0xff, 0xff, 0xf9, 0x00,
    0x00, 0x00, 0x00, 0x00, 0x00, 0x00, 0x00, 0x00,
    0x0d, 0xb8, 0x76, 0x43, 0x26, 0xef, 0xff, 0xfd,
    0x30, 0x00, 0x07, 0xea, 0x00, 0x00, 0x00, 0x00,
    0x00, 0x00, 0x00, 0x00, 0x00, 0x02, 0xbf, 0xff,
    0xff, 0x60, 0x00, 0x00, 0xaf, 0xff, 0xb0, 0x00,
    0x00, 0x00, 0x00, 0x00, 0x00, 0x00, 0x01, 0x9f,
    0xff, 0xff, 0x91, 0x00, 0x00, 0x00, 0x0b, 0xff,
    0xfb, 0x00, 0x00, 0x00, 0x00, 0x00, 0x00, 0x01,
    0x8f, 0xff, 0xff, 0xb2, 0x00, 0x00, 0x00, 0x00,
    0x00, 0xbf, 0xff, 0xa0, 0x00, 0x00, 0x00, 0x00,
    0x01, 0x8f, 0xff, 0xff, 0xb3, 0x01, 0x23, 0x45,
    0x67, 0x89, 0xab, 0xdf, 0xff, 0xf9, 0x00, 0x00,
    0x00, 0x04, 0xaf, 0xff, 0xff, 0xff, 0xde, 0xff,
    0xff, 0xff, 0xff, 0xff, 0xff, 0xff, 0xff, 0xff,
    0x60, 0x00, 0x00, 0xcf, 0xff, 0xff, 0xff, 0xff,
    0xff, 0xff, 0xff, 0xff, 0xff, 0xff, 0xff, 0xff,
    0xff, 0xff, 0xf4, 0x00, 0x00, 0x6f, 0xff, 0xff,
    0xff, 0xff, 0xff, 0xff, 0xff, 0xff, 0xb9, 0x87,
    0x64, 0x32, 0x14, 0xff, 0xfe, 0x10, 0x00, 0x1f,
    0xff, 0xec, 0xa9, 0x76, 0x53, 0x21, 0xcf, 0xff,
    0x10, 0x00, 0x00, 0x00, 0x00, 0x8f, 0xff, 0xb0,
    0x00, 0x06, 0x20, 0x00, 0x00, 0x00, 0x00, 0x00,
    0xcf, 0xff, 0x10, 0x00, 0x00, 0x00, 0x00, 0x0c,
    0xfb, 0x20, 0x00, 0x00, 0x00, 0x00, 0x87, 0x10,
    0x00, 0x00, 0xcf, 0xff, 0x10, 0x00, 0x09, 0xa0,
    0x00, 0x02, 0x50, 0x00, 0x00, 0x00, 0x00, 0x07,
    0xff, 0xfc, 0x10, 0x00, 0xcf, 0xff, 0x10, 0x05,
    0xef, 0xfd, 0x30, 0x00, 0x00, 0x00, 0x00, 0x00,
    0x00, 0x6f, 0xff, 0xf9, 0x00, 0x00, 0xcf, 0xff,
    0x10, 0x05, 0xff, 0xff, 0xf6, 0x00, 0x00, 0x00,
    0x00, 0x00, 0x06, 0xff, 0xff, 0xb0, 0x00, 0x00,
    0xcf, 0xff, 0x10, 0x00, 0x2d, 0xff, 0xff, 0x90,
    0x00, 0x00, 0x00, 0x00, 0x8f, 0xff, 0xfd, 0x00,
    0x00, 0x00, 0xcf, 0xff, 0x10, 0x00, 0x01, 0xbf,
    0xff, 0xfb, 0x10, 0x00, 0x00, 0x1b, 0xff, 0xff,
    0xd1, 0x00, 0x00, 0x00, 0xcf, 0xff, 0x10, 0x00,
    0x00, 0x0a, 0xff, 0xff, 0xd1, 0x00, 0x03, 0xdf,
    0xff, 0xfc, 0x10, 0x00, 0x00, 0x00, 0xcf, 0xff,
    0x10, 0x00, 0x00, 0x00, 0x8f, 0xff, 0xfe, 0x20,
    0x7f, 0xff, 0xff, 0xb0, 0x00, 0x00, 0x00, 0x00,
    0xcf, 0xff, 0x10, 0x00, 0x00, 0x00, 0x07, 0xff,
    0xff, 0xe2, 0x09, 0xff, 0xf9, 0x00, 0x00, 0x69,
    0x88, 0x89, 0xff, 0xff, 0x00, 0x00, 0x00, 0x00,
    0x00, 0x6f, 0xff, 0x90, 0x00, 0x5e, 0x50, 0x00,
    0x00, 0x3f, 0xff, 0xff, 0xff, 0xfe, 0x00, 0x00,
    0x00, 0x00, 0x00, 0x07, 0xe4, 0x00, 0x00, 0x00,
    0x00, 0x00, 0x00, 0x0d, 0xff, 0xff, 0xff, 0xf7,
    0x00, 0x00, 0x00, 0x00, 0x00, 0x00, 0x00, 0x00,
    0x00, 0x00, 0x00, 0x00, 0x00, 0x08, 0xff, 0xff,
    0xea, 0x40, 0x00, 0x00, 0x00, 0x00, 0x00, 0x00,
    0x00, 0x00, 0x00, 0x00, 0x00, 0x00, 0x00, 0x00,
    0x11, 0x00, 0x00, 0x00, 0x00, 0x00, 0x00, 0x00,
    0x00, 0x00, 0x00, 0x00,

    /* U+7EC8 "终" */
    0x00, 0x00, 0x00, 0x00, 0x00, 0x00, 0x00, 0x00,
    0x00, 0x00, 0x00, 0x00, 0x00, 0x00, 0x00, 0x00,
    0x00, 0x00, 0x00, 0x00, 0x00, 0x00, 0x00, 0x8b,
    0x50, 0x00, 0x00, 0x00, 0x00, 0x00, 0x1e, 0xb9,
    0x60, 0x00, 0x00, 0x00, 0x00, 0x00, 0x00, 0x00,
    0x00, 0x00, 0x0e, 0xff, 0xe2, 0x00, 0x00, 0x00,
    0x00, 0x08, 0xff, 0xfa, 0x00, 0x00, 0x00, 0x00,
    0x00, 0x00, 0x00, 0x00, 0x00, 0x04, 0xff, 0xfd,
    0x00, 0x00, 0x00, 0x00, 0x01, 0xff, 0xff, 0x20,
    0x00, 0x00, 0x00, 0x00, 0x00, 0x00, 0x00, 0x00,
    0x00, 0xbf, 0xff, 0x60, 0x00, 0x00, 0x00, 0x00,
    0xaf, 0xff, 0xa0, 0x00, 0x00, 0x00, 0x00, 0x00,
    0x00, 0x00, 0x00, 0x00, 0x2f, 0xff, 0xe0, 0x00,
    0x00, 0x00, 0x00, 0x4f, 0xff, 0xff, 0xff, 0xff,
    0xff, 0xff, 0xe6, 0x00, 0x00, 0x00, 0x00, 0x09,
    0xff, 0xf7, 0x00, 0x00, 0x00, 0x00, 0x0e, 0xff,
    0xff, 0xff, 0xff, 0xff, 0xff, 0xff, 0xf7, 0x00,
    0x00, 0x00, 0x01, 0xff, 0xfe, 0x00, 0x00, 0x00,
    0x00, 0x0a, 0xff, 0xff, 0xff, 0xff, 0xff, 0xff,
    0xff, 0xff, 0x10, 0x00, 0x00, 0x00, 0x9f, 0xff,
    0x60, 0x00, 0x00, 0x00, 0x07, 0xff, 0xff, 0x95,
    0x55, 0x55, 0x55, 0xcf, 0xff, 0x90, 0x00, 0x00,
    0x00, 0x2f, 0xff, 0xd0, 0x00, 0x21, 0x00, 0x06,
    0xff, 0xff, 0xfe, 0x10, 0x00, 0x00, 0x2f, 0xff,
    0xf1, 0x00, 0x00, 0x00, 0x0a, 0xff, 0xf4, 0x00,
    0x0c, 0xe6, 0x06, 0xff, 0xff, 0xff, 0xfa, 0x00,
    0x00, 0x0d, 0xff, 0xf6, 0x00, 0x00, 0x00, 0x04,
    0xff, 0xfa, 0x00, 0x04, 0xff, 0xfd, 0xff, 0xff,
    0xca, 0xff, 0xf7, 0x00, 0x0a, 0xff, 0xfc, 0x00,
    0x00, 0x00, 0x01, 0xef, 0xff, 0x10, 0x00, 0xdf,
    0xff, 0xef, 0xff, 0xc1, 0x1d, 0xff, 0xf5, 0x08,
    0xff, 0xfe, 0x10, 0x00, 0x00, 0x00, 0xbf, 0xff,
    0x60, 0x01, 0x8f, 0xff, 0xa1, 0xcf, 0xc1, 0x00,
    0x3f, 0xff, 0xfa, 0xff, 0xff, 0x40, 0x00, 0x00,
    0x00, 0xbf, 0xff, 0xfe, 0xff, 0xff, 0xff, 0xe1,
    0x01, 0x90, 0x00, 0x00, 0x6f, 0xff, 0xff, 0xff,
    0x60, 0x00, 0x00, 0x00, 0x09, 0xff, 0xff, 0xff,
    0xff, 0xff, 0xf5, 0x00, 0x00, 0x00, 0x00, 0x00,
    0x8f, 0xff, 0xff, 0x70, 0x00, 0x00, 0x00, 0x00,
    0x3f, 0xff, 0xff, 0xff, 0xff, 0xfa, 0x00, 0x00,
    0x00, 0x00, 0x00, 0x3d, 0xff, 0xff, 0xfb, 0x10,
    0x00, 0x00, 0x00, 0x00, 0xca, 0x75, 0x34, 0xff,
    0xfe, 0x10, 0x00, 0x00, 0x00, 0x00, 0x8f, 0xff,
    0xff, 0xff, 0xfe, 0x50, 0x00, 0x00, 0x00, 0x00,
    0x00, 0x00, 0xdf, 0xff, 0x30, 0x00, 0x00, 0x00,
    0x05, 0xef, 0xff, 0xfe, 0x9f, 0xff, 0xff, 0xb2,
    0x00, 0x00, 0x00, 0x00, 0x00, 0x9f, 0xff, 0x70,
    0x00, 0x00, 0x00, 0x5d, 0xff, 0xff, 0xfc, 0x20,
    0x4e, 0xff, 0xff, 0xf9, 0x20, 0x00, 0x00, 0x00,
    0x6f, 0xff, 0xa0, 0x00, 0x00, 0x17, 0xdf, 0xff,
    0xff, 0xf7, 0x00, 0x00, 0x2c, 0xff, 0xff, 0xff,
    0xb4, 0x00, 0x00, 0x4f, 0xff, 0xc0, 0x00, 0x00,
    0x09, 0xff, 0xff, 0xff, 0xb2, 0x00, 0x00, 0x00,
    0x07, 0xff, 0xff, 0xff, 0xd1, 0x00, 0x3f, 0xff,
    0xe3, 0x35, 0x7a, 0xce, 0x0c, 0xff, 0xfc, 0x40,
    0x08, 0x71, 0x00, 0x00, 0x01, 0xaf, 0xff, 0xf2,
    0x00, 0x4f, 0xff, 0xff, 0xff, 0xff, 0xff, 0xf0,
    0x1f, 0xb4, 0x00, 0x07, 0xff, 0xfa, 0x30, 0x00,
    0x00, 0x29, 0xf5, 0x00, 0x6f, 0xff, 0xff, 0xff,
    0xff, 0xff, 0xff, 0x20, 0x10, 0x00, 0x02, 0xff,
    0xff, 0xff, 0xb3, 0x00, 0x00, 0x01, 0x00, 0x02,
    0xff, 0xff, 0xff, 0xff, 0xfd, 0xb8, 0x50, 0x00,
    0x00, 0x00, 0x01, 0x7e, 0xff, 0xff, 0xfa, 0x10,
    0x00, 0x00, 0x00, 0x0d, 0xff, 0xeb, 0x85, 0x20,
    0x00, 0x00, 0x00, 0x00, 0x00, 0x00, 0x00, 0x07,
    0xef, 0xff, 0xfe, 0x10, 0x00, 0x00, 0x00, 0x55,
    0x10, 0x00, 0x00, 0x00, 0x00, 0x00, 0x00, 0x00,
    0x00, 0x00, 0x00, 0x00, 0x8f, 0xff, 0x70, 0x00,
    0x00, 0x00, 0x00, 0x00, 0x00, 0x00, 0x00, 0x00,
    0x00, 0x00, 0x00, 0x00, 0x00, 0x00, 0x00, 0x00,
    0x2c, 0xa0, 0x00, 0x00, 0x00, 0x00, 0x00, 0x00,
    0x00, 0x00, 0x00, 0x00, 0x03, 0x00, 0x02, 0xc8,
    0x40, 0x00, 0x00, 0x00, 0x00, 0x00, 0x00, 0x00,
    0x00, 0x00, 0x00, 0x00, 0x00, 0x14, 0x7a, 0xdf,
    0xf0, 0x00, 0xdf, 0xff, 0xfa, 0x40, 0x00, 0x00,
    0x00, 0x00, 0x00, 0x00, 0x00, 0x00, 0x36, 0x8b,
    0xef, 0xff, 0xff, 0xff, 0x00, 0xaf, 0xff, 0xff,
    0xff, 0xe9, 0x30, 0x00, 0x00, 0x00, 0x00, 0x00,
    0x8d, 0xff, 0xff, 0xff, 0xff, 0xff, 0xff, 0xf2,
    0x00, 0x38, 0xdf, 0xff, 0xff, 0xff, 0xc6, 0x00,
    0x00, 0x00, 0x00, 0x09, 0xff, 0xff, 0xff, 0xff,
    0xff, 0xc9, 0x52, 0x00, 0x00, 0x00, 0x28, 0xef,
    0xff, 0xff, 0xff, 0x92, 0x00, 0x00, 0x00, 0x6f,
    0xff, 0xff, 0xd9, 0x63, 0x00, 0x00, 0x00, 0x00,
    0x00, 0x00, 0x00, 0x4a, 0xff, 0xff, 0xff, 0xfa,
    0x20, 0x00, 0x03, 0xea, 0x73, 0x00, 0x00, 0x00,
    0x00, 0x00, 0x00, 0x00, 0x00, 0x00, 0x00, 0x01,
    0x8e, 0xff, 0xff, 0xf9, 0x00, 0x00, 0x00, 0x00,
    0x00, 0x00, 0x00, 0x00, 0x00, 0x00, 0x00, 0x00,
    0x00, 0x00, 0x00, 0x00, 0x06, 0xef, 0xfd, 0x00,
    0x00, 0x00, 0x00, 0x00, 0x00, 0x00, 0x00, 0x00,
    0x00, 0x00, 0x00, 0x00, 0x00, 0x00, 0x00, 0x00,
    0x00, 0x6e, 0x30, 0x00, 0x00, 0x00, 0x00, 0x00,
    0x00, 0x00, 0x00, 0x00, 0x00, 0x00, 0x00, 0x00,
    0x00, 0x00, 0x00, 0x00, 0x00, 0x00, 0x00, 0x00,
    0x00,

    /* U+7EDF "统" */
    0x00, 0x00, 0x00, 0x00, 0x00, 0x00, 0x00, 0x00,
    0x00, 0x00, 0x00, 0x00, 0x00, 0x00, 0x00, 0x00,
    0x00, 0x00, 0x00, 0x00, 0x00, 0x00, 0x06, 0xc4,
    0x00, 0x00, 0x00, 0x00, 0x00, 0x00, 0x04, 0x8c,
    0x60, 0x00, 0x00, 0x00, 0x00, 0x00, 0x00, 0x00,
    0x00, 0x0c, 0xff, 0xd4, 0x00, 0x00, 0x00, 0x00,
    0x00, 0x2f, 0xff, 0xe0, 0x00, 0x00, 0x00, 0x00,
    0x00, 0x00, 0x00, 0x00, 0x2f, 0xff, 0xf4, 0x00,
    0x00, 0x00, 0x00, 0x00, 0x0b, 0xff, 0xf6, 0x00,
    0x00, 0x00, 0x00, 0x00, 0x00, 0x00, 0x00, 0x9f,
    0xff, 0xd0, 0x00, 0x00, 0x00, 0x00, 0x00, 0x04,
    0xff, 0xfd, 0x00, 0x00, 0x00, 0x00, 0x00, 0x00,
    0x00, 0x01, 0xff, 0xff, 0x50, 0x00, 0x00, 0x00,
    0x00, 0x00, 0x00, 0xef, 0xff, 0x30, 0x00, 0x00,
    0x00, 0x00, 0x00, 0x00, 0x08, 0xff, 0xfd, 0x00,
    0x00, 0x03, 0x44, 0x44, 0x44, 0x44, 0xbf, 0xc8,
    0x44, 0x44, 0x44, 0x44, 0x40, 0x00, 0x00, 0x0f,
    0xff, 0xf5, 0x00, 0x00, 0x0d, 0xff, 0xff, 0xff,
    0xff, 0xff, 0xff, 0xff, 0xff, 0xff, 0xff, 0xf1,
    0x00, 0x00, 0x7f, 0xff, 0xc0, 0x00, 0x00, 0x0d,
    0xff, 0xff, 0xff, 0xff, 0xff, 0xff, 0xff, 0xff,
    0xff, 0xff, 0xf1, 0x00, 0x01, 0xff, 0xff, 0x30,
    0x04, 0x30, 0x0d, 0xff, 0xff, 0xff, 0xff, 0xff,
    0xff, 0xff, 0xff, 0xff, 0xff, 0xf1, 0x00, 0x09,
    0xff, 0xf9, 0x00, 0x0e, 0xf9, 0x01, 0x22, 0x22,
    0x27, 0xff, 0xff, 0x42, 0x22, 0x22, 0x22, 0x22,
    0x20, 0x00, 0x3f, 0xff, 0xe1, 0x00, 0x6f, 0xff,
    0xc0, 0x00, 0x00, 0x2e, 0xff, 0xf6, 0x00, 0x00,
    0x15, 0x00, 0x00, 0x00, 0x00, 0xdf, 0xff, 0x50,
    0x01, 0xef, 0xff, 0x50, 0x00, 0x00, 0xcf, 0xff,
    0xa0, 0x00, 0x19, 0xff, 0x40, 0x00, 0x00, 0x0a,
    0xff, 0xfa, 0x02, 0x3a, 0xff, 0xfc, 0x00, 0x00,
    0x09, 0xff, 0xfd, 0x10, 0x00, 0x1e, 0xff, 0xe1,
    0x00, 0x00, 0xaf, 0xff, 0xff, 0xff, 0xff, 0xff,
    0xf2, 0x00, 0x00, 0x5f, 0xff, 0xf3, 0x00, 0x00,
    0x05, 0xff, 0xfb, 0x00, 0x00, 0x6f, 0xff, 0xff,
    0xff, 0xff, 0xff, 0x80, 0x00, 0x03, 0xff, 0xff,
    0x60, 0x00, 0x00, 0x00, 0xaf, 0xff, 0x50, 0x00,
    0x1f, 0xff, 0xff, 0xff, 0xff, 0xfd, 0x00, 0x00,
    0x3e, 0xff, 0xf9, 0x00, 0x23, 0x56, 0x79, 0xbf,
    0xff, 0xe1, 0x00, 0x0b, 0xeb, 0x96, 0x7f, 0xff,
    0xf3, 0x00, 0x4a, 0xff, 0xff, 0xfe, 0xff, 0xff,
    0xff, 0xff, 0xff, 0xff, 0xfa, 0x00, 0x01, 0x00,
    0x00, 0xdf, 0xff, 0x70, 0x00, 0x6f, 0xff, 0xff,
    0xff, 0xff, 0xff, 0xff, 0xff, 0xff, 0xff, 0xff,
    0x40, 0x00, 0x00, 0x0a, 0xff, 0xfb, 0x00, 0x00,
    0x1f, 0xff, 0xff, 0xff, 0xff, 0xff, 0xed, 0xba,
    0x86, 0x7f, 0xff, 0xd0, 0x00, 0x00, 0x7f, 0xff,
    0xe1, 0x00, 0x00, 0x0c, 0xff, 0xdb, 0x97, 0x53,
    0x20, 0x00, 0x00, 0x00, 0x0b, 0xff, 0xe1, 0x00,
    0x04, 0xff, 0xff, 0x30, 0x01, 0x46, 0x04, 0x20,
    0x0c, 0xdd, 0xb0, 0x00, 0x4e, 0xee, 0x60, 0x03,
    0xf7, 0x00, 0x00, 0x3f, 0xff, 0xfa, 0x7b, 0xef,
    0xfd, 0x00, 0x00, 0x0f, 0xff, 0xd0, 0x00, 0x4f,
    0xff, 0x70, 0x00, 0x00, 0x00, 0x03, 0xef, 0xff,
    0xff, 0xff, 0xff, 0xfd, 0x00, 0x00, 0x0f, 0xff,
    0xc0, 0x00, 0x4f, 0xff, 0x70, 0x00, 0x00, 0x00,
    0x4f, 0xff, 0xff, 0xff, 0xff, 0xff, 0xfc, 0x00,
    0x00, 0x1f, 0xff, 0xa0, 0x00, 0x4f, 0xff, 0x70,
    0x00, 0x00, 0x00, 0x1f, 0xff, 0xff, 0xff, 0xfc,
    0x95, 0x10, 0x00, 0x00, 0x2f, 0xff, 0x90, 0x00,
    0x4f, 0xff, 0x70, 0x00, 0x00, 0x00, 0x0a, 0xff,
    0xfc, 0x84, 0x00, 0x00, 0x00, 0x00, 0x00, 0x4f,
    0xff, 0x70, 0x00, 0x4f, 0xff, 0x70, 0x00, 0x00,
    0x00, 0x06, 0xa5, 0x00, 0x00, 0x00, 0x00, 0x00,
    0x00, 0x00, 0x7f, 0xff, 0x50, 0x00, 0x4f, 0xff,
    0x70, 0x00, 0x00, 0x00, 0x00, 0x00, 0x00, 0x00,
    0x00, 0x00, 0x03, 0x00, 0x00, 0xbf, 0xff, 0x20,
    0x00, 0x4f, 0xff, 0x70, 0x00, 0x00, 0x00, 0x00,
    0x00, 0x00, 0x00, 0x00, 0x49, 0xef, 0x00, 0x00,
    0xff, 0xfe, 0x00, 0x00, 0x4f, 0xff, 0x70, 0x00,
    0x88, 0x10, 0x00, 0x00, 0x00, 0x05, 0xaf, 0xff,
    0xff, 0x30, 0x06, 0xff, 0xfa, 0x00, 0x00, 0x4f,
    0xff, 0x70, 0x00, 0x9f, 0xf7, 0x00, 0x01, 0x6a,
    0xff, 0xff, 0xff, 0xff, 0x60, 0x1e, 0xff, 0xf4,
    0x00, 0x00, 0x4f, 0xff, 0x70, 0x00, 0xaf, 0xf8,
    0x17, 0xcf, 0xff, 0xff, 0xff, 0xff, 0xa4, 0x00,
    0xbf, 0xff, 0xd0, 0x00, 0x00, 0x4f, 0xff, 0x70,
    0x00, 0xbf, 0xf7, 0x3f, 0xff, 0xff, 0xff, 0xfb,
    0x50, 0x00, 0x0a, 0xff, 0xff, 0x40, 0x00, 0x00,
    0x4f, 0xff, 0x70, 0x00, 0xdf, 0xf5, 0x0f, 0xff,
    0xff, 0xc6, 0x10, 0x00, 0x05, 0xef, 0xff, 0xf9,
    0x00, 0x00, 0x00, 0x3f, 0xff, 0xc6, 0x67, 0xff,
    0xf2, 0x0c, 0xfd, 0x72, 0x00, 0x00, 0x00, 0xcf,
    0xff, 0xff, 0xb0, 0x00, 0x00, 0x00, 0x1f, 0xff,
    0xff, 0xff, 0xff, 0xe0, 0x04, 0x30, 0x00, 0x00,
    0x00, 0x00, 0x4f, 0xff, 0xfa, 0x00, 0x00, 0x00,
    0x00, 0x0b, 0xff, 0xff, 0xff, 0xff, 0x70, 0x00,
    0x00, 0x00, 0x00, 0x00, 0x00, 0x08, 0xfe, 0x50,
    0x00, 0x00, 0x00, 0x00, 0x00, 0x8c, 0xdd, 0xdd,
    0xc6, 0x00, 0x00, 0x00, 0x00, 0x00, 0x00, 0x00,
    0x00, 0x60, 0x00, 0x00, 0x00, 0x00, 0x00, 0x00,
    0x00, 0x00, 0x00, 0x00, 0x00,

    /* U+7F51 "网" */
    0x68, 0x88, 0x88, 0x88, 0x88, 0x88, 0x88, 0x88,
    0x88, 0x88, 0x88, 0x88, 0x88, 0x88, 0x88, 0x99,
    0x86, 0xbf, 0xff, 0xff, 0xff, 0xff, 0xff, 0xff,
    0xff, 0xff, 0xff, 0xff, 0xff, 0xff, 0xff, 0xff,
    0xff, 0xfc, 0xbf, 0xff, 0xff, 0xff, 0xff, 0xff,
    0xff, 0xff, 0xff, 0xff, 0xff, 0xff, 0xff, 0xff,
    0xff, 0xff, 0xfc, 0xbf, 0xff, 0xff, 0xff, 0xff,
    0xff, 0xff, 0xff, 0xff, 0xff, 0xff, 0xff, 0xff,
    0xff, 0xff, 0xff, 0xfc, 0xbf, 0xff, 0x10, 0x00,
    0x00, 0x00, 0x00, 0x00, 0x00, 0x00, 0x00, 0x00,
    0x00, 0x00, 0x01, 0xff, 0xfc, 0xbf, 0xff, 0x10,
    0x00, 0x00, 0x00, 0x00, 0x00, 0x00, 0x00, 0x00,
    0x00, 0x00, 0x00, 0x00, 0xff, 0xfc, 0xbf, 0xff,
    0x10, 0x00, 0x00, 0x00, 0x49, 0x76, 0x00, 0x00,
    0x00, 0x02, 0x86, 0x50, 0x00, 0xff, 0xfc, 0xbf,
    0xff, 0x10, 0x00, 0x00, 0x00, 0x8f, 0xff, 0x00,
    0x00, 0x00, 0x05, 0xff, 0xf1, 0x00, 0xff, 0xfc,
    0xbf, 0xff, 0x10, 0x00, 0x00, 0x00, 0xbf, 0xfc,
    0x00, 0x00, 0x00, 0x07, 0xff, 0xf0, 0x00, 0xff,
    0xfc, 0xbf, 0xff, 0x10, 0xb6, 0x00, 0x00, 0xdf,
    0xf9, 0x03, 0xa0, 0x00, 0x0a, 0xff, 0xc0, 0x00,
    0xff, 0xfc, 0xbf, 0xff, 0x1b, 0xff, 0x40, 0x00,
    0xff, 0xf6, 0x4f, 0xfa, 0x00, 0x0d, 0xff, 0x90,
    0x00, 0xff, 0xfc, 0xbf, 0xff, 0x2e, 0xff, 0xf2,
    0x03, 0xff, 0xf3, 0x9f, 0xff, 0x80, 0x0f, 0xff,
    0x60, 0x00, 0xff, 0xfc, 0xbf, 0xff, 0x13, 0xff,
    0xfd, 0x17, 0xff, 0xf0, 0x0b, 0xff, 0xf5, 0x3f,
    0xff, 0x30, 0x00, 0xff, 0xfc, 0xbf, 0xff, 0x10,
    0x5f, 0xff, 0xbb, 0xff, 0xc0, 0x01, 0xdf, 0xff,
    0x9f, 0xff, 0x00, 0x00, 0xff, 0xfc, 0xbf, 0xff,
    0x10, 0x08, 0xff, 0xff, 0xff, 0x80, 0x00, 0x2f,
    0xff, 0xff, 0xfb, 0x00, 0x00, 0xff, 0xfc, 0xbf,
    0xff, 0x10, 0x00, 0xcf, 0xff, 0xff, 0x30, 0x00,
    0x06, 0xff, 0xff, 0xf7, 0x00, 0x00, 0xff, 0xfc,
    0xbf, 0xff, 0x10, 0x00, 0x1e, 0xff, 0xff, 0x00,
    0x00, 0x00, 0xaf, 0xff, 0xf3, 0x00, 0x00, 0xff,
    0xfc, 0xbf, 0xff, 0x10, 0x00, 0x04, 0xff, 0xfd,
    0x00, 0x00, 0x00, 0x1e, 0xff, 0xf1, 0x00, 0x00,
    0xff, 0xfc, 0xbf, 0xff, 0x10, 0x00, 0x02, 0xff,
    0xff, 0x80, 0x00, 0x00, 0x0e, 0xff, 0xfa, 0x00,
    0x00, 0xff, 0xfc, 0xbf, 0xff, 0x10, 0x00, 0x09,
    0xff, 0xff, 0xf4, 0x00, 0x00, 0x4f, 0xff, 0xff,
    0x50, 0x00, 0xff, 0xfc, 0xbf, 0xff, 0x10, 0x00,
    0x0f, 0xff, 0xff, 0xfe, 0x10, 0x00, 0xbf, 0xff,
    0xff, 0xe0, 0x00, 0xff, 0xfc, 0xbf, 0xff, 0x10,
    0x00, 0x6f, 0xff, 0xaf, 0xff, 0xa0, 0x02, 0xff,
    0xfc, 0xff, 0xf8, 0x00, 0xff, 0xfc, 0xbf, 0xff,
    0x10, 0x00, 0xef, 0xfd, 0x0b, 0xff, 0xf4, 0x0a,
    0xff, 0xf1, 0xbf, 0xff, 0x20, 0xff, 0xfc, 0xbf,
    0xff, 0x10, 0x07, 0xff, 0xf5, 0x01, 0xff, 0xd1,
    0x3f, 0xff, 0xa0, 0x2f, 0xff, 0xa0, 0xff, 0xfc,
    0xbf, 0xff, 0x10, 0x2f, 0xff, 0xd0, 0x00, 0x6e,
    0x20, 0xcf, 0xff, 0x20, 0x09, 0xff, 0xa0, 0xff,
    0xfc, 0xbf, 0xff, 0x10, 0xcf, 0xff, 0x40, 0x00,
    0x02, 0x08, 0xff, 0xf9, 0x00, 0x01, 0xf9, 0x00,
    0xff, 0xfc, 0xbf, 0xff, 0x19, 0xff, 0xfa, 0x00,
    0x00, 0x00, 0x4f, 0xff, 0xe1, 0x00, 0x00, 0x30,
    0x00, 0xff, 0xfc, 0xbf, 0xff, 0x9f, 0xff, 0xe1,
    0x00, 0x00, 0x03, 0xff, 0xff, 0x40, 0x00, 0x00,
    0x00, 0x00, 0xff, 0xfc, 0xbf, 0xff, 0x9f, 0xff,
    0x40, 0x00, 0x00, 0x0c, 0xff, 0xf8, 0x00, 0x00,
    0x00, 0x00, 0x00, 0xff, 0xfc, 0xbf, 0xff, 0x13,
    0xd6, 0x00, 0x00, 0x00, 0x00, 0x8f, 0xb0, 0x00,
    0x00, 0x00, 0x00, 0x00, 0xff, 0xfc, 0xbf, 0xff,
    0x10, 0x00, 0x00, 0x00, 0x00, 0x00, 0x04, 0x00,
    0x00, 0x00, 0x00, 0x00, 0x01, 0xff, 0xfb, 0xbf,
    0xff, 0x10, 0x00, 0x00, 0x00, 0x00, 0x00, 0x00,
    0x00, 0x00, 0x1c, 0xcb, 0xbb, 0xbe, 0xff, 0xfa,
    0xbf, 0xff, 0x10, 0x00, 0x00, 0x00, 0x00, 0x00,
    0x00, 0x00, 0x00, 0x0a, 0xff, 0xff, 0xff, 0xff,
    0xf7, 0xbf, 0xff, 0x10, 0x00, 0x00, 0x00, 0x00,
    0x00, 0x00, 0x00, 0x00, 0x04, 0xff, 0xff, 0xff,
    0xff, 0xc0, 0xbf, 0xff, 0x10, 0x00, 0x00, 0x00,
    0x00, 0x00, 0x00, 0x00, 0x00, 0x00, 0xff, 0xff,
    0xec, 0xa5, 0x00,

    /* U+7F6E "置" */
    0x00, 0x01, 0x11, 0x11, 0x11, 0x11, 0x11, 0x11,
    0x11, 0x11, 0x11, 0x11, 0x11, 0x11, 0x11, 0x11,
    0x10, 0x00, 0x00, 0x8f, 0xff, 0xff, 0xff, 0xff,
    0xff, 0xff, 0xff, 0xff, 0xff, 0xff, 0xff, 0xff,
    0xff, 0xff, 0xfe, 0x00, 0x00, 0x8f, 0xff, 0xff,
    0xff, 0xff, 0xff, 0xff, 0xff, 0xff, 0xff, 0xff,
    0xff, 0xff, 0xff, 0xff, 0xfe, 0x00, 0x00, 0x8f,
    0xff, 0x98, 0x88, 0x8b, 0xff, 0xf9, 0x88, 0x88,
    0x9f, 0xff, 0xa8, 0x88, 0x88, 0xff, 0xfe, 0x00,
    0x00, 0x8f, 0xff, 0x10, 0x00, 0x05, 0xff, 0xf2,
    0x00, 0x00, 0x3f, 0xff, 0x40, 0x00, 0x00, 0xef,
    0xfe, 0x00, 0x00, 0x8f, 0xff, 0x10, 0x00, 0x05,
    0xff, 0xf2, 0x00, 0x00, 0x3f, 0xff, 0x40, 0x00,
    0x00, 0xef, 0xfe, 0x00, 0x00, 0x8f, 0xff, 0xaa,
    0xaa, 0xac, 0xff, 0xfb, 0xaa, 0xaa, 0xbf, 0xff,
    0xba, 0xaa, 0xaa, 0xff, 0xfe, 0x00, 0x00, 0x8f,
    0xff, 0xff, 0xff, 0xff, 0xff, 0xff, 0xff, 0xff,
    0xff, 0xff, 0xff, 0xff, 0xff, 0xff, 0xfe, 0x00,
    0x00, 0x8f, 0xff, 0xff, 0xff, 0xff, 0xff, 0xff,
    0xff, 0xff, 0xff, 0xff, 0xff, 0xff, 0xff, 0xff,
    0xfe, 0x00, 0x00, 0x00, 0x00, 0x00, 0x00, 0x00,
    0x00, 0x04, 0xff, 0xf9, 0x00, 0x00, 0x00, 0x00,
    0x00, 0x00, 0x00, 0x00, 0x00, 0x00, 0x00, 0x00,
    0x00, 0x00, 0x00, 0x06, 0xff, 0xf7, 0x00, 0x00,
    0x00, 0x00, 0x00, 0x00, 0x00, 0x00, 0x4f, 0xff,
    0xff, 0xff, 0xff, 0xff, 0xff, 0xff, 0xff, 0xff,
    0xff, 0xff, 0xff, 0xff, 0xff, 0xff, 0xff, 0xe0,
    0x5f, 0xff, 0xff, 0xff, 0xff, 0xff, 0xff, 0xff,
    0xff, 0xff, 0xff, 0xff, 0xff, 0xff, 0xff, 0xff,
    0xff, 0xe0, 0x4e, 0xee, 0xee, 0xee, 0xee, 0xee,
    0xee, 0xef, 0xff, 0xfe, 0xee, 0xee, 0xee, 0xee,
    0xee, 0xee, 0xee, 0xc0, 0x00, 0x00, 0x00, 0x00,
    0x00, 0x00, 0x00, 0x0f, 0xff, 0xb0, 0x00, 0x00,
    0x00, 0x00, 0x00, 0x00, 0x00, 0x00, 0x00, 0x00,
    0x00, 0x11, 0x11, 0x11, 0x11, 0x3f, 0xff, 0x81,
    0x11, 0x11, 0x11, 0x11, 0x11, 0x00, 0x00, 0x00,
    0x00, 0x00, 0x0c, 0xff, 0xff, 0xff, 0xff, 0xff,
    0xff, 0xff, 0xff, 0xff, 0xff, 0xff, 0xff, 0xb0,
    0x00, 0x00, 0x00, 0x00, 0x0c, 0xff, 0xff, 0xff,
    0xff, 0xff, 0xff, 0xff, 0xff, 0xff, 0xff, 0xff,
    0xff, 0xb0, 0x00, 0x00, 0x00, 0x00, 0x0c, 0xff,
    0xd5, 0x55, 0x55, 0x55, 0x55, 0x55, 0x55, 0x55,
    0x55, 0x5f, 0xff, 0xb0, 0x00, 0x00, 0x00, 0x00,
    0x0c, 0xff, 0xd0, 0x00, 0x00, 0x00, 0x00, 0x00,
    0x00, 0x00, 0x00, 0x0f, 0xff, 0xb0, 0x00, 0x00,
    0x00, 0x00, 0x0c, 0xff, 0xff, 0xff, 0xff, 0xff,
    0xff, 0xff, 0xff, 0xff, 0xff, 0xff, 0xff, 0xb0,
    0x00, 0x00, 0x00, 0x00, 0x0c, 0xff, 0xff, 0xff,
    0xff, 0xff, 0xff, 0xff, 0xff, 0xff, 0xff, 0xff,
    0xff, 0xb0, 0x00, 0x00, 0x00, 0x00, 0x0c, 0xff,
    0xd2, 0x22, 0x22, 0x22, 0x22, 0x22, 0x22, 0x22,
    0x22, 0x2f, 0xff, 0xb0, 0x00, 0x00, 0x00, 0x00,
    0x0c, 0xff, 0xd0, 0x00, 0x00, 0x00, 0x00, 0x00,
    0x00, 0x00, 0x00, 0x0f, 0xff, 0xb0, 0x00, 0x00,
    0x00, 0x00, 0x0c, 0xff, 0xff, 0xff, 0xff, 0xff,
    0xff, 0xff, 0xff, 0xff, 0xff, 0xff, 0xff, 0xb0,
    0x00, 0x00, 0x00, 0x00, 0x0c, 0xff, 0xff, 0xff,
    0xff, 0xff, 0xff, 0xff, 0xff, 0xff, 0xff, 0xff,
    0xff, 0xb0, 0x00, 0x00, 0x00, 0x00, 0x0c, 0xff,
    0xd1, 0x11, 0x11, 0x11, 0x11, 0x11, 0x11, 0x11,
    0x11, 0x2f, 0xff, 0xb0, 0x00, 0x00, 0x00, 0x00,
    0x0c, 0xff, 0xd0, 0x00, 0x00, 0x00, 0x00, 0x00,
    0x00, 0x00, 0x00, 0x0f, 0xff, 0xb0, 0x00, 0x00,
    0x00, 0x00, 0x0c, 0xff, 0xfd, 0xdd, 0xdd, 0xdd,
    0xdd, 0xdd, 0xdd, 0xdd, 0xdd, 0xdf, 0xff, 0xb0,
    0x00, 0x00, 0x00, 0x00, 0x0c, 0xff, 0xff, 0xff,
    0xff, 0xff, 0xff, 0xff, 0xff, 0xff, 0xff, 0xff,
    0xff, 0xb0, 0x00, 0x00, 0x00, 0x00, 0x0c, 0xff,
    0xd3, 0x33, 0x33, 0x33, 0x33, 0x33, 0x33, 0x33,
    0x33, 0x4f, 0xff, 0xb0, 0x00, 0x00, 0x00, 0x00,
    0x0c, 0xff, 0xd0, 0x00, 0x00, 0x00, 0x00, 0x00,
    0x00, 0x00, 0x00, 0x0f, 0xff, 0xb0, 0x00, 0x00,
    0x78, 0x88, 0x8e, 0xff, 0xe8, 0x88, 0x88, 0x88,
    0x88, 0x88, 0x88, 0x88, 0x88, 0x8f, 0xff, 0xd8,
    0x88, 0x88, 0xdf, 0xff, 0xff, 0xff, 0xff, 0xff,
    0xff, 0xff, 0xff, 0xff, 0xff, 0xff, 0xff, 0xff,
    0xff, 0xff, 0xff, 0xff, 0xdf, 0xff, 0xff, 0xff,
    0xff, 0xff, 0xff, 0xff, 0xff, 0xff, 0xff, 0xff,
    0xff, 0xff, 0xff, 0xff, 0xff, 0xff, 0x23, 0x33,
    0x33, 0x33, 0x33, 0x33, 0x33, 0x33, 0x33, 0x33,
    0x33, 0x33, 0x33, 0x33, 0x33, 0x33, 0x33, 0x33,

    /* U+8054 "联" */
    0x00, 0x00, 0x00, 0x00, 0x00, 0x00, 0x00, 0x00,
    0x00, 0x00, 0x01, 0x00, 0x00, 0x00, 0x00, 0x02,
    0x00, 0x00, 0x00, 0x15, 0x55, 0x55, 0x55, 0x55,
    0x55, 0x55, 0x55, 0x00, 0x07, 0xee, 0x10, 0x00,
    0x00, 0x00, 0x4f, 0xea, 0x50, 0x00, 0x3f, 0xff,
    0xff, 0xff, 0xff, 0xff, 0xff, 0xff, 0x00, 0x8f,
    0xff, 0xb0, 0x00, 0x00, 0x00, 0xbf, 0xff, 0x70,
    0x00, 0x3f, 0xff, 0xff, 0xff, 0xff, 0xff, 0xff,
    0xff, 0x00, 0x0c, 0xff, 0xf7, 0x00, 0x00, 0x03,
    0xff, 0xfd, 0x00, 0x00, 0x3f, 0xff, 0xff, 0xff,
    0xff, 0xff, 0xff, 0xff, 0x00, 0x02, 0xff, 0xff,
    0x20, 0x00, 0x0a, 0xff, 0xf5, 0x00, 0x00, 0x01,
    0x4f, 0xff, 0x31, 0x11, 0x1f, 0xff, 0x61, 0x00,
    0x00, 0x7f, 0xff, 0xb0, 0x00, 0x3f, 0xff, 0xb0,
    0x00, 0x00, 0x00, 0x3f, 0xff, 0x20, 0x00, 0x0e,
    0xff, 0x50, 0x00, 0x00, 0x0e, 0xff, 0xf1, 0x00,
    0xbf, 0xff, 0x20, 0x00, 0x00, 0x00, 0x3f, 0xff,
    0x20, 0x00, 0x0e, 0xff, 0x50, 0x00, 0x00, 0x06,
    0xfb, 0x20, 0x04, 0xff, 0xf7, 0x00, 0x00, 0x00,
    0x00, 0x3f, 0xff, 0x20, 0x00, 0x0e, 0xff, 0x50,
    0x06, 0x77, 0x78, 0xc7, 0x77, 0x7e, 0xff, 0xf8,
    0x77, 0x77, 0x00, 0x00, 0x3f, 0xff, 0x20, 0x00,
    0x0e, 0xff, 0x50, 0x0c, 0xff, 0xff, 0xff, 0xff,
    0xff, 0xff, 0xff, 0xff, 0xff, 0x00, 0x00, 0x3f,
    0xff, 0xee, 0xee, 0xef, 0xff, 0x50, 0x0c, 0xff,
    0xff, 0xff, 0xff, 0xff, 0xff, 0xff, 0xff, 0xff,
    0x00, 0x00, 0x3f, 0xff, 0xff, 0xff, 0xff, 0xff,
    0x50, 0x09, 0xcc, 0xcc, 0xcc, 0xff, 0xff, 0xcc,
    0xcc, 0xcc, 0xcc, 0x00, 0x00, 0x3f, 0xff, 0xff,
    0xff, 0xff, 0xff, 0x50, 0x00, 0x00, 0x00, 0x00,
    0xcf, 0xff, 0x00, 0x00, 0x00, 0x00, 0x00, 0x00,
    0x3f, 0xff, 0x53, 0x33, 0x3f, 0xff, 0x50, 0x00,
    0x00, 0x00, 0x00, 0xcf, 0xff, 0x00, 0x00, 0x00,
    0x00, 0x00, 0x00, 0x3f, 0xff, 0x20, 0x00, 0x0e,
    0xff, 0x50, 0x00, 0x00, 0x00, 0x00, 0xcf, 0xff,
    0x00, 0x00, 0x00, 0x00, 0x00, 0x00, 0x3f, 0xff,
    0x20, 0x00, 0x0e, 0xff, 0x50, 0x00, 0x00, 0x00,
    0x00, 0xcf, 0xff, 0x00, 0x00, 0x00, 0x00, 0x00,
    0x00, 0x3f, 0xff, 0x20, 0x00, 0x0e, 0xff, 0x50,
    0x00, 0x00, 0x00, 0x00, 0xcf, 0xff, 0x00, 0x00,
    0x00, 0x00, 0x00, 0x00, 0x3f, 0xff, 0x20, 0x00,
    0x0e, 0xff, 0x50, 0x00, 0x00, 0x00, 0x00, 0xcf,
    0xff, 0x00, 0x00, 0x00, 0x00, 0x00, 0x00, 0x3f,
    0xff, 0x87, 0x77, 0x7f, 0xff, 0x50, 0x57, 0x77,
    0x77, 0x77, 0xef, 0xff, 0x77, 0x77, 0x77, 0x77,
    0x72, 0x00, 0x3f, 0xff, 0xff, 0xff, 0xff, 0xff,
    0x50, 0xbf, 0xff, 0xff, 0xff, 0xff, 0xff, 0xff,
    0xff, 0xff, 0xff, 0xf5, 0x00, 0x3f, 0xff, 0xff,
    0xff, 0xff, 0xff, 0x50, 0xbf, 0xff, 0xff, 0xff,
    0xff, 0xff, 0xff, 0xff, 0xff, 0xff, 0xf5, 0x00,
    0x3f, 0xff, 0xba, 0xaa, 0xaf, 0xff, 0x50, 0xbf,
    0xff, 0xff, 0xff, 0xff, 0xff, 0xff, 0xff, 0xff,
    0xff, 0xf5, 0x00, 0x3f, 0xff, 0x20, 0x00, 0x0e,
    0xff, 0x50, 0x00, 0x00, 0x00, 0x04, 0xff, 0xff,
    0x00, 0x00, 0x00, 0x00, 0x00, 0x00, 0x3f, 0xff,
    0x20, 0x00, 0x0e, 0xff, 0x50, 0x00, 0x00, 0x00,
    0x08, 0xff, 0xff, 0x50, 0x00, 0x00, 0x00, 0x00,
    0x00, 0x3f, 0xff, 0x20, 0x00, 0x0e, 0xff, 0x50,
    0x00, 0x00, 0x00, 0x0c, 0xff, 0xff, 0xc0, 0x00,
    0x00, 0x00, 0x00, 0x00, 0x3f, 0xff, 0x20, 0x00,
    0x0e, 0xff, 0x50, 0x21, 0x00, 0x00, 0x2f, 0xff,
    0xff, 0xf4, 0x00, 0x00, 0x00, 0x00, 0x00, 0x3f,
    0xff, 0x20, 0x01, 0x3f, 0xff, 0xef, 0xf6, 0x00,
    0x00, 0x9f, 0xff, 0xff, 0xfc, 0x00, 0x00, 0x00,
    0x00, 0x00, 0x3f, 0xff, 0xac, 0xef, 0xff, 0xff,
    0xff, 0xf7, 0x00, 0x01, 0xff, 0xff, 0xaf, 0xff,
    0x60, 0x00, 0x00, 0x00, 0x7e, 0xff, 0xff, 0xff,
    0xff, 0xff, 0xff, 0xff, 0xf8, 0x00, 0x0a, 0xff,
    0xfa, 0x1f, 0xff, 0xf2, 0x00, 0x00, 0x00, 0x5f,
    0xff, 0xff, 0xff, 0xff, 0xff, 0xff, 0xa4, 0x20,
    0x00, 0x5f, 0xff, 0xf2, 0x07, 0xff, 0xfd, 0x00,
    0x00, 0x00, 0x2f, 0xff, 0xff, 0xca, 0x74, 0x2e,
    0xff, 0x50, 0x00, 0x03, 0xff, 0xff, 0x70, 0x00,
    0xdf, 0xff, 0xb0, 0x00, 0x00, 0x09, 0x75, 0x20,
    0x00, 0x00, 0x0e, 0xff, 0x50, 0x00, 0x2e, 0xff,
    0xfc, 0x00, 0x00, 0x2f, 0xff, 0xfc, 0x10, 0x00,
    0x00, 0x00, 0x00, 0x00, 0x00, 0x0e, 0xff, 0x50,
    0x03, 0xef, 0xff, 0xe2, 0x00, 0x00, 0x05, 0xff,
    0xff, 0xe4, 0x00, 0x00, 0x00, 0x00, 0x00, 0x00,
    0x0e, 0xff, 0x50, 0x6f, 0xff, 0xff, 0x30, 0x00,
    0x00, 0x00, 0x7f, 0xff, 0xff, 0xb3, 0x00, 0x00,
    0x00, 0x00, 0x00, 0x0e, 0xff, 0x7b, 0xff, 0xff,
    0xf4, 0x00, 0x00, 0x00, 0x00, 0x06, 0xff, 0xff,
    0xf5, 0x00, 0x00, 0x00, 0x00, 0x00, 0x0e, 0xff,
    0x57, 0xff, 0xfe, 0x30, 0x00, 0x00, 0x00, 0x00,
    0x00, 0x3d, 0xff, 0x70, 0x00, 0x00, 0x00, 0x00,
    0x00, 0x0e, 0xff, 0x50, 0x5f, 0xb1, 0x00, 0x00,
    0x00, 0x00, 0x00, 0x00, 0x00, 0x7a, 0x00, 0x00,
    0x00, 0x00, 0x00, 0x00, 0x00, 0x00, 0x00, 0x02,
    0x00, 0x00, 0x00, 0x00, 0x00, 0x00, 0x00, 0x00,
    0x00, 0x00,

    /* U+80FD "能" */
    0x00, 0x00, 0x00, 0x3b, 0x72, 0x00, 0x00, 0x00,
    0x00, 0x00, 0x0b, 0xbb, 0x70, 0x00, 0x00, 0x00,
    0x00, 0x00, 0x00, 0x00, 0x00, 0x00, 0xaf, 0xff,
    0xb0, 0x00, 0x00, 0x00, 0x00, 0x1f, 0xff, 0xa0,
    0x00, 0x00, 0x00, 0x00, 0x00, 0x00, 0x00, 0x00,
    0x03, 0xff, 0xff, 0x30, 0x00, 0x20, 0x00, 0x00,
    0x1f, 0xff, 0xa0, 0x00, 0x00, 0x00, 0x00, 0x00,
    0x00, 0x00, 0x00, 0x0b, 0xff, 0xfa, 0x02, 0x9f,
    0xf2, 0x00, 0x00, 0x1f, 0xff, 0xa0, 0x00, 0x00,
    0x02, 0xa7, 0x00, 0x00, 0x00, 0x00, 0x5f, 0xff,
    0xe1, 0x04, 0xff, 0xfc, 0x00, 0x00, 0x1f, 0xff,
    0xa0, 0x00, 0x04, 0xbf, 0xff, 0x60, 0x00, 0x00,
    0x01, 0xef, 0xff, 0x50, 0x00, 0x9f, 0xff, 0x60,
    0x00, 0x1f, 0xff, 0xa0, 0x16, 0xdf, 0xff, 0xff,
    0xf3, 0x00, 0x00, 0x0b, 0xff, 0xfa, 0x00, 0x00,
    0x1e, 0xff, 0xf1, 0x00, 0x1f, 0xff, 0xca, 0xff,
    0xff, 0xff, 0xfa, 0x40, 0x00, 0x00, 0x8f, 0xff,
    0xd0, 0x00, 0x00, 0x07, 0xff, 0xf9, 0x00, 0x1f,
    0xff, 0xff, 0xff, 0xff, 0xd7, 0x10, 0x00, 0x00,
    0x0a, 0xff, 0xff, 0xcb, 0xcd, 0xef, 0xff, 0xff,
    0xff, 0x20, 0x1f, 0xff, 0xff, 0xfd, 0x82, 0x00,
    0x00, 0x00, 0x00, 0x0b, 0xff, 0xff, 0xff, 0xff,
    0xff, 0xff, 0xff, 0xff, 0xa0, 0x1f, 0xff, 0xe7,
    0x20, 0x00, 0x00, 0x00, 0x00, 0x00, 0x05, 0xff,
    0xff, 0xff, 0xff, 0xff, 0xfd, 0xce, 0xff, 0xf1,
    0x1f, 0xff, 0xa0, 0x00, 0x00, 0x00, 0x00, 0x70,
    0x00, 0x00, 0xfd, 0xb9, 0x76, 0x43, 0x10, 0x00,
    0x07, 0xff, 0xc2, 0x1f, 0xff, 0xa0, 0x00, 0x00,
    0x00, 0x00, 0xff, 0xa2, 0x00, 0x00, 0x00, 0x00,
    0x00, 0x00, 0x00, 0x02, 0x92, 0x00, 0x1f, 0xff,
    0xa0, 0x00, 0x00, 0x00, 0x02, 0xff, 0xf4, 0x00,
    0x00, 0x00, 0x00, 0x00, 0x00, 0x00, 0x00, 0x00,
    0x00, 0x1f, 0xff, 0xb0, 0x00, 0x00, 0x00, 0x05,
    0xff, 0xf2, 0x00, 0x17, 0x77, 0x77, 0x77, 0x77,
    0x77, 0x87, 0x73, 0x00, 0x0f, 0xff, 0xf8, 0x66,
    0x66, 0x66, 0x7e, 0xff, 0xf0, 0x00, 0x2f, 0xff,
    0xff, 0xff, 0xff, 0xff, 0xff, 0xf7, 0x00, 0x0c,
    0xff, 0xff, 0xff, 0xff, 0xff, 0xff, 0xff, 0xa0,
    0x00, 0x2f, 0xff, 0xff, 0xff, 0xff, 0xff, 0xff,
    0xf7, 0x00, 0x05, 0xff, 0xff, 0xff, 0xff, 0xff,
    0xff, 0xff, 0x20, 0x00, 0x2f, 0xff, 0xdb, 0xbb,
    0xbb, 0xbc, 0xff, 0xf7, 0x00, 0x00, 0x4a, 0xde,
    0xff, 0xff, 0xff, 0xfe, 0xa3, 0x00, 0x00, 0x2f,
    0xff, 0x50, 0x00, 0x00, 0x03, 0xff, 0xf7, 0x00,
    0x00, 0x00, 0x00, 0x00, 0x00, 0x00, 0x00, 0x00,
    0x00, 0x00, 0x2f, 0xff, 0x50, 0x00, 0x00, 0x03,
    0xff, 0xf7, 0x00, 0x0e, 0xee, 0xa0, 0x00, 0x00,
    0x00, 0x00, 0x00, 0x00, 0x00, 0x2f, 0xff, 0x73,
    0x33, 0x33, 0x36, 0xff, 0xf7, 0x00, 0x0f, 0xff,
    0xb0, 0x00, 0x00, 0x00, 0x00, 0x00, 0x00, 0x00,
    0x2f, 0xff, 0xff, 0xff, 0xff, 0xff, 0xff, 0xf7,
    0x00, 0x0f, 0xff, 0xb0, 0x00, 0x00, 0x00, 0x4a,
    0x00, 0x00, 0x00, 0x2f, 0xff, 0xff, 0xff, 0xff,
    0xff, 0xff, 0xf7, 0x00, 0x0f, 0xff, 0xb0, 0x00,
    0x00, 0x3b, 0xff, 0xb0, 0x00, 0x00, 0x2f, 0xff,
    0xdb, 0xbb, 0xbb, 0xbc, 0xff, 0xf7, 0x00, 0x0f,
    0xff, 0xb0, 0x00, 0x5c, 0xff, 0xff, 0xfa, 0x00,
    0x00, 0x2f, 0xff, 0x50, 0x00, 0x00, 0x03, 0xff,
    0xf7, 0x00, 0x0f, 0xff, 0xb4, 0xaf, 0xff, 0xff,
    0xff, 0xa2, 0x00, 0x00, 0x2f, 0xff, 0x50, 0x00,
    0x00, 0x03, 0xff, 0xf7, 0x00, 0x0f, 0xff, 0xff,
    0xff, 0xff, 0xfd, 0x71, 0x00, 0x00, 0x00, 0x2f,
    0xff, 0xdb, 0xbb, 0xbb, 0xbc, 0xff, 0xf7, 0x00,
    0x0f, 0xff, 0xff, 0xff, 0xd8, 0x20, 0x00, 0x00,
    0x00, 0x00, 0x2f, 0xff, 0xff, 0xff, 0xff, 0xff,
    0xff, 0xf7, 0x00, 0x0f, 0xff, 0xfb, 0x62, 0x00,
    0x00, 0x00, 0x00, 0x00, 0x00, 0x2f, 0xff, 0xff,
    0xff, 0xff, 0xff, 0xff, 0xf7, 0x00, 0x0f, 0xff,
    0xb0, 0x00, 0x00, 0x00, 0x00, 0x40, 0x00, 0x00,
    0x2f, 0xff, 0x83, 0x33, 0x33, 0x36, 0xff, 0xf7,
    0x00, 0x0f, 0xff, 0xb0, 0x00, 0x00, 0x00, 0x00,
    0xae, 0x93, 0x00, 0x2f, 0xff, 0x50, 0x00, 0x00,
    0x03, 0xff, 0xf7, 0x00, 0x0f, 0xff, 0xb0, 0x00,
    0x00, 0x00, 0x00, 0xcf, 0xfa, 0x00, 0x2f, 0xff,
    0x50, 0x00, 0x00, 0x03, 0xff, 0xf7, 0x00, 0x0f,
    0xff, 0xb0, 0x00, 0x00, 0x00, 0x00, 0xdf, 0xf9,
    0x00, 0x2f, 0xff, 0x50, 0x00, 0x00, 0x03, 0xff,
    0xf7, 0x00, 0x0f, 0xff, 0xb0, 0x00, 0x00, 0x00,
    0x01, 0xff, 0xf6, 0x00, 0x2f, 0xff, 0x50, 0x04,
    0x76, 0x6a, 0xff, 0xf7, 0x00, 0x0f, 0xff, 0xf7,
    0x55, 0x55, 0x55, 0x5b, 0xff, 0xf3, 0x00, 0x2f,
    0xff, 0x50, 0x05, 0xff, 0xff, 0xff, 0xf5, 0x00,
    0x0c, 0xff, 0xff, 0xff, 0xff, 0xff, 0xff, 0xff,
    0xe0, 0x00, 0x2f, 0xff, 0x50, 0x00, 0xef, 0xff,
    0xff, 0xd0, 0x00, 0x04, 0xff, 0xff, 0xff, 0xff,
    0xff, 0xff, 0xff, 0x60, 0x00, 0x2f, 0xff, 0x50,
    0x00, 0xaf, 0xee, 0xc8, 0x10, 0x00, 0x00, 0x4b,
    0xef, 0xff, 0xff, 0xff, 0xff, 0xc5, 0x00,

    /* U+822A "航" */
    0x00, 0x00, 0x00, 0x00, 0x00, 0x00, 0x00, 0x00,
    0x00, 0x00, 0x00, 0x00, 0x00, 0x00, 0x00, 0x00,
    0x00, 0x00, 0x00, 0x00, 0x00, 0x00, 0x00, 0x07,
    0xda, 0x71, 0x00, 0x00, 0x00, 0x00, 0x00, 0x05,
    0x9e, 0xb0, 0x00, 0x00, 0x00, 0x00, 0x00, 0x00,
    0x00, 0x00, 0x00, 0xaf, 0xff, 0x10, 0x00, 0x00,
    0x00, 0x00, 0x00, 0xef, 0xff, 0x30, 0x00, 0x00,
    0x00, 0x00, 0x00, 0x00, 0x00, 0x00, 0x0d, 0xff,
    0xb0, 0x00, 0x00, 0x00, 0x00, 0x00, 0x06, 0xff,
    0xfa, 0x00, 0x00, 0x00, 0x00, 0x00, 0x00, 0x00,
    0x00, 0x01, 0xff, 0xf5, 0x00, 0x00, 0x00, 0x00,
    0x00, 0x00, 0x0f, 0xff, 0xf2, 0x00, 0x00, 0x00,
    0x00, 0x00, 0x00, 0x00, 0x00, 0x5f, 0xff, 0x00,
    0x00, 0x00, 0x00, 0x00, 0x00, 0x00, 0x9f, 0xff,
    0x80, 0x00, 0x00, 0x00, 0x00, 0x00, 0x01, 0xff,
    0xff, 0xff, 0xff, 0xff, 0xff, 0x70, 0x00, 0x00,
    0x00, 0x03, 0xff, 0xfd, 0x00, 0x00, 0x00, 0x00,
    0x00, 0x00, 0x1f, 0xff, 0xff, 0xff, 0xff, 0xff,
    0xf7, 0x24, 0x44, 0x44, 0x44, 0x4e, 0xe8, 0x44,
    0x44, 0x44, 0x44, 0x40, 0x00, 0x01, 0xff, 0xff,
    0xff, 0xff, 0xff, 0xff, 0x77, 0xff, 0xff, 0xff,
    0xff, 0xff, 0xff, 0xff, 0xff, 0xff, 0xff, 0x00,
    0x00, 0x1f, 0xff, 0x30, 0x00, 0x00, 0xdf, 0xf7,
    0x7f, 0xff, 0xff, 0xff, 0xff, 0xff, 0xff, 0xff,
    0xff, 0xff, 0xf0, 0x00, 0x01, 0xff, 0xf3, 0x04,
    0x00, 0x0d, 0xff, 0x77, 0xff, 0xff, 0xff, 0xff,
    0xff, 0xff, 0xff, 0xff, 0xff, 0xff, 0x00, 0x00,
    0x1f, 0xff, 0x6e, 0xf6, 0x00, 0xdf, 0xf7, 0x01,
    0x11, 0x11, 0x11, 0x11, 0x11, 0x11, 0x11, 0x11,
    0x11, 0x10, 0x00, 0x01, 0xff, 0xf3, 0xef, 0xd0,
    0x0d, 0xff, 0x70, 0x00, 0x00, 0x00, 0x00, 0x00,
    0x00, 0x00, 0x00, 0x00, 0x00, 0x00, 0x00, 0x1f,
    0xff, 0x37, 0xff, 0x40, 0xdf, 0xf7, 0x00, 0x00,
    0x00, 0x00, 0x00, 0x00, 0x00, 0x00, 0x00, 0x00,
    0x00, 0x00, 0x01, 0xff, 0xf3, 0x1f, 0xfa, 0x0d,
    0xff, 0x70, 0x00, 0x04, 0x45, 0x54, 0x44, 0x44,
    0x55, 0x54, 0x00, 0x00, 0x00, 0x00, 0x1f, 0xff,
    0x30, 0xbf, 0xf0, 0xdf, 0xf7, 0x00, 0x01, 0xff,
    0xff, 0xff, 0xff, 0xff, 0xff, 0xf0, 0x00, 0x00,
    0x00, 0x01, 0xff, 0xf3, 0x06, 0xf8, 0x0d, 0xff,
    0x70, 0x00, 0x1f, 0xff, 0xff, 0xff, 0xff, 0xff,
    0xff, 0x00, 0x00, 0x00, 0x00, 0x1f, 0xff, 0x30,
    0x00, 0x00, 0xdf, 0xf7, 0x00, 0x01, 0xff, 0xff,
    0xff, 0xff, 0xff, 0xff, 0xf0, 0x00, 0x00, 0x03,
    0x45, 0xff, 0xf7, 0x44, 0x44, 0x4e, 0xff, 0x70,
    0x00, 0x1f, 0xff, 0x82, 0x22, 0x22, 0xaf, 0xff,
    0x00, 0x00, 0x00, 0xdf, 0xff, 0xff, 0xff, 0xff,
    0xff, 0xff, 0xf7, 0x00, 0x01, 0xff, 0xf7, 0x00,
    0x00, 0x09, 0xff, 0xf0, 0x00, 0x00, 0x0d, 0xff,
    0xff, 0xff, 0xff, 0xff, 0xff, 0xff, 0x70, 0x00,
    0x1f, 0xff, 0x70, 0x00, 0x00, 0x9f, 0xff, 0x00,
    0x00, 0x00, 0x9b, 0xcf, 0xff, 0xcb, 0xbb, 0xbb,
    0xff, 0xf7, 0x00, 0x01, 0xff, 0xf7, 0x00, 0x00,
    0x09, 0xff, 0xf0, 0x00, 0x00, 0x00, 0x01, 0xff,
    0xf3, 0x00, 0x00, 0x0d, 0xff, 0x70, 0x00, 0x1f,
    0xff, 0x70, 0x00, 0x00, 0x9f, 0xff, 0x00, 0x00,
    0x00, 0x00, 0x2f, 0xff, 0x47, 0xd2, 0x00, 0xdf,
    0xf7, 0x00, 0x01, 0xff, 0xf6, 0x00, 0x00, 0x09,
    0xff, 0xf0, 0x00, 0x00, 0x00, 0x02, 0xff, 0xf5,
    0xff, 0x90, 0x0d, 0xff, 0x70, 0x00, 0x1f, 0xff,
    0x60, 0x00, 0x00, 0x9f, 0xff, 0x00, 0x00, 0x00,
    0x00, 0x3f, 0xff, 0x1b, 0xff, 0x10, 0xdf, 0xf7,
    0x00, 0x02, 0xff, 0xf5, 0x00, 0x00, 0x09, 0xff,
    0xf0, 0x00, 0x00, 0x00, 0x04, 0xff, 0xf0, 0x3f,
    0xf9, 0x0d, 0xff, 0x70, 0x00, 0x3f, 0xff, 0x40,
    0x00, 0x00, 0x9f, 0xff, 0x00, 0x00, 0x00, 0x00,
    0x5f, 0xff, 0x00, 0xbf, 0xf1, 0xdf, 0xf7, 0x00,
    0x05, 0xff, 0xf3, 0x00, 0x00, 0x09, 0xff, 0xf0,
    0x00, 0x00, 0x00, 0x07, 0xff, 0xd0, 0x05, 0xff,
    0x6d, 0xff, 0x70, 0x00, 0x7f, 0xff, 0x10, 0x00,
    0x00, 0x9f, 0xff, 0x00, 0x00, 0x00, 0x00, 0x9f,
    0xfb, 0x00, 0x0b, 0x50, 0xdf, 0xf7, 0x00, 0x0b,
    0xff, 0xe0, 0x00, 0x00, 0x09, 0xff, 0xf0, 0x05,
    0x10, 0x00, 0x0b, 0xff, 0x90, 0x00, 0x00, 0x0d,
    0xff, 0x70, 0x00, 0xff, 0xfb, 0x00, 0x00, 0x00,
    0x9f, 0xff, 0x00, 0xae, 0x60, 0x00, 0xff, 0xf6,
    0x00, 0x00, 0x00, 0xdf, 0xf7, 0x00, 0x4f, 0xff,
    0x70, 0x00, 0x00, 0x09, 0xff, 0xf0, 0x0a, 0xfb,
    0x00, 0x3f, 0xff, 0x30, 0x00, 0x00, 0x0d, 0xff,
    0x70, 0x0b, 0xff, 0xf2, 0x00, 0x00, 0x00, 0x9f,
    0xff, 0x00, 0xbf, 0xa0, 0x07, 0xff, 0xf0, 0x00,
    0x00, 0x00, 0xdf, 0xf7, 0x03, 0xff, 0xfd, 0x00,
    0x00, 0x00, 0x08, 0xff, 0xf0, 0x0c, 0xf9, 0x00,
    0xdf, 0xfb, 0x00, 0x00, 0x00, 0x1e, 0xff, 0x70,
    0xdf, 0xff, 0x60, 0x00, 0x00, 0x00, 0x8f, 0xff,
    0x43, 0xff, 0x80, 0x4f, 0xff, 0x50, 0x00, 0x8f,
    0xff, 0xff, 0xf6, 0xaf, 0xff, 0xd0, 0x00, 0x00,
    0x00, 0x06, 0xff, 0xff, 0xff, 0xf5, 0x0d, 0xff,
    0xe0, 0x00, 0x02, 0xff, 0xff, 0xff, 0x6f, 0xff,
    0xf4, 0x00, 0x00, 0x00, 0x00, 0x2f, 0xff, 0xff,
    0xff, 0x10, 0x2b, 0xf8, 0x00, 0x00, 0x0e, 0xff,
    0xfc, 0x40, 0x2c, 0xf9, 0x00, 0x00, 0x00, 0x00,
    0x00, 0x5d, 0xff, 0xfd, 0x40, 0x00, 0x06, 0x00,
    0x00, 0x00, 0x22, 0x10, 0x00, 0x00, 0x05, 0x00,
    0x00, 0x00, 0x00, 0x00, 0x00, 0x00, 0x00, 0x00,
    0x00,

    /* U+884C "行" */
    0x00, 0x00, 0x00, 0x00, 0x02, 0xc7, 0x10, 0x00,
    0x00, 0x00, 0x00, 0x00, 0x00, 0x00, 0x00, 0x00,
    0x00, 0x00, 0x00, 0x00, 0x00, 0x00, 0x00, 0x00,
    0xdf, 0xff, 0x80, 0x00, 0x00, 0x00, 0x00, 0x00,
    0x00, 0x00, 0x00, 0x00, 0x00, 0x00, 0x00, 0x00,
    0x00, 0x00, 0x00, 0xbf, 0xff, 0xf3, 0x00, 0x05,
    0x99, 0x99, 0x99, 0x99, 0x99, 0x99, 0x99, 0x99,
    0x99, 0x90, 0x00, 0x00, 0x00, 0x00, 0xaf, 0xff,
    0xf5, 0x00, 0x00, 0x9f, 0xff, 0xff, 0xff, 0xff,
    0xff, 0xff, 0xff, 0xff, 0xff, 0x00, 0x00, 0x00,
    0x00, 0xaf, 0xff, 0xf7, 0x00, 0x00, 0x09, 0xff,
    0xff, 0xff, 0xff, 0xff, 0xff, 0xff, 0xff, 0xff,
    0xf0, 0x00, 0x00, 0x00, 0xbf, 0xff, 0xf8, 0x00,
    0x00, 0x00, 0x9f, 0xff, 0xff, 0xff, 0xff, 0xff,
    0xff, 0xff, 0xff, 0xff, 0x00, 0x00, 0x01, 0xcf,
    0xff, 0xf8, 0x00, 0x00, 0x00, 0x00, 0x00, 0x00,
    0x00, 0x00, 0x00, 0x00, 0x00, 0x00, 0x00, 0x00,
    0x00, 0x03, 0xef, 0xff, 0xf8, 0x00, 0x00, 0x00,
    0x00, 0x00, 0x00, 0x00, 0x00, 0x00, 0x00, 0x00,
    0x00, 0x00, 0x00, 0x00, 0x07, 0xff, 0xff, 0xf7,
    0x00, 0x00, 0x00, 0x00, 0x00, 0x00, 0x00, 0x00,
    0x00, 0x00, 0x00, 0x00, 0x00, 0x00, 0x00, 0x00,
    0x5f, 0xff, 0xf5, 0x00, 0x00, 0x9f, 0x93, 0x00,
    0x00, 0x00, 0x00, 0x00, 0x00, 0x00, 0x00, 0x00,
    0x00, 0x00, 0x00, 0x00, 0xaf, 0xe3, 0x00, 0x00,
    0x3f, 0xff, 0xf3, 0x00, 0x00, 0x00, 0x00, 0x00,
    0x00, 0x00, 0x00, 0x00, 0x00, 0x00, 0x00, 0x01,
    0xa1, 0x00, 0x00, 0x0d, 0xff, 0xf9, 0x00, 0x00,
    0x00, 0x00, 0x00, 0x00, 0x00, 0x00, 0x00, 0x00,
    0x00, 0x00, 0x00, 0x00, 0x00, 0x00, 0x0a, 0xff,
    0xfe, 0x00, 0x00, 0x00, 0x00, 0x00, 0x00, 0x00,
    0x00, 0x00, 0x00, 0x00, 0x00, 0x00, 0x00, 0x00,
    0x00, 0x07, 0xff, 0xff, 0x30, 0x15, 0x55, 0x55,
    0x55, 0x55, 0x55, 0x55, 0x55, 0x55, 0x55, 0x55,
    0x51, 0x00, 0x00, 0x00, 0x05, 0xff, 0xff, 0x70,
    0x04, 0xff, 0xff, 0xff, 0xff, 0xff, 0xff, 0xff,
    0xff, 0xff, 0xff, 0xff, 0x50, 0x00, 0x00, 0x04,
    0xff, 0xff, 0xb0, 0x00, 0x4f, 0xff, 0xff, 0xff,
    0xff, 0xff, 0xff, 0xff, 0xff, 0xff, 0xff, 0xf5,
    0x00, 0x00, 0x03, 0xff, 0xff, 0xf2, 0x00, 0x04,
    0xff, 0xff, 0xff, 0xff, 0xff, 0xff, 0xff, 0xff,
    0xff, 0xff, 0xff, 0x50, 0x00, 0x04, 0xff, 0xff,
    0xff, 0x10, 0x00, 0x13, 0x33, 0x33, 0x33, 0x33,
    0x33, 0x3a, 0xff, 0xf7, 0x33, 0x33, 0x31, 0x00,
    0x05, 0xff, 0xff, 0xff, 0xf1, 0x00, 0x00, 0x00,
    0x00, 0x00, 0x00, 0x00, 0x00, 0x8f, 0xff, 0x50,
    0x00, 0x00, 0x00, 0x07, 0xff, 0xff, 0xff, 0xff,
    0x10, 0x00, 0x00, 0x00, 0x00, 0x00, 0x00, 0x00,
    0x08, 0xff, 0xf5, 0x00, 0x00, 0x00, 0x0a, 0xff,
    0xff, 0xfe, 0xff, 0xf1, 0x00, 0x00, 0x00, 0x00,
    0x00, 0x00, 0x00, 0x00, 0x8f, 0xff, 0x50, 0x00,
    0x00, 0x00, 0xbf, 0xff, 0xf4, 0xbf, 0xff, 0x10,
    0x00, 0x00, 0x00, 0x00, 0x00, 0x00, 0x00, 0x08,
    0xff, 0xf5, 0x00, 0x00, 0x00, 0x01, 0xdf, 0xf3,
    0x0b, 0xff, 0xf1, 0x00, 0x00, 0x00, 0x00, 0x00,
    0x00, 0x00, 0x00, 0x8f, 0xff, 0x50, 0x00, 0x00,
    0x00, 0x02, 0xd2, 0x00, 0xbf, 0xff, 0x10, 0x00,
    0x00, 0x00, 0x00, 0x00, 0x00, 0x00, 0x08, 0xff,
    0xf5, 0x00, 0x00, 0x00, 0x00, 0x00, 0x00, 0x0b,
    0xff, 0xf1, 0x00, 0x00, 0x00, 0x00, 0x00, 0x00,
    0x00, 0x00, 0x8f, 0xff, 0x50, 0x00, 0x00, 0x00,
    0x00, 0x00, 0x00, 0xbf, 0xff, 0x10, 0x00, 0x00,
    0x00, 0x00, 0x00, 0x00, 0x00, 0x08, 0xff, 0xf5,
    0x00, 0x00, 0x00, 0x00, 0x00, 0x00, 0x0b, 0xff,
    0xf1, 0x00, 0x00, 0x00, 0x00, 0x00, 0x00, 0x00,
    0x00, 0x8f, 0xff, 0x50, 0x00, 0x00, 0x00, 0x00,
    0x00, 0x00, 0xbf, 0xff, 0x10, 0x00, 0x00, 0x00,
    0x00, 0x00, 0x00, 0x00, 0x08, 0xff, 0xf5, 0x00,
    0x00, 0x00, 0x00, 0x00, 0x00, 0x0b, 0xff, 0xf1,
    0x00, 0x00, 0x00, 0x00, 0x00, 0x00, 0x00, 0x00,
    0x8f, 0xff, 0x50, 0x00, 0x00, 0x00, 0x00, 0x00,
    0x00, 0xbf, 0xff, 0x10, 0x00, 0x00, 0x00, 0x00,
    0x00, 0x00, 0x00, 0x08, 0xff, 0xf5, 0x00, 0x00,
    0x00, 0x00, 0x00, 0x00, 0x0b, 0xff, 0xf1, 0x00,
    0x00, 0x00, 0x00, 0x00, 0x00, 0x00, 0x00, 0x8f,
    0xff, 0x50, 0x00, 0x00, 0x00, 0x00, 0x00, 0x00,
    0xbf, 0xff, 0x10, 0x00, 0x00, 0x00, 0x00, 0x00,
    0x00, 0x00, 0x08, 0xff, 0xf5, 0x00, 0x00, 0x00,
    0x00, 0x00, 0x00, 0x0b, 0xff, 0xf1, 0x00, 0x00,
    0x00, 0x00, 0x00, 0x00, 0x00, 0x00, 0x8f, 0xff,
    0x50, 0x00, 0x00, 0x00, 0x00, 0x00, 0x00, 0xbf,
    0xff, 0x10, 0x00, 0x00, 0x00, 0x00, 0x4a, 0xa9,
    0x99, 0xae, 0xff, 0xf4, 0x00, 0x00, 0x00, 0x00,
    0x00, 0x00, 0x0b, 0xff, 0xf1, 0x00, 0x00, 0x00,
    0x00, 0x01, 0xff, 0xff, 0xff, 0xff, 0xff, 0x10,
    0x00, 0x00, 0x00, 0x00, 0x00, 0x00, 0xbf, 0xff,
    0x10, 0x00, 0x00, 0x00, 0x00, 0x0b, 0xff, 0xff,
    0xff, 0xff, 0xa0, 0x00, 0x00, 0x00, 0x00, 0x00,
    0x00, 0x0b, 0xff, 0xf1, 0x00, 0x00, 0x00, 0x00,
    0x00, 0x7f, 0xff, 0xff, 0xeb, 0x60, 0x00, 0x00,
    0x00, 0x00, 0x00, 0x00, 0x00, 0x00, 0x00, 0x00,
    0x00, 0x00, 0x00, 0x00, 0x00, 0x11, 0x00, 0x00,
    0x00, 0x00, 0x00, 0x00, 0x00,

    /* U+8868 "表" */
    0x00, 0x00, 0x00, 0x00, 0x00, 0x00, 0x00, 0x00,
    0x09, 0x99, 0x70, 0x00, 0x00, 0x00, 0x00, 0x00,
    0x00, 0x00, 0x00, 0x00, 0x00, 0x00, 0x00, 0x00,
    0x00, 0x00, 0x00, 0x0f, 0xff, 0xc0, 0x00, 0x00,
    0x00, 0x00, 0x00, 0x00, 0x00, 0x00, 0x00, 0x00,
    0x00, 0x00, 0x00, 0x00, 0x00, 0x00, 0x0f, 0xff,
    0xc0, 0x00, 0x00, 0x00, 0x00, 0x00, 0x00, 0x00,
    0x00, 0x00, 0x04, 0x55, 0x55, 0x55, 0x55, 0x55,
    0x55, 0x5f, 0xff, 0xd5, 0x55, 0x55, 0x55, 0x55,
    0x55, 0x55, 0x51, 0x00, 0x00, 0x0e, 0xff, 0xff,
    0xff, 0xff, 0xff, 0xff, 0xff, 0xff, 0xff, 0xff,
    0xff, 0xff, 0xff, 0xff, 0xff, 0xf3, 0x00, 0x00,
    0x0e, 0xff, 0xff, 0xff, 0xff, 0xff, 0xff, 0xff,
    0xff, 0xff, 0xff, 0xff, 0xff, 0xff, 0xff, 0xff,
    0xf3, 0x00, 0x00, 0x0d, 0xff, 0xff, 0xff, 0xff,
    0xff, 0xff, 0xff, 0xff, 0xff, 0xff, 0xff, 0xff,
    0xff, 0xff, 0xff, 0xf3, 0x00, 0x00, 0x00, 0x00,
    0x00, 0x00, 0x00, 0x00, 0x00, 0x0f, 0xff, 0xc0,
    0x00, 0x00, 0x00, 0x00, 0x00, 0x00, 0x00, 0x00,
    0x00, 0x00, 0x00, 0x00, 0x00, 0x00, 0x00, 0x00,
    0x0f, 0xff, 0xc0, 0x00, 0x00, 0x00, 0x00, 0x00,
    0x00, 0x00, 0x00, 0x00, 0x00, 0x03, 0x33, 0x33,
    0x33, 0x33, 0x33, 0x3f, 0xff, 0xd3, 0x33, 0x33,
    0x33, 0x33, 0x33, 0x31, 0x00, 0x00, 0x00, 0x00,
    0x0e, 0xff, 0xff, 0xff, 0xff, 0xff, 0xff, 0xff,
    0xff, 0xff, 0xff, 0xff, 0xff, 0xff, 0xf8, 0x00,
    0x00, 0x00, 0x00, 0x0e, 0xff, 0xff, 0xff, 0xff,
    0xff, 0xff, 0xff, 0xff, 0xff, 0xff, 0xff, 0xff,
    0xff, 0xf8, 0x00, 0x00, 0x00, 0x00, 0x0c, 0xdd,
    0xdd, 0xdd, 0xdd, 0xdd, 0xdf, 0xff, 0xfd, 0xdd,
    0xdd, 0xdd, 0xdd, 0xdd, 0xd7, 0x00, 0x00, 0x00,
    0x00, 0x00, 0x00, 0x00, 0x00, 0x00, 0x00, 0x0f,
    0xff, 0xc0, 0x00, 0x00, 0x00, 0x00, 0x00, 0x00,
    0x00, 0x00, 0x00, 0x00, 0x00, 0x00, 0x00, 0x00,
    0x00, 0x00, 0x0f, 0xff, 0xc0, 0x00, 0x00, 0x00,
    0x00, 0x00, 0x00, 0x00, 0x00, 0x04, 0x88, 0x88,
    0x88, 0x88, 0x88, 0x88, 0x88, 0x8f, 0xff, 0xe8,
    0x88, 0x88, 0x88, 0x88, 0x88, 0x88, 0x88, 0x40,
    0x09, 0xff, 0xff, 0xff, 0xff, 0xff, 0xff, 0xff,
    0xff, 0xff, 0xff, 0xff, 0xff, 0xff, 0xff, 0xff,
    0xff, 0xff, 0x70, 0x09, 0xff, 0xff, 0xff, 0xff,
    0xff, 0xff, 0xff, 0xff, 0xff, 0xff, 0xff, 0xff,
    0xff, 0xff, 0xff, 0xff, 0xff, 0x70, 0x06, 0xbb,
    0xbb, 0xbb, 0xbb, 0xbb, 0xbc, 0xff, 0xff, 0xff,
    0xff, 0xdb, 0xbb, 0xbb, 0xbb, 0xbb, 0xbb, 0xbb,
    0x50, 0x00, 0x00, 0x00, 0x00, 0x00, 0x00, 0x3e,
    0xff, 0xfe, 0x4f, 0xff, 0xa0, 0x00, 0x00, 0x00,
    0x00, 0x00, 0x00, 0x00, 0x00, 0x00, 0x00, 0x00,
    0x00, 0x07, 0xff, 0xff, 0xe2, 0x0b, 0xff, 0xf2,
    0x00, 0x00, 0x00, 0x03, 0xe6, 0x00, 0x00, 0x00,
    0x00, 0x00, 0x00, 0x03, 0xcf, 0xff, 0xfc, 0x10,
    0x04, 0xff, 0xfa, 0x00, 0x00, 0x00, 0x4f, 0xff,
    0xb1, 0x00, 0x00, 0x00, 0x00, 0x01, 0x9f, 0xff,
    0xff, 0x90, 0x00, 0x00, 0xcf, 0xff, 0x40, 0x00,
    0x07, 0xff, 0xff, 0xf4, 0x00, 0x00, 0x00, 0x01,
    0x8f, 0xff, 0xff, 0xf5, 0x00, 0x00, 0x00, 0x4f,
    0xff, 0xd0, 0x01, 0xaf, 0xff, 0xfc, 0x20, 0x00,
    0x00, 0x02, 0x8f, 0xff, 0xff, 0xff, 0xd0, 0x00,
    0x00, 0x00, 0x0b, 0xff, 0xfa, 0x4e, 0xff, 0xff,
    0x80, 0x00, 0x00, 0x05, 0xbf, 0xff, 0xff, 0xff,
    0xff, 0xd0, 0x00, 0x00, 0x00, 0x02, 0xff, 0xff,
    0xff, 0xff, 0xd3, 0x00, 0x00, 0x00, 0x6f, 0xff,
    0xff, 0xff, 0x9f, 0xff, 0xd0, 0x00, 0x00, 0x00,
    0x00, 0x6f, 0xff, 0xff, 0xf8, 0x00, 0x00, 0x00,
    0x00, 0x09, 0xff, 0xff, 0x81, 0x1f, 0xff, 0xd0,
    0x00, 0x00, 0x00, 0x00, 0x0b, 0xff, 0xff, 0x80,
    0x00, 0x00, 0x00, 0x00, 0x00, 0xcd, 0x70, 0x00,
    0x1f, 0xff, 0xd0, 0x00, 0x00, 0x00, 0x00, 0x00,
    0xdf, 0xff, 0xf8, 0x00, 0x00, 0x00, 0x00, 0x00,
    0x00, 0x00, 0x00, 0x1f, 0xff, 0xd0, 0x00, 0x00,
    0x02, 0x7b, 0x20, 0x1d, 0xff, 0xff, 0xc2, 0x00,
    0x00, 0x00, 0x00, 0x00, 0x00, 0x00, 0x1f, 0xff,
    0xd0, 0x00, 0x49, 0xdf, 0xff, 0x50, 0x01, 0xdf,
    0xff, 0xff, 0x70, 0x00, 0x00, 0x00, 0x00, 0x00,
    0x00, 0x2f, 0xff, 0xe6, 0xbf, 0xff, 0xff, 0xff,
    0x80, 0x00, 0x1c, 0xff, 0xff, 0xfe, 0x71, 0x00,
    0x00, 0x00, 0x00, 0x00, 0x8f, 0xff, 0xff, 0xff,
    0xff, 0xff, 0xfd, 0x60, 0x00, 0x00, 0x8f, 0xff,
    0xff, 0xff, 0xb5, 0x00, 0x00, 0x00, 0x06, 0xff,
    0xff, 0xff, 0xff, 0xff, 0xc7, 0x20, 0x00, 0x00,
    0x00, 0x03, 0xdf, 0xff, 0xff, 0xf2, 0x00, 0x00,
    0x00, 0x05, 0xff, 0xff, 0xff, 0xfb, 0x61, 0x00,
    0x00, 0x00, 0x00, 0x00, 0x00, 0x06, 0xdf, 0xff,
    0x50, 0x00, 0x00, 0x00, 0x00, 0xdf, 0xff, 0xa5,
    0x00, 0x00, 0x00, 0x00, 0x00, 0x00, 0x00, 0x00,
    0x00, 0x05, 0xba, 0x00, 0x00, 0x00, 0x00, 0x00,
    0x6c, 0x50, 0x00, 0x00, 0x00, 0x00, 0x00, 0x00,
    0x00, 0x00, 0x00, 0x00, 0x00, 0x00, 0x00, 0x00,
    0x00, 0x00, 0x00, 0x00, 0x00, 0x00, 0x00, 0x00,
    0x00, 0x00, 0x00, 0x00, 0x00, 0x00, 0x00, 0x00,
    0x00, 0x00,

    /* U+89C9 "觉" */
    0x00, 0x00, 0x00, 0x00, 0x00, 0x00, 0x00, 0x02,
    0x8a, 0x00, 0x00, 0x00, 0x00, 0x00, 0x64, 0x00,
    0x00, 0x00, 0x00, 0x00, 0x00, 0x6e, 0xb0, 0x00,
    0x00, 0x07, 0xff, 0xf7, 0x00, 0x00, 0x00, 0x00,
    0x3f, 0xfe, 0x91, 0x00, 0x00, 0x00, 0x00, 0xcf,
    0xff, 0xa0, 0x00, 0x00, 0x0e, 0xff, 0xf2, 0x00,
    0x00, 0x00, 0x0b, 0xff, 0xfb, 0x00, 0x00, 0x00,
    0x00, 0x02, 0xef, 0xff, 0x70, 0x00, 0x00, 0x5f,
    0xff, 0xb0, 0x00, 0x00, 0x05, 0xff, 0xff, 0x20,
    0x00, 0x00, 0x00, 0x00, 0x04, 0xff, 0xff, 0x30,
    0x00, 0x00, 0xcf, 0xff, 0x30, 0x00, 0x01, 0xef,
    0xff, 0x50, 0x00, 0x00, 0x00, 0x00, 0x00, 0x09,
    0xff, 0xfd, 0x00, 0x00, 0x05, 0xff, 0xfa, 0x00,
    0x00, 0x9f, 0xff, 0x90, 0x00, 0x00, 0x00, 0x00,
    0x00, 0x00, 0x0d, 0xfe, 0x70, 0x00, 0x00, 0x0d,
    0xd7, 0x10, 0x00, 0x5f, 0xff, 0xc0, 0x00, 0x00,
    0x00, 0x00, 0xef, 0xff, 0xff, 0xff, 0xff, 0xff,
    0xff, 0xff, 0xff, 0xff, 0xff, 0xff, 0xff, 0xff,
    0xff, 0xff, 0xff, 0x10, 0x0e, 0xff, 0xff, 0xff,
    0xff, 0xff, 0xff, 0xff, 0xff, 0xff, 0xff, 0xff,
    0xff, 0xff, 0xff, 0xff, 0xff, 0xf1, 0x00, 0xef,
    0xff, 0xff, 0xff, 0xff, 0xff, 0xff, 0xff, 0xff,
    0xff, 0xff, 0xff, 0xff, 0xff, 0xff, 0xff, 0xff,
    0x10, 0x0e, 0xff, 0xe6, 0x66, 0x66, 0x66, 0x66,
    0x66, 0x66, 0x66, 0x66, 0x66, 0x66, 0x66, 0x66,
    0x6e, 0xff, 0xf1, 0x00, 0xef, 0xfe, 0x00, 0x00,
    0x00, 0x00, 0x00, 0x00, 0x00, 0x00, 0x00, 0x00,
    0x00, 0x00, 0x00, 0xef, 0xff, 0x10, 0x0e, 0xff,
    0xe0, 0x00, 0x00, 0x00, 0x00, 0x00, 0x00, 0x00,
    0x00, 0x00, 0x00, 0x00, 0x00, 0x0e, 0xff, 0xf1,
    0x00, 0xef, 0xfe, 0x03, 0x33, 0x33, 0x33, 0x33,
    0x33, 0x33, 0x33, 0x33, 0x33, 0x33, 0x33, 0x30,
    0xef, 0xff, 0x10, 0x0e, 0xff, 0xe0, 0xff, 0xff,
    0xff, 0xff, 0xff, 0xff, 0xff, 0xff, 0xff, 0xff,
    0xff, 0xff, 0x0e, 0xff, 0xf1, 0x00, 0x67, 0x76,
    0x0f, 0xff, 0xff, 0xff, 0xff, 0xff, 0xff, 0xff,
    0xff, 0xff, 0xff, 0xff, 0xf0, 0x67, 0x77, 0x00,
    0x00, 0x00, 0x00, 0xff, 0xff, 0xff, 0xff, 0xff,
    0xff, 0xff, 0xff, 0xff, 0xff, 0xff, 0xff, 0x00,
    0x00, 0x00, 0x00, 0x00, 0x00, 0x0f, 0xff, 0xd2,
    0x22, 0x22, 0x22, 0x22, 0x22, 0x22, 0x22, 0x2f,
    0xff, 0xf0, 0x00, 0x00, 0x00, 0x00, 0x00, 0x00,
    0xff, 0xfc, 0x00, 0x00, 0x00, 0x11, 0x11, 0x00,
    0x00, 0x00, 0xff, 0xff, 0x00, 0x00, 0x00, 0x00,
    0x00, 0x00, 0x0f, 0xff, 0xc0, 0x00, 0x00, 0x1f,
    0xff, 0xe0, 0x00, 0x00, 0x0f, 0xff, 0xf0, 0x00,
    0x00, 0x00, 0x00, 0x00, 0x00, 0xff, 0xfc, 0x00,
    0x00, 0x01, 0xff, 0xfe, 0x00, 0x00, 0x00, 0xff,
    0xff, 0x00, 0x00, 0x00, 0x00, 0x00, 0x00, 0x0f,
    0xff, 0xc0, 0x00, 0x00, 0x1f, 0xff, 0xe0, 0x00,
    0x00, 0x0f, 0xff, 0xf0, 0x00, 0x00, 0x00, 0x00,
    0x00, 0x00, 0xff, 0xfc, 0x00, 0x00, 0x01, 0xff,
    0xfe, 0x00, 0x00, 0x00, 0xff, 0xff, 0x00, 0x00,
    0x00, 0x00, 0x00, 0x00, 0x0f, 0xff, 0xc0, 0x00,
    0x00, 0x1f, 0xff, 0xd0, 0x00, 0x00, 0x0f, 0xff,
    0xf0, 0x00, 0x00, 0x00, 0x00, 0x00, 0x00, 0xff,
    0xfc, 0x00, 0x00, 0x03, 0xff, 0xfc, 0x00, 0x00,
    0x00, 0xff, 0xff, 0x00, 0x00, 0x00, 0x00, 0x00,
    0x00, 0x0f, 0xff, 0xc0, 0x00, 0x00, 0x6f, 0xff,
    0xa0, 0x00, 0x00, 0x0f, 0xff, 0xf0, 0x00, 0x00,
    0x00, 0x00, 0x00, 0x00, 0xff, 0xfc, 0x00, 0x00,
    0x0b, 0xff, 0xf8, 0x77, 0x73, 0x00, 0xff, 0xff,
    0x00, 0x00, 0x00, 0x00, 0x00, 0x00, 0x0f, 0xff,
    0xc0, 0x00, 0x03, 0xff, 0xff, 0x6f, 0xff, 0x70,
    0x0f, 0xff, 0xf0, 0x00, 0x00, 0x00, 0x00, 0x00,
    0x00, 0x88, 0x86, 0x00, 0x01, 0xdf, 0xff, 0x94,
    0xff, 0xf7, 0x00, 0xab, 0xbb, 0x00, 0x00, 0x00,
    0x00, 0x00, 0x00, 0x00, 0x00, 0x00, 0x02, 0xdf,
    0xff, 0xe1, 0x4f, 0xff, 0x70, 0x00, 0x00, 0x00,
    0x00, 0x00, 0x00, 0x00, 0x00, 0x00, 0x00, 0x00,
    0x05, 0xff, 0xff, 0xf3, 0x04, 0xff, 0xf7, 0x00,
    0x00, 0x00, 0x00, 0x4d, 0x61, 0x00, 0x00, 0x00,
    0x00, 0x00, 0x4c, 0xff, 0xff, 0xe3, 0x00, 0x4f,
    0xff, 0x70, 0x00, 0x00, 0x00, 0x06, 0xff, 0xf0,
    0x00, 0x00, 0x00, 0x05, 0xcf, 0xff, 0xff, 0xd2,
    0x00, 0x04, 0xff, 0xf7, 0x00, 0x00, 0x00, 0x00,
    0x8f, 0xfe, 0x00, 0x00, 0x04, 0x9e, 0xff, 0xff,
    0xff, 0x80, 0x00, 0x00, 0x3f, 0xff, 0xd7, 0x66,
    0x66, 0x66, 0x7f, 0xff, 0xb0, 0x17, 0xbf, 0xff,
    0xff, 0xff, 0xfa, 0x20, 0x00, 0x00, 0x00, 0xff,
    0xff, 0xff, 0xff, 0xff, 0xff, 0xff, 0xf6, 0x00,
    0x9f, 0xff, 0xff, 0xff, 0x92, 0x00, 0x00, 0x00,
    0x00, 0x09, 0xff, 0xff, 0xff, 0xff, 0xff, 0xff,
    0xfd, 0x00, 0x00, 0xbf, 0xff, 0xb5, 0x00, 0x00,
    0x00, 0x00, 0x00, 0x00, 0x05, 0xac, 0xdd, 0xdd,
    0xdd, 0xdd, 0xc8, 0x10, 0x00, 0x01, 0x95, 0x00,
    0x00, 0x00, 0x00, 0x00, 0x00, 0x00, 0x00, 0x00,
    0x00, 0x00, 0x00, 0x00, 0x00, 0x00, 0x00,

    /* U+8A00 "言" */
    0x00, 0x00, 0x00, 0x00, 0x00, 0x00, 0x00, 0x04,
    0x8c, 0x40, 0x00, 0x00, 0x00, 0x00, 0x00, 0x00,
    0x00, 0x00, 0x00, 0x00, 0x00, 0x00, 0x00, 0x00,
    0x00, 0x08, 0xff, 0xfe, 0x10, 0x00, 0x00, 0x00,
    0x00, 0x00, 0x00, 0x00, 0x00, 0x00, 0x00, 0x00,
    0x00, 0x00, 0x00, 0x00, 0x0c, 0xff, 0xfc, 0x00,
    0x00, 0x00, 0x00, 0x00, 0x00, 0x00, 0x00, 0x00,
    0x00, 0x00, 0x00, 0x00, 0x00, 0x00, 0x00, 0x2f,
    0xff, 0xf7, 0x00, 0x00, 0x00, 0x00, 0x00, 0x00,
    0x00, 0x00, 0x00, 0x00, 0x00, 0x00, 0x00, 0x00,
    0x00, 0x00, 0x7f, 0xff, 0xf1, 0x00, 0x00, 0x00,
    0x00, 0x00, 0x00, 0x00, 0x00, 0x00, 0x00, 0x00,
    0x00, 0x00, 0x00, 0x00, 0x01, 0xef, 0xff, 0x80,
    0x00, 0x00, 0x00, 0x00, 0x00, 0x00, 0x00, 0xff,
    0xff, 0xff, 0xff, 0xff, 0xff, 0xff, 0xff, 0xff,
    0xff, 0xff, 0xff, 0xff, 0xff, 0xff, 0xff, 0xff,
    0xff, 0x2f, 0xff, 0xff, 0xff, 0xff, 0xff, 0xff,
    0xff, 0xff, 0xff, 0xff, 0xff, 0xff, 0xff, 0xff,
    0xff, 0xff, 0xff, 0xf2, 0xff, 0xff, 0xff, 0xff,
    0xff, 0xff, 0xff, 0xff, 0xff, 0xff, 0xff, 0xff,
    0xff, 0xff, 0xff, 0xff, 0xff, 0xff, 0x23, 0x33,
    0x33, 0x33, 0x33, 0x33, 0x33, 0x33, 0x33, 0x33,
    0x33, 0x33, 0x33, 0x33, 0x33, 0x33, 0x33, 0x33,
    0x30, 0x00, 0x00, 0x00, 0x00, 0x00, 0x00, 0x00,
    0x00, 0x00, 0x00, 0x00, 0x00, 0x00, 0x00, 0x00,
    0x00, 0x00, 0x00, 0x00, 0x00, 0x00, 0x00, 0x00,
    0x00, 0x00, 0x00, 0x00, 0x00, 0x00, 0x00, 0x00,
    0x00, 0x00, 0x00, 0x00, 0x00, 0x00, 0x00, 0x00,
    0x04, 0xff, 0xff, 0xff, 0xff, 0xff, 0xff, 0xff,
    0xff, 0xff, 0xff, 0xff, 0xff, 0x70, 0x00, 0x00,
    0x00, 0x00, 0x00, 0x4f, 0xff, 0xff, 0xff, 0xff,
    0xff, 0xff, 0xff, 0xff, 0xff, 0xff, 0xff, 0xf7,
    0x00, 0x00, 0x00, 0x00, 0x00, 0x04, 0xff, 0xff,
    0xff, 0xff, 0xff, 0xff, 0xff, 0xff, 0xff, 0xff,
    0xff, 0xff, 0x70, 0x00, 0x00, 0x00, 0x00, 0x00,
    0x01, 0x11, 0x11, 0x11, 0x11, 0x11, 0x11, 0x11,
    0x11, 0x11, 0x11, 0x11, 0x10, 0x00, 0x00, 0x00,
    0x00, 0x00, 0x00, 0x00, 0x00, 0x00, 0x00, 0x00,
    0x00, 0x00, 0x00, 0x00, 0x00, 0x00, 0x00, 0x00,
    0x00, 0x00, 0x00, 0x00, 0x00, 0x00, 0x00, 0x00,
    0x00, 0x00, 0x00, 0x00, 0x00, 0x00, 0x00, 0x00,
    0x00, 0x00, 0x00, 0x00, 0x00, 0x00, 0x00, 0x04,
    0xff, 0xff, 0xff, 0xff, 0xff, 0xff, 0xff, 0xff,
    0xff, 0xff, 0xff, 0xff, 0x70, 0x00, 0x00, 0x00,
    0x00, 0x00, 0x4f, 0xff, 0xff, 0xff, 0xff, 0xff,
    0xff, 0xff, 0xff, 0xff, 0xff, 0xff, 0xf7, 0x00,
    0x00, 0x00, 0x00, 0x00, 0x04, 0xff, 0xff, 0xff,
    0xff, 0xff, 0xff, 0xff, 0xff, 0xff, 0xff, 0xff,
    0xff, 0x70, 0x00, 0x00, 0x00, 0x00, 0x00, 0x02,
    0x22, 0x22, 0x22, 0x22, 0x22, 0x22, 0x22, 0x22,
    0x22, 0x22, 0x22, 0x21, 0x00, 0x00, 0x00, 0x00,
    0x00, 0x00, 0x00, 0x00, 0x00, 0x00, 0x00, 0x00,
    0x00, 0x00, 0x00, 0x00, 0x00, 0x00, 0x00, 0x00,
    0x00, 0x00, 0x00, 0x00, 0x00, 0x00, 0x00, 0x00,
    0x00, 0x00, 0x00, 0x00, 0x00, 0x00, 0x00, 0x00,
    0x00, 0x00, 0x00, 0x00, 0x00, 0x00, 0x02, 0x44,
    0x44, 0x44, 0x44, 0x44, 0x44, 0x44, 0x44, 0x44,
    0x44, 0x44, 0x44, 0x30, 0x00, 0x00, 0x00, 0x00,
    0x00, 0xbf, 0xff, 0xff, 0xff, 0xff, 0xff, 0xff,
    0xff, 0xff, 0xff, 0xff, 0xff, 0xfe, 0x00, 0x00,
    0x00, 0x00, 0x00, 0x0b, 0xff, 0xff, 0xff, 0xff,
    0xff, 0xff, 0xff, 0xff, 0xff, 0xff, 0xff, 0xff,
    0xe0, 0x00, 0x00, 0x00, 0x00, 0x00, 0xbf, 0xff,
    0xff, 0xff, 0xff, 0xff, 0xff, 0xff, 0xff, 0xff,
    0xff, 0xff, 0xfe, 0x00, 0x00, 0x00, 0x00, 0x00,
    0x0b, 0xff, 0xf0, 0x00, 0x00, 0x00, 0x00, 0x00,
    0x00, 0x00, 0x00, 0x0f, 0xff, 0xe0, 0x00, 0x00,
    0x00, 0x00, 0x00, 0xbf, 0xff, 0x00, 0x00, 0x00,
    0x00, 0x00, 0x00, 0x00, 0x00, 0x00, 0xff, 0xfe,
    0x00, 0x00, 0x00, 0x00, 0x00, 0x0b, 0xff, 0xf0,
    0x00, 0x00, 0x00, 0x00, 0x00, 0x00, 0x00, 0x00,
    0x0f, 0xff, 0xe0, 0x00, 0x00, 0x00, 0x00, 0x00,
    0xbf, 0xff, 0x00, 0x00, 0x00, 0x00, 0x00, 0x00,
    0x00, 0x00, 0x00, 0xff, 0xfe, 0x00, 0x00, 0x00,
    0x00, 0x00, 0x0b, 0xff, 0xf4, 0x33, 0x33, 0x33,
    0x33, 0x33, 0x33, 0x33, 0x33, 0x3f, 0xff, 0xe0,
    0x00, 0x00, 0x00, 0x00, 0x00, 0xbf, 0xff, 0xff,
    0xff, 0xff, 0xff, 0xff, 0xff, 0xff, 0xff, 0xff,
    0xff, 0xfe, 0x00, 0x00, 0x00, 0x00, 0x00, 0x0b,
    0xff, 0xff, 0xff, 0xff, 0xff, 0xff, 0xff, 0xff,
    0xff, 0xff, 0xff, 0xff, 0xe0, 0x00, 0x00, 0x00,
    0x00, 0x00, 0xbf, 0xff, 0xff, 0xff, 0xff, 0xff,
    0xff, 0xff, 0xff, 0xff, 0xff, 0xff, 0xfe, 0x00,
    0x00, 0x00, 0x00, 0x00, 0x0b, 0xff, 0xf0, 0x00,
    0x00, 0x00, 0x00, 0x00, 0x00, 0x00, 0x00, 0x0f,
    0xff, 0xe0, 0x00, 0x00, 0x00, 0x00, 0x00, 0x11,
    0x11, 0x00, 0x00, 0x00, 0x00, 0x00, 0x00, 0x00,
    0x00, 0x00, 0x00, 0x00, 0x00, 0x00, 0x00,

    /* U+8B66 "警" */
    0x00, 0x00, 0x05, 0xbb, 0x70, 0x00, 0x3b, 0xb9,
    0x00, 0x00, 0x00, 0x00, 0xb8, 0x40, 0x00, 0x00,
    0x00, 0x00, 0x00, 0x01, 0x11, 0x18, 0xff, 0xb1,
    0x11, 0x6f, 0xfd, 0x11, 0x11, 0x00, 0x03, 0xff,
    0xf0, 0x00, 0x00, 0x00, 0x00, 0x00, 0x0e, 0xff,
    0xff, 0xff, 0xff, 0xff, 0xff, 0xff, 0xff, 0xff,
    0x20, 0x0a, 0xff, 0x90, 0x00, 0x00, 0x00, 0x00,
    0x00, 0x0e, 0xff, 0xff, 0xff, 0xff, 0xff, 0xff,
    0xff, 0xff, 0xff, 0x20, 0x2f, 0xff, 0xa7, 0x77,
    0x77, 0x77, 0x77, 0x71, 0x03, 0x33, 0x39, 0xff,
    0xc3, 0x33, 0x8f, 0xfe, 0x33, 0x33, 0x00, 0xbf,
    0xff, 0xff, 0xff, 0xff, 0xff, 0xff, 0xf3, 0x00,
    0x00, 0x5d, 0xfb, 0x60, 0x00, 0x39, 0x97, 0x00,
    0x00, 0x06, 0xff, 0xff, 0xff, 0xff, 0xff, 0xff,
    0xff, 0xf3, 0x00, 0x00, 0xdf, 0xf7, 0x22, 0x22,
    0x22, 0x23, 0x32, 0x10, 0x3f, 0xff, 0xf7, 0x33,
    0x33, 0x5f, 0xff, 0x63, 0x30, 0x00, 0x08, 0xff,
    0xff, 0xff, 0xff, 0xff, 0xff, 0xff, 0x82, 0xef,
    0xff, 0xfd, 0x00, 0x00, 0x9f, 0xfd, 0x00, 0x00,
    0x00, 0x4f, 0xff, 0xff, 0xff, 0xff, 0xff, 0xff,
    0xff, 0xae, 0xff, 0xed, 0xff, 0x90, 0x03, 0xff,
    0xf5, 0x00, 0x00, 0x04, 0xff, 0xfa, 0x00, 0x00,
    0x00, 0x00, 0x0c, 0xff, 0x8c, 0xff, 0x33, 0xff,
    0xf8, 0x1d, 0xff, 0xc0, 0x00, 0x00, 0x5f, 0xff,
    0xff, 0xff, 0xff, 0xff, 0xd0, 0x0d, 0xff, 0x50,
    0x83, 0x00, 0x7f, 0xff, 0xef, 0xff, 0x20, 0x00,
    0x00, 0x2d, 0xff, 0xff, 0xdd, 0xdd, 0xff, 0xd0,
    0x0f, 0xff, 0x30, 0x00, 0x00, 0x0a, 0xff, 0xff,
    0xf4, 0x00, 0x00, 0x00, 0x01, 0xa8, 0xff, 0x20,
    0x00, 0xcf, 0xd0, 0x1f, 0xff, 0x20, 0x00, 0x00,
    0x19, 0xff, 0xff, 0xf8, 0x00, 0x00, 0x00, 0x00,
    0x07, 0xff, 0x42, 0x22, 0xdf, 0xd0, 0x3f, 0xff,
    0x00, 0x00, 0x29, 0xff, 0xff, 0xff, 0xff, 0xe8,
    0x20, 0x00, 0x00, 0x07, 0xff, 0xff, 0xff, 0xff,
    0xe2, 0xaf, 0xfd, 0x00, 0x8d, 0xff, 0xff, 0xfa,
    0x5e, 0xff, 0xff, 0xfc, 0x73, 0x00, 0x07, 0xff,
    0xdc, 0xcc, 0xcd, 0xff, 0xff, 0xf8, 0x00, 0x8f,
    0xff, 0xfc, 0x40, 0x00, 0x8f, 0xff, 0xff, 0xf4,
    0x00, 0x05, 0xdd, 0x20, 0x00, 0x00, 0xff, 0xff,
    0xd6, 0x9c, 0x0c, 0xfa, 0x30, 0x00, 0x00, 0x01,
    0x8e, 0xff, 0x80, 0x00, 0x00, 0x00, 0x00, 0x00,
    0x00, 0x34, 0x32, 0x6f, 0xff, 0x71, 0x10, 0x00,
    0x00, 0x00, 0x00, 0x00, 0x48, 0x00, 0x00, 0x33,
    0x33, 0x33, 0x33, 0x33, 0x33, 0x33, 0x4f, 0xff,
    0xf4, 0x33, 0x33, 0x33, 0x33, 0x33, 0x33, 0x33,
    0x20, 0x03, 0xff, 0xff, 0xff, 0xff, 0xff, 0xff,
    0xff, 0xff, 0xff, 0xff, 0xff, 0xff, 0xff, 0xff,
    0xff, 0xff, 0xff, 0xa0, 0x03, 0xff, 0xff, 0xff,
    0xff, 0xff, 0xff, 0xff, 0xff, 0xff, 0xff, 0xff,
    0xff, 0xff, 0xff, 0xff, 0xff, 0xff, 0xa0, 0x00,
    0x33, 0x33, 0x33, 0x33, 0x33, 0x33, 0x33, 0x33,
    0x33, 0x33, 0x33, 0x33, 0x33, 0x33, 0x33, 0x33,
    0x33, 0x20, 0x00, 0x00, 0x00, 0x01, 0x11, 0x11,
    0x11, 0x11, 0x11, 0x11, 0x11, 0x11, 0x11, 0x11,
    0x11, 0x11, 0x00, 0x00, 0x00, 0x00, 0x00, 0x00,
    0x9f, 0xff, 0xff, 0xff, 0xff, 0xff, 0xff, 0xff,
    0xff, 0xff, 0xff, 0xff, 0xfb, 0x00, 0x00, 0x00,
    0x00, 0x00, 0x00, 0x8f, 0xff, 0xff, 0xff, 0xff,
    0xff, 0xff, 0xff, 0xff, 0xff, 0xff, 0xff, 0xfa,
    0x00, 0x00, 0x00, 0x00, 0x00, 0x00, 0x00, 0x00,
    0x00, 0x00, 0x00, 0x00, 0x00, 0x00, 0x00, 0x00,
    0x00, 0x00, 0x00, 0x00, 0x00, 0x00, 0x00, 0x00,
    0x00, 0x8f, 0xff, 0xff, 0xff, 0xff, 0xff, 0xff,
    0xff, 0xff, 0xff, 0xff, 0xff, 0xfa, 0x00, 0x00,
    0x00, 0x00, 0x00, 0x00, 0x9f, 0xff, 0xff, 0xff,
    0xff, 0xff, 0xff, 0xff, 0xff, 0xff, 0xff, 0xff,
    0xfb, 0x00, 0x00, 0x00, 0x00, 0x00, 0x00, 0x01,
    0x11, 0x11, 0x11, 0x11, 0x11, 0x11, 0x11, 0x11,
    0x11, 0x11, 0x11, 0x11, 0x00, 0x00, 0x00, 0x00,
    0x00, 0x00, 0x12, 0x22, 0x22, 0x22, 0x22, 0x22,
    0x22, 0x22, 0x22, 0x22, 0x22, 0x22, 0x22, 0x00,
    0x00, 0x00, 0x00, 0x00, 0x00, 0xef, 0xff, 0xff,
    0xff, 0xff, 0xff, 0xff, 0xff, 0xff, 0xff, 0xff,
    0xff, 0xff, 0x30, 0x00, 0x00, 0x00, 0x00, 0x00,
    0xef, 0xff, 0xff, 0xff, 0xff, 0xff, 0xff, 0xff,
    0xff, 0xff, 0xff, 0xff, 0xff, 0x30, 0x00, 0x00,
    0x00, 0x00, 0x00, 0xef, 0xfa, 0x00, 0x00, 0x00,
    0x00, 0x00, 0x00, 0x00, 0x00, 0x00, 0x8f, 0xff,
    0x30, 0x00, 0x00, 0x00, 0x00, 0x00, 0xef, 0xfa,
    0x00, 0x00, 0x00, 0x00, 0x00, 0x00, 0x00, 0x00,
    0x00, 0x8f, 0xff, 0x30, 0x00, 0x00, 0x00, 0x00,
    0x00, 0xef, 0xff, 0xff, 0xff, 0xff, 0xff, 0xff,
    0xff, 0xff, 0xff, 0xff, 0xff, 0xff, 0x30, 0x00,
    0x00, 0x00, 0x00, 0x00, 0xef, 0xff, 0xff, 0xff,
    0xff, 0xff, 0xff, 0xff, 0xff, 0xff, 0xff, 0xff,
    0xff, 0x30, 0x00, 0x00, 0x00, 0x00, 0x00, 0xef,
    0xfb, 0x22, 0x22, 0x22, 0x22, 0x22, 0x22, 0x22,
    0x22, 0x22, 0x9f, 0xff, 0x30, 0x00, 0x00, 0x00,
    0x00, 0x00, 0x00, 0x00, 0x00, 0x00, 0x00, 0x00,
    0x00, 0x00, 0x00, 0x00, 0x00, 0x00, 0x00, 0x00,
    0x00, 0x00,

    /* U+8BBE "设" */
    0x00, 0x00, 0x00, 0x00, 0x00, 0x00, 0x00, 0x00,
    0x00, 0x00, 0x00, 0x00, 0x00, 0x00, 0x00, 0x00,
    0x00, 0x00, 0x00, 0x00, 0x00, 0x0b, 0xc1, 0x00,
    0x00, 0x00, 0x00, 0x00, 0x47, 0x88, 0x77, 0x77,
    0x77, 0x88, 0x76, 0x00, 0x00, 0x00, 0x00, 0x00,
    0xcf, 0xfe, 0x20, 0x00, 0x00, 0x00, 0x00, 0x9f,
    0xff, 0xff, 0xff, 0xff, 0xff, 0xfc, 0x00, 0x00,
    0x00, 0x00, 0x01, 0xdf, 0xff, 0xe3, 0x00, 0x00,
    0x00, 0x00, 0x9f, 0xff, 0xff, 0xff, 0xff, 0xff,
    0xfc, 0x00, 0x00, 0x00, 0x00, 0x00, 0x1c, 0xff,
    0xff, 0x40, 0x00, 0x00, 0x00, 0x9f, 0xff, 0xff,
    0xff, 0xff, 0xff, 0xfc, 0x00, 0x00, 0x00, 0x00,
    0x00, 0x00, 0xcf, 0xff, 0xf4, 0x00, 0x00, 0x00,
    0x9f, 0xfe, 0x00, 0x00, 0x00, 0xcf, 0xfc, 0x00,
    0x00, 0x00, 0x00, 0x00, 0x00, 0x0c, 0xff, 0xff,
    0x20, 0x00, 0x00, 0xaf, 0xfe, 0x00, 0x00, 0x00,
    0xcf, 0xfc, 0x00, 0x00, 0x00, 0x00, 0x00, 0x00,
    0x01, 0xdf, 0xf9, 0x00, 0x00, 0x00, 0xbf, 0xfd,
    0x00, 0x00, 0x00, 0xcf, 0xfc, 0x00, 0x00, 0x00,
    0x00, 0x00, 0x00, 0x00, 0x1e, 0x90, 0x00, 0x00,
    0x00, 0xff, 0xfb, 0x00, 0x00, 0x00, 0xcf, 0xfc,
    0x00, 0x00, 0x00, 0x00, 0x00, 0x00, 0x00, 0x02,
    0x00, 0x00, 0x00, 0x04, 0xff, 0xf8, 0x00, 0x00,
    0x00, 0xcf, 0xfc, 0x00, 0x00, 0x00, 0x00, 0x00,
    0x00, 0x00, 0x00, 0x00, 0x00, 0x00, 0x0d, 0xff,
    0xf3, 0x00, 0x00, 0x00, 0xcf, 0xfc, 0x00, 0x00,
    0x00, 0x00, 0x00, 0x00, 0x00, 0x00, 0x00, 0x00,
    0x00, 0xaf, 0xff, 0xd0, 0x00, 0x00, 0x00, 0xcf,
    0xfe, 0x00, 0x00, 0x10, 0x28, 0x88, 0x88, 0x98,
    0x85, 0x00, 0x00, 0x1a, 0xff, 0xff, 0x40, 0x00,
    0x00, 0x00, 0xaf, 0xff, 0xff, 0xff, 0xf1, 0x5f,
    0xff, 0xff, 0xff, 0xf9, 0x00, 0x06, 0xef, 0xff,
    0xf9, 0x00, 0x00, 0x00, 0x00, 0x5f, 0xff, 0xff,
    0xff, 0xf2, 0x5f, 0xff, 0xff, 0xff, 0xf9, 0x00,
    0x3e, 0xff, 0xff, 0xb0, 0x00, 0x00, 0x00, 0x00,
    0x09, 0xff, 0xff, 0xff, 0xf4, 0x5f, 0xff, 0xff,
    0xff, 0xf9, 0x00, 0x04, 0xff, 0xf9, 0x00, 0x00,
    0x00, 0x00, 0x00, 0x00, 0x02, 0x33, 0x33, 0x20,
    0x01, 0x11, 0x12, 0xff, 0xf9, 0x00, 0x00, 0x7c,
    0x30, 0x00, 0x00, 0x00, 0x00, 0x00, 0x00, 0x00,
    0x00, 0x00, 0x00, 0x00, 0x00, 0x01, 0xff, 0xf9,
    0x00, 0x00, 0x00, 0x00, 0x00, 0x00, 0x00, 0x00,
    0x00, 0x00, 0x00, 0x20, 0x00, 0x00, 0x00, 0x00,
    0x01, 0xff, 0xf9, 0x00, 0x00, 0x9f, 0xff, 0xff,
    0xff, 0xff, 0xff, 0xff, 0xff, 0xff, 0xff, 0x81,
    0x00, 0x00, 0x00, 0x01, 0xff, 0xf9, 0x00, 0x00,
    0x9f, 0xff, 0xff, 0xff, 0xff, 0xff, 0xff, 0xff,
    0xff, 0xff, 0xf2, 0x00, 0x00, 0x00, 0x01, 0xff,
    0xf9, 0x00, 0x00, 0x9f, 0xff, 0xff, 0xff, 0xff,
    0xff, 0xff, 0xff, 0xff, 0xff, 0xd0, 0x00, 0x00,
    0x00, 0x01, 0xff, 0xf9, 0x00, 0x00, 0x48, 0xdf,
    0xfb, 0x88, 0x88, 0x88, 0x88, 0x88, 0xcf, 0xff,
    0x70, 0x00, 0x00, 0x00, 0x01, 0xff, 0xf9, 0x00,
    0x00, 0x00, 0xdf, 0xfd, 0x00, 0x00, 0x00, 0x00,
    0x00, 0xef, 0xff, 0x10, 0x00, 0x00, 0x00, 0x01,
    0xff, 0xf9, 0x00, 0x00, 0x00, 0x6f, 0xff, 0x70,
    0x00, 0x00, 0x00, 0x08, 0xff, 0xf8, 0x00, 0x00,
    0x00, 0x00, 0x01, 0xff, 0xf9, 0x00, 0x00, 0x00,
    0x0c, 0xff, 0xf3, 0x00, 0x00, 0x00, 0x3f, 0xff,
    0xe1, 0x00, 0x00, 0x00, 0x00, 0x01, 0xff, 0xf9,
    0x00, 0x00, 0x00, 0x03, 0xff, 0xfe, 0x10, 0x00,
    0x01, 0xef, 0xff, 0x60, 0x00, 0x00, 0x00, 0x00,
    0x01, 0xff, 0xf9, 0x00, 0x18, 0x00, 0x00, 0x8f,
    0xff, 0xc0, 0x00, 0x0c, 0xff, 0xfb, 0x00, 0x00,
    0x00, 0x00, 0x00, 0x01, 0xff, 0xf9, 0x03, 0xef,
    0x20, 0x00, 0x0b, 0xff, 0xfc, 0x11, 0xcf, 0xff,
    0xd1, 0x00, 0x00, 0x00, 0x00, 0x00, 0x01, 0xff,
    0xf9, 0x6f, 0xff, 0x90, 0x00, 0x01, 0xdf, 0xff,
    0xdd, 0xff, 0xff, 0x20, 0x00, 0x00, 0x00, 0x00,
    0x00, 0x01, 0xff, 0xff, 0xff, 0xff, 0xb0, 0x00,
    0x00, 0x2e, 0xff, 0xff, 0xff, 0xf3, 0x00, 0x00,
    0x00, 0x00, 0x00, 0x00, 0x02, 0xff, 0xff, 0xff,
    0xf8, 0x00, 0x00, 0x00, 0x04, 0xff, 0xff, 0xff,
    0x50, 0x00, 0x00, 0x00, 0x00, 0x00, 0x00, 0x06,
    0xff, 0xff, 0xff, 0x50, 0x00, 0x00, 0x01, 0x9f,
    0xff, 0xff, 0xff, 0xf9, 0x10, 0x00, 0x00, 0x00,
    0x00, 0x00, 0x1e, 0xff, 0xff, 0xd2, 0x00, 0x00,
    0x04, 0xaf, 0xff, 0xff, 0xff, 0xff, 0xff, 0xfa,
    0x40, 0x00, 0x00, 0x00, 0x00, 0xcf, 0xff, 0xfb,
    0x00, 0x01, 0x59, 0xef, 0xff, 0xff, 0xfc, 0x35,
    0xef, 0xff, 0xff, 0xfe, 0x94, 0x00, 0x00, 0x00,
    0x6f, 0xff, 0x70, 0x00, 0x6f, 0xff, 0xff, 0xff,
    0xfd, 0x50, 0x00, 0x19, 0xff, 0xff, 0xff, 0xff,
    0xf7, 0x00, 0x00, 0x0c, 0xf4, 0x00, 0x00, 0x0e,
    0xff, 0xff, 0xfc, 0x50, 0x00, 0x00, 0x00, 0x19,
    0xff, 0xff, 0xff, 0xd0, 0x00, 0x00, 0x04, 0x40,
    0x00, 0x00, 0x06, 0xff, 0xd8, 0x20, 0x00, 0x00,
    0x00, 0x00, 0x00, 0x06, 0xcf, 0xff, 0x20, 0x00,
    0x00, 0x00, 0x00, 0x00, 0x00, 0x00, 0x62, 0x00,
    0x00, 0x00, 0x00, 0x00, 0x00, 0x00, 0x00, 0x01,
    0x56, 0x00,

    /* U+8BED "语" */
    0x00, 0x00, 0x58, 0x00, 0x00, 0x00, 0x05, 0x66,
    0x66, 0x66, 0x66, 0x66, 0x66, 0x66, 0x66, 0x66,
    0x66, 0x66, 0x10, 0x00, 0x06, 0xff, 0xb0, 0x00,
    0x00, 0x0c, 0xff, 0xff, 0xff, 0xff, 0xff, 0xff,
    0xff, 0xff, 0xff, 0xff, 0xff, 0x40, 0x00, 0x1f,
    0xff, 0xfc, 0x10, 0x00, 0x0c, 0xff, 0xff, 0xff,
    0xff, 0xff, 0xff, 0xff, 0xff, 0xff, 0xff, 0xff,
    0x40, 0x00, 0x03, 0xff, 0xff, 0xd1, 0x00, 0x0b,
    0xff, 0xff, 0xff, 0xff, 0xff, 0xff, 0xff, 0xff,
    0xff, 0xff, 0xff, 0x30, 0x00, 0x00, 0x3e, 0xff,
    0xfe, 0x20, 0x00, 0x00, 0x00, 0x00, 0x3f, 0xff,
    0x90, 0x00, 0x00, 0x00, 0x00, 0x00, 0x00, 0x00,
    0x00, 0x03, 0xff, 0xff, 0xd1, 0x00, 0x00, 0x00,
    0x00, 0x6f, 0xff, 0x60, 0x00, 0x00, 0x00, 0x00,
    0x00, 0x00, 0x00, 0x00, 0x00, 0x3f, 0xff, 0xe2,
    0x00, 0x00, 0x00, 0x00, 0x9f, 0xff, 0x30, 0x00,
    0x00, 0x00, 0x00, 0x00, 0x00, 0x00, 0x00, 0x00,
    0x04, 0xfe, 0x20, 0x00, 0x13, 0x33, 0x33, 0xdf,
    0xff, 0x33, 0x33, 0x33, 0x45, 0x31, 0x00, 0x00,
    0x00, 0x00, 0x00, 0x00, 0x62, 0x00, 0x00, 0x7f,
    0xff, 0xff, 0xff, 0xff, 0xff, 0xff, 0xff, 0xff,
    0xf9, 0x00, 0x00, 0x00, 0x00, 0x00, 0x00, 0x00,
    0x00, 0x00, 0x7f, 0xff, 0xff, 0xff, 0xff, 0xff,
    0xff, 0xff, 0xff, 0xf8, 0x00, 0x00, 0x00, 0x00,
    0x00, 0x00, 0x00, 0x00, 0x00, 0x7f, 0xff, 0xff,
    0xff, 0xff, 0xff, 0xff, 0xff, 0xff, 0xf8, 0x00,
    0x00, 0x15, 0x55, 0x55, 0x66, 0x52, 0x00, 0x00,
    0x01, 0x11, 0x1b, 0xff, 0xf3, 0x11, 0x11, 0x14,
    0xff, 0xf6, 0x00, 0x00, 0x4f, 0xff, 0xff, 0xff,
    0xf7, 0x00, 0x00, 0x00, 0x00, 0x0e, 0xff, 0xe0,
    0x00, 0x00, 0x04, 0xff, 0xf5, 0x00, 0x00, 0x4f,
    0xff, 0xff, 0xff, 0xf7, 0x00, 0x00, 0x00, 0x00,
    0x1f, 0xff, 0xb0, 0x00, 0x00, 0x05, 0xff, 0xf3,
    0x00, 0x00, 0x4f, 0xff, 0xff, 0xff, 0xf7, 0x00,
    0x00, 0x00, 0x00, 0x5f, 0xff, 0x70, 0x00, 0x00,
    0x07, 0xff, 0xf2, 0x00, 0x00, 0x27, 0x77, 0x78,
    0xff, 0xf7, 0x00, 0x11, 0x11, 0x11, 0xaf, 0xff,
    0x41, 0x11, 0x11, 0x19, 0xff, 0xf1, 0x11, 0x10,
    0x00, 0x00, 0x01, 0xff, 0xf7, 0x01, 0xff, 0xff,
    0xff, 0xff, 0xff, 0xff, 0xff, 0xff, 0xff, 0xff,
    0xff, 0xff, 0xfb, 0x00, 0x00, 0x01, 0xff, 0xf7,
    0x01, 0xff, 0xff, 0xff, 0xff, 0xff, 0xff, 0xff,
    0xff, 0xff, 0xff, 0xff, 0xff, 0xfb, 0x00, 0x00,
    0x01, 0xff, 0xf7, 0x01, 0xff, 0xff, 0xff, 0xff,
    0xff, 0xff, 0xff, 0xff, 0xff, 0xff, 0xff, 0xff,
    0xfb, 0x00, 0x00, 0x01, 0xff, 0xf7, 0x00, 0x66,
    0x66, 0x66, 0x66, 0x66, 0x66, 0x66, 0x66, 0x66,
    0x66, 0x66, 0x66, 0x64, 0x00, 0x00, 0x01, 0xff,
    0xf7, 0x00, 0x00, 0x00, 0x00, 0x00, 0x00, 0x00,
    0x00, 0x00, 0x00, 0x00, 0x00, 0x00, 0x00, 0x00,
    0x00, 0x01, 0xff, 0xf7, 0x00, 0x00, 0x00, 0x00,
    0x00, 0x00, 0x00, 0x00, 0x00, 0x00, 0x00, 0x00,
    0x00, 0x00, 0x00, 0x00, 0x01, 0xff, 0xf7, 0x00,
    0x00, 0x1f, 0xff, 0xff, 0xff, 0xff, 0xff, 0xff,
    0xff, 0xff, 0xff, 0xd0, 0x00, 0x00, 0x00, 0x01,
    0xff, 0xf7, 0x00, 0x00, 0x2f, 0xff, 0xff, 0xff,
    0xff, 0xff, 0xff, 0xff, 0xff, 0xff, 0xe0, 0x00,
    0x00, 0x00, 0x01, 0xff, 0xf7, 0x00, 0x00, 0x2f,
    0xff, 0xff, 0xff, 0xff, 0xff, 0xff, 0xff, 0xff,
    0xff, 0xe0, 0x00, 0x00, 0x00, 0x01, 0xff, 0xf7,
    0x00, 0x00, 0x2f, 0xff, 0xa5, 0x55, 0x55, 0x55,
    0x55, 0x55, 0x5e, 0xff, 0xe0, 0x00, 0x00, 0x00,
    0x01, 0xff, 0xf7, 0x00, 0x5d, 0x2f, 0xff, 0x70,
    0x00, 0x00, 0x00, 0x00, 0x00, 0x0e, 0xff, 0xe0,
    0x00, 0x00, 0x00, 0x01, 0xff, 0xf7, 0x1a, 0xff,
    0x5f, 0xff, 0x70, 0x00, 0x00, 0x00, 0x00, 0x00,
    0x0e, 0xff, 0xe0, 0x00, 0x00, 0x00, 0x01, 0xff,
    0xfa, 0xef, 0xff, 0xaf, 0xff, 0x70, 0x00, 0x00,
    0x00, 0x00, 0x00, 0x0e, 0xff, 0xe0, 0x00, 0x00,
    0x00, 0x02, 0xff, 0xff, 0xff, 0xfd, 0x5f, 0xff,
    0x70, 0x00, 0x00, 0x00, 0x00, 0x00, 0x0e, 0xff,
    0xe0, 0x00, 0x00, 0x00, 0x06, 0xff, 0xff, 0xff,
    0x90, 0x2f, 0xff, 0x70, 0x00, 0x00, 0x00, 0x00,
    0x00, 0x0e, 0xff, 0xe0, 0x00, 0x00, 0x00, 0x1e,
    0xff, 0xff, 0xe5, 0x00, 0x2f, 0xff, 0xa5, 0x55,
    0x55, 0x55, 0x55, 0x55, 0x5f, 0xff, 0xe0, 0x00,
    0x00, 0x00, 0x7f, 0xff, 0xfb, 0x10, 0x00, 0x2f,
    0xff, 0xff, 0xff, 0xff, 0xff, 0xff, 0xff, 0xff,
    0xff, 0xe0, 0x00, 0x00, 0x00, 0x0c, 0xff, 0x60,
    0x00, 0x00, 0x2f, 0xff, 0xff, 0xff, 0xff, 0xff,
    0xff, 0xff, 0xff, 0xff, 0xe0, 0x00, 0x00, 0x00,
    0x03, 0xe3, 0x00, 0x00, 0x00, 0x2f, 0xff, 0xff,
    0xff, 0xff, 0xff, 0xff, 0xff, 0xff, 0xff, 0xe0,
    0x00, 0x00, 0x00, 0x00, 0x20, 0x00, 0x00, 0x00,
    0x2f, 0xff, 0x70, 0x00, 0x00, 0x00, 0x00, 0x00,
    0x0e, 0xff, 0xe0, 0x00, 0x00, 0x00, 0x00, 0x00,
    0x00, 0x00, 0x00, 0x02, 0x22, 0x00, 0x00, 0x00,
    0x00, 0x00, 0x00, 0x00, 0x00, 0x00, 0x00,

    /* U+8D2E "贮" */
    0x00, 0x00, 0x00, 0x00, 0x00, 0x00, 0x00, 0x00,
    0x00, 0x00, 0x00, 0x00, 0x07, 0x30, 0x00, 0x00,
    0x00, 0x00, 0x00, 0x00, 0x00, 0x00, 0x00, 0x00,
    0x00, 0x00, 0x00, 0x00, 0x00, 0x00, 0x07, 0xef,
    0xe1, 0x00, 0x00, 0x00, 0x00, 0x00, 0x00, 0x77,
    0x77, 0x77, 0x77, 0x77, 0x77, 0x72, 0x00, 0x00,
    0x00, 0x08, 0xff, 0xfb, 0x00, 0x00, 0x00, 0x00,
    0x00, 0x01, 0xff, 0xff, 0xff, 0xff, 0xff, 0xff,
    0xf5, 0x00, 0x00, 0x00, 0x00, 0xdf, 0xff, 0x50,
    0x00, 0x00, 0x00, 0x00, 0x01, 0xff, 0xff, 0xff,
    0xff, 0xff, 0xff, 0xf5, 0x00, 0x00, 0x00, 0x00,
    0x3f, 0xff, 0xe1, 0x00, 0x00, 0x00, 0x00, 0x01,
    0xff, 0xff, 0xff, 0xff, 0xff, 0xff, 0xf5, 0x00,
    0x00, 0x00, 0x00, 0x09, 0xff, 0xf8, 0x00, 0x00,
    0x00, 0x00, 0x01, 0xff, 0xe0, 0x00, 0x00, 0x00,
    0xcf, 0xf5, 0x00, 0x00, 0x00, 0x00, 0x01, 0xef,
    0xe6, 0x00, 0x00, 0x00, 0x00, 0x01, 0xff, 0xe0,
    0x00, 0x00, 0x00, 0xcf, 0xf5, 0x05, 0x77, 0x77,
    0x77, 0x77, 0xce, 0x77, 0x77, 0x77, 0x77, 0x60,
    0x01, 0xff, 0xe0, 0x09, 0xaa, 0x00, 0xcf, 0xf5,
    0x0c, 0xff, 0xff, 0xff, 0xff, 0xff, 0xff, 0xff,
    0xff, 0xff, 0xe0, 0x01, 0xff, 0xe0, 0x0e, 0xff,
    0x10, 0xcf, 0xf5, 0x0c, 0xff, 0xff, 0xff, 0xff,
    0xff, 0xff, 0xff, 0xff, 0xff, 0xe0, 0x01, 0xff,
    0xe0, 0x0e, 0xff, 0x10, 0xcf, 0xf5, 0x0c, 0xff,
    0xff, 0xff, 0xff, 0xff, 0xff, 0xff, 0xff, 0xff,
    0xe0, 0x01, 0xff, 0xe0, 0x0e, 0xff, 0x10, 0xcf,
    0xf5, 0x0c, 0xff, 0xc0, 0x00, 0x00, 0x00, 0x00,
    0x00, 0x0c, 0xff, 0xe0, 0x01, 0xff, 0xe0, 0x0e,
    0xff, 0x10, 0xcf, 0xf5, 0x0c, 0xff, 0xc0, 0x00,
    0x00, 0x00, 0x00, 0x00, 0x0c, 0xff, 0xe0, 0x01,
    0xff, 0xe0, 0x0e, 0xff, 0x10, 0xcf, 0xf5, 0x0c,
    0xff, 0xc0, 0x00, 0x00, 0x00, 0x00, 0x00, 0x0c,
    0xff, 0xe0, 0x01, 0xff, 0xe0, 0x0e, 0xff, 0x10,
    0xcf, 0xf5, 0x0c, 0xff, 0xc0, 0x00, 0x00, 0x00,
    0x00, 0x00, 0x0c, 0xff, 0xe0, 0x01, 0xff, 0xe0,
    0x0e, 0xff, 0x10, 0xcf, 0xf5, 0x0c, 0xff, 0xc0,
    0x00, 0x00, 0x00, 0x00, 0x00, 0x0c, 0xff, 0xe0,
    0x01, 0xff, 0xe0, 0x0e, 0xff, 0x10, 0xcf, 0xf5,
    0x03, 0x44, 0x30, 0x00, 0x00, 0x00, 0x00, 0x00,
    0x01, 0x22, 0x20, 0x01, 0xff, 0xe0, 0x0e, 0xff,
    0x10, 0xcf, 0xf5, 0x00, 0x00, 0x00, 0x00, 0x00,
    0x00, 0x00, 0x00, 0x00, 0x00, 0x00, 0x01, 0xff,
    0xe0, 0x0e, 0xff, 0x10, 0xcf, 0xf5, 0x00, 0x00,
    0x00, 0x00, 0x00, 0x00, 0x00, 0x00, 0x00, 0x00,
    0x00, 0x01, 0xff, 0xe0, 0x0e, 0xff, 0x10, 0xcf,
    0xf5, 0x00, 0x00, 0x00, 0x00, 0x00, 0x00, 0x00,
    0x00, 0x00, 0x00, 0x00, 0x01, 0xff, 0xe0, 0x0e,
    0xff, 0x00, 0xcf, 0xf5, 0x00, 0x00, 0x00, 0x00,
    0x00, 0x00, 0x00, 0x00, 0x00, 0x00, 0x00, 0x01,
    0xff, 0xe0, 0x0f, 0xff, 0x00, 0xcf, 0xf5, 0x00,
    0x00, 0x00, 0x00, 0x00, 0x00, 0x00, 0x00, 0x00,
    0x00, 0x00, 0x01, 0xff, 0xe0, 0x0f, 0xfe, 0x00,
    0xcf, 0xf5, 0x00, 0x00, 0x00, 0x00, 0x00, 0x00,
    0x00, 0x00, 0x00, 0x00, 0x00, 0x01, 0xff, 0xe0,
    0x2f, 0xfd, 0x00, 0xcf, 0xf5, 0x00, 0x00, 0x00,
    0x00, 0x00, 0x00, 0x00, 0x00, 0x00, 0x00, 0x00,
    0x01, 0xff, 0xe0, 0x4f, 0xfb, 0x00, 0xcf, 0xf5,
    0x00, 0x00, 0x00, 0x00, 0x00, 0x00, 0x00, 0x00,
    0x00, 0x00, 0x00, 0x01, 0xff, 0xe0, 0x8f, 0xf8,
    0x00, 0xcf, 0xf5, 0x00, 0x00, 0x00, 0x00, 0x00,
    0x00, 0x00, 0x00, 0x00, 0x00, 0x00, 0x01, 0xcc,
    0xa0, 0xcf, 0xf5, 0x00, 0x8a, 0xa3, 0x00, 0x00,
    0x00, 0x00, 0x00, 0x00, 0x00, 0x00, 0x00, 0x00,
    0x00, 0x00, 0x00, 0x01, 0xff, 0xf1, 0x00, 0x00,
    0x00, 0x00, 0x00, 0x00, 0x00, 0x00, 0x00, 0x00,
    0x00, 0x00, 0x00, 0x00, 0x00, 0x00, 0x07, 0xff,
    0xc0, 0x7e, 0x10, 0x00, 0x00, 0x00, 0x00, 0x00,
    0x00, 0x00, 0x00, 0x00, 0x00, 0x00, 0x00, 0x00,
    0x00, 0x0e, 0xff, 0x68, 0xff, 0xd1, 0x00, 0x00,
    0x00, 0x00, 0x00, 0x00, 0x00, 0x00, 0x00, 0x00,
    0x00, 0x00, 0x00, 0x00, 0x7f, 0xfe, 0x02, 0xff,
    0xfc, 0x00, 0x09, 0xaa, 0xaa, 0xaa, 0xaa, 0xaa,
    0xaa, 0xaa, 0xaa, 0xaa, 0xa4, 0x00, 0x03, 0xff,
    0xf7, 0x00, 0x5f, 0xff, 0xa0, 0x0e, 0xff, 0xff,
    0xff, 0xff, 0xff, 0xff, 0xff, 0xff, 0xff, 0xf7,
    0x00, 0x1e, 0xff, 0xc0, 0x00, 0x08, 0xff, 0xf7,
    0x0e, 0xff, 0xff, 0xff, 0xff, 0xff, 0xff, 0xff,
    0xff, 0xff, 0xf7, 0x02, 0xef, 0xff, 0x20, 0x00,
    0x00, 0xcf, 0xff, 0x3e, 0xff, 0xff, 0xff, 0xff,
    0xff, 0xff, 0xff, 0xff, 0xff, 0xf7, 0x5f, 0xff,
    0xf4, 0x00, 0x00, 0x00, 0x1e, 0xfb, 0x02, 0x33,
    0x33, 0x33, 0x33, 0x33, 0x33, 0x33, 0x33, 0x33,
    0x31, 0x1d, 0xff, 0x40, 0x00, 0x00, 0x00, 0x05,
    0x90, 0x00, 0x00, 0x00, 0x00, 0x00, 0x00, 0x00,
    0x00, 0x00, 0x00, 0x00, 0x02, 0xc2, 0x00, 0x00,
    0x00, 0x00, 0x00, 0x00, 0x00, 0x00, 0x00, 0x00,
    0x00, 0x00, 0x00, 0x00, 0x00, 0x00, 0x00,

    /* U+8D77 "起" */
    0x00, 0x00, 0x00, 0x00, 0x05, 0x99, 0x80, 0x00,
    0x00, 0x00, 0x00, 0x00, 0x00, 0x00, 0x00, 0x00,
    0x00, 0x00, 0x00, 0x00, 0x00, 0x00, 0x00, 0x00,
    0x09, 0xff, 0xe0, 0x00, 0x00, 0x00, 0x00, 0x00,
    0x00, 0x00, 0x00, 0x00, 0x00, 0x00, 0x00, 0x00,
    0x00, 0x00, 0x00, 0x00, 0x09, 0xff, 0xe0, 0x00,
    0x00, 0x00, 0x09, 0xee, 0xee, 0xee, 0xee, 0xee,
    0xee, 0xee, 0x80, 0x00, 0x00, 0x00, 0x00, 0x00,
    0x09, 0xff, 0xe0, 0x00, 0x00, 0x00, 0x0b, 0xff,
    0xff, 0xff, 0xff, 0xff, 0xff, 0xff, 0x90, 0x00,
    0x00, 0x06, 0x66, 0x66, 0x6c, 0xff, 0xf6, 0x66,
    0x66, 0x61, 0x0b, 0xff, 0xff, 0xff, 0xff, 0xff,
    0xff, 0xff, 0x90, 0x00, 0x00, 0x0f, 0xff, 0xff,
    0xff, 0xff, 0xff, 0xff, 0xff, 0xf4, 0x04, 0x66,
    0x66, 0x66, 0x66, 0x66, 0x7f, 0xff, 0x90, 0x00,
    0x00, 0x0f, 0xff, 0xff, 0xff, 0xff, 0xff, 0xff,
    0xff, 0xf4, 0x00, 0x00, 0x00, 0x00, 0x00, 0x00,
    0x1f, 0xff, 0x90, 0x00, 0x00, 0x0f, 0xff, 0xff,
    0xff, 0xff, 0xff, 0xff, 0xff, 0xf3, 0x00, 0x00,
    0x00, 0x00, 0x00, 0x00, 0x1f, 0xff, 0x90, 0x00,
    0x00, 0x00, 0x00, 0x00, 0x09, 0xff, 0xe0, 0x00,
    0x00, 0x00, 0x00, 0x00, 0x00, 0x00, 0x00, 0x00,
    0x1f, 0xff, 0x90, 0x00, 0x00, 0x00, 0x00, 0x00,
    0x09, 0xff, 0xe0, 0x00, 0x00, 0x00, 0x00, 0x00,
    0x00, 0x00, 0x00, 0x00, 0x1f, 0xff, 0x90, 0x00,
    0x00, 0x00, 0x00, 0x00, 0x09, 0xff, 0xe0, 0x00,
    0x00, 0x00, 0x00, 0x00, 0x00, 0x00, 0x00, 0x00,
    0x1f, 0xff, 0x90, 0x00, 0x00, 0x00, 0x00, 0x00,
    0x09, 0xff, 0xe0, 0x00, 0x00, 0x00, 0x00, 0x00,
    0x00, 0x00, 0x00, 0x00, 0x1f, 0xff, 0x90, 0x00,
    0x00, 0xaa, 0xaa, 0xaa, 0xae, 0xff, 0xfa, 0xaa,
    0xaa, 0xaa, 0x21, 0x44, 0x54, 0x44, 0x44, 0x44,
    0x5f, 0xff, 0x90, 0x00, 0x01, 0xff, 0xff, 0xff,
    0xff, 0xff, 0xff, 0xff, 0xff, 0xff, 0x46, 0xff,
    0xff, 0xff, 0xff, 0xff, 0xff, 0xff, 0x90, 0x00,
    0x01, 0xff, 0xff, 0xff, 0xff, 0xff, 0xff, 0xff,
    0xff, 0xff, 0x46, 0xff, 0xff, 0xff, 0xff, 0xff,
    0xff, 0xff, 0x90, 0x00, 0x00, 0xbb, 0xbb, 0xbb,
    0xbb, 0xff, 0xfe, 0xbb, 0xbb, 0xbb, 0x26, 0xff,
    0xff, 0xff, 0xff, 0xff, 0xff, 0xff, 0x90, 0x00,
    0x00, 0x00, 0x00, 0x00, 0x00, 0xef, 0xfb, 0x00,
    0x00, 0x00, 0x06, 0xff, 0xf4, 0x00, 0x00, 0x00,
    0x2f, 0xff, 0x90, 0x00, 0x00, 0x00, 0x00, 0x00,
    0x00, 0xef, 0xfb, 0x00, 0x00, 0x00, 0x06, 0xff,
    0xf4, 0x00, 0x00, 0x00, 0x01, 0x11, 0x00, 0x00,
    0x00, 0x03, 0x75, 0x40, 0x00, 0xef, 0xfb, 0x00,
    0x00, 0x00, 0x06, 0xff, 0xf4, 0x00, 0x00, 0x00,
    0x00, 0x00, 0x00, 0x00, 0x00, 0x06, 0xff, 0xf0,
    0x00, 0xef, 0xfb, 0x00, 0x00, 0x00, 0x06, 0xff,
    0xf4, 0x00, 0x00, 0x00, 0x00, 0x00, 0x00, 0x00,
    0x00, 0x07, 0xff, 0xf0, 0x00, 0xef, 0xfb, 0x11,
    0x11, 0x10, 0x06, 0xff, 0xf4, 0x00, 0x00, 0x00,
    0x00, 0x00, 0x00, 0x00, 0x00, 0x07, 0xff, 0xf0,
    0x00, 0xef, 0xff, 0xff, 0xff, 0xfb, 0x06, 0xff,
    0xf4, 0x00, 0x00, 0x00, 0x00, 0x01, 0x00, 0x00,
    0x00, 0x08, 0xff, 0xf0, 0x00, 0xef, 0xff, 0xff,
    0xff, 0xfb, 0x06, 0xff, 0xf4, 0x00, 0x00, 0x00,
    0x00, 0x08, 0xc5, 0x00, 0x00, 0x08, 0xff, 0xe0,
    0x00, 0xef, 0xff, 0xff, 0xff, 0xfb, 0x06, 0xff,
    0xf4, 0x00, 0x00, 0x00, 0x00, 0x09, 0xff, 0xc0,
    0x00, 0x09, 0xff, 0xf0, 0x00, 0xef, 0xfc, 0x33,
    0x33, 0x32, 0x06, 0xff, 0xf4, 0x00, 0x00, 0x00,
    0x00, 0x0a, 0xff, 0xb0, 0x00, 0x0b, 0xff, 0xf5,
    0x00, 0xef, 0xfb, 0x00, 0x00, 0x00, 0x05, 0xff,
    0xf4, 0x00, 0x00, 0x00, 0x00, 0x0d, 0xff, 0x90,
    0x00, 0x0c, 0xff, 0xfc, 0x00, 0xef, 0xfb, 0x00,
    0x00, 0x00, 0x05, 0xff, 0xf8, 0x00, 0x00, 0x00,
    0x00, 0x4f, 0xff, 0x60, 0x00, 0x0d, 0xff, 0xff,
    0x40, 0xef, 0xfb, 0x00, 0x00, 0x00, 0x03, 0xff,
    0xff, 0xff, 0xff, 0xff, 0xff, 0xff, 0xff, 0x20,
    0x00, 0x0f, 0xff, 0xff, 0xe1, 0xef, 0xfb, 0x00,
    0x00, 0x00, 0x00, 0xef, 0xff, 0xff, 0xff, 0xff,
    0xff, 0xff, 0xfb, 0x00, 0x00, 0x1f, 0xff, 0xff,
    0xfb, 0xff, 0xfb, 0x00, 0x00, 0x00, 0x00, 0x3e,
    0xff, 0xff, 0xff, 0xff, 0xff, 0xff, 0xc1, 0x00,
    0x00, 0x4f, 0xff, 0xcf, 0xff, 0xff, 0xfb, 0x00,
    0x00, 0x00, 0x00, 0x00, 0x36, 0x77, 0x77, 0x77,
    0x77, 0x63, 0x00, 0x00, 0x00, 0x7f, 0xff, 0x1d,
    0xff, 0xff, 0xfb, 0x00, 0x00, 0x00, 0x00, 0x00,
    0x00, 0x00, 0x00, 0x00, 0x00, 0x00, 0x00, 0x00,
    0x00, 0xaf, 0xfd, 0x02, 0xef, 0xff, 0xff, 0xd9,
    0x64, 0x32, 0x11, 0x11, 0x00, 0x01, 0x11, 0x11,
    0x11, 0x11, 0x22, 0x20, 0x00, 0xef, 0xf9, 0x00,
    0x2d, 0xff, 0xff, 0xff, 0xff, 0xff, 0xff, 0xff,
    0xff, 0xff, 0xff, 0xff, 0xff, 0xff, 0xff, 0xc0,
    0x04, 0xff, 0xf5, 0x00, 0x00, 0x7f, 0xff, 0xff,
    0xff, 0xff, 0xff, 0xff, 0xff, 0xff, 0xff, 0xff,
    0xff, 0xff, 0xff, 0x60, 0x0a, 0xff, 0xf1, 0x00,
    0x00, 0x00, 0x6b, 0xef, 0xff, 0xff, 0xff, 0xff,
    0xff, 0xff, 0xff, 0xff, 0xff, 0xff, 0xff, 0x00,
    0x08, 0xff, 0xa0, 0x00, 0x00, 0x00, 0x00, 0x01,
    0x45, 0x78, 0x88, 0x99, 0x99, 0x99, 0x99, 0x99,
    0x99, 0x99, 0x97, 0x00, 0x00, 0x19, 0x40, 0x00,
    0x00, 0x00, 0x00, 0x00, 0x00, 0x00, 0x00, 0x00,
    0x00, 0x00, 0x00, 0x00, 0x00, 0x00, 0x00, 0x00,

    /* U+8DD1 "跑" */
    0x00, 0x00, 0x00, 0x00, 0x00, 0x00, 0x00, 0x00,
    0x00, 0x00, 0x76, 0x20, 0x00, 0x00, 0x00, 0x00,
    0x00, 0x00, 0x00, 0x00, 0x12, 0x22, 0x22, 0x22,
    0x22, 0x22, 0x10, 0x00, 0x01, 0xff, 0xf8, 0x00,
    0x00, 0x00, 0x00, 0x00, 0x00, 0x00, 0x00, 0xdf,
    0xff, 0xff, 0xff, 0xff, 0xff, 0xe0, 0x00, 0x06,
    0xff, 0xf3, 0x00, 0x00, 0x00, 0x00, 0x00, 0x00,
    0x00, 0x00, 0xdf, 0xff, 0xff, 0xff, 0xff, 0xff,
    0xe0, 0x00, 0x0c, 0xff, 0xd0, 0x00, 0x00, 0x00,
    0x00, 0x00, 0x00, 0x00, 0x00, 0xdf, 0xff, 0xff,
    0xff, 0xff, 0xff, 0xe0, 0x00, 0x3f, 0xff, 0xa4,
    0x44, 0x44, 0x44, 0x44, 0x54, 0x42, 0x00, 0x00,
    0xdf, 0xf8, 0x22, 0x22, 0x29, 0xff, 0xe0, 0x00,
    0xaf, 0xff, 0xff, 0xff, 0xff, 0xff, 0xff, 0xff,
    0xf7, 0x00, 0x00, 0xdf, 0xf7, 0x00, 0x00, 0x08,
    0xff, 0xe0, 0x03, 0xff, 0xff, 0xff, 0xff, 0xff,
    0xff, 0xff, 0xff, 0xf7, 0x00, 0x00, 0xdf, 0xf7,
    0x00, 0x00, 0x08, 0xff, 0xe0, 0x0b, 0xff, 0xff,
    0xff, 0xff, 0xff, 0xff, 0xff, 0xff, 0xf6, 0x00,
    0x00, 0xdf, 0xf7, 0x00, 0x00, 0x08, 0xff, 0xe0,
    0x6f, 0xff, 0x80, 0x00, 0x00, 0x00, 0x00, 0x02,
    0xff, 0xf6, 0x00, 0x00, 0xdf, 0xf7, 0x00, 0x00,
    0x08, 0xff, 0xe2, 0xff, 0xfe, 0x10, 0x00, 0x00,
    0x00, 0x00, 0x02, 0xff, 0xf6, 0x00, 0x00, 0xdf,
    0xf7, 0x00, 0x00, 0x08, 0xff, 0xed, 0xff, 0xf6,
    0x00, 0x00, 0x00, 0x00, 0x00, 0x02, 0xff, 0xf6,
    0x00, 0x00, 0xdf, 0xfd, 0xbb, 0xbb, 0xbd, 0xff,
    0xff, 0xff, 0xd4, 0x32, 0x22, 0x22, 0x22, 0x10,
    0x02, 0xff, 0xf6, 0x00, 0x00, 0xdf, 0xff, 0xff,
    0xff, 0xff, 0xff, 0xe7, 0xff, 0xff, 0xff, 0xff,
    0xff, 0xff, 0xe0, 0x02, 0xff, 0xf6, 0x00, 0x00,
    0xdf, 0xff, 0xff, 0xff, 0xff, 0xff, 0xe0, 0x9e,
    0xff, 0xff, 0xff, 0xff, 0xff, 0xe0, 0x02, 0xff,
    0xf6, 0x00, 0x00, 0x78, 0x88, 0x8d, 0xff, 0xe8,
    0x88, 0x70, 0x0c, 0xff, 0xff, 0xff, 0xff, 0xff,
    0xe0, 0x02, 0xff, 0xf6, 0x00, 0x00, 0x00, 0x00,
    0x09, 0xff, 0xc0, 0x00, 0x00, 0x0c, 0xff, 0x90,
    0x00, 0x04, 0xff, 0xe0, 0x02, 0xff, 0xf6, 0x00,
    0x00, 0x00, 0x00, 0x09, 0xff, 0xc0, 0x00, 0x00,
    0x0c, 0xff, 0x90, 0x00, 0x04, 0xff, 0xe0, 0x02,
    0xff, 0xf5, 0x00, 0x00, 0x00, 0x00, 0x09, 0xff,
    0xc0, 0x00, 0x00, 0x0c, 0xff, 0x90, 0x00, 0x04,
    0xff, 0xe0, 0x02, 0xff, 0xf5, 0x00, 0x00, 0xef,
    0xf2, 0x09, 0xff, 0xc0, 0x00, 0x00, 0x0c, 0xff,
    0x90, 0x00, 0x04, 0xff, 0xe0, 0x03, 0xff, 0xf5,
    0x00, 0x00, 0xef, 0xf2, 0x09, 0xff, 0xd7, 0x77,
    0x50, 0x0c, 0xff, 0x90, 0x00, 0x04, 0xff, 0xe0,
    0x03, 0xff, 0xf4, 0x00, 0x00, 0xef, 0xf2, 0x09,
    0xff, 0xff, 0xff, 0xc0, 0x0c, 0xff, 0x90, 0x00,
    0x04, 0xff, 0xe0, 0x04, 0xff, 0xf4, 0x00, 0x00,
    0xef, 0xf2, 0x09, 0xff, 0xff, 0xff, 0xc0, 0x0c,
    0xff, 0xeb, 0xbb, 0xbc, 0xff, 0xe0, 0x05, 0xff,
    0xf3, 0x00, 0x00, 0xef, 0xf2, 0x09, 0xff, 0xfe,
    0xee, 0xa0, 0x0c, 0xff, 0xff, 0xff, 0xff, 0xff,
    0xe0, 0x07, 0xff, 0xf2, 0x00, 0x00, 0xef, 0xf2,
    0x09, 0xff, 0xc0, 0x00, 0x00, 0x0c, 0xff, 0xff,
    0xff, 0xff, 0xff, 0xe0, 0x0a, 0xff, 0xf0, 0x00,
    0x00, 0xef, 0xf2, 0x09, 0xff, 0xc0, 0x00, 0x00,
    0x0c, 0xff, 0xc5, 0x55, 0x55, 0xaf, 0xfa, 0xbf,
    0xff, 0xe0, 0x00, 0x00, 0xef, 0xf2, 0x09, 0xff,
    0xc0, 0x00, 0x00, 0x0c, 0xff, 0x90, 0x00, 0x00,
    0x1f, 0xff, 0xff, 0xff, 0xa0, 0x00, 0x00, 0xef,
    0xf2, 0x09, 0xff, 0xc0, 0x00, 0x00, 0x0c, 0xff,
    0x90, 0x00, 0x00, 0x0c, 0xff, 0xff, 0xfd, 0x10,
    0x00, 0x00, 0xef, 0xf2, 0x09, 0xff, 0xc0, 0x00,
    0x00, 0x0c, 0xff, 0x90, 0x00, 0x00, 0x06, 0x99,
    0x98, 0x50, 0x00, 0x00, 0x00, 0xef, 0xf2, 0x09,
    0xff, 0xc0, 0x04, 0x82, 0x0c, 0xff, 0x90, 0x00,
    0x00, 0x00, 0x00, 0x00, 0x00, 0x00, 0x00, 0x00,
    0xef, 0xf2, 0x09, 0xff, 0xeb, 0xff, 0xf6, 0x0c,
    0xff, 0x90, 0x00, 0x00, 0x00, 0x00, 0x00, 0x00,
    0x68, 0x10, 0x00, 0xef, 0xf4, 0x6d, 0xff, 0xff,
    0xff, 0xf8, 0x0c, 0xff, 0x90, 0x00, 0x00, 0x00,
    0x00, 0x00, 0x00, 0x8f, 0xf9, 0x01, 0xff, 0xff,
    0xff, 0xff, 0xff, 0xff, 0xd6, 0x0c, 0xff, 0x90,
    0x00, 0x00, 0x00, 0x00, 0x00, 0x00, 0xaf, 0xf9,
    0xaf, 0xff, 0xff, 0xff, 0xff, 0xfc, 0x72, 0x00,
    0x0b, 0xff, 0xa0, 0x00, 0x00, 0x00, 0x00, 0x00,
    0x00, 0xef, 0xf7, 0x8f, 0xff, 0xff, 0xff, 0xa6,
    0x10, 0x00, 0x00, 0x0a, 0xff, 0xf7, 0x33, 0x33,
    0x33, 0x33, 0x33, 0x39, 0xff, 0xf3, 0x4f, 0xff,
    0xd9, 0x40, 0x00, 0x00, 0x00, 0x00, 0x06, 0xff,
    0xff, 0xff, 0xff, 0xff, 0xff, 0xff, 0xff, 0xff,
    0xd0, 0x0b, 0x72, 0x00, 0x00, 0x00, 0x00, 0x00,
    0x00, 0x00, 0xdf, 0xff, 0xff, 0xff, 0xff, 0xff,
    0xff, 0xff, 0xff, 0x40, 0x00, 0x00, 0x00, 0x00,
    0x00, 0x00, 0x00, 0x00, 0x00, 0x07, 0xce, 0xff,
    0xff, 0xff, 0xff, 0xff, 0xfe, 0xb4, 0x00,

    /* U+8EAB "身" */
    0x00, 0x00, 0x00, 0x00, 0x00, 0x00, 0x00, 0x00,
    0x1e, 0xca, 0x82, 0x00, 0x00, 0x00, 0x00, 0x00,
    0x00, 0x00, 0x00, 0x00, 0x00, 0x00, 0x00, 0x00,
    0x00, 0x00, 0x00, 0x6f, 0xff, 0xf1, 0x00, 0x00,
    0x00, 0x00, 0x00, 0x00, 0x00, 0x00, 0x00, 0x00,
    0x00, 0x00, 0x00, 0x00, 0x00, 0x00, 0xcf, 0xff,
    0x80, 0x00, 0x00, 0x00, 0x00, 0x00, 0x00, 0x00,
    0x00, 0x00, 0x00, 0x00, 0x00, 0x00, 0x00, 0x00,
    0x02, 0xff, 0xfe, 0x00, 0x00, 0x00, 0x00, 0x00,
    0x00, 0x00, 0x00, 0x00, 0x00, 0x00, 0x00, 0x0b,
    0xff, 0xff, 0xff, 0xff, 0xff, 0xff, 0xff, 0xff,
    0xff, 0xff, 0xff, 0x60, 0x00, 0x00, 0x00, 0x00,
    0x00, 0x00, 0x0c, 0xff, 0xff, 0xff, 0xff, 0xff,
    0xff, 0xff, 0xff, 0xff, 0xff, 0xff, 0x60, 0x00,
    0x00, 0x00, 0x00, 0x00, 0x00, 0x0c, 0xff, 0xff,
    0xff, 0xff, 0xff, 0xff, 0xff, 0xff, 0xff, 0xff,
    0xff, 0x60, 0x00, 0x00, 0x00, 0x00, 0x00, 0x00,
    0x0c, 0xff, 0xf5, 0x55, 0x55, 0x55, 0x55, 0x55,
    0x55, 0x55, 0x8f, 0xff, 0x60, 0x00, 0x00, 0x00,
    0x00, 0x00, 0x00, 0x0c, 0xff, 0xf0, 0x00, 0x00,
    0x00, 0x00, 0x00, 0x00, 0x00, 0x4f, 0xff, 0x60,
    0x00, 0x00, 0x00, 0x00, 0x00, 0x00, 0x0c, 0xff,
    0xf0, 0x00, 0x00, 0x00, 0x00, 0x00, 0x00, 0x00,
    0x4f, 0xff, 0x60, 0x00, 0x00, 0x00, 0x00, 0x00,
    0x00, 0x0c, 0xff, 0xfc, 0xcc, 0xcc, 0xcc, 0xcc,
    0xcc, 0xcc, 0xcc, 0xdf, 0xff, 0x60, 0x00, 0x00,
    0x00, 0x00, 0x00, 0x00, 0x0c, 0xff, 0xff, 0xff,
    0xff, 0xff, 0xff, 0xff, 0xff, 0xff, 0xff, 0xff,
    0x60, 0x00, 0x00, 0x00, 0x00, 0x00, 0x00, 0x0c,
    0xff, 0xff, 0xff, 0xff, 0xff, 0xff, 0xff, 0xff,
    0xff, 0xff, 0xff, 0x60, 0x00, 0x00, 0x00, 0x00,
    0x00, 0x00, 0x0c, 0xff, 0xf0, 0x00, 0x00, 0x00,
    0x00, 0x00, 0x00, 0x00, 0x4f, 0xff, 0x60, 0x02,
    0x10, 0x00, 0x00, 0x00, 0x00, 0x0c, 0xff, 0xf0,
    0x00, 0x00, 0x00, 0x00, 0x00, 0x00, 0x00, 0x4f,
    0xff, 0x60, 0x0c, 0xf9, 0x10, 0x00, 0x00, 0x00,
    0x0c, 0xff, 0xf0, 0x00, 0x00, 0x00, 0x00, 0x00,
    0x00, 0x00, 0x4f, 0xff, 0x60, 0x8f, 0xff, 0xc0,
    0x00, 0x00, 0x00, 0x0c, 0xff, 0xfc, 0xcc, 0xcc,
    0xcc, 0xcc, 0xcc, 0xcc, 0xcc, 0xdf, 0xff, 0x65,
    0xff, 0xff, 0x20, 0x00, 0x00, 0x00, 0x0c, 0xff,
    0xff, 0xff, 0xff, 0xff, 0xff, 0xff, 0xff, 0xff,
    0xff, 0xff, 0xaf, 0xff, 0xf6, 0x00, 0x00, 0x00,
    0x00, 0x0c, 0xff, 0xff, 0xff, 0xff, 0xff, 0xff,
    0xff, 0xff, 0xff, 0xff, 0xff, 0xff, 0xff, 0x90,
    0x00, 0x00, 0x00, 0x00, 0x0c, 0xff, 0xf0, 0x00,
    0x00, 0x00, 0x00, 0x00, 0x00, 0x00, 0x4f, 0xff,
    0xff, 0xfb, 0x00, 0x00, 0x00, 0x00, 0x00, 0x0c,
    0xff, 0xf0, 0x00, 0x00, 0x00, 0x00, 0x00, 0x00,
    0x00, 0x4f, 0xff, 0xff, 0xc0, 0x00, 0x00, 0x00,
    0x00, 0x00, 0x0c, 0xff, 0xf0, 0x00, 0x00, 0x00,
    0x00, 0x00, 0x00, 0x00, 0x5f, 0xff, 0xfc, 0x10,
    0x00, 0x00, 0x00, 0xdd, 0xdd, 0xdf, 0xff, 0xfd,
    0xdd, 0xdd, 0xdd, 0xdd, 0xdd, 0xdd, 0xdd, 0xff,
    0xff, 0xc1, 0x00, 0x00, 0x00, 0x00, 0xff, 0xff,
    0xff, 0xff, 0xff, 0xff, 0xff, 0xff, 0xff, 0xff,
    0xff, 0xff, 0xff, 0xff, 0x60, 0x00, 0x00, 0x00,
    0x00, 0xff, 0xff, 0xff, 0xff, 0xff, 0xff, 0xff,
    0xff, 0xff, 0xff, 0xff, 0xff, 0xff, 0xff, 0x60,
    0x00, 0x00, 0x00, 0x00, 0x77, 0x77, 0x77, 0x77,
    0x77, 0x77, 0x77, 0x77, 0x77, 0x7d, 0xff, 0xff,
    0xff, 0xff, 0x60, 0x00, 0x00, 0x00, 0x00, 0x00,
    0x00, 0x00, 0x00, 0x00, 0x00, 0x00, 0x00, 0x02,
    0xcf, 0xff, 0xfd, 0x7f, 0xff, 0x60, 0x00, 0x00,
    0x00, 0x00, 0x00, 0x00, 0x00, 0x00, 0x00, 0x00,
    0x00, 0x01, 0x8f, 0xff, 0xff, 0xa0, 0x4f, 0xff,
    0x60, 0x00, 0x00, 0x00, 0x00, 0x00, 0x00, 0x00,
    0x00, 0x00, 0x00, 0x00, 0x7e, 0xff, 0xff, 0xe4,
    0x00, 0x4f, 0xff, 0x60, 0x00, 0x00, 0x00, 0x00,
    0x00, 0x00, 0x00, 0x00, 0x00, 0x01, 0x7e, 0xff,
    0xff, 0xf9, 0x00, 0x00, 0x4f, 0xff, 0x60, 0x00,
    0x00, 0x00, 0x00, 0x00, 0x00, 0x00, 0x00, 0x02,
    0x9f, 0xff, 0xff, 0xfc, 0x30, 0x00, 0x00, 0x4f,
    0xff, 0x60, 0x00, 0x00, 0x00, 0x00, 0x00, 0x00,
    0x00, 0x05, 0xbf, 0xff, 0xff, 0xfd, 0x40, 0x00,
    0x00, 0x00, 0x4f, 0xff, 0x60, 0x00, 0x00, 0x00,
    0x00, 0x00, 0x00, 0x49, 0xff, 0xff, 0xff, 0xfc,
    0x50, 0x00, 0x00, 0x00, 0x00, 0x4f, 0xff, 0x60,
    0x00, 0x00, 0x00, 0x00, 0x04, 0x9e, 0xff, 0xff,
    0xff, 0xfb, 0x40, 0x00, 0x09, 0xa9, 0x99, 0x99,
    0xdf, 0xff, 0x50, 0x00, 0x00, 0x00, 0x0b, 0xff,
    0xff, 0xff, 0xff, 0xf9, 0x20, 0x00, 0x00, 0x09,
    0xff, 0xff, 0xff, 0xff, 0xff, 0x20, 0x00, 0x00,
    0x00, 0x06, 0xff, 0xff, 0xff, 0xc6, 0x00, 0x00,
    0x00, 0x00, 0x03, 0xff, 0xff, 0xff, 0xff, 0xfa,
    0x00, 0x00, 0x00, 0x00, 0x00, 0xaf, 0xfc, 0x71,
    0x00, 0x00, 0x00, 0x00, 0x00, 0x00, 0xef, 0xff,
    0xff, 0xda, 0x50, 0x00, 0x00, 0x00, 0x00, 0x00,
    0x16, 0x10, 0x00, 0x00, 0x00, 0x00, 0x00, 0x00,
    0x00, 0x11, 0x11, 0x00, 0x00, 0x00, 0x00, 0x00,
    0x00, 0x00,

    /* U+8F6C "转" */
    0x00, 0x00, 0x00, 0x2a, 0x74, 0x10, 0x00, 0x00,
    0x00, 0x00, 0x00, 0x00, 0x05, 0x98, 0x61, 0x00,
    0x00, 0x00, 0x00, 0x00, 0x00, 0x00, 0x5f, 0xff,
    0x70, 0x00, 0x00, 0x00, 0x00, 0x00, 0x00, 0x0b,
    0xff, 0xf2, 0x00, 0x00, 0x00, 0x00, 0x00, 0x00,
    0x00, 0x8f, 0xff, 0x30, 0x00, 0x00, 0x00, 0x00,
    0x00, 0x00, 0x0e, 0xff, 0xe0, 0x00, 0x00, 0x00,
    0x00, 0x00, 0x00, 0x00, 0xbf, 0xff, 0x00, 0x00,
    0x00, 0x00, 0x00, 0x00, 0x00, 0x3f, 0xff, 0xa0,
    0x00, 0x00, 0x00, 0x00, 0x14, 0x44, 0x44, 0xff,
    0xfd, 0x44, 0x44, 0x44, 0x02, 0x44, 0x44, 0x44,
    0x9f, 0xff, 0x94, 0x44, 0x44, 0x44, 0x00, 0x3f,
    0xff, 0xff, 0xff, 0xff, 0xff, 0xff, 0xfe, 0x07,
    0xff, 0xff, 0xff, 0xff, 0xff, 0xff, 0xff, 0xff,
    0xff, 0x10, 0x3f, 0xff, 0xff, 0xff, 0xff, 0xff,
    0xff, 0xfe, 0x07, 0xff, 0xff, 0xff, 0xff, 0xff,
    0xff, 0xff, 0xff, 0xff, 0x10, 0x3f, 0xff, 0xff,
    0xff, 0xff, 0xff, 0xff, 0xfe, 0x07, 0xff, 0xff,
    0xff, 0xff, 0xff, 0xff, 0xff, 0xff, 0xff, 0x10,
    0x03, 0x33, 0x3f, 0xff, 0x93, 0x33, 0x33, 0x33,
    0x01, 0x33, 0x33, 0x39, 0xff, 0xf7, 0x33, 0x33,
    0x33, 0x33, 0x00, 0x00, 0x00, 0x3f, 0xff, 0x30,
    0x00, 0x00, 0x00, 0x00, 0x00, 0x00, 0x0b, 0xff,
    0xf1, 0x00, 0x00, 0x00, 0x00, 0x00, 0x00, 0x00,
    0x8f, 0xfd, 0x00, 0x00, 0x00, 0x00, 0x00, 0x00,
    0x00, 0x0f, 0xff, 0xd0, 0x00, 0x00, 0x00, 0x00,
    0x00, 0x00, 0x00, 0xdf, 0xf7, 0x7c, 0xcc, 0x10,
    0x00, 0x00, 0x00, 0x00, 0x4f, 0xff, 0x90, 0x00,
    0x00, 0x00, 0x00, 0x00, 0x00, 0x02, 0xff, 0xf2,
    0x8f, 0xff, 0x20, 0x00, 0x79, 0x99, 0x99, 0xcf,
    0xff, 0xb9, 0x99, 0x99, 0x99, 0x99, 0x94, 0x00,
    0x08, 0xff, 0xb0, 0x8f, 0xff, 0x20, 0x00, 0xdf,
    0xff, 0xff, 0xff, 0xff, 0xff, 0xff, 0xff, 0xff,
    0xff, 0xf7, 0x00, 0x0e, 0xff, 0x50, 0x8f, 0xff,
    0x20, 0x00, 0xdf, 0xff, 0xff, 0xff, 0xff, 0xff,
    0xff, 0xff, 0xff, 0xff, 0xf7, 0x00, 0x4f, 0xfe,
    0x00, 0x8f, 0xff, 0x20, 0x00, 0xcf, 0xff, 0xff,
    0xff, 0xff, 0xff, 0xff, 0xff, 0xff, 0xff, 0xf7,
    0x00, 0xcf, 0xf7, 0x00, 0x8f, 0xff, 0x20, 0x00,
    0x00, 0x00, 0x0b, 0xff, 0xf3, 0x00, 0x00, 0x00,
    0x00, 0x00, 0x00, 0x07, 0xff, 0xfc, 0xbb, 0xdf,
    0xff, 0xbb, 0xb8, 0x00, 0x00, 0x0f, 0xff, 0xe0,
    0x00, 0x00, 0x00, 0x00, 0x00, 0x00, 0x0b, 0xff,
    0xff, 0xff, 0xff, 0xff, 0xff, 0xfc, 0x00, 0x00,
    0x5f, 0xff, 0xa0, 0x00, 0x00, 0x00, 0x00, 0x00,
    0x00, 0x05, 0xff, 0xff, 0xff, 0xff, 0xff, 0xff,
    0xfc, 0x00, 0x00, 0xaf, 0xff, 0x60, 0x00, 0x00,
    0x00, 0x13, 0x00, 0x00, 0x00, 0xfd, 0xbb, 0xbb,
    0xef, 0xff, 0xcb, 0xb8, 0x00, 0x00, 0xef, 0xff,
    0xff, 0xff, 0xff, 0xff, 0xff, 0xd6, 0x00, 0x00,
    0x10, 0x00, 0x00, 0x8f, 0xff, 0x20, 0x00, 0x00,
    0x04, 0xff, 0xff, 0xff, 0xff, 0xff, 0xff, 0xff,
    0xfe, 0x10, 0x00, 0x00, 0x00, 0x00, 0x8f, 0xff,
    0x20, 0x00, 0x00, 0x09, 0xff, 0xff, 0xff, 0xff,
    0xff, 0xff, 0xff, 0xf4, 0x00, 0x00, 0x00, 0x00,
    0x00, 0x8f, 0xff, 0x20, 0x00, 0x00, 0x06, 0x77,
    0x87, 0x77, 0x77, 0x77, 0xff, 0xff, 0x80, 0x00,
    0x00, 0x00, 0x00, 0x00, 0x8f, 0xff, 0x20, 0x03,
    0x40, 0x00, 0x00, 0x00, 0x00, 0x00, 0x08, 0xff,
    0xfc, 0x00, 0x00, 0x00, 0x00, 0x00, 0x00, 0x9f,
    0xff, 0xcd, 0xff, 0xe0, 0x00, 0x00, 0x00, 0x00,
    0x00, 0x4f, 0xff, 0xe2, 0x00, 0x00, 0x01, 0x35,
    0x8a, 0xce, 0xff, 0xff, 0xff, 0xff, 0xf0, 0x00,
    0x00, 0x20, 0x00, 0x02, 0xef, 0xff, 0x40, 0x00,
    0x00, 0x6f, 0xff, 0xff, 0xff, 0xff, 0xff, 0xff,
    0xff, 0xd0, 0x00, 0x0b, 0xf9, 0x10, 0x0c, 0xff,
    0xf8, 0x00, 0x00, 0x00, 0x3f, 0xff, 0xff, 0xff,
    0xff, 0xff, 0xa6, 0x30, 0x00, 0x00, 0xbf, 0xff,
    0xf7, 0xaf, 0xff, 0xb0, 0x00, 0x00, 0x00, 0x0f,
    0xff, 0xfd, 0xb8, 0xbf, 0xff, 0x20, 0x00, 0x00,
    0x00, 0x7f, 0xff, 0xff, 0xff, 0xfe, 0x10, 0x00,
    0x00, 0x00, 0x07, 0x63, 0x00, 0x00, 0x8f, 0xff,
    0x20, 0x00, 0x00, 0x00, 0x01, 0xaf, 0xff, 0xff,
    0xf3, 0x00, 0x00, 0x00, 0x00, 0x00, 0x00, 0x00,
    0x00, 0x8f, 0xff, 0x20, 0x00, 0x00, 0x00, 0x00,
    0x05, 0xef, 0xff, 0xfd, 0x30, 0x00, 0x00, 0x00,
    0x00, 0x00, 0x00, 0x00, 0x8f, 0xff, 0x20, 0x00,
    0x00, 0x00, 0x00, 0x00, 0x1b, 0xff, 0xff, 0xf7,
    0x00, 0x00, 0x00, 0x00, 0x00, 0x00, 0x00, 0x8f,
    0xff, 0x20, 0x00, 0x00, 0x00, 0x00, 0x00, 0x00,
    0x6f, 0xff, 0xff, 0xb0, 0x00, 0x00, 0x00, 0x00,
    0x00, 0x00, 0x8f, 0xff, 0x20, 0x00, 0x00, 0x00,
    0x00, 0x00, 0x00, 0x02, 0xdf, 0xff, 0xf8, 0x00,
    0x00, 0x00, 0x00, 0x00, 0x00, 0x8f, 0xff, 0x20,
    0x00, 0x00, 0x00, 0x00, 0x00, 0x00, 0x00, 0x0b,
    0xff, 0xc0, 0x00, 0x00, 0x00, 0x00, 0x00, 0x00,
    0x8f, 0xff, 0x20, 0x00, 0x00, 0x00, 0x00, 0x00,
    0x00, 0x00, 0x00, 0x8d, 0x10, 0x00, 0x00, 0x00,
    0x00, 0x00, 0x00, 0x00, 0x00, 0x00, 0x00, 0x00,
    0x00, 0x00, 0x00, 0x00, 0x00, 0x00, 0x01, 0x00,
    0x00, 0x00,

    /* U+8F74 "轴" */
    0x00, 0x00, 0x00, 0x59, 0x63, 0x00, 0x00, 0x00,
    0x00, 0x00, 0x00, 0x00, 0x0c, 0xcc, 0x90, 0x00,
    0x00, 0x00, 0x00, 0x00, 0x00, 0x09, 0xff, 0xf3,
    0x00, 0x00, 0x00, 0x00, 0x00, 0x00, 0x00, 0xff,
    0xfc, 0x00, 0x00, 0x00, 0x00, 0x00, 0x00, 0x00,
    0xbf, 0xff, 0x00, 0x00, 0x00, 0x00, 0x00, 0x00,
    0x00, 0x0f, 0xff, 0xc0, 0x00, 0x00, 0x00, 0x00,
    0x00, 0x00, 0x0e, 0xff, 0xc0, 0x00, 0x00, 0x00,
    0x00, 0x00, 0x00, 0x00, 0xff, 0xfc, 0x00, 0x00,
    0x00, 0x00, 0x05, 0x55, 0x56, 0xff, 0xfb, 0x55,
    0x55, 0x54, 0x00, 0x00, 0x00, 0x00, 0x0f, 0xff,
    0xc0, 0x00, 0x00, 0x00, 0x01, 0xff, 0xff, 0xff,
    0xff, 0xff, 0xff, 0xff, 0xc0, 0x00, 0x00, 0x00,
    0x00, 0xff, 0xfc, 0x00, 0x00, 0x00, 0x00, 0x1f,
    0xff, 0xff, 0xff, 0xff, 0xff, 0xff, 0xfc, 0x00,
    0x00, 0x00, 0x00, 0x0f, 0xff, 0xc0, 0x00, 0x00,
    0x00, 0x01, 0xff, 0xff, 0xff, 0xff, 0xff, 0xff,
    0xff, 0xc0, 0x00, 0x00, 0x00, 0x00, 0xff, 0xfc,
    0x00, 0x00, 0x00, 0x00, 0x03, 0x33, 0x4f, 0xff,
    0x93, 0x33, 0x33, 0x32, 0x01, 0x22, 0x22, 0x22,
    0x2f, 0xff, 0xd2, 0x22, 0x22, 0x22, 0x10, 0x00,
    0x05, 0xff, 0xf2, 0x00, 0x00, 0x00, 0x00, 0x9f,
    0xff, 0xff, 0xff, 0xff, 0xff, 0xff, 0xff, 0xff,
    0xf8, 0x00, 0x00, 0xaf, 0xfd, 0x00, 0x00, 0x00,
    0x00, 0x09, 0xff, 0xff, 0xff, 0xff, 0xff, 0xff,
    0xff, 0xff, 0xff, 0x80, 0x00, 0x0e, 0xff, 0x82,
    0xee, 0xe3, 0x00, 0x00, 0x9f, 0xff, 0xff, 0xff,
    0xff, 0xff, 0xff, 0xff, 0xff, 0xf8, 0x00, 0x03,
    0xff, 0xf3, 0x2f, 0xff, 0x30, 0x00, 0x09, 0xff,
    0xd3, 0x33, 0x3e, 0xff, 0xb3, 0x33, 0x3f, 0xff,
    0x80, 0x00, 0x8f, 0xfd, 0x02, 0xff, 0xf3, 0x00,
    0x00, 0x9f, 0xfd, 0x00, 0x00, 0xdf, 0xfa, 0x00,
    0x00, 0xff, 0xf8, 0x00, 0x0e, 0xff, 0x70, 0x2f,
    0xff, 0x30, 0x00, 0x09, 0xff, 0xd0, 0x00, 0x0d,
    0xff, 0xa0, 0x00, 0x0f, 0xff, 0x80, 0x04, 0xff,
    0xf1, 0x02, 0xff, 0xf3, 0x00, 0x00, 0x9f, 0xfd,
    0x00, 0x00, 0xdf, 0xfa, 0x00, 0x00, 0xff, 0xf8,
    0x00, 0xcf, 0xfb, 0x00, 0x2f, 0xff, 0x30, 0x00,
    0x09, 0xff, 0xd0, 0x00, 0x0d, 0xff, 0xa0, 0x00,
    0x0f, 0xff, 0x80, 0x7f, 0xff, 0xfe, 0xee, 0xff,
    0xfe, 0xee, 0xa0, 0x9f, 0xfd, 0x00, 0x00, 0xdf,
    0xfa, 0x00, 0x00, 0xff, 0xf8, 0x0a, 0xff, 0xff,
    0xff, 0xff, 0xff, 0xff, 0xfc, 0x09, 0xff, 0xd0,
    0x00, 0x0d, 0xff, 0xa0, 0x00, 0x0f, 0xff, 0x80,
    0x4f, 0xff, 0xff, 0xff, 0xff, 0xff, 0xff, 0xc0,
    0x9f, 0xfd, 0x11, 0x11, 0xdf, 0xfa, 0x11, 0x11,
    0xff, 0xf8, 0x00, 0xda, 0x88, 0x88, 0x9f, 0xff,
    0xa8, 0x86, 0x09, 0xff, 0xff, 0xff, 0xff, 0xff,
    0xff, 0xff, 0xff, 0xff, 0x80, 0x00, 0x00, 0x00,
    0x02, 0xff, 0xf3, 0x00, 0x00, 0x9f, 0xff, 0xff,
    0xff, 0xff, 0xff, 0xff, 0xff, 0xff, 0xf8, 0x00,
    0x00, 0x00, 0x00, 0x2f, 0xff, 0x30, 0x00, 0x09,
    0xff, 0xff, 0xff, 0xff, 0xff, 0xff, 0xff, 0xff,
    0xff, 0x80, 0x00, 0x00, 0x00, 0x02, 0xff, 0xf3,
    0x00, 0x00, 0x9f, 0xfe, 0x55, 0x55, 0xef, 0xfc,
    0x55, 0x55, 0xff, 0xf8, 0x00, 0x00, 0x00, 0x00,
    0x2f, 0xff, 0x30, 0x35, 0x09, 0xff, 0xd0, 0x00,
    0x0d, 0xff, 0xa0, 0x00, 0x0f, 0xff, 0x80, 0x00,
    0x00, 0x00, 0x04, 0xff, 0xfe, 0xff, 0xe0, 0x9f,
    0xfd, 0x00, 0x00, 0xdf, 0xfa, 0x00, 0x00, 0xff,
    0xf8, 0x00, 0x35, 0x8b, 0xdf, 0xff, 0xff, 0xff,
    0xff, 0x09, 0xff, 0xd0, 0x00, 0x0d, 0xff, 0xa0,
    0x00, 0x0f, 0xff, 0x85, 0xff, 0xff, 0xff, 0xff,
    0xff, 0xff, 0xff, 0xf0, 0x9f, 0xfd, 0x00, 0x00,
    0xdf, 0xfa, 0x00, 0x00, 0xff, 0xf8, 0x3f, 0xff,
    0xff, 0xff, 0xff, 0xff, 0xb7, 0x30, 0x09, 0xff,
    0xd0, 0x00, 0x0d, 0xff, 0xa0, 0x00, 0x0f, 0xff,
    0x80, 0xff, 0xff, 0xfd, 0xa8, 0xff, 0xf3, 0x00,
    0x00, 0x9f, 0xfd, 0x00, 0x00, 0xdf, 0xfa, 0x00,
    0x00, 0xff, 0xf8, 0x0a, 0xa6, 0x30, 0x00, 0x2f,
    0xff, 0x30, 0x00, 0x09, 0xff, 0xd0, 0x00, 0x0d,
    0xff, 0xa0, 0x00, 0x0f, 0xff, 0x80, 0x00, 0x00,
    0x00, 0x02, 0xff, 0xf3, 0x00, 0x00, 0x9f, 0xfd,
    0x11, 0x11, 0xdf, 0xfa, 0x11, 0x11, 0xff, 0xf8,
    0x00, 0x00, 0x00, 0x00, 0x2f, 0xff, 0x30, 0x00,
    0x09, 0xff, 0xff, 0xff, 0xff, 0xff, 0xff, 0xff,
    0xff, 0xff, 0x80, 0x00, 0x00, 0x00, 0x02, 0xff,
    0xf3, 0x00, 0x00, 0x9f, 0xff, 0xff, 0xff, 0xff,
    0xff, 0xff, 0xff, 0xff, 0xf8, 0x00, 0x00, 0x00,
    0x00, 0x2f, 0xff, 0x30, 0x00, 0x09, 0xff, 0xff,
    0xff, 0xff, 0xff, 0xff, 0xff, 0xff, 0xff, 0x80,
    0x00, 0x00, 0x00, 0x02, 0xff, 0xf3, 0x00, 0x00,
    0x9f, 0xfd, 0x44, 0x44, 0x44, 0x44, 0x44, 0x44,
    0xff, 0xf8, 0x00, 0x00, 0x00, 0x00, 0x2f, 0xff,
    0x30, 0x00, 0x09, 0xff, 0xd0, 0x00, 0x00, 0x00,
    0x00, 0x00, 0x0f, 0xff, 0x80, 0x00, 0x00, 0x00,
    0x00, 0x00, 0x00, 0x00, 0x00, 0x00, 0x00, 0x00,
    0x00, 0x00, 0x00, 0x00, 0x00, 0x00, 0x00,

    /* U+8FDB "进" */
    0x00, 0x02, 0xb3, 0x00, 0x00, 0x00, 0x00, 0x00,
    0x00, 0xdd, 0xd9, 0x00, 0x00, 0x08, 0xcc, 0xc1,
    0x00, 0x00, 0x00, 0x00, 0x5f, 0xff, 0x40, 0x00,
    0x00, 0x00, 0x00, 0x00, 0xff, 0xfb, 0x00, 0x00,
    0x0a, 0xff, 0xf1, 0x00, 0x00, 0x00, 0x00, 0xaf,
    0xff, 0xf4, 0x00, 0x00, 0x00, 0x00, 0x00, 0xff,
    0xfb, 0x00, 0x00, 0x0a, 0xff, 0xf1, 0x00, 0x00,
    0x00, 0x00, 0x0a, 0xff, 0xff, 0x40, 0x00, 0x00,
    0x00, 0x00, 0xff, 0xfb, 0x00, 0x00, 0x0a, 0xff,
    0xf1, 0x00, 0x00, 0x00, 0x00, 0x00, 0xbf, 0xff,
    0xf3, 0x00, 0x00, 0x00, 0x00, 0xff, 0xfb, 0x00,
    0x00, 0x0a, 0xff, 0xf1, 0x00, 0x00, 0x00, 0x00,
    0x00, 0x0b, 0xff, 0xff, 0x20, 0x00, 0x00, 0x00,
    0xff, 0xfb, 0x00, 0x00, 0x0a, 0xff, 0xf1, 0x00,
    0x00, 0x00, 0x00, 0x00, 0x00, 0xdf, 0xff, 0xa0,
    0x4b, 0xbb, 0xbb, 0xff, 0xfe, 0xbb, 0xbb, 0xbe,
    0xff, 0xfb, 0xbb, 0xbb, 0x00, 0x00, 0x00, 0x00,
    0x1e, 0xfa, 0x00, 0x6f, 0xff, 0xff, 0xff, 0xff,
    0xff, 0xff, 0xff, 0xff, 0xff, 0xff, 0xff, 0x00,
    0x00, 0x00, 0x00, 0x04, 0x70, 0x00, 0x6f, 0xff,
    0xff, 0xff, 0xff, 0xff, 0xff, 0xff, 0xff, 0xff,
    0xff, 0xff, 0x00, 0x00, 0x00, 0x00, 0x00, 0x00,
    0x00, 0x6f, 0xff, 0xff, 0xff, 0xff, 0xff, 0xff,
    0xff, 0xff, 0xff, 0xff, 0xff, 0x00, 0x00, 0x00,
    0x00, 0x00, 0x00, 0x00, 0x00, 0x00, 0x00, 0xff,
    0xfb, 0x00, 0x00, 0x0a, 0xff, 0xf1, 0x00, 0x00,
    0x00, 0x00, 0x00, 0x00, 0x00, 0x00, 0x00, 0x00,
    0x00, 0x00, 0xff, 0xfb, 0x00, 0x00, 0x0a, 0xff,
    0xf1, 0x00, 0x00, 0x00, 0x00, 0x00, 0x00, 0x00,
    0x00, 0x00, 0x00, 0x00, 0x00, 0xff, 0xfb, 0x00,
    0x00, 0x0a, 0xff, 0xf1, 0x00, 0x00, 0x00, 0x04,
    0x44, 0x44, 0x44, 0x43, 0x00, 0x00, 0x00, 0x00,
    0xff, 0xfb, 0x00, 0x00, 0x0a, 0xff, 0xf1, 0x00,
    0x00, 0x00, 0x2f, 0xff, 0xff, 0xff, 0xfb, 0x00,
    0x00, 0x00, 0x01, 0xff, 0xfb, 0x00, 0x00, 0x0a,
    0xff, 0xf1, 0x00, 0x00, 0x00, 0x2f, 0xff, 0xff,
    0xff, 0xfb, 0x00, 0x00, 0x00, 0x01, 0xff, 0xfa,
    0x00, 0x00, 0x0a, 0xff, 0xf1, 0x00, 0x00, 0x00,
    0x2f, 0xff, 0xff, 0xff, 0xfb, 0x00, 0x69, 0x99,
    0x9a, 0xff, 0xfd, 0x99, 0x99, 0x9d, 0xff, 0xfa,
    0x99, 0x99, 0x70, 0x03, 0x33, 0x33, 0xff, 0xfb,
    0x00, 0xbf, 0xff, 0xff, 0xff, 0xff, 0xff, 0xff,
    0xff, 0xff, 0xff, 0xff, 0xff, 0xc0, 0x00, 0x00,
    0x00, 0xff, 0xfb, 0x00, 0xbf, 0xff, 0xff, 0xff,
    0xff, 0xff, 0xff, 0xff, 0xff, 0xff, 0xff, 0xff,
    0xc0, 0x00, 0x00, 0x00, 0xff, 0xfb, 0x00, 0xbf,
    0xff, 0xff, 0xff, 0xff, 0xff, 0xff, 0xff, 0xff,
    0xff, 0xff, 0xff, 0xc0, 0x00, 0x00, 0x00, 0xff,
    0xfb, 0x00, 0x00, 0x00, 0x0c, 0xff, 0xf2, 0x00,
    0x00, 0x0a, 0xff, 0xf2, 0x00, 0x00, 0x00, 0x00,
    0x00, 0x00, 0xff, 0xfb, 0x00, 0x00, 0x00, 0x1f,
    0xff, 0xe0, 0x00, 0x00, 0x0a, 0xff, 0xf1, 0x00,
    0x00, 0x00, 0x00, 0x00, 0x00, 0xff, 0xfb, 0x00,
    0x00, 0x00, 0x7f, 0xff, 0x90, 0x00, 0x00, 0x0a,
    0xff, 0xf1, 0x00, 0x00, 0x00, 0x00, 0x00, 0x00,
    0xff, 0xfb, 0x00, 0x00, 0x00, 0xef, 0xff, 0x40,
    0x00, 0x00, 0x0a, 0xff, 0xf1, 0x00, 0x00, 0x00,
    0x00, 0x00, 0x00, 0xff, 0xfb, 0x00, 0x00, 0x08,
    0xff, 0xfd, 0x00, 0x00, 0x00, 0x0a, 0xff, 0xf1,
    0x00, 0x00, 0x00, 0x00, 0x00, 0x00, 0xff, 0xfb,
    0x00, 0x00, 0x4f, 0xff, 0xf6, 0x00, 0x00, 0x00,
    0x0a, 0xff, 0xf1, 0x00, 0x00, 0x00, 0x00, 0x00,
    0x00, 0xff, 0xfb, 0x00, 0x04, 0xff, 0xff, 0xd0,
    0x00, 0x00, 0x00, 0x0a, 0xff, 0xf1, 0x00, 0x00,
    0x00, 0x00, 0x00, 0x00, 0xff, 0xfb, 0x00, 0x0b,
    0xff, 0xff, 0x20, 0x00, 0x00, 0x00, 0x0a, 0xff,
    0xf1, 0x00, 0x00, 0x00, 0x00, 0x00, 0x5e, 0xff,
    0xff, 0x40, 0x00, 0xbf, 0xf5, 0x00, 0x00, 0x00,
    0x00, 0x0a, 0xff, 0xf1, 0x00, 0x00, 0x00, 0x00,
    0x08, 0xff, 0xff, 0xff, 0xf8, 0x00, 0x0b, 0x50,
    0x00, 0x00, 0x00, 0x00, 0x07, 0xbb, 0xb0, 0x00,
    0x00, 0x00, 0x00, 0xaf, 0xff, 0xfc, 0xef, 0xff,
    0xd5, 0x00, 0x00, 0x00, 0x00, 0x00, 0x00, 0x00,
    0x00, 0x00, 0x00, 0x00, 0x00, 0x0b, 0xff, 0xff,
    0x50, 0x0a, 0xff, 0xff, 0xea, 0x74, 0x21, 0x00,
    0x00, 0x00, 0x01, 0x22, 0x34, 0x57, 0x9b, 0xd7,
    0x8f, 0xff, 0xf6, 0x00, 0x00, 0x6f, 0xff, 0xff,
    0xff, 0xff, 0xff, 0xff, 0xff, 0xff, 0xff, 0xff,
    0xff, 0xff, 0xf1, 0x2f, 0xff, 0x90, 0x00, 0x00,
    0x02, 0xaf, 0xff, 0xff, 0xff, 0xff, 0xff, 0xff,
    0xff, 0xff, 0xff, 0xff, 0xff, 0xd0, 0x05, 0xfd,
    0x00, 0x00, 0x00, 0x00, 0x02, 0x8d, 0xff, 0xff,
    0xff, 0xff, 0xff, 0xff, 0xff, 0xff, 0xff, 0xff,
    0xa0, 0x00, 0x93, 0x00, 0x00, 0x00, 0x00, 0x00,
    0x00, 0x03, 0x56, 0x78, 0x88, 0x88, 0x77, 0x76,
    0x65, 0x44, 0x32, 0x10, 0x00, 0x00, 0x00, 0x00,
    0x00, 0x00, 0x00, 0x00, 0x00, 0x00, 0x00, 0x00,
    0x00, 0x00, 0x00, 0x00, 0x00, 0x00, 0x00,

    /* U+9010 "逐" */
    0x00, 0x03, 0x10, 0x00, 0x00, 0x00, 0x00, 0x00,
    0x00, 0x00, 0x00, 0x00, 0x00, 0x00, 0x00, 0x00,
    0x00, 0x00, 0x00, 0x00, 0x8f, 0xd2, 0x00, 0x00,
    0x0d, 0xff, 0xff, 0xff, 0xff, 0xff, 0xff, 0xff,
    0xff, 0xff, 0xff, 0xff, 0xff, 0x30, 0x0b, 0xff,
    0xfe, 0x20, 0x00, 0x0e, 0xff, 0xff, 0xff, 0xff,
    0xff, 0xff, 0xff, 0xff, 0xff, 0xff, 0xff, 0xff,
    0x40, 0x02, 0xef, 0xff, 0xe2, 0x00, 0x0e, 0xff,
    0xff, 0xff, 0xff, 0xff, 0xff, 0xff, 0xff, 0xff,
    0xff, 0xff, 0xff, 0x40, 0x00, 0x2e, 0xff, 0xfd,
    0x10, 0x02, 0x33, 0x33, 0x33, 0x33, 0xbf, 0xff,
    0xf4, 0x33, 0x33, 0x33, 0x33, 0x33, 0x00, 0x00,
    0x02, 0xff, 0xff, 0xc0, 0x00, 0x00, 0x00, 0x00,
    0x0a, 0xff, 0xff, 0x30, 0x00, 0x00, 0x00, 0x00,
    0x00, 0x00, 0x00, 0x00, 0x4f, 0xff, 0xf9, 0x00,
    0x00, 0x00, 0x03, 0xdf, 0xff, 0xe3, 0x00, 0x00,
    0x00, 0x00, 0x00, 0x00, 0x00, 0x00, 0x00, 0x06,
    0xff, 0xe4, 0x00, 0x00, 0x01, 0x9f, 0xff, 0xff,
    0xd1, 0x00, 0x00, 0x00, 0x00, 0xb8, 0x00, 0x00,
    0x00, 0x00, 0x00, 0xac, 0x10, 0x00, 0x00, 0x7e,
    0xff, 0xff, 0xff, 0xfc, 0x00, 0x00, 0x00, 0x0a,
    0xff, 0xd4, 0x00, 0x00, 0x00, 0x00, 0x00, 0x00,
    0x01, 0x7e, 0xff, 0xff, 0xf6, 0x6f, 0xff, 0xa0,
    0x00, 0x00, 0x8f, 0xff, 0xf4, 0x00, 0x00, 0x00,
    0x00, 0x00, 0x00, 0x9f, 0xff, 0xff, 0xfb, 0x20,
    0x08, 0xff, 0xf6, 0x00, 0x08, 0xff, 0xff, 0x40,
    0x00, 0x00, 0x00, 0x00, 0x00, 0x00, 0x3f, 0xff,
    0xfd, 0x50, 0x00, 0x0a, 0xff, 0xfe, 0x10, 0x9f,
    0xff, 0xe3, 0x00, 0x00, 0x00, 0x00, 0x00, 0x00,
    0x00, 0x05, 0xfe, 0x60, 0x00, 0x01, 0xcf, 0xff,
    0xff, 0x8a, 0xff, 0xfe, 0x20, 0x00, 0x00, 0x27,
    0x77, 0x77, 0x77, 0x70, 0x00, 0x30, 0x00, 0x00,
    0x5e, 0xff, 0xfd, 0xff, 0xff, 0xff, 0xc1, 0x00,
    0x00, 0x00, 0x6f, 0xff, 0xff, 0xff, 0xf1, 0x00,
    0x00, 0x00, 0x2b, 0xff, 0xfe, 0x43, 0xff, 0xff,
    0xfa, 0x00, 0x00, 0x00, 0x00, 0x6f, 0xff, 0xff,
    0xff, 0xf1, 0x00, 0x00, 0x19, 0xff, 0xff, 0xb1,
    0x00, 0xcf, 0xff, 0xf9, 0x00, 0x00, 0x00, 0x00,
    0x6f, 0xff, 0xff, 0xff, 0xf1, 0x00, 0x29, 0xff,
    0xff, 0xf7, 0x00, 0x01, 0xef, 0xff, 0xff, 0xb1,
    0x00, 0x00, 0x00, 0x00, 0x00, 0x09, 0xff, 0xf1,
    0x08, 0xff, 0xff, 0xfb, 0x20, 0x00, 0x1d, 0xff,
    0xff, 0xff, 0xfd, 0x10, 0x00, 0x00, 0x00, 0x00,
    0x09, 0xff, 0xf1, 0x01, 0xdf, 0xfd, 0x50, 0x00,
    0x02, 0xef, 0xff, 0xff, 0xff, 0xff, 0xe2, 0x00,
    0x00, 0x00, 0x00, 0x09, 0xff, 0xf1, 0x00, 0x2d,
    0x60, 0x00, 0x00, 0x5f, 0xff, 0xff, 0xff, 0xbc,
    0xff, 0xfe, 0x30, 0x00, 0x00, 0x00, 0x09, 0xff,
    0xf1, 0x00, 0x00, 0x00, 0x00, 0x1a, 0xff, 0xff,
    0x4b, 0xff, 0xc0, 0xbf, 0xff, 0xe2, 0x00, 0x00,
    0x00, 0x09, 0xff, 0xf1, 0x00, 0x00, 0x00, 0x06,
    0xef, 0xff, 0xd2, 0x0b, 0xff, 0xc0, 0x0b, 0xff,
    0xfe, 0x10, 0x00, 0x00, 0x09, 0xff, 0xf1, 0x00,
    0x00, 0x05, 0xdf, 0xff, 0xfa, 0x10, 0x0c, 0xff,
    0xc0, 0x00, 0xcf, 0xff, 0xc0, 0x00, 0x00, 0x09,
    0xff, 0xf1, 0x00, 0x16, 0xdf, 0xff, 0xfe, 0x50,
    0x00, 0x0e, 0xff, 0xb0, 0x00, 0x1d, 0xff, 0x50,
    0x00, 0x00, 0x09, 0xff, 0xf1, 0x4a, 0xff, 0xff,
    0xff, 0xa1, 0x00, 0x00, 0x2f, 0xff, 0x90, 0x00,
    0x02, 0xe4, 0x00, 0x00, 0x00, 0x09, 0xff, 0xf1,
    0x3f, 0xff, 0xff, 0xb3, 0x00, 0x00, 0x00, 0x9f,
    0xff, 0x50, 0x00, 0x00, 0x00, 0x00, 0x00, 0x00,
    0x09, 0xff, 0xf1, 0x06, 0xff, 0xa3, 0x00, 0x00,
    0x00, 0x06, 0xff, 0xff, 0x10, 0x00, 0x00, 0x00,
    0x00, 0x00, 0x00, 0x09, 0xff, 0xf1, 0x00, 0x51,
    0x00, 0x00, 0x5f, 0xee, 0xff, 0xff, 0xf8, 0x00,
    0x00, 0x00, 0x00, 0x00, 0x00, 0x00, 0x0a, 0xff,
    0xf8, 0x00, 0x00, 0x00, 0x00, 0x0f, 0xff, 0xff,
    0xff, 0xc0, 0x00, 0x00, 0x00, 0x00, 0x00, 0x00,
    0x02, 0xcf, 0xff, 0xff, 0xd4, 0x00, 0x00, 0x00,
    0x0d, 0xff, 0xff, 0xf9, 0x00, 0x00, 0x00, 0x00,
    0x00, 0x00, 0x00, 0x6f, 0xff, 0xff, 0xff, 0xff,
    0xb4, 0x00, 0x00, 0x03, 0x55, 0x53, 0x00, 0x00,
    0x00, 0x00, 0x00, 0x00, 0x00, 0x09, 0xff, 0xff,
    0xc6, 0x7e, 0xff, 0xff, 0xe9, 0x64, 0x31, 0x10,
    0x00, 0x00, 0x11, 0x23, 0x34, 0x56, 0x89, 0xb5,
    0x9f, 0xff, 0xf9, 0x00, 0x01, 0x9f, 0xff, 0xff,
    0xff, 0xff, 0xff, 0xff, 0xff, 0xff, 0xff, 0xff,
    0xff, 0xff, 0xf1, 0x4f, 0xff, 0x80, 0x00, 0x00,
    0x03, 0xaf, 0xff, 0xff, 0xff, 0xff, 0xff, 0xff,
    0xff, 0xff, 0xff, 0xff, 0xff, 0xc0, 0x09, 0xfa,
    0x00, 0x00, 0x00, 0x00, 0x01, 0x6a, 0xdf, 0xff,
    0xff, 0xff, 0xff, 0xff, 0xff, 0xff, 0xff, 0xff,
    0x80, 0x00, 0x90, 0x00, 0x00, 0x00, 0x00, 0x00,
    0x00, 0x00, 0x23, 0x45, 0x55, 0x55, 0x44, 0x43,
    0x32, 0x11, 0x00, 0x00,

    /* U+901A "通" */
    0x00, 0x00, 0x00, 0x00, 0x00, 0x00, 0x01, 0x33,
    0x33, 0x33, 0x33, 0x33, 0x33, 0x33, 0x33, 0x33,
    0x44, 0x00, 0x00, 0x00, 0x1b, 0x80, 0x00, 0x00,
    0x00, 0x05, 0xff, 0xff, 0xff, 0xff, 0xff, 0xff,
    0xff, 0xff, 0xff, 0xff, 0x90, 0x00, 0x02, 0xdf,
    0xfa, 0x00, 0x00, 0x00, 0x05, 0xff, 0xff, 0xff,
    0xff, 0xff, 0xff, 0xff, 0xff, 0xff, 0xff, 0xf8,
    0x00, 0x05, 0xff, 0xff, 0xc1, 0x00, 0x00, 0x04,
    0xcc, 0xcc, 0xcc, 0xcc, 0xcc, 0xcc, 0xcc, 0xcf,
    0xff, 0xff, 0x90, 0x00, 0x00, 0x3f, 0xff, 0xfe,
    0x20, 0x00, 0x00, 0x00, 0x00, 0x17, 0x20, 0x00,
    0x00, 0x01, 0xbf, 0xff, 0xf6, 0x00, 0x00, 0x00,
    0x02, 0xef, 0xff, 0xe3, 0x00, 0x00, 0x00, 0x03,
    0xef, 0xfc, 0x60, 0x00, 0x6f, 0xff, 0xfc, 0x20,
    0x00, 0x00, 0x00, 0x00, 0x2e, 0xff, 0xff, 0x30,
    0x00, 0x00, 0x0a, 0xff, 0xff, 0xff, 0x9d, 0xff,
    0xff, 0x70, 0x00, 0x00, 0x00, 0x00, 0x00, 0x02,
    0xdf, 0xff, 0xa0, 0x00, 0x00, 0x00, 0x17, 0xef,
    0xff, 0xff, 0xff, 0xa2, 0x00, 0x00, 0x00, 0x00,
    0x00, 0x00, 0x00, 0x2e, 0xf9, 0x00, 0x00, 0x00,
    0x00, 0x00, 0x05, 0xcf, 0xff, 0xff, 0xd5, 0x00,
    0x00, 0x00, 0x00, 0x00, 0x00, 0x00, 0x02, 0x70,
    0x00, 0x06, 0xcc, 0xcc, 0xcc, 0xcc, 0xcf, 0xff,
    0xff, 0xff, 0xdc, 0xcc, 0xca, 0x00, 0x00, 0x00,
    0x00, 0x00, 0x00, 0x00, 0x08, 0xff, 0xff, 0xff,
    0xff, 0xff, 0xff, 0xff, 0xff, 0xff, 0xff, 0xfe,
    0x00, 0x00, 0x00, 0x00, 0x00, 0x00, 0x00, 0x08,
    0xff, 0xff, 0xff, 0xff, 0xff, 0xff, 0xff, 0xff,
    0xff, 0xff, 0xfe, 0x00, 0x00, 0x00, 0x00, 0x00,
    0x00, 0x00, 0x08, 0xff, 0xf1, 0x00, 0x00, 0x3f,
    0xff, 0x40, 0x00, 0x00, 0xcf, 0xfe, 0x00, 0x00,
    0x00, 0x00, 0x00, 0x00, 0x00, 0x08, 0xff, 0xf0,
    0x00, 0x00, 0x2f, 0xff, 0x30, 0x00, 0x00, 0xcf,
    0xfe, 0x00, 0x4a, 0xaa, 0xaa, 0xaa, 0xa5, 0x00,
    0x08, 0xff, 0xf0, 0x00, 0x00, 0x2f, 0xff, 0x30,
    0x00, 0x00, 0xcf, 0xfe, 0x00, 0x7f, 0xff, 0xff,
    0xff, 0xf9, 0x00, 0x08, 0xff, 0xff, 0xff, 0xff,
    0xff, 0xff, 0xff, 0xff, 0xff, 0xff, 0xfe, 0x00,
    0x7f, 0xff, 0xff, 0xff, 0xf9, 0x00, 0x08, 0xff,
    0xff, 0xff, 0xff, 0xff, 0xff, 0xff, 0xff, 0xff,
    0xff, 0xfe, 0x00, 0x6e, 0xee, 0xee, 0xff, 0xf9,
    0x00, 0x08, 0xff, 0xfc, 0xcc, 0xcc, 0xcf, 0xff,
    0xdc, 0xcc, 0xcc, 0xff, 0xfe, 0x00, 0x00, 0x00,
    0x01, 0xff, 0xf9, 0x00, 0x08, 0xff, 0xf0, 0x00,
    0x00, 0x2f, 0xff, 0x30, 0x00, 0x00, 0xcf, 0xfe,
    0x00, 0x00, 0x00, 0x01, 0xff, 0xf9, 0x00, 0x08,
    0xff, 0xf0, 0x00, 0x00, 0x2f, 0xff, 0x30, 0x00,
    0x00, 0xcf, 0xfe, 0x00, 0x00, 0x00, 0x01, 0xff,
    0xf9, 0x00, 0x08, 0xff, 0xf1, 0x00, 0x00, 0x3f,
    0xff, 0x40, 0x00, 0x00, 0xcf, 0xfe, 0x00, 0x00,
    0x00, 0x01, 0xff, 0xf9, 0x00, 0x08, 0xff, 0xff,
    0xff, 0xff, 0xff, 0xff, 0xff, 0xff, 0xff, 0xff,
    0xfe, 0x00, 0x00, 0x00, 0x01, 0xff, 0xf9, 0x00,
    0x08, 0xff, 0xff, 0xff, 0xff, 0xff, 0xff, 0xff,
    0xff, 0xff, 0xff, 0xfe, 0x00, 0x00, 0x00, 0x01,
    0xff, 0xf9, 0x00, 0x08, 0xff, 0xfc, 0xcc, 0xcc,
    0xdf, 0xff, 0xdc, 0xcc, 0xcc, 0xff, 0xfe, 0x00,
    0x00, 0x00, 0x01, 0xff, 0xf9, 0x00, 0x08, 0xff,
    0xf0, 0x00, 0x00, 0x2f, 0xff, 0x30, 0x00, 0x00,
    0xcf, 0xfe, 0x00, 0x00, 0x00, 0x01, 0xff, 0xf9,
    0x00, 0x08, 0xff, 0xf0, 0x00, 0x00, 0x2f, 0xff,
    0x30, 0x00, 0x00, 0xcf, 0xfe, 0x00, 0x00, 0x00,
    0x01, 0xff, 0xf9, 0x00, 0x08, 0xff, 0xf0, 0x00,
    0x00, 0x2f, 0xff, 0x30, 0x00, 0x00, 0xcf, 0xfd,
    0x00, 0x00, 0x00, 0x01, 0xff, 0xf9, 0x00, 0x08,
    0xff, 0xf0, 0x00, 0x00, 0x2f, 0xff, 0x30, 0xce,
    0xee, 0xff, 0xfc, 0x00, 0x00, 0x00, 0x05, 0xff,
    0xfb, 0x00, 0x08, 0xff, 0xf0, 0x00, 0x00, 0x2f,
    0xff, 0x30, 0x7f, 0xff, 0xff, 0xf7, 0x00, 0x00,
    0x01, 0xbf, 0xff, 0xff, 0xc2, 0x08, 0xff, 0xf0,
    0x00, 0x00, 0x2d, 0xdd, 0x30, 0x2f, 0xff, 0xfd,
    0x70, 0x00, 0x00, 0x3e, 0xff, 0xff, 0xff, 0xff,
    0x81, 0x00, 0x00, 0x00, 0x00, 0x00, 0x00, 0x00,
    0x02, 0x11, 0x00, 0x00, 0x00, 0x05, 0xff, 0xff,
    0xa2, 0x4d, 0xff, 0xff, 0xa6, 0x30, 0x00, 0x00,
    0x00, 0x00, 0x00, 0x00, 0x00, 0x12, 0x35, 0x66,
    0x5f, 0xff, 0xf9, 0x00, 0x00, 0xaf, 0xff, 0xff,
    0xff, 0xfe, 0xdc, 0xcc, 0xcd, 0xde, 0xef, 0xff,
    0xff, 0xff, 0xf7, 0x3f, 0xff, 0xa0, 0x00, 0x00,
    0x03, 0xcf, 0xff, 0xff, 0xff, 0xff, 0xff, 0xff,
    0xff, 0xff, 0xff, 0xff, 0xff, 0xf2, 0x07, 0xfc,
    0x00, 0x00, 0x00, 0x00, 0x03, 0x9d, 0xff, 0xff,
    0xff, 0xff, 0xff, 0xff, 0xff, 0xff, 0xff, 0xff,
    0xe0, 0x00, 0xa1, 0x00, 0x00, 0x00, 0x00, 0x00,
    0x00, 0x03, 0x45, 0x67, 0x77, 0x77, 0x66, 0x65,
    0x55, 0x43, 0x32, 0x10, 0x00, 0x00, 0x00, 0x00,
    0x00, 0x00, 0x00, 0x00, 0x00, 0x00, 0x00, 0x00,
    0x00, 0x00, 0x00, 0x00, 0x00, 0x00, 0x00,

    /* U+9192 "醒" */
    0x12, 0x22, 0x22, 0x22, 0x22, 0x22, 0x22, 0x22,
    0x10, 0x03, 0x33, 0x33, 0x33, 0x33, 0x33, 0x33,
    0x33, 0x30, 0x0f, 0xff, 0xff, 0xff, 0xff, 0xff,
    0xff, 0xff, 0xfe, 0x01, 0xff, 0xff, 0xff, 0xff,
    0xff, 0xff, 0xff, 0xff, 0x00, 0xff, 0xff, 0xff,
    0xff, 0xff, 0xff, 0xff, 0xff, 0xe0, 0x1f, 0xff,
    0xff, 0xff, 0xff, 0xff, 0xff, 0xff, 0xf0, 0x0f,
    0xff, 0xff, 0xff, 0xff, 0xff, 0xff, 0xff, 0xfe,
    0x01, 0xff, 0xfd, 0xdd, 0xdd, 0xdd, 0xdd, 0xef,
    0xff, 0x00, 0x00, 0x00, 0x0f, 0xfc, 0x0c, 0xff,
    0x00, 0x00, 0x00, 0x1f, 0xff, 0x30, 0x00, 0x00,
    0x00, 0x07, 0xff, 0xf0, 0x00, 0x00, 0x00, 0xff,
    0xc0, 0xbf, 0xf0, 0x00, 0x00, 0x01, 0xff, 0xf3,
    0x00, 0x00, 0x00, 0x00, 0x7f, 0xff, 0x00, 0x00,
    0x00, 0x0f, 0xfc, 0x0b, 0xff, 0x00, 0x00, 0x00,
    0x1f, 0xff, 0xba, 0xaa, 0xaa, 0xaa, 0xac, 0xff,
    0xf0, 0x00, 0x00, 0x00, 0xff, 0xc0, 0xbf, 0xf0,
    0x00, 0x00, 0x01, 0xff, 0xff, 0xff, 0xff, 0xff,
    0xff, 0xff, 0xff, 0x00, 0x38, 0x88, 0x8f, 0xfe,
    0x8e, 0xff, 0x88, 0x88, 0x40, 0x1f, 0xff, 0xff,
    0xff, 0xff, 0xff, 0xff, 0xff, 0xf0, 0x06, 0xff,
    0xff, 0xff, 0xff, 0xff, 0xff, 0xff, 0xf8, 0x01,
    0xff, 0xf3, 0x00, 0x00, 0x00, 0x00, 0x7f, 0xff,
    0x00, 0x6f, 0xff, 0xff, 0xff, 0xff, 0xff, 0xff,
    0xff, 0x80, 0x1f, 0xff, 0x30, 0x00, 0x00, 0x00,
    0x07, 0xff, 0xf0, 0x06, 0xff, 0xda, 0xcf, 0xfa,
    0xff, 0xca, 0xdf, 0xf8, 0x01, 0xff, 0xf3, 0x00,
    0x00, 0x00, 0x00, 0x7f, 0xff, 0x00, 0x6f, 0xf7,
    0x04, 0xfd, 0x0d, 0xf5, 0x07, 0xff, 0x80, 0x1f,
    0xff, 0xff, 0xff, 0xff, 0xff, 0xff, 0xff, 0xf0,
    0x06, 0xff, 0x70, 0x4f, 0xd0, 0xdf, 0x50, 0x7f,
    0xf8, 0x01, 0xff, 0xff, 0xff, 0xff, 0xff, 0xff,
    0xff, 0xff, 0x00, 0x6f, 0xf7, 0x04, 0xfd, 0x0d,
    0xf5, 0x07, 0xff, 0x80, 0x1f, 0xff, 0xff, 0xff,
    0xff, 0xff, 0xff, 0xff, 0xf0, 0x06, 0xff, 0x70,
    0x5f, 0xc0, 0xdf, 0x50, 0x7f, 0xf8, 0x00, 0x06,
    0x51, 0x00, 0x25, 0x54, 0x00, 0x00, 0x00, 0x00,
    0x6f, 0xf7, 0x07, 0xfb, 0x0d, 0xf5, 0x07, 0xff,
    0x80, 0x00, 0xff, 0xf3, 0x07, 0xff, 0xe0, 0x00,
    0x00, 0x00, 0x06, 0xff, 0x70, 0xbf, 0x80, 0xdf,
    0x50, 0x7f, 0xf8, 0x00, 0x5f, 0xfe, 0x00, 0x7f,
    0xfe, 0x00, 0x00, 0x00, 0x00, 0x6f, 0xf7, 0x1f,
    0xf4, 0x0c, 0xf6, 0x28, 0xff, 0x80, 0x0b, 0xff,
    0x80, 0x07, 0xff, 0xe0, 0x00, 0x00, 0x00, 0x06,
    0xff, 0x7b, 0xfd, 0x00, 0xbf, 0xff, 0xff, 0xf8,
    0x03, 0xff, 0xff, 0xff, 0xff, 0xff, 0xff, 0xff,
    0xff, 0xc0, 0x6f, 0xff, 0xff, 0x40, 0x04, 0xef,
    0xff, 0xff, 0x80, 0xbf, 0xff, 0xff, 0xff, 0xff,
    0xff, 0xff, 0xff, 0xfc, 0x06, 0xff, 0x9b, 0x80,
    0x00, 0x00, 0x00, 0x8f, 0xf8, 0x5f, 0xff, 0xff,
    0xff, 0xff, 0xff, 0xff, 0xff, 0xff, 0xc0, 0x6f,
    0xf7, 0x00, 0x00, 0x00, 0x00, 0x07, 0xff, 0xaf,
    0xff, 0xa0, 0x00, 0x07, 0xff, 0xe0, 0x00, 0x00,
    0x00, 0x06, 0xff, 0x70, 0x00, 0x00, 0x00, 0x00,
    0x7f, 0xff, 0xff, 0xe1, 0x00, 0x00, 0x7f, 0xfe,
    0x00, 0x00, 0x00, 0x00, 0x6f, 0xff, 0xee, 0xee,
    0xee, 0xee, 0xef, 0xff, 0x84, 0xd4, 0x00, 0x00,
    0x07, 0xff, 0xe0, 0x00, 0x00, 0x00, 0x06, 0xff,
    0xff, 0xff, 0xff, 0xff, 0xff, 0xff, 0xf8, 0x00,
    0x8d, 0xdd, 0xdd, 0xef, 0xff, 0xdd, 0xdd, 0xdb,
    0x00, 0x6f, 0xff, 0xff, 0xff, 0xff, 0xff, 0xff,
    0xff, 0x80, 0x09, 0xff, 0xff, 0xff, 0xff, 0xff,
    0xff, 0xff, 0xd0, 0x06, 0xff, 0x70, 0x00, 0x00,
    0x00, 0x00, 0x7f, 0xf8, 0x00, 0x9f, 0xff, 0xff,
    0xff, 0xff, 0xff, 0xff, 0xfd, 0x00, 0x6f, 0xf7,
    0x00, 0x00, 0x00, 0x00, 0x07, 0xff, 0x80, 0x01,
    0x22, 0x22, 0x28, 0xff, 0xf2, 0x22, 0x22, 0x10,
    0x06, 0xff, 0x70, 0x00, 0x00, 0x00, 0x00, 0x7f,
    0xf8, 0x00, 0x00, 0x00, 0x00, 0x7f, 0xfe, 0x00,
    0x00, 0x00, 0x00, 0x6f, 0xfb, 0x77, 0x77, 0x77,
    0x77, 0x7b, 0xff, 0x80, 0x00, 0x00, 0x00, 0x07,
    0xff, 0xe0, 0x00, 0x00, 0x00, 0x06, 0xff, 0xff,
    0xff, 0xff, 0xff, 0xff, 0xff, 0xf8, 0x00, 0x00,
    0x00, 0x00, 0x7f, 0xfe, 0x00, 0x00, 0x00, 0x00,
    0x6f, 0xff, 0xff, 0xff, 0xff, 0xff, 0xff, 0xff,
    0x81, 0x77, 0x77, 0x77, 0x7b, 0xff, 0xf7, 0x77,
    0x77, 0x77, 0x76, 0xff, 0xdb, 0xbb, 0xbb, 0xbb,
    0xbb, 0xdf, 0xf8, 0x3f, 0xff, 0xff, 0xff, 0xff,
    0xff, 0xff, 0xff, 0xff, 0xff, 0x6f, 0xf7, 0x00,
    0x00, 0x00, 0x00, 0x07, 0xff, 0x83, 0xff, 0xff,
    0xff, 0xff, 0xff, 0xff, 0xff, 0xff, 0xff, 0xf6,
    0xff, 0x70, 0x00, 0x00, 0x00, 0x00, 0x6d, 0xd6,
    0x2a, 0xaa, 0xaa, 0xaa, 0xaa, 0xaa, 0xaa, 0xaa,
    0xaa, 0xaa,

    /* U+91CD "重" */
    0x00, 0x00, 0x00, 0x00, 0x00, 0x00, 0x00, 0x00,
    0x00, 0x00, 0x00, 0x00, 0x00, 0x01, 0x35, 0x84,
    0x00, 0x00, 0x00, 0x00, 0x00, 0x00, 0x00, 0x00,
    0x00, 0x00, 0x00, 0x12, 0x35, 0x67, 0x9a, 0xcd,
    0xff, 0xff, 0xfe, 0x00, 0x00, 0x00, 0x00, 0x00,
    0x69, 0xab, 0xbc, 0xcd, 0xef, 0xff, 0xff, 0xff,
    0xff, 0xff, 0xff, 0xff, 0xff, 0xff, 0x90, 0x00,
    0x00, 0x00, 0x00, 0x6f, 0xff, 0xff, 0xff, 0xff,
    0xff, 0xff, 0xff, 0xff, 0xff, 0xff, 0xff, 0xfd,
    0xb9, 0x60, 0x00, 0x00, 0x00, 0x00, 0x2f, 0xff,
    0xff, 0xff, 0xff, 0xff, 0xff, 0xff, 0xea, 0x97,
    0x64, 0x31, 0x00, 0x00, 0x00, 0x00, 0x00, 0x00,
    0x00, 0x06, 0x55, 0x44, 0x33, 0x22, 0x10, 0x1f,
    0xff, 0xb0, 0x00, 0x00, 0x00, 0x00, 0x00, 0x00,
    0x00, 0x00, 0x00, 0x00, 0x00, 0x00, 0x00, 0x00,
    0x00, 0x00, 0x1f, 0xff, 0xb0, 0x00, 0x00, 0x00,
    0x00, 0x00, 0x00, 0x00, 0x00, 0x0b, 0xee, 0xee,
    0xee, 0xee, 0xee, 0xee, 0xee, 0xef, 0xff, 0xfe,
    0xee, 0xee, 0xee, 0xee, 0xee, 0xee, 0xee, 0xc0,
    0x0c, 0xff, 0xff, 0xff, 0xff, 0xff, 0xff, 0xff,
    0xff, 0xff, 0xff, 0xff, 0xff, 0xff, 0xff, 0xff,
    0xff, 0xff, 0xd0, 0x0c, 0xff, 0xff, 0xff, 0xff,
    0xff, 0xff, 0xff, 0xff, 0xff, 0xff, 0xff, 0xff,
    0xff, 0xff, 0xff, 0xff, 0xff, 0xd0, 0x01, 0x22,
    0x22, 0x22, 0x22, 0x22, 0x22, 0x22, 0x3f, 0xff,
    0xc2, 0x22, 0x22, 0x22, 0x22, 0x22, 0x22, 0x22,
    0x10, 0x00, 0x00, 0x00, 0x00, 0x00, 0x00, 0x00,
    0x00, 0x1f, 0xff, 0xb0, 0x00, 0x00, 0x00, 0x00,
    0x00, 0x00, 0x00, 0x00, 0x00, 0x00, 0x07, 0x99,
    0x99, 0x99, 0x99, 0x99, 0xaf, 0xff, 0xe9, 0x99,
    0x99, 0x99, 0x99, 0x99, 0x90, 0x00, 0x00, 0x00,
    0x00, 0x0c, 0xff, 0xff, 0xff, 0xff, 0xff, 0xff,
    0xff, 0xff, 0xff, 0xff, 0xff, 0xff, 0xff, 0xf0,
    0x00, 0x00, 0x00, 0x00, 0x0c, 0xff, 0xff, 0xff,
    0xff, 0xff, 0xff, 0xff, 0xff, 0xff, 0xff, 0xff,
    0xff, 0xff, 0xf0, 0x00, 0x00, 0x00, 0x00, 0x0c,
    0xff, 0xe0, 0x00, 0x00, 0x00, 0x1f, 0xff, 0xb0,
    0x00, 0x00, 0x00, 0x0c, 0xff, 0xf0, 0x00, 0x00,
    0x00, 0x00, 0x0c, 0xff, 0xe0, 0x00, 0x00, 0x00,
    0x1f, 0xff, 0xb0, 0x00, 0x00, 0x00, 0x0c, 0xff,
    0xf0, 0x00, 0x00, 0x00, 0x00, 0x0c, 0xff, 0xf6,
    0x66, 0x66, 0x66, 0x7f, 0xff, 0xd6, 0x66, 0x66,
    0x66, 0x6e, 0xff, 0xf0, 0x00, 0x00, 0x00, 0x00,
    0x0c, 0xff, 0xff, 0xff, 0xff, 0xff, 0xff, 0xff,
    0xff, 0xff, 0xff, 0xff, 0xff, 0xff, 0xf0, 0x00,
    0x00, 0x00, 0x00, 0x0c, 0xff, 0xff, 0xff, 0xff,
    0xff, 0xff, 0xff, 0xff, 0xff, 0xff, 0xff, 0xff,
    0xff, 0xf0, 0x00, 0x00, 0x00, 0x00, 0x0c, 0xff,
    0xe0, 0x00, 0x00, 0x00, 0x1f, 0xff, 0xb0, 0x00,
    0x00, 0x00, 0x0c, 0xff, 0xf0, 0x00, 0x00, 0x00,
    0x00, 0x0c, 0xff, 0xe0, 0x00, 0x00, 0x00, 0x1f,
    0xff, 0xb0, 0x00, 0x00, 0x00, 0x0c, 0xff, 0xf0,
    0x00, 0x00, 0x00, 0x00, 0x0c, 0xff, 0xfa, 0xaa,
    0xaa, 0xaa, 0xaf, 0xff, 0xea, 0xaa, 0xaa, 0xaa,
    0xae, 0xff, 0xf0, 0x00, 0x00, 0x00, 0x00, 0x0c,
    0xff, 0xff, 0xff, 0xff, 0xff, 0xff, 0xff, 0xff,
    0xff, 0xff, 0xff, 0xff, 0xff, 0xf0, 0x00, 0x00,
    0x00, 0x00, 0x0b, 0xff, 0xff, 0xff, 0xff, 0xff,
    0xff, 0xff, 0xff, 0xff, 0xff, 0xff, 0xff, 0xff,
    0xf0, 0x00, 0x00, 0x00, 0x00, 0x00, 0x00, 0x00,
    0x00, 0x00, 0x00, 0x1f, 0xff, 0xb0, 0x00, 0x00,
    0x00, 0x00, 0x00, 0x00, 0x00, 0x00, 0x00, 0x00,
    0x00, 0x00, 0x00, 0x00, 0x00, 0x00, 0x1f, 0xff,
    0xb0, 0x00, 0x00, 0x00, 0x00, 0x00, 0x00, 0x00,
    0x00, 0x00, 0x00, 0xee, 0xee, 0xee, 0xee, 0xee,
    0xee, 0xef, 0xff, 0xfe, 0xee, 0xee, 0xee, 0xee,
    0xee, 0xee, 0x70, 0x00, 0x00, 0x00, 0xff, 0xff,
    0xff, 0xff, 0xff, 0xff, 0xff, 0xff, 0xff, 0xff,
    0xff, 0xff, 0xff, 0xff, 0xff, 0x80, 0x00, 0x00,
    0x00, 0xff, 0xff, 0xff, 0xff, 0xff, 0xff, 0xff,
    0xff, 0xff, 0xff, 0xff, 0xff, 0xff, 0xff, 0xff,
    0x80, 0x00, 0x00, 0x00, 0x00, 0x00, 0x00, 0x00,
    0x00, 0x00, 0x2f, 0xff, 0xb0, 0x00, 0x00, 0x00,
    0x00, 0x00, 0x00, 0x00, 0x00, 0x00, 0x00, 0x00,
    0x00, 0x00, 0x00, 0x00, 0x00, 0x1f, 0xff, 0xb0,
    0x00, 0x00, 0x00, 0x00, 0x00, 0x00, 0x00, 0x00,
    0x00, 0x00, 0x00, 0x00, 0x00, 0x00, 0x00, 0x00,
    0x1f, 0xff, 0xb0, 0x00, 0x00, 0x00, 0x00, 0x00,
    0x00, 0x00, 0x00, 0x0f, 0xff, 0xff, 0xff, 0xff,
    0xff, 0xff, 0xff, 0xff, 0xff, 0xff, 0xff, 0xff,
    0xff, 0xff, 0xff, 0xff, 0xff, 0xf1, 0x0f, 0xff,
    0xff, 0xff, 0xff, 0xff, 0xff, 0xff, 0xff, 0xff,
    0xff, 0xff, 0xff, 0xff, 0xff, 0xff, 0xff, 0xff,
    0xf2, 0x0f, 0xff, 0xff, 0xff, 0xff, 0xff, 0xff,
    0xff, 0xff, 0xff, 0xff, 0xff, 0xff, 0xff, 0xff,
    0xff, 0xff, 0xff, 0xf2, 0x01, 0x11, 0x11, 0x11,
    0x11, 0x11, 0x11, 0x11, 0x11, 0x11, 0x11, 0x11,
    0x11, 0x11, 0x11, 0x11, 0x11, 0x11, 0x10,

    /* U+95EA "闪" */
    0x00, 0x00, 0x30, 0x00, 0x00, 0x00, 0x00, 0x00,
    0x00, 0x00, 0x00, 0x00, 0x00, 0x00, 0x00, 0x00,
    0x00, 0x00, 0x5d, 0xf5, 0x00, 0x00, 0x00, 0x00,
    0x00, 0x00, 0x00, 0x00, 0x00, 0x00, 0x00, 0x00,
    0x11, 0x10, 0x03, 0xff, 0xff, 0x40, 0x00, 0x0a,
    0xff, 0xff, 0xff, 0xff, 0xff, 0xff, 0xff, 0xff,
    0xff, 0xff, 0xfe, 0x00, 0x5f, 0xff, 0xf3, 0x00,
    0x0a, 0xff, 0xff, 0xff, 0xff, 0xff, 0xff, 0xff,
    0xff, 0xff, 0xff, 0xfe, 0x00, 0x07, 0xff, 0xff,
    0x20, 0x0a, 0xff, 0xff, 0xff, 0xff, 0xff, 0xff,
    0xff, 0xff, 0xff, 0xff, 0xfe, 0x00, 0x00, 0x9f,
    0xff, 0xe1, 0x06, 0x99, 0x99, 0x99, 0x99, 0x99,
    0x99, 0x99, 0x99, 0x99, 0xff, 0xfe, 0x00, 0x00,
    0x0c, 0xff, 0xfc, 0x00, 0x00, 0x00, 0x00, 0x00,
    0x00, 0x00, 0x00, 0x00, 0x00, 0xef, 0xfe, 0x00,
    0x00, 0x01, 0xef, 0xff, 0x70, 0x00, 0x00, 0x00,
    0x00, 0x00, 0x00, 0x00, 0x00, 0x00, 0xef, 0xfe,
    0x00, 0x00, 0x00, 0x3f, 0xf7, 0x00, 0x00, 0x00,
    0x64, 0x20, 0x00, 0x00, 0x00, 0x00, 0x00, 0xef,
    0xfe, 0xff, 0xfc, 0x00, 0x05, 0x10, 0x00, 0x00,
    0x01, 0xff, 0xfb, 0x00, 0x00, 0x00, 0x00, 0x00,
    0xef, 0xfe, 0xff, 0xfc, 0x00, 0x00, 0x00, 0x00,
    0x00, 0x05, 0xff, 0xf8, 0x00, 0x00, 0x00, 0x00,
    0x00, 0xef, 0xfe, 0xff, 0xfc, 0x00, 0x00, 0x00,
    0x00, 0x00, 0x09, 0xff, 0xf4, 0x00, 0x00, 0x00,
    0x00, 0x00, 0xef, 0xfe, 0xff, 0xfc, 0x00, 0x00,
    0x00, 0x00, 0x00, 0x0d, 0xff, 0xf0, 0x00, 0x00,
    0x00, 0x00, 0x00, 0xef, 0xfe, 0xff, 0xfc, 0x00,
    0x00, 0x00, 0x00, 0x00, 0x2f, 0xff, 0xb0, 0x00,
    0x00, 0x00, 0x00, 0x00, 0xef, 0xfe, 0xff, 0xfc,
    0x00, 0x00, 0x00, 0x00, 0x00, 0x8f, 0xff, 0x70,
    0x00, 0x00, 0x00, 0x00, 0x00, 0xef, 0xfe, 0xff,
    0xfc, 0x00, 0x00, 0x00, 0x00, 0x00, 0xef, 0xff,
    0x20, 0x00, 0x00, 0x00, 0x00, 0x00, 0xef, 0xfe,
    0xff, 0xfc, 0x00, 0x00, 0x00, 0x00, 0x04, 0xff,
    0xff, 0xc0, 0x00, 0x00, 0x00, 0x00, 0x00, 0xef,
    0xfe, 0xff, 0xfc, 0x00, 0x00, 0x00, 0x00, 0x0c,
    0xff, 0xff, 0xfc, 0x00, 0x00, 0x00, 0x00, 0x00,
    0xef, 0xfe, 0xff, 0xfc, 0x00, 0x00, 0x00, 0x00,
    0x3f, 0xff, 0xff, 0xff, 0xc0, 0x00, 0x00, 0x00,
    0x00, 0xef, 0xfe, 0xff, 0xfc, 0x00, 0x00, 0x00,
    0x00, 0xcf, 0xff, 0xbf, 0xff, 0xfb, 0x00, 0x00,
    0x00, 0x00, 0xef, 0xfe, 0xff, 0xfc, 0x00, 0x00,
    0x00, 0x06, 0xff, 0xfe, 0x05, 0xff, 0xff, 0xa0,
    0x00, 0x00, 0x00, 0xef, 0xfe, 0xff, 0xfc, 0x00,
    0x00, 0x00, 0x1f, 0xff, 0xf7, 0x00, 0x7f, 0xff,
    0xf9, 0x00, 0x00, 0x00, 0xef, 0xfe, 0xff, 0xfc,
    0x00, 0x00, 0x00, 0xcf, 0xff, 0xd0, 0x00, 0x08,
    0xff, 0xff, 0x70, 0x00, 0x00, 0xef, 0xfe, 0xff,
    0xfc, 0x00, 0x00, 0x0a, 0xff, 0xff, 0x30, 0x00,
    0x00, 0xbf, 0xff, 0xf4, 0x00, 0x00, 0xef, 0xfe,
    0xff, 0xfc, 0x00, 0x00, 0xaf, 0xff, 0xf8, 0x00,
    0x00, 0x00, 0x0d, 0xff, 0xff, 0x20, 0x00, 0xef,
    0xfe, 0xff, 0xfc, 0x00, 0x1b, 0xff, 0xff, 0xb0,
    0x00, 0x00, 0x00, 0x02, 0xef, 0xff, 0xc0, 0x00,
    0xef, 0xfe, 0xff, 0xfc, 0x01, 0xef, 0xff, 0xfd,
    0x10, 0x00, 0x00, 0x00, 0x00, 0x4f, 0xff, 0xf7,
    0x00, 0xef, 0xfe, 0xff, 0xfc, 0x00, 0xbf, 0xff,
    0xd1, 0x00, 0x00, 0x00, 0x00, 0x00, 0x08, 0xff,
    0xd1, 0x00, 0xef, 0xfe, 0xff, 0xfc, 0x00, 0x1e,
    0xfc, 0x10, 0x00, 0x00, 0x00, 0x00, 0x00, 0x00,
    0xce, 0x20, 0x00, 0xef, 0xfe, 0xff, 0xfc, 0x00,
    0x06, 0xa0, 0x00, 0x00, 0x00, 0x00, 0x00, 0x00,
    0x00, 0x23, 0x00, 0x00, 0xef, 0xfe, 0xff, 0xfc,
    0x00, 0x00, 0x00, 0x00, 0x00, 0x00, 0x00, 0x00,
    0x00, 0x00, 0x00, 0x00, 0x00, 0xef, 0xfe, 0xff,
    0xfc, 0x00, 0x00, 0x00, 0x00, 0x00, 0x00, 0x00,
    0x00, 0x00, 0x00, 0x00, 0x00, 0x00, 0xef, 0xfe,
    0xff, 0xfc, 0x00, 0x00, 0x00, 0x00, 0x00, 0x00,
    0x00, 0x00, 0x00, 0x00, 0x00, 0x00, 0x00, 0xff,
    0xfd, 0xff, 0xfc, 0x00, 0x00, 0x00, 0x00, 0x00,
    0x00, 0x00, 0x00, 0x00, 0x0a, 0xbb, 0xbb, 0xbd,
    0xff, 0xfc, 0xff, 0xfc, 0x00, 0x00, 0x00, 0x00,
    0x00, 0x00, 0x00, 0x00, 0x00, 0x08, 0xff, 0xff,
    0xff, 0xff, 0xf9, 0xff, 0xfc, 0x00, 0x00, 0x00,
    0x00, 0x00, 0x00, 0x00, 0x00, 0x00, 0x02, 0xff,
    0xff, 0xff, 0xff, 0xe2, 0xff, 0xfc, 0x00, 0x00,
    0x00, 0x00, 0x00, 0x00, 0x00, 0x00, 0x00, 0x00,
    0xdf, 0xff, 0xfe, 0xc8, 0x10, 0x00, 0x00, 0x00,
    0x00, 0x00, 0x00, 0x00, 0x00, 0x00, 0x00, 0x00,
    0x00, 0x01, 0x00, 0x00, 0x00, 0x00,

    /* U+95ED "闭" */
    0x00, 0x02, 0x00, 0x00, 0x00, 0x00, 0x00, 0x00,
    0x00, 0x00, 0x00, 0x00, 0x00, 0x00, 0x00, 0x00,
    0x00, 0x01, 0xaf, 0xa0, 0x00, 0x00, 0x00, 0x00,
    0x00, 0x00, 0x00, 0x00, 0x00, 0x00, 0x00, 0x00,
    0x00, 0x00, 0x0e, 0xff, 0xf9, 0x00, 0x00, 0x19,
    0x99, 0x99, 0x99, 0x99, 0x99, 0x99, 0x99, 0x99,
    0x99, 0xbb, 0xa7, 0x03, 0xff, 0xff, 0x80, 0x00,
    0x1f, 0xff, 0xff, 0xff, 0xff, 0xff, 0xff, 0xff,
    0xff, 0xff, 0xff, 0xfc, 0x00, 0x3f, 0xff, 0xf6,
    0x00, 0x1f, 0xff, 0xff, 0xff, 0xff, 0xff, 0xff,
    0xff, 0xff, 0xff, 0xff, 0xfc, 0x00, 0x05, 0xff,
    0xff, 0x20, 0x1f, 0xff, 0xff, 0xff, 0xff, 0xff,
    0xff, 0xff, 0xff, 0xff, 0xff, 0xfc, 0x00, 0x00,
    0x9f, 0xff, 0x80, 0x00, 0x00, 0x00, 0x00, 0x00,
    0x00, 0x00, 0x00, 0x00, 0x00, 0xef, 0xfc, 0x00,
    0x00, 0x0d, 0xe5, 0x00, 0x00, 0x00, 0x00, 0x00,
    0x00, 0x00, 0x00, 0x00, 0x00, 0x00, 0xef, 0xfc,
    0x00, 0x00, 0x02, 0x00, 0x00, 0x00, 0x00, 0x00,
    0x00, 0x0c, 0xee, 0xe0, 0x00, 0x00, 0x00, 0xef,
    0xfc, 0xbd, 0xdc, 0x00, 0x00, 0x00, 0x00, 0x00,
    0x00, 0x00, 0x0d, 0xff, 0xf0, 0x00, 0x00, 0x00,
    0xef, 0xfc, 0xdf, 0xff, 0x00, 0x00, 0x00, 0x00,
    0x00, 0x00, 0x00, 0x0d, 0xff, 0xf0, 0x00, 0x00,
    0x00, 0xef, 0xfc, 0xdf, 0xff, 0x00, 0x00, 0x00,
    0x00, 0x00, 0x00, 0x00, 0x0d, 0xff, 0xf0, 0x00,
    0x00, 0x00, 0xef, 0xfc, 0xdf, 0xff, 0x00, 0x00,
    0x00, 0x00, 0x00, 0x00, 0x00, 0x0d, 0xff, 0xf0,
    0x00, 0x00, 0x00, 0xef, 0xfc, 0xdf, 0xff, 0x00,
    0x49, 0x99, 0x99, 0x99, 0x99, 0x99, 0x9f, 0xff,
    0xfa, 0x99, 0x99, 0x20, 0xef, 0xfc, 0xdf, 0xff,
    0x00, 0x6f, 0xff, 0xff, 0xff, 0xff, 0xff, 0xff,
    0xff, 0xff, 0xff, 0xff, 0x30, 0xef, 0xfc, 0xdf,
    0xff, 0x00, 0x6f, 0xff, 0xff, 0xff, 0xff, 0xff,
    0xff, 0xff, 0xff, 0xff, 0xff, 0x30, 0xef, 0xfc,
    0xdf, 0xff, 0x00, 0x6f, 0xff, 0xff, 0xff, 0xff,
    0xff, 0xff, 0xff, 0xff, 0xff, 0xff, 0x30, 0xef,
    0xfc, 0xdf, 0xff, 0x00, 0x00, 0x00, 0x00, 0x00,
    0x00, 0x7f, 0xff, 0xff, 0xf0, 0x00, 0x00, 0x00,
    0xef, 0xfc, 0xdf, 0xff, 0x00, 0x00, 0x00, 0x00,
    0x00, 0x03, 0xff, 0xff, 0xff, 0xf0, 0x00, 0x00,
    0x00, 0xef, 0xfc, 0xdf, 0xff, 0x00, 0x00, 0x00,
    0x00, 0x00, 0x2e, 0xff, 0xff, 0xff, 0xf0, 0x00,
    0x00, 0x00, 0xef, 0xfc, 0xdf, 0xff, 0x00, 0x00,
    0x00, 0x00, 0x01, 0xdf, 0xff, 0xbd, 0xff, 0xf0,
    0x00, 0x00, 0x00, 0xef, 0xfc, 0xdf, 0xff, 0x00,
    0x00, 0x00, 0x00, 0x1d, 0xff, 0xfd, 0x1d, 0xff,
    0xf0, 0x00, 0x00, 0x00, 0xef, 0xfc, 0xdf, 0xff,
    0x00, 0x00, 0x00, 0x02, 0xef, 0xff, 0xe2, 0x0d,
    0xff, 0xf0, 0x00, 0x00, 0x00, 0xef, 0xfc, 0xdf,
    0xff, 0x00, 0x00, 0x00, 0x5f, 0xff, 0xfe, 0x20,
    0x0d, 0xff, 0xf0, 0x00, 0x00, 0x00, 0xef, 0xfc,
    0xdf, 0xff, 0x00, 0x00, 0x08, 0xff, 0xff, 0xe2,
    0x00, 0x0d, 0xff, 0xf0, 0x00, 0x00, 0x00, 0xef,
    0xfc, 0xdf, 0xff, 0x00, 0x03, 0xdf, 0xff, 0xfd,
    0x10, 0x00, 0x0d, 0xff, 0xf0, 0x00, 0x00, 0x00,
    0xef, 0xfc, 0xdf, 0xff, 0x01, 0x9f, 0xff, 0xff,
    0xa0, 0x00, 0x00, 0x0d, 0xff, 0xf0, 0x00, 0x00,
    0x00, 0xef, 0xfc, 0xdf, 0xff, 0x0d, 0xff, 0xff,
    0xf6, 0x00, 0x00, 0x00, 0x0d, 0xff, 0xf0, 0x00,
    0x00, 0x00, 0xef, 0xfc, 0xdf, 0xff, 0x01, 0xef,
    0xfc, 0x20, 0x00, 0x00, 0x00, 0x0d, 0xff, 0xf0,
    0x00, 0x00, 0x00, 0xef, 0xfc, 0xdf, 0xff, 0x00,
    0x2d, 0x60, 0x00, 0x00, 0x00, 0x00, 0x0d, 0xff,
    0xf0, 0x00, 0x00, 0x00, 0xef, 0xfc, 0xdf, 0xff,
    0x00, 0x00, 0x00, 0x00, 0x09, 0xbb, 0xaa, 0xbf,
    0xff, 0xf0, 0x00, 0x00, 0x00, 0xef, 0xfc, 0xdf,
    0xff, 0x00, 0x00, 0x00, 0x00, 0x07, 0xff, 0xff,
    0xff, 0xff, 0xc0, 0x00, 0x00, 0x00, 0xef, 0xfc,
    0xdf, 0xff, 0x00, 0x00, 0x00, 0x00, 0x01, 0xff,
    0xff, 0xff, 0xff, 0x40, 0x00, 0x00, 0x00, 0xef,
    0xfc, 0xdf, 0xff, 0x00, 0x00, 0x00, 0x00, 0x00,
    0xcf, 0xee, 0xdb, 0x71, 0x00, 0x04, 0x55, 0x56,
    0xff, 0xfc, 0xdf, 0xff, 0x00, 0x00, 0x00, 0x00,
    0x00, 0x00, 0x00, 0x00, 0x00, 0x00, 0x06, 0xff,
    0xff, 0xff, 0xfa, 0xdf, 0xff, 0x00, 0x00, 0x00,
    0x00, 0x00, 0x00, 0x00, 0x00, 0x00, 0x00, 0x00,
    0xff, 0xff, 0xff, 0xf3, 0xdf, 0xff, 0x00, 0x00,
    0x00, 0x00, 0x00, 0x00, 0x00, 0x00, 0x00, 0x00,
    0x00, 0xbf, 0xff, 0xea, 0x30, 0x00, 0x00, 0x00,
    0x00, 0x00, 0x00, 0x00, 0x00, 0x00, 0x00, 0x00,
    0x00, 0x00, 0x01, 0x00, 0x00, 0x00,

    /* U+9633 "阳" */
    0x34, 0x44, 0x44, 0x44, 0x44, 0x51, 0x00, 0x00,
    0x00, 0x00, 0x00, 0x00, 0x00, 0x00, 0x00, 0x00,
    0x00, 0xef, 0xff, 0xff, 0xff, 0xff, 0xff, 0x70,
    0x05, 0x77, 0x77, 0x77, 0x77, 0x77, 0x77, 0x77,
    0x77, 0x74, 0xef, 0xff, 0xff, 0xff, 0xff, 0xff,
    0xf5, 0x0c, 0xff, 0xff, 0xff, 0xff, 0xff, 0xff,
    0xff, 0xff, 0xfa, 0xef, 0xff, 0xff, 0xff, 0xff,
    0xff, 0xe0, 0x0c, 0xff, 0xff, 0xff, 0xff, 0xff,
    0xff, 0xff, 0xff, 0xfa, 0xef, 0xfa, 0x22, 0x22,
    0x6f, 0xff, 0x70, 0x0c, 0xff, 0xff, 0xff, 0xff,
    0xff, 0xff, 0xff, 0xff, 0xfa, 0xef, 0xf9, 0x00,
    0x00, 0xaf, 0xff, 0x10, 0x0c, 0xff, 0xe0, 0x00,
    0x00, 0x00, 0x00, 0x03, 0xff, 0xfa, 0xef, 0xf9,
    0x00, 0x01, 0xff, 0xf9, 0x00, 0x0c, 0xff, 0xe0,
    0x00, 0x00, 0x00, 0x00, 0x02, 0xff, 0xfa, 0xef,
    0xf9, 0x00, 0x07, 0xff, 0xf2, 0x00, 0x0c, 0xff,
    0xe0, 0x00, 0x00, 0x00, 0x00, 0x02, 0xff, 0xfa,
    0xef, 0xf9, 0x00, 0x0d, 0xff, 0xb0, 0x00, 0x0c,
    0xff, 0xe0, 0x00, 0x00, 0x00, 0x00, 0x02, 0xff,
    0xfa, 0xef, 0xf9, 0x00, 0x3f, 0xff, 0x30, 0x00,
    0x0c, 0xff, 0xe0, 0x00, 0x00, 0x00, 0x00, 0x02,
    0xff, 0xfa, 0xef, 0xf9, 0x00, 0xaf, 0xfc, 0x00,
    0x00, 0x0c, 0xff, 0xe0, 0x00, 0x00, 0x00, 0x00,
    0x02, 0xff, 0xfa, 0xef, 0xf9, 0x01, 0xff, 0xf4,
    0x00, 0x00, 0x0c, 0xff, 0xe0, 0x00, 0x00, 0x00,
    0x00, 0x02, 0xff, 0xfa, 0xef, 0xf9, 0x08, 0xff,
    0xe1, 0x00, 0x00, 0x0c, 0xff, 0xe0, 0x00, 0x00,
    0x00, 0x00, 0x02, 0xff, 0xfa, 0xef, 0xf9, 0x02,
    0xef, 0xfd, 0x00, 0x00, 0x0c, 0xff, 0xe0, 0x00,
    0x00, 0x00, 0x00, 0x02, 0xff, 0xfa, 0xef, 0xf9,
    0x00, 0x2f, 0xff, 0xb0, 0x00, 0x0c, 0xff, 0xe0,
    0x00, 0x00, 0x00, 0x00, 0x02, 0xff, 0xfa, 0xef,
    0xf9, 0x00, 0x04, 0xff, 0xf6, 0x00, 0x0c, 0xff,
    0xff, 0xff, 0xff, 0xff, 0xff, 0xff, 0xff, 0xfa,
    0xef, 0xf9, 0x00, 0x00, 0xaf, 0xfe, 0x00, 0x0c,
    0xff, 0xff, 0xff, 0xff, 0xff, 0xff, 0xff, 0xff,
    0xfa, 0xef, 0xf9, 0x00, 0x00, 0x3f, 0xff, 0x50,
    0x0c, 0xff, 0xff, 0xff, 0xff, 0xff, 0xff, 0xff,
    0xff, 0xfa, 0xef, 0xf9, 0x00, 0x00, 0x0d, 0xff,
    0xa0, 0x0c, 0xff, 0xf9, 0x99, 0x99, 0x99, 0x99,
    0x9a, 0xff, 0xfa, 0xef, 0xf9, 0x00, 0x00, 0x09,
    0xff, 0xd0, 0x0c, 0xff, 0xe0, 0x00, 0x00, 0x00,
    0x00, 0x02, 0xff, 0xfa, 0xef, 0xf9, 0x00, 0x00,
    0x07, 0xff, 0xf0, 0x0c, 0xff, 0xe0, 0x00, 0x00,
    0x00, 0x00, 0x02, 0xff, 0xfa, 0xef, 0xf9, 0x00,
    0x00, 0x08, 0xff, 0xf0, 0x0c, 0xff, 0xe0, 0x00,
    0x00, 0x00, 0x00, 0x02, 0xff, 0xfa, 0xef, 0xf9,
    0x00, 0x00, 0x0d, 0xff, 0xe0, 0x0c, 0xff, 0xe0,
    0x00, 0x00, 0x00, 0x00, 0x02, 0xff, 0xfa, 0xef,
    0xf9, 0x25, 0x55, 0xbf, 0xff, 0xb0, 0x0c, 0xff,
    0xe0, 0x00, 0x00, 0x00, 0x00, 0x02, 0xff, 0xfa,
    0xef, 0xf9, 0x2f, 0xff, 0xff, 0xff, 0x60, 0x0c,
    0xff, 0xe0, 0x00, 0x00, 0x00, 0x00, 0x02, 0xff,
    0xfa, 0xef, 0xf9, 0x0d, 0xff, 0xff, 0xfb, 0x00,
    0x0c, 0xff, 0xe0, 0x00, 0x00, 0x00, 0x00, 0x02,
    0xff, 0xfa, 0xef, 0xf9, 0x0b, 0xff, 0xfc, 0x60,
    0x00, 0x0c, 0xff, 0xe0, 0x00, 0x00, 0x00, 0x00,
    0x02, 0xff, 0xfa, 0xef, 0xf9, 0x00, 0x00, 0x00,
    0x00, 0x00, 0x0c, 0xff, 0xe0, 0x00, 0x00, 0x00,
    0x00, 0x02, 0xff, 0xfa, 0xef, 0xf9, 0x00, 0x00,
    0x00, 0x00, 0x00, 0x0c, 0xff, 0xe0, 0x00, 0x00,
    0x00, 0x00, 0x02, 0xff, 0xfa, 0xef, 0xf9, 0x00,
    0x00, 0x00, 0x00, 0x00, 0x0c, 0xff, 0xf7, 0x77,
    0x77, 0x77, 0x77, 0x79, 0xff, 0xfa, 0xef, 0xf9,
    0x00, 0x00, 0x00, 0x00, 0x00, 0x0c, 0xff, 0xff,
    0xff, 0xff, 0xff, 0xff, 0xff, 0xff, 0xfa, 0xef,
    0xf9, 0x00, 0x00, 0x00, 0x00, 0x00, 0x0c, 0xff,
    0xff, 0xff, 0xff, 0xff, 0xff, 0xff, 0xff, 0xfa,
    0xef, 0xf9, 0x00, 0x00, 0x00, 0x00, 0x00, 0x0c,
    0xff, 0xff, 0xff, 0xff, 0xff, 0xff, 0xff, 0xff,
    0xfa, 0xef, 0xf9, 0x00, 0x00, 0x00, 0x00, 0x00,
    0x0c, 0xff, 0xe0, 0x00, 0x00, 0x00, 0x00, 0x03,
    0xff, 0xfa, 0xef, 0xf9, 0x00, 0x00, 0x00, 0x00,
    0x00, 0x0c, 0xff, 0xe0, 0x00, 0x00, 0x00, 0x00,
    0x02, 0xff, 0xfa, 0xef, 0xf9, 0x00, 0x00, 0x00,
    0x00, 0x00, 0x0c, 0xff, 0xe0, 0x00, 0x00, 0x00,
    0x00, 0x01, 0xbb, 0xb7,

    /* U+97F3 "音" */
    0x00, 0x00, 0x00, 0x00, 0x00, 0x00, 0x00, 0x00,
    0x00, 0x00, 0x00, 0x00, 0x00, 0x00, 0x00, 0x00,
    0x00, 0x00, 0x00, 0x00, 0x00, 0x00, 0x00, 0x00,
    0x00, 0x08, 0xbe, 0xf4, 0x00, 0x00, 0x00, 0x00,
    0x00, 0x00, 0x00, 0x00, 0x00, 0x00, 0x00, 0x00,
    0x00, 0x00, 0x00, 0x07, 0xff, 0xfd, 0x00, 0x00,
    0x00, 0x00, 0x00, 0x00, 0x00, 0x00, 0x00, 0x00,
    0x00, 0x00, 0x00, 0x00, 0x00, 0x01, 0xff, 0xff,
    0x40, 0x00, 0x00, 0x00, 0x00, 0x00, 0x00, 0x00,
    0x00, 0x35, 0x55, 0x55, 0x55, 0x55, 0x55, 0x55,
    0xcf, 0xff, 0xb5, 0x55, 0x55, 0x55, 0x55, 0x55,
    0x55, 0x00, 0x00, 0xaf, 0xff, 0xff, 0xff, 0xff,
    0xff, 0xff, 0xff, 0xff, 0xff, 0xff, 0xff, 0xff,
    0xff, 0xff, 0xff, 0x00, 0x00, 0xaf, 0xff, 0xff,
    0xff, 0xff, 0xff, 0xff, 0xff, 0xff, 0xff, 0xff,
    0xff, 0xff, 0xff, 0xff, 0xff, 0x00, 0x00, 0xaf,
    0xff, 0xff, 0xff, 0xff, 0xff, 0xff, 0xff, 0xff,
    0xff, 0xff, 0xff, 0xff, 0xff, 0xff, 0xff, 0x00,
    0x00, 0x01, 0x11, 0x12, 0x58, 0xc8, 0x11, 0x11,
    0x11, 0x11, 0x11, 0x11, 0x6e, 0xb7, 0x41, 0x11,
    0x11, 0x00, 0x00, 0x00, 0x00, 0x01, 0xff, 0xff,
    0x20, 0x00, 0x00, 0x00, 0x00, 0x00, 0xaf, 0xff,
    0xc0, 0x00, 0x00, 0x00, 0x00, 0x00, 0x00, 0x00,
    0x9f, 0xff, 0x90, 0x00, 0x00, 0x00, 0x00, 0x01,
    0xff, 0xff, 0x40, 0x00, 0x00, 0x00, 0x00, 0x00,
    0x00, 0x00, 0x3f, 0xff, 0xf0, 0x00, 0x00, 0x00,
    0x00, 0x07, 0xff, 0xfd, 0x00, 0x00, 0x00, 0x00,
    0x00, 0x00, 0x00, 0x00, 0x0d, 0xff, 0xf5, 0x00,
    0x00, 0x00, 0x00, 0x0d, 0xff, 0xf5, 0x00, 0x00,
    0x00, 0x00, 0x00, 0x00, 0x00, 0x00, 0x08, 0xff,
    0xf9, 0x00, 0x00, 0x00, 0x00, 0x5f, 0xff, 0xc0,
    0x00, 0x00, 0x00, 0x00, 0xef, 0xff, 0xff, 0xff,
    0xff, 0xff, 0xff, 0xff, 0xff, 0xff, 0xff, 0xff,
    0xff, 0xff, 0xff, 0xff, 0xff, 0xfe, 0xef, 0xff,
    0xff, 0xff, 0xff, 0xff, 0xff, 0xff, 0xff, 0xff,
    0xff, 0xff, 0xff, 0xff, 0xff, 0xff, 0xff, 0xfe,
    0xef, 0xff, 0xff, 0xff, 0xff, 0xff, 0xff, 0xff,
    0xff, 0xff, 0xff, 0xff, 0xff, 0xff, 0xff, 0xff,
    0xff, 0xfe, 0x56, 0x66, 0x66, 0x66, 0x66, 0x66,
    0x66, 0x66, 0x66, 0x66, 0x66, 0x66, 0x66, 0x66,
    0x66, 0x66, 0x66, 0x66, 0x00, 0x00, 0x00, 0x00,
    0x00, 0x00, 0x00, 0x00, 0x00, 0x00, 0x00, 0x00,
    0x00, 0x00, 0x00, 0x00, 0x00, 0x00, 0x00, 0x00,
    0x00, 0x00, 0x00, 0x00, 0x00, 0x00, 0x00, 0x00,
    0x00, 0x00, 0x00, 0x00, 0x00, 0x00, 0x00, 0x00,
    0x00, 0x00, 0x03, 0x55, 0x55, 0x55, 0x55, 0x55,
    0x55, 0x55, 0x55, 0x55, 0x55, 0x55, 0x55, 0x50,
    0x00, 0x00, 0x00, 0x00, 0x09, 0xff, 0xff, 0xff,
    0xff, 0xff, 0xff, 0xff, 0xff, 0xff, 0xff, 0xff,
    0xff, 0xf0, 0x00, 0x00, 0x00, 0x00, 0x09, 0xff,
    0xff, 0xff, 0xff, 0xff, 0xff, 0xff, 0xff, 0xff,
    0xff, 0xff, 0xff, 0xf0, 0x00, 0x00, 0x00, 0x00,
    0x09, 0xff, 0xfd, 0xdd, 0xdd, 0xdd, 0xdd, 0xdd,
    0xdd, 0xdd, 0xdd, 0xdf, 0xff, 0xf0, 0x00, 0x00,
    0x00, 0x00, 0x09, 0xff, 0xf2, 0x00, 0x00, 0x00,
    0x00, 0x00, 0x00, 0x00, 0x00, 0x0e, 0xff, 0xf0,
    0x00, 0x00, 0x00, 0x00, 0x09, 0xff, 0xf2, 0x00,
    0x00, 0x00, 0x00, 0x00, 0x00, 0x00, 0x00, 0x0e,
    0xff, 0xf0, 0x00, 0x00, 0x00, 0x00, 0x09, 0xff,
    0xf2, 0x00, 0x00, 0x00, 0x00, 0x00, 0x00, 0x00,
    0x00, 0x0e, 0xff, 0xf0, 0x00, 0x00, 0x00, 0x00,
    0x09, 0xff, 0xfe, 0xee, 0xee, 0xee, 0xee, 0xee,
    0xee, 0xee, 0xee, 0xef, 0xff, 0xf0, 0x00, 0x00,
    0x00, 0x00, 0x09, 0xff, 0xff, 0xff, 0xff, 0xff,
    0xff, 0xff, 0xff, 0xff, 0xff, 0xff, 0xff, 0xf0,
    0x00, 0x00, 0x00, 0x00, 0x09, 0xff, 0xff, 0xff,
    0xff, 0xff, 0xff, 0xff, 0xff, 0xff, 0xff, 0xff,
    0xff, 0xf0, 0x00, 0x00, 0x00, 0x00, 0x09, 0xff,
    0xf3, 0x00, 0x00, 0x00, 0x00, 0x00, 0x00, 0x00,
    0x00, 0x0e, 0xff, 0xf0, 0x00, 0x00, 0x00, 0x00,
    0x09, 0xff, 0xf2, 0x00, 0x00, 0x00, 0x00, 0x00,
    0x00, 0x00, 0x00, 0x0e, 0xff, 0xf0, 0x00, 0x00,
    0x00, 0x00, 0x09, 0xff, 0xf2, 0x00, 0x00, 0x00,
    0x00, 0x00, 0x00, 0x00, 0x00, 0x0e, 0xff, 0xf0,
    0x00, 0x00, 0x00, 0x00, 0x09, 0xff, 0xf5, 0x33,
    0x33, 0x33, 0x33, 0x33, 0x33, 0x33, 0x33, 0x3e,
    0xff, 0xf0, 0x00, 0x00, 0x00, 0x00, 0x09, 0xff,
    0xff, 0xff, 0xff, 0xff, 0xff, 0xff, 0xff, 0xff,
    0xff, 0xff, 0xff, 0xf0, 0x00, 0x00, 0x00, 0x00,
    0x09, 0xff, 0xff, 0xff, 0xff, 0xff, 0xff, 0xff,
    0xff, 0xff, 0xff, 0xff, 0xff, 0xf0, 0x00, 0x00,
    0x00, 0x00, 0x09, 0xff, 0xff, 0xff, 0xff, 0xff,
    0xff, 0xff, 0xff, 0xff, 0xff, 0xff, 0xff, 0xf0,
    0x00, 0x00, 0x00, 0x00, 0x09, 0xff, 0xf2, 0x00,
    0x00, 0x00, 0x00, 0x00, 0x00, 0x00, 0x00, 0x0e,
    0xff, 0xf0, 0x00, 0x00, 0x00, 0x00, 0x00, 0x00,
    0x00, 0x00, 0x00, 0x00, 0x00, 0x00, 0x00, 0x00,
    0x00, 0x00, 0x00, 0x00, 0x00, 0x00,

    /* U+9884 "预" */
    0x00, 0x00, 0x00, 0x00, 0x00, 0x00, 0x00, 0x00,
    0x01, 0x11, 0x11, 0x11, 0x11, 0x11, 0x11, 0x11,
    0x11, 0x11, 0x10, 0x0f, 0xff, 0xff, 0xff, 0xff,
    0xff, 0xff, 0xe4, 0x0e, 0xff, 0xff, 0xff, 0xff,
    0xff, 0xff, 0xff, 0xff, 0xff, 0xf3, 0x0f, 0xff,
    0xff, 0xff, 0xff, 0xff, 0xff, 0xff, 0x3e, 0xff,
    0xff, 0xff, 0xff, 0xff, 0xff, 0xff, 0xff, 0xff,
    0xf3, 0x0f, 0xff, 0xff, 0xff, 0xff, 0xff, 0xff,
    0xfb, 0x0e, 0xff, 0xff, 0xff, 0xff, 0xff, 0xff,
    0xff, 0xff, 0xff, 0xf3, 0x05, 0x55, 0x55, 0x55,
    0x55, 0x6f, 0xff, 0xf2, 0x03, 0x33, 0x33, 0x33,
    0x3d, 0xff, 0xf6, 0x33, 0x33, 0x33, 0x30, 0x00,
    0x00, 0x00, 0x00, 0x00, 0xbf, 0xff, 0x50, 0x00,
    0x00, 0x00, 0x00, 0x0f, 0xff, 0xe0, 0x00, 0x00,
    0x00, 0x00, 0x00, 0x00, 0x10, 0x00, 0x07, 0xff,
    0xf9, 0x00, 0x00, 0x00, 0x00, 0x00, 0x3f, 0xff,
    0x90, 0x00, 0x00, 0x00, 0x00, 0x00, 0x0a, 0xe5,
    0x00, 0x5f, 0xff, 0xc0, 0x00, 0x00, 0x13, 0x33,
    0x33, 0x8f, 0xff, 0x73, 0x33, 0x33, 0x32, 0x00,
    0x00, 0x7f, 0xff, 0xa6, 0xff, 0xfe, 0x10, 0x00,
    0x00, 0x8f, 0xff, 0xff, 0xff, 0xff, 0xff, 0xff,
    0xff, 0xfa, 0x00, 0x00, 0x9f, 0xff, 0xff, 0xff,
    0xe2, 0x00, 0x00, 0x00, 0x8f, 0xff, 0xff, 0xff,
    0xff, 0xff, 0xff, 0xff, 0xfa, 0x00, 0x00, 0x03,
    0xdf, 0xff, 0xff, 0x40, 0x00, 0x00, 0x00, 0x8f,
    0xff, 0xff, 0xff, 0xff, 0xff, 0xff, 0xff, 0xfa,
    0x00, 0x00, 0x00, 0x09, 0xff, 0xff, 0xe5, 0x00,
    0x00, 0x00, 0x8f, 0xff, 0x33, 0x33, 0x33, 0x33,
    0x33, 0xff, 0xfa, 0x00, 0x00, 0x00, 0x00, 0x4e,
    0xff, 0xff, 0xa0, 0x00, 0x00, 0x8f, 0xff, 0x00,
    0x00, 0x00, 0x00, 0x00, 0xff, 0xfa, 0x00, 0x00,
    0x00, 0x00, 0x01, 0xbf, 0xff, 0xe1, 0x00, 0x00,
    0x8f, 0xff, 0x00, 0x04, 0x44, 0x30, 0x00, 0xff,
    0xfa, 0x00, 0xab, 0xbb, 0xbb, 0xbb, 0xbf, 0xff,
    0xeb, 0xcc, 0x82, 0x8f, 0xff, 0x00, 0x0d, 0xff,
    0xb0, 0x00, 0xff, 0xfa, 0x00, 0xef, 0xff, 0xff,
    0xff, 0xff, 0xff, 0xff, 0xff, 0xf4, 0x8f, 0xff,
    0x00, 0x0d, 0xff, 0xb0, 0x00, 0xff, 0xfa, 0x00,
    0xef, 0xff, 0xff, 0xff, 0xff, 0xff, 0xff, 0xff,
    0xf0, 0x8f, 0xff, 0x00, 0x0d, 0xff, 0xb0, 0x00,
    0xff, 0xfa, 0x00, 0x9a, 0xaa, 0xaa, 0xdf, 0xff,
    0xba, 0xad, 0xff, 0xa0, 0x8f, 0xff, 0x00, 0x0d,
    0xff, 0xb0, 0x00, 0xff, 0xfa, 0x00, 0x00, 0x00,
    0x00, 0x9f, 0xff, 0x10, 0x0c, 0xff, 0x50, 0x8f,
    0xff, 0x00, 0x0d, 0xff, 0xb0, 0x00, 0xff, 0xfa,
    0x00, 0x00, 0x00, 0x00, 0x9f, 0xff, 0x10, 0x1f,
    0xff, 0x00, 0x8f, 0xff, 0x00, 0x0d, 0xff, 0xb0,
    0x00, 0xff, 0xfa, 0x00, 0x00, 0x00, 0x00, 0x9f,
    0xff, 0x10, 0x6f, 0xfa, 0x00, 0x8f, 0xff, 0x00,
    0x0d, 0xff, 0xb0, 0x00, 0xff, 0xfa, 0x00, 0x00,
    0x00, 0x00, 0x9f, 0xff, 0x10, 0xcf, 0xf5, 0x00,
    0x8f, 0xff, 0x00, 0x0d, 0xff, 0xb0, 0x00, 0xff,
    0xfa, 0x00, 0x00, 0x00, 0x00, 0x9f, 0xff, 0x12,
    0xff, 0xe0, 0x00, 0x8f, 0xff, 0x00, 0x0e, 0xff,
    0xa0, 0x00, 0xff, 0xfa, 0x00, 0x00, 0x00, 0x00,
    0x9f, 0xff, 0x10, 0x26, 0x50, 0x00, 0x8f, 0xff,
    0x00, 0x0f, 0xff, 0x90, 0x00, 0xff, 0xfa, 0x00,
    0x00, 0x00, 0x00, 0x9f, 0xff, 0x10, 0x00, 0x00,
    0x00, 0x8f, 0xff, 0x00, 0x3f, 0xff, 0x60, 0x00,
    0xff, 0xfa, 0x00, 0x00, 0x00, 0x00, 0x9f, 0xff,
    0x10, 0x00, 0x00, 0x00, 0x8f, 0xff, 0x00, 0x8f,
    0xff, 0x30, 0x00, 0xff, 0xfa, 0x00, 0x00, 0x00,
    0x00, 0x9f, 0xff, 0x10, 0x00, 0x00, 0x00, 0x7e,
    0xee, 0x00, 0xef, 0xfe, 0x00, 0x00, 0xcc, 0xc8,
    0x00, 0x00, 0x00, 0x00, 0x9f, 0xff, 0x10, 0x00,
    0x00, 0x00, 0x00, 0x00, 0x07, 0xff, 0xf8, 0x01,
    0x30, 0x00, 0x00, 0x00, 0x00, 0x00, 0x00, 0x9f,
    0xff, 0x10, 0x00, 0x00, 0x00, 0x00, 0x00, 0x3f,
    0xff, 0xf1, 0x2d, 0xf7, 0x00, 0x00, 0x00, 0x00,
    0x00, 0x00, 0x9f, 0xff, 0x10, 0x00, 0x00, 0x00,
    0x00, 0x03, 0xef, 0xff, 0x71, 0xef, 0xff, 0xa0,
    0x00, 0x00, 0x00, 0x00, 0x00, 0x9f, 0xff, 0x10,
    0x00, 0x00, 0x00, 0x00, 0x5f, 0xff, 0xfb, 0x00,
    0x7f, 0xff, 0xfc, 0x10, 0x00, 0x00, 0x00, 0x00,
    0x9f, 0xff, 0x10, 0x00, 0x00, 0x00, 0x2b, 0xff,
    0xff, 0xc0, 0x00, 0x04, 0xff, 0xff, 0xe3, 0x00,
    0x04, 0x77, 0x78, 0xdf, 0xff, 0x00, 0x00, 0x00,
    0x4b, 0xff, 0xff, 0xfa, 0x00, 0x00, 0x00, 0x2e,
    0xff, 0xff, 0x40, 0x03, 0xff, 0xff, 0xff, 0xfe,
    0x00, 0x00, 0x09, 0xff, 0xff, 0xfe, 0x50, 0x00,
    0x00, 0x00, 0x01, 0xdf, 0xff, 0xf2, 0x00, 0xdf,
    0xff, 0xff, 0xf8, 0x00, 0x00, 0x00, 0xcf, 0xff,
    0x81, 0x00, 0x00, 0x00, 0x00, 0x00, 0x1c, 0xff,
    0x70, 0x00, 0x9f, 0xff, 0xeb, 0x60, 0x00, 0x00,
    0x00, 0x1c, 0x71, 0x00, 0x00, 0x00, 0x00, 0x00,
    0x00, 0x01, 0xd7, 0x00, 0x00, 0x01, 0x00, 0x00,
    0x00, 0x00, 0x00, 0x00, 0x00, 0x00, 0x00, 0x00,
    0x00, 0x00, 0x00, 0x00, 0x00, 0x00, 0x00,

    /* U+9AA4 "骤" */
    0x00, 0x00, 0x00, 0x00, 0x00, 0x11, 0x00, 0x15,
    0x55, 0x55, 0x55, 0x55, 0x55, 0x50, 0x00, 0x00,
    0x00, 0x00, 0x00, 0x01, 0xff, 0xff, 0xff, 0xff,
    0xff, 0xf8, 0x3f, 0xff, 0xff, 0xff, 0xff, 0xff,
    0xf2, 0xdd, 0xdd, 0xdd, 0xee, 0xa1, 0x01, 0xff,
    0xff, 0xff, 0xff, 0xff, 0xf7, 0x3f, 0xff, 0xff,
    0xff, 0xff, 0xff, 0xf2, 0xff, 0xff, 0xff, 0xff,
    0xf0, 0x01, 0xff, 0xff, 0xff, 0xff, 0xff, 0xf6,
    0x15, 0xaf, 0xf8, 0x55, 0x5f, 0xfe, 0x51, 0xff,
    0xff, 0xff, 0xff, 0xc0, 0x00, 0x33, 0x33, 0x33,
    0x33, 0xdf, 0xf5, 0x00, 0x7f, 0xf4, 0x00, 0x0e,
    0xfd, 0x00, 0x00, 0x00, 0x05, 0xff, 0x80, 0x00,
    0x00, 0x00, 0x00, 0x00, 0xef, 0xf4, 0x00, 0x7f,
    0xff, 0xff, 0xff, 0xfd, 0x00, 0x39, 0x00, 0x0b,
    0xff, 0x40, 0x00, 0x00, 0x00, 0x00, 0x00, 0xff,
    0xf3, 0x00, 0x7f, 0xff, 0xff, 0xff, 0xfd, 0x05,
    0xff, 0xb0, 0x1f, 0xfe, 0x00, 0x00, 0x03, 0xee,
    0xc0, 0x00, 0xff, 0xf1, 0x00, 0x7f, 0xf6, 0x22,
    0x2f, 0xfd, 0x02, 0xef, 0xfa, 0x8f, 0xf9, 0x00,
    0x00, 0x04, 0xff, 0xe0, 0x01, 0xff, 0xf0, 0x00,
    0x7f, 0xf4, 0x00, 0x0e, 0xfd, 0x00, 0x2e, 0xff,
    0xff, 0xf2, 0x00, 0x00, 0x05, 0xff, 0xd0, 0x02,
    0xff, 0xf0, 0x00, 0x7f, 0xff, 0xff, 0xff, 0xfd,
    0x00, 0x03, 0xff, 0xff, 0xb0, 0x00, 0x00, 0x06,
    0xff, 0xc0, 0x03, 0xff, 0xe0, 0x00, 0x7f, 0xff,
    0xff, 0xff, 0xfd, 0x00, 0x00, 0x7f, 0xff, 0x80,
    0x00, 0x00, 0x07, 0xff, 0xb0, 0x04, 0xff, 0xd0,
    0x00, 0x7f, 0xf5, 0x22, 0x2f, 0xfd, 0x00, 0x01,
    0xef, 0xff, 0xf5, 0x00, 0x00, 0x09, 0xff, 0x90,
    0x05, 0xff, 0xb0, 0x00, 0x7f, 0xf4, 0x00, 0x2f,
    0xff, 0xa1, 0x1d, 0xff, 0xff, 0xff, 0x30, 0x00,
    0x0a, 0xff, 0x80, 0x07, 0xff, 0xa0, 0x03, 0xaf,
    0xfd, 0xdf, 0xff, 0xff, 0xf5, 0xdf, 0xff, 0x2b,
    0xff, 0xe1, 0x00, 0x0c, 0xff, 0x70, 0x08, 0xff,
    0x90, 0x3f, 0xff, 0xff, 0xff, 0xff, 0xff, 0xce,
    0xff, 0xf4, 0x00, 0xdf, 0xf5, 0x00, 0x0d, 0xff,
    0x60, 0x0a, 0xff, 0x70, 0x0f, 0xff, 0xff, 0xca,
    0x7f, 0xfd, 0x02, 0xfe, 0x30, 0x00, 0x3f, 0x60,
    0x00, 0x0f, 0xff, 0x40, 0x0c, 0xff, 0x60, 0x07,
    0x74, 0x20, 0x00, 0x0e, 0xfd, 0x00, 0x51, 0x02,
    0x50, 0x01, 0x00, 0x00, 0x1f, 0xff, 0x41, 0x1e,
    0xff, 0x51, 0x10, 0x00, 0x00, 0x00, 0x06, 0x89,
    0x57, 0xac, 0xff, 0xfb, 0x10, 0x00, 0x00, 0x3f,
    0xff, 0xff, 0xff, 0xff, 0xff, 0xf3, 0x26, 0x89,
    0xac, 0xef, 0xff, 0xff, 0xff, 0xff, 0xff, 0xd1,
    0x00, 0x00, 0x5f, 0xff, 0xff, 0xff, 0xff, 0xff,
    0xf2, 0x2f, 0xff, 0xff, 0xff, 0xff, 0xff, 0xff,
    0xda, 0x74, 0x10, 0x00, 0x00, 0x7f, 0xff, 0xff,
    0xff, 0xff, 0xff, 0xf1, 0x0d, 0xff, 0xfe, 0xcb,
    0xcf, 0xfd, 0x20, 0x00, 0x00, 0x00, 0x00, 0x00,
    0x00, 0x00, 0x00, 0x00, 0x06, 0xff, 0xf0, 0x02,
    0x20, 0x00, 0x00, 0x6f, 0xfd, 0x00, 0x00, 0x03,
    0xa1, 0x00, 0x00, 0x00, 0x00, 0x00, 0x00, 0x07,
    0xff, 0xf0, 0x00, 0x00, 0x5e, 0x94, 0x6f, 0xfd,
    0x00, 0x00, 0x7f, 0xfd, 0x20, 0x00, 0x00, 0x00,
    0x00, 0x00, 0x08, 0xff, 0xe0, 0x00, 0x09, 0xff,
    0xf8, 0x6f, 0xfd, 0x00, 0x1b, 0xff, 0xfd, 0x30,
    0x00, 0x00, 0x00, 0x03, 0x6a, 0x39, 0xff, 0xd0,
    0x04, 0xdf, 0xff, 0x70, 0x6f, 0xff, 0x46, 0xff,
    0xff, 0x80, 0x00, 0x00, 0x14, 0x8b, 0xff, 0xff,
    0x5b, 0xff, 0xb2, 0xbf, 0xff, 0xe4, 0x00, 0x6f,
    0xff, 0xff, 0xff, 0xc2, 0x00, 0x00, 0x1e, 0xff,
    0xff, 0xff, 0xff, 0x7c, 0xff, 0xa4, 0xff, 0xfb,
    0x10, 0x00, 0x6f, 0xff, 0xff, 0xd5, 0x00, 0x00,
    0x00, 0x0f, 0xff, 0xff, 0xfc, 0x84, 0x0e, 0xff,
    0x80, 0x5e, 0x50, 0x04, 0xe9, 0x9f, 0xff, 0xff,
    0xe3, 0x00, 0x00, 0x00, 0x0b, 0xfc, 0x84, 0x00,
    0x00, 0x0f, 0xff, 0x70, 0x00, 0x00, 0x5f, 0xff,
    0xff, 0xfd, 0xbf, 0xff, 0x60, 0x00, 0x00, 0x02,
    0x00, 0x00, 0x00, 0x00, 0x2f, 0xff, 0x40, 0x00,
    0x08, 0xff, 0xfc, 0x6f, 0xfd, 0x0b, 0xff, 0xfc,
    0x30, 0x00, 0x00, 0x00, 0x00, 0x00, 0x00, 0x5f,
    0xff, 0x20, 0x04, 0xdf, 0xff, 0xb0, 0x6f, 0xfd,
    0x00, 0xaf, 0xff, 0xfb, 0x40, 0x00, 0x00, 0x00,
    0x00, 0x00, 0x9f, 0xff, 0x03, 0xbf, 0xff, 0xf8,
    0x00, 0x6f, 0xfd, 0x00, 0x06, 0xff, 0xff, 0xf7,
    0x00, 0x00, 0x01, 0x00, 0x02, 0xff, 0xfb, 0x1d,
    0xff, 0xfe, 0x40, 0x00, 0x6f, 0xfd, 0x00, 0x00,
    0x2b, 0xff, 0x90, 0x00, 0x00, 0x0a, 0xff, 0xff,
    0xff, 0xf5, 0x01, 0xcf, 0x91, 0x00, 0x00, 0x6f,
    0xfd, 0x00, 0x00, 0x00, 0x4a, 0x00, 0x00, 0x00,
    0x05, 0xff, 0xff, 0xff, 0xc0, 0x00, 0x12, 0x00,
    0x00, 0x00, 0x6f, 0xfd, 0x00, 0x00, 0x00, 0x00,
    0x00, 0x00, 0x00, 0x01, 0xff, 0xfe, 0xc8, 0x00,
    0x00, 0x00, 0x00, 0x00, 0x00, 0x6f, 0xfd, 0x00,
    0x00, 0x00, 0x00, 0x00
};

/*---------------------
 *  GLYPH DESCRIPTION
 *--------------------*/

static const lv_font_fmt_txt_glyph_dsc_t glyph_dsc[] = {
    {.bitmap_index = 0, .adv_w = 0, .box_w = 0, .box_h = 0, .ofs_x = 0, .ofs_y = 0} /* id = 0 reserved */,
    {.bitmap_index = 0, .adv_w = 640, .box_w = 38, .box_h = 5, .ofs_x = 1, .ofs_y = 13},
    {.bitmap_index = 95, .adv_w = 640, .box_w = 38, .box_h = 36, .ofs_x = 1, .ofs_y = -3},
    {.bitmap_index = 779, .adv_w = 640, .box_w = 36, .box_h = 31, .ofs_x = 2, .ofs_y = -1},
    {.bitmap_index = 1337, .adv_w = 640, .box_w = 38, .box_h = 37, .ofs_x = 1, .ofs_y = -3},
    {.bitmap_index = 2040, .adv_w = 640, .box_w = 40, .box_h = 38, .ofs_x = 0, .ofs_y = -4},
    {.bitmap_index = 2800, .adv_w = 640, .box_w = 36, .box_h = 29, .ofs_x = 2, .ofs_y = 0},
    {.bitmap_index = 3322, .adv_w = 640, .box_w = 37, .box_h = 35, .ofs_x = 1, .ofs_y = -4},
    {.bitmap_index = 3970, .adv_w = 640, .box_w = 36, .box_h = 35, .ofs_x = 2, .ofs_y = -4},
    {.bitmap_index = 4600, .adv_w = 640, .box_w = 36, .box_h = 32, .ofs_x = 2, .ofs_y = -2},
    {.bitmap_index = 5176, .adv_w = 640, .box_w = 36, .box_h = 38, .ofs_x = 2, .ofs_y = -4},
    {.bitmap_index = 5860, .adv_w = 640, .box_w = 38, .box_h = 37, .ofs_x = 1, .ofs_y = -3},
    {.bitmap_index = 6563, .adv_w = 640, .box_w = 38, .box_h = 38, .ofs_x = 1, .ofs_y = -4},
    {.bitmap_index = 7285, .adv_w = 640, .box_w = 38, .box_h = 38, .ofs_x = 1, .ofs_y = -4},
    {.bitmap_index = 8007, .adv_w = 640, .box_w = 39, .box_h = 38, .ofs_x = 0, .ofs_y = -4},
    {.bitmap_index = 8748, .adv_w = 640, .box_w = 38, .box_h = 38, .ofs_x = 1, .ofs_y = -4},
    {.bitmap_index = 9470, .adv_w = 640, .box_w = 39, .box_h = 35, .ofs_x = 1, .ofs_y = -4},
    {.bitmap_index = 10153, .adv_w = 640, .box_w = 38, .box_h = 38, .ofs_x = 1, .ofs_y = -4},
    {.bitmap_index = 10875, .adv_w = 640, .box_w = 38, .box_h = 38, .ofs_x = 1, .ofs_y = -4},
    {.bitmap_index = 11597, .adv_w = 640, .box_w = 34, .box_h = 37, .ofs_x = 3, .ofs_y = -3},
    {.bitmap_index = 12226, .adv_w = 640, .box_w = 33, .box_h = 37, .ofs_x = 3, .ofs_y = -3},
    {.bitmap_index = 12837, .adv_w = 640, .box_w = 36, .box_h = 38, .ofs_x = 2, .ofs_y = -4},
    {.bitmap_index = 13521, .adv_w = 640, .box_w = 37, .box_h = 38, .ofs_x = 1, .ofs_y = -4},
    {.bitmap_index = 14224, .adv_w = 640, .box_w = 37, .box_h = 37, .ofs_x = 2, .ofs_y = -3},
    {.bitmap_index = 14909, .adv_w = 640, .box_w = 38, .box_h = 37, .ofs_x = 1, .ofs_y = -3},
    {.bitmap_index = 15612, .adv_w = 640, .box_w = 39, .box_h = 37, .ofs_x = 1, .ofs_y = -3},
    {.bitmap_index = 16334, .adv_w = 640, .box_w = 37, .box_h = 36, .ofs_x = 1, .ofs_y = -4},
    {.bitmap_index = 17000, .adv_w = 640, .box_w = 38, .box_h = 36, .ofs_x = 1, .ofs_y = -4},
    {.bitmap_index = 17684, .adv_w = 640, .box_w = 37, .box_h = 36, .ofs_x = 2, .ofs_y = -4},
    {.bitmap_index = 18350, .adv_w = 640, .box_w = 35, .box_h = 38, .ofs_x = 1, .ofs_y = -4},
    {.bitmap_index = 19015, .adv_w = 640, .box_w = 35, .box_h = 36, .ofs_x = 1, .ofs_y = -4},
    {.bitmap_index = 19645, .adv_w = 640, .box_w = 37, .box_h = 38, .ofs_x = 2, .ofs_y = -4},
    {.bitmap_index = 20348, .adv_w = 640, .box_w = 39, .box_h = 36, .ofs_x = 1, .ofs_y = -3},
    {.bitmap_index = 21050, .adv_w = 640, .box_w = 34, .box_h = 33, .ofs_x = 3, .ofs_y = -2},
    {.bitmap_index = 21611, .adv_w = 640, .box_w = 34, .box_h = 35, .ofs_x = 3, .ofs_y = -3},
    {.bitmap_index = 22206, .adv_w = 640, .box_w = 34, .box_h = 36, .ofs_x = 3, .ofs_y = -3},
    {.bitmap_index = 22818, .adv_w = 640, .box_w = 38, .box_h = 36, .ofs_x = 1, .ofs_y = -2},
    {.bitmap_index = 23502, .adv_w = 640, .box_w = 38, .box_h = 38, .ofs_x = 0, .ofs_y = -4},
    {.bitmap_index = 24224, .adv_w = 640, .box_w = 38, .box_h = 38, .ofs_x = 1, .ofs_y = -4},
    {.bitmap_index = 24946, .adv_w = 640, .box_w = 36, .box_h = 38, .ofs_x = 2, .ofs_y = -4},
    {.bitmap_index = 25630, .adv_w = 640, .box_w = 39, .box_h = 35, .ofs_x = 1, .ofs_y = -4},
    {.bitmap_index = 26313, .adv_w = 640, .box_w = 38, .box_h = 38, .ofs_x = 1, .ofs_y = -4},
    {.bitmap_index = 27035, .adv_w = 640, .box_w = 39, .box_h = 38, .ofs_x = 1, .ofs_y = -4},
    {.bitmap_index = 27776, .adv_w = 640, .box_w = 38, .box_h = 38, .ofs_x = 1, .ofs_y = -4},
    {.bitmap_index = 28498, .adv_w = 640, .box_w = 38, .box_h = 39, .ofs_x = 1, .ofs_y = -4},
    {.bitmap_index = 29239, .adv_w = 640, .box_w = 36, .box_h = 37, .ofs_x = 2, .ofs_y = -4},
    {.bitmap_index = 29905, .adv_w = 640, .box_w = 39, .box_h = 38, .ofs_x = 1, .ofs_y = -4},
    {.bitmap_index = 30646, .adv_w = 640, .box_w = 38, .box_h = 36, .ofs_x = 1, .ofs_y = -4},
    {.bitmap_index = 31330, .adv_w = 640, .box_w = 38, .box_h = 36, .ofs_x = 1, .ofs_y = -4},
    {.bitmap_index = 32014, .adv_w = 640, .box_w = 39, .box_h = 37, .ofs_x = 1, .ofs_y = -3},
    {.bitmap_index = 32736, .adv_w = 640, .box_w = 38, .box_h = 38, .ofs_x = 1, .ofs_y = -4},
    {.bitmap_index = 33458, .adv_w = 640, .box_w = 38, .box_h = 39, .ofs_x = 1, .ofs_y = -4},
    {.bitmap_index = 34199, .adv_w = 640, .box_w = 37, .box_h = 36, .ofs_x = 1, .ofs_y = -4},
    {.bitmap_index = 34865, .adv_w = 640, .box_w = 37, .box_h = 37, .ofs_x = 2, .ofs_y = -3},
    {.bitmap_index = 35550, .adv_w = 640, .box_w = 39, .box_h = 38, .ofs_x = 1, .ofs_y = -4},
    {.bitmap_index = 36291, .adv_w = 640, .box_w = 38, .box_h = 39, .ofs_x = 1, .ofs_y = -4},
    {.bitmap_index = 37032, .adv_w = 640, .box_w = 38, .box_h = 37, .ofs_x = 1, .ofs_y = -3},
    {.bitmap_index = 37735, .adv_w = 640, .box_w = 38, .box_h = 38, .ofs_x = 1, .ofs_y = -4},
    {.bitmap_index = 38457, .adv_w = 640, .box_w = 38, .box_h = 38, .ofs_x = 1, .ofs_y = -4},
    {.bitmap_index = 39179, .adv_w = 640, .box_w = 38, .box_h = 39, .ofs_x = 1, .ofs_y = -4},
    {.bitmap_index = 39920, .adv_w = 640, .box_w = 38, .box_h = 38, .ofs_x = 1, .ofs_y = -3},
    {.bitmap_index = 40642, .adv_w = 640, .box_w = 37, .box_h = 39, .ofs_x = 1, .ofs_y = -4},
    {.bitmap_index = 41364, .adv_w = 640, .box_w = 39, .box_h = 38, .ofs_x = 0, .ofs_y = -4},
    {.bitmap_index = 42105, .adv_w = 640, .box_w = 28, .box_h = 36, .ofs_x = 6, .ofs_y = -4},
    {.bitmap_index = 42609, .adv_w = 640, .box_w = 36, .box_h = 38, .ofs_x = 3, .ofs_y = -4},
    {.bitmap_index = 43293, .adv_w = 640, .box_w = 37, .box_h = 36, .ofs_x = 1, .ofs_y = -3},
    {.bitmap_index = 43959, .adv_w = 640, .box_w = 37, .box_h = 38, .ofs_x = 2, .ofs_y = -4},
    {.bitmap_index = 44662, .adv_w = 640, .box_w = 38, .box_h = 36, .ofs_x = 1, .ofs_y = -4},
    {.bitmap_index = 45346, .adv_w = 640, .box_w = 33, .box_h = 36, .ofs_x = 1, .ofs_y = -4},
    {.bitmap_index = 45940, .adv_w = 640, .box_w = 37, .box_h = 38, .ofs_x = 1, .ofs_y = -4},
    {.bitmap_index = 46643, .adv_w = 640, .box_w = 40, .box_h = 38, .ofs_x = 0, .ofs_y = -4},
    {.bitmap_index = 47403, .adv_w = 640, .box_w = 39, .box_h = 38, .ofs_x = 0, .ofs_y = -4},
    {.bitmap_index = 48144, .adv_w = 640, .box_w = 37, .box_h = 38, .ofs_x = 1, .ofs_y = -4},
    {.bitmap_index = 48847, .adv_w = 640, .box_w = 38, .box_h = 39, .ofs_x = 1, .ofs_y = -4},
    {.bitmap_index = 49588, .adv_w = 640, .box_w = 39, .box_h = 37, .ofs_x = 0, .ofs_y = -3},
    {.bitmap_index = 50310, .adv_w = 640, .box_w = 38, .box_h = 37, .ofs_x = 1, .ofs_y = -3},
    {.bitmap_index = 51013, .adv_w = 640, .box_w = 38, .box_h = 38, .ofs_x = 1, .ofs_y = -4},
    {.bitmap_index = 51735, .adv_w = 640, .box_w = 38, .box_h = 37, .ofs_x = 1, .ofs_y = -3},
    {.bitmap_index = 52438, .adv_w = 640, .box_w = 35, .box_h = 35, .ofs_x = 1, .ofs_y = -4},
    {.bitmap_index = 53051, .adv_w = 640, .box_w = 35, .box_h = 37, .ofs_x = 4, .ofs_y = -3},
    {.bitmap_index = 53699, .adv_w = 640, .box_w = 38, .box_h = 38, .ofs_x = 1, .ofs_y = -3},
    {.bitmap_index = 54421, .adv_w = 640, .box_w = 37, .box_h = 37, .ofs_x = 2, .ofs_y = -3},
    {.bitmap_index = 55106, .adv_w = 640, .box_w = 37, .box_h = 38, .ofs_x = 0, .ofs_y = -4},
    {.bitmap_index = 55809, .adv_w = 640, .box_w = 37, .box_h = 35, .ofs_x = 1, .ofs_y = -4},
    {.bitmap_index = 56457, .adv_w = 640, .box_w = 38, .box_h = 37, .ofs_x = 1, .ofs_y = -3},
    {.bitmap_index = 57160, .adv_w = 640, .box_w = 38, .box_h = 38, .ofs_x = 1, .ofs_y = -4},
    {.bitmap_index = 57882, .adv_w = 640, .box_w = 36, .box_h = 38, .ofs_x = 2, .ofs_y = -4},
    {.bitmap_index = 58566, .adv_w = 640, .box_w = 39, .box_h = 39, .ofs_x = 1, .ofs_y = -4},
    {.bitmap_index = 59327, .adv_w = 640, .box_w = 38, .box_h = 39, .ofs_x = 1, .ofs_y = -4},
    {.bitmap_index = 60068, .adv_w = 640, .box_w = 34, .box_h = 35, .ofs_x = 3, .ofs_y = -3},
    {.bitmap_index = 60663, .adv_w = 640, .box_w = 36, .box_h = 36, .ofs_x = 2, .ofs_y = -3},
    {.bitmap_index = 61311, .adv_w = 640, .box_w = 38, .box_h = 38, .ofs_x = 1, .ofs_y = -4},
    {.bitmap_index = 62033, .adv_w = 640, .box_w = 38, .box_h = 37, .ofs_x = 1, .ofs_y = -3},
    {.bitmap_index = 62736, .adv_w = 640, .box_w = 39, .box_h = 39, .ofs_x = 0, .ofs_y = -4},
    {.bitmap_index = 63497, .adv_w = 640, .box_w = 39, .box_h = 38, .ofs_x = 0, .ofs_y = -4},
    {.bitmap_index = 64238, .adv_w = 640, .box_w = 38, .box_h = 38, .ofs_x = 1, .ofs_y = -4},
    {.bitmap_index = 64960, .adv_w = 640, .box_w = 37, .box_h = 38, .ofs_x = 2, .ofs_y = -4},
    {.bitmap_index = 65663, .adv_w = 640, .box_w = 37, .box_h = 38, .ofs_x = 2, .ofs_y = -4},
    {.bitmap_index = 66366, .adv_w = 640, .box_w = 38, .box_h = 38, .ofs_x = 1, .ofs_y = -4},
    {.bitmap_index = 67088, .adv_w = 640, .box_w = 38, .box_h = 38, .ofs_x = 1, .ofs_y = -4},
    {.bitmap_index = 67810, .adv_w = 640, .box_w = 38, .box_h = 37, .ofs_x = 1, .ofs_y = -4},
    {.bitmap_index = 68513, .adv_w = 640, .box_w = 38, .box_h = 37, .ofs_x = 1, .ofs_y = -3},
    {.bitmap_index = 69216, .adv_w = 640, .box_w = 40, .box_h = 38, .ofs_x = 0, .ofs_y = -4},
    {.bitmap_index = 69976, .adv_w = 640, .box_w = 38, .box_h = 37, .ofs_x = 1, .ofs_y = -3},
    {.bitmap_index = 70679, .adv_w = 640, .box_w = 38, .box_h = 38, .ofs_x = 1, .ofs_y = -4},
    {.bitmap_index = 71401, .adv_w = 640, .box_w = 38, .box_h = 38, .ofs_x = 1, .ofs_y = -4},
    {.bitmap_index = 72123, .adv_w = 640, .box_w = 37, .box_h = 38, .ofs_x = 1, .ofs_y = -4},
    {.bitmap_index = 72826, .adv_w = 640, .box_w = 38, .box_h = 37, .ofs_x = 1, .ofs_y = -4},
    {.bitmap_index = 73529, .adv_w = 640, .box_w = 38, .box_h = 36, .ofs_x = 1, .ofs_y = -3},
    {.bitmap_index = 74213, .adv_w = 640, .box_w = 38, .box_h = 37, .ofs_x = 1, .ofs_y = -4},
    {.bitmap_index = 74916, .adv_w = 640, .box_w = 37, .box_h = 36, .ofs_x = 2, .ofs_y = -3},
    {.bitmap_index = 75582, .adv_w = 640, .box_w = 38, .box_h = 37, .ofs_x = 1, .ofs_y = -3},
    {.bitmap_index = 76285, .adv_w = 640, .box_w = 34, .box_h = 38, .ofs_x = 3, .ofs_y = -4},
    {.bitmap_index = 76931, .adv_w = 640, .box_w = 34, .box_h = 38, .ofs_x = 3, .ofs_y = -4},
    {.bitmap_index = 77577, .adv_w = 640, .box_w = 34, .box_h = 36, .ofs_x = 3, .ofs_y = -3},
    {.bitmap_index = 78189, .adv_w = 640, .box_w = 36, .box_h = 39, .ofs_x = 2, .ofs_y = -4},
    {.bitmap_index = 78891, .adv_w = 640, .box_w = 38, .box_h = 37, .ofs_x = 1, .ofs_y = -4},
    {.bitmap_index = 79594, .adv_w = 640, .box_w = 38, .box_h = 36, .ofs_x = 0, .ofs_y = -3}
};

/*---------------------
 *  CHARACTER MAPPING
 *--------------------*/

static const uint16_t unicode_list_0[] = {
    0x00, 0x03, 0x09, 0x50, 0x5d, 0x8c, 0x8e, 0x91,
    0x94, 0xae, 0xf6, 0x1ca, 0x25c, 0x265, 0x349, 0x36b,
    0x36d, 0x373, 0x385, 0x3fa, 0x4a8, 0x4ff, 0x541, 0x561,
    0x577, 0x582, 0x58b, 0x5ef, 0x62f, 0x668, 0x724, 0x868,
    0x8db, 0x8fa, 0x906, 0x98b, 0xaf0, 0xb0d, 0xb1a, 0xb29,
    0xb2a, 0xbcb, 0xd58, 0xd9a, 0xdfc, 0xe0f, 0xe4f, 0xe55,
    0x1055, 0x10a6, 0x10b7, 0x1100, 0x110f, 0x1162, 0x1262, 0x1470,
    0x14a5, 0x152f, 0x1787, 0x17b0, 0x17b9, 0x17cb, 0x17e5, 0x17f6,
    0x181f, 0x1882, 0x18f4, 0x1908, 0x191f, 0x1a3c, 0x1c21, 0x1d65,
    0x1dcf, 0x1e14, 0x1e60, 0x1ed5, 0x2029, 0x2728, 0x2735, 0x28d8,
    0x2961, 0x29e5, 0x2b3a, 0x2bd2, 0x2e7b, 0x2efb, 0x30c8, 0x30df,
    0x3151, 0x316e, 0x3254, 0x32fd, 0x342a, 0x3a4c, 0x3a68, 0x3bc9,
    0x3c00, 0x3d66, 0x3dbe, 0x3ded, 0x3f2e, 0x3f77, 0x3fd1, 0x40ab,
    0x416c, 0x4174, 0x41db, 0x4210, 0x421a, 0x4392, 0x43cd, 0x47ea,
    0x47ed, 0x4833, 0x49f3, 0x4a84, 0x4ca4
};

/*Collect the unicode lists and glyph_id offsets*/
static const lv_font_fmt_txt_cmap_t cmaps[] =
{
    {
        .range_start = 19968, .range_length = 19621, .glyph_id_start = 1,
        .unicode_list = unicode_list_0, .glyph_id_ofs_list = NULL, .list_length = 117, .type = LV_FONT_FMT_TXT_CMAP_SPARSE_TINY
    }
};



/*--------------------
 *  ALL CUSTOM DATA
 *--------------------*/

#if LVGL_VERSION_MAJOR == 8
/*Store all the custom data of the font*/
static  lv_font_fmt_txt_glyph_cache_t cache;
#endif

#if LVGL_VERSION_MAJOR >= 8
static const lv_font_fmt_txt_dsc_t font_dsc = {
#else
static lv_font_fmt_txt_dsc_t font_dsc = {
#endif
    .glyph_bitmap = glyph_bitmap,
    .glyph_dsc = glyph_dsc,
    .cmaps = cmaps,
    .kern_dsc = NULL,
    .kern_scale = 0,
    .cmap_num = 1,
    .bpp = 4,
    .kern_classes = 0,
    .bitmap_format = 0,
#if LVGL_VERSION_MAJOR == 8
    .cache = &cache
#endif

};



/*-----------------
 *  PUBLIC FONT
 *----------------*/

/*Initialize a public general font descriptor*/
#if LVGL_VERSION_MAJOR >= 8
const lv_font_t NS_Medium_zh_40_data = {
#else
lv_font_t NS_Medium_zh_40_data = {
#endif
    .get_glyph_dsc = lv_font_get_glyph_dsc_fmt_txt,    /*Function pointer to get glyph's data*/
    .get_glyph_bitmap = lv_font_get_bitmap_fmt_txt,    /*Function pointer to get glyph's bitmap*/
    .line_height = 39,          /*The maximum line height required by the font*/
    .base_line = 4,             /*Baseline measured from the bottom of the line*/
#if !(LVGL_VERSION_MAJOR == 6 && LVGL_VERSION_MINOR == 0)
    .subpx = LV_FONT_SUBPX_NONE,
#endif
#if LV_VERSION_CHECK(7, 4, 0) || LVGL_VERSION_MAJOR >= 8
    .underline_position = -5,
    .underline_thickness = 2,
#endif

#if LV_VERSION_CHECK(9, 3, 0)
    .static_bitmap = 1,    /*Bitmaps are stored as const so they are always static if not compressed */
#endif

    .dsc = &font_dsc,          /*The custom font data. Will be accessed by `get_glyph_bitmap/dsc` */
#if LV_VERSION_CHECK(8, 2, 0) || LVGL_VERSION_MAJOR >= 9
    .fallback = NULL,
#endif
    .user_data = NULL,
};



#endif /*#if NS_MEDIUM_ZH_40_DATA*/
