/*******************************************************************************
 * Size: 30 px
 * Bpp: 4
 * Opts: --font /fonts/raw/languages/NotoSansJP-Medium.ttf -o /fonts/NS_Medium_jp_30_data.c --size 30 --bpp 4 --format lvgl --no-compress --symbols 々いおげこすたちつてにのみめやりるァアィイウェォカクグゲシジスセタダチッテトドナネバビフブプマムモャュョラリルレロンー上予使健先円出別動回土圧報場天太定寝工常度康式形手持振接新日時曇曜更月木楽気水法温火用画知秒絡続荷行言設語起転輝通連進金間陽電面音順 --range 0x20-0x7F
 ******************************************************************************/

#ifdef __has_include
    #if __has_include("lvgl.h")
        #ifndef LV_LVGL_H_INCLUDE_SIMPLE
            #define LV_LVGL_H_INCLUDE_SIMPLE
        #endif
    #endif
#endif

#ifdef LV_LVGL_H_INCLUDE_SIMPLE
    #include "lvgl.h"
#else
    #include "lvgl/lvgl.h"
#endif



#ifndef NS_MEDIUM_JP_30_DATA
#define NS_MEDIUM_JP_30_DATA 1
#endif

#if NS_MEDIUM_JP_30_DATA

/*-----------------
 *    BITMAPS
 *----------------*/

/*Store the image of the glyphs*/
static LV_ATTRIBUTE_LARGE_CONST const uint8_t glyph_bitmap[] = {
    /* U+0020 " " */

    /* U+0021 "!" */
    0x09, 0xff, 0xe0, 0x08, 0xff, 0xd0, 0x08, 0xff,
    0xd0, 0x07, 0xff, 0xd0, 0x07, 0xff, 0xc0, 0x06,
    0xff, 0xb0, 0x06, 0xff, 0xb0, 0x05, 0xff, 0xa0,
    0x04, 0xff, 0x90, 0x04, 0xff, 0x80, 0x03, 0xff,
    0x80, 0x02, 0xff, 0x70, 0x02, 0xff, 0x60, 0x01,
    0xff, 0x60, 0x01, 0xff, 0x50, 0x00, 0xaa, 0x30,
    0x00, 0x00, 0x00, 0x00, 0x00, 0x00, 0x03, 0xcd,
    0x70, 0x0e, 0xff, 0xf4, 0x2f, 0xff, 0xf7, 0x0e,
    0xff, 0xf4, 0x04, 0xef, 0x80,

    /* U+0022 "\"" */
    0x29, 0x99, 0x20, 0x06, 0x99, 0x74, 0xff, 0xf3,
    0x00, 0xbf, 0xfd, 0x4f, 0xff, 0x30, 0x0b, 0xff,
    0xc4, 0xff, 0xf2, 0x00, 0xaf, 0xfc, 0x2f, 0xff,
    0x10, 0x09, 0xff, 0xb1, 0xff, 0xf0, 0x00, 0x7f,
    0xf9, 0x0f, 0xfe, 0x00, 0x05, 0xff, 0x70, 0xdf,
    0xc0, 0x00, 0x3f, 0xf5, 0x0b, 0xfa, 0x00, 0x02,
    0xff, 0x30, 0x9f, 0x80, 0x00, 0x0f, 0xf1,

    /* U+0023 "#" */
    0x00, 0x00, 0x5f, 0xc0, 0x00, 0x1f, 0xf1, 0x00,
    0x00, 0x00, 0x7f, 0xa0, 0x00, 0x3f, 0xf0, 0x00,
    0x00, 0x00, 0x9f, 0x80, 0x00, 0x5f, 0xd0, 0x00,
    0x00, 0x00, 0xbf, 0x60, 0x00, 0x7f, 0xb0, 0x00,
    0x00, 0x00, 0xdf, 0x40, 0x00, 0x9f, 0x90, 0x00,
    0x00, 0x00, 0xff, 0x20, 0x00, 0xbf, 0x70, 0x00,
    0x2f, 0xff, 0xff, 0xff, 0xff, 0xff, 0xff, 0xf1,
    0x2f, 0xff, 0xff, 0xff, 0xff, 0xff, 0xff, 0xf1,
    0x05, 0x59, 0xfd, 0x55, 0x56, 0xff, 0x65, 0x50,
    0x00, 0x07, 0xfa, 0x00, 0x03, 0xff, 0x00, 0x00,
    0x00, 0x09, 0xf8, 0x00, 0x05, 0xfd, 0x00, 0x00,
    0x00, 0x0b, 0xf6, 0x00, 0x07, 0xfb, 0x00, 0x00,
    0x00, 0x0d, 0xf4, 0x00, 0x09, 0xf9, 0x00, 0x00,
    0xdf, 0xff, 0xff, 0xff, 0xff, 0xff, 0xff, 0x60,
    0xdf, 0xff, 0xff, 0xff, 0xff, 0xff, 0xff, 0x60,
    0x45, 0x7f, 0xf5, 0x55, 0x5f, 0xf7, 0x55, 0x20,
    0x00, 0x5f, 0xd0, 0x00, 0x0f, 0xf2, 0x00, 0x00,
    0x00, 0x7f, 0xb0, 0x00, 0x2f, 0xf0, 0x00, 0x00,
    0x00, 0x9f, 0x90, 0x00, 0x4f, 0xe0, 0x00, 0x00,
    0x00, 0xbf, 0x70, 0x00, 0x6f, 0xc0, 0x00, 0x00,
    0x00, 0xdf, 0x50, 0x00, 0x8f, 0xa0, 0x00, 0x00,
    0x00, 0xff, 0x30, 0x00, 0xaf, 0x80, 0x00, 0x00,

    /* U+0024 "$" */
    0x00, 0x00, 0x00, 0x48, 0x60, 0x00, 0x00, 0x00,
    0x00, 0x00, 0x09, 0xfd, 0x00, 0x00, 0x00, 0x00,
    0x00, 0x00, 0x9f, 0xd0, 0x00, 0x00, 0x00, 0x00,
    0x00, 0x09, 0xfd, 0x00, 0x00, 0x00, 0x00, 0x00,
    0x4a, 0xff, 0xfd, 0x92, 0x00, 0x00, 0x00, 0xaf,
    0xff, 0xff, 0xff, 0xf6, 0x00, 0x00, 0x9f, 0xff,
    0xfe, 0xef, 0xff, 0xf6, 0x00, 0x1f, 0xff, 0xb1,
    0x00, 0x19, 0xfd, 0x10, 0x06, 0xff, 0xf1, 0x00,
    0x00, 0x04, 0x20, 0x00, 0x8f, 0xfd, 0x00, 0x00,
    0x00, 0x00, 0x00, 0x07, 0xff, 0xe0, 0x00, 0x00,
    0x00, 0x00, 0x00, 0x4f, 0xff, 0x80, 0x00, 0x00,
    0x00, 0x00, 0x00, 0xcf, 0xff, 0xa2, 0x00, 0x00,
    0x00, 0x00, 0x02, 0xdf, 0xff, 0xf9, 0x20, 0x00,
    0x00, 0x00, 0x01, 0xaf, 0xff, 0xff, 0x91, 0x00,
    0x00, 0x00, 0x00, 0x3b, 0xff, 0xff, 0xe3, 0x00,
    0x00, 0x00, 0x00, 0x03, 0xcf, 0xff, 0xe1, 0x00,
    0x00, 0x00, 0x00, 0x00, 0x8f, 0xff, 0x90, 0x00,
    0x00, 0x00, 0x00, 0x00, 0xbf, 0xfe, 0x00, 0x00,
    0x00, 0x00, 0x00, 0x05, 0xff, 0xf0, 0x00, 0x00,
    0x00, 0x00, 0x00, 0x4f, 0xff, 0x00, 0x2b, 0x10,
    0x00, 0x00, 0x09, 0xff, 0xd0, 0x0d, 0xff, 0x82,
    0x00, 0x07, 0xff, 0xf8, 0x02, 0xef, 0xff, 0xff,
    0xef, 0xff, 0xfd, 0x10, 0x01, 0xaf, 0xff, 0xff,
    0xff, 0xfd, 0x20, 0x00, 0x00, 0x28, 0xcf, 0xff,
    0xb6, 0x00, 0x00, 0x00, 0x00, 0x00, 0x9f, 0xd0,
    0x00, 0x00, 0x00, 0x00, 0x00, 0x09, 0xfd, 0x00,
    0x00, 0x00, 0x00, 0x00, 0x00, 0x9f, 0xd0, 0x00,
    0x00, 0x00, 0x00, 0x00, 0x04, 0x86, 0x00, 0x00,
    0x00,

    /* U+0025 "%" */
    0x00, 0x3b, 0xef, 0xd7, 0x00, 0x00, 0x00, 0x00,
    0x04, 0xfe, 0x00, 0x00, 0x00, 0x00, 0x5f, 0xff,
    0xff, 0xfc, 0x00, 0x00, 0x00, 0x00, 0xcf, 0x60,
    0x00, 0x00, 0x00, 0x1f, 0xfd, 0x31, 0x7f, 0xf8,
    0x00, 0x00, 0x00, 0x5f, 0xd0, 0x00, 0x00, 0x00,
    0x07, 0xff, 0x20, 0x00, 0xaf, 0xf0, 0x00, 0x00,
    0x0e, 0xf4, 0x00, 0x00, 0x00, 0x00, 0xbf, 0xc0,
    0x00, 0x05, 0xff, 0x40, 0x00, 0x07, 0xfb, 0x00,
    0x00, 0x00, 0x00, 0x0e, 0xfa, 0x00, 0x00, 0x2f,
    0xf6, 0x00, 0x01, 0xef, 0x30, 0x00, 0x00, 0x00,
    0x00, 0xef, 0x90, 0x00, 0x02, 0xff, 0x60, 0x00,
    0x8f, 0xa0, 0x00, 0x00, 0x00, 0x00, 0x0d, 0xfa,
    0x00, 0x00, 0x2f, 0xf6, 0x00, 0x2f, 0xf1, 0x00,
    0x00, 0x00, 0x00, 0x00, 0xbf, 0xc0, 0x00, 0x05,
    0xff, 0x30, 0x0a, 0xf8, 0x00, 0x5d, 0xff, 0xc4,
    0x00, 0x07, 0xff, 0x20, 0x00, 0xaf, 0xf0, 0x03,
    0xfe, 0x10, 0x8f, 0xff, 0xff, 0xf6, 0x00, 0x1f,
    0xfd, 0x20, 0x7f, 0xf8, 0x00, 0xcf, 0x70, 0x4f,
    0xfa, 0x11, 0xbf, 0xf2, 0x00, 0x4f, 0xff, 0xff,
    0xfc, 0x00, 0x4f, 0xd0, 0x0b, 0xfd, 0x00, 0x01,
    0xff, 0x90, 0x00, 0x3b, 0xff, 0xd7, 0x00, 0x0d,
    0xf5, 0x00, 0xff, 0x80, 0x00, 0x0a, 0xfd, 0x00,
    0x00, 0x00, 0x00, 0x00, 0x06, 0xfc, 0x00, 0x2f,
    0xf6, 0x00, 0x00, 0x7f, 0xf0, 0x00, 0x00, 0x00,
    0x00, 0x00, 0xef, 0x30, 0x03, 0xff, 0x40, 0x00,
    0x06, 0xff, 0x10, 0x00, 0x00, 0x00, 0x00, 0x7f,
    0xb0, 0x00, 0x3f, 0xf4, 0x00, 0x00, 0x6f, 0xf1,
    0x00, 0x00, 0x00, 0x00, 0x1f, 0xf2, 0x00, 0x02,
    0xff, 0x60, 0x00, 0x08, 0xff, 0x00, 0x00, 0x00,
    0x00, 0x09, 0xf9, 0x00, 0x00, 0x0f, 0xf9, 0x00,
    0x00, 0xaf, 0xd0, 0x00, 0x00, 0x00, 0x02, 0xff,
    0x10, 0x00, 0x00, 0xaf, 0xe0, 0x00, 0x1f, 0xf8,
    0x00, 0x00, 0x00, 0x00, 0xbf, 0x70, 0x00, 0x00,
    0x03, 0xff, 0xb2, 0x3c, 0xff, 0x10, 0x00, 0x00,
    0x00, 0x3f, 0xe0, 0x00, 0x00, 0x00, 0x07, 0xff,
    0xff, 0xff, 0x50, 0x00, 0x00, 0x00, 0x0c, 0xf6,
    0x00, 0x00, 0x00, 0x00, 0x04, 0xcf, 0xfb, 0x30,
    0x00,

    /* U+0026 "&" */
    0x00, 0x00, 0x05, 0xbf, 0xfe, 0x81, 0x00, 0x00,
    0x00, 0x00, 0x00, 0x00, 0x9f, 0xff, 0xff, 0xfd,
    0x10, 0x00, 0x00, 0x00, 0x00, 0x06, 0xff, 0xf8,
    0x6c, 0xff, 0x80, 0x00, 0x00, 0x00, 0x00, 0x0e,
    0xff, 0x40, 0x01, 0xff, 0xd0, 0x00, 0x00, 0x00,
    0x00, 0x1f, 0xfd, 0x00, 0x00, 0xdf, 0xe0, 0x00,
    0x00, 0x00, 0x00, 0x2f, 0xfc, 0x00, 0x01, 0xff,
    0xc0, 0x00, 0x00, 0x00, 0x00, 0x0f, 0xfe, 0x00,
    0x0a, 0xff, 0x50, 0x00, 0x00, 0x00, 0x00, 0x0c,
    0xff, 0x30, 0xaf, 0xfb, 0x00, 0x00, 0x00, 0x00,
    0x00, 0x06, 0xff, 0xce, 0xff, 0xb0, 0x00, 0x00,
    0x00, 0x00, 0x00, 0x00, 0xef, 0xff, 0xf7, 0x00,
    0x00, 0x00, 0x00, 0x00, 0x00, 0x07, 0xff, 0xff,
    0x40, 0x00, 0x00, 0x00, 0xef, 0xf3, 0x00, 0xbf,
    0xff, 0xff, 0xb0, 0x00, 0x00, 0x04, 0xff, 0xe0,
    0x0b, 0xff, 0xf7, 0xff, 0xf9, 0x00, 0x00, 0x0b,
    0xff, 0x70, 0x5f, 0xff, 0x40, 0x5f, 0xff, 0x80,
    0x00, 0x3f, 0xff, 0x10, 0xcf, 0xf9, 0x00, 0x07,
    0xff, 0xf9, 0x00, 0xcf, 0xf8, 0x00, 0xff, 0xf6,
    0x00, 0x00, 0x8f, 0xff, 0xb9, 0xff, 0xe0, 0x00,
    0xff, 0xf7, 0x00, 0x00, 0x07, 0xff, 0xff, 0xff,
    0x40, 0x00, 0xcf, 0xfd, 0x00, 0x00, 0x00, 0x6f,
    0xff, 0xfd, 0x10, 0x00, 0x7f, 0xff, 0xb1, 0x00,
    0x03, 0xbf, 0xff, 0xff, 0xe7, 0x10, 0x0c, 0xff,
    0xff, 0xdc, 0xef, 0xff, 0xfd, 0xff, 0xff, 0xf7,
    0x01, 0xbf, 0xff, 0xff, 0xff, 0xfe, 0x50, 0x3c,
    0xff, 0xf3, 0x00, 0x04, 0xae, 0xff, 0xeb, 0x60,
    0x00, 0x00, 0x3a, 0xd0,

    /* U+0027 "'" */
    0x29, 0x99, 0x24, 0xff, 0xf3, 0x4f, 0xff, 0x34,
    0xff, 0xf2, 0x2f, 0xff, 0x11, 0xff, 0xf0, 0x0f,
    0xfe, 0x00, 0xdf, 0xc0, 0x0b, 0xfa, 0x00, 0x9f,
    0x80,

    /* U+0028 "(" */
    0x00, 0x00, 0x2a, 0x30, 0x00, 0x00, 0xaf, 0xf1,
    0x00, 0x03, 0xff, 0x80, 0x00, 0x0a, 0xff, 0x10,
    0x00, 0x1f, 0xf9, 0x00, 0x00, 0x8f, 0xf3, 0x00,
    0x00, 0xdf, 0xe0, 0x00, 0x03, 0xff, 0x90, 0x00,
    0x07, 0xff, 0x50, 0x00, 0x0b, 0xff, 0x20, 0x00,
    0x0e, 0xff, 0x00, 0x00, 0x1f, 0xfc, 0x00, 0x00,
    0x2f, 0xfa, 0x00, 0x00, 0x4f, 0xf9, 0x00, 0x00,
    0x4f, 0xf8, 0x00, 0x00, 0x5f, 0xf8, 0x00, 0x00,
    0x4f, 0xf8, 0x00, 0x00, 0x4f, 0xf9, 0x00, 0x00,
    0x3f, 0xfa, 0x00, 0x00, 0x1f, 0xfc, 0x00, 0x00,
    0x0f, 0xfe, 0x00, 0x00, 0x0c, 0xff, 0x10, 0x00,
    0x08, 0xff, 0x40, 0x00, 0x04, 0xff, 0x80, 0x00,
    0x00, 0xef, 0xd0, 0x00, 0x00, 0x9f, 0xf2, 0x00,
    0x00, 0x2f, 0xf8, 0x00, 0x00, 0x0b, 0xfe, 0x00,
    0x00, 0x04, 0xff, 0x70, 0x00, 0x00, 0xbf, 0xe0,
    0x00, 0x00, 0x3d, 0x60,

    /* U+0029 ")" */
    0x06, 0x90, 0x00, 0x00, 0x6f, 0xf5, 0x00, 0x00,
    0x0d, 0xfd, 0x00, 0x00, 0x06, 0xff, 0x50, 0x00,
    0x00, 0xef, 0xc0, 0x00, 0x00, 0x9f, 0xf3, 0x00,
    0x00, 0x3f, 0xf8, 0x00, 0x00, 0x0e, 0xfe, 0x00,
    0x00, 0x0a, 0xff, 0x20, 0x00, 0x07, 0xff, 0x60,
    0x00, 0x04, 0xff, 0x90, 0x00, 0x02, 0xff, 0xc0,
    0x00, 0x00, 0xff, 0xd0, 0x00, 0x00, 0xef, 0xf0,
    0x00, 0x00, 0xef, 0xf0, 0x00, 0x00, 0xdf, 0xf0,
    0x00, 0x00, 0xef, 0xf0, 0x00, 0x00, 0xef, 0xf0,
    0x00, 0x00, 0xff, 0xe0, 0x00, 0x01, 0xff, 0xc0,
    0x00, 0x04, 0xff, 0x90, 0x00, 0x06, 0xff, 0x60,
    0x00, 0x0a, 0xff, 0x30, 0x00, 0x0e, 0xfe, 0x00,
    0x00, 0x3f, 0xf9, 0x00, 0x00, 0x8f, 0xf4, 0x00,
    0x00, 0xef, 0xd0, 0x00, 0x05, 0xff, 0x60, 0x00,
    0x0c, 0xfe, 0x00, 0x00, 0x5f, 0xf6, 0x00, 0x00,
    0x18, 0xc0, 0x00, 0x00,

    /* U+002A "*" */
    0x00, 0x00, 0x0c, 0xf4, 0x00, 0x00, 0x00, 0x00,
    0x0d, 0xf5, 0x00, 0x00, 0x00, 0x00, 0x0f, 0xf7,
    0x00, 0x00, 0x0d, 0xc9, 0x5f, 0xfa, 0x7b, 0xe5,
    0x1f, 0xff, 0xff, 0xff, 0xff, 0xf9, 0x01, 0x8e,
    0xff, 0xff, 0xfb, 0x40, 0x00, 0x02, 0xff, 0xff,
    0x90, 0x00, 0x00, 0x09, 0xff, 0xef, 0xf2, 0x00,
    0x00, 0x3f, 0xf9, 0x2e, 0xfb, 0x00, 0x00, 0x8f,
    0xb0, 0x03, 0xff, 0x10, 0x00, 0x06, 0x00, 0x00,
    0x42, 0x00,

    /* U+002B "+" */
    0x00, 0x00, 0x00, 0x79, 0x80, 0x00, 0x00, 0x00,
    0x00, 0x00, 0x0c, 0xfe, 0x00, 0x00, 0x00, 0x00,
    0x00, 0x00, 0xcf, 0xe0, 0x00, 0x00, 0x00, 0x00,
    0x00, 0x0c, 0xfe, 0x00, 0x00, 0x00, 0x00, 0x00,
    0x00, 0xcf, 0xe0, 0x00, 0x00, 0x00, 0x00, 0x00,
    0x0c, 0xfe, 0x00, 0x00, 0x00, 0x00, 0x00, 0x00,
    0xcf, 0xe0, 0x00, 0x00, 0x0d, 0xff, 0xff, 0xff,
    0xff, 0xff, 0xff, 0xff, 0xdf, 0xff, 0xff, 0xff,
    0xff, 0xff, 0xff, 0xf7, 0x88, 0x88, 0x8e, 0xff,
    0x88, 0x88, 0x88, 0x00, 0x00, 0x00, 0xcf, 0xe0,
    0x00, 0x00, 0x00, 0x00, 0x00, 0x0c, 0xfe, 0x00,
    0x00, 0x00, 0x00, 0x00, 0x00, 0xcf, 0xe0, 0x00,
    0x00, 0x00, 0x00, 0x00, 0x0c, 0xfe, 0x00, 0x00,
    0x00, 0x00, 0x00, 0x00, 0xcf, 0xe0, 0x00, 0x00,
    0x00, 0x00, 0x00, 0x0c, 0xfe, 0x00, 0x00, 0x00,

    /* U+002C "," */
    0x00, 0x36, 0x40, 0x00, 0x5f, 0xff, 0x80, 0x0b,
    0xff, 0xff, 0x10, 0xaf, 0xff, 0xf3, 0x01, 0xcf,
    0xff, 0x40, 0x00, 0x3f, 0xf3, 0x00, 0x07, 0xff,
    0x00, 0x03, 0xff, 0x80, 0x06, 0xff, 0xd0, 0x03,
    0xff, 0xd2, 0x00, 0x0c, 0x80, 0x00, 0x00, 0x00,
    0x00, 0x00,

    /* U+002D "-" */
    0x59, 0x99, 0x99, 0x99, 0x29, 0xff, 0xff, 0xff,
    0xf5, 0x9f, 0xff, 0xff, 0xff, 0x50,

    /* U+002E "." */
    0x1a, 0xea, 0x0a, 0xff, 0xf9, 0xdf, 0xff, 0xca,
    0xff, 0xf9, 0x1b, 0xfb, 0x10,

    /* U+002F "/" */
    0x00, 0x00, 0x00, 0x00, 0x7f, 0xe0, 0x00, 0x00,
    0x00, 0x00, 0xbf, 0xa0, 0x00, 0x00, 0x00, 0x00,
    0xff, 0x50, 0x00, 0x00, 0x00, 0x04, 0xff, 0x10,
    0x00, 0x00, 0x00, 0x09, 0xfc, 0x00, 0x00, 0x00,
    0x00, 0x0d, 0xf8, 0x00, 0x00, 0x00, 0x00, 0x2f,
    0xf3, 0x00, 0x00, 0x00, 0x00, 0x6f, 0xf0, 0x00,
    0x00, 0x00, 0x00, 0xbf, 0xa0, 0x00, 0x00, 0x00,
    0x00, 0xff, 0x60, 0x00, 0x00, 0x00, 0x04, 0xff,
    0x10, 0x00, 0x00, 0x00, 0x08, 0xfd, 0x00, 0x00,
    0x00, 0x00, 0x0d, 0xf9, 0x00, 0x00, 0x00, 0x00,
    0x1f, 0xf4, 0x00, 0x00, 0x00, 0x00, 0x6f, 0xf0,
    0x00, 0x00, 0x00, 0x00, 0xaf, 0xb0, 0x00, 0x00,
    0x00, 0x00, 0xff, 0x70, 0x00, 0x00, 0x00, 0x04,
    0xff, 0x20, 0x00, 0x00, 0x00, 0x08, 0xfe, 0x00,
    0x00, 0x00, 0x00, 0x0d, 0xf9, 0x00, 0x00, 0x00,
    0x00, 0x1f, 0xf5, 0x00, 0x00, 0x00, 0x00, 0x6f,
    0xf0, 0x00, 0x00, 0x00, 0x00, 0xaf, 0xc0, 0x00,
    0x00, 0x00, 0x00, 0xef, 0x70, 0x00, 0x00, 0x00,
    0x03, 0xff, 0x30, 0x00, 0x00, 0x00, 0x08, 0xfe,
    0x00, 0x00, 0x00, 0x00, 0x0c, 0xfa, 0x00, 0x00,
    0x00, 0x00, 0x1f, 0xf5, 0x00, 0x00, 0x00, 0x00,
    0x5f, 0xf1, 0x00, 0x00, 0x00, 0x00, 0x48, 0x60,
    0x00, 0x00, 0x00, 0x00,

    /* U+0030 "0" */
    0x00, 0x00, 0x3a, 0xef, 0xeb, 0x40, 0x00, 0x00,
    0x00, 0x8f, 0xff, 0xff, 0xff, 0xa0, 0x00, 0x00,
    0x7f, 0xff, 0xfc, 0xef, 0xff, 0x90, 0x00, 0x2f,
    0xff, 0xa0, 0x00, 0x8f, 0xff, 0x30, 0x09, 0xff,
    0xd0, 0x00, 0x00, 0xbf, 0xfa, 0x00, 0xef, 0xf7,
    0x00, 0x00, 0x04, 0xff, 0xf0, 0x2f, 0xff, 0x20,
    0x00, 0x00, 0x0f, 0xff, 0x45, 0xff, 0xf0, 0x00,
    0x00, 0x00, 0xdf, 0xf7, 0x7f, 0xfd, 0x00, 0x00,
    0x00, 0x0b, 0xff, 0x98, 0xff, 0xc0, 0x00, 0x00,
    0x00, 0xaf, 0xfa, 0x9f, 0xfb, 0x00, 0x00, 0x00,
    0x09, 0xff, 0xa9, 0xff, 0xb0, 0x00, 0x00, 0x00,
    0x9f, 0xfa, 0x8f, 0xfc, 0x00, 0x00, 0x00, 0x0a,
    0xff, 0xa7, 0xff, 0xd0, 0x00, 0x00, 0x00, 0xbf,
    0xf8, 0x5f, 0xff, 0x00, 0x00, 0x00, 0x0d, 0xff,
    0x62, 0xff, 0xf2, 0x00, 0x00, 0x00, 0xff, 0xf3,
    0x0e, 0xff, 0x70, 0x00, 0x00, 0x5f, 0xff, 0x00,
    0x8f, 0xfe, 0x00, 0x00, 0x0c, 0xff, 0xa0, 0x01,
    0xff, 0xfb, 0x00, 0x09, 0xff, 0xf2, 0x00, 0x06,
    0xff, 0xff, 0xce, 0xff, 0xf8, 0x00, 0x00, 0x07,
    0xff, 0xff, 0xff, 0xf9, 0x00, 0x00, 0x00, 0x03,
    0xae, 0xfe, 0xb4, 0x00, 0x00,

    /* U+0031 "1" */
    0x00, 0x00, 0x29, 0xff, 0xe0, 0x00, 0x00, 0x03,
    0x8c, 0xff, 0xff, 0xe0, 0x00, 0x00, 0x08, 0xff,
    0xff, 0xff, 0xe0, 0x00, 0x00, 0x07, 0xee, 0xef,
    0xff, 0xe0, 0x00, 0x00, 0x00, 0x00, 0x09, 0xff,
    0xe0, 0x00, 0x00, 0x00, 0x00, 0x09, 0xff, 0xe0,
    0x00, 0x00, 0x00, 0x00, 0x09, 0xff, 0xe0, 0x00,
    0x00, 0x00, 0x00, 0x09, 0xff, 0xe0, 0x00, 0x00,
    0x00, 0x00, 0x09, 0xff, 0xe0, 0x00, 0x00, 0x00,
    0x00, 0x09, 0xff, 0xe0, 0x00, 0x00, 0x00, 0x00,
    0x09, 0xff, 0xe0, 0x00, 0x00, 0x00, 0x00, 0x09,
    0xff, 0xe0, 0x00, 0x00, 0x00, 0x00, 0x09, 0xff,
    0xe0, 0x00, 0x00, 0x00, 0x00, 0x09, 0xff, 0xe0,
    0x00, 0x00, 0x00, 0x00, 0x09, 0xff, 0xe0, 0x00,
    0x00, 0x00, 0x00, 0x09, 0xff, 0xe0, 0x00, 0x00,
    0x00, 0x00, 0x09, 0xff, 0xe0, 0x00, 0x00, 0x00,
    0x00, 0x09, 0xff, 0xe0, 0x00, 0x00, 0x00, 0x00,
    0x09, 0xff, 0xe0, 0x00, 0x00, 0x6d, 0xdd, 0xdf,
    0xff, 0xfd, 0xdd, 0xd2, 0x7f, 0xff, 0xff, 0xff,
    0xff, 0xff, 0xf3, 0x7f, 0xff, 0xff, 0xff, 0xff,
    0xff, 0xf3,

    /* U+0032 "2" */
    0x00, 0x04, 0xae, 0xff, 0xd9, 0x20, 0x00, 0x00,
    0x1b, 0xff, 0xff, 0xff, 0xff, 0x60, 0x00, 0x2e,
    0xff, 0xfe, 0xde, 0xff, 0xff, 0x50, 0x09, 0xff,
    0xd4, 0x00, 0x04, 0xef, 0xfe, 0x00, 0x09, 0xb0,
    0x00, 0x00, 0x05, 0xff, 0xf4, 0x00, 0x00, 0x00,
    0x00, 0x00, 0x0f, 0xff, 0x70, 0x00, 0x00, 0x00,
    0x00, 0x00, 0xdf, 0xf8, 0x00, 0x00, 0x00, 0x00,
    0x00, 0x0e, 0xff, 0x70, 0x00, 0x00, 0x00, 0x00,
    0x01, 0xff, 0xf4, 0x00, 0x00, 0x00, 0x00, 0x00,
    0x7f, 0xff, 0x00, 0x00, 0x00, 0x00, 0x00, 0x0e,
    0xff, 0x90, 0x00, 0x00, 0x00, 0x00, 0x09, 0xff,
    0xf1, 0x00, 0x00, 0x00, 0x00, 0x04, 0xff, 0xf6,
    0x00, 0x00, 0x00, 0x00, 0x02, 0xef, 0xfb, 0x00,
    0x00, 0x00, 0x00, 0x01, 0xdf, 0xfe, 0x10, 0x00,
    0x00, 0x00, 0x01, 0xcf, 0xff, 0x20, 0x00, 0x00,
    0x00, 0x01, 0xcf, 0xff, 0x30, 0x00, 0x00, 0x00,
    0x01, 0xdf, 0xff, 0x40, 0x00, 0x00, 0x00, 0x02,
    0xdf, 0xff, 0x40, 0x00, 0x00, 0x00, 0x03, 0xef,
    0xff, 0xed, 0xef, 0xff, 0xff, 0xf9, 0xbf, 0xff,
    0xff, 0xff, 0xff, 0xff, 0xff, 0x9b, 0xff, 0xff,
    0xff, 0xff, 0xff, 0xff, 0xf9,

    /* U+0033 "3" */
    0x00, 0x00, 0x4a, 0xef, 0xfe, 0xa5, 0x00, 0x00,
    0x00, 0x1b, 0xff, 0xff, 0xff, 0xff, 0xc1, 0x00,
    0x02, 0xef, 0xff, 0xfd, 0xdf, 0xff, 0xfd, 0x00,
    0x00, 0xaf, 0xc4, 0x00, 0x02, 0xcf, 0xff, 0x60,
    0x00, 0x06, 0x00, 0x00, 0x00, 0x1f, 0xff, 0xa0,
    0x00, 0x00, 0x00, 0x00, 0x00, 0x0d, 0xff, 0xb0,
    0x00, 0x00, 0x00, 0x00, 0x00, 0x0f, 0xff, 0x80,
    0x00, 0x00, 0x00, 0x00, 0x00, 0x8f, 0xff, 0x20,
    0x00, 0x00, 0x00, 0x02, 0x5b, 0xff, 0xf6, 0x00,
    0x00, 0x00, 0x09, 0xff, 0xff, 0xfd, 0x40, 0x00,
    0x00, 0x00, 0x09, 0xff, 0xff, 0xf9, 0x20, 0x00,
    0x00, 0x00, 0x05, 0x9b, 0xdf, 0xff, 0xf7, 0x00,
    0x00, 0x00, 0x00, 0x00, 0x02, 0xaf, 0xff, 0x60,
    0x00, 0x00, 0x00, 0x00, 0x00, 0x0a, 0xff, 0xe0,
    0x00, 0x00, 0x00, 0x00, 0x00, 0x03, 0xff, 0xf4,
    0x00, 0x00, 0x00, 0x00, 0x00, 0x01, 0xff, 0xf6,
    0x00, 0x00, 0x00, 0x00, 0x00, 0x03, 0xff, 0xf5,
    0x01, 0xe6, 0x00, 0x00, 0x00, 0x0a, 0xff, 0xf2,
    0x0c, 0xff, 0xc4, 0x00, 0x02, 0xaf, 0xff, 0xc0,
    0x09, 0xff, 0xff, 0xfe, 0xff, 0xff, 0xfe, 0x20,
    0x00, 0x5e, 0xff, 0xff, 0xff, 0xff, 0xd2, 0x00,
    0x00, 0x00, 0x6b, 0xef, 0xfe, 0xa5, 0x00, 0x00,

    /* U+0034 "4" */
    0x00, 0x00, 0x00, 0x00, 0x0e, 0xff, 0xf6, 0x00,
    0x00, 0x00, 0x00, 0x00, 0x09, 0xff, 0xff, 0x60,
    0x00, 0x00, 0x00, 0x00, 0x03, 0xff, 0xff, 0xf6,
    0x00, 0x00, 0x00, 0x00, 0x00, 0xdf, 0xfd, 0xff,
    0x60, 0x00, 0x00, 0x00, 0x00, 0x8f, 0xfa, 0xbf,
    0xf6, 0x00, 0x00, 0x00, 0x00, 0x2f, 0xff, 0x2c,
    0xff, 0x60, 0x00, 0x00, 0x00, 0x0c, 0xff, 0x90,
    0xcf, 0xf6, 0x00, 0x00, 0x00, 0x06, 0xff, 0xe0,
    0x0d, 0xff, 0x60, 0x00, 0x00, 0x01, 0xff, 0xf4,
    0x00, 0xdf, 0xf6, 0x00, 0x00, 0x00, 0xbf, 0xf9,
    0x00, 0x0d, 0xff, 0x60, 0x00, 0x00, 0x5f, 0xfe,
    0x10, 0x00, 0xdf, 0xf6, 0x00, 0x00, 0x1e, 0xff,
    0x40, 0x00, 0x0d, 0xff, 0x60, 0x00, 0x0a, 0xff,
    0xa0, 0x00, 0x00, 0xdf, 0xf6, 0x00, 0x04, 0xff,
    0xfc, 0xbb, 0xbb, 0xbf, 0xff, 0xdb, 0xb2, 0x6f,
    0xff, 0xff, 0xff, 0xff, 0xff, 0xff, 0xff, 0x36,
    0xff, 0xff, 0xff, 0xff, 0xff, 0xff, 0xff, 0xf3,
    0x00, 0x00, 0x00, 0x00, 0x00, 0xdf, 0xf6, 0x00,
    0x00, 0x00, 0x00, 0x00, 0x00, 0x0d, 0xff, 0x60,
    0x00, 0x00, 0x00, 0x00, 0x00, 0x00, 0xdf, 0xf6,
    0x00, 0x00, 0x00, 0x00, 0x00, 0x00, 0x0d, 0xff,
    0x60, 0x00, 0x00, 0x00, 0x00, 0x00, 0x00, 0xdf,
    0xf6, 0x00, 0x00, 0x00, 0x00, 0x00, 0x00, 0x0d,
    0xff, 0x60, 0x00,

    /* U+0035 "5" */
    0x00, 0x0c, 0xff, 0xff, 0xff, 0xff, 0xff, 0x70,
    0x00, 0x0d, 0xff, 0xff, 0xff, 0xff, 0xff, 0x70,
    0x00, 0x0e, 0xff, 0xff, 0xff, 0xff, 0xff, 0x60,
    0x00, 0x0f, 0xff, 0x20, 0x00, 0x00, 0x00, 0x00,
    0x00, 0x0f, 0xff, 0x10, 0x00, 0x00, 0x00, 0x00,
    0x00, 0x1f, 0xff, 0x00, 0x00, 0x00, 0x00, 0x00,
    0x00, 0x3f, 0xfe, 0x00, 0x00, 0x00, 0x00, 0x00,
    0x00, 0x4f, 0xfc, 0x26, 0x88, 0x51, 0x00, 0x00,
    0x00, 0x5f, 0xff, 0xff, 0xff, 0xff, 0x90, 0x00,
    0x00, 0x6f, 0xff, 0xff, 0xff, 0xff, 0xfd, 0x00,
    0x00, 0x1b, 0xf8, 0x20, 0x04, 0xdf, 0xff, 0x90,
    0x00, 0x00, 0x10, 0x00, 0x00, 0x0d, 0xff, 0xf1,
    0x00, 0x00, 0x00, 0x00, 0x00, 0x05, 0xff, 0xf4,
    0x00, 0x00, 0x00, 0x00, 0x00, 0x01, 0xff, 0xf7,
    0x00, 0x00, 0x00, 0x00, 0x00, 0x00, 0xff, 0xf7,
    0x00, 0x00, 0x00, 0x00, 0x00, 0x01, 0xff, 0xf6,
    0x00, 0x00, 0x00, 0x00, 0x00, 0x05, 0xff, 0xf3,
    0x02, 0xe5, 0x00, 0x00, 0x00, 0x1d, 0xff, 0xe0,
    0x0c, 0xff, 0xb3, 0x00, 0x04, 0xdf, 0xff, 0x60,
    0x09, 0xff, 0xff, 0xfe, 0xff, 0xff, 0xfa, 0x00,
    0x00, 0x5e, 0xff, 0xff, 0xff, 0xff, 0x90, 0x00,
    0x00, 0x00, 0x6b, 0xef, 0xfd, 0x93, 0x00, 0x00,

    /* U+0036 "6" */
    0x00, 0x00, 0x03, 0x9d, 0xff, 0xd9, 0x20, 0x00,
    0x00, 0x09, 0xff, 0xff, 0xff, 0xff, 0x70, 0x00,
    0x0b, 0xff, 0xff, 0xed, 0xff, 0xff, 0x30, 0x07,
    0xff, 0xfa, 0x20, 0x01, 0x6e, 0x40, 0x01, 0xff,
    0xf8, 0x00, 0x00, 0x00, 0x00, 0x00, 0x7f, 0xfd,
    0x00, 0x00, 0x00, 0x00, 0x00, 0x0c, 0xff, 0x70,
    0x00, 0x00, 0x00, 0x00, 0x00, 0xff, 0xf2, 0x01,
    0x68, 0x74, 0x00, 0x00, 0x3f, 0xff, 0x08, 0xff,
    0xff, 0xfe, 0x40, 0x05, 0xff, 0xeb, 0xff, 0xff,
    0xff, 0xff, 0x50, 0x6f, 0xff, 0xfd, 0x50, 0x04,
    0xef, 0xfe, 0x06, 0xff, 0xfc, 0x10, 0x00, 0x02,
    0xff, 0xf6, 0x6f, 0xff, 0x10, 0x00, 0x00, 0x0a,
    0xff, 0xa4, 0xff, 0xe0, 0x00, 0x00, 0x00, 0x7f,
    0xfc, 0x2f, 0xff, 0x00, 0x00, 0x00, 0x06, 0xff,
    0xd0, 0xff, 0xf4, 0x00, 0x00, 0x00, 0x7f, 0xfc,
    0x0a, 0xff, 0x90, 0x00, 0x00, 0x0a, 0xff, 0xa0,
    0x4f, 0xff, 0x20, 0x00, 0x01, 0xff, 0xf5, 0x00,
    0xcf, 0xfd, 0x20, 0x01, 0xcf, 0xfd, 0x00, 0x02,
    0xef, 0xff, 0xcb, 0xff, 0xff, 0x30, 0x00, 0x02,
    0xdf, 0xff, 0xff, 0xff, 0x40, 0x00, 0x00, 0x00,
    0x7c, 0xff, 0xd9, 0x10, 0x00,

    /* U+0037 "7" */
    0x8f, 0xff, 0xff, 0xff, 0xff, 0xff, 0xff, 0xb8,
    0xff, 0xff, 0xff, 0xff, 0xff, 0xff, 0xfb, 0x7f,
    0xff, 0xff, 0xff, 0xff, 0xff, 0xff, 0x60, 0x00,
    0x00, 0x00, 0x00, 0x08, 0xff, 0xa0, 0x00, 0x00,
    0x00, 0x00, 0x03, 0xff, 0xe0, 0x00, 0x00, 0x00,
    0x00, 0x00, 0xcf, 0xf4, 0x00, 0x00, 0x00, 0x00,
    0x00, 0x6f, 0xfb, 0x00, 0x00, 0x00, 0x00, 0x00,
    0x0e, 0xff, 0x30, 0x00, 0x00, 0x00, 0x00, 0x06,
    0xff, 0xb0, 0x00, 0x00, 0x00, 0x00, 0x00, 0xdf,
    0xf5, 0x00, 0x00, 0x00, 0x00, 0x00, 0x3f, 0xfe,
    0x00, 0x00, 0x00, 0x00, 0x00, 0x09, 0xff, 0xa0,
    0x00, 0x00, 0x00, 0x00, 0x00, 0xef, 0xf6, 0x00,
    0x00, 0x00, 0x00, 0x00, 0x2f, 0xff, 0x20, 0x00,
    0x00, 0x00, 0x00, 0x05, 0xff, 0xf0, 0x00, 0x00,
    0x00, 0x00, 0x00, 0x8f, 0xfd, 0x00, 0x00, 0x00,
    0x00, 0x00, 0x0b, 0xff, 0xb0, 0x00, 0x00, 0x00,
    0x00, 0x00, 0xdf, 0xf9, 0x00, 0x00, 0x00, 0x00,
    0x00, 0x0f, 0xff, 0x80, 0x00, 0x00, 0x00, 0x00,
    0x00, 0xff, 0xf7, 0x00, 0x00, 0x00, 0x00, 0x00,
    0x1f, 0xff, 0x60, 0x00, 0x00, 0x00, 0x00, 0x02,
    0xff, 0xf5, 0x00, 0x00, 0x00,

    /* U+0038 "8" */
    0x00, 0x00, 0x5b, 0xef, 0xfc, 0x70, 0x00, 0x00,
    0x00, 0xbf, 0xff, 0xff, 0xff, 0xe3, 0x00, 0x00,
    0xbf, 0xff, 0xb8, 0x9e, 0xff, 0xe1, 0x00, 0x3f,
    0xff, 0x40, 0x00, 0x1d, 0xff, 0x80, 0x08, 0xff,
    0xa0, 0x00, 0x00, 0x4f, 0xfc, 0x00, 0x9f, 0xf7,
    0x00, 0x00, 0x00, 0xff, 0xe0, 0x08, 0xff, 0x80,
    0x00, 0x00, 0x0f, 0xfd, 0x00, 0x3f, 0xfe, 0x00,
    0x00, 0x03, 0xff, 0x80, 0x00, 0xaf, 0xfc, 0x10,
    0x00, 0xaf, 0xe1, 0x00, 0x00, 0xcf, 0xff, 0x71,
    0x5f, 0xf4, 0x00, 0x00, 0x01, 0xef, 0xff, 0xff,
    0xf4, 0x00, 0x00, 0x03, 0xdf, 0xdb, 0xff, 0xff,
    0xe4, 0x00, 0x03, 0xff, 0xd1, 0x02, 0x9f, 0xff,
    0xf4, 0x00, 0xdf, 0xf2, 0x00, 0x00, 0x2d, 0xff,
    0xe1, 0x5f, 0xfa, 0x00, 0x00, 0x00, 0x1f, 0xff,
    0x69, 0xff, 0x70, 0x00, 0x00, 0x00, 0xaf, 0xfa,
    0x9f, 0xf8, 0x00, 0x00, 0x00, 0x09, 0xff, 0xb7,
    0xff, 0xd0, 0x00, 0x00, 0x00, 0xdf, 0xf9, 0x2f,
    0xff, 0xa1, 0x00, 0x00, 0x8f, 0xff, 0x30, 0x7f,
    0xff, 0xfa, 0x89, 0xef, 0xff, 0x90, 0x00, 0x6f,
    0xff, 0xff, 0xff, 0xff, 0x90, 0x00, 0x00, 0x17,
    0xce, 0xff, 0xd9, 0x20, 0x00,

    /* U+0039 "9" */
    0x00, 0x01, 0x8d, 0xff, 0xc8, 0x10, 0x00, 0x00,
    0x05, 0xff, 0xff, 0xff, 0xff, 0x40, 0x00, 0x04,
    0xff, 0xff, 0xbc, 0xff, 0xff, 0x40, 0x00, 0xef,
    0xfc, 0x10, 0x01, 0xbf, 0xfe, 0x00, 0x5f, 0xff,
    0x10, 0x00, 0x00, 0xef, 0xf7, 0x09, 0xff, 0xa0,
    0x00, 0x00, 0x06, 0xff, 0xd0, 0xbf, 0xf8, 0x00,
    0x00, 0x00, 0x1f, 0xff, 0x1b, 0xff, 0x80, 0x00,
    0x00, 0x00, 0xef, 0xf5, 0x9f, 0xfb, 0x00, 0x00,
    0x00, 0x0d, 0xff, 0x65, 0xff, 0xf2, 0x00, 0x00,
    0x09, 0xff, 0xf7, 0x0e, 0xff, 0xe5, 0x00, 0x4c,
    0xff, 0xff, 0x80, 0x4f, 0xff, 0xff, 0xff, 0xfc,
    0xcf, 0xf7, 0x00, 0x4e, 0xff, 0xff, 0xf8, 0x0c,
    0xff, 0x60, 0x00, 0x04, 0x78, 0x61, 0x00, 0xef,
    0xf4, 0x00, 0x00, 0x00, 0x00, 0x00, 0x2f, 0xff,
    0x10, 0x00, 0x00, 0x00, 0x00, 0x06, 0xff, 0xd0,
    0x00, 0x00, 0x00, 0x00, 0x00, 0xdf, 0xf8, 0x00,
    0x03, 0x00, 0x00, 0x00, 0x7f, 0xff, 0x20, 0x05,
    0xfb, 0x30, 0x01, 0x9f, 0xff, 0x80, 0x01, 0xff,
    0xff, 0xfe, 0xff, 0xff, 0xb0, 0x00, 0x05, 0xef,
    0xff, 0xff, 0xff, 0xa0, 0x00, 0x00, 0x01, 0x7c,
    0xff, 0xea, 0x30, 0x00, 0x00,

    /* U+003A ":" */
    0x1c, 0xfb, 0x1a, 0xff, 0xf9, 0xdf, 0xff, 0xc9,
    0xff, 0xf9, 0x0a, 0xd9, 0x00, 0x00, 0x00, 0x00,
    0x00, 0x00, 0x00, 0x00, 0x00, 0x00, 0x00, 0x00,
    0x00, 0x00, 0x00, 0x00, 0x00, 0x00, 0x1a, 0xea,
    0x0a, 0xff, 0xf9, 0xdf, 0xff, 0xca, 0xff, 0xf9,
    0x1b, 0xfb, 0x10,

    /* U+003B ";" */
    0x01, 0xcf, 0xb1, 0x00, 0xaf, 0xff, 0x90, 0x0d,
    0xff, 0xfc, 0x00, 0x9f, 0xff, 0x90, 0x00, 0xad,
    0x90, 0x00, 0x00, 0x00, 0x00, 0x00, 0x00, 0x00,
    0x00, 0x00, 0x00, 0x00, 0x00, 0x00, 0x00, 0x00,
    0x00, 0x00, 0x00, 0x00, 0x00, 0x00, 0x00, 0x00,
    0x00, 0x00, 0x00, 0x36, 0x40, 0x00, 0x5f, 0xff,
    0x80, 0x0b, 0xff, 0xff, 0x10, 0xaf, 0xff, 0xf3,
    0x01, 0xcf, 0xff, 0x40, 0x00, 0x3f, 0xf3, 0x00,
    0x07, 0xff, 0x00, 0x03, 0xff, 0x80, 0x06, 0xff,
    0xd0, 0x03, 0xff, 0xd2, 0x00, 0x0c, 0x80, 0x00,
    0x00, 0x00, 0x00, 0x00,

    /* U+003C "<" */
    0x00, 0x00, 0x00, 0x00, 0x00, 0x00, 0x00, 0x20,
    0x00, 0x00, 0x00, 0x00, 0x00, 0x06, 0xcf, 0x00,
    0x00, 0x00, 0x00, 0x03, 0x9f, 0xff, 0xf0, 0x00,
    0x00, 0x01, 0x7d, 0xff, 0xff, 0xfb, 0x00, 0x00,
    0x4a, 0xff, 0xff, 0xfd, 0x71, 0x00, 0x17, 0xdf,
    0xff, 0xfe, 0x82, 0x00, 0x00, 0xaf, 0xff, 0xff,
    0xa4, 0x00, 0x00, 0x00, 0x0d, 0xff, 0xe6, 0x10,
    0x00, 0x00, 0x00, 0x00, 0xdf, 0xff, 0xe8, 0x20,
    0x00, 0x00, 0x00, 0x03, 0x9f, 0xff, 0xff, 0xc6,
    0x10, 0x00, 0x00, 0x00, 0x05, 0xcf, 0xff, 0xff,
    0xb5, 0x00, 0x00, 0x00, 0x00, 0x28, 0xef, 0xff,
    0xff, 0x93, 0x00, 0x00, 0x00, 0x00, 0x5b, 0xff,
    0xff, 0xf0, 0x00, 0x00, 0x00, 0x00, 0x02, 0x8e,
    0xff, 0x00, 0x00, 0x00, 0x00, 0x00, 0x00, 0x04,
    0xa0,

    /* U+003D "=" */
    0xdf, 0xff, 0xff, 0xff, 0xff, 0xff, 0xff, 0xfd,
    0xff, 0xff, 0xff, 0xff, 0xff, 0xff, 0xff, 0x68,
    0x88, 0x88, 0x88, 0x88, 0x88, 0x88, 0x70, 0x00,
    0x00, 0x00, 0x00, 0x00, 0x00, 0x00, 0x00, 0x00,
    0x00, 0x00, 0x00, 0x00, 0x00, 0x00, 0x00, 0x00,
    0x00, 0x00, 0x00, 0x00, 0x00, 0x00, 0x00, 0x00,
    0x00, 0x00, 0x00, 0x00, 0x07, 0x88, 0x88, 0x88,
    0x88, 0x88, 0x88, 0x88, 0xdf, 0xff, 0xff, 0xff,
    0xff, 0xff, 0xff, 0xfd, 0xff, 0xff, 0xff, 0xff,
    0xff, 0xff, 0xff,

    /* U+003E ">" */
    0x20, 0x00, 0x00, 0x00, 0x00, 0x00, 0x00, 0x0d,
    0xd7, 0x10, 0x00, 0x00, 0x00, 0x00, 0x00, 0xdf,
    0xff, 0xa4, 0x00, 0x00, 0x00, 0x00, 0x09, 0xff,
    0xff, 0xfd, 0x71, 0x00, 0x00, 0x00, 0x01, 0x6c,
    0xff, 0xff, 0xfb, 0x40, 0x00, 0x00, 0x00, 0x02,
    0x8d, 0xff, 0xff, 0xe8, 0x20, 0x00, 0x00, 0x00,
    0x03, 0x9f, 0xff, 0xff, 0xb0, 0x00, 0x00, 0x00,
    0x00, 0x05, 0xef, 0xff, 0x00, 0x00, 0x00, 0x00,
    0x17, 0xdf, 0xff, 0xf0, 0x00, 0x00, 0x06, 0xcf,
    0xff, 0xff, 0x93, 0x00, 0x04, 0xaf, 0xff, 0xff,
    0xc6, 0x00, 0x03, 0x9e, 0xff, 0xff, 0xf9, 0x30,
    0x00, 0x00, 0xdf, 0xff, 0xfc, 0x60, 0x00, 0x00,
    0x00, 0x0d, 0xfe, 0x82, 0x00, 0x00, 0x00, 0x00,
    0x00, 0x95, 0x00, 0x00, 0x00, 0x00, 0x00, 0x00,
    0x00,

    /* U+003F "?" */
    0x00, 0x04, 0x9c, 0xdb, 0x82, 0x00, 0x00, 0x2b,
    0xff, 0xff, 0xff, 0xf6, 0x00, 0x3e, 0xff, 0xff,
    0xff, 0xff, 0xf4, 0x04, 0xff, 0xc4, 0x01, 0x6f,
    0xff, 0xc0, 0x03, 0x90, 0x00, 0x00, 0x8f, 0xff,
    0x10, 0x00, 0x00, 0x00, 0x03, 0xff, 0xf3, 0x00,
    0x00, 0x00, 0x00, 0x3f, 0xff, 0x20, 0x00, 0x00,
    0x00, 0x08, 0xff, 0xe0, 0x00, 0x00, 0x00, 0x02,
    0xff, 0xf8, 0x00, 0x00, 0x00, 0x00, 0xdf, 0xfd,
    0x00, 0x00, 0x00, 0x00, 0xaf, 0xff, 0x20, 0x00,
    0x00, 0x00, 0x6f, 0xff, 0x40, 0x00, 0x00, 0x00,
    0x0e, 0xff, 0x80, 0x00, 0x00, 0x00, 0x06, 0xff,
    0xe0, 0x00, 0x00, 0x00, 0x00, 0xaf, 0xf8, 0x00,
    0x00, 0x00, 0x00, 0x0b, 0xff, 0x50, 0x00, 0x00,
    0x00, 0x00, 0x47, 0x72, 0x00, 0x00, 0x00, 0x00,
    0x00, 0x00, 0x00, 0x00, 0x00, 0x00, 0x00, 0x00,
    0x00, 0x00, 0x00, 0x00, 0x00, 0x06, 0xdd, 0x40,
    0x00, 0x00, 0x00, 0x03, 0xff, 0xff, 0x10, 0x00,
    0x00, 0x00, 0x6f, 0xff, 0xf3, 0x00, 0x00, 0x00,
    0x03, 0xff, 0xff, 0x10, 0x00, 0x00, 0x00, 0x07,
    0xfe, 0x50, 0x00, 0x00,

    /* U+0040 "@" */
    0x00, 0x00, 0x00, 0x00, 0x00, 0x48, 0xce, 0xff,
    0xfc, 0x94, 0x00, 0x00, 0x00, 0x00, 0x00, 0x00,
    0x00, 0x06, 0xdf, 0xff, 0xff, 0xff, 0xff, 0xfe,
    0x50, 0x00, 0x00, 0x00, 0x00, 0x00, 0x3d, 0xff,
    0xfc, 0x85, 0x44, 0x58, 0xcf, 0xff, 0xa0, 0x00,
    0x00, 0x00, 0x00, 0x5f, 0xff, 0xa2, 0x00, 0x00,
    0x00, 0x00, 0x3c, 0xff, 0xb0, 0x00, 0x00, 0x00,
    0x5f, 0xfe, 0x40, 0x00, 0x00, 0x00, 0x00, 0x00,
    0x08, 0xff, 0x80, 0x00, 0x00, 0x3f, 0xfd, 0x10,
    0x00, 0x00, 0x00, 0x00, 0x00, 0x00, 0x0a, 0xff,
    0x20, 0x00, 0x0e, 0xfe, 0x20, 0x00, 0x00, 0x00,
    0x00, 0x00, 0x00, 0x00, 0x1e, 0xf9, 0x00, 0x08,
    0xff, 0x40, 0x00, 0x00, 0x01, 0x44, 0x00, 0x11,
    0x00, 0x00, 0x8f, 0xe0, 0x00, 0xef, 0xb0, 0x00,
    0x00, 0x2b, 0xff, 0xfe, 0x3f, 0xf5, 0x00, 0x03,
    0xff, 0x30, 0x6f, 0xf3, 0x00, 0x00, 0x3e, 0xff,
    0xff, 0xff, 0xff, 0x10, 0x00, 0x0f, 0xf5, 0x0b,
    0xfd, 0x00, 0x00, 0x0d, 0xff, 0x81, 0x08, 0xff,
    0xe0, 0x00, 0x00, 0xdf, 0x70, 0xff, 0x80, 0x00,
    0x08, 0xff, 0x70, 0x00, 0x0f, 0xfa, 0x00, 0x00,
    0x0d, 0xf7, 0x2f, 0xf5, 0x00, 0x00, 0xff, 0xd0,
    0x00, 0x01, 0xff, 0x70, 0x00, 0x00, 0xef, 0x63,
    0xff, 0x30, 0x00, 0x4f, 0xf7, 0x00, 0x00, 0x4f,
    0xf3, 0x00, 0x00, 0x0f, 0xf4, 0x4f, 0xf2, 0x00,
    0x07, 0xff, 0x30, 0x00, 0x07, 0xff, 0x00, 0x00,
    0x05, 0xff, 0x14, 0xff, 0x20, 0x00, 0x8f, 0xf2,
    0x00, 0x00, 0xaf, 0xd0, 0x00, 0x00, 0xcf, 0xb0,
    0x3f, 0xf3, 0x00, 0x07, 0xff, 0x50, 0x00, 0x2f,
    0xfd, 0x00, 0x00, 0x7f, 0xf4, 0x02, 0xff, 0x50,
    0x00, 0x3f, 0xfd, 0x30, 0x5e, 0xff, 0xf6, 0x01,
    0x9f, 0xf9, 0x00, 0x0e, 0xf9, 0x00, 0x00, 0xbf,
    0xff, 0xff, 0xf5, 0xff, 0xff, 0xff, 0xfa, 0x00,
    0x00, 0xaf, 0xf0, 0x00, 0x00, 0xaf, 0xff, 0xc3,
    0x04, 0xef, 0xff, 0xd5, 0x00, 0x00, 0x04, 0xff,
    0x70, 0x00, 0x00, 0x14, 0x20, 0x00, 0x00, 0x24,
    0x20, 0x00, 0x00, 0x00, 0x0c, 0xff, 0x30, 0x00,
    0x00, 0x00, 0x00, 0x00, 0x00, 0x00, 0x00, 0x00,
    0x00, 0x00, 0x3f, 0xfe, 0x30, 0x00, 0x00, 0x00,
    0x00, 0x00, 0x00, 0x00, 0x00, 0x00, 0x00, 0x00,
    0x5f, 0xff, 0x70, 0x00, 0x00, 0x00, 0x00, 0x03,
    0x00, 0x00, 0x00, 0x00, 0x00, 0x00, 0x5f, 0xff,
    0xe9, 0x41, 0x00, 0x14, 0x9e, 0xd0, 0x00, 0x00,
    0x00, 0x00, 0x00, 0x00, 0x2b, 0xff, 0xff, 0xff,
    0xff, 0xff, 0xfe, 0x20, 0x00, 0x00, 0x00, 0x00,
    0x00, 0x00, 0x03, 0x9d, 0xff, 0xff, 0xff, 0xc6,
    0x00, 0x00, 0x00, 0x00, 0x00, 0x00, 0x00, 0x00,
    0x00, 0x01, 0x34, 0x42, 0x00, 0x00, 0x00, 0x00,
    0x00, 0x00,

    /* U+0041 "A" */
    0x00, 0x00, 0x00, 0x0d, 0xff, 0xf8, 0x00, 0x00,
    0x00, 0x00, 0x00, 0x00, 0x02, 0xff, 0xff, 0xd0,
    0x00, 0x00, 0x00, 0x00, 0x00, 0x00, 0x8f, 0xff,
    0xff, 0x20, 0x00, 0x00, 0x00, 0x00, 0x00, 0x0d,
    0xff, 0x7f, 0xf8, 0x00, 0x00, 0x00, 0x00, 0x00,
    0x02, 0xff, 0xb3, 0xff, 0xd0, 0x00, 0x00, 0x00,
    0x00, 0x00, 0x8f, 0xf7, 0x0e, 0xff, 0x20, 0x00,
    0x00, 0x00, 0x00, 0x0d, 0xff, 0x30, 0xaf, 0xf8,
    0x00, 0x00, 0x00, 0x00, 0x02, 0xff, 0xe0, 0x05,
    0xff, 0xd0, 0x00, 0x00, 0x00, 0x00, 0x8f, 0xf9,
    0x00, 0x1f, 0xff, 0x20, 0x00, 0x00, 0x00, 0x0d,
    0xff, 0x40, 0x00, 0xcf, 0xf8, 0x00, 0x00, 0x00,
    0x02, 0xff, 0xf0, 0x00, 0x07, 0xff, 0xd0, 0x00,
    0x00, 0x00, 0x8f, 0xfb, 0x00, 0x00, 0x2f, 0xff,
    0x20, 0x00, 0x00, 0x0d, 0xff, 0x60, 0x00, 0x00,
    0xdf, 0xf8, 0x00, 0x00, 0x02, 0xff, 0xff, 0xff,
    0xff, 0xff, 0xff, 0xd0, 0x00, 0x00, 0x8f, 0xff,
    0xff, 0xff, 0xff, 0xff, 0xff, 0x20, 0x00, 0x0d,
    0xff, 0xdc, 0xcc, 0xcc, 0xcc, 0xff, 0xf7, 0x00,
    0x02, 0xff, 0xf3, 0x00, 0x00, 0x00, 0x0a, 0xff,
    0xd0, 0x00, 0x8f, 0xfe, 0x00, 0x00, 0x00, 0x00,
    0x6f, 0xff, 0x20, 0x0d, 0xff, 0x90, 0x00, 0x00,
    0x00, 0x01, 0xff, 0xf7, 0x02, 0xff, 0xf5, 0x00,
    0x00, 0x00, 0x00, 0x0c, 0xff, 0xd0, 0x8f, 0xff,
    0x00, 0x00, 0x00, 0x00, 0x00, 0x7f, 0xff, 0x2d,
    0xff, 0xb0, 0x00, 0x00, 0x00, 0x00, 0x02, 0xff,
    0xf7,

    /* U+0042 "B" */
    0x1f, 0xff, 0xff, 0xff, 0xfe, 0xc8, 0x30, 0x00,
    0x01, 0xff, 0xff, 0xff, 0xff, 0xff, 0xff, 0xa0,
    0x00, 0x1f, 0xff, 0xdc, 0xcc, 0xce, 0xff, 0xff,
    0xb0, 0x01, 0xff, 0xf6, 0x00, 0x00, 0x03, 0xdf,
    0xff, 0x40, 0x1f, 0xff, 0x60, 0x00, 0x00, 0x02,
    0xff, 0xf7, 0x01, 0xff, 0xf6, 0x00, 0x00, 0x00,
    0x0e, 0xff, 0x80, 0x1f, 0xff, 0x60, 0x00, 0x00,
    0x00, 0xff, 0xf6, 0x01, 0xff, 0xf6, 0x00, 0x00,
    0x00, 0x6f, 0xff, 0x10, 0x1f, 0xff, 0x60, 0x00,
    0x03, 0x9f, 0xff, 0x70, 0x01, 0xff, 0xff, 0xff,
    0xff, 0xff, 0xfe, 0x70, 0x00, 0x1f, 0xff, 0xff,
    0xff, 0xff, 0xff, 0xd8, 0x10, 0x01, 0xff, 0xfc,
    0xaa, 0xaa, 0xbe, 0xff, 0xfe, 0x30, 0x1f, 0xff,
    0x60, 0x00, 0x00, 0x04, 0xdf, 0xfe, 0x11, 0xff,
    0xf6, 0x00, 0x00, 0x00, 0x02, 0xff, 0xf7, 0x1f,
    0xff, 0x60, 0x00, 0x00, 0x00, 0x0c, 0xff, 0xa1,
    0xff, 0xf6, 0x00, 0x00, 0x00, 0x00, 0xbf, 0xfb,
    0x1f, 0xff, 0x60, 0x00, 0x00, 0x00, 0x0d, 0xff,
    0xa1, 0xff, 0xf6, 0x00, 0x00, 0x00, 0x05, 0xff,
    0xf7, 0x1f, 0xff, 0x60, 0x00, 0x00, 0x17, 0xff,
    0xff, 0x11, 0xff, 0xfd, 0xcc, 0xcc, 0xdf, 0xff,
    0xff, 0x50, 0x1f, 0xff, 0xff, 0xff, 0xff, 0xff,
    0xfd, 0x40, 0x01, 0xff, 0xff, 0xff, 0xff, 0xfd,
    0xa5, 0x00, 0x00,

    /* U+0043 "C" */
    0x00, 0x00, 0x00, 0x28, 0xce, 0xff, 0xc8, 0x10,
    0x00, 0x00, 0x00, 0x09, 0xff, 0xff, 0xff, 0xff,
    0xf6, 0x00, 0x00, 0x01, 0xdf, 0xff, 0xff, 0xff,
    0xff, 0xff, 0x90, 0x00, 0x0d, 0xff, 0xfe, 0x72,
    0x11, 0x5c, 0xff, 0x50, 0x00, 0x9f, 0xff, 0xb1,
    0x00, 0x00, 0x00, 0x77, 0x00, 0x02, 0xff, 0xfd,
    0x00, 0x00, 0x00, 0x00, 0x00, 0x00, 0x09, 0xff,
    0xf3, 0x00, 0x00, 0x00, 0x00, 0x00, 0x00, 0x0d,
    0xff, 0xd0, 0x00, 0x00, 0x00, 0x00, 0x00, 0x00,
    0x1f, 0xff, 0x80, 0x00, 0x00, 0x00, 0x00, 0x00,
    0x00, 0x3f, 0xff, 0x50, 0x00, 0x00, 0x00, 0x00,
    0x00, 0x00, 0x4f, 0xff, 0x40, 0x00, 0x00, 0x00,
    0x00, 0x00, 0x00, 0x4f, 0xff, 0x40, 0x00, 0x00,
    0x00, 0x00, 0x00, 0x00, 0x3f, 0xff, 0x60, 0x00,
    0x00, 0x00, 0x00, 0x00, 0x00, 0x1f, 0xff, 0x80,
    0x00, 0x00, 0x00, 0x00, 0x00, 0x00, 0x0e, 0xff,
    0xd0, 0x00, 0x00, 0x00, 0x00, 0x00, 0x00, 0x09,
    0xff, 0xf3, 0x00, 0x00, 0x00, 0x00, 0x00, 0x00,
    0x03, 0xff, 0xfc, 0x00, 0x00, 0x00, 0x00, 0x01,
    0x00, 0x00, 0xbf, 0xff, 0xa0, 0x00, 0x00, 0x00,
    0x6f, 0x40, 0x00, 0x1e, 0xff, 0xfe, 0x73, 0x12,
    0x5c, 0xff, 0xf2, 0x00, 0x02, 0xef, 0xff, 0xff,
    0xff, 0xff, 0xff, 0xb0, 0x00, 0x00, 0x1a, 0xff,
    0xff, 0xff, 0xff, 0xf7, 0x00, 0x00, 0x00, 0x00,
    0x28, 0xcf, 0xff, 0xc8, 0x10, 0x00,

    /* U+0044 "D" */
    0x1f, 0xff, 0xff, 0xff, 0xeb, 0x82, 0x00, 0x00,
    0x00, 0x1f, 0xff, 0xff, 0xff, 0xff, 0xff, 0xb2,
    0x00, 0x00, 0x1f, 0xff, 0xee, 0xef, 0xff, 0xff,
    0xff, 0x40, 0x00, 0x1f, 0xff, 0x60, 0x00, 0x15,
    0xdf, 0xff, 0xf2, 0x00, 0x1f, 0xff, 0x60, 0x00,
    0x00, 0x08, 0xff, 0xfc, 0x00, 0x1f, 0xff, 0x60,
    0x00, 0x00, 0x00, 0xaf, 0xff, 0x50, 0x1f, 0xff,
    0x60, 0x00, 0x00, 0x00, 0x2f, 0xff, 0xb0, 0x1f,
    0xff, 0x60, 0x00, 0x00, 0x00, 0x0c, 0xff, 0xf0,
    0x1f, 0xff, 0x60, 0x00, 0x00, 0x00, 0x08, 0xff,
    0xf2, 0x1f, 0xff, 0x60, 0x00, 0x00, 0x00, 0x06,
    0xff, 0xf3, 0x1f, 0xff, 0x60, 0x00, 0x00, 0x00,
    0x05, 0xff, 0xf4, 0x1f, 0xff, 0x60, 0x00, 0x00,
    0x00, 0x05, 0xff, 0xf4, 0x1f, 0xff, 0x60, 0x00,
    0x00, 0x00, 0x06, 0xff, 0xf3, 0x1f, 0xff, 0x60,
    0x00, 0x00, 0x00, 0x08, 0xff, 0xf1, 0x1f, 0xff,
    0x60, 0x00, 0x00, 0x00, 0x0c, 0xff, 0xe0, 0x1f,
    0xff, 0x60, 0x00, 0x00, 0x00, 0x2f, 0xff, 0xa0,
    0x1f, 0xff, 0x60, 0x00, 0x00, 0x00, 0xbf, 0xff,
    0x40, 0x1f, 0xff, 0x60, 0x00, 0x00, 0x09, 0xff,
    0xfc, 0x00, 0x1f, 0xff, 0x60, 0x00, 0x16, 0xdf,
    0xff, 0xf2, 0x00, 0x1f, 0xff, 0xed, 0xde, 0xff,
    0xff, 0xfe, 0x30, 0x00, 0x1f, 0xff, 0xff, 0xff,
    0xff, 0xff, 0xb2, 0x00, 0x00, 0x1f, 0xff, 0xff,
    0xff, 0xec, 0x82, 0x00, 0x00, 0x00,

    /* U+0045 "E" */
    0x1f, 0xff, 0xff, 0xff, 0xff, 0xff, 0xff, 0x01,
    0xff, 0xff, 0xff, 0xff, 0xff, 0xff, 0xf0, 0x1f,
    0xff, 0xff, 0xff, 0xff, 0xff, 0xfe, 0x01, 0xff,
    0xf6, 0x00, 0x00, 0x00, 0x00, 0x00, 0x1f, 0xff,
    0x60, 0x00, 0x00, 0x00, 0x00, 0x01, 0xff, 0xf6,
    0x00, 0x00, 0x00, 0x00, 0x00, 0x1f, 0xff, 0x60,
    0x00, 0x00, 0x00, 0x00, 0x01, 0xff, 0xf6, 0x00,
    0x00, 0x00, 0x00, 0x00, 0x1f, 0xff, 0x60, 0x00,
    0x00, 0x00, 0x00, 0x01, 0xff, 0xff, 0xff, 0xff,
    0xff, 0xf7, 0x00, 0x1f, 0xff, 0xff, 0xff, 0xff,
    0xff, 0x70, 0x01, 0xff, 0xff, 0xff, 0xff, 0xff,
    0xf7, 0x00, 0x1f, 0xff, 0x60, 0x00, 0x00, 0x00,
    0x00, 0x01, 0xff, 0xf6, 0x00, 0x00, 0x00, 0x00,
    0x00, 0x1f, 0xff, 0x60, 0x00, 0x00, 0x00, 0x00,
    0x01, 0xff, 0xf6, 0x00, 0x00, 0x00, 0x00, 0x00,
    0x1f, 0xff, 0x60, 0x00, 0x00, 0x00, 0x00, 0x01,
    0xff, 0xf6, 0x00, 0x00, 0x00, 0x00, 0x00, 0x1f,
    0xff, 0x60, 0x00, 0x00, 0x00, 0x00, 0x01, 0xff,
    0xff, 0xff, 0xff, 0xff, 0xff, 0xf4, 0x1f, 0xff,
    0xff, 0xff, 0xff, 0xff, 0xff, 0x41, 0xff, 0xff,
    0xff, 0xff, 0xff, 0xff, 0xf4,

    /* U+0046 "F" */
    0x1f, 0xff, 0xff, 0xff, 0xff, 0xff, 0xff, 0x1f,
    0xff, 0xff, 0xff, 0xff, 0xff, 0xff, 0x1f, 0xff,
    0xff, 0xff, 0xff, 0xff, 0xff, 0x1f, 0xff, 0x60,
    0x00, 0x00, 0x00, 0x00, 0x1f, 0xff, 0x60, 0x00,
    0x00, 0x00, 0x00, 0x1f, 0xff, 0x60, 0x00, 0x00,
    0x00, 0x00, 0x1f, 0xff, 0x60, 0x00, 0x00, 0x00,
    0x00, 0x1f, 0xff, 0x60, 0x00, 0x00, 0x00, 0x00,
    0x1f, 0xff, 0x60, 0x00, 0x00, 0x00, 0x00, 0x1f,
    0xff, 0xff, 0xff, 0xff, 0xff, 0x80, 0x1f, 0xff,
    0xff, 0xff, 0xff, 0xff, 0x90, 0x1f, 0xff, 0xff,
    0xff, 0xff, 0xff, 0x90, 0x1f, 0xff, 0x60, 0x00,
    0x00, 0x00, 0x00, 0x1f, 0xff, 0x60, 0x00, 0x00,
    0x00, 0x00, 0x1f, 0xff, 0x60, 0x00, 0x00, 0x00,
    0x00, 0x1f, 0xff, 0x60, 0x00, 0x00, 0x00, 0x00,
    0x1f, 0xff, 0x60, 0x00, 0x00, 0x00, 0x00, 0x1f,
    0xff, 0x60, 0x00, 0x00, 0x00, 0x00, 0x1f, 0xff,
    0x60, 0x00, 0x00, 0x00, 0x00, 0x1f, 0xff, 0x60,
    0x00, 0x00, 0x00, 0x00, 0x1f, 0xff, 0x60, 0x00,
    0x00, 0x00, 0x00, 0x1f, 0xff, 0x60, 0x00, 0x00,
    0x00, 0x00,

    /* U+0047 "G" */
    0x00, 0x00, 0x00, 0x17, 0xbe, 0xff, 0xeb, 0x50,
    0x00, 0x00, 0x00, 0x08, 0xff, 0xff, 0xff, 0xff,
    0xfc, 0x20, 0x00, 0x01, 0xcf, 0xff, 0xff, 0xff,
    0xff, 0xff, 0xf3, 0x00, 0x0c, 0xff, 0xff, 0x83,
    0x11, 0x27, 0xef, 0xd1, 0x00, 0x8f, 0xff, 0xc1,
    0x00, 0x00, 0x00, 0x09, 0x10, 0x02, 0xff, 0xfd,
    0x00, 0x00, 0x00, 0x00, 0x00, 0x00, 0x08, 0xff,
    0xf4, 0x00, 0x00, 0x00, 0x00, 0x00, 0x00, 0x0d,
    0xff, 0xd0, 0x00, 0x00, 0x00, 0x00, 0x00, 0x00,
    0x1f, 0xff, 0x80, 0x00, 0x00, 0x00, 0x00, 0x00,
    0x00, 0x3f, 0xff, 0x60, 0x00, 0x00, 0x00, 0x00,
    0x00, 0x00, 0x4f, 0xff, 0x40, 0x00, 0x00, 0xaf,
    0xff, 0xff, 0xfe, 0x4f, 0xff, 0x40, 0x00, 0x00,
    0xaf, 0xff, 0xff, 0xfe, 0x3f, 0xff, 0x60, 0x00,
    0x00, 0x8e, 0xee, 0xef, 0xfe, 0x1f, 0xff, 0x80,
    0x00, 0x00, 0x00, 0x00, 0x4f, 0xfe, 0x0e, 0xff,
    0xd0, 0x00, 0x00, 0x00, 0x00, 0x4f, 0xfe, 0x09,
    0xff, 0xf4, 0x00, 0x00, 0x00, 0x00, 0x4f, 0xfe,
    0x03, 0xff, 0xfd, 0x00, 0x00, 0x00, 0x00, 0x4f,
    0xfe, 0x00, 0xaf, 0xff, 0xc1, 0x00, 0x00, 0x00,
    0x4f, 0xfe, 0x00, 0x1d, 0xff, 0xff, 0x84, 0x11,
    0x37, 0xef, 0xfe, 0x00, 0x02, 0xdf, 0xff, 0xff,
    0xff, 0xff, 0xff, 0xfb, 0x00, 0x00, 0x09, 0xff,
    0xff, 0xff, 0xff, 0xff, 0x70, 0x00, 0x00, 0x00,
    0x27, 0xce, 0xff, 0xeb, 0x61, 0x00,

    /* U+0048 "H" */
    0x1f, 0xff, 0x60, 0x00, 0x00, 0x00, 0x02, 0xff,
    0xf5, 0x1f, 0xff, 0x60, 0x00, 0x00, 0x00, 0x02,
    0xff, 0xf5, 0x1f, 0xff, 0x60, 0x00, 0x00, 0x00,
    0x02, 0xff, 0xf5, 0x1f, 0xff, 0x60, 0x00, 0x00,
    0x00, 0x02, 0xff, 0xf5, 0x1f, 0xff, 0x60, 0x00,
    0x00, 0x00, 0x02, 0xff, 0xf5, 0x1f, 0xff, 0x60,
    0x00, 0x00, 0x00, 0x02, 0xff, 0xf5, 0x1f, 0xff,
    0x60, 0x00, 0x00, 0x00, 0x02, 0xff, 0xf5, 0x1f,
    0xff, 0x60, 0x00, 0x00, 0x00, 0x02, 0xff, 0xf5,
    0x1f, 0xff, 0x60, 0x00, 0x00, 0x00, 0x03, 0xff,
    0xf5, 0x1f, 0xff, 0xff, 0xff, 0xff, 0xff, 0xff,
    0xff, 0xf5, 0x1f, 0xff, 0xff, 0xff, 0xff, 0xff,
    0xff, 0xff, 0xf5, 0x1f, 0xff, 0xff, 0xff, 0xff,
    0xff, 0xff, 0xff, 0xf5, 0x1f, 0xff, 0x60, 0x00,
    0x00, 0x00, 0x02, 0xff, 0xf5, 0x1f, 0xff, 0x60,
    0x00, 0x00, 0x00, 0x02, 0xff, 0xf5, 0x1f, 0xff,
    0x60, 0x00, 0x00, 0x00, 0x02, 0xff, 0xf5, 0x1f,
    0xff, 0x60, 0x00, 0x00, 0x00, 0x02, 0xff, 0xf5,
    0x1f, 0xff, 0x60, 0x00, 0x00, 0x00, 0x02, 0xff,
    0xf5, 0x1f, 0xff, 0x60, 0x00, 0x00, 0x00, 0x02,
    0xff, 0xf5, 0x1f, 0xff, 0x60, 0x00, 0x00, 0x00,
    0x02, 0xff, 0xf5, 0x1f, 0xff, 0x60, 0x00, 0x00,
    0x00, 0x02, 0xff, 0xf5, 0x1f, 0xff, 0x60, 0x00,
    0x00, 0x00, 0x02, 0xff, 0xf5, 0x1f, 0xff, 0x60,
    0x00, 0x00, 0x00, 0x02, 0xff, 0xf5,

    /* U+0049 "I" */
    0x1f, 0xff, 0x61, 0xff, 0xf6, 0x1f, 0xff, 0x61,
    0xff, 0xf6, 0x1f, 0xff, 0x61, 0xff, 0xf6, 0x1f,
    0xff, 0x61, 0xff, 0xf6, 0x1f, 0xff, 0x61, 0xff,
    0xf6, 0x1f, 0xff, 0x61, 0xff, 0xf6, 0x1f, 0xff,
    0x61, 0xff, 0xf6, 0x1f, 0xff, 0x61, 0xff, 0xf6,
    0x1f, 0xff, 0x61, 0xff, 0xf6, 0x1f, 0xff, 0x61,
    0xff, 0xf6, 0x1f, 0xff, 0x61, 0xff, 0xf6,

    /* U+004A "J" */
    0x00, 0x00, 0x00, 0x00, 0x00, 0xcf, 0xfb, 0x00,
    0x00, 0x00, 0x00, 0x00, 0xcf, 0xfb, 0x00, 0x00,
    0x00, 0x00, 0x00, 0xcf, 0xfb, 0x00, 0x00, 0x00,
    0x00, 0x00, 0xcf, 0xfb, 0x00, 0x00, 0x00, 0x00,
    0x00, 0xcf, 0xfb, 0x00, 0x00, 0x00, 0x00, 0x00,
    0xcf, 0xfb, 0x00, 0x00, 0x00, 0x00, 0x00, 0xcf,
    0xfb, 0x00, 0x00, 0x00, 0x00, 0x00, 0xcf, 0xfb,
    0x00, 0x00, 0x00, 0x00, 0x00, 0xcf, 0xfb, 0x00,
    0x00, 0x00, 0x00, 0x00, 0xcf, 0xfb, 0x00, 0x00,
    0x00, 0x00, 0x00, 0xcf, 0xfb, 0x00, 0x00, 0x00,
    0x00, 0x00, 0xcf, 0xfb, 0x00, 0x00, 0x00, 0x00,
    0x00, 0xcf, 0xfb, 0x00, 0x00, 0x00, 0x00, 0x00,
    0xcf, 0xfb, 0x00, 0x00, 0x00, 0x00, 0x00, 0xcf,
    0xfb, 0x00, 0x00, 0x00, 0x00, 0x00, 0xdf, 0xfa,
    0x00, 0x02, 0x00, 0x00, 0x00, 0xff, 0xf9, 0x02,
    0xce, 0x10, 0x00, 0x05, 0xff, 0xf5, 0x0d, 0xff,
    0xe5, 0x12, 0x6f, 0xff, 0xf1, 0x04, 0xff, 0xff,
    0xff, 0xff, 0xff, 0x80, 0x00, 0x5f, 0xff, 0xff,
    0xff, 0xfa, 0x00, 0x00, 0x01, 0x8d, 0xff, 0xeb,
    0x40, 0x00,

    /* U+004B "K" */
    0x1f, 0xff, 0x60, 0x00, 0x00, 0x00, 0x9f, 0xff,
    0x60, 0x1f, 0xff, 0x60, 0x00, 0x00, 0x05, 0xff,
    0xf9, 0x00, 0x1f, 0xff, 0x60, 0x00, 0x00, 0x3f,
    0xff, 0xb0, 0x00, 0x1f, 0xff, 0x60, 0x00, 0x01,
    0xef, 0xfd, 0x10, 0x00, 0x1f, 0xff, 0x60, 0x00,
    0x0c, 0xff, 0xf2, 0x00, 0x00, 0x1f, 0xff, 0x60,
    0x00, 0x9f, 0xff, 0x50, 0x00, 0x00, 0x1f, 0xff,
    0x60, 0x05, 0xff, 0xf8, 0x00, 0x00, 0x00, 0x1f,
    0xff, 0x60, 0x3f, 0xff, 0xb0, 0x00, 0x00, 0x00,
    0x1f, 0xff, 0x61, 0xef, 0xff, 0x10, 0x00, 0x00,
    0x00, 0x1f, 0xff, 0x6c, 0xff, 0xff, 0x70, 0x00,
    0x00, 0x00, 0x1f, 0xff, 0xef, 0xff, 0xff, 0xf2,
    0x00, 0x00, 0x00, 0x1f, 0xff, 0xff, 0xfa, 0xff,
    0xfa, 0x00, 0x00, 0x00, 0x1f, 0xff, 0xff, 0xc0,
    0x7f, 0xff, 0x40, 0x00, 0x00, 0x1f, 0xff, 0xfd,
    0x10, 0x0d, 0xff, 0xd0, 0x00, 0x00, 0x1f, 0xff,
    0xf2, 0x00, 0x05, 0xff, 0xf7, 0x00, 0x00, 0x1f,
    0xff, 0x70, 0x00, 0x00, 0xbf, 0xff, 0x10, 0x00,
    0x1f, 0xff, 0x60, 0x00, 0x00, 0x2f, 0xff, 0xa0,
    0x00, 0x1f, 0xff, 0x60, 0x00, 0x00, 0x09, 0xff,
    0xf3, 0x00, 0x1f, 0xff, 0x60, 0x00, 0x00, 0x01,
    0xef, 0xfc, 0x00, 0x1f, 0xff, 0x60, 0x00, 0x00,
    0x00, 0x6f, 0xff, 0x60, 0x1f, 0xff, 0x60, 0x00,
    0x00, 0x00, 0x0d, 0xff, 0xe1, 0x1f, 0xff, 0x60,
    0x00, 0x00, 0x00, 0x04, 0xff, 0xf9,

    /* U+004C "L" */
    0x1f, 0xff, 0x60, 0x00, 0x00, 0x00, 0x00, 0x1f,
    0xff, 0x60, 0x00, 0x00, 0x00, 0x00, 0x1f, 0xff,
    0x60, 0x00, 0x00, 0x00, 0x00, 0x1f, 0xff, 0x60,
    0x00, 0x00, 0x00, 0x00, 0x1f, 0xff, 0x60, 0x00,
    0x00, 0x00, 0x00, 0x1f, 0xff, 0x60, 0x00, 0x00,
    0x00, 0x00, 0x1f, 0xff, 0x60, 0x00, 0x00, 0x00,
    0x00, 0x1f, 0xff, 0x60, 0x00, 0x00, 0x00, 0x00,
    0x1f, 0xff, 0x60, 0x00, 0x00, 0x00, 0x00, 0x1f,
    0xff, 0x60, 0x00, 0x00, 0x00, 0x00, 0x1f, 0xff,
    0x60, 0x00, 0x00, 0x00, 0x00, 0x1f, 0xff, 0x60,
    0x00, 0x00, 0x00, 0x00, 0x1f, 0xff, 0x60, 0x00,
    0x00, 0x00, 0x00, 0x1f, 0xff, 0x60, 0x00, 0x00,
    0x00, 0x00, 0x1f, 0xff, 0x60, 0x00, 0x00, 0x00,
    0x00, 0x1f, 0xff, 0x60, 0x00, 0x00, 0x00, 0x00,
    0x1f, 0xff, 0x60, 0x00, 0x00, 0x00, 0x00, 0x1f,
    0xff, 0x60, 0x00, 0x00, 0x00, 0x00, 0x1f, 0xff,
    0x60, 0x00, 0x00, 0x00, 0x00, 0x1f, 0xff, 0xff,
    0xff, 0xff, 0xff, 0xfb, 0x1f, 0xff, 0xff, 0xff,
    0xff, 0xff, 0xfc, 0x1f, 0xff, 0xff, 0xff, 0xff,
    0xff, 0xfc,

    /* U+004D "M" */
    0x1f, 0xff, 0xf1, 0x00, 0x00, 0x00, 0x00, 0x03,
    0xff, 0xff, 0x01, 0xff, 0xff, 0x70, 0x00, 0x00,
    0x00, 0x00, 0x9f, 0xff, 0xf0, 0x1f, 0xff, 0xfd,
    0x00, 0x00, 0x00, 0x00, 0x0e, 0xff, 0xff, 0x01,
    0xff, 0xff, 0xf3, 0x00, 0x00, 0x00, 0x04, 0xff,
    0xff, 0xf0, 0x1f, 0xfd, 0xff, 0x80, 0x00, 0x00,
    0x00, 0xaf, 0xfd, 0xff, 0x01, 0xff, 0xbe, 0xfe,
    0x00, 0x00, 0x00, 0x0f, 0xfb, 0xdf, 0xf0, 0x1f,
    0xfc, 0x8f, 0xf4, 0x00, 0x00, 0x05, 0xff, 0x5f,
    0xff, 0x01, 0xff, 0xe3, 0xff, 0xa0, 0x00, 0x00,
    0xbf, 0xf1, 0xff, 0xf0, 0x1f, 0xff, 0x0d, 0xff,
    0x00, 0x00, 0x1f, 0xfa, 0x1f, 0xff, 0x01, 0xff,
    0xf0, 0x7f, 0xf5, 0x00, 0x06, 0xff, 0x42, 0xff,
    0xf0, 0x1f, 0xff, 0x02, 0xff, 0xb0, 0x00, 0xcf,
    0xe0, 0x3f, 0xff, 0x01, 0xff, 0xf1, 0x0c, 0xff,
    0x10, 0x1f, 0xf9, 0x03, 0xff, 0xf0, 0x1f, 0xff,
    0x10, 0x6f, 0xf6, 0x06, 0xff, 0x30, 0x3f, 0xff,
    0x01, 0xff, 0xf1, 0x00, 0xff, 0xc0, 0xcf, 0xd0,
    0x03, 0xff, 0xf0, 0x1f, 0xff, 0x10, 0x0a, 0xff,
    0x3f, 0xf7, 0x00, 0x3f, 0xff, 0x01, 0xff, 0xf1,
    0x00, 0x4f, 0xfd, 0xff, 0x10, 0x03, 0xff, 0xf0,
    0x1f, 0xff, 0x10, 0x00, 0xef, 0xff, 0xb0, 0x00,
    0x3f, 0xff, 0x01, 0xff, 0xf1, 0x00, 0x08, 0xff,
    0xf6, 0x00, 0x03, 0xff, 0xf0, 0x1f, 0xff, 0x10,
    0x00, 0x2f, 0xff, 0x00, 0x00, 0x3f, 0xff, 0x01,
    0xff, 0xf1, 0x00, 0x00, 0xbe, 0x90, 0x00, 0x03,
    0xff, 0xf0, 0x1f, 0xff, 0x10, 0x00, 0x00, 0x00,
    0x00, 0x00, 0x3f, 0xff, 0x01, 0xff, 0xf1, 0x00,
    0x00, 0x00, 0x00, 0x00, 0x03, 0xff, 0xf0,

    /* U+004E "N" */
    0x1f, 0xff, 0xc0, 0x00, 0x00, 0x00, 0x03, 0xff,
    0xf1, 0x1f, 0xff, 0xf5, 0x00, 0x00, 0x00, 0x03,
    0xff, 0xf1, 0x1f, 0xff, 0xfd, 0x00, 0x00, 0x00,
    0x03, 0xff, 0xf1, 0x1f, 0xff, 0xff, 0x70, 0x00,
    0x00, 0x03, 0xff, 0xf1, 0x1f, 0xfe, 0xff, 0xf1,
    0x00, 0x00, 0x03, 0xff, 0xf1, 0x1f, 0xfd, 0x9f,
    0xf9, 0x00, 0x00, 0x03, 0xff, 0xf1, 0x1f, 0xff,
    0x1f, 0xff, 0x20, 0x00, 0x03, 0xff, 0xf1, 0x1f,
    0xff, 0x09, 0xff, 0xb0, 0x00, 0x03, 0xff, 0xf1,
    0x1f, 0xff, 0x11, 0xff, 0xf4, 0x00, 0x03, 0xff,
    0xf1, 0x1f, 0xff, 0x20, 0x8f, 0xfd, 0x00, 0x03,
    0xff, 0xf1, 0x1f, 0xff, 0x20, 0x0e, 0xff, 0x60,
    0x03, 0xff, 0xf1, 0x1f, 0xff, 0x30, 0x06, 0xff,
    0xe1, 0x03, 0xff, 0xf1, 0x1f, 0xff, 0x30, 0x00,
    0xdf, 0xf8, 0x02, 0xff, 0xf1, 0x1f, 0xff, 0x30,
    0x00, 0x4f, 0xff, 0x11, 0xff, 0xf1, 0x1f, 0xff,
    0x30, 0x00, 0x0b, 0xff, 0x90, 0xff, 0xf1, 0x1f,
    0xff, 0x30, 0x00, 0x02, 0xff, 0xf1, 0xef, 0xf1,
    0x1f, 0xff, 0x30, 0x00, 0x00, 0x9f, 0xf9, 0xdf,
    0xf1, 0x1f, 0xff, 0x30, 0x00, 0x00, 0x1e, 0xff,
    0xef, 0xf1, 0x1f, 0xff, 0x30, 0x00, 0x00, 0x06,
    0xff, 0xff, 0xf1, 0x1f, 0xff, 0x30, 0x00, 0x00,
    0x00, 0xdf, 0xff, 0xf1, 0x1f, 0xff, 0x30, 0x00,
    0x00, 0x00, 0x4f, 0xff, 0xf1, 0x1f, 0xff, 0x30,
    0x00, 0x00, 0x00, 0x0b, 0xff, 0xf1,

    /* U+004F "O" */
    0x00, 0x00, 0x00, 0x49, 0xdf, 0xfe, 0xc8, 0x20,
    0x00, 0x00, 0x00, 0x00, 0x2c, 0xff, 0xff, 0xff,
    0xff, 0xf9, 0x00, 0x00, 0x00, 0x04, 0xff, 0xff,
    0xff, 0xff, 0xff, 0xff, 0xc0, 0x00, 0x00, 0x2f,
    0xff, 0xfc, 0x51, 0x12, 0x7e, 0xff, 0xfb, 0x00,
    0x00, 0xcf, 0xff, 0x80, 0x00, 0x00, 0x01, 0xdf,
    0xff, 0x60, 0x04, 0xff, 0xfa, 0x00, 0x00, 0x00,
    0x00, 0x1f, 0xff, 0xe0, 0x0a, 0xff, 0xf2, 0x00,
    0x00, 0x00, 0x00, 0x07, 0xff, 0xf4, 0x0f, 0xff,
    0xc0, 0x00, 0x00, 0x00, 0x00, 0x01, 0xff, 0xf9,
    0x2f, 0xff, 0x80, 0x00, 0x00, 0x00, 0x00, 0x00,
    0xdf, 0xfc, 0x4f, 0xff, 0x50, 0x00, 0x00, 0x00,
    0x00, 0x00, 0xbf, 0xfe, 0x4f, 0xff, 0x40, 0x00,
    0x00, 0x00, 0x00, 0x00, 0xaf, 0xfe, 0x4f, 0xff,
    0x40, 0x00, 0x00, 0x00, 0x00, 0x00, 0xaf, 0xfe,
    0x3f, 0xff, 0x60, 0x00, 0x00, 0x00, 0x00, 0x00,
    0xbf, 0xfd, 0x1f, 0xff, 0x80, 0x00, 0x00, 0x00,
    0x00, 0x00, 0xef, 0xfb, 0x0e, 0xff, 0xc0, 0x00,
    0x00, 0x00, 0x00, 0x02, 0xff, 0xf8, 0x09, 0xff,
    0xf3, 0x00, 0x00, 0x00, 0x00, 0x08, 0xff, 0xf3,
    0x03, 0xff, 0xfc, 0x00, 0x00, 0x00, 0x00, 0x2f,
    0xff, 0xd0, 0x00, 0xbf, 0xff, 0x90, 0x00, 0x00,
    0x02, 0xdf, 0xff, 0x50, 0x00, 0x1e, 0xff, 0xfd,
    0x62, 0x13, 0x8f, 0xff, 0xfa, 0x00, 0x00, 0x03,
    0xef, 0xff, 0xff, 0xff, 0xff, 0xff, 0xb0, 0x00,
    0x00, 0x00, 0x2c, 0xff, 0xff, 0xff, 0xff, 0xf8,
    0x00, 0x00, 0x00, 0x00, 0x00, 0x49, 0xdf, 0xfe,
    0xc8, 0x10, 0x00, 0x00,

    /* U+0050 "P" */
    0x1f, 0xff, 0xff, 0xff, 0xfe, 0xb7, 0x20, 0x00,
    0x01, 0xff, 0xff, 0xff, 0xff, 0xff, 0xff, 0x90,
    0x00, 0x1f, 0xff, 0xed, 0xdd, 0xef, 0xff, 0xff,
    0xb0, 0x01, 0xff, 0xf6, 0x00, 0x00, 0x05, 0xdf,
    0xff, 0x60, 0x1f, 0xff, 0x60, 0x00, 0x00, 0x01,
    0xef, 0xfc, 0x01, 0xff, 0xf6, 0x00, 0x00, 0x00,
    0x08, 0xff, 0xf0, 0x1f, 0xff, 0x60, 0x00, 0x00,
    0x00, 0x6f, 0xff, 0x01, 0xff, 0xf6, 0x00, 0x00,
    0x00, 0x07, 0xff, 0xf0, 0x1f, 0xff, 0x60, 0x00,
    0x00, 0x00, 0xaf, 0xfe, 0x01, 0xff, 0xf6, 0x00,
    0x00, 0x00, 0x4f, 0xff, 0x90, 0x1f, 0xff, 0x60,
    0x00, 0x03, 0x8f, 0xff, 0xf2, 0x01, 0xff, 0xff,
    0xff, 0xff, 0xff, 0xff, 0xf5, 0x00, 0x1f, 0xff,
    0xff, 0xff, 0xff, 0xff, 0xd3, 0x00, 0x01, 0xff,
    0xfe, 0xdd, 0xdc, 0xb8, 0x30, 0x00, 0x00, 0x1f,
    0xff, 0x60, 0x00, 0x00, 0x00, 0x00, 0x00, 0x01,
    0xff, 0xf6, 0x00, 0x00, 0x00, 0x00, 0x00, 0x00,
    0x1f, 0xff, 0x60, 0x00, 0x00, 0x00, 0x00, 0x00,
    0x01, 0xff, 0xf6, 0x00, 0x00, 0x00, 0x00, 0x00,
    0x00, 0x1f, 0xff, 0x60, 0x00, 0x00, 0x00, 0x00,
    0x00, 0x01, 0xff, 0xf6, 0x00, 0x00, 0x00, 0x00,
    0x00, 0x00, 0x1f, 0xff, 0x60, 0x00, 0x00, 0x00,
    0x00, 0x00, 0x01, 0xff, 0xf6, 0x00, 0x00, 0x00,
    0x00, 0x00, 0x00,

    /* U+0051 "Q" */
    0x00, 0x00, 0x00, 0x49, 0xdf, 0xfe, 0xc8, 0x20,
    0x00, 0x00, 0x00, 0x00, 0x02, 0xcf, 0xff, 0xff,
    0xff, 0xff, 0x90, 0x00, 0x00, 0x00, 0x04, 0xff,
    0xff, 0xff, 0xff, 0xff, 0xff, 0xc0, 0x00, 0x00,
    0x02, 0xff, 0xff, 0xc5, 0x11, 0x27, 0xef, 0xff,
    0xb0, 0x00, 0x00, 0xcf, 0xff, 0x80, 0x00, 0x00,
    0x01, 0xdf, 0xff, 0x60, 0x00, 0x4f, 0xff, 0xa0,
    0x00, 0x00, 0x00, 0x01, 0xff, 0xfe, 0x00, 0x0a,
    0xff, 0xf2, 0x00, 0x00, 0x00, 0x00, 0x07, 0xff,
    0xf4, 0x00, 0xff, 0xfc, 0x00, 0x00, 0x00, 0x00,
    0x00, 0x1f, 0xff, 0x90, 0x2f, 0xff, 0x80, 0x00,
    0x00, 0x00, 0x00, 0x00, 0xdf, 0xfc, 0x04, 0xff,
    0xf5, 0x00, 0x00, 0x00, 0x00, 0x00, 0x0b, 0xff,
    0xe0, 0x4f, 0xff, 0x40, 0x00, 0x00, 0x00, 0x00,
    0x00, 0xaf, 0xfe, 0x04, 0xff, 0xf4, 0x00, 0x00,
    0x00, 0x00, 0x00, 0x0a, 0xff, 0xe0, 0x3f, 0xff,
    0x60, 0x00, 0x00, 0x00, 0x00, 0x00, 0xbf, 0xfd,
    0x01, 0xff, 0xf8, 0x00, 0x00, 0x00, 0x00, 0x00,
    0x0d, 0xff, 0xb0, 0x0e, 0xff, 0xc0, 0x00, 0x00,
    0x00, 0x00, 0x01, 0xff, 0xf8, 0x00, 0x9f, 0xff,
    0x20, 0x00, 0x00, 0x00, 0x00, 0x7f, 0xff, 0x30,
    0x03, 0xff, 0xfa, 0x00, 0x00, 0x00, 0x00, 0x1e,
    0xff, 0xd0, 0x00, 0x0b, 0xff, 0xf7, 0x00, 0x00,
    0x00, 0x1c, 0xff, 0xf5, 0x00, 0x00, 0x1e, 0xff,
    0xfa, 0x30, 0x00, 0x5d, 0xff, 0xfa, 0x00, 0x00,
    0x00, 0x3e, 0xff, 0xff, 0xff, 0xff, 0xff, 0xfb,
    0x00, 0x00, 0x00, 0x00, 0x2c, 0xff, 0xff, 0xff,
    0xff, 0xf8, 0x00, 0x00, 0x00, 0x00, 0x00, 0x04,
    0x9e, 0xff, 0xfd, 0x81, 0x00, 0x00, 0x00, 0x00,
    0x00, 0x00, 0x00, 0x0e, 0xff, 0xe2, 0x00, 0x00,
    0x00, 0x00, 0x00, 0x00, 0x00, 0x00, 0x4f, 0xff,
    0xf7, 0x20, 0x00, 0x10, 0x00, 0x00, 0x00, 0x00,
    0x00, 0x6f, 0xff, 0xff, 0xfe, 0xef, 0x20, 0x00,
    0x00, 0x00, 0x00, 0x00, 0x4d, 0xff, 0xff, 0xff,
    0xf6, 0x00, 0x00, 0x00, 0x00, 0x00, 0x00, 0x05,
    0xad, 0xff, 0xeb, 0x50,

    /* U+0052 "R" */
    0x1f, 0xff, 0xff, 0xff, 0xfe, 0xc9, 0x40, 0x00,
    0x01, 0xff, 0xff, 0xff, 0xff, 0xff, 0xff, 0xc1,
    0x00, 0x1f, 0xff, 0xed, 0xdd, 0xdf, 0xff, 0xff,
    0xe1, 0x01, 0xff, 0xf6, 0x00, 0x00, 0x03, 0xbf,
    0xff, 0x90, 0x1f, 0xff, 0x60, 0x00, 0x00, 0x00,
    0xcf, 0xfe, 0x01, 0xff, 0xf6, 0x00, 0x00, 0x00,
    0x06, 0xff, 0xf1, 0x1f, 0xff, 0x60, 0x00, 0x00,
    0x00, 0x5f, 0xff, 0x11, 0xff, 0xf6, 0x00, 0x00,
    0x00, 0x07, 0xff, 0xf0, 0x1f, 0xff, 0x60, 0x00,
    0x00, 0x01, 0xef, 0xfd, 0x01, 0xff, 0xf6, 0x00,
    0x00, 0x04, 0xdf, 0xff, 0x60, 0x1f, 0xff, 0xec,
    0xcc, 0xdf, 0xff, 0xff, 0xb0, 0x01, 0xff, 0xff,
    0xff, 0xff, 0xff, 0xff, 0x90, 0x00, 0x1f, 0xff,
    0xff, 0xff, 0xff, 0xfc, 0x20, 0x00, 0x01, 0xff,
    0xf6, 0x00, 0x0b, 0xff, 0xf1, 0x00, 0x00, 0x1f,
    0xff, 0x60, 0x00, 0x2f, 0xff, 0x90, 0x00, 0x01,
    0xff, 0xf6, 0x00, 0x00, 0x9f, 0xff, 0x30, 0x00,
    0x1f, 0xff, 0x60, 0x00, 0x01, 0xff, 0xfc, 0x00,
    0x01, 0xff, 0xf6, 0x00, 0x00, 0x08, 0xff, 0xf5,
    0x00, 0x1f, 0xff, 0x60, 0x00, 0x00, 0x0e, 0xff,
    0xd0, 0x01, 0xff, 0xf6, 0x00, 0x00, 0x00, 0x6f,
    0xff, 0x70, 0x1f, 0xff, 0x60, 0x00, 0x00, 0x00,
    0xdf, 0xff, 0x11, 0xff, 0xf6, 0x00, 0x00, 0x00,
    0x04, 0xff, 0xf9,

    /* U+0053 "S" */
    0x00, 0x00, 0x17, 0xce, 0xff, 0xc8, 0x20, 0x00,
    0x00, 0x06, 0xff, 0xff, 0xff, 0xff, 0xf9, 0x00,
    0x00, 0x7f, 0xff, 0xff, 0xff, 0xff, 0xff, 0xd1,
    0x02, 0xff, 0xff, 0x72, 0x11, 0x4a, 0xff, 0xa0,
    0x07, 0xff, 0xf4, 0x00, 0x00, 0x00, 0x3a, 0x00,
    0x0a, 0xff, 0xf0, 0x00, 0x00, 0x00, 0x00, 0x00,
    0x09, 0xff, 0xf1, 0x00, 0x00, 0x00, 0x00, 0x00,
    0x06, 0xff, 0xfb, 0x00, 0x00, 0x00, 0x00, 0x00,
    0x00, 0xef, 0xff, 0xe7, 0x10, 0x00, 0x00, 0x00,
    0x00, 0x3e, 0xff, 0xff, 0xfa, 0x30, 0x00, 0x00,
    0x00, 0x01, 0xaf, 0xff, 0xff, 0xfd, 0x60, 0x00,
    0x00, 0x00, 0x02, 0x9f, 0xff, 0xff, 0xfc, 0x10,
    0x00, 0x00, 0x00, 0x00, 0x6d, 0xff, 0xff, 0xd1,
    0x00, 0x00, 0x00, 0x00, 0x00, 0x5d, 0xff, 0xf8,
    0x00, 0x00, 0x00, 0x00, 0x00, 0x01, 0xef, 0xfd,
    0x00, 0x00, 0x00, 0x00, 0x00, 0x00, 0xaf, 0xff,
    0x00, 0x40, 0x00, 0x00, 0x00, 0x00, 0xaf, 0xfe,
    0x08, 0xfa, 0x10, 0x00, 0x00, 0x02, 0xff, 0xfb,
    0x6f, 0xff, 0xfa, 0x42, 0x12, 0x7e, 0xff, 0xf4,
    0x0b, 0xff, 0xff, 0xff, 0xff, 0xff, 0xff, 0x90,
    0x00, 0x6e, 0xff, 0xff, 0xff, 0xff, 0xf7, 0x00,
    0x00, 0x00, 0x5a, 0xdf, 0xfe, 0xc7, 0x10, 0x00,

    /* U+0054 "T" */
    0x1f, 0xff, 0xff, 0xff, 0xff, 0xff, 0xff, 0xff,
    0xf6, 0x1f, 0xff, 0xff, 0xff, 0xff, 0xff, 0xff,
    0xff, 0xf6, 0x0f, 0xff, 0xff, 0xff, 0xff, 0xff,
    0xff, 0xff, 0xf6, 0x00, 0x00, 0x00, 0x0a, 0xff,
    0xe0, 0x00, 0x00, 0x00, 0x00, 0x00, 0x00, 0x0a,
    0xff, 0xe0, 0x00, 0x00, 0x00, 0x00, 0x00, 0x00,
    0x0a, 0xff, 0xe0, 0x00, 0x00, 0x00, 0x00, 0x00,
    0x00, 0x0a, 0xff, 0xe0, 0x00, 0x00, 0x00, 0x00,
    0x00, 0x00, 0x0a, 0xff, 0xe0, 0x00, 0x00, 0x00,
    0x00, 0x00, 0x00, 0x0a, 0xff, 0xe0, 0x00, 0x00,
    0x00, 0x00, 0x00, 0x00, 0x0a, 0xff, 0xe0, 0x00,
    0x00, 0x00, 0x00, 0x00, 0x00, 0x0a, 0xff, 0xe0,
    0x00, 0x00, 0x00, 0x00, 0x00, 0x00, 0x0a, 0xff,
    0xe0, 0x00, 0x00, 0x00, 0x00, 0x00, 0x00, 0x0a,
    0xff, 0xe0, 0x00, 0x00, 0x00, 0x00, 0x00, 0x00,
    0x0a, 0xff, 0xe0, 0x00, 0x00, 0x00, 0x00, 0x00,
    0x00, 0x0a, 0xff, 0xe0, 0x00, 0x00, 0x00, 0x00,
    0x00, 0x00, 0x0a, 0xff, 0xe0, 0x00, 0x00, 0x00,
    0x00, 0x00, 0x00, 0x0a, 0xff, 0xe0, 0x00, 0x00,
    0x00, 0x00, 0x00, 0x00, 0x0a, 0xff, 0xe0, 0x00,
    0x00, 0x00, 0x00, 0x00, 0x00, 0x0a, 0xff, 0xe0,
    0x00, 0x00, 0x00, 0x00, 0x00, 0x00, 0x0a, 0xff,
    0xe0, 0x00, 0x00, 0x00, 0x00, 0x00, 0x00, 0x0a,
    0xff, 0xe0, 0x00, 0x00, 0x00, 0x00, 0x00, 0x00,
    0x0a, 0xff, 0xe0, 0x00, 0x00, 0x00,

    /* U+0055 "U" */
    0x3f, 0xff, 0x40, 0x00, 0x00, 0x00, 0x02, 0xff,
    0xf3, 0x3f, 0xff, 0x40, 0x00, 0x00, 0x00, 0x02,
    0xff, 0xf3, 0x3f, 0xff, 0x40, 0x00, 0x00, 0x00,
    0x02, 0xff, 0xf3, 0x3f, 0xff, 0x40, 0x00, 0x00,
    0x00, 0x02, 0xff, 0xf3, 0x3f, 0xff, 0x40, 0x00,
    0x00, 0x00, 0x02, 0xff, 0xf3, 0x3f, 0xff, 0x40,
    0x00, 0x00, 0x00, 0x02, 0xff, 0xf3, 0x3f, 0xff,
    0x40, 0x00, 0x00, 0x00, 0x02, 0xff, 0xf3, 0x3f,
    0xff, 0x40, 0x00, 0x00, 0x00, 0x02, 0xff, 0xf3,
    0x3f, 0xff, 0x40, 0x00, 0x00, 0x00, 0x02, 0xff,
    0xf3, 0x3f, 0xff, 0x40, 0x00, 0x00, 0x00, 0x02,
    0xff, 0xf3, 0x3f, 0xff, 0x40, 0x00, 0x00, 0x00,
    0x02, 0xff, 0xf3, 0x3f, 0xff, 0x40, 0x00, 0x00,
    0x00, 0x02, 0xff, 0xf3, 0x3f, 0xff, 0x40, 0x00,
    0x00, 0x00, 0x02, 0xff, 0xf3, 0x2f, 0xff, 0x40,
    0x00, 0x00, 0x00, 0x03, 0xff, 0xf2, 0x1f, 0xff,
    0x60, 0x00, 0x00, 0x00, 0x04, 0xff, 0xf1, 0x0e,
    0xff, 0x90, 0x00, 0x00, 0x00, 0x08, 0xff, 0xe0,
    0x0b, 0xff, 0xe0, 0x00, 0x00, 0x00, 0x0d, 0xff,
    0xb0, 0x05, 0xff, 0xf9, 0x00, 0x00, 0x00, 0x8f,
    0xff, 0x50, 0x00, 0xdf, 0xff, 0xb4, 0x11, 0x4b,
    0xff, 0xfd, 0x00, 0x00, 0x3f, 0xff, 0xff, 0xff,
    0xff, 0xff, 0xf3, 0x00, 0x00, 0x03, 0xef, 0xff,
    0xff, 0xff, 0xfe, 0x30, 0x00, 0x00, 0x00, 0x06,
    0xbe, 0xff, 0xeb, 0x60, 0x00, 0x00,

    /* U+0056 "V" */
    0x0e, 0xff, 0xc0, 0x00, 0x00, 0x00, 0x00, 0x0c,
    0xff, 0xb0, 0x9f, 0xff, 0x10, 0x00, 0x00, 0x00,
    0x01, 0xff, 0xf6, 0x04, 0xff, 0xf5, 0x00, 0x00,
    0x00, 0x00, 0x5f, 0xff, 0x10, 0x0f, 0xff, 0xa0,
    0x00, 0x00, 0x00, 0x0a, 0xff, 0xc0, 0x00, 0xaf,
    0xfe, 0x00, 0x00, 0x00, 0x00, 0xef, 0xf7, 0x00,
    0x05, 0xff, 0xf3, 0x00, 0x00, 0x00, 0x3f, 0xff,
    0x20, 0x00, 0x0f, 0xff, 0x70, 0x00, 0x00, 0x08,
    0xff, 0xd0, 0x00, 0x00, 0xbf, 0xfc, 0x00, 0x00,
    0x00, 0xcf, 0xf8, 0x00, 0x00, 0x06, 0xff, 0xf1,
    0x00, 0x00, 0x1f, 0xff, 0x30, 0x00, 0x00, 0x1f,
    0xff, 0x50, 0x00, 0x05, 0xff, 0xe0, 0x00, 0x00,
    0x00, 0xcf, 0xfa, 0x00, 0x00, 0xaf, 0xf9, 0x00,
    0x00, 0x00, 0x06, 0xff, 0xe0, 0x00, 0x0e, 0xff,
    0x40, 0x00, 0x00, 0x00, 0x1f, 0xff, 0x30, 0x03,
    0xff, 0xf0, 0x00, 0x00, 0x00, 0x00, 0xcf, 0xf8,
    0x00, 0x8f, 0xfa, 0x00, 0x00, 0x00, 0x00, 0x07,
    0xff, 0xc0, 0x0c, 0xff, 0x50, 0x00, 0x00, 0x00,
    0x00, 0x2f, 0xff, 0x01, 0xff, 0xf0, 0x00, 0x00,
    0x00, 0x00, 0x00, 0xdf, 0xf4, 0x5f, 0xfb, 0x00,
    0x00, 0x00, 0x00, 0x00, 0x08, 0xff, 0x99, 0xff,
    0x60, 0x00, 0x00, 0x00, 0x00, 0x00, 0x3f, 0xfe,
    0xef, 0xf1, 0x00, 0x00, 0x00, 0x00, 0x00, 0x00,
    0xef, 0xff, 0xfc, 0x00, 0x00, 0x00, 0x00, 0x00,
    0x00, 0x09, 0xff, 0xff, 0x70, 0x00, 0x00, 0x00,
    0x00, 0x00, 0x00, 0x4f, 0xff, 0xf2, 0x00, 0x00,
    0x00,

    /* U+0057 "W" */
    0x3f, 0xff, 0x50, 0x00, 0x00, 0x02, 0xff, 0xf3,
    0x00, 0x00, 0x00, 0x5f, 0xff, 0x00, 0xff, 0xf8,
    0x00, 0x00, 0x00, 0x6f, 0xff, 0x70, 0x00, 0x00,
    0x08, 0xff, 0xc0, 0x0c, 0xff, 0xb0, 0x00, 0x00,
    0x0a, 0xff, 0xfb, 0x00, 0x00, 0x00, 0xbf, 0xf9,
    0x00, 0x9f, 0xfe, 0x00, 0x00, 0x00, 0xef, 0xff,
    0xe0, 0x00, 0x00, 0x0e, 0xff, 0x60, 0x06, 0xff,
    0xf1, 0x00, 0x00, 0x2f, 0xff, 0xff, 0x30, 0x00,
    0x00, 0xff, 0xf3, 0x00, 0x3f, 0xff, 0x40, 0x00,
    0x06, 0xff, 0x9f, 0xf6, 0x00, 0x00, 0x3f, 0xff,
    0x00, 0x00, 0xff, 0xf7, 0x00, 0x00, 0xaf, 0xf3,
    0xff, 0xa0, 0x00, 0x06, 0xff, 0xc0, 0x00, 0x0c,
    0xff, 0x90, 0x00, 0x0e, 0xfc, 0x0f, 0xfe, 0x00,
    0x00, 0x9f, 0xf9, 0x00, 0x00, 0x9f, 0xfc, 0x00,
    0x02, 0xff, 0x90, 0xcf, 0xf2, 0x00, 0x0c, 0xff,
    0x60, 0x00, 0x06, 0xff, 0xf0, 0x00, 0x5f, 0xf5,
    0x09, 0xff, 0x60, 0x00, 0xff, 0xf3, 0x00, 0x00,
    0x2f, 0xff, 0x20, 0x09, 0xff, 0x20, 0x5f, 0xfa,
    0x00, 0x2f, 0xff, 0x00, 0x00, 0x00, 0xff, 0xf5,
    0x00, 0xdf, 0xe0, 0x01, 0xff, 0xe0, 0x05, 0xff,
    0xd0, 0x00, 0x00, 0x0c, 0xff, 0x80, 0x1f, 0xfa,
    0x00, 0x0d, 0xff, 0x20, 0x7f, 0xfa, 0x00, 0x00,
    0x00, 0x9f, 0xfa, 0x04, 0xff, 0x60, 0x00, 0x9f,
    0xf5, 0x0a, 0xff, 0x60, 0x00, 0x00, 0x05, 0xff,
    0xd0, 0x8f, 0xf2, 0x00, 0x06, 0xff, 0x90, 0xcf,
    0xf3, 0x00, 0x00, 0x00, 0x2f, 0xff, 0x0b, 0xfe,
    0x00, 0x00, 0x2f, 0xfc, 0x0f, 0xff, 0x00, 0x00,
    0x00, 0x00, 0xff, 0xf3, 0xef, 0xb0, 0x00, 0x00,
    0xef, 0xf2, 0xff, 0xd0, 0x00, 0x00, 0x00, 0x0c,
    0xff, 0x7f, 0xf7, 0x00, 0x00, 0x0a, 0xff, 0x7f,
    0xfa, 0x00, 0x00, 0x00, 0x00, 0x8f, 0xfe, 0xff,
    0x30, 0x00, 0x00, 0x6f, 0xfe, 0xff, 0x70, 0x00,
    0x00, 0x00, 0x05, 0xff, 0xff, 0xf0, 0x00, 0x00,
    0x02, 0xff, 0xff, 0xf3, 0x00, 0x00, 0x00, 0x00,
    0x2f, 0xff, 0xfc, 0x00, 0x00, 0x00, 0x0e, 0xff,
    0xff, 0x00, 0x00, 0x00, 0x00, 0x00, 0xff, 0xff,
    0x80, 0x00, 0x00, 0x00, 0xaf, 0xff, 0xd0, 0x00,
    0x00,

    /* U+0058 "X" */
    0x0d, 0xff, 0xe1, 0x00, 0x00, 0x00, 0x0e, 0xff,
    0xb0, 0x04, 0xff, 0xf8, 0x00, 0x00, 0x00, 0x6f,
    0xff, 0x30, 0x00, 0xbf, 0xff, 0x10, 0x00, 0x00,
    0xef, 0xfa, 0x00, 0x00, 0x3f, 0xff, 0x80, 0x00,
    0x06, 0xff, 0xf2, 0x00, 0x00, 0x09, 0xff, 0xf1,
    0x00, 0x0e, 0xff, 0x80, 0x00, 0x00, 0x01, 0xff,
    0xf9, 0x00, 0x6f, 0xfe, 0x10, 0x00, 0x00, 0x00,
    0x8f, 0xff, 0x10, 0xdf, 0xf7, 0x00, 0x00, 0x00,
    0x00, 0x0e, 0xff, 0x95, 0xff, 0xe0, 0x00, 0x00,
    0x00, 0x00, 0x06, 0xff, 0xfd, 0xff, 0x50, 0x00,
    0x00, 0x00, 0x00, 0x00, 0xdf, 0xff, 0xfc, 0x00,
    0x00, 0x00, 0x00, 0x00, 0x00, 0x5f, 0xff, 0xf4,
    0x00, 0x00, 0x00, 0x00, 0x00, 0x00, 0xaf, 0xff,
    0xf7, 0x00, 0x00, 0x00, 0x00, 0x00, 0x03, 0xff,
    0xff, 0xff, 0x10, 0x00, 0x00, 0x00, 0x00, 0x0c,
    0xff, 0x7e, 0xff, 0x90, 0x00, 0x00, 0x00, 0x00,
    0x5f, 0xfe, 0x06, 0xff, 0xf3, 0x00, 0x00, 0x00,
    0x00, 0xdf, 0xf7, 0x00, 0xdf, 0xfc, 0x00, 0x00,
    0x00, 0x07, 0xff, 0xf1, 0x00, 0x5f, 0xff, 0x50,
    0x00, 0x00, 0x1e, 0xff, 0x70, 0x00, 0x0d, 0xff,
    0xd0, 0x00, 0x00, 0x9f, 0xfe, 0x00, 0x00, 0x04,
    0xff, 0xf7, 0x00, 0x02, 0xff, 0xf7, 0x00, 0x00,
    0x00, 0xcf, 0xff, 0x10, 0x0a, 0xff, 0xe0, 0x00,
    0x00, 0x00, 0x3f, 0xff, 0x90, 0x3f, 0xff, 0x60,
    0x00, 0x00, 0x00, 0x0b, 0xff, 0xf2,

    /* U+0059 "Y" */
    0x0d, 0xff, 0xd0, 0x00, 0x00, 0x00, 0x02, 0xff,
    0xf7, 0x05, 0xff, 0xf4, 0x00, 0x00, 0x00, 0x09,
    0xff, 0xe0, 0x00, 0xdf, 0xfb, 0x00, 0x00, 0x00,
    0x1f, 0xff, 0x70, 0x00, 0x6f, 0xff, 0x20, 0x00,
    0x00, 0x7f, 0xfe, 0x00, 0x00, 0x0e, 0xff, 0x90,
    0x00, 0x00, 0xef, 0xf7, 0x00, 0x00, 0x06, 0xff,
    0xf1, 0x00, 0x06, 0xff, 0xf1, 0x00, 0x00, 0x00,
    0xef, 0xf7, 0x00, 0x0d, 0xff, 0x80, 0x00, 0x00,
    0x00, 0x7f, 0xfd, 0x00, 0x3f, 0xff, 0x10, 0x00,
    0x00, 0x00, 0x0e, 0xff, 0x40, 0xaf, 0xf8, 0x00,
    0x00, 0x00, 0x00, 0x07, 0xff, 0xb2, 0xff, 0xf1,
    0x00, 0x00, 0x00, 0x00, 0x01, 0xff, 0xfb, 0xff,
    0x90, 0x00, 0x00, 0x00, 0x00, 0x00, 0x8f, 0xff,
    0xff, 0x10, 0x00, 0x00, 0x00, 0x00, 0x00, 0x1f,
    0xff, 0xf9, 0x00, 0x00, 0x00, 0x00, 0x00, 0x00,
    0x09, 0xff, 0xf2, 0x00, 0x00, 0x00, 0x00, 0x00,
    0x00, 0x07, 0xff, 0xf0, 0x00, 0x00, 0x00, 0x00,
    0x00, 0x00, 0x07, 0xff, 0xf0, 0x00, 0x00, 0x00,
    0x00, 0x00, 0x00, 0x07, 0xff, 0xf0, 0x00, 0x00,
    0x00, 0x00, 0x00, 0x00, 0x07, 0xff, 0xf0, 0x00,
    0x00, 0x00, 0x00, 0x00, 0x00, 0x07, 0xff, 0xf0,
    0x00, 0x00, 0x00, 0x00, 0x00, 0x00, 0x07, 0xff,
    0xf0, 0x00, 0x00, 0x00, 0x00, 0x00, 0x00, 0x07,
    0xff, 0xf0, 0x00, 0x00, 0x00, 0x00, 0x00, 0x00,
    0x07, 0xff, 0xf0, 0x00, 0x00, 0x00,

    /* U+005A "Z" */
    0x09, 0xff, 0xff, 0xff, 0xff, 0xff, 0xff, 0xfc,
    0x09, 0xff, 0xff, 0xff, 0xff, 0xff, 0xff, 0xfc,
    0x08, 0xff, 0xff, 0xff, 0xff, 0xff, 0xff, 0xf8,
    0x00, 0x00, 0x00, 0x00, 0x00, 0x0d, 0xff, 0xd0,
    0x00, 0x00, 0x00, 0x00, 0x00, 0x8f, 0xff, 0x30,
    0x00, 0x00, 0x00, 0x00, 0x03, 0xff, 0xf8, 0x00,
    0x00, 0x00, 0x00, 0x00, 0x0d, 0xff, 0xd0, 0x00,
    0x00, 0x00, 0x00, 0x00, 0x8f, 0xff, 0x40, 0x00,
    0x00, 0x00, 0x00, 0x02, 0xff, 0xf9, 0x00, 0x00,
    0x00, 0x00, 0x00, 0x0c, 0xff, 0xe0, 0x00, 0x00,
    0x00, 0x00, 0x00, 0x7f, 0xff, 0x40, 0x00, 0x00,
    0x00, 0x00, 0x02, 0xff, 0xfa, 0x00, 0x00, 0x00,
    0x00, 0x00, 0x0c, 0xff, 0xe1, 0x00, 0x00, 0x00,
    0x00, 0x00, 0x6f, 0xff, 0x50, 0x00, 0x00, 0x00,
    0x00, 0x02, 0xff, 0xfa, 0x00, 0x00, 0x00, 0x00,
    0x00, 0x0b, 0xff, 0xe1, 0x00, 0x00, 0x00, 0x00,
    0x00, 0x6f, 0xff, 0x60, 0x00, 0x00, 0x00, 0x00,
    0x01, 0xff, 0xfb, 0x00, 0x00, 0x00, 0x00, 0x00,
    0x0b, 0xff, 0xf1, 0x00, 0x00, 0x00, 0x00, 0x00,
    0x5f, 0xff, 0xff, 0xff, 0xff, 0xff, 0xff, 0xfe,
    0x9f, 0xff, 0xff, 0xff, 0xff, 0xff, 0xff, 0xfe,
    0x9f, 0xff, 0xff, 0xff, 0xff, 0xff, 0xff, 0xfe,

    /* U+005B "[" */
    0xef, 0xff, 0xff, 0x7e, 0xff, 0xee, 0xe7, 0xef,
    0xb0, 0x00, 0x0e, 0xfb, 0x00, 0x00, 0xef, 0xb0,
    0x00, 0x0e, 0xfb, 0x00, 0x00, 0xef, 0xb0, 0x00,
    0x0e, 0xfb, 0x00, 0x00, 0xef, 0xb0, 0x00, 0x0e,
    0xfb, 0x00, 0x00, 0xef, 0xb0, 0x00, 0x0e, 0xfb,
    0x00, 0x00, 0xef, 0xb0, 0x00, 0x0e, 0xfb, 0x00,
    0x00, 0xef, 0xb0, 0x00, 0x0e, 0xfb, 0x00, 0x00,
    0xef, 0xb0, 0x00, 0x0e, 0xfb, 0x00, 0x00, 0xef,
    0xb0, 0x00, 0x0e, 0xfb, 0x00, 0x00, 0xef, 0xb0,
    0x00, 0x0e, 0xfb, 0x00, 0x00, 0xef, 0xb0, 0x00,
    0x0e, 0xfb, 0x00, 0x00, 0xef, 0xb0, 0x00, 0x0e,
    0xfb, 0x00, 0x00, 0xef, 0xb0, 0x00, 0x0e, 0xff,
    0xff, 0xf7, 0xef, 0xff, 0xff, 0x70,

    /* U+005C "\\" */
    0x3f, 0xf2, 0x00, 0x00, 0x00, 0x00, 0x0f, 0xf6,
    0x00, 0x00, 0x00, 0x00, 0x0a, 0xfb, 0x00, 0x00,
    0x00, 0x00, 0x06, 0xff, 0x00, 0x00, 0x00, 0x00,
    0x01, 0xff, 0x40, 0x00, 0x00, 0x00, 0x00, 0xdf,
    0x80, 0x00, 0x00, 0x00, 0x00, 0x8f, 0xd0, 0x00,
    0x00, 0x00, 0x00, 0x4f, 0xf1, 0x00, 0x00, 0x00,
    0x00, 0x0f, 0xf6, 0x00, 0x00, 0x00, 0x00, 0x0b,
    0xfa, 0x00, 0x00, 0x00, 0x00, 0x06, 0xff, 0x00,
    0x00, 0x00, 0x00, 0x02, 0xff, 0x30, 0x00, 0x00,
    0x00, 0x00, 0xdf, 0x80, 0x00, 0x00, 0x00, 0x00,
    0x9f, 0xc0, 0x00, 0x00, 0x00, 0x00, 0x4f, 0xf1,
    0x00, 0x00, 0x00, 0x00, 0x0f, 0xf5, 0x00, 0x00,
    0x00, 0x00, 0x0b, 0xfa, 0x00, 0x00, 0x00, 0x00,
    0x07, 0xfe, 0x00, 0x00, 0x00, 0x00, 0x02, 0xff,
    0x30, 0x00, 0x00, 0x00, 0x00, 0xef, 0x70, 0x00,
    0x00, 0x00, 0x00, 0x9f, 0xc0, 0x00, 0x00, 0x00,
    0x00, 0x5f, 0xf1, 0x00, 0x00, 0x00, 0x00, 0x0f,
    0xf5, 0x00, 0x00, 0x00, 0x00, 0x0c, 0xf9, 0x00,
    0x00, 0x00, 0x00, 0x07, 0xfe, 0x00, 0x00, 0x00,
    0x00, 0x03, 0xff, 0x30, 0x00, 0x00, 0x00, 0x00,
    0xef, 0x70, 0x00, 0x00, 0x00, 0x00, 0xaf, 0xc0,
    0x00, 0x00, 0x00, 0x00, 0x5f, 0xf0, 0x00, 0x00,
    0x00, 0x00, 0x18, 0x81,

    /* U+005D "]" */
    0xcf, 0xff, 0xff, 0x9b, 0xee, 0xef, 0xf9, 0x00,
    0x00, 0xff, 0x90, 0x00, 0x0f, 0xf9, 0x00, 0x00,
    0xff, 0x90, 0x00, 0x0f, 0xf9, 0x00, 0x00, 0xff,
    0x90, 0x00, 0x0f, 0xf9, 0x00, 0x00, 0xff, 0x90,
    0x00, 0x0f, 0xf9, 0x00, 0x00, 0xff, 0x90, 0x00,
    0x0f, 0xf9, 0x00, 0x00, 0xff, 0x90, 0x00, 0x0f,
    0xf9, 0x00, 0x00, 0xff, 0x90, 0x00, 0x0f, 0xf9,
    0x00, 0x00, 0xff, 0x90, 0x00, 0x0f, 0xf9, 0x00,
    0x00, 0xff, 0x90, 0x00, 0x0f, 0xf9, 0x00, 0x00,
    0xff, 0x90, 0x00, 0x0f, 0xf9, 0x00, 0x00, 0xff,
    0x90, 0x00, 0x0f, 0xf9, 0x00, 0x00, 0xff, 0x90,
    0x00, 0x0f, 0xf9, 0x00, 0x00, 0xff, 0x9b, 0xff,
    0xff, 0xf9, 0xcf, 0xff, 0xff, 0x90,

    /* U+005E "^" */
    0x00, 0x00, 0x02, 0xff, 0xf3, 0x00, 0x00, 0x00,
    0x00, 0x00, 0x8f, 0xff, 0x90, 0x00, 0x00, 0x00,
    0x00, 0x0e, 0xff, 0xff, 0x00, 0x00, 0x00, 0x00,
    0x04, 0xff, 0xaf, 0xf6, 0x00, 0x00, 0x00, 0x00,
    0xbf, 0xf0, 0xef, 0xc0, 0x00, 0x00, 0x00, 0x1f,
    0xfa, 0x08, 0xff, 0x30, 0x00, 0x00, 0x08, 0xff,
    0x40, 0x2f, 0xf9, 0x00, 0x00, 0x00, 0xef, 0xe0,
    0x00, 0xdf, 0xf0, 0x00, 0x00, 0x4f, 0xf8, 0x00,
    0x07, 0xff, 0x60, 0x00, 0x0b, 0xff, 0x20, 0x00,
    0x1f, 0xfc, 0x00, 0x01, 0xff, 0xc0, 0x00, 0x00,
    0xbf, 0xf3, 0x00, 0x7f, 0xf6, 0x00, 0x00, 0x05,
    0xff, 0x90, 0x0d, 0xff, 0x10, 0x00, 0x00, 0x0e,
    0xff, 0x00,

    /* U+005F "_" */
    0x12, 0x22, 0x22, 0x22, 0x22, 0x22, 0x22, 0x22,
    0x19, 0xff, 0xff, 0xff, 0xff, 0xff, 0xff, 0xff,
    0xf7, 0x9f, 0xff, 0xff, 0xff, 0xff, 0xff, 0xff,
    0xff, 0x70,

    /* U+0060 "`" */
    0x00, 0x39, 0x00, 0x00, 0x00, 0x4f, 0xf7, 0x00,
    0x00, 0x0c, 0xff, 0xf5, 0x00, 0x00, 0x1c, 0xff,
    0xf3, 0x00, 0x00, 0x0c, 0xff, 0xe1, 0x00, 0x00,
    0x0b, 0xff, 0xd0, 0x00, 0x00, 0x0a, 0xf8, 0x00,
    0x00, 0x00, 0x05, 0x00,

    /* U+0061 "a" */
    0x00, 0x00, 0x5a, 0xef, 0xfd, 0x91, 0x00, 0x00,
    0x7e, 0xff, 0xff, 0xff, 0xff, 0x30, 0x07, 0xff,
    0xff, 0xed, 0xff, 0xff, 0xe0, 0x00, 0xee, 0x81,
    0x00, 0x08, 0xff, 0xf6, 0x00, 0x30, 0x00, 0x00,
    0x00, 0xdf, 0xfb, 0x00, 0x00, 0x00, 0x00, 0x00,
    0x9f, 0xfe, 0x00, 0x00, 0x00, 0x03, 0x69, 0xdf,
    0xff, 0x00, 0x00, 0x6c, 0xff, 0xff, 0xff, 0xff,
    0x00, 0x5e, 0xff, 0xff, 0xb9, 0xbf, 0xff, 0x06,
    0xff, 0xfb, 0x40, 0x00, 0x7f, 0xff, 0x0f, 0xff,
    0x80, 0x00, 0x00, 0x7f, 0xff, 0x4f, 0xff, 0x00,
    0x00, 0x00, 0x7f, 0xff, 0x5f, 0xff, 0x00, 0x00,
    0x00, 0xbf, 0xff, 0x3f, 0xff, 0x90, 0x00, 0x3c,
    0xff, 0xff, 0x0d, 0xff, 0xfe, 0xce, 0xff, 0xff,
    0xff, 0x03, 0xff, 0xff, 0xff, 0xfa, 0x1f, 0xff,
    0x00, 0x2a, 0xef, 0xea, 0x40, 0x0e, 0xff,

    /* U+0062 "b" */
    0x6f, 0xff, 0x10, 0x00, 0x00, 0x00, 0x00, 0x00,
    0x6f, 0xff, 0x10, 0x00, 0x00, 0x00, 0x00, 0x00,
    0x6f, 0xff, 0x10, 0x00, 0x00, 0x00, 0x00, 0x00,
    0x6f, 0xff, 0x10, 0x00, 0x00, 0x00, 0x00, 0x00,
    0x6f, 0xff, 0x10, 0x00, 0x00, 0x00, 0x00, 0x00,
    0x6f, 0xff, 0x10, 0x00, 0x00, 0x00, 0x00, 0x00,
    0x6f, 0xff, 0x00, 0x00, 0x00, 0x00, 0x00, 0x00,
    0x6f, 0xff, 0x00, 0x7d, 0xff, 0xc7, 0x00, 0x00,
    0x6f, 0xff, 0x4e, 0xff, 0xff, 0xff, 0xd2, 0x00,
    0x6f, 0xff, 0xff, 0xfe, 0xff, 0xff, 0xfd, 0x00,
    0x6f, 0xff, 0xfb, 0x20, 0x03, 0xcf, 0xff, 0x70,
    0x6f, 0xff, 0x70, 0x00, 0x00, 0x1e, 0xff, 0xd0,
    0x6f, 0xff, 0x10, 0x00, 0x00, 0x09, 0xff, 0xf1,
    0x6f, 0xff, 0x10, 0x00, 0x00, 0x05, 0xff, 0xf4,
    0x6f, 0xff, 0x10, 0x00, 0x00, 0x03, 0xff, 0xf6,
    0x6f, 0xff, 0x10, 0x00, 0x00, 0x02, 0xff, 0xf6,
    0x6f, 0xff, 0x10, 0x00, 0x00, 0x04, 0xff, 0xf5,
    0x6f, 0xff, 0x10, 0x00, 0x00, 0x06, 0xff, 0xf3,
    0x6f, 0xff, 0x10, 0x00, 0x00, 0x0c, 0xff, 0xf0,
    0x6f, 0xff, 0x20, 0x00, 0x00, 0x5f, 0xff, 0x90,
    0x6f, 0xff, 0xe6, 0x10, 0x07, 0xff, 0xff, 0x20,
    0x6f, 0xff, 0xff, 0xff, 0xff, 0xff, 0xf6, 0x00,
    0x6f, 0xf9, 0x9f, 0xff, 0xff, 0xff, 0x60, 0x00,
    0x6f, 0xf6, 0x03, 0xae, 0xfe, 0x92, 0x00, 0x00,

    /* U+0063 "c" */
    0x00, 0x00, 0x06, 0xbe, 0xff, 0xc6, 0x00, 0x00,
    0x04, 0xef, 0xff, 0xff, 0xff, 0xc2, 0x00, 0x5f,
    0xff, 0xff, 0xee, 0xff, 0xe1, 0x02, 0xff, 0xff,
    0x71, 0x00, 0x4d, 0x30, 0x0b, 0xff, 0xf5, 0x00,
    0x00, 0x00, 0x00, 0x2f, 0xff, 0xa0, 0x00, 0x00,
    0x00, 0x00, 0x6f, 0xff, 0x40, 0x00, 0x00, 0x00,
    0x00, 0x8f, 0xff, 0x10, 0x00, 0x00, 0x00, 0x00,
    0x8f, 0xff, 0x00, 0x00, 0x00, 0x00, 0x00, 0x8f,
    0xff, 0x10, 0x00, 0x00, 0x00, 0x00, 0x6f, 0xff,
    0x40, 0x00, 0x00, 0x00, 0x00, 0x2f, 0xff, 0xa0,
    0x00, 0x00, 0x00, 0x00, 0x0c, 0xff, 0xf4, 0x00,
    0x00, 0x00, 0x10, 0x03, 0xff, 0xff, 0x71, 0x00,
    0x4c, 0xc0, 0x00, 0x7f, 0xff, 0xff, 0xef, 0xff,
    0xf6, 0x00, 0x06, 0xff, 0xff, 0xff, 0xff, 0xc2,
    0x00, 0x00, 0x18, 0xcf, 0xfe, 0xa5, 0x00,

    /* U+0064 "d" */
    0x00, 0x00, 0x00, 0x00, 0x00, 0x02, 0xff, 0xf5,
    0x00, 0x00, 0x00, 0x00, 0x00, 0x02, 0xff, 0xf5,
    0x00, 0x00, 0x00, 0x00, 0x00, 0x02, 0xff, 0xf5,
    0x00, 0x00, 0x00, 0x00, 0x00, 0x02, 0xff, 0xf5,
    0x00, 0x00, 0x00, 0x00, 0x00, 0x02, 0xff, 0xf5,
    0x00, 0x00, 0x00, 0x00, 0x00, 0x02, 0xff, 0xf5,
    0x00, 0x00, 0x00, 0x00, 0x00, 0x01, 0xff, 0xf5,
    0x00, 0x00, 0x3a, 0xef, 0xeb, 0x31, 0xff, 0xf5,
    0x00, 0x07, 0xff, 0xff, 0xff, 0xf9, 0xff, 0xf5,
    0x00, 0x7f, 0xff, 0xff, 0xef, 0xff, 0xff, 0xf5,
    0x03, 0xff, 0xff, 0x60, 0x01, 0x6e, 0xff, 0xf5,
    0x0b, 0xff, 0xf4, 0x00, 0x00, 0x03, 0xff, 0xf5,
    0x1f, 0xff, 0xa0, 0x00, 0x00, 0x02, 0xff, 0xf5,
    0x5f, 0xff, 0x40, 0x00, 0x00, 0x02, 0xff, 0xf5,
    0x7f, 0xff, 0x20, 0x00, 0x00, 0x02, 0xff, 0xf5,
    0x7f, 0xff, 0x10, 0x00, 0x00, 0x02, 0xff, 0xf5,
    0x7f, 0xff, 0x10, 0x00, 0x00, 0x02, 0xff, 0xf5,
    0x5f, 0xff, 0x40, 0x00, 0x00, 0x02, 0xff, 0xf5,
    0x2f, 0xff, 0x80, 0x00, 0x00, 0x02, 0xff, 0xf5,
    0x0d, 0xff, 0xf2, 0x00, 0x00, 0x08, 0xff, 0xf5,
    0x07, 0xff, 0xfd, 0x40, 0x02, 0xaf, 0xff, 0xf5,
    0x00, 0xcf, 0xff, 0xff, 0xff, 0xff, 0xff, 0xf5,
    0x00, 0x1c, 0xff, 0xff, 0xff, 0xf5, 0xbf, 0xf5,
    0x00, 0x00, 0x6c, 0xff, 0xd8, 0x10, 0x9f, 0xf5,

    /* U+0065 "e" */
    0x00, 0x00, 0x18, 0xdf, 0xfd, 0x92, 0x00, 0x00,
    0x00, 0x5f, 0xff, 0xff, 0xff, 0xf6, 0x00, 0x00,
    0x6f, 0xff, 0xfc, 0xcf, 0xff, 0xf5, 0x00, 0x2f,
    0xff, 0x91, 0x00, 0x08, 0xff, 0xe0, 0x0b, 0xff,
    0x90, 0x00, 0x00, 0x0b, 0xff, 0x51, 0xff, 0xf1,
    0x00, 0x00, 0x00, 0x6f, 0xf8, 0x5f, 0xfe, 0x66,
    0x66, 0x66, 0x69, 0xff, 0xa8, 0xff, 0xff, 0xff,
    0xff, 0xff, 0xff, 0xfb, 0x8f, 0xff, 0xff, 0xff,
    0xff, 0xff, 0xff, 0xa8, 0xff, 0xe0, 0x00, 0x00,
    0x00, 0x00, 0x00, 0x6f, 0xff, 0x10, 0x00, 0x00,
    0x00, 0x00, 0x02, 0xff, 0xf8, 0x00, 0x00, 0x00,
    0x00, 0x00, 0x0c, 0xff, 0xf3, 0x00, 0x00, 0x00,
    0x00, 0x00, 0x3f, 0xff, 0xe5, 0x00, 0x00, 0x4c,
    0x20, 0x00, 0x6f, 0xff, 0xff, 0xcc, 0xef, 0xfa,
    0x00, 0x00, 0x5f, 0xff, 0xff, 0xff, 0xff, 0x80,
    0x00, 0x00, 0x17, 0xcf, 0xfe, 0xc7, 0x10, 0x00,

    /* U+0066 "f" */
    0x00, 0x00, 0x05, 0xcf, 0xfe, 0xb2, 0x00, 0x00,
    0x8f, 0xff, 0xff, 0xf1, 0x00, 0x02, 0xff, 0xff,
    0xcd, 0xc0, 0x00, 0x08, 0xff, 0xf3, 0x00, 0x00,
    0x00, 0x0b, 0xff, 0xc0, 0x00, 0x00, 0x00, 0x0c,
    0xff, 0xa0, 0x00, 0x00, 0x00, 0x0d, 0xff, 0xa0,
    0x00, 0x00, 0x0d, 0xef, 0xff, 0xff, 0xff, 0x00,
    0x1f, 0xff, 0xff, 0xff, 0xff, 0x00, 0x0d, 0xdf,
    0xff, 0xfd, 0xdc, 0x00, 0x00, 0x0d, 0xff, 0xa0,
    0x00, 0x00, 0x00, 0x0d, 0xff, 0xa0, 0x00, 0x00,
    0x00, 0x0d, 0xff, 0xa0, 0x00, 0x00, 0x00, 0x0d,
    0xff, 0xa0, 0x00, 0x00, 0x00, 0x0d, 0xff, 0xa0,
    0x00, 0x00, 0x00, 0x0d, 0xff, 0xa0, 0x00, 0x00,
    0x00, 0x0d, 0xff, 0xa0, 0x00, 0x00, 0x00, 0x0d,
    0xff, 0xa0, 0x00, 0x00, 0x00, 0x0d, 0xff, 0xa0,
    0x00, 0x00, 0x00, 0x0d, 0xff, 0xa0, 0x00, 0x00,
    0x00, 0x0d, 0xff, 0xa0, 0x00, 0x00, 0x00, 0x0d,
    0xff, 0xa0, 0x00, 0x00, 0x00, 0x0d, 0xff, 0xa0,
    0x00, 0x00, 0x00, 0x0d, 0xff, 0xa0, 0x00, 0x00,

    /* U+0067 "g" */
    0x00, 0x00, 0x7c, 0xff, 0xff, 0xff, 0xff, 0xfa,
    0x00, 0x3e, 0xff, 0xff, 0xff, 0xff, 0xff, 0xfa,
    0x01, 0xef, 0xfe, 0x97, 0xaf, 0xff, 0xda, 0xa6,
    0x09, 0xff, 0xe1, 0x00, 0x04, 0xff, 0xf1, 0x00,
    0x0e, 0xff, 0x70, 0x00, 0x00, 0xbf, 0xf6, 0x00,
    0x0f, 0xff, 0x40, 0x00, 0x00, 0x8f, 0xf8, 0x00,
    0x0f, 0xff, 0x50, 0x00, 0x00, 0x9f, 0xf7, 0x00,
    0x0a, 0xff, 0xb0, 0x00, 0x01, 0xef, 0xf4, 0x00,
    0x02, 0xff, 0xfa, 0x20, 0x3c, 0xff, 0xc0, 0x00,
    0x00, 0x4f, 0xff, 0xff, 0xff, 0xfe, 0x20, 0x00,
    0x00, 0x6f, 0xfe, 0xff, 0xfe, 0x91, 0x00, 0x00,
    0x03, 0xff, 0x70, 0x23, 0x20, 0x00, 0x00, 0x00,
    0x09, 0xff, 0x20, 0x00, 0x00, 0x00, 0x00, 0x00,
    0x0a, 0xff, 0x80, 0x00, 0x00, 0x00, 0x00, 0x00,
    0x06, 0xff, 0xfe, 0xcc, 0xcc, 0xca, 0x83, 0x00,
    0x00, 0xaf, 0xff, 0xff, 0xff, 0xff, 0xff, 0xb0,
    0x01, 0xbf, 0xee, 0xff, 0xff, 0xff, 0xff, 0xf8,
    0x0c, 0xfe, 0x10, 0x00, 0x00, 0x14, 0xef, 0xfd,
    0x5f, 0xf7, 0x00, 0x00, 0x00, 0x00, 0x8f, 0xfe,
    0x9f, 0xf6, 0x00, 0x00, 0x00, 0x00, 0xaf, 0xfb,
    0x7f, 0xfd, 0x10, 0x00, 0x00, 0x06, 0xff, 0xf4,
    0x2f, 0xff, 0xf9, 0x54, 0x57, 0xcf, 0xff, 0x70,
    0x04, 0xef, 0xff, 0xff, 0xff, 0xff, 0xe5, 0x00,
    0x00, 0x06, 0xbe, 0xff, 0xfd, 0xa5, 0x00, 0x00,

    /* U+0068 "h" */
    0x6f, 0xff, 0x10, 0x00, 0x00, 0x00, 0x00, 0x06,
    0xff, 0xf1, 0x00, 0x00, 0x00, 0x00, 0x00, 0x6f,
    0xff, 0x10, 0x00, 0x00, 0x00, 0x00, 0x06, 0xff,
    0xf1, 0x00, 0x00, 0x00, 0x00, 0x00, 0x6f, 0xff,
    0x10, 0x00, 0x00, 0x00, 0x00, 0x06, 0xff, 0xf1,
    0x00, 0x00, 0x00, 0x00, 0x00, 0x6f, 0xff, 0x00,
    0x00, 0x00, 0x00, 0x00, 0x06, 0xff, 0xf0, 0x05,
    0xbf, 0xfe, 0x91, 0x00, 0x6f, 0xff, 0x1b, 0xff,
    0xff, 0xff, 0xd1, 0x06, 0xff, 0xfd, 0xff, 0xff,
    0xff, 0xff, 0x80, 0x6f, 0xff, 0xfe, 0x51, 0x05,
    0xff, 0xfe, 0x06, 0xff, 0xfc, 0x10, 0x00, 0x08,
    0xff, 0xf2, 0x6f, 0xff, 0x10, 0x00, 0x00, 0x3f,
    0xff, 0x46, 0xff, 0xf1, 0x00, 0x00, 0x02, 0xff,
    0xf4, 0x6f, 0xff, 0x10, 0x00, 0x00, 0x2f, 0xff,
    0x56, 0xff, 0xf1, 0x00, 0x00, 0x02, 0xff, 0xf5,
    0x6f, 0xff, 0x10, 0x00, 0x00, 0x2f, 0xff, 0x56,
    0xff, 0xf1, 0x00, 0x00, 0x02, 0xff, 0xf5, 0x6f,
    0xff, 0x10, 0x00, 0x00, 0x2f, 0xff, 0x56, 0xff,
    0xf1, 0x00, 0x00, 0x02, 0xff, 0xf5, 0x6f, 0xff,
    0x10, 0x00, 0x00, 0x2f, 0xff, 0x56, 0xff, 0xf1,
    0x00, 0x00, 0x02, 0xff, 0xf5, 0x6f, 0xff, 0x10,
    0x00, 0x00, 0x2f, 0xff, 0x56, 0xff, 0xf1, 0x00,
    0x00, 0x02, 0xff, 0xf5,

    /* U+0069 "i" */
    0x2d, 0xfa, 0x0b, 0xff, 0xf6, 0xcf, 0xff, 0x64,
    0xff, 0xd1, 0x00, 0x20, 0x00, 0x00, 0x00, 0x00,
    0x00, 0x06, 0xff, 0xf1, 0x6f, 0xff, 0x16, 0xff,
    0xf1, 0x6f, 0xff, 0x16, 0xff, 0xf1, 0x6f, 0xff,
    0x16, 0xff, 0xf1, 0x6f, 0xff, 0x16, 0xff, 0xf1,
    0x6f, 0xff, 0x16, 0xff, 0xf1, 0x6f, 0xff, 0x16,
    0xff, 0xf1, 0x6f, 0xff, 0x16, 0xff, 0xf1, 0x6f,
    0xff, 0x16, 0xff, 0xf1,

    /* U+006A "j" */
    0x00, 0x00, 0x2d, 0xfa, 0x00, 0x00, 0x0b, 0xff,
    0xf6, 0x00, 0x00, 0xcf, 0xff, 0x60, 0x00, 0x04,
    0xff, 0xd1, 0x00, 0x00, 0x00, 0x20, 0x00, 0x00,
    0x00, 0x00, 0x00, 0x00, 0x00, 0x00, 0x00, 0x00,
    0x00, 0x06, 0xff, 0xf1, 0x00, 0x00, 0x6f, 0xff,
    0x10, 0x00, 0x06, 0xff, 0xf1, 0x00, 0x00, 0x6f,
    0xff, 0x10, 0x00, 0x06, 0xff, 0xf1, 0x00, 0x00,
    0x6f, 0xff, 0x10, 0x00, 0x06, 0xff, 0xf1, 0x00,
    0x00, 0x6f, 0xff, 0x10, 0x00, 0x06, 0xff, 0xf1,
    0x00, 0x00, 0x6f, 0xff, 0x10, 0x00, 0x06, 0xff,
    0xf1, 0x00, 0x00, 0x6f, 0xff, 0x10, 0x00, 0x06,
    0xff, 0xf1, 0x00, 0x00, 0x6f, 0xff, 0x10, 0x00,
    0x06, 0xff, 0xf1, 0x00, 0x00, 0x6f, 0xff, 0x10,
    0x00, 0x06, 0xff, 0xf1, 0x00, 0x00, 0x6f, 0xff,
    0x10, 0x00, 0x06, 0xff, 0xf1, 0x00, 0x00, 0x8f,
    0xff, 0x00, 0x00, 0x0d, 0xff, 0xc0, 0x0d, 0xce,
    0xff, 0xf7, 0x02, 0xff, 0xff, 0xfc, 0x00, 0x3d,
    0xff, 0xd8, 0x00, 0x00,

    /* U+006B "k" */
    0x6f, 0xff, 0x00, 0x00, 0x00, 0x00, 0x00, 0x06,
    0xff, 0xf0, 0x00, 0x00, 0x00, 0x00, 0x00, 0x6f,
    0xff, 0x00, 0x00, 0x00, 0x00, 0x00, 0x06, 0xff,
    0xf0, 0x00, 0x00, 0x00, 0x00, 0x00, 0x6f, 0xff,
    0x00, 0x00, 0x00, 0x00, 0x00, 0x06, 0xff, 0xf0,
    0x00, 0x00, 0x00, 0x00, 0x00, 0x6f, 0xff, 0x00,
    0x00, 0x00, 0x00, 0x00, 0x06, 0xff, 0xf0, 0x00,
    0x00, 0x0d, 0xff, 0xd1, 0x6f, 0xff, 0x00, 0x00,
    0x0a, 0xff, 0xf2, 0x06, 0xff, 0xf0, 0x00, 0x06,
    0xff, 0xf5, 0x00, 0x6f, 0xff, 0x00, 0x03, 0xff,
    0xf8, 0x00, 0x06, 0xff, 0xf0, 0x01, 0xef, 0xfb,
    0x00, 0x00, 0x6f, 0xff, 0x00, 0xbf, 0xfd, 0x10,
    0x00, 0x06, 0xff, 0xf0, 0x8f, 0xff, 0x20, 0x00,
    0x00, 0x6f, 0xff, 0x5f, 0xff, 0xf2, 0x00, 0x00,
    0x06, 0xff, 0xff, 0xff, 0xff, 0xb0, 0x00, 0x00,
    0x6f, 0xff, 0xff, 0xaf, 0xff, 0x50, 0x00, 0x06,
    0xff, 0xff, 0xb0, 0x8f, 0xfe, 0x10, 0x00, 0x6f,
    0xff, 0xd1, 0x00, 0xef, 0xf9, 0x00, 0x06, 0xff,
    0xf2, 0x00, 0x06, 0xff, 0xf3, 0x00, 0x6f, 0xff,
    0x00, 0x00, 0x0c, 0xff, 0xd0, 0x06, 0xff, 0xf0,
    0x00, 0x00, 0x3f, 0xff, 0x70, 0x6f, 0xff, 0x00,
    0x00, 0x00, 0xaf, 0xff, 0x16, 0xff, 0xf0, 0x00,
    0x00, 0x01, 0xff, 0xfa,

    /* U+006C "l" */
    0x6f, 0xff, 0x10, 0x6f, 0xff, 0x10, 0x6f, 0xff,
    0x10, 0x6f, 0xff, 0x10, 0x6f, 0xff, 0x10, 0x6f,
    0xff, 0x10, 0x6f, 0xff, 0x10, 0x6f, 0xff, 0x10,
    0x6f, 0xff, 0x10, 0x6f, 0xff, 0x10, 0x6f, 0xff,
    0x10, 0x6f, 0xff, 0x10, 0x6f, 0xff, 0x10, 0x6f,
    0xff, 0x10, 0x6f, 0xff, 0x10, 0x6f, 0xff, 0x10,
    0x6f, 0xff, 0x10, 0x6f, 0xff, 0x10, 0x6f, 0xff,
    0x10, 0x6f, 0xff, 0x10, 0x5f, 0xff, 0x30, 0x3f,
    0xff, 0xf8, 0x0d, 0xff, 0xfb, 0x02, 0xbf, 0xfa,

    /* U+006D "m" */
    0x6f, 0xf7, 0x00, 0x6c, 0xff, 0xc6, 0x00, 0x00,
    0x6c, 0xff, 0xc5, 0x00, 0x6f, 0xf9, 0x1c, 0xff,
    0xff, 0xff, 0x80, 0x1c, 0xff, 0xff, 0xff, 0x70,
    0x6f, 0xfc, 0xef, 0xff, 0xff, 0xff, 0xf5, 0xef,
    0xff, 0xff, 0xff, 0xf2, 0x6f, 0xff, 0xfd, 0x50,
    0x19, 0xff, 0xff, 0xfd, 0x40, 0x2a, 0xff, 0xf7,
    0x6f, 0xff, 0xb0, 0x00, 0x00, 0xdf, 0xff, 0xa0,
    0x00, 0x00, 0xef, 0xfb, 0x6f, 0xff, 0x10, 0x00,
    0x00, 0x9f, 0xff, 0x00, 0x00, 0x00, 0xbf, 0xfd,
    0x6f, 0xff, 0x10, 0x00, 0x00, 0x8f, 0xff, 0x00,
    0x00, 0x00, 0x9f, 0xfe, 0x6f, 0xff, 0x10, 0x00,
    0x00, 0x7f, 0xff, 0x00, 0x00, 0x00, 0x9f, 0xfe,
    0x6f, 0xff, 0x10, 0x00, 0x00, 0x7f, 0xff, 0x00,
    0x00, 0x00, 0x9f, 0xfe, 0x6f, 0xff, 0x10, 0x00,
    0x00, 0x7f, 0xff, 0x00, 0x00, 0x00, 0x9f, 0xfe,
    0x6f, 0xff, 0x10, 0x00, 0x00, 0x7f, 0xff, 0x00,
    0x00, 0x00, 0x9f, 0xfe, 0x6f, 0xff, 0x10, 0x00,
    0x00, 0x7f, 0xff, 0x00, 0x00, 0x00, 0x9f, 0xfe,
    0x6f, 0xff, 0x10, 0x00, 0x00, 0x7f, 0xff, 0x00,
    0x00, 0x00, 0x9f, 0xfe, 0x6f, 0xff, 0x10, 0x00,
    0x00, 0x7f, 0xff, 0x00, 0x00, 0x00, 0x9f, 0xfe,
    0x6f, 0xff, 0x10, 0x00, 0x00, 0x7f, 0xff, 0x00,
    0x00, 0x00, 0x9f, 0xfe, 0x6f, 0xff, 0x10, 0x00,
    0x00, 0x7f, 0xff, 0x00, 0x00, 0x00, 0x9f, 0xfe,
    0x6f, 0xff, 0x10, 0x00, 0x00, 0x7f, 0xff, 0x00,
    0x00, 0x00, 0x9f, 0xfe,

    /* U+006E "n" */
    0x6f, 0xf7, 0x00, 0x5b, 0xff, 0xe9, 0x10, 0x06,
    0xff, 0x91, 0xbf, 0xff, 0xff, 0xfd, 0x10, 0x6f,
    0xfd, 0xdf, 0xff, 0xff, 0xff, 0xf8, 0x06, 0xff,
    0xff, 0xe5, 0x10, 0x5f, 0xff, 0xe0, 0x6f, 0xff,
    0xc1, 0x00, 0x00, 0x8f, 0xff, 0x26, 0xff, 0xf1,
    0x00, 0x00, 0x03, 0xff, 0xf4, 0x6f, 0xff, 0x10,
    0x00, 0x00, 0x2f, 0xff, 0x46, 0xff, 0xf1, 0x00,
    0x00, 0x02, 0xff, 0xf5, 0x6f, 0xff, 0x10, 0x00,
    0x00, 0x2f, 0xff, 0x56, 0xff, 0xf1, 0x00, 0x00,
    0x02, 0xff, 0xf5, 0x6f, 0xff, 0x10, 0x00, 0x00,
    0x2f, 0xff, 0x56, 0xff, 0xf1, 0x00, 0x00, 0x02,
    0xff, 0xf5, 0x6f, 0xff, 0x10, 0x00, 0x00, 0x2f,
    0xff, 0x56, 0xff, 0xf1, 0x00, 0x00, 0x02, 0xff,
    0xf5, 0x6f, 0xff, 0x10, 0x00, 0x00, 0x2f, 0xff,
    0x56, 0xff, 0xf1, 0x00, 0x00, 0x02, 0xff, 0xf5,
    0x6f, 0xff, 0x10, 0x00, 0x00, 0x2f, 0xff, 0x50,

    /* U+006F "o" */
    0x00, 0x00, 0x17, 0xcf, 0xfe, 0xa4, 0x00, 0x00,
    0x00, 0x05, 0xff, 0xff, 0xff, 0xff, 0xb1, 0x00,
    0x00, 0x6f, 0xff, 0xff, 0xef, 0xff, 0xfd, 0x00,
    0x03, 0xff, 0xfe, 0x40, 0x01, 0xaf, 0xff, 0xa0,
    0x0c, 0xff, 0xf2, 0x00, 0x00, 0x0a, 0xff, 0xf2,
    0x2f, 0xff, 0x90, 0x00, 0x00, 0x01, 0xff, 0xf8,
    0x6f, 0xff, 0x30, 0x00, 0x00, 0x00, 0xcf, 0xfc,
    0x8f, 0xff, 0x10, 0x00, 0x00, 0x00, 0xaf, 0xfe,
    0x8f, 0xff, 0x00, 0x00, 0x00, 0x00, 0x9f, 0xff,
    0x8f, 0xff, 0x10, 0x00, 0x00, 0x00, 0xaf, 0xff,
    0x6f, 0xff, 0x30, 0x00, 0x00, 0x00, 0xcf, 0xfc,
    0x2f, 0xff, 0x90, 0x00, 0x00, 0x01, 0xff, 0xf8,
    0x0c, 0xff, 0xf2, 0x00, 0x00, 0x0a, 0xff, 0xf2,
    0x03, 0xff, 0xfe, 0x40, 0x01, 0xaf, 0xff, 0x90,
    0x00, 0x6f, 0xff, 0xff, 0xef, 0xff, 0xfc, 0x00,
    0x00, 0x05, 0xff, 0xff, 0xff, 0xff, 0xa0, 0x00,
    0x00, 0x00, 0x17, 0xcf, 0xfe, 0xa4, 0x00, 0x00,

    /* U+0070 "p" */
    0x6f, 0xf8, 0x00, 0x7d, 0xff, 0xc7, 0x00, 0x00,
    0x6f, 0xfa, 0x5e, 0xff, 0xff, 0xff, 0xd2, 0x00,
    0x6f, 0xff, 0xff, 0xfe, 0xff, 0xff, 0xfd, 0x00,
    0x6f, 0xff, 0xfb, 0x20, 0x03, 0xcf, 0xff, 0x70,
    0x6f, 0xff, 0x70, 0x00, 0x00, 0x1e, 0xff, 0xd0,
    0x6f, 0xff, 0x10, 0x00, 0x00, 0x09, 0xff, 0xf2,
    0x6f, 0xff, 0x10, 0x00, 0x00, 0x05, 0xff, 0xf4,
    0x6f, 0xff, 0x10, 0x00, 0x00, 0x03, 0xff, 0xf6,
    0x6f, 0xff, 0x10, 0x00, 0x00, 0x02, 0xff, 0xf6,
    0x6f, 0xff, 0x10, 0x00, 0x00, 0x04, 0xff, 0xf5,
    0x6f, 0xff, 0x10, 0x00, 0x00, 0x06, 0xff, 0xf3,
    0x6f, 0xff, 0x10, 0x00, 0x00, 0x0c, 0xff, 0xf0,
    0x6f, 0xff, 0x20, 0x00, 0x00, 0x5f, 0xff, 0x90,
    0x6f, 0xff, 0xe7, 0x10, 0x07, 0xff, 0xff, 0x20,
    0x6f, 0xff, 0xff, 0xff, 0xff, 0xff, 0xf6, 0x00,
    0x6f, 0xff, 0x8f, 0xff, 0xff, 0xff, 0x60, 0x00,
    0x6f, 0xff, 0x03, 0xae, 0xfe, 0x92, 0x00, 0x00,
    0x6f, 0xff, 0x00, 0x00, 0x00, 0x00, 0x00, 0x00,
    0x6f, 0xff, 0x10, 0x00, 0x00, 0x00, 0x00, 0x00,
    0x6f, 0xff, 0x10, 0x00, 0x00, 0x00, 0x00, 0x00,
    0x6f, 0xff, 0x10, 0x00, 0x00, 0x00, 0x00, 0x00,
    0x6f, 0xff, 0x10, 0x00, 0x00, 0x00, 0x00, 0x00,
    0x6f, 0xff, 0x10, 0x00, 0x00, 0x00, 0x00, 0x00,
    0x6f, 0xff, 0x10, 0x00, 0x00, 0x00, 0x00, 0x00,

    /* U+0071 "q" */
    0x00, 0x00, 0x3a, 0xef, 0xeb, 0x50, 0x7f, 0xf5,
    0x00, 0x07, 0xff, 0xff, 0xff, 0xfb, 0xbf, 0xf5,
    0x00, 0x7f, 0xff, 0xff, 0xef, 0xff, 0xff, 0xf5,
    0x03, 0xff, 0xff, 0x60, 0x01, 0x6e, 0xff, 0xf5,
    0x0b, 0xff, 0xf4, 0x00, 0x00, 0x03, 0xff, 0xf5,
    0x1f, 0xff, 0xa0, 0x00, 0x00, 0x02, 0xff, 0xf5,
    0x5f, 0xff, 0x40, 0x00, 0x00, 0x02, 0xff, 0xf5,
    0x7f, 0xff, 0x20, 0x00, 0x00, 0x02, 0xff, 0xf5,
    0x7f, 0xff, 0x10, 0x00, 0x00, 0x02, 0xff, 0xf5,
    0x7f, 0xff, 0x10, 0x00, 0x00, 0x02, 0xff, 0xf5,
    0x5f, 0xff, 0x40, 0x00, 0x00, 0x02, 0xff, 0xf5,
    0x2f, 0xff, 0x80, 0x00, 0x00, 0x02, 0xff, 0xf5,
    0x0d, 0xff, 0xf2, 0x00, 0x00, 0x08, 0xff, 0xf5,
    0x07, 0xff, 0xfd, 0x40, 0x02, 0xaf, 0xff, 0xf5,
    0x00, 0xcf, 0xff, 0xff, 0xff, 0xff, 0xff, 0xf5,
    0x00, 0x1c, 0xff, 0xff, 0xff, 0xe4, 0xff, 0xf5,
    0x00, 0x00, 0x6c, 0xff, 0xd8, 0x11, 0xff, 0xf5,
    0x00, 0x00, 0x00, 0x00, 0x00, 0x01, 0xff, 0xf5,
    0x00, 0x00, 0x00, 0x00, 0x00, 0x02, 0xff, 0xf5,
    0x00, 0x00, 0x00, 0x00, 0x00, 0x02, 0xff, 0xf5,
    0x00, 0x00, 0x00, 0x00, 0x00, 0x02, 0xff, 0xf5,
    0x00, 0x00, 0x00, 0x00, 0x00, 0x02, 0xff, 0xf5,
    0x00, 0x00, 0x00, 0x00, 0x00, 0x02, 0xff, 0xf5,
    0x00, 0x00, 0x00, 0x00, 0x00, 0x02, 0xff, 0xf5,

    /* U+0072 "r" */
    0x6f, 0xf7, 0x00, 0x7d, 0xff, 0x36, 0xff, 0x90,
    0xbf, 0xff, 0xf1, 0x6f, 0xfa, 0xaf, 0xff, 0xfe,
    0x06, 0xff, 0xef, 0xf9, 0x32, 0x30, 0x6f, 0xff,
    0xf5, 0x00, 0x00, 0x06, 0xff, 0xfa, 0x00, 0x00,
    0x00, 0x6f, 0xff, 0x20, 0x00, 0x00, 0x06, 0xff,
    0xf1, 0x00, 0x00, 0x00, 0x6f, 0xff, 0x10, 0x00,
    0x00, 0x06, 0xff, 0xf1, 0x00, 0x00, 0x00, 0x6f,
    0xff, 0x10, 0x00, 0x00, 0x06, 0xff, 0xf1, 0x00,
    0x00, 0x00, 0x6f, 0xff, 0x10, 0x00, 0x00, 0x06,
    0xff, 0xf1, 0x00, 0x00, 0x00, 0x6f, 0xff, 0x10,
    0x00, 0x00, 0x06, 0xff, 0xf1, 0x00, 0x00, 0x00,
    0x6f, 0xff, 0x10, 0x00, 0x00, 0x00,

    /* U+0073 "s" */
    0x00, 0x00, 0x5b, 0xef, 0xfc, 0x71, 0x00, 0x00,
    0x0b, 0xff, 0xff, 0xff, 0xff, 0x60, 0x00, 0x9f,
    0xff, 0xda, 0xbf, 0xff, 0x90, 0x00, 0xff, 0xf8,
    0x00, 0x00, 0x7c, 0x00, 0x02, 0xff, 0xf1, 0x00,
    0x00, 0x00, 0x00, 0x01, 0xff, 0xf6, 0x00, 0x00,
    0x00, 0x00, 0x00, 0xcf, 0xff, 0xa3, 0x00, 0x00,
    0x00, 0x00, 0x2d, 0xff, 0xff, 0xd7, 0x00, 0x00,
    0x00, 0x00, 0x8f, 0xff, 0xff, 0xe6, 0x00, 0x00,
    0x00, 0x00, 0x6d, 0xff, 0xff, 0x70, 0x00, 0x00,
    0x00, 0x00, 0x4d, 0xff, 0xf1, 0x00, 0x00, 0x00,
    0x00, 0x02, 0xff, 0xf4, 0x00, 0x40, 0x00, 0x00,
    0x00, 0xff, 0xf4, 0x04, 0xfd, 0x40, 0x00, 0x08,
    0xff, 0xf1, 0x0d, 0xff, 0xfe, 0xba, 0xdf, 0xff,
    0x90, 0x02, 0xcf, 0xff, 0xff, 0xff, 0xfb, 0x00,
    0x00, 0x03, 0x9d, 0xff, 0xeb, 0x50, 0x00,

    /* U+0074 "t" */
    0x00, 0x02, 0x88, 0x40, 0x00, 0x00, 0x00, 0x05,
    0xff, 0x90, 0x00, 0x00, 0x00, 0x07, 0xff, 0x90,
    0x00, 0x00, 0x00, 0x08, 0xff, 0x90, 0x00, 0x00,
    0x00, 0x0a, 0xff, 0x90, 0x00, 0x00, 0x3d, 0xef,
    0xff, 0xff, 0xff, 0xe0, 0x4f, 0xff, 0xff, 0xff,
    0xff, 0xe0, 0x3d, 0xdf, 0xff, 0xed, 0xdd, 0xb0,
    0x00, 0x0d, 0xff, 0x90, 0x00, 0x00, 0x00, 0x0d,
    0xff, 0x90, 0x00, 0x00, 0x00, 0x0d, 0xff, 0x90,
    0x00, 0x00, 0x00, 0x0d, 0xff, 0x90, 0x00, 0x00,
    0x00, 0x0d, 0xff, 0x90, 0x00, 0x00, 0x00, 0x0d,
    0xff, 0x90, 0x00, 0x00, 0x00, 0x0d, 0xff, 0x90,
    0x00, 0x00, 0x00, 0x0d, 0xff, 0x90, 0x00, 0x00,
    0x00, 0x0d, 0xff, 0x90, 0x00, 0x00, 0x00, 0x0c,
    0xff, 0xc0, 0x00, 0x00, 0x00, 0x09, 0xff, 0xf4,
    0x00, 0x00, 0x00, 0x03, 0xff, 0xff, 0xdd, 0xe0,
    0x00, 0x00, 0x9f, 0xff, 0xff, 0xf3, 0x00, 0x00,
    0x06, 0xcf, 0xfd, 0xa2,

    /* U+0075 "u" */
    0xaf, 0xfd, 0x00, 0x00, 0x00, 0x7f, 0xff, 0x0a,
    0xff, 0xd0, 0x00, 0x00, 0x07, 0xff, 0xf0, 0xaf,
    0xfd, 0x00, 0x00, 0x00, 0x7f, 0xff, 0x0a, 0xff,
    0xd0, 0x00, 0x00, 0x07, 0xff, 0xf0, 0xaf, 0xfd,
    0x00, 0x00, 0x00, 0x7f, 0xff, 0x0a, 0xff, 0xd0,
    0x00, 0x00, 0x07, 0xff, 0xf0, 0xaf, 0xfd, 0x00,
    0x00, 0x00, 0x7f, 0xff, 0x0a, 0xff, 0xd0, 0x00,
    0x00, 0x07, 0xff, 0xf0, 0xaf, 0xfd, 0x00, 0x00,
    0x00, 0x7f, 0xff, 0x0a, 0xff, 0xd0, 0x00, 0x00,
    0x07, 0xff, 0xf0, 0x9f, 0xfd, 0x00, 0x00, 0x00,
    0x7f, 0xff, 0x09, 0xff, 0xf0, 0x00, 0x00, 0x08,
    0xff, 0xf0, 0x7f, 0xff, 0x30, 0x00, 0x05, 0xff,
    0xff, 0x03, 0xff, 0xfd, 0x30, 0x28, 0xff, 0xff,
    0xf0, 0x0d, 0xff, 0xff, 0xff, 0xff, 0x7f, 0xff,
    0x00, 0x3f, 0xff, 0xff, 0xff, 0x60, 0xff, 0xf0,
    0x00, 0x3a, 0xef, 0xea, 0x20, 0x0d, 0xff, 0x00,

    /* U+0076 "v" */
    0x6f, 0xff, 0x10, 0x00, 0x00, 0x00, 0x9f, 0xfc,
    0x1f, 0xff, 0x60, 0x00, 0x00, 0x00, 0xef, 0xf6,
    0x0b, 0xff, 0xb0, 0x00, 0x00, 0x03, 0xff, 0xf1,
    0x06, 0xff, 0xf0, 0x00, 0x00, 0x08, 0xff, 0xc0,
    0x01, 0xff, 0xf5, 0x00, 0x00, 0x0d, 0xff, 0x60,
    0x00, 0xbf, 0xf9, 0x00, 0x00, 0x2f, 0xff, 0x10,
    0x00, 0x5f, 0xfe, 0x00, 0x00, 0x6f, 0xfc, 0x00,
    0x00, 0x0f, 0xff, 0x30, 0x00, 0xbf, 0xf6, 0x00,
    0x00, 0x0b, 0xff, 0x80, 0x01, 0xff, 0xf1, 0x00,
    0x00, 0x05, 0xff, 0xd0, 0x05, 0xff, 0xc0, 0x00,
    0x00, 0x00, 0xff, 0xf2, 0x09, 0xff, 0x60, 0x00,
    0x00, 0x00, 0xaf, 0xf6, 0x0e, 0xff, 0x10, 0x00,
    0x00, 0x00, 0x5f, 0xfb, 0x2f, 0xfc, 0x00, 0x00,
    0x00, 0x00, 0x0f, 0xff, 0x8f, 0xf6, 0x00, 0x00,
    0x00, 0x00, 0x0a, 0xff, 0xff, 0xf1, 0x00, 0x00,
    0x00, 0x00, 0x04, 0xff, 0xff, 0xc0, 0x00, 0x00,
    0x00, 0x00, 0x00, 0xff, 0xff, 0x60, 0x00, 0x00,

    /* U+0077 "w" */
    0x1f, 0xff, 0x60, 0x00, 0x00, 0x3f, 0xff, 0x30,
    0x00, 0x00, 0x5f, 0xfe, 0x00, 0xcf, 0xfa, 0x00,
    0x00, 0x07, 0xff, 0xf7, 0x00, 0x00, 0x08, 0xff,
    0xb0, 0x08, 0xff, 0xe0, 0x00, 0x00, 0xbf, 0xff,
    0xb0, 0x00, 0x00, 0xcf, 0xf6, 0x00, 0x4f, 0xff,
    0x20, 0x00, 0x0f, 0xff, 0xff, 0x00, 0x00, 0x0f,
    0xff, 0x20, 0x00, 0xff, 0xf5, 0x00, 0x03, 0xff,
    0x8f, 0xf4, 0x00, 0x04, 0xff, 0xe0, 0x00, 0x0c,
    0xff, 0x90, 0x00, 0x7f, 0xf2, 0xff, 0x80, 0x00,
    0x7f, 0xfa, 0x00, 0x00, 0x7f, 0xfd, 0x00, 0x0b,
    0xfc, 0x0e, 0xfc, 0x00, 0x0b, 0xff, 0x60, 0x00,
    0x03, 0xff, 0xf1, 0x00, 0xff, 0x90, 0xbf, 0xf0,
    0x00, 0xff, 0xf2, 0x00, 0x00, 0x0f, 0xff, 0x50,
    0x4f, 0xf5, 0x07, 0xff, 0x40, 0x2f, 0xfe, 0x00,
    0x00, 0x00, 0xbf, 0xf8, 0x07, 0xff, 0x10, 0x4f,
    0xf8, 0x06, 0xff, 0xa0, 0x00, 0x00, 0x07, 0xff,
    0xb0, 0xbf, 0xd0, 0x00, 0xff, 0xc0, 0x9f, 0xf6,
    0x00, 0x00, 0x00, 0x3f, 0xfe, 0x0f, 0xf9, 0x00,
    0x0c, 0xff, 0x0c, 0xff, 0x20, 0x00, 0x00, 0x00,
    0xef, 0xf4, 0xff, 0x50, 0x00, 0x8f, 0xf3, 0xff,
    0xe0, 0x00, 0x00, 0x00, 0x0a, 0xff, 0xaf, 0xf2,
    0x00, 0x04, 0xff, 0xaf, 0xfa, 0x00, 0x00, 0x00,
    0x00, 0x6f, 0xff, 0xfe, 0x00, 0x00, 0x0f, 0xff,
    0xff, 0x60, 0x00, 0x00, 0x00, 0x02, 0xff, 0xff,
    0xa0, 0x00, 0x00, 0xcf, 0xff, 0xf2, 0x00, 0x00,
    0x00, 0x00, 0x0e, 0xff, 0xf6, 0x00, 0x00, 0x08,
    0xff, 0xfe, 0x00, 0x00, 0x00,

    /* U+0078 "x" */
    0x0d, 0xff, 0xd0, 0x00, 0x00, 0x0e, 0xff, 0xa0,
    0x04, 0xff, 0xf7, 0x00, 0x00, 0x6f, 0xff, 0x10,
    0x00, 0xaf, 0xff, 0x10, 0x00, 0xef, 0xf7, 0x00,
    0x00, 0x1f, 0xff, 0x90, 0x07, 0xff, 0xd0, 0x00,
    0x00, 0x06, 0xff, 0xf2, 0x0e, 0xff, 0x50, 0x00,
    0x00, 0x00, 0xcf, 0xfa, 0x6f, 0xfb, 0x00, 0x00,
    0x00, 0x00, 0x3f, 0xff, 0xef, 0xf2, 0x00, 0x00,
    0x00, 0x00, 0x09, 0xff, 0xff, 0x90, 0x00, 0x00,
    0x00, 0x00, 0x06, 0xff, 0xff, 0x20, 0x00, 0x00,
    0x00, 0x00, 0x1e, 0xff, 0xff, 0x90, 0x00, 0x00,
    0x00, 0x00, 0x9f, 0xfb, 0xff, 0xf3, 0x00, 0x00,
    0x00, 0x03, 0xff, 0xe0, 0xaf, 0xfd, 0x00, 0x00,
    0x00, 0x0c, 0xff, 0x70, 0x1f, 0xff, 0x70, 0x00,
    0x00, 0x6f, 0xfe, 0x00, 0x08, 0xff, 0xf2, 0x00,
    0x01, 0xef, 0xf6, 0x00, 0x00, 0xef, 0xfb, 0x00,
    0x09, 0xff, 0xd0, 0x00, 0x00, 0x5f, 0xff, 0x50,
    0x3f, 0xff, 0x50, 0x00, 0x00, 0x0c, 0xff, 0xe1,

    /* U+0079 "y" */
    0x6f, 0xff, 0x10, 0x00, 0x00, 0x00, 0x8f, 0xfc,
    0x0f, 0xff, 0x70, 0x00, 0x00, 0x00, 0xdf, 0xf6,
    0x09, 0xff, 0xc0, 0x00, 0x00, 0x02, 0xff, 0xf1,
    0x03, 0xff, 0xf2, 0x00, 0x00, 0x07, 0xff, 0xc0,
    0x00, 0xdf, 0xf7, 0x00, 0x00, 0x0c, 0xff, 0x60,
    0x00, 0x7f, 0xfd, 0x00, 0x00, 0x1f, 0xff, 0x10,
    0x00, 0x1f, 0xff, 0x20, 0x00, 0x6f, 0xfb, 0x00,
    0x00, 0x0a, 0xff, 0x80, 0x00, 0xaf, 0xf6, 0x00,
    0x00, 0x04, 0xff, 0xd0, 0x00, 0xff, 0xf1, 0x00,
    0x00, 0x00, 0xef, 0xf3, 0x04, 0xff, 0xb0, 0x00,
    0x00, 0x00, 0x8f, 0xf8, 0x09, 0xff, 0x60, 0x00,
    0x00, 0x00, 0x2f, 0xfd, 0x0d, 0xff, 0x10, 0x00,
    0x00, 0x00, 0x0b, 0xff, 0x4f, 0xfb, 0x00, 0x00,
    0x00, 0x00, 0x05, 0xff, 0xdf, 0xf6, 0x00, 0x00,
    0x00, 0x00, 0x00, 0xef, 0xff, 0xf1, 0x00, 0x00,
    0x00, 0x00, 0x00, 0x9f, 0xff, 0xb0, 0x00, 0x00,
    0x00, 0x00, 0x00, 0x2f, 0xff, 0x50, 0x00, 0x00,
    0x00, 0x00, 0x00, 0x3f, 0xff, 0x00, 0x00, 0x00,
    0x00, 0x00, 0x00, 0x9f, 0xfa, 0x00, 0x00, 0x00,
    0x00, 0x00, 0x02, 0xff, 0xf3, 0x00, 0x00, 0x00,
    0x00, 0x00, 0x2d, 0xff, 0xb0, 0x00, 0x00, 0x00,
    0x02, 0xed, 0xff, 0xff, 0x20, 0x00, 0x00, 0x00,
    0x06, 0xff, 0xff, 0xf4, 0x00, 0x00, 0x00, 0x00,
    0x07, 0xff, 0xea, 0x20, 0x00, 0x00, 0x00, 0x00,

    /* U+007A "z" */
    0x0f, 0xff, 0xff, 0xff, 0xff, 0xff, 0x90, 0xff,
    0xff, 0xff, 0xff, 0xff, 0xf9, 0x0c, 0xdd, 0xdd,
    0xdd, 0xff, 0xff, 0x30, 0x00, 0x00, 0x00, 0x3f,
    0xff, 0x80, 0x00, 0x00, 0x00, 0x0d, 0xff, 0xd0,
    0x00, 0x00, 0x00, 0x08, 0xff, 0xf3, 0x00, 0x00,
    0x00, 0x03, 0xff, 0xf8, 0x00, 0x00, 0x00, 0x00,
    0xdf, 0xfd, 0x00, 0x00, 0x00, 0x00, 0x8f, 0xff,
    0x30, 0x00, 0x00, 0x00, 0x3f, 0xff, 0x90, 0x00,
    0x00, 0x00, 0x0d, 0xff, 0xd0, 0x00, 0x00, 0x00,
    0x07, 0xff, 0xf4, 0x00, 0x00, 0x00, 0x02, 0xff,
    0xf9, 0x00, 0x00, 0x00, 0x00, 0xcf, 0xfe, 0x00,
    0x00, 0x00, 0x00, 0x7f, 0xff, 0xec, 0xcc, 0xcc,
    0xcc, 0xae, 0xff, 0xff, 0xff, 0xff, 0xff, 0xfe,
    0xef, 0xff, 0xff, 0xff, 0xff, 0xff, 0xe0,

    /* U+007B "{" */
    0x00, 0x00, 0x8e, 0xff, 0x70, 0x00, 0xaf, 0xff,
    0xf7, 0x00, 0x1f, 0xff, 0x20, 0x00, 0x03, 0xff,
    0xa0, 0x00, 0x00, 0x4f, 0xf8, 0x00, 0x00, 0x04,
    0xff, 0x80, 0x00, 0x00, 0x4f, 0xf9, 0x00, 0x00,
    0x03, 0xff, 0x90, 0x00, 0x00, 0x2f, 0xfa, 0x00,
    0x00, 0x01, 0xff, 0xa0, 0x00, 0x00, 0x0f, 0xfb,
    0x00, 0x00, 0x00, 0xff, 0xa0, 0x00, 0x00, 0x4f,
    0xf8, 0x00, 0x02, 0x5e, 0xff, 0x30, 0x00, 0xdf,
    0xfe, 0x50, 0x00, 0x0d, 0xff, 0xf8, 0x00, 0x00,
    0x03, 0xcf, 0xf5, 0x00, 0x00, 0x03, 0xff, 0x90,
    0x00, 0x00, 0x0f, 0xfa, 0x00, 0x00, 0x00, 0xff,
    0xa0, 0x00, 0x00, 0x1f, 0xfa, 0x00, 0x00, 0x02,
    0xff, 0x90, 0x00, 0x00, 0x3f, 0xf9, 0x00, 0x00,
    0x04, 0xff, 0x80, 0x00, 0x00, 0x4f, 0xf8, 0x00,
    0x00, 0x04, 0xff, 0xa0, 0x00, 0x00, 0x1f, 0xff,
    0x20, 0x00, 0x00, 0xbf, 0xff, 0xf7, 0x00, 0x01,
    0x9e, 0xff, 0x70,

    /* U+007C "|" */
    0xff, 0x6f, 0xf6, 0xff, 0x6f, 0xf6, 0xff, 0x6f,
    0xf6, 0xff, 0x6f, 0xf6, 0xff, 0x6f, 0xf6, 0xff,
    0x6f, 0xf6, 0xff, 0x6f, 0xf6, 0xff, 0x6f, 0xf6,
    0xff, 0x6f, 0xf6, 0xff, 0x6f, 0xf6, 0xff, 0x6f,
    0xf6, 0xff, 0x6f, 0xf6, 0xff, 0x6f, 0xf6, 0xff,
    0x6f, 0xf6, 0xff, 0x6f, 0xf6, 0xff, 0x6f, 0xf6,
    0xff, 0x6f, 0xf6,

    /* U+007D "}" */
    0xcf, 0xfc, 0x50, 0x00, 0x0b, 0xff, 0xff, 0x50,
    0x00, 0x00, 0x7f, 0xfb, 0x00, 0x00, 0x00, 0xff,
    0xe0, 0x00, 0x00, 0x0e, 0xff, 0x00, 0x00, 0x00,
    0xdf, 0xf0, 0x00, 0x00, 0x0e, 0xfe, 0x00, 0x00,
    0x00, 0xef, 0xd0, 0x00, 0x00, 0x0f, 0xfc, 0x00,
    0x00, 0x00, 0xff, 0xb0, 0x00, 0x00, 0x0f, 0xfa,
    0x00, 0x00, 0x00, 0xff, 0xa0, 0x00, 0x00, 0x0e,
    0xfe, 0x00, 0x00, 0x00, 0x8f, 0xfc, 0x41, 0x00,
    0x00, 0x9f, 0xff, 0x80, 0x00, 0x1c, 0xff, 0xf8,
    0x00, 0x0a, 0xff, 0x91, 0x00, 0x00, 0xef, 0xd0,
    0x00, 0x00, 0x0f, 0xfa, 0x00, 0x00, 0x00, 0xff,
    0xa0, 0x00, 0x00, 0x0f, 0xfb, 0x00, 0x00, 0x00,
    0xff, 0xd0, 0x00, 0x00, 0x0e, 0xfe, 0x00, 0x00,
    0x00, 0xdf, 0xe0, 0x00, 0x00, 0x0d, 0xff, 0x00,
    0x00, 0x00, 0xff, 0xe0, 0x00, 0x00, 0x7f, 0xfc,
    0x00, 0x0b, 0xff, 0xff, 0x60, 0x00, 0xcf, 0xfd,
    0x60, 0x00, 0x00,

    /* U+007E "~" */
    0x00, 0x05, 0x87, 0x10, 0x00, 0x00, 0x00, 0x00,
    0x2d, 0xff, 0xff, 0x50, 0x00, 0x01, 0x70, 0x1e,
    0xff, 0xff, 0xff, 0x80, 0x00, 0xbf, 0xa9, 0xff,
    0x50, 0x3d, 0xff, 0xd9, 0xdf, 0xf6, 0x2d, 0x70,
    0x00, 0x1b, 0xff, 0xff, 0xf9, 0x00, 0x00, 0x00,
    0x00, 0x06, 0xdf, 0xd6, 0x00,

    /* U+3005 "々" */
    0x00, 0x00, 0x00, 0x00, 0x00, 0xa7, 0x30, 0x00,
    0x00, 0x00, 0x00, 0x00, 0x00, 0x00, 0x00, 0x00,
    0x05, 0xff, 0xf0, 0x00, 0x00, 0x00, 0x00, 0x00,
    0x00, 0x00, 0x00, 0x00, 0x0b, 0xff, 0x90, 0x00,
    0x00, 0x00, 0x00, 0x00, 0x00, 0x00, 0x00, 0x00,
    0x1f, 0xff, 0x30, 0x00, 0x00, 0x00, 0x00, 0x00,
    0x00, 0x00, 0x00, 0x00, 0x7f, 0xfd, 0x00, 0x00,
    0x00, 0x00, 0x00, 0x00, 0x00, 0x00, 0x00, 0x00,
    0xef, 0xf6, 0x00, 0x00, 0x00, 0x00, 0x00, 0x00,
    0x00, 0x00, 0x00, 0x05, 0xff, 0xfe, 0xee, 0xee,
    0xee, 0xee, 0xfd, 0x50, 0x00, 0x00, 0x00, 0x0d,
    0xff, 0xff, 0xff, 0xff, 0xff, 0xff, 0xff, 0xf4,
    0x00, 0x00, 0x00, 0x5f, 0xff, 0xff, 0xff, 0xff,
    0xff, 0xff, 0xff, 0xe0, 0x00, 0x00, 0x00, 0xef,
    0xf8, 0x00, 0x00, 0x00, 0x00, 0x0e, 0xff, 0x80,
    0x00, 0x00, 0x08, 0xff, 0xe1, 0x00, 0x00, 0x00,
    0x00, 0x6f, 0xff, 0x10, 0x00, 0x00, 0x3f, 0xff,
    0x70, 0x00, 0x00, 0x00, 0x00, 0xef, 0xf9, 0x00,
    0x00, 0x00, 0xdf, 0xfd, 0x00, 0x00, 0x00, 0x00,
    0x07, 0xff, 0xf1, 0x00, 0x00, 0x09, 0xff, 0xf3,
    0x00, 0x00, 0x00, 0x00, 0x1e, 0xff, 0x80, 0x00,
    0x00, 0x6f, 0xff, 0x70, 0x01, 0x00, 0x00, 0x00,
    0x9f, 0xfe, 0x00, 0x00, 0x05, 0xff, 0xfb, 0x00,
    0x2f, 0xd5, 0x00, 0x03, 0xff, 0xf5, 0x00, 0x00,
    0x1d, 0xff, 0xd0, 0x00, 0xdf, 0xff, 0xd4, 0x0d,
    0xff, 0xb0, 0x00, 0x00, 0x00, 0x8d, 0x10, 0x00,
    0x6e, 0xff, 0xff, 0xef, 0xff, 0x20, 0x00, 0x00,
    0x00, 0x00, 0x00, 0x00, 0x00, 0x7f, 0xff, 0xff,
    0xf6, 0x00, 0x00, 0x00, 0x00, 0x00, 0x00, 0x00,
    0x00, 0x01, 0xaf, 0xff, 0xfd, 0x20, 0x00, 0x00,
    0x00, 0x00, 0x00, 0x00, 0x00, 0x00, 0x04, 0xdf,
    0xff, 0xf6, 0x00, 0x00, 0x00, 0x00, 0x00, 0x00,
    0x00, 0x00, 0x00, 0x09, 0xff, 0xff, 0x80, 0x00,
    0x00, 0x00, 0x00, 0x00, 0x00, 0x00, 0x00, 0x00,
    0x5f, 0xff, 0xb0, 0x00, 0x00, 0x00, 0x00, 0x00,
    0x00, 0x00, 0x00, 0x00, 0x03, 0xee, 0x10, 0x00,
    0x00, 0x00, 0x00, 0x00, 0x00, 0x00, 0x00, 0x00,
    0x00, 0x23, 0x00, 0x00,

    /* U+3044 "い" */
    0x01, 0x00, 0x00, 0x00, 0x00, 0x00, 0x00, 0x00,
    0x00, 0x00, 0x00, 0x00, 0x06, 0xff, 0xf1, 0x00,
    0x00, 0x00, 0x00, 0x00, 0x00, 0x00, 0x20, 0x00,
    0x00, 0x4f, 0xff, 0x00, 0x00, 0x00, 0x00, 0x00,
    0x00, 0x29, 0xef, 0x20, 0x00, 0x04, 0xff, 0xe0,
    0x00, 0x00, 0x00, 0x00, 0x00, 0x00, 0xcf, 0xfb,
    0x00, 0x00, 0x4f, 0xfe, 0x00, 0x00, 0x00, 0x00,
    0x00, 0x00, 0x02, 0xff, 0xf4, 0x00, 0x03, 0xff,
    0xe0, 0x00, 0x00, 0x00, 0x00, 0x00, 0x00, 0x09,
    0xff, 0xc0, 0x00, 0x3f, 0xfe, 0x00, 0x00, 0x00,
    0x00, 0x00, 0x00, 0x00, 0x2f, 0xff, 0x30, 0x03,
    0xff, 0xe0, 0x00, 0x00, 0x00, 0x00, 0x00, 0x00,
    0x00, 0xbf, 0xf9, 0x00, 0x2f, 0xfe, 0x00, 0x00,
    0x00, 0x00, 0x00, 0x00, 0x00, 0x05, 0xff, 0xf0,
    0x01, 0xff, 0xf0, 0x00, 0x00, 0x00, 0x00, 0x00,
    0x00, 0x00, 0x0f, 0xff, 0x50, 0x0f, 0xff, 0x00,
    0x00, 0x00, 0x00, 0x00, 0x00, 0x00, 0x00, 0xaf,
    0xfa, 0x00, 0xff, 0xf2, 0x00, 0x00, 0x00, 0x00,
    0x00, 0x00, 0x00, 0x06, 0xff, 0xe0, 0x0d, 0xff,
    0x40, 0x00, 0x00, 0x00, 0x00, 0x00, 0x00, 0x00,
    0x2f, 0xff, 0x20, 0xbf, 0xf7, 0x00, 0x00, 0x00,
    0xb0, 0x00, 0x00, 0x00, 0x00, 0xef, 0xf6, 0x08,
    0xff, 0xa0, 0x00, 0x00, 0x3f, 0xa0, 0x00, 0x00,
    0x00, 0x0b, 0xff, 0x90, 0x5f, 0xfe, 0x00, 0x00,
    0x09, 0xff, 0x70, 0x00, 0x00, 0x00, 0x8f, 0xfb,
    0x01, 0xff, 0xf4, 0x00, 0x01, 0xff, 0xf5, 0x00,
    0x00, 0x00, 0x06, 0xff, 0xd0, 0x0b, 0xff, 0xc0,
    0x00, 0x8f, 0xfe, 0x00, 0x00, 0x00, 0x00, 0x4d,
    0x71, 0x00, 0x5f, 0xff, 0xa3, 0x6f, 0xff, 0x60,
    0x00, 0x00, 0x00, 0x00, 0x00, 0x00, 0x00, 0xcf,
    0xff, 0xff, 0xff, 0xd0, 0x00, 0x00, 0x00, 0x00,
    0x00, 0x00, 0x00, 0x02, 0xff, 0xff, 0xff, 0xf3,
    0x00, 0x00, 0x00, 0x00, 0x00, 0x00, 0x00, 0x00,
    0x03, 0xef, 0xff, 0xf4, 0x00, 0x00, 0x00, 0x00,
    0x00, 0x00, 0x00, 0x00, 0x00, 0x00, 0x58, 0x71,
    0x00, 0x00, 0x00, 0x00, 0x00, 0x00, 0x00, 0x00,

    /* U+304A "お" */
    0x00, 0x00, 0x00, 0x02, 0x22, 0x10, 0x00, 0x00,
    0x00, 0x00, 0x00, 0x00, 0x00, 0x00, 0x00, 0x00,
    0x00, 0xcf, 0xf5, 0x00, 0x00, 0x00, 0x00, 0x00,
    0x00, 0x00, 0x00, 0x00, 0x00, 0x00, 0x0b, 0xff,
    0x40, 0x00, 0x00, 0x00, 0x00, 0x00, 0x00, 0x00,
    0x00, 0x00, 0x00, 0x00, 0xaf, 0xf3, 0x00, 0x00,
    0x00, 0x00, 0x00, 0x00, 0x00, 0x00, 0x00, 0x00,
    0x00, 0x0b, 0xff, 0x20, 0x00, 0x01, 0x00, 0x09,
    0x50, 0x00, 0x00, 0x00, 0x00, 0x00, 0x00, 0xbf,
    0xf3, 0x46, 0x9d, 0xf0, 0x04, 0xff, 0xc3, 0x00,
    0x00, 0x0a, 0xdc, 0xbb, 0xcf, 0xff, 0xff, 0xff,
    0xff, 0x00, 0x7f, 0xff, 0xfa, 0x10, 0x00, 0xbf,
    0xff, 0xff, 0xff, 0xff, 0xff, 0xff, 0xd0, 0x00,
    0x2b, 0xff, 0xff, 0x60, 0x0a, 0xff, 0xff, 0xff,
    0xff, 0xa8, 0x53, 0x00, 0x00, 0x00, 0x05, 0xef,
    0xff, 0x70, 0x00, 0x00, 0x00, 0xcf, 0xf0, 0x00,
    0x00, 0x00, 0x00, 0x00, 0x00, 0x9f, 0xf1, 0x00,
    0x00, 0x00, 0x0c, 0xff, 0x00, 0x00, 0x00, 0x00,
    0x00, 0x00, 0x00, 0x46, 0x00, 0x00, 0x00, 0x00,
    0xcf, 0xf0, 0x00, 0x00, 0x00, 0x00, 0x00, 0x00,
    0x00, 0x00, 0x00, 0x00, 0x00, 0x0c, 0xff, 0x01,
    0x57, 0x9b, 0xba, 0x84, 0x00, 0x00, 0x00, 0x00,
    0x00, 0x00, 0x00, 0xcf, 0xfd, 0xff, 0xff, 0xff,
    0xff, 0xfe, 0x60, 0x00, 0x00, 0x00, 0x00, 0x00,
    0x5e, 0xff, 0xff, 0xff, 0xfe, 0xef, 0xff, 0xff,
    0x90, 0x00, 0x00, 0x00, 0x03, 0xcf, 0xff, 0xfd,
    0x84, 0x10, 0x00, 0x03, 0xaf, 0xff, 0x60, 0x00,
    0x00, 0x06, 0xff, 0xff, 0xff, 0x00, 0x00, 0x00,
    0x00, 0x00, 0x7f, 0xfe, 0x00, 0x00, 0x08, 0xff,
    0xf8, 0xcf, 0xf0, 0x00, 0x00, 0x00, 0x00, 0x00,
    0xff, 0xf2, 0x00, 0x05, 0xff, 0xf3, 0x0a, 0xff,
    0x10, 0x00, 0x00, 0x00, 0x00, 0x0d, 0xff, 0x30,
    0x00, 0xef, 0xf4, 0x00, 0xaf, 0xf1, 0x00, 0x00,
    0x00, 0x00, 0x00, 0xff, 0xf2, 0x00, 0x2f, 0xfd,
    0x00, 0x0a, 0xff, 0x10, 0x00, 0x00, 0x00, 0x00,
    0x6f, 0xff, 0x00, 0x01, 0xff, 0xe1, 0x00, 0xaf,
    0xf2, 0x00, 0x00, 0x00, 0x00, 0x6f, 0xff, 0x90,
    0x00, 0x0c, 0xff, 0xd4, 0x1d, 0xff, 0x20, 0x00,
    0x01, 0x37, 0xdf, 0xff, 0xe1, 0x00, 0x00, 0x2f,
    0xff, 0xff, 0xff, 0xf0, 0x02, 0xff, 0xff, 0xff,
    0xff, 0xe3, 0x00, 0x00, 0x00, 0x3d, 0xff, 0xff,
    0xfc, 0x00, 0x0d, 0xff, 0xff, 0xff, 0x91, 0x00,
    0x00, 0x00, 0x00, 0x07, 0xdf, 0xfe, 0x30, 0x00,
    0x7f, 0xed, 0xa6, 0x10, 0x00, 0x00, 0x00, 0x00,
    0x00, 0x00, 0x23, 0x00, 0x00, 0x00, 0x00, 0x00,
    0x00, 0x00, 0x00, 0x00, 0x00,

    /* U+3052 "げ" */
    0x00, 0x00, 0x00, 0x00, 0x00, 0x00, 0x00, 0x00,
    0x00, 0x00, 0x00, 0x00, 0x8c, 0x00, 0x00, 0x00,
    0x00, 0x00, 0x00, 0x00, 0x00, 0x00, 0x01, 0x11,
    0x09, 0xc0, 0x9f, 0x60, 0x00, 0xed, 0xb5, 0x00,
    0x00, 0x00, 0x00, 0x00, 0x0f, 0xff, 0x49, 0xf5,
    0x2f, 0xc0, 0x00, 0xff, 0xf4, 0x00, 0x00, 0x00,
    0x00, 0x00, 0x0e, 0xff, 0x33, 0xfb, 0x0c, 0xf2,
    0x02, 0xff, 0xf0, 0x00, 0x00, 0x00, 0x00, 0x00,
    0x0c, 0xff, 0x30, 0xdf, 0x15, 0x81, 0x04, 0xff,
    0xc0, 0x00, 0x00, 0x00, 0x00, 0x00, 0x0c, 0xff,
    0x30, 0x67, 0x10, 0x00, 0x06, 0xff, 0x90, 0x00,
    0x00, 0x00, 0x00, 0x00, 0x0b, 0xff, 0x30, 0x00,
    0x00, 0x00, 0x08, 0xff, 0x60, 0x00, 0x00, 0x00,
    0x00, 0x00, 0x0b, 0xff, 0x31, 0x25, 0x72, 0x00,
    0x0a, 0xff, 0x40, 0x00, 0x0b, 0xed, 0xcb, 0xbb,
    0xcf, 0xff, 0xff, 0xff, 0xf3, 0x00, 0x0c, 0xff,
    0x10, 0x00, 0x0b, 0xff, 0xff, 0xff, 0xff, 0xff,
    0xff, 0xff, 0xf3, 0x00, 0x0e, 0xff, 0x00, 0x00,
    0x0b, 0xff, 0xff, 0xff, 0xff, 0xff, 0xed, 0xca,
    0x91, 0x00, 0x0f, 0xfd, 0x00, 0x00, 0x00, 0x01,
    0x12, 0x22, 0x1b, 0xff, 0x40, 0x00, 0x00, 0x00,
    0x0f, 0xfc, 0x00, 0x00, 0x00, 0x00, 0x00, 0x00,
    0x0a, 0xff, 0x40, 0x00, 0x00, 0x00, 0x1f, 0xfb,
    0x00, 0x00, 0x00, 0x00, 0x00, 0x00, 0x0a, 0xff,
    0x40, 0x00, 0x00, 0x00, 0x1f, 0xfb, 0x00, 0x00,
    0x00, 0x00, 0x00, 0x00, 0x0b, 0xff, 0x30, 0x00,
    0x00, 0x00, 0x2f, 0xfa, 0x06, 0x40, 0x00, 0x00,
    0x00, 0x00, 0x0b, 0xff, 0x30, 0x00, 0x00, 0x00,
    0x2f, 0xfb, 0x0e, 0xf0, 0x00, 0x00, 0x00, 0x00,
    0x0c, 0xff, 0x20, 0x00, 0x00, 0x00, 0x2f, 0xfc,
    0x4f, 0xb0, 0x00, 0x00, 0x00, 0x00, 0x0e, 0xff,
    0x00, 0x00, 0x00, 0x00, 0x0f, 0xfe, 0xaf, 0x60,
    0x00, 0x00, 0x00, 0x00, 0x1f, 0xfe, 0x00, 0x00,
    0x00, 0x00, 0x0f, 0xff, 0xff, 0x10, 0x00, 0x00,
    0x00, 0x00, 0x6f, 0xfb, 0x00, 0x00, 0x00, 0x00,
    0x0d, 0xff, 0xfd, 0x00, 0x00, 0x00, 0x00, 0x00,
    0xcf, 0xf7, 0x00, 0x00, 0x00, 0x00, 0x0a, 0xff,
    0xf8, 0x00, 0x00, 0x00, 0x00, 0x05, 0xff, 0xf2,
    0x00, 0x00, 0x00, 0x00, 0x07, 0xff, 0xf4, 0x00,
    0x00, 0x00, 0x00, 0x2e, 0xff, 0xb0, 0x00, 0x00,
    0x00, 0x00, 0x03, 0xff, 0xf1, 0x00, 0x00, 0x00,
    0x02, 0xef, 0xff, 0x20, 0x00, 0x00, 0x00, 0x00,
    0x00, 0xff, 0xf0, 0x00, 0x00, 0x00, 0x6f, 0xff,
    0xf6, 0x00, 0x00, 0x00, 0x00, 0x00, 0x00, 0x9c,
    0xa0, 0x00, 0x00, 0x08, 0xff, 0xff, 0x70, 0x00,
    0x00, 0x00, 0x00, 0x00, 0x00, 0x00, 0x00, 0x00,
    0x00, 0x00, 0x7f, 0xe5, 0x00, 0x00, 0x00, 0x00,
    0x00, 0x00, 0x00, 0x00, 0x00, 0x00, 0x00, 0x00,
    0x03, 0x10, 0x00, 0x00, 0x00, 0x00, 0x00, 0x00,

    /* U+3053 "こ" */
    0x00, 0x14, 0x21, 0x00, 0x00, 0x00, 0x00, 0x01,
    0x23, 0x51, 0x00, 0x00, 0x3f, 0xff, 0xff, 0xff,
    0xff, 0xff, 0xff, 0xff, 0xf3, 0x00, 0x00, 0x3f,
    0xff, 0xff, 0xff, 0xff, 0xff, 0xff, 0xff, 0xf3,
    0x00, 0x00, 0x2d, 0xef, 0xff, 0xff, 0xff, 0xff,
    0xff, 0xfe, 0xd2, 0x00, 0x00, 0x00, 0x00, 0x00,
    0x11, 0x11, 0x11, 0x00, 0x00, 0x00, 0x00, 0x00,
    0x00, 0x00, 0x00, 0x00, 0x00, 0x00, 0x00, 0x00,
    0x00, 0x00, 0x00, 0x00, 0x00, 0x00, 0x00, 0x00,
    0x00, 0x00, 0x00, 0x00, 0x00, 0x00, 0x00, 0x00,
    0x00, 0x00, 0x00, 0x00, 0x00, 0x00, 0x00, 0x00,
    0x00, 0x00, 0x00, 0x00, 0x00, 0x00, 0x00, 0x00,
    0x00, 0x00, 0x00, 0x00, 0x00, 0x00, 0x00, 0x00,
    0x00, 0x00, 0x00, 0x00, 0x00, 0x00, 0x00, 0x00,
    0x00, 0x00, 0x00, 0x00, 0x00, 0x00, 0x00, 0x00,
    0x00, 0x00, 0x00, 0x00, 0x00, 0x00, 0x00, 0x00,
    0x00, 0x00, 0x00, 0x00, 0x02, 0x31, 0x00, 0x00,
    0x00, 0x00, 0x00, 0x00, 0x00, 0x00, 0x00, 0x0a,
    0xff, 0x70, 0x00, 0x00, 0x00, 0x00, 0x00, 0x00,
    0x00, 0x00, 0x0d, 0xff, 0x30, 0x00, 0x00, 0x00,
    0x00, 0x00, 0x00, 0x00, 0x00, 0x0f, 0xff, 0x10,
    0x00, 0x00, 0x00, 0x00, 0x00, 0x00, 0x00, 0x00,
    0x0f, 0xff, 0x10, 0x00, 0x00, 0x00, 0x00, 0x00,
    0x00, 0x00, 0x00, 0x0f, 0xff, 0x60, 0x00, 0x00,
    0x00, 0x00, 0x00, 0x00, 0x00, 0x00, 0x0d, 0xff,
    0xf5, 0x00, 0x00, 0x00, 0x00, 0x00, 0x00, 0x00,
    0x30, 0x06, 0xff, 0xff, 0xc7, 0x43, 0x22, 0x33,
    0x46, 0x79, 0xcf, 0xf1, 0x00, 0xaf, 0xff, 0xff,
    0xff, 0xff, 0xff, 0xff, 0xff, 0xff, 0xf2, 0x00,
    0x06, 0xef, 0xff, 0xff, 0xff, 0xff, 0xff, 0xff,
    0xff, 0xf2, 0x00, 0x00, 0x04, 0x8b, 0xdf, 0xff,
    0xfe, 0xdc, 0xb9, 0x74, 0x10,

    /* U+3059 "す" */
    0x00, 0x00, 0x00, 0x00, 0x00, 0x00, 0x03, 0xee,
    0xe1, 0x00, 0x00, 0x00, 0x00, 0x00, 0x00, 0x00,
    0x00, 0x00, 0x00, 0x01, 0xff, 0xf0, 0x00, 0x00,
    0x00, 0x00, 0x00, 0x00, 0x00, 0x00, 0x00, 0x00,
    0x00, 0xff, 0xf0, 0x00, 0x00, 0x00, 0x00, 0x00,
    0x00, 0x00, 0x00, 0x11, 0x12, 0x22, 0xff, 0xf3,
    0x33, 0x33, 0x33, 0x33, 0x3e, 0xff, 0xff, 0xff,
    0xff, 0xff, 0xff, 0xff, 0xff, 0xff, 0xff, 0xff,
    0xff, 0x3f, 0xff, 0xff, 0xff, 0xff, 0xff, 0xff,
    0xff, 0xff, 0xff, 0xff, 0xff, 0xfe, 0x2e, 0xdd,
    0xcb, 0xaa, 0x99, 0x88, 0x87, 0xff, 0xf7, 0x77,
    0x78, 0x88, 0x98, 0x00, 0x00, 0x00, 0x00, 0x00,
    0x00, 0x00, 0xff, 0xf0, 0x00, 0x00, 0x00, 0x00,
    0x00, 0x00, 0x00, 0x00, 0x00, 0x01, 0x20, 0xef,
    0xf0, 0x00, 0x00, 0x00, 0x00, 0x00, 0x00, 0x00,
    0x00, 0x05, 0xdf, 0xff, 0xff, 0xf0, 0x00, 0x00,
    0x00, 0x00, 0x00, 0x00, 0x00, 0x00, 0xaf, 0xff,
    0xff, 0xff, 0xf0, 0x00, 0x00, 0x00, 0x00, 0x00,
    0x00, 0x00, 0x06, 0xff, 0xf8, 0x6a, 0xff, 0xf2,
    0x00, 0x00, 0x00, 0x00, 0x00, 0x00, 0x00, 0x0e,
    0xff, 0x30, 0x00, 0x8f, 0xf9, 0x00, 0x00, 0x00,
    0x00, 0x00, 0x00, 0x00, 0x2f, 0xfb, 0x00, 0x00,
    0x3f, 0xfd, 0x00, 0x00, 0x00, 0x00, 0x00, 0x00,
    0x00, 0x2f, 0xfa, 0x00, 0x00, 0x4f, 0xff, 0x00,
    0x00, 0x00, 0x00, 0x00, 0x00, 0x00, 0x1f, 0xfe,
    0x00, 0x00, 0x8f, 0xff, 0x00, 0x00, 0x00, 0x00,
    0x00, 0x00, 0x00, 0x0b, 0xff, 0xc4, 0x27, 0xff,
    0xfe, 0x00, 0x00, 0x00, 0x00, 0x00, 0x00, 0x00,
    0x02, 0xff, 0xff, 0xff, 0xff, 0xfb, 0x00, 0x00,
    0x00, 0x00, 0x00, 0x00, 0x00, 0x00, 0x3d, 0xff,
    0xff, 0xff, 0xf7, 0x00, 0x00, 0x00, 0x00, 0x00,
    0x00, 0x00, 0x00, 0x00, 0x47, 0x69, 0xff, 0xf1,
    0x00, 0x00, 0x00, 0x00, 0x00, 0x00, 0x00, 0x00,
    0x00, 0x00, 0x5f, 0xff, 0x80, 0x00, 0x00, 0x00,
    0x00, 0x00, 0x00, 0x00, 0x00, 0x00, 0x19, 0xff,
    0xfd, 0x00, 0x00, 0x00, 0x00, 0x00, 0x00, 0x00,
    0x00, 0x00, 0x28, 0xff, 0xff, 0xd1, 0x00, 0x00,
    0x00, 0x00, 0x00, 0x00, 0x00, 0x00, 0x5e, 0xff,
    0xff, 0xfb, 0x10, 0x00, 0x00, 0x00, 0x00, 0x00,
    0x00, 0x00, 0x00, 0x0b, 0xff, 0xfe, 0x60, 0x00,
    0x00, 0x00, 0x00, 0x00, 0x00, 0x00, 0x00, 0x00,
    0x00, 0xab, 0x50, 0x00, 0x00, 0x00, 0x00, 0x00,
    0x00, 0x00,

    /* U+305F "た" */
    0x00, 0x00, 0x00, 0x00, 0x00, 0x00, 0x00, 0x00,
    0x00, 0x00, 0x00, 0x00, 0x00, 0x00, 0x00, 0x00,
    0x00, 0xee, 0xd7, 0x00, 0x00, 0x00, 0x00, 0x00,
    0x00, 0x00, 0x00, 0x00, 0x00, 0x00, 0xef, 0xf6,
    0x00, 0x00, 0x00, 0x00, 0x00, 0x00, 0x00, 0x00,
    0x00, 0x00, 0x00, 0xff, 0xf2, 0x00, 0x00, 0x00,
    0x00, 0x00, 0x00, 0x00, 0x00, 0x00, 0x00, 0x02,
    0xff, 0xf0, 0x00, 0x14, 0x10, 0x00, 0x00, 0x00,
    0x00, 0x02, 0x00, 0x00, 0x06, 0xff, 0xe8, 0xbe,
    0xff, 0x30, 0x00, 0x00, 0x00, 0x00, 0x0f, 0xff,
    0xff, 0xff, 0xff, 0xff, 0xff, 0xff, 0x30, 0x00,
    0x00, 0x00, 0x00, 0x0f, 0xff, 0xff, 0xff, 0xff,
    0xff, 0xff, 0xda, 0x10, 0x00, 0x00, 0x00, 0x00,
    0x0c, 0xdd, 0xdd, 0xdf, 0xff, 0x85, 0x30, 0x00,
    0x00, 0x00, 0x00, 0x00, 0x00, 0x00, 0x00, 0x00,
    0x2f, 0xfe, 0x00, 0x00, 0x00, 0x00, 0x00, 0x00,
    0x00, 0x00, 0x00, 0x00, 0x00, 0x6f, 0xfa, 0x00,
    0x00, 0xac, 0xdd, 0xee, 0xed, 0xdc, 0xa0, 0x00,
    0x00, 0x00, 0xaf, 0xf6, 0x00, 0x00, 0xff, 0xff,
    0xff, 0xff, 0xff, 0xd0, 0x00, 0x00, 0x00, 0xef,
    0xf2, 0x00, 0x00, 0xff, 0xed, 0xdd, 0xde, 0xff,
    0xd0, 0x00, 0x00, 0x03, 0xff, 0xe0, 0x00, 0x00,
    0x10, 0x00, 0x00, 0x00, 0x00, 0x20, 0x00, 0x00,
    0x08, 0xff, 0xa0, 0x00, 0x00, 0x00, 0x00, 0x00,
    0x00, 0x00, 0x00, 0x00, 0x00, 0x0d, 0xff, 0x50,
    0x00, 0x00, 0x00, 0x00, 0x00, 0x00, 0x00, 0x00,
    0x00, 0x00, 0x3f, 0xff, 0x10, 0x00, 0x00, 0x00,
    0x00, 0x00, 0x00, 0x00, 0x00, 0x00, 0x00, 0x8f,
    0xfb, 0x00, 0x00, 0x56, 0x40, 0x00, 0x00, 0x00,
    0x00, 0x00, 0x00, 0x00, 0xef, 0xf6, 0x00, 0x00,
    0xef, 0xf0, 0x00, 0x00, 0x00, 0x00, 0x00, 0x00,
    0x04, 0xff, 0xf1, 0x00, 0x00, 0xff, 0xc0, 0x00,
    0x00, 0x00, 0x00, 0x00, 0x00, 0x0a, 0xff, 0xb0,
    0x00, 0x02, 0xff, 0xb0, 0x00, 0x00, 0x00, 0x00,
    0x00, 0x00, 0x1f, 0xff, 0x60, 0x00, 0x02, 0xff,
    0xf1, 0x00, 0x00, 0x00, 0x00, 0x00, 0x00, 0x8f,
    0xff, 0x00, 0x00, 0x00, 0xff, 0xfd, 0x62, 0x10,
    0x12, 0x35, 0x83, 0x00, 0xef, 0xfa, 0x00, 0x00,
    0x00, 0x7f, 0xff, 0xff, 0xff, 0xff, 0xff, 0xf5,
    0x07, 0xff, 0xf3, 0x00, 0x00, 0x00, 0x07, 0xff,
    0xff, 0xff, 0xff, 0xff, 0xf4, 0x03, 0x9e, 0xc0,
    0x00, 0x00, 0x00, 0x00, 0x05, 0x9b, 0xcc, 0xcb,
    0xa9, 0x71, 0x00, 0x00, 0x10, 0x00, 0x00, 0x00,
    0x00, 0x00, 0x00, 0x00, 0x00, 0x00, 0x00,

    /* U+3061 "ち" */
    0x00, 0x00, 0x00, 0x5c, 0xb8, 0x00, 0x00, 0x00,
    0x00, 0x00, 0x00, 0x00, 0x00, 0x00, 0x07, 0xff,
    0x90, 0x00, 0x00, 0x00, 0x00, 0x00, 0x00, 0x00,
    0x00, 0x00, 0x9f, 0xf6, 0x00, 0x00, 0x00, 0x00,
    0x00, 0x00, 0x00, 0x00, 0x00, 0x0b, 0xff, 0x30,
    0x00, 0x00, 0x24, 0x69, 0xc6, 0x00, 0xdc, 0xa9,
    0x87, 0xef, 0xf9, 0xab, 0xce, 0xff, 0xff, 0xff,
    0x70, 0x0e, 0xff, 0xff, 0xff, 0xff, 0xff, 0xff,
    0xff, 0xff, 0xff, 0xf7, 0x00, 0xef, 0xff, 0xff,
    0xff, 0xff, 0xff, 0xec, 0xb9, 0x75, 0x31, 0x00,
    0x00, 0x12, 0x23, 0x9f, 0xf7, 0x10, 0x00, 0x00,
    0x00, 0x00, 0x00, 0x00, 0x00, 0x00, 0x0b, 0xff,
    0x10, 0x00, 0x00, 0x00, 0x00, 0x00, 0x00, 0x00,
    0x00, 0x00, 0xff, 0xe0, 0x00, 0x00, 0x00, 0x00,
    0x00, 0x00, 0x00, 0x00, 0x00, 0x3f, 0xfa, 0x00,
    0x00, 0x00, 0x00, 0x00, 0x00, 0x00, 0x00, 0x00,
    0x08, 0xff, 0x50, 0x04, 0x8b, 0xcd, 0xdb, 0x84,
    0x00, 0x00, 0x00, 0x00, 0xdf, 0xf2, 0x8e, 0xff,
    0xff, 0xff, 0xff, 0xfc, 0x20, 0x00, 0x00, 0x2f,
    0xff, 0xff, 0xff, 0xfd, 0xbb, 0xce, 0xff, 0xff,
    0x30, 0x00, 0x08, 0xff, 0xff, 0xf9, 0x40, 0x00,
    0x00, 0x05, 0xef, 0xfd, 0x00, 0x00, 0xef, 0xff,
    0xb1, 0x00, 0x00, 0x00, 0x00, 0x03, 0xff, 0xf4,
    0x00, 0x5f, 0xff, 0x80, 0x00, 0x00, 0x00, 0x00,
    0x00, 0x0b, 0xff, 0x80, 0x09, 0xff, 0xa0, 0x00,
    0x00, 0x00, 0x00, 0x00, 0x00, 0x9f, 0xf9, 0x00,
    0x01, 0x71, 0x00, 0x00, 0x00, 0x00, 0x00, 0x00,
    0x0b, 0xff, 0x70, 0x00, 0x00, 0x00, 0x00, 0x00,
    0x00, 0x00, 0x00, 0x02, 0xff, 0xf4, 0x00, 0x00,
    0x00, 0x00, 0x00, 0x00, 0x00, 0x00, 0x02, 0xdf,
    0xfe, 0x00, 0x00, 0x00, 0x00, 0x00, 0x00, 0x00,
    0x00, 0x39, 0xff, 0xff, 0x40, 0x00, 0x00, 0x00,
    0xcb, 0xa9, 0x99, 0xac, 0xff, 0xff, 0xff, 0x60,
    0x00, 0x00, 0x00, 0x0a, 0xff, 0xff, 0xff, 0xff,
    0xff, 0xfd, 0x40, 0x00, 0x00, 0x00, 0x00, 0x6f,
    0xff, 0xff, 0xff, 0xfd, 0x94, 0x00, 0x00, 0x00,
    0x00, 0x00, 0x00, 0x34, 0x45, 0x44, 0x20, 0x00,
    0x00, 0x00, 0x00,

    /* U+3064 "つ" */
    0x00, 0x00, 0x00, 0x00, 0x00, 0x00, 0x36, 0x9b,
    0xcc, 0xb9, 0x50, 0x00, 0x00, 0x00, 0x00, 0x00,
    0x00, 0x03, 0x7c, 0xff, 0xff, 0xff, 0xff, 0xff,
    0xf8, 0x00, 0x00, 0x00, 0x00, 0x03, 0x8d, 0xff,
    0xff, 0xff, 0xff, 0xff, 0xff, 0xff, 0xfd, 0x10,
    0x00, 0x15, 0x9e, 0xff, 0xff, 0xff, 0xfb, 0x74,
    0x20, 0x02, 0x6c, 0xff, 0xfd, 0x00, 0x0d, 0xff,
    0xff, 0xff, 0xe9, 0x40, 0x00, 0x00, 0x00, 0x00,
    0x08, 0xff, 0xf8, 0x00, 0x7f, 0xff, 0xfa, 0x40,
    0x00, 0x00, 0x00, 0x00, 0x00, 0x00, 0x0a, 0xff,
    0xf0, 0x01, 0xfd, 0x71, 0x00, 0x00, 0x00, 0x00,
    0x00, 0x00, 0x00, 0x00, 0x2f, 0xff, 0x40, 0x02,
    0x00, 0x00, 0x00, 0x00, 0x00, 0x00, 0x00, 0x00,
    0x00, 0x00, 0xef, 0xf6, 0x00, 0x00, 0x00, 0x00,
    0x00, 0x00, 0x00, 0x00, 0x00, 0x00, 0x00, 0x0d,
    0xff, 0x70, 0x00, 0x00, 0x00, 0x00, 0x00, 0x00,
    0x00, 0x00, 0x00, 0x00, 0x00, 0xef, 0xf6, 0x00,
    0x00, 0x00, 0x00, 0x00, 0x00, 0x00, 0x00, 0x00,
    0x00, 0x00, 0x2f, 0xff, 0x40, 0x00, 0x00, 0x00,
    0x00, 0x00, 0x00, 0x00, 0x00, 0x00, 0x00, 0x0a,
    0xff, 0xf0, 0x00, 0x00, 0x00, 0x00, 0x00, 0x00,
    0x00, 0x00, 0x00, 0x00, 0x05, 0xff, 0xf9, 0x00,
    0x00, 0x00, 0x00, 0x00, 0x00, 0x00, 0x00, 0x00,
    0x00, 0x06, 0xff, 0xff, 0x10, 0x00, 0x00, 0x00,
    0x00, 0x00, 0x00, 0x00, 0x00, 0x00, 0x3b, 0xff,
    0xff, 0x40, 0x00, 0x00, 0x00, 0x00, 0x00, 0x00,
    0x00, 0x00, 0x26, 0xcf, 0xff, 0xff, 0x50, 0x00,
    0x00, 0x00, 0x00, 0x00, 0x14, 0x56, 0x8b, 0xef,
    0xff, 0xff, 0xfd, 0x30, 0x00, 0x00, 0x00, 0x00,
    0x00, 0x03, 0xff, 0xff, 0xff, 0xff, 0xff, 0xd6,
    0x00, 0x00, 0x00, 0x00, 0x00, 0x00, 0x00, 0x0c,
    0xff, 0xff, 0xff, 0xea, 0x40, 0x00, 0x00, 0x00,
    0x00, 0x00, 0x00, 0x00, 0x00, 0x5d, 0xca, 0x85,
    0x20, 0x00, 0x00, 0x00, 0x00, 0x00,

    /* U+3066 "て" */
    0x00, 0x00, 0x00, 0x00, 0x00, 0x00, 0x00, 0x00,
    0x00, 0x00, 0x00, 0x01, 0x00, 0x00, 0x00, 0x00,
    0x00, 0x01, 0x24, 0x56, 0x89, 0xac, 0xde, 0xff,
    0xf7, 0x24, 0x56, 0x89, 0xbc, 0xef, 0xff, 0xff,
    0xff, 0xff, 0xff, 0xff, 0xff, 0x78, 0xff, 0xff,
    0xff, 0xff, 0xff, 0xff, 0xff, 0xff, 0xff, 0xff,
    0xff, 0xe7, 0x7f, 0xff, 0xff, 0xff, 0xec, 0xa9,
    0x7a, 0xff, 0xfd, 0x73, 0x10, 0x00, 0x05, 0xeb,
    0x86, 0x42, 0x00, 0x00, 0x06, 0xff, 0xf6, 0x00,
    0x00, 0x00, 0x00, 0x00, 0x00, 0x00, 0x00, 0x00,
    0x05, 0xff, 0xe3, 0x00, 0x00, 0x00, 0x00, 0x00,
    0x00, 0x00, 0x00, 0x00, 0x01, 0xff, 0xf3, 0x00,
    0x00, 0x00, 0x00, 0x00, 0x00, 0x00, 0x00, 0x00,
    0x00, 0xaf, 0xf8, 0x00, 0x00, 0x00, 0x00, 0x00,
    0x00, 0x00, 0x00, 0x00, 0x00, 0x2f, 0xfe, 0x00,
    0x00, 0x00, 0x00, 0x00, 0x00, 0x00, 0x00, 0x00,
    0x00, 0x08, 0xff, 0x80, 0x00, 0x00, 0x00, 0x00,
    0x00, 0x00, 0x00, 0x00, 0x00, 0x00, 0xcf, 0xf4,
    0x00, 0x00, 0x00, 0x00, 0x00, 0x00, 0x00, 0x00,
    0x00, 0x00, 0x0f, 0xff, 0x10, 0x00, 0x00, 0x00,
    0x00, 0x00, 0x00, 0x00, 0x00, 0x00, 0x00, 0xff,
    0xf0, 0x00, 0x00, 0x00, 0x00, 0x00, 0x00, 0x00,
    0x00, 0x00, 0x00, 0x0f, 0xff, 0x10, 0x00, 0x00,
    0x00, 0x00, 0x00, 0x00, 0x00, 0x00, 0x00, 0x00,
    0xff, 0xf5, 0x00, 0x00, 0x00, 0x00, 0x00, 0x00,
    0x00, 0x00, 0x00, 0x00, 0x0b, 0xff, 0xb0, 0x00,
    0x00, 0x00, 0x00, 0x00, 0x00, 0x00, 0x00, 0x00,
    0x00, 0x6f, 0xff, 0x50, 0x00, 0x00, 0x00, 0x00,
    0x00, 0x00, 0x00, 0x00, 0x00, 0x00, 0xef, 0xff,
    0x60, 0x00, 0x00, 0x00, 0x00, 0x00, 0x00, 0x00,
    0x00, 0x00, 0x04, 0xff, 0xff, 0xb3, 0x00, 0x00,
    0x00, 0x00, 0x00, 0x00, 0x00, 0x00, 0x00, 0x05,
    0xff, 0xff, 0xfd, 0x96, 0x32, 0x00, 0x00, 0x00,
    0x00, 0x00, 0x00, 0x00, 0x03, 0xef, 0xff, 0xff,
    0xff, 0xe0, 0x00, 0x00, 0x00, 0x00, 0x00, 0x00,
    0x00, 0x00, 0x7e, 0xff, 0xff, 0xf8, 0x00, 0x00,
    0x00, 0x00, 0x00, 0x00, 0x00, 0x00, 0x00, 0x04,
    0x9c, 0xff, 0x30, 0x00, 0x00, 0x00, 0x00, 0x00,
    0x00, 0x00, 0x00, 0x00, 0x00, 0x00, 0x00, 0x00,
    0x00,

    /* U+306B "に" */
    0x00, 0xdb, 0xa2, 0x00, 0x00, 0x00, 0x00, 0x00,
    0x00, 0x00, 0x00, 0x00, 0x00, 0x2f, 0xff, 0x00,
    0x00, 0x00, 0x00, 0x00, 0x00, 0x00, 0x00, 0x00,
    0x00, 0x04, 0xff, 0xb0, 0x00, 0x00, 0x24, 0x21,
    0x10, 0x01, 0x12, 0x24, 0x50, 0x00, 0x6f, 0xf8,
    0x00, 0x00, 0x07, 0xff, 0xff, 0xff, 0xff, 0xff,
    0xff, 0x20, 0x09, 0xff, 0x50, 0x00, 0x00, 0x7f,
    0xff, 0xff, 0xff, 0xff, 0xff, 0xf2, 0x00, 0xbf,
    0xf2, 0x00, 0x00, 0x04, 0xbc, 0xde, 0xee, 0xee,
    0xdd, 0xcb, 0x10, 0x0e, 0xff, 0x00, 0x00, 0x00,
    0x00, 0x00, 0x00, 0x00, 0x00, 0x00, 0x00, 0x00,
    0xff, 0xd0, 0x00, 0x00, 0x00, 0x00, 0x00, 0x00,
    0x00, 0x00, 0x00, 0x00, 0x2f, 0xfb, 0x00, 0x00,
    0x00, 0x00, 0x00, 0x00, 0x00, 0x00, 0x00, 0x00,
    0x04, 0xff, 0x90, 0x00, 0x00, 0x00, 0x00, 0x00,
    0x00, 0x00, 0x00, 0x00, 0x00, 0x5f, 0xf7, 0x00,
    0x00, 0x00, 0x00, 0x00, 0x00, 0x00, 0x00, 0x00,
    0x00, 0x07, 0xff, 0x50, 0x00, 0x00, 0x00, 0x00,
    0x00, 0x00, 0x00, 0x00, 0x00, 0x00, 0x8f, 0xf4,
    0x00, 0x00, 0x00, 0x00, 0x00, 0x00, 0x00, 0x00,
    0x00, 0x00, 0x08, 0xff, 0x31, 0x40, 0x00, 0x00,
    0x00, 0x00, 0x00, 0x00, 0x00, 0x00, 0x00, 0x9f,
    0xf3, 0x8f, 0x40, 0x02, 0x31, 0x00, 0x00, 0x00,
    0x00, 0x00, 0x00, 0x09, 0xff, 0x4e, 0xf2, 0x00,
    0xaf, 0xf1, 0x00, 0x00, 0x00, 0x00, 0x00, 0x00,
    0x8f, 0xfb, 0xfc, 0x00, 0x0d, 0xff, 0x00, 0x00,
    0x00, 0x00, 0x00, 0x00, 0x07, 0xff, 0xff, 0x70,
    0x00, 0xef, 0xd0, 0x00, 0x00, 0x00, 0x00, 0x00,
    0x00, 0x6f, 0xff, 0xf2, 0x00, 0x0f, 0xff, 0x10,
    0x00, 0x00, 0x00, 0x00, 0x00, 0x04, 0xff, 0xfd,
    0x00, 0x00, 0xdf, 0xfd, 0x62, 0x00, 0x00, 0x13,
    0x57, 0xa0, 0x2f, 0xff, 0x90, 0x00, 0x06, 0xff,
    0xff, 0xff, 0xff, 0xff, 0xff, 0xff, 0x00, 0xff,
    0xf5, 0x00, 0x00, 0x08, 0xff, 0xff, 0xff, 0xff,
    0xff, 0xff, 0xf0, 0x0d, 0xff, 0x30, 0x00, 0x00,
    0x02, 0x8c, 0xef, 0xff, 0xff, 0xec, 0xa8, 0x00,
    0xaf, 0xf3, 0x00, 0x00, 0x00, 0x00, 0x00, 0x00,
    0x00, 0x00, 0x00, 0x00, 0x00, 0x00, 0x00, 0x00,
    0x00, 0x00, 0x00, 0x00, 0x00, 0x00, 0x00, 0x00,
    0x00,

    /* U+306E "の" */
    0x00, 0x00, 0x00, 0x00, 0x03, 0x7a, 0xcc, 0xcb,
    0x84, 0x00, 0x00, 0x00, 0x00, 0x00, 0x00, 0x00,
    0x06, 0xdf, 0xff, 0xff, 0xff, 0xff, 0xe7, 0x00,
    0x00, 0x00, 0x00, 0x00, 0x03, 0xdf, 0xff, 0xff,
    0xff, 0xff, 0xff, 0xff, 0xd3, 0x00, 0x00, 0x00,
    0x00, 0x6f, 0xff, 0xfb, 0x66, 0xff, 0xe1, 0x5b,
    0xff, 0xff, 0x40, 0x00, 0x00, 0x07, 0xff, 0xfc,
    0x30, 0x06, 0xff, 0xb0, 0x00, 0x3d, 0xff, 0xf2,
    0x00, 0x00, 0x4f, 0xff, 0x90, 0x00, 0x08, 0xff,
    0x90, 0x00, 0x01, 0xdf, 0xfc, 0x00, 0x01, 0xef,
    0xfa, 0x00, 0x00, 0x0b, 0xff, 0x60, 0x00, 0x00,
    0x2f, 0xff, 0x50, 0x08, 0xff, 0xd0, 0x00, 0x00,
    0x0e, 0xff, 0x30, 0x00, 0x00, 0x09, 0xff, 0xb0,
    0x0f, 0xff, 0x40, 0x00, 0x00, 0x2f, 0xff, 0x00,
    0x00, 0x00, 0x03, 0xff, 0xf0, 0x5f, 0xfd, 0x00,
    0x00, 0x00, 0x7f, 0xfb, 0x00, 0x00, 0x00, 0x00,
    0xff, 0xf3, 0x9f, 0xf8, 0x00, 0x00, 0x00, 0xbf,
    0xf7, 0x00, 0x00, 0x00, 0x00, 0xdf, 0xf5, 0xbf,
    0xf5, 0x00, 0x00, 0x01, 0xff, 0xf2, 0x00, 0x00,
    0x00, 0x00, 0xcf, 0xf6, 0xcf, 0xf4, 0x00, 0x00,
    0x06, 0xff, 0xd0, 0x00, 0x00, 0x00, 0x00, 0xdf,
    0xf5, 0xbf, 0xf5, 0x00, 0x00, 0x0c, 0xff, 0x80,
    0x00, 0x00, 0x00, 0x00, 0xff, 0xf3, 0xaf, 0xf7,
    0x00, 0x00, 0x3f, 0xff, 0x20, 0x00, 0x00, 0x00,
    0x04, 0xff, 0xf0, 0x7f, 0xfd, 0x00, 0x00, 0xbf,
    0xfb, 0x00, 0x00, 0x00, 0x00, 0x0c, 0xff, 0xc0,
    0x2f, 0xff, 0x70, 0x07, 0xff, 0xf3, 0x00, 0x00,
    0x00, 0x00, 0x6f, 0xff, 0x50, 0x0b, 0xff, 0xfb,
    0xcf, 0xff, 0xa0, 0x00, 0x00, 0x00, 0x05, 0xff,
    0xfd, 0x00, 0x02, 0xff, 0xff, 0xff, 0xfe, 0x10,
    0x00, 0x00, 0x01, 0x9f, 0xff, 0xf3, 0x00, 0x00,
    0x4f, 0xff, 0xff, 0xe2, 0x00, 0x00, 0x03, 0x8f,
    0xff, 0xff, 0x40, 0x00, 0x00, 0x02, 0xae, 0xe9,
    0x10, 0x00, 0x5d, 0xff, 0xff, 0xff, 0xd3, 0x00,
    0x00, 0x00, 0x00, 0x00, 0x00, 0x00, 0x00, 0x0e,
    0xff, 0xff, 0xe7, 0x00, 0x00, 0x00, 0x00, 0x00,
    0x00, 0x00, 0x00, 0x00, 0x05, 0xfe, 0xa5, 0x00,
    0x00, 0x00, 0x00, 0x00, 0x00, 0x00, 0x00, 0x00,
    0x00, 0x00, 0x10, 0x00, 0x00, 0x00, 0x00, 0x00,

    /* U+307F "み" */
    0x00, 0x00, 0x00, 0x00, 0x00, 0x01, 0x23, 0x46,
    0x60, 0x00, 0x00, 0x00, 0x00, 0x00, 0x00, 0x00,
    0x06, 0xff, 0xff, 0xff, 0xff, 0xff, 0xfa, 0x00,
    0x00, 0x00, 0x00, 0x00, 0x00, 0x00, 0x05, 0xff,
    0xff, 0xff, 0xff, 0xff, 0xfa, 0x00, 0x00, 0x00,
    0x00, 0x00, 0x00, 0x00, 0x04, 0xec, 0xba, 0xa9,
    0x8a, 0xff, 0xe1, 0x00, 0x00, 0x00, 0x00, 0x00,
    0x00, 0x00, 0x00, 0x00, 0x00, 0x00, 0x0a, 0xff,
    0x70, 0x00, 0x00, 0x00, 0x00, 0x00, 0x00, 0x00,
    0x00, 0x00, 0x00, 0x00, 0x2f, 0xfe, 0x00, 0x00,
    0x00, 0x00, 0x00, 0x00, 0x00, 0x00, 0x00, 0x00,
    0x00, 0x00, 0x9f, 0xf8, 0x00, 0x00, 0x00, 0x00,
    0x00, 0x00, 0x00, 0x00, 0x00, 0x00, 0x00, 0x01,
    0xff, 0xf1, 0x00, 0x00, 0x03, 0xa9, 0x60, 0x00,
    0x00, 0x00, 0x00, 0x00, 0x00, 0x07, 0xff, 0x90,
    0x00, 0x00, 0x03, 0xff, 0xc0, 0x00, 0x00, 0x00,
    0x00, 0x00, 0x36, 0x7e, 0xff, 0x72, 0x00, 0x00,
    0x03, 0xff, 0xb0, 0x00, 0x00, 0x00, 0x03, 0xaf,
    0xff, 0xff, 0xff, 0xff, 0xea, 0x50, 0x04, 0xff,
    0x90, 0x00, 0x00, 0x00, 0x9f, 0xff, 0xff, 0xff,
    0xff, 0xff, 0xff, 0xff, 0x98, 0xff, 0x70, 0x00,
    0x00, 0x1c, 0xff, 0xfb, 0x67, 0xff, 0xd4, 0x7a,
    0xff, 0xff, 0xff, 0xff, 0x50, 0x00, 0x00, 0xbf,
    0xfc, 0x20, 0x0b, 0xff, 0x60, 0x00, 0x04, 0xbf,
    0xff, 0xff, 0xa1, 0x00, 0x05, 0xff, 0xb0, 0x00,
    0x2f, 0xfe, 0x00, 0x00, 0x00, 0x02, 0xaf, 0xff,
    0xfe, 0x50, 0x0c, 0xff, 0x10, 0x00, 0xaf, 0xf7,
    0x00, 0x00, 0x00, 0x00, 0x6f, 0xff, 0xff, 0xf7,
    0x0f, 0xfb, 0x00, 0x02, 0xff, 0xf1, 0x00, 0x00,
    0x00, 0x00, 0xcf, 0xfb, 0xff, 0xf2, 0x1f, 0xfa,
    0x00, 0x0b, 0xff, 0x90, 0x00, 0x00, 0x00, 0x05,
    0xff, 0xe0, 0x3e, 0xc0, 0x0f, 0xfe, 0x20, 0x8f,
    0xff, 0x10, 0x00, 0x00, 0x00, 0x1e, 0xff, 0x80,
    0x01, 0x30, 0x0c, 0xff, 0xff, 0xff, 0xf7, 0x00,
    0x00, 0x00, 0x01, 0xcf, 0xfe, 0x00, 0x00, 0x00,
    0x04, 0xff, 0xff, 0xff, 0xb0, 0x00, 0x00, 0x00,
    0x1c, 0xff, 0xf3, 0x00, 0x00, 0x00, 0x00, 0x4c,
    0xff, 0xe8, 0x00, 0x00, 0x00, 0x05, 0xef, 0xff,
    0x50, 0x00, 0x00, 0x00, 0x00, 0x00, 0x01, 0x00,
    0x00, 0x00, 0x04, 0xcf, 0xff, 0xf5, 0x00, 0x00,
    0x00, 0x00, 0x00, 0x00, 0x00, 0x00, 0x00, 0x00,
    0x03, 0xef, 0xfd, 0x20, 0x00, 0x00, 0x00, 0x00,
    0x00, 0x00, 0x00, 0x00, 0x00, 0x00, 0x00, 0x2c,
    0x70, 0x00, 0x00, 0x00, 0x00, 0x00,

    /* U+3081 "め" */
    0x00, 0x00, 0x00, 0x00, 0x00, 0x00, 0x00, 0x07,
    0x64, 0x10, 0x00, 0x00, 0x00, 0x00, 0x00, 0x00,
    0x00, 0x00, 0x00, 0x00, 0x0f, 0xff, 0x20, 0x00,
    0x00, 0x00, 0x00, 0x03, 0x8d, 0x10, 0x00, 0x00,
    0x00, 0x1f, 0xfe, 0x00, 0x00, 0x00, 0x00, 0x00,
    0x0d, 0xff, 0x40, 0x00, 0x00, 0x00, 0x4f, 0xfb,
    0x00, 0x00, 0x00, 0x00, 0x00, 0x07, 0xff, 0x80,
    0x00, 0x00, 0x01, 0x8f, 0xf7, 0x00, 0x00, 0x00,
    0x00, 0x00, 0x02, 0xff, 0xd0, 0x03, 0x8c, 0xff,
    0xff, 0xfe, 0xa4, 0x00, 0x00, 0x00, 0x00, 0x00,
    0xcf, 0xf6, 0xcf, 0xff, 0xff, 0xff, 0xff, 0xff,
    0xb2, 0x00, 0x00, 0x00, 0x00, 0x7f, 0xff, 0xff,
    0xfe, 0xbb, 0xff, 0xee, 0xff, 0xff, 0x40, 0x00,
    0x00, 0x00, 0x6f, 0xff, 0xfa, 0x30, 0x09, 0xff,
    0x50, 0x5e, 0xff, 0xf3, 0x00, 0x00, 0x05, 0xff,
    0xff, 0x50, 0x00, 0x0e, 0xff, 0x00, 0x01, 0xcf,
    0xfd, 0x00, 0x00, 0x2f, 0xff, 0xff, 0x80, 0x00,
    0x5f, 0xfa, 0x00, 0x00, 0x1e, 0xff, 0x60, 0x00,
    0xdf, 0xf8, 0xff, 0xe0, 0x00, 0xbf, 0xf4, 0x00,
    0x00, 0x07, 0xff, 0xc0, 0x06, 0xff, 0xb0, 0x9f,
    0xf6, 0x02, 0xff, 0xd0, 0x00, 0x00, 0x01, 0xff,
    0xf0, 0x0d, 0xff, 0x10, 0x2f, 0xfd, 0x0a, 0xff,
    0x70, 0x00, 0x00, 0x00, 0xdf, 0xf3, 0x3f, 0xfa,
    0x00, 0x0b, 0xff, 0x9f, 0xff, 0x00, 0x00, 0x00,
    0x00, 0xcf, 0xf4, 0x7f, 0xf5, 0x00, 0x03, 0xff,
    0xff, 0xf7, 0x00, 0x00, 0x00, 0x00, 0xdf, 0xf3,
    0x9f, 0xf2, 0x00, 0x00, 0x9f, 0xff, 0xe0, 0x00,
    0x00, 0x00, 0x00, 0xff, 0xf2, 0xaf, 0xf1, 0x00,
    0x00, 0x5f, 0xff, 0xa0, 0x00, 0x00, 0x00, 0x05,
    0xff, 0xe0, 0xaf, 0xf3, 0x00, 0x02, 0xef, 0xff,
    0xf6, 0x00, 0x00, 0x00, 0x0d, 0xff, 0x90, 0x7f,
    0xfb, 0x00, 0x5e, 0xff, 0xef, 0xfc, 0x00, 0x00,
    0x00, 0xaf, 0xff, 0x20, 0x2f, 0xff, 0xfe, 0xff,
    0xfc, 0x1b, 0x90, 0x00, 0x00, 0x1b, 0xff, 0xf8,
    0x00, 0x08, 0xff, 0xff, 0xff, 0xb0, 0x00, 0x00,
    0x00, 0x18, 0xef, 0xff, 0xb0, 0x00, 0x00, 0x7f,
    0xff, 0xd6, 0x00, 0x00, 0x07, 0x9d, 0xff, 0xff,
    0xfa, 0x00, 0x00, 0x00, 0x00, 0x21, 0x00, 0x00,
    0x00, 0x09, 0xff, 0xff, 0xfd, 0x40, 0x00, 0x00,
    0x00, 0x00, 0x00, 0x00, 0x00, 0x00, 0x00, 0xef,
    0xea, 0x40, 0x00, 0x00, 0x00, 0x00, 0x00, 0x00,
    0x00, 0x00, 0x00, 0x00, 0x22, 0x00, 0x00, 0x00,
    0x00, 0x00,

    /* U+3084 "や" */
    0x00, 0x00, 0x00, 0x00, 0x00, 0x00, 0x24, 0x00,
    0x00, 0x00, 0x00, 0x00, 0x00, 0x00, 0x00, 0x00,
    0x00, 0x00, 0x00, 0x5f, 0xf8, 0x00, 0x00, 0x00,
    0x00, 0x00, 0x00, 0x00, 0x00, 0x00, 0x00, 0x00,
    0x05, 0xff, 0xfa, 0x00, 0x00, 0x00, 0x00, 0x00,
    0x00, 0x00, 0x02, 0x99, 0x00, 0x00, 0x03, 0xef,
    0xfb, 0x00, 0x00, 0x00, 0x00, 0x00, 0x00, 0x05,
    0xff, 0xf2, 0x00, 0x00, 0x02, 0xef, 0xf3, 0x00,
    0x00, 0x00, 0x00, 0x00, 0x00, 0x0c, 0xff, 0xa0,
    0x00, 0x00, 0x02, 0xc6, 0x7a, 0xba, 0x84, 0x00,
    0x00, 0x00, 0x00, 0x2f, 0xff, 0x30, 0x00, 0x05,
    0xbf, 0xff, 0xff, 0xff, 0xfe, 0x40, 0x00, 0x00,
    0x00, 0x9f, 0xfb, 0x02, 0x9e, 0xff, 0xff, 0xff,
    0xff, 0xff, 0xff, 0x50, 0x00, 0x00, 0x01, 0xff,
    0xfb, 0xff, 0xff, 0xfc, 0x73, 0x10, 0x04, 0xcf,
    0xff, 0x10, 0x00, 0x00, 0x0b, 0xff, 0xff, 0xfe,
    0x71, 0x00, 0x00, 0x00, 0x00, 0xdf, 0xf7, 0x00,
    0x01, 0x8e, 0xff, 0xff, 0xc5, 0x00, 0x00, 0x00,
    0x00, 0x00, 0x06, 0xff, 0xb1, 0x5b, 0xff, 0xff,
    0xff, 0xf9, 0x00, 0x00, 0x00, 0x00, 0x00, 0x00,
    0x5f, 0xfc, 0x1f, 0xff, 0xff, 0xb6, 0xff, 0xf1,
    0x00, 0x00, 0x00, 0x00, 0x00, 0x09, 0xff, 0xa0,
    0xaf, 0xfb, 0x30, 0x0c, 0xff, 0x70, 0x00, 0x00,
    0x00, 0x00, 0x03, 0xff, 0xf6, 0x02, 0xb3, 0x00,
    0x00, 0x5f, 0xfe, 0x00, 0x0d, 0xa6, 0x32, 0x38,
    0xff, 0xfe, 0x00, 0x00, 0x00, 0x00, 0x00, 0xef,
    0xf4, 0x00, 0xef, 0xff, 0xff, 0xff, 0xff, 0x40,
    0x00, 0x00, 0x00, 0x00, 0x08, 0xff, 0xa0, 0x0e,
    0xff, 0xff, 0xff, 0xfd, 0x30, 0x00, 0x00, 0x00,
    0x00, 0x00, 0x2f, 0xff, 0x10, 0x04, 0x79, 0xaa,
    0x84, 0x00, 0x00, 0x00, 0x00, 0x00, 0x00, 0x00,
    0xcf, 0xf6, 0x00, 0x00, 0x00, 0x00, 0x00, 0x00,
    0x00, 0x00, 0x00, 0x00, 0x00, 0x07, 0xff, 0xc0,
    0x00, 0x00, 0x00, 0x00, 0x00, 0x00, 0x00, 0x00,
    0x00, 0x00, 0x00, 0x1f, 0xff, 0x20, 0x00, 0x00,
    0x00, 0x00, 0x00, 0x00, 0x00, 0x00, 0x00, 0x00,
    0x00, 0xcf, 0xf7, 0x00, 0x00, 0x00, 0x00, 0x00,
    0x00, 0x00, 0x00, 0x00, 0x00, 0x00, 0x07, 0xff,
    0xd0, 0x00, 0x00, 0x00, 0x00, 0x00, 0x00, 0x00,
    0x00, 0x00, 0x00, 0x00, 0x3f, 0xff, 0x20, 0x00,
    0x00, 0x00, 0x00, 0x00, 0x00, 0x00, 0x00, 0x00,
    0x00, 0x00, 0xef, 0xf7, 0x00, 0x00, 0x00, 0x00,
    0x00, 0x00, 0x00, 0x00, 0x00, 0x00, 0x00, 0x0a,
    0xff, 0xc0, 0x00, 0x00, 0x00, 0x00, 0x00, 0x00,
    0x00, 0x00, 0x00, 0x00, 0x00, 0x49, 0x40, 0x00,
    0x00, 0x00, 0x00, 0x00, 0x00,

    /* U+308A "り" */
    0x02, 0x21, 0x00, 0x00, 0x00, 0x00, 0x00, 0x00,
    0x00, 0x00, 0xdf, 0xf4, 0x00, 0x00, 0x00, 0x00,
    0x00, 0x00, 0x00, 0x0f, 0xff, 0x10, 0x00, 0x16,
    0x88, 0x50, 0x00, 0x00, 0x00, 0xff, 0xe0, 0x00,
    0x8f, 0xff, 0xff, 0xf6, 0x00, 0x00, 0x2f, 0xfb,
    0x01, 0xdf, 0xff, 0xff, 0xff, 0xf7, 0x00, 0x04,
    0xff, 0x81, 0xdf, 0xfa, 0x42, 0x4c, 0xff, 0xf3,
    0x00, 0x6f, 0xf5, 0xbf, 0xf5, 0x00, 0x00, 0x0b,
    0xff, 0xc0, 0x08, 0xff, 0x9f, 0xf4, 0x00, 0x00,
    0x00, 0x2f, 0xff, 0x30, 0xaf, 0xff, 0xf7, 0x00,
    0x00, 0x00, 0x00, 0xbf, 0xf8, 0x0b, 0xff, 0xfd,
    0x00, 0x00, 0x00, 0x00, 0x07, 0xff, 0xc0, 0xdf,
    0xff, 0x50, 0x00, 0x00, 0x00, 0x00, 0x4f, 0xff,
    0x0e, 0xff, 0xe0, 0x00, 0x00, 0x00, 0x00, 0x02,
    0xff, 0xf0, 0xef, 0xf9, 0x00, 0x00, 0x00, 0x00,
    0x00, 0x1f, 0xff, 0x1e, 0xff, 0x50, 0x00, 0x00,
    0x00, 0x00, 0x01, 0xff, 0xf1, 0xef, 0xf3, 0x00,
    0x00, 0x00, 0x00, 0x00, 0x3f, 0xff, 0x0d, 0xff,
    0x20, 0x00, 0x00, 0x00, 0x00, 0x05, 0xff, 0xe0,
    0xcf, 0xf3, 0x00, 0x00, 0x00, 0x00, 0x00, 0x9f,
    0xfb, 0x0a, 0xff, 0x40, 0x00, 0x00, 0x00, 0x00,
    0x0e, 0xff, 0x70, 0x11, 0x00, 0x00, 0x00, 0x00,
    0x00, 0x06, 0xff, 0xf1, 0x00, 0x00, 0x00, 0x00,
    0x00, 0x00, 0x02, 0xff, 0xf9, 0x00, 0x00, 0x00,
    0x00, 0x00, 0x00, 0x03, 0xef, 0xfe, 0x10, 0x00,
    0x00, 0x00, 0x00, 0x00, 0x07, 0xff, 0xff, 0x40,
    0x00, 0x00, 0x00, 0x00, 0x02, 0x8e, 0xff, 0xff,
    0x50, 0x00, 0x00, 0x00, 0x26, 0xae, 0xff, 0xff,
    0xfd, 0x30, 0x00, 0x00, 0x00, 0x02, 0xff, 0xff,
    0xff, 0xe6, 0x00, 0x00, 0x00, 0x00, 0x00, 0x07,
    0xff, 0xfa, 0x50, 0x00, 0x00, 0x00, 0x00, 0x00,
    0x00, 0x06, 0x30, 0x00, 0x00, 0x00, 0x00, 0x00,
    0x00,

    /* U+308B "る" */
    0x00, 0x00, 0x00, 0x00, 0x00, 0x00, 0x00, 0x00,
    0x00, 0x00, 0x00, 0x00, 0x00, 0x00, 0x19, 0x88,
    0x88, 0x99, 0xaa, 0xbc, 0xde, 0xfa, 0x00, 0x00,
    0x00, 0x00, 0x1f, 0xff, 0xff, 0xff, 0xff, 0xff,
    0xff, 0xff, 0x70, 0x00, 0x00, 0x00, 0x1f, 0xff,
    0xff, 0xff, 0xff, 0xef, 0xff, 0xfe, 0x40, 0x00,
    0x00, 0x00, 0x06, 0x43, 0x21, 0x10, 0x00, 0x4f,
    0xff, 0xb1, 0x00, 0x00, 0x00, 0x00, 0x00, 0x00,
    0x00, 0x00, 0x06, 0xff, 0xf8, 0x00, 0x00, 0x00,
    0x00, 0x00, 0x00, 0x00, 0x00, 0x00, 0x8f, 0xff,
    0x50, 0x00, 0x00, 0x00, 0x00, 0x00, 0x00, 0x00,
    0x00, 0x0a, 0xff, 0xe3, 0x00, 0x00, 0x00, 0x00,
    0x00, 0x00, 0x00, 0x00, 0x01, 0xcf, 0xfd, 0x20,
    0x00, 0x00, 0x00, 0x00, 0x00, 0x00, 0x00, 0x00,
    0x3e, 0xff, 0xc1, 0x00, 0x00, 0x00, 0x00, 0x00,
    0x00, 0x00, 0x00, 0x05, 0xff, 0xff, 0xbe, 0xff,
    0xeb, 0x71, 0x00, 0x00, 0x00, 0x00, 0x00, 0x7f,
    0xff, 0xff, 0xff, 0xff, 0xff, 0xff, 0x80, 0x00,
    0x00, 0x00, 0x09, 0xff, 0xff, 0xfb, 0x86, 0x67,
    0xae, 0xff, 0xfc, 0x10, 0x00, 0x01, 0xbf, 0xff,
    0xd5, 0x00, 0x00, 0x00, 0x00, 0x7f, 0xff, 0xb0,
    0x00, 0x2d, 0xff, 0xf7, 0x00, 0x00, 0x00, 0x00,
    0x00, 0x04, 0xff, 0xf5, 0x04, 0xef, 0xfe, 0x30,
    0x00, 0x00, 0x00, 0x00, 0x00, 0x00, 0x9f, 0xfb,
    0x0a, 0xff, 0xe2, 0x00, 0x00, 0x34, 0x30, 0x00,
    0x00, 0x00, 0x3f, 0xfe, 0x00, 0xbe, 0x20, 0x00,
    0x7f, 0xff, 0xff, 0x91, 0x00, 0x00, 0x2f, 0xfe,
    0x00, 0x02, 0x00, 0x09, 0xff, 0xff, 0xff, 0xfe,
    0x10, 0x00, 0x4f, 0xfd, 0x00, 0x00, 0x00, 0x3f,
    0xfc, 0x20, 0x2a, 0xff, 0xc0, 0x00, 0xaf, 0xfa,
    0x00, 0x00, 0x00, 0x7f, 0xf4, 0x00, 0x00, 0xcf,
    0xf4, 0x04, 0xff, 0xf4, 0x00, 0x00, 0x00, 0x7f,
    0xf7, 0x00, 0x00, 0x4f, 0xf9, 0x6f, 0xff, 0xb0,
    0x00, 0x00, 0x00, 0x3f, 0xff, 0x94, 0x22, 0x4f,
    0xff, 0xff, 0xfd, 0x10, 0x00, 0x00, 0x00, 0x08,
    0xff, 0xff, 0xff, 0xff, 0xff, 0xff, 0xb1, 0x00,
    0x00, 0x00, 0x00, 0x00, 0x5d, 0xff, 0xff, 0xff,
    0xff, 0xb4, 0x00, 0x00, 0x00, 0x00, 0x00, 0x00,
    0x00, 0x36, 0x88, 0x87, 0x41, 0x00, 0x00, 0x00,

    /* U+30A1 "ァ" */
    0xbc, 0xbb, 0xbb, 0xbb, 0xbb, 0xbb, 0xbb, 0xbb,
    0xbb, 0xcc, 0x10, 0xdf, 0xff, 0xff, 0xff, 0xff,
    0xff, 0xff, 0xff, 0xff, 0xff, 0xe1, 0xdf, 0xff,
    0xff, 0xff, 0xff, 0xff, 0xff, 0xff, 0xff, 0xff,
    0xa0, 0x11, 0x00, 0x00, 0x00, 0x00, 0x00, 0x00,
    0x00, 0x7f, 0xfe, 0x10, 0x00, 0x00, 0x00, 0x00,
    0x33, 0x30, 0x00, 0x03, 0xff, 0xf4, 0x00, 0x00,
    0x00, 0x00, 0x01, 0xff, 0xf1, 0x00, 0x1e, 0xff,
    0x90, 0x00, 0x00, 0x00, 0x00, 0x00, 0xff, 0xf0,
    0x01, 0xdf, 0xfc, 0x00, 0x00, 0x00, 0x00, 0x00,
    0x00, 0xff, 0xf0, 0x3e, 0xff, 0xd1, 0x00, 0x00,
    0x00, 0x00, 0x00, 0x00, 0xff, 0xe0, 0x5f, 0xfd,
    0x10, 0x00, 0x00, 0x00, 0x00, 0x00, 0x02, 0xff,
    0xd0, 0x01, 0x81, 0x00, 0x00, 0x00, 0x00, 0x00,
    0x00, 0x05, 0xff, 0xa0, 0x00, 0x00, 0x00, 0x00,
    0x00, 0x00, 0x00, 0x00, 0x09, 0xff, 0x70, 0x00,
    0x00, 0x00, 0x00, 0x00, 0x00, 0x00, 0x00, 0x1f,
    0xff, 0x20, 0x00, 0x00, 0x00, 0x00, 0x00, 0x00,
    0x00, 0x00, 0x9f, 0xfc, 0x00, 0x00, 0x00, 0x00,
    0x00, 0x00, 0x00, 0x00, 0x05, 0xff, 0xf4, 0x00,
    0x00, 0x00, 0x00, 0x00, 0x00, 0x00, 0x00, 0x7f,
    0xff, 0xa0, 0x00, 0x00, 0x00, 0x00, 0x00, 0x00,
    0x00, 0x2b, 0xff, 0xfc, 0x00, 0x00, 0x00, 0x00,
    0x00, 0x00, 0x00, 0x03, 0xff, 0xff, 0xb0, 0x00,
    0x00, 0x00, 0x00, 0x00, 0x00, 0x00, 0x00, 0x3e,
    0xf7, 0x00, 0x00, 0x00, 0x00, 0x00, 0x00, 0x00,
    0x00, 0x00, 0x01, 0x20, 0x00, 0x00, 0x00, 0x00,
    0x00, 0x00, 0x00, 0x00,

    /* U+30A2 "ア" */
    0x00, 0x00, 0x00, 0x00, 0x00, 0x00, 0x00, 0x00,
    0x00, 0x00, 0x00, 0x00, 0x00, 0x7f, 0xfe, 0xee,
    0xee, 0xee, 0xee, 0xee, 0xee, 0xee, 0xee, 0xee,
    0xfd, 0x20, 0x7f, 0xff, 0xff, 0xff, 0xff, 0xff,
    0xff, 0xff, 0xff, 0xff, 0xff, 0xff, 0xe1, 0x7f,
    0xff, 0xff, 0xff, 0xff, 0xff, 0xff, 0xff, 0xff,
    0xff, 0xff, 0xff, 0x90, 0x11, 0x00, 0x00, 0x00,
    0x00, 0x00, 0x00, 0x00, 0x00, 0x00, 0xbf, 0xfe,
    0x00, 0x00, 0x00, 0x00, 0x00, 0x00, 0x00, 0x00,
    0x00, 0x00, 0x07, 0xff, 0xf4, 0x00, 0x00, 0x00,
    0x00, 0x00, 0x01, 0x55, 0x50, 0x00, 0x00, 0x4f,
    0xff, 0x80, 0x00, 0x00, 0x00, 0x00, 0x00, 0x02,
    0xff, 0xf2, 0x00, 0x03, 0xff, 0xfc, 0x00, 0x00,
    0x00, 0x00, 0x00, 0x00, 0x01, 0xff, 0xf1, 0x00,
    0x4f, 0xff, 0xd1, 0x00, 0x00, 0x00, 0x00, 0x00,
    0x00, 0x01, 0xff, 0xf1, 0x07, 0xff, 0xfe, 0x20,
    0x00, 0x00, 0x00, 0x00, 0x00, 0x00, 0x02, 0xff,
    0xf0, 0x3e, 0xff, 0xe2, 0x00, 0x00, 0x00, 0x00,
    0x00, 0x00, 0x00, 0x03, 0xff, 0xf0, 0x02, 0xdc,
    0x10, 0x00, 0x00, 0x00, 0x00, 0x00, 0x00, 0x00,
    0x04, 0xff, 0xe0, 0x00, 0x00, 0x00, 0x00, 0x00,
    0x00, 0x00, 0x00, 0x00, 0x00, 0x07, 0xff, 0xc0,
    0x00, 0x00, 0x00, 0x00, 0x00, 0x00, 0x00, 0x00,
    0x00, 0x00, 0x0a, 0xff, 0x90, 0x00, 0x00, 0x00,
    0x00, 0x00, 0x00, 0x00, 0x00, 0x00, 0x00, 0x0e,
    0xff, 0x50, 0x00, 0x00, 0x00, 0x00, 0x00, 0x00,
    0x00, 0x00, 0x00, 0x00, 0x5f, 0xff, 0x10, 0x00,
    0x00, 0x00, 0x00, 0x00, 0x00, 0x00, 0x00, 0x00,
    0x00, 0xdf, 0xfa, 0x00, 0x00, 0x00, 0x00, 0x00,
    0x00, 0x00, 0x00, 0x00, 0x00, 0x0a, 0xff, 0xf2,
    0x00, 0x00, 0x00, 0x00, 0x00, 0x00, 0x00, 0x00,
    0x00, 0x00, 0xaf, 0xff, 0x90, 0x00, 0x00, 0x00,
    0x00, 0x00, 0x00, 0x00, 0x00, 0x00, 0x2c, 0xff,
    0xfc, 0x00, 0x00, 0x00, 0x00, 0x00, 0x00, 0x00,
    0x00, 0x00, 0x29, 0xff, 0xff, 0xc1, 0x00, 0x00,
    0x00, 0x00, 0x00, 0x00, 0x00, 0x00, 0x00, 0x6f,
    0xff, 0xfa, 0x00, 0x00, 0x00, 0x00, 0x00, 0x00,
    0x00, 0x00, 0x00, 0x00, 0x04, 0xee, 0x50, 0x00,
    0x00, 0x00, 0x00, 0x00, 0x00, 0x00, 0x00, 0x00,
    0x00, 0x00, 0x10, 0x00, 0x00, 0x00, 0x00, 0x00,
    0x00, 0x00, 0x00, 0x00, 0x00,

    /* U+30A3 "ィ" */
    0x00, 0x00, 0x00, 0x00, 0x00, 0x00, 0x00, 0x00,
    0x00, 0x00, 0x00, 0x00, 0x00, 0x00, 0x00, 0x00,
    0x00, 0x00, 0x00, 0x2e, 0x40, 0x00, 0x00, 0x00,
    0x00, 0x00, 0x00, 0x00, 0x00, 0x2e, 0xff, 0x40,
    0x00, 0x00, 0x00, 0x00, 0x00, 0x00, 0x00, 0x2e,
    0xff, 0xf7, 0x00, 0x00, 0x00, 0x00, 0x00, 0x00,
    0x00, 0x4f, 0xff, 0xf6, 0x00, 0x00, 0x00, 0x00,
    0x00, 0x00, 0x00, 0x8f, 0xff, 0xf4, 0x00, 0x00,
    0x00, 0x00, 0x00, 0x00, 0x02, 0xcf, 0xff, 0xd2,
    0x00, 0x00, 0x00, 0x00, 0x00, 0x00, 0x18, 0xff,
    0xff, 0xa0, 0x00, 0x00, 0x00, 0x00, 0x00, 0x01,
    0x8f, 0xff, 0xff, 0x60, 0x00, 0x00, 0x00, 0x00,
    0x00, 0x29, 0xff, 0xff, 0xff, 0xf2, 0x00, 0x00,
    0x00, 0x00, 0x16, 0xcf, 0xff, 0xff, 0xcf, 0xff,
    0x20, 0x00, 0x00, 0x04, 0xdf, 0xff, 0xff, 0xfa,
    0x31, 0xff, 0xf2, 0x00, 0x00, 0x00, 0x1f, 0xff,
    0xfe, 0x82, 0x00, 0x1f, 0xff, 0x20, 0x00, 0x00,
    0x00, 0x8f, 0xb5, 0x00, 0x00, 0x01, 0xff, 0xf2,
    0x00, 0x00, 0x00, 0x00, 0x10, 0x00, 0x00, 0x00,
    0x1f, 0xff, 0x20, 0x00, 0x00, 0x00, 0x00, 0x00,
    0x00, 0x00, 0x01, 0xff, 0xf2, 0x00, 0x00, 0x00,
    0x00, 0x00, 0x00, 0x00, 0x00, 0x1f, 0xff, 0x20,
    0x00, 0x00, 0x00, 0x00, 0x00, 0x00, 0x00, 0x01,
    0xff, 0xf2, 0x00, 0x00, 0x00, 0x00, 0x00, 0x00,
    0x00, 0x00, 0x1f, 0xff, 0x20, 0x00, 0x00, 0x00,
    0x00, 0x00, 0x00, 0x00, 0x01, 0xff, 0xf2, 0x00,
    0x00, 0x00, 0x00, 0x00, 0x00, 0x00, 0x00, 0x1f,
    0xff, 0x20, 0x00, 0x00, 0x00, 0x00, 0x00, 0x00,
    0x00, 0x02, 0xff, 0xf3, 0x00, 0x00, 0x00,

    /* U+30A4 "イ" */
    0x00, 0x00, 0x00, 0x00, 0x00, 0x00, 0x00, 0x00,
    0x00, 0x00, 0x08, 0x20, 0x00, 0x00, 0x00, 0x00,
    0x00, 0x00, 0x00, 0x00, 0x00, 0x00, 0x08, 0xfe,
    0x30, 0x00, 0x00, 0x00, 0x00, 0x00, 0x00, 0x00,
    0x00, 0x00, 0x08, 0xff, 0xfe, 0x00, 0x00, 0x00,
    0x00, 0x00, 0x00, 0x00, 0x00, 0x00, 0x09, 0xff,
    0xff, 0x40, 0x00, 0x00, 0x00, 0x00, 0x00, 0x00,
    0x00, 0x00, 0x1b, 0xff, 0xff, 0x30, 0x00, 0x00,
    0x00, 0x00, 0x00, 0x00, 0x00, 0x00, 0x2d, 0xff,
    0xfd, 0x20, 0x00, 0x00, 0x00, 0x00, 0x00, 0x00,
    0x00, 0x00, 0x7f, 0xff, 0xfb, 0x10, 0x00, 0x00,
    0x00, 0x00, 0x00, 0x00, 0x00, 0x03, 0xcf, 0xff,
    0xf7, 0x00, 0x00, 0x00, 0x00, 0x00, 0x00, 0x00,
    0x00, 0x1a, 0xff, 0xff, 0xd3, 0x00, 0x00, 0x00,
    0x00, 0x00, 0x00, 0x00, 0x02, 0x9f, 0xff, 0xff,
    0xf2, 0x00, 0x00, 0x00, 0x00, 0x00, 0x00, 0x00,
    0x4a, 0xff, 0xff, 0xff, 0xff, 0x20, 0x00, 0x00,
    0x00, 0x00, 0x00, 0x27, 0xdf, 0xff, 0xff, 0xc7,
    0xff, 0xf2, 0x00, 0x00, 0x00, 0x00, 0x38, 0xdf,
    0xff, 0xff, 0xfc, 0x40, 0x3f, 0xff, 0x20, 0x00,
    0x00, 0x00, 0x06, 0xff, 0xff, 0xff, 0xa3, 0x00,
    0x03, 0xff, 0xf2, 0x00, 0x00, 0x00, 0x00, 0x0d,
    0xff, 0xd7, 0x10, 0x00, 0x00, 0x3f, 0xff, 0x20,
    0x00, 0x00, 0x00, 0x00, 0x58, 0x30, 0x00, 0x00,
    0x00, 0x03, 0xff, 0xf2, 0x00, 0x00, 0x00, 0x00,
    0x00, 0x00, 0x00, 0x00, 0x00, 0x00, 0x3f, 0xff,
    0x20, 0x00, 0x00, 0x00, 0x00, 0x00, 0x00, 0x00,
    0x00, 0x00, 0x03, 0xff, 0xf2, 0x00, 0x00, 0x00,
    0x00, 0x00, 0x00, 0x00, 0x00, 0x00, 0x00, 0x3f,
    0xff, 0x20, 0x00, 0x00, 0x00, 0x00, 0x00, 0x00,
    0x00, 0x00, 0x00, 0x03, 0xff, 0xf2, 0x00, 0x00,
    0x00, 0x00, 0x00, 0x00, 0x00, 0x00, 0x00, 0x00,
    0x3f, 0xff, 0x20, 0x00, 0x00, 0x00, 0x00, 0x00,
    0x00, 0x00, 0x00, 0x00, 0x03, 0xff, 0xf2, 0x00,
    0x00, 0x00, 0x00, 0x00, 0x00, 0x00, 0x00, 0x00,
    0x00, 0x3f, 0xff, 0x20, 0x00, 0x00, 0x00, 0x00,
    0x00, 0x00, 0x00, 0x00, 0x00, 0x03, 0xff, 0xf3,
    0x00, 0x00, 0x00, 0x00, 0x00, 0x00, 0x00, 0x00,
    0x00, 0x00, 0x4f, 0xff, 0x40, 0x00, 0x00, 0x00,
    0x00, 0x00, 0x00, 0x00, 0x00, 0x00, 0x00, 0x11,
    0x10, 0x00, 0x00, 0x00, 0x00,

    /* U+30A6 "ウ" */
    0x00, 0x00, 0x00, 0x00, 0x00, 0x11, 0x10, 0x00,
    0x00, 0x00, 0x00, 0x00, 0x00, 0x00, 0x00, 0x00,
    0x00, 0xff, 0xf7, 0x00, 0x00, 0x00, 0x00, 0x00,
    0x00, 0x00, 0x00, 0x00, 0x00, 0xef, 0xf6, 0x00,
    0x00, 0x00, 0x00, 0x00, 0x00, 0x00, 0x00, 0x00,
    0x00, 0xef, 0xf5, 0x00, 0x00, 0x00, 0x00, 0x00,
    0x00, 0x00, 0x00, 0x00, 0x00, 0xef, 0xf5, 0x00,
    0x00, 0x00, 0x00, 0x00, 0x01, 0x00, 0x00, 0x00,
    0x00, 0xef, 0xf5, 0x00, 0x00, 0x00, 0x13, 0x00,
    0x3f, 0xff, 0xff, 0xff, 0xff, 0xff, 0xff, 0xff,
    0xff, 0xff, 0xff, 0xc3, 0x2f, 0xff, 0xff, 0xff,
    0xff, 0xff, 0xff, 0xff, 0xff, 0xff, 0xff, 0xf8,
    0x2f, 0xff, 0xcc, 0xcc, 0xcc, 0xcc, 0xcc, 0xcc,
    0xcc, 0xcd, 0xff, 0xf5, 0x2f, 0xfe, 0x00, 0x00,
    0x00, 0x00, 0x00, 0x00, 0x00, 0x05, 0xff, 0xf2,
    0x2f, 0xfe, 0x00, 0x00, 0x00, 0x00, 0x00, 0x00,
    0x00, 0x08, 0xff, 0xe0, 0x2f, 0xfe, 0x00, 0x00,
    0x00, 0x00, 0x00, 0x00, 0x00, 0x0c, 0xff, 0xb0,
    0x2f, 0xfe, 0x00, 0x00, 0x00, 0x00, 0x00, 0x00,
    0x00, 0x0f, 0xff, 0x70, 0x2f, 0xfe, 0x00, 0x00,
    0x00, 0x00, 0x00, 0x00, 0x00, 0x5f, 0xff, 0x20,
    0x2f, 0xfe, 0x00, 0x00, 0x00, 0x00, 0x00, 0x00,
    0x00, 0xbf, 0xfc, 0x00, 0x2a, 0xaa, 0x00, 0x00,
    0x00, 0x00, 0x00, 0x00, 0x02, 0xff, 0xf6, 0x00,
    0x00, 0x00, 0x00, 0x00, 0x00, 0x00, 0x00, 0x00,
    0x0a, 0xff, 0xe0, 0x00, 0x00, 0x00, 0x00, 0x00,
    0x00, 0x00, 0x00, 0x00, 0x4f, 0xff, 0x80, 0x00,
    0x00, 0x00, 0x00, 0x00, 0x00, 0x00, 0x00, 0x03,
    0xff, 0xfe, 0x00, 0x00, 0x00, 0x00, 0x00, 0x00,
    0x00, 0x00, 0x00, 0x3e, 0xff, 0xf3, 0x00, 0x00,
    0x00, 0x00, 0x00, 0x00, 0x00, 0x00, 0x06, 0xff,
    0xff, 0x60, 0x00, 0x00, 0x00, 0x00, 0x00, 0x00,
    0x00, 0x02, 0xbf, 0xff, 0xf7, 0x00, 0x00, 0x00,
    0x00, 0x00, 0x00, 0x00, 0x04, 0xbf, 0xff, 0xff,
    0x60, 0x00, 0x00, 0x00, 0x00, 0x00, 0x00, 0x6a,
    0xff, 0xff, 0xff, 0xd3, 0x00, 0x00, 0x00, 0x00,
    0x00, 0x00, 0x00, 0x6f, 0xff, 0xff, 0xe7, 0x00,
    0x00, 0x00, 0x00, 0x00, 0x00, 0x00, 0x00, 0x08,
    0xff, 0xd6, 0x00, 0x00, 0x00, 0x00, 0x00, 0x00,
    0x00, 0x00, 0x00, 0x00, 0x62, 0x00, 0x00, 0x00,
    0x00, 0x00, 0x00, 0x00,

    /* U+30A7 "ェ" */
    0x02, 0xcb, 0xbb, 0xbb, 0xbb, 0xbb, 0xbb, 0xbb,
    0xbb, 0xbc, 0x00, 0x03, 0xff, 0xff, 0xff, 0xff,
    0xff, 0xff, 0xff, 0xff, 0xff, 0x00, 0x03, 0xff,
    0xff, 0xff, 0xff, 0xff, 0xff, 0xff, 0xff, 0xff,
    0x00, 0x00, 0x11, 0x11, 0x11, 0x1d, 0xff, 0x41,
    0x11, 0x11, 0x11, 0x00, 0x00, 0x00, 0x00, 0x00,
    0x0d, 0xff, 0x40, 0x00, 0x00, 0x00, 0x00, 0x00,
    0x00, 0x00, 0x00, 0x0d, 0xff, 0x40, 0x00, 0x00,
    0x00, 0x00, 0x00, 0x00, 0x00, 0x00, 0x0d, 0xff,
    0x40, 0x00, 0x00, 0x00, 0x00, 0x00, 0x00, 0x00,
    0x00, 0x0d, 0xff, 0x40, 0x00, 0x00, 0x00, 0x00,
    0x00, 0x00, 0x00, 0x00, 0x0d, 0xff, 0x40, 0x00,
    0x00, 0x00, 0x00, 0x00, 0x00, 0x00, 0x00, 0x0d,
    0xff, 0x40, 0x00, 0x00, 0x00, 0x00, 0x00, 0x00,
    0x00, 0x00, 0x0d, 0xff, 0x40, 0x00, 0x00, 0x00,
    0x00, 0x00, 0x00, 0x00, 0x00, 0x0d, 0xff, 0x40,
    0x00, 0x00, 0x00, 0x00, 0x00, 0x00, 0x00, 0x00,
    0x0d, 0xff, 0x40, 0x00, 0x00, 0x00, 0x00, 0x79,
    0x99, 0x99, 0x99, 0x9f, 0xff, 0xa9, 0x99, 0x99,
    0x99, 0xa3, 0xbf, 0xff, 0xff, 0xff, 0xff, 0xff,
    0xff, 0xff, 0xff, 0xff, 0xf5, 0xbf, 0xff, 0xff,
    0xff, 0xff, 0xff, 0xff, 0xff, 0xff, 0xff, 0xf5,
    0x45, 0x55, 0x55, 0x55, 0x55, 0x55, 0x55, 0x55,
    0x55, 0x55, 0x52,

    /* U+30A9 "ォ" */
    0x00, 0x00, 0x00, 0x00, 0x00, 0x00, 0x14, 0x43,
    0x00, 0x00, 0x00, 0x00, 0x00, 0x00, 0x00, 0x00,
    0x00, 0x3f, 0xfb, 0x00, 0x00, 0x00, 0x00, 0x00,
    0x00, 0x00, 0x00, 0x00, 0x1f, 0xfb, 0x00, 0x00,
    0x00, 0x00, 0x00, 0x00, 0x00, 0x00, 0x00, 0x0f,
    0xfb, 0x00, 0x00, 0x00, 0x00, 0x00, 0x00, 0x00,
    0x00, 0x00, 0x0f, 0xfb, 0x00, 0x00, 0x00, 0x01,
    0xfd, 0xdd, 0xdd, 0xdd, 0xdd, 0xdf, 0xff, 0xdd,
    0xdd, 0xee, 0x01, 0xff, 0xff, 0xff, 0xff, 0xff,
    0xff, 0xff, 0xff, 0xff, 0xfe, 0x01, 0xed, 0xdd,
    0xdd, 0xdd, 0xde, 0xff, 0xff, 0xdd, 0xdd, 0xdd,
    0x00, 0x00, 0x00, 0x00, 0x00, 0x0c, 0xff, 0xfd,
    0x00, 0x00, 0x00, 0x00, 0x00, 0x00, 0x00, 0x00,
    0xaf, 0xff, 0xfd, 0x00, 0x00, 0x00, 0x00, 0x00,
    0x00, 0x00, 0x09, 0xff, 0xef, 0xfd, 0x00, 0x00,
    0x00, 0x00, 0x00, 0x00, 0x00, 0xbf, 0xff, 0x3e,
    0xfe, 0x00, 0x00, 0x00, 0x00, 0x00, 0x00, 0x2d,
    0xff, 0xf4, 0x0e, 0xfe, 0x00, 0x00, 0x00, 0x00,
    0x00, 0x05, 0xef, 0xff, 0x30, 0x0e, 0xfe, 0x00,
    0x00, 0x00, 0x00, 0x01, 0xaf, 0xff, 0xd2, 0x00,
    0x0e, 0xff, 0x00, 0x00, 0x00, 0x00, 0x7f, 0xff,
    0xfb, 0x10, 0x00, 0x0d, 0xff, 0x00, 0x00, 0x00,
    0x0c, 0xff, 0xff, 0x70, 0x00, 0x00, 0x0d, 0xff,
    0x00, 0x00, 0x00, 0x02, 0xef, 0xc3, 0x00, 0x00,
    0x00, 0x0d, 0xff, 0x00, 0x00, 0x00, 0x00, 0x35,
    0x00, 0x00, 0x2b, 0xa8, 0x9f, 0xff, 0x00, 0x00,
    0x00, 0x00, 0x00, 0x00, 0x00, 0x1f, 0xff, 0xff,
    0xfe, 0x00, 0x00, 0x00, 0x00, 0x00, 0x00, 0x00,
    0x0e, 0xff, 0xff, 0xe4, 0x00, 0x00, 0x00, 0x00,
    0x00, 0x00, 0x00, 0x00, 0x00, 0x11, 0x00, 0x00,
    0x00, 0x00,

    /* U+30AB "カ" */
    0x00, 0x00, 0x00, 0x00, 0x00, 0x99, 0x93, 0x00,
    0x00, 0x00, 0x00, 0x00, 0x00, 0x00, 0x00, 0x00,
    0x00, 0xff, 0xf5, 0x00, 0x00, 0x00, 0x00, 0x00,
    0x00, 0x00, 0x00, 0x00, 0x00, 0xef, 0xf4, 0x00,
    0x00, 0x00, 0x00, 0x00, 0x00, 0x00, 0x00, 0x00,
    0x00, 0xef, 0xf3, 0x00, 0x00, 0x00, 0x00, 0x00,
    0x00, 0x00, 0x00, 0x00, 0x00, 0xef, 0xf3, 0x00,
    0x00, 0x00, 0x00, 0x00, 0x02, 0x32, 0x11, 0x11,
    0x11, 0xff, 0xf3, 0x11, 0x11, 0x11, 0x23, 0x00,
    0x07, 0xff, 0xff, 0xff, 0xff, 0xff, 0xff, 0xff,
    0xff, 0xff, 0xff, 0xc3, 0x07, 0xff, 0xff, 0xff,
    0xff, 0xff, 0xff, 0xff, 0xff, 0xff, 0xff, 0xf7,
    0x06, 0xcb, 0xbb, 0xbb, 0xbc, 0xff, 0xfb, 0xbb,
    0xbb, 0xbb, 0xef, 0xf5, 0x00, 0x00, 0x00, 0x00,
    0x05, 0xff, 0xb0, 0x00, 0x00, 0x00, 0xbf, 0xf5,
    0x00, 0x00, 0x00, 0x00, 0x08, 0xff, 0x80, 0x00,
    0x00, 0x00, 0xbf, 0xf4, 0x00, 0x00, 0x00, 0x00,
    0x0c, 0xff, 0x50, 0x00, 0x00, 0x00, 0xcf, 0xf3,
    0x00, 0x00, 0x00, 0x00, 0x0f, 0xff, 0x10, 0x00,
    0x00, 0x00, 0xdf, 0xf2, 0x00, 0x00, 0x00, 0x00,
    0x5f, 0xfd, 0x00, 0x00, 0x00, 0x00, 0xef, 0xf1,
    0x00, 0x00, 0x00, 0x00, 0xbf, 0xf8, 0x00, 0x00,
    0x00, 0x00, 0xff, 0xf0, 0x00, 0x00, 0x00, 0x02,
    0xff, 0xf3, 0x00, 0x00, 0x00, 0x00, 0xff, 0xe0,
    0x00, 0x00, 0x00, 0x0a, 0xff, 0xd0, 0x00, 0x00,
    0x00, 0x02, 0xff, 0xd0, 0x00, 0x00, 0x00, 0x4f,
    0xff, 0x50, 0x00, 0x00, 0x00, 0x04, 0xff, 0xb0,
    0x00, 0x00, 0x01, 0xef, 0xfd, 0x00, 0x00, 0x00,
    0x00, 0x07, 0xff, 0x90, 0x00, 0x00, 0x0b, 0xff,
    0xf4, 0x00, 0x00, 0x00, 0x00, 0x0a, 0xff, 0x60,
    0x00, 0x00, 0xbf, 0xff, 0x90, 0x00, 0x00, 0x00,
    0x00, 0x0e, 0xff, 0x40, 0x00, 0x1c, 0xff, 0xfb,
    0x00, 0x00, 0x06, 0x53, 0x22, 0x9f, 0xff, 0x00,
    0x06, 0xef, 0xff, 0xc0, 0x00, 0x00, 0x0d, 0xff,
    0xff, 0xff, 0xfb, 0x00, 0x09, 0xff, 0xfb, 0x00,
    0x00, 0x00, 0x0b, 0xff, 0xff, 0xff, 0xf3, 0x00,
    0x00, 0x6f, 0x90, 0x00, 0x00, 0x00, 0x06, 0xbc,
    0xdd, 0xda, 0x30, 0x00, 0x00, 0x01, 0x00, 0x00,
    0x00, 0x00, 0x00, 0x00, 0x00, 0x00, 0x00, 0x00,

    /* U+30AF "ク" */
    0x00, 0x00, 0x00, 0x00, 0x00, 0x05, 0x10, 0x00,
    0x00, 0x00, 0x00, 0x00, 0x00, 0x00, 0x00, 0x00,
    0x00, 0x03, 0xff, 0xb3, 0x00, 0x00, 0x00, 0x00,
    0x00, 0x00, 0x00, 0x00, 0x00, 0x00, 0xaf, 0xff,
    0x10, 0x00, 0x00, 0x00, 0x00, 0x00, 0x00, 0x00,
    0x00, 0x00, 0x3f, 0xff, 0x70, 0x00, 0x00, 0x00,
    0x00, 0x00, 0x00, 0x00, 0x00, 0x00, 0x0c, 0xff,
    0xe0, 0x00, 0x00, 0x00, 0x01, 0x10, 0x00, 0x00,
    0x00, 0x00, 0x06, 0xff, 0xff, 0xff, 0xff, 0xff,
    0xff, 0xfe, 0x50, 0x00, 0x00, 0x00, 0x02, 0xff,
    0xff, 0xff, 0xff, 0xff, 0xff, 0xff, 0xff, 0x40,
    0x00, 0x00, 0x00, 0xdf, 0xfe, 0xcc, 0xcc, 0xcc,
    0xcc, 0xcf, 0xff, 0xe0, 0x00, 0x00, 0x00, 0xbf,
    0xff, 0x30, 0x00, 0x00, 0x00, 0x00, 0xff, 0xf9,
    0x00, 0x00, 0x00, 0xbf, 0xff, 0x60, 0x00, 0x00,
    0x00, 0x00, 0x4f, 0xff, 0x30, 0x00, 0x01, 0xbf,
    0xff, 0x80, 0x00, 0x00, 0x00, 0x00, 0x0b, 0xff,
    0xd0, 0x00, 0x02, 0xdf, 0xff, 0x90, 0x00, 0x00,
    0x00, 0x00, 0x02, 0xff, 0xf7, 0x00, 0x07, 0xff,
    0xff, 0x80, 0x00, 0x00, 0x00, 0x00, 0x00, 0xaf,
    0xff, 0x10, 0x01, 0xcf, 0xff, 0x60, 0x00, 0x00,
    0x00, 0x00, 0x00, 0x3f, 0xff, 0x80, 0x00, 0x00,
    0x9d, 0x30, 0x00, 0x00, 0x00, 0x00, 0x00, 0x0c,
    0xff, 0xe0, 0x00, 0x00, 0x00, 0x00, 0x00, 0x00,
    0x00, 0x00, 0x00, 0x07, 0xff, 0xf6, 0x00, 0x00,
    0x00, 0x00, 0x00, 0x00, 0x00, 0x00, 0x00, 0x04,
    0xff, 0xfb, 0x00, 0x00, 0x00, 0x00, 0x00, 0x00,
    0x00, 0x00, 0x00, 0x03, 0xff, 0xfe, 0x10, 0x00,
    0x00, 0x00, 0x00, 0x00, 0x00, 0x00, 0x00, 0x04,
    0xff, 0xff, 0x30, 0x00, 0x00, 0x00, 0x00, 0x00,
    0x00, 0x00, 0x00, 0x05, 0xff, 0xff, 0x50, 0x00,
    0x00, 0x00, 0x00, 0x00, 0x00, 0x00, 0x00, 0x09,
    0xff, 0xff, 0x50, 0x00, 0x00, 0x00, 0x00, 0x00,
    0x00, 0x00, 0x00, 0x5e, 0xff, 0xff, 0x40, 0x00,
    0x00, 0x00, 0x00, 0x00, 0x00, 0x00, 0x05, 0xcf,
    0xff, 0xfd, 0x20, 0x00, 0x00, 0x00, 0x00, 0x00,
    0x00, 0x03, 0x8e, 0xff, 0xff, 0xf8, 0x00, 0x00,
    0x00, 0x00, 0x00, 0x00, 0x00, 0x01, 0xdf, 0xff,
    0xff, 0xb2, 0x00, 0x00, 0x00, 0x00, 0x00, 0x00,
    0x00, 0x00, 0x01, 0xcf, 0xfb, 0x30, 0x00, 0x00,
    0x00, 0x00, 0x00, 0x00, 0x00, 0x00, 0x00, 0x00,
    0x72, 0x00, 0x00, 0x00, 0x00, 0x00, 0x00, 0x00,
    0x00, 0x00,

    /* U+30B0 "グ" */
    0x00, 0x00, 0x00, 0x00, 0x00, 0x00, 0x00, 0x00,
    0x00, 0x00, 0x00, 0x00, 0x02, 0x00, 0x00, 0x00,
    0x00, 0x00, 0x00, 0x00, 0x00, 0x00, 0x00, 0x00,
    0x00, 0x00, 0x2e, 0xf2, 0x00, 0x00, 0x00, 0x00,
    0x00, 0x00, 0x07, 0x20, 0x00, 0x00, 0x00, 0x5d,
    0x80, 0xaf, 0xb0, 0x00, 0x00, 0x00, 0x00, 0x00,
    0x05, 0xff, 0xc3, 0x00, 0x00, 0x04, 0xff, 0x21,
    0xff, 0x50, 0x00, 0x00, 0x00, 0x00, 0x00, 0xcf,
    0xfd, 0x00, 0x00, 0x00, 0x0a, 0xfb, 0x08, 0xfc,
    0x00, 0x00, 0x00, 0x00, 0x00, 0x4f, 0xff, 0x50,
    0x00, 0x00, 0x00, 0x2f, 0xf4, 0x06, 0x00, 0x00,
    0x00, 0x00, 0x00, 0x0d, 0xff, 0xc0, 0x00, 0x00,
    0x00, 0x13, 0x97, 0x10, 0x00, 0x00, 0x00, 0x00,
    0x00, 0x08, 0xff, 0xff, 0xff, 0xff, 0xff, 0xff,
    0xff, 0x60, 0x00, 0x00, 0x00, 0x00, 0x00, 0x04,
    0xff, 0xff, 0xff, 0xff, 0xff, 0xff, 0xff, 0xff,
    0x30, 0x00, 0x00, 0x00, 0x00, 0x02, 0xef, 0xfd,
    0xaa, 0xaa, 0xaa, 0xaa, 0xaf, 0xff, 0xc0, 0x00,
    0x00, 0x00, 0x00, 0x01, 0xdf, 0xff, 0x20, 0x00,
    0x00, 0x00, 0x01, 0xff, 0xf7, 0x00, 0x00, 0x00,
    0x00, 0x01, 0xcf, 0xff, 0x40, 0x00, 0x00, 0x00,
    0x00, 0x6f, 0xff, 0x10, 0x00, 0x00, 0x00, 0x02,
    0xdf, 0xff, 0x50, 0x00, 0x00, 0x00, 0x00, 0x0c,
    0xff, 0xb0, 0x00, 0x00, 0x00, 0x04, 0xef, 0xff,
    0x60, 0x00, 0x00, 0x00, 0x00, 0x04, 0xff, 0xf5,
    0x00, 0x00, 0x00, 0x19, 0xff, 0xff, 0x50, 0x00,
    0x00, 0x00, 0x00, 0x00, 0xcf, 0xfd, 0x00, 0x00,
    0x00, 0x01, 0xcf, 0xfe, 0x30, 0x00, 0x00, 0x00,
    0x00, 0x00, 0x5f, 0xff, 0x60, 0x00, 0x00, 0x00,
    0x00, 0x8b, 0x10, 0x00, 0x00, 0x00, 0x00, 0x00,
    0x0d, 0xff, 0xd0, 0x00, 0x00, 0x00, 0x00, 0x00,
    0x00, 0x00, 0x00, 0x00, 0x00, 0x00, 0x0a, 0xff,
    0xf3, 0x00, 0x00, 0x00, 0x00, 0x00, 0x00, 0x00,
    0x00, 0x00, 0x00, 0x00, 0x07, 0xff, 0xf9, 0x00,
    0x00, 0x00, 0x00, 0x00, 0x00, 0x00, 0x00, 0x00,
    0x00, 0x00, 0x06, 0xff, 0xfd, 0x00, 0x00, 0x00,
    0x00, 0x00, 0x00, 0x00, 0x00, 0x00, 0x00, 0x00,
    0x06, 0xff, 0xfe, 0x20, 0x00, 0x00, 0x00, 0x00,
    0x00, 0x00, 0x00, 0x00, 0x00, 0x00, 0x08, 0xff,
    0xff, 0x30, 0x00, 0x00, 0x00, 0x00, 0x00, 0x00,
    0x00, 0x00, 0x00, 0x00, 0x2c, 0xff, 0xfe, 0x30,
    0x00, 0x00, 0x00, 0x00, 0x00, 0x00, 0x00, 0x00,
    0x00, 0x00, 0x7f, 0xff, 0xfd, 0x20, 0x00, 0x00,
    0x00, 0x00, 0x00, 0x00, 0x00, 0x00, 0x00, 0x17,
    0xef, 0xff, 0xfb, 0x10, 0x00, 0x00, 0x00, 0x00,
    0x00, 0x00, 0x00, 0x00, 0x05, 0xaf, 0xff, 0xff,
    0xf6, 0x00, 0x00, 0x00, 0x00, 0x00, 0x00, 0x00,
    0x00, 0x00, 0x01, 0xcf, 0xff, 0xff, 0x91, 0x00,
    0x00, 0x00, 0x00, 0x00, 0x00, 0x00, 0x00, 0x00,
    0x00, 0x00, 0xbf, 0xf9, 0x20, 0x00, 0x00, 0x00,
    0x00, 0x00, 0x00, 0x00, 0x00, 0x00, 0x00, 0x00,
    0x00, 0x51, 0x00, 0x00, 0x00, 0x00, 0x00, 0x00,
    0x00, 0x00, 0x00, 0x00, 0x00,

    /* U+30B2 "ゲ" */
    0x00, 0x00, 0x00, 0x00, 0x00, 0x00, 0x00, 0x00,
    0x00, 0x00, 0x00, 0x00, 0x00, 0x00, 0x00, 0x00,
    0x00, 0x00, 0x00, 0x00, 0x00, 0x00, 0x00, 0x00,
    0x00, 0x05, 0xdb, 0x00, 0x00, 0x00, 0x00, 0x01,
    0x40, 0x00, 0x00, 0x00, 0x00, 0x00, 0x5c, 0x22,
    0xff, 0x50, 0x00, 0x00, 0x00, 0x06, 0xff, 0xd2,
    0x00, 0x00, 0x00, 0x00, 0xaf, 0xc0, 0x7f, 0xe0,
    0x00, 0x00, 0x00, 0x09, 0xff, 0xe0, 0x00, 0x00,
    0x00, 0x00, 0x1f, 0xf6, 0x0d, 0xf8, 0x00, 0x00,
    0x00, 0x0d, 0xff, 0x80, 0x00, 0x00, 0x00, 0x00,
    0x08, 0xfe, 0x04, 0x60, 0x00, 0x00, 0x00, 0x3f,
    0xff, 0x30, 0x00, 0x00, 0x00, 0x00, 0x00, 0xd8,
    0x00, 0x00, 0x00, 0x00, 0x00, 0x9f, 0xfc, 0x00,
    0x00, 0x00, 0x00, 0x00, 0x00, 0x00, 0x00, 0x00,
    0x00, 0x00, 0x01, 0xff, 0xfe, 0xcc, 0xcc, 0xcc,
    0xcc, 0xcc, 0xcc, 0xcc, 0xce, 0x10, 0x00, 0x00,
    0x09, 0xff, 0xff, 0xff, 0xff, 0xff, 0xff, 0xff,
    0xff, 0xff, 0xff, 0x10, 0x00, 0x00, 0x3f, 0xff,
    0xff, 0xff, 0xff, 0xff, 0xff, 0xff, 0xff, 0xff,
    0xff, 0x10, 0x00, 0x00, 0xdf, 0xfe, 0x33, 0x33,
    0x33, 0x3d, 0xff, 0x83, 0x33, 0x33, 0x34, 0x00,
    0x00, 0x09, 0xff, 0xf5, 0x00, 0x00, 0x00, 0x0e,
    0xff, 0x50, 0x00, 0x00, 0x00, 0x00, 0x00, 0x6f,
    0xff, 0xa0, 0x00, 0x00, 0x00, 0x0f, 0xff, 0x30,
    0x00, 0x00, 0x00, 0x00, 0x05, 0xff, 0xfe, 0x10,
    0x00, 0x00, 0x00, 0x3f, 0xff, 0x10, 0x00, 0x00,
    0x00, 0x00, 0x6f, 0xff, 0xf3, 0x00, 0x00, 0x00,
    0x00, 0x7f, 0xfe, 0x00, 0x00, 0x00, 0x00, 0x00,
    0x08, 0xff, 0x40, 0x00, 0x00, 0x00, 0x00, 0xbf,
    0xfa, 0x00, 0x00, 0x00, 0x00, 0x00, 0x00, 0x24,
    0x00, 0x00, 0x00, 0x00, 0x01, 0xff, 0xf5, 0x00,
    0x00, 0x00, 0x00, 0x00, 0x00, 0x00, 0x00, 0x00,
    0x00, 0x00, 0x08, 0xff, 0xf0, 0x00, 0x00, 0x00,
    0x00, 0x00, 0x00, 0x00, 0x00, 0x00, 0x00, 0x00,
    0x1e, 0xff, 0xa0, 0x00, 0x00, 0x00, 0x00, 0x00,
    0x00, 0x00, 0x00, 0x00, 0x00, 0x00, 0x9f, 0xff,
    0x30, 0x00, 0x00, 0x00, 0x00, 0x00, 0x00, 0x00,
    0x00, 0x00, 0x00, 0x05, 0xff, 0xfa, 0x00, 0x00,
    0x00, 0x00, 0x00, 0x00, 0x00, 0x00, 0x00, 0x00,
    0x00, 0x3f, 0xff, 0xf1, 0x00, 0x00, 0x00, 0x00,
    0x00, 0x00, 0x00, 0x00, 0x00, 0x00, 0x04, 0xff,
    0xff, 0x50, 0x00, 0x00, 0x00, 0x00, 0x00, 0x00,
    0x00, 0x00, 0x00, 0x00, 0x7f, 0xff, 0xf8, 0x00,
    0x00, 0x00, 0x00, 0x00, 0x00, 0x00, 0x00, 0x00,
    0x00, 0x4c, 0xff, 0xff, 0x90, 0x00, 0x00, 0x00,
    0x00, 0x00, 0x00, 0x00, 0x00, 0x00, 0x00, 0x1b,
    0xff, 0xf7, 0x00, 0x00, 0x00, 0x00, 0x00, 0x00,
    0x00, 0x00, 0x00, 0x00, 0x00, 0x00, 0x6d, 0x40,
    0x00, 0x00, 0x00, 0x00, 0x00, 0x00, 0x00, 0x00,
    0x00, 0x00, 0x00, 0x00, 0x00, 0x00, 0x00, 0x00,
    0x00, 0x00, 0x00, 0x00, 0x00, 0x00,

    /* U+30B7 "シ" */
    0x00, 0x00, 0x00, 0x02, 0x00, 0x00, 0x00, 0x00,
    0x00, 0x00, 0x00, 0x00, 0x00, 0x00, 0x00, 0x00,
    0x7f, 0x80, 0x00, 0x00, 0x00, 0x00, 0x00, 0x00,
    0x00, 0x00, 0x00, 0x00, 0x02, 0xff, 0xfd, 0x40,
    0x00, 0x00, 0x00, 0x00, 0x00, 0x00, 0x00, 0x00,
    0x00, 0x03, 0xdf, 0xff, 0xf9, 0x10, 0x00, 0x00,
    0x00, 0x00, 0x00, 0x00, 0x00, 0x00, 0x00, 0x08,
    0xff, 0xff, 0xe4, 0x00, 0x00, 0x00, 0x00, 0x00,
    0x00, 0x00, 0x00, 0x00, 0x00, 0x2c, 0xff, 0xf6,
    0x00, 0x00, 0x00, 0x00, 0x00, 0x00, 0x00, 0x00,
    0x00, 0x00, 0x00, 0x7f, 0xb0, 0x00, 0x00, 0x00,
    0x00, 0x00, 0x00, 0x00, 0x41, 0x00, 0x00, 0x00,
    0x02, 0x10, 0x00, 0x00, 0x00, 0x00, 0x02, 0x00,
    0x02, 0xff, 0x70, 0x00, 0x00, 0x00, 0x00, 0x00,
    0x00, 0x00, 0x00, 0x0d, 0x60, 0x0c, 0xff, 0xfd,
    0x40, 0x00, 0x00, 0x00, 0x00, 0x00, 0x00, 0x00,
    0x7f, 0xe0, 0x06, 0xef, 0xff, 0xf9, 0x10, 0x00,
    0x00, 0x00, 0x00, 0x00, 0x04, 0xff, 0xf7, 0x00,
    0x08, 0xff, 0xff, 0xe1, 0x00, 0x00, 0x00, 0x00,
    0x00, 0x2e, 0xff, 0xe1, 0x00, 0x00, 0x2c, 0xff,
    0xa0, 0x00, 0x00, 0x00, 0x00, 0x01, 0xdf, 0xff,
    0x40, 0x00, 0x00, 0x00, 0x8e, 0x10, 0x00, 0x00,
    0x00, 0x00, 0x1d, 0xff, 0xf7, 0x00, 0x00, 0x00,
    0x00, 0x00, 0x00, 0x00, 0x00, 0x00, 0x02, 0xdf,
    0xff, 0x90, 0x00, 0x00, 0x00, 0x00, 0x00, 0x00,
    0x00, 0x00, 0x00, 0x4e, 0xff, 0xf9, 0x00, 0x00,
    0x00, 0x00, 0x00, 0x00, 0x00, 0x00, 0x00, 0x07,
    0xff, 0xff, 0x80, 0x00, 0x00, 0x00, 0x00, 0x00,
    0x00, 0x00, 0x00, 0x02, 0xcf, 0xff, 0xf7, 0x00,
    0x00, 0x00, 0x00, 0x00, 0x00, 0x00, 0x00, 0x01,
    0x8f, 0xff, 0xfe, 0x40, 0x00, 0x00, 0x00, 0x00,
    0x00, 0x00, 0x00, 0x01, 0x8f, 0xff, 0xff, 0xb1,
    0x00, 0x00, 0x00, 0x00, 0x00, 0x00, 0x00, 0x05,
    0xbf, 0xff, 0xff, 0xf6, 0x00, 0x00, 0x00, 0x00,
    0x00, 0x00, 0x04, 0x7b, 0xff, 0xff, 0xff, 0xf9,
    0x10, 0x00, 0x00, 0x00, 0x00, 0x00, 0x00, 0x8f,
    0xff, 0xff, 0xff, 0xf9, 0x20, 0x00, 0x00, 0x00,
    0x00, 0x00, 0x00, 0x00, 0x0e, 0xff, 0xff, 0xd7,
    0x10, 0x00, 0x00, 0x00, 0x00, 0x00, 0x00, 0x00,
    0x00, 0x06, 0xfc, 0x72, 0x00, 0x00, 0x00, 0x00,
    0x00, 0x00, 0x00, 0x00, 0x00, 0x00, 0x00, 0x00,
    0x00, 0x00, 0x00, 0x00, 0x00, 0x00, 0x00, 0x00,
    0x00, 0x00,

    /* U+30B8 "ジ" */
    0x00, 0x00, 0x00, 0x00, 0x00, 0x00, 0x00, 0x00,
    0x00, 0x00, 0x00, 0x00, 0x00, 0x00, 0x00, 0x00,
    0x00, 0x00, 0x00, 0x00, 0x00, 0x00, 0x00, 0x00,
    0x1a, 0xf2, 0x00, 0x00, 0x00, 0x00, 0xbb, 0x20,
    0x00, 0x00, 0x00, 0x00, 0x38, 0x00, 0xdf, 0xc0,
    0x00, 0x00, 0x00, 0x5f, 0xff, 0x70, 0x00, 0x00,
    0x00, 0x2f, 0xf6, 0x03, 0xff, 0x60, 0x00, 0x00,
    0x09, 0xff, 0xff, 0xd3, 0x00, 0x00, 0x00, 0x7f,
    0xf1, 0x09, 0xfe, 0x10, 0x00, 0x00, 0x04, 0xef,
    0xff, 0xf8, 0x00, 0x00, 0x00, 0xef, 0xa0, 0x1e,
    0xe3, 0x00, 0x00, 0x00, 0x00, 0x8f, 0xff, 0xf2,
    0x00, 0x00, 0x05, 0xff, 0x20, 0x20, 0x00, 0x00,
    0x00, 0x00, 0x00, 0x3d, 0xf7, 0x00, 0x00, 0x00,
    0x0b, 0x60, 0x00, 0x00, 0x00, 0x20, 0x00, 0x00,
    0x00, 0x07, 0x00, 0x00, 0x00, 0x00, 0x00, 0x01,
    0x00, 0x00, 0x6f, 0xa1, 0x00, 0x00, 0x00, 0x00,
    0x00, 0x00, 0x00, 0x00, 0x02, 0xd0, 0x00, 0x1f,
    0xff, 0xf6, 0x00, 0x00, 0x00, 0x00, 0x00, 0x00,
    0x00, 0x00, 0xcf, 0x70, 0x02, 0xcf, 0xff, 0xfc,
    0x30, 0x00, 0x00, 0x00, 0x00, 0x00, 0x00, 0x7f,
    0xff, 0x10, 0x00, 0x5e, 0xff, 0xff, 0x70, 0x00,
    0x00, 0x00, 0x00, 0x00, 0x4f, 0xff, 0xc0, 0x00,
    0x00, 0x19, 0xff, 0xf6, 0x00, 0x00, 0x00, 0x00,
    0x00, 0x3f, 0xff, 0xe1, 0x00, 0x00, 0x00, 0x04,
    0xeb, 0x00, 0x00, 0x00, 0x00, 0x00, 0x3f, 0xff,
    0xf4, 0x00, 0x00, 0x00, 0x00, 0x01, 0x10, 0x00,
    0x00, 0x00, 0x00, 0x4f, 0xff, 0xf6, 0x00, 0x00,
    0x00, 0x00, 0x00, 0x00, 0x00, 0x00, 0x00, 0x00,
    0x5f, 0xff, 0xf6, 0x00, 0x00, 0x00, 0x00, 0x00,
    0x00, 0x00, 0x00, 0x00, 0x00, 0x9f, 0xff, 0xf6,
    0x00, 0x00, 0x00, 0x00, 0x00, 0x00, 0x00, 0x00,
    0x00, 0x03, 0xdf, 0xff, 0xf4, 0x00, 0x00, 0x00,
    0x00, 0x00, 0x00, 0x00, 0x00, 0x00, 0x19, 0xff,
    0xff, 0xd2, 0x00, 0x00, 0x00, 0x00, 0x00, 0x00,
    0x00, 0x00, 0x01, 0x8f, 0xff, 0xff, 0xa1, 0x00,
    0x00, 0x00, 0x00, 0x00, 0x00, 0x00, 0x00, 0x4a,
    0xff, 0xff, 0xfe, 0x50, 0x00, 0x00, 0x00, 0x00,
    0x00, 0x00, 0x02, 0x6a, 0xff, 0xff, 0xff, 0xf9,
    0x10, 0x00, 0x00, 0x00, 0x00, 0x00, 0x00, 0x0e,
    0xff, 0xff, 0xff, 0xff, 0x92, 0x00, 0x00, 0x00,
    0x00, 0x00, 0x00, 0x00, 0x00, 0x7f, 0xff, 0xff,
    0xd7, 0x10, 0x00, 0x00, 0x00, 0x00, 0x00, 0x00,
    0x00, 0x00, 0x00, 0xef, 0xd8, 0x30, 0x00, 0x00,
    0x00, 0x00, 0x00, 0x00, 0x00, 0x00, 0x00, 0x00,
    0x02, 0x10, 0x00, 0x00, 0x00, 0x00, 0x00, 0x00,
    0x00, 0x00, 0x00, 0x00, 0x00,

    /* U+30B9 "ス" */
    0x00, 0x02, 0x32, 0x11, 0x11, 0x11, 0x11, 0x11,
    0x11, 0x23, 0x40, 0x00, 0x00, 0x00, 0x08, 0xff,
    0xff, 0xff, 0xff, 0xff, 0xff, 0xff, 0xff, 0xfa,
    0x00, 0x00, 0x00, 0x08, 0xff, 0xff, 0xff, 0xff,
    0xff, 0xff, 0xff, 0xff, 0xff, 0x20, 0x00, 0x00,
    0x08, 0xff, 0xee, 0xee, 0xee, 0xee, 0xee, 0xee,
    0xff, 0xf9, 0x00, 0x00, 0x00, 0x00, 0x00, 0x00,
    0x00, 0x00, 0x00, 0x00, 0x07, 0xff, 0xf2, 0x00,
    0x00, 0x00, 0x00, 0x00, 0x00, 0x00, 0x00, 0x00,
    0x00, 0x0d, 0xff, 0xb0, 0x00, 0x00, 0x00, 0x00,
    0x00, 0x00, 0x00, 0x00, 0x00, 0x00, 0x5f, 0xff,
    0x30, 0x00, 0x00, 0x00, 0x00, 0x00, 0x00, 0x00,
    0x00, 0x00, 0x00, 0xdf, 0xfa, 0x00, 0x00, 0x00,
    0x00, 0x00, 0x00, 0x00, 0x00, 0x00, 0x00, 0x08,
    0xff, 0xf2, 0x00, 0x00, 0x00, 0x00, 0x00, 0x00,
    0x00, 0x00, 0x00, 0x00, 0x3f, 0xff, 0x70, 0x00,
    0x00, 0x00, 0x00, 0x00, 0x00, 0x00, 0x00, 0x00,
    0x01, 0xdf, 0xfd, 0x00, 0x00, 0x00, 0x00, 0x00,
    0x00, 0x00, 0x00, 0x00, 0x00, 0x0b, 0xff, 0xf2,
    0x00, 0x00, 0x00, 0x00, 0x00, 0x00, 0x00, 0x00,
    0x00, 0x00, 0xaf, 0xff, 0xe2, 0x00, 0x00, 0x00,
    0x00, 0x00, 0x00, 0x00, 0x00, 0x00, 0x0a, 0xff,
    0xff, 0xff, 0x30, 0x00, 0x00, 0x00, 0x00, 0x00,
    0x00, 0x00, 0x00, 0xaf, 0xff, 0xcf, 0xff, 0xf4,
    0x00, 0x00, 0x00, 0x00, 0x00, 0x00, 0x00, 0x1c,
    0xff, 0xfa, 0x05, 0xff, 0xff, 0x40, 0x00, 0x00,
    0x00, 0x00, 0x00, 0x03, 0xef, 0xff, 0xa0, 0x00,
    0x5f, 0xff, 0xf4, 0x00, 0x00, 0x00, 0x00, 0x00,
    0x8f, 0xff, 0xf9, 0x00, 0x00, 0x05, 0xff, 0xff,
    0x30, 0x00, 0x00, 0x00, 0x4d, 0xff, 0xff, 0x60,
    0x00, 0x00, 0x00, 0x6f, 0xff, 0xf2, 0x00, 0x00,
    0x3b, 0xff, 0xff, 0xe3, 0x00, 0x00, 0x00, 0x00,
    0x08, 0xff, 0xfe, 0x10, 0x1c, 0xff, 0xff, 0xfa,
    0x10, 0x00, 0x00, 0x00, 0x00, 0x00, 0xaf, 0xff,
    0xd0, 0x07, 0xff, 0xfd, 0x40, 0x00, 0x00, 0x00,
    0x00, 0x00, 0x00, 0x0c, 0xff, 0x90, 0x00, 0x8e,
    0x70, 0x00, 0x00, 0x00, 0x00, 0x00, 0x00, 0x00,
    0x01, 0xe7, 0x00, 0x00, 0x00, 0x00, 0x00, 0x00,
    0x00, 0x00, 0x00, 0x00, 0x00, 0x00, 0x10, 0x00,

    /* U+30BB "セ" */
    0x00, 0x00, 0x00, 0x01, 0x55, 0x51, 0x00, 0x00,
    0x00, 0x00, 0x00, 0x00, 0x00, 0x00, 0x00, 0x00,
    0x03, 0xff, 0xf1, 0x00, 0x00, 0x00, 0x00, 0x00,
    0x00, 0x00, 0x00, 0x00, 0x00, 0x02, 0xff, 0xf0,
    0x00, 0x00, 0x00, 0x00, 0x00, 0x00, 0x00, 0x00,
    0x00, 0x00, 0x02, 0xff, 0xf0, 0x00, 0x00, 0x00,
    0x00, 0x00, 0x00, 0x00, 0x00, 0x00, 0x00, 0x02,
    0xff, 0xf0, 0x00, 0x00, 0x00, 0x00, 0x00, 0x00,
    0x00, 0x00, 0x00, 0x00, 0x02, 0xff, 0xf0, 0x00,
    0x00, 0x00, 0x00, 0x03, 0x7c, 0x40, 0x00, 0x00,
    0x00, 0x02, 0xff, 0xf0, 0x00, 0x00, 0x36, 0x9c,
    0xff, 0xff, 0xf7, 0x00, 0x00, 0x00, 0x02, 0xff,
    0xf3, 0x69, 0xcf, 0xff, 0xff, 0xff, 0xff, 0xf8,
    0x00, 0x00, 0x01, 0x48, 0xff, 0xff, 0xff, 0xff,
    0xff, 0xff, 0xee, 0xff, 0xd0, 0x16, 0x9b, 0xef,
    0xff, 0xff, 0xff, 0xff, 0xfe, 0xb8, 0x51, 0x1f,
    0xff, 0x50, 0x3f, 0xff, 0xff, 0xff, 0xff, 0xfb,
    0x85, 0x10, 0x00, 0x00, 0xaf, 0xfb, 0x00, 0x0f,
    0xff, 0xfe, 0xb9, 0xff, 0xf0, 0x00, 0x00, 0x00,
    0x05, 0xff, 0xf2, 0x00, 0x0a, 0x85, 0x10, 0x02,
    0xff, 0xf0, 0x00, 0x00, 0x00, 0x2f, 0xff, 0x70,
    0x00, 0x00, 0x00, 0x00, 0x02, 0xff, 0xf0, 0x00,
    0x00, 0x01, 0xdf, 0xfb, 0x00, 0x00, 0x00, 0x00,
    0x00, 0x02, 0xff, 0xf0, 0x00, 0x00, 0x0c, 0xff,
    0xe1, 0x00, 0x00, 0x00, 0x00, 0x00, 0x02, 0xff,
    0xf0, 0x00, 0x00, 0x5f, 0xff, 0x30, 0x00, 0x00,
    0x00, 0x00, 0x00, 0x02, 0xff, 0xf0, 0x00, 0x00,
    0x02, 0xb5, 0x00, 0x00, 0x00, 0x00, 0x00, 0x00,
    0x02, 0xff, 0xf0, 0x00, 0x00, 0x00, 0x00, 0x00,
    0x00, 0x00, 0x00, 0x00, 0x00, 0x02, 0xff, 0xf0,
    0x00, 0x00, 0x00, 0x00, 0x00, 0x00, 0x00, 0x00,
    0x00, 0x00, 0x02, 0xff, 0xf0, 0x00, 0x00, 0x00,
    0x00, 0x00, 0x00, 0x00, 0x00, 0x00, 0x00, 0x02,
    0xff, 0xf2, 0x00, 0x00, 0x00, 0x00, 0x00, 0x00,
    0x00, 0x00, 0x00, 0x00, 0x00, 0xff, 0xfc, 0x41,
    0x10, 0x11, 0x24, 0x57, 0xac, 0x70, 0x00, 0x00,
    0x00, 0x00, 0xcf, 0xff, 0xff, 0xff, 0xff, 0xff,
    0xff, 0xff, 0x70, 0x00, 0x00, 0x00, 0x00, 0x2e,
    0xff, 0xff, 0xff, 0xff, 0xff, 0xff, 0xff, 0x60,
    0x00, 0x00, 0x00, 0x00, 0x00, 0x59, 0xcd, 0xee,
    0xdd, 0xcc, 0xa9, 0x76, 0x10,

    /* U+30BF "タ" */
    0x00, 0x00, 0x00, 0x00, 0x00, 0x1c, 0x72, 0x00,
    0x00, 0x00, 0x00, 0x00, 0x00, 0x00, 0x00, 0x00,
    0x00, 0x07, 0xff, 0xf3, 0x00, 0x00, 0x00, 0x00,
    0x00, 0x00, 0x00, 0x00, 0x00, 0x00, 0xef, 0xfa,
    0x00, 0x00, 0x00, 0x00, 0x00, 0x00, 0x00, 0x00,
    0x00, 0x00, 0x7f, 0xff, 0x20, 0x00, 0x00, 0x00,
    0x00, 0x00, 0x00, 0x00, 0x00, 0x00, 0x2f, 0xff,
    0xe9, 0x99, 0x99, 0x99, 0xac, 0xa1, 0x00, 0x00,
    0x00, 0x00, 0x0c, 0xff, 0xff, 0xff, 0xff, 0xff,
    0xff, 0xff, 0xf4, 0x00, 0x00, 0x00, 0x08, 0xff,
    0xff, 0xff, 0xff, 0xff, 0xff, 0xff, 0xff, 0x10,
    0x00, 0x00, 0x05, 0xff, 0xf8, 0x11, 0x11, 0x11,
    0x11, 0x1d, 0xff, 0xa0, 0x00, 0x00, 0x03, 0xff,
    0xfb, 0x00, 0x00, 0x00, 0x00, 0x02, 0xff, 0xf5,
    0x00, 0x00, 0x03, 0xff, 0xfd, 0x10, 0x00, 0x00,
    0x00, 0x00, 0x8f, 0xfe, 0x00, 0x00, 0x04, 0xff,
    0xfe, 0x10, 0x00, 0x00, 0x00, 0x00, 0x1f, 0xff,
    0x80, 0x00, 0x07, 0xff, 0xfe, 0x20, 0x1d, 0x91,
    0x00, 0x00, 0x08, 0xff, 0xf1, 0x00, 0x2c, 0xff,
    0xfd, 0x20, 0x1d, 0xff, 0xe5, 0x00, 0x01, 0xff,
    0xf9, 0x00, 0x02, 0xdf, 0xfb, 0x10, 0x01, 0xaf,
    0xff, 0xfb, 0x10, 0xaf, 0xff, 0x10, 0x00, 0x00,
    0xa8, 0x00, 0x00, 0x00, 0x4e, 0xff, 0xfe, 0x9f,
    0xff, 0x60, 0x00, 0x00, 0x00, 0x00, 0x00, 0x00,
    0x00, 0x1a, 0xff, 0xff, 0xff, 0xc0, 0x00, 0x00,
    0x00, 0x00, 0x00, 0x00, 0x00, 0x00, 0x06, 0xff,
    0xff, 0xf6, 0x00, 0x00, 0x00, 0x00, 0x00, 0x00,
    0x00, 0x00, 0x00, 0x1d, 0xff, 0xff, 0xf8, 0x00,
    0x00, 0x00, 0x00, 0x00, 0x00, 0x00, 0x00, 0x1d,
    0xff, 0xff, 0xff, 0xfb, 0x10, 0x00, 0x00, 0x00,
    0x00, 0x00, 0x00, 0x3e, 0xff, 0xf8, 0x6f, 0xff,
    0xf2, 0x00, 0x00, 0x00, 0x00, 0x00, 0x00, 0x7f,
    0xff, 0xf8, 0x00, 0x3e, 0xf4, 0x00, 0x00, 0x00,
    0x00, 0x00, 0x03, 0xdf, 0xff, 0xf6, 0x00, 0x00,
    0x15, 0x00, 0x00, 0x00, 0x00, 0x00, 0x3b, 0xff,
    0xff, 0xe3, 0x00, 0x00, 0x00, 0x00, 0x00, 0x00,
    0x00, 0x17, 0xdf, 0xff, 0xff, 0xa1, 0x00, 0x00,
    0x00, 0x00, 0x00, 0x00, 0x00, 0x04, 0xff, 0xff,
    0xfc, 0x30, 0x00, 0x00, 0x00, 0x00, 0x00, 0x00,
    0x00, 0x00, 0x03, 0xef, 0xc4, 0x00, 0x00, 0x00,
    0x00, 0x00, 0x00, 0x00, 0x00, 0x00, 0x00, 0x01,
    0x20, 0x00, 0x00, 0x00, 0x00, 0x00, 0x00, 0x00,
    0x00, 0x00,

    /* U+30C0 "ダ" */
    0x00, 0x00, 0x00, 0x00, 0x00, 0x00, 0x00, 0x00,
    0x00, 0x00, 0x00, 0x00, 0x37, 0x00, 0x00, 0x00,
    0x00, 0x00, 0x00, 0x00, 0x00, 0x00, 0x00, 0x00,
    0x00, 0x21, 0x2f, 0xf4, 0x00, 0x00, 0x00, 0x00,
    0x00, 0x00, 0x0d, 0x94, 0x00, 0x00, 0x00, 0x7f,
    0xb0, 0x7f, 0xe0, 0x00, 0x00, 0x00, 0x00, 0x00,
    0x05, 0xff, 0xf5, 0x00, 0x00, 0x02, 0xff, 0x50,
    0xdf, 0x80, 0x00, 0x00, 0x00, 0x00, 0x00, 0xdf,
    0xfc, 0x00, 0x00, 0x00, 0x08, 0xfe, 0x05, 0xf9,
    0x00, 0x00, 0x00, 0x00, 0x00, 0x6f, 0xff, 0x30,
    0x00, 0x00, 0x00, 0x0e, 0xf5, 0x01, 0x00, 0x00,
    0x00, 0x00, 0x00, 0x1e, 0xff, 0xfb, 0xbb, 0xbb,
    0xbb, 0xbc, 0xf6, 0x00, 0x00, 0x00, 0x00, 0x00,
    0x00, 0x0a, 0xff, 0xff, 0xff, 0xff, 0xff, 0xff,
    0xff, 0xf6, 0x00, 0x00, 0x00, 0x00, 0x00, 0x06,
    0xff, 0xff, 0xff, 0xff, 0xff, 0xff, 0xff, 0xff,
    0x20, 0x00, 0x00, 0x00, 0x00, 0x04, 0xff, 0xf9,
    0x00, 0x00, 0x00, 0x00, 0x0b, 0xff, 0xc0, 0x00,
    0x00, 0x00, 0x00, 0x02, 0xff, 0xfc, 0x00, 0x00,
    0x00, 0x00, 0x00, 0xff, 0xf7, 0x00, 0x00, 0x00,
    0x00, 0x02, 0xef, 0xfe, 0x10, 0x00, 0x00, 0x00,
    0x00, 0x6f, 0xff, 0x10, 0x00, 0x00, 0x00, 0x03,
    0xef, 0xfe, 0x20, 0x00, 0x00, 0x00, 0x00, 0x0d,
    0xff, 0xa0, 0x00, 0x00, 0x00, 0x07, 0xff, 0xfe,
    0x20, 0x0c, 0xc2, 0x00, 0x00, 0x05, 0xff, 0xf3,
    0x00, 0x00, 0x00, 0x1b, 0xff, 0xfe, 0x20, 0x0c,
    0xff, 0xf8, 0x00, 0x00, 0xef, 0xfb, 0x00, 0x00,
    0x00, 0x01, 0xbf, 0xfc, 0x10, 0x00, 0x7f, 0xff,
    0xfd, 0x30, 0x8f, 0xff, 0x20, 0x00, 0x00, 0x00,
    0x00, 0x78, 0x00, 0x00, 0x00, 0x2c, 0xff, 0xff,
    0xaf, 0xff, 0x80, 0x00, 0x00, 0x00, 0x00, 0x00,
    0x00, 0x00, 0x00, 0x00, 0x07, 0xff, 0xff, 0xff,
    0xd0, 0x00, 0x00, 0x00, 0x00, 0x00, 0x00, 0x00,
    0x00, 0x00, 0x00, 0x03, 0xdf, 0xff, 0xf9, 0x00,
    0x00, 0x00, 0x00, 0x00, 0x00, 0x00, 0x00, 0x00,
    0x00, 0x00, 0x0c, 0xff, 0xff, 0xfb, 0x10, 0x00,
    0x00, 0x00, 0x00, 0x00, 0x00, 0x00, 0x00, 0x00,
    0x1c, 0xff, 0xff, 0xff, 0xfe, 0x30, 0x00, 0x00,
    0x00, 0x00, 0x00, 0x00, 0x00, 0x00, 0x2d, 0xff,
    0xf9, 0x3e, 0xff, 0xf3, 0x00, 0x00, 0x00, 0x00,
    0x00, 0x00, 0x00, 0x00, 0x7f, 0xff, 0xf8, 0x00,
    0x1c, 0xf5, 0x00, 0x00, 0x00, 0x00, 0x00, 0x00,
    0x00, 0x03, 0xcf, 0xff, 0xf7, 0x00, 0x00, 0x05,
    0x00, 0x00, 0x00, 0x00, 0x00, 0x00, 0x00, 0x3a,
    0xff, 0xff, 0xe4, 0x00, 0x00, 0x00, 0x00, 0x00,
    0x00, 0x00, 0x00, 0x00, 0x17, 0xdf, 0xff, 0xff,
    0xa1, 0x00, 0x00, 0x00, 0x00, 0x00, 0x00, 0x00,
    0x00, 0x00, 0x02, 0xdf, 0xff, 0xfc, 0x40, 0x00,
    0x00, 0x00, 0x00, 0x00, 0x00, 0x00, 0x00, 0x00,
    0x00, 0x01, 0xcf, 0xb4, 0x00, 0x00, 0x00, 0x00,
    0x00, 0x00, 0x00, 0x00, 0x00, 0x00, 0x00, 0x00,
    0x00, 0x20, 0x00, 0x00, 0x00, 0x00, 0x00, 0x00,
    0x00, 0x00, 0x00, 0x00, 0x00,

    /* U+30C1 "チ" */
    0x00, 0x00, 0x00, 0x00, 0x00, 0x00, 0x00, 0x00,
    0x00, 0x00, 0x20, 0x00, 0x00, 0x00, 0x00, 0x00,
    0x00, 0x00, 0x00, 0x00, 0x00, 0x25, 0x9e, 0xf3,
    0x00, 0x00, 0x00, 0x00, 0x00, 0x11, 0x23, 0x45,
    0x79, 0xcf, 0xff, 0xff, 0xfe, 0x10, 0x00, 0x00,
    0x1f, 0xff, 0xff, 0xff, 0xff, 0xff, 0xff, 0xff,
    0xff, 0xd9, 0x30, 0x00, 0x00, 0x0c, 0xff, 0xff,
    0xff, 0xff, 0xff, 0xfd, 0xa7, 0x41, 0x00, 0x00,
    0x00, 0x00, 0x06, 0xaa, 0x99, 0x87, 0x65, 0xff,
    0xf1, 0x00, 0x00, 0x00, 0x00, 0x00, 0x00, 0x00,
    0x00, 0x00, 0x00, 0x00, 0xff, 0xf1, 0x00, 0x00,
    0x00, 0x00, 0x00, 0x00, 0x00, 0x00, 0x00, 0x00,
    0x00, 0xff, 0xf1, 0x00, 0x00, 0x00, 0x00, 0x00,
    0x00, 0x00, 0x00, 0x00, 0x00, 0x00, 0xff, 0xf1,
    0x00, 0x00, 0x00, 0x00, 0x00, 0x00, 0x00, 0x00,
    0x00, 0x00, 0x00, 0xff, 0xf1, 0x00, 0x00, 0x00,
    0x00, 0x00, 0x7e, 0xed, 0xdd, 0xdd, 0xdd, 0xdd,
    0xff, 0xfe, 0xdd, 0xdd, 0xdd, 0xdd, 0xe8, 0x7f,
    0xff, 0xff, 0xff, 0xff, 0xff, 0xff, 0xff, 0xff,
    0xff, 0xff, 0xff, 0xf9, 0x7f, 0xff, 0xff, 0xff,
    0xff, 0xff, 0xff, 0xff, 0xff, 0xff, 0xff, 0xff,
    0xf9, 0x00, 0x00, 0x00, 0x00, 0x00, 0x02, 0xff,
    0xf0, 0x00, 0x00, 0x00, 0x00, 0x00, 0x00, 0x00,
    0x00, 0x00, 0x00, 0x05, 0xff, 0xd0, 0x00, 0x00,
    0x00, 0x00, 0x00, 0x00, 0x00, 0x00, 0x00, 0x00,
    0x08, 0xff, 0xa0, 0x00, 0x00, 0x00, 0x00, 0x00,
    0x00, 0x00, 0x00, 0x00, 0x00, 0x0d, 0xff, 0x60,
    0x00, 0x00, 0x00, 0x00, 0x00, 0x00, 0x00, 0x00,
    0x00, 0x00, 0x4f, 0xff, 0x10, 0x00, 0x00, 0x00,
    0x00, 0x00, 0x00, 0x00, 0x00, 0x00, 0x00, 0xdf,
    0xfb, 0x00, 0x00, 0x00, 0x00, 0x00, 0x00, 0x00,
    0x00, 0x00, 0x00, 0x08, 0xff, 0xf4, 0x00, 0x00,
    0x00, 0x00, 0x00, 0x00, 0x00, 0x00, 0x00, 0x00,
    0x6f, 0xff, 0xa0, 0x00, 0x00, 0x00, 0x00, 0x00,
    0x00, 0x00, 0x00, 0x00, 0x08, 0xff, 0xfe, 0x10,
    0x00, 0x00, 0x00, 0x00, 0x00, 0x00, 0x00, 0x00,
    0x03, 0xcf, 0xff, 0xe3, 0x00, 0x00, 0x00, 0x00,
    0x00, 0x00, 0x00, 0x00, 0x00, 0x4f, 0xff, 0xfe,
    0x20, 0x00, 0x00, 0x00, 0x00, 0x00, 0x00, 0x00,
    0x00, 0x00, 0x03, 0xdf, 0xa1, 0x00, 0x00, 0x00,
    0x00, 0x00, 0x00, 0x00, 0x00, 0x00, 0x00, 0x00,
    0x04, 0x00, 0x00, 0x00, 0x00, 0x00, 0x00, 0x00,
    0x00, 0x00,

    /* U+30C3 "ッ" */
    0x00, 0x00, 0x00, 0x00, 0x01, 0x50, 0x00, 0x00,
    0x00, 0x00, 0x00, 0x00, 0x00, 0x00, 0x00, 0xbf,
    0xf3, 0x00, 0x00, 0x00, 0x55, 0x00, 0x02, 0x7c,
    0x10, 0x00, 0x8f, 0xf9, 0x00, 0x00, 0x00, 0xbf,
    0xf7, 0x0c, 0xff, 0x70, 0x00, 0x2f, 0xfe, 0x00,
    0x00, 0x00, 0xef, 0xf5, 0x05, 0xff, 0xd0, 0x00,
    0x0c, 0xff, 0x50, 0x00, 0x02, 0xff, 0xf1, 0x00,
    0xef, 0xf4, 0x00, 0x06, 0xff, 0xa0, 0x00, 0x06,
    0xff, 0xc0, 0x00, 0x8f, 0xfa, 0x00, 0x01, 0xff,
    0xf0, 0x00, 0x0c, 0xff, 0x70, 0x00, 0x2f, 0xff,
    0x10, 0x00, 0xb9, 0x30, 0x00, 0x2f, 0xff, 0x10,
    0x00, 0x0c, 0xff, 0x60, 0x00, 0x00, 0x00, 0x00,
    0x9f, 0xfb, 0x00, 0x00, 0x06, 0x93, 0x00, 0x00,
    0x00, 0x00, 0x02, 0xff, 0xf4, 0x00, 0x00, 0x00,
    0x00, 0x00, 0x00, 0x00, 0x00, 0x0c, 0xff, 0xc0,
    0x00, 0x00, 0x00, 0x00, 0x00, 0x00, 0x00, 0x00,
    0x7f, 0xff, 0x30, 0x00, 0x00, 0x00, 0x00, 0x00,
    0x00, 0x00, 0x05, 0xff, 0xf8, 0x00, 0x00, 0x00,
    0x00, 0x00, 0x00, 0x00, 0x00, 0x6f, 0xff, 0xb0,
    0x00, 0x00, 0x00, 0x00, 0x00, 0x00, 0x00, 0x09,
    0xff, 0xfd, 0x10, 0x00, 0x00, 0x00, 0x00, 0x00,
    0x00, 0x03, 0xdf, 0xff, 0xd1, 0x00, 0x00, 0x00,
    0x00, 0x00, 0x00, 0x02, 0xaf, 0xff, 0xfc, 0x10,
    0x00, 0x00, 0x00, 0x00, 0x00, 0x05, 0xbf, 0xff,
    0xff, 0x80, 0x00, 0x00, 0x00, 0x00, 0x00, 0x00,
    0x0c, 0xff, 0xff, 0xc3, 0x00, 0x00, 0x00, 0x00,
    0x00, 0x00, 0x00, 0x01, 0xcf, 0xd5, 0x00, 0x00,
    0x00, 0x00, 0x00, 0x00, 0x00, 0x00, 0x00, 0x14,
    0x00, 0x00, 0x00, 0x00, 0x00, 0x00, 0x00,

    /* U+30C6 "テ" */
    0x00, 0x00, 0x43, 0x22, 0x22, 0x22, 0x22, 0x22,
    0x22, 0x22, 0x24, 0x00, 0x00, 0x00, 0x00, 0xef,
    0xff, 0xff, 0xff, 0xff, 0xff, 0xff, 0xff, 0xff,
    0x10, 0x00, 0x00, 0x00, 0xef, 0xff, 0xff, 0xff,
    0xff, 0xff, 0xff, 0xff, 0xff, 0x10, 0x00, 0x00,
    0x00, 0xaa, 0xaa, 0xaa, 0xaa, 0xaa, 0xaa, 0xaa,
    0xaa, 0xab, 0x10, 0x00, 0x00, 0x00, 0x00, 0x00,
    0x00, 0x00, 0x00, 0x00, 0x00, 0x00, 0x00, 0x00,
    0x00, 0x00, 0x00, 0x00, 0x00, 0x00, 0x00, 0x00,
    0x00, 0x00, 0x00, 0x00, 0x00, 0x00, 0x00, 0x00,
    0x00, 0x00, 0x00, 0x00, 0x00, 0x00, 0x00, 0x00,
    0x00, 0x00, 0x00, 0x00, 0x00, 0x00, 0x00, 0x00,
    0x00, 0x00, 0x00, 0x00, 0x00, 0x00, 0x00, 0x00,
    0x6d, 0xdc, 0xcc, 0xcc, 0xcc, 0xcc, 0xcc, 0xcc,
    0xcc, 0xcc, 0xcc, 0xcc, 0xd5, 0x7f, 0xff, 0xff,
    0xff, 0xff, 0xff, 0xff, 0xff, 0xff, 0xff, 0xff,
    0xff, 0xf6, 0x7f, 0xff, 0xff, 0xff, 0xff, 0xff,
    0xff, 0xff, 0xff, 0xff, 0xff, 0xff, 0xf6, 0x11,
    0x11, 0x11, 0x11, 0x11, 0x12, 0xff, 0xf3, 0x11,
    0x11, 0x11, 0x11, 0x10, 0x00, 0x00, 0x00, 0x00,
    0x00, 0x02, 0xff, 0xf1, 0x00, 0x00, 0x00, 0x00,
    0x00, 0x00, 0x00, 0x00, 0x00, 0x00, 0x04, 0xff,
    0xf0, 0x00, 0x00, 0x00, 0x00, 0x00, 0x00, 0x00,
    0x00, 0x00, 0x00, 0x07, 0xff, 0xc0, 0x00, 0x00,
    0x00, 0x00, 0x00, 0x00, 0x00, 0x00, 0x00, 0x00,
    0x0a, 0xff, 0x90, 0x00, 0x00, 0x00, 0x00, 0x00,
    0x00, 0x00, 0x00, 0x00, 0x00, 0x0f, 0xff, 0x50,
    0x00, 0x00, 0x00, 0x00, 0x00, 0x00, 0x00, 0x00,
    0x00, 0x00, 0x7f, 0xff, 0x00, 0x00, 0x00, 0x00,
    0x00, 0x00, 0x00, 0x00, 0x00, 0x00, 0x02, 0xff,
    0xf9, 0x00, 0x00, 0x00, 0x00, 0x00, 0x00, 0x00,
    0x00, 0x00, 0x00, 0x1d, 0xff, 0xf1, 0x00, 0x00,
    0x00, 0x00, 0x00, 0x00, 0x00, 0x00, 0x00, 0x02,
    0xdf, 0xff, 0x50, 0x00, 0x00, 0x00, 0x00, 0x00,
    0x00, 0x00, 0x00, 0x00, 0x5f, 0xff, 0xf7, 0x00,
    0x00, 0x00, 0x00, 0x00, 0x00, 0x00, 0x00, 0x00,
    0x1c, 0xff, 0xff, 0x70, 0x00, 0x00, 0x00, 0x00,
    0x00, 0x00, 0x00, 0x00, 0x00, 0x04, 0xef, 0xe4,
    0x00, 0x00, 0x00, 0x00, 0x00, 0x00, 0x00, 0x00,
    0x00, 0x00, 0x00, 0x17, 0x10, 0x00, 0x00, 0x00,
    0x00, 0x00, 0x00, 0x00, 0x00,

    /* U+30C8 "ト" */
    0x37, 0x77, 0x10, 0x00, 0x00, 0x00, 0x00, 0x00,
    0x05, 0xff, 0xf1, 0x00, 0x00, 0x00, 0x00, 0x00,
    0x00, 0x4f, 0xff, 0x00, 0x00, 0x00, 0x00, 0x00,
    0x00, 0x03, 0xff, 0xf0, 0x00, 0x00, 0x00, 0x00,
    0x00, 0x00, 0x3f, 0xff, 0x00, 0x00, 0x00, 0x00,
    0x00, 0x00, 0x03, 0xff, 0xf0, 0x00, 0x00, 0x00,
    0x00, 0x00, 0x00, 0x3f, 0xff, 0x00, 0x00, 0x00,
    0x00, 0x00, 0x00, 0x03, 0xff, 0xf0, 0x00, 0x00,
    0x00, 0x00, 0x00, 0x00, 0x3f, 0xff, 0x40, 0x00,
    0x00, 0x00, 0x00, 0x00, 0x03, 0xff, 0xff, 0xfa,
    0x40, 0x00, 0x00, 0x00, 0x00, 0x3f, 0xff, 0xff,
    0xff, 0xe9, 0x30, 0x00, 0x00, 0x03, 0xff, 0xff,
    0xff, 0xff, 0xff, 0xd7, 0x10, 0x00, 0x3f, 0xff,
    0x27, 0xdf, 0xff, 0xff, 0xff, 0xa3, 0x03, 0xff,
    0xf0, 0x00, 0x29, 0xef, 0xff, 0xff, 0xf7, 0x3f,
    0xff, 0x00, 0x00, 0x00, 0x5c, 0xff, 0xff, 0x23,
    0xff, 0xf0, 0x00, 0x00, 0x00, 0x03, 0xbf, 0xc0,
    0x3f, 0xff, 0x00, 0x00, 0x00, 0x00, 0x00, 0x34,
    0x03, 0xff, 0xf0, 0x00, 0x00, 0x00, 0x00, 0x00,
    0x00, 0x3f, 0xff, 0x00, 0x00, 0x00, 0x00, 0x00,
    0x00, 0x03, 0xff, 0xf0, 0x00, 0x00, 0x00, 0x00,
    0x00, 0x00, 0x3f, 0xff, 0x00, 0x00, 0x00, 0x00,
    0x00, 0x00, 0x03, 0xff, 0xf0, 0x00, 0x00, 0x00,
    0x00, 0x00, 0x00, 0x4f, 0xff, 0x00, 0x00, 0x00,
    0x00, 0x00, 0x00, 0x05, 0xff, 0xf1, 0x00, 0x00,
    0x00, 0x00, 0x00, 0x00, 0x6f, 0xff, 0x20, 0x00,
    0x00, 0x00, 0x00, 0x00, 0x00, 0x00, 0x00, 0x00,
    0x00, 0x00, 0x00, 0x00, 0x00,

    /* U+30C9 "ド" */
    0x00, 0x00, 0x00, 0x00, 0x00, 0x00, 0x00, 0x04,
    0x00, 0x06, 0xff, 0xf2, 0x00, 0x00, 0x00, 0x00,
    0x1e, 0xf6, 0x00, 0x4f, 0xff, 0x10, 0x00, 0x00,
    0x4b, 0x30, 0x9f, 0xf1, 0x03, 0xff, 0xf0, 0x00,
    0x00, 0x0b, 0xfd, 0x00, 0xef, 0xa0, 0x3f, 0xff,
    0x00, 0x00, 0x00, 0x1f, 0xf7, 0x05, 0xff, 0x43,
    0xff, 0xf0, 0x00, 0x00, 0x00, 0x8f, 0xf1, 0x0b,
    0x70, 0x3f, 0xff, 0x00, 0x00, 0x00, 0x00, 0xef,
    0x60, 0x00, 0x03, 0xff, 0xf0, 0x00, 0x00, 0x00,
    0x04, 0x20, 0x00, 0x00, 0x3f, 0xff, 0x00, 0x00,
    0x00, 0x00, 0x00, 0x00, 0x00, 0x03, 0xff, 0xfd,
    0x83, 0x00, 0x00, 0x00, 0x00, 0x00, 0x00, 0x3f,
    0xff, 0xff, 0xfe, 0x82, 0x00, 0x00, 0x00, 0x00,
    0x03, 0xff, 0xff, 0xff, 0xff, 0xfc, 0x61, 0x00,
    0x00, 0x00, 0x3f, 0xff, 0x8e, 0xff, 0xff, 0xff,
    0xf9, 0x20, 0x00, 0x03, 0xff, 0xf0, 0x04, 0x9f,
    0xff, 0xff, 0xff, 0xb3, 0x00, 0x3f, 0xff, 0x00,
    0x00, 0x06, 0xcf, 0xff, 0xff, 0x50, 0x03, 0xff,
    0xf0, 0x00, 0x00, 0x00, 0x3a, 0xff, 0xe0, 0x00,
    0x3f, 0xff, 0x00, 0x00, 0x00, 0x00, 0x02, 0x98,
    0x00, 0x03, 0xff, 0xf0, 0x00, 0x00, 0x00, 0x00,
    0x00, 0x00, 0x00, 0x3f, 0xff, 0x00, 0x00, 0x00,
    0x00, 0x00, 0x00, 0x00, 0x03, 0xff, 0xf0, 0x00,
    0x00, 0x00, 0x00, 0x00, 0x00, 0x00, 0x3f, 0xff,
    0x00, 0x00, 0x00, 0x00, 0x00, 0x00, 0x00, 0x03,
    0xff, 0xf0, 0x00, 0x00, 0x00, 0x00, 0x00, 0x00,
    0x00, 0x3f, 0xff, 0x00, 0x00, 0x00, 0x00, 0x00,
    0x00, 0x00, 0x04, 0xff, 0xf0, 0x00, 0x00, 0x00,
    0x00, 0x00, 0x00, 0x00, 0x5f, 0xff, 0x20, 0x00,
    0x00, 0x00, 0x00, 0x00, 0x00, 0x03, 0x88, 0x81,
    0x00, 0x00, 0x00, 0x00, 0x00, 0x00, 0x00,

    /* U+30CA "ナ" */
    0x00, 0x00, 0x00, 0x00, 0x00, 0x01, 0xaa, 0xa5,
    0x00, 0x00, 0x00, 0x00, 0x00, 0x00, 0x00, 0x00,
    0x00, 0x00, 0x00, 0xff, 0xf6, 0x00, 0x00, 0x00,
    0x00, 0x00, 0x00, 0x00, 0x00, 0x00, 0x00, 0x00,
    0xff, 0xf5, 0x00, 0x00, 0x00, 0x00, 0x00, 0x00,
    0x00, 0x00, 0x00, 0x00, 0x00, 0xef, 0xf5, 0x00,
    0x00, 0x00, 0x00, 0x00, 0x00, 0x00, 0x00, 0x00,
    0x00, 0x00, 0xef, 0xf5, 0x00, 0x00, 0x00, 0x00,
    0x00, 0x00, 0x00, 0x00, 0x00, 0x00, 0x00, 0xef,
    0xf5, 0x00, 0x00, 0x00, 0x00, 0x00, 0x00, 0x00,
    0x00, 0x00, 0x00, 0x00, 0xef, 0xf5, 0x00, 0x00,
    0x00, 0x00, 0x00, 0x4d, 0xcc, 0xcc, 0xcc, 0xcc,
    0xcc, 0xff, 0xfd, 0xcc, 0xcc, 0xcc, 0xcc, 0xc8,
    0x5f, 0xff, 0xff, 0xff, 0xff, 0xff, 0xff, 0xff,
    0xff, 0xff, 0xff, 0xff, 0xfa, 0x5f, 0xff, 0xff,
    0xff, 0xff, 0xff, 0xff, 0xff, 0xff, 0xff, 0xff,
    0xff, 0xfa, 0x15, 0x44, 0x44, 0x44, 0x44, 0x44,
    0xff, 0xf7, 0x44, 0x44, 0x44, 0x44, 0x43, 0x00,
    0x00, 0x00, 0x00, 0x00, 0x00, 0xff, 0xf4, 0x00,
    0x00, 0x00, 0x00, 0x00, 0x00, 0x00, 0x00, 0x00,
    0x00, 0x01, 0xff, 0xf2, 0x00, 0x00, 0x00, 0x00,
    0x00, 0x00, 0x00, 0x00, 0x00, 0x00, 0x04, 0xff,
    0xf0, 0x00, 0x00, 0x00, 0x00, 0x00, 0x00, 0x00,
    0x00, 0x00, 0x00, 0x08, 0xff, 0xd0, 0x00, 0x00,
    0x00, 0x00, 0x00, 0x00, 0x00, 0x00, 0x00, 0x00,
    0x0d, 0xff, 0xa0, 0x00, 0x00, 0x00, 0x00, 0x00,
    0x00, 0x00, 0x00, 0x00, 0x00, 0x3f, 0xff, 0x50,
    0x00, 0x00, 0x00, 0x00, 0x00, 0x00, 0x00, 0x00,
    0x00, 0x00, 0xcf, 0xfe, 0x00, 0x00, 0x00, 0x00,
    0x00, 0x00, 0x00, 0x00, 0x00, 0x00, 0x06, 0xff,
    0xf7, 0x00, 0x00, 0x00, 0x00, 0x00, 0x00, 0x00,
    0x00, 0x00, 0x00, 0x3f, 0xff, 0xe0, 0x00, 0x00,
    0x00, 0x00, 0x00, 0x00, 0x00, 0x00, 0x00, 0x04,
    0xff, 0xff, 0x40, 0x00, 0x00, 0x00, 0x00, 0x00,
    0x00, 0x00, 0x00, 0x00, 0x7f, 0xff, 0xf6, 0x00,
    0x00, 0x00, 0x00, 0x00, 0x00, 0x00, 0x00, 0x00,
    0x5d, 0xff, 0xff, 0x70, 0x00, 0x00, 0x00, 0x00,
    0x00, 0x00, 0x00, 0x00, 0x00, 0x6f, 0xff, 0xf5,
    0x00, 0x00, 0x00, 0x00, 0x00, 0x00, 0x00, 0x00,
    0x00, 0x00, 0x02, 0xdc, 0x20, 0x00, 0x00, 0x00,
    0x00, 0x00, 0x00, 0x00, 0x00, 0x00, 0x00, 0x00,
    0x00, 0x00, 0x00, 0x00, 0x00, 0x00, 0x00, 0x00,
    0x00, 0x00,

    /* U+30CD "ネ" */
    0x00, 0x00, 0x00, 0x00, 0x00, 0x01, 0x66, 0x60,
    0x00, 0x00, 0x00, 0x00, 0x00, 0x00, 0x00, 0x00,
    0x00, 0x00, 0x00, 0x3f, 0xff, 0x00, 0x00, 0x00,
    0x00, 0x00, 0x00, 0x00, 0x00, 0x00, 0x00, 0x00,
    0x02, 0xff, 0xf0, 0x00, 0x00, 0x00, 0x00, 0x00,
    0x00, 0x00, 0x00, 0x00, 0x00, 0x00, 0x2f, 0xfe,
    0x00, 0x00, 0x00, 0x00, 0x00, 0x00, 0x00, 0x00,
    0x00, 0x00, 0x00, 0x02, 0xff, 0xe0, 0x00, 0x00,
    0x01, 0x00, 0x00, 0x00, 0x07, 0xff, 0xee, 0xee,
    0xee, 0xff, 0xff, 0xee, 0xee, 0xef, 0xe3, 0x00,
    0x00, 0x00, 0x7f, 0xff, 0xff, 0xff, 0xff, 0xff,
    0xff, 0xff, 0xff, 0xff, 0xf2, 0x00, 0x00, 0x07,
    0xfe, 0xee, 0xee, 0xee, 0xee, 0xee, 0xee, 0xef,
    0xff, 0xfa, 0x00, 0x00, 0x00, 0x00, 0x00, 0x00,
    0x00, 0x00, 0x00, 0x00, 0x06, 0xff, 0xfb, 0x00,
    0x00, 0x00, 0x00, 0x00, 0x00, 0x00, 0x00, 0x00,
    0x00, 0x05, 0xff, 0xfc, 0x00, 0x00, 0x00, 0x00,
    0x00, 0x00, 0x00, 0x00, 0x00, 0x00, 0x06, 0xff,
    0xfd, 0x10, 0x00, 0x00, 0x00, 0x00, 0x00, 0x00,
    0x00, 0x00, 0x00, 0x08, 0xff, 0xfd, 0x10, 0x00,
    0x00, 0x00, 0x00, 0x00, 0x00, 0x00, 0x00, 0x00,
    0x2c, 0xff, 0xfc, 0x10, 0x00, 0x00, 0x00, 0x00,
    0x00, 0x00, 0x00, 0x00, 0x00, 0x7f, 0xff, 0xfa,
    0x00, 0x00, 0x00, 0x00, 0x00, 0x00, 0x00, 0x00,
    0x00, 0x05, 0xef, 0xff, 0xf7, 0x00, 0x29, 0x10,
    0x00, 0x00, 0x00, 0x00, 0x00, 0x00, 0x6d, 0xff,
    0xff, 0xfe, 0x00, 0x1d, 0xff, 0x80, 0x00, 0x00,
    0x00, 0x00, 0x28, 0xef, 0xff, 0xff, 0xff, 0xe0,
    0x07, 0xff, 0xff, 0xe5, 0x00, 0x01, 0x49, 0xdf,
    0xff, 0xff, 0xf8, 0x4f, 0xfe, 0x00, 0x03, 0xcf,
    0xff, 0xfb, 0x10, 0x6f, 0xff, 0xff, 0xfd, 0x71,
    0x03, 0xff, 0xe0, 0x00, 0x00, 0x6f, 0xff, 0xff,
    0x20, 0xcf, 0xff, 0xa4, 0x00, 0x00, 0x3f, 0xfe,
    0x00, 0x00, 0x00, 0x1b, 0xff, 0xa0, 0x02, 0xa5,
    0x00, 0x00, 0x00, 0x03, 0xff, 0xe0, 0x00, 0x00,
    0x00, 0x07, 0xd0, 0x00, 0x00, 0x00, 0x00, 0x00,
    0x00, 0x3f, 0xfe, 0x00, 0x00, 0x00, 0x00, 0x00,
    0x00, 0x00, 0x00, 0x00, 0x00, 0x00, 0x03, 0xff,
    0xe0, 0x00, 0x00, 0x00, 0x00, 0x00, 0x00, 0x00,
    0x00, 0x00, 0x00, 0x00, 0x3f, 0xfe, 0x00, 0x00,
    0x00, 0x00, 0x00, 0x00, 0x00, 0x00, 0x00, 0x00,
    0x00, 0x03, 0xff, 0xe0, 0x00, 0x00, 0x00, 0x00,
    0x00, 0x00, 0x00, 0x00, 0x00, 0x00, 0x00, 0x4f,
    0xff, 0x00, 0x00, 0x00, 0x00, 0x00, 0x00, 0x00,
    0x00, 0x00, 0x00, 0x00, 0x01, 0x55, 0x50, 0x00,
    0x00, 0x00, 0x00, 0x00, 0x00,

    /* U+30D0 "バ" */
    0x00, 0x00, 0x00, 0x00, 0x00, 0x00, 0x00, 0x00,
    0x00, 0x00, 0x00, 0x01, 0x7a, 0x00, 0x00, 0x00,
    0x00, 0x00, 0x00, 0x00, 0x00, 0x00, 0x00, 0x00,
    0x00, 0x53, 0x1e, 0xf7, 0x00, 0x00, 0x00, 0x00,
    0x00, 0x00, 0x00, 0x00, 0x00, 0x00, 0x00, 0x8f,
    0xd0, 0x5f, 0xf1, 0x00, 0x00, 0x00, 0x00, 0x00,
    0x00, 0x00, 0x00, 0x00, 0x00, 0x00, 0xef, 0x70,
    0xbf, 0xa0, 0x00, 0x00, 0x00, 0x00, 0x41, 0x00,
    0x00, 0x00, 0x05, 0x90, 0x05, 0xff, 0x13, 0xd6,
    0x00, 0x00, 0x00, 0x00, 0x0f, 0xfe, 0x50, 0x00,
    0x2f, 0xff, 0x60, 0x0d, 0xe4, 0x00, 0x00, 0x00,
    0x00, 0x00, 0x02, 0xff, 0xf3, 0x00, 0x00, 0xbf,
    0xfd, 0x00, 0x20, 0x00, 0x00, 0x00, 0x00, 0x00,
    0x00, 0x5f, 0xff, 0x00, 0x00, 0x03, 0xff, 0xf6,
    0x00, 0x00, 0x00, 0x00, 0x00, 0x00, 0x00, 0x08,
    0xff, 0xb0, 0x00, 0x00, 0x0b, 0xff, 0xd0, 0x00,
    0x00, 0x00, 0x00, 0x00, 0x00, 0x00, 0xcf, 0xf8,
    0x00, 0x00, 0x00, 0x4f, 0xff, 0x40, 0x00, 0x00,
    0x00, 0x00, 0x00, 0x00, 0x0f, 0xff, 0x40, 0x00,
    0x00, 0x00, 0xdf, 0xfb, 0x00, 0x00, 0x00, 0x00,
    0x00, 0x00, 0x04, 0xff, 0xf0, 0x00, 0x00, 0x00,
    0x06, 0xff, 0xf2, 0x00, 0x00, 0x00, 0x00, 0x00,
    0x00, 0x9f, 0xfb, 0x00, 0x00, 0x00, 0x00, 0x0f,
    0xff, 0x90, 0x00, 0x00, 0x00, 0x00, 0x00, 0x0e,
    0xff, 0x70, 0x00, 0x00, 0x00, 0x00, 0x9f, 0xff,
    0x00, 0x00, 0x00, 0x00, 0x00, 0x04, 0xff, 0xf2,
    0x00, 0x00, 0x00, 0x00, 0x02, 0xff, 0xf6, 0x00,
    0x00, 0x00, 0x00, 0x00, 0xaf, 0xfd, 0x00, 0x00,
    0x00, 0x00, 0x00, 0x0c, 0xff, 0xc0, 0x00, 0x00,
    0x00, 0x00, 0x1f, 0xff, 0x70, 0x00, 0x00, 0x00,
    0x00, 0x00, 0x6f, 0xff, 0x20, 0x00, 0x00, 0x00,
    0x08, 0xff, 0xf1, 0x00, 0x00, 0x00, 0x00, 0x00,
    0x01, 0xff, 0xf7, 0x00, 0x00, 0x00, 0x01, 0xff,
    0xfa, 0x00, 0x00, 0x00, 0x00, 0x00, 0x00, 0x0b,
    0xff, 0xd0, 0x00, 0x00, 0x00, 0x8f, 0xff, 0x30,
    0x00, 0x00, 0x00, 0x00, 0x00, 0x00, 0x6f, 0xff,
    0x30, 0x00, 0x00, 0x2f, 0xff, 0xb0, 0x00, 0x00,
    0x00, 0x00, 0x00, 0x00, 0x01, 0xff, 0xf8, 0x00,
    0x00, 0x0b, 0xff, 0xf3, 0x00, 0x00, 0x00, 0x00,
    0x00, 0x00, 0x00, 0x0c, 0xff, 0xd0, 0x00, 0x05,
    0xff, 0xfa, 0x00, 0x00, 0x00, 0x00, 0x00, 0x00,
    0x00, 0x00, 0x7f, 0xff, 0x20, 0x01, 0xef, 0xff,
    0x10, 0x00, 0x00, 0x00, 0x00, 0x00, 0x00, 0x00,
    0x03, 0xff, 0xf7, 0x00, 0x17, 0xdf, 0x70, 0x00,
    0x00, 0x00, 0x00, 0x00, 0x00, 0x00, 0x00, 0x0f,
    0xfa, 0x30, 0x00, 0x00, 0x40, 0x00, 0x00, 0x00,
    0x00, 0x00, 0x00, 0x00, 0x00, 0x00, 0x30, 0x00,
    0x00,

    /* U+30D3 "ビ" */
    0x00, 0x00, 0x00, 0x00, 0x00, 0x00, 0x00, 0x00,
    0x00, 0x00, 0x00, 0x00, 0x00, 0x00, 0x00, 0x00,
    0x00, 0x00, 0x00, 0x00, 0x03, 0xca, 0x00, 0x00,
    0x00, 0x00, 0x00, 0x00, 0x00, 0x00, 0x04, 0xa2,
    0x2f, 0xf5, 0x09, 0xbb, 0x60, 0x00, 0x00, 0x00,
    0x00, 0x00, 0xbf, 0xc0, 0x7f, 0xe0, 0xbf, 0xf8,
    0x00, 0x00, 0x00, 0x00, 0x00, 0x02, 0xff, 0x50,
    0xdf, 0x8a, 0xff, 0x70, 0x00, 0x00, 0x00, 0x00,
    0x00, 0x08, 0xfd, 0x05, 0x81, 0xaf, 0xf7, 0x00,
    0x00, 0x00, 0x00, 0x00, 0x00, 0x0e, 0xa1, 0x00,
    0x0a, 0xff, 0x70, 0x00, 0x00, 0x00, 0x00, 0x00,
    0x03, 0x40, 0x00, 0x00, 0xaf, 0xf7, 0x00, 0x00,
    0x00, 0x00, 0x00, 0x3b, 0xfd, 0x00, 0x00, 0x0a,
    0xff, 0x70, 0x00, 0x00, 0x00, 0x17, 0xdf, 0xff,
    0xf4, 0x00, 0x00, 0xaf, 0xf7, 0x00, 0x00, 0x16,
    0xbf, 0xff, 0xff, 0xfd, 0x40, 0x00, 0x0a, 0xff,
    0x70, 0x37, 0xcf, 0xff, 0xff, 0xff, 0xa3, 0x00,
    0x00, 0x00, 0xaf, 0xfd, 0xff, 0xff, 0xff, 0xff,
    0xb6, 0x10, 0x00, 0x00, 0x00, 0x0a, 0xff, 0xff,
    0xff, 0xff, 0xb6, 0x10, 0x00, 0x00, 0x00, 0x00,
    0x00, 0xaf, 0xff, 0xfe, 0x95, 0x00, 0x00, 0x00,
    0x00, 0x00, 0x00, 0x00, 0x0a, 0xff, 0xa2, 0x00,
    0x00, 0x00, 0x00, 0x00, 0x00, 0x00, 0x00, 0x00,
    0xaf, 0xf7, 0x00, 0x00, 0x00, 0x00, 0x00, 0x00,
    0x00, 0x00, 0x00, 0x0a, 0xff, 0x70, 0x00, 0x00,
    0x00, 0x00, 0x00, 0x00, 0x00, 0x00, 0x00, 0xaf,
    0xf7, 0x00, 0x00, 0x00, 0x00, 0x00, 0x00, 0x00,
    0x00, 0x00, 0x0a, 0xff, 0x70, 0x00, 0x00, 0x00,
    0x00, 0x00, 0x00, 0x00, 0x00, 0x00, 0xaf, 0xf7,
    0x00, 0x00, 0x00, 0x00, 0x00, 0x00, 0x00, 0x00,
    0x00, 0x0a, 0xff, 0x70, 0x00, 0x00, 0x00, 0x00,
    0x00, 0x00, 0x00, 0x00, 0x00, 0xaf, 0xfa, 0x00,
    0x00, 0x00, 0x00, 0x00, 0x00, 0x00, 0x00, 0x00,
    0x08, 0xff, 0xfa, 0x64, 0x32, 0x22, 0x33, 0x45,
    0x79, 0xbe, 0x90, 0x00, 0x3f, 0xff, 0xff, 0xff,
    0xff, 0xff, 0xff, 0xff, 0xff, 0xf9, 0x00, 0x00,
    0x6f, 0xff, 0xff, 0xff, 0xff, 0xff, 0xff, 0xff,
    0xff, 0x90, 0x00, 0x00, 0x17, 0xac, 0xde, 0xee,
    0xee, 0xdc, 0xcb, 0xa8, 0x73, 0x00, 0x00,

    /* U+30D5 "フ" */
    0x33, 0x11, 0x11, 0x11, 0x11, 0x11, 0x11, 0x11,
    0x11, 0x13, 0x00, 0x0d, 0xff, 0xff, 0xff, 0xff,
    0xff, 0xff, 0xff, 0xff, 0xff, 0xfd, 0x30, 0xdf,
    0xff, 0xff, 0xff, 0xff, 0xff, 0xff, 0xff, 0xff,
    0xff, 0xff, 0x0d, 0xfe, 0xee, 0xee, 0xee, 0xee,
    0xee, 0xee, 0xee, 0xef, 0xff, 0xc0, 0x00, 0x00,
    0x00, 0x00, 0x00, 0x00, 0x00, 0x00, 0x00, 0xff,
    0xf8, 0x00, 0x00, 0x00, 0x00, 0x00, 0x00, 0x00,
    0x00, 0x00, 0x2f, 0xff, 0x40, 0x00, 0x00, 0x00,
    0x00, 0x00, 0x00, 0x00, 0x00, 0x06, 0xff, 0xf0,
    0x00, 0x00, 0x00, 0x00, 0x00, 0x00, 0x00, 0x00,
    0x00, 0xcf, 0xfb, 0x00, 0x00, 0x00, 0x00, 0x00,
    0x00, 0x00, 0x00, 0x00, 0x1f, 0xff, 0x60, 0x00,
    0x00, 0x00, 0x00, 0x00, 0x00, 0x00, 0x00, 0x08,
    0xff, 0xf1, 0x00, 0x00, 0x00, 0x00, 0x00, 0x00,
    0x00, 0x00, 0x00, 0xef, 0xfa, 0x00, 0x00, 0x00,
    0x00, 0x00, 0x00, 0x00, 0x00, 0x00, 0x8f, 0xff,
    0x30, 0x00, 0x00, 0x00, 0x00, 0x00, 0x00, 0x00,
    0x00, 0x2f, 0xff, 0xb0, 0x00, 0x00, 0x00, 0x00,
    0x00, 0x00, 0x00, 0x00, 0x1d, 0xff, 0xf2, 0x00,
    0x00, 0x00, 0x00, 0x00, 0x00, 0x00, 0x00, 0x0c,
    0xff, 0xf7, 0x00, 0x00, 0x00, 0x00, 0x00, 0x00,
    0x00, 0x00, 0x1c, 0xff, 0xfb, 0x00, 0x00, 0x00,
    0x00, 0x00, 0x00, 0x00, 0x00, 0x2d, 0xff, 0xfc,
    0x00, 0x00, 0x00, 0x00, 0x00, 0x00, 0x00, 0x00,
    0x7f, 0xff, 0xfc, 0x10, 0x00, 0x00, 0x00, 0x00,
    0x00, 0x00, 0x06, 0xdf, 0xff, 0xfb, 0x00, 0x00,
    0x00, 0x00, 0x00, 0x00, 0x03, 0x9e, 0xff, 0xff,
    0xf7, 0x00, 0x00, 0x00, 0x00, 0x00, 0x00, 0x1e,
    0xff, 0xff, 0xff, 0xc3, 0x00, 0x00, 0x00, 0x00,
    0x00, 0x00, 0x00, 0x4f, 0xff, 0xfd, 0x50, 0x00,
    0x00, 0x00, 0x00, 0x00, 0x00, 0x00, 0x00, 0x5f,
    0xa4, 0x00, 0x00, 0x00, 0x00, 0x00, 0x00, 0x00,
    0x00, 0x00, 0x00, 0x00, 0x00, 0x00, 0x00, 0x00,
    0x00, 0x00, 0x00, 0x00,

    /* U+30D6 "ブ" */
    0x00, 0x00, 0x00, 0x00, 0x00, 0x00, 0x00, 0x00,
    0x00, 0x00, 0x00, 0x5b, 0x10, 0x00, 0x00, 0x00,
    0x00, 0x00, 0x00, 0x00, 0x00, 0x00, 0x19, 0xe2,
    0x0e, 0xf9, 0x00, 0x00, 0x00, 0x00, 0x00, 0x00,
    0x00, 0x00, 0x00, 0x00, 0xcf, 0xb0, 0x4f, 0xf3,
    0x00, 0x00, 0x00, 0x00, 0x00, 0x00, 0x00, 0x00,
    0x00, 0x03, 0xff, 0x50, 0xbf, 0xc0, 0x00, 0x00,
    0x00, 0x00, 0x00, 0x00, 0x00, 0x00, 0x00, 0x09,
    0xfd, 0x02, 0xd6, 0x07, 0xfe, 0xee, 0xee, 0xee,
    0xee, 0xee, 0xee, 0xee, 0xee, 0xff, 0x60, 0x00,
    0x00, 0x7f, 0xff, 0xff, 0xff, 0xff, 0xff, 0xff,
    0xff, 0xff, 0xff, 0xff, 0x60, 0x00, 0x07, 0xff,
    0xff, 0xff, 0xff, 0xff, 0xff, 0xff, 0xff, 0xff,
    0xff, 0xf3, 0x00, 0x00, 0x13, 0x22, 0x22, 0x22,
    0x22, 0x22, 0x22, 0x22, 0x22, 0x9f, 0xff, 0x00,
    0x00, 0x00, 0x00, 0x00, 0x00, 0x00, 0x00, 0x00,
    0x00, 0x00, 0x0b, 0xff, 0xb0, 0x00, 0x00, 0x00,
    0x00, 0x00, 0x00, 0x00, 0x00, 0x00, 0x00, 0x00,
    0xff, 0xf7, 0x00, 0x00, 0x00, 0x00, 0x00, 0x00,
    0x00, 0x00, 0x00, 0x00, 0x00, 0x4f, 0xff, 0x30,
    0x00, 0x00, 0x00, 0x00, 0x00, 0x00, 0x00, 0x00,
    0x00, 0x00, 0x09, 0xff, 0xd0, 0x00, 0x00, 0x00,
    0x00, 0x00, 0x00, 0x00, 0x00, 0x00, 0x00, 0x00,
    0xff, 0xf8, 0x00, 0x00, 0x00, 0x00, 0x00, 0x00,
    0x00, 0x00, 0x00, 0x00, 0x00, 0x7f, 0xff, 0x20,
    0x00, 0x00, 0x00, 0x00, 0x00, 0x00, 0x00, 0x00,
    0x00, 0x00, 0x0e, 0xff, 0xb0, 0x00, 0x00, 0x00,
    0x00, 0x00, 0x00, 0x00, 0x00, 0x00, 0x00, 0x09,
    0xff, 0xf3, 0x00, 0x00, 0x00, 0x00, 0x00, 0x00,
    0x00, 0x00, 0x00, 0x00, 0x05, 0xff, 0xfa, 0x00,
    0x00, 0x00, 0x00, 0x00, 0x00, 0x00, 0x00, 0x00,
    0x00, 0x03, 0xff, 0xfe, 0x10, 0x00, 0x00, 0x00,
    0x00, 0x00, 0x00, 0x00, 0x00, 0x00, 0x03, 0xff,
    0xff, 0x40, 0x00, 0x00, 0x00, 0x00, 0x00, 0x00,
    0x00, 0x00, 0x00, 0x05, 0xff, 0xff, 0x70, 0x00,
    0x00, 0x00, 0x00, 0x00, 0x00, 0x00, 0x00, 0x00,
    0x1a, 0xff, 0xff, 0x70, 0x00, 0x00, 0x00, 0x00,
    0x00, 0x00, 0x00, 0x00, 0x00, 0x7e, 0xff, 0xff,
    0x70, 0x00, 0x00, 0x00, 0x00, 0x00, 0x00, 0x00,
    0x00, 0x39, 0xff, 0xff, 0xfe, 0x40, 0x00, 0x00,
    0x00, 0x00, 0x00, 0x00, 0x00, 0x07, 0xef, 0xff,
    0xff, 0xfa, 0x10, 0x00, 0x00, 0x00, 0x00, 0x00,
    0x00, 0x00, 0x00, 0x2e, 0xff, 0xff, 0xc4, 0x00,
    0x00, 0x00, 0x00, 0x00, 0x00, 0x00, 0x00, 0x00,
    0x00, 0x2e, 0xfa, 0x30, 0x00, 0x00, 0x00, 0x00,
    0x00, 0x00, 0x00, 0x00, 0x00, 0x00, 0x00, 0x20,
    0x00, 0x00, 0x00, 0x00, 0x00, 0x00, 0x00, 0x00,
    0x00, 0x00,

    /* U+30D7 "プ" */
    0x00, 0x00, 0x00, 0x00, 0x00, 0x00, 0x00, 0x00,
    0x00, 0x00, 0x00, 0x11, 0x00, 0x00, 0x00, 0x00,
    0x00, 0x00, 0x00, 0x00, 0x00, 0x00, 0x00, 0x02,
    0xcf, 0xfc, 0x20, 0x00, 0x00, 0x00, 0x00, 0x00,
    0x00, 0x00, 0x00, 0x00, 0x00, 0xef, 0x88, 0xfe,
    0x00, 0x00, 0x00, 0x00, 0x00, 0x00, 0x00, 0x00,
    0x00, 0x00, 0x5f, 0x50, 0x04, 0xf6, 0x00, 0x00,
    0x00, 0x00, 0x00, 0x00, 0x00, 0x00, 0x00, 0x06,
    0xf3, 0x00, 0x2f, 0x77, 0xfe, 0xee, 0xee, 0xee,
    0xee, 0xee, 0xee, 0xee, 0xee, 0xff, 0xa0, 0x09,
    0xf3, 0x7f, 0xff, 0xff, 0xff, 0xff, 0xff, 0xff,
    0xff, 0xff, 0xff, 0xff, 0xff, 0xf9, 0x07, 0xff,
    0xff, 0xff, 0xff, 0xff, 0xff, 0xff, 0xff, 0xff,
    0xff, 0xfb, 0xa5, 0x00, 0x13, 0x22, 0x22, 0x22,
    0x22, 0x22, 0x22, 0x22, 0x22, 0x9f, 0xff, 0x00,
    0x00, 0x00, 0x00, 0x00, 0x00, 0x00, 0x00, 0x00,
    0x00, 0x00, 0x0a, 0xff, 0xc0, 0x00, 0x00, 0x00,
    0x00, 0x00, 0x00, 0x00, 0x00, 0x00, 0x00, 0x00,
    0xef, 0xf7, 0x00, 0x00, 0x00, 0x00, 0x00, 0x00,
    0x00, 0x00, 0x00, 0x00, 0x00, 0x3f, 0xff, 0x30,
    0x00, 0x00, 0x00, 0x00, 0x00, 0x00, 0x00, 0x00,
    0x00, 0x00, 0x09, 0xff, 0xe0, 0x00, 0x00, 0x00,
    0x00, 0x00, 0x00, 0x00, 0x00, 0x00, 0x00, 0x00,
    0xef, 0xf8, 0x00, 0x00, 0x00, 0x00, 0x00, 0x00,
    0x00, 0x00, 0x00, 0x00, 0x00, 0x6f, 0xff, 0x20,
    0x00, 0x00, 0x00, 0x00, 0x00, 0x00, 0x00, 0x00,
    0x00, 0x00, 0x0e, 0xff, 0xb0, 0x00, 0x00, 0x00,
    0x00, 0x00, 0x00, 0x00, 0x00, 0x00, 0x00, 0x09,
    0xff, 0xf3, 0x00, 0x00, 0x00, 0x00, 0x00, 0x00,
    0x00, 0x00, 0x00, 0x00, 0x04, 0xff, 0xfa, 0x00,
    0x00, 0x00, 0x00, 0x00, 0x00, 0x00, 0x00, 0x00,
    0x00, 0x03, 0xff, 0xff, 0x10, 0x00, 0x00, 0x00,
    0x00, 0x00, 0x00, 0x00, 0x00, 0x00, 0x03, 0xff,
    0xff, 0x50, 0x00, 0x00, 0x00, 0x00, 0x00, 0x00,
    0x00, 0x00, 0x00, 0x05, 0xff, 0xff, 0x70, 0x00,
    0x00, 0x00, 0x00, 0x00, 0x00, 0x00, 0x00, 0x00,
    0x1a, 0xff, 0xff, 0x80, 0x00, 0x00, 0x00, 0x00,
    0x00, 0x00, 0x00, 0x00, 0x00, 0x7e, 0xff, 0xff,
    0x70, 0x00, 0x00, 0x00, 0x00, 0x00, 0x00, 0x00,
    0x00, 0x39, 0xff, 0xff, 0xfe, 0x40, 0x00, 0x00,
    0x00, 0x00, 0x00, 0x00, 0x00, 0x07, 0xef, 0xff,
    0xff, 0xfa, 0x10, 0x00, 0x00, 0x00, 0x00, 0x00,
    0x00, 0x00, 0x00, 0x1e, 0xff, 0xff, 0xc4, 0x00,
    0x00, 0x00, 0x00, 0x00, 0x00, 0x00, 0x00, 0x00,
    0x00, 0x2e, 0xfa, 0x30, 0x00, 0x00, 0x00, 0x00,
    0x00, 0x00, 0x00, 0x00, 0x00, 0x00, 0x00, 0x20,
    0x00, 0x00, 0x00, 0x00, 0x00, 0x00, 0x00, 0x00,
    0x00, 0x00,

    /* U+30DE "マ" */
    0x00, 0x00, 0x00, 0x00, 0x00, 0x00, 0x00, 0x00,
    0x00, 0x00, 0x00, 0x00, 0x00, 0x01, 0xfe, 0xed,
    0xdd, 0xdd, 0xdd, 0xdd, 0xdd, 0xdd, 0xdd, 0xdd,
    0xde, 0xf8, 0x00, 0x1f, 0xff, 0xff, 0xff, 0xff,
    0xff, 0xff, 0xff, 0xff, 0xff, 0xff, 0xff, 0xfb,
    0x01, 0xff, 0xff, 0xff, 0xff, 0xff, 0xff, 0xff,
    0xff, 0xff, 0xff, 0xff, 0xff, 0x90, 0x03, 0x21,
    0x11, 0x11, 0x11, 0x11, 0x11, 0x11, 0x11, 0x11,
    0x5f, 0xff, 0xd0, 0x00, 0x00, 0x00, 0x00, 0x00,
    0x00, 0x00, 0x00, 0x00, 0x00, 0x0d, 0xff, 0xf4,
    0x00, 0x00, 0x00, 0x00, 0x00, 0x00, 0x00, 0x00,
    0x00, 0x00, 0x09, 0xff, 0xf8, 0x00, 0x00, 0x00,
    0x00, 0x00, 0x00, 0x00, 0x00, 0x00, 0x00, 0x05,
    0xff, 0xfc, 0x00, 0x00, 0x00, 0x00, 0x00, 0x00,
    0x00, 0x00, 0x00, 0x00, 0x03, 0xff, 0xfe, 0x10,
    0x00, 0x00, 0x00, 0x00, 0x04, 0x60, 0x00, 0x00,
    0x00, 0x02, 0xef, 0xff, 0x30, 0x00, 0x00, 0x00,
    0x00, 0x07, 0xff, 0x90, 0x00, 0x00, 0x01, 0xef,
    0xff, 0x50, 0x00, 0x00, 0x00, 0x00, 0x02, 0xef,
    0xff, 0xc1, 0x00, 0x02, 0xef, 0xff, 0x70, 0x00,
    0x00, 0x00, 0x00, 0x00, 0x01, 0xcf, 0xff, 0xd2,
    0x03, 0xef, 0xff, 0x70, 0x00, 0x00, 0x00, 0x00,
    0x00, 0x00, 0x00, 0xaf, 0xff, 0xe8, 0xff, 0xff,
    0x70, 0x00, 0x00, 0x00, 0x00, 0x00, 0x00, 0x00,
    0x00, 0x8f, 0xff, 0xff, 0xff, 0x60, 0x00, 0x00,
    0x00, 0x00, 0x00, 0x00, 0x00, 0x00, 0x00, 0x6f,
    0xff, 0xff, 0x40, 0x00, 0x00, 0x00, 0x00, 0x00,
    0x00, 0x00, 0x00, 0x00, 0x00, 0x5f, 0xff, 0xf5,
    0x00, 0x00, 0x00, 0x00, 0x00, 0x00, 0x00, 0x00,
    0x00, 0x00, 0x00, 0x5f, 0xff, 0xf5, 0x00, 0x00,
    0x00, 0x00, 0x00, 0x00, 0x00, 0x00, 0x00, 0x00,
    0x00, 0x5f, 0xff, 0xf4, 0x00, 0x00, 0x00, 0x00,
    0x00, 0x00, 0x00, 0x00, 0x00, 0x00, 0x00, 0x6f,
    0xff, 0xf3, 0x00, 0x00, 0x00, 0x00, 0x00, 0x00,
    0x00, 0x00, 0x00, 0x00, 0x00, 0x8f, 0xff, 0xe2,
    0x00, 0x00, 0x00, 0x00, 0x00, 0x00, 0x00, 0x00,
    0x00, 0x00, 0x00, 0xaf, 0xff, 0x40, 0x00, 0x00,
    0x00, 0x00, 0x00, 0x00, 0x00, 0x00, 0x00, 0x00,
    0x00, 0xcd, 0x20, 0x00, 0x00, 0x00, 0x00, 0x00,
    0x00, 0x00, 0x00, 0x00, 0x00, 0x00, 0x01, 0x00,
    0x00, 0x00, 0x00, 0x00,

    /* U+30E0 "ム" */
    0x00, 0x00, 0x00, 0x00, 0x00, 0x32, 0x00, 0x00,
    0x00, 0x00, 0x00, 0x00, 0x00, 0x00, 0x00, 0x00,
    0x00, 0x00, 0x0d, 0xff, 0xb0, 0x00, 0x00, 0x00,
    0x00, 0x00, 0x00, 0x00, 0x00, 0x00, 0x00, 0x00,
    0xff, 0xfa, 0x00, 0x00, 0x00, 0x00, 0x00, 0x00,
    0x00, 0x00, 0x00, 0x00, 0x00, 0x4f, 0xff, 0x40,
    0x00, 0x00, 0x00, 0x00, 0x00, 0x00, 0x00, 0x00,
    0x00, 0x00, 0x08, 0xff, 0xe0, 0x00, 0x00, 0x00,
    0x00, 0x00, 0x00, 0x00, 0x00, 0x00, 0x00, 0x00,
    0xdf, 0xf9, 0x00, 0x00, 0x00, 0x00, 0x00, 0x00,
    0x00, 0x00, 0x00, 0x00, 0x00, 0x2f, 0xff, 0x40,
    0x00, 0x00, 0x00, 0x00, 0x00, 0x00, 0x00, 0x00,
    0x00, 0x00, 0x07, 0xff, 0xf0, 0x00, 0x00, 0x00,
    0x00, 0x00, 0x00, 0x00, 0x00, 0x00, 0x00, 0x00,
    0xcf, 0xfa, 0x00, 0x00, 0x00, 0x00, 0x00, 0x00,
    0x00, 0x00, 0x00, 0x00, 0x00, 0x1f, 0xff, 0x50,
    0x00, 0x00, 0x00, 0x00, 0x00, 0x00, 0x00, 0x00,
    0x00, 0x00, 0x06, 0xff, 0xf0, 0x00, 0x00, 0x00,
    0x00, 0x00, 0x00, 0x00, 0x00, 0x00, 0x00, 0x00,
    0xbf, 0xfa, 0x00, 0x00, 0x00, 0x04, 0x90, 0x00,
    0x00, 0x00, 0x00, 0x00, 0x00, 0x1f, 0xff, 0x50,
    0x00, 0x00, 0x0d, 0xff, 0x70, 0x00, 0x00, 0x00,
    0x00, 0x00, 0x06, 0xff, 0xf0, 0x00, 0x00, 0x00,
    0x8f, 0xff, 0x10, 0x00, 0x00, 0x00, 0x00, 0x00,
    0xbf, 0xfa, 0x00, 0x00, 0x00, 0x00, 0xef, 0xfa,
    0x00, 0x00, 0x00, 0x00, 0x00, 0x1f, 0xff, 0x40,
    0x00, 0x00, 0x00, 0x05, 0xff, 0xf3, 0x00, 0x00,
    0x00, 0x00, 0x06, 0xff, 0xf0, 0x00, 0x00, 0x00,
    0x00, 0x0c, 0xff, 0xc0, 0x00, 0x00, 0x00, 0x00,
    0xcf, 0xf9, 0x00, 0x00, 0x00, 0x00, 0x00, 0x4f,
    0xff, 0x40, 0x00, 0x00, 0x00, 0x2f, 0xff, 0x40,
    0x00, 0x00, 0x01, 0x35, 0x79, 0xff, 0xfd, 0x00,
    0x00, 0x00, 0x08, 0xff, 0xf5, 0x78, 0xab, 0xdf,
    0xff, 0xff, 0xff, 0xff, 0xf5, 0x00, 0xce, 0xef,
    0xff, 0xff, 0xff, 0xff, 0xff, 0xff, 0xff, 0xff,
    0xff, 0xff, 0xd0, 0x0b, 0xff, 0xff, 0xff, 0xff,
    0xff, 0xff, 0xff, 0xfd, 0xb9, 0x75, 0x8f, 0xff,
    0x50, 0x9f, 0xff, 0xff, 0xfd, 0xb9, 0x86, 0x42,
    0x10, 0x00, 0x00, 0x00, 0xef, 0xfc, 0x04, 0x75,
    0x32, 0x00, 0x00, 0x00, 0x00, 0x00, 0x00, 0x00,
    0x00, 0x08, 0xff, 0xe1, 0x00, 0x00, 0x00, 0x00,
    0x00, 0x00, 0x00, 0x00, 0x00, 0x00, 0x00, 0x2d,
    0x60, 0x00, 0x00, 0x00, 0x00, 0x00, 0x00, 0x00,
    0x00, 0x00, 0x00, 0x00, 0x00, 0x00, 0x00,

    /* U+30E2 "モ" */
    0x00, 0x9c, 0xbb, 0xbb, 0xbb, 0xbb, 0xbb, 0xbb,
    0xbb, 0xbb, 0xcc, 0x00, 0x00, 0x0b, 0xff, 0xff,
    0xff, 0xff, 0xff, 0xff, 0xff, 0xff, 0xff, 0xf0,
    0x00, 0x00, 0xbf, 0xff, 0xff, 0xff, 0xff, 0xff,
    0xff, 0xff, 0xff, 0xff, 0x00, 0x00, 0x01, 0x11,
    0x11, 0x14, 0xff, 0xf1, 0x11, 0x11, 0x11, 0x11,
    0x20, 0x00, 0x00, 0x00, 0x00, 0x00, 0x3f, 0xff,
    0x00, 0x00, 0x00, 0x00, 0x00, 0x00, 0x00, 0x00,
    0x00, 0x00, 0x03, 0xff, 0xf0, 0x00, 0x00, 0x00,
    0x00, 0x00, 0x00, 0x00, 0x00, 0x00, 0x00, 0x3f,
    0xff, 0x00, 0x00, 0x00, 0x00, 0x00, 0x00, 0x00,
    0x00, 0x00, 0x00, 0x03, 0xff, 0xf0, 0x00, 0x00,
    0x00, 0x00, 0x00, 0x00, 0x00, 0x00, 0x00, 0x00,
    0x3f, 0xff, 0x00, 0x00, 0x00, 0x00, 0x00, 0x00,
    0x0a, 0xff, 0xff, 0xff, 0xff, 0xff, 0xff, 0xff,
    0xff, 0xff, 0xff, 0xff, 0xf4, 0xaf, 0xff, 0xff,
    0xff, 0xff, 0xff, 0xff, 0xff, 0xff, 0xff, 0xff,
    0xff, 0x5a, 0xff, 0xff, 0xff, 0xff, 0xff, 0xff,
    0xff, 0xff, 0xff, 0xff, 0xff, 0xf5, 0x00, 0x00,
    0x00, 0x00, 0x3f, 0xff, 0x00, 0x00, 0x00, 0x00,
    0x00, 0x00, 0x00, 0x00, 0x00, 0x00, 0x03, 0xff,
    0xf0, 0x00, 0x00, 0x00, 0x00, 0x00, 0x00, 0x00,
    0x00, 0x00, 0x00, 0x3f, 0xff, 0x00, 0x00, 0x00,
    0x00, 0x00, 0x00, 0x00, 0x00, 0x00, 0x00, 0x03,
    0xff, 0xf0, 0x00, 0x00, 0x00, 0x00, 0x00, 0x00,
    0x00, 0x00, 0x00, 0x00, 0x3f, 0xff, 0x00, 0x00,
    0x00, 0x00, 0x00, 0x00, 0x00, 0x00, 0x00, 0x00,
    0x03, 0xff, 0xf0, 0x00, 0x00, 0x00, 0x00, 0x00,
    0x00, 0x00, 0x00, 0x00, 0x00, 0x3f, 0xff, 0x30,
    0x00, 0x00, 0x00, 0x00, 0x00, 0x00, 0x00, 0x00,
    0x00, 0x01, 0xff, 0xfe, 0x63, 0x22, 0x22, 0x34,
    0x57, 0x30, 0x00, 0x00, 0x00, 0x00, 0x0c, 0xff,
    0xff, 0xff, 0xff, 0xff, 0xff, 0xf6, 0x00, 0x00,
    0x00, 0x00, 0x00, 0x2e, 0xff, 0xff, 0xff, 0xff,
    0xff, 0xff, 0x50, 0x00, 0x00, 0x00, 0x00, 0x00,
    0x17, 0xbd, 0xee, 0xee, 0xed, 0xcc, 0xb2, 0x00,

    /* U+30E3 "ャ" */
    0x00, 0x00, 0x01, 0x57, 0x00, 0x00, 0x00, 0x00,
    0x00, 0x00, 0x00, 0x00, 0x00, 0x03, 0xff, 0xf0,
    0x00, 0x00, 0x00, 0x00, 0x00, 0x00, 0x00, 0x00,
    0x00, 0x0d, 0xff, 0x30, 0x00, 0x00, 0x00, 0x00,
    0x00, 0x00, 0x00, 0x00, 0x00, 0x8f, 0xf8, 0x00,
    0x00, 0x00, 0x00, 0x02, 0x67, 0x00, 0x00, 0x00,
    0x04, 0xff, 0xc0, 0x00, 0x02, 0x58, 0xcf, 0xff,
    0xfc, 0x00, 0x00, 0x00, 0x0f, 0xff, 0x79, 0xcf,
    0xff, 0xff, 0xff, 0xff, 0xb0, 0x00, 0x14, 0x7a,
    0xff, 0xff, 0xff, 0xff, 0xff, 0xdb, 0xff, 0xf2,
    0x08, 0xff, 0xff, 0xff, 0xff, 0xff, 0xda, 0x74,
    0x00, 0xaf, 0xf8, 0x00, 0x6f, 0xff, 0xff, 0xef,
    0xfe, 0x10, 0x00, 0x00, 0x5f, 0xfd, 0x00, 0x02,
    0xeb, 0x74, 0x10, 0xef, 0xf2, 0x00, 0x00, 0x3f,
    0xff, 0x20, 0x00, 0x00, 0x00, 0x00, 0x0a, 0xff,
    0x70, 0x00, 0x1e, 0xff, 0x60, 0x00, 0x00, 0x00,
    0x00, 0x00, 0x6f, 0xfb, 0x00, 0x1d, 0xff, 0xa0,
    0x00, 0x00, 0x00, 0x00, 0x00, 0x01, 0xff, 0xf0,
    0x07, 0xff, 0xc0, 0x00, 0x00, 0x00, 0x00, 0x00,
    0x00, 0x0d, 0xff, 0x40, 0x01, 0x81, 0x00, 0x00,
    0x00, 0x00, 0x00, 0x00, 0x00, 0x9f, 0xf8, 0x00,
    0x00, 0x00, 0x00, 0x00, 0x00, 0x00, 0x00, 0x00,
    0x04, 0xff, 0xd0, 0x00, 0x00, 0x00, 0x00, 0x00,
    0x00, 0x00, 0x00, 0x00, 0x0f, 0xff, 0x20, 0x00,
    0x00, 0x00, 0x00, 0x00, 0x00, 0x00, 0x00, 0x00,
    0xcf, 0xf6, 0x00, 0x00, 0x00, 0x00, 0x00, 0x00,
    0x00, 0x00, 0x00, 0x07, 0xff, 0xb0, 0x00, 0x00,
    0x00, 0x00, 0x00, 0x00, 0x00, 0x00, 0x00, 0x3f,
    0xff, 0x00, 0x00, 0x00, 0x00, 0x00, 0x00, 0x00,
    0x00, 0x00, 0x00, 0xff, 0xf5, 0x00, 0x00, 0x00,
    0x00, 0x00, 0x00, 0x00, 0x00, 0x00, 0x09, 0x95,
    0x10, 0x00, 0x00, 0x00, 0x00,

    /* U+30E5 "ュ" */
    0x00, 0x01, 0x10, 0x00, 0x00, 0x00, 0x00, 0x02,
    0x20, 0x00, 0x00, 0x00, 0x0b, 0xff, 0xff, 0xff,
    0xff, 0xff, 0xff, 0xfa, 0x20, 0x00, 0x00, 0x0b,
    0xff, 0xff, 0xff, 0xff, 0xff, 0xff, 0xff, 0x60,
    0x00, 0x00, 0x0a, 0xed, 0xdd, 0xdd, 0xdd, 0xdd,
    0xdf, 0xff, 0x30, 0x00, 0x00, 0x00, 0x00, 0x00,
    0x00, 0x00, 0x00, 0x2f, 0xff, 0x10, 0x00, 0x00,
    0x00, 0x00, 0x00, 0x00, 0x00, 0x00, 0x4f, 0xff,
    0x00, 0x00, 0x00, 0x00, 0x00, 0x00, 0x00, 0x00,
    0x00, 0x6f, 0xfc, 0x00, 0x00, 0x00, 0x00, 0x00,
    0x00, 0x00, 0x00, 0x00, 0x8f, 0xfa, 0x00, 0x00,
    0x00, 0x00, 0x00, 0x00, 0x00, 0x00, 0x00, 0xaf,
    0xf7, 0x00, 0x00, 0x00, 0x00, 0x00, 0x00, 0x00,
    0x00, 0x00, 0xdf, 0xf5, 0x00, 0x00, 0x00, 0x00,
    0x00, 0x00, 0x00, 0x00, 0x00, 0xff, 0xf2, 0x00,
    0x00, 0x00, 0x00, 0x00, 0x00, 0x00, 0x00, 0x02,
    0xff, 0xf0, 0x00, 0x00, 0x00, 0x00, 0x00, 0x00,
    0x00, 0x00, 0x05, 0xff, 0xe0, 0x00, 0x00, 0x8f,
    0xfe, 0xee, 0xee, 0xee, 0xee, 0xef, 0xff, 0xfe,
    0xee, 0xfe, 0x8f, 0xff, 0xff, 0xff, 0xff, 0xff,
    0xff, 0xff, 0xff, 0xff, 0xfe, 0x8f, 0xff, 0xff,
    0xff, 0xff, 0xff, 0xff, 0xff, 0xff, 0xff, 0xfe,
    0x00, 0x00, 0x00, 0x00, 0x00, 0x00, 0x00, 0x00,
    0x00, 0x00, 0x00,

    /* U+30E7 "ョ" */
    0x5c, 0xbb, 0xbb, 0xbb, 0xbb, 0xbb, 0xbb, 0xbb,
    0xb4, 0x7f, 0xff, 0xff, 0xff, 0xff, 0xff, 0xff,
    0xff, 0xf6, 0x7f, 0xff, 0xff, 0xff, 0xff, 0xff,
    0xff, 0xff, 0xf6, 0x01, 0x00, 0x00, 0x00, 0x00,
    0x00, 0x00, 0x8f, 0xf6, 0x00, 0x00, 0x00, 0x00,
    0x00, 0x00, 0x00, 0x8f, 0xf6, 0x00, 0x00, 0x00,
    0x00, 0x00, 0x00, 0x00, 0x8f, 0xf6, 0x00, 0x00,
    0x00, 0x00, 0x00, 0x00, 0x00, 0x8f, 0xf6, 0x08,
    0xba, 0xaa, 0xaa, 0xaa, 0xaa, 0xaa, 0xdf, 0xf6,
    0x0b, 0xff, 0xff, 0xff, 0xff, 0xff, 0xff, 0xff,
    0xf6, 0x0b, 0xff, 0xff, 0xff, 0xff, 0xff, 0xff,
    0xff, 0xf6, 0x00, 0x00, 0x00, 0x00, 0x00, 0x00,
    0x00, 0x8f, 0xf6, 0x00, 0x00, 0x00, 0x00, 0x00,
    0x00, 0x00, 0x8f, 0xf6, 0x00, 0x00, 0x00, 0x00,
    0x00, 0x00, 0x00, 0x8f, 0xf6, 0x00, 0x00, 0x00,
    0x00, 0x00, 0x00, 0x00, 0x8f, 0xf6, 0x11, 0x00,
    0x00, 0x00, 0x00, 0x00, 0x00, 0x8f, 0xf6, 0xcf,
    0xff, 0xff, 0xff, 0xff, 0xff, 0xff, 0xff, 0xf6,
    0xcf, 0xff, 0xff, 0xff, 0xff, 0xff, 0xff, 0xff,
    0xf6, 0xac, 0xbb, 0xbb, 0xbb, 0xbb, 0xbb, 0xbb,
    0xef, 0xf6, 0x00, 0x00, 0x00, 0x00, 0x00, 0x00,
    0x00, 0x8f, 0xf7,

    /* U+30E9 "ラ" */
    0x00, 0x2c, 0xbb, 0xbb, 0xbb, 0xbb, 0xbb, 0xbb,
    0xbb, 0xbc, 0x40, 0x00, 0x02, 0xff, 0xff, 0xff,
    0xff, 0xff, 0xff, 0xff, 0xff, 0xf5, 0x00, 0x00,
    0x2f, 0xff, 0xff, 0xff, 0xff, 0xff, 0xff, 0xff,
    0xff, 0x50, 0x00, 0x00, 0x32, 0x22, 0x22, 0x22,
    0x22, 0x22, 0x22, 0x22, 0x31, 0x00, 0x00, 0x00,
    0x00, 0x00, 0x00, 0x00, 0x00, 0x00, 0x00, 0x00,
    0x00, 0x00, 0x00, 0x00, 0x00, 0x00, 0x00, 0x00,
    0x00, 0x00, 0x00, 0x00, 0x00, 0x00, 0x00, 0x00,
    0x00, 0x00, 0x00, 0x00, 0x00, 0x00, 0x00, 0x00,
    0x05, 0x43, 0x33, 0x33, 0x33, 0x33, 0x33, 0x33,
    0x33, 0x33, 0x45, 0x00, 0xef, 0xff, 0xff, 0xff,
    0xff, 0xff, 0xff, 0xff, 0xff, 0xff, 0xfd, 0x4e,
    0xff, 0xff, 0xff, 0xff, 0xff, 0xff, 0xff, 0xff,
    0xff, 0xff, 0xf6, 0x9a, 0x99, 0x99, 0x99, 0x99,
    0x99, 0x99, 0x99, 0x99, 0xcf, 0xff, 0x10, 0x00,
    0x00, 0x00, 0x00, 0x00, 0x00, 0x00, 0x00, 0x0b,
    0xff, 0xb0, 0x00, 0x00, 0x00, 0x00, 0x00, 0x00,
    0x00, 0x00, 0x02, 0xff, 0xf5, 0x00, 0x00, 0x00,
    0x00, 0x00, 0x00, 0x00, 0x00, 0x00, 0x9f, 0xfe,
    0x00, 0x00, 0x00, 0x00, 0x00, 0x00, 0x00, 0x00,
    0x00, 0x2f, 0xff, 0x70, 0x00, 0x00, 0x00, 0x00,
    0x00, 0x00, 0x00, 0x00, 0x0d, 0xff, 0xd0, 0x00,
    0x00, 0x00, 0x00, 0x00, 0x00, 0x00, 0x00, 0x0a,
    0xff, 0xf4, 0x00, 0x00, 0x00, 0x00, 0x00, 0x00,
    0x00, 0x00, 0x0b, 0xff, 0xf8, 0x00, 0x00, 0x00,
    0x00, 0x00, 0x00, 0x00, 0x00, 0x2d, 0xff, 0xfa,
    0x00, 0x00, 0x00, 0x00, 0x00, 0x00, 0x00, 0x01,
    0x8f, 0xff, 0xfa, 0x00, 0x00, 0x00, 0x00, 0x00,
    0x00, 0x00, 0x28, 0xff, 0xff, 0xf8, 0x00, 0x00,
    0x00, 0x00, 0x00, 0x00, 0x37, 0xcf, 0xff, 0xff,
    0xe4, 0x00, 0x00, 0x00, 0x00, 0x00, 0x00, 0x0c,
    0xff, 0xff, 0xff, 0x70, 0x00, 0x00, 0x00, 0x00,
    0x00, 0x00, 0x00, 0x1d, 0xff, 0xd7, 0x10, 0x00,
    0x00, 0x00, 0x00, 0x00, 0x00, 0x00, 0x00, 0x28,
    0x30, 0x00, 0x00, 0x00, 0x00, 0x00, 0x00, 0x00,

    /* U+30EA "リ" */
    0x5b, 0xba, 0x00, 0x00, 0x00, 0x00, 0x00, 0x8f,
    0xff, 0x6f, 0xfd, 0x00, 0x00, 0x00, 0x00, 0x00,
    0x7f, 0xfe, 0x6f, 0xfd, 0x00, 0x00, 0x00, 0x00,
    0x00, 0x6f, 0xfd, 0x6f, 0xfd, 0x00, 0x00, 0x00,
    0x00, 0x00, 0x6f, 0xfd, 0x6f, 0xfd, 0x00, 0x00,
    0x00, 0x00, 0x00, 0x6f, 0xfd, 0x6f, 0xfd, 0x00,
    0x00, 0x00, 0x00, 0x00, 0x6f, 0xfd, 0x6f, 0xfd,
    0x00, 0x00, 0x00, 0x00, 0x00, 0x6f, 0xfd, 0x6f,
    0xfd, 0x00, 0x00, 0x00, 0x00, 0x00, 0x6f, 0xfd,
    0x6f, 0xfd, 0x00, 0x00, 0x00, 0x00, 0x00, 0x6f,
    0xfd, 0x6f, 0xfd, 0x00, 0x00, 0x00, 0x00, 0x00,
    0x6f, 0xfd, 0x6f, 0xfd, 0x00, 0x00, 0x00, 0x00,
    0x00, 0x7f, 0xfc, 0x6f, 0xfd, 0x00, 0x00, 0x00,
    0x00, 0x00, 0x8f, 0xfc, 0x6f, 0xfd, 0x00, 0x00,
    0x00, 0x00, 0x00, 0x9f, 0xfa, 0x6f, 0xfd, 0x00,
    0x00, 0x00, 0x00, 0x00, 0xcf, 0xf8, 0x7f, 0xfd,
    0x00, 0x00, 0x00, 0x00, 0x00, 0xff, 0xf5, 0x00,
    0x00, 0x00, 0x00, 0x00, 0x00, 0x06, 0xff, 0xf1,
    0x00, 0x00, 0x00, 0x00, 0x00, 0x00, 0x0d, 0xff,
    0xc0, 0x00, 0x00, 0x00, 0x00, 0x00, 0x00, 0x9f,
    0xff, 0x50, 0x00, 0x00, 0x00, 0x00, 0x00, 0x08,
    0xff, 0xfb, 0x00, 0x00, 0x00, 0x00, 0x00, 0x01,
    0xaf, 0xff, 0xe1, 0x00, 0x00, 0x00, 0x00, 0x01,
    0x7f, 0xff, 0xff, 0x30, 0x00, 0x00, 0x00, 0x05,
    0xaf, 0xff, 0xff, 0xd2, 0x00, 0x00, 0x00, 0x00,
    0x09, 0xff, 0xff, 0xf8, 0x00, 0x00, 0x00, 0x00,
    0x00, 0x00, 0x9f, 0xf9, 0x20, 0x00, 0x00, 0x00,
    0x00, 0x00, 0x00, 0x04, 0x00, 0x00, 0x00, 0x00,
    0x00,

    /* U+30EB "ル" */
    0x00, 0x00, 0x00, 0x4a, 0xa9, 0x00, 0x00, 0x4b,
    0xbb, 0x00, 0x00, 0x00, 0x00, 0x00, 0x00, 0x00,
    0x00, 0x4f, 0xfe, 0x00, 0x00, 0x4f, 0xff, 0x00,
    0x00, 0x00, 0x00, 0x00, 0x00, 0x00, 0x00, 0x3f,
    0xfe, 0x00, 0x00, 0x3f, 0xfe, 0x00, 0x00, 0x00,
    0x00, 0x00, 0x00, 0x00, 0x00, 0x3f, 0xfe, 0x00,
    0x00, 0x3f, 0xfe, 0x00, 0x00, 0x00, 0x00, 0x00,
    0x00, 0x00, 0x00, 0x3f, 0xfd, 0x00, 0x00, 0x3f,
    0xfe, 0x00, 0x00, 0x00, 0x00, 0x00, 0x00, 0x00,
    0x00, 0x3f, 0xfd, 0x00, 0x00, 0x3f, 0xfe, 0x00,
    0x00, 0x00, 0x00, 0x00, 0x00, 0x00, 0x00, 0x3f,
    0xfd, 0x00, 0x00, 0x3f, 0xfe, 0x00, 0x00, 0x00,
    0x00, 0x00, 0x00, 0x00, 0x00, 0x4f, 0xfc, 0x00,
    0x00, 0x3f, 0xfe, 0x00, 0x00, 0x00, 0x00, 0x00,
    0x00, 0x00, 0x00, 0x4f, 0xfc, 0x00, 0x00, 0x3f,
    0xfe, 0x00, 0x00, 0x00, 0x00, 0x00, 0x00, 0x00,
    0x00, 0x5f, 0xfb, 0x00, 0x00, 0x3f, 0xfe, 0x00,
    0x00, 0x00, 0x00, 0x00, 0x00, 0x00, 0x00, 0x6f,
    0xfa, 0x00, 0x00, 0x3f, 0xfe, 0x00, 0x00, 0x00,
    0x00, 0x00, 0x00, 0x00, 0x00, 0x7f, 0xf9, 0x00,
    0x00, 0x3f, 0xfe, 0x00, 0x00, 0x00, 0x00, 0x00,
    0x00, 0x00, 0x00, 0x9f, 0xf7, 0x00, 0x00, 0x3f,
    0xfe, 0x00, 0x00, 0x00, 0x01, 0x30, 0x00, 0x00,
    0x00, 0xcf, 0xf5, 0x00, 0x00, 0x3f, 0xfe, 0x00,
    0x00, 0x00, 0x0b, 0xd0, 0x00, 0x00, 0x00, 0xff,
    0xf3, 0x00, 0x00, 0x3f, 0xfe, 0x00, 0x00, 0x00,
    0x9f, 0xf9, 0x00, 0x00, 0x05, 0xff, 0xf0, 0x00,
    0x00, 0x3f, 0xfe, 0x00, 0x00, 0x09, 0xff, 0xf7,
    0x00, 0x00, 0x0c, 0xff, 0xa0, 0x00, 0x00, 0x3f,
    0xfe, 0x00, 0x00, 0xbf, 0xff, 0x90, 0x00, 0x00,
    0x4f, 0xff, 0x40, 0x00, 0x00, 0x3f, 0xfe, 0x00,
    0x3d, 0xff, 0xfa, 0x00, 0x00, 0x00, 0xdf, 0xfd,
    0x00, 0x00, 0x00, 0x3f, 0xfe, 0x18, 0xff, 0xff,
    0x90, 0x00, 0x00, 0x09, 0xff, 0xf5, 0x00, 0x00,
    0x00, 0x3f, 0xff, 0xff, 0xff, 0xf6, 0x00, 0x00,
    0x00, 0x7f, 0xff, 0xb0, 0x00, 0x00, 0x00, 0x3f,
    0xff, 0xff, 0xfe, 0x30, 0x00, 0x00, 0x08, 0xff,
    0xfe, 0x10, 0x00, 0x00, 0x00, 0x4f, 0xff, 0xff,
    0x91, 0x00, 0x00, 0x00, 0x09, 0xff, 0xf3, 0x00,
    0x00, 0x00, 0x00, 0x3f, 0xff, 0xc3, 0x00, 0x00,
    0x00, 0x00, 0x00, 0x3c, 0x30, 0x00, 0x00, 0x00,
    0x00, 0x02, 0xc5, 0x00, 0x00, 0x00, 0x00, 0x00,

    /* U+30EC "レ" */
    0x48, 0x88, 0x10, 0x00, 0x00, 0x00, 0x00, 0x00,
    0x00, 0x00, 0x00, 0x6f, 0xff, 0x00, 0x00, 0x00,
    0x00, 0x00, 0x00, 0x00, 0x00, 0x00, 0x5f, 0xff,
    0x00, 0x00, 0x00, 0x00, 0x00, 0x00, 0x00, 0x00,
    0x00, 0x4f, 0xfe, 0x00, 0x00, 0x00, 0x00, 0x00,
    0x00, 0x00, 0x00, 0x00, 0x4f, 0xfe, 0x00, 0x00,
    0x00, 0x00, 0x00, 0x00, 0x00, 0x00, 0x00, 0x4f,
    0xfe, 0x00, 0x00, 0x00, 0x00, 0x00, 0x00, 0x00,
    0x00, 0x00, 0x4f, 0xfe, 0x00, 0x00, 0x00, 0x00,
    0x00, 0x00, 0x00, 0x00, 0x00, 0x4f, 0xfe, 0x00,
    0x00, 0x00, 0x00, 0x00, 0x00, 0x00, 0x00, 0x00,
    0x4f, 0xfe, 0x00, 0x00, 0x00, 0x00, 0x00, 0x00,
    0x00, 0x00, 0x00, 0x4f, 0xfe, 0x00, 0x00, 0x00,
    0x00, 0x00, 0x00, 0x00, 0x00, 0x00, 0x4f, 0xfe,
    0x00, 0x00, 0x00, 0x00, 0x00, 0x00, 0x00, 0x0b,
    0x50, 0x4f, 0xfe, 0x00, 0x00, 0x00, 0x00, 0x00,
    0x00, 0x00, 0xaf, 0xe1, 0x4f, 0xfe, 0x00, 0x00,
    0x00, 0x00, 0x00, 0x00, 0x0a, 0xff, 0xf6, 0x4f,
    0xfe, 0x00, 0x00, 0x00, 0x00, 0x00, 0x01, 0xcf,
    0xff, 0xa0, 0x4f, 0xfe, 0x00, 0x00, 0x00, 0x00,
    0x00, 0x4e, 0xff, 0xfa, 0x00, 0x4f, 0xfe, 0x00,
    0x00, 0x00, 0x00, 0x09, 0xff, 0xff, 0x90, 0x00,
    0x4f, 0xfe, 0x00, 0x00, 0x00, 0x05, 0xef, 0xff,
    0xf7, 0x00, 0x00, 0x4f, 0xfe, 0x00, 0x00, 0x04,
    0xcf, 0xff, 0xfd, 0x30, 0x00, 0x00, 0x4f, 0xfe,
    0x00, 0x05, 0xcf, 0xff, 0xff, 0x80, 0x00, 0x00,
    0x00, 0x4f, 0xfe, 0x49, 0xef, 0xff, 0xff, 0xb2,
    0x00, 0x00, 0x00, 0x00, 0x4f, 0xff, 0xff, 0xff,
    0xff, 0xb3, 0x00, 0x00, 0x00, 0x00, 0x00, 0x7f,
    0xff, 0xff, 0xff, 0x93, 0x00, 0x00, 0x00, 0x00,
    0x00, 0x00, 0x2d, 0xff, 0xfc, 0x60, 0x00, 0x00,
    0x00, 0x00, 0x00, 0x00, 0x00, 0x01, 0xa6, 0x10,
    0x00, 0x00, 0x00, 0x00, 0x00, 0x00, 0x00, 0x00,

    /* U+30ED "ロ" */
    0xaf, 0xee, 0xee, 0xee, 0xee, 0xee, 0xee, 0xee,
    0xee, 0xee, 0xef, 0x3a, 0xff, 0xff, 0xff, 0xff,
    0xff, 0xff, 0xff, 0xff, 0xff, 0xff, 0xf3, 0xaf,
    0xff, 0xff, 0xff, 0xff, 0xff, 0xff, 0xff, 0xff,
    0xff, 0xff, 0x2a, 0xff, 0x71, 0x11, 0x11, 0x11,
    0x11, 0x11, 0x11, 0x11, 0xff, 0xf2, 0xaf, 0xf7,
    0x00, 0x00, 0x00, 0x00, 0x00, 0x00, 0x00, 0x0f,
    0xff, 0x2a, 0xff, 0x70, 0x00, 0x00, 0x00, 0x00,
    0x00, 0x00, 0x00, 0xff, 0xf2, 0xaf, 0xf7, 0x00,
    0x00, 0x00, 0x00, 0x00, 0x00, 0x00, 0x0f, 0xff,
    0x2a, 0xff, 0x70, 0x00, 0x00, 0x00, 0x00, 0x00,
    0x00, 0x00, 0xff, 0xf2, 0xaf, 0xf7, 0x00, 0x00,
    0x00, 0x00, 0x00, 0x00, 0x00, 0x0f, 0xff, 0x2a,
    0xff, 0x70, 0x00, 0x00, 0x00, 0x00, 0x00, 0x00,
    0x00, 0xff, 0xf2, 0xaf, 0xf7, 0x00, 0x00, 0x00,
    0x00, 0x00, 0x00, 0x00, 0x0f, 0xff, 0x2a, 0xff,
    0x70, 0x00, 0x00, 0x00, 0x00, 0x00, 0x00, 0x00,
    0xff, 0xf2, 0xaf, 0xf7, 0x00, 0x00, 0x00, 0x00,
    0x00, 0x00, 0x00, 0x0f, 0xff, 0x2a, 0xff, 0x70,
    0x00, 0x00, 0x00, 0x00, 0x00, 0x00, 0x00, 0xff,
    0xf2, 0xaf, 0xf7, 0x00, 0x00, 0x00, 0x00, 0x00,
    0x00, 0x00, 0x0f, 0xff, 0x2a, 0xff, 0x70, 0x00,
    0x00, 0x00, 0x00, 0x00, 0x00, 0x00, 0xff, 0xf2,
    0xaf, 0xf8, 0x22, 0x22, 0x22, 0x22, 0x22, 0x22,
    0x22, 0x2f, 0xff, 0x2a, 0xff, 0xff, 0xff, 0xff,
    0xff, 0xff, 0xff, 0xff, 0xff, 0xff, 0xf2, 0xaf,
    0xff, 0xff, 0xff, 0xff, 0xff, 0xff, 0xff, 0xff,
    0xff, 0xff, 0x2b, 0xff, 0xfe, 0xee, 0xee, 0xee,
    0xee, 0xee, 0xee, 0xee, 0xff, 0xf3, 0xbf, 0xf7,
    0x00, 0x00, 0x00, 0x00, 0x00, 0x00, 0x00, 0x0f,
    0xff, 0x36, 0x88, 0x40, 0x00, 0x00, 0x00, 0x00,
    0x00, 0x00, 0x00, 0x88, 0x81,

    /* U+30F3 "ン" */
    0x00, 0x00, 0x10, 0x00, 0x00, 0x00, 0x00, 0x00,
    0x00, 0x00, 0x00, 0x00, 0x00, 0x00, 0xce, 0x40,
    0x00, 0x00, 0x00, 0x00, 0x00, 0x00, 0x00, 0x00,
    0x00, 0x00, 0xbf, 0xff, 0x80, 0x00, 0x00, 0x00,
    0x00, 0x00, 0x00, 0x00, 0x00, 0x00, 0x07, 0xff,
    0xff, 0xb1, 0x00, 0x00, 0x00, 0x00, 0x00, 0x00,
    0x00, 0x00, 0x00, 0x04, 0xef, 0xff, 0xd2, 0x00,
    0x00, 0x00, 0x00, 0x00, 0x00, 0x00, 0x00, 0x00,
    0x01, 0xdf, 0xff, 0xe3, 0x00, 0x00, 0x00, 0x00,
    0x00, 0x01, 0x30, 0x00, 0x00, 0x00, 0xbf, 0xff,
    0xf4, 0x00, 0x00, 0x00, 0x00, 0x00, 0x9d, 0x00,
    0x00, 0x00, 0x00, 0x9f, 0xfe, 0x20, 0x00, 0x00,
    0x00, 0x00, 0x3f, 0xf6, 0x00, 0x00, 0x00, 0x00,
    0x8e, 0x30, 0x00, 0x00, 0x00, 0x00, 0x0d, 0xff,
    0xc0, 0x00, 0x00, 0x00, 0x00, 0x10, 0x00, 0x00,
    0x00, 0x00, 0x09, 0xff, 0xf5, 0x00, 0x00, 0x00,
    0x00, 0x00, 0x00, 0x00, 0x00, 0x00, 0x06, 0xff,
    0xfa, 0x00, 0x00, 0x00, 0x00, 0x00, 0x00, 0x00,
    0x00, 0x00, 0x04, 0xff, 0xfe, 0x10, 0x00, 0x00,
    0x00, 0x00, 0x00, 0x00, 0x00, 0x00, 0x04, 0xff,
    0xff, 0x30, 0x00, 0x00, 0x00, 0x00, 0x00, 0x00,
    0x00, 0x00, 0x05, 0xff, 0xff, 0x50, 0x00, 0x00,
    0x00, 0x00, 0x00, 0x00, 0x00, 0x00, 0x07, 0xff,
    0xff, 0x60, 0x00, 0x00, 0x00, 0x00, 0x00, 0x00,
    0x00, 0x00, 0x1b, 0xff, 0xff, 0x60, 0x00, 0x00,
    0x00, 0x00, 0x00, 0x00, 0x00, 0x00, 0x6e, 0xff,
    0xff, 0x40, 0x00, 0x00, 0x00, 0x00, 0x00, 0x00,
    0x00, 0x04, 0xcf, 0xff, 0xfd, 0x30, 0x00, 0x00,
    0x00, 0x00, 0x00, 0x00, 0x00, 0x5c, 0xff, 0xff,
    0xfa, 0x00, 0x00, 0x00, 0x00, 0x00, 0x00, 0x00,
    0x49, 0xff, 0xff, 0xff, 0xd4, 0x00, 0x00, 0x00,
    0x00, 0x00, 0x06, 0x9c, 0xff, 0xff, 0xff, 0xfe,
    0x60, 0x00, 0x00, 0x00, 0x00, 0x00, 0x00, 0x9f,
    0xff, 0xff, 0xff, 0xd6, 0x00, 0x00, 0x00, 0x00,
    0x00, 0x00, 0x00, 0x00, 0xef, 0xff, 0xe9, 0x40,
    0x00, 0x00, 0x00, 0x00, 0x00, 0x00, 0x00, 0x00,
    0x04, 0xb7, 0x30, 0x00, 0x00, 0x00, 0x00, 0x00,
    0x00, 0x00, 0x00, 0x00,

    /* U+30FC "ー" */
    0x08, 0x87, 0x66, 0x66, 0x66, 0x66, 0x66, 0x66,
    0x66, 0x66, 0x66, 0x77, 0x80, 0x1f, 0xff, 0xff,
    0xff, 0xff, 0xff, 0xff, 0xff, 0xff, 0xff, 0xff,
    0xff, 0xf1, 0x1f, 0xff, 0xff, 0xff, 0xff, 0xff,
    0xff, 0xff, 0xff, 0xff, 0xff, 0xff, 0xf1, 0x1f,
    0xff, 0xff, 0xff, 0xff, 0xff, 0xff, 0xff, 0xff,
    0xff, 0xff, 0xff, 0xf1, 0x01, 0x00, 0x00, 0x00,
    0x00, 0x00, 0x00, 0x00, 0x00, 0x00, 0x00, 0x00,
    0x10,

    /* U+4E0A "上" */
    0x00, 0x00, 0x00, 0x00, 0x00, 0x07, 0xee, 0x70,
    0x00, 0x00, 0x00, 0x00, 0x00, 0x00, 0x00, 0x00,
    0x00, 0x00, 0x00, 0x08, 0xff, 0x80, 0x00, 0x00,
    0x00, 0x00, 0x00, 0x00, 0x00, 0x00, 0x00, 0x00,
    0x00, 0x08, 0xff, 0x80, 0x00, 0x00, 0x00, 0x00,
    0x00, 0x00, 0x00, 0x00, 0x00, 0x00, 0x00, 0x08,
    0xff, 0x80, 0x00, 0x00, 0x00, 0x00, 0x00, 0x00,
    0x00, 0x00, 0x00, 0x00, 0x00, 0x08, 0xff, 0x80,
    0x00, 0x00, 0x00, 0x00, 0x00, 0x00, 0x00, 0x00,
    0x00, 0x00, 0x00, 0x08, 0xff, 0x80, 0x00, 0x00,
    0x00, 0x00, 0x00, 0x00, 0x00, 0x00, 0x00, 0x00,
    0x00, 0x08, 0xff, 0x80, 0x00, 0x00, 0x00, 0x00,
    0x00, 0x00, 0x00, 0x00, 0x00, 0x00, 0x00, 0x08,
    0xff, 0x80, 0x00, 0x00, 0x00, 0x00, 0x00, 0x00,
    0x00, 0x00, 0x00, 0x00, 0x00, 0x08, 0xff, 0x80,
    0x00, 0x00, 0x00, 0x00, 0x00, 0x00, 0x00, 0x00,
    0x00, 0x00, 0x00, 0x08, 0xff, 0xff, 0xff, 0xff,
    0xff, 0xff, 0xf7, 0x00, 0x00, 0x00, 0x00, 0x00,
    0x00, 0x08, 0xff, 0xff, 0xff, 0xff, 0xff, 0xff,
    0xf7, 0x00, 0x00, 0x00, 0x00, 0x00, 0x00, 0x08,
    0xff, 0xfe, 0xee, 0xee, 0xee, 0xee, 0xe6, 0x00,
    0x00, 0x00, 0x00, 0x00, 0x00, 0x08, 0xff, 0x80,
    0x00, 0x00, 0x00, 0x00, 0x00, 0x00, 0x00, 0x00,
    0x00, 0x00, 0x00, 0x08, 0xff, 0x80, 0x00, 0x00,
    0x00, 0x00, 0x00, 0x00, 0x00, 0x00, 0x00, 0x00,
    0x00, 0x08, 0xff, 0x80, 0x00, 0x00, 0x00, 0x00,
    0x00, 0x00, 0x00, 0x00, 0x00, 0x00, 0x00, 0x08,
    0xff, 0x80, 0x00, 0x00, 0x00, 0x00, 0x00, 0x00,
    0x00, 0x00, 0x00, 0x00, 0x00, 0x08, 0xff, 0x80,
    0x00, 0x00, 0x00, 0x00, 0x00, 0x00, 0x00, 0x00,
    0x00, 0x00, 0x00, 0x08, 0xff, 0x80, 0x00, 0x00,
    0x00, 0x00, 0x00, 0x00, 0x00, 0x00, 0x00, 0x00,
    0x00, 0x08, 0xff, 0x80, 0x00, 0x00, 0x00, 0x00,
    0x00, 0x00, 0x00, 0x00, 0x00, 0x00, 0x00, 0x08,
    0xff, 0x80, 0x00, 0x00, 0x00, 0x00, 0x00, 0x00,
    0x00, 0x00, 0x00, 0x00, 0x00, 0x08, 0xff, 0x80,
    0x00, 0x00, 0x00, 0x00, 0x00, 0x00, 0x00, 0x00,
    0x00, 0x00, 0x00, 0x08, 0xff, 0x80, 0x00, 0x00,
    0x00, 0x00, 0x00, 0x00, 0x00, 0x00, 0x00, 0x00,
    0x00, 0x08, 0xff, 0x80, 0x00, 0x00, 0x00, 0x00,
    0x00, 0x00, 0x59, 0x99, 0x99, 0x99, 0x99, 0x9c,
    0xff, 0xc9, 0x99, 0x99, 0x99, 0x99, 0x99, 0x95,
    0x9f, 0xff, 0xff, 0xff, 0xff, 0xff, 0xff, 0xff,
    0xff, 0xff, 0xff, 0xff, 0xff, 0xf8, 0x9f, 0xff,
    0xff, 0xff, 0xff, 0xff, 0xff, 0xff, 0xff, 0xff,
    0xff, 0xff, 0xff, 0xf8, 0x24, 0x44, 0x44, 0x44,
    0x44, 0x44, 0x44, 0x44, 0x44, 0x44, 0x44, 0x44,
    0x44, 0x42,

    /* U+4E88 "予" */
    0x00, 0x05, 0xaa, 0xaa, 0xaa, 0xaa, 0xaa, 0xaa,
    0xaa, 0xaa, 0xac, 0xb3, 0x00, 0x00, 0x00, 0x00,
    0x9f, 0xff, 0xff, 0xff, 0xff, 0xff, 0xff, 0xff,
    0xff, 0xff, 0xf7, 0x00, 0x00, 0x00, 0x08, 0xff,
    0xff, 0xff, 0xff, 0xff, 0xff, 0xff, 0xff, 0xff,
    0xfe, 0x30, 0x00, 0x00, 0x00, 0x00, 0x00, 0x00,
    0x00, 0x00, 0x00, 0x00, 0x08, 0xff, 0xfd, 0x20,
    0x00, 0x00, 0x00, 0x00, 0x00, 0x00, 0x05, 0x00,
    0x00, 0x00, 0x1b, 0xff, 0xfb, 0x10, 0x00, 0x00,
    0x00, 0x00, 0x00, 0x00, 0x09, 0xff, 0x93, 0x00,
    0x4e, 0xff, 0xf7, 0x00, 0x00, 0x00, 0x00, 0x00,
    0x00, 0x00, 0x01, 0xef, 0xff, 0xfc, 0xaf, 0xff,
    0xd3, 0x00, 0x00, 0x00, 0x00, 0x00, 0x00, 0x00,
    0x00, 0x00, 0x5c, 0xff, 0xff, 0xff, 0xa0, 0x00,
    0x00, 0x00, 0x00, 0x00, 0x00, 0x00, 0x00, 0x00,
    0x00, 0x03, 0xaf, 0xff, 0xff, 0xb3, 0x00, 0x00,
    0x00, 0x00, 0x00, 0x00, 0x00, 0x00, 0x00, 0x00,
    0x00, 0x18, 0xef, 0xff, 0xc0, 0x00, 0x00, 0x10,
    0x00, 0x4f, 0xff, 0xff, 0xff, 0xff, 0xff, 0xff,
    0xff, 0xff, 0xff, 0xff, 0xff, 0xff, 0xe8, 0x04,
    0xff, 0xff, 0xff, 0xff, 0xff, 0xff, 0xff, 0xff,
    0xff, 0xff, 0xff, 0xff, 0xff, 0xc0, 0x3b, 0xbb,
    0xbb, 0xbb, 0xbb, 0xbb, 0xbf, 0xff, 0xbb, 0xbb,
    0xbb, 0xbd, 0xff, 0xf3, 0x00, 0x00, 0x00, 0x00,
    0x00, 0x00, 0x01, 0xff, 0xe0, 0x00, 0x00, 0x00,
    0xdf, 0xf9, 0x00, 0x00, 0x00, 0x00, 0x00, 0x00,
    0x00, 0x1f, 0xfe, 0x00, 0x00, 0x00, 0x9f, 0xfe,
    0x10, 0x00, 0x00, 0x00, 0x00, 0x00, 0x00, 0x01,
    0xff, 0xe0, 0x00, 0x00, 0x4f, 0xff, 0x40, 0x00,
    0x00, 0x00, 0x00, 0x00, 0x00, 0x00, 0x1f, 0xfe,
    0x00, 0x00, 0x2f, 0xff, 0x90, 0x00, 0x00, 0x00,
    0x00, 0x00, 0x00, 0x00, 0x01, 0xff, 0xe0, 0x00,
    0x04, 0xef, 0xc0, 0x00, 0x00, 0x00, 0x00, 0x00,
    0x00, 0x00, 0x00, 0x1f, 0xfe, 0x00, 0x00, 0x00,
    0x71, 0x00, 0x00, 0x00, 0x00, 0x00, 0x00, 0x00,
    0x00, 0x01, 0xff, 0xe0, 0x00, 0x00, 0x00, 0x00,
    0x00, 0x00, 0x00, 0x00, 0x00, 0x00, 0x00, 0x00,
    0x1f, 0xfe, 0x00, 0x00, 0x00, 0x00, 0x00, 0x00,
    0x00, 0x00, 0x00, 0x00, 0x00, 0x00, 0x01, 0xff,
    0xe0, 0x00, 0x00, 0x00, 0x00, 0x00, 0x00, 0x00,
    0x00, 0x00, 0x00, 0x00, 0x00, 0x1f, 0xfe, 0x00,
    0x00, 0x00, 0x00, 0x00, 0x00, 0x00, 0x00, 0x00,
    0x00, 0x00, 0x00, 0x01, 0xff, 0xe0, 0x00, 0x00,
    0x00, 0x00, 0x00, 0x00, 0x00, 0x00, 0x00, 0x04,
    0xaa, 0xaa, 0xbf, 0xfd, 0x00, 0x00, 0x00, 0x00,
    0x00, 0x00, 0x00, 0x00, 0x00, 0x00, 0x0f, 0xff,
    0xff, 0xff, 0x90, 0x00, 0x00, 0x00, 0x00, 0x00,
    0x00, 0x00, 0x00, 0x00, 0x00, 0x9f, 0xff, 0xec,
    0x70, 0x00, 0x00, 0x00, 0x00, 0x00, 0x00, 0x00,
    0x00, 0x00, 0x00, 0x00, 0x00, 0x00, 0x00, 0x00,
    0x00, 0x00, 0x00, 0x00, 0x00, 0x00,

    /* U+4F7F "使" */
    0x00, 0x00, 0x00, 0x00, 0x10, 0x00, 0x00, 0x00,
    0x00, 0x00, 0x00, 0x00, 0x00, 0x00, 0x00, 0x00,
    0x00, 0x00, 0x05, 0xfc, 0x40, 0x00, 0x00, 0x01,
    0xff, 0xb0, 0x00, 0x00, 0x00, 0x00, 0x00, 0x00,
    0x00, 0x0c, 0xff, 0x30, 0x00, 0x00, 0x01, 0xff,
    0xb0, 0x00, 0x00, 0x00, 0x00, 0x00, 0x00, 0x00,
    0x3f, 0xfc, 0x00, 0x00, 0x00, 0x02, 0xff, 0xc0,
    0x00, 0x00, 0x00, 0x00, 0x00, 0x00, 0x00, 0xcf,
    0xf5, 0xff, 0xff, 0xff, 0xff, 0xff, 0xff, 0xff,
    0xff, 0xff, 0xf1, 0x00, 0x00, 0x05, 0xff, 0xc1,
    0xff, 0xff, 0xff, 0xff, 0xff, 0xff, 0xff, 0xff,
    0xff, 0xf1, 0x00, 0x00, 0x0e, 0xff, 0x40, 0x99,
    0x99, 0x99, 0x99, 0xff, 0xe9, 0x99, 0x99, 0x99,
    0x91, 0x00, 0x00, 0x9f, 0xfc, 0x00, 0x00, 0x00,
    0x00, 0x01, 0xff, 0xb0, 0x00, 0x00, 0x00, 0x00,
    0x00, 0x04, 0xff, 0xfb, 0x00, 0x00, 0x00, 0x00,
    0x01, 0xff, 0xb0, 0x00, 0x00, 0x00, 0x00, 0x00,
    0x1e, 0xff, 0xfb, 0x00, 0x8f, 0xff, 0xff, 0xff,
    0xff, 0xff, 0xff, 0xff, 0xff, 0x00, 0x00, 0xdf,
    0xff, 0xfb, 0x00, 0x8f, 0xff, 0xff, 0xff, 0xff,
    0xff, 0xff, 0xff, 0xff, 0x00, 0x0c, 0xff, 0xff,
    0xfb, 0x00, 0x8f, 0xf6, 0x55, 0x56, 0xff, 0xd5,
    0x55, 0x5c, 0xff, 0x00, 0x3f, 0xff, 0x4f, 0xfb,
    0x00, 0x8f, 0xf1, 0x00, 0x01, 0xff, 0xb0, 0x00,
    0x0b, 0xff, 0x00, 0x0a, 0xf6, 0x0f, 0xfb, 0x00,
    0x8f, 0xf1, 0x00, 0x01, 0xff, 0xb0, 0x00, 0x0b,
    0xff, 0x00, 0x02, 0x70, 0x0f, 0xfb, 0x00, 0x8f,
    0xf1, 0x00, 0x01, 0xff, 0xb0, 0x00, 0x0b, 0xff,
    0x00, 0x00, 0x00, 0x0f, 0xfb, 0x00, 0x8f, 0xff,
    0xff, 0xff, 0xff, 0xff, 0xff, 0xff, 0xff, 0x00,
    0x00, 0x00, 0x0f, 0xfb, 0x00, 0x8f, 0xff, 0xff,
    0xff, 0xff, 0xff, 0xff, 0xff, 0xff, 0x00, 0x00,
    0x00, 0x0f, 0xfb, 0x00, 0x36, 0x66, 0x66, 0x69,
    0xff, 0xc6, 0x66, 0x66, 0x66, 0x00, 0x00, 0x00,
    0x0f, 0xfb, 0x00, 0x2a, 0xe3, 0x00, 0x06, 0xff,
    0x70, 0x00, 0x00, 0x00, 0x00, 0x00, 0x00, 0x0f,
    0xfb, 0x00, 0x1f, 0xfd, 0x10, 0x09, 0xff, 0x40,
    0x00, 0x00, 0x00, 0x00, 0x00, 0x00, 0x0f, 0xfb,
    0x00, 0x06, 0xff, 0xc1, 0x0e, 0xff, 0x00, 0x00,
    0x00, 0x00, 0x00, 0x00, 0x00, 0x0f, 0xfb, 0x00,
    0x00, 0x9f, 0xfd, 0x8f, 0xfa, 0x00, 0x00, 0x00,
    0x00, 0x00, 0x00, 0x00, 0x0f, 0xfb, 0x00, 0x00,
    0x0a, 0xff, 0xff, 0xf3, 0x00, 0x00, 0x00, 0x00,
    0x00, 0x00, 0x00, 0x0f, 0xfb, 0x00, 0x00, 0x00,
    0xaf, 0xff, 0xe5, 0x00, 0x00, 0x00, 0x00, 0x00,
    0x00, 0x00, 0x0f, 0xfb, 0x00, 0x00, 0x06, 0xff,
    0xff, 0xff, 0xe8, 0x20, 0x00, 0x00, 0x00, 0x00,
    0x00, 0x0f, 0xfb, 0x00, 0x06, 0xdf, 0xff, 0xca,
    0xff, 0xff, 0xfe, 0xa6, 0x30, 0x00, 0x00, 0x00,
    0x0f, 0xfb, 0x1b, 0xff, 0xff, 0xf9, 0x00, 0x3a,
    0xff, 0xff, 0xff, 0xff, 0xd2, 0x00, 0x00, 0x0f,
    0xfb, 0x08, 0xff, 0xfb, 0x30, 0x00, 0x00, 0x16,
    0xcf, 0xff, 0xff, 0x70, 0x00, 0x00, 0x0f, 0xfb,
    0x00, 0xc9, 0x20, 0x00, 0x00, 0x00, 0x00, 0x01,
    0x48, 0xbb, 0x00,

    /* U+5065 "健" */
    0x00, 0x00, 0x00, 0x20, 0x00, 0x00, 0x00, 0x00,
    0x00, 0x01, 0x33, 0x00, 0x00, 0x00, 0x00, 0x00,
    0x00, 0x00, 0xfe, 0x80, 0x00, 0x00, 0x00, 0x00,
    0x08, 0xff, 0x10, 0x00, 0x00, 0x00, 0x00, 0x00,
    0x05, 0xff, 0x70, 0x00, 0x00, 0x00, 0x00, 0x08,
    0xff, 0x10, 0x00, 0x00, 0x00, 0x00, 0x00, 0x0b,
    0xff, 0xcf, 0xff, 0xfc, 0x08, 0xdd, 0xdf, 0xff,
    0xed, 0xdd, 0xd6, 0x00, 0x00, 0x00, 0x2f, 0xfb,
    0xbf, 0xff, 0xfc, 0x0a, 0xff, 0xff, 0xff, 0xff,
    0xff, 0xf7, 0x00, 0x00, 0x00, 0x8f, 0xf5, 0x35,
    0x6f, 0xf6, 0x02, 0x33, 0x3a, 0xff, 0x43, 0x3f,
    0xf7, 0x00, 0x00, 0x01, 0xff, 0xe0, 0x00, 0x5f,
    0xf0, 0x00, 0x00, 0x08, 0xff, 0x10, 0x0f, 0xf7,
    0x00, 0x00, 0x08, 0xff, 0xa0, 0x00, 0xbf, 0x9a,
    0xff, 0xff, 0xff, 0xff, 0xff, 0xff, 0xff, 0xf1,
    0x00, 0x1f, 0xff, 0x90, 0x02, 0xff, 0x2a, 0xff,
    0xff, 0xff, 0xff, 0xff, 0xff, 0xff, 0xf2, 0x00,
    0xbf, 0xff, 0x90, 0x09, 0xfc, 0x01, 0x22, 0x22,
    0x29, 0xff, 0x32, 0x2f, 0xf8, 0x20, 0x05, 0xff,
    0xff, 0x90, 0x1f, 0xf5, 0x00, 0x00, 0x00, 0x08,
    0xff, 0x10, 0x0f, 0xf7, 0x00, 0x2f, 0xff, 0xff,
    0x90, 0x7f, 0xf5, 0x55, 0x15, 0x88, 0x8c, 0xff,
    0x88, 0x8f, 0xf7, 0x00, 0x3f, 0xfa, 0xef, 0x90,
    0xef, 0xff, 0xff, 0x8a, 0xff, 0xff, 0xff, 0xff,
    0xff, 0xf7, 0x00, 0x0b, 0xe1, 0xef, 0x96, 0xff,
    0xcc, 0xff, 0x76, 0xaa, 0xad, 0xff, 0xaa, 0xaa,
    0xa4, 0x00, 0x04, 0x30, 0xef, 0x95, 0xa8, 0x00,
    0xcf, 0x50, 0x00, 0x08, 0xff, 0x10, 0x00, 0x00,
    0x00, 0x00, 0x00, 0xef, 0x90, 0x13, 0x00, 0xef,
    0x4e, 0xee, 0xef, 0xff, 0xfe, 0xee, 0xe9, 0x00,
    0x00, 0x00, 0xef, 0x96, 0xfd, 0x01, 0xff, 0x2f,
    0xff, 0xff, 0xff, 0xff, 0xff, 0xfa, 0x00, 0x00,
    0x00, 0xef, 0x93, 0xff, 0x15, 0xfe, 0x03, 0x33,
    0x3a, 0xff, 0x43, 0x33, 0x32, 0x00, 0x00, 0x00,
    0xef, 0x90, 0xff, 0x69, 0xfb, 0x00, 0x00, 0x08,
    0xff, 0x10, 0x00, 0x00, 0x00, 0x00, 0x00, 0xef,
    0x90, 0xaf, 0xce, 0xf7, 0xbd, 0xdd, 0xde, 0xff,
    0xdd, 0xdd, 0xdd, 0x50, 0x00, 0x00, 0xef, 0x90,
    0x4f, 0xff, 0xf3, 0xef, 0xff, 0xff, 0xff, 0xff,
    0xff, 0xff, 0x60, 0x00, 0x00, 0xef, 0x90, 0x0d,
    0xff, 0xe0, 0x44, 0x44, 0x4a, 0xff, 0x54, 0x44,
    0x44, 0x10, 0x00, 0x00, 0xef, 0x90, 0x07, 0xff,
    0xc0, 0x00, 0x00, 0x08, 0xff, 0x10, 0x00, 0x00,
    0x00, 0x00, 0x00, 0xef, 0x90, 0x0c, 0xff, 0xf9,
    0x00, 0x00, 0x08, 0xff, 0x10, 0x00, 0x00, 0x00,
    0x00, 0x00, 0xef, 0x90, 0x8f, 0xff, 0xff, 0xe6,
    0x10, 0x03, 0x66, 0x00, 0x00, 0x00, 0x00, 0x00,
    0x00, 0xef, 0x98, 0xff, 0xf5, 0xdf, 0xff, 0xfd,
    0xb9, 0x99, 0x99, 0x99, 0x99, 0x90, 0x00, 0x00,
    0xef, 0xcf, 0xff, 0x80, 0x08, 0xff, 0xff, 0xff,
    0xff, 0xff, 0xff, 0xff, 0xb0, 0x00, 0x00, 0xef,
    0x97, 0xfb, 0x00, 0x00, 0x15, 0x9c, 0xef, 0xff,
    0xff, 0xff, 0xff, 0x50, 0x00, 0x00, 0xef, 0x90,
    0x90, 0x00, 0x00, 0x00, 0x00, 0x00, 0x00, 0x00,
    0x00, 0x00, 0x00,

    /* U+5148 "先" */
    0x00, 0x00, 0x00, 0x00, 0x00, 0x00, 0x15, 0x53,
    0x00, 0x00, 0x00, 0x00, 0x00, 0x00, 0x00, 0x00,
    0x00, 0xa8, 0x50, 0x00, 0x3f, 0xfb, 0x00, 0x00,
    0x00, 0x00, 0x00, 0x00, 0x00, 0x00, 0x01, 0xff,
    0xe0, 0x00, 0x3f, 0xfb, 0x00, 0x00, 0x00, 0x00,
    0x00, 0x00, 0x00, 0x00, 0x06, 0xff, 0x90, 0x00,
    0x3f, 0xfb, 0x00, 0x00, 0x00, 0x00, 0x00, 0x00,
    0x00, 0x00, 0x0b, 0xff, 0x40, 0x00, 0x3f, 0xfb,
    0x00, 0x00, 0x00, 0x00, 0x00, 0x00, 0x00, 0x00,
    0x1f, 0xff, 0xff, 0xff, 0xff, 0xff, 0xff, 0xff,
    0xff, 0xff, 0xf4, 0x00, 0x00, 0x00, 0x8f, 0xff,
    0xff, 0xff, 0xff, 0xff, 0xff, 0xff, 0xff, 0xff,
    0xf4, 0x00, 0x00, 0x00, 0xef, 0xfc, 0xcc, 0xcc,
    0xdf, 0xfe, 0xcc, 0xcc, 0xcc, 0xcc, 0xc3, 0x00,
    0x00, 0x07, 0xff, 0xa0, 0x00, 0x00, 0x3f, 0xfb,
    0x00, 0x00, 0x00, 0x00, 0x00, 0x00, 0x00, 0x1f,
    0xff, 0x20, 0x00, 0x00, 0x3f, 0xfb, 0x00, 0x00,
    0x00, 0x00, 0x00, 0x00, 0x00, 0xaf, 0xf9, 0x00,
    0x00, 0x00, 0x3f, 0xfb, 0x00, 0x00, 0x00, 0x00,
    0x00, 0x00, 0x00, 0x07, 0xc0, 0x00, 0x00, 0x00,
    0x3f, 0xfb, 0x00, 0x00, 0x00, 0x00, 0x00, 0x00,
    0x00, 0x00, 0x00, 0x00, 0x00, 0x00, 0x3f, 0xfb,
    0x00, 0x00, 0x00, 0x00, 0x00, 0x00, 0x0d, 0xdd,
    0xdd, 0xdd, 0xdd, 0xdd, 0xdf, 0xff, 0xdd, 0xdd,
    0xdd, 0xdd, 0xdd, 0xd4, 0x0f, 0xff, 0xff, 0xff,
    0xff, 0xff, 0xff, 0xff, 0xff, 0xff, 0xff, 0xff,
    0xff, 0xf5, 0x0f, 0xff, 0xff, 0xff, 0xff, 0xff,
    0xff, 0xff, 0xff, 0xff, 0xff, 0xff, 0xff, 0xf5,
    0x00, 0x00, 0x00, 0x00, 0x9f, 0xf6, 0x00, 0x00,
    0x6f, 0xf7, 0x00, 0x00, 0x00, 0x00, 0x00, 0x00,
    0x00, 0x00, 0xbf, 0xf3, 0x00, 0x00, 0x6f, 0xf7,
    0x00, 0x00, 0x00, 0x00, 0x00, 0x00, 0x00, 0x00,
    0xef, 0xf1, 0x00, 0x00, 0x6f, 0xf7, 0x00, 0x00,
    0x00, 0x00, 0x00, 0x00, 0x00, 0x02, 0xff, 0xd0,
    0x00, 0x00, 0x6f, 0xf7, 0x00, 0x00, 0x00, 0x00,
    0x00, 0x00, 0x00, 0x08, 0xff, 0x90, 0x00, 0x00,
    0x6f, 0xf7, 0x00, 0x00, 0x00, 0x00, 0x00, 0x00,
    0x00, 0x1f, 0xff, 0x30, 0x00, 0x00, 0x6f, 0xf7,
    0x00, 0x00, 0x09, 0x60, 0x00, 0x00, 0x00, 0xbf,
    0xfc, 0x00, 0x00, 0x00, 0x6f, 0xf7, 0x00, 0x00,
    0x0c, 0xfd, 0x00, 0x00, 0x09, 0xff, 0xf3, 0x00,
    0x00, 0x00, 0x6f, 0xf7, 0x00, 0x00, 0x0d, 0xfc,
    0x00, 0x02, 0xbf, 0xff, 0x80, 0x00, 0x00, 0x00,
    0x6f, 0xf7, 0x00, 0x00, 0x0f, 0xfa, 0x02, 0x9f,
    0xff, 0xf9, 0x00, 0x00, 0x00, 0x00, 0x5f, 0xfe,
    0xbb, 0xbb, 0xdf, 0xf6, 0x2f, 0xff, 0xff, 0x70,
    0x00, 0x00, 0x00, 0x00, 0x1f, 0xff, 0xff, 0xff,
    0xff, 0xf1, 0x05, 0xff, 0xa2, 0x00, 0x00, 0x00,
    0x00, 0x00, 0x04, 0xcf, 0xff, 0xff, 0xfd, 0x40,
    0x00, 0x62, 0x00, 0x00, 0x00, 0x00, 0x00, 0x00,
    0x00, 0x00, 0x00, 0x00, 0x00, 0x00,

    /* U+5186 "円" */
    0x36, 0x66, 0x66, 0x66, 0x66, 0x66, 0x66, 0x66,
    0x66, 0x66, 0x66, 0x78, 0x63, 0x7f, 0xff, 0xff,
    0xff, 0xff, 0xff, 0xff, 0xff, 0xff, 0xff, 0xff,
    0xff, 0xf9, 0x7f, 0xff, 0xff, 0xff, 0xff, 0xff,
    0xff, 0xff, 0xff, 0xff, 0xff, 0xff, 0xf9, 0x7f,
    0xfa, 0x66, 0x66, 0x66, 0x6d, 0xff, 0x76, 0x66,
    0x66, 0x66, 0x9f, 0xf9, 0x7f, 0xf6, 0x00, 0x00,
    0x00, 0x0b, 0xff, 0x10, 0x00, 0x00, 0x00, 0x4f,
    0xf9, 0x7f, 0xf6, 0x00, 0x00, 0x00, 0x0b, 0xff,
    0x10, 0x00, 0x00, 0x00, 0x4f, 0xf9, 0x7f, 0xf6,
    0x00, 0x00, 0x00, 0x0b, 0xff, 0x10, 0x00, 0x00,
    0x00, 0x4f, 0xf9, 0x7f, 0xf6, 0x00, 0x00, 0x00,
    0x0b, 0xff, 0x10, 0x00, 0x00, 0x00, 0x4f, 0xf9,
    0x7f, 0xf6, 0x00, 0x00, 0x00, 0x0b, 0xff, 0x10,
    0x00, 0x00, 0x00, 0x4f, 0xf9, 0x7f, 0xf6, 0x00,
    0x00, 0x00, 0x0b, 0xff, 0x10, 0x00, 0x00, 0x00,
    0x4f, 0xf9, 0x7f, 0xf6, 0x00, 0x00, 0x00, 0x0b,
    0xff, 0x10, 0x00, 0x00, 0x00, 0x4f, 0xf9, 0x7f,
    0xf8, 0x33, 0x33, 0x33, 0x3c, 0xff, 0x43, 0x33,
    0x33, 0x33, 0x7f, 0xf9, 0x7f, 0xff, 0xff, 0xff,
    0xff, 0xff, 0xff, 0xff, 0xff, 0xff, 0xff, 0xff,
    0xf9, 0x7f, 0xff, 0xff, 0xff, 0xff, 0xff, 0xff,
    0xff, 0xff, 0xff, 0xff, 0xff, 0xf9, 0x7f, 0xfb,
    0x99, 0x99, 0x99, 0x99, 0x99, 0x99, 0x99, 0x99,
    0x99, 0xbf, 0xf9, 0x7f, 0xf6, 0x00, 0x00, 0x00,
    0x00, 0x00, 0x00, 0x00, 0x00, 0x00, 0x4f, 0xf9,
    0x7f, 0xf6, 0x00, 0x00, 0x00, 0x00, 0x00, 0x00,
    0x00, 0x00, 0x00, 0x4f, 0xf9, 0x7f, 0xf6, 0x00,
    0x00, 0x00, 0x00, 0x00, 0x00, 0x00, 0x00, 0x00,
    0x4f, 0xf9, 0x7f, 0xf6, 0x00, 0x00, 0x00, 0x00,
    0x00, 0x00, 0x00, 0x00, 0x00, 0x4f, 0xf9, 0x7f,
    0xf6, 0x00, 0x00, 0x00, 0x00, 0x00, 0x00, 0x00,
    0x00, 0x00, 0x4f, 0xf9, 0x7f, 0xf6, 0x00, 0x00,
    0x00, 0x00, 0x00, 0x00, 0x00, 0x00, 0x00, 0x4f,
    0xf9, 0x7f, 0xf6, 0x00, 0x00, 0x00, 0x00, 0x00,
    0x00, 0x00, 0x00, 0x00, 0x4f, 0xf9, 0x7f, 0xf6,
    0x00, 0x00, 0x00, 0x00, 0x00, 0x00, 0x00, 0x00,
    0x00, 0x4f, 0xf9, 0x7f, 0xf6, 0x00, 0x00, 0x00,
    0x00, 0x00, 0x00, 0x00, 0x00, 0x00, 0x5f, 0xf8,
    0x7f, 0xf6, 0x00, 0x00, 0x00, 0x00, 0x00, 0x00,
    0x05, 0xdc, 0xcc, 0xef, 0xf7, 0x7f, 0xf6, 0x00,
    0x00, 0x00, 0x00, 0x00, 0x00, 0x00, 0xff, 0xff,
    0xff, 0xf2, 0x7f, 0xf6, 0x00, 0x00, 0x00, 0x00,
    0x00, 0x00, 0x00, 0xaf, 0xfe, 0xda, 0x30,

    /* U+51FA "出" */
    0x00, 0x00, 0x00, 0x00, 0x00, 0x23, 0x30, 0x00,
    0x00, 0x00, 0x00, 0x00, 0x00, 0x00, 0x00, 0x00,
    0x00, 0xdf, 0xf1, 0x00, 0x00, 0x00, 0x00, 0x00,
    0x00, 0x00, 0x00, 0x00, 0x00, 0xdf, 0xf1, 0x00,
    0x00, 0x00, 0x00, 0x00, 0x06, 0x88, 0x00, 0x00,
    0x00, 0xdf, 0xf1, 0x00, 0x00, 0x01, 0x99, 0x70,
    0x0c, 0xff, 0x10, 0x00, 0x00, 0xdf, 0xf1, 0x00,
    0x00, 0x02, 0xff, 0xc0, 0x0c, 0xff, 0x10, 0x00,
    0x00, 0xdf, 0xf1, 0x00, 0x00, 0x02, 0xff, 0xc0,
    0x0c, 0xff, 0x10, 0x00, 0x00, 0xdf, 0xf1, 0x00,
    0x00, 0x02, 0xff, 0xc0, 0x0c, 0xff, 0x10, 0x00,
    0x00, 0xdf, 0xf1, 0x00, 0x00, 0x02, 0xff, 0xc0,
    0x0c, 0xff, 0x10, 0x00, 0x00, 0xdf, 0xf1, 0x00,
    0x00, 0x02, 0xff, 0xc0, 0x0c, 0xff, 0x10, 0x00,
    0x00, 0xdf, 0xf1, 0x00, 0x00, 0x02, 0xff, 0xc0,
    0x0c, 0xff, 0x10, 0x00, 0x00, 0xdf, 0xf1, 0x00,
    0x00, 0x02, 0xff, 0xc0, 0x0c, 0xff, 0xbb, 0xbb,
    0xbb, 0xff, 0xfb, 0xbb, 0xbb, 0xbb, 0xff, 0xc0,
    0x0c, 0xff, 0xff, 0xff, 0xff, 0xff, 0xff, 0xff,
    0xff, 0xff, 0xff, 0xc0, 0x0c, 0xff, 0xff, 0xff,
    0xff, 0xff, 0xff, 0xff, 0xff, 0xff, 0xff, 0xc0,
    0x00, 0x00, 0x00, 0x00, 0x00, 0xdf, 0xf2, 0x00,
    0x00, 0x00, 0x00, 0x00, 0x12, 0x10, 0x00, 0x00,
    0x00, 0xdf, 0xf1, 0x00, 0x00, 0x00, 0x01, 0x22,
    0xef, 0xf0, 0x00, 0x00, 0x00, 0xdf, 0xf1, 0x00,
    0x00, 0x00, 0x0f, 0xff, 0xef, 0xf0, 0x00, 0x00,
    0x00, 0xdf, 0xf1, 0x00, 0x00, 0x00, 0x0f, 0xff,
    0xef, 0xf0, 0x00, 0x00, 0x00, 0xdf, 0xf1, 0x00,
    0x00, 0x00, 0x0f, 0xff, 0xef, 0xf0, 0x00, 0x00,
    0x00, 0xdf, 0xf1, 0x00, 0x00, 0x00, 0x0f, 0xff,
    0xef, 0xf0, 0x00, 0x00, 0x00, 0xdf, 0xf1, 0x00,
    0x00, 0x00, 0x0f, 0xff, 0xef, 0xf0, 0x00, 0x00,
    0x00, 0xdf, 0xf1, 0x00, 0x00, 0x00, 0x0f, 0xff,
    0xef, 0xf0, 0x00, 0x00, 0x00, 0xdf, 0xf1, 0x00,
    0x00, 0x00, 0x0f, 0xff, 0xef, 0xf0, 0x00, 0x00,
    0x00, 0xdf, 0xf2, 0x00, 0x00, 0x00, 0x0f, 0xff,
    0xef, 0xff, 0xff, 0xff, 0xff, 0xff, 0xff, 0xff,
    0xff, 0xff, 0xff, 0xff, 0xef, 0xff, 0xff, 0xff,
    0xff, 0xff, 0xff, 0xff, 0xff, 0xff, 0xff, 0xff,
    0xef, 0xfb, 0xbb, 0xbb, 0xbb, 0xbb, 0xbb, 0xbb,
    0xbb, 0xbb, 0xbf, 0xff, 0xef, 0xf0, 0x00, 0x00,
    0x00, 0x00, 0x00, 0x00, 0x00, 0x00, 0x0f, 0xff,
    0xef, 0xf0, 0x00, 0x00, 0x00, 0x00, 0x00, 0x00,
    0x00, 0x00, 0x0e, 0xff,

    /* U+5225 "別" */
    0x00, 0x00, 0x00, 0x00, 0x00, 0x00, 0x00, 0x00,
    0x00, 0x00, 0x00, 0x00, 0x8c, 0xc1, 0x00, 0x7f,
    0xff, 0xff, 0xff, 0xff, 0xff, 0x90, 0x00, 0x00,
    0x00, 0x00, 0xaf, 0xf2, 0x00, 0x8f, 0xff, 0xff,
    0xff, 0xff, 0xff, 0x90, 0x00, 0x00, 0x00, 0x00,
    0xaf, 0xf2, 0x00, 0x8f, 0xf9, 0x88, 0x88, 0x89,
    0xff, 0x90, 0x07, 0xbb, 0x00, 0x00, 0xaf, 0xf2,
    0x00, 0x8f, 0xf1, 0x00, 0x00, 0x01, 0xff, 0x90,
    0x0b, 0xff, 0x10, 0x00, 0xaf, 0xf2, 0x00, 0x8f,
    0xf1, 0x00, 0x00, 0x01, 0xff, 0x90, 0x0b, 0xff,
    0x10, 0x00, 0xaf, 0xf2, 0x00, 0x8f, 0xf1, 0x00,
    0x00, 0x01, 0xff, 0x90, 0x0b, 0xff, 0x10, 0x00,
    0xaf, 0xf2, 0x00, 0x8f, 0xf1, 0x00, 0x00, 0x01,
    0xff, 0x90, 0x0b, 0xff, 0x10, 0x00, 0xaf, 0xf2,
    0x00, 0x8f, 0xf6, 0x66, 0x66, 0x67, 0xff, 0x90,
    0x0b, 0xff, 0x10, 0x00, 0xaf, 0xf2, 0x00, 0x8f,
    0xff, 0xff, 0xff, 0xff, 0xff, 0x90, 0x0b, 0xff,
    0x10, 0x00, 0xaf, 0xf2, 0x00, 0x8f, 0xff, 0xff,
    0xff, 0xff, 0xff, 0x90, 0x0b, 0xff, 0x10, 0x00,
    0xaf, 0xf2, 0x00, 0x12, 0x27, 0xff, 0x82, 0x22,
    0x22, 0x10, 0x0b, 0xff, 0x10, 0x00, 0xaf, 0xf2,
    0x00, 0x00, 0x06, 0xff, 0x50, 0x00, 0x00, 0x00,
    0x0b, 0xff, 0x10, 0x00, 0xaf, 0xf2, 0x00, 0x00,
    0x07, 0xff, 0x40, 0x00, 0x00, 0x00, 0x0b, 0xff,
    0x10, 0x00, 0xaf, 0xf2, 0x00, 0x00, 0x09, 0xff,
    0xff, 0xff, 0xff, 0xc0, 0x0b, 0xff, 0x10, 0x00,
    0xaf, 0xf2, 0x00, 0x00, 0x0a, 0xff, 0xff, 0xff,
    0xff, 0xc0, 0x0b, 0xff, 0x10, 0x00, 0xaf, 0xf2,
    0x00, 0x00, 0x0c, 0xff, 0x88, 0x88, 0xff, 0xb0,
    0x0b, 0xff, 0x10, 0x00, 0xaf, 0xf2, 0x00, 0x00,
    0x0f, 0xfc, 0x00, 0x00, 0xef, 0xb0, 0x0b, 0xff,
    0x10, 0x00, 0xaf, 0xf2, 0x00, 0x00, 0x3f, 0xf9,
    0x00, 0x00, 0xff, 0xa0, 0x0b, 0xff, 0x10, 0x00,
    0xaf, 0xf2, 0x00, 0x00, 0x6f, 0xf5, 0x00, 0x00,
    0xff, 0x90, 0x0b, 0xff, 0x10, 0x00, 0xaf, 0xf2,
    0x00, 0x00, 0xbf, 0xf1, 0x00, 0x01, 0xff, 0x80,
    0x00, 0x00, 0x00, 0x00, 0xaf, 0xf2, 0x00, 0x02,
    0xff, 0xc0, 0x00, 0x02, 0xff, 0x70, 0x00, 0x00,
    0x00, 0x00, 0xaf, 0xf2, 0x00, 0x09, 0xff, 0x60,
    0x00, 0x04, 0xff, 0x50, 0x00, 0x00, 0x00, 0x00,
    0xaf, 0xf2, 0x00, 0x2f, 0xfe, 0x00, 0x00, 0x06,
    0xff, 0x40, 0x00, 0x00, 0x00, 0x00, 0xaf, 0xf2,
    0x00, 0xdf, 0xf7, 0x00, 0x00, 0x0a, 0xff, 0x20,
    0x00, 0x00, 0x00, 0x00, 0xbf, 0xf2, 0x0b, 0xff,
    0xd0, 0x08, 0x87, 0x8f, 0xfe, 0x00, 0x00, 0x08,
    0xdd, 0xdd, 0xff, 0xf0, 0x0b, 0xff, 0x20, 0x0a,
    0xff, 0xff, 0xf8, 0x00, 0x00, 0x03, 0xff, 0xff,
    0xff, 0xb0, 0x00, 0xb3, 0x00, 0x06, 0xee, 0xec,
    0x70, 0x00, 0x00, 0x00, 0xef, 0xfe, 0xc8, 0x10,
    0x00, 0x00, 0x00, 0x00, 0x00, 0x00, 0x00, 0x00,
    0x00, 0x00, 0x00, 0x00, 0x00, 0x00,

    /* U+52D5 "動" */
    0x00, 0x00, 0x00, 0x00, 0x00, 0x00, 0x12, 0x00,
    0x00, 0x12, 0x20, 0x00, 0x00, 0x00, 0x00, 0x00,
    0x23, 0x56, 0x8a, 0xce, 0xff, 0x10, 0x00, 0xaf,
    0xf1, 0x00, 0x00, 0x00, 0x6e, 0xff, 0xff, 0xff,
    0xff, 0xff, 0xff, 0x90, 0x00, 0xaf, 0xf1, 0x00,
    0x00, 0x00, 0x2f, 0xff, 0xff, 0xff, 0xfa, 0x86,
    0x41, 0x00, 0x00, 0xaf, 0xf0, 0x00, 0x00, 0x00,
    0x03, 0x22, 0x10, 0x9f, 0xf0, 0x00, 0x00, 0x00,
    0x00, 0xaf, 0xf0, 0x00, 0x00, 0x00, 0x23, 0x33,
    0x33, 0xaf, 0xf3, 0x33, 0x33, 0x31, 0x00, 0xaf,
    0xf0, 0x00, 0x00, 0x00, 0xdf, 0xff, 0xff, 0xff,
    0xff, 0xff, 0xff, 0xf5, 0x00, 0xbf, 0xf0, 0x00,
    0x00, 0x00, 0xcf, 0xff, 0xff, 0xff, 0xff, 0xff,
    0xff, 0xf9, 0x66, 0xdf, 0xf6, 0x66, 0x77, 0x60,
    0x00, 0x00, 0x00, 0x9f, 0xf0, 0x00, 0x00, 0x0c,
    0xff, 0xff, 0xff, 0xff, 0xff, 0xf2, 0x0b, 0xbb,
    0xbb, 0xef, 0xfb, 0xbb, 0xbb, 0x9c, 0xff, 0xff,
    0xff, 0xff, 0xff, 0xf1, 0x0f, 0xff, 0xff, 0xff,
    0xff, 0xff, 0xff, 0xd2, 0x33, 0xdf, 0xe3, 0x33,
    0xbf, 0xf1, 0x0f, 0xf6, 0x22, 0xaf, 0xf3, 0x22,
    0xaf, 0xd0, 0x00, 0xdf, 0xd0, 0x00, 0xaf, 0xf0,
    0x0f, 0xf5, 0x00, 0x9f, 0xf0, 0x00, 0x9f, 0xd0,
    0x00, 0xef, 0xc0, 0x00, 0xbf, 0xf0, 0x0f, 0xfd,
    0xdd, 0xef, 0xfd, 0xdd, 0xef, 0xd0, 0x00, 0xff,
    0xb0, 0x00, 0xbf, 0xf0, 0x0f, 0xff, 0xff, 0xff,
    0xff, 0xff, 0xff, 0xd0, 0x01, 0xff, 0x90, 0x00,
    0xcf, 0xf0, 0x0f, 0xf5, 0x00, 0x9f, 0xf0, 0x00,
    0x9f, 0xd0, 0x03, 0xff, 0x80, 0x00, 0xcf, 0xe0,
    0x0f, 0xf5, 0x00, 0x9f, 0xf1, 0x00, 0x9f, 0xd0,
    0x05, 0xff, 0x50, 0x00, 0xdf, 0xe0, 0x0f, 0xff,
    0xff, 0xff, 0xff, 0xff, 0xff, 0xd0, 0x08, 0xff,
    0x30, 0x00, 0xef, 0xd0, 0x0c, 0xdd, 0xdd, 0xef,
    0xfd, 0xdd, 0xdd, 0xa0, 0x0c, 0xff, 0x00, 0x00,
    0xef, 0xd0, 0x00, 0x00, 0x00, 0x9f, 0xf0, 0x00,
    0x00, 0x00, 0x0f, 0xfc, 0x00, 0x00, 0xff, 0xc0,
    0x1f, 0xff, 0xff, 0xff, 0xff, 0xff, 0xff, 0xe0,
    0x5f, 0xf8, 0x00, 0x00, 0xff, 0xb0, 0x1f, 0xff,
    0xff, 0xff, 0xff, 0xff, 0xff, 0xe0, 0xbf, 0xf3,
    0x00, 0x01, 0xff, 0xa0, 0x02, 0x22, 0x22, 0xaf,
    0xf3, 0x22, 0x22, 0x22, 0xff, 0xd0, 0x00, 0x02,
    0xff, 0x90, 0x00, 0x00, 0x00, 0x9f, 0xf0, 0x00,
    0x13, 0x5b, 0xff, 0x70, 0x00, 0x04, 0xff, 0x70,
    0x00, 0x12, 0x46, 0xcf, 0xfc, 0xef, 0xff, 0xff,
    0xfe, 0x00, 0x00, 0x06, 0xff, 0x60, 0xbf, 0xff,
    0xff, 0xff, 0xff, 0xff, 0xff, 0xff, 0xf6, 0x00,
    0x00, 0x0b, 0xff, 0x30, 0xbf, 0xff, 0xff, 0xff,
    0xff, 0xfd, 0xef, 0xff, 0xb0, 0x0a, 0xaa, 0xbf,
    0xff, 0x00, 0x9f, 0xdb, 0xa8, 0x64, 0x31, 0x00,
    0x7f, 0xfd, 0x10, 0x07, 0xff, 0xff, 0xf9, 0x00,
    0x00, 0x00, 0x00, 0x00, 0x00, 0x00, 0x07, 0xd1,
    0x00, 0x04, 0xff, 0xfe, 0x90, 0x00, 0x00, 0x00,
    0x00, 0x00, 0x00, 0x00, 0x00, 0x00, 0x00, 0x00,
    0x00, 0x00, 0x00, 0x00,

    /* U+56DE "回" */
    0x00, 0x00, 0x00, 0x00, 0x00, 0x00, 0x00, 0x00,
    0x00, 0x00, 0x00, 0x00, 0x00, 0xbf, 0xff, 0xff,
    0xff, 0xff, 0xff, 0xff, 0xff, 0xff, 0xff, 0xff,
    0xff, 0xff, 0xbf, 0xff, 0xff, 0xff, 0xff, 0xff,
    0xff, 0xff, 0xff, 0xff, 0xff, 0xff, 0xff, 0xbf,
    0xfe, 0xdd, 0xdd, 0xdd, 0xdd, 0xdd, 0xdd, 0xdd,
    0xdd, 0xdd, 0xef, 0xff, 0xbf, 0xf4, 0x00, 0x00,
    0x00, 0x00, 0x00, 0x00, 0x00, 0x00, 0x00, 0x2f,
    0xff, 0xbf, 0xf4, 0x00, 0x00, 0x00, 0x00, 0x00,
    0x00, 0x00, 0x00, 0x00, 0x2f, 0xff, 0xbf, 0xf4,
    0x00, 0x00, 0x00, 0x00, 0x00, 0x00, 0x00, 0x00,
    0x00, 0x2f, 0xff, 0xbf, 0xf4, 0x00, 0x00, 0x00,
    0x00, 0x00, 0x00, 0x00, 0x00, 0x00, 0x2f, 0xff,
    0xbf, 0xf4, 0x00, 0x1f, 0xff, 0xff, 0xff, 0xff,
    0xff, 0xe0, 0x00, 0x2f, 0xff, 0xbf, 0xf4, 0x00,
    0x1f, 0xff, 0xff, 0xff, 0xff, 0xff, 0xe0, 0x00,
    0x2f, 0xff, 0xbf, 0xf4, 0x00, 0x1f, 0xfc, 0x77,
    0x77, 0x77, 0xff, 0xe0, 0x00, 0x2f, 0xff, 0xbf,
    0xf4, 0x00, 0x1f, 0xfa, 0x00, 0x00, 0x00, 0xff,
    0xe0, 0x00, 0x2f, 0xff, 0xbf, 0xf4, 0x00, 0x1f,
    0xfa, 0x00, 0x00, 0x00, 0xff, 0xe0, 0x00, 0x2f,
    0xff, 0xbf, 0xf4, 0x00, 0x1f, 0xfa, 0x00, 0x00,
    0x00, 0xff, 0xe0, 0x00, 0x2f, 0xff, 0xbf, 0xf4,
    0x00, 0x1f, 0xfa, 0x00, 0x00, 0x00, 0xff, 0xe0,
    0x00, 0x2f, 0xff, 0xbf, 0xf4, 0x00, 0x1f, 0xfa,
    0x00, 0x00, 0x00, 0xff, 0xe0, 0x00, 0x2f, 0xff,
    0xbf, 0xf4, 0x00, 0x1f, 0xfc, 0x77, 0x77, 0x77,
    0xff, 0xe0, 0x00, 0x2f, 0xff, 0xbf, 0xf4, 0x00,
    0x1f, 0xff, 0xff, 0xff, 0xff, 0xff, 0xe0, 0x00,
    0x2f, 0xff, 0xbf, 0xf4, 0x00, 0x1f, 0xff, 0xff,
    0xff, 0xff, 0xff, 0xe0, 0x00, 0x2f, 0xff, 0xbf,
    0xf4, 0x00, 0x00, 0x00, 0x00, 0x00, 0x00, 0x00,
    0x00, 0x00, 0x2f, 0xff, 0xbf, 0xf4, 0x00, 0x00,
    0x00, 0x00, 0x00, 0x00, 0x00, 0x00, 0x00, 0x2f,
    0xff, 0xbf, 0xf4, 0x00, 0x00, 0x00, 0x00, 0x00,
    0x00, 0x00, 0x00, 0x00, 0x2f, 0xff, 0xbf, 0xf4,
    0x00, 0x00, 0x00, 0x00, 0x00, 0x00, 0x00, 0x00,
    0x00, 0x2f, 0xff, 0xbf, 0xfc, 0xbb, 0xbb, 0xbb,
    0xbb, 0xbb, 0xbb, 0xbb, 0xbb, 0xbb, 0xcf, 0xff,
    0xbf, 0xff, 0xff, 0xff, 0xff, 0xff, 0xff, 0xff,
    0xff, 0xff, 0xff, 0xff, 0xff, 0xbf, 0xff, 0xff,
    0xff, 0xff, 0xff, 0xff, 0xff, 0xff, 0xff, 0xff,
    0xff, 0xff, 0xbf, 0xf4, 0x00, 0x00, 0x00, 0x00,
    0x00, 0x00, 0x00, 0x00, 0x00, 0x2f, 0xff, 0xbf,
    0xf4, 0x00, 0x00, 0x00, 0x00, 0x00, 0x00, 0x00,
    0x00, 0x00, 0x2f, 0xff,

    /* U+571F "土" */
    0x00, 0x00, 0x00, 0x00, 0x00, 0x00, 0x34, 0x41,
    0x00, 0x00, 0x00, 0x00, 0x00, 0x00, 0x00, 0x00,
    0x00, 0x00, 0x00, 0x00, 0xcf, 0xf4, 0x00, 0x00,
    0x00, 0x00, 0x00, 0x00, 0x00, 0x00, 0x00, 0x00,
    0x00, 0x00, 0xcf, 0xf4, 0x00, 0x00, 0x00, 0x00,
    0x00, 0x00, 0x00, 0x00, 0x00, 0x00, 0x00, 0x00,
    0xcf, 0xf4, 0x00, 0x00, 0x00, 0x00, 0x00, 0x00,
    0x00, 0x00, 0x00, 0x00, 0x00, 0x00, 0xcf, 0xf4,
    0x00, 0x00, 0x00, 0x00, 0x00, 0x00, 0x00, 0x00,
    0x00, 0x00, 0x00, 0x00, 0xcf, 0xf4, 0x00, 0x00,
    0x00, 0x00, 0x00, 0x00, 0x00, 0x00, 0x00, 0x00,
    0x00, 0x00, 0xcf, 0xf4, 0x00, 0x00, 0x00, 0x00,
    0x00, 0x00, 0x00, 0x00, 0x00, 0x00, 0x00, 0x00,
    0xcf, 0xf4, 0x00, 0x00, 0x00, 0x00, 0x00, 0x00,
    0x00, 0x00, 0x00, 0x00, 0x00, 0x00, 0xcf, 0xf4,
    0x00, 0x00, 0x00, 0x00, 0x00, 0x00, 0x00, 0x00,
    0x00, 0x00, 0x00, 0x00, 0xcf, 0xf4, 0x00, 0x00,
    0x00, 0x00, 0x00, 0x00, 0x00, 0xad, 0xdd, 0xdd,
    0xdd, 0xdd, 0xff, 0xfd, 0xdd, 0xdd, 0xdd, 0xdd,
    0xd5, 0x00, 0x00, 0xcf, 0xff, 0xff, 0xff, 0xff,
    0xff, 0xff, 0xff, 0xff, 0xff, 0xff, 0xf6, 0x00,
    0x00, 0xcf, 0xff, 0xff, 0xff, 0xff, 0xff, 0xff,
    0xff, 0xff, 0xff, 0xff, 0xf6, 0x00, 0x00, 0x00,
    0x00, 0x00, 0x00, 0x00, 0xcf, 0xf4, 0x00, 0x00,
    0x00, 0x00, 0x00, 0x00, 0x00, 0x00, 0x00, 0x00,
    0x00, 0x00, 0xcf, 0xf4, 0x00, 0x00, 0x00, 0x00,
    0x00, 0x00, 0x00, 0x00, 0x00, 0x00, 0x00, 0x00,
    0xcf, 0xf4, 0x00, 0x00, 0x00, 0x00, 0x00, 0x00,
    0x00, 0x00, 0x00, 0x00, 0x00, 0x00, 0xcf, 0xf4,
    0x00, 0x00, 0x00, 0x00, 0x00, 0x00, 0x00, 0x00,
    0x00, 0x00, 0x00, 0x00, 0xcf, 0xf4, 0x00, 0x00,
    0x00, 0x00, 0x00, 0x00, 0x00, 0x00, 0x00, 0x00,
    0x00, 0x00, 0xcf, 0xf4, 0x00, 0x00, 0x00, 0x00,
    0x00, 0x00, 0x00, 0x00, 0x00, 0x00, 0x00, 0x00,
    0xcf, 0xf4, 0x00, 0x00, 0x00, 0x00, 0x00, 0x00,
    0x00, 0x00, 0x00, 0x00, 0x00, 0x00, 0xcf, 0xf4,
    0x00, 0x00, 0x00, 0x00, 0x00, 0x00, 0x00, 0x00,
    0x00, 0x00, 0x00, 0x00, 0xcf, 0xf4, 0x00, 0x00,
    0x00, 0x00, 0x00, 0x00, 0x00, 0x00, 0x00, 0x00,
    0x00, 0x00, 0xcf, 0xf4, 0x00, 0x00, 0x00, 0x00,
    0x00, 0x00, 0x00, 0x00, 0x00, 0x00, 0x00, 0x00,
    0xcf, 0xf4, 0x00, 0x00, 0x00, 0x00, 0x00, 0x00,
    0x9c, 0xcc, 0xcc, 0xcc, 0xcc, 0xcc, 0xff, 0xfd,
    0xcc, 0xcc, 0xcc, 0xcc, 0xcc, 0xc4, 0xcf, 0xff,
    0xff, 0xff, 0xff, 0xff, 0xff, 0xff, 0xff, 0xff,
    0xff, 0xff, 0xff, 0xf6, 0xbf, 0xff, 0xff, 0xff,
    0xff, 0xff, 0xff, 0xff, 0xff, 0xff, 0xff, 0xff,
    0xff, 0xf5,

    /* U+5727 "圧" */
    0x00, 0x09, 0xbc, 0xaa, 0xaa, 0xaa, 0xaa, 0xaa,
    0xaa, 0xaa, 0xaa, 0xaa, 0xaa, 0xa3, 0x00, 0x0e,
    0xff, 0xff, 0xff, 0xff, 0xff, 0xff, 0xff, 0xff,
    0xff, 0xff, 0xff, 0xf5, 0x00, 0x0e, 0xff, 0xff,
    0xff, 0xff, 0xff, 0xff, 0xff, 0xff, 0xff, 0xff,
    0xff, 0xf5, 0x00, 0x0e, 0xff, 0x00, 0x00, 0x00,
    0x00, 0x00, 0x00, 0x00, 0x00, 0x00, 0x00, 0x00,
    0x00, 0x0e, 0xff, 0x00, 0x00, 0x00, 0x00, 0x05,
    0x54, 0x00, 0x00, 0x00, 0x00, 0x00, 0x00, 0x0e,
    0xff, 0x00, 0x00, 0x00, 0x00, 0x1f, 0xfc, 0x00,
    0x00, 0x00, 0x00, 0x00, 0x00, 0x0e, 0xff, 0x00,
    0x00, 0x00, 0x00, 0x1f, 0xfc, 0x00, 0x00, 0x00,
    0x00, 0x00, 0x00, 0x0e, 0xff, 0x00, 0x00, 0x00,
    0x00, 0x1f, 0xfc, 0x00, 0x00, 0x00, 0x00, 0x00,
    0x00, 0x0e, 0xff, 0x00, 0x00, 0x00, 0x00, 0x1f,
    0xfc, 0x00, 0x00, 0x00, 0x00, 0x00, 0x00, 0x0e,
    0xff, 0x00, 0x00, 0x00, 0x00, 0x1f, 0xfc, 0x00,
    0x00, 0x00, 0x00, 0x00, 0x00, 0x0e, 0xfe, 0x00,
    0x00, 0x00, 0x00, 0x1f, 0xfc, 0x00, 0x00, 0x00,
    0x00, 0x00, 0x00, 0x0f, 0xfe, 0x0a, 0xff, 0xff,
    0xff, 0xff, 0xff, 0xff, 0xff, 0xff, 0xfe, 0x00,
    0x00, 0x0f, 0xfd, 0x0b, 0xff, 0xff, 0xff, 0xff,
    0xff, 0xff, 0xff, 0xff, 0xff, 0x00, 0x00, 0x0f,
    0xfc, 0x08, 0xcc, 0xcc, 0xcc, 0xcf, 0xff, 0xcc,
    0xcc, 0xcc, 0xcb, 0x00, 0x00, 0x1f, 0xfb, 0x00,
    0x00, 0x00, 0x00, 0x1f, 0xfc, 0x00, 0x00, 0x00,
    0x00, 0x00, 0x00, 0x3f, 0xfa, 0x00, 0x00, 0x00,
    0x00, 0x1f, 0xfc, 0x00, 0x00, 0x00, 0x00, 0x00,
    0x00, 0x4f, 0xf8, 0x00, 0x00, 0x00, 0x00, 0x1f,
    0xfc, 0x00, 0x00, 0x00, 0x00, 0x00, 0x00, 0x6f,
    0xf6, 0x00, 0x00, 0x00, 0x00, 0x1f, 0xfc, 0x00,
    0x00, 0x00, 0x00, 0x00, 0x00, 0x9f, 0xf4, 0x00,
    0x00, 0x00, 0x00, 0x1f, 0xfc, 0x00, 0x00, 0x00,
    0x00, 0x00, 0x00, 0xcf, 0xf1, 0x00, 0x00, 0x00,
    0x00, 0x1f, 0xfc, 0x00, 0x00, 0x00, 0x00, 0x00,
    0x00, 0xff, 0xd0, 0x00, 0x00, 0x00, 0x00, 0x1f,
    0xfc, 0x00, 0x00, 0x00, 0x00, 0x00, 0x05, 0xff,
    0x90, 0x00, 0x00, 0x00, 0x00, 0x1f, 0xfc, 0x00,
    0x00, 0x00, 0x00, 0x00, 0x0a, 0xff, 0x50, 0x00,
    0x00, 0x00, 0x00, 0x2f, 0xfc, 0x00, 0x00, 0x00,
    0x00, 0x00, 0x1f, 0xff, 0x0b, 0xff, 0xff, 0xff,
    0xff, 0xff, 0xff, 0xff, 0xff, 0xff, 0xff, 0xff,
    0x9f, 0xfa, 0x0b, 0xff, 0xff, 0xff, 0xff, 0xff,
    0xff, 0xff, 0xff, 0xff, 0xff, 0xff, 0x4d, 0xf3,
    0x07, 0xaa, 0xaa, 0xaa, 0xaa, 0xaa, 0xaa, 0xaa,
    0xaa, 0xaa, 0xaa, 0xa9, 0x00, 0x40, 0x00, 0x00,
    0x00, 0x00, 0x00, 0x00, 0x00, 0x00, 0x00, 0x00,
    0x00, 0x00,

    /* U+5831 "報" */
    0x00, 0x00, 0x00, 0x24, 0x40, 0x00, 0x00, 0x00,
    0x00, 0x00, 0x00, 0x00, 0x00, 0x00, 0x00, 0x00,
    0x00, 0x00, 0x8f, 0xf1, 0x00, 0x00, 0x00, 0x00,
    0x00, 0x00, 0x00, 0x00, 0x00, 0x00, 0x00, 0x00,
    0x00, 0x8f, 0xf1, 0x00, 0x00, 0x0b, 0xff, 0xff,
    0xff, 0xff, 0xff, 0xf5, 0x00, 0x00, 0x77, 0x77,
    0xbf, 0xf7, 0x77, 0x72, 0x0b, 0xff, 0xff, 0xff,
    0xff, 0xff, 0xf5, 0x00, 0x00, 0xff, 0xff, 0xff,
    0xff, 0xff, 0xf4, 0x0b, 0xff, 0x88, 0x88, 0x88,
    0xaf, 0xf5, 0x00, 0x00, 0xff, 0xff, 0xff, 0xff,
    0xff, 0xf4, 0x0b, 0xfe, 0x00, 0x00, 0x00, 0x5f,
    0xf5, 0x00, 0x00, 0x00, 0x00, 0x8f, 0xf1, 0x00,
    0x00, 0x0b, 0xfe, 0x00, 0x00, 0x00, 0x5f, 0xf5,
    0x00, 0x00, 0x00, 0x00, 0x8f, 0xf1, 0x00, 0x00,
    0x0b, 0xfe, 0x00, 0x00, 0x00, 0x5f, 0xf5, 0x00,
    0x07, 0x77, 0x77, 0xbf, 0xf7, 0x77, 0x77, 0x2b,
    0xfe, 0x00, 0x5d, 0xdd, 0xff, 0xf4, 0x00, 0x1f,
    0xff, 0xff, 0xff, 0xff, 0xff, 0xff, 0x6b, 0xfe,
    0x00, 0x0f, 0xff, 0xff, 0xd0, 0x00, 0x1e, 0xee,
    0xfe, 0xee, 0xee, 0xff, 0xee, 0x6b, 0xfe, 0x00,
    0x08, 0x98, 0x74, 0x00, 0x00, 0x00, 0x0d, 0xf7,
    0x00, 0x00, 0xbf, 0xa0, 0x0b, 0xfe, 0x00, 0x00,
    0x00, 0x00, 0x00, 0x00, 0x00, 0x09, 0xfd, 0x00,
    0x01, 0xff, 0x60, 0x0b, 0xff, 0xff, 0xff, 0xff,
    0xff, 0xfa, 0x00, 0x00, 0x04, 0xff, 0x20, 0x07,
    0xfe, 0x00, 0x0b, 0xff, 0xff, 0xff, 0xff, 0xff,
    0xfd, 0x00, 0x00, 0x11, 0xfd, 0x31, 0x17, 0xf9,
    0x11, 0x0b, 0xff, 0xff, 0x95, 0x55, 0x6f, 0xfa,
    0x00, 0x09, 0xff, 0xff, 0xff, 0xff, 0xff, 0xff,
    0x0b, 0xfe, 0xcf, 0xa0, 0x00, 0x4f, 0xf6, 0x00,
    0x09, 0xff, 0xff, 0xff, 0xff, 0xff, 0xff, 0x0b,
    0xfe, 0x7f, 0xf0, 0x00, 0x8f, 0xf2, 0x00, 0x02,
    0x55, 0x55, 0xbf, 0xf6, 0x55, 0x55, 0x0b, 0xfe,
    0x1f, 0xf6, 0x00, 0xef, 0xd0, 0x00, 0x00, 0x00,
    0x00, 0x8f, 0xf1, 0x00, 0x00, 0x0b, 0xfe, 0x0b,
    0xfe, 0x03, 0xff, 0x80, 0x00, 0x00, 0x00, 0x00,
    0x8f, 0xf1, 0x00, 0x00, 0x0b, 0xfe, 0x04, 0xff,
    0x6a, 0xff, 0x20, 0x00, 0x04, 0xff, 0xff, 0xff,
    0xff, 0xff, 0xfa, 0x0b, 0xfe, 0x00, 0xdf, 0xff,
    0xfc, 0x00, 0x00, 0x04, 0xff, 0xff, 0xff, 0xff,
    0xff, 0xfa, 0x0b, 0xfe, 0x00, 0x5f, 0xff, 0xf5,
    0x00, 0x00, 0x02, 0x77, 0x77, 0xcf, 0xf8, 0x77,
    0x74, 0x0b, 0xfe, 0x00, 0x0c, 0xff, 0xd0, 0x00,
    0x00, 0x00, 0x00, 0x00, 0x8f, 0xf1, 0x00, 0x00,
    0x0b, 0xfe, 0x00, 0x1e, 0xff, 0xf4, 0x00, 0x00,
    0x00, 0x00, 0x00, 0x8f, 0xf1, 0x00, 0x00, 0x0b,
    0xfe, 0x00, 0xcf, 0xff, 0xff, 0x50, 0x00, 0x00,
    0x00, 0x00, 0x8f, 0xf1, 0x00, 0x00, 0x0b, 0xfe,
    0x0b, 0xff, 0xeb, 0xff, 0xf8, 0x00, 0x00, 0x00,
    0x00, 0x8f, 0xf1, 0x00, 0x00, 0x0b, 0xff, 0xcf,
    0xff, 0x30, 0xcf, 0xff, 0xc0, 0x00, 0x00, 0x00,
    0x8f, 0xf1, 0x00, 0x00, 0x0b, 0xff, 0xcf, 0xf4,
    0x00, 0x0c, 0xff, 0x40, 0x00, 0x00, 0x00, 0x8f,
    0xf1, 0x00, 0x00, 0x0b, 0xfe, 0x1c, 0x30, 0x00,
    0x00, 0x88, 0x00, 0x00, 0x00, 0x00, 0x00, 0x00,
    0x00, 0x00, 0x00, 0x00, 0x00, 0x00, 0x00, 0x00,
    0x00, 0x00,

    /* U+5834 "場" */
    0x00, 0x00, 0x00, 0x00, 0x00, 0x00, 0x00, 0x00,
    0x00, 0x00, 0x00, 0x00, 0x00, 0x00, 0x00, 0x00,
    0x1f, 0xf9, 0x00, 0x00, 0x04, 0x44, 0x44, 0x44,
    0x44, 0x44, 0x44, 0x30, 0x00, 0x00, 0x01, 0xff,
    0x90, 0x00, 0x02, 0xff, 0xff, 0xff, 0xff, 0xff,
    0xff, 0xfd, 0x00, 0x00, 0x00, 0x1f, 0xf9, 0x00,
    0x00, 0x2f, 0xfd, 0xcc, 0xcc, 0xcc, 0xcc, 0xff,
    0xd0, 0x00, 0x00, 0x01, 0xff, 0x90, 0x00, 0x02,
    0xff, 0x50, 0x00, 0x00, 0x00, 0x0c, 0xfd, 0x00,
    0x00, 0x00, 0x1f, 0xf9, 0x00, 0x00, 0x2f, 0xfc,
    0xbb, 0xbb, 0xbb, 0xbb, 0xef, 0xd0, 0x00, 0x01,
    0x13, 0xff, 0xa1, 0x11, 0x02, 0xff, 0xff, 0xff,
    0xff, 0xff, 0xff, 0xfd, 0x00, 0x06, 0xff, 0xff,
    0xff, 0xff, 0xa0, 0x2f, 0xf8, 0x33, 0x33, 0x33,
    0x33, 0xdf, 0xd0, 0x00, 0x6f, 0xff, 0xff, 0xff,
    0xfa, 0x02, 0xff, 0x50, 0x00, 0x00, 0x00, 0x0c,
    0xfd, 0x00, 0x03, 0x99, 0x9f, 0xfd, 0x99, 0x60,
    0x2f, 0xfe, 0xdd, 0xdd, 0xdd, 0xdd, 0xff, 0xd0,
    0x00, 0x00, 0x01, 0xff, 0x90, 0x00, 0x02, 0xff,
    0xff, 0xff, 0xff, 0xff, 0xff, 0xfd, 0x00, 0x00,
    0x00, 0x1f, 0xf9, 0x00, 0x00, 0x03, 0x33, 0x33,
    0x33, 0x33, 0x33, 0x33, 0x30, 0x00, 0x00, 0x01,
    0xff, 0x90, 0x01, 0x11, 0x11, 0x11, 0x11, 0x11,
    0x11, 0x11, 0x11, 0x11, 0x00, 0x00, 0x1f, 0xf9,
    0x00, 0xdf, 0xff, 0xff, 0xff, 0xff, 0xff, 0xff,
    0xff, 0xff, 0xf1, 0x00, 0x01, 0xff, 0x90, 0x0d,
    0xff, 0xff, 0xff, 0xff, 0xff, 0xff, 0xff, 0xff,
    0xff, 0x10, 0x00, 0x1f, 0xf9, 0x00, 0x45, 0x57,
    0xff, 0xb5, 0x55, 0x55, 0x55, 0x55, 0x55, 0x50,
    0x00, 0x01, 0xff, 0x90, 0x33, 0x00, 0xcf, 0xf1,
    0x00, 0x00, 0x00, 0x00, 0x00, 0x00, 0x00, 0x00,
    0x1f, 0xfc, 0xcf, 0xa0, 0xaf, 0xff, 0xff, 0xff,
    0xff, 0xff, 0xff, 0xff, 0x30, 0x00, 0x01, 0xff,
    0xff, 0xfd, 0x8f, 0xff, 0xff, 0xff, 0xff, 0xff,
    0xff, 0xff, 0xf2, 0x00, 0x17, 0xef, 0xff, 0xfa,
    0xbf, 0xfd, 0x55, 0xef, 0xd5, 0x5d, 0xfb, 0x5a,
    0xff, 0x10, 0x8f, 0xff, 0xff, 0xb5, 0xcf, 0xfd,
    0x10, 0x5f, 0xf4, 0x02, 0xff, 0x40, 0x9f, 0xf0,
    0x0a, 0xff, 0xfc, 0x30, 0x2e, 0xfc, 0x10, 0x2f,
    0xfa, 0x00, 0xaf, 0xd0, 0x0b, 0xfe, 0x00, 0x4f,
    0xd5, 0x00, 0x00, 0x29, 0x00, 0x1d, 0xfe, 0x10,
    0x2f, 0xf6, 0x00, 0xdf, 0xd0, 0x00, 0x50, 0x00,
    0x00, 0x00, 0x00, 0x0c, 0xff, 0x30, 0x0c, 0xfe,
    0x00, 0x0f, 0xfb, 0x00, 0x00, 0x00, 0x00, 0x00,
    0x00, 0x1c, 0xff, 0x60, 0x07, 0xff, 0x50, 0x01,
    0xff, 0x90, 0x00, 0x00, 0x00, 0x00, 0x00, 0x4e,
    0xff, 0x80, 0x04, 0xff, 0xb0, 0x00, 0x5f, 0xf6,
    0x00, 0x00, 0x00, 0x00, 0x00, 0x09, 0xff, 0x70,
    0x03, 0xff, 0xe1, 0x33, 0x3d, 0xff, 0x20, 0x00,
    0x00, 0x00, 0x00, 0x00, 0x08, 0x50, 0x02, 0xff,
    0xf4, 0x0b, 0xff, 0xff, 0xc0, 0x00, 0x00, 0x00,
    0x00, 0x00, 0x00, 0x00, 0x00, 0x04, 0xe5, 0x00,
    0x7f, 0xff, 0xb2, 0x00, 0x00, 0x00, 0x00, 0x00,
    0x00, 0x00, 0x00, 0x00, 0x00, 0x00, 0x00, 0x00,
    0x00, 0x00, 0x00,

    /* U+5929 "天" */
    0x06, 0xff, 0xff, 0xff, 0xff, 0xff, 0xff, 0xff,
    0xff, 0xff, 0xff, 0xff, 0xff, 0xff, 0x10, 0x7f,
    0xff, 0xff, 0xff, 0xff, 0xff, 0xff, 0xff, 0xff,
    0xff, 0xff, 0xff, 0xff, 0xf1, 0x06, 0xff, 0xff,
    0xff, 0xff, 0xff, 0xff, 0xff, 0xff, 0xff, 0xff,
    0xff, 0xff, 0xff, 0x10, 0x00, 0x00, 0x00, 0x00,
    0x00, 0x00, 0xef, 0xf1, 0x00, 0x00, 0x00, 0x00,
    0x00, 0x00, 0x00, 0x00, 0x00, 0x00, 0x00, 0x00,
    0x0e, 0xff, 0x10, 0x00, 0x00, 0x00, 0x00, 0x00,
    0x00, 0x00, 0x00, 0x00, 0x00, 0x00, 0x00, 0xef,
    0xf1, 0x00, 0x00, 0x00, 0x00, 0x00, 0x00, 0x00,
    0x00, 0x00, 0x00, 0x00, 0x00, 0x0e, 0xff, 0x10,
    0x00, 0x00, 0x00, 0x00, 0x00, 0x00, 0x00, 0x00,
    0x00, 0x00, 0x00, 0x00, 0xef, 0xf1, 0x00, 0x00,
    0x00, 0x00, 0x00, 0x00, 0x00, 0x00, 0x00, 0x00,
    0x00, 0x00, 0x0f, 0xff, 0x10, 0x00, 0x00, 0x00,
    0x00, 0x00, 0x00, 0x07, 0xdd, 0xdd, 0xdd, 0xdd,
    0xdd, 0xff, 0xfd, 0xdd, 0xdd, 0xdd, 0xdd, 0xdd,
    0x40, 0x00, 0x8f, 0xff, 0xff, 0xff, 0xff, 0xff,
    0xff, 0xff, 0xff, 0xff, 0xff, 0xff, 0xf4, 0x00,
    0x08, 0xff, 0xff, 0xff, 0xff, 0xff, 0xff, 0xff,
    0xff, 0xff, 0xff, 0xff, 0xff, 0x40, 0x00, 0x00,
    0x00, 0x00, 0x00, 0x00, 0x6f, 0xff, 0xf1, 0x00,
    0x00, 0x00, 0x00, 0x00, 0x00, 0x00, 0x00, 0x00,
    0x00, 0x00, 0x0b, 0xff, 0xff, 0x70, 0x00, 0x00,
    0x00, 0x00, 0x00, 0x00, 0x00, 0x00, 0x00, 0x00,
    0x01, 0xff, 0xff, 0xfe, 0x00, 0x00, 0x00, 0x00,
    0x00, 0x00, 0x00, 0x00, 0x00, 0x00, 0x00, 0x8f,
    0xfe, 0xcf, 0xf7, 0x00, 0x00, 0x00, 0x00, 0x00,
    0x00, 0x00, 0x00, 0x00, 0x00, 0x2f, 0xff, 0x74,
    0xff, 0xf2, 0x00, 0x00, 0x00, 0x00, 0x00, 0x00,
    0x00, 0x00, 0x00, 0x0d, 0xff, 0xe0, 0x0b, 0xff,
    0xd0, 0x00, 0x00, 0x00, 0x00, 0x00, 0x00, 0x00,
    0x00, 0x0c, 0xff, 0xf4, 0x00, 0x2f, 0xff, 0xb0,
    0x00, 0x00, 0x00, 0x00, 0x00, 0x00, 0x00, 0x2d,
    0xff, 0xf8, 0x00, 0x00, 0x5f, 0xff, 0xc1, 0x00,
    0x00, 0x00, 0x00, 0x00, 0x00, 0x6f, 0xff, 0xf9,
    0x00, 0x00, 0x00, 0x8f, 0xff, 0xe5, 0x00, 0x00,
    0x00, 0x00, 0x05, 0xdf, 0xff, 0xf8, 0x00, 0x00,
    0x00, 0x00, 0x8f, 0xff, 0xfc, 0x40, 0x00, 0x02,
    0x7d, 0xff, 0xff, 0xe4, 0x00, 0x00, 0x00, 0x00,
    0x00, 0x6f, 0xff, 0xff, 0xe8, 0x40, 0xbf, 0xff,
    0xff, 0x80, 0x00, 0x00, 0x00, 0x00, 0x00, 0x00,
    0x2c, 0xff, 0xff, 0xf5, 0x01, 0xef, 0xe8, 0x10,
    0x00, 0x00, 0x00, 0x00, 0x00, 0x00, 0x00, 0x04,
    0xbf, 0xfa, 0x00, 0x04, 0x40, 0x00, 0x00, 0x00,
    0x00, 0x00, 0x00, 0x00, 0x00, 0x00, 0x00, 0x16,
    0x10,

    /* U+592A "太" */
    0x00, 0x00, 0x00, 0x00, 0x00, 0x00, 0x68, 0x83,
    0x00, 0x00, 0x00, 0x00, 0x00, 0x00, 0x00, 0x00,
    0x00, 0x00, 0x00, 0x00, 0x0b, 0xff, 0x50, 0x00,
    0x00, 0x00, 0x00, 0x00, 0x00, 0x00, 0x00, 0x00,
    0x00, 0x00, 0x00, 0xbf, 0xf5, 0x00, 0x00, 0x00,
    0x00, 0x00, 0x00, 0x00, 0x00, 0x00, 0x00, 0x00,
    0x00, 0x0c, 0xff, 0x50, 0x00, 0x00, 0x00, 0x00,
    0x00, 0x00, 0x00, 0x00, 0x00, 0x00, 0x00, 0x00,
    0xcf, 0xf4, 0x00, 0x00, 0x00, 0x00, 0x00, 0x00,
    0x00, 0x00, 0x00, 0x00, 0x00, 0x00, 0x0d, 0xff,
    0x30, 0x00, 0x00, 0x00, 0x00, 0x00, 0x00, 0x00,
    0x00, 0x00, 0x00, 0x00, 0x00, 0xdf, 0xf3, 0x00,
    0x00, 0x00, 0x00, 0x00, 0x00, 0x00, 0x00, 0x00,
    0x00, 0x00, 0x00, 0x0f, 0xff, 0x10, 0x00, 0x00,
    0x00, 0x00, 0x00, 0x00, 0x0c, 0xcc, 0xcc, 0xcc,
    0xcc, 0xcc, 0xff, 0xfc, 0xcc, 0xcc, 0xcc, 0xcc,
    0xcc, 0xc7, 0x01, 0xff, 0xff, 0xff, 0xff, 0xff,
    0xff, 0xff, 0xff, 0xff, 0xff, 0xff, 0xff, 0xff,
    0x90, 0x1f, 0xff, 0xff, 0xff, 0xff, 0xff, 0xff,
    0xff, 0xff, 0xff, 0xff, 0xff, 0xff, 0xf9, 0x00,
    0x22, 0x22, 0x22, 0x22, 0x22, 0x9f, 0xff, 0xfd,
    0x22, 0x22, 0x22, 0x22, 0x22, 0x10, 0x00, 0x00,
    0x00, 0x00, 0x00, 0x0b, 0xff, 0xff, 0xf2, 0x00,
    0x00, 0x00, 0x00, 0x00, 0x00, 0x00, 0x00, 0x00,
    0x00, 0x00, 0xff, 0xfa, 0xff, 0x80, 0x00, 0x00,
    0x00, 0x00, 0x00, 0x00, 0x00, 0x00, 0x00, 0x00,
    0x4f, 0xfe, 0x2f, 0xfe, 0x00, 0x00, 0x00, 0x00,
    0x00, 0x00, 0x00, 0x00, 0x00, 0x00, 0x0a, 0xff,
    0x90, 0xbf, 0xf6, 0x00, 0x00, 0x00, 0x00, 0x00,
    0x00, 0x00, 0x00, 0x00, 0x01, 0xff, 0xf3, 0x05,
    0xff, 0xd0, 0x00, 0x00, 0x00, 0x00, 0x00, 0x00,
    0x00, 0x00, 0x00, 0x8f, 0xfd, 0x00, 0x0d, 0xff,
    0x60, 0x00, 0x00, 0x00, 0x00, 0x00, 0x00, 0x00,
    0x00, 0x2f, 0xff, 0x60, 0x00, 0x5f, 0xff, 0x10,
    0x00, 0x00, 0x00, 0x00, 0x00, 0x00, 0x00, 0x0c,
    0xff, 0xd0, 0x00, 0x00, 0xdf, 0xfb, 0x00, 0x00,
    0x00, 0x00, 0x00, 0x00, 0x00, 0x08, 0xff, 0xf5,
    0xa7, 0x00, 0x03, 0xff, 0xf8, 0x00, 0x00, 0x00,
    0x00, 0x00, 0x00, 0x06, 0xff, 0xfc, 0xef, 0xf9,
    0x00, 0x09, 0xff, 0xf6, 0x00, 0x00, 0x00, 0x00,
    0x00, 0x07, 0xff, 0xfc, 0x0a, 0xff, 0xfa, 0x00,
    0x0c, 0xff, 0xf6, 0x00, 0x00, 0x00, 0x00, 0x0a,
    0xff, 0xfd, 0x10, 0x09, 0xff, 0xfb, 0x00, 0x1e,
    0xff, 0xf9, 0x00, 0x00, 0x00, 0x5e, 0xff, 0xfd,
    0x10, 0x00, 0x09, 0xff, 0xfb, 0x00, 0x2e, 0xff,
    0xfd, 0x30, 0x04, 0xcf, 0xff, 0xfb, 0x10, 0x00,
    0x00, 0x0a, 0xff, 0xf7, 0x00, 0x2e, 0xff, 0xff,
    0xb1, 0x4f, 0xff, 0xf7, 0x00, 0x00, 0x00, 0x00,
    0x0c, 0xfb, 0x10, 0x00, 0x1b, 0xff, 0xf9, 0x00,
    0x5f, 0xa1, 0x00, 0x00, 0x00, 0x00, 0x00, 0x17,
    0x00, 0x00, 0x00, 0x05, 0xec, 0x00, 0x00, 0x10,
    0x00, 0x00, 0x00, 0x00, 0x00, 0x00, 0x00, 0x00,
    0x00, 0x00, 0x00, 0x10, 0x00,

    /* U+5B9A "定" */
    0x00, 0x00, 0x00, 0x00, 0x00, 0x00, 0x03, 0x44,
    0x10, 0x00, 0x00, 0x00, 0x00, 0x00, 0x00, 0x00,
    0x00, 0x00, 0x00, 0x00, 0x00, 0xcf, 0xf3, 0x00,
    0x00, 0x00, 0x00, 0x00, 0x00, 0x00, 0x00, 0x00,
    0x00, 0x00, 0x00, 0x0c, 0xff, 0x30, 0x00, 0x00,
    0x00, 0x00, 0x00, 0x00, 0x00, 0x00, 0x00, 0x00,
    0x00, 0x00, 0xcf, 0xf4, 0x00, 0x00, 0x00, 0x00,
    0x00, 0x00, 0x00, 0xbf, 0xff, 0xff, 0xff, 0xff,
    0xff, 0xff, 0xff, 0xff, 0xff, 0xff, 0xff, 0xfd,
    0x00, 0x0b, 0xff, 0xff, 0xff, 0xff, 0xff, 0xff,
    0xff, 0xff, 0xff, 0xff, 0xff, 0xff, 0xd0, 0x00,
    0xbf, 0xfa, 0xaa, 0xaa, 0xaa, 0xaa, 0xaa, 0xaa,
    0xaa, 0xaa, 0xaa, 0xaf, 0xfd, 0x00, 0x0b, 0xff,
    0x10, 0x00, 0x00, 0x00, 0x00, 0x00, 0x00, 0x00,
    0x00, 0x01, 0xff, 0xd0, 0x00, 0xbf, 0xf1, 0x00,
    0x00, 0x00, 0x00, 0x00, 0x00, 0x00, 0x00, 0x00,
    0x1f, 0xfd, 0x00, 0x0b, 0xff, 0x13, 0x66, 0x66,
    0x66, 0x66, 0x66, 0x66, 0x66, 0x66, 0x21, 0xff,
    0xd0, 0x00, 0xaf, 0xf1, 0x9f, 0xff, 0xff, 0xff,
    0xff, 0xff, 0xff, 0xff, 0xf6, 0x1f, 0xfc, 0x00,
    0x00, 0x00, 0x09, 0xff, 0xff, 0xff, 0xff, 0xff,
    0xff, 0xff, 0xff, 0x60, 0x00, 0x00, 0x00, 0x00,
    0x00, 0x24, 0x44, 0x44, 0x4d, 0xff, 0x64, 0x44,
    0x44, 0x41, 0x00, 0x00, 0x00, 0x00, 0x00, 0x00,
    0x00, 0x00, 0x00, 0xbf, 0xf3, 0x00, 0x00, 0x00,
    0x00, 0x00, 0x00, 0x00, 0x00, 0x00, 0x44, 0x20,
    0x00, 0x0b, 0xff, 0x30, 0x00, 0x00, 0x00, 0x00,
    0x00, 0x00, 0x00, 0x00, 0x0d, 0xff, 0x10, 0x00,
    0xbf, 0xf3, 0x00, 0x00, 0x00, 0x00, 0x00, 0x00,
    0x00, 0x00, 0x00, 0xff, 0xe0, 0x00, 0x0b, 0xff,
    0x30, 0x00, 0x00, 0x00, 0x00, 0x00, 0x00, 0x00,
    0x00, 0x3f, 0xfb, 0x00, 0x00, 0xbf, 0xff, 0xff,
    0xff, 0xff, 0xff, 0x40, 0x00, 0x00, 0x00, 0x06,
    0xff, 0x90, 0x00, 0x0b, 0xff, 0xff, 0xff, 0xff,
    0xff, 0xf4, 0x00, 0x00, 0x00, 0x00, 0xbf, 0xfd,
    0x00, 0x00, 0xbf, 0xfb, 0xaa, 0xaa, 0xaa, 0xaa,
    0x20, 0x00, 0x00, 0x00, 0x0f, 0xff, 0xf5, 0x00,
    0x0b, 0xff, 0x30, 0x00, 0x00, 0x00, 0x00, 0x00,
    0x00, 0x00, 0x06, 0xff, 0xff, 0xe1, 0x00, 0xbf,
    0xf3, 0x00, 0x00, 0x00, 0x00, 0x00, 0x00, 0x00,
    0x00, 0xdf, 0xfb, 0xff, 0xd1, 0x0b, 0xff, 0x30,
    0x00, 0x00, 0x00, 0x00, 0x00, 0x00, 0x00, 0x5f,
    0xfd, 0x0b, 0xff, 0xe5, 0xbf, 0xf3, 0x00, 0x00,
    0x00, 0x00, 0x00, 0x00, 0x00, 0x1e, 0xff, 0x50,
    0x1d, 0xff, 0xff, 0xff, 0x40, 0x00, 0x00, 0x00,
    0x00, 0x00, 0x00, 0x1d, 0xff, 0xc0, 0x00, 0x0a,
    0xff, 0xff, 0xff, 0xfe, 0xdd, 0xdd, 0xdd, 0xdd,
    0xda, 0x0c, 0xff, 0xf2, 0x00, 0x00, 0x04, 0xcf,
    0xff, 0xff, 0xff, 0xff, 0xff, 0xff, 0xff, 0x50,
    0x2d, 0xf4, 0x00, 0x00, 0x00, 0x00, 0x26, 0x9c,
    0xdf, 0xff, 0xff, 0xff, 0xff, 0xf1, 0x00, 0x03,
    0x00, 0x00, 0x00, 0x00, 0x00, 0x00, 0x00, 0x00,
    0x00, 0x00, 0x00, 0x00, 0x00,

    /* U+5BDD "寝" */
    0x00, 0x00, 0x00, 0x00, 0x00, 0x00, 0x01, 0x11,
    0x00, 0x00, 0x00, 0x00, 0x00, 0x00, 0x00, 0x00,
    0x00, 0x00, 0x00, 0x00, 0x00, 0xaf, 0xf2, 0x00,
    0x00, 0x00, 0x00, 0x00, 0x00, 0x00, 0x00, 0x00,
    0x00, 0x00, 0x00, 0x0b, 0xff, 0x30, 0x00, 0x00,
    0x00, 0x00, 0x00, 0x00, 0x0e, 0xff, 0xff, 0xff,
    0xff, 0xff, 0xff, 0xff, 0xff, 0xff, 0xff, 0xff,
    0xff, 0xf0, 0x00, 0xef, 0xff, 0xff, 0xff, 0xff,
    0xff, 0xff, 0xff, 0xff, 0xff, 0xff, 0xff, 0xff,
    0x00, 0x0e, 0xfb, 0x44, 0x44, 0x44, 0x44, 0x44,
    0x44, 0x44, 0x44, 0x44, 0x44, 0xcf, 0xf0, 0x00,
    0xef, 0xa0, 0x23, 0x30, 0x02, 0x55, 0x55, 0x55,
    0x55, 0x55, 0x55, 0x5c, 0xff, 0x00, 0x0e, 0xf9,
    0x0a, 0xfe, 0x00, 0x6f, 0xff, 0xff, 0xff, 0xff,
    0xff, 0xff, 0xff, 0xe0, 0x00, 0x00, 0x00, 0xaf,
    0xe0, 0x03, 0x88, 0x88, 0x88, 0x88, 0x88, 0x8e,
    0xfd, 0x00, 0x00, 0x01, 0x70, 0x0a, 0xfe, 0x00,
    0x00, 0x00, 0x00, 0x00, 0x00, 0x00, 0xcf, 0xd0,
    0x00, 0x02, 0xff, 0x60, 0xaf, 0xe0, 0x00, 0xbf,
    0xff, 0xff, 0xff, 0xff, 0xff, 0xfd, 0x00, 0x00,
    0x0c, 0xfd, 0x0a, 0xfe, 0x00, 0x06, 0x88, 0x88,
    0x88, 0x88, 0x88, 0xef, 0xd0, 0x00, 0x00, 0x5f,
    0xf5, 0xaf, 0xe0, 0x00, 0x00, 0x00, 0x00, 0x00,
    0x00, 0x0c, 0xfd, 0x00, 0x00, 0x00, 0xef, 0xba,
    0xfe, 0x00, 0x9f, 0xff, 0xff, 0xff, 0xff, 0xff,
    0xff, 0xd0, 0x00, 0x00, 0x09, 0xff, 0xbf, 0xe0,
    0x07, 0xcc, 0xcc, 0xcc, 0xcc, 0xcc, 0xcc, 0xca,
    0x00, 0x00, 0x00, 0x4d, 0x7b, 0xfe, 0x00, 0x00,
    0x00, 0x00, 0x00, 0x00, 0x00, 0x00, 0x00, 0x00,
    0x00, 0x00, 0x00, 0xaf, 0xe0, 0xdf, 0xff, 0xff,
    0xff, 0xff, 0xff, 0xff, 0xff, 0xfd, 0x00, 0x00,
    0x00, 0x0a, 0xfe, 0x0d, 0xff, 0xee, 0xee, 0xee,
    0xee, 0xee, 0xee, 0xff, 0xd0, 0x00, 0x00, 0x05,
    0xef, 0xe0, 0xdf, 0x90, 0x00, 0x00, 0x00, 0x00,
    0x00, 0x0a, 0xfd, 0x00, 0x00, 0x4c, 0xff, 0xfe,
    0x0d, 0xff, 0xee, 0xee, 0xee, 0xee, 0xee, 0xfd,
    0xdf, 0xd0, 0x03, 0xbf, 0xff, 0xff, 0xe0, 0x56,
    0xbf, 0xff, 0xff, 0xff, 0xff, 0xff, 0xf9, 0x65,
    0x01, 0xff, 0xff, 0x7a, 0xfe, 0x00, 0x00, 0x4d,
    0xf4, 0x00, 0x00, 0x3f, 0xfc, 0x00, 0x00, 0x09,
    0xfb, 0x20, 0xaf, 0xe0, 0x00, 0x00, 0xdf, 0xf5,
    0x00, 0x3e, 0xff, 0x20, 0x00, 0x00, 0x15, 0x00,
    0x0a, 0xfe, 0x00, 0x00, 0x01, 0xdf, 0xfa, 0x8f,
    0xff, 0x30, 0x00, 0x00, 0x00, 0x00, 0x00, 0xaf,
    0xe0, 0x00, 0x00, 0x01, 0xcf, 0xff, 0xfe, 0x30,
    0x00, 0x00, 0x00, 0x00, 0x00, 0x0a, 0xfe, 0x00,
    0x00, 0x04, 0x9f, 0xff, 0xff, 0xfb, 0x62, 0x00,
    0x00, 0x00, 0x00, 0x00, 0xaf, 0xe0, 0x69, 0xcf,
    0xff, 0xff, 0xbb, 0xff, 0xff, 0xfe, 0xb9, 0x40,
    0x00, 0x00, 0x0a, 0xfe, 0x0a, 0xff, 0xff, 0xe9,
    0x20, 0x02, 0x8e, 0xff, 0xff, 0xf1, 0x00, 0x00,
    0x00, 0xaf, 0xe0, 0x2e, 0xb7, 0x30, 0x00, 0x00,
    0x00, 0x02, 0x6a, 0xd7, 0x00,

    /* U+5DE5 "工" */
    0x02, 0xff, 0xff, 0xff, 0xff, 0xff, 0xff, 0xff,
    0xff, 0xff, 0xff, 0xff, 0xfc, 0x00, 0x02, 0xff,
    0xff, 0xff, 0xff, 0xff, 0xff, 0xff, 0xff, 0xff,
    0xff, 0xff, 0xfd, 0x00, 0x02, 0xff, 0xff, 0xff,
    0xff, 0xff, 0xff, 0xff, 0xff, 0xff, 0xff, 0xff,
    0xfc, 0x00, 0x00, 0x00, 0x00, 0x00, 0x00, 0x00,
    0xef, 0xf4, 0x00, 0x00, 0x00, 0x00, 0x00, 0x00,
    0x00, 0x00, 0x00, 0x00, 0x00, 0x00, 0xef, 0xf4,
    0x00, 0x00, 0x00, 0x00, 0x00, 0x00, 0x00, 0x00,
    0x00, 0x00, 0x00, 0x00, 0xef, 0xf4, 0x00, 0x00,
    0x00, 0x00, 0x00, 0x00, 0x00, 0x00, 0x00, 0x00,
    0x00, 0x00, 0xef, 0xf4, 0x00, 0x00, 0x00, 0x00,
    0x00, 0x00, 0x00, 0x00, 0x00, 0x00, 0x00, 0x00,
    0xef, 0xf4, 0x00, 0x00, 0x00, 0x00, 0x00, 0x00,
    0x00, 0x00, 0x00, 0x00, 0x00, 0x00, 0xef, 0xf4,
    0x00, 0x00, 0x00, 0x00, 0x00, 0x00, 0x00, 0x00,
    0x00, 0x00, 0x00, 0x00, 0xef, 0xf4, 0x00, 0x00,
    0x00, 0x00, 0x00, 0x00, 0x00, 0x00, 0x00, 0x00,
    0x00, 0x00, 0xef, 0xf4, 0x00, 0x00, 0x00, 0x00,
    0x00, 0x00, 0x00, 0x00, 0x00, 0x00, 0x00, 0x00,
    0xef, 0xf4, 0x00, 0x00, 0x00, 0x00, 0x00, 0x00,
    0x00, 0x00, 0x00, 0x00, 0x00, 0x00, 0xef, 0xf4,
    0x00, 0x00, 0x00, 0x00, 0x00, 0x00, 0x00, 0x00,
    0x00, 0x00, 0x00, 0x00, 0xef, 0xf4, 0x00, 0x00,
    0x00, 0x00, 0x00, 0x00, 0x00, 0x00, 0x00, 0x00,
    0x00, 0x00, 0xef, 0xf4, 0x00, 0x00, 0x00, 0x00,
    0x00, 0x00, 0x00, 0x00, 0x00, 0x00, 0x00, 0x00,
    0xef, 0xf4, 0x00, 0x00, 0x00, 0x00, 0x00, 0x00,
    0x00, 0x00, 0x00, 0x00, 0x00, 0x00, 0xef, 0xf4,
    0x00, 0x00, 0x00, 0x00, 0x00, 0x00, 0x00, 0x00,
    0x00, 0x00, 0x00, 0x00, 0xef, 0xf4, 0x00, 0x00,
    0x00, 0x00, 0x00, 0x00, 0x00, 0x00, 0x00, 0x00,
    0x00, 0x00, 0xef, 0xf4, 0x00, 0x00, 0x00, 0x00,
    0x00, 0x00, 0x34, 0x44, 0x44, 0x44, 0x44, 0x44,
    0xff, 0xf7, 0x44, 0x44, 0x44, 0x44, 0x44, 0x41,
    0xcf, 0xff, 0xff, 0xff, 0xff, 0xff, 0xff, 0xff,
    0xff, 0xff, 0xff, 0xff, 0xff, 0xf6, 0xcf, 0xff,
    0xff, 0xff, 0xff, 0xff, 0xff, 0xff, 0xff, 0xff,
    0xff, 0xff, 0xff, 0xf6, 0x68, 0x88, 0x88, 0x88,
    0x88, 0x88, 0x88, 0x88, 0x88, 0x88, 0x88, 0x88,
    0x88, 0x83,

    /* U+5E38 "常" */
    0x00, 0x00, 0x00, 0x00, 0x00, 0x01, 0x66, 0x40,
    0x00, 0x00, 0x00, 0x00, 0x00, 0x00, 0x06, 0xcd,
    0x00, 0x00, 0x02, 0xff, 0xc0, 0x00, 0x00, 0xdd,
    0x82, 0x00, 0x00, 0x0c, 0xff, 0xa0, 0x00, 0x02,
    0xff, 0xc0, 0x00, 0x07, 0xff, 0xe1, 0x00, 0x00,
    0x02, 0xff, 0xf5, 0x00, 0x02, 0xff, 0xc0, 0x00,
    0x3f, 0xff, 0x20, 0x00, 0x00, 0x00, 0x7f, 0xc4,
    0x00, 0x02, 0xff, 0xc0, 0x00, 0x6e, 0xf4, 0x00,
    0x00, 0x9f, 0xff, 0xff, 0xff, 0xff, 0xff, 0xff,
    0xff, 0xff, 0xff, 0xff, 0xff, 0xfc, 0xaf, 0xff,
    0xff, 0xff, 0xff, 0xff, 0xff, 0xff, 0xff, 0xff,
    0xff, 0xff, 0xfc, 0xaf, 0xf8, 0x88, 0x88, 0x88,
    0x88, 0x88, 0x88, 0x88, 0x88, 0x88, 0x8f, 0xfc,
    0xaf, 0xf1, 0x00, 0x00, 0x00, 0x00, 0x00, 0x00,
    0x00, 0x00, 0x00, 0x0f, 0xfc, 0xaf, 0xf1, 0x0c,
    0xdd, 0xdd, 0xdd, 0xdd, 0xdd, 0xdd, 0xdd, 0xd0,
    0x0f, 0xfc, 0xaf, 0xf1, 0x0e, 0xff, 0xff, 0xff,
    0xff, 0xff, 0xff, 0xff, 0xf0, 0x0f, 0xfc, 0x8d,
    0xd1, 0x0e, 0xfd, 0x33, 0x33, 0x33, 0x33, 0x33,
    0xef, 0xf0, 0x0d, 0xda, 0x00, 0x00, 0x0e, 0xfd,
    0x00, 0x00, 0x00, 0x00, 0x00, 0xdf, 0xf0, 0x00,
    0x00, 0x00, 0x00, 0x0e, 0xfd, 0x11, 0x11, 0x11,
    0x11, 0x11, 0xdf, 0xf0, 0x00, 0x00, 0x00, 0x00,
    0x0e, 0xff, 0xff, 0xff, 0xff, 0xff, 0xff, 0xff,
    0xf0, 0x00, 0x00, 0x00, 0x00, 0x0e, 0xff, 0xff,
    0xff, 0xff, 0xff, 0xff, 0xff, 0xf0, 0x00, 0x00,
    0x00, 0x00, 0x00, 0x00, 0x00, 0x00, 0xef, 0xf0,
    0x00, 0x00, 0x00, 0x00, 0x00, 0x00, 0x00, 0x00,
    0x00, 0x00, 0x00, 0xef, 0xf0, 0x00, 0x00, 0x00,
    0x00, 0x00, 0x00, 0xaf, 0xff, 0xff, 0xff, 0xff,
    0xff, 0xff, 0xff, 0xff, 0xff, 0xff, 0x00, 0x00,
    0xaf, 0xff, 0xff, 0xff, 0xff, 0xff, 0xff, 0xff,
    0xff, 0xff, 0xff, 0x00, 0x00, 0xaf, 0xfa, 0x99,
    0x99, 0x99, 0xff, 0xf9, 0x99, 0x99, 0x9f, 0xff,
    0x00, 0x00, 0xaf, 0xf3, 0x00, 0x00, 0x00, 0xef,
    0xf0, 0x00, 0x00, 0x0e, 0xff, 0x00, 0x00, 0xaf,
    0xf3, 0x00, 0x00, 0x00, 0xef, 0xf0, 0x00, 0x00,
    0x0e, 0xff, 0x00, 0x00, 0xaf, 0xf3, 0x00, 0x00,
    0x00, 0xef, 0xf0, 0x00, 0x00, 0x0e, 0xff, 0x00,
    0x00, 0xaf, 0xf3, 0x00, 0x00, 0x00, 0xef, 0xf0,
    0x02, 0x22, 0x2e, 0xff, 0x00, 0x00, 0xaf, 0xf3,
    0x00, 0x00, 0x00, 0xef, 0xf0, 0x0c, 0xff, 0xff,
    0xfe, 0x00, 0x00, 0xaf, 0xf3, 0x00, 0x00, 0x00,
    0xef, 0xf0, 0x07, 0xff, 0xff, 0xf6, 0x00, 0x00,
    0x12, 0x20, 0x00, 0x00, 0x00, 0xef, 0xf0, 0x01,
    0x66, 0x54, 0x10, 0x00, 0x00, 0x00, 0x00, 0x00,
    0x00, 0x00, 0xef, 0xf0, 0x00, 0x00, 0x00, 0x00,
    0x00,

    /* U+5EA6 "度" */
    0x00, 0x00, 0x00, 0x00, 0x00, 0x00, 0x00, 0x35,
    0x51, 0x00, 0x00, 0x00, 0x00, 0x00, 0x00, 0x00,
    0x00, 0x00, 0x00, 0x00, 0x00, 0x00, 0xcf, 0xf5,
    0x00, 0x00, 0x00, 0x00, 0x00, 0x00, 0x00, 0x00,
    0x00, 0x00, 0x00, 0x00, 0x00, 0xcf, 0xf5, 0x00,
    0x00, 0x00, 0x00, 0x00, 0x00, 0x00, 0x03, 0x78,
    0x77, 0x77, 0x77, 0x77, 0xef, 0xfa, 0x77, 0x77,
    0x77, 0x77, 0x77, 0x40, 0x00, 0x08, 0xff, 0xff,
    0xff, 0xff, 0xff, 0xff, 0xff, 0xff, 0xff, 0xff,
    0xff, 0xff, 0x80, 0x00, 0x08, 0xff, 0xff, 0xff,
    0xff, 0xff, 0xff, 0xff, 0xff, 0xff, 0xff, 0xff,
    0xff, 0x80, 0x00, 0x08, 0xff, 0x41, 0x11, 0x14,
    0x66, 0x11, 0x11, 0x11, 0x16, 0x64, 0x11, 0x11,
    0x00, 0x00, 0x08, 0xff, 0x30, 0x00, 0x0a, 0xff,
    0x10, 0x00, 0x00, 0x1f, 0xfb, 0x00, 0x00, 0x00,
    0x00, 0x08, 0xff, 0x30, 0x00, 0x0a, 0xff, 0x10,
    0x00, 0x00, 0x1f, 0xfb, 0x00, 0x00, 0x00, 0x00,
    0x08, 0xff, 0x5f, 0xff, 0xff, 0xff, 0xff, 0xff,
    0xff, 0xff, 0xff, 0xff, 0xff, 0x50, 0x00, 0x08,
    0xff, 0x5f, 0xff, 0xff, 0xff, 0xff, 0xff, 0xff,
    0xff, 0xff, 0xff, 0xff, 0x50, 0x00, 0x08, 0xff,
    0x35, 0x55, 0x5c, 0xff, 0x65, 0x55, 0x55, 0x6f,
    0xfc, 0x55, 0x55, 0x10, 0x00, 0x08, 0xff, 0x30,
    0x00, 0x0a, 0xff, 0x10, 0x00, 0x00, 0x1f, 0xfb,
    0x00, 0x00, 0x00, 0x00, 0x08, 0xff, 0x20, 0x00,
    0x0a, 0xff, 0x10, 0x00, 0x00, 0x1f, 0xfb, 0x00,
    0x00, 0x00, 0x00, 0x08, 0xff, 0x20, 0x00, 0x0a,
    0xff, 0xff, 0xff, 0xff, 0xff, 0xfb, 0x00, 0x00,
    0x00, 0x00, 0x09, 0xff, 0x20, 0x00, 0x0a, 0xff,
    0xff, 0xff, 0xff, 0xff, 0xfb, 0x00, 0x00, 0x00,
    0x00, 0x0a, 0xff, 0x10, 0x00, 0x02, 0x33, 0x33,
    0x33, 0x33, 0x33, 0x32, 0x00, 0x00, 0x00, 0x00,
    0x0b, 0xff, 0x01, 0x22, 0x22, 0x22, 0x22, 0x22,
    0x22, 0x22, 0x23, 0x30, 0x00, 0x00, 0x00, 0x0d,
    0xfe, 0x09, 0xff, 0xff, 0xff, 0xff, 0xff, 0xff,
    0xff, 0xff, 0xfd, 0x30, 0x00, 0x00, 0x0e, 0xfc,
    0x09, 0xff, 0xff, 0xff, 0xff, 0xff, 0xff, 0xff,
    0xff, 0xff, 0x10, 0x00, 0x00, 0x1f, 0xfa, 0x01,
    0x22, 0x4e, 0xfc, 0x22, 0x22, 0x22, 0x23, 0xef,
    0xf5, 0x00, 0x00, 0x00, 0x4f, 0xf8, 0x00, 0x00,
    0x0b, 0xff, 0xb0, 0x00, 0x00, 0x3e, 0xff, 0x80,
    0x00, 0x00, 0x00, 0x7f, 0xf4, 0x00, 0x00, 0x00,
    0xbf, 0xfe, 0x40, 0x08, 0xff, 0xf9, 0x00, 0x00,
    0x00, 0x00, 0xbf, 0xf1, 0x00, 0x00, 0x00, 0x0a,
    0xff, 0xfd, 0xef, 0xff, 0x60, 0x00, 0x00, 0x00,
    0x01, 0xff, 0xc0, 0x00, 0x00, 0x00, 0x01, 0xbf,
    0xff, 0xff, 0xf6, 0x00, 0x00, 0x00, 0x00, 0x07,
    0xff, 0x70, 0x00, 0x13, 0x69, 0xdf, 0xff, 0xff,
    0xff, 0xff, 0xfb, 0x85, 0x20, 0x00, 0x0e, 0xff,
    0x20, 0x7f, 0xff, 0xff, 0xff, 0xfe, 0x83, 0x6c,
    0xff, 0xff, 0xff, 0xff, 0xa0, 0x05, 0xea, 0x00,
    0x1f, 0xff, 0xfe, 0xa7, 0x20, 0x00, 0x00, 0x26,
    0xbe, 0xff, 0xff, 0x10, 0x00, 0x12, 0x00, 0x05,
    0x63, 0x10, 0x00, 0x00, 0x00, 0x00, 0x00, 0x00,
    0x25, 0x75, 0x00,

    /* U+5EB7 "康" */
    0x00, 0x00, 0x00, 0x00, 0x00, 0x00, 0x00, 0x11,
    0x10, 0x00, 0x00, 0x00, 0x00, 0x00, 0x00, 0x00,
    0x00, 0x00, 0x00, 0x00, 0x00, 0x0c, 0xff, 0x20,
    0x00, 0x00, 0x00, 0x00, 0x00, 0x00, 0x00, 0x00,
    0x00, 0x00, 0x00, 0x00, 0xcf, 0xf2, 0x00, 0x00,
    0x00, 0x00, 0x00, 0x00, 0x00, 0x37, 0x87, 0x77,
    0x77, 0x77, 0x7e, 0xff, 0x87, 0x77, 0x77, 0x77,
    0x77, 0x72, 0x00, 0x08, 0xff, 0xff, 0xff, 0xff,
    0xff, 0xff, 0xff, 0xff, 0xff, 0xff, 0xff, 0xff,
    0x50, 0x00, 0x8f, 0xff, 0xff, 0xff, 0xff, 0xff,
    0xff, 0xff, 0xff, 0xff, 0xff, 0xff, 0xf5, 0x00,
    0x08, 0xff, 0x31, 0x11, 0x11, 0x11, 0x1c, 0xff,
    0x11, 0x11, 0x11, 0x11, 0x11, 0x00, 0x00, 0x8f,
    0xf2, 0x00, 0x00, 0x00, 0x00, 0xcf, 0xf1, 0x00,
    0x00, 0x00, 0x00, 0x00, 0x00, 0x08, 0xff, 0x20,
    0x3f, 0xff, 0xff, 0xff, 0xff, 0xff, 0xff, 0xff,
    0xff, 0x10, 0x00, 0x00, 0x8f, 0xf2, 0x03, 0xff,
    0xff, 0xff, 0xff, 0xff, 0xff, 0xff, 0xff, 0xf1,
    0x00, 0x00, 0x08, 0xff, 0x20, 0x00, 0x00, 0x00,
    0x0b, 0xff, 0x00, 0x00, 0x0a, 0xff, 0x10, 0x00,
    0x00, 0x8f, 0xf2, 0x22, 0x22, 0x22, 0x22, 0xcf,
    0xf2, 0x22, 0x22, 0xbf, 0xf3, 0x21, 0x00, 0x08,
    0xff, 0x5f, 0xff, 0xff, 0xff, 0xff, 0xff, 0xff,
    0xff, 0xff, 0xff, 0xff, 0xe0, 0x00, 0x8f, 0xf5,
    0xee, 0xee, 0xee, 0xee, 0xff, 0xfe, 0xee, 0xee,
    0xff, 0xff, 0xed, 0x00, 0x09, 0xff, 0x20, 0x00,
    0x00, 0x00, 0x0b, 0xff, 0x00, 0x00, 0x0a, 0xff,
    0x10, 0x00, 0x00, 0x9f, 0xf1, 0x01, 0x22, 0x22,
    0x22, 0xcf, 0xf2, 0x22, 0x22, 0xaf, 0xf1, 0x00,
    0x00, 0x0a, 0xff, 0x00, 0x8f, 0xff, 0xff, 0xff,
    0xff, 0xff, 0xff, 0xff, 0xff, 0x10, 0x00, 0x00,
    0xbf, 0xf0, 0x07, 0xee, 0xee, 0xee, 0xff, 0xff,
    0xee, 0xee, 0xee, 0xe0, 0x00, 0x00, 0x0c, 0xfe,
    0x00, 0xa8, 0x00, 0x00, 0x0b, 0xff, 0xf1, 0x00,
    0x00, 0x27, 0x00, 0x00, 0x00, 0xef, 0xc0, 0x7f,
    0xfd, 0x30, 0x00, 0xbf, 0xff, 0x90, 0x00, 0x6f,
    0xfb, 0x00, 0x00, 0x0f, 0xfa, 0x00, 0x7f, 0xff,
    0x60, 0x0b, 0xff, 0xff, 0x31, 0xaf, 0xff, 0x80,
    0x00, 0x02, 0xff, 0x80, 0x00, 0x2d, 0xfa, 0x00,
    0xbf, 0xfe, 0xfd, 0xef, 0xfd, 0x30, 0x00, 0x00,
    0x5f, 0xf5, 0x00, 0x00, 0x18, 0x13, 0x0b, 0xff,
    0x5f, 0xff, 0xf7, 0x00, 0x00, 0x00, 0x09, 0xff,
    0x20, 0x00, 0x03, 0xaf, 0xc0, 0xbf, 0xf0, 0x9f,
    0xfb, 0x00, 0x00, 0x00, 0x00, 0xef, 0xe0, 0x01,
    0x7d, 0xff, 0xfe, 0x0b, 0xff, 0x00, 0xbf, 0xfd,
    0x30, 0x00, 0x00, 0x3f, 0xf9, 0x0b, 0xff, 0xff,
    0xd6, 0x00, 0xbf, 0xf0, 0x00, 0xbf, 0xff, 0xa3,
    0x00, 0x0a, 0xff, 0x40, 0xaf, 0xfc, 0x76, 0x55,
    0x5e, 0xff, 0x00, 0x00, 0x9f, 0xff, 0xfb, 0x00,
    0xef, 0xe0, 0x02, 0xa3, 0x00, 0xef, 0xff, 0xff,
    0xc0, 0x00, 0x00, 0x3c, 0xff, 0x40, 0x00, 0xa7,
    0x00, 0x00, 0x00, 0x0a, 0xff, 0xfe, 0xa2, 0x00,
    0x00, 0x00, 0x04, 0x70, 0x00, 0x00, 0x00, 0x00,
    0x00, 0x00, 0x00, 0x00, 0x00, 0x00, 0x00, 0x00,
    0x00, 0x00, 0x00,

    /* U+5F0F "式" */
    0x00, 0x00, 0x00, 0x00, 0x00, 0x00, 0x00, 0x00,
    0x33, 0x30, 0x00, 0x10, 0x00, 0x00, 0x00, 0x00,
    0x00, 0x00, 0x00, 0x00, 0x00, 0x00, 0x1f, 0xfe,
    0x00, 0x7f, 0x70, 0x00, 0x00, 0x00, 0x00, 0x00,
    0x00, 0x00, 0x00, 0x00, 0x01, 0xff, 0xe0, 0x2e,
    0xff, 0xa0, 0x00, 0x00, 0x00, 0x00, 0x00, 0x00,
    0x00, 0x00, 0x00, 0x1f, 0xfe, 0x00, 0x2d, 0xff,
    0xc1, 0x00, 0x00, 0x00, 0x00, 0x00, 0x00, 0x00,
    0x00, 0x00, 0xff, 0xf0, 0x00, 0x0c, 0xff, 0x50,
    0x00, 0x00, 0x00, 0x00, 0x00, 0x00, 0x00, 0x00,
    0x0f, 0xff, 0x00, 0x00, 0x0b, 0x40, 0x00, 0x2f,
    0xff, 0xff, 0xff, 0xff, 0xff, 0xff, 0xff, 0xff,
    0xff, 0xff, 0xff, 0xff, 0xfa, 0x03, 0xff, 0xff,
    0xff, 0xff, 0xff, 0xff, 0xff, 0xff, 0xff, 0xff,
    0xff, 0xff, 0xff, 0xb0, 0x2d, 0xdd, 0xdd, 0xdd,
    0xdd, 0xdd, 0xdd, 0xdd, 0xff, 0xfe, 0xdd, 0xdd,
    0xdd, 0xd9, 0x00, 0x00, 0x00, 0x00, 0x00, 0x00,
    0x00, 0x00, 0x0c, 0xff, 0x20, 0x00, 0x00, 0x00,
    0x00, 0x00, 0x00, 0x00, 0x00, 0x00, 0x00, 0x00,
    0x00, 0xbf, 0xf4, 0x00, 0x00, 0x00, 0x00, 0x00,
    0x00, 0x00, 0x00, 0x00, 0x00, 0x00, 0x00, 0x0a,
    0xff, 0x50, 0x00, 0x00, 0x00, 0x00, 0x00, 0x00,
    0x00, 0x00, 0x00, 0x00, 0x00, 0x00, 0x8f, 0xf7,
    0x00, 0x00, 0x00, 0x00, 0x00, 0x1e, 0xee, 0xee,
    0xee, 0xee, 0xee, 0xee, 0x06, 0xff, 0x90, 0x00,
    0x00, 0x00, 0x00, 0x01, 0xff, 0xff, 0xff, 0xff,
    0xff, 0xff, 0xf0, 0x4f, 0xfb, 0x00, 0x00, 0x00,
    0x00, 0x00, 0x1d, 0xdd, 0xdd, 0xff, 0xfd, 0xdd,
    0xdd, 0x02, 0xff, 0xd0, 0x00, 0x00, 0x00, 0x00,
    0x00, 0x00, 0x00, 0x1f, 0xfc, 0x00, 0x00, 0x00,
    0x0f, 0xff, 0x00, 0x00, 0x00, 0x00, 0x00, 0x00,
    0x00, 0x01, 0xff, 0xc0, 0x00, 0x00, 0x00, 0xdf,
    0xf3, 0x00, 0x00, 0x00, 0x00, 0x00, 0x00, 0x00,
    0x1f, 0xfc, 0x00, 0x00, 0x00, 0x09, 0xff, 0x70,
    0x00, 0x00, 0x00, 0x00, 0x00, 0x00, 0x01, 0xff,
    0xc0, 0x00, 0x00, 0x00, 0x6f, 0xfa, 0x00, 0x00,
    0x00, 0x00, 0x00, 0x00, 0x00, 0x1f, 0xfc, 0x00,
    0x00, 0x00, 0x02, 0xff, 0xe0, 0x00, 0x01, 0x30,
    0x00, 0x00, 0x00, 0x01, 0xff, 0xc0, 0x00, 0x00,
    0x00, 0x0d, 0xff, 0x30, 0x00, 0x3f, 0x91, 0x00,
    0x00, 0x00, 0x1f, 0xfc, 0x00, 0x25, 0x8a, 0x00,
    0x8f, 0xf9, 0x00, 0x04, 0xff, 0x50, 0x00, 0x00,
    0x01, 0xff, 0xeb, 0xff, 0xff, 0xf0, 0x03, 0xff,
    0xf1, 0x00, 0x6f, 0xf3, 0x00, 0x25, 0x8b, 0xef,
    0xff, 0xff, 0xff, 0xfd, 0x00, 0x0c, 0xff, 0x90,
    0x08, 0xff, 0x00, 0xef, 0xff, 0xff, 0xff, 0xff,
    0xd9, 0x51, 0x00, 0x00, 0x4f, 0xff, 0x60, 0xdf,
    0xd0, 0x0b, 0xff, 0xff, 0xfb, 0x84, 0x00, 0x00,
    0x00, 0x00, 0x00, 0xaf, 0xff, 0xff, 0xf9, 0x00,
    0x7e, 0xa7, 0x30, 0x00, 0x00, 0x00, 0x00, 0x00,
    0x00, 0x00, 0xcf, 0xff, 0xff, 0x20, 0x00, 0x00,
    0x00, 0x00, 0x00, 0x00, 0x00, 0x00, 0x00, 0x00,
    0x00, 0x8e, 0xfd, 0x40, 0x00,

    /* U+5F62 "形" */
    0x00, 0x00, 0x00, 0x00, 0x00, 0x00, 0x00, 0x00,
    0x00, 0x00, 0x00, 0x00, 0x2c, 0x61, 0x00, 0x03,
    0x99, 0x99, 0x99, 0x99, 0x99, 0x99, 0x99, 0x93,
    0x00, 0x00, 0x01, 0xef, 0xf9, 0x00, 0x05, 0xff,
    0xff, 0xff, 0xff, 0xff, 0xff, 0xff, 0xf6, 0x00,
    0x00, 0x2d, 0xff, 0xc0, 0x00, 0x05, 0xff, 0xff,
    0xff, 0xff, 0xff, 0xff, 0xff, 0xf6, 0x00, 0x04,
    0xef, 0xfc, 0x00, 0x00, 0x00, 0x00, 0x2f, 0xf9,
    0x00, 0x02, 0xff, 0xb0, 0x00, 0x00, 0x8f, 0xff,
    0xb0, 0x00, 0x00, 0x00, 0x00, 0x1f, 0xf9, 0x00,
    0x01, 0xff, 0xb0, 0x00, 0x3d, 0xff, 0xf9, 0x00,
    0x00, 0x00, 0x00, 0x00, 0x1f, 0xf9, 0x00, 0x01,
    0xff, 0xb0, 0x06, 0xff, 0xff, 0x50, 0x00, 0x00,
    0x00, 0x00, 0x00, 0x1f, 0xf9, 0x00, 0x01, 0xff,
    0xb0, 0x00, 0x8f, 0xb2, 0x00, 0x00, 0x00, 0x00,
    0x00, 0x00, 0x1f, 0xf9, 0x00, 0x01, 0xff, 0xb0,
    0x00, 0x03, 0x00, 0x00, 0x02, 0x60, 0x00, 0x00,
    0x00, 0x1f, 0xf9, 0x00, 0x01, 0xff, 0xb0, 0x00,
    0x00, 0x00, 0x00, 0x0d, 0xff, 0x40, 0x00, 0x00,
    0x1f, 0xf9, 0x00, 0x01, 0xff, 0xb0, 0x00, 0x00,
    0x00, 0x00, 0xcf, 0xfb, 0x00, 0x08, 0xaa, 0xbf,
    0xfe, 0xaa, 0xab, 0xff, 0xea, 0xa8, 0x00, 0x00,
    0x1d, 0xff, 0xc0, 0x00, 0x0d, 0xff, 0xff, 0xff,
    0xff, 0xff, 0xff, 0xff, 0xfc, 0x00, 0x04, 0xef,
    0xfc, 0x10, 0x00, 0x0d, 0xff, 0xff, 0xff, 0xff,
    0xff, 0xff, 0xff, 0xfc, 0x00, 0x8f, 0xff, 0xb0,
    0x00, 0x00, 0x00, 0x00, 0x2f, 0xf8, 0x00, 0x01,
    0xff, 0xb0, 0x00, 0x4d, 0xff, 0xf9, 0x00, 0x00,
    0x00, 0x00, 0x00, 0x3f, 0xf7, 0x00, 0x01, 0xff,
    0xb0, 0x01, 0xef, 0xff, 0x60, 0x00, 0x00, 0x00,
    0x00, 0x00, 0x4f, 0xf6, 0x00, 0x01, 0xff, 0xb0,
    0x00, 0x2e, 0xc2, 0x00, 0x00, 0x21, 0x00, 0x00,
    0x00, 0x6f, 0xf5, 0x00, 0x01, 0xff, 0xb0, 0x00,
    0x01, 0x00, 0x00, 0x00, 0xef, 0xa1, 0x00, 0x00,
    0x8f, 0xf3, 0x00, 0x01, 0xff, 0xb0, 0x00, 0x00,
    0x00, 0x00, 0x0a, 0xff, 0xc0, 0x00, 0x00, 0xbf,
    0xf1, 0x00, 0x01, 0xff, 0xb0, 0x00, 0x00, 0x00,
    0x00, 0x7f, 0xff, 0x20, 0x00, 0x00, 0xff, 0xe0,
    0x00, 0x01, 0xff, 0xb0, 0x00, 0x00, 0x00, 0x06,
    0xff, 0xf5, 0x00, 0x00, 0x04, 0xff, 0xa0, 0x00,
    0x01, 0xff, 0xb0, 0x00, 0x00, 0x00, 0x7f, 0xff,
    0x80, 0x00, 0x00, 0x0a, 0xff, 0x50, 0x00, 0x01,
    0xff, 0xb0, 0x00, 0x00, 0x0a, 0xff, 0xf9, 0x00,
    0x00, 0x00, 0x2f, 0xff, 0x00, 0x00, 0x01, 0xff,
    0xb0, 0x00, 0x03, 0xdf, 0xff, 0x80, 0x00, 0x00,
    0x00, 0xbf, 0xf9, 0x00, 0x00, 0x01, 0xff, 0xb0,
    0x01, 0x9f, 0xff, 0xf6, 0x00, 0x00, 0x00, 0x07,
    0xff, 0xf1, 0x00, 0x00, 0x01, 0xff, 0xb0, 0x7f,
    0xff, 0xfe, 0x30, 0x00, 0x00, 0x00, 0x0a, 0xff,
    0x60, 0x00, 0x00, 0x01, 0xff, 0xb0, 0x2e, 0xff,
    0x90, 0x00, 0x00, 0x00, 0x00, 0x00, 0x9b, 0x00,
    0x00, 0x00, 0x01, 0xff, 0xb0, 0x04, 0xc3, 0x00,
    0x00, 0x00, 0x00, 0x00, 0x00, 0x00, 0x00, 0x00,
    0x00, 0x00, 0x00, 0x00, 0x00, 0x00, 0x00, 0x00,
    0x00, 0x00, 0x00,

    /* U+624B "手" */
    0x00, 0x00, 0x00, 0x00, 0x00, 0x00, 0x00, 0x00,
    0x00, 0x00, 0x00, 0x30, 0x00, 0x00, 0x00, 0x00,
    0x00, 0x00, 0x00, 0x00, 0x00, 0x00, 0x03, 0x58,
    0xbf, 0xfa, 0x00, 0x00, 0x00, 0x00, 0x00, 0x02,
    0x34, 0x57, 0x9a, 0xce, 0xff, 0xff, 0xff, 0xff,
    0x90, 0x00, 0x00, 0x4e, 0xef, 0xff, 0xff, 0xff,
    0xff, 0xff, 0xff, 0xff, 0xfd, 0x96, 0x20, 0x00,
    0x00, 0x1f, 0xff, 0xff, 0xff, 0xff, 0xff, 0xfe,
    0x97, 0x52, 0x00, 0x00, 0x00, 0x00, 0x00, 0x08,
    0x98, 0x76, 0x54, 0x32, 0x4f, 0xfc, 0x00, 0x00,
    0x00, 0x00, 0x00, 0x00, 0x00, 0x00, 0x00, 0x00,
    0x00, 0x00, 0x3f, 0xfc, 0x00, 0x00, 0x00, 0x00,
    0x00, 0x00, 0x00, 0x00, 0x00, 0x00, 0x00, 0x00,
    0x3f, 0xfc, 0x00, 0x00, 0x00, 0x00, 0x00, 0x00,
    0x00, 0x00, 0x00, 0x00, 0x00, 0x00, 0x3f, 0xfc,
    0x00, 0x00, 0x00, 0x00, 0x00, 0x00, 0x00, 0x4c,
    0xcc, 0xcc, 0xcc, 0xcc, 0xcf, 0xff, 0xcc, 0xcc,
    0xcc, 0xcc, 0xcc, 0x10, 0x00, 0x5f, 0xff, 0xff,
    0xff, 0xff, 0xff, 0xff, 0xff, 0xff, 0xff, 0xff,
    0xff, 0x20, 0x00, 0x5f, 0xff, 0xff, 0xff, 0xff,
    0xff, 0xff, 0xff, 0xff, 0xff, 0xff, 0xff, 0x20,
    0x00, 0x00, 0x00, 0x00, 0x00, 0x00, 0x3f, 0xfc,
    0x00, 0x00, 0x00, 0x00, 0x00, 0x00, 0x00, 0x00,
    0x00, 0x00, 0x00, 0x00, 0x3f, 0xfc, 0x00, 0x00,
    0x00, 0x00, 0x00, 0x00, 0x00, 0x00, 0x00, 0x00,
    0x00, 0x00, 0x3f, 0xfc, 0x00, 0x00, 0x00, 0x00,
    0x00, 0x00, 0x00, 0x00, 0x00, 0x00, 0x00, 0x00,
    0x3f, 0xfc, 0x00, 0x00, 0x00, 0x00, 0x00, 0x00,
    0x5d, 0xdd, 0xdd, 0xdd, 0xdd, 0xdd, 0xdf, 0xff,
    0xdd, 0xdd, 0xdd, 0xdd, 0xdd, 0xdb, 0x6f, 0xff,
    0xff, 0xff, 0xff, 0xff, 0xff, 0xff, 0xff, 0xff,
    0xff, 0xff, 0xff, 0xfe, 0x6f, 0xff, 0xff, 0xff,
    0xff, 0xff, 0xff, 0xff, 0xff, 0xff, 0xff, 0xff,
    0xff, 0xfd, 0x00, 0x00, 0x00, 0x00, 0x00, 0x00,
    0x3f, 0xfc, 0x00, 0x00, 0x00, 0x00, 0x00, 0x00,
    0x00, 0x00, 0x00, 0x00, 0x00, 0x00, 0x3f, 0xfc,
    0x00, 0x00, 0x00, 0x00, 0x00, 0x00, 0x00, 0x00,
    0x00, 0x00, 0x00, 0x00, 0x3f, 0xfc, 0x00, 0x00,
    0x00, 0x00, 0x00, 0x00, 0x00, 0x00, 0x00, 0x00,
    0x00, 0x00, 0x3f, 0xfc, 0x00, 0x00, 0x00, 0x00,
    0x00, 0x00, 0x00, 0x00, 0x00, 0x00, 0x00, 0x00,
    0x3f, 0xfc, 0x00, 0x00, 0x00, 0x00, 0x00, 0x00,
    0x00, 0x00, 0x00, 0x00, 0x00, 0x00, 0x3f, 0xfb,
    0x00, 0x00, 0x00, 0x00, 0x00, 0x00, 0x00, 0x00,
    0x00, 0x5b, 0xbb, 0xbb, 0xdf, 0xfa, 0x00, 0x00,
    0x00, 0x00, 0x00, 0x00, 0x00, 0x00, 0x00, 0x1f,
    0xff, 0xff, 0xff, 0xf5, 0x00, 0x00, 0x00, 0x00,
    0x00, 0x00, 0x00, 0x00, 0x00, 0x0a, 0xff, 0xff,
    0xeb, 0x50, 0x00, 0x00, 0x00, 0x00, 0x00, 0x00,
    0x00, 0x00, 0x00, 0x00, 0x10, 0x00, 0x00, 0x00,
    0x00, 0x00, 0x00, 0x00, 0x00, 0x00,

    /* U+6301 "持" */
    0x00, 0x00, 0x04, 0x42, 0x00, 0x00, 0x00, 0x00,
    0x00, 0x13, 0x30, 0x00, 0x00, 0x00, 0x00, 0x00,
    0x01, 0xff, 0x80, 0x00, 0x00, 0x00, 0x00, 0x09,
    0xff, 0x10, 0x00, 0x00, 0x00, 0x00, 0x00, 0x1f,
    0xf8, 0x00, 0x00, 0x00, 0x00, 0x00, 0x9f, 0xf1,
    0x00, 0x00, 0x00, 0x00, 0x00, 0x01, 0xff, 0x80,
    0x00, 0x00, 0x00, 0x00, 0x09, 0xff, 0x10, 0x00,
    0x00, 0x00, 0x00, 0x00, 0x1f, 0xf8, 0x00, 0x00,
    0xab, 0xbb, 0xbb, 0xef, 0xfc, 0xbb, 0xbb, 0xb4,
    0x00, 0x00, 0x01, 0xff, 0x80, 0x00, 0x0e, 0xff,
    0xff, 0xff, 0xff, 0xff, 0xff, 0xff, 0x60, 0x07,
    0x99, 0xaf, 0xfd, 0x99, 0x40, 0xbc, 0xcc, 0xcc,
    0xef, 0xfd, 0xcc, 0xcc, 0xc5, 0x00, 0xbf, 0xff,
    0xff, 0xff, 0xf7, 0x00, 0x00, 0x00, 0x09, 0xff,
    0x10, 0x00, 0x00, 0x00, 0x0b, 0xff, 0xff, 0xff,
    0xff, 0x70, 0x00, 0x00, 0x00, 0x9f, 0xf1, 0x00,
    0x00, 0x00, 0x00, 0x00, 0x02, 0xff, 0x80, 0x00,
    0x00, 0x00, 0x00, 0x09, 0xff, 0x10, 0x00, 0x00,
    0x00, 0x00, 0x00, 0x1f, 0xf8, 0x00, 0x4e, 0xee,
    0xee, 0xee, 0xff, 0xfe, 0xee, 0xee, 0xee, 0xb0,
    0x00, 0x01, 0xff, 0x80, 0x05, 0xff, 0xff, 0xff,
    0xff, 0xff, 0xff, 0xff, 0xff, 0xfd, 0x00, 0x00,
    0x1f, 0xf8, 0x00, 0x4d, 0xdd, 0xdd, 0xdd, 0xdd,
    0xdd, 0xff, 0xfd, 0xdd, 0xb0, 0x00, 0x01, 0xff,
    0x80, 0x11, 0x00, 0x00, 0x00, 0x00, 0x00, 0x0a,
    0xff, 0x10, 0x00, 0x00, 0x00, 0x1f, 0xfc, 0xcf,
    0x50, 0x00, 0x00, 0x00, 0x00, 0x00, 0xaf, 0xf1,
    0x00, 0x00, 0x00, 0x49, 0xff, 0xff, 0xf6, 0x00,
    0x00, 0x00, 0x00, 0x00, 0x0a, 0xff, 0x20, 0x00,
    0x1b, 0xff, 0xff, 0xff, 0xfc, 0x4f, 0xff, 0xff,
    0xff, 0xff, 0xff, 0xff, 0xff, 0xff, 0x90, 0xff,
    0xff, 0xff, 0xa1, 0x00, 0xff, 0xff, 0xff, 0xff,
    0xff, 0xff, 0xff, 0xff, 0xf9, 0x0b, 0xfa, 0x6f,
    0xf8, 0x00, 0x08, 0x99, 0x99, 0x99, 0x99, 0x99,
    0xdf, 0xf9, 0x99, 0x50, 0x10, 0x01, 0xff, 0x80,
    0x00, 0x00, 0x07, 0x70, 0x00, 0x00, 0x0a, 0xff,
    0x10, 0x00, 0x00, 0x00, 0x1f, 0xf8, 0x00, 0x00,
    0x0c, 0xff, 0x30, 0x00, 0x00, 0xaf, 0xf1, 0x00,
    0x00, 0x00, 0x01, 0xff, 0x80, 0x00, 0x00, 0x4f,
    0xfe, 0x00, 0x00, 0x0a, 0xff, 0x10, 0x00, 0x00,
    0x00, 0x1f, 0xf8, 0x00, 0x00, 0x00, 0xaf, 0xf9,
    0x00, 0x00, 0xaf, 0xf1, 0x00, 0x00, 0x00, 0x01,
    0xff, 0x80, 0x00, 0x00, 0x01, 0xff, 0xf2, 0x00,
    0x0a, 0xff, 0x10, 0x00, 0x00, 0x00, 0x1f, 0xf8,
    0x00, 0x00, 0x00, 0x07, 0xff, 0x50, 0x00, 0xaf,
    0xf1, 0x00, 0x00, 0x00, 0x01, 0xff, 0x80, 0x00,
    0x00, 0x00, 0x0b, 0x30, 0x00, 0x0a, 0xff, 0x10,
    0x00, 0x01, 0xaa, 0xbf, 0xf7, 0x00, 0x00, 0x00,
    0x00, 0x00, 0x79, 0x99, 0xef, 0xf0, 0x00, 0x00,
    0x0d, 0xff, 0xff, 0x30, 0x00, 0x00, 0x00, 0x00,
    0x06, 0xff, 0xff, 0xfc, 0x00, 0x00, 0x00, 0x8f,
    0xeb, 0x50, 0x00, 0x00, 0x00, 0x00, 0x00, 0x1f,
    0xff, 0xea, 0x20, 0x00, 0x00, 0x00, 0x00, 0x00,
    0x00, 0x00, 0x00, 0x00, 0x00, 0x00, 0x10, 0x00,
    0x00, 0x00, 0x00,

    /* U+632F "振" */
    0x00, 0x00, 0x04, 0x42, 0x00, 0x00, 0x00, 0x00,
    0x00, 0x00, 0x00, 0x00, 0x00, 0x00, 0x00, 0x00,
    0x00, 0x1f, 0xf8, 0x00, 0x00, 0x00, 0x00, 0x00,
    0x00, 0x00, 0x00, 0x00, 0x00, 0x00, 0x00, 0x00,
    0x1f, 0xf8, 0x00, 0x06, 0xff, 0xff, 0xff, 0xff,
    0xff, 0xff, 0xff, 0xff, 0x10, 0x00, 0x00, 0x1f,
    0xf8, 0x00, 0x06, 0xff, 0xff, 0xff, 0xff, 0xff,
    0xff, 0xff, 0xff, 0x10, 0x00, 0x00, 0x1f, 0xf8,
    0x00, 0x06, 0xff, 0x98, 0x88, 0x88, 0x88, 0x88,
    0x88, 0x88, 0x00, 0x00, 0x00, 0x1f, 0xf8, 0x00,
    0x06, 0xff, 0x30, 0x00, 0x00, 0x00, 0x00, 0x00,
    0x00, 0x00, 0x02, 0x44, 0x5f, 0xfa, 0x44, 0x26,
    0xff, 0x30, 0x00, 0x00, 0x00, 0x00, 0x00, 0x00,
    0x00, 0x09, 0xff, 0xff, 0xff, 0xff, 0x86, 0xff,
    0x30, 0x77, 0x77, 0x77, 0x77, 0x77, 0x74, 0x00,
    0x09, 0xff, 0xff, 0xff, 0xff, 0x86, 0xff, 0x31,
    0xff, 0xff, 0xff, 0xff, 0xff, 0xfa, 0x00, 0x03,
    0x66, 0x7f, 0xfb, 0x66, 0x36, 0xff, 0x31, 0xee,
    0xee, 0xee, 0xee, 0xee, 0xe9, 0x00, 0x00, 0x00,
    0x1f, 0xf8, 0x00, 0x06, 0xff, 0x30, 0x00, 0x00,
    0x00, 0x00, 0x00, 0x00, 0x00, 0x00, 0x00, 0x1f,
    0xf8, 0x00, 0x06, 0xff, 0x30, 0x00, 0x00, 0x00,
    0x00, 0x00, 0x00, 0x00, 0x00, 0x00, 0x1f, 0xf8,
    0x00, 0x07, 0xff, 0x86, 0x66, 0x66, 0x66, 0x66,
    0x66, 0x66, 0x40, 0x00, 0x00, 0x1f, 0xf8, 0x38,
    0x37, 0xff, 0xff, 0xff, 0xff, 0xff, 0xff, 0xff,
    0xff, 0xa0, 0x00, 0x00, 0x2f, 0xff, 0xff, 0x67,
    0xff, 0xff, 0xff, 0xff, 0xff, 0xff, 0xff, 0xff,
    0xa0, 0x02, 0x6b, 0xff, 0xff, 0xff, 0x88, 0xff,
    0x00, 0xff, 0x80, 0x7f, 0xe0, 0x00, 0x00, 0x00,
    0x0e, 0xff, 0xff, 0xfe, 0x94, 0x09, 0xff, 0x00,
    0xff, 0x80, 0x4f, 0xf1, 0x00, 0x96, 0x00, 0x0b,
    0xff, 0xef, 0xf8, 0x00, 0x0b, 0xfe, 0x00, 0xff,
    0x80, 0x1f, 0xf5, 0x08, 0xff, 0x50, 0x06, 0x93,
    0x1f, 0xf8, 0x00, 0x0d, 0xfc, 0x00, 0xff, 0x80,
    0x0d, 0xf9, 0x8f, 0xfc, 0x10, 0x00, 0x00, 0x1f,
    0xf8, 0x00, 0x0f, 0xfa, 0x00, 0xff, 0x80, 0x09,
    0xff, 0xff, 0xb0, 0x00, 0x00, 0x00, 0x1f, 0xf8,
    0x00, 0x2f, 0xf7, 0x00, 0xff, 0x80, 0x05, 0xff,
    0xfa, 0x00, 0x00, 0x00, 0x00, 0x1f, 0xf8, 0x00,
    0x6f, 0xf4, 0x00, 0xff, 0x80, 0x00, 0xff, 0xc0,
    0x00, 0x00, 0x00, 0x00, 0x1f, 0xf8, 0x00, 0xaf,
    0xf1, 0x00, 0xff, 0x80, 0x00, 0x9f, 0xf2, 0x00,
    0x00, 0x00, 0x00, 0x1f, 0xf8, 0x00, 0xef, 0xc0,
    0x00, 0xff, 0x80, 0x00, 0x2f, 0xfc, 0x00, 0x00,
    0x00, 0x00, 0x1f, 0xf8, 0x04, 0xff, 0x80, 0x00,
    0xff, 0x93, 0x69, 0xca, 0xff, 0x90, 0x00, 0x00,
    0x00, 0x1f, 0xf8, 0x0b, 0xff, 0x22, 0x58, 0xff,
    0xff, 0xff, 0xf2, 0xef, 0xf9, 0x00, 0x01, 0x99,
    0xbf, 0xf7, 0x3f, 0xfc, 0x0b, 0xff, 0xff, 0xff,
    0xfd, 0xa1, 0x3f, 0xff, 0xd1, 0x00, 0xdf, 0xff,
    0xf4, 0x4e, 0xf5, 0x07, 0xff, 0xda, 0x74, 0x10,
    0x00, 0x04, 0xff, 0xa0, 0x00, 0x9f, 0xec, 0x50,
    0x01, 0x90, 0x01, 0x41, 0x00, 0x00, 0x00, 0x00,
    0x00, 0x2a, 0x10,

    /* U+63A5 "接" */
    0x00, 0x00, 0x01, 0x11, 0x00, 0x00, 0x00, 0x00,
    0x00, 0x12, 0x10, 0x00, 0x00, 0x00, 0x00, 0x00,
    0x00, 0xef, 0xc0, 0x00, 0x00, 0x00, 0x00, 0x0e,
    0xff, 0x00, 0x00, 0x00, 0x00, 0x00, 0x00, 0x0e,
    0xfc, 0x00, 0x00, 0x00, 0x00, 0x00, 0xef, 0xf0,
    0x00, 0x00, 0x00, 0x00, 0x00, 0x00, 0xef, 0xc0,
    0x00, 0x11, 0x11, 0x11, 0x1f, 0xff, 0x11, 0x11,
    0x11, 0x10, 0x00, 0x00, 0x0e, 0xfc, 0x00, 0x0d,
    0xff, 0xff, 0xff, 0xff, 0xff, 0xff, 0xff, 0xff,
    0x00, 0x00, 0x00, 0xef, 0xc0, 0x00, 0xdf, 0xff,
    0xff, 0xff, 0xff, 0xff, 0xff, 0xff, 0xf0, 0x07,
    0x99, 0x9f, 0xfe, 0x99, 0x44, 0x55, 0xef, 0xb5,
    0x55, 0x55, 0xbf, 0xf8, 0x55, 0x00, 0xcf, 0xff,
    0xff, 0xff, 0xf7, 0x00, 0x0b, 0xfe, 0x00, 0x00,
    0x0c, 0xff, 0x00, 0x00, 0x0c, 0xff, 0xff, 0xff,
    0xff, 0x70, 0x00, 0x6f, 0xf3, 0x00, 0x01, 0xff,
    0x90, 0x00, 0x00, 0x00, 0x00, 0xef, 0xc0, 0x00,
    0x00, 0x03, 0xff, 0x70, 0x00, 0x6f, 0xf3, 0x00,
    0x00, 0x00, 0x00, 0x0e, 0xfc, 0x00, 0x45, 0x55,
    0x5f, 0xfa, 0x55, 0x5d, 0xfe, 0x55, 0x55, 0x40,
    0x00, 0x00, 0xef, 0xc0, 0x0f, 0xff, 0xff, 0xff,
    0xff, 0xff, 0xff, 0xff, 0xff, 0xfd, 0x00, 0x00,
    0x0e, 0xfc, 0x00, 0xff, 0xff, 0xff, 0xff, 0xff,
    0xff, 0xff, 0xff, 0xff, 0xd0, 0x00, 0x00, 0xef,
    0xc0, 0x02, 0x11, 0x11, 0x1a, 0xff, 0x81, 0x11,
    0x11, 0x11, 0x11, 0x00, 0x00, 0x0e, 0xfe, 0xbf,
    0x70, 0x00, 0x00, 0xef, 0xf1, 0x00, 0x00, 0x00,
    0x00, 0x00, 0x00, 0x49, 0xff, 0xff, 0xfb, 0x44,
    0x44, 0x8f, 0xfc, 0x44, 0x44, 0x44, 0x44, 0x43,
    0x2c, 0xff, 0xff, 0xff, 0xfb, 0xef, 0xff, 0xff,
    0xff, 0xff, 0xff, 0xff, 0xff, 0xff, 0xb1, 0xff,
    0xff, 0xff, 0xd0, 0x0c, 0xff, 0xff, 0xff, 0xff,
    0xff, 0xff, 0xff, 0xff, 0xfb, 0x0d, 0xd8, 0x3e,
    0xfc, 0x00, 0x12, 0x22, 0xcf, 0xf5, 0x22, 0x22,
    0xaf, 0xf4, 0x22, 0x10, 0x10, 0x00, 0xef, 0xc0,
    0x00, 0x00, 0x2f, 0xfb, 0x00, 0x00, 0x0e, 0xfe,
    0x00, 0x00, 0x00, 0x00, 0x0e, 0xfc, 0x00, 0x00,
    0x0a, 0xff, 0x40, 0x00, 0x05, 0xff, 0x90, 0x00,
    0x00, 0x00, 0x00, 0xef, 0xc0, 0x00, 0x02, 0xff,
    0xfc, 0x61, 0x00, 0xdf, 0xf2, 0x00, 0x00, 0x00,
    0x00, 0x0e, 0xfc, 0x00, 0x00, 0xaf, 0xff, 0xff,
    0xfa, 0xbf, 0xfa, 0x00, 0x00, 0x00, 0x00, 0x00,
    0xef, 0xc0, 0x00, 0x04, 0xab, 0x7d, 0xff, 0xff,
    0xff, 0x10, 0x00, 0x00, 0x00, 0x00, 0x0e, 0xfc,
    0x00, 0x00, 0x00, 0x00, 0x07, 0xff, 0xff, 0xfd,
    0x60, 0x00, 0x00, 0x00, 0x00, 0xef, 0xc0, 0x00,
    0x00, 0x02, 0x7c, 0xff, 0xfd, 0xff, 0xff, 0xd4,
    0x00, 0x02, 0xbb, 0xcf, 0xfb, 0x02, 0x68, 0xbe,
    0xff, 0xff, 0xe7, 0x01, 0x9f, 0xff, 0xfa, 0x10,
    0x0e, 0xff, 0xff, 0x70, 0x2f, 0xff, 0xff, 0xfb,
    0x60, 0x00, 0x00, 0x2a, 0xff, 0xc0, 0x00, 0x9f,
    0xed, 0x70, 0x00, 0xad, 0xb8, 0x40, 0x00, 0x00,
    0x00, 0x00, 0x05, 0xc1, 0x00, 0x00, 0x00, 0x00,
    0x00, 0x00, 0x00, 0x00, 0x00, 0x00, 0x00, 0x00,
    0x00, 0x00, 0x00,

    /* U+65B0 "新" */
    0x00, 0x00, 0x00, 0x00, 0x00, 0x00, 0x00, 0x00,
    0x00, 0x00, 0x00, 0x00, 0x00, 0x00, 0x00, 0x00,
    0x00, 0x00, 0xff, 0xd0, 0x00, 0x00, 0x00, 0x00,
    0x00, 0x00, 0x01, 0x7a, 0x00, 0x00, 0x00, 0x00,
    0x0f, 0xfd, 0x00, 0x00, 0x00, 0x00, 0x00, 0x01,
    0x6b, 0xff, 0xfc, 0x10, 0x02, 0x22, 0x22, 0xff,
    0xd2, 0x22, 0x22, 0x06, 0x75, 0x9d, 0xff, 0xff,
    0xff, 0xa2, 0x04, 0xff, 0xff, 0xff, 0xff, 0xff,
    0xff, 0xf1, 0x9f, 0xff, 0xff, 0xfe, 0xa5, 0x00,
    0x00, 0x4f, 0xff, 0xff, 0xff, 0xff, 0xff, 0xff,
    0x19, 0xff, 0xea, 0x63, 0x00, 0x00, 0x00, 0x00,
    0x36, 0xbc, 0x33, 0x33, 0x4f, 0xb5, 0x30, 0x9f,
    0xf1, 0x00, 0x00, 0x00, 0x00, 0x00, 0x00, 0x4f,
    0xf2, 0x00, 0x06, 0xff, 0x30, 0x09, 0xff, 0x10,
    0x00, 0x00, 0x00, 0x00, 0x00, 0x00, 0xff, 0x70,
    0x00, 0xbf, 0xc0, 0x00, 0x9f, 0xf1, 0x00, 0x00,
    0x00, 0x00, 0x00, 0x00, 0x0b, 0xfb, 0x00, 0x1f,
    0xf6, 0x00, 0x09, 0xff, 0x10, 0x00, 0x00, 0x00,
    0x00, 0x04, 0x66, 0xbd, 0x96, 0x67, 0xbe, 0x66,
    0x62, 0x9f, 0xf4, 0x33, 0x33, 0x33, 0x33, 0x20,
    0xbf, 0xff, 0xff, 0xff, 0xff, 0xff, 0xff, 0x69,
    0xff, 0xff, 0xff, 0xff, 0xff, 0xfe, 0x0b, 0xff,
    0xff, 0xff, 0xff, 0xff, 0xff, 0xf6, 0x9f, 0xff,
    0xff, 0xff, 0xff, 0xff, 0xe0, 0x00, 0x00, 0x00,
    0xff, 0xd0, 0x00, 0x00, 0x09, 0xff, 0x87, 0x77,
    0xff, 0xd7, 0x76, 0x00, 0x00, 0x00, 0x0f, 0xfd,
    0x00, 0x00, 0x00, 0x9f, 0xf1, 0x00, 0x0f, 0xfb,
    0x00, 0x00, 0x35, 0x55, 0x55, 0xff, 0xe5, 0x55,
    0x55, 0x0a, 0xff, 0x00, 0x00, 0xff, 0xb0, 0x00,
    0x09, 0xff, 0xff, 0xff, 0xff, 0xff, 0xff, 0xf2,
    0xbf, 0xf0, 0x00, 0x0f, 0xfb, 0x00, 0x00, 0x9f,
    0xff, 0xff, 0xff, 0xff, 0xff, 0xff, 0x2c, 0xfe,
    0x00, 0x00, 0xff, 0xb0, 0x00, 0x00, 0x11, 0x11,
    0xcf, 0xfe, 0x21, 0x11, 0x10, 0xef, 0xc0, 0x00,
    0x0f, 0xfb, 0x00, 0x00, 0x00, 0x00, 0x7f, 0xff,
    0xfd, 0x30, 0x00, 0x1f, 0xf9, 0x00, 0x00, 0xff,
    0xb0, 0x00, 0x00, 0x00, 0x4f, 0xff, 0xff, 0xff,
    0x60, 0x05, 0xff, 0x60, 0x00, 0x0f, 0xfb, 0x00,
    0x00, 0x00, 0x3f, 0xfd, 0xff, 0xdc, 0xff, 0xa0,
    0xaf, 0xf2, 0x00, 0x00, 0xff, 0xb0, 0x00, 0x00,
    0x3e, 0xff, 0x2f, 0xfd, 0x0c, 0xfe, 0x2f, 0xfd,
    0x00, 0x00, 0x0f, 0xfb, 0x00, 0x00, 0x5f, 0xff,
    0x40, 0xff, 0xd0, 0x0b, 0x38, 0xff, 0x70, 0x00,
    0x00, 0xff, 0xb0, 0x00, 0x1d, 0xff, 0x60, 0x0f,
    0xfd, 0x00, 0x02, 0xff, 0xf1, 0x00, 0x00, 0x0f,
    0xfb, 0x00, 0x00, 0x1d, 0x50, 0x00, 0xff, 0xd0,
    0x00, 0xdf, 0xf8, 0x00, 0x00, 0x00, 0xff, 0xb0,
    0x00, 0x00, 0x00, 0x00, 0x0f, 0xfd, 0x00, 0x4f,
    0xfd, 0x00, 0x00, 0x00, 0x0f, 0xfb, 0x00, 0x00,
    0x00, 0x00, 0x00, 0xff, 0xd0, 0x00, 0x4e, 0x20,
    0x00, 0x00, 0x00, 0xff, 0xb0, 0x00, 0x00, 0x00,
    0x00, 0x01, 0x11, 0x00, 0x00, 0x00, 0x00, 0x00,
    0x00, 0x00, 0x00, 0x00, 0x00,

    /* U+65E5 "日" */
    0x23, 0x33, 0x33, 0x33, 0x33, 0x33, 0x33, 0x33,
    0x33, 0x33, 0x0f, 0xff, 0xff, 0xff, 0xff, 0xff,
    0xff, 0xff, 0xff, 0xff, 0xf2, 0xff, 0xff, 0xff,
    0xff, 0xff, 0xff, 0xff, 0xff, 0xff, 0xff, 0x2f,
    0xff, 0xbb, 0xbb, 0xbb, 0xbb, 0xbb, 0xbb, 0xbb,
    0xff, 0xf2, 0xff, 0xe0, 0x00, 0x00, 0x00, 0x00,
    0x00, 0x00, 0x0e, 0xff, 0x2f, 0xfe, 0x00, 0x00,
    0x00, 0x00, 0x00, 0x00, 0x00, 0xef, 0xf2, 0xff,
    0xe0, 0x00, 0x00, 0x00, 0x00, 0x00, 0x00, 0x0e,
    0xff, 0x2f, 0xfe, 0x00, 0x00, 0x00, 0x00, 0x00,
    0x00, 0x00, 0xef, 0xf2, 0xff, 0xe0, 0x00, 0x00,
    0x00, 0x00, 0x00, 0x00, 0x0e, 0xff, 0x2f, 0xfe,
    0x00, 0x00, 0x00, 0x00, 0x00, 0x00, 0x00, 0xef,
    0xf2, 0xff, 0xe0, 0x00, 0x00, 0x00, 0x00, 0x00,
    0x00, 0x0e, 0xff, 0x2f, 0xff, 0xff, 0xff, 0xff,
    0xff, 0xff, 0xff, 0xff, 0xff, 0xf2, 0xff, 0xff,
    0xff, 0xff, 0xff, 0xff, 0xff, 0xff, 0xff, 0xff,
    0x2f, 0xff, 0xcc, 0xcc, 0xcc, 0xcc, 0xcc, 0xcc,
    0xcc, 0xff, 0xf2, 0xff, 0xe0, 0x00, 0x00, 0x00,
    0x00, 0x00, 0x00, 0x0e, 0xff, 0x2f, 0xfe, 0x00,
    0x00, 0x00, 0x00, 0x00, 0x00, 0x00, 0xef, 0xf2,
    0xff, 0xe0, 0x00, 0x00, 0x00, 0x00, 0x00, 0x00,
    0x0e, 0xff, 0x2f, 0xfe, 0x00, 0x00, 0x00, 0x00,
    0x00, 0x00, 0x00, 0xef, 0xf2, 0xff, 0xe0, 0x00,
    0x00, 0x00, 0x00, 0x00, 0x00, 0x0e, 0xff, 0x2f,
    0xfe, 0x00, 0x00, 0x00, 0x00, 0x00, 0x00, 0x00,
    0xef, 0xf2, 0xff, 0xe0, 0x00, 0x00, 0x00, 0x00,
    0x00, 0x00, 0x0e, 0xff, 0x2f, 0xff, 0xcc, 0xcc,
    0xcc, 0xcc, 0xcc, 0xcc, 0xcc, 0xff, 0xf2, 0xff,
    0xff, 0xff, 0xff, 0xff, 0xff, 0xff, 0xff, 0xff,
    0xff, 0x2f, 0xff, 0xff, 0xff, 0xff, 0xff, 0xff,
    0xff, 0xff, 0xff, 0xf2, 0xff, 0xe0, 0x00, 0x00,
    0x00, 0x00, 0x00, 0x00, 0x0e, 0xff, 0x2f, 0xfe,
    0x00, 0x00, 0x00, 0x00, 0x00, 0x00, 0x00, 0xef,
    0xf2, 0x22, 0x10, 0x00, 0x00, 0x00, 0x00, 0x00,
    0x00, 0x00, 0x00, 0x00,

    /* U+6642 "時" */
    0x00, 0x00, 0x00, 0x00, 0x00, 0x00, 0x00, 0x00,
    0x06, 0x64, 0x00, 0x00, 0x00, 0x00, 0x00, 0x00,
    0x00, 0x00, 0x00, 0x00, 0x00, 0x00, 0xff, 0xc0,
    0x00, 0x00, 0x00, 0x57, 0x87, 0x77, 0x77, 0x72,
    0x00, 0x00, 0x00, 0x0f, 0xfc, 0x00, 0x00, 0x00,
    0x0b, 0xff, 0xff, 0xff, 0xff, 0x50, 0x00, 0x00,
    0x00, 0xff, 0xc0, 0x00, 0x00, 0x00, 0xbf, 0xff,
    0xff, 0xff, 0xf5, 0x1f, 0xff, 0xff, 0xff, 0xff,
    0xff, 0xff, 0xff, 0x1b, 0xff, 0x11, 0x16, 0xff,
    0x51, 0xff, 0xff, 0xff, 0xff, 0xff, 0xff, 0xff,
    0xf1, 0xbf, 0xe0, 0x00, 0x5f, 0xf5, 0x08, 0x88,
    0x88, 0x8f, 0xfe, 0x88, 0x88, 0x88, 0x0b, 0xfe,
    0x00, 0x05, 0xff, 0x50, 0x00, 0x00, 0x00, 0xff,
    0xc0, 0x00, 0x00, 0x00, 0xbf, 0xe0, 0x00, 0x5f,
    0xf5, 0x00, 0x00, 0x00, 0x0f, 0xfc, 0x00, 0x00,
    0x00, 0x0b, 0xfe, 0x00, 0x05, 0xff, 0x53, 0x33,
    0x33, 0x33, 0xff, 0xd3, 0x33, 0x33, 0x33, 0xbf,
    0xe0, 0x00, 0x5f, 0xf8, 0xff, 0xff, 0xff, 0xff,
    0xff, 0xff, 0xff, 0xff, 0xfb, 0xff, 0xff, 0xff,
    0xff, 0x8f, 0xff, 0xff, 0xff, 0xff, 0xff, 0xff,
    0xff, 0xff, 0xbf, 0xff, 0xff, 0xff, 0xf5, 0x44,
    0x44, 0x44, 0x44, 0x44, 0x5f, 0xfb, 0x44, 0x3b,
    0xff, 0x99, 0x9b, 0xff, 0x50, 0x00, 0x00, 0x00,
    0x00, 0x01, 0xff, 0xa0, 0x00, 0xbf, 0xe0, 0x00,
    0x5f, 0xf5, 0x00, 0x00, 0x00, 0x00, 0x00, 0x1f,
    0xfa, 0x00, 0x0b, 0xfe, 0x00, 0x05, 0xff, 0x68,
    0x88, 0x88, 0x88, 0x88, 0x89, 0xff, 0xd8, 0x86,
    0xbf, 0xe0, 0x00, 0x5f, 0xf7, 0xff, 0xff, 0xff,
    0xff, 0xff, 0xff, 0xff, 0xff, 0xbb, 0xfe, 0x00,
    0x05, 0xff, 0x7f, 0xff, 0xff, 0xff, 0xff, 0xff,
    0xff, 0xff, 0xfa, 0xbf, 0xe0, 0x00, 0x5f, 0xf5,
    0x00, 0x02, 0x00, 0x00, 0x00, 0x1f, 0xfa, 0x00,
    0x0b, 0xfe, 0x00, 0x05, 0xff, 0x50, 0x1a, 0xf7,
    0x00, 0x00, 0x01, 0xff, 0xa0, 0x00, 0xbf, 0xff,
    0xff, 0xff, 0xf5, 0x02, 0xff, 0xf5, 0x00, 0x00,
    0x1f, 0xfa, 0x00, 0x0b, 0xff, 0xff, 0xff, 0xff,
    0x50, 0x04, 0xff, 0xf2, 0x00, 0x01, 0xff, 0xa0,
    0x00, 0xbf, 0xf9, 0x99, 0x99, 0x93, 0x00, 0x08,
    0xff, 0xd0, 0x00, 0x1f, 0xfa, 0x00, 0x0b, 0xfe,
    0x00, 0x00, 0x00, 0x00, 0x00, 0x0c, 0xff, 0x50,
    0x01, 0xff, 0xa0, 0x00, 0xbf, 0xe0, 0x00, 0x00,
    0x00, 0x00, 0x00, 0x3d, 0x40, 0x00, 0x1f, 0xfa,
    0x00, 0x02, 0x22, 0x00, 0x00, 0x00, 0x00, 0x00,
    0x00, 0x00, 0x00, 0x01, 0xff, 0xa0, 0x00, 0x00,
    0x00, 0x00, 0x00, 0x00, 0x00, 0x00, 0x00, 0x49,
    0x99, 0xaf, 0xf9, 0x00, 0x00, 0x00, 0x00, 0x00,
    0x00, 0x00, 0x00, 0x00, 0x01, 0xff, 0xff, 0xff,
    0x60, 0x00, 0x00, 0x00, 0x00, 0x00, 0x00, 0x00,
    0x00, 0x00, 0x0c, 0xff, 0xfc, 0x70, 0x00, 0x00,
    0x00, 0x00, 0x00, 0x00, 0x00, 0x00, 0x00, 0x00,
    0x00, 0x00, 0x00, 0x00, 0x00,

    /* U+66C7 "曇" */
    0x00, 0x00, 0x56, 0x66, 0x66, 0x66, 0x66, 0x66,
    0x66, 0x66, 0x66, 0x65, 0x00, 0x00, 0x00, 0x00,
    0xff, 0xff, 0xff, 0xff, 0xff, 0xff, 0xff, 0xff,
    0xff, 0xfe, 0x00, 0x00, 0x00, 0x00, 0xff, 0xa0,
    0x00, 0x00, 0x00, 0x00, 0x00, 0x00, 0x0d, 0xfe,
    0x00, 0x00, 0x00, 0x00, 0xff, 0xff, 0xff, 0xff,
    0xff, 0xff, 0xff, 0xff, 0xff, 0xfe, 0x00, 0x00,
    0x00, 0x00, 0xff, 0xc6, 0x66, 0x66, 0x66, 0x66,
    0x66, 0x66, 0x6e, 0xfe, 0x00, 0x00, 0x00, 0x00,
    0xff, 0xd7, 0x77, 0x77, 0x77, 0x77, 0x77, 0x77,
    0x7e, 0xfe, 0x00, 0x00, 0x00, 0x00, 0xef, 0xff,
    0xff, 0xff, 0xff, 0xff, 0xff, 0xff, 0xff, 0xfe,
    0x00, 0x00, 0x00, 0x00, 0x00, 0x00, 0x00, 0x00,
    0x00, 0x00, 0x00, 0x00, 0x00, 0x00, 0x00, 0x00,
    0x00, 0x2e, 0xee, 0xee, 0xee, 0xee, 0xee, 0xee,
    0xee, 0xee, 0xee, 0xee, 0xe5, 0x00, 0x00, 0x2e,
    0xee, 0xee, 0xee, 0xee, 0xff, 0xfe, 0xee, 0xee,
    0xee, 0xee, 0xe5, 0x00, 0x00, 0x00, 0x00, 0x00,
    0x00, 0x00, 0x6f, 0xf4, 0x00, 0x00, 0x00, 0x00,
    0x00, 0x00, 0x0a, 0xff, 0xff, 0xff, 0xff, 0xff,
    0xff, 0xff, 0xff, 0xff, 0xff, 0xff, 0xff, 0xf0,
    0x0a, 0xfe, 0xbb, 0xbb, 0xbb, 0xbb, 0xdf, 0xfc,
    0xbb, 0xbb, 0xbb, 0xbb, 0xef, 0xf0, 0x0a, 0xfc,
    0x04, 0x55, 0x55, 0x51, 0x6f, 0xf3, 0x25, 0x55,
    0x55, 0x50, 0xaf, 0xf0, 0x0a, 0xfc, 0x0c, 0xff,
    0xff, 0xf3, 0x6f, 0xf3, 0x5f, 0xff, 0xff, 0xe0,
    0xaf, 0xf0, 0x03, 0x43, 0x02, 0x22, 0x22, 0x20,
    0x6f, 0xf3, 0x01, 0x11, 0x11, 0x11, 0x34, 0x40,
    0x00, 0x00, 0x6f, 0xff, 0xff, 0xf3, 0x6f, 0xf3,
    0x5f, 0xff, 0xff, 0xfa, 0x00, 0x00, 0x00, 0x00,
    0x02, 0x22, 0x22, 0x20, 0x38, 0x81, 0x12, 0x22,
    0x22, 0x21, 0x00, 0x00, 0x00, 0x00, 0xbc, 0xcc,
    0xcc, 0xcc, 0xcc, 0xcc, 0xcc, 0xcc, 0xcc, 0xcc,
    0x40, 0x00, 0x00, 0x00, 0xef, 0xff, 0xff, 0xff,
    0xff, 0xff, 0xff, 0xff, 0xff, 0xff, 0x50, 0x00,
    0x00, 0x00, 0x00, 0x00, 0x00, 0x00, 0x00, 0x00,
    0x00, 0x00, 0x00, 0x00, 0x00, 0x00, 0x1f, 0xff,
    0xff, 0xff, 0xff, 0xff, 0xff, 0xff, 0xff, 0xff,
    0xff, 0xff, 0xff, 0xf6, 0x1e, 0xee, 0xee, 0xee,
    0xff, 0xff, 0xee, 0xee, 0xee, 0xff, 0xfe, 0xee,
    0xee, 0xe5, 0x00, 0x00, 0x00, 0x00, 0xef, 0xf3,
    0x00, 0x00, 0x0b, 0xff, 0xf8, 0x10, 0x00, 0x00,
    0x00, 0x00, 0x00, 0x08, 0xff, 0x70, 0x00, 0x00,
    0x11, 0x7e, 0xff, 0xf7, 0x00, 0x00, 0x00, 0x2e,
    0xee, 0xef, 0xff, 0xff, 0xff, 0xff, 0xff, 0xff,
    0xff, 0xff, 0xd3, 0x00, 0x00, 0x1f, 0xff, 0xff,
    0xff, 0xff, 0xfe, 0xed, 0xdc, 0xcb, 0xbb, 0xcf,
    0xfb, 0x00, 0x00, 0x02, 0x21, 0x10, 0x00, 0x00,
    0x00, 0x00, 0x00, 0x00, 0x00, 0x06, 0x70, 0x00,

    /* U+66DC "曜" */
    0x00, 0x00, 0x00, 0x00, 0x00, 0x00, 0x00, 0x00,
    0x00, 0x00, 0x00, 0x00, 0x00, 0x00, 0x24, 0x44,
    0x44, 0x44, 0x17, 0xff, 0xff, 0xff, 0xf3, 0xbf,
    0xff, 0xff, 0xff, 0x30, 0xaf, 0xff, 0xff, 0xff,
    0x76, 0xee, 0xee, 0xff, 0xf3, 0xae, 0xee, 0xef,
    0xff, 0x30, 0xaf, 0xfe, 0xee, 0xff, 0x70, 0x00,
    0x00, 0x3f, 0xf3, 0x00, 0x00, 0x05, 0xff, 0x30,
    0xaf, 0xe0, 0x01, 0xff, 0x70, 0xbb, 0xbb, 0xcf,
    0xf3, 0x3b, 0xbb, 0xbd, 0xff, 0x30, 0xaf, 0xe0,
    0x01, 0xff, 0x70, 0xff, 0xff, 0xff, 0xf3, 0x4f,
    0xff, 0xff, 0xff, 0x30, 0xaf, 0xe0, 0x01, 0xff,
    0x70, 0x22, 0x22, 0x5f, 0xf3, 0x02, 0x22, 0x26,
    0xff, 0x30, 0xaf, 0xe0, 0x01, 0xff, 0x70, 0x00,
    0x00, 0x3f, 0xf3, 0x00, 0x00, 0x05, 0xff, 0x30,
    0xaf, 0xe0, 0x01, 0xff, 0x78, 0xff, 0xff, 0xff,
    0xf3, 0xbf, 0xff, 0xff, 0xff, 0x30, 0xaf, 0xe0,
    0x01, 0xff, 0x77, 0xff, 0xff, 0xff, 0xf3, 0xbf,
    0xff, 0xff, 0xff, 0x30, 0xaf, 0xff, 0xff, 0xff,
    0x70, 0x00, 0xaf, 0xf3, 0x00, 0x3f, 0xfa, 0x00,
    0x00, 0x00, 0xaf, 0xff, 0xff, 0xff, 0x70, 0x03,
    0xff, 0xc0, 0x00, 0x9f, 0xf3, 0x00, 0x00, 0x00,
    0xaf, 0xf8, 0x88, 0xff, 0x70, 0x0c, 0xff, 0xb9,
    0x99, 0xff, 0xe9, 0x99, 0x99, 0x30, 0xaf, 0xe0,
    0x01, 0xff, 0x70, 0x8f, 0xff, 0xff, 0xff, 0xff,
    0xff, 0xff, 0xff, 0x60, 0xaf, 0xe0, 0x01, 0xff,
    0x75, 0xff, 0xfa, 0x99, 0x9c, 0xff, 0x99, 0x99,
    0x99, 0x30, 0xaf, 0xe0, 0x01, 0xff, 0xbf, 0xff,
    0xf4, 0x00, 0x06, 0xff, 0x10, 0x00, 0x00, 0x00,
    0xaf, 0xe0, 0x01, 0xff, 0xff, 0xff, 0xfc, 0xbb,
    0xbd, 0xff, 0xcb, 0xbb, 0xb8, 0x00, 0xaf, 0xe0,
    0x01, 0xff, 0xef, 0xaf, 0xff, 0xff, 0xff, 0xff,
    0xff, 0xff, 0xfb, 0x00, 0xaf, 0xe0, 0x01, 0xff,
    0x73, 0x5f, 0xf6, 0x22, 0x28, 0xff, 0x32, 0x22,
    0x21, 0x00, 0xaf, 0xfe, 0xee, 0xff, 0x70, 0x5f,
    0xf4, 0x00, 0x06, 0xff, 0x10, 0x00, 0x00, 0x00,
    0xaf, 0xff, 0xff, 0xff, 0x70, 0x5f, 0xfe, 0xdd,
    0xde, 0xff, 0xdd, 0xdd, 0xd9, 0x00, 0xaf, 0xf9,
    0x99, 0x99, 0x40, 0x5f, 0xff, 0xff, 0xff, 0xff,
    0xff, 0xff, 0xfb, 0x00, 0xaf, 0xe0, 0x00, 0x00,
    0x00, 0x5f, 0xf4, 0x00, 0x07, 0xff, 0x20, 0x00,
    0x00, 0x00, 0xaf, 0xe0, 0x00, 0x00, 0x00, 0x5f,
    0xf4, 0x00, 0x06, 0xff, 0x10, 0x00, 0x00, 0x00,
    0x36, 0x50, 0x00, 0x00, 0x00, 0x5f, 0xfd, 0xdd,
    0xde, 0xff, 0xdd, 0xdd, 0xdd, 0xd1, 0x00, 0x00,
    0x00, 0x00, 0x00, 0x5f, 0xff, 0xff, 0xff, 0xff,
    0xff, 0xff, 0xff, 0xf2, 0x00, 0x00, 0x00, 0x00,
    0x00, 0x5f, 0xf8, 0x55, 0x55, 0x55, 0x55, 0x55,
    0x55, 0x50, 0x00, 0x00, 0x00, 0x00, 0x00, 0x5f,
    0xf4, 0x00, 0x00, 0x00, 0x00, 0x00, 0x00, 0x00,

    /* U+66F4 "更" */
    0x09, 0x99, 0x99, 0x99, 0x99, 0x99, 0x99, 0x99,
    0x99, 0x99, 0x99, 0x99, 0x99, 0x91, 0x01, 0xff,
    0xff, 0xff, 0xff, 0xff, 0xff, 0xff, 0xff, 0xff,
    0xff, 0xff, 0xff, 0xff, 0x20, 0x1f, 0xff, 0xff,
    0xff, 0xff, 0xff, 0xff, 0xff, 0xff, 0xff, 0xff,
    0xff, 0xff, 0xf2, 0x00, 0x00, 0x00, 0x00, 0x00,
    0x00, 0x03, 0xff, 0xb0, 0x00, 0x00, 0x00, 0x00,
    0x00, 0x00, 0x00, 0x00, 0x11, 0x11, 0x11, 0x11,
    0x4f, 0xfc, 0x11, 0x11, 0x11, 0x11, 0x10, 0x00,
    0x00, 0x00, 0xaf, 0xff, 0xff, 0xff, 0xff, 0xff,
    0xff, 0xff, 0xff, 0xff, 0xff, 0x10, 0x00, 0x00,
    0x0a, 0xff, 0xff, 0xff, 0xff, 0xff, 0xff, 0xff,
    0xff, 0xff, 0xff, 0xf1, 0x00, 0x00, 0x00, 0xaf,
    0xf5, 0x44, 0x44, 0x47, 0xff, 0xc4, 0x44, 0x44,
    0x4d, 0xff, 0x10, 0x00, 0x00, 0x0a, 0xff, 0x10,
    0x00, 0x00, 0x3f, 0xfb, 0x00, 0x00, 0x00, 0xcf,
    0xf1, 0x00, 0x00, 0x00, 0xaf, 0xf4, 0x33, 0x33,
    0x36, 0xff, 0xc3, 0x33, 0x33, 0x3c, 0xff, 0x10,
    0x00, 0x00, 0x0a, 0xff, 0xff, 0xff, 0xff, 0xff,
    0xff, 0xff, 0xff, 0xff, 0xff, 0xf1, 0x00, 0x00,
    0x00, 0xaf, 0xff, 0xff, 0xff, 0xff, 0xff, 0xff,
    0xff, 0xff, 0xff, 0xff, 0x10, 0x00, 0x00, 0x0a,
    0xff, 0x10, 0x00, 0x00, 0x3f, 0xfb, 0x00, 0x00,
    0x00, 0xcf, 0xf1, 0x00, 0x00, 0x00, 0xaf, 0xf1,
    0x00, 0x00, 0x04, 0xff, 0xb0, 0x00, 0x00, 0x0c,
    0xff, 0x10, 0x00, 0x00, 0x0a, 0xff, 0x76, 0x66,
    0x66, 0x9f, 0xfd, 0x66, 0x66, 0x66, 0xdf, 0xf1,
    0x00, 0x00, 0x00, 0xaf, 0xff, 0xff, 0xff, 0xff,
    0xff, 0xff, 0xff, 0xff, 0xff, 0xff, 0x10, 0x00,
    0x00, 0x09, 0xff, 0xff, 0xff, 0xff, 0xff, 0xff,
    0xff, 0xff, 0xff, 0xff, 0xf0, 0x00, 0x00, 0x00,
    0x03, 0x9d, 0x10, 0x00, 0x0e, 0xff, 0x20, 0x00,
    0x00, 0x00, 0x00, 0x00, 0x00, 0x00, 0x00, 0x7f,
    0xfd, 0x10, 0x07, 0xff, 0xc0, 0x00, 0x00, 0x00,
    0x00, 0x00, 0x00, 0x00, 0x00, 0x00, 0xbf, 0xfd,
    0x34, 0xff, 0xf4, 0x00, 0x00, 0x00, 0x00, 0x00,
    0x00, 0x00, 0x00, 0x00, 0x00, 0xbf, 0xff, 0xff,
    0xfa, 0x00, 0x00, 0x00, 0x00, 0x00, 0x00, 0x00,
    0x00, 0x00, 0x00, 0x00, 0xcf, 0xff, 0xff, 0x50,
    0x00, 0x00, 0x00, 0x00, 0x00, 0x00, 0x00, 0x00,
    0x00, 0x27, 0xdf, 0xff, 0xff, 0xff, 0xfc, 0x96,
    0x42, 0x10, 0x00, 0x00, 0x00, 0x02, 0x7a, 0xef,
    0xff, 0xff, 0xc7, 0xcf, 0xff, 0xff, 0xff, 0xff,
    0xfe, 0xed, 0xcc, 0xb0, 0x2f, 0xff, 0xff, 0xfb,
    0x40, 0x00, 0x27, 0xbe, 0xff, 0xff, 0xff, 0xff,
    0xff, 0xf8, 0x00, 0x7f, 0xea, 0x61, 0x00, 0x00,
    0x00, 0x00, 0x02, 0x46, 0x8a, 0xbc, 0xef, 0xff,
    0x20, 0x00, 0x20, 0x00, 0x00, 0x00, 0x00, 0x00,
    0x00, 0x00, 0x00, 0x00, 0x00, 0x00, 0x00, 0x00,

    /* U+6708 "月" */
    0x00, 0x00, 0x00, 0xcc, 0xdc, 0xcc, 0xcc, 0xcc,
    0xcc, 0xcc, 0xcc, 0xdc, 0xc0, 0x00, 0x00, 0x0f,
    0xff, 0xff, 0xff, 0xff, 0xff, 0xff, 0xff, 0xff,
    0xff, 0x00, 0x00, 0x00, 0xff, 0xff, 0xff, 0xff,
    0xff, 0xff, 0xff, 0xff, 0xff, 0xf0, 0x00, 0x00,
    0x0f, 0xfe, 0x00, 0x00, 0x00, 0x00, 0x00, 0x00,
    0x0f, 0xff, 0x00, 0x00, 0x00, 0xff, 0xe0, 0x00,
    0x00, 0x00, 0x00, 0x00, 0x00, 0xff, 0xf0, 0x00,
    0x00, 0x0f, 0xfe, 0x00, 0x00, 0x00, 0x00, 0x00,
    0x00, 0x0f, 0xff, 0x00, 0x00, 0x00, 0xff, 0xe0,
    0x00, 0x00, 0x00, 0x00, 0x00, 0x00, 0xff, 0xf0,
    0x00, 0x00, 0x0f, 0xff, 0xaa, 0xaa, 0xaa, 0xaa,
    0xaa, 0xaa, 0xaf, 0xff, 0x00, 0x00, 0x00, 0xff,
    0xff, 0xff, 0xff, 0xff, 0xff, 0xff, 0xff, 0xff,
    0xf0, 0x00, 0x00, 0x0f, 0xff, 0xff, 0xff, 0xff,
    0xff, 0xff, 0xff, 0xff, 0xff, 0x00, 0x00, 0x00,
    0xff, 0xe0, 0x00, 0x00, 0x00, 0x00, 0x00, 0x01,
    0xff, 0xf0, 0x00, 0x00, 0x0f, 0xfe, 0x00, 0x00,
    0x00, 0x00, 0x00, 0x00, 0x0f, 0xff, 0x00, 0x00,
    0x01, 0xff, 0xd0, 0x00, 0x00, 0x00, 0x00, 0x00,
    0x00, 0xff, 0xf0, 0x00, 0x00, 0x2f, 0xfb, 0x00,
    0x00, 0x00, 0x00, 0x00, 0x00, 0x0f, 0xff, 0x00,
    0x00, 0x04, 0xff, 0xea, 0xaa, 0xaa, 0xaa, 0xaa,
    0xaa, 0xaa, 0xff, 0xf0, 0x00, 0x00, 0x6f, 0xff,
    0xff, 0xff, 0xff, 0xff, 0xff, 0xff, 0xff, 0xff,
    0x00, 0x00, 0x0a, 0xff, 0xff, 0xff, 0xff, 0xff,
    0xff, 0xff, 0xff, 0xff, 0xf0, 0x00, 0x00, 0xef,
    0xf2, 0x11, 0x11, 0x11, 0x11, 0x11, 0x11, 0x1f,
    0xff, 0x00, 0x00, 0x3f, 0xfd, 0x00, 0x00, 0x00,
    0x00, 0x00, 0x00, 0x00, 0xff, 0xf0, 0x00, 0x0a,
    0xff, 0x80, 0x00, 0x00, 0x00, 0x00, 0x00, 0x00,
    0x0f, 0xff, 0x00, 0x02, 0xff, 0xf2, 0x00, 0x00,
    0x00, 0x00, 0x00, 0x00, 0x00, 0xff, 0xf0, 0x00,
    0xcf, 0xfa, 0x00, 0x00, 0x00, 0x00, 0x00, 0x00,
    0x00, 0x0f, 0xff, 0x00, 0x8f, 0xff, 0x20, 0x00,
    0x00, 0x00, 0x00, 0x00, 0x00, 0x01, 0xff, 0xf0,
    0x7f, 0xff, 0x80, 0x00, 0x00, 0x00, 0x00, 0x2e,
    0xdd, 0xdd, 0xef, 0xfe, 0x0a, 0xff, 0xb0, 0x00,
    0x00, 0x00, 0x00, 0x00, 0xcf, 0xff, 0xff, 0xff,
    0x80, 0x09, 0xb0, 0x00, 0x00, 0x00, 0x00, 0x00,
    0x06, 0xff, 0xff, 0xeb, 0x60, 0x00, 0x00, 0x00,
    0x00, 0x00, 0x00, 0x00, 0x00, 0x01, 0x10, 0x00,
    0x00, 0x00,

    /* U+6728 "木" */
    0x00, 0x00, 0x00, 0x00, 0x00, 0x00, 0x03, 0x44,
    0x10, 0x00, 0x00, 0x00, 0x00, 0x00, 0x00, 0x00,
    0x00, 0x00, 0x00, 0x00, 0x00, 0x0c, 0xff, 0x40,
    0x00, 0x00, 0x00, 0x00, 0x00, 0x00, 0x00, 0x00,
    0x00, 0x00, 0x00, 0x00, 0x0c, 0xff, 0x40, 0x00,
    0x00, 0x00, 0x00, 0x00, 0x00, 0x00, 0x00, 0x00,
    0x00, 0x00, 0x00, 0x0c, 0xff, 0x40, 0x00, 0x00,
    0x00, 0x00, 0x00, 0x00, 0x00, 0x00, 0x00, 0x00,
    0x00, 0x00, 0x0c, 0xff, 0x40, 0x00, 0x00, 0x00,
    0x00, 0x00, 0x00, 0x00, 0x00, 0x00, 0x00, 0x00,
    0x00, 0x0c, 0xff, 0x40, 0x00, 0x00, 0x00, 0x00,
    0x00, 0x00, 0x00, 0x00, 0x00, 0x00, 0x00, 0x00,
    0x0c, 0xff, 0x40, 0x00, 0x00, 0x00, 0x00, 0x00,
    0x00, 0x00, 0x00, 0x00, 0x00, 0x00, 0x00, 0x0c,
    0xff, 0x50, 0x00, 0x00, 0x00, 0x00, 0x00, 0x00,
    0x04, 0xff, 0xff, 0xff, 0xff, 0xff, 0xff, 0xff,
    0xff, 0xff, 0xff, 0xff, 0xff, 0xfe, 0x00, 0x04,
    0xff, 0xff, 0xff, 0xff, 0xff, 0xff, 0xff, 0xff,
    0xff, 0xff, 0xff, 0xff, 0xfe, 0x00, 0x03, 0xcc,
    0xcc, 0xcc, 0xcc, 0xcc, 0xff, 0xff, 0xfe, 0xcc,
    0xcc, 0xcc, 0xcc, 0xca, 0x00, 0x00, 0x00, 0x00,
    0x00, 0x00, 0x06, 0xff, 0xff, 0xfd, 0x00, 0x00,
    0x00, 0x00, 0x00, 0x00, 0x00, 0x00, 0x00, 0x00,
    0x00, 0x0e, 0xff, 0xff, 0xff, 0x70, 0x00, 0x00,
    0x00, 0x00, 0x00, 0x00, 0x00, 0x00, 0x00, 0x00,
    0x9f, 0xff, 0xff, 0xff, 0xf2, 0x00, 0x00, 0x00,
    0x00, 0x00, 0x00, 0x00, 0x00, 0x00, 0x03, 0xff,
    0xed, 0xff, 0xaf, 0xfc, 0x00, 0x00, 0x00, 0x00,
    0x00, 0x00, 0x00, 0x00, 0x00, 0x1d, 0xff, 0x6c,
    0xff, 0x4b, 0xff, 0x80, 0x00, 0x00, 0x00, 0x00,
    0x00, 0x00, 0x00, 0x00, 0xbf, 0xfb, 0x0c, 0xff,
    0x42, 0xff, 0xf5, 0x00, 0x00, 0x00, 0x00, 0x00,
    0x00, 0x00, 0x08, 0xff, 0xe2, 0x0c, 0xff, 0x40,
    0x6f, 0xff, 0x30, 0x00, 0x00, 0x00, 0x00, 0x00,
    0x00, 0x7f, 0xff, 0x50, 0x0c, 0xff, 0x40, 0x0a,
    0xff, 0xe2, 0x00, 0x00, 0x00, 0x00, 0x00, 0x06,
    0xff, 0xf8, 0x00, 0x0c, 0xff, 0x40, 0x00, 0xdf,
    0xfe, 0x30, 0x00, 0x00, 0x00, 0x00, 0x8f, 0xff,
    0xb0, 0x00, 0x0c, 0xff, 0x40, 0x00, 0x2e, 0xff,
    0xf4, 0x00, 0x00, 0x00, 0x0a, 0xff, 0xfc, 0x00,
    0x00, 0x0c, 0xff, 0x40, 0x00, 0x03, 0xef, 0xff,
    0x70, 0x00, 0x03, 0xdf, 0xff, 0xc0, 0x00, 0x00,
    0x0c, 0xff, 0x40, 0x00, 0x00, 0x3e, 0xff, 0xfb,
    0x10, 0x4f, 0xff, 0xfb, 0x00, 0x00, 0x00, 0x0c,
    0xff, 0x40, 0x00, 0x00, 0x02, 0xef, 0xff, 0xb0,
    0x08, 0xff, 0x80, 0x00, 0x00, 0x00, 0x0c, 0xff,
    0x40, 0x00, 0x00, 0x00, 0x1c, 0xfd, 0x10, 0x00,
    0x94, 0x00, 0x00, 0x00, 0x00, 0x0c, 0xff, 0x40,
    0x00, 0x00, 0x00, 0x00, 0x82, 0x00, 0x00, 0x00,
    0x00, 0x00, 0x00, 0x00, 0x0c, 0xff, 0x40, 0x00,
    0x00, 0x00, 0x00, 0x00, 0x00, 0x00, 0x00, 0x00,
    0x00, 0x00, 0x00, 0x0c, 0xff, 0x40, 0x00, 0x00,
    0x00, 0x00, 0x00, 0x00, 0x00, 0x00, 0x00, 0x00,
    0x00, 0x00, 0x0c, 0xff, 0x40, 0x00, 0x00, 0x00,
    0x00, 0x00, 0x00,

    /* U+697D "楽" */
    0x00, 0x00, 0x00, 0x00, 0x00, 0x00, 0x02, 0x20,
    0x00, 0x00, 0x00, 0x00, 0x00, 0x00, 0x00, 0x00,
    0x00, 0x00, 0x00, 0x00, 0x00, 0x9f, 0xf7, 0x00,
    0x00, 0x00, 0x00, 0x00, 0x00, 0x00, 0x03, 0x00,
    0x00, 0x00, 0x00, 0x0c, 0xff, 0x20, 0x00, 0x00,
    0x00, 0x08, 0x20, 0x00, 0x08, 0xfc, 0x20, 0x00,
    0x34, 0x44, 0xff, 0xd4, 0x44, 0x43, 0x00, 0x09,
    0xff, 0x70, 0x01, 0xdf, 0xfe, 0x30, 0x0b, 0xff,
    0xff, 0xff, 0xff, 0xff, 0xb0, 0x07, 0xff, 0xe2,
    0x00, 0x01, 0xbf, 0xff, 0x40, 0xbf, 0xff, 0xff,
    0xff, 0xff, 0xfb, 0x07, 0xff, 0xf3, 0x00, 0x00,
    0x00, 0xbf, 0xff, 0x2b, 0xff, 0x00, 0x00, 0x00,
    0xff, 0xb7, 0xff, 0xf3, 0x00, 0x00, 0x00, 0x00,
    0xbf, 0xf3, 0xbf, 0xf0, 0x00, 0x00, 0x0f, 0xfc,
    0xbf, 0xe3, 0x00, 0x00, 0x00, 0x00, 0x00, 0xc3,
    0x0b, 0xff, 0x44, 0x44, 0x44, 0xff, 0xb0, 0x62,
    0x00, 0x00, 0x00, 0x00, 0x00, 0x00, 0x00, 0xbf,
    0xff, 0xff, 0xff, 0xff, 0xfb, 0x01, 0x00, 0x00,
    0x00, 0x00, 0x00, 0x00, 0x2b, 0x6b, 0xff, 0xcc,
    0xcc, 0xcc, 0xff, 0xba, 0xf8, 0x10, 0x00, 0x00,
    0x00, 0x02, 0xaf, 0xfb, 0xbf, 0xf0, 0x00, 0x00,
    0x0f, 0xfe, 0xff, 0xfe, 0x60, 0x00, 0x00, 0x2a,
    0xff, 0xfe, 0x6b, 0xff, 0x00, 0x00, 0x00, 0xff,
    0xb2, 0xbf, 0xff, 0xd3, 0x00, 0xaf, 0xff, 0xf9,
    0x10, 0xbf, 0xfc, 0xcc, 0xcc, 0xcf, 0xfb, 0x00,
    0x5e, 0xff, 0xf6, 0x0b, 0xff, 0xb2, 0x00, 0x0b,
    0xff, 0xff, 0xff, 0xff, 0xff, 0xb0, 0x00, 0x1a,
    0xff, 0x30, 0x1b, 0x40, 0x00, 0x00, 0x47, 0x77,
    0xdf, 0xf8, 0x77, 0x75, 0x00, 0x00, 0x07, 0x50,
    0x00, 0x00, 0x00, 0x00, 0x00, 0x00, 0x0b, 0xff,
    0x20, 0x00, 0x00, 0x00, 0x00, 0x00, 0x00, 0x24,
    0x44, 0x44, 0x44, 0x44, 0x44, 0xcf, 0xf5, 0x44,
    0x44, 0x44, 0x44, 0x44, 0x40, 0x08, 0xff, 0xff,
    0xff, 0xff, 0xff, 0xff, 0xff, 0xff, 0xff, 0xff,
    0xff, 0xff, 0xff, 0x20, 0x8f, 0xff, 0xff, 0xff,
    0xff, 0xff, 0xff, 0xff, 0xff, 0xff, 0xff, 0xff,
    0xff, 0xf2, 0x02, 0x33, 0x33, 0x33, 0x33, 0xaf,
    0xff, 0xff, 0xff, 0xe4, 0x33, 0x33, 0x33, 0x33,
    0x00, 0x00, 0x00, 0x00, 0x00, 0x9f, 0xff, 0xdf,
    0xfd, 0xff, 0xd3, 0x00, 0x00, 0x00, 0x00, 0x00,
    0x00, 0x00, 0x02, 0xcf, 0xff, 0x4b, 0xff, 0x3b,
    0xff, 0xf7, 0x00, 0x00, 0x00, 0x00, 0x00, 0x00,
    0x08, 0xff, 0xfe, 0x30, 0xbf, 0xf2, 0x09, 0xff,
    0xfd, 0x50, 0x00, 0x00, 0x00, 0x00, 0x6e, 0xff,
    0xfc, 0x10, 0x0b, 0xff, 0x20, 0x05, 0xff, 0xff,
    0xd5, 0x00, 0x00, 0x28, 0xef, 0xff, 0xf8, 0x00,
    0x00, 0xbf, 0xf2, 0x00, 0x02, 0xbf, 0xff, 0xfe,
    0x93, 0x0c, 0xff, 0xff, 0xc3, 0x00, 0x00, 0x0b,
    0xff, 0x20, 0x00, 0x00, 0x5d, 0xff, 0xff, 0x40,
    0x1e, 0xfd, 0x50, 0x00, 0x00, 0x00, 0xbf, 0xf2,
    0x00, 0x00, 0x00, 0x05, 0xdf, 0x80, 0x00, 0x44,
    0x00, 0x00, 0x00, 0x00, 0x0b, 0xff, 0x20, 0x00,
    0x00, 0x00, 0x00, 0x30, 0x00,

    /* U+6C17 "気" */
    0x00, 0x00, 0x00, 0x03, 0x20, 0x00, 0x00, 0x00,
    0x00, 0x00, 0x00, 0x00, 0x00, 0x00, 0x00, 0x00,
    0x00, 0x00, 0xdf, 0xf4, 0x00, 0x00, 0x00, 0x00,
    0x00, 0x00, 0x00, 0x00, 0x00, 0x00, 0x00, 0x00,
    0x3f, 0xff, 0x00, 0x00, 0x00, 0x00, 0x00, 0x00,
    0x00, 0x00, 0x00, 0x00, 0x00, 0x00, 0x0a, 0xff,
    0xc4, 0x44, 0x44, 0x44, 0x44, 0x44, 0x44, 0x44,
    0x44, 0x30, 0x00, 0x00, 0x01, 0xff, 0xff, 0xff,
    0xff, 0xff, 0xff, 0xff, 0xff, 0xff, 0xff, 0xfe,
    0x00, 0x00, 0x00, 0x9f, 0xff, 0xff, 0xff, 0xff,
    0xff, 0xff, 0xff, 0xff, 0xff, 0xff, 0xe0, 0x00,
    0x00, 0x3f, 0xff, 0x51, 0x11, 0x11, 0x11, 0x11,
    0x11, 0x11, 0x11, 0x11, 0x11, 0x00, 0x00, 0x0c,
    0xff, 0xb0, 0x00, 0x00, 0x00, 0x00, 0x00, 0x00,
    0x00, 0x00, 0x00, 0x00, 0x00, 0x09, 0xff, 0xf6,
    0xff, 0xff, 0xff, 0xff, 0xff, 0xff, 0xff, 0xff,
    0xf1, 0x00, 0x00, 0x07, 0xff, 0xf7, 0x4f, 0xff,
    0xff, 0xff, 0xff, 0xff, 0xff, 0xff, 0xff, 0x10,
    0x00, 0x07, 0xff, 0xfb, 0x01, 0x55, 0x55, 0x55,
    0x55, 0x55, 0x55, 0x55, 0x55, 0x50, 0x00, 0x00,
    0x5f, 0xfd, 0x10, 0x00, 0x00, 0x00, 0x00, 0x00,
    0x00, 0x00, 0x00, 0x00, 0x00, 0x00, 0x00, 0x2b,
    0x87, 0x77, 0x77, 0x77, 0x77, 0x77, 0x77, 0x77,
    0x78, 0x76, 0x00, 0x00, 0x00, 0x00, 0x0d, 0xff,
    0xff, 0xff, 0xff, 0xff, 0xff, 0xff, 0xff, 0xff,
    0xd0, 0x00, 0x00, 0x00, 0x00, 0xcf, 0xff, 0xff,
    0xff, 0xff, 0xff, 0xff, 0xff, 0xff, 0xfd, 0x00,
    0x00, 0x00, 0x00, 0x00, 0x00, 0x00, 0x00, 0x00,
    0x00, 0x83, 0x00, 0x00, 0xff, 0xd0, 0x00, 0x00,
    0x00, 0x00, 0x00, 0x41, 0x00, 0x00, 0x00, 0x7f,
    0xfa, 0x00, 0x0f, 0xfd, 0x00, 0x00, 0x00, 0x00,
    0x00, 0x6f, 0xf7, 0x00, 0x00, 0x2f, 0xff, 0x30,
    0x00, 0xff, 0xe0, 0x00, 0x00, 0x00, 0x00, 0x1d,
    0xff, 0xfd, 0x40, 0x0c, 0xff, 0x80, 0x00, 0x0e,
    0xfe, 0x00, 0x00, 0x00, 0x00, 0x00, 0x07, 0xff,
    0xff, 0x9a, 0xff, 0xd0, 0x00, 0x00, 0xdf, 0xf0,
    0x00, 0x00, 0x00, 0x00, 0x00, 0x02, 0xcf, 0xff,
    0xff, 0xf2, 0x00, 0x00, 0x0c, 0xff, 0x10, 0x00,
    0x00, 0x00, 0x00, 0x00, 0x00, 0x7f, 0xff, 0xfa,
    0x00, 0x00, 0x00, 0xaf, 0xf2, 0x00, 0x00, 0x00,
    0x00, 0x00, 0x00, 0x0a, 0xff, 0xff, 0xfb, 0x10,
    0x00, 0x08, 0xff, 0x50, 0x09, 0x00, 0x00, 0x00,
    0x00, 0x2c, 0xff, 0xfb, 0xff, 0xfd, 0x20, 0x00,
    0x5f, 0xf8, 0x00, 0xfa, 0x00, 0x00, 0x00, 0x6f,
    0xff, 0xf4, 0x07, 0xff, 0xff, 0x30, 0x02, 0xff,
    0xc0, 0x1f, 0xe0, 0x00, 0x03, 0xcf, 0xff, 0xd2,
    0x00, 0x04, 0xff, 0xff, 0x30, 0x0d, 0xff, 0x43,
    0xfd, 0x00, 0x3a, 0xff, 0xff, 0x90, 0x00, 0x00,
    0x03, 0xff, 0xb0, 0x00, 0x6f, 0xff, 0xef, 0xa0,
    0x0b, 0xff, 0xfd, 0x40, 0x00, 0x00, 0x00, 0x03,
    0xa0, 0x00, 0x00, 0xcf, 0xff, 0xf5, 0x00, 0x0b,
    0xf7, 0x00, 0x00, 0x00, 0x00, 0x00, 0x00, 0x00,
    0x00, 0x01, 0xaf, 0xf9, 0x00, 0x00, 0x01, 0x00,
    0x00, 0x00, 0x00, 0x00, 0x00, 0x00, 0x00, 0x00,
    0x00, 0x00, 0x00,

    /* U+6C34 "水" */
    0x00, 0x00, 0x00, 0x00, 0x00, 0x00, 0x04, 0x55,
    0x00, 0x00, 0x00, 0x00, 0x00, 0x00, 0x00, 0x00,
    0x00, 0x00, 0x00, 0x00, 0x00, 0xdf, 0xf2, 0x00,
    0x00, 0x00, 0x00, 0x00, 0x00, 0x00, 0x00, 0x00,
    0x00, 0x00, 0x00, 0x0d, 0xff, 0x20, 0x00, 0x00,
    0x00, 0x00, 0x00, 0x00, 0x00, 0x00, 0x00, 0x00,
    0x00, 0x00, 0xdf, 0xf2, 0x00, 0x00, 0x00, 0x00,
    0x00, 0x00, 0x00, 0x00, 0x00, 0x00, 0x00, 0x00,
    0x0d, 0xff, 0x20, 0x00, 0x00, 0x00, 0x00, 0x00,
    0x00, 0x00, 0x00, 0x00, 0x00, 0x00, 0x00, 0xdf,
    0xf3, 0x00, 0x00, 0x00, 0x00, 0x50, 0x00, 0x00,
    0x00, 0x00, 0x00, 0x00, 0x00, 0x0d, 0xff, 0x40,
    0x00, 0x00, 0x00, 0xaf, 0xa0, 0x00, 0x00, 0x00,
    0x00, 0x00, 0x00, 0x00, 0xdf, 0xf9, 0x00, 0x00,
    0x00, 0x8f, 0xff, 0x80, 0x08, 0xdd, 0xdd, 0xdd,
    0xde, 0xc6, 0x0d, 0xff, 0xe0, 0x00, 0x00, 0x6f,
    0xff, 0xa0, 0x00, 0x9f, 0xff, 0xff, 0xff, 0xff,
    0xe0, 0xdf, 0xff, 0x30, 0x00, 0x5f, 0xff, 0xa0,
    0x00, 0x09, 0xff, 0xff, 0xff, 0xff, 0xfb, 0x0d,
    0xff, 0xf9, 0x00, 0x4f, 0xff, 0xa0, 0x00, 0x00,
    0x00, 0x00, 0x00, 0x07, 0xff, 0x70, 0xdf, 0xff,
    0xf0, 0x4f, 0xff, 0xa0, 0x00, 0x00, 0x00, 0x00,
    0x00, 0x00, 0xbf, 0xf3, 0x0d, 0xff, 0xff, 0xaf,
    0xff, 0x90, 0x00, 0x00, 0x00, 0x00, 0x00, 0x00,
    0x1f, 0xfe, 0x00, 0xdf, 0xff, 0xff, 0xff, 0x80,
    0x00, 0x00, 0x00, 0x00, 0x00, 0x00, 0x06, 0xff,
    0x90, 0x0d, 0xff, 0xaf, 0xff, 0x60, 0x00, 0x00,
    0x00, 0x00, 0x00, 0x00, 0x00, 0xdf, 0xf4, 0x00,
    0xdf, 0xf3, 0xff, 0xe0, 0x00, 0x00, 0x00, 0x00,
    0x00, 0x00, 0x00, 0x4f, 0xfd, 0x00, 0x0d, 0xff,
    0x29, 0xff, 0x90, 0x00, 0x00, 0x00, 0x00, 0x00,
    0x00, 0x0c, 0xff, 0x70, 0x00, 0xdf, 0xf2, 0x1f,
    0xff, 0x40, 0x00, 0x00, 0x00, 0x00, 0x00, 0x06,
    0xff, 0xe0, 0x00, 0x0d, 0xff, 0x20, 0x7f, 0xfe,
    0x10, 0x00, 0x00, 0x00, 0x00, 0x02, 0xff, 0xf7,
    0x00, 0x00, 0xdf, 0xf2, 0x00, 0xdf, 0xfc, 0x00,
    0x00, 0x00, 0x00, 0x00, 0xcf, 0xfd, 0x00, 0x00,
    0x0d, 0xff, 0x20, 0x03, 0xff, 0xfc, 0x00, 0x00,
    0x00, 0x00, 0xaf, 0xff, 0x40, 0x00, 0x00, 0xdf,
    0xf2, 0x00, 0x07, 0xff, 0xfc, 0x10, 0x00, 0x00,
    0xaf, 0xff, 0x80, 0x00, 0x00, 0x0d, 0xff, 0x20,
    0x00, 0x0a, 0xff, 0xfe, 0x40, 0x01, 0xcf, 0xff,
    0xb0, 0x00, 0x00, 0x00, 0xdf, 0xf2, 0x00, 0x00,
    0x0b, 0xff, 0xff, 0xa2, 0x0a, 0xff, 0xc0, 0x00,
    0x00, 0x00, 0x0d, 0xff, 0x20, 0x00, 0x00, 0x09,
    0xff, 0xff, 0x60, 0x0b, 0xb0, 0x00, 0x01, 0x11,
    0x12, 0xef, 0xf2, 0x00, 0x00, 0x00, 0x06, 0xff,
    0x70, 0x00, 0x00, 0x00, 0x00, 0xbf, 0xff, 0xff,
    0xff, 0x00, 0x00, 0x00, 0x00, 0x01, 0x80, 0x00,
    0x00, 0x00, 0x00, 0x05, 0xff, 0xff, 0xff, 0x90,
    0x00, 0x00, 0x00, 0x00, 0x00, 0x00, 0x00, 0x00,
    0x00, 0x00, 0x1f, 0xff, 0xdb, 0x60, 0x00, 0x00,
    0x00, 0x00, 0x00, 0x00, 0x00,

    /* U+6CD5 "法" */
    0x00, 0x00, 0x00, 0x00, 0x00, 0x00, 0x00, 0x00,
    0x04, 0x55, 0x00, 0x00, 0x00, 0x00, 0x00, 0x00,
    0x07, 0xe8, 0x10, 0x00, 0x00, 0x00, 0x00, 0x0d,
    0xff, 0x10, 0x00, 0x00, 0x00, 0x00, 0x00, 0x3f,
    0xff, 0xf9, 0x10, 0x00, 0x00, 0x00, 0x0d, 0xff,
    0x10, 0x00, 0x00, 0x00, 0x00, 0x00, 0x06, 0xdf,
    0xff, 0xf5, 0x00, 0x00, 0x00, 0x0d, 0xff, 0x10,
    0x00, 0x00, 0x00, 0x00, 0x00, 0x00, 0x06, 0xef,
    0xf7, 0x00, 0x00, 0x00, 0x0d, 0xff, 0x10, 0x00,
    0x00, 0x00, 0x00, 0x00, 0x00, 0x00, 0x1a, 0xc0,
    0x4a, 0xaa, 0xaa, 0xaf, 0xff, 0xba, 0xaa, 0xaa,
    0xa0, 0x00, 0x00, 0x00, 0x00, 0x00, 0x10, 0x7f,
    0xff, 0xff, 0xff, 0xff, 0xff, 0xff, 0xff, 0xf0,
    0x00, 0x00, 0x00, 0x00, 0x00, 0x00, 0x7f, 0xff,
    0xff, 0xff, 0xff, 0xff, 0xff, 0xff, 0xf0, 0x00,
    0x00, 0x00, 0x00, 0x00, 0x00, 0x00, 0x00, 0x00,
    0x0d, 0xff, 0x10, 0x00, 0x00, 0x00, 0x00, 0x01,
    0xd8, 0x20, 0x00, 0x00, 0x00, 0x00, 0x00, 0x0d,
    0xff, 0x10, 0x00, 0x00, 0x00, 0x00, 0x0b, 0xff,
    0xfb, 0x30, 0x00, 0x00, 0x00, 0x00, 0x0d, 0xff,
    0x10, 0x00, 0x00, 0x00, 0x00, 0x07, 0xdf, 0xff,
    0xfa, 0x00, 0x00, 0x00, 0x00, 0x0d, 0xff, 0x10,
    0x00, 0x00, 0x00, 0x00, 0x00, 0x05, 0xdf, 0xfc,
    0x00, 0x00, 0x00, 0x00, 0x0d, 0xff, 0x10, 0x00,
    0x00, 0x00, 0x00, 0x00, 0x00, 0x06, 0xe2, 0x0e,
    0xff, 0xff, 0xff, 0xff, 0xff, 0xff, 0xff, 0xff,
    0xff, 0x60, 0x00, 0x00, 0x00, 0x00, 0x0f, 0xff,
    0xff, 0xff, 0xff, 0xff, 0xff, 0xff, 0xff, 0xff,
    0x60, 0x00, 0x00, 0x00, 0x00, 0x0b, 0xbb, 0xbb,
    0xdf, 0xff, 0xcb, 0xbb, 0xbb, 0xbb, 0xbb, 0x40,
    0x00, 0x00, 0x00, 0x01, 0x00, 0x00, 0x00, 0x7f,
    0xfd, 0x00, 0x00, 0x00, 0x00, 0x00, 0x00, 0x00,
    0x00, 0x00, 0x4e, 0x20, 0x00, 0x00, 0xcf, 0xf6,
    0x00, 0x00, 0x00, 0x00, 0x00, 0x00, 0x00, 0x00,
    0x00, 0xbf, 0xf1, 0x00, 0x02, 0xff, 0xf1, 0x00,
    0x00, 0x36, 0x00, 0x00, 0x00, 0x00, 0x00, 0x04,
    0xff, 0xc0, 0x00, 0x08, 0xff, 0x90, 0x00, 0x0a,
    0xff, 0x40, 0x00, 0x00, 0x00, 0x00, 0x0c, 0xff,
    0x50, 0x00, 0x0e, 0xff, 0x30, 0x00, 0x06, 0xff,
    0xe2, 0x00, 0x00, 0x00, 0x00, 0x5f, 0xfd, 0x00,
    0x00, 0x4f, 0xfc, 0x00, 0x00, 0x00, 0xbf, 0xfc,
    0x00, 0x00, 0x00, 0x00, 0xdf, 0xf4, 0x00, 0x00,
    0xbf, 0xf4, 0x00, 0x00, 0x00, 0x1e, 0xff, 0x70,
    0x00, 0x00, 0x07, 0xff, 0xc0, 0x00, 0x02, 0xff,
    0xd0, 0x01, 0x23, 0x34, 0x5b, 0xff, 0xf2, 0x00,
    0x00, 0x1f, 0xff, 0x40, 0x09, 0xbd, 0xff, 0xff,
    0xff, 0xff, 0xff, 0xff, 0xff, 0xfb, 0x00, 0x00,
    0xbf, 0xfb, 0x00, 0x0c, 0xff, 0xff, 0xff, 0xff,
    0xff, 0xff, 0xff, 0xff, 0xff, 0x40, 0x00, 0xcf,
    0xf2, 0x00, 0x0a, 0xff, 0xff, 0xdc, 0xba, 0x98,
    0x65, 0x43, 0x19, 0xff, 0xc0, 0x00, 0x09, 0x90,
    0x00, 0x01, 0x21, 0x00, 0x00, 0x00, 0x00, 0x00,
    0x00, 0x01, 0xfe, 0x50, 0x00, 0x00, 0x00, 0x00,
    0x00, 0x00, 0x00, 0x00, 0x00, 0x00, 0x00, 0x00,
    0x00, 0x40, 0x00,

    /* U+6E29 "温" */
    0x00, 0x1c, 0x71, 0x00, 0x00, 0x01, 0x11, 0x11,
    0x11, 0x11, 0x11, 0x11, 0x10, 0x00, 0x00, 0xbf,
    0xff, 0x70, 0x00, 0xaf, 0xff, 0xff, 0xff, 0xff,
    0xff, 0xff, 0xf1, 0x00, 0x00, 0x6d, 0xff, 0xfe,
    0x40, 0xaf, 0xff, 0xff, 0xff, 0xff, 0xff, 0xff,
    0xf1, 0x00, 0x00, 0x00, 0x7f, 0xff, 0xa0, 0xaf,
    0xf5, 0x55, 0x55, 0x55, 0x55, 0xcf, 0xf1, 0x00,
    0x00, 0x00, 0x01, 0xbe, 0x10, 0xaf, 0xf0, 0x00,
    0x00, 0x00, 0x00, 0xbf, 0xf1, 0x00, 0x00, 0x00,
    0x00, 0x02, 0x00, 0xaf, 0xf4, 0x44, 0x44, 0x44,
    0x44, 0xcf, 0xf1, 0x00, 0x00, 0x00, 0x00, 0x00,
    0x00, 0xaf, 0xff, 0xff, 0xff, 0xff, 0xff, 0xff,
    0xf1, 0x00, 0x00, 0x00, 0x00, 0x00, 0x00, 0xaf,
    0xff, 0xff, 0xff, 0xff, 0xff, 0xff, 0xf1, 0x00,
    0x08, 0x50, 0x00, 0x00, 0x00, 0xaf, 0xf0, 0x00,
    0x00, 0x00, 0x00, 0xbf, 0xf1, 0x00, 0x5f, 0xfd,
    0x40, 0x00, 0x00, 0xaf, 0xf0, 0x00, 0x00, 0x00,
    0x00, 0xbf, 0xf1, 0x00, 0x7f, 0xff, 0xfb, 0x20,
    0x00, 0xaf, 0xf7, 0x77, 0x77, 0x77, 0x77, 0xdf,
    0xf1, 0x00, 0x01, 0x8f, 0xff, 0xe0, 0x00, 0xaf,
    0xff, 0xff, 0xff, 0xff, 0xff, 0xff, 0xf1, 0x00,
    0x00, 0x02, 0xcf, 0x60, 0x00, 0x9e, 0xee, 0xee,
    0xee, 0xee, 0xee, 0xee, 0xe1, 0x00, 0x00, 0x00,
    0x06, 0x00, 0x00, 0x00, 0x00, 0x00, 0x00, 0x00,
    0x00, 0x00, 0x00, 0x00, 0x00, 0x00, 0x00, 0x00,
    0x00, 0x11, 0x11, 0x11, 0x11, 0x11, 0x11, 0x11,
    0x11, 0x00, 0x00, 0x00, 0x00, 0x10, 0x0a, 0xff,
    0xff, 0xff, 0xff, 0xff, 0xff, 0xff, 0xff, 0x10,
    0x00, 0x00, 0x06, 0xe3, 0x0a, 0xff, 0xff, 0xff,
    0xff, 0xff, 0xff, 0xff, 0xff, 0x10, 0x00, 0x00,
    0x0e, 0xfe, 0x0a, 0xff, 0x55, 0xff, 0x85, 0x7f,
    0xf5, 0x5b, 0xff, 0x10, 0x00, 0x00, 0x6f, 0xf9,
    0x0a, 0xfe, 0x00, 0xef, 0x40, 0x2f, 0xf0, 0x09,
    0xff, 0x10, 0x00, 0x00, 0xef, 0xf1, 0x0a, 0xfe,
    0x00, 0xef, 0x40, 0x2f, 0xf0, 0x09, 0xff, 0x10,
    0x00, 0x07, 0xff, 0x90, 0x0a, 0xfe, 0x00, 0xef,
    0x40, 0x2f, 0xf0, 0x09, 0xff, 0x10, 0x00, 0x1f,
    0xff, 0x10, 0x0a, 0xfe, 0x00, 0xef, 0x40, 0x2f,
    0xf0, 0x09, 0xff, 0x10, 0x00, 0x9f, 0xf8, 0x00,
    0x0a, 0xfe, 0x00, 0xef, 0x40, 0x2f, 0xf0, 0x09,
    0xff, 0x10, 0x03, 0xff, 0xf1, 0x00, 0x0a, 0xfe,
    0x00, 0xef, 0x40, 0x2f, 0xf0, 0x09, 0xff, 0x10,
    0x0d, 0xff, 0x80, 0x1f, 0xff, 0xff, 0xff, 0xff,
    0xff, 0xff, 0xff, 0xff, 0xff, 0xff, 0x0a, 0xfe,
    0x00, 0x1f, 0xff, 0xff, 0xff, 0xff, 0xff, 0xff,
    0xff, 0xff, 0xff, 0xff, 0x00, 0x65, 0x00, 0x08,
    0x88, 0x88, 0x88, 0x88, 0x88, 0x88, 0x88, 0x88,
    0x88, 0x88,

    /* U+706B "火" */
    0x00, 0x00, 0x00, 0x00, 0x00, 0x00, 0xde, 0xe2,
    0x00, 0x00, 0x00, 0x00, 0x00, 0x00, 0x00, 0x00,
    0x00, 0x00, 0x00, 0x00, 0xef, 0xf2, 0x00, 0x00,
    0x00, 0x00, 0x00, 0x00, 0x00, 0x00, 0x00, 0x00,
    0x00, 0x00, 0xef, 0xf2, 0x00, 0x00, 0x00, 0x00,
    0x00, 0x00, 0x00, 0x00, 0x00, 0x00, 0x00, 0x00,
    0xef, 0xf2, 0x00, 0x00, 0x00, 0x00, 0x00, 0x00,
    0x00, 0x00, 0x00, 0x00, 0x00, 0x00, 0xef, 0xf2,
    0x00, 0x00, 0x00, 0x00, 0x00, 0x00, 0x00, 0x00,
    0x21, 0x00, 0x00, 0x00, 0xef, 0xf2, 0x00, 0x00,
    0x00, 0x02, 0x00, 0x00, 0x00, 0x00, 0x9f, 0xd3,
    0x00, 0x00, 0xef, 0xf2, 0x00, 0x00, 0x00, 0x2f,
    0xd7, 0x00, 0x00, 0x00, 0xcf, 0xf2, 0x00, 0x00,
    0xef, 0xf2, 0x00, 0x00, 0x00, 0x9f, 0xfe, 0x00,
    0x00, 0x00, 0xff, 0xf0, 0x00, 0x00, 0xef, 0xf2,
    0x00, 0x00, 0x01, 0xff, 0xf6, 0x00, 0x00, 0x05,
    0xff, 0xb0, 0x00, 0x00, 0xef, 0xf2, 0x00, 0x00,
    0x08, 0xff, 0xd0, 0x00, 0x00, 0x0b, 0xff, 0x70,
    0x00, 0x00, 0xff, 0xf3, 0x00, 0x00, 0x1f, 0xff,
    0x40, 0x00, 0x00, 0x2f, 0xff, 0x10, 0x00, 0x01,
    0xff, 0xf5, 0x00, 0x00, 0x8f, 0xfb, 0x00, 0x00,
    0x00, 0xcf, 0xfa, 0x00, 0x00, 0x04, 0xff, 0xf8,
    0x00, 0x02, 0xff, 0xf2, 0x00, 0x00, 0x0a, 0xff,
    0xf2, 0x00, 0x00, 0x08, 0xff, 0xfc, 0x00, 0x0b,
    0xff, 0x80, 0x00, 0x00, 0x09, 0xff, 0x70, 0x00,
    0x00, 0x0d, 0xff, 0xff, 0x20, 0x05, 0xcd, 0x00,
    0x00, 0x00, 0x00, 0x36, 0x00, 0x00, 0x00, 0x4f,
    0xfa, 0xff, 0x90, 0x00, 0x00, 0x00, 0x00, 0x00,
    0x00, 0x00, 0x00, 0x00, 0x00, 0xbf, 0xf2, 0xdf,
    0xf2, 0x00, 0x00, 0x00, 0x00, 0x00, 0x00, 0x00,
    0x00, 0x00, 0x04, 0xff, 0xb0, 0x6f, 0xfb, 0x00,
    0x00, 0x00, 0x00, 0x00, 0x00, 0x00, 0x00, 0x00,
    0x1e, 0xff, 0x40, 0x0d, 0xff, 0x60, 0x00, 0x00,
    0x00, 0x00, 0x00, 0x00, 0x00, 0x00, 0xbf, 0xfa,
    0x00, 0x04, 0xff, 0xf4, 0x00, 0x00, 0x00, 0x00,
    0x00, 0x00, 0x00, 0x09, 0xff, 0xe1, 0x00, 0x00,
    0xaf, 0xff, 0x40, 0x00, 0x00, 0x00, 0x00, 0x00,
    0x00, 0xaf, 0xff, 0x40, 0x00, 0x00, 0x0c, 0xff,
    0xf6, 0x00, 0x00, 0x00, 0x00, 0x00, 0x2c, 0xff,
    0xf6, 0x00, 0x00, 0x00, 0x01, 0xdf, 0xff, 0xa1,
    0x00, 0x00, 0x00, 0x07, 0xff, 0xff, 0x60, 0x00,
    0x00, 0x00, 0x00, 0x1d, 0xff, 0xff, 0x70, 0x00,
    0x17, 0xef, 0xff, 0xe4, 0x00, 0x00, 0x00, 0x00,
    0x00, 0x00, 0xaf, 0xff, 0xfe, 0x81, 0x8f, 0xff,
    0xfb, 0x10, 0x00, 0x00, 0x00, 0x00, 0x00, 0x00,
    0x06, 0xff, 0xff, 0xe1, 0x0a, 0xfd, 0x50, 0x00,
    0x00, 0x00, 0x00, 0x00, 0x00, 0x00, 0x00, 0x19,
    0xff, 0x40, 0x01, 0x50, 0x00, 0x00, 0x00, 0x00,
    0x00, 0x00, 0x00, 0x00, 0x00, 0x00, 0x15, 0x00,

    /* U+7528 "用" */
    0x00, 0x00, 0x01, 0x21, 0x11, 0x11, 0x11, 0x11,
    0x11, 0x11, 0x11, 0x11, 0x31, 0x10, 0x00, 0x09,
    0xff, 0xff, 0xff, 0xff, 0xff, 0xff, 0xff, 0xff,
    0xff, 0xff, 0xfc, 0x00, 0x00, 0x9f, 0xff, 0xff,
    0xff, 0xff, 0xff, 0xff, 0xff, 0xff, 0xff, 0xff,
    0xc0, 0x00, 0x09, 0xff, 0xb9, 0x99, 0x99, 0xaf,
    0xfe, 0x99, 0x99, 0x99, 0xaf, 0xfc, 0x00, 0x00,
    0x9f, 0xf4, 0x00, 0x00, 0x01, 0xff, 0xc0, 0x00,
    0x00, 0x00, 0xff, 0xc0, 0x00, 0x09, 0xff, 0x40,
    0x00, 0x00, 0x1f, 0xfc, 0x00, 0x00, 0x00, 0x0f,
    0xfc, 0x00, 0x00, 0x9f, 0xf4, 0x00, 0x00, 0x01,
    0xff, 0xc0, 0x00, 0x00, 0x00, 0xff, 0xc0, 0x00,
    0x09, 0xff, 0x51, 0x11, 0x11, 0x2f, 0xfc, 0x11,
    0x11, 0x11, 0x1f, 0xfc, 0x00, 0x00, 0x9f, 0xff,
    0xff, 0xff, 0xff, 0xff, 0xff, 0xff, 0xff, 0xff,
    0xff, 0xc0, 0x00, 0x09, 0xff, 0xff, 0xff, 0xff,
    0xff, 0xff, 0xff, 0xff, 0xff, 0xff, 0xfc, 0x00,
    0x00, 0x9f, 0xfa, 0x99, 0x99, 0x99, 0xff, 0xe9,
    0x99, 0x99, 0x99, 0xff, 0xc0, 0x00, 0x09, 0xff,
    0x40, 0x00, 0x00, 0x1f, 0xfc, 0x00, 0x00, 0x00,
    0x0f, 0xfc, 0x00, 0x00, 0x9f, 0xf4, 0x00, 0x00,
    0x01, 0xff, 0xc0, 0x00, 0x00, 0x00, 0xff, 0xc0,
    0x00, 0x09, 0xff, 0x30, 0x00, 0x00, 0x1f, 0xfc,
    0x00, 0x00, 0x00, 0x0f, 0xfc, 0x00, 0x00, 0xaf,
    0xf3, 0x00, 0x00, 0x02, 0xff, 0xc0, 0x00, 0x00,
    0x01, 0xff, 0xc0, 0x00, 0x0b, 0xff, 0xff, 0xff,
    0xff, 0xff, 0xff, 0xff, 0xff, 0xff, 0xff, 0xfc,
    0x00, 0x00, 0xdf, 0xff, 0xff, 0xff, 0xff, 0xff,
    0xff, 0xff, 0xff, 0xff, 0xff, 0xc0, 0x00, 0x0f,
    0xfe, 0xaa, 0xaa, 0xaa, 0xbf, 0xfe, 0xaa, 0xaa,
    0xaa, 0xaf, 0xfc, 0x00, 0x02, 0xff, 0xa0, 0x00,
    0x00, 0x01, 0xff, 0xc0, 0x00, 0x00, 0x00, 0xff,
    0xc0, 0x00, 0x6f, 0xf7, 0x00, 0x00, 0x00, 0x1f,
    0xfc, 0x00, 0x00, 0x00, 0x0f, 0xfc, 0x00, 0x0c,
    0xff, 0x30, 0x00, 0x00, 0x01, 0xff, 0xc0, 0x00,
    0x00, 0x00, 0xff, 0xc0, 0x02, 0xff, 0xe0, 0x00,
    0x00, 0x00, 0x1f, 0xfc, 0x00, 0x00, 0x00, 0x0f,
    0xfc, 0x00, 0xaf, 0xf8, 0x00, 0x00, 0x00, 0x01,
    0xff, 0xc0, 0x00, 0x00, 0x00, 0xff, 0xc0, 0x5f,
    0xff, 0x10, 0x00, 0x00, 0x00, 0x1f, 0xfc, 0x00,
    0xaa, 0xaa, 0xbf, 0xfb, 0x0d, 0xff, 0x80, 0x00,
    0x00, 0x00, 0x01, 0xff, 0xc0, 0x0b, 0xff, 0xff,
    0xff, 0x70, 0x1c, 0xc0, 0x00, 0x00, 0x00, 0x00,
    0x1e, 0xeb, 0x00, 0x6f, 0xff, 0xfd, 0x70, 0x00,
    0x01, 0x00, 0x00, 0x00, 0x00, 0x00, 0x00, 0x00,
    0x00, 0x00, 0x00, 0x00, 0x00,

    /* U+753B "画" */
    0x6a, 0xaa, 0xaa, 0xaa, 0xaa, 0xaa, 0xaa, 0xaa,
    0xaa, 0xaa, 0xaa, 0xaa, 0xaa, 0xa1, 0x9f, 0xff,
    0xff, 0xff, 0xff, 0xff, 0xff, 0xff, 0xff, 0xff,
    0xff, 0xff, 0xff, 0xf2, 0x9f, 0xff, 0xff, 0xff,
    0xff, 0xff, 0xff, 0xff, 0xff, 0xff, 0xff, 0xff,
    0xff, 0xf2, 0x00, 0x00, 0x00, 0x00, 0x00, 0x00,
    0xcf, 0xf2, 0x00, 0x00, 0x00, 0x00, 0x00, 0x00,
    0x00, 0x00, 0x00, 0x00, 0x00, 0x00, 0xcf, 0xf1,
    0x00, 0x00, 0x00, 0x00, 0x00, 0x00, 0x01, 0x33,
    0x10, 0x00, 0x00, 0x00, 0xcf, 0xf1, 0x00, 0x00,
    0x00, 0x00, 0x33, 0x20, 0x07, 0xff, 0x50, 0x3d,
    0xdd, 0xdd, 0xff, 0xfd, 0xdd, 0xdd, 0xd1, 0x03,
    0xff, 0x90, 0x07, 0xff, 0x50, 0x4f, 0xff, 0xff,
    0xff, 0xff, 0xff, 0xff, 0xf2, 0x03, 0xff, 0x90,
    0x07, 0xff, 0x50, 0x4f, 0xf8, 0x88, 0xcf, 0xf8,
    0x88, 0xaf, 0xf2, 0x03, 0xff, 0x90, 0x07, 0xff,
    0x50, 0x4f, 0xf1, 0x00, 0x9f, 0xe0, 0x00, 0x5f,
    0xf2, 0x03, 0xff, 0x90, 0x07, 0xff, 0x50, 0x4f,
    0xf1, 0x00, 0x9f, 0xe0, 0x00, 0x5f, 0xf2, 0x03,
    0xff, 0x90, 0x07, 0xff, 0x50, 0x4f, 0xf4, 0x33,
    0xaf, 0xe3, 0x33, 0x7f, 0xf2, 0x03, 0xff, 0x90,
    0x07, 0xff, 0x50, 0x4f, 0xff, 0xff, 0xff, 0xff,
    0xff, 0xff, 0xf2, 0x03, 0xff, 0x90, 0x07, 0xff,
    0x50, 0x4f, 0xff, 0xff, 0xff, 0xff, 0xff, 0xff,
    0xf2, 0x03, 0xff, 0x90, 0x07, 0xff, 0x50, 0x4f,
    0xf1, 0x00, 0x9f, 0xe0, 0x00, 0x5f, 0xf2, 0x03,
    0xff, 0x90, 0x07, 0xff, 0x50, 0x4f, 0xf1, 0x00,
    0x9f, 0xe0, 0x00, 0x5f, 0xf2, 0x03, 0xff, 0x90,
    0x07, 0xff, 0x50, 0x4f, 0xf1, 0x00, 0x9f, 0xe0,
    0x00, 0x5f, 0xf2, 0x03, 0xff, 0x90, 0x07, 0xff,
    0x50, 0x4f, 0xf7, 0x77, 0xcf, 0xf7, 0x77, 0xaf,
    0xf2, 0x03, 0xff, 0x90, 0x07, 0xff, 0x50, 0x4f,
    0xff, 0xff, 0xff, 0xff, 0xff, 0xff, 0xf2, 0x03,
    0xff, 0x90, 0x07, 0xff, 0x50, 0x3e, 0xee, 0xee,
    0xee, 0xee, 0xee, 0xee, 0xe2, 0x03, 0xff, 0x90,
    0x07, 0xff, 0x50, 0x00, 0x00, 0x00, 0x00, 0x00,
    0x00, 0x00, 0x00, 0x03, 0xff, 0x90, 0x07, 0xff,
    0x50, 0x00, 0x00, 0x00, 0x00, 0x00, 0x00, 0x00,
    0x00, 0x03, 0xff, 0x90, 0x07, 0xff, 0xff, 0xff,
    0xff, 0xff, 0xff, 0xff, 0xff, 0xff, 0xff, 0xff,
    0xff, 0x90, 0x07, 0xff, 0xff, 0xff, 0xff, 0xff,
    0xff, 0xff, 0xff, 0xff, 0xff, 0xff, 0xff, 0x90,
    0x07, 0xff, 0xcb, 0xbb, 0xbb, 0xbb, 0xbb, 0xbb,
    0xbb, 0xbb, 0xbb, 0xbc, 0xff, 0x90, 0x07, 0xff,
    0x50, 0x00, 0x00, 0x00, 0x00, 0x00, 0x00, 0x00,
    0x00, 0x03, 0xff, 0x90, 0x07, 0xff, 0x50, 0x00,
    0x00, 0x00, 0x00, 0x00, 0x00, 0x00, 0x00, 0x02,
    0xff, 0x80,

    /* U+77E5 "知" */
    0x00, 0x00, 0x21, 0x00, 0x00, 0x00, 0x00, 0x00,
    0x00, 0x00, 0x00, 0x00, 0x00, 0x00, 0x00, 0x00,
    0xdf, 0xe0, 0x00, 0x00, 0x00, 0x00, 0x00, 0x00,
    0x00, 0x00, 0x00, 0x00, 0x00, 0x00, 0xff, 0xd0,
    0x00, 0x00, 0x00, 0x00, 0x00, 0x00, 0x00, 0x00,
    0x00, 0x00, 0x00, 0x04, 0xff, 0x90, 0x00, 0x00,
    0x00, 0x00, 0x8b, 0xbb, 0xbb, 0xbb, 0xbb, 0xb4,
    0x00, 0x09, 0xff, 0x96, 0x66, 0x66, 0x66, 0x30,
    0xbf, 0xff, 0xff, 0xff, 0xff, 0xf6, 0x00, 0x0e,
    0xff, 0xff, 0xff, 0xff, 0xff, 0x80, 0xbf, 0xff,
    0xff, 0xff, 0xff, 0xf6, 0x00, 0x4f, 0xff, 0xff,
    0xff, 0xff, 0xff, 0x80, 0xbf, 0xf0, 0x00, 0x00,
    0x8f, 0xf6, 0x00, 0xbf, 0xf6, 0x4d, 0xff, 0x44,
    0x44, 0x20, 0xbf, 0xf0, 0x00, 0x00, 0x8f, 0xf6,
    0x03, 0xff, 0xd0, 0x0d, 0xff, 0x00, 0x00, 0x00,
    0xbf, 0xf0, 0x00, 0x00, 0x8f, 0xf6, 0x0c, 0xff,
    0x60, 0x0d, 0xff, 0x00, 0x00, 0x00, 0xbf, 0xf0,
    0x00, 0x00, 0x8f, 0xf6, 0x09, 0xfd, 0x00, 0x0d,
    0xff, 0x00, 0x00, 0x00, 0xbf, 0xf0, 0x00, 0x00,
    0x8f, 0xf6, 0x00, 0x54, 0x00, 0x0d, 0xff, 0x00,
    0x00, 0x00, 0xbf, 0xf0, 0x00, 0x00, 0x8f, 0xf6,
    0x01, 0x11, 0x11, 0x1d, 0xff, 0x21, 0x11, 0x10,
    0xbf, 0xf0, 0x00, 0x00, 0x8f, 0xf6, 0x0c, 0xff,
    0xff, 0xff, 0xff, 0xff, 0xff, 0xf6, 0xbf, 0xf0,
    0x00, 0x00, 0x8f, 0xf6, 0x0c, 0xff, 0xff, 0xff,
    0xff, 0xff, 0xff, 0xf6, 0xbf, 0xf0, 0x00, 0x00,
    0x8f, 0xf6, 0x07, 0x99, 0x99, 0xaf, 0xfe, 0x99,
    0x99, 0x93, 0xbf, 0xf0, 0x00, 0x00, 0x8f, 0xf6,
    0x00, 0x00, 0x00, 0x2f, 0xfb, 0x00, 0x00, 0x00,
    0xbf, 0xf0, 0x00, 0x00, 0x8f, 0xf6, 0x00, 0x00,
    0x00, 0x5f, 0xfd, 0x00, 0x00, 0x00, 0xbf, 0xf0,
    0x00, 0x00, 0x8f, 0xf6, 0x00, 0x00, 0x00, 0x9f,
    0xff, 0xb0, 0x00, 0x00, 0xbf, 0xf0, 0x00, 0x00,
    0x8f, 0xf6, 0x00, 0x00, 0x00, 0xef, 0xff, 0xfa,
    0x00, 0x00, 0xbf, 0xf0, 0x00, 0x00, 0x8f, 0xf6,
    0x00, 0x00, 0x04, 0xff, 0xcc, 0xff, 0x90, 0x00,
    0xbf, 0xf0, 0x00, 0x00, 0x8f, 0xf6, 0x00, 0x00,
    0x0c, 0xff, 0x61, 0xef, 0xf7, 0x00, 0xbf, 0xf0,
    0x00, 0x00, 0x8f, 0xf6, 0x00, 0x00, 0x5f, 0xfe,
    0x00, 0x3f, 0xff, 0x50, 0xbf, 0xf1, 0x11, 0x11,
    0x8f, 0xf6, 0x00, 0x01, 0xef, 0xf6, 0x00, 0x07,
    0xff, 0xf3, 0xbf, 0xff, 0xff, 0xff, 0xff, 0xf6,
    0x00, 0x0c, 0xff, 0xd0, 0x00, 0x00, 0xaf, 0xc0,
    0xbf, 0xff, 0xff, 0xff, 0xff, 0xf6, 0x01, 0xcf,
    0xff, 0x20, 0x00, 0x00, 0x1d, 0x10, 0xbf, 0xf9,
    0x99, 0x99, 0xcf, 0xf6, 0x0c, 0xff, 0xf5, 0x00,
    0x00, 0x00, 0x00, 0x00, 0xbf, 0xf0, 0x00, 0x00,
    0x8f, 0xf6, 0x02, 0xef, 0x50, 0x00, 0x00, 0x00,
    0x00, 0x00, 0xae, 0xe0, 0x00, 0x00, 0x48, 0x83,
    0x00, 0x33, 0x00, 0x00, 0x00, 0x00, 0x00, 0x00,
    0x00, 0x00, 0x00, 0x00, 0x00, 0x00,

    /* U+79D2 "秒" */
    0x00, 0x00, 0x00, 0x00, 0x00, 0x00, 0x00, 0x00,
    0x00, 0x04, 0x55, 0x00, 0x00, 0x00, 0x00, 0x00,
    0x00, 0x00, 0x00, 0x39, 0xd1, 0x00, 0x00, 0x00,
    0x0c, 0xff, 0x00, 0x00, 0x00, 0x00, 0x00, 0x00,
    0x36, 0xae, 0xff, 0xfd, 0x10, 0x00, 0x00, 0x0c,
    0xff, 0x00, 0x00, 0x00, 0x00, 0x07, 0xcf, 0xff,
    0xff, 0xff, 0xd8, 0x10, 0x00, 0x00, 0x0c, 0xff,
    0x00, 0x00, 0x00, 0x00, 0x06, 0xff, 0xff, 0xff,
    0xd2, 0x00, 0x00, 0x00, 0x00, 0x0c, 0xff, 0x00,
    0x00, 0x00, 0x00, 0x01, 0x86, 0x30, 0xff, 0xc0,
    0x00, 0x00, 0x12, 0x00, 0x0c, 0xff, 0x00, 0x16,
    0x00, 0x00, 0x00, 0x00, 0x00, 0xff, 0xc0, 0x00,
    0x00, 0x6f, 0xf5, 0x0c, 0xff, 0x05, 0xff, 0x70,
    0x00, 0x00, 0x00, 0x00, 0xff, 0xc0, 0x00, 0x00,
    0x9f, 0xf3, 0x0c, 0xff, 0x00, 0xef, 0xe0, 0x00,
    0x00, 0x00, 0x00, 0xff, 0xc0, 0x00, 0x00, 0xdf,
    0xf0, 0x0c, 0xff, 0x00, 0x7f, 0xf6, 0x00, 0x0a,
    0xff, 0xff, 0xff, 0xff, 0xff, 0x41, 0xff, 0xb0,
    0x0c, 0xff, 0x00, 0x1f, 0xfc, 0x00, 0x0a, 0xff,
    0xff, 0xff, 0xff, 0xff, 0x46, 0xff, 0x60, 0x0c,
    0xff, 0x00, 0x0a, 0xff, 0x20, 0x07, 0xbb, 0xbd,
    0xff, 0xfb, 0xbb, 0x3c, 0xff, 0x10, 0x0c, 0xff,
    0x00, 0x05, 0xff, 0x80, 0x00, 0x00, 0x0a, 0xff,
    0xc0, 0x00, 0x3f, 0xfb, 0x00, 0x0c, 0xff, 0x00,
    0x00, 0xff, 0xd0, 0x00, 0x00, 0x1f, 0xff, 0xf3,
    0x00, 0xcf, 0xf4, 0x00, 0x0c, 0xff, 0x00, 0x00,
    0xbf, 0xf1, 0x00, 0x00, 0x7f, 0xff, 0xfe, 0x32,
    0xef, 0xc0, 0x00, 0x0c, 0xff, 0x00, 0x00, 0x7b,
    0x60, 0x00, 0x00, 0xef, 0xff, 0xff, 0xe3, 0x19,
    0x40, 0x00, 0x0c, 0xff, 0x00, 0x25, 0x10, 0x00,
    0x00, 0x07, 0xfe, 0xff, 0xcd, 0xfe, 0x20, 0x00,
    0x22, 0x2d, 0xff, 0x00, 0x9f, 0xf5, 0x00, 0x00,
    0x1f, 0xf8, 0xff, 0xc2, 0xff, 0x80, 0x00, 0xdf,
    0xff, 0xff, 0x00, 0xff, 0xf1, 0x00, 0x00, 0xaf,
    0xf1, 0xff, 0xc0, 0x8c, 0x00, 0x00, 0x7f, 0xff,
    0xf8, 0x07, 0xff, 0xa0, 0x00, 0x04, 0xff, 0x90,
    0xff, 0xc0, 0x02, 0x00, 0x00, 0x29, 0x87, 0x30,
    0x1f, 0xff, 0x30, 0x00, 0x1e, 0xff, 0x10, 0xff,
    0xc0, 0x00, 0x00, 0x00, 0x00, 0x00, 0x00, 0xbf,
    0xfb, 0x00, 0x00, 0x0d, 0xf8, 0x00, 0xff, 0xc0,
    0x00, 0x00, 0x00, 0x00, 0x00, 0x08, 0xff, 0xf2,
    0x00, 0x00, 0x04, 0xd0, 0x00, 0xff, 0xc0, 0x00,
    0x00, 0x00, 0x00, 0x00, 0x9f, 0xff, 0x60, 0x00,
    0x00, 0x00, 0x20, 0x00, 0xff, 0xc0, 0x00, 0x00,
    0x00, 0x00, 0x2c, 0xff, 0xf8, 0x00, 0x00, 0x00,
    0x00, 0x00, 0x00, 0xff, 0xc0, 0x00, 0x00, 0x00,
    0x29, 0xff, 0xff, 0x80, 0x00, 0x00, 0x00, 0x00,
    0x00, 0x00, 0xff, 0xc0, 0x00, 0x02, 0x7c, 0xff,
    0xff, 0xe5, 0x00, 0x00, 0x00, 0x00, 0x00, 0x00,
    0x00, 0xff, 0xc0, 0x01, 0xef, 0xff, 0xff, 0xfa,
    0x10, 0x00, 0x00, 0x00, 0x00, 0x00, 0x00, 0x00,
    0xff, 0xc0, 0x00, 0x8f, 0xff, 0xf9, 0x20, 0x00,
    0x00, 0x00, 0x00, 0x00, 0x00, 0x00, 0x00, 0xff,
    0xc0, 0x00, 0x0e, 0xa5, 0x00, 0x00, 0x00, 0x00,
    0x00, 0x00, 0x00, 0x00, 0x00, 0x00, 0x00, 0x00,
    0x00, 0x00, 0x00, 0x00, 0x00, 0x00, 0x00, 0x00,
    0x00, 0x00,

    /* U+7D61 "絡" */
    0x00, 0x00, 0x01, 0x00, 0x00, 0x00, 0x00, 0x00,
    0x01, 0x20, 0x00, 0x00, 0x00, 0x00, 0x00, 0x00,
    0x00, 0x0a, 0xf9, 0x00, 0x00, 0x00, 0x00, 0x0b,
    0xff, 0x20, 0x00, 0x00, 0x00, 0x00, 0x00, 0x00,
    0x1f, 0xfb, 0x00, 0x00, 0x00, 0x00, 0x3f, 0xfb,
    0x00, 0x00, 0x00, 0x00, 0x00, 0x00, 0x00, 0x7f,
    0xf2, 0x00, 0x00, 0x00, 0x00, 0xcf, 0xfa, 0x77,
    0x77, 0x77, 0x10, 0x00, 0x00, 0x00, 0xef, 0xa0,
    0x29, 0x20, 0x00, 0x07, 0xff, 0xff, 0xff, 0xff,
    0xff, 0xe0, 0x00, 0x00, 0x47, 0xff, 0x10, 0xaf,
    0xf2, 0x00, 0x3f, 0xff, 0xff, 0xff, 0xff, 0xff,
    0xa0, 0x00, 0x06, 0xff, 0xf8, 0x02, 0xff, 0xa0,
    0x01, 0xef, 0xfa, 0x00, 0x00, 0x0c, 0xff, 0x30,
    0x00, 0x0b, 0xff, 0xe0, 0x0b, 0xfe, 0x10, 0x1d,
    0xff, 0xff, 0x50, 0x00, 0x6f, 0xfa, 0x00, 0x00,
    0x00, 0xcf, 0xf7, 0x5f, 0xf5, 0x01, 0xdf, 0xfc,
    0xef, 0xf3, 0x02, 0xff, 0xf1, 0x00, 0x00, 0x00,
    0x1d, 0xff, 0xef, 0xa0, 0x0b, 0xff, 0xc0, 0x3f,
    0xfe, 0x4d, 0xff, 0x60, 0x00, 0x00, 0x00, 0x02,
    0xef, 0xfe, 0x15, 0x10, 0xbc, 0x00, 0x05, 0xff,
    0xff, 0xfa, 0x00, 0x00, 0x00, 0x00, 0x00, 0x7f,
    0xf4, 0xbf, 0xa0, 0x00, 0x00, 0x00, 0x8f, 0xff,
    0xd0, 0x00, 0x00, 0x00, 0x00, 0x01, 0xef, 0x80,
    0x3f, 0xf3, 0x00, 0x00, 0x04, 0xef, 0xff, 0xfa,
    0x10, 0x00, 0x00, 0x00, 0x0b, 0xfd, 0x33, 0x4e,
    0xfb, 0x00, 0x01, 0xaf, 0xff, 0xcf, 0xff, 0xe6,
    0x00, 0x00, 0x0f, 0xff, 0xff, 0xff, 0xff, 0xff,
    0x20, 0x7e, 0xff, 0xf8, 0x02, 0xcf, 0xff, 0xd6,
    0x00, 0x0f, 0xff, 0xff, 0xff, 0xfd, 0xff, 0xce,
    0xff, 0xfe, 0x40, 0x00, 0x07, 0xff, 0xff, 0xd1,
    0x05, 0x54, 0x25, 0xff, 0x30, 0x8f, 0xef, 0xff,
    0x80, 0x00, 0x00, 0x00, 0x2a, 0xff, 0x40, 0x00,
    0x00, 0x04, 0xff, 0x30, 0x51, 0x1d, 0xef, 0xff,
    0xff, 0xff, 0xff, 0xff, 0xe5, 0x00, 0x00, 0xaf,
    0xa4, 0xff, 0x4e, 0xf3, 0x00, 0xbf, 0xff, 0xff,
    0xff, 0xff, 0xff, 0xd0, 0x00, 0x00, 0xcf, 0xa4,
    0xff, 0x3b, 0xfa, 0x00, 0xbf, 0xf8, 0x88, 0x88,
    0x88, 0xff, 0xd0, 0x00, 0x00, 0xff, 0x74, 0xff,
    0x35, 0xff, 0x10, 0xbf, 0xe0, 0x00, 0x00, 0x00,
    0xef, 0xd0, 0x00, 0x02, 0xff, 0x44, 0xff, 0x30,
    0xff, 0x60, 0xbf, 0xe0, 0x00, 0x00, 0x00, 0xef,
    0xd0, 0x00, 0x06, 0xff, 0x04, 0xff, 0x30, 0xbf,
    0xb0, 0xbf, 0xe0, 0x00, 0x00, 0x00, 0xef, 0xd0,
    0x00, 0x0c, 0xfc, 0x04, 0xff, 0x30, 0x69, 0x30,
    0xbf, 0xe0, 0x00, 0x00, 0x00, 0xef, 0xd0, 0x00,
    0x2f, 0xf6, 0x04, 0xff, 0x30, 0x00, 0x00, 0xbf,
    0xf7, 0x77, 0x77, 0x77, 0xff, 0xd0, 0x00, 0x05,
    0xc1, 0x04, 0xff, 0x30, 0x00, 0x00, 0xbf, 0xff,
    0xff, 0xff, 0xff, 0xff, 0xd0, 0x00, 0x00, 0x00,
    0x04, 0xff, 0x30, 0x00, 0x00, 0xbf, 0xff, 0xff,
    0xff, 0xff, 0xff, 0xd0, 0x00, 0x00, 0x00, 0x04,
    0xff, 0x30, 0x00, 0x00, 0xbf, 0xe0, 0x00, 0x00,
    0x00, 0xef, 0xd0, 0x00, 0x00, 0x00, 0x04, 0xff,
    0x30, 0x00, 0x00, 0xbf, 0xe0, 0x00, 0x00, 0x00,
    0xef, 0xd0, 0x00, 0x00, 0x00, 0x00, 0x11, 0x00,
    0x00, 0x00, 0x01, 0x00, 0x00, 0x00, 0x00, 0x00,
    0x00, 0x00,

    /* U+7D9A "続" */
    0x00, 0x00, 0x03, 0x30, 0x00, 0x00, 0x00, 0x00,
    0x00, 0x09, 0x96, 0x00, 0x00, 0x00, 0x00, 0x00,
    0x00, 0x0b, 0xfd, 0x00, 0x00, 0x00, 0x00, 0x00,
    0x1f, 0xfb, 0x00, 0x00, 0x00, 0x00, 0x00, 0x00,
    0x2f, 0xf9, 0x00, 0x00, 0x00, 0x00, 0x00, 0x1f,
    0xfb, 0x00, 0x00, 0x00, 0x00, 0x00, 0x00, 0x8f,
    0xf1, 0x00, 0x00, 0x7e, 0xee, 0xee, 0xff, 0xff,
    0xee, 0xee, 0xee, 0x50, 0x00, 0x01, 0xff, 0x80,
    0x3d, 0x60, 0x8f, 0xff, 0xff, 0xff, 0xff, 0xff,
    0xff, 0xff, 0x60, 0x00, 0x88, 0xff, 0x10, 0xcf,
    0xf2, 0x36, 0x66, 0x66, 0x7f, 0xfd, 0x66, 0x66,
    0x66, 0x20, 0x09, 0xff, 0xf7, 0x05, 0xff, 0x70,
    0x00, 0x00, 0x00, 0x1f, 0xfb, 0x00, 0x00, 0x00,
    0x00, 0x0a, 0xff, 0xe0, 0x0d, 0xfc, 0x00, 0x00,
    0x11, 0x11, 0x2f, 0xfb, 0x11, 0x11, 0x10, 0x00,
    0x00, 0xbf, 0xf6, 0x8f, 0xf2, 0x00, 0x08, 0xff,
    0xff, 0xff, 0xff, 0xff, 0xff, 0xf9, 0x00, 0x00,
    0x1d, 0xff, 0xff, 0x70, 0x00, 0x08, 0xff, 0xff,
    0xff, 0xff, 0xff, 0xff, 0xf9, 0x00, 0x00, 0x02,
    0xff, 0xfb, 0x17, 0x10, 0x02, 0x44, 0x44, 0x44,
    0x44, 0x44, 0x44, 0x42, 0x00, 0x00, 0x00, 0x9f,
    0xe1, 0xdf, 0xa0, 0x00, 0x00, 0x00, 0x00, 0x00,
    0x00, 0x00, 0x00, 0x00, 0x00, 0x03, 0xff, 0x40,
    0x5f, 0xf3, 0x7f, 0xff, 0xff, 0xff, 0xff, 0xff,
    0xff, 0xff, 0x80, 0x03, 0x4d, 0xfd, 0x78, 0x9f,
    0xfb, 0x7f, 0xff, 0xff, 0xff, 0xff, 0xff, 0xff,
    0xff, 0x90, 0x2f, 0xff, 0xff, 0xff, 0xff, 0xff,
    0xaf, 0xf3, 0x33, 0x33, 0x33, 0x33, 0x33, 0xff,
    0x90, 0x0f, 0xff, 0xff, 0xff, 0xdb, 0xff, 0xff,
    0xe0, 0x11, 0x10, 0x01, 0x22, 0x00, 0xef, 0x90,
    0x02, 0x22, 0x17, 0xff, 0x00, 0xbf, 0xdf, 0xe0,
    0xef, 0xa0, 0x08, 0xff, 0x10, 0xef, 0x90, 0x00,
    0x00, 0x06, 0xff, 0x00, 0x42, 0x5b, 0xa0, 0xef,
    0xa0, 0x08, 0xff, 0x10, 0xab, 0x60, 0x00, 0xac,
    0x66, 0xff, 0x2b, 0xe1, 0x00, 0x00, 0xff, 0xa0,
    0x08, 0xff, 0x10, 0x00, 0x00, 0x00, 0xdf, 0x86,
    0xff, 0x0e, 0xf7, 0x00, 0x00, 0xff, 0x90, 0x08,
    0xff, 0x10, 0x00, 0x00, 0x00, 0xff, 0x56, 0xff,
    0x08, 0xfd, 0x00, 0x04, 0xff, 0x70, 0x08, 0xff,
    0x10, 0x00, 0x00, 0x03, 0xff, 0x26, 0xff, 0x04,
    0xff, 0x10, 0x09, 0xff, 0x40, 0x08, 0xff, 0x10,
    0x00, 0x00, 0x07, 0xfe, 0x06, 0xff, 0x00, 0xff,
    0x50, 0x2f, 0xff, 0x00, 0x08, 0xff, 0x10, 0x0a,
    0x30, 0x0c, 0xfa, 0x06, 0xff, 0x00, 0x96, 0x10,
    0xcf, 0xfa, 0x00, 0x08, 0xff, 0x10, 0x1f, 0xf2,
    0x2f, 0xf4, 0x06, 0xff, 0x00, 0x00, 0x0b, 0xff,
    0xf3, 0x00, 0x08, 0xff, 0x10, 0x2f, 0xf1, 0x04,
    0xa0, 0x06, 0xff, 0x00, 0x04, 0xdf, 0xff, 0x90,
    0x00, 0x07, 0xff, 0x86, 0x9f, 0xf0, 0x00, 0x00,
    0x06, 0xff, 0x00, 0x5f, 0xff, 0xfb, 0x00, 0x00,
    0x04, 0xff, 0xff, 0xff, 0xa0, 0x00, 0x00, 0x06,
    0xff, 0x00, 0x0a, 0xff, 0xa0, 0x00, 0x00, 0x00,
    0xaf, 0xff, 0xfc, 0x20, 0x00, 0x00, 0x06, 0xff,
    0x00, 0x00, 0xc6, 0x00, 0x00, 0x00, 0x00, 0x00,
    0x00, 0x00, 0x00, 0x00, 0x00, 0x00, 0x00, 0x00,
    0x00, 0x00, 0x00, 0x00, 0x00, 0x00, 0x00, 0x00,
    0x00, 0x00,

    /* U+8377 "荷" */
    0x00, 0x00, 0x00, 0x00, 0x23, 0x30, 0x00, 0x00,
    0x00, 0x03, 0x32, 0x00, 0x00, 0x00, 0x00, 0x00,
    0x00, 0x00, 0x0b, 0xff, 0x10, 0x00, 0x00, 0x03,
    0xff, 0xa0, 0x00, 0x00, 0x00, 0x00, 0x00, 0x00,
    0x00, 0xbf, 0xf1, 0x00, 0x00, 0x00, 0x3f, 0xfa,
    0x00, 0x00, 0x00, 0x00, 0x3f, 0xff, 0xff, 0xff,
    0xff, 0xff, 0xff, 0xff, 0xff, 0xff, 0xff, 0xff,
    0xff, 0xf6, 0x03, 0xff, 0xff, 0xff, 0xff, 0xff,
    0xff, 0xff, 0xff, 0xff, 0xff, 0xff, 0xff, 0xff,
    0x60, 0x28, 0x88, 0x88, 0x8d, 0xff, 0x98, 0x88,
    0x88, 0x8a, 0xff, 0xd8, 0x88, 0x88, 0x83, 0x00,
    0x00, 0x00, 0x00, 0xbf, 0xf1, 0x00, 0x00, 0x00,
    0x3f, 0xfa, 0x00, 0x00, 0x00, 0x00, 0x00, 0x00,
    0x00, 0x0b, 0xff, 0x10, 0x00, 0x00, 0x03, 0xff,
    0xa0, 0x00, 0x00, 0x00, 0x00, 0x00, 0x00, 0x0d,
    0xd8, 0x10, 0x00, 0x00, 0x00, 0x01, 0x10, 0x00,
    0x00, 0x00, 0x00, 0x00, 0x00, 0x05, 0xff, 0xd5,
    0xbb, 0xbb, 0xbb, 0xbb, 0xbb, 0xbb, 0xbb, 0xbb,
    0xb6, 0x00, 0x00, 0x00, 0xdf, 0xf4, 0x8f, 0xff,
    0xff, 0xff, 0xff, 0xff, 0xff, 0xff, 0xff, 0x90,
    0x00, 0x00, 0x8f, 0xfc, 0x07, 0xff, 0xff, 0xff,
    0xff, 0xff, 0xff, 0xff, 0xff, 0xf9, 0x00, 0x00,
    0x3f, 0xff, 0x20, 0x00, 0x00, 0x00, 0x00, 0x00,
    0x00, 0x0f, 0xfd, 0x00, 0x00, 0x00, 0x1e, 0xff,
    0xd0, 0x00, 0x00, 0x00, 0x00, 0x00, 0x00, 0x00,
    0xff, 0xd0, 0x00, 0x00, 0x0c, 0xff, 0xfd, 0x00,
    0x27, 0x87, 0x77, 0x77, 0x77, 0x30, 0x0f, 0xfd,
    0x00, 0x00, 0x0c, 0xff, 0xff, 0xd0, 0x05, 0xff,
    0xff, 0xff, 0xff, 0xf8, 0x00, 0xff, 0xd0, 0x00,
    0x0d, 0xff, 0xff, 0xfd, 0x00, 0x5f, 0xff, 0xee,
    0xee, 0xff, 0x80, 0x0f, 0xfd, 0x00, 0x00, 0x9f,
    0xf5, 0xff, 0xd0, 0x05, 0xff, 0x50, 0x00, 0x1f,
    0xf8, 0x00, 0xff, 0xd0, 0x00, 0x00, 0xc5, 0x0f,
    0xfd, 0x00, 0x5f, 0xf5, 0x00, 0x01, 0xff, 0x80,
    0x0f, 0xfd, 0x00, 0x00, 0x00, 0x00, 0xff, 0xd0,
    0x05, 0xff, 0x50, 0x00, 0x1f, 0xf8, 0x00, 0xff,
    0xd0, 0x00, 0x00, 0x00, 0x0f, 0xfd, 0x00, 0x5f,
    0xf9, 0x66, 0x66, 0xff, 0x80, 0x0f, 0xfd, 0x00,
    0x00, 0x00, 0x00, 0xff, 0xd0, 0x05, 0xff, 0xff,
    0xff, 0xff, 0xf8, 0x00, 0xff, 0xd0, 0x00, 0x00,
    0x00, 0x0f, 0xfd, 0x00, 0x5f, 0xff, 0xff, 0xff,
    0xff, 0x80, 0x0f, 0xfd, 0x00, 0x00, 0x00, 0x00,
    0xff, 0xd0, 0x05, 0xff, 0x50, 0x00, 0x00, 0x00,
    0x00, 0xff, 0xd0, 0x00, 0x00, 0x00, 0x0f, 0xfd,
    0x00, 0x3b, 0xb3, 0x00, 0x00, 0x00, 0x00, 0x0f,
    0xfd, 0x00, 0x00, 0x00, 0x00, 0xff, 0xd0, 0x00,
    0x00, 0x00, 0x00, 0x08, 0x88, 0x89, 0xff, 0xd0,
    0x00, 0x00, 0x00, 0x0f, 0xfd, 0x00, 0x00, 0x00,
    0x00, 0x00, 0x9f, 0xff, 0xff, 0xf9, 0x00, 0x00,
    0x00, 0x00, 0xff, 0xd0, 0x00, 0x00, 0x00, 0x00,
    0x03, 0xff, 0xff, 0xd8, 0x00, 0x00, 0x00, 0x00,
    0x03, 0x32, 0x00, 0x00, 0x00, 0x00, 0x00, 0x01,
    0x00, 0x00, 0x00, 0x00, 0x00,

    /* U+884C "行" */
    0x00, 0x00, 0x00, 0x01, 0x30, 0x00, 0x00, 0x00,
    0x00, 0x00, 0x00, 0x00, 0x00, 0x00, 0x00, 0x00,
    0x00, 0x00, 0xcf, 0xc3, 0x00, 0x00, 0x00, 0x00,
    0x00, 0x00, 0x00, 0x00, 0x00, 0x00, 0x00, 0x00,
    0xaf, 0xfe, 0x10, 0x06, 0xaa, 0xaa, 0xaa, 0xaa,
    0xaa, 0xaa, 0xaa, 0x00, 0x00, 0x00, 0x9f, 0xff,
    0x30, 0x00, 0xaf, 0xff, 0xff, 0xff, 0xff, 0xff,
    0xff, 0xf1, 0x00, 0x00, 0xaf, 0xff, 0x40, 0x00,
    0x0a, 0xff, 0xff, 0xff, 0xff, 0xff, 0xff, 0xff,
    0x10, 0x01, 0xcf, 0xff, 0x40, 0x00, 0x00, 0x00,
    0x00, 0x00, 0x00, 0x00, 0x00, 0x00, 0x00, 0x03,
    0xef, 0xfe, 0x30, 0x00, 0x00, 0x00, 0x00, 0x00,
    0x00, 0x00, 0x00, 0x00, 0x00, 0x00, 0x7f, 0xfd,
    0x20, 0x04, 0xd7, 0x10, 0x00, 0x00, 0x00, 0x00,
    0x00, 0x00, 0x00, 0x00, 0x00, 0xbb, 0x10, 0x00,
    0xdf, 0xf6, 0x00, 0x00, 0x00, 0x00, 0x00, 0x00,
    0x00, 0x00, 0x00, 0x01, 0x00, 0x00, 0x9f, 0xfc,
    0x00, 0x00, 0x00, 0x00, 0x00, 0x00, 0x00, 0x00,
    0x00, 0x00, 0x00, 0x00, 0x6f, 0xff, 0x20, 0x77,
    0x77, 0x77, 0x77, 0x77, 0x77, 0x77, 0x77, 0x50,
    0x00, 0x00, 0x4f, 0xff, 0x50, 0x1f, 0xff, 0xff,
    0xff, 0xff, 0xff, 0xff, 0xff, 0xfb, 0x00, 0x00,
    0x4f, 0xff, 0xb0, 0x01, 0xff, 0xff, 0xff, 0xff,
    0xff, 0xff, 0xff, 0xff, 0xb0, 0x00, 0x4f, 0xff,
    0xfa, 0x00, 0x03, 0x33, 0x33, 0x33, 0x33, 0x7f,
    0xfa, 0x33, 0x32, 0x00, 0x5f, 0xff, 0xff, 0xa0,
    0x00, 0x00, 0x00, 0x00, 0x00, 0x05, 0xff, 0x80,
    0x00, 0x00, 0x8f, 0xff, 0xef, 0xfa, 0x00, 0x00,
    0x00, 0x00, 0x00, 0x00, 0x5f, 0xf8, 0x00, 0x00,
    0x0a, 0xff, 0xd4, 0xff, 0xa0, 0x00, 0x00, 0x00,
    0x00, 0x00, 0x05, 0xff, 0x80, 0x00, 0x00, 0x0c,
    0xc1, 0x3f, 0xfa, 0x00, 0x00, 0x00, 0x00, 0x00,
    0x00, 0x5f, 0xf8, 0x00, 0x00, 0x00, 0x10, 0x03,
    0xff, 0xa0, 0x00, 0x00, 0x00, 0x00, 0x00, 0x05,
    0xff, 0x80, 0x00, 0x00, 0x00, 0x00, 0x3f, 0xfa,
    0x00, 0x00, 0x00, 0x00, 0x00, 0x00, 0x5f, 0xf8,
    0x00, 0x00, 0x00, 0x00, 0x03, 0xff, 0xa0, 0x00,
    0x00, 0x00, 0x00, 0x00, 0x05, 0xff, 0x80, 0x00,
    0x00, 0x00, 0x00, 0x3f, 0xfa, 0x00, 0x00, 0x00,
    0x00, 0x00, 0x00, 0x5f, 0xf8, 0x00, 0x00, 0x00,
    0x00, 0x03, 0xff, 0xa0, 0x00, 0x00, 0x00, 0x00,
    0x00, 0x05, 0xff, 0x80, 0x00, 0x00, 0x00, 0x00,
    0x3f, 0xfa, 0x00, 0x00, 0x00, 0x00, 0x00, 0x00,
    0x5f, 0xf8, 0x00, 0x00, 0x00, 0x00, 0x03, 0xff,
    0xa0, 0x00, 0x00, 0x00, 0x00, 0x00, 0x05, 0xff,
    0x80, 0x00, 0x00, 0x00, 0x00, 0x3f, 0xfa, 0x00,
    0x00, 0x00, 0x05, 0xbb, 0xbb, 0xef, 0xf7, 0x00,
    0x00, 0x00, 0x00, 0x03, 0xff, 0xa0, 0x00, 0x00,
    0x00, 0x1f, 0xff, 0xff, 0xff, 0x30, 0x00, 0x00,
    0x00, 0x00, 0x3f, 0xfa, 0x00, 0x00, 0x00, 0x00,
    0xdf, 0xff, 0xfc, 0x50, 0x00, 0x00, 0x00, 0x00,
    0x00, 0x33, 0x20, 0x00, 0x00, 0x00, 0x00, 0x00,
    0x00, 0x00, 0x00, 0x00, 0x00,

    /* U+8A00 "言" */
    0x00, 0x00, 0x04, 0xff, 0xff, 0xff, 0xff, 0xff,
    0xff, 0xff, 0xff, 0x50, 0x00, 0x00, 0x00, 0x00,
    0x04, 0xff, 0xff, 0xff, 0xff, 0xff, 0xff, 0xff,
    0xff, 0x60, 0x00, 0x00, 0x00, 0x00, 0x01, 0x55,
    0x55, 0x55, 0x55, 0x55, 0x55, 0x55, 0x55, 0x20,
    0x00, 0x00, 0x00, 0x00, 0x00, 0x00, 0x00, 0x00,
    0x00, 0x00, 0x00, 0x00, 0x00, 0x00, 0x00, 0x00,
    0x17, 0x77, 0x77, 0x77, 0x77, 0x77, 0x77, 0x77,
    0x77, 0x77, 0x77, 0x77, 0x77, 0x76, 0x4f, 0xff,
    0xff, 0xff, 0xff, 0xff, 0xff, 0xff, 0xff, 0xff,
    0xff, 0xff, 0xff, 0xfd, 0x3f, 0xff, 0xff, 0xff,
    0xff, 0xff, 0xff, 0xff, 0xff, 0xff, 0xff, 0xff,
    0xff, 0xfc, 0x00, 0x00, 0x00, 0x00, 0x00, 0x00,
    0x00, 0x00, 0x00, 0x00, 0x00, 0x00, 0x00, 0x00,
    0x00, 0x00, 0x04, 0x55, 0x55, 0x55, 0x55, 0x55,
    0x55, 0x55, 0x55, 0x40, 0x00, 0x00, 0x00, 0x00,
    0x0c, 0xff, 0xff, 0xff, 0xff, 0xff, 0xff, 0xff,
    0xff, 0xd0, 0x00, 0x00, 0x00, 0x00, 0x0b, 0xff,
    0xff, 0xff, 0xff, 0xff, 0xff, 0xff, 0xff, 0xc0,
    0x00, 0x00, 0x00, 0x00, 0x00, 0x00, 0x00, 0x00,
    0x00, 0x00, 0x00, 0x00, 0x00, 0x00, 0x00, 0x00,
    0x00, 0x00, 0x03, 0x44, 0x44, 0x44, 0x44, 0x44,
    0x44, 0x44, 0x44, 0x30, 0x00, 0x00, 0x00, 0x00,
    0x0c, 0xff, 0xff, 0xff, 0xff, 0xff, 0xff, 0xff,
    0xff, 0xd0, 0x00, 0x00, 0x00, 0x00, 0x0c, 0xff,
    0xff, 0xff, 0xff, 0xff, 0xff, 0xff, 0xff, 0xd0,
    0x00, 0x00, 0x00, 0x00, 0x00, 0x11, 0x11, 0x11,
    0x11, 0x11, 0x11, 0x11, 0x11, 0x00, 0x00, 0x00,
    0x00, 0x00, 0x00, 0x00, 0x00, 0x00, 0x00, 0x00,
    0x00, 0x00, 0x00, 0x00, 0x00, 0x00, 0x00, 0x00,
    0x3f, 0xff, 0xff, 0xff, 0xff, 0xff, 0xff, 0xff,
    0xff, 0xf4, 0x00, 0x00, 0x00, 0x00, 0x3f, 0xff,
    0xff, 0xff, 0xff, 0xff, 0xff, 0xff, 0xff, 0xf4,
    0x00, 0x00, 0x00, 0x00, 0x3f, 0xfb, 0x55, 0x55,
    0x55, 0x55, 0x55, 0x55, 0xbf, 0xf4, 0x00, 0x00,
    0x00, 0x00, 0x3f, 0xf9, 0x00, 0x00, 0x00, 0x00,
    0x00, 0x00, 0x9f, 0xf4, 0x00, 0x00, 0x00, 0x00,
    0x3f, 0xf9, 0x00, 0x00, 0x00, 0x00, 0x00, 0x00,
    0x9f, 0xf4, 0x00, 0x00, 0x00, 0x00, 0x3f, 0xf9,
    0x11, 0x11, 0x11, 0x11, 0x11, 0x11, 0xaf, 0xf4,
    0x00, 0x00, 0x00, 0x00, 0x3f, 0xff, 0xff, 0xff,
    0xff, 0xff, 0xff, 0xff, 0xff, 0xf4, 0x00, 0x00,
    0x00, 0x00, 0x3f, 0xff, 0xff, 0xff, 0xff, 0xff,
    0xff, 0xff, 0xff, 0xf4, 0x00, 0x00, 0x00, 0x00,
    0x3f, 0xfb, 0x44, 0x44, 0x44, 0x44, 0x44, 0x44,
    0xbf, 0xf4, 0x00, 0x00, 0x00, 0x00, 0x3f, 0xf9,
    0x00, 0x00, 0x00, 0x00, 0x00, 0x00, 0x9f, 0xf4,
    0x00, 0x00, 0x00, 0x00, 0x01, 0x10, 0x00, 0x00,
    0x00, 0x00, 0x00, 0x00, 0x00, 0x00, 0x00, 0x00,

    /* U+8A2D "設" */
    0x02, 0x66, 0x66, 0x66, 0x66, 0x30, 0x01, 0x78,
    0x77, 0x77, 0x78, 0x73, 0x00, 0x00, 0x00, 0x6f,
    0xff, 0xff, 0xff, 0xf8, 0x00, 0x2f, 0xff, 0xff,
    0xff, 0xff, 0x70, 0x00, 0x00, 0x05, 0xdd, 0xdd,
    0xdd, 0xdd, 0x60, 0x02, 0xff, 0xff, 0xff, 0xff,
    0xf7, 0x00, 0x00, 0x00, 0x00, 0x00, 0x00, 0x00,
    0x00, 0x00, 0x2f, 0xf8, 0x00, 0x03, 0xff, 0x70,
    0x00, 0x00, 0x55, 0x55, 0x55, 0x55, 0x55, 0x53,
    0x02, 0xff, 0x80, 0x00, 0x3f, 0xf7, 0x00, 0x00,
    0x0f, 0xff, 0xff, 0xff, 0xff, 0xff, 0xa0, 0x4f,
    0xf7, 0x00, 0x03, 0xff, 0x70, 0x05, 0x00, 0xef,
    0xff, 0xff, 0xff, 0xff, 0xf9, 0x07, 0xff, 0x50,
    0x00, 0x3f, 0xf7, 0x00, 0xfe, 0x30, 0x00, 0x00,
    0x00, 0x00, 0x00, 0x00, 0xcf, 0xf1, 0x00, 0x03,
    0xff, 0x70, 0x1f, 0xf4, 0x01, 0x33, 0x33, 0x33,
    0x33, 0x10, 0x5f, 0xfc, 0x00, 0x00, 0x2f, 0xfc,
    0x7a, 0xff, 0x10, 0x8f, 0xff, 0xff, 0xff, 0xf9,
    0x3f, 0xff, 0x40, 0x00, 0x00, 0xff, 0xff, 0xff,
    0xd0, 0x08, 0xff, 0xff, 0xff, 0xff, 0xbf, 0xff,
    0xa0, 0x00, 0x00, 0x05, 0xdf, 0xff, 0xd3, 0x00,
    0x00, 0x00, 0x00, 0x00, 0x00, 0x3d, 0xa0, 0x00,
    0x00, 0x00, 0x00, 0x00, 0x00, 0x00, 0x02, 0x55,
    0x55, 0x55, 0x55, 0x30, 0x78, 0x88, 0x88, 0x88,
    0x88, 0x88, 0x96, 0x00, 0x00, 0x8f, 0xff, 0xff,
    0xff, 0xf9, 0x0c, 0xff, 0xff, 0xff, 0xff, 0xff,
    0xff, 0xf8, 0x00, 0x07, 0xee, 0xee, 0xee, 0xee,
    0x80, 0xcf, 0xff, 0xff, 0xff, 0xff, 0xff, 0xff,
    0x30, 0x00, 0x00, 0x00, 0x00, 0x00, 0x00, 0x00,
    0x16, 0xb3, 0x00, 0x00, 0x03, 0xff, 0xd0, 0x00,
    0x00, 0x01, 0x00, 0x00, 0x00, 0x00, 0x03, 0xff,
    0xa0, 0x00, 0x00, 0xaf, 0xf7, 0x00, 0x00, 0x9f,
    0xff, 0xff, 0xff, 0xf8, 0x00, 0x0b, 0xff, 0x40,
    0x00, 0x3f, 0xfe, 0x00, 0x00, 0x09, 0xff, 0xff,
    0xff, 0xff, 0x80, 0x00, 0x2f, 0xfe, 0x10, 0x1d,
    0xff, 0x60, 0x00, 0x00, 0x9f, 0xe3, 0x33, 0x3f,
    0xf8, 0x00, 0x00, 0x8f, 0xfc, 0x1b, 0xff, 0xc0,
    0x00, 0x00, 0x09, 0xfd, 0x00, 0x00, 0xff, 0x80,
    0x00, 0x00, 0xcf, 0xfe, 0xff, 0xe1, 0x00, 0x00,
    0x00, 0x9f, 0xd0, 0x00, 0x0f, 0xf8, 0x00, 0x00,
    0x01, 0xdf, 0xff, 0xf3, 0x00, 0x00, 0x00, 0x09,
    0xfd, 0x00, 0x00, 0xff, 0x80, 0x00, 0x00, 0x6f,
    0xff, 0xff, 0x50, 0x00, 0x00, 0x00, 0x9f, 0xe5,
    0x55, 0x5f, 0xf8, 0x00, 0x05, 0xcf, 0xff, 0xff,
    0xff, 0xc4, 0x00, 0x00, 0x09, 0xff, 0xff, 0xff,
    0xff, 0x82, 0x8d, 0xff, 0xff, 0x90, 0x8f, 0xff,
    0xfc, 0x61, 0x00, 0x9f, 0xff, 0xff, 0xff, 0xf9,
    0xef, 0xff, 0xfb, 0x20, 0x00, 0x2b, 0xff, 0xff,
    0xe1, 0x09, 0xfd, 0x00, 0x00, 0x00, 0x03, 0xff,
    0x92, 0x00, 0x00, 0x00, 0x03, 0x9f, 0xf3, 0x00,
    0x00, 0x00, 0x00, 0x00, 0x00, 0x03, 0x00, 0x00,
    0x00, 0x00, 0x00, 0x00, 0x02, 0x00,

    /* U+8A9E "語" */
    0x01, 0x55, 0x55, 0x55, 0x55, 0x00, 0x35, 0x55,
    0x55, 0x55, 0x55, 0x55, 0x55, 0x51, 0x00, 0x5f,
    0xff, 0xff, 0xff, 0xf0, 0x0b, 0xff, 0xff, 0xff,
    0xff, 0xff, 0xff, 0xff, 0x40, 0x05, 0xee, 0xee,
    0xee, 0xee, 0x00, 0xbf, 0xff, 0xff, 0xff, 0xff,
    0xff, 0xff, 0xf4, 0x00, 0x00, 0x00, 0x00, 0x00,
    0x00, 0x01, 0x22, 0x2a, 0xff, 0x42, 0x22, 0x22,
    0x22, 0x00, 0x34, 0x44, 0x44, 0x44, 0x44, 0x40,
    0x00, 0x00, 0xcf, 0xf0, 0x00, 0x00, 0x00, 0x00,
    0x0f, 0xff, 0xff, 0xff, 0xff, 0xff, 0x10, 0x33,
    0x3e, 0xfe, 0x33, 0x33, 0x33, 0x20, 0x00, 0xff,
    0xff, 0xff, 0xff, 0xff, 0xf1, 0x4f, 0xff, 0xff,
    0xff, 0xff, 0xff, 0xfa, 0x00, 0x00, 0x11, 0x11,
    0x11, 0x11, 0x11, 0x04, 0xff, 0xff, 0xff, 0xff,
    0xff, 0xff, 0xa0, 0x00, 0x00, 0x00, 0x00, 0x00,
    0x00, 0x00, 0x03, 0x39, 0xff, 0x83, 0x33, 0x4f,
    0xfa, 0x00, 0x00, 0x8f, 0xff, 0xff, 0xff, 0xf0,
    0x00, 0x00, 0x9f, 0xf3, 0x00, 0x01, 0xff, 0xa0,
    0x00, 0x08, 0xff, 0xff, 0xff, 0xff, 0x00, 0x00,
    0x0c, 0xff, 0x00, 0x00, 0x1f, 0xfa, 0x00, 0x00,
    0x13, 0x33, 0x33, 0x33, 0x30, 0x00, 0x00, 0xff,
    0xc0, 0x00, 0x01, 0xff, 0xa0, 0x00, 0x00, 0x00,
    0x00, 0x00, 0x00, 0x0a, 0xff, 0xff, 0xff, 0xff,
    0xff, 0xff, 0xff, 0xff, 0x40, 0x8f, 0xff, 0xff,
    0xff, 0xf0, 0xbf, 0xff, 0xff, 0xff, 0xff, 0xff,
    0xff, 0xff, 0xf4, 0x08, 0xff, 0xff, 0xff, 0xff,
    0x05, 0x88, 0x88, 0x88, 0x88, 0x88, 0x88, 0x88,
    0x88, 0x20, 0x24, 0x44, 0x44, 0x44, 0x40, 0x00,
    0x00, 0x00, 0x00, 0x00, 0x00, 0x00, 0x00, 0x00,
    0x00, 0x00, 0x00, 0x00, 0x00, 0x00, 0x07, 0xaa,
    0xaa, 0xaa, 0xaa, 0xaa, 0xaa, 0x40, 0x00, 0x8e,
    0xfe, 0xee, 0xee, 0xe2, 0x00, 0xcf, 0xff, 0xff,
    0xff, 0xff, 0xff, 0xf6, 0x00, 0x09, 0xff, 0xff,
    0xff, 0xff, 0x30, 0x0c, 0xff, 0xdd, 0xdd, 0xdd,
    0xde, 0xff, 0x60, 0x00, 0x9f, 0xe6, 0x66, 0x8f,
    0xf3, 0x00, 0xcf, 0xe0, 0x00, 0x00, 0x00, 0x6f,
    0xf6, 0x00, 0x09, 0xfd, 0x00, 0x04, 0xff, 0x30,
    0x0c, 0xfe, 0x00, 0x00, 0x00, 0x06, 0xff, 0x60,
    0x00, 0x9f, 0xd0, 0x00, 0x4f, 0xf3, 0x00, 0xcf,
    0xe0, 0x00, 0x00, 0x00, 0x6f, 0xf6, 0x00, 0x09,
    0xfd, 0x00, 0x04, 0xff, 0x30, 0x0c, 0xfe, 0x00,
    0x00, 0x00, 0x06, 0xff, 0x60, 0x00, 0x9f, 0xe4,
    0x44, 0x7f, 0xf3, 0x00, 0xcf, 0xf8, 0x88, 0x88,
    0x88, 0xbf, 0xf6, 0x00, 0x09, 0xff, 0xff, 0xff,
    0xff, 0x30, 0x0c, 0xff, 0xff, 0xff, 0xff, 0xff,
    0xff, 0x60, 0x00, 0x9f, 0xff, 0xff, 0xff, 0xf3,
    0x00, 0xcf, 0xff, 0xff, 0xff, 0xff, 0xff, 0xf6,
    0x00, 0x09, 0xfd, 0x00, 0x00, 0x00, 0x00, 0x0c,
    0xfe, 0x00, 0x00, 0x00, 0x06, 0xff, 0x60, 0x00,
    0x9f, 0xd0, 0x00, 0x00, 0x00, 0x00, 0xcf, 0xe0,
    0x00, 0x00, 0x00, 0x6f, 0xf6, 0x00, 0x01, 0x11,
    0x00, 0x00, 0x00, 0x00, 0x01, 0x11, 0x00, 0x00,
    0x00, 0x00, 0x00, 0x00, 0x00,

    /* U+8D77 "起" */
    0x00, 0x00, 0x00, 0x04, 0x42, 0x00, 0x00, 0x00,
    0x00, 0x00, 0x00, 0x00, 0x00, 0x00, 0x00, 0x00,
    0x00, 0x00, 0x1f, 0xf9, 0x00, 0x00, 0x00, 0x00,
    0x00, 0x00, 0x00, 0x00, 0x00, 0x00, 0x00, 0x00,
    0x00, 0x1f, 0xf9, 0x00, 0x00, 0x00, 0xff, 0xff,
    0xff, 0xff, 0xff, 0xf3, 0x00, 0x00, 0x11, 0x11,
    0x3f, 0xf9, 0x11, 0x11, 0x00, 0xff, 0xff, 0xff,
    0xff, 0xff, 0xf3, 0x00, 0x00, 0xef, 0xff, 0xff,
    0xff, 0xff, 0xff, 0x50, 0x77, 0x77, 0x77, 0x77,
    0xbf, 0xf3, 0x00, 0x00, 0xef, 0xff, 0xff, 0xff,
    0xff, 0xff, 0x50, 0x00, 0x00, 0x00, 0x00, 0x8f,
    0xf3, 0x00, 0x00, 0x56, 0x66, 0x6f, 0xfb, 0x66,
    0x66, 0x10, 0x00, 0x00, 0x00, 0x00, 0x8f, 0xf3,
    0x00, 0x00, 0x00, 0x00, 0x1f, 0xf9, 0x00, 0x00,
    0x00, 0x00, 0x00, 0x00, 0x00, 0x8f, 0xf3, 0x00,
    0x00, 0x00, 0x00, 0x1f, 0xf9, 0x00, 0x00, 0x00,
    0x00, 0x00, 0x00, 0x00, 0x8f, 0xf3, 0x00, 0x02,
    0x44, 0x44, 0x4f, 0xfa, 0x44, 0x44, 0x40, 0x00,
    0x00, 0x00, 0x00, 0x8f, 0xf3, 0x00, 0x0b, 0xff,
    0xff, 0xff, 0xff, 0xff, 0xff, 0xf1, 0xaf, 0xff,
    0xff, 0xff, 0xff, 0xf3, 0x00, 0x0b, 0xff, 0xff,
    0xff, 0xff, 0xff, 0xff, 0xf1, 0xaf, 0xff, 0xff,
    0xff, 0xff, 0xf3, 0x00, 0x02, 0x44, 0x44, 0x49,
    0xff, 0x54, 0x44, 0x40, 0xaf, 0xf9, 0x88, 0x88,
    0xcf, 0xf3, 0x00, 0x00, 0x00, 0x00, 0x07, 0xff,
    0x20, 0x00, 0x00, 0xaf, 0xf1, 0x00, 0x00, 0x25,
    0x51, 0x00, 0x00, 0x39, 0x82, 0x07, 0xff, 0x20,
    0x00, 0x00, 0xaf, 0xf1, 0x00, 0x00, 0x00, 0x00,
    0x00, 0x00, 0x6f, 0xf3, 0x07, 0xff, 0x20, 0x00,
    0x00, 0xaf, 0xf1, 0x00, 0x00, 0x00, 0x00, 0x00,
    0x00, 0x6f, 0xf3, 0x07, 0xff, 0xff, 0xff, 0xc0,
    0xaf, 0xf1, 0x00, 0x00, 0x00, 0x20, 0x00, 0x00,
    0x7f, 0xf2, 0x07, 0xff, 0xff, 0xff, 0xc0, 0xaf,
    0xf1, 0x00, 0x00, 0x00, 0xad, 0x60, 0x00, 0x8f,
    0xf2, 0x07, 0xff, 0x98, 0x88, 0x70, 0xaf, 0xf1,
    0x00, 0x00, 0x00, 0xaf, 0xd0, 0x00, 0x9f, 0xf7,
    0x07, 0xff, 0x20, 0x00, 0x00, 0xaf, 0xf1, 0x00,
    0x00, 0x00, 0xcf, 0xb0, 0x00, 0xaf, 0xfe, 0x07,
    0xff, 0x20, 0x00, 0x00, 0xaf, 0xf4, 0x00, 0x00,
    0x03, 0xff, 0x90, 0x00, 0xcf, 0xff, 0x77, 0xff,
    0x20, 0x00, 0x00, 0x7f, 0xff, 0xff, 0xff, 0xff,
    0xff, 0x40, 0x00, 0xef, 0xff, 0xfb, 0xff, 0x20,
    0x00, 0x00, 0x1e, 0xff, 0xff, 0xff, 0xff, 0xfb,
    0x00, 0x01, 0xff, 0xaf, 0xff, 0xff, 0x20, 0x00,
    0x00, 0x00, 0x57, 0x88, 0x88, 0x87, 0x40, 0x00,
    0x04, 0xff, 0x55, 0xff, 0xff, 0xa5, 0x31, 0x00,
    0x00, 0x00, 0x00, 0x00, 0x00, 0x00, 0x00, 0x08,
    0xff, 0x20, 0x5f, 0xff, 0xff, 0xff, 0xff, 0xff,
    0xff, 0xff, 0xff, 0xff, 0xff, 0xe0, 0x0e, 0xfe,
    0x00, 0x01, 0x9e, 0xff, 0xff, 0xff, 0xff, 0xff,
    0xff, 0xff, 0xff, 0xff, 0x70, 0x3e, 0xf8, 0x00,
    0x00, 0x00, 0x36, 0x8a, 0xbc, 0xcc, 0xcc, 0xcc,
    0xcc, 0xcc, 0xcc, 0x20, 0x00, 0x82, 0x00, 0x00,
    0x00, 0x00, 0x00, 0x00, 0x00, 0x00, 0x00, 0x00,
    0x00, 0x00, 0x00,

    /* U+8EE2 "転" */
    0x00, 0x00, 0x00, 0x48, 0x80, 0x00, 0x00, 0x00,
    0x00, 0x00, 0x00, 0x00, 0x00, 0x00, 0x00, 0x00,
    0x00, 0x00, 0x9f, 0xf1, 0x00, 0x00, 0x00, 0x00,
    0x00, 0x00, 0x00, 0x00, 0x00, 0x00, 0x00, 0x00,
    0x00, 0x9f, 0xf1, 0x00, 0x00, 0x00, 0x44, 0x44,
    0x44, 0x44, 0x44, 0x43, 0x00, 0x05, 0x77, 0x77,
    0xcf, 0xf8, 0x77, 0x77, 0x11, 0xff, 0xff, 0xff,
    0xff, 0xff, 0xfc, 0x00, 0x0c, 0xff, 0xff, 0xff,
    0xff, 0xff, 0xff, 0x21, 0xff, 0xff, 0xff, 0xff,
    0xff, 0xfc, 0x00, 0x0c, 0xff, 0xff, 0xff, 0xff,
    0xff, 0xff, 0x20, 0x66, 0x66, 0x66, 0x66, 0x66,
    0x65, 0x00, 0x00, 0x00, 0x00, 0x9f, 0xf2, 0x00,
    0x00, 0x00, 0x00, 0x00, 0x00, 0x00, 0x00, 0x00,
    0x00, 0x00, 0x00, 0x00, 0x9f, 0xf1, 0x00, 0x00,
    0x00, 0x00, 0x00, 0x00, 0x00, 0x00, 0x00, 0x00,
    0x00, 0xbc, 0xcc, 0xef, 0xfc, 0xcc, 0xcb, 0x00,
    0x00, 0x00, 0x00, 0x00, 0x00, 0x00, 0x00, 0x00,
    0xef, 0xff, 0xff, 0xff, 0xff, 0xff, 0x00, 0x00,
    0x00, 0x00, 0x00, 0x00, 0x00, 0x00, 0x00, 0xef,
    0x84, 0x8f, 0xd4, 0x48, 0xff, 0x00, 0x00, 0x00,
    0x00, 0x00, 0x00, 0x00, 0x00, 0x00, 0xef, 0x50,
    0x5f, 0xc0, 0x05, 0xff, 0x47, 0x77, 0x77, 0x77,
    0x77, 0x77, 0x77, 0x50, 0x00, 0xef, 0x73, 0x8f,
    0xd3, 0x37, 0xff, 0x9f, 0xff, 0xff, 0xff, 0xff,
    0xff, 0xff, 0xd0, 0x00, 0xef, 0xff, 0xff, 0xff,
    0xff, 0xff, 0x9f, 0xff, 0xff, 0xff, 0xff, 0xff,
    0xff, 0xd0, 0x00, 0xef, 0xdb, 0xdf, 0xfb, 0xbd,
    0xff, 0x36, 0x66, 0xbf, 0xfc, 0x66, 0x66, 0x66,
    0x40, 0x00, 0xef, 0x50, 0x5f, 0xc0, 0x05, 0xff,
    0x00, 0x00, 0x9f, 0xf7, 0x00, 0x00, 0x00, 0x00,
    0x00, 0xef, 0x61, 0x6f, 0xc1, 0x16, 0xff, 0x00,
    0x00, 0xcf, 0xf3, 0x00, 0x00, 0x00, 0x00, 0x00,
    0xef, 0xff, 0xff, 0xff, 0xff, 0xff, 0x00, 0x00,
    0xff, 0xf0, 0x00, 0x00, 0x00, 0x00, 0x00, 0xef,
    0xff, 0xff, 0xff, 0xff, 0xfe, 0x00, 0x02, 0xff,
    0xc0, 0x02, 0x9b, 0x00, 0x00, 0x00, 0x00, 0x00,
    0x9f, 0xf0, 0x00, 0x00, 0x00, 0x05, 0xff, 0x80,
    0x0a, 0xff, 0x30, 0x00, 0x00, 0x00, 0x00, 0x9f,
    0xf0, 0x00, 0x00, 0x00, 0x09, 0xff, 0x50, 0x03,
    0xff, 0xb0, 0x00, 0x3f, 0xff, 0xff, 0xff, 0xff,
    0xff, 0xff, 0x80, 0x0c, 0xff, 0x10, 0x00, 0xcf,
    0xf2, 0x00, 0x3f, 0xff, 0xff, 0xff, 0xff, 0xff,
    0xff, 0x80, 0x0f, 0xfd, 0x00, 0x00, 0x6f, 0xf8,
    0x00, 0x17, 0x77, 0x77, 0xcf, 0xf7, 0x77, 0x77,
    0x30, 0x3f, 0xf8, 0x00, 0x00, 0x0f, 0xfe, 0x00,
    0x00, 0x00, 0x00, 0x9f, 0xf0, 0x00, 0x00, 0x01,
    0x9f, 0xf9, 0x68, 0x9a, 0xcf, 0xff, 0x40, 0x00,
    0x00, 0x00, 0x9f, 0xf0, 0x00, 0x02, 0xff, 0xff,
    0xff, 0xff, 0xff, 0xff, 0xff, 0x90, 0x00, 0x00,
    0x00, 0x9f, 0xf0, 0x00, 0x00, 0xff, 0xff, 0xff,
    0xff, 0xff, 0xff, 0xff, 0xd0, 0x00, 0x00, 0x00,
    0x9f, 0xf0, 0x00, 0x00, 0xff, 0xdc, 0xa9, 0x76,
    0x43, 0x10, 0xcf, 0xf0, 0x00, 0x00, 0x00, 0x9f,
    0xf0, 0x00, 0x00, 0x00, 0x00, 0x00, 0x00, 0x00,
    0x00, 0x88, 0x10,

    /* U+8F1D "輝" */
    0x00, 0x00, 0x00, 0x00, 0x00, 0x00, 0x00, 0x00,
    0x00, 0x00, 0x00, 0x00, 0x00, 0x00, 0x00, 0x00,
    0x00, 0x5f, 0xf0, 0x00, 0x00, 0x33, 0x33, 0x33,
    0x33, 0x33, 0x33, 0x33, 0x32, 0x00, 0x00, 0x05,
    0xff, 0x00, 0x10, 0x0f, 0xff, 0xff, 0xff, 0xff,
    0xff, 0xff, 0xff, 0x80, 0x5c, 0x70, 0x5f, 0xf0,
    0x0b, 0xe7, 0xff, 0xff, 0xff, 0xff, 0xff, 0xff,
    0xff, 0xf8, 0x04, 0xfd, 0x05, 0xff, 0x00, 0xef,
    0x6f, 0xf6, 0x00, 0x02, 0x44, 0x00, 0x00, 0xef,
    0x80, 0x0f, 0xf1, 0x5f, 0xf0, 0x2f, 0xf1, 0xff,
    0x60, 0x00, 0x9f, 0xf0, 0x00, 0x0e, 0xf8, 0x00,
    0xcf, 0x55, 0xff, 0x07, 0xfc, 0x08, 0x94, 0x11,
    0x1a, 0xff, 0x11, 0x11, 0x89, 0x40, 0x08, 0xf9,
    0x5f, 0xf0, 0xbf, 0x70, 0x6f, 0xff, 0xff, 0xff,
    0xff, 0xff, 0xff, 0xe0, 0x00, 0x6f, 0xb5, 0xff,
    0x1f, 0xf1, 0x06, 0xff, 0xff, 0xff, 0xff, 0xff,
    0xff, 0xfe, 0x00, 0x04, 0xfb, 0x5f, 0xf5, 0xfb,
    0x00, 0x13, 0x33, 0x33, 0xaf, 0xf3, 0x33, 0x33,
    0x30, 0x00, 0x02, 0x05, 0xff, 0x01, 0x10, 0x00,
    0x00, 0x00, 0x09, 0xff, 0x00, 0x00, 0x00, 0x00,
    0xad, 0xdd, 0xef, 0xfd, 0xdd, 0xda, 0x0d, 0xee,
    0xee, 0xff, 0xfe, 0xee, 0xee, 0xa0, 0x0c, 0xff,
    0xff, 0xff, 0xff, 0xff, 0xc0, 0xff, 0xff, 0xff,
    0xff, 0xff, 0xff, 0xfb, 0x00, 0xbe, 0xff, 0xfe,
    0xff, 0xfe, 0xeb, 0x0f, 0xf5, 0x11, 0xaf, 0xf1,
    0x11, 0xaf, 0xb0, 0x00, 0x08, 0xfd, 0x05, 0xff,
    0x10, 0x00, 0xff, 0x52, 0x2a, 0xff, 0x22, 0x2a,
    0xfb, 0x00, 0x00, 0x9f, 0xd0, 0x5f, 0xf1, 0x00,
    0x0f, 0xff, 0xff, 0xff, 0xff, 0xff, 0xff, 0xb0,
    0x00, 0x09, 0xfc, 0x05, 0xff, 0x10, 0x00, 0xff,
    0xba, 0xad, 0xff, 0xaa, 0xad, 0xfb, 0x00, 0x00,
    0xaf, 0xb0, 0x5f, 0xf1, 0x00, 0x0f, 0xf4, 0x00,
    0x9f, 0xf0, 0x00, 0xaf, 0xb0, 0x00, 0x0b, 0xfa,
    0x05, 0xff, 0x10, 0x00, 0xff, 0xdd, 0xde, 0xff,
    0xdd, 0xde, 0xfb, 0x00, 0x00, 0xcf, 0x90, 0x5f,
    0xf1, 0x00, 0x0f, 0xff, 0xff, 0xff, 0xff, 0xff,
    0xff, 0xb0, 0x00, 0x0e, 0xf8, 0x05, 0xff, 0x12,
    0x50, 0x00, 0x00, 0x09, 0xff, 0x00, 0x00, 0x00,
    0x00, 0x00, 0xff, 0x60, 0x5f, 0xfd, 0xfd, 0x11,
    0x11, 0x11, 0xaf, 0xf1, 0x11, 0x11, 0x11, 0x00,
    0x3f, 0xf3, 0x2b, 0xff, 0xff, 0xff, 0xff, 0xff,
    0xff, 0xff, 0xff, 0xff, 0xff, 0xd0, 0x07, 0xff,
    0x03, 0xff, 0xfe, 0x67, 0xff, 0xff, 0xff, 0xff,
    0xff, 0xff, 0xff, 0xfd, 0x00, 0xdf, 0xd0, 0x0f,
    0xd6, 0x00, 0x25, 0x55, 0x55, 0x5b, 0xff, 0x55,
    0x55, 0x55, 0x40, 0x4f, 0xf8, 0x00, 0x30, 0x00,
    0x00, 0x00, 0x00, 0x00, 0x9f, 0xf0, 0x00, 0x00,
    0x00, 0x0d, 0xff, 0x20, 0x00, 0x00, 0x00, 0x00,
    0x00, 0x00, 0x09, 0xff, 0x00, 0x00, 0x00, 0x00,
    0x6f, 0xa0, 0x00, 0x00, 0x00, 0x00, 0x00, 0x00,
    0x00, 0x9f, 0xf0, 0x00, 0x00, 0x00, 0x00, 0x81,
    0x00, 0x00, 0x00, 0x00, 0x00, 0x00, 0x00, 0x09,
    0xff, 0x00, 0x00, 0x00, 0x00,

    /* U+901A "通" */
    0x00, 0x07, 0x10, 0x00, 0x00, 0x03, 0x33, 0x33,
    0x33, 0x33, 0x33, 0x33, 0x34, 0x10, 0x00, 0x00,
    0xbf, 0xe3, 0x00, 0x00, 0x3f, 0xff, 0xff, 0xff,
    0xff, 0xff, 0xff, 0xff, 0xd2, 0x00, 0x01, 0xcf,
    0xff, 0x50, 0x00, 0x3f, 0xff, 0xff, 0xff, 0xff,
    0xff, 0xff, 0xff, 0xe2, 0x00, 0x00, 0x0a, 0xff,
    0xf6, 0x00, 0x00, 0x00, 0x06, 0x20, 0x00, 0x02,
    0xcf, 0xfb, 0x10, 0x00, 0x00, 0x00, 0x9f, 0xff,
    0x40, 0x00, 0x01, 0xcf, 0xfb, 0x51, 0x8f, 0xff,
    0x70, 0x00, 0x00, 0x00, 0x00, 0x09, 0xff, 0x40,
    0x00, 0x00, 0x6c, 0xff, 0xff, 0xff, 0xb2, 0x00,
    0x00, 0x00, 0x00, 0x00, 0x00, 0xa3, 0x00, 0x00,
    0x00, 0x00, 0x3a, 0xff, 0xff, 0xa3, 0x00, 0x00,
    0x00, 0x00, 0x00, 0x00, 0x00, 0x00, 0x5e, 0xee,
    0xee, 0xee, 0xff, 0xff, 0xff, 0xef, 0xe9, 0x00,
    0x00, 0x00, 0x00, 0x00, 0x00, 0x5f, 0xff, 0xff,
    0xff, 0xff, 0xff, 0xff, 0xff, 0xfa, 0x00, 0x00,
    0x00, 0x00, 0x00, 0x00, 0x5f, 0xf7, 0x33, 0x34,
    0xff, 0x93, 0x33, 0x3e, 0xfa, 0x00, 0x00, 0x00,
    0x00, 0x00, 0x00, 0x5f, 0xf5, 0x00, 0x01, 0xff,
    0x70, 0x00, 0x0d, 0xfa, 0x00, 0x04, 0x55, 0x55,
    0x55, 0x00, 0x5f, 0xf7, 0x44, 0x44, 0xff, 0x94,
    0x44, 0x4e, 0xfa, 0x00, 0x0d, 0xff, 0xff, 0xff,
    0x00, 0x5f, 0xff, 0xff, 0xff, 0xff, 0xff, 0xff,
    0xff, 0xfa, 0x00, 0x0d, 0xff, 0xff, 0xff, 0x00,
    0x5f, 0xfd, 0xcc, 0xcc, 0xff, 0xec, 0xcc, 0xcf,
    0xfa, 0x00, 0x04, 0x44, 0x4d, 0xff, 0x00, 0x5f,
    0xf5, 0x00, 0x01, 0xff, 0x70, 0x00, 0x0d, 0xfa,
    0x00, 0x00, 0x00, 0x0c, 0xff, 0x00, 0x5f, 0xf6,
    0x22, 0x23, 0xff, 0x92, 0x22, 0x2e, 0xfa, 0x00,
    0x00, 0x00, 0x0c, 0xff, 0x00, 0x5f, 0xff, 0xff,
    0xff, 0xff, 0xff, 0xff, 0xff, 0xfa, 0x00, 0x00,
    0x00, 0x0c, 0xff, 0x00, 0x5f, 0xff, 0xff, 0xff,
    0xff, 0xff, 0xff, 0xff, 0xfa, 0x00, 0x00, 0x00,
    0x0c, 0xff, 0x00, 0x5f, 0xf5, 0x00, 0x01, 0xff,
    0x70, 0x00, 0x0d, 0xfa, 0x00, 0x00, 0x00, 0x0c,
    0xff, 0x00, 0x5f, 0xf5, 0x00, 0x01, 0xff, 0x70,
    0x00, 0x0d, 0xfa, 0x00, 0x00, 0x00, 0x0c, 0xff,
    0x00, 0x5f, 0xf5, 0x00, 0x01, 0xff, 0x70, 0x33,
    0x3e, 0xfa, 0x00, 0x00, 0x00, 0x0d, 0xff, 0x20,
    0x5f, 0xf5, 0x00, 0x01, 0xff, 0x70, 0xdf, 0xff,
    0xf8, 0x00, 0x00, 0x04, 0xef, 0xff, 0xe2, 0x5f,
    0xf4, 0x00, 0x01, 0xdd, 0x60, 0x8f, 0xfe, 0x90,
    0x00, 0x01, 0x9f, 0xff, 0xdf, 0xff, 0x93, 0x00,
    0x00, 0x00, 0x00, 0x00, 0x00, 0x00, 0x00, 0x00,
    0x1e, 0xff, 0xfa, 0x05, 0xff, 0xff, 0xfc, 0xaa,
    0x99, 0x99, 0x99, 0x99, 0xaa, 0xbc, 0xc1, 0x0c,
    0xff, 0x70, 0x00, 0x3c, 0xff, 0xff, 0xff, 0xff,
    0xff, 0xff, 0xff, 0xff, 0xff, 0xc0, 0x04, 0xe3,
    0x00, 0x00, 0x00, 0x38, 0xbd, 0xff, 0xff, 0xff,
    0xff, 0xff, 0xff, 0xff, 0x70, 0x00, 0x10, 0x00,
    0x00, 0x00, 0x00, 0x00, 0x00, 0x00, 0x11, 0x11,
    0x10, 0x00, 0x00, 0x00,

    /* U+9023 "連" */
    0x00, 0x00, 0x00, 0x00, 0x00, 0x00, 0x00, 0x00,
    0x06, 0x65, 0x00, 0x00, 0x00, 0x00, 0x00, 0x00,
    0x07, 0x10, 0x00, 0x00, 0x00, 0x00, 0x00, 0x0f,
    0xfc, 0x00, 0x00, 0x00, 0x00, 0x00, 0x02, 0xcf,
    0xe2, 0x00, 0x00, 0x00, 0x00, 0x00, 0x0f, 0xfc,
    0x00, 0x00, 0x00, 0x00, 0x00, 0x01, 0xcf, 0xff,
    0x30, 0x0c, 0xff, 0xff, 0xff, 0xff, 0xff, 0xff,
    0xff, 0xff, 0xff, 0x00, 0x00, 0x0b, 0xff, 0xf3,
    0x0d, 0xff, 0xff, 0xff, 0xff, 0xff, 0xff, 0xff,
    0xff, 0xff, 0x00, 0x00, 0x00, 0xbf, 0xfe, 0x15,
    0x66, 0x66, 0x66, 0x6f, 0xfe, 0x66, 0x66, 0x66,
    0x66, 0x00, 0x00, 0x00, 0x0d, 0xfd, 0x20, 0x00,
    0x00, 0x00, 0x0f, 0xfc, 0x00, 0x00, 0x00, 0x00,
    0x00, 0x00, 0x00, 0x02, 0xa1, 0x00, 0x7f, 0xff,
    0xff, 0xff, 0xff, 0xff, 0xff, 0xff, 0xa0, 0x00,
    0x00, 0x00, 0x00, 0x00, 0x00, 0x8f, 0xff, 0xff,
    0xff, 0xff, 0xff, 0xff, 0xff, 0xb0, 0x00, 0x00,
    0x00, 0x00, 0x00, 0x00, 0x8f, 0xf2, 0x11, 0x1f,
    0xfd, 0x11, 0x12, 0xff, 0xb0, 0x00, 0x00, 0x00,
    0x00, 0x00, 0x00, 0x8f, 0xf1, 0x00, 0x0f, 0xfc,
    0x00, 0x01, 0xff, 0xb0, 0x00, 0x00, 0x00, 0x00,
    0x00, 0x00, 0x8f, 0xfd, 0xdd, 0xdf, 0xff, 0xdd,
    0xdd, 0xff, 0xb0, 0x00, 0x06, 0x99, 0x99, 0x96,
    0x00, 0x8f, 0xff, 0xff, 0xff, 0xff, 0xff, 0xff,
    0xff, 0xb0, 0x00, 0x0b, 0xff, 0xff, 0xfa, 0x00,
    0x8f, 0xf1, 0x00, 0x0f, 0xfc, 0x00, 0x01, 0xff,
    0xb0, 0x00, 0x0b, 0xff, 0xff, 0xfa, 0x00, 0x8f,
    0xf1, 0x00, 0x0f, 0xfc, 0x00, 0x01, 0xff, 0xb0,
    0x00, 0x00, 0x00, 0x1f, 0xfa, 0x00, 0x8f, 0xff,
    0xff, 0xff, 0xff, 0xff, 0xff, 0xff, 0xb0, 0x00,
    0x00, 0x00, 0x1f, 0xfa, 0x00, 0x8f, 0xff, 0xff,
    0xff, 0xff, 0xff, 0xff, 0xff, 0xb0, 0x00, 0x00,
    0x00, 0x1f, 0xfa, 0x00, 0x01, 0x11, 0x11, 0x1f,
    0xfd, 0x11, 0x11, 0x11, 0x10, 0x00, 0x00, 0x00,
    0x1f, 0xfa, 0x02, 0x22, 0x22, 0x22, 0x2f, 0xfd,
    0x22, 0x22, 0x22, 0x22, 0x10, 0x00, 0x00, 0x1f,
    0xfa, 0x3f, 0xff, 0xff, 0xff, 0xff, 0xff, 0xff,
    0xff, 0xff, 0xff, 0x70, 0x00, 0x00, 0x1f, 0xfa,
    0x3f, 0xff, 0xff, 0xff, 0xff, 0xff, 0xff, 0xff,
    0xff, 0xff, 0x70, 0x00, 0x00, 0x1f, 0xfa, 0x03,
    0x33, 0x33, 0x33, 0x3f, 0xfd, 0x33, 0x33, 0x33,
    0x33, 0x10, 0x00, 0x00, 0x6f, 0xfe, 0x10, 0x00,
    0x00, 0x00, 0x0f, 0xfc, 0x00, 0x00, 0x00, 0x00,
    0x00, 0x00, 0x08, 0xff, 0xff, 0xc1, 0x00, 0x00,
    0x00, 0x0f, 0xfc, 0x00, 0x00, 0x00, 0x00, 0x00,
    0x00, 0xbf, 0xff, 0xcf, 0xff, 0x82, 0x00, 0x00,
    0x06, 0x65, 0x00, 0x00, 0x00, 0x00, 0x00, 0x0d,
    0xff, 0xf6, 0x09, 0xff, 0xff, 0xec, 0xaa, 0x99,
    0x99, 0x99, 0x99, 0xaa, 0xbc, 0xa0, 0x08, 0xff,
    0x50, 0x00, 0x6e, 0xff, 0xff, 0xff, 0xff, 0xff,
    0xff, 0xff, 0xff, 0xff, 0x80, 0x01, 0xe4, 0x00,
    0x00, 0x00, 0x59, 0xce, 0xff, 0xff, 0xff, 0xff,
    0xff, 0xff, 0xfe, 0x30, 0x00, 0x10, 0x00, 0x00,
    0x00, 0x00, 0x00, 0x00, 0x00, 0x11, 0x11, 0x10,
    0x00, 0x00, 0x00,

    /* U+9032 "進" */
    0x00, 0x00, 0x00, 0x00, 0x00, 0x00, 0x01, 0x40,
    0x00, 0x00, 0x11, 0x00, 0x00, 0x00, 0x00, 0x00,
    0x09, 0x20, 0x00, 0x00, 0x00, 0x08, 0xff, 0x70,
    0x00, 0x7f, 0xe7, 0x00, 0x00, 0x00, 0x02, 0xdf,
    0xf4, 0x00, 0x00, 0x00, 0x1f, 0xff, 0x40, 0x00,
    0xcf, 0xf4, 0x00, 0x00, 0x00, 0x00, 0xaf, 0xff,
    0x50, 0x00, 0x00, 0x8f, 0xfc, 0x00, 0x02, 0xff,
    0xc0, 0x00, 0x00, 0x00, 0x00, 0x0a, 0xff, 0xf4,
    0x00, 0x02, 0xff, 0xf4, 0x00, 0x08, 0xff, 0x50,
    0x00, 0x00, 0x00, 0x00, 0x00, 0xaf, 0xff, 0x20,
    0x0c, 0xff, 0xff, 0xff, 0xff, 0xff, 0xff, 0xff,
    0xff, 0x00, 0x00, 0x00, 0x0c, 0xfc, 0x20, 0x8f,
    0xff, 0xff, 0xff, 0xff, 0xff, 0xff, 0xff, 0xff,
    0x00, 0x00, 0x00, 0x01, 0x80, 0x06, 0xff, 0xff,
    0x66, 0x66, 0x7f, 0xfc, 0x66, 0x66, 0x66, 0x00,
    0x00, 0x00, 0x00, 0x00, 0x5f, 0xff, 0xff, 0x00,
    0x00, 0x1f, 0xfa, 0x00, 0x00, 0x00, 0x00, 0x00,
    0x00, 0x00, 0x06, 0xff, 0xff, 0xff, 0x00, 0x00,
    0x1f, 0xfa, 0x00, 0x00, 0x00, 0x00, 0x00, 0x00,
    0x00, 0x08, 0xff, 0xdc, 0xff, 0xff, 0xff, 0xff,
    0xff, 0xff, 0xff, 0xf3, 0x00, 0x00, 0x00, 0x00,
    0x00, 0x9d, 0x1b, 0xff, 0xff, 0xff, 0xff, 0xff,
    0xff, 0xff, 0xf3, 0x00, 0x08, 0xbb, 0xbb, 0xb7,
    0x00, 0x0b, 0xff, 0x66, 0x66, 0x7f, 0xfc, 0x66,
    0x66, 0x61, 0x00, 0x0b, 0xff, 0xff, 0xfa, 0x00,
    0x0b, 0xff, 0x00, 0x00, 0x1f, 0xfa, 0x00, 0x00,
    0x00, 0x00, 0x0a, 0xee, 0xef, 0xfa, 0x00, 0x0b,
    0xff, 0x00, 0x00, 0x1f, 0xfa, 0x00, 0x00, 0x00,
    0x00, 0x00, 0x00, 0x1f, 0xfa, 0x00, 0x0b, 0xff,
    0xff, 0xff, 0xff, 0xff, 0xff, 0xff, 0xf1, 0x00,
    0x00, 0x00, 0x1f, 0xfa, 0x00, 0x0b, 0xff, 0xff,
    0xff, 0xff, 0xff, 0xff, 0xff, 0xf2, 0x00, 0x00,
    0x00, 0x1f, 0xfa, 0x00, 0x0b, 0xff, 0x66, 0x66,
    0x7f, 0xfc, 0x66, 0x66, 0x60, 0x00, 0x00, 0x00,
    0x1f, 0xfa, 0x00, 0x0b, 0xff, 0x00, 0x00, 0x1f,
    0xfa, 0x00, 0x00, 0x00, 0x00, 0x00, 0x00, 0x1f,
    0xfa, 0x00, 0x0b, 0xff, 0x00, 0x00, 0x1f, 0xfa,
    0x00, 0x00, 0x00, 0x00, 0x00, 0x00, 0x1f, 0xfa,
    0x00, 0x0c, 0xff, 0xdd, 0xdd, 0xdf, 0xff, 0xdd,
    0xdd, 0xdd, 0x60, 0x00, 0x00, 0x1f, 0xfa, 0x00,
    0x0b, 0xff, 0xff, 0xff, 0xff, 0xff, 0xff, 0xff,
    0xff, 0x80, 0x00, 0x00, 0x6f, 0xfe, 0x10, 0x08,
    0xbb, 0xbb, 0xbb, 0xbb, 0xbb, 0xbb, 0xbb, 0xbb,
    0x50, 0x00, 0x08, 0xff, 0xff, 0xc1, 0x00, 0x00,
    0x00, 0x00, 0x00, 0x00, 0x00, 0x00, 0x00, 0x00,
    0x00, 0xbf, 0xff, 0xbf, 0xff, 0x82, 0x00, 0x00,
    0x00, 0x00, 0x00, 0x00, 0x00, 0x00, 0x00, 0x0d,
    0xff, 0xf6, 0x09, 0xff, 0xff, 0xec, 0xaa, 0x99,
    0x99, 0x99, 0x99, 0xaa, 0xbc, 0xc0, 0x08, 0xff,
    0x50, 0x00, 0x5e, 0xff, 0xff, 0xff, 0xff, 0xff,
    0xff, 0xff, 0xff, 0xff, 0xb0, 0x01, 0xe4, 0x00,
    0x00, 0x00, 0x49, 0xce, 0xff, 0xff, 0xff, 0xff,
    0xff, 0xff, 0xff, 0x60, 0x00, 0x10, 0x00, 0x00,
    0x00, 0x00, 0x00, 0x00, 0x00, 0x11, 0x11, 0x10,
    0x00, 0x00, 0x00,

    /* U+91D1 "金" */
    0x00, 0x00, 0x00, 0x00, 0x00, 0x00, 0x19, 0x99,
    0x10, 0x00, 0x00, 0x00, 0x00, 0x00, 0x00, 0x00,
    0x00, 0x00, 0x00, 0x00, 0x0b, 0xff, 0xfc, 0x00,
    0x00, 0x00, 0x00, 0x00, 0x00, 0x00, 0x00, 0x00,
    0x00, 0x00, 0x07, 0xff, 0xff, 0xfa, 0x00, 0x00,
    0x00, 0x00, 0x00, 0x00, 0x00, 0x00, 0x00, 0x00,
    0x05, 0xff, 0xf9, 0xff, 0xf9, 0x00, 0x00, 0x00,
    0x00, 0x00, 0x00, 0x00, 0x00, 0x00, 0x04, 0xff,
    0xfb, 0x05, 0xff, 0xf9, 0x00, 0x00, 0x00, 0x00,
    0x00, 0x00, 0x00, 0x00, 0x04, 0xff, 0xfc, 0x00,
    0x06, 0xff, 0xfb, 0x00, 0x00, 0x00, 0x00, 0x00,
    0x00, 0x00, 0x06, 0xff, 0xfd, 0x10, 0x00, 0x06,
    0xff, 0xfc, 0x10, 0x00, 0x00, 0x00, 0x00, 0x00,
    0x09, 0xff, 0xfc, 0x10, 0x00, 0x00, 0x05, 0xff,
    0xfe, 0x40, 0x00, 0x00, 0x00, 0x00, 0x2c, 0xff,
    0xfb, 0x00, 0x00, 0x00, 0x00, 0x04, 0xef, 0xff,
    0xa1, 0x00, 0x00, 0x00, 0x7f, 0xff, 0xfe, 0x77,
    0x77, 0x77, 0x77, 0x77, 0x79, 0xff, 0xff, 0xe6,
    0x00, 0x04, 0xdf, 0xff, 0xee, 0xff, 0xff, 0xff,
    0xff, 0xff, 0xff, 0xff, 0xbf, 0xff, 0xfe, 0x61,
    0xdf, 0xff, 0xb1, 0xcf, 0xff, 0xff, 0xff, 0xff,
    0xff, 0xff, 0xf4, 0x3d, 0xff, 0xf5, 0x03, 0xfe,
    0x50, 0x00, 0x00, 0x00, 0x0e, 0xff, 0x20, 0x00,
    0x00, 0x00, 0x07, 0xfa, 0x00, 0x04, 0x00, 0x00,
    0x00, 0x00, 0x00, 0xef, 0xf2, 0x00, 0x00, 0x00,
    0x00, 0x01, 0x10, 0x00, 0x00, 0x00, 0x00, 0x00,
    0x00, 0x0e, 0xff, 0x20, 0x00, 0x00, 0x00, 0x00,
    0x00, 0x00, 0x00, 0x12, 0x22, 0x22, 0x22, 0x22,
    0xef, 0xf4, 0x22, 0x22, 0x22, 0x22, 0x20, 0x00,
    0x00, 0x09, 0xff, 0xff, 0xff, 0xff, 0xff, 0xff,
    0xff, 0xff, 0xff, 0xff, 0xff, 0x00, 0x00, 0x00,
    0x9f, 0xff, 0xff, 0xff, 0xff, 0xff, 0xff, 0xff,
    0xff, 0xff, 0xff, 0xf0, 0x00, 0x00, 0x02, 0x44,
    0x46, 0x54, 0x44, 0x4e, 0xff, 0x64, 0x44, 0x47,
    0x44, 0x44, 0x00, 0x00, 0x00, 0x00, 0x1a, 0xf8,
    0x00, 0x00, 0xef, 0xf2, 0x00, 0x03, 0xfc, 0x50,
    0x00, 0x00, 0x00, 0x00, 0x00, 0xcf, 0xf3, 0x00,
    0x0e, 0xff, 0x20, 0x00, 0xbf, 0xf5, 0x00, 0x00,
    0x00, 0x00, 0x00, 0x02, 0xff, 0xc0, 0x00, 0xef,
    0xf2, 0x00, 0x4f, 0xfb, 0x00, 0x00, 0x00, 0x00,
    0x00, 0x00, 0x0a, 0xff, 0x40, 0x0e, 0xff, 0x20,
    0x0d, 0xfe, 0x10, 0x00, 0x00, 0x00, 0x00, 0x00,
    0x00, 0x2f, 0xfa, 0x00, 0xef, 0xf2, 0x08, 0xff,
    0x50, 0x00, 0x00, 0x00, 0x00, 0x00, 0x00, 0x00,
    0xa7, 0x00, 0x0e, 0xff, 0x20, 0x3a, 0x90, 0x00,
    0x00, 0x00, 0x00, 0x0f, 0xff, 0xff, 0xff, 0xff,
    0xff, 0xff, 0xff, 0xff, 0xff, 0xff, 0xff, 0xff,
    0x90, 0x00, 0xff, 0xff, 0xff, 0xff, 0xff, 0xff,
    0xff, 0xff, 0xff, 0xff, 0xff, 0xff, 0xf9, 0x00,
    0x08, 0x88, 0x88, 0x88, 0x88, 0x88, 0x88, 0x88,
    0x88, 0x88, 0x88, 0x88, 0x88, 0x50,

    /* U+9593 "間" */
    0x01, 0x21, 0x11, 0x11, 0x11, 0x11, 0x00, 0x11,
    0x11, 0x11, 0x11, 0x13, 0x10, 0x9f, 0xff, 0xff,
    0xff, 0xff, 0xfb, 0x00, 0xcf, 0xff, 0xff, 0xff,
    0xff, 0xfa, 0x9f, 0xff, 0xff, 0xff, 0xff, 0xfb,
    0x00, 0xcf, 0xff, 0xff, 0xff, 0xff, 0xfa, 0x9f,
    0xf4, 0x00, 0x00, 0x0d, 0xfb, 0x00, 0xcf, 0xe0,
    0x00, 0x00, 0x4f, 0xfa, 0x9f, 0xf4, 0x00, 0x00,
    0x0d, 0xfb, 0x00, 0xcf, 0xe0, 0x00, 0x00, 0x4f,
    0xfa, 0x9f, 0xff, 0xff, 0xff, 0xff, 0xfb, 0x00,
    0xcf, 0xff, 0xff, 0xff, 0xff, 0xfa, 0x9f, 0xff,
    0xff, 0xff, 0xff, 0xfb, 0x00, 0xcf, 0xff, 0xff,
    0xff, 0xff, 0xfa, 0x9f, 0xf4, 0x11, 0x11, 0x1d,
    0xfb, 0x00, 0xcf, 0xf1, 0x11, 0x11, 0x4f, 0xfa,
    0x9f, 0xf4, 0x00, 0x00, 0x0d, 0xfb, 0x00, 0xcf,
    0xe0, 0x00, 0x00, 0x4f, 0xfa, 0x9f, 0xfe, 0xdd,
    0xdd, 0xdf, 0xfb, 0x00, 0xcf, 0xfc, 0xcc, 0xcc,
    0xdf, 0xfa, 0x9f, 0xff, 0xff, 0xff, 0xff, 0xfb,
    0x00, 0xcf, 0xff, 0xff, 0xff, 0xff, 0xfa, 0x9f,
    0xf7, 0x44, 0x44, 0x44, 0x42, 0x00, 0x35, 0x55,
    0x55, 0x55, 0x7f, 0xfa, 0x9f, 0xf4, 0x00, 0x00,
    0x00, 0x00, 0x00, 0x00, 0x00, 0x00, 0x00, 0x4f,
    0xfa, 0x9f, 0xf4, 0x00, 0x02, 0x34, 0x33, 0x33,
    0x33, 0x33, 0x20, 0x00, 0x4f, 0xfa, 0x9f, 0xf4,
    0x00, 0x0a, 0xff, 0xff, 0xff, 0xff, 0xff, 0xa0,
    0x00, 0x4f, 0xfa, 0x9f, 0xf4, 0x00, 0x0a, 0xff,
    0xee, 0xee, 0xee, 0xff, 0xa0, 0x00, 0x4f, 0xfa,
    0x9f, 0xf4, 0x00, 0x0a, 0xfe, 0x00, 0x00, 0x00,
    0xff, 0xa0, 0x00, 0x4f, 0xfa, 0x9f, 0xf4, 0x00,
    0x0a, 0xfe, 0x00, 0x00, 0x00, 0xff, 0xa0, 0x00,
    0x4f, 0xfa, 0x9f, 0xf4, 0x00, 0x0a, 0xff, 0xff,
    0xff, 0xff, 0xff, 0xa0, 0x00, 0x4f, 0xfa, 0x9f,
    0xf4, 0x00, 0x0a, 0xff, 0xff, 0xff, 0xff, 0xff,
    0xa0, 0x00, 0x4f, 0xfa, 0x9f, 0xf4, 0x00, 0x0a,
    0xff, 0x11, 0x11, 0x11, 0xff, 0xa0, 0x00, 0x4f,
    0xfa, 0x9f, 0xf4, 0x00, 0x0a, 0xfe, 0x00, 0x00,
    0x00, 0xff, 0xa0, 0x00, 0x4f, 0xfa, 0x9f, 0xf4,
    0x00, 0x0a, 0xff, 0x33, 0x33, 0x33, 0xff, 0xa0,
    0x00, 0x4f, 0xfa, 0x9f, 0xf4, 0x00, 0x0a, 0xff,
    0xff, 0xff, 0xff, 0xff, 0xa0, 0x00, 0x4f, 0xfa,
    0x9f, 0xf4, 0x00, 0x0a, 0xff, 0xff, 0xff, 0xff,
    0xff, 0xa0, 0x00, 0x4f, 0xf9, 0x9f, 0xf4, 0x00,
    0x0a, 0xfe, 0x00, 0x00, 0x00, 0x00, 0xac, 0xcc,
    0xef, 0xf8, 0x9f, 0xf4, 0x00, 0x05, 0x77, 0x00,
    0x00, 0x00, 0x00, 0x7f, 0xff, 0xff, 0xf4, 0x9f,
    0xf4, 0x00, 0x00, 0x00, 0x00, 0x00, 0x00, 0x00,
    0x3f, 0xff, 0xfc, 0x50, 0x01, 0x10, 0x00, 0x00,
    0x00, 0x00, 0x00, 0x00, 0x00, 0x01, 0x00, 0x00,
    0x00,

    /* U+967D "陽" */
    0x00, 0x00, 0x00, 0x01, 0x00, 0x01, 0x22, 0x22,
    0x22, 0x22, 0x22, 0x22, 0x10, 0x00, 0x9f, 0xff,
    0xff, 0xff, 0x91, 0x08, 0xff, 0xff, 0xff, 0xff,
    0xff, 0xff, 0xc0, 0x00, 0x9f, 0xff, 0xff, 0xff,
    0xf2, 0x08, 0xff, 0xee, 0xee, 0xee, 0xee, 0xff,
    0xc0, 0x00, 0x9f, 0xf8, 0x88, 0xff, 0xd0, 0x08,
    0xff, 0x10, 0x00, 0x00, 0x00, 0xff, 0xc0, 0x00,
    0x9f, 0xe0, 0x01, 0xff, 0x80, 0x08, 0xff, 0x10,
    0x00, 0x00, 0x00, 0xff, 0xc0, 0x00, 0x9f, 0xe0,
    0x06, 0xff, 0x30, 0x08, 0xff, 0xff, 0xff, 0xff,
    0xff, 0xff, 0xc0, 0x00, 0x9f, 0xe0, 0x0b, 0xfd,
    0x00, 0x08, 0xff, 0xee, 0xee, 0xee, 0xee, 0xff,
    0xc0, 0x00, 0x9f, 0xe0, 0x0f, 0xf8, 0x00, 0x08,
    0xff, 0x10, 0x00, 0x00, 0x00, 0xff, 0xc0, 0x00,
    0x9f, 0xe0, 0x4f, 0xf2, 0x00, 0x08, 0xff, 0x32,
    0x22, 0x22, 0x22, 0xff, 0xc0, 0x00, 0x9f, 0xe0,
    0x9f, 0xc0, 0x00, 0x08, 0xff, 0xff, 0xff, 0xff,
    0xff, 0xff, 0xc0, 0x00, 0x9f, 0xe0, 0xcf, 0xc0,
    0x00, 0x07, 0xff, 0xff, 0xff, 0xff, 0xff, 0xff,
    0xb0, 0x00, 0x9f, 0xe0, 0x2f, 0xf9, 0x00, 0x00,
    0x00, 0x00, 0x00, 0x00, 0x00, 0x00, 0x00, 0x00,
    0x9f, 0xe0, 0x06, 0xff, 0x2d, 0xee, 0xee, 0xee,
    0xee, 0xee, 0xee, 0xee, 0xee, 0xe1, 0x9f, 0xe0,
    0x00, 0xff, 0x8f, 0xff, 0xff, 0xff, 0xff, 0xff,
    0xff, 0xff, 0xff, 0xf1, 0x9f, 0xe0, 0x00, 0xbf,
    0xc6, 0x66, 0xbf, 0xf7, 0x66, 0x66, 0x66, 0x66,
    0x66, 0x60, 0x9f, 0xe0, 0x00, 0x8f, 0xf0, 0x00,
    0xef, 0xc0, 0x00, 0x00, 0x00, 0x00, 0x00, 0x00,
    0x9f, 0xe0, 0x00, 0x8f, 0xf0, 0x09, 0xff, 0xdb,
    0xbb, 0xbb, 0xbb, 0xbb, 0xbb, 0x10, 0x9f, 0xe0,
    0x00, 0xcf, 0xf0, 0x6f, 0xff, 0xff, 0xff, 0xff,
    0xff, 0xff, 0xff, 0x10, 0x9f, 0xe4, 0xdf, 0xff,
    0xb5, 0xff, 0xeb, 0xcf, 0xfc, 0xbd, 0xff, 0xbd,
    0xff, 0x00, 0x9f, 0xe0, 0xff, 0xff, 0xbf, 0xfe,
    0x20, 0xaf, 0xe0, 0x0d, 0xfa, 0x09, 0xff, 0x00,
    0x9f, 0xe0, 0x78, 0x65, 0xff, 0xe3, 0x04, 0xff,
    0x60, 0x4f, 0xf4, 0x0a, 0xfe, 0x00, 0x9f, 0xe0,
    0x00, 0x00, 0x4d, 0x20, 0x2e, 0xfc, 0x00, 0xcf,
    0xc0, 0x0c, 0xfd, 0x00, 0x9f, 0xe0, 0x00, 0x00,
    0x00, 0x01, 0xdf, 0xe2, 0x06, 0xff, 0x40, 0x0e,
    0xfb, 0x00, 0x9f, 0xe0, 0x00, 0x00, 0x00, 0x1d,
    0xff, 0x40, 0x2f, 0xfa, 0x00, 0x0f, 0xf9, 0x00,
    0x9f, 0xe0, 0x00, 0x00, 0x02, 0xef, 0xf6, 0x01,
    0xdf, 0xe1, 0x00, 0x3f, 0xf7, 0x00, 0x9f, 0xe0,
    0x00, 0x00, 0x2f, 0xff, 0x60, 0x1c, 0xff, 0x43,
    0x55, 0xbf, 0xf3, 0x00, 0x9f, 0xe0, 0x00, 0x00,
    0x08, 0xf4, 0x00, 0x5f, 0xf7, 0x03, 0xff, 0xff,
    0xd0, 0x00, 0x9f, 0xe0, 0x00, 0x00, 0x00, 0x20,
    0x00, 0x04, 0x70, 0x00, 0xff, 0xfb, 0x20, 0x00,

    /* U+96FB "電" */
    0x00, 0x22, 0x22, 0x22, 0x22, 0x22, 0x22, 0x22,
    0x22, 0x22, 0x22, 0x22, 0x00, 0x00, 0x01, 0xff,
    0xff, 0xff, 0xff, 0xff, 0xff, 0xff, 0xff, 0xff,
    0xff, 0xff, 0x00, 0x00, 0x01, 0xff, 0xff, 0xff,
    0xff, 0xff, 0xff, 0xff, 0xff, 0xff, 0xff, 0xff,
    0x00, 0x00, 0x00, 0x00, 0x00, 0x00, 0x00, 0x08,
    0xff, 0x40, 0x00, 0x00, 0x00, 0x00, 0x00, 0x00,
    0x33, 0x33, 0x33, 0x33, 0x33, 0x39, 0xff, 0x73,
    0x33, 0x33, 0x33, 0x33, 0x33, 0x00, 0xff, 0xff,
    0xff, 0xff, 0xff, 0xff, 0xff, 0xff, 0xff, 0xff,
    0xff, 0xff, 0xff, 0x00, 0xff, 0xeb, 0xbb, 0xbb,
    0xbb, 0xbd, 0xff, 0xcb, 0xbb, 0xbb, 0xbb, 0xbe,
    0xff, 0x00, 0xff, 0xa0, 0x00, 0x00, 0x00, 0x08,
    0xff, 0x40, 0x00, 0x00, 0x00, 0x0b, 0xff, 0x00,
    0xff, 0xa0, 0xff, 0xff, 0xff, 0x38, 0xff, 0x41,
    0xff, 0xff, 0xff, 0x2b, 0xff, 0x00, 0xff, 0xa0,
    0x99, 0x99, 0x99, 0x18, 0xff, 0x40, 0x99, 0x99,
    0x99, 0x1b, 0xff, 0x00, 0xbb, 0x70, 0x00, 0x00,
    0x00, 0x08, 0xff, 0x40, 0x00, 0x00, 0x00, 0x08,
    0xbb, 0x00, 0x00, 0x09, 0xff, 0xff, 0xff, 0x38,
    0xff, 0x41, 0xff, 0xff, 0xff, 0xd0, 0x00, 0x00,
    0x00, 0x05, 0xaa, 0xaa, 0xaa, 0x18, 0xff, 0x40,
    0xaa, 0xaa, 0xaa, 0x80, 0x00, 0x00, 0x00, 0x00,
    0x00, 0x00, 0x00, 0x03, 0x66, 0x10, 0x00, 0x00,
    0x00, 0x00, 0x00, 0x00, 0x00, 0x4f, 0xff, 0xff,
    0xff, 0xff, 0xff, 0xff, 0xff, 0xff, 0xff, 0xf4,
    0x00, 0x00, 0x00, 0x4f, 0xff, 0xff, 0xff, 0xff,
    0xff, 0xff, 0xff, 0xff, 0xff, 0xf5, 0x00, 0x00,
    0x00, 0x4f, 0xf7, 0x00, 0x00, 0x0a, 0xff, 0x10,
    0x00, 0x00, 0x4f, 0xf5, 0x00, 0x00, 0x00, 0x4f,
    0xf7, 0x00, 0x00, 0x0a, 0xff, 0x20, 0x00, 0x00,
    0x4f, 0xf5, 0x00, 0x00, 0x00, 0x4f, 0xff, 0xff,
    0xff, 0xff, 0xff, 0xff, 0xff, 0xff, 0xff, 0xf5,
    0x00, 0x00, 0x00, 0x4f, 0xfd, 0xbb, 0xbb, 0xbe,
    0xff, 0xbb, 0xbb, 0xbb, 0xcf, 0xf5, 0x00, 0x00,
    0x00, 0x4f, 0xf7, 0x00, 0x00, 0x0a, 0xff, 0x10,
    0x00, 0x00, 0x4f, 0xf5, 0x00, 0x00, 0x00, 0x4f,
    0xff, 0xee, 0xee, 0xef, 0xff, 0xee, 0xee, 0xee,
    0xef, 0xf5, 0x10, 0x00, 0x00, 0x4f, 0xff, 0xff,
    0xff, 0xff, 0xff, 0xff, 0xff, 0xff, 0xff, 0xf5,
    0x7e, 0x90, 0x00, 0x4f, 0xf8, 0x11, 0x11, 0x1b,
    0xff, 0x21, 0x11, 0x11, 0x11, 0x10, 0xaf, 0xe0,
    0x00, 0x28, 0x83, 0x00, 0x00, 0x09, 0xff, 0x84,
    0x33, 0x33, 0x33, 0x35, 0xff, 0xa0, 0x00, 0x00,
    0x00, 0x00, 0x00, 0x04, 0xff, 0xff, 0xff, 0xff,
    0xff, 0xff, 0xff, 0x40, 0x00, 0x00, 0x00, 0x00,
    0x00, 0x00, 0x6c, 0xef, 0xff, 0xff, 0xff, 0xff,
    0xd6, 0x00,

    /* U+9762 "面" */
    0x1a, 0xaa, 0xaa, 0xaa, 0xaa, 0xaa, 0xaa, 0xaa,
    0xaa, 0xaa, 0xaa, 0xaa, 0xaa, 0xa7, 0x2f, 0xff,
    0xff, 0xff, 0xff, 0xff, 0xff, 0xff, 0xff, 0xff,
    0xff, 0xff, 0xff, 0xfb, 0x2f, 0xff, 0xff, 0xff,
    0xff, 0xff, 0xff, 0xff, 0xff, 0xff, 0xff, 0xff,
    0xff, 0xfb, 0x00, 0x00, 0x00, 0x00, 0x00, 0x02,
    0xff, 0xf2, 0x00, 0x00, 0x00, 0x00, 0x00, 0x00,
    0x00, 0x00, 0x00, 0x00, 0x00, 0x05, 0xff, 0xc0,
    0x00, 0x00, 0x00, 0x00, 0x00, 0x00, 0x00, 0x00,
    0x00, 0x00, 0x00, 0x08, 0xff, 0x70, 0x00, 0x00,
    0x00, 0x00, 0x00, 0x00, 0x00, 0xaa, 0xaa, 0xaa,
    0xaa, 0xae, 0xff, 0xba, 0xaa, 0xaa, 0xaa, 0xaa,
    0xaa, 0x00, 0x01, 0xff, 0xff, 0xff, 0xff, 0xff,
    0xff, 0xff, 0xff, 0xff, 0xff, 0xff, 0xff, 0x00,
    0x01, 0xff, 0xff, 0xff, 0xff, 0xff, 0xff, 0xff,
    0xff, 0xff, 0xff, 0xff, 0xff, 0x00, 0x01, 0xff,
    0xb0, 0x00, 0x8f, 0xf0, 0x00, 0x00, 0x6f, 0xf3,
    0x00, 0x0d, 0xff, 0x00, 0x01, 0xff, 0xb0, 0x00,
    0x8f, 0xf0, 0x00, 0x00, 0x6f, 0xf3, 0x00, 0x0d,
    0xff, 0x00, 0x01, 0xff, 0xb0, 0x00, 0x8f, 0xf1,
    0x00, 0x00, 0x6f, 0xf3, 0x00, 0x0d, 0xff, 0x00,
    0x01, 0xff, 0xb0, 0x00, 0x8f, 0xff, 0xff, 0xff,
    0xff, 0xf3, 0x00, 0x0d, 0xff, 0x00, 0x01, 0xff,
    0xb0, 0x00, 0x8f, 0xff, 0xff, 0xff, 0xff, 0xf3,
    0x00, 0x0d, 0xff, 0x00, 0x01, 0xff, 0xb0, 0x00,
    0x8f, 0xf4, 0x33, 0x33, 0x8f, 0xf3, 0x00, 0x0d,
    0xff, 0x00, 0x01, 0xff, 0xb0, 0x00, 0x8f, 0xf0,
    0x00, 0x00, 0x6f, 0xf3, 0x00, 0x0d, 0xff, 0x00,
    0x01, 0xff, 0xb0, 0x00, 0x8f, 0xf0, 0x00, 0x00,
    0x6f, 0xf3, 0x00, 0x0d, 0xff, 0x00, 0x01, 0xff,
    0xb0, 0x00, 0x8f, 0xff, 0xff, 0xff, 0xff, 0xf3,
    0x00, 0x0d, 0xff, 0x00, 0x01, 0xff, 0xb0, 0x00,
    0x8f, 0xff, 0xff, 0xff, 0xff, 0xf3, 0x00, 0x0d,
    0xff, 0x00, 0x01, 0xff, 0xb0, 0x00, 0x8f, 0xf5,
    0x44, 0x44, 0x9f, 0xf3, 0x00, 0x0d, 0xff, 0x00,
    0x01, 0xff, 0xb0, 0x00, 0x8f, 0xf0, 0x00, 0x00,
    0x6f, 0xf3, 0x00, 0x0d, 0xff, 0x00, 0x01, 0xff,
    0xb0, 0x00, 0x8f, 0xf0, 0x00, 0x00, 0x6f, 0xf3,
    0x00, 0x0d, 0xff, 0x00, 0x01, 0xff, 0xfe, 0xee,
    0xff, 0xfe, 0xee, 0xee, 0xff, 0xfe, 0xee, 0xef,
    0xff, 0x00, 0x01, 0xff, 0xff, 0xff, 0xff, 0xff,
    0xff, 0xff, 0xff, 0xff, 0xff, 0xff, 0xff, 0x00,
    0x01, 0xff, 0xeb, 0xbb, 0xbb, 0xbb, 0xbb, 0xbb,
    0xbb, 0xbb, 0xbb, 0xbf, 0xff, 0x00, 0x01, 0xff,
    0xb0, 0x00, 0x00, 0x00, 0x00, 0x00, 0x00, 0x00,
    0x00, 0x0d, 0xff, 0x00, 0x01, 0xff, 0xb0, 0x00,
    0x00, 0x00, 0x00, 0x00, 0x00, 0x00, 0x00, 0x0d,
    0xff, 0x00,

    /* U+97F3 "音" */
    0x00, 0x00, 0x00, 0x00, 0x00, 0x00, 0x01, 0x10,
    0x00, 0x00, 0x00, 0x00, 0x00, 0x00, 0x00, 0x00,
    0x00, 0x00, 0x00, 0x00, 0x9f, 0xf7, 0x00, 0x00,
    0x00, 0x00, 0x00, 0x00, 0x00, 0x00, 0x00, 0x00,
    0x00, 0x00, 0x9f, 0xf7, 0x00, 0x00, 0x00, 0x00,
    0x00, 0x00, 0x00, 0x48, 0x88, 0x88, 0x88, 0x88,
    0xcf, 0xfb, 0x88, 0x88, 0x88, 0x88, 0x88, 0x10,
    0x00, 0x9f, 0xff, 0xff, 0xff, 0xff, 0xff, 0xff,
    0xff, 0xff, 0xff, 0xff, 0xff, 0x20, 0x00, 0x9f,
    0xff, 0xff, 0xff, 0xff, 0xff, 0xff, 0xff, 0xff,
    0xff, 0xff, 0xff, 0x20, 0x00, 0x00, 0x00, 0x6d,
    0xf7, 0x00, 0x00, 0x00, 0x00, 0x2f, 0xfc, 0x10,
    0x00, 0x00, 0x00, 0x00, 0x00, 0x2f, 0xfe, 0x00,
    0x00, 0x00, 0x00, 0x8f, 0xfb, 0x00, 0x00, 0x00,
    0x00, 0x00, 0x00, 0x0b, 0xff, 0x60, 0x00, 0x00,
    0x00, 0xef, 0xf4, 0x00, 0x00, 0x00, 0x00, 0x00,
    0x00, 0x06, 0xff, 0xb0, 0x00, 0x00, 0x06, 0xff,
    0xb0, 0x00, 0x00, 0x00, 0x19, 0x99, 0x99, 0x9a,
    0xff, 0xb9, 0x99, 0x99, 0x9b, 0xff, 0xb9, 0x99,
    0x99, 0x96, 0x3f, 0xff, 0xff, 0xff, 0xff, 0xff,
    0xff, 0xff, 0xff, 0xff, 0xff, 0xff, 0xff, 0xfa,
    0x2f, 0xff, 0xff, 0xff, 0xff, 0xff, 0xff, 0xff,
    0xff, 0xff, 0xff, 0xff, 0xff, 0xfa, 0x00, 0x00,
    0x00, 0x00, 0x00, 0x00, 0x00, 0x00, 0x00, 0x00,
    0x00, 0x00, 0x00, 0x00, 0x00, 0x00, 0x00, 0x00,
    0x00, 0x00, 0x00, 0x00, 0x00, 0x00, 0x00, 0x00,
    0x00, 0x00, 0x00, 0x00, 0x0f, 0xff, 0xff, 0xff,
    0xff, 0xff, 0xff, 0xff, 0xff, 0xf8, 0x00, 0x00,
    0x00, 0x00, 0x1f, 0xff, 0xff, 0xff, 0xff, 0xff,
    0xff, 0xff, 0xff, 0xf8, 0x00, 0x00, 0x00, 0x00,
    0x1f, 0xfd, 0x66, 0x66, 0x66, 0x66, 0x66, 0x66,
    0xaf, 0xf8, 0x00, 0x00, 0x00, 0x00, 0x1f, 0xfc,
    0x00, 0x00, 0x00, 0x00, 0x00, 0x00, 0x6f, 0xf8,
    0x00, 0x00, 0x00, 0x00, 0x1f, 0xfc, 0x00, 0x00,
    0x00, 0x00, 0x00, 0x00, 0x6f, 0xf8, 0x00, 0x00,
    0x00, 0x00, 0x1f, 0xff, 0xff, 0xff, 0xff, 0xff,
    0xff, 0xff, 0xff, 0xf8, 0x00, 0x00, 0x00, 0x00,
    0x1f, 0xff, 0xff, 0xff, 0xff, 0xff, 0xff, 0xff,
    0xff, 0xf8, 0x00, 0x00, 0x00, 0x00, 0x1f, 0xfd,
    0x44, 0x44, 0x44, 0x44, 0x44, 0x44, 0x9f, 0xf8,
    0x00, 0x00, 0x00, 0x00, 0x1f, 0xfc, 0x00, 0x00,
    0x00, 0x00, 0x00, 0x00, 0x6f, 0xf8, 0x00, 0x00,
    0x00, 0x00, 0x1f, 0xfc, 0x00, 0x00, 0x00, 0x00,
    0x00, 0x00, 0x6f, 0xf8, 0x00, 0x00, 0x00, 0x00,
    0x1f, 0xff, 0xff, 0xff, 0xff, 0xff, 0xff, 0xff,
    0xff, 0xf8, 0x00, 0x00, 0x00, 0x00, 0x1f, 0xff,
    0xff, 0xff, 0xff, 0xff, 0xff, 0xff, 0xff, 0xf8,
    0x00, 0x00, 0x00, 0x00, 0x1f, 0xfd, 0x66, 0x66,
    0x66, 0x66, 0x66, 0x66, 0xaf, 0xf8, 0x00, 0x00,
    0x00, 0x00, 0x1f, 0xfc, 0x00, 0x00, 0x00, 0x00,
    0x00, 0x00, 0x6f, 0xf8, 0x00, 0x00, 0x00, 0x00,
    0x00, 0x00, 0x00, 0x00, 0x00, 0x00, 0x00, 0x00,
    0x00, 0x00, 0x00, 0x00,

    /* U+9806 "順" */
    0x00, 0x00, 0x00, 0x00, 0x00, 0x01, 0x10, 0x00,
    0x00, 0x00, 0x00, 0x00, 0x00, 0x00, 0x00, 0x00,
    0x4f, 0xf0, 0x00, 0x00, 0x2f, 0xf3, 0x4c, 0xcc,
    0xcc, 0xcc, 0xcc, 0xcc, 0xcc, 0xb0, 0x00, 0x4f,
    0xf0, 0x00, 0x00, 0x2f, 0xf3, 0x6f, 0xff, 0xff,
    0xff, 0xff, 0xff, 0xff, 0xe0, 0x00, 0x4f, 0xf0,
    0x1d, 0xc0, 0x2f, 0xf3, 0x4a, 0xaa, 0xaa, 0xef,
    0xfc, 0xaa, 0xaa, 0x90, 0x00, 0x4f, 0xf0, 0x2f,
    0xe0, 0x2f, 0xf3, 0x00, 0x00, 0x00, 0xcf, 0xf2,
    0x00, 0x00, 0x00, 0x00, 0x4f, 0xf0, 0x2f, 0xe0,
    0x2f, 0xf3, 0x00, 0x00, 0x00, 0xff, 0xc0, 0x00,
    0x00, 0x00, 0x00, 0x4f, 0xf0, 0x2f, 0xe0, 0x2f,
    0xf3, 0x07, 0xee, 0xee, 0xff, 0xfe, 0xee, 0xee,
    0x20, 0x00, 0x4f, 0xf0, 0x2f, 0xe0, 0x2f, 0xf3,
    0x08, 0xff, 0xff, 0xff, 0xff, 0xff, 0xff, 0x20,
    0x00, 0x4f, 0xf0, 0x2f, 0xe0, 0x2f, 0xf3, 0x08,
    0xff, 0x43, 0x33, 0x33, 0x3a, 0xff, 0x20, 0x00,
    0x4f, 0xf0, 0x2f, 0xe0, 0x2f, 0xf3, 0x08, 0xff,
    0x10, 0x00, 0x00, 0x09, 0xff, 0x20, 0x00, 0x4f,
    0xf0, 0x2f, 0xe0, 0x2f, 0xf3, 0x08, 0xff, 0x54,
    0x44, 0x44, 0x4a, 0xff, 0x20, 0x00, 0x4f, 0xf0,
    0x2f, 0xe0, 0x2f, 0xf3, 0x08, 0xff, 0xff, 0xff,
    0xff, 0xff, 0xff, 0x20, 0x00, 0x4f, 0xf0, 0x2f,
    0xe0, 0x2f, 0xf3, 0x08, 0xff, 0xcb, 0xbb, 0xbb,
    0xbe, 0xff, 0x20, 0x00, 0x4f, 0xf0, 0x2f, 0xe0,
    0x2f, 0xf3, 0x08, 0xff, 0x10, 0x00, 0x00, 0x09,
    0xff, 0x20, 0x00, 0x4f, 0xf0, 0x2f, 0xe0, 0x2f,
    0xf3, 0x08, 0xff, 0x10, 0x00, 0x00, 0x09, 0xff,
    0x20, 0x00, 0x5f, 0xf0, 0x2f, 0xe0, 0x2f, 0xf3,
    0x08, 0xff, 0xcb, 0xbb, 0xbb, 0xbe, 0xff, 0x20,
    0x00, 0x5f, 0xf0, 0x2f, 0xe0, 0x2f, 0xf3, 0x08,
    0xff, 0xff, 0xff, 0xff, 0xff, 0xff, 0x20, 0x00,
    0x6f, 0xf0, 0x2f, 0xe0, 0x2f, 0xf3, 0x08, 0xff,
    0x54, 0x44, 0x44, 0x4a, 0xff, 0x20, 0x00, 0x7f,
    0xe0, 0x2f, 0xe0, 0x2f, 0xf3, 0x08, 0xff, 0x10,
    0x00, 0x00, 0x09, 0xff, 0x20, 0x00, 0x8f, 0xd0,
    0x2f, 0xe0, 0x2f, 0xf3, 0x08, 0xff, 0x33, 0x33,
    0x33, 0x3a, 0xff, 0x20, 0x00, 0x9f, 0xb0, 0x2f,
    0xe0, 0x2f, 0xf3, 0x08, 0xff, 0xff, 0xff, 0xff,
    0xff, 0xff, 0x20, 0x00, 0xbf, 0x90, 0x2f, 0xe0,
    0x2f, 0xf3, 0x07, 0xff, 0xff, 0xff, 0xff, 0xff,
    0xff, 0x20, 0x00, 0xef, 0x70, 0x2f, 0xe0, 0x2f,
    0xf3, 0x00, 0x00, 0x71, 0x00, 0x00, 0x42, 0x00,
    0x00, 0x02, 0xff, 0x30, 0x18, 0x70, 0x2f, 0xf3,
    0x00, 0x1b, 0xff, 0x60, 0x0a, 0xff, 0x50, 0x00,
    0x07, 0xff, 0x00, 0x00, 0x00, 0x2f, 0xf3, 0x05,
    0xef, 0xfe, 0x30, 0x06, 0xff, 0xfa, 0x00, 0x0d,
    0xfb, 0x00, 0x00, 0x00, 0x2f, 0xf7, 0xcf, 0xff,
    0xb1, 0x00, 0x00, 0x2d, 0xff, 0xd2, 0x07, 0xf4,
    0x00, 0x00, 0x00, 0x1b, 0xb8, 0xff, 0xe6, 0x00,
    0x00, 0x00, 0x01, 0xbf, 0xf5, 0x00, 0x40, 0x00,
    0x00, 0x00, 0x00, 0x00, 0x58, 0x10, 0x00, 0x00,
    0x00, 0x00, 0x08, 0x20
};

/*---------------------
 *  GLYPH DESCRIPTION
 *--------------------*/

static const lv_font_fmt_txt_glyph_dsc_t glyph_dsc[] = {
    {.bitmap_index = 0, .adv_w = 0, .box_w = 0, .box_h = 0, .ofs_x = 0, .ofs_y = 0} /* id = 0 reserved */,
    {.bitmap_index = 0, .adv_w = 108, .box_w = 0, .box_h = 0, .ofs_x = 0, .ofs_y = 0},
    {.bitmap_index = 0, .adv_w = 165, .box_w = 6, .box_h = 23, .ofs_x = 2, .ofs_y = 0},
    {.bitmap_index = 69, .adv_w = 249, .box_w = 11, .box_h = 10, .ofs_x = 2, .ofs_y = 14},
    {.bitmap_index = 124, .adv_w = 274, .box_w = 16, .box_h = 22, .ofs_x = 1, .ofs_y = 0},
    {.bitmap_index = 300, .adv_w = 274, .box_w = 15, .box_h = 30, .ofs_x = 1, .ofs_y = -4},
    {.bitmap_index = 525, .adv_w = 451, .box_w = 27, .box_h = 22, .ofs_x = 1, .ofs_y = 0},
    {.bitmap_index = 822, .adv_w = 339, .box_w = 20, .box_h = 22, .ofs_x = 1, .ofs_y = 0},
    {.bitmap_index = 1042, .adv_w = 143, .box_w = 5, .box_h = 10, .ofs_x = 2, .ofs_y = 14},
    {.bitmap_index = 1067, .adv_w = 171, .box_w = 8, .box_h = 31, .ofs_x = 2, .ofs_y = -6},
    {.bitmap_index = 1191, .adv_w = 171, .box_w = 8, .box_h = 31, .ofs_x = 1, .ofs_y = -6},
    {.bitmap_index = 1315, .adv_w = 232, .box_w = 12, .box_h = 11, .ofs_x = 1, .ofs_y = 13},
    {.bitmap_index = 1381, .adv_w = 274, .box_w = 15, .box_h = 16, .ofs_x = 1, .ofs_y = 3},
    {.bitmap_index = 1501, .adv_w = 143, .box_w = 7, .box_h = 12, .ofs_x = 1, .ofs_y = -7},
    {.bitmap_index = 1543, .adv_w = 171, .box_w = 9, .box_h = 3, .ofs_x = 1, .ofs_y = 7},
    {.bitmap_index = 1557, .adv_w = 143, .box_w = 5, .box_h = 5, .ofs_x = 2, .ofs_y = 0},
    {.bitmap_index = 1570, .adv_w = 187, .box_w = 12, .box_h = 30, .ofs_x = 0, .ofs_y = -6},
    {.bitmap_index = 1750, .adv_w = 274, .box_w = 15, .box_h = 22, .ofs_x = 1, .ofs_y = 0},
    {.bitmap_index = 1915, .adv_w = 274, .box_w = 14, .box_h = 22, .ofs_x = 2, .ofs_y = 0},
    {.bitmap_index = 2069, .adv_w = 274, .box_w = 15, .box_h = 22, .ofs_x = 1, .ofs_y = 0},
    {.bitmap_index = 2234, .adv_w = 274, .box_w = 16, .box_h = 22, .ofs_x = 0, .ofs_y = 0},
    {.bitmap_index = 2410, .adv_w = 274, .box_w = 17, .box_h = 22, .ofs_x = 0, .ofs_y = 0},
    {.bitmap_index = 2597, .adv_w = 274, .box_w = 16, .box_h = 22, .ofs_x = 0, .ofs_y = 0},
    {.bitmap_index = 2773, .adv_w = 274, .box_w = 15, .box_h = 22, .ofs_x = 1, .ofs_y = 0},
    {.bitmap_index = 2938, .adv_w = 274, .box_w = 15, .box_h = 22, .ofs_x = 1, .ofs_y = 0},
    {.bitmap_index = 3103, .adv_w = 274, .box_w = 15, .box_h = 22, .ofs_x = 1, .ofs_y = 0},
    {.bitmap_index = 3268, .adv_w = 274, .box_w = 15, .box_h = 22, .ofs_x = 1, .ofs_y = 0},
    {.bitmap_index = 3433, .adv_w = 143, .box_w = 5, .box_h = 17, .ofs_x = 2, .ofs_y = 0},
    {.bitmap_index = 3476, .adv_w = 143, .box_w = 7, .box_h = 24, .ofs_x = 1, .ofs_y = -7},
    {.bitmap_index = 3560, .adv_w = 274, .box_w = 15, .box_h = 15, .ofs_x = 1, .ofs_y = 4},
    {.bitmap_index = 3673, .adv_w = 274, .box_w = 15, .box_h = 10, .ofs_x = 1, .ofs_y = 7},
    {.bitmap_index = 3748, .adv_w = 274, .box_w = 15, .box_h = 15, .ofs_x = 1, .ofs_y = 4},
    {.bitmap_index = 3861, .adv_w = 236, .box_w = 13, .box_h = 24, .ofs_x = 1, .ofs_y = 0},
    {.bitmap_index = 4017, .adv_w = 467, .box_w = 27, .box_h = 28, .ofs_x = 1, .ofs_y = -6},
    {.bitmap_index = 4395, .adv_w = 299, .box_w = 19, .box_h = 22, .ofs_x = 0, .ofs_y = 0},
    {.bitmap_index = 4604, .adv_w = 320, .box_w = 17, .box_h = 22, .ofs_x = 2, .ofs_y = 0},
    {.bitmap_index = 4791, .adv_w = 310, .box_w = 18, .box_h = 22, .ofs_x = 1, .ofs_y = 0},
    {.bitmap_index = 4989, .adv_w = 336, .box_w = 18, .box_h = 22, .ofs_x = 2, .ofs_y = 0},
    {.bitmap_index = 5187, .adv_w = 288, .box_w = 15, .box_h = 22, .ofs_x = 2, .ofs_y = 0},
    {.bitmap_index = 5352, .adv_w = 272, .box_w = 14, .box_h = 22, .ofs_x = 2, .ofs_y = 0},
    {.bitmap_index = 5506, .adv_w = 336, .box_w = 18, .box_h = 22, .ofs_x = 1, .ofs_y = 0},
    {.bitmap_index = 5704, .adv_w = 356, .box_w = 18, .box_h = 22, .ofs_x = 2, .ofs_y = 0},
    {.bitmap_index = 5902, .adv_w = 148, .box_w = 5, .box_h = 22, .ofs_x = 2, .ofs_y = 0},
    {.bitmap_index = 5957, .adv_w = 264, .box_w = 14, .box_h = 22, .ofs_x = 0, .ofs_y = 0},
    {.bitmap_index = 6111, .adv_w = 319, .box_w = 18, .box_h = 22, .ofs_x = 2, .ofs_y = 0},
    {.bitmap_index = 6309, .adv_w = 268, .box_w = 14, .box_h = 22, .ofs_x = 2, .ofs_y = 0},
    {.bitmap_index = 6463, .adv_w = 398, .box_w = 21, .box_h = 22, .ofs_x = 2, .ofs_y = 0},
    {.bitmap_index = 6694, .adv_w = 352, .box_w = 18, .box_h = 22, .ofs_x = 2, .ofs_y = 0},
    {.bitmap_index = 6892, .adv_w = 362, .box_w = 20, .box_h = 22, .ofs_x = 1, .ofs_y = 0},
    {.bitmap_index = 7112, .adv_w = 311, .box_w = 17, .box_h = 22, .ofs_x = 2, .ofs_y = 0},
    {.bitmap_index = 7299, .adv_w = 362, .box_w = 21, .box_h = 27, .ofs_x = 1, .ofs_y = -5},
    {.bitmap_index = 7583, .adv_w = 315, .box_w = 17, .box_h = 22, .ofs_x = 2, .ofs_y = 0},
    {.bitmap_index = 7770, .adv_w = 292, .box_w = 16, .box_h = 22, .ofs_x = 1, .ofs_y = 0},
    {.bitmap_index = 7946, .adv_w = 293, .box_w = 18, .box_h = 22, .ofs_x = 0, .ofs_y = 0},
    {.bitmap_index = 8144, .adv_w = 352, .box_w = 18, .box_h = 22, .ofs_x = 2, .ofs_y = 0},
    {.bitmap_index = 8342, .adv_w = 285, .box_w = 19, .box_h = 22, .ofs_x = -1, .ofs_y = 0},
    {.bitmap_index = 8551, .adv_w = 429, .box_w = 27, .box_h = 22, .ofs_x = 0, .ofs_y = 0},
    {.bitmap_index = 8848, .adv_w = 286, .box_w = 18, .box_h = 22, .ofs_x = 0, .ofs_y = 0},
    {.bitmap_index = 9046, .adv_w = 265, .box_w = 18, .box_h = 22, .ofs_x = -1, .ofs_y = 0},
    {.bitmap_index = 9244, .adv_w = 291, .box_w = 16, .box_h = 22, .ofs_x = 1, .ofs_y = 0},
    {.bitmap_index = 9420, .adv_w = 171, .box_w = 7, .box_h = 29, .ofs_x = 3, .ofs_y = -5},
    {.bitmap_index = 9522, .adv_w = 187, .box_w = 12, .box_h = 30, .ofs_x = 0, .ofs_y = -6},
    {.bitmap_index = 9702, .adv_w = 171, .box_w = 7, .box_h = 29, .ofs_x = 1, .ofs_y = -5},
    {.bitmap_index = 9804, .adv_w = 274, .box_w = 15, .box_h = 13, .ofs_x = 1, .ofs_y = 10},
    {.bitmap_index = 9902, .adv_w = 270, .box_w = 17, .box_h = 3, .ofs_x = 0, .ofs_y = -4},
    {.bitmap_index = 9928, .adv_w = 295, .box_w = 9, .box_h = 8, .ofs_x = 3, .ofs_y = 19},
    {.bitmap_index = 9964, .adv_w = 276, .box_w = 14, .box_h = 17, .ofs_x = 1, .ofs_y = 0},
    {.bitmap_index = 10083, .adv_w = 302, .box_w = 16, .box_h = 24, .ofs_x = 2, .ofs_y = 0},
    {.bitmap_index = 10275, .adv_w = 248, .box_w = 14, .box_h = 17, .ofs_x = 1, .ofs_y = 0},
    {.bitmap_index = 10394, .adv_w = 302, .box_w = 16, .box_h = 24, .ofs_x = 1, .ofs_y = 0},
    {.bitmap_index = 10586, .adv_w = 272, .box_w = 15, .box_h = 17, .ofs_x = 1, .ofs_y = 0},
    {.bitmap_index = 10714, .adv_w = 166, .box_w = 12, .box_h = 24, .ofs_x = 0, .ofs_y = 0},
    {.bitmap_index = 10858, .adv_w = 277, .box_w = 16, .box_h = 24, .ofs_x = 1, .ofs_y = -7},
    {.bitmap_index = 11050, .adv_w = 298, .box_w = 15, .box_h = 24, .ofs_x = 2, .ofs_y = 0},
    {.bitmap_index = 11230, .adv_w = 138, .box_w = 5, .box_h = 24, .ofs_x = 2, .ofs_y = 0},
    {.bitmap_index = 11290, .adv_w = 139, .box_w = 9, .box_h = 31, .ofs_x = -2, .ofs_y = -7},
    {.bitmap_index = 11430, .adv_w = 276, .box_w = 15, .box_h = 24, .ofs_x = 2, .ofs_y = 0},
    {.bitmap_index = 11610, .adv_w = 143, .box_w = 6, .box_h = 24, .ofs_x = 2, .ofs_y = 0},
    {.bitmap_index = 11682, .adv_w = 453, .box_w = 24, .box_h = 17, .ofs_x = 2, .ofs_y = 0},
    {.bitmap_index = 11886, .adv_w = 300, .box_w = 15, .box_h = 17, .ofs_x = 2, .ofs_y = 0},
    {.bitmap_index = 12014, .adv_w = 295, .box_w = 16, .box_h = 17, .ofs_x = 1, .ofs_y = 0},
    {.bitmap_index = 12150, .adv_w = 302, .box_w = 16, .box_h = 24, .ofs_x = 2, .ofs_y = -7},
    {.bitmap_index = 12342, .adv_w = 302, .box_w = 16, .box_h = 24, .ofs_x = 1, .ofs_y = -7},
    {.bitmap_index = 12534, .adv_w = 196, .box_w = 11, .box_h = 17, .ofs_x = 2, .ofs_y = 0},
    {.bitmap_index = 12628, .adv_w = 230, .box_w = 14, .box_h = 17, .ofs_x = 0, .ofs_y = 0},
    {.bitmap_index = 12747, .adv_w = 190, .box_w = 12, .box_h = 22, .ofs_x = 0, .ofs_y = 0},
    {.bitmap_index = 12879, .adv_w = 298, .box_w = 15, .box_h = 17, .ofs_x = 2, .ofs_y = 0},
    {.bitmap_index = 13007, .adv_w = 262, .box_w = 16, .box_h = 17, .ofs_x = 0, .ofs_y = 0},
    {.bitmap_index = 13143, .adv_w = 398, .box_w = 25, .box_h = 17, .ofs_x = 0, .ofs_y = 0},
    {.bitmap_index = 13356, .adv_w = 252, .box_w = 16, .box_h = 17, .ofs_x = 0, .ofs_y = 0},
    {.bitmap_index = 13492, .adv_w = 261, .box_w = 16, .box_h = 24, .ofs_x = 0, .ofs_y = -7},
    {.bitmap_index = 13684, .adv_w = 236, .box_w = 13, .box_h = 17, .ofs_x = 1, .ofs_y = 0},
    {.bitmap_index = 13795, .adv_w = 171, .box_w = 9, .box_h = 29, .ofs_x = 1, .ofs_y = -5},
    {.bitmap_index = 13926, .adv_w = 135, .box_w = 3, .box_h = 34, .ofs_x = 3, .ofs_y = -8},
    {.bitmap_index = 13977, .adv_w = 171, .box_w = 9, .box_h = 29, .ofs_x = 1, .ofs_y = -5},
    {.bitmap_index = 14108, .adv_w = 274, .box_w = 15, .box_h = 6, .ofs_x = 1, .ofs_y = 9},
    {.bitmap_index = 14153, .adv_w = 480, .box_w = 24, .box_h = 25, .ofs_x = 2, .ofs_y = -1},
    {.bitmap_index = 14453, .adv_w = 480, .box_w = 25, .box_h = 23, .ofs_x = 3, .ofs_y = -1},
    {.bitmap_index = 14741, .adv_w = 480, .box_w = 27, .box_h = 27, .ofs_x = 2, .ofs_y = -2},
    {.bitmap_index = 15106, .adv_w = 480, .box_w = 28, .box_h = 28, .ofs_x = 2, .ofs_y = -3},
    {.bitmap_index = 15498, .adv_w = 480, .box_w = 22, .box_h = 23, .ofs_x = 4, .ofs_y = -1},
    {.bitmap_index = 15751, .adv_w = 480, .box_w = 26, .box_h = 26, .ofs_x = 2, .ofs_y = -2},
    {.bitmap_index = 16089, .adv_w = 480, .box_w = 26, .box_h = 27, .ofs_x = 2, .ofs_y = -2},
    {.bitmap_index = 16440, .adv_w = 480, .box_w = 23, .box_h = 26, .ofs_x = 3, .ofs_y = -2},
    {.bitmap_index = 16739, .adv_w = 480, .box_w = 27, .box_h = 20, .ofs_x = 1, .ofs_y = 0},
    {.bitmap_index = 17009, .adv_w = 480, .box_w = 25, .box_h = 25, .ofs_x = 2, .ofs_y = -2},
    {.bitmap_index = 17322, .adv_w = 480, .box_w = 25, .box_h = 25, .ofs_x = 3, .ofs_y = -2},
    {.bitmap_index = 17635, .adv_w = 480, .box_w = 26, .box_h = 24, .ofs_x = 2, .ofs_y = -2},
    {.bitmap_index = 17947, .adv_w = 480, .box_w = 28, .box_h = 25, .ofs_x = 1, .ofs_y = -2},
    {.bitmap_index = 18297, .adv_w = 480, .box_w = 26, .box_h = 26, .ofs_x = 2, .ofs_y = -2},
    {.bitmap_index = 18635, .adv_w = 480, .box_w = 27, .box_h = 27, .ofs_x = 1, .ofs_y = -2},
    {.bitmap_index = 19000, .adv_w = 480, .box_w = 19, .box_h = 27, .ofs_x = 6, .ofs_y = -2},
    {.bitmap_index = 19257, .adv_w = 480, .box_w = 24, .box_h = 26, .ofs_x = 2, .ofs_y = -2},
    {.bitmap_index = 19569, .adv_w = 480, .box_w = 22, .box_h = 20, .ofs_x = 5, .ofs_y = -3},
    {.bitmap_index = 19789, .adv_w = 480, .box_w = 26, .box_h = 25, .ofs_x = 3, .ofs_y = -2},
    {.bitmap_index = 20114, .adv_w = 480, .box_w = 21, .box_h = 22, .ofs_x = 3, .ofs_y = -3},
    {.bitmap_index = 20345, .adv_w = 480, .box_w = 25, .box_h = 26, .ofs_x = 2, .ofs_y = -2},
    {.bitmap_index = 20670, .adv_w = 480, .box_w = 24, .box_h = 27, .ofs_x = 3, .ofs_y = -2},
    {.bitmap_index = 20994, .adv_w = 480, .box_w = 22, .box_h = 17, .ofs_x = 4, .ofs_y = -1},
    {.bitmap_index = 21181, .adv_w = 480, .box_w = 22, .box_h = 22, .ofs_x = 4, .ofs_y = -3},
    {.bitmap_index = 21423, .adv_w = 480, .box_w = 24, .box_h = 26, .ofs_x = 2, .ofs_y = -2},
    {.bitmap_index = 21735, .adv_w = 480, .box_w = 25, .box_h = 27, .ofs_x = 2, .ofs_y = -2},
    {.bitmap_index = 22073, .adv_w = 480, .box_w = 29, .box_h = 29, .ofs_x = 1, .ofs_y = -3},
    {.bitmap_index = 22494, .adv_w = 480, .box_w = 28, .box_h = 29, .ofs_x = 1, .ofs_y = -3},
    {.bitmap_index = 22900, .adv_w = 480, .box_w = 26, .box_h = 26, .ofs_x = 2, .ofs_y = -2},
    {.bitmap_index = 23238, .adv_w = 480, .box_w = 27, .box_h = 27, .ofs_x = 2, .ofs_y = -2},
    {.bitmap_index = 23603, .adv_w = 480, .box_w = 26, .box_h = 24, .ofs_x = 2, .ofs_y = -2},
    {.bitmap_index = 23915, .adv_w = 480, .box_w = 26, .box_h = 25, .ofs_x = 1, .ofs_y = -1},
    {.bitmap_index = 24240, .adv_w = 480, .box_w = 25, .box_h = 27, .ofs_x = 2, .ofs_y = -2},
    {.bitmap_index = 24578, .adv_w = 480, .box_w = 29, .box_h = 29, .ofs_x = 1, .ofs_y = -3},
    {.bitmap_index = 24999, .adv_w = 480, .box_w = 26, .box_h = 26, .ofs_x = 2, .ofs_y = -2},
    {.bitmap_index = 25337, .adv_w = 480, .box_w = 22, .box_h = 21, .ofs_x = 4, .ofs_y = -3},
    {.bitmap_index = 25568, .adv_w = 480, .box_w = 26, .box_h = 25, .ofs_x = 2, .ofs_y = -2},
    {.bitmap_index = 25893, .adv_w = 480, .box_w = 17, .box_h = 26, .ofs_x = 9, .ofs_y = -2},
    {.bitmap_index = 26114, .adv_w = 480, .box_w = 19, .box_h = 26, .ofs_x = 8, .ofs_y = -2},
    {.bitmap_index = 26361, .adv_w = 480, .box_w = 26, .box_h = 26, .ofs_x = 2, .ofs_y = -2},
    {.bitmap_index = 26699, .adv_w = 480, .box_w = 27, .box_h = 27, .ofs_x = 2, .ofs_y = -2},
    {.bitmap_index = 27064, .adv_w = 480, .box_w = 29, .box_h = 26, .ofs_x = 1, .ofs_y = -1},
    {.bitmap_index = 27441, .adv_w = 480, .box_w = 23, .box_h = 27, .ofs_x = 5, .ofs_y = -1},
    {.bitmap_index = 27752, .adv_w = 480, .box_w = 23, .box_h = 24, .ofs_x = 4, .ofs_y = -2},
    {.bitmap_index = 28028, .adv_w = 480, .box_w = 27, .box_h = 28, .ofs_x = 3, .ofs_y = -2},
    {.bitmap_index = 28406, .adv_w = 480, .box_w = 27, .box_h = 28, .ofs_x = 3, .ofs_y = -2},
    {.bitmap_index = 28784, .adv_w = 480, .box_w = 27, .box_h = 24, .ofs_x = 2, .ofs_y = -2},
    {.bitmap_index = 29108, .adv_w = 480, .box_w = 27, .box_h = 26, .ofs_x = 2, .ofs_y = -2},
    {.bitmap_index = 29459, .adv_w = 480, .box_w = 25, .box_h = 23, .ofs_x = 3, .ofs_y = -1},
    {.bitmap_index = 29747, .adv_w = 480, .box_w = 23, .box_h = 22, .ofs_x = 4, .ofs_y = -3},
    {.bitmap_index = 30000, .adv_w = 480, .box_w = 22, .box_h = 17, .ofs_x = 4, .ofs_y = -1},
    {.bitmap_index = 30187, .adv_w = 480, .box_w = 18, .box_h = 19, .ofs_x = 6, .ofs_y = -2},
    {.bitmap_index = 30358, .adv_w = 480, .box_w = 23, .box_h = 25, .ofs_x = 4, .ofs_y = -2},
    {.bitmap_index = 30646, .adv_w = 480, .box_w = 18, .box_h = 25, .ofs_x = 6, .ofs_y = -2},
    {.bitmap_index = 30871, .adv_w = 480, .box_w = 28, .box_h = 24, .ofs_x = 1, .ofs_y = -1},
    {.bitmap_index = 31207, .adv_w = 480, .box_w = 22, .box_h = 24, .ofs_x = 6, .ofs_y = -1},
    {.bitmap_index = 31471, .adv_w = 480, .box_w = 23, .box_h = 22, .ofs_x = 4, .ofs_y = -1},
    {.bitmap_index = 31724, .adv_w = 480, .box_w = 25, .box_h = 24, .ofs_x = 3, .ofs_y = -1},
    {.bitmap_index = 32024, .adv_w = 480, .box_w = 26, .box_h = 5, .ofs_x = 2, .ofs_y = 9},
    {.bitmap_index = 32089, .adv_w = 480, .box_w = 28, .box_h = 27, .ofs_x = 1, .ofs_y = -2},
    {.bitmap_index = 32467, .adv_w = 480, .box_w = 29, .box_h = 28, .ofs_x = 1, .ofs_y = -4},
    {.bitmap_index = 32873, .adv_w = 480, .box_w = 30, .box_h = 29, .ofs_x = 0, .ofs_y = -3},
    {.bitmap_index = 33308, .adv_w = 480, .box_w = 30, .box_h = 29, .ofs_x = 0, .ofs_y = -3},
    {.bitmap_index = 33743, .adv_w = 480, .box_w = 28, .box_h = 29, .ofs_x = 1, .ofs_y = -3},
    {.bitmap_index = 34149, .adv_w = 480, .box_w = 26, .box_h = 27, .ofs_x = 2, .ofs_y = -3},
    {.bitmap_index = 34500, .adv_w = 480, .box_w = 24, .box_h = 29, .ofs_x = 3, .ofs_y = -3},
    {.bitmap_index = 34848, .adv_w = 480, .box_w = 28, .box_h = 29, .ofs_x = 0, .ofs_y = -4},
    {.bitmap_index = 35254, .adv_w = 480, .box_w = 28, .box_h = 30, .ofs_x = 1, .ofs_y = -4},
    {.bitmap_index = 35674, .adv_w = 480, .box_w = 26, .box_h = 28, .ofs_x = 2, .ofs_y = -3},
    {.bitmap_index = 36038, .adv_w = 480, .box_w = 28, .box_h = 27, .ofs_x = 1, .ofs_y = -1},
    {.bitmap_index = 36416, .adv_w = 480, .box_w = 28, .box_h = 27, .ofs_x = 1, .ofs_y = -3},
    {.bitmap_index = 36794, .adv_w = 480, .box_w = 30, .box_h = 30, .ofs_x = 0, .ofs_y = -4},
    {.bitmap_index = 37244, .adv_w = 480, .box_w = 29, .box_h = 30, .ofs_x = 1, .ofs_y = -4},
    {.bitmap_index = 37679, .adv_w = 480, .box_w = 29, .box_h = 26, .ofs_x = 0, .ofs_y = -3},
    {.bitmap_index = 38056, .adv_w = 480, .box_w = 29, .box_h = 29, .ofs_x = 1, .ofs_y = -3},
    {.bitmap_index = 38477, .adv_w = 480, .box_w = 29, .box_h = 29, .ofs_x = 0, .ofs_y = -3},
    {.bitmap_index = 38898, .adv_w = 480, .box_w = 29, .box_h = 29, .ofs_x = 0, .ofs_y = -3},
    {.bitmap_index = 39319, .adv_w = 480, .box_w = 28, .box_h = 23, .ofs_x = 1, .ofs_y = -1},
    {.bitmap_index = 39641, .adv_w = 480, .box_w = 26, .box_h = 29, .ofs_x = 2, .ofs_y = -3},
    {.bitmap_index = 40018, .adv_w = 480, .box_w = 30, .box_h = 29, .ofs_x = 0, .ofs_y = -3},
    {.bitmap_index = 40453, .adv_w = 480, .box_w = 29, .box_h = 30, .ofs_x = 0, .ofs_y = -4},
    {.bitmap_index = 40888, .adv_w = 480, .box_w = 29, .box_h = 29, .ofs_x = 1, .ofs_y = -3},
    {.bitmap_index = 41309, .adv_w = 480, .box_w = 30, .box_h = 29, .ofs_x = 0, .ofs_y = -4},
    {.bitmap_index = 41744, .adv_w = 480, .box_w = 28, .box_h = 29, .ofs_x = 1, .ofs_y = -3},
    {.bitmap_index = 42150, .adv_w = 480, .box_w = 29, .box_h = 30, .ofs_x = 0, .ofs_y = -4},
    {.bitmap_index = 42585, .adv_w = 480, .box_w = 30, .box_h = 29, .ofs_x = 0, .ofs_y = -3},
    {.bitmap_index = 43020, .adv_w = 480, .box_w = 29, .box_h = 30, .ofs_x = 0, .ofs_y = -4},
    {.bitmap_index = 43455, .adv_w = 480, .box_w = 29, .box_h = 29, .ofs_x = 0, .ofs_y = -3},
    {.bitmap_index = 43876, .adv_w = 480, .box_w = 21, .box_h = 27, .ofs_x = 5, .ofs_y = -3},
    {.bitmap_index = 44160, .adv_w = 480, .box_w = 27, .box_h = 30, .ofs_x = 2, .ofs_y = -4},
    {.bitmap_index = 44565, .adv_w = 480, .box_w = 28, .box_h = 28, .ofs_x = 1, .ofs_y = -3},
    {.bitmap_index = 44957, .adv_w = 480, .box_w = 28, .box_h = 28, .ofs_x = 2, .ofs_y = -3},
    {.bitmap_index = 45349, .adv_w = 480, .box_w = 29, .box_h = 27, .ofs_x = 1, .ofs_y = -3},
    {.bitmap_index = 45741, .adv_w = 480, .box_w = 25, .box_h = 27, .ofs_x = 0, .ofs_y = -3},
    {.bitmap_index = 46079, .adv_w = 480, .box_w = 30, .box_h = 29, .ofs_x = 0, .ofs_y = -3},
    {.bitmap_index = 46514, .adv_w = 480, .box_w = 29, .box_h = 29, .ofs_x = 0, .ofs_y = -3},
    {.bitmap_index = 46935, .adv_w = 480, .box_w = 29, .box_h = 30, .ofs_x = 0, .ofs_y = -4},
    {.bitmap_index = 47370, .adv_w = 480, .box_w = 29, .box_h = 29, .ofs_x = 0, .ofs_y = -3},
    {.bitmap_index = 47791, .adv_w = 480, .box_w = 30, .box_h = 29, .ofs_x = 0, .ofs_y = -3},
    {.bitmap_index = 48226, .adv_w = 480, .box_w = 28, .box_h = 27, .ofs_x = 1, .ofs_y = -2},
    {.bitmap_index = 48604, .adv_w = 480, .box_w = 28, .box_h = 28, .ofs_x = 1, .ofs_y = -3},
    {.bitmap_index = 48996, .adv_w = 480, .box_w = 27, .box_h = 27, .ofs_x = 0, .ofs_y = -3},
    {.bitmap_index = 49361, .adv_w = 480, .box_w = 28, .box_h = 27, .ofs_x = 1, .ofs_y = -3},
    {.bitmap_index = 49739, .adv_w = 480, .box_w = 28, .box_h = 29, .ofs_x = 0, .ofs_y = -3},
    {.bitmap_index = 50145, .adv_w = 480, .box_w = 30, .box_h = 30, .ofs_x = 0, .ofs_y = -4},
    {.bitmap_index = 50595, .adv_w = 480, .box_w = 30, .box_h = 30, .ofs_x = 0, .ofs_y = -4},
    {.bitmap_index = 51045, .adv_w = 480, .box_w = 30, .box_h = 30, .ofs_x = 0, .ofs_y = -4},
    {.bitmap_index = 51495, .adv_w = 480, .box_w = 29, .box_h = 29, .ofs_x = 0, .ofs_y = -3},
    {.bitmap_index = 51916, .adv_w = 480, .box_w = 29, .box_h = 29, .ofs_x = 0, .ofs_y = -3},
    {.bitmap_index = 52337, .adv_w = 480, .box_w = 28, .box_h = 28, .ofs_x = 1, .ofs_y = -4},
    {.bitmap_index = 52729, .adv_w = 480, .box_w = 29, .box_h = 28, .ofs_x = 1, .ofs_y = -3},
    {.bitmap_index = 53135, .adv_w = 480, .box_w = 29, .box_h = 29, .ofs_x = 1, .ofs_y = -4},
    {.bitmap_index = 53556, .adv_w = 480, .box_w = 30, .box_h = 29, .ofs_x = 0, .ofs_y = -3},
    {.bitmap_index = 53991, .adv_w = 480, .box_w = 30, .box_h = 29, .ofs_x = 0, .ofs_y = -3},
    {.bitmap_index = 54426, .adv_w = 480, .box_w = 29, .box_h = 29, .ofs_x = 0, .ofs_y = -3},
    {.bitmap_index = 54847, .adv_w = 480, .box_w = 30, .box_h = 28, .ofs_x = 0, .ofs_y = -3},
    {.bitmap_index = 55267, .adv_w = 480, .box_w = 30, .box_h = 29, .ofs_x = 0, .ofs_y = -3},
    {.bitmap_index = 55702, .adv_w = 480, .box_w = 30, .box_h = 29, .ofs_x = 0, .ofs_y = -3},
    {.bitmap_index = 56137, .adv_w = 480, .box_w = 29, .box_h = 28, .ofs_x = 0, .ofs_y = -2},
    {.bitmap_index = 56543, .adv_w = 480, .box_w = 26, .box_h = 29, .ofs_x = 2, .ofs_y = -4},
    {.bitmap_index = 56920, .adv_w = 480, .box_w = 28, .box_h = 28, .ofs_x = 2, .ofs_y = -3},
    {.bitmap_index = 57312, .adv_w = 480, .box_w = 28, .box_h = 27, .ofs_x = 2, .ofs_y = -2},
    {.bitmap_index = 57690, .adv_w = 480, .box_w = 28, .box_h = 27, .ofs_x = 1, .ofs_y = -3},
    {.bitmap_index = 58068, .adv_w = 480, .box_w = 28, .box_h = 30, .ofs_x = 1, .ofs_y = -4},
    {.bitmap_index = 58488, .adv_w = 480, .box_w = 30, .box_h = 28, .ofs_x = 0, .ofs_y = -3}
};

/*---------------------
 *  CHARACTER MAPPING
 *--------------------*/

static const uint16_t unicode_list_1[] = {
    0x00, 0x3f, 0x45, 0x4d, 0x4e, 0x54, 0x5a, 0x5c,
    0x5f, 0x61, 0x66, 0x69, 0x7a, 0x7c, 0x7f, 0x85,
    0x86, 0x9c, 0x9d, 0x9e, 0x9f, 0xa1, 0xa2, 0xa4,
    0xa6, 0xaa, 0xab, 0xad, 0xb2, 0xb3, 0xb4, 0xb6,
    0xba, 0xbb, 0xbc, 0xbe, 0xc1, 0xc3, 0xc4, 0xc5,
    0xc8, 0xcb, 0xce, 0xd0, 0xd1, 0xd2, 0xd9, 0xdb,
    0xdd, 0xde, 0xe0, 0xe2, 0xe4, 0xe5, 0xe6, 0xe7,
    0xe8, 0xee, 0xf7, 0x1e05, 0x1e83, 0x1f7a, 0x2060, 0x2143,
    0x2181, 0x21f5, 0x2220, 0x22d0, 0x26d9, 0x271a, 0x2722, 0x282c,
    0x282f, 0x2924, 0x2925, 0x2b95, 0x2bd8, 0x2de0, 0x2e33, 0x2ea1,
    0x2eb2, 0x2f0a, 0x2f5d, 0x3246, 0x32fc, 0x332a, 0x33a0, 0x35ab,
    0x35e0, 0x363d, 0x36c2, 0x36d7, 0x36ef, 0x3703, 0x3723, 0x3978,
    0x3c12, 0x3c2f, 0x3cd0, 0x3e24, 0x4066, 0x4523, 0x4536, 0x47e0,
    0x49cd, 0x4d5c, 0x4d95, 0x5372, 0x5847, 0x59fb, 0x5a28, 0x5a99,
    0x5d72, 0x5edd, 0x5f18, 0x6015, 0x601e, 0x602d, 0x61cc, 0x658e,
    0x6678, 0x66f6, 0x675d, 0x67ee, 0x6801
};

/*Collect the unicode lists and glyph_id offsets*/
static const lv_font_fmt_txt_cmap_t cmaps[] =
{
    {
        .range_start = 32, .range_length = 95, .glyph_id_start = 1,
        .unicode_list = NULL, .glyph_id_ofs_list = NULL, .list_length = 0, .type = LV_FONT_FMT_TXT_CMAP_FORMAT0_TINY
    },
    {
        .range_start = 12293, .range_length = 26626, .glyph_id_start = 96,
        .unicode_list = unicode_list_1, .glyph_id_ofs_list = NULL, .list_length = 125, .type = LV_FONT_FMT_TXT_CMAP_SPARSE_TINY
    }
};

/*-----------------
 *    KERNING
 *----------------*/

/*Pair left and right glyphs for kerning*/
static const uint8_t kern_pair_glyph_ids[] =
{
    3, 13,
    3, 15,
    3, 34,
    3, 43,
    3, 52,
    3, 57,
    3, 68,
    3, 69,
    3, 70,
    3, 80,
    3, 82,
    3, 84,
    8, 13,
    8, 15,
    8, 34,
    8, 43,
    8, 52,
    8, 57,
    8, 68,
    8, 69,
    8, 70,
    8, 80,
    8, 82,
    8, 84,
    9, 43,
    9, 75,
    13, 3,
    13, 8,
    13, 11,
    13, 53,
    13, 54,
    13, 55,
    13, 56,
    13, 58,
    13, 68,
    13, 69,
    13, 70,
    13, 75,
    13, 80,
    13, 82,
    13, 85,
    13, 87,
    13, 88,
    13, 90,
    14, 43,
    14, 52,
    14, 53,
    14, 55,
    14, 56,
    14, 57,
    14, 58,
    14, 59,
    14, 85,
    14, 87,
    14, 89,
    15, 3,
    15, 8,
    15, 11,
    15, 53,
    15, 54,
    15, 55,
    15, 56,
    15, 58,
    15, 68,
    15, 69,
    15, 70,
    15, 75,
    15, 80,
    15, 82,
    15, 85,
    15, 87,
    15, 88,
    15, 90,
    16, 34,
    16, 36,
    16, 40,
    16, 43,
    16, 48,
    16, 50,
    16, 66,
    16, 68,
    16, 69,
    16, 70,
    16, 72,
    16, 74,
    16, 75,
    16, 80,
    16, 82,
    16, 85,
    16, 86,
    27, 11,
    27, 58,
    28, 11,
    28, 58,
    34, 3,
    34, 8,
    34, 11,
    34, 32,
    34, 34,
    34, 36,
    34, 40,
    34, 48,
    34, 50,
    34, 53,
    34, 54,
    34, 55,
    34, 57,
    34, 58,
    34, 59,
    34, 61,
    34, 66,
    34, 71,
    34, 84,
    34, 85,
    34, 86,
    34, 87,
    34, 88,
    34, 89,
    34, 90,
    35, 11,
    35, 43,
    35, 52,
    35, 53,
    35, 55,
    35, 56,
    35, 57,
    35, 58,
    35, 59,
    35, 85,
    35, 87,
    35, 88,
    35, 89,
    35, 90,
    36, 14,
    36, 36,
    36, 40,
    36, 43,
    36, 48,
    36, 50,
    36, 52,
    36, 53,
    36, 54,
    36, 55,
    36, 56,
    36, 57,
    36, 58,
    36, 59,
    36, 72,
    36, 85,
    36, 86,
    36, 87,
    36, 88,
    36, 90,
    37, 11,
    37, 16,
    37, 34,
    37, 43,
    37, 53,
    37, 55,
    37, 56,
    37, 57,
    37, 58,
    37, 59,
    37, 89,
    37, 91,
    38, 68,
    38, 69,
    38, 70,
    38, 80,
    38, 82,
    38, 85,
    38, 87,
    38, 89,
    38, 90,
    39, 13,
    39, 15,
    39, 16,
    39, 34,
    39, 36,
    39, 40,
    39, 43,
    39, 48,
    39, 50,
    39, 52,
    39, 55,
    39, 56,
    39, 57,
    39, 58,
    39, 59,
    39, 66,
    39, 68,
    39, 69,
    39, 70,
    39, 72,
    39, 78,
    39, 79,
    39, 80,
    39, 81,
    39, 82,
    39, 83,
    39, 84,
    39, 85,
    39, 86,
    39, 87,
    39, 88,
    39, 89,
    39, 90,
    39, 91,
    40, 11,
    40, 34,
    40, 53,
    40, 55,
    40, 56,
    43, 13,
    43, 15,
    43, 43,
    44, 3,
    44, 8,
    44, 11,
    44, 14,
    44, 32,
    44, 34,
    44, 36,
    44, 40,
    44, 48,
    44, 50,
    44, 52,
    44, 53,
    44, 54,
    44, 55,
    44, 56,
    44, 58,
    44, 68,
    44, 69,
    44, 70,
    44, 75,
    44, 80,
    44, 82,
    44, 85,
    44, 86,
    44, 87,
    44, 88,
    44, 89,
    44, 90,
    44, 91,
    45, 3,
    45, 8,
    45, 11,
    45, 14,
    45, 32,
    45, 34,
    45, 36,
    45, 40,
    45, 48,
    45, 50,
    45, 52,
    45, 53,
    45, 54,
    45, 55,
    45, 56,
    45, 58,
    45, 61,
    45, 68,
    45, 69,
    45, 70,
    45, 71,
    45, 72,
    45, 80,
    45, 82,
    45, 85,
    45, 86,
    45, 87,
    45, 88,
    45, 90,
    48, 11,
    48, 16,
    48, 34,
    48, 43,
    48, 53,
    48, 55,
    48, 56,
    48, 57,
    48, 58,
    48, 59,
    48, 89,
    48, 91,
    49, 13,
    49, 14,
    49, 15,
    49, 16,
    49, 34,
    49, 43,
    49, 52,
    49, 53,
    49, 57,
    49, 58,
    49, 59,
    49, 66,
    49, 68,
    49, 69,
    49, 70,
    49, 72,
    49, 80,
    49, 82,
    49, 84,
    49, 89,
    49, 91,
    50, 11,
    50, 16,
    50, 34,
    50, 43,
    50, 53,
    50, 55,
    50, 56,
    50, 57,
    50, 58,
    50, 59,
    50, 89,
    50, 91,
    51, 11,
    51, 14,
    51, 34,
    51, 43,
    51, 52,
    51, 53,
    51, 55,
    51, 56,
    51, 57,
    51, 58,
    51, 59,
    51, 66,
    51, 68,
    51, 69,
    51, 70,
    51, 72,
    51, 80,
    51, 82,
    51, 89,
    51, 91,
    52, 11,
    52, 14,
    52, 43,
    52, 52,
    52, 53,
    52, 58,
    52, 85,
    52, 91,
    53, 13,
    53, 14,
    53, 15,
    53, 16,
    53, 27,
    53, 28,
    53, 34,
    53, 36,
    53, 40,
    53, 43,
    53, 48,
    53, 50,
    53, 52,
    53, 57,
    53, 58,
    53, 59,
    53, 66,
    53, 68,
    53, 69,
    53, 70,
    53, 71,
    53, 72,
    53, 78,
    53, 79,
    53, 80,
    53, 81,
    53, 82,
    53, 83,
    53, 84,
    53, 85,
    53, 86,
    53, 87,
    53, 88,
    53, 89,
    53, 90,
    53, 91,
    54, 13,
    54, 15,
    54, 16,
    54, 34,
    54, 43,
    54, 52,
    54, 55,
    54, 57,
    54, 58,
    54, 66,
    54, 72,
    54, 84,
    54, 89,
    55, 13,
    55, 14,
    55, 15,
    55, 16,
    55, 34,
    55, 36,
    55, 40,
    55, 43,
    55, 48,
    55, 50,
    55, 52,
    55, 54,
    55, 55,
    55, 59,
    55, 66,
    55, 68,
    55, 69,
    55, 70,
    55, 72,
    55, 78,
    55, 79,
    55, 80,
    55, 81,
    55, 82,
    55, 83,
    55, 84,
    55, 86,
    55, 87,
    55, 88,
    55, 89,
    55, 90,
    55, 91,
    56, 13,
    56, 14,
    56, 15,
    56, 16,
    56, 36,
    56, 40,
    56, 43,
    56, 48,
    56, 50,
    56, 52,
    56, 59,
    56, 66,
    56, 72,
    56, 91,
    57, 3,
    57, 8,
    57, 11,
    57, 14,
    57, 34,
    57, 36,
    57, 40,
    57, 43,
    57, 48,
    57, 50,
    57, 52,
    57, 53,
    57, 54,
    57, 66,
    57, 68,
    57, 69,
    57, 70,
    57, 71,
    57, 80,
    57, 82,
    57, 85,
    57, 86,
    57, 87,
    57, 88,
    57, 89,
    57, 90,
    57, 91,
    58, 13,
    58, 14,
    58, 15,
    58, 16,
    58, 27,
    58, 28,
    58, 32,
    58, 34,
    58, 36,
    58, 40,
    58, 43,
    58, 48,
    58, 50,
    58, 52,
    58, 53,
    58, 54,
    58, 59,
    58, 66,
    58, 68,
    58, 69,
    58, 70,
    58, 72,
    58, 78,
    58, 79,
    58, 80,
    58, 81,
    58, 82,
    58, 83,
    58, 84,
    58, 85,
    58, 86,
    58, 87,
    58, 88,
    58, 89,
    58, 90,
    58, 91,
    59, 14,
    59, 34,
    59, 36,
    59, 40,
    59, 43,
    59, 48,
    59, 50,
    59, 52,
    59, 54,
    59, 55,
    59, 56,
    59, 58,
    59, 59,
    59, 66,
    59, 68,
    59, 69,
    59, 70,
    59, 71,
    59, 72,
    59, 80,
    59, 82,
    59, 85,
    59, 86,
    59, 87,
    59, 88,
    59, 89,
    59, 90,
    60, 43,
    60, 75,
    61, 53,
    61, 54,
    61, 55,
    61, 56,
    61, 58,
    61, 72,
    61, 75,
    61, 87,
    61, 88,
    61, 90,
    66, 11,
    66, 32,
    66, 53,
    66, 55,
    66, 56,
    66, 58,
    66, 85,
    67, 3,
    67, 8,
    67, 11,
    67, 13,
    67, 14,
    67, 15,
    67, 32,
    67, 53,
    67, 55,
    67, 57,
    67, 58,
    67, 61,
    67, 66,
    67, 71,
    67, 84,
    67, 85,
    67, 87,
    67, 88,
    67, 89,
    67, 90,
    67, 91,
    68, 14,
    68, 53,
    68, 55,
    68, 58,
    68, 66,
    68, 68,
    68, 69,
    68, 70,
    68, 72,
    68, 80,
    68, 82,
    68, 85,
    68, 87,
    68, 88,
    68, 90,
    70, 11,
    70, 14,
    70, 32,
    70, 43,
    70, 52,
    70, 53,
    70, 55,
    70, 56,
    70, 58,
    70, 61,
    70, 66,
    70, 71,
    70, 72,
    70, 85,
    70, 87,
    70, 88,
    70, 89,
    70, 90,
    70, 91,
    71, 2,
    71, 3,
    71, 8,
    71, 10,
    71, 13,
    71, 14,
    71, 15,
    71, 16,
    71, 32,
    71, 53,
    71, 55,
    71, 56,
    71, 57,
    71, 58,
    71, 61,
    71, 62,
    71, 66,
    71, 68,
    71, 69,
    71, 70,
    71, 72,
    71, 75,
    71, 80,
    71, 82,
    71, 84,
    71, 87,
    71, 89,
    71, 91,
    71, 94,
    72, 10,
    72, 11,
    72, 16,
    72, 32,
    72, 53,
    72, 58,
    72, 62,
    72, 66,
    72, 68,
    72, 69,
    72, 70,
    72, 75,
    72, 80,
    72, 82,
    72, 87,
    72, 88,
    72, 90,
    72, 91,
    72, 94,
    73, 11,
    73, 32,
    73, 53,
    73, 55,
    73, 58,
    76, 11,
    76, 13,
    76, 14,
    76, 15,
    76, 27,
    76, 28,
    76, 32,
    76, 53,
    76, 58,
    76, 66,
    76, 68,
    76, 69,
    76, 70,
    76, 72,
    76, 75,
    76, 80,
    76, 82,
    76, 85,
    76, 86,
    76, 89,
    76, 91,
    77, 75,
    78, 11,
    78, 32,
    78, 53,
    78, 55,
    78, 58,
    79, 11,
    79, 32,
    79, 53,
    79, 55,
    79, 58,
    80, 3,
    80, 8,
    80, 11,
    80, 13,
    80, 14,
    80, 15,
    80, 32,
    80, 53,
    80, 55,
    80, 57,
    80, 58,
    80, 61,
    80, 66,
    80, 71,
    80, 84,
    80, 85,
    80, 87,
    80, 88,
    80, 89,
    80, 90,
    80, 91,
    81, 3,
    81, 8,
    81, 11,
    81, 13,
    81, 14,
    81, 15,
    81, 32,
    81, 53,
    81, 55,
    81, 57,
    81, 58,
    81, 61,
    81, 66,
    81, 71,
    81, 84,
    81, 85,
    81, 87,
    81, 88,
    81, 89,
    81, 90,
    81, 91,
    82, 11,
    82, 53,
    82, 55,
    82, 58,
    83, 13,
    83, 14,
    83, 15,
    83, 16,
    83, 27,
    83, 28,
    83, 34,
    83, 43,
    83, 59,
    83, 61,
    83, 66,
    83, 68,
    83, 69,
    83, 70,
    83, 72,
    83, 80,
    83, 82,
    83, 84,
    83, 87,
    83, 88,
    83, 90,
    83, 91,
    84, 11,
    84, 14,
    84, 32,
    84, 53,
    84, 55,
    84, 58,
    84, 85,
    85, 13,
    85, 14,
    85, 15,
    85, 16,
    85, 27,
    85, 28,
    85, 32,
    85, 53,
    85, 58,
    85, 66,
    85, 68,
    85, 69,
    85, 70,
    85, 72,
    85, 80,
    85, 82,
    85, 84,
    85, 85,
    85, 89,
    86, 11,
    86, 53,
    86, 55,
    86, 58,
    87, 11,
    87, 13,
    87, 14,
    87, 15,
    87, 16,
    87, 34,
    87, 43,
    87, 53,
    87, 55,
    87, 58,
    87, 59,
    87, 66,
    87, 68,
    87, 69,
    87, 70,
    87, 75,
    87, 80,
    87, 82,
    87, 91,
    88, 11,
    88, 13,
    88, 15,
    88, 16,
    88, 34,
    88, 43,
    88, 53,
    88, 55,
    88, 57,
    88, 58,
    88, 66,
    88, 68,
    88, 69,
    88, 70,
    88, 75,
    88, 80,
    88, 82,
    88, 91,
    89, 2,
    89, 11,
    89, 13,
    89, 14,
    89, 15,
    89, 28,
    89, 36,
    89, 40,
    89, 48,
    89, 50,
    89, 52,
    89, 53,
    89, 55,
    89, 57,
    89, 58,
    89, 66,
    89, 68,
    89, 69,
    89, 70,
    89, 80,
    89, 82,
    89, 85,
    89, 90,
    90, 13,
    90, 15,
    90, 16,
    90, 43,
    90, 53,
    90, 55,
    90, 57,
    90, 58,
    90, 66,
    90, 68,
    90, 69,
    90, 70,
    90, 75,
    90, 80,
    90, 82,
    90, 89,
    90, 91,
    91, 14,
    91, 53,
    91, 58,
    91, 66,
    91, 68,
    91, 69,
    91, 70,
    91, 72,
    91, 80,
    91, 82,
    91, 86,
    91, 87,
    91, 90,
    92, 43,
    92, 75,
    97, 105,
    100, 101,
    101, 105,
    101, 121,
    105, 98,
    105, 104,
    106, 100,
    106, 101,
    111, 104,
    112, 104,
    112, 142,
    114, 116,
    114, 121,
    114, 122,
    114, 124,
    114, 125,
    114, 127,
    114, 130,
    114, 135,
    114, 137,
    114, 143,
    114, 150,
    114, 153,
    114, 154,
    116, 121,
    116, 122,
    116, 126,
    116, 128,
    116, 129,
    116, 132,
    116, 135,
    116, 137,
    116, 143,
    121, 118,
    121, 121,
    121, 122,
    121, 126,
    121, 128,
    121, 129,
    121, 137,
    121, 143,
    121, 150,
    122, 121,
    122, 122,
    122, 143,
    123, 115,
    123, 116,
    123, 118,
    123, 137,
    123, 143,
    124, 137,
    125, 128,
    125, 129,
    125, 137,
    125, 145,
    125, 146,
    126, 142,
    129, 124,
    129, 125,
    130, 143,
    130, 145,
    132, 115,
    132, 143,
    135, 143,
    137, 133,
    137, 134,
    137, 153,
    138, 115,
    139, 115,
    139, 123,
    139, 143,
    139, 153,
    140, 115,
    141, 115,
    141, 146,
    143, 139,
    143, 140,
    143, 141,
    143, 148,
    146, 114,
    146, 151,
    148, 124,
    148, 125,
    148, 126,
    148, 137,
    148, 143,
    150, 120,
    150, 143,
    150, 153,
    151, 143,
    153, 126,
    153, 136,
    153, 139,
    153, 140,
    153, 141,
    153, 143,
    154, 105,
    154, 114,
    154, 115,
    154, 124,
    154, 125,
    154, 126,
    154, 137,
    154, 139,
    154, 140,
    154, 141,
    154, 143,
    154, 153
};

/* Kerning between the respective left and right glyphs
 * 4.4 format which needs to scaled with `kern_scale`*/
static const int8_t kern_pair_values[] =
{
    -67, -67, -34, -56, -7, -7, -16, -16,
    -16, -16, -16, -12, -67, -67, -34, -56,
    -7, -7, -16, -16, -16, -16, -16, -12,
    -12, 41, -58, -58, -81, -55, -14, -38,
    -21, -55, -8, -8, -8, 14, -8, -8,
    -29, -24, -16, -12, -12, -13, -29, -12,
    -7, -18, -39, -12, -15, -7, -10, -58,
    -58, -81, -55, -14, -38, -21, -55, -8,
    -8, -8, 14, -8, -8, -29, -24, -16,
    -12, -24, -7, -7, -45, -7, -7, -15,
    -17, -17, -17, -7, 9, 9, -17, -17,
    0, -12, -26, -18, -26, -18, -34, -34,
    -51, -18, -4, -7, -7, -7, -7, -34,
    -10, -10, -1, -10, -5, -24, 9, -7,
    9, -10, -4, -7, -5, -5, -7, -18,
    -11, -10, -15, -6, -5, -5, -10, -5,
    -7, -10, -7, -7, -10, -18, -19, -19,
    -7, -19, -19, -15, -11, -10, -5, -5,
    -5, -7, -7, -12, -18, -7, -10, -7,
    -10, -19, -11, -7, -26, -15, -7, -4,
    -13, -12, -12, -10, -7, -7, -7, -7,
    -7, -7, -15, -7, -21, -7, -44, -44,
    -36, -23, -7, -7, -76, -7, -7, -14,
    -1, -1, -15, -4, -18, -21, -10, -10,
    -10, -15, -12, -12, -10, -12, -10, -12,
    -14, -7, -11, -15, -12, -18, -12, -21,
    -16, -5, -12, -10, -5, -15, -15, -24,
    -16, -16, -24, -21, -7, -7, -14, -14,
    -14, -14, -9, -13, -10, -10, -7, -12,
    -7, -7, -7, -7, -7, -7, -23, -10,
    -15, -12, -12, -15, -10, -57, -57, -87,
    -29, -23, -2, -18, -18, -18, -18, -15,
    -67, -19, -44, -33, -45, -45, -9, -9,
    -9, -10, -5, -9, -9, -14, -7, -24,
    -21, -24, -19, -11, -7, -26, -15, -7,
    -4, -13, -12, -12, -10, -7, -66, -18,
    -66, -40, -29, -80, -7, -13, -15, -7,
    -42, -24, -15, -15, -15, -16, -15, -15,
    -7, -10, -12, -19, -11, -7, -26, -15,
    -7, -4, -13, -12, -12, -10, -7, -7,
    -17, -5, -11, -9, -10, -2, 0, -5,
    -5, -7, -5, -7, -7, -7, -5, -7,
    -7, -7, -7, -10, 6, -10, -10, -12,
    -10, -15, -4, -60, -39, -60, -48, -12,
    -12, -24, -15, -15, -70, -15, -15, -21,
    -12, -10, -29, -39, -39, -39, -39, -11,
    -39, -26, -26, -39, -26, -39, -26, -34,
    -11, -26, -18, -19, -21, -18, -41, -12,
    -12, -17, -10, -29, -7, -5, -7, -10,
    -5, -7, -5, -7, -38, -12, -38, -24,
    -10, -7, -7, -39, -7, -7, -7, -7,
    3, -12, -16, -11, -11, -11, -13, -12,
    -12, -11, -12, -11, -12, -10, -18, -7,
    -7, -11, -7, -15, -21, -7, -21, -15,
    -4, -4, -35, -4, -4, -4, -4, -10,
    -7, -7, -7, -7, -7, -18, -2, -13,
    -13, -5, -13, -13, -10, -12, -7, -7,
    -7, -7, -7, -12, -7, -7, -12, -7,
    -12, -10, -7, -12, -10, -54, -39, -54,
    -35, -17, -17, -7, -10, -10, -10, -56,
    -10, -10, -11, -10, -7, -15, -40, -26,
    -26, -26, -35, -24, -24, -26, -24, -26,
    -24, -26, -21, -21, -10, -15, -21, -10,
    -29, -19, -4, -12, -12, -18, -12, -12,
    -18, -7, -4, -4, -10, -10, -10, -12,
    -12, -12, -12, -10, -12, -12, -10, -13,
    -10, -10, -15, -10, -12, 41, -46, -16,
    -29, -16, -39, 14, 36, -12, -7, 3,
    -29, -12, -15, -12, -5, -15, -10, -16,
    -16, -13, -7, 0, -7, -12, -33, -12,
    -5, -28, -18, -10, -3, -3, -13, -5,
    -5, -13, -5, -6, -15, -12, -10, -15,
    -7, -14, -14, -14, -7, -14, -14, -7,
    0, 0, 0, -19, 3, -7, -12, -12,
    -15, -12, -7, -18, -15, -10, -3, -7,
    -7, -1, -1, -7, -1, -3, 4, 20,
    20, 23, -31, -10, -31, -8, 12, 23,
    33, 23, 14, 28, 27, 23, -12, -7,
    -7, -7, -10, -7, -7, -7, -5, 3,
    -5, -10, 23, 4, -18, 21, -23, -18,
    -10, 4, -11, -10, -10, -10, 20, -10,
    -10, -5, -5, 4, -10, 4, -19, -7,
    -15, -7, -12, -13, 3, -31, 3, 3,
    3, -12, -24, -9, -7, -13, -13, -13,
    -7, -7, -13, -13, -16, -10, -7, -7,
    3, -19, -7, -15, -7, -12, -19, -7,
    -15, -7, -12, -16, -16, -13, -7, 0,
    -7, -12, -33, -12, -5, -28, -18, -10,
    -3, -3, -13, -5, -5, -13, -5, -6,
    -16, -16, -13, -7, 0, -7, -12, -33,
    -12, -5, -28, -18, -10, -3, -3, -13,
    -5, -5, -13, -5, -6, -13, -12, -10,
    -18, -37, -15, -37, -19, 9, 9, -10,
    -34, -7, 3, -15, -7, -7, -7, -7,
    -7, -7, -5, 9, 6, 9, -5, -26,
    3, -10, -15, -7, -12, -12, -1, -18,
    -1, 1, 4, 4, -18, -10, -5, -13,
    -10, -10, -10, -7, -10, -10, -7, -12,
    -10, -13, -12, -10, -18, -8, -24, -7,
    -24, -12, -8, -24, -12, -7, -10, -7,
    -12, -5, -5, -5, -7, -5, -5, -15,
    -8, -29, -29, -5, -5, -18, -15, -7,
    -10, -15, -7, -5, -5, -5, -7, -5,
    -5, -13, -10, -14, 3, -10, -7, 3,
    -7, -7, -7, -7, -5, -18, -11, -7,
    -21, -7, -13, -13, -13, -13, -13, -15,
    -5, -24, -24, -8, -24, -12, -5, -5,
    -7, -12, -5, -5, -5, -7, -5, -5,
    -10, -15, -12, -15, -16, -13, -7, -7,
    -7, -4, -7, -7, -7, -5, -5, -12,
    41, -14, -10, 5, -14, -14, -10, -10,
    5, 5, -19, -19, -24, -24, -24, -19,
    -19, -10, -10, -10, -19, -34, -5, -19,
    -29, -10, -10, -14, -19, -19, -10, -10,
    -10, -10, -5, -19, -19, -14, -19, -19,
    -24, -38, -14, -10, -10, -10, -14, -10,
    -10, -10, -24, -14, -10, -10, -29, -24,
    -34, -14, 10, 10, -10, -5, -29, -14,
    -14, 14, 14, 24, -10, -10, -5, -14,
    10, -14, -14, -10, -29, -29, -29, -24,
    -10, -10, -10, -10, -10, -5, -14, -14,
    -10, -10, -10, -10, -10, -14, -14, -14,
    -10, -29, -19, -19, -10, -10, -24, -5,
    -29, -29, -29, -14, -24
};

/*Collect the kern pair's data in one place*/
static const lv_font_fmt_txt_kern_pair_t kern_pairs =
{
    .glyph_ids = kern_pair_glyph_ids,
    .values = kern_pair_values,
    .pair_cnt = 989,
    .glyph_ids_size = 0
};

/*--------------------
 *  ALL CUSTOM DATA
 *--------------------*/

#if LVGL_VERSION_MAJOR == 8
/*Store all the custom data of the font*/
static  lv_font_fmt_txt_glyph_cache_t cache;
#endif

#if LVGL_VERSION_MAJOR >= 8
static const lv_font_fmt_txt_dsc_t font_dsc = {
#else
static lv_font_fmt_txt_dsc_t font_dsc = {
#endif
    .glyph_bitmap = glyph_bitmap,
    .glyph_dsc = glyph_dsc,
    .cmaps = cmaps,
    .kern_dsc = &kern_pairs,
    .kern_scale = 16,
    .cmap_num = 2,
    .bpp = 4,
    .kern_classes = 0,
    .bitmap_format = 0,
#if LVGL_VERSION_MAJOR == 8
    .cache = &cache
#endif

};



/*-----------------
 *  PUBLIC FONT
 *----------------*/

/*Initialize a public general font descriptor*/
#if LVGL_VERSION_MAJOR >= 8
const lv_font_t NS_Medium_jp_30_data = {
#else
lv_font_t NS_Medium_jp_30_data = {
#endif
    .get_glyph_dsc = lv_font_get_glyph_dsc_fmt_txt,    /*Function pointer to get glyph's data*/
    .get_glyph_bitmap = lv_font_get_bitmap_fmt_txt,    /*Function pointer to get glyph's bitmap*/
    .line_height = 35,          /*The maximum line height required by the font*/
    .base_line = 8,             /*Baseline measured from the bottom of the line*/
#if LV_VERSION_CHECK(9, 6, 0) || LVGL_VERSION_MAJOR >= 10
    .cap_height = 22,           /*Cap height of the font*/
    .x_height = 16,               /*x-height of the font*/
#endif
#if !(LVGL_VERSION_MAJOR == 6 && LVGL_VERSION_MINOR == 0)
    .subpx = LV_FONT_SUBPX_NONE,
#endif
#if LV_VERSION_CHECK(7, 4, 0) || LVGL_VERSION_MAJOR >= 8
    .underline_position = -4,
    .underline_thickness = 2,
#endif

#if LV_VERSION_CHECK(9, 3, 0)
    .static_bitmap = 1,    /*Bitmaps are stored as const so they are always static if not compressed */
#endif

    .dsc = &font_dsc,          /*The custom font data. Will be accessed by `get_glyph_bitmap/dsc` */
#if LV_VERSION_CHECK(8, 2, 0) || LVGL_VERSION_MAJOR >= 9
    .fallback = NULL,
#endif
    .user_data = NULL,
};



#endif /*#if NS_MEDIUM_JP_30_DATA*/
