/*******************************************************************************
 * Size: 40 px
 * Bpp: 4
 * Opts: --font /fonts/raw/NotoSans-Medium.ttf -o /fonts/NS_Medium_ru_40_data.c --size 40 --bpp 4 --format lvgl --no-compress --symbols АБВГДЕЁЖЗИЙКЛМНОПРСТУФХЦЧШЩЪЫЬЭЮЯабвгдеёжзийклмнопрстуфхцчшщъыьэюя
 ******************************************************************************/

#ifdef __has_include
    #if __has_include("lvgl.h")
        #ifndef LV_LVGL_H_INCLUDE_SIMPLE
            #define LV_LVGL_H_INCLUDE_SIMPLE
        #endif
    #endif
#endif

#ifdef LV_LVGL_H_INCLUDE_SIMPLE
    #include "lvgl.h"
#else
    #include "lvgl/lvgl.h"
#endif



#ifndef NS_MEDIUM_RU_40_DATA
#define NS_MEDIUM_RU_40_DATA 1
#endif

#if NS_MEDIUM_RU_40_DATA

/*-----------------
 *    BITMAPS
 *----------------*/

/*Store the image of the glyphs*/
static LV_ATTRIBUTE_LARGE_CONST const uint8_t glyph_bitmap[] = {
    /* U+0401 "Ё" */
    0x00, 0x01, 0xcf, 0xc1, 0x00, 0x09, 0xfe, 0x40,
    0x00, 0x00, 0x8f, 0xff, 0x80, 0x04, 0xff, 0xfc,
    0x00, 0x00, 0x0a, 0xff, 0xfa, 0x00, 0x6f, 0xff,
    0xe0, 0x00, 0x00, 0x8f, 0xff, 0x70, 0x03, 0xff,
    0xfb, 0x00, 0x00, 0x00, 0xad, 0xa0, 0x00, 0x07,
    0xdc, 0x20, 0x00, 0x00, 0x00, 0x00, 0x00, 0x00,
    0x00, 0x00, 0x00, 0x00, 0x00, 0x00, 0x00, 0x00,
    0x00, 0x00, 0x00, 0x04, 0xff, 0xff, 0xff, 0xff,
    0xff, 0xff, 0xff, 0xff, 0x4f, 0xff, 0xff, 0xff,
    0xff, 0xff, 0xff, 0xff, 0xf4, 0xff, 0xff, 0xff,
    0xff, 0xff, 0xff, 0xff, 0xff, 0x4f, 0xff, 0xfc,
    0xbb, 0xbb, 0xbb, 0xbb, 0xbb, 0xb4, 0xff, 0xff,
    0x10, 0x00, 0x00, 0x00, 0x00, 0x00, 0x4f, 0xff,
    0xf1, 0x00, 0x00, 0x00, 0x00, 0x00, 0x04, 0xff,
    0xff, 0x10, 0x00, 0x00, 0x00, 0x00, 0x00, 0x4f,
    0xff, 0xf1, 0x00, 0x00, 0x00, 0x00, 0x00, 0x04,
    0xff, 0xff, 0x10, 0x00, 0x00, 0x00, 0x00, 0x00,
    0x4f, 0xff, 0xf1, 0x00, 0x00, 0x00, 0x00, 0x00,
    0x04, 0xff, 0xff, 0x10, 0x00, 0x00, 0x00, 0x00,
    0x00, 0x4f, 0xff, 0xf1, 0x00, 0x00, 0x00, 0x00,
    0x00, 0x04, 0xff, 0xff, 0xbb, 0xbb, 0xbb, 0xbb,
    0xbb, 0xb2, 0x4f, 0xff, 0xff, 0xff, 0xff, 0xff,
    0xff, 0xff, 0x34, 0xff, 0xff, 0xff, 0xff, 0xff,
    0xff, 0xff, 0xf3, 0x4f, 0xff, 0xff, 0xff, 0xff,
    0xff, 0xff, 0xff, 0x34, 0xff, 0xff, 0x10, 0x00,
    0x00, 0x00, 0x00, 0x00, 0x4f, 0xff, 0xf1, 0x00,
    0x00, 0x00, 0x00, 0x00, 0x04, 0xff, 0xff, 0x10,
    0x00, 0x00, 0x00, 0x00, 0x00, 0x4f, 0xff, 0xf1,
    0x00, 0x00, 0x00, 0x00, 0x00, 0x04, 0xff, 0xff,
    0x10, 0x00, 0x00, 0x00, 0x00, 0x00, 0x4f, 0xff,
    0xf1, 0x00, 0x00, 0x00, 0x00, 0x00, 0x04, 0xff,
    0xff, 0x10, 0x00, 0x00, 0x00, 0x00, 0x00, 0x4f,
    0xff, 0xf1, 0x00, 0x00, 0x00, 0x00, 0x00, 0x04,
    0xff, 0xff, 0x10, 0x00, 0x00, 0x00, 0x00, 0x00,
    0x4f, 0xff, 0xfc, 0xbb, 0xbb, 0xbb, 0xbb, 0xbb,
    0xb4, 0xff, 0xff, 0xff, 0xff, 0xff, 0xff, 0xff,
    0xff, 0x4f, 0xff, 0xff, 0xff, 0xff, 0xff, 0xff,
    0xff, 0xf4, 0xff, 0xff, 0xff, 0xff, 0xff, 0xff,
    0xff, 0xff,

    /* U+0410 "А" */
    0x00, 0x00, 0x00, 0x00, 0x00, 0x5f, 0xff, 0xf8,
    0x00, 0x00, 0x00, 0x00, 0x00, 0x00, 0x00, 0x00,
    0x00, 0x00, 0x0b, 0xff, 0xff, 0xd0, 0x00, 0x00,
    0x00, 0x00, 0x00, 0x00, 0x00, 0x00, 0x00, 0x01,
    0xff, 0xff, 0xff, 0x40, 0x00, 0x00, 0x00, 0x00,
    0x00, 0x00, 0x00, 0x00, 0x00, 0x7f, 0xff, 0xff,
    0xf9, 0x00, 0x00, 0x00, 0x00, 0x00, 0x00, 0x00,
    0x00, 0x00, 0x0d, 0xff, 0xed, 0xff, 0xf0, 0x00,
    0x00, 0x00, 0x00, 0x00, 0x00, 0x00, 0x00, 0x03,
    0xff, 0xfa, 0x8f, 0xff, 0x50, 0x00, 0x00, 0x00,
    0x00, 0x00, 0x00, 0x00, 0x00, 0x9f, 0xff, 0x63,
    0xff, 0xfc, 0x00, 0x00, 0x00, 0x00, 0x00, 0x00,
    0x00, 0x00, 0x0e, 0xff, 0xf2, 0x0e, 0xff, 0xf1,
    0x00, 0x00, 0x00, 0x00, 0x00, 0x00, 0x00, 0x05,
    0xff, 0xfd, 0x00, 0xaf, 0xff, 0x70, 0x00, 0x00,
    0x00, 0x00, 0x00, 0x00, 0x00, 0xbf, 0xff, 0x80,
    0x04, 0xff, 0xfd, 0x00, 0x00, 0x00, 0x00, 0x00,
    0x00, 0x00, 0x1f, 0xff, 0xf2, 0x00, 0x0e, 0xff,
    0xf3, 0x00, 0x00, 0x00, 0x00, 0x00, 0x00, 0x07,
    0xff, 0xfc, 0x00, 0x00, 0x9f, 0xff, 0x90, 0x00,
    0x00, 0x00, 0x00, 0x00, 0x00, 0xdf, 0xff, 0x70,
    0x00, 0x04, 0xff, 0xff, 0x00, 0x00, 0x00, 0x00,
    0x00, 0x00, 0x3f, 0xff, 0xf1, 0x00, 0x00, 0x0e,
    0xff, 0xf5, 0x00, 0x00, 0x00, 0x00, 0x00, 0x09,
    0xff, 0xfb, 0x00, 0x00, 0x00, 0x9f, 0xff, 0xb0,
    0x00, 0x00, 0x00, 0x00, 0x00, 0xef, 0xff, 0x60,
    0x00, 0x00, 0x03, 0xff, 0xff, 0x10, 0x00, 0x00,
    0x00, 0x00, 0x5f, 0xff, 0xf0, 0x00, 0x00, 0x00,
    0x0d, 0xff, 0xf7, 0x00, 0x00, 0x00, 0x00, 0x0b,
    0xff, 0xff, 0xff, 0xff, 0xff, 0xff, 0xff, 0xff,
    0xd0, 0x00, 0x00, 0x00, 0x01, 0xff, 0xff, 0xff,
    0xff, 0xff, 0xff, 0xff, 0xff, 0xff, 0x30, 0x00,
    0x00, 0x00, 0x7f, 0xff, 0xff, 0xff, 0xff, 0xff,
    0xff, 0xff, 0xff, 0xf9, 0x00, 0x00, 0x00, 0x0d,
    0xff, 0xfe, 0xcc, 0xcc, 0xcc, 0xcc, 0xcc, 0xdf,
    0xff, 0xf0, 0x00, 0x00, 0x03, 0xff, 0xff, 0x40,
    0x00, 0x00, 0x00, 0x00, 0x03, 0xff, 0xff, 0x50,
    0x00, 0x00, 0x9f, 0xff, 0xe0, 0x00, 0x00, 0x00,
    0x00, 0x00, 0x0d, 0xff, 0xfb, 0x00, 0x00, 0x0e,
    0xff, 0xf8, 0x00, 0x00, 0x00, 0x00, 0x00, 0x00,
    0x7f, 0xff, 0xf1, 0x00, 0x05, 0xff, 0xff, 0x20,
    0x00, 0x00, 0x00, 0x00, 0x00, 0x01, 0xff, 0xff,
    0x70, 0x00, 0xbf, 0xff, 0xd0, 0x00, 0x00, 0x00,
    0x00, 0x00, 0x00, 0x0b, 0xff, 0xfd, 0x00, 0x1f,
    0xff, 0xf7, 0x00, 0x00, 0x00, 0x00, 0x00, 0x00,
    0x00, 0x5f, 0xff, 0xf3, 0x07, 0xff, 0xff, 0x10,
    0x00, 0x00, 0x00, 0x00, 0x00, 0x00, 0x00, 0xff,
    0xff, 0x90, 0xdf, 0xff, 0xb0, 0x00, 0x00, 0x00,
    0x00, 0x00, 0x00, 0x00, 0x09, 0xff, 0xff, 0x00,

    /* U+0411 "Б" */
    0x3f, 0xff, 0xff, 0xff, 0xff, 0xff, 0xff, 0xff,
    0xff, 0x40, 0x3f, 0xff, 0xff, 0xff, 0xff, 0xff,
    0xff, 0xff, 0xff, 0x40, 0x3f, 0xff, 0xff, 0xff,
    0xff, 0xff, 0xff, 0xff, 0xff, 0x40, 0x3f, 0xff,
    0xfc, 0xbb, 0xbb, 0xbb, 0xbb, 0xbb, 0xbb, 0x30,
    0x3f, 0xff, 0xf2, 0x00, 0x00, 0x00, 0x00, 0x00,
    0x00, 0x00, 0x3f, 0xff, 0xf2, 0x00, 0x00, 0x00,
    0x00, 0x00, 0x00, 0x00, 0x3f, 0xff, 0xf2, 0x00,
    0x00, 0x00, 0x00, 0x00, 0x00, 0x00, 0x3f, 0xff,
    0xf2, 0x00, 0x00, 0x00, 0x00, 0x00, 0x00, 0x00,
    0x3f, 0xff, 0xf2, 0x00, 0x00, 0x00, 0x00, 0x00,
    0x00, 0x00, 0x3f, 0xff, 0xf2, 0x00, 0x00, 0x00,
    0x00, 0x00, 0x00, 0x00, 0x3f, 0xff, 0xf2, 0x00,
    0x00, 0x00, 0x00, 0x00, 0x00, 0x00, 0x3f, 0xff,
    0xfb, 0xbb, 0xba, 0xa8, 0x63, 0x00, 0x00, 0x00,
    0x3f, 0xff, 0xff, 0xff, 0xff, 0xff, 0xff, 0xe8,
    0x10, 0x00, 0x3f, 0xff, 0xff, 0xff, 0xff, 0xff,
    0xff, 0xff, 0xe4, 0x00, 0x3f, 0xff, 0xff, 0xff,
    0xff, 0xff, 0xff, 0xff, 0xff, 0x40, 0x2f, 0xff,
    0xf2, 0x00, 0x00, 0x13, 0x7e, 0xff, 0xff, 0xe0,
    0x2f, 0xff, 0xf2, 0x00, 0x00, 0x00, 0x00, 0xbf,
    0xff, 0xf6, 0x2f, 0xff, 0xf2, 0x00, 0x00, 0x00,
    0x00, 0x1f, 0xff, 0xfb, 0x2f, 0xff, 0xf2, 0x00,
    0x00, 0x00, 0x00, 0x0a, 0xff, 0xfe, 0x2f, 0xff,
    0xf2, 0x00, 0x00, 0x00, 0x00, 0x07, 0xff, 0xff,
    0x2f, 0xff, 0xf2, 0x00, 0x00, 0x00, 0x00, 0x07,
    0xff, 0xff, 0x2f, 0xff, 0xf2, 0x00, 0x00, 0x00,
    0x00, 0x09, 0xff, 0xfe, 0x2f, 0xff, 0xf2, 0x00,
    0x00, 0x00, 0x00, 0x0e, 0xff, 0xfb, 0x2f, 0xff,
    0xf2, 0x00, 0x00, 0x00, 0x00, 0x8f, 0xff, 0xf6,
    0x2f, 0xff, 0xf2, 0x00, 0x00, 0x00, 0x2a, 0xff,
    0xff, 0xe1, 0x2f, 0xff, 0xfb, 0xaa, 0xaa, 0xbd,
    0xff, 0xff, 0xff, 0x50, 0x2f, 0xff, 0xff, 0xff,
    0xff, 0xff, 0xff, 0xff, 0xf6, 0x00, 0x2f, 0xff,
    0xff, 0xff, 0xff, 0xff, 0xff, 0xfc, 0x30, 0x00,
    0x2f, 0xff, 0xff, 0xff, 0xff, 0xfd, 0xb8, 0x30,
    0x00, 0x00,

    /* U+0412 "В" */
    0x4f, 0xff, 0xff, 0xff, 0xff, 0xfe, 0xda, 0x73,
    0x00, 0x00, 0x00, 0x4f, 0xff, 0xff, 0xff, 0xff,
    0xff, 0xff, 0xff, 0xc4, 0x00, 0x00, 0x4f, 0xff,
    0xff, 0xff, 0xff, 0xff, 0xff, 0xff, 0xff, 0x70,
    0x00, 0x4f, 0xff, 0xf9, 0x99, 0x99, 0x9b, 0xef,
    0xff, 0xff, 0xf4, 0x00, 0x4f, 0xff, 0xf1, 0x00,
    0x00, 0x00, 0x03, 0xcf, 0xff, 0xfb, 0x00, 0x4f,
    0xff, 0xf1, 0x00, 0x00, 0x00, 0x00, 0x0e, 0xff,
    0xff, 0x00, 0x4f, 0xff, 0xf1, 0x00, 0x00, 0x00,
    0x00, 0x07, 0xff, 0xff, 0x20, 0x4f, 0xff, 0xf1,
    0x00, 0x00, 0x00, 0x00, 0x04, 0xff, 0xff, 0x30,
    0x4f, 0xff, 0xf1, 0x00, 0x00, 0x00, 0x00, 0x05,
    0xff, 0xff, 0x20, 0x4f, 0xff, 0xf1, 0x00, 0x00,
    0x00, 0x00, 0x07, 0xff, 0xfe, 0x00, 0x4f, 0xff,
    0xf1, 0x00, 0x00, 0x00, 0x00, 0x0d, 0xff, 0xf9,
    0x00, 0x4f, 0xff, 0xf1, 0x00, 0x00, 0x00, 0x01,
    0xbf, 0xff, 0xe1, 0x00, 0x4f, 0xff, 0xf7, 0x77,
    0x77, 0x78, 0xbf, 0xff, 0xfe, 0x20, 0x00, 0x4f,
    0xff, 0xff, 0xff, 0xff, 0xff, 0xff, 0xfd, 0x70,
    0x00, 0x00, 0x4f, 0xff, 0xff, 0xff, 0xff, 0xff,
    0xff, 0xfa, 0x61, 0x00, 0x00, 0x4f, 0xff, 0xff,
    0xff, 0xff, 0xff, 0xff, 0xff, 0xff, 0x80, 0x00,
    0x4f, 0xff, 0xf1, 0x00, 0x00, 0x01, 0x37, 0xdf,
    0xff, 0xfa, 0x00, 0x4f, 0xff, 0xf1, 0x00, 0x00,
    0x00, 0x00, 0x0a, 0xff, 0xff, 0x50, 0x4f, 0xff,
    0xf1, 0x00, 0x00, 0x00, 0x00, 0x00, 0xef, 0xff,
    0xc0, 0x4f, 0xff, 0xf1, 0x00, 0x00, 0x00, 0x00,
    0x00, 0x9f, 0xff, 0xf0, 0x4f, 0xff, 0xf1, 0x00,
    0x00, 0x00, 0x00, 0x00, 0x8f, 0xff, 0xf0, 0x4f,
    0xff, 0xf1, 0x00, 0x00, 0x00, 0x00, 0x00, 0x9f,
    0xff, 0xf0, 0x4f, 0xff, 0xf1, 0x00, 0x00, 0x00,
    0x00, 0x00, 0xdf, 0xff, 0xf0, 0x4f, 0xff, 0xf1,
    0x00, 0x00, 0x00, 0x00, 0x05, 0xff, 0xff, 0xb0,
    0x4f, 0xff, 0xf1, 0x00, 0x00, 0x00, 0x00, 0x7f,
    0xff, 0xff, 0x40, 0x4f, 0xff, 0xf9, 0x99, 0x99,
    0x99, 0xbf, 0xff, 0xff, 0xfb, 0x00, 0x4f, 0xff,
    0xff, 0xff, 0xff, 0xff, 0xff, 0xff, 0xff, 0xc0,
    0x00, 0x4f, 0xff, 0xff, 0xff, 0xff, 0xff, 0xff,
    0xff, 0xf7, 0x00, 0x00, 0x4f, 0xff, 0xff, 0xff,
    0xff, 0xff, 0xed, 0xa5, 0x00, 0x00, 0x00,

    /* U+0413 "Г" */
    0x3f, 0xff, 0xff, 0xff, 0xff, 0xff, 0xff, 0xff,
    0xf3, 0xff, 0xff, 0xff, 0xff, 0xff, 0xff, 0xff,
    0xff, 0x3f, 0xff, 0xff, 0xff, 0xff, 0xff, 0xff,
    0xff, 0xf3, 0xff, 0xff, 0xcb, 0xbb, 0xbb, 0xbb,
    0xbb, 0xbb, 0x3f, 0xff, 0xf2, 0x00, 0x00, 0x00,
    0x00, 0x00, 0x03, 0xff, 0xff, 0x20, 0x00, 0x00,
    0x00, 0x00, 0x00, 0x3f, 0xff, 0xf2, 0x00, 0x00,
    0x00, 0x00, 0x00, 0x03, 0xff, 0xff, 0x20, 0x00,
    0x00, 0x00, 0x00, 0x00, 0x3f, 0xff, 0xf2, 0x00,
    0x00, 0x00, 0x00, 0x00, 0x03, 0xff, 0xff, 0x20,
    0x00, 0x00, 0x00, 0x00, 0x00, 0x3f, 0xff, 0xf2,
    0x00, 0x00, 0x00, 0x00, 0x00, 0x03, 0xff, 0xff,
    0x20, 0x00, 0x00, 0x00, 0x00, 0x00, 0x3f, 0xff,
    0xf2, 0x00, 0x00, 0x00, 0x00, 0x00, 0x03, 0xff,
    0xff, 0x20, 0x00, 0x00, 0x00, 0x00, 0x00, 0x3f,
    0xff, 0xf2, 0x00, 0x00, 0x00, 0x00, 0x00, 0x03,
    0xff, 0xff, 0x20, 0x00, 0x00, 0x00, 0x00, 0x00,
    0x3f, 0xff, 0xf2, 0x00, 0x00, 0x00, 0x00, 0x00,
    0x03, 0xff, 0xff, 0x20, 0x00, 0x00, 0x00, 0x00,
    0x00, 0x3f, 0xff, 0xf2, 0x00, 0x00, 0x00, 0x00,
    0x00, 0x03, 0xff, 0xff, 0x20, 0x00, 0x00, 0x00,
    0x00, 0x00, 0x3f, 0xff, 0xf2, 0x00, 0x00, 0x00,
    0x00, 0x00, 0x03, 0xff, 0xff, 0x20, 0x00, 0x00,
    0x00, 0x00, 0x00, 0x3f, 0xff, 0xf2, 0x00, 0x00,
    0x00, 0x00, 0x00, 0x03, 0xff, 0xff, 0x20, 0x00,
    0x00, 0x00, 0x00, 0x00, 0x3f, 0xff, 0xf2, 0x00,
    0x00, 0x00, 0x00, 0x00, 0x03, 0xff, 0xff, 0x20,
    0x00, 0x00, 0x00, 0x00, 0x00, 0x3f, 0xff, 0xf2,
    0x00, 0x00, 0x00, 0x00, 0x00, 0x03, 0xff, 0xff,
    0x20, 0x00, 0x00, 0x00, 0x00, 0x00, 0x3f, 0xff,
    0xf2, 0x00, 0x00, 0x00, 0x00, 0x00, 0x00,

    /* U+0414 "Д" */
    0x00, 0x00, 0x00, 0x03, 0xff, 0xff, 0xff, 0xff,
    0xff, 0xff, 0xff, 0xff, 0xf9, 0x00, 0x00, 0x00,
    0x00, 0x00, 0x04, 0xff, 0xff, 0xff, 0xff, 0xff,
    0xff, 0xff, 0xff, 0xf9, 0x00, 0x00, 0x00, 0x00,
    0x00, 0x04, 0xff, 0xff, 0xff, 0xff, 0xff, 0xff,
    0xff, 0xff, 0xf9, 0x00, 0x00, 0x00, 0x00, 0x00,
    0x05, 0xff, 0xfe, 0xbb, 0xbb, 0xbb, 0xbb, 0xbe,
    0xff, 0xf9, 0x00, 0x00, 0x00, 0x00, 0x00, 0x06,
    0xff, 0xf9, 0x00, 0x00, 0x00, 0x00, 0x0b, 0xff,
    0xf9, 0x00, 0x00, 0x00, 0x00, 0x00, 0x06, 0xff,
    0xf8, 0x00, 0x00, 0x00, 0x00, 0x0b, 0xff, 0xf9,
    0x00, 0x00, 0x00, 0x00, 0x00, 0x07, 0xff, 0xf8,
    0x00, 0x00, 0x00, 0x00, 0x0b, 0xff, 0xf9, 0x00,
    0x00, 0x00, 0x00, 0x00, 0x08, 0xff, 0xf7, 0x00,
    0x00, 0x00, 0x00, 0x0b, 0xff, 0xf9, 0x00, 0x00,
    0x00, 0x00, 0x00, 0x09, 0xff, 0xf6, 0x00, 0x00,
    0x00, 0x00, 0x0b, 0xff, 0xf9, 0x00, 0x00, 0x00,
    0x00, 0x00, 0x0a, 0xff, 0xf5, 0x00, 0x00, 0x00,
    0x00, 0x0b, 0xff, 0xf9, 0x00, 0x00, 0x00, 0x00,
    0x00, 0x0b, 0xff, 0xf4, 0x00, 0x00, 0x00, 0x00,
    0x0b, 0xff, 0xf9, 0x00, 0x00, 0x00, 0x00, 0x00,
    0x0c, 0xff, 0xf3, 0x00, 0x00, 0x00, 0x00, 0x0b,
    0xff, 0xf9, 0x00, 0x00, 0x00, 0x00, 0x00, 0x0d,
    0xff, 0xf2, 0x00, 0x00, 0x00, 0x00, 0x0b, 0xff,
    0xf9, 0x00, 0x00, 0x00, 0x00, 0x00, 0x0e, 0xff,
    0xf1, 0x00, 0x00, 0x00, 0x00, 0x0b, 0xff, 0xf9,
    0x00, 0x00, 0x00, 0x00, 0x00, 0x0f, 0xff, 0xf0,
    0x00, 0x00, 0x00, 0x00, 0x0b, 0xff, 0xf9, 0x00,
    0x00, 0x00, 0x00, 0x00, 0x1f, 0xff, 0xe0, 0x00,
    0x00, 0x00, 0x00, 0x0b, 0xff, 0xf9, 0x00, 0x00,
    0x00, 0x00, 0x00, 0x3f, 0xff, 0xd0, 0x00, 0x00,
    0x00, 0x00, 0x0b, 0xff, 0xf9, 0x00, 0x00, 0x00,
    0x00, 0x00, 0x6f, 0xff, 0xa0, 0x00, 0x00, 0x00,
    0x00, 0x0b, 0xff, 0xf9, 0x00, 0x00, 0x00, 0x00,
    0x00, 0x9f, 0xff, 0x70, 0x00, 0x00, 0x00, 0x00,
    0x0b, 0xff, 0xf9, 0x00, 0x00, 0x00, 0x00, 0x00,
    0xdf, 0xff, 0x40, 0x00, 0x00, 0x00, 0x00, 0x0b,
    0xff, 0xf9, 0x00, 0x00, 0x00, 0x00, 0x02, 0xff,
    0xff, 0x00, 0x00, 0x00, 0x00, 0x00, 0x0b, 0xff,
    0xf9, 0x00, 0x00, 0x00, 0x00, 0x08, 0xff, 0xfb,
    0x00, 0x00, 0x00, 0x00, 0x00, 0x0b, 0xff, 0xf9,
    0x00, 0x00, 0x00, 0x00, 0x1f, 0xff, 0xf5, 0x00,
    0x00, 0x00, 0x00, 0x00, 0x0b, 0xff, 0xf9, 0x00,
    0x00, 0x00, 0x00, 0x9f, 0xff, 0xe0, 0x00, 0x00,
    0x00, 0x00, 0x00, 0x0b, 0xff, 0xf9, 0x00, 0x00,
    0x00, 0x03, 0xff, 0xff, 0x60, 0x00, 0x00, 0x00,
    0x00, 0x00, 0x0b, 0xff, 0xf9, 0x00, 0x00, 0x7b,
    0xbe, 0xff, 0xff, 0xcb, 0xbb, 0xbb, 0xbb, 0xbb,
    0xbb, 0xbe, 0xff, 0xfe, 0xbb, 0xb3, 0x9f, 0xff,
    0xff, 0xff, 0xff, 0xff, 0xff, 0xff, 0xff, 0xff,
    0xff, 0xff, 0xff, 0xff, 0xf5, 0x9f, 0xff, 0xff,
    0xff, 0xff, 0xff, 0xff, 0xff, 0xff, 0xff, 0xff,
    0xff, 0xff, 0xff, 0xf5, 0x9f, 0xff, 0xff, 0xff,
    0xff, 0xff, 0xff, 0xff, 0xff, 0xff, 0xff, 0xff,
    0xff, 0xff, 0xf5, 0x9f, 0xff, 0x90, 0x00, 0x00,
    0x00, 0x00, 0x00, 0x00, 0x00, 0x00, 0x00, 0x0d,
    0xff, 0xf5, 0x9f, 0xff, 0x90, 0x00, 0x00, 0x00,
    0x00, 0x00, 0x00, 0x00, 0x00, 0x00, 0x0d, 0xff,
    0xf5, 0x9f, 0xff, 0x90, 0x00, 0x00, 0x00, 0x00,
    0x00, 0x00, 0x00, 0x00, 0x00, 0x0d, 0xff, 0xf5,
    0x9f, 0xff, 0x90, 0x00, 0x00, 0x00, 0x00, 0x00,
    0x00, 0x00, 0x00, 0x00, 0x0d, 0xff, 0xf5, 0x9f,
    0xff, 0x90, 0x00, 0x00, 0x00, 0x00, 0x00, 0x00,
    0x00, 0x00, 0x00, 0x0d, 0xff, 0xf5, 0x9f, 0xff,
    0x90, 0x00, 0x00, 0x00, 0x00, 0x00, 0x00, 0x00,
    0x00, 0x00, 0x0d, 0xff, 0xf5, 0x23, 0x33, 0x20,
    0x00, 0x00, 0x00, 0x00, 0x00, 0x00, 0x00, 0x00,
    0x00, 0x02, 0x33, 0x31,

    /* U+0415 "Е" */
    0x4f, 0xff, 0xff, 0xff, 0xff, 0xff, 0xff, 0xff,
    0xf4, 0xff, 0xff, 0xff, 0xff, 0xff, 0xff, 0xff,
    0xff, 0x4f, 0xff, 0xff, 0xff, 0xff, 0xff, 0xff,
    0xff, 0xf4, 0xff, 0xff, 0xcb, 0xbb, 0xbb, 0xbb,
    0xbb, 0xbb, 0x4f, 0xff, 0xf1, 0x00, 0x00, 0x00,
    0x00, 0x00, 0x04, 0xff, 0xff, 0x10, 0x00, 0x00,
    0x00, 0x00, 0x00, 0x4f, 0xff, 0xf1, 0x00, 0x00,
    0x00, 0x00, 0x00, 0x04, 0xff, 0xff, 0x10, 0x00,
    0x00, 0x00, 0x00, 0x00, 0x4f, 0xff, 0xf1, 0x00,
    0x00, 0x00, 0x00, 0x00, 0x04, 0xff, 0xff, 0x10,
    0x00, 0x00, 0x00, 0x00, 0x00, 0x4f, 0xff, 0xf1,
    0x00, 0x00, 0x00, 0x00, 0x00, 0x04, 0xff, 0xff,
    0x10, 0x00, 0x00, 0x00, 0x00, 0x00, 0x4f, 0xff,
    0xfb, 0xbb, 0xbb, 0xbb, 0xbb, 0xbb, 0x24, 0xff,
    0xff, 0xff, 0xff, 0xff, 0xff, 0xff, 0xf3, 0x4f,
    0xff, 0xff, 0xff, 0xff, 0xff, 0xff, 0xff, 0x34,
    0xff, 0xff, 0xff, 0xff, 0xff, 0xff, 0xff, 0xf3,
    0x4f, 0xff, 0xf1, 0x00, 0x00, 0x00, 0x00, 0x00,
    0x04, 0xff, 0xff, 0x10, 0x00, 0x00, 0x00, 0x00,
    0x00, 0x4f, 0xff, 0xf1, 0x00, 0x00, 0x00, 0x00,
    0x00, 0x04, 0xff, 0xff, 0x10, 0x00, 0x00, 0x00,
    0x00, 0x00, 0x4f, 0xff, 0xf1, 0x00, 0x00, 0x00,
    0x00, 0x00, 0x04, 0xff, 0xff, 0x10, 0x00, 0x00,
    0x00, 0x00, 0x00, 0x4f, 0xff, 0xf1, 0x00, 0x00,
    0x00, 0x00, 0x00, 0x04, 0xff, 0xff, 0x10, 0x00,
    0x00, 0x00, 0x00, 0x00, 0x4f, 0xff, 0xf1, 0x00,
    0x00, 0x00, 0x00, 0x00, 0x04, 0xff, 0xff, 0xcb,
    0xbb, 0xbb, 0xbb, 0xbb, 0xbb, 0x4f, 0xff, 0xff,
    0xff, 0xff, 0xff, 0xff, 0xff, 0xf4, 0xff, 0xff,
    0xff, 0xff, 0xff, 0xff, 0xff, 0xff, 0x4f, 0xff,
    0xff, 0xff, 0xff, 0xff, 0xff, 0xff, 0xf0,

    /* U+0416 "Ж" */
    0x0b, 0xff, 0xfc, 0x00, 0x00, 0x00, 0x00, 0x00,
    0x8f, 0xff, 0xb0, 0x00, 0x00, 0x00, 0x00, 0x09,
    0xff, 0xfe, 0x10, 0x02, 0xff, 0xff, 0x70, 0x00,
    0x00, 0x00, 0x00, 0x8f, 0xff, 0xb0, 0x00, 0x00,
    0x00, 0x00, 0x3f, 0xff, 0xf5, 0x00, 0x00, 0x7f,
    0xff, 0xf1, 0x00, 0x00, 0x00, 0x00, 0x8f, 0xff,
    0xb0, 0x00, 0x00, 0x00, 0x00, 0xdf, 0xff, 0xa0,
    0x00, 0x00, 0x0c, 0xff, 0xfb, 0x00, 0x00, 0x00,
    0x00, 0x8f, 0xff, 0xb0, 0x00, 0x00, 0x00, 0x08,
    0xff, 0xff, 0x10, 0x00, 0x00, 0x02, 0xff, 0xff,
    0x50, 0x00, 0x00, 0x00, 0x8f, 0xff, 0xb0, 0x00,
    0x00, 0x00, 0x2f, 0xff, 0xf6, 0x00, 0x00, 0x00,
    0x00, 0x8f, 0xff, 0xe1, 0x00, 0x00, 0x00, 0x8f,
    0xff, 0xb0, 0x00, 0x00, 0x00, 0xcf, 0xff, 0xc0,
    0x00, 0x00, 0x00, 0x00, 0x0d, 0xff, 0xfa, 0x00,
    0x00, 0x00, 0x8f, 0xff, 0xb0, 0x00, 0x00, 0x06,
    0xff, 0xff, 0x20, 0x00, 0x00, 0x00, 0x00, 0x03,
    0xff, 0xff, 0x40, 0x00, 0x00, 0x8f, 0xff, 0xb0,
    0x00, 0x00, 0x1f, 0xff, 0xf7, 0x00, 0x00, 0x00,
    0x00, 0x00, 0x00, 0x9f, 0xff, 0xd0, 0x00, 0x00,
    0x8f, 0xff, 0xb0, 0x00, 0x00, 0xaf, 0xff, 0xd0,
    0x00, 0x00, 0x00, 0x00, 0x00, 0x00, 0x0e, 0xff,
    0xf8, 0x00, 0x00, 0x8f, 0xff, 0xb0, 0x00, 0x05,
    0xff, 0xff, 0x30, 0x00, 0x00, 0x00, 0x00, 0x00,
    0x00, 0x04, 0xff, 0xff, 0x30, 0x00, 0x8f, 0xff,
    0xb0, 0x00, 0x0e, 0xff, 0xf9, 0x00, 0x00, 0x00,
    0x00, 0x00, 0x00, 0x00, 0x00, 0xaf, 0xff, 0xc0,
    0x00, 0x8f, 0xff, 0xb0, 0x00, 0x9f, 0xff, 0xe0,
    0x00, 0x00, 0x00, 0x00, 0x00, 0x00, 0x00, 0x00,
    0x1e, 0xff, 0xfc, 0xbb, 0xef, 0xff, 0xeb, 0xbb,
    0xff, 0xff, 0x40, 0x00, 0x00, 0x00, 0x00, 0x00,
    0x00, 0x00, 0x00, 0x06, 0xff, 0xff, 0xff, 0xff,
    0xff, 0xff, 0xff, 0xff, 0xfa, 0x00, 0x00, 0x00,
    0x00, 0x00, 0x00, 0x00, 0x00, 0x00, 0x08, 0xff,
    0xff, 0xff, 0xff, 0xff, 0xff, 0xff, 0xff, 0xfc,
    0x00, 0x00, 0x00, 0x00, 0x00, 0x00, 0x00, 0x00,
    0x00, 0x3f, 0xff, 0xff, 0xff, 0xff, 0xff, 0xff,
    0xff, 0xff, 0xff, 0x60, 0x00, 0x00, 0x00, 0x00,
    0x00, 0x00, 0x00, 0x00, 0xcf, 0xff, 0xe1, 0x00,
    0x8f, 0xff, 0xb0, 0x00, 0xcf, 0xff, 0xf1, 0x00,
    0x00, 0x00, 0x00, 0x00, 0x00, 0x00, 0x07, 0xff,
    0xff, 0x50, 0x00, 0x8f, 0xff, 0xb0, 0x00, 0x2f,
    0xff, 0xfa, 0x00, 0x00, 0x00, 0x00, 0x00, 0x00,
    0x00, 0x2f, 0xff, 0xfb, 0x00, 0x00, 0x8f, 0xff,
    0xb0, 0x00, 0x08, 0xff, 0xff, 0x50, 0x00, 0x00,
    0x00, 0x00, 0x00, 0x00, 0xbf, 0xff, 0xf2, 0x00,
    0x00, 0x8f, 0xff, 0xb0, 0x00, 0x00, 0xdf, 0xff,
    0xe1, 0x00, 0x00, 0x00, 0x00, 0x00, 0x06, 0xff,
    0xff, 0x70, 0x00, 0x00, 0x8f, 0xff, 0xb0, 0x00,
    0x00, 0x4f, 0xff, 0xf9, 0x00, 0x00, 0x00, 0x00,
    0x00, 0x1e, 0xff, 0xfc, 0x00, 0x00, 0x00, 0x8f,
    0xff, 0xb0, 0x00, 0x00, 0x09, 0xff, 0xff, 0x40,
    0x00, 0x00, 0x00, 0x00, 0xaf, 0xff, 0xf3, 0x00,
    0x00, 0x00, 0x8f, 0xff, 0xb0, 0x00, 0x00, 0x01,
    0xef, 0xff, 0xd0, 0x00, 0x00, 0x00, 0x04, 0xff,
    0xff, 0x80, 0x00, 0x00, 0x00, 0x8f, 0xff, 0xb0,
    0x00, 0x00, 0x00, 0x5f, 0xff, 0xf8, 0x00, 0x00,
    0x00, 0x0e, 0xff, 0xfd, 0x00, 0x00, 0x00, 0x00,
    0x8f, 0xff, 0xb0, 0x00, 0x00, 0x00, 0x0b, 0xff,
    0xff, 0x30, 0x00, 0x00, 0x9f, 0xff, 0xf4, 0x00,
    0x00, 0x00, 0x00, 0x8f, 0xff, 0xb0, 0x00, 0x00,
    0x00, 0x01, 0xff, 0xff, 0xd0, 0x00, 0x03, 0xff,
    0xff, 0xa0, 0x00, 0x00, 0x00, 0x00, 0x8f, 0xff,
    0xb0, 0x00, 0x00, 0x00, 0x00, 0x6f, 0xff, 0xf7,
    0x00, 0x0d, 0xff, 0xfe, 0x10, 0x00, 0x00, 0x00,
    0x00, 0x8f, 0xff, 0xb0, 0x00, 0x00, 0x00, 0x00,
    0x0c, 0xff, 0xff, 0x20, 0x8f, 0xff, 0xf5, 0x00,
    0x00, 0x00, 0x00, 0x00, 0x8f, 0xff, 0xb0, 0x00,
    0x00, 0x00, 0x00, 0x02, 0xff, 0xff, 0xc0,

    /* U+0417 "З" */
    0x00, 0x03, 0x7a, 0xde, 0xff, 0xfd, 0xb8, 0x30,
    0x00, 0x00, 0x00, 0x9e, 0xff, 0xff, 0xff, 0xff,
    0xff, 0xff, 0xc3, 0x00, 0x00, 0x0e, 0xff, 0xff,
    0xff, 0xff, 0xff, 0xff, 0xff, 0xf5, 0x00, 0x00,
    0x8f, 0xff, 0xfe, 0xcb, 0xbc, 0xff, 0xff, 0xff,
    0xf3, 0x00, 0x02, 0xfa, 0x51, 0x00, 0x00, 0x00,
    0x4d, 0xff, 0xff, 0xb0, 0x00, 0x00, 0x00, 0x00,
    0x00, 0x00, 0x00, 0x1d, 0xff, 0xff, 0x00, 0x00,
    0x00, 0x00, 0x00, 0x00, 0x00, 0x00, 0x6f, 0xff,
    0xf2, 0x00, 0x00, 0x00, 0x00, 0x00, 0x00, 0x00,
    0x04, 0xff, 0xff, 0x20, 0x00, 0x00, 0x00, 0x00,
    0x00, 0x00, 0x00, 0x5f, 0xff, 0xf0, 0x00, 0x00,
    0x00, 0x00, 0x00, 0x00, 0x00, 0x0b, 0xff, 0xfa,
    0x00, 0x00, 0x00, 0x00, 0x00, 0x00, 0x00, 0x08,
    0xff, 0xff, 0x20, 0x00, 0x00, 0x00, 0x00, 0x00,
    0x13, 0x7d, 0xff, 0xff, 0x50, 0x00, 0x00, 0x00,
    0xcf, 0xff, 0xff, 0xff, 0xff, 0xfc, 0x30, 0x00,
    0x00, 0x00, 0x0c, 0xff, 0xff, 0xff, 0xff, 0xc4,
    0x00, 0x00, 0x00, 0x00, 0x00, 0xcf, 0xff, 0xff,
    0xff, 0xff, 0xfd, 0x60, 0x00, 0x00, 0x00, 0x06,
    0x88, 0x88, 0x9b, 0xef, 0xff, 0xff, 0xc1, 0x00,
    0x00, 0x00, 0x00, 0x00, 0x00, 0x00, 0x2a, 0xff,
    0xff, 0xc0, 0x00, 0x00, 0x00, 0x00, 0x00, 0x00,
    0x00, 0x07, 0xff, 0xff, 0x60, 0x00, 0x00, 0x00,
    0x00, 0x00, 0x00, 0x00, 0x0d, 0xff, 0xfc, 0x00,
    0x00, 0x00, 0x00, 0x00, 0x00, 0x00, 0x00, 0x9f,
    0xff, 0xf0, 0x00, 0x00, 0x00, 0x00, 0x00, 0x00,
    0x00, 0x08, 0xff, 0xff, 0x00, 0x00, 0x00, 0x00,
    0x00, 0x00, 0x00, 0x00, 0x9f, 0xff, 0xf0, 0x00,
    0x00, 0x00, 0x00, 0x00, 0x00, 0x00, 0x0e, 0xff,
    0xfd, 0x00, 0x00, 0x00, 0x00, 0x00, 0x00, 0x00,
    0x0a, 0xff, 0xff, 0x80, 0x5e, 0x94, 0x10, 0x00,
    0x00, 0x00, 0x5c, 0xff, 0xff, 0xf1, 0x05, 0xff,
    0xff, 0xec, 0xbb, 0xbd, 0xff, 0xff, 0xff, 0xf6,
    0x00, 0x5f, 0xff, 0xff, 0xff, 0xff, 0xff, 0xff,
    0xff, 0xf6, 0x00, 0x04, 0xef, 0xff, 0xff, 0xff,
    0xff, 0xff, 0xff, 0xa2, 0x00, 0x00, 0x00, 0x47,
    0xad, 0xef, 0xff, 0xed, 0xa6, 0x10, 0x00, 0x00,
    0x00,

    /* U+0418 "И" */
    0x3f, 0xff, 0xf2, 0x00, 0x00, 0x00, 0x00, 0x00,
    0x00, 0x7f, 0xff, 0xfc, 0x3f, 0xff, 0xf2, 0x00,
    0x00, 0x00, 0x00, 0x00, 0x01, 0xff, 0xff, 0xfc,
    0x3f, 0xff, 0xf2, 0x00, 0x00, 0x00, 0x00, 0x00,
    0x0a, 0xff, 0xff, 0xfc, 0x3f, 0xff, 0xf2, 0x00,
    0x00, 0x00, 0x00, 0x00, 0x4f, 0xff, 0xff, 0xfc,
    0x3f, 0xff, 0xf2, 0x00, 0x00, 0x00, 0x00, 0x00,
    0xdf, 0xff, 0xff, 0xfc, 0x3f, 0xff, 0xf2, 0x00,
    0x00, 0x00, 0x00, 0x07, 0xff, 0xff, 0xff, 0xfc,
    0x3f, 0xff, 0xf2, 0x00, 0x00, 0x00, 0x00, 0x1f,
    0xff, 0xf8, 0xff, 0xfc, 0x3f, 0xff, 0xf2, 0x00,
    0x00, 0x00, 0x00, 0xaf, 0xff, 0xa4, 0xff, 0xfc,
    0x3f, 0xff, 0xf2, 0x00, 0x00, 0x00, 0x04, 0xff,
    0xff, 0x15, 0xff, 0xfc, 0x3f, 0xff, 0xf2, 0x00,
    0x00, 0x00, 0x0d, 0xff, 0xf7, 0x06, 0xff, 0xfc,
    0x3f, 0xff, 0xf2, 0x00, 0x00, 0x00, 0x7f, 0xff,
    0xd0, 0x06, 0xff, 0xfc, 0x3f, 0xff, 0xf2, 0x00,
    0x00, 0x01, 0xff, 0xff, 0x40, 0x07, 0xff, 0xfc,
    0x3f, 0xff, 0xf2, 0x00, 0x00, 0x0a, 0xff, 0xfa,
    0x00, 0x07, 0xff, 0xfc, 0x3f, 0xff, 0xf2, 0x00,
    0x00, 0x4f, 0xff, 0xf1, 0x00, 0x08, 0xff, 0xfc,
    0x3f, 0xff, 0xf2, 0x00, 0x00, 0xdf, 0xff, 0x70,
    0x00, 0x08, 0xff, 0xfc, 0x3f, 0xff, 0xf2, 0x00,
    0x07, 0xff, 0xfd, 0x00, 0x00, 0x08, 0xff, 0xfc,
    0x3f, 0xff, 0xf1, 0x00, 0x1f, 0xff, 0xf4, 0x00,
    0x00, 0x08, 0xff, 0xfc, 0x3f, 0xff, 0xf1, 0x00,
    0xaf, 0xff, 0xa0, 0x00, 0x00, 0x08, 0xff, 0xfc,
    0x3f, 0xff, 0xf1, 0x04, 0xff, 0xff, 0x10, 0x00,
    0x00, 0x08, 0xff, 0xfc, 0x3f, 0xff, 0xf0, 0x0d,
    0xff, 0xf7, 0x00, 0x00, 0x00, 0x08, 0xff, 0xfc,
    0x3f, 0xff, 0xf0, 0x7f, 0xff, 0xd0, 0x00, 0x00,
    0x00, 0x08, 0xff, 0xfc, 0x3f, 0xff, 0xf2, 0xff,
    0xff, 0x30, 0x00, 0x00, 0x00, 0x08, 0xff, 0xfc,
    0x3f, 0xff, 0xeb, 0xff, 0xfa, 0x00, 0x00, 0x00,
    0x00, 0x08, 0xff, 0xfc, 0x3f, 0xff, 0xff, 0xff,
    0xf1, 0x00, 0x00, 0x00, 0x00, 0x08, 0xff, 0xfc,
    0x3f, 0xff, 0xff, 0xff, 0x60, 0x00, 0x00, 0x00,
    0x00, 0x08, 0xff, 0xfc, 0x3f, 0xff, 0xff, 0xfd,
    0x00, 0x00, 0x00, 0x00, 0x00, 0x08, 0xff, 0xfc,
    0x3f, 0xff, 0xff, 0xf3, 0x00, 0x00, 0x00, 0x00,
    0x00, 0x08, 0xff, 0xfc, 0x3f, 0xff, 0xff, 0x90,
    0x00, 0x00, 0x00, 0x00, 0x00, 0x08, 0xff, 0xfc,
    0x3f, 0xff, 0xfe, 0x10, 0x00, 0x00, 0x00, 0x00,
    0x00, 0x08, 0xff, 0xfc,

    /* U+0419 "Й" */
    0x00, 0x00, 0x03, 0x88, 0x83, 0x00, 0x00, 0x06,
    0x88, 0x80, 0x00, 0x00, 0x00, 0x00, 0x03, 0xff,
    0xfa, 0x00, 0x00, 0x0f, 0xff, 0xe0, 0x00, 0x00,
    0x00, 0x00, 0x00, 0xef, 0xff, 0x50, 0x00, 0xaf,
    0xff, 0x90, 0x00, 0x00, 0x00, 0x00, 0x00, 0x5f,
    0xff, 0xfd, 0xce, 0xff, 0xff, 0x10, 0x00, 0x00,
    0x00, 0x00, 0x00, 0x07, 0xff, 0xff, 0xff, 0xff,
    0xe3, 0x00, 0x00, 0x00, 0x00, 0x00, 0x00, 0x00,
    0x29, 0xdf, 0xfe, 0xc7, 0x10, 0x00, 0x00, 0x00,
    0x00, 0x00, 0x00, 0x00, 0x00, 0x00, 0x00, 0x00,
    0x00, 0x00, 0x00, 0x00, 0x00, 0x00, 0x00, 0x00,
    0x00, 0x00, 0x00, 0x00, 0x00, 0x00, 0x00, 0x00,
    0x3f, 0xff, 0xf2, 0x00, 0x00, 0x00, 0x00, 0x00,
    0x00, 0x7f, 0xff, 0xfc, 0x3f, 0xff, 0xf2, 0x00,
    0x00, 0x00, 0x00, 0x00, 0x01, 0xff, 0xff, 0xfc,
    0x3f, 0xff, 0xf2, 0x00, 0x00, 0x00, 0x00, 0x00,
    0x0a, 0xff, 0xff, 0xfc, 0x3f, 0xff, 0xf2, 0x00,
    0x00, 0x00, 0x00, 0x00, 0x4f, 0xff, 0xff, 0xfc,
    0x3f, 0xff, 0xf2, 0x00, 0x00, 0x00, 0x00, 0x00,
    0xdf, 0xff, 0xff, 0xfc, 0x3f, 0xff, 0xf2, 0x00,
    0x00, 0x00, 0x00, 0x07, 0xff, 0xff, 0xff, 0xfc,
    0x3f, 0xff, 0xf2, 0x00, 0x00, 0x00, 0x00, 0x1f,
    0xff, 0xf8, 0xff, 0xfc, 0x3f, 0xff, 0xf2, 0x00,
    0x00, 0x00, 0x00, 0xaf, 0xff, 0xa4, 0xff, 0xfc,
    0x3f, 0xff, 0xf2, 0x00, 0x00, 0x00, 0x04, 0xff,
    0xff, 0x15, 0xff, 0xfc, 0x3f, 0xff, 0xf2, 0x00,
    0x00, 0x00, 0x0d, 0xff, 0xf7, 0x06, 0xff, 0xfc,
    0x3f, 0xff, 0xf2, 0x00, 0x00, 0x00, 0x7f, 0xff,
    0xd0, 0x06, 0xff, 0xfc, 0x3f, 0xff, 0xf2, 0x00,
    0x00, 0x01, 0xff, 0xff, 0x40, 0x07, 0xff, 0xfc,
    0x3f, 0xff, 0xf2, 0x00, 0x00, 0x0a, 0xff, 0xfa,
    0x00, 0x07, 0xff, 0xfc, 0x3f, 0xff, 0xf2, 0x00,
    0x00, 0x4f, 0xff, 0xf1, 0x00, 0x08, 0xff, 0xfc,
    0x3f, 0xff, 0xf2, 0x00, 0x00, 0xdf, 0xff, 0x70,
    0x00, 0x08, 0xff, 0xfc, 0x3f, 0xff, 0xf2, 0x00,
    0x07, 0xff, 0xfd, 0x00, 0x00, 0x08, 0xff, 0xfc,
    0x3f, 0xff, 0xf1, 0x00, 0x1f, 0xff, 0xf4, 0x00,
    0x00, 0x08, 0xff, 0xfc, 0x3f, 0xff, 0xf1, 0x00,
    0xaf, 0xff, 0xa0, 0x00, 0x00, 0x08, 0xff, 0xfc,
    0x3f, 0xff, 0xf1, 0x04, 0xff, 0xff, 0x10, 0x00,
    0x00, 0x08, 0xff, 0xfc, 0x3f, 0xff, 0xf0, 0x0d,
    0xff, 0xf7, 0x00, 0x00, 0x00, 0x08, 0xff, 0xfc,
    0x3f, 0xff, 0xf0, 0x7f, 0xff, 0xd0, 0x00, 0x00,
    0x00, 0x08, 0xff, 0xfc, 0x3f, 0xff, 0xf2, 0xff,
    0xff, 0x30, 0x00, 0x00, 0x00, 0x08, 0xff, 0xfc,
    0x3f, 0xff, 0xeb, 0xff, 0xfa, 0x00, 0x00, 0x00,
    0x00, 0x08, 0xff, 0xfc, 0x3f, 0xff, 0xff, 0xff,
    0xf1, 0x00, 0x00, 0x00, 0x00, 0x08, 0xff, 0xfc,
    0x3f, 0xff, 0xff, 0xff, 0x60, 0x00, 0x00, 0x00,
    0x00, 0x08, 0xff, 0xfc, 0x3f, 0xff, 0xff, 0xfd,
    0x00, 0x00, 0x00, 0x00, 0x00, 0x08, 0xff, 0xfc,
    0x3f, 0xff, 0xff, 0xf3, 0x00, 0x00, 0x00, 0x00,
    0x00, 0x08, 0xff, 0xfc, 0x3f, 0xff, 0xff, 0x90,
    0x00, 0x00, 0x00, 0x00, 0x00, 0x08, 0xff, 0xfc,
    0x3f, 0xff, 0xfe, 0x10, 0x00, 0x00, 0x00, 0x00,
    0x00, 0x08, 0xff, 0xfc,

    /* U+041A "К" */
    0x3f, 0xff, 0xf2, 0x00, 0x00, 0x00, 0x00, 0x00,
    0x6f, 0xff, 0xf4, 0x03, 0xff, 0xff, 0x20, 0x00,
    0x00, 0x00, 0x00, 0x1f, 0xff, 0xf9, 0x00, 0x3f,
    0xff, 0xf2, 0x00, 0x00, 0x00, 0x00, 0x0b, 0xff,
    0xfe, 0x00, 0x03, 0xff, 0xff, 0x20, 0x00, 0x00,
    0x00, 0x05, 0xff, 0xff, 0x40, 0x00, 0x3f, 0xff,
    0xf2, 0x00, 0x00, 0x00, 0x01, 0xef, 0xff, 0x90,
    0x00, 0x03, 0xff, 0xff, 0x20, 0x00, 0x00, 0x00,
    0xaf, 0xff, 0xe0, 0x00, 0x00, 0x3f, 0xff, 0xf2,
    0x00, 0x00, 0x00, 0x5f, 0xff, 0xf4, 0x00, 0x00,
    0x03, 0xff, 0xff, 0x20, 0x00, 0x00, 0x1e, 0xff,
    0xfa, 0x00, 0x00, 0x00, 0x3f, 0xff, 0xf2, 0x00,
    0x00, 0x0a, 0xff, 0xfe, 0x10, 0x00, 0x00, 0x03,
    0xff, 0xff, 0x20, 0x00, 0x04, 0xff, 0xff, 0x40,
    0x00, 0x00, 0x00, 0x3f, 0xff, 0xf2, 0x00, 0x00,
    0xef, 0xff, 0xa0, 0x00, 0x00, 0x00, 0x03, 0xff,
    0xff, 0x20, 0x00, 0x9f, 0xff, 0xe1, 0x00, 0x00,
    0x00, 0x00, 0x3f, 0xff, 0xfc, 0xbb, 0xbf, 0xff,
    0xf5, 0x00, 0x00, 0x00, 0x00, 0x03, 0xff, 0xff,
    0xff, 0xff, 0xff, 0xfa, 0x00, 0x00, 0x00, 0x00,
    0x00, 0x3f, 0xff, 0xff, 0xff, 0xff, 0xff, 0xd0,
    0x00, 0x00, 0x00, 0x00, 0x03, 0xff, 0xff, 0xff,
    0xff, 0xff, 0xff, 0x80, 0x00, 0x00, 0x00, 0x00,
    0x3f, 0xff, 0xf2, 0x00, 0x0c, 0xff, 0xff, 0x30,
    0x00, 0x00, 0x00, 0x03, 0xff, 0xff, 0x20, 0x00,
    0x2f, 0xff, 0xfd, 0x00, 0x00, 0x00, 0x00, 0x3f,
    0xff, 0xf2, 0x00, 0x00, 0x7f, 0xff, 0xf8, 0x00,
    0x00, 0x00, 0x03, 0xff, 0xff, 0x20, 0x00, 0x00,
    0xcf, 0xff, 0xf3, 0x00, 0x00, 0x00, 0x3f, 0xff,
    0xf2, 0x00, 0x00, 0x02, 0xff, 0xff, 0xd0, 0x00,
    0x00, 0x03, 0xff, 0xff, 0x20, 0x00, 0x00, 0x07,
    0xff, 0xff, 0x80, 0x00, 0x00, 0x3f, 0xff, 0xf2,
    0x00, 0x00, 0x00, 0x0c, 0xff, 0xff, 0x30, 0x00,
    0x03, 0xff, 0xff, 0x20, 0x00, 0x00, 0x00, 0x2f,
    0xff, 0xfd, 0x00, 0x00, 0x3f, 0xff, 0xf2, 0x00,
    0x00, 0x00, 0x00, 0x7f, 0xff, 0xf8, 0x00, 0x03,
    0xff, 0xff, 0x20, 0x00, 0x00, 0x00, 0x00, 0xdf,
    0xff, 0xf2, 0x00, 0x3f, 0xff, 0xf2, 0x00, 0x00,
    0x00, 0x00, 0x03, 0xff, 0xff, 0xc0, 0x03, 0xff,
    0xff, 0x20, 0x00, 0x00, 0x00, 0x00, 0x08, 0xff,
    0xff, 0x70, 0x3f, 0xff, 0xf2, 0x00, 0x00, 0x00,
    0x00, 0x00, 0x0d, 0xff, 0xff, 0x20,

    /* U+041B "Л" */
    0x00, 0x00, 0x00, 0x2f, 0xff, 0xff, 0xff, 0xff,
    0xff, 0xff, 0xff, 0xff, 0x90, 0x00, 0x00, 0x03,
    0xff, 0xff, 0xff, 0xff, 0xff, 0xff, 0xff, 0xff,
    0xf9, 0x00, 0x00, 0x00, 0x4f, 0xff, 0xff, 0xff,
    0xff, 0xff, 0xff, 0xff, 0xff, 0x90, 0x00, 0x00,
    0x04, 0xff, 0xfe, 0xbb, 0xbb, 0xbb, 0xbb, 0xbf,
    0xff, 0xf9, 0x00, 0x00, 0x00, 0x5f, 0xff, 0xa0,
    0x00, 0x00, 0x00, 0x00, 0xcf, 0xff, 0x90, 0x00,
    0x00, 0x06, 0xff, 0xf9, 0x00, 0x00, 0x00, 0x00,
    0x0c, 0xff, 0xf9, 0x00, 0x00, 0x00, 0x7f, 0xff,
    0x90, 0x00, 0x00, 0x00, 0x00, 0xcf, 0xff, 0x90,
    0x00, 0x00, 0x08, 0xff, 0xf8, 0x00, 0x00, 0x00,
    0x00, 0x0c, 0xff, 0xf9, 0x00, 0x00, 0x00, 0x9f,
    0xff, 0x70, 0x00, 0x00, 0x00, 0x00, 0xcf, 0xff,
    0x90, 0x00, 0x00, 0x0a, 0xff, 0xf6, 0x00, 0x00,
    0x00, 0x00, 0x0c, 0xff, 0xf9, 0x00, 0x00, 0x00,
    0xaf, 0xff, 0x50, 0x00, 0x00, 0x00, 0x00, 0xcf,
    0xff, 0x90, 0x00, 0x00, 0x0b, 0xff, 0xf4, 0x00,
    0x00, 0x00, 0x00, 0x0c, 0xff, 0xf9, 0x00, 0x00,
    0x00, 0xcf, 0xff, 0x30, 0x00, 0x00, 0x00, 0x00,
    0xcf, 0xff, 0x90, 0x00, 0x00, 0x0d, 0xff, 0xf3,
    0x00, 0x00, 0x00, 0x00, 0x0c, 0xff, 0xf9, 0x00,
    0x00, 0x00, 0xef, 0xff, 0x20, 0x00, 0x00, 0x00,
    0x00, 0xcf, 0xff, 0x90, 0x00, 0x00, 0x0f, 0xff,
    0xf1, 0x00, 0x00, 0x00, 0x00, 0x0c, 0xff, 0xf9,
    0x00, 0x00, 0x00, 0xff, 0xff, 0x00, 0x00, 0x00,
    0x00, 0x00, 0xcf, 0xff, 0x90, 0x00, 0x00, 0x2f,
    0xff, 0xe0, 0x00, 0x00, 0x00, 0x00, 0x0c, 0xff,
    0xf9, 0x00, 0x00, 0x03, 0xff, 0xfd, 0x00, 0x00,
    0x00, 0x00, 0x00, 0xcf, 0xff, 0x90, 0x00, 0x00,
    0x4f, 0xff, 0xb0, 0x00, 0x00, 0x00, 0x00, 0x0c,
    0xff, 0xf9, 0x00, 0x00, 0x06, 0xff, 0xfa, 0x00,
    0x00, 0x00, 0x00, 0x00, 0xcf, 0xff, 0x90, 0x00,
    0x00, 0x8f, 0xff, 0x80, 0x00, 0x00, 0x00, 0x00,
    0x0c, 0xff, 0xf9, 0x00, 0x00, 0x0c, 0xff, 0xf5,
    0x00, 0x00, 0x00, 0x00, 0x00, 0xcf, 0xff, 0x90,
    0x00, 0x03, 0xff, 0xff, 0x20, 0x00, 0x00, 0x00,
    0x00, 0x0c, 0xff, 0xf9, 0x20, 0x04, 0xdf, 0xff,
    0xe0, 0x00, 0x00, 0x00, 0x00, 0x00, 0xcf, 0xff,
    0x9d, 0xff, 0xff, 0xff, 0xf8, 0x00, 0x00, 0x00,
    0x00, 0x00, 0x0c, 0xff, 0xf9, 0xdf, 0xff, 0xff,
    0xfe, 0x10, 0x00, 0x00, 0x00, 0x00, 0x00, 0xcf,
    0xff, 0x9d, 0xff, 0xff, 0xff, 0x30, 0x00, 0x00,
    0x00, 0x00, 0x00, 0x0c, 0xff, 0xf9, 0xdf, 0xff,
    0xd9, 0x10, 0x00, 0x00, 0x00, 0x00, 0x00, 0x00,
    0xcf, 0xff, 0x90,

    /* U+041C "М" */
    0x3f, 0xff, 0xff, 0xf2, 0x00, 0x00, 0x00, 0x00,
    0x00, 0x00, 0x00, 0x06, 0xff, 0xff, 0xfe, 0x3f,
    0xff, 0xff, 0xf7, 0x00, 0x00, 0x00, 0x00, 0x00,
    0x00, 0x00, 0x0c, 0xff, 0xff, 0xfe, 0x3f, 0xff,
    0xff, 0xfd, 0x00, 0x00, 0x00, 0x00, 0x00, 0x00,
    0x00, 0x2f, 0xff, 0xff, 0xfe, 0x3f, 0xff, 0xff,
    0xff, 0x30, 0x00, 0x00, 0x00, 0x00, 0x00, 0x00,
    0x8f, 0xff, 0xff, 0xfe, 0x3f, 0xff, 0xef, 0xff,
    0x80, 0x00, 0x00, 0x00, 0x00, 0x00, 0x00, 0xdf,
    0xfd, 0xff, 0xfe, 0x3f, 0xff, 0x9f, 0xff, 0xe0,
    0x00, 0x00, 0x00, 0x00, 0x00, 0x03, 0xff, 0xf7,
    0xff, 0xfe, 0x3f, 0xff, 0x8c, 0xff, 0xf3, 0x00,
    0x00, 0x00, 0x00, 0x00, 0x09, 0xff, 0xf3, 0xff,
    0xfe, 0x3f, 0xff, 0x96, 0xff, 0xf9, 0x00, 0x00,
    0x00, 0x00, 0x00, 0x0e, 0xff, 0xb2, 0xff, 0xfe,
    0x3f, 0xff, 0xa1, 0xff, 0xfe, 0x00, 0x00, 0x00,
    0x00, 0x00, 0x5f, 0xff, 0x52, 0xff, 0xfe, 0x3f,
    0xff, 0xa0, 0xbf, 0xff, 0x40, 0x00, 0x00, 0x00,
    0x00, 0xbf, 0xff, 0x03, 0xff, 0xfe, 0x3f, 0xff,
    0xb0, 0x5f, 0xff, 0xa0, 0x00, 0x00, 0x00, 0x01,
    0xff, 0xfa, 0x04, 0xff, 0xfe, 0x3f, 0xff, 0xb0,
    0x0f, 0xff, 0xf0, 0x00, 0x00, 0x00, 0x06, 0xff,
    0xf4, 0x04, 0xff, 0xfe, 0x3f, 0xff, 0xb0, 0x0a,
    0xff, 0xf5, 0x00, 0x00, 0x00, 0x0c, 0xff, 0xe0,
    0x04, 0xff, 0xfe, 0x3f, 0xff, 0xb0, 0x04, 0xff,
    0xfb, 0x00, 0x00, 0x00, 0x2f, 0xff, 0x80, 0x04,
    0xff, 0xfe, 0x3f, 0xff, 0xb0, 0x00, 0xef, 0xff,
    0x10, 0x00, 0x00, 0x8f, 0xff, 0x30, 0x04, 0xff,
    0xfe, 0x3f, 0xff, 0xb0, 0x00, 0x8f, 0xff, 0x60,
    0x00, 0x00, 0xdf, 0xfd, 0x00, 0x04, 0xff, 0xfe,
    0x3f, 0xff, 0xb0, 0x00, 0x3f, 0xff, 0xc0, 0x00,
    0x03, 0xff, 0xf7, 0x00, 0x04, 0xff, 0xfe, 0x3f,
    0xff, 0xb0, 0x00, 0x0d, 0xff, 0xf2, 0x00, 0x09,
    0xff, 0xf1, 0x00, 0x04, 0xff, 0xfe, 0x3f, 0xff,
    0xb0, 0x00, 0x07, 0xff, 0xf7, 0x00, 0x0e, 0xff,
    0xb0, 0x00, 0x04, 0xff, 0xfe, 0x3f, 0xff, 0xb0,
    0x00, 0x02, 0xff, 0xfd, 0x00, 0x5f, 0xff, 0x60,
    0x00, 0x04, 0xff, 0xfe, 0x3f, 0xff, 0xb0, 0x00,
    0x00, 0xcf, 0xff, 0x20, 0xaf, 0xff, 0x00, 0x00,
    0x04, 0xff, 0xfe, 0x3f, 0xff, 0xb0, 0x00, 0x00,
    0x6f, 0xff, 0x81, 0xff, 0xfa, 0x00, 0x00, 0x04,
    0xff, 0xfe, 0x3f, 0xff, 0xb0, 0x00, 0x00, 0x1f,
    0xff, 0xe6, 0xff, 0xf4, 0x00, 0x00, 0x04, 0xff,
    0xfe, 0x3f, 0xff, 0xb0, 0x00, 0x00, 0x0b, 0xff,
    0xff, 0xff, 0xe0, 0x00, 0x00, 0x04, 0xff, 0xfe,
    0x3f, 0xff, 0xb0, 0x00, 0x00, 0x05, 0xff, 0xff,
    0xff, 0x90, 0x00, 0x00, 0x04, 0xff, 0xfe, 0x3f,
    0xff, 0xb0, 0x00, 0x00, 0x00, 0xff, 0xff, 0xff,
    0x30, 0x00, 0x00, 0x04, 0xff, 0xfe, 0x3f, 0xff,
    0xb0, 0x00, 0x00, 0x00, 0xaf, 0xff, 0xfd, 0x00,
    0x00, 0x00, 0x04, 0xff, 0xfe, 0x3f, 0xff, 0xb0,
    0x00, 0x00, 0x00, 0x4f, 0xff, 0xf7, 0x00, 0x00,
    0x00, 0x04, 0xff, 0xfe, 0x3f, 0xff, 0xb0, 0x00,
    0x00, 0x00, 0x0e, 0xff, 0xf2, 0x00, 0x00, 0x00,
    0x04, 0xff, 0xfe,

    /* U+041D "Н" */
    0x3f, 0xff, 0xf2, 0x00, 0x00, 0x00, 0x00, 0x00,
    0x00, 0x1f, 0xff, 0xf3, 0x3f, 0xff, 0xf2, 0x00,
    0x00, 0x00, 0x00, 0x00, 0x00, 0x1f, 0xff, 0xf3,
    0x3f, 0xff, 0xf2, 0x00, 0x00, 0x00, 0x00, 0x00,
    0x00, 0x1f, 0xff, 0xf3, 0x3f, 0xff, 0xf2, 0x00,
    0x00, 0x00, 0x00, 0x00, 0x00, 0x1f, 0xff, 0xf3,
    0x3f, 0xff, 0xf2, 0x00, 0x00, 0x00, 0x00, 0x00,
    0x00, 0x1f, 0xff, 0xf3, 0x3f, 0xff, 0xf2, 0x00,
    0x00, 0x00, 0x00, 0x00, 0x00, 0x1f, 0xff, 0xf3,
    0x3f, 0xff, 0xf2, 0x00, 0x00, 0x00, 0x00, 0x00,
    0x00, 0x1f, 0xff, 0xf3, 0x3f, 0xff, 0xf2, 0x00,
    0x00, 0x00, 0x00, 0x00, 0x00, 0x1f, 0xff, 0xf3,
    0x3f, 0xff, 0xf2, 0x00, 0x00, 0x00, 0x00, 0x00,
    0x00, 0x1f, 0xff, 0xf3, 0x3f, 0xff, 0xf2, 0x00,
    0x00, 0x00, 0x00, 0x00, 0x00, 0x1f, 0xff, 0xf3,
    0x3f, 0xff, 0xf2, 0x00, 0x00, 0x00, 0x00, 0x00,
    0x00, 0x1f, 0xff, 0xf3, 0x3f, 0xff, 0xf2, 0x00,
    0x00, 0x00, 0x00, 0x00, 0x00, 0x1f, 0xff, 0xf3,
    0x3f, 0xff, 0xfb, 0xbb, 0xbb, 0xbb, 0xbb, 0xbb,
    0xbb, 0xbf, 0xff, 0xf3, 0x3f, 0xff, 0xff, 0xff,
    0xff, 0xff, 0xff, 0xff, 0xff, 0xff, 0xff, 0xf3,
    0x3f, 0xff, 0xff, 0xff, 0xff, 0xff, 0xff, 0xff,
    0xff, 0xff, 0xff, 0xf3, 0x3f, 0xff, 0xff, 0xff,
    0xff, 0xff, 0xff, 0xff, 0xff, 0xff, 0xff, 0xf3,
    0x3f, 0xff, 0xf2, 0x00, 0x00, 0x00, 0x00, 0x00,
    0x00, 0x1f, 0xff, 0xf3, 0x3f, 0xff, 0xf2, 0x00,
    0x00, 0x00, 0x00, 0x00, 0x00, 0x1f, 0xff, 0xf3,
    0x3f, 0xff, 0xf2, 0x00, 0x00, 0x00, 0x00, 0x00,
    0x00, 0x1f, 0xff, 0xf3, 0x3f, 0xff, 0xf2, 0x00,
    0x00, 0x00, 0x00, 0x00, 0x00, 0x1f, 0xff, 0xf3,
    0x3f, 0xff, 0xf2, 0x00, 0x00, 0x00, 0x00, 0x00,
    0x00, 0x1f, 0xff, 0xf3, 0x3f, 0xff, 0xf2, 0x00,
    0x00, 0x00, 0x00, 0x00, 0x00, 0x1f, 0xff, 0xf3,
    0x3f, 0xff, 0xf2, 0x00, 0x00, 0x00, 0x00, 0x00,
    0x00, 0x1f, 0xff, 0xf3, 0x3f, 0xff, 0xf2, 0x00,
    0x00, 0x00, 0x00, 0x00, 0x00, 0x1f, 0xff, 0xf3,
    0x3f, 0xff, 0xf2, 0x00, 0x00, 0x00, 0x00, 0x00,
    0x00, 0x1f, 0xff, 0xf3, 0x3f, 0xff, 0xf2, 0x00,
    0x00, 0x00, 0x00, 0x00, 0x00, 0x1f, 0xff, 0xf3,
    0x3f, 0xff, 0xf2, 0x00, 0x00, 0x00, 0x00, 0x00,
    0x00, 0x1f, 0xff, 0xf3, 0x3f, 0xff, 0xf2, 0x00,
    0x00, 0x00, 0x00, 0x00, 0x00, 0x1f, 0xff, 0xf3,
    0x3f, 0xff, 0xf2, 0x00, 0x00, 0x00, 0x00, 0x00,
    0x00, 0x1f, 0xff, 0xf3,

    /* U+041E "О" */
    0x00, 0x00, 0x00, 0x00, 0x48, 0xce, 0xff, 0xfd,
    0xb7, 0x20, 0x00, 0x00, 0x00, 0x00, 0x00, 0x00,
    0x05, 0xdf, 0xff, 0xff, 0xff, 0xff, 0xff, 0xb3,
    0x00, 0x00, 0x00, 0x00, 0x00, 0x1b, 0xff, 0xff,
    0xff, 0xff, 0xff, 0xff, 0xff, 0xf7, 0x00, 0x00,
    0x00, 0x00, 0x1d, 0xff, 0xff, 0xff, 0xdb, 0xbc,
    0xef, 0xff, 0xff, 0xf9, 0x00, 0x00, 0x00, 0x0c,
    0xff, 0xff, 0xf8, 0x10, 0x00, 0x00, 0x3a, 0xff,
    0xff, 0xf7, 0x00, 0x00, 0x07, 0xff, 0xff, 0xd2,
    0x00, 0x00, 0x00, 0x00, 0x05, 0xff, 0xff, 0xf2,
    0x00, 0x01, 0xff, 0xff, 0xe2, 0x00, 0x00, 0x00,
    0x00, 0x00, 0x05, 0xff, 0xff, 0xa0, 0x00, 0x7f,
    0xff, 0xf6, 0x00, 0x00, 0x00, 0x00, 0x00, 0x00,
    0x0b, 0xff, 0xff, 0x20, 0x0d, 0xff, 0xfe, 0x00,
    0x00, 0x00, 0x00, 0x00, 0x00, 0x00, 0x3f, 0xff,
    0xf7, 0x02, 0xff, 0xff, 0x80, 0x00, 0x00, 0x00,
    0x00, 0x00, 0x00, 0x00, 0xef, 0xff, 0xc0, 0x5f,
    0xff, 0xf4, 0x00, 0x00, 0x00, 0x00, 0x00, 0x00,
    0x00, 0x0a, 0xff, 0xff, 0x08, 0xff, 0xff, 0x10,
    0x00, 0x00, 0x00, 0x00, 0x00, 0x00, 0x00, 0x7f,
    0xff, 0xf2, 0x9f, 0xff, 0xf0, 0x00, 0x00, 0x00,
    0x00, 0x00, 0x00, 0x00, 0x05, 0xff, 0xff, 0x3a,
    0xff, 0xfe, 0x00, 0x00, 0x00, 0x00, 0x00, 0x00,
    0x00, 0x00, 0x4f, 0xff, 0xf4, 0xaf, 0xff, 0xe0,
    0x00, 0x00, 0x00, 0x00, 0x00, 0x00, 0x00, 0x03,
    0xff, 0xff, 0x4a, 0xff, 0xfe, 0x00, 0x00, 0x00,
    0x00, 0x00, 0x00, 0x00, 0x00, 0x4f, 0xff, 0xf4,
    0x9f, 0xff, 0xf0, 0x00, 0x00, 0x00, 0x00, 0x00,
    0x00, 0x00, 0x05, 0xff, 0xff, 0x37, 0xff, 0xff,
    0x10, 0x00, 0x00, 0x00, 0x00, 0x00, 0x00, 0x00,
    0x7f, 0xff, 0xf1, 0x5f, 0xff, 0xf4, 0x00, 0x00,
    0x00, 0x00, 0x00, 0x00, 0x00, 0x0a, 0xff, 0xff,
    0x01, 0xff, 0xff, 0x80, 0x00, 0x00, 0x00, 0x00,
    0x00, 0x00, 0x00, 0xef, 0xff, 0xb0, 0x0d, 0xff,
    0xfe, 0x00, 0x00, 0x00, 0x00, 0x00, 0x00, 0x00,
    0x4f, 0xff, 0xf7, 0x00, 0x7f, 0xff, 0xf6, 0x00,
    0x00, 0x00, 0x00, 0x00, 0x00, 0x0b, 0xff, 0xff,
    0x10, 0x01, 0xff, 0xff, 0xe2, 0x00, 0x00, 0x00,
    0x00, 0x00, 0x06, 0xff, 0xff, 0xa0, 0x00, 0x07,
    0xff, 0xff, 0xd2, 0x00, 0x00, 0x00, 0x00, 0x06,
    0xff, 0xff, 0xf2, 0x00, 0x00, 0x0b, 0xff, 0xff,
    0xf8, 0x20, 0x00, 0x00, 0x4b, 0xff, 0xff, 0xf6,
    0x00, 0x00, 0x00, 0x1c, 0xff, 0xff, 0xff, 0xec,
    0xbc, 0xff, 0xff, 0xff, 0xf8, 0x00, 0x00, 0x00,
    0x00, 0x1b, 0xff, 0xff, 0xff, 0xff, 0xff, 0xff,
    0xff, 0xf7, 0x00, 0x00, 0x00, 0x00, 0x00, 0x05,
    0xdf, 0xff, 0xff, 0xff, 0xff, 0xff, 0xa2, 0x00,
    0x00, 0x00, 0x00, 0x00, 0x00, 0x00, 0x38, 0xce,
    0xff, 0xfd, 0xb7, 0x10, 0x00, 0x00, 0x00, 0x00,

    /* U+041F "П" */
    0x3f, 0xff, 0xff, 0xff, 0xff, 0xff, 0xff, 0xff,
    0xff, 0xff, 0xff, 0xe3, 0xff, 0xff, 0xff, 0xff,
    0xff, 0xff, 0xff, 0xff, 0xff, 0xff, 0xfe, 0x3f,
    0xff, 0xff, 0xff, 0xff, 0xff, 0xff, 0xff, 0xff,
    0xff, 0xff, 0xe3, 0xff, 0xff, 0xcb, 0xbb, 0xbb,
    0xbb, 0xbb, 0xbb, 0xbd, 0xff, 0xfe, 0x3f, 0xff,
    0xf2, 0x00, 0x00, 0x00, 0x00, 0x00, 0x00, 0x7f,
    0xff, 0xe3, 0xff, 0xff, 0x20, 0x00, 0x00, 0x00,
    0x00, 0x00, 0x07, 0xff, 0xfe, 0x3f, 0xff, 0xf2,
    0x00, 0x00, 0x00, 0x00, 0x00, 0x00, 0x7f, 0xff,
    0xe3, 0xff, 0xff, 0x20, 0x00, 0x00, 0x00, 0x00,
    0x00, 0x07, 0xff, 0xfe, 0x3f, 0xff, 0xf2, 0x00,
    0x00, 0x00, 0x00, 0x00, 0x00, 0x7f, 0xff, 0xe3,
    0xff, 0xff, 0x20, 0x00, 0x00, 0x00, 0x00, 0x00,
    0x07, 0xff, 0xfe, 0x3f, 0xff, 0xf2, 0x00, 0x00,
    0x00, 0x00, 0x00, 0x00, 0x7f, 0xff, 0xe3, 0xff,
    0xff, 0x20, 0x00, 0x00, 0x00, 0x00, 0x00, 0x07,
    0xff, 0xfe, 0x3f, 0xff, 0xf2, 0x00, 0x00, 0x00,
    0x00, 0x00, 0x00, 0x7f, 0xff, 0xe3, 0xff, 0xff,
    0x20, 0x00, 0x00, 0x00, 0x00, 0x00, 0x07, 0xff,
    0xfe, 0x3f, 0xff, 0xf2, 0x00, 0x00, 0x00, 0x00,
    0x00, 0x00, 0x7f, 0xff, 0xe3, 0xff, 0xff, 0x20,
    0x00, 0x00, 0x00, 0x00, 0x00, 0x07, 0xff, 0xfe,
    0x3f, 0xff, 0xf2, 0x00, 0x00, 0x00, 0x00, 0x00,
    0x00, 0x7f, 0xff, 0xe3, 0xff, 0xff, 0x20, 0x00,
    0x00, 0x00, 0x00, 0x00, 0x07, 0xff, 0xfe, 0x3f,
    0xff, 0xf2, 0x00, 0x00, 0x00, 0x00, 0x00, 0x00,
    0x7f, 0xff, 0xe3, 0xff, 0xff, 0x20, 0x00, 0x00,
    0x00, 0x00, 0x00, 0x07, 0xff, 0xfe, 0x3f, 0xff,
    0xf2, 0x00, 0x00, 0x00, 0x00, 0x00, 0x00, 0x7f,
    0xff, 0xe3, 0xff, 0xff, 0x20, 0x00, 0x00, 0x00,
    0x00, 0x00, 0x07, 0xff, 0xfe, 0x3f, 0xff, 0xf2,
    0x00, 0x00, 0x00, 0x00, 0x00, 0x00, 0x7f, 0xff,
    0xe3, 0xff, 0xff, 0x20, 0x00, 0x00, 0x00, 0x00,
    0x00, 0x07, 0xff, 0xfe, 0x3f, 0xff, 0xf2, 0x00,
    0x00, 0x00, 0x00, 0x00, 0x00, 0x7f, 0xff, 0xe3,
    0xff, 0xff, 0x20, 0x00, 0x00, 0x00, 0x00, 0x00,
    0x07, 0xff, 0xfe, 0x3f, 0xff, 0xf2, 0x00, 0x00,
    0x00, 0x00, 0x00, 0x00, 0x7f, 0xff, 0xe3, 0xff,
    0xff, 0x20, 0x00, 0x00, 0x00, 0x00, 0x00, 0x07,
    0xff, 0xfe, 0x3f, 0xff, 0xf2, 0x00, 0x00, 0x00,
    0x00, 0x00, 0x00, 0x7f, 0xff, 0xe0,

    /* U+0420 "Р" */
    0x4f, 0xff, 0xff, 0xff, 0xff, 0xed, 0xa6, 0x10,
    0x00, 0x00, 0x4f, 0xff, 0xff, 0xff, 0xff, 0xff,
    0xff, 0xfa, 0x10, 0x00, 0x4f, 0xff, 0xff, 0xff,
    0xff, 0xff, 0xff, 0xff, 0xe3, 0x00, 0x4f, 0xff,
    0xfa, 0xaa, 0xab, 0xdf, 0xff, 0xff, 0xfe, 0x10,
    0x4f, 0xff, 0xf1, 0x00, 0x00, 0x00, 0x6e, 0xff,
    0xff, 0x90, 0x4f, 0xff, 0xf1, 0x00, 0x00, 0x00,
    0x02, 0xef, 0xff, 0xf0, 0x4f, 0xff, 0xf1, 0x00,
    0x00, 0x00, 0x00, 0x7f, 0xff, 0xf3, 0x4f, 0xff,
    0xf1, 0x00, 0x00, 0x00, 0x00, 0x2f, 0xff, 0xf5,
    0x4f, 0xff, 0xf1, 0x00, 0x00, 0x00, 0x00, 0x0f,
    0xff, 0xf6, 0x4f, 0xff, 0xf1, 0x00, 0x00, 0x00,
    0x00, 0x0f, 0xff, 0xf6, 0x4f, 0xff, 0xf1, 0x00,
    0x00, 0x00, 0x00, 0x3f, 0xff, 0xf4, 0x4f, 0xff,
    0xf1, 0x00, 0x00, 0x00, 0x00, 0x8f, 0xff, 0xf1,
    0x4f, 0xff, 0xf1, 0x00, 0x00, 0x00, 0x03, 0xff,
    0xff, 0xb0, 0x4f, 0xff, 0xf1, 0x00, 0x00, 0x01,
    0x7f, 0xff, 0xff, 0x40, 0x4f, 0xff, 0xfa, 0xaa,
    0xab, 0xdf, 0xff, 0xff, 0xf9, 0x00, 0x4f, 0xff,
    0xff, 0xff, 0xff, 0xff, 0xff, 0xff, 0xa0, 0x00,
    0x4f, 0xff, 0xff, 0xff, 0xff, 0xff, 0xff, 0xd5,
    0x00, 0x00, 0x4f, 0xff, 0xff, 0xff, 0xff, 0xeb,
    0x84, 0x00, 0x00, 0x00, 0x4f, 0xff, 0xf1, 0x00,
    0x00, 0x00, 0x00, 0x00, 0x00, 0x00, 0x4f, 0xff,
    0xf1, 0x00, 0x00, 0x00, 0x00, 0x00, 0x00, 0x00,
    0x4f, 0xff, 0xf1, 0x00, 0x00, 0x00, 0x00, 0x00,
    0x00, 0x00, 0x4f, 0xff, 0xf1, 0x00, 0x00, 0x00,
    0x00, 0x00, 0x00, 0x00, 0x4f, 0xff, 0xf1, 0x00,
    0x00, 0x00, 0x00, 0x00, 0x00, 0x00, 0x4f, 0xff,
    0xf1, 0x00, 0x00, 0x00, 0x00, 0x00, 0x00, 0x00,
    0x4f, 0xff, 0xf1, 0x00, 0x00, 0x00, 0x00, 0x00,
    0x00, 0x00, 0x4f, 0xff, 0xf1, 0x00, 0x00, 0x00,
    0x00, 0x00, 0x00, 0x00, 0x4f, 0xff, 0xf1, 0x00,
    0x00, 0x00, 0x00, 0x00, 0x00, 0x00, 0x4f, 0xff,
    0xf1, 0x00, 0x00, 0x00, 0x00, 0x00, 0x00, 0x00,
    0x4f, 0xff, 0xf1, 0x00, 0x00, 0x00, 0x00, 0x00,
    0x00, 0x00,

    /* U+0421 "С" */
    0x00, 0x00, 0x00, 0x00, 0x16, 0xad, 0xef, 0xff,
    0xdb, 0x84, 0x00, 0x00, 0x00, 0x00, 0x02, 0xaf,
    0xff, 0xff, 0xff, 0xff, 0xff, 0xfe, 0x80, 0x00,
    0x00, 0x07, 0xff, 0xff, 0xff, 0xff, 0xff, 0xff,
    0xff, 0xfc, 0x00, 0x00, 0x0a, 0xff, 0xff, 0xff,
    0xfd, 0xbb, 0xcf, 0xff, 0xff, 0x40, 0x00, 0x09,
    0xff, 0xff, 0xfc, 0x50, 0x00, 0x00, 0x02, 0x7d,
    0xd0, 0x00, 0x05, 0xff, 0xff, 0xf7, 0x00, 0x00,
    0x00, 0x00, 0x00, 0x01, 0x00, 0x00, 0xef, 0xff,
    0xf5, 0x00, 0x00, 0x00, 0x00, 0x00, 0x00, 0x00,
    0x00, 0x6f, 0xff, 0xf9, 0x00, 0x00, 0x00, 0x00,
    0x00, 0x00, 0x00, 0x00, 0x0c, 0xff, 0xff, 0x10,
    0x00, 0x00, 0x00, 0x00, 0x00, 0x00, 0x00, 0x01,
    0xff, 0xff, 0xa0, 0x00, 0x00, 0x00, 0x00, 0x00,
    0x00, 0x00, 0x00, 0x4f, 0xff, 0xf5, 0x00, 0x00,
    0x00, 0x00, 0x00, 0x00, 0x00, 0x00, 0x07, 0xff,
    0xff, 0x20, 0x00, 0x00, 0x00, 0x00, 0x00, 0x00,
    0x00, 0x00, 0x9f, 0xff, 0xf0, 0x00, 0x00, 0x00,
    0x00, 0x00, 0x00, 0x00, 0x00, 0x0a, 0xff, 0xfe,
    0x00, 0x00, 0x00, 0x00, 0x00, 0x00, 0x00, 0x00,
    0x00, 0xaf, 0xff, 0xe0, 0x00, 0x00, 0x00, 0x00,
    0x00, 0x00, 0x00, 0x00, 0x0a, 0xff, 0xfe, 0x00,
    0x00, 0x00, 0x00, 0x00, 0x00, 0x00, 0x00, 0x00,
    0x9f, 0xff, 0xf0, 0x00, 0x00, 0x00, 0x00, 0x00,
    0x00, 0x00, 0x00, 0x08, 0xff, 0xff, 0x10, 0x00,
    0x00, 0x00, 0x00, 0x00, 0x00, 0x00, 0x00, 0x5f,
    0xff, 0xf5, 0x00, 0x00, 0x00, 0x00, 0x00, 0x00,
    0x00, 0x00, 0x02, 0xff, 0xff, 0x90, 0x00, 0x00,
    0x00, 0x00, 0x00, 0x00, 0x00, 0x00, 0x0d, 0xff,
    0xff, 0x10, 0x00, 0x00, 0x00, 0x00, 0x00, 0x00,
    0x00, 0x00, 0x8f, 0xff, 0xf9, 0x00, 0x00, 0x00,
    0x00, 0x00, 0x00, 0x00, 0x00, 0x01, 0xff, 0xff,
    0xf5, 0x00, 0x00, 0x00, 0x00, 0x00, 0x00, 0x00,
    0x00, 0x08, 0xff, 0xff, 0xf7, 0x00, 0x00, 0x00,
    0x00, 0x00, 0x00, 0x00, 0x00, 0x0d, 0xff, 0xff,
    0xfd, 0x61, 0x00, 0x00, 0x00, 0x48, 0xe5, 0x00,
    0x00, 0x1d, 0xff, 0xff, 0xff, 0xfe, 0xcc, 0xce,
    0xff, 0xff, 0x50, 0x00, 0x00, 0x1b, 0xff, 0xff,
    0xff, 0xff, 0xff, 0xff, 0xff, 0xf5, 0x00, 0x00,
    0x00, 0x05, 0xdf, 0xff, 0xff, 0xff, 0xff, 0xff,
    0xfe, 0x30, 0x00, 0x00, 0x00, 0x00, 0x38, 0xbd,
    0xff, 0xfe, 0xdb, 0x84, 0x00, 0x00,

    /* U+0422 "Т" */
    0x7f, 0xff, 0xff, 0xff, 0xff, 0xff, 0xff, 0xff,
    0xff, 0xff, 0xff, 0x7f, 0xff, 0xff, 0xff, 0xff,
    0xff, 0xff, 0xff, 0xff, 0xff, 0xff, 0x7f, 0xff,
    0xff, 0xff, 0xff, 0xff, 0xff, 0xff, 0xff, 0xff,
    0xff, 0x5b, 0xbb, 0xbb, 0xbb, 0xbf, 0xff, 0xfd,
    0xbb, 0xbb, 0xbb, 0xbb, 0x00, 0x00, 0x00, 0x00,
    0x0e, 0xff, 0xf6, 0x00, 0x00, 0x00, 0x00, 0x00,
    0x00, 0x00, 0x00, 0x0e, 0xff, 0xf6, 0x00, 0x00,
    0x00, 0x00, 0x00, 0x00, 0x00, 0x00, 0x0e, 0xff,
    0xf6, 0x00, 0x00, 0x00, 0x00, 0x00, 0x00, 0x00,
    0x00, 0x0e, 0xff, 0xf6, 0x00, 0x00, 0x00, 0x00,
    0x00, 0x00, 0x00, 0x00, 0x0e, 0xff, 0xf6, 0x00,
    0x00, 0x00, 0x00, 0x00, 0x00, 0x00, 0x00, 0x0e,
    0xff, 0xf6, 0x00, 0x00, 0x00, 0x00, 0x00, 0x00,
    0x00, 0x00, 0x0e, 0xff, 0xf6, 0x00, 0x00, 0x00,
    0x00, 0x00, 0x00, 0x00, 0x00, 0x0e, 0xff, 0xf6,
    0x00, 0x00, 0x00, 0x00, 0x00, 0x00, 0x00, 0x00,
    0x0e, 0xff, 0xf6, 0x00, 0x00, 0x00, 0x00, 0x00,
    0x00, 0x00, 0x00, 0x0e, 0xff, 0xf6, 0x00, 0x00,
    0x00, 0x00, 0x00, 0x00, 0x00, 0x00, 0x0e, 0xff,
    0xf6, 0x00, 0x00, 0x00, 0x00, 0x00, 0x00, 0x00,
    0x00, 0x0e, 0xff, 0xf6, 0x00, 0x00, 0x00, 0x00,
    0x00, 0x00, 0x00, 0x00, 0x0e, 0xff, 0xf6, 0x00,
    0x00, 0x00, 0x00, 0x00, 0x00, 0x00, 0x00, 0x0e,
    0xff, 0xf6, 0x00, 0x00, 0x00, 0x00, 0x00, 0x00,
    0x00, 0x00, 0x0e, 0xff, 0xf6, 0x00, 0x00, 0x00,
    0x00, 0x00, 0x00, 0x00, 0x00, 0x0e, 0xff, 0xf6,
    0x00, 0x00, 0x00, 0x00, 0x00, 0x00, 0x00, 0x00,
    0x0e, 0xff, 0xf6, 0x00, 0x00, 0x00, 0x00, 0x00,
    0x00, 0x00, 0x00, 0x0e, 0xff, 0xf6, 0x00, 0x00,
    0x00, 0x00, 0x00, 0x00, 0x00, 0x00, 0x0e, 0xff,
    0xf6, 0x00, 0x00, 0x00, 0x00, 0x00, 0x00, 0x00,
    0x00, 0x0e, 0xff, 0xf6, 0x00, 0x00, 0x00, 0x00,
    0x00, 0x00, 0x00, 0x00, 0x0e, 0xff, 0xf6, 0x00,
    0x00, 0x00, 0x00, 0x00, 0x00, 0x00, 0x00, 0x0e,
    0xff, 0xf6, 0x00, 0x00, 0x00, 0x00, 0x00, 0x00,
    0x00, 0x00, 0x0e, 0xff, 0xf6, 0x00, 0x00, 0x00,
    0x00, 0x00, 0x00, 0x00, 0x00, 0x0e, 0xff, 0xf6,
    0x00, 0x00, 0x00, 0x00, 0x00, 0x00, 0x00, 0x00,
    0x0e, 0xff, 0xf6, 0x00, 0x00, 0x00, 0x00,

    /* U+0423 "У" */
    0x8f, 0xff, 0xf3, 0x00, 0x00, 0x00, 0x00, 0x00,
    0x00, 0x00, 0xbf, 0xff, 0xc1, 0xff, 0xff, 0xb0,
    0x00, 0x00, 0x00, 0x00, 0x00, 0x00, 0x2f, 0xff,
    0xf5, 0x08, 0xff, 0xff, 0x30, 0x00, 0x00, 0x00,
    0x00, 0x00, 0x09, 0xff, 0xfe, 0x00, 0x1f, 0xff,
    0xfa, 0x00, 0x00, 0x00, 0x00, 0x00, 0x00, 0xff,
    0xff, 0x70, 0x00, 0x8f, 0xff, 0xf2, 0x00, 0x00,
    0x00, 0x00, 0x00, 0x6f, 0xff, 0xf1, 0x00, 0x01,
    0xff, 0xff, 0x90, 0x00, 0x00, 0x00, 0x00, 0x0d,
    0xff, 0xf9, 0x00, 0x00, 0x08, 0xff, 0xff, 0x10,
    0x00, 0x00, 0x00, 0x04, 0xff, 0xff, 0x20, 0x00,
    0x00, 0x1f, 0xff, 0xf9, 0x00, 0x00, 0x00, 0x00,
    0xaf, 0xff, 0xb0, 0x00, 0x00, 0x00, 0x8f, 0xff,
    0xf1, 0x00, 0x00, 0x00, 0x1f, 0xff, 0xf4, 0x00,
    0x00, 0x00, 0x01, 0xff, 0xff, 0x80, 0x00, 0x00,
    0x08, 0xff, 0xfd, 0x00, 0x00, 0x00, 0x00, 0x09,
    0xff, 0xff, 0x00, 0x00, 0x00, 0xef, 0xff, 0x60,
    0x00, 0x00, 0x00, 0x00, 0x1f, 0xff, 0xf7, 0x00,
    0x00, 0x5f, 0xff, 0xe0, 0x00, 0x00, 0x00, 0x00,
    0x00, 0x9f, 0xff, 0xe0, 0x00, 0x0c, 0xff, 0xf8,
    0x00, 0x00, 0x00, 0x00, 0x00, 0x01, 0xff, 0xff,
    0x60, 0x03, 0xff, 0xff, 0x10, 0x00, 0x00, 0x00,
    0x00, 0x00, 0x09, 0xff, 0xfe, 0x00, 0xaf, 0xff,
    0x90, 0x00, 0x00, 0x00, 0x00, 0x00, 0x00, 0x1f,
    0xff, 0xf5, 0x1f, 0xff, 0xf2, 0x00, 0x00, 0x00,
    0x00, 0x00, 0x00, 0x00, 0x9f, 0xff, 0xc6, 0xff,
    0xfb, 0x00, 0x00, 0x00, 0x00, 0x00, 0x00, 0x00,
    0x01, 0xff, 0xff, 0xef, 0xff, 0x40, 0x00, 0x00,
    0x00, 0x00, 0x00, 0x00, 0x00, 0x09, 0xff, 0xff,
    0xff, 0xd0, 0x00, 0x00, 0x00, 0x00, 0x00, 0x00,
    0x00, 0x00, 0x1f, 0xff, 0xff, 0xf6, 0x00, 0x00,
    0x00, 0x00, 0x00, 0x00, 0x00, 0x00, 0x00, 0x9f,
    0xff, 0xfe, 0x00, 0x00, 0x00, 0x00, 0x00, 0x00,
    0x00, 0x00, 0x00, 0x05, 0xff, 0xff, 0x80, 0x00,
    0x00, 0x00, 0x00, 0x00, 0x00, 0x00, 0x00, 0x00,
    0xdf, 0xff, 0xf1, 0x00, 0x00, 0x00, 0x00, 0x00,
    0x00, 0x00, 0x00, 0x00, 0x9f, 0xff, 0xf7, 0x00,
    0x00, 0x00, 0x00, 0x00, 0x00, 0x03, 0x00, 0x03,
    0xbf, 0xff, 0xfd, 0x00, 0x00, 0x00, 0x00, 0x00,
    0x00, 0x00, 0xff, 0xff, 0xff, 0xff, 0xff, 0x30,
    0x00, 0x00, 0x00, 0x00, 0x00, 0x00, 0x0f, 0xff,
    0xff, 0xff, 0xff, 0x50, 0x00, 0x00, 0x00, 0x00,
    0x00, 0x00, 0x00, 0xff, 0xff, 0xff, 0xfe, 0x40,
    0x00, 0x00, 0x00, 0x00, 0x00, 0x00, 0x00, 0x09,
    0xdf, 0xfe, 0xb7, 0x00, 0x00, 0x00, 0x00, 0x00,
    0x00, 0x00, 0x00,

    /* U+0424 "Ф" */
    0x00, 0x00, 0x00, 0x00, 0x00, 0x00, 0x4f, 0xff,
    0xe0, 0x00, 0x00, 0x00, 0x00, 0x00, 0x00, 0x00,
    0x00, 0x00, 0x00, 0x00, 0x00, 0x4f, 0xff, 0xe0,
    0x00, 0x00, 0x00, 0x00, 0x00, 0x00, 0x00, 0x00,
    0x00, 0x00, 0x00, 0x00, 0x4f, 0xff, 0xe0, 0x00,
    0x00, 0x00, 0x00, 0x00, 0x00, 0x00, 0x00, 0x00,
    0x00, 0x03, 0x57, 0xaf, 0xff, 0xf7, 0x65, 0x20,
    0x00, 0x00, 0x00, 0x00, 0x00, 0x00, 0x00, 0x6c,
    0xff, 0xff, 0xff, 0xff, 0xff, 0xff, 0xff, 0xa4,
    0x00, 0x00, 0x00, 0x00, 0x00, 0x6e, 0xff, 0xff,
    0xff, 0xff, 0xff, 0xff, 0xff, 0xff, 0xff, 0xc3,
    0x00, 0x00, 0x00, 0x0a, 0xff, 0xff, 0xff, 0xff,
    0xff, 0xff, 0xff, 0xff, 0xff, 0xff, 0xff, 0x60,
    0x00, 0x00, 0xaf, 0xff, 0xff, 0xb6, 0x20, 0x4f,
    0xff, 0xe0, 0x13, 0x7c, 0xff, 0xff, 0xf5, 0x00,
    0x05, 0xff, 0xff, 0xd3, 0x00, 0x00, 0x4f, 0xff,
    0xe0, 0x00, 0x00, 0x5f, 0xff, 0xff, 0x10, 0x0d,
    0xff, 0xfd, 0x10, 0x00, 0x00, 0x4f, 0xff, 0xe0,
    0x00, 0x00, 0x04, 0xff, 0xff, 0x90, 0x4f, 0xff,
    0xf4, 0x00, 0x00, 0x00, 0x4f, 0xff, 0xe0, 0x00,
    0x00, 0x00, 0x9f, 0xff, 0xf0, 0x8f, 0xff, 0xd0,
    0x00, 0x00, 0x00, 0x4f, 0xff, 0xe0, 0x00, 0x00,
    0x00, 0x3f, 0xff, 0xf3, 0xbf, 0xff, 0x90, 0x00,
    0x00, 0x00, 0x4f, 0xff, 0xe0, 0x00, 0x00, 0x00,
    0x0f, 0xff, 0xf6, 0xdf, 0xff, 0x70, 0x00, 0x00,
    0x00, 0x4f, 0xff, 0xe0, 0x00, 0x00, 0x00, 0x0d,
    0xff, 0xf8, 0xdf, 0xff, 0x70, 0x00, 0x00, 0x00,
    0x4f, 0xff, 0xe0, 0x00, 0x00, 0x00, 0x0c, 0xff,
    0xf8, 0xdf, 0xff, 0x70, 0x00, 0x00, 0x00, 0x4f,
    0xff, 0xe0, 0x00, 0x00, 0x00, 0x0d, 0xff, 0xf8,
    0xbf, 0xff, 0xa0, 0x00, 0x00, 0x00, 0x4f, 0xff,
    0xe0, 0x00, 0x00, 0x00, 0x0f, 0xff, 0xf6, 0x8f,
    0xff, 0xe0, 0x00, 0x00, 0x00, 0x4f, 0xff, 0xe0,
    0x00, 0x00, 0x00, 0x3f, 0xff, 0xf3, 0x4f, 0xff,
    0xf5, 0x00, 0x00, 0x00, 0x4f, 0xff, 0xe0, 0x00,
    0x00, 0x00, 0xaf, 0xff, 0xf0, 0x0d, 0xff, 0xfe,
    0x10, 0x00, 0x00, 0x4f, 0xff, 0xe0, 0x00, 0x00,
    0x04, 0xff, 0xff, 0x90, 0x05, 0xff, 0xff, 0xd3,
    0x00, 0x00, 0x4f, 0xff, 0xe0, 0x00, 0x00, 0x6f,
    0xff, 0xff, 0x10, 0x00, 0xaf, 0xff, 0xff, 0xb6,
    0x20, 0x4f, 0xff, 0xe0, 0x13, 0x7d, 0xff, 0xff,
    0xf5, 0x00, 0x00, 0x0a, 0xff, 0xff, 0xff, 0xff,
    0xff, 0xff, 0xff, 0xff, 0xff, 0xff, 0xff, 0x60,
    0x00, 0x00, 0x00, 0x6e, 0xff, 0xff, 0xff, 0xff,
    0xff, 0xff, 0xff, 0xff, 0xff, 0xd3, 0x00, 0x00,
    0x00, 0x00, 0x00, 0x6c, 0xff, 0xff, 0xff, 0xff,
    0xff, 0xff, 0xff, 0xb5, 0x00, 0x00, 0x00, 0x00,
    0x00, 0x00, 0x00, 0x03, 0x57, 0xaf, 0xff, 0xf7,
    0x65, 0x30, 0x00, 0x00, 0x00, 0x00, 0x00, 0x00,
    0x00, 0x00, 0x00, 0x00, 0x4f, 0xff, 0xe0, 0x00,
    0x00, 0x00, 0x00, 0x00, 0x00, 0x00, 0x00, 0x00,
    0x00, 0x00, 0x00, 0x4f, 0xff, 0xe0, 0x00, 0x00,
    0x00, 0x00, 0x00, 0x00, 0x00, 0x00, 0x00, 0x00,
    0x00, 0x00, 0x4f, 0xff, 0xe0, 0x00, 0x00, 0x00,
    0x00, 0x00, 0x00, 0x00, 0x00, 0x00, 0x00, 0x00,
    0x00, 0x29, 0x99, 0x80, 0x00, 0x00, 0x00, 0x00,
    0x00, 0x00,

    /* U+0425 "Х" */
    0x0e, 0xff, 0xfc, 0x00, 0x00, 0x00, 0x00, 0x00,
    0x00, 0x4f, 0xff, 0xf5, 0x00, 0x4f, 0xff, 0xf6,
    0x00, 0x00, 0x00, 0x00, 0x00, 0x0d, 0xff, 0xfb,
    0x00, 0x00, 0xaf, 0xff, 0xf1, 0x00, 0x00, 0x00,
    0x00, 0x07, 0xff, 0xff, 0x10, 0x00, 0x01, 0xef,
    0xff, 0xa0, 0x00, 0x00, 0x00, 0x01, 0xff, 0xff,
    0x60, 0x00, 0x00, 0x06, 0xff, 0xff, 0x40, 0x00,
    0x00, 0x00, 0xaf, 0xff, 0xc0, 0x00, 0x00, 0x00,
    0x0b, 0xff, 0xfd, 0x00, 0x00, 0x00, 0x4f, 0xff,
    0xf2, 0x00, 0x00, 0x00, 0x00, 0x2f, 0xff, 0xf7,
    0x00, 0x00, 0x0d, 0xff, 0xf8, 0x00, 0x00, 0x00,
    0x00, 0x00, 0x7f, 0xff, 0xf1, 0x00, 0x08, 0xff,
    0xfd, 0x00, 0x00, 0x00, 0x00, 0x00, 0x00, 0xdf,
    0xff, 0xa0, 0x02, 0xff, 0xff, 0x40, 0x00, 0x00,
    0x00, 0x00, 0x00, 0x03, 0xff, 0xff, 0x40, 0xbf,
    0xff, 0x90, 0x00, 0x00, 0x00, 0x00, 0x00, 0x00,
    0x08, 0xff, 0xfd, 0x5f, 0xff, 0xe1, 0x00, 0x00,
    0x00, 0x00, 0x00, 0x00, 0x00, 0x0e, 0xff, 0xff,
    0xff, 0xf5, 0x00, 0x00, 0x00, 0x00, 0x00, 0x00,
    0x00, 0x00, 0x4f, 0xff, 0xff, 0xfb, 0x00, 0x00,
    0x00, 0x00, 0x00, 0x00, 0x00, 0x00, 0x00, 0xaf,
    0xff, 0xff, 0x10, 0x00, 0x00, 0x00, 0x00, 0x00,
    0x00, 0x00, 0x00, 0x0b, 0xff, 0xff, 0xf1, 0x00,
    0x00, 0x00, 0x00, 0x00, 0x00, 0x00, 0x00, 0x05,
    0xff, 0xff, 0xff, 0xb0, 0x00, 0x00, 0x00, 0x00,
    0x00, 0x00, 0x00, 0x01, 0xef, 0xff, 0xff, 0xff,
    0x50, 0x00, 0x00, 0x00, 0x00, 0x00, 0x00, 0x00,
    0x9f, 0xff, 0xb8, 0xff, 0xfe, 0x10, 0x00, 0x00,
    0x00, 0x00, 0x00, 0x00, 0x3f, 0xff, 0xf2, 0x0e,
    0xff, 0xf9, 0x00, 0x00, 0x00, 0x00, 0x00, 0x00,
    0x0d, 0xff, 0xf8, 0x00, 0x5f, 0xff, 0xf4, 0x00,
    0x00, 0x00, 0x00, 0x00, 0x08, 0xff, 0xfd, 0x00,
    0x00, 0xbf, 0xff, 0xd0, 0x00, 0x00, 0x00, 0x00,
    0x02, 0xff, 0xff, 0x40, 0x00, 0x02, 0xff, 0xff,
    0x80, 0x00, 0x00, 0x00, 0x00, 0xbf, 0xff, 0xb0,
    0x00, 0x00, 0x08, 0xff, 0xff, 0x30, 0x00, 0x00,
    0x00, 0x6f, 0xff, 0xf1, 0x00, 0x00, 0x00, 0x0e,
    0xff, 0xfc, 0x00, 0x00, 0x00, 0x1e, 0xff, 0xf7,
    0x00, 0x00, 0x00, 0x00, 0x5f, 0xff, 0xf7, 0x00,
    0x00, 0x0a, 0xff, 0xfd, 0x00, 0x00, 0x00, 0x00,
    0x00, 0xbf, 0xff, 0xf1, 0x00, 0x04, 0xff, 0xff,
    0x40, 0x00, 0x00, 0x00, 0x00, 0x02, 0xff, 0xff,
    0xb0, 0x00, 0xdf, 0xff, 0xa0, 0x00, 0x00, 0x00,
    0x00, 0x00, 0x08, 0xff, 0xff, 0x50, 0x8f, 0xff,
    0xf1, 0x00, 0x00, 0x00, 0x00, 0x00, 0x00, 0x0d,
    0xff, 0xfe, 0x10,

    /* U+0426 "Ц" */
    0x3f, 0xff, 0xf2, 0x00, 0x00, 0x00, 0x00, 0x00,
    0x00, 0x8f, 0xff, 0xc0, 0x00, 0x03, 0xff, 0xff,
    0x20, 0x00, 0x00, 0x00, 0x00, 0x00, 0x08, 0xff,
    0xfc, 0x00, 0x00, 0x3f, 0xff, 0xf2, 0x00, 0x00,
    0x00, 0x00, 0x00, 0x00, 0x8f, 0xff, 0xc0, 0x00,
    0x03, 0xff, 0xff, 0x20, 0x00, 0x00, 0x00, 0x00,
    0x00, 0x08, 0xff, 0xfc, 0x00, 0x00, 0x3f, 0xff,
    0xf2, 0x00, 0x00, 0x00, 0x00, 0x00, 0x00, 0x8f,
    0xff, 0xc0, 0x00, 0x03, 0xff, 0xff, 0x20, 0x00,
    0x00, 0x00, 0x00, 0x00, 0x08, 0xff, 0xfc, 0x00,
    0x00, 0x3f, 0xff, 0xf2, 0x00, 0x00, 0x00, 0x00,
    0x00, 0x00, 0x8f, 0xff, 0xc0, 0x00, 0x03, 0xff,
    0xff, 0x20, 0x00, 0x00, 0x00, 0x00, 0x00, 0x08,
    0xff, 0xfc, 0x00, 0x00, 0x3f, 0xff, 0xf2, 0x00,
    0x00, 0x00, 0x00, 0x00, 0x00, 0x8f, 0xff, 0xc0,
    0x00, 0x03, 0xff, 0xff, 0x20, 0x00, 0x00, 0x00,
    0x00, 0x00, 0x08, 0xff, 0xfc, 0x00, 0x00, 0x3f,
    0xff, 0xf2, 0x00, 0x00, 0x00, 0x00, 0x00, 0x00,
    0x8f, 0xff, 0xc0, 0x00, 0x03, 0xff, 0xff, 0x20,
    0x00, 0x00, 0x00, 0x00, 0x00, 0x08, 0xff, 0xfc,
    0x00, 0x00, 0x3f, 0xff, 0xf2, 0x00, 0x00, 0x00,
    0x00, 0x00, 0x00, 0x8f, 0xff, 0xc0, 0x00, 0x03,
    0xff, 0xff, 0x20, 0x00, 0x00, 0x00, 0x00, 0x00,
    0x08, 0xff, 0xfc, 0x00, 0x00, 0x3f, 0xff, 0xf2,
    0x00, 0x00, 0x00, 0x00, 0x00, 0x00, 0x8f, 0xff,
    0xc0, 0x00, 0x03, 0xff, 0xff, 0x20, 0x00, 0x00,
    0x00, 0x00, 0x00, 0x08, 0xff, 0xfc, 0x00, 0x00,
    0x3f, 0xff, 0xf2, 0x00, 0x00, 0x00, 0x00, 0x00,
    0x00, 0x8f, 0xff, 0xc0, 0x00, 0x03, 0xff, 0xff,
    0x20, 0x00, 0x00, 0x00, 0x00, 0x00, 0x08, 0xff,
    0xfc, 0x00, 0x00, 0x3f, 0xff, 0xf2, 0x00, 0x00,
    0x00, 0x00, 0x00, 0x00, 0x8f, 0xff, 0xc0, 0x00,
    0x03, 0xff, 0xff, 0x20, 0x00, 0x00, 0x00, 0x00,
    0x00, 0x08, 0xff, 0xfc, 0x00, 0x00, 0x3f, 0xff,
    0xf2, 0x00, 0x00, 0x00, 0x00, 0x00, 0x00, 0x8f,
    0xff, 0xc0, 0x00, 0x03, 0xff, 0xff, 0x20, 0x00,
    0x00, 0x00, 0x00, 0x00, 0x08, 0xff, 0xfc, 0x00,
    0x00, 0x3f, 0xff, 0xf2, 0x00, 0x00, 0x00, 0x00,
    0x00, 0x00, 0x8f, 0xff, 0xc0, 0x00, 0x03, 0xff,
    0xff, 0x20, 0x00, 0x00, 0x00, 0x00, 0x00, 0x08,
    0xff, 0xfc, 0x00, 0x00, 0x3f, 0xff, 0xf2, 0x00,
    0x00, 0x00, 0x00, 0x00, 0x00, 0x8f, 0xff, 0xc0,
    0x00, 0x03, 0xff, 0xff, 0xcb, 0xbb, 0xbb, 0xbb,
    0xbb, 0xbb, 0xbd, 0xff, 0xff, 0xbb, 0xb7, 0x3f,
    0xff, 0xff, 0xff, 0xff, 0xff, 0xff, 0xff, 0xff,
    0xff, 0xff, 0xff, 0xff, 0xa3, 0xff, 0xff, 0xff,
    0xff, 0xff, 0xff, 0xff, 0xff, 0xff, 0xff, 0xff,
    0xff, 0xfa, 0x3f, 0xff, 0xff, 0xff, 0xff, 0xff,
    0xff, 0xff, 0xff, 0xff, 0xff, 0xff, 0xff, 0xa0,
    0x00, 0x00, 0x00, 0x00, 0x00, 0x00, 0x00, 0x00,
    0x00, 0x00, 0x08, 0xff, 0xfa, 0x00, 0x00, 0x00,
    0x00, 0x00, 0x00, 0x00, 0x00, 0x00, 0x00, 0x00,
    0x8f, 0xff, 0xa0, 0x00, 0x00, 0x00, 0x00, 0x00,
    0x00, 0x00, 0x00, 0x00, 0x00, 0x08, 0xff, 0xfa,
    0x00, 0x00, 0x00, 0x00, 0x00, 0x00, 0x00, 0x00,
    0x00, 0x00, 0x00, 0x8f, 0xff, 0xa0, 0x00, 0x00,
    0x00, 0x00, 0x00, 0x00, 0x00, 0x00, 0x00, 0x00,
    0x08, 0xff, 0xfa, 0x00, 0x00, 0x00, 0x00, 0x00,
    0x00, 0x00, 0x00, 0x00, 0x00, 0x00, 0x8f, 0xff,
    0xa0, 0x00, 0x00, 0x00, 0x00, 0x00, 0x00, 0x00,
    0x00, 0x00, 0x00, 0x01, 0x33, 0x32,

    /* U+0427 "Ч" */
    0x0f, 0xff, 0xf3, 0x00, 0x00, 0x00, 0x00, 0x00,
    0x0a, 0xff, 0xfb, 0x0f, 0xff, 0xf3, 0x00, 0x00,
    0x00, 0x00, 0x00, 0x0a, 0xff, 0xfb, 0x0f, 0xff,
    0xf3, 0x00, 0x00, 0x00, 0x00, 0x00, 0x0a, 0xff,
    0xfb, 0x0f, 0xff, 0xf3, 0x00, 0x00, 0x00, 0x00,
    0x00, 0x0a, 0xff, 0xfb, 0x0f, 0xff, 0xf3, 0x00,
    0x00, 0x00, 0x00, 0x00, 0x0a, 0xff, 0xfb, 0x0f,
    0xff, 0xf3, 0x00, 0x00, 0x00, 0x00, 0x00, 0x0a,
    0xff, 0xfb, 0x0f, 0xff, 0xf3, 0x00, 0x00, 0x00,
    0x00, 0x00, 0x0a, 0xff, 0xfb, 0x0f, 0xff, 0xf3,
    0x00, 0x00, 0x00, 0x00, 0x00, 0x0a, 0xff, 0xfb,
    0x0f, 0xff, 0xf3, 0x00, 0x00, 0x00, 0x00, 0x00,
    0x0a, 0xff, 0xfb, 0x0f, 0xff, 0xf3, 0x00, 0x00,
    0x00, 0x00, 0x00, 0x0a, 0xff, 0xfb, 0x0f, 0xff,
    0xf4, 0x00, 0x00, 0x00, 0x00, 0x00, 0x0a, 0xff,
    0xfb, 0x0f, 0xff, 0xf7, 0x00, 0x00, 0x00, 0x00,
    0x00, 0x0a, 0xff, 0xfb, 0x0c, 0xff, 0xfc, 0x00,
    0x00, 0x00, 0x00, 0x00, 0x0a, 0xff, 0xfb, 0x08,
    0xff, 0xff, 0x70, 0x00, 0x00, 0x00, 0x00, 0x0b,
    0xff, 0xfb, 0x02, 0xff, 0xff, 0xfb, 0x51, 0x00,
    0x13, 0x6a, 0xff, 0xff, 0xfb, 0x00, 0x8f, 0xff,
    0xff, 0xff, 0xff, 0xff, 0xff, 0xff, 0xff, 0xfb,
    0x00, 0x0a, 0xff, 0xff, 0xff, 0xff, 0xff, 0xff,
    0xff, 0xff, 0xfb, 0x00, 0x00, 0x5d, 0xff, 0xff,
    0xff, 0xff, 0xfe, 0xac, 0xff, 0xfb, 0x00, 0x00,
    0x00, 0x26, 0x89, 0xa9, 0x85, 0x20, 0x0a, 0xff,
    0xfb, 0x00, 0x00, 0x00, 0x00, 0x00, 0x00, 0x00,
    0x00, 0x0a, 0xff, 0xfb, 0x00, 0x00, 0x00, 0x00,
    0x00, 0x00, 0x00, 0x00, 0x0a, 0xff, 0xfb, 0x00,
    0x00, 0x00, 0x00, 0x00, 0x00, 0x00, 0x00, 0x0a,
    0xff, 0xfb, 0x00, 0x00, 0x00, 0x00, 0x00, 0x00,
    0x00, 0x00, 0x0a, 0xff, 0xfb, 0x00, 0x00, 0x00,
    0x00, 0x00, 0x00, 0x00, 0x00, 0x0a, 0xff, 0xfb,
    0x00, 0x00, 0x00, 0x00, 0x00, 0x00, 0x00, 0x00,
    0x0a, 0xff, 0xfb, 0x00, 0x00, 0x00, 0x00, 0x00,
    0x00, 0x00, 0x00, 0x0a, 0xff, 0xfb, 0x00, 0x00,
    0x00, 0x00, 0x00, 0x00, 0x00, 0x00, 0x0a, 0xff,
    0xfb, 0x00, 0x00, 0x00, 0x00, 0x00, 0x00, 0x00,
    0x00, 0x0a, 0xff, 0xfb, 0x00, 0x00, 0x00, 0x00,
    0x00, 0x00, 0x00, 0x00, 0x0a, 0xff, 0xfb,

    /* U+0428 "Ш" */
    0x4f, 0xff, 0xf1, 0x00, 0x00, 0x00, 0x00, 0x04,
    0xff, 0xff, 0x00, 0x00, 0x00, 0x00, 0x00, 0x5f,
    0xff, 0xf0, 0x4f, 0xff, 0xf1, 0x00, 0x00, 0x00,
    0x00, 0x04, 0xff, 0xff, 0x00, 0x00, 0x00, 0x00,
    0x00, 0x5f, 0xff, 0xf0, 0x4f, 0xff, 0xf1, 0x00,
    0x00, 0x00, 0x00, 0x04, 0xff, 0xff, 0x00, 0x00,
    0x00, 0x00, 0x00, 0x5f, 0xff, 0xf0, 0x4f, 0xff,
    0xf1, 0x00, 0x00, 0x00, 0x00, 0x04, 0xff, 0xff,
    0x00, 0x00, 0x00, 0x00, 0x00, 0x5f, 0xff, 0xf0,
    0x4f, 0xff, 0xf1, 0x00, 0x00, 0x00, 0x00, 0x04,
    0xff, 0xff, 0x00, 0x00, 0x00, 0x00, 0x00, 0x5f,
    0xff, 0xf0, 0x4f, 0xff, 0xf1, 0x00, 0x00, 0x00,
    0x00, 0x04, 0xff, 0xff, 0x00, 0x00, 0x00, 0x00,
    0x00, 0x5f, 0xff, 0xf0, 0x4f, 0xff, 0xf1, 0x00,
    0x00, 0x00, 0x00, 0x04, 0xff, 0xff, 0x00, 0x00,
    0x00, 0x00, 0x00, 0x5f, 0xff, 0xf0, 0x4f, 0xff,
    0xf1, 0x00, 0x00, 0x00, 0x00, 0x04, 0xff, 0xff,
    0x00, 0x00, 0x00, 0x00, 0x00, 0x5f, 0xff, 0xf0,
    0x4f, 0xff, 0xf1, 0x00, 0x00, 0x00, 0x00, 0x04,
    0xff, 0xff, 0x00, 0x00, 0x00, 0x00, 0x00, 0x5f,
    0xff, 0xf0, 0x4f, 0xff, 0xf1, 0x00, 0x00, 0x00,
    0x00, 0x04, 0xff, 0xff, 0x00, 0x00, 0x00, 0x00,
    0x00, 0x5f, 0xff, 0xf0, 0x4f, 0xff, 0xf1, 0x00,
    0x00, 0x00, 0x00, 0x04, 0xff, 0xff, 0x00, 0x00,
    0x00, 0x00, 0x00, 0x5f, 0xff, 0xf0, 0x4f, 0xff,
    0xf1, 0x00, 0x00, 0x00, 0x00, 0x04, 0xff, 0xff,
    0x00, 0x00, 0x00, 0x00, 0x00, 0x5f, 0xff, 0xf0,
    0x4f, 0xff, 0xf1, 0x00, 0x00, 0x00, 0x00, 0x04,
    0xff, 0xff, 0x00, 0x00, 0x00, 0x00, 0x00, 0x5f,
    0xff, 0xf0, 0x4f, 0xff, 0xf1, 0x00, 0x00, 0x00,
    0x00, 0x04, 0xff, 0xff, 0x00, 0x00, 0x00, 0x00,
    0x00, 0x5f, 0xff, 0xf0, 0x4f, 0xff, 0xf1, 0x00,
    0x00, 0x00, 0x00, 0x04, 0xff, 0xff, 0x00, 0x00,
    0x00, 0x00, 0x00, 0x5f, 0xff, 0xf0, 0x4f, 0xff,
    0xf1, 0x00, 0x00, 0x00, 0x00, 0x04, 0xff, 0xff,
    0x00, 0x00, 0x00, 0x00, 0x00, 0x5f, 0xff, 0xf0,
    0x4f, 0xff, 0xf1, 0x00, 0x00, 0x00, 0x00, 0x04,
    0xff, 0xff, 0x00, 0x00, 0x00, 0x00, 0x00, 0x5f,
    0xff, 0xf0, 0x4f, 0xff, 0xf1, 0x00, 0x00, 0x00,
    0x00, 0x04, 0xff, 0xff, 0x00, 0x00, 0x00, 0x00,
    0x00, 0x5f, 0xff, 0xf0, 0x4f, 0xff, 0xf1, 0x00,
    0x00, 0x00, 0x00, 0x04, 0xff, 0xff, 0x00, 0x00,
    0x00, 0x00, 0x00, 0x5f, 0xff, 0xf0, 0x4f, 0xff,
    0xf1, 0x00, 0x00, 0x00, 0x00, 0x04, 0xff, 0xff,
    0x00, 0x00, 0x00, 0x00, 0x00, 0x5f, 0xff, 0xf0,
    0x4f, 0xff, 0xf1, 0x00, 0x00, 0x00, 0x00, 0x04,
    0xff, 0xff, 0x00, 0x00, 0x00, 0x00, 0x00, 0x5f,
    0xff, 0xf0, 0x4f, 0xff, 0xf1, 0x00, 0x00, 0x00,
    0x00, 0x04, 0xff, 0xff, 0x00, 0x00, 0x00, 0x00,
    0x00, 0x5f, 0xff, 0xf0, 0x4f, 0xff, 0xf1, 0x00,
    0x00, 0x00, 0x00, 0x04, 0xff, 0xff, 0x00, 0x00,
    0x00, 0x00, 0x00, 0x5f, 0xff, 0xf0, 0x4f, 0xff,
    0xf1, 0x00, 0x00, 0x00, 0x00, 0x04, 0xff, 0xff,
    0x00, 0x00, 0x00, 0x00, 0x00, 0x5f, 0xff, 0xf0,
    0x4f, 0xff, 0xf1, 0x00, 0x00, 0x00, 0x00, 0x04,
    0xff, 0xff, 0x00, 0x00, 0x00, 0x00, 0x00, 0x5f,
    0xff, 0xf0, 0x4f, 0xff, 0xfc, 0xcc, 0xcc, 0xcc,
    0xcc, 0xcd, 0xff, 0xff, 0xcc, 0xcc, 0xcc, 0xcc,
    0xcc, 0xdf, 0xff, 0xf0, 0x4f, 0xff, 0xff, 0xff,
    0xff, 0xff, 0xff, 0xff, 0xff, 0xff, 0xff, 0xff,
    0xff, 0xff, 0xff, 0xff, 0xff, 0xf0, 0x4f, 0xff,
    0xff, 0xff, 0xff, 0xff, 0xff, 0xff, 0xff, 0xff,
    0xff, 0xff, 0xff, 0xff, 0xff, 0xff, 0xff, 0xf0,
    0x4f, 0xff, 0xff, 0xff, 0xff, 0xff, 0xff, 0xff,
    0xff, 0xff, 0xff, 0xff, 0xff, 0xff, 0xff, 0xff,
    0xff, 0xf0,

    /* U+0429 "Щ" */
    0x4f, 0xff, 0xf1, 0x00, 0x00, 0x00, 0x00, 0x09,
    0xff, 0xfb, 0x00, 0x00, 0x00, 0x00, 0x00, 0xff,
    0xff, 0x60, 0x00, 0x04, 0xff, 0xff, 0x10, 0x00,
    0x00, 0x00, 0x00, 0x9f, 0xff, 0xb0, 0x00, 0x00,
    0x00, 0x00, 0x0f, 0xff, 0xf6, 0x00, 0x00, 0x4f,
    0xff, 0xf1, 0x00, 0x00, 0x00, 0x00, 0x09, 0xff,
    0xfb, 0x00, 0x00, 0x00, 0x00, 0x00, 0xff, 0xff,
    0x60, 0x00, 0x04, 0xff, 0xff, 0x10, 0x00, 0x00,
    0x00, 0x00, 0x9f, 0xff, 0xb0, 0x00, 0x00, 0x00,
    0x00, 0x0f, 0xff, 0xf6, 0x00, 0x00, 0x4f, 0xff,
    0xf1, 0x00, 0x00, 0x00, 0x00, 0x09, 0xff, 0xfb,
    0x00, 0x00, 0x00, 0x00, 0x00, 0xff, 0xff, 0x60,
    0x00, 0x04, 0xff, 0xff, 0x10, 0x00, 0x00, 0x00,
    0x00, 0x9f, 0xff, 0xb0, 0x00, 0x00, 0x00, 0x00,
    0x0f, 0xff, 0xf6, 0x00, 0x00, 0x4f, 0xff, 0xf1,
    0x00, 0x00, 0x00, 0x00, 0x09, 0xff, 0xfb, 0x00,
    0x00, 0x00, 0x00, 0x00, 0xff, 0xff, 0x60, 0x00,
    0x04, 0xff, 0xff, 0x10, 0x00, 0x00, 0x00, 0x00,
    0x9f, 0xff, 0xb0, 0x00, 0x00, 0x00, 0x00, 0x0f,
    0xff, 0xf6, 0x00, 0x00, 0x4f, 0xff, 0xf1, 0x00,
    0x00, 0x00, 0x00, 0x09, 0xff, 0xfb, 0x00, 0x00,
    0x00, 0x00, 0x00, 0xff, 0xff, 0x60, 0x00, 0x04,
    0xff, 0xff, 0x10, 0x00, 0x00, 0x00, 0x00, 0x9f,
    0xff, 0xb0, 0x00, 0x00, 0x00, 0x00, 0x0f, 0xff,
    0xf6, 0x00, 0x00, 0x4f, 0xff, 0xf1, 0x00, 0x00,
    0x00, 0x00, 0x09, 0xff, 0xfb, 0x00, 0x00, 0x00,
    0x00, 0x00, 0xff, 0xff, 0x60, 0x00, 0x04, 0xff,
    0xff, 0x10, 0x00, 0x00, 0x00, 0x00, 0x9f, 0xff,
    0xb0, 0x00, 0x00, 0x00, 0x00, 0x0f, 0xff, 0xf6,
    0x00, 0x00, 0x4f, 0xff, 0xf1, 0x00, 0x00, 0x00,
    0x00, 0x09, 0xff, 0xfb, 0x00, 0x00, 0x00, 0x00,
    0x00, 0xff, 0xff, 0x60, 0x00, 0x04, 0xff, 0xff,
    0x10, 0x00, 0x00, 0x00, 0x00, 0x9f, 0xff, 0xb0,
    0x00, 0x00, 0x00, 0x00, 0x0f, 0xff, 0xf6, 0x00,
    0x00, 0x4f, 0xff, 0xf1, 0x00, 0x00, 0x00, 0x00,
    0x09, 0xff, 0xfb, 0x00, 0x00, 0x00, 0x00, 0x00,
    0xff, 0xff, 0x60, 0x00, 0x04, 0xff, 0xff, 0x10,
    0x00, 0x00, 0x00, 0x00, 0x9f, 0xff, 0xb0, 0x00,
    0x00, 0x00, 0x00, 0x0f, 0xff, 0xf6, 0x00, 0x00,
    0x4f, 0xff, 0xf1, 0x00, 0x00, 0x00, 0x00, 0x09,
    0xff, 0xfb, 0x00, 0x00, 0x00, 0x00, 0x00, 0xff,
    0xff, 0x60, 0x00, 0x04, 0xff, 0xff, 0x10, 0x00,
    0x00, 0x00, 0x00, 0x9f, 0xff, 0xb0, 0x00, 0x00,
    0x00, 0x00, 0x0f, 0xff, 0xf6, 0x00, 0x00, 0x4f,
    0xff, 0xf1, 0x00, 0x00, 0x00, 0x00, 0x09, 0xff,
    0xfb, 0x00, 0x00, 0x00, 0x00, 0x00, 0xff, 0xff,
    0x60, 0x00, 0x04, 0xff, 0xff, 0x10, 0x00, 0x00,
    0x00, 0x00, 0x9f, 0xff, 0xb0, 0x00, 0x00, 0x00,
    0x00, 0x0f, 0xff, 0xf6, 0x00, 0x00, 0x4f, 0xff,
    0xf1, 0x00, 0x00, 0x00, 0x00, 0x09, 0xff, 0xfb,
    0x00, 0x00, 0x00, 0x00, 0x00, 0xff, 0xff, 0x60,
    0x00, 0x04, 0xff, 0xff, 0x10, 0x00, 0x00, 0x00,
    0x00, 0x9f, 0xff, 0xb0, 0x00, 0x00, 0x00, 0x00,
    0x0f, 0xff, 0xf6, 0x00, 0x00, 0x4f, 0xff, 0xf1,
    0x00, 0x00, 0x00, 0x00, 0x09, 0xff, 0xfb, 0x00,
    0x00, 0x00, 0x00, 0x00, 0xff, 0xff, 0x60, 0x00,
    0x04, 0xff, 0xff, 0x10, 0x00, 0x00, 0x00, 0x00,
    0x9f, 0xff, 0xb0, 0x00, 0x00, 0x00, 0x00, 0x0f,
    0xff, 0xf6, 0x00, 0x00, 0x4f, 0xff, 0xf1, 0x00,
    0x00, 0x00, 0x00, 0x09, 0xff, 0xfb, 0x00, 0x00,
    0x00, 0x00, 0x00, 0xff, 0xff, 0x60, 0x00, 0x04,
    0xff, 0xff, 0xcb, 0xbb, 0xbb, 0xbb, 0xbb, 0xef,
    0xff, 0xeb, 0xbb, 0xbb, 0xbb, 0xbb, 0xbf, 0xff,
    0xfd, 0xbb, 0xb2, 0x4f, 0xff, 0xff, 0xff, 0xff,
    0xff, 0xff, 0xff, 0xff, 0xff, 0xff, 0xff, 0xff,
    0xff, 0xff, 0xff, 0xff, 0xff, 0xff, 0x34, 0xff,
    0xff, 0xff, 0xff, 0xff, 0xff, 0xff, 0xff, 0xff,
    0xff, 0xff, 0xff, 0xff, 0xff, 0xff, 0xff, 0xff,
    0xff, 0xf3, 0x4f, 0xff, 0xff, 0xff, 0xff, 0xff,
    0xff, 0xff, 0xff, 0xff, 0xff, 0xff, 0xff, 0xff,
    0xff, 0xff, 0xff, 0xff, 0xff, 0x30, 0x00, 0x00,
    0x00, 0x00, 0x00, 0x00, 0x00, 0x00, 0x00, 0x00,
    0x00, 0x00, 0x00, 0x00, 0x00, 0x00, 0x0f, 0xff,
    0xf3, 0x00, 0x00, 0x00, 0x00, 0x00, 0x00, 0x00,
    0x00, 0x00, 0x00, 0x00, 0x00, 0x00, 0x00, 0x00,
    0x00, 0x00, 0xff, 0xff, 0x30, 0x00, 0x00, 0x00,
    0x00, 0x00, 0x00, 0x00, 0x00, 0x00, 0x00, 0x00,
    0x00, 0x00, 0x00, 0x00, 0x00, 0x0f, 0xff, 0xf3,
    0x00, 0x00, 0x00, 0x00, 0x00, 0x00, 0x00, 0x00,
    0x00, 0x00, 0x00, 0x00, 0x00, 0x00, 0x00, 0x00,
    0x00, 0xff, 0xff, 0x30, 0x00, 0x00, 0x00, 0x00,
    0x00, 0x00, 0x00, 0x00, 0x00, 0x00, 0x00, 0x00,
    0x00, 0x00, 0x00, 0x00, 0x0f, 0xff, 0xf3, 0x00,
    0x00, 0x00, 0x00, 0x00, 0x00, 0x00, 0x00, 0x00,
    0x00, 0x00, 0x00, 0x00, 0x00, 0x00, 0x00, 0x00,
    0xff, 0xff, 0x30, 0x00, 0x00, 0x00, 0x00, 0x00,
    0x00, 0x00, 0x00, 0x00, 0x00, 0x00, 0x00, 0x00,
    0x00, 0x00, 0x00, 0x05, 0x55, 0x51,

    /* U+042A "Ъ" */
    0x7f, 0xff, 0xff, 0xff, 0xff, 0xf9, 0x00, 0x00,
    0x00, 0x00, 0x00, 0x00, 0x00, 0x07, 0xff, 0xff,
    0xff, 0xff, 0xff, 0x90, 0x00, 0x00, 0x00, 0x00,
    0x00, 0x00, 0x00, 0x7f, 0xff, 0xff, 0xff, 0xff,
    0xf9, 0x00, 0x00, 0x00, 0x00, 0x00, 0x00, 0x00,
    0x05, 0xbb, 0xbb, 0xbb, 0xef, 0xff, 0x90, 0x00,
    0x00, 0x00, 0x00, 0x00, 0x00, 0x00, 0x00, 0x00,
    0x00, 0x0b, 0xff, 0xf9, 0x00, 0x00, 0x00, 0x00,
    0x00, 0x00, 0x00, 0x00, 0x00, 0x00, 0x00, 0xbf,
    0xff, 0x90, 0x00, 0x00, 0x00, 0x00, 0x00, 0x00,
    0x00, 0x00, 0x00, 0x00, 0x0b, 0xff, 0xf9, 0x00,
    0x00, 0x00, 0x00, 0x00, 0x00, 0x00, 0x00, 0x00,
    0x00, 0x00, 0xbf, 0xff, 0x90, 0x00, 0x00, 0x00,
    0x00, 0x00, 0x00, 0x00, 0x00, 0x00, 0x00, 0x0b,
    0xff, 0xf9, 0x00, 0x00, 0x00, 0x00, 0x00, 0x00,
    0x00, 0x00, 0x00, 0x00, 0x00, 0xbf, 0xff, 0x90,
    0x00, 0x00, 0x00, 0x00, 0x00, 0x00, 0x00, 0x00,
    0x00, 0x00, 0x0b, 0xff, 0xf9, 0x00, 0x00, 0x00,
    0x00, 0x00, 0x00, 0x00, 0x00, 0x00, 0x00, 0x00,
    0xbf, 0xff, 0xda, 0xaa, 0xa9, 0x86, 0x30, 0x00,
    0x00, 0x00, 0x00, 0x00, 0x00, 0x0b, 0xff, 0xff,
    0xff, 0xff, 0xff, 0xff, 0xf9, 0x20, 0x00, 0x00,
    0x00, 0x00, 0x00, 0xbf, 0xff, 0xff, 0xff, 0xff,
    0xff, 0xff, 0xff, 0x70, 0x00, 0x00, 0x00, 0x00,
    0x0b, 0xff, 0xff, 0xff, 0xff, 0xff, 0xff, 0xff,
    0xff, 0x70, 0x00, 0x00, 0x00, 0x00, 0xbf, 0xff,
    0xa0, 0x00, 0x00, 0x26, 0xcf, 0xff, 0xff, 0x20,
    0x00, 0x00, 0x00, 0x0b, 0xff, 0xfa, 0x00, 0x00,
    0x00, 0x00, 0x8f, 0xff, 0xfa, 0x00, 0x00, 0x00,
    0x00, 0xbf, 0xff, 0xa0, 0x00, 0x00, 0x00, 0x00,
    0xcf, 0xff, 0xe0, 0x00, 0x00, 0x00, 0x0b, 0xff,
    0xfa, 0x00, 0x00, 0x00, 0x00, 0x06, 0xff, 0xff,
    0x20, 0x00, 0x00, 0x00, 0xbf, 0xff, 0xa0, 0x00,
    0x00, 0x00, 0x00, 0x3f, 0xff, 0xf3, 0x00, 0x00,
    0x00, 0x0b, 0xff, 0xfa, 0x00, 0x00, 0x00, 0x00,
    0x03, 0xff, 0xff, 0x30, 0x00, 0x00, 0x00, 0xbf,
    0xff, 0xa0, 0x00, 0x00, 0x00, 0x00, 0x5f, 0xff,
    0xf2, 0x00, 0x00, 0x00, 0x0b, 0xff, 0xfa, 0x00,
    0x00, 0x00, 0x00, 0x0a, 0xff, 0xff, 0x00, 0x00,
    0x00, 0x00, 0xbf, 0xff, 0xa0, 0x00, 0x00, 0x00,
    0x04, 0xff, 0xff, 0xb0, 0x00, 0x00, 0x00, 0x0b,
    0xff, 0xfa, 0x00, 0x00, 0x00, 0x17, 0xff, 0xff,
    0xf4, 0x00, 0x00, 0x00, 0x00, 0xbf, 0xff, 0xda,
    0xaa, 0xab, 0xdf, 0xff, 0xff, 0xf9, 0x00, 0x00,
    0x00, 0x00, 0x0b, 0xff, 0xff, 0xff, 0xff, 0xff,
    0xff, 0xff, 0xfa, 0x00, 0x00, 0x00, 0x00, 0x00,
    0xbf, 0xff, 0xff, 0xff, 0xff, 0xff, 0xff, 0xe6,
    0x00, 0x00, 0x00, 0x00, 0x00, 0x0b, 0xff, 0xff,
    0xff, 0xff, 0xfe, 0xc9, 0x40, 0x00, 0x00, 0x00,

    /* U+042B "Ы" */
    0x3f, 0xff, 0xf2, 0x00, 0x00, 0x00, 0x00, 0x00,
    0x00, 0x00, 0x00, 0x05, 0xff, 0xff, 0x3f, 0xff,
    0xf1, 0x00, 0x00, 0x00, 0x00, 0x00, 0x00, 0x00,
    0x00, 0x05, 0xff, 0xff, 0x3f, 0xff, 0xf1, 0x00,
    0x00, 0x00, 0x00, 0x00, 0x00, 0x00, 0x00, 0x05,
    0xff, 0xff, 0x3f, 0xff, 0xf1, 0x00, 0x00, 0x00,
    0x00, 0x00, 0x00, 0x00, 0x00, 0x05, 0xff, 0xff,
    0x3f, 0xff, 0xf1, 0x00, 0x00, 0x00, 0x00, 0x00,
    0x00, 0x00, 0x00, 0x05, 0xff, 0xff, 0x3f, 0xff,
    0xf1, 0x00, 0x00, 0x00, 0x00, 0x00, 0x00, 0x00,
    0x00, 0x05, 0xff, 0xff, 0x3f, 0xff, 0xf1, 0x00,
    0x00, 0x00, 0x00, 0x00, 0x00, 0x00, 0x00, 0x05,
    0xff, 0xff, 0x3f, 0xff, 0xf1, 0x00, 0x00, 0x00,
    0x00, 0x00, 0x00, 0x00, 0x00, 0x05, 0xff, 0xff,
    0x3f, 0xff, 0xf1, 0x00, 0x00, 0x00, 0x00, 0x00,
    0x00, 0x00, 0x00, 0x05, 0xff, 0xff, 0x3f, 0xff,
    0xf1, 0x00, 0x00, 0x00, 0x00, 0x00, 0x00, 0x00,
    0x00, 0x05, 0xff, 0xff, 0x3f, 0xff, 0xf1, 0x00,
    0x00, 0x00, 0x00, 0x00, 0x00, 0x00, 0x00, 0x05,
    0xff, 0xff, 0x3f, 0xff, 0xff, 0xff, 0xff, 0xed,
    0xa6, 0x20, 0x00, 0x00, 0x00, 0x05, 0xff, 0xff,
    0x3f, 0xff, 0xff, 0xff, 0xff, 0xff, 0xff, 0xfa,
    0x20, 0x00, 0x00, 0x05, 0xff, 0xff, 0x3f, 0xff,
    0xff, 0xff, 0xff, 0xff, 0xff, 0xff, 0xf4, 0x00,
    0x00, 0x05, 0xff, 0xff, 0x3f, 0xff, 0xfb, 0xaa,
    0xaa, 0xcf, 0xff, 0xff, 0xff, 0x20, 0x00, 0x05,
    0xff, 0xff, 0x3f, 0xff, 0xf2, 0x00, 0x00, 0x00,
    0x4c, 0xff, 0xff, 0xb0, 0x00, 0x05, 0xff, 0xff,
    0x3f, 0xff, 0xf2, 0x00, 0x00, 0x00, 0x00, 0xcf,
    0xff, 0xf2, 0x00, 0x05, 0xff, 0xff, 0x3f, 0xff,
    0xf2, 0x00, 0x00, 0x00, 0x00, 0x3f, 0xff, 0xf6,
    0x00, 0x05, 0xff, 0xff, 0x3f, 0xff, 0xf2, 0x00,
    0x00, 0x00, 0x00, 0x0e, 0xff, 0xf9, 0x00, 0x05,
    0xff, 0xff, 0x3f, 0xff, 0xf2, 0x00, 0x00, 0x00,
    0x00, 0x0c, 0xff, 0xfa, 0x00, 0x05, 0xff, 0xff,
    0x3f, 0xff, 0xf2, 0x00, 0x00, 0x00, 0x00, 0x0c,
    0xff, 0xfa, 0x00, 0x05, 0xff, 0xff, 0x3f, 0xff,
    0xf2, 0x00, 0x00, 0x00, 0x00, 0x0e, 0xff, 0xf9,
    0x00, 0x05, 0xff, 0xff, 0x3f, 0xff, 0xf2, 0x00,
    0x00, 0x00, 0x00, 0x4f, 0xff, 0xf6, 0x00, 0x05,
    0xff, 0xff, 0x3f, 0xff, 0xf2, 0x00, 0x00, 0x00,
    0x00, 0xdf, 0xff, 0xf1, 0x00, 0x05, 0xff, 0xff,
    0x3f, 0xff, 0xf2, 0x00, 0x00, 0x00, 0x4d, 0xff,
    0xff, 0xa0, 0x00, 0x05, 0xff, 0xff, 0x3f, 0xff,
    0xfb, 0xaa, 0xaa, 0xcf, 0xff, 0xff, 0xfe, 0x10,
    0x00, 0x05, 0xff, 0xff, 0x3f, 0xff, 0xff, 0xff,
    0xff, 0xff, 0xff, 0xff, 0xe3, 0x00, 0x00, 0x05,
    0xff, 0xff, 0x3f, 0xff, 0xff, 0xff, 0xff, 0xff,
    0xff, 0xf9, 0x10, 0x00, 0x00, 0x05, 0xff, 0xff,
    0x3f, 0xff, 0xff, 0xff, 0xff, 0xed, 0xa6, 0x10,
    0x00, 0x00, 0x00, 0x05, 0xff, 0xff,

    /* U+042C "Ь" */
    0x2f, 0xff, 0xf2, 0x00, 0x00, 0x00, 0x00, 0x00,
    0x00, 0x00, 0x2f, 0xff, 0xf2, 0x00, 0x00, 0x00,
    0x00, 0x00, 0x00, 0x00, 0x2f, 0xff, 0xf2, 0x00,
    0x00, 0x00, 0x00, 0x00, 0x00, 0x00, 0x2f, 0xff,
    0xf2, 0x00, 0x00, 0x00, 0x00, 0x00, 0x00, 0x00,
    0x2f, 0xff, 0xf2, 0x00, 0x00, 0x00, 0x00, 0x00,
    0x00, 0x00, 0x2f, 0xff, 0xf2, 0x00, 0x00, 0x00,
    0x00, 0x00, 0x00, 0x00, 0x2f, 0xff, 0xf2, 0x00,
    0x00, 0x00, 0x00, 0x00, 0x00, 0x00, 0x2f, 0xff,
    0xf2, 0x00, 0x00, 0x00, 0x00, 0x00, 0x00, 0x00,
    0x2f, 0xff, 0xf2, 0x00, 0x00, 0x00, 0x00, 0x00,
    0x00, 0x00, 0x2f, 0xff, 0xf2, 0x00, 0x00, 0x00,
    0x00, 0x00, 0x00, 0x00, 0x2f, 0xff, 0xf2, 0x00,
    0x00, 0x00, 0x00, 0x00, 0x00, 0x00, 0x2f, 0xff,
    0xfb, 0xaa, 0xaa, 0x97, 0x51, 0x00, 0x00, 0x00,
    0x2f, 0xff, 0xff, 0xff, 0xff, 0xff, 0xff, 0xd6,
    0x00, 0x00, 0x2f, 0xff, 0xff, 0xff, 0xff, 0xff,
    0xff, 0xff, 0xc1, 0x00, 0x2f, 0xff, 0xff, 0xff,
    0xff, 0xff, 0xff, 0xff, 0xfe, 0x10, 0x2f, 0xff,
    0xf2, 0x00, 0x00, 0x14, 0x9f, 0xff, 0xff, 0xa0,
    0x2f, 0xff, 0xf2, 0x00, 0x00, 0x00, 0x02, 0xdf,
    0xff, 0xf2, 0x2f, 0xff, 0xf2, 0x00, 0x00, 0x00,
    0x00, 0x4f, 0xff, 0xf7, 0x2f, 0xff, 0xf2, 0x00,
    0x00, 0x00, 0x00, 0x0e, 0xff, 0xfa, 0x2f, 0xff,
    0xf2, 0x00, 0x00, 0x00, 0x00, 0x0b, 0xff, 0xfb,
    0x2f, 0xff, 0xf2, 0x00, 0x00, 0x00, 0x00, 0x0b,
    0xff, 0xfc, 0x2f, 0xff, 0xf2, 0x00, 0x00, 0x00,
    0x00, 0x0d, 0xff, 0xfa, 0x2f, 0xff, 0xf2, 0x00,
    0x00, 0x00, 0x00, 0x2f, 0xff, 0xf8, 0x2f, 0xff,
    0xf2, 0x00, 0x00, 0x00, 0x00, 0xbf, 0xff, 0xf3,
    0x2f, 0xff, 0xf2, 0x00, 0x00, 0x00, 0x3c, 0xff,
    0xff, 0xc0, 0x2f, 0xff, 0xfb, 0xaa, 0xaa, 0xbe,
    0xff, 0xff, 0xff, 0x20, 0x2f, 0xff, 0xff, 0xff,
    0xff, 0xff, 0xff, 0xff, 0xf4, 0x00, 0x2f, 0xff,
    0xff, 0xff, 0xff, 0xff, 0xff, 0xfa, 0x20, 0x00,
    0x2f, 0xff, 0xff, 0xff, 0xff, 0xfd, 0xa7, 0x20,
    0x00, 0x00,

    /* U+042D "Э" */
    0x00, 0x03, 0x7a, 0xde, 0xff, 0xfd, 0xb7, 0x20,
    0x00, 0x00, 0x00, 0x00, 0x8e, 0xff, 0xff, 0xff,
    0xff, 0xff, 0xff, 0xc3, 0x00, 0x00, 0x00, 0x0e,
    0xff, 0xff, 0xff, 0xff, 0xff, 0xff, 0xff, 0xf9,
    0x00, 0x00, 0x00, 0x8f, 0xff, 0xff, 0xdc, 0xcd,
    0xff, 0xff, 0xff, 0xfb, 0x00, 0x00, 0x02, 0xfc,
    0x73, 0x00, 0x00, 0x00, 0x4b, 0xff, 0xff, 0xfa,
    0x00, 0x00, 0x01, 0x00, 0x00, 0x00, 0x00, 0x00,
    0x05, 0xff, 0xff, 0xf6, 0x00, 0x00, 0x00, 0x00,
    0x00, 0x00, 0x00, 0x00, 0x03, 0xff, 0xff, 0xe0,
    0x00, 0x00, 0x00, 0x00, 0x00, 0x00, 0x00, 0x00,
    0x07, 0xff, 0xff, 0x60, 0x00, 0x00, 0x00, 0x00,
    0x00, 0x00, 0x00, 0x00, 0x0e, 0xff, 0xfc, 0x00,
    0x00, 0x00, 0x00, 0x00, 0x00, 0x00, 0x00, 0x00,
    0x8f, 0xff, 0xf1, 0x00, 0x00, 0x00, 0x00, 0x00,
    0x00, 0x00, 0x00, 0x03, 0xff, 0xff, 0x40, 0x00,
    0x00, 0x00, 0x00, 0x00, 0x00, 0x00, 0x00, 0x0f,
    0xff, 0xf7, 0x00, 0x00, 0x6f, 0xff, 0xff, 0xff,
    0xff, 0xff, 0xff, 0xff, 0xff, 0x90, 0x00, 0x06,
    0xff, 0xff, 0xff, 0xff, 0xff, 0xff, 0xff, 0xff,
    0xfa, 0x00, 0x00, 0x6f, 0xff, 0xff, 0xff, 0xff,
    0xff, 0xff, 0xff, 0xff, 0xa0, 0x00, 0x04, 0xbb,
    0xbb, 0xbb, 0xbb, 0xbb, 0xbb, 0xbf, 0xff, 0xf9,
    0x00, 0x00, 0x00, 0x00, 0x00, 0x00, 0x00, 0x00,
    0x00, 0xef, 0xff, 0x80, 0x00, 0x00, 0x00, 0x00,
    0x00, 0x00, 0x00, 0x00, 0x0f, 0xff, 0xf6, 0x00,
    0x00, 0x00, 0x00, 0x00, 0x00, 0x00, 0x00, 0x04,
    0xff, 0xff, 0x30, 0x00, 0x00, 0x00, 0x00, 0x00,
    0x00, 0x00, 0x00, 0x8f, 0xff, 0xf0, 0x00, 0x00,
    0x00, 0x00, 0x00, 0x00, 0x00, 0x00, 0x0e, 0xff,
    0xfb, 0x00, 0x00, 0x00, 0x00, 0x00, 0x00, 0x00,
    0x00, 0x07, 0xff, 0xff, 0x50, 0x00, 0x00, 0x00,
    0x00, 0x00, 0x00, 0x00, 0x03, 0xff, 0xff, 0xd0,
    0x00, 0x00, 0x00, 0x00, 0x00, 0x00, 0x00, 0x05,
    0xff, 0xff, 0xf5, 0x00, 0x0e, 0xb6, 0x20, 0x00,
    0x00, 0x01, 0x5c, 0xff, 0xff, 0xf9, 0x00, 0x00,
    0xef, 0xff, 0xfd, 0xcb, 0xce, 0xff, 0xff, 0xff,
    0xfb, 0x00, 0x00, 0x0e, 0xff, 0xff, 0xff, 0xff,
    0xff, 0xff, 0xff, 0xf8, 0x00, 0x00, 0x00, 0xbf,
    0xff, 0xff, 0xff, 0xff, 0xff, 0xff, 0xb3, 0x00,
    0x00, 0x00, 0x00, 0x16, 0x9c, 0xef, 0xff, 0xed,
    0xa6, 0x20, 0x00, 0x00, 0x00, 0x00,

    /* U+042E "Ю" */
    0x3f, 0xff, 0xf2, 0x00, 0x00, 0x00, 0x00, 0x00,
    0x03, 0x8b, 0xef, 0xff, 0xda, 0x61, 0x00, 0x00,
    0x00, 0x03, 0xff, 0xff, 0x20, 0x00, 0x00, 0x00,
    0x00, 0x4c, 0xff, 0xff, 0xff, 0xff, 0xff, 0xfa,
    0x10, 0x00, 0x00, 0x3f, 0xff, 0xf2, 0x00, 0x00,
    0x00, 0x00, 0x9f, 0xff, 0xff, 0xff, 0xff, 0xff,
    0xff, 0xfe, 0x40, 0x00, 0x03, 0xff, 0xff, 0x20,
    0x00, 0x00, 0x00, 0xaf, 0xff, 0xff, 0xfe, 0xcb,
    0xdf, 0xff, 0xff, 0xff, 0x40, 0x00, 0x3f, 0xff,
    0xf2, 0x00, 0x00, 0x00, 0x8f, 0xff, 0xff, 0x82,
    0x00, 0x00, 0x05, 0xdf, 0xff, 0xff, 0x20, 0x03,
    0xff, 0xff, 0x20, 0x00, 0x00, 0x3f, 0xff, 0xfe,
    0x30, 0x00, 0x00, 0x00, 0x00, 0x9f, 0xff, 0xfc,
    0x00, 0x3f, 0xff, 0xf2, 0x00, 0x00, 0x0b, 0xff,
    0xff, 0x30, 0x00, 0x00, 0x00, 0x00, 0x00, 0xbf,
    0xff, 0xf4, 0x03, 0xff, 0xff, 0x20, 0x00, 0x02,
    0xff, 0xff, 0x90, 0x00, 0x00, 0x00, 0x00, 0x00,
    0x01, 0xff, 0xff, 0xa0, 0x3f, 0xff, 0xf2, 0x00,
    0x00, 0x7f, 0xff, 0xf1, 0x00, 0x00, 0x00, 0x00,
    0x00, 0x00, 0x09, 0xff, 0xff, 0x03, 0xff, 0xff,
    0x20, 0x00, 0x0b, 0xff, 0xfc, 0x00, 0x00, 0x00,
    0x00, 0x00, 0x00, 0x00, 0x4f, 0xff, 0xf4, 0x3f,
    0xff, 0xf2, 0x00, 0x00, 0xef, 0xff, 0x80, 0x00,
    0x00, 0x00, 0x00, 0x00, 0x00, 0x00, 0xff, 0xff,
    0x73, 0xff, 0xff, 0x20, 0x00, 0x1f, 0xff, 0xf5,
    0x00, 0x00, 0x00, 0x00, 0x00, 0x00, 0x00, 0x0e,
    0xff, 0xf9, 0x3f, 0xff, 0xff, 0xff, 0xff, 0xff,
    0xff, 0x30, 0x00, 0x00, 0x00, 0x00, 0x00, 0x00,
    0x00, 0xcf, 0xff, 0xb3, 0xff, 0xff, 0xff, 0xff,
    0xff, 0xff, 0xf2, 0x00, 0x00, 0x00, 0x00, 0x00,
    0x00, 0x00, 0x0b, 0xff, 0xfc, 0x3f, 0xff, 0xff,
    0xff, 0xff, 0xff, 0xff, 0x20, 0x00, 0x00, 0x00,
    0x00, 0x00, 0x00, 0x00, 0xbf, 0xff, 0xc3, 0xff,
    0xff, 0xbb, 0xbb, 0xbf, 0xff, 0xf2, 0x00, 0x00,
    0x00, 0x00, 0x00, 0x00, 0x00, 0x0b, 0xff, 0xfc,
    0x3f, 0xff, 0xf2, 0x00, 0x02, 0xff, 0xff, 0x30,
    0x00, 0x00, 0x00, 0x00, 0x00, 0x00, 0x00, 0xcf,
    0xff, 0xb3, 0xff, 0xff, 0x20, 0x00, 0x0f, 0xff,
    0xf5, 0x00, 0x00, 0x00, 0x00, 0x00, 0x00, 0x00,
    0x0e, 0xff, 0xf9, 0x3f, 0xff, 0xf2, 0x00, 0x00,
    0xef, 0xff, 0x80, 0x00, 0x00, 0x00, 0x00, 0x00,
    0x00, 0x01, 0xff, 0xff, 0x73, 0xff, 0xff, 0x20,
    0x00, 0x0a, 0xff, 0xfc, 0x00, 0x00, 0x00, 0x00,
    0x00, 0x00, 0x00, 0x4f, 0xff, 0xf4, 0x3f, 0xff,
    0xf2, 0x00, 0x00, 0x6f, 0xff, 0xf1, 0x00, 0x00,
    0x00, 0x00, 0x00, 0x00, 0x0a, 0xff, 0xff, 0x03,
    0xff, 0xff, 0x20, 0x00, 0x01, 0xff, 0xff, 0x80,
    0x00, 0x00, 0x00, 0x00, 0x00, 0x02, 0xff, 0xff,
    0xa0, 0x3f, 0xff, 0xf2, 0x00, 0x00, 0x0a, 0xff,
    0xff, 0x30, 0x00, 0x00, 0x00, 0x00, 0x00, 0xbf,
    0xff, 0xf3, 0x03, 0xff, 0xff, 0x20, 0x00, 0x00,
    0x2f, 0xff, 0xfe, 0x20, 0x00, 0x00, 0x00, 0x00,
    0xaf, 0xff, 0xfb, 0x00, 0x3f, 0xff, 0xf2, 0x00,
    0x00, 0x00, 0x7f, 0xff, 0xff, 0x71, 0x00, 0x00,
    0x04, 0xdf, 0xff, 0xfe, 0x10, 0x03, 0xff, 0xff,
    0x20, 0x00, 0x00, 0x00, 0x9f, 0xff, 0xff, 0xfd,
    0xbb, 0xcf, 0xff, 0xff, 0xff, 0x40, 0x00, 0x3f,
    0xff, 0xf2, 0x00, 0x00, 0x00, 0x00, 0x8f, 0xff,
    0xff, 0xff, 0xff, 0xff, 0xff, 0xfe, 0x30, 0x00,
    0x03, 0xff, 0xff, 0x20, 0x00, 0x00, 0x00, 0x00,
    0x3c, 0xff, 0xff, 0xff, 0xff, 0xff, 0xf9, 0x10,
    0x00, 0x00, 0x3f, 0xff, 0xf2, 0x00, 0x00, 0x00,
    0x00, 0x00, 0x03, 0x8c, 0xef, 0xff, 0xda, 0x61,
    0x00, 0x00, 0x00, 0x00,

    /* U+042F "Я" */
    0x00, 0x00, 0x00, 0x04, 0x8c, 0xef, 0xff, 0xff,
    0xff, 0xff, 0xf3, 0x00, 0x00, 0x06, 0xef, 0xff,
    0xff, 0xff, 0xff, 0xff, 0xff, 0xf3, 0x00, 0x00,
    0xaf, 0xff, 0xff, 0xff, 0xff, 0xff, 0xff, 0xff,
    0xf3, 0x00, 0x09, 0xff, 0xff, 0xff, 0xdb, 0xaa,
    0xaa, 0xaf, 0xff, 0xf3, 0x00, 0x3f, 0xff, 0xff,
    0x81, 0x00, 0x00, 0x00, 0x1f, 0xff, 0xf3, 0x00,
    0xaf, 0xff, 0xf5, 0x00, 0x00, 0x00, 0x00, 0x1f,
    0xff, 0xf3, 0x00, 0xef, 0xff, 0xb0, 0x00, 0x00,
    0x00, 0x00, 0x1f, 0xff, 0xf3, 0x00, 0xff, 0xff,
    0x70, 0x00, 0x00, 0x00, 0x00, 0x1f, 0xff, 0xf3,
    0x01, 0xff, 0xff, 0x50, 0x00, 0x00, 0x00, 0x00,
    0x1f, 0xff, 0xf3, 0x00, 0xff, 0xff, 0x60, 0x00,
    0x00, 0x00, 0x00, 0x1f, 0xff, 0xf3, 0x00, 0xef,
    0xff, 0xa0, 0x00, 0x00, 0x00, 0x00, 0x1f, 0xff,
    0xf3, 0x00, 0xaf, 0xff, 0xf1, 0x00, 0x00, 0x00,
    0x00, 0x1f, 0xff, 0xf3, 0x00, 0x3f, 0xff, 0xfc,
    0x10, 0x00, 0x00, 0x00, 0x1f, 0xff, 0xf3, 0x00,
    0x0a, 0xff, 0xff, 0xf8, 0x31, 0x00, 0x00, 0x1f,
    0xff, 0xf3, 0x00, 0x00, 0xcf, 0xff, 0xff, 0xff,
    0xff, 0xff, 0xff, 0xff, 0xf3, 0x00, 0x00, 0x09,
    0xff, 0xff, 0xff, 0xff, 0xff, 0xff, 0xff, 0xf3,
    0x00, 0x00, 0x00, 0x29, 0xff, 0xff, 0xff, 0xff,
    0xff, 0xff, 0xf3, 0x00, 0x00, 0x00, 0x08, 0xff,
    0xff, 0xa9, 0x99, 0xaf, 0xff, 0xf3, 0x00, 0x00,
    0x00, 0x3f, 0xff, 0xfa, 0x00, 0x00, 0x1f, 0xff,
    0xf3, 0x00, 0x00, 0x00, 0xcf, 0xff, 0xe1, 0x00,
    0x00, 0x1f, 0xff, 0xf3, 0x00, 0x00, 0x07, 0xff,
    0xff, 0x50, 0x00, 0x00, 0x1f, 0xff, 0xf3, 0x00,
    0x00, 0x2f, 0xff, 0xfb, 0x00, 0x00, 0x00, 0x1f,
    0xff, 0xf3, 0x00, 0x00, 0xbf, 0xff, 0xf2, 0x00,
    0x00, 0x00, 0x1f, 0xff, 0xf3, 0x00, 0x06, 0xff,
    0xff, 0x70, 0x00, 0x00, 0x00, 0x1f, 0xff, 0xf3,
    0x00, 0x1f, 0xff, 0xfd, 0x00, 0x00, 0x00, 0x00,
    0x1f, 0xff, 0xf3, 0x00, 0xaf, 0xff, 0xf3, 0x00,
    0x00, 0x00, 0x00, 0x1f, 0xff, 0xf3, 0x05, 0xff,
    0xff, 0x90, 0x00, 0x00, 0x00, 0x00, 0x1f, 0xff,
    0xf3, 0x1e, 0xff, 0xfe, 0x00, 0x00, 0x00, 0x00,
    0x00, 0x1f, 0xff, 0xf3, 0x9f, 0xff, 0xf5, 0x00,
    0x00, 0x00, 0x00, 0x00, 0x1f, 0xff, 0xf3,

    /* U+0430 "а" */
    0x00, 0x00, 0x26, 0xad, 0xef, 0xff, 0xda, 0x40,
    0x00, 0x00, 0x05, 0xcf, 0xff, 0xff, 0xff, 0xff,
    0xff, 0xd2, 0x00, 0x00, 0x6f, 0xff, 0xff, 0xff,
    0xff, 0xff, 0xff, 0xe2, 0x00, 0x00, 0xef, 0xfc,
    0x96, 0x56, 0x8d, 0xff, 0xff, 0xb0, 0x00, 0x05,
    0x50, 0x00, 0x00, 0x00, 0x08, 0xff, 0xff, 0x20,
    0x00, 0x00, 0x00, 0x00, 0x00, 0x00, 0x0d, 0xff,
    0xf6, 0x00, 0x00, 0x00, 0x00, 0x00, 0x00, 0x00,
    0xaf, 0xff, 0x80, 0x00, 0x00, 0x00, 0x00, 0x00,
    0x00, 0x09, 0xff, 0xf9, 0x00, 0x00, 0x01, 0x69,
    0xbc, 0xdd, 0xdd, 0xff, 0xff, 0x90, 0x00, 0x2b,
    0xff, 0xff, 0xff, 0xff, 0xff, 0xff, 0xf9, 0x00,
    0x5f, 0xff, 0xff, 0xff, 0xff, 0xff, 0xff, 0xff,
    0x90, 0x3f, 0xff, 0xff, 0x94, 0x10, 0x00, 0x0a,
    0xff, 0xf9, 0x0b, 0xff, 0xff, 0x30, 0x00, 0x00,
    0x00, 0xaf, 0xff, 0x91, 0xff, 0xff, 0x70, 0x00,
    0x00, 0x00, 0x0a, 0xff, 0xf9, 0x3f, 0xff, 0xf2,
    0x00, 0x00, 0x00, 0x00, 0xcf, 0xff, 0x94, 0xff,
    0xff, 0x20, 0x00, 0x00, 0x00, 0x1f, 0xff, 0xf9,
    0x3f, 0xff, 0xf5, 0x00, 0x00, 0x00, 0x09, 0xff,
    0xff, 0x90, 0xff, 0xff, 0xd0, 0x00, 0x00, 0x08,
    0xff, 0xff, 0xf9, 0x0b, 0xff, 0xff, 0xe8, 0x55,
    0x8e, 0xff, 0xdf, 0xff, 0x90, 0x2f, 0xff, 0xff,
    0xff, 0xff, 0xff, 0xb1, 0xff, 0xf9, 0x00, 0x4f,
    0xff, 0xff, 0xff, 0xff, 0x80, 0x0c, 0xff, 0x90,
    0x00, 0x17, 0xce, 0xff, 0xd9, 0x20, 0x00, 0x9f,
    0xf9,

    /* U+0431 "б" */
    0x00, 0x00, 0x00, 0x00, 0x00, 0x00, 0x00, 0x00,
    0x13, 0x10, 0x00, 0x00, 0x00, 0x00, 0x00, 0x02,
    0x68, 0xbd, 0xff, 0xf7, 0x00, 0x00, 0x00, 0x00,
    0x04, 0xae, 0xff, 0xff, 0xff, 0xff, 0x90, 0x00,
    0x00, 0x00, 0x2c, 0xff, 0xff, 0xff, 0xff, 0xff,
    0xfa, 0x00, 0x00, 0x00, 0x6f, 0xff, 0xff, 0xff,
    0xff, 0xfe, 0xca, 0x60, 0x00, 0x00, 0x6f, 0xff,
    0xff, 0xfb, 0x74, 0x20, 0x00, 0x00, 0x00, 0x00,
    0x3f, 0xff, 0xfe, 0x60, 0x00, 0x00, 0x00, 0x00,
    0x00, 0x00, 0x0c, 0xff, 0xfc, 0x10, 0x00, 0x00,
    0x00, 0x00, 0x00, 0x00, 0x04, 0xff, 0xfe, 0x10,
    0x00, 0x00, 0x00, 0x00, 0x00, 0x00, 0x00, 0xbf,
    0xff, 0x50, 0x00, 0x00, 0x00, 0x00, 0x00, 0x00,
    0x00, 0x0f, 0xff, 0xe0, 0x00, 0x03, 0x56, 0x53,
    0x00, 0x00, 0x00, 0x04, 0xff, 0xf9, 0x02, 0xaf,
    0xff, 0xff, 0xfe, 0x81, 0x00, 0x00, 0x7f, 0xff,
    0x66, 0xff, 0xff, 0xff, 0xff, 0xff, 0xe3, 0x00,
    0x0a, 0xff, 0xf8, 0xff, 0xff, 0xff, 0xff, 0xff,
    0xff, 0xf2, 0x00, 0xcf, 0xff, 0xff, 0xf9, 0x30,
    0x01, 0x5d, 0xff, 0xff, 0xd0, 0x0d, 0xff, 0xff,
    0xf4, 0x00, 0x00, 0x00, 0x0b, 0xff, 0xff, 0x50,
    0xef, 0xff, 0xf7, 0x00, 0x00, 0x00, 0x00, 0x1f,
    0xff, 0xfb, 0x0e, 0xff, 0xff, 0x10, 0x00, 0x00,
    0x00, 0x00, 0x9f, 0xff, 0xf0, 0xff, 0xff, 0xc0,
    0x00, 0x00, 0x00, 0x00, 0x05, 0xff, 0xff, 0x2e,
    0xff, 0xfa, 0x00, 0x00, 0x00, 0x00, 0x00, 0x2f,
    0xff, 0xf4, 0xdf, 0xff, 0x90, 0x00, 0x00, 0x00,
    0x00, 0x01, 0xff, 0xff, 0x4c, 0xff, 0xf9, 0x00,
    0x00, 0x00, 0x00, 0x00, 0x1f, 0xff, 0xf4, 0xaf,
    0xff, 0xa0, 0x00, 0x00, 0x00, 0x00, 0x02, 0xff,
    0xff, 0x37, 0xff, 0xfc, 0x00, 0x00, 0x00, 0x00,
    0x00, 0x4f, 0xff, 0xf1, 0x3f, 0xff, 0xf0, 0x00,
    0x00, 0x00, 0x00, 0x08, 0xff, 0xfe, 0x00, 0xef,
    0xff, 0x60, 0x00, 0x00, 0x00, 0x00, 0xef, 0xff,
    0x90, 0x08, 0xff, 0xfe, 0x10, 0x00, 0x00, 0x00,
    0x7f, 0xff, 0xf3, 0x00, 0x1f, 0xff, 0xfd, 0x20,
    0x00, 0x00, 0x7f, 0xff, 0xfa, 0x00, 0x00, 0x6f,
    0xff, 0xff, 0xb8, 0x79, 0xdf, 0xff, 0xfe, 0x10,
    0x00, 0x00, 0x8f, 0xff, 0xff, 0xff, 0xff, 0xff,
    0xfe, 0x20, 0x00, 0x00, 0x00, 0x5e, 0xff, 0xff,
    0xff, 0xff, 0xfa, 0x10, 0x00, 0x00, 0x00, 0x00,
    0x06, 0xbe, 0xff, 0xec, 0x82, 0x00, 0x00, 0x00,

    /* U+0432 "в" */
    0xbf, 0xff, 0xff, 0xff, 0xff, 0xfd, 0xb7, 0x10,
    0x00, 0x0b, 0xff, 0xff, 0xff, 0xff, 0xff, 0xff,
    0xff, 0x80, 0x00, 0xbf, 0xff, 0xff, 0xff, 0xff,
    0xff, 0xff, 0xff, 0x90, 0x0b, 0xff, 0xfa, 0x44,
    0x44, 0x45, 0x9f, 0xff, 0xff, 0x20, 0xbf, 0xff,
    0x80, 0x00, 0x00, 0x00, 0x4f, 0xff, 0xf7, 0x0b,
    0xff, 0xf8, 0x00, 0x00, 0x00, 0x00, 0xdf, 0xff,
    0x80, 0xbf, 0xff, 0x80, 0x00, 0x00, 0x00, 0x0c,
    0xff, 0xf7, 0x0b, 0xff, 0xf8, 0x00, 0x00, 0x00,
    0x02, 0xff, 0xff, 0x30, 0xbf, 0xff, 0x80, 0x00,
    0x00, 0x27, 0xef, 0xff, 0x90, 0x0b, 0xff, 0xff,
    0xff, 0xff, 0xff, 0xff, 0xff, 0x70, 0x00, 0xbf,
    0xff, 0xff, 0xff, 0xff, 0xff, 0xfc, 0x30, 0x00,
    0x0b, 0xff, 0xff, 0xff, 0xff, 0xff, 0xff, 0xff,
    0xd3, 0x00, 0xbf, 0xff, 0x92, 0x22, 0x23, 0x48,
    0xef, 0xff, 0xf3, 0x0b, 0xff, 0xf8, 0x00, 0x00,
    0x00, 0x01, 0xdf, 0xff, 0xc0, 0xbf, 0xff, 0x80,
    0x00, 0x00, 0x00, 0x05, 0xff, 0xff, 0x1b, 0xff,
    0xf8, 0x00, 0x00, 0x00, 0x00, 0x3f, 0xff, 0xf3,
    0xbf, 0xff, 0x80, 0x00, 0x00, 0x00, 0x05, 0xff,
    0xff, 0x2b, 0xff, 0xf8, 0x00, 0x00, 0x00, 0x01,
    0xdf, 0xff, 0xe0, 0xbf, 0xff, 0xa4, 0x44, 0x44,
    0x69, 0xff, 0xff, 0xf8, 0x0b, 0xff, 0xff, 0xff,
    0xff, 0xff, 0xff, 0xff, 0xfc, 0x00, 0xbf, 0xff,
    0xff, 0xff, 0xff, 0xff, 0xff, 0xf9, 0x00, 0x0b,
    0xff, 0xff, 0xff, 0xff, 0xff, 0xeb, 0x72, 0x00,
    0x00,

    /* U+0433 "г" */
    0xaf, 0xff, 0xff, 0xff, 0xff, 0xff, 0xff, 0x2a,
    0xff, 0xff, 0xff, 0xff, 0xff, 0xff, 0xf2, 0xaf,
    0xff, 0xff, 0xff, 0xff, 0xff, 0xff, 0x2a, 0xff,
    0xfc, 0x77, 0x77, 0x77, 0x77, 0x71, 0xaf, 0xff,
    0x90, 0x00, 0x00, 0x00, 0x00, 0x0a, 0xff, 0xf9,
    0x00, 0x00, 0x00, 0x00, 0x00, 0xaf, 0xff, 0x90,
    0x00, 0x00, 0x00, 0x00, 0x0a, 0xff, 0xf9, 0x00,
    0x00, 0x00, 0x00, 0x00, 0xaf, 0xff, 0x90, 0x00,
    0x00, 0x00, 0x00, 0x0a, 0xff, 0xf9, 0x00, 0x00,
    0x00, 0x00, 0x00, 0xaf, 0xff, 0x90, 0x00, 0x00,
    0x00, 0x00, 0x0a, 0xff, 0xf9, 0x00, 0x00, 0x00,
    0x00, 0x00, 0xaf, 0xff, 0x90, 0x00, 0x00, 0x00,
    0x00, 0x0a, 0xff, 0xf9, 0x00, 0x00, 0x00, 0x00,
    0x00, 0xaf, 0xff, 0x90, 0x00, 0x00, 0x00, 0x00,
    0x0a, 0xff, 0xf9, 0x00, 0x00, 0x00, 0x00, 0x00,
    0xaf, 0xff, 0x90, 0x00, 0x00, 0x00, 0x00, 0x0a,
    0xff, 0xf9, 0x00, 0x00, 0x00, 0x00, 0x00, 0xaf,
    0xff, 0x90, 0x00, 0x00, 0x00, 0x00, 0x0a, 0xff,
    0xf9, 0x00, 0x00, 0x00, 0x00, 0x00, 0xaf, 0xff,
    0x90, 0x00, 0x00, 0x00, 0x00, 0x0a, 0xff, 0xf9,
    0x00, 0x00, 0x00, 0x00, 0x00,

    /* U+0434 "д" */
    0x00, 0x00, 0x01, 0xff, 0xff, 0xff, 0xff, 0xff,
    0xff, 0xff, 0xf0, 0x00, 0x00, 0x00, 0x00, 0x1f,
    0xff, 0xff, 0xff, 0xff, 0xff, 0xff, 0xff, 0x00,
    0x00, 0x00, 0x00, 0x02, 0xff, 0xff, 0xff, 0xff,
    0xff, 0xff, 0xff, 0xf0, 0x00, 0x00, 0x00, 0x00,
    0x3f, 0xff, 0xc7, 0x77, 0x77, 0x78, 0xff, 0xff,
    0x00, 0x00, 0x00, 0x00, 0x03, 0xff, 0xf9, 0x00,
    0x00, 0x00, 0x2f, 0xff, 0xf0, 0x00, 0x00, 0x00,
    0x00, 0x4f, 0xff, 0x80, 0x00, 0x00, 0x02, 0xff,
    0xff, 0x00, 0x00, 0x00, 0x00, 0x05, 0xff, 0xf7,
    0x00, 0x00, 0x00, 0x2f, 0xff, 0xf0, 0x00, 0x00,
    0x00, 0x00, 0x6f, 0xff, 0x60, 0x00, 0x00, 0x02,
    0xff, 0xff, 0x00, 0x00, 0x00, 0x00, 0x07, 0xff,
    0xf5, 0x00, 0x00, 0x00, 0x2f, 0xff, 0xf0, 0x00,
    0x00, 0x00, 0x00, 0x8f, 0xff, 0x40, 0x00, 0x00,
    0x02, 0xff, 0xff, 0x00, 0x00, 0x00, 0x00, 0x0a,
    0xff, 0xf3, 0x00, 0x00, 0x00, 0x2f, 0xff, 0xf0,
    0x00, 0x00, 0x00, 0x00, 0xbf, 0xff, 0x10, 0x00,
    0x00, 0x02, 0xff, 0xff, 0x00, 0x00, 0x00, 0x00,
    0x0d, 0xff, 0xf0, 0x00, 0x00, 0x00, 0x2f, 0xff,
    0xf0, 0x00, 0x00, 0x00, 0x00, 0xff, 0xfd, 0x00,
    0x00, 0x00, 0x02, 0xff, 0xff, 0x00, 0x00, 0x00,
    0x00, 0x4f, 0xff, 0x90, 0x00, 0x00, 0x00, 0x2f,
    0xff, 0xf0, 0x00, 0x00, 0x00, 0x0a, 0xff, 0xf5,
    0x00, 0x00, 0x00, 0x02, 0xff, 0xff, 0x00, 0x00,
    0x00, 0x01, 0xff, 0xff, 0x00, 0x00, 0x00, 0x00,
    0x2f, 0xff, 0xf0, 0x00, 0x00, 0x00, 0x9f, 0xff,
    0x90, 0x00, 0x00, 0x00, 0x02, 0xff, 0xff, 0x00,
    0x00, 0x47, 0x8f, 0xff, 0xf9, 0x77, 0x77, 0x77,
    0x77, 0x8f, 0xff, 0xf7, 0x77, 0x1a, 0xff, 0xff,
    0xff, 0xff, 0xff, 0xff, 0xff, 0xff, 0xff, 0xff,
    0xff, 0xf3, 0xaf, 0xff, 0xff, 0xff, 0xff, 0xff,
    0xff, 0xff, 0xff, 0xff, 0xff, 0xff, 0x3a, 0xff,
    0xff, 0xff, 0xff, 0xff, 0xff, 0xff, 0xff, 0xff,
    0xff, 0xff, 0xf3, 0xaf, 0xff, 0x50, 0x00, 0x00,
    0x00, 0x00, 0x00, 0x00, 0x00, 0xcf, 0xff, 0x3a,
    0xff, 0xf5, 0x00, 0x00, 0x00, 0x00, 0x00, 0x00,
    0x00, 0x0c, 0xff, 0xf3, 0xaf, 0xff, 0x50, 0x00,
    0x00, 0x00, 0x00, 0x00, 0x00, 0x00, 0xcf, 0xff,
    0x3a, 0xff, 0xf5, 0x00, 0x00, 0x00, 0x00, 0x00,
    0x00, 0x00, 0x0c, 0xff, 0xf3, 0xaf, 0xff, 0x50,
    0x00, 0x00, 0x00, 0x00, 0x00, 0x00, 0x00, 0xcf,
    0xff, 0x36, 0x99, 0x93, 0x00, 0x00, 0x00, 0x00,
    0x00, 0x00, 0x00, 0x07, 0x99, 0x92,

    /* U+0435 "е" */
    0x00, 0x00, 0x00, 0x28, 0xcf, 0xff, 0xda, 0x40,
    0x00, 0x00, 0x00, 0x00, 0x1a, 0xff, 0xff, 0xff,
    0xff, 0xfc, 0x20, 0x00, 0x00, 0x02, 0xef, 0xff,
    0xff, 0xff, 0xff, 0xff, 0xf3, 0x00, 0x00, 0x0d,
    0xff, 0xff, 0xa6, 0x45, 0x9f, 0xff, 0xfe, 0x10,
    0x00, 0x9f, 0xff, 0xf4, 0x00, 0x00, 0x03, 0xef,
    0xff, 0x90, 0x01, 0xff, 0xff, 0x50, 0x00, 0x00,
    0x00, 0x5f, 0xff, 0xf1, 0x07, 0xff, 0xfd, 0x00,
    0x00, 0x00, 0x00, 0x0e, 0xff, 0xf5, 0x0c, 0xff,
    0xf9, 0x00, 0x00, 0x00, 0x00, 0x0b, 0xff, 0xf8,
    0x0f, 0xff, 0xf8, 0x33, 0x33, 0x33, 0x33, 0x3b,
    0xff, 0xfa, 0x1f, 0xff, 0xff, 0xff, 0xff, 0xff,
    0xff, 0xff, 0xff, 0xfb, 0x2f, 0xff, 0xff, 0xff,
    0xff, 0xff, 0xff, 0xff, 0xff, 0xfb, 0x2f, 0xff,
    0xff, 0xff, 0xff, 0xff, 0xff, 0xff, 0xff, 0xfb,
    0x1f, 0xff, 0xf4, 0x00, 0x00, 0x00, 0x00, 0x00,
    0x00, 0x00, 0x0f, 0xff, 0xf6, 0x00, 0x00, 0x00,
    0x00, 0x00, 0x00, 0x00, 0x0c, 0xff, 0xfa, 0x00,
    0x00, 0x00, 0x00, 0x00, 0x00, 0x00, 0x08, 0xff,
    0xff, 0x10, 0x00, 0x00, 0x00, 0x00, 0x00, 0x00,
    0x02, 0xff, 0xff, 0xb0, 0x00, 0x00, 0x00, 0x00,
    0x00, 0x00, 0x00, 0x9f, 0xff, 0xfc, 0x20, 0x00,
    0x00, 0x00, 0x38, 0x90, 0x00, 0x0d, 0xff, 0xff,
    0xfc, 0x98, 0x89, 0xbe, 0xff, 0xb0, 0x00, 0x01,
    0xdf, 0xff, 0xff, 0xff, 0xff, 0xff, 0xff, 0xb0,
    0x00, 0x00, 0x08, 0xff, 0xff, 0xff, 0xff, 0xff,
    0xff, 0x70, 0x00, 0x00, 0x00, 0x16, 0xbd, 0xff,
    0xfe, 0xc9, 0x50, 0x00,

    /* U+0436 "ж" */
    0x0c, 0xff, 0xf9, 0x00, 0x00, 0x00, 0x03, 0xff,
    0xfd, 0x00, 0x00, 0x00, 0x01, 0xef, 0xff, 0x60,
    0x02, 0xff, 0xff, 0x40, 0x00, 0x00, 0x03, 0xff,
    0xfd, 0x00, 0x00, 0x00, 0x0a, 0xff, 0xfb, 0x00,
    0x00, 0x7f, 0xff, 0xd0, 0x00, 0x00, 0x03, 0xff,
    0xfd, 0x00, 0x00, 0x00, 0x4f, 0xff, 0xf1, 0x00,
    0x00, 0x0c, 0xff, 0xf9, 0x00, 0x00, 0x03, 0xff,
    0xfd, 0x00, 0x00, 0x00, 0xef, 0xff, 0x60, 0x00,
    0x00, 0x02, 0xff, 0xff, 0x30, 0x00, 0x03, 0xff,
    0xfd, 0x00, 0x00, 0x09, 0xff, 0xfb, 0x00, 0x00,
    0x00, 0x00, 0x7f, 0xff, 0xd0, 0x00, 0x03, 0xff,
    0xfd, 0x00, 0x00, 0x4f, 0xff, 0xf1, 0x00, 0x00,
    0x00, 0x00, 0x0c, 0xff, 0xf8, 0x00, 0x03, 0xff,
    0xfd, 0x00, 0x00, 0xdf, 0xff, 0x60, 0x00, 0x00,
    0x00, 0x00, 0x02, 0xff, 0xff, 0x30, 0x03, 0xff,
    0xfd, 0x00, 0x09, 0xff, 0xfb, 0x00, 0x00, 0x00,
    0x00, 0x00, 0x00, 0x7f, 0xff, 0xd0, 0x03, 0xff,
    0xfd, 0x00, 0x3f, 0xff, 0xf1, 0x00, 0x00, 0x00,
    0x00, 0x00, 0x00, 0x0c, 0xff, 0xff, 0xff, 0xff,
    0xff, 0xff, 0xff, 0xff, 0x60, 0x00, 0x00, 0x00,
    0x00, 0x00, 0x00, 0x05, 0xff, 0xff, 0xff, 0xff,
    0xff, 0xff, 0xff, 0xfe, 0x00, 0x00, 0x00, 0x00,
    0x00, 0x00, 0x00, 0x0c, 0xff, 0xff, 0xff, 0xff,
    0xff, 0xff, 0xff, 0xff, 0x70, 0x00, 0x00, 0x00,
    0x00, 0x00, 0x00, 0x7f, 0xff, 0xf7, 0x68, 0xff,
    0xfe, 0x66, 0xaf, 0xff, 0xf2, 0x00, 0x00, 0x00,
    0x00, 0x00, 0x02, 0xff, 0xff, 0x80, 0x03, 0xff,
    0xfd, 0x00, 0x0d, 0xff, 0xfb, 0x00, 0x00, 0x00,
    0x00, 0x00, 0x0c, 0xff, 0xfd, 0x00, 0x03, 0xff,
    0xfd, 0x00, 0x04, 0xff, 0xff, 0x60, 0x00, 0x00,
    0x00, 0x00, 0x7f, 0xff, 0xf3, 0x00, 0x03, 0xff,
    0xfd, 0x00, 0x00, 0xaf, 0xff, 0xf1, 0x00, 0x00,
    0x00, 0x02, 0xff, 0xff, 0x90, 0x00, 0x03, 0xff,
    0xfd, 0x00, 0x00, 0x1e, 0xff, 0xfb, 0x00, 0x00,
    0x00, 0x0c, 0xff, 0xfe, 0x00, 0x00, 0x03, 0xff,
    0xfd, 0x00, 0x00, 0x05, 0xff, 0xff, 0x50, 0x00,
    0x00, 0x6f, 0xff, 0xf5, 0x00, 0x00, 0x03, 0xff,
    0xfd, 0x00, 0x00, 0x00, 0xbf, 0xff, 0xe1, 0x00,
    0x01, 0xff, 0xff, 0xa0, 0x00, 0x00, 0x03, 0xff,
    0xfd, 0x00, 0x00, 0x00, 0x1f, 0xff, 0xfa, 0x00,
    0x0b, 0xff, 0xff, 0x10, 0x00, 0x00, 0x03, 0xff,
    0xfd, 0x00, 0x00, 0x00, 0x07, 0xff, 0xff, 0x50,
    0x6f, 0xff, 0xf6, 0x00, 0x00, 0x00, 0x03, 0xff,
    0xfd, 0x00, 0x00, 0x00, 0x00, 0xcf, 0xff, 0xe1,

    /* U+0437 "з" */
    0x00, 0x37, 0xbd, 0xff, 0xff, 0xda, 0x50, 0x00,
    0x00, 0x3e, 0xff, 0xff, 0xff, 0xff, 0xff, 0xfe,
    0x50, 0x00, 0x1f, 0xff, 0xff, 0xff, 0xff, 0xff,
    0xff, 0xf5, 0x00, 0x0a, 0xff, 0xb8, 0x65, 0x67,
    0xbf, 0xff, 0xff, 0x00, 0x03, 0x50, 0x00, 0x00,
    0x00, 0x06, 0xff, 0xff, 0x40, 0x00, 0x00, 0x00,
    0x00, 0x00, 0x00, 0xef, 0xff, 0x60, 0x00, 0x00,
    0x00, 0x00, 0x00, 0x00, 0xef, 0xff, 0x40, 0x00,
    0x00, 0x00, 0x00, 0x00, 0x06, 0xff, 0xfe, 0x00,
    0x00, 0x01, 0x33, 0x33, 0x46, 0xbf, 0xff, 0xf4,
    0x00, 0x00, 0x06, 0xff, 0xff, 0xff, 0xff, 0xfb,
    0x20, 0x00, 0x00, 0x06, 0xff, 0xff, 0xff, 0xff,
    0xa4, 0x00, 0x00, 0x00, 0x06, 0xff, 0xff, 0xff,
    0xff, 0xff, 0xc2, 0x00, 0x00, 0x00, 0x00, 0x00,
    0x02, 0x6d, 0xff, 0xfe, 0x10, 0x00, 0x00, 0x00,
    0x00, 0x00, 0x00, 0xdf, 0xff, 0xa0, 0x00, 0x00,
    0x00, 0x00, 0x00, 0x00, 0x6f, 0xff, 0xf0, 0x00,
    0x00, 0x00, 0x00, 0x00, 0x00, 0x4f, 0xff, 0xf0,
    0x00, 0x00, 0x00, 0x00, 0x00, 0x00, 0x8f, 0xff,
    0xf0, 0x66, 0x10, 0x00, 0x00, 0x00, 0x05, 0xff,
    0xff, 0xb0, 0x9f, 0xfd, 0xa8, 0x66, 0x79, 0xdf,
    0xff, 0xff, 0x40, 0x9f, 0xff, 0xff, 0xff, 0xff,
    0xff, 0xff, 0xf8, 0x00, 0x8f, 0xff, 0xff, 0xff,
    0xff, 0xff, 0xfe, 0x50, 0x00, 0x02, 0x6a, 0xce,
    0xff, 0xfe, 0xc9, 0x50, 0x00, 0x00,

    /* U+0438 "и" */
    0xaf, 0xff, 0x80, 0x00, 0x00, 0x00, 0x03, 0xff,
    0xff, 0xf2, 0xaf, 0xff, 0x80, 0x00, 0x00, 0x00,
    0x0c, 0xff, 0xff, 0xf2, 0xaf, 0xff, 0x80, 0x00,
    0x00, 0x00, 0x5f, 0xff, 0xff, 0xf2, 0xaf, 0xff,
    0x80, 0x00, 0x00, 0x00, 0xef, 0xff, 0xff, 0xf2,
    0xaf, 0xff, 0x80, 0x00, 0x00, 0x07, 0xff, 0xff,
    0xff, 0xf2, 0xaf, 0xff, 0x80, 0x00, 0x00, 0x1f,
    0xff, 0xdd, 0xff, 0xf2, 0xaf, 0xff, 0x80, 0x00,
    0x00, 0x9f, 0xff, 0x4e, 0xff, 0xf2, 0xaf, 0xff,
    0x80, 0x00, 0x03, 0xff, 0xfb, 0x0f, 0xff, 0xf2,
    0xaf, 0xff, 0x80, 0x00, 0x0b, 0xff, 0xf2, 0x0f,
    0xff, 0xf2, 0xaf, 0xff, 0x80, 0x00, 0x4f, 0xff,
    0x80, 0x0f, 0xff, 0xf2, 0xaf, 0xff, 0x80, 0x00,
    0xdf, 0xfe, 0x10, 0x0f, 0xff, 0xf2, 0xaf, 0xff,
    0x80, 0x06, 0xff, 0xf6, 0x00, 0x0f, 0xff, 0xf2,
    0xaf, 0xff, 0x80, 0x1e, 0xff, 0xd0, 0x00, 0x0f,
    0xff, 0xf2, 0xaf, 0xff, 0x70, 0x8f, 0xff, 0x40,
    0x00, 0x0f, 0xff, 0xf2, 0xaf, 0xff, 0x62, 0xff,
    0xfb, 0x00, 0x00, 0x0f, 0xff, 0xf2, 0xaf, 0xff,
    0x5a, 0xff, 0xf2, 0x00, 0x00, 0x0f, 0xff, 0xf2,
    0xaf, 0xff, 0x8f, 0xff, 0x90, 0x00, 0x00, 0x0f,
    0xff, 0xf2, 0xaf, 0xff, 0xff, 0xfe, 0x10, 0x00,
    0x00, 0x0f, 0xff, 0xf2, 0xaf, 0xff, 0xff, 0xf6,
    0x00, 0x00, 0x00, 0x0f, 0xff, 0xf2, 0xaf, 0xff,
    0xff, 0xd0, 0x00, 0x00, 0x00, 0x0f, 0xff, 0xf2,
    0xaf, 0xff, 0xff, 0x40, 0x00, 0x00, 0x00, 0x0f,
    0xff, 0xf2, 0xaf, 0xff, 0xfb, 0x00, 0x00, 0x00,
    0x00, 0x0f, 0xff, 0xf2,

    /* U+0439 "й" */
    0x00, 0x0c, 0xff, 0xf0, 0x00, 0x00, 0x7f, 0xff,
    0x50, 0x00, 0x00, 0x09, 0xff, 0xf4, 0x00, 0x00,
    0xcf, 0xff, 0x10, 0x00, 0x00, 0x02, 0xff, 0xfe,
    0x40, 0x19, 0xff, 0xfa, 0x00, 0x00, 0x00, 0x00,
    0x8f, 0xff, 0xff, 0xff, 0xff, 0xe2, 0x00, 0x00,
    0x00, 0x00, 0x08, 0xff, 0xff, 0xff, 0xfd, 0x20,
    0x00, 0x00, 0x00, 0x00, 0x00, 0x16, 0x9a, 0xa8,
    0x40, 0x00, 0x00, 0x00, 0x00, 0x00, 0x00, 0x00,
    0x00, 0x00, 0x00, 0x00, 0x00, 0x00, 0x00, 0x00,
    0x00, 0x00, 0x00, 0x00, 0x00, 0x00, 0x00, 0x00,
    0xaf, 0xff, 0x80, 0x00, 0x00, 0x00, 0x03, 0xff,
    0xff, 0xf2, 0xaf, 0xff, 0x80, 0x00, 0x00, 0x00,
    0x0c, 0xff, 0xff, 0xf2, 0xaf, 0xff, 0x80, 0x00,
    0x00, 0x00, 0x5f, 0xff, 0xff, 0xf2, 0xaf, 0xff,
    0x80, 0x00, 0x00, 0x00, 0xef, 0xff, 0xff, 0xf2,
    0xaf, 0xff, 0x80, 0x00, 0x00, 0x07, 0xff, 0xff,
    0xff, 0xf2, 0xaf, 0xff, 0x80, 0x00, 0x00, 0x1f,
    0xff, 0xdd, 0xff, 0xf2, 0xaf, 0xff, 0x80, 0x00,
    0x00, 0x9f, 0xff, 0x4e, 0xff, 0xf2, 0xaf, 0xff,
    0x80, 0x00, 0x03, 0xff, 0xfb, 0x0f, 0xff, 0xf2,
    0xaf, 0xff, 0x80, 0x00, 0x0b, 0xff, 0xf2, 0x0f,
    0xff, 0xf2, 0xaf, 0xff, 0x80, 0x00, 0x4f, 0xff,
    0x80, 0x0f, 0xff, 0xf2, 0xaf, 0xff, 0x80, 0x00,
    0xdf, 0xfe, 0x10, 0x0f, 0xff, 0xf2, 0xaf, 0xff,
    0x80, 0x06, 0xff, 0xf6, 0x00, 0x0f, 0xff, 0xf2,
    0xaf, 0xff, 0x80, 0x1e, 0xff, 0xd0, 0x00, 0x0f,
    0xff, 0xf2, 0xaf, 0xff, 0x70, 0x8f, 0xff, 0x40,
    0x00, 0x0f, 0xff, 0xf2, 0xaf, 0xff, 0x62, 0xff,
    0xfb, 0x00, 0x00, 0x0f, 0xff, 0xf2, 0xaf, 0xff,
    0x5a, 0xff, 0xf2, 0x00, 0x00, 0x0f, 0xff, 0xf2,
    0xaf, 0xff, 0x8f, 0xff, 0x90, 0x00, 0x00, 0x0f,
    0xff, 0xf2, 0xaf, 0xff, 0xff, 0xfe, 0x10, 0x00,
    0x00, 0x0f, 0xff, 0xf2, 0xaf, 0xff, 0xff, 0xf6,
    0x00, 0x00, 0x00, 0x0f, 0xff, 0xf2, 0xaf, 0xff,
    0xff, 0xd0, 0x00, 0x00, 0x00, 0x0f, 0xff, 0xf2,
    0xaf, 0xff, 0xff, 0x40, 0x00, 0x00, 0x00, 0x0f,
    0xff, 0xf2, 0xaf, 0xff, 0xfb, 0x00, 0x00, 0x00,
    0x00, 0x0f, 0xff, 0xf2,

    /* U+043A "к" */
    0xaf, 0xff, 0x90, 0x00, 0x00, 0x00, 0x05, 0xff,
    0xff, 0x1a, 0xff, 0xf9, 0x00, 0x00, 0x00, 0x01,
    0xef, 0xff, 0x50, 0xaf, 0xff, 0x90, 0x00, 0x00,
    0x00, 0xbf, 0xff, 0xa0, 0x0a, 0xff, 0xf9, 0x00,
    0x00, 0x00, 0x6f, 0xff, 0xe1, 0x00, 0xaf, 0xff,
    0x90, 0x00, 0x00, 0x2f, 0xff, 0xf4, 0x00, 0x0a,
    0xff, 0xf9, 0x00, 0x00, 0x0c, 0xff, 0xf9, 0x00,
    0x00, 0xaf, 0xff, 0x90, 0x00, 0x07, 0xff, 0xfd,
    0x00, 0x00, 0x0a, 0xff, 0xf9, 0x00, 0x03, 0xff,
    0xff, 0x30, 0x00, 0x00, 0xaf, 0xff, 0x90, 0x00,
    0xdf, 0xff, 0x80, 0x00, 0x00, 0x0a, 0xff, 0xff,
    0xff, 0xff, 0xff, 0xc0, 0x00, 0x00, 0x00, 0xaf,
    0xff, 0xff, 0xff, 0xff, 0xf5, 0x00, 0x00, 0x00,
    0x0a, 0xff, 0xff, 0xff, 0xff, 0xff, 0xd0, 0x00,
    0x00, 0x00, 0xaf, 0xff, 0xc7, 0x78, 0xff, 0xff,
    0x90, 0x00, 0x00, 0x0a, 0xff, 0xf9, 0x00, 0x08,
    0xff, 0xff, 0x40, 0x00, 0x00, 0xaf, 0xff, 0x90,
    0x00, 0x0d, 0xff, 0xfd, 0x00, 0x00, 0x0a, 0xff,
    0xf9, 0x00, 0x00, 0x3f, 0xff, 0xf9, 0x00, 0x00,
    0xaf, 0xff, 0x90, 0x00, 0x00, 0x8f, 0xff, 0xf4,
    0x00, 0x0a, 0xff, 0xf9, 0x00, 0x00, 0x00, 0xdf,
    0xff, 0xe0, 0x00, 0xaf, 0xff, 0x90, 0x00, 0x00,
    0x03, 0xff, 0xff, 0x90, 0x0a, 0xff, 0xf9, 0x00,
    0x00, 0x00, 0x08, 0xff, 0xff, 0x40, 0xaf, 0xff,
    0x90, 0x00, 0x00, 0x00, 0x0d, 0xff, 0xfe, 0x0a,
    0xff, 0xf9, 0x00, 0x00, 0x00, 0x00, 0x3f, 0xff,
    0xf9,

    /* U+043B "л" */
    0x00, 0x00, 0x09, 0xff, 0xff, 0xff, 0xff, 0xff,
    0xff, 0xff, 0xa0, 0x00, 0x00, 0xaf, 0xff, 0xff,
    0xff, 0xff, 0xff, 0xff, 0xfa, 0x00, 0x00, 0x0b,
    0xff, 0xff, 0xff, 0xff, 0xff, 0xff, 0xff, 0xa0,
    0x00, 0x00, 0xcf, 0xff, 0x87, 0x77, 0x77, 0x7c,
    0xff, 0xfa, 0x00, 0x00, 0x0d, 0xff, 0xf0, 0x00,
    0x00, 0x00, 0x9f, 0xff, 0xa0, 0x00, 0x00, 0xef,
    0xff, 0x00, 0x00, 0x00, 0x09, 0xff, 0xfa, 0x00,
    0x00, 0x0f, 0xff, 0xe0, 0x00, 0x00, 0x00, 0x9f,
    0xff, 0xa0, 0x00, 0x00, 0xff, 0xfd, 0x00, 0x00,
    0x00, 0x09, 0xff, 0xfa, 0x00, 0x00, 0x0f, 0xff,
    0xc0, 0x00, 0x00, 0x00, 0x9f, 0xff, 0xa0, 0x00,
    0x01, 0xff, 0xfb, 0x00, 0x00, 0x00, 0x09, 0xff,
    0xfa, 0x00, 0x00, 0x2f, 0xff, 0xa0, 0x00, 0x00,
    0x00, 0x9f, 0xff, 0xa0, 0x00, 0x04, 0xff, 0xf9,
    0x00, 0x00, 0x00, 0x09, 0xff, 0xfa, 0x00, 0x00,
    0x5f, 0xff, 0x80, 0x00, 0x00, 0x00, 0x9f, 0xff,
    0xa0, 0x00, 0x06, 0xff, 0xf6, 0x00, 0x00, 0x00,
    0x09, 0xff, 0xfa, 0x00, 0x00, 0x8f, 0xff, 0x50,
    0x00, 0x00, 0x00, 0x9f, 0xff, 0xa0, 0x00, 0x0a,
    0xff, 0xf3, 0x00, 0x00, 0x00, 0x09, 0xff, 0xfa,
    0x00, 0x00, 0xef, 0xff, 0x00, 0x00, 0x00, 0x00,
    0x9f, 0xff, 0xa0, 0x00, 0x8f, 0xff, 0xc0, 0x00,
    0x00, 0x00, 0x09, 0xff, 0xfa, 0xcc, 0xef, 0xff,
    0xf7, 0x00, 0x00, 0x00, 0x00, 0x9f, 0xff, 0xaf,
    0xff, 0xff, 0xff, 0x10, 0x00, 0x00, 0x00, 0x09,
    0xff, 0xfa, 0xff, 0xff, 0xff, 0x50, 0x00, 0x00,
    0x00, 0x00, 0x9f, 0xff, 0xae, 0xff, 0xea, 0x30,
    0x00, 0x00, 0x00, 0x00, 0x09, 0xff, 0xfa,

    /* U+043C "м" */
    0xaf, 0xff, 0xff, 0x60, 0x00, 0x00, 0x00, 0x00,
    0x00, 0x0b, 0xff, 0xff, 0xf3, 0xaf, 0xff, 0xff,
    0xc0, 0x00, 0x00, 0x00, 0x00, 0x00, 0x1f, 0xff,
    0xff, 0xf3, 0xaf, 0xff, 0xff, 0xf2, 0x00, 0x00,
    0x00, 0x00, 0x00, 0x8f, 0xff, 0xff, 0xf3, 0xaf,
    0xff, 0xff, 0xf9, 0x00, 0x00, 0x00, 0x00, 0x00,
    0xef, 0xff, 0xff, 0xf3, 0xaf, 0xff, 0xef, 0xfe,
    0x00, 0x00, 0x00, 0x00, 0x04, 0xff, 0xfe, 0xff,
    0xf3, 0xaf, 0xff, 0x9f, 0xff, 0x50, 0x00, 0x00,
    0x00, 0x0b, 0xff, 0xea, 0xff, 0xf3, 0xaf, 0xff,
    0x4f, 0xff, 0xb0, 0x00, 0x00, 0x00, 0x1f, 0xff,
    0x8b, 0xff, 0xf3, 0xaf, 0xff, 0x4a, 0xff, 0xf2,
    0x00, 0x00, 0x00, 0x7f, 0xff, 0x2b, 0xff, 0xf3,
    0xaf, 0xff, 0x43, 0xff, 0xf8, 0x00, 0x00, 0x00,
    0xef, 0xfb, 0x0c, 0xff, 0xf3, 0xaf, 0xff, 0x40,
    0xdf, 0xfe, 0x00, 0x00, 0x04, 0xff, 0xf5, 0x0c,
    0xff, 0xf3, 0xaf, 0xff, 0x40, 0x7f, 0xff, 0x40,
    0x00, 0x0a, 0xff, 0xe0, 0x0c, 0xff, 0xf3, 0xaf,
    0xff, 0x40, 0x1f, 0xff, 0xa0, 0x00, 0x1f, 0xff,
    0x80, 0x0c, 0xff, 0xf3, 0xaf, 0xff, 0x40, 0x0a,
    0xff, 0xf1, 0x00, 0x7f, 0xff, 0x20, 0x0c, 0xff,
    0xf3, 0xaf, 0xff, 0x40, 0x04, 0xff, 0xf7, 0x00,
    0xdf, 0xfc, 0x00, 0x0c, 0xff, 0xf3, 0xaf, 0xff,
    0x40, 0x00, 0xef, 0xfd, 0x04, 0xff, 0xf5, 0x00,
    0x0c, 0xff, 0xf3, 0xaf, 0xff, 0x40, 0x00, 0x7f,
    0xff, 0x3a, 0xff, 0xe0, 0x00, 0x0c, 0xff, 0xf3,
    0xaf, 0xff, 0x40, 0x00, 0x1f, 0xff, 0xbf, 0xff,
    0x80, 0x00, 0x0c, 0xff, 0xf3, 0xaf, 0xff, 0x40,
    0x00, 0x0b, 0xff, 0xff, 0xff, 0x20, 0x00, 0x0c,
    0xff, 0xf3, 0xaf, 0xff, 0x40, 0x00, 0x05, 0xff,
    0xff, 0xfc, 0x00, 0x00, 0x0c, 0xff, 0xf3, 0xaf,
    0xff, 0x40, 0x00, 0x00, 0xef, 0xff, 0xf5, 0x00,
    0x00, 0x0c, 0xff, 0xf3, 0xaf, 0xff, 0x40, 0x00,
    0x00, 0x8f, 0xff, 0xe0, 0x00, 0x00, 0x0c, 0xff,
    0xf3, 0xaf, 0xff, 0x40, 0x00, 0x00, 0x2f, 0xff,
    0x80, 0x00, 0x00, 0x0c, 0xff, 0xf3,

    /* U+043D "н" */
    0xaf, 0xff, 0x90, 0x00, 0x00, 0x00, 0x00, 0x8f,
    0xff, 0xba, 0xff, 0xf9, 0x00, 0x00, 0x00, 0x00,
    0x08, 0xff, 0xfb, 0xaf, 0xff, 0x90, 0x00, 0x00,
    0x00, 0x00, 0x8f, 0xff, 0xba, 0xff, 0xf9, 0x00,
    0x00, 0x00, 0x00, 0x08, 0xff, 0xfb, 0xaf, 0xff,
    0x90, 0x00, 0x00, 0x00, 0x00, 0x8f, 0xff, 0xba,
    0xff, 0xf9, 0x00, 0x00, 0x00, 0x00, 0x08, 0xff,
    0xfb, 0xaf, 0xff, 0x90, 0x00, 0x00, 0x00, 0x00,
    0x8f, 0xff, 0xba, 0xff, 0xf9, 0x00, 0x00, 0x00,
    0x00, 0x08, 0xff, 0xfb, 0xaf, 0xff, 0x90, 0x00,
    0x00, 0x00, 0x00, 0x8f, 0xff, 0xba, 0xff, 0xff,
    0xff, 0xff, 0xff, 0xff, 0xff, 0xff, 0xfb, 0xaf,
    0xff, 0xff, 0xff, 0xff, 0xff, 0xff, 0xff, 0xff,
    0xba, 0xff, 0xff, 0xff, 0xff, 0xff, 0xff, 0xff,
    0xff, 0xfb, 0xaf, 0xff, 0xc7, 0x77, 0x77, 0x77,
    0x77, 0xbf, 0xff, 0xba, 0xff, 0xf9, 0x00, 0x00,
    0x00, 0x00, 0x08, 0xff, 0xfb, 0xaf, 0xff, 0x90,
    0x00, 0x00, 0x00, 0x00, 0x8f, 0xff, 0xba, 0xff,
    0xf9, 0x00, 0x00, 0x00, 0x00, 0x08, 0xff, 0xfb,
    0xaf, 0xff, 0x90, 0x00, 0x00, 0x00, 0x00, 0x8f,
    0xff, 0xba, 0xff, 0xf9, 0x00, 0x00, 0x00, 0x00,
    0x08, 0xff, 0xfb, 0xaf, 0xff, 0x90, 0x00, 0x00,
    0x00, 0x00, 0x8f, 0xff, 0xba, 0xff, 0xf9, 0x00,
    0x00, 0x00, 0x00, 0x08, 0xff, 0xfb, 0xaf, 0xff,
    0x90, 0x00, 0x00, 0x00, 0x00, 0x8f, 0xff, 0xba,
    0xff, 0xf9, 0x00, 0x00, 0x00, 0x00, 0x08, 0xff,
    0xfb,

    /* U+043E "о" */
    0x00, 0x00, 0x00, 0x27, 0xce, 0xff, 0xec, 0x82,
    0x00, 0x00, 0x00, 0x00, 0x00, 0x09, 0xff, 0xff,
    0xff, 0xff, 0xff, 0x91, 0x00, 0x00, 0x00, 0x02,
    0xdf, 0xff, 0xff, 0xff, 0xff, 0xff, 0xfd, 0x20,
    0x00, 0x00, 0x0d, 0xff, 0xff, 0xd8, 0x66, 0x8d,
    0xff, 0xff, 0xd0, 0x00, 0x00, 0x9f, 0xff, 0xf7,
    0x00, 0x00, 0x00, 0x7f, 0xff, 0xf9, 0x00, 0x01,
    0xff, 0xff, 0x80, 0x00, 0x00, 0x00, 0x08, 0xff,
    0xff, 0x20, 0x07, 0xff, 0xff, 0x10, 0x00, 0x00,
    0x00, 0x00, 0xff, 0xff, 0x80, 0x0c, 0xff, 0xfb,
    0x00, 0x00, 0x00, 0x00, 0x00, 0xaf, 0xff, 0xd0,
    0x0f, 0xff, 0xf7, 0x00, 0x00, 0x00, 0x00, 0x00,
    0x6f, 0xff, 0xf0, 0x1f, 0xff, 0xf5, 0x00, 0x00,
    0x00, 0x00, 0x00, 0x4f, 0xff, 0xf2, 0x1f, 0xff,
    0xf4, 0x00, 0x00, 0x00, 0x00, 0x00, 0x3f, 0xff,
    0xf3, 0x1f, 0xff, 0xf4, 0x00, 0x00, 0x00, 0x00,
    0x00, 0x3f, 0xff, 0xf3, 0x0f, 0xff, 0xf5, 0x00,
    0x00, 0x00, 0x00, 0x00, 0x4f, 0xff, 0xf2, 0x0e,
    0xff, 0xf7, 0x00, 0x00, 0x00, 0x00, 0x00, 0x6f,
    0xff, 0xf0, 0x0b, 0xff, 0xfb, 0x00, 0x00, 0x00,
    0x00, 0x00, 0xaf, 0xff, 0xd0, 0x07, 0xff, 0xff,
    0x10, 0x00, 0x00, 0x00, 0x01, 0xff, 0xff, 0x80,
    0x01, 0xff, 0xff, 0xa0, 0x00, 0x00, 0x00, 0x09,
    0xff, 0xff, 0x20, 0x00, 0x8f, 0xff, 0xf8, 0x00,
    0x00, 0x00, 0x7f, 0xff, 0xfa, 0x00, 0x00, 0x0c,
    0xff, 0xff, 0xe9, 0x66, 0x8d, 0xff, 0xff, 0xe1,
    0x00, 0x00, 0x01, 0xcf, 0xff, 0xff, 0xff, 0xff,
    0xff, 0xfe, 0x20, 0x00, 0x00, 0x00, 0x08, 0xff,
    0xff, 0xff, 0xff, 0xff, 0x91, 0x00, 0x00, 0x00,
    0x00, 0x00, 0x17, 0xbe, 0xff, 0xeb, 0x72, 0x00,
    0x00, 0x00,

    /* U+043F "п" */
    0xaf, 0xff, 0xff, 0xff, 0xff, 0xff, 0xff, 0xff,
    0xff, 0x6a, 0xff, 0xff, 0xff, 0xff, 0xff, 0xff,
    0xff, 0xff, 0xf6, 0xaf, 0xff, 0xff, 0xff, 0xff,
    0xff, 0xff, 0xff, 0xff, 0x6a, 0xff, 0xfc, 0x77,
    0x77, 0x77, 0x77, 0x7e, 0xff, 0xf6, 0xaf, 0xff,
    0x90, 0x00, 0x00, 0x00, 0x00, 0xdf, 0xff, 0x6a,
    0xff, 0xf9, 0x00, 0x00, 0x00, 0x00, 0x0d, 0xff,
    0xf6, 0xaf, 0xff, 0x90, 0x00, 0x00, 0x00, 0x00,
    0xdf, 0xff, 0x6a, 0xff, 0xf9, 0x00, 0x00, 0x00,
    0x00, 0x0d, 0xff, 0xf6, 0xaf, 0xff, 0x90, 0x00,
    0x00, 0x00, 0x00, 0xdf, 0xff, 0x6a, 0xff, 0xf9,
    0x00, 0x00, 0x00, 0x00, 0x0d, 0xff, 0xf6, 0xaf,
    0xff, 0x90, 0x00, 0x00, 0x00, 0x00, 0xdf, 0xff,
    0x6a, 0xff, 0xf9, 0x00, 0x00, 0x00, 0x00, 0x0d,
    0xff, 0xf6, 0xaf, 0xff, 0x90, 0x00, 0x00, 0x00,
    0x00, 0xdf, 0xff, 0x6a, 0xff, 0xf9, 0x00, 0x00,
    0x00, 0x00, 0x0d, 0xff, 0xf6, 0xaf, 0xff, 0x90,
    0x00, 0x00, 0x00, 0x00, 0xdf, 0xff, 0x6a, 0xff,
    0xf9, 0x00, 0x00, 0x00, 0x00, 0x0d, 0xff, 0xf6,
    0xaf, 0xff, 0x90, 0x00, 0x00, 0x00, 0x00, 0xdf,
    0xff, 0x6a, 0xff, 0xf9, 0x00, 0x00, 0x00, 0x00,
    0x0d, 0xff, 0xf6, 0xaf, 0xff, 0x90, 0x00, 0x00,
    0x00, 0x00, 0xdf, 0xff, 0x6a, 0xff, 0xf9, 0x00,
    0x00, 0x00, 0x00, 0x0d, 0xff, 0xf6, 0xaf, 0xff,
    0x90, 0x00, 0x00, 0x00, 0x00, 0xdf, 0xff, 0x6a,
    0xff, 0xf9, 0x00, 0x00, 0x00, 0x00, 0x0d, 0xff,
    0xf6,

    /* U+0440 "р" */
    0xaf, 0xfe, 0x00, 0x04, 0xad, 0xff, 0xeb, 0x50,
    0x00, 0x00, 0xaf, 0xff, 0x10, 0xbf, 0xff, 0xff,
    0xff, 0xfd, 0x20, 0x00, 0xaf, 0xff, 0x4c, 0xff,
    0xff, 0xff, 0xff, 0xff, 0xf3, 0x00, 0xaf, 0xff,
    0xef, 0xfe, 0xa8, 0x8a, 0xff, 0xff, 0xfe, 0x00,
    0xaf, 0xff, 0xff, 0x90, 0x00, 0x00, 0x1b, 0xff,
    0xff, 0x80, 0xaf, 0xff, 0xfa, 0x00, 0x00, 0x00,
    0x00, 0xdf, 0xff, 0xe0, 0xaf, 0xff, 0xf2, 0x00,
    0x00, 0x00, 0x00, 0x6f, 0xff, 0xf4, 0xaf, 0xff,
    0xd0, 0x00, 0x00, 0x00, 0x00, 0x1f, 0xff, 0xf7,
    0xaf, 0xff, 0xb0, 0x00, 0x00, 0x00, 0x00, 0x0d,
    0xff, 0xf9, 0xaf, 0xff, 0x90, 0x00, 0x00, 0x00,
    0x00, 0x0b, 0xff, 0xfb, 0xaf, 0xff, 0x90, 0x00,
    0x00, 0x00, 0x00, 0x0a, 0xff, 0xfc, 0xaf, 0xff,
    0x90, 0x00, 0x00, 0x00, 0x00, 0x0a, 0xff, 0xfc,
    0xaf, 0xff, 0xa0, 0x00, 0x00, 0x00, 0x00, 0x0b,
    0xff, 0xfb, 0xaf, 0xff, 0xc0, 0x00, 0x00, 0x00,
    0x00, 0x0d, 0xff, 0xf9, 0xaf, 0xff, 0xf0, 0x00,
    0x00, 0x00, 0x00, 0x1f, 0xff, 0xf7, 0xaf, 0xff,
    0xf4, 0x00, 0x00, 0x00, 0x00, 0x7f, 0xff, 0xf3,
    0xaf, 0xff, 0xfc, 0x00, 0x00, 0x00, 0x01, 0xef,
    0xff, 0xd0, 0xaf, 0xff, 0xff, 0xa1, 0x00, 0x00,
    0x1c, 0xff, 0xff, 0x70, 0xaf, 0xff, 0xff, 0xff,
    0xb8, 0x8a, 0xff, 0xff, 0xfd, 0x00, 0xaf, 0xff,
    0x7d, 0xff, 0xff, 0xff, 0xff, 0xff, 0xe2, 0x00,
    0xaf, 0xff, 0x71, 0xbf, 0xff, 0xff, 0xff, 0xfc,
    0x20, 0x00, 0xaf, 0xff, 0x80, 0x04, 0xae, 0xff,
    0xea, 0x50, 0x00, 0x00, 0xaf, 0xff, 0x90, 0x00,
    0x00, 0x00, 0x00, 0x00, 0x00, 0x00, 0xaf, 0xff,
    0x90, 0x00, 0x00, 0x00, 0x00, 0x00, 0x00, 0x00,
    0xaf, 0xff, 0x90, 0x00, 0x00, 0x00, 0x00, 0x00,
    0x00, 0x00, 0xaf, 0xff, 0x90, 0x00, 0x00, 0x00,
    0x00, 0x00, 0x00, 0x00, 0xaf, 0xff, 0x90, 0x00,
    0x00, 0x00, 0x00, 0x00, 0x00, 0x00, 0xaf, 0xff,
    0x90, 0x00, 0x00, 0x00, 0x00, 0x00, 0x00, 0x00,
    0xaf, 0xff, 0x90, 0x00, 0x00, 0x00, 0x00, 0x00,
    0x00, 0x00, 0xaf, 0xff, 0x90, 0x00, 0x00, 0x00,
    0x00, 0x00, 0x00, 0x00, 0xaf, 0xff, 0x90, 0x00,
    0x00, 0x00, 0x00, 0x00, 0x00, 0x00, 0xaf, 0xff,
    0x90, 0x00, 0x00, 0x00, 0x00, 0x00, 0x00, 0x00,

    /* U+0441 "с" */
    0x00, 0x00, 0x00, 0x16, 0xbd, 0xff, 0xfd, 0xb7,
    0x20, 0x00, 0x00, 0x08, 0xff, 0xff, 0xff, 0xff,
    0xff, 0xf5, 0x00, 0x01, 0xcf, 0xff, 0xff, 0xff,
    0xff, 0xff, 0xf1, 0x00, 0x0c, 0xff, 0xff, 0xfc,
    0x98, 0x8b, 0xef, 0xa0, 0x00, 0x8f, 0xff, 0xfc,
    0x20, 0x00, 0x00, 0x04, 0x20, 0x01, 0xff, 0xff,
    0xc0, 0x00, 0x00, 0x00, 0x00, 0x00, 0x07, 0xff,
    0xff, 0x30, 0x00, 0x00, 0x00, 0x00, 0x00, 0x0b,
    0xff, 0xfc, 0x00, 0x00, 0x00, 0x00, 0x00, 0x00,
    0x0f, 0xff, 0xf7, 0x00, 0x00, 0x00, 0x00, 0x00,
    0x00, 0x1f, 0xff, 0xf5, 0x00, 0x00, 0x00, 0x00,
    0x00, 0x00, 0x2f, 0xff, 0xf4, 0x00, 0x00, 0x00,
    0x00, 0x00, 0x00, 0x2f, 0xff, 0xf3, 0x00, 0x00,
    0x00, 0x00, 0x00, 0x00, 0x1f, 0xff, 0xf4, 0x00,
    0x00, 0x00, 0x00, 0x00, 0x00, 0x0f, 0xff, 0xf7,
    0x00, 0x00, 0x00, 0x00, 0x00, 0x00, 0x0d, 0xff,
    0xfb, 0x00, 0x00, 0x00, 0x00, 0x00, 0x00, 0x09,
    0xff, 0xff, 0x20, 0x00, 0x00, 0x00, 0x00, 0x00,
    0x03, 0xff, 0xff, 0xb0, 0x00, 0x00, 0x00, 0x00,
    0x00, 0x00, 0xbf, 0xff, 0xfc, 0x20, 0x00, 0x00,
    0x00, 0x40, 0x00, 0x1e, 0xff, 0xff, 0xfd, 0x98,
    0x9a, 0xcf, 0xf0, 0x00, 0x03, 0xef, 0xff, 0xff,
    0xff, 0xff, 0xff, 0xf0, 0x00, 0x00, 0x1a, 0xff,
    0xff, 0xff, 0xff, 0xff, 0xf0, 0x00, 0x00, 0x00,
    0x28, 0xbe, 0xff, 0xfd, 0xb7, 0x20,

    /* U+0442 "т" */
    0x7f, 0xff, 0xff, 0xff, 0xff, 0xff, 0xff, 0xff,
    0xff, 0x87, 0xff, 0xff, 0xff, 0xff, 0xff, 0xff,
    0xff, 0xff, 0xf8, 0x7f, 0xff, 0xff, 0xff, 0xff,
    0xff, 0xff, 0xff, 0xff, 0x82, 0x66, 0x66, 0x66,
    0xcf, 0xff, 0xc6, 0x66, 0x66, 0x63, 0x00, 0x00,
    0x00, 0x09, 0xff, 0xf9, 0x00, 0x00, 0x00, 0x00,
    0x00, 0x00, 0x00, 0x9f, 0xff, 0x90, 0x00, 0x00,
    0x00, 0x00, 0x00, 0x00, 0x09, 0xff, 0xf9, 0x00,
    0x00, 0x00, 0x00, 0x00, 0x00, 0x00, 0x9f, 0xff,
    0x90, 0x00, 0x00, 0x00, 0x00, 0x00, 0x00, 0x09,
    0xff, 0xf9, 0x00, 0x00, 0x00, 0x00, 0x00, 0x00,
    0x00, 0x9f, 0xff, 0x90, 0x00, 0x00, 0x00, 0x00,
    0x00, 0x00, 0x09, 0xff, 0xf9, 0x00, 0x00, 0x00,
    0x00, 0x00, 0x00, 0x00, 0x9f, 0xff, 0x90, 0x00,
    0x00, 0x00, 0x00, 0x00, 0x00, 0x09, 0xff, 0xf9,
    0x00, 0x00, 0x00, 0x00, 0x00, 0x00, 0x00, 0x9f,
    0xff, 0x90, 0x00, 0x00, 0x00, 0x00, 0x00, 0x00,
    0x09, 0xff, 0xf9, 0x00, 0x00, 0x00, 0x00, 0x00,
    0x00, 0x00, 0x9f, 0xff, 0x90, 0x00, 0x00, 0x00,
    0x00, 0x00, 0x00, 0x09, 0xff, 0xf9, 0x00, 0x00,
    0x00, 0x00, 0x00, 0x00, 0x00, 0x9f, 0xff, 0x90,
    0x00, 0x00, 0x00, 0x00, 0x00, 0x00, 0x09, 0xff,
    0xf9, 0x00, 0x00, 0x00, 0x00, 0x00, 0x00, 0x00,
    0x9f, 0xff, 0x90, 0x00, 0x00, 0x00, 0x00, 0x00,
    0x00, 0x09, 0xff, 0xf9, 0x00, 0x00, 0x00, 0x00,
    0x00, 0x00, 0x00, 0x9f, 0xff, 0x90, 0x00, 0x00,
    0x00,

    /* U+0443 "у" */
    0xcf, 0xff, 0xb0, 0x00, 0x00, 0x00, 0x00, 0x00,
    0x9f, 0xff, 0xe0, 0x6f, 0xff, 0xf1, 0x00, 0x00,
    0x00, 0x00, 0x00, 0xef, 0xff, 0x80, 0x1f, 0xff,
    0xf7, 0x00, 0x00, 0x00, 0x00, 0x04, 0xff, 0xff,
    0x20, 0x0a, 0xff, 0xfc, 0x00, 0x00, 0x00, 0x00,
    0x09, 0xff, 0xfc, 0x00, 0x04, 0xff, 0xff, 0x20,
    0x00, 0x00, 0x00, 0x0e, 0xff, 0xf6, 0x00, 0x00,
    0xdf, 0xff, 0x80, 0x00, 0x00, 0x00, 0x4f, 0xff,
    0xf1, 0x00, 0x00, 0x7f, 0xff, 0xd0, 0x00, 0x00,
    0x00, 0xaf, 0xff, 0xb0, 0x00, 0x00, 0x1f, 0xff,
    0xf3, 0x00, 0x00, 0x00, 0xff, 0xff, 0x50, 0x00,
    0x00, 0x0b, 0xff, 0xf9, 0x00, 0x00, 0x04, 0xff,
    0xfe, 0x00, 0x00, 0x00, 0x05, 0xff, 0xfe, 0x00,
    0x00, 0x0a, 0xff, 0xf9, 0x00, 0x00, 0x00, 0x00,
    0xef, 0xff, 0x40, 0x00, 0x0f, 0xff, 0xf3, 0x00,
    0x00, 0x00, 0x00, 0x8f, 0xff, 0xa0, 0x00, 0x5f,
    0xff, 0xd0, 0x00, 0x00, 0x00, 0x00, 0x2f, 0xff,
    0xf0, 0x00, 0xaf, 0xff, 0x70, 0x00, 0x00, 0x00,
    0x00, 0x0c, 0xff, 0xf5, 0x00, 0xff, 0xff, 0x10,
    0x00, 0x00, 0x00, 0x00, 0x05, 0xff, 0xfa, 0x05,
    0xff, 0xfb, 0x00, 0x00, 0x00, 0x00, 0x00, 0x00,
    0xff, 0xff, 0x0a, 0xff, 0xf6, 0x00, 0x00, 0x00,
    0x00, 0x00, 0x00, 0x9f, 0xff, 0x3e, 0xff, 0xf0,
    0x00, 0x00, 0x00, 0x00, 0x00, 0x00, 0x3f, 0xff,
    0xaf, 0xff, 0xa0, 0x00, 0x00, 0x00, 0x00, 0x00,
    0x00, 0x0d, 0xff, 0xff, 0xff, 0x40, 0x00, 0x00,
    0x00, 0x00, 0x00, 0x00, 0x06, 0xff, 0xff, 0xfe,
    0x00, 0x00, 0x00, 0x00, 0x00, 0x00, 0x00, 0x01,
    0xff, 0xff, 0xf8, 0x00, 0x00, 0x00, 0x00, 0x00,
    0x00, 0x00, 0x00, 0xaf, 0xff, 0xf2, 0x00, 0x00,
    0x00, 0x00, 0x00, 0x00, 0x00, 0x00, 0x7f, 0xff,
    0xc0, 0x00, 0x00, 0x00, 0x00, 0x00, 0x00, 0x00,
    0x00, 0xcf, 0xff, 0x60, 0x00, 0x00, 0x00, 0x00,
    0x00, 0x00, 0x00, 0x02, 0xff, 0xff, 0x10, 0x00,
    0x00, 0x00, 0x00, 0x00, 0x00, 0x00, 0x09, 0xff,
    0xfa, 0x00, 0x00, 0x00, 0x00, 0x00, 0x00, 0x00,
    0x00, 0x4f, 0xff, 0xf3, 0x00, 0x00, 0x00, 0x00,
    0x00, 0x00, 0x00, 0x06, 0xff, 0xff, 0xb0, 0x00,
    0x00, 0x00, 0x00, 0x00, 0x3e, 0xcc, 0xef, 0xff,
    0xff, 0x20, 0x00, 0x00, 0x00, 0x00, 0x00, 0x3f,
    0xff, 0xff, 0xff, 0xf6, 0x00, 0x00, 0x00, 0x00,
    0x00, 0x00, 0x3f, 0xff, 0xff, 0xff, 0x50, 0x00,
    0x00, 0x00, 0x00, 0x00, 0x00, 0x2d, 0xff, 0xfd,
    0x81, 0x00, 0x00, 0x00, 0x00, 0x00, 0x00, 0x00,

    /* U+0444 "ф" */
    0x00, 0x00, 0x00, 0x00, 0x00, 0x00, 0xef, 0xff,
    0x30, 0x00, 0x00, 0x00, 0x00, 0x00, 0x00, 0x00,
    0x00, 0x00, 0x00, 0x00, 0xef, 0xff, 0x30, 0x00,
    0x00, 0x00, 0x00, 0x00, 0x00, 0x00, 0x00, 0x00,
    0x00, 0x00, 0xef, 0xff, 0x30, 0x00, 0x00, 0x00,
    0x00, 0x00, 0x00, 0x00, 0x00, 0x00, 0x00, 0x00,
    0xef, 0xff, 0x30, 0x00, 0x00, 0x00, 0x00, 0x00,
    0x00, 0x00, 0x00, 0x00, 0x00, 0x00, 0xef, 0xff,
    0x30, 0x00, 0x00, 0x00, 0x00, 0x00, 0x00, 0x00,
    0x00, 0x00, 0x00, 0x00, 0xef, 0xff, 0x30, 0x00,
    0x00, 0x00, 0x00, 0x00, 0x00, 0x00, 0x00, 0x00,
    0x00, 0x00, 0xef, 0xff, 0x30, 0x00, 0x00, 0x00,
    0x00, 0x00, 0x00, 0x00, 0x00, 0x00, 0x00, 0x00,
    0xef, 0xff, 0x30, 0x00, 0x00, 0x00, 0x00, 0x00,
    0x00, 0x00, 0x00, 0x01, 0x6a, 0xce, 0xff, 0xff,
    0xfd, 0xb7, 0x20, 0x00, 0x00, 0x00, 0x00, 0x00,
    0x01, 0x9f, 0xff, 0xff, 0xff, 0xff, 0xff, 0xff,
    0xfc, 0x40, 0x00, 0x00, 0x00, 0x00, 0x5f, 0xff,
    0xff, 0xff, 0xff, 0xff, 0xff, 0xff, 0xff, 0xf9,
    0x00, 0x00, 0x00, 0x07, 0xff, 0xff, 0xfe, 0x96,
    0xef, 0xff, 0x88, 0xcf, 0xff, 0xff, 0xb0, 0x00,
    0x00, 0x4f, 0xff, 0xfe, 0x60, 0x00, 0xdf, 0xff,
    0x20, 0x03, 0xcf, 0xff, 0xf9, 0x00, 0x00, 0xdf,
    0xff, 0xe2, 0x00, 0x00, 0xdf, 0xff, 0x20, 0x00,
    0x0b, 0xff, 0xff, 0x30, 0x05, 0xff, 0xff, 0x50,
    0x00, 0x00, 0xdf, 0xff, 0x20, 0x00, 0x01, 0xef,
    0xff, 0xa0, 0x0a, 0xff, 0xfd, 0x00, 0x00, 0x00,
    0xdf, 0xff, 0x20, 0x00, 0x00, 0x8f, 0xff, 0xf0,
    0x0e, 0xff, 0xf8, 0x00, 0x00, 0x00, 0xdf, 0xff,
    0x20, 0x00, 0x00, 0x3f, 0xff, 0xf4, 0x0f, 0xff,
    0xf5, 0x00, 0x00, 0x00, 0xdf, 0xff, 0x20, 0x00,
    0x00, 0x0f, 0xff, 0xf6, 0x1f, 0xff, 0xf4, 0x00,
    0x00, 0x00, 0xdf, 0xff, 0x20, 0x00, 0x00, 0x0f,
    0xff, 0xf7, 0x1f, 0xff, 0xf4, 0x00, 0x00, 0x00,
    0xdf, 0xff, 0x20, 0x00, 0x00, 0x0f, 0xff, 0xf7,
    0x0f, 0xff, 0xf5, 0x00, 0x00, 0x00, 0xdf, 0xff,
    0x20, 0x00, 0x00, 0x0f, 0xff, 0xf6, 0x0e, 0xff,
    0xf8, 0x00, 0x00, 0x00, 0xdf, 0xff, 0x20, 0x00,
    0x00, 0x3f, 0xff, 0xf4, 0x0a, 0xff, 0xfd, 0x00,
    0x00, 0x00, 0xdf, 0xff, 0x20, 0x00, 0x00, 0x8f,
    0xff, 0xf0, 0x05, 0xff, 0xff, 0x50, 0x00, 0x00,
    0xdf, 0xff, 0x20, 0x00, 0x01, 0xef, 0xff, 0xa0,
    0x00, 0xdf, 0xff, 0xe2, 0x00, 0x00, 0xdf, 0xff,
    0x20, 0x00, 0x0b, 0xff, 0xff, 0x30, 0x00, 0x3f,
    0xff, 0xff, 0x60, 0x00, 0xdf, 0xff, 0x20, 0x03,
    0xdf, 0xff, 0xf9, 0x00, 0x00, 0x06, 0xff, 0xff,
    0xfe, 0xa7, 0xef, 0xff, 0x89, 0xdf, 0xff, 0xff,
    0xb0, 0x00, 0x00, 0x00, 0x5f, 0xff, 0xff, 0xff,
    0xff, 0xff, 0xff, 0xff, 0xff, 0xf9, 0x00, 0x00,
    0x00, 0x00, 0x01, 0x9f, 0xff, 0xff, 0xff, 0xff,
    0xff, 0xff, 0xfc, 0x40, 0x00, 0x00, 0x00, 0x00,
    0x00, 0x01, 0x6a, 0xce, 0xff, 0xff, 0xfd, 0xb7,
    0x20, 0x00, 0x00, 0x00, 0x00, 0x00, 0x00, 0x00,
    0x00, 0x00, 0xef, 0xff, 0x30, 0x00, 0x00, 0x00,
    0x00, 0x00, 0x00, 0x00, 0x00, 0x00, 0x00, 0x00,
    0xef, 0xff, 0x30, 0x00, 0x00, 0x00, 0x00, 0x00,
    0x00, 0x00, 0x00, 0x00, 0x00, 0x00, 0xef, 0xff,
    0x30, 0x00, 0x00, 0x00, 0x00, 0x00, 0x00, 0x00,
    0x00, 0x00, 0x00, 0x00, 0xef, 0xff, 0x30, 0x00,
    0x00, 0x00, 0x00, 0x00, 0x00, 0x00, 0x00, 0x00,
    0x00, 0x00, 0xef, 0xff, 0x30, 0x00, 0x00, 0x00,
    0x00, 0x00, 0x00, 0x00, 0x00, 0x00, 0x00, 0x00,
    0xef, 0xff, 0x30, 0x00, 0x00, 0x00, 0x00, 0x00,
    0x00, 0x00, 0x00, 0x00, 0x00, 0x00, 0xef, 0xff,
    0x30, 0x00, 0x00, 0x00, 0x00, 0x00, 0x00, 0x00,
    0x00, 0x00, 0x00, 0x00, 0xef, 0xff, 0x30, 0x00,
    0x00, 0x00, 0x00, 0x00, 0x00, 0x00, 0x00, 0x00,
    0x00, 0x00, 0xef, 0xff, 0x30, 0x00, 0x00, 0x00,
    0x00, 0x00, 0x00, 0x00, 0x00, 0x00, 0x00, 0x00,
    0xef, 0xff, 0x30, 0x00, 0x00, 0x00, 0x00, 0x00,

    /* U+0445 "х" */
    0x1e, 0xff, 0xfc, 0x00, 0x00, 0x00, 0x00, 0x08,
    0xff, 0xff, 0x30, 0x5f, 0xff, 0xf7, 0x00, 0x00,
    0x00, 0x03, 0xff, 0xff, 0x80, 0x00, 0xaf, 0xff,
    0xf2, 0x00, 0x00, 0x00, 0xdf, 0xff, 0xd0, 0x00,
    0x01, 0xef, 0xff, 0xb0, 0x00, 0x00, 0x7f, 0xff,
    0xf3, 0x00, 0x00, 0x05, 0xff, 0xff, 0x60, 0x00,
    0x2f, 0xff, 0xf8, 0x00, 0x00, 0x00, 0x0a, 0xff,
    0xff, 0x10, 0x0b, 0xff, 0xfc, 0x00, 0x00, 0x00,
    0x00, 0x1e, 0xff, 0xfa, 0x06, 0xff, 0xff, 0x20,
    0x00, 0x00, 0x00, 0x00, 0x4f, 0xff, 0xf6, 0xef,
    0xff, 0x70, 0x00, 0x00, 0x00, 0x00, 0x00, 0x9f,
    0xff, 0xff, 0xff, 0xc0, 0x00, 0x00, 0x00, 0x00,
    0x00, 0x00, 0xef, 0xff, 0xff, 0xf2, 0x00, 0x00,
    0x00, 0x00, 0x00, 0x00, 0x04, 0xff, 0xff, 0xf7,
    0x00, 0x00, 0x00, 0x00, 0x00, 0x00, 0x00, 0x8f,
    0xff, 0xff, 0xc0, 0x00, 0x00, 0x00, 0x00, 0x00,
    0x00, 0x3f, 0xff, 0xff, 0xff, 0x70, 0x00, 0x00,
    0x00, 0x00, 0x00, 0x0d, 0xff, 0xfd, 0xff, 0xff,
    0x20, 0x00, 0x00, 0x00, 0x00, 0x09, 0xff, 0xfe,
    0x1c, 0xff, 0xfc, 0x00, 0x00, 0x00, 0x00, 0x04,
    0xff, 0xff, 0x50, 0x2f, 0xff, 0xf8, 0x00, 0x00,
    0x00, 0x01, 0xef, 0xff, 0xa0, 0x00, 0x7f, 0xff,
    0xf3, 0x00, 0x00, 0x00, 0xaf, 0xff, 0xe1, 0x00,
    0x00, 0xcf, 0xff, 0xd0, 0x00, 0x00, 0x5f, 0xff,
    0xf5, 0x00, 0x00, 0x02, 0xff, 0xff, 0x80, 0x00,
    0x1e, 0xff, 0xfb, 0x00, 0x00, 0x00, 0x08, 0xff,
    0xff, 0x30, 0x0b, 0xff, 0xff, 0x10, 0x00, 0x00,
    0x00, 0x0d, 0xff, 0xfd, 0x06, 0xff, 0xff, 0x60,
    0x00, 0x00, 0x00, 0x00, 0x3f, 0xff, 0xf9,

    /* U+0446 "ц" */
    0xbf, 0xff, 0x90, 0x00, 0x00, 0x00, 0x00, 0xef,
    0xff, 0x50, 0x00, 0xbf, 0xff, 0x90, 0x00, 0x00,
    0x00, 0x00, 0xef, 0xff, 0x50, 0x00, 0xbf, 0xff,
    0x90, 0x00, 0x00, 0x00, 0x00, 0xef, 0xff, 0x50,
    0x00, 0xbf, 0xff, 0x90, 0x00, 0x00, 0x00, 0x00,
    0xef, 0xff, 0x50, 0x00, 0xbf, 0xff, 0x90, 0x00,
    0x00, 0x00, 0x00, 0xef, 0xff, 0x50, 0x00, 0xbf,
    0xff, 0x90, 0x00, 0x00, 0x00, 0x00, 0xef, 0xff,
    0x50, 0x00, 0xbf, 0xff, 0x90, 0x00, 0x00, 0x00,
    0x00, 0xef, 0xff, 0x50, 0x00, 0xbf, 0xff, 0x90,
    0x00, 0x00, 0x00, 0x00, 0xef, 0xff, 0x50, 0x00,
    0xbf, 0xff, 0x90, 0x00, 0x00, 0x00, 0x00, 0xef,
    0xff, 0x50, 0x00, 0xbf, 0xff, 0x90, 0x00, 0x00,
    0x00, 0x00, 0xef, 0xff, 0x50, 0x00, 0xbf, 0xff,
    0x90, 0x00, 0x00, 0x00, 0x00, 0xef, 0xff, 0x50,
    0x00, 0xbf, 0xff, 0x90, 0x00, 0x00, 0x00, 0x00,
    0xef, 0xff, 0x50, 0x00, 0xbf, 0xff, 0x90, 0x00,
    0x00, 0x00, 0x00, 0xef, 0xff, 0x50, 0x00, 0xbf,
    0xff, 0x90, 0x00, 0x00, 0x00, 0x00, 0xef, 0xff,
    0x50, 0x00, 0xbf, 0xff, 0x90, 0x00, 0x00, 0x00,
    0x00, 0xef, 0xff, 0x50, 0x00, 0xbf, 0xff, 0x90,
    0x00, 0x00, 0x00, 0x00, 0xef, 0xff, 0x50, 0x00,
    0xbf, 0xff, 0x90, 0x00, 0x00, 0x00, 0x00, 0xef,
    0xff, 0x50, 0x00, 0xbf, 0xff, 0x90, 0x00, 0x00,
    0x00, 0x00, 0xef, 0xff, 0x50, 0x00, 0xbf, 0xff,
    0xc7, 0x77, 0x77, 0x77, 0x77, 0xff, 0xff, 0xa7,
    0x74, 0xbf, 0xff, 0xff, 0xff, 0xff, 0xff, 0xff,
    0xff, 0xff, 0xff, 0xf8, 0xbf, 0xff, 0xff, 0xff,
    0xff, 0xff, 0xff, 0xff, 0xff, 0xff, 0xf8, 0xbf,
    0xff, 0xff, 0xff, 0xff, 0xff, 0xff, 0xff, 0xff,
    0xff, 0xf8, 0x00, 0x00, 0x00, 0x00, 0x00, 0x00,
    0x00, 0x00, 0x08, 0xff, 0xf8, 0x00, 0x00, 0x00,
    0x00, 0x00, 0x00, 0x00, 0x00, 0x08, 0xff, 0xf8,
    0x00, 0x00, 0x00, 0x00, 0x00, 0x00, 0x00, 0x00,
    0x08, 0xff, 0xf8, 0x00, 0x00, 0x00, 0x00, 0x00,
    0x00, 0x00, 0x00, 0x08, 0xff, 0xf8, 0x00, 0x00,
    0x00, 0x00, 0x00, 0x00, 0x00, 0x00, 0x08, 0xff,
    0xf8, 0x00, 0x00, 0x00, 0x00, 0x00, 0x00, 0x00,
    0x00, 0x05, 0x99, 0x95,

    /* U+0447 "ч" */
    0x9f, 0xff, 0xa0, 0x00, 0x00, 0x00, 0x00, 0x7f,
    0xff, 0xc9, 0xff, 0xfa, 0x00, 0x00, 0x00, 0x00,
    0x07, 0xff, 0xfc, 0x9f, 0xff, 0xa0, 0x00, 0x00,
    0x00, 0x00, 0x7f, 0xff, 0xc9, 0xff, 0xfa, 0x00,
    0x00, 0x00, 0x00, 0x07, 0xff, 0xfc, 0x9f, 0xff,
    0xa0, 0x00, 0x00, 0x00, 0x00, 0x7f, 0xff, 0xc9,
    0xff, 0xfa, 0x00, 0x00, 0x00, 0x00, 0x07, 0xff,
    0xfc, 0x9f, 0xff, 0xa0, 0x00, 0x00, 0x00, 0x00,
    0x7f, 0xff, 0xc9, 0xff, 0xfa, 0x00, 0x00, 0x00,
    0x00, 0x07, 0xff, 0xfc, 0x8f, 0xff, 0xc0, 0x00,
    0x00, 0x00, 0x00, 0x7f, 0xff, 0xc6, 0xff, 0xff,
    0x20, 0x00, 0x00, 0x00, 0x07, 0xff, 0xfc, 0x2f,
    0xff, 0xfc, 0x10, 0x00, 0x00, 0x02, 0xbf, 0xff,
    0xc0, 0xbf, 0xff, 0xff, 0xa8, 0x78, 0xad, 0xff,
    0xff, 0xfc, 0x02, 0xef, 0xff, 0xff, 0xff, 0xff,
    0xff, 0xff, 0xff, 0xc0, 0x02, 0xdf, 0xff, 0xff,
    0xff, 0xff, 0xff, 0xff, 0xfc, 0x00, 0x00, 0x5a,
    0xdf, 0xff, 0xeb, 0x73, 0x7f, 0xff, 0xc0, 0x00,
    0x00, 0x00, 0x00, 0x00, 0x00, 0x07, 0xff, 0xfc,
    0x00, 0x00, 0x00, 0x00, 0x00, 0x00, 0x00, 0x7f,
    0xff, 0xc0, 0x00, 0x00, 0x00, 0x00, 0x00, 0x00,
    0x07, 0xff, 0xfc, 0x00, 0x00, 0x00, 0x00, 0x00,
    0x00, 0x00, 0x7f, 0xff, 0xc0, 0x00, 0x00, 0x00,
    0x00, 0x00, 0x00, 0x07, 0xff, 0xfc, 0x00, 0x00,
    0x00, 0x00, 0x00, 0x00, 0x00, 0x7f, 0xff, 0xc0,
    0x00, 0x00, 0x00, 0x00, 0x00, 0x00, 0x07, 0xff,
    0xfc,

    /* U+0448 "ш" */
    0xcf, 0xff, 0x70, 0x00, 0x00, 0x00, 0x0e, 0xff,
    0xf5, 0x00, 0x00, 0x00, 0x00, 0xff, 0xff, 0x3c,
    0xff, 0xf7, 0x00, 0x00, 0x00, 0x00, 0xef, 0xff,
    0x50, 0x00, 0x00, 0x00, 0x0f, 0xff, 0xf3, 0xcf,
    0xff, 0x70, 0x00, 0x00, 0x00, 0x0e, 0xff, 0xf5,
    0x00, 0x00, 0x00, 0x00, 0xff, 0xff, 0x3c, 0xff,
    0xf7, 0x00, 0x00, 0x00, 0x00, 0xef, 0xff, 0x50,
    0x00, 0x00, 0x00, 0x0f, 0xff, 0xf3, 0xcf, 0xff,
    0x70, 0x00, 0x00, 0x00, 0x0e, 0xff, 0xf5, 0x00,
    0x00, 0x00, 0x00, 0xff, 0xff, 0x3c, 0xff, 0xf7,
    0x00, 0x00, 0x00, 0x00, 0xef, 0xff, 0x50, 0x00,
    0x00, 0x00, 0x0f, 0xff, 0xf3, 0xcf, 0xff, 0x70,
    0x00, 0x00, 0x00, 0x0e, 0xff, 0xf5, 0x00, 0x00,
    0x00, 0x00, 0xff, 0xff, 0x3c, 0xff, 0xf7, 0x00,
    0x00, 0x00, 0x00, 0xef, 0xff, 0x50, 0x00, 0x00,
    0x00, 0x0f, 0xff, 0xf3, 0xcf, 0xff, 0x70, 0x00,
    0x00, 0x00, 0x0e, 0xff, 0xf5, 0x00, 0x00, 0x00,
    0x00, 0xff, 0xff, 0x3c, 0xff, 0xf7, 0x00, 0x00,
    0x00, 0x00, 0xef, 0xff, 0x50, 0x00, 0x00, 0x00,
    0x0f, 0xff, 0xf3, 0xcf, 0xff, 0x70, 0x00, 0x00,
    0x00, 0x0e, 0xff, 0xf5, 0x00, 0x00, 0x00, 0x00,
    0xff, 0xff, 0x3c, 0xff, 0xf7, 0x00, 0x00, 0x00,
    0x00, 0xef, 0xff, 0x50, 0x00, 0x00, 0x00, 0x0f,
    0xff, 0xf3, 0xcf, 0xff, 0x70, 0x00, 0x00, 0x00,
    0x0e, 0xff, 0xf5, 0x00, 0x00, 0x00, 0x00, 0xff,
    0xff, 0x3c, 0xff, 0xf7, 0x00, 0x00, 0x00, 0x00,
    0xef, 0xff, 0x50, 0x00, 0x00, 0x00, 0x0f, 0xff,
    0xf3, 0xcf, 0xff, 0x70, 0x00, 0x00, 0x00, 0x0e,
    0xff, 0xf5, 0x00, 0x00, 0x00, 0x00, 0xff, 0xff,
    0x3c, 0xff, 0xf7, 0x00, 0x00, 0x00, 0x00, 0xef,
    0xff, 0x50, 0x00, 0x00, 0x00, 0x0f, 0xff, 0xf3,
    0xcf, 0xff, 0x70, 0x00, 0x00, 0x00, 0x0e, 0xff,
    0xf5, 0x00, 0x00, 0x00, 0x00, 0xff, 0xff, 0x3c,
    0xff, 0xf7, 0x00, 0x00, 0x00, 0x00, 0xef, 0xff,
    0x50, 0x00, 0x00, 0x00, 0x0f, 0xff, 0xf3, 0xcf,
    0xff, 0xb7, 0x77, 0x77, 0x77, 0x7e, 0xff, 0xfa,
    0x77, 0x77, 0x77, 0x77, 0xff, 0xff, 0x3c, 0xff,
    0xff, 0xff, 0xff, 0xff, 0xff, 0xff, 0xff, 0xff,
    0xff, 0xff, 0xff, 0xff, 0xff, 0xf3, 0xcf, 0xff,
    0xff, 0xff, 0xff, 0xff, 0xff, 0xff, 0xff, 0xff,
    0xff, 0xff, 0xff, 0xff, 0xff, 0x3c, 0xff, 0xff,
    0xff, 0xff, 0xff, 0xff, 0xff, 0xff, 0xff, 0xff,
    0xff, 0xff, 0xff, 0xff, 0xf3,

    /* U+0449 "щ" */
    0xaf, 0xff, 0x90, 0x00, 0x00, 0x00, 0x0f, 0xff,
    0xf3, 0x00, 0x00, 0x00, 0x05, 0xff, 0xfe, 0x00,
    0x00, 0xaf, 0xff, 0x90, 0x00, 0x00, 0x00, 0x0f,
    0xff, 0xf3, 0x00, 0x00, 0x00, 0x05, 0xff, 0xfe,
    0x00, 0x00, 0xaf, 0xff, 0x90, 0x00, 0x00, 0x00,
    0x0f, 0xff, 0xf3, 0x00, 0x00, 0x00, 0x05, 0xff,
    0xfe, 0x00, 0x00, 0xaf, 0xff, 0x90, 0x00, 0x00,
    0x00, 0x0f, 0xff, 0xf3, 0x00, 0x00, 0x00, 0x05,
    0xff, 0xfe, 0x00, 0x00, 0xaf, 0xff, 0x90, 0x00,
    0x00, 0x00, 0x0f, 0xff, 0xf3, 0x00, 0x00, 0x00,
    0x05, 0xff, 0xfe, 0x00, 0x00, 0xaf, 0xff, 0x90,
    0x00, 0x00, 0x00, 0x0f, 0xff, 0xf3, 0x00, 0x00,
    0x00, 0x05, 0xff, 0xfe, 0x00, 0x00, 0xaf, 0xff,
    0x90, 0x00, 0x00, 0x00, 0x0f, 0xff, 0xf3, 0x00,
    0x00, 0x00, 0x05, 0xff, 0xfe, 0x00, 0x00, 0xaf,
    0xff, 0x90, 0x00, 0x00, 0x00, 0x0f, 0xff, 0xf3,
    0x00, 0x00, 0x00, 0x05, 0xff, 0xfe, 0x00, 0x00,
    0xaf, 0xff, 0x90, 0x00, 0x00, 0x00, 0x0f, 0xff,
    0xf3, 0x00, 0x00, 0x00, 0x05, 0xff, 0xfe, 0x00,
    0x00, 0xaf, 0xff, 0x90, 0x00, 0x00, 0x00, 0x0f,
    0xff, 0xf3, 0x00, 0x00, 0x00, 0x05, 0xff, 0xfe,
    0x00, 0x00, 0xaf, 0xff, 0x90, 0x00, 0x00, 0x00,
    0x0f, 0xff, 0xf3, 0x00, 0x00, 0x00, 0x05, 0xff,
    0xfe, 0x00, 0x00, 0xaf, 0xff, 0x90, 0x00, 0x00,
    0x00, 0x0f, 0xff, 0xf3, 0x00, 0x00, 0x00, 0x05,
    0xff, 0xfe, 0x00, 0x00, 0xaf, 0xff, 0x90, 0x00,
    0x00, 0x00, 0x0f, 0xff, 0xf3, 0x00, 0x00, 0x00,
    0x05, 0xff, 0xfe, 0x00, 0x00, 0xaf, 0xff, 0x90,
    0x00, 0x00, 0x00, 0x0f, 0xff, 0xf3, 0x00, 0x00,
    0x00, 0x05, 0xff, 0xfe, 0x00, 0x00, 0xaf, 0xff,
    0x90, 0x00, 0x00, 0x00, 0x0f, 0xff, 0xf3, 0x00,
    0x00, 0x00, 0x05, 0xff, 0xfe, 0x00, 0x00, 0xaf,
    0xff, 0x90, 0x00, 0x00, 0x00, 0x0f, 0xff, 0xf3,
    0x00, 0x00, 0x00, 0x05, 0xff, 0xfe, 0x00, 0x00,
    0xaf, 0xff, 0x90, 0x00, 0x00, 0x00, 0x0f, 0xff,
    0xf3, 0x00, 0x00, 0x00, 0x05, 0xff, 0xfe, 0x00,
    0x00, 0xaf, 0xff, 0x90, 0x00, 0x00, 0x00, 0x0f,
    0xff, 0xf3, 0x00, 0x00, 0x00, 0x05, 0xff, 0xfe,
    0x00, 0x00, 0xaf, 0xff, 0xc7, 0x77, 0x77, 0x77,
    0x7f, 0xff, 0xf9, 0x77, 0x77, 0x77, 0x7a, 0xff,
    0xff, 0x77, 0x71, 0xaf, 0xff, 0xff, 0xff, 0xff,
    0xff, 0xff, 0xff, 0xff, 0xff, 0xff, 0xff, 0xff,
    0xff, 0xff, 0xff, 0xf2, 0xaf, 0xff, 0xff, 0xff,
    0xff, 0xff, 0xff, 0xff, 0xff, 0xff, 0xff, 0xff,
    0xff, 0xff, 0xff, 0xff, 0xf2, 0xaf, 0xff, 0xff,
    0xff, 0xff, 0xff, 0xff, 0xff, 0xff, 0xff, 0xff,
    0xff, 0xff, 0xff, 0xff, 0xff, 0xf2, 0x00, 0x00,
    0x00, 0x00, 0x00, 0x00, 0x00, 0x00, 0x00, 0x00,
    0x00, 0x00, 0x00, 0x00, 0x0e, 0xff, 0xf2, 0x00,
    0x00, 0x00, 0x00, 0x00, 0x00, 0x00, 0x00, 0x00,
    0x00, 0x00, 0x00, 0x00, 0x00, 0x0e, 0xff, 0xf2,
    0x00, 0x00, 0x00, 0x00, 0x00, 0x00, 0x00, 0x00,
    0x00, 0x00, 0x00, 0x00, 0x00, 0x00, 0x0e, 0xff,
    0xf2, 0x00, 0x00, 0x00, 0x00, 0x00, 0x00, 0x00,
    0x00, 0x00, 0x00, 0x00, 0x00, 0x00, 0x00, 0x0e,
    0xff, 0xf2, 0x00, 0x00, 0x00, 0x00, 0x00, 0x00,
    0x00, 0x00, 0x00, 0x00, 0x00, 0x00, 0x00, 0x00,
    0x0e, 0xff, 0xf2, 0x00, 0x00, 0x00, 0x00, 0x00,
    0x00, 0x00, 0x00, 0x00, 0x00, 0x00, 0x00, 0x00,
    0x00, 0x08, 0x99, 0x91,

    /* U+044A "ъ" */
    0x7f, 0xff, 0xff, 0xff, 0xff, 0xb0, 0x00, 0x00,
    0x00, 0x00, 0x00, 0x00, 0x7f, 0xff, 0xff, 0xff,
    0xff, 0xb0, 0x00, 0x00, 0x00, 0x00, 0x00, 0x00,
    0x7f, 0xff, 0xff, 0xff, 0xff, 0xb0, 0x00, 0x00,
    0x00, 0x00, 0x00, 0x00, 0x26, 0x66, 0x66, 0xbf,
    0xff, 0xb0, 0x00, 0x00, 0x00, 0x00, 0x00, 0x00,
    0x00, 0x00, 0x00, 0x8f, 0xff, 0xb0, 0x00, 0x00,
    0x00, 0x00, 0x00, 0x00, 0x00, 0x00, 0x00, 0x8f,
    0xff, 0xb0, 0x00, 0x00, 0x00, 0x00, 0x00, 0x00,
    0x00, 0x00, 0x00, 0x8f, 0xff, 0xb0, 0x00, 0x00,
    0x00, 0x00, 0x00, 0x00, 0x00, 0x00, 0x00, 0x8f,
    0xff, 0xb0, 0x00, 0x00, 0x00, 0x00, 0x00, 0x00,
    0x00, 0x00, 0x00, 0x8f, 0xff, 0xff, 0xff, 0xff,
    0xec, 0x94, 0x00, 0x00, 0x00, 0x00, 0x00, 0x8f,
    0xff, 0xff, 0xff, 0xff, 0xff, 0xff, 0xd3, 0x00,
    0x00, 0x00, 0x00, 0x8f, 0xff, 0xff, 0xff, 0xff,
    0xff, 0xff, 0xff, 0x40, 0x00, 0x00, 0x00, 0x8f,
    0xff, 0xd6, 0x66, 0x67, 0x9d, 0xff, 0xff, 0xe0,
    0x00, 0x00, 0x00, 0x8f, 0xff, 0xb0, 0x00, 0x00,
    0x00, 0x8f, 0xff, 0xf6, 0x00, 0x00, 0x00, 0x8f,
    0xff, 0xb0, 0x00, 0x00, 0x00, 0x0d, 0xff, 0xfa,
    0x00, 0x00, 0x00, 0x8f, 0xff, 0xb0, 0x00, 0x00,
    0x00, 0x09, 0xff, 0xfc, 0x00, 0x00, 0x00, 0x8f,
    0xff, 0xb0, 0x00, 0x00, 0x00, 0x0a, 0xff, 0xfb,
    0x00, 0x00, 0x00, 0x8f, 0xff, 0xb0, 0x00, 0x00,
    0x00, 0x0e, 0xff, 0xf9, 0x00, 0x00, 0x00, 0x8f,
    0xff, 0xb0, 0x00, 0x00, 0x00, 0x9f, 0xff, 0xf5,
    0x00, 0x00, 0x00, 0x8f, 0xff, 0xd6, 0x66, 0x67,
    0x9e, 0xff, 0xff, 0xd0, 0x00, 0x00, 0x00, 0x8f,
    0xff, 0xff, 0xff, 0xff, 0xff, 0xff, 0xfe, 0x20,
    0x00, 0x00, 0x00, 0x8f, 0xff, 0xff, 0xff, 0xff,
    0xff, 0xff, 0xc2, 0x00, 0x00, 0x00, 0x00, 0x8f,
    0xff, 0xff, 0xff, 0xff, 0xec, 0x83, 0x00, 0x00,

    /* U+044B "ы" */
    0xaf, 0xff, 0x90, 0x00, 0x00, 0x00, 0x00, 0x00,
    0x00, 0x00, 0x1f, 0xff, 0xf2, 0xaf, 0xff, 0x90,
    0x00, 0x00, 0x00, 0x00, 0x00, 0x00, 0x00, 0x1f,
    0xff, 0xf2, 0xaf, 0xff, 0x90, 0x00, 0x00, 0x00,
    0x00, 0x00, 0x00, 0x00, 0x1f, 0xff, 0xf2, 0xaf,
    0xff, 0x90, 0x00, 0x00, 0x00, 0x00, 0x00, 0x00,
    0x00, 0x1f, 0xff, 0xf2, 0xaf, 0xff, 0x90, 0x00,
    0x00, 0x00, 0x00, 0x00, 0x00, 0x00, 0x1f, 0xff,
    0xf2, 0xaf, 0xff, 0x90, 0x00, 0x00, 0x00, 0x00,
    0x00, 0x00, 0x00, 0x1f, 0xff, 0xf2, 0xaf, 0xff,
    0x90, 0x00, 0x00, 0x00, 0x00, 0x00, 0x00, 0x00,
    0x1f, 0xff, 0xf2, 0xaf, 0xff, 0x90, 0x00, 0x00,
    0x00, 0x00, 0x00, 0x00, 0x00, 0x1f, 0xff, 0xf2,
    0xaf, 0xff, 0xff, 0xff, 0xff, 0xeb, 0x82, 0x00,
    0x00, 0x00, 0x1f, 0xff, 0xf2, 0xaf, 0xff, 0xff,
    0xff, 0xff, 0xff, 0xff, 0xb1, 0x00, 0x00, 0x1f,
    0xff, 0xf2, 0xaf, 0xff, 0xff, 0xff, 0xff, 0xff,
    0xff, 0xfe, 0x10, 0x00, 0x1f, 0xff, 0xf2, 0xaf,
    0xff, 0xc6, 0x66, 0x67, 0xaf, 0xff, 0xff, 0xa0,
    0x00, 0x1f, 0xff, 0xf2, 0xaf, 0xff, 0x90, 0x00,
    0x00, 0x01, 0xcf, 0xff, 0xf1, 0x00, 0x1f, 0xff,
    0xf2, 0xaf, 0xff, 0x90, 0x00, 0x00, 0x00, 0x2f,
    0xff, 0xf5, 0x00, 0x1f, 0xff, 0xf2, 0xaf, 0xff,
    0x90, 0x00, 0x00, 0x00, 0x0f, 0xff, 0xf6, 0x00,
    0x1f, 0xff, 0xf2, 0xaf, 0xff, 0x90, 0x00, 0x00,
    0x00, 0x0f, 0xff, 0xf6, 0x00, 0x1f, 0xff, 0xf2,
    0xaf, 0xff, 0x90, 0x00, 0x00, 0x00, 0x3f, 0xff,
    0xf4, 0x00, 0x1f, 0xff, 0xf2, 0xaf, 0xff, 0x90,
    0x00, 0x00, 0x01, 0xdf, 0xff, 0xf0, 0x00, 0x1f,
    0xff, 0xf2, 0xaf, 0xff, 0xb5, 0x55, 0x57, 0xaf,
    0xff, 0xff, 0x80, 0x00, 0x1f, 0xff, 0xf2, 0xaf,
    0xff, 0xff, 0xff, 0xff, 0xff, 0xff, 0xfc, 0x00,
    0x00, 0x1f, 0xff, 0xf2, 0xaf, 0xff, 0xff, 0xff,
    0xff, 0xff, 0xff, 0x90, 0x00, 0x00, 0x1f, 0xff,
    0xf2, 0xaf, 0xff, 0xff, 0xff, 0xff, 0xdb, 0x71,
    0x00, 0x00, 0x00, 0x1f, 0xff, 0xf2,

    /* U+044C "ь" */
    0xaf, 0xff, 0x90, 0x00, 0x00, 0x00, 0x00, 0x00,
    0x00, 0xaf, 0xff, 0x90, 0x00, 0x00, 0x00, 0x00,
    0x00, 0x00, 0xaf, 0xff, 0x90, 0x00, 0x00, 0x00,
    0x00, 0x00, 0x00, 0xaf, 0xff, 0x90, 0x00, 0x00,
    0x00, 0x00, 0x00, 0x00, 0xaf, 0xff, 0x90, 0x00,
    0x00, 0x00, 0x00, 0x00, 0x00, 0xaf, 0xff, 0x90,
    0x00, 0x00, 0x00, 0x00, 0x00, 0x00, 0xaf, 0xff,
    0x90, 0x00, 0x00, 0x00, 0x00, 0x00, 0x00, 0xaf,
    0xff, 0x90, 0x00, 0x00, 0x00, 0x00, 0x00, 0x00,
    0xaf, 0xff, 0xff, 0xff, 0xff, 0xec, 0x83, 0x00,
    0x00, 0xaf, 0xff, 0xff, 0xff, 0xff, 0xff, 0xff,
    0xc2, 0x00, 0xaf, 0xff, 0xff, 0xff, 0xff, 0xff,
    0xff, 0xff, 0x20, 0xaf, 0xff, 0xc6, 0x66, 0x67,
    0xae, 0xff, 0xff, 0xc0, 0xaf, 0xff, 0x90, 0x00,
    0x00, 0x00, 0xaf, 0xff, 0xf3, 0xaf, 0xff, 0x90,
    0x00, 0x00, 0x00, 0x1f, 0xff, 0xf7, 0xaf, 0xff,
    0x90, 0x00, 0x00, 0x00, 0x0c, 0xff, 0xf9, 0xaf,
    0xff, 0x90, 0x00, 0x00, 0x00, 0x0c, 0xff, 0xf9,
    0xaf, 0xff, 0x90, 0x00, 0x00, 0x00, 0x1f, 0xff,
    0xf7, 0xaf, 0xff, 0x90, 0x00, 0x00, 0x01, 0xbf,
    0xff, 0xf2, 0xaf, 0xff, 0xc6, 0x66, 0x67, 0xaf,
    0xff, 0xff, 0xb0, 0xaf, 0xff, 0xff, 0xff, 0xff,
    0xff, 0xff, 0xfd, 0x10, 0xaf, 0xff, 0xff, 0xff,
    0xff, 0xff, 0xff, 0xa1, 0x00, 0xaf, 0xff, 0xff,
    0xff, 0xff, 0xeb, 0x82, 0x00, 0x00,

    /* U+044D "э" */
    0x01, 0x59, 0xce, 0xff, 0xec, 0x82, 0x00, 0x00,
    0x00, 0x3f, 0xff, 0xff, 0xff, 0xff, 0xff, 0xb1,
    0x00, 0x00, 0x0e, 0xff, 0xff, 0xff, 0xff, 0xff,
    0xfe, 0x30, 0x00, 0x08, 0xff, 0xb9, 0x78, 0xbf,
    0xff, 0xff, 0xf2, 0x00, 0x02, 0x40, 0x00, 0x00,
    0x01, 0x9f, 0xff, 0xfc, 0x00, 0x00, 0x00, 0x00,
    0x00, 0x00, 0x08, 0xff, 0xff, 0x40, 0x00, 0x00,
    0x00, 0x00, 0x00, 0x00, 0xef, 0xff, 0xa0, 0x00,
    0x00, 0x00, 0x00, 0x00, 0x00, 0x7f, 0xff, 0xe0,
    0x00, 0x00, 0x00, 0x00, 0x00, 0x00, 0x3f, 0xff,
    0xf1, 0x00, 0x0f, 0xff, 0xff, 0xff, 0xff, 0xff,
    0xff, 0xf3, 0x00, 0x0f, 0xff, 0xff, 0xff, 0xff,
    0xff, 0xff, 0xf4, 0x00, 0x0f, 0xff, 0xff, 0xff,
    0xff, 0xff, 0xff, 0xf4, 0x00, 0x03, 0x44, 0x44,
    0x44, 0x44, 0x5f, 0xff, 0xf3, 0x00, 0x00, 0x00,
    0x00, 0x00, 0x00, 0x3f, 0xff, 0xf1, 0x00, 0x00,
    0x00, 0x00, 0x00, 0x00, 0x7f, 0xff, 0xe0, 0x00,
    0x00, 0x00, 0x00, 0x00, 0x00, 0xef, 0xff, 0x90,
    0x00, 0x00, 0x00, 0x00, 0x00, 0x09, 0xff, 0xff,
    0x30, 0x35, 0x00, 0x00, 0x00, 0x01, 0xaf, 0xff,
    0xfb, 0x00, 0x5f, 0xfc, 0xa8, 0x89, 0xbf, 0xff,
    0xff, 0xe1, 0x00, 0x5f, 0xff, 0xff, 0xff, 0xff,
    0xff, 0xfe, 0x20, 0x00, 0x5f, 0xff, 0xff, 0xff,
    0xff, 0xff, 0xa1, 0x00, 0x00, 0x02, 0x7b, 0xdf,
    0xff, 0xeb, 0x72, 0x00, 0x00, 0x00,

    /* U+044E "ю" */
    0xaf, 0xff, 0x90, 0x00, 0x00, 0x00, 0x01, 0x7b,
    0xef, 0xfe, 0xb7, 0x10, 0x00, 0x00, 0xaf, 0xff,
    0x90, 0x00, 0x00, 0x00, 0x7f, 0xff, 0xff, 0xff,
    0xff, 0xf7, 0x00, 0x00, 0xaf, 0xff, 0x90, 0x00,
    0x00, 0x0b, 0xff, 0xff, 0xff, 0xff, 0xff, 0xff,
    0xa0, 0x00, 0xaf, 0xff, 0x90, 0x00, 0x00, 0x9f,
    0xff, 0xff, 0xa8, 0x8a, 0xff, 0xff, 0xf8, 0x00,
    0xaf, 0xff, 0x90, 0x00, 0x03, 0xff, 0xff, 0xb1,
    0x00, 0x00, 0x0a, 0xff, 0xff, 0x30, 0xaf, 0xff,
    0x90, 0x00, 0x0a, 0xff, 0xfd, 0x00, 0x00, 0x00,
    0x00, 0xcf, 0xff, 0xb0, 0xaf, 0xff, 0x90, 0x00,
    0x0f, 0xff, 0xf5, 0x00, 0x00, 0x00, 0x00, 0x5f,
    0xff, 0xf1, 0xaf, 0xff, 0x90, 0x00, 0x4f, 0xff,
    0xf1, 0x00, 0x00, 0x00, 0x00, 0x0f, 0xff, 0xf5,
    0xaf, 0xff, 0x90, 0x00, 0x7f, 0xff, 0xd0, 0x00,
    0x00, 0x00, 0x00, 0x0d, 0xff, 0xf8, 0xaf, 0xff,
    0xff, 0xff, 0xff, 0xff, 0xb0, 0x00, 0x00, 0x00,
    0x00, 0x0b, 0xff, 0xfa, 0xaf, 0xff, 0xff, 0xff,
    0xff, 0xff, 0xb0, 0x00, 0x00, 0x00, 0x00, 0x0a,
    0xff, 0xfb, 0xaf, 0xff, 0xff, 0xff, 0xff, 0xff,
    0xb0, 0x00, 0x00, 0x00, 0x00, 0x0a, 0xff, 0xfb,
    0xaf, 0xff, 0xc7, 0x77, 0xcf, 0xff, 0xc0, 0x00,
    0x00, 0x00, 0x00, 0x0b, 0xff, 0xfa, 0xaf, 0xff,
    0x90, 0x00, 0x7f, 0xff, 0xd0, 0x00, 0x00, 0x00,
    0x00, 0x0d, 0xff, 0xf8, 0xaf, 0xff, 0x90, 0x00,
    0x4f, 0xff, 0xf1, 0x00, 0x00, 0x00, 0x00, 0x0f,
    0xff, 0xf5, 0xaf, 0xff, 0x90, 0x00, 0x0f, 0xff,
    0xf6, 0x00, 0x00, 0x00, 0x00, 0x5f, 0xff, 0xf1,
    0xaf, 0xff, 0x90, 0x00, 0x0a, 0xff, 0xfd, 0x00,
    0x00, 0x00, 0x00, 0xdf, 0xff, 0xb0, 0xaf, 0xff,
    0x90, 0x00, 0x02, 0xff, 0xff, 0xb1, 0x00, 0x00,
    0x1a, 0xff, 0xff, 0x40, 0xaf, 0xff, 0x90, 0x00,
    0x00, 0x8f, 0xff, 0xff, 0xa8, 0x8a, 0xff, 0xff,
    0xf9, 0x00, 0xaf, 0xff, 0x90, 0x00, 0x00, 0x0a,
    0xff, 0xff, 0xff, 0xff, 0xff, 0xff, 0xb0, 0x00,
    0xaf, 0xff, 0x90, 0x00, 0x00, 0x00, 0x7f, 0xff,
    0xff, 0xff, 0xff, 0xf8, 0x00, 0x00, 0xaf, 0xff,
    0x90, 0x00, 0x00, 0x00, 0x01, 0x7b, 0xef, 0xfe,
    0xb7, 0x10, 0x00, 0x00,

    /* U+044F "я" */
    0x00, 0x00, 0x05, 0xad, 0xff, 0xff, 0xff, 0xff,
    0xff, 0xf3, 0x00, 0x03, 0xdf, 0xff, 0xff, 0xff,
    0xff, 0xff, 0xff, 0xf3, 0x00, 0x3f, 0xff, 0xff,
    0xff, 0xff, 0xff, 0xff, 0xff, 0xf3, 0x00, 0xdf,
    0xff, 0xfc, 0x75, 0x44, 0x44, 0x5f, 0xff, 0xf3,
    0x04, 0xff, 0xff, 0x80, 0x00, 0x00, 0x00, 0x1f,
    0xff, 0xf3, 0x07, 0xff, 0xff, 0x00, 0x00, 0x00,
    0x00, 0x1f, 0xff, 0xf3, 0x09, 0xff, 0xfc, 0x00,
    0x00, 0x00, 0x00, 0x1f, 0xff, 0xf3, 0x09, 0xff,
    0xfc, 0x00, 0x00, 0x00, 0x00, 0x1f, 0xff, 0xf3,
    0x07, 0xff, 0xff, 0x10, 0x00, 0x00, 0x00, 0x1f,
    0xff, 0xf3, 0x03, 0xff, 0xff, 0xa0, 0x00, 0x00,
    0x00, 0x1f, 0xff, 0xf3, 0x00, 0xbf, 0xff, 0xfe,
    0x85, 0x44, 0x44, 0x5f, 0xff, 0xf3, 0x00, 0x1e,
    0xff, 0xff, 0xff, 0xff, 0xff, 0xff, 0xff, 0xf3,
    0x00, 0x01, 0xbf, 0xff, 0xff, 0xff, 0xff, 0xff,
    0xff, 0xf3, 0x00, 0x00, 0x03, 0xff, 0xff, 0xff,
    0xff, 0xff, 0xff, 0xf3, 0x00, 0x00, 0x09, 0xff,
    0xff, 0x20, 0x00, 0x1f, 0xff, 0xf3, 0x00, 0x00,
    0x4f, 0xff, 0xf6, 0x00, 0x00, 0x1f, 0xff, 0xf3,
    0x00, 0x01, 0xef, 0xff, 0xb0, 0x00, 0x00, 0x1f,
    0xff, 0xf3, 0x00, 0x0b, 0xff, 0xfe, 0x10, 0x00,
    0x00, 0x1f, 0xff, 0xf3, 0x00, 0x6f, 0xff, 0xf5,
    0x00, 0x00, 0x00, 0x1f, 0xff, 0xf3, 0x02, 0xff,
    0xff, 0xa0, 0x00, 0x00, 0x00, 0x1f, 0xff, 0xf3,
    0x0c, 0xff, 0xfe, 0x10, 0x00, 0x00, 0x00, 0x1f,
    0xff, 0xf3, 0x8f, 0xff, 0xf4, 0x00, 0x00, 0x00,
    0x00, 0x1f, 0xff, 0xf3,

    /* U+0451 "ё" */
    0x00, 0x00, 0x08, 0xfe, 0x50, 0x00, 0x1c, 0xfb,
    0x10, 0x00, 0x00, 0x00, 0x2f, 0xff, 0xe0, 0x00,
    0x9f, 0xff, 0x80, 0x00, 0x00, 0x00, 0x4f, 0xff,
    0xf0, 0x00, 0xaf, 0xff, 0x90, 0x00, 0x00, 0x00,
    0x1f, 0xff, 0xc0, 0x00, 0x6f, 0xff, 0x50, 0x00,
    0x00, 0x00, 0x02, 0x87, 0x10, 0x00, 0x05, 0x85,
    0x00, 0x00, 0x00, 0x00, 0x00, 0x00, 0x00, 0x00,
    0x00, 0x00, 0x00, 0x00, 0x00, 0x00, 0x00, 0x00,
    0x00, 0x00, 0x00, 0x00, 0x00, 0x00, 0x00, 0x00,
    0x00, 0x28, 0xcf, 0xff, 0xda, 0x40, 0x00, 0x00,
    0x00, 0x00, 0x1a, 0xff, 0xff, 0xff, 0xff, 0xfc,
    0x20, 0x00, 0x00, 0x02, 0xef, 0xff, 0xff, 0xff,
    0xff, 0xff, 0xf3, 0x00, 0x00, 0x0d, 0xff, 0xff,
    0xa6, 0x45, 0x9f, 0xff, 0xfe, 0x10, 0x00, 0x9f,
    0xff, 0xf4, 0x00, 0x00, 0x03, 0xef, 0xff, 0x90,
    0x01, 0xff, 0xff, 0x50, 0x00, 0x00, 0x00, 0x5f,
    0xff, 0xf1, 0x07, 0xff, 0xfd, 0x00, 0x00, 0x00,
    0x00, 0x0e, 0xff, 0xf5, 0x0c, 0xff, 0xf9, 0x00,
    0x00, 0x00, 0x00, 0x0b, 0xff, 0xf8, 0x0f, 0xff,
    0xf8, 0x33, 0x33, 0x33, 0x33, 0x3b, 0xff, 0xfa,
    0x1f, 0xff, 0xff, 0xff, 0xff, 0xff, 0xff, 0xff,
    0xff, 0xfb, 0x2f, 0xff, 0xff, 0xff, 0xff, 0xff,
    0xff, 0xff, 0xff, 0xfb, 0x2f, 0xff, 0xff, 0xff,
    0xff, 0xff, 0xff, 0xff, 0xff, 0xfb, 0x1f, 0xff,
    0xf4, 0x00, 0x00, 0x00, 0x00, 0x00, 0x00, 0x00,
    0x0f, 0xff, 0xf6, 0x00, 0x00, 0x00, 0x00, 0x00,
    0x00, 0x00, 0x0c, 0xff, 0xfa, 0x00, 0x00, 0x00,
    0x00, 0x00, 0x00, 0x00, 0x08, 0xff, 0xff, 0x10,
    0x00, 0x00, 0x00, 0x00, 0x00, 0x00, 0x02, 0xff,
    0xff, 0xb0, 0x00, 0x00, 0x00, 0x00, 0x00, 0x00,
    0x00, 0x9f, 0xff, 0xfc, 0x20, 0x00, 0x00, 0x00,
    0x38, 0x90, 0x00, 0x0d, 0xff, 0xff, 0xfc, 0x98,
    0x89, 0xbe, 0xff, 0xb0, 0x00, 0x01, 0xdf, 0xff,
    0xff, 0xff, 0xff, 0xff, 0xff, 0xb0, 0x00, 0x00,
    0x08, 0xff, 0xff, 0xff, 0xff, 0xff, 0xff, 0x70,
    0x00, 0x00, 0x00, 0x16, 0xbd, 0xff, 0xfe, 0xc9,
    0x50, 0x00
};

/*---------------------
 *  GLYPH DESCRIPTION
 *--------------------*/

static const lv_font_fmt_txt_glyph_dsc_t glyph_dsc[] = {
    {.bitmap_index = 0, .adv_w = 0, .box_w = 0, .box_h = 0, .ofs_x = 0, .ofs_y = 0} /* id = 0 reserved */,
    {.bitmap_index = 0, .adv_w = 356, .box_w = 17, .box_h = 36, .ofs_x = 3, .ofs_y = 0},
    {.bitmap_index = 306, .adv_w = 419, .box_w = 27, .box_h = 29, .ofs_x = 0, .ofs_y = 0},
    {.bitmap_index = 698, .adv_w = 399, .box_w = 20, .box_h = 29, .ofs_x = 3, .ofs_y = 0},
    {.bitmap_index = 988, .adv_w = 419, .box_w = 22, .box_h = 29, .ofs_x = 3, .ofs_y = 0},
    {.bitmap_index = 1307, .adv_w = 336, .box_w = 17, .box_h = 29, .ofs_x = 3, .ofs_y = 0},
    {.bitmap_index = 1554, .adv_w = 476, .box_w = 30, .box_h = 36, .ofs_x = 0, .ofs_y = -7},
    {.bitmap_index = 2094, .adv_w = 356, .box_w = 17, .box_h = 29, .ofs_x = 3, .ofs_y = 0},
    {.bitmap_index = 2341, .adv_w = 596, .box_w = 38, .box_h = 29, .ofs_x = 0, .ofs_y = 0},
    {.bitmap_index = 2892, .adv_w = 372, .box_w = 21, .box_h = 29, .ofs_x = 1, .ofs_y = 0},
    {.bitmap_index = 3197, .adv_w = 490, .box_w = 24, .box_h = 29, .ofs_x = 3, .ofs_y = 0},
    {.bitmap_index = 3545, .adv_w = 490, .box_w = 24, .box_h = 37, .ofs_x = 3, .ofs_y = 0},
    {.bitmap_index = 3989, .adv_w = 413, .box_w = 23, .box_h = 29, .ofs_x = 3, .ofs_y = 0},
    {.bitmap_index = 4323, .adv_w = 453, .box_w = 25, .box_h = 29, .ofs_x = 0, .ofs_y = 0},
    {.bitmap_index = 4686, .adv_w = 588, .box_w = 30, .box_h = 29, .ofs_x = 3, .ofs_y = 0},
    {.bitmap_index = 5121, .adv_w = 481, .box_w = 24, .box_h = 29, .ofs_x = 3, .ofs_y = 0},
    {.bitmap_index = 5469, .adv_w = 490, .box_w = 27, .box_h = 29, .ofs_x = 2, .ofs_y = 0},
    {.bitmap_index = 5861, .adv_w = 475, .box_w = 23, .box_h = 29, .ofs_x = 3, .ofs_y = 0},
    {.bitmap_index = 6195, .adv_w = 390, .box_w = 20, .box_h = 29, .ofs_x = 3, .ofs_y = 0},
    {.bitmap_index = 6485, .adv_w = 410, .box_w = 23, .box_h = 29, .ofs_x = 2, .ofs_y = 0},
    {.bitmap_index = 6819, .adv_w = 360, .box_w = 22, .box_h = 29, .ofs_x = 0, .ofs_y = 0},
    {.bitmap_index = 7138, .adv_w = 400, .box_w = 25, .box_h = 29, .ofs_x = 0, .ofs_y = 0},
    {.bitmap_index = 7501, .adv_w = 539, .box_w = 30, .box_h = 30, .ofs_x = 2, .ofs_y = -1},
    {.bitmap_index = 7951, .adv_w = 391, .box_w = 25, .box_h = 29, .ofs_x = 0, .ofs_y = 0},
    {.bitmap_index = 8314, .adv_w = 481, .box_w = 27, .box_h = 36, .ofs_x = 3, .ofs_y = -7},
    {.bitmap_index = 8800, .adv_w = 440, .box_w = 22, .box_h = 29, .ofs_x = 2, .ofs_y = 0},
    {.bitmap_index = 9119, .adv_w = 669, .box_w = 36, .box_h = 29, .ofs_x = 3, .ofs_y = 0},
    {.bitmap_index = 9641, .adv_w = 666, .box_w = 39, .box_h = 36, .ofs_x = 3, .ofs_y = -7},
    {.bitmap_index = 10343, .adv_w = 451, .box_w = 27, .box_h = 29, .ofs_x = 0, .ofs_y = 0},
    {.bitmap_index = 10735, .adv_w = 557, .box_w = 28, .box_h = 29, .ofs_x = 3, .ofs_y = 0},
    {.bitmap_index = 11141, .adv_w = 396, .box_w = 20, .box_h = 29, .ofs_x = 3, .ofs_y = 0},
    {.bitmap_index = 11431, .adv_w = 416, .box_w = 23, .box_h = 29, .ofs_x = 1, .ofs_y = 0},
    {.bitmap_index = 11765, .adv_w = 643, .box_w = 35, .box_h = 29, .ofs_x = 3, .ofs_y = 0},
    {.bitmap_index = 12273, .adv_w = 417, .box_w = 22, .box_h = 29, .ofs_x = 1, .ofs_y = 0},
    {.bitmap_index = 12592, .adv_w = 364, .box_w = 19, .box_h = 22, .ofs_x = 1, .ofs_y = 0},
    {.bitmap_index = 12801, .adv_w = 387, .box_w = 21, .box_h = 32, .ofs_x = 2, .ofs_y = 0},
    {.bitmap_index = 13137, .adv_w = 367, .box_w = 19, .box_h = 22, .ofs_x = 3, .ofs_y = 0},
    {.bitmap_index = 13346, .adv_w = 287, .box_w = 15, .box_h = 22, .ofs_x = 3, .ofs_y = 0},
    {.bitmap_index = 13511, .adv_w = 394, .box_w = 25, .box_h = 28, .ofs_x = 0, .ofs_y = -6},
    {.bitmap_index = 13861, .adv_w = 359, .box_w = 20, .box_h = 22, .ofs_x = 1, .ofs_y = 0},
    {.bitmap_index = 14081, .adv_w = 506, .box_w = 32, .box_h = 22, .ofs_x = 0, .ofs_y = 0},
    {.bitmap_index = 14433, .adv_w = 317, .box_w = 18, .box_h = 22, .ofs_x = 1, .ofs_y = 0},
    {.bitmap_index = 14631, .adv_w = 408, .box_w = 20, .box_h = 22, .ofs_x = 3, .ofs_y = 0},
    {.bitmap_index = 14851, .adv_w = 408, .box_w = 20, .box_h = 30, .ofs_x = 3, .ofs_y = 0},
    {.bitmap_index = 15151, .adv_w = 356, .box_w = 19, .box_h = 22, .ofs_x = 3, .ofs_y = 0},
    {.bitmap_index = 15360, .adv_w = 383, .box_w = 21, .box_h = 22, .ofs_x = 0, .ofs_y = 0},
    {.bitmap_index = 15591, .adv_w = 504, .box_w = 26, .box_h = 22, .ofs_x = 3, .ofs_y = 0},
    {.bitmap_index = 15877, .adv_w = 401, .box_w = 19, .box_h = 22, .ofs_x = 3, .ofs_y = 0},
    {.bitmap_index = 16086, .adv_w = 385, .box_w = 22, .box_h = 22, .ofs_x = 1, .ofs_y = 0},
    {.bitmap_index = 16328, .adv_w = 396, .box_w = 19, .box_h = 22, .ofs_x = 3, .ofs_y = 0},
    {.bitmap_index = 16537, .adv_w = 394, .box_w = 20, .box_h = 32, .ofs_x = 3, .ofs_y = -10},
    {.bitmap_index = 16857, .adv_w = 321, .box_w = 18, .box_h = 22, .ofs_x = 1, .ofs_y = 0},
    {.bitmap_index = 17055, .adv_w = 305, .box_w = 19, .box_h = 22, .ofs_x = 0, .ofs_y = 0},
    {.bitmap_index = 17264, .adv_w = 337, .box_w = 22, .box_h = 32, .ofs_x = 0, .ofs_y = -10},
    {.bitmap_index = 17616, .adv_w = 486, .box_w = 28, .box_h = 40, .ofs_x = 1, .ofs_y = -10},
    {.bitmap_index = 18176, .adv_w = 340, .box_w = 21, .box_h = 22, .ofs_x = 0, .ofs_y = 0},
    {.bitmap_index = 18407, .adv_w = 399, .box_w = 22, .box_h = 28, .ofs_x = 3, .ofs_y = -6},
    {.bitmap_index = 18715, .adv_w = 386, .box_w = 19, .box_h = 22, .ofs_x = 2, .ofs_y = 0},
    {.bitmap_index = 18924, .adv_w = 583, .box_w = 31, .box_h = 22, .ofs_x = 3, .ofs_y = 0},
    {.bitmap_index = 19265, .adv_w = 585, .box_w = 34, .box_h = 28, .ofs_x = 3, .ofs_y = -6},
    {.bitmap_index = 19741, .adv_w = 408, .box_w = 24, .box_h = 22, .ofs_x = 0, .ofs_y = 0},
    {.bitmap_index = 20005, .adv_w = 504, .box_w = 26, .box_h = 22, .ofs_x = 3, .ofs_y = 0},
    {.bitmap_index = 20291, .adv_w = 358, .box_w = 18, .box_h = 22, .ofs_x = 3, .ofs_y = 0},
    {.bitmap_index = 20489, .adv_w = 322, .box_w = 18, .box_h = 22, .ofs_x = 1, .ofs_y = 0},
    {.bitmap_index = 20687, .adv_w = 521, .box_w = 28, .box_h = 22, .ofs_x = 3, .ofs_y = 0},
    {.bitmap_index = 20995, .adv_w = 374, .box_w = 20, .box_h = 22, .ofs_x = 1, .ofs_y = 0},
    {.bitmap_index = 21215, .adv_w = 359, .box_w = 20, .box_h = 29, .ofs_x = 1, .ofs_y = 0}
};

/*---------------------
 *  CHARACTER MAPPING
 *--------------------*/



/*Collect the unicode lists and glyph_id offsets*/
static const lv_font_fmt_txt_cmap_t cmaps[] =
{
    {
        .range_start = 1025, .range_length = 1, .glyph_id_start = 1,
        .unicode_list = NULL, .glyph_id_ofs_list = NULL, .list_length = 0, .type = LV_FONT_FMT_TXT_CMAP_FORMAT0_TINY
    },
    {
        .range_start = 1040, .range_length = 64, .glyph_id_start = 2,
        .unicode_list = NULL, .glyph_id_ofs_list = NULL, .list_length = 0, .type = LV_FONT_FMT_TXT_CMAP_FORMAT0_TINY
    },
    {
        .range_start = 1105, .range_length = 1, .glyph_id_start = 66,
        .unicode_list = NULL, .glyph_id_ofs_list = NULL, .list_length = 0, .type = LV_FONT_FMT_TXT_CMAP_FORMAT0_TINY
    }
};



/*--------------------
 *  ALL CUSTOM DATA
 *--------------------*/

#if LVGL_VERSION_MAJOR == 8
/*Store all the custom data of the font*/
static  lv_font_fmt_txt_glyph_cache_t cache;
#endif

#if LVGL_VERSION_MAJOR >= 8
static const lv_font_fmt_txt_dsc_t font_dsc = {
#else
static lv_font_fmt_txt_dsc_t font_dsc = {
#endif
    .glyph_bitmap = glyph_bitmap,
    .glyph_dsc = glyph_dsc,
    .cmaps = cmaps,
    .kern_dsc = NULL,
    .kern_scale = 0,
    .cmap_num = 3,
    .bpp = 4,
    .kern_classes = 0,
    .bitmap_format = 0,
#if LVGL_VERSION_MAJOR == 8
    .cache = &cache
#endif

};



/*-----------------
 *  PUBLIC FONT
 *----------------*/

/*Initialize a public general font descriptor*/
#if LVGL_VERSION_MAJOR >= 8
const lv_font_t NS_Medium_ru_40_data = {
#else
lv_font_t NS_Medium_ru_40_data = {
#endif
    .get_glyph_dsc = lv_font_get_glyph_dsc_fmt_txt,    /*Function pointer to get glyph's data*/
    .get_glyph_bitmap = lv_font_get_bitmap_fmt_txt,    /*Function pointer to get glyph's bitmap*/
    .line_height = 47,          /*The maximum line height required by the font*/
    .base_line = 10,             /*Baseline measured from the bottom of the line*/
#if !(LVGL_VERSION_MAJOR == 6 && LVGL_VERSION_MINOR == 0)
    .subpx = LV_FONT_SUBPX_NONE,
#endif
#if LV_VERSION_CHECK(7, 4, 0) || LVGL_VERSION_MAJOR >= 8
    .underline_position = -4,
    .underline_thickness = 2,
#endif

#if LV_VERSION_CHECK(9, 3, 0)
    .static_bitmap = 1,    /*Bitmaps are stored as const so they are always static if not compressed */
#endif

    .dsc = &font_dsc,          /*The custom font data. Will be accessed by `get_glyph_bitmap/dsc` */
#if LV_VERSION_CHECK(8, 2, 0) || LVGL_VERSION_MAJOR >= 9
    .fallback = NULL,
#endif
    .user_data = NULL,
};



#endif /*#if NS_MEDIUM_RU_40_DATA*/
