/*******************************************************************************
 * Size: 30 px
 * Bpp: 4
 * Opts: --font /fonts/raw/languages/NotoSansSC-Medium.ttf -o /fonts/NS_Medium_zh_30_data.c --size 30 --bpp 4 --format lvgl --no-compress --symbols ♥。一七三上不乐九二于云五亚亮代件位使俊倾停健光全八六关内出到制动勿十卡卷厂压取可同后向吗启周和唤器四固图圆在地型基声备复多大天太始媚存定导将小尼屏展已幕并序库应度康开式形态恢您情成所手打扰找报振据接控收数文断新方旋无日时明星是暂更月有期本机查标格模次步每气池法活消清温版状生用由电的盘相看睡知码确示秒程稍类系终统继续网置联肯能航行表要觉言警设话语请贮费起跃跑身转轴达这进连逐通造部醒重链闪闭间阳阴除雪雷霾非音预风骤龙，？ --range 0x20-0x7F --lv-fallback NS_Medium_jp_30_data
 ******************************************************************************/

#ifdef __has_include
    #if __has_include("lvgl.h")
        #ifndef LV_LVGL_H_INCLUDE_SIMPLE
            #define LV_LVGL_H_INCLUDE_SIMPLE
        #endif
    #endif
#endif

#ifdef LV_LVGL_H_INCLUDE_SIMPLE
    #include "lvgl.h"
#else
    #include "lvgl/lvgl.h"
#endif



#ifndef NS_MEDIUM_ZH_30_DATA
#define NS_MEDIUM_ZH_30_DATA 1
#endif

#if NS_MEDIUM_ZH_30_DATA

/*-----------------
 *    BITMAPS
 *----------------*/

/*Store the image of the glyphs*/
static LV_ATTRIBUTE_LARGE_CONST const uint8_t glyph_bitmap[] = {
    /* U+0020 " " */

    /* U+0021 "!" */
    0x09, 0xff, 0xe0, 0x08, 0xff, 0xd0, 0x08, 0xff,
    0xd0, 0x07, 0xff, 0xd0, 0x07, 0xff, 0xc0, 0x06,
    0xff, 0xb0, 0x06, 0xff, 0xb0, 0x05, 0xff, 0xa0,
    0x04, 0xff, 0x90, 0x04, 0xff, 0x80, 0x03, 0xff,
    0x80, 0x02, 0xff, 0x70, 0x02, 0xff, 0x60, 0x01,
    0xff, 0x60, 0x01, 0xff, 0x50, 0x00, 0xaa, 0x30,
    0x00, 0x00, 0x00, 0x00, 0x00, 0x00, 0x03, 0xcd,
    0x70, 0x0e, 0xff, 0xf4, 0x2f, 0xff, 0xf7, 0x0e,
    0xff, 0xf4, 0x04, 0xef, 0x80,

    /* U+0022 "\"" */
    0x29, 0x99, 0x20, 0x06, 0x99, 0x74, 0xff, 0xf3,
    0x00, 0xbf, 0xfd, 0x4f, 0xff, 0x30, 0x0b, 0xff,
    0xc4, 0xff, 0xf2, 0x00, 0xaf, 0xfc, 0x2f, 0xff,
    0x10, 0x09, 0xff, 0xb1, 0xff, 0xf0, 0x00, 0x7f,
    0xf9, 0x0f, 0xfe, 0x00, 0x05, 0xff, 0x70, 0xdf,
    0xc0, 0x00, 0x3f, 0xf5, 0x0b, 0xfa, 0x00, 0x02,
    0xff, 0x30, 0x9f, 0x80, 0x00, 0x0f, 0xf1,

    /* U+0023 "#" */
    0x00, 0x00, 0x5f, 0xc0, 0x00, 0x1f, 0xf1, 0x00,
    0x00, 0x00, 0x7f, 0xa0, 0x00, 0x3f, 0xf0, 0x00,
    0x00, 0x00, 0x9f, 0x80, 0x00, 0x5f, 0xd0, 0x00,
    0x00, 0x00, 0xbf, 0x60, 0x00, 0x7f, 0xb0, 0x00,
    0x00, 0x00, 0xdf, 0x40, 0x00, 0x9f, 0x90, 0x00,
    0x00, 0x00, 0xff, 0x20, 0x00, 0xbf, 0x70, 0x00,
    0x2f, 0xff, 0xff, 0xff, 0xff, 0xff, 0xff, 0xf1,
    0x2f, 0xff, 0xff, 0xff, 0xff, 0xff, 0xff, 0xf1,
    0x05, 0x59, 0xfd, 0x55, 0x56, 0xff, 0x65, 0x50,
    0x00, 0x07, 0xfa, 0x00, 0x03, 0xff, 0x00, 0x00,
    0x00, 0x09, 0xf8, 0x00, 0x05, 0xfd, 0x00, 0x00,
    0x00, 0x0b, 0xf6, 0x00, 0x07, 0xfb, 0x00, 0x00,
    0x00, 0x0d, 0xf4, 0x00, 0x09, 0xf9, 0x00, 0x00,
    0xdf, 0xff, 0xff, 0xff, 0xff, 0xff, 0xff, 0x60,
    0xdf, 0xff, 0xff, 0xff, 0xff, 0xff, 0xff, 0x60,
    0x45, 0x7f, 0xf5, 0x55, 0x5f, 0xf7, 0x55, 0x20,
    0x00, 0x5f, 0xd0, 0x00, 0x0f, 0xf2, 0x00, 0x00,
    0x00, 0x7f, 0xb0, 0x00, 0x2f, 0xf0, 0x00, 0x00,
    0x00, 0x9f, 0x90, 0x00, 0x4f, 0xe0, 0x00, 0x00,
    0x00, 0xbf, 0x70, 0x00, 0x6f, 0xc0, 0x00, 0x00,
    0x00, 0xdf, 0x50, 0x00, 0x8f, 0xa0, 0x00, 0x00,
    0x00, 0xff, 0x30, 0x00, 0xaf, 0x80, 0x00, 0x00,

    /* U+0024 "$" */
    0x00, 0x00, 0x00, 0x48, 0x60, 0x00, 0x00, 0x00,
    0x00, 0x00, 0x09, 0xfd, 0x00, 0x00, 0x00, 0x00,
    0x00, 0x00, 0x9f, 0xd0, 0x00, 0x00, 0x00, 0x00,
    0x00, 0x09, 0xfd, 0x00, 0x00, 0x00, 0x00, 0x00,
    0x4a, 0xff, 0xfd, 0x92, 0x00, 0x00, 0x00, 0xaf,
    0xff, 0xff, 0xff, 0xf6, 0x00, 0x00, 0x9f, 0xff,
    0xfe, 0xef, 0xff, 0xf6, 0x00, 0x1f, 0xff, 0xb1,
    0x00, 0x19, 0xfd, 0x10, 0x06, 0xff, 0xf1, 0x00,
    0x00, 0x04, 0x20, 0x00, 0x8f, 0xfd, 0x00, 0x00,
    0x00, 0x00, 0x00, 0x07, 0xff, 0xe0, 0x00, 0x00,
    0x00, 0x00, 0x00, 0x4f, 0xff, 0x80, 0x00, 0x00,
    0x00, 0x00, 0x00, 0xcf, 0xff, 0xa2, 0x00, 0x00,
    0x00, 0x00, 0x02, 0xdf, 0xff, 0xf9, 0x20, 0x00,
    0x00, 0x00, 0x01, 0xaf, 0xff, 0xff, 0x91, 0x00,
    0x00, 0x00, 0x00, 0x3b, 0xff, 0xff, 0xe3, 0x00,
    0x00, 0x00, 0x00, 0x03, 0xcf, 0xff, 0xe1, 0x00,
    0x00, 0x00, 0x00, 0x00, 0x8f, 0xff, 0x90, 0x00,
    0x00, 0x00, 0x00, 0x00, 0xbf, 0xfe, 0x00, 0x00,
    0x00, 0x00, 0x00, 0x05, 0xff, 0xf0, 0x00, 0x00,
    0x00, 0x00, 0x00, 0x4f, 0xff, 0x00, 0x2b, 0x10,
    0x00, 0x00, 0x09, 0xff, 0xd0, 0x0d, 0xff, 0x82,
    0x00, 0x07, 0xff, 0xf8, 0x02, 0xef, 0xff, 0xff,
    0xef, 0xff, 0xfd, 0x10, 0x01, 0xaf, 0xff, 0xff,
    0xff, 0xfd, 0x20, 0x00, 0x00, 0x28, 0xcf, 0xff,
    0xb6, 0x00, 0x00, 0x00, 0x00, 0x00, 0x9f, 0xd0,
    0x00, 0x00, 0x00, 0x00, 0x00, 0x09, 0xfd, 0x00,
    0x00, 0x00, 0x00, 0x00, 0x00, 0x9f, 0xd0, 0x00,
    0x00, 0x00, 0x00, 0x00, 0x04, 0x86, 0x00, 0x00,
    0x00,

    /* U+0025 "%" */
    0x00, 0x3b, 0xef, 0xd7, 0x00, 0x00, 0x00, 0x00,
    0x04, 0xfe, 0x00, 0x00, 0x00, 0x00, 0x5f, 0xff,
    0xff, 0xfc, 0x00, 0x00, 0x00, 0x00, 0xcf, 0x60,
    0x00, 0x00, 0x00, 0x1f, 0xfd, 0x31, 0x7f, 0xf8,
    0x00, 0x00, 0x00, 0x5f, 0xd0, 0x00, 0x00, 0x00,
    0x07, 0xff, 0x20, 0x00, 0xaf, 0xf0, 0x00, 0x00,
    0x0e, 0xf4, 0x00, 0x00, 0x00, 0x00, 0xbf, 0xc0,
    0x00, 0x05, 0xff, 0x40, 0x00, 0x07, 0xfb, 0x00,
    0x00, 0x00, 0x00, 0x0e, 0xfa, 0x00, 0x00, 0x2f,
    0xf6, 0x00, 0x01, 0xef, 0x30, 0x00, 0x00, 0x00,
    0x00, 0xef, 0x90, 0x00, 0x02, 0xff, 0x60, 0x00,
    0x8f, 0xa0, 0x00, 0x00, 0x00, 0x00, 0x0d, 0xfa,
    0x00, 0x00, 0x2f, 0xf6, 0x00, 0x2f, 0xf1, 0x00,
    0x00, 0x00, 0x00, 0x00, 0xbf, 0xc0, 0x00, 0x05,
    0xff, 0x30, 0x0a, 0xf8, 0x00, 0x5d, 0xff, 0xc4,
    0x00, 0x07, 0xff, 0x20, 0x00, 0xaf, 0xf0, 0x03,
    0xfe, 0x10, 0x8f, 0xff, 0xff, 0xf6, 0x00, 0x1f,
    0xfd, 0x20, 0x7f, 0xf8, 0x00, 0xcf, 0x70, 0x4f,
    0xfa, 0x11, 0xbf, 0xf2, 0x00, 0x4f, 0xff, 0xff,
    0xfc, 0x00, 0x4f, 0xd0, 0x0b, 0xfd, 0x00, 0x01,
    0xff, 0x90, 0x00, 0x3b, 0xff, 0xd7, 0x00, 0x0d,
    0xf5, 0x00, 0xff, 0x80, 0x00, 0x0a, 0xfd, 0x00,
    0x00, 0x00, 0x00, 0x00, 0x06, 0xfc, 0x00, 0x2f,
    0xf6, 0x00, 0x00, 0x7f, 0xf0, 0x00, 0x00, 0x00,
    0x00, 0x00, 0xef, 0x30, 0x03, 0xff, 0x40, 0x00,
    0x06, 0xff, 0x10, 0x00, 0x00, 0x00, 0x00, 0x7f,
    0xb0, 0x00, 0x3f, 0xf4, 0x00, 0x00, 0x6f, 0xf1,
    0x00, 0x00, 0x00, 0x00, 0x1f, 0xf2, 0x00, 0x02,
    0xff, 0x60, 0x00, 0x08, 0xff, 0x00, 0x00, 0x00,
    0x00, 0x09, 0xf9, 0x00, 0x00, 0x0f, 0xf9, 0x00,
    0x00, 0xaf, 0xd0, 0x00, 0x00, 0x00, 0x02, 0xff,
    0x10, 0x00, 0x00, 0xaf, 0xe0, 0x00, 0x1f, 0xf8,
    0x00, 0x00, 0x00, 0x00, 0xbf, 0x70, 0x00, 0x00,
    0x03, 0xff, 0xb2, 0x3c, 0xff, 0x10, 0x00, 0x00,
    0x00, 0x3f, 0xe0, 0x00, 0x00, 0x00, 0x07, 0xff,
    0xff, 0xff, 0x50, 0x00, 0x00, 0x00, 0x0c, 0xf6,
    0x00, 0x00, 0x00, 0x00, 0x04, 0xcf, 0xfb, 0x30,
    0x00,

    /* U+0026 "&" */
    0x00, 0x00, 0x05, 0xbf, 0xfe, 0x81, 0x00, 0x00,
    0x00, 0x00, 0x00, 0x00, 0x9f, 0xff, 0xff, 0xfd,
    0x10, 0x00, 0x00, 0x00, 0x00, 0x06, 0xff, 0xf8,
    0x6c, 0xff, 0x80, 0x00, 0x00, 0x00, 0x00, 0x0e,
    0xff, 0x40, 0x01, 0xff, 0xd0, 0x00, 0x00, 0x00,
    0x00, 0x1f, 0xfd, 0x00, 0x00, 0xdf, 0xe0, 0x00,
    0x00, 0x00, 0x00, 0x2f, 0xfc, 0x00, 0x01, 0xff,
    0xc0, 0x00, 0x00, 0x00, 0x00, 0x0f, 0xfe, 0x00,
    0x0a, 0xff, 0x50, 0x00, 0x00, 0x00, 0x00, 0x0c,
    0xff, 0x30, 0xaf, 0xfb, 0x00, 0x00, 0x00, 0x00,
    0x00, 0x06, 0xff, 0xce, 0xff, 0xb0, 0x00, 0x00,
    0x00, 0x00, 0x00, 0x00, 0xef, 0xff, 0xf7, 0x00,
    0x00, 0x00, 0x00, 0x00, 0x00, 0x07, 0xff, 0xff,
    0x40, 0x00, 0x00, 0x00, 0xef, 0xf3, 0x00, 0xbf,
    0xff, 0xff, 0xb0, 0x00, 0x00, 0x04, 0xff, 0xe0,
    0x0b, 0xff, 0xf7, 0xff, 0xf9, 0x00, 0x00, 0x0b,
    0xff, 0x70, 0x5f, 0xff, 0x40, 0x5f, 0xff, 0x80,
    0x00, 0x3f, 0xff, 0x10, 0xcf, 0xf9, 0x00, 0x07,
    0xff, 0xf9, 0x00, 0xcf, 0xf8, 0x00, 0xff, 0xf6,
    0x00, 0x00, 0x8f, 0xff, 0xb9, 0xff, 0xe0, 0x00,
    0xff, 0xf7, 0x00, 0x00, 0x07, 0xff, 0xff, 0xff,
    0x40, 0x00, 0xcf, 0xfd, 0x00, 0x00, 0x00, 0x6f,
    0xff, 0xfd, 0x10, 0x00, 0x7f, 0xff, 0xb1, 0x00,
    0x03, 0xbf, 0xff, 0xff, 0xe7, 0x10, 0x0c, 0xff,
    0xff, 0xdc, 0xef, 0xff, 0xfd, 0xff, 0xff, 0xf7,
    0x01, 0xbf, 0xff, 0xff, 0xff, 0xfe, 0x50, 0x3c,
    0xff, 0xf3, 0x00, 0x04, 0xae, 0xff, 0xeb, 0x60,
    0x00, 0x00, 0x3a, 0xd0,

    /* U+0027 "'" */
    0x29, 0x99, 0x24, 0xff, 0xf3, 0x4f, 0xff, 0x34,
    0xff, 0xf2, 0x2f, 0xff, 0x11, 0xff, 0xf0, 0x0f,
    0xfe, 0x00, 0xdf, 0xc0, 0x0b, 0xfa, 0x00, 0x9f,
    0x80,

    /* U+0028 "(" */
    0x00, 0x00, 0x2a, 0x30, 0x00, 0x00, 0xaf, 0xf1,
    0x00, 0x03, 0xff, 0x80, 0x00, 0x0a, 0xff, 0x10,
    0x00, 0x1f, 0xf9, 0x00, 0x00, 0x8f, 0xf3, 0x00,
    0x00, 0xdf, 0xe0, 0x00, 0x03, 0xff, 0x90, 0x00,
    0x07, 0xff, 0x50, 0x00, 0x0b, 0xff, 0x20, 0x00,
    0x0e, 0xff, 0x00, 0x00, 0x1f, 0xfc, 0x00, 0x00,
    0x2f, 0xfa, 0x00, 0x00, 0x4f, 0xf9, 0x00, 0x00,
    0x4f, 0xf8, 0x00, 0x00, 0x5f, 0xf8, 0x00, 0x00,
    0x4f, 0xf8, 0x00, 0x00, 0x4f, 0xf9, 0x00, 0x00,
    0x3f, 0xfa, 0x00, 0x00, 0x1f, 0xfc, 0x00, 0x00,
    0x0f, 0xfe, 0x00, 0x00, 0x0c, 0xff, 0x10, 0x00,
    0x08, 0xff, 0x40, 0x00, 0x04, 0xff, 0x80, 0x00,
    0x00, 0xef, 0xd0, 0x00, 0x00, 0x9f, 0xf2, 0x00,
    0x00, 0x2f, 0xf8, 0x00, 0x00, 0x0b, 0xfe, 0x00,
    0x00, 0x04, 0xff, 0x70, 0x00, 0x00, 0xbf, 0xe0,
    0x00, 0x00, 0x3d, 0x60,

    /* U+0029 ")" */
    0x06, 0x90, 0x00, 0x00, 0x6f, 0xf5, 0x00, 0x00,
    0x0d, 0xfd, 0x00, 0x00, 0x06, 0xff, 0x50, 0x00,
    0x00, 0xef, 0xc0, 0x00, 0x00, 0x9f, 0xf3, 0x00,
    0x00, 0x3f, 0xf8, 0x00, 0x00, 0x0e, 0xfe, 0x00,
    0x00, 0x0a, 0xff, 0x20, 0x00, 0x07, 0xff, 0x60,
    0x00, 0x04, 0xff, 0x90, 0x00, 0x02, 0xff, 0xc0,
    0x00, 0x00, 0xff, 0xd0, 0x00, 0x00, 0xef, 0xf0,
    0x00, 0x00, 0xef, 0xf0, 0x00, 0x00, 0xdf, 0xf0,
    0x00, 0x00, 0xef, 0xf0, 0x00, 0x00, 0xef, 0xf0,
    0x00, 0x00, 0xff, 0xe0, 0x00, 0x01, 0xff, 0xc0,
    0x00, 0x04, 0xff, 0x90, 0x00, 0x06, 0xff, 0x60,
    0x00, 0x0a, 0xff, 0x30, 0x00, 0x0e, 0xfe, 0x00,
    0x00, 0x3f, 0xf9, 0x00, 0x00, 0x8f, 0xf4, 0x00,
    0x00, 0xef, 0xd0, 0x00, 0x05, 0xff, 0x60, 0x00,
    0x0c, 0xfe, 0x00, 0x00, 0x5f, 0xf6, 0x00, 0x00,
    0x18, 0xc0, 0x00, 0x00,

    /* U+002A "*" */
    0x00, 0x00, 0x0c, 0xf4, 0x00, 0x00, 0x00, 0x00,
    0x0d, 0xf5, 0x00, 0x00, 0x00, 0x00, 0x0f, 0xf7,
    0x00, 0x00, 0x0d, 0xc9, 0x5f, 0xfa, 0x7b, 0xe5,
    0x1f, 0xff, 0xff, 0xff, 0xff, 0xf9, 0x01, 0x8e,
    0xff, 0xff, 0xfb, 0x40, 0x00, 0x02, 0xff, 0xff,
    0x90, 0x00, 0x00, 0x09, 0xff, 0xef, 0xf2, 0x00,
    0x00, 0x3f, 0xf9, 0x2e, 0xfb, 0x00, 0x00, 0x8f,
    0xb0, 0x03, 0xff, 0x10, 0x00, 0x06, 0x00, 0x00,
    0x42, 0x00,

    /* U+002B "+" */
    0x00, 0x00, 0x00, 0x79, 0x80, 0x00, 0x00, 0x00,
    0x00, 0x00, 0x0c, 0xfe, 0x00, 0x00, 0x00, 0x00,
    0x00, 0x00, 0xcf, 0xe0, 0x00, 0x00, 0x00, 0x00,
    0x00, 0x0c, 0xfe, 0x00, 0x00, 0x00, 0x00, 0x00,
    0x00, 0xcf, 0xe0, 0x00, 0x00, 0x00, 0x00, 0x00,
    0x0c, 0xfe, 0x00, 0x00, 0x00, 0x00, 0x00, 0x00,
    0xcf, 0xe0, 0x00, 0x00, 0x0d, 0xff, 0xff, 0xff,
    0xff, 0xff, 0xff, 0xff, 0xdf, 0xff, 0xff, 0xff,
    0xff, 0xff, 0xff, 0xf7, 0x88, 0x88, 0x8e, 0xff,
    0x88, 0x88, 0x88, 0x00, 0x00, 0x00, 0xcf, 0xe0,
    0x00, 0x00, 0x00, 0x00, 0x00, 0x0c, 0xfe, 0x00,
    0x00, 0x00, 0x00, 0x00, 0x00, 0xcf, 0xe0, 0x00,
    0x00, 0x00, 0x00, 0x00, 0x0c, 0xfe, 0x00, 0x00,
    0x00, 0x00, 0x00, 0x00, 0xcf, 0xe0, 0x00, 0x00,
    0x00, 0x00, 0x00, 0x0c, 0xfe, 0x00, 0x00, 0x00,

    /* U+002C "," */
    0x00, 0x36, 0x40, 0x00, 0x5f, 0xff, 0x80, 0x0b,
    0xff, 0xff, 0x10, 0xaf, 0xff, 0xf3, 0x01, 0xcf,
    0xff, 0x40, 0x00, 0x3f, 0xf3, 0x00, 0x07, 0xff,
    0x00, 0x03, 0xff, 0x80, 0x06, 0xff, 0xd0, 0x03,
    0xff, 0xd2, 0x00, 0x0c, 0x80, 0x00, 0x00, 0x00,
    0x00, 0x00,

    /* U+002D "-" */
    0x59, 0x99, 0x99, 0x99, 0x29, 0xff, 0xff, 0xff,
    0xf5, 0x9f, 0xff, 0xff, 0xff, 0x50,

    /* U+002E "." */
    0x1a, 0xea, 0x0a, 0xff, 0xf9, 0xdf, 0xff, 0xca,
    0xff, 0xf9, 0x1b, 0xfb, 0x10,

    /* U+002F "/" */
    0x00, 0x00, 0x00, 0x00, 0x7f, 0xe0, 0x00, 0x00,
    0x00, 0x00, 0xbf, 0xa0, 0x00, 0x00, 0x00, 0x00,
    0xff, 0x50, 0x00, 0x00, 0x00, 0x04, 0xff, 0x10,
    0x00, 0x00, 0x00, 0x09, 0xfc, 0x00, 0x00, 0x00,
    0x00, 0x0d, 0xf8, 0x00, 0x00, 0x00, 0x00, 0x2f,
    0xf3, 0x00, 0x00, 0x00, 0x00, 0x6f, 0xf0, 0x00,
    0x00, 0x00, 0x00, 0xbf, 0xa0, 0x00, 0x00, 0x00,
    0x00, 0xff, 0x60, 0x00, 0x00, 0x00, 0x04, 0xff,
    0x10, 0x00, 0x00, 0x00, 0x08, 0xfd, 0x00, 0x00,
    0x00, 0x00, 0x0d, 0xf9, 0x00, 0x00, 0x00, 0x00,
    0x1f, 0xf4, 0x00, 0x00, 0x00, 0x00, 0x6f, 0xf0,
    0x00, 0x00, 0x00, 0x00, 0xaf, 0xb0, 0x00, 0x00,
    0x00, 0x00, 0xff, 0x70, 0x00, 0x00, 0x00, 0x04,
    0xff, 0x20, 0x00, 0x00, 0x00, 0x08, 0xfe, 0x00,
    0x00, 0x00, 0x00, 0x0d, 0xf9, 0x00, 0x00, 0x00,
    0x00, 0x1f, 0xf5, 0x00, 0x00, 0x00, 0x00, 0x6f,
    0xf0, 0x00, 0x00, 0x00, 0x00, 0xaf, 0xc0, 0x00,
    0x00, 0x00, 0x00, 0xef, 0x70, 0x00, 0x00, 0x00,
    0x03, 0xff, 0x30, 0x00, 0x00, 0x00, 0x08, 0xfe,
    0x00, 0x00, 0x00, 0x00, 0x0c, 0xfa, 0x00, 0x00,
    0x00, 0x00, 0x1f, 0xf5, 0x00, 0x00, 0x00, 0x00,
    0x5f, 0xf1, 0x00, 0x00, 0x00, 0x00, 0x48, 0x60,
    0x00, 0x00, 0x00, 0x00,

    /* U+0030 "0" */
    0x00, 0x00, 0x3a, 0xef, 0xeb, 0x40, 0x00, 0x00,
    0x00, 0x8f, 0xff, 0xff, 0xff, 0xa0, 0x00, 0x00,
    0x7f, 0xff, 0xfc, 0xef, 0xff, 0x90, 0x00, 0x2f,
    0xff, 0xa0, 0x00, 0x8f, 0xff, 0x30, 0x09, 0xff,
    0xd0, 0x00, 0x00, 0xbf, 0xfa, 0x00, 0xef, 0xf7,
    0x00, 0x00, 0x04, 0xff, 0xf0, 0x2f, 0xff, 0x20,
    0x00, 0x00, 0x0f, 0xff, 0x45, 0xff, 0xf0, 0x00,
    0x00, 0x00, 0xdf, 0xf7, 0x7f, 0xfd, 0x00, 0x00,
    0x00, 0x0b, 0xff, 0x98, 0xff, 0xc0, 0x00, 0x00,
    0x00, 0xaf, 0xfa, 0x9f, 0xfb, 0x00, 0x00, 0x00,
    0x09, 0xff, 0xa9, 0xff, 0xb0, 0x00, 0x00, 0x00,
    0x9f, 0xfa, 0x8f, 0xfc, 0x00, 0x00, 0x00, 0x0a,
    0xff, 0xa7, 0xff, 0xd0, 0x00, 0x00, 0x00, 0xbf,
    0xf8, 0x5f, 0xff, 0x00, 0x00, 0x00, 0x0d, 0xff,
    0x62, 0xff, 0xf2, 0x00, 0x00, 0x00, 0xff, 0xf3,
    0x0e, 0xff, 0x70, 0x00, 0x00, 0x5f, 0xff, 0x00,
    0x8f, 0xfe, 0x00, 0x00, 0x0c, 0xff, 0xa0, 0x01,
    0xff, 0xfb, 0x00, 0x09, 0xff, 0xf2, 0x00, 0x06,
    0xff, 0xff, 0xce, 0xff, 0xf8, 0x00, 0x00, 0x07,
    0xff, 0xff, 0xff, 0xf9, 0x00, 0x00, 0x00, 0x03,
    0xae, 0xfe, 0xb4, 0x00, 0x00,

    /* U+0031 "1" */
    0x00, 0x00, 0x29, 0xff, 0xe0, 0x00, 0x00, 0x03,
    0x8c, 0xff, 0xff, 0xe0, 0x00, 0x00, 0x08, 0xff,
    0xff, 0xff, 0xe0, 0x00, 0x00, 0x07, 0xee, 0xef,
    0xff, 0xe0, 0x00, 0x00, 0x00, 0x00, 0x09, 0xff,
    0xe0, 0x00, 0x00, 0x00, 0x00, 0x09, 0xff, 0xe0,
    0x00, 0x00, 0x00, 0x00, 0x09, 0xff, 0xe0, 0x00,
    0x00, 0x00, 0x00, 0x09, 0xff, 0xe0, 0x00, 0x00,
    0x00, 0x00, 0x09, 0xff, 0xe0, 0x00, 0x00, 0x00,
    0x00, 0x09, 0xff, 0xe0, 0x00, 0x00, 0x00, 0x00,
    0x09, 0xff, 0xe0, 0x00, 0x00, 0x00, 0x00, 0x09,
    0xff, 0xe0, 0x00, 0x00, 0x00, 0x00, 0x09, 0xff,
    0xe0, 0x00, 0x00, 0x00, 0x00, 0x09, 0xff, 0xe0,
    0x00, 0x00, 0x00, 0x00, 0x09, 0xff, 0xe0, 0x00,
    0x00, 0x00, 0x00, 0x09, 0xff, 0xe0, 0x00, 0x00,
    0x00, 0x00, 0x09, 0xff, 0xe0, 0x00, 0x00, 0x00,
    0x00, 0x09, 0xff, 0xe0, 0x00, 0x00, 0x00, 0x00,
    0x09, 0xff, 0xe0, 0x00, 0x00, 0x6d, 0xdd, 0xdf,
    0xff, 0xfd, 0xdd, 0xd2, 0x7f, 0xff, 0xff, 0xff,
    0xff, 0xff, 0xf3, 0x7f, 0xff, 0xff, 0xff, 0xff,
    0xff, 0xf3,

    /* U+0032 "2" */
    0x00, 0x04, 0xae, 0xff, 0xd9, 0x20, 0x00, 0x00,
    0x1b, 0xff, 0xff, 0xff, 0xff, 0x60, 0x00, 0x2e,
    0xff, 0xfe, 0xde, 0xff, 0xff, 0x50, 0x09, 0xff,
    0xd4, 0x00, 0x04, 0xef, 0xfe, 0x00, 0x09, 0xb0,
    0x00, 0x00, 0x05, 0xff, 0xf4, 0x00, 0x00, 0x00,
    0x00, 0x00, 0x0f, 0xff, 0x70, 0x00, 0x00, 0x00,
    0x00, 0x00, 0xdf, 0xf8, 0x00, 0x00, 0x00, 0x00,
    0x00, 0x0e, 0xff, 0x70, 0x00, 0x00, 0x00, 0x00,
    0x01, 0xff, 0xf4, 0x00, 0x00, 0x00, 0x00, 0x00,
    0x7f, 0xff, 0x00, 0x00, 0x00, 0x00, 0x00, 0x0e,
    0xff, 0x90, 0x00, 0x00, 0x00, 0x00, 0x09, 0xff,
    0xf1, 0x00, 0x00, 0x00, 0x00, 0x04, 0xff, 0xf6,
    0x00, 0x00, 0x00, 0x00, 0x02, 0xef, 0xfb, 0x00,
    0x00, 0x00, 0x00, 0x01, 0xdf, 0xfe, 0x10, 0x00,
    0x00, 0x00, 0x01, 0xcf, 0xff, 0x20, 0x00, 0x00,
    0x00, 0x01, 0xcf, 0xff, 0x30, 0x00, 0x00, 0x00,
    0x01, 0xdf, 0xff, 0x40, 0x00, 0x00, 0x00, 0x02,
    0xdf, 0xff, 0x40, 0x00, 0x00, 0x00, 0x03, 0xef,
    0xff, 0xed, 0xef, 0xff, 0xff, 0xf9, 0xbf, 0xff,
    0xff, 0xff, 0xff, 0xff, 0xff, 0x9b, 0xff, 0xff,
    0xff, 0xff, 0xff, 0xff, 0xf9,

    /* U+0033 "3" */
    0x00, 0x00, 0x4a, 0xef, 0xfe, 0xa5, 0x00, 0x00,
    0x00, 0x1b, 0xff, 0xff, 0xff, 0xff, 0xc1, 0x00,
    0x02, 0xef, 0xff, 0xfd, 0xdf, 0xff, 0xfd, 0x00,
    0x00, 0xaf, 0xc4, 0x00, 0x02, 0xcf, 0xff, 0x60,
    0x00, 0x06, 0x00, 0x00, 0x00, 0x1f, 0xff, 0xa0,
    0x00, 0x00, 0x00, 0x00, 0x00, 0x0d, 0xff, 0xb0,
    0x00, 0x00, 0x00, 0x00, 0x00, 0x0f, 0xff, 0x80,
    0x00, 0x00, 0x00, 0x00, 0x00, 0x8f, 0xff, 0x20,
    0x00, 0x00, 0x00, 0x02, 0x5b, 0xff, 0xf6, 0x00,
    0x00, 0x00, 0x09, 0xff, 0xff, 0xfd, 0x40, 0x00,
    0x00, 0x00, 0x09, 0xff, 0xff, 0xf9, 0x20, 0x00,
    0x00, 0x00, 0x05, 0x9b, 0xdf, 0xff, 0xf7, 0x00,
    0x00, 0x00, 0x00, 0x00, 0x02, 0xaf, 0xff, 0x60,
    0x00, 0x00, 0x00, 0x00, 0x00, 0x0a, 0xff, 0xe0,
    0x00, 0x00, 0x00, 0x00, 0x00, 0x03, 0xff, 0xf4,
    0x00, 0x00, 0x00, 0x00, 0x00, 0x01, 0xff, 0xf6,
    0x00, 0x00, 0x00, 0x00, 0x00, 0x03, 0xff, 0xf5,
    0x01, 0xe6, 0x00, 0x00, 0x00, 0x0a, 0xff, 0xf2,
    0x0c, 0xff, 0xc4, 0x00, 0x02, 0xaf, 0xff, 0xc0,
    0x09, 0xff, 0xff, 0xfe, 0xff, 0xff, 0xfe, 0x20,
    0x00, 0x5e, 0xff, 0xff, 0xff, 0xff, 0xd2, 0x00,
    0x00, 0x00, 0x6b, 0xef, 0xfe, 0xa5, 0x00, 0x00,

    /* U+0034 "4" */
    0x00, 0x00, 0x00, 0x00, 0x0e, 0xff, 0xf6, 0x00,
    0x00, 0x00, 0x00, 0x00, 0x09, 0xff, 0xff, 0x60,
    0x00, 0x00, 0x00, 0x00, 0x03, 0xff, 0xff, 0xf6,
    0x00, 0x00, 0x00, 0x00, 0x00, 0xdf, 0xfd, 0xff,
    0x60, 0x00, 0x00, 0x00, 0x00, 0x8f, 0xfa, 0xbf,
    0xf6, 0x00, 0x00, 0x00, 0x00, 0x2f, 0xff, 0x2c,
    0xff, 0x60, 0x00, 0x00, 0x00, 0x0c, 0xff, 0x90,
    0xcf, 0xf6, 0x00, 0x00, 0x00, 0x06, 0xff, 0xe0,
    0x0d, 0xff, 0x60, 0x00, 0x00, 0x01, 0xff, 0xf4,
    0x00, 0xdf, 0xf6, 0x00, 0x00, 0x00, 0xbf, 0xf9,
    0x00, 0x0d, 0xff, 0x60, 0x00, 0x00, 0x5f, 0xfe,
    0x10, 0x00, 0xdf, 0xf6, 0x00, 0x00, 0x1e, 0xff,
    0x40, 0x00, 0x0d, 0xff, 0x60, 0x00, 0x0a, 0xff,
    0xa0, 0x00, 0x00, 0xdf, 0xf6, 0x00, 0x04, 0xff,
    0xfc, 0xbb, 0xbb, 0xbf, 0xff, 0xdb, 0xb2, 0x6f,
    0xff, 0xff, 0xff, 0xff, 0xff, 0xff, 0xff, 0x36,
    0xff, 0xff, 0xff, 0xff, 0xff, 0xff, 0xff, 0xf3,
    0x00, 0x00, 0x00, 0x00, 0x00, 0xdf, 0xf6, 0x00,
    0x00, 0x00, 0x00, 0x00, 0x00, 0x0d, 0xff, 0x60,
    0x00, 0x00, 0x00, 0x00, 0x00, 0x00, 0xdf, 0xf6,
    0x00, 0x00, 0x00, 0x00, 0x00, 0x00, 0x0d, 0xff,
    0x60, 0x00, 0x00, 0x00, 0x00, 0x00, 0x00, 0xdf,
    0xf6, 0x00, 0x00, 0x00, 0x00, 0x00, 0x00, 0x0d,
    0xff, 0x60, 0x00,

    /* U+0035 "5" */
    0x00, 0x0c, 0xff, 0xff, 0xff, 0xff, 0xff, 0x70,
    0x00, 0x0d, 0xff, 0xff, 0xff, 0xff, 0xff, 0x70,
    0x00, 0x0e, 0xff, 0xff, 0xff, 0xff, 0xff, 0x60,
    0x00, 0x0f, 0xff, 0x20, 0x00, 0x00, 0x00, 0x00,
    0x00, 0x0f, 0xff, 0x10, 0x00, 0x00, 0x00, 0x00,
    0x00, 0x1f, 0xff, 0x00, 0x00, 0x00, 0x00, 0x00,
    0x00, 0x3f, 0xfe, 0x00, 0x00, 0x00, 0x00, 0x00,
    0x00, 0x4f, 0xfc, 0x26, 0x88, 0x51, 0x00, 0x00,
    0x00, 0x5f, 0xff, 0xff, 0xff, 0xff, 0x90, 0x00,
    0x00, 0x6f, 0xff, 0xff, 0xff, 0xff, 0xfd, 0x00,
    0x00, 0x1b, 0xf8, 0x20, 0x04, 0xdf, 0xff, 0x90,
    0x00, 0x00, 0x10, 0x00, 0x00, 0x0d, 0xff, 0xf1,
    0x00, 0x00, 0x00, 0x00, 0x00, 0x05, 0xff, 0xf4,
    0x00, 0x00, 0x00, 0x00, 0x00, 0x01, 0xff, 0xf7,
    0x00, 0x00, 0x00, 0x00, 0x00, 0x00, 0xff, 0xf7,
    0x00, 0x00, 0x00, 0x00, 0x00, 0x01, 0xff, 0xf6,
    0x00, 0x00, 0x00, 0x00, 0x00, 0x05, 0xff, 0xf3,
    0x02, 0xe5, 0x00, 0x00, 0x00, 0x1d, 0xff, 0xe0,
    0x0c, 0xff, 0xb3, 0x00, 0x04, 0xdf, 0xff, 0x60,
    0x09, 0xff, 0xff, 0xfe, 0xff, 0xff, 0xfa, 0x00,
    0x00, 0x5e, 0xff, 0xff, 0xff, 0xff, 0x90, 0x00,
    0x00, 0x00, 0x6b, 0xef, 0xfd, 0x93, 0x00, 0x00,

    /* U+0036 "6" */
    0x00, 0x00, 0x03, 0x9d, 0xff, 0xd9, 0x20, 0x00,
    0x00, 0x09, 0xff, 0xff, 0xff, 0xff, 0x70, 0x00,
    0x0b, 0xff, 0xff, 0xed, 0xff, 0xff, 0x30, 0x07,
    0xff, 0xfa, 0x20, 0x01, 0x6e, 0x40, 0x01, 0xff,
    0xf8, 0x00, 0x00, 0x00, 0x00, 0x00, 0x7f, 0xfd,
    0x00, 0x00, 0x00, 0x00, 0x00, 0x0c, 0xff, 0x70,
    0x00, 0x00, 0x00, 0x00, 0x00, 0xff, 0xf2, 0x01,
    0x68, 0x74, 0x00, 0x00, 0x3f, 0xff, 0x08, 0xff,
    0xff, 0xfe, 0x40, 0x05, 0xff, 0xeb, 0xff, 0xff,
    0xff, 0xff, 0x50, 0x6f, 0xff, 0xfd, 0x50, 0x04,
    0xef, 0xfe, 0x06, 0xff, 0xfc, 0x10, 0x00, 0x02,
    0xff, 0xf6, 0x6f, 0xff, 0x10, 0x00, 0x00, 0x0a,
    0xff, 0xa4, 0xff, 0xe0, 0x00, 0x00, 0x00, 0x7f,
    0xfc, 0x2f, 0xff, 0x00, 0x00, 0x00, 0x06, 0xff,
    0xd0, 0xff, 0xf4, 0x00, 0x00, 0x00, 0x7f, 0xfc,
    0x0a, 0xff, 0x90, 0x00, 0x00, 0x0a, 0xff, 0xa0,
    0x4f, 0xff, 0x20, 0x00, 0x01, 0xff, 0xf5, 0x00,
    0xcf, 0xfd, 0x20, 0x01, 0xcf, 0xfd, 0x00, 0x02,
    0xef, 0xff, 0xcb, 0xff, 0xff, 0x30, 0x00, 0x02,
    0xdf, 0xff, 0xff, 0xff, 0x40, 0x00, 0x00, 0x00,
    0x7c, 0xff, 0xd9, 0x10, 0x00,

    /* U+0037 "7" */
    0x8f, 0xff, 0xff, 0xff, 0xff, 0xff, 0xff, 0xb8,
    0xff, 0xff, 0xff, 0xff, 0xff, 0xff, 0xfb, 0x7f,
    0xff, 0xff, 0xff, 0xff, 0xff, 0xff, 0x60, 0x00,
    0x00, 0x00, 0x00, 0x08, 0xff, 0xa0, 0x00, 0x00,
    0x00, 0x00, 0x03, 0xff, 0xe0, 0x00, 0x00, 0x00,
    0x00, 0x00, 0xcf, 0xf4, 0x00, 0x00, 0x00, 0x00,
    0x00, 0x6f, 0xfb, 0x00, 0x00, 0x00, 0x00, 0x00,
    0x0e, 0xff, 0x30, 0x00, 0x00, 0x00, 0x00, 0x06,
    0xff, 0xb0, 0x00, 0x00, 0x00, 0x00, 0x00, 0xdf,
    0xf5, 0x00, 0x00, 0x00, 0x00, 0x00, 0x3f, 0xfe,
    0x00, 0x00, 0x00, 0x00, 0x00, 0x09, 0xff, 0xa0,
    0x00, 0x00, 0x00, 0x00, 0x00, 0xef, 0xf6, 0x00,
    0x00, 0x00, 0x00, 0x00, 0x2f, 0xff, 0x20, 0x00,
    0x00, 0x00, 0x00, 0x05, 0xff, 0xf0, 0x00, 0x00,
    0x00, 0x00, 0x00, 0x8f, 0xfd, 0x00, 0x00, 0x00,
    0x00, 0x00, 0x0b, 0xff, 0xb0, 0x00, 0x00, 0x00,
    0x00, 0x00, 0xdf, 0xf9, 0x00, 0x00, 0x00, 0x00,
    0x00, 0x0f, 0xff, 0x80, 0x00, 0x00, 0x00, 0x00,
    0x00, 0xff, 0xf7, 0x00, 0x00, 0x00, 0x00, 0x00,
    0x1f, 0xff, 0x60, 0x00, 0x00, 0x00, 0x00, 0x02,
    0xff, 0xf5, 0x00, 0x00, 0x00,

    /* U+0038 "8" */
    0x00, 0x00, 0x5b, 0xef, 0xfc, 0x70, 0x00, 0x00,
    0x00, 0xbf, 0xff, 0xff, 0xff, 0xe3, 0x00, 0x00,
    0xbf, 0xff, 0xb8, 0x9e, 0xff, 0xe1, 0x00, 0x3f,
    0xff, 0x40, 0x00, 0x1d, 0xff, 0x80, 0x08, 0xff,
    0xa0, 0x00, 0x00, 0x4f, 0xfc, 0x00, 0x9f, 0xf7,
    0x00, 0x00, 0x00, 0xff, 0xe0, 0x08, 0xff, 0x80,
    0x00, 0x00, 0x0f, 0xfd, 0x00, 0x3f, 0xfe, 0x00,
    0x00, 0x03, 0xff, 0x80, 0x00, 0xaf, 0xfc, 0x10,
    0x00, 0xaf, 0xe1, 0x00, 0x00, 0xcf, 0xff, 0x71,
    0x5f, 0xf4, 0x00, 0x00, 0x01, 0xef, 0xff, 0xff,
    0xf4, 0x00, 0x00, 0x03, 0xdf, 0xdb, 0xff, 0xff,
    0xe4, 0x00, 0x03, 0xff, 0xd1, 0x02, 0x9f, 0xff,
    0xf4, 0x00, 0xdf, 0xf2, 0x00, 0x00, 0x2d, 0xff,
    0xe1, 0x5f, 0xfa, 0x00, 0x00, 0x00, 0x1f, 0xff,
    0x69, 0xff, 0x70, 0x00, 0x00, 0x00, 0xaf, 0xfa,
    0x9f, 0xf8, 0x00, 0x00, 0x00, 0x09, 0xff, 0xb7,
    0xff, 0xd0, 0x00, 0x00, 0x00, 0xdf, 0xf9, 0x2f,
    0xff, 0xa1, 0x00, 0x00, 0x8f, 0xff, 0x30, 0x7f,
    0xff, 0xfa, 0x89, 0xef, 0xff, 0x90, 0x00, 0x6f,
    0xff, 0xff, 0xff, 0xff, 0x90, 0x00, 0x00, 0x17,
    0xce, 0xff, 0xd9, 0x20, 0x00,

    /* U+0039 "9" */
    0x00, 0x01, 0x8d, 0xff, 0xc8, 0x10, 0x00, 0x00,
    0x05, 0xff, 0xff, 0xff, 0xff, 0x40, 0x00, 0x04,
    0xff, 0xff, 0xbc, 0xff, 0xff, 0x40, 0x00, 0xef,
    0xfc, 0x10, 0x01, 0xbf, 0xfe, 0x00, 0x5f, 0xff,
    0x10, 0x00, 0x00, 0xef, 0xf7, 0x09, 0xff, 0xa0,
    0x00, 0x00, 0x06, 0xff, 0xd0, 0xbf, 0xf8, 0x00,
    0x00, 0x00, 0x1f, 0xff, 0x1b, 0xff, 0x80, 0x00,
    0x00, 0x00, 0xef, 0xf5, 0x9f, 0xfb, 0x00, 0x00,
    0x00, 0x0d, 0xff, 0x65, 0xff, 0xf2, 0x00, 0x00,
    0x09, 0xff, 0xf7, 0x0e, 0xff, 0xe5, 0x00, 0x4c,
    0xff, 0xff, 0x80, 0x4f, 0xff, 0xff, 0xff, 0xfc,
    0xcf, 0xf7, 0x00, 0x4e, 0xff, 0xff, 0xf8, 0x0c,
    0xff, 0x60, 0x00, 0x04, 0x78, 0x61, 0x00, 0xef,
    0xf4, 0x00, 0x00, 0x00, 0x00, 0x00, 0x2f, 0xff,
    0x10, 0x00, 0x00, 0x00, 0x00, 0x06, 0xff, 0xd0,
    0x00, 0x00, 0x00, 0x00, 0x00, 0xdf, 0xf8, 0x00,
    0x03, 0x00, 0x00, 0x00, 0x7f, 0xff, 0x20, 0x05,
    0xfb, 0x30, 0x01, 0x9f, 0xff, 0x80, 0x01, 0xff,
    0xff, 0xfe, 0xff, 0xff, 0xb0, 0x00, 0x05, 0xef,
    0xff, 0xff, 0xff, 0xa0, 0x00, 0x00, 0x01, 0x7c,
    0xff, 0xea, 0x30, 0x00, 0x00,

    /* U+003A ":" */
    0x1c, 0xfb, 0x1a, 0xff, 0xf9, 0xdf, 0xff, 0xc9,
    0xff, 0xf9, 0x0a, 0xd9, 0x00, 0x00, 0x00, 0x00,
    0x00, 0x00, 0x00, 0x00, 0x00, 0x00, 0x00, 0x00,
    0x00, 0x00, 0x00, 0x00, 0x00, 0x00, 0x1a, 0xea,
    0x0a, 0xff, 0xf9, 0xdf, 0xff, 0xca, 0xff, 0xf9,
    0x1b, 0xfb, 0x10,

    /* U+003B ";" */
    0x01, 0xcf, 0xb1, 0x00, 0xaf, 0xff, 0x90, 0x0d,
    0xff, 0xfc, 0x00, 0x9f, 0xff, 0x90, 0x00, 0xad,
    0x90, 0x00, 0x00, 0x00, 0x00, 0x00, 0x00, 0x00,
    0x00, 0x00, 0x00, 0x00, 0x00, 0x00, 0x00, 0x00,
    0x00, 0x00, 0x00, 0x00, 0x00, 0x00, 0x00, 0x00,
    0x00, 0x00, 0x00, 0x36, 0x40, 0x00, 0x5f, 0xff,
    0x80, 0x0b, 0xff, 0xff, 0x10, 0xaf, 0xff, 0xf3,
    0x01, 0xcf, 0xff, 0x40, 0x00, 0x3f, 0xf3, 0x00,
    0x07, 0xff, 0x00, 0x03, 0xff, 0x80, 0x06, 0xff,
    0xd0, 0x03, 0xff, 0xd2, 0x00, 0x0c, 0x80, 0x00,
    0x00, 0x00, 0x00, 0x00,

    /* U+003C "<" */
    0x00, 0x00, 0x00, 0x00, 0x00, 0x00, 0x00, 0x20,
    0x00, 0x00, 0x00, 0x00, 0x00, 0x06, 0xcf, 0x00,
    0x00, 0x00, 0x00, 0x03, 0x9f, 0xff, 0xf0, 0x00,
    0x00, 0x01, 0x7d, 0xff, 0xff, 0xfb, 0x00, 0x00,
    0x4a, 0xff, 0xff, 0xfd, 0x71, 0x00, 0x17, 0xdf,
    0xff, 0xfe, 0x82, 0x00, 0x00, 0xaf, 0xff, 0xff,
    0xa4, 0x00, 0x00, 0x00, 0x0d, 0xff, 0xe6, 0x10,
    0x00, 0x00, 0x00, 0x00, 0xdf, 0xff, 0xe8, 0x20,
    0x00, 0x00, 0x00, 0x03, 0x9f, 0xff, 0xff, 0xc6,
    0x10, 0x00, 0x00, 0x00, 0x05, 0xcf, 0xff, 0xff,
    0xb5, 0x00, 0x00, 0x00, 0x00, 0x28, 0xef, 0xff,
    0xff, 0x93, 0x00, 0x00, 0x00, 0x00, 0x5b, 0xff,
    0xff, 0xf0, 0x00, 0x00, 0x00, 0x00, 0x02, 0x8e,
    0xff, 0x00, 0x00, 0x00, 0x00, 0x00, 0x00, 0x04,
    0xa0,

    /* U+003D "=" */
    0xdf, 0xff, 0xff, 0xff, 0xff, 0xff, 0xff, 0xfd,
    0xff, 0xff, 0xff, 0xff, 0xff, 0xff, 0xff, 0x68,
    0x88, 0x88, 0x88, 0x88, 0x88, 0x88, 0x70, 0x00,
    0x00, 0x00, 0x00, 0x00, 0x00, 0x00, 0x00, 0x00,
    0x00, 0x00, 0x00, 0x00, 0x00, 0x00, 0x00, 0x00,
    0x00, 0x00, 0x00, 0x00, 0x00, 0x00, 0x00, 0x00,
    0x00, 0x00, 0x00, 0x00, 0x07, 0x88, 0x88, 0x88,
    0x88, 0x88, 0x88, 0x88, 0xdf, 0xff, 0xff, 0xff,
    0xff, 0xff, 0xff, 0xfd, 0xff, 0xff, 0xff, 0xff,
    0xff, 0xff, 0xff,

    /* U+003E ">" */
    0x20, 0x00, 0x00, 0x00, 0x00, 0x00, 0x00, 0x0d,
    0xd7, 0x10, 0x00, 0x00, 0x00, 0x00, 0x00, 0xdf,
    0xff, 0xa4, 0x00, 0x00, 0x00, 0x00, 0x09, 0xff,
    0xff, 0xfd, 0x71, 0x00, 0x00, 0x00, 0x01, 0x6c,
    0xff, 0xff, 0xfb, 0x40, 0x00, 0x00, 0x00, 0x02,
    0x8d, 0xff, 0xff, 0xe8, 0x20, 0x00, 0x00, 0x00,
    0x03, 0x9f, 0xff, 0xff, 0xb0, 0x00, 0x00, 0x00,
    0x00, 0x05, 0xef, 0xff, 0x00, 0x00, 0x00, 0x00,
    0x17, 0xdf, 0xff, 0xf0, 0x00, 0x00, 0x06, 0xcf,
    0xff, 0xff, 0x93, 0x00, 0x04, 0xaf, 0xff, 0xff,
    0xc6, 0x00, 0x03, 0x9e, 0xff, 0xff, 0xf9, 0x30,
    0x00, 0x00, 0xdf, 0xff, 0xfc, 0x60, 0x00, 0x00,
    0x00, 0x0d, 0xfe, 0x82, 0x00, 0x00, 0x00, 0x00,
    0x00, 0x95, 0x00, 0x00, 0x00, 0x00, 0x00, 0x00,
    0x00,

    /* U+003F "?" */
    0x00, 0x04, 0x9c, 0xdb, 0x82, 0x00, 0x00, 0x2b,
    0xff, 0xff, 0xff, 0xf6, 0x00, 0x3e, 0xff, 0xff,
    0xff, 0xff, 0xf4, 0x04, 0xff, 0xc4, 0x01, 0x6f,
    0xff, 0xc0, 0x03, 0x90, 0x00, 0x00, 0x8f, 0xff,
    0x10, 0x00, 0x00, 0x00, 0x03, 0xff, 0xf3, 0x00,
    0x00, 0x00, 0x00, 0x3f, 0xff, 0x20, 0x00, 0x00,
    0x00, 0x08, 0xff, 0xe0, 0x00, 0x00, 0x00, 0x02,
    0xff, 0xf8, 0x00, 0x00, 0x00, 0x00, 0xdf, 0xfd,
    0x00, 0x00, 0x00, 0x00, 0xaf, 0xff, 0x20, 0x00,
    0x00, 0x00, 0x6f, 0xff, 0x40, 0x00, 0x00, 0x00,
    0x0e, 0xff, 0x80, 0x00, 0x00, 0x00, 0x06, 0xff,
    0xe0, 0x00, 0x00, 0x00, 0x00, 0xaf, 0xf8, 0x00,
    0x00, 0x00, 0x00, 0x0b, 0xff, 0x50, 0x00, 0x00,
    0x00, 0x00, 0x47, 0x72, 0x00, 0x00, 0x00, 0x00,
    0x00, 0x00, 0x00, 0x00, 0x00, 0x00, 0x00, 0x00,
    0x00, 0x00, 0x00, 0x00, 0x00, 0x06, 0xdd, 0x40,
    0x00, 0x00, 0x00, 0x03, 0xff, 0xff, 0x10, 0x00,
    0x00, 0x00, 0x6f, 0xff, 0xf3, 0x00, 0x00, 0x00,
    0x03, 0xff, 0xff, 0x10, 0x00, 0x00, 0x00, 0x07,
    0xfe, 0x50, 0x00, 0x00,

    /* U+0040 "@" */
    0x00, 0x00, 0x00, 0x00, 0x00, 0x48, 0xce, 0xff,
    0xfc, 0x94, 0x00, 0x00, 0x00, 0x00, 0x00, 0x00,
    0x00, 0x06, 0xdf, 0xff, 0xff, 0xff, 0xff, 0xfe,
    0x50, 0x00, 0x00, 0x00, 0x00, 0x00, 0x3d, 0xff,
    0xfc, 0x85, 0x44, 0x58, 0xcf, 0xff, 0xa0, 0x00,
    0x00, 0x00, 0x00, 0x5f, 0xff, 0xa2, 0x00, 0x00,
    0x00, 0x00, 0x3c, 0xff, 0xb0, 0x00, 0x00, 0x00,
    0x5f, 0xfe, 0x40, 0x00, 0x00, 0x00, 0x00, 0x00,
    0x08, 0xff, 0x80, 0x00, 0x00, 0x3f, 0xfd, 0x10,
    0x00, 0x00, 0x00, 0x00, 0x00, 0x00, 0x0a, 0xff,
    0x20, 0x00, 0x0e, 0xfe, 0x20, 0x00, 0x00, 0x00,
    0x00, 0x00, 0x00, 0x00, 0x1e, 0xf9, 0x00, 0x08,
    0xff, 0x40, 0x00, 0x00, 0x01, 0x44, 0x00, 0x11,
    0x00, 0x00, 0x8f, 0xe0, 0x00, 0xef, 0xb0, 0x00,
    0x00, 0x2b, 0xff, 0xfe, 0x3f, 0xf5, 0x00, 0x03,
    0xff, 0x30, 0x6f, 0xf3, 0x00, 0x00, 0x3e, 0xff,
    0xff, 0xff, 0xff, 0x10, 0x00, 0x0f, 0xf5, 0x0b,
    0xfd, 0x00, 0x00, 0x0d, 0xff, 0x81, 0x08, 0xff,
    0xe0, 0x00, 0x00, 0xdf, 0x70, 0xff, 0x80, 0x00,
    0x08, 0xff, 0x70, 0x00, 0x0f, 0xfa, 0x00, 0x00,
    0x0d, 0xf7, 0x2f, 0xf5, 0x00, 0x00, 0xff, 0xd0,
    0x00, 0x01, 0xff, 0x70, 0x00, 0x00, 0xef, 0x63,
    0xff, 0x30, 0x00, 0x4f, 0xf7, 0x00, 0x00, 0x4f,
    0xf3, 0x00, 0x00, 0x0f, 0xf4, 0x4f, 0xf2, 0x00,
    0x07, 0xff, 0x30, 0x00, 0x07, 0xff, 0x00, 0x00,
    0x05, 0xff, 0x14, 0xff, 0x20, 0x00, 0x8f, 0xf2,
    0x00, 0x00, 0xaf, 0xd0, 0x00, 0x00, 0xcf, 0xb0,
    0x3f, 0xf3, 0x00, 0x07, 0xff, 0x50, 0x00, 0x2f,
    0xfd, 0x00, 0x00, 0x7f, 0xf4, 0x02, 0xff, 0x50,
    0x00, 0x3f, 0xfd, 0x30, 0x5e, 0xff, 0xf6, 0x01,
    0x9f, 0xf9, 0x00, 0x0e, 0xf9, 0x00, 0x00, 0xbf,
    0xff, 0xff, 0xf5, 0xff, 0xff, 0xff, 0xfa, 0x00,
    0x00, 0xaf, 0xf0, 0x00, 0x00, 0xaf, 0xff, 0xc3,
    0x04, 0xef, 0xff, 0xd5, 0x00, 0x00, 0x04, 0xff,
    0x70, 0x00, 0x00, 0x14, 0x20, 0x00, 0x00, 0x24,
    0x20, 0x00, 0x00, 0x00, 0x0c, 0xff, 0x30, 0x00,
    0x00, 0x00, 0x00, 0x00, 0x00, 0x00, 0x00, 0x00,
    0x00, 0x00, 0x3f, 0xfe, 0x30, 0x00, 0x00, 0x00,
    0x00, 0x00, 0x00, 0x00, 0x00, 0x00, 0x00, 0x00,
    0x5f, 0xff, 0x70, 0x00, 0x00, 0x00, 0x00, 0x03,
    0x00, 0x00, 0x00, 0x00, 0x00, 0x00, 0x5f, 0xff,
    0xe9, 0x41, 0x00, 0x14, 0x9e, 0xd0, 0x00, 0x00,
    0x00, 0x00, 0x00, 0x00, 0x2b, 0xff, 0xff, 0xff,
    0xff, 0xff, 0xfe, 0x20, 0x00, 0x00, 0x00, 0x00,
    0x00, 0x00, 0x03, 0x9d, 0xff, 0xff, 0xff, 0xc6,
    0x00, 0x00, 0x00, 0x00, 0x00, 0x00, 0x00, 0x00,
    0x00, 0x01, 0x34, 0x42, 0x00, 0x00, 0x00, 0x00,
    0x00, 0x00,

    /* U+0041 "A" */
    0x00, 0x00, 0x00, 0x0d, 0xff, 0xf8, 0x00, 0x00,
    0x00, 0x00, 0x00, 0x00, 0x02, 0xff, 0xff, 0xd0,
    0x00, 0x00, 0x00, 0x00, 0x00, 0x00, 0x8f, 0xff,
    0xff, 0x20, 0x00, 0x00, 0x00, 0x00, 0x00, 0x0d,
    0xff, 0x7f, 0xf8, 0x00, 0x00, 0x00, 0x00, 0x00,
    0x02, 0xff, 0xb3, 0xff, 0xd0, 0x00, 0x00, 0x00,
    0x00, 0x00, 0x8f, 0xf7, 0x0e, 0xff, 0x20, 0x00,
    0x00, 0x00, 0x00, 0x0d, 0xff, 0x30, 0xaf, 0xf8,
    0x00, 0x00, 0x00, 0x00, 0x02, 0xff, 0xe0, 0x05,
    0xff, 0xd0, 0x00, 0x00, 0x00, 0x00, 0x8f, 0xf9,
    0x00, 0x1f, 0xff, 0x20, 0x00, 0x00, 0x00, 0x0d,
    0xff, 0x40, 0x00, 0xcf, 0xf8, 0x00, 0x00, 0x00,
    0x02, 0xff, 0xf0, 0x00, 0x07, 0xff, 0xd0, 0x00,
    0x00, 0x00, 0x8f, 0xfb, 0x00, 0x00, 0x2f, 0xff,
    0x20, 0x00, 0x00, 0x0d, 0xff, 0x60, 0x00, 0x00,
    0xdf, 0xf8, 0x00, 0x00, 0x02, 0xff, 0xff, 0xff,
    0xff, 0xff, 0xff, 0xd0, 0x00, 0x00, 0x8f, 0xff,
    0xff, 0xff, 0xff, 0xff, 0xff, 0x20, 0x00, 0x0d,
    0xff, 0xdc, 0xcc, 0xcc, 0xcc, 0xff, 0xf7, 0x00,
    0x02, 0xff, 0xf3, 0x00, 0x00, 0x00, 0x0a, 0xff,
    0xd0, 0x00, 0x8f, 0xfe, 0x00, 0x00, 0x00, 0x00,
    0x6f, 0xff, 0x20, 0x0d, 0xff, 0x90, 0x00, 0x00,
    0x00, 0x01, 0xff, 0xf7, 0x02, 0xff, 0xf5, 0x00,
    0x00, 0x00, 0x00, 0x0c, 0xff, 0xd0, 0x8f, 0xff,
    0x00, 0x00, 0x00, 0x00, 0x00, 0x7f, 0xff, 0x2d,
    0xff, 0xb0, 0x00, 0x00, 0x00, 0x00, 0x02, 0xff,
    0xf7,

    /* U+0042 "B" */
    0x1f, 0xff, 0xff, 0xff, 0xfe, 0xc8, 0x30, 0x00,
    0x01, 0xff, 0xff, 0xff, 0xff, 0xff, 0xff, 0xa0,
    0x00, 0x1f, 0xff, 0xdc, 0xcc, 0xce, 0xff, 0xff,
    0xb0, 0x01, 0xff, 0xf6, 0x00, 0x00, 0x03, 0xdf,
    0xff, 0x40, 0x1f, 0xff, 0x60, 0x00, 0x00, 0x02,
    0xff, 0xf7, 0x01, 0xff, 0xf6, 0x00, 0x00, 0x00,
    0x0e, 0xff, 0x80, 0x1f, 0xff, 0x60, 0x00, 0x00,
    0x00, 0xff, 0xf6, 0x01, 0xff, 0xf6, 0x00, 0x00,
    0x00, 0x6f, 0xff, 0x10, 0x1f, 0xff, 0x60, 0x00,
    0x03, 0x9f, 0xff, 0x70, 0x01, 0xff, 0xff, 0xff,
    0xff, 0xff, 0xfe, 0x70, 0x00, 0x1f, 0xff, 0xff,
    0xff, 0xff, 0xff, 0xd8, 0x10, 0x01, 0xff, 0xfc,
    0xaa, 0xaa, 0xbe, 0xff, 0xfe, 0x30, 0x1f, 0xff,
    0x60, 0x00, 0x00, 0x04, 0xdf, 0xfe, 0x11, 0xff,
    0xf6, 0x00, 0x00, 0x00, 0x02, 0xff, 0xf7, 0x1f,
    0xff, 0x60, 0x00, 0x00, 0x00, 0x0c, 0xff, 0xa1,
    0xff, 0xf6, 0x00, 0x00, 0x00, 0x00, 0xbf, 0xfb,
    0x1f, 0xff, 0x60, 0x00, 0x00, 0x00, 0x0d, 0xff,
    0xa1, 0xff, 0xf6, 0x00, 0x00, 0x00, 0x05, 0xff,
    0xf7, 0x1f, 0xff, 0x60, 0x00, 0x00, 0x17, 0xff,
    0xff, 0x11, 0xff, 0xfd, 0xcc, 0xcc, 0xdf, 0xff,
    0xff, 0x50, 0x1f, 0xff, 0xff, 0xff, 0xff, 0xff,
    0xfd, 0x40, 0x01, 0xff, 0xff, 0xff, 0xff, 0xfd,
    0xa5, 0x00, 0x00,

    /* U+0043 "C" */
    0x00, 0x00, 0x00, 0x28, 0xce, 0xff, 0xc8, 0x10,
    0x00, 0x00, 0x00, 0x09, 0xff, 0xff, 0xff, 0xff,
    0xf6, 0x00, 0x00, 0x01, 0xdf, 0xff, 0xff, 0xff,
    0xff, 0xff, 0x90, 0x00, 0x0d, 0xff, 0xfe, 0x72,
    0x11, 0x5c, 0xff, 0x50, 0x00, 0x9f, 0xff, 0xb1,
    0x00, 0x00, 0x00, 0x77, 0x00, 0x02, 0xff, 0xfd,
    0x00, 0x00, 0x00, 0x00, 0x00, 0x00, 0x09, 0xff,
    0xf3, 0x00, 0x00, 0x00, 0x00, 0x00, 0x00, 0x0d,
    0xff, 0xd0, 0x00, 0x00, 0x00, 0x00, 0x00, 0x00,
    0x1f, 0xff, 0x80, 0x00, 0x00, 0x00, 0x00, 0x00,
    0x00, 0x3f, 0xff, 0x50, 0x00, 0x00, 0x00, 0x00,
    0x00, 0x00, 0x4f, 0xff, 0x40, 0x00, 0x00, 0x00,
    0x00, 0x00, 0x00, 0x4f, 0xff, 0x40, 0x00, 0x00,
    0x00, 0x00, 0x00, 0x00, 0x3f, 0xff, 0x60, 0x00,
    0x00, 0x00, 0x00, 0x00, 0x00, 0x1f, 0xff, 0x80,
    0x00, 0x00, 0x00, 0x00, 0x00, 0x00, 0x0e, 0xff,
    0xd0, 0x00, 0x00, 0x00, 0x00, 0x00, 0x00, 0x09,
    0xff, 0xf3, 0x00, 0x00, 0x00, 0x00, 0x00, 0x00,
    0x03, 0xff, 0xfc, 0x00, 0x00, 0x00, 0x00, 0x01,
    0x00, 0x00, 0xbf, 0xff, 0xa0, 0x00, 0x00, 0x00,
    0x6f, 0x40, 0x00, 0x1e, 0xff, 0xfe, 0x73, 0x12,
    0x5c, 0xff, 0xf2, 0x00, 0x02, 0xef, 0xff, 0xff,
    0xff, 0xff, 0xff, 0xb0, 0x00, 0x00, 0x1a, 0xff,
    0xff, 0xff, 0xff, 0xf7, 0x00, 0x00, 0x00, 0x00,
    0x28, 0xcf, 0xff, 0xc8, 0x10, 0x00,

    /* U+0044 "D" */
    0x1f, 0xff, 0xff, 0xff, 0xeb, 0x82, 0x00, 0x00,
    0x00, 0x1f, 0xff, 0xff, 0xff, 0xff, 0xff, 0xb2,
    0x00, 0x00, 0x1f, 0xff, 0xee, 0xef, 0xff, 0xff,
    0xff, 0x40, 0x00, 0x1f, 0xff, 0x60, 0x00, 0x15,
    0xdf, 0xff, 0xf2, 0x00, 0x1f, 0xff, 0x60, 0x00,
    0x00, 0x08, 0xff, 0xfc, 0x00, 0x1f, 0xff, 0x60,
    0x00, 0x00, 0x00, 0xaf, 0xff, 0x50, 0x1f, 0xff,
    0x60, 0x00, 0x00, 0x00, 0x2f, 0xff, 0xb0, 0x1f,
    0xff, 0x60, 0x00, 0x00, 0x00, 0x0c, 0xff, 0xf0,
    0x1f, 0xff, 0x60, 0x00, 0x00, 0x00, 0x08, 0xff,
    0xf2, 0x1f, 0xff, 0x60, 0x00, 0x00, 0x00, 0x06,
    0xff, 0xf3, 0x1f, 0xff, 0x60, 0x00, 0x00, 0x00,
    0x05, 0xff, 0xf4, 0x1f, 0xff, 0x60, 0x00, 0x00,
    0x00, 0x05, 0xff, 0xf4, 0x1f, 0xff, 0x60, 0x00,
    0x00, 0x00, 0x06, 0xff, 0xf3, 0x1f, 0xff, 0x60,
    0x00, 0x00, 0x00, 0x08, 0xff, 0xf1, 0x1f, 0xff,
    0x60, 0x00, 0x00, 0x00, 0x0c, 0xff, 0xe0, 0x1f,
    0xff, 0x60, 0x00, 0x00, 0x00, 0x2f, 0xff, 0xa0,
    0x1f, 0xff, 0x60, 0x00, 0x00, 0x00, 0xbf, 0xff,
    0x40, 0x1f, 0xff, 0x60, 0x00, 0x00, 0x09, 0xff,
    0xfc, 0x00, 0x1f, 0xff, 0x60, 0x00, 0x16, 0xdf,
    0xff, 0xf2, 0x00, 0x1f, 0xff, 0xed, 0xde, 0xff,
    0xff, 0xfe, 0x30, 0x00, 0x1f, 0xff, 0xff, 0xff,
    0xff, 0xff, 0xb2, 0x00, 0x00, 0x1f, 0xff, 0xff,
    0xff, 0xec, 0x82, 0x00, 0x00, 0x00,

    /* U+0045 "E" */
    0x1f, 0xff, 0xff, 0xff, 0xff, 0xff, 0xff, 0x01,
    0xff, 0xff, 0xff, 0xff, 0xff, 0xff, 0xf0, 0x1f,
    0xff, 0xff, 0xff, 0xff, 0xff, 0xfe, 0x01, 0xff,
    0xf6, 0x00, 0x00, 0x00, 0x00, 0x00, 0x1f, 0xff,
    0x60, 0x00, 0x00, 0x00, 0x00, 0x01, 0xff, 0xf6,
    0x00, 0x00, 0x00, 0x00, 0x00, 0x1f, 0xff, 0x60,
    0x00, 0x00, 0x00, 0x00, 0x01, 0xff, 0xf6, 0x00,
    0x00, 0x00, 0x00, 0x00, 0x1f, 0xff, 0x60, 0x00,
    0x00, 0x00, 0x00, 0x01, 0xff, 0xff, 0xff, 0xff,
    0xff, 0xf7, 0x00, 0x1f, 0xff, 0xff, 0xff, 0xff,
    0xff, 0x70, 0x01, 0xff, 0xff, 0xff, 0xff, 0xff,
    0xf7, 0x00, 0x1f, 0xff, 0x60, 0x00, 0x00, 0x00,
    0x00, 0x01, 0xff, 0xf6, 0x00, 0x00, 0x00, 0x00,
    0x00, 0x1f, 0xff, 0x60, 0x00, 0x00, 0x00, 0x00,
    0x01, 0xff, 0xf6, 0x00, 0x00, 0x00, 0x00, 0x00,
    0x1f, 0xff, 0x60, 0x00, 0x00, 0x00, 0x00, 0x01,
    0xff, 0xf6, 0x00, 0x00, 0x00, 0x00, 0x00, 0x1f,
    0xff, 0x60, 0x00, 0x00, 0x00, 0x00, 0x01, 0xff,
    0xff, 0xff, 0xff, 0xff, 0xff, 0xf4, 0x1f, 0xff,
    0xff, 0xff, 0xff, 0xff, 0xff, 0x41, 0xff, 0xff,
    0xff, 0xff, 0xff, 0xff, 0xf4,

    /* U+0046 "F" */
    0x1f, 0xff, 0xff, 0xff, 0xff, 0xff, 0xff, 0x1f,
    0xff, 0xff, 0xff, 0xff, 0xff, 0xff, 0x1f, 0xff,
    0xff, 0xff, 0xff, 0xff, 0xff, 0x1f, 0xff, 0x60,
    0x00, 0x00, 0x00, 0x00, 0x1f, 0xff, 0x60, 0x00,
    0x00, 0x00, 0x00, 0x1f, 0xff, 0x60, 0x00, 0x00,
    0x00, 0x00, 0x1f, 0xff, 0x60, 0x00, 0x00, 0x00,
    0x00, 0x1f, 0xff, 0x60, 0x00, 0x00, 0x00, 0x00,
    0x1f, 0xff, 0x60, 0x00, 0x00, 0x00, 0x00, 0x1f,
    0xff, 0xff, 0xff, 0xff, 0xff, 0x80, 0x1f, 0xff,
    0xff, 0xff, 0xff, 0xff, 0x90, 0x1f, 0xff, 0xff,
    0xff, 0xff, 0xff, 0x90, 0x1f, 0xff, 0x60, 0x00,
    0x00, 0x00, 0x00, 0x1f, 0xff, 0x60, 0x00, 0x00,
    0x00, 0x00, 0x1f, 0xff, 0x60, 0x00, 0x00, 0x00,
    0x00, 0x1f, 0xff, 0x60, 0x00, 0x00, 0x00, 0x00,
    0x1f, 0xff, 0x60, 0x00, 0x00, 0x00, 0x00, 0x1f,
    0xff, 0x60, 0x00, 0x00, 0x00, 0x00, 0x1f, 0xff,
    0x60, 0x00, 0x00, 0x00, 0x00, 0x1f, 0xff, 0x60,
    0x00, 0x00, 0x00, 0x00, 0x1f, 0xff, 0x60, 0x00,
    0x00, 0x00, 0x00, 0x1f, 0xff, 0x60, 0x00, 0x00,
    0x00, 0x00,

    /* U+0047 "G" */
    0x00, 0x00, 0x00, 0x17, 0xbe, 0xff, 0xeb, 0x50,
    0x00, 0x00, 0x00, 0x08, 0xff, 0xff, 0xff, 0xff,
    0xfc, 0x20, 0x00, 0x01, 0xcf, 0xff, 0xff, 0xff,
    0xff, 0xff, 0xf3, 0x00, 0x0c, 0xff, 0xff, 0x83,
    0x11, 0x27, 0xef, 0xd1, 0x00, 0x8f, 0xff, 0xc1,
    0x00, 0x00, 0x00, 0x09, 0x10, 0x02, 0xff, 0xfd,
    0x00, 0x00, 0x00, 0x00, 0x00, 0x00, 0x08, 0xff,
    0xf4, 0x00, 0x00, 0x00, 0x00, 0x00, 0x00, 0x0d,
    0xff, 0xd0, 0x00, 0x00, 0x00, 0x00, 0x00, 0x00,
    0x1f, 0xff, 0x80, 0x00, 0x00, 0x00, 0x00, 0x00,
    0x00, 0x3f, 0xff, 0x60, 0x00, 0x00, 0x00, 0x00,
    0x00, 0x00, 0x4f, 0xff, 0x40, 0x00, 0x00, 0xaf,
    0xff, 0xff, 0xfe, 0x4f, 0xff, 0x40, 0x00, 0x00,
    0xaf, 0xff, 0xff, 0xfe, 0x3f, 0xff, 0x60, 0x00,
    0x00, 0x8e, 0xee, 0xef, 0xfe, 0x1f, 0xff, 0x80,
    0x00, 0x00, 0x00, 0x00, 0x4f, 0xfe, 0x0e, 0xff,
    0xd0, 0x00, 0x00, 0x00, 0x00, 0x4f, 0xfe, 0x09,
    0xff, 0xf4, 0x00, 0x00, 0x00, 0x00, 0x4f, 0xfe,
    0x03, 0xff, 0xfd, 0x00, 0x00, 0x00, 0x00, 0x4f,
    0xfe, 0x00, 0xaf, 0xff, 0xc1, 0x00, 0x00, 0x00,
    0x4f, 0xfe, 0x00, 0x1d, 0xff, 0xff, 0x84, 0x11,
    0x37, 0xef, 0xfe, 0x00, 0x02, 0xdf, 0xff, 0xff,
    0xff, 0xff, 0xff, 0xfb, 0x00, 0x00, 0x09, 0xff,
    0xff, 0xff, 0xff, 0xff, 0x70, 0x00, 0x00, 0x00,
    0x27, 0xce, 0xff, 0xeb, 0x61, 0x00,

    /* U+0048 "H" */
    0x1f, 0xff, 0x60, 0x00, 0x00, 0x00, 0x02, 0xff,
    0xf5, 0x1f, 0xff, 0x60, 0x00, 0x00, 0x00, 0x02,
    0xff, 0xf5, 0x1f, 0xff, 0x60, 0x00, 0x00, 0x00,
    0x02, 0xff, 0xf5, 0x1f, 0xff, 0x60, 0x00, 0x00,
    0x00, 0x02, 0xff, 0xf5, 0x1f, 0xff, 0x60, 0x00,
    0x00, 0x00, 0x02, 0xff, 0xf5, 0x1f, 0xff, 0x60,
    0x00, 0x00, 0x00, 0x02, 0xff, 0xf5, 0x1f, 0xff,
    0x60, 0x00, 0x00, 0x00, 0x02, 0xff, 0xf5, 0x1f,
    0xff, 0x60, 0x00, 0x00, 0x00, 0x02, 0xff, 0xf5,
    0x1f, 0xff, 0x60, 0x00, 0x00, 0x00, 0x03, 0xff,
    0xf5, 0x1f, 0xff, 0xff, 0xff, 0xff, 0xff, 0xff,
    0xff, 0xf5, 0x1f, 0xff, 0xff, 0xff, 0xff, 0xff,
    0xff, 0xff, 0xf5, 0x1f, 0xff, 0xff, 0xff, 0xff,
    0xff, 0xff, 0xff, 0xf5, 0x1f, 0xff, 0x60, 0x00,
    0x00, 0x00, 0x02, 0xff, 0xf5, 0x1f, 0xff, 0x60,
    0x00, 0x00, 0x00, 0x02, 0xff, 0xf5, 0x1f, 0xff,
    0x60, 0x00, 0x00, 0x00, 0x02, 0xff, 0xf5, 0x1f,
    0xff, 0x60, 0x00, 0x00, 0x00, 0x02, 0xff, 0xf5,
    0x1f, 0xff, 0x60, 0x00, 0x00, 0x00, 0x02, 0xff,
    0xf5, 0x1f, 0xff, 0x60, 0x00, 0x00, 0x00, 0x02,
    0xff, 0xf5, 0x1f, 0xff, 0x60, 0x00, 0x00, 0x00,
    0x02, 0xff, 0xf5, 0x1f, 0xff, 0x60, 0x00, 0x00,
    0x00, 0x02, 0xff, 0xf5, 0x1f, 0xff, 0x60, 0x00,
    0x00, 0x00, 0x02, 0xff, 0xf5, 0x1f, 0xff, 0x60,
    0x00, 0x00, 0x00, 0x02, 0xff, 0xf5,

    /* U+0049 "I" */
    0x1f, 0xff, 0x61, 0xff, 0xf6, 0x1f, 0xff, 0x61,
    0xff, 0xf6, 0x1f, 0xff, 0x61, 0xff, 0xf6, 0x1f,
    0xff, 0x61, 0xff, 0xf6, 0x1f, 0xff, 0x61, 0xff,
    0xf6, 0x1f, 0xff, 0x61, 0xff, 0xf6, 0x1f, 0xff,
    0x61, 0xff, 0xf6, 0x1f, 0xff, 0x61, 0xff, 0xf6,
    0x1f, 0xff, 0x61, 0xff, 0xf6, 0x1f, 0xff, 0x61,
    0xff, 0xf6, 0x1f, 0xff, 0x61, 0xff, 0xf6,

    /* U+004A "J" */
    0x00, 0x00, 0x00, 0x00, 0x00, 0xcf, 0xfb, 0x00,
    0x00, 0x00, 0x00, 0x00, 0xcf, 0xfb, 0x00, 0x00,
    0x00, 0x00, 0x00, 0xcf, 0xfb, 0x00, 0x00, 0x00,
    0x00, 0x00, 0xcf, 0xfb, 0x00, 0x00, 0x00, 0x00,
    0x00, 0xcf, 0xfb, 0x00, 0x00, 0x00, 0x00, 0x00,
    0xcf, 0xfb, 0x00, 0x00, 0x00, 0x00, 0x00, 0xcf,
    0xfb, 0x00, 0x00, 0x00, 0x00, 0x00, 0xcf, 0xfb,
    0x00, 0x00, 0x00, 0x00, 0x00, 0xcf, 0xfb, 0x00,
    0x00, 0x00, 0x00, 0x00, 0xcf, 0xfb, 0x00, 0x00,
    0x00, 0x00, 0x00, 0xcf, 0xfb, 0x00, 0x00, 0x00,
    0x00, 0x00, 0xcf, 0xfb, 0x00, 0x00, 0x00, 0x00,
    0x00, 0xcf, 0xfb, 0x00, 0x00, 0x00, 0x00, 0x00,
    0xcf, 0xfb, 0x00, 0x00, 0x00, 0x00, 0x00, 0xcf,
    0xfb, 0x00, 0x00, 0x00, 0x00, 0x00, 0xdf, 0xfa,
    0x00, 0x02, 0x00, 0x00, 0x00, 0xff, 0xf9, 0x02,
    0xce, 0x10, 0x00, 0x05, 0xff, 0xf5, 0x0d, 0xff,
    0xe5, 0x12, 0x6f, 0xff, 0xf1, 0x04, 0xff, 0xff,
    0xff, 0xff, 0xff, 0x80, 0x00, 0x5f, 0xff, 0xff,
    0xff, 0xfa, 0x00, 0x00, 0x01, 0x8d, 0xff, 0xeb,
    0x40, 0x00,

    /* U+004B "K" */
    0x1f, 0xff, 0x60, 0x00, 0x00, 0x00, 0x9f, 0xff,
    0x60, 0x1f, 0xff, 0x60, 0x00, 0x00, 0x05, 0xff,
    0xf9, 0x00, 0x1f, 0xff, 0x60, 0x00, 0x00, 0x3f,
    0xff, 0xb0, 0x00, 0x1f, 0xff, 0x60, 0x00, 0x01,
    0xef, 0xfd, 0x10, 0x00, 0x1f, 0xff, 0x60, 0x00,
    0x0c, 0xff, 0xf2, 0x00, 0x00, 0x1f, 0xff, 0x60,
    0x00, 0x9f, 0xff, 0x50, 0x00, 0x00, 0x1f, 0xff,
    0x60, 0x05, 0xff, 0xf8, 0x00, 0x00, 0x00, 0x1f,
    0xff, 0x60, 0x3f, 0xff, 0xb0, 0x00, 0x00, 0x00,
    0x1f, 0xff, 0x61, 0xef, 0xff, 0x10, 0x00, 0x00,
    0x00, 0x1f, 0xff, 0x6c, 0xff, 0xff, 0x70, 0x00,
    0x00, 0x00, 0x1f, 0xff, 0xef, 0xff, 0xff, 0xf2,
    0x00, 0x00, 0x00, 0x1f, 0xff, 0xff, 0xfa, 0xff,
    0xfa, 0x00, 0x00, 0x00, 0x1f, 0xff, 0xff, 0xc0,
    0x7f, 0xff, 0x40, 0x00, 0x00, 0x1f, 0xff, 0xfd,
    0x10, 0x0d, 0xff, 0xd0, 0x00, 0x00, 0x1f, 0xff,
    0xf2, 0x00, 0x05, 0xff, 0xf7, 0x00, 0x00, 0x1f,
    0xff, 0x70, 0x00, 0x00, 0xbf, 0xff, 0x10, 0x00,
    0x1f, 0xff, 0x60, 0x00, 0x00, 0x2f, 0xff, 0xa0,
    0x00, 0x1f, 0xff, 0x60, 0x00, 0x00, 0x09, 0xff,
    0xf3, 0x00, 0x1f, 0xff, 0x60, 0x00, 0x00, 0x01,
    0xef, 0xfc, 0x00, 0x1f, 0xff, 0x60, 0x00, 0x00,
    0x00, 0x6f, 0xff, 0x60, 0x1f, 0xff, 0x60, 0x00,
    0x00, 0x00, 0x0d, 0xff, 0xe1, 0x1f, 0xff, 0x60,
    0x00, 0x00, 0x00, 0x04, 0xff, 0xf9,

    /* U+004C "L" */
    0x1f, 0xff, 0x60, 0x00, 0x00, 0x00, 0x00, 0x1f,
    0xff, 0x60, 0x00, 0x00, 0x00, 0x00, 0x1f, 0xff,
    0x60, 0x00, 0x00, 0x00, 0x00, 0x1f, 0xff, 0x60,
    0x00, 0x00, 0x00, 0x00, 0x1f, 0xff, 0x60, 0x00,
    0x00, 0x00, 0x00, 0x1f, 0xff, 0x60, 0x00, 0x00,
    0x00, 0x00, 0x1f, 0xff, 0x60, 0x00, 0x00, 0x00,
    0x00, 0x1f, 0xff, 0x60, 0x00, 0x00, 0x00, 0x00,
    0x1f, 0xff, 0x60, 0x00, 0x00, 0x00, 0x00, 0x1f,
    0xff, 0x60, 0x00, 0x00, 0x00, 0x00, 0x1f, 0xff,
    0x60, 0x00, 0x00, 0x00, 0x00, 0x1f, 0xff, 0x60,
    0x00, 0x00, 0x00, 0x00, 0x1f, 0xff, 0x60, 0x00,
    0x00, 0x00, 0x00, 0x1f, 0xff, 0x60, 0x00, 0x00,
    0x00, 0x00, 0x1f, 0xff, 0x60, 0x00, 0x00, 0x00,
    0x00, 0x1f, 0xff, 0x60, 0x00, 0x00, 0x00, 0x00,
    0x1f, 0xff, 0x60, 0x00, 0x00, 0x00, 0x00, 0x1f,
    0xff, 0x60, 0x00, 0x00, 0x00, 0x00, 0x1f, 0xff,
    0x60, 0x00, 0x00, 0x00, 0x00, 0x1f, 0xff, 0xff,
    0xff, 0xff, 0xff, 0xfb, 0x1f, 0xff, 0xff, 0xff,
    0xff, 0xff, 0xfc, 0x1f, 0xff, 0xff, 0xff, 0xff,
    0xff, 0xfc,

    /* U+004D "M" */
    0x1f, 0xff, 0xf1, 0x00, 0x00, 0x00, 0x00, 0x03,
    0xff, 0xff, 0x01, 0xff, 0xff, 0x70, 0x00, 0x00,
    0x00, 0x00, 0x9f, 0xff, 0xf0, 0x1f, 0xff, 0xfd,
    0x00, 0x00, 0x00, 0x00, 0x0e, 0xff, 0xff, 0x01,
    0xff, 0xff, 0xf3, 0x00, 0x00, 0x00, 0x04, 0xff,
    0xff, 0xf0, 0x1f, 0xfd, 0xff, 0x80, 0x00, 0x00,
    0x00, 0xaf, 0xfd, 0xff, 0x01, 0xff, 0xbe, 0xfe,
    0x00, 0x00, 0x00, 0x0f, 0xfb, 0xdf, 0xf0, 0x1f,
    0xfc, 0x8f, 0xf4, 0x00, 0x00, 0x05, 0xff, 0x5f,
    0xff, 0x01, 0xff, 0xe3, 0xff, 0xa0, 0x00, 0x00,
    0xbf, 0xf1, 0xff, 0xf0, 0x1f, 0xff, 0x0d, 0xff,
    0x00, 0x00, 0x1f, 0xfa, 0x1f, 0xff, 0x01, 0xff,
    0xf0, 0x7f, 0xf5, 0x00, 0x06, 0xff, 0x42, 0xff,
    0xf0, 0x1f, 0xff, 0x02, 0xff, 0xb0, 0x00, 0xcf,
    0xe0, 0x3f, 0xff, 0x01, 0xff, 0xf1, 0x0c, 0xff,
    0x10, 0x1f, 0xf9, 0x03, 0xff, 0xf0, 0x1f, 0xff,
    0x10, 0x6f, 0xf6, 0x06, 0xff, 0x30, 0x3f, 0xff,
    0x01, 0xff, 0xf1, 0x00, 0xff, 0xc0, 0xcf, 0xd0,
    0x03, 0xff, 0xf0, 0x1f, 0xff, 0x10, 0x0a, 0xff,
    0x3f, 0xf7, 0x00, 0x3f, 0xff, 0x01, 0xff, 0xf1,
    0x00, 0x4f, 0xfd, 0xff, 0x10, 0x03, 0xff, 0xf0,
    0x1f, 0xff, 0x10, 0x00, 0xef, 0xff, 0xb0, 0x00,
    0x3f, 0xff, 0x01, 0xff, 0xf1, 0x00, 0x08, 0xff,
    0xf6, 0x00, 0x03, 0xff, 0xf0, 0x1f, 0xff, 0x10,
    0x00, 0x2f, 0xff, 0x00, 0x00, 0x3f, 0xff, 0x01,
    0xff, 0xf1, 0x00, 0x00, 0xbe, 0x90, 0x00, 0x03,
    0xff, 0xf0, 0x1f, 0xff, 0x10, 0x00, 0x00, 0x00,
    0x00, 0x00, 0x3f, 0xff, 0x01, 0xff, 0xf1, 0x00,
    0x00, 0x00, 0x00, 0x00, 0x03, 0xff, 0xf0,

    /* U+004E "N" */
    0x1f, 0xff, 0xc0, 0x00, 0x00, 0x00, 0x03, 0xff,
    0xf1, 0x1f, 0xff, 0xf5, 0x00, 0x00, 0x00, 0x03,
    0xff, 0xf1, 0x1f, 0xff, 0xfd, 0x00, 0x00, 0x00,
    0x03, 0xff, 0xf1, 0x1f, 0xff, 0xff, 0x70, 0x00,
    0x00, 0x03, 0xff, 0xf1, 0x1f, 0xfe, 0xff, 0xf1,
    0x00, 0x00, 0x03, 0xff, 0xf1, 0x1f, 0xfd, 0x9f,
    0xf9, 0x00, 0x00, 0x03, 0xff, 0xf1, 0x1f, 0xff,
    0x1f, 0xff, 0x20, 0x00, 0x03, 0xff, 0xf1, 0x1f,
    0xff, 0x09, 0xff, 0xb0, 0x00, 0x03, 0xff, 0xf1,
    0x1f, 0xff, 0x11, 0xff, 0xf4, 0x00, 0x03, 0xff,
    0xf1, 0x1f, 0xff, 0x20, 0x8f, 0xfd, 0x00, 0x03,
    0xff, 0xf1, 0x1f, 0xff, 0x20, 0x0e, 0xff, 0x60,
    0x03, 0xff, 0xf1, 0x1f, 0xff, 0x30, 0x06, 0xff,
    0xe1, 0x03, 0xff, 0xf1, 0x1f, 0xff, 0x30, 0x00,
    0xdf, 0xf8, 0x02, 0xff, 0xf1, 0x1f, 0xff, 0x30,
    0x00, 0x4f, 0xff, 0x11, 0xff, 0xf1, 0x1f, 0xff,
    0x30, 0x00, 0x0b, 0xff, 0x90, 0xff, 0xf1, 0x1f,
    0xff, 0x30, 0x00, 0x02, 0xff, 0xf1, 0xef, 0xf1,
    0x1f, 0xff, 0x30, 0x00, 0x00, 0x9f, 0xf9, 0xdf,
    0xf1, 0x1f, 0xff, 0x30, 0x00, 0x00, 0x1e, 0xff,
    0xef, 0xf1, 0x1f, 0xff, 0x30, 0x00, 0x00, 0x06,
    0xff, 0xff, 0xf1, 0x1f, 0xff, 0x30, 0x00, 0x00,
    0x00, 0xdf, 0xff, 0xf1, 0x1f, 0xff, 0x30, 0x00,
    0x00, 0x00, 0x4f, 0xff, 0xf1, 0x1f, 0xff, 0x30,
    0x00, 0x00, 0x00, 0x0b, 0xff, 0xf1,

    /* U+004F "O" */
    0x00, 0x00, 0x00, 0x49, 0xdf, 0xfe, 0xc8, 0x20,
    0x00, 0x00, 0x00, 0x00, 0x2c, 0xff, 0xff, 0xff,
    0xff, 0xf9, 0x00, 0x00, 0x00, 0x04, 0xff, 0xff,
    0xff, 0xff, 0xff, 0xff, 0xc0, 0x00, 0x00, 0x2f,
    0xff, 0xfc, 0x51, 0x12, 0x7e, 0xff, 0xfb, 0x00,
    0x00, 0xcf, 0xff, 0x80, 0x00, 0x00, 0x01, 0xdf,
    0xff, 0x60, 0x04, 0xff, 0xfa, 0x00, 0x00, 0x00,
    0x00, 0x1f, 0xff, 0xe0, 0x0a, 0xff, 0xf2, 0x00,
    0x00, 0x00, 0x00, 0x07, 0xff, 0xf4, 0x0f, 0xff,
    0xc0, 0x00, 0x00, 0x00, 0x00, 0x01, 0xff, 0xf9,
    0x2f, 0xff, 0x80, 0x00, 0x00, 0x00, 0x00, 0x00,
    0xdf, 0xfc, 0x4f, 0xff, 0x50, 0x00, 0x00, 0x00,
    0x00, 0x00, 0xbf, 0xfe, 0x4f, 0xff, 0x40, 0x00,
    0x00, 0x00, 0x00, 0x00, 0xaf, 0xfe, 0x4f, 0xff,
    0x40, 0x00, 0x00, 0x00, 0x00, 0x00, 0xaf, 0xfe,
    0x3f, 0xff, 0x60, 0x00, 0x00, 0x00, 0x00, 0x00,
    0xbf, 0xfd, 0x1f, 0xff, 0x80, 0x00, 0x00, 0x00,
    0x00, 0x00, 0xef, 0xfb, 0x0e, 0xff, 0xc0, 0x00,
    0x00, 0x00, 0x00, 0x02, 0xff, 0xf8, 0x09, 0xff,
    0xf3, 0x00, 0x00, 0x00, 0x00, 0x08, 0xff, 0xf3,
    0x03, 0xff, 0xfc, 0x00, 0x00, 0x00, 0x00, 0x2f,
    0xff, 0xd0, 0x00, 0xbf, 0xff, 0x90, 0x00, 0x00,
    0x02, 0xdf, 0xff, 0x50, 0x00, 0x1e, 0xff, 0xfd,
    0x62, 0x13, 0x8f, 0xff, 0xfa, 0x00, 0x00, 0x03,
    0xef, 0xff, 0xff, 0xff, 0xff, 0xff, 0xb0, 0x00,
    0x00, 0x00, 0x2c, 0xff, 0xff, 0xff, 0xff, 0xf8,
    0x00, 0x00, 0x00, 0x00, 0x00, 0x49, 0xdf, 0xfe,
    0xc8, 0x10, 0x00, 0x00,

    /* U+0050 "P" */
    0x1f, 0xff, 0xff, 0xff, 0xfe, 0xb7, 0x20, 0x00,
    0x01, 0xff, 0xff, 0xff, 0xff, 0xff, 0xff, 0x90,
    0x00, 0x1f, 0xff, 0xed, 0xdd, 0xef, 0xff, 0xff,
    0xb0, 0x01, 0xff, 0xf6, 0x00, 0x00, 0x05, 0xdf,
    0xff, 0x60, 0x1f, 0xff, 0x60, 0x00, 0x00, 0x01,
    0xef, 0xfc, 0x01, 0xff, 0xf6, 0x00, 0x00, 0x00,
    0x08, 0xff, 0xf0, 0x1f, 0xff, 0x60, 0x00, 0x00,
    0x00, 0x6f, 0xff, 0x01, 0xff, 0xf6, 0x00, 0x00,
    0x00, 0x07, 0xff, 0xf0, 0x1f, 0xff, 0x60, 0x00,
    0x00, 0x00, 0xaf, 0xfe, 0x01, 0xff, 0xf6, 0x00,
    0x00, 0x00, 0x4f, 0xff, 0x90, 0x1f, 0xff, 0x60,
    0x00, 0x03, 0x8f, 0xff, 0xf2, 0x01, 0xff, 0xff,
    0xff, 0xff, 0xff, 0xff, 0xf5, 0x00, 0x1f, 0xff,
    0xff, 0xff, 0xff, 0xff, 0xd3, 0x00, 0x01, 0xff,
    0xfe, 0xdd, 0xdc, 0xb8, 0x30, 0x00, 0x00, 0x1f,
    0xff, 0x60, 0x00, 0x00, 0x00, 0x00, 0x00, 0x01,
    0xff, 0xf6, 0x00, 0x00, 0x00, 0x00, 0x00, 0x00,
    0x1f, 0xff, 0x60, 0x00, 0x00, 0x00, 0x00, 0x00,
    0x01, 0xff, 0xf6, 0x00, 0x00, 0x00, 0x00, 0x00,
    0x00, 0x1f, 0xff, 0x60, 0x00, 0x00, 0x00, 0x00,
    0x00, 0x01, 0xff, 0xf6, 0x00, 0x00, 0x00, 0x00,
    0x00, 0x00, 0x1f, 0xff, 0x60, 0x00, 0x00, 0x00,
    0x00, 0x00, 0x01, 0xff, 0xf6, 0x00, 0x00, 0x00,
    0x00, 0x00, 0x00,

    /* U+0051 "Q" */
    0x00, 0x00, 0x00, 0x49, 0xdf, 0xfe, 0xc8, 0x20,
    0x00, 0x00, 0x00, 0x00, 0x02, 0xcf, 0xff, 0xff,
    0xff, 0xff, 0x90, 0x00, 0x00, 0x00, 0x04, 0xff,
    0xff, 0xff, 0xff, 0xff, 0xff, 0xc0, 0x00, 0x00,
    0x02, 0xff, 0xff, 0xc5, 0x11, 0x27, 0xef, 0xff,
    0xb0, 0x00, 0x00, 0xcf, 0xff, 0x80, 0x00, 0x00,
    0x01, 0xdf, 0xff, 0x60, 0x00, 0x4f, 0xff, 0xa0,
    0x00, 0x00, 0x00, 0x01, 0xff, 0xfe, 0x00, 0x0a,
    0xff, 0xf2, 0x00, 0x00, 0x00, 0x00, 0x07, 0xff,
    0xf4, 0x00, 0xff, 0xfc, 0x00, 0x00, 0x00, 0x00,
    0x00, 0x1f, 0xff, 0x90, 0x2f, 0xff, 0x80, 0x00,
    0x00, 0x00, 0x00, 0x00, 0xdf, 0xfc, 0x04, 0xff,
    0xf5, 0x00, 0x00, 0x00, 0x00, 0x00, 0x0b, 0xff,
    0xe0, 0x4f, 0xff, 0x40, 0x00, 0x00, 0x00, 0x00,
    0x00, 0xaf, 0xfe, 0x04, 0xff, 0xf4, 0x00, 0x00,
    0x00, 0x00, 0x00, 0x0a, 0xff, 0xe0, 0x3f, 0xff,
    0x60, 0x00, 0x00, 0x00, 0x00, 0x00, 0xbf, 0xfd,
    0x01, 0xff, 0xf8, 0x00, 0x00, 0x00, 0x00, 0x00,
    0x0d, 0xff, 0xb0, 0x0e, 0xff, 0xc0, 0x00, 0x00,
    0x00, 0x00, 0x01, 0xff, 0xf8, 0x00, 0x9f, 0xff,
    0x20, 0x00, 0x00, 0x00, 0x00, 0x7f, 0xff, 0x30,
    0x03, 0xff, 0xfa, 0x00, 0x00, 0x00, 0x00, 0x1e,
    0xff, 0xd0, 0x00, 0x0b, 0xff, 0xf7, 0x00, 0x00,
    0x00, 0x1c, 0xff, 0xf5, 0x00, 0x00, 0x1e, 0xff,
    0xfa, 0x30, 0x00, 0x5d, 0xff, 0xfa, 0x00, 0x00,
    0x00, 0x3e, 0xff, 0xff, 0xff, 0xff, 0xff, 0xfb,
    0x00, 0x00, 0x00, 0x00, 0x2c, 0xff, 0xff, 0xff,
    0xff, 0xf8, 0x00, 0x00, 0x00, 0x00, 0x00, 0x04,
    0x9e, 0xff, 0xfd, 0x81, 0x00, 0x00, 0x00, 0x00,
    0x00, 0x00, 0x00, 0x0e, 0xff, 0xe2, 0x00, 0x00,
    0x00, 0x00, 0x00, 0x00, 0x00, 0x00, 0x4f, 0xff,
    0xf7, 0x20, 0x00, 0x10, 0x00, 0x00, 0x00, 0x00,
    0x00, 0x6f, 0xff, 0xff, 0xfe, 0xef, 0x20, 0x00,
    0x00, 0x00, 0x00, 0x00, 0x4d, 0xff, 0xff, 0xff,
    0xf6, 0x00, 0x00, 0x00, 0x00, 0x00, 0x00, 0x05,
    0xad, 0xff, 0xeb, 0x50,

    /* U+0052 "R" */
    0x1f, 0xff, 0xff, 0xff, 0xfe, 0xc9, 0x40, 0x00,
    0x01, 0xff, 0xff, 0xff, 0xff, 0xff, 0xff, 0xc1,
    0x00, 0x1f, 0xff, 0xed, 0xdd, 0xdf, 0xff, 0xff,
    0xe1, 0x01, 0xff, 0xf6, 0x00, 0x00, 0x03, 0xbf,
    0xff, 0x90, 0x1f, 0xff, 0x60, 0x00, 0x00, 0x00,
    0xcf, 0xfe, 0x01, 0xff, 0xf6, 0x00, 0x00, 0x00,
    0x06, 0xff, 0xf1, 0x1f, 0xff, 0x60, 0x00, 0x00,
    0x00, 0x5f, 0xff, 0x11, 0xff, 0xf6, 0x00, 0x00,
    0x00, 0x07, 0xff, 0xf0, 0x1f, 0xff, 0x60, 0x00,
    0x00, 0x01, 0xef, 0xfd, 0x01, 0xff, 0xf6, 0x00,
    0x00, 0x04, 0xdf, 0xff, 0x60, 0x1f, 0xff, 0xec,
    0xcc, 0xdf, 0xff, 0xff, 0xb0, 0x01, 0xff, 0xff,
    0xff, 0xff, 0xff, 0xff, 0x90, 0x00, 0x1f, 0xff,
    0xff, 0xff, 0xff, 0xfc, 0x20, 0x00, 0x01, 0xff,
    0xf6, 0x00, 0x0b, 0xff, 0xf1, 0x00, 0x00, 0x1f,
    0xff, 0x60, 0x00, 0x2f, 0xff, 0x90, 0x00, 0x01,
    0xff, 0xf6, 0x00, 0x00, 0x9f, 0xff, 0x30, 0x00,
    0x1f, 0xff, 0x60, 0x00, 0x01, 0xff, 0xfc, 0x00,
    0x01, 0xff, 0xf6, 0x00, 0x00, 0x08, 0xff, 0xf5,
    0x00, 0x1f, 0xff, 0x60, 0x00, 0x00, 0x0e, 0xff,
    0xd0, 0x01, 0xff, 0xf6, 0x00, 0x00, 0x00, 0x6f,
    0xff, 0x70, 0x1f, 0xff, 0x60, 0x00, 0x00, 0x00,
    0xdf, 0xff, 0x11, 0xff, 0xf6, 0x00, 0x00, 0x00,
    0x04, 0xff, 0xf9,

    /* U+0053 "S" */
    0x00, 0x00, 0x17, 0xce, 0xff, 0xc8, 0x20, 0x00,
    0x00, 0x06, 0xff, 0xff, 0xff, 0xff, 0xf9, 0x00,
    0x00, 0x7f, 0xff, 0xff, 0xff, 0xff, 0xff, 0xd1,
    0x02, 0xff, 0xff, 0x72, 0x11, 0x4a, 0xff, 0xa0,
    0x07, 0xff, 0xf4, 0x00, 0x00, 0x00, 0x3a, 0x00,
    0x0a, 0xff, 0xf0, 0x00, 0x00, 0x00, 0x00, 0x00,
    0x09, 0xff, 0xf1, 0x00, 0x00, 0x00, 0x00, 0x00,
    0x06, 0xff, 0xfb, 0x00, 0x00, 0x00, 0x00, 0x00,
    0x00, 0xef, 0xff, 0xe7, 0x10, 0x00, 0x00, 0x00,
    0x00, 0x3e, 0xff, 0xff, 0xfa, 0x30, 0x00, 0x00,
    0x00, 0x01, 0xaf, 0xff, 0xff, 0xfd, 0x60, 0x00,
    0x00, 0x00, 0x02, 0x9f, 0xff, 0xff, 0xfc, 0x10,
    0x00, 0x00, 0x00, 0x00, 0x6d, 0xff, 0xff, 0xd1,
    0x00, 0x00, 0x00, 0x00, 0x00, 0x5d, 0xff, 0xf8,
    0x00, 0x00, 0x00, 0x00, 0x00, 0x01, 0xef, 0xfd,
    0x00, 0x00, 0x00, 0x00, 0x00, 0x00, 0xaf, 0xff,
    0x00, 0x40, 0x00, 0x00, 0x00, 0x00, 0xaf, 0xfe,
    0x08, 0xfa, 0x10, 0x00, 0x00, 0x02, 0xff, 0xfb,
    0x6f, 0xff, 0xfa, 0x42, 0x12, 0x7e, 0xff, 0xf4,
    0x0b, 0xff, 0xff, 0xff, 0xff, 0xff, 0xff, 0x90,
    0x00, 0x6e, 0xff, 0xff, 0xff, 0xff, 0xf7, 0x00,
    0x00, 0x00, 0x5a, 0xdf, 0xfe, 0xc7, 0x10, 0x00,

    /* U+0054 "T" */
    0x1f, 0xff, 0xff, 0xff, 0xff, 0xff, 0xff, 0xff,
    0xf6, 0x1f, 0xff, 0xff, 0xff, 0xff, 0xff, 0xff,
    0xff, 0xf6, 0x0f, 0xff, 0xff, 0xff, 0xff, 0xff,
    0xff, 0xff, 0xf6, 0x00, 0x00, 0x00, 0x0a, 0xff,
    0xe0, 0x00, 0x00, 0x00, 0x00, 0x00, 0x00, 0x0a,
    0xff, 0xe0, 0x00, 0x00, 0x00, 0x00, 0x00, 0x00,
    0x0a, 0xff, 0xe0, 0x00, 0x00, 0x00, 0x00, 0x00,
    0x00, 0x0a, 0xff, 0xe0, 0x00, 0x00, 0x00, 0x00,
    0x00, 0x00, 0x0a, 0xff, 0xe0, 0x00, 0x00, 0x00,
    0x00, 0x00, 0x00, 0x0a, 0xff, 0xe0, 0x00, 0x00,
    0x00, 0x00, 0x00, 0x00, 0x0a, 0xff, 0xe0, 0x00,
    0x00, 0x00, 0x00, 0x00, 0x00, 0x0a, 0xff, 0xe0,
    0x00, 0x00, 0x00, 0x00, 0x00, 0x00, 0x0a, 0xff,
    0xe0, 0x00, 0x00, 0x00, 0x00, 0x00, 0x00, 0x0a,
    0xff, 0xe0, 0x00, 0x00, 0x00, 0x00, 0x00, 0x00,
    0x0a, 0xff, 0xe0, 0x00, 0x00, 0x00, 0x00, 0x00,
    0x00, 0x0a, 0xff, 0xe0, 0x00, 0x00, 0x00, 0x00,
    0x00, 0x00, 0x0a, 0xff, 0xe0, 0x00, 0x00, 0x00,
    0x00, 0x00, 0x00, 0x0a, 0xff, 0xe0, 0x00, 0x00,
    0x00, 0x00, 0x00, 0x00, 0x0a, 0xff, 0xe0, 0x00,
    0x00, 0x00, 0x00, 0x00, 0x00, 0x0a, 0xff, 0xe0,
    0x00, 0x00, 0x00, 0x00, 0x00, 0x00, 0x0a, 0xff,
    0xe0, 0x00, 0x00, 0x00, 0x00, 0x00, 0x00, 0x0a,
    0xff, 0xe0, 0x00, 0x00, 0x00, 0x00, 0x00, 0x00,
    0x0a, 0xff, 0xe0, 0x00, 0x00, 0x00,

    /* U+0055 "U" */
    0x3f, 0xff, 0x40, 0x00, 0x00, 0x00, 0x02, 0xff,
    0xf3, 0x3f, 0xff, 0x40, 0x00, 0x00, 0x00, 0x02,
    0xff, 0xf3, 0x3f, 0xff, 0x40, 0x00, 0x00, 0x00,
    0x02, 0xff, 0xf3, 0x3f, 0xff, 0x40, 0x00, 0x00,
    0x00, 0x02, 0xff, 0xf3, 0x3f, 0xff, 0x40, 0x00,
    0x00, 0x00, 0x02, 0xff, 0xf3, 0x3f, 0xff, 0x40,
    0x00, 0x00, 0x00, 0x02, 0xff, 0xf3, 0x3f, 0xff,
    0x40, 0x00, 0x00, 0x00, 0x02, 0xff, 0xf3, 0x3f,
    0xff, 0x40, 0x00, 0x00, 0x00, 0x02, 0xff, 0xf3,
    0x3f, 0xff, 0x40, 0x00, 0x00, 0x00, 0x02, 0xff,
    0xf3, 0x3f, 0xff, 0x40, 0x00, 0x00, 0x00, 0x02,
    0xff, 0xf3, 0x3f, 0xff, 0x40, 0x00, 0x00, 0x00,
    0x02, 0xff, 0xf3, 0x3f, 0xff, 0x40, 0x00, 0x00,
    0x00, 0x02, 0xff, 0xf3, 0x3f, 0xff, 0x40, 0x00,
    0x00, 0x00, 0x02, 0xff, 0xf3, 0x2f, 0xff, 0x40,
    0x00, 0x00, 0x00, 0x03, 0xff, 0xf2, 0x1f, 0xff,
    0x60, 0x00, 0x00, 0x00, 0x04, 0xff, 0xf1, 0x0e,
    0xff, 0x90, 0x00, 0x00, 0x00, 0x08, 0xff, 0xe0,
    0x0b, 0xff, 0xe0, 0x00, 0x00, 0x00, 0x0d, 0xff,
    0xb0, 0x05, 0xff, 0xf9, 0x00, 0x00, 0x00, 0x8f,
    0xff, 0x50, 0x00, 0xdf, 0xff, 0xb4, 0x11, 0x4b,
    0xff, 0xfd, 0x00, 0x00, 0x3f, 0xff, 0xff, 0xff,
    0xff, 0xff, 0xf3, 0x00, 0x00, 0x03, 0xef, 0xff,
    0xff, 0xff, 0xfe, 0x30, 0x00, 0x00, 0x00, 0x06,
    0xbe, 0xff, 0xeb, 0x60, 0x00, 0x00,

    /* U+0056 "V" */
    0x0e, 0xff, 0xc0, 0x00, 0x00, 0x00, 0x00, 0x0c,
    0xff, 0xb0, 0x9f, 0xff, 0x10, 0x00, 0x00, 0x00,
    0x01, 0xff, 0xf6, 0x04, 0xff, 0xf5, 0x00, 0x00,
    0x00, 0x00, 0x5f, 0xff, 0x10, 0x0f, 0xff, 0xa0,
    0x00, 0x00, 0x00, 0x0a, 0xff, 0xc0, 0x00, 0xaf,
    0xfe, 0x00, 0x00, 0x00, 0x00, 0xef, 0xf7, 0x00,
    0x05, 0xff, 0xf3, 0x00, 0x00, 0x00, 0x3f, 0xff,
    0x20, 0x00, 0x0f, 0xff, 0x70, 0x00, 0x00, 0x08,
    0xff, 0xd0, 0x00, 0x00, 0xbf, 0xfc, 0x00, 0x00,
    0x00, 0xcf, 0xf8, 0x00, 0x00, 0x06, 0xff, 0xf1,
    0x00, 0x00, 0x1f, 0xff, 0x30, 0x00, 0x00, 0x1f,
    0xff, 0x50, 0x00, 0x05, 0xff, 0xe0, 0x00, 0x00,
    0x00, 0xcf, 0xfa, 0x00, 0x00, 0xaf, 0xf9, 0x00,
    0x00, 0x00, 0x06, 0xff, 0xe0, 0x00, 0x0e, 0xff,
    0x40, 0x00, 0x00, 0x00, 0x1f, 0xff, 0x30, 0x03,
    0xff, 0xf0, 0x00, 0x00, 0x00, 0x00, 0xcf, 0xf8,
    0x00, 0x8f, 0xfa, 0x00, 0x00, 0x00, 0x00, 0x07,
    0xff, 0xc0, 0x0c, 0xff, 0x50, 0x00, 0x00, 0x00,
    0x00, 0x2f, 0xff, 0x01, 0xff, 0xf0, 0x00, 0x00,
    0x00, 0x00, 0x00, 0xdf, 0xf4, 0x5f, 0xfb, 0x00,
    0x00, 0x00, 0x00, 0x00, 0x08, 0xff, 0x99, 0xff,
    0x60, 0x00, 0x00, 0x00, 0x00, 0x00, 0x3f, 0xfe,
    0xef, 0xf1, 0x00, 0x00, 0x00, 0x00, 0x00, 0x00,
    0xef, 0xff, 0xfc, 0x00, 0x00, 0x00, 0x00, 0x00,
    0x00, 0x09, 0xff, 0xff, 0x70, 0x00, 0x00, 0x00,
    0x00, 0x00, 0x00, 0x4f, 0xff, 0xf2, 0x00, 0x00,
    0x00,

    /* U+0057 "W" */
    0x3f, 0xff, 0x50, 0x00, 0x00, 0x02, 0xff, 0xf3,
    0x00, 0x00, 0x00, 0x5f, 0xff, 0x00, 0xff, 0xf8,
    0x00, 0x00, 0x00, 0x6f, 0xff, 0x70, 0x00, 0x00,
    0x08, 0xff, 0xc0, 0x0c, 0xff, 0xb0, 0x00, 0x00,
    0x0a, 0xff, 0xfb, 0x00, 0x00, 0x00, 0xbf, 0xf9,
    0x00, 0x9f, 0xfe, 0x00, 0x00, 0x00, 0xef, 0xff,
    0xe0, 0x00, 0x00, 0x0e, 0xff, 0x60, 0x06, 0xff,
    0xf1, 0x00, 0x00, 0x2f, 0xff, 0xff, 0x30, 0x00,
    0x00, 0xff, 0xf3, 0x00, 0x3f, 0xff, 0x40, 0x00,
    0x06, 0xff, 0x9f, 0xf6, 0x00, 0x00, 0x3f, 0xff,
    0x00, 0x00, 0xff, 0xf7, 0x00, 0x00, 0xaf, 0xf3,
    0xff, 0xa0, 0x00, 0x06, 0xff, 0xc0, 0x00, 0x0c,
    0xff, 0x90, 0x00, 0x0e, 0xfc, 0x0f, 0xfe, 0x00,
    0x00, 0x9f, 0xf9, 0x00, 0x00, 0x9f, 0xfc, 0x00,
    0x02, 0xff, 0x90, 0xcf, 0xf2, 0x00, 0x0c, 0xff,
    0x60, 0x00, 0x06, 0xff, 0xf0, 0x00, 0x5f, 0xf5,
    0x09, 0xff, 0x60, 0x00, 0xff, 0xf3, 0x00, 0x00,
    0x2f, 0xff, 0x20, 0x09, 0xff, 0x20, 0x5f, 0xfa,
    0x00, 0x2f, 0xff, 0x00, 0x00, 0x00, 0xff, 0xf5,
    0x00, 0xdf, 0xe0, 0x01, 0xff, 0xe0, 0x05, 0xff,
    0xd0, 0x00, 0x00, 0x0c, 0xff, 0x80, 0x1f, 0xfa,
    0x00, 0x0d, 0xff, 0x20, 0x7f, 0xfa, 0x00, 0x00,
    0x00, 0x9f, 0xfa, 0x04, 0xff, 0x60, 0x00, 0x9f,
    0xf5, 0x0a, 0xff, 0x60, 0x00, 0x00, 0x05, 0xff,
    0xd0, 0x8f, 0xf2, 0x00, 0x06, 0xff, 0x90, 0xcf,
    0xf3, 0x00, 0x00, 0x00, 0x2f, 0xff, 0x0b, 0xfe,
    0x00, 0x00, 0x2f, 0xfc, 0x0f, 0xff, 0x00, 0x00,
    0x00, 0x00, 0xff, 0xf3, 0xef, 0xb0, 0x00, 0x00,
    0xef, 0xf2, 0xff, 0xd0, 0x00, 0x00, 0x00, 0x0c,
    0xff, 0x7f, 0xf7, 0x00, 0x00, 0x0a, 0xff, 0x7f,
    0xfa, 0x00, 0x00, 0x00, 0x00, 0x8f, 0xfe, 0xff,
    0x30, 0x00, 0x00, 0x6f, 0xfe, 0xff, 0x70, 0x00,
    0x00, 0x00, 0x05, 0xff, 0xff, 0xf0, 0x00, 0x00,
    0x02, 0xff, 0xff, 0xf3, 0x00, 0x00, 0x00, 0x00,
    0x2f, 0xff, 0xfc, 0x00, 0x00, 0x00, 0x0e, 0xff,
    0xff, 0x00, 0x00, 0x00, 0x00, 0x00, 0xff, 0xff,
    0x80, 0x00, 0x00, 0x00, 0xaf, 0xff, 0xd0, 0x00,
    0x00,

    /* U+0058 "X" */
    0x0d, 0xff, 0xe1, 0x00, 0x00, 0x00, 0x0e, 0xff,
    0xb0, 0x04, 0xff, 0xf8, 0x00, 0x00, 0x00, 0x6f,
    0xff, 0x30, 0x00, 0xbf, 0xff, 0x10, 0x00, 0x00,
    0xef, 0xfa, 0x00, 0x00, 0x3f, 0xff, 0x80, 0x00,
    0x06, 0xff, 0xf2, 0x00, 0x00, 0x09, 0xff, 0xf1,
    0x00, 0x0e, 0xff, 0x80, 0x00, 0x00, 0x01, 0xff,
    0xf9, 0x00, 0x6f, 0xfe, 0x10, 0x00, 0x00, 0x00,
    0x8f, 0xff, 0x10, 0xdf, 0xf7, 0x00, 0x00, 0x00,
    0x00, 0x0e, 0xff, 0x95, 0xff, 0xe0, 0x00, 0x00,
    0x00, 0x00, 0x06, 0xff, 0xfd, 0xff, 0x50, 0x00,
    0x00, 0x00, 0x00, 0x00, 0xdf, 0xff, 0xfc, 0x00,
    0x00, 0x00, 0x00, 0x00, 0x00, 0x5f, 0xff, 0xf4,
    0x00, 0x00, 0x00, 0x00, 0x00, 0x00, 0xaf, 0xff,
    0xf7, 0x00, 0x00, 0x00, 0x00, 0x00, 0x03, 0xff,
    0xff, 0xff, 0x10, 0x00, 0x00, 0x00, 0x00, 0x0c,
    0xff, 0x7e, 0xff, 0x90, 0x00, 0x00, 0x00, 0x00,
    0x5f, 0xfe, 0x06, 0xff, 0xf3, 0x00, 0x00, 0x00,
    0x00, 0xdf, 0xf7, 0x00, 0xdf, 0xfc, 0x00, 0x00,
    0x00, 0x07, 0xff, 0xf1, 0x00, 0x5f, 0xff, 0x50,
    0x00, 0x00, 0x1e, 0xff, 0x70, 0x00, 0x0d, 0xff,
    0xd0, 0x00, 0x00, 0x9f, 0xfe, 0x00, 0x00, 0x04,
    0xff, 0xf7, 0x00, 0x02, 0xff, 0xf7, 0x00, 0x00,
    0x00, 0xcf, 0xff, 0x10, 0x0a, 0xff, 0xe0, 0x00,
    0x00, 0x00, 0x3f, 0xff, 0x90, 0x3f, 0xff, 0x60,
    0x00, 0x00, 0x00, 0x0b, 0xff, 0xf2,

    /* U+0059 "Y" */
    0x0d, 0xff, 0xd0, 0x00, 0x00, 0x00, 0x02, 0xff,
    0xf7, 0x05, 0xff, 0xf4, 0x00, 0x00, 0x00, 0x09,
    0xff, 0xe0, 0x00, 0xdf, 0xfb, 0x00, 0x00, 0x00,
    0x1f, 0xff, 0x70, 0x00, 0x6f, 0xff, 0x20, 0x00,
    0x00, 0x7f, 0xfe, 0x00, 0x00, 0x0e, 0xff, 0x90,
    0x00, 0x00, 0xef, 0xf7, 0x00, 0x00, 0x06, 0xff,
    0xf1, 0x00, 0x06, 0xff, 0xf1, 0x00, 0x00, 0x00,
    0xef, 0xf7, 0x00, 0x0d, 0xff, 0x80, 0x00, 0x00,
    0x00, 0x7f, 0xfd, 0x00, 0x3f, 0xff, 0x10, 0x00,
    0x00, 0x00, 0x0e, 0xff, 0x40, 0xaf, 0xf8, 0x00,
    0x00, 0x00, 0x00, 0x07, 0xff, 0xb2, 0xff, 0xf1,
    0x00, 0x00, 0x00, 0x00, 0x01, 0xff, 0xfb, 0xff,
    0x90, 0x00, 0x00, 0x00, 0x00, 0x00, 0x8f, 0xff,
    0xff, 0x10, 0x00, 0x00, 0x00, 0x00, 0x00, 0x1f,
    0xff, 0xf9, 0x00, 0x00, 0x00, 0x00, 0x00, 0x00,
    0x09, 0xff, 0xf2, 0x00, 0x00, 0x00, 0x00, 0x00,
    0x00, 0x07, 0xff, 0xf0, 0x00, 0x00, 0x00, 0x00,
    0x00, 0x00, 0x07, 0xff, 0xf0, 0x00, 0x00, 0x00,
    0x00, 0x00, 0x00, 0x07, 0xff, 0xf0, 0x00, 0x00,
    0x00, 0x00, 0x00, 0x00, 0x07, 0xff, 0xf0, 0x00,
    0x00, 0x00, 0x00, 0x00, 0x00, 0x07, 0xff, 0xf0,
    0x00, 0x00, 0x00, 0x00, 0x00, 0x00, 0x07, 0xff,
    0xf0, 0x00, 0x00, 0x00, 0x00, 0x00, 0x00, 0x07,
    0xff, 0xf0, 0x00, 0x00, 0x00, 0x00, 0x00, 0x00,
    0x07, 0xff, 0xf0, 0x00, 0x00, 0x00,

    /* U+005A "Z" */
    0x09, 0xff, 0xff, 0xff, 0xff, 0xff, 0xff, 0xfc,
    0x09, 0xff, 0xff, 0xff, 0xff, 0xff, 0xff, 0xfc,
    0x08, 0xff, 0xff, 0xff, 0xff, 0xff, 0xff, 0xf8,
    0x00, 0x00, 0x00, 0x00, 0x00, 0x0d, 0xff, 0xd0,
    0x00, 0x00, 0x00, 0x00, 0x00, 0x8f, 0xff, 0x30,
    0x00, 0x00, 0x00, 0x00, 0x03, 0xff, 0xf8, 0x00,
    0x00, 0x00, 0x00, 0x00, 0x0d, 0xff, 0xd0, 0x00,
    0x00, 0x00, 0x00, 0x00, 0x8f, 0xff, 0x40, 0x00,
    0x00, 0x00, 0x00, 0x02, 0xff, 0xf9, 0x00, 0x00,
    0x00, 0x00, 0x00, 0x0c, 0xff, 0xe0, 0x00, 0x00,
    0x00, 0x00, 0x00, 0x7f, 0xff, 0x40, 0x00, 0x00,
    0x00, 0x00, 0x02, 0xff, 0xfa, 0x00, 0x00, 0x00,
    0x00, 0x00, 0x0c, 0xff, 0xe1, 0x00, 0x00, 0x00,
    0x00, 0x00, 0x6f, 0xff, 0x50, 0x00, 0x00, 0x00,
    0x00, 0x02, 0xff, 0xfa, 0x00, 0x00, 0x00, 0x00,
    0x00, 0x0b, 0xff, 0xe1, 0x00, 0x00, 0x00, 0x00,
    0x00, 0x6f, 0xff, 0x60, 0x00, 0x00, 0x00, 0x00,
    0x01, 0xff, 0xfb, 0x00, 0x00, 0x00, 0x00, 0x00,
    0x0b, 0xff, 0xf1, 0x00, 0x00, 0x00, 0x00, 0x00,
    0x5f, 0xff, 0xff, 0xff, 0xff, 0xff, 0xff, 0xfe,
    0x9f, 0xff, 0xff, 0xff, 0xff, 0xff, 0xff, 0xfe,
    0x9f, 0xff, 0xff, 0xff, 0xff, 0xff, 0xff, 0xfe,

    /* U+005B "[" */
    0xef, 0xff, 0xff, 0x7e, 0xff, 0xee, 0xe7, 0xef,
    0xb0, 0x00, 0x0e, 0xfb, 0x00, 0x00, 0xef, 0xb0,
    0x00, 0x0e, 0xfb, 0x00, 0x00, 0xef, 0xb0, 0x00,
    0x0e, 0xfb, 0x00, 0x00, 0xef, 0xb0, 0x00, 0x0e,
    0xfb, 0x00, 0x00, 0xef, 0xb0, 0x00, 0x0e, 0xfb,
    0x00, 0x00, 0xef, 0xb0, 0x00, 0x0e, 0xfb, 0x00,
    0x00, 0xef, 0xb0, 0x00, 0x0e, 0xfb, 0x00, 0x00,
    0xef, 0xb0, 0x00, 0x0e, 0xfb, 0x00, 0x00, 0xef,
    0xb0, 0x00, 0x0e, 0xfb, 0x00, 0x00, 0xef, 0xb0,
    0x00, 0x0e, 0xfb, 0x00, 0x00, 0xef, 0xb0, 0x00,
    0x0e, 0xfb, 0x00, 0x00, 0xef, 0xb0, 0x00, 0x0e,
    0xfb, 0x00, 0x00, 0xef, 0xb0, 0x00, 0x0e, 0xff,
    0xff, 0xf7, 0xef, 0xff, 0xff, 0x70,

    /* U+005C "\\" */
    0x3f, 0xf2, 0x00, 0x00, 0x00, 0x00, 0x0f, 0xf6,
    0x00, 0x00, 0x00, 0x00, 0x0a, 0xfb, 0x00, 0x00,
    0x00, 0x00, 0x06, 0xff, 0x00, 0x00, 0x00, 0x00,
    0x01, 0xff, 0x40, 0x00, 0x00, 0x00, 0x00, 0xdf,
    0x80, 0x00, 0x00, 0x00, 0x00, 0x8f, 0xd0, 0x00,
    0x00, 0x00, 0x00, 0x4f, 0xf1, 0x00, 0x00, 0x00,
    0x00, 0x0f, 0xf6, 0x00, 0x00, 0x00, 0x00, 0x0b,
    0xfa, 0x00, 0x00, 0x00, 0x00, 0x06, 0xff, 0x00,
    0x00, 0x00, 0x00, 0x02, 0xff, 0x30, 0x00, 0x00,
    0x00, 0x00, 0xdf, 0x80, 0x00, 0x00, 0x00, 0x00,
    0x9f, 0xc0, 0x00, 0x00, 0x00, 0x00, 0x4f, 0xf1,
    0x00, 0x00, 0x00, 0x00, 0x0f, 0xf5, 0x00, 0x00,
    0x00, 0x00, 0x0b, 0xfa, 0x00, 0x00, 0x00, 0x00,
    0x07, 0xfe, 0x00, 0x00, 0x00, 0x00, 0x02, 0xff,
    0x30, 0x00, 0x00, 0x00, 0x00, 0xef, 0x70, 0x00,
    0x00, 0x00, 0x00, 0x9f, 0xc0, 0x00, 0x00, 0x00,
    0x00, 0x5f, 0xf1, 0x00, 0x00, 0x00, 0x00, 0x0f,
    0xf5, 0x00, 0x00, 0x00, 0x00, 0x0c, 0xf9, 0x00,
    0x00, 0x00, 0x00, 0x07, 0xfe, 0x00, 0x00, 0x00,
    0x00, 0x03, 0xff, 0x30, 0x00, 0x00, 0x00, 0x00,
    0xef, 0x70, 0x00, 0x00, 0x00, 0x00, 0xaf, 0xc0,
    0x00, 0x00, 0x00, 0x00, 0x5f, 0xf0, 0x00, 0x00,
    0x00, 0x00, 0x18, 0x81,

    /* U+005D "]" */
    0xcf, 0xff, 0xff, 0x9b, 0xee, 0xef, 0xf9, 0x00,
    0x00, 0xff, 0x90, 0x00, 0x0f, 0xf9, 0x00, 0x00,
    0xff, 0x90, 0x00, 0x0f, 0xf9, 0x00, 0x00, 0xff,
    0x90, 0x00, 0x0f, 0xf9, 0x00, 0x00, 0xff, 0x90,
    0x00, 0x0f, 0xf9, 0x00, 0x00, 0xff, 0x90, 0x00,
    0x0f, 0xf9, 0x00, 0x00, 0xff, 0x90, 0x00, 0x0f,
    0xf9, 0x00, 0x00, 0xff, 0x90, 0x00, 0x0f, 0xf9,
    0x00, 0x00, 0xff, 0x90, 0x00, 0x0f, 0xf9, 0x00,
    0x00, 0xff, 0x90, 0x00, 0x0f, 0xf9, 0x00, 0x00,
    0xff, 0x90, 0x00, 0x0f, 0xf9, 0x00, 0x00, 0xff,
    0x90, 0x00, 0x0f, 0xf9, 0x00, 0x00, 0xff, 0x90,
    0x00, 0x0f, 0xf9, 0x00, 0x00, 0xff, 0x9b, 0xff,
    0xff, 0xf9, 0xcf, 0xff, 0xff, 0x90,

    /* U+005E "^" */
    0x00, 0x00, 0x02, 0xff, 0xf3, 0x00, 0x00, 0x00,
    0x00, 0x00, 0x8f, 0xff, 0x90, 0x00, 0x00, 0x00,
    0x00, 0x0e, 0xff, 0xff, 0x00, 0x00, 0x00, 0x00,
    0x04, 0xff, 0xaf, 0xf6, 0x00, 0x00, 0x00, 0x00,
    0xbf, 0xf0, 0xef, 0xc0, 0x00, 0x00, 0x00, 0x1f,
    0xfa, 0x08, 0xff, 0x30, 0x00, 0x00, 0x08, 0xff,
    0x40, 0x2f, 0xf9, 0x00, 0x00, 0x00, 0xef, 0xe0,
    0x00, 0xdf, 0xf0, 0x00, 0x00, 0x4f, 0xf8, 0x00,
    0x07, 0xff, 0x60, 0x00, 0x0b, 0xff, 0x20, 0x00,
    0x1f, 0xfc, 0x00, 0x01, 0xff, 0xc0, 0x00, 0x00,
    0xbf, 0xf3, 0x00, 0x7f, 0xf6, 0x00, 0x00, 0x05,
    0xff, 0x90, 0x0d, 0xff, 0x10, 0x00, 0x00, 0x0e,
    0xff, 0x00,

    /* U+005F "_" */
    0x12, 0x22, 0x22, 0x22, 0x22, 0x22, 0x22, 0x22,
    0x19, 0xff, 0xff, 0xff, 0xff, 0xff, 0xff, 0xff,
    0xf7, 0x9f, 0xff, 0xff, 0xff, 0xff, 0xff, 0xff,
    0xff, 0x70,

    /* U+0060 "`" */
    0x00, 0x39, 0x00, 0x00, 0x00, 0x4f, 0xf7, 0x00,
    0x00, 0x0c, 0xff, 0xf5, 0x00, 0x00, 0x1c, 0xff,
    0xf3, 0x00, 0x00, 0x0c, 0xff, 0xe1, 0x00, 0x00,
    0x0b, 0xff, 0xd0, 0x00, 0x00, 0x0a, 0xf8, 0x00,
    0x00, 0x00, 0x05, 0x00,

    /* U+0061 "a" */
    0x00, 0x00, 0x5a, 0xef, 0xfd, 0x91, 0x00, 0x00,
    0x7e, 0xff, 0xff, 0xff, 0xff, 0x30, 0x07, 0xff,
    0xff, 0xed, 0xff, 0xff, 0xe0, 0x00, 0xee, 0x81,
    0x00, 0x08, 0xff, 0xf6, 0x00, 0x30, 0x00, 0x00,
    0x00, 0xdf, 0xfb, 0x00, 0x00, 0x00, 0x00, 0x00,
    0x9f, 0xfe, 0x00, 0x00, 0x00, 0x03, 0x69, 0xdf,
    0xff, 0x00, 0x00, 0x6c, 0xff, 0xff, 0xff, 0xff,
    0x00, 0x5e, 0xff, 0xff, 0xb9, 0xbf, 0xff, 0x06,
    0xff, 0xfb, 0x40, 0x00, 0x7f, 0xff, 0x0f, 0xff,
    0x80, 0x00, 0x00, 0x7f, 0xff, 0x4f, 0xff, 0x00,
    0x00, 0x00, 0x7f, 0xff, 0x5f, 0xff, 0x00, 0x00,
    0x00, 0xbf, 0xff, 0x3f, 0xff, 0x90, 0x00, 0x3c,
    0xff, 0xff, 0x0d, 0xff, 0xfe, 0xce, 0xff, 0xff,
    0xff, 0x03, 0xff, 0xff, 0xff, 0xfa, 0x1f, 0xff,
    0x00, 0x2a, 0xef, 0xea, 0x40, 0x0e, 0xff,

    /* U+0062 "b" */
    0x6f, 0xff, 0x10, 0x00, 0x00, 0x00, 0x00, 0x00,
    0x6f, 0xff, 0x10, 0x00, 0x00, 0x00, 0x00, 0x00,
    0x6f, 0xff, 0x10, 0x00, 0x00, 0x00, 0x00, 0x00,
    0x6f, 0xff, 0x10, 0x00, 0x00, 0x00, 0x00, 0x00,
    0x6f, 0xff, 0x10, 0x00, 0x00, 0x00, 0x00, 0x00,
    0x6f, 0xff, 0x10, 0x00, 0x00, 0x00, 0x00, 0x00,
    0x6f, 0xff, 0x00, 0x00, 0x00, 0x00, 0x00, 0x00,
    0x6f, 0xff, 0x00, 0x7d, 0xff, 0xc7, 0x00, 0x00,
    0x6f, 0xff, 0x4e, 0xff, 0xff, 0xff, 0xd2, 0x00,
    0x6f, 0xff, 0xff, 0xfe, 0xff, 0xff, 0xfd, 0x00,
    0x6f, 0xff, 0xfb, 0x20, 0x03, 0xcf, 0xff, 0x70,
    0x6f, 0xff, 0x70, 0x00, 0x00, 0x1e, 0xff, 0xd0,
    0x6f, 0xff, 0x10, 0x00, 0x00, 0x09, 0xff, 0xf1,
    0x6f, 0xff, 0x10, 0x00, 0x00, 0x05, 0xff, 0xf4,
    0x6f, 0xff, 0x10, 0x00, 0x00, 0x03, 0xff, 0xf6,
    0x6f, 0xff, 0x10, 0x00, 0x00, 0x02, 0xff, 0xf6,
    0x6f, 0xff, 0x10, 0x00, 0x00, 0x04, 0xff, 0xf5,
    0x6f, 0xff, 0x10, 0x00, 0x00, 0x06, 0xff, 0xf3,
    0x6f, 0xff, 0x10, 0x00, 0x00, 0x0c, 0xff, 0xf0,
    0x6f, 0xff, 0x20, 0x00, 0x00, 0x5f, 0xff, 0x90,
    0x6f, 0xff, 0xe6, 0x10, 0x07, 0xff, 0xff, 0x20,
    0x6f, 0xff, 0xff, 0xff, 0xff, 0xff, 0xf6, 0x00,
    0x6f, 0xf9, 0x9f, 0xff, 0xff, 0xff, 0x60, 0x00,
    0x6f, 0xf6, 0x03, 0xae, 0xfe, 0x92, 0x00, 0x00,

    /* U+0063 "c" */
    0x00, 0x00, 0x06, 0xbe, 0xff, 0xc6, 0x00, 0x00,
    0x04, 0xef, 0xff, 0xff, 0xff, 0xc2, 0x00, 0x5f,
    0xff, 0xff, 0xee, 0xff, 0xe1, 0x02, 0xff, 0xff,
    0x71, 0x00, 0x4d, 0x30, 0x0b, 0xff, 0xf5, 0x00,
    0x00, 0x00, 0x00, 0x2f, 0xff, 0xa0, 0x00, 0x00,
    0x00, 0x00, 0x6f, 0xff, 0x40, 0x00, 0x00, 0x00,
    0x00, 0x8f, 0xff, 0x10, 0x00, 0x00, 0x00, 0x00,
    0x8f, 0xff, 0x00, 0x00, 0x00, 0x00, 0x00, 0x8f,
    0xff, 0x10, 0x00, 0x00, 0x00, 0x00, 0x6f, 0xff,
    0x40, 0x00, 0x00, 0x00, 0x00, 0x2f, 0xff, 0xa0,
    0x00, 0x00, 0x00, 0x00, 0x0c, 0xff, 0xf4, 0x00,
    0x00, 0x00, 0x10, 0x03, 0xff, 0xff, 0x71, 0x00,
    0x4c, 0xc0, 0x00, 0x7f, 0xff, 0xff, 0xef, 0xff,
    0xf6, 0x00, 0x06, 0xff, 0xff, 0xff, 0xff, 0xc2,
    0x00, 0x00, 0x18, 0xcf, 0xfe, 0xa5, 0x00,

    /* U+0064 "d" */
    0x00, 0x00, 0x00, 0x00, 0x00, 0x02, 0xff, 0xf5,
    0x00, 0x00, 0x00, 0x00, 0x00, 0x02, 0xff, 0xf5,
    0x00, 0x00, 0x00, 0x00, 0x00, 0x02, 0xff, 0xf5,
    0x00, 0x00, 0x00, 0x00, 0x00, 0x02, 0xff, 0xf5,
    0x00, 0x00, 0x00, 0x00, 0x00, 0x02, 0xff, 0xf5,
    0x00, 0x00, 0x00, 0x00, 0x00, 0x02, 0xff, 0xf5,
    0x00, 0x00, 0x00, 0x00, 0x00, 0x01, 0xff, 0xf5,
    0x00, 0x00, 0x3a, 0xef, 0xeb, 0x31, 0xff, 0xf5,
    0x00, 0x07, 0xff, 0xff, 0xff, 0xf9, 0xff, 0xf5,
    0x00, 0x7f, 0xff, 0xff, 0xef, 0xff, 0xff, 0xf5,
    0x03, 0xff, 0xff, 0x60, 0x01, 0x6e, 0xff, 0xf5,
    0x0b, 0xff, 0xf4, 0x00, 0x00, 0x03, 0xff, 0xf5,
    0x1f, 0xff, 0xa0, 0x00, 0x00, 0x02, 0xff, 0xf5,
    0x5f, 0xff, 0x40, 0x00, 0x00, 0x02, 0xff, 0xf5,
    0x7f, 0xff, 0x20, 0x00, 0x00, 0x02, 0xff, 0xf5,
    0x7f, 0xff, 0x10, 0x00, 0x00, 0x02, 0xff, 0xf5,
    0x7f, 0xff, 0x10, 0x00, 0x00, 0x02, 0xff, 0xf5,
    0x5f, 0xff, 0x40, 0x00, 0x00, 0x02, 0xff, 0xf5,
    0x2f, 0xff, 0x80, 0x00, 0x00, 0x02, 0xff, 0xf5,
    0x0d, 0xff, 0xf2, 0x00, 0x00, 0x08, 0xff, 0xf5,
    0x07, 0xff, 0xfd, 0x40, 0x02, 0xaf, 0xff, 0xf5,
    0x00, 0xcf, 0xff, 0xff, 0xff, 0xff, 0xff, 0xf5,
    0x00, 0x1c, 0xff, 0xff, 0xff, 0xf5, 0xbf, 0xf5,
    0x00, 0x00, 0x6c, 0xff, 0xd8, 0x10, 0x9f, 0xf5,

    /* U+0065 "e" */
    0x00, 0x00, 0x18, 0xdf, 0xfd, 0x92, 0x00, 0x00,
    0x00, 0x5f, 0xff, 0xff, 0xff, 0xf6, 0x00, 0x00,
    0x6f, 0xff, 0xfc, 0xcf, 0xff, 0xf5, 0x00, 0x2f,
    0xff, 0x91, 0x00, 0x08, 0xff, 0xe0, 0x0b, 0xff,
    0x90, 0x00, 0x00, 0x0b, 0xff, 0x51, 0xff, 0xf1,
    0x00, 0x00, 0x00, 0x6f, 0xf8, 0x5f, 0xfe, 0x66,
    0x66, 0x66, 0x69, 0xff, 0xa8, 0xff, 0xff, 0xff,
    0xff, 0xff, 0xff, 0xfb, 0x8f, 0xff, 0xff, 0xff,
    0xff, 0xff, 0xff, 0xa8, 0xff, 0xe0, 0x00, 0x00,
    0x00, 0x00, 0x00, 0x6f, 0xff, 0x10, 0x00, 0x00,
    0x00, 0x00, 0x02, 0xff, 0xf8, 0x00, 0x00, 0x00,
    0x00, 0x00, 0x0c, 0xff, 0xf3, 0x00, 0x00, 0x00,
    0x00, 0x00, 0x3f, 0xff, 0xe5, 0x00, 0x00, 0x4c,
    0x20, 0x00, 0x6f, 0xff, 0xff, 0xcc, 0xef, 0xfa,
    0x00, 0x00, 0x5f, 0xff, 0xff, 0xff, 0xff, 0x80,
    0x00, 0x00, 0x17, 0xcf, 0xfe, 0xc7, 0x10, 0x00,

    /* U+0066 "f" */
    0x00, 0x00, 0x05, 0xcf, 0xfe, 0xb2, 0x00, 0x00,
    0x8f, 0xff, 0xff, 0xf1, 0x00, 0x02, 0xff, 0xff,
    0xcd, 0xc0, 0x00, 0x08, 0xff, 0xf3, 0x00, 0x00,
    0x00, 0x0b, 0xff, 0xc0, 0x00, 0x00, 0x00, 0x0c,
    0xff, 0xa0, 0x00, 0x00, 0x00, 0x0d, 0xff, 0xa0,
    0x00, 0x00, 0x0d, 0xef, 0xff, 0xff, 0xff, 0x00,
    0x1f, 0xff, 0xff, 0xff, 0xff, 0x00, 0x0d, 0xdf,
    0xff, 0xfd, 0xdc, 0x00, 0x00, 0x0d, 0xff, 0xa0,
    0x00, 0x00, 0x00, 0x0d, 0xff, 0xa0, 0x00, 0x00,
    0x00, 0x0d, 0xff, 0xa0, 0x00, 0x00, 0x00, 0x0d,
    0xff, 0xa0, 0x00, 0x00, 0x00, 0x0d, 0xff, 0xa0,
    0x00, 0x00, 0x00, 0x0d, 0xff, 0xa0, 0x00, 0x00,
    0x00, 0x0d, 0xff, 0xa0, 0x00, 0x00, 0x00, 0x0d,
    0xff, 0xa0, 0x00, 0x00, 0x00, 0x0d, 0xff, 0xa0,
    0x00, 0x00, 0x00, 0x0d, 0xff, 0xa0, 0x00, 0x00,
    0x00, 0x0d, 0xff, 0xa0, 0x00, 0x00, 0x00, 0x0d,
    0xff, 0xa0, 0x00, 0x00, 0x00, 0x0d, 0xff, 0xa0,
    0x00, 0x00, 0x00, 0x0d, 0xff, 0xa0, 0x00, 0x00,

    /* U+0067 "g" */
    0x00, 0x00, 0x7c, 0xff, 0xff, 0xff, 0xff, 0xfa,
    0x00, 0x3e, 0xff, 0xff, 0xff, 0xff, 0xff, 0xfa,
    0x01, 0xef, 0xfe, 0x97, 0xaf, 0xff, 0xda, 0xa6,
    0x09, 0xff, 0xe1, 0x00, 0x04, 0xff, 0xf1, 0x00,
    0x0e, 0xff, 0x70, 0x00, 0x00, 0xbf, 0xf6, 0x00,
    0x0f, 0xff, 0x40, 0x00, 0x00, 0x8f, 0xf8, 0x00,
    0x0f, 0xff, 0x50, 0x00, 0x00, 0x9f, 0xf7, 0x00,
    0x0a, 0xff, 0xb0, 0x00, 0x01, 0xef, 0xf4, 0x00,
    0x02, 0xff, 0xfa, 0x20, 0x3c, 0xff, 0xc0, 0x00,
    0x00, 0x4f, 0xff, 0xff, 0xff, 0xfe, 0x20, 0x00,
    0x00, 0x6f, 0xfe, 0xff, 0xfe, 0x91, 0x00, 0x00,
    0x03, 0xff, 0x70, 0x23, 0x20, 0x00, 0x00, 0x00,
    0x09, 0xff, 0x20, 0x00, 0x00, 0x00, 0x00, 0x00,
    0x0a, 0xff, 0x80, 0x00, 0x00, 0x00, 0x00, 0x00,
    0x06, 0xff, 0xfe, 0xcc, 0xcc, 0xca, 0x83, 0x00,
    0x00, 0xaf, 0xff, 0xff, 0xff, 0xff, 0xff, 0xb0,
    0x01, 0xbf, 0xee, 0xff, 0xff, 0xff, 0xff, 0xf8,
    0x0c, 0xfe, 0x10, 0x00, 0x00, 0x14, 0xef, 0xfd,
    0x5f, 0xf7, 0x00, 0x00, 0x00, 0x00, 0x8f, 0xfe,
    0x9f, 0xf6, 0x00, 0x00, 0x00, 0x00, 0xaf, 0xfb,
    0x7f, 0xfd, 0x10, 0x00, 0x00, 0x06, 0xff, 0xf4,
    0x2f, 0xff, 0xf9, 0x54, 0x57, 0xcf, 0xff, 0x70,
    0x04, 0xef, 0xff, 0xff, 0xff, 0xff, 0xe5, 0x00,
    0x00, 0x06, 0xbe, 0xff, 0xfd, 0xa5, 0x00, 0x00,

    /* U+0068 "h" */
    0x6f, 0xff, 0x10, 0x00, 0x00, 0x00, 0x00, 0x06,
    0xff, 0xf1, 0x00, 0x00, 0x00, 0x00, 0x00, 0x6f,
    0xff, 0x10, 0x00, 0x00, 0x00, 0x00, 0x06, 0xff,
    0xf1, 0x00, 0x00, 0x00, 0x00, 0x00, 0x6f, 0xff,
    0x10, 0x00, 0x00, 0x00, 0x00, 0x06, 0xff, 0xf1,
    0x00, 0x00, 0x00, 0x00, 0x00, 0x6f, 0xff, 0x00,
    0x00, 0x00, 0x00, 0x00, 0x06, 0xff, 0xf0, 0x05,
    0xbf, 0xfe, 0x91, 0x00, 0x6f, 0xff, 0x1b, 0xff,
    0xff, 0xff, 0xd1, 0x06, 0xff, 0xfd, 0xff, 0xff,
    0xff, 0xff, 0x80, 0x6f, 0xff, 0xfe, 0x51, 0x05,
    0xff, 0xfe, 0x06, 0xff, 0xfc, 0x10, 0x00, 0x08,
    0xff, 0xf2, 0x6f, 0xff, 0x10, 0x00, 0x00, 0x3f,
    0xff, 0x46, 0xff, 0xf1, 0x00, 0x00, 0x02, 0xff,
    0xf4, 0x6f, 0xff, 0x10, 0x00, 0x00, 0x2f, 0xff,
    0x56, 0xff, 0xf1, 0x00, 0x00, 0x02, 0xff, 0xf5,
    0x6f, 0xff, 0x10, 0x00, 0x00, 0x2f, 0xff, 0x56,
    0xff, 0xf1, 0x00, 0x00, 0x02, 0xff, 0xf5, 0x6f,
    0xff, 0x10, 0x00, 0x00, 0x2f, 0xff, 0x56, 0xff,
    0xf1, 0x00, 0x00, 0x02, 0xff, 0xf5, 0x6f, 0xff,
    0x10, 0x00, 0x00, 0x2f, 0xff, 0x56, 0xff, 0xf1,
    0x00, 0x00, 0x02, 0xff, 0xf5, 0x6f, 0xff, 0x10,
    0x00, 0x00, 0x2f, 0xff, 0x56, 0xff, 0xf1, 0x00,
    0x00, 0x02, 0xff, 0xf5,

    /* U+0069 "i" */
    0x2d, 0xfa, 0x0b, 0xff, 0xf6, 0xcf, 0xff, 0x64,
    0xff, 0xd1, 0x00, 0x20, 0x00, 0x00, 0x00, 0x00,
    0x00, 0x06, 0xff, 0xf1, 0x6f, 0xff, 0x16, 0xff,
    0xf1, 0x6f, 0xff, 0x16, 0xff, 0xf1, 0x6f, 0xff,
    0x16, 0xff, 0xf1, 0x6f, 0xff, 0x16, 0xff, 0xf1,
    0x6f, 0xff, 0x16, 0xff, 0xf1, 0x6f, 0xff, 0x16,
    0xff, 0xf1, 0x6f, 0xff, 0x16, 0xff, 0xf1, 0x6f,
    0xff, 0x16, 0xff, 0xf1,

    /* U+006A "j" */
    0x00, 0x00, 0x2d, 0xfa, 0x00, 0x00, 0x0b, 0xff,
    0xf6, 0x00, 0x00, 0xcf, 0xff, 0x60, 0x00, 0x04,
    0xff, 0xd1, 0x00, 0x00, 0x00, 0x20, 0x00, 0x00,
    0x00, 0x00, 0x00, 0x00, 0x00, 0x00, 0x00, 0x00,
    0x00, 0x06, 0xff, 0xf1, 0x00, 0x00, 0x6f, 0xff,
    0x10, 0x00, 0x06, 0xff, 0xf1, 0x00, 0x00, 0x6f,
    0xff, 0x10, 0x00, 0x06, 0xff, 0xf1, 0x00, 0x00,
    0x6f, 0xff, 0x10, 0x00, 0x06, 0xff, 0xf1, 0x00,
    0x00, 0x6f, 0xff, 0x10, 0x00, 0x06, 0xff, 0xf1,
    0x00, 0x00, 0x6f, 0xff, 0x10, 0x00, 0x06, 0xff,
    0xf1, 0x00, 0x00, 0x6f, 0xff, 0x10, 0x00, 0x06,
    0xff, 0xf1, 0x00, 0x00, 0x6f, 0xff, 0x10, 0x00,
    0x06, 0xff, 0xf1, 0x00, 0x00, 0x6f, 0xff, 0x10,
    0x00, 0x06, 0xff, 0xf1, 0x00, 0x00, 0x6f, 0xff,
    0x10, 0x00, 0x06, 0xff, 0xf1, 0x00, 0x00, 0x8f,
    0xff, 0x00, 0x00, 0x0d, 0xff, 0xc0, 0x0d, 0xce,
    0xff, 0xf7, 0x02, 0xff, 0xff, 0xfc, 0x00, 0x3d,
    0xff, 0xd8, 0x00, 0x00,

    /* U+006B "k" */
    0x6f, 0xff, 0x00, 0x00, 0x00, 0x00, 0x00, 0x06,
    0xff, 0xf0, 0x00, 0x00, 0x00, 0x00, 0x00, 0x6f,
    0xff, 0x00, 0x00, 0x00, 0x00, 0x00, 0x06, 0xff,
    0xf0, 0x00, 0x00, 0x00, 0x00, 0x00, 0x6f, 0xff,
    0x00, 0x00, 0x00, 0x00, 0x00, 0x06, 0xff, 0xf0,
    0x00, 0x00, 0x00, 0x00, 0x00, 0x6f, 0xff, 0x00,
    0x00, 0x00, 0x00, 0x00, 0x06, 0xff, 0xf0, 0x00,
    0x00, 0x0d, 0xff, 0xd1, 0x6f, 0xff, 0x00, 0x00,
    0x0a, 0xff, 0xf2, 0x06, 0xff, 0xf0, 0x00, 0x06,
    0xff, 0xf5, 0x00, 0x6f, 0xff, 0x00, 0x03, 0xff,
    0xf8, 0x00, 0x06, 0xff, 0xf0, 0x01, 0xef, 0xfb,
    0x00, 0x00, 0x6f, 0xff, 0x00, 0xbf, 0xfd, 0x10,
    0x00, 0x06, 0xff, 0xf0, 0x8f, 0xff, 0x20, 0x00,
    0x00, 0x6f, 0xff, 0x5f, 0xff, 0xf2, 0x00, 0x00,
    0x06, 0xff, 0xff, 0xff, 0xff, 0xb0, 0x00, 0x00,
    0x6f, 0xff, 0xff, 0xaf, 0xff, 0x50, 0x00, 0x06,
    0xff, 0xff, 0xb0, 0x8f, 0xfe, 0x10, 0x00, 0x6f,
    0xff, 0xd1, 0x00, 0xef, 0xf9, 0x00, 0x06, 0xff,
    0xf2, 0x00, 0x06, 0xff, 0xf3, 0x00, 0x6f, 0xff,
    0x00, 0x00, 0x0c, 0xff, 0xd0, 0x06, 0xff, 0xf0,
    0x00, 0x00, 0x3f, 0xff, 0x70, 0x6f, 0xff, 0x00,
    0x00, 0x00, 0xaf, 0xff, 0x16, 0xff, 0xf0, 0x00,
    0x00, 0x01, 0xff, 0xfa,

    /* U+006C "l" */
    0x6f, 0xff, 0x10, 0x6f, 0xff, 0x10, 0x6f, 0xff,
    0x10, 0x6f, 0xff, 0x10, 0x6f, 0xff, 0x10, 0x6f,
    0xff, 0x10, 0x6f, 0xff, 0x10, 0x6f, 0xff, 0x10,
    0x6f, 0xff, 0x10, 0x6f, 0xff, 0x10, 0x6f, 0xff,
    0x10, 0x6f, 0xff, 0x10, 0x6f, 0xff, 0x10, 0x6f,
    0xff, 0x10, 0x6f, 0xff, 0x10, 0x6f, 0xff, 0x10,
    0x6f, 0xff, 0x10, 0x6f, 0xff, 0x10, 0x6f, 0xff,
    0x10, 0x6f, 0xff, 0x10, 0x5f, 0xff, 0x30, 0x3f,
    0xff, 0xf8, 0x0d, 0xff, 0xfb, 0x02, 0xbf, 0xfa,

    /* U+006D "m" */
    0x6f, 0xf7, 0x00, 0x6c, 0xff, 0xc6, 0x00, 0x00,
    0x6c, 0xff, 0xc5, 0x00, 0x6f, 0xf9, 0x1c, 0xff,
    0xff, 0xff, 0x80, 0x1c, 0xff, 0xff, 0xff, 0x70,
    0x6f, 0xfc, 0xef, 0xff, 0xff, 0xff, 0xf5, 0xef,
    0xff, 0xff, 0xff, 0xf2, 0x6f, 0xff, 0xfd, 0x50,
    0x19, 0xff, 0xff, 0xfd, 0x40, 0x2a, 0xff, 0xf7,
    0x6f, 0xff, 0xb0, 0x00, 0x00, 0xdf, 0xff, 0xa0,
    0x00, 0x00, 0xef, 0xfb, 0x6f, 0xff, 0x10, 0x00,
    0x00, 0x9f, 0xff, 0x00, 0x00, 0x00, 0xbf, 0xfd,
    0x6f, 0xff, 0x10, 0x00, 0x00, 0x8f, 0xff, 0x00,
    0x00, 0x00, 0x9f, 0xfe, 0x6f, 0xff, 0x10, 0x00,
    0x00, 0x7f, 0xff, 0x00, 0x00, 0x00, 0x9f, 0xfe,
    0x6f, 0xff, 0x10, 0x00, 0x00, 0x7f, 0xff, 0x00,
    0x00, 0x00, 0x9f, 0xfe, 0x6f, 0xff, 0x10, 0x00,
    0x00, 0x7f, 0xff, 0x00, 0x00, 0x00, 0x9f, 0xfe,
    0x6f, 0xff, 0x10, 0x00, 0x00, 0x7f, 0xff, 0x00,
    0x00, 0x00, 0x9f, 0xfe, 0x6f, 0xff, 0x10, 0x00,
    0x00, 0x7f, 0xff, 0x00, 0x00, 0x00, 0x9f, 0xfe,
    0x6f, 0xff, 0x10, 0x00, 0x00, 0x7f, 0xff, 0x00,
    0x00, 0x00, 0x9f, 0xfe, 0x6f, 0xff, 0x10, 0x00,
    0x00, 0x7f, 0xff, 0x00, 0x00, 0x00, 0x9f, 0xfe,
    0x6f, 0xff, 0x10, 0x00, 0x00, 0x7f, 0xff, 0x00,
    0x00, 0x00, 0x9f, 0xfe, 0x6f, 0xff, 0x10, 0x00,
    0x00, 0x7f, 0xff, 0x00, 0x00, 0x00, 0x9f, 0xfe,
    0x6f, 0xff, 0x10, 0x00, 0x00, 0x7f, 0xff, 0x00,
    0x00, 0x00, 0x9f, 0xfe,

    /* U+006E "n" */
    0x6f, 0xf7, 0x00, 0x5b, 0xff, 0xe9, 0x10, 0x06,
    0xff, 0x91, 0xbf, 0xff, 0xff, 0xfd, 0x10, 0x6f,
    0xfd, 0xdf, 0xff, 0xff, 0xff, 0xf8, 0x06, 0xff,
    0xff, 0xe5, 0x10, 0x5f, 0xff, 0xe0, 0x6f, 0xff,
    0xc1, 0x00, 0x00, 0x8f, 0xff, 0x26, 0xff, 0xf1,
    0x00, 0x00, 0x03, 0xff, 0xf4, 0x6f, 0xff, 0x10,
    0x00, 0x00, 0x2f, 0xff, 0x46, 0xff, 0xf1, 0x00,
    0x00, 0x02, 0xff, 0xf5, 0x6f, 0xff, 0x10, 0x00,
    0x00, 0x2f, 0xff, 0x56, 0xff, 0xf1, 0x00, 0x00,
    0x02, 0xff, 0xf5, 0x6f, 0xff, 0x10, 0x00, 0x00,
    0x2f, 0xff, 0x56, 0xff, 0xf1, 0x00, 0x00, 0x02,
    0xff, 0xf5, 0x6f, 0xff, 0x10, 0x00, 0x00, 0x2f,
    0xff, 0x56, 0xff, 0xf1, 0x00, 0x00, 0x02, 0xff,
    0xf5, 0x6f, 0xff, 0x10, 0x00, 0x00, 0x2f, 0xff,
    0x56, 0xff, 0xf1, 0x00, 0x00, 0x02, 0xff, 0xf5,
    0x6f, 0xff, 0x10, 0x00, 0x00, 0x2f, 0xff, 0x50,

    /* U+006F "o" */
    0x00, 0x00, 0x17, 0xcf, 0xfe, 0xa4, 0x00, 0x00,
    0x00, 0x05, 0xff, 0xff, 0xff, 0xff, 0xb1, 0x00,
    0x00, 0x6f, 0xff, 0xff, 0xef, 0xff, 0xfd, 0x00,
    0x03, 0xff, 0xfe, 0x40, 0x01, 0xaf, 0xff, 0xa0,
    0x0c, 0xff, 0xf2, 0x00, 0x00, 0x0a, 0xff, 0xf2,
    0x2f, 0xff, 0x90, 0x00, 0x00, 0x01, 0xff, 0xf8,
    0x6f, 0xff, 0x30, 0x00, 0x00, 0x00, 0xcf, 0xfc,
    0x8f, 0xff, 0x10, 0x00, 0x00, 0x00, 0xaf, 0xfe,
    0x8f, 0xff, 0x00, 0x00, 0x00, 0x00, 0x9f, 0xff,
    0x8f, 0xff, 0x10, 0x00, 0x00, 0x00, 0xaf, 0xff,
    0x6f, 0xff, 0x30, 0x00, 0x00, 0x00, 0xcf, 0xfc,
    0x2f, 0xff, 0x90, 0x00, 0x00, 0x01, 0xff, 0xf8,
    0x0c, 0xff, 0xf2, 0x00, 0x00, 0x0a, 0xff, 0xf2,
    0x03, 0xff, 0xfe, 0x40, 0x01, 0xaf, 0xff, 0x90,
    0x00, 0x6f, 0xff, 0xff, 0xef, 0xff, 0xfc, 0x00,
    0x00, 0x05, 0xff, 0xff, 0xff, 0xff, 0xa0, 0x00,
    0x00, 0x00, 0x17, 0xcf, 0xfe, 0xa4, 0x00, 0x00,

    /* U+0070 "p" */
    0x6f, 0xf8, 0x00, 0x7d, 0xff, 0xc7, 0x00, 0x00,
    0x6f, 0xfa, 0x5e, 0xff, 0xff, 0xff, 0xd2, 0x00,
    0x6f, 0xff, 0xff, 0xfe, 0xff, 0xff, 0xfd, 0x00,
    0x6f, 0xff, 0xfb, 0x20, 0x03, 0xcf, 0xff, 0x70,
    0x6f, 0xff, 0x70, 0x00, 0x00, 0x1e, 0xff, 0xd0,
    0x6f, 0xff, 0x10, 0x00, 0x00, 0x09, 0xff, 0xf2,
    0x6f, 0xff, 0x10, 0x00, 0x00, 0x05, 0xff, 0xf4,
    0x6f, 0xff, 0x10, 0x00, 0x00, 0x03, 0xff, 0xf6,
    0x6f, 0xff, 0x10, 0x00, 0x00, 0x02, 0xff, 0xf6,
    0x6f, 0xff, 0x10, 0x00, 0x00, 0x04, 0xff, 0xf5,
    0x6f, 0xff, 0x10, 0x00, 0x00, 0x06, 0xff, 0xf3,
    0x6f, 0xff, 0x10, 0x00, 0x00, 0x0c, 0xff, 0xf0,
    0x6f, 0xff, 0x20, 0x00, 0x00, 0x5f, 0xff, 0x90,
    0x6f, 0xff, 0xe7, 0x10, 0x07, 0xff, 0xff, 0x20,
    0x6f, 0xff, 0xff, 0xff, 0xff, 0xff, 0xf6, 0x00,
    0x6f, 0xff, 0x8f, 0xff, 0xff, 0xff, 0x60, 0x00,
    0x6f, 0xff, 0x03, 0xae, 0xfe, 0x92, 0x00, 0x00,
    0x6f, 0xff, 0x00, 0x00, 0x00, 0x00, 0x00, 0x00,
    0x6f, 0xff, 0x10, 0x00, 0x00, 0x00, 0x00, 0x00,
    0x6f, 0xff, 0x10, 0x00, 0x00, 0x00, 0x00, 0x00,
    0x6f, 0xff, 0x10, 0x00, 0x00, 0x00, 0x00, 0x00,
    0x6f, 0xff, 0x10, 0x00, 0x00, 0x00, 0x00, 0x00,
    0x6f, 0xff, 0x10, 0x00, 0x00, 0x00, 0x00, 0x00,
    0x6f, 0xff, 0x10, 0x00, 0x00, 0x00, 0x00, 0x00,

    /* U+0071 "q" */
    0x00, 0x00, 0x3a, 0xef, 0xeb, 0x50, 0x7f, 0xf5,
    0x00, 0x07, 0xff, 0xff, 0xff, 0xfb, 0xbf, 0xf5,
    0x00, 0x7f, 0xff, 0xff, 0xef, 0xff, 0xff, 0xf5,
    0x03, 0xff, 0xff, 0x60, 0x01, 0x6e, 0xff, 0xf5,
    0x0b, 0xff, 0xf4, 0x00, 0x00, 0x03, 0xff, 0xf5,
    0x1f, 0xff, 0xa0, 0x00, 0x00, 0x02, 0xff, 0xf5,
    0x5f, 0xff, 0x40, 0x00, 0x00, 0x02, 0xff, 0xf5,
    0x7f, 0xff, 0x20, 0x00, 0x00, 0x02, 0xff, 0xf5,
    0x7f, 0xff, 0x10, 0x00, 0x00, 0x02, 0xff, 0xf5,
    0x7f, 0xff, 0x10, 0x00, 0x00, 0x02, 0xff, 0xf5,
    0x5f, 0xff, 0x40, 0x00, 0x00, 0x02, 0xff, 0xf5,
    0x2f, 0xff, 0x80, 0x00, 0x00, 0x02, 0xff, 0xf5,
    0x0d, 0xff, 0xf2, 0x00, 0x00, 0x08, 0xff, 0xf5,
    0x07, 0xff, 0xfd, 0x40, 0x02, 0xaf, 0xff, 0xf5,
    0x00, 0xcf, 0xff, 0xff, 0xff, 0xff, 0xff, 0xf5,
    0x00, 0x1c, 0xff, 0xff, 0xff, 0xe4, 0xff, 0xf5,
    0x00, 0x00, 0x6c, 0xff, 0xd8, 0x11, 0xff, 0xf5,
    0x00, 0x00, 0x00, 0x00, 0x00, 0x01, 0xff, 0xf5,
    0x00, 0x00, 0x00, 0x00, 0x00, 0x02, 0xff, 0xf5,
    0x00, 0x00, 0x00, 0x00, 0x00, 0x02, 0xff, 0xf5,
    0x00, 0x00, 0x00, 0x00, 0x00, 0x02, 0xff, 0xf5,
    0x00, 0x00, 0x00, 0x00, 0x00, 0x02, 0xff, 0xf5,
    0x00, 0x00, 0x00, 0x00, 0x00, 0x02, 0xff, 0xf5,
    0x00, 0x00, 0x00, 0x00, 0x00, 0x02, 0xff, 0xf5,

    /* U+0072 "r" */
    0x6f, 0xf7, 0x00, 0x7d, 0xff, 0x36, 0xff, 0x90,
    0xbf, 0xff, 0xf1, 0x6f, 0xfa, 0xaf, 0xff, 0xfe,
    0x06, 0xff, 0xef, 0xf9, 0x32, 0x30, 0x6f, 0xff,
    0xf5, 0x00, 0x00, 0x06, 0xff, 0xfa, 0x00, 0x00,
    0x00, 0x6f, 0xff, 0x20, 0x00, 0x00, 0x06, 0xff,
    0xf1, 0x00, 0x00, 0x00, 0x6f, 0xff, 0x10, 0x00,
    0x00, 0x06, 0xff, 0xf1, 0x00, 0x00, 0x00, 0x6f,
    0xff, 0x10, 0x00, 0x00, 0x06, 0xff, 0xf1, 0x00,
    0x00, 0x00, 0x6f, 0xff, 0x10, 0x00, 0x00, 0x06,
    0xff, 0xf1, 0x00, 0x00, 0x00, 0x6f, 0xff, 0x10,
    0x00, 0x00, 0x06, 0xff, 0xf1, 0x00, 0x00, 0x00,
    0x6f, 0xff, 0x10, 0x00, 0x00, 0x00,

    /* U+0073 "s" */
    0x00, 0x00, 0x5b, 0xef, 0xfc, 0x71, 0x00, 0x00,
    0x0b, 0xff, 0xff, 0xff, 0xff, 0x60, 0x00, 0x9f,
    0xff, 0xda, 0xbf, 0xff, 0x90, 0x00, 0xff, 0xf8,
    0x00, 0x00, 0x7c, 0x00, 0x02, 0xff, 0xf1, 0x00,
    0x00, 0x00, 0x00, 0x01, 0xff, 0xf6, 0x00, 0x00,
    0x00, 0x00, 0x00, 0xcf, 0xff, 0xa3, 0x00, 0x00,
    0x00, 0x00, 0x2d, 0xff, 0xff, 0xd7, 0x00, 0x00,
    0x00, 0x00, 0x8f, 0xff, 0xff, 0xe6, 0x00, 0x00,
    0x00, 0x00, 0x6d, 0xff, 0xff, 0x70, 0x00, 0x00,
    0x00, 0x00, 0x4d, 0xff, 0xf1, 0x00, 0x00, 0x00,
    0x00, 0x02, 0xff, 0xf4, 0x00, 0x40, 0x00, 0x00,
    0x00, 0xff, 0xf4, 0x04, 0xfd, 0x40, 0x00, 0x08,
    0xff, 0xf1, 0x0d, 0xff, 0xfe, 0xba, 0xdf, 0xff,
    0x90, 0x02, 0xcf, 0xff, 0xff, 0xff, 0xfb, 0x00,
    0x00, 0x03, 0x9d, 0xff, 0xeb, 0x50, 0x00,

    /* U+0074 "t" */
    0x00, 0x02, 0x88, 0x40, 0x00, 0x00, 0x00, 0x05,
    0xff, 0x90, 0x00, 0x00, 0x00, 0x07, 0xff, 0x90,
    0x00, 0x00, 0x00, 0x08, 0xff, 0x90, 0x00, 0x00,
    0x00, 0x0a, 0xff, 0x90, 0x00, 0x00, 0x3d, 0xef,
    0xff, 0xff, 0xff, 0xe0, 0x4f, 0xff, 0xff, 0xff,
    0xff, 0xe0, 0x3d, 0xdf, 0xff, 0xed, 0xdd, 0xb0,
    0x00, 0x0d, 0xff, 0x90, 0x00, 0x00, 0x00, 0x0d,
    0xff, 0x90, 0x00, 0x00, 0x00, 0x0d, 0xff, 0x90,
    0x00, 0x00, 0x00, 0x0d, 0xff, 0x90, 0x00, 0x00,
    0x00, 0x0d, 0xff, 0x90, 0x00, 0x00, 0x00, 0x0d,
    0xff, 0x90, 0x00, 0x00, 0x00, 0x0d, 0xff, 0x90,
    0x00, 0x00, 0x00, 0x0d, 0xff, 0x90, 0x00, 0x00,
    0x00, 0x0d, 0xff, 0x90, 0x00, 0x00, 0x00, 0x0c,
    0xff, 0xc0, 0x00, 0x00, 0x00, 0x09, 0xff, 0xf4,
    0x00, 0x00, 0x00, 0x03, 0xff, 0xff, 0xdd, 0xe0,
    0x00, 0x00, 0x9f, 0xff, 0xff, 0xf3, 0x00, 0x00,
    0x06, 0xcf, 0xfd, 0xa2,

    /* U+0075 "u" */
    0xaf, 0xfd, 0x00, 0x00, 0x00, 0x7f, 0xff, 0x0a,
    0xff, 0xd0, 0x00, 0x00, 0x07, 0xff, 0xf0, 0xaf,
    0xfd, 0x00, 0x00, 0x00, 0x7f, 0xff, 0x0a, 0xff,
    0xd0, 0x00, 0x00, 0x07, 0xff, 0xf0, 0xaf, 0xfd,
    0x00, 0x00, 0x00, 0x7f, 0xff, 0x0a, 0xff, 0xd0,
    0x00, 0x00, 0x07, 0xff, 0xf0, 0xaf, 0xfd, 0x00,
    0x00, 0x00, 0x7f, 0xff, 0x0a, 0xff, 0xd0, 0x00,
    0x00, 0x07, 0xff, 0xf0, 0xaf, 0xfd, 0x00, 0x00,
    0x00, 0x7f, 0xff, 0x0a, 0xff, 0xd0, 0x00, 0x00,
    0x07, 0xff, 0xf0, 0x9f, 0xfd, 0x00, 0x00, 0x00,
    0x7f, 0xff, 0x09, 0xff, 0xf0, 0x00, 0x00, 0x08,
    0xff, 0xf0, 0x7f, 0xff, 0x30, 0x00, 0x05, 0xff,
    0xff, 0x03, 0xff, 0xfd, 0x30, 0x28, 0xff, 0xff,
    0xf0, 0x0d, 0xff, 0xff, 0xff, 0xff, 0x7f, 0xff,
    0x00, 0x3f, 0xff, 0xff, 0xff, 0x60, 0xff, 0xf0,
    0x00, 0x3a, 0xef, 0xea, 0x20, 0x0d, 0xff, 0x00,

    /* U+0076 "v" */
    0x6f, 0xff, 0x10, 0x00, 0x00, 0x00, 0x9f, 0xfc,
    0x1f, 0xff, 0x60, 0x00, 0x00, 0x00, 0xef, 0xf6,
    0x0b, 0xff, 0xb0, 0x00, 0x00, 0x03, 0xff, 0xf1,
    0x06, 0xff, 0xf0, 0x00, 0x00, 0x08, 0xff, 0xc0,
    0x01, 0xff, 0xf5, 0x00, 0x00, 0x0d, 0xff, 0x60,
    0x00, 0xbf, 0xf9, 0x00, 0x00, 0x2f, 0xff, 0x10,
    0x00, 0x5f, 0xfe, 0x00, 0x00, 0x6f, 0xfc, 0x00,
    0x00, 0x0f, 0xff, 0x30, 0x00, 0xbf, 0xf6, 0x00,
    0x00, 0x0b, 0xff, 0x80, 0x01, 0xff, 0xf1, 0x00,
    0x00, 0x05, 0xff, 0xd0, 0x05, 0xff, 0xc0, 0x00,
    0x00, 0x00, 0xff, 0xf2, 0x09, 0xff, 0x60, 0x00,
    0x00, 0x00, 0xaf, 0xf6, 0x0e, 0xff, 0x10, 0x00,
    0x00, 0x00, 0x5f, 0xfb, 0x2f, 0xfc, 0x00, 0x00,
    0x00, 0x00, 0x0f, 0xff, 0x8f, 0xf6, 0x00, 0x00,
    0x00, 0x00, 0x0a, 0xff, 0xff, 0xf1, 0x00, 0x00,
    0x00, 0x00, 0x04, 0xff, 0xff, 0xc0, 0x00, 0x00,
    0x00, 0x00, 0x00, 0xff, 0xff, 0x60, 0x00, 0x00,

    /* U+0077 "w" */
    0x1f, 0xff, 0x60, 0x00, 0x00, 0x3f, 0xff, 0x30,
    0x00, 0x00, 0x5f, 0xfe, 0x00, 0xcf, 0xfa, 0x00,
    0x00, 0x07, 0xff, 0xf7, 0x00, 0x00, 0x08, 0xff,
    0xb0, 0x08, 0xff, 0xe0, 0x00, 0x00, 0xbf, 0xff,
    0xb0, 0x00, 0x00, 0xcf, 0xf6, 0x00, 0x4f, 0xff,
    0x20, 0x00, 0x0f, 0xff, 0xff, 0x00, 0x00, 0x0f,
    0xff, 0x20, 0x00, 0xff, 0xf5, 0x00, 0x03, 0xff,
    0x8f, 0xf4, 0x00, 0x04, 0xff, 0xe0, 0x00, 0x0c,
    0xff, 0x90, 0x00, 0x7f, 0xf2, 0xff, 0x80, 0x00,
    0x7f, 0xfa, 0x00, 0x00, 0x7f, 0xfd, 0x00, 0x0b,
    0xfc, 0x0e, 0xfc, 0x00, 0x0b, 0xff, 0x60, 0x00,
    0x03, 0xff, 0xf1, 0x00, 0xff, 0x90, 0xbf, 0xf0,
    0x00, 0xff, 0xf2, 0x00, 0x00, 0x0f, 0xff, 0x50,
    0x4f, 0xf5, 0x07, 0xff, 0x40, 0x2f, 0xfe, 0x00,
    0x00, 0x00, 0xbf, 0xf8, 0x07, 0xff, 0x10, 0x4f,
    0xf8, 0x06, 0xff, 0xa0, 0x00, 0x00, 0x07, 0xff,
    0xb0, 0xbf, 0xd0, 0x00, 0xff, 0xc0, 0x9f, 0xf6,
    0x00, 0x00, 0x00, 0x3f, 0xfe, 0x0f, 0xf9, 0x00,
    0x0c, 0xff, 0x0c, 0xff, 0x20, 0x00, 0x00, 0x00,
    0xef, 0xf4, 0xff, 0x50, 0x00, 0x8f, 0xf3, 0xff,
    0xe0, 0x00, 0x00, 0x00, 0x0a, 0xff, 0xaf, 0xf2,
    0x00, 0x04, 0xff, 0xaf, 0xfa, 0x00, 0x00, 0x00,
    0x00, 0x6f, 0xff, 0xfe, 0x00, 0x00, 0x0f, 0xff,
    0xff, 0x60, 0x00, 0x00, 0x00, 0x02, 0xff, 0xff,
    0xa0, 0x00, 0x00, 0xcf, 0xff, 0xf2, 0x00, 0x00,
    0x00, 0x00, 0x0e, 0xff, 0xf6, 0x00, 0x00, 0x08,
    0xff, 0xfe, 0x00, 0x00, 0x00,

    /* U+0078 "x" */
    0x0d, 0xff, 0xd0, 0x00, 0x00, 0x0e, 0xff, 0xa0,
    0x04, 0xff, 0xf7, 0x00, 0x00, 0x6f, 0xff, 0x10,
    0x00, 0xaf, 0xff, 0x10, 0x00, 0xef, 0xf7, 0x00,
    0x00, 0x1f, 0xff, 0x90, 0x07, 0xff, 0xd0, 0x00,
    0x00, 0x06, 0xff, 0xf2, 0x0e, 0xff, 0x50, 0x00,
    0x00, 0x00, 0xcf, 0xfa, 0x6f, 0xfb, 0x00, 0x00,
    0x00, 0x00, 0x3f, 0xff, 0xef, 0xf2, 0x00, 0x00,
    0x00, 0x00, 0x09, 0xff, 0xff, 0x90, 0x00, 0x00,
    0x00, 0x00, 0x06, 0xff, 0xff, 0x20, 0x00, 0x00,
    0x00, 0x00, 0x1e, 0xff, 0xff, 0x90, 0x00, 0x00,
    0x00, 0x00, 0x9f, 0xfb, 0xff, 0xf3, 0x00, 0x00,
    0x00, 0x03, 0xff, 0xe0, 0xaf, 0xfd, 0x00, 0x00,
    0x00, 0x0c, 0xff, 0x70, 0x1f, 0xff, 0x70, 0x00,
    0x00, 0x6f, 0xfe, 0x00, 0x08, 0xff, 0xf2, 0x00,
    0x01, 0xef, 0xf6, 0x00, 0x00, 0xef, 0xfb, 0x00,
    0x09, 0xff, 0xd0, 0x00, 0x00, 0x5f, 0xff, 0x50,
    0x3f, 0xff, 0x50, 0x00, 0x00, 0x0c, 0xff, 0xe1,

    /* U+0079 "y" */
    0x6f, 0xff, 0x10, 0x00, 0x00, 0x00, 0x8f, 0xfc,
    0x0f, 0xff, 0x70, 0x00, 0x00, 0x00, 0xdf, 0xf6,
    0x09, 0xff, 0xc0, 0x00, 0x00, 0x02, 0xff, 0xf1,
    0x03, 0xff, 0xf2, 0x00, 0x00, 0x07, 0xff, 0xc0,
    0x00, 0xdf, 0xf7, 0x00, 0x00, 0x0c, 0xff, 0x60,
    0x00, 0x7f, 0xfd, 0x00, 0x00, 0x1f, 0xff, 0x10,
    0x00, 0x1f, 0xff, 0x20, 0x00, 0x6f, 0xfb, 0x00,
    0x00, 0x0a, 0xff, 0x80, 0x00, 0xaf, 0xf6, 0x00,
    0x00, 0x04, 0xff, 0xd0, 0x00, 0xff, 0xf1, 0x00,
    0x00, 0x00, 0xef, 0xf3, 0x04, 0xff, 0xb0, 0x00,
    0x00, 0x00, 0x8f, 0xf8, 0x09, 0xff, 0x60, 0x00,
    0x00, 0x00, 0x2f, 0xfd, 0x0d, 0xff, 0x10, 0x00,
    0x00, 0x00, 0x0b, 0xff, 0x4f, 0xfb, 0x00, 0x00,
    0x00, 0x00, 0x05, 0xff, 0xdf, 0xf6, 0x00, 0x00,
    0x00, 0x00, 0x00, 0xef, 0xff, 0xf1, 0x00, 0x00,
    0x00, 0x00, 0x00, 0x9f, 0xff, 0xb0, 0x00, 0x00,
    0x00, 0x00, 0x00, 0x2f, 0xff, 0x50, 0x00, 0x00,
    0x00, 0x00, 0x00, 0x3f, 0xff, 0x00, 0x00, 0x00,
    0x00, 0x00, 0x00, 0x9f, 0xfa, 0x00, 0x00, 0x00,
    0x00, 0x00, 0x02, 0xff, 0xf3, 0x00, 0x00, 0x00,
    0x00, 0x00, 0x2d, 0xff, 0xb0, 0x00, 0x00, 0x00,
    0x02, 0xed, 0xff, 0xff, 0x20, 0x00, 0x00, 0x00,
    0x06, 0xff, 0xff, 0xf4, 0x00, 0x00, 0x00, 0x00,
    0x07, 0xff, 0xea, 0x20, 0x00, 0x00, 0x00, 0x00,

    /* U+007A "z" */
    0x0f, 0xff, 0xff, 0xff, 0xff, 0xff, 0x90, 0xff,
    0xff, 0xff, 0xff, 0xff, 0xf9, 0x0c, 0xdd, 0xdd,
    0xdd, 0xff, 0xff, 0x30, 0x00, 0x00, 0x00, 0x3f,
    0xff, 0x80, 0x00, 0x00, 0x00, 0x0d, 0xff, 0xd0,
    0x00, 0x00, 0x00, 0x08, 0xff, 0xf3, 0x00, 0x00,
    0x00, 0x03, 0xff, 0xf8, 0x00, 0x00, 0x00, 0x00,
    0xdf, 0xfd, 0x00, 0x00, 0x00, 0x00, 0x8f, 0xff,
    0x30, 0x00, 0x00, 0x00, 0x3f, 0xff, 0x90, 0x00,
    0x00, 0x00, 0x0d, 0xff, 0xd0, 0x00, 0x00, 0x00,
    0x07, 0xff, 0xf4, 0x00, 0x00, 0x00, 0x02, 0xff,
    0xf9, 0x00, 0x00, 0x00, 0x00, 0xcf, 0xfe, 0x00,
    0x00, 0x00, 0x00, 0x7f, 0xff, 0xec, 0xcc, 0xcc,
    0xcc, 0xae, 0xff, 0xff, 0xff, 0xff, 0xff, 0xfe,
    0xef, 0xff, 0xff, 0xff, 0xff, 0xff, 0xe0,

    /* U+007B "{" */
    0x00, 0x00, 0x8e, 0xff, 0x70, 0x00, 0xaf, 0xff,
    0xf7, 0x00, 0x1f, 0xff, 0x20, 0x00, 0x03, 0xff,
    0xa0, 0x00, 0x00, 0x4f, 0xf8, 0x00, 0x00, 0x04,
    0xff, 0x80, 0x00, 0x00, 0x4f, 0xf9, 0x00, 0x00,
    0x03, 0xff, 0x90, 0x00, 0x00, 0x2f, 0xfa, 0x00,
    0x00, 0x01, 0xff, 0xa0, 0x00, 0x00, 0x0f, 0xfb,
    0x00, 0x00, 0x00, 0xff, 0xa0, 0x00, 0x00, 0x4f,
    0xf8, 0x00, 0x02, 0x5e, 0xff, 0x30, 0x00, 0xdf,
    0xfe, 0x50, 0x00, 0x0d, 0xff, 0xf8, 0x00, 0x00,
    0x03, 0xcf, 0xf5, 0x00, 0x00, 0x03, 0xff, 0x90,
    0x00, 0x00, 0x0f, 0xfa, 0x00, 0x00, 0x00, 0xff,
    0xa0, 0x00, 0x00, 0x1f, 0xfa, 0x00, 0x00, 0x02,
    0xff, 0x90, 0x00, 0x00, 0x3f, 0xf9, 0x00, 0x00,
    0x04, 0xff, 0x80, 0x00, 0x00, 0x4f, 0xf8, 0x00,
    0x00, 0x04, 0xff, 0xa0, 0x00, 0x00, 0x1f, 0xff,
    0x20, 0x00, 0x00, 0xbf, 0xff, 0xf7, 0x00, 0x01,
    0x9e, 0xff, 0x70,

    /* U+007C "|" */
    0xff, 0x6f, 0xf6, 0xff, 0x6f, 0xf6, 0xff, 0x6f,
    0xf6, 0xff, 0x6f, 0xf6, 0xff, 0x6f, 0xf6, 0xff,
    0x6f, 0xf6, 0xff, 0x6f, 0xf6, 0xff, 0x6f, 0xf6,
    0xff, 0x6f, 0xf6, 0xff, 0x6f, 0xf6, 0xff, 0x6f,
    0xf6, 0xff, 0x6f, 0xf6, 0xff, 0x6f, 0xf6, 0xff,
    0x6f, 0xf6, 0xff, 0x6f, 0xf6, 0xff, 0x6f, 0xf6,
    0xff, 0x6f, 0xf6,

    /* U+007D "}" */
    0xcf, 0xfc, 0x50, 0x00, 0x0b, 0xff, 0xff, 0x50,
    0x00, 0x00, 0x7f, 0xfb, 0x00, 0x00, 0x00, 0xff,
    0xe0, 0x00, 0x00, 0x0e, 0xff, 0x00, 0x00, 0x00,
    0xdf, 0xf0, 0x00, 0x00, 0x0e, 0xfe, 0x00, 0x00,
    0x00, 0xef, 0xd0, 0x00, 0x00, 0x0f, 0xfc, 0x00,
    0x00, 0x00, 0xff, 0xb0, 0x00, 0x00, 0x0f, 0xfa,
    0x00, 0x00, 0x00, 0xff, 0xa0, 0x00, 0x00, 0x0e,
    0xfe, 0x00, 0x00, 0x00, 0x8f, 0xfc, 0x41, 0x00,
    0x00, 0x9f, 0xff, 0x80, 0x00, 0x1c, 0xff, 0xf8,
    0x00, 0x0a, 0xff, 0x91, 0x00, 0x00, 0xef, 0xd0,
    0x00, 0x00, 0x0f, 0xfa, 0x00, 0x00, 0x00, 0xff,
    0xa0, 0x00, 0x00, 0x0f, 0xfb, 0x00, 0x00, 0x00,
    0xff, 0xd0, 0x00, 0x00, 0x0e, 0xfe, 0x00, 0x00,
    0x00, 0xdf, 0xe0, 0x00, 0x00, 0x0d, 0xff, 0x00,
    0x00, 0x00, 0xff, 0xe0, 0x00, 0x00, 0x7f, 0xfc,
    0x00, 0x0b, 0xff, 0xff, 0x60, 0x00, 0xcf, 0xfd,
    0x60, 0x00, 0x00,

    /* U+007E "~" */
    0x00, 0x05, 0x87, 0x10, 0x00, 0x00, 0x00, 0x00,
    0x2d, 0xff, 0xff, 0x50, 0x00, 0x01, 0x70, 0x1e,
    0xff, 0xff, 0xff, 0x80, 0x00, 0xbf, 0xa9, 0xff,
    0x50, 0x3d, 0xff, 0xd9, 0xdf, 0xf6, 0x2d, 0x70,
    0x00, 0x1b, 0xff, 0xff, 0xf9, 0x00, 0x00, 0x00,
    0x00, 0x06, 0xdf, 0xd6, 0x00,

    /* U+2665 "♥" */
    0x00, 0x01, 0x7c, 0xdc, 0x93, 0x00, 0x00, 0x00,
    0x5a, 0xdd, 0xb5, 0x00, 0x00, 0x00, 0x3e, 0xff,
    0xff, 0xff, 0x90, 0x00, 0x1c, 0xff, 0xff, 0xff,
    0xc1, 0x00, 0x02, 0xff, 0xff, 0xff, 0xff, 0xf9,
    0x00, 0xdf, 0xff, 0xff, 0xff, 0xfd, 0x00, 0x0c,
    0xff, 0xff, 0xff, 0xff, 0xff, 0x27, 0xff, 0xff,
    0xff, 0xff, 0xff, 0x80, 0x4f, 0xff, 0xff, 0xff,
    0xff, 0xff, 0x9d, 0xff, 0xff, 0xff, 0xff, 0xff,
    0xf0, 0x8f, 0xff, 0xff, 0xff, 0xff, 0xff, 0xff,
    0xff, 0xff, 0xff, 0xff, 0xff, 0xf4, 0xbf, 0xff,
    0xff, 0xff, 0xff, 0xff, 0xff, 0xff, 0xff, 0xff,
    0xff, 0xff, 0xf6, 0xcf, 0xff, 0xff, 0xff, 0xff,
    0xff, 0xff, 0xff, 0xff, 0xff, 0xff, 0xff, 0xf7,
    0xaf, 0xff, 0xff, 0xff, 0xff, 0xff, 0xff, 0xff,
    0xff, 0xff, 0xff, 0xff, 0xf6, 0x7f, 0xff, 0xff,
    0xff, 0xff, 0xff, 0xff, 0xff, 0xff, 0xff, 0xff,
    0xff, 0xf3, 0x2f, 0xff, 0xff, 0xff, 0xff, 0xff,
    0xff, 0xff, 0xff, 0xff, 0xff, 0xff, 0xd0, 0x0a,
    0xff, 0xff, 0xff, 0xff, 0xff, 0xff, 0xff, 0xff,
    0xff, 0xff, 0xff, 0x60, 0x02, 0xff, 0xff, 0xff,
    0xff, 0xff, 0xff, 0xff, 0xff, 0xff, 0xff, 0xfc,
    0x00, 0x00, 0x5f, 0xff, 0xff, 0xff, 0xff, 0xff,
    0xff, 0xff, 0xff, 0xff, 0xf2, 0x00, 0x00, 0x08,
    0xff, 0xff, 0xff, 0xff, 0xff, 0xff, 0xff, 0xff,
    0xff, 0x40, 0x00, 0x00, 0x00, 0x9f, 0xff, 0xff,
    0xff, 0xff, 0xff, 0xff, 0xff, 0xf5, 0x00, 0x00,
    0x00, 0x00, 0x09, 0xff, 0xff, 0xff, 0xff, 0xff,
    0xff, 0xff, 0x50, 0x00, 0x00, 0x00, 0x00, 0x00,
    0x9f, 0xff, 0xff, 0xff, 0xff, 0xff, 0xf5, 0x00,
    0x00, 0x00, 0x00, 0x00, 0x00, 0x09, 0xff, 0xff,
    0xff, 0xff, 0xff, 0x50, 0x00, 0x00, 0x00, 0x00,
    0x00, 0x00, 0x00, 0xaf, 0xff, 0xff, 0xff, 0xf6,
    0x00, 0x00, 0x00, 0x00, 0x00, 0x00, 0x00, 0x00,
    0x0b, 0xff, 0xff, 0xff, 0x70, 0x00, 0x00, 0x00,
    0x00, 0x00, 0x00, 0x00, 0x00, 0x01, 0xdf, 0xff,
    0xfa, 0x00, 0x00, 0x00, 0x00, 0x00, 0x00, 0x00,
    0x00, 0x00, 0x00, 0x2f, 0xff, 0xc0, 0x00, 0x00,
    0x00, 0x00, 0x00, 0x00, 0x00, 0x00, 0x00, 0x00,
    0x05, 0xfe, 0x10, 0x00, 0x00, 0x00, 0x00, 0x00,
    0x00, 0x00, 0x00, 0x00, 0x00, 0x00, 0x95, 0x00,
    0x00, 0x00, 0x00, 0x00, 0x00, 0x00, 0x00, 0x00,
    0x00, 0x00, 0x00, 0x00, 0x00, 0x00, 0x00, 0x00,
    0x00, 0x00,

    /* U+3002 "。" */
    0x00, 0x00, 0x21, 0x00, 0x00, 0x00, 0x8f, 0xff,
    0xd5, 0x00, 0x0b, 0xff, 0xbc, 0xff, 0x60, 0x6f,
    0xc1, 0x00, 0x3e, 0xf2, 0xcf, 0x20, 0x00, 0x06,
    0xf7, 0xef, 0x00, 0x00, 0x04, 0xf8, 0xbf, 0x30,
    0x00, 0x07, 0xf6, 0x5f, 0xd2, 0x00, 0x5f, 0xf1,
    0x09, 0xff, 0xde, 0xff, 0x50, 0x00, 0x5c, 0xff,
    0xb3, 0x00,

    /* U+4E00 "一" */
    0x12, 0x22, 0x22, 0x22, 0x22, 0x22, 0x22, 0x22,
    0x22, 0x22, 0x22, 0x22, 0x22, 0x22, 0xaf, 0xff,
    0xff, 0xff, 0xff, 0xff, 0xff, 0xff, 0xff, 0xff,
    0xff, 0xff, 0xff, 0xfe, 0xaf, 0xff, 0xff, 0xff,
    0xff, 0xff, 0xff, 0xff, 0xff, 0xff, 0xff, 0xff,
    0xff, 0xfe, 0xaf, 0xff, 0xff, 0xff, 0xff, 0xff,
    0xff, 0xff, 0xff, 0xff, 0xff, 0xff, 0xff, 0xfe,

    /* U+4E03 "七" */
    0x00, 0x00, 0x00, 0x00, 0x08, 0x88, 0x00, 0x00,
    0x00, 0x00, 0x00, 0x00, 0x00, 0x00, 0x00, 0x00,
    0x00, 0x00, 0x0f, 0xff, 0x00, 0x00, 0x00, 0x00,
    0x00, 0x00, 0x00, 0x00, 0x00, 0x00, 0x00, 0x00,
    0x0f, 0xff, 0x00, 0x00, 0x00, 0x00, 0x00, 0x00,
    0x00, 0x00, 0x00, 0x00, 0x00, 0x00, 0x0f, 0xff,
    0x00, 0x00, 0x00, 0x00, 0x00, 0x00, 0x00, 0x00,
    0x00, 0x00, 0x00, 0x00, 0x0f, 0xff, 0x00, 0x00,
    0x00, 0x00, 0x00, 0x00, 0x00, 0x00, 0x00, 0x00,
    0x00, 0x00, 0x0f, 0xff, 0x00, 0x00, 0x00, 0x00,
    0x00, 0x00, 0x00, 0x00, 0x00, 0x00, 0x00, 0x00,
    0x0f, 0xff, 0x00, 0x00, 0x00, 0x00, 0x00, 0x00,
    0x00, 0x00, 0x00, 0x00, 0x00, 0x00, 0x0f, 0xff,
    0x00, 0x00, 0x00, 0x00, 0x00, 0x00, 0x24, 0x73,
    0x00, 0x00, 0x00, 0x00, 0x0f, 0xff, 0x00, 0x00,
    0x00, 0x35, 0x8a, 0xdf, 0xff, 0xf8, 0x00, 0x00,
    0x00, 0x00, 0x0f, 0xff, 0x56, 0x9b, 0xef, 0xff,
    0xff, 0xff, 0xff, 0xfa, 0x00, 0x00, 0x02, 0x57,
    0xaf, 0xff, 0xff, 0xff, 0xff, 0xff, 0xff, 0xff,
    0xda, 0x84, 0x48, 0xbd, 0xff, 0xff, 0xff, 0xff,
    0xff, 0xff, 0xfe, 0xc9, 0x74, 0x20, 0x00, 0x00,
    0x7f, 0xff, 0xff, 0xff, 0xff, 0xff, 0xb8, 0x53,
    0x10, 0x00, 0x00, 0x00, 0x00, 0x00, 0x5f, 0xff,
    0xec, 0x97, 0x5f, 0xff, 0x00, 0x00, 0x00, 0x00,
    0x00, 0x00, 0x00, 0x00, 0x16, 0x31, 0x00, 0x00,
    0x0f, 0xff, 0x00, 0x00, 0x00, 0x00, 0x00, 0x00,
    0x00, 0x00, 0x00, 0x00, 0x00, 0x00, 0x0f, 0xff,
    0x00, 0x00, 0x00, 0x00, 0x00, 0x00, 0x00, 0x00,
    0x00, 0x00, 0x00, 0x00, 0x0f, 0xff, 0x00, 0x00,
    0x00, 0x00, 0x00, 0x00, 0x00, 0x00, 0x00, 0x00,
    0x00, 0x00, 0x0f, 0xff, 0x00, 0x00, 0x00, 0x00,
    0x00, 0x00, 0x00, 0x00, 0x00, 0x00, 0x00, 0x00,
    0x0f, 0xff, 0x00, 0x00, 0x00, 0x00, 0x00, 0x00,
    0xa2, 0x00, 0x00, 0x00, 0x00, 0x00, 0x0f, 0xff,
    0x00, 0x00, 0x00, 0x00, 0x00, 0x00, 0xff, 0xb0,
    0x00, 0x00, 0x00, 0x00, 0x0f, 0xff, 0x00, 0x00,
    0x00, 0x00, 0x00, 0x02, 0xff, 0xe0, 0x00, 0x00,
    0x00, 0x00, 0x0f, 0xff, 0x00, 0x00, 0x00, 0x00,
    0x00, 0x04, 0xff, 0xc0, 0x00, 0x00, 0x00, 0x00,
    0x0f, 0xff, 0x10, 0x00, 0x00, 0x00, 0x00, 0x08,
    0xff, 0x90, 0x00, 0x00, 0x00, 0x00, 0x0e, 0xff,
    0x92, 0x11, 0x11, 0x11, 0x11, 0x4f, 0xff, 0x50,
    0x00, 0x00, 0x00, 0x00, 0x0a, 0xff, 0xff, 0xff,
    0xff, 0xff, 0xff, 0xff, 0xfe, 0x00, 0x00, 0x00,
    0x00, 0x00, 0x02, 0xef, 0xff, 0xff, 0xff, 0xff,
    0xff, 0xff, 0xf5, 0x00, 0x00, 0x00, 0x00, 0x00,
    0x00, 0x16, 0xab, 0xcc, 0xcc, 0xcc, 0xcb, 0xb8,
    0x20, 0x00,

    /* U+4E09 "三" */
    0x00, 0x13, 0x33, 0x33, 0x33, 0x33, 0x33, 0x33,
    0x33, 0x33, 0x33, 0x33, 0x31, 0x00, 0x00, 0x6f,
    0xff, 0xff, 0xff, 0xff, 0xff, 0xff, 0xff, 0xff,
    0xff, 0xff, 0xf6, 0x00, 0x00, 0x6f, 0xff, 0xff,
    0xff, 0xff, 0xff, 0xff, 0xff, 0xff, 0xff, 0xff,
    0xf6, 0x00, 0x00, 0x4b, 0xbb, 0xbb, 0xbb, 0xbb,
    0xbb, 0xbb, 0xbb, 0xbb, 0xbb, 0xbb, 0xb4, 0x00,
    0x00, 0x00, 0x00, 0x00, 0x00, 0x00, 0x00, 0x00,
    0x00, 0x00, 0x00, 0x00, 0x00, 0x00, 0x00, 0x00,
    0x00, 0x00, 0x00, 0x00, 0x00, 0x00, 0x00, 0x00,
    0x00, 0x00, 0x00, 0x00, 0x00, 0x00, 0x00, 0x00,
    0x00, 0x00, 0x00, 0x00, 0x00, 0x00, 0x00, 0x00,
    0x00, 0x00, 0x00, 0x00, 0x00, 0x00, 0x00, 0x00,
    0x00, 0x00, 0x00, 0x00, 0x00, 0x00, 0x00, 0x00,
    0x00, 0x00, 0x00, 0x00, 0x00, 0x00, 0x00, 0x00,
    0x00, 0x00, 0x00, 0x00, 0x00, 0x00, 0x00, 0x00,
    0x00, 0x00, 0x00, 0x00, 0x00, 0x00, 0x00, 0x00,
    0x00, 0x00, 0x00, 0x00, 0x00, 0x00, 0x4d, 0xdd,
    0xdd, 0xdd, 0xdd, 0xdd, 0xdd, 0xdd, 0xdd, 0xd0,
    0x00, 0x00, 0x00, 0x00, 0x5f, 0xff, 0xff, 0xff,
    0xff, 0xff, 0xff, 0xff, 0xff, 0xf0, 0x00, 0x00,
    0x00, 0x00, 0x5f, 0xff, 0xff, 0xff, 0xff, 0xff,
    0xff, 0xff, 0xff, 0xf0, 0x00, 0x00, 0x00, 0x00,
    0x00, 0x00, 0x00, 0x00, 0x00, 0x00, 0x00, 0x00,
    0x00, 0x00, 0x00, 0x00, 0x00, 0x00, 0x00, 0x00,
    0x00, 0x00, 0x00, 0x00, 0x00, 0x00, 0x00, 0x00,
    0x00, 0x00, 0x00, 0x00, 0x00, 0x00, 0x00, 0x00,
    0x00, 0x00, 0x00, 0x00, 0x00, 0x00, 0x00, 0x00,
    0x00, 0x00, 0x00, 0x00, 0x00, 0x00, 0x00, 0x00,
    0x00, 0x00, 0x00, 0x00, 0x00, 0x00, 0x00, 0x00,
    0x00, 0x00, 0x00, 0x00, 0x00, 0x00, 0x00, 0x00,
    0x00, 0x00, 0x00, 0x00, 0x00, 0x00, 0x00, 0x00,
    0x00, 0x00, 0x00, 0x00, 0x00, 0x00, 0x00, 0x00,
    0x00, 0x00, 0x00, 0x00, 0x00, 0x00, 0x00, 0x00,
    0x00, 0x00, 0x00, 0x00, 0x00, 0x00, 0x00, 0x00,
    0x02, 0x22, 0x22, 0x22, 0x22, 0x22, 0x22, 0x22,
    0x22, 0x22, 0x22, 0x22, 0x22, 0x20, 0x1f, 0xff,
    0xff, 0xff, 0xff, 0xff, 0xff, 0xff, 0xff, 0xff,
    0xff, 0xff, 0xff, 0xf0, 0x1f, 0xff, 0xff, 0xff,
    0xff, 0xff, 0xff, 0xff, 0xff, 0xff, 0xff, 0xff,
    0xff, 0xf0, 0x0b, 0xbb, 0xbb, 0xbb, 0xbb, 0xbb,
    0xbb, 0xbb, 0xbb, 0xbb, 0xbb, 0xbb, 0xbb, 0xb0,

    /* U+4E0A "上" */
    0x00, 0x00, 0x00, 0x00, 0x00, 0x07, 0xee, 0x70,
    0x00, 0x00, 0x00, 0x00, 0x00, 0x00, 0x00, 0x00,
    0x00, 0x00, 0x00, 0x08, 0xff, 0x80, 0x00, 0x00,
    0x00, 0x00, 0x00, 0x00, 0x00, 0x00, 0x00, 0x00,
    0x00, 0x08, 0xff, 0x80, 0x00, 0x00, 0x00, 0x00,
    0x00, 0x00, 0x00, 0x00, 0x00, 0x00, 0x00, 0x08,
    0xff, 0x80, 0x00, 0x00, 0x00, 0x00, 0x00, 0x00,
    0x00, 0x00, 0x00, 0x00, 0x00, 0x08, 0xff, 0x80,
    0x00, 0x00, 0x00, 0x00, 0x00, 0x00, 0x00, 0x00,
    0x00, 0x00, 0x00, 0x08, 0xff, 0x80, 0x00, 0x00,
    0x00, 0x00, 0x00, 0x00, 0x00, 0x00, 0x00, 0x00,
    0x00, 0x08, 0xff, 0x80, 0x00, 0x00, 0x00, 0x00,
    0x00, 0x00, 0x00, 0x00, 0x00, 0x00, 0x00, 0x08,
    0xff, 0x80, 0x00, 0x00, 0x00, 0x00, 0x00, 0x00,
    0x00, 0x00, 0x00, 0x00, 0x00, 0x08, 0xff, 0x80,
    0x00, 0x00, 0x00, 0x00, 0x00, 0x00, 0x00, 0x00,
    0x00, 0x00, 0x00, 0x08, 0xff, 0xff, 0xff, 0xff,
    0xff, 0xff, 0xf7, 0x00, 0x00, 0x00, 0x00, 0x00,
    0x00, 0x08, 0xff, 0xff, 0xff, 0xff, 0xff, 0xff,
    0xf7, 0x00, 0x00, 0x00, 0x00, 0x00, 0x00, 0x08,
    0xff, 0xfe, 0xee, 0xee, 0xee, 0xee, 0xe6, 0x00,
    0x00, 0x00, 0x00, 0x00, 0x00, 0x08, 0xff, 0x80,
    0x00, 0x00, 0x00, 0x00, 0x00, 0x00, 0x00, 0x00,
    0x00, 0x00, 0x00, 0x08, 0xff, 0x80, 0x00, 0x00,
    0x00, 0x00, 0x00, 0x00, 0x00, 0x00, 0x00, 0x00,
    0x00, 0x08, 0xff, 0x80, 0x00, 0x00, 0x00, 0x00,
    0x00, 0x00, 0x00, 0x00, 0x00, 0x00, 0x00, 0x08,
    0xff, 0x80, 0x00, 0x00, 0x00, 0x00, 0x00, 0x00,
    0x00, 0x00, 0x00, 0x00, 0x00, 0x08, 0xff, 0x80,
    0x00, 0x00, 0x00, 0x00, 0x00, 0x00, 0x00, 0x00,
    0x00, 0x00, 0x00, 0x08, 0xff, 0x80, 0x00, 0x00,
    0x00, 0x00, 0x00, 0x00, 0x00, 0x00, 0x00, 0x00,
    0x00, 0x08, 0xff, 0x80, 0x00, 0x00, 0x00, 0x00,
    0x00, 0x00, 0x00, 0x00, 0x00, 0x00, 0x00, 0x08,
    0xff, 0x80, 0x00, 0x00, 0x00, 0x00, 0x00, 0x00,
    0x00, 0x00, 0x00, 0x00, 0x00, 0x08, 0xff, 0x80,
    0x00, 0x00, 0x00, 0x00, 0x00, 0x00, 0x00, 0x00,
    0x00, 0x00, 0x00, 0x08, 0xff, 0x80, 0x00, 0x00,
    0x00, 0x00, 0x00, 0x00, 0x00, 0x00, 0x00, 0x00,
    0x00, 0x08, 0xff, 0x80, 0x00, 0x00, 0x00, 0x00,
    0x00, 0x00, 0x59, 0x99, 0x99, 0x99, 0x99, 0x9c,
    0xff, 0xc9, 0x99, 0x99, 0x99, 0x99, 0x99, 0x95,
    0x9f, 0xff, 0xff, 0xff, 0xff, 0xff, 0xff, 0xff,
    0xff, 0xff, 0xff, 0xff, 0xff, 0xf8, 0x9f, 0xff,
    0xff, 0xff, 0xff, 0xff, 0xff, 0xff, 0xff, 0xff,
    0xff, 0xff, 0xff, 0xf8, 0x24, 0x44, 0x44, 0x44,
    0x44, 0x44, 0x44, 0x44, 0x44, 0x44, 0x44, 0x44,
    0x44, 0x42,

    /* U+4E0D "不" */
    0x00, 0x00, 0x00, 0x00, 0x00, 0x00, 0x00, 0x00,
    0x00, 0x00, 0x00, 0x00, 0x00, 0x00, 0x0f, 0xff,
    0xff, 0xff, 0xff, 0xff, 0xff, 0xff, 0xff, 0xff,
    0xff, 0xff, 0xff, 0xf0, 0x0f, 0xff, 0xff, 0xff,
    0xff, 0xff, 0xff, 0xff, 0xff, 0xff, 0xff, 0xff,
    0xff, 0xf0, 0x0d, 0xdd, 0xdd, 0xdd, 0xdd, 0xdd,
    0xde, 0xff, 0xfe, 0xdd, 0xdd, 0xdd, 0xdd, 0xd0,
    0x00, 0x00, 0x00, 0x00, 0x00, 0x00, 0x0a, 0xff,
    0xf1, 0x00, 0x00, 0x00, 0x00, 0x00, 0x00, 0x00,
    0x00, 0x00, 0x00, 0x00, 0x5f, 0xff, 0x60, 0x00,
    0x00, 0x00, 0x00, 0x00, 0x00, 0x00, 0x00, 0x00,
    0x00, 0x02, 0xef, 0xfc, 0x00, 0x00, 0x00, 0x00,
    0x00, 0x00, 0x00, 0x00, 0x00, 0x00, 0x00, 0x0d,
    0xff, 0xf8, 0x00, 0x00, 0x00, 0x00, 0x00, 0x00,
    0x00, 0x00, 0x00, 0x00, 0x00, 0xbf, 0xff, 0xf8,
    0x07, 0x30, 0x00, 0x00, 0x00, 0x00, 0x00, 0x00,
    0x00, 0x00, 0x0a, 0xff, 0xff, 0xf9, 0xaf, 0xf9,
    0x00, 0x00, 0x00, 0x00, 0x00, 0x00, 0x00, 0x00,
    0xbf, 0xff, 0xef, 0xf9, 0xaf, 0xff, 0xd3, 0x00,
    0x00, 0x00, 0x00, 0x00, 0x00, 0x1c, 0xff, 0xf9,
    0x9f, 0xf8, 0x06, 0xff, 0xff, 0x70, 0x00, 0x00,
    0x00, 0x00, 0x03, 0xef, 0xff, 0x80, 0x9f, 0xf8,
    0x00, 0x2d, 0xff, 0xfb, 0x10, 0x00, 0x00, 0x00,
    0x7f, 0xff, 0xf7, 0x00, 0x9f, 0xf8, 0x00, 0x00,
    0xaf, 0xff, 0xd2, 0x00, 0x00, 0x3c, 0xff, 0xff,
    0x50, 0x00, 0x9f, 0xf8, 0x00, 0x00, 0x07, 0xff,
    0xff, 0x40, 0x29, 0xff, 0xff, 0xd2, 0x00, 0x00,
    0x9f, 0xf8, 0x00, 0x00, 0x00, 0x5f, 0xff, 0xf5,
    0x6f, 0xff, 0xf8, 0x00, 0x00, 0x00, 0x9f, 0xf8,
    0x00, 0x00, 0x00, 0x03, 0xef, 0xf8, 0x09, 0xfc,
    0x30, 0x00, 0x00, 0x00, 0x9f, 0xf8, 0x00, 0x00,
    0x00, 0x00, 0x2e, 0x70, 0x00, 0x40, 0x00, 0x00,
    0x00, 0x00, 0x9f, 0xf8, 0x00, 0x00, 0x00, 0x00,
    0x01, 0x00, 0x00, 0x00, 0x00, 0x00, 0x00, 0x00,
    0x9f, 0xf8, 0x00, 0x00, 0x00, 0x00, 0x00, 0x00,
    0x00, 0x00, 0x00, 0x00, 0x00, 0x00, 0x9f, 0xf8,
    0x00, 0x00, 0x00, 0x00, 0x00, 0x00, 0x00, 0x00,
    0x00, 0x00, 0x00, 0x00, 0x9f, 0xf8, 0x00, 0x00,
    0x00, 0x00, 0x00, 0x00, 0x00, 0x00, 0x00, 0x00,
    0x00, 0x00, 0x9f, 0xf8, 0x00, 0x00, 0x00, 0x00,
    0x00, 0x00, 0x00, 0x00, 0x00, 0x00, 0x00, 0x00,
    0x9f, 0xf8, 0x00, 0x00, 0x00, 0x00, 0x00, 0x00,
    0x00, 0x00, 0x00, 0x00, 0x00, 0x00, 0x9f, 0xf8,
    0x00, 0x00, 0x00, 0x00, 0x00, 0x00, 0x00, 0x00,
    0x00, 0x00, 0x00, 0x00, 0x9f, 0xf8, 0x00, 0x00,
    0x00, 0x00, 0x00, 0x00,

    /* U+4E50 "乐" */
    0x00, 0x00, 0x00, 0x00, 0x00, 0x00, 0x00, 0x00,
    0x00, 0x00, 0x00, 0x00, 0x00, 0x00, 0x00, 0x00,
    0x00, 0x00, 0x00, 0x00, 0x00, 0x00, 0x01, 0x35,
    0x8a, 0xdf, 0x50, 0x00, 0x00, 0x00, 0x45, 0x56,
    0x77, 0x89, 0xab, 0xde, 0xff, 0xff, 0xff, 0xff,
    0xe0, 0x00, 0x00, 0x01, 0xff, 0xff, 0xff, 0xff,
    0xff, 0xff, 0xff, 0xff, 0xff, 0xfc, 0x92, 0x00,
    0x00, 0x02, 0xff, 0xff, 0xff, 0xff, 0xff, 0xdc,
    0xb9, 0x76, 0x41, 0x00, 0x00, 0x00, 0x00, 0x03,
    0xff, 0xb3, 0x22, 0x10, 0x00, 0x00, 0x00, 0x00,
    0x00, 0x00, 0x00, 0x00, 0x00, 0x05, 0xff, 0x80,
    0x00, 0x00, 0x05, 0x66, 0x00, 0x00, 0x00, 0x00,
    0x00, 0x00, 0x00, 0x07, 0xff, 0x60, 0x00, 0x00,
    0x0d, 0xff, 0x10, 0x00, 0x00, 0x00, 0x00, 0x00,
    0x00, 0x0a, 0xff, 0x40, 0x00, 0x00, 0x0d, 0xff,
    0x10, 0x00, 0x00, 0x00, 0x00, 0x00, 0x00, 0x0c,
    0xff, 0x10, 0x00, 0x00, 0x0d, 0xff, 0x10, 0x00,
    0x00, 0x00, 0x00, 0x00, 0x00, 0x0f, 0xfe, 0x00,
    0x00, 0x00, 0x0d, 0xff, 0x10, 0x00, 0x00, 0x00,
    0x00, 0x00, 0x00, 0x3f, 0xfa, 0x00, 0x00, 0x00,
    0x0d, 0xff, 0x10, 0x00, 0x00, 0x00, 0x00, 0x00,
    0x00, 0xaf, 0xfd, 0xbb, 0xbb, 0xbb, 0xbf, 0xff,
    0xbb, 0xbb, 0xbb, 0xbb, 0xbb, 0x80, 0x00, 0xdf,
    0xff, 0xff, 0xff, 0xff, 0xff, 0xff, 0xff, 0xff,
    0xff, 0xff, 0xff, 0xc0, 0x00, 0x8f, 0xff, 0xff,
    0xff, 0xff, 0xff, 0xff, 0xff, 0xff, 0xff, 0xff,
    0xff, 0xc0, 0x00, 0x25, 0x32, 0x22, 0x22, 0x22,
    0x2e, 0xff, 0x32, 0x22, 0x22, 0x22, 0x22, 0x10,
    0x00, 0x00, 0x00, 0x00, 0x00, 0x00, 0x0d, 0xff,
    0x10, 0x00, 0x00, 0x00, 0x00, 0x00, 0x00, 0x00,
    0x04, 0x72, 0x00, 0x00, 0x0d, 0xff, 0x10, 0x00,
    0x06, 0x30, 0x00, 0x00, 0x00, 0x00, 0x0d, 0xff,
    0x40, 0x00, 0x0d, 0xff, 0x10, 0x02, 0xef, 0xe2,
    0x00, 0x00, 0x00, 0x00, 0x9f, 0xfc, 0x00, 0x00,
    0x0d, 0xff, 0x10, 0x00, 0x8f, 0xfd, 0x10, 0x00,
    0x00, 0x05, 0xff, 0xf2, 0x00, 0x00, 0x0d, 0xff,
    0x10, 0x00, 0x0a, 0xff, 0xb0, 0x00, 0x00, 0x3f,
    0xff, 0x60, 0x00, 0x00, 0x0d, 0xff, 0x10, 0x00,
    0x00, 0xdf, 0xf8, 0x00, 0x01, 0xef, 0xfa, 0x00,
    0x00, 0x00, 0x0d, 0xff, 0x10, 0x00, 0x00, 0x2f,
    0xff, 0x40, 0x1d, 0xff, 0xc0, 0x00, 0x00, 0x00,
    0x0d, 0xff, 0x10, 0x00, 0x00, 0x07, 0xff, 0xe1,
    0xaf, 0xfe, 0x10, 0x00, 0x00, 0x00, 0x0d, 0xff,
    0x00, 0x00, 0x00, 0x00, 0xcf, 0xfa, 0x07, 0xe2,
    0x00, 0x00, 0x7d, 0xdd, 0xef, 0xff, 0x00, 0x00,
    0x00, 0x00, 0x2e, 0x81, 0x00, 0x00, 0x00, 0x00,
    0x1f, 0xff, 0xff, 0xfb, 0x00, 0x00, 0x00, 0x00,
    0x00, 0x00, 0x00, 0x00, 0x00, 0x00, 0x0c, 0xff,
    0xec, 0x80, 0x00, 0x00, 0x00, 0x00, 0x00, 0x00,

    /* U+4E5D "九" */
    0x00, 0x00, 0x00, 0x00, 0x00, 0xcf, 0xf4, 0x00,
    0x00, 0x00, 0x00, 0x00, 0x00, 0x00, 0x00, 0x00,
    0x00, 0x00, 0x00, 0x00, 0xdf, 0xf3, 0x00, 0x00,
    0x00, 0x00, 0x00, 0x00, 0x00, 0x00, 0x00, 0x00,
    0x00, 0x00, 0x00, 0xdf, 0xf3, 0x00, 0x00, 0x00,
    0x00, 0x00, 0x00, 0x00, 0x00, 0x00, 0x00, 0x00,
    0x00, 0x00, 0xdf, 0xf3, 0x00, 0x00, 0x00, 0x00,
    0x00, 0x00, 0x00, 0x00, 0x00, 0x00, 0x00, 0x00,
    0x00, 0xdf, 0xf3, 0x00, 0x00, 0x00, 0x00, 0x00,
    0x00, 0x00, 0x00, 0x00, 0x00, 0x00, 0x00, 0x00,
    0xef, 0xf2, 0x00, 0x00, 0x00, 0x00, 0x00, 0x00,
    0x00, 0x00, 0x00, 0x00, 0x00, 0x00, 0x00, 0xef,
    0xf2, 0x00, 0x00, 0x00, 0x00, 0x00, 0x00, 0x00,
    0x00, 0x00, 0x9d, 0xdd, 0xdd, 0xdd, 0xff, 0xfd,
    0xdd, 0xdd, 0xde, 0xed, 0x30, 0x00, 0x00, 0x00,
    0x00, 0xbf, 0xff, 0xff, 0xff, 0xff, 0xff, 0xff,
    0xff, 0xff, 0xff, 0x40, 0x00, 0x00, 0x00, 0x00,
    0xbf, 0xff, 0xff, 0xff, 0xff, 0xff, 0xff, 0xff,
    0xff, 0xff, 0x40, 0x00, 0x00, 0x00, 0x00, 0x00,
    0x00, 0x00, 0x03, 0xff, 0xe0, 0x00, 0x00, 0x0b,
    0xff, 0x40, 0x00, 0x00, 0x00, 0x00, 0x00, 0x00,
    0x00, 0x04, 0xff, 0xc0, 0x00, 0x00, 0x0b, 0xff,
    0x40, 0x00, 0x00, 0x00, 0x00, 0x00, 0x00, 0x00,
    0x06, 0xff, 0xa0, 0x00, 0x00, 0x0b, 0xff, 0x40,
    0x00, 0x00, 0x00, 0x00, 0x00, 0x00, 0x00, 0x09,
    0xff, 0x70, 0x00, 0x00, 0x0b, 0xff, 0x40, 0x00,
    0x00, 0x00, 0x00, 0x00, 0x00, 0x00, 0x0c, 0xff,
    0x40, 0x00, 0x00, 0x0b, 0xff, 0x40, 0x00, 0x00,
    0x00, 0x00, 0x00, 0x00, 0x00, 0x1f, 0xff, 0x10,
    0x00, 0x00, 0x0b, 0xff, 0x40, 0x00, 0x00, 0x00,
    0x00, 0x00, 0x00, 0x00, 0x5f, 0xfc, 0x00, 0x00,
    0x00, 0x0b, 0xff, 0x40, 0x00, 0x00, 0x00, 0x00,
    0x00, 0x00, 0x00, 0xbf, 0xf7, 0x00, 0x00, 0x00,
    0x0b, 0xff, 0x40, 0x00, 0x00, 0x00, 0x00, 0x00,
    0x00, 0x03, 0xff, 0xf1, 0x00, 0x00, 0x00, 0x0b,
    0xff, 0x40, 0x00, 0x00, 0x00, 0x00, 0x00, 0x00,
    0x0b, 0xff, 0xa0, 0x00, 0x00, 0x00, 0x0b, 0xff,
    0x40, 0x00, 0x00, 0x00, 0x00, 0x00, 0x00, 0x6f,
    0xff, 0x30, 0x00, 0x00, 0x00, 0x0b, 0xff, 0x40,
    0x00, 0x3c, 0x40, 0x00, 0x00, 0x03, 0xff, 0xf9,
    0x00, 0x00, 0x00, 0x00, 0x0b, 0xff, 0x40, 0x00,
    0x4f, 0xf7, 0x00, 0x00, 0x3f, 0xff, 0xd0, 0x00,
    0x00, 0x00, 0x00, 0x0b, 0xff, 0x40, 0x00, 0x5f,
    0xf5, 0x00, 0x06, 0xff, 0xfe, 0x20, 0x00, 0x00,
    0x00, 0x00, 0x0a, 0xff, 0x40, 0x00, 0x8f, 0xf3,
    0x03, 0xcf, 0xff, 0xe3, 0x00, 0x00, 0x00, 0x00,
    0x00, 0x09, 0xff, 0xec, 0xcc, 0xff, 0xf0, 0x0a,
    0xff, 0xfd, 0x20, 0x00, 0x00, 0x00, 0x00, 0x00,
    0x05, 0xff, 0xff, 0xff, 0xff, 0xa0, 0x00, 0xbf,
    0x80, 0x00, 0x00, 0x00, 0x00, 0x00, 0x00, 0x00,
    0x7e, 0xff, 0xff, 0xfb, 0x10, 0x00, 0x12, 0x00,
    0x00, 0x00, 0x00, 0x00, 0x00, 0x00, 0x00, 0x00,
    0x00, 0x00, 0x00, 0x00,

    /* U+4E8C "二" */
    0x00, 0x00, 0x11, 0x11, 0x11, 0x11, 0x11, 0x11,
    0x11, 0x11, 0x11, 0x11, 0x10, 0x00, 0x00, 0x09,
    0xff, 0xff, 0xff, 0xff, 0xff, 0xff, 0xff, 0xff,
    0xff, 0xff, 0xf1, 0x00, 0x00, 0x09, 0xff, 0xff,
    0xff, 0xff, 0xff, 0xff, 0xff, 0xff, 0xff, 0xff,
    0xf1, 0x00, 0x00, 0x09, 0xff, 0xff, 0xff, 0xff,
    0xff, 0xff, 0xff, 0xff, 0xff, 0xff, 0xf1, 0x00,
    0x00, 0x00, 0x00, 0x00, 0x00, 0x00, 0x00, 0x00,
    0x00, 0x00, 0x00, 0x00, 0x00, 0x00, 0x00, 0x00,
    0x00, 0x00, 0x00, 0x00, 0x00, 0x00, 0x00, 0x00,
    0x00, 0x00, 0x00, 0x00, 0x00, 0x00, 0x00, 0x00,
    0x00, 0x00, 0x00, 0x00, 0x00, 0x00, 0x00, 0x00,
    0x00, 0x00, 0x00, 0x00, 0x00, 0x00, 0x00, 0x00,
    0x00, 0x00, 0x00, 0x00, 0x00, 0x00, 0x00, 0x00,
    0x00, 0x00, 0x00, 0x00, 0x00, 0x00, 0x00, 0x00,
    0x00, 0x00, 0x00, 0x00, 0x00, 0x00, 0x00, 0x00,
    0x00, 0x00, 0x00, 0x00, 0x00, 0x00, 0x00, 0x00,
    0x00, 0x00, 0x00, 0x00, 0x00, 0x00, 0x00, 0x00,
    0x00, 0x00, 0x00, 0x00, 0x00, 0x00, 0x00, 0x00,
    0x00, 0x00, 0x00, 0x00, 0x00, 0x00, 0x00, 0x00,
    0x00, 0x00, 0x00, 0x00, 0x00, 0x00, 0x00, 0x00,
    0x00, 0x00, 0x00, 0x00, 0x00, 0x00, 0x00, 0x00,
    0x00, 0x00, 0x00, 0x00, 0x00, 0x00, 0x00, 0x00,
    0x00, 0x00, 0x00, 0x00, 0x00, 0x00, 0x00, 0x00,
    0x00, 0x00, 0x00, 0x00, 0x00, 0x00, 0x00, 0x00,
    0x00, 0x00, 0x00, 0x00, 0x00, 0x00, 0x00, 0x00,
    0x00, 0x00, 0x00, 0x00, 0x00, 0x00, 0x00, 0x00,
    0x00, 0x00, 0x00, 0x00, 0x00, 0x00, 0x00, 0x00,
    0x00, 0x00, 0x00, 0x00, 0x00, 0x00, 0x00, 0x00,
    0x00, 0x00, 0x00, 0x00, 0x00, 0x00, 0x00, 0x00,
    0x00, 0x00, 0x00, 0x00, 0x00, 0x00, 0x00, 0x00,
    0x00, 0x00, 0x00, 0x00, 0x04, 0x44, 0x44, 0x44,
    0x44, 0x44, 0x44, 0x44, 0x44, 0x44, 0x44, 0x44,
    0x44, 0x42, 0x1f, 0xff, 0xff, 0xff, 0xff, 0xff,
    0xff, 0xff, 0xff, 0xff, 0xff, 0xff, 0xff, 0xf9,
    0x1f, 0xff, 0xff, 0xff, 0xff, 0xff, 0xff, 0xff,
    0xff, 0xff, 0xff, 0xff, 0xff, 0xf9, 0x1f, 0xff,
    0xff, 0xff, 0xff, 0xff, 0xff, 0xff, 0xff, 0xff,
    0xff, 0xff, 0xff, 0xf9,

    /* U+4E8E "于" */
    0x00, 0x01, 0x11, 0x11, 0x11, 0x11, 0x11, 0x11,
    0x11, 0x11, 0x11, 0x11, 0x10, 0x00, 0x00, 0x3f,
    0xff, 0xff, 0xff, 0xff, 0xff, 0xff, 0xff, 0xff,
    0xff, 0xff, 0xf8, 0x00, 0x00, 0x3f, 0xff, 0xff,
    0xff, 0xff, 0xff, 0xff, 0xff, 0xff, 0xff, 0xff,
    0xf8, 0x00, 0x00, 0x2c, 0xcc, 0xcc, 0xcc, 0xcc,
    0xcf, 0xff, 0xcc, 0xcc, 0xcc, 0xcc, 0xc6, 0x00,
    0x00, 0x00, 0x00, 0x00, 0x00, 0x00, 0x1f, 0xfe,
    0x00, 0x00, 0x00, 0x00, 0x00, 0x00, 0x00, 0x00,
    0x00, 0x00, 0x00, 0x00, 0x1f, 0xfe, 0x00, 0x00,
    0x00, 0x00, 0x00, 0x00, 0x00, 0x00, 0x00, 0x00,
    0x00, 0x00, 0x1f, 0xfe, 0x00, 0x00, 0x00, 0x00,
    0x00, 0x00, 0x00, 0x00, 0x00, 0x00, 0x00, 0x00,
    0x1f, 0xfe, 0x00, 0x00, 0x00, 0x00, 0x00, 0x00,
    0x00, 0x00, 0x00, 0x00, 0x00, 0x00, 0x1f, 0xfe,
    0x00, 0x00, 0x00, 0x00, 0x00, 0x00, 0x00, 0x00,
    0x00, 0x00, 0x00, 0x00, 0x1f, 0xfe, 0x00, 0x00,
    0x00, 0x00, 0x00, 0x00, 0x3b, 0xbb, 0xbb, 0xbb,
    0xbb, 0xbb, 0xbf, 0xff, 0xbb, 0xbb, 0xbb, 0xbb,
    0xbb, 0xb6, 0x4f, 0xff, 0xff, 0xff, 0xff, 0xff,
    0xff, 0xff, 0xff, 0xff, 0xff, 0xff, 0xff, 0xf9,
    0x4f, 0xff, 0xff, 0xff, 0xff, 0xff, 0xff, 0xff,
    0xff, 0xff, 0xff, 0xff, 0xff, 0xf9, 0x01, 0x11,
    0x11, 0x11, 0x11, 0x11, 0x2f, 0xff, 0x11, 0x11,
    0x11, 0x11, 0x11, 0x10, 0x00, 0x00, 0x00, 0x00,
    0x00, 0x00, 0x1f, 0xfe, 0x00, 0x00, 0x00, 0x00,
    0x00, 0x00, 0x00, 0x00, 0x00, 0x00, 0x00, 0x00,
    0x1f, 0xfe, 0x00, 0x00, 0x00, 0x00, 0x00, 0x00,
    0x00, 0x00, 0x00, 0x00, 0x00, 0x00, 0x1f, 0xfe,
    0x00, 0x00, 0x00, 0x00, 0x00, 0x00, 0x00, 0x00,
    0x00, 0x00, 0x00, 0x00, 0x1f, 0xfe, 0x00, 0x00,
    0x00, 0x00, 0x00, 0x00, 0x00, 0x00, 0x00, 0x00,
    0x00, 0x00, 0x1f, 0xfe, 0x00, 0x00, 0x00, 0x00,
    0x00, 0x00, 0x00, 0x00, 0x00, 0x00, 0x00, 0x00,
    0x1f, 0xfe, 0x00, 0x00, 0x00, 0x00, 0x00, 0x00,
    0x00, 0x00, 0x00, 0x00, 0x00, 0x00, 0x1f, 0xfe,
    0x00, 0x00, 0x00, 0x00, 0x00, 0x00, 0x00, 0x00,
    0x00, 0x00, 0x00, 0x00, 0x1f, 0xfe, 0x00, 0x00,
    0x00, 0x00, 0x00, 0x00, 0x00, 0x00, 0x00, 0x00,
    0x00, 0x00, 0x1f, 0xfe, 0x00, 0x00, 0x00, 0x00,
    0x00, 0x00, 0x00, 0x00, 0x00, 0x2e, 0xed, 0xde,
    0xff, 0xfd, 0x00, 0x00, 0x00, 0x00, 0x00, 0x00,
    0x00, 0x00, 0x00, 0x0b, 0xff, 0xff, 0xff, 0xf7,
    0x00, 0x00, 0x00, 0x00, 0x00, 0x00, 0x00, 0x00,
    0x00, 0x05, 0xff, 0xff, 0xeb, 0x60, 0x00, 0x00,
    0x00, 0x00, 0x00, 0x00, 0x00, 0x00, 0x00, 0x00,
    0x11, 0x00, 0x00, 0x00, 0x00, 0x00, 0x00, 0x00,
    0x00, 0x00,

    /* U+4E91 "云" */
    0x00, 0x00, 0x00, 0x00, 0x00, 0x00, 0x00, 0x00,
    0x00, 0x00, 0x00, 0x00, 0x00, 0x00, 0x00, 0x00,
    0xdf, 0xff, 0xff, 0xff, 0xff, 0xff, 0xff, 0xff,
    0xff, 0xff, 0x90, 0x00, 0x00, 0x00, 0xdf, 0xff,
    0xff, 0xff, 0xff, 0xff, 0xff, 0xff, 0xff, 0xff,
    0x90, 0x00, 0x00, 0x00, 0xbd, 0xdd, 0xdd, 0xdd,
    0xdd, 0xdd, 0xdd, 0xdd, 0xdd, 0xdd, 0x70, 0x00,
    0x00, 0x00, 0x00, 0x00, 0x00, 0x00, 0x00, 0x00,
    0x00, 0x00, 0x00, 0x00, 0x00, 0x00, 0x00, 0x00,
    0x00, 0x00, 0x00, 0x00, 0x00, 0x00, 0x00, 0x00,
    0x00, 0x00, 0x00, 0x00, 0x00, 0x00, 0x00, 0x00,
    0x00, 0x00, 0x00, 0x00, 0x00, 0x00, 0x00, 0x00,
    0x00, 0x00, 0x00, 0x00, 0x00, 0x00, 0x00, 0x00,
    0x00, 0x00, 0x00, 0x00, 0x00, 0x00, 0x00, 0x00,
    0x00, 0x00, 0x00, 0x00, 0x00, 0x00, 0x00, 0x00,
    0x00, 0x00, 0x00, 0x00, 0x00, 0x00, 0x3d, 0xdd,
    0xdd, 0xdd, 0xdd, 0xdd, 0xdd, 0xdd, 0xdd, 0xdd,
    0xdd, 0xdd, 0xdd, 0xd9, 0x3f, 0xff, 0xff, 0xff,
    0xff, 0xff, 0xff, 0xff, 0xff, 0xff, 0xff, 0xff,
    0xff, 0xfb, 0x3f, 0xff, 0xff, 0xff, 0xff, 0xff,
    0xff, 0xff, 0xff, 0xff, 0xff, 0xff, 0xff, 0xfb,
    0x00, 0x00, 0x00, 0x00, 0x0a, 0xff, 0xf6, 0x00,
    0x00, 0x00, 0x00, 0x00, 0x00, 0x00, 0x00, 0x00,
    0x00, 0x00, 0x2f, 0xff, 0xc0, 0x00, 0x00, 0x00,
    0x00, 0x00, 0x00, 0x00, 0x00, 0x00, 0x00, 0x00,
    0xbf, 0xff, 0x30, 0x00, 0x00, 0x05, 0x40, 0x00,
    0x00, 0x00, 0x00, 0x00, 0x00, 0x04, 0xff, 0xf9,
    0x00, 0x00, 0x02, 0xcf, 0xe1, 0x00, 0x00, 0x00,
    0x00, 0x00, 0x00, 0x0d, 0xff, 0xe0, 0x00, 0x00,
    0x00, 0xdf, 0xfb, 0x00, 0x00, 0x00, 0x00, 0x00,
    0x00, 0x8f, 0xff, 0x40, 0x00, 0x00, 0x00, 0x2f,
    0xff, 0x60, 0x00, 0x00, 0x00, 0x00, 0x04, 0xff,
    0xf8, 0x00, 0x00, 0x00, 0x00, 0x07, 0xff, 0xf2,
    0x00, 0x00, 0x00, 0x00, 0x1e, 0xff, 0xc0, 0x00,
    0x00, 0x00, 0x00, 0x00, 0xcf, 0xfc, 0x00, 0x00,
    0x00, 0x00, 0xcf, 0xfe, 0x10, 0x00, 0x00, 0x00,
    0x12, 0x34, 0x8f, 0xff, 0x70, 0x00, 0x00, 0x0b,
    0xff, 0xfb, 0x89, 0xab, 0xce, 0xff, 0xff, 0xff,
    0xff, 0xff, 0xf2, 0x00, 0x00, 0x9f, 0xff, 0xff,
    0xff, 0xff, 0xff, 0xff, 0xff, 0xff, 0xff, 0xff,
    0xfc, 0x00, 0x00, 0x3f, 0xff, 0xff, 0xff, 0xff,
    0xff, 0xfd, 0xcb, 0xa8, 0x76, 0x7f, 0xff, 0x60,
    0x00, 0x0d, 0xfc, 0xa9, 0x76, 0x43, 0x20, 0x00,
    0x00, 0x00, 0x00, 0x0a, 0xff, 0xe0, 0x00, 0x01,
    0x00, 0x00, 0x00, 0x00, 0x00, 0x00, 0x00, 0x00,
    0x00, 0x02, 0xfc, 0x30, 0x00, 0x00, 0x00, 0x00,
    0x00, 0x00, 0x00, 0x00, 0x00, 0x00, 0x00, 0x00,
    0x30, 0x00,

    /* U+4E94 "五" */
    0x00, 0x4b, 0xbb, 0xbb, 0xbb, 0xbb, 0xbb, 0xbb,
    0xbb, 0xbb, 0xbb, 0xbb, 0xb5, 0x00, 0x00, 0x6f,
    0xff, 0xff, 0xff, 0xff, 0xff, 0xff, 0xff, 0xff,
    0xff, 0xff, 0xf8, 0x00, 0x00, 0x6f, 0xff, 0xff,
    0xff, 0xff, 0xff, 0xff, 0xff, 0xff, 0xff, 0xff,
    0xf8, 0x00, 0x00, 0x01, 0x11, 0x11, 0x11, 0x4f,
    0xfe, 0x11, 0x11, 0x11, 0x11, 0x11, 0x10, 0x00,
    0x00, 0x00, 0x00, 0x00, 0x00, 0x5f, 0xfc, 0x00,
    0x00, 0x00, 0x00, 0x00, 0x00, 0x00, 0x00, 0x00,
    0x00, 0x00, 0x00, 0x7f, 0xfa, 0x00, 0x00, 0x00,
    0x00, 0x00, 0x00, 0x00, 0x00, 0x00, 0x00, 0x00,
    0x00, 0x9f, 0xf7, 0x00, 0x00, 0x00, 0x00, 0x00,
    0x00, 0x00, 0x00, 0x00, 0x00, 0x00, 0x00, 0xcf,
    0xf5, 0x00, 0x00, 0x00, 0x00, 0x00, 0x00, 0x00,
    0x00, 0x00, 0x00, 0x00, 0x00, 0xef, 0xf2, 0x00,
    0x00, 0x00, 0x00, 0x00, 0x00, 0x00, 0x00, 0x00,
    0xac, 0xcc, 0xcc, 0xff, 0xfc, 0xcc, 0xcc, 0xcc,
    0xdc, 0x50, 0x00, 0x00, 0x00, 0x00, 0xef, 0xff,
    0xff, 0xff, 0xff, 0xff, 0xff, 0xff, 0xff, 0x70,
    0x00, 0x00, 0x00, 0x00, 0xef, 0xff, 0xff, 0xff,
    0xff, 0xff, 0xff, 0xff, 0xff, 0x60, 0x00, 0x00,
    0x00, 0x00, 0x00, 0x00, 0x08, 0xff, 0x80, 0x00,
    0x00, 0x0c, 0xff, 0x40, 0x00, 0x00, 0x00, 0x00,
    0x00, 0x00, 0x0b, 0xff, 0x60, 0x00, 0x00, 0x0d,
    0xff, 0x30, 0x00, 0x00, 0x00, 0x00, 0x00, 0x00,
    0x0e, 0xff, 0x30, 0x00, 0x00, 0x0e, 0xff, 0x20,
    0x00, 0x00, 0x00, 0x00, 0x00, 0x00, 0x0f, 0xff,
    0x00, 0x00, 0x00, 0x0f, 0xff, 0x00, 0x00, 0x00,
    0x00, 0x00, 0x00, 0x00, 0x3f, 0xfd, 0x00, 0x00,
    0x00, 0x1f, 0xfe, 0x00, 0x00, 0x00, 0x00, 0x00,
    0x00, 0x00, 0x6f, 0xfa, 0x00, 0x00, 0x00, 0x3f,
    0xfd, 0x00, 0x00, 0x00, 0x00, 0x00, 0x00, 0x00,
    0x9f, 0xf8, 0x00, 0x00, 0x00, 0x4f, 0xfb, 0x00,
    0x00, 0x00, 0x00, 0x00, 0x00, 0x00, 0xcf, 0xf5,
    0x00, 0x00, 0x00, 0x6f, 0xf9, 0x00, 0x00, 0x00,
    0x00, 0x00, 0x00, 0x00, 0xff, 0xf2, 0x00, 0x00,
    0x00, 0x7f, 0xf8, 0x00, 0x00, 0x00, 0x1c, 0xcc,
    0xcc, 0xcc, 0xff, 0xfc, 0xcc, 0xcc, 0xcc, 0xef,
    0xfd, 0xcc, 0xcc, 0xc7, 0x2f, 0xff, 0xff, 0xff,
    0xff, 0xff, 0xff, 0xff, 0xff, 0xff, 0xff, 0xff,
    0xff, 0xfa, 0x2f, 0xff, 0xff, 0xff, 0xff, 0xff,
    0xff, 0xff, 0xff, 0xff, 0xff, 0xff, 0xff, 0xfa,
    0x01, 0x11, 0x11, 0x11, 0x11, 0x11, 0x11, 0x11,
    0x11, 0x11, 0x11, 0x11, 0x11, 0x10,

    /* U+4E9A "亚" */
    0x08, 0xcc, 0xcc, 0xcc, 0xcc, 0xcc, 0xcc, 0xcc,
    0xcc, 0xcc, 0xcc, 0xcc, 0xcc, 0xc2, 0x0b, 0xff,
    0xff, 0xff, 0xff, 0xff, 0xff, 0xff, 0xff, 0xff,
    0xff, 0xff, 0xff, 0xf2, 0x0b, 0xff, 0xff, 0xff,
    0xff, 0xff, 0xff, 0xff, 0xff, 0xff, 0xff, 0xff,
    0xff, 0xf2, 0x00, 0x00, 0x00, 0x00, 0x3f, 0xfe,
    0x00, 0x00, 0xef, 0xf3, 0x00, 0x00, 0x00, 0x00,
    0x00, 0x00, 0x00, 0x00, 0x2f, 0xfe, 0x00, 0x00,
    0xef, 0xf2, 0x00, 0x00, 0x00, 0x00, 0x00, 0x00,
    0x00, 0x00, 0x2f, 0xfe, 0x00, 0x00, 0xef, 0xf2,
    0x00, 0x00, 0x00, 0x00, 0x00, 0x00, 0x00, 0x00,
    0x2f, 0xfe, 0x00, 0x00, 0xef, 0xf2, 0x00, 0x00,
    0x00, 0x00, 0x02, 0x9f, 0x40, 0x00, 0x2f, 0xfe,
    0x00, 0x00, 0xef, 0xf2, 0x00, 0x06, 0xe9, 0x20,
    0x02, 0xff, 0xc0, 0x00, 0x2f, 0xfe, 0x00, 0x00,
    0xef, 0xf2, 0x00, 0x0b, 0xff, 0x50, 0x00, 0xcf,
    0xf2, 0x00, 0x2f, 0xfe, 0x00, 0x00, 0xef, 0xf2,
    0x00, 0x1f, 0xfe, 0x00, 0x00, 0x5f, 0xf9, 0x00,
    0x2f, 0xfe, 0x00, 0x00, 0xef, 0xf2, 0x00, 0x6f,
    0xf9, 0x00, 0x00, 0x0e, 0xff, 0x10, 0x2f, 0xfe,
    0x00, 0x00, 0xef, 0xf2, 0x00, 0xdf, 0xf2, 0x00,
    0x00, 0x09, 0xff, 0x60, 0x2f, 0xfe, 0x00, 0x00,
    0xef, 0xf2, 0x03, 0xff, 0xb0, 0x00, 0x00, 0x03,
    0xff, 0xd0, 0x2f, 0xfe, 0x00, 0x00, 0xef, 0xf2,
    0x0a, 0xff, 0x50, 0x00, 0x00, 0x00, 0xdf, 0xf2,
    0x2f, 0xfe, 0x00, 0x00, 0xef, 0xf2, 0x1f, 0xfd,
    0x00, 0x00, 0x00, 0x00, 0x8f, 0xf8, 0x2f, 0xfe,
    0x00, 0x00, 0xef, 0xf2, 0x8f, 0xf7, 0x00, 0x00,
    0x00, 0x00, 0x2f, 0xfd, 0x2f, 0xfe, 0x00, 0x00,
    0xef, 0xf3, 0xff, 0xe0, 0x00, 0x00, 0x00, 0x00,
    0x0e, 0xc6, 0x2f, 0xfe, 0x00, 0x00, 0xef, 0xf3,
    0x6c, 0x70, 0x00, 0x00, 0x00, 0x00, 0x01, 0x00,
    0x2f, 0xfe, 0x00, 0x00, 0xef, 0xf2, 0x00, 0x00,
    0x00, 0x00, 0x00, 0x00, 0x00, 0x00, 0x2f, 0xfe,
    0x00, 0x00, 0xef, 0xf2, 0x00, 0x00, 0x00, 0x00,
    0x00, 0x00, 0x00, 0x00, 0x2f, 0xfe, 0x00, 0x00,
    0xef, 0xf2, 0x00, 0x00, 0x00, 0x00, 0x00, 0x00,
    0x00, 0x00, 0x2f, 0xfe, 0x00, 0x00, 0xef, 0xf2,
    0x00, 0x00, 0x00, 0x00, 0x8d, 0xdd, 0xdd, 0xdd,
    0xef, 0xff, 0xdd, 0xdd, 0xff, 0xfe, 0xdd, 0xdd,
    0xdd, 0xdc, 0x9f, 0xff, 0xff, 0xff, 0xff, 0xff,
    0xff, 0xff, 0xff, 0xff, 0xff, 0xff, 0xff, 0xfe,
    0x8e, 0xee, 0xee, 0xee, 0xee, 0xee, 0xee, 0xee,
    0xee, 0xee, 0xee, 0xee, 0xee, 0xec,

    /* U+4EAE "亮" */
    0x00, 0x00, 0x00, 0x00, 0x00, 0x00, 0x58, 0xa0,
    0x00, 0x00, 0x00, 0x00, 0x00, 0x00, 0x00, 0x00,
    0x00, 0x00, 0x00, 0x00, 0xdf, 0xf6, 0x00, 0x00,
    0x00, 0x00, 0x00, 0x00, 0x00, 0x00, 0x00, 0x00,
    0x00, 0x00, 0x6f, 0xfd, 0x00, 0x00, 0x00, 0x00,
    0x00, 0x00, 0x8f, 0xff, 0xff, 0xff, 0xff, 0xff,
    0xff, 0xff, 0xff, 0xff, 0xff, 0xff, 0xff, 0xf1,
    0x9f, 0xff, 0xff, 0xff, 0xff, 0xff, 0xff, 0xff,
    0xff, 0xff, 0xff, 0xff, 0xff, 0xf1, 0x37, 0x77,
    0x77, 0x77, 0x77, 0x77, 0x77, 0x77, 0x77, 0x77,
    0x77, 0x77, 0x77, 0x70, 0x00, 0x00, 0x00, 0x00,
    0x00, 0x00, 0x00, 0x00, 0x00, 0x00, 0x00, 0x00,
    0x00, 0x00, 0x00, 0x00, 0x2e, 0xee, 0xee, 0xee,
    0xee, 0xee, 0xee, 0xee, 0xee, 0xe2, 0x00, 0x00,
    0x00, 0x00, 0x3f, 0xff, 0xff, 0xff, 0xff, 0xff,
    0xff, 0xff, 0xff, 0xf2, 0x00, 0x00, 0x00, 0x00,
    0x3f, 0xfb, 0x00, 0x00, 0x00, 0x00, 0x00, 0x00,
    0xbf, 0xf2, 0x00, 0x00, 0x00, 0x00, 0x3f, 0xfb,
    0x00, 0x00, 0x00, 0x00, 0x00, 0x00, 0xbf, 0xf2,
    0x00, 0x00, 0x00, 0x00, 0x3f, 0xff, 0xee, 0xee,
    0xee, 0xee, 0xee, 0xee, 0xff, 0xf2, 0x00, 0x00,
    0x00, 0x00, 0x3f, 0xff, 0xff, 0xff, 0xff, 0xff,
    0xff, 0xff, 0xff, 0xf2, 0x00, 0x00, 0x00, 0x00,
    0x00, 0x00, 0x00, 0x00, 0x00, 0x00, 0x00, 0x00,
    0x00, 0x00, 0x00, 0x00, 0x02, 0x22, 0x22, 0x22,
    0x22, 0x22, 0x22, 0x22, 0x22, 0x22, 0x22, 0x22,
    0x22, 0x10, 0x1f, 0xff, 0xff, 0xff, 0xff, 0xff,
    0xff, 0xff, 0xff, 0xff, 0xff, 0xff, 0xff, 0xa0,
    0x1f, 0xff, 0xff, 0xff, 0xff, 0xff, 0xff, 0xff,
    0xff, 0xff, 0xff, 0xff, 0xff, 0xa0, 0x1f, 0xfa,
    0x00, 0x00, 0x00, 0x00, 0x00, 0x00, 0x00, 0x00,
    0x00, 0x01, 0xff, 0xa0, 0x1f, 0xfa, 0x00, 0x00,
    0x34, 0x33, 0x33, 0x33, 0x34, 0x43, 0x00, 0x01,
    0xff, 0xa0, 0x1f, 0xfa, 0x00, 0x04, 0xff, 0xff,
    0xff, 0xff, 0xff, 0xff, 0x20, 0x01, 0xff, 0xa0,
    0x03, 0x32, 0x00, 0x06, 0xff, 0xff, 0xff, 0xff,
    0xff, 0xff, 0x20, 0x00, 0x22, 0x10, 0x00, 0x00,
    0x00, 0x09, 0xff, 0x82, 0x22, 0x22, 0x2e, 0xff,
    0x20, 0x00, 0x00, 0x00, 0x00, 0x00, 0x00, 0x0e,
    0xff, 0x30, 0x00, 0x00, 0x0d, 0xff, 0x20, 0x00,
    0x22, 0x00, 0x00, 0x00, 0x00, 0x7f, 0xfe, 0x00,
    0x00, 0x00, 0x0d, 0xff, 0x20, 0x00, 0x6f, 0xb0,
    0x00, 0x00, 0x08, 0xff, 0xf6, 0x00, 0x00, 0x00,
    0x0d, 0xff, 0x20, 0x00, 0x7f, 0xf0, 0x01, 0x59,
    0xff, 0xff, 0xa0, 0x00, 0x00, 0x00, 0x0c, 0xff,
    0xa7, 0x77, 0xdf, 0xd0, 0x3f, 0xff, 0xff, 0xf7,
    0x00, 0x00, 0x00, 0x00, 0x09, 0xff, 0xff, 0xff,
    0xff, 0x80, 0x09, 0xff, 0xd8, 0x10, 0x00, 0x00,
    0x00, 0x00, 0x01, 0xae, 0xff, 0xff, 0xfa, 0x00,
    0x01, 0x62, 0x00, 0x00, 0x00, 0x00, 0x00, 0x00,
    0x00, 0x00, 0x00, 0x00, 0x00, 0x00,

    /* U+4EE3 "代" */
    0x00, 0x00, 0x00, 0x00, 0x05, 0x10, 0x00, 0x00,
    0x35, 0x50, 0x00, 0x02, 0x00, 0x00, 0x00, 0x00,
    0x00, 0x00, 0x00, 0x4f, 0xf9, 0x00, 0x00, 0xaf,
    0xf3, 0x00, 0x8f, 0xa0, 0x00, 0x00, 0x00, 0x00,
    0x00, 0x00, 0xbf, 0xf6, 0x00, 0x00, 0x9f, 0xf3,
    0x01, 0xcf, 0xfb, 0x00, 0x00, 0x00, 0x00, 0x00,
    0x03, 0xff, 0xe0, 0x00, 0x00, 0x8f, 0xf4, 0x00,
    0x0c, 0xff, 0xb0, 0x00, 0x00, 0x00, 0x00, 0x0c,
    0xff, 0x60, 0x00, 0x00, 0x7f, 0xf5, 0x00, 0x01,
    0xdf, 0xf9, 0x00, 0x00, 0x00, 0x00, 0x6f, 0xfd,
    0x00, 0x00, 0x00, 0x6f, 0xf6, 0x00, 0x00, 0x1e,
    0xff, 0x20, 0x00, 0x00, 0x01, 0xff, 0xf4, 0x00,
    0x00, 0x00, 0x5f, 0xf7, 0x00, 0x00, 0x03, 0xb2,
    0x00, 0x00, 0x00, 0x0c, 0xff, 0xd0, 0x00, 0x00,
    0x00, 0x4f, 0xf8, 0x00, 0x00, 0x00, 0x00, 0x00,
    0x00, 0x00, 0x8f, 0xff, 0xd0, 0x00, 0x00, 0x00,
    0x3f, 0xf9, 0x00, 0x24, 0x69, 0xbd, 0x80, 0x00,
    0x05, 0xff, 0xff, 0xd0, 0x00, 0x00, 0x24, 0x7f,
    0xff, 0xef, 0xff, 0xff, 0xff, 0xb0, 0x00, 0x4f,
    0xff, 0xff, 0xd0, 0x8b, 0xef, 0xff, 0xff, 0xff,
    0xff, 0xff, 0xff, 0xff, 0xb0, 0x04, 0xff, 0xfd,
    0xff, 0xd0, 0xbf, 0xff, 0xff, 0xff, 0xff, 0xdb,
    0x97, 0x53, 0x10, 0x00, 0x2f, 0xff, 0xe3, 0xff,
    0xd0, 0x9f, 0xec, 0xa8, 0x6d, 0xff, 0x10, 0x00,
    0x00, 0x00, 0x00, 0x0b, 0xff, 0x31, 0xff, 0xd0,
    0x10, 0x00, 0x00, 0x0b, 0xff, 0x30, 0x00, 0x00,
    0x00, 0x00, 0x02, 0xe3, 0x01, 0xff, 0xd0, 0x00,
    0x00, 0x00, 0x08, 0xff, 0x60, 0x00, 0x00, 0x00,
    0x00, 0x00, 0x10, 0x01, 0xff, 0xd0, 0x00, 0x00,
    0x00, 0x06, 0xff, 0x80, 0x00, 0x00, 0x00, 0x00,
    0x00, 0x00, 0x01, 0xff, 0xd0, 0x00, 0x00, 0x00,
    0x03, 0xff, 0xc0, 0x00, 0x00, 0x00, 0x00, 0x00,
    0x00, 0x01, 0xff, 0xd0, 0x00, 0x00, 0x00, 0x00,
    0xff, 0xf0, 0x00, 0x00, 0x00, 0x00, 0x00, 0x00,
    0x01, 0xff, 0xd0, 0x00, 0x00, 0x00, 0x00, 0xcf,
    0xf3, 0x00, 0x00, 0x00, 0x00, 0x00, 0x00, 0x01,
    0xff, 0xd0, 0x00, 0x00, 0x00, 0x00, 0x8f, 0xf8,
    0x00, 0x00, 0x01, 0x00, 0x00, 0x00, 0x01, 0xff,
    0xd0, 0x00, 0x00, 0x00, 0x00, 0x3f, 0xfe, 0x00,
    0x00, 0x0e, 0x60, 0x00, 0x00, 0x01, 0xff, 0xd0,
    0x00, 0x00, 0x00, 0x00, 0x0e, 0xff, 0x50, 0x00,
    0x1f, 0xf5, 0x00, 0x00, 0x01, 0xff, 0xd0, 0x00,
    0x00, 0x00, 0x00, 0x08, 0xff, 0xd0, 0x00, 0x4f,
    0xf3, 0x00, 0x00, 0x01, 0xff, 0xd0, 0x00, 0x00,
    0x00, 0x00, 0x01, 0xff, 0xf9, 0x00, 0x8f, 0xf0,
    0x00, 0x00, 0x01, 0xff, 0xd0, 0x00, 0x00, 0x00,
    0x00, 0x00, 0x7f, 0xff, 0xc6, 0xef, 0xc0, 0x00,
    0x00, 0x01, 0xff, 0xd0, 0x00, 0x00, 0x00, 0x00,
    0x00, 0x0c, 0xff, 0xff, 0xff, 0x70, 0x00, 0x00,
    0x01, 0xff, 0xd0, 0x00, 0x00, 0x00, 0x00, 0x00,
    0x01, 0xcf, 0xff, 0xfe, 0x10, 0x00, 0x00, 0x01,
    0xff, 0xd0, 0x00, 0x00, 0x00, 0x00, 0x00, 0x00,
    0x06, 0xdf, 0xe4, 0x00, 0x00, 0x00, 0x00, 0x00,
    0x00, 0x00, 0x00, 0x00, 0x00, 0x00, 0x00, 0x00,
    0x00, 0x00, 0x00,

    /* U+4EF6 "件" */
    0x00, 0x00, 0x00, 0x3d, 0x82, 0x00, 0x00, 0x00,
    0x0a, 0xbb, 0x00, 0x00, 0x00, 0x00, 0x00, 0x00,
    0x00, 0xaf, 0xf5, 0x00, 0x63, 0x00, 0x0e, 0xff,
    0x00, 0x00, 0x00, 0x00, 0x00, 0x00, 0x01, 0xff,
    0xe0, 0x03, 0xff, 0x90, 0x0e, 0xff, 0x00, 0x00,
    0x00, 0x00, 0x00, 0x00, 0x09, 0xff, 0x80, 0x07,
    0xff, 0x50, 0x0e, 0xff, 0x00, 0x00, 0x00, 0x00,
    0x00, 0x00, 0x1f, 0xff, 0x10, 0x0b, 0xff, 0x10,
    0x0e, 0xff, 0x00, 0x00, 0x00, 0x00, 0x00, 0x00,
    0xaf, 0xf8, 0x00, 0x0f, 0xfd, 0x11, 0x1e, 0xff,
    0x11, 0x11, 0x11, 0x00, 0x00, 0x03, 0xff, 0xe1,
    0x00, 0x4f, 0xff, 0xff, 0xff, 0xff, 0xff, 0xff,
    0xff, 0x90, 0x00, 0x0d, 0xff, 0xa0, 0x00, 0xaf,
    0xff, 0xff, 0xff, 0xff, 0xff, 0xff, 0xff, 0x90,
    0x00, 0x8f, 0xff, 0xa0, 0x01, 0xff, 0xeb, 0xbb,
    0xbf, 0xff, 0xbb, 0xbb, 0xbb, 0x60, 0x04, 0xff,
    0xff, 0xa0, 0x08, 0xff, 0x60, 0x00, 0x0e, 0xff,
    0x00, 0x00, 0x00, 0x00, 0x2f, 0xff, 0xff, 0xa0,
    0x2f, 0xfe, 0x00, 0x00, 0x0e, 0xff, 0x00, 0x00,
    0x00, 0x00, 0xcf, 0xfd, 0xff, 0xa0, 0x4e, 0xf7,
    0x00, 0x00, 0x0e, 0xff, 0x00, 0x00, 0x00, 0x00,
    0x5f, 0xe3, 0xff, 0xa0, 0x00, 0x60, 0x00, 0x00,
    0x0e, 0xff, 0x00, 0x00, 0x00, 0x00, 0x0b, 0x31,
    0xff, 0xa0, 0x00, 0x00, 0x00, 0x00, 0x0e, 0xff,
    0x00, 0x00, 0x00, 0x00, 0x00, 0x01, 0xff, 0xa0,
    0x3c, 0xcc, 0xcc, 0xcc, 0xcf, 0xff, 0xcc, 0xcc,
    0xcc, 0xcb, 0x00, 0x01, 0xff, 0xa0, 0x4f, 0xff,
    0xff, 0xff, 0xff, 0xff, 0xff, 0xff, 0xff, 0xff,
    0x00, 0x01, 0xff, 0xa0, 0x4f, 0xff, 0xff, 0xff,
    0xff, 0xff, 0xff, 0xff, 0xff, 0xff, 0x00, 0x01,
    0xff, 0xa0, 0x00, 0x00, 0x00, 0x00, 0x0e, 0xff,
    0x00, 0x00, 0x00, 0x00, 0x00, 0x01, 0xff, 0xa0,
    0x00, 0x00, 0x00, 0x00, 0x0e, 0xff, 0x00, 0x00,
    0x00, 0x00, 0x00, 0x01, 0xff, 0xa0, 0x00, 0x00,
    0x00, 0x00, 0x0e, 0xff, 0x00, 0x00, 0x00, 0x00,
    0x00, 0x01, 0xff, 0xa0, 0x00, 0x00, 0x00, 0x00,
    0x0e, 0xff, 0x00, 0x00, 0x00, 0x00, 0x00, 0x01,
    0xff, 0xa0, 0x00, 0x00, 0x00, 0x00, 0x0e, 0xff,
    0x00, 0x00, 0x00, 0x00, 0x00, 0x01, 0xff, 0xa0,
    0x00, 0x00, 0x00, 0x00, 0x0e, 0xff, 0x00, 0x00,
    0x00, 0x00, 0x00, 0x01, 0xff, 0xa0, 0x00, 0x00,
    0x00, 0x00, 0x0e, 0xff, 0x00, 0x00, 0x00, 0x00,
    0x00, 0x01, 0xff, 0xa0, 0x00, 0x00, 0x00, 0x00,
    0x0e, 0xff, 0x00, 0x00, 0x00, 0x00, 0x00, 0x01,
    0xff, 0xa0, 0x00, 0x00, 0x00, 0x00, 0x0e, 0xff,
    0x00, 0x00, 0x00, 0x00, 0x00, 0x01, 0xff, 0x90,
    0x00, 0x00, 0x00, 0x00, 0x0e, 0xff, 0x00, 0x00,
    0x00, 0x00,

    /* U+4F4D "位" */
    0x00, 0x00, 0x00, 0x01, 0x00, 0x00, 0x00, 0x00,
    0x15, 0x70, 0x00, 0x00, 0x00, 0x00, 0x00, 0x00,
    0x00, 0x0e, 0xd8, 0x00, 0x00, 0x00, 0xdf, 0xf2,
    0x00, 0x00, 0x00, 0x00, 0x00, 0x00, 0x00, 0x6f,
    0xfa, 0x00, 0x00, 0x00, 0x7f, 0xf7, 0x00, 0x00,
    0x00, 0x00, 0x00, 0x00, 0x00, 0xdf, 0xf3, 0x00,
    0x00, 0x00, 0x2f, 0xfd, 0x00, 0x00, 0x00, 0x00,
    0x00, 0x00, 0x05, 0xff, 0xc0, 0x00, 0x00, 0x00,
    0x0e, 0xff, 0x10, 0x00, 0x00, 0x00, 0x00, 0x00,
    0x0d, 0xff, 0x50, 0x00, 0x00, 0x00, 0x08, 0x84,
    0x00, 0x00, 0x00, 0x00, 0x00, 0x00, 0x6f, 0xfc,
    0x00, 0xef, 0xff, 0xff, 0xff, 0xff, 0xff, 0xff,
    0xff, 0xa0, 0x00, 0x01, 0xff, 0xf3, 0x00, 0xef,
    0xff, 0xff, 0xff, 0xff, 0xff, 0xff, 0xff, 0xa0,
    0x00, 0x0b, 0xff, 0xf0, 0x00, 0xab, 0xbb, 0xbb,
    0xbb, 0xbb, 0xbb, 0xbb, 0xbb, 0x70, 0x00, 0x7f,
    0xff, 0xf0, 0x00, 0x00, 0x00, 0x00, 0x00, 0x00,
    0x00, 0x00, 0x00, 0x00, 0x04, 0xff, 0xff, 0xf0,
    0x00, 0x00, 0x69, 0x80, 0x00, 0x00, 0x00, 0xdd,
    0xa0, 0x00, 0x2f, 0xff, 0xff, 0xf0, 0x00, 0x00,
    0xdf, 0xe0, 0x00, 0x00, 0x00, 0xff, 0xf0, 0x00,
    0xcf, 0xfe, 0xff, 0xf0, 0x00, 0x00, 0x9f, 0xf1,
    0x00, 0x00, 0x02, 0xff, 0xc0, 0x00, 0x4f, 0xf3,
    0xef, 0xf0, 0x00, 0x00, 0x7f, 0xf4, 0x00, 0x00,
    0x05, 0xff, 0x90, 0x00, 0x0b, 0x50, 0xef, 0xf0,
    0x00, 0x00, 0x4f, 0xf7, 0x00, 0x00, 0x07, 0xff,
    0x60, 0x00, 0x00, 0x00, 0xef, 0xf0, 0x00, 0x00,
    0x1f, 0xfa, 0x00, 0x00, 0x0a, 0xff, 0x20, 0x00,
    0x00, 0x00, 0xef, 0xf0, 0x00, 0x00, 0x0e, 0xfd,
    0x00, 0x00, 0x0d, 0xff, 0x00, 0x00, 0x00, 0x00,
    0xef, 0xf0, 0x00, 0x00, 0x0c, 0xff, 0x00, 0x00,
    0x0f, 0xfb, 0x00, 0x00, 0x00, 0x00, 0xef, 0xf0,
    0x00, 0x00, 0x09, 0xff, 0x30, 0x00, 0x3f, 0xf8,
    0x00, 0x00, 0x00, 0x00, 0xef, 0xf0, 0x00, 0x00,
    0x07, 0xff, 0x50, 0x00, 0x6f, 0xf4, 0x00, 0x00,
    0x00, 0x00, 0xef, 0xf0, 0x00, 0x00, 0x05, 0xff,
    0x80, 0x00, 0xaf, 0xf1, 0x00, 0x00, 0x00, 0x00,
    0xef, 0xf0, 0x00, 0x00, 0x03, 0xff, 0xa0, 0x00,
    0xdf, 0xd0, 0x00, 0x00, 0x00, 0x00, 0xef, 0xf0,
    0x00, 0x00, 0x02, 0xfc, 0x60, 0x01, 0xff, 0x90,
    0x00, 0x00, 0x00, 0x00, 0xef, 0xf0, 0x00, 0x00,
    0x00, 0x10, 0x00, 0x05, 0xff, 0x40, 0x00, 0x00,
    0x00, 0x00, 0xef, 0xf0, 0x0a, 0xaa, 0xaa, 0xaa,
    0xaa, 0xad, 0xff, 0xba, 0xaa, 0xa8, 0x00, 0x00,
    0xef, 0xf0, 0x1f, 0xff, 0xff, 0xff, 0xff, 0xff,
    0xff, 0xff, 0xff, 0xfc, 0x00, 0x00, 0xef, 0xf0,
    0x1f, 0xff, 0xff, 0xff, 0xff, 0xff, 0xff, 0xff,
    0xff, 0xfc, 0x00, 0x00, 0xef, 0xf0, 0x01, 0x11,
    0x11, 0x11, 0x11, 0x11, 0x11, 0x11, 0x11, 0x11,

    /* U+4F7F "使" */
    0x00, 0x00, 0x00, 0x00, 0x10, 0x00, 0x00, 0x00,
    0x00, 0x00, 0x00, 0x00, 0x00, 0x00, 0x00, 0x00,
    0x00, 0x00, 0x05, 0xfc, 0x40, 0x00, 0x00, 0x01,
    0xff, 0xb0, 0x00, 0x00, 0x00, 0x00, 0x00, 0x00,
    0x00, 0x0c, 0xff, 0x30, 0x00, 0x00, 0x01, 0xff,
    0xb0, 0x00, 0x00, 0x00, 0x00, 0x00, 0x00, 0x00,
    0x3f, 0xfc, 0x00, 0x00, 0x00, 0x02, 0xff, 0xc0,
    0x00, 0x00, 0x00, 0x00, 0x00, 0x00, 0x00, 0xcf,
    0xf5, 0xff, 0xff, 0xff, 0xff, 0xff, 0xff, 0xff,
    0xff, 0xff, 0xf1, 0x00, 0x00, 0x05, 0xff, 0xc1,
    0xff, 0xff, 0xff, 0xff, 0xff, 0xff, 0xff, 0xff,
    0xff, 0xf1, 0x00, 0x00, 0x0e, 0xff, 0x40, 0x99,
    0x99, 0x99, 0x99, 0xff, 0xe9, 0x99, 0x99, 0x99,
    0x91, 0x00, 0x00, 0x9f, 0xfc, 0x00, 0x00, 0x00,
    0x00, 0x01, 0xff, 0xb0, 0x00, 0x00, 0x00, 0x00,
    0x00, 0x04, 0xff, 0xfb, 0x00, 0x00, 0x00, 0x00,
    0x01, 0xff, 0xb0, 0x00, 0x00, 0x00, 0x00, 0x00,
    0x1e, 0xff, 0xfb, 0x00, 0x8f, 0xff, 0xff, 0xff,
    0xff, 0xff, 0xff, 0xff, 0xff, 0x00, 0x00, 0xdf,
    0xff, 0xfb, 0x00, 0x8f, 0xff, 0xff, 0xff, 0xff,
    0xff, 0xff, 0xff, 0xff, 0x00, 0x0c, 0xff, 0xff,
    0xfb, 0x00, 0x8f, 0xf6, 0x55, 0x56, 0xff, 0xd5,
    0x55, 0x5c, 0xff, 0x00, 0x3f, 0xff, 0x4f, 0xfb,
    0x00, 0x8f, 0xf1, 0x00, 0x01, 0xff, 0xb0, 0x00,
    0x0b, 0xff, 0x00, 0x0a, 0xf6, 0x0f, 0xfb, 0x00,
    0x8f, 0xf1, 0x00, 0x01, 0xff, 0xb0, 0x00, 0x0b,
    0xff, 0x00, 0x02, 0x70, 0x0f, 0xfb, 0x00, 0x8f,
    0xf1, 0x00, 0x01, 0xff, 0xb0, 0x00, 0x0b, 0xff,
    0x00, 0x00, 0x00, 0x0f, 0xfb, 0x00, 0x8f, 0xff,
    0xff, 0xff, 0xff, 0xff, 0xff, 0xff, 0xff, 0x00,
    0x00, 0x00, 0x0f, 0xfb, 0x00, 0x8f, 0xff, 0xff,
    0xff, 0xff, 0xff, 0xff, 0xff, 0xff, 0x00, 0x00,
    0x00, 0x0f, 0xfb, 0x00, 0x36, 0x76, 0x66, 0x69,
    0xff, 0xb6, 0x66, 0x66, 0x66, 0x00, 0x00, 0x00,
    0x0f, 0xfb, 0x00, 0x3b, 0xf4, 0x00, 0x07, 0xff,
    0x50, 0x00, 0x00, 0x00, 0x00, 0x00, 0x00, 0x0f,
    0xfb, 0x00, 0x0e, 0xff, 0x20, 0x0c, 0xff, 0x10,
    0x00, 0x00, 0x00, 0x00, 0x00, 0x00, 0x0f, 0xfb,
    0x00, 0x03, 0xff, 0xe3, 0x3f, 0xfb, 0x00, 0x00,
    0x00, 0x00, 0x00, 0x00, 0x00, 0x0f, 0xfb, 0x00,
    0x00, 0x4f, 0xff, 0xef, 0xf4, 0x00, 0x00, 0x00,
    0x00, 0x00, 0x00, 0x00, 0x0f, 0xfb, 0x00, 0x00,
    0x04, 0xef, 0xff, 0xd0, 0x00, 0x00, 0x00, 0x00,
    0x00, 0x00, 0x00, 0x0f, 0xfb, 0x00, 0x00, 0x02,
    0xcf, 0xff, 0xfd, 0x72, 0x00, 0x00, 0x00, 0x00,
    0x00, 0x00, 0x0f, 0xfb, 0x00, 0x02, 0x9f, 0xff,
    0xee, 0xff, 0xff, 0xd8, 0x51, 0x00, 0x00, 0x00,
    0x00, 0x0f, 0xfb, 0x18, 0xcf, 0xff, 0xfa, 0x10,
    0x6d, 0xff, 0xff, 0xff, 0xec, 0xa2, 0x00, 0x00,
    0x0f, 0xfb, 0x0a, 0xff, 0xfc, 0x40, 0x00, 0x00,
    0x39, 0xef, 0xff, 0xff, 0x90, 0x00, 0x00, 0x0f,
    0xfb, 0x00, 0xc9, 0x30, 0x00, 0x00, 0x00, 0x00,
    0x02, 0x59, 0xcc, 0x00,

    /* U+4FCA "俊" */
    0x00, 0x00, 0x00, 0x00, 0x20, 0x00, 0x00, 0x00,
    0x40, 0x00, 0x00, 0x00, 0x00, 0x00, 0x00, 0x00,
    0x00, 0x00, 0x5f, 0xd5, 0x00, 0x00, 0x7f, 0xf8,
    0x00, 0x00, 0x00, 0x00, 0x00, 0x00, 0x00, 0x00,
    0x0c, 0xff, 0x40, 0x00, 0x4f, 0xfe, 0x10, 0x19,
    0xf3, 0x00, 0x00, 0x00, 0x00, 0x00, 0x03, 0xff,
    0xd0, 0x00, 0x2e, 0xff, 0x30, 0x02, 0xef, 0xe2,
    0x00, 0x00, 0x00, 0x00, 0x00, 0xaf, 0xf6, 0x00,
    0x1e, 0xff, 0x40, 0x00, 0x03, 0xff, 0xd1, 0x00,
    0x00, 0x00, 0x00, 0x2f, 0xfe, 0x00, 0x2d, 0xff,
    0x50, 0x00, 0x23, 0x4a, 0xff, 0xc0, 0x00, 0x00,
    0x00, 0x0b, 0xff, 0x70, 0x5e, 0xff, 0xfd, 0xef,
    0xff, 0xff, 0xff, 0xff, 0x90, 0x00, 0x00, 0x05,
    0xff, 0xe0, 0x0e, 0xff, 0xff, 0xff, 0xff, 0xff,
    0xff, 0xff, 0xff, 0x50, 0x00, 0x01, 0xef, 0xfa,
    0x00, 0x9f, 0xfe, 0xdb, 0x98, 0x65, 0x42, 0x10,
    0x2f, 0xf6, 0x00, 0x00, 0xaf, 0xff, 0xa0, 0x02,
    0x30, 0x06, 0x60, 0x00, 0x01, 0xac, 0x20, 0x41,
    0x00, 0x00, 0x7f, 0xff, 0xfa, 0x00, 0x00, 0x08,
    0xff, 0xc0, 0x00, 0x7f, 0xff, 0x50, 0x00, 0x00,
    0x4f, 0xff, 0xff, 0xa0, 0x00, 0x0a, 0xff, 0xe2,
    0x00, 0x00, 0x4f, 0xff, 0x80, 0x00, 0x0d, 0xff,
    0xdf, 0xfa, 0x00, 0x2c, 0xff, 0xd1, 0x00, 0x00,
    0x00, 0x2d, 0xff, 0xb1, 0x00, 0x5f, 0xe2, 0xff,
    0xa0, 0x6f, 0xff, 0xc1, 0x2c, 0x61, 0x00, 0x00,
    0x1c, 0xff, 0xd1, 0x00, 0xb3, 0x1f, 0xfa, 0x0c,
    0xff, 0xa0, 0x0d, 0xff, 0x30, 0x00, 0x00, 0x0b,
    0xfe, 0x30, 0x00, 0x01, 0xff, 0xa0, 0x1c, 0x70,
    0x0a, 0xff, 0x80, 0x00, 0x00, 0x01, 0x07, 0x10,
    0x00, 0x00, 0x1f, 0xfa, 0x00, 0x00, 0x09, 0xff,
    0xff, 0xff, 0xff, 0xff, 0xfa, 0x10, 0x00, 0x00,
    0x01, 0xff, 0xa0, 0x00, 0x09, 0xff, 0xff, 0xff,
    0xff, 0xff, 0xff, 0xe0, 0x00, 0x00, 0x00, 0x1f,
    0xfa, 0x00, 0x0a, 0xff, 0xf8, 0x44, 0x44, 0x44,
    0xdf, 0xf7, 0x00, 0x00, 0x00, 0x01, 0xff, 0xa0,
    0x3d, 0xff, 0xff, 0xe2, 0x00, 0x00, 0x8f, 0xfd,
    0x00, 0x00, 0x00, 0x00, 0x1f, 0xfa, 0x09, 0xff,
    0xc4, 0xff, 0xe2, 0x00, 0x7f, 0xff, 0x20, 0x00,
    0x00, 0x00, 0x01, 0xff, 0xa0, 0x08, 0x90, 0x05,
    0xff, 0xe5, 0x9f, 0xff, 0x40, 0x00, 0x00, 0x00,
    0x00, 0x1f, 0xfa, 0x00, 0x00, 0x00, 0x05, 0xff,
    0xff, 0xff, 0x40, 0x00, 0x00, 0x00, 0x00, 0x01,
    0xff, 0xa0, 0x00, 0x00, 0x00, 0x4d, 0xff, 0xff,
    0xa1, 0x00, 0x00, 0x00, 0x00, 0x00, 0x1f, 0xfa,
    0x00, 0x00, 0x38, 0xef, 0xff, 0xff, 0xff, 0xfa,
    0x50, 0x00, 0x00, 0x00, 0x01, 0xff, 0xa3, 0x7b,
    0xff, 0xff, 0xff, 0x91, 0x3b, 0xff, 0xff, 0xfc,
    0x93, 0x00, 0x00, 0x1f, 0xfa, 0x2f, 0xff, 0xff,
    0xc6, 0x10, 0x00, 0x03, 0x9f, 0xff, 0xfe, 0x10,
    0x00, 0x01, 0xff, 0xa0, 0x8d, 0xa5, 0x10, 0x00,
    0x00, 0x00, 0x00, 0x04, 0x9c, 0x40, 0x00, 0x00,
    0x00, 0x00, 0x00, 0x00, 0x00, 0x00, 0x00, 0x00,
    0x00, 0x00, 0x00, 0x00, 0x00,

    /* U+503E "倾" */
    0x00, 0x00, 0x00, 0x00, 0x00, 0x00, 0x00, 0x00,
    0x00, 0x00, 0x00, 0x00, 0x00, 0x00, 0x00, 0x00,
    0x00, 0x00, 0xfc, 0x60, 0x00, 0x00, 0x00, 0x00,
    0x00, 0x00, 0x00, 0x00, 0x00, 0x00, 0x00, 0x00,
    0x04, 0xff, 0x80, 0x00, 0x00, 0x07, 0x77, 0x77,
    0x77, 0x77, 0x77, 0x77, 0x60, 0x00, 0x00, 0x0a,
    0xff, 0x30, 0x00, 0x00, 0x1f, 0xff, 0xff, 0xff,
    0xff, 0xff, 0xff, 0xe0, 0x00, 0x00, 0x1f, 0xfd,
    0x09, 0xfc, 0x00, 0x1f, 0xff, 0xff, 0xff, 0xff,
    0xff, 0xff, 0xd0, 0x00, 0x00, 0x7f, 0xf6, 0x0a,
    0xfc, 0x00, 0x00, 0x00, 0x00, 0x7f, 0xf5, 0x00,
    0x00, 0x00, 0x00, 0x00, 0xef, 0xf1, 0x0a, 0xfc,
    0x00, 0x00, 0x00, 0x00, 0xbf, 0xe0, 0x00, 0x00,
    0x00, 0x00, 0x06, 0xff, 0xb0, 0x0a, 0xfc, 0x00,
    0x00, 0x35, 0x55, 0xff, 0xc5, 0x55, 0x53, 0x00,
    0x00, 0x0e, 0xff, 0xa0, 0x0a, 0xfc, 0x00, 0x00,
    0x9f, 0xff, 0xff, 0xff, 0xff, 0xf9, 0x00, 0x00,
    0x7f, 0xff, 0xa0, 0x0a, 0xfe, 0x66, 0x62, 0x9f,
    0xff, 0xff, 0xff, 0xff, 0xf9, 0x00, 0x02, 0xff,
    0xff, 0xa0, 0x0a, 0xff, 0xff, 0xf5, 0x9f, 0xd1,
    0x11, 0x11, 0x1e, 0xf9, 0x00, 0x0c, 0xff, 0xff,
    0xa0, 0x0a, 0xff, 0xff, 0xf4, 0x9f, 0xd0, 0x2a,
    0xa0, 0x0e, 0xf9, 0x00, 0x6f, 0xfe, 0xff, 0xa0,
    0x0a, 0xfc, 0x00, 0x00, 0x9f, 0xd0, 0x3f, 0xf0,
    0x0e, 0xf9, 0x00, 0x1f, 0xf4, 0xef, 0xa0, 0x0a,
    0xfc, 0x00, 0x00, 0x9f, 0xd0, 0x3f, 0xf0, 0x0e,
    0xf9, 0x00, 0x0a, 0x90, 0xef, 0xa0, 0x0a, 0xfc,
    0x00, 0x00, 0x9f, 0xd0, 0x3f, 0xf0, 0x0e, 0xf9,
    0x00, 0x02, 0x00, 0xef, 0xa0, 0x0a, 0xfc, 0x00,
    0x00, 0x9f, 0xd0, 0x3f, 0xf0, 0x0e, 0xf9, 0x00,
    0x00, 0x00, 0xef, 0xa0, 0x0a, 0xfc, 0x00, 0x00,
    0x9f, 0xd0, 0x3f, 0xf0, 0x0e, 0xf9, 0x00, 0x00,
    0x00, 0xef, 0xa0, 0x0a, 0xfc, 0x00, 0x00, 0x9f,
    0xd0, 0x3f, 0xf0, 0x0e, 0xf9, 0x00, 0x00, 0x00,
    0xef, 0xa0, 0x0a, 0xfc, 0x03, 0xa0, 0x9f, 0xd0,
    0x4f, 0xe0, 0x0e, 0xf9, 0x00, 0x00, 0x00, 0xef,
    0xa0, 0x0a, 0xfe, 0xbf, 0xf1, 0x9f, 0xd0, 0x7f,
    0xd0, 0x0e, 0xf9, 0x00, 0x00, 0x00, 0xef, 0xa0,
    0x0d, 0xff, 0xff, 0xc0, 0x9f, 0xd0, 0xaf, 0xb0,
    0x0e, 0xf9, 0x00, 0x00, 0x00, 0xef, 0xa0, 0x6f,
    0xff, 0xc4, 0x00, 0x7c, 0x91, 0xff, 0x70, 0x0a,
    0xb6, 0x00, 0x00, 0x00, 0xef, 0xa0, 0x2f, 0xd5,
    0x00, 0x00, 0x00, 0x09, 0xff, 0x29, 0x30, 0x00,
    0x00, 0x00, 0x00, 0xef, 0xa0, 0x06, 0x00, 0x00,
    0x00, 0x00, 0x5f, 0xf9, 0xaf, 0xf8, 0x00, 0x00,
    0x00, 0x00, 0xef, 0xa0, 0x00, 0x00, 0x00, 0x00,
    0x05, 0xff, 0xd0, 0x2c, 0xff, 0xd2, 0x00, 0x00,
    0x00, 0xef, 0xa0, 0x00, 0x00, 0x00, 0x01, 0xaf,
    0xfd, 0x20, 0x00, 0x7f, 0xff, 0x50, 0x00, 0x00,
    0xef, 0xa0, 0x00, 0x00, 0x00, 0x6f, 0xff, 0xa1,
    0x00, 0x00, 0x04, 0xef, 0xb0, 0x00, 0x00, 0xef,
    0xa0, 0x00, 0x00, 0x00, 0x0c, 0xb3, 0x00, 0x00,
    0x00, 0x00, 0x2b, 0x10, 0x00, 0x00, 0x00, 0x00,
    0x00, 0x00, 0x00, 0x00, 0x00, 0x00, 0x00, 0x00,
    0x00, 0x00, 0x00,

    /* U+505C "停" */
    0x00, 0x00, 0x00, 0x03, 0x10, 0x00, 0x00, 0x00,
    0x01, 0x58, 0x00, 0x00, 0x00, 0x00, 0x00, 0x00,
    0x00, 0x00, 0xef, 0xa0, 0x00, 0x00, 0x00, 0xbf,
    0xf4, 0x00, 0x00, 0x00, 0x00, 0x00, 0x00, 0x00,
    0x4f, 0xf9, 0x00, 0x00, 0x00, 0x03, 0xff, 0xc0,
    0x00, 0x00, 0x00, 0x00, 0x00, 0x00, 0x0a, 0xff,
    0x8f, 0xff, 0xff, 0xff, 0xff, 0xff, 0xff, 0xff,
    0xff, 0xf6, 0x00, 0x00, 0x02, 0xff, 0xc5, 0xff,
    0xff, 0xff, 0xff, 0xff, 0xff, 0xff, 0xff, 0xff,
    0x60, 0x00, 0x00, 0x9f, 0xf5, 0x26, 0x66, 0x66,
    0x66, 0x66, 0x66, 0x66, 0x66, 0x66, 0x62, 0x00,
    0x00, 0x2f, 0xfd, 0x00, 0x00, 0x00, 0x00, 0x00,
    0x00, 0x00, 0x00, 0x00, 0x00, 0x00, 0x00, 0x0a,
    0xff, 0x60, 0x00, 0x2f, 0xff, 0xff, 0xff, 0xff,
    0xff, 0xff, 0xf1, 0x00, 0x00, 0x04, 0xff, 0xf1,
    0x00, 0x02, 0xff, 0xff, 0xff, 0xff, 0xff, 0xff,
    0xff, 0x10, 0x00, 0x00, 0xdf, 0xff, 0x10, 0x00,
    0x2f, 0xfa, 0x00, 0x00, 0x00, 0x00, 0xaf, 0xf1,
    0x00, 0x00, 0x9f, 0xff, 0xf1, 0x00, 0x02, 0xff,
    0xa0, 0x00, 0x00, 0x00, 0x0a, 0xff, 0x10, 0x00,
    0x6f, 0xff, 0xff, 0x10, 0x00, 0x2f, 0xff, 0xff,
    0xff, 0xff, 0xff, 0xff, 0xf1, 0x00, 0x0f, 0xff,
    0xef, 0xf1, 0x00, 0x02, 0xff, 0xff, 0xff, 0xff,
    0xff, 0xff, 0xff, 0x10, 0x00, 0x8f, 0xc8, 0xff,
    0x10, 0x00, 0x00, 0x00, 0x00, 0x00, 0x00, 0x00,
    0x00, 0x00, 0x00, 0x01, 0xd1, 0x8f, 0xf1, 0x05,
    0x55, 0x55, 0x55, 0x55, 0x55, 0x55, 0x55, 0x55,
    0x55, 0x20, 0x01, 0x08, 0xff, 0x10, 0xef, 0xff,
    0xff, 0xff, 0xff, 0xff, 0xff, 0xff, 0xff, 0xf7,
    0x00, 0x00, 0x8f, 0xf1, 0x0e, 0xff, 0xff, 0xff,
    0xff, 0xff, 0xff, 0xff, 0xff, 0xff, 0x70, 0x00,
    0x08, 0xff, 0x10, 0xef, 0x80, 0x00, 0x00, 0x00,
    0x00, 0x00, 0x00, 0x0e, 0xf7, 0x00, 0x00, 0x8f,
    0xf1, 0x0e, 0xf8, 0x22, 0x22, 0x22, 0x22, 0x22,
    0x22, 0x22, 0xef, 0x70, 0x00, 0x08, 0xff, 0x10,
    0xbc, 0x6b, 0xff, 0xff, 0xff, 0xff, 0xff, 0xff,
    0xfb, 0xc6, 0x00, 0x00, 0x8f, 0xf1, 0x00, 0x00,
    0xbf, 0xff, 0xff, 0xff, 0xff, 0xff, 0xff, 0x00,
    0x00, 0x00, 0x08, 0xff, 0x10, 0x00, 0x01, 0x11,
    0x11, 0x4f, 0xfb, 0x11, 0x11, 0x10, 0x00, 0x00,
    0x00, 0x8f, 0xf1, 0x00, 0x00, 0x00, 0x00, 0x02,
    0xff, 0xb0, 0x00, 0x00, 0x00, 0x00, 0x00, 0x08,
    0xff, 0x10, 0x00, 0x00, 0x00, 0x00, 0x2f, 0xfb,
    0x00, 0x00, 0x00, 0x00, 0x00, 0x00, 0x8f, 0xf1,
    0x00, 0x00, 0x00, 0x00, 0x02, 0xff, 0xb0, 0x00,
    0x00, 0x00, 0x00, 0x00, 0x08, 0xff, 0x10, 0x00,
    0x00, 0x36, 0x66, 0x8f, 0xfb, 0x00, 0x00, 0x00,
    0x00, 0x00, 0x00, 0x8f, 0xf1, 0x00, 0x00, 0x02,
    0xff, 0xff, 0xff, 0x80, 0x00, 0x00, 0x00, 0x00,
    0x00, 0x08, 0xff, 0x10, 0x00, 0x00, 0x0c, 0xff,
    0xfd, 0x91, 0x00, 0x00, 0x00, 0x00, 0x00, 0x00,
    0x01, 0x10, 0x00, 0x00, 0x00, 0x00, 0x00, 0x00,
    0x00, 0x00, 0x00, 0x00, 0x00,

    /* U+5065 "健" */
    0x00, 0x00, 0x01, 0x10, 0x00, 0x00, 0x00, 0x00,
    0x00, 0x00, 0x22, 0x00, 0x00, 0x00, 0x00, 0x00,
    0x00, 0x06, 0xfd, 0x20, 0x00, 0x00, 0x00, 0x00,
    0x04, 0xff, 0x10, 0x00, 0x00, 0x00, 0x00, 0x00,
    0x0a, 0xff, 0x34, 0x44, 0x47, 0x10, 0x00, 0x04,
    0xff, 0x10, 0x00, 0x00, 0x00, 0x00, 0x00, 0x0f,
    0xfa, 0xcf, 0xff, 0xff, 0xf3, 0xcf, 0xff, 0xff,
    0xff, 0xff, 0xe0, 0x00, 0x00, 0x00, 0x5f, 0xf5,
    0xcf, 0xff, 0xff, 0xe0, 0xdf, 0xff, 0xff, 0xff,
    0xff, 0xf0, 0x00, 0x00, 0x00, 0xaf, 0xf0, 0x23,
    0x36, 0xff, 0x80, 0x11, 0x15, 0xff, 0x31, 0x4f,
    0xf0, 0x00, 0x00, 0x01, 0xff, 0xa0, 0x00, 0x0a,
    0xff, 0x10, 0x00, 0x04, 0xff, 0x10, 0x3f, 0xf0,
    0x00, 0x00, 0x07, 0xff, 0x80, 0x00, 0x1f, 0xf8,
    0x1f, 0xff, 0xff, 0xff, 0xff, 0xff, 0xff, 0xf0,
    0x00, 0x0e, 0xff, 0x80, 0x00, 0x9f, 0xf1, 0x2f,
    0xff, 0xff, 0xff, 0xff, 0xff, 0xff, 0xf0, 0x00,
    0x7f, 0xff, 0x80, 0x02, 0xff, 0x80, 0x02, 0x22,
    0x26, 0xff, 0x42, 0x5f, 0xf2, 0x20, 0x01, 0xef,
    0xff, 0x80, 0x0a, 0xfe, 0x10, 0x00, 0x00, 0x04,
    0xff, 0x10, 0x3f, 0xf0, 0x00, 0x0a, 0xff, 0xff,
    0x80, 0x5f, 0xfa, 0x44, 0x20, 0x79, 0x9b, 0xff,
    0xa9, 0xaf, 0xf0, 0x00, 0x0f, 0xfc, 0xff, 0x84,
    0xff, 0xff, 0xff, 0xf2, 0xdf, 0xff, 0xff, 0xff,
    0xff, 0xf0, 0x00, 0x08, 0xf3, 0xff, 0x81, 0xff,
    0xff, 0xff, 0xf0, 0x67, 0x79, 0xff, 0x87, 0x77,
    0x70, 0x00, 0x01, 0x70, 0xff, 0x80, 0x20, 0x00,
    0xaf, 0xe0, 0x00, 0x04, 0xff, 0x10, 0x00, 0x00,
    0x00, 0x00, 0x00, 0xff, 0x80, 0x00, 0x00, 0xcf,
    0xc2, 0xff, 0xff, 0xff, 0xff, 0xff, 0xf4, 0x00,
    0x00, 0x00, 0xff, 0x82, 0x9a, 0x00, 0xff, 0x93,
    0xff, 0xff, 0xff, 0xff, 0xff, 0xf4, 0x00, 0x00,
    0x00, 0xff, 0x83, 0xff, 0x02, 0xff, 0x60, 0x33,
    0x36, 0xff, 0x43, 0x33, 0x30, 0x00, 0x00, 0x00,
    0xff, 0x80, 0xef, 0x66, 0xff, 0x20, 0x00, 0x04,
    0xff, 0x10, 0x00, 0x00, 0x00, 0x00, 0x00, 0xff,
    0x80, 0x8f, 0xda, 0xfd, 0x0c, 0xee, 0xee, 0xff,
    0xee, 0xee, 0xee, 0x20, 0x00, 0x00, 0xff, 0x80,
    0x1f, 0xff, 0xf8, 0x0e, 0xff, 0xff, 0xff, 0xff,
    0xff, 0xff, 0x20, 0x00, 0x00, 0xff, 0x80, 0x09,
    0xff, 0xf2, 0x04, 0x55, 0x58, 0xff, 0x65, 0x55,
    0x55, 0x00, 0x00, 0x00, 0xff, 0x80, 0x01, 0xff,
    0xf2, 0x00, 0x00, 0x04, 0xff, 0x10, 0x00, 0x00,
    0x00, 0x00, 0x00, 0xff, 0x80, 0x07, 0xff, 0xfe,
    0x40, 0x00, 0x04, 0xff, 0x10, 0x00, 0x00, 0x00,
    0x00, 0x00, 0xff, 0x80, 0x2f, 0xfc, 0xff, 0xfc,
    0x50, 0x02, 0x99, 0x10, 0x00, 0x00, 0x00, 0x00,
    0x00, 0xff, 0x82, 0xef, 0xe1, 0x4e, 0xff, 0xff,
    0xca, 0x87, 0x66, 0x66, 0x67, 0x60, 0x00, 0x00,
    0xff, 0x9e, 0xfe, 0x20, 0x00, 0x7e, 0xff, 0xff,
    0xff, 0xff, 0xff, 0xff, 0x90, 0x00, 0x00, 0xff,
    0x85, 0xc2, 0x00, 0x00, 0x00, 0x48, 0xbd, 0xef,
    0xff, 0xff, 0xff, 0x30, 0x00, 0x00, 0x00, 0x00,
    0x00, 0x00, 0x00, 0x00, 0x00, 0x00, 0x00, 0x00,
    0x00, 0x00, 0x00,

    /* U+5149 "光" */
    0x00, 0x00, 0x00, 0x00, 0x00, 0x00, 0x03, 0x55,
    0x00, 0x00, 0x00, 0x00, 0x00, 0x00, 0x00, 0x00,
    0x00, 0x00, 0x00, 0x00, 0x00, 0xcf, 0xf2, 0x00,
    0x00, 0x00, 0x10, 0x00, 0x00, 0x00, 0x00, 0x4a,
    0x80, 0x00, 0x00, 0x0c, 0xff, 0x20, 0x00, 0x00,
    0x0e, 0xc7, 0x00, 0x00, 0x00, 0x1e, 0xff, 0x20,
    0x00, 0x00, 0xcf, 0xf2, 0x00, 0x00, 0x06, 0xff,
    0xe0, 0x00, 0x00, 0x00, 0x7f, 0xfb, 0x00, 0x00,
    0x0c, 0xff, 0x20, 0x00, 0x00, 0xcf, 0xf7, 0x00,
    0x00, 0x00, 0x00, 0xef, 0xf3, 0x00, 0x00, 0xcf,
    0xf2, 0x00, 0x00, 0x4f, 0xfe, 0x00, 0x00, 0x00,
    0x00, 0x07, 0xff, 0xb0, 0x00, 0x0c, 0xff, 0x20,
    0x00, 0x0c, 0xff, 0x60, 0x00, 0x00, 0x00, 0x00,
    0x0f, 0xff, 0x20, 0x00, 0xcf, 0xf2, 0x00, 0x04,
    0xff, 0xd0, 0x00, 0x00, 0x00, 0x00, 0x00, 0x9f,
    0xf8, 0x00, 0x0c, 0xff, 0x20, 0x00, 0xcf, 0xf4,
    0x00, 0x00, 0x00, 0x00, 0x00, 0x03, 0xfe, 0x70,
    0x00, 0xcf, 0xf2, 0x00, 0x2c, 0xfa, 0x00, 0x00,
    0x00, 0x00, 0x00, 0x00, 0x05, 0x00, 0x00, 0x0c,
    0xff, 0x20, 0x00, 0x02, 0x10, 0x00, 0x00, 0x00,
    0x01, 0x11, 0x11, 0x11, 0x11, 0x11, 0xcf, 0xf3,
    0x11, 0x11, 0x11, 0x11, 0x11, 0x10, 0x0a, 0xff,
    0xff, 0xff, 0xff, 0xff, 0xff, 0xff, 0xff, 0xff,
    0xff, 0xff, 0xff, 0xff, 0x40, 0xaf, 0xff, 0xff,
    0xff, 0xff, 0xff, 0xff, 0xff, 0xff, 0xff, 0xff,
    0xff, 0xff, 0xf4, 0x06, 0xaa, 0xaa, 0xaa, 0xaf,
    0xff, 0xaa, 0xaa, 0xaf, 0xff, 0xaa, 0xaa, 0xaa,
    0xaa, 0x20, 0x00, 0x00, 0x00, 0x00, 0xff, 0xf0,
    0x00, 0x00, 0xef, 0xf0, 0x00, 0x00, 0x00, 0x00,
    0x00, 0x00, 0x00, 0x00, 0x2f, 0xfd, 0x00, 0x00,
    0x0e, 0xff, 0x00, 0x00, 0x00, 0x00, 0x00, 0x00,
    0x00, 0x00, 0x04, 0xff, 0xb0, 0x00, 0x00, 0xef,
    0xf0, 0x00, 0x00, 0x00, 0x00, 0x00, 0x00, 0x00,
    0x00, 0x8f, 0xf8, 0x00, 0x00, 0x0e, 0xff, 0x00,
    0x00, 0x00, 0x00, 0x00, 0x00, 0x00, 0x00, 0x0d,
    0xff, 0x40, 0x00, 0x00, 0xef, 0xf0, 0x00, 0x00,
    0x00, 0x00, 0x00, 0x00, 0x00, 0x03, 0xff, 0xf0,
    0x00, 0x00, 0x0e, 0xff, 0x00, 0x00, 0x00, 0x10,
    0x00, 0x00, 0x00, 0x00, 0xcf, 0xf9, 0x00, 0x00,
    0x00, 0xef, 0xf0, 0x00, 0x00, 0x0e, 0xa4, 0x00,
    0x00, 0x00, 0x9f, 0xff, 0x10, 0x00, 0x00, 0x0e,
    0xff, 0x00, 0x00, 0x00, 0xff, 0xa0, 0x00, 0x01,
    0xaf, 0xff, 0x60, 0x00, 0x00, 0x00, 0xef, 0xf0,
    0x00, 0x00, 0x1f, 0xf8, 0x00, 0x06, 0xef, 0xff,
    0x90, 0x00, 0x00, 0x00, 0x0d, 0xff, 0x00, 0x00,
    0x04, 0xff, 0x61, 0xaf, 0xff, 0xff, 0x80, 0x00,
    0x00, 0x00, 0x00, 0xcf, 0xfc, 0xaa, 0xaa, 0xef,
    0xf2, 0x09, 0xff, 0xfc, 0x30, 0x00, 0x00, 0x00,
    0x00, 0x08, 0xff, 0xff, 0xff, 0xff, 0xfc, 0x00,
    0x0d, 0xb4, 0x00, 0x00, 0x00, 0x00, 0x00, 0x00,
    0x09, 0xef, 0xff, 0xff, 0xfb, 0x20, 0x00, 0x00,
    0x00, 0x00, 0x00, 0x00, 0x00, 0x00, 0x00, 0x00,
    0x00, 0x00, 0x00, 0x00, 0x00,

    /* U+5168 "全" */
    0x00, 0x00, 0x00, 0x00, 0x00, 0x00, 0x00, 0x72,
    0x00, 0x00, 0x00, 0x00, 0x00, 0x00, 0x00, 0x00,
    0x00, 0x00, 0x00, 0x00, 0x00, 0x06, 0xff, 0x80,
    0x00, 0x00, 0x00, 0x00, 0x00, 0x00, 0x00, 0x00,
    0x00, 0x00, 0x00, 0x00, 0x3f, 0xff, 0xa0, 0x00,
    0x00, 0x00, 0x00, 0x00, 0x00, 0x00, 0x00, 0x00,
    0x00, 0x00, 0x02, 0xef, 0xff, 0xf7, 0x00, 0x00,
    0x00, 0x00, 0x00, 0x00, 0x00, 0x00, 0x00, 0x00,
    0x00, 0x1d, 0xff, 0xbf, 0xff, 0x70, 0x00, 0x00,
    0x00, 0x00, 0x00, 0x00, 0x00, 0x00, 0x00, 0x02,
    0xef, 0xfc, 0x04, 0xff, 0xf9, 0x00, 0x00, 0x00,
    0x00, 0x00, 0x00, 0x00, 0x00, 0x00, 0x4e, 0xff,
    0xc0, 0x00, 0x4f, 0xff, 0xb1, 0x00, 0x00, 0x00,
    0x00, 0x00, 0x00, 0x00, 0x07, 0xff, 0xfb, 0x00,
    0x00, 0x03, 0xef, 0xfe, 0x40, 0x00, 0x00, 0x00,
    0x00, 0x00, 0x01, 0xbf, 0xff, 0xa0, 0x00, 0x00,
    0x00, 0x2d, 0xff, 0xf9, 0x00, 0x00, 0x00, 0x00,
    0x00, 0x7f, 0xff, 0xf7, 0x00, 0x00, 0x00, 0x00,
    0x01, 0xbf, 0xff, 0xe5, 0x00, 0x00, 0x00, 0x5d,
    0xff, 0xfe, 0x40, 0x00, 0x00, 0x00, 0x00, 0x00,
    0x07, 0xff, 0xff, 0xb2, 0x00, 0x3d, 0xff, 0xff,
    0xe7, 0x66, 0x66, 0x66, 0x66, 0x66, 0x66, 0x66,
    0x9f, 0xff, 0xff, 0xa0, 0x0b, 0xff, 0xd9, 0xff,
    0xff, 0xff, 0xff, 0xff, 0xff, 0xff, 0xff, 0xff,
    0x8f, 0xff, 0x70, 0x01, 0xc6, 0x05, 0xff, 0xff,
    0xff, 0xff, 0xff, 0xff, 0xff, 0xff, 0xff, 0x12,
    0xaa, 0x00, 0x00, 0x00, 0x01, 0x33, 0x33, 0x33,
    0x3c, 0xff, 0x63, 0x33, 0x33, 0x33, 0x00, 0x00,
    0x00, 0x00, 0x00, 0x00, 0x00, 0x00, 0x00, 0x0b,
    0xff, 0x40, 0x00, 0x00, 0x00, 0x00, 0x00, 0x00,
    0x00, 0x00, 0x00, 0x00, 0x00, 0x00, 0x0b, 0xff,
    0x40, 0x00, 0x00, 0x00, 0x00, 0x00, 0x00, 0x00,
    0x00, 0x00, 0x00, 0x00, 0x00, 0x0b, 0xff, 0x40,
    0x00, 0x00, 0x00, 0x00, 0x00, 0x00, 0x00, 0x00,
    0x00, 0x88, 0x88, 0x88, 0x8e, 0xff, 0xa8, 0x88,
    0x88, 0x88, 0x00, 0x00, 0x00, 0x00, 0x00, 0x01,
    0xff, 0xff, 0xff, 0xff, 0xff, 0xff, 0xff, 0xff,
    0xff, 0x00, 0x00, 0x00, 0x00, 0x00, 0x00, 0xff,
    0xff, 0xff, 0xff, 0xff, 0xff, 0xff, 0xff, 0xfe,
    0x00, 0x00, 0x00, 0x00, 0x00, 0x00, 0x00, 0x00,
    0x00, 0x0b, 0xff, 0x40, 0x00, 0x00, 0x00, 0x00,
    0x00, 0x00, 0x00, 0x00, 0x00, 0x00, 0x00, 0x00,
    0x0b, 0xff, 0x40, 0x00, 0x00, 0x00, 0x00, 0x00,
    0x00, 0x00, 0x00, 0x00, 0x00, 0x00, 0x00, 0x0b,
    0xff, 0x40, 0x00, 0x00, 0x00, 0x00, 0x00, 0x00,
    0x00, 0x00, 0x00, 0x00, 0x00, 0x00, 0x0b, 0xff,
    0x40, 0x00, 0x00, 0x00, 0x00, 0x00, 0x00, 0x00,
    0xef, 0xff, 0xff, 0xff, 0xff, 0xff, 0xff, 0xff,
    0xff, 0xff, 0xff, 0xff, 0xfa, 0x00, 0x00, 0xff,
    0xff, 0xff, 0xff, 0xff, 0xff, 0xff, 0xff, 0xff,
    0xff, 0xff, 0xff, 0xfb, 0x00, 0x00, 0x89, 0x99,
    0x99, 0x99, 0x99, 0x99, 0x99, 0x99, 0x99, 0x99,
    0x99, 0x99, 0x96, 0x00,

    /* U+516B "八" */
    0x00, 0x00, 0x00, 0x00, 0x00, 0x00, 0x00, 0x00,
    0x00, 0x02, 0x00, 0x00, 0x00, 0x00, 0x00, 0x00,
    0x00, 0x00, 0x00, 0x16, 0x53, 0x00, 0x00, 0x08,
    0xff, 0x40, 0x00, 0x00, 0x00, 0x00, 0x00, 0x00,
    0x00, 0x00, 0x4f, 0xfd, 0x00, 0x00, 0x06, 0xff,
    0x50, 0x00, 0x00, 0x00, 0x00, 0x00, 0x00, 0x00,
    0x00, 0x6f, 0xfb, 0x00, 0x00, 0x05, 0xff, 0x70,
    0x00, 0x00, 0x00, 0x00, 0x00, 0x00, 0x00, 0x00,
    0x7f, 0xf9, 0x00, 0x00, 0x04, 0xff, 0x90, 0x00,
    0x00, 0x00, 0x00, 0x00, 0x00, 0x00, 0x00, 0x9f,
    0xf8, 0x00, 0x00, 0x02, 0xff, 0xb0, 0x00, 0x00,
    0x00, 0x00, 0x00, 0x00, 0x00, 0x00, 0xbf, 0xf5,
    0x00, 0x00, 0x00, 0xff, 0xd0, 0x00, 0x00, 0x00,
    0x00, 0x00, 0x00, 0x00, 0x00, 0xdf, 0xf3, 0x00,
    0x00, 0x00, 0xdf, 0xf0, 0x00, 0x00, 0x00, 0x00,
    0x00, 0x00, 0x00, 0x00, 0xff, 0xf1, 0x00, 0x00,
    0x00, 0xbf, 0xf3, 0x00, 0x00, 0x00, 0x00, 0x00,
    0x00, 0x00, 0x01, 0xff, 0xe0, 0x00, 0x00, 0x00,
    0x8f, 0xf6, 0x00, 0x00, 0x00, 0x00, 0x00, 0x00,
    0x00, 0x04, 0xff, 0xb0, 0x00, 0x00, 0x00, 0x5f,
    0xfa, 0x00, 0x00, 0x00, 0x00, 0x00, 0x00, 0x00,
    0x07, 0xff, 0x80, 0x00, 0x00, 0x00, 0x1f, 0xfe,
    0x00, 0x00, 0x00, 0x00, 0x00, 0x00, 0x00, 0x0b,
    0xff, 0x50, 0x00, 0x00, 0x00, 0x0d, 0xff, 0x20,
    0x00, 0x00, 0x00, 0x00, 0x00, 0x00, 0x0f, 0xff,
    0x10, 0x00, 0x00, 0x00, 0x09, 0xff, 0x70, 0x00,
    0x00, 0x00, 0x00, 0x00, 0x00, 0x3f, 0xfc, 0x00,
    0x00, 0x00, 0x00, 0x04, 0xff, 0xd0, 0x00, 0x00,
    0x00, 0x00, 0x00, 0x00, 0x8f, 0xf8, 0x00, 0x00,
    0x00, 0x00, 0x00, 0xef, 0xf3, 0x00, 0x00, 0x00,
    0x00, 0x00, 0x00, 0xef, 0xf3, 0x00, 0x00, 0x00,
    0x00, 0x00, 0x9f, 0xfa, 0x00, 0x00, 0x00, 0x00,
    0x00, 0x05, 0xff, 0xd0, 0x00, 0x00, 0x00, 0x00,
    0x00, 0x3f, 0xff, 0x10, 0x00, 0x00, 0x00, 0x00,
    0x0c, 0xff, 0x70, 0x00, 0x00, 0x00, 0x00, 0x00,
    0x0c, 0xff, 0x90, 0x00, 0x00, 0x00, 0x00, 0x4f,
    0xff, 0x00, 0x00, 0x00, 0x00, 0x00, 0x00, 0x04,
    0xff, 0xf3, 0x00, 0x00, 0x00, 0x00, 0xdf, 0xf8,
    0x00, 0x00, 0x00, 0x00, 0x00, 0x00, 0x00, 0xcf,
    0xfc, 0x00, 0x00, 0x00, 0x09, 0xff, 0xe0, 0x00,
    0x00, 0x00, 0x00, 0x00, 0x00, 0x00, 0x3f, 0xff,
    0x80, 0x00, 0x00, 0x6f, 0xff, 0x50, 0x00, 0x00,
    0x00, 0x00, 0x00, 0x00, 0x00, 0x08, 0xff, 0xf6,
    0x00, 0x05, 0xff, 0xfa, 0x00, 0x00, 0x00, 0x00,
    0x00, 0x00, 0x00, 0x00, 0x00, 0xcf, 0xff, 0x60,
    0x0c, 0xff, 0xc0, 0x00, 0x00, 0x00, 0x00, 0x00,
    0x00, 0x00, 0x00, 0x00, 0x1e, 0xff, 0xd1, 0x00,
    0xcd, 0x10, 0x00, 0x00, 0x00, 0x00, 0x00, 0x00,
    0x00, 0x00, 0x00, 0x02, 0xea, 0x00, 0x00, 0x11,
    0x00, 0x00, 0x00, 0x00, 0x00, 0x00, 0x00, 0x00,
    0x00, 0x00, 0x00, 0x10, 0x00,

    /* U+516D "六" */
    0x00, 0x00, 0x00, 0x00, 0x00, 0x00, 0x04, 0x10,
    0x00, 0x00, 0x00, 0x00, 0x00, 0x00, 0x00, 0x00,
    0x00, 0x00, 0x00, 0x07, 0xef, 0x90, 0x00, 0x00,
    0x00, 0x00, 0x00, 0x00, 0x00, 0x00, 0x00, 0x00,
    0x00, 0x06, 0xff, 0xf2, 0x00, 0x00, 0x00, 0x00,
    0x00, 0x00, 0x00, 0x00, 0x00, 0x00, 0x00, 0x00,
    0xef, 0xf9, 0x00, 0x00, 0x00, 0x00, 0x00, 0x00,
    0x00, 0x00, 0x00, 0x00, 0x00, 0x00, 0x7f, 0xff,
    0x10, 0x00, 0x00, 0x00, 0x00, 0x00, 0x00, 0x00,
    0x00, 0x00, 0x00, 0x00, 0x1f, 0xff, 0x80, 0x00,
    0x00, 0x00, 0x00, 0x00, 0x00, 0x00, 0x00, 0x00,
    0x00, 0x00, 0x09, 0xff, 0xc0, 0x00, 0x00, 0x00,
    0x00, 0x00, 0x00, 0x00, 0x00, 0x00, 0x00, 0x00,
    0x03, 0xa4, 0x00, 0x00, 0x00, 0x00, 0x00, 0x00,
    0x2c, 0xcc, 0xcc, 0xcc, 0xcc, 0xcc, 0xcc, 0xcc,
    0xcc, 0xcc, 0xcc, 0xcc, 0xcc, 0xc8, 0x3f, 0xff,
    0xff, 0xff, 0xff, 0xff, 0xff, 0xff, 0xff, 0xff,
    0xff, 0xff, 0xff, 0xfb, 0x3f, 0xff, 0xff, 0xff,
    0xff, 0xff, 0xff, 0xff, 0xff, 0xff, 0xff, 0xff,
    0xff, 0xfb, 0x02, 0x22, 0x22, 0x22, 0x22, 0x22,
    0x22, 0x22, 0x22, 0x22, 0x22, 0x22, 0x22, 0x22,
    0x00, 0x00, 0x00, 0x00, 0x00, 0x00, 0x00, 0x00,
    0x00, 0x00, 0x00, 0x00, 0x00, 0x00, 0x00, 0x00,
    0x00, 0x00, 0x00, 0x00, 0x00, 0x00, 0x00, 0x00,
    0x00, 0x00, 0x00, 0x00, 0x00, 0x00, 0x00, 0x00,
    0x95, 0x00, 0x00, 0x00, 0x00, 0x7c, 0x10, 0x00,
    0x00, 0x00, 0x00, 0x00, 0x00, 0x05, 0xff, 0xf3,
    0x00, 0x00, 0x0d, 0xff, 0xa0, 0x00, 0x00, 0x00,
    0x00, 0x00, 0x00, 0x0d, 0xff, 0xc0, 0x00, 0x00,
    0x04, 0xff, 0xf5, 0x00, 0x00, 0x00, 0x00, 0x00,
    0x00, 0x6f, 0xff, 0x40, 0x00, 0x00, 0x00, 0xaf,
    0xff, 0x10, 0x00, 0x00, 0x00, 0x00, 0x01, 0xef,
    0xfb, 0x00, 0x00, 0x00, 0x00, 0x1e, 0xff, 0xb0,
    0x00, 0x00, 0x00, 0x00, 0x09, 0xff, 0xf2, 0x00,
    0x00, 0x00, 0x00, 0x05, 0xff, 0xf6, 0x00, 0x00,
    0x00, 0x00, 0x3f, 0xff, 0x80, 0x00, 0x00, 0x00,
    0x00, 0x00, 0xaf, 0xff, 0x20, 0x00, 0x00, 0x00,
    0xdf, 0xfe, 0x00, 0x00, 0x00, 0x00, 0x00, 0x00,
    0x1e, 0xff, 0xc0, 0x00, 0x00, 0x09, 0xff, 0xf5,
    0x00, 0x00, 0x00, 0x00, 0x00, 0x00, 0x06, 0xff,
    0xf6, 0x00, 0x00, 0x5f, 0xff, 0xa0, 0x00, 0x00,
    0x00, 0x00, 0x00, 0x00, 0x00, 0xcf, 0xff, 0x10,
    0x03, 0xff, 0xfe, 0x10, 0x00, 0x00, 0x00, 0x00,
    0x00, 0x00, 0x00, 0x2f, 0xff, 0xb0, 0x1e, 0xff,
    0xf4, 0x00, 0x00, 0x00, 0x00, 0x00, 0x00, 0x00,
    0x00, 0x08, 0xff, 0xf5, 0x2c, 0xff, 0x80, 0x00,
    0x00, 0x00, 0x00, 0x00, 0x00, 0x00, 0x00, 0x00,
    0xef, 0xe5, 0x00, 0x8b, 0x00, 0x00, 0x00, 0x00,
    0x00, 0x00, 0x00, 0x00, 0x00, 0x00, 0x68, 0x00,
    0x00, 0x00, 0x00, 0x00, 0x00, 0x00, 0x00, 0x00,
    0x00, 0x00, 0x00, 0x00, 0x00, 0x00,

    /* U+5173 "关" */
    0x00, 0x00, 0x00, 0x00, 0x00, 0x00, 0x00, 0x00,
    0x00, 0x00, 0x10, 0x00, 0x00, 0x00, 0x00, 0x00,
    0x00, 0x06, 0xd7, 0x00, 0x00, 0x00, 0x00, 0x00,
    0x2f, 0xc7, 0x00, 0x00, 0x00, 0x00, 0x00, 0x02,
    0xff, 0xf3, 0x00, 0x00, 0x00, 0x00, 0x09, 0xff,
    0xd0, 0x00, 0x00, 0x00, 0x00, 0x00, 0x06, 0xff,
    0xd0, 0x00, 0x00, 0x00, 0x01, 0xff, 0xf4, 0x00,
    0x00, 0x00, 0x00, 0x00, 0x00, 0x0c, 0xff, 0x70,
    0x00, 0x00, 0x00, 0x9f, 0xfa, 0x00, 0x00, 0x00,
    0x00, 0x00, 0x00, 0x00, 0x3f, 0xfe, 0x00, 0x00,
    0x00, 0x2f, 0xff, 0x10, 0x00, 0x00, 0x00, 0x00,
    0x01, 0x11, 0x11, 0xcd, 0x41, 0x11, 0x11, 0x1b,
    0xff, 0x71, 0x11, 0x10, 0x00, 0x00, 0x00, 0xff,
    0xff, 0xff, 0xff, 0xff, 0xff, 0xff, 0xff, 0xff,
    0xff, 0xff, 0xa0, 0x00, 0x00, 0x0f, 0xff, 0xff,
    0xff, 0xff, 0xff, 0xff, 0xff, 0xff, 0xff, 0xff,
    0xfa, 0x00, 0x00, 0x00, 0xcc, 0xcc, 0xcc, 0xcc,
    0xcd, 0xff, 0xfc, 0xcc, 0xcc, 0xcc, 0xcc, 0x80,
    0x00, 0x00, 0x00, 0x00, 0x00, 0x00, 0x00, 0x5f,
    0xfe, 0x00, 0x00, 0x00, 0x00, 0x00, 0x00, 0x00,
    0x00, 0x00, 0x00, 0x00, 0x00, 0x05, 0xff, 0xe0,
    0x00, 0x00, 0x00, 0x00, 0x00, 0x00, 0x00, 0x00,
    0x00, 0x00, 0x00, 0x00, 0x5f, 0xfe, 0x00, 0x00,
    0x00, 0x00, 0x00, 0x00, 0x00, 0x00, 0x00, 0x00,
    0x00, 0x00, 0x05, 0xff, 0xe0, 0x00, 0x00, 0x00,
    0x00, 0x00, 0x00, 0x09, 0xaa, 0xaa, 0xaa, 0xaa,
    0xaa, 0xcf, 0xff, 0xaa, 0xaa, 0xaa, 0xaa, 0xaa,
    0xa3, 0x00, 0xef, 0xff, 0xff, 0xff, 0xff, 0xff,
    0xff, 0xff, 0xff, 0xff, 0xff, 0xff, 0xff, 0x40,
    0x0e, 0xff, 0xff, 0xff, 0xff, 0xff, 0xff, 0xff,
    0xff, 0xff, 0xff, 0xff, 0xff, 0xf4, 0x00, 0x22,
    0x22, 0x22, 0x22, 0x22, 0x3f, 0xff, 0xfd, 0x22,
    0x22, 0x22, 0x22, 0x22, 0x00, 0x00, 0x00, 0x00,
    0x00, 0x00, 0x08, 0xff, 0xff, 0xf7, 0x00, 0x00,
    0x00, 0x00, 0x00, 0x00, 0x00, 0x00, 0x00, 0x00,
    0x02, 0xff, 0xfc, 0xff, 0xf3, 0x00, 0x00, 0x00,
    0x00, 0x00, 0x00, 0x00, 0x00, 0x00, 0x01, 0xef,
    0xff, 0x28, 0xff, 0xf3, 0x00, 0x00, 0x00, 0x00,
    0x00, 0x00, 0x00, 0x00, 0x02, 0xef, 0xff, 0x70,
    0x0c, 0xff, 0xf4, 0x00, 0x00, 0x00, 0x00, 0x00,
    0x00, 0x00, 0x06, 0xff, 0xff, 0x90, 0x00, 0x1e,
    0xff, 0xf8, 0x00, 0x00, 0x00, 0x00, 0x00, 0x00,
    0x4c, 0xff, 0xff, 0x90, 0x00, 0x00, 0x2e, 0xff,
    0xfd, 0x50, 0x00, 0x00, 0x00, 0x05, 0xcf, 0xff,
    0xff, 0x50, 0x00, 0x00, 0x00, 0x1c, 0xff, 0xff,
    0xd7, 0x20, 0x03, 0xaf, 0xff, 0xff, 0xfa, 0x10,
    0x00, 0x00, 0x00, 0x00, 0x08, 0xff, 0xff, 0xff,
    0xb0, 0x1d, 0xff, 0xff, 0xb3, 0x00, 0x00, 0x00,
    0x00, 0x00, 0x00, 0x02, 0xbf, 0xff, 0xf3, 0x00,
    0x2f, 0xe8, 0x20, 0x00, 0x00, 0x00, 0x00, 0x00,
    0x00, 0x00, 0x00, 0x29, 0xe8, 0x00, 0x00, 0x20,
    0x00, 0x00, 0x00, 0x00, 0x00, 0x00, 0x00, 0x00,
    0x00, 0x00, 0x00, 0x00, 0x00,

    /* U+5185 "内" */
    0x00, 0x00, 0x00, 0x00, 0x00, 0x00, 0x11, 0x10,
    0x00, 0x00, 0x00, 0x00, 0x00, 0x00, 0x00, 0x00,
    0x00, 0x00, 0x01, 0xff, 0xd0, 0x00, 0x00, 0x00,
    0x00, 0x00, 0x00, 0x00, 0x00, 0x00, 0x00, 0x01,
    0xff, 0xd0, 0x00, 0x00, 0x00, 0x00, 0x00, 0x00,
    0x00, 0x00, 0x00, 0x00, 0x01, 0xff, 0xd0, 0x00,
    0x00, 0x00, 0x00, 0x00, 0x00, 0x00, 0x00, 0x00,
    0x00, 0x01, 0xff, 0xd0, 0x00, 0x00, 0x00, 0x00,
    0x00, 0x00, 0x00, 0x00, 0x00, 0x00, 0x02, 0xff,
    0xd0, 0x00, 0x00, 0x00, 0x11, 0x00, 0x1f, 0xff,
    0xff, 0xff, 0xff, 0xff, 0xff, 0xff, 0xff, 0xff,
    0xff, 0xff, 0xf7, 0x1f, 0xff, 0xff, 0xff, 0xff,
    0xff, 0xff, 0xff, 0xff, 0xff, 0xff, 0xff, 0xf7,
    0x1f, 0xff, 0xcc, 0xcc, 0xcc, 0xcc, 0xff, 0xfc,
    0xcc, 0xcc, 0xcc, 0xdf, 0xf7, 0x1f, 0xfc, 0x00,
    0x00, 0x00, 0x03, 0xff, 0xb0, 0x00, 0x00, 0x00,
    0x5f, 0xf7, 0x1f, 0xfc, 0x00, 0x00, 0x00, 0x05,
    0xff, 0x90, 0x00, 0x00, 0x00, 0x5f, 0xf7, 0x1f,
    0xfc, 0x00, 0x00, 0x00, 0x08, 0xff, 0x60, 0x00,
    0x00, 0x00, 0x5f, 0xf7, 0x1f, 0xfc, 0x00, 0x00,
    0x00, 0x0c, 0xff, 0x90, 0x00, 0x00, 0x00, 0x5f,
    0xf7, 0x1f, 0xfc, 0x00, 0x00, 0x00, 0x2f, 0xff,
    0xfa, 0x00, 0x00, 0x00, 0x5f, 0xf7, 0x1f, 0xfc,
    0x00, 0x00, 0x00, 0xaf, 0xff, 0xff, 0xb0, 0x00,
    0x00, 0x5f, 0xf7, 0x1f, 0xfc, 0x00, 0x00, 0x03,
    0xff, 0xf3, 0xdf, 0xfc, 0x10, 0x00, 0x5f, 0xf7,
    0x1f, 0xfc, 0x00, 0x00, 0x1e, 0xff, 0x70, 0x1d,
    0xff, 0xd1, 0x00, 0x5f, 0xf7, 0x1f, 0xfc, 0x00,
    0x01, 0xdf, 0xfc, 0x00, 0x01, 0xdf, 0xfd, 0x10,
    0x5f, 0xf7, 0x1f, 0xfc, 0x00, 0x4e, 0xff, 0xd1,
    0x00, 0x00, 0x1d, 0xff, 0xd1, 0x5f, 0xf7, 0x1f,
    0xfc, 0x19, 0xff, 0xfd, 0x20, 0x00, 0x00, 0x01,
    0xdf, 0xfc, 0x6f, 0xf7, 0x1f, 0xfc, 0x5f, 0xff,
    0xb1, 0x00, 0x00, 0x00, 0x00, 0x2e, 0xf7, 0x5f,
    0xf7, 0x1f, 0xfc, 0x04, 0xe6, 0x00, 0x00, 0x00,
    0x00, 0x00, 0x03, 0x40, 0x5f, 0xf7, 0x1f, 0xfc,
    0x00, 0x00, 0x00, 0x00, 0x00, 0x00, 0x00, 0x00,
    0x00, 0x5f, 0xf7, 0x1f, 0xfc, 0x00, 0x00, 0x00,
    0x00, 0x00, 0x00, 0x00, 0x00, 0x00, 0x5f, 0xf7,
    0x1f, 0xfc, 0x00, 0x00, 0x00, 0x00, 0x00, 0x00,
    0x00, 0x00, 0x00, 0x5f, 0xf7, 0x1f, 0xfc, 0x00,
    0x00, 0x00, 0x00, 0x00, 0x00, 0x05, 0xdd, 0xdd,
    0xff, 0xf6, 0x1f, 0xfc, 0x00, 0x00, 0x00, 0x00,
    0x00, 0x00, 0x01, 0xff, 0xff, 0xff, 0xf1, 0x1f,
    0xfc, 0x00, 0x00, 0x00, 0x00, 0x00, 0x00, 0x00,
    0xbe, 0xee, 0xc9, 0x30,

    /* U+51FA "出" */
    0x00, 0x00, 0x00, 0x00, 0x00, 0x03, 0x44, 0x10,
    0x00, 0x00, 0x00, 0x00, 0x00, 0x00, 0x00, 0x00,
    0x00, 0x00, 0x0e, 0xff, 0x40, 0x00, 0x00, 0x00,
    0x00, 0x00, 0x00, 0x00, 0x00, 0x00, 0x00, 0x0e,
    0xff, 0x40, 0x00, 0x00, 0x00, 0x00, 0x00, 0x00,
    0x7a, 0xa3, 0x00, 0x00, 0x0e, 0xff, 0x40, 0x00,
    0x00, 0x2a, 0xa9, 0x00, 0x00, 0xbf, 0xf4, 0x00,
    0x00, 0x0e, 0xff, 0x40, 0x00, 0x00, 0x3f, 0xfe,
    0x00, 0x00, 0xbf, 0xf4, 0x00, 0x00, 0x0e, 0xff,
    0x40, 0x00, 0x00, 0x3f, 0xfe, 0x00, 0x00, 0xbf,
    0xf4, 0x00, 0x00, 0x0e, 0xff, 0x40, 0x00, 0x00,
    0x3f, 0xfe, 0x00, 0x00, 0xbf, 0xf4, 0x00, 0x00,
    0x0e, 0xff, 0x40, 0x00, 0x00, 0x3f, 0xfe, 0x00,
    0x00, 0xbf, 0xf4, 0x00, 0x00, 0x0e, 0xff, 0x40,
    0x00, 0x00, 0x3f, 0xfe, 0x00, 0x00, 0xbf, 0xf4,
    0x00, 0x00, 0x0e, 0xff, 0x40, 0x00, 0x00, 0x3f,
    0xfe, 0x00, 0x00, 0xbf, 0xf4, 0x00, 0x00, 0x0e,
    0xff, 0x40, 0x00, 0x00, 0x3f, 0xfe, 0x00, 0x00,
    0xbf, 0xfd, 0xcc, 0xcc, 0xcf, 0xff, 0xdc, 0xcc,
    0xcc, 0xdf, 0xfe, 0x00, 0x00, 0xbf, 0xff, 0xff,
    0xff, 0xff, 0xff, 0xff, 0xff, 0xff, 0xff, 0xfe,
    0x00, 0x00, 0xaf, 0xff, 0xff, 0xff, 0xff, 0xff,
    0xff, 0xff, 0xff, 0xff, 0xfe, 0x00, 0x00, 0x00,
    0x00, 0x00, 0x00, 0x0e, 0xff, 0x40, 0x00, 0x00,
    0x00, 0x00, 0x00, 0x04, 0x44, 0x00, 0x00, 0x00,
    0x0e, 0xff, 0x40, 0x00, 0x00, 0x00, 0x55, 0x50,
    0x2f, 0xff, 0x00, 0x00, 0x00, 0x0e, 0xff, 0x40,
    0x00, 0x00, 0x00, 0xff, 0xf2, 0x2f, 0xff, 0x00,
    0x00, 0x00, 0x0e, 0xff, 0x40, 0x00, 0x00, 0x00,
    0xff, 0xf2, 0x2f, 0xff, 0x00, 0x00, 0x00, 0x0e,
    0xff, 0x40, 0x00, 0x00, 0x00, 0xff, 0xf2, 0x2f,
    0xff, 0x00, 0x00, 0x00, 0x0e, 0xff, 0x40, 0x00,
    0x00, 0x00, 0xff, 0xf2, 0x2f, 0xff, 0x00, 0x00,
    0x00, 0x0e, 0xff, 0x40, 0x00, 0x00, 0x00, 0xff,
    0xf2, 0x2f, 0xff, 0x00, 0x00, 0x00, 0x0e, 0xff,
    0x40, 0x00, 0x00, 0x00, 0xff, 0xf2, 0x2f, 0xff,
    0x00, 0x00, 0x00, 0x0e, 0xff, 0x40, 0x00, 0x00,
    0x00, 0xff, 0xf2, 0x2f, 0xff, 0x00, 0x00, 0x00,
    0x0e, 0xff, 0x40, 0x00, 0x00, 0x00, 0xff, 0xf2,
    0x2f, 0xff, 0xff, 0xff, 0xff, 0xff, 0xff, 0xff,
    0xff, 0xff, 0xff, 0xff, 0xf2, 0x2f, 0xff, 0xff,
    0xff, 0xff, 0xff, 0xff, 0xff, 0xff, 0xff, 0xff,
    0xff, 0xf2, 0x1d, 0xdd, 0xdd, 0xdd, 0xdd, 0xdd,
    0xdd, 0xdd, 0xdd, 0xdd, 0xdd, 0xff, 0xf2, 0x00,
    0x00, 0x00, 0x00, 0x00, 0x00, 0x00, 0x00, 0x00,
    0x00, 0x00, 0xff, 0xf2,

    /* U+5230 "到" */
    0x00, 0x00, 0x00, 0x00, 0x00, 0x00, 0x00, 0x00,
    0x00, 0x00, 0x00, 0x00, 0x22, 0x10, 0x00, 0x00,
    0x00, 0x00, 0x00, 0x00, 0x00, 0x00, 0x00, 0x00,
    0x00, 0x1f, 0xfa, 0x0a, 0xaa, 0xaa, 0xaa, 0xaa,
    0xaa, 0xaa, 0xaa, 0x50, 0x00, 0x00, 0x01, 0xff,
    0xa0, 0xff, 0xff, 0xff, 0xff, 0xff, 0xff, 0xff,
    0xf8, 0x0e, 0xe8, 0x00, 0x1f, 0xfa, 0x0d, 0xdd,
    0xdf, 0xff, 0xed, 0xdd, 0xdd, 0xdd, 0x70, 0xff,
    0xa0, 0x01, 0xff, 0xa0, 0x00, 0x00, 0xef, 0xf2,
    0x00, 0x33, 0x00, 0x00, 0x0f, 0xfa, 0x00, 0x1f,
    0xfa, 0x00, 0x00, 0x7f, 0xf9, 0x00, 0x9f, 0xe1,
    0x00, 0x00, 0xff, 0xa0, 0x01, 0xff, 0xa0, 0x00,
    0x1e, 0xfe, 0x10, 0x04, 0xff, 0xa0, 0x00, 0x0f,
    0xfa, 0x00, 0x1f, 0xfa, 0x00, 0x09, 0xff, 0x60,
    0x00, 0x09, 0xff, 0x60, 0x00, 0xff, 0xa0, 0x01,
    0xff, 0xa0, 0x05, 0xff, 0xc1, 0x24, 0x56, 0x8f,
    0xff, 0x10, 0x0f, 0xfa, 0x00, 0x1f, 0xfa, 0x02,
    0xff, 0xff, 0xff, 0xff, 0xff, 0xff, 0xfa, 0x00,
    0xff, 0xa0, 0x01, 0xff, 0xa0, 0x0e, 0xff, 0xff,
    0xff, 0xff, 0xed, 0xdf, 0xf4, 0x0f, 0xfa, 0x00,
    0x1f, 0xfa, 0x00, 0x8c, 0x98, 0x64, 0x31, 0x00,
    0x02, 0xfa, 0x10, 0xff, 0xa0, 0x01, 0xff, 0xa0,
    0x00, 0x00, 0x00, 0x5b, 0xb1, 0x00, 0x03, 0x00,
    0x0f, 0xfa, 0x00, 0x1f, 0xfa, 0x00, 0x00, 0x00,
    0x08, 0xff, 0x20, 0x00, 0x00, 0x00, 0xff, 0xa0,
    0x01, 0xff, 0xa0, 0x00, 0x00, 0x00, 0x8f, 0xf2,
    0x00, 0x00, 0x00, 0x0f, 0xfa, 0x00, 0x1f, 0xfa,
    0x03, 0xcc, 0xcc, 0xce, 0xff, 0xdc, 0xcc, 0xcb,
    0x00, 0xff, 0xa0, 0x01, 0xff, 0xa0, 0x3f, 0xff,
    0xff, 0xff, 0xff, 0xff, 0xff, 0xe0, 0x0f, 0xfa,
    0x00, 0x1f, 0xfa, 0x02, 0xaa, 0xaa, 0xad, 0xff,
    0xba, 0xaa, 0xa9, 0x00, 0xff, 0xa0, 0x01, 0xff,
    0xa0, 0x00, 0x00, 0x00, 0x8f, 0xf2, 0x00, 0x00,
    0x00, 0x0f, 0xfa, 0x00, 0x1f, 0xfa, 0x00, 0x00,
    0x00, 0x08, 0xff, 0x20, 0x00, 0x00, 0x00, 0xff,
    0xa0, 0x01, 0xff, 0xa0, 0x00, 0x00, 0x00, 0x8f,
    0xf2, 0x00, 0x00, 0x31, 0x05, 0x53, 0x00, 0x1f,
    0xfa, 0x00, 0x00, 0x00, 0x08, 0xff, 0x67, 0xad,
    0xff, 0x40, 0x00, 0x00, 0x01, 0xff, 0xa0, 0x00,
    0x02, 0x58, 0xdf, 0xff, 0xff, 0xff, 0xf5, 0x00,
    0x00, 0x00, 0x1f, 0xfa, 0x2a, 0xdf, 0xff, 0xff,
    0xff, 0xff, 0xfd, 0xa7, 0x20, 0x00, 0x00, 0x01,
    0xff, 0xa1, 0xff, 0xff, 0xff, 0xfd, 0xa7, 0x41,
    0x00, 0x00, 0x00, 0x6b, 0xbb, 0xcf, 0xf9, 0x0d,
    0xfd, 0x96, 0x30, 0x00, 0x00, 0x00, 0x00, 0x00,
    0x01, 0xff, 0xff, 0xff, 0x50, 0x10, 0x00, 0x00,
    0x00, 0x00, 0x00, 0x00, 0x00, 0x00, 0x0c, 0xff,
    0xdb, 0x50,

    /* U+5236 "制" */
    0x00, 0x00, 0x00, 0x00, 0x12, 0x20, 0x00, 0x00,
    0x00, 0x00, 0x00, 0x00, 0x00, 0x00, 0x00, 0x01,
    0x96, 0x10, 0xaf, 0xf1, 0x00, 0x00, 0x00, 0x00,
    0x00, 0x00, 0x0b, 0xfe, 0x00, 0x06, 0xff, 0x50,
    0xaf, 0xf1, 0x00, 0x00, 0x00, 0x00, 0x00, 0x00,
    0x0c, 0xff, 0x00, 0x0a, 0xff, 0x10, 0xaf, 0xf1,
    0x00, 0x00, 0x00, 0x00, 0xbb, 0x60, 0x0c, 0xff,
    0x00, 0x0e, 0xfe, 0x33, 0xbf, 0xf4, 0x33, 0x33,
    0x20, 0x01, 0xff, 0x90, 0x0c, 0xff, 0x00, 0x4f,
    0xff, 0xff, 0xff, 0xff, 0xff, 0xff, 0xd0, 0x01,
    0xff, 0x90, 0x0c, 0xff, 0x00, 0xaf, 0xff, 0xff,
    0xff, 0xff, 0xff, 0xff, 0xd0, 0x01, 0xff, 0x90,
    0x0c, 0xff, 0x02, 0xff, 0xc6, 0x66, 0xcf, 0xf6,
    0x66, 0x66, 0x50, 0x01, 0xff, 0x90, 0x0c, 0xff,
    0x0a, 0xff, 0x50, 0x00, 0xaf, 0xf1, 0x00, 0x00,
    0x00, 0x01, 0xff, 0x90, 0x0c, 0xff, 0x05, 0xcd,
    0x00, 0x00, 0xaf, 0xf1, 0x00, 0x00, 0x00, 0x01,
    0xff, 0x90, 0x0c, 0xff, 0x0a, 0xde, 0xdd, 0xdd,
    0xff, 0xfe, 0xdd, 0xdd, 0xdd, 0x01, 0xff, 0x90,
    0x0c, 0xff, 0x0c, 0xff, 0xff, 0xff, 0xff, 0xff,
    0xff, 0xff, 0xff, 0x11, 0xff, 0x90, 0x0c, 0xff,
    0x09, 0xcc, 0xcc, 0xcc, 0xef, 0xfc, 0xcc, 0xcc,
    0xcc, 0x01, 0xff, 0x90, 0x0c, 0xff, 0x00, 0x00,
    0x00, 0x00, 0xaf, 0xf1, 0x00, 0x00, 0x00, 0x01,
    0xff, 0x90, 0x0c, 0xff, 0x00, 0x00, 0x00, 0x00,
    0xaf, 0xf1, 0x00, 0x00, 0x00, 0x01, 0xff, 0x90,
    0x0c, 0xff, 0x00, 0x49, 0x99, 0x99, 0xdf, 0xfa,
    0x99, 0xab, 0x93, 0x01, 0xff, 0x90, 0x0c, 0xff,
    0x00, 0x7f, 0xff, 0xff, 0xff, 0xff, 0xff, 0xff,
    0xf5, 0x01, 0xff, 0x90, 0x0c, 0xff, 0x00, 0x7f,
    0xff, 0xff, 0xff, 0xff, 0xff, 0xff, 0xf5, 0x01,
    0xff, 0x90, 0x0c, 0xff, 0x00, 0x7f, 0xf1, 0x00,
    0xaf, 0xf1, 0x00, 0x3f, 0xf5, 0x01, 0xff, 0x90,
    0x0c, 0xff, 0x00, 0x7f, 0xf1, 0x00, 0xaf, 0xf1,
    0x00, 0x3f, 0xf5, 0x01, 0xff, 0x90, 0x0c, 0xff,
    0x00, 0x7f, 0xf1, 0x00, 0xaf, 0xf1, 0x00, 0x3f,
    0xf5, 0x00, 0x00, 0x00, 0x0c, 0xff, 0x00, 0x7f,
    0xf1, 0x00, 0xaf, 0xf1, 0x00, 0x3f, 0xf5, 0x00,
    0x00, 0x00, 0x0c, 0xff, 0x00, 0x7f, 0xf1, 0x00,
    0xaf, 0xf1, 0x00, 0x3f, 0xf5, 0x00, 0x00, 0x00,
    0x0c, 0xff, 0x00, 0x7f, 0xf1, 0x00, 0xaf, 0xf1,
    0x33, 0x6f, 0xf5, 0x00, 0x00, 0x00, 0x0c, 0xff,
    0x00, 0x7f, 0xf1, 0x00, 0xaf, 0xf1, 0xcf, 0xff,
    0xf3, 0x00, 0x00, 0x00, 0x0c, 0xff, 0x00, 0x7f,
    0xf1, 0x00, 0xaf, 0xf1, 0x7f, 0xff, 0xa0, 0x00,
    0x0d, 0xee, 0xef, 0xfe, 0x00, 0x01, 0x10, 0x00,
    0xaf, 0xf1, 0x13, 0x20, 0x00, 0x00, 0x0a, 0xff,
    0xff, 0xf9, 0x00, 0x00, 0x00, 0x00, 0xaf, 0xf1,
    0x00, 0x00, 0x00, 0x00, 0x06, 0xff, 0xec, 0x70,
    0x00, 0x00, 0x00, 0x00, 0x00, 0x00, 0x00, 0x00,
    0x00, 0x00, 0x00, 0x00, 0x00, 0x00,

    /* U+52A8 "动" */
    0x00, 0x00, 0x00, 0x00, 0x00, 0x00, 0x00, 0x00,
    0x00, 0x9d, 0xd0, 0x00, 0x00, 0x00, 0x00, 0x00,
    0x00, 0x00, 0x00, 0x00, 0x00, 0x00, 0x00, 0xcf,
    0xf0, 0x00, 0x00, 0x00, 0x04, 0xff, 0xff, 0xff,
    0xff, 0xff, 0xf5, 0x00, 0x00, 0xcf, 0xf0, 0x00,
    0x00, 0x00, 0x04, 0xff, 0xff, 0xff, 0xff, 0xff,
    0xf6, 0x00, 0x00, 0xcf, 0xf0, 0x00, 0x00, 0x00,
    0x02, 0x99, 0x99, 0x99, 0x99, 0x99, 0x93, 0x00,
    0x00, 0xcf, 0xf0, 0x00, 0x00, 0x00, 0x00, 0x00,
    0x00, 0x00, 0x00, 0x00, 0x00, 0x00, 0x00, 0xdf,
    0xf0, 0x00, 0x00, 0x00, 0x00, 0x00, 0x00, 0x00,
    0x00, 0x00, 0x00, 0x6a, 0xaa, 0xff, 0xfa, 0xaa,
    0xac, 0xa3, 0x00, 0x00, 0x00, 0x00, 0x00, 0x00,
    0x00, 0xbf, 0xff, 0xff, 0xff, 0xff, 0xff, 0xf6,
    0x00, 0x00, 0x00, 0x00, 0x00, 0x00, 0x00, 0xbf,
    0xff, 0xff, 0xff, 0xff, 0xff, 0xf5, 0x5f, 0xff,
    0xff, 0xff, 0xff, 0xff, 0xfe, 0x01, 0x11, 0xff,
    0xd1, 0x11, 0x8f, 0xf5, 0x5f, 0xff, 0xff, 0xff,
    0xff, 0xff, 0xfe, 0x00, 0x00, 0xff, 0xc0, 0x00,
    0x7f, 0xf4, 0x3a, 0xaa, 0xcf, 0xfd, 0xaa, 0xaa,
    0xa9, 0x00, 0x01, 0xff, 0xa0, 0x00, 0x8f, 0xf4,
    0x00, 0x00, 0x8f, 0xf5, 0x00, 0x00, 0x00, 0x00,
    0x03, 0xff, 0x90, 0x00, 0x9f, 0xf3, 0x00, 0x00,
    0xcf, 0xf1, 0x00, 0x00, 0x00, 0x00, 0x04, 0xff,
    0x70, 0x00, 0x9f, 0xf2, 0x00, 0x01, 0xff, 0xc0,
    0x04, 0xbe, 0x00, 0x00, 0x07, 0xff, 0x50, 0x00,
    0xaf, 0xf2, 0x00, 0x05, 0xff, 0x70, 0x03, 0xff,
    0x50, 0x00, 0x09, 0xff, 0x30, 0x00, 0xaf, 0xf1,
    0x00, 0x0a, 0xff, 0x20, 0x00, 0xdf, 0xc0, 0x00,
    0x0d, 0xff, 0x00, 0x00, 0xbf, 0xf0, 0x00, 0x0f,
    0xfc, 0x00, 0x00, 0x7f, 0xf2, 0x00, 0x1f, 0xfd,
    0x00, 0x00, 0xcf, 0xf0, 0x00, 0x5f, 0xf6, 0x00,
    0x00, 0x3f, 0xf8, 0x00, 0x5f, 0xf9, 0x00, 0x00,
    0xdf, 0xe0, 0x00, 0xcf, 0xf1, 0x37, 0xae, 0xff,
    0xfe, 0x00, 0xaf, 0xf5, 0x00, 0x00, 0xef, 0xd0,
    0x04, 0xff, 0xff, 0xff, 0xff, 0xff, 0xff, 0x31,
    0xff, 0xf0, 0x00, 0x00, 0xff, 0xc0, 0x0e, 0xff,
    0xff, 0xff, 0xea, 0x64, 0xff, 0x88, 0xff, 0xa0,
    0x00, 0x02, 0xff, 0xa0, 0x0a, 0xff, 0xea, 0x62,
    0x00, 0x00, 0xa7, 0x3f, 0xff, 0x30, 0x00, 0x05,
    0xff, 0x90, 0x04, 0x83, 0x00, 0x00, 0x00, 0x00,
    0x00, 0xcf, 0xfb, 0x00, 0x00, 0x0a, 0xff, 0x60,
    0x00, 0x00, 0x00, 0x00, 0x00, 0x00, 0x09, 0xff,
    0xf2, 0x3c, 0xbb, 0xcf, 0xff, 0x20, 0x00, 0x00,
    0x00, 0x00, 0x00, 0x00, 0x1c, 0xff, 0x70, 0x0e,
    0xff, 0xff, 0xfb, 0x00, 0x00, 0x00, 0x00, 0x00,
    0x00, 0x00, 0x00, 0xc9, 0x00, 0x0a, 0xff, 0xfe,
    0x90, 0x00, 0x00, 0x00, 0x00, 0x00, 0x00, 0x00,
    0x00, 0x10, 0x00, 0x00, 0x00, 0x00, 0x00, 0x00,

    /* U+52FF "勿" */
    0x00, 0x00, 0x00, 0x00, 0x40, 0x00, 0x00, 0x00,
    0x00, 0x00, 0x00, 0x00, 0x00, 0x00, 0x00, 0x00,
    0x00, 0x00, 0x4f, 0xfa, 0x00, 0x00, 0x00, 0x00,
    0x00, 0x00, 0x00, 0x00, 0x00, 0x00, 0x00, 0x00,
    0x0a, 0xff, 0x80, 0x00, 0x00, 0x00, 0x00, 0x00,
    0x00, 0x00, 0x00, 0x00, 0x00, 0x00, 0x00, 0xff,
    0xf2, 0x00, 0x00, 0x00, 0x00, 0x00, 0x00, 0x00,
    0x00, 0x00, 0x00, 0x00, 0x00, 0x5f, 0xfc, 0x00,
    0x00, 0x00, 0x00, 0x00, 0x00, 0x00, 0x00, 0x00,
    0x00, 0x00, 0x00, 0x0c, 0xff, 0xec, 0xcc, 0xcc,
    0xcc, 0xcc, 0xcc, 0xcc, 0xcc, 0xcc, 0xc0, 0x00,
    0x00, 0x04, 0xff, 0xff, 0xff, 0xff, 0xff, 0xff,
    0xff, 0xff, 0xff, 0xff, 0xff, 0x00, 0x00, 0x00,
    0xcf, 0xff, 0xff, 0xff, 0xff, 0xff, 0xff, 0xff,
    0xff, 0xff, 0xff, 0xf0, 0x00, 0x00, 0x4f, 0xff,
    0x10, 0x06, 0xff, 0xb0, 0x00, 0x7f, 0xf8, 0x00,
    0x0f, 0xfe, 0x00, 0x00, 0x0d, 0xff, 0x70, 0x00,
    0xaf, 0xf5, 0x00, 0x0a, 0xff, 0x40, 0x00, 0xff,
    0xe0, 0x00, 0x09, 0xff, 0xe0, 0x00, 0x1f, 0xff,
    0x00, 0x00, 0xdf, 0xf1, 0x00, 0x0f, 0xfd, 0x00,
    0x04, 0xff, 0xf5, 0x00, 0x07, 0xff, 0x90, 0x00,
    0x1f, 0xfd, 0x00, 0x01, 0xff, 0xc0, 0x02, 0xff,
    0xfa, 0x00, 0x00, 0xdf, 0xf3, 0x00, 0x05, 0xff,
    0x80, 0x00, 0x1f, 0xfb, 0x00, 0xcf, 0xfe, 0x10,
    0x00, 0x5f, 0xfc, 0x00, 0x00, 0xaf, 0xf4, 0x00,
    0x02, 0xff, 0xa0, 0x01, 0xaf, 0x30, 0x00, 0x0d,
    0xff, 0x40, 0x00, 0x0f, 0xff, 0x00, 0x00, 0x3f,
    0xf9, 0x00, 0x00, 0x20, 0x00, 0x06, 0xff, 0xc0,
    0x00, 0x05, 0xff, 0xa0, 0x00, 0x04, 0xff, 0x80,
    0x00, 0x00, 0x00, 0x01, 0xff, 0xf4, 0x00, 0x00,
    0xbf, 0xf4, 0x00, 0x00, 0x6f, 0xf7, 0x00, 0x00,
    0x00, 0x00, 0xaf, 0xfa, 0x00, 0x00, 0x2f, 0xfe,
    0x00, 0x00, 0x07, 0xff, 0x60, 0x00, 0x00, 0x00,
    0x6f, 0xff, 0x10, 0x00, 0x09, 0xff, 0x80, 0x00,
    0x00, 0x8f, 0xf5, 0x00, 0x00, 0x00, 0x3f, 0xff,
    0x60, 0x00, 0x01, 0xff, 0xf1, 0x00, 0x00, 0x0a,
    0xff, 0x30, 0x00, 0x00, 0x2e, 0xff, 0xa0, 0x00,
    0x00, 0xaf, 0xf9, 0x00, 0x00, 0x00, 0xcf, 0xf2,
    0x00, 0x00, 0x3e, 0xff, 0xd0, 0x00, 0x00, 0x4f,
    0xff, 0x10, 0x00, 0x00, 0x0e, 0xff, 0x00, 0x00,
    0x4f, 0xff, 0xe1, 0x00, 0x00, 0x1e, 0xff, 0x80,
    0x00, 0x00, 0x01, 0xff, 0xd0, 0x00, 0x02, 0xcf,
    0xe2, 0x00, 0x00, 0x0b, 0xff, 0xd0, 0x00, 0x00,
    0x00, 0x5f, 0xfb, 0x00, 0x00, 0x00, 0x92, 0x00,
    0x00, 0x09, 0xff, 0xf3, 0x00, 0x00, 0x00, 0x0c,
    0xff, 0x70, 0x00, 0x00, 0x00, 0x00, 0x00, 0x0a,
    0xff, 0xf7, 0x00, 0x0c, 0xcc, 0xbd, 0xff, 0xf2,
    0x00, 0x00, 0x00, 0x00, 0x00, 0x01, 0xcf, 0xf9,
    0x00, 0x00, 0x9f, 0xff, 0xff, 0xf9, 0x00, 0x00,
    0x00, 0x00, 0x00, 0x00, 0x00, 0x89, 0x00, 0x00,
    0x05, 0xff, 0xff, 0xd7, 0x00, 0x00, 0x00, 0x00,
    0x00, 0x00, 0x00, 0x00, 0x00, 0x00, 0x00, 0x00,
    0x00, 0x00, 0x00, 0x00, 0x00,

    /* U+5341 "十" */
    0x00, 0x00, 0x00, 0x00, 0x00, 0x00, 0x01, 0x11,
    0x00, 0x00, 0x00, 0x00, 0x00, 0x00, 0x00, 0x00,
    0x00, 0x00, 0x00, 0x00, 0x4f, 0xfd, 0x00, 0x00,
    0x00, 0x00, 0x00, 0x00, 0x00, 0x00, 0x00, 0x00,
    0x00, 0x00, 0x4f, 0xfd, 0x00, 0x00, 0x00, 0x00,
    0x00, 0x00, 0x00, 0x00, 0x00, 0x00, 0x00, 0x00,
    0x4f, 0xfd, 0x00, 0x00, 0x00, 0x00, 0x00, 0x00,
    0x00, 0x00, 0x00, 0x00, 0x00, 0x00, 0x4f, 0xfd,
    0x00, 0x00, 0x00, 0x00, 0x00, 0x00, 0x00, 0x00,
    0x00, 0x00, 0x00, 0x00, 0x4f, 0xfd, 0x00, 0x00,
    0x00, 0x00, 0x00, 0x00, 0x00, 0x00, 0x00, 0x00,
    0x00, 0x00, 0x4f, 0xfd, 0x00, 0x00, 0x00, 0x00,
    0x00, 0x00, 0x00, 0x00, 0x00, 0x00, 0x00, 0x00,
    0x4f, 0xfd, 0x00, 0x00, 0x00, 0x00, 0x00, 0x00,
    0x00, 0x00, 0x00, 0x00, 0x00, 0x00, 0x4f, 0xfd,
    0x00, 0x00, 0x00, 0x00, 0x00, 0x00, 0x00, 0x00,
    0x00, 0x00, 0x00, 0x00, 0x4f, 0xfd, 0x00, 0x00,
    0x00, 0x00, 0x00, 0x00, 0x00, 0x00, 0x00, 0x00,
    0x00, 0x00, 0x4f, 0xfd, 0x00, 0x00, 0x00, 0x00,
    0x00, 0x00, 0x01, 0x11, 0x11, 0x11, 0x11, 0x11,
    0x5f, 0xfd, 0x11, 0x11, 0x11, 0x11, 0x11, 0x10,
    0x3f, 0xff, 0xff, 0xff, 0xff, 0xff, 0xff, 0xff,
    0xff, 0xff, 0xff, 0xff, 0xff, 0xfe, 0x3f, 0xff,
    0xff, 0xff, 0xff, 0xff, 0xff, 0xff, 0xff, 0xff,
    0xff, 0xff, 0xff, 0xfe, 0x3e, 0xee, 0xee, 0xee,
    0xee, 0xee, 0xef, 0xff, 0xee, 0xee, 0xee, 0xee,
    0xee, 0xec, 0x00, 0x00, 0x00, 0x00, 0x00, 0x00,
    0x4f, 0xfd, 0x00, 0x00, 0x00, 0x00, 0x00, 0x00,
    0x00, 0x00, 0x00, 0x00, 0x00, 0x00, 0x4f, 0xfd,
    0x00, 0x00, 0x00, 0x00, 0x00, 0x00, 0x00, 0x00,
    0x00, 0x00, 0x00, 0x00, 0x4f, 0xfd, 0x00, 0x00,
    0x00, 0x00, 0x00, 0x00, 0x00, 0x00, 0x00, 0x00,
    0x00, 0x00, 0x4f, 0xfd, 0x00, 0x00, 0x00, 0x00,
    0x00, 0x00, 0x00, 0x00, 0x00, 0x00, 0x00, 0x00,
    0x4f, 0xfd, 0x00, 0x00, 0x00, 0x00, 0x00, 0x00,
    0x00, 0x00, 0x00, 0x00, 0x00, 0x00, 0x4f, 0xfd,
    0x00, 0x00, 0x00, 0x00, 0x00, 0x00, 0x00, 0x00,
    0x00, 0x00, 0x00, 0x00, 0x4f, 0xfd, 0x00, 0x00,
    0x00, 0x00, 0x00, 0x00, 0x00, 0x00, 0x00, 0x00,
    0x00, 0x00, 0x4f, 0xfd, 0x00, 0x00, 0x00, 0x00,
    0x00, 0x00, 0x00, 0x00, 0x00, 0x00, 0x00, 0x00,
    0x4f, 0xfd, 0x00, 0x00, 0x00, 0x00, 0x00, 0x00,
    0x00, 0x00, 0x00, 0x00, 0x00, 0x00, 0x4f, 0xfd,
    0x00, 0x00, 0x00, 0x00, 0x00, 0x00, 0x00, 0x00,
    0x00, 0x00, 0x00, 0x00, 0x4f, 0xfd, 0x00, 0x00,
    0x00, 0x00, 0x00, 0x00, 0x00, 0x00, 0x00, 0x00,
    0x00, 0x00, 0x4f, 0xfd, 0x00, 0x00, 0x00, 0x00,
    0x00, 0x00, 0x00, 0x00, 0x00, 0x00, 0x00, 0x00,
    0x4f, 0xfd, 0x00, 0x00, 0x00, 0x00, 0x00, 0x00,

    /* U+5361 "卡" */
    0x00, 0x00, 0x00, 0x00, 0x00, 0x00, 0x88, 0x70,
    0x00, 0x00, 0x00, 0x00, 0x00, 0x00, 0x00, 0x00,
    0x00, 0x00, 0x00, 0x01, 0xff, 0xe0, 0x00, 0x00,
    0x00, 0x00, 0x00, 0x00, 0x00, 0x00, 0x00, 0x00,
    0x00, 0x01, 0xff, 0xe0, 0x00, 0x00, 0x00, 0x00,
    0x00, 0x00, 0x00, 0x00, 0x00, 0x00, 0x00, 0x01,
    0xff, 0xe0, 0x00, 0x00, 0x00, 0x00, 0x00, 0x00,
    0x00, 0x00, 0x00, 0x00, 0x00, 0x01, 0xff, 0xf9,
    0x99, 0x99, 0x99, 0x99, 0x70, 0x00, 0x00, 0x00,
    0x00, 0x00, 0x00, 0x01, 0xff, 0xff, 0xff, 0xff,
    0xff, 0xff, 0xc0, 0x00, 0x00, 0x00, 0x00, 0x00,
    0x00, 0x01, 0xff, 0xff, 0xff, 0xff, 0xff, 0xff,
    0xc0, 0x00, 0x00, 0x00, 0x00, 0x00, 0x00, 0x01,
    0xff, 0xe2, 0x22, 0x22, 0x22, 0x22, 0x10, 0x00,
    0x00, 0x00, 0x00, 0x00, 0x00, 0x01, 0xff, 0xe0,
    0x00, 0x00, 0x00, 0x00, 0x00, 0x00, 0x00, 0x00,
    0x00, 0x00, 0x00, 0x01, 0xff, 0xe0, 0x00, 0x00,
    0x00, 0x00, 0x00, 0x00, 0x00, 0x00, 0x00, 0x00,
    0x00, 0x01, 0xff, 0xe0, 0x00, 0x00, 0x00, 0x00,
    0x00, 0x00, 0x4a, 0xaa, 0xaa, 0xaa, 0xaa, 0xab,
    0xff, 0xfa, 0xaa, 0xaa, 0xaa, 0xaa, 0xaa, 0xa7,
    0x6f, 0xff, 0xff, 0xff, 0xff, 0xff, 0xff, 0xff,
    0xff, 0xff, 0xff, 0xff, 0xff, 0xfb, 0x6f, 0xff,
    0xff, 0xff, 0xff, 0xff, 0xff, 0xff, 0xff, 0xff,
    0xff, 0xff, 0xff, 0xfb, 0x01, 0x11, 0x11, 0x11,
    0x11, 0x11, 0xff, 0xf2, 0x11, 0x11, 0x11, 0x11,
    0x11, 0x11, 0x00, 0x00, 0x00, 0x00, 0x00, 0x00,
    0xff, 0xf0, 0x00, 0x00, 0x00, 0x00, 0x00, 0x00,
    0x00, 0x00, 0x00, 0x00, 0x00, 0x00, 0xff, 0xf0,
    0x00, 0x00, 0x00, 0x00, 0x00, 0x00, 0x00, 0x00,
    0x00, 0x00, 0x00, 0x00, 0xff, 0xf1, 0xdb, 0x50,
    0x00, 0x00, 0x00, 0x00, 0x00, 0x00, 0x00, 0x00,
    0x00, 0x00, 0xff, 0xfa, 0xff, 0xfe, 0x82, 0x00,
    0x00, 0x00, 0x00, 0x00, 0x00, 0x00, 0x00, 0x00,
    0xff, 0xf4, 0xaf, 0xff, 0xff, 0xc5, 0x00, 0x00,
    0x00, 0x00, 0x00, 0x00, 0x00, 0x00, 0xff, 0xf0,
    0x01, 0x8e, 0xff, 0xff, 0xe7, 0x00, 0x00, 0x00,
    0x00, 0x00, 0x00, 0x00, 0xff, 0xf0, 0x00, 0x00,
    0x6d, 0xff, 0xff, 0x20, 0x00, 0x00, 0x00, 0x00,
    0x00, 0x00, 0xff, 0xf0, 0x00, 0x00, 0x00, 0x4c,
    0xf7, 0x00, 0x00, 0x00, 0x00, 0x00, 0x00, 0x00,
    0xff, 0xf0, 0x00, 0x00, 0x00, 0x00, 0x30, 0x00,
    0x00, 0x00, 0x00, 0x00, 0x00, 0x00, 0xff, 0xf0,
    0x00, 0x00, 0x00, 0x00, 0x00, 0x00, 0x00, 0x00,
    0x00, 0x00, 0x00, 0x00, 0xff, 0xf0, 0x00, 0x00,
    0x00, 0x00, 0x00, 0x00, 0x00, 0x00, 0x00, 0x00,
    0x00, 0x00, 0xff, 0xf0, 0x00, 0x00, 0x00, 0x00,
    0x00, 0x00, 0x00, 0x00, 0x00, 0x00, 0x00, 0x00,
    0xff, 0xf0, 0x00, 0x00, 0x00, 0x00, 0x00, 0x00,

    /* U+5377 "卷" */
    0x00, 0x00, 0x00, 0x00, 0x00, 0x00, 0x05, 0x43,
    0x00, 0x00, 0x00, 0x00, 0x00, 0x00, 0x00, 0x00,
    0x00, 0x05, 0x70, 0x00, 0x00, 0xef, 0xf0, 0x00,
    0x04, 0x61, 0x00, 0x00, 0x00, 0x00, 0x00, 0x0a,
    0xff, 0x50, 0x00, 0x1f, 0xfd, 0x00, 0x00, 0xdf,
    0xf3, 0x00, 0x00, 0x00, 0x00, 0x00, 0x2f, 0xff,
    0x20, 0x05, 0xff, 0x90, 0x00, 0x6f, 0xf8, 0x00,
    0x00, 0x00, 0x00, 0x00, 0x00, 0x5f, 0xfa, 0x00,
    0xaf, 0xf5, 0x00, 0x1f, 0xfd, 0x00, 0x00, 0x00,
    0x00, 0x02, 0x77, 0x77, 0xff, 0x97, 0x7f, 0xff,
    0x87, 0x7c, 0xff, 0xa7, 0x77, 0x30, 0x00, 0x00,
    0x4f, 0xff, 0xff, 0xff, 0xff, 0xff, 0xff, 0xff,
    0xff, 0xff, 0xff, 0xf6, 0x00, 0x00, 0x04, 0xff,
    0xff, 0xff, 0xff, 0xff, 0xff, 0xff, 0xff, 0xff,
    0xff, 0xff, 0x60, 0x00, 0x00, 0x00, 0x00, 0x00,
    0x00, 0x6f, 0xfc, 0x00, 0x00, 0x00, 0x00, 0x00,
    0x00, 0x00, 0x00, 0x00, 0x00, 0x00, 0x00, 0x1e,
    0xff, 0x40, 0x00, 0x00, 0x00, 0x00, 0x00, 0x00,
    0x00, 0x00, 0x00, 0x00, 0x00, 0x0a, 0xff, 0xb0,
    0x00, 0x00, 0x00, 0x00, 0x00, 0x00, 0x00, 0x01,
    0xff, 0xff, 0xff, 0xff, 0xff, 0xff, 0xff, 0xff,
    0xff, 0xff, 0xff, 0xff, 0xff, 0x70, 0x1f, 0xff,
    0xff, 0xff, 0xff, 0xff, 0xff, 0xff, 0xff, 0xff,
    0xff, 0xff, 0xff, 0xf7, 0x00, 0x88, 0x88, 0x8c,
    0xff, 0xfa, 0x88, 0x88, 0x88, 0xdf, 0xfe, 0x88,
    0x88, 0x88, 0x30, 0x00, 0x00, 0x07, 0xff, 0xfa,
    0x00, 0x00, 0x00, 0x01, 0xef, 0xfa, 0x00, 0x00,
    0x00, 0x00, 0x00, 0x1b, 0xff, 0xfa, 0x00, 0x00,
    0x00, 0x00, 0x02, 0xef, 0xfd, 0x40, 0x00, 0x00,
    0x00, 0x7f, 0xff, 0xff, 0xff, 0xff, 0xff, 0xff,
    0xff, 0xff, 0xff, 0xff, 0xb4, 0x00, 0x06, 0xef,
    0xff, 0xed, 0xff, 0xff, 0xff, 0xff, 0xff, 0xff,
    0xf5, 0x8f, 0xff, 0xfd, 0x82, 0x3f, 0xff, 0x91,
    0xaf, 0xf9, 0x88, 0x88, 0x88, 0x8d, 0xff, 0x30,
    0x3b, 0xff, 0xfc, 0x00, 0x8b, 0x30, 0x0a, 0xff,
    0x20, 0x00, 0x00, 0x00, 0xbf, 0xf2, 0x00, 0x03,
    0xad, 0x10, 0x00, 0x00, 0x00, 0xaf, 0xf2, 0x00,
    0x00, 0x00, 0x0e, 0xff, 0x00, 0x00, 0x00, 0x00,
    0x00, 0x00, 0x00, 0x0a, 0xff, 0x20, 0x02, 0xed,
    0xdf, 0xff, 0xb0, 0x00, 0x00, 0x00, 0x00, 0x00,
    0x00, 0x00, 0xaf, 0xf2, 0x00, 0x0d, 0xff, 0xff,
    0xe2, 0x00, 0xd9, 0x40, 0x00, 0x00, 0x00, 0x00,
    0x0a, 0xff, 0x20, 0x00, 0x23, 0x44, 0x20, 0x00,
    0x0f, 0xfc, 0x00, 0x00, 0x00, 0x00, 0x00, 0xaf,
    0xf3, 0x00, 0x00, 0x00, 0x00, 0x00, 0x04, 0xff,
    0xa0, 0x00, 0x00, 0x00, 0x00, 0x08, 0xff, 0xd9,
    0x88, 0x88, 0x88, 0x88, 0x89, 0xef, 0xf6, 0x00,
    0x00, 0x00, 0x00, 0x00, 0x2f, 0xff, 0xff, 0xff,
    0xff, 0xff, 0xff, 0xff, 0xfe, 0x00, 0x00, 0x00,
    0x00, 0x00, 0x00, 0x3a, 0xdf, 0xff, 0xff, 0xff,
    0xff, 0xff, 0xea, 0x20, 0x00, 0x00,

    /* U+5382 "厂" */
    0x00, 0x02, 0x34, 0x22, 0x22, 0x22, 0x22, 0x22,
    0x22, 0x22, 0x22, 0x22, 0x22, 0x20, 0x00, 0x0c,
    0xff, 0xff, 0xff, 0xff, 0xff, 0xff, 0xff, 0xff,
    0xff, 0xff, 0xff, 0xf2, 0x00, 0x0c, 0xff, 0xff,
    0xff, 0xff, 0xff, 0xff, 0xff, 0xff, 0xff, 0xff,
    0xff, 0xf2, 0x00, 0x0c, 0xff, 0xdd, 0xdd, 0xdd,
    0xdd, 0xdd, 0xdd, 0xdd, 0xdd, 0xdd, 0xdd, 0xd1,
    0x00, 0x0c, 0xff, 0x30, 0x00, 0x00, 0x00, 0x00,
    0x00, 0x00, 0x00, 0x00, 0x00, 0x00, 0x00, 0x0c,
    0xff, 0x30, 0x00, 0x00, 0x00, 0x00, 0x00, 0x00,
    0x00, 0x00, 0x00, 0x00, 0x00, 0x0c, 0xff, 0x30,
    0x00, 0x00, 0x00, 0x00, 0x00, 0x00, 0x00, 0x00,
    0x00, 0x00, 0x00, 0x0c, 0xff, 0x30, 0x00, 0x00,
    0x00, 0x00, 0x00, 0x00, 0x00, 0x00, 0x00, 0x00,
    0x00, 0x0c, 0xff, 0x30, 0x00, 0x00, 0x00, 0x00,
    0x00, 0x00, 0x00, 0x00, 0x00, 0x00, 0x00, 0x0c,
    0xff, 0x30, 0x00, 0x00, 0x00, 0x00, 0x00, 0x00,
    0x00, 0x00, 0x00, 0x00, 0x00, 0x0c, 0xff, 0x30,
    0x00, 0x00, 0x00, 0x00, 0x00, 0x00, 0x00, 0x00,
    0x00, 0x00, 0x00, 0x0d, 0xff, 0x20, 0x00, 0x00,
    0x00, 0x00, 0x00, 0x00, 0x00, 0x00, 0x00, 0x00,
    0x00, 0x0d, 0xff, 0x20, 0x00, 0x00, 0x00, 0x00,
    0x00, 0x00, 0x00, 0x00, 0x00, 0x00, 0x00, 0x0e,
    0xff, 0x10, 0x00, 0x00, 0x00, 0x00, 0x00, 0x00,
    0x00, 0x00, 0x00, 0x00, 0x00, 0x0f, 0xff, 0x00,
    0x00, 0x00, 0x00, 0x00, 0x00, 0x00, 0x00, 0x00,
    0x00, 0x00, 0x00, 0x0f, 0xff, 0x00, 0x00, 0x00,
    0x00, 0x00, 0x00, 0x00, 0x00, 0x00, 0x00, 0x00,
    0x00, 0x2f, 0xfd, 0x00, 0x00, 0x00, 0x00, 0x00,
    0x00, 0x00, 0x00, 0x00, 0x00, 0x00, 0x00, 0x4f,
    0xfb, 0x00, 0x00, 0x00, 0x00, 0x00, 0x00, 0x00,
    0x00, 0x00, 0x00, 0x00, 0x00, 0x7f, 0xf9, 0x00,
    0x00, 0x00, 0x00, 0x00, 0x00, 0x00, 0x00, 0x00,
    0x00, 0x00, 0x00, 0xaf, 0xf6, 0x00, 0x00, 0x00,
    0x00, 0x00, 0x00, 0x00, 0x00, 0x00, 0x00, 0x00,
    0x00, 0xef, 0xf2, 0x00, 0x00, 0x00, 0x00, 0x00,
    0x00, 0x00, 0x00, 0x00, 0x00, 0x00, 0x03, 0xff,
    0xe0, 0x00, 0x00, 0x00, 0x00, 0x00, 0x00, 0x00,
    0x00, 0x00, 0x00, 0x00, 0x09, 0xff, 0xa0, 0x00,
    0x00, 0x00, 0x00, 0x00, 0x00, 0x00, 0x00, 0x00,
    0x00, 0x00, 0x1f, 0xff, 0x40, 0x00, 0x00, 0x00,
    0x00, 0x00, 0x00, 0x00, 0x00, 0x00, 0x00, 0x00,
    0xaf, 0xfd, 0x00, 0x00, 0x00, 0x00, 0x00, 0x00,
    0x00, 0x00, 0x00, 0x00, 0x00, 0x00, 0x4d, 0xf5,
    0x00, 0x00, 0x00, 0x00, 0x00, 0x00, 0x00, 0x00,
    0x00, 0x00, 0x00, 0x00, 0x00, 0x60, 0x00, 0x00,
    0x00, 0x00, 0x00, 0x00, 0x00, 0x00, 0x00, 0x00,
    0x00, 0x00,

    /* U+538B "压" */
    0x00, 0x0a, 0xff, 0xff, 0xff, 0xff, 0xff, 0xff,
    0xff, 0xff, 0xff, 0xff, 0xff, 0xff, 0xf0, 0x00,
    0x0a, 0xff, 0xff, 0xff, 0xff, 0xff, 0xff, 0xff,
    0xff, 0xff, 0xff, 0xff, 0xff, 0xf0, 0x00, 0x0a,
    0xff, 0xcc, 0xcc, 0xcc, 0xcc, 0xcc, 0xcc, 0xcc,
    0xcc, 0xcc, 0xcc, 0xcc, 0xc0, 0x00, 0x0a, 0xff,
    0x00, 0x00, 0x00, 0x00, 0x00, 0x00, 0x00, 0x00,
    0x00, 0x00, 0x00, 0x00, 0x00, 0x0a, 0xff, 0x00,
    0x00, 0x00, 0x00, 0x00, 0xcc, 0x90, 0x00, 0x00,
    0x00, 0x00, 0x00, 0x00, 0x0a, 0xff, 0x00, 0x00,
    0x00, 0x00, 0x01, 0xff, 0xc0, 0x00, 0x00, 0x00,
    0x00, 0x00, 0x00, 0x0a, 0xff, 0x00, 0x00, 0x00,
    0x00, 0x01, 0xff, 0xc0, 0x00, 0x00, 0x00, 0x00,
    0x00, 0x00, 0x0a, 0xff, 0x00, 0x00, 0x00, 0x00,
    0x01, 0xff, 0xc0, 0x00, 0x00, 0x00, 0x00, 0x00,
    0x00, 0x0a, 0xff, 0x00, 0x00, 0x00, 0x00, 0x01,
    0xff, 0xc0, 0x00, 0x00, 0x00, 0x00, 0x00, 0x00,
    0x0a, 0xff, 0x00, 0x00, 0x00, 0x00, 0x01, 0xff,
    0xc0, 0x00, 0x00, 0x00, 0x00, 0x00, 0x00, 0x0a,
    0xff, 0x00, 0xcc, 0xcc, 0xcc, 0xcc, 0xff, 0xfc,
    0xcc, 0xcc, 0xcc, 0xc6, 0x00, 0x00, 0x0b, 0xff,
    0x00, 0xff, 0xff, 0xff, 0xff, 0xff, 0xff, 0xff,
    0xff, 0xff, 0xf8, 0x00, 0x00, 0x0b, 0xff, 0x00,
    0xff, 0xff, 0xff, 0xff, 0xff, 0xff, 0xff, 0xff,
    0xff, 0xf7, 0x00, 0x00, 0x0b, 0xff, 0x00, 0x00,
    0x00, 0x00, 0x01, 0xff, 0xc0, 0x00, 0x00, 0x00,
    0x00, 0x00, 0x00, 0x0c, 0xfd, 0x00, 0x00, 0x00,
    0x00, 0x01, 0xff, 0xc0, 0x00, 0x30, 0x00, 0x00,
    0x00, 0x00, 0x0d, 0xfc, 0x00, 0x00, 0x00, 0x00,
    0x01, 0xff, 0xc0, 0x0a, 0xfb, 0x00, 0x00, 0x00,
    0x00, 0x0f, 0xfb, 0x00, 0x00, 0x00, 0x00, 0x01,
    0xff, 0xc0, 0x0a, 0xff, 0xc1, 0x00, 0x00, 0x00,
    0x0f, 0xf9, 0x00, 0x00, 0x00, 0x00, 0x01, 0xff,
    0xc0, 0x00, 0x9f, 0xfc, 0x00, 0x00, 0x00, 0x3f,
    0xf7, 0x00, 0x00, 0x00, 0x00, 0x01, 0xff, 0xc0,
    0x00, 0x0a, 0xff, 0xb0, 0x00, 0x00, 0x6f, 0xf5,
    0x00, 0x00, 0x00, 0x00, 0x01, 0xff, 0xc0, 0x00,
    0x00, 0xcf, 0x50, 0x00, 0x00, 0x9f, 0xf2, 0x00,
    0x00, 0x00, 0x00, 0x01, 0xff, 0xc0, 0x00, 0x00,
    0x22, 0x00, 0x00, 0x00, 0xdf, 0xe0, 0x00, 0x00,
    0x00, 0x00, 0x01, 0xff, 0xc0, 0x00, 0x00, 0x00,
    0x00, 0x00, 0x02, 0xff, 0xa0, 0x89, 0x99, 0x99,
    0x99, 0x9a, 0xff, 0xe9, 0x99, 0x99, 0x99, 0x99,
    0x70, 0x08, 0xff, 0x60, 0xef, 0xff, 0xff, 0xff,
    0xff, 0xff, 0xff, 0xff, 0xff, 0xff, 0xff, 0xd0,
    0x0e, 0xff, 0x00, 0xef, 0xff, 0xff, 0xff, 0xff,
    0xff, 0xff, 0xff, 0xff, 0xff, 0xff, 0xd0, 0x02,
    0xc9, 0x00, 0x12, 0x22, 0x22, 0x22, 0x22, 0x22,
    0x22, 0x22, 0x22, 0x22, 0x22, 0x10, 0x00, 0x01,
    0x00, 0x00, 0x00, 0x00, 0x00, 0x00, 0x00, 0x00,
    0x00, 0x00, 0x00, 0x00, 0x00,

    /* U+53D6 "取" */
    0x9f, 0xff, 0xff, 0xff, 0xff, 0xff, 0xff, 0x00,
    0x00, 0x00, 0x00, 0x00, 0x00, 0x00, 0x9f, 0xff,
    0xff, 0xff, 0xff, 0xff, 0xff, 0x10, 0x00, 0x00,
    0x00, 0x00, 0x10, 0x00, 0x58, 0xef, 0xf8, 0x88,
    0x8e, 0xff, 0x88, 0xff, 0xff, 0xff, 0xff, 0xff,
    0xff, 0xa0, 0x00, 0xbf, 0xf0, 0x00, 0x0c, 0xff,
    0x00, 0xff, 0xff, 0xff, 0xff, 0xff, 0xff, 0xb0,
    0x00, 0xbf, 0xf0, 0x00, 0x0c, 0xff, 0x00, 0x9d,
    0xff, 0xaa, 0xaa, 0xab, 0xff, 0x90, 0x00, 0xbf,
    0xf0, 0x00, 0x0c, 0xff, 0x00, 0x06, 0xff, 0x10,
    0x00, 0x04, 0xff, 0x70, 0x00, 0xbf, 0xff, 0xff,
    0xff, 0xff, 0x00, 0x03, 0xff, 0x40, 0x00, 0x07,
    0xff, 0x40, 0x00, 0xbf, 0xff, 0xff, 0xff, 0xff,
    0x00, 0x00, 0xff, 0x70, 0x00, 0x0a, 0xff, 0x10,
    0x00, 0xbf, 0xf8, 0x88, 0x8e, 0xff, 0x00, 0x00,
    0xdf, 0xb0, 0x00, 0x0e, 0xfd, 0x00, 0x00, 0xbf,
    0xf0, 0x00, 0x0c, 0xff, 0x00, 0x00, 0x9f, 0xf0,
    0x00, 0x2f, 0xf9, 0x00, 0x00, 0xbf, 0xf0, 0x00,
    0x0c, 0xff, 0x00, 0x00, 0x5f, 0xf3, 0x00, 0x7f,
    0xf5, 0x00, 0x00, 0xbf, 0xf0, 0x00, 0x0c, 0xff,
    0x00, 0x00, 0x1f, 0xf8, 0x00, 0xcf, 0xf1, 0x00,
    0x00, 0xbf, 0xf7, 0x77, 0x7e, 0xff, 0x00, 0x00,
    0x0c, 0xfd, 0x02, 0xff, 0xb0, 0x00, 0x00, 0xbf,
    0xff, 0xff, 0xff, 0xff, 0x00, 0x00, 0x07, 0xff,
    0x38, 0xff, 0x50, 0x00, 0x00, 0xbf, 0xff, 0xff,
    0xff, 0xff, 0x00, 0x00, 0x02, 0xff, 0xae, 0xff,
    0x00, 0x00, 0x00, 0xbf, 0xf0, 0x00, 0x0c, 0xff,
    0x00, 0x00, 0x00, 0xcf, 0xff, 0xf8, 0x00, 0x00,
    0x00, 0xbf, 0xf0, 0x00, 0x0c, 0xff, 0x00, 0x00,
    0x00, 0x5f, 0xff, 0xf1, 0x00, 0x00, 0x00, 0xbf,
    0xf0, 0x00, 0x0c, 0xff, 0x13, 0x20, 0x00, 0x0e,
    0xff, 0x90, 0x00, 0x00, 0x00, 0xbf, 0xf1, 0x35,
    0x8e, 0xff, 0xff, 0x80, 0x00, 0x3f, 0xff, 0xb0,
    0x00, 0x00, 0x58, 0xef, 0xff, 0xff, 0xff, 0xff,
    0xff, 0x80, 0x00, 0xdf, 0xff, 0xf6, 0x00, 0x00,
    0xbf, 0xff, 0xff, 0xff, 0xff, 0xff, 0x41, 0x00,
    0x0b, 0xff, 0xdf, 0xff, 0x30, 0x00, 0x8f, 0xfd,
    0xa7, 0x52, 0x0c, 0xff, 0x00, 0x00, 0x9f, 0xfe,
    0x18, 0xff, 0xe3, 0x00, 0x12, 0x00, 0x00, 0x00,
    0x0c, 0xff, 0x00, 0x0a, 0xff, 0xf3, 0x00, 0xbf,
    0xff, 0x40, 0x00, 0x00, 0x00, 0x00, 0x0c, 0xff,
    0x02, 0xdf, 0xff, 0x30, 0x00, 0x0c, 0xff, 0xf8,
    0x00, 0x00, 0x00, 0x00, 0x0c, 0xff, 0x04, 0xff,
    0xe3, 0x00, 0x00, 0x00, 0xbf, 0xf2, 0x00, 0x00,
    0x00, 0x00, 0x0c, 0xff, 0x00, 0x5c, 0x10, 0x00,
    0x00, 0x00, 0x08, 0x40, 0x00, 0x00, 0x00, 0x00,
    0x00, 0x00, 0x00, 0x00, 0x00, 0x00, 0x00, 0x00,
    0x00, 0x00,

    /* U+53EF "可" */
    0x00, 0x00, 0x00, 0x00, 0x00, 0x00, 0x00, 0x00,
    0x00, 0x00, 0x00, 0x00, 0x00, 0x00, 0x4f, 0xff,
    0xff, 0xff, 0xff, 0xff, 0xff, 0xff, 0xff, 0xff,
    0xff, 0xff, 0xff, 0xfa, 0x4f, 0xff, 0xff, 0xff,
    0xff, 0xff, 0xff, 0xff, 0xff, 0xff, 0xff, 0xff,
    0xff, 0xfa, 0x3d, 0xdd, 0xdd, 0xdd, 0xdd, 0xdd,
    0xdd, 0xdd, 0xdd, 0xdd, 0xdf, 0xff, 0xdd, 0xd8,
    0x00, 0x00, 0x00, 0x00, 0x00, 0x00, 0x00, 0x00,
    0x00, 0x00, 0x0e, 0xff, 0x10, 0x00, 0x00, 0x00,
    0x00, 0x00, 0x00, 0x00, 0x00, 0x00, 0x00, 0x00,
    0x0e, 0xff, 0x10, 0x00, 0x00, 0x00, 0x00, 0x00,
    0x00, 0x00, 0x00, 0x00, 0x00, 0x00, 0x0e, 0xff,
    0x10, 0x00, 0x00, 0x02, 0xac, 0xba, 0xaa, 0xaa,
    0xaa, 0xaa, 0x00, 0x00, 0x0e, 0xff, 0x10, 0x00,
    0x00, 0x04, 0xff, 0xff, 0xff, 0xff, 0xff, 0xff,
    0x10, 0x00, 0x0e, 0xff, 0x10, 0x00, 0x00, 0x04,
    0xff, 0xff, 0xff, 0xff, 0xff, 0xff, 0x10, 0x00,
    0x0e, 0xff, 0x10, 0x00, 0x00, 0x04, 0xff, 0x80,
    0x00, 0x00, 0x0c, 0xff, 0x10, 0x00, 0x0e, 0xff,
    0x10, 0x00, 0x00, 0x04, 0xff, 0x80, 0x00, 0x00,
    0x0c, 0xff, 0x10, 0x00, 0x0e, 0xff, 0x10, 0x00,
    0x00, 0x04, 0xff, 0x80, 0x00, 0x00, 0x0c, 0xff,
    0x10, 0x00, 0x0e, 0xff, 0x10, 0x00, 0x00, 0x04,
    0xff, 0x80, 0x00, 0x00, 0x0c, 0xff, 0x10, 0x00,
    0x0e, 0xff, 0x10, 0x00, 0x00, 0x04, 0xff, 0x80,
    0x00, 0x00, 0x0c, 0xff, 0x10, 0x00, 0x0e, 0xff,
    0x10, 0x00, 0x00, 0x04, 0xff, 0x80, 0x00, 0x00,
    0x0c, 0xff, 0x10, 0x00, 0x0e, 0xff, 0x10, 0x00,
    0x00, 0x04, 0xff, 0xeb, 0xbb, 0xbb, 0xbe, 0xff,
    0x10, 0x00, 0x0e, 0xff, 0x10, 0x00, 0x00, 0x04,
    0xff, 0xff, 0xff, 0xff, 0xff, 0xff, 0x10, 0x00,
    0x0e, 0xff, 0x10, 0x00, 0x00, 0x04, 0xff, 0xff,
    0xff, 0xff, 0xff, 0xff, 0x10, 0x00, 0x0e, 0xff,
    0x10, 0x00, 0x00, 0x04, 0xff, 0x80, 0x00, 0x00,
    0x00, 0x00, 0x00, 0x00, 0x0e, 0xff, 0x10, 0x00,
    0x00, 0x04, 0xff, 0x80, 0x00, 0x00, 0x00, 0x00,
    0x00, 0x00, 0x0e, 0xff, 0x10, 0x00, 0x00, 0x01,
    0x55, 0x20, 0x00, 0x00, 0x00, 0x00, 0x00, 0x00,
    0x0e, 0xff, 0x10, 0x00, 0x00, 0x00, 0x00, 0x00,
    0x00, 0x00, 0x00, 0x00, 0x00, 0x00, 0x0f, 0xff,
    0x10, 0x00, 0x00, 0x00, 0x00, 0x00, 0x00, 0x00,
    0x00, 0x3f, 0xfe, 0xee, 0xff, 0xff, 0x00, 0x00,
    0x00, 0x00, 0x00, 0x00, 0x00, 0x00, 0x00, 0x0b,
    0xff, 0xff, 0xff, 0xf9, 0x00, 0x00, 0x00, 0x00,
    0x00, 0x00, 0x00, 0x00, 0x00, 0x06, 0xff, 0xff,
    0xec, 0x60, 0x00, 0x00, 0x00, 0x00, 0x00, 0x00,
    0x00, 0x00, 0x00, 0x00, 0x00, 0x00, 0x00, 0x00,
    0x00, 0x00,

    /* U+540C "同" */
    0x7b, 0xbb, 0xbb, 0xbb, 0xbb, 0xbb, 0xbb, 0xbb,
    0xbb, 0xbb, 0xbb, 0xbc, 0xb2, 0xbf, 0xff, 0xff,
    0xff, 0xff, 0xff, 0xff, 0xff, 0xff, 0xff, 0xff,
    0xff, 0xf3, 0xbf, 0xff, 0xff, 0xff, 0xff, 0xff,
    0xff, 0xff, 0xff, 0xff, 0xff, 0xff, 0xf3, 0xbf,
    0xf1, 0x00, 0x00, 0x00, 0x00, 0x00, 0x00, 0x00,
    0x00, 0x00, 0x8f, 0xf3, 0xbf, 0xf1, 0x00, 0x00,
    0x00, 0x00, 0x00, 0x00, 0x00, 0x00, 0x00, 0x8f,
    0xf3, 0xbf, 0xf1, 0x06, 0x77, 0x77, 0x77, 0x77,
    0x77, 0x77, 0x77, 0x10, 0x8f, 0xf3, 0xbf, 0xf1,
    0x0e, 0xff, 0xff, 0xff, 0xff, 0xff, 0xff, 0xff,
    0x30, 0x8f, 0xf3, 0xbf, 0xf1, 0x0e, 0xff, 0xff,
    0xff, 0xff, 0xff, 0xff, 0xff, 0x30, 0x8f, 0xf3,
    0xbf, 0xf1, 0x00, 0x00, 0x00, 0x00, 0x00, 0x00,
    0x00, 0x00, 0x00, 0x8f, 0xf3, 0xbf, 0xf1, 0x00,
    0x00, 0x00, 0x00, 0x00, 0x00, 0x00, 0x00, 0x00,
    0x8f, 0xf3, 0xbf, 0xf1, 0x00, 0x03, 0x33, 0x33,
    0x33, 0x33, 0x33, 0x20, 0x00, 0x8f, 0xf3, 0xbf,
    0xf1, 0x00, 0x1f, 0xff, 0xff, 0xff, 0xff, 0xff,
    0xc0, 0x00, 0x8f, 0xf3, 0xbf, 0xf1, 0x00, 0x1f,
    0xff, 0xff, 0xff, 0xff, 0xff, 0xc0, 0x00, 0x8f,
    0xf3, 0xbf, 0xf1, 0x00, 0x1f, 0xf8, 0x22, 0x22,
    0x22, 0xcf, 0xc0, 0x00, 0x8f, 0xf3, 0xbf, 0xf1,
    0x00, 0x1f, 0xf7, 0x00, 0x00, 0x00, 0xcf, 0xc0,
    0x00, 0x8f, 0xf3, 0xbf, 0xf1, 0x00, 0x1f, 0xf7,
    0x00, 0x00, 0x00, 0xcf, 0xc0, 0x00, 0x8f, 0xf3,
    0xbf, 0xf1, 0x00, 0x1f, 0xf7, 0x00, 0x00, 0x00,
    0xcf, 0xc0, 0x00, 0x8f, 0xf3, 0xbf, 0xf1, 0x00,
    0x1f, 0xf7, 0x00, 0x00, 0x00, 0xcf, 0xc0, 0x00,
    0x8f, 0xf3, 0xbf, 0xf1, 0x00, 0x1f, 0xff, 0xff,
    0xff, 0xff, 0xff, 0xc0, 0x00, 0x8f, 0xf3, 0xbf,
    0xf1, 0x00, 0x1f, 0xff, 0xff, 0xff, 0xff, 0xff,
    0xc0, 0x00, 0x8f, 0xf3, 0xbf, 0xf1, 0x00, 0x1f,
    0xfb, 0x77, 0x77, 0x77, 0x77, 0x50, 0x00, 0x8f,
    0xf3, 0xbf, 0xf1, 0x00, 0x1f, 0xf7, 0x00, 0x00,
    0x00, 0x00, 0x00, 0x00, 0x8f, 0xf3, 0xbf, 0xf1,
    0x00, 0x08, 0x84, 0x00, 0x00, 0x00, 0x00, 0x00,
    0x00, 0x9f, 0xf3, 0xbf, 0xf1, 0x00, 0x00, 0x00,
    0x00, 0x00, 0x00, 0x00, 0xbb, 0xbb, 0xff, 0xf2,
    0xbf, 0xf1, 0x00, 0x00, 0x00, 0x00, 0x00, 0x00,
    0x00, 0xaf, 0xff, 0xff, 0xd0, 0xbf, 0xf1, 0x00,
    0x00, 0x00, 0x00, 0x00, 0x00, 0x00, 0x6f, 0xfe,
    0xd9, 0x20,

    /* U+540E "后" */
    0x00, 0x00, 0x00, 0x00, 0x00, 0x00, 0x00, 0x00,
    0x00, 0x00, 0x00, 0x00, 0x20, 0x00, 0x00, 0x00,
    0x00, 0x00, 0x00, 0x00, 0x00, 0x00, 0x00, 0x02,
    0x47, 0xad, 0xff, 0x50, 0x00, 0x00, 0x00, 0x00,
    0x00, 0x12, 0x45, 0x78, 0xac, 0xef, 0xff, 0xff,
    0xff, 0xff, 0x50, 0x00, 0x00, 0x09, 0xff, 0xff,
    0xff, 0xff, 0xff, 0xff, 0xff, 0xff, 0xfe, 0xc9,
    0x52, 0x00, 0x00, 0x00, 0xaf, 0xff, 0xff, 0xff,
    0xff, 0xfd, 0xca, 0x85, 0x31, 0x00, 0x00, 0x00,
    0x00, 0x00, 0x0a, 0xff, 0xa7, 0x65, 0x32, 0x10,
    0x00, 0x00, 0x00, 0x00, 0x00, 0x00, 0x00, 0x00,
    0x00, 0xaf, 0xf4, 0x00, 0x00, 0x00, 0x00, 0x00,
    0x00, 0x00, 0x00, 0x00, 0x00, 0x00, 0x00, 0x0a,
    0xff, 0x40, 0x00, 0x00, 0x00, 0x00, 0x00, 0x00,
    0x00, 0x00, 0x00, 0x00, 0x00, 0x00, 0xaf, 0xf5,
    0x00, 0x00, 0x00, 0x00, 0x00, 0x00, 0x00, 0x00,
    0x00, 0x00, 0x00, 0x00, 0x0a, 0xff, 0xff, 0xff,
    0xff, 0xff, 0xff, 0xff, 0xff, 0xff, 0xff, 0xff,
    0xfc, 0x00, 0x00, 0xaf, 0xff, 0xff, 0xff, 0xff,
    0xff, 0xff, 0xff, 0xff, 0xff, 0xff, 0xff, 0xc0,
    0x00, 0x0a, 0xff, 0xcb, 0xbb, 0xbb, 0xbb, 0xbb,
    0xbb, 0xbb, 0xbb, 0xbb, 0xbb, 0xb8, 0x00, 0x00,
    0xaf, 0xf4, 0x00, 0x00, 0x00, 0x00, 0x00, 0x00,
    0x00, 0x00, 0x00, 0x00, 0x00, 0x00, 0x0b, 0xff,
    0x30, 0x00, 0x00, 0x00, 0x00, 0x00, 0x00, 0x00,
    0x00, 0x00, 0x00, 0x00, 0x00, 0xbf, 0xf2, 0x00,
    0x00, 0x00, 0x00, 0x00, 0x00, 0x00, 0x00, 0x00,
    0x00, 0x00, 0x00, 0x0c, 0xff, 0x10, 0x49, 0x99,
    0x99, 0x99, 0x99, 0x99, 0x99, 0x99, 0x97, 0x00,
    0x00, 0x00, 0xef, 0xf0, 0x06, 0xff, 0xff, 0xff,
    0xff, 0xff, 0xff, 0xff, 0xff, 0xd0, 0x00, 0x00,
    0x0f, 0xfe, 0x00, 0x6f, 0xff, 0xff, 0xff, 0xff,
    0xff, 0xff, 0xff, 0xfd, 0x00, 0x00, 0x02, 0xff,
    0xc0, 0x06, 0xff, 0x70, 0x00, 0x00, 0x00, 0x00,
    0x03, 0xff, 0xd0, 0x00, 0x00, 0x4f, 0xf9, 0x00,
    0x6f, 0xf6, 0x00, 0x00, 0x00, 0x00, 0x00, 0x3f,
    0xfd, 0x00, 0x00, 0x08, 0xff, 0x60, 0x06, 0xff,
    0x60, 0x00, 0x00, 0x00, 0x00, 0x03, 0xff, 0xd0,
    0x00, 0x00, 0xcf, 0xf2, 0x00, 0x6f, 0xf6, 0x00,
    0x00, 0x00, 0x00, 0x00, 0x3f, 0xfd, 0x00, 0x00,
    0x1f, 0xfe, 0x00, 0x06, 0xff, 0x60, 0x00, 0x00,
    0x00, 0x00, 0x03, 0xff, 0xd0, 0x00, 0x07, 0xff,
    0x90, 0x00, 0x6f, 0xf6, 0x00, 0x00, 0x00, 0x00,
    0x00, 0x3f, 0xfd, 0x00, 0x00, 0xef, 0xf3, 0x00,
    0x06, 0xff, 0xca, 0xaa, 0xaa, 0xaa, 0xaa, 0xab,
    0xff, 0xd0, 0x00, 0x7f, 0xfb, 0x00, 0x00, 0x6f,
    0xff, 0xff, 0xff, 0xff, 0xff, 0xff, 0xff, 0xfd,
    0x00, 0x0d, 0xff, 0x30, 0x00, 0x06, 0xff, 0xff,
    0xff, 0xff, 0xff, 0xff, 0xff, 0xff, 0xd0, 0x00,
    0x09, 0x90, 0x00, 0x00, 0x6f, 0xf7, 0x00, 0x00,
    0x00, 0x00, 0x00, 0x3f, 0xfd, 0x00, 0x00, 0x00,
    0x00, 0x00, 0x00, 0x11, 0x00, 0x00, 0x00, 0x00,
    0x00, 0x00, 0x00, 0x00, 0x00,

    /* U+5411 "向" */
    0x00, 0x00, 0x00, 0x00, 0x00, 0x02, 0x00, 0x00,
    0x00, 0x00, 0x00, 0x00, 0x00, 0x00, 0x00, 0x00,
    0x00, 0x00, 0x2f, 0xfd, 0x50, 0x00, 0x00, 0x00,
    0x00, 0x00, 0x00, 0x00, 0x00, 0x00, 0x00, 0x6f,
    0xff, 0x10, 0x00, 0x00, 0x00, 0x00, 0x00, 0x00,
    0x00, 0x00, 0x00, 0x00, 0xcf, 0xfa, 0x00, 0x00,
    0x00, 0x00, 0x00, 0x00, 0x00, 0x00, 0x00, 0x00,
    0x02, 0xff, 0xf3, 0x00, 0x00, 0x00, 0x00, 0x00,
    0x00, 0x00, 0x00, 0x00, 0x00, 0x08, 0xff, 0xb0,
    0x00, 0x00, 0x00, 0x00, 0x01, 0x00, 0x1f, 0xff,
    0xff, 0xff, 0xff, 0xff, 0xff, 0xff, 0xff, 0xff,
    0xff, 0xff, 0xfa, 0x1f, 0xff, 0xff, 0xff, 0xff,
    0xff, 0xff, 0xff, 0xff, 0xff, 0xff, 0xff, 0xfa,
    0x1f, 0xfe, 0xbb, 0xbb, 0xbb, 0xbb, 0xbb, 0xbb,
    0xbb, 0xbb, 0xbb, 0xcf, 0xfa, 0x1f, 0xfb, 0x00,
    0x00, 0x00, 0x00, 0x00, 0x00, 0x00, 0x00, 0x00,
    0x2f, 0xfa, 0x1f, 0xfb, 0x00, 0x00, 0x00, 0x00,
    0x00, 0x00, 0x00, 0x00, 0x00, 0x2f, 0xfa, 0x1f,
    0xfb, 0x00, 0x00, 0x00, 0x00, 0x00, 0x00, 0x00,
    0x00, 0x00, 0x2f, 0xfa, 0x1f, 0xfb, 0x00, 0x0a,
    0xff, 0xff, 0xff, 0xff, 0xff, 0xf0, 0x00, 0x2f,
    0xfa, 0x1f, 0xfb, 0x00, 0x0a, 0xff, 0xff, 0xff,
    0xff, 0xff, 0xf0, 0x00, 0x2f, 0xfa, 0x1f, 0xfb,
    0x00, 0x0a, 0xff, 0x99, 0x99, 0x99, 0xdf, 0xf0,
    0x00, 0x2f, 0xfa, 0x1f, 0xfb, 0x00, 0x0a, 0xfe,
    0x00, 0x00, 0x00, 0x9f, 0xf0, 0x00, 0x2f, 0xfa,
    0x1f, 0xfb, 0x00, 0x0a, 0xfe, 0x00, 0x00, 0x00,
    0x9f, 0xf0, 0x00, 0x2f, 0xfa, 0x1f, 0xfb, 0x00,
    0x0a, 0xfe, 0x00, 0x00, 0x00, 0x9f, 0xf0, 0x00,
    0x2f, 0xfa, 0x1f, 0xfb, 0x00, 0x0a, 0xfe, 0x00,
    0x00, 0x00, 0x9f, 0xf0, 0x00, 0x2f, 0xfa, 0x1f,
    0xfb, 0x00, 0x0a, 0xff, 0x55, 0x55, 0x55, 0xbf,
    0xf0, 0x00, 0x2f, 0xfa, 0x1f, 0xfb, 0x00, 0x0a,
    0xff, 0xff, 0xff, 0xff, 0xff, 0xf0, 0x00, 0x2f,
    0xfa, 0x1f, 0xfb, 0x00, 0x0a, 0xff, 0xff, 0xff,
    0xff, 0xff, 0xf0, 0x00, 0x2f, 0xfa, 0x1f, 0xfb,
    0x00, 0x0a, 0xff, 0x22, 0x22, 0x22, 0x22, 0x20,
    0x00, 0x2f, 0xfa, 0x1f, 0xfb, 0x00, 0x0a, 0xfe,
    0x00, 0x00, 0x00, 0x00, 0x00, 0x00, 0x2f, 0xfa,
    0x1f, 0xfb, 0x00, 0x03, 0x54, 0x00, 0x00, 0x00,
    0x00, 0x00, 0x00, 0x2f, 0xfa, 0x1f, 0xfb, 0x00,
    0x00, 0x00, 0x00, 0x00, 0x00, 0x08, 0xdc, 0xcc,
    0xef, 0xf9, 0x1f, 0xfb, 0x00, 0x00, 0x00, 0x00,
    0x00, 0x00, 0x04, 0xff, 0xff, 0xff, 0xf5, 0x1f,
    0xfb, 0x00, 0x00, 0x00, 0x00, 0x00, 0x00, 0x00,
    0xff, 0xff, 0xdb, 0x50, 0x00, 0x00, 0x00, 0x00,
    0x00, 0x00, 0x00, 0x00, 0x00, 0x00, 0x00, 0x00,
    0x00,

    /* U+5417 "吗" */
    0x00, 0x00, 0x00, 0x00, 0x00, 0x5a, 0xaa, 0xaa,
    0xaa, 0xaa, 0xab, 0xc9, 0x00, 0x06, 0x9a, 0x99,
    0x99, 0x95, 0x08, 0xff, 0xff, 0xff, 0xff, 0xff,
    0xff, 0xe0, 0x00, 0xbf, 0xff, 0xff, 0xff, 0xa0,
    0x7e, 0xee, 0xee, 0xee, 0xee, 0xef, 0xfc, 0x00,
    0x0b, 0xff, 0xff, 0xff, 0xfa, 0x00, 0x00, 0x00,
    0x00, 0x00, 0x00, 0xbf, 0xb0, 0x00, 0xbf, 0xe0,
    0x00, 0xef, 0xa0, 0x00, 0x57, 0x50, 0x00, 0x00,
    0x0d, 0xfa, 0x00, 0x0b, 0xfe, 0x00, 0x0e, 0xfa,
    0x00, 0x0c, 0xfd, 0x00, 0x00, 0x00, 0xef, 0x90,
    0x00, 0xbf, 0xe0, 0x00, 0xef, 0xa0, 0x00, 0xdf,
    0xc0, 0x00, 0x00, 0x0f, 0xf8, 0x00, 0x0b, 0xfe,
    0x00, 0x0e, 0xfa, 0x00, 0x0f, 0xfa, 0x00, 0x00,
    0x01, 0xff, 0x70, 0x00, 0xbf, 0xe0, 0x00, 0xef,
    0xa0, 0x01, 0xff, 0x90, 0x00, 0x00, 0x3f, 0xf5,
    0x00, 0x0b, 0xfe, 0x00, 0x0e, 0xfa, 0x00, 0x3f,
    0xf7, 0x00, 0x00, 0x05, 0xff, 0x40, 0x00, 0xbf,
    0xe0, 0x00, 0xef, 0xa0, 0x05, 0xff, 0x50, 0x00,
    0x00, 0x7f, 0xf3, 0x00, 0x0b, 0xfe, 0x00, 0x0e,
    0xfa, 0x00, 0x8f, 0xf7, 0x33, 0x33, 0x3a, 0xff,
    0x54, 0x32, 0xbf, 0xe0, 0x00, 0xef, 0xa0, 0x0a,
    0xff, 0xff, 0xff, 0xff, 0xff, 0xff, 0xff, 0xab,
    0xfe, 0x00, 0x0e, 0xfa, 0x00, 0xdf, 0xff, 0xff,
    0xff, 0xff, 0xff, 0xff, 0xf9, 0xbf, 0xe0, 0x00,
    0xef, 0xa0, 0x02, 0x44, 0x33, 0x33, 0x33, 0x33,
    0x35, 0xff, 0x8b, 0xff, 0x22, 0x2e, 0xfa, 0x00,
    0x00, 0x00, 0x00, 0x00, 0x00, 0x00, 0x4f, 0xf6,
    0xbf, 0xff, 0xff, 0xff, 0xa0, 0x00, 0x00, 0x00,
    0x00, 0x00, 0x00, 0x06, 0xff, 0x5b, 0xff, 0xff,
    0xff, 0xfa, 0x07, 0x77, 0x77, 0x77, 0x77, 0x77,
    0x50, 0x8f, 0xf3, 0xbf, 0xf6, 0x66, 0x66, 0x41,
    0xff, 0xff, 0xff, 0xff, 0xff, 0xfb, 0x0a, 0xff,
    0x1b, 0xfe, 0x00, 0x00, 0x00, 0x1f, 0xff, 0xff,
    0xff, 0xff, 0xff, 0xb0, 0xdf, 0xe0, 0xbf, 0xe0,
    0x00, 0x00, 0x00, 0x00, 0x00, 0x00, 0x00, 0x00,
    0x00, 0x0f, 0xfc, 0x04, 0x65, 0x00, 0x00, 0x00,
    0x00, 0x00, 0x00, 0x00, 0x00, 0x00, 0x04, 0xff,
    0x90, 0x00, 0x00, 0x00, 0x00, 0x00, 0x00, 0x00,
    0x00, 0x00, 0x00, 0x00, 0xaf, 0xf5, 0x00, 0x00,
    0x00, 0x00, 0x00, 0x00, 0x00, 0x00, 0x00, 0x28,
    0x77, 0x9f, 0xff, 0x10, 0x00, 0x00, 0x00, 0x00,
    0x00, 0x00, 0x00, 0x00, 0x00, 0xef, 0xff, 0xff,
    0x90, 0x00, 0x00, 0x00, 0x00, 0x00, 0x00, 0x00,
    0x00, 0x00, 0x0a, 0xff, 0xfe, 0x80, 0x00, 0x00,
    0x00, 0x00, 0x00, 0x00, 0x00, 0x00, 0x00, 0x00,
    0x00, 0x00, 0x00, 0x00, 0x00,

    /* U+542F "启" */
    0x00, 0x00, 0x00, 0x00, 0x00, 0x00, 0x00, 0x11,
    0x00, 0x00, 0x00, 0x00, 0x00, 0x00, 0x00, 0x00,
    0x00, 0x00, 0x00, 0x02, 0xcf, 0xd0, 0x00, 0x00,
    0x00, 0x00, 0x00, 0x00, 0x00, 0x00, 0x00, 0x00,
    0x00, 0x0d, 0xff, 0x50, 0x00, 0x00, 0x00, 0x00,
    0x00, 0x00, 0x00, 0x00, 0x00, 0x00, 0x00, 0x6f,
    0xfc, 0x00, 0x00, 0x00, 0x00, 0x00, 0x00, 0x00,
    0x01, 0x10, 0x00, 0x00, 0x01, 0xff, 0xf3, 0x00,
    0x00, 0x00, 0x00, 0x00, 0x00, 0x0b, 0xff, 0xff,
    0xff, 0xff, 0xff, 0xff, 0xff, 0xff, 0xff, 0xff,
    0xf1, 0x00, 0x00, 0xbf, 0xff, 0xff, 0xff, 0xff,
    0xff, 0xff, 0xff, 0xff, 0xff, 0xff, 0x10, 0x00,
    0x0b, 0xff, 0xb9, 0x99, 0x99, 0x99, 0x99, 0x99,
    0x99, 0x99, 0xef, 0xf1, 0x00, 0x00, 0xbf, 0xf3,
    0x00, 0x00, 0x00, 0x00, 0x00, 0x00, 0x00, 0x0d,
    0xff, 0x10, 0x00, 0x0b, 0xff, 0x30, 0x00, 0x00,
    0x00, 0x00, 0x00, 0x00, 0x00, 0xdf, 0xf1, 0x00,
    0x00, 0xbf, 0xf3, 0x00, 0x00, 0x00, 0x00, 0x00,
    0x00, 0x00, 0x0d, 0xff, 0x10, 0x00, 0x0b, 0xff,
    0xff, 0xff, 0xff, 0xff, 0xff, 0xff, 0xff, 0xff,
    0xff, 0xf1, 0x00, 0x00, 0xbf, 0xff, 0xff, 0xff,
    0xff, 0xff, 0xff, 0xff, 0xff, 0xff, 0xff, 0x10,
    0x00, 0x0b, 0xff, 0xcb, 0xbb, 0xbb, 0xbb, 0xbb,
    0xbb, 0xbb, 0xbb, 0xbb, 0xb0, 0x00, 0x00, 0xbf,
    0xf2, 0x00, 0x00, 0x00, 0x00, 0x00, 0x00, 0x00,
    0x00, 0x00, 0x00, 0x00, 0x0c, 0xff, 0x10, 0x00,
    0x00, 0x00, 0x00, 0x00, 0x00, 0x00, 0x00, 0x00,
    0x00, 0x00, 0xdf, 0xf0, 0x69, 0x99, 0x99, 0x99,
    0x99, 0x99, 0x99, 0x99, 0x99, 0x60, 0x00, 0x0f,
    0xff, 0x0c, 0xff, 0xff, 0xff, 0xff, 0xff, 0xff,
    0xff, 0xff, 0xfa, 0x00, 0x01, 0xff, 0xd0, 0xcf,
    0xff, 0xff, 0xff, 0xff, 0xff, 0xff, 0xff, 0xff,
    0xa0, 0x00, 0x3f, 0xfa, 0x0c, 0xff, 0x10, 0x00,
    0x00, 0x00, 0x00, 0x00, 0x4f, 0xfa, 0x00, 0x07,
    0xff, 0x70, 0xcf, 0xf0, 0x00, 0x00, 0x00, 0x00,
    0x00, 0x03, 0xff, 0xa0, 0x00, 0xbf, 0xf4, 0x0c,
    0xff, 0x00, 0x00, 0x00, 0x00, 0x00, 0x00, 0x3f,
    0xfa, 0x00, 0x0f, 0xff, 0x00, 0xcf, 0xf0, 0x00,
    0x00, 0x00, 0x00, 0x00, 0x03, 0xff, 0xa0, 0x06,
    0xff, 0xa0, 0x0c, 0xff, 0x00, 0x00, 0x00, 0x00,
    0x00, 0x00, 0x3f, 0xfa, 0x00, 0xdf, 0xf4, 0x00,
    0xcf, 0xff, 0xff, 0xff, 0xff, 0xff, 0xff, 0xff,
    0xff, 0xa0, 0x6f, 0xfd, 0x00, 0x0c, 0xff, 0xff,
    0xff, 0xff, 0xff, 0xff, 0xff, 0xff, 0xfa, 0x0e,
    0xff, 0x50, 0x00, 0xcf, 0xfa, 0xaa, 0xaa, 0xaa,
    0xaa, 0xaa, 0xab, 0xff, 0xa0, 0x2c, 0xb0, 0x00,
    0x0c, 0xff, 0x00, 0x00, 0x00, 0x00, 0x00, 0x00,
    0x3f, 0xfa, 0x00, 0x01, 0x00, 0x00, 0x00, 0x00,
    0x00, 0x00, 0x00, 0x00, 0x00, 0x00, 0x00, 0x00,

    /* U+5468 "周" */
    0x00, 0x00, 0xbf, 0xff, 0xff, 0xff, 0xff, 0xff,
    0xff, 0xff, 0xff, 0xff, 0xff, 0xb0, 0x00, 0x0c,
    0xff, 0xff, 0xff, 0xff, 0xff, 0xff, 0xff, 0xff,
    0xff, 0xff, 0xfc, 0x00, 0x00, 0xcf, 0xfb, 0xbb,
    0xbb, 0xbb, 0xbb, 0xbb, 0xbb, 0xbb, 0xbb, 0xff,
    0xc0, 0x00, 0x0c, 0xff, 0x00, 0x00, 0x00, 0x09,
    0x95, 0x00, 0x00, 0x00, 0x1f, 0xfc, 0x00, 0x00,
    0xcf, 0xf0, 0x00, 0x00, 0x01, 0xff, 0xa0, 0x00,
    0x00, 0x01, 0xff, 0xc0, 0x00, 0x0c, 0xff, 0x00,
    0x44, 0x44, 0x5f, 0xfb, 0x44, 0x44, 0x30, 0x1f,
    0xfc, 0x00, 0x00, 0xcf, 0xf0, 0x0f, 0xff, 0xff,
    0xff, 0xff, 0xff, 0xfe, 0x01, 0xff, 0xc0, 0x00,
    0x0c, 0xff, 0x00, 0xff, 0xff, 0xff, 0xff, 0xff,
    0xff, 0xd0, 0x1f, 0xfc, 0x00, 0x00, 0xcf, 0xf0,
    0x00, 0x00, 0x01, 0xff, 0xa0, 0x00, 0x00, 0x01,
    0xff, 0xc0, 0x00, 0x0c, 0xff, 0x00, 0x00, 0x00,
    0x1f, 0xfa, 0x00, 0x00, 0x00, 0x1f, 0xfc, 0x00,
    0x00, 0xcf, 0xf0, 0xae, 0xee, 0xee, 0xff, 0xfe,
    0xee, 0xee, 0x81, 0xff, 0xc0, 0x00, 0x0c, 0xff,
    0x0c, 0xff, 0xff, 0xff, 0xff, 0xff, 0xff, 0xf9,
    0x1f, 0xfc, 0x00, 0x00, 0xcf, 0xf0, 0x46, 0x66,
    0x66, 0x66, 0x66, 0x66, 0x66, 0x31, 0xff, 0xc0,
    0x00, 0x0d, 0xfe, 0x00, 0x00, 0x00, 0x00, 0x00,
    0x00, 0x00, 0x00, 0x1f, 0xfc, 0x00, 0x00, 0xef,
    0xd0, 0x01, 0x34, 0x33, 0x33, 0x33, 0x33, 0x30,
    0x01, 0xff, 0xc0, 0x00, 0x0f, 0xfc, 0x00, 0x8f,
    0xff, 0xff, 0xff, 0xff, 0xff, 0x10, 0x1f, 0xfc,
    0x00, 0x02, 0xff, 0xa0, 0x08, 0xff, 0xff, 0xff,
    0xff, 0xff, 0xf1, 0x01, 0xff, 0xc0, 0x00, 0x4f,
    0xf8, 0x00, 0x8f, 0xf0, 0x00, 0x00, 0x09, 0xff,
    0x10, 0x1f, 0xfc, 0x00, 0x06, 0xff, 0x50, 0x08,
    0xff, 0x00, 0x00, 0x00, 0x9f, 0xf1, 0x01, 0xff,
    0xc0, 0x00, 0xaf, 0xf1, 0x00, 0x8f, 0xf0, 0x00,
    0x00, 0x09, 0xff, 0x10, 0x1f, 0xfc, 0x00, 0x0e,
    0xfd, 0x00, 0x08, 0xff, 0x43, 0x33, 0x33, 0xaf,
    0xf1, 0x01, 0xff, 0xc0, 0x04, 0xff, 0x90, 0x00,
    0x8f, 0xff, 0xff, 0xff, 0xff, 0xff, 0x10, 0x1f,
    0xfc, 0x00, 0xbf, 0xf3, 0x00, 0x08, 0xff, 0xff,
    0xff, 0xff, 0xff, 0xf1, 0x01, 0xff, 0xc0, 0x3f,
    0xfc, 0x00, 0x00, 0x8f, 0xf0, 0x00, 0x00, 0x00,
    0x79, 0x99, 0xaf, 0xfb, 0x0c, 0xff, 0x40, 0x00,
    0x05, 0x99, 0x00, 0x00, 0x00, 0x08, 0xff, 0xff,
    0xff, 0x70, 0x2b, 0xb0, 0x00, 0x00, 0x00, 0x00,
    0x00, 0x00, 0x00, 0x3f, 0xff, 0xfd, 0x70, 0x00,
    0x00, 0x00, 0x00, 0x00, 0x00, 0x00, 0x00, 0x00,
    0x00, 0x00, 0x00, 0x00, 0x00,

    /* U+548C "和" */
    0x00, 0x00, 0x00, 0x00, 0x00, 0x00, 0x10, 0x00,
    0x00, 0x00, 0x00, 0x00, 0x00, 0x00, 0x00, 0x00,
    0x00, 0x00, 0x02, 0x7b, 0xf7, 0x00, 0x00, 0x00,
    0x00, 0x00, 0x00, 0x00, 0x00, 0x00, 0x14, 0x7b,
    0xef, 0xff, 0xff, 0x40, 0x00, 0x00, 0x00, 0x00,
    0x00, 0x00, 0x02, 0xcf, 0xff, 0xff, 0xff, 0xff,
    0xb6, 0x11, 0xbb, 0xbb, 0xbb, 0xbb, 0xbb, 0xb3,
    0x00, 0xef, 0xff, 0xff, 0xff, 0x30, 0x00, 0x02,
    0xff, 0xff, 0xff, 0xff, 0xff, 0xf4, 0x00, 0x56,
    0x42, 0x0e, 0xff, 0x00, 0x00, 0x02, 0xff, 0xff,
    0xff, 0xff, 0xff, 0xf4, 0x00, 0x00, 0x00, 0x0e,
    0xff, 0x00, 0x00, 0x02, 0xff, 0xb0, 0x00, 0x00,
    0xaf, 0xf4, 0x00, 0x00, 0x00, 0x0e, 0xff, 0x00,
    0x00, 0x02, 0xff, 0xa0, 0x00, 0x00, 0x9f, 0xf4,
    0x00, 0x00, 0x00, 0x0e, 0xff, 0x00, 0x00, 0x02,
    0xff, 0xa0, 0x00, 0x00, 0x9f, 0xf4, 0x05, 0x99,
    0x99, 0x9f, 0xff, 0x99, 0x99, 0x72, 0xff, 0xa0,
    0x00, 0x00, 0x9f, 0xf4, 0x09, 0xff, 0xff, 0xff,
    0xff, 0xff, 0xff, 0xc2, 0xff, 0xa0, 0x00, 0x00,
    0x9f, 0xf4, 0x09, 0xff, 0xff, 0xff, 0xff, 0xff,
    0xff, 0xc2, 0xff, 0xa0, 0x00, 0x00, 0x9f, 0xf4,
    0x00, 0x00, 0x00, 0xcf, 0xff, 0x10, 0x00, 0x02,
    0xff, 0xa0, 0x00, 0x00, 0x9f, 0xf4, 0x00, 0x00,
    0x02, 0xff, 0xff, 0xa0, 0x00, 0x02, 0xff, 0xa0,
    0x00, 0x00, 0x9f, 0xf4, 0x00, 0x00, 0x08, 0xff,
    0xff, 0xf8, 0x00, 0x02, 0xff, 0xa0, 0x00, 0x00,
    0x9f, 0xf4, 0x00, 0x00, 0x1f, 0xff, 0xff, 0xff,
    0x60, 0x02, 0xff, 0xa0, 0x00, 0x00, 0x9f, 0xf4,
    0x00, 0x00, 0x8f, 0xef, 0xff, 0xbf, 0xf4, 0x02,
    0xff, 0xa0, 0x00, 0x00, 0x9f, 0xf4, 0x00, 0x02,
    0xff, 0x8e, 0xff, 0x1e, 0xfe, 0x22, 0xff, 0xa0,
    0x00, 0x00, 0x9f, 0xf4, 0x00, 0x0b, 0xff, 0x1e,
    0xff, 0x05, 0xff, 0x92, 0xff, 0xa0, 0x00, 0x00,
    0x9f, 0xf4, 0x00, 0x5f, 0xf8, 0x0e, 0xff, 0x00,
    0xae, 0x12, 0xff, 0xa0, 0x00, 0x00, 0x9f, 0xf4,
    0x02, 0xff, 0xe1, 0x0e, 0xff, 0x00, 0x14, 0x02,
    0xff, 0xa0, 0x00, 0x00, 0x9f, 0xf4, 0x1d, 0xff,
    0x60, 0x0e, 0xff, 0x00, 0x00, 0x02, 0xff, 0xa0,
    0x00, 0x00, 0x9f, 0xf4, 0x0d, 0xfc, 0x00, 0x0e,
    0xff, 0x00, 0x00, 0x02, 0xff, 0xff, 0xff, 0xff,
    0xff, 0xf4, 0x04, 0xe2, 0x00, 0x0e, 0xff, 0x00,
    0x00, 0x02, 0xff, 0xff, 0xff, 0xff, 0xff, 0xf4,
    0x00, 0x20, 0x00, 0x0e, 0xff, 0x00, 0x00, 0x02,
    0xff, 0xeb, 0xbb, 0xbb, 0xef, 0xf4, 0x00, 0x00,
    0x00, 0x0e, 0xff, 0x00, 0x00, 0x02, 0xff, 0xa0,
    0x00, 0x00, 0x9f, 0xf4, 0x00, 0x00, 0x00, 0x0e,
    0xff, 0x00, 0x00, 0x02, 0xff, 0xa0, 0x00, 0x00,
    0x9f, 0xf4, 0x00, 0x00, 0x00, 0x0e, 0xff, 0x00,
    0x00, 0x00, 0x22, 0x10, 0x00, 0x00, 0x00, 0x00,

    /* U+5524 "唤" */
    0x00, 0x00, 0x00, 0x00, 0x00, 0x00, 0x00, 0x13,
    0x00, 0x00, 0x00, 0x00, 0x00, 0x00, 0x00, 0x00,
    0x00, 0x00, 0x00, 0x00, 0x00, 0x09, 0xff, 0x50,
    0x00, 0x00, 0x00, 0x00, 0x00, 0x00, 0x00, 0x00,
    0x00, 0x00, 0x00, 0x01, 0xff, 0xe0, 0x00, 0x00,
    0x00, 0x00, 0x00, 0x00, 0x01, 0x00, 0x00, 0x00,
    0x00, 0x00, 0xaf, 0xfe, 0xbb, 0xbb, 0xbc, 0x80,
    0x00, 0x00, 0x3f, 0xff, 0xff, 0xff, 0x50, 0x00,
    0x5f, 0xff, 0xff, 0xff, 0xff, 0xff, 0xa0, 0x00,
    0x03, 0xff, 0xff, 0xff, 0xf5, 0x00, 0x2e, 0xff,
    0xbb, 0xbb, 0xbc, 0xff, 0xf3, 0x00, 0x00, 0x3f,
    0xf9, 0x89, 0xff, 0x50, 0x1d, 0xff, 0x80, 0x00,
    0x00, 0xbf, 0xf7, 0x00, 0x00, 0x03, 0xff, 0x30,
    0x2f, 0xf5, 0x1c, 0xff, 0xc0, 0x00, 0x00, 0x7f,
    0xfa, 0x00, 0x00, 0x00, 0x3f, 0xf3, 0x02, 0xff,
    0x5c, 0xff, 0xfb, 0xaa, 0xaa, 0xaf, 0xff, 0xaa,
    0xa5, 0x00, 0x03, 0xff, 0x30, 0x2f, 0xf5, 0x2f,
    0xff, 0xff, 0xff, 0xff, 0xff, 0xff, 0xff, 0x80,
    0x00, 0x3f, 0xf3, 0x02, 0xff, 0x50, 0x4f, 0xfd,
    0x99, 0x9f, 0xfd, 0x99, 0xaf, 0xf8, 0x00, 0x03,
    0xff, 0x30, 0x2f, 0xf5, 0x00, 0xef, 0xa0, 0x00,
    0xff, 0x90, 0x02, 0xff, 0x80, 0x00, 0x3f, 0xf3,
    0x02, 0xff, 0x50, 0x0e, 0xfa, 0x00, 0x0f, 0xf9,
    0x00, 0x2f, 0xf8, 0x00, 0x03, 0xff, 0x30, 0x2f,
    0xf5, 0x00, 0xef, 0xa0, 0x00, 0xff, 0x90, 0x02,
    0xff, 0x80, 0x00, 0x3f, 0xf3, 0x02, 0xff, 0x50,
    0x0e, 0xfa, 0x00, 0x0f, 0xf9, 0x00, 0x2f, 0xf8,
    0x00, 0x03, 0xff, 0x30, 0x2f, 0xf5, 0x00, 0xef,
    0xa0, 0x01, 0xff, 0x80, 0x02, 0xff, 0x80, 0x00,
    0x3f, 0xf3, 0x02, 0xff, 0x50, 0x0e, 0xfa, 0x00,
    0x3f, 0xf6, 0x00, 0x2f, 0xf8, 0x00, 0x03, 0xff,
    0x30, 0x2f, 0xf5, 0x9d, 0xff, 0xfd, 0xde, 0xff,
    0xed, 0xdd, 0xff, 0xed, 0x40, 0x3f, 0xf3, 0x02,
    0xff, 0x5b, 0xff, 0xff, 0xff, 0xff, 0xff, 0xff,
    0xff, 0xff, 0xf5, 0x03, 0xff, 0xff, 0xff, 0xf5,
    0x7a, 0xaa, 0xaa, 0xbf, 0xff, 0xfa, 0xaa, 0xaa,
    0xaa, 0x30, 0x3f, 0xff, 0xff, 0xff, 0x50, 0x00,
    0x00, 0x0a, 0xff, 0xff, 0x40, 0x00, 0x00, 0x00,
    0x03, 0xff, 0xa8, 0x88, 0x82, 0x00, 0x00, 0x05,
    0xff, 0xbd, 0xfe, 0x20, 0x00, 0x00, 0x00, 0x3f,
    0xf3, 0x00, 0x00, 0x00, 0x00, 0x04, 0xff, 0xf2,
    0x3f, 0xfd, 0x20, 0x00, 0x00, 0x03, 0xff, 0x30,
    0x00, 0x00, 0x00, 0x05, 0xff, 0xf4, 0x00, 0x7f,
    0xfe, 0x30, 0x00, 0x00, 0x15, 0x51, 0x00, 0x00,
    0x00, 0x09, 0xff, 0xf5, 0x00, 0x00, 0x8f, 0xff,
    0x80, 0x00, 0x00, 0x00, 0x00, 0x00, 0x00, 0x6e,
    0xff, 0xe4, 0x00, 0x00, 0x00, 0x7f, 0xff, 0xe7,
    0x10, 0x00, 0x00, 0x00, 0x02, 0xef, 0xff, 0xc2,
    0x00, 0x00, 0x00, 0x00, 0x4e, 0xff, 0xfa, 0x00,
    0x00, 0x00, 0x00, 0x07, 0xfe, 0x50, 0x00, 0x00,
    0x00, 0x00, 0x00, 0x18, 0xfd, 0x00, 0x00, 0x00,
    0x00, 0x00, 0x05, 0x00, 0x00, 0x00, 0x00, 0x00,
    0x00, 0x00, 0x01, 0x20, 0x00,

    /* U+5668 "器" */
    0x00, 0x00, 0x00, 0x00, 0x00, 0x00, 0x00, 0x00,
    0x00, 0x00, 0x00, 0x00, 0x00, 0x00, 0x00, 0x00,
    0xff, 0xff, 0xff, 0xff, 0xf8, 0x00, 0x6f, 0xff,
    0xff, 0xff, 0xff, 0x90, 0x00, 0x00, 0x0f, 0xff,
    0xff, 0xff, 0xff, 0x80, 0x06, 0xff, 0xff, 0xff,
    0xff, 0xf9, 0x00, 0x00, 0x00, 0xff, 0xb6, 0x66,
    0x7f, 0xf8, 0x00, 0x6f, 0xf8, 0x66, 0x67, 0xff,
    0x90, 0x00, 0x00, 0x0f, 0xf8, 0x00, 0x02, 0xff,
    0x80, 0x06, 0xff, 0x30, 0x00, 0x2f, 0xf9, 0x00,
    0x00, 0x00, 0xff, 0x80, 0x00, 0x2f, 0xf8, 0x00,
    0x6f, 0xf3, 0x00, 0x02, 0xff, 0x90, 0x00, 0x00,
    0x0f, 0xf8, 0x11, 0x13, 0xff, 0x80, 0x06, 0xff,
    0x41, 0x11, 0x3f, 0xf9, 0x00, 0x00, 0x00, 0xff,
    0xff, 0xff, 0xff, 0xf8, 0x00, 0x6f, 0xff, 0xff,
    0xff, 0xff, 0x90, 0x00, 0x00, 0x0f, 0xff, 0xff,
    0xff, 0xff, 0x80, 0x06, 0xff, 0xff, 0xff, 0xff,
    0xf9, 0x00, 0x00, 0x00, 0x66, 0x66, 0x66, 0x66,
    0xae, 0xa5, 0x26, 0x6c, 0xfa, 0x66, 0x66, 0x30,
    0x00, 0x00, 0x00, 0x00, 0x00, 0x00, 0x0d, 0xff,
    0x40, 0x02, 0xff, 0xfc, 0x30, 0x00, 0x00, 0x00,
    0x00, 0x00, 0x00, 0x00, 0x08, 0xff, 0xb0, 0x00,
    0x01, 0x8f, 0xff, 0x20, 0x00, 0x00, 0x29, 0x99,
    0x99, 0x99, 0x99, 0xff, 0xfa, 0x99, 0x99, 0x99,
    0xbf, 0xe9, 0x99, 0x97, 0x05, 0xff, 0xff, 0xff,
    0xff, 0xff, 0xff, 0xff, 0xff, 0xff, 0xff, 0xff,
    0xff, 0xff, 0xc0, 0x4f, 0xff, 0xff, 0xff, 0xff,
    0xff, 0xff, 0xff, 0xff, 0xff, 0xff, 0xff, 0xff,
    0xfb, 0x00, 0x00, 0x00, 0x09, 0xff, 0xf6, 0x00,
    0x00, 0x00, 0xcf, 0xfc, 0x20, 0x00, 0x00, 0x00,
    0x00, 0x00, 0x4d, 0xff, 0xf5, 0x00, 0x00, 0x00,
    0x00, 0xaf, 0xff, 0x91, 0x00, 0x00, 0x00, 0x03,
    0xbf, 0xff, 0xd3, 0x00, 0x00, 0x00, 0x00, 0x00,
    0x7f, 0xff, 0xfa, 0x30, 0x00, 0x5b, 0xff, 0xff,
    0xff, 0xff, 0xff, 0x80, 0x04, 0xff, 0xff, 0xff,
    0xff, 0xff, 0xe9, 0x27, 0xff, 0xff, 0xff, 0xff,
    0xff, 0xf8, 0x00, 0x5f, 0xff, 0xff, 0xff, 0xff,
    0xff, 0xc0, 0x0b, 0xaf, 0xfc, 0x88, 0x89, 0xff,
    0x80, 0x05, 0xff, 0xa8, 0x88, 0x9f, 0xfe, 0xd2,
    0x00, 0x00, 0xff, 0x90, 0x00, 0x3f, 0xf8, 0x00,
    0x5f, 0xf4, 0x00, 0x02, 0xff, 0xa0, 0x00, 0x00,
    0x0f, 0xf9, 0x00, 0x03, 0xff, 0x80, 0x05, 0xff,
    0x40, 0x00, 0x2f, 0xfa, 0x00, 0x00, 0x00, 0xff,
    0x90, 0x00, 0x3f, 0xf8, 0x00, 0x5f, 0xf4, 0x00,
    0x02, 0xff, 0xa0, 0x00, 0x00, 0x0f, 0xff, 0xff,
    0xff, 0xff, 0x80, 0x05, 0xff, 0xff, 0xff, 0xff,
    0xfa, 0x00, 0x00, 0x00, 0xff, 0xff, 0xff, 0xff,
    0xf8, 0x00, 0x5f, 0xff, 0xff, 0xff, 0xff, 0xa0,
    0x00, 0x00, 0x0f, 0xfc, 0x88, 0x89, 0xff, 0x80,
    0x05, 0xff, 0xa8, 0x88, 0x9f, 0xfa, 0x00, 0x00,
    0x00, 0x22, 0x10, 0x00, 0x00, 0x00, 0x00, 0x02,
    0x20, 0x00, 0x00, 0x00, 0x00, 0x00,

    /* U+56DB "四" */
    0x6b, 0xbb, 0xbb, 0xbb, 0xbb, 0xbb, 0xbb, 0xbb,
    0xbb, 0xbb, 0xbb, 0xbb, 0xb5, 0x8f, 0xff, 0xff,
    0xff, 0xff, 0xff, 0xff, 0xff, 0xff, 0xff, 0xff,
    0xff, 0xf7, 0x8f, 0xff, 0xff, 0xff, 0xff, 0xff,
    0xff, 0xff, 0xff, 0xff, 0xff, 0xff, 0xf7, 0x8f,
    0xf6, 0x00, 0x00, 0xcf, 0xf0, 0x00, 0x1f, 0xf9,
    0x00, 0x00, 0x8f, 0xf7, 0x8f, 0xf6, 0x00, 0x00,
    0xcf, 0xf0, 0x00, 0x1f, 0xf9, 0x00, 0x00, 0x8f,
    0xf7, 0x8f, 0xf6, 0x00, 0x00, 0xdf, 0xe0, 0x00,
    0x1f, 0xf9, 0x00, 0x00, 0x8f, 0xf7, 0x8f, 0xf6,
    0x00, 0x00, 0xef, 0xd0, 0x00, 0x1f, 0xf9, 0x00,
    0x00, 0x8f, 0xf7, 0x8f, 0xf6, 0x00, 0x00, 0xff,
    0xc0, 0x00, 0x1f, 0xf9, 0x00, 0x00, 0x8f, 0xf7,
    0x8f, 0xf6, 0x00, 0x01, 0xff, 0xb0, 0x00, 0x1f,
    0xf9, 0x00, 0x00, 0x8f, 0xf7, 0x8f, 0xf6, 0x00,
    0x03, 0xff, 0x90, 0x00, 0x1f, 0xf9, 0x00, 0x00,
    0x8f, 0xf7, 0x8f, 0xf6, 0x00, 0x07, 0xff, 0x60,
    0x00, 0x1f, 0xf9, 0x00, 0x00, 0x8f, 0xf7, 0x8f,
    0xf6, 0x00, 0x0c, 0xff, 0x20, 0x00, 0x1f, 0xf9,
    0x00, 0x00, 0x8f, 0xf7, 0x8f, 0xf6, 0x00, 0x4f,
    0xfd, 0x00, 0x00, 0x0f, 0xfa, 0x00, 0x00, 0x9f,
    0xf7, 0x8f, 0xf6, 0x01, 0xef, 0xf7, 0x00, 0x00,
    0x0e, 0xff, 0xff, 0xff, 0xef, 0xf7, 0x8f, 0xf6,
    0x3d, 0xff, 0xe0, 0x00, 0x00, 0x08, 0xff, 0xff,
    0xff, 0xff, 0xf7, 0x8f, 0xf9, 0xff, 0xff, 0x30,
    0x00, 0x00, 0x00, 0x36, 0x66, 0x66, 0xaf, 0xf7,
    0x8f, 0xf6, 0x9f, 0xf4, 0x00, 0x00, 0x00, 0x00,
    0x00, 0x00, 0x00, 0x8f, 0xf7, 0x8f, 0xf6, 0x09,
    0x20, 0x00, 0x00, 0x00, 0x00, 0x00, 0x00, 0x00,
    0x8f, 0xf7, 0x8f, 0xf6, 0x00, 0x00, 0x00, 0x00,
    0x00, 0x00, 0x00, 0x00, 0x00, 0x8f, 0xf7, 0x8f,
    0xf7, 0x22, 0x22, 0x22, 0x22, 0x22, 0x22, 0x22,
    0x22, 0x22, 0x9f, 0xf7, 0x8f, 0xff, 0xff, 0xff,
    0xff, 0xff, 0xff, 0xff, 0xff, 0xff, 0xff, 0xff,
    0xf7, 0x8f, 0xff, 0xff, 0xff, 0xff, 0xff, 0xff,
    0xff, 0xff, 0xff, 0xff, 0xff, 0xf7, 0x8f, 0xfc,
    0x99, 0x99, 0x99, 0x99, 0x99, 0x99, 0x99, 0x99,
    0x99, 0xdf, 0xf7, 0x8f, 0xf6, 0x00, 0x00, 0x00,
    0x00, 0x00, 0x00, 0x00, 0x00, 0x00, 0x8f, 0xf7,
    0x6c, 0xc4, 0x00, 0x00, 0x00, 0x00, 0x00, 0x00,
    0x00, 0x00, 0x00, 0x48, 0x83,

    /* U+56FA "固" */
    0x8f, 0xff, 0xff, 0xff, 0xff, 0xff, 0xff, 0xff,
    0xff, 0xff, 0xff, 0xff, 0xfa, 0x8f, 0xff, 0xff,
    0xff, 0xff, 0xff, 0xff, 0xff, 0xff, 0xff, 0xff,
    0xff, 0xfb, 0x8f, 0xfc, 0xaa, 0xaa, 0xaa, 0xaa,
    0xaa, 0xaa, 0xaa, 0xaa, 0xaa, 0xcf, 0xfb, 0x8f,
    0xf4, 0x00, 0x00, 0x00, 0x02, 0x33, 0x00, 0x00,
    0x00, 0x00, 0x4f, 0xfb, 0x8f, 0xf4, 0x00, 0x00,
    0x00, 0x09, 0xff, 0x10, 0x00, 0x00, 0x00, 0x4f,
    0xfb, 0x8f, 0xf4, 0x00, 0x00, 0x00, 0x09, 0xff,
    0x10, 0x00, 0x00, 0x00, 0x4f, 0xfb, 0x8f, 0xf4,
    0x00, 0x00, 0x00, 0x09, 0xff, 0x20, 0x00, 0x00,
    0x00, 0x4f, 0xfb, 0x8f, 0xf4, 0x4f, 0xff, 0xff,
    0xff, 0xff, 0xff, 0xff, 0xff, 0xf0, 0x4f, 0xfb,
    0x8f, 0xf4, 0x4f, 0xff, 0xff, 0xff, 0xff, 0xff,
    0xff, 0xff, 0xf0, 0x4f, 0xfb, 0x8f, 0xf4, 0x14,
    0x44, 0x44, 0x4b, 0xff, 0x54, 0x44, 0x44, 0x40,
    0x4f, 0xfb, 0x8f, 0xf4, 0x00, 0x00, 0x00, 0x09,
    0xff, 0x10, 0x00, 0x00, 0x00, 0x4f, 0xfb, 0x8f,
    0xf4, 0x00, 0x00, 0x00, 0x09, 0xff, 0x10, 0x00,
    0x00, 0x00, 0x4f, 0xfb, 0x8f, 0xf4, 0x00, 0x6e,
    0xee, 0xef, 0xff, 0xfe, 0xee, 0xe8, 0x00, 0x4f,
    0xfb, 0x8f, 0xf4, 0x00, 0x7f, 0xff, 0xff, 0xff,
    0xff, 0xff, 0xf9, 0x00, 0x4f, 0xfb, 0x8f, 0xf4,
    0x00, 0x7f, 0xf4, 0x33, 0x33, 0x33, 0x4f, 0xf9,
    0x00, 0x4f, 0xfb, 0x8f, 0xf4, 0x00, 0x7f, 0xf1,
    0x00, 0x00, 0x00, 0x1f, 0xf9, 0x00, 0x4f, 0xfb,
    0x8f, 0xf4, 0x00, 0x7f, 0xf1, 0x00, 0x00, 0x00,
    0x1f, 0xf9, 0x00, 0x4f, 0xfb, 0x8f, 0xf4, 0x00,
    0x7f, 0xf1, 0x00, 0x00, 0x00, 0x1f, 0xf9, 0x00,
    0x4f, 0xfb, 0x8f, 0xf4, 0x00, 0x7f, 0xff, 0xff,
    0xff, 0xff, 0xff, 0xf9, 0x00, 0x4f, 0xfb, 0x8f,
    0xf4, 0x00, 0x7f, 0xff, 0xff, 0xff, 0xff, 0xff,
    0xf9, 0x00, 0x4f, 0xfb, 0x8f, 0xf4, 0x00, 0x13,
    0x33, 0x33, 0x33, 0x33, 0x33, 0x31, 0x00, 0x4f,
    0xfb, 0x8f, 0xf4, 0x00, 0x00, 0x00, 0x00, 0x00,
    0x00, 0x00, 0x00, 0x00, 0x4f, 0xfb, 0x8f, 0xfb,
    0x99, 0x99, 0x99, 0x99, 0x99, 0x99, 0x99, 0x99,
    0x99, 0xbf, 0xfb, 0x8f, 0xff, 0xff, 0xff, 0xff,
    0xff, 0xff, 0xff, 0xff, 0xff, 0xff, 0xff, 0xfb,
    0x8f, 0xff, 0xff, 0xff, 0xff, 0xff, 0xff, 0xff,
    0xff, 0xff, 0xff, 0xff, 0xfb, 0x8f, 0xf5, 0x00,
    0x00, 0x00, 0x00, 0x00, 0x00, 0x00, 0x00, 0x00,
    0x4f, 0xfb,

    /* U+56FE "图" */
    0x00, 0x00, 0x00, 0x00, 0x00, 0x00, 0x00, 0x00,
    0x00, 0x00, 0x00, 0x00, 0x00, 0xaf, 0xff, 0xff,
    0xff, 0xff, 0xff, 0xff, 0xff, 0xff, 0xff, 0xff,
    0xff, 0xfb, 0xaf, 0xff, 0xff, 0xff, 0xff, 0xff,
    0xff, 0xff, 0xff, 0xff, 0xff, 0xff, 0xfb, 0xaf,
    0xf9, 0x88, 0x88, 0x88, 0x98, 0x88, 0x88, 0x88,
    0x88, 0x88, 0x9f, 0xfb, 0xaf, 0xf1, 0x00, 0x00,
    0x04, 0xfd, 0x40, 0x00, 0x00, 0x00, 0x00, 0x1f,
    0xfb, 0xaf, 0xf1, 0x00, 0x00, 0x2e, 0xfd, 0x00,
    0x00, 0x00, 0x00, 0x00, 0x1f, 0xfb, 0xaf, 0xf1,
    0x00, 0x02, 0xef, 0xff, 0xff, 0xff, 0xff, 0xfd,
    0x30, 0x1f, 0xfb, 0xaf, 0xf1, 0x00, 0x3e, 0xff,
    0xff, 0xff, 0xff, 0xff, 0xff, 0x50, 0x1f, 0xfb,
    0xaf, 0xf1, 0x06, 0xff, 0xff, 0x43, 0x33, 0x33,
    0xcf, 0xf9, 0x00, 0x1f, 0xfb, 0xaf, 0xf2, 0xbf,
    0xff, 0xff, 0xe3, 0x00, 0x1c, 0xff, 0xa0, 0x00,
    0x1f, 0xfb, 0xaf, 0xf1, 0x6f, 0xd2, 0x3e, 0xff,
    0x86, 0xff, 0xf8, 0x00, 0x00, 0x1f, 0xfb, 0xaf,
    0xf1, 0x04, 0x00, 0x01, 0xcf, 0xff, 0xff, 0x50,
    0x00, 0x00, 0x1f, 0xfb, 0xaf, 0xf1, 0x00, 0x00,
    0x17, 0xef, 0xff, 0xff, 0x93, 0x00, 0x00, 0x1f,
    0xfb, 0xaf, 0xf1, 0x02, 0x7c, 0xff, 0xff, 0xca,
    0xff, 0xff, 0xe9, 0x51, 0x1f, 0xfb, 0xaf, 0xf7,
    0xef, 0xff, 0xff, 0xb4, 0x00, 0x18, 0xef, 0xff,
    0xff, 0x7f, 0xfb, 0xaf, 0xf2, 0xff, 0xfd, 0x84,
    0xc8, 0x40, 0x00, 0x04, 0xae, 0xfa, 0x1f, 0xfb,
    0xaf, 0xf1, 0x67, 0x20, 0x0b, 0xff, 0xff, 0xb5,
    0x00, 0x00, 0x20, 0x1f, 0xfb, 0xaf, 0xf1, 0x00,
    0x00, 0x00, 0x37, 0xcf, 0xff, 0xe2, 0x00, 0x00,
    0x1f, 0xfb, 0xaf, 0xf1, 0x00, 0x02, 0x10, 0x00,
    0x02, 0x8e, 0xa0, 0x00, 0x00, 0x1f, 0xfb, 0xaf,
    0xf1, 0x00, 0x2f, 0xff, 0xc9, 0x63, 0x00, 0x10,
    0x00, 0x00, 0x1f, 0xfb, 0xaf, 0xf1, 0x00, 0x8e,
    0xff, 0xff, 0xff, 0xfc, 0x83, 0x00, 0x00, 0x1f,
    0xfb, 0xaf, 0xf1, 0x00, 0x00, 0x03, 0x6a, 0xdf,
    0xff, 0xff, 0xe4, 0x00, 0x1f, 0xfb, 0xaf, 0xf1,
    0x00, 0x00, 0x00, 0x00, 0x01, 0x59, 0xef, 0xd0,
    0x00, 0x1f, 0xfb, 0xaf, 0xf2, 0x00, 0x00, 0x00,
    0x00, 0x00, 0x00, 0x04, 0x30, 0x00, 0x2f, 0xfb,
    0xaf, 0xff, 0xff, 0xff, 0xff, 0xff, 0xff, 0xff,
    0xff, 0xff, 0xff, 0xff, 0xfb, 0xaf, 0xff, 0xff,
    0xff, 0xff, 0xff, 0xff, 0xff, 0xff, 0xff, 0xff,
    0xff, 0xfb, 0xaf, 0xf8, 0x77, 0x77, 0x77, 0x77,
    0x77, 0x77, 0x77, 0x77, 0x77, 0x8f, 0xfb,

    /* U+5706 "圆" */
    0x23, 0x33, 0x33, 0x33, 0x33, 0x33, 0x33, 0x33,
    0x33, 0x33, 0x33, 0x33, 0x32, 0xbf, 0xff, 0xff,
    0xff, 0xff, 0xff, 0xff, 0xff, 0xff, 0xff, 0xff,
    0xff, 0xfc, 0xbf, 0xff, 0xff, 0xff, 0xff, 0xff,
    0xff, 0xff, 0xff, 0xff, 0xff, 0xff, 0xfc, 0xbf,
    0xf3, 0x22, 0x22, 0x22, 0x22, 0x22, 0x22, 0x22,
    0x22, 0x22, 0x3f, 0xfc, 0xbf, 0xf1, 0x00, 0xab,
    0xbb, 0xbb, 0xbb, 0xbb, 0xbb, 0xba, 0x00, 0x1f,
    0xfc, 0xbf, 0xf1, 0x00, 0xff, 0xff, 0xff, 0xff,
    0xff, 0xff, 0xfe, 0x00, 0x1f, 0xfc, 0xbf, 0xf1,
    0x00, 0xff, 0xa3, 0x33, 0x33, 0x33, 0x3c, 0xfe,
    0x00, 0x1f, 0xfc, 0xbf, 0xf1, 0x00, 0xff, 0x80,
    0x00, 0x00, 0x00, 0x0b, 0xfe, 0x00, 0x1f, 0xfc,
    0xbf, 0xf1, 0x00, 0xff, 0xfe, 0xee, 0xee, 0xee,
    0xef, 0xfe, 0x00, 0x1f, 0xfc, 0xbf, 0xf1, 0x00,
    0xff, 0xff, 0xff, 0xff, 0xff, 0xff, 0xfe, 0x00,
    0x1f, 0xfc, 0xbf, 0xf1, 0x00, 0x00, 0x00, 0x00,
    0x00, 0x00, 0x00, 0x00, 0x00, 0x1f, 0xfc, 0xbf,
    0xf1, 0x02, 0x33, 0x33, 0x33, 0x33, 0x33, 0x33,
    0x33, 0x20, 0x1f, 0xfc, 0xbf, 0xf1, 0x09, 0xff,
    0xff, 0xff, 0xff, 0xff, 0xff, 0xff, 0x90, 0x1f,
    0xfc, 0xbf, 0xf1, 0x09, 0xff, 0xff, 0xff, 0xff,
    0xff, 0xff, 0xff, 0x90, 0x1f, 0xfc, 0xbf, 0xf1,
    0x09, 0xff, 0x00, 0x00, 0x55, 0x10, 0x01, 0xff,
    0x90, 0x1f, 0xfc, 0xbf, 0xf1, 0x09, 0xff, 0x00,
    0x02, 0xff, 0x50, 0x01, 0xff, 0x90, 0x1f, 0xfc,
    0xbf, 0xf1, 0x09, 0xff, 0x00, 0x02, 0xff, 0x50,
    0x01, 0xff, 0x90, 0x1f, 0xfc, 0xbf, 0xf1, 0x09,
    0xff, 0x00, 0x05, 0xff, 0x30, 0x01, 0xff, 0x90,
    0x1f, 0xfc, 0xbf, 0xf1, 0x09, 0xff, 0x00, 0x1d,
    0xfe, 0x11, 0x01, 0xff, 0x90, 0x1f, 0xfc, 0xbf,
    0xf1, 0x03, 0x55, 0x04, 0xdf, 0xf6, 0xaf, 0xb5,
    0x33, 0x10, 0x1f, 0xfc, 0xbf, 0xf1, 0x00, 0x27,
    0xdf, 0xff, 0x71, 0xcf, 0xff, 0xd7, 0x10, 0x1f,
    0xfc, 0xbf, 0xf2, 0xbe, 0xff, 0xff, 0xc3, 0x00,
    0x03, 0xaf, 0xff, 0xf6, 0x1f, 0xfc, 0xbf, 0xf1,
    0x8f, 0xfe, 0x93, 0x00, 0x00, 0x00, 0x01, 0x8f,
    0xf4, 0x1f, 0xfc, 0xbf, 0xf1, 0x07, 0x30, 0x00,
    0x00, 0x00, 0x00, 0x00, 0x01, 0x60, 0x1f, 0xfc,
    0xbf, 0xff, 0xff, 0xff, 0xff, 0xff, 0xff, 0xff,
    0xff, 0xff, 0xff, 0xff, 0xfc, 0xbf, 0xff, 0xff,
    0xff, 0xff, 0xff, 0xff, 0xff, 0xff, 0xff, 0xff,
    0xff, 0xfc, 0xbf, 0xf6, 0x55, 0x55, 0x55, 0x55,
    0x55, 0x55, 0x55, 0x55, 0x55, 0x6f, 0xfc,

    /* U+5728 "在" */
    0x00, 0x00, 0x00, 0x00, 0x00, 0x32, 0x00, 0x00,
    0x00, 0x00, 0x00, 0x00, 0x00, 0x00, 0x00, 0x00,
    0x00, 0x00, 0x00, 0xcf, 0xe4, 0x00, 0x00, 0x00,
    0x00, 0x00, 0x00, 0x00, 0x00, 0x00, 0x00, 0x00,
    0x01, 0xff, 0xf1, 0x00, 0x00, 0x00, 0x00, 0x00,
    0x00, 0x00, 0x00, 0x00, 0x00, 0x00, 0x06, 0xff,
    0xb0, 0x00, 0x00, 0x00, 0x00, 0x00, 0x00, 0x00,
    0x00, 0x00, 0x00, 0x00, 0x0c, 0xff, 0x50, 0x00,
    0x00, 0x00, 0x00, 0x00, 0x00, 0x00, 0x1f, 0xff,
    0xff, 0xff, 0xff, 0xff, 0xff, 0xff, 0xff, 0xff,
    0xff, 0xff, 0xff, 0xf6, 0x1f, 0xff, 0xff, 0xff,
    0xff, 0xff, 0xff, 0xff, 0xff, 0xff, 0xff, 0xff,
    0xff, 0xf6, 0x0c, 0xcc, 0xcc, 0xcd, 0xff, 0xfc,
    0xcc, 0xcc, 0xcc, 0xcc, 0xcc, 0xcc, 0xcc, 0xc5,
    0x00, 0x00, 0x00, 0x08, 0xff, 0xa0, 0x00, 0x00,
    0x00, 0x00, 0x00, 0x00, 0x00, 0x00, 0x00, 0x00,
    0x00, 0x2f, 0xff, 0x20, 0x00, 0x00, 0x18, 0x85,
    0x00, 0x00, 0x00, 0x00, 0x00, 0x00, 0x00, 0xbf,
    0xf9, 0x00, 0x00, 0x00, 0x3f, 0xfa, 0x00, 0x00,
    0x00, 0x00, 0x00, 0x00, 0x05, 0xff, 0xf1, 0x00,
    0x00, 0x00, 0x3f, 0xfa, 0x00, 0x00, 0x00, 0x00,
    0x00, 0x00, 0x3e, 0xff, 0x60, 0x00, 0x00, 0x00,
    0x3f, 0xfa, 0x00, 0x00, 0x00, 0x00, 0x00, 0x00,
    0xdf, 0xfc, 0x00, 0x00, 0x00, 0x00, 0x3f, 0xfa,
    0x00, 0x00, 0x00, 0x00, 0x00, 0x0b, 0xff, 0xf6,
    0x00, 0x01, 0x11, 0x11, 0x4f, 0xfa, 0x11, 0x11,
    0x11, 0x00, 0x00, 0xbf, 0xff, 0xf6, 0x00, 0xbf,
    0xff, 0xff, 0xff, 0xff, 0xff, 0xff, 0xff, 0x10,
    0x2c, 0xff, 0xff, 0xf6, 0x00, 0xbf, 0xff, 0xff,
    0xff, 0xff, 0xff, 0xff, 0xff, 0x10, 0xbf, 0xff,
    0xcf, 0xf6, 0x00, 0x68, 0x88, 0x88, 0xaf, 0xfd,
    0x88, 0x88, 0x88, 0x00, 0x3f, 0xf5, 0x6f, 0xf6,
    0x00, 0x00, 0x00, 0x00, 0x3f, 0xfa, 0x00, 0x00,
    0x00, 0x00, 0x09, 0x30, 0x6f, 0xf6, 0x00, 0x00,
    0x00, 0x00, 0x3f, 0xfa, 0x00, 0x00, 0x00, 0x00,
    0x00, 0x00, 0x6f, 0xf6, 0x00, 0x00, 0x00, 0x00,
    0x3f, 0xfa, 0x00, 0x00, 0x00, 0x00, 0x00, 0x00,
    0x6f, 0xf6, 0x00, 0x00, 0x00, 0x00, 0x3f, 0xfa,
    0x00, 0x00, 0x00, 0x00, 0x00, 0x00, 0x6f, 0xf6,
    0x00, 0x00, 0x00, 0x00, 0x3f, 0xfa, 0x00, 0x00,
    0x00, 0x00, 0x00, 0x00, 0x6f, 0xf6, 0x00, 0x00,
    0x00, 0x00, 0x3f, 0xfa, 0x00, 0x00, 0x00, 0x00,
    0x00, 0x00, 0x6f, 0xf6, 0x00, 0x00, 0x00, 0x00,
    0x3f, 0xfa, 0x00, 0x00, 0x00, 0x00, 0x00, 0x00,
    0x6f, 0xf6, 0x0d, 0xff, 0xff, 0xff, 0xff, 0xff,
    0xff, 0xff, 0xff, 0xf5, 0x00, 0x00, 0x6f, 0xf6,
    0x0e, 0xff, 0xff, 0xff, 0xff, 0xff, 0xff, 0xff,
    0xff, 0xf6, 0x00, 0x00, 0x6f, 0xf6, 0x09, 0xbb,
    0xbb, 0xbb, 0xbb, 0xbb, 0xbb, 0xbb, 0xbb, 0xb4,

    /* U+5730 "地" */
    0x00, 0x00, 0x00, 0x00, 0x00, 0x00, 0x00, 0x00,
    0x00, 0x01, 0x10, 0x00, 0x00, 0x00, 0x00, 0x00,
    0x00, 0x1f, 0xf9, 0x00, 0x00, 0x00, 0x00, 0x00,
    0x1f, 0xf9, 0x00, 0x00, 0x00, 0x00, 0x00, 0x00,
    0x1f, 0xf9, 0x00, 0x00, 0x00, 0x00, 0x00, 0x1f,
    0xf9, 0x00, 0x00, 0x00, 0x00, 0x00, 0x00, 0x1f,
    0xf9, 0x00, 0x00, 0x07, 0x74, 0x00, 0x1f, 0xf9,
    0x00, 0x00, 0x00, 0x00, 0x00, 0x00, 0x1f, 0xf9,
    0x00, 0x00, 0x1f, 0xfa, 0x00, 0x1f, 0xf9, 0x00,
    0x00, 0x00, 0x00, 0x00, 0x00, 0x1f, 0xf9, 0x00,
    0x00, 0x1f, 0xfa, 0x00, 0x1f, 0xf9, 0x00, 0x01,
    0x10, 0x00, 0x00, 0x00, 0x1f, 0xf9, 0x00, 0x00,
    0x1f, 0xfa, 0x00, 0x1f, 0xf9, 0x00, 0x5e, 0xfa,
    0x00, 0x02, 0x33, 0x4f, 0xfa, 0x33, 0x30, 0x1f,
    0xfa, 0x00, 0x1f, 0xfa, 0x7e, 0xff, 0xfc, 0x00,
    0x0c, 0xff, 0xff, 0xff, 0xff, 0xe0, 0x1f, 0xfa,
    0x00, 0x1f, 0xff, 0xff, 0xff, 0xfc, 0x00, 0x0c,
    0xff, 0xff, 0xff, 0xff, 0xe0, 0x1f, 0xfa, 0x06,
    0xdf, 0xff, 0xfe, 0x8f, 0xfc, 0x00, 0x06, 0x77,
    0x8f, 0xfc, 0x77, 0x60, 0x1f, 0xfe, 0xef, 0xff,
    0xfe, 0x60, 0x0f, 0xfc, 0x00, 0x00, 0x00, 0x1f,
    0xf9, 0x00, 0x00, 0x5f, 0xff, 0xff, 0xff, 0xf9,
    0x00, 0x0f, 0xfc, 0x00, 0x00, 0x00, 0x1f, 0xf9,
    0x00, 0x6d, 0xff, 0xff, 0xe8, 0x3f, 0xf9, 0x00,
    0x0f, 0xfb, 0x00, 0x00, 0x00, 0x1f, 0xf9, 0x01,
    0xff, 0xff, 0xfc, 0x00, 0x1f, 0xf9, 0x00, 0x0f,
    0xfb, 0x00, 0x00, 0x00, 0x1f, 0xf9, 0x00, 0xaf,
    0xbf, 0xfa, 0x00, 0x1f, 0xf9, 0x00, 0x0f, 0xfb,
    0x00, 0x00, 0x00, 0x1f, 0xf9, 0x00, 0x22, 0x1f,
    0xfa, 0x00, 0x1f, 0xf9, 0x00, 0x0f, 0xfa, 0x00,
    0x00, 0x00, 0x1f, 0xf9, 0x00, 0x00, 0x1f, 0xfa,
    0x00, 0x1f, 0xf9, 0x00, 0x0f, 0xfa, 0x00, 0x00,
    0x00, 0x1f, 0xf9, 0x05, 0x90, 0x1f, 0xfa, 0x00,
    0x1f, 0xf9, 0x00, 0x2f, 0xf9, 0x00, 0x00, 0x00,
    0x1f, 0xfd, 0xef, 0xf1, 0x1f, 0xfa, 0x00, 0x1f,
    0xf9, 0x6f, 0xff, 0xf6, 0x00, 0x00, 0x00, 0x4f,
    0xff, 0xff, 0xf3, 0x1f, 0xfa, 0x00, 0x1f, 0xf9,
    0x2f, 0xff, 0xc0, 0x00, 0x01, 0x6d, 0xff, 0xff,
    0xf9, 0x10, 0x1f, 0xfa, 0x00, 0x1f, 0xf9, 0x07,
    0x63, 0x00, 0x00, 0x0e, 0xff, 0xff, 0xf8, 0x10,
    0x00, 0x1f, 0xfa, 0x00, 0x1e, 0xe8, 0x00, 0x00,
    0x21, 0x00, 0x09, 0xff, 0xe7, 0x10, 0x00, 0x00,
    0x1f, 0xfa, 0x00, 0x00, 0x00, 0x00, 0x00, 0x7f,
    0xa1, 0x03, 0xe6, 0x00, 0x00, 0x00, 0x00, 0x1f,
    0xfa, 0x00, 0x00, 0x00, 0x00, 0x00, 0x9f, 0xf0,
    0x00, 0x00, 0x00, 0x00, 0x00, 0x00, 0x0f, 0xfc,
    0x00, 0x00, 0x00, 0x00, 0x00, 0xdf, 0xe0, 0x00,
    0x00, 0x00, 0x00, 0x00, 0x00, 0x0d, 0xff, 0xc9,
    0x99, 0x99, 0x99, 0x9d, 0xff, 0x90, 0x00, 0x00,
    0x00, 0x00, 0x00, 0x00, 0x07, 0xff, 0xff, 0xff,
    0xff, 0xff, 0xff, 0xff, 0x20, 0x00, 0x00, 0x00,
    0x00, 0x00, 0x00, 0x00, 0x6b, 0xef, 0xff, 0xff,
    0xff, 0xfe, 0xb3, 0x00,

    /* U+578B "型" */
    0x00, 0x00, 0x00, 0x00, 0x00, 0x00, 0x00, 0x00,
    0x00, 0x00, 0x00, 0x01, 0x21, 0x00, 0x00, 0x33,
    0x33, 0x33, 0x33, 0x33, 0x33, 0x31, 0x00, 0x00,
    0x00, 0x0c, 0xff, 0x00, 0x02, 0xff, 0xff, 0xff,
    0xff, 0xff, 0xff, 0xf7, 0x01, 0xdd, 0x70, 0x0c,
    0xff, 0x00, 0x02, 0xff, 0xff, 0xff, 0xff, 0xff,
    0xff, 0xf7, 0x01, 0xff, 0x80, 0x0c, 0xff, 0x00,
    0x00, 0x22, 0x9f, 0xf3, 0x22, 0xbf, 0xf2, 0x20,
    0x01, 0xff, 0x80, 0x0c, 0xff, 0x00, 0x00, 0x00,
    0x8f, 0xf1, 0x00, 0xbf, 0xf0, 0x00, 0x01, 0xff,
    0x80, 0x0c, 0xff, 0x00, 0x00, 0x00, 0x8f, 0xf1,
    0x00, 0xbf, 0xf0, 0x00, 0x01, 0xff, 0x80, 0x0c,
    0xff, 0x00, 0x03, 0x33, 0xaf, 0xf4, 0x33, 0xcf,
    0xf3, 0x33, 0x01, 0xff, 0x80, 0x0c, 0xff, 0x00,
    0x3f, 0xff, 0xff, 0xff, 0xff, 0xff, 0xff, 0xff,
    0x11, 0xff, 0x80, 0x0c, 0xff, 0x00, 0x3f, 0xff,
    0xff, 0xff, 0xff, 0xff, 0xff, 0xff, 0x11, 0xff,
    0x80, 0x0c, 0xff, 0x00, 0x15, 0x55, 0xef, 0xe5,
    0x55, 0xcf, 0xf5, 0x55, 0x01, 0xff, 0x80, 0x0c,
    0xff, 0x00, 0x00, 0x01, 0xff, 0xa0, 0x00, 0xbf,
    0xf0, 0x00, 0x01, 0xff, 0x80, 0x0c, 0xff, 0x00,
    0x00, 0x08, 0xff, 0x60, 0x00, 0xbf, 0xf0, 0x00,
    0x00, 0x44, 0x20, 0x0c, 0xff, 0x00, 0x00, 0x3f,
    0xfe, 0x00, 0x00, 0xbf, 0xf0, 0x00, 0x00, 0x00,
    0x00, 0x0c, 0xff, 0x00, 0x04, 0xef, 0xf6, 0x00,
    0x00, 0xbf, 0xf0, 0x00, 0x00, 0x03, 0x66, 0x6e,
    0xfe, 0x00, 0x4f, 0xff, 0xa0, 0x00, 0x00, 0xbf,
    0xf0, 0x00, 0x00, 0x03, 0xff, 0xff, 0xfc, 0x00,
    0x09, 0xf9, 0x00, 0x00, 0x00, 0x7b, 0xdd, 0xd6,
    0x00, 0x00, 0xdf, 0xff, 0xb2, 0x00, 0x00, 0x30,
    0x00, 0x00, 0x00, 0x00, 0x6f, 0xf7, 0x00, 0x00,
    0x11, 0x00, 0x00, 0x00, 0x00, 0x00, 0x00, 0x00,
    0x00, 0x00, 0x6f, 0xf7, 0x00, 0x00, 0x00, 0x00,
    0x00, 0x00, 0x00, 0x08, 0xff, 0xff, 0xff, 0xff,
    0xff, 0xff, 0xff, 0xff, 0xff, 0xff, 0x60, 0x00,
    0x00, 0x08, 0xff, 0xff, 0xff, 0xff, 0xff, 0xff,
    0xff, 0xff, 0xff, 0xff, 0x60, 0x00, 0x00, 0x05,
    0xaa, 0xaa, 0xaa, 0xaa, 0xcf, 0xfd, 0xaa, 0xaa,
    0xaa, 0xaa, 0x40, 0x00, 0x00, 0x00, 0x00, 0x00,
    0x00, 0x00, 0x6f, 0xf7, 0x00, 0x00, 0x00, 0x00,
    0x00, 0x00, 0x00, 0x00, 0x00, 0x00, 0x00, 0x00,
    0x6f, 0xf7, 0x00, 0x00, 0x00, 0x00, 0x00, 0x00,
    0x00, 0x00, 0x00, 0x00, 0x00, 0x00, 0x7f, 0xf8,
    0x00, 0x00, 0x00, 0x00, 0x00, 0x00, 0xaf, 0xff,
    0xff, 0xff, 0xff, 0xff, 0xff, 0xff, 0xff, 0xff,
    0xff, 0xff, 0xff, 0xf8, 0xaf, 0xff, 0xff, 0xff,
    0xff, 0xff, 0xff, 0xff, 0xff, 0xff, 0xff, 0xff,
    0xff, 0xf8, 0x59, 0x99, 0x99, 0x99, 0x99, 0x99,
    0x99, 0x99, 0x99, 0x99, 0x99, 0x99, 0x99, 0x94,

    /* U+57FA "基" */
    0x00, 0x00, 0x00, 0x07, 0x87, 0x00, 0x00, 0x00,
    0x00, 0x00, 0x78, 0x70, 0x00, 0x00, 0x00, 0x00,
    0x00, 0x00, 0x0e, 0xfe, 0x00, 0x00, 0x00, 0x00,
    0x00, 0xef, 0xf0, 0x00, 0x00, 0x00, 0x00, 0x00,
    0x00, 0x0e, 0xfe, 0x00, 0x00, 0x00, 0x00, 0x00,
    0xef, 0xf0, 0x00, 0x00, 0x00, 0x00, 0x4e, 0xee,
    0xef, 0xff, 0xee, 0xee, 0xee, 0xee, 0xee, 0xff,
    0xfe, 0xee, 0xe5, 0x00, 0x00, 0x5f, 0xff, 0xff,
    0xff, 0xff, 0xff, 0xff, 0xff, 0xff, 0xff, 0xff,
    0xff, 0xf5, 0x00, 0x00, 0x26, 0x66, 0x6f, 0xff,
    0x66, 0x66, 0x66, 0x66, 0x66, 0xff, 0xf6, 0x66,
    0x62, 0x00, 0x00, 0x00, 0x00, 0x0e, 0xfe, 0x00,
    0x00, 0x00, 0x00, 0x00, 0xef, 0xf0, 0x00, 0x00,
    0x00, 0x00, 0x00, 0x00, 0x0e, 0xff, 0xee, 0xee,
    0xee, 0xee, 0xee, 0xff, 0xf0, 0x00, 0x00, 0x00,
    0x00, 0x00, 0x00, 0x0e, 0xff, 0xff, 0xff, 0xff,
    0xff, 0xff, 0xff, 0xf0, 0x00, 0x00, 0x00, 0x00,
    0x00, 0x00, 0x0e, 0xff, 0x22, 0x22, 0x22, 0x22,
    0x22, 0xff, 0xf0, 0x00, 0x00, 0x00, 0x00, 0x00,
    0x00, 0x0e, 0xfe, 0x00, 0x00, 0x00, 0x00, 0x00,
    0xef, 0xf0, 0x00, 0x00, 0x00, 0x00, 0x00, 0x00,
    0x0e, 0xff, 0xff, 0xff, 0xff, 0xff, 0xff, 0xff,
    0xf0, 0x00, 0x00, 0x00, 0x00, 0x00, 0x00, 0x0e,
    0xff, 0xff, 0xff, 0xff, 0xff, 0xff, 0xff, 0xf0,
    0x00, 0x00, 0x00, 0x00, 0x00, 0x00, 0x0e, 0xff,
    0x11, 0x11, 0x11, 0x11, 0x11, 0xff, 0xf0, 0x00,
    0x00, 0x00, 0x00, 0x00, 0x00, 0x0e, 0xfe, 0x00,
    0x00, 0x00, 0x00, 0x00, 0xef, 0xf0, 0x00, 0x00,
    0x00, 0x0c, 0xff, 0xff, 0xff, 0xff, 0xff, 0xff,
    0xff, 0xff, 0xff, 0xff, 0xff, 0xff, 0xff, 0xb0,
    0x0c, 0xff, 0xff, 0xff, 0xff, 0xff, 0xff, 0xff,
    0xff, 0xff, 0xff, 0xff, 0xff, 0xff, 0xb0, 0x04,
    0x55, 0x55, 0x5e, 0xff, 0x95, 0x55, 0x55, 0x55,
    0x58, 0xff, 0xe6, 0x55, 0x55, 0x30, 0x00, 0x00,
    0x00, 0xaf, 0xfc, 0x00, 0x06, 0x99, 0x10, 0x00,
    0x9f, 0xfb, 0x00, 0x00, 0x00, 0x00, 0x00, 0x1b,
    0xff, 0xd1, 0x00, 0x0b, 0xff, 0x20, 0x00, 0x0b,
    0xff, 0xd2, 0x00, 0x00, 0x00, 0x04, 0xef, 0xff,
    0x86, 0x66, 0x6d, 0xff, 0x86, 0x66, 0x66, 0xcf,
    0xff, 0x80, 0x00, 0x03, 0xbf, 0xff, 0xc9, 0xff,
    0xff, 0xff, 0xff, 0xff, 0xff, 0xff, 0x29, 0xff,
    0xfe, 0x70, 0x0a, 0xff, 0xf9, 0x07, 0xee, 0xee,
    0xef, 0xff, 0xfe, 0xee, 0xee, 0x10, 0x5f, 0xff,
    0x40, 0x00, 0xcc, 0x30, 0x00, 0x00, 0x00, 0x0b,
    0xff, 0x20, 0x00, 0x00, 0x00, 0x01, 0x97, 0x00,
    0x00, 0x00, 0x00, 0x00, 0x00, 0x00, 0x0b, 0xff,
    0x20, 0x00, 0x00, 0x00, 0x00, 0x00, 0x00, 0x00,
    0x03, 0x77, 0x77, 0x77, 0x77, 0x7d, 0xff, 0x87,
    0x77, 0x77, 0x77, 0x77, 0x20, 0x00, 0x00, 0x08,
    0xff, 0xff, 0xff, 0xff, 0xff, 0xff, 0xff, 0xff,
    0xff, 0xff, 0xff, 0x50, 0x00, 0x00, 0x07, 0xee,
    0xee, 0xee, 0xee, 0xee, 0xee, 0xee, 0xee, 0xee,
    0xee, 0xee, 0x40, 0x00,

    /* U+58F0 "声" */
    0x00, 0x00, 0x00, 0x00, 0x00, 0x00, 0x05, 0x66,
    0x00, 0x00, 0x00, 0x00, 0x00, 0x00, 0x00, 0x00,
    0x00, 0x00, 0x00, 0x00, 0x0c, 0xff, 0x10, 0x00,
    0x00, 0x00, 0x00, 0x00, 0x00, 0x00, 0x00, 0x00,
    0x00, 0x00, 0x0c, 0xff, 0x10, 0x00, 0x00, 0x00,
    0x00, 0x00, 0x04, 0xff, 0xff, 0xff, 0xff, 0xff,
    0xff, 0xff, 0xff, 0xff, 0xff, 0xff, 0xff, 0xfa,
    0x04, 0xff, 0xff, 0xff, 0xff, 0xff, 0xff, 0xff,
    0xff, 0xff, 0xff, 0xff, 0xff, 0xfb, 0x02, 0x77,
    0x77, 0x77, 0x77, 0x77, 0x7e, 0xff, 0x87, 0x77,
    0x77, 0x77, 0x77, 0x75, 0x00, 0x00, 0x00, 0x00,
    0x00, 0x00, 0x0c, 0xff, 0x10, 0x00, 0x00, 0x00,
    0x00, 0x00, 0x00, 0x00, 0x00, 0x00, 0x00, 0x00,
    0x0c, 0xff, 0x10, 0x00, 0x00, 0x00, 0x00, 0x00,
    0x00, 0x06, 0xff, 0xff, 0xff, 0xff, 0xff, 0xff,
    0xff, 0xff, 0xff, 0xff, 0xff, 0x60, 0x00, 0x06,
    0xff, 0xff, 0xff, 0xff, 0xff, 0xff, 0xff, 0xff,
    0xff, 0xff, 0xff, 0x60, 0x00, 0x02, 0x66, 0x66,
    0x66, 0x66, 0x66, 0x66, 0x66, 0x66, 0x66, 0x66,
    0x66, 0x20, 0x00, 0x00, 0x00, 0x00, 0x00, 0x00,
    0x00, 0x00, 0x00, 0x00, 0x00, 0x00, 0x00, 0x00,
    0x00, 0x00, 0x46, 0x76, 0x66, 0x66, 0x66, 0x66,
    0x66, 0x66, 0x66, 0x66, 0x66, 0x00, 0x00, 0x00,
    0xaf, 0xff, 0xff, 0xff, 0xff, 0xff, 0xff, 0xff,
    0xff, 0xff, 0xff, 0x00, 0x00, 0x00, 0xaf, 0xff,
    0xff, 0xff, 0xff, 0xff, 0xff, 0xff, 0xff, 0xff,
    0xff, 0x00, 0x00, 0x00, 0xaf, 0xf2, 0x00, 0x00,
    0x0b, 0xff, 0x00, 0x00, 0x00, 0x0e, 0xff, 0x00,
    0x00, 0x00, 0xaf, 0xf2, 0x00, 0x00, 0x0b, 0xff,
    0x00, 0x00, 0x00, 0x0e, 0xff, 0x00, 0x00, 0x00,
    0xaf, 0xf2, 0x00, 0x00, 0x0b, 0xff, 0x00, 0x00,
    0x00, 0x0e, 0xff, 0x00, 0x00, 0x00, 0xcf, 0xf4,
    0x33, 0x33, 0x3c, 0xff, 0x43, 0x33, 0x33, 0x3e,
    0xff, 0x00, 0x00, 0x00, 0xdf, 0xff, 0xff, 0xff,
    0xff, 0xff, 0xff, 0xff, 0xff, 0xff, 0xff, 0x00,
    0x00, 0x00, 0xff, 0xff, 0xff, 0xff, 0xff, 0xff,
    0xff, 0xff, 0xff, 0xff, 0xff, 0x00, 0x00, 0x04,
    0xff, 0xb3, 0x33, 0x33, 0x33, 0x33, 0x33, 0x33,
    0x33, 0x3e, 0xff, 0x00, 0x00, 0x09, 0xff, 0x50,
    0x00, 0x00, 0x00, 0x00, 0x00, 0x00, 0x00, 0x0a,
    0xcb, 0x00, 0x00, 0x1f, 0xff, 0x10, 0x00, 0x00,
    0x00, 0x00, 0x00, 0x00, 0x00, 0x00, 0x00, 0x00,
    0x00, 0x9f, 0xfa, 0x00, 0x00, 0x00, 0x00, 0x00,
    0x00, 0x00, 0x00, 0x00, 0x00, 0x00, 0x05, 0xff,
    0xf2, 0x00, 0x00, 0x00, 0x00, 0x00, 0x00, 0x00,
    0x00, 0x00, 0x00, 0x00, 0x3f, 0xff, 0x80, 0x00,
    0x00, 0x00, 0x00, 0x00, 0x00, 0x00, 0x00, 0x00,
    0x00, 0x00, 0x08, 0xfc, 0x00, 0x00, 0x00, 0x00,
    0x00, 0x00, 0x00, 0x00, 0x00, 0x00, 0x00, 0x00,
    0x00, 0x51, 0x00, 0x00, 0x00, 0x00, 0x00, 0x00,
    0x00, 0x00, 0x00, 0x00, 0x00, 0x00,

    /* U+5907 "备" */
    0x00, 0x00, 0x00, 0x00, 0x00, 0x36, 0x30, 0x00,
    0x00, 0x00, 0x00, 0x00, 0x00, 0x00, 0x00, 0x00,
    0x00, 0x00, 0x00, 0x01, 0xef, 0xf6, 0x00, 0x00,
    0x00, 0x00, 0x00, 0x00, 0x00, 0x00, 0x00, 0x00,
    0x00, 0x00, 0x0b, 0xff, 0xb0, 0x00, 0x00, 0x00,
    0x00, 0x00, 0x00, 0x00, 0x00, 0x00, 0x00, 0x00,
    0x00, 0xaf, 0xff, 0xff, 0xff, 0xff, 0xff, 0xff,
    0xfa, 0x10, 0x00, 0x00, 0x00, 0x00, 0x00, 0x0a,
    0xff, 0xff, 0xff, 0xff, 0xff, 0xff, 0xff, 0xff,
    0x50, 0x00, 0x00, 0x00, 0x00, 0x02, 0xcf, 0xff,
    0x98, 0x88, 0x88, 0x88, 0x89, 0xff, 0xf9, 0x00,
    0x00, 0x00, 0x00, 0x00, 0x6f, 0xff, 0xff, 0xb1,
    0x00, 0x00, 0x00, 0x1c, 0xff, 0xc0, 0x00, 0x00,
    0x00, 0x00, 0x5d, 0xff, 0xfc, 0xef, 0xfe, 0x40,
    0x00, 0x04, 0xef, 0xfc, 0x00, 0x00, 0x00, 0x00,
    0x00, 0x5f, 0xff, 0x80, 0x1c, 0xff, 0xfa, 0x22,
    0xaf, 0xff, 0xa0, 0x00, 0x00, 0x00, 0x00, 0x00,
    0x07, 0xc3, 0x00, 0x00, 0x9f, 0xff, 0xff, 0xff,
    0xf7, 0x00, 0x00, 0x00, 0x00, 0x00, 0x00, 0x00,
    0x00, 0x00, 0x00, 0x09, 0xff, 0xff, 0xff, 0x91,
    0x00, 0x00, 0x00, 0x00, 0x00, 0x00, 0x00, 0x00,
    0x01, 0x5a, 0xff, 0xff, 0xff, 0xff, 0xff, 0xd8,
    0x41, 0x00, 0x00, 0x00, 0x00, 0x03, 0x69, 0xdf,
    0xff, 0xff, 0xfc, 0x55, 0xcf, 0xff, 0xff, 0xff,
    0xeb, 0x86, 0x41, 0x1e, 0xff, 0xff, 0xff, 0xff,
    0xe8, 0x20, 0x00, 0x02, 0x8d, 0xff, 0xff, 0xff,
    0xff, 0xc0, 0x09, 0xff, 0xff, 0xfc, 0x73, 0x00,
    0x00, 0x00, 0x00, 0x00, 0x16, 0xad, 0xff, 0xff,
    0x30, 0x03, 0xda, 0x9c, 0x88, 0x88, 0x88, 0x88,
    0x88, 0x88, 0x88, 0x88, 0x88, 0x93, 0x66, 0x00,
    0x00, 0x00, 0x3f, 0xff, 0xff, 0xff, 0xff, 0xff,
    0xff, 0xff, 0xff, 0xff, 0xf0, 0x00, 0x00, 0x00,
    0x00, 0x3f, 0xff, 0xff, 0xff, 0xff, 0xff, 0xff,
    0xff, 0xff, 0xff, 0xf0, 0x00, 0x00, 0x00, 0x00,
    0x3f, 0xfb, 0x00, 0x00, 0x0d, 0xff, 0x10, 0x00,
    0x00, 0xef, 0xf0, 0x00, 0x00, 0x00, 0x00, 0x3f,
    0xfb, 0x00, 0x00, 0x0d, 0xff, 0x10, 0x00, 0x00,
    0xef, 0xf0, 0x00, 0x00, 0x00, 0x00, 0x3f, 0xff,
    0xff, 0xff, 0xff, 0xff, 0xff, 0xff, 0xff, 0xff,
    0xf0, 0x00, 0x00, 0x00, 0x00, 0x3f, 0xff, 0xff,
    0xff, 0xff, 0xff, 0xff, 0xff, 0xff, 0xff, 0xf0,
    0x00, 0x00, 0x00, 0x00, 0x3f, 0xfc, 0x44, 0x44,
    0x4e, 0xff, 0x64, 0x44, 0x44, 0xff, 0xf0, 0x00,
    0x00, 0x00, 0x00, 0x3f, 0xfb, 0x00, 0x00, 0x0d,
    0xff, 0x10, 0x00, 0x00, 0xef, 0xf0, 0x00, 0x00,
    0x00, 0x00, 0x3f, 0xfb, 0x00, 0x00, 0x0d, 0xff,
    0x10, 0x00, 0x00, 0xef, 0xf0, 0x00, 0x00, 0x00,
    0x00, 0x3f, 0xff, 0xff, 0xff, 0xff, 0xff, 0xff,
    0xff, 0xff, 0xff, 0xf0, 0x00, 0x00, 0x00, 0x00,
    0x3f, 0xff, 0xff, 0xff, 0xff, 0xff, 0xff, 0xff,
    0xff, 0xff, 0xf0, 0x00, 0x00, 0x00, 0x00, 0x3f,
    0xfd, 0x88, 0x88, 0x88, 0x88, 0x88, 0x88, 0x88,
    0xff, 0xf0, 0x00, 0x00, 0x00, 0x00, 0x00, 0x00,
    0x00, 0x00, 0x00, 0x00, 0x00, 0x00, 0x00, 0x00,
    0x00, 0x00, 0x00,

    /* U+590D "复" */
    0x00, 0x00, 0x00, 0x00, 0x00, 0x00, 0x00, 0x00,
    0x00, 0x00, 0x00, 0x00, 0x00, 0x00, 0x00, 0x00,
    0x00, 0x00, 0x09, 0xe9, 0x10, 0x00, 0x00, 0x00,
    0x00, 0x00, 0x00, 0x00, 0x00, 0x00, 0x00, 0x00,
    0x00, 0x3f, 0xfd, 0x00, 0x00, 0x00, 0x00, 0x00,
    0x00, 0x00, 0x00, 0x00, 0x00, 0x00, 0x00, 0x01,
    0xef, 0xf9, 0x66, 0x66, 0x66, 0x66, 0x66, 0x66,
    0x66, 0x66, 0x62, 0x00, 0x00, 0x00, 0x0c, 0xff,
    0xff, 0xff, 0xff, 0xff, 0xff, 0xff, 0xff, 0xff,
    0xff, 0xf5, 0x00, 0x00, 0x00, 0xcf, 0xff, 0xff,
    0xff, 0xff, 0xff, 0xff, 0xff, 0xff, 0xff, 0xff,
    0xf5, 0x00, 0x00, 0x2d, 0xff, 0xd1, 0x00, 0x00,
    0x00, 0x00, 0x00, 0x00, 0x00, 0x00, 0x00, 0x00,
    0x00, 0x04, 0xef, 0xfe, 0xcc, 0xcc, 0xcc, 0xcc,
    0xcc, 0xcc, 0xcc, 0xcc, 0xcc, 0xc3, 0x00, 0x00,
    0x02, 0xef, 0xe2, 0xcf, 0xff, 0xff, 0xff, 0xff,
    0xff, 0xff, 0xff, 0xff, 0xf4, 0x00, 0x00, 0x00,
    0x4c, 0x10, 0xcf, 0xf3, 0x33, 0x33, 0x33, 0x33,
    0x33, 0x33, 0xcf, 0xf4, 0x00, 0x00, 0x00, 0x00,
    0x00, 0xcf, 0xf0, 0x00, 0x00, 0x00, 0x00, 0x00,
    0x00, 0xbf, 0xf4, 0x00, 0x00, 0x00, 0x00, 0x00,
    0xcf, 0xfe, 0xee, 0xee, 0xee, 0xee, 0xee, 0xee,
    0xff, 0xf4, 0x00, 0x00, 0x00, 0x00, 0x00, 0xcf,
    0xff, 0xff, 0xff, 0xff, 0xff, 0xff, 0xff, 0xff,
    0xf4, 0x00, 0x00, 0x00, 0x00, 0x00, 0xcf, 0xf0,
    0x00, 0x00, 0x00, 0x00, 0x00, 0x00, 0xbf, 0xf4,
    0x00, 0x00, 0x00, 0x00, 0x00, 0xcf, 0xf3, 0x33,
    0x33, 0x33, 0x33, 0x33, 0x33, 0xcf, 0xf4, 0x00,
    0x00, 0x00, 0x00, 0x00, 0xcf, 0xff, 0xff, 0xff,
    0xff, 0xff, 0xff, 0xff, 0xff, 0xf4, 0x00, 0x00,
    0x00, 0x00, 0x00, 0xac, 0xce, 0xff, 0xec, 0xcc,
    0xcc, 0xcc, 0xcc, 0xcc, 0xc3, 0x00, 0x00, 0x00,
    0x00, 0x00, 0x00, 0x4f, 0xfe, 0x10, 0x00, 0x00,
    0x00, 0x00, 0x00, 0x00, 0x00, 0x00, 0x00, 0x00,
    0x00, 0x05, 0xff, 0xff, 0xff, 0xff, 0xff, 0xff,
    0xff, 0xfd, 0x40, 0x00, 0x00, 0x00, 0x00, 0x00,
    0x8f, 0xff, 0xff, 0xff, 0xff, 0xff, 0xff, 0xff,
    0xff, 0x90, 0x00, 0x00, 0x00, 0x00, 0x3d, 0xff,
    0xff, 0x92, 0x22, 0x22, 0x22, 0x24, 0xef, 0xfb,
    0x00, 0x00, 0x00, 0x00, 0x1b, 0xff, 0xfb, 0x8f,
    0xfb, 0x20, 0x00, 0x00, 0x7f, 0xff, 0xa0, 0x00,
    0x00, 0x00, 0x00, 0x07, 0xff, 0x60, 0x06, 0xff,
    0xf9, 0x21, 0x7e, 0xff, 0xf7, 0x00, 0x00, 0x00,
    0x00, 0x00, 0x00, 0x51, 0x00, 0x00, 0x2c, 0xff,
    0xff, 0xff, 0xfc, 0x20, 0x00, 0x00, 0x00, 0x00,
    0x00, 0x00, 0x00, 0x00, 0x14, 0x8c, 0xff, 0xff,
    0xff, 0xf9, 0x52, 0x00, 0x00, 0x00, 0x00, 0x02,
    0x45, 0x79, 0xce, 0xff, 0xff, 0xff, 0xec, 0xff,
    0xff, 0xff, 0xfd, 0xba, 0x87, 0x50, 0x0c, 0xff,
    0xff, 0xff, 0xff, 0xfc, 0x83, 0x00, 0x16, 0xae,
    0xff, 0xff, 0xff, 0xff, 0x50, 0x05, 0xff, 0xfe,
    0xc9, 0x73, 0x00, 0x00, 0x00, 0x00, 0x00, 0x25,
    0x8a, 0xde, 0xfc, 0x00, 0x00, 0x43, 0x10, 0x00,
    0x00, 0x00, 0x00, 0x00, 0x00, 0x00, 0x00, 0x00,
    0x00, 0x00, 0x00,

    /* U+591A "多" */
    0x00, 0x00, 0x00, 0x00, 0x00, 0x00, 0x75, 0x10,
    0x00, 0x00, 0x00, 0x00, 0x00, 0x00, 0x00, 0x00,
    0x00, 0x00, 0x00, 0x09, 0xff, 0xe1, 0x00, 0x00,
    0x00, 0x00, 0x00, 0x00, 0x00, 0x00, 0x00, 0x00,
    0x00, 0xaf, 0xff, 0x30, 0x00, 0x00, 0x00, 0x00,
    0x00, 0x00, 0x00, 0x00, 0x00, 0x00, 0x1b, 0xff,
    0xff, 0xff, 0xff, 0xff, 0xfe, 0x60, 0x00, 0x00,
    0x00, 0x00, 0x00, 0x04, 0xef, 0xff, 0xff, 0xff,
    0xff, 0xff, 0xff, 0xd0, 0x00, 0x00, 0x00, 0x00,
    0x01, 0xaf, 0xff, 0xc8, 0x88, 0x88, 0x88, 0xbf,
    0xff, 0x30, 0x00, 0x00, 0x00, 0x01, 0x8f, 0xff,
    0xf7, 0x00, 0x00, 0x00, 0x02, 0xef, 0xf7, 0x00,
    0x00, 0x00, 0x00, 0x7f, 0xff, 0xfc, 0x26, 0x20,
    0x00, 0x00, 0x3e, 0xff, 0x90, 0x00, 0x00, 0x00,
    0x00, 0x1d, 0xfd, 0x51, 0xcf, 0xf7, 0x00, 0x07,
    0xff, 0xf9, 0x00, 0x00, 0x00, 0x00, 0x00, 0x02,
    0x60, 0x00, 0x5f, 0xff, 0xa4, 0xcf, 0xff, 0x70,
    0x00, 0x00, 0x00, 0x00, 0x00, 0x00, 0x00, 0x00,
    0x02, 0xdf, 0xff, 0xff, 0xe4, 0x00, 0x00, 0x00,
    0x00, 0x00, 0x00, 0x00, 0x00, 0x00, 0x04, 0xcf,
    0xff, 0xf9, 0x2b, 0x95, 0x10, 0x00, 0x00, 0x00,
    0x00, 0x00, 0x00, 0x38, 0xef, 0xff, 0xfb, 0x30,
    0xcf, 0xfd, 0x10, 0x00, 0x00, 0x00, 0x00, 0x36,
    0xae, 0xff, 0xff, 0xfb, 0x30, 0x1c, 0xff, 0xe2,
    0x00, 0x00, 0x00, 0x00, 0x08, 0xff, 0xff, 0xff,
    0xe8, 0x20, 0x02, 0xdf, 0xff, 0xff, 0xff, 0xff,
    0xff, 0x70, 0x00, 0xef, 0xfd, 0x83, 0x00, 0x00,
    0x6f, 0xff, 0xff, 0xff, 0xff, 0xff, 0xff, 0xf2,
    0x00, 0x55, 0x10, 0x00, 0x00, 0x3c, 0xff, 0xfb,
    0x99, 0x99, 0x99, 0x9f, 0xff, 0x90, 0x00, 0x00,
    0x00, 0x00, 0x2a, 0xff, 0xff, 0x60, 0x00, 0x00,
    0x00, 0x9f, 0xfe, 0x10, 0x00, 0x00, 0x00, 0x4a,
    0xff, 0xff, 0xa2, 0x00, 0x00, 0x00, 0x08, 0xff,
    0xf4, 0x00, 0x00, 0x00, 0x0c, 0xff, 0xff, 0xc3,
    0x4d, 0xc1, 0x00, 0x00, 0x9f, 0xff, 0x70, 0x00,
    0x00, 0x00, 0x04, 0xff, 0xb4, 0x01, 0xdf, 0xfe,
    0x40, 0x2c, 0xff, 0xf7, 0x00, 0x00, 0x00, 0x00,
    0x00, 0x52, 0x00, 0x00, 0x0b, 0xff, 0xfa, 0xff,
    0xff, 0x60, 0x00, 0x00, 0x00, 0x00, 0x00, 0x00,
    0x00, 0x00, 0x00, 0xaf, 0xff, 0xff, 0xd3, 0x00,
    0x00, 0x00, 0x00, 0x00, 0x00, 0x00, 0x00, 0x00,
    0x5a, 0xff, 0xff, 0xf8, 0x00, 0x00, 0x00, 0x00,
    0x00, 0x00, 0x00, 0x00, 0x47, 0xbf, 0xff, 0xff,
    0xf9, 0x20, 0x00, 0x00, 0x00, 0x00, 0x03, 0x46,
    0x8b, 0xdf, 0xff, 0xff, 0xff, 0xd7, 0x10, 0x00,
    0x00, 0x00, 0x00, 0x00, 0x0a, 0xff, 0xff, 0xff,
    0xff, 0xfd, 0x83, 0x00, 0x00, 0x00, 0x00, 0x00,
    0x00, 0x00, 0x04, 0xff, 0xff, 0xfc, 0x85, 0x10,
    0x00, 0x00, 0x00, 0x00, 0x00, 0x00, 0x00, 0x00,
    0x00, 0x86, 0x41, 0x00, 0x00, 0x00, 0x00, 0x00,
    0x00, 0x00, 0x00, 0x00, 0x00, 0x00,

    /* U+5927 "大" */
    0x00, 0x00, 0x00, 0x00, 0x00, 0x00, 0x25, 0x53,
    0x00, 0x00, 0x00, 0x00, 0x00, 0x00, 0x00, 0x00,
    0x00, 0x00, 0x00, 0x00, 0x07, 0xff, 0xa0, 0x00,
    0x00, 0x00, 0x00, 0x00, 0x00, 0x00, 0x00, 0x00,
    0x00, 0x00, 0x00, 0x7f, 0xfa, 0x00, 0x00, 0x00,
    0x00, 0x00, 0x00, 0x00, 0x00, 0x00, 0x00, 0x00,
    0x00, 0x07, 0xff, 0x90, 0x00, 0x00, 0x00, 0x00,
    0x00, 0x00, 0x00, 0x00, 0x00, 0x00, 0x00, 0x00,
    0x7f, 0xf9, 0x00, 0x00, 0x00, 0x00, 0x00, 0x00,
    0x00, 0x00, 0x00, 0x00, 0x00, 0x00, 0x08, 0xff,
    0x80, 0x00, 0x00, 0x00, 0x00, 0x00, 0x00, 0x00,
    0x00, 0x00, 0x00, 0x00, 0x00, 0x9f, 0xf7, 0x00,
    0x00, 0x00, 0x00, 0x00, 0x00, 0x00, 0x00, 0x00,
    0x00, 0x00, 0x00, 0x0a, 0xff, 0x60, 0x00, 0x00,
    0x00, 0x00, 0x00, 0x00, 0x00, 0x00, 0x00, 0x00,
    0x00, 0x00, 0xcf, 0xf4, 0x00, 0x00, 0x00, 0x00,
    0x00, 0x00, 0x01, 0xff, 0xff, 0xff, 0xff, 0xff,
    0xff, 0xff, 0xff, 0xff, 0xff, 0xff, 0xff, 0xff,
    0x60, 0x1f, 0xff, 0xff, 0xff, 0xff, 0xff, 0xff,
    0xff, 0xff, 0xff, 0xff, 0xff, 0xff, 0xf7, 0x01,
    0xff, 0xff, 0xff, 0xff, 0xff, 0xff, 0xff, 0xff,
    0xff, 0xff, 0xff, 0xff, 0xff, 0x60, 0x00, 0x00,
    0x00, 0x00, 0x00, 0x06, 0xff, 0xff, 0x90, 0x00,
    0x00, 0x00, 0x00, 0x00, 0x00, 0x00, 0x00, 0x00,
    0x00, 0x00, 0xbf, 0xff, 0xfe, 0x00, 0x00, 0x00,
    0x00, 0x00, 0x00, 0x00, 0x00, 0x00, 0x00, 0x00,
    0x0f, 0xff, 0xef, 0xf5, 0x00, 0x00, 0x00, 0x00,
    0x00, 0x00, 0x00, 0x00, 0x00, 0x00, 0x05, 0xff,
    0xe6, 0xff, 0xc0, 0x00, 0x00, 0x00, 0x00, 0x00,
    0x00, 0x00, 0x00, 0x00, 0x00, 0xcf, 0xf8, 0x0e,
    0xff, 0x40, 0x00, 0x00, 0x00, 0x00, 0x00, 0x00,
    0x00, 0x00, 0x00, 0x4f, 0xff, 0x20, 0x8f, 0xfd,
    0x00, 0x00, 0x00, 0x00, 0x00, 0x00, 0x00, 0x00,
    0x00, 0x0c, 0xff, 0xb0, 0x01, 0xff, 0xf7, 0x00,
    0x00, 0x00, 0x00, 0x00, 0x00, 0x00, 0x00, 0x07,
    0xff, 0xf3, 0x00, 0x07, 0xff, 0xf2, 0x00, 0x00,
    0x00, 0x00, 0x00, 0x00, 0x00, 0x03, 0xff, 0xf9,
    0x00, 0x00, 0x0d, 0xff, 0xd1, 0x00, 0x00, 0x00,
    0x00, 0x00, 0x00, 0x02, 0xef, 0xfe, 0x00, 0x00,
    0x00, 0x3f, 0xff, 0xc0, 0x00, 0x00, 0x00, 0x00,
    0x00, 0x02, 0xef, 0xff, 0x30, 0x00, 0x00, 0x00,
    0x7f, 0xff, 0xc1, 0x00, 0x00, 0x00, 0x00, 0x05,
    0xff, 0xff, 0x50, 0x00, 0x00, 0x00, 0x00, 0xaf,
    0xff, 0xd3, 0x00, 0x00, 0x00, 0x1a, 0xff, 0xff,
    0x50, 0x00, 0x00, 0x00, 0x00, 0x00, 0xbf, 0xff,
    0xf8, 0x00, 0x00, 0x7f, 0xff, 0xff, 0x40, 0x00,
    0x00, 0x00, 0x00, 0x00, 0x00, 0x9f, 0xff, 0xfe,
    0x60, 0x3f, 0xff, 0xfc, 0x20, 0x00, 0x00, 0x00,
    0x00, 0x00, 0x00, 0x00, 0x6f, 0xff, 0xf5, 0x00,
    0x4f, 0xe6, 0x00, 0x00, 0x00, 0x00, 0x00, 0x00,
    0x00, 0x00, 0x00, 0x2b, 0xf8, 0x00, 0x00, 0x30,
    0x00, 0x00, 0x00, 0x00, 0x00, 0x00, 0x00, 0x00,
    0x00, 0x00, 0x03, 0x00, 0x00,

    /* U+5929 "天" */
    0x00, 0x00, 0x00, 0x00, 0x00, 0x00, 0x00, 0x00,
    0x00, 0x00, 0x00, 0x00, 0x00, 0x00, 0x00, 0x0f,
    0xff, 0xff, 0xff, 0xff, 0xff, 0xff, 0xff, 0xff,
    0xff, 0xff, 0xff, 0xd0, 0x00, 0x00, 0xff, 0xff,
    0xff, 0xff, 0xff, 0xff, 0xff, 0xff, 0xff, 0xff,
    0xff, 0xfd, 0x00, 0x00, 0x0d, 0xee, 0xee, 0xee,
    0xee, 0xef, 0xff, 0xee, 0xee, 0xee, 0xee, 0xee,
    0xb0, 0x00, 0x00, 0x00, 0x00, 0x00, 0x00, 0x00,
    0xbf, 0xf4, 0x00, 0x00, 0x00, 0x00, 0x00, 0x00,
    0x00, 0x00, 0x00, 0x00, 0x00, 0x00, 0x0b, 0xff,
    0x40, 0x00, 0x00, 0x00, 0x00, 0x00, 0x00, 0x00,
    0x00, 0x00, 0x00, 0x00, 0x00, 0xbf, 0xf4, 0x00,
    0x00, 0x00, 0x00, 0x00, 0x00, 0x00, 0x00, 0x00,
    0x00, 0x00, 0x00, 0x0b, 0xff, 0x30, 0x00, 0x00,
    0x00, 0x00, 0x00, 0x00, 0x00, 0x00, 0x00, 0x00,
    0x00, 0x00, 0xcf, 0xf3, 0x00, 0x00, 0x00, 0x00,
    0x00, 0x00, 0x00, 0x00, 0x00, 0x00, 0x00, 0x00,
    0x0d, 0xff, 0x20, 0x00, 0x00, 0x00, 0x00, 0x00,
    0x00, 0x0f, 0xff, 0xff, 0xff, 0xff, 0xff, 0xff,
    0xff, 0xff, 0xff, 0xff, 0xff, 0xff, 0xf1, 0x00,
    0xff, 0xff, 0xff, 0xff, 0xff, 0xff, 0xff, 0xff,
    0xff, 0xff, 0xff, 0xff, 0xff, 0x10, 0x0e, 0xee,
    0xee, 0xee, 0xee, 0xef, 0xff, 0xff, 0xee, 0xee,
    0xee, 0xee, 0xee, 0xe1, 0x00, 0x00, 0x00, 0x00,
    0x00, 0x00, 0x9f, 0xff, 0xf4, 0x00, 0x00, 0x00,
    0x00, 0x00, 0x00, 0x00, 0x00, 0x00, 0x00, 0x00,
    0x0e, 0xff, 0xff, 0xc0, 0x00, 0x00, 0x00, 0x00,
    0x00, 0x00, 0x00, 0x00, 0x00, 0x00, 0x06, 0xff,
    0xec, 0xff, 0x40, 0x00, 0x00, 0x00, 0x00, 0x00,
    0x00, 0x00, 0x00, 0x00, 0x01, 0xef, 0xf8, 0x4f,
    0xfd, 0x00, 0x00, 0x00, 0x00, 0x00, 0x00, 0x00,
    0x00, 0x00, 0x00, 0xaf, 0xff, 0x10, 0xbf, 0xfa,
    0x00, 0x00, 0x00, 0x00, 0x00, 0x00, 0x00, 0x00,
    0x00, 0x7f, 0xff, 0x70, 0x02, 0xff, 0xf7, 0x00,
    0x00, 0x00, 0x00, 0x00, 0x00, 0x00, 0x00, 0x6f,
    0xff, 0xb0, 0x00, 0x07, 0xff, 0xf7, 0x00, 0x00,
    0x00, 0x00, 0x00, 0x00, 0x00, 0x8f, 0xff, 0xd1,
    0x00, 0x00, 0x0a, 0xff, 0xf9, 0x00, 0x00, 0x00,
    0x00, 0x00, 0x02, 0xcf, 0xff, 0xd2, 0x00, 0x00,
    0x00, 0x0b, 0xff, 0xfc, 0x30, 0x00, 0x00, 0x00,
    0x18, 0xff, 0xff, 0xc1, 0x00, 0x00, 0x00, 0x00,
    0x0a, 0xff, 0xff, 0xa2, 0x00, 0x02, 0x9f, 0xff,
    0xff, 0x80, 0x00, 0x00, 0x00, 0x00, 0x00, 0x07,
    0xff, 0xff, 0xfc, 0x60, 0x7f, 0xff, 0xfc, 0x30,
    0x00, 0x00, 0x00, 0x00, 0x00, 0x00, 0x03, 0xcf,
    0xff, 0xf8, 0x00, 0xaf, 0xc4, 0x00, 0x00, 0x00,
    0x00, 0x00, 0x00, 0x00, 0x00, 0x00, 0x4b, 0xfb,
    0x00, 0x01, 0x30, 0x00, 0x00, 0x00, 0x00, 0x00,
    0x00, 0x00, 0x00, 0x00, 0x00, 0x01, 0x10, 0x00,

    /* U+592A "太" */
    0x00, 0x00, 0x00, 0x00, 0x00, 0x00, 0x38, 0x85,
    0x00, 0x00, 0x00, 0x00, 0x00, 0x00, 0x00, 0x00,
    0x00, 0x00, 0x00, 0x00, 0x07, 0xff, 0xa0, 0x00,
    0x00, 0x00, 0x00, 0x00, 0x00, 0x00, 0x00, 0x00,
    0x00, 0x00, 0x00, 0x7f, 0xfa, 0x00, 0x00, 0x00,
    0x00, 0x00, 0x00, 0x00, 0x00, 0x00, 0x00, 0x00,
    0x00, 0x07, 0xff, 0x90, 0x00, 0x00, 0x00, 0x00,
    0x00, 0x00, 0x00, 0x00, 0x00, 0x00, 0x00, 0x00,
    0x7f, 0xf9, 0x00, 0x00, 0x00, 0x00, 0x00, 0x00,
    0x00, 0x00, 0x00, 0x00, 0x00, 0x00, 0x08, 0xff,
    0x80, 0x00, 0x00, 0x00, 0x00, 0x00, 0x00, 0x00,
    0x00, 0x00, 0x00, 0x00, 0x00, 0x9f, 0xf7, 0x00,
    0x00, 0x00, 0x00, 0x00, 0x00, 0x00, 0x00, 0x00,
    0x00, 0x00, 0x00, 0x0a, 0xff, 0x60, 0x00, 0x00,
    0x00, 0x00, 0x00, 0x00, 0x0c, 0xcc, 0xcc, 0xcc,
    0xcc, 0xcc, 0xff, 0xfd, 0xcc, 0xcc, 0xcc, 0xcc,
    0xcc, 0xc7, 0x01, 0xff, 0xff, 0xff, 0xff, 0xff,
    0xff, 0xff, 0xff, 0xff, 0xff, 0xff, 0xff, 0xff,
    0x90, 0x1f, 0xff, 0xff, 0xff, 0xff, 0xff, 0xff,
    0xff, 0xff, 0xff, 0xff, 0xff, 0xff, 0xf9, 0x00,
    0x22, 0x22, 0x22, 0x22, 0x22, 0x5f, 0xff, 0xfd,
    0x22, 0x22, 0x22, 0x22, 0x22, 0x10, 0x00, 0x00,
    0x00, 0x00, 0x00, 0x07, 0xff, 0xff, 0xf1, 0x00,
    0x00, 0x00, 0x00, 0x00, 0x00, 0x00, 0x00, 0x00,
    0x00, 0x00, 0xbf, 0xfe, 0xff, 0x70, 0x00, 0x00,
    0x00, 0x00, 0x00, 0x00, 0x00, 0x00, 0x00, 0x00,
    0x1f, 0xff, 0x4f, 0xfe, 0x00, 0x00, 0x00, 0x00,
    0x00, 0x00, 0x00, 0x00, 0x00, 0x00, 0x06, 0xff,
    0xd0, 0xcf, 0xf5, 0x00, 0x00, 0x00, 0x00, 0x00,
    0x00, 0x00, 0x00, 0x00, 0x00, 0xdf, 0xf7, 0x05,
    0xff, 0xd0, 0x00, 0x00, 0x00, 0x00, 0x00, 0x00,
    0x00, 0x00, 0x00, 0x5f, 0xff, 0x10, 0x0d, 0xff,
    0x60, 0x00, 0x00, 0x00, 0x00, 0x00, 0x00, 0x00,
    0x00, 0x0d, 0xff, 0x90, 0x00, 0x6f, 0xff, 0x10,
    0x00, 0x00, 0x00, 0x00, 0x00, 0x00, 0x00, 0x09,
    0xff, 0xf1, 0x00, 0x00, 0xdf, 0xfb, 0x00, 0x00,
    0x00, 0x00, 0x00, 0x00, 0x00, 0x05, 0xff, 0xfa,
    0x00, 0x00, 0x03, 0xff, 0xf8, 0x00, 0x00, 0x00,
    0x00, 0x00, 0x00, 0x04, 0xff, 0xff, 0xfc, 0x10,
    0x00, 0x09, 0xff, 0xf6, 0x00, 0x00, 0x00, 0x00,
    0x00, 0x05, 0xff, 0xfe, 0xff, 0xfe, 0x20, 0x00,
    0x0d, 0xff, 0xf6, 0x00, 0x00, 0x00, 0x00, 0x08,
    0xff, 0xff, 0x33, 0xef, 0xfe, 0x20, 0x00, 0x1e,
    0xff, 0xf9, 0x00, 0x00, 0x00, 0x3d, 0xff, 0xfe,
    0x30, 0x02, 0xef, 0xfe, 0x20, 0x00, 0x2e, 0xff,
    0xfd, 0x30, 0x03, 0xbf, 0xff, 0xfd, 0x20, 0x00,
    0x03, 0xff, 0xfd, 0x10, 0x00, 0x2e, 0xff, 0xff,
    0xb1, 0x4f, 0xff, 0xf8, 0x00, 0x00, 0x00, 0x04,
    0xff, 0xe3, 0x00, 0x00, 0x1b, 0xff, 0xf9, 0x00,
    0x5f, 0xb2, 0x00, 0x00, 0x00, 0x00, 0x06, 0xb1,
    0x00, 0x00, 0x00, 0x05, 0xec, 0x00, 0x00, 0x20,
    0x00, 0x00, 0x00, 0x00, 0x00, 0x00, 0x00, 0x00,
    0x00, 0x00, 0x00, 0x10, 0x00,

    /* U+59CB "始" */
    0x00, 0x00, 0x00, 0x00, 0x00, 0x00, 0x00, 0x00,
    0x00, 0x00, 0x00, 0x00, 0x00, 0x00, 0x00, 0x00,
    0x1e, 0xd7, 0x00, 0x00, 0x00, 0x00, 0x00, 0xec,
    0x81, 0x00, 0x00, 0x00, 0x00, 0x00, 0x03, 0xff,
    0x70, 0x00, 0x00, 0x00, 0x00, 0x6f, 0xfe, 0x00,
    0x00, 0x00, 0x00, 0x00, 0x00, 0x5f, 0xf4, 0x00,
    0x00, 0x00, 0x00, 0x0d, 0xff, 0x60, 0x00, 0x00,
    0x00, 0x00, 0x00, 0x08, 0xff, 0x20, 0x00, 0x00,
    0x00, 0x04, 0xff, 0xe0, 0x00, 0x00, 0x00, 0x00,
    0x00, 0x00, 0xaf, 0xf0, 0x00, 0x00, 0x00, 0x00,
    0xcf, 0xf5, 0x00, 0x07, 0x70, 0x00, 0x00, 0x00,
    0x0d, 0xfc, 0x00, 0x10, 0x00, 0x00, 0x5f, 0xfc,
    0x00, 0x0b, 0xff, 0x40, 0x00, 0x0c, 0xff, 0xff,
    0xff, 0xff, 0xfa, 0x00, 0x0d, 0xff, 0x30, 0x00,
    0x2f, 0xfe, 0x10, 0x00, 0xcf, 0xff, 0xff, 0xff,
    0xff, 0xa0, 0x07, 0xff, 0x90, 0x00, 0x00, 0x6f,
    0xfa, 0x00, 0x07, 0x9c, 0xff, 0xa9, 0x9f, 0xf8,
    0x02, 0xff, 0xe1, 0x00, 0x00, 0x00, 0xcf, 0xf4,
    0x00, 0x00, 0x9f, 0xf0, 0x01, 0xff, 0x70, 0xcf,
    0xfb, 0x78, 0x9a, 0xbc, 0xdf, 0xff, 0xd0, 0x00,
    0x0c, 0xfc, 0x00, 0x3f, 0xf6, 0xcf, 0xff, 0xff,
    0xff, 0xff, 0xff, 0xff, 0xff, 0x60, 0x00, 0xff,
    0x80, 0x06, 0xff, 0x3c, 0xff, 0xff, 0xff, 0xff,
    0xfd, 0xcb, 0x9f, 0xfe, 0x00, 0x4f, 0xf5, 0x00,
    0x8f, 0xf0, 0x7c, 0x97, 0x64, 0x31, 0x00, 0x00,
    0x00, 0x9f, 0xc1, 0x08, 0xff, 0x10, 0x0c, 0xfd,
    0x00, 0x00, 0x00, 0x00, 0x00, 0x00, 0x00, 0x02,
    0x40, 0x00, 0xcf, 0xd0, 0x00, 0xff, 0xa0, 0x00,
    0x00, 0x00, 0x00, 0x00, 0x00, 0x00, 0x00, 0x00,
    0x1f, 0xff, 0x50, 0x4f, 0xf6, 0x00, 0x7f, 0xff,
    0xff, 0xff, 0xff, 0xff, 0xff, 0x50, 0x00, 0x9f,
    0xff, 0x89, 0xff, 0x20, 0x08, 0xff, 0xff, 0xff,
    0xff, 0xff, 0xff, 0xf5, 0x00, 0x00, 0x5f, 0xff,
    0xff, 0xd0, 0x00, 0x8f, 0xfa, 0x99, 0x99, 0x99,
    0x9c, 0xff, 0x50, 0x00, 0x00, 0x3e, 0xff, 0xf8,
    0x00, 0x08, 0xff, 0x10, 0x00, 0x00, 0x00, 0x6f,
    0xf5, 0x00, 0x00, 0x00, 0x2f, 0xff, 0xd1, 0x00,
    0x8f, 0xf1, 0x00, 0x00, 0x00, 0x06, 0xff, 0x50,
    0x00, 0x00, 0x05, 0xff, 0xff, 0xd1, 0x08, 0xff,
    0x10, 0x00, 0x00, 0x00, 0x6f, 0xf5, 0x00, 0x00,
    0x01, 0xef, 0xfd, 0xff, 0xc0, 0x8f, 0xf1, 0x00,
    0x00, 0x00, 0x06, 0xff, 0x50, 0x00, 0x00, 0xbf,
    0xf7, 0x1d, 0xfd, 0x08, 0xff, 0x10, 0x00, 0x00,
    0x00, 0x6f, 0xf5, 0x00, 0x00, 0xbf, 0xfb, 0x00,
    0x2e, 0x30, 0x8f, 0xf8, 0x77, 0x77, 0x77, 0x7a,
    0xff, 0x50, 0x03, 0xdf, 0xfc, 0x10, 0x00, 0x10,
    0x08, 0xff, 0xff, 0xff, 0xff, 0xff, 0xff, 0xf5,
    0x00, 0x7f, 0xfc, 0x10, 0x00, 0x00, 0x00, 0x8f,
    0xff, 0xff, 0xff, 0xff, 0xff, 0xff, 0x50, 0x00,
    0x99, 0x00, 0x00, 0x00, 0x00, 0x08, 0xff, 0x20,
    0x00, 0x00, 0x00, 0x6f, 0xf5, 0x00, 0x00, 0x00,
    0x00, 0x00, 0x00, 0x00, 0x01, 0x10, 0x00, 0x00,
    0x00, 0x00, 0x00, 0x00, 0x00,

    /* U+5A9A "媚" */
    0x00, 0x00, 0x01, 0x00, 0x00, 0x00, 0x00, 0x00,
    0x00, 0x00, 0x00, 0x00, 0x00, 0x00, 0x00, 0x00,
    0x5f, 0xf2, 0x00, 0x00, 0x13, 0x43, 0x33, 0x33,
    0x33, 0x33, 0x33, 0x32, 0x00, 0x00, 0x7f, 0xf0,
    0x00, 0x00, 0x9f, 0xff, 0xff, 0xff, 0xff, 0xff,
    0xff, 0xfc, 0x00, 0x00, 0x8f, 0xe0, 0x00, 0x00,
    0x9f, 0xff, 0xff, 0xff, 0xff, 0xff, 0xff, 0xfc,
    0x00, 0x00, 0xaf, 0xc0, 0x00, 0x00, 0x9f, 0xf3,
    0x22, 0x8f, 0xf4, 0x22, 0x2e, 0xfc, 0x00, 0x00,
    0xdf, 0xa0, 0x00, 0x00, 0x9f, 0xf0, 0x00, 0x6f,
    0xf2, 0x00, 0x0e, 0xfc, 0x00, 0x00, 0xff, 0x80,
    0x11, 0x00, 0x9f, 0xf0, 0x00, 0x6f, 0xf2, 0x00,
    0x0e, 0xfc, 0x0a, 0xff, 0xff, 0xff, 0xff, 0xe0,
    0x9f, 0xf4, 0x33, 0x8f, 0xf5, 0x33, 0x3e, 0xfc,
    0x0a, 0xff, 0xff, 0xff, 0xff, 0xd0, 0x9f, 0xff,
    0xff, 0xff, 0xff, 0xff, 0xff, 0xfc, 0x05, 0x8c,
    0xff, 0x88, 0xef, 0xc0, 0x9f, 0xff, 0xff, 0xff,
    0xff, 0xff, 0xff, 0xfc, 0x00, 0x0a, 0xfc, 0x00,
    0xcf, 0xb0, 0x9f, 0xf2, 0x11, 0x11, 0x11, 0x11,
    0x11, 0x11, 0x00, 0x0d, 0xf9, 0x00, 0xef, 0x90,
    0x9f, 0xf1, 0x22, 0x22, 0x22, 0x22, 0x22, 0x21,
    0x00, 0x0f, 0xf6, 0x00, 0xff, 0x70, 0x9f, 0xf4,
    0xff, 0xff, 0xff, 0xff, 0xff, 0xfa, 0x00, 0x4f,
    0xf2, 0x02, 0xff, 0x50, 0x9f, 0xf3, 0xff, 0xff,
    0xff, 0xff, 0xff, 0xfa, 0x00, 0x7f, 0xf0, 0x05,
    0xff, 0x20, 0xaf, 0xf3, 0xff, 0x52, 0x22, 0x22,
    0x2e, 0xfa, 0x00, 0xbf, 0xc0, 0x08, 0xff, 0x00,
    0xbf, 0xe3, 0xff, 0x30, 0x00, 0x00, 0x0e, 0xfa,
    0x00, 0xff, 0x80, 0x0c, 0xfc, 0x00, 0xcf, 0xc3,
    0xff, 0xee, 0xee, 0xee, 0xef, 0xfa, 0x03, 0xff,
    0xe2, 0x1f, 0xf8, 0x00, 0xdf, 0xb3, 0xff, 0xff,
    0xff, 0xff, 0xff, 0xfa, 0x00, 0x9f, 0xff, 0x9f,
    0xf4, 0x00, 0xff, 0x93, 0xff, 0x75, 0x55, 0x55,
    0x5f, 0xfa, 0x00, 0x07, 0xff, 0xff, 0xe0, 0x01,
    0xff, 0x73, 0xff, 0x30, 0x00, 0x00, 0x0e, 0xfa,
    0x00, 0x00, 0x6f, 0xff, 0x90, 0x04, 0xff, 0x43,
    0xff, 0x64, 0x44, 0x44, 0x4f, 0xfa, 0x00, 0x00,
    0x0b, 0xff, 0xf3, 0x07, 0xff, 0x13, 0xff, 0xff,
    0xff, 0xff, 0xff, 0xfa, 0x00, 0x00, 0x3f, 0xff,
    0xfe, 0x1b, 0xfd, 0x03, 0xff, 0xff, 0xff, 0xff,
    0xff, 0xfa, 0x00, 0x01, 0xdf, 0xe9, 0xff, 0x6f,
    0xf9, 0x03, 0xff, 0x30, 0x00, 0x00, 0x0e, 0xfa,
    0x00, 0x0c, 0xff, 0x50, 0xba, 0x4f, 0xf5, 0x03,
    0xff, 0x30, 0x00, 0x00, 0x0e, 0xfa, 0x02, 0xcf,
    0xf7, 0x00, 0x10, 0xbf, 0xf0, 0x03, 0xff, 0xff,
    0xff, 0xff, 0xff, 0xfa, 0x0b, 0xff, 0x70, 0x00,
    0x02, 0xff, 0x80, 0x03, 0xff, 0xff, 0xff, 0xff,
    0xff, 0xfa, 0x00, 0xb4, 0x00, 0x00, 0x01, 0x7c,
    0x10, 0x03, 0xff, 0x74, 0x44, 0x44, 0x4f, 0xfa,

    /* U+5B58 "存" */
    0x00, 0x00, 0x00, 0x00, 0x00, 0x05, 0x40, 0x00,
    0x00, 0x00, 0x00, 0x00, 0x00, 0x00, 0x00, 0x00,
    0x00, 0x00, 0x00, 0x00, 0xef, 0xf2, 0x00, 0x00,
    0x00, 0x00, 0x00, 0x00, 0x00, 0x00, 0x00, 0x00,
    0x00, 0x00, 0x3f, 0xfd, 0x00, 0x00, 0x00, 0x00,
    0x00, 0x00, 0x00, 0x00, 0x00, 0x00, 0x00, 0x00,
    0x08, 0xff, 0x80, 0x00, 0x00, 0x00, 0x00, 0x00,
    0x00, 0x00, 0x00, 0xaa, 0xaa, 0xaa, 0xaa, 0xff,
    0xfb, 0xaa, 0xaa, 0xaa, 0xaa, 0xaa, 0xaa, 0xaa,
    0x40, 0x1f, 0xff, 0xff, 0xff, 0xff, 0xff, 0xff,
    0xff, 0xff, 0xff, 0xff, 0xff, 0xff, 0xf6, 0x01,
    0xff, 0xff, 0xff, 0xff, 0xff, 0xff, 0xff, 0xff,
    0xff, 0xff, 0xff, 0xff, 0xff, 0x60, 0x01, 0x11,
    0x11, 0x15, 0xff, 0xe1, 0x11, 0x11, 0x11, 0x11,
    0x11, 0x11, 0x11, 0x10, 0x00, 0x00, 0x00, 0x00,
    0xbf, 0xf7, 0x00, 0x00, 0x00, 0x00, 0x00, 0x00,
    0x00, 0x00, 0x00, 0x00, 0x00, 0x00, 0x4f, 0xfe,
    0x00, 0x00, 0x00, 0x00, 0x00, 0x00, 0x00, 0x00,
    0x00, 0x00, 0x00, 0x00, 0x0d, 0xff, 0x60, 0x3a,
    0xaa, 0xaa, 0xaa, 0xaa, 0xaa, 0xb9, 0x00, 0x00,
    0x00, 0x00, 0x08, 0xff, 0xd0, 0x05, 0xff, 0xff,
    0xff, 0xff, 0xff, 0xff, 0xfd, 0x00, 0x00, 0x00,
    0x05, 0xff, 0xf3, 0x00, 0x4f, 0xff, 0xff, 0xff,
    0xff, 0xff, 0xff, 0x50, 0x00, 0x00, 0x02, 0xef,
    0xf9, 0x00, 0x00, 0x00, 0x00, 0x00, 0x00, 0x9f,
    0xff, 0x40, 0x00, 0x00, 0x01, 0xdf, 0xff, 0x40,
    0x00, 0x00, 0x00, 0x00, 0x02, 0xcf, 0xfd, 0x20,
    0x00, 0x00, 0x01, 0xdf, 0xff, 0xf4, 0x00, 0x00,
    0x00, 0x00, 0x06, 0xff, 0xfa, 0x00, 0x00, 0x00,
    0x03, 0xef, 0xff, 0xff, 0x40, 0x00, 0x00, 0x00,
    0x00, 0xaf, 0xf6, 0x00, 0x00, 0x00, 0x00, 0xef,
    0xff, 0xbf, 0xf4, 0x00, 0x00, 0x00, 0x00, 0x0b,
    0xff, 0x40, 0x00, 0x00, 0x00, 0x06, 0xfe, 0x38,
    0xff, 0x40, 0xcf, 0xff, 0xff, 0xff, 0xff, 0xff,
    0xff, 0xff, 0xff, 0xc0, 0x0a, 0x10, 0x8f, 0xf4,
    0x0c, 0xff, 0xff, 0xff, 0xff, 0xff, 0xff, 0xff,
    0xff, 0xfc, 0x00, 0x00, 0x08, 0xff, 0x40, 0x79,
    0x99, 0x99, 0x99, 0xef, 0xfa, 0x99, 0x99, 0x99,
    0x70, 0x00, 0x00, 0x8f, 0xf4, 0x00, 0x00, 0x00,
    0x00, 0x0a, 0xff, 0x30, 0x00, 0x00, 0x00, 0x00,
    0x00, 0x08, 0xff, 0x40, 0x00, 0x00, 0x00, 0x00,
    0xaf, 0xf3, 0x00, 0x00, 0x00, 0x00, 0x00, 0x00,
    0x8f, 0xf4, 0x00, 0x00, 0x00, 0x00, 0x0a, 0xff,
    0x30, 0x00, 0x00, 0x00, 0x00, 0x00, 0x08, 0xff,
    0x40, 0x00, 0x00, 0x00, 0x00, 0xaf, 0xf3, 0x00,
    0x00, 0x00, 0x00, 0x00, 0x00, 0x8f, 0xf4, 0x00,
    0x00, 0x39, 0x99, 0x9e, 0xff, 0x20, 0x00, 0x00,
    0x00, 0x00, 0x00, 0x08, 0xff, 0x40, 0x00, 0x00,
    0xff, 0xff, 0xff, 0xf0, 0x00, 0x00, 0x00, 0x00,
    0x00, 0x00, 0x8f, 0xf4, 0x00, 0x00, 0x0b, 0xff,
    0xfe, 0xb3, 0x00, 0x00, 0x00, 0x00, 0x00, 0x00,
    0x00, 0x00, 0x00, 0x00, 0x00, 0x00, 0x00, 0x00,
    0x00, 0x00, 0x00, 0x00, 0x00,

    /* U+5B9A "定" */
    0x00, 0x00, 0x00, 0x00, 0x00, 0x00, 0x01, 0x54,
    0x00, 0x00, 0x00, 0x00, 0x00, 0x00, 0x00, 0x00,
    0x00, 0x00, 0x00, 0x00, 0x00, 0x3f, 0xfe, 0x00,
    0x00, 0x00, 0x00, 0x00, 0x00, 0x00, 0x00, 0x00,
    0x00, 0x00, 0x00, 0x00, 0x0d, 0xff, 0x60, 0x00,
    0x00, 0x00, 0x00, 0x00, 0x00, 0x00, 0x00, 0x00,
    0x00, 0x00, 0x00, 0x07, 0xff, 0xd0, 0x00, 0x00,
    0x00, 0x00, 0x00, 0x00, 0x00, 0xbf, 0xff, 0xff,
    0xff, 0xff, 0xff, 0xff, 0xff, 0xff, 0xff, 0xff,
    0xff, 0xfd, 0x00, 0x00, 0xbf, 0xff, 0xff, 0xff,
    0xff, 0xff, 0xff, 0xff, 0xff, 0xff, 0xff, 0xff,
    0xfd, 0x00, 0x00, 0xbf, 0xfa, 0xaa, 0xaa, 0xaa,
    0xaa, 0xaa, 0xaa, 0xaa, 0xaa, 0xaa, 0xaf, 0xfd,
    0x00, 0x00, 0xbf, 0xf1, 0x00, 0x00, 0x00, 0x00,
    0x00, 0x00, 0x00, 0x00, 0x00, 0x1f, 0xfd, 0x00,
    0x00, 0xbf, 0xf1, 0x00, 0x00, 0x00, 0x00, 0x00,
    0x00, 0x00, 0x00, 0x00, 0x1f, 0xfd, 0x00, 0x00,
    0xbf, 0xf1, 0x24, 0x44, 0x44, 0x44, 0x44, 0x44,
    0x44, 0x44, 0x42, 0x1f, 0xfd, 0x00, 0x00, 0xaf,
    0xf1, 0x8f, 0xff, 0xff, 0xff, 0xff, 0xff, 0xff,
    0xff, 0xf9, 0x1f, 0xfc, 0x00, 0x00, 0x00, 0x00,
    0x8f, 0xff, 0xff, 0xff, 0xff, 0xff, 0xff, 0xff,
    0xf9, 0x00, 0x00, 0x00, 0x00, 0x00, 0x00, 0x36,
    0x66, 0x66, 0x6b, 0xff, 0xa6, 0x66, 0x66, 0x63,
    0x00, 0x00, 0x00, 0x00, 0x00, 0x00, 0x00, 0x00,
    0x00, 0x08, 0xff, 0x60, 0x00, 0x00, 0x00, 0x00,
    0x00, 0x00, 0x00, 0x00, 0x00, 0x46, 0x41, 0x00,
    0x08, 0xff, 0x60, 0x00, 0x00, 0x00, 0x00, 0x00,
    0x00, 0x00, 0x00, 0x00, 0xbf, 0xf3, 0x00, 0x08,
    0xff, 0x60, 0x00, 0x00, 0x00, 0x00, 0x00, 0x00,
    0x00, 0x00, 0x00, 0xdf, 0xf0, 0x00, 0x08, 0xff,
    0x70, 0x00, 0x00, 0x00, 0x00, 0x00, 0x00, 0x00,
    0x00, 0x00, 0xff, 0xd0, 0x00, 0x08, 0xff, 0xff,
    0xff, 0xff, 0xff, 0xf1, 0x00, 0x00, 0x00, 0x00,
    0x04, 0xff, 0xb0, 0x00, 0x08, 0xff, 0xff, 0xff,
    0xff, 0xff, 0xf1, 0x00, 0x00, 0x00, 0x00, 0x08,
    0xff, 0xe0, 0x00, 0x08, 0xff, 0xca, 0xaa, 0xaa,
    0xaa, 0xa0, 0x00, 0x00, 0x00, 0x00, 0x0d, 0xff,
    0xf7, 0x00, 0x08, 0xff, 0x60, 0x00, 0x00, 0x00,
    0x00, 0x00, 0x00, 0x00, 0x00, 0x3f, 0xff, 0xff,
    0x20, 0x08, 0xff, 0x60, 0x00, 0x00, 0x00, 0x00,
    0x00, 0x00, 0x00, 0x00, 0xbf, 0xfa, 0xff, 0xe2,
    0x08, 0xff, 0x60, 0x00, 0x00, 0x00, 0x00, 0x00,
    0x00, 0x00, 0x04, 0xff, 0xe0, 0xaf, 0xff, 0x78,
    0xff, 0x60, 0x00, 0x00, 0x00, 0x00, 0x00, 0x00,
    0x00, 0x1d, 0xff, 0x60, 0x0b, 0xff, 0xff, 0xff,
    0x70, 0x00, 0x00, 0x00, 0x00, 0x00, 0x00, 0x00,
    0xcf, 0xfd, 0x00, 0x00, 0x9f, 0xff, 0xff, 0xff,
    0xed, 0xdd, 0xdd, 0xdd, 0xdd, 0xb0, 0x0b, 0xff,
    0xf2, 0x00, 0x00, 0x03, 0xbf, 0xff, 0xff, 0xff,
    0xff, 0xff, 0xff, 0xff, 0x70, 0x01, 0xcf, 0x40,
    0x00, 0x00, 0x00, 0x01, 0x59, 0xbd, 0xef, 0xff,
    0xff, 0xff, 0xff, 0x20, 0x00, 0x03, 0x00, 0x00,
    0x00, 0x00, 0x00, 0x00, 0x00, 0x00, 0x00, 0x00,
    0x00, 0x00, 0x00,

    /* U+5BFC "导" */
    0x00, 0x04, 0x44, 0x44, 0x44, 0x44, 0x44, 0x44,
    0x44, 0x44, 0x44, 0x44, 0x00, 0x00, 0x00, 0x0f,
    0xff, 0xff, 0xff, 0xff, 0xff, 0xff, 0xff, 0xff,
    0xff, 0xfd, 0x00, 0x00, 0x00, 0x1f, 0xff, 0xff,
    0xff, 0xff, 0xff, 0xff, 0xff, 0xff, 0xff, 0xfd,
    0x00, 0x00, 0x00, 0x0f, 0xff, 0x22, 0x22, 0x22,
    0x22, 0x22, 0x22, 0x22, 0x2f, 0xfd, 0x00, 0x00,
    0x00, 0x0f, 0xfe, 0x00, 0x00, 0x00, 0x00, 0x00,
    0x00, 0x00, 0x0f, 0xfd, 0x00, 0x00, 0x00, 0x0f,
    0xfe, 0x00, 0x00, 0x00, 0x00, 0x00, 0x00, 0x00,
    0x0f, 0xfd, 0x00, 0x00, 0x00, 0x0f, 0xff, 0xff,
    0xff, 0xff, 0xff, 0xff, 0xff, 0xff, 0xff, 0xfd,
    0x00, 0x00, 0x00, 0x0f, 0xff, 0xff, 0xff, 0xff,
    0xff, 0xff, 0xff, 0xff, 0xff, 0xfd, 0x00, 0x00,
    0x00, 0x0f, 0xff, 0x77, 0x77, 0x77, 0x77, 0x77,
    0x77, 0x77, 0x77, 0x76, 0x00, 0x00, 0x00, 0x0f,
    0xff, 0x00, 0x00, 0x00, 0x00, 0x00, 0x00, 0x00,
    0x00, 0x00, 0xfb, 0x60, 0x00, 0x0f, 0xff, 0x72,
    0x11, 0x11, 0x11, 0x11, 0x11, 0x11, 0x11, 0x29,
    0xff, 0xa0, 0x00, 0x09, 0xff, 0xff, 0xff, 0xff,
    0xff, 0xff, 0xff, 0xff, 0xff, 0xff, 0xff, 0x40,
    0x00, 0x00, 0x7d, 0xff, 0xff, 0xff, 0xff, 0xff,
    0xff, 0xff, 0xff, 0xff, 0xe6, 0x00, 0x00, 0x00,
    0x00, 0x02, 0x33, 0x33, 0x33, 0x33, 0x33, 0x44,
    0x43, 0x31, 0x00, 0x00, 0x00, 0x00, 0x00, 0x00,
    0x00, 0x00, 0x00, 0x00, 0x00, 0xef, 0xf0, 0x00,
    0x00, 0x00, 0x00, 0x00, 0x00, 0x00, 0x00, 0x00,
    0x00, 0x00, 0x00, 0xef, 0xf0, 0x00, 0x00, 0x00,
    0x2f, 0xff, 0xff, 0xff, 0xff, 0xff, 0xff, 0xff,
    0xff, 0xff, 0xff, 0xff, 0xff, 0xf6, 0x2f, 0xff,
    0xff, 0xff, 0xff, 0xff, 0xff, 0xff, 0xff, 0xff,
    0xff, 0xff, 0xff, 0xf6, 0x1a, 0xaa, 0xaa, 0xef,
    0xba, 0xaa, 0xaa, 0xaa, 0xaa, 0xff, 0xfb, 0xaa,
    0xaa, 0xa4, 0x00, 0x00, 0x07, 0xff, 0xb1, 0x00,
    0x00, 0x00, 0x00, 0xef, 0xf0, 0x00, 0x00, 0x00,
    0x00, 0x00, 0x02, 0xdf, 0xfd, 0x10, 0x00, 0x00,
    0x00, 0xef, 0xf0, 0x00, 0x00, 0x00, 0x00, 0x00,
    0x00, 0x0b, 0xff, 0xe2, 0x00, 0x00, 0x00, 0xef,
    0xf0, 0x00, 0x00, 0x00, 0x00, 0x00, 0x00, 0x00,
    0xbf, 0xfd, 0x00, 0x00, 0x00, 0xef, 0xf0, 0x00,
    0x00, 0x00, 0x00, 0x00, 0x00, 0x00, 0x0b, 0xf8,
    0x00, 0x00, 0x00, 0xef, 0xf0, 0x00, 0x00, 0x00,
    0x00, 0x00, 0x00, 0x00, 0x01, 0x60, 0x37, 0x77,
    0x78, 0xff, 0xf0, 0x00, 0x00, 0x00, 0x00, 0x00,
    0x00, 0x00, 0x00, 0x00, 0x1f, 0xff, 0xff, 0xff,
    0xc0, 0x00, 0x00, 0x00, 0x00, 0x00, 0x00, 0x00,
    0x00, 0x00, 0x0b, 0xff, 0xff, 0xd9, 0x20, 0x00,
    0x00, 0x00, 0x00, 0x00, 0x00, 0x00, 0x00, 0x00,
    0x00, 0x00, 0x00, 0x00, 0x00, 0x00, 0x00, 0x00,

    /* U+5C06 "将" */
    0x00, 0x00, 0x00, 0x8d, 0xd1, 0x00, 0x00, 0x00,
    0x00, 0x85, 0x10, 0x00, 0x00, 0x00, 0x00, 0x00,
    0x00, 0x0a, 0xff, 0x10, 0x00, 0x00, 0x00, 0x9f,
    0xfd, 0x00, 0x00, 0x00, 0x00, 0x00, 0x00, 0x00,
    0xaf, 0xf1, 0x00, 0x00, 0x00, 0x8f, 0xfe, 0x20,
    0x00, 0x00, 0x00, 0x00, 0x00, 0x00, 0x0a, 0xff,
    0x10, 0x00, 0x00, 0x9f, 0xff, 0xff, 0xff, 0xff,
    0xfe, 0x60, 0x00, 0x00, 0x00, 0xaf, 0xf1, 0x00,
    0x01, 0xcf, 0xff, 0xff, 0xff, 0xff, 0xff, 0xfc,
    0x00, 0x3e, 0x90, 0x0a, 0xff, 0x10, 0x06, 0xef,
    0xfd, 0x55, 0x55, 0x55, 0x7f, 0xff, 0x30, 0x0d,
    0xff, 0x80, 0xaf, 0xf1, 0x4c, 0xff, 0xfa, 0x20,
    0x00, 0x00, 0x0c, 0xff, 0x80, 0x00, 0x2e, 0xff,
    0x6a, 0xff, 0x12, 0xef, 0xd5, 0x8f, 0xa0, 0x00,
    0x1c, 0xff, 0xb0, 0x00, 0x00, 0x3f, 0xff, 0xdf,
    0xf1, 0x02, 0x70, 0x0a, 0xff, 0xb0, 0x4e, 0xff,
    0xc0, 0x00, 0x00, 0x00, 0x6f, 0xff, 0xff, 0x10,
    0x00, 0x00, 0x0a, 0xff, 0xdf, 0xff, 0xb0, 0x00,
    0x00, 0x00, 0x00, 0xba, 0xbf, 0xf1, 0x00, 0x00,
    0x00, 0x2f, 0xff, 0xff, 0x70, 0x00, 0x00, 0x00,
    0x00, 0x01, 0x0a, 0xff, 0x10, 0x00, 0x04, 0xaf,
    0xff, 0xfc, 0x30, 0x00, 0x00, 0x00, 0x00, 0x00,
    0x00, 0xaf, 0xf1, 0x27, 0xbf, 0xff, 0xff, 0xc4,
    0x00, 0xef, 0xf0, 0x00, 0x00, 0x00, 0x00, 0x0a,
    0xff, 0x11, 0xef, 0xff, 0xf9, 0x30, 0x00, 0x0e,
    0xff, 0x00, 0x00, 0x00, 0x00, 0x00, 0xaf, 0xf1,
    0x06, 0xd9, 0x40, 0x00, 0x00, 0x00, 0xef, 0xf0,
    0x00, 0x00, 0x00, 0x00, 0x4f, 0xff, 0x17, 0xbb,
    0xbb, 0xbb, 0xbb, 0xbb, 0xbf, 0xff, 0xbb, 0xb4,
    0x00, 0x00, 0x7f, 0xff, 0xf1, 0xbf, 0xff, 0xff,
    0xff, 0xff, 0xff, 0xff, 0xff, 0xff, 0x70, 0x00,
    0xaf, 0xff, 0xff, 0x1a, 0xff, 0xff, 0xff, 0xff,
    0xff, 0xff, 0xff, 0xff, 0xf6, 0x02, 0xdf, 0xfe,
    0xdf, 0xf1, 0x00, 0x01, 0x70, 0x00, 0x00, 0x00,
    0xef, 0xf0, 0x00, 0x00, 0xef, 0xfd, 0x2a, 0xff,
    0x10, 0x06, 0xff, 0x90, 0x00, 0x00, 0x0e, 0xff,
    0x00, 0x00, 0x08, 0xfc, 0x10, 0xaf, 0xf1, 0x00,
    0x1d, 0xff, 0x70, 0x00, 0x00, 0xef, 0xf0, 0x00,
    0x00, 0x08, 0x00, 0x0a, 0xff, 0x10, 0x00, 0x2f,
    0xff, 0x40, 0x00, 0x0e, 0xff, 0x00, 0x00, 0x00,
    0x00, 0x00, 0xaf, 0xf1, 0x00, 0x00, 0x5f, 0xfe,
    0x00, 0x00, 0xef, 0xf0, 0x00, 0x00, 0x00, 0x00,
    0x0a, 0xff, 0x10, 0x00, 0x00, 0xaf, 0xc2, 0x00,
    0x0e, 0xff, 0x00, 0x00, 0x00, 0x00, 0x00, 0xaf,
    0xf1, 0x00, 0x00, 0x01, 0x50, 0x00, 0x00, 0xef,
    0xf0, 0x00, 0x00, 0x00, 0x00, 0x0a, 0xff, 0x10,
    0x00, 0x00, 0x00, 0x29, 0x88, 0x9f, 0xfe, 0x00,
    0x00, 0x00, 0x00, 0x00, 0xaf, 0xf1, 0x00, 0x00,
    0x00, 0x00, 0xef, 0xff, 0xff, 0xb0, 0x00, 0x00,
    0x00, 0x00, 0x0a, 0xff, 0x10, 0x00, 0x00, 0x00,
    0x0a, 0xff, 0xfe, 0xa1, 0x00, 0x00, 0x00, 0x00,
    0x00, 0x00, 0x00, 0x00, 0x00, 0x00, 0x00, 0x00,
    0x00, 0x00, 0x00, 0x00, 0x00,

    /* U+5C0F "小" */
    0x00, 0x00, 0x00, 0x00, 0x00, 0x00, 0x15, 0x54,
    0x00, 0x00, 0x00, 0x00, 0x00, 0x00, 0x00, 0x00,
    0x00, 0x00, 0x00, 0x00, 0x03, 0xff, 0xe0, 0x00,
    0x00, 0x00, 0x00, 0x00, 0x00, 0x00, 0x00, 0x00,
    0x00, 0x00, 0x00, 0x3f, 0xfe, 0x00, 0x00, 0x00,
    0x00, 0x00, 0x00, 0x00, 0x00, 0x00, 0x00, 0x00,
    0x00, 0x03, 0xff, 0xe0, 0x00, 0x00, 0x00, 0x00,
    0x00, 0x00, 0x00, 0x00, 0x00, 0x00, 0x00, 0x00,
    0x3f, 0xfe, 0x00, 0x00, 0x00, 0x00, 0x00, 0x00,
    0x00, 0x00, 0x00, 0x00, 0x00, 0x00, 0x03, 0xff,
    0xe0, 0x00, 0x00, 0x00, 0x00, 0x00, 0x00, 0x00,
    0x00, 0x00, 0x00, 0x00, 0x00, 0x3f, 0xfe, 0x00,
    0x00, 0x00, 0x00, 0x00, 0x00, 0x00, 0x00, 0x00,
    0x41, 0x00, 0x00, 0x03, 0xff, 0xe0, 0x00, 0x00,
    0x27, 0x00, 0x00, 0x00, 0x00, 0x00, 0x3f, 0xff,
    0x00, 0x00, 0x3f, 0xfe, 0x00, 0x00, 0xaf, 0xf6,
    0x00, 0x00, 0x00, 0x00, 0x07, 0xff, 0xd0, 0x00,
    0x03, 0xff, 0xe0, 0x00, 0x05, 0xff, 0xe1, 0x00,
    0x00, 0x00, 0x00, 0xbf, 0xf9, 0x00, 0x00, 0x3f,
    0xfe, 0x00, 0x00, 0x0d, 0xff, 0x80, 0x00, 0x00,
    0x00, 0x0f, 0xff, 0x40, 0x00, 0x03, 0xff, 0xe0,
    0x00, 0x00, 0x5f, 0xff, 0x10, 0x00, 0x00, 0x04,
    0xff, 0xf0, 0x00, 0x00, 0x3f, 0xfe, 0x00, 0x00,
    0x00, 0xdf, 0xf8, 0x00, 0x00, 0x00, 0x9f, 0xfb,
    0x00, 0x00, 0x03, 0xff, 0xe0, 0x00, 0x00, 0x06,
    0xff, 0xf0, 0x00, 0x00, 0x0e, 0xff, 0x50, 0x00,
    0x00, 0x3f, 0xfe, 0x00, 0x00, 0x00, 0x0e, 0xff,
    0x70, 0x00, 0x05, 0xff, 0xf0, 0x00, 0x00, 0x03,
    0xff, 0xe0, 0x00, 0x00, 0x00, 0x8f, 0xfd, 0x00,
    0x00, 0xcf, 0xf9, 0x00, 0x00, 0x00, 0x3f, 0xfe,
    0x00, 0x00, 0x00, 0x02, 0xff, 0xf4, 0x00, 0x5f,
    0xff, 0x20, 0x00, 0x00, 0x03, 0xff, 0xe0, 0x00,
    0x00, 0x00, 0x0c, 0xff, 0xa0, 0x0d, 0xff, 0xa0,
    0x00, 0x00, 0x00, 0x3f, 0xfe, 0x00, 0x00, 0x00,
    0x00, 0x6f, 0xff, 0x09, 0xff, 0xf2, 0x00, 0x00,
    0x00, 0x03, 0xff, 0xe0, 0x00, 0x00, 0x00, 0x01,
    0xff, 0xf5, 0x2a, 0xf7, 0x00, 0x00, 0x00, 0x00,
    0x3f, 0xfe, 0x00, 0x00, 0x00, 0x00, 0x0c, 0xff,
    0x70, 0x03, 0x00, 0x00, 0x00, 0x00, 0x03, 0xff,
    0xe0, 0x00, 0x00, 0x00, 0x00, 0x89, 0x30, 0x00,
    0x00, 0x00, 0x00, 0x00, 0x00, 0x3f, 0xfe, 0x00,
    0x00, 0x00, 0x00, 0x00, 0x00, 0x00, 0x00, 0x00,
    0x00, 0x00, 0x00, 0x03, 0xff, 0xe0, 0x00, 0x00,
    0x00, 0x00, 0x00, 0x00, 0x00, 0x00, 0x00, 0x00,
    0x00, 0x00, 0x4f, 0xfd, 0x00, 0x00, 0x00, 0x00,
    0x00, 0x00, 0x00, 0x00, 0x00, 0x00, 0xad, 0xdd,
    0xdf, 0xff, 0xc0, 0x00, 0x00, 0x00, 0x00, 0x00,
    0x00, 0x00, 0x00, 0x00, 0x06, 0xff, 0xff, 0xff,
    0xf7, 0x00, 0x00, 0x00, 0x00, 0x00, 0x00, 0x00,
    0x00, 0x00, 0x00, 0x0f, 0xff, 0xfe, 0xb6, 0x00,
    0x00, 0x00, 0x00, 0x00, 0x00, 0x00, 0x00, 0x00,
    0x00, 0x00, 0x11, 0x00, 0x00, 0x00, 0x00, 0x00,
    0x00, 0x00, 0x00, 0x00, 0x00,

    /* U+5C3C "尼" */
    0x00, 0x00, 0xef, 0xff, 0xff, 0xff, 0xff, 0xff,
    0xff, 0xff, 0xff, 0xff, 0xf1, 0x00, 0x00, 0x00,
    0xff, 0xff, 0xff, 0xff, 0xff, 0xff, 0xff, 0xff,
    0xff, 0xff, 0xf1, 0x00, 0x00, 0x00, 0xff, 0xfa,
    0xaa, 0xaa, 0xaa, 0xaa, 0xaa, 0xaa, 0xaa, 0xef,
    0xf1, 0x00, 0x00, 0x00, 0xff, 0xe0, 0x00, 0x00,
    0x00, 0x00, 0x00, 0x00, 0x00, 0xcf, 0xf1, 0x00,
    0x00, 0x00, 0xff, 0xe0, 0x00, 0x00, 0x00, 0x00,
    0x00, 0x00, 0x00, 0xcf, 0xf1, 0x00, 0x00, 0x00,
    0xff, 0xe0, 0x00, 0x00, 0x00, 0x00, 0x00, 0x00,
    0x00, 0xcf, 0xf1, 0x00, 0x00, 0x00, 0xff, 0xf9,
    0x99, 0x99, 0x99, 0x99, 0x99, 0x99, 0x99, 0xef,
    0xf1, 0x00, 0x00, 0x00, 0xff, 0xff, 0xff, 0xff,
    0xff, 0xff, 0xff, 0xff, 0xff, 0xff, 0xf1, 0x00,
    0x00, 0x00, 0xff, 0xff, 0xff, 0xff, 0xff, 0xff,
    0xff, 0xff, 0xff, 0xff, 0xf1, 0x00, 0x00, 0x00,
    0xff, 0xe0, 0x00, 0x00, 0x00, 0x00, 0x00, 0x00,
    0x00, 0x00, 0x00, 0x00, 0x00, 0x00, 0xff, 0xe0,
    0x00, 0xaa, 0x70, 0x00, 0x00, 0x00, 0x00, 0x00,
    0x00, 0x00, 0x00, 0x00, 0xff, 0xd0, 0x01, 0xff,
    0xb0, 0x00, 0x00, 0x00, 0x00, 0x00, 0x00, 0x00,
    0x00, 0x00, 0xff, 0xc0, 0x01, 0xff, 0xb0, 0x00,
    0x00, 0x00, 0x06, 0xdc, 0x00, 0x00, 0x00, 0x01,
    0xff, 0xb0, 0x01, 0xff, 0xb0, 0x00, 0x00, 0x17,
    0xef, 0xff, 0x70, 0x00, 0x00, 0x03, 0xff, 0xa0,
    0x01, 0xff, 0xb0, 0x00, 0x3a, 0xff, 0xff, 0xfd,
    0x60, 0x00, 0x00, 0x04, 0xff, 0x80, 0x01, 0xff,
    0xb1, 0x7d, 0xff, 0xff, 0xfa, 0x40, 0x00, 0x00,
    0x00, 0x06, 0xff, 0x60, 0x01, 0xff, 0xff, 0xff,
    0xff, 0xb5, 0x00, 0x00, 0x00, 0x00, 0x00, 0x09,
    0xff, 0x40, 0x01, 0xff, 0xff, 0xfc, 0x61, 0x00,
    0x00, 0x00, 0x00, 0x00, 0x00, 0x0c, 0xff, 0x10,
    0x01, 0xff, 0xe7, 0x10, 0x00, 0x00, 0x00, 0x00,
    0x40, 0x00, 0x00, 0x0f, 0xfe, 0x00, 0x01, 0xff,
    0xb0, 0x00, 0x00, 0x00, 0x00, 0x00, 0xce, 0x90,
    0x00, 0x4f, 0xfa, 0x00, 0x01, 0xff, 0xb0, 0x00,
    0x00, 0x00, 0x00, 0x00, 0xdf, 0xe0, 0x00, 0x9f,
    0xf6, 0x00, 0x01, 0xff, 0xc0, 0x00, 0x00, 0x00,
    0x00, 0x02, 0xff, 0xc0, 0x00, 0xff, 0xf1, 0x00,
    0x00, 0xff, 0xfb, 0x99, 0x99, 0x99, 0x99, 0x9e,
    0xff, 0x80, 0x07, 0xff, 0xb0, 0x00, 0x00, 0x9f,
    0xff, 0xff, 0xff, 0xff, 0xff, 0xff, 0xff, 0x10,
    0x0e, 0xff, 0x40, 0x00, 0x00, 0x09, 0xef, 0xff,
    0xff, 0xff, 0xff, 0xff, 0xc3, 0x00, 0x02, 0xbc,
    0x00, 0x00, 0x00, 0x00, 0x00, 0x11, 0x11, 0x11,
    0x11, 0x10, 0x00, 0x00, 0x00, 0x01, 0x00, 0x00,
    0x00, 0x00, 0x00, 0x00, 0x00, 0x00, 0x00, 0x00,
    0x00, 0x00,

    /* U+5C4F "屏" */
    0x00, 0x0e, 0xff, 0xff, 0xff, 0xff, 0xff, 0xff,
    0xff, 0xff, 0xff, 0xff, 0xff, 0x10, 0x00, 0x0f,
    0xff, 0xff, 0xff, 0xff, 0xff, 0xff, 0xff, 0xff,
    0xff, 0xff, 0xff, 0x10, 0x00, 0x0f, 0xff, 0x77,
    0x77, 0x77, 0x77, 0x77, 0x77, 0x77, 0x77, 0x7f,
    0xff, 0x10, 0x00, 0x0f, 0xfe, 0x00, 0x00, 0x00,
    0x00, 0x00, 0x00, 0x00, 0x00, 0x0e, 0xff, 0x10,
    0x00, 0x0f, 0xfe, 0x00, 0x00, 0x00, 0x00, 0x00,
    0x00, 0x00, 0x00, 0x0e, 0xff, 0x10, 0x00, 0x0f,
    0xff, 0xff, 0xff, 0xff, 0xff, 0xff, 0xff, 0xff,
    0xff, 0xff, 0xff, 0x10, 0x00, 0x0f, 0xff, 0xff,
    0xff, 0xff, 0xff, 0xff, 0xff, 0xff, 0xff, 0xff,
    0xff, 0x10, 0x00, 0x0f, 0xff, 0x77, 0x77, 0x7a,
    0xa7, 0x77, 0x77, 0x77, 0x9b, 0x87, 0x77, 0x00,
    0x00, 0x0f, 0xfe, 0x00, 0x02, 0xdf, 0xd0, 0x00,
    0x00, 0x00, 0x8f, 0xf7, 0x00, 0x00, 0x00, 0x0f,
    0xfe, 0x00, 0x00, 0xbf, 0xf6, 0x00, 0x00, 0x00,
    0xef, 0xf2, 0x00, 0x00, 0x00, 0x0f, 0xfe, 0x00,
    0x00, 0x3f, 0xc6, 0x00, 0x00, 0x07, 0xff, 0x70,
    0x00, 0x00, 0x00, 0x0f, 0xfe, 0x0c, 0xcc, 0xce,
    0xcc, 0xcc, 0xcc, 0xcf, 0xff, 0xcc, 0xcc, 0x80,
    0x00, 0x0f, 0xfe, 0x0f, 0xff, 0xff, 0xff, 0xff,
    0xff, 0xff, 0xff, 0xff, 0xff, 0xb0, 0x00, 0x0f,
    0xfd, 0x09, 0x99, 0x9e, 0xff, 0xa9, 0x99, 0x9e,
    0xff, 0xa9, 0x99, 0x60, 0x00, 0x1f, 0xfc, 0x00,
    0x00, 0x0a, 0xff, 0x10, 0x00, 0x0c, 0xff, 0x10,
    0x00, 0x00, 0x00, 0x2f, 0xfb, 0x00, 0x00, 0x0a,
    0xff, 0x10, 0x00, 0x0c, 0xff, 0x10, 0x00, 0x00,
    0x00, 0x4f, 0xf9, 0x00, 0x00, 0x0a, 0xff, 0x10,
    0x00, 0x0c, 0xff, 0x10, 0x00, 0x00, 0x00, 0x6f,
    0xf7, 0xbf, 0xff, 0xff, 0xff, 0xff, 0xff, 0xff,
    0xff, 0xff, 0xff, 0xf8, 0x00, 0x9f, 0xf5, 0xcf,
    0xff, 0xff, 0xff, 0xff, 0xff, 0xff, 0xff, 0xff,
    0xff, 0xf9, 0x00, 0xcf, 0xf2, 0x57, 0x77, 0x9f,
    0xfd, 0x77, 0x77, 0x7e, 0xff, 0x87, 0x77, 0x74,
    0x01, 0xff, 0xe0, 0x00, 0x00, 0xaf, 0xf7, 0x00,
    0x00, 0x0c, 0xff, 0x10, 0x00, 0x00, 0x06, 0xff,
    0xa0, 0x00, 0x05, 0xff, 0xf1, 0x00, 0x00, 0x0c,
    0xff, 0x10, 0x00, 0x00, 0x0d, 0xff, 0x40, 0x00,
    0x7f, 0xff, 0x70, 0x00, 0x00, 0x0c, 0xff, 0x10,
    0x00, 0x00, 0x5f, 0xfe, 0x00, 0x4c, 0xff, 0xfa,
    0x00, 0x00, 0x00, 0x0c, 0xff, 0x10, 0x00, 0x00,
    0xbf, 0xf7, 0x00, 0x8f, 0xff, 0x80, 0x00, 0x00,
    0x00, 0x0c, 0xff, 0x10, 0x00, 0x00, 0x06, 0xc0,
    0x00, 0x0a, 0xb3, 0x00, 0x00, 0x00, 0x00, 0x0c,
    0xff, 0x10, 0x00, 0x00, 0x00, 0x00, 0x00, 0x00,
    0x00, 0x00, 0x00, 0x00, 0x00, 0x00, 0x00, 0x00,
    0x00, 0x00,

    /* U+5C55 "展" */
    0x00, 0x00, 0xcf, 0xff, 0xff, 0xff, 0xff, 0xff,
    0xff, 0xff, 0xff, 0xff, 0xff, 0xf0, 0x00, 0x00,
    0x00, 0xdf, 0xff, 0xff, 0xff, 0xff, 0xff, 0xff,
    0xff, 0xff, 0xff, 0xff, 0xf0, 0x00, 0x00, 0x00,
    0xdf, 0xf8, 0x77, 0x77, 0x77, 0x77, 0x77, 0x77,
    0x77, 0x77, 0xef, 0xf0, 0x00, 0x00, 0x00, 0xdf,
    0xf0, 0x00, 0x00, 0x00, 0x00, 0x00, 0x00, 0x00,
    0x00, 0xdf, 0xf0, 0x00, 0x00, 0x00, 0xdf, 0xf0,
    0x00, 0x00, 0x00, 0x00, 0x00, 0x00, 0x00, 0x00,
    0xdf, 0xf0, 0x00, 0x00, 0x00, 0xdf, 0xff, 0xff,
    0xff, 0xff, 0xff, 0xff, 0xff, 0xff, 0xff, 0xff,
    0xf0, 0x00, 0x00, 0x00, 0xdf, 0xff, 0xff, 0xff,
    0xff, 0xff, 0xff, 0xff, 0xff, 0xff, 0xff, 0xf0,
    0x00, 0x00, 0x00, 0xdf, 0xf8, 0x77, 0x77, 0xff,
    0xd7, 0x77, 0x77, 0xff, 0xd7, 0x77, 0x70, 0x00,
    0x00, 0x00, 0xdf, 0xf0, 0x00, 0x00, 0xef, 0xb0,
    0x00, 0x00, 0xff, 0xb0, 0x00, 0x00, 0x00, 0x00,
    0x00, 0xdf, 0xf0, 0x00, 0x00, 0xef, 0xb0, 0x00,
    0x00, 0xff, 0xb0, 0x00, 0x00, 0x00, 0x00, 0x00,
    0xdf, 0xf2, 0xff, 0xff, 0xff, 0xff, 0xff, 0xff,
    0xff, 0xff, 0xff, 0xf6, 0x00, 0x00, 0x00, 0xdf,
    0xf2, 0xff, 0xff, 0xff, 0xff, 0xff, 0xff, 0xff,
    0xff, 0xff, 0xf7, 0x00, 0x00, 0x00, 0xef, 0xf0,
    0x77, 0x77, 0xff, 0xd7, 0x77, 0x77, 0xff, 0xd7,
    0x77, 0x73, 0x00, 0x00, 0x00, 0xff, 0xe0, 0x00,
    0x00, 0xef, 0xb0, 0x00, 0x00, 0xff, 0xb0, 0x00,
    0x00, 0x00, 0x00, 0x00, 0xff, 0xd0, 0x00, 0x00,
    0xef, 0xb0, 0x00, 0x00, 0xff, 0xb0, 0x00, 0x00,
    0x00, 0x00, 0x02, 0xff, 0xbc, 0xdd, 0xdd, 0xff,
    0xfd, 0xdd, 0xdd, 0xff, 0xfd, 0xdd, 0xdd, 0x90,
    0x00, 0x04, 0xff, 0x9f, 0xff, 0xff, 0xff, 0xff,
    0xff, 0xff, 0xff, 0xff, 0xff, 0xff, 0xb0, 0x00,
    0x06, 0xff, 0x7a, 0xaa, 0xff, 0xea, 0xaa, 0xdf,
    0xfb, 0xaa, 0xaa, 0xbd, 0xaa, 0x70, 0x00, 0x09,
    0xff, 0x50, 0x00, 0xef, 0xb0, 0x00, 0x2f, 0xfa,
    0x00, 0x03, 0xdf, 0x80, 0x00, 0x00, 0x0d, 0xff,
    0x20, 0x00, 0xef, 0xb0, 0x00, 0x09, 0xff, 0x60,
    0x8f, 0xff, 0xa0, 0x00, 0x00, 0x1f, 0xfe, 0x00,
    0x00, 0xef, 0xb0, 0x00, 0x00, 0xdf, 0xfe, 0xff,
    0xd4, 0x00, 0x00, 0x00, 0x5f, 0xfa, 0x00, 0x00,
    0xef, 0xb0, 0x00, 0x00, 0x3f, 0xff, 0xf7, 0x00,
    0x00, 0x00, 0x00, 0xbf, 0xf5, 0x00, 0x00, 0xff,
    0xb0, 0x36, 0xad, 0x84, 0xff, 0xfd, 0x50, 0x00,
    0x00, 0x02, 0xff, 0xf0, 0x00, 0x08, 0xff, 0xff,
    0xff, 0xff, 0x60, 0x3d, 0xff, 0xfe, 0x83, 0x00,
    0x0b, 0xff, 0x90, 0x00, 0x3f, 0xff, 0xff, 0xff,
    0xb7, 0x20, 0x00, 0x9f, 0xff, 0xff, 0xa0, 0x06,
    0xef, 0x10, 0x00, 0x0c, 0xff, 0xb7, 0x30, 0x00,
    0x00, 0x00, 0x02, 0x9f, 0xfe, 0x10, 0x00, 0x04,
    0x00, 0x00, 0x04, 0x30, 0x00, 0x00, 0x00, 0x00,
    0x00, 0x00, 0x00, 0x43, 0x00,

    /* U+5DF2 "已" */
    0x2b, 0xbb, 0xbb, 0xbb, 0xbb, 0xbb, 0xbb, 0xbb,
    0xbb, 0xbb, 0xbb, 0xa0, 0x00, 0x03, 0xff, 0xff,
    0xff, 0xff, 0xff, 0xff, 0xff, 0xff, 0xff, 0xff,
    0xfe, 0x00, 0x00, 0x3f, 0xff, 0xff, 0xff, 0xff,
    0xff, 0xff, 0xff, 0xff, 0xff, 0xff, 0xe0, 0x00,
    0x00, 0x00, 0x00, 0x00, 0x00, 0x00, 0x00, 0x00,
    0x00, 0x00, 0x1f, 0xfe, 0x00, 0x00, 0x00, 0x00,
    0x00, 0x00, 0x00, 0x00, 0x00, 0x00, 0x00, 0x01,
    0xff, 0xe0, 0x00, 0x00, 0x03, 0x44, 0x00, 0x00,
    0x00, 0x00, 0x00, 0x00, 0x00, 0x1f, 0xfe, 0x00,
    0x00, 0x00, 0xdf, 0xf1, 0x00, 0x00, 0x00, 0x00,
    0x00, 0x00, 0x01, 0xff, 0xe0, 0x00, 0x00, 0x0d,
    0xff, 0x10, 0x00, 0x00, 0x00, 0x00, 0x00, 0x00,
    0x1f, 0xfe, 0x00, 0x00, 0x00, 0xdf, 0xf1, 0x00,
    0x00, 0x00, 0x00, 0x00, 0x00, 0x01, 0xff, 0xe0,
    0x00, 0x00, 0x0d, 0xff, 0x10, 0x00, 0x00, 0x00,
    0x00, 0x00, 0x00, 0x1f, 0xfe, 0x00, 0x00, 0x00,
    0xdf, 0xfb, 0xbb, 0xbb, 0xbb, 0xbb, 0xbb, 0xbb,
    0xbb, 0xff, 0xe0, 0x00, 0x00, 0x0d, 0xff, 0xff,
    0xff, 0xff, 0xff, 0xff, 0xff, 0xff, 0xff, 0xfe,
    0x00, 0x00, 0x00, 0xdf, 0xff, 0xff, 0xff, 0xff,
    0xff, 0xff, 0xff, 0xff, 0xff, 0xe0, 0x00, 0x00,
    0x0d, 0xff, 0x21, 0x11, 0x11, 0x11, 0x11, 0x11,
    0x11, 0x2f, 0xfe, 0x00, 0x00, 0x00, 0xdf, 0xf1,
    0x00, 0x00, 0x00, 0x00, 0x00, 0x00, 0x00, 0x99,
    0x80, 0x00, 0x00, 0x0d, 0xff, 0x10, 0x00, 0x00,
    0x00, 0x00, 0x00, 0x00, 0x00, 0x00, 0x00, 0x00,
    0x00, 0xdf, 0xf1, 0x00, 0x00, 0x00, 0x00, 0x00,
    0x00, 0x00, 0x00, 0x00, 0x00, 0x00, 0x0d, 0xff,
    0x10, 0x00, 0x00, 0x00, 0x00, 0x00, 0x00, 0x00,
    0x00, 0x17, 0x10, 0x00, 0xdf, 0xf1, 0x00, 0x00,
    0x00, 0x00, 0x00, 0x00, 0x00, 0x00, 0x04, 0xff,
    0x80, 0x0d, 0xff, 0x10, 0x00, 0x00, 0x00, 0x00,
    0x00, 0x00, 0x00, 0x00, 0x6f, 0xf9, 0x00, 0xdf,
    0xf1, 0x00, 0x00, 0x00, 0x00, 0x00, 0x00, 0x00,
    0x00, 0x09, 0xff, 0x70, 0x0c, 0xff, 0x20, 0x00,
    0x00, 0x00, 0x00, 0x00, 0x00, 0x00, 0x00, 0xef,
    0xf3, 0x00, 0xaf, 0xfb, 0x31, 0x00, 0x00, 0x00,
    0x00, 0x00, 0x00, 0x13, 0xbf, 0xfe, 0x00, 0x05,
    0xff, 0xff, 0xff, 0xff, 0xff, 0xff, 0xff, 0xff,
    0xff, 0xff, 0xff, 0x70, 0x00, 0x08, 0xff, 0xff,
    0xff, 0xff, 0xff, 0xff, 0xff, 0xff, 0xff, 0xff,
    0xa0, 0x00, 0x00, 0x02, 0x7a, 0xbc, 0xcc, 0xcc,
    0xcc, 0xcc, 0xcc, 0xcc, 0xb8, 0x30, 0x00,

    /* U+5E55 "幕" */
    0x00, 0x00, 0x00, 0x00, 0x01, 0x10, 0x00, 0x00,
    0x00, 0x01, 0x10, 0x00, 0x00, 0x00, 0x00, 0x00,
    0x00, 0x00, 0x00, 0x5f, 0xf4, 0x00, 0x00, 0x00,
    0xaf, 0xf2, 0x00, 0x00, 0x00, 0x00, 0x00, 0x66,
    0x66, 0x66, 0xaf, 0xf9, 0x66, 0x66, 0x66, 0xcf,
    0xf7, 0x66, 0x66, 0x65, 0x00, 0x01, 0xff, 0xff,
    0xff, 0xff, 0xff, 0xff, 0xff, 0xff, 0xff, 0xff,
    0xff, 0xff, 0xff, 0x00, 0x01, 0xee, 0xee, 0xee,
    0xff, 0xff, 0xee, 0xee, 0xee, 0xff, 0xff, 0xee,
    0xee, 0xee, 0x00, 0x00, 0x00, 0x00, 0x00, 0x5f,
    0xf4, 0x00, 0x00, 0x00, 0xaf, 0xf2, 0x00, 0x00,
    0x00, 0x00, 0x00, 0x00, 0x0c, 0xcc, 0xde, 0xec,
    0xcc, 0xcc, 0xcc, 0xde, 0xec, 0xcc, 0xc8, 0x00,
    0x00, 0x00, 0x00, 0x1f, 0xff, 0xff, 0xff, 0xff,
    0xff, 0xff, 0xff, 0xff, 0xff, 0xfb, 0x00, 0x00,
    0x00, 0x00, 0x1f, 0xfa, 0x00, 0x00, 0x00, 0x00,
    0x00, 0x00, 0x00, 0x2f, 0xfb, 0x00, 0x00, 0x00,
    0x00, 0x1f, 0xfa, 0x00, 0x00, 0x00, 0x00, 0x00,
    0x00, 0x00, 0x2f, 0xfb, 0x00, 0x00, 0x00, 0x00,
    0x1f, 0xff, 0xff, 0xff, 0xff, 0xff, 0xff, 0xff,
    0xff, 0xff, 0xfb, 0x00, 0x00, 0x00, 0x00, 0x1f,
    0xfe, 0xaa, 0xaa, 0xaa, 0xaa, 0xaa, 0xaa, 0xaa,
    0xbf, 0xfb, 0x00, 0x00, 0x00, 0x00, 0x1f, 0xfa,
    0x00, 0x00, 0x00, 0x00, 0x00, 0x00, 0x00, 0x2f,
    0xfb, 0x00, 0x00, 0x00, 0x00, 0x1f, 0xff, 0xdd,
    0xdd, 0xdd, 0xdd, 0xdd, 0xdd, 0xdd, 0xdf, 0xfb,
    0x00, 0x00, 0x00, 0x00, 0x1f, 0xff, 0xff, 0xff,
    0xff, 0xff, 0xff, 0xff, 0xff, 0xff, 0xfa, 0x00,
    0x00, 0x00, 0x00, 0x00, 0x00, 0x04, 0xff, 0xc0,
    0x00, 0x00, 0x00, 0x00, 0x00, 0x00, 0x00, 0x00,
    0x06, 0xaa, 0xaa, 0xaa, 0xae, 0xff, 0xca, 0xaa,
    0xaa, 0xaa, 0xaa, 0xaa, 0xaa, 0xaa, 0x20, 0x0a,
    0xff, 0xff, 0xff, 0xff, 0xff, 0xff, 0xff, 0xff,
    0xff, 0xff, 0xff, 0xff, 0xff, 0x40, 0x06, 0xaa,
    0xaa, 0xbf, 0xff, 0xca, 0xae, 0xff, 0xaa, 0xac,
    0xff, 0xda, 0xaa, 0xaa, 0x20, 0x00, 0x00, 0x03,
    0xdf, 0xfa, 0x00, 0x0a, 0xff, 0x10, 0x00, 0xbf,
    0xf8, 0x00, 0x00, 0x00, 0x00, 0x00, 0x8f, 0xff,
    0xd5, 0x55, 0x5c, 0xff, 0x75, 0x55, 0x6e, 0xff,
    0xd5, 0x00, 0x00, 0x00, 0x7e, 0xff, 0xff, 0xff,
    0xff, 0xff, 0xff, 0xff, 0xff, 0xff, 0xff, 0xff,
    0xe8, 0x20, 0x1d, 0xff, 0xfa, 0xcf, 0xfe, 0xee,
    0xef, 0xff, 0xee, 0xee, 0xef, 0xff, 0xbf, 0xff,
    0x80, 0x02, 0xea, 0x30, 0xaf, 0xf0, 0x00, 0x0a,
    0xff, 0x10, 0x00, 0x0c, 0xff, 0x12, 0x9a, 0x00,
    0x00, 0x00, 0x00, 0xaf, 0xf0, 0x00, 0x0a, 0xff,
    0x10, 0x00, 0x0c, 0xff, 0x10, 0x00, 0x00, 0x00,
    0x00, 0x00, 0xaf, 0xf0, 0x00, 0x0a, 0xff, 0x10,
    0x7c, 0xcf, 0xff, 0x00, 0x00, 0x00, 0x00, 0x00,
    0x00, 0xaf, 0xf0, 0x00, 0x0a, 0xff, 0x10, 0x3f,
    0xff, 0xf9, 0x00, 0x00, 0x00, 0x00, 0x00, 0x00,
    0x35, 0x50, 0x00, 0x0a, 0xff, 0x10, 0x03, 0x32,
    0x00, 0x00, 0x00, 0x00,

    /* U+5E76 "并" */
    0x00, 0x00, 0x00, 0x17, 0x10, 0x00, 0x00, 0x00,
    0x00, 0x03, 0x73, 0x00, 0x00, 0x00, 0x00, 0x00,
    0x07, 0xff, 0xa0, 0x00, 0x00, 0x00, 0x00, 0x0a,
    0xff, 0xd0, 0x00, 0x00, 0x00, 0x00, 0x02, 0xff,
    0xf5, 0x00, 0x00, 0x00, 0x00, 0x0f, 0xff, 0x70,
    0x00, 0x00, 0x00, 0x00, 0x00, 0x7f, 0xfe, 0x00,
    0x00, 0x00, 0x00, 0x7f, 0xfe, 0x00, 0x00, 0x00,
    0x00, 0x00, 0x00, 0x0d, 0xff, 0x80, 0x00, 0x00,
    0x00, 0xdf, 0xf7, 0x00, 0x00, 0x00, 0x00, 0x00,
    0x00, 0x05, 0xff, 0xa0, 0x00, 0x00, 0x05, 0xff,
    0xd0, 0x00, 0x00, 0x00, 0x04, 0x66, 0x66, 0x67,
    0xf9, 0x66, 0x66, 0x66, 0x6d, 0xff, 0xa6, 0x66,
    0x66, 0x40, 0x0a, 0xff, 0xff, 0xff, 0xff, 0xff,
    0xff, 0xff, 0xff, 0xff, 0xff, 0xff, 0xff, 0xb0,
    0x0a, 0xff, 0xff, 0xff, 0xff, 0xff, 0xff, 0xff,
    0xff, 0xff, 0xff, 0xff, 0xff, 0xb0, 0x03, 0x55,
    0x55, 0x5e, 0xff, 0x55, 0x55, 0x55, 0x56, 0xff,
    0xe5, 0x55, 0x55, 0x30, 0x00, 0x00, 0x00, 0x0e,
    0xff, 0x10, 0x00, 0x00, 0x01, 0xff, 0xe0, 0x00,
    0x00, 0x00, 0x00, 0x00, 0x00, 0x0e, 0xff, 0x10,
    0x00, 0x00, 0x01, 0xff, 0xe0, 0x00, 0x00, 0x00,
    0x00, 0x00, 0x00, 0x0e, 0xff, 0x10, 0x00, 0x00,
    0x01, 0xff, 0xe0, 0x00, 0x00, 0x00, 0x00, 0x00,
    0x00, 0x0e, 0xff, 0x10, 0x00, 0x00, 0x01, 0xff,
    0xe0, 0x00, 0x00, 0x00, 0x00, 0x00, 0x00, 0x0e,
    0xff, 0x10, 0x00, 0x00, 0x01, 0xff, 0xe0, 0x00,
    0x00, 0x00, 0x7b, 0xbb, 0xbb, 0xbf, 0xff, 0xbb,
    0xbb, 0xbb, 0xbb, 0xff, 0xfb, 0xbb, 0xbb, 0xb7,
    0xbf, 0xff, 0xff, 0xff, 0xff, 0xff, 0xff, 0xff,
    0xff, 0xff, 0xff, 0xff, 0xff, 0xfa, 0xbf, 0xff,
    0xff, 0xff, 0xff, 0xff, 0xff, 0xff, 0xff, 0xff,
    0xff, 0xff, 0xff, 0xfa, 0x00, 0x00, 0x00, 0x5f,
    0xfd, 0x00, 0x00, 0x00, 0x02, 0xff, 0xe0, 0x00,
    0x00, 0x00, 0x00, 0x00, 0x00, 0x8f, 0xf9, 0x00,
    0x00, 0x00, 0x01, 0xff, 0xe0, 0x00, 0x00, 0x00,
    0x00, 0x00, 0x00, 0xef, 0xf5, 0x00, 0x00, 0x00,
    0x01, 0xff, 0xe0, 0x00, 0x00, 0x00, 0x00, 0x00,
    0x06, 0xff, 0xf0, 0x00, 0x00, 0x00, 0x01, 0xff,
    0xe0, 0x00, 0x00, 0x00, 0x00, 0x00, 0x2f, 0xff,
    0x80, 0x00, 0x00, 0x00, 0x01, 0xff, 0xe0, 0x00,
    0x00, 0x00, 0x00, 0x01, 0xdf, 0xfe, 0x10, 0x00,
    0x00, 0x00, 0x01, 0xff, 0xe0, 0x00, 0x00, 0x00,
    0x00, 0x4e, 0xff, 0xf4, 0x00, 0x00, 0x00, 0x00,
    0x01, 0xff, 0xe0, 0x00, 0x00, 0x00, 0x19, 0xff,
    0xff, 0x60, 0x00, 0x00, 0x00, 0x00, 0x01, 0xff,
    0xe0, 0x00, 0x00, 0x00, 0x2e, 0xff, 0xe4, 0x00,
    0x00, 0x00, 0x00, 0x00, 0x01, 0xff, 0xe0, 0x00,
    0x00, 0x00, 0x02, 0xfa, 0x10, 0x00, 0x00, 0x00,
    0x00, 0x00, 0x01, 0xff, 0xe0, 0x00, 0x00, 0x00,
    0x00, 0x10, 0x00, 0x00, 0x00, 0x00, 0x00, 0x00,
    0x00, 0x00, 0x00, 0x00, 0x00, 0x00,

    /* U+5E8F "序" */
    0x00, 0x00, 0x00, 0x00, 0x00, 0x00, 0x00, 0x02,
    0x50, 0x00, 0x00, 0x00, 0x00, 0x00, 0x00, 0x00,
    0x00, 0x00, 0x00, 0x00, 0x00, 0x0c, 0xff, 0x40,
    0x00, 0x00, 0x00, 0x00, 0x00, 0x00, 0x00, 0x00,
    0x00, 0x00, 0x00, 0x00, 0x7f, 0xfc, 0x00, 0x00,
    0x00, 0x00, 0x00, 0x00, 0x00, 0x00, 0x10, 0x00,
    0x00, 0x00, 0x01, 0xff, 0xf4, 0x00, 0x00, 0x00,
    0x00, 0x00, 0x00, 0x08, 0xff, 0xff, 0xff, 0xff,
    0xff, 0xff, 0xff, 0xff, 0xff, 0xff, 0xff, 0xff,
    0xa0, 0x00, 0x8f, 0xff, 0xff, 0xff, 0xff, 0xff,
    0xff, 0xff, 0xff, 0xff, 0xff, 0xff, 0xfa, 0x00,
    0x08, 0xff, 0xb9, 0x99, 0x99, 0x99, 0x99, 0x99,
    0x99, 0x99, 0x99, 0x99, 0x99, 0x50, 0x00, 0x8f,
    0xf3, 0x00, 0x00, 0x00, 0x00, 0x00, 0x00, 0x00,
    0x00, 0x00, 0x00, 0x00, 0x00, 0x08, 0xff, 0x30,
    0x06, 0x66, 0x66, 0x66, 0x66, 0x66, 0x66, 0x68,
    0x60, 0x00, 0x00, 0x00, 0x8f, 0xf3, 0x01, 0xff,
    0xff, 0xff, 0xff, 0xff, 0xff, 0xff, 0xff, 0xb0,
    0x00, 0x00, 0x08, 0xff, 0x30, 0x0e, 0xee, 0xee,
    0xee, 0xee, 0xee, 0xef, 0xff, 0xf8, 0x00, 0x00,
    0x00, 0x8f, 0xf3, 0x00, 0x00, 0x00, 0x00, 0x00,
    0x00, 0x09, 0xff, 0xf6, 0x00, 0x00, 0x00, 0x08,
    0xff, 0x30, 0x00, 0x00, 0xce, 0x71, 0x00, 0x3d,
    0xff, 0xd3, 0x00, 0x00, 0x00, 0x00, 0x9f, 0xf3,
    0x00, 0x00, 0x6f, 0xff, 0xfa, 0xaf, 0xff, 0x80,
    0x00, 0x00, 0x00, 0x00, 0x09, 0xff, 0x20, 0x00,
    0x00, 0x07, 0xef, 0xff, 0xfd, 0x20, 0x00, 0x00,
    0x00, 0x00, 0x00, 0xaf, 0xf2, 0x00, 0x00, 0x00,
    0x00, 0x6e, 0xff, 0xfc, 0x20, 0x00, 0x01, 0x00,
    0x00, 0x0b, 0xff, 0x1c, 0xff, 0xff, 0xff, 0xff,
    0xff, 0xff, 0xff, 0xff, 0xff, 0xfd, 0x30, 0x00,
    0xcf, 0xf0, 0xcf, 0xff, 0xff, 0xff, 0xff, 0xff,
    0xff, 0xff, 0xff, 0xff, 0xe1, 0x00, 0x0d, 0xfe,
    0x04, 0x66, 0x66, 0x66, 0x66, 0xff, 0xf6, 0x66,
    0x66, 0xdf, 0xf5, 0x00, 0x00, 0xff, 0xc0, 0x00,
    0x00, 0x00, 0x00, 0x0f, 0xfe, 0x00, 0x00, 0x5f,
    0xfa, 0x00, 0x00, 0x2f, 0xfa, 0x00, 0x00, 0x00,
    0x00, 0x00, 0xff, 0xe0, 0x00, 0x2f, 0xfe, 0x10,
    0x00, 0x05, 0xff, 0x70, 0x00, 0x00, 0x00, 0x00,
    0x0f, 0xfe, 0x00, 0x0a, 0xff, 0x30, 0x00, 0x00,
    0x9f, 0xf3, 0x00, 0x00, 0x00, 0x00, 0x00, 0xff,
    0xe0, 0x00, 0x02, 0x40, 0x00, 0x00, 0x0e, 0xff,
    0x00, 0x00, 0x00, 0x00, 0x00, 0x0f, 0xfe, 0x00,
    0x00, 0x00, 0x00, 0x00, 0x03, 0xff, 0xb0, 0x00,
    0x00, 0x00, 0x00, 0x00, 0xff, 0xe0, 0x00, 0x00,
    0x00, 0x00, 0x00, 0xaf, 0xf5, 0x00, 0x00, 0x01,
    0x99, 0x88, 0x9f, 0xfe, 0x00, 0x00, 0x00, 0x00,
    0x00, 0x0e, 0xfe, 0x00, 0x00, 0x00, 0x0c, 0xff,
    0xff, 0xff, 0xa0, 0x00, 0x00, 0x00, 0x00, 0x00,
    0x09, 0x70, 0x00, 0x00, 0x00, 0x7f, 0xff, 0xfd,
    0x91, 0x00, 0x00, 0x00, 0x00, 0x00, 0x00, 0x00,
    0x00, 0x00, 0x00, 0x00, 0x00, 0x00, 0x00, 0x00,
    0x00, 0x00, 0x00, 0x00, 0x00,

    /* U+5E93 "库" */
    0x00, 0x00, 0x00, 0x00, 0x00, 0x00, 0x00, 0x14,
    0x70, 0x00, 0x00, 0x00, 0x00, 0x00, 0x00, 0x00,
    0x00, 0x00, 0x00, 0x00, 0x00, 0x0c, 0xff, 0x70,
    0x00, 0x00, 0x00, 0x00, 0x00, 0x00, 0x00, 0x00,
    0x00, 0x00, 0x00, 0x00, 0x4f, 0xfe, 0x00, 0x00,
    0x00, 0x00, 0x00, 0x00, 0x00, 0x49, 0xb9, 0x99,
    0x99, 0x99, 0x99, 0xff, 0xfb, 0x99, 0x99, 0x99,
    0x99, 0x96, 0x00, 0x08, 0xff, 0xff, 0xff, 0xff,
    0xff, 0xff, 0xff, 0xff, 0xff, 0xff, 0xff, 0xff,
    0xb0, 0x00, 0x8f, 0xff, 0xff, 0xff, 0xff, 0xff,
    0xff, 0xff, 0xff, 0xff, 0xff, 0xff, 0xfb, 0x00,
    0x08, 0xff, 0x50, 0x00, 0x00, 0x00, 0x83, 0x00,
    0x00, 0x00, 0x00, 0x00, 0x00, 0x00, 0x00, 0x8f,
    0xf4, 0x00, 0x00, 0x00, 0x2f, 0xfc, 0x00, 0x00,
    0x00, 0x00, 0x00, 0x00, 0x00, 0x08, 0xff, 0x40,
    0x00, 0x00, 0x08, 0xff, 0xa0, 0x00, 0x00, 0x00,
    0x00, 0x00, 0x00, 0x00, 0x8f, 0xf4, 0x09, 0x99,
    0x99, 0xff, 0xfb, 0x99, 0x99, 0x99, 0x99, 0x99,
    0x50, 0x00, 0x08, 0xff, 0x41, 0xff, 0xff, 0xff,
    0xff, 0xff, 0xff, 0xff, 0xff, 0xff, 0xf9, 0x00,
    0x00, 0x8f, 0xf4, 0x1f, 0xff, 0xff, 0xff, 0xff,
    0xff, 0xff, 0xff, 0xff, 0xff, 0x90, 0x00, 0x08,
    0xff, 0x40, 0x00, 0x06, 0xff, 0xa0, 0x00, 0x00,
    0x00, 0x00, 0x00, 0x00, 0x00, 0x00, 0x8f, 0xf4,
    0x00, 0x00, 0xef, 0xf2, 0x00, 0x6d, 0xd5, 0x00,
    0x00, 0x00, 0x00, 0x00, 0x09, 0xff, 0x30, 0x00,
    0x8f, 0xf8, 0x00, 0x07, 0xff, 0x60, 0x00, 0x00,
    0x00, 0x00, 0x00, 0x9f, 0xf3, 0x00, 0x4f, 0xfd,
    0x00, 0x00, 0x7f, 0xf6, 0x00, 0x00, 0x00, 0x00,
    0x00, 0x0a, 0xff, 0x20, 0x0f, 0xff, 0xff, 0xff,
    0xff, 0xff, 0xff, 0xff, 0xff, 0xa0, 0x00, 0x00,
    0xbf, 0xf1, 0x00, 0xbf, 0xff, 0xff, 0xff, 0xff,
    0xff, 0xff, 0xff, 0xfa, 0x00, 0x00, 0x0d, 0xff,
    0x00, 0x06, 0xca, 0x99, 0x99, 0x9c, 0xff, 0xc9,
    0x99, 0x99, 0x60, 0x00, 0x00, 0xff, 0xd0, 0x00,
    0x00, 0x00, 0x00, 0x00, 0x7f, 0xf6, 0x00, 0x00,
    0x00, 0x00, 0x00, 0x1f, 0xfb, 0x00, 0x00, 0x00,
    0x00, 0x00, 0x07, 0xff, 0x60, 0x00, 0x00, 0x00,
    0x00, 0x04, 0xff, 0x80, 0x89, 0x99, 0x99, 0x99,
    0x99, 0xcf, 0xfb, 0x99, 0x99, 0x99, 0x96, 0x00,
    0x8f, 0xf5, 0x0e, 0xff, 0xff, 0xff, 0xff, 0xff,
    0xff, 0xff, 0xff, 0xff, 0xff, 0xb0, 0x0d, 0xff,
    0x10, 0xef, 0xff, 0xff, 0xff, 0xff, 0xff, 0xff,
    0xff, 0xff, 0xff, 0xfb, 0x02, 0xff, 0xc0, 0x00,
    0x00, 0x00, 0x00, 0x00, 0x07, 0xff, 0x60, 0x00,
    0x00, 0x00, 0x00, 0x9f, 0xf7, 0x00, 0x00, 0x00,
    0x00, 0x00, 0x00, 0x7f, 0xf6, 0x00, 0x00, 0x00,
    0x00, 0x0e, 0xff, 0x10, 0x00, 0x00, 0x00, 0x00,
    0x00, 0x07, 0xff, 0x60, 0x00, 0x00, 0x00, 0x00,
    0x19, 0x90, 0x00, 0x00, 0x00, 0x00, 0x00, 0x00,
    0x7f, 0xf6, 0x00, 0x00, 0x00, 0x00, 0x00, 0x00,
    0x00, 0x00, 0x00, 0x00, 0x00, 0x00, 0x00, 0x00,
    0x00, 0x00, 0x00, 0x00, 0x00,

    /* U+5E94 "应" */
    0x00, 0x00, 0x00, 0x00, 0x00, 0x00, 0x00, 0x15,
    0x70, 0x00, 0x00, 0x00, 0x00, 0x00, 0x00, 0x00,
    0x00, 0x00, 0x00, 0x00, 0x00, 0x0e, 0xff, 0x30,
    0x00, 0x00, 0x00, 0x00, 0x00, 0x00, 0x00, 0x00,
    0x00, 0x00, 0x00, 0x00, 0x7f, 0xfb, 0x00, 0x00,
    0x00, 0x00, 0x00, 0x00, 0x00, 0x00, 0x00, 0x00,
    0x00, 0x00, 0x01, 0xff, 0xf2, 0x00, 0x00, 0x00,
    0x00, 0x00, 0x00, 0x05, 0xac, 0xaa, 0xaa, 0xaa,
    0xaa, 0xae, 0xff, 0xca, 0xaa, 0xaa, 0xaa, 0xaa,
    0x40, 0x00, 0x8f, 0xff, 0xff, 0xff, 0xff, 0xff,
    0xff, 0xff, 0xff, 0xff, 0xff, 0xff, 0xf6, 0x00,
    0x08, 0xff, 0xff, 0xff, 0xff, 0xff, 0xff, 0xff,
    0xff, 0xff, 0xff, 0xff, 0xff, 0x60, 0x00, 0x8f,
    0xf5, 0x00, 0x00, 0x00, 0x00, 0x00, 0x00, 0x00,
    0x00, 0x00, 0x00, 0x00, 0x00, 0x08, 0xff, 0x50,
    0x00, 0x00, 0x00, 0x00, 0x10, 0x00, 0x00, 0x00,
    0x20, 0x00, 0x00, 0x00, 0x8f, 0xf5, 0x00, 0x00,
    0x00, 0x08, 0xee, 0x00, 0x00, 0x00, 0x0e, 0xe9,
    0x10, 0x00, 0x08, 0xff, 0x50, 0x16, 0x50, 0x00,
    0x9f, 0xf3, 0x00, 0x00, 0x03, 0xff, 0xf0, 0x00,
    0x00, 0x8f, 0xf5, 0x0f, 0xfc, 0x00, 0x05, 0xff,
    0x80, 0x00, 0x00, 0x7f, 0xfb, 0x00, 0x00, 0x08,
    0xff, 0x50, 0xbf, 0xf3, 0x00, 0x0f, 0xfc, 0x00,
    0x00, 0x0c, 0xff, 0x50, 0x00, 0x00, 0x8f, 0xf5,
    0x05, 0xff, 0x90, 0x00, 0xcf, 0xf1, 0x00, 0x01,
    0xff, 0xf0, 0x00, 0x00, 0x09, 0xff, 0x40, 0x0f,
    0xfe, 0x00, 0x08, 0xff, 0x50, 0x00, 0x6f, 0xfa,
    0x00, 0x00, 0x00, 0x9f, 0xf4, 0x00, 0xaf, 0xf4,
    0x00, 0x4f, 0xf9, 0x00, 0x0c, 0xff, 0x30, 0x00,
    0x00, 0x0a, 0xff, 0x30, 0x05, 0xff, 0x90, 0x00,
    0xff, 0xc0, 0x02, 0xff, 0xd0, 0x00, 0x00, 0x00,
    0xbf, 0xf2, 0x00, 0x0f, 0xfe, 0x00, 0x0d, 0xff,
    0x00, 0x8f, 0xf6, 0x00, 0x00, 0x00, 0x0c, 0xff,
    0x00, 0x00, 0xbf, 0xf3, 0x00, 0xaf, 0xf3, 0x0e,
    0xfe, 0x00, 0x00, 0x00, 0x00, 0xef, 0xf0, 0x00,
    0x06, 0xff, 0x80, 0x05, 0x73, 0x06, 0xff, 0x80,
    0x00, 0x00, 0x00, 0x0f, 0xfd, 0x00, 0x00, 0x2f,
    0xe6, 0x00, 0x00, 0x00, 0xdf, 0xf1, 0x00, 0x00,
    0x00, 0x03, 0xff, 0xa0, 0x00, 0x00, 0x40, 0x00,
    0x00, 0x00, 0x6f, 0xf8, 0x00, 0x00, 0x00, 0x00,
    0x7f, 0xf7, 0x00, 0x00, 0x00, 0x00, 0x00, 0x00,
    0x0e, 0xfe, 0x00, 0x00, 0x00, 0x00, 0x0a, 0xff,
    0x40, 0x00, 0x00, 0x00, 0x00, 0x00, 0x08, 0xff,
    0x60, 0x00, 0x00, 0x00, 0x00, 0xff, 0xf0, 0x6a,
    0xaa, 0xaa, 0xaa, 0xaa, 0xaa, 0xff, 0xfa, 0xaa,
    0xaa, 0xaa, 0x80, 0x5f, 0xfb, 0x0a, 0xff, 0xff,
    0xff, 0xff, 0xff, 0xff, 0xff, 0xff, 0xff, 0xff,
    0xfc, 0x0c, 0xff, 0x60, 0xaf, 0xff, 0xff, 0xff,
    0xff, 0xff, 0xff, 0xff, 0xff, 0xff, 0xff, 0xc0,
    0x4d, 0xe0, 0x00, 0x00, 0x00, 0x00, 0x00, 0x00,
    0x00, 0x00, 0x00, 0x00, 0x00, 0x00, 0x00, 0x04,
    0x00, 0x00, 0x00, 0x00, 0x00, 0x00, 0x00, 0x00,
    0x00, 0x00, 0x00, 0x00, 0x00,

    /* U+5EA6 "度" */
    0x00, 0x00, 0x00, 0x00, 0x00, 0x00, 0x00, 0x14,
    0x70, 0x00, 0x00, 0x00, 0x00, 0x00, 0x00, 0x00,
    0x00, 0x00, 0x00, 0x00, 0x00, 0x0d, 0xff, 0x60,
    0x00, 0x00, 0x00, 0x00, 0x00, 0x00, 0x00, 0x00,
    0x00, 0x00, 0x00, 0x00, 0x7f, 0xfe, 0x00, 0x00,
    0x00, 0x00, 0x00, 0x00, 0x00, 0x39, 0xba, 0x99,
    0x99, 0x99, 0x9a, 0xff, 0xfa, 0x99, 0x99, 0x99,
    0x99, 0x95, 0x00, 0x06, 0xff, 0xff, 0xff, 0xff,
    0xff, 0xff, 0xff, 0xff, 0xff, 0xff, 0xff, 0xff,
    0x80, 0x00, 0x6f, 0xff, 0xff, 0xff, 0xff, 0xff,
    0xff, 0xff, 0xff, 0xff, 0xff, 0xff, 0xf8, 0x00,
    0x06, 0xff, 0x70, 0x00, 0x03, 0x55, 0x10, 0x00,
    0x00, 0x15, 0x54, 0x00, 0x00, 0x00, 0x00, 0x6f,
    0xf6, 0x00, 0x00, 0xaf, 0xf1, 0x00, 0x00, 0x01,
    0xff, 0xb0, 0x00, 0x00, 0x00, 0x06, 0xff, 0x60,
    0x00, 0x0a, 0xff, 0x10, 0x00, 0x00, 0x1f, 0xfb,
    0x00, 0x00, 0x00, 0x00, 0x6f, 0xf8, 0xff, 0xff,
    0xff, 0xff, 0xff, 0xff, 0xff, 0xff, 0xff, 0xff,
    0xf5, 0x00, 0x06, 0xff, 0x8f, 0xff, 0xff, 0xff,
    0xff, 0xff, 0xff, 0xff, 0xff, 0xff, 0xff, 0x50,
    0x00, 0x6f, 0xf7, 0x55, 0x55, 0xcf, 0xf6, 0x55,
    0x55, 0x56, 0xff, 0xc5, 0x55, 0x51, 0x00, 0x06,
    0xff, 0x60, 0x00, 0x0a, 0xff, 0x10, 0x00, 0x00,
    0x1f, 0xfb, 0x00, 0x00, 0x00, 0x00, 0x6f, 0xf6,
    0x00, 0x00, 0xaf, 0xf1, 0x00, 0x00, 0x01, 0xff,
    0xb0, 0x00, 0x00, 0x00, 0x07, 0xff, 0x50, 0x00,
    0x0a, 0xff, 0xff, 0xff, 0xff, 0xff, 0xfb, 0x00,
    0x00, 0x00, 0x00, 0x7f, 0xf4, 0x00, 0x00, 0xaf,
    0xff, 0xff, 0xff, 0xff, 0xff, 0xb0, 0x00, 0x00,
    0x00, 0x08, 0xff, 0x30, 0x00, 0x02, 0x33, 0x33,
    0x33, 0x33, 0x33, 0x32, 0x00, 0x00, 0x00, 0x00,
    0xaf, 0xf2, 0x00, 0x00, 0x00, 0x00, 0x00, 0x00,
    0x00, 0x00, 0x11, 0x00, 0x00, 0x00, 0x0b, 0xff,
    0x19, 0xff, 0xff, 0xff, 0xff, 0xff, 0xff, 0xff,
    0xff, 0xfc, 0x20, 0x00, 0x00, 0xdf, 0xf0, 0x9f,
    0xff, 0xff, 0xff, 0xff, 0xff, 0xff, 0xff, 0xff,
    0xf1, 0x00, 0x00, 0x0f, 0xfd, 0x02, 0x34, 0xdf,
    0xf5, 0x33, 0x33, 0x33, 0x35, 0xff, 0xf6, 0x00,
    0x00, 0x02, 0xff, 0xa0, 0x00, 0x08, 0xff, 0xe3,
    0x00, 0x00, 0x04, 0xef, 0xf8, 0x00, 0x00, 0x00,
    0x6f, 0xf8, 0x00, 0x00, 0x08, 0xff, 0xf8, 0x10,
    0x19, 0xff, 0xf8, 0x00, 0x00, 0x00, 0x0a, 0xff,
    0x40, 0x00, 0x00, 0x05, 0xff, 0xff, 0xbf, 0xff,
    0xe4, 0x00, 0x00, 0x00, 0x00, 0xef, 0xf0, 0x00,
    0x00, 0x00, 0x05, 0xff, 0xff, 0xff, 0xe3, 0x00,
    0x00, 0x00, 0x00, 0x4f, 0xfc, 0x01, 0x35, 0x79,
    0xcf, 0xff, 0xff, 0xff, 0xff, 0xfe, 0xb8, 0x53,
    0x10, 0x0b, 0xff, 0x60, 0xcf, 0xff, 0xff, 0xff,
    0xfa, 0x53, 0x9e, 0xff, 0xff, 0xff, 0xff, 0x90,
    0x7e, 0xf0, 0x05, 0xff, 0xfd, 0xa6, 0x30, 0x00,
    0x00, 0x03, 0x7b, 0xef, 0xff, 0xe1, 0x00, 0x03,
    0x00, 0x04, 0x20, 0x00, 0x00, 0x00, 0x00, 0x00,
    0x00, 0x00, 0x14, 0x64, 0x00,

    /* U+5EB7 "康" */
    0x00, 0x00, 0x00, 0x00, 0x00, 0x00, 0x00, 0x15,
    0x60, 0x00, 0x00, 0x00, 0x00, 0x00, 0x00, 0x00,
    0x00, 0x00, 0x00, 0x00, 0x00, 0x01, 0xff, 0xf4,
    0x00, 0x00, 0x00, 0x00, 0x00, 0x00, 0x00, 0x00,
    0x00, 0x00, 0x00, 0x00, 0x00, 0x7f, 0xfd, 0x00,
    0x00, 0x00, 0x00, 0x00, 0x00, 0x00, 0x07, 0xde,
    0xdd, 0xdd, 0xdd, 0xdd, 0xdf, 0xff, 0xdd, 0xdd,
    0xdd, 0xdd, 0xdd, 0x40, 0x00, 0x08, 0xff, 0xff,
    0xff, 0xff, 0xff, 0xff, 0xff, 0xff, 0xff, 0xff,
    0xff, 0xff, 0x50, 0x00, 0x08, 0xff, 0xbb, 0xbb,
    0xbb, 0xbb, 0xbe, 0xff, 0xbb, 0xbb, 0xbb, 0xbb,
    0xbb, 0x30, 0x00, 0x08, 0xff, 0x20, 0x00, 0x00,
    0x00, 0x0b, 0xff, 0x20, 0x00, 0x00, 0x00, 0x00,
    0x00, 0x00, 0x08, 0xff, 0x20, 0x11, 0x11, 0x11,
    0x1c, 0xff, 0x31, 0x11, 0x11, 0x11, 0x00, 0x00,
    0x00, 0x08, 0xff, 0x21, 0xff, 0xff, 0xff, 0xff,
    0xff, 0xff, 0xff, 0xff, 0xff, 0x10, 0x00, 0x00,
    0x08, 0xff, 0x20, 0xee, 0xee, 0xee, 0xef, 0xff,
    0xee, 0xee, 0xef, 0xff, 0x10, 0x00, 0x00, 0x08,
    0xff, 0x20, 0x00, 0x00, 0x00, 0x0b, 0xff, 0x20,
    0x00, 0x0a, 0xff, 0x10, 0x00, 0x00, 0x08, 0xff,
    0x44, 0x44, 0x44, 0x44, 0x4d, 0xff, 0x64, 0x44,
    0x4b, 0xff, 0x88, 0x70, 0x00, 0x08, 0xff, 0x8f,
    0xff, 0xff, 0xff, 0xff, 0xff, 0xff, 0xff, 0xff,
    0xff, 0xff, 0xe0, 0x00, 0x09, 0xff, 0x6b, 0xbb,
    0xbb, 0xbb, 0xbe, 0xff, 0xcb, 0xbb, 0xbe, 0xff,
    0xfe, 0xd0, 0x00, 0x09, 0xff, 0x10, 0x00, 0x00,
    0x00, 0x0b, 0xff, 0x20, 0x00, 0x0a, 0xff, 0x10,
    0x00, 0x00, 0x0a, 0xff, 0x04, 0xbb, 0xbb, 0xbb,
    0xbe, 0xff, 0xcb, 0xbb, 0xbe, 0xff, 0x10, 0x00,
    0x00, 0x0b, 0xff, 0x05, 0xff, 0xff, 0xff, 0xff,
    0xff, 0xff, 0xff, 0xff, 0xff, 0x10, 0x00, 0x00,
    0x0c, 0xfe, 0x01, 0xc7, 0x44, 0x44, 0x4c, 0xff,
    0x74, 0x44, 0x44, 0x68, 0x00, 0x00, 0x00, 0x0e,
    0xfc, 0x09, 0xff, 0x90, 0x00, 0x0b, 0xff, 0xb0,
    0x00, 0x05, 0xef, 0x70, 0x00, 0x00, 0x0f, 0xfb,
    0x01, 0xbf, 0xfe, 0x40, 0x0b, 0xff, 0xf8, 0x01,
    0xaf, 0xff, 0x90, 0x00, 0x00, 0x2f, 0xf8, 0x00,
    0x06, 0xff, 0xa0, 0x5e, 0xff, 0xff, 0xae, 0xff,
    0xd3, 0x00, 0x00, 0x00, 0x5f, 0xf5, 0x00, 0x00,
    0x2c, 0x9f, 0xff, 0xff, 0xbf, 0xff, 0xe6, 0x00,
    0x00, 0x00, 0x00, 0x9f, 0xf2, 0x00, 0x17, 0xdf,
    0xff, 0xde, 0xff, 0x29, 0xff, 0xf7, 0x00, 0x00,
    0x00, 0x00, 0xef, 0xe0, 0x5b, 0xff, 0xff, 0xb4,
    0x0b, 0xff, 0x20, 0x6f, 0xff, 0xe8, 0x20, 0x00,
    0x04, 0xff, 0x92, 0xff, 0xff, 0x92, 0x00, 0x0b,
    0xff, 0x20, 0x02, 0xcf, 0xff, 0xfe, 0x80, 0x0b,
    0xff, 0x40, 0xad, 0x71, 0x24, 0x44, 0x4d, 0xff,
    0x10, 0x00, 0x04, 0xbf, 0xff, 0x20, 0x0c, 0xfd,
    0x00, 0x10, 0x00, 0x2f, 0xff, 0xff, 0xfe, 0x00,
    0x00, 0x00, 0x02, 0x75, 0x00, 0x00, 0x75, 0x00,
    0x00, 0x00, 0x0b, 0xff, 0xfe, 0xb3, 0x00, 0x00,
    0x00, 0x00, 0x00, 0x00, 0x00, 0x00, 0x00, 0x00,
    0x00, 0x00, 0x00, 0x00, 0x00, 0x00, 0x00, 0x00,
    0x00, 0x00, 0x00,

    /* U+5F00 "开" */
    0x04, 0x77, 0x77, 0x77, 0x77, 0x77, 0x77, 0x77,
    0x77, 0x77, 0x77, 0x77, 0x77, 0x30, 0x0a, 0xff,
    0xff, 0xff, 0xff, 0xff, 0xff, 0xff, 0xff, 0xff,
    0xff, 0xff, 0xff, 0x70, 0x0a, 0xff, 0xff, 0xff,
    0xff, 0xff, 0xff, 0xff, 0xff, 0xff, 0xff, 0xff,
    0xff, 0x70, 0x02, 0x33, 0x33, 0x3c, 0xff, 0x63,
    0x33, 0x33, 0x34, 0xff, 0xe3, 0x33, 0x33, 0x10,
    0x00, 0x00, 0x00, 0x0b, 0xff, 0x30, 0x00, 0x00,
    0x01, 0xff, 0xe0, 0x00, 0x00, 0x00, 0x00, 0x00,
    0x00, 0x0b, 0xff, 0x30, 0x00, 0x00, 0x01, 0xff,
    0xe0, 0x00, 0x00, 0x00, 0x00, 0x00, 0x00, 0x0b,
    0xff, 0x30, 0x00, 0x00, 0x01, 0xff, 0xe0, 0x00,
    0x00, 0x00, 0x00, 0x00, 0x00, 0x0b, 0xff, 0x30,
    0x00, 0x00, 0x01, 0xff, 0xe0, 0x00, 0x00, 0x00,
    0x00, 0x00, 0x00, 0x0b, 0xff, 0x30, 0x00, 0x00,
    0x01, 0xff, 0xe0, 0x00, 0x00, 0x00, 0x00, 0x00,
    0x00, 0x0b, 0xff, 0x30, 0x00, 0x00, 0x01, 0xff,
    0xe0, 0x00, 0x00, 0x00, 0x00, 0x00, 0x00, 0x0b,
    0xff, 0x30, 0x00, 0x00, 0x01, 0xff, 0xe0, 0x00,
    0x00, 0x00, 0x8b, 0xbb, 0xbb, 0xbe, 0xff, 0xcb,
    0xbb, 0xbb, 0xbb, 0xff, 0xfb, 0xbb, 0xbb, 0xb4,
    0xcf, 0xff, 0xff, 0xff, 0xff, 0xff, 0xff, 0xff,
    0xff, 0xff, 0xff, 0xff, 0xff, 0xf6, 0xbf, 0xff,
    0xff, 0xff, 0xff, 0xff, 0xff, 0xff, 0xff, 0xff,
    0xff, 0xff, 0xff, 0xf5, 0x00, 0x00, 0x00, 0x0f,
    0xff, 0x00, 0x00, 0x00, 0x01, 0xff, 0xe0, 0x00,
    0x00, 0x00, 0x00, 0x00, 0x00, 0x4f, 0xfc, 0x00,
    0x00, 0x00, 0x01, 0xff, 0xe0, 0x00, 0x00, 0x00,
    0x00, 0x00, 0x00, 0x8f, 0xf9, 0x00, 0x00, 0x00,
    0x01, 0xff, 0xe0, 0x00, 0x00, 0x00, 0x00, 0x00,
    0x00, 0xdf, 0xf5, 0x00, 0x00, 0x00, 0x01, 0xff,
    0xe0, 0x00, 0x00, 0x00, 0x00, 0x00, 0x05, 0xff,
    0xf0, 0x00, 0x00, 0x00, 0x01, 0xff, 0xe0, 0x00,
    0x00, 0x00, 0x00, 0x00, 0x0d, 0xff, 0x90, 0x00,
    0x00, 0x00, 0x01, 0xff, 0xe0, 0x00, 0x00, 0x00,
    0x00, 0x00, 0x9f, 0xff, 0x10, 0x00, 0x00, 0x00,
    0x01, 0xff, 0xe0, 0x00, 0x00, 0x00, 0x00, 0x07,
    0xff, 0xf7, 0x00, 0x00, 0x00, 0x00, 0x01, 0xff,
    0xe0, 0x00, 0x00, 0x00, 0x00, 0x8f, 0xff, 0xb0,
    0x00, 0x00, 0x00, 0x00, 0x01, 0xff, 0xe0, 0x00,
    0x00, 0x00, 0x2b, 0xff, 0xfc, 0x00, 0x00, 0x00,
    0x00, 0x00, 0x01, 0xff, 0xe0, 0x00, 0x00, 0x00,
    0x3e, 0xff, 0xb0, 0x00, 0x00, 0x00, 0x00, 0x00,
    0x01, 0xff, 0xe0, 0x00, 0x00, 0x00, 0x02, 0xd7,
    0x00, 0x00, 0x00, 0x00, 0x00, 0x00, 0x01, 0xff,
    0xe0, 0x00, 0x00, 0x00, 0x00, 0x00, 0x00, 0x00,
    0x00, 0x00, 0x00, 0x00, 0x00, 0x00, 0x00, 0x00,
    0x00, 0x00,

    /* U+5F0F "式" */
    0x00, 0x00, 0x00, 0x00, 0x00, 0x00, 0x00, 0x00,
    0x33, 0x30, 0x00, 0x10, 0x00, 0x00, 0x00, 0x00,
    0x00, 0x00, 0x00, 0x00, 0x00, 0x00, 0x1f, 0xfe,
    0x00, 0x7f, 0x70, 0x00, 0x00, 0x00, 0x00, 0x00,
    0x00, 0x00, 0x00, 0x00, 0x01, 0xff, 0xe0, 0x2e,
    0xff, 0xa0, 0x00, 0x00, 0x00, 0x00, 0x00, 0x00,
    0x00, 0x00, 0x00, 0x1f, 0xfe, 0x00, 0x2d, 0xff,
    0xc1, 0x00, 0x00, 0x00, 0x00, 0x00, 0x00, 0x00,
    0x00, 0x00, 0xff, 0xf0, 0x00, 0x0c, 0xff, 0x50,
    0x00, 0x00, 0x00, 0x00, 0x00, 0x00, 0x00, 0x00,
    0x0f, 0xff, 0x00, 0x00, 0x0b, 0x40, 0x00, 0x2f,
    0xff, 0xff, 0xff, 0xff, 0xff, 0xff, 0xff, 0xff,
    0xff, 0xff, 0xff, 0xff, 0xfa, 0x03, 0xff, 0xff,
    0xff, 0xff, 0xff, 0xff, 0xff, 0xff, 0xff, 0xff,
    0xff, 0xff, 0xff, 0xb0, 0x2d, 0xdd, 0xdd, 0xdd,
    0xdd, 0xdd, 0xdd, 0xdd, 0xff, 0xfe, 0xdd, 0xdd,
    0xdd, 0xd9, 0x00, 0x00, 0x00, 0x00, 0x00, 0x00,
    0x00, 0x00, 0x0c, 0xff, 0x30, 0x00, 0x00, 0x00,
    0x00, 0x00, 0x00, 0x00, 0x00, 0x00, 0x00, 0x00,
    0x00, 0xbf, 0xf4, 0x00, 0x00, 0x00, 0x00, 0x00,
    0x00, 0x00, 0x00, 0x00, 0x00, 0x00, 0x00, 0x09,
    0xff, 0x60, 0x00, 0x00, 0x00, 0x00, 0x00, 0x00,
    0x00, 0x00, 0x00, 0x00, 0x00, 0x00, 0x7f, 0xf8,
    0x00, 0x00, 0x00, 0x00, 0x00, 0x1e, 0xee, 0xee,
    0xee, 0xee, 0xee, 0xee, 0x06, 0xff, 0xa0, 0x00,
    0x00, 0x00, 0x00, 0x01, 0xff, 0xff, 0xff, 0xff,
    0xff, 0xff, 0xf0, 0x3f, 0xfc, 0x00, 0x00, 0x00,
    0x00, 0x00, 0x1d, 0xdd, 0xdd, 0xff, 0xfd, 0xdd,
    0xdd, 0x01, 0xff, 0xf0, 0x00, 0x00, 0x00, 0x00,
    0x00, 0x00, 0x00, 0x1f, 0xfc, 0x00, 0x00, 0x00,
    0x0e, 0xff, 0x20, 0x00, 0x00, 0x00, 0x00, 0x00,
    0x00, 0x01, 0xff, 0xc0, 0x00, 0x00, 0x00, 0xbf,
    0xf5, 0x00, 0x00, 0x00, 0x00, 0x00, 0x00, 0x00,
    0x1f, 0xfc, 0x00, 0x00, 0x00, 0x07, 0xff, 0x90,
    0x00, 0x00, 0x00, 0x00, 0x00, 0x00, 0x01, 0xff,
    0xc0, 0x00, 0x00, 0x00, 0x3f, 0xfe, 0x00, 0x00,
    0x00, 0x00, 0x00, 0x00, 0x00, 0x1f, 0xfc, 0x00,
    0x00, 0x00, 0x00, 0xef, 0xf2, 0x00, 0x01, 0x30,
    0x00, 0x00, 0x00, 0x01, 0xff, 0xc0, 0x00, 0x00,
    0x00, 0x0a, 0xff, 0x80, 0x00, 0x3f, 0x91, 0x00,
    0x00, 0x00, 0x1f, 0xfc, 0x01, 0x46, 0x9a, 0x00,
    0x4f, 0xfe, 0x00, 0x05, 0xff, 0x40, 0x00, 0x00,
    0x15, 0xff, 0xfe, 0xff, 0xff, 0xf0, 0x00, 0xdf,
    0xf8, 0x00, 0x7f, 0xf2, 0x06, 0x9c, 0xef, 0xff,
    0xff, 0xff, 0xff, 0xfc, 0x00, 0x05, 0xff, 0xf6,
    0x0c, 0xff, 0x00, 0xcf, 0xff, 0xff, 0xff, 0xca,
    0x74, 0x20, 0x00, 0x00, 0x0b, 0xff, 0xff, 0xff,
    0xb0, 0x07, 0xfc, 0xa7, 0x42, 0x00, 0x00, 0x00,
    0x00, 0x00, 0x00, 0x1d, 0xff, 0xff, 0xf4, 0x00,
    0x00, 0x00, 0x00, 0x00, 0x00, 0x00, 0x00, 0x00,
    0x00, 0x00, 0x09, 0xef, 0xd6, 0x00,

    /* U+5F62 "形" */
    0x00, 0x00, 0x00, 0x00, 0x00, 0x00, 0x00, 0x00,
    0x00, 0x00, 0x00, 0x00, 0x2c, 0x61, 0x00, 0x03,
    0x99, 0x99, 0x99, 0x99, 0x99, 0x99, 0x99, 0x93,
    0x00, 0x00, 0x01, 0xef, 0xf9, 0x00, 0x05, 0xff,
    0xff, 0xff, 0xff, 0xff, 0xff, 0xff, 0xf6, 0x00,
    0x00, 0x2d, 0xff, 0xc0, 0x00, 0x05, 0xff, 0xff,
    0xff, 0xff, 0xff, 0xff, 0xff, 0xf6, 0x00, 0x04,
    0xef, 0xfc, 0x00, 0x00, 0x00, 0x00, 0x2f, 0xf9,
    0x00, 0x02, 0xff, 0xb0, 0x00, 0x00, 0x8f, 0xff,
    0xb0, 0x00, 0x00, 0x00, 0x00, 0x1f, 0xf9, 0x00,
    0x01, 0xff, 0xb0, 0x00, 0x3d, 0xff, 0xf9, 0x00,
    0x00, 0x00, 0x00, 0x00, 0x1f, 0xf9, 0x00, 0x01,
    0xff, 0xb0, 0x06, 0xff, 0xff, 0x50, 0x00, 0x00,
    0x00, 0x00, 0x00, 0x1f, 0xf9, 0x00, 0x01, 0xff,
    0xb0, 0x00, 0x8f, 0xb2, 0x00, 0x00, 0x00, 0x00,
    0x00, 0x00, 0x1f, 0xf9, 0x00, 0x01, 0xff, 0xb0,
    0x00, 0x03, 0x00, 0x00, 0x02, 0x60, 0x00, 0x00,
    0x00, 0x1f, 0xf9, 0x00, 0x01, 0xff, 0xb0, 0x00,
    0x00, 0x00, 0x00, 0x0d, 0xff, 0x40, 0x00, 0x00,
    0x1f, 0xf9, 0x00, 0x01, 0xff, 0xb0, 0x00, 0x00,
    0x00, 0x01, 0xcf, 0xfb, 0x00, 0x08, 0xaa, 0xbf,
    0xfe, 0xaa, 0xab, 0xff, 0xea, 0xa8, 0x00, 0x00,
    0x2d, 0xff, 0xc0, 0x00, 0x0d, 0xff, 0xff, 0xff,
    0xff, 0xff, 0xff, 0xff, 0xfc, 0x00, 0x05, 0xef,
    0xfb, 0x00, 0x00, 0x0d, 0xff, 0xff, 0xff, 0xff,
    0xff, 0xff, 0xff, 0xfc, 0x00, 0x9f, 0xff, 0xa0,
    0x00, 0x00, 0x00, 0x00, 0x2f, 0xf8, 0x00, 0x01,
    0xff, 0xb0, 0x00, 0x5e, 0xff, 0xf6, 0x00, 0x00,
    0x00, 0x00, 0x00, 0x3f, 0xf7, 0x00, 0x01, 0xff,
    0xb0, 0x01, 0xdf, 0xfd, 0x30, 0x00, 0x00, 0x00,
    0x00, 0x00, 0x5f, 0xf6, 0x00, 0x01, 0xff, 0xb0,
    0x00, 0x1c, 0x80, 0x00, 0x00, 0x55, 0x00, 0x00,
    0x00, 0x7f, 0xf4, 0x00, 0x01, 0xff, 0xb0, 0x00,
    0x00, 0x00, 0x00, 0x02, 0xff, 0xe1, 0x00, 0x00,
    0xaf, 0xf2, 0x00, 0x01, 0xff, 0xb0, 0x00, 0x00,
    0x00, 0x00, 0x1d, 0xff, 0x90, 0x00, 0x00, 0xef,
    0xf0, 0x00, 0x01, 0xff, 0xb0, 0x00, 0x00, 0x00,
    0x01, 0xcf, 0xfc, 0x00, 0x00, 0x02, 0xff, 0xb0,
    0x00, 0x01, 0xff, 0xb0, 0x00, 0x00, 0x00, 0x1d,
    0xff, 0xd1, 0x00, 0x00, 0x08, 0xff, 0x60, 0x00,
    0x01, 0xff, 0xb0, 0x00, 0x00, 0x04, 0xef, 0xfd,
    0x10, 0x00, 0x00, 0x1f, 0xff, 0x10, 0x00, 0x01,
    0xff, 0xb0, 0x00, 0x00, 0x8f, 0xff, 0xc1, 0x00,
    0x00, 0x00, 0x9f, 0xfa, 0x00, 0x00, 0x01, 0xff,
    0xb0, 0x00, 0x5e, 0xff, 0xfa, 0x00, 0x00, 0x00,
    0x05, 0xff, 0xf2, 0x00, 0x00, 0x01, 0xff, 0xb0,
    0x5d, 0xff, 0xff, 0x60, 0x00, 0x00, 0x00, 0x0b,
    0xff, 0x70, 0x00, 0x00, 0x01, 0xff, 0xb0, 0x3f,
    0xff, 0xb2, 0x00, 0x00, 0x00, 0x00, 0x00, 0xab,
    0x00, 0x00, 0x00, 0x01, 0xff, 0xb0, 0x04, 0xc4,
    0x00, 0x00, 0x00, 0x00, 0x00, 0x00, 0x00, 0x00,
    0x00, 0x00, 0x00, 0x00, 0x00, 0x00, 0x00, 0x00,
    0x00, 0x00, 0x00, 0x00,

    /* U+6001 "态" */
    0x00, 0x00, 0x00, 0x00, 0x00, 0x00, 0x05, 0x54,
    0x00, 0x00, 0x00, 0x00, 0x00, 0x00, 0x00, 0x00,
    0x00, 0x00, 0x00, 0x00, 0x03, 0xff, 0xc0, 0x00,
    0x00, 0x00, 0x00, 0x00, 0x00, 0x00, 0x00, 0x00,
    0x00, 0x00, 0x00, 0x5f, 0xfa, 0x00, 0x00, 0x00,
    0x00, 0x00, 0x00, 0x00, 0x00, 0x00, 0x00, 0x00,
    0x00, 0x08, 0xff, 0x70, 0x00, 0x00, 0x00, 0x00,
    0x00, 0x00, 0x00, 0x00, 0x00, 0x00, 0x00, 0x00,
    0xaf, 0xf5, 0x00, 0x00, 0x00, 0x00, 0x00, 0x00,
    0x03, 0xff, 0xff, 0xff, 0xff, 0xff, 0xff, 0xff,
    0xff, 0xff, 0xff, 0xff, 0xff, 0xff, 0xc0, 0x3f,
    0xff, 0xff, 0xff, 0xff, 0xff, 0xff, 0xff, 0xff,
    0xff, 0xff, 0xff, 0xff, 0xfc, 0x02, 0x99, 0x99,
    0x99, 0x99, 0x99, 0xdf, 0xff, 0xff, 0xc9, 0x99,
    0x99, 0x99, 0x99, 0x70, 0x00, 0x00, 0x00, 0x00,
    0x00, 0x0e, 0xff, 0x5f, 0xfd, 0x00, 0x00, 0x00,
    0x00, 0x00, 0x00, 0x00, 0x00, 0x00, 0x00, 0x07,
    0xff, 0xc0, 0x9f, 0xf9, 0x00, 0x00, 0x00, 0x00,
    0x00, 0x00, 0x00, 0x00, 0x00, 0x03, 0xff, 0xf4,
    0x01, 0xef, 0xf7, 0x00, 0x00, 0x00, 0x00, 0x00,
    0x00, 0x00, 0x00, 0x02, 0xef, 0xfa, 0x00, 0x05,
    0xff, 0xf7, 0x00, 0x00, 0x00, 0x00, 0x00, 0x00,
    0x00, 0x04, 0xef, 0xfd, 0x21, 0x00, 0x08, 0xff,
    0xfa, 0x00, 0x00, 0x00, 0x00, 0x00, 0x00, 0x19,
    0xff, 0xfd, 0x9f, 0xf8, 0x00, 0x09, 0xff, 0xfe,
    0x50, 0x00, 0x00, 0x00, 0x02, 0x9f, 0xff, 0xfb,
    0x2a, 0xff, 0xfd, 0x30, 0x07, 0xff, 0xff, 0xd7,
    0x20, 0x02, 0x8d, 0xff, 0xff, 0xf6, 0x00, 0x05,
    0xef, 0xff, 0x60, 0x03, 0xdf, 0xff, 0xff, 0xc0,
    0x1d, 0xff, 0xff, 0x81, 0x00, 0x00, 0x01, 0xcf,
    0xf7, 0x00, 0x00, 0x6e, 0xff, 0xf3, 0x00, 0x4f,
    0xb5, 0x00, 0x00, 0x00, 0x05, 0xc4, 0x82, 0x00,
    0x00, 0x00, 0x04, 0xa7, 0x00, 0x00, 0x01, 0x00,
    0x01, 0x22, 0x04, 0xff, 0xf4, 0x00, 0x00, 0x00,
    0x17, 0x20, 0x00, 0x00, 0x00, 0xae, 0x90, 0xcf,
    0xf0, 0x06, 0xff, 0xf4, 0x00, 0x00, 0x2f, 0xfc,
    0x00, 0x00, 0x00, 0x0e, 0xfd, 0x0c, 0xff, 0x00,
    0x07, 0xff, 0xf2, 0x00, 0x00, 0xbf, 0xf4, 0x00,
    0x00, 0x03, 0xff, 0x90, 0xcf, 0xf0, 0x00, 0x08,
    0xff, 0xe1, 0x00, 0x03, 0xff, 0xc0, 0x00, 0x00,
    0x9f, 0xf4, 0x0c, 0xff, 0x00, 0x00, 0x0b, 0xf7,
    0x00, 0xa7, 0x1b, 0xff, 0x40, 0x00, 0x0e, 0xff,
    0x00, 0xcf, 0xf0, 0x00, 0x00, 0x12, 0x00, 0x0e,
    0xfb, 0x4f, 0xfc, 0x00, 0x07, 0xff, 0x90, 0x0c,
    0xff, 0x00, 0x00, 0x00, 0x00, 0x02, 0xff, 0x90,
    0xdf, 0xf2, 0x00, 0xef, 0xf3, 0x00, 0xaf, 0xfc,
    0x99, 0x99, 0x99, 0x99, 0xdf, 0xf5, 0x07, 0xff,
    0x80, 0x19, 0xfc, 0x00, 0x05, 0xff, 0xff, 0xff,
    0xff, 0xff, 0xff, 0xfe, 0x00, 0x2f, 0xc5, 0x00,
    0x02, 0x20, 0x00, 0x06, 0xbe, 0xff, 0xff, 0xff,
    0xff, 0xea, 0x20, 0x00, 0x10, 0x00,

    /* U+6062 "恢" */
    0x00, 0x00, 0x4c, 0xc2, 0x00, 0x00, 0x00, 0x7b,
    0xa0, 0x00, 0x00, 0x00, 0x00, 0x00, 0x00, 0x00,
    0x05, 0xff, 0x30, 0x00, 0x00, 0x0a, 0xff, 0x00,
    0x00, 0x00, 0x00, 0x00, 0x00, 0x00, 0x00, 0x5f,
    0xf3, 0x00, 0x00, 0x00, 0xbf, 0xe0, 0x00, 0x00,
    0x00, 0x00, 0x00, 0x00, 0x00, 0x05, 0xff, 0x30,
    0x00, 0x00, 0x0d, 0xfc, 0x00, 0x00, 0x00, 0x00,
    0x00, 0x00, 0x00, 0x00, 0x5f, 0xf3, 0x00, 0x00,
    0x00, 0xff, 0xa0, 0x00, 0x00, 0x00, 0x00, 0x00,
    0x00, 0x00, 0x05, 0xff, 0x34, 0x0d, 0xff, 0xff,
    0xff, 0xff, 0xff, 0xff, 0xff, 0xff, 0xf1, 0x00,
    0x66, 0x6f, 0xff, 0xf6, 0xdf, 0xff, 0xff, 0xff,
    0xff, 0xff, 0xff, 0xff, 0xff, 0x10, 0x0c, 0xf9,
    0xff, 0xbf, 0xc7, 0x99, 0xcf, 0xfa, 0x99, 0x99,
    0x99, 0x99, 0x99, 0x90, 0x00, 0xef, 0x8f, 0xf5,
    0xff, 0x20, 0x09, 0xff, 0x00, 0x00, 0x26, 0x50,
    0x00, 0x00, 0x00, 0x0f, 0xf7, 0xff, 0x3d, 0xf7,
    0x00, 0xcf, 0xd0, 0x00, 0x06, 0xff, 0x00, 0x00,
    0x00, 0x03, 0xff, 0x5f, 0xf3, 0x8f, 0xb0, 0x0f,
    0xfa, 0x00, 0x00, 0x6f, 0xf0, 0x00, 0x00, 0x00,
    0x6f, 0xd5, 0xff, 0x35, 0xd6, 0x03, 0xff, 0x70,
    0x97, 0x17, 0xfd, 0x00, 0x8a, 0x50, 0x0a, 0xfa,
    0x5f, 0xf3, 0x00, 0x00, 0x7f, 0xf3, 0x1f, 0xf1,
    0x9f, 0xc0, 0x0c, 0xf7, 0x00, 0xef, 0x65, 0xff,
    0x30, 0x00, 0x0b, 0xfe, 0x04, 0xfe, 0x0b, 0xfa,
    0x01, 0xff, 0x40, 0x05, 0xb1, 0x5f, 0xf3, 0x00,
    0x00, 0xff, 0xa0, 0x7f, 0xa0, 0xdf, 0x90, 0x5f,
    0xf0, 0x00, 0x00, 0x05, 0xff, 0x30, 0x00, 0x5f,
    0xf5, 0x0c, 0xf6, 0x0f, 0xf7, 0x0a, 0xfa, 0x00,
    0x00, 0x00, 0x5f, 0xf3, 0x00, 0x0b, 0xff, 0x01,
    0xff, 0x12, 0xff, 0x40, 0xff, 0x50, 0x00, 0x00,
    0x05, 0xff, 0x30, 0x02, 0xff, 0xa0, 0x8f, 0xb0,
    0x6f, 0xf3, 0x6f, 0xf0, 0x00, 0x00, 0x00, 0x5f,
    0xf3, 0x00, 0xaf, 0xf3, 0x03, 0xc4, 0x0a, 0xff,
    0x62, 0x98, 0x00, 0x00, 0x00, 0x05, 0xff, 0x30,
    0x3f, 0xfc, 0x00, 0x00, 0x00, 0xff, 0xfd, 0x00,
    0x00, 0x00, 0x00, 0x00, 0x5f, 0xf3, 0x0d, 0xff,
    0x30, 0x00, 0x00, 0x7f, 0xff, 0xf4, 0x00, 0x00,
    0x00, 0x00, 0x05, 0xff, 0x3a, 0xff, 0xa0, 0x00,
    0x00, 0x1e, 0xfe, 0xbf, 0xd0, 0x00, 0x00, 0x00,
    0x00, 0x5f, 0xf3, 0x4f, 0xe1, 0x00, 0x00, 0x0b,
    0xff, 0x63, 0xff, 0x80, 0x00, 0x00, 0x00, 0x05,
    0xff, 0x30, 0x43, 0x00, 0x00, 0x09, 0xff, 0xc0,
    0x0a, 0xff, 0x60, 0x00, 0x00, 0x00, 0x5f, 0xf3,
    0x00, 0x00, 0x00, 0x2c, 0xff, 0xe2, 0x00, 0x1e,
    0xff, 0x70, 0x00, 0x00, 0x05, 0xff, 0x30, 0x00,
    0x03, 0xaf, 0xff, 0xe3, 0x00, 0x00, 0x3f, 0xff,
    0xc3, 0x00, 0x00, 0x5f, 0xf3, 0x00, 0x00, 0x3f,
    0xff, 0xc2, 0x00, 0x00, 0x00, 0x3e, 0xfd, 0x10,
    0x00, 0x05, 0xff, 0x30, 0x00, 0x00, 0x8c, 0x50,
    0x00, 0x00, 0x00, 0x00, 0x1a, 0x20, 0x00, 0x00,
    0x00, 0x00, 0x00, 0x00, 0x00, 0x00, 0x00, 0x00,
    0x00, 0x00, 0x00, 0x00, 0x00,

    /* U+60A8 "您" */
    0x00, 0x00, 0x00, 0x00, 0x10, 0x00, 0x00, 0x00,
    0x00, 0x00, 0x00, 0x00, 0x00, 0x00, 0x00, 0x00,
    0x00, 0x00, 0x6f, 0xb3, 0x00, 0x6e, 0xb2, 0x00,
    0x00, 0x00, 0x00, 0x00, 0x00, 0x00, 0x00, 0x00,
    0x1e, 0xff, 0x10, 0x0d, 0xff, 0x10, 0x00, 0x00,
    0x00, 0x00, 0x00, 0x00, 0x00, 0x00, 0x0a, 0xff,
    0x70, 0x05, 0xff, 0xd7, 0x77, 0x77, 0x77, 0x77,
    0x78, 0x62, 0x00, 0x00, 0x06, 0xff, 0xc0, 0x00,
    0xef, 0xff, 0xff, 0xff, 0xff, 0xff, 0xff, 0xff,
    0x70, 0x00, 0x04, 0xff, 0xf2, 0x00, 0xaf, 0xff,
    0xff, 0xff, 0xff, 0xff, 0xff, 0xff, 0xf1, 0x00,
    0x03, 0xff, 0xff, 0x00, 0x7f, 0xfd, 0x00, 0x00,
    0x35, 0x50, 0x00, 0x3f, 0xf9, 0x00, 0x03, 0xff,
    0xff, 0xf0, 0x6f, 0xff, 0x30, 0x00, 0x0b, 0xff,
    0x00, 0x0b, 0xff, 0x10, 0x05, 0xff, 0xff, 0xff,
    0x01, 0xcf, 0x50, 0x00, 0x00, 0xbf, 0xf0, 0x00,
    0x8b, 0x80, 0x00, 0xbf, 0xfb, 0xcf, 0xf0, 0x00,
    0x50, 0x6b, 0x71, 0x0b, 0xff, 0x00, 0x7d, 0x10,
    0x00, 0x01, 0xda, 0x0b, 0xff, 0x00, 0x00, 0x0e,
    0xff, 0x10, 0xbf, 0xf0, 0x4f, 0xfc, 0x00, 0x00,
    0x01, 0x00, 0xbf, 0xf0, 0x00, 0x07, 0xff, 0x80,
    0x0b, 0xff, 0x00, 0xaf, 0xf8, 0x00, 0x00, 0x00,
    0x0b, 0xff, 0x00, 0x03, 0xff, 0xe0, 0x00, 0xbf,
    0xf0, 0x01, 0xef, 0xf2, 0x00, 0x00, 0x00, 0xbf,
    0xf0, 0x02, 0xef, 0xf4, 0x00, 0x0b, 0xff, 0x00,
    0x05, 0xff, 0xc0, 0x00, 0x00, 0x0b, 0xff, 0x00,
    0x9f, 0xf8, 0x00, 0x00, 0xbf, 0xf0, 0x00, 0x0b,
    0xff, 0x40, 0x00, 0x00, 0xbf, 0xf0, 0x00, 0x8a,
    0x00, 0x88, 0x8e, 0xff, 0x00, 0x00, 0x3d, 0x50,
    0x00, 0x00, 0x0b, 0xff, 0x00, 0x00, 0x00, 0x0a,
    0xff, 0xff, 0xc0, 0x00, 0x00, 0x00, 0x00, 0x00,
    0x00, 0xbf, 0xf0, 0x00, 0x00, 0x5b, 0x6e, 0xdc,
    0x91, 0x00, 0x00, 0x00, 0x00, 0x00, 0x00, 0x00,
    0x00, 0x00, 0x00, 0x4f, 0xfe, 0x20, 0x00, 0x00,
    0x00, 0x00, 0x00, 0x00, 0x00, 0x04, 0x00, 0x28,
    0x84, 0x00, 0x7f, 0xfd, 0x10, 0x00, 0x00, 0x4a,
    0xc0, 0x00, 0x00, 0x01, 0xfe, 0x64, 0xff, 0x90,
    0x00, 0x9f, 0xfb, 0x00, 0x00, 0x0a, 0xff, 0x60,
    0x00, 0x00, 0x7f, 0xf6, 0x4f, 0xf9, 0x00, 0x00,
    0xdf, 0xf6, 0x00, 0x00, 0x2f, 0xfe, 0x00, 0x00,
    0x0e, 0xff, 0x14, 0xff, 0x90, 0x00, 0x02, 0xfe,
    0x50, 0x0b, 0x50, 0xaf, 0xf7, 0x00, 0x05, 0xff,
    0xa0, 0x4f, 0xf9, 0x00, 0x00, 0x04, 0x00, 0x01,
    0xff, 0xa2, 0xff, 0xe0, 0x00, 0xdf, 0xf4, 0x03,
    0xff, 0xa0, 0x00, 0x00, 0x00, 0x00, 0x5f, 0xf8,
    0x0b, 0xff, 0x50, 0x6f, 0xfd, 0x00, 0x2f, 0xff,
    0xa9, 0x99, 0x99, 0x99, 0xaf, 0xff, 0x50, 0x5f,
    0xfa, 0x03, 0xaf, 0x50, 0x00, 0xdf, 0xff, 0xff,
    0xff, 0xff, 0xff, 0xff, 0xe0, 0x00, 0xb5, 0x00,
    0x00, 0x20, 0x00, 0x01, 0x9d, 0xff, 0xff, 0xff,
    0xff, 0xfe, 0xb2, 0x00, 0x00, 0x00,

    /* U+60C5 "情" */
    0x00, 0x00, 0x7c, 0xb0, 0x00, 0x00, 0x00, 0x00,
    0x08, 0xcc, 0x10, 0x00, 0x00, 0x00, 0x00, 0x00,
    0x09, 0xfe, 0x00, 0x00, 0x00, 0x00, 0x00, 0xbf,
    0xf1, 0x00, 0x00, 0x00, 0x00, 0x00, 0x00, 0x9f,
    0xe0, 0x00, 0x11, 0x11, 0x11, 0x1b, 0xff, 0x31,
    0x11, 0x11, 0x11, 0x00, 0x00, 0x09, 0xfe, 0x00,
    0x2f, 0xff, 0xff, 0xff, 0xff, 0xff, 0xff, 0xff,
    0xff, 0xb0, 0x00, 0x00, 0x9f, 0xe0, 0x02, 0xff,
    0xff, 0xff, 0xff, 0xff, 0xff, 0xff, 0xff, 0xfb,
    0x00, 0x00, 0x09, 0xff, 0x9c, 0x00, 0x00, 0x00,
    0x00, 0xbf, 0xf1, 0x00, 0x00, 0x00, 0x00, 0x00,
    0x30, 0x9f, 0xed, 0xf4, 0x13, 0x33, 0x33, 0x3c,
    0xff, 0x43, 0x33, 0x33, 0x20, 0x00, 0x1f, 0xf9,
    0xfe, 0x7f, 0xa5, 0xff, 0xff, 0xff, 0xff, 0xff,
    0xff, 0xff, 0xff, 0x00, 0x02, 0xff, 0x9f, 0xe1,
    0xff, 0x5c, 0xcc, 0xcc, 0xcf, 0xff, 0xcc, 0xcc,
    0xcc, 0xc0, 0x00, 0x4f, 0xd9, 0xfe, 0x0c, 0xa1,
    0x00, 0x00, 0x00, 0xbf, 0xf1, 0x00, 0x00, 0x00,
    0x00, 0x07, 0xfb, 0x9f, 0xe0, 0x0b, 0xbb, 0xbb,
    0xbb, 0xbe, 0xff, 0xbb, 0xbb, 0xbb, 0xbb, 0x70,
    0x9f, 0x99, 0xfe, 0x00, 0xff, 0xff, 0xff, 0xff,
    0xff, 0xff, 0xff, 0xff, 0xff, 0xfa, 0x0d, 0xf6,
    0x9f, 0xe0, 0x06, 0x66, 0x66, 0x66, 0x66, 0x66,
    0x66, 0x66, 0x66, 0x66, 0x41, 0xff, 0x39, 0xfe,
    0x00, 0x00, 0x11, 0x11, 0x11, 0x11, 0x11, 0x11,
    0x12, 0x11, 0x00, 0x19, 0xd0, 0x9f, 0xe0, 0x00,
    0x0b, 0xff, 0xff, 0xff, 0xff, 0xff, 0xff, 0xff,
    0xb0, 0x00, 0x00, 0x09, 0xfe, 0x00, 0x00, 0xbf,
    0xff, 0xff, 0xff, 0xff, 0xff, 0xff, 0xfb, 0x00,
    0x00, 0x00, 0x9f, 0xe0, 0x00, 0x0b, 0xfe, 0x00,
    0x00, 0x00, 0x00, 0x00, 0xff, 0xb0, 0x00, 0x00,
    0x09, 0xfe, 0x00, 0x00, 0xbf, 0xf1, 0x11, 0x11,
    0x11, 0x11, 0x1f, 0xfb, 0x00, 0x00, 0x00, 0x9f,
    0xe0, 0x00, 0x0b, 0xff, 0xff, 0xff, 0xff, 0xff,
    0xff, 0xff, 0xb0, 0x00, 0x00, 0x09, 0xfe, 0x00,
    0x00, 0xbf, 0xff, 0xff, 0xff, 0xff, 0xff, 0xff,
    0xfb, 0x00, 0x00, 0x00, 0x9f, 0xe0, 0x00, 0x0b,
    0xfe, 0x00, 0x00, 0x00, 0x00, 0x00, 0xff, 0xb0,
    0x00, 0x00, 0x09, 0xfe, 0x00, 0x00, 0xbf, 0xf1,
    0x11, 0x11, 0x11, 0x11, 0x1f, 0xfb, 0x00, 0x00,
    0x00, 0x9f, 0xe0, 0x00, 0x0b, 0xff, 0xff, 0xff,
    0xff, 0xff, 0xff, 0xff, 0xb0, 0x00, 0x00, 0x09,
    0xfe, 0x00, 0x00, 0xbf, 0xff, 0xff, 0xff, 0xff,
    0xff, 0xff, 0xfb, 0x00, 0x00, 0x00, 0x9f, 0xe0,
    0x00, 0x0b, 0xfe, 0x00, 0x00, 0x00, 0x00, 0x00,
    0xff, 0xb0, 0x00, 0x00, 0x09, 0xfe, 0x00, 0x00,
    0xbf, 0xe0, 0x00, 0x00, 0x07, 0x77, 0x8f, 0xfb,
    0x00, 0x00, 0x00, 0x9f, 0xe0, 0x00, 0x0b, 0xfe,
    0x00, 0x00, 0x00, 0x9f, 0xff, 0xff, 0x70, 0x00,
    0x00, 0x09, 0xfe, 0x00, 0x00, 0xbf, 0xe0, 0x00,
    0x00, 0x04, 0xfe, 0xec, 0x80, 0x00,

    /* U+6210 "成" */
    0x00, 0x00, 0x00, 0x00, 0x00, 0x00, 0x00, 0x02,
    0x88, 0x50, 0x05, 0x20, 0x00, 0x00, 0x00, 0x00,
    0x00, 0x00, 0x00, 0x00, 0x00, 0x00, 0x3f, 0xfb,
    0x08, 0xff, 0x80, 0x00, 0x00, 0x00, 0x00, 0x00,
    0x00, 0x00, 0x00, 0x00, 0x03, 0xff, 0xb0, 0x7f,
    0xff, 0xe4, 0x00, 0x00, 0x00, 0x00, 0x00, 0x00,
    0x00, 0x00, 0x00, 0x3f, 0xfb, 0x00, 0x1b, 0xff,
    0xf7, 0x00, 0x00, 0x00, 0x00, 0x00, 0x00, 0x00,
    0x00, 0x02, 0xff, 0xc0, 0x00, 0x07, 0xfe, 0x20,
    0x00, 0x00, 0x7b, 0xbb, 0xbb, 0xbb, 0xbb, 0xbb,
    0xbf, 0xff, 0xbb, 0xbb, 0xbe, 0xdb, 0xb5, 0x00,
    0x0a, 0xff, 0xff, 0xff, 0xff, 0xff, 0xff, 0xff,
    0xff, 0xff, 0xff, 0xff, 0xff, 0x70, 0x00, 0xaf,
    0xff, 0xff, 0xff, 0xff, 0xff, 0xff, 0xff, 0xff,
    0xff, 0xff, 0xff, 0xf7, 0x00, 0x0a, 0xff, 0x61,
    0x11, 0x11, 0x11, 0x11, 0xef, 0xf1, 0x11, 0x11,
    0x11, 0x11, 0x00, 0x00, 0xaf, 0xf5, 0x00, 0x00,
    0x00, 0x00, 0x0d, 0xff, 0x10, 0x00, 0x00, 0x00,
    0x00, 0x00, 0x0a, 0xff, 0x50, 0x00, 0x00, 0x00,
    0x00, 0xbf, 0xf3, 0x00, 0x03, 0x95, 0x10, 0x00,
    0x00, 0xaf, 0xf6, 0x00, 0x00, 0x10, 0x00, 0x09,
    0xff, 0x50, 0x00, 0x8f, 0xf8, 0x00, 0x00, 0x0a,
    0xff, 0xff, 0xff, 0xff, 0xfe, 0x00, 0x7f, 0xf7,
    0x00, 0x0e, 0xff, 0x20, 0x00, 0x00, 0xaf, 0xff,
    0xff, 0xff, 0xff, 0xe0, 0x05, 0xff, 0x90, 0x05,
    0xff, 0xc0, 0x00, 0x00, 0x0a, 0xff, 0xb9, 0x99,
    0x9f, 0xfd, 0x00, 0x2f, 0xfc, 0x00, 0xcf, 0xf5,
    0x00, 0x00, 0x00, 0xaf, 0xf5, 0x00, 0x00, 0xef,
    0xd0, 0x00, 0xff, 0xf0, 0x5f, 0xfd, 0x00, 0x00,
    0x00, 0x0b, 0xff, 0x40, 0x00, 0x0e, 0xfc, 0x00,
    0x0c, 0xff, 0x3d, 0xff, 0x60, 0x00, 0x00, 0x00,
    0xcf, 0xf3, 0x00, 0x00, 0xff, 0xc0, 0x00, 0x9f,
    0xfd, 0xff, 0xd0, 0x00, 0x00, 0x00, 0x0d, 0xff,
    0x10, 0x00, 0x0f, 0xfb, 0x00, 0x05, 0xff, 0xff,
    0xf4, 0x00, 0x00, 0x00, 0x00, 0xff, 0xf0, 0x00,
    0x01, 0xff, 0xa0, 0x00, 0x1f, 0xff, 0xf9, 0x00,
    0x00, 0x00, 0x00, 0x1f, 0xfe, 0x00, 0x00, 0x3f,
    0xf9, 0x00, 0x00, 0xef, 0xfd, 0x00, 0x00, 0x92,
    0x00, 0x04, 0xff, 0xb1, 0x76, 0x6b, 0xff, 0x70,
    0x00, 0xaf, 0xff, 0xa0, 0x00, 0x0d, 0xf7, 0x00,
    0x7f, 0xf8, 0x0d, 0xff, 0xff, 0xf3, 0x00, 0xbf,
    0xff, 0xff, 0x20, 0x00, 0xff, 0x90, 0x0c, 0xff,
    0x40, 0x9f, 0xff, 0xe7, 0x02, 0xdf, 0xff, 0xdf,
    0xfb, 0x00, 0x1f, 0xf7, 0x02, 0xff, 0xf0, 0x01,
    0x22, 0x10, 0x06, 0xff, 0xff, 0x62, 0xff, 0xf9,
    0x06, 0xff, 0x40, 0xaf, 0xfa, 0x00, 0x00, 0x00,
    0x2c, 0xff, 0xff, 0x40, 0x07, 0xff, 0xff, 0xff,
    0xf0, 0x1f, 0xff, 0x40, 0x00, 0x00, 0x00, 0xaf,
    0xfd, 0x20, 0x00, 0x09, 0xff, 0xff, 0xf9, 0x00,
    0x2d, 0xb0, 0x00, 0x00, 0x00, 0x00, 0xc8, 0x00,
    0x00, 0x00, 0x05, 0xcf, 0xe9, 0x00, 0x00, 0x02,
    0x00, 0x00, 0x00, 0x00, 0x00, 0x00, 0x00, 0x00,
    0x00, 0x00, 0x00, 0x00, 0x00,

    /* U+6240 "所" */
    0x00, 0x00, 0x00, 0x00, 0x00, 0x00, 0x00, 0x00,
    0x00, 0x00, 0x00, 0x00, 0x00, 0x00, 0x00, 0x00,
    0x00, 0x00, 0x00, 0x02, 0x6b, 0x10, 0x00, 0x00,
    0x00, 0x00, 0x16, 0xbe, 0x10, 0x00, 0x00, 0x01,
    0x37, 0xae, 0xff, 0xfc, 0x00, 0x00, 0x03, 0x69,
    0xdf, 0xff, 0xfb, 0x00, 0x05, 0xce, 0xff, 0xff,
    0xff, 0xff, 0xe3, 0x2b, 0xdf, 0xff, 0xff, 0xff,
    0xfe, 0xa1, 0x00, 0x6f, 0xff, 0xff, 0xfd, 0xa6,
    0x20, 0x03, 0xff, 0xff, 0xff, 0xea, 0x73, 0x00,
    0x00, 0x06, 0xff, 0xa4, 0x20, 0x00, 0x00, 0x00,
    0x3f, 0xfd, 0x63, 0x10, 0x00, 0x00, 0x00, 0x00,
    0x6f, 0xf5, 0x00, 0x00, 0x00, 0x00, 0x03, 0xff,
    0xb0, 0x00, 0x00, 0x00, 0x00, 0x00, 0x06, 0xff,
    0x50, 0x00, 0x00, 0x00, 0x00, 0x3f, 0xfb, 0x00,
    0x00, 0x00, 0x00, 0x00, 0x00, 0x6f, 0xff, 0xff,
    0xff, 0xff, 0xf1, 0x03, 0xff, 0xb0, 0x00, 0x00,
    0x00, 0x00, 0x00, 0x06, 0xff, 0xff, 0xff, 0xff,
    0xff, 0x10, 0x3f, 0xfb, 0x00, 0x00, 0x00, 0x00,
    0x00, 0x00, 0x6f, 0xfc, 0x99, 0x99, 0xdf, 0xf1,
    0x03, 0xff, 0xb0, 0x00, 0x00, 0x00, 0x00, 0x00,
    0x06, 0xff, 0x50, 0x00, 0x0a, 0xff, 0x10, 0x3f,
    0xff, 0xff, 0xff, 0xff, 0xff, 0xfe, 0x00, 0x6f,
    0xf5, 0x00, 0x00, 0xaf, 0xf1, 0x03, 0xff, 0xff,
    0xff, 0xff, 0xff, 0xff, 0xe0, 0x06, 0xff, 0x50,
    0x00, 0x0a, 0xff, 0x10, 0x3f, 0xfe, 0xbb, 0xbc,
    0xff, 0xeb, 0xba, 0x00, 0x6f, 0xf5, 0x00, 0x00,
    0xaf, 0xf1, 0x04, 0xff, 0xa0, 0x00, 0x1f, 0xfb,
    0x00, 0x00, 0x07, 0xff, 0xff, 0xff, 0xff, 0xff,
    0x10, 0x4f, 0xf9, 0x00, 0x01, 0xff, 0xb0, 0x00,
    0x00, 0x7f, 0xff, 0xff, 0xff, 0xff, 0xf1, 0x05,
    0xff, 0x80, 0x00, 0x1f, 0xfb, 0x00, 0x00, 0x08,
    0xff, 0xb9, 0x99, 0x99, 0x99, 0x00, 0x7f, 0xf6,
    0x00, 0x01, 0xff, 0xb0, 0x00, 0x00, 0x9f, 0xf3,
    0x00, 0x00, 0x00, 0x00, 0x09, 0xff, 0x40, 0x00,
    0x1f, 0xfb, 0x00, 0x00, 0x0a, 0xff, 0x10, 0x00,
    0x00, 0x00, 0x00, 0xdf, 0xf1, 0x00, 0x01, 0xff,
    0xb0, 0x00, 0x00, 0xcf, 0xf0, 0x00, 0x00, 0x00,
    0x00, 0x1f, 0xfe, 0x00, 0x00, 0x1f, 0xfb, 0x00,
    0x00, 0x0e, 0xfe, 0x00, 0x00, 0x00, 0x00, 0x06,
    0xff, 0xa0, 0x00, 0x01, 0xff, 0xb0, 0x00, 0x01,
    0xff, 0xb0, 0x00, 0x00, 0x00, 0x00, 0xdf, 0xf4,
    0x00, 0x00, 0x1f, 0xfb, 0x00, 0x00, 0x5f, 0xf8,
    0x00, 0x00, 0x00, 0x00, 0x5f, 0xfe, 0x00, 0x00,
    0x01, 0xff, 0xb0, 0x00, 0x0a, 0xff, 0x40, 0x00,
    0x00, 0x00, 0x1e, 0xff, 0x70, 0x00, 0x00, 0x1f,
    0xfb, 0x00, 0x01, 0xff, 0xf0, 0x00, 0x00, 0x00,
    0x0c, 0xff, 0xd0, 0x00, 0x00, 0x01, 0xff, 0xb0,
    0x00, 0x4f, 0xf9, 0x00, 0x00, 0x00, 0x04, 0xff,
    0xf3, 0x00, 0x00, 0x00, 0x1f, 0xfb, 0x00, 0x00,
    0x2d, 0x20, 0x00, 0x00, 0x00, 0x03, 0xe5, 0x00,
    0x00, 0x00, 0x01, 0xff, 0xb0, 0x00, 0x00, 0x00,
    0x00, 0x00, 0x00, 0x00, 0x00, 0x00, 0x00, 0x00,
    0x00, 0x00, 0x00, 0x00, 0x00,

    /* U+624B "手" */
    0x00, 0x00, 0x00, 0x00, 0x00, 0x00, 0x00, 0x00,
    0x00, 0x00, 0x00, 0x30, 0x00, 0x00, 0x00, 0x00,
    0x00, 0x00, 0x00, 0x00, 0x00, 0x00, 0x03, 0x58,
    0xbf, 0xfa, 0x00, 0x00, 0x00, 0x00, 0x00, 0x02,
    0x34, 0x57, 0x9a, 0xce, 0xff, 0xff, 0xff, 0xff,
    0x90, 0x00, 0x00, 0x4e, 0xef, 0xff, 0xff, 0xff,
    0xff, 0xff, 0xff, 0xff, 0xfd, 0x96, 0x20, 0x00,
    0x00, 0x1f, 0xff, 0xff, 0xff, 0xff, 0xff, 0xfe,
    0x97, 0x52, 0x00, 0x00, 0x00, 0x00, 0x00, 0x08,
    0x98, 0x76, 0x54, 0x32, 0x4f, 0xfc, 0x00, 0x00,
    0x00, 0x00, 0x00, 0x00, 0x00, 0x00, 0x00, 0x00,
    0x00, 0x00, 0x3f, 0xfc, 0x00, 0x00, 0x00, 0x00,
    0x00, 0x00, 0x00, 0x00, 0x00, 0x00, 0x00, 0x00,
    0x3f, 0xfc, 0x00, 0x00, 0x00, 0x00, 0x00, 0x00,
    0x00, 0x00, 0x00, 0x00, 0x00, 0x00, 0x3f, 0xfc,
    0x00, 0x00, 0x00, 0x00, 0x00, 0x00, 0x00, 0x4c,
    0xcc, 0xcc, 0xcc, 0xcc, 0xcf, 0xff, 0xcc, 0xcc,
    0xcc, 0xcc, 0xcc, 0x10, 0x00, 0x5f, 0xff, 0xff,
    0xff, 0xff, 0xff, 0xff, 0xff, 0xff, 0xff, 0xff,
    0xff, 0x20, 0x00, 0x5f, 0xff, 0xff, 0xff, 0xff,
    0xff, 0xff, 0xff, 0xff, 0xff, 0xff, 0xff, 0x20,
    0x00, 0x00, 0x00, 0x00, 0x00, 0x00, 0x3f, 0xfc,
    0x00, 0x00, 0x00, 0x00, 0x00, 0x00, 0x00, 0x00,
    0x00, 0x00, 0x00, 0x00, 0x3f, 0xfc, 0x00, 0x00,
    0x00, 0x00, 0x00, 0x00, 0x00, 0x00, 0x00, 0x00,
    0x00, 0x00, 0x3f, 0xfc, 0x00, 0x00, 0x00, 0x00,
    0x00, 0x00, 0x00, 0x00, 0x00, 0x00, 0x00, 0x00,
    0x3f, 0xfc, 0x00, 0x00, 0x00, 0x00, 0x00, 0x00,
    0x5d, 0xdd, 0xdd, 0xdd, 0xdd, 0xdd, 0xdf, 0xff,
    0xdd, 0xdd, 0xdd, 0xdd, 0xdd, 0xdb, 0x6f, 0xff,
    0xff, 0xff, 0xff, 0xff, 0xff, 0xff, 0xff, 0xff,
    0xff, 0xff, 0xff, 0xfe, 0x6f, 0xff, 0xff, 0xff,
    0xff, 0xff, 0xff, 0xff, 0xff, 0xff, 0xff, 0xff,
    0xff, 0xfd, 0x00, 0x00, 0x00, 0x00, 0x00, 0x00,
    0x3f, 0xfc, 0x00, 0x00, 0x00, 0x00, 0x00, 0x00,
    0x00, 0x00, 0x00, 0x00, 0x00, 0x00, 0x3f, 0xfc,
    0x00, 0x00, 0x00, 0x00, 0x00, 0x00, 0x00, 0x00,
    0x00, 0x00, 0x00, 0x00, 0x3f, 0xfc, 0x00, 0x00,
    0x00, 0x00, 0x00, 0x00, 0x00, 0x00, 0x00, 0x00,
    0x00, 0x00, 0x3f, 0xfc, 0x00, 0x00, 0x00, 0x00,
    0x00, 0x00, 0x00, 0x00, 0x00, 0x00, 0x00, 0x00,
    0x3f, 0xfc, 0x00, 0x00, 0x00, 0x00, 0x00, 0x00,
    0x00, 0x00, 0x00, 0x00, 0x00, 0x00, 0x3f, 0xfb,
    0x00, 0x00, 0x00, 0x00, 0x00, 0x00, 0x00, 0x00,
    0x00, 0x5b, 0xbb, 0xbb, 0xdf, 0xfa, 0x00, 0x00,
    0x00, 0x00, 0x00, 0x00, 0x00, 0x00, 0x00, 0x1f,
    0xff, 0xff, 0xff, 0xf5, 0x00, 0x00, 0x00, 0x00,
    0x00, 0x00, 0x00, 0x00, 0x00, 0x0a, 0xff, 0xff,
    0xeb, 0x50, 0x00, 0x00, 0x00, 0x00, 0x00, 0x00,
    0x00, 0x00, 0x00, 0x00, 0x10, 0x00, 0x00, 0x00,
    0x00, 0x00, 0x00, 0x00, 0x00, 0x00,

    /* U+6253 "打" */
    0x00, 0x00, 0x18, 0x86, 0x00, 0x00, 0x00, 0x00,
    0x00, 0x00, 0x00, 0x00, 0x00, 0x00, 0x00, 0x00,
    0x02, 0xff, 0xb0, 0x00, 0x00, 0x00, 0x00, 0x00,
    0x00, 0x00, 0x00, 0x00, 0x00, 0x00, 0x00, 0x2f,
    0xfb, 0x00, 0x00, 0x00, 0x00, 0x00, 0x00, 0x00,
    0x00, 0x00, 0x00, 0x00, 0x00, 0x02, 0xff, 0xb0,
    0x00, 0x2e, 0xee, 0xee, 0xee, 0xee, 0xee, 0xee,
    0xee, 0xe2, 0x00, 0x00, 0x2f, 0xfb, 0x00, 0x02,
    0xff, 0xff, 0xff, 0xff, 0xff, 0xff, 0xff, 0xff,
    0x20, 0x00, 0x02, 0xff, 0xb0, 0x00, 0x1c, 0xcc,
    0xcc, 0xcc, 0xcf, 0xff, 0xcc, 0xcc, 0xc2, 0x4a,
    0xaa, 0xbf, 0xfe, 0xaa, 0xa5, 0x00, 0x00, 0x00,
    0x00, 0xff, 0xf0, 0x00, 0x00, 0x06, 0xff, 0xff,
    0xff, 0xff, 0xff, 0x80, 0x00, 0x00, 0x00, 0x0f,
    0xff, 0x00, 0x00, 0x00, 0x6f, 0xff, 0xff, 0xff,
    0xff, 0xf8, 0x00, 0x00, 0x00, 0x00, 0xff, 0xf0,
    0x00, 0x00, 0x00, 0x11, 0x13, 0xff, 0xb1, 0x11,
    0x00, 0x00, 0x00, 0x00, 0x0f, 0xff, 0x00, 0x00,
    0x00, 0x00, 0x00, 0x2f, 0xfb, 0x00, 0x00, 0x00,
    0x00, 0x00, 0x00, 0xff, 0xf0, 0x00, 0x00, 0x00,
    0x00, 0x02, 0xff, 0xb0, 0x00, 0x00, 0x00, 0x00,
    0x00, 0x0f, 0xff, 0x00, 0x00, 0x00, 0x00, 0x00,
    0x2f, 0xfb, 0x00, 0x00, 0x00, 0x00, 0x00, 0x00,
    0xff, 0xf0, 0x00, 0x00, 0x00, 0x00, 0x02, 0xff,
    0xb1, 0x59, 0x70, 0x00, 0x00, 0x00, 0x0f, 0xff,
    0x00, 0x00, 0x00, 0x00, 0x00, 0x2f, 0xff, 0xff,
    0xfb, 0x00, 0x00, 0x00, 0x00, 0xff, 0xf0, 0x00,
    0x00, 0x00, 0x37, 0xbf, 0xff, 0xff, 0xff, 0xc0,
    0x00, 0x00, 0x00, 0x0f, 0xff, 0x00, 0x00, 0x00,
    0x8f, 0xff, 0xff, 0xff, 0xc8, 0x30, 0x00, 0x00,
    0x00, 0x00, 0xff, 0xf0, 0x00, 0x00, 0x04, 0xff,
    0xff, 0xff, 0xb0, 0x00, 0x00, 0x00, 0x00, 0x00,
    0x0f, 0xff, 0x00, 0x00, 0x00, 0x0b, 0x73, 0x2f,
    0xfb, 0x00, 0x00, 0x00, 0x00, 0x00, 0x00, 0xff,
    0xf0, 0x00, 0x00, 0x00, 0x00, 0x02, 0xff, 0xb0,
    0x00, 0x00, 0x00, 0x00, 0x00, 0x0f, 0xff, 0x00,
    0x00, 0x00, 0x00, 0x00, 0x2f, 0xfb, 0x00, 0x00,
    0x00, 0x00, 0x00, 0x00, 0xff, 0xf0, 0x00, 0x00,
    0x00, 0x00, 0x02, 0xff, 0xb0, 0x00, 0x00, 0x00,
    0x00, 0x00, 0x0f, 0xff, 0x00, 0x00, 0x00, 0x00,
    0x00, 0x2f, 0xfb, 0x00, 0x00, 0x00, 0x00, 0x00,
    0x00, 0xff, 0xf0, 0x00, 0x00, 0x00, 0x00, 0x02,
    0xff, 0xb0, 0x00, 0x00, 0x00, 0x00, 0x00, 0x0f,
    0xff, 0x00, 0x00, 0x00, 0x00, 0x00, 0x2f, 0xfb,
    0x00, 0x00, 0x00, 0x00, 0x00, 0x01, 0xff, 0xf0,
    0x00, 0x00, 0x00, 0x6a, 0xac, 0xff, 0xa0, 0x00,
    0x00, 0x07, 0xfe, 0xee, 0xff, 0xff, 0x00, 0x00,
    0x00, 0x04, 0xff, 0xff, 0xf6, 0x00, 0x00, 0x00,
    0x1f, 0xff, 0xff, 0xff, 0x90, 0x00, 0x00, 0x00,
    0x0f, 0xfe, 0xc6, 0x00, 0x00, 0x00, 0x00, 0xbf,
    0xff, 0xfc, 0x70, 0x00, 0x00, 0x00, 0x00, 0x00,
    0x00, 0x00, 0x00, 0x00, 0x00, 0x00, 0x11, 0x00,
    0x00, 0x00, 0x00, 0x00, 0x00,

    /* U+6270 "扰" */
    0x00, 0x00, 0x04, 0x54, 0x00, 0x00, 0x00, 0x00,
    0x12, 0x20, 0x00, 0x00, 0x00, 0x00, 0x00, 0x00,
    0x00, 0x0f, 0xfd, 0x00, 0x00, 0x00, 0x00, 0x9f,
    0xf4, 0x00, 0x26, 0x00, 0x00, 0x00, 0x00, 0x00,
    0x0f, 0xfd, 0x00, 0x00, 0x00, 0x00, 0x9f, 0xf3,
    0x05, 0xff, 0x70, 0x00, 0x00, 0x00, 0x00, 0x0f,
    0xfd, 0x00, 0x00, 0x00, 0x00, 0xaf, 0xf3, 0x02,
    0xef, 0xf6, 0x00, 0x00, 0x00, 0x00, 0x0f, 0xfd,
    0x00, 0x00, 0x00, 0x00, 0xaf, 0xf3, 0x00, 0x3f,
    0xff, 0x40, 0x00, 0x00, 0x00, 0x0f, 0xfd, 0x00,
    0x00, 0x00, 0x00, 0xaf, 0xf2, 0x00, 0x04, 0xff,
    0xe1, 0x00, 0x03, 0x33, 0x3f, 0xfd, 0x33, 0x30,
    0x00, 0x00, 0xbf, 0xf2, 0x00, 0x00, 0x8f, 0x80,
    0x00, 0x0e, 0xff, 0xff, 0xff, 0xff, 0xf1, 0x11,
    0x11, 0xbf, 0xf2, 0x11, 0x11, 0x15, 0x11, 0x00,
    0x0e, 0xff, 0xff, 0xff, 0xff, 0xf4, 0xff, 0xff,
    0xff, 0xff, 0xff, 0xff, 0xff, 0xff, 0x90, 0x06,
    0x77, 0x7f, 0xfe, 0x77, 0x73, 0xff, 0xff, 0xff,
    0xff, 0xff, 0xff, 0xff, 0xff, 0x90, 0x00, 0x00,
    0x0f, 0xfd, 0x00, 0x01, 0x99, 0x99, 0xff, 0xf9,
    0x99, 0x99, 0x99, 0x99, 0x50, 0x00, 0x00, 0x0f,
    0xfd, 0x00, 0x00, 0x00, 0x00, 0xff, 0xc0, 0x00,
    0x00, 0x00, 0x00, 0x00, 0x00, 0x00, 0x0f, 0xfd,
    0x00, 0x00, 0x00, 0x02, 0xff, 0xa9, 0xa9, 0x00,
    0x00, 0x00, 0x00, 0x00, 0x00, 0x0f, 0xfd, 0x00,
    0x44, 0x00, 0x04, 0xff, 0x8d, 0xfe, 0x00, 0x00,
    0x00, 0x00, 0x00, 0x00, 0x0f, 0xfe, 0xcf, 0xfa,
    0x00, 0x07, 0xff, 0x5d, 0xfe, 0x00, 0x00, 0x00,
    0x00, 0x00, 0x37, 0xbf, 0xff, 0xff, 0xfc, 0x00,
    0x0b, 0xff, 0x2d, 0xfe, 0x00, 0x00, 0x00, 0x00,
    0x0f, 0xff, 0xff, 0xff, 0xfb, 0x62, 0x00, 0x0f,
    0xfe, 0x0d, 0xfe, 0x00, 0x00, 0x00, 0x00, 0x0c,
    0xff, 0xff, 0xfd, 0x00, 0x00, 0x00, 0x3f, 0xfa,
    0x0d, 0xfe, 0x00, 0x00, 0x00, 0x00, 0x06, 0xa6,
    0x1f, 0xfd, 0x00, 0x00, 0x00, 0x8f, 0xf6, 0x0d,
    0xfe, 0x00, 0x00, 0x00, 0x00, 0x00, 0x00, 0x0f,
    0xfd, 0x00, 0x00, 0x00, 0xef, 0xf1, 0x0d, 0xfe,
    0x00, 0x00, 0x00, 0x00, 0x00, 0x00, 0x0f, 0xfd,
    0x00, 0x00, 0x06, 0xff, 0xa0, 0x0d, 0xfe, 0x00,
    0x00, 0x31, 0x00, 0x00, 0x00, 0x0f, 0xfd, 0x00,
    0x00, 0x0d, 0xff, 0x40, 0x0d, 0xfe, 0x00, 0x00,
    0x7f, 0x90, 0x00, 0x00, 0x0f, 0xfd, 0x00, 0x00,
    0x7f, 0xfc, 0x00, 0x0d, 0xfe, 0x00, 0x00, 0x8f,
    0xf0, 0x00, 0x00, 0x0f, 0xfd, 0x00, 0x03, 0xff,
    0xf3, 0x00, 0x0d, 0xfe, 0x00, 0x00, 0x9f, 0xf0,
    0x00, 0x00, 0x0f, 0xfd, 0x00, 0x2e, 0xff, 0x90,
    0x00, 0x0d, 0xff, 0x00, 0x00, 0xcf, 0xc0, 0x03,
    0x88, 0x9f, 0xfc, 0x03, 0xef, 0xfc, 0x00, 0x00,
    0x0b, 0xff, 0xff, 0xff, 0xff, 0x90, 0x01, 0xff,
    0xff, 0xf9, 0x04, 0xef, 0xd1, 0x00, 0x00, 0x06,
    0xff, 0xff, 0xff, 0xff, 0x20, 0x00, 0xcf, 0xed,
    0x80, 0x00, 0x2b, 0x10, 0x00, 0x00, 0x00, 0x59,
    0xab, 0xbb, 0x93, 0x00,

    /* U+627E "找" */
    0x00, 0x00, 0x05, 0x88, 0x00, 0x00, 0x00, 0x02,
    0x66, 0x30, 0x00, 0x00, 0x00, 0x00, 0x00, 0x00,
    0x00, 0x0a, 0xff, 0x10, 0x00, 0x00, 0x04, 0xff,
    0x90, 0x06, 0xc1, 0x00, 0x00, 0x00, 0x00, 0x00,
    0x0a, 0xff, 0x10, 0x00, 0x00, 0x03, 0xff, 0x90,
    0x7f, 0xfd, 0x10, 0x00, 0x00, 0x00, 0x00, 0x0a,
    0xff, 0x10, 0x00, 0x00, 0x02, 0xff, 0xa0, 0x0b,
    0xff, 0xd1, 0x00, 0x00, 0x00, 0x00, 0x0a, 0xff,
    0x10, 0x00, 0x00, 0x02, 0xff, 0xb0, 0x00, 0xcf,
    0xfc, 0x00, 0x00, 0x00, 0x00, 0x0a, 0xff, 0x10,
    0x00, 0x00, 0x01, 0xff, 0xc0, 0x00, 0x1d, 0xfe,
    0x30, 0x00, 0x06, 0x99, 0x9e, 0xff, 0xa9, 0x95,
    0x00, 0x00, 0xff, 0xd0, 0x00, 0x02, 0xb1, 0x00,
    0x00, 0x0b, 0xff, 0xff, 0xff, 0xff, 0xf9, 0x00,
    0x00, 0xef, 0xf0, 0x13, 0x46, 0x89, 0xbc, 0x20,
    0x0b, 0xff, 0xff, 0xff, 0xff, 0xf9, 0x46, 0x89,
    0xff, 0xff, 0xff, 0xff, 0xff, 0xff, 0x50, 0x00,
    0x00, 0x0b, 0xff, 0x20, 0x00, 0xff, 0xff, 0xff,
    0xff, 0xff, 0xff, 0xff, 0xfd, 0x50, 0x00, 0x00,
    0x0a, 0xff, 0x10, 0x00, 0xef, 0xff, 0xff, 0xfc,
    0x97, 0x64, 0x21, 0x00, 0x00, 0x00, 0x00, 0x0a,
    0xff, 0x10, 0x00, 0x55, 0x31, 0x8f, 0xf6, 0x00,
    0x00, 0x20, 0x00, 0x00, 0x00, 0x00, 0x0a, 0xff,
    0x10, 0x00, 0x00, 0x00, 0x5f, 0xf8, 0x00, 0x00,
    0xbe, 0x50, 0x00, 0x00, 0x00, 0x0a, 0xff, 0x12,
    0x65, 0x00, 0x00, 0x3f, 0xfb, 0x00, 0x04, 0xff,
    0xc0, 0x00, 0x00, 0x00, 0x0a, 0xff, 0xef, 0xfb,
    0x00, 0x00, 0x1f, 0xfd, 0x00, 0x0d, 0xff, 0x40,
    0x00, 0x01, 0x59, 0xdf, 0xff, 0xff, 0xfd, 0x00,
    0x00, 0x0e, 0xff, 0x10, 0x8f, 0xfb, 0x00, 0x00,
    0x0f, 0xff, 0xff, 0xff, 0xd9, 0x40, 0x00, 0x00,
    0x0b, 0xff, 0x44, 0xff, 0xf2, 0x00, 0x00, 0x0b,
    0xff, 0xfe, 0xff, 0x10, 0x00, 0x00, 0x00, 0x07,
    0xff, 0xae, 0xff, 0x60, 0x00, 0x00, 0x05, 0x84,
    0x0a, 0xff, 0x10, 0x00, 0x00, 0x00, 0x03, 0xff,
    0xff, 0xfa, 0x00, 0x00, 0x00, 0x00, 0x00, 0x0a,
    0xff, 0x10, 0x00, 0x00, 0x00, 0x00, 0xff, 0xff,
    0xd0, 0x00, 0x00, 0x00, 0x00, 0x00, 0x0a, 0xff,
    0x10, 0x00, 0x00, 0x00, 0x01, 0xef, 0xfe, 0x10,
    0x00, 0x37, 0x00, 0x00, 0x00, 0x0a, 0xff, 0x10,
    0x00, 0x00, 0x00, 0x3e, 0xff, 0xfe, 0x00, 0x00,
    0x5f, 0xc1, 0x00, 0x00, 0x0a, 0xff, 0x10, 0x00,
    0x00, 0x07, 0xff, 0xff, 0xff, 0x80, 0x00, 0x8f,
    0xf0, 0x00, 0x00, 0x0a, 0xff, 0x10, 0x00, 0x04,
    0xdf, 0xff, 0xc8, 0xff, 0xf4, 0x00, 0xbf, 0xd0,
    0x00, 0x00, 0x0a, 0xff, 0x10, 0x04, 0xbf, 0xff,
    0xf9, 0x00, 0xdf, 0xff, 0x86, 0xff, 0x90, 0x00,
    0x88, 0x8e, 0xff, 0x00, 0x08, 0xff, 0xfe, 0x40,
    0x00, 0x2f, 0xff, 0xff, 0xff, 0x40, 0x00, 0xcf,
    0xff, 0xfd, 0x00, 0x00, 0x8f, 0x80, 0x00, 0x00,
    0x03, 0xef, 0xff, 0xfd, 0x00, 0x00, 0x8f, 0xfd,
    0xa2, 0x00, 0x00, 0x01, 0x00, 0x00, 0x00, 0x00,
    0x19, 0xef, 0xd2, 0x00, 0x00, 0x00, 0x00, 0x00,
    0x00, 0x00, 0x00, 0x00, 0x00, 0x00, 0x00, 0x00,
    0x01, 0x00, 0x00,

    /* U+62A5 "报" */
    0x00, 0x00, 0x04, 0x55, 0x00, 0x00, 0x00, 0x00,
    0x00, 0x00, 0x00, 0x00, 0x00, 0x00, 0x00, 0x00,
    0x00, 0xcf, 0xf1, 0x00, 0x01, 0x11, 0x11, 0x11,
    0x11, 0x11, 0x12, 0x11, 0x00, 0x00, 0x00, 0x0c,
    0xff, 0x10, 0x00, 0xdf, 0xff, 0xff, 0xff, 0xff,
    0xff, 0xff, 0xf0, 0x00, 0x00, 0x00, 0xcf, 0xf1,
    0x00, 0x0d, 0xff, 0xff, 0xff, 0xff, 0xff, 0xff,
    0xff, 0x00, 0x00, 0x00, 0x0c, 0xff, 0x10, 0x00,
    0xdf, 0xf9, 0x99, 0x99, 0x99, 0x99, 0xff, 0xe0,
    0x00, 0x00, 0x00, 0xcf, 0xf1, 0x00, 0x0d, 0xff,
    0x00, 0x00, 0x00, 0x00, 0x0f, 0xfd, 0x00, 0x05,
    0x66, 0x6e, 0xff, 0x76, 0x61, 0xdf, 0xf0, 0x00,
    0x00, 0x00, 0x02, 0xff, 0xb0, 0x00, 0xdf, 0xff,
    0xff, 0xff, 0xff, 0x4d, 0xff, 0x00, 0x00, 0x00,
    0x00, 0x6f, 0xf9, 0x00, 0x0d, 0xff, 0xff, 0xff,
    0xff, 0xf4, 0xdf, 0xf0, 0x00, 0xef, 0xee, 0xef,
    0xff, 0x50, 0x00, 0x23, 0x33, 0xdf, 0xf4, 0x33,
    0x0d, 0xff, 0x00, 0x0a, 0xff, 0xff, 0xff, 0xb0,
    0x00, 0x00, 0x00, 0x0c, 0xff, 0x10, 0x00, 0xdf,
    0xf0, 0x00, 0x25, 0x56, 0x55, 0x20, 0x00, 0x00,
    0x00, 0x00, 0xcf, 0xf1, 0x00, 0x0d, 0xff, 0x00,
    0x00, 0x00, 0x00, 0x00, 0x00, 0x00, 0x00, 0x00,
    0x0c, 0xff, 0x10, 0x00, 0xdf, 0xff, 0xff, 0xff,
    0xff, 0xff, 0xff, 0xe7, 0x00, 0x00, 0x00, 0xcf,
    0xf1, 0x04, 0x1d, 0xff, 0xff, 0xff, 0xff, 0xff,
    0xff, 0xff, 0xa0, 0x00, 0x00, 0x0c, 0xff, 0xcf,
    0xf4, 0xdf, 0xfb, 0xff, 0xc9, 0x99, 0x99, 0xdf,
    0xf6, 0x00, 0x04, 0x8c, 0xff, 0xff, 0xff, 0x6d,
    0xff, 0x1f, 0xfc, 0x00, 0x00, 0x0c, 0xff, 0x10,
    0x2f, 0xff, 0xff, 0xff, 0xfc, 0x71, 0xdf, 0xf0,
    0x9f, 0xf4, 0x00, 0x02, 0xff, 0xc0, 0x00, 0xff,
    0xff, 0xff, 0xf2, 0x00, 0x0d, 0xff, 0x02, 0xff,
    0xd0, 0x00, 0x9f, 0xf6, 0x00, 0x09, 0xa6, 0x2c,
    0xff, 0x10, 0x00, 0xdf, 0xf0, 0x09, 0xff, 0x70,
    0x2f, 0xfe, 0x00, 0x00, 0x00, 0x00, 0xcf, 0xf1,
    0x00, 0x0d, 0xff, 0x00, 0x1f, 0xff, 0x3b, 0xff,
    0x70, 0x00, 0x00, 0x00, 0x0c, 0xff, 0x10, 0x00,
    0xdf, 0xf0, 0x00, 0x6f, 0xff, 0xff, 0xd0, 0x00,
    0x00, 0x00, 0x00, 0xcf, 0xf1, 0x00, 0x0d, 0xff,
    0x00, 0x00, 0xbf, 0xff, 0xf4, 0x00, 0x00, 0x00,
    0x00, 0x0c, 0xff, 0x10, 0x00, 0xdf, 0xf0, 0x00,
    0x04, 0xff, 0xfe, 0x10, 0x00, 0x00, 0x00, 0x00,
    0xcf, 0xf1, 0x00, 0x0d, 0xff, 0x00, 0x05, 0xff,
    0xff, 0xfe, 0x40, 0x00, 0x00, 0x00, 0x0c, 0xff,
    0x10, 0x00, 0xdf, 0xf0, 0x09, 0xff, 0xfc, 0xef,
    0xff, 0xa1, 0x00, 0x9b, 0xbb, 0xff, 0xf0, 0x00,
    0x0d, 0xff, 0x6e, 0xff, 0xfa, 0x02, 0xdf, 0xff,
    0xf7, 0x08, 0xff, 0xff, 0xfc, 0x00, 0x00, 0xdf,
    0xf9, 0xff, 0xf6, 0x00, 0x00, 0x9f, 0xfe, 0x10,
    0x3f, 0xfe, 0xd9, 0x10, 0x00, 0x0c, 0xee, 0x0a,
    0xb2, 0x00, 0x00, 0x00, 0x3b, 0x30, 0x00, 0x00,
    0x00, 0x00, 0x00, 0x00, 0x00, 0x00, 0x00, 0x00,
    0x00, 0x00, 0x00, 0x00, 0x00,

    /* U+632F "振" */
    0x00, 0x00, 0x55, 0x30, 0x00, 0x00, 0x00, 0x00,
    0x00, 0x00, 0x00, 0x00, 0x00, 0x00, 0x00, 0x00,
    0x1f, 0xfb, 0x00, 0x00, 0x00, 0x00, 0x00, 0x00,
    0x00, 0x00, 0x00, 0x00, 0x00, 0x00, 0x01, 0xff,
    0xb0, 0x00, 0x0d, 0xff, 0xff, 0xff, 0xff, 0xff,
    0xff, 0xff, 0xf6, 0x00, 0x00, 0x1f, 0xfb, 0x00,
    0x00, 0xdf, 0xff, 0xff, 0xff, 0xff, 0xff, 0xff,
    0xff, 0x60, 0x00, 0x01, 0xff, 0xb0, 0x00, 0x0d,
    0xff, 0x88, 0x88, 0x88, 0x88, 0x88, 0x88, 0x83,
    0x00, 0x00, 0x1f, 0xfb, 0x00, 0x00, 0xdf, 0xe0,
    0x00, 0x00, 0x00, 0x00, 0x00, 0x00, 0x00, 0x27,
    0x77, 0xff, 0xd7, 0x73, 0x0d, 0xfe, 0x00, 0x00,
    0x00, 0x00, 0x00, 0x00, 0x00, 0x05, 0xff, 0xff,
    0xff, 0xff, 0x80, 0xdf, 0xe0, 0xef, 0xff, 0xff,
    0xff, 0xff, 0xf5, 0x00, 0x5f, 0xff, 0xff, 0xff,
    0xf8, 0x0d, 0xfe, 0x0e, 0xff, 0xff, 0xff, 0xff,
    0xff, 0x50, 0x01, 0x33, 0x4f, 0xfc, 0x33, 0x10,
    0xdf, 0xe0, 0x67, 0x77, 0x77, 0x77, 0x77, 0x72,
    0x00, 0x00, 0x01, 0xff, 0xb0, 0x00, 0x0d, 0xfe,
    0x00, 0x00, 0x00, 0x00, 0x00, 0x00, 0x00, 0x00,
    0x00, 0x1f, 0xfb, 0x00, 0x00, 0xdf, 0xe0, 0x00,
    0x00, 0x00, 0x00, 0x00, 0x00, 0x00, 0x00, 0x01,
    0xff, 0xb0, 0x00, 0x0d, 0xff, 0xcc, 0xcc, 0xcc,
    0xcc, 0xcc, 0xcc, 0xc6, 0x00, 0x00, 0x1f, 0xfb,
    0x00, 0x00, 0xdf, 0xff, 0xff, 0xff, 0xff, 0xff,
    0xff, 0xff, 0x90, 0x00, 0x01, 0xff, 0xc5, 0x98,
    0x0d, 0xff, 0xbe, 0xff, 0xbd, 0xfe, 0xbb, 0xbb,
    0xb6, 0x00, 0x01, 0x5f, 0xff, 0xff, 0xc0, 0xef,
    0xd0, 0x9f, 0xf0, 0x3f, 0xe0, 0x00, 0x30, 0x00,
    0x8d, 0xff, 0xff, 0xff, 0xe9, 0x0e, 0xfd, 0x09,
    0xff, 0x00, 0xff, 0x30, 0x4f, 0xb0, 0x0a, 0xff,
    0xff, 0xfd, 0x30, 0x00, 0xff, 0xc0, 0x9f, 0xf0,
    0x0b, 0xf9, 0x5f, 0xff, 0x30, 0x6e, 0xa6, 0xff,
    0xb0, 0x00, 0x0f, 0xfb, 0x09, 0xff, 0x00, 0x6f,
    0xff, 0xfd, 0x20, 0x00, 0x00, 0x1f, 0xfb, 0x00,
    0x02, 0xff, 0x90, 0x9f, 0xf0, 0x01, 0xff, 0xf9,
    0x00, 0x00, 0x00, 0x01, 0xff, 0xb0, 0x00, 0x3f,
    0xf8, 0x09, 0xff, 0x00, 0x0b, 0xfe, 0x00, 0x00,
    0x00, 0x00, 0x1f, 0xfb, 0x00, 0x06, 0xff, 0x50,
    0x9f, 0xf0, 0x00, 0x4f, 0xf7, 0x00, 0x00, 0x00,
    0x01, 0xff, 0xb0, 0x00, 0x9f, 0xf3, 0x09, 0xff,
    0x00, 0x00, 0xcf, 0xf2, 0x00, 0x00, 0x00, 0x1f,
    0xfb, 0x00, 0x0d, 0xff, 0x00, 0x9f, 0xf0, 0x5b,
    0xa3, 0xff, 0xd1, 0x00, 0x00, 0x01, 0xff, 0xb0,
    0x02, 0xff, 0xb0, 0x0a, 0xff, 0xef, 0xfd, 0x09,
    0xff, 0xd2, 0x00, 0x59, 0xaf, 0xfa, 0x00, 0x8f,
    0xf7, 0x01, 0xff, 0xff, 0xfb, 0x40, 0x0c, 0xff,
    0xb0, 0x04, 0xff, 0xff, 0x70, 0x0e, 0xff, 0x10,
    0x6f, 0xff, 0xa2, 0x00, 0x00, 0x1c, 0xd1, 0x00,
    0x0f, 0xfd, 0x80, 0x00, 0x2b, 0x90, 0x00, 0xb9,
    0x10, 0x00, 0x00, 0x00, 0x02, 0x00, 0x00, 0x00,
    0x00, 0x00, 0x00, 0x00, 0x00, 0x00, 0x00, 0x00,
    0x00, 0x00, 0x00, 0x00, 0x00,

    /* U+636E "据" */
    0x00, 0x00, 0x24, 0x40, 0x00, 0x00, 0x00, 0x00,
    0x00, 0x00, 0x00, 0x00, 0x00, 0x00, 0x00, 0x00,
    0x08, 0xff, 0x10, 0x00, 0x01, 0x21, 0x11, 0x11,
    0x11, 0x11, 0x11, 0x11, 0x00, 0x00, 0x00, 0x8f,
    0xf1, 0x00, 0x08, 0xff, 0xff, 0xff, 0xff, 0xff,
    0xff, 0xff, 0xfa, 0x00, 0x00, 0x08, 0xff, 0x10,
    0x00, 0x8f, 0xff, 0xff, 0xff, 0xff, 0xff, 0xff,
    0xff, 0xa0, 0x00, 0x00, 0x8f, 0xf1, 0x00, 0x08,
    0xff, 0x86, 0x66, 0x66, 0x66, 0x66, 0x7f, 0xfa,
    0x00, 0x00, 0x08, 0xff, 0x10, 0x00, 0x8f, 0xf3,
    0x00, 0x00, 0x00, 0x00, 0x01, 0xff, 0xa0, 0x08,
    0x88, 0xcf, 0xf8, 0x88, 0x28, 0xff, 0x30, 0x00,
    0x00, 0x00, 0x00, 0x1f, 0xfa, 0x00, 0xff, 0xff,
    0xff, 0xff, 0xf5, 0x8f, 0xf9, 0x77, 0x77, 0x77,
    0x77, 0x77, 0xff, 0xa0, 0x0f, 0xff, 0xff, 0xff,
    0xff, 0x58, 0xff, 0xff, 0xff, 0xff, 0xff, 0xff,
    0xff, 0xfa, 0x00, 0x11, 0x19, 0xff, 0x21, 0x10,
    0x8f, 0xff, 0xff, 0xff, 0xff, 0xff, 0xff, 0xff,
    0xa0, 0x00, 0x00, 0x8f, 0xf1, 0x00, 0x08, 0xff,
    0x30, 0x00, 0x09, 0xff, 0x10, 0x00, 0x00, 0x00,
    0x00, 0x08, 0xff, 0x10, 0x00, 0x8f, 0xf3, 0x00,
    0x00, 0x9f, 0xf1, 0x00, 0x00, 0x00, 0x00, 0x00,
    0x8f, 0xf1, 0x00, 0x09, 0xff, 0x30, 0x00, 0x09,
    0xff, 0x10, 0x00, 0x00, 0x00, 0x00, 0x08, 0xff,
    0x10, 0x50, 0x9f, 0xff, 0xff, 0xff, 0xff, 0xff,
    0xff, 0xff, 0xf7, 0x00, 0x00, 0x8f, 0xfc, 0xff,
    0x2a, 0xff, 0xff, 0xff, 0xff, 0xff, 0xff, 0xff,
    0xff, 0x80, 0x04, 0x8e, 0xff, 0xff, 0xf4, 0xbf,
    0xf7, 0x77, 0x77, 0xcf, 0xf8, 0x77, 0x77, 0x73,
    0x4f, 0xff, 0xff, 0xff, 0xb6, 0x1c, 0xff, 0x00,
    0x00, 0x09, 0xff, 0x10, 0x00, 0x00, 0x01, 0xff,
    0xff, 0xff, 0x20, 0x00, 0xef, 0xe0, 0x00, 0x00,
    0x9f, 0xf1, 0x00, 0x00, 0x00, 0x0d, 0xa5, 0x9f,
    0xf1, 0x00, 0x0f, 0xfb, 0x01, 0x11, 0x1a, 0xff,
    0x21, 0x11, 0x10, 0x00, 0x00, 0x08, 0xff, 0x10,
    0x02, 0xff, 0x99, 0xff, 0xff, 0xff, 0xff, 0xff,
    0xff, 0xb0, 0x00, 0x00, 0x8f, 0xf1, 0x00, 0x5f,
    0xf6, 0x9f, 0xff, 0xff, 0xff, 0xff, 0xff, 0xfb,
    0x00, 0x00, 0x08, 0xff, 0x10, 0x09, 0xff, 0x39,
    0xff, 0x44, 0x44, 0x44, 0x44, 0xef, 0xb0, 0x00,
    0x00, 0x8f, 0xf1, 0x00, 0xef, 0xe0, 0x9f, 0xe0,
    0x00, 0x00, 0x00, 0x0d, 0xfb, 0x00, 0x00, 0x08,
    0xff, 0x10, 0x3f, 0xfa, 0x09, 0xfe, 0x00, 0x00,
    0x00, 0x00, 0xdf, 0xb0, 0x00, 0x00, 0x8f, 0xf1,
    0x0a, 0xff, 0x40, 0x9f, 0xe0, 0x00, 0x00, 0x00,
    0x0d, 0xfb, 0x00, 0x6d, 0xdf, 0xff, 0x02, 0xff,
    0xe0, 0x09, 0xff, 0xff, 0xff, 0xff, 0xff, 0xff,
    0xb0, 0x02, 0xff, 0xff, 0xb0, 0x9f, 0xf6, 0x00,
    0x9f, 0xff, 0xff, 0xff, 0xff, 0xff, 0xfb, 0x00,
    0x0b, 0xcb, 0x70, 0x00, 0x6c, 0x00, 0x09, 0xff,
    0x55, 0x55, 0x55, 0x55, 0xef, 0xb0, 0x00, 0x00,
    0x00, 0x00, 0x00, 0x00, 0x00, 0x01, 0x00, 0x00,
    0x00, 0x00, 0x00, 0x00, 0x00,

    /* U+63A5 "接" */
    0x00, 0x00, 0x37, 0x70, 0x00, 0x00, 0x00, 0x00,
    0x00, 0x12, 0x00, 0x00, 0x00, 0x00, 0x00, 0x00,
    0x08, 0xff, 0x10, 0x00, 0x00, 0x00, 0x00, 0xdf,
    0xe1, 0x00, 0x00, 0x00, 0x00, 0x00, 0x00, 0x8f,
    0xf1, 0x00, 0x00, 0x00, 0x00, 0x06, 0xff, 0x90,
    0x00, 0x00, 0x00, 0x00, 0x00, 0x08, 0xff, 0x10,
    0x00, 0x48, 0x88, 0x88, 0x8f, 0xff, 0x88, 0x88,
    0x88, 0x70, 0x00, 0x00, 0x8f, 0xf1, 0x00, 0x09,
    0xff, 0xff, 0xff, 0xff, 0xff, 0xff, 0xff, 0xfe,
    0x00, 0x00, 0x08, 0xff, 0x10, 0x00, 0x8e, 0xee,
    0xee, 0xee, 0xee, 0xee, 0xee, 0xee, 0xc0, 0x08,
    0x99, 0xdf, 0xfa, 0x98, 0x00, 0x01, 0x8e, 0x20,
    0x00, 0x00, 0x7c, 0x71, 0x00, 0x00, 0xef, 0xff,
    0xff, 0xff, 0xe0, 0x00, 0x2f, 0xfb, 0x00, 0x00,
    0x0e, 0xfe, 0x00, 0x00, 0x0e, 0xff, 0xff, 0xff,
    0xfe, 0x00, 0x00, 0x8f, 0xf4, 0x00, 0x06, 0xff,
    0x60, 0x00, 0x00, 0x00, 0x08, 0xff, 0x20, 0x00,
    0x00, 0x01, 0xff, 0x90, 0x00, 0xef, 0xd0, 0x00,
    0x00, 0x00, 0x00, 0x8f, 0xf1, 0x00, 0x36, 0x66,
    0x6d, 0xb6, 0x66, 0xaf, 0xfa, 0x66, 0x66, 0x40,
    0x00, 0x08, 0xff, 0x10, 0x09, 0xff, 0xff, 0xff,
    0xff, 0xff, 0xff, 0xff, 0xff, 0xf9, 0x00, 0x00,
    0x8f, 0xf1, 0x00, 0x9f, 0xff, 0xff, 0xff, 0xff,
    0xff, 0xff, 0xff, 0xff, 0x90, 0x00, 0x08, 0xff,
    0x10, 0x10, 0x00, 0x00, 0x02, 0xeb, 0x50, 0x00,
    0x00, 0x00, 0x00, 0x00, 0x00, 0x8f, 0xfa, 0xea,
    0x00, 0x00, 0x00, 0x9f, 0xf4, 0x00, 0x00, 0x00,
    0x00, 0x00, 0x02, 0x7d, 0xff, 0xff, 0xc0, 0x00,
    0x00, 0x2f, 0xfc, 0x00, 0x00, 0x00, 0x00, 0x00,
    0x2e, 0xff, 0xff, 0xff, 0xd7, 0xff, 0xff, 0xff,
    0xff, 0xff, 0xff, 0xff, 0xff, 0xff, 0xe0, 0xff,
    0xff, 0xff, 0x30, 0x0f, 0xff, 0xff, 0xff, 0xff,
    0xff, 0xff, 0xff, 0xff, 0xfe, 0x0b, 0xa5, 0x9f,
    0xf1, 0x00, 0x67, 0x77, 0xff, 0xf7, 0x77, 0x77,
    0xcf, 0xf9, 0x77, 0x60, 0x00, 0x08, 0xff, 0x10,
    0x00, 0x00, 0x8f, 0xf6, 0x00, 0x00, 0x0e, 0xff,
    0x10, 0x00, 0x00, 0x00, 0x8f, 0xf1, 0x00, 0x00,
    0x4f, 0xfe, 0x10, 0x00, 0x07, 0xff, 0x90, 0x00,
    0x00, 0x00, 0x08, 0xff, 0x10, 0x00, 0x1e, 0xff,
    0xff, 0xb5, 0x03, 0xff, 0xf2, 0x00, 0x00, 0x00,
    0x00, 0x8f, 0xf1, 0x00, 0x00, 0x16, 0xbf, 0xff,
    0xff, 0xff, 0xf6, 0x00, 0x00, 0x00, 0x00, 0x08,
    0xff, 0x10, 0x00, 0x00, 0x00, 0x17, 0xef, 0xff,
    0xff, 0x50, 0x00, 0x00, 0x00, 0x00, 0x8f, 0xf1,
    0x00, 0x00, 0x00, 0x15, 0xbf, 0xff, 0xff, 0xff,
    0xe7, 0x00, 0x00, 0x4a, 0xae, 0xff, 0x00, 0x17,
    0x9b, 0xef, 0xff, 0xff, 0xa3, 0x8f, 0xff, 0xfe,
    0x60, 0x01, 0xff, 0xff, 0xc0, 0x00, 0xef, 0xff,
    0xff, 0xd7, 0x20, 0x00, 0x18, 0xff, 0xfb, 0x00,
    0x0d, 0xfd, 0xa2, 0x00, 0x07, 0xeb, 0x85, 0x10,
    0x00, 0x00, 0x00, 0x01, 0x9d, 0x10, 0x00, 0x00,
    0x00, 0x00, 0x00, 0x00, 0x00, 0x00, 0x00, 0x00,
    0x00, 0x00, 0x00, 0x00, 0x00,

    /* U+63A7 "控" */
    0x00, 0x00, 0x25, 0x50, 0x00, 0x00, 0x00, 0x00,
    0x00, 0x04, 0x00, 0x00, 0x00, 0x00, 0x00, 0x00,
    0x08, 0xff, 0x10, 0x00, 0x00, 0x00, 0x00, 0x9f,
    0xf4, 0x00, 0x00, 0x00, 0x00, 0x00, 0x00, 0x8f,
    0xf1, 0x00, 0x00, 0x00, 0x00, 0x04, 0xff, 0xb0,
    0x00, 0x00, 0x00, 0x00, 0x00, 0x08, 0xff, 0x10,
    0x00, 0x00, 0x00, 0x00, 0x0e, 0xff, 0x20, 0x00,
    0x00, 0x00, 0x00, 0x00, 0x8f, 0xf1, 0x00, 0x0c,
    0xcc, 0xcc, 0xcc, 0xef, 0xfd, 0xcc, 0xcc, 0xcc,
    0x70, 0x00, 0x08, 0xff, 0x10, 0x01, 0xff, 0xff,
    0xff, 0xff, 0xff, 0xff, 0xff, 0xff, 0xfa, 0x0a,
    0xbb, 0xdf, 0xfb, 0xba, 0x1f, 0xfd, 0xaa, 0xaa,
    0xaa, 0xaa, 0xaa, 0xab, 0xff, 0xa0, 0xef, 0xff,
    0xff, 0xff, 0xf1, 0xff, 0x80, 0x00, 0x00, 0x00,
    0x00, 0x00, 0x1f, 0xfa, 0x0e, 0xff, 0xff, 0xff,
    0xfe, 0x1f, 0xf8, 0x00, 0x95, 0x00, 0x04, 0x80,
    0x01, 0xff, 0xa0, 0x00, 0x08, 0xff, 0x10, 0x00,
    0x99, 0x40, 0x9f, 0xf7, 0x04, 0xff, 0xb0, 0x05,
    0x53, 0x00, 0x00, 0x8f, 0xf1, 0x00, 0x00, 0x00,
    0x9f, 0xfb, 0x00, 0x0a, 0xff, 0xd2, 0x00, 0x00,
    0x00, 0x08, 0xff, 0x10, 0x00, 0x00, 0xbf, 0xfc,
    0x00, 0x00, 0x08, 0xff, 0xe4, 0x00, 0x00, 0x00,
    0x8f, 0xf1, 0x00, 0x03, 0xdf, 0xfc, 0x10, 0x00,
    0x00, 0x06, 0xff, 0xf5, 0x00, 0x00, 0x08, 0xff,
    0x10, 0x10, 0xaf, 0xfb, 0x00, 0x00, 0x00, 0x00,
    0x04, 0xff, 0xa0, 0x00, 0x00, 0x8f, 0xf7, 0xce,
    0x01, 0xe8, 0x00, 0x00, 0x00, 0x00, 0x00, 0x04,
    0x90, 0x00, 0x00, 0x1b, 0xff, 0xff, 0xf1, 0x07,
    0x77, 0x77, 0x77, 0x77, 0x77, 0x77, 0x75, 0x00,
    0x17, 0xcf, 0xff, 0xff, 0xe9, 0x10, 0xef, 0xff,
    0xff, 0xff, 0xff, 0xff, 0xff, 0xb0, 0x01, 0xff,
    0xff, 0xff, 0x50, 0x00, 0x0e, 0xff, 0xff, 0xff,
    0xff, 0xff, 0xff, 0xfb, 0x00, 0x0e, 0xfb, 0xcf,
    0xf1, 0x00, 0x00, 0x00, 0x00, 0x01, 0xff, 0xc0,
    0x00, 0x00, 0x00, 0x00, 0x41, 0x08, 0xff, 0x10,
    0x00, 0x00, 0x00, 0x00, 0x1f, 0xfc, 0x00, 0x00,
    0x00, 0x00, 0x00, 0x00, 0x8f, 0xf1, 0x00, 0x00,
    0x00, 0x00, 0x01, 0xff, 0xc0, 0x00, 0x00, 0x00,
    0x00, 0x00, 0x08, 0xff, 0x10, 0x00, 0x00, 0x00,
    0x00, 0x1f, 0xfc, 0x00, 0x00, 0x00, 0x00, 0x00,
    0x00, 0x8f, 0xf1, 0x00, 0x00, 0x00, 0x00, 0x01,
    0xff, 0xc0, 0x00, 0x00, 0x00, 0x00, 0x00, 0x08,
    0xff, 0x10, 0x00, 0x00, 0x00, 0x00, 0x1f, 0xfc,
    0x00, 0x00, 0x00, 0x00, 0x00, 0x00, 0x8f, 0xf1,
    0x00, 0x00, 0x00, 0x00, 0x01, 0xff, 0xc0, 0x00,
    0x00, 0x00, 0x00, 0x59, 0x9d, 0xff, 0x00, 0x4f,
    0xff, 0xff, 0xff, 0xff, 0xff, 0xff, 0xff, 0xff,
    0xfd, 0x04, 0xff, 0xff, 0xd0, 0x04, 0xff, 0xff,
    0xff, 0xff, 0xff, 0xff, 0xff, 0xff, 0xff, 0xd0,
    0x0f, 0xfe, 0xa2, 0x00, 0x28, 0x88, 0x88, 0x88,
    0x88, 0x88, 0x88, 0x88, 0x88, 0x87,

    /* U+6536 "收" */
    0x00, 0x00, 0x00, 0x00, 0x06, 0x64, 0x00, 0x00,
    0x7b, 0x92, 0x00, 0x00, 0x00, 0x00, 0x00, 0x00,
    0x00, 0x00, 0x01, 0xff, 0xb0, 0x00, 0x0a, 0xff,
    0x30, 0x00, 0x00, 0x00, 0x00, 0x00, 0x00, 0x00,
    0x00, 0x1f, 0xfb, 0x00, 0x00, 0xdf, 0xf0, 0x00,
    0x00, 0x00, 0x00, 0x00, 0x04, 0x43, 0x00, 0x01,
    0xff, 0xb0, 0x00, 0x1f, 0xfd, 0x00, 0x00, 0x00,
    0x00, 0x00, 0x01, 0xff, 0xb0, 0x00, 0x1f, 0xfb,
    0x00, 0x04, 0xff, 0x90, 0x00, 0x00, 0x00, 0x00,
    0x00, 0x1f, 0xfb, 0x00, 0x01, 0xff, 0xb0, 0x00,
    0x8f, 0xf5, 0x00, 0x00, 0x00, 0x00, 0x00, 0x01,
    0xff, 0xb0, 0x00, 0x1f, 0xfb, 0x00, 0x0d, 0xff,
    0xba, 0xaa, 0xaa, 0xaa, 0xaa, 0x00, 0x1f, 0xfb,
    0x00, 0x01, 0xff, 0xb0, 0x02, 0xff, 0xff, 0xff,
    0xff, 0xff, 0xff, 0xf0, 0x01, 0xff, 0xb0, 0x00,
    0x1f, 0xfb, 0x00, 0x8f, 0xff, 0xff, 0xff, 0xff,
    0xff, 0xff, 0x00, 0x1f, 0xfb, 0x00, 0x01, 0xff,
    0xb0, 0x0e, 0xff, 0x40, 0x00, 0x00, 0xef, 0xe0,
    0x00, 0x01, 0xff, 0xb0, 0x00, 0x1f, 0xfb, 0x05,
    0xff, 0xf6, 0x00, 0x00, 0x1f, 0xfb, 0x00, 0x00,
    0x1f, 0xfb, 0x00, 0x01, 0xff, 0xb0, 0xdf, 0xff,
    0xb0, 0x00, 0x05, 0xff, 0x70, 0x00, 0x01, 0xff,
    0xb0, 0x00, 0x1f, 0xfb, 0x7f, 0xff, 0xff, 0x10,
    0x00, 0x9f, 0xf3, 0x00, 0x00, 0x1f, 0xfb, 0x00,
    0x01, 0xff, 0xcf, 0xff, 0x5f, 0xf6, 0x00, 0x0d,
    0xff, 0x00, 0x00, 0x01, 0xff, 0xb0, 0x00, 0x1f,
    0xfb, 0x5f, 0xa0, 0xcf, 0xd0, 0x02, 0xff, 0xa0,
    0x00, 0x00, 0x1f, 0xfb, 0x00, 0x01, 0xff, 0xb0,
    0x71, 0x06, 0xff, 0x30, 0x8f, 0xf5, 0x00, 0x00,
    0x01, 0xff, 0xb0, 0x00, 0x1f, 0xfb, 0x00, 0x00,
    0x0f, 0xfb, 0x0e, 0xff, 0x00, 0x00, 0x00, 0x1f,
    0xfb, 0x00, 0x17, 0xff, 0xb0, 0x00, 0x00, 0x8f,
    0xf9, 0xff, 0x90, 0x00, 0x00, 0x01, 0xff, 0xc8,
    0xcf, 0xff, 0xfb, 0x00, 0x00, 0x01, 0xff, 0xff,
    0xf2, 0x00, 0x00, 0x00, 0x5f, 0xff, 0xff, 0xff,
    0xff, 0xb0, 0x00, 0x00, 0x08, 0xff, 0xfa, 0x00,
    0x00, 0x00, 0x0e, 0xff, 0xff, 0xe9, 0x5f, 0xfb,
    0x00, 0x00, 0x00, 0x4f, 0xff, 0x50, 0x00, 0x00,
    0x00, 0x8f, 0xfb, 0x50, 0x01, 0xff, 0xb0, 0x00,
    0x00, 0x1e, 0xff, 0xfe, 0x10, 0x00, 0x00, 0x02,
    0x92, 0x00, 0x00, 0x1f, 0xfb, 0x00, 0x00, 0x1d,
    0xff, 0xff, 0xfd, 0x10, 0x00, 0x00, 0x00, 0x00,
    0x00, 0x01, 0xff, 0xb0, 0x00, 0x3e, 0xff, 0xd1,
    0xdf, 0xfe, 0x20, 0x00, 0x00, 0x00, 0x00, 0x00,
    0x1f, 0xfb, 0x00, 0x7f, 0xff, 0xd1, 0x01, 0xef,
    0xff, 0x60, 0x00, 0x00, 0x00, 0x00, 0x01, 0xff,
    0xb4, 0xdf, 0xff, 0xb1, 0x00, 0x01, 0xdf, 0xff,
    0xc0, 0x00, 0x00, 0x00, 0x00, 0x1f, 0xfb, 0x2e,
    0xff, 0x80, 0x00, 0x00, 0x01, 0xbf, 0xf5, 0x00,
    0x00, 0x00, 0x00, 0x01, 0xff, 0xb0, 0x4c, 0x30,
    0x00, 0x00, 0x00, 0x00, 0x58, 0x00, 0x00, 0x00,
    0x00, 0x00, 0x00, 0x00, 0x00, 0x00, 0x00, 0x00,
    0x00, 0x00, 0x00, 0x00, 0x00,

    /* U+6570 "数" */
    0x00, 0x00, 0x00, 0x03, 0x55, 0x00, 0x00, 0x00,
    0x00, 0x00, 0x00, 0x00, 0x00, 0x00, 0x00, 0x00,
    0x04, 0x70, 0x0a, 0xff, 0x00, 0x1a, 0x40, 0x00,
    0x8f, 0xd0, 0x00, 0x00, 0x00, 0x00, 0x00, 0x4f,
    0xf4, 0x0a, 0xff, 0x00, 0x8f, 0xf3, 0x00, 0xaf,
    0xe0, 0x00, 0x00, 0x00, 0x00, 0x00, 0x0c, 0xfc,
    0x0a, 0xff, 0x01, 0xff, 0x90, 0x00, 0xcf, 0xb0,
    0x00, 0x00, 0x00, 0x00, 0x00, 0x04, 0xff, 0x2a,
    0xff, 0x0a, 0xfe, 0x10, 0x00, 0xff, 0x80, 0x00,
    0x00, 0x00, 0x00, 0x00, 0x00, 0xd8, 0x1a, 0xff,
    0x05, 0xc4, 0x00, 0x03, 0xff, 0x50, 0x00, 0x00,
    0x00, 0x00, 0x08, 0xdd, 0xdd, 0xdf, 0xff, 0xdd,
    0xdd, 0xdd, 0x06, 0xff, 0xba, 0xaa, 0xaa, 0xaa,
    0x40, 0x09, 0xff, 0xff, 0xff, 0xff, 0xff, 0xff,
    0xff, 0x0a, 0xff, 0xff, 0xff, 0xff, 0xff, 0x70,
    0x04, 0x66, 0x66, 0xdf, 0xff, 0xfa, 0x66, 0x66,
    0x0e, 0xff, 0xff, 0xff, 0xff, 0xff, 0x60, 0x00,
    0x00, 0x07, 0xff, 0xff, 0xff, 0x91, 0x00, 0x4f,
    0xfc, 0x00, 0x03, 0xff, 0x60, 0x00, 0x00, 0x00,
    0x9f, 0xff, 0xff, 0x8f, 0xfe, 0x50, 0x9f, 0xff,
    0x00, 0x05, 0xff, 0x30, 0x00, 0x00, 0x3c, 0xff,
    0xba, 0xff, 0x04, 0xef, 0xd1, 0xff, 0xff, 0x30,
    0x08, 0xff, 0x00, 0x00, 0x09, 0xff, 0xf9, 0x0a,
    0xff, 0x00, 0x1c, 0x37, 0xff, 0xff, 0x70, 0x0b,
    0xfd, 0x00, 0x00, 0x03, 0xff, 0x60, 0x09, 0xff,
    0x00, 0x00, 0x1f, 0xfb, 0xcf, 0xb0, 0x0f, 0xf9,
    0x00, 0x00, 0x00, 0x52, 0x00, 0x49, 0x60, 0x00,
    0x00, 0x5f, 0xf3, 0x7f, 0xf0, 0x3f, 0xf5, 0x00,
    0x00, 0x00, 0x00, 0x00, 0xcf, 0xe0, 0x00, 0x00,
    0x04, 0x90, 0x3f, 0xf5, 0x8f, 0xf1, 0x00, 0x00,
    0x00, 0xcf, 0xff, 0xff, 0xff, 0xff, 0xff, 0xb0,
    0x00, 0x0e, 0xfb, 0xdf, 0xc0, 0x00, 0x00, 0x00,
    0xcf, 0xff, 0xff, 0xff, 0xff, 0xff, 0xc0, 0x00,
    0x09, 0xff, 0xff, 0x70, 0x00, 0x00, 0x00, 0x56,
    0x9f, 0xfa, 0x66, 0x67, 0xff, 0x60, 0x00, 0x03,
    0xff, 0xff, 0x10, 0x00, 0x00, 0x00, 0x00, 0xcf,
    0xe0, 0x00, 0x09, 0xfe, 0x00, 0x00, 0x00, 0xcf,
    0xfa, 0x00, 0x00, 0x00, 0x00, 0x06, 0xff, 0xc1,
    0x00, 0x4f, 0xf7, 0x00, 0x00, 0x00, 0xcf, 0xfa,
    0x00, 0x00, 0x00, 0x00, 0x09, 0xef, 0xff, 0xa5,
    0xff, 0xc0, 0x00, 0x00, 0x07, 0xff, 0xff, 0x50,
    0x00, 0x00, 0x00, 0x00, 0x06, 0xef, 0xff, 0xfe,
    0x20, 0x00, 0x00, 0x4f, 0xfe, 0xff, 0xe2, 0x00,
    0x00, 0x00, 0x00, 0x00, 0x1d, 0xff, 0xff, 0x70,
    0x00, 0x05, 0xff, 0xf3, 0x9f, 0xfd, 0x10, 0x00,
    0x00, 0x00, 0x07, 0xef, 0xfe, 0xff, 0xfb, 0x00,
    0x8f, 0xff, 0x60, 0x0d, 0xff, 0xd2, 0x00, 0x00,
    0x49, 0xff, 0xff, 0xa1, 0x2c, 0xe2, 0x3d, 0xff,
    0xf6, 0x00, 0x01, 0xef, 0xff, 0x70, 0x09, 0xff,
    0xff, 0xb3, 0x00, 0x00, 0x22, 0xff, 0xfe, 0x40,
    0x00, 0x00, 0x1d, 0xff, 0x80, 0x00, 0xde, 0x93,
    0x00, 0x00, 0x00, 0x00, 0x7f, 0xb1, 0x00, 0x00,
    0x00, 0x00, 0xab, 0x00, 0x00, 0x10, 0x00, 0x00,
    0x00, 0x00, 0x00, 0x04, 0x00, 0x00, 0x00, 0x00,
    0x00, 0x00, 0x00,

    /* U+6587 "文" */
    0x00, 0x00, 0x00, 0x00, 0x00, 0x00, 0x02, 0x60,
    0x00, 0x00, 0x00, 0x00, 0x00, 0x00, 0x00, 0x00,
    0x00, 0x00, 0x00, 0x00, 0x0d, 0xff, 0x50, 0x00,
    0x00, 0x00, 0x00, 0x00, 0x00, 0x00, 0x00, 0x00,
    0x00, 0x00, 0x00, 0xaf, 0xfd, 0x00, 0x00, 0x00,
    0x00, 0x00, 0x00, 0x00, 0x00, 0x00, 0x00, 0x00,
    0x00, 0x02, 0xff, 0xf5, 0x00, 0x00, 0x00, 0x00,
    0x00, 0x00, 0x00, 0x00, 0x00, 0x00, 0x00, 0x00,
    0x0b, 0xff, 0xc0, 0x00, 0x00, 0x00, 0x00, 0x00,
    0x00, 0x00, 0x00, 0x00, 0x00, 0x00, 0x00, 0x6e,
    0xa4, 0x00, 0x00, 0x00, 0x00, 0x00, 0x00, 0x5f,
    0xff, 0xff, 0xff, 0xff, 0xff, 0xff, 0xff, 0xff,
    0xff, 0xff, 0xff, 0xff, 0xfe, 0x05, 0xff, 0xff,
    0xff, 0xff, 0xff, 0xff, 0xff, 0xff, 0xff, 0xff,
    0xff, 0xff, 0xff, 0xe0, 0x3b, 0xbb, 0xbe, 0xff,
    0xcb, 0xbb, 0xbb, 0xbb, 0xbb, 0xbb, 0xff, 0xfc,
    0xbb, 0xba, 0x00, 0x00, 0x00, 0x5f, 0xf9, 0x00,
    0x00, 0x00, 0x00, 0x00, 0x4f, 0xfe, 0x00, 0x00,
    0x00, 0x00, 0x00, 0x00, 0xef, 0xf1, 0x00, 0x00,
    0x00, 0x00, 0x0b, 0xff, 0x80, 0x00, 0x00, 0x00,
    0x00, 0x00, 0x07, 0xff, 0x90, 0x00, 0x00, 0x00,
    0x02, 0xff, 0xf1, 0x00, 0x00, 0x00, 0x00, 0x00,
    0x00, 0x0e, 0xff, 0x20, 0x00, 0x00, 0x00, 0xaf,
    0xfa, 0x00, 0x00, 0x00, 0x00, 0x00, 0x00, 0x00,
    0x7f, 0xfc, 0x00, 0x00, 0x00, 0x3f, 0xff, 0x20,
    0x00, 0x00, 0x00, 0x00, 0x00, 0x00, 0x00, 0xdf,
    0xf7, 0x00, 0x00, 0x0d, 0xff, 0x90, 0x00, 0x00,
    0x00, 0x00, 0x00, 0x00, 0x00, 0x04, 0xff, 0xf3,
    0x00, 0x08, 0xff, 0xe1, 0x00, 0x00, 0x00, 0x00,
    0x00, 0x00, 0x00, 0x00, 0x09, 0xff, 0xe1, 0x04,
    0xff, 0xf5, 0x00, 0x00, 0x00, 0x00, 0x00, 0x00,
    0x00, 0x00, 0x00, 0x0d, 0xff, 0xc3, 0xff, 0xfa,
    0x00, 0x00, 0x00, 0x00, 0x00, 0x00, 0x00, 0x00,
    0x00, 0x00, 0x2f, 0xff, 0xff, 0xfc, 0x00, 0x00,
    0x00, 0x00, 0x00, 0x00, 0x00, 0x00, 0x00, 0x00,
    0x00, 0x4f, 0xff, 0xfe, 0x10, 0x00, 0x00, 0x00,
    0x00, 0x00, 0x00, 0x00, 0x00, 0x00, 0x00, 0x06,
    0xff, 0xff, 0xe4, 0x00, 0x00, 0x00, 0x00, 0x00,
    0x00, 0x00, 0x00, 0x00, 0x00, 0x1a, 0xff, 0xff,
    0xff, 0xf8, 0x00, 0x00, 0x00, 0x00, 0x00, 0x00,
    0x00, 0x00, 0x00, 0x7f, 0xff, 0xfb, 0x5e, 0xff,
    0xfd, 0x50, 0x00, 0x00, 0x00, 0x00, 0x00, 0x00,
    0x06, 0xef, 0xff, 0xf7, 0x00, 0x1c, 0xff, 0xff,
    0xc4, 0x00, 0x00, 0x00, 0x00, 0x02, 0x8e, 0xff,
    0xff, 0xc3, 0x00, 0x00, 0x07, 0xff, 0xff, 0xfd,
    0x71, 0x00, 0x03, 0x8d, 0xff, 0xff, 0xfd, 0x50,
    0x00, 0x00, 0x00, 0x02, 0xaf, 0xff, 0xff, 0xfc,
    0x71, 0x5f, 0xff, 0xff, 0xd6, 0x00, 0x00, 0x00,
    0x00, 0x00, 0x00, 0x2a, 0xff, 0xff, 0xfb, 0x00,
    0xbf, 0xfa, 0x40, 0x00, 0x00, 0x00, 0x00, 0x00,
    0x00, 0x00, 0x01, 0x7c, 0xfe, 0x10, 0x01, 0x50,
    0x00, 0x00, 0x00, 0x00, 0x00, 0x00, 0x00, 0x00,
    0x00, 0x00, 0x01, 0x30, 0x00,

    /* U+65AD "断" */
    0x00, 0x00, 0x00, 0x01, 0x44, 0x00, 0x00, 0x00,
    0x00, 0x00, 0x00, 0x00, 0x40, 0x03, 0x65, 0x00,
    0x00, 0x5f, 0xf0, 0x00, 0x00, 0x00, 0x00, 0x00,
    0x17, 0xef, 0xa0, 0x9f, 0xe0, 0x01, 0x05, 0xff,
    0x00, 0x10, 0x00, 0x00, 0x16, 0xbf, 0xff, 0xff,
    0x99, 0xfe, 0x0d, 0xe0, 0x5f, 0xf0, 0x4f, 0xc0,
    0x38, 0xdf, 0xff, 0xff, 0xfa, 0x40, 0x9f, 0xe0,
    0xcf, 0x45, 0xff, 0x08, 0xfa, 0x0c, 0xff, 0xff,
    0xea, 0x50, 0x00, 0x09, 0xfe, 0x07, 0xf8, 0x5f,
    0xf0, 0xdf, 0x40, 0xcf, 0xf7, 0x30, 0x00, 0x00,
    0x00, 0x9f, 0xe0, 0x4f, 0xc5, 0xff, 0x2f, 0xd0,
    0x0c, 0xfe, 0x00, 0x00, 0x00, 0x00, 0x09, 0xfe,
    0x01, 0xfe, 0x5f, 0xf8, 0xf7, 0x00, 0xcf, 0xe0,
    0x00, 0x00, 0x00, 0x00, 0x9f, 0xe0, 0x06, 0x15,
    0xff, 0x27, 0x10, 0x0c, 0xfe, 0x00, 0x00, 0x00,
    0x00, 0x09, 0xfe, 0x37, 0x77, 0xaf, 0xf7, 0x77,
    0x70, 0xcf, 0xe0, 0x00, 0x00, 0x00, 0x00, 0x9f,
    0xe8, 0xff, 0xff, 0xff, 0xff, 0xff, 0x0c, 0xff,
    0x44, 0x44, 0x44, 0x44, 0x49, 0xfe, 0x7f, 0xff,
    0xff, 0xff, 0xff, 0xf0, 0xcf, 0xff, 0xff, 0xff,
    0xff, 0xff, 0x9f, 0xe0, 0x00, 0x0d, 0xff, 0x40,
    0x00, 0x0c, 0xff, 0xff, 0xff, 0xff, 0xff, 0xf9,
    0xfe, 0x00, 0x05, 0xff, 0xff, 0x30, 0x00, 0xcf,
    0xf5, 0x55, 0xbf, 0xf5, 0x54, 0x9f, 0xe0, 0x00,
    0xef, 0xff, 0xfe, 0x20, 0x0c, 0xfe, 0x00, 0x09,
    0xff, 0x10, 0x09, 0xfe, 0x00, 0x8f, 0xff, 0xfa,
    0xfd, 0x10, 0xcf, 0xd0, 0x00, 0x9f, 0xf1, 0x00,
    0x9f, 0xe0, 0x4f, 0xf9, 0xff, 0x0e, 0xfb, 0x0d,
    0xfd, 0x00, 0x09, 0xff, 0x10, 0x09, 0xfe, 0x2e,
    0xf9, 0x5f, 0xf0, 0x4f, 0x60, 0xef, 0xc0, 0x00,
    0x9f, 0xf1, 0x00, 0x9f, 0xed, 0xfe, 0x15, 0xff,
    0x00, 0x50, 0x0f, 0xfb, 0x00, 0x09, 0xff, 0x10,
    0x09, 0xfe, 0x7f, 0x40, 0x5f, 0xf0, 0x00, 0x01,
    0xff, 0x90, 0x00, 0x9f, 0xf1, 0x00, 0x9f, 0xe0,
    0x60, 0x05, 0xff, 0x00, 0x00, 0x3f, 0xf7, 0x00,
    0x09, 0xff, 0x10, 0x09, 0xfe, 0x00, 0x00, 0x5f,
    0xf0, 0x00, 0x06, 0xff, 0x50, 0x00, 0x9f, 0xf1,
    0x00, 0x9f, 0xe0, 0x00, 0x01, 0x55, 0x00, 0x00,
    0x9f, 0xf2, 0x00, 0x09, 0xff, 0x10, 0x09, 0xff,
    0xff, 0xff, 0xff, 0xff, 0xff, 0x5d, 0xfe, 0x00,
    0x00, 0x9f, 0xf1, 0x00, 0x9f, 0xff, 0xff, 0xff,
    0xff, 0xff, 0xf8, 0xff, 0xa0, 0x00, 0x09, 0xff,
    0x10, 0x04, 0x88, 0x88, 0x88, 0x88, 0x88, 0x88,
    0xbf, 0xf5, 0x00, 0x00, 0x9f, 0xf1, 0x00, 0x00,
    0x00, 0x00, 0x00, 0x00, 0x00, 0x0e, 0xfe, 0x00,
    0x00, 0x09, 0xff, 0x10, 0x00, 0x00, 0x00, 0x00,
    0x00, 0x00, 0x00, 0x1b, 0x80, 0x00, 0x00, 0x9f,
    0xf1, 0x00, 0x00, 0x00, 0x00, 0x00, 0x00, 0x00,
    0x00, 0x00, 0x00, 0x00, 0x00, 0x00, 0x00, 0x00,

    /* U+65B0 "新" */
    0x00, 0x00, 0x00, 0x25, 0x00, 0x00, 0x00, 0x00,
    0x00, 0x00, 0x00, 0x00, 0x00, 0x00, 0x00, 0x00,
    0x09, 0xff, 0x30, 0x00, 0x00, 0x00, 0x00, 0x00,
    0x00, 0x16, 0xc4, 0x00, 0x00, 0x00, 0x03, 0xff,
    0xa0, 0x00, 0x00, 0x00, 0x00, 0x04, 0x8c, 0xff,
    0xff, 0x50, 0x14, 0x44, 0x44, 0xef, 0xf5, 0x44,
    0x44, 0x04, 0x9d, 0xff, 0xff, 0xff, 0xfb, 0x60,
    0x4f, 0xff, 0xff, 0xff, 0xff, 0xff, 0xff, 0x17,
    0xff, 0xff, 0xfc, 0x84, 0x00, 0x00, 0x4f, 0xff,
    0xff, 0xff, 0xff, 0xff, 0xff, 0x17, 0xff, 0x72,
    0x00, 0x00, 0x00, 0x00, 0x01, 0x39, 0xc1, 0x11,
    0x13, 0xda, 0x41, 0x07, 0xff, 0x20, 0x00, 0x00,
    0x00, 0x00, 0x00, 0x2f, 0xf5, 0x00, 0x06, 0xff,
    0x40, 0x07, 0xff, 0x20, 0x00, 0x00, 0x00, 0x00,
    0x00, 0x0d, 0xfa, 0x00, 0x0c, 0xfe, 0x00, 0x07,
    0xff, 0x20, 0x00, 0x00, 0x00, 0x00, 0x00, 0x09,
    0xfe, 0x00, 0x1f, 0xf8, 0x00, 0x07, 0xff, 0x20,
    0x00, 0x00, 0x00, 0x00, 0x46, 0x6a, 0xea, 0x66,
    0x9f, 0xf7, 0x66, 0x37, 0xff, 0x53, 0x33, 0x33,
    0x33, 0x32, 0xbf, 0xff, 0xff, 0xff, 0xff, 0xff,
    0xff, 0x97, 0xff, 0xff, 0xff, 0xff, 0xff, 0xfd,
    0xbf, 0xff, 0xff, 0xff, 0xff, 0xff, 0xff, 0x97,
    0xff, 0xff, 0xff, 0xff, 0xff, 0xfd, 0x00, 0x00,
    0x00, 0xbf, 0xd0, 0x00, 0x00, 0x07, 0xff, 0x87,
    0x77, 0xff, 0xe7, 0x76, 0x00, 0x00, 0x00, 0xbf,
    0xd0, 0x00, 0x00, 0x07, 0xff, 0x20, 0x00, 0xff,
    0xc0, 0x00, 0x35, 0x55, 0x55, 0xdf, 0xe5, 0x55,
    0x55, 0x07, 0xff, 0x20, 0x00, 0xff, 0xc0, 0x00,
    0x9f, 0xff, 0xff, 0xff, 0xff, 0xff, 0xff, 0x28,
    0xff, 0x10, 0x00, 0xff, 0xc0, 0x00, 0x9f, 0xff,
    0xff, 0xff, 0xff, 0xff, 0xff, 0x29, 0xff, 0x00,
    0x00, 0xff, 0xc0, 0x00, 0x01, 0x11, 0x11, 0xcf,
    0xd1, 0x11, 0x11, 0x0a, 0xff, 0x00, 0x00, 0xff,
    0xc0, 0x00, 0x00, 0x5c, 0x70, 0xbf, 0xd0, 0x8e,
    0x10, 0x0b, 0xfd, 0x00, 0x00, 0xff, 0xc0, 0x00,
    0x00, 0xcf, 0xb0, 0xbf, 0xd0, 0xef, 0xa0, 0x0e,
    0xfb, 0x00, 0x00, 0xff, 0xc0, 0x00, 0x04, 0xff,
    0x40, 0xbf, 0xd0, 0x5f, 0xf3, 0x1f, 0xf9, 0x00,
    0x00, 0xff, 0xc0, 0x00, 0x0d, 0xfc, 0x00, 0xbf,
    0xd0, 0x0c, 0xfa, 0x4f, 0xf5, 0x00, 0x00, 0xff,
    0xc0, 0x00, 0x9f, 0xf3, 0x00, 0xbf, 0xd0, 0x05,
    0xfc, 0x9f, 0xf1, 0x00, 0x00, 0xff, 0xc0, 0x00,
    0x3d, 0x80, 0x00, 0xbf, 0xd0, 0x00, 0x60, 0xef,
    0xc0, 0x00, 0x00, 0xff, 0xc0, 0x00, 0x01, 0x01,
    0x55, 0xdf, 0xc0, 0x00, 0x07, 0xff, 0x60, 0x00,
    0x00, 0xff, 0xc0, 0x00, 0x00, 0x00, 0xff, 0xff,
    0xa0, 0x00, 0x0c, 0xfe, 0x00, 0x00, 0x00, 0xff,
    0xc0, 0x00, 0x00, 0x00, 0xbf, 0xea, 0x10, 0x00,
    0x00, 0x86, 0x00, 0x00, 0x00, 0xff, 0xc0, 0x00,

    /* U+65B9 "方" */
    0x00, 0x00, 0x00, 0x00, 0x00, 0x00, 0x06, 0x90,
    0x00, 0x00, 0x00, 0x00, 0x00, 0x00, 0x00, 0x00,
    0x00, 0x00, 0x00, 0x00, 0xef, 0xf5, 0x00, 0x00,
    0x00, 0x00, 0x00, 0x00, 0x00, 0x00, 0x00, 0x00,
    0x00, 0x00, 0x8f, 0xfd, 0x00, 0x00, 0x00, 0x00,
    0x00, 0x00, 0x00, 0x00, 0x00, 0x00, 0x00, 0x00,
    0x1f, 0xff, 0x40, 0x00, 0x00, 0x00, 0x00, 0x00,
    0x00, 0x00, 0x00, 0x00, 0x00, 0x00, 0x09, 0xff,
    0x70, 0x00, 0x00, 0x00, 0x00, 0x00, 0x18, 0x88,
    0x88, 0x88, 0x88, 0x88, 0x8a, 0xfa, 0x88, 0x88,
    0x88, 0x88, 0x88, 0x80, 0x2f, 0xff, 0xff, 0xff,
    0xff, 0xff, 0xff, 0xff, 0xff, 0xff, 0xff, 0xff,
    0xff, 0xf0, 0x2f, 0xff, 0xff, 0xff, 0xff, 0xff,
    0xff, 0xff, 0xff, 0xff, 0xff, 0xff, 0xff, 0xf0,
    0x03, 0x33, 0x33, 0x33, 0x7f, 0xfe, 0x33, 0x33,
    0x33, 0x33, 0x33, 0x33, 0x33, 0x30, 0x00, 0x00,
    0x00, 0x00, 0x5f, 0xfd, 0x00, 0x00, 0x00, 0x00,
    0x00, 0x00, 0x00, 0x00, 0x00, 0x00, 0x00, 0x00,
    0x6f, 0xfb, 0x00, 0x00, 0x00, 0x00, 0x00, 0x00,
    0x00, 0x00, 0x00, 0x00, 0x00, 0x00, 0x7f, 0xfa,
    0x00, 0x00, 0x00, 0x00, 0x00, 0x00, 0x00, 0x00,
    0x00, 0x00, 0x00, 0x00, 0x8f, 0xf9, 0x00, 0x00,
    0x00, 0x00, 0x01, 0x00, 0x00, 0x00, 0x00, 0x00,
    0x00, 0x00, 0xaf, 0xff, 0xff, 0xff, 0xff, 0xff,
    0xff, 0xff, 0x20, 0x00, 0x00, 0x00, 0x00, 0x00,
    0xdf, 0xff, 0xff, 0xff, 0xff, 0xff, 0xff, 0xff,
    0x10, 0x00, 0x00, 0x00, 0x00, 0x00, 0xff, 0xfb,
    0xbb, 0xbb, 0xbb, 0xbb, 0xbf, 0xff, 0x00, 0x00,
    0x00, 0x00, 0x00, 0x04, 0xff, 0xd0, 0x00, 0x00,
    0x00, 0x00, 0x0f, 0xff, 0x00, 0x00, 0x00, 0x00,
    0x00, 0x08, 0xff, 0xa0, 0x00, 0x00, 0x00, 0x00,
    0x0f, 0xfd, 0x00, 0x00, 0x00, 0x00, 0x00, 0x0e,
    0xff, 0x50, 0x00, 0x00, 0x00, 0x00, 0x2f, 0xfc,
    0x00, 0x00, 0x00, 0x00, 0x00, 0x5f, 0xff, 0x00,
    0x00, 0x00, 0x00, 0x00, 0x4f, 0xfa, 0x00, 0x00,
    0x00, 0x00, 0x00, 0xdf, 0xf9, 0x00, 0x00, 0x00,
    0x00, 0x00, 0x6f, 0xf8, 0x00, 0x00, 0x00, 0x00,
    0x07, 0xff, 0xf2, 0x00, 0x00, 0x00, 0x00, 0x00,
    0x8f, 0xf6, 0x00, 0x00, 0x00, 0x00, 0x3f, 0xff,
    0x90, 0x00, 0x00, 0x00, 0x00, 0x00, 0xbf, 0xf4,
    0x00, 0x00, 0x00, 0x02, 0xef, 0xfd, 0x00, 0x00,
    0x00, 0x00, 0x00, 0x00, 0xff, 0xf1, 0x00, 0x00,
    0x00, 0x4f, 0xff, 0xf3, 0x00, 0x00, 0x00, 0x00,
    0x00, 0x06, 0xff, 0xd0, 0x00, 0x00, 0x19, 0xff,
    0xff, 0x40, 0x00, 0x00, 0x0a, 0xba, 0xaa, 0xbf,
    0xff, 0x80, 0x00, 0x00, 0x5f, 0xff, 0xe3, 0x00,
    0x00, 0x00, 0x06, 0xff, 0xff, 0xff, 0xfe, 0x10,
    0x00, 0x00, 0x05, 0xfb, 0x10, 0x00, 0x00, 0x00,
    0x02, 0xff, 0xff, 0xfe, 0xa2, 0x00, 0x00, 0x00,
    0x00, 0x30, 0x00, 0x00, 0x00, 0x00, 0x00, 0x00,
    0x00, 0x00, 0x00, 0x00, 0x00, 0x00,

    /* U+65CB "旋" */
    0x00, 0x00, 0x00, 0x01, 0x00, 0x00, 0x00, 0x00,
    0x22, 0x00, 0x00, 0x00, 0x00, 0x00, 0x00, 0x00,
    0x00, 0x08, 0xef, 0x20, 0x00, 0x00, 0x00, 0xaf,
    0xf2, 0x00, 0x00, 0x00, 0x00, 0x00, 0x00, 0x00,
    0x06, 0xff, 0xa0, 0x00, 0x00, 0x00, 0xef, 0xe0,
    0x00, 0x00, 0x00, 0x00, 0x00, 0x00, 0x00, 0x00,
    0xef, 0xf3, 0x00, 0x00, 0x04, 0xff, 0x90, 0x00,
    0x00, 0x00, 0x00, 0x00, 0x00, 0x00, 0x00, 0x7f,
    0xfb, 0x00, 0x00, 0x0b, 0xff, 0xb9, 0x99, 0x99,
    0x99, 0x99, 0x80, 0x06, 0x99, 0x99, 0xaf, 0xfa,
    0x99, 0x94, 0x2f, 0xff, 0xff, 0xff, 0xff, 0xff,
    0xff, 0xe0, 0x0b, 0xff, 0xff, 0xff, 0xff, 0xff,
    0xf7, 0xaf, 0xff, 0xff, 0xff, 0xff, 0xff, 0xff,
    0xd0, 0x0b, 0xff, 0xff, 0xff, 0xff, 0xff, 0xfb,
    0xff, 0xd0, 0x00, 0x00, 0x00, 0x00, 0x00, 0x00,
    0x01, 0x11, 0xaf, 0xf2, 0x11, 0x11, 0x2e, 0xff,
    0x40, 0x00, 0x00, 0x00, 0x00, 0x00, 0x00, 0x00,
    0x00, 0xaf, 0xf0, 0x00, 0x00, 0x5f, 0xfc, 0x22,
    0x22, 0x22, 0x22, 0x22, 0x42, 0x00, 0x00, 0x00,
    0xaf, 0xf0, 0x00, 0x00, 0x04, 0xef, 0xff, 0xff,
    0xff, 0xff, 0xff, 0xff, 0x90, 0x00, 0x00, 0xaf,
    0xf8, 0x88, 0x88, 0x40, 0x4f, 0xff, 0xff, 0xff,
    0xff, 0xff, 0xff, 0x50, 0x00, 0x00, 0xbf, 0xff,
    0xff, 0xff, 0x90, 0x01, 0x11, 0x14, 0xff, 0x61,
    0x1a, 0xff, 0x00, 0x00, 0x00, 0xbf, 0xff, 0xff,
    0xff, 0x80, 0x00, 0x00, 0x03, 0xff, 0x60, 0x0f,
    0xf9, 0x00, 0x00, 0x00, 0xcf, 0xd0, 0x01, 0xff,
    0x80, 0x04, 0x42, 0x03, 0xff, 0x60, 0x5f, 0xf3,
    0x00, 0x00, 0x00, 0xdf, 0xc0, 0x01, 0xff, 0x80,
    0x0f, 0xf8, 0x03, 0xff, 0x60, 0x04, 0x70, 0x00,
    0x00, 0x00, 0xef, 0xb0, 0x01, 0xff, 0x70, 0x0f,
    0xf7, 0x03, 0xff, 0x60, 0x00, 0x00, 0x00, 0x00,
    0x00, 0xff, 0x90, 0x02, 0xff, 0x70, 0x0f, 0xf6,
    0x03, 0xff, 0xff, 0xff, 0xfb, 0x00, 0x00, 0x02,
    0xff, 0x70, 0x02, 0xff, 0x70, 0x2f, 0xf5, 0x03,
    0xff, 0xff, 0xff, 0xfc, 0x00, 0x00, 0x04, 0xff,
    0x50, 0x03, 0xff, 0x60, 0x3f, 0xf5, 0x03, 0xff,
    0xa7, 0x77, 0x75, 0x00, 0x00, 0x08, 0xff, 0x20,
    0x03, 0xff, 0x50, 0x5f, 0xf9, 0x03, 0xff, 0x60,
    0x00, 0x00, 0x00, 0x00, 0x0b, 0xfe, 0x00, 0x04,
    0xff, 0x50, 0x8f, 0xff, 0x03, 0xff, 0x60, 0x00,
    0x00, 0x00, 0x00, 0x0f, 0xfa, 0x00, 0x05, 0xff,
    0x40, 0xbf, 0xff, 0x83, 0xff, 0x60, 0x00, 0x00,
    0x00, 0x00, 0x6f, 0xf5, 0x00, 0x07, 0xff, 0x30,
    0xff, 0xdf, 0xf8, 0xff, 0x60, 0x00, 0x00, 0x00,
    0x00, 0xdf, 0xf0, 0x00, 0x0a, 0xff, 0x16, 0xff,
    0x2d, 0xff, 0xff, 0x60, 0x00, 0x00, 0x00, 0x06,
    0xff, 0x91, 0x88, 0x8f, 0xfe, 0x0e, 0xfb, 0x02,
    0xff, 0xff, 0xd9, 0x88, 0x88, 0x91, 0x0d, 0xfe,
    0x10, 0xdf, 0xff, 0xf9, 0x6f, 0xf2, 0x00, 0x3d,
    0xff, 0xff, 0xff, 0xff, 0xd0, 0x01, 0xb5, 0x00,
    0x9f, 0xfe, 0x90, 0x08, 0x60, 0x00, 0x00, 0x5a,
    0xdf, 0xff, 0xff, 0x90, 0x00, 0x00, 0x00, 0x00,
    0x00, 0x00, 0x00, 0x00, 0x00, 0x00, 0x00, 0x00,
    0x00, 0x00, 0x00,

    /* U+65E0 "无" */
    0x00, 0x12, 0x22, 0x22, 0x22, 0x22, 0x22, 0x22,
    0x22, 0x22, 0x22, 0x22, 0x22, 0x00, 0x00, 0xaf,
    0xff, 0xff, 0xff, 0xff, 0xff, 0xff, 0xff, 0xff,
    0xff, 0xff, 0xff, 0x00, 0x00, 0xaf, 0xff, 0xff,
    0xff, 0xff, 0xff, 0xff, 0xff, 0xff, 0xff, 0xff,
    0xff, 0x00, 0x00, 0x6a, 0xaa, 0xaa, 0xaa, 0xaa,
    0xff, 0xfa, 0xaa, 0xaa, 0xaa, 0xaa, 0xa9, 0x00,
    0x00, 0x00, 0x00, 0x00, 0x00, 0x00, 0xff, 0xd0,
    0x00, 0x00, 0x00, 0x00, 0x00, 0x00, 0x00, 0x00,
    0x00, 0x00, 0x00, 0x01, 0xff, 0xc0, 0x00, 0x00,
    0x00, 0x00, 0x00, 0x00, 0x00, 0x00, 0x00, 0x00,
    0x00, 0x01, 0xff, 0xb0, 0x00, 0x00, 0x00, 0x00,
    0x00, 0x00, 0x00, 0x00, 0x00, 0x00, 0x00, 0x03,
    0xff, 0xa0, 0x00, 0x00, 0x00, 0x00, 0x00, 0x00,
    0x00, 0x00, 0x00, 0x00, 0x00, 0x04, 0xff, 0x90,
    0x00, 0x00, 0x00, 0x00, 0x00, 0x00, 0x6c, 0xcc,
    0xcc, 0xcc, 0xcc, 0xce, 0xff, 0xec, 0xcc, 0xcc,
    0xcc, 0xcc, 0xcc, 0xc8, 0x8f, 0xff, 0xff, 0xff,
    0xff, 0xff, 0xff, 0xff, 0xff, 0xff, 0xff, 0xff,
    0xff, 0xfa, 0x8f, 0xff, 0xff, 0xff, 0xff, 0xff,
    0xff, 0xff, 0xff, 0xff, 0xff, 0xff, 0xff, 0xfa,
    0x00, 0x00, 0x00, 0x00, 0x00, 0x0f, 0xfe, 0xcf,
    0xf3, 0x00, 0x00, 0x00, 0x00, 0x00, 0x00, 0x00,
    0x00, 0x00, 0x00, 0x4f, 0xfa, 0xcf, 0xf3, 0x00,
    0x00, 0x00, 0x00, 0x00, 0x00, 0x00, 0x00, 0x00,
    0x00, 0xaf, 0xf6, 0xcf, 0xf3, 0x00, 0x00, 0x00,
    0x00, 0x00, 0x00, 0x00, 0x00, 0x00, 0x01, 0xff,
    0xf1, 0xcf, 0xf3, 0x00, 0x00, 0x00, 0x00, 0x00,
    0x00, 0x00, 0x00, 0x00, 0x09, 0xff, 0xa0, 0xcf,
    0xf3, 0x00, 0x00, 0x00, 0x00, 0x00, 0x00, 0x00,
    0x00, 0x00, 0x2f, 0xff, 0x30, 0xcf, 0xf3, 0x00,
    0x00, 0x00, 0x00, 0x00, 0x00, 0x00, 0x00, 0x00,
    0xdf, 0xfa, 0x00, 0xcf, 0xf3, 0x00, 0x00, 0x00,
    0x06, 0x00, 0x00, 0x00, 0x00, 0x0a, 0xff, 0xe1,
    0x00, 0xcf, 0xf3, 0x00, 0x00, 0x00, 0x0d, 0xf8,
    0x00, 0x00, 0x00, 0xaf, 0xff, 0x50, 0x00, 0xcf,
    0xf3, 0x00, 0x00, 0x00, 0x0e, 0xfd, 0x00, 0x00,
    0x2c, 0xff, 0xf7, 0x00, 0x00, 0xcf, 0xf3, 0x00,
    0x00, 0x00, 0x1f, 0xfb, 0x00, 0x07, 0xff, 0xff,
    0x70, 0x00, 0x00, 0xbf, 0xf6, 0x00, 0x00, 0x00,
    0x7f, 0xf8, 0x17, 0xef, 0xff, 0xf5, 0x00, 0x00,
    0x00, 0x9f, 0xff, 0xff, 0xff, 0xff, 0xff, 0xf4,
    0x8f, 0xff, 0xfc, 0x20, 0x00, 0x00, 0x00, 0x3f,
    0xff, 0xff, 0xff, 0xff, 0xff, 0xc0, 0x0b, 0xfd,
    0x50, 0x00, 0x00, 0x00, 0x00, 0x03, 0x9b, 0xcc,
    0xcc, 0xcc, 0xb8, 0x10, 0x01, 0x40, 0x00, 0x00,
    0x00, 0x00, 0x00, 0x00, 0x00, 0x00, 0x00, 0x00,
    0x00, 0x00,

    /* U+65E5 "日" */
    0x23, 0x33, 0x33, 0x33, 0x33, 0x33, 0x33, 0x33,
    0x33, 0x33, 0x0f, 0xff, 0xff, 0xff, 0xff, 0xff,
    0xff, 0xff, 0xff, 0xff, 0xf2, 0xff, 0xff, 0xff,
    0xff, 0xff, 0xff, 0xff, 0xff, 0xff, 0xff, 0x2f,
    0xff, 0xbb, 0xbb, 0xbb, 0xbb, 0xbb, 0xbb, 0xbb,
    0xff, 0xf2, 0xff, 0xe0, 0x00, 0x00, 0x00, 0x00,
    0x00, 0x00, 0x0e, 0xff, 0x2f, 0xfe, 0x00, 0x00,
    0x00, 0x00, 0x00, 0x00, 0x00, 0xef, 0xf2, 0xff,
    0xe0, 0x00, 0x00, 0x00, 0x00, 0x00, 0x00, 0x0e,
    0xff, 0x2f, 0xfe, 0x00, 0x00, 0x00, 0x00, 0x00,
    0x00, 0x00, 0xef, 0xf2, 0xff, 0xe0, 0x00, 0x00,
    0x00, 0x00, 0x00, 0x00, 0x0e, 0xff, 0x2f, 0xfe,
    0x00, 0x00, 0x00, 0x00, 0x00, 0x00, 0x00, 0xef,
    0xf2, 0xff, 0xe0, 0x00, 0x00, 0x00, 0x00, 0x00,
    0x00, 0x0e, 0xff, 0x2f, 0xff, 0xff, 0xff, 0xff,
    0xff, 0xff, 0xff, 0xff, 0xff, 0xf2, 0xff, 0xff,
    0xff, 0xff, 0xff, 0xff, 0xff, 0xff, 0xff, 0xff,
    0x2f, 0xff, 0xcc, 0xcc, 0xcc, 0xcc, 0xcc, 0xcc,
    0xcc, 0xff, 0xf2, 0xff, 0xe0, 0x00, 0x00, 0x00,
    0x00, 0x00, 0x00, 0x0e, 0xff, 0x2f, 0xfe, 0x00,
    0x00, 0x00, 0x00, 0x00, 0x00, 0x00, 0xef, 0xf2,
    0xff, 0xe0, 0x00, 0x00, 0x00, 0x00, 0x00, 0x00,
    0x0e, 0xff, 0x2f, 0xfe, 0x00, 0x00, 0x00, 0x00,
    0x00, 0x00, 0x00, 0xef, 0xf2, 0xff, 0xe0, 0x00,
    0x00, 0x00, 0x00, 0x00, 0x00, 0x0e, 0xff, 0x2f,
    0xfe, 0x00, 0x00, 0x00, 0x00, 0x00, 0x00, 0x00,
    0xef, 0xf2, 0xff, 0xe0, 0x00, 0x00, 0x00, 0x00,
    0x00, 0x00, 0x0e, 0xff, 0x2f, 0xff, 0xcc, 0xcc,
    0xcc, 0xcc, 0xcc, 0xcc, 0xcc, 0xff, 0xf2, 0xff,
    0xff, 0xff, 0xff, 0xff, 0xff, 0xff, 0xff, 0xff,
    0xff, 0x2f, 0xff, 0xff, 0xff, 0xff, 0xff, 0xff,
    0xff, 0xff, 0xff, 0xf2, 0xff, 0xe0, 0x00, 0x00,
    0x00, 0x00, 0x00, 0x00, 0x0e, 0xff, 0x2f, 0xfe,
    0x00, 0x00, 0x00, 0x00, 0x00, 0x00, 0x00, 0xef,
    0xf2, 0x22, 0x10, 0x00, 0x00, 0x00, 0x00, 0x00,
    0x00, 0x00, 0x00, 0x00,

    /* U+65F6 "时" */
    0x00, 0x00, 0x00, 0x00, 0x00, 0x00, 0x00, 0x00,
    0x00, 0x00, 0x05, 0x54, 0x00, 0x00, 0x00, 0x00,
    0x00, 0x00, 0x00, 0x00, 0x00, 0x00, 0x00, 0x00,
    0x1f, 0xfd, 0x00, 0x00, 0x12, 0x31, 0x11, 0x11,
    0x11, 0x00, 0x00, 0x00, 0x00, 0x00, 0x1f, 0xfd,
    0x00, 0x00, 0xcf, 0xff, 0xff, 0xff, 0xfd, 0x00,
    0x00, 0x00, 0x00, 0x00, 0x1f, 0xfd, 0x00, 0x00,
    0xcf, 0xff, 0xff, 0xff, 0xfd, 0x00, 0x00, 0x00,
    0x00, 0x00, 0x1f, 0xfd, 0x00, 0x00, 0xcf, 0xf7,
    0x77, 0x7e, 0xfd, 0x00, 0x00, 0x00, 0x00, 0x00,
    0x1f, 0xfd, 0x00, 0x00, 0xcf, 0xe0, 0x00, 0x0d,
    0xfd, 0x05, 0xcc, 0xcc, 0xcc, 0xcc, 0xcf, 0xff,
    0xcc, 0xc2, 0xcf, 0xe0, 0x00, 0x0d, 0xfd, 0x07,
    0xff, 0xff, 0xff, 0xff, 0xff, 0xff, 0xff, 0xf3,
    0xcf, 0xe0, 0x00, 0x0d, 0xfd, 0x07, 0xff, 0xff,
    0xff, 0xff, 0xff, 0xff, 0xff, 0xf3, 0xcf, 0xe0,
    0x00, 0x0d, 0xfd, 0x00, 0x11, 0x11, 0x11, 0x11,
    0x2f, 0xfd, 0x11, 0x10, 0xcf, 0xe0, 0x00, 0x0d,
    0xfd, 0x00, 0x00, 0x00, 0x00, 0x00, 0x1f, 0xfd,
    0x00, 0x00, 0xcf, 0xf7, 0x77, 0x7e, 0xfd, 0x00,
    0x01, 0x60, 0x00, 0x00, 0x1f, 0xfd, 0x00, 0x00,
    0xcf, 0xff, 0xff, 0xff, 0xfd, 0x00, 0x6f, 0xf5,
    0x00, 0x00, 0x1f, 0xfd, 0x00, 0x00, 0xcf, 0xff,
    0xff, 0xff, 0xfd, 0x00, 0x3f, 0xff, 0x10, 0x00,
    0x1f, 0xfd, 0x00, 0x00, 0xcf, 0xe0, 0x00, 0x0d,
    0xfd, 0x00, 0x08, 0xff, 0xb0, 0x00, 0x1f, 0xfd,
    0x00, 0x00, 0xcf, 0xe0, 0x00, 0x0d, 0xfd, 0x00,
    0x00, 0xdf, 0xf6, 0x00, 0x1f, 0xfd, 0x00, 0x00,
    0xcf, 0xe0, 0x00, 0x0d, 0xfd, 0x00, 0x00, 0x4f,
    0xff, 0x10, 0x1f, 0xfd, 0x00, 0x00, 0xcf, 0xe0,
    0x00, 0x0d, 0xfd, 0x00, 0x00, 0x0a, 0xff, 0xa0,
    0x1f, 0xfd, 0x00, 0x00, 0xcf, 0xe0, 0x00, 0x0d,
    0xfd, 0x00, 0x00, 0x01, 0xff, 0xc0, 0x1f, 0xfd,
    0x00, 0x00, 0xcf, 0xe0, 0x00, 0x0d, 0xfd, 0x00,
    0x00, 0x00, 0x76, 0x00, 0x1f, 0xfd, 0x00, 0x00,
    0xcf, 0xf9, 0x99, 0x9e, 0xfd, 0x00, 0x00, 0x00,
    0x00, 0x00, 0x1f, 0xfd, 0x00, 0x00, 0xcf, 0xff,
    0xff, 0xff, 0xfd, 0x00, 0x00, 0x00, 0x00, 0x00,
    0x1f, 0xfd, 0x00, 0x00, 0xcf, 0xff, 0xff, 0xff,
    0xfd, 0x00, 0x00, 0x00, 0x00, 0x00, 0x1f, 0xfd,
    0x00, 0x00, 0xcf, 0xe0, 0x00, 0x00, 0x00, 0x00,
    0x00, 0x00, 0x00, 0x00, 0x1f, 0xfd, 0x00, 0x00,
    0xcf, 0xe0, 0x00, 0x00, 0x00, 0x00, 0x00, 0x00,
    0x00, 0x00, 0x1f, 0xfc, 0x00, 0x00, 0x46, 0x50,
    0x00, 0x00, 0x00, 0x00, 0x00, 0x0a, 0xbb, 0xbb,
    0xdf, 0xfb, 0x00, 0x00, 0x00, 0x00, 0x00, 0x00,
    0x00, 0x00, 0x00, 0x07, 0xff, 0xff, 0xff, 0xf6,
    0x00, 0x00, 0x00, 0x00, 0x00, 0x00, 0x00, 0x00,
    0x00, 0x02, 0xff, 0xff, 0xfc, 0x60, 0x00, 0x00,
    0x00, 0x00, 0x00, 0x00, 0x00, 0x00, 0x00, 0x00,
    0x11, 0x00, 0x00, 0x00, 0x00, 0x00,

    /* U+660E "明" */
    0x00, 0x00, 0x00, 0x00, 0x00, 0x00, 0x00, 0x11,
    0x11, 0x11, 0x11, 0x11, 0x10, 0x69, 0xa9, 0x99,
    0x99, 0x99, 0x40, 0x0e, 0xff, 0xff, 0xff, 0xff,
    0xff, 0xfe, 0xbf, 0xff, 0xff, 0xff, 0xff, 0x70,
    0x0e, 0xff, 0xff, 0xff, 0xff, 0xff, 0xfe, 0xbf,
    0xff, 0xff, 0xff, 0xff, 0x70, 0x0e, 0xff, 0x88,
    0x88, 0x88, 0x8f, 0xfe, 0xbf, 0xe0, 0x00, 0x02,
    0xff, 0x70, 0x0e, 0xfe, 0x00, 0x00, 0x00, 0x0e,
    0xfe, 0xbf, 0xe0, 0x00, 0x02, 0xff, 0x70, 0x0e,
    0xfe, 0x00, 0x00, 0x00, 0x0e, 0xfe, 0xbf, 0xe0,
    0x00, 0x02, 0xff, 0x70, 0x0e, 0xfe, 0x00, 0x00,
    0x00, 0x0e, 0xfe, 0xbf, 0xe0, 0x00, 0x02, 0xff,
    0x70, 0x0e, 0xfe, 0x00, 0x00, 0x00, 0x0e, 0xfe,
    0xbf, 0xe0, 0x00, 0x02, 0xff, 0x70, 0x0e, 0xff,
    0xee, 0xee, 0xee, 0xef, 0xfe, 0xbf, 0xff, 0xff,
    0xff, 0xff, 0x70, 0x0e, 0xff, 0xff, 0xff, 0xff,
    0xff, 0xfe, 0xbf, 0xff, 0xff, 0xff, 0xff, 0x70,
    0x0e, 0xff, 0xaa, 0xaa, 0xaa, 0xaf, 0xfe, 0xbf,
    0xf9, 0x99, 0x9a, 0xff, 0x70, 0x0e, 0xfe, 0x00,
    0x00, 0x00, 0x0e, 0xfe, 0xbf, 0xe0, 0x00, 0x02,
    0xff, 0x70, 0x0e, 0xfd, 0x00, 0x00, 0x00, 0x0e,
    0xfe, 0xbf, 0xe0, 0x00, 0x02, 0xff, 0x70, 0x0f,
    0xfd, 0x00, 0x00, 0x00, 0x0e, 0xfe, 0xbf, 0xe0,
    0x00, 0x02, 0xff, 0x70, 0x0f, 0xfc, 0x00, 0x00,
    0x00, 0x0e, 0xfe, 0xbf, 0xe0, 0x00, 0x02, 0xff,
    0x70, 0x1f, 0xfe, 0x99, 0x99, 0x99, 0x9f, 0xfe,
    0xbf, 0xe0, 0x00, 0x03, 0xff, 0x70, 0x3f, 0xff,
    0xff, 0xff, 0xff, 0xff, 0xfe, 0xbf, 0xff, 0xff,
    0xff, 0xff, 0x70, 0x7f, 0xff, 0xff, 0xff, 0xff,
    0xff, 0xfe, 0xbf, 0xff, 0xff, 0xff, 0xff, 0x70,
    0xbf, 0xf2, 0x00, 0x00, 0x00, 0x0e, 0xfe, 0xbf,
    0xf9, 0x99, 0x99, 0x99, 0x41, 0xff, 0xe0, 0x00,
    0x00, 0x00, 0x0e, 0xfe, 0xbf, 0xe0, 0x00, 0x00,
    0x00, 0x07, 0xff, 0x90, 0x00, 0x00, 0x00, 0x0e,
    0xfe, 0xbf, 0xe0, 0x00, 0x00, 0x00, 0x1e, 0xff,
    0x20, 0x00, 0x00, 0x00, 0x0e, 0xfe, 0x34, 0x30,
    0x00, 0x00, 0x00, 0xaf, 0xfb, 0x00, 0x00, 0x00,
    0x00, 0x0e, 0xfe, 0x00, 0x00, 0x00, 0x00, 0x07,
    0xff, 0xf2, 0x00, 0x00, 0x00, 0x00, 0x0e, 0xfe,
    0x00, 0x00, 0x00, 0x00, 0x7f, 0xff, 0x60, 0x00,
    0x00, 0x4a, 0xaa, 0xbf, 0xfd, 0x00, 0x00, 0x00,
    0x04, 0xff, 0xf9, 0x00, 0x00, 0x00, 0x1f, 0xff,
    0xff, 0xf9, 0x00, 0x00, 0x00, 0x00, 0x4f, 0x80,
    0x00, 0x00, 0x00, 0x0c, 0xff, 0xfd, 0x80, 0x00,
    0x00, 0x00, 0x00, 0x01, 0x00, 0x00, 0x00, 0x00,
    0x00, 0x10, 0x00, 0x00,

    /* U+661F "星" */
    0x00, 0x00, 0x33, 0x33, 0x33, 0x33, 0x33, 0x33,
    0x33, 0x33, 0x33, 0x33, 0x00, 0x00, 0x00, 0x01,
    0xff, 0xff, 0xff, 0xff, 0xff, 0xff, 0xff, 0xff,
    0xff, 0xff, 0x20, 0x00, 0x00, 0x01, 0xff, 0xff,
    0xff, 0xff, 0xff, 0xff, 0xff, 0xff, 0xff, 0xff,
    0x20, 0x00, 0x00, 0x01, 0xff, 0xb0, 0x00, 0x00,
    0x00, 0x00, 0x00, 0x00, 0x0b, 0xff, 0x20, 0x00,
    0x00, 0x01, 0xff, 0xb0, 0x00, 0x00, 0x00, 0x00,
    0x00, 0x00, 0x0b, 0xff, 0x20, 0x00, 0x00, 0x01,
    0xff, 0xff, 0xff, 0xff, 0xff, 0xff, 0xff, 0xff,
    0xff, 0xff, 0x20, 0x00, 0x00, 0x01, 0xff, 0xff,
    0xff, 0xff, 0xff, 0xff, 0xff, 0xff, 0xff, 0xff,
    0x20, 0x00, 0x00, 0x01, 0xff, 0xc2, 0x22, 0x22,
    0x22, 0x22, 0x22, 0x22, 0x2c, 0xff, 0x20, 0x00,
    0x00, 0x01, 0xff, 0xb0, 0x00, 0x00, 0x00, 0x00,
    0x00, 0x00, 0x0b, 0xff, 0x20, 0x00, 0x00, 0x01,
    0xff, 0xc4, 0x44, 0x44, 0x44, 0x44, 0x44, 0x44,
    0x4c, 0xff, 0x20, 0x00, 0x00, 0x01, 0xff, 0xff,
    0xff, 0xff, 0xff, 0xff, 0xff, 0xff, 0xff, 0xff,
    0x20, 0x00, 0x00, 0x01, 0xef, 0xfe, 0xee, 0xee,
    0xee, 0xee, 0xee, 0xee, 0xee, 0xee, 0x20, 0x00,
    0x00, 0x00, 0x09, 0xfd, 0x40, 0x00, 0x1a, 0xa8,
    0x00, 0x00, 0x00, 0x00, 0x00, 0x00, 0x00, 0x00,
    0x3f, 0xfe, 0x10, 0x00, 0x2f, 0xfc, 0x00, 0x00,
    0x00, 0x00, 0x00, 0x00, 0x00, 0x00, 0xdf, 0xfc,
    0x77, 0x77, 0x8f, 0xfe, 0x77, 0x77, 0x77, 0x77,
    0x74, 0x00, 0x00, 0x0a, 0xff, 0xff, 0xff, 0xff,
    0xff, 0xff, 0xff, 0xff, 0xff, 0xff, 0xf9, 0x00,
    0x00, 0x8f, 0xff, 0xff, 0xff, 0xff, 0xff, 0xff,
    0xff, 0xff, 0xff, 0xff, 0xf8, 0x00, 0x09, 0xff,
    0xf3, 0x00, 0x00, 0x00, 0x2f, 0xfc, 0x00, 0x00,
    0x00, 0x00, 0x00, 0x00, 0x1c, 0xff, 0x40, 0x00,
    0x00, 0x00, 0x2f, 0xfc, 0x00, 0x00, 0x00, 0x00,
    0x00, 0x00, 0x00, 0x84, 0x3e, 0xee, 0xee, 0xee,
    0xff, 0xff, 0xee, 0xee, 0xee, 0xee, 0x00, 0x00,
    0x00, 0x00, 0x4f, 0xff, 0xff, 0xff, 0xff, 0xff,
    0xff, 0xff, 0xff, 0xff, 0x00, 0x00, 0x00, 0x00,
    0x15, 0x55, 0x55, 0x55, 0x7f, 0xfd, 0x55, 0x55,
    0x55, 0x55, 0x00, 0x00, 0x00, 0x00, 0x00, 0x00,
    0x00, 0x00, 0x2f, 0xfc, 0x00, 0x00, 0x00, 0x00,
    0x00, 0x00, 0x00, 0x00, 0x00, 0x00, 0x00, 0x00,
    0x2f, 0xfc, 0x00, 0x00, 0x00, 0x00, 0x00, 0x00,
    0x0a, 0xbb, 0xbb, 0xbb, 0xbb, 0xbb, 0xcf, 0xff,
    0xbb, 0xbb, 0xbb, 0xbb, 0xbb, 0xb5, 0x0e, 0xff,
    0xff, 0xff, 0xff, 0xff, 0xff, 0xff, 0xff, 0xff,
    0xff, 0xff, 0xff, 0xf7, 0x0a, 0xbb, 0xbb, 0xbb,
    0xbb, 0xbb, 0xbb, 0xbb, 0xbb, 0xbb, 0xbb, 0xbb,
    0xbb, 0xb5,

    /* U+662F "是" */
    0x00, 0x00, 0x22, 0x22, 0x22, 0x22, 0x22, 0x22,
    0x22, 0x22, 0x22, 0x22, 0x00, 0x00, 0x00, 0x00,
    0x1f, 0xff, 0xff, 0xff, 0xff, 0xff, 0xff, 0xff,
    0xff, 0xff, 0xf2, 0x00, 0x00, 0x00, 0x01, 0xff,
    0xff, 0xff, 0xff, 0xff, 0xff, 0xff, 0xff, 0xff,
    0xff, 0x20, 0x00, 0x00, 0x00, 0x1f, 0xfb, 0x00,
    0x00, 0x00, 0x00, 0x00, 0x00, 0x00, 0xbf, 0xf2,
    0x00, 0x00, 0x00, 0x01, 0xff, 0xb0, 0x00, 0x00,
    0x00, 0x00, 0x00, 0x00, 0x0b, 0xff, 0x20, 0x00,
    0x00, 0x00, 0x1f, 0xff, 0xff, 0xff, 0xff, 0xff,
    0xff, 0xff, 0xff, 0xff, 0xf2, 0x00, 0x00, 0x00,
    0x01, 0xff, 0xfe, 0xee, 0xee, 0xee, 0xee, 0xee,
    0xee, 0xef, 0xff, 0x20, 0x00, 0x00, 0x00, 0x1f,
    0xfb, 0x00, 0x00, 0x00, 0x00, 0x00, 0x00, 0x00,
    0xbf, 0xf2, 0x00, 0x00, 0x00, 0x01, 0xff, 0xb1,
    0x11, 0x11, 0x11, 0x11, 0x11, 0x11, 0x1c, 0xff,
    0x20, 0x00, 0x00, 0x00, 0x1f, 0xff, 0xff, 0xff,
    0xff, 0xff, 0xff, 0xff, 0xff, 0xff, 0xf2, 0x00,
    0x00, 0x00, 0x01, 0xff, 0xff, 0xff, 0xff, 0xff,
    0xff, 0xff, 0xff, 0xff, 0xff, 0x20, 0x00, 0x00,
    0x00, 0x00, 0x00, 0x00, 0x00, 0x00, 0x00, 0x00,
    0x00, 0x00, 0x00, 0x00, 0x00, 0x00, 0x04, 0x44,
    0x44, 0x44, 0x44, 0x44, 0x44, 0x44, 0x44, 0x44,
    0x44, 0x44, 0x44, 0x42, 0x00, 0xff, 0xff, 0xff,
    0xff, 0xff, 0xff, 0xff, 0xff, 0xff, 0xff, 0xff,
    0xff, 0xff, 0x80, 0x0f, 0xff, 0xff, 0xff, 0xff,
    0xff, 0xff, 0xff, 0xff, 0xff, 0xff, 0xff, 0xff,
    0xf8, 0x00, 0x44, 0x44, 0x44, 0x44, 0x44, 0x44,
    0xff, 0xf4, 0x44, 0x44, 0x44, 0x44, 0x44, 0x20,
    0x00, 0x00, 0x03, 0xdb, 0x50, 0x00, 0x0e, 0xfe,
    0x00, 0x00, 0x00, 0x00, 0x00, 0x00, 0x00, 0x00,
    0x00, 0x7f, 0xf6, 0x00, 0x00, 0xef, 0xe0, 0x00,
    0x00, 0x00, 0x00, 0x00, 0x00, 0x00, 0x00, 0x0c,
    0xff, 0x20, 0x00, 0x0e, 0xff, 0xff, 0xff, 0xff,
    0xff, 0xf9, 0x00, 0x00, 0x00, 0x02, 0xff, 0xf1,
    0x00, 0x00, 0xef, 0xff, 0xff, 0xff, 0xff, 0xff,
    0x90, 0x00, 0x00, 0x00, 0x8f, 0xff, 0x90, 0x00,
    0x0e, 0xff, 0x88, 0x88, 0x88, 0x88, 0x85, 0x00,
    0x00, 0x00, 0x1f, 0xff, 0xff, 0x50, 0x00, 0xef,
    0xe0, 0x00, 0x00, 0x00, 0x00, 0x00, 0x00, 0x00,
    0x0b, 0xff, 0xbf, 0xff, 0x70, 0x0e, 0xfe, 0x00,
    0x00, 0x00, 0x00, 0x00, 0x00, 0x00, 0x08, 0xff,
    0xe1, 0x5f, 0xff, 0xd7, 0xff, 0xe0, 0x00, 0x00,
    0x00, 0x00, 0x00, 0x00, 0x08, 0xff, 0xf5, 0x00,
    0x5f, 0xff, 0xff, 0xff, 0xcb, 0xaa, 0xaa, 0xaa,
    0xaa, 0xba, 0x08, 0xff, 0xf8, 0x00, 0x00, 0x2a,
    0xff, 0xff, 0xff, 0xff, 0xff, 0xff, 0xff, 0xff,
    0xa0, 0x0b, 0xf8, 0x00, 0x00, 0x00, 0x01, 0x59,
    0xcd, 0xef, 0xff, 0xff, 0xff, 0xff, 0xf5, 0x00,
    0x05, 0x00, 0x00, 0x00, 0x00, 0x00, 0x00, 0x00,
    0x00, 0x00, 0x00, 0x00, 0x00, 0x00,

    /* U+6682 "暂" */
    0x00, 0x00, 0x00, 0x00, 0x00, 0x00, 0x00, 0x00,
    0x00, 0x00, 0x00, 0x00, 0x00, 0x00, 0x00, 0x00,
    0x08, 0xeb, 0x40, 0x00, 0x00, 0x00, 0x00, 0x00,
    0x00, 0x03, 0x69, 0x00, 0x03, 0x33, 0x3e, 0xff,
    0x63, 0x33, 0x33, 0x20, 0x34, 0x57, 0xac, 0xff,
    0xff, 0x60, 0x4f, 0xff, 0xff, 0xff, 0xff, 0xff,
    0xff, 0xc0, 0xdf, 0xff, 0xff, 0xff, 0xfc, 0x70,
    0x3f, 0xff, 0xff, 0xff, 0xff, 0xff, 0xff, 0xb0,
    0xdf, 0xea, 0x97, 0x52, 0x00, 0x00, 0x00, 0x0b,
    0xff, 0x30, 0x00, 0x00, 0x00, 0x00, 0xdf, 0xa0,
    0x00, 0x00, 0x00, 0x00, 0x00, 0x7f, 0xf6, 0x06,
    0xff, 0x40, 0x00, 0x00, 0xdf, 0xa0, 0x00, 0x00,
    0x00, 0x00, 0x06, 0xff, 0xb2, 0x28, 0xff, 0x62,
    0x22, 0x20, 0xdf, 0xd7, 0x77, 0x77, 0x77, 0x74,
    0x0e, 0xff, 0xff, 0xff, 0xff, 0xff, 0xff, 0xe0,
    0xef, 0xff, 0xff, 0xff, 0xff, 0xfa, 0x09, 0xff,
    0xff, 0xff, 0xff, 0xff, 0xff, 0xe0, 0xff, 0xed,
    0xde, 0xff, 0xed, 0xd8, 0x02, 0x31, 0x00, 0x06,
    0xff, 0x50, 0x00, 0x01, 0xff, 0x70, 0x04, 0xff,
    0x50, 0x00, 0x00, 0x00, 0x00, 0x06, 0xff, 0x53,
    0x45, 0x43, 0xff, 0x50, 0x04, 0xff, 0x50, 0x00,
    0x05, 0x67, 0x9a, 0xce, 0xff, 0xff, 0xff, 0x98,
    0xff, 0x20, 0x04, 0xff, 0x50, 0x00, 0x2f, 0xff,
    0xff, 0xff, 0xff, 0xfe, 0xcb, 0x6d, 0xfd, 0x00,
    0x04, 0xff, 0x50, 0x00, 0x1f, 0xdc, 0xa8, 0x7a,
    0xff, 0x40, 0x00, 0x6f, 0xf7, 0x00, 0x04, 0xff,
    0x50, 0x00, 0x00, 0x00, 0x00, 0x06, 0xff, 0x40,
    0x00, 0xaf, 0xe1, 0x00, 0x04, 0xff, 0x50, 0x00,
    0x00, 0x00, 0x00, 0x04, 0xbb, 0x30, 0x00, 0x05,
    0x50, 0x00, 0x03, 0xbb, 0x30, 0x00, 0x00, 0x00,
    0xef, 0xff, 0xff, 0xff, 0xff, 0xff, 0xff, 0xff,
    0xff, 0xff, 0x00, 0x00, 0x00, 0x00, 0xff, 0xff,
    0xff, 0xff, 0xff, 0xff, 0xff, 0xff, 0xff, 0xff,
    0x00, 0x00, 0x00, 0x00, 0xff, 0xd3, 0x33, 0x33,
    0x33, 0x33, 0x33, 0x33, 0x3d, 0xff, 0x00, 0x00,
    0x00, 0x00, 0xff, 0xd0, 0x00, 0x00, 0x00, 0x00,
    0x00, 0x00, 0x0c, 0xff, 0x00, 0x00, 0x00, 0x00,
    0xff, 0xfe, 0xee, 0xee, 0xee, 0xee, 0xee, 0xee,
    0xef, 0xff, 0x00, 0x00, 0x00, 0x00, 0xff, 0xff,
    0xff, 0xff, 0xff, 0xff, 0xff, 0xff, 0xff, 0xff,
    0x00, 0x00, 0x00, 0x00, 0xff, 0xd0, 0x00, 0x00,
    0x00, 0x00, 0x00, 0x00, 0x0c, 0xff, 0x00, 0x00,
    0x00, 0x00, 0xff, 0xd0, 0x00, 0x00, 0x00, 0x00,
    0x00, 0x00, 0x0c, 0xff, 0x00, 0x00, 0x00, 0x00,
    0xff, 0xfe, 0xee, 0xee, 0xee, 0xee, 0xee, 0xee,
    0xef, 0xff, 0x00, 0x00, 0x00, 0x00, 0xff, 0xff,
    0xff, 0xff, 0xff, 0xff, 0xff, 0xff, 0xff, 0xff,
    0x00, 0x00, 0x00, 0x00, 0xff, 0xe5, 0x55, 0x55,
    0x55, 0x55, 0x55, 0x55, 0x5d, 0xff, 0x00, 0x00,
    0x00, 0x00, 0x00, 0x00, 0x00, 0x00, 0x00, 0x00,
    0x00, 0x00, 0x00, 0x00, 0x00, 0x00,

    /* U+66F4 "更" */
    0x09, 0x99, 0x99, 0x99, 0x99, 0x99, 0x99, 0x99,
    0x99, 0x99, 0x99, 0x99, 0x99, 0x91, 0x01, 0xff,
    0xff, 0xff, 0xff, 0xff, 0xff, 0xff, 0xff, 0xff,
    0xff, 0xff, 0xff, 0xff, 0x20, 0x1f, 0xff, 0xff,
    0xff, 0xff, 0xff, 0xff, 0xff, 0xff, 0xff, 0xff,
    0xff, 0xff, 0xf2, 0x00, 0x00, 0x00, 0x00, 0x00,
    0x00, 0x03, 0xff, 0xb0, 0x00, 0x00, 0x00, 0x00,
    0x00, 0x00, 0x00, 0x00, 0x11, 0x11, 0x11, 0x11,
    0x4f, 0xfc, 0x11, 0x11, 0x11, 0x11, 0x10, 0x00,
    0x00, 0x00, 0xaf, 0xff, 0xff, 0xff, 0xff, 0xff,
    0xff, 0xff, 0xff, 0xff, 0xff, 0x10, 0x00, 0x00,
    0x0a, 0xff, 0xff, 0xff, 0xff, 0xff, 0xff, 0xff,
    0xff, 0xff, 0xff, 0xf1, 0x00, 0x00, 0x00, 0xaf,
    0xf5, 0x44, 0x44, 0x47, 0xff, 0xc4, 0x44, 0x44,
    0x4d, 0xff, 0x10, 0x00, 0x00, 0x0a, 0xff, 0x10,
    0x00, 0x00, 0x3f, 0xfb, 0x00, 0x00, 0x00, 0xcf,
    0xf1, 0x00, 0x00, 0x00, 0xaf, 0xf4, 0x33, 0x33,
    0x36, 0xff, 0xc3, 0x33, 0x33, 0x3c, 0xff, 0x10,
    0x00, 0x00, 0x0a, 0xff, 0xff, 0xff, 0xff, 0xff,
    0xff, 0xff, 0xff, 0xff, 0xff, 0xf1, 0x00, 0x00,
    0x00, 0xaf, 0xff, 0xff, 0xff, 0xff, 0xff, 0xff,
    0xff, 0xff, 0xff, 0xff, 0x10, 0x00, 0x00, 0x0a,
    0xff, 0x10, 0x00, 0x00, 0x3f, 0xfb, 0x00, 0x00,
    0x00, 0xcf, 0xf1, 0x00, 0x00, 0x00, 0xaf, 0xf1,
    0x00, 0x00, 0x04, 0xff, 0xb0, 0x00, 0x00, 0x0c,
    0xff, 0x10, 0x00, 0x00, 0x0a, 0xff, 0x76, 0x66,
    0x66, 0x9f, 0xfd, 0x66, 0x66, 0x66, 0xdf, 0xf1,
    0x00, 0x00, 0x00, 0xaf, 0xff, 0xff, 0xff, 0xff,
    0xff, 0xff, 0xff, 0xff, 0xff, 0xff, 0x10, 0x00,
    0x00, 0x09, 0xff, 0xff, 0xff, 0xff, 0xff, 0xff,
    0xff, 0xff, 0xff, 0xff, 0xf0, 0x00, 0x00, 0x00,
    0x03, 0x9d, 0x10, 0x00, 0x0e, 0xff, 0x20, 0x00,
    0x00, 0x00, 0x00, 0x00, 0x00, 0x00, 0x00, 0x7f,
    0xfd, 0x10, 0x07, 0xff, 0xc0, 0x00, 0x00, 0x00,
    0x00, 0x00, 0x00, 0x00, 0x00, 0x00, 0xbf, 0xfd,
    0x34, 0xff, 0xf4, 0x00, 0x00, 0x00, 0x00, 0x00,
    0x00, 0x00, 0x00, 0x00, 0x00, 0xbf, 0xff, 0xff,
    0xfa, 0x00, 0x00, 0x00, 0x00, 0x00, 0x00, 0x00,
    0x00, 0x00, 0x00, 0x00, 0xcf, 0xff, 0xff, 0x50,
    0x00, 0x00, 0x00, 0x00, 0x00, 0x00, 0x00, 0x00,
    0x00, 0x27, 0xdf, 0xff, 0xff, 0xff, 0xfc, 0x96,
    0x42, 0x10, 0x00, 0x00, 0x00, 0x02, 0x7a, 0xef,
    0xff, 0xff, 0xc7, 0xcf, 0xff, 0xff, 0xff, 0xff,
    0xfe, 0xed, 0xcc, 0xb0, 0x2f, 0xff, 0xff, 0xfb,
    0x40, 0x00, 0x27, 0xbe, 0xff, 0xff, 0xff, 0xff,
    0xff, 0xf8, 0x00, 0x7f, 0xea, 0x61, 0x00, 0x00,
    0x00, 0x00, 0x02, 0x46, 0x8a, 0xbc, 0xef, 0xff,
    0x20, 0x00, 0x20, 0x00, 0x00, 0x00, 0x00, 0x00,
    0x00, 0x00, 0x00, 0x00, 0x00, 0x00, 0x00, 0x00,

    /* U+6708 "月" */
    0x00, 0x00, 0x00, 0xcc, 0xdc, 0xcc, 0xcc, 0xcc,
    0xcc, 0xcc, 0xcc, 0xdc, 0xc0, 0x00, 0x00, 0x0f,
    0xff, 0xff, 0xff, 0xff, 0xff, 0xff, 0xff, 0xff,
    0xff, 0x00, 0x00, 0x00, 0xff, 0xff, 0xff, 0xff,
    0xff, 0xff, 0xff, 0xff, 0xff, 0xf0, 0x00, 0x00,
    0x0f, 0xfe, 0x00, 0x00, 0x00, 0x00, 0x00, 0x00,
    0x0f, 0xff, 0x00, 0x00, 0x00, 0xff, 0xe0, 0x00,
    0x00, 0x00, 0x00, 0x00, 0x00, 0xff, 0xf0, 0x00,
    0x00, 0x0f, 0xfe, 0x00, 0x00, 0x00, 0x00, 0x00,
    0x00, 0x0f, 0xff, 0x00, 0x00, 0x00, 0xff, 0xe0,
    0x00, 0x00, 0x00, 0x00, 0x00, 0x00, 0xff, 0xf0,
    0x00, 0x00, 0x0f, 0xff, 0xaa, 0xaa, 0xaa, 0xaa,
    0xaa, 0xaa, 0xaf, 0xff, 0x00, 0x00, 0x00, 0xff,
    0xff, 0xff, 0xff, 0xff, 0xff, 0xff, 0xff, 0xff,
    0xf0, 0x00, 0x00, 0x0f, 0xff, 0xff, 0xff, 0xff,
    0xff, 0xff, 0xff, 0xff, 0xff, 0x00, 0x00, 0x00,
    0xff, 0xe0, 0x00, 0x00, 0x00, 0x00, 0x00, 0x01,
    0xff, 0xf0, 0x00, 0x00, 0x0f, 0xfe, 0x00, 0x00,
    0x00, 0x00, 0x00, 0x00, 0x0f, 0xff, 0x00, 0x00,
    0x01, 0xff, 0xd0, 0x00, 0x00, 0x00, 0x00, 0x00,
    0x00, 0xff, 0xf0, 0x00, 0x00, 0x2f, 0xfb, 0x00,
    0x00, 0x00, 0x00, 0x00, 0x00, 0x0f, 0xff, 0x00,
    0x00, 0x04, 0xff, 0xea, 0xaa, 0xaa, 0xaa, 0xaa,
    0xaa, 0xaa, 0xff, 0xf0, 0x00, 0x00, 0x6f, 0xff,
    0xff, 0xff, 0xff, 0xff, 0xff, 0xff, 0xff, 0xff,
    0x00, 0x00, 0x0a, 0xff, 0xff, 0xff, 0xff, 0xff,
    0xff, 0xff, 0xff, 0xff, 0xf0, 0x00, 0x00, 0xef,
    0xf2, 0x11, 0x11, 0x11, 0x11, 0x11, 0x11, 0x1f,
    0xff, 0x00, 0x00, 0x3f, 0xfd, 0x00, 0x00, 0x00,
    0x00, 0x00, 0x00, 0x00, 0xff, 0xf0, 0x00, 0x0a,
    0xff, 0x80, 0x00, 0x00, 0x00, 0x00, 0x00, 0x00,
    0x0f, 0xff, 0x00, 0x02, 0xff, 0xf2, 0x00, 0x00,
    0x00, 0x00, 0x00, 0x00, 0x00, 0xff, 0xf0, 0x00,
    0xcf, 0xfa, 0x00, 0x00, 0x00, 0x00, 0x00, 0x00,
    0x00, 0x0f, 0xff, 0x00, 0x8f, 0xff, 0x20, 0x00,
    0x00, 0x00, 0x00, 0x00, 0x00, 0x01, 0xff, 0xf0,
    0x7f, 0xff, 0x80, 0x00, 0x00, 0x00, 0x00, 0x2e,
    0xdd, 0xdd, 0xef, 0xfe, 0x0a, 0xff, 0xb0, 0x00,
    0x00, 0x00, 0x00, 0x00, 0xcf, 0xff, 0xff, 0xff,
    0x80, 0x09, 0xb0, 0x00, 0x00, 0x00, 0x00, 0x00,
    0x06, 0xff, 0xff, 0xeb, 0x60, 0x00, 0x00, 0x00,
    0x00, 0x00, 0x00, 0x00, 0x00, 0x01, 0x10, 0x00,
    0x00, 0x00,

    /* U+6709 "有" */
    0x00, 0x00, 0x00, 0x00, 0x00, 0x32, 0x00, 0x00,
    0x00, 0x00, 0x00, 0x00, 0x00, 0x00, 0x00, 0x00,
    0x00, 0x00, 0x00, 0xdf, 0xe1, 0x00, 0x00, 0x00,
    0x00, 0x00, 0x00, 0x00, 0x00, 0x00, 0x00, 0x00,
    0x02, 0xff, 0xe0, 0x00, 0x00, 0x00, 0x00, 0x00,
    0x00, 0x00, 0x00, 0x00, 0x00, 0x00, 0x08, 0xff,
    0x80, 0x00, 0x00, 0x00, 0x00, 0x00, 0x00, 0x00,
    0x0a, 0xaa, 0xaa, 0xaa, 0xae, 0xff, 0xba, 0xaa,
    0xaa, 0xaa, 0xaa, 0xaa, 0xaa, 0xa4, 0x1f, 0xff,
    0xff, 0xff, 0xff, 0xff, 0xff, 0xff, 0xff, 0xff,
    0xff, 0xff, 0xff, 0xf6, 0x1f, 0xff, 0xff, 0xff,
    0xff, 0xff, 0xff, 0xff, 0xff, 0xff, 0xff, 0xff,
    0xff, 0xf6, 0x00, 0x00, 0x00, 0x04, 0xff, 0xd0,
    0x00, 0x00, 0x00, 0x00, 0x00, 0x00, 0x00, 0x00,
    0x00, 0x00, 0x00, 0x0c, 0xff, 0x60, 0x00, 0x00,
    0x00, 0x00, 0x00, 0x00, 0x00, 0x00, 0x00, 0x00,
    0x00, 0x6f, 0xfd, 0x00, 0x00, 0x00, 0x00, 0x00,
    0x00, 0x00, 0x00, 0x00, 0x00, 0x00, 0x01, 0xff,
    0xff, 0xff, 0xff, 0xff, 0xff, 0xff, 0xff, 0xfc,
    0x00, 0x00, 0x00, 0x00, 0x0c, 0xff, 0xff, 0xff,
    0xff, 0xff, 0xff, 0xff, 0xff, 0xfd, 0x00, 0x00,
    0x00, 0x00, 0x9f, 0xff, 0xfa, 0x99, 0x99, 0x99,
    0x99, 0x99, 0x9f, 0xfd, 0x00, 0x00, 0x00, 0x07,
    0xff, 0xff, 0xf3, 0x00, 0x00, 0x00, 0x00, 0x00,
    0x0f, 0xfd, 0x00, 0x00, 0x00, 0x7f, 0xff, 0xef,
    0xf3, 0x00, 0x00, 0x00, 0x00, 0x00, 0x0f, 0xfd,
    0x00, 0x00, 0x09, 0xff, 0xf9, 0x9f, 0xff, 0xff,
    0xff, 0xff, 0xff, 0xff, 0xff, 0xfd, 0x00, 0x00,
    0x9f, 0xff, 0x80, 0x9f, 0xff, 0xff, 0xff, 0xff,
    0xff, 0xff, 0xff, 0xfd, 0x00, 0x00, 0x1d, 0xf6,
    0x00, 0x9f, 0xf8, 0x77, 0x77, 0x77, 0x77, 0x77,
    0x7f, 0xfd, 0x00, 0x00, 0x02, 0x30, 0x00, 0x9f,
    0xf3, 0x00, 0x00, 0x00, 0x00, 0x00, 0x0f, 0xfd,
    0x00, 0x00, 0x00, 0x00, 0x00, 0x9f, 0xf3, 0x00,
    0x00, 0x00, 0x00, 0x00, 0x0f, 0xfd, 0x00, 0x00,
    0x00, 0x00, 0x00, 0x9f, 0xff, 0xff, 0xff, 0xff,
    0xff, 0xff, 0xff, 0xfd, 0x00, 0x00, 0x00, 0x00,
    0x00, 0x9f, 0xff, 0xff, 0xff, 0xff, 0xff, 0xff,
    0xff, 0xfd, 0x00, 0x00, 0x00, 0x00, 0x00, 0x9f,
    0xf9, 0x77, 0x77, 0x77, 0x77, 0x77, 0x7f, 0xfd,
    0x00, 0x00, 0x00, 0x00, 0x00, 0x9f, 0xf3, 0x00,
    0x00, 0x00, 0x00, 0x00, 0x0f, 0xfd, 0x00, 0x00,
    0x00, 0x00, 0x00, 0x9f, 0xf3, 0x00, 0x00, 0x00,
    0x00, 0x00, 0x0f, 0xfd, 0x00, 0x00, 0x00, 0x00,
    0x00, 0x9f, 0xf3, 0x00, 0x00, 0x00, 0x6b, 0xbb,
    0xbf, 0xfc, 0x00, 0x00, 0x00, 0x00, 0x00, 0x9f,
    0xf3, 0x00, 0x00, 0x00, 0x4f, 0xff, 0xff, 0xf8,
    0x00, 0x00, 0x00, 0x00, 0x00, 0x9f, 0xf3, 0x00,
    0x00, 0x00, 0x0f, 0xff, 0xec, 0x80, 0x00, 0x00,

    /* U+671F "期" */
    0x00, 0x02, 0xff, 0x60, 0x00, 0x0e, 0xfb, 0x00,
    0x00, 0x00, 0x00, 0x00, 0x00, 0x00, 0x00, 0x02,
    0xff, 0x70, 0x00, 0x0e, 0xfb, 0x00, 0x09, 0xff,
    0xee, 0xee, 0xef, 0xfc, 0x00, 0x02, 0xff, 0x70,
    0x00, 0x0e, 0xfb, 0x00, 0x0a, 0xff, 0xff, 0xff,
    0xff, 0xfd, 0x05, 0x89, 0xff, 0xc8, 0x88, 0x8f,
    0xfe, 0x87, 0x0a, 0xff, 0xaa, 0xaa, 0xaf, 0xfd,
    0x09, 0xff, 0xff, 0xff, 0xff, 0xff, 0xff, 0xfd,
    0x0a, 0xff, 0x00, 0x00, 0x0e, 0xfd, 0x09, 0xff,
    0xff, 0xff, 0xff, 0xff, 0xff, 0xfd, 0x0a, 0xff,
    0x00, 0x00, 0x0e, 0xfd, 0x00, 0x02, 0xff, 0x70,
    0x00, 0x0e, 0xfb, 0x00, 0x0a, 0xff, 0x00, 0x00,
    0x0e, 0xfd, 0x00, 0x02, 0xff, 0x70, 0x00, 0x0e,
    0xfb, 0x00, 0x0a, 0xff, 0x10, 0x00, 0x0e, 0xfd,
    0x00, 0x02, 0xff, 0xdc, 0xcc, 0xcf, 0xfb, 0x00,
    0x0a, 0xff, 0xff, 0xff, 0xff, 0xfd, 0x00, 0x02,
    0xff, 0xff, 0xff, 0xff, 0xfb, 0x00, 0x0a, 0xff,
    0xff, 0xff, 0xff, 0xfd, 0x00, 0x02, 0xff, 0xb7,
    0x77, 0x7f, 0xfb, 0x00, 0x0a, 0xff, 0x87, 0x77,
    0x7f, 0xfd, 0x00, 0x02, 0xff, 0x70, 0x00, 0x0e,
    0xfb, 0x00, 0x0a, 0xff, 0x00, 0x00, 0x0e, 0xfd,
    0x00, 0x02, 0xff, 0x71, 0x11, 0x1f, 0xfb, 0x00,
    0x0a, 0xff, 0x00, 0x00, 0x0e, 0xfd, 0x00, 0x02,
    0xff, 0xff, 0xff, 0xff, 0xfb, 0x00, 0x0a, 0xff,
    0x00, 0x00, 0x0e, 0xfd, 0x00, 0x02, 0xff, 0xff,
    0xff, 0xff, 0xfb, 0x00, 0x0a, 0xff, 0x11, 0x11,
    0x1f, 0xfd, 0x00, 0x02, 0xff, 0x83, 0x33, 0x3f,
    0xfb, 0x00, 0x0b, 0xff, 0xff, 0xff, 0xff, 0xfd,
    0x00, 0x02, 0xff, 0x70, 0x00, 0x0e, 0xfb, 0x00,
    0x0c, 0xff, 0xff, 0xff, 0xff, 0xfd, 0x00, 0x03,
    0xff, 0x70, 0x00, 0x0e, 0xfb, 0x00, 0x0d, 0xfe,
    0x99, 0x99, 0x9f, 0xfd, 0x0f, 0xff, 0xff, 0xff,
    0xff, 0xff, 0xff, 0xfc, 0x0f, 0xfb, 0x00, 0x00,
    0x0e, 0xfd, 0x0f, 0xff, 0xff, 0xff, 0xff, 0xff,
    0xff, 0xfc, 0x2f, 0xf9, 0x00, 0x00, 0x0e, 0xfd,
    0x07, 0x77, 0x78, 0x77, 0x77, 0x78, 0x77, 0x75,
    0x5f, 0xf6, 0x00, 0x00, 0x0e, 0xfd, 0x00, 0x00,
    0x6f, 0xd5, 0x03, 0xbf, 0x40, 0x00, 0x9f, 0xf3,
    0x00, 0x00, 0x0e, 0xfd, 0x00, 0x02, 0xff, 0xf2,
    0x02, 0xff, 0xf3, 0x00, 0xef, 0xf0, 0x00, 0x00,
    0x0e, 0xfd, 0x00, 0x1d, 0xff, 0x70, 0x00, 0x4f,
    0xfe, 0x15, 0xff, 0xa0, 0x00, 0x00, 0x0e, 0xfd,
    0x01, 0xcf, 0xfb, 0x00, 0x00, 0x07, 0xff, 0x8d,
    0xff, 0x50, 0x05, 0xbb, 0xbf, 0xfc, 0x0a, 0xff,
    0xd0, 0x00, 0x00, 0x00, 0xb6, 0x3f, 0xfe, 0x00,
    0x03, 0xff, 0xff, 0xf8, 0x00, 0x8c, 0x10, 0x00,
    0x00, 0x00, 0x00, 0x01, 0xb6, 0x00, 0x00, 0xff,
    0xec, 0x80, 0x00, 0x00, 0x00, 0x00, 0x00, 0x00,
    0x00, 0x00, 0x00, 0x00, 0x00, 0x00, 0x00, 0x00,

    /* U+672C "本" */
    0x00, 0x00, 0x00, 0x00, 0x00, 0x00, 0x01, 0x22,
    0x00, 0x00, 0x00, 0x00, 0x00, 0x00, 0x00, 0x00,
    0x00, 0x00, 0x00, 0x00, 0x00, 0xcf, 0xf4, 0x00,
    0x00, 0x00, 0x00, 0x00, 0x00, 0x00, 0x00, 0x00,
    0x00, 0x00, 0x00, 0x0c, 0xff, 0x40, 0x00, 0x00,
    0x00, 0x00, 0x00, 0x00, 0x00, 0x00, 0x00, 0x00,
    0x00, 0x00, 0xcf, 0xf4, 0x00, 0x00, 0x00, 0x00,
    0x00, 0x00, 0x00, 0x00, 0x00, 0x00, 0x00, 0x00,
    0x0c, 0xff, 0x40, 0x00, 0x00, 0x00, 0x00, 0x00,
    0x00, 0x00, 0x00, 0x00, 0x00, 0x00, 0x00, 0xcf,
    0xf4, 0x00, 0x00, 0x00, 0x00, 0x00, 0x00, 0x00,
    0x00, 0x00, 0x00, 0x00, 0x00, 0x0c, 0xff, 0x40,
    0x00, 0x00, 0x00, 0x00, 0x00, 0x00, 0x5f, 0xff,
    0xff, 0xff, 0xff, 0xff, 0xff, 0xff, 0xff, 0xff,
    0xff, 0xff, 0xff, 0xf0, 0x05, 0xff, 0xff, 0xff,
    0xff, 0xff, 0xff, 0xff, 0xff, 0xff, 0xff, 0xff,
    0xff, 0xff, 0x00, 0x5e, 0xee, 0xee, 0xee, 0xef,
    0xff, 0xff, 0xff, 0xff, 0xfe, 0xee, 0xee, 0xee,
    0xd0, 0x00, 0x00, 0x00, 0x00, 0x05, 0xff, 0x9c,
    0xff, 0x6f, 0xfb, 0x00, 0x00, 0x00, 0x00, 0x00,
    0x00, 0x00, 0x00, 0x00, 0xcf, 0xf3, 0xcf, 0xf4,
    0xbf, 0xf3, 0x00, 0x00, 0x00, 0x00, 0x00, 0x00,
    0x00, 0x00, 0x5f, 0xfb, 0x0c, 0xff, 0x44, 0xff,
    0xc0, 0x00, 0x00, 0x00, 0x00, 0x00, 0x00, 0x00,
    0x0d, 0xff, 0x30, 0xcf, 0xf4, 0x0c, 0xff, 0x50,
    0x00, 0x00, 0x00, 0x00, 0x00, 0x00, 0x08, 0xff,
    0xa0, 0x0c, 0xff, 0x40, 0x3f, 0xfe, 0x10, 0x00,
    0x00, 0x00, 0x00, 0x00, 0x03, 0xff, 0xf2, 0x00,
    0xcf, 0xf4, 0x00, 0xaf, 0xfb, 0x00, 0x00, 0x00,
    0x00, 0x00, 0x01, 0xef, 0xf7, 0x00, 0x0c, 0xff,
    0x40, 0x01, 0xff, 0xf8, 0x00, 0x00, 0x00, 0x00,
    0x00, 0xcf, 0xfc, 0x00, 0x00, 0xcf, 0xf4, 0x00,
    0x06, 0xff, 0xf6, 0x00, 0x00, 0x00, 0x00, 0xaf,
    0xff, 0x20, 0x00, 0x0c, 0xff, 0x40, 0x00, 0x0a,
    0xff, 0xf6, 0x00, 0x00, 0x00, 0xbf, 0xff, 0x40,
    0x00, 0x00, 0xcf, 0xf4, 0x00, 0x00, 0x0c, 0xff,
    0xf8, 0x00, 0x01, 0xcf, 0xff, 0xcd, 0xdd, 0xdd,
    0xdf, 0xff, 0xed, 0xdd, 0xdd, 0xdd, 0xff, 0xfb,
    0x10, 0xef, 0xff, 0x77, 0xff, 0xff, 0xff, 0xff,
    0xff, 0xff, 0xff, 0xff, 0x1d, 0xff, 0xf6, 0x04,
    0xff, 0x50, 0x7f, 0xff, 0xff, 0xff, 0xff, 0xff,
    0xff, 0xff, 0xf0, 0x1c, 0xf7, 0x00, 0x05, 0x30,
    0x00, 0x00, 0x00, 0x00, 0xcf, 0xf4, 0x00, 0x00,
    0x00, 0x00, 0x06, 0x00, 0x00, 0x00, 0x00, 0x00,
    0x00, 0x00, 0x0c, 0xff, 0x40, 0x00, 0x00, 0x00,
    0x00, 0x00, 0x00, 0x00, 0x00, 0x00, 0x00, 0x00,
    0x00, 0xcf, 0xf4, 0x00, 0x00, 0x00, 0x00, 0x00,
    0x00, 0x00, 0x00, 0x00, 0x00, 0x00, 0x00, 0x0c,
    0xff, 0x40, 0x00, 0x00, 0x00, 0x00, 0x00, 0x00,
    0x00, 0x00, 0x00, 0x00, 0x00, 0x00, 0xcf, 0xf4,
    0x00, 0x00, 0x00, 0x00, 0x00, 0x00,

    /* U+673A "机" */
    0x00, 0x00, 0x00, 0x45, 0x40, 0x00, 0x00, 0x00,
    0x00, 0x00, 0x00, 0x00, 0x00, 0x00, 0x00, 0x00,
    0x00, 0x00, 0xcf, 0xf0, 0x00, 0x00, 0x00, 0x00,
    0x00, 0x00, 0x00, 0x00, 0x00, 0x00, 0x00, 0x00,
    0x00, 0xcf, 0xf0, 0x00, 0x00, 0x0a, 0xab, 0xaa,
    0xaa, 0xbb, 0xa0, 0x00, 0x00, 0x00, 0x00, 0x00,
    0xcf, 0xf0, 0x00, 0x00, 0x0f, 0xff, 0xff, 0xff,
    0xff, 0xf0, 0x00, 0x00, 0x00, 0x00, 0x00, 0xcf,
    0xf0, 0x00, 0x00, 0x0f, 0xff, 0xff, 0xff, 0xff,
    0xf0, 0x00, 0x00, 0x00, 0x00, 0x00, 0xcf, 0xf0,
    0x00, 0x00, 0x0f, 0xfc, 0x00, 0x00, 0xdf, 0xf0,
    0x00, 0x00, 0x00, 0x00, 0x00, 0xcf, 0xf0, 0x00,
    0x00, 0x0f, 0xfc, 0x00, 0x00, 0xdf, 0xf0, 0x00,
    0x00, 0x08, 0xff, 0xff, 0xff, 0xff, 0xff, 0xf2,
    0x0f, 0xfc, 0x00, 0x00, 0xdf, 0xf0, 0x00, 0x00,
    0x08, 0xff, 0xff, 0xff, 0xff, 0xff, 0xf2, 0x0f,
    0xfc, 0x00, 0x00, 0xdf, 0xf0, 0x00, 0x00, 0x06,
    0xbb, 0xbc, 0xff, 0xfb, 0xbb, 0xb1, 0x0f, 0xfc,
    0x00, 0x00, 0xdf, 0xf0, 0x00, 0x00, 0x00, 0x00,
    0x06, 0xff, 0xf0, 0x00, 0x00, 0x0f, 0xfc, 0x00,
    0x00, 0xdf, 0xf0, 0x00, 0x00, 0x00, 0x00, 0x0b,
    0xff, 0xf0, 0x00, 0x00, 0x0f, 0xfc, 0x00, 0x00,
    0xdf, 0xf0, 0x00, 0x00, 0x00, 0x00, 0x1f, 0xff,
    0xf8, 0x00, 0x00, 0x0f, 0xfc, 0x00, 0x00, 0xdf,
    0xf0, 0x00, 0x00, 0x00, 0x00, 0x6f, 0xff, 0xff,
    0x60, 0x00, 0x0f, 0xfb, 0x00, 0x00, 0xdf, 0xf0,
    0x00, 0x00, 0x00, 0x00, 0xdf, 0xff, 0xff, 0xf5,
    0x00, 0x0f, 0xfa, 0x00, 0x00, 0xdf, 0xf0, 0x00,
    0x00, 0x00, 0x04, 0xff, 0xdf, 0xfc, 0xff, 0x30,
    0x1f, 0xf9, 0x00, 0x00, 0xdf, 0xf0, 0x00, 0x00,
    0x00, 0x0c, 0xfa, 0xcf, 0xf1, 0xff, 0xe2, 0x3f,
    0xf8, 0x00, 0x00, 0xdf, 0xf0, 0x00, 0x00, 0x00,
    0x5f, 0xf3, 0xcf, 0xf0, 0x5f, 0xe1, 0x5f, 0xf6,
    0x00, 0x00, 0xdf, 0xf0, 0x00, 0x00, 0x00, 0xef,
    0xc0, 0xcf, 0xf0, 0x0b, 0x40, 0x8f, 0xf3, 0x00,
    0x00, 0xdf, 0xf0, 0x00, 0x00, 0x0a, 0xff, 0x40,
    0xcf, 0xf0, 0x00, 0x00, 0xbf, 0xf0, 0x00, 0x00,
    0xdf, 0xf0, 0x00, 0x00, 0x1f, 0xfb, 0x00, 0xcf,
    0xf0, 0x00, 0x00, 0xff, 0xc0, 0x00, 0x00, 0xdf,
    0xf0, 0x07, 0x40, 0x08, 0xf2, 0x00, 0xcf, 0xf0,
    0x00, 0x05, 0xff, 0x70, 0x00, 0x00, 0xdf, 0xf0,
    0x09, 0xf7, 0x01, 0x70, 0x00, 0xcf, 0xf0, 0x00,
    0x0c, 0xff, 0x20, 0x00, 0x00, 0xdf, 0xf0, 0x0a,
    0xf7, 0x00, 0x00, 0x00, 0xcf, 0xf0, 0x00, 0x4f,
    0xfb, 0x00, 0x00, 0x00, 0xdf, 0xf0, 0x0b, 0xf6,
    0x00, 0x00, 0x00, 0xcf, 0xf0, 0x00, 0xef, 0xf3,
    0x00, 0x00, 0x00, 0xdf, 0xf0, 0x0c, 0xf5, 0x00,
    0x00, 0x00, 0xcf, 0xf0, 0x0b, 0xff, 0xa0, 0x00,
    0x00, 0x00, 0xcf, 0xfa, 0xaf, 0xf4, 0x00, 0x00,
    0x00, 0xcf, 0xf0, 0x4f, 0xfd, 0x10, 0x00, 0x00,
    0x00, 0x9f, 0xff, 0xff, 0xf0, 0x00, 0x00, 0x00,
    0xcf, 0xf0, 0x03, 0xc2, 0x00, 0x00, 0x00, 0x00,
    0x1a, 0xff, 0xfd, 0x40,

    /* U+67E5 "查" */
    0x00, 0x00, 0x00, 0x00, 0x00, 0x00, 0x01, 0x22,
    0x00, 0x00, 0x00, 0x00, 0x00, 0x00, 0x00, 0x00,
    0x00, 0x00, 0x00, 0x00, 0x00, 0x08, 0xff, 0x50,
    0x00, 0x00, 0x00, 0x00, 0x00, 0x00, 0x00, 0x00,
    0x00, 0x00, 0x00, 0x00, 0x08, 0xff, 0x50, 0x00,
    0x00, 0x00, 0x00, 0x00, 0x00, 0x00, 0x00, 0x00,
    0x00, 0x00, 0x00, 0x08, 0xff, 0x50, 0x00, 0x00,
    0x00, 0x00, 0x00, 0x00, 0x02, 0x88, 0x88, 0x88,
    0x88, 0x88, 0x8c, 0xff, 0xb8, 0x88, 0x88, 0x88,
    0x88, 0x88, 0x30, 0x05, 0xff, 0xff, 0xff, 0xff,
    0xff, 0xff, 0xff, 0xff, 0xff, 0xff, 0xff, 0xff,
    0xff, 0x60, 0x05, 0xff, 0xff, 0xff, 0xff, 0xff,
    0xff, 0xff, 0xff, 0xff, 0xff, 0xff, 0xff, 0xff,
    0x50, 0x00, 0x00, 0x00, 0x00, 0x01, 0xdf, 0xfd,
    0xff, 0xdf, 0xfb, 0x00, 0x00, 0x00, 0x00, 0x00,
    0x00, 0x00, 0x00, 0x00, 0x2d, 0xff, 0x98, 0xff,
    0x5a, 0xff, 0xc1, 0x00, 0x00, 0x00, 0x00, 0x00,
    0x00, 0x00, 0x05, 0xff, 0xf9, 0x08, 0xff, 0x50,
    0xaf, 0xfe, 0x50, 0x00, 0x00, 0x00, 0x00, 0x00,
    0x01, 0xaf, 0xff, 0x80, 0x08, 0xff, 0x50, 0x08,
    0xff, 0xfb, 0x20, 0x00, 0x00, 0x00, 0x00, 0x8f,
    0xff, 0xf6, 0x00, 0x08, 0xff, 0x50, 0x00, 0x5f,
    0xff, 0xfa, 0x20, 0x00, 0x02, 0x8f, 0xff, 0xfd,
    0x20, 0x00, 0x06, 0xdd, 0x40, 0x00, 0x02, 0xcf,
    0xff, 0xfc, 0x60, 0x0a, 0xff, 0xff, 0x93, 0x33,
    0x33, 0x33, 0x33, 0x33, 0x33, 0x33, 0x37, 0xef,
    0xff, 0x50, 0x00, 0xcf, 0x91, 0x9f, 0xff, 0xff,
    0xff, 0xff, 0xff, 0xff, 0xff, 0xf7, 0x06, 0xd9,
    0x00, 0x00, 0x11, 0x00, 0x9f, 0xfc, 0xbb, 0xbb,
    0xbb, 0xbb, 0xbb, 0xdf, 0xf7, 0x00, 0x00, 0x00,
    0x00, 0x00, 0x00, 0x9f, 0xf4, 0x00, 0x00, 0x00,
    0x00, 0x00, 0x7f, 0xf7, 0x00, 0x00, 0x00, 0x00,
    0x00, 0x00, 0x9f, 0xfc, 0xaa, 0xaa, 0xaa, 0xaa,
    0xaa, 0xdf, 0xf7, 0x00, 0x00, 0x00, 0x00, 0x00,
    0x00, 0x9f, 0xff, 0xff, 0xff, 0xff, 0xff, 0xff,
    0xff, 0xf7, 0x00, 0x00, 0x00, 0x00, 0x00, 0x00,
    0x9f, 0xf6, 0x33, 0x33, 0x33, 0x33, 0x33, 0x9f,
    0xf7, 0x00, 0x00, 0x00, 0x00, 0x00, 0x00, 0x9f,
    0xf4, 0x00, 0x00, 0x00, 0x00, 0x00, 0x7f, 0xf7,
    0x00, 0x00, 0x00, 0x00, 0x00, 0x00, 0x9f, 0xfc,
    0xbb, 0xbb, 0xbb, 0xbb, 0xbb, 0xdf, 0xf7, 0x00,
    0x00, 0x00, 0x00, 0x00, 0x00, 0x9f, 0xff, 0xff,
    0xff, 0xff, 0xff, 0xff, 0xff, 0xf7, 0x00, 0x00,
    0x00, 0x00, 0x00, 0x00, 0x23, 0x33, 0x33, 0x33,
    0x33, 0x33, 0x33, 0x33, 0x31, 0x00, 0x00, 0x00,
    0x00, 0x00, 0x00, 0x00, 0x00, 0x00, 0x00, 0x00,
    0x00, 0x00, 0x00, 0x00, 0x00, 0x00, 0x00, 0x00,
    0xef, 0xff, 0xff, 0xff, 0xff, 0xff, 0xff, 0xff,
    0xff, 0xff, 0xff, 0xff, 0xff, 0x00, 0x00, 0xff,
    0xff, 0xff, 0xff, 0xff, 0xff, 0xff, 0xff, 0xff,
    0xff, 0xff, 0xff, 0xff, 0x00, 0x00, 0x89, 0x99,
    0x99, 0x99, 0x99, 0x99, 0x99, 0x99, 0x99, 0x99,
    0x99, 0x99, 0x99, 0x00,

    /* U+6807 "标" */
    0x00, 0x00, 0x00, 0x33, 0x20, 0x00, 0x00, 0x00,
    0x00, 0x00, 0x00, 0x00, 0x00, 0x00, 0x00, 0x00,
    0x00, 0x1f, 0xfb, 0x00, 0x00, 0x00, 0x00, 0x00,
    0x00, 0x00, 0x00, 0x00, 0x00, 0x00, 0x00, 0x01,
    0xff, 0xb0, 0x00, 0x00, 0x00, 0x00, 0x00, 0x00,
    0x00, 0x00, 0x00, 0x00, 0x00, 0x00, 0x1f, 0xfb,
    0x00, 0x00, 0x0e, 0xff, 0xff, 0xff, 0xff, 0xff,
    0xff, 0x40, 0x00, 0x00, 0x01, 0xff, 0xb0, 0x00,
    0x00, 0xef, 0xff, 0xff, 0xff, 0xff, 0xff, 0xf4,
    0x00, 0x00, 0x00, 0x1f, 0xfb, 0x00, 0x00, 0x08,
    0x99, 0x99, 0x99, 0x99, 0x99, 0x99, 0x20, 0x00,
    0x00, 0x02, 0xff, 0xb0, 0x00, 0x00, 0x00, 0x00,
    0x00, 0x00, 0x00, 0x00, 0x00, 0x00, 0x7f, 0xff,
    0xff, 0xff, 0xff, 0xf7, 0x00, 0x00, 0x00, 0x00,
    0x00, 0x00, 0x00, 0x00, 0x07, 0xff, 0xff, 0xff,
    0xff, 0xff, 0x70, 0x00, 0x00, 0x00, 0x00, 0x00,
    0x00, 0x00, 0x00, 0x4a, 0xaa, 0xef, 0xfe, 0xaa,
    0xa6, 0x44, 0x44, 0x44, 0x44, 0x44, 0x44, 0x44,
    0x43, 0x00, 0x00, 0x0e, 0xff, 0xf2, 0x00, 0x5f,
    0xff, 0xff, 0xff, 0xff, 0xff, 0xff, 0xff, 0xc0,
    0x00, 0x03, 0xff, 0xff, 0xd1, 0x05, 0xff, 0xff,
    0xff, 0xff, 0xff, 0xff, 0xff, 0xfc, 0x00, 0x00,
    0x9f, 0xff, 0xff, 0xb0, 0x26, 0x66, 0x66, 0x6f,
    0xfe, 0x66, 0x66, 0x66, 0x40, 0x00, 0x0f, 0xff,
    0xfd, 0xff, 0x70, 0x00, 0x00, 0x01, 0xff, 0xd0,
    0x00, 0x00, 0x00, 0x00, 0x06, 0xff, 0xff, 0xb7,
    0xff, 0x40, 0x00, 0x00, 0x1f, 0xfd, 0x00, 0x00,
    0x00, 0x00, 0x00, 0xdf, 0xaf, 0xfb, 0x0c, 0xf3,
    0x04, 0x51, 0x01, 0xff, 0xd0, 0x03, 0x80, 0x00,
    0x00, 0x6f, 0xf4, 0xff, 0xb0, 0x39, 0x00, 0xbf,
    0xe0, 0x1f, 0xfd, 0x06, 0xff, 0x40, 0x00, 0x1e,
    0xfc, 0x1f, 0xfb, 0x00, 0x00, 0x0f, 0xfa, 0x01,
    0xff, 0xd0, 0x1f, 0xfb, 0x00, 0x0b, 0xff, 0x41,
    0xff, 0xb0, 0x00, 0x05, 0xff, 0x40, 0x1f, 0xfd,
    0x00, 0x9f, 0xf1, 0x00, 0xdf, 0xd0, 0x1f, 0xfb,
    0x00, 0x00, 0xbf, 0xe0, 0x01, 0xff, 0xd0, 0x03,
    0xff, 0x70, 0x04, 0xf4, 0x01, 0xff, 0xb0, 0x00,
    0x2f, 0xf8, 0x00, 0x1f, 0xfd, 0x00, 0x0e, 0xfd,
    0x00, 0x06, 0x00, 0x1f, 0xfb, 0x00, 0x09, 0xff,
    0x10, 0x01, 0xff, 0xd0, 0x00, 0x9f, 0xf2, 0x00,
    0x00, 0x01, 0xff, 0xb0, 0x02, 0xff, 0xa0, 0x00,
    0x1f, 0xfd, 0x00, 0x04, 0xff, 0x70, 0x00, 0x00,
    0x1f, 0xfb, 0x00, 0xcf, 0xf2, 0x00, 0x01, 0xff,
    0xd0, 0x00, 0x0f, 0xfb, 0x00, 0x00, 0x01, 0xff,
    0xb0, 0x04, 0xe8, 0x00, 0x00, 0x1f, 0xfd, 0x00,
    0x00, 0xbf, 0xa0, 0x00, 0x00, 0x1f, 0xfb, 0x00,
    0x01, 0x00, 0x7d, 0xdd, 0xff, 0xc0, 0x00, 0x03,
    0x10, 0x00, 0x00, 0x01, 0xff, 0xb0, 0x00, 0x00,
    0x04, 0xff, 0xff, 0xf8, 0x00, 0x00, 0x00, 0x00,
    0x00, 0x00, 0x1f, 0xfb, 0x00, 0x00, 0x00, 0x0f,
    0xff, 0xe8, 0x00, 0x00, 0x00, 0x00, 0x00, 0x00,
    0x00, 0x22, 0x10, 0x00, 0x00, 0x00, 0x00, 0x00,
    0x00, 0x00, 0x00, 0x00, 0x00,

    /* U+683C "格" */
    0x00, 0x00, 0x00, 0x55, 0x30, 0x00, 0x00, 0x00,
    0x02, 0x10, 0x00, 0x00, 0x00, 0x00, 0x00, 0x00,
    0x00, 0x01, 0xff, 0xa0, 0x00, 0x00, 0x00, 0x0d,
    0xfc, 0x00, 0x00, 0x00, 0x00, 0x00, 0x00, 0x00,
    0x01, 0xff, 0xa0, 0x00, 0x00, 0x00, 0x5f, 0xfb,
    0x00, 0x00, 0x00, 0x00, 0x00, 0x00, 0x00, 0x01,
    0xff, 0xa0, 0x00, 0x00, 0x00, 0xdf, 0xf5, 0x11,
    0x11, 0x22, 0x00, 0x00, 0x00, 0x00, 0x01, 0xff,
    0xa0, 0x00, 0x00, 0x06, 0xff, 0xff, 0xff, 0xff,
    0xff, 0xa0, 0x00, 0x00, 0x00, 0x01, 0xff, 0xa0,
    0x00, 0x00, 0x2f, 0xff, 0xff, 0xff, 0xff, 0xff,
    0xc0, 0x00, 0x00, 0x00, 0x01, 0xff, 0xa0, 0x00,
    0x00, 0xcf, 0xfb, 0x55, 0x55, 0x5b, 0xff, 0x60,
    0x00, 0x05, 0xff, 0xff, 0xff, 0xff, 0xff, 0x4a,
    0xff, 0xfd, 0x00, 0x00, 0x1f, 0xfe, 0x00, 0x00,
    0x05, 0xff, 0xff, 0xff, 0xff, 0xff, 0xcf, 0xff,
    0xff, 0x70, 0x00, 0xbf, 0xf6, 0x00, 0x00, 0x03,
    0xaa, 0xac, 0xff, 0xea, 0xaf, 0xff, 0xf5, 0xcf,
    0xf4, 0x06, 0xff, 0xc0, 0x00, 0x00, 0x00, 0x00,
    0x08, 0xff, 0xa0, 0x03, 0xef, 0x70, 0x2f, 0xff,
    0x6f, 0xff, 0x20, 0x00, 0x00, 0x00, 0x00, 0x0d,
    0xff, 0xf4, 0x00, 0x26, 0x00, 0x06, 0xff, 0xff,
    0xf5, 0x00, 0x00, 0x00, 0x00, 0x00, 0x2f, 0xff,
    0xff, 0x20, 0x00, 0x00, 0x00, 0xaf, 0xff, 0xa0,
    0x00, 0x00, 0x00, 0x00, 0x00, 0x7f, 0xff, 0xff,
    0xd1, 0x00, 0x00, 0x08, 0xff, 0xff, 0xf8, 0x00,
    0x00, 0x00, 0x00, 0x00, 0xdf, 0xff, 0xbf, 0xfb,
    0x00, 0x02, 0xcf, 0xff, 0xbf, 0xff, 0xd4, 0x00,
    0x00, 0x00, 0x03, 0xff, 0xff, 0xa6, 0xff, 0x21,
    0x9f, 0xff, 0xf5, 0x05, 0xff, 0xff, 0xc5, 0x00,
    0x00, 0x0b, 0xfa, 0xff, 0xa0, 0xc9, 0x9f, 0xff,
    0xfb, 0x20, 0x00, 0x1b, 0xff, 0xff, 0xe3, 0x00,
    0x2f, 0xf4, 0xff, 0xa0, 0x5f, 0xff, 0xff, 0xc7,
    0x77, 0x77, 0x77, 0xbf, 0xff, 0xa0, 0x00, 0xbf,
    0xc1, 0xff, 0xa0, 0x09, 0xfe, 0xff, 0xff, 0xff,
    0xff, 0xff, 0xff, 0xea, 0x10, 0x04, 0xff, 0x51,
    0xff, 0xa0, 0x01, 0x40, 0xff, 0xff, 0xff, 0xff,
    0xff, 0xff, 0xd0, 0x00, 0x0e, 0xfd, 0x01, 0xff,
    0xa0, 0x00, 0x00, 0xff, 0x90, 0x00, 0x00, 0x00,
    0xef, 0xd0, 0x00, 0x07, 0xf5, 0x01, 0xff, 0xa0,
    0x00, 0x00, 0xff, 0x90, 0x00, 0x00, 0x00, 0xef,
    0xd0, 0x00, 0x00, 0x90, 0x01, 0xff, 0xa0, 0x00,
    0x00, 0xff, 0x90, 0x00, 0x00, 0x00, 0xef, 0xd0,
    0x00, 0x00, 0x00, 0x01, 0xff, 0xa0, 0x00, 0x00,
    0xff, 0x90, 0x00, 0x00, 0x00, 0xef, 0xd0, 0x00,
    0x00, 0x00, 0x01, 0xff, 0xa0, 0x00, 0x00, 0xff,
    0xa2, 0x22, 0x22, 0x22, 0xff, 0xd0, 0x00, 0x00,
    0x00, 0x01, 0xff, 0xa0, 0x00, 0x00, 0xff, 0xff,
    0xff, 0xff, 0xff, 0xff, 0xd0, 0x00, 0x00, 0x00,
    0x01, 0xff, 0xa0, 0x00, 0x00, 0xff, 0xff, 0xff,
    0xff, 0xff, 0xff, 0xd0, 0x00, 0x00, 0x00, 0x01,
    0xff, 0xa0, 0x00, 0x00, 0xff, 0xb5, 0x55, 0x55,
    0x55, 0xff, 0xd0, 0x00, 0x00, 0x00, 0x00, 0x00,
    0x00, 0x00, 0x00, 0x11, 0x10, 0x00, 0x00, 0x00,
    0x00, 0x00, 0x00,

    /* U+6A21 "模" */
    0x00, 0x00, 0x05, 0x53, 0x00, 0x00, 0x00, 0x05,
    0x53, 0x00, 0x01, 0x55, 0x10, 0x00, 0x00, 0x00,
    0x01, 0xff, 0xa0, 0x00, 0x00, 0x00, 0xff, 0x90,
    0x00, 0x5f, 0xf6, 0x00, 0x00, 0x00, 0x00, 0x1f,
    0xfa, 0x00, 0x00, 0x00, 0x1f, 0xf9, 0x00, 0x05,
    0xff, 0x60, 0x00, 0x00, 0x00, 0x01, 0xff, 0xa0,
    0x00, 0xff, 0xff, 0xff, 0xff, 0xff, 0xff, 0xff,
    0xff, 0xf3, 0x00, 0x00, 0x1f, 0xfa, 0x00, 0x0f,
    0xff, 0xff, 0xff, 0xff, 0xff, 0xff, 0xff, 0xff,
    0x30, 0x00, 0x01, 0xff, 0xa0, 0x00, 0x55, 0x55,
    0xff, 0xb5, 0x55, 0x8f, 0xf9, 0x55, 0x51, 0x05,
    0xaa, 0xaf, 0xfe, 0xaa, 0x50, 0x00, 0x0f, 0xf9,
    0x00, 0x05, 0xff, 0x60, 0x00, 0x00, 0x9f, 0xff,
    0xff, 0xff, 0xf9, 0x01, 0x11, 0x77, 0x51, 0x11,
    0x37, 0x73, 0x11, 0x00, 0x09, 0xff, 0xff, 0xff,
    0xff, 0x90, 0xff, 0xff, 0xff, 0xff, 0xff, 0xff,
    0xff, 0xb0, 0x00, 0x00, 0x03, 0xff, 0xa0, 0x00,
    0x0f, 0xff, 0xff, 0xff, 0xff, 0xff, 0xff, 0xfb,
    0x00, 0x00, 0x00, 0x5f, 0xfc, 0x00, 0x00, 0xff,
    0xa0, 0x00, 0x00, 0x00, 0x00, 0xff, 0xb0, 0x00,
    0x00, 0x09, 0xff, 0xf7, 0x00, 0x0f, 0xfa, 0x11,
    0x11, 0x11, 0x11, 0x1f, 0xfb, 0x00, 0x00, 0x00,
    0xef, 0xff, 0xf2, 0x00, 0xff, 0xff, 0xff, 0xff,
    0xff, 0xff, 0xff, 0xb0, 0x00, 0x00, 0x3f, 0xff,
    0xff, 0xc0, 0x0f, 0xff, 0xee, 0xee, 0xee, 0xee,
    0xef, 0xfb, 0x00, 0x00, 0x09, 0xff, 0xfc, 0xff,
    0x60, 0xff, 0xa0, 0x00, 0x00, 0x00, 0x00, 0xff,
    0xb0, 0x00, 0x00, 0xef, 0xff, 0xaa, 0xff, 0x1f,
    0xfd, 0x99, 0x99, 0x99, 0x99, 0x9f, 0xfb, 0x00,
    0x00, 0x5f, 0xff, 0xfa, 0x3f, 0xa0, 0xff, 0xff,
    0xff, 0xff, 0xff, 0xff, 0xff, 0xb0, 0x00, 0x0d,
    0xfa, 0xff, 0xa0, 0x80, 0x07, 0x77, 0x77, 0x8f,
    0xfc, 0x77, 0x77, 0x75, 0x00, 0x05, 0xff, 0x4f,
    0xfa, 0x00, 0x00, 0x00, 0x00, 0x03, 0xff, 0x80,
    0x00, 0x00, 0x00, 0x00, 0xef, 0xc1, 0xff, 0xa0,
    0x04, 0x55, 0x55, 0x55, 0x9f, 0xf9, 0x55, 0x55,
    0x55, 0x51, 0x0d, 0xf6, 0x1f, 0xfa, 0x00, 0xdf,
    0xff, 0xff, 0xff, 0xff, 0xff, 0xff, 0xff, 0xff,
    0x30, 0x5d, 0x01, 0xff, 0xa0, 0x0d, 0xff, 0xff,
    0xff, 0xff, 0xff, 0xff, 0xff, 0xff, 0xf3, 0x00,
    0x30, 0x1f, 0xfa, 0x00, 0x00, 0x00, 0x00, 0xbf,
    0xfa, 0xff, 0x90, 0x00, 0x00, 0x00, 0x00, 0x01,
    0xff, 0xa0, 0x00, 0x00, 0x00, 0xaf, 0xfd, 0x0a,
    0xff, 0x90, 0x00, 0x00, 0x00, 0x00, 0x1f, 0xfa,
    0x00, 0x00, 0x05, 0xdf, 0xfe, 0x20, 0x0c, 0xff,
    0xd5, 0x00, 0x00, 0x00, 0x01, 0xff, 0xa0, 0x15,
    0x9e, 0xff, 0xfc, 0x20, 0x00, 0x1c, 0xff, 0xfd,
    0x83, 0x00, 0x00, 0x1f, 0xfa, 0x03, 0xff, 0xff,
    0xe6, 0x00, 0x00, 0x00, 0x07, 0xff, 0xff, 0x50,
    0x00, 0x01, 0xff, 0xa0, 0x06, 0xe9, 0x40, 0x00,
    0x00, 0x00, 0x00, 0x01, 0x7c, 0x80, 0x00, 0x00,
    0x00, 0x00, 0x00, 0x00, 0x00, 0x00, 0x00, 0x00,
    0x00, 0x00, 0x00, 0x00, 0x00,

    /* U+6B21 "次" */
    0x00, 0x00, 0x00, 0x00, 0x00, 0x00, 0x00, 0x00,
    0x00, 0x00, 0x00, 0x00, 0x00, 0x00, 0x00, 0x00,
    0x00, 0x00, 0x00, 0x00, 0xbe, 0xb3, 0x00, 0x00,
    0x00, 0x00, 0x00, 0x00, 0x00, 0x00, 0x00, 0x00,
    0x00, 0x00, 0xff, 0xf2, 0x00, 0x00, 0x00, 0x00,
    0x00, 0x00, 0x04, 0xd5, 0x00, 0x00, 0x00, 0x03,
    0xff, 0xe0, 0x00, 0x00, 0x00, 0x00, 0x00, 0x00,
    0x2f, 0xff, 0xb2, 0x00, 0x00, 0x07, 0xff, 0xa0,
    0x00, 0x00, 0x00, 0x00, 0x00, 0x00, 0x19, 0xff,
    0xff, 0x60, 0x00, 0x0c, 0xff, 0x83, 0x33, 0x33,
    0x33, 0x33, 0x42, 0x00, 0x00, 0x3e, 0xff, 0xfa,
    0x00, 0x1f, 0xff, 0xff, 0xff, 0xff, 0xff, 0xff,
    0xff, 0x80, 0x00, 0x00, 0xaf, 0xfb, 0x00, 0x7f,
    0xff, 0xff, 0xff, 0xff, 0xff, 0xff, 0xff, 0xf0,
    0x00, 0x00, 0x07, 0xe1, 0x00, 0xdf, 0xfc, 0xaa,
    0xaa, 0xaa, 0xaa, 0xac, 0xff, 0xb0, 0x00, 0x00,
    0x00, 0x10, 0x05, 0xff, 0xf0, 0x00, 0x22, 0x20,
    0x00, 0x0a, 0xff, 0x60, 0x00, 0x00, 0x00, 0x00,
    0x0c, 0xff, 0x90, 0x03, 0xff, 0xd0, 0x00, 0x0e,
    0xff, 0x10, 0x00, 0x00, 0x00, 0x00, 0x5f, 0xff,
    0x20, 0x03, 0xff, 0xd0, 0x00, 0x4f, 0xfa, 0x00,
    0x00, 0x00, 0x00, 0x01, 0xef, 0xf9, 0x00, 0x03,
    0xff, 0xd0, 0x00, 0xaf, 0xf4, 0x00, 0x00, 0x00,
    0x00, 0x04, 0xef, 0xf1, 0x00, 0x04, 0xff, 0xc0,
    0x01, 0xff, 0xd0, 0x00, 0x00, 0x00, 0x00, 0x10,
    0x08, 0x60, 0x00, 0x05, 0xff, 0xe0, 0x00, 0x7e,
    0x60, 0x00, 0x00, 0x00, 0x04, 0xf4, 0x00, 0x00,
    0x00, 0x08, 0xff, 0xf3, 0x00, 0x00, 0x00, 0x00,
    0x00, 0x00, 0x0d, 0xff, 0x30, 0x00, 0x00, 0x0b,
    0xff, 0xf8, 0x00, 0x00, 0x00, 0x00, 0x00, 0x00,
    0x8f, 0xfd, 0x00, 0x00, 0x00, 0x0f, 0xff, 0xfe,
    0x00, 0x00, 0x00, 0x00, 0x00, 0x03, 0xff, 0xf4,
    0x00, 0x00, 0x00, 0x5f, 0xff, 0xff, 0x40, 0x00,
    0x00, 0x00, 0x00, 0x0c, 0xff, 0xb0, 0x00, 0x00,
    0x00, 0xdf, 0xfa, 0xff, 0xc0, 0x00, 0x00, 0x00,
    0x00, 0x7f, 0xff, 0x20, 0x00, 0x00, 0x06, 0xff,
    0xf2, 0xbf, 0xf5, 0x00, 0x00, 0x00, 0x03, 0xff,
    0xf7, 0x00, 0x00, 0x00, 0x2f, 0xff, 0x90, 0x3f,
    0xfe, 0x10, 0x00, 0x00, 0x0d, 0xff, 0xd0, 0x00,
    0x00, 0x01, 0xdf, 0xfe, 0x10, 0x0a, 0xff, 0xc0,
    0x00, 0x00, 0x9f, 0xff, 0x40, 0x00, 0x00, 0x1d,
    0xff, 0xf4, 0x00, 0x01, 0xef, 0xfb, 0x00, 0x00,
    0x3e, 0xf9, 0x00, 0x00, 0x03, 0xef, 0xff, 0x70,
    0x00, 0x00, 0x4f, 0xff, 0xd3, 0x00, 0x01, 0x91,
    0x00, 0x00, 0x9f, 0xff, 0xf7, 0x00, 0x00, 0x00,
    0x06, 0xff, 0xff, 0xa3, 0x00, 0x00, 0x00, 0x5e,
    0xff, 0xff, 0x50, 0x00, 0x00, 0x00, 0x00, 0x5f,
    0xff, 0xf8, 0x00, 0x00, 0x00, 0x0c, 0xff, 0xb2,
    0x00, 0x00, 0x00, 0x00, 0x00, 0x02, 0xbf, 0xb0,
    0x00, 0x00, 0x00, 0x01, 0xb5, 0x00, 0x00, 0x00,
    0x00, 0x00, 0x00, 0x00, 0x04, 0x10,

    /* U+6B65 "步" */
    0x00, 0x00, 0x00, 0x00, 0x00, 0x00, 0x07, 0x77,
    0x10, 0x00, 0x00, 0x00, 0x00, 0x00, 0x00, 0x00,
    0x00, 0x00, 0x00, 0x00, 0x0f, 0xff, 0x30, 0x00,
    0x00, 0x00, 0x00, 0x00, 0x00, 0x00, 0x02, 0x22,
    0x00, 0x00, 0x0f, 0xff, 0x30, 0x00, 0x00, 0x00,
    0x00, 0x00, 0x00, 0x00, 0x0f, 0xfe, 0x00, 0x00,
    0x0f, 0xff, 0xba, 0xaa, 0xaa, 0xaa, 0x70, 0x00,
    0x00, 0x00, 0x0f, 0xfe, 0x00, 0x00, 0x0f, 0xff,
    0xff, 0xff, 0xff, 0xff, 0xc0, 0x00, 0x00, 0x00,
    0x0f, 0xfe, 0x00, 0x00, 0x0f, 0xff, 0xff, 0xff,
    0xff, 0xff, 0xc0, 0x00, 0x00, 0x00, 0x0f, 0xfe,
    0x00, 0x00, 0x0f, 0xff, 0x40, 0x00, 0x00, 0x00,
    0x00, 0x00, 0x00, 0x00, 0x0f, 0xfe, 0x00, 0x00,
    0x0f, 0xff, 0x30, 0x00, 0x00, 0x00, 0x00, 0x00,
    0x00, 0x00, 0x0f, 0xfe, 0x00, 0x00, 0x0f, 0xff,
    0x30, 0x00, 0x00, 0x00, 0x00, 0x00, 0x29, 0x99,
    0x9f, 0xff, 0x99, 0x99, 0x9f, 0xff, 0xa9, 0x99,
    0x99, 0x99, 0x99, 0x92, 0x5f, 0xff, 0xff, 0xff,
    0xff, 0xff, 0xff, 0xff, 0xff, 0xff, 0xff, 0xff,
    0xff, 0xf4, 0x5f, 0xff, 0xff, 0xff, 0xff, 0xff,
    0xff, 0xff, 0xff, 0xff, 0xff, 0xff, 0xff, 0xf4,
    0x01, 0x11, 0x11, 0x11, 0x11, 0x11, 0x3f, 0xff,
    0x11, 0x11, 0x11, 0x11, 0x11, 0x10, 0x00, 0x00,
    0x00, 0x09, 0x71, 0x00, 0x1f, 0xfe, 0x00, 0x00,
    0x00, 0x52, 0x00, 0x00, 0x00, 0x00, 0x00, 0x6f,
    0xfe, 0x00, 0x1f, 0xfe, 0x00, 0x00, 0x01, 0xff,
    0xa1, 0x00, 0x00, 0x00, 0x04, 0xff, 0xf5, 0x00,
    0x1f, 0xfe, 0x00, 0x00, 0x0b, 0xff, 0xd0, 0x00,
    0x00, 0x00, 0x3f, 0xff, 0x80, 0x00, 0x1f, 0xfe,
    0x00, 0x00, 0x6f, 0xff, 0x30, 0x00, 0x00, 0x04,
    0xff, 0xfb, 0x00, 0x00, 0x1f, 0xfe, 0x00, 0x04,
    0xff, 0xf8, 0x00, 0x00, 0x00, 0x7f, 0xff, 0xb0,
    0x00, 0x00, 0x1f, 0xfe, 0x00, 0x4f, 0xff, 0xc0,
    0x00, 0x00, 0x04, 0xff, 0xfb, 0x00, 0x00, 0x00,
    0x1f, 0xfe, 0x07, 0xff, 0xfd, 0x10, 0x00, 0x00,
    0x00, 0x6f, 0xa0, 0x00, 0x00, 0x00, 0x1f, 0xff,
    0xbf, 0xff, 0xc1, 0x00, 0x00, 0x00, 0x00, 0x03,
    0x00, 0x00, 0x00, 0x00, 0x05, 0xcf, 0xff, 0xfb,
    0x00, 0x00, 0x00, 0x00, 0x00, 0x00, 0x00, 0x00,
    0x00, 0x01, 0x8e, 0xff, 0xff, 0x70, 0x00, 0x00,
    0x00, 0x00, 0x00, 0x00, 0x00, 0x00, 0x16, 0xbf,
    0xff, 0xff, 0xb2, 0x00, 0x00, 0x00, 0x00, 0x00,
    0x00, 0x00, 0x25, 0x9d, 0xff, 0xff, 0xff, 0xb3,
    0x00, 0x00, 0x00, 0x00, 0x00, 0x00, 0x3a, 0xcf,
    0xff, 0xff, 0xff, 0xfe, 0x92, 0x00, 0x00, 0x00,
    0x00, 0x00, 0x00, 0x00, 0x0d, 0xff, 0xff, 0xff,
    0xd9, 0x40, 0x00, 0x00, 0x00, 0x00, 0x00, 0x00,
    0x00, 0x00, 0x05, 0xff, 0xc9, 0x51, 0x00, 0x00,
    0x00, 0x00, 0x00, 0x00, 0x00, 0x00, 0x00, 0x00,
    0x00, 0x10, 0x00, 0x00, 0x00, 0x00, 0x00, 0x00,
    0x00, 0x00, 0x00, 0x00, 0x00, 0x00,

    /* U+6BCF "每" */
    0x00, 0x00, 0x00, 0x06, 0x20, 0x00, 0x00, 0x00,
    0x00, 0x00, 0x00, 0x00, 0x00, 0x00, 0x00, 0x00,
    0x00, 0x7f, 0xf9, 0x00, 0x00, 0x00, 0x00, 0x00,
    0x00, 0x00, 0x00, 0x00, 0x00, 0x00, 0x00, 0xef,
    0xf3, 0x00, 0x00, 0x00, 0x00, 0x00, 0x00, 0x00,
    0x00, 0x00, 0x00, 0x00, 0x06, 0xff, 0xe8, 0x88,
    0x88, 0x88, 0x88, 0x88, 0x88, 0x88, 0x88, 0x70,
    0x00, 0x00, 0x1e, 0xff, 0xff, 0xff, 0xff, 0xff,
    0xff, 0xff, 0xff, 0xff, 0xff, 0xe0, 0x00, 0x00,
    0x9f, 0xff, 0xff, 0xff, 0xff, 0xff, 0xff, 0xff,
    0xff, 0xff, 0xff, 0xe0, 0x00, 0x04, 0xff, 0xf2,
    0x00, 0x00, 0x00, 0x00, 0x00, 0x00, 0x00, 0x00,
    0x00, 0x00, 0x00, 0x1e, 0xff, 0x60, 0x00, 0x00,
    0x00, 0x00, 0x00, 0x00, 0x00, 0x00, 0x00, 0x00,
    0x00, 0xcf, 0xfc, 0x01, 0x10, 0x00, 0x00, 0x00,
    0x00, 0x00, 0x01, 0x00, 0x00, 0x00, 0x0b, 0xff,
    0xe8, 0xff, 0xff, 0xff, 0xff, 0xff, 0xff, 0xff,
    0xff, 0xfc, 0x00, 0x00, 0x8f, 0xff, 0x38, 0xff,
    0xff, 0xff, 0xff, 0xff, 0xff, 0xff, 0xff, 0xfc,
    0x00, 0x00, 0x06, 0xf6, 0x0a, 0xff, 0x87, 0x79,
    0xfb, 0x77, 0x77, 0x77, 0x8f, 0xfb, 0x00, 0x00,
    0x00, 0x10, 0x0c, 0xff, 0x00, 0x1e, 0xff, 0xb2,
    0x00, 0x00, 0x1f, 0xfb, 0x00, 0x00, 0x00, 0x00,
    0x0e, 0xfd, 0x00, 0x02, 0xaf, 0xff, 0x70, 0x00,
    0x2f, 0xfa, 0x00, 0x00, 0x00, 0x00, 0x0f, 0xfb,
    0x00, 0x00, 0x03, 0xdf, 0xf3, 0x00, 0x2f, 0xfa,
    0x00, 0x00, 0x69, 0x99, 0xaf, 0xfc, 0x77, 0x77,
    0x77, 0x8f, 0xc7, 0x77, 0x9f, 0xfd, 0x99, 0x98,
    0xbf, 0xff, 0xff, 0xff, 0xff, 0xff, 0xff, 0xff,
    0xff, 0xff, 0xff, 0xff, 0xff, 0xfe, 0xbf, 0xff,
    0xff, 0xfe, 0xee, 0xef, 0xfe, 0xee, 0xee, 0xee,
    0xff, 0xff, 0xff, 0xfe, 0x00, 0x00, 0x9f, 0xf2,
    0x00, 0x5f, 0xf8, 0x00, 0x00, 0x00, 0x5f, 0xf7,
    0x00, 0x00, 0x00, 0x00, 0xbf, 0xf0, 0x00, 0x4c,
    0xff, 0xe4, 0x00, 0x00, 0x6f, 0xf6, 0x00, 0x00,
    0x00, 0x00, 0xef, 0xe0, 0x00, 0x00, 0x6f, 0xff,
    0x80, 0x00, 0x8f, 0xf5, 0x00, 0x00, 0x00, 0x00,
    0xff, 0xb0, 0x00, 0x00, 0x02, 0xcf, 0x90, 0x00,
    0x9f, 0xf3, 0x00, 0x00, 0x00, 0x03, 0xff, 0xff,
    0xff, 0xff, 0xff, 0xff, 0xff, 0xff, 0xff, 0xff,
    0xff, 0xc0, 0x00, 0x06, 0xff, 0xff, 0xff, 0xff,
    0xff, 0xff, 0xff, 0xff, 0xff, 0xff, 0xff, 0xd0,
    0x00, 0x04, 0x89, 0x88, 0x88, 0x88, 0x88, 0x88,
    0x88, 0x89, 0xff, 0xe8, 0x88, 0x70, 0x00, 0x00,
    0x00, 0x00, 0x00, 0x00, 0x00, 0x02, 0x22, 0x29,
    0xff, 0xa0, 0x00, 0x00, 0x00, 0x00, 0x00, 0x00,
    0x00, 0x00, 0x00, 0x08, 0xff, 0xff, 0xff, 0x30,
    0x00, 0x00, 0x00, 0x00, 0x00, 0x00, 0x00, 0x00,
    0x00, 0x03, 0xff, 0xff, 0xc4, 0x00, 0x00, 0x00,
    0x00, 0x00, 0x00, 0x00, 0x00, 0x00, 0x00, 0x00,
    0x00, 0x00, 0x00, 0x00, 0x00, 0x00,

    /* U+6C14 "气" */
    0x00, 0x00, 0x00, 0x02, 0x20, 0x00, 0x00, 0x00,
    0x00, 0x00, 0x00, 0x00, 0x00, 0x00, 0x00, 0x00,
    0x00, 0x00, 0x0d, 0xfe, 0x20, 0x00, 0x00, 0x00,
    0x00, 0x00, 0x00, 0x00, 0x00, 0x00, 0x00, 0x00,
    0x00, 0x3f, 0xfe, 0x00, 0x00, 0x00, 0x00, 0x00,
    0x00, 0x00, 0x00, 0x00, 0x00, 0x00, 0x00, 0x00,
    0xaf, 0xf9, 0x22, 0x22, 0x22, 0x22, 0x22, 0x22,
    0x22, 0x22, 0x22, 0x00, 0x00, 0x00, 0x02, 0xff,
    0xff, 0xff, 0xff, 0xff, 0xff, 0xff, 0xff, 0xff,
    0xff, 0xfe, 0x00, 0x00, 0x00, 0x0a, 0xff, 0xff,
    0xff, 0xff, 0xff, 0xff, 0xff, 0xff, 0xff, 0xff,
    0xfe, 0x00, 0x00, 0x00, 0x3f, 0xff, 0x44, 0x44,
    0x44, 0x44, 0x44, 0x44, 0x44, 0x44, 0x44, 0x43,
    0x00, 0x00, 0x00, 0xdf, 0xf7, 0x00, 0x00, 0x00,
    0x00, 0x00, 0x00, 0x00, 0x00, 0x00, 0x00, 0x00,
    0x00, 0x09, 0xff, 0xd4, 0xff, 0xff, 0xff, 0xff,
    0xff, 0xff, 0xff, 0xff, 0xf8, 0x00, 0x00, 0x00,
    0x6f, 0xff, 0x34, 0xff, 0xff, 0xff, 0xff, 0xff,
    0xff, 0xff, 0xff, 0xf9, 0x00, 0x00, 0x05, 0xff,
    0xf8, 0x01, 0x66, 0x66, 0x66, 0x66, 0x66, 0x66,
    0x66, 0x66, 0x63, 0x00, 0x00, 0x1e, 0xff, 0xb0,
    0x00, 0x00, 0x00, 0x00, 0x00, 0x00, 0x00, 0x00,
    0x00, 0x00, 0x00, 0x00, 0x02, 0xcd, 0x48, 0x88,
    0x88, 0x88, 0x88, 0x88, 0x88, 0x88, 0x88, 0x82,
    0x00, 0x00, 0x00, 0x00, 0x01, 0x7f, 0xff, 0xff,
    0xff, 0xff, 0xff, 0xff, 0xff, 0xff, 0xf5, 0x00,
    0x00, 0x00, 0x00, 0x00, 0x6f, 0xff, 0xff, 0xff,
    0xff, 0xff, 0xff, 0xff, 0xff, 0xf5, 0x00, 0x00,
    0x00, 0x00, 0x00, 0x00, 0x00, 0x00, 0x00, 0x00,
    0x00, 0x00, 0x00, 0x7f, 0xf6, 0x00, 0x00, 0x00,
    0x00, 0x00, 0x00, 0x00, 0x00, 0x00, 0x00, 0x00,
    0x00, 0x00, 0x6f, 0xf7, 0x00, 0x00, 0x00, 0x00,
    0x00, 0x00, 0x00, 0x00, 0x00, 0x00, 0x00, 0x00,
    0x00, 0x5f, 0xf8, 0x00, 0x00, 0x00, 0x00, 0x00,
    0x00, 0x00, 0x00, 0x00, 0x00, 0x00, 0x00, 0x00,
    0x3f, 0xfa, 0x00, 0x00, 0x00, 0x00, 0x00, 0x00,
    0x00, 0x00, 0x00, 0x00, 0x00, 0x00, 0x00, 0x1f,
    0xfc, 0x00, 0x00, 0x00, 0x00, 0x00, 0x00, 0x00,
    0x00, 0x00, 0x00, 0x00, 0x00, 0x00, 0x0f, 0xfe,
    0x00, 0x00, 0x00, 0x00, 0x00, 0x00, 0x00, 0x00,
    0x00, 0x00, 0x00, 0x00, 0x00, 0x0c, 0xff, 0x10,
    0x03, 0x00, 0x00, 0x00, 0x00, 0x00, 0x00, 0x00,
    0x00, 0x00, 0x00, 0x00, 0x09, 0xff, 0x50, 0x0e,
    0x60, 0x00, 0x00, 0x00, 0x00, 0x00, 0x00, 0x00,
    0x00, 0x00, 0x00, 0x05, 0xff, 0xa0, 0x0f, 0xf0,
    0x00, 0x00, 0x00, 0x00, 0x00, 0x00, 0x00, 0x00,
    0x00, 0x00, 0x00, 0xff, 0xf3, 0x2f, 0xe0, 0x00,
    0x00, 0x00, 0x00, 0x00, 0x00, 0x00, 0x00, 0x00,
    0x00, 0x00, 0x8f, 0xff, 0xef, 0xb0, 0x00, 0x00,
    0x00, 0x00, 0x00, 0x00, 0x00, 0x00, 0x00, 0x00,
    0x00, 0x0d, 0xff, 0xff, 0x70, 0x00, 0x00, 0x00,
    0x00, 0x00, 0x00, 0x00, 0x00, 0x00, 0x00, 0x00,
    0x01, 0xae, 0xfa, 0x00,

    /* U+6C60 "池" */
    0x00, 0x00, 0x00, 0x00, 0x00, 0x00, 0x00, 0x00,
    0x00, 0x00, 0x00, 0x00, 0x00, 0x00, 0x00, 0x00,
    0xa6, 0x00, 0x00, 0x00, 0x00, 0x00, 0x00, 0xbf,
    0xf1, 0x00, 0x00, 0x00, 0x00, 0x00, 0x8f, 0xfe,
    0x60, 0x00, 0x00, 0x00, 0x00, 0x0b, 0xff, 0x10,
    0x00, 0x00, 0x00, 0x00, 0x08, 0xff, 0xff, 0xd3,
    0x00, 0x11, 0x10, 0x00, 0xbf, 0xf1, 0x00, 0x00,
    0x00, 0x00, 0x00, 0x01, 0x9f, 0xff, 0xb0, 0x1f,
    0xfb, 0x00, 0x0b, 0xff, 0x10, 0x00, 0x00, 0x00,
    0x00, 0x00, 0x00, 0x3d, 0xf2, 0x01, 0xff, 0xb0,
    0x00, 0xbf, 0xf1, 0x00, 0x00, 0x00, 0x00, 0x00,
    0x00, 0x00, 0x03, 0x00, 0x1f, 0xfb, 0x00, 0x0b,
    0xff, 0x10, 0x03, 0xbe, 0x80, 0x00, 0x00, 0x00,
    0x00, 0x00, 0x01, 0xff, 0xb0, 0x00, 0xbf, 0xf2,
    0x6d, 0xff, 0xff, 0x00, 0x00, 0x00, 0x00, 0x00,
    0x00, 0x1f, 0xfb, 0x00, 0x0b, 0xff, 0xff, 0xff,
    0xff, 0xf0, 0x00, 0x44, 0x00, 0x00, 0x00, 0x01,
    0xff, 0xb0, 0x17, 0xef, 0xff, 0xff, 0xbe, 0xff,
    0x00, 0x1e, 0xfd, 0x50, 0x00, 0x00, 0x1f, 0xfd,
    0xbf, 0xff, 0xff, 0xd7, 0x10, 0xcf, 0xf0, 0x06,
    0xff, 0xff, 0xc2, 0x00, 0x03, 0xff, 0xff, 0xff,
    0xff, 0xf1, 0x00, 0x0d, 0xfe, 0x00, 0x02, 0xaf,
    0xff, 0xe0, 0x5b, 0xff, 0xff, 0xfd, 0x7c, 0xff,
    0x10, 0x00, 0xdf, 0xe0, 0x00, 0x00, 0x4d, 0xf5,
    0x4f, 0xff, 0xff, 0xd3, 0x00, 0xbf, 0xf1, 0x00,
    0x0d, 0xfe, 0x00, 0x00, 0x00, 0x06, 0x00, 0xdf,
    0xdf, 0xfb, 0x00, 0x0b, 0xff, 0x10, 0x00, 0xdf,
    0xd0, 0x00, 0x00, 0x00, 0x00, 0x03, 0x21, 0xff,
    0xb0, 0x00, 0xbf, 0xf1, 0x00, 0x0d, 0xfd, 0x00,
    0x00, 0x00, 0x00, 0x00, 0x00, 0x1f, 0xfb, 0x00,
    0x0b, 0xff, 0x10, 0x00, 0xef, 0xc0, 0x00, 0x00,
    0x00, 0x0b, 0x70, 0x01, 0xff, 0xb0, 0x00, 0xbf,
    0xf1, 0x10, 0x3f, 0xfa, 0x00, 0x00, 0x00, 0x04,
    0xff, 0x80, 0x1f, 0xfb, 0x00, 0x0b, 0xff, 0x1e,
    0xff, 0xff, 0x70, 0x00, 0x00, 0x00, 0xcf, 0xf5,
    0x01, 0xff, 0xb0, 0x00, 0xbf, 0xf1, 0xaf, 0xff,
    0xd1, 0x00, 0x00, 0x00, 0x5f, 0xfd, 0x00, 0x1f,
    0xfb, 0x00, 0x0b, 0xff, 0x14, 0x98, 0x50, 0x00,
    0x00, 0x00, 0x0d, 0xff, 0x50, 0x01, 0xff, 0xb0,
    0x00, 0x9d, 0xd1, 0x00, 0x00, 0x21, 0x00, 0x00,
    0x07, 0xff, 0xc0, 0x00, 0x1f, 0xfb, 0x00, 0x00,
    0x00, 0x00, 0x00, 0x08, 0xfa, 0x10, 0x01, 0xff,
    0xf4, 0x00, 0x01, 0xff, 0xb0, 0x00, 0x00, 0x00,
    0x00, 0x00, 0xaf, 0xf1, 0x00, 0xbf, 0xfb, 0x00,
    0x00, 0x0f, 0xfd, 0x00, 0x00, 0x00, 0x00, 0x00,
    0x0e, 0xfe, 0x00, 0x5f, 0xff, 0x20, 0x00, 0x00,
    0xdf, 0xfd, 0xa9, 0x99, 0x99, 0x99, 0xad, 0xff,
    0xa0, 0x04, 0xef, 0x90, 0x00, 0x00, 0x07, 0xff,
    0xff, 0xff, 0xff, 0xff, 0xff, 0xff, 0xf3, 0x00,
    0x01, 0x90, 0x00, 0x00, 0x00, 0x06, 0xce, 0xff,
    0xff, 0xff, 0xff, 0xfe, 0xb3, 0x00,

    /* U+6CD5 "法" */
    0x00, 0x00, 0x00, 0x00, 0x00, 0x00, 0x00, 0x00,
    0x07, 0x75, 0x00, 0x00, 0x00, 0x00, 0x00, 0x0d,
    0xc5, 0x00, 0x00, 0x00, 0x00, 0x00, 0x1f, 0xfc,
    0x00, 0x00, 0x00, 0x00, 0x00, 0x9f, 0xff, 0xc4,
    0x00, 0x00, 0x00, 0x00, 0x1f, 0xfc, 0x00, 0x00,
    0x00, 0x00, 0x00, 0x29, 0xff, 0xff, 0xa1, 0x00,
    0x00, 0x00, 0x1f, 0xfc, 0x00, 0x00, 0x00, 0x00,
    0x00, 0x00, 0x2b, 0xff, 0xe1, 0x00, 0x00, 0x00,
    0x1f, 0xfc, 0x00, 0x00, 0x00, 0x00, 0x00, 0x00,
    0x00, 0x5f, 0x40, 0x39, 0x99, 0x99, 0xaf, 0xfe,
    0x99, 0x99, 0x99, 0x20, 0x00, 0x00, 0x00, 0x01,
    0x00, 0x5f, 0xff, 0xff, 0xff, 0xff, 0xff, 0xff,
    0xff, 0x30, 0x00, 0x00, 0x00, 0x00, 0x00, 0x5f,
    0xff, 0xff, 0xff, 0xff, 0xff, 0xff, 0xff, 0x30,
    0x00, 0x00, 0x00, 0x00, 0x00, 0x00, 0x00, 0x00,
    0x2f, 0xfc, 0x00, 0x00, 0x00, 0x00, 0x07, 0xc5,
    0x00, 0x00, 0x00, 0x00, 0x00, 0x00, 0x1f, 0xfc,
    0x00, 0x00, 0x00, 0x00, 0x3f, 0xff, 0xd4, 0x00,
    0x00, 0x00, 0x00, 0x00, 0x1f, 0xfc, 0x00, 0x00,
    0x00, 0x00, 0x2a, 0xff, 0xff, 0xa1, 0x00, 0x00,
    0x00, 0x00, 0x1f, 0xfc, 0x00, 0x00, 0x00, 0x00,
    0x00, 0x3c, 0xff, 0xf4, 0x00, 0x00, 0x00, 0x00,
    0x1f, 0xfc, 0x00, 0x00, 0x00, 0x00, 0x00, 0x00,
    0x6f, 0xa0, 0x07, 0xcc, 0xcc, 0xcc, 0xdf, 0xff,
    0xcc, 0xcc, 0xcc, 0xc5, 0x00, 0x00, 0x02, 0x10,
    0x09, 0xff, 0xff, 0xff, 0xff, 0xff, 0xff, 0xff,
    0xff, 0xf6, 0x00, 0x00, 0x00, 0x00, 0x08, 0xee,
    0xee, 0xee, 0xff, 0xfe, 0xee, 0xee, 0xee, 0xe5,
    0x00, 0x00, 0x00, 0x01, 0x00, 0x00, 0x00, 0x09,
    0xff, 0xb0, 0x00, 0x00, 0x00, 0x00, 0x00, 0x00,
    0x00, 0x4d, 0x20, 0x00, 0x00, 0x1f, 0xff, 0x30,
    0x00, 0x00, 0x00, 0x00, 0x00, 0x00, 0x00, 0xdf,
    0xe0, 0x00, 0x00, 0x9f, 0xfb, 0x00, 0x00, 0x10,
    0x00, 0x00, 0x00, 0x00, 0x06, 0xff, 0xc0, 0x00,
    0x01, 0xff, 0xf2, 0x00, 0x4c, 0xf2, 0x00, 0x00,
    0x00, 0x00, 0x0e, 0xff, 0x30, 0x00, 0x09, 0xff,
    0x90, 0x00, 0x4f, 0xfd, 0x00, 0x00, 0x00, 0x00,
    0x8f, 0xfb, 0x00, 0x00, 0x2f, 0xfe, 0x10, 0x00,
    0x09, 0xff, 0x90, 0x00, 0x00, 0x02, 0xff, 0xf2,
    0x00, 0x00, 0xcf, 0xf6, 0x00, 0x00, 0x00, 0xdf,
    0xf3, 0x00, 0x00, 0x0b, 0xff, 0x90, 0x00, 0x07,
    0xff, 0xb0, 0x00, 0x24, 0x68, 0xcf, 0xfd, 0x00,
    0x00, 0x5f, 0xff, 0x10, 0x00, 0x6f, 0xff, 0xdd,
    0xff, 0xff, 0xff, 0xff, 0xff, 0x60, 0x01, 0xef,
    0xf7, 0x00, 0x00, 0xcf, 0xff, 0xff, 0xff, 0xff,
    0xff, 0xec, 0xff, 0xe0, 0x04, 0xff, 0xd0, 0x00,
    0x00, 0x6f, 0xff, 0xfd, 0xa8, 0x64, 0x20, 0x00,
    0xaf, 0xf6, 0x00, 0x3e, 0x40, 0x00, 0x00, 0x18,
    0x41, 0x00, 0x00, 0x00, 0x00, 0x00, 0x3f, 0xe5,
    0x00, 0x00, 0x00, 0x00, 0x00, 0x00, 0x00, 0x00,
    0x00, 0x00, 0x00, 0x00, 0x06, 0x00,

    /* U+6D3B "活" */
    0x00, 0x00, 0x00, 0x00, 0x00, 0x00, 0x00, 0x00,
    0x00, 0x00, 0x00, 0x00, 0x22, 0x00, 0x00, 0x00,
    0x6d, 0x50, 0x00, 0x00, 0x00, 0x00, 0x00, 0x00,
    0x01, 0x59, 0xdf, 0xe2, 0x00, 0x00, 0x3f, 0xff,
    0xc4, 0x00, 0x00, 0x00, 0x13, 0x68, 0xbe, 0xff,
    0xff, 0xff, 0xe1, 0x00, 0x01, 0x8f, 0xff, 0xfb,
    0x10, 0xbd, 0xff, 0xff, 0xff, 0xff, 0xff, 0xfb,
    0x61, 0x00, 0x00, 0x00, 0x2b, 0xff, 0xf4, 0x0b,
    0xff, 0xff, 0xff, 0xff, 0xd6, 0x20, 0x00, 0x00,
    0x00, 0x00, 0x00, 0x05, 0xe8, 0x00, 0x5b, 0x97,
    0x53, 0x2f, 0xf9, 0x00, 0x00, 0x00, 0x00, 0x00,
    0x00, 0x00, 0x01, 0x00, 0x00, 0x00, 0x00, 0x01,
    0xff, 0x90, 0x00, 0x00, 0x00, 0x00, 0x00, 0x00,
    0x00, 0x00, 0x00, 0x00, 0x00, 0x00, 0x1f, 0xf9,
    0x00, 0x00, 0x00, 0x00, 0x00, 0x00, 0x00, 0x00,
    0x00, 0x00, 0x00, 0x00, 0x01, 0xff, 0x90, 0x00,
    0x00, 0x00, 0x00, 0x09, 0x60, 0x00, 0x00, 0x5b,
    0xbb, 0xbb, 0xbb, 0xbf, 0xfe, 0xbb, 0xbb, 0xbb,
    0xb6, 0x07, 0xff, 0xd5, 0x00, 0x07, 0xff, 0xff,
    0xff, 0xff, 0xff, 0xff, 0xff, 0xff, 0xff, 0xa0,
    0x8f, 0xff, 0xfc, 0x30, 0x7f, 0xff, 0xff, 0xff,
    0xff, 0xff, 0xff, 0xff, 0xff, 0xfa, 0x00, 0x1a,
    0xff, 0xfd, 0x00, 0x00, 0x00, 0x00, 0x02, 0xff,
    0xa0, 0x00, 0x00, 0x00, 0x00, 0x00, 0x03, 0xcf,
    0x30, 0x00, 0x00, 0x00, 0x00, 0x1f, 0xf9, 0x00,
    0x00, 0x00, 0x00, 0x00, 0x00, 0x00, 0x40, 0x00,
    0x00, 0x00, 0x00, 0x01, 0xff, 0x90, 0x00, 0x00,
    0x00, 0x00, 0x00, 0x00, 0x00, 0x00, 0x00, 0x00,
    0x00, 0x00, 0x1f, 0xf9, 0x00, 0x00, 0x00, 0x00,
    0x00, 0x00, 0x00, 0x02, 0x00, 0x03, 0x77, 0x77,
    0x78, 0xff, 0xc7, 0x77, 0x77, 0x50, 0x00, 0x00,
    0x00, 0x04, 0xf5, 0x00, 0x7f, 0xff, 0xff, 0xff,
    0xff, 0xff, 0xff, 0xfc, 0x00, 0x00, 0x00, 0x00,
    0xcf, 0xf2, 0x07, 0xff, 0xff, 0xff, 0xff, 0xff,
    0xff, 0xff, 0xc0, 0x00, 0x00, 0x00, 0x5f, 0xfc,
    0x00, 0x7f, 0xf4, 0x22, 0x22, 0x22, 0x22, 0x2e,
    0xfc, 0x00, 0x00, 0x00, 0x0e, 0xff, 0x40, 0x07,
    0xff, 0x20, 0x00, 0x00, 0x00, 0x00, 0xef, 0xc0,
    0x00, 0x00, 0x08, 0xff, 0xb0, 0x00, 0x7f, 0xf2,
    0x00, 0x00, 0x00, 0x00, 0x0e, 0xfc, 0x00, 0x00,
    0x02, 0xff, 0xf2, 0x00, 0x07, 0xff, 0x20, 0x00,
    0x00, 0x00, 0x00, 0xef, 0xc0, 0x00, 0x00, 0xcf,
    0xf9, 0x00, 0x00, 0x7f, 0xf2, 0x00, 0x00, 0x00,
    0x00, 0x0e, 0xfc, 0x00, 0x00, 0x7f, 0xfe, 0x10,
    0x00, 0x07, 0xff, 0x98, 0x88, 0x88, 0x88, 0x88,
    0xff, 0xc0, 0x00, 0x2f, 0xff, 0x60, 0x00, 0x00,
    0x7f, 0xff, 0xff, 0xff, 0xff, 0xff, 0xff, 0xfc,
    0x00, 0x00, 0xaf, 0xc0, 0x00, 0x00, 0x07, 0xff,
    0xff, 0xff, 0xff, 0xff, 0xff, 0xff, 0xc0, 0x00,
    0x00, 0x72, 0x00, 0x00, 0x00, 0x7f, 0xf3, 0x00,
    0x00, 0x00, 0x00, 0x0e, 0xfc, 0x00, 0x00, 0x00,
    0x00, 0x00, 0x00, 0x00, 0x11, 0x00, 0x00, 0x00,
    0x00, 0x00, 0x00, 0x00, 0x00,

    /* U+6D88 "消" */
    0x00, 0x00, 0x00, 0x00, 0x00, 0x00, 0x00, 0x00,
    0x00, 0x44, 0x30, 0x00, 0x00, 0x00, 0x00, 0x00,
    0x6b, 0x20, 0x00, 0x00, 0x01, 0x00, 0x00, 0x1f,
    0xfd, 0x00, 0x00, 0x41, 0x00, 0x00, 0x3f, 0xff,
    0x90, 0x00, 0x3b, 0xf4, 0x00, 0x01, 0xff, 0xd0,
    0x00, 0x0f, 0xfa, 0x00, 0x02, 0xaf, 0xff, 0xe3,
    0x03, 0xff, 0xe1, 0x00, 0x1f, 0xfd, 0x00, 0x06,
    0xff, 0x90, 0x00, 0x00, 0x4e, 0xff, 0xf1, 0x08,
    0xff, 0x90, 0x01, 0xff, 0xd0, 0x00, 0xef, 0xf1,
    0x00, 0x00, 0x00, 0x1b, 0xf8, 0x00, 0x1f, 0xff,
    0x20, 0x1f, 0xfd, 0x00, 0x7f, 0xf8, 0x00, 0x00,
    0x00, 0x00, 0x06, 0x00, 0x00, 0x8f, 0xf9, 0x01,
    0xff, 0xd0, 0x1e, 0xfe, 0x00, 0x00, 0x00, 0x00,
    0x00, 0x00, 0x00, 0x01, 0xfd, 0x50, 0x1f, 0xfd,
    0x02, 0xaf, 0x50, 0x00, 0x00, 0x00, 0x00, 0x00,
    0x00, 0x00, 0x03, 0x00, 0x01, 0xff, 0xd0, 0x00,
    0x10, 0x00, 0x00, 0x0c, 0x80, 0x00, 0x00, 0x00,
    0x9c, 0xcc, 0xcc, 0xcf, 0xff, 0xcc, 0xcc, 0xca,
    0x00, 0x0a, 0xff, 0xe6, 0x00, 0x00, 0x0c, 0xff,
    0xff, 0xff, 0xff, 0xff, 0xff, 0xff, 0xd0, 0x00,
    0x4d, 0xff, 0xfb, 0x10, 0x00, 0xcf, 0xfe, 0xee,
    0xee, 0xee, 0xee, 0xef, 0xfd, 0x00, 0x00, 0x07,
    0xff, 0xfb, 0x00, 0x0c, 0xff, 0x00, 0x00, 0x00,
    0x00, 0x00, 0xef, 0xd0, 0x00, 0x00, 0x03, 0xdf,
    0x20, 0x00, 0xcf, 0xf0, 0x00, 0x00, 0x00, 0x00,
    0x0e, 0xfd, 0x00, 0x00, 0x00, 0x01, 0x30, 0x00,
    0x0c, 0xff, 0x77, 0x77, 0x77, 0x77, 0x77, 0xff,
    0xd0, 0x00, 0x00, 0x00, 0x00, 0x00, 0x00, 0xcf,
    0xff, 0xff, 0xff, 0xff, 0xff, 0xff, 0xfd, 0x00,
    0x00, 0x00, 0x00, 0x00, 0x00, 0x0c, 0xff, 0xff,
    0xff, 0xff, 0xff, 0xff, 0xff, 0xd0, 0x00, 0x00,
    0x00, 0x06, 0xb1, 0x00, 0xcf, 0xf0, 0x00, 0x00,
    0x00, 0x00, 0x0e, 0xfd, 0x00, 0x00, 0x00, 0x00,
    0xdf, 0xd0, 0x0c, 0xff, 0x00, 0x00, 0x00, 0x00,
    0x00, 0xef, 0xd0, 0x00, 0x00, 0x00, 0x6f, 0xf9,
    0x00, 0xcf, 0xf3, 0x33, 0x33, 0x33, 0x33, 0x3f,
    0xfd, 0x00, 0x00, 0x00, 0x0e, 0xff, 0x20, 0x0c,
    0xff, 0xff, 0xff, 0xff, 0xff, 0xff, 0xff, 0xd0,
    0x00, 0x00, 0x07, 0xff, 0xa0, 0x00, 0xcf, 0xff,
    0xff, 0xff, 0xff, 0xff, 0xff, 0xfd, 0x00, 0x00,
    0x01, 0xff, 0xf2, 0x00, 0x0c, 0xff, 0x44, 0x44,
    0x44, 0x44, 0x44, 0xff, 0xd0, 0x00, 0x00, 0x9f,
    0xf9, 0x00, 0x00, 0xcf, 0xf0, 0x00, 0x00, 0x00,
    0x00, 0x0e, 0xfd, 0x00, 0x00, 0x3f, 0xff, 0x20,
    0x00, 0x0c, 0xff, 0x00, 0x00, 0x00, 0x00, 0x00,
    0xef, 0xd0, 0x00, 0x0c, 0xff, 0x90, 0x00, 0x00,
    0xcf, 0xf0, 0x00, 0x00, 0x08, 0xbb, 0xbf, 0xfc,
    0x00, 0x00, 0x8f, 0xf1, 0x00, 0x00, 0x0c, 0xff,
    0x00, 0x00, 0x00, 0x5f, 0xff, 0xff, 0x90, 0x00,
    0x00, 0x46, 0x00, 0x00, 0x00, 0xcf, 0xf0, 0x00,
    0x00, 0x01, 0xee, 0xdc, 0x70, 0x00,

    /* U+6E05 "清" */
    0x00, 0x00, 0x00, 0x00, 0x00, 0x00, 0x00, 0x00,
    0x45, 0x50, 0x00, 0x00, 0x00, 0x00, 0x00, 0x19,
    0x10, 0x00, 0x00, 0x00, 0x00, 0x00, 0xcf, 0xf0,
    0x00, 0x00, 0x00, 0x00, 0x00, 0xcf, 0xf7, 0x00,
    0x01, 0x11, 0x11, 0x11, 0xdf, 0xf1, 0x11, 0x11,
    0x11, 0x10, 0x02, 0xdf, 0xff, 0xd2, 0x3f, 0xff,
    0xff, 0xff, 0xff, 0xff, 0xff, 0xff, 0xff, 0xa0,
    0x00, 0x08, 0xff, 0xfc, 0x3f, 0xff, 0xff, 0xff,
    0xff, 0xff, 0xff, 0xff, 0xff, 0xa0, 0x00, 0x00,
    0x3e, 0xf2, 0x00, 0x00, 0x00, 0x00, 0xcf, 0xf0,
    0x00, 0x00, 0x00, 0x00, 0x00, 0x00, 0x01, 0x50,
    0x01, 0x33, 0x33, 0x33, 0xdf, 0xf3, 0x33, 0x33,
    0x32, 0x00, 0x00, 0x00, 0x00, 0x00, 0x07, 0xff,
    0xff, 0xff, 0xff, 0xff, 0xff, 0xff, 0xfe, 0x00,
    0x00, 0x00, 0x00, 0x00, 0x05, 0xcc, 0xcc, 0xcc,
    0xff, 0xfc, 0xcc, 0xcc, 0xcb, 0x00, 0x07, 0x70,
    0x00, 0x00, 0x00, 0x00, 0x00, 0x00, 0xcf, 0xf0,
    0x00, 0x00, 0x00, 0x00, 0x5f, 0xfe, 0x50, 0x03,
    0xbb, 0xbb, 0xbb, 0xbb, 0xff, 0xfb, 0xbb, 0xbb,
    0xbb, 0xb9, 0x5e, 0xff, 0xfb, 0x25, 0xff, 0xff,
    0xff, 0xff, 0xff, 0xff, 0xff, 0xff, 0xff, 0xfd,
    0x00, 0x8f, 0xff, 0x92, 0x66, 0x66, 0x66, 0x66,
    0x66, 0x66, 0x66, 0x66, 0x66, 0x65, 0x00, 0x03,
    0xdd, 0x00, 0x00, 0x11, 0x11, 0x11, 0x11, 0x11,
    0x11, 0x21, 0x10, 0x00, 0x00, 0x00, 0x12, 0x00,
    0x00, 0xff, 0xff, 0xff, 0xff, 0xff, 0xff, 0xff,
    0xf2, 0x00, 0x00, 0x00, 0x00, 0x00, 0x00, 0xff,
    0xff, 0xff, 0xff, 0xff, 0xff, 0xff, 0xf2, 0x00,
    0x00, 0x00, 0x01, 0x00, 0x00, 0xff, 0x90, 0x00,
    0x00, 0x00, 0x00, 0x9f, 0xf2, 0x00, 0x00, 0x00,
    0x0b, 0xa0, 0x00, 0xff, 0x90, 0x00, 0x00, 0x00,
    0x00, 0x9f, 0xf2, 0x00, 0x00, 0x00, 0x2f, 0xfb,
    0x00, 0xff, 0xff, 0xff, 0xff, 0xff, 0xff, 0xff,
    0xf2, 0x00, 0x00, 0x00, 0xaf, 0xf7, 0x00, 0xff,
    0xff, 0xff, 0xff, 0xff, 0xff, 0xff, 0xf2, 0x00,
    0x00, 0x01, 0xff, 0xf1, 0x00, 0xff, 0x90, 0x00,
    0x00, 0x00, 0x00, 0x9f, 0xf2, 0x00, 0x00, 0x09,
    0xff, 0x80, 0x00, 0xff, 0xa2, 0x22, 0x22, 0x22,
    0x22, 0xaf, 0xf2, 0x00, 0x00, 0x1f, 0xff, 0x10,
    0x00, 0xff, 0xff, 0xff, 0xff, 0xff, 0xff, 0xff,
    0xf2, 0x00, 0x00, 0x9f, 0xf9, 0x00, 0x00, 0xff,
    0xff, 0xff, 0xff, 0xff, 0xff, 0xff, 0xf2, 0x00,
    0x02, 0xff, 0xf2, 0x00, 0x00, 0xff, 0x90, 0x00,
    0x00, 0x00, 0x00, 0x9f, 0xf2, 0x00, 0x0a, 0xff,
    0xa0, 0x00, 0x00, 0xff, 0x90, 0x00, 0x00, 0x07,
    0x77, 0xcf, 0xf1, 0x00, 0x02, 0xcf, 0x20, 0x00,
    0x00, 0xff, 0x90, 0x00, 0x00, 0x0b, 0xff, 0xff,
    0xe0, 0x00, 0x00, 0x03, 0x00, 0x00, 0x00, 0xff,
    0x90, 0x00, 0x00, 0x06, 0xee, 0xda, 0x30, 0x00,

    /* U+6E29 "温" */
    0x00, 0x1c, 0x71, 0x00, 0x00, 0x01, 0x11, 0x11,
    0x11, 0x11, 0x11, 0x11, 0x10, 0x00, 0x00, 0xbf,
    0xff, 0x70, 0x00, 0xaf, 0xff, 0xff, 0xff, 0xff,
    0xff, 0xff, 0xf1, 0x00, 0x00, 0x6d, 0xff, 0xfe,
    0x40, 0xaf, 0xff, 0xff, 0xff, 0xff, 0xff, 0xff,
    0xf1, 0x00, 0x00, 0x00, 0x7f, 0xff, 0xa0, 0xaf,
    0xf5, 0x55, 0x55, 0x55, 0x55, 0xcf, 0xf1, 0x00,
    0x00, 0x00, 0x01, 0xbe, 0x10, 0xaf, 0xf0, 0x00,
    0x00, 0x00, 0x00, 0xbf, 0xf1, 0x00, 0x00, 0x00,
    0x00, 0x02, 0x00, 0xaf, 0xf4, 0x44, 0x44, 0x44,
    0x44, 0xcf, 0xf1, 0x00, 0x00, 0x00, 0x00, 0x00,
    0x00, 0xaf, 0xff, 0xff, 0xff, 0xff, 0xff, 0xff,
    0xf1, 0x00, 0x00, 0x00, 0x00, 0x00, 0x00, 0xaf,
    0xff, 0xff, 0xff, 0xff, 0xff, 0xff, 0xf1, 0x00,
    0x08, 0x50, 0x00, 0x00, 0x00, 0xaf, 0xf0, 0x00,
    0x00, 0x00, 0x00, 0xbf, 0xf1, 0x00, 0x5f, 0xfd,
    0x40, 0x00, 0x00, 0xaf, 0xf0, 0x00, 0x00, 0x00,
    0x00, 0xbf, 0xf1, 0x00, 0x7f, 0xff, 0xfb, 0x20,
    0x00, 0xaf, 0xf7, 0x77, 0x77, 0x77, 0x77, 0xdf,
    0xf1, 0x00, 0x01, 0x8f, 0xff, 0xe0, 0x00, 0xaf,
    0xff, 0xff, 0xff, 0xff, 0xff, 0xff, 0xf1, 0x00,
    0x00, 0x02, 0xcf, 0x60, 0x00, 0x9e, 0xee, 0xee,
    0xee, 0xee, 0xee, 0xee, 0xe1, 0x00, 0x00, 0x00,
    0x06, 0x00, 0x00, 0x00, 0x00, 0x00, 0x00, 0x00,
    0x00, 0x00, 0x00, 0x00, 0x00, 0x00, 0x00, 0x00,
    0x00, 0x11, 0x11, 0x11, 0x11, 0x11, 0x11, 0x11,
    0x11, 0x00, 0x00, 0x00, 0x00, 0x10, 0x0a, 0xff,
    0xff, 0xff, 0xff, 0xff, 0xff, 0xff, 0xff, 0x10,
    0x00, 0x00, 0x06, 0xe3, 0x0a, 0xff, 0xff, 0xff,
    0xff, 0xff, 0xff, 0xff, 0xff, 0x10, 0x00, 0x00,
    0x0e, 0xfe, 0x0a, 0xff, 0x55, 0xff, 0x85, 0x7f,
    0xf5, 0x5b, 0xff, 0x10, 0x00, 0x00, 0x6f, 0xf9,
    0x0a, 0xfe, 0x00, 0xef, 0x40, 0x2f, 0xf0, 0x09,
    0xff, 0x10, 0x00, 0x00, 0xef, 0xf1, 0x0a, 0xfe,
    0x00, 0xef, 0x40, 0x2f, 0xf0, 0x09, 0xff, 0x10,
    0x00, 0x07, 0xff, 0x90, 0x0a, 0xfe, 0x00, 0xef,
    0x40, 0x2f, 0xf0, 0x09, 0xff, 0x10, 0x00, 0x1f,
    0xff, 0x10, 0x0a, 0xfe, 0x00, 0xef, 0x40, 0x2f,
    0xf0, 0x09, 0xff, 0x10, 0x00, 0x9f, 0xf8, 0x00,
    0x0a, 0xfe, 0x00, 0xef, 0x40, 0x2f, 0xf0, 0x09,
    0xff, 0x10, 0x03, 0xff, 0xf1, 0x00, 0x0a, 0xfe,
    0x00, 0xef, 0x40, 0x2f, 0xf0, 0x09, 0xff, 0x10,
    0x0d, 0xff, 0x80, 0x1f, 0xff, 0xff, 0xff, 0xff,
    0xff, 0xff, 0xff, 0xff, 0xff, 0xff, 0x0a, 0xfe,
    0x00, 0x1f, 0xff, 0xff, 0xff, 0xff, 0xff, 0xff,
    0xff, 0xff, 0xff, 0xff, 0x00, 0x65, 0x00, 0x08,
    0x88, 0x88, 0x88, 0x88, 0x88, 0x88, 0x88, 0x88,
    0x88, 0x88,

    /* U+7248 "版" */
    0x00, 0x00, 0x00, 0x00, 0x36, 0x50, 0x00, 0x00,
    0x00, 0x00, 0x00, 0x00, 0x00, 0x00, 0x00, 0x00,
    0xaa, 0x50, 0x0a, 0xfe, 0x00, 0x00, 0x00, 0x00,
    0x00, 0x24, 0x7a, 0xdf, 0x30, 0x00, 0x1f, 0xf8,
    0x00, 0xaf, 0xe0, 0x00, 0x48, 0x9a, 0xce, 0xff,
    0xff, 0xff, 0xfd, 0x00, 0x01, 0xff, 0x80, 0x0a,
    0xfe, 0x00, 0x09, 0xff, 0xff, 0xff, 0xff, 0xff,
    0xeb, 0x82, 0x00, 0x1f, 0xf8, 0x00, 0xaf, 0xe0,
    0x00, 0x9f, 0xfe, 0xca, 0x97, 0x53, 0x10, 0x00,
    0x00, 0x01, 0xff, 0x80, 0x0a, 0xfe, 0x00, 0x09,
    0xff, 0x20, 0x00, 0x00, 0x00, 0x00, 0x00, 0x00,
    0x1f, 0xf8, 0x00, 0xaf, 0xe0, 0x00, 0x9f, 0xf2,
    0x00, 0x00, 0x00, 0x00, 0x00, 0x00, 0x01, 0xff,
    0x80, 0x0a, 0xfe, 0x00, 0x09, 0xff, 0x20, 0x00,
    0x00, 0x00, 0x00, 0x00, 0x00, 0x1f, 0xf9, 0x11,
    0xbf, 0xf1, 0x10, 0x9f, 0xf2, 0x00, 0x00, 0x00,
    0x00, 0x00, 0x00, 0x01, 0xff, 0xff, 0xff, 0xff,
    0xff, 0x59, 0xff, 0xba, 0xaa, 0xaa, 0xaa, 0xba,
    0x60, 0x00, 0x1f, 0xff, 0xff, 0xff, 0xff, 0xf5,
    0x9f, 0xff, 0xff, 0xff, 0xff, 0xff, 0xfd, 0x00,
    0x01, 0xff, 0xb5, 0x55, 0x55, 0x55, 0x19, 0xff,
    0xff, 0xff, 0xff, 0xff, 0xff, 0xa0, 0x00, 0x1f,
    0xf8, 0x00, 0x00, 0x00, 0x00, 0x9f, 0xfa, 0xfa,
    0x00, 0x00, 0x3f, 0xf7, 0x00, 0x01, 0xff, 0x80,
    0x00, 0x00, 0x00, 0x09, 0xff, 0x6f, 0xf0, 0x00,
    0x06, 0xff, 0x40, 0x00, 0x1f, 0xf8, 0x00, 0x00,
    0x00, 0x00, 0x9f, 0xf2, 0xff, 0x40, 0x00, 0xbf,
    0xf0, 0x00, 0x01, 0xff, 0xc9, 0x99, 0x99, 0x50,
    0x0a, 0xff, 0x1b, 0xf9, 0x00, 0x0f, 0xfc, 0x00,
    0x00, 0x2f, 0xff, 0xff, 0xff, 0xfa, 0x00, 0xbf,
    0xf0, 0x7f, 0xe0, 0x05, 0xff, 0x70, 0x00, 0x03,
    0xff, 0xff, 0xff, 0xff, 0xa0, 0x0c, 0xff, 0x01,
    0xff, 0x50, 0xcf, 0xf2, 0x00, 0x00, 0x4f, 0xf5,
    0x00, 0x0f, 0xfa, 0x00, 0xdf, 0xe0, 0x0b, 0xfd,
    0x3f, 0xfb, 0x00, 0x00, 0x05, 0xff, 0x40, 0x00,
    0xff, 0xa0, 0x0f, 0xfc, 0x00, 0x4f, 0xfe, 0xff,
    0x40, 0x00, 0x00, 0x7f, 0xf2, 0x00, 0x0f, 0xfa,
    0x01, 0xff, 0xa0, 0x00, 0xdf, 0xff, 0xc0, 0x00,
    0x00, 0x0a, 0xff, 0x00, 0x00, 0xff, 0xa0, 0x4f,
    0xf7, 0x00, 0x06, 0xff, 0xf3, 0x00, 0x00, 0x00,
    0xdf, 0xd0, 0x00, 0x0f, 0xfa, 0x08, 0xff, 0x40,
    0x01, 0xdf, 0xff, 0x60, 0x00, 0x00, 0x1f, 0xfa,
    0x00, 0x00, 0xff, 0xa0, 0xbf, 0xf1, 0x01, 0xcf,
    0xff, 0xff, 0x50, 0x00, 0x05, 0xff, 0x60, 0x00,
    0x0f, 0xfa, 0x1f, 0xfc, 0x03, 0xdf, 0xfd, 0x6f,
    0xff, 0x70, 0x00, 0xbf, 0xf1, 0x00, 0x00, 0xff,
    0xa7, 0xff, 0x89, 0xff, 0xfd, 0x10, 0x7f, 0xff,
    0xc2, 0x0e, 0xfb, 0x00, 0x00, 0x0f, 0xfa, 0xdf,
    0xf2, 0xdf, 0xfb, 0x10, 0x00, 0x6f, 0xff, 0x40,
    0x1c, 0x30, 0x00, 0x00, 0xff, 0xa2, 0xc9, 0x02,
    0xe6, 0x00, 0x00, 0x00, 0x3d, 0x50, 0x00, 0x00,
    0x00, 0x00, 0x00, 0x00, 0x00, 0x00, 0x00, 0x00,
    0x00, 0x00, 0x00, 0x00, 0x00,

    /* U+72B6 "状" */
    0x00, 0x00, 0x00, 0x0b, 0xdc, 0x00, 0x00, 0x00,
    0x08, 0xbb, 0x00, 0x00, 0x00, 0x00, 0x00, 0x00,
    0x00, 0x00, 0x0e, 0xfe, 0x00, 0x00, 0x00, 0x0b,
    0xff, 0x10, 0x08, 0x70, 0x00, 0x00, 0x00, 0x00,
    0x00, 0x0e, 0xfe, 0x00, 0x00, 0x00, 0x0b, 0xff,
    0x10, 0xbf, 0xf3, 0x00, 0x00, 0x00, 0x00, 0x00,
    0x0e, 0xfe, 0x00, 0x00, 0x00, 0x0b, 0xff, 0x10,
    0x3f, 0xfd, 0x00, 0x00, 0x00, 0x27, 0x00, 0x0e,
    0xfe, 0x00, 0x00, 0x00, 0x0b, 0xff, 0x10, 0x09,
    0xff, 0x90, 0x00, 0x06, 0xff, 0x60, 0x0e, 0xfe,
    0x00, 0x00, 0x00, 0x0b, 0xff, 0x10, 0x00, 0xef,
    0xf3, 0x00, 0x02, 0xff, 0xf2, 0x0e, 0xfe, 0x00,
    0x00, 0x00, 0x0b, 0xff, 0x10, 0x00, 0x5f, 0xf7,
    0x00, 0x00, 0x6f, 0xfc, 0x0e, 0xfe, 0x00, 0x00,
    0x00, 0x0b, 0xff, 0x10, 0x00, 0x0b, 0x40, 0x00,
    0x00, 0x0c, 0xff, 0x6e, 0xfe, 0x00, 0x00, 0x00,
    0x0b, 0xff, 0x10, 0x00, 0x00, 0x00, 0x00, 0x00,
    0x03, 0xff, 0xee, 0xfe, 0x4c, 0xcc, 0xcc, 0xcf,
    0xff, 0xcc, 0xcc, 0xcc, 0xcc, 0x50, 0x00, 0x00,
    0xaf, 0x7e, 0xfe, 0x5f, 0xff, 0xff, 0xff, 0xff,
    0xff, 0xff, 0xff, 0xff, 0x60, 0x00, 0x00, 0x22,
    0x0e, 0xfe, 0x5f, 0xff, 0xff, 0xff, 0xff, 0xff,
    0xff, 0xff, 0xff, 0x60, 0x00, 0x00, 0x00, 0x0e,
    0xfe, 0x00, 0x00, 0x00, 0x1f, 0xff, 0x90, 0x00,
    0x00, 0x00, 0x00, 0x00, 0x00, 0x00, 0x0e, 0xfe,
    0x00, 0x00, 0x00, 0x2f, 0xff, 0xd0, 0x00, 0x00,
    0x00, 0x00, 0x00, 0x00, 0x00, 0x1f, 0xfe, 0x00,
    0x00, 0x00, 0x5f, 0xff, 0xf2, 0x00, 0x00, 0x00,
    0x00, 0x00, 0x00, 0x03, 0xef, 0xfe, 0x00, 0x00,
    0x00, 0x8f, 0xff, 0xf8, 0x00, 0x00, 0x00, 0x00,
    0x00, 0x00, 0x5f, 0xff, 0xfe, 0x00, 0x00, 0x00,
    0xdf, 0xfd, 0xfe, 0x00, 0x00, 0x00, 0x00, 0x00,
    0x07, 0xff, 0xff, 0xfe, 0x00, 0x00, 0x02, 0xff,
    0xd6, 0xff, 0x40, 0x00, 0x00, 0x00, 0x00, 0xaf,
    0xff, 0x5e, 0xfe, 0x00, 0x00, 0x08, 0xff, 0x81,
    0xff, 0xc0, 0x00, 0x00, 0x00, 0x0c, 0xff, 0xf4,
    0x0e, 0xfe, 0x00, 0x00, 0x0e, 0xff, 0x20, 0xaf,
    0xf5, 0x00, 0x00, 0x00, 0x07, 0xfe, 0x30, 0x0e,
    0xfe, 0x00, 0x00, 0x7f, 0xfb, 0x00, 0x2f, 0xfe,
    0x00, 0x00, 0x00, 0x00, 0x91, 0x00, 0x0e, 0xfe,
    0x00, 0x01, 0xff, 0xf3, 0x00, 0x0a, 0xff, 0x90,
    0x00, 0x00, 0x00, 0x00, 0x00, 0x0e, 0xfe, 0x00,
    0x0a, 0xff, 0xa0, 0x00, 0x01, 0xff, 0xf6, 0x00,
    0x00, 0x00, 0x00, 0x00, 0x0e, 0xfe, 0x00, 0x7f,
    0xfe, 0x10, 0x00, 0x00, 0x6f, 0xff, 0x50, 0x00,
    0x00, 0x00, 0x00, 0x0e, 0xfe, 0x05, 0xff, 0xf5,
    0x00, 0x00, 0x00, 0x0b, 0xff, 0xf7, 0x00, 0x00,
    0x00, 0x00, 0x0e, 0xfe, 0x5f, 0xff, 0x80, 0x00,
    0x00, 0x00, 0x00, 0xcf, 0xff, 0xb0, 0x00, 0x00,
    0x00, 0x0e, 0xff, 0xbf, 0xf9, 0x00, 0x00, 0x00,
    0x00, 0x00, 0x1c, 0xff, 0x50, 0x00, 0x00, 0x00,
    0x0e, 0xfe, 0x09, 0x80, 0x00, 0x00, 0x00, 0x00,
    0x00, 0x00, 0x97, 0x00, 0x00, 0x00, 0x00, 0x00,
    0x00, 0x00, 0x00, 0x00, 0x00, 0x00, 0x00, 0x00,
    0x00, 0x00, 0x00,

    /* U+751F "生" */
    0x00, 0x00, 0x00, 0x00, 0x00, 0x00, 0x16, 0x64,
    0x00, 0x00, 0x00, 0x00, 0x00, 0x00, 0x00, 0x00,
    0x02, 0xd9, 0x50, 0x00, 0x3f, 0xfc, 0x00, 0x00,
    0x00, 0x00, 0x00, 0x00, 0x00, 0x00, 0x07, 0xff,
    0xa0, 0x00, 0x3f, 0xfc, 0x00, 0x00, 0x00, 0x00,
    0x00, 0x00, 0x00, 0x00, 0x0c, 0xff, 0x50, 0x00,
    0x3f, 0xfc, 0x00, 0x00, 0x00, 0x00, 0x00, 0x00,
    0x00, 0x00, 0x2f, 0xff, 0x00, 0x00, 0x3f, 0xfc,
    0x00, 0x00, 0x00, 0x00, 0x00, 0x00, 0x00, 0x00,
    0x8f, 0xfa, 0x00, 0x00, 0x3f, 0xfc, 0x00, 0x00,
    0x00, 0x00, 0x00, 0x00, 0x00, 0x00, 0xef, 0xfd,
    0xbb, 0xbb, 0xcf, 0xfe, 0xbb, 0xbb, 0xbb, 0xbb,
    0xbb, 0x30, 0x00, 0x06, 0xff, 0xff, 0xff, 0xff,
    0xff, 0xff, 0xff, 0xff, 0xff, 0xff, 0xff, 0x40,
    0x00, 0x0e, 0xff, 0xff, 0xff, 0xff, 0xff, 0xff,
    0xff, 0xff, 0xff, 0xff, 0xff, 0x40, 0x00, 0x8f,
    0xfd, 0x00, 0x00, 0x00, 0x3f, 0xfc, 0x00, 0x00,
    0x00, 0x00, 0x00, 0x00, 0x03, 0xff, 0xf5, 0x00,
    0x00, 0x00, 0x3f, 0xfc, 0x00, 0x00, 0x00, 0x00,
    0x00, 0x00, 0x1e, 0xff, 0xb0, 0x00, 0x00, 0x00,
    0x3f, 0xfc, 0x00, 0x00, 0x00, 0x00, 0x00, 0x00,
    0x1b, 0xff, 0x20, 0x00, 0x00, 0x00, 0x3f, 0xfc,
    0x00, 0x00, 0x00, 0x00, 0x00, 0x00, 0x00, 0x65,
    0x00, 0x00, 0x00, 0x00, 0x3f, 0xfc, 0x00, 0x00,
    0x00, 0x00, 0x00, 0x00, 0x00, 0x00, 0x00, 0x00,
    0x00, 0x00, 0x3f, 0xfc, 0x00, 0x00, 0x00, 0x00,
    0x00, 0x00, 0x00, 0x00, 0xac, 0xcc, 0xcc, 0xcc,
    0xdf, 0xff, 0xcc, 0xcc, 0xcc, 0xcc, 0xc2, 0x00,
    0x00, 0x00, 0xdf, 0xff, 0xff, 0xff, 0xff, 0xff,
    0xff, 0xff, 0xff, 0xff, 0xf2, 0x00, 0x00, 0x00,
    0xcf, 0xff, 0xff, 0xff, 0xff, 0xff, 0xff, 0xff,
    0xff, 0xff, 0xf2, 0x00, 0x00, 0x00, 0x00, 0x00,
    0x00, 0x00, 0x3f, 0xfc, 0x00, 0x00, 0x00, 0x00,
    0x00, 0x00, 0x00, 0x00, 0x00, 0x00, 0x00, 0x00,
    0x3f, 0xfc, 0x00, 0x00, 0x00, 0x00, 0x00, 0x00,
    0x00, 0x00, 0x00, 0x00, 0x00, 0x00, 0x3f, 0xfc,
    0x00, 0x00, 0x00, 0x00, 0x00, 0x00, 0x00, 0x00,
    0x00, 0x00, 0x00, 0x00, 0x3f, 0xfc, 0x00, 0x00,
    0x00, 0x00, 0x00, 0x00, 0x00, 0x00, 0x00, 0x00,
    0x00, 0x00, 0x3f, 0xfc, 0x00, 0x00, 0x00, 0x00,
    0x00, 0x00, 0x00, 0x00, 0x00, 0x00, 0x00, 0x00,
    0x3f, 0xfc, 0x00, 0x00, 0x00, 0x00, 0x00, 0x00,
    0x02, 0x22, 0x22, 0x22, 0x22, 0x22, 0x5f, 0xfc,
    0x22, 0x22, 0x22, 0x22, 0x22, 0x22, 0x3f, 0xff,
    0xff, 0xff, 0xff, 0xff, 0xff, 0xff, 0xff, 0xff,
    0xff, 0xff, 0xff, 0xfc, 0x3f, 0xff, 0xff, 0xff,
    0xff, 0xff, 0xff, 0xff, 0xff, 0xff, 0xff, 0xff,
    0xff, 0xfc, 0x19, 0x99, 0x99, 0x99, 0x99, 0x99,
    0x99, 0x99, 0x99, 0x99, 0x99, 0x99, 0x99, 0x97,

    /* U+7528 "用" */
    0x00, 0x00, 0x01, 0x21, 0x11, 0x11, 0x11, 0x11,
    0x11, 0x11, 0x11, 0x11, 0x31, 0x10, 0x00, 0x09,
    0xff, 0xff, 0xff, 0xff, 0xff, 0xff, 0xff, 0xff,
    0xff, 0xff, 0xfc, 0x00, 0x00, 0x9f, 0xff, 0xff,
    0xff, 0xff, 0xff, 0xff, 0xff, 0xff, 0xff, 0xff,
    0xc0, 0x00, 0x09, 0xff, 0xb9, 0x99, 0x99, 0xaf,
    0xfe, 0x99, 0x99, 0x99, 0xaf, 0xfc, 0x00, 0x00,
    0x9f, 0xf4, 0x00, 0x00, 0x01, 0xff, 0xc0, 0x00,
    0x00, 0x00, 0xff, 0xc0, 0x00, 0x09, 0xff, 0x40,
    0x00, 0x00, 0x1f, 0xfc, 0x00, 0x00, 0x00, 0x0f,
    0xfc, 0x00, 0x00, 0x9f, 0xf4, 0x00, 0x00, 0x01,
    0xff, 0xc0, 0x00, 0x00, 0x00, 0xff, 0xc0, 0x00,
    0x09, 0xff, 0x51, 0x11, 0x11, 0x2f, 0xfc, 0x11,
    0x11, 0x11, 0x1f, 0xfc, 0x00, 0x00, 0x9f, 0xff,
    0xff, 0xff, 0xff, 0xff, 0xff, 0xff, 0xff, 0xff,
    0xff, 0xc0, 0x00, 0x09, 0xff, 0xff, 0xff, 0xff,
    0xff, 0xff, 0xff, 0xff, 0xff, 0xff, 0xfc, 0x00,
    0x00, 0x9f, 0xfa, 0x99, 0x99, 0x99, 0xff, 0xe9,
    0x99, 0x99, 0x99, 0xff, 0xc0, 0x00, 0x09, 0xff,
    0x40, 0x00, 0x00, 0x1f, 0xfc, 0x00, 0x00, 0x00,
    0x0f, 0xfc, 0x00, 0x00, 0x9f, 0xf4, 0x00, 0x00,
    0x01, 0xff, 0xc0, 0x00, 0x00, 0x00, 0xff, 0xc0,
    0x00, 0x09, 0xff, 0x30, 0x00, 0x00, 0x1f, 0xfc,
    0x00, 0x00, 0x00, 0x0f, 0xfc, 0x00, 0x00, 0xaf,
    0xf3, 0x00, 0x00, 0x02, 0xff, 0xc0, 0x00, 0x00,
    0x01, 0xff, 0xc0, 0x00, 0x0b, 0xff, 0xff, 0xff,
    0xff, 0xff, 0xff, 0xff, 0xff, 0xff, 0xff, 0xfc,
    0x00, 0x00, 0xdf, 0xff, 0xff, 0xff, 0xff, 0xff,
    0xff, 0xff, 0xff, 0xff, 0xff, 0xc0, 0x00, 0x0f,
    0xfe, 0xaa, 0xaa, 0xaa, 0xbf, 0xfe, 0xaa, 0xaa,
    0xaa, 0xaf, 0xfc, 0x00, 0x02, 0xff, 0xa0, 0x00,
    0x00, 0x01, 0xff, 0xc0, 0x00, 0x00, 0x00, 0xff,
    0xc0, 0x00, 0x6f, 0xf7, 0x00, 0x00, 0x00, 0x1f,
    0xfc, 0x00, 0x00, 0x00, 0x0f, 0xfc, 0x00, 0x0c,
    0xff, 0x30, 0x00, 0x00, 0x01, 0xff, 0xc0, 0x00,
    0x00, 0x00, 0xff, 0xc0, 0x02, 0xff, 0xe0, 0x00,
    0x00, 0x00, 0x1f, 0xfc, 0x00, 0x00, 0x00, 0x0f,
    0xfc, 0x00, 0xaf, 0xf8, 0x00, 0x00, 0x00, 0x01,
    0xff, 0xc0, 0x00, 0x00, 0x00, 0xff, 0xc0, 0x5f,
    0xff, 0x10, 0x00, 0x00, 0x00, 0x1f, 0xfc, 0x00,
    0xaa, 0xaa, 0xbf, 0xfb, 0x0d, 0xff, 0x80, 0x00,
    0x00, 0x00, 0x01, 0xff, 0xc0, 0x0b, 0xff, 0xff,
    0xff, 0x70, 0x1c, 0xc0, 0x00, 0x00, 0x00, 0x00,
    0x1e, 0xeb, 0x00, 0x6f, 0xff, 0xfd, 0x70, 0x00,
    0x01, 0x00, 0x00, 0x00, 0x00, 0x00, 0x00, 0x00,
    0x00, 0x00, 0x00, 0x00, 0x00,

    /* U+7531 "由" */
    0x00, 0x00, 0x00, 0x00, 0x00, 0x68, 0x81, 0x00,
    0x00, 0x00, 0x00, 0x00, 0x00, 0x00, 0x00, 0x00,
    0x00, 0xcf, 0xf2, 0x00, 0x00, 0x00, 0x00, 0x00,
    0x00, 0x00, 0x00, 0x00, 0x00, 0xcf, 0xf2, 0x00,
    0x00, 0x00, 0x00, 0x00, 0x00, 0x00, 0x00, 0x00,
    0x00, 0xcf, 0xf2, 0x00, 0x00, 0x00, 0x00, 0x00,
    0x00, 0x00, 0x00, 0x00, 0x00, 0xcf, 0xf2, 0x00,
    0x00, 0x00, 0x00, 0x00, 0x00, 0x00, 0x00, 0x00,
    0x00, 0xcf, 0xf2, 0x00, 0x00, 0x00, 0x00, 0x00,
    0x9c, 0xcc, 0xcc, 0xcc, 0xcc, 0xff, 0xfd, 0xcc,
    0xcc, 0xcc, 0xcc, 0xca, 0xcf, 0xff, 0xff, 0xff,
    0xff, 0xff, 0xff, 0xff, 0xff, 0xff, 0xff, 0xfd,
    0xcf, 0xff, 0xff, 0xff, 0xff, 0xff, 0xff, 0xff,
    0xff, 0xff, 0xff, 0xfd, 0xcf, 0xf2, 0x11, 0x11,
    0x11, 0xcf, 0xf3, 0x11, 0x11, 0x11, 0x3f, 0xfd,
    0xcf, 0xf1, 0x00, 0x00, 0x00, 0xcf, 0xf2, 0x00,
    0x00, 0x00, 0x2f, 0xfd, 0xcf, 0xf1, 0x00, 0x00,
    0x00, 0xcf, 0xf2, 0x00, 0x00, 0x00, 0x2f, 0xfd,
    0xcf, 0xf1, 0x00, 0x00, 0x00, 0xcf, 0xf2, 0x00,
    0x00, 0x00, 0x2f, 0xfd, 0xcf, 0xf1, 0x00, 0x00,
    0x00, 0xcf, 0xf2, 0x00, 0x00, 0x00, 0x2f, 0xfd,
    0xcf, 0xf1, 0x00, 0x00, 0x00, 0xcf, 0xf2, 0x00,
    0x00, 0x00, 0x2f, 0xfd, 0xcf, 0xfd, 0xcc, 0xcc,
    0xcc, 0xff, 0xfd, 0xcc, 0xcc, 0xcc, 0xdf, 0xfd,
    0xcf, 0xff, 0xff, 0xff, 0xff, 0xff, 0xff, 0xff,
    0xff, 0xff, 0xff, 0xfd, 0xcf, 0xff, 0xff, 0xff,
    0xff, 0xff, 0xff, 0xff, 0xff, 0xff, 0xff, 0xfd,
    0xcf, 0xf1, 0x00, 0x00, 0x00, 0xcf, 0xf2, 0x00,
    0x00, 0x00, 0x2f, 0xfd, 0xcf, 0xf1, 0x00, 0x00,
    0x00, 0xcf, 0xf2, 0x00, 0x00, 0x00, 0x2f, 0xfd,
    0xcf, 0xf1, 0x00, 0x00, 0x00, 0xcf, 0xf2, 0x00,
    0x00, 0x00, 0x2f, 0xfd, 0xcf, 0xf1, 0x00, 0x00,
    0x00, 0xcf, 0xf2, 0x00, 0x00, 0x00, 0x2f, 0xfd,
    0xcf, 0xf1, 0x00, 0x00, 0x00, 0xcf, 0xf2, 0x00,
    0x00, 0x00, 0x2f, 0xfd, 0xcf, 0xf2, 0x00, 0x00,
    0x00, 0xcf, 0xf2, 0x00, 0x00, 0x00, 0x2f, 0xfd,
    0xcf, 0xff, 0xff, 0xff, 0xff, 0xff, 0xff, 0xff,
    0xff, 0xff, 0xff, 0xfd, 0xcf, 0xff, 0xff, 0xff,
    0xff, 0xff, 0xff, 0xff, 0xff, 0xff, 0xff, 0xfd,
    0xcf, 0xfc, 0xcc, 0xcc, 0xcc, 0xcc, 0xcc, 0xcc,
    0xcc, 0xcc, 0xdf, 0xfd, 0xcf, 0xf1, 0x00, 0x00,
    0x00, 0x00, 0x00, 0x00, 0x00, 0x00, 0x2f, 0xfd,
    0x01, 0x10, 0x00, 0x00, 0x00, 0x00, 0x00, 0x00,
    0x00, 0x00, 0x00, 0x00,

    /* U+7535 "电" */
    0x00, 0x00, 0x00, 0x00, 0x00, 0x33, 0x30, 0x00,
    0x00, 0x00, 0x00, 0x00, 0x00, 0x00, 0x00, 0x00,
    0x00, 0x00, 0xff, 0xf1, 0x00, 0x00, 0x00, 0x00,
    0x00, 0x00, 0x00, 0x00, 0x00, 0x00, 0x00, 0xff,
    0xf1, 0x00, 0x00, 0x00, 0x00, 0x00, 0x00, 0x00,
    0x00, 0x00, 0x00, 0x00, 0xff, 0xf1, 0x00, 0x00,
    0x00, 0x00, 0x00, 0x00, 0x00, 0x00, 0x00, 0x00,
    0x00, 0xff, 0xf1, 0x00, 0x00, 0x00, 0x00, 0x00,
    0x00, 0xaf, 0xff, 0xff, 0xff, 0xff, 0xff, 0xff,
    0xff, 0xff, 0xff, 0xff, 0xd0, 0x00, 0xaf, 0xff,
    0xff, 0xff, 0xff, 0xff, 0xff, 0xff, 0xff, 0xff,
    0xff, 0xe0, 0x00, 0xaf, 0xfd, 0xcc, 0xcc, 0xcc,
    0xff, 0xfd, 0xcc, 0xcc, 0xcc, 0xff, 0xe0, 0x00,
    0xaf, 0xf4, 0x00, 0x00, 0x00, 0xff, 0xf1, 0x00,
    0x00, 0x00, 0xff, 0xe0, 0x00, 0xaf, 0xf4, 0x00,
    0x00, 0x00, 0xff, 0xf1, 0x00, 0x00, 0x00, 0xff,
    0xe0, 0x00, 0xaf, 0xf4, 0x00, 0x00, 0x00, 0xff,
    0xf1, 0x00, 0x00, 0x00, 0xff, 0xe0, 0x00, 0xaf,
    0xfb, 0x99, 0x99, 0x99, 0xff, 0xfa, 0x99, 0x99,
    0x99, 0xff, 0xe0, 0x00, 0xaf, 0xff, 0xff, 0xff,
    0xff, 0xff, 0xff, 0xff, 0xff, 0xff, 0xff, 0xe0,
    0x00, 0xaf, 0xff, 0xff, 0xff, 0xff, 0xff, 0xff,
    0xff, 0xff, 0xff, 0xff, 0xe0, 0x00, 0xaf, 0xf5,
    0x00, 0x00, 0x00, 0xff, 0xf2, 0x00, 0x00, 0x01,
    0xff, 0xe0, 0x00, 0xaf, 0xf4, 0x00, 0x00, 0x00,
    0xff, 0xf1, 0x00, 0x00, 0x00, 0xff, 0xe0, 0x00,
    0xaf, 0xf4, 0x00, 0x00, 0x00, 0xff, 0xf1, 0x00,
    0x00, 0x00, 0xff, 0xe0, 0x00, 0xaf, 0xf5, 0x00,
    0x00, 0x00, 0xff, 0xf2, 0x00, 0x00, 0x01, 0xff,
    0xe0, 0x00, 0xaf, 0xff, 0xff, 0xff, 0xff, 0xff,
    0xff, 0xff, 0xff, 0xff, 0xff, 0xe0, 0x00, 0xaf,
    0xff, 0xff, 0xff, 0xff, 0xff, 0xff, 0xff, 0xff,
    0xff, 0xff, 0xe0, 0x00, 0xaf, 0xfc, 0xbb, 0xbb,
    0xbb, 0xff, 0xfb, 0xbb, 0xbb, 0xbb, 0xbb, 0xa0,
    0x00, 0xaf, 0xf4, 0x00, 0x00, 0x00, 0xff, 0xf1,
    0x00, 0x00, 0x00, 0x00, 0x1e, 0x71, 0x58, 0x82,
    0x00, 0x00, 0x00, 0xff, 0xf1, 0x00, 0x00, 0x00,
    0x00, 0x2f, 0xfb, 0x00, 0x00, 0x00, 0x00, 0x00,
    0xff, 0xf1, 0x00, 0x00, 0x00, 0x00, 0x5f, 0xf9,
    0x00, 0x00, 0x00, 0x00, 0x00, 0xdf, 0xf5, 0x00,
    0x00, 0x00, 0x00, 0xbf, 0xf6, 0x00, 0x00, 0x00,
    0x00, 0x00, 0xbf, 0xff, 0xed, 0xdd, 0xdd, 0xde,
    0xff, 0xf2, 0x00, 0x00, 0x00, 0x00, 0x00, 0x4f,
    0xff, 0xff, 0xff, 0xff, 0xff, 0xff, 0xa0, 0x00,
    0x00, 0x00, 0x00, 0x00, 0x05, 0xce, 0xff, 0xff,
    0xff, 0xff, 0xd8, 0x00,

    /* U+7684 "的" */
    0x00, 0x00, 0x04, 0x10, 0x00, 0x00, 0x00, 0x01,
    0x30, 0x00, 0x00, 0x00, 0x00, 0x00, 0x00, 0x4f,
    0xfc, 0x00, 0x00, 0x00, 0x07, 0xff, 0x40, 0x00,
    0x00, 0x00, 0x00, 0x00, 0x7f, 0xf8, 0x00, 0x00,
    0x00, 0x0c, 0xff, 0x10, 0x00, 0x00, 0x00, 0x00,
    0x00, 0xaf, 0xf2, 0x00, 0x00, 0x00, 0x1f, 0xfc,
    0x00, 0x00, 0x00, 0x00, 0x00, 0x00, 0xef, 0xc0,
    0x00, 0x00, 0x00, 0x6f, 0xf7, 0x00, 0x00, 0x00,
    0x00, 0x47, 0x88, 0xff, 0xb7, 0x77, 0x72, 0x00,
    0xcf, 0xfb, 0xaa, 0xaa, 0xab, 0xa9, 0x9f, 0xff,
    0xff, 0xff, 0xff, 0xf4, 0x02, 0xff, 0xff, 0xff,
    0xff, 0xff, 0xff, 0x9f, 0xff, 0xff, 0xff, 0xff,
    0xf4, 0x09, 0xff, 0xff, 0xff, 0xff, 0xff, 0xfe,
    0x9f, 0xf1, 0x00, 0x00, 0x5f, 0xf4, 0x1f, 0xfe,
    0x00, 0x00, 0x00, 0x0c, 0xfe, 0x9f, 0xf0, 0x00,
    0x00, 0x5f, 0xf4, 0xaf, 0xf7, 0x00, 0x00, 0x00,
    0x0c, 0xfd, 0x9f, 0xf0, 0x00, 0x00, 0x5f, 0xf8,
    0xff, 0xe0, 0x00, 0x00, 0x00, 0x0d, 0xfd, 0x9f,
    0xf0, 0x00, 0x00, 0x5f, 0xfc, 0xff, 0x60, 0x00,
    0x00, 0x00, 0x0d, 0xfc, 0x9f, 0xf0, 0x00, 0x00,
    0x5f, 0xf4, 0x5b, 0x02, 0x70, 0x00, 0x00, 0x0e,
    0xfc, 0x9f, 0xf4, 0x44, 0x44, 0x8f, 0xf4, 0x00,
    0x6f, 0xf6, 0x00, 0x00, 0x0f, 0xfb, 0x9f, 0xff,
    0xff, 0xff, 0xff, 0xf4, 0x00, 0x1f, 0xff, 0x20,
    0x00, 0x0f, 0xfa, 0x9f, 0xff, 0xff, 0xff, 0xff,
    0xf4, 0x00, 0x06, 0xff, 0xc0, 0x00, 0x0f, 0xfa,
    0x9f, 0xf3, 0x33, 0x33, 0x7f, 0xf4, 0x00, 0x00,
    0xbf, 0xf8, 0x00, 0x1f, 0xf9, 0x9f, 0xf0, 0x00,
    0x00, 0x5f, 0xf4, 0x00, 0x00, 0x1f, 0xff, 0x20,
    0x2f, 0xf8, 0x9f, 0xf0, 0x00, 0x00, 0x5f, 0xf4,
    0x00, 0x00, 0x07, 0xff, 0xb0, 0x3f, 0xf7, 0x9f,
    0xf0, 0x00, 0x00, 0x5f, 0xf4, 0x00, 0x00, 0x00,
    0xdf, 0x70, 0x5f, 0xf5, 0x9f, 0xf0, 0x00, 0x00,
    0x5f, 0xf4, 0x00, 0x00, 0x00, 0x41, 0x00, 0x6f,
    0xf4, 0x9f, 0xf0, 0x00, 0x00, 0x5f, 0xf4, 0x00,
    0x00, 0x00, 0x00, 0x00, 0x8f, 0xf3, 0x9f, 0xf1,
    0x00, 0x00, 0x6f, 0xf4, 0x00, 0x00, 0x00, 0x00,
    0x00, 0xaf, 0xf1, 0x9f, 0xff, 0xff, 0xff, 0xff,
    0xf4, 0x00, 0x00, 0x00, 0x00, 0x00, 0xef, 0xe0,
    0x9f, 0xff, 0xff, 0xff, 0xff, 0xf4, 0x00, 0x00,
    0x00, 0x00, 0x03, 0xff, 0xb0, 0x9f, 0xf8, 0x88,
    0x88, 0x88, 0x82, 0x00, 0x00, 0x9a, 0xaa, 0xaf,
    0xff, 0x60, 0x9f, 0xf0, 0x00, 0x00, 0x00, 0x00,
    0x00, 0x00, 0xaf, 0xff, 0xff, 0xfd, 0x00, 0x7d,
    0xd0, 0x00, 0x00, 0x00, 0x00, 0x00, 0x00, 0x5f,
    0xff, 0xfe, 0xa1, 0x00, 0x00, 0x00, 0x00, 0x00,
    0x00, 0x00, 0x00, 0x00, 0x00, 0x00, 0x00, 0x00,
    0x00,

    /* U+76D8 "盘" */
    0x00, 0x00, 0x00, 0x00, 0x00, 0x00, 0x66, 0x30,
    0x00, 0x00, 0x00, 0x00, 0x00, 0x00, 0x00, 0x00,
    0x00, 0x00, 0x00, 0x00, 0xef, 0xf4, 0x00, 0x00,
    0x00, 0x00, 0x00, 0x00, 0x00, 0x00, 0x01, 0x22,
    0x11, 0x16, 0xff, 0xd1, 0x11, 0x11, 0x23, 0x10,
    0x00, 0x00, 0x00, 0x00, 0x0e, 0xff, 0xff, 0xff,
    0xff, 0xff, 0xff, 0xff, 0xff, 0xf8, 0x00, 0x00,
    0x00, 0x00, 0x0e, 0xff, 0xff, 0xff, 0xff, 0xff,
    0xff, 0xff, 0xff, 0xf8, 0x00, 0x00, 0x00, 0x00,
    0x0e, 0xfc, 0x33, 0x36, 0x93, 0x33, 0x33, 0x33,
    0x7f, 0xf8, 0x00, 0x00, 0x00, 0x00, 0x0e, 0xfb,
    0x00, 0x1e, 0xfe, 0x60, 0x00, 0x00, 0x5f, 0xf8,
    0x00, 0x00, 0x00, 0x00, 0x0e, 0xfb, 0x00, 0x18,
    0xff, 0xfc, 0x20, 0x00, 0x5f, 0xf8, 0x00, 0x00,
    0x00, 0x00, 0x0e, 0xfb, 0x00, 0x00, 0x1a, 0xff,
    0x60, 0x00, 0x5f, 0xf8, 0x00, 0x00, 0x68, 0x88,
    0x8f, 0xfd, 0x88, 0x88, 0x88, 0xce, 0x88, 0x88,
    0xaf, 0xfc, 0x88, 0x86, 0xcf, 0xff, 0xff, 0xff,
    0xff, 0xff, 0xff, 0xff, 0xff, 0xff, 0xff, 0xff,
    0xff, 0xfb, 0xbf, 0xff, 0xff, 0xff, 0xff, 0xff,
    0xff, 0xff, 0xff, 0xff, 0xff, 0xff, 0xff, 0xfb,
    0x00, 0x00, 0xaf, 0xf2, 0x00, 0x09, 0x81, 0x00,
    0x00, 0x00, 0x5f, 0xf8, 0x00, 0x00, 0x00, 0x03,
    0xff, 0xd0, 0x00, 0x6f, 0xff, 0x80, 0x00, 0x00,
    0x5f, 0xf8, 0x00, 0x00, 0x00, 0x1d, 0xff, 0x60,
    0x00, 0x04, 0xdf, 0xfe, 0x40, 0x00, 0x5f, 0xf8,
    0x00, 0x00, 0x02, 0xdf, 0xfc, 0x00, 0x00, 0x00,
    0x06, 0xff, 0x2a, 0xee, 0xff, 0xf7, 0x00, 0x00,
    0x0b, 0xff, 0xe2, 0x00, 0x00, 0x00, 0x00, 0x13,
    0x05, 0xff, 0xff, 0xd1, 0x00, 0x00, 0x00, 0xbd,
    0x20, 0x00, 0x00, 0x00, 0x00, 0x00, 0x01, 0x66,
    0x53, 0x00, 0x00, 0x00, 0x00, 0x09, 0xff, 0xff,
    0xff, 0xff, 0xff, 0xff, 0xff, 0xff, 0xff, 0xff,
    0x40, 0x00, 0x00, 0x09, 0xff, 0xff, 0xff, 0xff,
    0xff, 0xff, 0xff, 0xff, 0xff, 0xff, 0x40, 0x00,
    0x00, 0x09, 0xff, 0x54, 0x4b, 0xff, 0x54, 0x4b,
    0xff, 0x54, 0x4a, 0xff, 0x40, 0x00, 0x00, 0x09,
    0xff, 0x10, 0x09, 0xff, 0x00, 0x09, 0xff, 0x00,
    0x08, 0xff, 0x40, 0x00, 0x00, 0x09, 0xff, 0x10,
    0x09, 0xff, 0x00, 0x09, 0xff, 0x00, 0x08, 0xff,
    0x40, 0x00, 0x00, 0x09, 0xff, 0x10, 0x09, 0xff,
    0x00, 0x09, 0xff, 0x00, 0x08, 0xff, 0x40, 0x00,
    0x00, 0x09, 0xff, 0x10, 0x09, 0xff, 0x00, 0x09,
    0xff, 0x00, 0x08, 0xff, 0x40, 0x00, 0xdf, 0xff,
    0xff, 0xff, 0xff, 0xff, 0xff, 0xff, 0xff, 0xff,
    0xff, 0xff, 0xff, 0xfa, 0xef, 0xff, 0xff, 0xff,
    0xff, 0xff, 0xff, 0xff, 0xff, 0xff, 0xff, 0xff,
    0xff, 0xfb, 0x78, 0x88, 0x88, 0x88, 0x88, 0x88,
    0x88, 0x88, 0x88, 0x88, 0x88, 0x88, 0x88, 0x85,

    /* U+76F8 "相" */
    0x00, 0x00, 0x00, 0x45, 0x40, 0x00, 0x00, 0x00,
    0x00, 0x00, 0x00, 0x00, 0x00, 0x00, 0x00, 0x00,
    0x00, 0xef, 0xc0, 0x00, 0x00, 0x00, 0x00, 0x00,
    0x00, 0x00, 0x00, 0x00, 0x00, 0x00, 0x00, 0xef,
    0xc0, 0x00, 0x00, 0x8a, 0xaa, 0xaa, 0xaa, 0xaa,
    0xaa, 0xa9, 0x00, 0x00, 0x00, 0xef, 0xc0, 0x00,
    0x00, 0xdf, 0xff, 0xff, 0xff, 0xff, 0xff, 0xfe,
    0x00, 0x00, 0x00, 0xef, 0xc0, 0x00, 0x00, 0xdf,
    0xff, 0xff, 0xff, 0xff, 0xff, 0xfe, 0x00, 0x00,
    0x00, 0xef, 0xc0, 0x00, 0x00, 0xdf, 0xe0, 0x00,
    0x00, 0x00, 0x0f, 0xfe, 0x00, 0x00, 0x00, 0xef,
    0xc0, 0x00, 0x00, 0xdf, 0xe0, 0x00, 0x00, 0x00,
    0x0f, 0xfe, 0x08, 0xff, 0xff, 0xff, 0xff, 0xff,
    0xd0, 0xdf, 0xe0, 0x00, 0x00, 0x00, 0x0f, 0xfe,
    0x08, 0xff, 0xff, 0xff, 0xff, 0xff, 0xd0, 0xdf,
    0xe0, 0x00, 0x00, 0x00, 0x0f, 0xfe, 0x05, 0xaa,
    0xac, 0xff, 0xea, 0xaa, 0x80, 0xdf, 0xf9, 0x99,
    0x99, 0x99, 0x9f, 0xfe, 0x00, 0x00, 0x08, 0xff,
    0xc0, 0x00, 0x00, 0xdf, 0xff, 0xff, 0xff, 0xff,
    0xff, 0xfe, 0x00, 0x00, 0x0d, 0xff, 0xd0, 0x00,
    0x00, 0xdf, 0xff, 0xff, 0xff, 0xff, 0xff, 0xfe,
    0x00, 0x00, 0x2f, 0xff, 0xf6, 0x00, 0x00, 0xdf,
    0xe0, 0x00, 0x00, 0x00, 0x0f, 0xfe, 0x00, 0x00,
    0x8f, 0xff, 0xff, 0x40, 0x00, 0xdf, 0xe0, 0x00,
    0x00, 0x00, 0x0f, 0xfe, 0x00, 0x00, 0xef, 0xff,
    0xff, 0xf3, 0x00, 0xdf, 0xe0, 0x00, 0x00, 0x00,
    0x0f, 0xfe, 0x00, 0x05, 0xfe, 0xff, 0xdd, 0xfe,
    0x20, 0xdf, 0xe0, 0x00, 0x00, 0x00, 0x0f, 0xfe,
    0x00, 0x0d, 0xf9, 0xef, 0xc3, 0xff, 0xd0, 0xdf,
    0xf8, 0x88, 0x88, 0x88, 0x8f, 0xfe, 0x00, 0x6f,
    0xf2, 0xef, 0xc0, 0x8f, 0xb0, 0xdf, 0xff, 0xff,
    0xff, 0xff, 0xff, 0xfe, 0x01, 0xef, 0xb0, 0xef,
    0xc0, 0x0c, 0x10, 0xdf, 0xff, 0xff, 0xff, 0xff,
    0xff, 0xfe, 0x0a, 0xff, 0x40, 0xef, 0xc0, 0x00,
    0x00, 0xdf, 0xf1, 0x11, 0x11, 0x11, 0x1f, 0xfe,
    0x1f, 0xfc, 0x00, 0xef, 0xc0, 0x00, 0x00, 0xdf,
    0xe0, 0x00, 0x00, 0x00, 0x0f, 0xfe, 0x09, 0xf3,
    0x00, 0xef, 0xc0, 0x00, 0x00, 0xdf, 0xe0, 0x00,
    0x00, 0x00, 0x0f, 0xfe, 0x02, 0x90, 0x00, 0xef,
    0xc0, 0x00, 0x00, 0xdf, 0xe0, 0x00, 0x00, 0x00,
    0x0f, 0xfe, 0x00, 0x00, 0x00, 0xef, 0xc0, 0x00,
    0x00, 0xdf, 0xe0, 0x00, 0x00, 0x00, 0x0f, 0xfe,
    0x00, 0x00, 0x00, 0xef, 0xc0, 0x00, 0x00, 0xdf,
    0xff, 0xff, 0xff, 0xff, 0xff, 0xfe, 0x00, 0x00,
    0x00, 0xef, 0xc0, 0x00, 0x00, 0xdf, 0xff, 0xff,
    0xff, 0xff, 0xff, 0xfe, 0x00, 0x00, 0x00, 0xef,
    0xc0, 0x00, 0x00, 0xdf, 0xf9, 0x99, 0x99, 0x99,
    0x9f, 0xfe, 0x00, 0x00, 0x00, 0xef, 0xc0, 0x00,
    0x00, 0xdf, 0xe0, 0x00, 0x00, 0x00, 0x0f, 0xfe,
    0x00, 0x00, 0x00, 0x00, 0x00, 0x00, 0x00, 0x22,
    0x20, 0x00, 0x00, 0x00, 0x00, 0x00,

    /* U+770B "看" */
    0x00, 0x00, 0x00, 0x00, 0x00, 0x00, 0x00, 0x00,
    0x00, 0x00, 0x00, 0x01, 0x00, 0x00, 0x00, 0x00,
    0x00, 0x00, 0x00, 0x00, 0x01, 0x23, 0x46, 0x79,
    0xac, 0xff, 0x40, 0x00, 0x00, 0x3c, 0xdd, 0xdd,
    0xee, 0xff, 0xff, 0xff, 0xff, 0xff, 0xff, 0xff,
    0xf2, 0x00, 0x00, 0x0f, 0xff, 0xff, 0xff, 0xff,
    0xff, 0xff, 0xed, 0xca, 0x97, 0x53, 0x00, 0x00,
    0x00, 0x05, 0x55, 0x55, 0x44, 0x6f, 0xfd, 0x00,
    0x00, 0x00, 0x00, 0x00, 0x00, 0x00, 0x00, 0x00,
    0x00, 0x00, 0x00, 0x7f, 0xf9, 0x00, 0x00, 0x00,
    0x00, 0x00, 0x00, 0x00, 0x00, 0x0f, 0xff, 0xff,
    0xff, 0xff, 0xff, 0xff, 0xff, 0xff, 0xff, 0xff,
    0xfb, 0x00, 0x00, 0x0f, 0xff, 0xff, 0xff, 0xff,
    0xff, 0xff, 0xff, 0xff, 0xff, 0xff, 0xfb, 0x00,
    0x00, 0x02, 0x22, 0x22, 0x2a, 0xff, 0x82, 0x22,
    0x22, 0x22, 0x22, 0x22, 0x21, 0x00, 0x00, 0x00,
    0x00, 0x00, 0x1f, 0xff, 0x20, 0x00, 0x00, 0x00,
    0x00, 0x00, 0x00, 0x00, 0x1f, 0xff, 0xff, 0xff,
    0xff, 0xff, 0xff, 0xff, 0xff, 0xff, 0xff, 0xff,
    0xff, 0xf8, 0x1f, 0xff, 0xff, 0xff, 0xff, 0xff,
    0xff, 0xff, 0xff, 0xff, 0xff, 0xff, 0xff, 0xf8,
    0x04, 0x44, 0x44, 0x4c, 0xff, 0xa4, 0x44, 0x44,
    0x44, 0x44, 0x44, 0x44, 0x44, 0x42, 0x00, 0x00,
    0x00, 0x4f, 0xff, 0x10, 0x00, 0x00, 0x00, 0x00,
    0x00, 0x00, 0x00, 0x00, 0x00, 0x00, 0x01, 0xef,
    0xff, 0xff, 0xff, 0xff, 0xff, 0xff, 0xff, 0xff,
    0x60, 0x00, 0x00, 0x00, 0x0c, 0xff, 0xff, 0xff,
    0xff, 0xff, 0xff, 0xff, 0xff, 0xff, 0x60, 0x00,
    0x00, 0x00, 0xbf, 0xff, 0xf8, 0x33, 0x33, 0x33,
    0x33, 0x33, 0x38, 0xff, 0x60, 0x00, 0x00, 0x1c,
    0xff, 0xff, 0xf7, 0x00, 0x00, 0x00, 0x00, 0x00,
    0x07, 0xff, 0x60, 0x00, 0x04, 0xef, 0xfe, 0x8f,
    0xff, 0xff, 0xff, 0xff, 0xff, 0xff, 0xff, 0xff,
    0x60, 0x00, 0x9f, 0xff, 0xe2, 0x4f, 0xfe, 0xdd,
    0xdd, 0xdd, 0xdd, 0xdd, 0xde, 0xff, 0x60, 0x00,
    0x3f, 0xfb, 0x10, 0x4f, 0xf7, 0x00, 0x00, 0x00,
    0x00, 0x00, 0x07, 0xff, 0x60, 0x00, 0x05, 0x60,
    0x00, 0x4f, 0xfd, 0xbb, 0xbb, 0xbb, 0xbb, 0xbb,
    0xbd, 0xff, 0x60, 0x00, 0x00, 0x00, 0x00, 0x4f,
    0xff, 0xff, 0xff, 0xff, 0xff, 0xff, 0xff, 0xff,
    0x60, 0x00, 0x00, 0x00, 0x00, 0x4f, 0xf8, 0x22,
    0x22, 0x22, 0x22, 0x22, 0x28, 0xff, 0x60, 0x00,
    0x00, 0x00, 0x00, 0x4f, 0xf7, 0x00, 0x00, 0x00,
    0x00, 0x00, 0x07, 0xff, 0x60, 0x00, 0x00, 0x00,
    0x00, 0x4f, 0xff, 0xff, 0xff, 0xff, 0xff, 0xff,
    0xff, 0xff, 0x60, 0x00, 0x00, 0x00, 0x00, 0x4f,
    0xff, 0xff, 0xff, 0xff, 0xff, 0xff, 0xff, 0xff,
    0x60, 0x00, 0x00, 0x00, 0x00, 0x4f, 0xf9, 0x33,
    0x33, 0x33, 0x33, 0x33, 0x39, 0xff, 0x60, 0x00,

    /* U+7761 "睡" */
    0x00, 0x00, 0x00, 0x00, 0x00, 0x00, 0x00, 0x00,
    0x00, 0x13, 0x57, 0x9c, 0xb0, 0x00, 0x08, 0x88,
    0x88, 0x88, 0x20, 0x17, 0x9a, 0xbc, 0xef, 0xff,
    0xff, 0xff, 0xf3, 0x00, 0x1f, 0xff, 0xff, 0xff,
    0x50, 0x0f, 0xff, 0xff, 0xff, 0xff, 0xff, 0xec,
    0xa4, 0x00, 0x1f, 0xff, 0xff, 0xff, 0x50, 0x09,
    0xcb, 0xa9, 0x8e, 0xff, 0x21, 0x00, 0x00, 0x00,
    0x1f, 0xf3, 0x00, 0xef, 0x50, 0x00, 0x00, 0x00,
    0x0d, 0xfe, 0x00, 0x00, 0x00, 0x00, 0x1f, 0xf3,
    0x00, 0xef, 0x50, 0x00, 0x00, 0x00, 0x0d, 0xfe,
    0x00, 0x00, 0x00, 0x00, 0x1f, 0xf3, 0x00, 0xef,
    0x50, 0x77, 0x77, 0x77, 0x7e, 0xff, 0x77, 0x77,
    0x77, 0x70, 0x1f, 0xf8, 0x66, 0xff, 0x51, 0xff,
    0xff, 0xff, 0xff, 0xff, 0xff, 0xff, 0xff, 0xf0,
    0x1f, 0xff, 0xff, 0xff, 0x51, 0xff, 0xff, 0xff,
    0xff, 0xff, 0xff, 0xff, 0xff, 0xf0, 0x1f, 0xff,
    0xff, 0xff, 0x50, 0x33, 0xff, 0x93, 0x3d, 0xff,
    0x33, 0x9f, 0xf3, 0x30, 0x1f, 0xf4, 0x11, 0xff,
    0x50, 0x00, 0xef, 0x70, 0x0d, 0xfe, 0x00, 0x7f,
    0xe0, 0x00, 0x1f, 0xf3, 0x00, 0xef, 0x50, 0x00,
    0xef, 0x70, 0x0d, 0xfe, 0x00, 0x7f, 0xe0, 0x00,
    0x1f, 0xf3, 0x00, 0xef, 0x55, 0x99, 0xff, 0xc9,
    0x9e, 0xff, 0x99, 0xcf, 0xf9, 0x96, 0x1f, 0xf5,
    0x33, 0xff, 0x59, 0xff, 0xff, 0xff, 0xff, 0xff,
    0xff, 0xff, 0xff, 0xfa, 0x1f, 0xff, 0xff, 0xff,
    0x59, 0xff, 0xff, 0xff, 0xff, 0xff, 0xff, 0xff,
    0xff, 0xfa, 0x1f, 0xff, 0xff, 0xff, 0x50, 0x11,
    0xff, 0x81, 0x1d, 0xff, 0x11, 0x8f, 0xf1, 0x10,
    0x1f, 0xf6, 0x33, 0xff, 0x50, 0x00, 0xef, 0x70,
    0x0d, 0xfe, 0x00, 0x7f, 0xe0, 0x00, 0x1f, 0xf3,
    0x00, 0xef, 0x50, 0x00, 0xef, 0x70, 0x0d, 0xfe,
    0x00, 0x7f, 0xe0, 0x00, 0x1f, 0xf3, 0x00, 0xef,
    0x52, 0xcc, 0xff, 0xec, 0xcf, 0xff, 0xcc, 0xef,
    0xfc, 0xc0, 0x1f, 0xf3, 0x00, 0xef, 0x53, 0xff,
    0xff, 0xff, 0xff, 0xff, 0xff, 0xff, 0xff, 0xf0,
    0x1f, 0xff, 0xff, 0xff, 0x53, 0xff, 0xff, 0xff,
    0xff, 0xff, 0xff, 0xff, 0xff, 0xf0, 0x1f, 0xff,
    0xff, 0xff, 0x50, 0x00, 0x00, 0x00, 0x0d, 0xfe,
    0x00, 0x00, 0x00, 0x00, 0x1f, 0xfa, 0x88, 0x88,
    0x20, 0x00, 0x00, 0x00, 0x0d, 0xfe, 0x00, 0x00,
    0x00, 0x00, 0x1f, 0xf3, 0x00, 0x00, 0x00, 0x00,
    0x00, 0x00, 0x0d, 0xfe, 0x00, 0x00, 0x00, 0x00,
    0x1f, 0xf3, 0x00, 0x00, 0x00, 0x2f, 0xff, 0xff,
    0xff, 0xff, 0xff, 0xff, 0xff, 0x00, 0x02, 0x20,
    0x00, 0x00, 0x00, 0x2f, 0xff, 0xff, 0xff, 0xff,
    0xff, 0xff, 0xff, 0x00, 0x00, 0x00, 0x00, 0x00,
    0x00, 0x1a, 0xaa, 0xaa, 0xaa, 0xaa, 0xaa, 0xaa,
    0xa9, 0x00,

    /* U+77E5 "知" */
    0x00, 0x00, 0x21, 0x00, 0x00, 0x00, 0x00, 0x00,
    0x00, 0x00, 0x00, 0x00, 0x00, 0x00, 0x00, 0x00,
    0xdf, 0xe0, 0x00, 0x00, 0x00, 0x00, 0x00, 0x00,
    0x00, 0x00, 0x00, 0x00, 0x00, 0x00, 0xff, 0xd0,
    0x00, 0x00, 0x00, 0x00, 0x00, 0x00, 0x00, 0x00,
    0x00, 0x00, 0x00, 0x04, 0xff, 0x90, 0x00, 0x00,
    0x00, 0x00, 0x8b, 0xbb, 0xbb, 0xbb, 0xbb, 0xb4,
    0x00, 0x09, 0xff, 0x96, 0x66, 0x66, 0x66, 0x30,
    0xbf, 0xff, 0xff, 0xff, 0xff, 0xf6, 0x00, 0x0e,
    0xff, 0xff, 0xff, 0xff, 0xff, 0x80, 0xbf, 0xff,
    0xff, 0xff, 0xff, 0xf6, 0x00, 0x4f, 0xff, 0xff,
    0xff, 0xff, 0xff, 0x80, 0xbf, 0xf0, 0x00, 0x00,
    0x8f, 0xf6, 0x00, 0xbf, 0xf6, 0x4d, 0xff, 0x44,
    0x44, 0x20, 0xbf, 0xf0, 0x00, 0x00, 0x8f, 0xf6,
    0x03, 0xff, 0xd0, 0x0d, 0xff, 0x00, 0x00, 0x00,
    0xbf, 0xf0, 0x00, 0x00, 0x8f, 0xf6, 0x0c, 0xff,
    0x60, 0x0d, 0xff, 0x00, 0x00, 0x00, 0xbf, 0xf0,
    0x00, 0x00, 0x8f, 0xf6, 0x09, 0xfd, 0x00, 0x0d,
    0xff, 0x00, 0x00, 0x00, 0xbf, 0xf0, 0x00, 0x00,
    0x8f, 0xf6, 0x00, 0x54, 0x00, 0x0d, 0xff, 0x00,
    0x00, 0x00, 0xbf, 0xf0, 0x00, 0x00, 0x8f, 0xf6,
    0x01, 0x11, 0x11, 0x1d, 0xff, 0x21, 0x11, 0x10,
    0xbf, 0xf0, 0x00, 0x00, 0x8f, 0xf6, 0x0c, 0xff,
    0xff, 0xff, 0xff, 0xff, 0xff, 0xf6, 0xbf, 0xf0,
    0x00, 0x00, 0x8f, 0xf6, 0x0c, 0xff, 0xff, 0xff,
    0xff, 0xff, 0xff, 0xf6, 0xbf, 0xf0, 0x00, 0x00,
    0x8f, 0xf6, 0x07, 0x99, 0x99, 0xaf, 0xfe, 0x99,
    0x99, 0x93, 0xbf, 0xf0, 0x00, 0x00, 0x8f, 0xf6,
    0x00, 0x00, 0x00, 0x2f, 0xfb, 0x00, 0x00, 0x00,
    0xbf, 0xf0, 0x00, 0x00, 0x8f, 0xf6, 0x00, 0x00,
    0x00, 0x5f, 0xfd, 0x00, 0x00, 0x00, 0xbf, 0xf0,
    0x00, 0x00, 0x8f, 0xf6, 0x00, 0x00, 0x00, 0x9f,
    0xff, 0xb0, 0x00, 0x00, 0xbf, 0xf0, 0x00, 0x00,
    0x8f, 0xf6, 0x00, 0x00, 0x00, 0xef, 0xff, 0xfa,
    0x00, 0x00, 0xbf, 0xf0, 0x00, 0x00, 0x8f, 0xf6,
    0x00, 0x00, 0x04, 0xff, 0xcc, 0xff, 0x90, 0x00,
    0xbf, 0xf0, 0x00, 0x00, 0x8f, 0xf6, 0x00, 0x00,
    0x0c, 0xff, 0x61, 0xef, 0xf7, 0x00, 0xbf, 0xf0,
    0x00, 0x00, 0x8f, 0xf6, 0x00, 0x00, 0x5f, 0xfe,
    0x00, 0x3f, 0xff, 0x50, 0xbf, 0xf1, 0x11, 0x11,
    0x8f, 0xf6, 0x00, 0x01, 0xef, 0xf6, 0x00, 0x07,
    0xff, 0xf3, 0xbf, 0xff, 0xff, 0xff, 0xff, 0xf6,
    0x00, 0x0c, 0xff, 0xd0, 0x00, 0x00, 0xaf, 0xc0,
    0xbf, 0xff, 0xff, 0xff, 0xff, 0xf6, 0x01, 0xcf,
    0xff, 0x20, 0x00, 0x00, 0x1d, 0x10, 0xbf, 0xf9,
    0x99, 0x99, 0xcf, 0xf6, 0x0c, 0xff, 0xf5, 0x00,
    0x00, 0x00, 0x00, 0x00, 0xbf, 0xf0, 0x00, 0x00,
    0x8f, 0xf6, 0x02, 0xef, 0x50, 0x00, 0x00, 0x00,
    0x00, 0x00, 0xae, 0xe0, 0x00, 0x00, 0x48, 0x83,
    0x00, 0x33, 0x00, 0x00, 0x00, 0x00, 0x00, 0x00,
    0x00, 0x00, 0x00, 0x00, 0x00, 0x00,

    /* U+7801 "码" */
    0x07, 0xcc, 0xcc, 0xcc, 0xcc, 0xcb, 0x09, 0xaa,
    0xaa, 0xaa, 0xaa, 0xab, 0xa7, 0x00, 0x00, 0x9f,
    0xff, 0xff, 0xff, 0xff, 0xf0, 0xef, 0xff, 0xff,
    0xff, 0xff, 0xff, 0xb0, 0x00, 0x07, 0xcc, 0xdf,
    0xfe, 0xcc, 0xcb, 0x0d, 0xff, 0xff, 0xff, 0xff,
    0xff, 0xfa, 0x00, 0x00, 0x00, 0x04, 0xff, 0x60,
    0x00, 0x00, 0x00, 0x00, 0x00, 0x00, 0x02, 0xff,
    0x90, 0x00, 0x00, 0x00, 0x7f, 0xf3, 0x00, 0x00,
    0x00, 0x17, 0x62, 0x00, 0x00, 0x3f, 0xf7, 0x00,
    0x00, 0x00, 0x0b, 0xff, 0x00, 0x00, 0x00, 0x03,
    0xff, 0x50, 0x00, 0x05, 0xff, 0x50, 0x00, 0x00,
    0x00, 0xff, 0xb0, 0x00, 0x00, 0x00, 0x4f, 0xf4,
    0x00, 0x00, 0x6f, 0xf4, 0x00, 0x00, 0x00, 0x4f,
    0xf7, 0x00, 0x00, 0x00, 0x06, 0xff, 0x30, 0x00,
    0x08, 0xff, 0x20, 0x00, 0x00, 0x09, 0xff, 0x20,
    0x00, 0x00, 0x00, 0x8f, 0xf1, 0x00, 0x00, 0xaf,
    0xf0, 0x00, 0x00, 0x00, 0xef, 0xf8, 0x88, 0x88,
    0x10, 0x0a, 0xff, 0x00, 0x00, 0x0c, 0xff, 0x00,
    0x00, 0x00, 0x5f, 0xff, 0xff, 0xff, 0xf3, 0x00,
    0xcf, 0xe0, 0x00, 0x00, 0xdf, 0xd0, 0x00, 0x00,
    0x0d, 0xff, 0xff, 0xff, 0xff, 0x30, 0x0e, 0xfd,
    0x33, 0x33, 0x3f, 0xfc, 0x33, 0x32, 0x06, 0xff,
    0xfc, 0x00, 0x4f, 0xf3, 0x01, 0xff, 0xff, 0xff,
    0xff, 0xff, 0xff, 0xff, 0x71, 0xef, 0xff, 0xc0,
    0x04, 0xff, 0x30, 0x3f, 0xff, 0xff, 0xff, 0xff,
    0xff, 0xff, 0xf6, 0x0e, 0xff, 0xfc, 0x00, 0x4f,
    0xf3, 0x01, 0x34, 0x33, 0x33, 0x33, 0x33, 0x38,
    0xff, 0x50, 0x9e, 0xcf, 0xc0, 0x04, 0xff, 0x30,
    0x00, 0x00, 0x00, 0x00, 0x00, 0x00, 0x8f, 0xf3,
    0x03, 0x5a, 0xfc, 0x00, 0x4f, 0xf3, 0x00, 0x00,
    0x00, 0x00, 0x00, 0x00, 0x0a, 0xff, 0x10, 0x00,
    0xaf, 0xc0, 0x04, 0xff, 0x32, 0x33, 0x33, 0x33,
    0x33, 0x33, 0x10, 0xcf, 0xf0, 0x00, 0x0a, 0xfc,
    0x00, 0x4f, 0xf3, 0xaf, 0xff, 0xff, 0xff, 0xff,
    0xf6, 0x0e, 0xfe, 0x00, 0x00, 0xaf, 0xc0, 0x04,
    0xff, 0x3a, 0xff, 0xff, 0xff, 0xff, 0xff, 0x61,
    0xff, 0xb0, 0x00, 0x0a, 0xfe, 0x99, 0xbf, 0xf3,
    0x36, 0x66, 0x66, 0x66, 0x66, 0x62, 0x4f, 0xf8,
    0x00, 0x00, 0xaf, 0xff, 0xff, 0xff, 0x30, 0x00,
    0x00, 0x00, 0x00, 0x00, 0x08, 0xff, 0x50, 0x00,
    0x0a, 0xff, 0xff, 0xff, 0xf2, 0x00, 0x00, 0x00,
    0x00, 0x00, 0x00, 0xef, 0xf2, 0x00, 0x00, 0xaf,
    0xc0, 0x00, 0x00, 0x00, 0x00, 0x00, 0x00, 0x48,
    0x77, 0xcf, 0xfd, 0x00, 0x00, 0x0a, 0xfc, 0x00,
    0x00, 0x00, 0x00, 0x00, 0x00, 0x04, 0xff, 0xff,
    0xff, 0x50, 0x00, 0x00, 0x34, 0x30, 0x00, 0x00,
    0x00, 0x00, 0x00, 0x00, 0x0f, 0xff, 0xfd, 0x50,
    0x00, 0x00, 0x00, 0x00, 0x00, 0x00, 0x00, 0x00,
    0x00, 0x00, 0x00, 0x00, 0x00, 0x00, 0x00, 0x00,

    /* U+786E "确" */
    0x00, 0x00, 0x00, 0x00, 0x00, 0x00, 0x00, 0x00,
    0x62, 0x00, 0x00, 0x00, 0x00, 0x00, 0x00, 0x00,
    0x00, 0x00, 0x00, 0x00, 0x00, 0x02, 0xff, 0x70,
    0x00, 0x00, 0x00, 0x00, 0x05, 0xff, 0xff, 0xff,
    0xff, 0xfe, 0x00, 0x09, 0xff, 0x20, 0x00, 0x00,
    0x00, 0x00, 0x05, 0xff, 0xff, 0xff, 0xff, 0xfe,
    0x00, 0x1f, 0xff, 0xff, 0xff, 0xff, 0xa0, 0x00,
    0x03, 0x99, 0xaf, 0xfd, 0x99, 0x99, 0x00, 0x9f,
    0xff, 0xff, 0xff, 0xff, 0xf4, 0x00, 0x00, 0x00,
    0x2f, 0xf8, 0x00, 0x00, 0x02, 0xff, 0xc6, 0x66,
    0x67, 0xff, 0xb0, 0x00, 0x00, 0x00, 0x6f, 0xf4,
    0x00, 0x00, 0x0c, 0xff, 0x30, 0x00, 0x0b, 0xff,
    0x20, 0x00, 0x00, 0x00, 0x9f, 0xf0, 0x00, 0x00,
    0x8f, 0xf9, 0x00, 0x00, 0x6f, 0xf6, 0x00, 0x00,
    0x00, 0x00, 0xdf, 0xc0, 0x00, 0x06, 0xff, 0xf8,
    0x77, 0x78, 0xff, 0xe7, 0x78, 0x76, 0x00, 0x02,
    0xff, 0x80, 0x00, 0x5f, 0xff, 0xff, 0xff, 0xff,
    0xff, 0xff, 0xff, 0xfd, 0x00, 0x07, 0xff, 0x30,
    0x00, 0x1e, 0xff, 0xff, 0xff, 0xff, 0xff, 0xff,
    0xff, 0xfd, 0x00, 0x0d, 0xff, 0x66, 0x66, 0x65,
    0x7b, 0xfe, 0x00, 0x0e, 0xf9, 0x00, 0x0e, 0xfd,
    0x00, 0x3f, 0xff, 0xff, 0xff, 0xf1, 0x0b, 0xfe,
    0x00, 0x0e, 0xf9, 0x00, 0x0e, 0xfd, 0x00, 0xbf,
    0xff, 0xff, 0xff, 0xf1, 0x0b, 0xff, 0x44, 0x4f,
    0xfb, 0x44, 0x4e, 0xfd, 0x04, 0xff, 0xfe, 0x11,
    0x5f, 0xf1, 0x0b, 0xff, 0xff, 0xff, 0xff, 0xff,
    0xff, 0xfd, 0x0d, 0xff, 0xfe, 0x00, 0x5f, 0xf1,
    0x0b, 0xff, 0xff, 0xff, 0xff, 0xff, 0xff, 0xfd,
    0x0b, 0xff, 0xfe, 0x00, 0x5f, 0xf1, 0x0b, 0xfe,
    0x00, 0x0e, 0xf9, 0x00, 0x0e, 0xfd, 0x05, 0xfb,
    0xfe, 0x00, 0x5f, 0xf1, 0x0c, 0xfe, 0x00, 0x0e,
    0xf9, 0x00, 0x0e, 0xfd, 0x00, 0x78, 0xfe, 0x00,
    0x5f, 0xf1, 0x0c, 0xfd, 0x22, 0x2f, 0xfa, 0x22,
    0x2e, 0xfd, 0x00, 0x08, 0xfe, 0x00, 0x5f, 0xf1,
    0x0e, 0xff, 0xff, 0xff, 0xff, 0xff, 0xff, 0xfd,
    0x00, 0x08, 0xfe, 0x00, 0x5f, 0xf1, 0x0f, 0xff,
    0xff, 0xff, 0xff, 0xff, 0xff, 0xfd, 0x00, 0x08,
    0xfe, 0x00, 0x5f, 0xf1, 0x2f, 0xf9, 0x55, 0x5f,
    0xfb, 0x55, 0x5e, 0xfd, 0x00, 0x08, 0xff, 0x99,
    0xbf, 0xf1, 0x6f, 0xf4, 0x00, 0x0e, 0xf9, 0x00,
    0x0e, 0xfd, 0x00, 0x08, 0xff, 0xff, 0xff, 0xf1,
    0xbf, 0xf0, 0x00, 0x0e, 0xf9, 0x00, 0x0e, 0xfd,
    0x00, 0x08, 0xff, 0xff, 0xff, 0xf3, 0xff, 0xa0,
    0x00, 0x0e, 0xf9, 0x00, 0x0e, 0xfd, 0x00, 0x08,
    0xfe, 0x00, 0x00, 0x0a, 0xff, 0x30, 0x00, 0x0e,
    0xf9, 0x26, 0x6f, 0xfc, 0x00, 0x08, 0xfe, 0x00,
    0x00, 0x5f, 0xfb, 0x00, 0x00, 0x0e, 0xf9, 0x1f,
    0xff, 0xfa, 0x00, 0x02, 0x44, 0x00, 0x00, 0x4c,
    0xf2, 0x00, 0x00, 0x06, 0x74, 0x0d, 0xff, 0xc2,
    0x00, 0x00, 0x00, 0x00, 0x00, 0x00, 0x20, 0x00,
    0x00, 0x00, 0x00, 0x00, 0x00, 0x00,

    /* U+793A "示" */
    0x00, 0x00, 0x00, 0x00, 0x00, 0x00, 0x00, 0x00,
    0x00, 0x00, 0x00, 0x00, 0x00, 0x00, 0x00, 0x00,
    0x0d, 0xff, 0xff, 0xff, 0xff, 0xff, 0xff, 0xff,
    0xff, 0xff, 0xff, 0x60, 0x00, 0x00, 0x00, 0xdf,
    0xff, 0xff, 0xff, 0xff, 0xff, 0xff, 0xff, 0xff,
    0xff, 0xf6, 0x00, 0x00, 0x00, 0x09, 0xbb, 0xbb,
    0xbb, 0xbb, 0xbb, 0xbb, 0xbb, 0xbb, 0xbb, 0xbb,
    0x40, 0x00, 0x00, 0x00, 0x00, 0x00, 0x00, 0x00,
    0x00, 0x00, 0x00, 0x00, 0x00, 0x00, 0x00, 0x00,
    0x00, 0x00, 0x00, 0x00, 0x00, 0x00, 0x00, 0x00,
    0x00, 0x00, 0x00, 0x00, 0x00, 0x00, 0x00, 0x00,
    0x00, 0x00, 0x00, 0x00, 0x00, 0x00, 0x00, 0x00,
    0x00, 0x00, 0x00, 0x00, 0x00, 0x00, 0x00, 0x00,
    0x00, 0x00, 0x00, 0x00, 0x00, 0x00, 0x00, 0x00,
    0x00, 0x00, 0x00, 0x00, 0x07, 0xdd, 0xdd, 0xdd,
    0xdd, 0xdd, 0xdd, 0xdd, 0xdd, 0xdd, 0xdd, 0xdd,
    0xdd, 0xdd, 0x10, 0x8f, 0xff, 0xff, 0xff, 0xff,
    0xff, 0xff, 0xff, 0xff, 0xff, 0xff, 0xff, 0xff,
    0xf1, 0x07, 0xff, 0xff, 0xff, 0xff, 0xff, 0xff,
    0xff, 0xff, 0xff, 0xff, 0xff, 0xff, 0xff, 0x10,
    0x00, 0x00, 0x00, 0x00, 0x00, 0x00, 0xbf, 0xf6,
    0x00, 0x00, 0x00, 0x00, 0x00, 0x00, 0x00, 0x00,
    0x00, 0x00, 0x00, 0x00, 0x0b, 0xff, 0x60, 0x00,
    0x00, 0x00, 0x00, 0x00, 0x00, 0x00, 0x00, 0x06,
    0x40, 0x00, 0x00, 0xbf, 0xf6, 0x00, 0x00, 0x16,
    0x00, 0x00, 0x00, 0x00, 0x00, 0x02, 0xff, 0xf1,
    0x00, 0x0b, 0xff, 0x60, 0x00, 0x8f, 0xf9, 0x00,
    0x00, 0x00, 0x00, 0x00, 0x9f, 0xfb, 0x00, 0x00,
    0xbf, 0xf6, 0x00, 0x02, 0xff, 0xf5, 0x00, 0x00,
    0x00, 0x00, 0x2f, 0xff, 0x30, 0x00, 0x0b, 0xff,
    0x60, 0x00, 0x07, 0xff, 0xe1, 0x00, 0x00, 0x00,
    0x0c, 0xff, 0xa0, 0x00, 0x00, 0xbf, 0xf6, 0x00,
    0x00, 0x0c, 0xff, 0x90, 0x00, 0x00, 0x07, 0xff,
    0xf1, 0x00, 0x00, 0x0b, 0xff, 0x60, 0x00, 0x00,
    0x3f, 0xff, 0x30, 0x00, 0x03, 0xff, 0xf6, 0x00,
    0x00, 0x00, 0xbf, 0xf6, 0x00, 0x00, 0x00, 0xaf,
    0xfc, 0x00, 0x02, 0xef, 0xfb, 0x00, 0x00, 0x00,
    0x0b, 0xff, 0x60, 0x00, 0x00, 0x02, 0xff, 0xf4,
    0x01, 0xef, 0xfd, 0x10, 0x00, 0x00, 0x00, 0xbf,
    0xf6, 0x00, 0x00, 0x00, 0x09, 0xff, 0xb0, 0x03,
    0xce, 0x20, 0x00, 0x00, 0x00, 0x0b, 0xff, 0x60,
    0x00, 0x00, 0x00, 0x3f, 0xc5, 0x00, 0x00, 0x20,
    0x00, 0x0a, 0xed, 0xdd, 0xff, 0xf5, 0x00, 0x00,
    0x00, 0x00, 0x30, 0x00, 0x00, 0x00, 0x00, 0x00,
    0x5f, 0xff, 0xff, 0xff, 0x10, 0x00, 0x00, 0x00,
    0x00, 0x00, 0x00, 0x00, 0x00, 0x00, 0x00, 0xff,
    0xff, 0xea, 0x30, 0x00, 0x00, 0x00, 0x00, 0x00,
    0x00, 0x00, 0x00, 0x00, 0x00, 0x01, 0x10, 0x00,
    0x00, 0x00, 0x00, 0x00, 0x00, 0x00, 0x00, 0x00,

    /* U+79D2 "秒" */
    0x00, 0x00, 0x00, 0x00, 0x00, 0x00, 0x00, 0x00,
    0x00, 0x08, 0x85, 0x00, 0x00, 0x00, 0x00, 0x00,
    0x00, 0x00, 0x01, 0x6c, 0x60, 0x00, 0x00, 0x01,
    0xff, 0xa0, 0x00, 0x00, 0x00, 0x00, 0x00, 0x14,
    0x8c, 0xff, 0xff, 0x20, 0x00, 0x00, 0x1f, 0xfa,
    0x00, 0x00, 0x00, 0x00, 0x4b, 0xef, 0xff, 0xff,
    0xff, 0xb4, 0x00, 0x00, 0x01, 0xff, 0xa0, 0x00,
    0x00, 0x00, 0x02, 0xff, 0xff, 0xff, 0xd5, 0x10,
    0x00, 0x00, 0x00, 0x1f, 0xfa, 0x00, 0x00, 0x00,
    0x00, 0x08, 0x74, 0x2f, 0xfb, 0x00, 0x00, 0x01,
    0x10, 0x01, 0xff, 0xa0, 0x16, 0x80, 0x00, 0x00,
    0x00, 0x00, 0xff, 0xb0, 0x00, 0x00, 0x8f, 0xe2,
    0x1f, 0xfa, 0x09, 0xff, 0x40, 0x00, 0x00, 0x00,
    0x0f, 0xfb, 0x00, 0x00, 0x0a, 0xff, 0x01, 0xff,
    0xa0, 0x1f, 0xfc, 0x00, 0x00, 0x00, 0x00, 0xff,
    0xb0, 0x00, 0x00, 0xdf, 0xd0, 0x1f, 0xfa, 0x00,
    0xaf, 0xf3, 0x00, 0xcf, 0xff, 0xff, 0xff, 0xff,
    0xfb, 0x0f, 0xfa, 0x01, 0xff, 0xa0, 0x03, 0xff,
    0xa0, 0x0d, 0xff, 0xff, 0xff, 0xff, 0xff, 0xc4,
    0xff, 0x70, 0x1f, 0xfa, 0x00, 0x0d, 0xff, 0x10,
    0x8a, 0xaa, 0xdf, 0xfe, 0xaa, 0xa8, 0x8f, 0xf3,
    0x01, 0xff, 0xa0, 0x00, 0x7f, 0xf6, 0x00, 0x00,
    0x0b, 0xff, 0xe2, 0x00, 0x0d, 0xfe, 0x00, 0x1f,
    0xfa, 0x00, 0x02, 0xff, 0xb0, 0x00, 0x02, 0xff,
    0xff, 0xd1, 0x02, 0xff, 0x90, 0x01, 0xff, 0xa0,
    0x00, 0x0d, 0xd7, 0x00, 0x00, 0x9f, 0xff, 0xff,
    0xc0, 0x5f, 0xf4, 0x00, 0x1f, 0xfa, 0x00, 0x00,
    0x10, 0x00, 0x00, 0x1f, 0xff, 0xfd, 0xff, 0x90,
    0x17, 0x00, 0x01, 0xff, 0xa0, 0x01, 0x95, 0x00,
    0x00, 0x09, 0xfd, 0xff, 0xb7, 0xff, 0x60, 0x00,
    0x00, 0x1f, 0xfa, 0x00, 0x7f, 0xf8, 0x00, 0x03,
    0xff, 0x6f, 0xfb, 0x0d, 0xf2, 0x00, 0x00, 0x01,
    0xff, 0xa0, 0x1e, 0xff, 0x20, 0x00, 0xcf, 0xe0,
    0xff, 0xb0, 0x45, 0x00, 0x00, 0x00, 0x1f, 0xfa,
    0x0a, 0xff, 0x90, 0x00, 0x7f, 0xf6, 0x0f, 0xfb,
    0x00, 0x00, 0x00, 0x00, 0x00, 0x00, 0x06, 0xff,
    0xe1, 0x00, 0x1f, 0xfd, 0x00, 0xff, 0xb0, 0x00,
    0x00, 0x00, 0x00, 0x00, 0x05, 0xff, 0xf5, 0x00,
    0x00, 0x9f, 0x30, 0x0f, 0xfb, 0x00, 0x00, 0x00,
    0x00, 0x00, 0x07, 0xff, 0xf8, 0x00, 0x00, 0x01,
    0x70, 0x00, 0xff, 0xb0, 0x00, 0x00, 0x00, 0x00,
    0x2b, 0xff, 0xf8, 0x00, 0x00, 0x00, 0x00, 0x00,
    0x0f, 0xfb, 0x00, 0x00, 0x00, 0x03, 0xaf, 0xff,
    0xf6, 0x00, 0x00, 0x00, 0x00, 0x00, 0x00, 0xff,
    0xb0, 0x00, 0x03, 0x7d, 0xff, 0xff, 0xc2, 0x00,
    0x00, 0x00, 0x00, 0x00, 0x00, 0x0f, 0xfb, 0x00,
    0xae, 0xff, 0xff, 0xfd, 0x50, 0x00, 0x00, 0x00,
    0x00, 0x00, 0x00, 0x00, 0xff, 0xb0, 0x07, 0xff,
    0xff, 0xa4, 0x00, 0x00, 0x00, 0x00, 0x00, 0x00,
    0x00, 0x00, 0x0f, 0xfb, 0x00, 0x0c, 0x95, 0x00,
    0x00, 0x00, 0x00, 0x00, 0x00, 0x00,

    /* U+7A0B "程" */
    0x00, 0x00, 0x00, 0x00, 0x00, 0x00, 0x00, 0x00,
    0x00, 0x00, 0x00, 0x00, 0x00, 0x00, 0x00, 0x00,
    0x00, 0x00, 0x15, 0xbe, 0x20, 0x02, 0x22, 0x22,
    0x22, 0x22, 0x22, 0x22, 0x10, 0x00, 0x01, 0x48,
    0xcf, 0xff, 0xfe, 0x11, 0xff, 0xff, 0xff, 0xff,
    0xff, 0xff, 0xf9, 0x00, 0x8e, 0xff, 0xff, 0xff,
    0xfc, 0x71, 0x1f, 0xff, 0xff, 0xff, 0xff, 0xff,
    0xff, 0x90, 0x06, 0xff, 0xff, 0xff, 0xd1, 0x00,
    0x01, 0xff, 0xb4, 0x44, 0x44, 0x44, 0x6f, 0xf9,
    0x00, 0x18, 0x63, 0x0f, 0xfc, 0x00, 0x00, 0x1f,
    0xf9, 0x00, 0x00, 0x00, 0x02, 0xff, 0x90, 0x00,
    0x00, 0x00, 0xff, 0xc0, 0x00, 0x01, 0xff, 0x90,
    0x00, 0x00, 0x00, 0x2f, 0xf9, 0x00, 0x00, 0x00,
    0x0f, 0xfc, 0x00, 0x00, 0x1f, 0xf9, 0x00, 0x00,
    0x00, 0x02, 0xff, 0x90, 0x00, 0x11, 0x11, 0xff,
    0xc1, 0x11, 0x01, 0xff, 0x90, 0x00, 0x00, 0x00,
    0x2f, 0xf9, 0x00, 0xaf, 0xff, 0xff, 0xff, 0xff,
    0xf4, 0x1f, 0xff, 0xff, 0xff, 0xff, 0xff, 0xff,
    0x90, 0x0a, 0xff, 0xff, 0xff, 0xff, 0xff, 0x41,
    0xff, 0xff, 0xff, 0xff, 0xff, 0xff, 0xf9, 0x00,
    0x69, 0x99, 0xcf, 0xfe, 0x99, 0x92, 0x07, 0x77,
    0x77, 0x77, 0x77, 0x77, 0x77, 0x40, 0x00, 0x00,
    0x0b, 0xff, 0xc0, 0x00, 0x00, 0x00, 0x00, 0x00,
    0x00, 0x00, 0x00, 0x00, 0x00, 0x00, 0x01, 0xff,
    0xff, 0x30, 0x00, 0x11, 0x11, 0x11, 0x11, 0x11,
    0x11, 0x11, 0x10, 0x00, 0x00, 0x8f, 0xff, 0xfe,
    0x20, 0x3f, 0xff, 0xff, 0xff, 0xff, 0xff, 0xff,
    0xff, 0x50, 0x00, 0x1f, 0xff, 0xff, 0xfe, 0x23,
    0xff, 0xff, 0xff, 0xff, 0xff, 0xff, 0xff, 0xf5,
    0x00, 0x08, 0xfd, 0xff, 0xcd, 0xfe, 0x36, 0x66,
    0x66, 0x6f, 0xff, 0x66, 0x66, 0x66, 0x10, 0x01,
    0xff, 0x7f, 0xfc, 0x3f, 0xf8, 0x00, 0x00, 0x00,
    0xef, 0xe0, 0x00, 0x00, 0x00, 0x00, 0xaf, 0xe0,
    0xff, 0xc0, 0x8d, 0x00, 0x00, 0x00, 0x0e, 0xfe,
    0x00, 0x00, 0x00, 0x00, 0x5f, 0xf8, 0x0f, 0xfc,
    0x00, 0x20, 0x47, 0x77, 0x77, 0xff, 0xf7, 0x77,
    0x77, 0x40, 0x1f, 0xfe, 0x00, 0xff, 0xc0, 0x00,
    0x08, 0xff, 0xff, 0xff, 0xff, 0xff, 0xff, 0xfa,
    0x00, 0xcf, 0x60, 0x0f, 0xfc, 0x00, 0x00, 0x8f,
    0xff, 0xff, 0xff, 0xff, 0xff, 0xff, 0x90, 0x03,
    0xb0, 0x00, 0xff, 0xc0, 0x00, 0x00, 0x00, 0x00,
    0x0e, 0xfe, 0x00, 0x00, 0x00, 0x00, 0x00, 0x00,
    0x0f, 0xfc, 0x00, 0x00, 0x00, 0x00, 0x00, 0xef,
    0xe0, 0x00, 0x00, 0x00, 0x00, 0x00, 0x00, 0xff,
    0xc0, 0x00, 0x00, 0x00, 0x00, 0x0e, 0xfe, 0x00,
    0x00, 0x00, 0x00, 0x00, 0x00, 0x0f, 0xfc, 0x00,
    0x5b, 0xbb, 0xbb, 0xbb, 0xff, 0xfb, 0xbb, 0xbb,
    0xbb, 0x00, 0x00, 0x00, 0xff, 0xc0, 0x07, 0xff,
    0xff, 0xff, 0xff, 0xff, 0xff, 0xff, 0xff, 0xf0,
    0x00, 0x00, 0x0f, 0xfc, 0x00, 0x6c, 0xcc, 0xcc,
    0xcc, 0xcc, 0xcc, 0xcc, 0xcc, 0xcc,

    /* U+7A0D "稍" */
    0x00, 0x00, 0x00, 0x00, 0x00, 0x00, 0x00, 0x00,
    0x00, 0x03, 0x32, 0x00, 0x00, 0x00, 0x00, 0x00,
    0x00, 0x00, 0x39, 0xd0, 0x00, 0x01, 0x00, 0x00,
    0xef, 0xc0, 0x00, 0x04, 0x00, 0x00, 0x01, 0x59,
    0xef, 0xff, 0x90, 0x1a, 0xf5, 0x00, 0x0e, 0xfc,
    0x00, 0x03, 0xfe, 0x60, 0x5d, 0xff, 0xff, 0xff,
    0xd8, 0x00, 0xef, 0xe0, 0x00, 0xef, 0xc0, 0x00,
    0xaf, 0xf5, 0x01, 0xff, 0xff, 0xff, 0x30, 0x00,
    0x05, 0xff, 0x70, 0x0e, 0xfc, 0x00, 0x2f, 0xfc,
    0x00, 0x06, 0x41, 0x7f, 0xf1, 0x00, 0x00, 0x0d,
    0xff, 0x00, 0xef, 0xc0, 0x0b, 0xff, 0x40, 0x00,
    0x00, 0x07, 0xff, 0x10, 0x00, 0x00, 0x5f, 0xf6,
    0x0e, 0xfc, 0x04, 0xff, 0xb0, 0x00, 0x00, 0x00,
    0x7f, 0xf1, 0x00, 0x00, 0x00, 0xeb, 0x20, 0xef,
    0xc0, 0x4c, 0xf2, 0x00, 0x00, 0x00, 0x07, 0xff,
    0x10, 0x00, 0x00, 0x02, 0x00, 0x0e, 0xfc, 0x00,
    0x01, 0x00, 0x00, 0x8b, 0xbb, 0xdf, 0xfb, 0xbb,
    0x50, 0x8c, 0xcc, 0xcc, 0xff, 0xfc, 0xcc, 0xcc,
    0x80, 0x0d, 0xff, 0xff, 0xff, 0xff, 0xf8, 0x0b,
    0xff, 0xff, 0xff, 0xff, 0xff, 0xff, 0xfb, 0x00,
    0xcf, 0xff, 0xff, 0xff, 0xff, 0x80, 0xbf, 0xfe,
    0xee, 0xee, 0xee, 0xee, 0xff, 0xb0, 0x00, 0x00,
    0x4f, 0xff, 0x20, 0x00, 0x0b, 0xfe, 0x00, 0x00,
    0x00, 0x00, 0x0e, 0xfb, 0x00, 0x00, 0x0a, 0xff,
    0xfc, 0x00, 0x00, 0xbf, 0xe0, 0x00, 0x00, 0x00,
    0x00, 0xef, 0xb0, 0x00, 0x01, 0xff, 0xff, 0xfa,
    0x00, 0x0b, 0xff, 0x77, 0x77, 0x77, 0x77, 0x7f,
    0xfb, 0x00, 0x00, 0x7f, 0xff, 0xfe, 0xf8, 0x00,
    0xbf, 0xff, 0xff, 0xff, 0xff, 0xff, 0xff, 0xb0,
    0x00, 0x0d, 0xfe, 0xff, 0x5f, 0xf4, 0x0b, 0xff,
    0xff, 0xff, 0xff, 0xff, 0xff, 0xfb, 0x00, 0x05,
    0xff, 0x8f, 0xf1, 0xae, 0x00, 0xbf, 0xe0, 0x00,
    0x00, 0x00, 0x00, 0xef, 0xb0, 0x00, 0xdf, 0xa7,
    0xff, 0x11, 0x40, 0x0b, 0xfe, 0x00, 0x00, 0x00,
    0x00, 0x0e, 0xfb, 0x00, 0x7f, 0xf4, 0x7f, 0xf1,
    0x00, 0x00, 0xbf, 0xe3, 0x33, 0x33, 0x33, 0x33,
    0xef, 0xb0, 0x0e, 0xfc, 0x07, 0xff, 0x10, 0x00,
    0x0b, 0xff, 0xff, 0xff, 0xff, 0xff, 0xff, 0xfb,
    0x00, 0x6f, 0x40, 0x7f, 0xf1, 0x00, 0x00, 0xbf,
    0xff, 0xff, 0xff, 0xff, 0xff, 0xff, 0xb0, 0x00,
    0x90, 0x07, 0xff, 0x10, 0x00, 0x0b, 0xfe, 0x44,
    0x44, 0x44, 0x44, 0x4e, 0xfb, 0x00, 0x00, 0x00,
    0x7f, 0xf1, 0x00, 0x00, 0xbf, 0xe0, 0x00, 0x00,
    0x00, 0x00, 0xef, 0xb0, 0x00, 0x00, 0x07, 0xff,
    0x10, 0x00, 0x0b, 0xfe, 0x00, 0x00, 0x00, 0x00,
    0x0e, 0xfb, 0x00, 0x00, 0x00, 0x7f, 0xf1, 0x00,
    0x00, 0xbf, 0xe0, 0x00, 0x00, 0xac, 0xcc, 0xff,
    0xa0, 0x00, 0x00, 0x07, 0xff, 0x10, 0x00, 0x0b,
    0xfe, 0x00, 0x00, 0x08, 0xff, 0xff, 0xf6, 0x00,
    0x00, 0x00, 0x7f, 0xf1, 0x00, 0x00, 0xbf, 0xd0,
    0x00, 0x00, 0x3d, 0xdc, 0xa5, 0x00,

    /* U+7C7B "类" */
    0x00, 0x00, 0x00, 0x00, 0x00, 0x00, 0x25, 0x51,
    0x00, 0x00, 0x00, 0x00, 0x00, 0x00, 0x00, 0x00,
    0x00, 0x39, 0x00, 0x00, 0x07, 0xff, 0x60, 0x00,
    0x02, 0xb6, 0x20, 0x00, 0x00, 0x00, 0x00, 0x7f,
    0xfc, 0x00, 0x00, 0x7f, 0xf6, 0x00, 0x00, 0xbf,
    0xfb, 0x00, 0x00, 0x00, 0x00, 0x00, 0xcf, 0xfa,
    0x00, 0x07, 0xff, 0x60, 0x00, 0x6f, 0xfd, 0x10,
    0x00, 0x00, 0x00, 0x00, 0x01, 0xef, 0xf5, 0x00,
    0x7f, 0xf6, 0x00, 0x2f, 0xff, 0x20, 0x00, 0x00,
    0x00, 0x00, 0x00, 0x05, 0xfe, 0x60, 0x07, 0xff,
    0x60, 0x06, 0xef, 0x40, 0x00, 0x00, 0x00, 0x09,
    0x99, 0x99, 0x9f, 0xa9, 0x99, 0xcf, 0xfc, 0x99,
    0x99, 0xb9, 0x99, 0x99, 0x90, 0x00, 0xff, 0xff,
    0xff, 0xff, 0xff, 0xff, 0xff, 0xff, 0xff, 0xff,
    0xff, 0xff, 0xff, 0x00, 0x0f, 0xff, 0xff, 0xff,
    0xff, 0xff, 0xff, 0xff, 0xff, 0xff, 0xff, 0xff,
    0xff, 0xf0, 0x00, 0x00, 0x00, 0x00, 0x00, 0x5f,
    0xff, 0xff, 0xff, 0xd5, 0x00, 0x00, 0x00, 0x00,
    0x00, 0x00, 0x00, 0x00, 0x00, 0x9f, 0xff, 0xcf,
    0xff, 0xff, 0xfd, 0x60, 0x00, 0x00, 0x00, 0x00,
    0x00, 0x00, 0x05, 0xef, 0xff, 0x47, 0xff, 0x67,
    0xef, 0xff, 0xe7, 0x00, 0x00, 0x00, 0x00, 0x00,
    0x6d, 0xff, 0xfd, 0x20, 0x7f, 0xf6, 0x00, 0x7e,
    0xff, 0xfe, 0x70, 0x00, 0x01, 0x5a, 0xff, 0xff,
    0xf8, 0x00, 0x07, 0xff, 0x60, 0x00, 0x07, 0xef,
    0xff, 0xe6, 0x00, 0x2e, 0xff, 0xff, 0xb2, 0x00,
    0x00, 0x5b, 0xb4, 0x00, 0x00, 0x00, 0x7f, 0xff,
    0xb0, 0x00, 0x4f, 0xe9, 0x20, 0x00, 0x00, 0x04,
    0x99, 0x40, 0x00, 0x00, 0x00, 0x19, 0xf2, 0x00,
    0x00, 0x30, 0x00, 0x00, 0x00, 0x00, 0x9f, 0xf6,
    0x00, 0x00, 0x00, 0x00, 0x01, 0x00, 0x00, 0x00,
    0x00, 0x00, 0x00, 0x00, 0x0c, 0xff, 0x30, 0x00,
    0x00, 0x00, 0x00, 0x00, 0x00, 0x1b, 0xbb, 0xbb,
    0xbb, 0xbb, 0xbb, 0xff, 0xfb, 0xbb, 0xbb, 0xbb,
    0xbb, 0xbb, 0xb2, 0x02, 0xff, 0xff, 0xff, 0xff,
    0xff, 0xff, 0xff, 0xff, 0xff, 0xff, 0xff, 0xff,
    0xff, 0x30, 0x2f, 0xff, 0xff, 0xff, 0xff, 0xff,
    0xff, 0xff, 0xff, 0xff, 0xff, 0xff, 0xff, 0xf3,
    0x00, 0x00, 0x00, 0x00, 0x00, 0x06, 0xff, 0xff,
    0xff, 0x20, 0x00, 0x00, 0x00, 0x00, 0x00, 0x00,
    0x00, 0x00, 0x00, 0x05, 0xff, 0xf7, 0x6f, 0xfe,
    0x40, 0x00, 0x00, 0x00, 0x00, 0x00, 0x00, 0x00,
    0x00, 0x19, 0xff, 0xfc, 0x00, 0x9f, 0xff, 0x91,
    0x00, 0x00, 0x00, 0x00, 0x00, 0x00, 0x03, 0x9f,
    0xff, 0xfc, 0x00, 0x00, 0x9f, 0xff, 0xf9, 0x30,
    0x00, 0x00, 0x01, 0x46, 0xae, 0xff, 0xff, 0xf9,
    0x00, 0x00, 0x00, 0x6f, 0xff, 0xff, 0xea, 0x74,
    0x20, 0x7f, 0xff, 0xff, 0xff, 0xa2, 0x00, 0x00,
    0x00, 0x00, 0x19, 0xff, 0xff, 0xff, 0xf8, 0x00,
    0xdf, 0xff, 0xc7, 0x10, 0x00, 0x00, 0x00, 0x00,
    0x00, 0x01, 0x6b, 0xff, 0xfd, 0x00, 0x04, 0x73,
    0x00, 0x00, 0x00, 0x00, 0x00, 0x00, 0x00, 0x00,
    0x00, 0x00, 0x36, 0x30, 0x00,

    /* U+7CFB "系" */
    0x00, 0x00, 0x00, 0x00, 0x00, 0x00, 0x00, 0x00,
    0x00, 0x00, 0x00, 0x20, 0x00, 0x00, 0x00, 0x00,
    0x00, 0x00, 0x00, 0x00, 0x00, 0x00, 0x13, 0x68,
    0xbe, 0xfa, 0x00, 0x00, 0x00, 0x00, 0x01, 0x23,
    0x46, 0x78, 0xab, 0xdf, 0xff, 0xff, 0xff, 0xff,
    0x80, 0x00, 0x00, 0xaf, 0xff, 0xff, 0xff, 0xff,
    0xff, 0xff, 0xff, 0xff, 0xfd, 0xa7, 0x30, 0x00,
    0x00, 0x5f, 0xff, 0xff, 0xff, 0xff, 0xff, 0xda,
    0x86, 0x42, 0x00, 0x00, 0x00, 0x00, 0x00, 0x18,
    0x77, 0x65, 0x44, 0xdf, 0xfb, 0x00, 0x00, 0x00,
    0x00, 0x00, 0x00, 0x00, 0x00, 0x00, 0x00, 0x00,
    0x1d, 0xff, 0xa0, 0x00, 0x00, 0x08, 0x70, 0x00,
    0x00, 0x00, 0x00, 0x00, 0x00, 0x02, 0xdf, 0xf9,
    0x00, 0x00, 0x01, 0xcf, 0xf9, 0x00, 0x00, 0x00,
    0x00, 0x00, 0x00, 0x4e, 0xff, 0x70, 0x00, 0x00,
    0x4e, 0xff, 0xf5, 0x00, 0x00, 0x00, 0x00, 0x00,
    0x09, 0xff, 0xf6, 0x23, 0x45, 0x6a, 0xff, 0xfb,
    0x20, 0x00, 0x00, 0x00, 0x00, 0x00, 0xef, 0xff,
    0xff, 0xff, 0xff, 0xff, 0xff, 0x60, 0x00, 0x00,
    0x00, 0x00, 0x00, 0x00, 0xbf, 0xff, 0xff, 0xff,
    0xff, 0xff, 0xa1, 0x00, 0x00, 0x00, 0x00, 0x00,
    0x00, 0x00, 0x46, 0x54, 0x22, 0x9f, 0xff, 0xd4,
    0x00, 0x08, 0xfb, 0x00, 0x00, 0x00, 0x00, 0x00,
    0x00, 0x00, 0x7e, 0xff, 0xe6, 0x00, 0x00, 0x08,
    0xff, 0xc0, 0x00, 0x00, 0x00, 0x00, 0x01, 0x7e,
    0xff, 0xe7, 0x00, 0x00, 0x01, 0x34, 0xcf, 0xfc,
    0x00, 0x00, 0x00, 0x03, 0x9f, 0xff, 0xff, 0xbb,
    0xcd, 0xef, 0xff, 0xff, 0xff, 0xff, 0xc0, 0x00,
    0x00, 0x8f, 0xff, 0xff, 0xff, 0xff, 0xff, 0xff,
    0xff, 0xff, 0xfd, 0xdf, 0xfa, 0x00, 0x00, 0x3f,
    0xff, 0xff, 0xec, 0xba, 0x9f, 0xfd, 0x42, 0x10,
    0x00, 0x0b, 0xff, 0x80, 0x00, 0x08, 0x53, 0x10,
    0x00, 0x00, 0x1f, 0xfd, 0x00, 0x00, 0x00, 0x01,
    0xef, 0x60, 0x00, 0x00, 0x00, 0x2a, 0x50, 0x00,
    0x1f, 0xfd, 0x00, 0x07, 0xc2, 0x00, 0x21, 0x00,
    0x00, 0x00, 0x01, 0xdf, 0xfb, 0x00, 0x1f, 0xfd,
    0x00, 0x9f, 0xff, 0x50, 0x00, 0x00, 0x00, 0x00,
    0x1d, 0xff, 0xd1, 0x00, 0x1f, 0xfd, 0x00, 0x0a,
    0xff, 0xf8, 0x00, 0x00, 0x00, 0x02, 0xdf, 0xfe,
    0x20, 0x00, 0x1f, 0xfd, 0x00, 0x00, 0x7f, 0xff,
    0xb0, 0x00, 0x00, 0x5f, 0xff, 0xe2, 0x00, 0x00,
    0x1f, 0xfd, 0x00, 0x00, 0x05, 0xff, 0xfc, 0x10,
    0x0a, 0xff, 0xfd, 0x10, 0x00, 0x00, 0x1f, 0xfd,
    0x00, 0x00, 0x00, 0x4f, 0xff, 0xd1, 0x02, 0xdf,
    0xb1, 0x00, 0x4b, 0xaa, 0xbf, 0xfc, 0x00, 0x00,
    0x00, 0x03, 0xff, 0x80, 0x00, 0x06, 0x00, 0x00,
    0x1f, 0xff, 0xff, 0xf8, 0x00, 0x00, 0x00, 0x00,
    0x43, 0x00, 0x00, 0x00, 0x00, 0x00, 0x0a, 0xff,
    0xfd, 0x80, 0x00, 0x00, 0x00, 0x00, 0x00, 0x00,
    0x00, 0x00, 0x00, 0x00, 0x00, 0x00, 0x00, 0x00,
    0x00, 0x00, 0x00, 0x00, 0x00, 0x00,

    /* U+7EC8 "终" */
    0x00, 0x00, 0x00, 0x20, 0x00, 0x00, 0x00, 0x00,
    0x03, 0x10, 0x00, 0x00, 0x00, 0x00, 0x00, 0x00,
    0x00, 0x00, 0xdf, 0x91, 0x00, 0x00, 0x00, 0x3f,
    0xfd, 0x00, 0x00, 0x00, 0x00, 0x00, 0x00, 0x00,
    0x03, 0xff, 0xe0, 0x00, 0x00, 0x00, 0xbf, 0xf6,
    0x00, 0x00, 0x00, 0x00, 0x00, 0x00, 0x00, 0x09,
    0xff, 0x70, 0x00, 0x00, 0x04, 0xff, 0xf5, 0x55,
    0x55, 0x55, 0x00, 0x00, 0x00, 0x00, 0x1f, 0xfe,
    0x00, 0x00, 0x00, 0x0d, 0xff, 0xff, 0xff, 0xff,
    0xff, 0xc0, 0x00, 0x00, 0x00, 0x8f, 0xf7, 0x00,
    0x00, 0x00, 0x9f, 0xff, 0xff, 0xff, 0xff, 0xff,
    0xc0, 0x00, 0x00, 0x01, 0xff, 0xe0, 0x00, 0x00,
    0x06, 0xff, 0xf9, 0x22, 0x22, 0x2e, 0xff, 0x40,
    0x00, 0x00, 0x09, 0xff, 0x50, 0x09, 0x60, 0x5f,
    0xff, 0xff, 0x20, 0x00, 0x7f, 0xfb, 0x00, 0x00,
    0x00, 0x3f, 0xfc, 0x00, 0x3f, 0xfd, 0xff, 0xf9,
    0xff, 0xd1, 0x03, 0xff, 0xf1, 0x00, 0x00, 0x00,
    0xdf, 0xf2, 0x00, 0xcf, 0xfb, 0xff, 0x80, 0x6f,
    0xfc, 0x3e, 0xff, 0x50, 0x00, 0x00, 0x0b, 0xff,
    0xd9, 0xac, 0xff, 0xa0, 0x88, 0x00, 0x0a, 0xff,
    0xff, 0xf8, 0x00, 0x00, 0x00, 0x0e, 0xff, 0xff,
    0xff, 0xfe, 0x10, 0x00, 0x00, 0x00, 0xdf, 0xff,
    0xa0, 0x00, 0x00, 0x00, 0x09, 0xff, 0xdb, 0xff,
    0xf5, 0x00, 0x00, 0x00, 0x08, 0xff, 0xff, 0xe4,
    0x00, 0x00, 0x00, 0x02, 0x20, 0x07, 0xff, 0x90,
    0x00, 0x00, 0x04, 0xdf, 0xff, 0xef, 0xff, 0xa1,
    0x00, 0x00, 0x00, 0x00, 0x3f, 0xfd, 0x00, 0x00,
    0x03, 0xbf, 0xff, 0xf5, 0x09, 0xff, 0xff, 0x71,
    0x00, 0x00, 0x01, 0xef, 0xe2, 0x00, 0x04, 0xcf,
    0xff, 0xfb, 0x10, 0x00, 0x5f, 0xff, 0xff, 0x90,
    0x00, 0x1d, 0xff, 0x41, 0x35, 0x74, 0xff, 0xfd,
    0x50, 0x40, 0x00, 0x01, 0xaf, 0xff, 0x70, 0x01,
    0xcf, 0xff, 0xef, 0xff, 0xf4, 0x5d, 0x50, 0x08,
    0xff, 0x81, 0x00, 0x03, 0xab, 0x00, 0x0c, 0xff,
    0xff, 0xff, 0xff, 0xf4, 0x00, 0x00, 0x1b, 0xff,
    0xff, 0x81, 0x00, 0x00, 0x00, 0x06, 0xff, 0xfc,
    0xa7, 0x42, 0x00, 0x00, 0x00, 0x00, 0x2a, 0xff,
    0xfe, 0x40, 0x00, 0x00, 0x02, 0x62, 0x00, 0x00,
    0x00, 0x00, 0x00, 0x00, 0x00, 0x00, 0x3c, 0xfe,
    0x20, 0x00, 0x00, 0x00, 0x00, 0x00, 0x00, 0x00,
    0x00, 0x00, 0x02, 0x00, 0x00, 0x00, 0x64, 0x00,
    0x00, 0x00, 0x00, 0x00, 0x00, 0x00, 0x36, 0x9a,
    0x00, 0x9f, 0xe9, 0x30, 0x00, 0x00, 0x00, 0x00,
    0x00, 0x00, 0x14, 0x7a, 0xdf, 0xff, 0xff, 0x04,
    0xff, 0xff, 0xfd, 0x82, 0x00, 0x00, 0x00, 0x00,
    0x0e, 0xff, 0xff, 0xff, 0xff, 0xfc, 0x00, 0x15,
    0xbf, 0xff, 0xff, 0xb4, 0x00, 0x00, 0x00, 0x0d,
    0xff, 0xff, 0xd9, 0x63, 0x00, 0x00, 0x00, 0x01,
    0x6d, 0xff, 0xff, 0xd6, 0x00, 0x00, 0x09, 0xa7,
    0x30, 0x00, 0x00, 0x00, 0x00, 0x00, 0x00, 0x00,
    0x4b, 0xff, 0xff, 0x50, 0x00, 0x00, 0x00, 0x00,
    0x00, 0x00, 0x00, 0x00, 0x00, 0x00, 0x00, 0x00,
    0x2a, 0xfa, 0x00, 0x00, 0x00, 0x00, 0x00, 0x00,
    0x00, 0x00, 0x00, 0x00, 0x00, 0x00, 0x00, 0x00,
    0x31, 0x00, 0x00,

    /* U+7EDF "统" */
    0x00, 0x00, 0x00, 0x20, 0x00, 0x00, 0x00, 0x00,
    0x00, 0x01, 0x10, 0x00, 0x00, 0x00, 0x00, 0x00,
    0x00, 0x0c, 0xe8, 0x10, 0x00, 0x00, 0x00, 0x2d,
    0xfb, 0x00, 0x00, 0x00, 0x00, 0x00, 0x00, 0x02,
    0xff, 0xf2, 0x00, 0x00, 0x00, 0x00, 0xdf, 0xf3,
    0x00, 0x00, 0x00, 0x00, 0x00, 0x00, 0x9f, 0xfb,
    0x00, 0x00, 0x00, 0x00, 0x07, 0xff, 0xa0, 0x00,
    0x00, 0x00, 0x00, 0x00, 0x1f, 0xff, 0x30, 0x00,
    0x00, 0x00, 0x00, 0x2f, 0xd8, 0x00, 0x00, 0x00,
    0x00, 0x00, 0x08, 0xff, 0xa0, 0x00, 0x0e, 0xff,
    0xff, 0xff, 0xff, 0xff, 0xff, 0xff, 0xf8, 0x00,
    0x01, 0xff, 0xf2, 0x00, 0x00, 0xef, 0xff, 0xff,
    0xff, 0xff, 0xff, 0xff, 0xff, 0x80, 0x00, 0x9f,
    0xf8, 0x00, 0xc7, 0x07, 0x88, 0x88, 0xff, 0xfb,
    0x88, 0x88, 0x88, 0x84, 0x00, 0x3f, 0xfe, 0x00,
    0x5f, 0xfb, 0x00, 0x00, 0x8f, 0xfc, 0x00, 0x02,
    0x30, 0x00, 0x00, 0x0d, 0xff, 0x40, 0x0e, 0xff,
    0x50, 0x00, 0x5f, 0xff, 0x20, 0x08, 0xff, 0x20,
    0x00, 0x1c, 0xff, 0xea, 0xce, 0xff, 0xb0, 0x00,
    0x2f, 0xff, 0x50, 0x00, 0x3f, 0xfc, 0x00, 0x00,
    0xef, 0xff, 0xff, 0xff, 0xf2, 0x00, 0x0d, 0xff,
    0x80, 0x00, 0x00, 0x8f, 0xf8, 0x00, 0x08, 0xff,
    0xec, 0xff, 0xf6, 0x00, 0x2c, 0xff, 0xe6, 0x89,
    0xac, 0xde, 0xff, 0xf3, 0x00, 0x23, 0x00, 0x8f,
    0xfb, 0x00, 0x6f, 0xff, 0xff, 0xff, 0xff, 0xff,
    0xff, 0xff, 0xc0, 0x00, 0x00, 0x4f, 0xfe, 0x10,
    0x01, 0xff, 0xff, 0xff, 0xec, 0xb9, 0x86, 0x5b,
    0xff, 0x60, 0x00, 0x2e, 0xff, 0x30, 0x01, 0x09,
    0x85, 0x98, 0x50, 0x02, 0x77, 0x30, 0x2f, 0xc3,
    0x00, 0x1d, 0xff, 0xb7, 0xbe, 0xf1, 0x00, 0x0f,
    0xfd, 0x00, 0x4f, 0xf8, 0x00, 0x20, 0x00, 0x1c,
    0xff, 0xff, 0xff, 0xff, 0x10, 0x00, 0xff, 0xc0,
    0x04, 0xff, 0x80, 0x00, 0x00, 0x0c, 0xff, 0xff,
    0xff, 0xea, 0x60, 0x00, 0x2f, 0xfb, 0x00, 0x4f,
    0xf8, 0x00, 0x00, 0x00, 0x6f, 0xfd, 0x95, 0x20,
    0x00, 0x00, 0x04, 0xff, 0x90, 0x04, 0xff, 0x80,
    0x00, 0x00, 0x01, 0x71, 0x00, 0x00, 0x00, 0x00,
    0x00, 0x7f, 0xf6, 0x00, 0x4f, 0xf8, 0x00, 0x00,
    0x00, 0x00, 0x00, 0x00, 0x01, 0x5b, 0x20, 0x0b,
    0xff, 0x30, 0x04, 0xff, 0x80, 0x04, 0x20, 0x00,
    0x00, 0x01, 0x6b, 0xff, 0xf5, 0x01, 0xff, 0xe0,
    0x00, 0x4f, 0xf8, 0x00, 0x8f, 0xb0, 0x02, 0x7c,
    0xff, 0xff, 0xfe, 0x50, 0xbf, 0xf9, 0x00, 0x04,
    0xff, 0x80, 0x08, 0xfd, 0x0b, 0xff, 0xff, 0xff,
    0xa4, 0x00, 0x9f, 0xff, 0x20, 0x00, 0x4f, 0xf8,
    0x00, 0xaf, 0xc0, 0x9f, 0xff, 0xb5, 0x00, 0x03,
    0xcf, 0xff, 0x70, 0x00, 0x03, 0xff, 0xc7, 0x7e,
    0xf9, 0x05, 0xc6, 0x10, 0x00, 0x02, 0xff, 0xff,
    0x80, 0x00, 0x00, 0x1f, 0xff, 0xff, 0xff, 0x40,
    0x00, 0x00, 0x00, 0x00, 0x05, 0xfe, 0x50, 0x00,
    0x00, 0x00, 0x6e, 0xff, 0xff, 0x90, 0x00, 0x00,
    0x00, 0x00, 0x00, 0x05, 0x00, 0x00, 0x00, 0x00,
    0x00, 0x00, 0x00, 0x00, 0x00,

    /* U+7EE7 "继" */
    0x00, 0x00, 0x00, 0x40, 0x00, 0x00, 0x00, 0x00,
    0x00, 0x00, 0x01, 0x10, 0x00, 0x00, 0x00, 0x00,
    0x00, 0x1f, 0xe7, 0x00, 0x03, 0x44, 0x00, 0x00,
    0x04, 0xff, 0x10, 0x00, 0x00, 0x00, 0x00, 0x07,
    0xff, 0x80, 0x00, 0xaf, 0xe0, 0x01, 0x00, 0x4f,
    0xf1, 0x00, 0x10, 0x00, 0x00, 0x00, 0xdf, 0xf2,
    0x00, 0x0a, 0xfe, 0x0d, 0xf1, 0x04, 0xff, 0x10,
    0x4f, 0xd0, 0x00, 0x00, 0x3f, 0xfa, 0x00, 0x00,
    0xaf, 0xe0, 0xaf, 0x60, 0x4f, 0xf1, 0x09, 0xfb,
    0x00, 0x00, 0x0a, 0xff, 0x30, 0x00, 0x0a, 0xfe,
    0x04, 0xfc, 0x04, 0xff, 0x10, 0xef, 0x40, 0x00,
    0x02, 0xff, 0xb0, 0x00, 0x00, 0xaf, 0xe0, 0x0f,
    0xf1, 0x4f, 0xf1, 0x4f, 0xd0, 0x00, 0x00, 0xaf,
    0xf3, 0x00, 0xc7, 0x0a, 0xfe, 0x00, 0xbf, 0x54,
    0xff, 0x1a, 0xf5, 0x00, 0x00, 0x3f, 0xf9, 0x00,
    0x5f, 0xf9, 0xaf, 0xe0, 0x07, 0xb4, 0x4f, 0xf1,
    0x9c, 0x00, 0x00, 0x0d, 0xfe, 0x10, 0x0d, 0xff,
    0x2a, 0xfe, 0x00, 0x00, 0x04, 0xff, 0x10, 0x00,
    0x00, 0x0a, 0xff, 0xc9, 0xad, 0xff, 0x70, 0xaf,
    0xe6, 0xff, 0xff, 0xff, 0xff, 0xff, 0xff, 0x80,
    0xcf, 0xff, 0xff, 0xff, 0xd0, 0x0a, 0xfe, 0x7f,
    0xff, 0xff, 0xff, 0xff, 0xff, 0xf8, 0x07, 0xff,
    0xdb, 0xff, 0xf3, 0x00, 0xaf, 0xe3, 0x77, 0x78,
    0xff, 0xfc, 0x77, 0x77, 0x30, 0x12, 0x00, 0x6f,
    0xf7, 0x00, 0x0a, 0xfe, 0x00, 0x00, 0x8f, 0xff,
    0xf4, 0x00, 0x00, 0x00, 0x00, 0x3f, 0xfc, 0x00,
    0x00, 0xaf, 0xe0, 0x00, 0x1f, 0xff, 0xff, 0xf2,
    0x00, 0x00, 0x00, 0x1d, 0xfe, 0x10, 0x00, 0x0a,
    0xfe, 0x00, 0x09, 0xfe, 0xff, 0xaf, 0xd1, 0x00,
    0x00, 0x0b, 0xff, 0x42, 0x58, 0xb1, 0xaf, 0xe0,
    0x03, 0xff, 0x6f, 0xf2, 0xdf, 0xb0, 0x00, 0x0a,
    0xff, 0xff, 0xff, 0xff, 0x1a, 0xfe, 0x01, 0xdf,
    0xa4, 0xff, 0x13, 0xff, 0x80, 0x0a, 0xff, 0xff,
    0xff, 0xfd, 0xa0, 0xaf, 0xe0, 0xbf, 0xf1, 0x4f,
    0xf1, 0x09, 0xff, 0x40, 0x5f, 0xfe, 0xb7, 0x41,
    0x00, 0x0a, 0xfe, 0x4f, 0xf6, 0x04, 0xff, 0x10,
    0x0e, 0xd1, 0x00, 0x72, 0x00, 0x00, 0x00, 0x00,
    0xaf, 0xe0, 0xca, 0x00, 0x4f, 0xf1, 0x00, 0x41,
    0x00, 0x00, 0x00, 0x00, 0x00, 0x00, 0x0a, 0xfe,
    0x03, 0x00, 0x04, 0xff, 0x10, 0x00, 0x00, 0x00,
    0x00, 0x00, 0x14, 0x8b, 0xf4, 0xaf, 0xe0, 0x00,
    0x00, 0x4f, 0xf1, 0x00, 0x00, 0x00, 0x14, 0x7a,
    0xdf, 0xff, 0xff, 0x6a, 0xfe, 0x00, 0x00, 0x02,
    0xbb, 0x10, 0x00, 0x00, 0x0c, 0xff, 0xff, 0xff,
    0xea, 0x61, 0xaf, 0xf7, 0x77, 0x77, 0x77, 0x77,
    0x77, 0x77, 0x60, 0x9f, 0xfe, 0xa6, 0x20, 0x00,
    0x0a, 0xff, 0xff, 0xff, 0xff, 0xff, 0xff, 0xff,
    0xfe, 0x03, 0x62, 0x00, 0x00, 0x00, 0x00, 0xaf,
    0xff, 0xff, 0xff, 0xff, 0xff, 0xff, 0xff, 0xe0,
    0x00, 0x00, 0x00, 0x00, 0x00, 0x00, 0x00, 0x00,
    0x00, 0x00, 0x00, 0x00, 0x00, 0x00,

    /* U+7EED "续" */
    0x00, 0x00, 0x02, 0x20, 0x00, 0x00, 0x00, 0x00,
    0x05, 0x88, 0x10, 0x00, 0x00, 0x00, 0x00, 0x00,
    0x09, 0xfa, 0x00, 0x00, 0x00, 0x00, 0x09, 0xff,
    0x30, 0x00, 0x00, 0x00, 0x00, 0x00, 0x0e, 0xfc,
    0x00, 0x00, 0x00, 0x00, 0x09, 0xff, 0x30, 0x00,
    0x00, 0x00, 0x00, 0x00, 0x5f, 0xf5, 0x00, 0x00,
    0xdf, 0xff, 0xff, 0xff, 0xff, 0xff, 0xfa, 0x00,
    0x00, 0x00, 0xcf, 0xe0, 0x00, 0x00, 0xef, 0xff,
    0xff, 0xff, 0xff, 0xff, 0xfb, 0x00, 0x00, 0x04,
    0xff, 0x60, 0x00, 0x00, 0x67, 0x77, 0x7c, 0xff,
    0x87, 0x77, 0x74, 0x00, 0x00, 0x0c, 0xfd, 0x00,
    0x00, 0x00, 0x00, 0x00, 0x09, 0xff, 0x30, 0x00,
    0x00, 0x00, 0x00, 0x4f, 0xf5, 0x01, 0xd4, 0x00,
    0x00, 0x00, 0x0a, 0xff, 0x30, 0x00, 0x01, 0x00,
    0x00, 0xdf, 0xb0, 0x08, 0xff, 0x2f, 0xff, 0xff,
    0xff, 0xff, 0xff, 0xff, 0xff, 0xe1, 0x08, 0xff,
    0x20, 0x1f, 0xfa, 0x0f, 0xff, 0xff, 0xff, 0xff,
    0xff, 0xff, 0xff, 0xe0, 0x7f, 0xfd, 0x9a, 0xdf,
    0xf2, 0x06, 0x66, 0x66, 0x66, 0x66, 0x66, 0x66,
    0xff, 0x90, 0x9f, 0xff, 0xff, 0xff, 0x80, 0x00,
    0x02, 0xb3, 0x00, 0x9b, 0x90, 0x02, 0xff, 0x40,
    0x4f, 0xdb, 0x9f, 0xfe, 0x00, 0x00, 0x09, 0xff,
    0x90, 0xdf, 0xd0, 0x08, 0xfe, 0x00, 0x01, 0x00,
    0x6f, 0xf5, 0x00, 0x00, 0x10, 0x5e, 0xfb, 0xdf,
    0xd0, 0x0a, 0xf9, 0x00, 0x00, 0x02, 0xff, 0xa0,
    0x00, 0x09, 0xf7, 0x02, 0xd3, 0xdf, 0xd0, 0x00,
    0x00, 0x00, 0x00, 0x0c, 0xfd, 0x00, 0x44, 0x08,
    0xff, 0xc2, 0x00, 0xdf, 0xc0, 0x00, 0x00, 0x00,
    0x00, 0x9f, 0xfc, 0xcf, 0xf8, 0x00, 0x3d, 0xfc,
    0x00, 0xff, 0xb0, 0x00, 0x00, 0x00, 0x07, 0xff,
    0xff, 0xff, 0xf8, 0x00, 0x01, 0xb2, 0x01, 0xff,
    0x90, 0x00, 0x00, 0x00, 0x7f, 0xff, 0xff, 0xb6,
    0x20, 0xaf, 0xff, 0xff, 0xff, 0xff, 0xff, 0xff,
    0xff, 0xf1, 0x4f, 0xe9, 0x40, 0x00, 0x00, 0xaf,
    0xff, 0xff, 0xff, 0xff, 0xff, 0xff, 0xff, 0xf1,
    0x05, 0x00, 0x00, 0x00, 0x12, 0x58, 0x88, 0x88,
    0xaf, 0xfe, 0x88, 0x88, 0x88, 0x80, 0x00, 0x00,
    0x00, 0x5b, 0xfa, 0x00, 0x00, 0x00, 0xbf, 0xf6,
    0x17, 0x00, 0x00, 0x00, 0x00, 0x03, 0x9e, 0xff,
    0xfd, 0x00, 0x00, 0x07, 0xff, 0xd1, 0xdf, 0xd2,
    0x00, 0x00, 0x38, 0xef, 0xff, 0xfd, 0x71, 0x00,
    0x00, 0x8f, 0xff, 0x30, 0x8f, 0xff, 0x50, 0x00,
    0x8f, 0xff, 0xfa, 0x30, 0x00, 0x00, 0x1b, 0xff,
    0xf5, 0x00, 0x04, 0xef, 0xf8, 0x00, 0x4f, 0xd7,
    0x10, 0x00, 0x00, 0x07, 0xff, 0xff, 0x50, 0x00,
    0x00, 0x2d, 0xff, 0xa0, 0x04, 0x00, 0x00, 0x00,
    0x00, 0xdf, 0xff, 0xd2, 0x00, 0x00, 0x00, 0x01,
    0xcf, 0xf8, 0x00, 0x00, 0x00, 0x00, 0x00, 0x3f,
    0xe6, 0x00, 0x00, 0x00, 0x00, 0x00, 0x0c, 0xd1,
    0x00, 0x00, 0x00, 0x00, 0x00, 0x03, 0x00, 0x00,
    0x00, 0x00, 0x00, 0x00, 0x01, 0x10,

    /* U+7F51 "网" */
    0x7a, 0xaa, 0xaa, 0xaa, 0xaa, 0xaa, 0xaa, 0xaa,
    0xaa, 0xaa, 0xaa, 0xbc, 0xa2, 0xbf, 0xff, 0xff,
    0xff, 0xff, 0xff, 0xff, 0xff, 0xff, 0xff, 0xff,
    0xff, 0xf3, 0xbf, 0xff, 0xff, 0xff, 0xff, 0xff,
    0xff, 0xff, 0xff, 0xff, 0xff, 0xff, 0xf3, 0xbf,
    0xf2, 0x00, 0x00, 0x00, 0x00, 0x00, 0x00, 0x00,
    0x00, 0x00, 0xaf, 0xf3, 0xbf, 0xf2, 0x00, 0x00,
    0x02, 0x21, 0x00, 0x00, 0x00, 0x20, 0x00, 0xaf,
    0xf3, 0xbf, 0xf2, 0x00, 0x00, 0x0a, 0xff, 0x00,
    0x00, 0x04, 0xff, 0x30, 0xaf, 0xf3, 0xbf, 0xf2,
    0x01, 0x00, 0x0c, 0xfc, 0x01, 0x00, 0x07, 0xff,
    0x10, 0xaf, 0xf3, 0xbf, 0xf2, 0xad, 0x10, 0x0f,
    0xf9, 0x3e, 0x60, 0x09, 0xfe, 0x00, 0xaf, 0xf3,
    0xbf, 0xf5, 0xff, 0xc0, 0x2f, 0xf6, 0xbf, 0xf4,
    0x0c, 0xfb, 0x00, 0xaf, 0xf3, 0xbf, 0xf2, 0x6f,
    0xf9, 0x6f, 0xf2, 0x1d, 0xff, 0x3f, 0xf8, 0x00,
    0xaf, 0xf3, 0xbf, 0xf2, 0x09, 0xff, 0xef, 0xe0,
    0x02, 0xff, 0xef, 0xf4, 0x00, 0xaf, 0xf3, 0xbf,
    0xf2, 0x00, 0xcf, 0xff, 0xa0, 0x00, 0x5f, 0xff,
    0xf0, 0x00, 0xaf, 0xf3, 0xbf, 0xf2, 0x00, 0x1e,
    0xff, 0x60, 0x00, 0x09, 0xff, 0xc0, 0x00, 0xaf,
    0xf3, 0xbf, 0xf2, 0x00, 0x09, 0xff, 0xb0, 0x00,
    0x03, 0xff, 0xe1, 0x00, 0xaf, 0xf3, 0xbf, 0xf2,
    0x00, 0x0e, 0xff, 0xf7, 0x00, 0x08, 0xff, 0xfa,
    0x00, 0xaf, 0xf3, 0xbf, 0xf2, 0x00, 0x5f, 0xff,
    0xff, 0x20, 0x0e, 0xff, 0xff, 0x40, 0xaf, 0xf3,
    0xbf, 0xf2, 0x00, 0xcf, 0xe3, 0xff, 0xc0, 0x7f,
    0xf6, 0xef, 0xd0, 0xaf, 0xf3, 0xbf, 0xf2, 0x05,
    0xff, 0x80, 0x8f, 0xa1, 0xef, 0xd0, 0x6f, 0xf6,
    0xaf, 0xf3, 0xbf, 0xf2, 0x1e, 0xfe, 0x10, 0x09,
    0x09, 0xff, 0x50, 0x0d, 0xe2, 0xaf, 0xf3, 0xbf,
    0xf2, 0xbf, 0xf6, 0x00, 0x00, 0x5f, 0xfc, 0x00,
    0x04, 0x20, 0xaf, 0xf3, 0xbf, 0xfb, 0xff, 0xb0,
    0x00, 0x04, 0xff, 0xf2, 0x00, 0x00, 0x00, 0xaf,
    0xf3, 0xbf, 0xf5, 0xdd, 0x10, 0x00, 0x05, 0xef,
    0x50, 0x00, 0x00, 0x00, 0xaf, 0xf3, 0xbf, 0xf2,
    0x02, 0x00, 0x00, 0x00, 0x15, 0x00, 0x00, 0x00,
    0x00, 0xaf, 0xf2, 0xbf, 0xf2, 0x00, 0x00, 0x00,
    0x00, 0x00, 0x00, 0x0a, 0xcc, 0xcc, 0xff, 0xf1,
    0xbf, 0xf2, 0x00, 0x00, 0x00, 0x00, 0x00, 0x00,
    0x07, 0xff, 0xff, 0xff, 0xc0, 0xbf, 0xf2, 0x00,
    0x00, 0x00, 0x00, 0x00, 0x00, 0x01, 0xff, 0xfe,
    0xc8, 0x10,

    /* U+7F6E "置" */
    0x00, 0x00, 0x00, 0x00, 0x00, 0x00, 0x00, 0x00,
    0x00, 0x00, 0x00, 0x00, 0x00, 0x00, 0x00, 0xaf,
    0xff, 0xff, 0xff, 0xff, 0xff, 0xff, 0xff, 0xff,
    0xff, 0xff, 0xff, 0x00, 0x00, 0xaf, 0xfe, 0xee,
    0xef, 0xff, 0xee, 0xee, 0xff, 0xfe, 0xee, 0xef,
    0xff, 0x00, 0x00, 0xaf, 0xf1, 0x00, 0x0c, 0xfd,
    0x00, 0x00, 0xef, 0xb0, 0x00, 0x0f, 0xff, 0x00,
    0x00, 0xaf, 0xf1, 0x00, 0x0c, 0xfd, 0x00, 0x00,
    0xef, 0xb0, 0x00, 0x0f, 0xff, 0x00, 0x00, 0xaf,
    0xff, 0xff, 0xff, 0xff, 0xff, 0xff, 0xff, 0xff,
    0xff, 0xff, 0xff, 0x00, 0x00, 0xaf, 0xff, 0xff,
    0xff, 0xff, 0xff, 0xff, 0xff, 0xff, 0xff, 0xff,
    0xff, 0x00, 0x00, 0x00, 0x00, 0x00, 0x00, 0x00,
    0xbf, 0xf3, 0x00, 0x00, 0x00, 0x00, 0x00, 0x00,
    0x03, 0x44, 0x44, 0x44, 0x44, 0x44, 0xdf, 0xf4,
    0x44, 0x44, 0x44, 0x44, 0x44, 0x20, 0x0f, 0xff,
    0xff, 0xff, 0xff, 0xff, 0xff, 0xff, 0xff, 0xff,
    0xff, 0xff, 0xff, 0xb0, 0x0d, 0xee, 0xee, 0xee,
    0xee, 0xee, 0xff, 0xfe, 0xee, 0xee, 0xee, 0xee,
    0xee, 0x90, 0x00, 0x00, 0x00, 0x00, 0x00, 0x04,
    0xff, 0x70, 0x00, 0x00, 0x00, 0x00, 0x00, 0x00,
    0x00, 0x00, 0x7d, 0xdd, 0xdd, 0xde, 0xff, 0xdd,
    0xdd, 0xdd, 0xdd, 0xd6, 0x00, 0x00, 0x00, 0x00,
    0x9f, 0xff, 0xff, 0xff, 0xff, 0xff, 0xff, 0xff,
    0xff, 0xf8, 0x00, 0x00, 0x00, 0x00, 0x9f, 0xf1,
    0x00, 0x00, 0x00, 0x00, 0x00, 0x00, 0x4f, 0xf8,
    0x00, 0x00, 0x00, 0x00, 0x9f, 0xf9, 0x99, 0x99,
    0x99, 0x99, 0x99, 0x99, 0xbf, 0xf8, 0x00, 0x00,
    0x00, 0x00, 0x9f, 0xff, 0xff, 0xff, 0xff, 0xff,
    0xff, 0xff, 0xff, 0xf8, 0x00, 0x00, 0x00, 0x00,
    0x9f, 0xf1, 0x00, 0x00, 0x00, 0x00, 0x00, 0x00,
    0x4f, 0xf8, 0x00, 0x00, 0x00, 0x00, 0x9f, 0xf9,
    0x88, 0x88, 0x88, 0x88, 0x88, 0x88, 0xaf, 0xf8,
    0x00, 0x00, 0x00, 0x00, 0x9f, 0xff, 0xff, 0xff,
    0xff, 0xff, 0xff, 0xff, 0xff, 0xf8, 0x00, 0x00,
    0x00, 0x00, 0x9f, 0xf1, 0x00, 0x00, 0x00, 0x00,
    0x00, 0x00, 0x4f, 0xf8, 0x00, 0x00, 0x00, 0x00,
    0x9f, 0xf9, 0x88, 0x88, 0x88, 0x88, 0x88, 0x88,
    0xaf, 0xf8, 0x00, 0x00, 0x00, 0x00, 0x9f, 0xff,
    0xff, 0xff, 0xff, 0xff, 0xff, 0xff, 0xff, 0xf8,
    0x00, 0x00, 0x00, 0x00, 0x9f, 0xf2, 0x00, 0x00,
    0x00, 0x00, 0x00, 0x00, 0x5f, 0xf8, 0x00, 0x00,
    0x13, 0x33, 0xaf, 0xf4, 0x33, 0x33, 0x33, 0x33,
    0x33, 0x33, 0x6f, 0xf9, 0x33, 0x31, 0x6f, 0xff,
    0xff, 0xff, 0xff, 0xff, 0xff, 0xff, 0xff, 0xff,
    0xff, 0xff, 0xff, 0xf7, 0x5e, 0xee, 0xee, 0xee,
    0xee, 0xee, 0xee, 0xee, 0xee, 0xee, 0xee, 0xee,
    0xee, 0xe6,

    /* U+8054 "联" */
    0x00, 0x00, 0x00, 0x00, 0x00, 0x00, 0x00, 0x00,
    0x00, 0x00, 0x00, 0x00, 0x00, 0x00, 0x00, 0x04,
    0x44, 0x44, 0x44, 0x44, 0x44, 0x20, 0x07, 0xd2,
    0x00, 0x00, 0x03, 0xd9, 0x40, 0x00, 0x0e, 0xff,
    0xff, 0xff, 0xff, 0xff, 0xa0, 0x5f, 0xfd, 0x00,
    0x00, 0x0a, 0xff, 0x70, 0x00, 0x0e, 0xff, 0xff,
    0xff, 0xff, 0xff, 0xa0, 0x09, 0xff, 0x90, 0x00,
    0x1f, 0xfe, 0x00, 0x00, 0x03, 0x9f, 0xf5, 0x44,
    0x4f, 0xf9, 0x20, 0x00, 0xef, 0xf3, 0x00, 0x9f,
    0xf5, 0x00, 0x00, 0x00, 0x6f, 0xf2, 0x00, 0x0f,
    0xf7, 0x00, 0x00, 0x6f, 0xf7, 0x02, 0xff, 0xb0,
    0x00, 0x00, 0x00, 0x6f, 0xf2, 0x00, 0x0f, 0xf7,
    0x00, 0x11, 0x2c, 0x51, 0x1b, 0xff, 0x41, 0x11,
    0x00, 0x00, 0x6f, 0xf2, 0x00, 0x0f, 0xf7, 0x05,
    0xff, 0xff, 0xff, 0xff, 0xff, 0xff, 0xfc, 0x00,
    0x00, 0x6f, 0xff, 0xff, 0xff, 0xf7, 0x05, 0xff,
    0xff, 0xff, 0xff, 0xff, 0xff, 0xfc, 0x00, 0x00,
    0x6f, 0xff, 0xff, 0xff, 0xf7, 0x01, 0x55, 0x55,
    0x5f, 0xfd, 0x55, 0x55, 0x53, 0x00, 0x00, 0x6f,
    0xf7, 0x66, 0x6f, 0xf7, 0x00, 0x00, 0x00, 0x1f,
    0xfc, 0x00, 0x00, 0x00, 0x00, 0x00, 0x6f, 0xf2,
    0x00, 0x0f, 0xf7, 0x00, 0x00, 0x00, 0x1f, 0xfc,
    0x00, 0x00, 0x00, 0x00, 0x00, 0x6f, 0xf2, 0x00,
    0x0f, 0xf7, 0x00, 0x00, 0x00, 0x1f, 0xfc, 0x00,
    0x00, 0x00, 0x00, 0x00, 0x6f, 0xf2, 0x00, 0x0f,
    0xf7, 0x00, 0x00, 0x00, 0x1f, 0xfc, 0x00, 0x00,
    0x00, 0x00, 0x00, 0x6f, 0xfa, 0x99, 0x9f, 0xf7,
    0x09, 0x99, 0x99, 0xaf, 0xfe, 0x99, 0x99, 0x99,
    0x70, 0x00, 0x6f, 0xff, 0xff, 0xff, 0xf7, 0x0f,
    0xff, 0xff, 0xff, 0xff, 0xff, 0xff, 0xff, 0xc0,
    0x00, 0x6f, 0xfc, 0xcc, 0xcf, 0xf7, 0x0f, 0xff,
    0xff, 0xff, 0xff, 0xff, 0xff, 0xff, 0xc0, 0x00,
    0x6f, 0xf2, 0x00, 0x0f, 0xf7, 0x00, 0x00, 0x00,
    0x8f, 0xfc, 0x00, 0x00, 0x00, 0x00, 0x00, 0x6f,
    0xf2, 0x00, 0x0f, 0xf7, 0x00, 0x00, 0x00, 0xcf,
    0xff, 0x30, 0x00, 0x00, 0x00, 0x00, 0x6f, 0xf2,
    0x00, 0x0f, 0xf7, 0x23, 0x00, 0x02, 0xff, 0xff,
    0xa0, 0x00, 0x00, 0x00, 0x00, 0x6f, 0xf3, 0x46,
    0x8f, 0xff, 0xfc, 0x00, 0x09, 0xff, 0xff, 0xf3,
    0x00, 0x00, 0x00, 0x19, 0xdf, 0xff, 0xff, 0xff,
    0xff, 0xfd, 0x00, 0x3f, 0xff, 0x4f, 0xfd, 0x00,
    0x00, 0x00, 0x0f, 0xff, 0xff, 0xff, 0xdf, 0xfa,
    0x30, 0x00, 0xdf, 0xf7, 0x09, 0xff, 0xa0, 0x00,
    0x00, 0x0c, 0xdb, 0x85, 0x30, 0x0f, 0xf7, 0x00,
    0x0a, 0xff, 0xd0, 0x00, 0xef, 0xf9, 0x00, 0x00,
    0x00, 0x00, 0x00, 0x00, 0x0f, 0xf7, 0x00, 0xbf,
    0xff, 0x20, 0x00, 0x3f, 0xff, 0xc2, 0x00, 0x00,
    0x00, 0x00, 0x00, 0x0f, 0xf7, 0x3d, 0xff, 0xf4,
    0x00, 0x00, 0x04, 0xff, 0xff, 0x80, 0x00, 0x00,
    0x00, 0x00, 0x0f, 0xf8, 0xef, 0xff, 0x40, 0x00,
    0x00, 0x00, 0x3e, 0xff, 0x60, 0x00, 0x00, 0x00,
    0x00, 0x0f, 0xf7, 0x1d, 0xc2, 0x00, 0x00, 0x00,
    0x00, 0x01, 0x89, 0x00, 0x00, 0x00, 0x00, 0x00,
    0x00, 0x00, 0x01, 0x00, 0x00, 0x00, 0x00, 0x00,
    0x00, 0x00, 0x00,

    /* U+80AF "肯" */
    0x00, 0x00, 0x00, 0x00, 0x00, 0x00, 0x29, 0x94,
    0x00, 0x00, 0x00, 0x00, 0x00, 0x00, 0x00, 0x00,
    0x00, 0x00, 0x00, 0x00, 0x5f, 0xf8, 0x00, 0x00,
    0x00, 0x00, 0x00, 0x00, 0x00, 0x00, 0x08, 0xbb,
    0x00, 0x00, 0x5f, 0xf8, 0x00, 0x00, 0x00, 0x00,
    0x00, 0x00, 0x00, 0x00, 0x0b, 0xff, 0x10, 0x00,
    0x5f, 0xff, 0xee, 0xee, 0xee, 0xee, 0x30, 0x00,
    0x00, 0x00, 0x0b, 0xff, 0x10, 0x00, 0x5f, 0xff,
    0xff, 0xff, 0xff, 0xff, 0x30, 0x00, 0x00, 0x00,
    0x0b, 0xff, 0x10, 0x00, 0x5f, 0xfb, 0x66, 0x66,
    0x66, 0x66, 0x10, 0x00, 0x00, 0x00, 0x0b, 0xff,
    0x10, 0x00, 0x5f, 0xf8, 0x00, 0x00, 0x00, 0x00,
    0x00, 0x00, 0x00, 0x00, 0x0b, 0xff, 0x10, 0x00,
    0x5f, 0xf8, 0x00, 0x00, 0x00, 0x00, 0x00, 0x00,
    0x1f, 0xff, 0xff, 0xff, 0xff, 0xff, 0xff, 0xff,
    0xff, 0xff, 0xff, 0xff, 0xff, 0xf1, 0x1f, 0xff,
    0xff, 0xff, 0xff, 0xff, 0xff, 0xff, 0xff, 0xff,
    0xff, 0xff, 0xff, 0xf1, 0x07, 0x77, 0x77, 0x77,
    0x77, 0x77, 0x77, 0x77, 0x77, 0x77, 0x77, 0x77,
    0x77, 0x70, 0x00, 0x00, 0x00, 0x00, 0x00, 0x00,
    0x00, 0x00, 0x00, 0x00, 0x00, 0x00, 0x00, 0x00,
    0x00, 0x00, 0x35, 0x55, 0x55, 0x55, 0x55, 0x55,
    0x55, 0x55, 0x67, 0x53, 0x00, 0x00, 0x00, 0x00,
    0x9f, 0xff, 0xff, 0xff, 0xff, 0xff, 0xff, 0xff,
    0xff, 0xfa, 0x00, 0x00, 0x00, 0x00, 0x9f, 0xff,
    0xff, 0xff, 0xff, 0xff, 0xff, 0xff, 0xff, 0xfa,
    0x00, 0x00, 0x00, 0x00, 0x9f, 0xf4, 0x00, 0x00,
    0x00, 0x00, 0x00, 0x00, 0x4f, 0xfa, 0x00, 0x00,
    0x00, 0x00, 0x9f, 0xf6, 0x33, 0x33, 0x33, 0x33,
    0x33, 0x33, 0x6f, 0xfa, 0x00, 0x00, 0x00, 0x00,
    0x9f, 0xff, 0xff, 0xff, 0xff, 0xff, 0xff, 0xff,
    0xff, 0xfa, 0x00, 0x00, 0x00, 0x00, 0x9f, 0xff,
    0xff, 0xff, 0xff, 0xff, 0xff, 0xff, 0xff, 0xfa,
    0x00, 0x00, 0x00, 0x00, 0x9f, 0xf4, 0x00, 0x00,
    0x00, 0x00, 0x00, 0x00, 0x4f, 0xfa, 0x00, 0x00,
    0x00, 0x00, 0x9f, 0xf4, 0x00, 0x00, 0x00, 0x00,
    0x00, 0x00, 0x4f, 0xfa, 0x00, 0x00, 0x00, 0x00,
    0x9f, 0xff, 0xff, 0xff, 0xff, 0xff, 0xff, 0xff,
    0xff, 0xfa, 0x00, 0x00, 0x00, 0x00, 0x9f, 0xff,
    0xff, 0xff, 0xff, 0xff, 0xff, 0xff, 0xff, 0xfa,
    0x00, 0x00, 0x00, 0x00, 0x9f, 0xf7, 0x44, 0x44,
    0x44, 0x44, 0x44, 0x44, 0x7f, 0xfa, 0x00, 0x00,
    0x00, 0x00, 0x9f, 0xf4, 0x00, 0x00, 0x00, 0x00,
    0x00, 0x00, 0x4f, 0xfa, 0x00, 0x00, 0x00, 0x00,
    0x9f, 0xf4, 0x00, 0x00, 0x00, 0x00, 0x77, 0x77,
    0xbf, 0xf9, 0x00, 0x00, 0x00, 0x00, 0x9f, 0xf4,
    0x00, 0x00, 0x00, 0x00, 0xbf, 0xff, 0xff, 0xf6,
    0x00, 0x00, 0x00, 0x00, 0x9f, 0xf4, 0x00, 0x00,
    0x00, 0x00, 0x5f, 0xff, 0xfd, 0x70, 0x00, 0x00,
    0x00, 0x00, 0x00, 0x00, 0x00, 0x00, 0x00, 0x00,
    0x01, 0x10, 0x00, 0x00, 0x00, 0x00,

    /* U+80FD "能" */
    0x00, 0x00, 0x01, 0x00, 0x00, 0x00, 0x00, 0x01,
    0x11, 0x00, 0x00, 0x00, 0x00, 0x00, 0x00, 0x00,
    0x6f, 0xd7, 0x00, 0x00, 0x00, 0x0b, 0xff, 0x10,
    0x00, 0x00, 0x00, 0x00, 0x00, 0x00, 0xdf, 0xf6,
    0x00, 0x20, 0x00, 0x0b, 0xff, 0x10, 0x00, 0x00,
    0x00, 0x00, 0x00, 0x06, 0xff, 0xc0, 0x6e, 0xf3,
    0x00, 0x0b, 0xff, 0x10, 0x00, 0x29, 0xd1, 0x00,
    0x00, 0x1f, 0xff, 0x30, 0x3f, 0xfd, 0x00, 0x0b,
    0xff, 0x10, 0x4b, 0xff, 0xfc, 0x00, 0x00, 0xbf,
    0xf7, 0x00, 0x09, 0xff, 0x60, 0x0b, 0xff, 0x9e,
    0xff, 0xff, 0xc5, 0x00, 0x09, 0xff, 0xc2, 0x23,
    0x47, 0xff, 0xe1, 0x0b, 0xff, 0xff, 0xfd, 0x82,
    0x00, 0x00, 0x4f, 0xff, 0xff, 0xff, 0xff, 0xff,
    0xf8, 0x0b, 0xff, 0xd8, 0x30, 0x00, 0x00, 0x00,
    0x0e, 0xff, 0xff, 0xff, 0xed, 0xcf, 0xfe, 0x0b,
    0xff, 0x10, 0x00, 0x00, 0x06, 0x00, 0x07, 0x86,
    0x43, 0x10, 0x00, 0x08, 0xe8, 0x0b, 0xff, 0x10,
    0x00, 0x00, 0x0f, 0xf6, 0x00, 0x00, 0x00, 0x00,
    0x00, 0x01, 0x00, 0x0b, 0xff, 0x10, 0x00, 0x00,
    0x1f, 0xf7, 0x00, 0x66, 0x66, 0x66, 0x66, 0x87,
    0x50, 0x0a, 0xff, 0x96, 0x66, 0x66, 0xbf, 0xf4,
    0x02, 0xff, 0xff, 0xff, 0xff, 0xff, 0xd0, 0x06,
    0xff, 0xff, 0xff, 0xff, 0xff, 0xf0, 0x02, 0xff,
    0xff, 0xff, 0xff, 0xff, 0xd0, 0x00, 0x9f, 0xff,
    0xff, 0xff, 0xfe, 0x40, 0x02, 0xff, 0x80, 0x00,
    0x00, 0xff, 0xd0, 0x08, 0xbb, 0x22, 0x22, 0x22,
    0x10, 0x00, 0x02, 0xff, 0x80, 0x00, 0x00, 0xff,
    0xd0, 0x0b, 0xff, 0x10, 0x00, 0x00, 0x00, 0x00,
    0x02, 0xff, 0xff, 0xff, 0xff, 0xff, 0xd0, 0x0b,
    0xff, 0x10, 0x00, 0x02, 0xa1, 0x00, 0x02, 0xff,
    0xff, 0xff, 0xff, 0xff, 0xd0, 0x0b, 0xff, 0x10,
    0x02, 0xaf, 0xfd, 0x10, 0x02, 0xff, 0x81, 0x11,
    0x11, 0xff, 0xd0, 0x0b, 0xff, 0x26, 0xcf, 0xff,
    0xfd, 0x30, 0x02, 0xff, 0x80, 0x00, 0x00, 0xff,
    0xd0, 0x0b, 0xff, 0xff, 0xff, 0xfa, 0x40, 0x00,
    0x02, 0xff, 0xed, 0xdd, 0xdd, 0xff, 0xd0, 0x0b,
    0xff, 0xff, 0xa5, 0x00, 0x00, 0x00, 0x02, 0xff,
    0xff, 0xff, 0xff, 0xff, 0xd0, 0x0b, 0xff, 0x50,
    0x00, 0x00, 0x00, 0x00, 0x02, 0xff, 0xa5, 0x55,
    0x55, 0xff, 0xd0, 0x0b, 0xff, 0x10, 0x00, 0x00,
    0x0a, 0xb5, 0x02, 0xff, 0x80, 0x00, 0x00, 0xff,
    0xd0, 0x0b, 0xff, 0x10, 0x00, 0x00, 0x0c, 0xfc,
    0x02, 0xff, 0x80, 0x00, 0x00, 0xff, 0xd0, 0x0a,
    0xff, 0x20, 0x00, 0x00, 0x0f, 0xfa, 0x02, 0xff,
    0x80, 0x29, 0x99, 0xff, 0xd0, 0x09, 0xff, 0xeb,
    0xbb, 0xbb, 0xdf, 0xf7, 0x02, 0xff, 0x80, 0x0e,
    0xff, 0xff, 0xa0, 0x03, 0xff, 0xff, 0xff, 0xff,
    0xff, 0xf1, 0x02, 0xff, 0x80, 0x08, 0xfe, 0xd9,
    0x10, 0x00, 0x4a, 0xcc, 0xcc, 0xcc, 0xca, 0x20,

    /* U+822A "航" */
    0x00, 0x00, 0x00, 0x35, 0x20, 0x00, 0x00, 0x00,
    0x00, 0x15, 0x60, 0x00, 0x00, 0x00, 0x00, 0x00,
    0x00, 0x0a, 0xff, 0x30, 0x00, 0x00, 0x00, 0x0e,
    0xff, 0x20, 0x00, 0x00, 0x00, 0x00, 0x00, 0x00,
    0xdf, 0xd0, 0x00, 0x00, 0x00, 0x00, 0x8f, 0xf9,
    0x00, 0x00, 0x00, 0x00, 0x00, 0x00, 0x1f, 0xf8,
    0x00, 0x00, 0x00, 0x00, 0x01, 0xff, 0xf1, 0x00,
    0x00, 0x00, 0x00, 0x0c, 0xcd, 0xff, 0xdc, 0xcc,
    0x60, 0x00, 0x00, 0x0a, 0xff, 0x50, 0x00, 0x00,
    0x00, 0x00, 0xff, 0xff, 0xff, 0xff, 0xf8, 0x67,
    0x77, 0x77, 0xbe, 0x97, 0x77, 0x77, 0x73, 0x00,
    0x0f, 0xfb, 0x77, 0x77, 0xff, 0x8e, 0xff, 0xff,
    0xff, 0xff, 0xff, 0xff, 0xff, 0x60, 0x00, 0xff,
    0x70, 0x20, 0x0f, 0xf8, 0xef, 0xff, 0xff, 0xff,
    0xff, 0xff, 0xff, 0xf6, 0x00, 0x0f, 0xf7, 0xee,
    0x00, 0xff, 0x80, 0x00, 0x00, 0x00, 0x00, 0x00,
    0x00, 0x00, 0x00, 0x00, 0xff, 0x7a, 0xf6, 0x0f,
    0xf8, 0x00, 0x00, 0x00, 0x00, 0x00, 0x00, 0x00,
    0x00, 0x00, 0x0f, 0xf7, 0x4f, 0xd0, 0xff, 0x80,
    0x01, 0x44, 0x44, 0x44, 0x45, 0x42, 0x00, 0x00,
    0x00, 0xff, 0x70, 0xef, 0x2f, 0xf8, 0x00, 0x5f,
    0xff, 0xff, 0xff, 0xff, 0x80, 0x00, 0x00, 0x0f,
    0xf7, 0x05, 0x20, 0xff, 0x80, 0x05, 0xff, 0xff,
    0xff, 0xff, 0xf8, 0x00, 0x00, 0x55, 0xff, 0xa5,
    0x55, 0x5f, 0xf8, 0x00, 0x5f, 0xf8, 0x44, 0x46,
    0xff, 0x80, 0x00, 0x1f, 0xff, 0xff, 0xff, 0xff,
    0xff, 0x80, 0x05, 0xff, 0x50, 0x00, 0x2f, 0xf8,
    0x00, 0x01, 0xff, 0xff, 0xff, 0xff, 0xff, 0xf8,
    0x00, 0x5f, 0xf5, 0x00, 0x02, 0xff, 0x80, 0x00,
    0x00, 0x0f, 0xf7, 0x00, 0x00, 0xff, 0x80, 0x05,
    0xff, 0x50, 0x00, 0x2f, 0xf8, 0x00, 0x00, 0x01,
    0xff, 0x7b, 0xc0, 0x0f, 0xf8, 0x00, 0x5f, 0xf5,
    0x00, 0x02, 0xff, 0x80, 0x00, 0x00, 0x1f, 0xf6,
    0xcf, 0x50, 0xff, 0x80, 0x05, 0xff, 0x40, 0x00,
    0x2f, 0xf8, 0x00, 0x00, 0x02, 0xff, 0x44, 0xfc,
    0x0f, 0xf8, 0x00, 0x7f, 0xf3, 0x00, 0x02, 0xff,
    0x80, 0x00, 0x00, 0x4f, 0xf3, 0x0d, 0xf4, 0xff,
    0x80, 0x08, 0xff, 0x10, 0x00, 0x2f, 0xf8, 0x00,
    0x00, 0x06, 0xff, 0x10, 0x6a, 0x2f, 0xf8, 0x00,
    0xbf, 0xf0, 0x00, 0x02, 0xff, 0x80, 0x20, 0x00,
    0x8f, 0xf0, 0x00, 0x00, 0xff, 0x80, 0x0f, 0xfc,
    0x00, 0x00, 0x2f, 0xf8, 0x0c, 0xb0, 0x0c, 0xfc,
    0x00, 0x00, 0x0f, 0xf8, 0x05, 0xff, 0x80, 0x00,
    0x02, 0xff, 0x80, 0xcf, 0x00, 0xff, 0x80, 0x00,
    0x00, 0xff, 0x80, 0xcf, 0xf2, 0x00, 0x00, 0x2f,
    0xf8, 0x0d, 0xe0, 0x6f, 0xf4, 0x00, 0x44, 0x5f,
    0xf7, 0x6f, 0xfb, 0x00, 0x00, 0x02, 0xff, 0xb6,
    0xfc, 0x0d, 0xfe, 0x00, 0x0a, 0xff, 0xff, 0x9f,
    0xff, 0x30, 0x00, 0x00, 0x0f, 0xff, 0xff, 0x90,
    0x8f, 0x70, 0x00, 0x6f, 0xff, 0x91, 0x9f, 0x80,
    0x00, 0x00, 0x00, 0x6e, 0xff, 0xc1, 0x00, 0x30,
    0x00, 0x00, 0x11, 0x00, 0x00, 0x30, 0x00, 0x00,
    0x00, 0x00, 0x00, 0x00, 0x00,

    /* U+884C "行" */
    0x00, 0x00, 0x00, 0x01, 0x30, 0x00, 0x00, 0x00,
    0x00, 0x00, 0x00, 0x00, 0x00, 0x00, 0x00, 0x00,
    0x00, 0x00, 0xcf, 0xc3, 0x00, 0x00, 0x00, 0x00,
    0x00, 0x00, 0x00, 0x00, 0x00, 0x00, 0x00, 0x00,
    0xaf, 0xfe, 0x10, 0x06, 0xaa, 0xaa, 0xaa, 0xaa,
    0xaa, 0xaa, 0xaa, 0x00, 0x00, 0x00, 0x9f, 0xff,
    0x30, 0x00, 0xaf, 0xff, 0xff, 0xff, 0xff, 0xff,
    0xff, 0xf1, 0x00, 0x00, 0xaf, 0xff, 0x40, 0x00,
    0x0a, 0xff, 0xff, 0xff, 0xff, 0xff, 0xff, 0xff,
    0x10, 0x01, 0xcf, 0xff, 0x40, 0x00, 0x00, 0x00,
    0x00, 0x00, 0x00, 0x00, 0x00, 0x00, 0x00, 0x03,
    0xef, 0xfe, 0x30, 0x00, 0x00, 0x00, 0x00, 0x00,
    0x00, 0x00, 0x00, 0x00, 0x00, 0x00, 0x7f, 0xfd,
    0x20, 0x04, 0xd7, 0x10, 0x00, 0x00, 0x00, 0x00,
    0x00, 0x00, 0x00, 0x00, 0x00, 0xbb, 0x10, 0x00,
    0xdf, 0xf6, 0x00, 0x00, 0x00, 0x00, 0x00, 0x00,
    0x00, 0x00, 0x00, 0x01, 0x00, 0x00, 0x9f, 0xfc,
    0x00, 0x00, 0x00, 0x00, 0x00, 0x00, 0x00, 0x00,
    0x00, 0x00, 0x00, 0x00, 0x6f, 0xff, 0x20, 0x77,
    0x77, 0x77, 0x77, 0x77, 0x77, 0x77, 0x77, 0x50,
    0x00, 0x00, 0x4f, 0xff, 0x50, 0x1f, 0xff, 0xff,
    0xff, 0xff, 0xff, 0xff, 0xff, 0xfb, 0x00, 0x00,
    0x4f, 0xff, 0xb0, 0x01, 0xff, 0xff, 0xff, 0xff,
    0xff, 0xff, 0xff, 0xff, 0xb0, 0x00, 0x4f, 0xff,
    0xfa, 0x00, 0x03, 0x33, 0x33, 0x33, 0x33, 0x7f,
    0xfa, 0x33, 0x32, 0x00, 0x5f, 0xff, 0xff, 0xa0,
    0x00, 0x00, 0x00, 0x00, 0x00, 0x05, 0xff, 0x80,
    0x00, 0x00, 0x8f, 0xff, 0xef, 0xfa, 0x00, 0x00,
    0x00, 0x00, 0x00, 0x00, 0x5f, 0xf8, 0x00, 0x00,
    0x0a, 0xff, 0xd4, 0xff, 0xa0, 0x00, 0x00, 0x00,
    0x00, 0x00, 0x05, 0xff, 0x80, 0x00, 0x00, 0x0c,
    0xc1, 0x3f, 0xfa, 0x00, 0x00, 0x00, 0x00, 0x00,
    0x00, 0x5f, 0xf8, 0x00, 0x00, 0x00, 0x10, 0x03,
    0xff, 0xa0, 0x00, 0x00, 0x00, 0x00, 0x00, 0x05,
    0xff, 0x80, 0x00, 0x00, 0x00, 0x00, 0x3f, 0xfa,
    0x00, 0x00, 0x00, 0x00, 0x00, 0x00, 0x5f, 0xf8,
    0x00, 0x00, 0x00, 0x00, 0x03, 0xff, 0xa0, 0x00,
    0x00, 0x00, 0x00, 0x00, 0x05, 0xff, 0x80, 0x00,
    0x00, 0x00, 0x00, 0x3f, 0xfa, 0x00, 0x00, 0x00,
    0x00, 0x00, 0x00, 0x5f, 0xf8, 0x00, 0x00, 0x00,
    0x00, 0x03, 0xff, 0xa0, 0x00, 0x00, 0x00, 0x00,
    0x00, 0x05, 0xff, 0x80, 0x00, 0x00, 0x00, 0x00,
    0x3f, 0xfa, 0x00, 0x00, 0x00, 0x00, 0x00, 0x00,
    0x5f, 0xf8, 0x00, 0x00, 0x00, 0x00, 0x03, 0xff,
    0xa0, 0x00, 0x00, 0x00, 0x00, 0x00, 0x05, 0xff,
    0x80, 0x00, 0x00, 0x00, 0x00, 0x3f, 0xfa, 0x00,
    0x00, 0x00, 0x05, 0xbb, 0xbb, 0xef, 0xf7, 0x00,
    0x00, 0x00, 0x00, 0x03, 0xff, 0xa0, 0x00, 0x00,
    0x00, 0x1f, 0xff, 0xff, 0xff, 0x30, 0x00, 0x00,
    0x00, 0x00, 0x3f, 0xfa, 0x00, 0x00, 0x00, 0x00,
    0xdf, 0xff, 0xfc, 0x50, 0x00, 0x00, 0x00, 0x00,
    0x00, 0x33, 0x20, 0x00, 0x00, 0x00, 0x00, 0x00,
    0x00, 0x00, 0x00, 0x00, 0x00,

    /* U+8868 "表" */
    0x00, 0x00, 0x00, 0x00, 0x00, 0x00, 0x04, 0x66,
    0x00, 0x00, 0x00, 0x00, 0x00, 0x00, 0x00, 0x00,
    0x00, 0x00, 0x00, 0x00, 0x00, 0xcf, 0xf1, 0x00,
    0x00, 0x00, 0x00, 0x00, 0x00, 0x00, 0x00, 0x00,
    0x00, 0x00, 0x00, 0x0c, 0xff, 0x10, 0x00, 0x00,
    0x00, 0x00, 0x00, 0x00, 0x02, 0xff, 0xff, 0xff,
    0xff, 0xff, 0xff, 0xff, 0xff, 0xff, 0xff, 0xff,
    0xfd, 0x00, 0x00, 0x2f, 0xff, 0xff, 0xff, 0xff,
    0xff, 0xff, 0xff, 0xff, 0xff, 0xff, 0xff, 0xe0,
    0x00, 0x01, 0x88, 0x88, 0x88, 0x88, 0x88, 0xef,
    0xf8, 0x88, 0x88, 0x88, 0x88, 0x87, 0x00, 0x00,
    0x00, 0x00, 0x00, 0x00, 0x00, 0x0c, 0xff, 0x10,
    0x00, 0x00, 0x00, 0x00, 0x00, 0x00, 0x00, 0x03,
    0x55, 0x55, 0x55, 0x55, 0xdf, 0xf6, 0x55, 0x55,
    0x55, 0x55, 0x30, 0x00, 0x00, 0x00, 0xaf, 0xff,
    0xff, 0xff, 0xff, 0xff, 0xff, 0xff, 0xff, 0xff,
    0xfa, 0x00, 0x00, 0x00, 0x0a, 0xff, 0xff, 0xff,
    0xff, 0xff, 0xff, 0xff, 0xff, 0xff, 0xff, 0x90,
    0x00, 0x00, 0x00, 0x00, 0x00, 0x00, 0x00, 0x0c,
    0xff, 0x10, 0x00, 0x00, 0x00, 0x00, 0x00, 0x00,
    0x00, 0x00, 0x00, 0x00, 0x00, 0x00, 0xcf, 0xf1,
    0x00, 0x00, 0x00, 0x00, 0x00, 0x00, 0x06, 0xee,
    0xee, 0xee, 0xee, 0xee, 0xef, 0xff, 0xee, 0xee,
    0xee, 0xee, 0xee, 0xec, 0x00, 0x7f, 0xff, 0xff,
    0xff, 0xff, 0xff, 0xff, 0xff, 0xff, 0xff, 0xff,
    0xff, 0xff, 0xd0, 0x03, 0x88, 0x88, 0x88, 0x88,
    0xbf, 0xff, 0xef, 0xfa, 0x88, 0x88, 0x88, 0x88,
    0x86, 0x00, 0x00, 0x00, 0x00, 0x00, 0x6f, 0xff,
    0xa3, 0xff, 0xa0, 0x00, 0x00, 0x03, 0x20, 0x00,
    0x00, 0x00, 0x00, 0x01, 0xbf, 0xff, 0x80, 0x0c,
    0xff, 0x20, 0x00, 0x05, 0xff, 0x60, 0x00, 0x00,
    0x00, 0x08, 0xff, 0xff, 0x50, 0x00, 0x4f, 0xfc,
    0x00, 0x08, 0xff, 0xfb, 0x00, 0x00, 0x00, 0x7e,
    0xff, 0xff, 0x40, 0x00, 0x00, 0xcf, 0xf6, 0x1b,
    0xff, 0xf7, 0x00, 0x00, 0x39, 0xff, 0xff, 0xff,
    0xf2, 0x00, 0x00, 0x03, 0xff, 0xfe, 0xff, 0xc2,
    0x00, 0x00, 0x1e, 0xff, 0xff, 0x9d, 0xff, 0x20,
    0x00, 0x00, 0x08, 0xff, 0xff, 0x70, 0x00, 0x00,
    0x00, 0x2f, 0xf8, 0x10, 0xcf, 0xf2, 0x00, 0x00,
    0x00, 0x0b, 0xff, 0xf4, 0x00, 0x00, 0x00, 0x00,
    0x30, 0x00, 0x0c, 0xff, 0x20, 0x00, 0x03, 0x81,
    0x1c, 0xff, 0xf7, 0x00, 0x00, 0x00, 0x00, 0x00,
    0x00, 0xcf, 0xf2, 0x15, 0xae, 0xff, 0x40, 0x1c,
    0xff, 0xfd, 0x40, 0x00, 0x00, 0x00, 0x00, 0x0e,
    0xff, 0xdf, 0xff, 0xff, 0xf6, 0x00, 0x0a, 0xff,
    0xff, 0xd6, 0x10, 0x00, 0x00, 0x0a, 0xff, 0xff,
    0xff, 0xfc, 0x72, 0x00, 0x00, 0x05, 0xef, 0xff,
    0xf6, 0x00, 0x00, 0x00, 0xbf, 0xff, 0xfb, 0x61,
    0x00, 0x00, 0x00, 0x00, 0x00, 0x7e, 0xfa, 0x00,
    0x00, 0x00, 0x03, 0xfb, 0x61, 0x00, 0x00, 0x00,
    0x00, 0x00, 0x00, 0x00, 0x05, 0x10, 0x00, 0x00,
    0x00, 0x02, 0x00, 0x00, 0x00, 0x00, 0x00, 0x00,
    0x00, 0x00, 0x00, 0x00, 0x00,

    /* U+8981 "要" */
    0x0f, 0xff, 0xff, 0xff, 0xff, 0xff, 0xff, 0xff,
    0xff, 0xff, 0xff, 0xff, 0xff, 0xf0, 0x0f, 0xff,
    0xff, 0xff, 0xff, 0xff, 0xff, 0xff, 0xff, 0xff,
    0xff, 0xff, 0xff, 0xf0, 0x08, 0x88, 0x88, 0x88,
    0x8f, 0xfd, 0x88, 0x88, 0xff, 0xd8, 0x88, 0x88,
    0x88, 0x70, 0x00, 0x00, 0x00, 0x00, 0x0f, 0xfb,
    0x00, 0x00, 0xff, 0x90, 0x00, 0x00, 0x00, 0x00,
    0x00, 0x35, 0x55, 0x55, 0x5f, 0xfd, 0x55, 0x55,
    0xff, 0xb5, 0x55, 0x55, 0x54, 0x00, 0x00, 0x9f,
    0xff, 0xff, 0xff, 0xff, 0xff, 0xff, 0xff, 0xff,
    0xff, 0xff, 0xfd, 0x00, 0x00, 0x9f, 0xff, 0xff,
    0xff, 0xff, 0xff, 0xff, 0xff, 0xff, 0xff, 0xff,
    0xfd, 0x00, 0x00, 0x9f, 0xf1, 0x00, 0x0f, 0xfb,
    0x00, 0x00, 0xff, 0x90, 0x00, 0x0f, 0xfd, 0x00,
    0x00, 0x9f, 0xf1, 0x00, 0x0f, 0xfb, 0x00, 0x00,
    0xff, 0x90, 0x00, 0x0f, 0xfd, 0x00, 0x00, 0x9f,
    0xf1, 0x00, 0x0f, 0xfb, 0x00, 0x00, 0xff, 0x90,
    0x00, 0x0f, 0xfd, 0x00, 0x00, 0x9f, 0xfe, 0xee,
    0xef, 0xff, 0xee, 0xee, 0xff, 0xfe, 0xee, 0xef,
    0xfd, 0x00, 0x00, 0x9f, 0xff, 0xff, 0xff, 0xff,
    0xff, 0xff, 0xff, 0xff, 0xff, 0xff, 0xfd, 0x00,
    0x00, 0x36, 0x66, 0x66, 0x66, 0xff, 0xd7, 0x66,
    0x66, 0x66, 0x66, 0x66, 0x65, 0x00, 0x00, 0x00,
    0x00, 0x00, 0x05, 0xff, 0xe0, 0x00, 0x00, 0x00,
    0x00, 0x00, 0x00, 0x00, 0x02, 0x22, 0x22, 0x22,
    0x3e, 0xff, 0x82, 0x22, 0x22, 0x22, 0x22, 0x22,
    0x22, 0x21, 0x4f, 0xff, 0xff, 0xff, 0xff, 0xff,
    0xff, 0xff, 0xff, 0xff, 0xff, 0xff, 0xff, 0xfc,
    0x4f, 0xff, 0xff, 0xff, 0xff, 0xff, 0xff, 0xff,
    0xff, 0xff, 0xff, 0xff, 0xff, 0xfc, 0x15, 0x55,
    0x55, 0x5f, 0xff, 0x95, 0x55, 0x55, 0x55, 0xbf,
    0xfb, 0x55, 0x55, 0x53, 0x00, 0x00, 0x00, 0xaf,
    0xfb, 0x00, 0x00, 0x00, 0x03, 0xff, 0xf2, 0x00,
    0x00, 0x00, 0x00, 0x00, 0x06, 0xff, 0xf8, 0x30,
    0x00, 0x00, 0x3e, 0xff, 0x70, 0x00, 0x00, 0x00,
    0x00, 0x00, 0x4f, 0xff, 0xff, 0xff, 0xc8, 0x46,
    0xff, 0xf9, 0x00, 0x00, 0x00, 0x00, 0x00, 0x00,
    0x02, 0x69, 0xcf, 0xff, 0xff, 0xff, 0xff, 0xc0,
    0x00, 0x00, 0x00, 0x00, 0x00, 0x00, 0x00, 0x00,
    0x01, 0x8f, 0xff, 0xff, 0xff, 0xff, 0xb7, 0x20,
    0x00, 0x00, 0x00, 0x01, 0x35, 0x79, 0xcf, 0xff,
    0xff, 0xfa, 0xdf, 0xff, 0xff, 0xfd, 0x82, 0x00,
    0x0d, 0xff, 0xff, 0xff, 0xff, 0xff, 0xb6, 0x00,
    0x01, 0x6b, 0xff, 0xff, 0xff, 0x60, 0x06, 0xff,
    0xff, 0xfd, 0xa7, 0x40, 0x00, 0x00, 0x00, 0x00,
    0x16, 0xbf, 0xf8, 0x00, 0x01, 0x75, 0x42, 0x00,
    0x00, 0x00, 0x00, 0x00, 0x00, 0x00, 0x00, 0x01,
    0x50, 0x00,

    /* U+89C9 "觉" */
    0x00, 0x00, 0x00, 0x00, 0x00, 0x00, 0x01, 0x00,
    0x00, 0x00, 0x00, 0x00, 0x00, 0x00, 0x00, 0x00,
    0x29, 0x10, 0x00, 0x09, 0xfd, 0x00, 0x00, 0x00,
    0x0a, 0xc7, 0x20, 0x00, 0x00, 0x05, 0xff, 0xc0,
    0x00, 0x09, 0xff, 0x80, 0x00, 0x00, 0x3f, 0xff,
    0x40, 0x00, 0x00, 0x00, 0xbf, 0xf9, 0x00, 0x01,
    0xef, 0xf2, 0x00, 0x00, 0xcf, 0xf8, 0x00, 0x00,
    0x00, 0x00, 0x1e, 0xff, 0x40, 0x00, 0x7f, 0xf9,
    0x00, 0x06, 0xff, 0xc0, 0x00, 0x00, 0x00, 0x00,
    0x05, 0xfe, 0x50, 0x00, 0x1f, 0xa4, 0x00, 0x3f,
    0xff, 0x20, 0x00, 0x00, 0x0c, 0xff, 0xff, 0xff,
    0xff, 0xff, 0xff, 0xff, 0xff, 0xff, 0xff, 0xff,
    0xff, 0xb0, 0x0c, 0xff, 0xff, 0xff, 0xff, 0xff,
    0xff, 0xff, 0xff, 0xff, 0xff, 0xff, 0xff, 0xb0,
    0x0c, 0xff, 0x87, 0x77, 0x77, 0x77, 0x77, 0x77,
    0x77, 0x77, 0x77, 0x79, 0xff, 0xb0, 0x0c, 0xff,
    0x10, 0x00, 0x00, 0x00, 0x00, 0x00, 0x00, 0x00,
    0x00, 0x03, 0xff, 0xb0, 0x0c, 0xff, 0x10, 0x00,
    0x00, 0x00, 0x00, 0x00, 0x00, 0x00, 0x00, 0x03,
    0xff, 0xb0, 0x0c, 0xff, 0x3f, 0xff, 0xff, 0xff,
    0xff, 0xff, 0xff, 0xff, 0xff, 0xe3, 0xff, 0xb0,
    0x03, 0x44, 0x2f, 0xff, 0xff, 0xff, 0xff, 0xff,
    0xff, 0xff, 0xff, 0xe0, 0x44, 0x20, 0x00, 0x00,
    0x2f, 0xfd, 0x77, 0x77, 0x77, 0x77, 0x77, 0x78,
    0xff, 0xe0, 0x00, 0x00, 0x00, 0x00, 0x2f, 0xfb,
    0x00, 0x00, 0x34, 0x40, 0x00, 0x00, 0xff, 0xe0,
    0x00, 0x00, 0x00, 0x00, 0x2f, 0xfb, 0x00, 0x00,
    0xef, 0xf1, 0x00, 0x00, 0xff, 0xe0, 0x00, 0x00,
    0x00, 0x00, 0x2f, 0xfb, 0x00, 0x00, 0xef, 0xf1,
    0x00, 0x00, 0xff, 0xe0, 0x00, 0x00, 0x00, 0x00,
    0x2f, 0xfb, 0x00, 0x00, 0xef, 0xf1, 0x00, 0x00,
    0xff, 0xe0, 0x00, 0x00, 0x00, 0x00, 0x2f, 0xfb,
    0x00, 0x00, 0xff, 0xf0, 0x00, 0x00, 0xff, 0xe0,
    0x00, 0x00, 0x00, 0x00, 0x2f, 0xfb, 0x00, 0x01,
    0xff, 0xe0, 0x00, 0x00, 0xff, 0xe0, 0x00, 0x00,
    0x00, 0x00, 0x2f, 0xfb, 0x00, 0x06, 0xff, 0xbb,
    0xba, 0x00, 0xff, 0xe0, 0x00, 0x00, 0x00, 0x00,
    0x1d, 0xd9, 0x00, 0x1e, 0xff, 0x5f, 0xfe, 0x00,
    0xff, 0xe0, 0x00, 0x00, 0x00, 0x00, 0x00, 0x00,
    0x01, 0xdf, 0xfb, 0x0f, 0xfe, 0x00, 0x00, 0x00,
    0x00, 0x00, 0x00, 0x00, 0x00, 0x00, 0x6e, 0xff,
    0xd1, 0x0f, 0xfe, 0x00, 0x00, 0x00, 0x0e, 0x92,
    0x00, 0x00, 0x00, 0x5d, 0xff, 0xfc, 0x10, 0x0f,
    0xfe, 0x00, 0x00, 0x00, 0x3f, 0xf6, 0x00, 0x04,
    0x9e, 0xff, 0xff, 0x70, 0x00, 0x0f, 0xff, 0x87,
    0x77, 0x77, 0xcf, 0xf3, 0x09, 0xff, 0xff, 0xff,
    0x91, 0x00, 0x00, 0x0c, 0xff, 0xff, 0xff, 0xff,
    0xff, 0xd0, 0x02, 0xef, 0xfd, 0x71, 0x00, 0x00,
    0x00, 0x02, 0xbe, 0xff, 0xff, 0xff, 0xfc, 0x30,
    0x00, 0x47, 0x20, 0x00, 0x00, 0x00, 0x00, 0x00,
    0x00, 0x00, 0x00, 0x00, 0x00, 0x00,

    /* U+8A00 "言" */
    0x00, 0x00, 0x00, 0x00, 0x00, 0x00, 0x05, 0x00,
    0x00, 0x00, 0x00, 0x00, 0x00, 0x00, 0x00, 0x00,
    0x00, 0x00, 0x00, 0x08, 0xff, 0xa0, 0x00, 0x00,
    0x00, 0x00, 0x00, 0x00, 0x00, 0x00, 0x00, 0x00,
    0x00, 0x01, 0xef, 0xf6, 0x00, 0x00, 0x00, 0x00,
    0x00, 0x00, 0x00, 0x00, 0x00, 0x00, 0x00, 0x00,
    0x5f, 0xff, 0x10, 0x00, 0x00, 0x00, 0x00, 0x00,
    0x00, 0x00, 0x00, 0x00, 0x00, 0x00, 0x0c, 0xff,
    0x90, 0x00, 0x00, 0x00, 0x00, 0x00, 0x4f, 0xff,
    0xff, 0xff, 0xff, 0xff, 0xff, 0xff, 0xff, 0xff,
    0xff, 0xff, 0xff, 0xfd, 0x4f, 0xff, 0xff, 0xff,
    0xff, 0xff, 0xff, 0xff, 0xff, 0xff, 0xff, 0xff,
    0xff, 0xfd, 0x17, 0x77, 0x77, 0x77, 0x77, 0x77,
    0x77, 0x77, 0x77, 0x77, 0x77, 0x77, 0x77, 0x75,
    0x00, 0x00, 0x00, 0x00, 0x00, 0x00, 0x00, 0x00,
    0x00, 0x00, 0x00, 0x00, 0x00, 0x00, 0x00, 0x00,
    0x15, 0x55, 0x55, 0x55, 0x55, 0x55, 0x55, 0x55,
    0x55, 0x51, 0x00, 0x00, 0x00, 0x00, 0x3f, 0xff,
    0xff, 0xff, 0xff, 0xff, 0xff, 0xff, 0xff, 0xf5,
    0x00, 0x00, 0x00, 0x00, 0x3f, 0xff, 0xff, 0xff,
    0xff, 0xff, 0xff, 0xff, 0xff, 0xf5, 0x00, 0x00,
    0x00, 0x00, 0x00, 0x00, 0x00, 0x00, 0x00, 0x00,
    0x00, 0x00, 0x00, 0x00, 0x00, 0x00, 0x00, 0x00,
    0x00, 0x00, 0x00, 0x00, 0x00, 0x00, 0x00, 0x00,
    0x00, 0x00, 0x00, 0x00, 0x00, 0x00, 0x3f, 0xff,
    0xff, 0xff, 0xff, 0xff, 0xff, 0xff, 0xff, 0xf5,
    0x00, 0x00, 0x00, 0x00, 0x3f, 0xff, 0xff, 0xff,
    0xff, 0xff, 0xff, 0xff, 0xff, 0xf5, 0x00, 0x00,
    0x00, 0x00, 0x15, 0x55, 0x55, 0x55, 0x55, 0x55,
    0x55, 0x55, 0x55, 0x52, 0x00, 0x00, 0x00, 0x00,
    0x00, 0x00, 0x00, 0x00, 0x00, 0x00, 0x00, 0x00,
    0x00, 0x00, 0x00, 0x00, 0x00, 0x00, 0x00, 0x00,
    0x00, 0x00, 0x00, 0x00, 0x00, 0x00, 0x00, 0x00,
    0x00, 0x00, 0x00, 0x00, 0x8f, 0xff, 0xff, 0xff,
    0xff, 0xff, 0xff, 0xff, 0xff, 0xfb, 0x00, 0x00,
    0x00, 0x00, 0x8f, 0xff, 0xff, 0xff, 0xff, 0xff,
    0xff, 0xff, 0xff, 0xfb, 0x00, 0x00, 0x00, 0x00,
    0x8f, 0xf8, 0x55, 0x55, 0x55, 0x55, 0x55, 0x55,
    0x7f, 0xfb, 0x00, 0x00, 0x00, 0x00, 0x8f, 0xf4,
    0x00, 0x00, 0x00, 0x00, 0x00, 0x00, 0x3f, 0xfb,
    0x00, 0x00, 0x00, 0x00, 0x8f, 0xf4, 0x00, 0x00,
    0x00, 0x00, 0x00, 0x00, 0x3f, 0xfb, 0x00, 0x00,
    0x00, 0x00, 0x8f, 0xf5, 0x11, 0x11, 0x11, 0x11,
    0x11, 0x11, 0x4f, 0xfb, 0x00, 0x00, 0x00, 0x00,
    0x8f, 0xff, 0xff, 0xff, 0xff, 0xff, 0xff, 0xff,
    0xff, 0xfb, 0x00, 0x00, 0x00, 0x00, 0x8f, 0xff,
    0xff, 0xff, 0xff, 0xff, 0xff, 0xff, 0xff, 0xfb,
    0x00, 0x00, 0x00, 0x00, 0x8f, 0xf7, 0x44, 0x44,
    0x44, 0x44, 0x44, 0x44, 0x7f, 0xfb, 0x00, 0x00,
    0x00, 0x00, 0x01, 0x10, 0x00, 0x00, 0x00, 0x00,
    0x00, 0x00, 0x00, 0x00, 0x00, 0x00,

    /* U+8B66 "警" */
    0x00, 0x00, 0x04, 0x41, 0x00, 0x34, 0x20, 0x00,
    0x00, 0x04, 0x00, 0x00, 0x00, 0x00, 0x00, 0x00,
    0x11, 0x3f, 0xf5, 0x11, 0xcf, 0xa1, 0x11, 0x00,
    0x6f, 0xf0, 0x00, 0x00, 0x00, 0x00, 0x07, 0xff,
    0xff, 0xff, 0xff, 0xff, 0xff, 0xfd, 0x00, 0xdf,
    0xa0, 0x00, 0x00, 0x00, 0x00, 0x04, 0xaa, 0xbf,
    0xfc, 0xaa, 0xef, 0xea, 0xa8, 0x06, 0xff, 0xfe,
    0xee, 0xee, 0xee, 0x70, 0x00, 0x00, 0x8f, 0xc3,
    0x00, 0x8a, 0x60, 0x00, 0x1f, 0xff, 0xff, 0xff,
    0xff, 0xff, 0x80, 0x00, 0x04, 0xff, 0xa9, 0x99,
    0x99, 0x99, 0x50, 0xcf, 0xfd, 0x00, 0x04, 0xff,
    0x40, 0x00, 0x00, 0x1d, 0xff, 0xff, 0xff, 0xff,
    0xff, 0xab, 0xff, 0xff, 0x70, 0x0c, 0xfd, 0x00,
    0x00, 0x00, 0xcf, 0xe3, 0x22, 0x22, 0x11, 0xdf,
    0xac, 0xf7, 0x6f, 0xf6, 0x8f, 0xf4, 0x00, 0x00,
    0x0c, 0xff, 0xff, 0xff, 0xff, 0x60, 0xef, 0x70,
    0x50, 0x0a, 0xff, 0xff, 0x90, 0x00, 0x00, 0x02,
    0xcb, 0xf9, 0x55, 0xbf, 0x60, 0xff, 0x50, 0x00,
    0x03, 0xff, 0xff, 0x30, 0x00, 0x00, 0x00, 0x09,
    0xf9, 0x55, 0xbf, 0x63, 0xff, 0x30, 0x04, 0xbf,
    0xff, 0xff, 0xfb, 0x40, 0x00, 0x00, 0x09, 0xff,
    0xff, 0xff, 0xcd, 0xff, 0x01, 0xef, 0xff, 0xc3,
    0x4e, 0xff, 0xff, 0x80, 0x00, 0x08, 0xe6, 0x22,
    0x25, 0xff, 0xfa, 0x67, 0x7f, 0xb4, 0x00, 0x00,
    0x6d, 0xff, 0x20, 0x00, 0x00, 0x00, 0x00, 0x00,
    0x33, 0x1c, 0xff, 0x31, 0x00, 0x00, 0x00, 0x00,
    0x34, 0x00, 0x00, 0xaa, 0xaa, 0xaa, 0xaa, 0xaa,
    0xac, 0xff, 0xda, 0xaa, 0xaa, 0xaa, 0xaa, 0xaa,
    0x00, 0x00, 0xff, 0xff, 0xff, 0xff, 0xff, 0xff,
    0xff, 0xff, 0xff, 0xff, 0xff, 0xff, 0xff, 0x00,
    0x00, 0x33, 0x33, 0x33, 0x33, 0x33, 0x33, 0x33,
    0x33, 0x33, 0x33, 0x33, 0x33, 0x33, 0x00, 0x00,
    0x00, 0x03, 0x77, 0x77, 0x77, 0x77, 0x77, 0x77,
    0x77, 0x77, 0x77, 0x40, 0x00, 0x00, 0x00, 0x00,
    0x06, 0xff, 0xff, 0xff, 0xff, 0xff, 0xff, 0xff,
    0xff, 0xff, 0x80, 0x00, 0x00, 0x00, 0x00, 0x00,
    0x00, 0x00, 0x00, 0x00, 0x00, 0x00, 0x00, 0x00,
    0x00, 0x00, 0x00, 0x00, 0x00, 0x00, 0x06, 0xff,
    0xff, 0xff, 0xff, 0xff, 0xff, 0xff, 0xff, 0xff,
    0x80, 0x00, 0x00, 0x00, 0x00, 0x03, 0x99, 0x99,
    0x99, 0x99, 0x99, 0x99, 0x99, 0x99, 0x99, 0x50,
    0x00, 0x00, 0x00, 0x00, 0x00, 0x00, 0x00, 0x00,
    0x00, 0x00, 0x00, 0x00, 0x00, 0x00, 0x00, 0x00,
    0x00, 0x00, 0x00, 0x0b, 0xff, 0xff, 0xff, 0xff,
    0xff, 0xff, 0xff, 0xff, 0xff, 0xe0, 0x00, 0x00,
    0x00, 0x00, 0x0b, 0xff, 0x88, 0x88, 0x88, 0x88,
    0x88, 0x88, 0x88, 0xff, 0xe0, 0x00, 0x00, 0x00,
    0x00, 0x0b, 0xff, 0x00, 0x00, 0x00, 0x00, 0x00,
    0x00, 0x00, 0xef, 0xe0, 0x00, 0x00, 0x00, 0x00,
    0x0b, 0xff, 0xff, 0xff, 0xff, 0xff, 0xff, 0xff,
    0xff, 0xff, 0xe0, 0x00, 0x00, 0x00, 0x00, 0x0b,
    0xff, 0x99, 0x99, 0x99, 0x99, 0x99, 0x99, 0x99,
    0xff, 0xe0, 0x00, 0x00, 0x00, 0x00, 0x00, 0x00,
    0x00, 0x00, 0x00, 0x00, 0x00, 0x00, 0x00, 0x00,
    0x00, 0x00, 0x00,

    /* U+8BBE "设" */
    0x00, 0x01, 0x50, 0x00, 0x00, 0x00, 0x00, 0x22,
    0x11, 0x11, 0x12, 0x10, 0x00, 0x00, 0x00, 0x2e,
    0xf7, 0x00, 0x00, 0x00, 0x09, 0xff, 0xff, 0xff,
    0xff, 0xf8, 0x00, 0x00, 0x00, 0x3e, 0xff, 0x80,
    0x00, 0x00, 0x09, 0xff, 0xff, 0xff, 0xff, 0xf8,
    0x00, 0x00, 0x00, 0x02, 0xef, 0xf9, 0x00, 0x00,
    0x09, 0xff, 0x99, 0x99, 0xaf, 0xf8, 0x00, 0x00,
    0x00, 0x00, 0x2e, 0xff, 0x70, 0x00, 0x09, 0xff,
    0x00, 0x00, 0x3f, 0xf8, 0x00, 0x00, 0x00, 0x00,
    0x03, 0xfe, 0x20, 0x00, 0x0b, 0xff, 0x00, 0x00,
    0x3f, 0xf8, 0x00, 0x00, 0x00, 0x00, 0x00, 0x43,
    0x00, 0x00, 0x0f, 0xfc, 0x00, 0x00, 0x3f, 0xf8,
    0x00, 0x00, 0x00, 0x00, 0x00, 0x00, 0x00, 0x00,
    0x8f, 0xf8, 0x00, 0x00, 0x3f, 0xf8, 0x00, 0x00,
    0x00, 0x00, 0x00, 0x00, 0x00, 0x06, 0xff, 0xf1,
    0x00, 0x00, 0x2f, 0xfb, 0x44, 0x51, 0xdf, 0xff,
    0xff, 0xd0, 0x01, 0xaf, 0xff, 0x70, 0x00, 0x00,
    0x0f, 0xff, 0xff, 0xf3, 0xdf, 0xff, 0xff, 0xd0,
    0x0c, 0xff, 0xf8, 0x00, 0x00, 0x00, 0x06, 0xff,
    0xff, 0xf5, 0x9b, 0xbb, 0xff, 0xd0, 0x01, 0xee,
    0x50, 0x00, 0x00, 0x00, 0x00, 0x01, 0x11, 0x00,
    0x00, 0x00, 0xef, 0xd0, 0x00, 0x31, 0x00, 0x00,
    0x00, 0x00, 0x00, 0x01, 0x00, 0x00, 0x00, 0x00,
    0xef, 0xd0, 0x00, 0xcf, 0xff, 0xff, 0xff, 0xff,
    0xff, 0xff, 0xf8, 0x00, 0x00, 0x00, 0xef, 0xd0,
    0x00, 0xcf, 0xff, 0xff, 0xff, 0xff, 0xff, 0xff,
    0xfa, 0x00, 0x00, 0x00, 0xef, 0xd0, 0x00, 0x7c,
    0xff, 0xaa, 0xaa, 0xaa, 0xaa, 0xef, 0xf4, 0x00,
    0x00, 0x00, 0xef, 0xd0, 0x00, 0x06, 0xff, 0x70,
    0x00, 0x00, 0x02, 0xff, 0xd0, 0x00, 0x00, 0x00,
    0xef, 0xd0, 0x00, 0x00, 0xdf, 0xf2, 0x00, 0x00,
    0x0b, 0xff, 0x50, 0x00, 0x00, 0x00, 0xef, 0xd0,
    0x00, 0x00, 0x4f, 0xfc, 0x00, 0x00, 0x7f, 0xfb,
    0x00, 0x00, 0x00, 0x00, 0xef, 0xd0, 0x18, 0x00,
    0x09, 0xff, 0xb0, 0x05, 0xff, 0xe2, 0x00, 0x00,
    0x00, 0x00, 0xef, 0xd3, 0xef, 0x30, 0x00, 0xcf,
    0xfb, 0x7f, 0xff, 0x40, 0x00, 0x00, 0x00, 0x00,
    0xef, 0xff, 0xff, 0x70, 0x00, 0x1d, 0xff, 0xff,
    0xf6, 0x00, 0x00, 0x00, 0x00, 0x00, 0xff, 0xff,
    0xf7, 0x00, 0x00, 0x06, 0xff, 0xff, 0xc0, 0x00,
    0x00, 0x00, 0x00, 0x05, 0xff, 0xff, 0x40, 0x00,
    0x05, 0xcf, 0xff, 0xff, 0xfe, 0x71, 0x00, 0x00,
    0x00, 0x2e, 0xff, 0xd2, 0x00, 0x49, 0xef, 0xff,
    0xf9, 0x7f, 0xff, 0xff, 0xa5, 0x10, 0x00, 0x0c,
    0xfb, 0x10, 0x1e, 0xff, 0xff, 0xfa, 0x20, 0x02,
    0xaf, 0xff, 0xff, 0xf6, 0x00, 0x04, 0xa0, 0x00,
    0x08, 0xff, 0xe8, 0x20, 0x00, 0x00, 0x02, 0x9f,
    0xff, 0xc0, 0x00, 0x00, 0x00, 0x00, 0x01, 0x83,
    0x00, 0x00, 0x00, 0x00, 0x00, 0x00, 0x49, 0x20,

    /* U+8BDD "话" */
    0x00, 0x00, 0x00, 0x00, 0x00, 0x00, 0x00, 0x00,
    0x00, 0x00, 0x00, 0x00, 0x00, 0x00, 0x00, 0x07,
    0x00, 0x00, 0x00, 0x00, 0x00, 0x00, 0x00, 0x00,
    0x36, 0xae, 0xd1, 0x00, 0x00, 0xbf, 0xc1, 0x00,
    0x00, 0x00, 0x01, 0x35, 0x8a, 0xdf, 0xff, 0xff,
    0xfb, 0x00, 0x00, 0xcf, 0xfd, 0x10, 0x00, 0xce,
    0xff, 0xff, 0xff, 0xff, 0xff, 0xfd, 0x95, 0x00,
    0x00, 0x0b, 0xff, 0xd1, 0x00, 0xbf, 0xff, 0xff,
    0xff, 0xff, 0x73, 0x00, 0x00, 0x00, 0x00, 0x00,
    0xbf, 0xfc, 0x00, 0x49, 0x76, 0x42, 0x0c, 0xff,
    0x10, 0x00, 0x00, 0x00, 0x00, 0x00, 0x0c, 0xf4,
    0x00, 0x00, 0x00, 0x00, 0x0c, 0xff, 0x10, 0x00,
    0x00, 0x00, 0x00, 0x00, 0x01, 0x40, 0x00, 0x00,
    0x00, 0x00, 0x0c, 0xff, 0x10, 0x00, 0x00, 0x00,
    0x00, 0x00, 0x00, 0x00, 0x00, 0x00, 0x00, 0x00,
    0x0c, 0xff, 0x10, 0x00, 0x00, 0x00, 0x00, 0x00,
    0x00, 0x00, 0x01, 0x33, 0x33, 0x33, 0x3d, 0xff,
    0x43, 0x33, 0x33, 0x32, 0xcf, 0xff, 0xff, 0xb0,
    0x05, 0xff, 0xff, 0xff, 0xff, 0xff, 0xff, 0xff,
    0xff, 0xfb, 0xcf, 0xff, 0xff, 0xb0, 0x05, 0xff,
    0xff, 0xff, 0xff, 0xff, 0xff, 0xff, 0xff, 0xfb,
    0x9b, 0xbb, 0xff, 0xb0, 0x02, 0x88, 0x88, 0x88,
    0x8e, 0xff, 0x88, 0x88, 0x88, 0x85, 0x00, 0x00,
    0xff, 0xb0, 0x00, 0x00, 0x00, 0x00, 0x0c, 0xff,
    0x10, 0x00, 0x00, 0x00, 0x00, 0x00, 0xff, 0xb0,
    0x00, 0x00, 0x00, 0x00, 0x0c, 0xff, 0x10, 0x00,
    0x00, 0x00, 0x00, 0x00, 0xff, 0xb0, 0x00, 0x00,
    0x00, 0x00, 0x0c, 0xff, 0x10, 0x00, 0x00, 0x00,
    0x00, 0x00, 0xff, 0xb0, 0x00, 0x00, 0x00, 0x00,
    0x0c, 0xff, 0x10, 0x00, 0x00, 0x00, 0x00, 0x00,
    0xff, 0xb0, 0x00, 0x08, 0xff, 0xff, 0xff, 0xff,
    0xff, 0xff, 0xff, 0x10, 0x00, 0x00, 0xff, 0xb0,
    0x00, 0x08, 0xff, 0xff, 0xff, 0xff, 0xff, 0xff,
    0xff, 0x10, 0x00, 0x00, 0xff, 0xb0, 0x02, 0x08,
    0xff, 0xba, 0xaa, 0xaa, 0xaa, 0xaf, 0xff, 0x10,
    0x00, 0x00, 0xff, 0xb0, 0xad, 0x08, 0xff, 0x40,
    0x00, 0x00, 0x00, 0x0e, 0xff, 0x10, 0x00, 0x00,
    0xff, 0xcb, 0xff, 0x58, 0xff, 0x40, 0x00, 0x00,
    0x00, 0x0e, 0xff, 0x10, 0x00, 0x00, 0xff, 0xff,
    0xfe, 0x38, 0xff, 0x40, 0x00, 0x00, 0x00, 0x0e,
    0xff, 0x10, 0x00, 0x01, 0xff, 0xff, 0xc1, 0x08,
    0xff, 0x40, 0x00, 0x00, 0x00, 0x0e, 0xff, 0x10,
    0x00, 0x08, 0xff, 0xfa, 0x00, 0x08, 0xff, 0x40,
    0x00, 0x00, 0x00, 0x0e, 0xff, 0x10, 0x00, 0x4f,
    0xff, 0x70, 0x00, 0x08, 0xff, 0xff, 0xff, 0xff,
    0xff, 0xff, 0xff, 0x10, 0x00, 0x0d, 0xf5, 0x00,
    0x00, 0x08, 0xff, 0xff, 0xff, 0xff, 0xff, 0xff,
    0xff, 0x10, 0x00, 0x02, 0x40, 0x00, 0x00, 0x08,
    0xff, 0xa8, 0x88, 0x88, 0x88, 0x8f, 0xff, 0x10,
    0x00, 0x00, 0x00, 0x00, 0x00, 0x00, 0x11, 0x00,
    0x00, 0x00, 0x00, 0x00, 0x00, 0x00,

    /* U+8BED "语" */
    0x00, 0x19, 0x10, 0x00, 0x02, 0x77, 0x77, 0x77,
    0x77, 0x77, 0x77, 0x77, 0x77, 0x60, 0x01, 0xdf,
    0xd2, 0x00, 0x06, 0xff, 0xff, 0xff, 0xff, 0xff,
    0xff, 0xff, 0xff, 0xe0, 0x00, 0xbf, 0xfe, 0x30,
    0x06, 0xff, 0xff, 0xff, 0xff, 0xff, 0xff, 0xff,
    0xff, 0xe0, 0x00, 0x0b, 0xff, 0xf3, 0x00, 0x00,
    0x00, 0x0a, 0xff, 0x40, 0x00, 0x00, 0x00, 0x00,
    0x00, 0x00, 0xbf, 0xfe, 0x10, 0x00, 0x00, 0x0d,
    0xff, 0x00, 0x00, 0x00, 0x00, 0x00, 0x00, 0x00,
    0x0c, 0xf7, 0x00, 0x00, 0x00, 0x0f, 0xfd, 0x00,
    0x00, 0x00, 0x00, 0x00, 0x00, 0x00, 0x01, 0x70,
    0x00, 0x5f, 0xff, 0xff, 0xff, 0xff, 0xff, 0xff,
    0xe0, 0x00, 0x00, 0x00, 0x00, 0x00, 0x00, 0x5f,
    0xff, 0xff, 0xff, 0xff, 0xff, 0xff, 0xe0, 0x00,
    0x01, 0x11, 0x11, 0x00, 0x00, 0x28, 0x88, 0xef,
    0xf9, 0x88, 0x88, 0xff, 0xd0, 0x00, 0xdf, 0xff,
    0xff, 0xb0, 0x00, 0x00, 0x00, 0xef, 0xf0, 0x00,
    0x00, 0xff, 0xc0, 0x00, 0xdf, 0xff, 0xff, 0xb0,
    0x00, 0x00, 0x02, 0xff, 0xb0, 0x00, 0x00, 0xff,
    0xa0, 0x00, 0x9b, 0xbb, 0xff, 0xb0, 0x00, 0x00,
    0x06, 0xff, 0x70, 0x00, 0x02, 0xff, 0x90, 0x00,
    0x00, 0x00, 0xef, 0xb0, 0x6f, 0xff, 0xff, 0xff,
    0xff, 0xff, 0xff, 0xff, 0xff, 0xfe, 0x00, 0x00,
    0xef, 0xb0, 0x6f, 0xff, 0xff, 0xff, 0xff, 0xff,
    0xff, 0xff, 0xff, 0xfe, 0x00, 0x00, 0xef, 0xb0,
    0x4a, 0xaa, 0xaa, 0xaa, 0xaa, 0xaa, 0xaa, 0xaa,
    0xaa, 0xa9, 0x00, 0x00, 0xef, 0xb0, 0x00, 0x00,
    0x00, 0x00, 0x00, 0x00, 0x00, 0x00, 0x00, 0x00,
    0x00, 0x00, 0xef, 0xb0, 0x00, 0x03, 0x33, 0x33,
    0x33, 0x33, 0x33, 0x33, 0x33, 0x00, 0x00, 0x00,
    0xef, 0xb0, 0x00, 0x1f, 0xff, 0xff, 0xff, 0xff,
    0xff, 0xff, 0xfe, 0x00, 0x00, 0x00, 0xef, 0xb0,
    0x00, 0x1f, 0xff, 0xff, 0xff, 0xff, 0xff, 0xff,
    0xfe, 0x00, 0x00, 0x00, 0xef, 0xb0, 0x01, 0x2f,
    0xfb, 0x44, 0x44, 0x44, 0x44, 0x4e, 0xfe, 0x00,
    0x00, 0x00, 0xef, 0xb0, 0x5e, 0x6f, 0xf9, 0x00,
    0x00, 0x00, 0x00, 0x0e, 0xfe, 0x00, 0x00, 0x00,
    0xef, 0xcb, 0xff, 0xbf, 0xf9, 0x00, 0x00, 0x00,
    0x00, 0x0e, 0xfe, 0x00, 0x00, 0x00, 0xff, 0xff,
    0xfd, 0x4f, 0xf9, 0x00, 0x00, 0x00, 0x00, 0x0e,
    0xfe, 0x00, 0x00, 0x06, 0xff, 0xff, 0x80, 0x1f,
    0xfa, 0x11, 0x11, 0x11, 0x11, 0x1e, 0xfe, 0x00,
    0x00, 0x0e, 0xff, 0xd3, 0x00, 0x1f, 0xff, 0xff,
    0xff, 0xff, 0xff, 0xff, 0xfe, 0x00, 0x00, 0x05,
    0xf9, 0x00, 0x00, 0x1f, 0xff, 0xff, 0xff, 0xff,
    0xff, 0xff, 0xfe, 0x00, 0x00, 0x00, 0x50, 0x00,
    0x00, 0x1f, 0xfc, 0x66, 0x66, 0x66, 0x66, 0x6f,
    0xfe, 0x00, 0x00, 0x00, 0x00, 0x00, 0x00, 0x01,
    0x10, 0x00, 0x00, 0x00, 0x00, 0x00, 0x00, 0x00,

    /* U+8BF7 "请" */
    0x00, 0x00, 0x00, 0x00, 0x00, 0x00, 0x00, 0x00,
    0x04, 0x54, 0x00, 0x00, 0x00, 0x00, 0x00, 0x07,
    0x20, 0x00, 0x00, 0x00, 0x00, 0x00, 0x0d, 0xff,
    0x00, 0x00, 0x00, 0x00, 0x00, 0x9f, 0xe3, 0x00,
    0x00, 0x01, 0x11, 0x11, 0x1d, 0xff, 0x11, 0x11,
    0x11, 0x10, 0x00, 0xaf, 0xff, 0x30, 0x00, 0x9f,
    0xff, 0xff, 0xff, 0xff, 0xff, 0xff, 0xff, 0xf0,
    0x00, 0x09, 0xff, 0xf3, 0x00, 0x9f, 0xff, 0xff,
    0xff, 0xff, 0xff, 0xff, 0xff, 0xf0, 0x00, 0x00,
    0xaf, 0xff, 0x20, 0x00, 0x00, 0x00, 0x0d, 0xff,
    0x00, 0x00, 0x00, 0x00, 0x00, 0x00, 0x0b, 0xfb,
    0x00, 0x02, 0x33, 0x33, 0x3d, 0xff, 0x33, 0x33,
    0x33, 0x00, 0x00, 0x00, 0x00, 0xa0, 0x00, 0x0d,
    0xff, 0xff, 0xff, 0xff, 0xff, 0xff, 0xff, 0x10,
    0x00, 0x00, 0x00, 0x00, 0x00, 0x0a, 0xcc, 0xcc,
    0xcf, 0xff, 0xcc, 0xcc, 0xcc, 0x00, 0x00, 0x00,
    0x00, 0x00, 0x00, 0x00, 0x00, 0x00, 0x0d, 0xff,
    0x00, 0x00, 0x00, 0x00, 0xdf, 0xff, 0xff, 0xf0,
    0x05, 0xbb, 0xbb, 0xbb, 0xbf, 0xff, 0xbb, 0xbb,
    0xbb, 0xb9, 0xdf, 0xff, 0xff, 0xf0, 0x08, 0xff,
    0xff, 0xff, 0xff, 0xff, 0xff, 0xff, 0xff, 0xfe,
    0xab, 0xbb, 0xef, 0xf0, 0x03, 0x66, 0x66, 0x66,
    0x66, 0x66, 0x66, 0x66, 0x66, 0x65, 0x00, 0x00,
    0xbf, 0xf0, 0x00, 0x01, 0x11, 0x11, 0x11, 0x11,
    0x11, 0x12, 0x11, 0x00, 0x00, 0x00, 0xbf, 0xf0,
    0x00, 0x0a, 0xff, 0xff, 0xff, 0xff, 0xff, 0xff,
    0xfb, 0x00, 0x00, 0x00, 0xbf, 0xf0, 0x00, 0x0a,
    0xff, 0xff, 0xff, 0xff, 0xff, 0xff, 0xfb, 0x00,
    0x00, 0x00, 0xbf, 0xf0, 0x00, 0x0a, 0xff, 0x10,
    0x00, 0x00, 0x00, 0x0f, 0xfb, 0x00, 0x00, 0x00,
    0xbf, 0xf0, 0x00, 0x0a, 0xff, 0x00, 0x00, 0x00,
    0x00, 0x0f, 0xfb, 0x00, 0x00, 0x00, 0xbf, 0xf0,
    0x00, 0x0a, 0xff, 0xff, 0xff, 0xff, 0xff, 0xff,
    0xfb, 0x00, 0x00, 0x00, 0xbf, 0xf0, 0x00, 0x0a,
    0xff, 0xee, 0xee, 0xee, 0xee, 0xef, 0xfb, 0x00,
    0x00, 0x00, 0xbf, 0xf0, 0x08, 0x0a, 0xff, 0x00,
    0x00, 0x00, 0x00, 0x0f, 0xfb, 0x00, 0x00, 0x00,
    0xbf, 0xf2, 0xcf, 0x5a, 0xff, 0x00, 0x00, 0x00,
    0x00, 0x0f, 0xfb, 0x00, 0x00, 0x00, 0xbf, 0xff,
    0xff, 0xaa, 0xff, 0xff, 0xff, 0xff, 0xff, 0xff,
    0xfb, 0x00, 0x00, 0x00, 0xdf, 0xff, 0xf9, 0x0a,
    0xff, 0xff, 0xff, 0xff, 0xff, 0xff, 0xfb, 0x00,
    0x00, 0x06, 0xff, 0xfe, 0x40, 0x0a, 0xff, 0x00,
    0x00, 0x00, 0x00, 0x0f, 0xfb, 0x00, 0x00, 0x0e,
    0xff, 0xb1, 0x00, 0x0a, 0xff, 0x00, 0x00, 0x05,
    0x77, 0x8f, 0xfb, 0x00, 0x00, 0x05, 0xf7, 0x00,
    0x00, 0x0a, 0xff, 0x00, 0x00, 0x06, 0xff, 0xff,
    0xf7, 0x00, 0x00, 0x00, 0x40, 0x00, 0x00, 0x0a,
    0xff, 0x00, 0x00, 0x02, 0xfe, 0xec, 0x80, 0x00,

    /* U+8D2E "贮" */
    0x00, 0x00, 0x00, 0x00, 0x00, 0x00, 0x00, 0x00,
    0x00, 0x00, 0x10, 0x00, 0x00, 0x00, 0x00, 0x00,
    0x00, 0x00, 0x00, 0x00, 0x00, 0x00, 0x00, 0x06,
    0xde, 0x10, 0x00, 0x00, 0x00, 0x00, 0x89, 0x99,
    0x99, 0x99, 0x99, 0x20, 0x00, 0x00, 0x7f, 0xfb,
    0x00, 0x00, 0x00, 0x00, 0x0f, 0xff, 0xff, 0xff,
    0xff, 0xf4, 0x00, 0x00, 0x00, 0xcf, 0xf5, 0x00,
    0x00, 0x00, 0x00, 0xff, 0xff, 0xff, 0xff, 0xff,
    0x40, 0x00, 0x00, 0x02, 0xff, 0xe0, 0x00, 0x00,
    0x00, 0x0f, 0xf4, 0x00, 0x00, 0x0f, 0xf4, 0x00,
    0x00, 0x00, 0x08, 0xe8, 0x00, 0x00, 0x00, 0x00,
    0xff, 0x40, 0x66, 0x10, 0xff, 0x43, 0xff, 0xff,
    0xff, 0xff, 0xff, 0xff, 0xff, 0x70, 0x0f, 0xf4,
    0x0f, 0xf4, 0x0f, 0xf4, 0x4f, 0xff, 0xff, 0xff,
    0xff, 0xff, 0xff, 0xf8, 0x00, 0xff, 0x40, 0xff,
    0x40, 0xff, 0x44, 0xff, 0xc9, 0x99, 0x99, 0x99,
    0x9b, 0xff, 0x80, 0x0f, 0xf4, 0x0f, 0xf4, 0x0f,
    0xf4, 0x4f, 0xf6, 0x00, 0x00, 0x00, 0x00, 0x4f,
    0xf8, 0x00, 0xff, 0x40, 0xff, 0x40, 0xff, 0x44,
    0xff, 0x60, 0x00, 0x00, 0x00, 0x04, 0xff, 0x80,
    0x0f, 0xf4, 0x0f, 0xf4, 0x0f, 0xf4, 0x4f, 0xf6,
    0x00, 0x00, 0x00, 0x00, 0x4f, 0xf8, 0x00, 0xff,
    0x40, 0xff, 0x40, 0xff, 0x42, 0x99, 0x30, 0x00,
    0x00, 0x00, 0x02, 0x88, 0x40, 0x0f, 0xf4, 0x0f,
    0xf4, 0x0f, 0xf4, 0x00, 0x00, 0x00, 0x00, 0x00,
    0x00, 0x00, 0x00, 0x00, 0xff, 0x40, 0xff, 0x40,
    0xff, 0x40, 0x00, 0x00, 0x00, 0x00, 0x00, 0x00,
    0x00, 0x00, 0x0f, 0xf4, 0x0f, 0xf3, 0x0f, 0xf4,
    0x00, 0x00, 0x00, 0x00, 0x00, 0x00, 0x00, 0x00,
    0x00, 0xff, 0x40, 0xff, 0x20, 0xff, 0x40, 0x00,
    0x00, 0x00, 0x00, 0x00, 0x00, 0x00, 0x00, 0x0f,
    0xf4, 0x1f, 0xf1, 0x0f, 0xf4, 0x00, 0x00, 0x00,
    0x00, 0x00, 0x00, 0x00, 0x00, 0x00, 0xff, 0x43,
    0xff, 0x00, 0xff, 0x40, 0x00, 0x00, 0x00, 0x00,
    0x00, 0x00, 0x00, 0x00, 0x0f, 0xf4, 0x6f, 0xd0,
    0x0f, 0xf4, 0x00, 0x00, 0x00, 0x00, 0x00, 0x00,
    0x00, 0x00, 0x00, 0xcd, 0x3b, 0xf9, 0x00, 0xbb,
    0x30, 0x00, 0x00, 0x00, 0x00, 0x00, 0x00, 0x00,
    0x00, 0x00, 0x01, 0xff, 0x50, 0x30, 0x00, 0x00,
    0x00, 0x00, 0x00, 0x00, 0x00, 0x00, 0x00, 0x00,
    0x00, 0x7f, 0xf2, 0xcf, 0x40, 0x00, 0x00, 0x00,
    0x00, 0x00, 0x00, 0x00, 0x00, 0x00, 0x00, 0x2f,
    0xf8, 0x0c, 0xff, 0x30, 0x4c, 0xcc, 0xcc, 0xcc,
    0xcc, 0xcc, 0xcc, 0xcb, 0x00, 0x0c, 0xfe, 0x00,
    0x1e, 0xfe, 0x26, 0xff, 0xff, 0xff, 0xff, 0xff,
    0xff, 0xff, 0xe0, 0x1c, 0xff, 0x40, 0x00, 0x3f,
    0xfd, 0x6f, 0xff, 0xff, 0xff, 0xff, 0xff, 0xff,
    0xfe, 0x0d, 0xff, 0x60, 0x00, 0x00, 0x6f, 0x60,
    0x11, 0x11, 0x11, 0x11, 0x11, 0x11, 0x11, 0x10,
    0x3e, 0x50, 0x00, 0x00, 0x00, 0x30, 0x00, 0x00,
    0x00, 0x00, 0x00, 0x00, 0x00, 0x00, 0x00, 0x00,
    0x00, 0x00, 0x00, 0x00, 0x00, 0x00, 0x00, 0x00,
    0x00, 0x00, 0x00, 0x00, 0x00,

    /* U+8D39 "费" */
    0x00, 0x00, 0x00, 0x00, 0x05, 0x88, 0x00, 0x00,
    0x78, 0x60, 0x00, 0x00, 0x00, 0x00, 0x00, 0x00,
    0x00, 0x00, 0x09, 0xff, 0x00, 0x00, 0xef, 0xc0,
    0x00, 0x00, 0x00, 0x00, 0x00, 0xac, 0xcc, 0xcc,
    0xce, 0xff, 0xcc, 0xcc, 0xff, 0xfc, 0xcc, 0xcc,
    0xc4, 0x00, 0x00, 0xdf, 0xff, 0xff, 0xff, 0xff,
    0xff, 0xff, 0xff, 0xff, 0xff, 0xff, 0xf5, 0x00,
    0x00, 0x23, 0x33, 0x33, 0x3b, 0xff, 0x33, 0x33,
    0xff, 0xd3, 0x33, 0x6f, 0xf5, 0x00, 0x00, 0x00,
    0x00, 0x00, 0x09, 0xff, 0x00, 0x00, 0xef, 0xc0,
    0x00, 0x4f, 0xf5, 0x00, 0x00, 0x0c, 0xff, 0xee,
    0xef, 0xff, 0xee, 0xee, 0xff, 0xfe, 0xee, 0xef,
    0xf5, 0x00, 0x00, 0x0f, 0xff, 0xff, 0xff, 0xff,
    0xff, 0xff, 0xff, 0xff, 0xff, 0xff, 0xf5, 0x00,
    0x00, 0x2f, 0xf6, 0x00, 0x0c, 0xfe, 0x00, 0x00,
    0xef, 0xc0, 0x00, 0x00, 0x00, 0x00, 0x00, 0x4f,
    0xf4, 0x00, 0x0e, 0xfc, 0x00, 0x00, 0xef, 0xc0,
    0x00, 0x00, 0x00, 0x00, 0x00, 0x7f, 0xff, 0xff,
    0xff, 0xff, 0xff, 0xff, 0xff, 0xff, 0xff, 0xff,
    0xff, 0xf1, 0x00, 0xaf, 0xff, 0xff, 0xff, 0xff,
    0xff, 0xff, 0xff, 0xff, 0xff, 0xff, 0xff, 0xf0,
    0x00, 0x00, 0x00, 0x4e, 0xff, 0x90, 0x00, 0x00,
    0xef, 0xc0, 0x00, 0x00, 0xcf, 0xe0, 0x00, 0x00,
    0x4b, 0xff, 0xfb, 0x00, 0x00, 0x00, 0xef, 0xc0,
    0x05, 0xbb, 0xff, 0xa0, 0x15, 0x9e, 0xff, 0xff,
    0x80, 0x00, 0x00, 0x00, 0xef, 0xc0, 0x02, 0xff,
    0xfd, 0x20, 0x1e, 0xff, 0xff, 0xd6, 0x33, 0x33,
    0x33, 0x33, 0x45, 0x43, 0x33, 0x43, 0x00, 0x00,
    0x05, 0xea, 0xdf, 0xff, 0xff, 0xff, 0xff, 0xff,
    0xff, 0xff, 0xff, 0xfc, 0x00, 0x00, 0x00, 0x00,
    0xaf, 0xff, 0xff, 0xff, 0xff, 0xff, 0xff, 0xff,
    0xff, 0xfc, 0x00, 0x00, 0x00, 0x00, 0xaf, 0xf2,
    0x11, 0x11, 0x11, 0x11, 0x11, 0x11, 0x2f, 0xfc,
    0x00, 0x00, 0x00, 0x00, 0xaf, 0xf1, 0x00, 0x00,
    0x2c, 0xc7, 0x00, 0x00, 0x1f, 0xfc, 0x00, 0x00,
    0x00, 0x00, 0xaf, 0xf1, 0x00, 0x00, 0x8f, 0xf5,
    0x00, 0x00, 0x1f, 0xfc, 0x00, 0x00, 0x00, 0x00,
    0xaf, 0xf1, 0x00, 0x01, 0xef, 0xf0, 0x00, 0x00,
    0x1f, 0xfc, 0x00, 0x00, 0x00, 0x00, 0xaf, 0xf1,
    0x00, 0x0b, 0xff, 0x80, 0x30, 0x00, 0x1f, 0xfc,
    0x00, 0x00, 0x00, 0x00, 0xaf, 0xf1, 0x02, 0xcf,
    0xfd, 0x0b, 0xfe, 0xa6, 0x2d, 0xda, 0x00, 0x00,
    0x00, 0x00, 0x01, 0x14, 0xaf, 0xff, 0xd2, 0x3d,
    0xff, 0xff, 0xfc, 0x72, 0x00, 0x00, 0x00, 0x25,
    0x7b, 0xff, 0xff, 0xfa, 0x10, 0x00, 0x26, 0xcf,
    0xff, 0xff, 0xd7, 0x20, 0x9f, 0xff, 0xff, 0xff,
    0xfa, 0x30, 0x00, 0x00, 0x00, 0x01, 0x6b, 0xff,
    0xff, 0xf5, 0x2f, 0xff, 0xfc, 0x95, 0x00, 0x00,
    0x00, 0x00, 0x00, 0x00, 0x00, 0x17, 0xdf, 0xc0,
    0x05, 0x52, 0x00, 0x00, 0x00, 0x00, 0x00, 0x00,
    0x00, 0x00, 0x00, 0x00, 0x04, 0x20,

    /* U+8D77 "起" */
    0x00, 0x00, 0x00, 0x04, 0x42, 0x00, 0x00, 0x00,
    0x00, 0x00, 0x00, 0x00, 0x00, 0x00, 0x00, 0x00,
    0x00, 0x00, 0x1f, 0xf9, 0x00, 0x00, 0x00, 0x00,
    0x00, 0x00, 0x00, 0x00, 0x00, 0x00, 0x00, 0x00,
    0x00, 0x1f, 0xf9, 0x00, 0x00, 0x00, 0xff, 0xff,
    0xff, 0xff, 0xff, 0xf3, 0x00, 0x00, 0x11, 0x11,
    0x3f, 0xf9, 0x11, 0x11, 0x00, 0xff, 0xff, 0xff,
    0xff, 0xff, 0xf3, 0x00, 0x00, 0xef, 0xff, 0xff,
    0xff, 0xff, 0xff, 0x50, 0x77, 0x77, 0x77, 0x77,
    0xbf, 0xf3, 0x00, 0x00, 0xef, 0xff, 0xff, 0xff,
    0xff, 0xff, 0x50, 0x00, 0x00, 0x00, 0x00, 0x8f,
    0xf3, 0x00, 0x00, 0x56, 0x66, 0x6f, 0xfb, 0x66,
    0x66, 0x10, 0x00, 0x00, 0x00, 0x00, 0x8f, 0xf3,
    0x00, 0x00, 0x00, 0x00, 0x1f, 0xf9, 0x00, 0x00,
    0x00, 0x00, 0x00, 0x00, 0x00, 0x8f, 0xf3, 0x00,
    0x00, 0x00, 0x00, 0x1f, 0xf9, 0x00, 0x00, 0x00,
    0x00, 0x00, 0x00, 0x00, 0x8f, 0xf3, 0x00, 0x02,
    0x44, 0x44, 0x4f, 0xfa, 0x44, 0x44, 0x40, 0x00,
    0x00, 0x00, 0x00, 0x8f, 0xf3, 0x00, 0x0b, 0xff,
    0xff, 0xff, 0xff, 0xff, 0xff, 0xf1, 0xaf, 0xff,
    0xff, 0xff, 0xff, 0xf3, 0x00, 0x0b, 0xff, 0xff,
    0xff, 0xff, 0xff, 0xff, 0xf1, 0xaf, 0xff, 0xff,
    0xff, 0xff, 0xf3, 0x00, 0x02, 0x44, 0x44, 0x49,
    0xff, 0x54, 0x44, 0x40, 0xaf, 0xf9, 0x88, 0x88,
    0xcf, 0xf3, 0x00, 0x00, 0x00, 0x00, 0x07, 0xff,
    0x20, 0x00, 0x00, 0xaf, 0xf1, 0x00, 0x00, 0x25,
    0x51, 0x00, 0x00, 0x39, 0x82, 0x07, 0xff, 0x20,
    0x00, 0x00, 0xaf, 0xf1, 0x00, 0x00, 0x00, 0x00,
    0x00, 0x00, 0x6f, 0xf3, 0x07, 0xff, 0x20, 0x00,
    0x00, 0xaf, 0xf1, 0x00, 0x00, 0x00, 0x00, 0x00,
    0x00, 0x6f, 0xf3, 0x07, 0xff, 0xff, 0xff, 0xc0,
    0xaf, 0xf1, 0x00, 0x00, 0x00, 0x20, 0x00, 0x00,
    0x7f, 0xf2, 0x07, 0xff, 0xff, 0xff, 0xc0, 0xaf,
    0xf1, 0x00, 0x00, 0x00, 0xad, 0x60, 0x00, 0x8f,
    0xf2, 0x07, 0xff, 0x98, 0x88, 0x70, 0xaf, 0xf1,
    0x00, 0x00, 0x00, 0xaf, 0xd0, 0x00, 0x9f, 0xf7,
    0x07, 0xff, 0x20, 0x00, 0x00, 0xaf, 0xf1, 0x00,
    0x00, 0x00, 0xcf, 0xb0, 0x00, 0xaf, 0xfe, 0x07,
    0xff, 0x20, 0x00, 0x00, 0xaf, 0xf4, 0x00, 0x00,
    0x03, 0xff, 0x90, 0x00, 0xcf, 0xff, 0x77, 0xff,
    0x20, 0x00, 0x00, 0x7f, 0xff, 0xff, 0xff, 0xff,
    0xff, 0x40, 0x00, 0xef, 0xff, 0xfb, 0xff, 0x20,
    0x00, 0x00, 0x1e, 0xff, 0xff, 0xff, 0xff, 0xfb,
    0x00, 0x01, 0xff, 0xaf, 0xff, 0xff, 0x20, 0x00,
    0x00, 0x00, 0x57, 0x88, 0x88, 0x87, 0x40, 0x00,
    0x04, 0xff, 0x55, 0xff, 0xff, 0xa5, 0x31, 0x00,
    0x00, 0x00, 0x00, 0x00, 0x00, 0x00, 0x00, 0x08,
    0xff, 0x20, 0x5f, 0xff, 0xff, 0xff, 0xff, 0xff,
    0xff, 0xff, 0xff, 0xff, 0xff, 0xe0, 0x0e, 0xfe,
    0x00, 0x01, 0x9e, 0xff, 0xff, 0xff, 0xff, 0xff,
    0xff, 0xff, 0xff, 0xff, 0x70, 0x3e, 0xf8, 0x00,
    0x00, 0x00, 0x36, 0x8a, 0xbc, 0xcc, 0xcc, 0xcc,
    0xcc, 0xcc, 0xcc, 0x20, 0x00, 0x82, 0x00, 0x00,
    0x00, 0x00, 0x00, 0x00, 0x00, 0x00, 0x00, 0x00,
    0x00, 0x00, 0x00,

    /* U+8DC3 "跃" */
    0x00, 0x00, 0x00, 0x00, 0x00, 0x00, 0x00, 0x00,
    0x00, 0x00, 0x00, 0x00, 0x00, 0x00, 0x00, 0x01,
    0x11, 0x11, 0x11, 0x11, 0x00, 0x00, 0x00, 0x00,
    0x00, 0x15, 0xae, 0x40, 0x00, 0x07, 0xff, 0xff,
    0xff, 0xff, 0xf0, 0x00, 0x00, 0x03, 0x69, 0xdf,
    0xff, 0xff, 0x30, 0x00, 0x7f, 0xff, 0xff, 0xff,
    0xff, 0x03, 0x8b, 0xdf, 0xff, 0xff, 0xff, 0xfe,
    0x93, 0x00, 0x07, 0xff, 0x55, 0x55, 0xaf, 0xf0,
    0x4f, 0xff, 0xff, 0xff, 0xfa, 0x62, 0x00, 0x00,
    0x00, 0x7f, 0xe0, 0x00, 0x08, 0xff, 0x00, 0xed,
    0xa8, 0x6c, 0xff, 0x10, 0x00, 0x00, 0x00, 0x07,
    0xfe, 0x00, 0x00, 0x8f, 0xf0, 0x00, 0x00, 0x00,
    0xbf, 0xf1, 0x00, 0x00, 0x00, 0x00, 0x7f, 0xe0,
    0x00, 0x08, 0xff, 0x00, 0x00, 0x00, 0x0b, 0xff,
    0x10, 0x00, 0x00, 0x00, 0x07, 0xfe, 0x00, 0x00,
    0x8f, 0xf0, 0x00, 0x00, 0x00, 0xbf, 0xf1, 0x00,
    0x00, 0x00, 0x00, 0x7f, 0xfc, 0xcc, 0xce, 0xff,
    0x00, 0x00, 0x00, 0x0b, 0xff, 0x10, 0x00, 0x00,
    0x00, 0x07, 0xff, 0xff, 0xff, 0xff, 0xf0, 0x00,
    0x00, 0x00, 0xbf, 0xf1, 0x00, 0x00, 0x00, 0x00,
    0x4a, 0xaa, 0xdf, 0xfa, 0xaa, 0x03, 0x44, 0x44,
    0x4c, 0xff, 0x44, 0x44, 0x44, 0x20, 0x00, 0x00,
    0x09, 0xfe, 0x00, 0x00, 0xdf, 0xff, 0xff, 0xff,
    0xff, 0xff, 0xff, 0xf9, 0x00, 0x00, 0x00, 0x9f,
    0xe0, 0x00, 0x0d, 0xff, 0xff, 0xff, 0xff, 0xff,
    0xff, 0xff, 0x90, 0x07, 0xd9, 0x09, 0xfe, 0x00,
    0x00, 0x12, 0x22, 0x22, 0xdf, 0xf8, 0x22, 0x22,
    0x21, 0x00, 0x8f, 0xb0, 0x9f, 0xfb, 0xbb, 0x30,
    0x00, 0x00, 0x0f, 0xff, 0xa0, 0x00, 0x00, 0x00,
    0x08, 0xfb, 0x09, 0xff, 0xff, 0xf4, 0x00, 0x00,
    0x01, 0xff, 0xfe, 0x00, 0x00, 0x00, 0x00, 0x8f,
    0xb0, 0x9f, 0xfc, 0xcc, 0x30, 0x00, 0x00, 0x5f,
    0xff, 0xf3, 0x00, 0x00, 0x00, 0x08, 0xfb, 0x09,
    0xfe, 0x00, 0x00, 0x00, 0x00, 0x09, 0xff, 0xff,
    0x80, 0x00, 0x00, 0x00, 0x8f, 0xb0, 0x9f, 0xe0,
    0x00, 0x00, 0x00, 0x00, 0xff, 0xeb, 0xfe, 0x00,
    0x00, 0x00, 0x08, 0xfb, 0x09, 0xfe, 0x00, 0x00,
    0x00, 0x00, 0x6f, 0xf8, 0x6f, 0xf5, 0x00, 0x00,
    0x00, 0x8f, 0xb0, 0x9f, 0xe0, 0x00, 0x10, 0x00,
    0x1e, 0xff, 0x10, 0xff, 0xd0, 0x00, 0x00, 0x08,
    0xfb, 0x09, 0xff, 0x7c, 0xf6, 0x00, 0x0a, 0xff,
    0x90, 0x08, 0xff, 0x70, 0x00, 0x00, 0x8f, 0xc7,
    0xdf, 0xff, 0xff, 0x80, 0x07, 0xff, 0xe0, 0x00,
    0x1f, 0xff, 0x30, 0x00, 0x7d, 0xff, 0xff, 0xff,
    0xfd, 0x82, 0x06, 0xff, 0xf3, 0x00, 0x00, 0x7f,
    0xfe, 0x30, 0x0c, 0xff, 0xff, 0xea, 0x61, 0x00,
    0x09, 0xff, 0xf5, 0x00, 0x00, 0x00, 0xcf, 0xff,
    0x50, 0x8f, 0xc8, 0x30, 0x00, 0x00, 0x0c, 0xff,
    0xf6, 0x00, 0x00, 0x00, 0x01, 0xdf, 0xfe, 0x11,
    0x10, 0x00, 0x00, 0x00, 0x00, 0x5f, 0xe4, 0x00,
    0x00, 0x00, 0x00, 0x01, 0xcf, 0x30, 0x00, 0x00,
    0x00, 0x00, 0x00, 0x00, 0x51, 0x00, 0x00, 0x00,
    0x00, 0x00, 0x00, 0x30, 0x00,

    /* U+8DD1 "跑" */
    0x00, 0x00, 0x00, 0x00, 0x00, 0x00, 0x00, 0x00,
    0x20, 0x00, 0x00, 0x00, 0x00, 0x00, 0x00, 0x00,
    0x01, 0x11, 0x11, 0x11, 0x11, 0x00, 0x03, 0xfe,
    0x40, 0x00, 0x00, 0x00, 0x00, 0x00, 0x00, 0x8f,
    0xff, 0xff, 0xff, 0xfe, 0x00, 0x09, 0xff, 0x20,
    0x00, 0x00, 0x00, 0x00, 0x00, 0x00, 0x8f, 0xff,
    0xff, 0xff, 0xfe, 0x00, 0x0e, 0xfc, 0x00, 0x00,
    0x00, 0x00, 0x00, 0x00, 0x00, 0x8f, 0xf5, 0x55,
    0x5b, 0xfe, 0x00, 0x6f, 0xff, 0xff, 0xff, 0xff,
    0xff, 0xf9, 0x00, 0x00, 0x8f, 0xe0, 0x00, 0x08,
    0xfe, 0x00, 0xdf, 0xff, 0xff, 0xff, 0xff, 0xff,
    0xfa, 0x00, 0x00, 0x8f, 0xe0, 0x00, 0x08, 0xfe,
    0x07, 0xff, 0xa8, 0x88, 0x88, 0x88, 0x8f, 0xfa,
    0x00, 0x00, 0x8f, 0xe0, 0x00, 0x08, 0xfe, 0x2f,
    0xfd, 0x00, 0x00, 0x00, 0x00, 0x0f, 0xfa, 0x00,
    0x00, 0x8f, 0xe0, 0x00, 0x08, 0xff, 0xcf, 0xf4,
    0x00, 0x00, 0x00, 0x00, 0x0f, 0xf9, 0x00, 0x00,
    0x8f, 0xfd, 0xdd, 0xde, 0xff, 0xef, 0xe8, 0x66,
    0x66, 0x66, 0x20, 0x0f, 0xf9, 0x00, 0x00, 0x8f,
    0xff, 0xff, 0xff, 0xfe, 0x4f, 0xff, 0xff, 0xff,
    0xff, 0x70, 0x0f, 0xf9, 0x00, 0x00, 0x5a, 0xaa,
    0xef, 0xfa, 0xa9, 0x06, 0xff, 0xff, 0xff, 0xff,
    0x70, 0x0f, 0xf9, 0x00, 0x00, 0x00, 0x00, 0x9f,
    0xe0, 0x00, 0x05, 0xff, 0x20, 0x00, 0xff, 0x70,
    0x1f, 0xf9, 0x00, 0x00, 0x00, 0x00, 0x9f, 0xe0,
    0x00, 0x05, 0xff, 0x20, 0x00, 0xff, 0x70, 0x1f,
    0xf9, 0x00, 0x00, 0x9f, 0xb0, 0x9f, 0xe0, 0x00,
    0x05, 0xff, 0x20, 0x00, 0xff, 0x70, 0x1f, 0xf8,
    0x00, 0x00, 0x9f, 0xb0, 0x9f, 0xfd, 0xdb, 0x05,
    0xff, 0x20, 0x00, 0xff, 0x70, 0x2f, 0xf8, 0x00,
    0x00, 0x9f, 0xb0, 0x9f, 0xff, 0xfd, 0x05, 0xff,
    0xa8, 0x88, 0xff, 0x70, 0x2f, 0xf7, 0x00, 0x00,
    0x9f, 0xb0, 0x9f, 0xfa, 0xa8, 0x05, 0xff, 0xff,
    0xff, 0xff, 0x70, 0x4f, 0xf6, 0x00, 0x00, 0x9f,
    0xb0, 0x9f, 0xe0, 0x00, 0x05, 0xff, 0xcc, 0xcc,
    0xdf, 0x93, 0xbf, 0xf4, 0x00, 0x00, 0x9f, 0xb0,
    0x9f, 0xe0, 0x00, 0x05, 0xff, 0x20, 0x00, 0x1f,
    0xff, 0xff, 0xf1, 0x00, 0x00, 0x9f, 0xb0, 0x9f,
    0xe0, 0x00, 0x05, 0xff, 0x20, 0x00, 0x0d, 0xff,
    0xfe, 0x50, 0x00, 0x00, 0x9f, 0xb0, 0x9f, 0xe0,
    0x01, 0x05, 0xff, 0x20, 0x00, 0x02, 0x33, 0x20,
    0x00, 0x00, 0x00, 0x9f, 0xb0, 0x9f, 0xf9, 0xdf,
    0x45, 0xff, 0x20, 0x00, 0x00, 0x00, 0x00, 0x07,
    0x10, 0x00, 0x9f, 0xd9, 0xef, 0xff, 0xff, 0x65,
    0xff, 0x20, 0x00, 0x00, 0x00, 0x00, 0x1f, 0xf4,
    0x08, 0xef, 0xff, 0xff, 0xff, 0xb6, 0x15, 0xff,
    0x30, 0x00, 0x00, 0x00, 0x00, 0x4f, 0xf3, 0x0c,
    0xff, 0xff, 0xd8, 0x40, 0x00, 0x03, 0xff, 0xc7,
    0x66, 0x66, 0x66, 0x67, 0xdf, 0xf0, 0x08, 0xea,
    0x51, 0x00, 0x00, 0x00, 0x00, 0xef, 0xff, 0xff,
    0xff, 0xff, 0xff, 0xff, 0x80, 0x00, 0x00, 0x00,
    0x00, 0x00, 0x00, 0x00, 0x2a, 0xef, 0xff, 0xff,
    0xff, 0xff, 0xe8, 0x00,

    /* U+8EAB "身" */
    0x00, 0x00, 0x00, 0x00, 0x00, 0x00, 0x34, 0x20,
    0x00, 0x00, 0x00, 0x00, 0x00, 0x00, 0x00, 0x00,
    0x00, 0x00, 0x00, 0x00, 0xbf, 0xfa, 0x00, 0x00,
    0x00, 0x00, 0x00, 0x00, 0x00, 0x00, 0x00, 0x00,
    0x00, 0x01, 0xff, 0xf2, 0x00, 0x00, 0x00, 0x00,
    0x00, 0x00, 0x00, 0x00, 0x05, 0x66, 0x66, 0x6a,
    0xff, 0xd6, 0x66, 0x66, 0x76, 0x40, 0x00, 0x00,
    0x00, 0x00, 0x0d, 0xff, 0xff, 0xff, 0xff, 0xff,
    0xff, 0xff, 0xff, 0xa0, 0x00, 0x00, 0x00, 0x00,
    0x0d, 0xff, 0xff, 0xff, 0xff, 0xff, 0xff, 0xff,
    0xff, 0xa0, 0x00, 0x00, 0x00, 0x00, 0x0d, 0xff,
    0x00, 0x00, 0x00, 0x00, 0x00, 0x03, 0xff, 0xa0,
    0x00, 0x00, 0x00, 0x00, 0x0d, 0xff, 0x00, 0x00,
    0x00, 0x00, 0x00, 0x02, 0xff, 0xa0, 0x00, 0x00,
    0x00, 0x00, 0x0d, 0xff, 0xff, 0xff, 0xff, 0xff,
    0xff, 0xff, 0xff, 0xa0, 0x00, 0x00, 0x00, 0x00,
    0x0d, 0xff, 0xff, 0xff, 0xff, 0xff, 0xff, 0xff,
    0xff, 0xa0, 0x00, 0x00, 0x00, 0x00, 0x0d, 0xff,
    0x22, 0x22, 0x22, 0x22, 0x22, 0x24, 0xff, 0xa0,
    0x01, 0x00, 0x00, 0x00, 0x0d, 0xff, 0x00, 0x00,
    0x00, 0x00, 0x00, 0x02, 0xff, 0xa0, 0x6f, 0x91,
    0x00, 0x00, 0x0d, 0xff, 0x22, 0x22, 0x22, 0x22,
    0x22, 0x24, 0xff, 0xa2, 0xff, 0xf3, 0x00, 0x00,
    0x0d, 0xff, 0xff, 0xff, 0xff, 0xff, 0xff, 0xff,
    0xff, 0xbd, 0xff, 0x70, 0x00, 0x00, 0x0d, 0xff,
    0xff, 0xff, 0xff, 0xff, 0xff, 0xff, 0xff, 0xff,
    0xfa, 0x00, 0x00, 0x00, 0x0d, 0xff, 0x00, 0x00,
    0x00, 0x00, 0x00, 0x02, 0xff, 0xff, 0xb0, 0x00,
    0x00, 0x00, 0x0d, 0xff, 0x00, 0x00, 0x00, 0x00,
    0x00, 0x03, 0xff, 0xfc, 0x00, 0x00, 0x06, 0x88,
    0x8e, 0xff, 0x88, 0x88, 0x88, 0x88, 0x88, 0x8e,
    0xff, 0xd0, 0x00, 0x00, 0x0c, 0xff, 0xff, 0xff,
    0xff, 0xff, 0xff, 0xff, 0xff, 0xff, 0xff, 0xa0,
    0x00, 0x00, 0x0b, 0xff, 0xff, 0xff, 0xff, 0xff,
    0xff, 0xff, 0xff, 0xff, 0xff, 0xa0, 0x00, 0x00,
    0x00, 0x00, 0x00, 0x00, 0x00, 0x00, 0x01, 0x8f,
    0xff, 0xd5, 0xff, 0xa0, 0x00, 0x00, 0x00, 0x00,
    0x00, 0x00, 0x00, 0x00, 0x7e, 0xff, 0xf8, 0x02,
    0xff, 0xa0, 0x00, 0x00, 0x00, 0x00, 0x00, 0x00,
    0x01, 0x7e, 0xff, 0xfc, 0x20, 0x02, 0xff, 0xa0,
    0x00, 0x00, 0x00, 0x00, 0x00, 0x03, 0x9f, 0xff,
    0xfd, 0x50, 0x00, 0x02, 0xff, 0xa0, 0x00, 0x00,
    0x00, 0x00, 0x27, 0xdf, 0xff, 0xfd, 0x60, 0x00,
    0x00, 0x02, 0xff, 0x90, 0x00, 0x00, 0x03, 0x8c,
    0xff, 0xff, 0xfc, 0x50, 0x00, 0xab, 0xbb, 0xbd,
    0xff, 0x90, 0x00, 0x00, 0x5f, 0xff, 0xff, 0xe9,
    0x20, 0x00, 0x00, 0x8f, 0xff, 0xff, 0xff, 0x40,
    0x00, 0x00, 0x09, 0xff, 0xa4, 0x00, 0x00, 0x00,
    0x00, 0x3f, 0xff, 0xfe, 0xb5, 0x00, 0x00, 0x00,
    0x00, 0x40, 0x00, 0x00, 0x00, 0x00, 0x00, 0x01,
    0x10, 0x00, 0x00, 0x00, 0x00, 0x00,

    /* U+8F6C "转" */
    0x00, 0x00, 0x01, 0x20, 0x00, 0x00, 0x00, 0x00,
    0x00, 0x00, 0x31, 0x00, 0x00, 0x00, 0x00, 0x00,
    0x00, 0x5f, 0xf6, 0x00, 0x00, 0x00, 0x00, 0x00,
    0x3f, 0xfa, 0x00, 0x00, 0x00, 0x00, 0x00, 0x08,
    0xff, 0x30, 0x00, 0x00, 0x00, 0x00, 0x07, 0xff,
    0x60, 0x00, 0x00, 0x00, 0x00, 0x00, 0xbf, 0xf0,
    0x00, 0x00, 0x00, 0x00, 0x00, 0xbf, 0xf2, 0x00,
    0x00, 0x00, 0x0e, 0xff, 0xff, 0xff, 0xff, 0xff,
    0x61, 0xff, 0xff, 0xff, 0xff, 0xff, 0xff, 0xfc,
    0x00, 0xef, 0xff, 0xff, 0xff, 0xff, 0xf7, 0x1f,
    0xff, 0xff, 0xff, 0xff, 0xff, 0xff, 0xd0, 0x09,
    0xaa, 0xdf, 0xfa, 0xaa, 0xaa, 0x40, 0xaa, 0xaa,
    0xef, 0xfc, 0xaa, 0xaa, 0xa8, 0x00, 0x00, 0x0b,
    0xfc, 0x00, 0x00, 0x00, 0x00, 0x00, 0x0c, 0xff,
    0x10, 0x00, 0x00, 0x00, 0x00, 0x00, 0xff, 0x71,
    0x11, 0x00, 0x00, 0x00, 0x01, 0xff, 0xd0, 0x00,
    0x00, 0x00, 0x00, 0x00, 0x5f, 0xf2, 0xff, 0xa0,
    0x02, 0x88, 0x88, 0xaf, 0xfd, 0x88, 0x88, 0x88,
    0x87, 0x00, 0x0a, 0xfb, 0x0f, 0xfa, 0x00, 0x5f,
    0xff, 0xff, 0xff, 0xff, 0xff, 0xff, 0xff, 0xd0,
    0x01, 0xff, 0x50, 0xff, 0xa0, 0x05, 0xff, 0xff,
    0xff, 0xff, 0xff, 0xff, 0xff, 0xfd, 0x00, 0x7f,
    0xe0, 0x0f, 0xfa, 0x00, 0x01, 0x11, 0x4f, 0xfc,
    0x11, 0x11, 0x11, 0x11, 0x10, 0x2f, 0xff, 0xdd,
    0xff, 0xfd, 0xd4, 0x00, 0x08, 0xff, 0x70, 0x00,
    0x00, 0x00, 0x00, 0x05, 0xff, 0xff, 0xff, 0xff,
    0xff, 0x50, 0x00, 0xdf, 0xf2, 0x00, 0x00, 0x00,
    0x00, 0x00, 0x0f, 0xfe, 0xee, 0xff, 0xfe, 0xe4,
    0x00, 0x2f, 0xff, 0xbb, 0xbb, 0xbb, 0xc9, 0x20,
    0x00, 0x20, 0x00, 0x0f, 0xfa, 0x00, 0x00, 0x07,
    0xff, 0xff, 0xff, 0xff, 0xff, 0xfb, 0x00, 0x00,
    0x00, 0x00, 0xff, 0xa0, 0x00, 0x00, 0xbf, 0xff,
    0xff, 0xff, 0xff, 0xfe, 0x10, 0x00, 0x00, 0x00,
    0x0f, 0xfa, 0x00, 0x11, 0x00, 0x00, 0x00, 0x00,
    0x1e, 0xff, 0x40, 0x00, 0x00, 0x00, 0x03, 0xff,
    0xec, 0xef, 0x70, 0x00, 0x00, 0x00, 0x0c, 0xff,
    0x80, 0x00, 0x07, 0x9b, 0xdf, 0xff, 0xff, 0xff,
    0xf7, 0x00, 0x18, 0x10, 0x08, 0xff, 0xb0, 0x00,
    0x00, 0xdf, 0xff, 0xff, 0xff, 0xfb, 0x85, 0x10,
    0x1c, 0xff, 0x75, 0xff, 0xe1, 0x00, 0x00, 0x0a,
    0xfe, 0xc9, 0x6f, 0xfa, 0x00, 0x00, 0x01, 0xaf,
    0xff, 0xff, 0xf3, 0x00, 0x00, 0x00, 0x21, 0x00,
    0x00, 0xff, 0xa0, 0x00, 0x00, 0x00, 0x3d, 0xff,
    0xfc, 0x00, 0x00, 0x00, 0x00, 0x00, 0x00, 0x0f,
    0xfa, 0x00, 0x00, 0x00, 0x00, 0x08, 0xff, 0xfe,
    0x30, 0x00, 0x00, 0x00, 0x00, 0x00, 0xff, 0xa0,
    0x00, 0x00, 0x00, 0x00, 0x03, 0xef, 0xff, 0x60,
    0x00, 0x00, 0x00, 0x00, 0x0f, 0xfa, 0x00, 0x00,
    0x00, 0x00, 0x00, 0x01, 0xbf, 0xfa, 0x00, 0x00,
    0x00, 0x00, 0x00, 0xff, 0xa0, 0x00, 0x00, 0x00,
    0x00, 0x00, 0x00, 0x8c, 0x00, 0x00, 0x00, 0x00,
    0x00, 0x00, 0x00, 0x00, 0x00, 0x00, 0x00, 0x00,
    0x00, 0x00, 0x00, 0x00, 0x00,

    /* U+8F74 "轴" */
    0x00, 0x00, 0x02, 0x30, 0x00, 0x00, 0x00, 0x00,
    0x00, 0x04, 0x66, 0x00, 0x00, 0x00, 0x00, 0x00,
    0x08, 0xff, 0x30, 0x00, 0x00, 0x00, 0x00, 0x0c,
    0xff, 0x10, 0x00, 0x00, 0x00, 0x00, 0x0a, 0xff,
    0x10, 0x00, 0x00, 0x00, 0x00, 0x0c, 0xff, 0x10,
    0x00, 0x00, 0x00, 0x11, 0x1e, 0xfd, 0x11, 0x11,
    0x00, 0x00, 0x00, 0x0c, 0xff, 0x10, 0x00, 0x00,
    0x0d, 0xff, 0xff, 0xff, 0xff, 0xff, 0x50, 0x00,
    0x00, 0x0c, 0xff, 0x10, 0x00, 0x00, 0x0d, 0xff,
    0xff, 0xff, 0xff, 0xff, 0x50, 0x00, 0x00, 0x0c,
    0xff, 0x10, 0x00, 0x00, 0x07, 0x99, 0xdf, 0xf9,
    0x99, 0x99, 0x20, 0x00, 0x00, 0x0c, 0xff, 0x10,
    0x00, 0x00, 0x00, 0x00, 0xdf, 0xc0, 0x00, 0x00,
    0x06, 0xff, 0xff, 0xff, 0xff, 0xff, 0xff, 0xfc,
    0x00, 0x01, 0xff, 0x71, 0x21, 0x00, 0x07, 0xff,
    0xff, 0xff, 0xff, 0xff, 0xff, 0xfd, 0x00, 0x06,
    0xff, 0x2b, 0xfc, 0x00, 0x07, 0xff, 0xa9, 0x9d,
    0xff, 0x99, 0x9e, 0xfd, 0x00, 0x0b, 0xfd, 0x0b,
    0xfc, 0x00, 0x07, 0xff, 0x10, 0x0a, 0xff, 0x00,
    0x0d, 0xfd, 0x00, 0x1f, 0xf7, 0x0b, 0xfc, 0x00,
    0x07, 0xff, 0x10, 0x0a, 0xff, 0x00, 0x0d, 0xfd,
    0x00, 0x7f, 0xf1, 0x0b, 0xfc, 0x00, 0x07, 0xff,
    0x10, 0x0a, 0xff, 0x00, 0x0d, 0xfd, 0x02, 0xff,
    0xfb, 0xbe, 0xfe, 0xbb, 0x37, 0xff, 0x10, 0x0a,
    0xff, 0x00, 0x0d, 0xfd, 0x04, 0xff, 0xff, 0xff,
    0xff, 0xff, 0x57, 0xff, 0x10, 0x0a, 0xff, 0x00,
    0x0d, 0xfd, 0x00, 0xef, 0xee, 0xef, 0xff, 0xee,
    0x47, 0xff, 0x99, 0x9d, 0xff, 0x99, 0x9e, 0xfd,
    0x00, 0x10, 0x00, 0x0b, 0xfc, 0x00, 0x07, 0xff,
    0xff, 0xff, 0xff, 0xff, 0xff, 0xfd, 0x00, 0x00,
    0x00, 0x0b, 0xfc, 0x00, 0x07, 0xff, 0xff, 0xff,
    0xff, 0xff, 0xff, 0xfd, 0x00, 0x00, 0x00, 0x0b,
    0xfc, 0x00, 0x07, 0xff, 0x10, 0x0a, 0xff, 0x00,
    0x0d, 0xfd, 0x00, 0x00, 0x00, 0x1c, 0xfe, 0xce,
    0x77, 0xff, 0x10, 0x0a, 0xff, 0x00, 0x0d, 0xfd,
    0x04, 0x69, 0xbe, 0xff, 0xff, 0xff, 0x87, 0xff,
    0x10, 0x0a, 0xff, 0x00, 0x0d, 0xfd, 0x0e, 0xff,
    0xff, 0xff, 0xff, 0xda, 0x47, 0xff, 0x10, 0x0a,
    0xff, 0x00, 0x0d, 0xfd, 0x0a, 0xff, 0xfd, 0xad,
    0xfc, 0x00, 0x07, 0xff, 0x10, 0x0a, 0xff, 0x00,
    0x0d, 0xfd, 0x04, 0x74, 0x10, 0x0b, 0xfc, 0x00,
    0x07, 0xff, 0x10, 0x0a, 0xff, 0x00, 0x0d, 0xfd,
    0x00, 0x00, 0x00, 0x0b, 0xfc, 0x00, 0x07, 0xff,
    0xa9, 0x9d, 0xff, 0x99, 0x9e, 0xfd, 0x00, 0x00,
    0x00, 0x0b, 0xfc, 0x00, 0x07, 0xff, 0xff, 0xff,
    0xff, 0xff, 0xff, 0xfd, 0x00, 0x00, 0x00, 0x0b,
    0xfc, 0x00, 0x07, 0xff, 0xff, 0xff, 0xff, 0xff,
    0xff, 0xfd, 0x00, 0x00, 0x00, 0x0b, 0xfc, 0x00,
    0x07, 0xff, 0x10, 0x00, 0x00, 0x00, 0x0d, 0xfd,
    0x00, 0x00, 0x00, 0x00, 0x00, 0x00, 0x01, 0x22,
    0x00, 0x00, 0x00, 0x00, 0x00, 0x00,

    /* U+8FBE "达" */
    0x00, 0x00, 0x00, 0x00, 0x00, 0x00, 0x00, 0x00,
    0x04, 0x55, 0x10, 0x00, 0x00, 0x00, 0x00, 0x00,
    0x05, 0xb0, 0x00, 0x00, 0x00, 0x00, 0x00, 0x0b,
    0xff, 0x20, 0x00, 0x00, 0x00, 0x00, 0x00, 0x9f,
    0xfa, 0x00, 0x00, 0x00, 0x00, 0x00, 0x0c, 0xff,
    0x20, 0x00, 0x00, 0x00, 0x00, 0x00, 0x1e, 0xff,
    0x60, 0x00, 0x00, 0x00, 0x00, 0x0c, 0xff, 0x10,
    0x00, 0x00, 0x00, 0x00, 0x00, 0x05, 0xff, 0xf1,
    0x00, 0x00, 0x00, 0x00, 0x0d, 0xff, 0x00, 0x00,
    0x00, 0x00, 0x00, 0x00, 0x00, 0xbf, 0xfa, 0x00,
    0x00, 0x00, 0x00, 0x0e, 0xff, 0x00, 0x00, 0x00,
    0x00, 0x00, 0x00, 0x00, 0x2f, 0xff, 0x22, 0xbb,
    0xbb, 0xbb, 0xbf, 0xff, 0xbb, 0xbb, 0xbb, 0xbb,
    0x30, 0x00, 0x00, 0x09, 0xd4, 0x03, 0xff, 0xff,
    0xff, 0xff, 0xff, 0xff, 0xff, 0xff, 0xff, 0x40,
    0x00, 0x00, 0x00, 0x00, 0x03, 0xff, 0xff, 0xff,
    0xff, 0xff, 0xff, 0xff, 0xff, 0xff, 0x40, 0x00,
    0x00, 0x00, 0x00, 0x00, 0x00, 0x00, 0x00, 0x4f,
    0xfa, 0x00, 0x00, 0x00, 0x00, 0x00, 0x00, 0x00,
    0x00, 0x00, 0x00, 0x00, 0x00, 0x00, 0x6f, 0xf7,
    0x00, 0x00, 0x00, 0x00, 0x00, 0x00, 0x00, 0x00,
    0x00, 0x00, 0x00, 0x00, 0x00, 0x9f, 0xfa, 0x00,
    0x00, 0x00, 0x00, 0x00, 0x0b, 0xff, 0xff, 0xff,
    0x00, 0x00, 0x00, 0x00, 0xdf, 0xff, 0xa0, 0x00,
    0x00, 0x00, 0x00, 0x0b, 0xff, 0xff, 0xff, 0x00,
    0x00, 0x00, 0x02, 0xff, 0xff, 0xfa, 0x00, 0x00,
    0x00, 0x00, 0x07, 0xbb, 0xbf, 0xff, 0x00, 0x00,
    0x00, 0x09, 0xff, 0xbf, 0xff, 0xa0, 0x00, 0x00,
    0x00, 0x00, 0x00, 0x0d, 0xff, 0x00, 0x00, 0x00,
    0x1f, 0xff, 0x23, 0xff, 0xf9, 0x00, 0x00, 0x00,
    0x00, 0x00, 0x0d, 0xff, 0x00, 0x00, 0x00, 0xaf,
    0xfb, 0x00, 0x4f, 0xff, 0x80, 0x00, 0x00, 0x00,
    0x00, 0x0d, 0xff, 0x00, 0x00, 0x05, 0xff, 0xf3,
    0x00, 0x05, 0xff, 0xf6, 0x00, 0x00, 0x00, 0x00,
    0x0d, 0xff, 0x00, 0x00, 0x5f, 0xff, 0x80, 0x00,
    0x00, 0x7f, 0xff, 0x40, 0x00, 0x00, 0x00, 0x0d,
    0xff, 0x00, 0x07, 0xff, 0xfb, 0x00, 0x00, 0x00,
    0x0a, 0xff, 0xf2, 0x00, 0x00, 0x00, 0x0d, 0xff,
    0x02, 0xcf, 0xff, 0xc0, 0x00, 0x00, 0x00, 0x00,
    0xcf, 0xfd, 0x00, 0x00, 0x00, 0x0d, 0xff, 0x01,
    0xdf, 0xfa, 0x00, 0x00, 0x00, 0x00, 0x00, 0x1e,
    0xfc, 0x10, 0x00, 0x00, 0x9f, 0xff, 0x70, 0x2d,
    0x50, 0x00, 0x00, 0x00, 0x00, 0x00, 0x04, 0x80,
    0x00, 0x00, 0x2d, 0xff, 0xff, 0xfb, 0x20, 0x00,
    0x00, 0x00, 0x00, 0x00, 0x00, 0x00, 0x00, 0x00,
    0x03, 0xef, 0xfc, 0x5b, 0xff, 0xfb, 0x63, 0x10,
    0x00, 0x00, 0x00, 0x01, 0x23, 0x45, 0x70, 0x0e,
    0xff, 0xd0, 0x00, 0x6f, 0xff, 0xff, 0xff, 0xff,
    0xff, 0xff, 0xff, 0xff, 0xff, 0xa0, 0x06, 0xff,
    0x20, 0x00, 0x01, 0x9f, 0xff, 0xff, 0xff, 0xff,
    0xff, 0xff, 0xff, 0xff, 0x60, 0x00, 0xa5, 0x00,
    0x00, 0x00, 0x00, 0x47, 0x9a, 0xbc, 0xcc, 0xbb,
    0xba, 0xa9, 0x88, 0x20, 0x00, 0x00, 0x00, 0x00,
    0x00, 0x00, 0x00, 0x00, 0x00, 0x00, 0x00, 0x00,
    0x00, 0x00, 0x00,

    /* U+8FD9 "这" */
    0x00, 0x00, 0x00, 0x00, 0x00, 0x00, 0x00, 0x00,
    0x02, 0x20, 0x00, 0x00, 0x00, 0x00, 0x00, 0x00,
    0x00, 0x00, 0x00, 0x00, 0x00, 0x00, 0x03, 0xdf,
    0xd0, 0x00, 0x00, 0x00, 0x00, 0x00, 0x00, 0x2b,
    0x50, 0x00, 0x00, 0x00, 0x00, 0x00, 0xdf, 0xf5,
    0x00, 0x00, 0x00, 0x00, 0x00, 0x02, 0xff, 0xf6,
    0x00, 0x00, 0x00, 0x00, 0x00, 0x5f, 0xfd, 0x00,
    0x00, 0x00, 0x00, 0x00, 0x00, 0x7f, 0xff, 0x60,
    0x00, 0x00, 0x00, 0x00, 0x0e, 0xff, 0x40, 0x00,
    0x00, 0x00, 0x00, 0x00, 0x08, 0xff, 0xf4, 0x0b,
    0xbb, 0xbb, 0xbb, 0xbe, 0xfe, 0xbb, 0xbb, 0xbb,
    0xbb, 0x50, 0x00, 0x00, 0xaf, 0xfe, 0x1f, 0xff,
    0xff, 0xff, 0xff, 0xff, 0xff, 0xff, 0xff, 0xff,
    0x80, 0x00, 0x00, 0x0c, 0xc2, 0x1f, 0xff, 0xff,
    0xff, 0xff, 0xff, 0xff, 0xff, 0xff, 0xff, 0x70,
    0x00, 0x00, 0x01, 0x00, 0x00, 0x00, 0x00, 0x00,
    0x00, 0x00, 0x06, 0xff, 0x90, 0x00, 0x00, 0x00,
    0x00, 0x00, 0x00, 0x00, 0x1b, 0x80, 0x00, 0x00,
    0x00, 0x0c, 0xff, 0x30, 0x00, 0x00, 0x00, 0x00,
    0x00, 0x00, 0x00, 0xdf, 0xfd, 0x20, 0x00, 0x00,
    0x3f, 0xfc, 0x00, 0x00, 0x00, 0x00, 0x00, 0x00,
    0x00, 0x00, 0x2d, 0xff, 0xf7, 0x00, 0x00, 0xbf,
    0xf5, 0x00, 0x00, 0x00, 0x09, 0xff, 0xff, 0xfc,
    0x00, 0x00, 0x9f, 0xff, 0xb1, 0x04, 0xff, 0xd0,
    0x00, 0x00, 0x00, 0x09, 0xff, 0xff, 0xfc, 0x00,
    0x00, 0x04, 0xef, 0xfe, 0x5e, 0xff, 0x50, 0x00,
    0x00, 0x00, 0x05, 0x99, 0x9f, 0xfc, 0x00, 0x00,
    0x00, 0x1c, 0xff, 0xff, 0xfa, 0x00, 0x00, 0x00,
    0x00, 0x00, 0x00, 0x0f, 0xfc, 0x00, 0x00, 0x00,
    0x00, 0x9f, 0xff, 0xf3, 0x00, 0x00, 0x00, 0x00,
    0x00, 0x00, 0x0f, 0xfc, 0x00, 0x00, 0x00, 0x00,
    0x9f, 0xff, 0xfe, 0x40, 0x00, 0x00, 0x00, 0x00,
    0x00, 0x0f, 0xfc, 0x00, 0x00, 0x00, 0x1c, 0xff,
    0xfe, 0xff, 0xf7, 0x00, 0x00, 0x00, 0x00, 0x00,
    0x0f, 0xfc, 0x00, 0x00, 0x06, 0xff, 0xff, 0x40,
    0xbf, 0xff, 0xa0, 0x00, 0x00, 0x00, 0x00, 0x0f,
    0xfc, 0x00, 0x05, 0xdf, 0xff, 0xd3, 0x00, 0x08,
    0xff, 0xfc, 0x10, 0x00, 0x00, 0x00, 0x0f, 0xfc,
    0x08, 0xef, 0xff, 0xf9, 0x00, 0x00, 0x00, 0x6f,
    0xff, 0xd2, 0x00, 0x00, 0x00, 0x0f, 0xfc, 0x07,
    0xff, 0xfc, 0x30, 0x00, 0x00, 0x00, 0x04, 0xff,
    0xe2, 0x00, 0x00, 0x00, 0x4f, 0xfe, 0x30, 0xcb,
    0x40, 0x00, 0x00, 0x00, 0x00, 0x00, 0x3c, 0x10,
    0x00, 0x00, 0x1b, 0xff, 0xff, 0xf9, 0x10, 0x00,
    0x00, 0x00, 0x00, 0x00, 0x00, 0x00, 0x00, 0x00,
    0x03, 0xef, 0xff, 0xdf, 0xff, 0xf9, 0x52, 0x10,
    0x00, 0x00, 0x00, 0x01, 0x23, 0x46, 0x80, 0x0e,
    0xff, 0xf6, 0x02, 0xbf, 0xff, 0xff, 0xff, 0xff,
    0xff, 0xff, 0xff, 0xff, 0xff, 0xb0, 0x06, 0xff,
    0x50, 0x00, 0x05, 0xdf, 0xff, 0xff, 0xff, 0xff,
    0xff, 0xff, 0xff, 0xff, 0x70, 0x00, 0xb8, 0x00,
    0x00, 0x00, 0x03, 0x7a, 0xcd, 0xee, 0xee, 0xed,
    0xdd, 0xcc, 0xba, 0x30, 0x00, 0x10, 0x00, 0x00,
    0x00, 0x00, 0x00, 0x00, 0x00, 0x00, 0x00, 0x00,
    0x00, 0x00, 0x00,

    /* U+8FDB "进" */
    0x00, 0x03, 0x60, 0x00, 0x00, 0x00, 0x00, 0x7a,
    0xa0, 0x00, 0x06, 0x99, 0x00, 0x00, 0x00, 0x00,
    0x6f, 0xf8, 0x00, 0x00, 0x00, 0x00, 0xcf, 0xf0,
    0x00, 0x0b, 0xff, 0x10, 0x00, 0x00, 0x00, 0x3e,
    0xff, 0x80, 0x00, 0x00, 0x00, 0xcf, 0xf0, 0x00,
    0x0b, 0xff, 0x10, 0x00, 0x00, 0x00, 0x03, 0xff,
    0xf8, 0x00, 0x00, 0x00, 0xcf, 0xf0, 0x00, 0x0b,
    0xff, 0x10, 0x00, 0x00, 0x00, 0x00, 0x4f, 0xff,
    0x60, 0x00, 0x00, 0xcf, 0xf1, 0x00, 0x0b, 0xff,
    0x10, 0x00, 0x00, 0x00, 0x00, 0x05, 0xff, 0x70,
    0xcf, 0xff, 0xff, 0xff, 0xff, 0xff, 0xff, 0xff,
    0xfc, 0x00, 0x00, 0x00, 0x00, 0x74, 0x00, 0xcf,
    0xff, 0xff, 0xff, 0xff, 0xff, 0xff, 0xff, 0xfc,
    0x00, 0x00, 0x00, 0x00, 0x00, 0x00, 0x9b, 0xbb,
    0xff, 0xfb, 0xbb, 0xbe, 0xff, 0xbb, 0xb9, 0x00,
    0x00, 0x00, 0x00, 0x00, 0x00, 0x00, 0x00, 0xcf,
    0xf0, 0x00, 0x0b, 0xff, 0x10, 0x00, 0x00, 0x00,
    0x00, 0x00, 0x00, 0x00, 0x00, 0x00, 0xcf, 0xf0,
    0x00, 0x0b, 0xff, 0x10, 0x00, 0x00, 0x05, 0x99,
    0x99, 0x99, 0x00, 0x00, 0x00, 0xcf, 0xf0, 0x00,
    0x0b, 0xff, 0x10, 0x00, 0x00, 0x09, 0xff, 0xff,
    0xff, 0x00, 0x00, 0x00, 0xdf, 0xf0, 0x00, 0x0b,
    0xff, 0x10, 0x00, 0x00, 0x09, 0xff, 0xff, 0xff,
    0x00, 0xaa, 0xaa, 0xff, 0xfa, 0xaa, 0xae, 0xff,
    0xaa, 0xaa, 0x30, 0x00, 0x00, 0x0b, 0xff, 0x01,
    0xff, 0xff, 0xff, 0xff, 0xff, 0xff, 0xff, 0xff,
    0xff, 0x50, 0x00, 0x00, 0x0b, 0xff, 0x01, 0xff,
    0xff, 0xff, 0xff, 0xff, 0xff, 0xff, 0xff, 0xff,
    0x50, 0x00, 0x00, 0x0b, 0xff, 0x00, 0x11, 0x15,
    0xff, 0xa1, 0x11, 0x1c, 0xff, 0x21, 0x11, 0x00,
    0x00, 0x00, 0x0b, 0xff, 0x00, 0x00, 0x08, 0xff,
    0x50, 0x00, 0x0b, 0xff, 0x10, 0x00, 0x00, 0x00,
    0x00, 0x0b, 0xff, 0x00, 0x00, 0x0e, 0xff, 0x10,
    0x00, 0x0b, 0xff, 0x10, 0x00, 0x00, 0x00, 0x00,
    0x0b, 0xff, 0x00, 0x00, 0x7f, 0xfb, 0x00, 0x00,
    0x0b, 0xff, 0x10, 0x00, 0x00, 0x00, 0x00, 0x0b,
    0xff, 0x00, 0x03, 0xff, 0xf3, 0x00, 0x00, 0x0b,
    0xff, 0x10, 0x00, 0x00, 0x00, 0x00, 0x0b, 0xff,
    0x00, 0x3f, 0xff, 0x90, 0x00, 0x00, 0x0b, 0xff,
    0x10, 0x00, 0x00, 0x00, 0x00, 0x6e, 0xff, 0x40,
    0x0b, 0xfc, 0x00, 0x00, 0x00, 0x0b, 0xff, 0x10,
    0x00, 0x00, 0x00, 0x1b, 0xff, 0xff, 0xf8, 0x00,
    0x70, 0x00, 0x00, 0x00, 0x03, 0x55, 0x00, 0x00,
    0x00, 0x01, 0xdf, 0xfe, 0x8d, 0xff, 0xe8, 0x41,
    0x00, 0x00, 0x00, 0x00, 0x00, 0x01, 0x34, 0x50,
    0x0d, 0xff, 0xe1, 0x00, 0x9f, 0xff, 0xff, 0xfe,
    0xdd, 0xdd, 0xde, 0xff, 0xff, 0xff, 0xa0, 0x06,
    0xff, 0x20, 0x00, 0x02, 0xaf, 0xff, 0xff, 0xff,
    0xff, 0xff, 0xff, 0xff, 0xff, 0x50, 0x00, 0xa6,
    0x00, 0x00, 0x00, 0x01, 0x58, 0xab, 0xcc, 0xdc,
    0xcc, 0xbb, 0xaa, 0x98, 0x10, 0x00, 0x00, 0x00,
    0x00, 0x00, 0x00, 0x00, 0x00, 0x00, 0x00, 0x00,
    0x00, 0x00, 0x00, 0x00,

    /* U+8FDE "连" */
    0x00, 0x00, 0x00, 0x00, 0x00, 0x00, 0x00, 0x02,
    0x10, 0x00, 0x00, 0x00, 0x00, 0x00, 0x00, 0x00,
    0x05, 0xc1, 0x00, 0x00, 0x00, 0x00, 0x0d, 0xfc,
    0x20, 0x00, 0x00, 0x00, 0x00, 0x00, 0x00, 0x6f,
    0xfd, 0x10, 0x00, 0x00, 0x00, 0x2f, 0xff, 0x00,
    0x00, 0x00, 0x00, 0x00, 0x00, 0x00, 0x0b, 0xff,
    0xb0, 0x00, 0x44, 0x44, 0x9f, 0xfc, 0x44, 0x44,
    0x44, 0x44, 0x43, 0x00, 0x00, 0x01, 0xef, 0xf8,
    0x03, 0xff, 0xff, 0xff, 0xff, 0xff, 0xff, 0xff,
    0xff, 0xfe, 0x00, 0x00, 0x00, 0x3f, 0xff, 0x43,
    0xff, 0xff, 0xff, 0xff, 0xff, 0xff, 0xff, 0xff,
    0xfe, 0x00, 0x00, 0x00, 0x08, 0xff, 0x70, 0x33,
    0x3b, 0xff, 0x83, 0x33, 0x33, 0x33, 0x33, 0x33,
    0x00, 0x00, 0x00, 0x00, 0xc4, 0x00, 0x00, 0x1f,
    0xfe, 0x00, 0x24, 0x41, 0x00, 0x00, 0x00, 0x00,
    0x00, 0x00, 0x00, 0x00, 0x00, 0x00, 0x8f, 0xf7,
    0x00, 0x7f, 0xf6, 0x00, 0x00, 0x00, 0x00, 0x00,
    0x00, 0x00, 0x00, 0x00, 0x01, 0xff, 0xe0, 0x00,
    0x7f, 0xf6, 0x00, 0x00, 0x00, 0x00, 0x00, 0x00,
    0x00, 0x00, 0x00, 0x0b, 0xff, 0x60, 0x00, 0x7f,
    0xf6, 0x00, 0x00, 0x00, 0x00, 0x0b, 0xff, 0xff,
    0xfb, 0x00, 0x7f, 0xff, 0xee, 0xee, 0xff, 0xff,
    0xee, 0xee, 0xe0, 0x00, 0x0b, 0xff, 0xff, 0xfb,
    0x00, 0x3f, 0xff, 0xff, 0xff, 0xff, 0xff, 0xff,
    0xff, 0xf0, 0x00, 0x06, 0x99, 0x9f, 0xfb, 0x00,
    0x0d, 0xdc, 0xbb, 0xbb, 0xdf, 0xfd, 0xbb, 0xbb,
    0xb0, 0x00, 0x00, 0x00, 0x0f, 0xfb, 0x00, 0x00,
    0x00, 0x00, 0x00, 0x7f, 0xf6, 0x00, 0x00, 0x00,
    0x00, 0x00, 0x00, 0x0f, 0xfb, 0x00, 0x00, 0x00,
    0x00, 0x00, 0x7f, 0xf6, 0x00, 0x00, 0x00, 0x00,
    0x00, 0x00, 0x0f, 0xfb, 0x00, 0x00, 0x00, 0x00,
    0x00, 0x7f, 0xf6, 0x00, 0x00, 0x00, 0x00, 0x00,
    0x00, 0x0f, 0xfb, 0x08, 0xff, 0xff, 0xff, 0xff,
    0xff, 0xff, 0xff, 0xff, 0xff, 0x40, 0x00, 0x00,
    0x0f, 0xfb, 0x08, 0xff, 0xff, 0xff, 0xff, 0xff,
    0xff, 0xff, 0xff, 0xff, 0x50, 0x00, 0x00, 0x0f,
    0xfb, 0x05, 0xbb, 0xbb, 0xbb, 0xbb, 0xdf, 0xfd,
    0xbb, 0xbb, 0xbb, 0x30, 0x00, 0x00, 0x0f, 0xfb,
    0x00, 0x00, 0x00, 0x00, 0x00, 0x7f, 0xf6, 0x00,
    0x00, 0x00, 0x00, 0x00, 0x00, 0x0f, 0xfb, 0x00,
    0x00, 0x00, 0x00, 0x00, 0x7f, 0xf6, 0x00, 0x00,
    0x00, 0x00, 0x00, 0x00, 0x8f, 0xfd, 0x00, 0x00,
    0x00, 0x00, 0x00, 0x7f, 0xf6, 0x00, 0x00, 0x00,
    0x00, 0x00, 0x2d, 0xff, 0xff, 0xd4, 0x00, 0x00,
    0x00, 0x00, 0x7f, 0xf6, 0x00, 0x00, 0x00, 0x00,
    0x03, 0xef, 0xfe, 0xcf, 0xff, 0xb5, 0x10, 0x00,
    0x00, 0x5a, 0xa4, 0x00, 0x00, 0x01, 0x31, 0x1e,
    0xff, 0xd1, 0x05, 0xff, 0xff, 0xfe, 0xdc, 0xbb,
    0xbb, 0xbc, 0xdd, 0xef, 0xff, 0xf1, 0x0c, 0xff,
    0x20, 0x00, 0x1a, 0xff, 0xff, 0xff, 0xff, 0xff,
    0xff, 0xff, 0xff, 0xff, 0xb0, 0x01, 0xe7, 0x00,
    0x00, 0x00, 0x27, 0xbd, 0xff, 0xff, 0xff, 0xff,
    0xff, 0xff, 0xed, 0x60, 0x00, 0x30, 0x00, 0x00,
    0x00, 0x00, 0x00, 0x00, 0x11, 0x21, 0x11, 0x00,
    0x00, 0x00, 0x00,

    /* U+9010 "逐" */
    0x00, 0x02, 0x00, 0x00, 0x00, 0x00, 0x00, 0x00,
    0x00, 0x00, 0x00, 0x00, 0x00, 0x00, 0x00, 0x00,
    0x7f, 0xb0, 0x00, 0x0c, 0xff, 0xff, 0xff, 0xff,
    0xff, 0xff, 0xff, 0xff, 0xff, 0x10, 0x01, 0xef,
    0xfb, 0x00, 0x0c, 0xff, 0xff, 0xff, 0xff, 0xff,
    0xff, 0xff, 0xff, 0xff, 0x10, 0x00, 0x2e, 0xff,
    0xb0, 0x05, 0x66, 0x66, 0x66, 0xdf, 0xfd, 0x66,
    0x66, 0x66, 0x66, 0x00, 0x00, 0x02, 0xef, 0xf9,
    0x00, 0x00, 0x00, 0x1b, 0xff, 0xd1, 0x00, 0x00,
    0x00, 0x00, 0x00, 0x00, 0x00, 0x4f, 0xff, 0x10,
    0x00, 0x05, 0xef, 0xff, 0x10, 0x00, 0x00, 0x05,
    0x00, 0x00, 0x00, 0x00, 0x07, 0xc2, 0x00, 0x03,
    0xbf, 0xff, 0xff, 0xa0, 0x00, 0x00, 0x7f, 0xd3,
    0x00, 0x00, 0x00, 0x00, 0x00, 0x04, 0xbf, 0xff,
    0xe5, 0x8f, 0xf8, 0x00, 0x06, 0xff, 0xf4, 0x00,
    0x00, 0x00, 0x00, 0x00, 0x5f, 0xff, 0xf9, 0x10,
    0x0e, 0xff, 0x30, 0x6f, 0xfe, 0x30, 0x00, 0x00,
    0x00, 0x00, 0x00, 0x07, 0xfb, 0x20, 0x01, 0xbf,
    0xff, 0xc7, 0xff, 0xe2, 0x00, 0x00, 0x06, 0x99,
    0x99, 0x96, 0x00, 0x20, 0x00, 0x5e, 0xff, 0xbf,
    0xff, 0xfd, 0x10, 0x00, 0x00, 0x0b, 0xff, 0xff,
    0xfb, 0x00, 0x00, 0x2b, 0xff, 0xd3, 0x1f, 0xff,
    0xe1, 0x00, 0x00, 0x00, 0x0b, 0xff, 0xff, 0xfb,
    0x00, 0x3a, 0xff, 0xfa, 0x00, 0x1f, 0xff, 0xfc,
    0x10, 0x00, 0x00, 0x00, 0x00, 0x1f, 0xfb, 0x07,
    0xff, 0xfd, 0x40, 0x01, 0xdf, 0xff, 0xff, 0xd2,
    0x00, 0x00, 0x00, 0x00, 0x0f, 0xfb, 0x00, 0xbe,
    0x70, 0x00, 0x3e, 0xff, 0xff, 0xef, 0xfe, 0x20,
    0x00, 0x00, 0x00, 0x0f, 0xfb, 0x00, 0x10, 0x00,
    0x07, 0xff, 0xf6, 0xff, 0x79, 0xff, 0xe2, 0x00,
    0x00, 0x00, 0x0f, 0xfb, 0x00, 0x00, 0x04, 0xcf,
    0xfd, 0x22, 0xff, 0x80, 0x9f, 0xfe, 0x10, 0x00,
    0x00, 0x0f, 0xfb, 0x00, 0x04, 0xbf, 0xff, 0xa0,
    0x03, 0xff, 0x70, 0x0a, 0xff, 0x60, 0x00, 0x00,
    0x0f, 0xfb, 0x17, 0xdf, 0xff, 0xd4, 0x00, 0x06,
    0xff, 0x60, 0x00, 0xc7, 0x00, 0x00, 0x00, 0x0f,
    0xfb, 0x1d, 0xff, 0xe7, 0x00, 0x00, 0x0d, 0xff,
    0x20, 0x00, 0x00, 0x00, 0x00, 0x00, 0x0f, 0xfb,
    0x02, 0xb6, 0x00, 0x17, 0x67, 0xcf, 0xfc, 0x00,
    0x00, 0x00, 0x00, 0x00, 0x00, 0x1f, 0xfd, 0x10,
    0x00, 0x00, 0x0e, 0xff, 0xff, 0xf2, 0x00, 0x00,
    0x00, 0x00, 0x00, 0x05, 0xef, 0xff, 0xf7, 0x00,
    0x00, 0x0a, 0xff, 0xeb, 0x20, 0x00, 0x00, 0x00,
    0x00, 0x00, 0x9f, 0xff, 0xce, 0xff, 0xe8, 0x30,
    0x00, 0x00, 0x00, 0x00, 0x00, 0x00, 0x13, 0x40,
    0x0b, 0xff, 0xf4, 0x00, 0x8f, 0xff, 0xff, 0xed,
    0xcc, 0xcc, 0xcd, 0xee, 0xff, 0xff, 0xc0, 0x08,
    0xff, 0x30, 0x00, 0x02, 0x9f, 0xff, 0xff, 0xff,
    0xff, 0xff, 0xff, 0xff, 0xff, 0x70, 0x00, 0xc4,
    0x00, 0x00, 0x00, 0x00, 0x37, 0x9a, 0xbb, 0xcb,
    0xbb, 0xaa, 0x99, 0x87, 0x20, 0x00, 0x00, 0x00,
    0x00, 0x00, 0x00, 0x00, 0x00, 0x00, 0x00, 0x00,
    0x00, 0x00, 0x00, 0x00,

    /* U+901A "通" */
    0x00, 0x00, 0x00, 0x00, 0x00, 0x14, 0x44, 0x44,
    0x44, 0x44, 0x44, 0x44, 0x45, 0x20, 0x00, 0x00,
    0x3e, 0x60, 0x00, 0x00, 0x3f, 0xff, 0xff, 0xff,
    0xff, 0xff, 0xff, 0xff, 0xe2, 0x00, 0x01, 0xef,
    0xf8, 0x00, 0x00, 0x3f, 0xff, 0xff, 0xff, 0xff,
    0xff, 0xff, 0xff, 0xd2, 0x00, 0x00, 0x3e, 0xff,
    0xa0, 0x00, 0x00, 0x00, 0x26, 0x10, 0x00, 0x02,
    0xcf, 0xfb, 0x10, 0x00, 0x00, 0x02, 0xef, 0xfb,
    0x00, 0x00, 0x04, 0xff, 0xfa, 0x41, 0x8f, 0xff,
    0x60, 0x00, 0x00, 0x00, 0x00, 0x2e, 0xff, 0x90,
    0x00, 0x01, 0x7d, 0xff, 0xff, 0xff, 0xb2, 0x00,
    0x00, 0x00, 0x00, 0x00, 0x02, 0xed, 0x10, 0x00,
    0x00, 0x00, 0x4b, 0xff, 0xff, 0x92, 0x00, 0x00,
    0x00, 0x00, 0x00, 0x00, 0x21, 0x00, 0x5e, 0xee,
    0xee, 0xee, 0xff, 0xff, 0xff, 0xef, 0xe9, 0x00,
    0x00, 0x00, 0x00, 0x00, 0x00, 0x5f, 0xff, 0xff,
    0xff, 0xff, 0xff, 0xff, 0xff, 0xfa, 0x00, 0x00,
    0x00, 0x00, 0x00, 0x00, 0x5f, 0xf7, 0x33, 0x34,
    0xff, 0x93, 0x33, 0x3e, 0xfa, 0x00, 0x00, 0x00,
    0x00, 0x00, 0x00, 0x5f, 0xf5, 0x00, 0x01, 0xff,
    0x70, 0x00, 0x0d, 0xfa, 0x00, 0x0a, 0xcc, 0xcc,
    0xcb, 0x00, 0x5f, 0xf7, 0x44, 0x44, 0xff, 0x94,
    0x44, 0x4e, 0xfa, 0x00, 0x0d, 0xff, 0xff, 0xfe,
    0x00, 0x5f, 0xff, 0xff, 0xff, 0xff, 0xff, 0xff,
    0xff, 0xfa, 0x00, 0x0c, 0xee, 0xef, 0xfe, 0x00,
    0x5f, 0xfd, 0xcc, 0xcc, 0xff, 0xec, 0xcc, 0xcf,
    0xfa, 0x00, 0x00, 0x00, 0x0d, 0xfe, 0x00, 0x5f,
    0xf5, 0x00, 0x01, 0xff, 0x70, 0x00, 0x0d, 0xfa,
    0x00, 0x00, 0x00, 0x0d, 0xfe, 0x00, 0x5f, 0xf6,
    0x22, 0x23, 0xff, 0x92, 0x22, 0x2e, 0xfa, 0x00,
    0x00, 0x00, 0x0d, 0xfe, 0x00, 0x5f, 0xff, 0xff,
    0xff, 0xff, 0xff, 0xff, 0xff, 0xfa, 0x00, 0x00,
    0x00, 0x0d, 0xfe, 0x00, 0x5f, 0xff, 0xff, 0xff,
    0xff, 0xff, 0xff, 0xff, 0xfa, 0x00, 0x00, 0x00,
    0x0d, 0xfe, 0x00, 0x5f, 0xf5, 0x00, 0x01, 0xff,
    0x70, 0x00, 0x0d, 0xfa, 0x00, 0x00, 0x00, 0x0d,
    0xfe, 0x00, 0x5f, 0xf5, 0x00, 0x01, 0xff, 0x70,
    0x00, 0x0d, 0xfa, 0x00, 0x00, 0x00, 0x0d, 0xfe,
    0x00, 0x5f, 0xf5, 0x00, 0x01, 0xff, 0x70, 0x33,
    0x3e, 0xfa, 0x00, 0x00, 0x00, 0x0d, 0xff, 0x00,
    0x5f, 0xf5, 0x00, 0x01, 0xff, 0x70, 0xdf, 0xff,
    0xf8, 0x00, 0x00, 0x03, 0xdf, 0xff, 0xc2, 0x5f,
    0xf4, 0x00, 0x01, 0xdd, 0x60, 0x8f, 0xfe, 0x90,
    0x00, 0x00, 0x6f, 0xff, 0xcf, 0xff, 0x82, 0x00,
    0x00, 0x00, 0x00, 0x00, 0x00, 0x00, 0x00, 0x00,
    0x07, 0xff, 0xf4, 0x02, 0xcf, 0xff, 0xdb, 0x98,
    0x77, 0x77, 0x78, 0x99, 0xab, 0xcd, 0xe0, 0x0a,
    0xff, 0x40, 0x00, 0x06, 0xef, 0xff, 0xff, 0xff,
    0xff, 0xff, 0xff, 0xff, 0xff, 0xa0, 0x00, 0xd7,
    0x00, 0x00, 0x00, 0x04, 0x8b, 0xde, 0xff, 0xff,
    0xfe, 0xee, 0xdd, 0xcb, 0x40, 0x00, 0x20, 0x00,
    0x00, 0x00, 0x00, 0x00, 0x00, 0x00, 0x00, 0x00,
    0x00, 0x00, 0x00, 0x00,

    /* U+9020 "造" */
    0x00, 0x00, 0x00, 0x00, 0x00, 0x00, 0x00, 0x00,
    0x18, 0x85, 0x00, 0x00, 0x00, 0x00, 0x00, 0x02,
    0x10, 0x00, 0x00, 0x00, 0x4f, 0xd4, 0x02, 0xff,
    0xa0, 0x00, 0x00, 0x00, 0x00, 0x06, 0xfd, 0x20,
    0x00, 0x00, 0x0a, 0xff, 0x10, 0x2f, 0xfa, 0x00,
    0x00, 0x00, 0x00, 0x00, 0xbf, 0xfe, 0x30, 0x00,
    0x00, 0xff, 0xb0, 0x02, 0xff, 0xa0, 0x00, 0x00,
    0x00, 0x00, 0x00, 0xbf, 0xfe, 0x30, 0x00, 0x7f,
    0xff, 0xff, 0xff, 0xff, 0xff, 0xff, 0xff, 0x70,
    0x00, 0x00, 0xcf, 0xfe, 0x10, 0x0e, 0xff, 0xff,
    0xff, 0xff, 0xff, 0xff, 0xff, 0xf8, 0x00, 0x00,
    0x01, 0xdf, 0xf5, 0x08, 0xff, 0x97, 0x77, 0x8f,
    0xfd, 0x77, 0x77, 0x77, 0x40, 0x00, 0x00, 0x02,
    0xd3, 0x04, 0xff, 0xc0, 0x00, 0x02, 0xff, 0xa0,
    0x00, 0x00, 0x00, 0x00, 0x00, 0x00, 0x00, 0x00,
    0x4e, 0xf2, 0x00, 0x00, 0x2f, 0xfa, 0x00, 0x00,
    0x00, 0x00, 0x00, 0x00, 0x00, 0x00, 0x00, 0x14,
    0x00, 0x00, 0x02, 0xff, 0xa0, 0x00, 0x00, 0x00,
    0x00, 0x00, 0x00, 0x00, 0x00, 0x9f, 0xff, 0xff,
    0xff, 0xff, 0xff, 0xff, 0xff, 0xff, 0xfc, 0x00,
    0x00, 0x00, 0x00, 0x09, 0xff, 0xff, 0xff, 0xff,
    0xff, 0xff, 0xff, 0xff, 0xff, 0xc0, 0x8c, 0xcc,
    0xcc, 0xa0, 0x36, 0x66, 0x66, 0x66, 0x66, 0x66,
    0x66, 0x66, 0x66, 0x65, 0x0a, 0xff, 0xff, 0xfc,
    0x00, 0x00, 0x00, 0x00, 0x00, 0x00, 0x00, 0x00,
    0x00, 0x00, 0x00, 0x9e, 0xee, 0xff, 0xc0, 0x00,
    0x35, 0x55, 0x55, 0x55, 0x55, 0x55, 0x55, 0x50,
    0x00, 0x00, 0x00, 0x0f, 0xfc, 0x00, 0x09, 0xff,
    0xff, 0xff, 0xff, 0xff, 0xff, 0xff, 0x10, 0x00,
    0x00, 0x00, 0xff, 0xc0, 0x00, 0x9f, 0xff, 0xff,
    0xff, 0xff, 0xff, 0xff, 0xf1, 0x00, 0x00, 0x00,
    0x0f, 0xfc, 0x00, 0x09, 0xff, 0x10, 0x00, 0x00,
    0x00, 0x0b, 0xff, 0x10, 0x00, 0x00, 0x00, 0xff,
    0xc0, 0x00, 0x9f, 0xf1, 0x00, 0x00, 0x00, 0x00,
    0xbf, 0xf1, 0x00, 0x00, 0x00, 0x0f, 0xfc, 0x00,
    0x09, 0xff, 0x10, 0x00, 0x00, 0x00, 0x0b, 0xff,
    0x10, 0x00, 0x00, 0x00, 0xff, 0xc0, 0x00, 0x9f,
    0xf1, 0x00, 0x00, 0x00, 0x00, 0xbf, 0xf1, 0x00,
    0x00, 0x00, 0x0f, 0xfc, 0x00, 0x09, 0xff, 0xff,
    0xff, 0xff, 0xff, 0xff, 0xff, 0x10, 0x00, 0x00,
    0x00, 0xff, 0xc0, 0x00, 0x9f, 0xff, 0xff, 0xff,
    0xff, 0xff, 0xff, 0xf1, 0x00, 0x00, 0x00, 0x4f,
    0xff, 0x60, 0x03, 0x66, 0x66, 0x66, 0x66, 0x66,
    0x66, 0x66, 0x00, 0x00, 0x01, 0xaf, 0xff, 0xff,
    0xc4, 0x00, 0x00, 0x00, 0x00, 0x00, 0x00, 0x00,
    0x00, 0x00, 0x03, 0xef, 0xfe, 0x79, 0xff, 0xff,
    0xb9, 0x87, 0x66, 0x67, 0x78, 0x89, 0x9a, 0xbc,
    0xd4, 0x5f, 0xfd, 0x10, 0x03, 0xcf, 0xff, 0xff,
    0xff, 0xff, 0xff, 0xff, 0xff, 0xff, 0xff, 0x00,
    0xad, 0x10, 0x00, 0x00, 0x39, 0xce, 0xff, 0xff,
    0xff, 0xff, 0xff, 0xfe, 0xed, 0x90, 0x01, 0x10,
    0x00, 0x00, 0x00, 0x00, 0x00, 0x11, 0x11, 0x11,
    0x00, 0x00, 0x00, 0x00, 0x00,

    /* U+90E8 "部" */
    0x00, 0x00, 0x00, 0x03, 0x60, 0x00, 0x00, 0x00,
    0x00, 0x00, 0x00, 0x00, 0x00, 0x00, 0x00, 0x00,
    0x00, 0xbf, 0xf2, 0x00, 0x00, 0x00, 0x00, 0x00,
    0x00, 0x00, 0x00, 0x00, 0x00, 0x00, 0x00, 0x5f,
    0xf9, 0x00, 0x00, 0x00, 0x07, 0xdd, 0xdd, 0xdd,
    0xee, 0x60, 0x00, 0x00, 0x00, 0x0e, 0xff, 0x00,
    0x00, 0x00, 0x09, 0xff, 0xff, 0xff, 0xff, 0xf6,
    0x0c, 0xff, 0xff, 0xff, 0xff, 0xff, 0xff, 0xf7,
    0x09, 0xff, 0xbb, 0xbb, 0xff, 0xf1, 0x0d, 0xff,
    0xff, 0xff, 0xff, 0xff, 0xff, 0xf7, 0x09, 0xff,
    0x00, 0x01, 0xff, 0xb0, 0x08, 0xaa, 0xbc, 0xaa,
    0xaa, 0xad, 0xda, 0xa4, 0x09, 0xff, 0x00, 0x07,
    0xff, 0x50, 0x00, 0x0b, 0xfc, 0x00, 0x00, 0x0b,
    0xff, 0x20, 0x09, 0xff, 0x00, 0x0c, 0xfe, 0x00,
    0x00, 0x08, 0xff, 0x40, 0x00, 0x1f, 0xfd, 0x00,
    0x09, 0xff, 0x00, 0x2f, 0xf8, 0x00, 0x00, 0x01,
    0xff, 0xa0, 0x00, 0x6f, 0xf6, 0x00, 0x09, 0xff,
    0x00, 0x8f, 0xf2, 0x00, 0x00, 0x00, 0xbf, 0xf0,
    0x00, 0xcf, 0xf0, 0x00, 0x09, 0xff, 0x00, 0xef,
    0xb0, 0x00, 0x00, 0x00, 0x7f, 0xa1, 0x03, 0xff,
    0x80, 0x00, 0x09, 0xff, 0x04, 0xff, 0x40, 0x00,
    0xbf, 0xff, 0xff, 0xff, 0xff, 0xff, 0xff, 0xff,
    0x19, 0xff, 0x08, 0xff, 0x50, 0x00, 0xbf, 0xff,
    0xff, 0xff, 0xff, 0xff, 0xff, 0xff, 0x19, 0xff,
    0x00, 0xcf, 0xf2, 0x00, 0x7a, 0xaa, 0xaa, 0xaa,
    0xaa, 0xaa, 0xaa, 0xaa, 0x09, 0xff, 0x00, 0x1f,
    0xfc, 0x00, 0x00, 0x00, 0x00, 0x00, 0x00, 0x00,
    0x00, 0x00, 0x09, 0xff, 0x00, 0x07, 0xff, 0x40,
    0x00, 0x00, 0x00, 0x00, 0x00, 0x00, 0x00, 0x00,
    0x09, 0xff, 0x00, 0x00, 0xff, 0xa0, 0x00, 0x99,
    0x99, 0x99, 0x99, 0x99, 0x99, 0x90, 0x09, 0xff,
    0x00, 0x00, 0xbf, 0xe0, 0x00, 0xff, 0xff, 0xff,
    0xff, 0xff, 0xff, 0xf0, 0x09, 0xff, 0x00, 0x00,
    0x8f, 0xf0, 0x00, 0xff, 0xff, 0xff, 0xff, 0xff,
    0xff, 0xf0, 0x09, 0xff, 0x00, 0x00, 0x7f, 0xf1,
    0x00, 0xff, 0xa0, 0x00, 0x00, 0x00, 0xdf, 0xf0,
    0x09, 0xff, 0x00, 0x00, 0xaf, 0xf1, 0x00, 0xff,
    0xa0, 0x00, 0x00, 0x00, 0xdf, 0xf0, 0x09, 0xff,
    0x13, 0x36, 0xff, 0xe0, 0x00, 0xff, 0xa0, 0x00,
    0x00, 0x00, 0xdf, 0xf0, 0x09, 0xff, 0x1f, 0xff,
    0xff, 0x90, 0x00, 0xff, 0xa0, 0x00, 0x00, 0x00,
    0xdf, 0xf0, 0x09, 0xff, 0x0d, 0xff, 0xfa, 0x00,
    0x00, 0xff, 0xd8, 0x88, 0x88, 0x88, 0xef, 0xf0,
    0x09, 0xff, 0x03, 0x54, 0x10, 0x00, 0x00, 0xff,
    0xff, 0xff, 0xff, 0xff, 0xff, 0xf0, 0x09, 0xff,
    0x00, 0x00, 0x00, 0x00, 0x00, 0xff, 0xff, 0xff,
    0xff, 0xff, 0xff, 0xf0, 0x09, 0xff, 0x00, 0x00,
    0x00, 0x00, 0x00, 0xff, 0xa0, 0x00, 0x00, 0x00,
    0xdf, 0xf0, 0x09, 0xff, 0x00, 0x00, 0x00, 0x00,

    /* U+9192 "醒" */
    0x25, 0x55, 0x55, 0x55, 0x55, 0x55, 0x51, 0x26,
    0x66, 0x66, 0x66, 0x66, 0x66, 0x30, 0x09, 0xff,
    0xff, 0xff, 0xff, 0xff, 0xff, 0x37, 0xff, 0xff,
    0xff, 0xff, 0xff, 0xfa, 0x00, 0x9f, 0xff, 0xff,
    0xff, 0xff, 0xff, 0xf3, 0x7f, 0xfe, 0xee, 0xee,
    0xee, 0xff, 0xa0, 0x00, 0x11, 0x1f, 0xf1, 0x8f,
    0x91, 0x11, 0x07, 0xff, 0x10, 0x00, 0x00, 0x0f,
    0xfa, 0x00, 0x00, 0x00, 0xff, 0x07, 0xf8, 0x00,
    0x00, 0x7f, 0xf1, 0x00, 0x00, 0x00, 0xff, 0xa0,
    0x00, 0x00, 0x0f, 0xf0, 0x7f, 0x80, 0x00, 0x07,
    0xff, 0xff, 0xff, 0xff, 0xff, 0xfa, 0x00, 0x06,
    0x66, 0xff, 0x6b, 0xfb, 0x66, 0x60, 0x7f, 0xff,
    0xff, 0xff, 0xff, 0xff, 0xa0, 0x02, 0xff, 0xff,
    0xff, 0xff, 0xff, 0xff, 0x07, 0xff, 0x11, 0x11,
    0x11, 0x1f, 0xfa, 0x00, 0x2f, 0xff, 0xff, 0xff,
    0xff, 0xff, 0xf0, 0x7f, 0xf1, 0x00, 0x00, 0x00,
    0xff, 0xa0, 0x02, 0xff, 0x08, 0xf1, 0x8f, 0x04,
    0xff, 0x07, 0xff, 0xff, 0xff, 0xff, 0xff, 0xfa,
    0x00, 0x2f, 0xf0, 0x8f, 0x18, 0xf0, 0x4f, 0xf0,
    0x7f, 0xff, 0xff, 0xff, 0xff, 0xff, 0xa0, 0x02,
    0xff, 0x08, 0xf1, 0x8f, 0x04, 0xff, 0x02, 0x55,
    0x55, 0x55, 0x55, 0x55, 0x53, 0x00, 0x2f, 0xf0,
    0x9f, 0x08, 0xf0, 0x4f, 0xf0, 0x09, 0xe8, 0x06,
    0xcb, 0x00, 0x00, 0x00, 0x02, 0xff, 0x0c, 0xd0,
    0x8f, 0x04, 0xff, 0x00, 0xef, 0x70, 0x9f, 0xf0,
    0x00, 0x00, 0x00, 0x2f, 0xf2, 0xf9, 0x08, 0xf6,
    0x8f, 0xf0, 0x4f, 0xf6, 0x4b, 0xff, 0x44, 0x44,
    0x40, 0x02, 0xff, 0xcf, 0x20, 0x4f, 0xff, 0xff,
    0x0b, 0xff, 0xff, 0xff, 0xff, 0xff, 0xff, 0x20,
    0x2f, 0xf9, 0x70, 0x00, 0x23, 0x6f, 0xf4, 0xff,
    0xff, 0xff, 0xff, 0xff, 0xff, 0xf2, 0x02, 0xff,
    0x00, 0x00, 0x00, 0x04, 0xff, 0xef, 0x80, 0x00,
    0x9f, 0xf0, 0x00, 0x00, 0x00, 0x2f, 0xfa, 0xaa,
    0xaa, 0xaa, 0xbf, 0xf6, 0xc0, 0x00, 0x09, 0xff,
    0x00, 0x00, 0x00, 0x02, 0xff, 0xff, 0xff, 0xff,
    0xff, 0xff, 0x02, 0xff, 0xff, 0xff, 0xff, 0xff,
    0xf8, 0x00, 0x2f, 0xf6, 0x66, 0x66, 0x66, 0x9f,
    0xf0, 0x2f, 0xff, 0xff, 0xff, 0xff, 0xff, 0x80,
    0x02, 0xff, 0x00, 0x00, 0x00, 0x04, 0xff, 0x00,
    0x44, 0x44, 0xbf, 0xf4, 0x44, 0x42, 0x00, 0x2f,
    0xf0, 0x00, 0x00, 0x00, 0x4f, 0xf0, 0x00, 0x00,
    0x09, 0xff, 0x00, 0x00, 0x00, 0x02, 0xff, 0xdd,
    0xdd, 0xdd, 0xde, 0xff, 0x00, 0x00, 0x00, 0x9f,
    0xf0, 0x00, 0x00, 0x00, 0x2f, 0xff, 0xff, 0xff,
    0xff, 0xff, 0xf1, 0x44, 0x44, 0x4b, 0xff, 0x44,
    0x44, 0x44, 0x02, 0xff, 0x99, 0x99, 0x99, 0x9b,
    0xff, 0x6f, 0xff, 0xff, 0xff, 0xff, 0xff, 0xff,
    0xf0, 0x2f, 0xf0, 0x00, 0x00, 0x00, 0x4f, 0xf5,
    0xee, 0xee, 0xee, 0xee, 0xee, 0xee, 0xee, 0x00,

    /* U+91CD "重" */
    0x00, 0x00, 0x00, 0x00, 0x00, 0x00, 0x00, 0x00,
    0x00, 0x00, 0x03, 0x40, 0x00, 0x00, 0x00, 0x00,
    0x00, 0x00, 0x01, 0x23, 0x45, 0x68, 0x9b, 0xce,
    0xff, 0xf4, 0x00, 0x00, 0x00, 0x2d, 0xee, 0xff,
    0xff, 0xff, 0xff, 0xff, 0xff, 0xff, 0xff, 0xfd,
    0x00, 0x00, 0x00, 0x0e, 0xff, 0xff, 0xff, 0xff,
    0xff, 0xfd, 0xca, 0x97, 0x53, 0x10, 0x00, 0x00,
    0x00, 0x04, 0x55, 0x44, 0x33, 0x21, 0xcf, 0xf1,
    0x00, 0x00, 0x00, 0x00, 0x00, 0x00, 0x00, 0x00,
    0x00, 0x00, 0x00, 0x00, 0xcf, 0xf1, 0x00, 0x00,
    0x00, 0x00, 0x00, 0x00, 0x9f, 0xff, 0xff, 0xff,
    0xff, 0xff, 0xff, 0xff, 0xff, 0xff, 0xff, 0xff,
    0xff, 0xf2, 0x9f, 0xff, 0xff, 0xff, 0xff, 0xff,
    0xff, 0xff, 0xff, 0xff, 0xff, 0xff, 0xff, 0xf2,
    0x24, 0x44, 0x44, 0x44, 0x44, 0x44, 0xdf, 0xf5,
    0x44, 0x44, 0x44, 0x44, 0x44, 0x40, 0x00, 0x00,
    0x00, 0x00, 0x00, 0x00, 0xcf, 0xf2, 0x00, 0x00,
    0x00, 0x00, 0x00, 0x00, 0x00, 0x08, 0xff, 0xff,
    0xff, 0xff, 0xff, 0xff, 0xff, 0xff, 0xff, 0xff,
    0x10, 0x00, 0x00, 0x08, 0xff, 0xee, 0xee, 0xee,
    0xff, 0xfe, 0xee, 0xee, 0xef, 0xff, 0x10, 0x00,
    0x00, 0x08, 0xff, 0x30, 0x00, 0x00, 0xcf, 0xf1,
    0x00, 0x00, 0x0c, 0xff, 0x10, 0x00, 0x00, 0x08,
    0xff, 0xb9, 0x99, 0x99, 0xef, 0xfa, 0x99, 0x99,
    0x9e, 0xff, 0x10, 0x00, 0x00, 0x08, 0xff, 0xff,
    0xff, 0xff, 0xff, 0xff, 0xff, 0xff, 0xff, 0xff,
    0x10, 0x00, 0x00, 0x08, 0xff, 0x52, 0x22, 0x22,
    0xdf, 0xf3, 0x22, 0x22, 0x2d, 0xff, 0x10, 0x00,
    0x00, 0x08, 0xff, 0x30, 0x00, 0x00, 0xcf, 0xf1,
    0x00, 0x00, 0x0c, 0xff, 0x10, 0x00, 0x00, 0x08,
    0xff, 0xee, 0xee, 0xee, 0xff, 0xfe, 0xee, 0xee,
    0xef, 0xff, 0x10, 0x00, 0x00, 0x08, 0xff, 0xff,
    0xff, 0xff, 0xff, 0xff, 0xff, 0xff, 0xff, 0xff,
    0x10, 0x00, 0x00, 0x00, 0x00, 0x00, 0x00, 0x00,
    0xcf, 0xf2, 0x00, 0x00, 0x00, 0x00, 0x00, 0x00,
    0x00, 0x00, 0x00, 0x00, 0x00, 0x00, 0xcf, 0xf1,
    0x00, 0x00, 0x00, 0x00, 0x00, 0x00, 0x00, 0x8f,
    0xff, 0xff, 0xff, 0xff, 0xff, 0xff, 0xff, 0xff,
    0xff, 0xff, 0xf6, 0x00, 0x00, 0x8f, 0xff, 0xff,
    0xff, 0xff, 0xff, 0xff, 0xff, 0xff, 0xff, 0xff,
    0xf6, 0x00, 0x00, 0x13, 0x33, 0x33, 0x33, 0x33,
    0xdf, 0xf4, 0x33, 0x33, 0x33, 0x33, 0x31, 0x00,
    0x00, 0x00, 0x00, 0x00, 0x00, 0x00, 0xcf, 0xf1,
    0x00, 0x00, 0x00, 0x00, 0x00, 0x00, 0xae, 0xee,
    0xee, 0xee, 0xee, 0xee, 0xff, 0xfe, 0xee, 0xee,
    0xee, 0xee, 0xee, 0xe5, 0xcf, 0xff, 0xff, 0xff,
    0xff, 0xff, 0xff, 0xff, 0xff, 0xff, 0xff, 0xff,
    0xff, 0xf6, 0x46, 0x66, 0x66, 0x66, 0x66, 0x66,
    0x66, 0x66, 0x66, 0x66, 0x66, 0x66, 0x66, 0x62,

    /* U+94FE "链" */
    0x00, 0x00, 0x30, 0x00, 0x00, 0x00, 0x00, 0x00,
    0x00, 0x02, 0x52, 0x00, 0x00, 0x00, 0x00, 0x00,
    0x04, 0xfe, 0x20, 0x00, 0x00, 0x40, 0x00, 0x00,
    0x07, 0xff, 0x40, 0x00, 0x00, 0x00, 0x00, 0x09,
    0xff, 0x00, 0x00, 0x4f, 0xf4, 0x00, 0x00, 0x0a,
    0xff, 0x00, 0x00, 0x00, 0x00, 0x00, 0x0e, 0xfb,
    0x33, 0x33, 0x1e, 0xfb, 0x00, 0x00, 0x0e, 0xfb,
    0x00, 0x00, 0x00, 0x00, 0x00, 0x5f, 0xff, 0xff,
    0xff, 0x28, 0xff, 0x27, 0xff, 0xff, 0xff, 0xff,
    0xff, 0xff, 0xb0, 0x00, 0xdf, 0xff, 0xff, 0xff,
    0x22, 0xff, 0x87, 0xff, 0xff, 0xff, 0xff, 0xff,
    0xff, 0xc0, 0x06, 0xff, 0x84, 0x44, 0x44, 0x00,
    0xdf, 0xd3, 0x77, 0xef, 0xd7, 0x77, 0x77, 0x77,
    0x50, 0x1e, 0xfe, 0x00, 0x00, 0x00, 0x00, 0x7a,
    0x40, 0x02, 0xff, 0x53, 0x55, 0x00, 0x00, 0x00,
    0x0e, 0xf5, 0x00, 0x00, 0x00, 0x00, 0x00, 0x00,
    0x07, 0xfe, 0x09, 0xfe, 0x00, 0x00, 0x00, 0x06,
    0xe7, 0x77, 0x77, 0x74, 0x00, 0x00, 0x00, 0x0d,
    0xf8, 0x09, 0xfe, 0x00, 0x00, 0x00, 0x00, 0x8f,
    0xff, 0xff, 0xf9, 0x22, 0x22, 0x10, 0x6f, 0xf1,
    0x09, 0xfe, 0x00, 0x00, 0x00, 0x00, 0x5c, 0xef,
    0xfd, 0xc9, 0xff, 0xff, 0xe2, 0xef, 0xff, 0xff,
    0xff, 0xff, 0xff, 0x00, 0x00, 0x00, 0x7f, 0xf1,
    0x02, 0xff, 0xff, 0xe0, 0xff, 0xff, 0xff, 0xff,
    0xff, 0xff, 0x00, 0x00, 0x00, 0x7f, 0xf1, 0x01,
    0x66, 0xcf, 0xe0, 0x88, 0x76, 0x6c, 0xff, 0x66,
    0x66, 0x00, 0x00, 0x00, 0x7f, 0xf1, 0x00, 0x00,
    0xaf, 0xe0, 0x00, 0x00, 0x09, 0xfe, 0x00, 0x00,
    0x00, 0x03, 0x55, 0xaf, 0xf6, 0x55, 0x10, 0xaf,
    0xe0, 0x00, 0x00, 0x09, 0xfe, 0x00, 0x00, 0x00,
    0x09, 0xff, 0xff, 0xff, 0xff, 0x40, 0xaf, 0xe0,
    0x00, 0x00, 0x09, 0xfe, 0x00, 0x00, 0x00, 0x09,
    0xff, 0xff, 0xff, 0xff, 0x40, 0xaf, 0xe2, 0xff,
    0xff, 0xff, 0xff, 0xff, 0xff, 0x90, 0x01, 0x22,
    0x9f, 0xf4, 0x22, 0x00, 0xaf, 0xe2, 0xff, 0xff,
    0xff, 0xff, 0xff, 0xff, 0xa0, 0x00, 0x00, 0x7f,
    0xf1, 0x00, 0x00, 0xaf, 0xe1, 0x77, 0x77, 0x7c,
    0xff, 0x77, 0x77, 0x40, 0x00, 0x00, 0x7f, 0xf1,
    0x00, 0x00, 0xaf, 0xe0, 0x00, 0x00, 0x09, 0xfe,
    0x00, 0x00, 0x00, 0x00, 0x00, 0x7f, 0xf1, 0x04,
    0x00, 0xaf, 0xe0, 0x00, 0x00, 0x09, 0xfe, 0x00,
    0x00, 0x00, 0x00, 0x00, 0x7f, 0xf4, 0xde, 0x00,
    0xaf, 0xf0, 0x00, 0x00, 0x09, 0xfe, 0x00, 0x00,
    0x00, 0x00, 0x00, 0x7f, 0xff, 0xff, 0x28, 0xff,
    0xfc, 0x20, 0x00, 0x09, 0xfe, 0x00, 0x00, 0x00,
    0x00, 0x00, 0xaf, 0xff, 0xd3, 0xaf, 0xff, 0xff,
    0xf8, 0x10, 0x00, 0x00, 0x00, 0x00, 0x21, 0x00,
    0x02, 0xff, 0xfb, 0x0a, 0xff, 0xd2, 0x2c, 0xff,
    0xfd, 0xba, 0xaa, 0xbb, 0xdf, 0xf1, 0x00, 0x0a,
    0xff, 0x70, 0x07, 0xff, 0x20, 0x00, 0x8f, 0xff,
    0xff, 0xff, 0xff, 0xff, 0xd0, 0x00, 0x01, 0xe4,
    0x00, 0x00, 0xc7, 0x00, 0x00, 0x02, 0x8c, 0xff,
    0xff, 0xff, 0xfe, 0x90, 0x00, 0x00, 0x10, 0x00,
    0x00, 0x10, 0x00, 0x00, 0x00, 0x00, 0x00, 0x10,
    0x00, 0x00, 0x00,

    /* U+95EA "闪" */
    0x00, 0x00, 0x00, 0x00, 0x00, 0x00, 0x00, 0x00,
    0x00, 0x00, 0x00, 0x00, 0x00, 0x00, 0x8e, 0x30,
    0x00, 0x00, 0x00, 0x00, 0x00, 0x00, 0x00, 0x00,
    0x01, 0x10, 0x04, 0xff, 0xe3, 0x00, 0x3f, 0xff,
    0xff, 0xff, 0xff, 0xff, 0xff, 0xff, 0xfc, 0x00,
    0x5f, 0xfe, 0x20, 0x3f, 0xff, 0xff, 0xff, 0xff,
    0xff, 0xff, 0xff, 0xfc, 0x00, 0x06, 0xff, 0xe1,
    0x2b, 0xbb, 0xbb, 0xbb, 0xbb, 0xbb, 0xbb, 0xbf,
    0xfc, 0x00, 0x00, 0x9f, 0xfc, 0x00, 0x00, 0x00,
    0x00, 0x00, 0x00, 0x00, 0x1f, 0xfc, 0x00, 0x00,
    0x0c, 0xf9, 0x00, 0x00, 0x33, 0x00, 0x00, 0x00,
    0x00, 0x1f, 0xfc, 0xcf, 0xf1, 0x01, 0x20, 0x00,
    0x00, 0xdf, 0xf1, 0x00, 0x00, 0x00, 0x1f, 0xfc,
    0xcf, 0xf1, 0x00, 0x00, 0x00, 0x00, 0xff, 0xe0,
    0x00, 0x00, 0x00, 0x1f, 0xfc, 0xcf, 0xf1, 0x00,
    0x00, 0x00, 0x05, 0xff, 0x90, 0x00, 0x00, 0x00,
    0x1f, 0xfc, 0xcf, 0xf1, 0x00, 0x00, 0x00, 0x0a,
    0xff, 0x50, 0x00, 0x00, 0x00, 0x1f, 0xfc, 0xcf,
    0xf1, 0x00, 0x00, 0x00, 0x0f, 0xff, 0x00, 0x00,
    0x00, 0x00, 0x1f, 0xfc, 0xcf, 0xf1, 0x00, 0x00,
    0x00, 0x6f, 0xff, 0x40, 0x00, 0x00, 0x00, 0x1f,
    0xfc, 0xcf, 0xf1, 0x00, 0x00, 0x00, 0xdf, 0xff,
    0xf4, 0x00, 0x00, 0x00, 0x1f, 0xfc, 0xcf, 0xf1,
    0x00, 0x00, 0x05, 0xff, 0xff, 0xff, 0x40, 0x00,
    0x00, 0x1f, 0xfc, 0xcf, 0xf1, 0x00, 0x00, 0x0d,
    0xff, 0x59, 0xff, 0xf3, 0x00, 0x00, 0x1f, 0xfc,
    0xcf, 0xf1, 0x00, 0x00, 0x9f, 0xfc, 0x00, 0xaf,
    0xff, 0x20, 0x00, 0x1f, 0xfc, 0xcf, 0xf1, 0x00,
    0x06, 0xff, 0xf3, 0x00, 0x0c, 0xff, 0xe1, 0x00,
    0x1f, 0xfc, 0xcf, 0xf1, 0x00, 0x5f, 0xff, 0x80,
    0x00, 0x01, 0xdf, 0xfc, 0x00, 0x1f, 0xfc, 0xcf,
    0xf1, 0x07, 0xff, 0xfb, 0x00, 0x00, 0x00, 0x2f,
    0xff, 0x80, 0x1f, 0xfc, 0xcf, 0xf1, 0x3f, 0xff,
    0xc0, 0x00, 0x00, 0x00, 0x05, 0xff, 0xd0, 0x1f,
    0xfc, 0xcf, 0xf1, 0x09, 0xfc, 0x10, 0x00, 0x00,
    0x00, 0x00, 0x9e, 0x10, 0x1f, 0xfc, 0xcf, 0xf1,
    0x01, 0x80, 0x00, 0x00, 0x00, 0x00, 0x00, 0x02,
    0x00, 0x1f, 0xfc, 0xcf, 0xf1, 0x00, 0x00, 0x00,
    0x00, 0x00, 0x00, 0x00, 0x00, 0x00, 0x1f, 0xfc,
    0xcf, 0xf1, 0x00, 0x00, 0x00, 0x00, 0x00, 0x00,
    0x00, 0x00, 0x00, 0x1f, 0xfc, 0xcf, 0xf1, 0x00,
    0x00, 0x00, 0x00, 0x00, 0x00, 0x03, 0xdc, 0xcc,
    0xdf, 0xfb, 0xcf, 0xf1, 0x00, 0x00, 0x00, 0x00,
    0x00, 0x00, 0x00, 0xef, 0xff, 0xff, 0xf6, 0xcf,
    0xf1, 0x00, 0x00, 0x00, 0x00, 0x00, 0x00, 0x00,
    0x9f, 0xff, 0xfc, 0x60, 0x00, 0x00, 0x00, 0x00,
    0x00, 0x00, 0x00, 0x00, 0x00, 0x00, 0x00, 0x00,
    0x00,

    /* U+95ED "闭" */
    0x00, 0x00, 0x00, 0x00, 0x00, 0x00, 0x00, 0x00,
    0x00, 0x00, 0x00, 0x00, 0x00, 0x03, 0xc7, 0x00,
    0x00, 0x00, 0x00, 0x00, 0x00, 0x00, 0x00, 0x00,
    0x00, 0x00, 0x1e, 0xff, 0x70, 0x00, 0x5b, 0xbb,
    0xbb, 0xbb, 0xbb, 0xbb, 0xbb, 0xbc, 0xb8, 0x02,
    0xef, 0xf6, 0x00, 0x7f, 0xff, 0xff, 0xff, 0xff,
    0xff, 0xff, 0xff, 0xfb, 0x00, 0x3f, 0xff, 0x30,
    0x7f, 0xff, 0xff, 0xff, 0xff, 0xff, 0xff, 0xff,
    0xfb, 0x00, 0x06, 0xfe, 0x50, 0x00, 0x00, 0x00,
    0x00, 0x00, 0x00, 0x00, 0x1f, 0xfb, 0x00, 0x00,
    0x71, 0x00, 0x00, 0x00, 0x00, 0x69, 0x91, 0x00,
    0x00, 0x1f, 0xfb, 0xae, 0xe1, 0x00, 0x00, 0x00,
    0x00, 0x00, 0xbf, 0xf2, 0x00, 0x00, 0x1f, 0xfb,
    0xcf, 0xf1, 0x00, 0x00, 0x00, 0x00, 0x00, 0xbf,
    0xf2, 0x00, 0x00, 0x1f, 0xfb, 0xcf, 0xf1, 0x00,
    0x00, 0x00, 0x00, 0x00, 0xbf, 0xf2, 0x00, 0x00,
    0x1f, 0xfb, 0xcf, 0xf1, 0x1a, 0xaa, 0xaa, 0xaa,
    0xaa, 0xef, 0xfb, 0xaa, 0xa0, 0x1f, 0xfb, 0xcf,
    0xf1, 0x2f, 0xff, 0xff, 0xff, 0xff, 0xff, 0xff,
    0xff, 0xf1, 0x1f, 0xfb, 0xcf, 0xf1, 0x2f, 0xff,
    0xff, 0xff, 0xff, 0xff, 0xff, 0xff, 0xf1, 0x1f,
    0xfb, 0xcf, 0xf1, 0x00, 0x00, 0x00, 0x00, 0xbf,
    0xff, 0xf3, 0x00, 0x00, 0x1f, 0xfb, 0xcf, 0xf1,
    0x00, 0x00, 0x00, 0x06, 0xff, 0xff, 0xf2, 0x00,
    0x00, 0x1f, 0xfb, 0xcf, 0xf1, 0x00, 0x00, 0x00,
    0x4f, 0xff, 0xef, 0xf2, 0x00, 0x00, 0x1f, 0xfb,
    0xcf, 0xf1, 0x00, 0x00, 0x04, 0xff, 0xf5, 0xbf,
    0xf2, 0x00, 0x00, 0x1f, 0xfb, 0xcf, 0xf1, 0x00,
    0x00, 0x5f, 0xff, 0x70, 0xbf, 0xf2, 0x00, 0x00,
    0x1f, 0xfb, 0xcf, 0xf1, 0x00, 0x08, 0xff, 0xf8,
    0x00, 0xbf, 0xf2, 0x00, 0x00, 0x1f, 0xfb, 0xcf,
    0xf1, 0x02, 0xcf, 0xff, 0x70, 0x00, 0xbf, 0xf2,
    0x00, 0x00, 0x1f, 0xfb, 0xcf, 0xf2, 0x8f, 0xff,
    0xf5, 0x00, 0x00, 0xbf, 0xf2, 0x00, 0x00, 0x1f,
    0xfb, 0xcf, 0xf1, 0xbf, 0xfc, 0x20, 0x00, 0x00,
    0xbf, 0xf2, 0x00, 0x00, 0x1f, 0xfb, 0xcf, 0xf1,
    0x0c, 0x60, 0x00, 0x00, 0x00, 0xbf, 0xf2, 0x00,
    0x00, 0x1f, 0xfb, 0xcf, 0xf1, 0x00, 0x00, 0x00,
    0xbc, 0xcc, 0xff, 0xf1, 0x00, 0x00, 0x1f, 0xfb,
    0xcf, 0xf1, 0x00, 0x00, 0x00, 0x8f, 0xff, 0xff,
    0xd0, 0x00, 0x00, 0x1f, 0xfb, 0xcf, 0xf1, 0x00,
    0x00, 0x00, 0x3f, 0xee, 0xc8, 0x10, 0x08, 0x88,
    0x9f, 0xfa, 0xcf, 0xf1, 0x00, 0x00, 0x00, 0x00,
    0x00, 0x00, 0x00, 0x0b, 0xff, 0xff, 0xf7, 0xcf,
    0xf1, 0x00, 0x00, 0x00, 0x00, 0x00, 0x00, 0x00,
    0x07, 0xff, 0xfd, 0x70, 0x00, 0x00, 0x00, 0x00,
    0x00, 0x00, 0x00, 0x00, 0x00, 0x00, 0x00, 0x00,
    0x00,

    /* U+95F4 "间" */
    0x03, 0xc7, 0x00, 0x00, 0x00, 0x00, 0x00, 0x00,
    0x00, 0x00, 0x00, 0x00, 0x00, 0x1e, 0xff, 0x70,
    0x00, 0xab, 0xbb, 0xbb, 0xbb, 0xbb, 0xbb, 0xbb,
    0xbc, 0xb4, 0x02, 0xef, 0xf5, 0x00, 0xef, 0xff,
    0xff, 0xff, 0xff, 0xff, 0xff, 0xff, 0xf6, 0x00,
    0x3f, 0xff, 0x20, 0xef, 0xff, 0xff, 0xff, 0xff,
    0xff, 0xff, 0xff, 0xf6, 0x00, 0x06, 0xfe, 0x40,
    0x00, 0x00, 0x00, 0x00, 0x00, 0x00, 0x00, 0x8f,
    0xf6, 0x00, 0x00, 0x50, 0x00, 0x00, 0x00, 0x00,
    0x00, 0x00, 0x00, 0x00, 0x8f, 0xf6, 0xae, 0xe2,
    0x00, 0x00, 0x00, 0x00, 0x00, 0x00, 0x00, 0x00,
    0x00, 0x8f, 0xf6, 0xcf, 0xf3, 0x00, 0x00, 0x00,
    0x00, 0x00, 0x00, 0x00, 0x00, 0x00, 0x8f, 0xf6,
    0xcf, 0xf3, 0x00, 0x0f, 0xff, 0xff, 0xff, 0xff,
    0xff, 0xa0, 0x00, 0x8f, 0xf6, 0xcf, 0xf3, 0x00,
    0x1f, 0xff, 0xff, 0xff, 0xff, 0xff, 0xb0, 0x00,
    0x8f, 0xf6, 0xcf, 0xf3, 0x00, 0x1f, 0xfa, 0x55,
    0x55, 0x55, 0xff, 0xb0, 0x00, 0x8f, 0xf6, 0xcf,
    0xf3, 0x00, 0x1f, 0xf7, 0x00, 0x00, 0x00, 0xef,
    0xb0, 0x00, 0x8f, 0xf6, 0xcf, 0xf3, 0x00, 0x1f,
    0xf7, 0x00, 0x00, 0x00, 0xef, 0xb0, 0x00, 0x8f,
    0xf6, 0xcf, 0xf3, 0x00, 0x1f, 0xf7, 0x00, 0x00,
    0x00, 0xef, 0xb0, 0x00, 0x8f, 0xf6, 0xcf, 0xf3,
    0x00, 0x1f, 0xff, 0xff, 0xff, 0xff, 0xff, 0xb0,
    0x00, 0x8f, 0xf6, 0xcf, 0xf3, 0x00, 0x1f, 0xff,
    0xff, 0xff, 0xff, 0xff, 0xb0, 0x00, 0x8f, 0xf6,
    0xcf, 0xf3, 0x00, 0x1f, 0xfa, 0x55, 0x55, 0x55,
    0xff, 0xb0, 0x00, 0x8f, 0xf6, 0xcf, 0xf3, 0x00,
    0x1f, 0xf7, 0x00, 0x00, 0x00, 0xef, 0xb0, 0x00,
    0x8f, 0xf6, 0xcf, 0xf3, 0x00, 0x1f, 0xf7, 0x00,
    0x00, 0x00, 0xef, 0xb0, 0x00, 0x8f, 0xf6, 0xcf,
    0xf3, 0x00, 0x1f, 0xf8, 0x22, 0x22, 0x22, 0xef,
    0xb0, 0x00, 0x8f, 0xf6, 0xcf, 0xf3, 0x00, 0x1f,
    0xff, 0xff, 0xff, 0xff, 0xff, 0xb0, 0x00, 0x8f,
    0xf6, 0xcf, 0xf3, 0x00, 0x1f, 0xff, 0xff, 0xff,
    0xff, 0xff, 0xb0, 0x00, 0x8f, 0xf6, 0xcf, 0xf3,
    0x00, 0x03, 0x33, 0x33, 0x33, 0x33, 0x33, 0x20,
    0x00, 0x8f, 0xf6, 0xcf, 0xf3, 0x00, 0x00, 0x00,
    0x00, 0x00, 0x00, 0x00, 0x00, 0x00, 0x8f, 0xf6,
    0xcf, 0xf3, 0x00, 0x00, 0x00, 0x00, 0x00, 0x00,
    0x00, 0x04, 0x99, 0xdf, 0xf6, 0xcf, 0xf3, 0x00,
    0x00, 0x00, 0x00, 0x00, 0x00, 0x00, 0x02, 0xff,
    0xff, 0xf2, 0xcf, 0xf3, 0x00, 0x00, 0x00, 0x00,
    0x00, 0x00, 0x00, 0x00, 0xef, 0xec, 0x50,

    /* U+9633 "阳" */
    0x13, 0x33, 0x33, 0x33, 0x30, 0x00, 0x00, 0x00,
    0x00, 0x00, 0x00, 0x00, 0x00, 0x9f, 0xff, 0xff,
    0xff, 0xfb, 0x14, 0x99, 0x99, 0x99, 0x99, 0x99,
    0x99, 0x93, 0x9f, 0xff, 0xff, 0xff, 0xff, 0x27,
    0xff, 0xff, 0xff, 0xff, 0xff, 0xff, 0xf6, 0x9f,
    0xf6, 0x55, 0x7f, 0xfb, 0x07, 0xff, 0xff, 0xff,
    0xff, 0xff, 0xff, 0xf6, 0x9f, 0xf1, 0x00, 0x8f,
    0xf4, 0x07, 0xff, 0x50, 0x00, 0x00, 0x00, 0x8f,
    0xf6, 0x9f, 0xf1, 0x00, 0xef, 0xd0, 0x07, 0xff,
    0x40, 0x00, 0x00, 0x00, 0x7f, 0xf6, 0x9f, 0xf1,
    0x06, 0xff, 0x60, 0x07, 0xff, 0x40, 0x00, 0x00,
    0x00, 0x7f, 0xf6, 0x9f, 0xf1, 0x0d, 0xfe, 0x00,
    0x07, 0xff, 0x40, 0x00, 0x00, 0x00, 0x7f, 0xf6,
    0x9f, 0xf1, 0x4f, 0xf6, 0x00, 0x07, 0xff, 0x40,
    0x00, 0x00, 0x00, 0x7f, 0xf6, 0x9f, 0xf1, 0xcf,
    0xf1, 0x00, 0x07, 0xff, 0x40, 0x00, 0x00, 0x00,
    0x7f, 0xf6, 0x9f, 0xf1, 0x3f, 0xfd, 0x10, 0x07,
    0xff, 0x40, 0x00, 0x00, 0x00, 0x7f, 0xf6, 0x9f,
    0xf1, 0x04, 0xff, 0xb0, 0x07, 0xff, 0xb9, 0x99,
    0x99, 0x99, 0xcf, 0xf6, 0x9f, 0xf1, 0x00, 0x8f,
    0xf4, 0x07, 0xff, 0xff, 0xff, 0xff, 0xff, 0xff,
    0xf6, 0x9f, 0xf1, 0x00, 0x1f, 0xfb, 0x07, 0xff,
    0xff, 0xff, 0xff, 0xff, 0xff, 0xf6, 0x9f, 0xf1,
    0x00, 0x0b, 0xff, 0x07, 0xff, 0x50, 0x00, 0x00,
    0x00, 0x8f, 0xf6, 0x9f, 0xf1, 0x00, 0x08, 0xff,
    0x17, 0xff, 0x40, 0x00, 0x00, 0x00, 0x7f, 0xf6,
    0x9f, 0xf1, 0x00, 0x09, 0xff, 0x17, 0xff, 0x40,
    0x00, 0x00, 0x00, 0x7f, 0xf6, 0x9f, 0xf1, 0x00,
    0x3e, 0xff, 0x07, 0xff, 0x40, 0x00, 0x00, 0x00,
    0x7f, 0xf6, 0x9f, 0xf5, 0xff, 0xff, 0xfb, 0x07,
    0xff, 0x40, 0x00, 0x00, 0x00, 0x7f, 0xf6, 0x9f,
    0xf1, 0xff, 0xff, 0xd2, 0x07, 0xff, 0x40, 0x00,
    0x00, 0x00, 0x7f, 0xf6, 0x9f, 0xf1, 0x78, 0x74,
    0x00, 0x07, 0xff, 0x40, 0x00, 0x00, 0x00, 0x7f,
    0xf6, 0x9f, 0xf1, 0x00, 0x00, 0x00, 0x07, 0xff,
    0x40, 0x00, 0x00, 0x00, 0x7f, 0xf6, 0x9f, 0xf1,
    0x00, 0x00, 0x00, 0x07, 0xff, 0xb9, 0x99, 0x99,
    0x99, 0xcf, 0xf6, 0x9f, 0xf1, 0x00, 0x00, 0x00,
    0x07, 0xff, 0xff, 0xff, 0xff, 0xff, 0xff, 0xf6,
    0x9f, 0xf1, 0x00, 0x00, 0x00, 0x07, 0xff, 0xff,
    0xff, 0xff, 0xff, 0xff, 0xf6, 0x9f, 0xf1, 0x00,
    0x00, 0x00, 0x07, 0xff, 0x40, 0x00, 0x00, 0x00,
    0x8f, 0xf6, 0x9f, 0xf1, 0x00, 0x00, 0x00, 0x07,
    0xff, 0x40, 0x00, 0x00, 0x00, 0x7f, 0xf6, 0x13,
    0x30, 0x00, 0x00, 0x00, 0x00, 0x00, 0x00, 0x00,
    0x00, 0x00, 0x00, 0x00,

    /* U+9634 "阴" */
    0x12, 0x22, 0x22, 0x23, 0x20, 0x00, 0x00, 0x00,
    0x00, 0x00, 0x00, 0x00, 0x00, 0x9f, 0xff, 0xff,
    0xff, 0xfa, 0x10, 0x9f, 0xff, 0xff, 0xff, 0xff,
    0xff, 0xfa, 0x9f, 0xff, 0xff, 0xff, 0xff, 0x40,
    0xaf, 0xff, 0xff, 0xff, 0xff, 0xff, 0xfa, 0x9f,
    0xf7, 0x66, 0x7f, 0xfe, 0x00, 0xaf, 0xfa, 0xaa,
    0xaa, 0xaa, 0xaf, 0xfa, 0x9f, 0xf1, 0x00, 0x4f,
    0xf8, 0x00, 0xaf, 0xf1, 0x00, 0x00, 0x00, 0x1f,
    0xfa, 0x9f, 0xf1, 0x00, 0x9f, 0xf3, 0x00, 0xaf,
    0xf1, 0x00, 0x00, 0x00, 0x1f, 0xfa, 0x9f, 0xf1,
    0x00, 0xef, 0xd0, 0x00, 0xaf, 0xf1, 0x00, 0x00,
    0x00, 0x1f, 0xfa, 0x9f, 0xf1, 0x03, 0xff, 0x70,
    0x00, 0xaf, 0xf1, 0x00, 0x00, 0x00, 0x1f, 0xfa,
    0x9f, 0xf1, 0x08, 0xff, 0x10, 0x00, 0xaf, 0xff,
    0xff, 0xff, 0xff, 0xff, 0xfa, 0x9f, 0xf1, 0x0d,
    0xfb, 0x00, 0x00, 0xaf, 0xff, 0xff, 0xff, 0xff,
    0xff, 0xfa, 0x9f, 0xf1, 0x09, 0xff, 0x40, 0x00,
    0xaf, 0xfa, 0x99, 0x99, 0x99, 0xaf, 0xfa, 0x9f,
    0xf1, 0x00, 0xdf, 0xd0, 0x00, 0xaf, 0xf1, 0x00,
    0x00, 0x00, 0x1f, 0xfa, 0x9f, 0xf1, 0x00, 0x5f,
    0xf6, 0x00, 0xaf, 0xf1, 0x00, 0x00, 0x00, 0x1f,
    0xfa, 0x9f, 0xf1, 0x00, 0x0f, 0xfb, 0x00, 0xaf,
    0xf1, 0x00, 0x00, 0x00, 0x1f, 0xfa, 0x9f, 0xf1,
    0x00, 0x0b, 0xff, 0x00, 0xaf, 0xf0, 0x00, 0x00,
    0x00, 0x1f, 0xfa, 0x9f, 0xf1, 0x00, 0x09, 0xff,
    0x10, 0xbf, 0xfc, 0xcc, 0xcc, 0xcc, 0xcf, 0xfa,
    0x9f, 0xf1, 0x00, 0x0a, 0xff, 0x10, 0xcf, 0xff,
    0xff, 0xff, 0xff, 0xff, 0xfa, 0x9f, 0xf1, 0x00,
    0x2e, 0xff, 0x00, 0xef, 0xfd, 0xdd, 0xdd, 0xdd,
    0xef, 0xfa, 0x9f, 0xf1, 0x6f, 0xff, 0xfb, 0x00,
    0xff, 0xb0, 0x00, 0x00, 0x00, 0x1f, 0xfa, 0x9f,
    0xf1, 0x1f, 0xff, 0xf3, 0x03, 0xff, 0x80, 0x00,
    0x00, 0x00, 0x1f, 0xfa, 0x9f, 0xf1, 0x08, 0x86,
    0x10, 0x07, 0xff, 0x50, 0x00, 0x00, 0x00, 0x1f,
    0xfa, 0x9f, 0xf1, 0x00, 0x00, 0x00, 0x0d, 0xff,
    0x10, 0x00, 0x00, 0x00, 0x1f, 0xfa, 0x9f, 0xf1,
    0x00, 0x00, 0x00, 0x3f, 0xfb, 0x00, 0x00, 0x00,
    0x00, 0x1f, 0xfa, 0x9f, 0xf1, 0x00, 0x00, 0x00,
    0xbf, 0xf5, 0x00, 0x00, 0x00, 0x00, 0x1f, 0xfa,
    0x9f, 0xf1, 0x00, 0x00, 0x05, 0xff, 0xd0, 0x00,
    0x00, 0x09, 0xbb, 0xdf, 0xf9, 0x9f, 0xf1, 0x00,
    0x00, 0x3f, 0xff, 0x40, 0x00, 0x00, 0x08, 0xff,
    0xff, 0xf5, 0x9f, 0xf1, 0x00, 0x00, 0x2b, 0xf9,
    0x00, 0x00, 0x00, 0x03, 0xff, 0xec, 0x60, 0x12,
    0x20, 0x00, 0x00, 0x00, 0x40, 0x00, 0x00, 0x00,
    0x00, 0x00, 0x00, 0x00,

    /* U+9664 "除" */
    0x00, 0x00, 0x00, 0x00, 0x00, 0x00, 0x00, 0x00,
    0x03, 0x30, 0x00, 0x00, 0x00, 0x00, 0x00, 0x00,
    0x00, 0x10, 0x00, 0x00, 0x00, 0x00, 0x0d, 0xfd,
    0x00, 0x00, 0x00, 0x00, 0xef, 0xff, 0xff, 0xfe,
    0x70, 0x00, 0x00, 0x00, 0xaf, 0xfa, 0x00, 0x00,
    0x00, 0x00, 0xef, 0xff, 0xff, 0xff, 0xe0, 0x00,
    0x00, 0x07, 0xff, 0xff, 0x50, 0x00, 0x00, 0x00,
    0xef, 0xd8, 0x8a, 0xff, 0x90, 0x00, 0x00, 0x7f,
    0xfe, 0xef, 0xf6, 0x00, 0x00, 0x00, 0xef, 0x90,
    0x07, 0xff, 0x20, 0x00, 0x08, 0xff, 0xf3, 0x2e,
    0xff, 0x80, 0x00, 0x00, 0xef, 0x90, 0x0c, 0xfc,
    0x00, 0x01, 0xbf, 0xff, 0x40, 0x02, 0xef, 0xfc,
    0x20, 0x00, 0xef, 0x90, 0x1f, 0xf6, 0x00, 0x4e,
    0xff, 0xe3, 0x00, 0x00, 0x2d, 0xff, 0xf7, 0x00,
    0xef, 0x90, 0x5f, 0xe0, 0x2a, 0xff, 0xfd, 0x20,
    0x00, 0x00, 0x01, 0xbf, 0xff, 0xd3, 0xef, 0x90,
    0xaf, 0x80, 0x5f, 0xff, 0xe7, 0x66, 0x66, 0x66,
    0x66, 0x6d, 0xff, 0xa0, 0xef, 0x90, 0xff, 0x40,
    0x04, 0xe5, 0xff, 0xff, 0xff, 0xff, 0xff, 0xff,
    0x2a, 0x00, 0xef, 0x90, 0x9f, 0xd0, 0x00, 0x00,
    0xff, 0xff, 0xff, 0xff, 0xff, 0xff, 0x00, 0x00,
    0xef, 0x90, 0x0e, 0xf8, 0x00, 0x00, 0x11, 0x11,
    0x2f, 0xfb, 0x11, 0x11, 0x00, 0x00, 0xef, 0x90,
    0x07, 0xff, 0x00, 0x00, 0x00, 0x00, 0x1f, 0xfb,
    0x00, 0x00, 0x00, 0x00, 0xef, 0x90, 0x02, 0xff,
    0x40, 0x00, 0x00, 0x00, 0x1f, 0xfb, 0x00, 0x00,
    0x00, 0x00, 0xef, 0x90, 0x00, 0xff, 0x75, 0x88,
    0x88, 0x88, 0x9f, 0xfd, 0x88, 0x88, 0x88, 0x70,
    0xef, 0x90, 0x00, 0xdf, 0x9a, 0xff, 0xff, 0xff,
    0xff, 0xff, 0xff, 0xff, 0xff, 0xd0, 0xef, 0x90,
    0x00, 0xef, 0x9a, 0xff, 0xff, 0xff, 0xff, 0xff,
    0xff, 0xff, 0xff, 0xd0, 0xef, 0x90, 0x04, 0xff,
    0x80, 0x00, 0x00, 0x00, 0x2f, 0xfb, 0x00, 0x00,
    0x00, 0x00, 0xef, 0x99, 0xff, 0xff, 0x40, 0x01,
    0x73, 0x00, 0x1f, 0xfb, 0x01, 0x86, 0x00, 0x00,
    0xef, 0x93, 0xff, 0xfb, 0x00, 0x09, 0xff, 0x50,
    0x1f, 0xfb, 0x0a, 0xff, 0x40, 0x00, 0xef, 0x90,
    0x77, 0x40, 0x00, 0x4f, 0xfc, 0x00, 0x1f, 0xfb,
    0x01, 0xdf, 0xf2, 0x00, 0xef, 0x90, 0x00, 0x00,
    0x01, 0xef, 0xf3, 0x00, 0x1f, 0xfb, 0x00, 0x2f,
    0xfd, 0x00, 0xef, 0x90, 0x00, 0x00, 0x0c, 0xff,
    0x80, 0x00, 0x1f, 0xfb, 0x00, 0x07, 0xff, 0x90,
    0xef, 0x90, 0x00, 0x00, 0xbf, 0xfb, 0x00, 0x00,
    0x1f, 0xfb, 0x00, 0x00, 0xcf, 0xf2, 0xef, 0x90,
    0x00, 0x00, 0x3d, 0xd1, 0x07, 0x88, 0x9f, 0xfa,
    0x00, 0x00, 0x2d, 0x40, 0xef, 0x90, 0x00, 0x00,
    0x00, 0x10, 0x08, 0xff, 0xff, 0xf7, 0x00, 0x00,
    0x00, 0x00, 0xef, 0x90, 0x00, 0x00, 0x00, 0x00,
    0x02, 0xff, 0xfd, 0x80, 0x00, 0x00, 0x00, 0x00,
    0x00, 0x00, 0x00, 0x00, 0x00, 0x00, 0x00, 0x00,
    0x00, 0x00, 0x00, 0x00, 0x00, 0x00,

    /* U+96EA "雪" */
    0x00, 0x33, 0x33, 0x33, 0x33, 0x33, 0x33, 0x33,
    0x33, 0x33, 0x33, 0x32, 0x00, 0x04, 0xff, 0xff,
    0xff, 0xff, 0xff, 0xff, 0xff, 0xff, 0xff, 0xff,
    0xfc, 0x00, 0x04, 0xff, 0xff, 0xff, 0xff, 0xff,
    0xff, 0xff, 0xff, 0xff, 0xff, 0xfc, 0x00, 0x00,
    0x11, 0x11, 0x11, 0x11, 0x1b, 0xff, 0x21, 0x11,
    0x11, 0x11, 0x10, 0x00, 0x34, 0x44, 0x44, 0x44,
    0x44, 0x4c, 0xff, 0x44, 0x44, 0x44, 0x44, 0x44,
    0x43, 0xff, 0xff, 0xff, 0xff, 0xff, 0xff, 0xff,
    0xff, 0xff, 0xff, 0xff, 0xff, 0xfc, 0xff, 0xff,
    0xff, 0xff, 0xff, 0xff, 0xff, 0xff, 0xff, 0xff,
    0xff, 0xff, 0xfc, 0xff, 0xa0, 0x00, 0x00, 0x00,
    0x0b, 0xff, 0x10, 0x00, 0x00, 0x00, 0x0b, 0xfc,
    0xff, 0xa1, 0xbb, 0xbb, 0xbb, 0x2b, 0xff, 0x13,
    0xbb, 0xbb, 0xbb, 0x2b, 0xfc, 0xff, 0xa2, 0xff,
    0xff, 0xff, 0x4b, 0xff, 0x15, 0xff, 0xff, 0xff,
    0x3b, 0xfc, 0xff, 0xa0, 0x33, 0x33, 0x33, 0x1b,
    0xff, 0x11, 0x33, 0x33, 0x33, 0x0b, 0xfc, 0x67,
    0x40, 0x00, 0x00, 0x00, 0x0b, 0xff, 0x10, 0x00,
    0x00, 0x00, 0x04, 0x75, 0x00, 0x0c, 0xff, 0xff,
    0xff, 0x4b, 0xff, 0x14, 0xff, 0xff, 0xff, 0xe0,
    0x00, 0x00, 0x0b, 0xff, 0xff, 0xff, 0x4b, 0xff,
    0x14, 0xff, 0xff, 0xff, 0xd0, 0x00, 0x00, 0x00,
    0x00, 0x00, 0x00, 0x05, 0x88, 0x00, 0x00, 0x00,
    0x00, 0x00, 0x00, 0x00, 0x15, 0x55, 0x55, 0x55,
    0x55, 0x55, 0x55, 0x55, 0x55, 0x55, 0x50, 0x00,
    0x00, 0x4f, 0xff, 0xff, 0xff, 0xff, 0xff, 0xff,
    0xff, 0xff, 0xff, 0xf2, 0x00, 0x00, 0x3f, 0xff,
    0xff, 0xff, 0xff, 0xff, 0xff, 0xff, 0xff, 0xff,
    0xf2, 0x00, 0x00, 0x00, 0x00, 0x00, 0x00, 0x00,
    0x00, 0x00, 0x00, 0x00, 0xbf, 0xf2, 0x00, 0x00,
    0x00, 0x11, 0x11, 0x11, 0x11, 0x11, 0x11, 0x11,
    0x11, 0xbf, 0xf2, 0x00, 0x00, 0x09, 0xff, 0xff,
    0xff, 0xff, 0xff, 0xff, 0xff, 0xff, 0xff, 0xf2,
    0x00, 0x00, 0x09, 0xff, 0xff, 0xff, 0xff, 0xff,
    0xff, 0xff, 0xff, 0xff, 0xf2, 0x00, 0x00, 0x00,
    0x11, 0x11, 0x11, 0x11, 0x11, 0x11, 0x11, 0x11,
    0xcf, 0xf2, 0x00, 0x00, 0x00, 0x00, 0x00, 0x00,
    0x00, 0x00, 0x00, 0x00, 0x00, 0xbf, 0xf2, 0x00,
    0x00, 0xcf, 0xff, 0xff, 0xff, 0xff, 0xff, 0xff,
    0xff, 0xff, 0xff, 0xf2, 0x00, 0x00, 0xdf, 0xff,
    0xff, 0xff, 0xff, 0xff, 0xff, 0xff, 0xff, 0xff,
    0xf2, 0x00, 0x00, 0x45, 0x55, 0x55, 0x55, 0x55,
    0x55, 0x55, 0x55, 0x55, 0xdf, 0xf2, 0x00,

    /* U+96F7 "雷" */
    0x00, 0x33, 0x33, 0x33, 0x33, 0x33, 0x33, 0x33,
    0x33, 0x33, 0x33, 0x32, 0x00, 0x04, 0xff, 0xff,
    0xff, 0xff, 0xff, 0xff, 0xff, 0xff, 0xff, 0xff,
    0xfc, 0x00, 0x04, 0xff, 0xff, 0xff, 0xff, 0xff,
    0xff, 0xff, 0xff, 0xff, 0xff, 0xfc, 0x00, 0x00,
    0x11, 0x11, 0x11, 0x11, 0x1b, 0xff, 0x21, 0x11,
    0x11, 0x11, 0x10, 0x00, 0x44, 0x44, 0x44, 0x44,
    0x44, 0x4c, 0xff, 0x54, 0x44, 0x44, 0x44, 0x44,
    0x43, 0xff, 0xff, 0xff, 0xff, 0xff, 0xff, 0xff,
    0xff, 0xff, 0xff, 0xff, 0xff, 0xfc, 0xff, 0xff,
    0xff, 0xff, 0xff, 0xff, 0xff, 0xff, 0xff, 0xff,
    0xff, 0xff, 0xfc, 0xff, 0xa0, 0x00, 0x00, 0x00,
    0x0b, 0xff, 0x10, 0x00, 0x00, 0x00, 0x0a, 0xfc,
    0xff, 0xa1, 0xbb, 0xbb, 0xbb, 0x3b, 0xff, 0x13,
    0xbb, 0xbb, 0xbb, 0x2a, 0xfc, 0xff, 0xa2, 0xff,
    0xff, 0xff, 0x4b, 0xff, 0x15, 0xff, 0xff, 0xff,
    0x3a, 0xfc, 0xff, 0xa0, 0x33, 0x33, 0x33, 0x0b,
    0xff, 0x11, 0x33, 0x33, 0x33, 0x0a, 0xfc, 0x56,
    0x30, 0x00, 0x00, 0x00, 0x0b, 0xff, 0x10, 0x00,
    0x00, 0x00, 0x04, 0x64, 0x00, 0x0c, 0xff, 0xff,
    0xff, 0x4b, 0xff, 0x15, 0xff, 0xff, 0xff, 0xe0,
    0x00, 0x00, 0x0b, 0xee, 0xee, 0xee, 0x4b, 0xff,
    0x14, 0xee, 0xee, 0xee, 0xd0, 0x00, 0x00, 0x00,
    0x00, 0x00, 0x00, 0x08, 0xcc, 0x00, 0x00, 0x00,
    0x00, 0x00, 0x00, 0x00, 0x13, 0x33, 0x33, 0x33,
    0x33, 0x33, 0x33, 0x33, 0x33, 0x33, 0x31, 0x00,
    0x00, 0x5f, 0xff, 0xff, 0xff, 0xff, 0xff, 0xff,
    0xff, 0xff, 0xff, 0xf5, 0x00, 0x00, 0x5f, 0xff,
    0xff, 0xff, 0xff, 0xff, 0xff, 0xff, 0xff, 0xff,
    0xf5, 0x00, 0x00, 0x5f, 0xf6, 0x00, 0x00, 0x0b,
    0xff, 0x10, 0x00, 0x00, 0x5f, 0xf5, 0x00, 0x00,
    0x5f, 0xf7, 0x11, 0x11, 0x1b, 0xff, 0x21, 0x11,
    0x11, 0x6f, 0xf5, 0x00, 0x00, 0x5f, 0xff, 0xff,
    0xff, 0xff, 0xff, 0xff, 0xff, 0xff, 0xff, 0xf5,
    0x00, 0x00, 0x5f, 0xff, 0xff, 0xff, 0xff, 0xff,
    0xff, 0xff, 0xff, 0xff, 0xf5, 0x00, 0x00, 0x5f,
    0xf7, 0x11, 0x11, 0x1b, 0xff, 0x21, 0x11, 0x11,
    0x6f, 0xf5, 0x00, 0x00, 0x5f, 0xf6, 0x00, 0x00,
    0x0b, 0xff, 0x10, 0x00, 0x00, 0x5f, 0xf5, 0x00,
    0x00, 0x5f, 0xff, 0xee, 0xee, 0xef, 0xff, 0xee,
    0xee, 0xee, 0xff, 0xf5, 0x00, 0x00, 0x5f, 0xff,
    0xff, 0xff, 0xff, 0xff, 0xff, 0xff, 0xff, 0xff,
    0xf5, 0x00, 0x00, 0x5f, 0xf9, 0x55, 0x55, 0x55,
    0x55, 0x55, 0x55, 0x55, 0x9f, 0xf5, 0x00,

    /* U+973E "霾" */
    0x00, 0x07, 0x77, 0x77, 0x77, 0x77, 0x77, 0x77,
    0x77, 0x77, 0x77, 0x77, 0x60, 0x00, 0x00, 0x1f,
    0xff, 0xff, 0xff, 0xff, 0xff, 0xff, 0xff, 0xff,
    0xff, 0xff, 0xc0, 0x00, 0x00, 0x04, 0x44, 0x44,
    0x44, 0x44, 0xbf, 0xf5, 0x44, 0x44, 0x44, 0x44,
    0x30, 0x00, 0x00, 0x00, 0x00, 0x00, 0x00, 0x00,
    0xaf, 0xf2, 0x00, 0x00, 0x00, 0x00, 0x00, 0x00,
    0x0e, 0xff, 0xff, 0xff, 0xff, 0xff, 0xff, 0xff,
    0xff, 0xff, 0xff, 0xff, 0xff, 0xd0, 0x0e, 0xfb,
    0x99, 0x99, 0x99, 0x99, 0xdf, 0xf9, 0x99, 0x99,
    0x99, 0x99, 0xdf, 0xd0, 0x0e, 0xf6, 0x07, 0x77,
    0x77, 0x74, 0xaf, 0xf1, 0x37, 0x77, 0x77, 0x72,
    0xaf, 0xd0, 0x0e, 0xf6, 0x1f, 0xff, 0xff, 0xf8,
    0xaf, 0xf1, 0x7f, 0xff, 0xff, 0xf4, 0xaf, 0xd0,
    0x0a, 0xb4, 0x00, 0x00, 0x00, 0x00, 0xaf, 0xf1,
    0x00, 0x00, 0x00, 0x00, 0x6b, 0x90, 0x00, 0x00,
    0xdf, 0xff, 0xff, 0xf8, 0xaf, 0xf1, 0x7f, 0xff,
    0xff, 0xfe, 0x00, 0x00, 0x00, 0x00, 0x67, 0x77,
    0x78, 0x74, 0xaf, 0xf1, 0x37, 0x77, 0x77, 0x77,
    0x00, 0x00, 0x00, 0x00, 0x00, 0x48, 0xde, 0x50,
    0x48, 0x80, 0x00, 0x00, 0x00, 0x00, 0x00, 0x00,
    0x14, 0x69, 0xcf, 0xff, 0xfe, 0x90, 0x0f, 0xff,
    0xff, 0xff, 0xff, 0xff, 0xff, 0x70, 0x6f, 0xff,
    0xfc, 0xdc, 0x20, 0x42, 0x0f, 0xfc, 0xbb, 0xdf,
    0xfb, 0xbb, 0xff, 0x70, 0x16, 0x96, 0x00, 0xef,
    0x7a, 0xff, 0x6f, 0xf3, 0x00, 0x5f, 0xd0, 0x00,
    0xef, 0x70, 0x03, 0xff, 0x40, 0x8f, 0xff, 0xf8,
    0x1f, 0xff, 0xff, 0xff, 0xff, 0xff, 0xff, 0x70,
    0x00, 0x8f, 0xfe, 0xff, 0xf8, 0x10, 0x0f, 0xfc,
    0xbb, 0xdf, 0xfb, 0xbb, 0xff, 0x70, 0x49, 0xef,
    0xff, 0xac, 0xfd, 0x10, 0x0f, 0xf3, 0x00, 0x5f,
    0xd0, 0x00, 0xef, 0x70, 0x6f, 0xd9, 0x40, 0x08,
    0xff, 0xb0, 0x0f, 0xfb, 0xbb, 0xcf, 0xfb, 0xbb,
    0xff, 0x70, 0x02, 0x00, 0x39, 0xff, 0xbf, 0xf4,
    0x0f, 0xff, 0xff, 0xff, 0xff, 0xff, 0xff, 0x70,
    0x15, 0x9e, 0xff, 0xa3, 0x0d, 0xfa, 0x00, 0x00,
    0x00, 0x9f, 0xf2, 0x00, 0x00, 0x00, 0x8f, 0xfe,
    0x82, 0x04, 0xdf, 0xfe, 0x06, 0xbb, 0xbb, 0xef,
    0xfc, 0xbb, 0xbb, 0x40, 0x08, 0x30, 0x04, 0xcf,
    0xfa, 0xff, 0x09, 0xff, 0xff, 0xff, 0xff, 0xff,
    0xff, 0x50, 0x00, 0x16, 0xdf, 0xf9, 0x16, 0xff,
    0x00, 0x11, 0x11, 0x9f, 0xf2, 0x11, 0x11, 0x00,
    0x5b, 0xff, 0xfb, 0x52, 0x4e, 0xfc, 0x00, 0x00,
    0x00, 0x9f, 0xf1, 0x00, 0x00, 0x00, 0x4f, 0xf9,
    0x23, 0xff, 0xff, 0xf5, 0xff, 0xff, 0xff, 0xff,
    0xff, 0xff, 0xff, 0xfb, 0x04, 0x00, 0x00, 0xef,
    0xfc, 0x40, 0xff, 0xff, 0xff, 0xff, 0xff, 0xff,
    0xff, 0xfb,

    /* U+975E "非" */
    0x00, 0x00, 0x00, 0x00, 0x03, 0x33, 0x00, 0x00,
    0x22, 0x20, 0x00, 0x00, 0x00, 0x00, 0x00, 0x00,
    0x00, 0x00, 0x0e, 0xff, 0x00, 0x00, 0xff, 0xf0,
    0x00, 0x00, 0x00, 0x00, 0x00, 0x00, 0x00, 0x00,
    0x0e, 0xff, 0x00, 0x00, 0xff, 0xf0, 0x00, 0x00,
    0x00, 0x00, 0x00, 0x00, 0x00, 0x00, 0x0e, 0xff,
    0x00, 0x00, 0xff, 0xf0, 0x00, 0x00, 0x00, 0x00,
    0x00, 0x00, 0x00, 0x00, 0x0e, 0xff, 0x00, 0x00,
    0xff, 0xf0, 0x00, 0x00, 0x00, 0x00, 0x0e, 0xff,
    0xff, 0xff, 0xff, 0xff, 0x00, 0x00, 0xff, 0xff,
    0xff, 0xff, 0xff, 0xf3, 0x0e, 0xff, 0xff, 0xff,
    0xff, 0xff, 0x00, 0x00, 0xff, 0xff, 0xff, 0xff,
    0xff, 0xf3, 0x0b, 0xcc, 0xcc, 0xcc, 0xcf, 0xff,
    0x00, 0x00, 0xff, 0xfc, 0xcc, 0xcc, 0xcc, 0xc2,
    0x00, 0x00, 0x00, 0x00, 0x0e, 0xff, 0x00, 0x00,
    0xff, 0xf0, 0x00, 0x00, 0x00, 0x00, 0x00, 0x00,
    0x00, 0x00, 0x0e, 0xff, 0x00, 0x00, 0xff, 0xf0,
    0x00, 0x00, 0x00, 0x00, 0x00, 0x00, 0x00, 0x00,
    0x0e, 0xff, 0x00, 0x00, 0xff, 0xf0, 0x00, 0x00,
    0x00, 0x00, 0x00, 0x00, 0x00, 0x00, 0x0e, 0xff,
    0x00, 0x00, 0xff, 0xf0, 0x00, 0x00, 0x00, 0x00,
    0x07, 0xff, 0xff, 0xff, 0xff, 0xff, 0x00, 0x00,
    0xff, 0xff, 0xff, 0xff, 0xff, 0x90, 0x07, 0xff,
    0xff, 0xff, 0xff, 0xff, 0x00, 0x00, 0xff, 0xff,
    0xff, 0xff, 0xff, 0x90, 0x05, 0xaa, 0xaa, 0xaa,
    0xaf, 0xff, 0x00, 0x00, 0xff, 0xfa, 0xaa, 0xaa,
    0xaa, 0x50, 0x00, 0x00, 0x00, 0x00, 0x0e, 0xff,
    0x00, 0x00, 0xff, 0xf0, 0x00, 0x00, 0x00, 0x00,
    0x00, 0x00, 0x00, 0x00, 0x0e, 0xff, 0x00, 0x00,
    0xff, 0xf0, 0x00, 0x00, 0x00, 0x00, 0x00, 0x00,
    0x00, 0x00, 0x0e, 0xff, 0x00, 0x00, 0xff, 0xf0,
    0x00, 0x00, 0x00, 0x00, 0x00, 0x00, 0x00, 0x00,
    0x0e, 0xff, 0x00, 0x00, 0xff, 0xf0, 0x00, 0x00,
    0x00, 0x00, 0x9f, 0xff, 0xff, 0xff, 0xff, 0xff,
    0x00, 0x00, 0xff, 0xff, 0xff, 0xff, 0xff, 0xfb,
    0x9f, 0xff, 0xff, 0xff, 0xff, 0xff, 0x00, 0x00,
    0xff, 0xff, 0xff, 0xff, 0xff, 0xfb, 0x7c, 0xcc,
    0xcc, 0xcc, 0xcf, 0xff, 0x00, 0x00, 0xff, 0xfb,
    0xbb, 0xbb, 0xbb, 0xb8, 0x00, 0x00, 0x00, 0x00,
    0x0e, 0xff, 0x00, 0x00, 0xff, 0xf0, 0x00, 0x00,
    0x00, 0x00, 0x00, 0x00, 0x00, 0x00, 0x0e, 0xff,
    0x00, 0x00, 0xff, 0xf0, 0x00, 0x00, 0x00, 0x00,
    0x00, 0x00, 0x00, 0x00, 0x0e, 0xff, 0x00, 0x00,
    0xff, 0xf0, 0x00, 0x00, 0x00, 0x00, 0x00, 0x00,
    0x00, 0x00, 0x0e, 0xff, 0x00, 0x00, 0xff, 0xf0,
    0x00, 0x00, 0x00, 0x00, 0x00, 0x00, 0x00, 0x00,
    0x0e, 0xff, 0x00, 0x00, 0xff, 0xf0, 0x00, 0x00,
    0x00, 0x00, 0x00, 0x00, 0x00, 0x00, 0x0e, 0xff,
    0x00, 0x00, 0xff, 0xf0, 0x00, 0x00, 0x00, 0x00,

    /* U+97F3 "音" */
    0x00, 0x00, 0x00, 0x00, 0x00, 0x00, 0x14, 0x50,
    0x00, 0x00, 0x00, 0x00, 0x00, 0x00, 0x00, 0x00,
    0x00, 0x00, 0x00, 0x01, 0xff, 0xf3, 0x00, 0x00,
    0x00, 0x00, 0x00, 0x00, 0x00, 0x00, 0x00, 0x00,
    0x00, 0x00, 0x8f, 0xfb, 0x00, 0x00, 0x00, 0x00,
    0x00, 0x00, 0x00, 0x59, 0x99, 0x99, 0x99, 0x99,
    0xbf, 0xff, 0x99, 0x99, 0x99, 0x99, 0x99, 0x10,
    0x00, 0x9f, 0xff, 0xff, 0xff, 0xff, 0xff, 0xff,
    0xff, 0xff, 0xff, 0xff, 0xff, 0x20, 0x00, 0x9f,
    0xff, 0xff, 0xff, 0xff, 0xff, 0xff, 0xff, 0xff,
    0xff, 0xff, 0xff, 0x10, 0x00, 0x00, 0x00, 0x5a,
    0xe4, 0x00, 0x00, 0x00, 0x00, 0x1f, 0xd9, 0x10,
    0x00, 0x00, 0x00, 0x00, 0x00, 0x5f, 0xfd, 0x00,
    0x00, 0x00, 0x00, 0x6f, 0xfd, 0x00, 0x00, 0x00,
    0x00, 0x00, 0x00, 0x0e, 0xff, 0x30, 0x00, 0x00,
    0x00, 0xdf, 0xf6, 0x00, 0x00, 0x00, 0x00, 0x00,
    0x00, 0x08, 0xff, 0x90, 0x00, 0x00, 0x04, 0xff,
    0xd0, 0x00, 0x00, 0x00, 0x19, 0x99, 0x99, 0x9b,
    0xff, 0xe9, 0x99, 0x99, 0x9d, 0xff, 0xd9, 0x99,
    0x99, 0x96, 0x3f, 0xff, 0xff, 0xff, 0xff, 0xff,
    0xff, 0xff, 0xff, 0xff, 0xff, 0xff, 0xff, 0xfa,
    0x2f, 0xff, 0xff, 0xff, 0xff, 0xff, 0xff, 0xff,
    0xff, 0xff, 0xff, 0xff, 0xff, 0xfa, 0x00, 0x00,
    0x00, 0x00, 0x00, 0x00, 0x00, 0x00, 0x00, 0x00,
    0x00, 0x00, 0x00, 0x00, 0x00, 0x00, 0x00, 0x00,
    0x00, 0x00, 0x00, 0x00, 0x00, 0x00, 0x00, 0x00,
    0x00, 0x00, 0x00, 0x00, 0x6f, 0xff, 0xff, 0xff,
    0xff, 0xff, 0xff, 0xff, 0xff, 0xfb, 0x00, 0x00,
    0x00, 0x00, 0x7f, 0xff, 0xff, 0xff, 0xff, 0xff,
    0xff, 0xff, 0xff, 0xfc, 0x00, 0x00, 0x00, 0x00,
    0x7f, 0xfa, 0x66, 0x66, 0x66, 0x66, 0x66, 0x66,
    0x8f, 0xfc, 0x00, 0x00, 0x00, 0x00, 0x7f, 0xf6,
    0x00, 0x00, 0x00, 0x00, 0x00, 0x00, 0x2f, 0xfc,
    0x00, 0x00, 0x00, 0x00, 0x7f, 0xf6, 0x00, 0x00,
    0x00, 0x00, 0x00, 0x00, 0x2f, 0xfc, 0x00, 0x00,
    0x00, 0x00, 0x7f, 0xff, 0xff, 0xff, 0xff, 0xff,
    0xff, 0xff, 0xff, 0xfc, 0x00, 0x00, 0x00, 0x00,
    0x7f, 0xff, 0xff, 0xff, 0xff, 0xff, 0xff, 0xff,
    0xff, 0xfc, 0x00, 0x00, 0x00, 0x00, 0x7f, 0xf8,
    0x44, 0x44, 0x44, 0x44, 0x44, 0x44, 0x6f, 0xfc,
    0x00, 0x00, 0x00, 0x00, 0x7f, 0xf6, 0x00, 0x00,
    0x00, 0x00, 0x00, 0x00, 0x2f, 0xfc, 0x00, 0x00,
    0x00, 0x00, 0x7f, 0xf6, 0x00, 0x00, 0x00, 0x00,
    0x00, 0x00, 0x2f, 0xfc, 0x00, 0x00, 0x00, 0x00,
    0x7f, 0xff, 0xff, 0xff, 0xff, 0xff, 0xff, 0xff,
    0xff, 0xfc, 0x00, 0x00, 0x00, 0x00, 0x7f, 0xff,
    0xff, 0xff, 0xff, 0xff, 0xff, 0xff, 0xff, 0xfc,
    0x00, 0x00, 0x00, 0x00, 0x7f, 0xfa, 0x66, 0x66,
    0x66, 0x66, 0x66, 0x66, 0x8f, 0xfc, 0x00, 0x00,
    0x00, 0x00, 0x00, 0x00, 0x00, 0x00, 0x00, 0x00,
    0x00, 0x00, 0x00, 0x00, 0x00, 0x00,

    /* U+9884 "预" */
    0x00, 0x00, 0x00, 0x00, 0x00, 0x00, 0x01, 0x11,
    0x11, 0x11, 0x11, 0x11, 0x11, 0x11, 0x00, 0xef,
    0xff, 0xff, 0xff, 0xff, 0xb1, 0xff, 0xff, 0xff,
    0xff, 0xff, 0xff, 0xff, 0xf1, 0x0f, 0xff, 0xff,
    0xff, 0xff, 0xff, 0x3f, 0xff, 0xff, 0xff, 0xff,
    0xff, 0xff, 0xff, 0x10, 0x78, 0x88, 0x88, 0x8c,
    0xff, 0x80, 0x66, 0x66, 0x66, 0xff, 0xf7, 0x66,
    0x66, 0x60, 0x00, 0x00, 0x00, 0x03, 0xff, 0xc0,
    0x00, 0x00, 0x00, 0x1f, 0xfd, 0x00, 0x00, 0x00,
    0x00, 0x01, 0x80, 0x01, 0xef, 0xe2, 0x00, 0x00,
    0x00, 0x04, 0xff, 0x80, 0x00, 0x00, 0x00, 0x00,
    0xcf, 0xe6, 0xdf, 0xf3, 0x00, 0x00, 0xef, 0xff,
    0xff, 0xff, 0xff, 0xff, 0xe0, 0x00, 0x1a, 0xff,
    0xff, 0xf4, 0x00, 0x00, 0x0f, 0xff, 0xff, 0xff,
    0xff, 0xff, 0xff, 0x00, 0x00, 0x05, 0xef, 0xff,
    0x60, 0x00, 0x00, 0xff, 0xea, 0xaa, 0xaa, 0xaa,
    0xff, 0xf0, 0x00, 0x00, 0x01, 0xaf, 0xff, 0xb1,
    0x00, 0x0f, 0xfa, 0x00, 0x00, 0x00, 0x0d, 0xff,
    0x00, 0x23, 0x33, 0x33, 0x9f, 0xfe, 0x44, 0x10,
    0xff, 0xa0, 0x09, 0x97, 0x00, 0xdf, 0xf0, 0x0d,
    0xff, 0xff, 0xff, 0xff, 0xff, 0xff, 0x2f, 0xfa,
    0x00, 0xff, 0xb0, 0x0d, 0xff, 0x00, 0xdf, 0xff,
    0xff, 0xff, 0xff, 0xff, 0xe0, 0xff, 0xa0, 0x0f,
    0xfb, 0x00, 0xdf, 0xf0, 0x04, 0x55, 0x56, 0xff,
    0xc5, 0x5d, 0xfa, 0x0f, 0xfa, 0x00, 0xff, 0xb0,
    0x0d, 0xff, 0x00, 0x00, 0x00, 0x1f, 0xfa, 0x00,
    0xff, 0x50, 0xff, 0xa0, 0x0f, 0xfb, 0x00, 0xdf,
    0xf0, 0x00, 0x00, 0x01, 0xff, 0xa0, 0x4f, 0xf0,
    0x0f, 0xfa, 0x00, 0xff, 0xb0, 0x0d, 0xff, 0x00,
    0x00, 0x00, 0x1f, 0xfa, 0x0a, 0xfa, 0x00, 0xff,
    0xa0, 0x0f, 0xfb, 0x00, 0xdf, 0xf0, 0x00, 0x00,
    0x01, 0xff, 0xa0, 0x8c, 0x40, 0x0f, 0xfa, 0x01,
    0xff, 0xa0, 0x0d, 0xff, 0x00, 0x00, 0x00, 0x1f,
    0xfa, 0x00, 0x00, 0x00, 0xff, 0xa0, 0x4f, 0xf8,
    0x00, 0xdf, 0xf0, 0x00, 0x00, 0x01, 0xff, 0xa0,
    0x00, 0x00, 0x0f, 0xfa, 0x09, 0xff, 0x40, 0x0d,
    0xff, 0x00, 0x00, 0x00, 0x1f, 0xfa, 0x00, 0x00,
    0x00, 0x77, 0x41, 0xff, 0xe0, 0x00, 0x45, 0x50,
    0x00, 0x00, 0x01, 0xff, 0xa0, 0x00, 0x00, 0x00,
    0x00, 0xcf, 0xf7, 0x2d, 0x90, 0x00, 0x00, 0x00,
    0x00, 0x1f, 0xfa, 0x00, 0x00, 0x00, 0x01, 0xbf,
    0xfc, 0x0c, 0xff, 0xd2, 0x00, 0x00, 0x00, 0x01,
    0xff, 0xa0, 0x00, 0x00, 0x05, 0xef, 0xfd, 0x10,
    0x1b, 0xff, 0xf4, 0x00, 0x05, 0x99, 0xbf, 0xf9,
    0x00, 0x01, 0x6d, 0xff, 0xfb, 0x10, 0x00, 0x09,
    0xff, 0xf7, 0x00, 0x3f, 0xff, 0xff, 0x60, 0x00,
    0x1d, 0xff, 0xe6, 0x00, 0x00, 0x00, 0x07, 0xff,
    0xd0, 0x00, 0xff, 0xfd, 0x80, 0x00, 0x00, 0x3c,
    0x60, 0x00, 0x00, 0x00, 0x00, 0x06, 0xd1, 0x00,
    0x00, 0x00, 0x00, 0x00, 0x00, 0x00, 0x00, 0x00,
    0x00, 0x00, 0x00, 0x00, 0x00, 0x00,

    /* U+98CE "风" */
    0x00, 0x00, 0x01, 0x10, 0x00, 0x00, 0x00, 0x00,
    0x00, 0x00, 0x01, 0x10, 0x00, 0x00, 0x00, 0x00,
    0x4f, 0xff, 0xff, 0xff, 0xff, 0xff, 0xff, 0xff,
    0xff, 0xff, 0xf5, 0x00, 0x00, 0x00, 0x04, 0xff,
    0xff, 0xff, 0xff, 0xff, 0xff, 0xff, 0xff, 0xff,
    0xff, 0x50, 0x00, 0x00, 0x00, 0x4f, 0xfe, 0xbb,
    0xbb, 0xbb, 0xbb, 0xbb, 0xbb, 0xbb, 0xdf, 0xf5,
    0x00, 0x00, 0x00, 0x04, 0xff, 0xa0, 0x00, 0x00,
    0x00, 0x00, 0x00, 0x00, 0x08, 0xff, 0x40, 0x00,
    0x00, 0x00, 0x4f, 0xfa, 0x00, 0x00, 0x00, 0x00,
    0x00, 0x40, 0x00, 0x8f, 0xf4, 0x00, 0x00, 0x00,
    0x04, 0xff, 0xa0, 0x01, 0x00, 0x00, 0x00, 0x2f,
    0xf6, 0x08, 0xff, 0x40, 0x00, 0x00, 0x00, 0x4f,
    0xfa, 0x19, 0xf8, 0x00, 0x00, 0x08, 0xff, 0x30,
    0x7f, 0xf4, 0x00, 0x00, 0x00, 0x04, 0xff, 0xa1,
    0xef, 0xf6, 0x00, 0x00, 0xef, 0xd0, 0x07, 0xff,
    0x40, 0x00, 0x00, 0x00, 0x4f, 0xfa, 0x03, 0xff,
    0xf3, 0x00, 0x6f, 0xf6, 0x00, 0x7f, 0xf4, 0x00,
    0x00, 0x00, 0x04, 0xff, 0xa0, 0x05, 0xff, 0xe1,
    0x0d, 0xff, 0x00, 0x07, 0xff, 0x40, 0x00, 0x00,
    0x00, 0x4f, 0xf9, 0x00, 0x09, 0xff, 0xc6, 0xff,
    0x80, 0x00, 0x7f, 0xf4, 0x00, 0x00, 0x00, 0x05,
    0xff, 0x90, 0x00, 0x0c, 0xff, 0xff, 0xf1, 0x00,
    0x06, 0xff, 0x40, 0x00, 0x00, 0x00, 0x6f, 0xf8,
    0x00, 0x00, 0x1e, 0xff, 0xf8, 0x00, 0x00, 0x6f,
    0xf4, 0x00, 0x00, 0x00, 0x07, 0xff, 0x70, 0x00,
    0x00, 0x6f, 0xff, 0x40, 0x00, 0x06, 0xff, 0x50,
    0x00, 0x00, 0x00, 0x8f, 0xf5, 0x00, 0x00, 0x0c,
    0xff, 0xfd, 0x00, 0x00, 0x5f, 0xf5, 0x00, 0x00,
    0x00, 0x0a, 0xff, 0x30, 0x00, 0x07, 0xff, 0xff,
    0xf9, 0x00, 0x05, 0xff, 0x60, 0x00, 0x00, 0x00,
    0xdf, 0xf1, 0x00, 0x04, 0xff, 0xf6, 0xff, 0xf5,
    0x00, 0x4f, 0xf6, 0x00, 0x00, 0x00, 0x0f, 0xfe,
    0x00, 0x02, 0xff, 0xf7, 0x07, 0xff, 0xe1, 0x03,
    0xff, 0x70, 0x00, 0x00, 0x03, 0xff, 0xb0, 0x02,
    0xef, 0xfb, 0x00, 0x0c, 0xff, 0xa0, 0x1f, 0xf8,
    0x01, 0x00, 0x00, 0x7f, 0xf8, 0x03, 0xef, 0xfd,
    0x10, 0x00, 0x2f, 0xff, 0x50, 0xff, 0xa0, 0x56,
    0x00, 0x0c, 0xff, 0x34, 0xff, 0xfe, 0x20, 0x00,
    0x00, 0x8f, 0xfd, 0x0e, 0xfc, 0x06, 0xf4, 0x03,
    0xff, 0xe0, 0x0c, 0xfe, 0x20, 0x00, 0x00, 0x00,
    0xec, 0x20, 0xbf, 0xf0, 0x7f, 0x60, 0xaf, 0xf9,
    0x00, 0x09, 0x10, 0x00, 0x00, 0x00, 0x02, 0x00,
    0x07, 0xff, 0x6a, 0xf4, 0x3f, 0xff, 0x20, 0x00,
    0x00, 0x00, 0x00, 0x00, 0x00, 0x00, 0x00, 0x2f,
    0xff, 0xff, 0x18, 0xff, 0xb0, 0x00, 0x00, 0x00,
    0x00, 0x00, 0x00, 0x00, 0x00, 0x00, 0xaf, 0xff,
    0xd0, 0x06, 0xf2, 0x00, 0x00, 0x00, 0x00, 0x00,
    0x00, 0x00, 0x00, 0x00, 0x00, 0xaf, 0xe3, 0x00,
    0x02, 0x00, 0x00, 0x00, 0x00, 0x00, 0x00, 0x00,
    0x00, 0x00, 0x00, 0x00, 0x00, 0x00,

    /* U+9AA4 "骤" */
    0x00, 0x00, 0x00, 0x00, 0x10, 0x02, 0x33, 0x33,
    0x33, 0x33, 0x00, 0x00, 0x00, 0x00, 0x00, 0x7f,
    0xff, 0xff, 0xff, 0xf3, 0x9f, 0xff, 0xff, 0xff,
    0xf3, 0x9d, 0xdd, 0xdf, 0xc1, 0x07, 0xff, 0xff,
    0xff, 0xff, 0x36, 0xdf, 0xfc, 0xcf, 0xfd, 0x2b,
    0xff, 0xff, 0xff, 0x00, 0x26, 0x66, 0x66, 0x8f,
    0xf2, 0x04, 0xfc, 0x00, 0xdf, 0x30, 0x24, 0x44,
    0xaf, 0xb0, 0x00, 0x00, 0x00, 0x04, 0xff, 0x10,
    0x4f, 0xff, 0xff, 0xf3, 0x04, 0xa0, 0x0d, 0xf6,
    0x00, 0x01, 0x66, 0x10, 0x6f, 0xf0, 0x04, 0xfe,
    0xaa, 0xff, 0x31, 0xef, 0xa4, 0xff, 0x10, 0x00,
    0x3f, 0xf2, 0x07, 0xfe, 0x00, 0x4f, 0xc0, 0x0d,
    0xf3, 0x03, 0xff, 0xff, 0xb0, 0x00, 0x04, 0xff,
    0x10, 0x8f, 0xd0, 0x04, 0xff, 0xff, 0xff, 0x30,
    0x04, 0xff, 0xf3, 0x00, 0x00, 0x5f, 0xf0, 0x09,
    0xfc, 0x00, 0x4f, 0xe9, 0x9f, 0xf3, 0x00, 0x3f,
    0xff, 0x70, 0x00, 0x06, 0xff, 0x00, 0xbf, 0xa0,
    0x04, 0xfc, 0x00, 0xef, 0x91, 0x2e, 0xff, 0xff,
    0x40, 0x00, 0x8f, 0xd0, 0x0c, 0xf9, 0x05, 0xaf,
    0xfe, 0xff, 0xff, 0x9f, 0xff, 0x4a, 0xff, 0x20,
    0x09, 0xfc, 0x00, 0xef, 0x70, 0xcf, 0xff, 0xfe,
    0xff, 0x87, 0xff, 0x50, 0x0d, 0xd1, 0x00, 0xbf,
    0xa0, 0x0f, 0xf6, 0x06, 0x96, 0x41, 0x0d, 0xf3,
    0x07, 0x30, 0x20, 0x21, 0x00, 0x0c, 0xfb, 0x56,
    0xff, 0x84, 0x10, 0x00, 0x00, 0x68, 0x78, 0xad,
    0xff, 0xc2, 0x00, 0x00, 0xef, 0xff, 0xff, 0xff,
    0xf6, 0x1c, 0xdf, 0xff, 0xff, 0xff, 0xff, 0xb8,
    0x30, 0x00, 0x0f, 0xff, 0xff, 0xff, 0xff, 0x50,
    0xdf, 0xff, 0xde, 0xff, 0x52, 0x00, 0x00, 0x00,
    0x00, 0x00, 0x00, 0x00, 0x2f, 0xf4, 0x02, 0x11,
    0x10, 0xbf, 0xf0, 0x00, 0x09, 0x70, 0x00, 0x00,
    0x00, 0x00, 0x03, 0xff, 0x20, 0x02, 0xef, 0x8b,
    0xff, 0x00, 0x3d, 0xff, 0x60, 0x00, 0x00, 0x02,
    0x57, 0x5f, 0xf1, 0x07, 0xff, 0xc1, 0xbf, 0xf4,
    0x9f, 0xfe, 0x60, 0x00, 0x47, 0xbe, 0xff, 0xe6,
    0xff, 0x3d, 0xff, 0xa0, 0x0b, 0xff, 0xff, 0xf9,
    0x10, 0x00, 0x2f, 0xff, 0xff, 0xc8, 0x8f, 0xe0,
    0x8f, 0x60, 0x65, 0xcf, 0xff, 0xf4, 0x00, 0x00,
    0x00, 0xec, 0x84, 0x00, 0x0a, 0xfd, 0x00, 0x00,
    0x7f, 0xff, 0xff, 0xdf, 0xf6, 0x00, 0x00, 0x00,
    0x00, 0x00, 0x00, 0xcf, 0xb0, 0x01, 0xaf, 0xf8,
    0xbf, 0xf1, 0xbf, 0xfd, 0x50, 0x00, 0x00, 0x00,
    0x00, 0x1f, 0xf8, 0x06, 0xef, 0xf7, 0x0b, 0xff,
    0x00, 0x7f, 0xff, 0xe4, 0x00, 0x01, 0x43, 0x39,
    0xff, 0x44, 0xff, 0xe4, 0x00, 0xbf, 0xf0, 0x00,
    0x2a, 0xfa, 0x00, 0x00, 0x0e, 0xff, 0xff, 0xd0,
    0x03, 0x91, 0x00, 0x0b, 0xff, 0x00, 0x00, 0x02,
    0x10, 0x00, 0x00, 0x9f, 0xfe, 0xb2, 0x00, 0x00,
    0x00, 0x00, 0xbf, 0xf0, 0x00, 0x00, 0x00, 0x00,

    /* U+9F99 "龙" */
    0x00, 0x00, 0x00, 0x00, 0x00, 0x58, 0x72, 0x00,
    0x00, 0x00, 0x00, 0x00, 0x00, 0x00, 0x00, 0x00,
    0x00, 0x00, 0x00, 0x0a, 0xff, 0x50, 0x00, 0x07,
    0xc2, 0x00, 0x00, 0x00, 0x00, 0x00, 0x00, 0x00,
    0x00, 0x00, 0xbf, 0xf4, 0x00, 0x05, 0xff, 0xf5,
    0x00, 0x00, 0x00, 0x00, 0x00, 0x00, 0x00, 0x00,
    0x0c, 0xff, 0x30, 0x00, 0x06, 0xff, 0xf9, 0x00,
    0x00, 0x00, 0x00, 0x00, 0x00, 0x00, 0x00, 0xcf,
    0xf2, 0x00, 0x00, 0x03, 0xef, 0xfc, 0x10, 0x00,
    0x00, 0x00, 0x00, 0x00, 0x00, 0x0e, 0xff, 0x10,
    0x00, 0x00, 0x01, 0xcf, 0xf5, 0x00, 0x00, 0x00,
    0x00, 0x00, 0x00, 0x00, 0xff, 0xf0, 0x00, 0x00,
    0x00, 0x00, 0xa4, 0x00, 0x00, 0x00, 0x79, 0x99,
    0x99, 0x99, 0x9f, 0xff, 0x99, 0x99, 0x99, 0x99,
    0x99, 0x99, 0x99, 0x90, 0x0c, 0xff, 0xff, 0xff,
    0xff, 0xff, 0xff, 0xff, 0xff, 0xff, 0xff, 0xff,
    0xff, 0xff, 0x10, 0xcf, 0xff, 0xff, 0xff, 0xff,
    0xff, 0xff, 0xff, 0xff, 0xff, 0xff, 0xff, 0xff,
    0xf1, 0x00, 0x11, 0x11, 0x11, 0x17, 0xff, 0x81,
    0x1b, 0xff, 0x41, 0x11, 0x11, 0x11, 0x11, 0x00,
    0x00, 0x00, 0x00, 0x00, 0x8f, 0xf5, 0x00, 0xaf,
    0xf3, 0x00, 0x00, 0x14, 0x00, 0x00, 0x00, 0x00,
    0x00, 0x00, 0x0b, 0xff, 0x20, 0x0a, 0xff, 0x30,
    0x00, 0x09, 0xfd, 0x30, 0x00, 0x00, 0x00, 0x00,
    0x00, 0xff, 0xf0, 0x00, 0xaf, 0xf3, 0x00, 0x03,
    0xff, 0xf1, 0x00, 0x00, 0x00, 0x00, 0x00, 0x3f,
    0xfc, 0x00, 0x0a, 0xff, 0x30, 0x00, 0xdf, 0xf7,
    0x00, 0x00, 0x00, 0x00, 0x00, 0x08, 0xff, 0x80,
    0x00, 0xaf, 0xf3, 0x00, 0x9f, 0xfc, 0x00, 0x00,
    0x00, 0x00, 0x00, 0x00, 0xdf, 0xf3, 0x00, 0x0a,
    0xff, 0x30, 0x6f, 0xff, 0x20, 0x00, 0x00, 0x00,
    0x00, 0x00, 0x3f, 0xfe, 0x00, 0x00, 0xaf, 0xf3,
    0x4f, 0xff, 0x50, 0x00, 0x00, 0x00, 0x00, 0x00,
    0x0a, 0xff, 0x80, 0x00, 0x0a, 0xff, 0x7f, 0xff,
    0x80, 0x00, 0x00, 0x00, 0x00, 0x00, 0x03, 0xff,
    0xf2, 0x00, 0x00, 0xaf, 0xff, 0xff, 0xa0, 0x00,
    0x00, 0x00, 0x00, 0x00, 0x00, 0xcf, 0xfa, 0x00,
    0x00, 0x0a, 0xff, 0xff, 0xa0, 0x00, 0x00, 0x00,
    0x00, 0x00, 0x00, 0x8f, 0xff, 0x20, 0x00, 0x01,
    0xdf, 0xff, 0x90, 0x00, 0x00, 0x02, 0x00, 0x00,
    0x00, 0x5f, 0xff, 0x70, 0x00, 0x04, 0xef, 0xff,
    0x80, 0x00, 0x00, 0x00, 0xfb, 0x40, 0x00, 0x6f,
    0xff, 0xc0, 0x00, 0x1a, 0xff, 0xff, 0xf3, 0x00,
    0x00, 0x00, 0x1f, 0xf9, 0x00, 0x9f, 0xff, 0xe1,
    0x01, 0x9f, 0xff, 0xff, 0xff, 0x60, 0x00, 0x00,
    0x06, 0xff, 0x62, 0xef, 0xff, 0xe2, 0x00, 0x5f,
    0xff, 0xf7, 0x7f, 0xff, 0xff, 0xff, 0xff, 0xff,
    0xf2, 0x08, 0xff, 0xd1, 0x00, 0x00, 0x6f, 0x91,
    0x01, 0xef, 0xff, 0xff, 0xff, 0xff, 0xfa, 0x00,
    0x0a, 0x90, 0x00, 0x00, 0x00, 0x10, 0x00, 0x01,
    0x7a, 0xab, 0xbb, 0xbb, 0xa6, 0x00, 0x00, 0x00,
    0x00, 0x00, 0x00, 0x00, 0x00, 0x00, 0x00, 0x00,
    0x00, 0x00, 0x00, 0x00, 0x00,

    /* U+FF0C "，" */
    0x00, 0x01, 0x10, 0x00, 0x1c, 0xff, 0x80, 0x09,
    0xff, 0xff, 0x40, 0xbf, 0xff, 0xf9, 0x06, 0xff,
    0xff, 0xa0, 0x04, 0x9e, 0xfa, 0x00, 0x00, 0xff,
    0x60, 0x00, 0x8f, 0xf1, 0x00, 0x7f, 0xf8, 0x04,
    0xdf, 0xfa, 0x00, 0x4f, 0xf7, 0x00, 0x00, 0x71,
    0x00, 0x00,

    /* U+FF1F "？" */
    0x00, 0x00, 0x38, 0xbd, 0xca, 0x50, 0x00, 0x00,
    0x1a, 0xff, 0xff, 0xff, 0xfd, 0x20, 0x03, 0xef,
    0xff, 0xff, 0xff, 0xff, 0xe1, 0x0b, 0xff, 0xe6,
    0x10, 0x2a, 0xff, 0xf8, 0x01, 0xcb, 0x00, 0x00,
    0x00, 0xcf, 0xfd, 0x00, 0x00, 0x00, 0x00, 0x00,
    0x6f, 0xfe, 0x00, 0x00, 0x00, 0x00, 0x00, 0x6f,
    0xfe, 0x00, 0x00, 0x00, 0x00, 0x00, 0xcf, 0xfa,
    0x00, 0x00, 0x00, 0x00, 0x08, 0xff, 0xf2, 0x00,
    0x00, 0x00, 0x00, 0x8f, 0xff, 0x40, 0x00, 0x00,
    0x00, 0x08, 0xff, 0xf4, 0x00, 0x00, 0x00, 0x00,
    0x6f, 0xff, 0x40, 0x00, 0x00, 0x00, 0x01, 0xff,
    0xf6, 0x00, 0x00, 0x00, 0x00, 0x05, 0xff, 0xd0,
    0x00, 0x00, 0x00, 0x00, 0x07, 0xff, 0x90, 0x00,
    0x00, 0x00, 0x00, 0x04, 0x99, 0x50, 0x00, 0x00,
    0x00, 0x00, 0x00, 0x00, 0x00, 0x00, 0x00, 0x00,
    0x00, 0x00, 0x00, 0x00, 0x00, 0x00, 0x00, 0x00,
    0x00, 0x45, 0x00, 0x00, 0x00, 0x00, 0x00, 0x0a,
    0xff, 0xd0, 0x00, 0x00, 0x00, 0x00, 0x0f, 0xff,
    0xf5, 0x00, 0x00, 0x00, 0x00, 0x0f, 0xff, 0xf4,
    0x00, 0x00, 0x00, 0x00, 0x06, 0xff, 0xa0, 0x00,
    0x00, 0x00, 0x00, 0x00, 0x01, 0x00, 0x00, 0x00
};

/*---------------------
 *  GLYPH DESCRIPTION
 *--------------------*/

static const lv_font_fmt_txt_glyph_dsc_t glyph_dsc[] = {
    {.bitmap_index = 0, .adv_w = 0, .box_w = 0, .box_h = 0, .ofs_x = 0, .ofs_y = 0} /* id = 0 reserved */,
    {.bitmap_index = 0, .adv_w = 108, .box_w = 0, .box_h = 0, .ofs_x = 0, .ofs_y = 0},
    {.bitmap_index = 0, .adv_w = 165, .box_w = 6, .box_h = 23, .ofs_x = 2, .ofs_y = 0},
    {.bitmap_index = 69, .adv_w = 249, .box_w = 11, .box_h = 10, .ofs_x = 2, .ofs_y = 14},
    {.bitmap_index = 124, .adv_w = 274, .box_w = 16, .box_h = 22, .ofs_x = 1, .ofs_y = 0},
    {.bitmap_index = 300, .adv_w = 274, .box_w = 15, .box_h = 30, .ofs_x = 1, .ofs_y = -4},
    {.bitmap_index = 525, .adv_w = 451, .box_w = 27, .box_h = 22, .ofs_x = 1, .ofs_y = 0},
    {.bitmap_index = 822, .adv_w = 339, .box_w = 20, .box_h = 22, .ofs_x = 1, .ofs_y = 0},
    {.bitmap_index = 1042, .adv_w = 143, .box_w = 5, .box_h = 10, .ofs_x = 2, .ofs_y = 14},
    {.bitmap_index = 1067, .adv_w = 171, .box_w = 8, .box_h = 31, .ofs_x = 2, .ofs_y = -6},
    {.bitmap_index = 1191, .adv_w = 171, .box_w = 8, .box_h = 31, .ofs_x = 1, .ofs_y = -6},
    {.bitmap_index = 1315, .adv_w = 232, .box_w = 12, .box_h = 11, .ofs_x = 1, .ofs_y = 13},
    {.bitmap_index = 1381, .adv_w = 274, .box_w = 15, .box_h = 16, .ofs_x = 1, .ofs_y = 3},
    {.bitmap_index = 1501, .adv_w = 143, .box_w = 7, .box_h = 12, .ofs_x = 1, .ofs_y = -7},
    {.bitmap_index = 1543, .adv_w = 171, .box_w = 9, .box_h = 3, .ofs_x = 1, .ofs_y = 7},
    {.bitmap_index = 1557, .adv_w = 143, .box_w = 5, .box_h = 5, .ofs_x = 2, .ofs_y = 0},
    {.bitmap_index = 1570, .adv_w = 187, .box_w = 12, .box_h = 30, .ofs_x = 0, .ofs_y = -6},
    {.bitmap_index = 1750, .adv_w = 274, .box_w = 15, .box_h = 22, .ofs_x = 1, .ofs_y = 0},
    {.bitmap_index = 1915, .adv_w = 274, .box_w = 14, .box_h = 22, .ofs_x = 2, .ofs_y = 0},
    {.bitmap_index = 2069, .adv_w = 274, .box_w = 15, .box_h = 22, .ofs_x = 1, .ofs_y = 0},
    {.bitmap_index = 2234, .adv_w = 274, .box_w = 16, .box_h = 22, .ofs_x = 0, .ofs_y = 0},
    {.bitmap_index = 2410, .adv_w = 274, .box_w = 17, .box_h = 22, .ofs_x = 0, .ofs_y = 0},
    {.bitmap_index = 2597, .adv_w = 274, .box_w = 16, .box_h = 22, .ofs_x = 0, .ofs_y = 0},
    {.bitmap_index = 2773, .adv_w = 274, .box_w = 15, .box_h = 22, .ofs_x = 1, .ofs_y = 0},
    {.bitmap_index = 2938, .adv_w = 274, .box_w = 15, .box_h = 22, .ofs_x = 1, .ofs_y = 0},
    {.bitmap_index = 3103, .adv_w = 274, .box_w = 15, .box_h = 22, .ofs_x = 1, .ofs_y = 0},
    {.bitmap_index = 3268, .adv_w = 274, .box_w = 15, .box_h = 22, .ofs_x = 1, .ofs_y = 0},
    {.bitmap_index = 3433, .adv_w = 143, .box_w = 5, .box_h = 17, .ofs_x = 2, .ofs_y = 0},
    {.bitmap_index = 3476, .adv_w = 143, .box_w = 7, .box_h = 24, .ofs_x = 1, .ofs_y = -7},
    {.bitmap_index = 3560, .adv_w = 274, .box_w = 15, .box_h = 15, .ofs_x = 1, .ofs_y = 4},
    {.bitmap_index = 3673, .adv_w = 274, .box_w = 15, .box_h = 10, .ofs_x = 1, .ofs_y = 7},
    {.bitmap_index = 3748, .adv_w = 274, .box_w = 15, .box_h = 15, .ofs_x = 1, .ofs_y = 4},
    {.bitmap_index = 3861, .adv_w = 236, .box_w = 13, .box_h = 24, .ofs_x = 1, .ofs_y = 0},
    {.bitmap_index = 4017, .adv_w = 467, .box_w = 27, .box_h = 28, .ofs_x = 1, .ofs_y = -6},
    {.bitmap_index = 4395, .adv_w = 299, .box_w = 19, .box_h = 22, .ofs_x = 0, .ofs_y = 0},
    {.bitmap_index = 4604, .adv_w = 320, .box_w = 17, .box_h = 22, .ofs_x = 2, .ofs_y = 0},
    {.bitmap_index = 4791, .adv_w = 310, .box_w = 18, .box_h = 22, .ofs_x = 1, .ofs_y = 0},
    {.bitmap_index = 4989, .adv_w = 336, .box_w = 18, .box_h = 22, .ofs_x = 2, .ofs_y = 0},
    {.bitmap_index = 5187, .adv_w = 288, .box_w = 15, .box_h = 22, .ofs_x = 2, .ofs_y = 0},
    {.bitmap_index = 5352, .adv_w = 272, .box_w = 14, .box_h = 22, .ofs_x = 2, .ofs_y = 0},
    {.bitmap_index = 5506, .adv_w = 336, .box_w = 18, .box_h = 22, .ofs_x = 1, .ofs_y = 0},
    {.bitmap_index = 5704, .adv_w = 356, .box_w = 18, .box_h = 22, .ofs_x = 2, .ofs_y = 0},
    {.bitmap_index = 5902, .adv_w = 148, .box_w = 5, .box_h = 22, .ofs_x = 2, .ofs_y = 0},
    {.bitmap_index = 5957, .adv_w = 264, .box_w = 14, .box_h = 22, .ofs_x = 0, .ofs_y = 0},
    {.bitmap_index = 6111, .adv_w = 319, .box_w = 18, .box_h = 22, .ofs_x = 2, .ofs_y = 0},
    {.bitmap_index = 6309, .adv_w = 268, .box_w = 14, .box_h = 22, .ofs_x = 2, .ofs_y = 0},
    {.bitmap_index = 6463, .adv_w = 398, .box_w = 21, .box_h = 22, .ofs_x = 2, .ofs_y = 0},
    {.bitmap_index = 6694, .adv_w = 352, .box_w = 18, .box_h = 22, .ofs_x = 2, .ofs_y = 0},
    {.bitmap_index = 6892, .adv_w = 362, .box_w = 20, .box_h = 22, .ofs_x = 1, .ofs_y = 0},
    {.bitmap_index = 7112, .adv_w = 311, .box_w = 17, .box_h = 22, .ofs_x = 2, .ofs_y = 0},
    {.bitmap_index = 7299, .adv_w = 362, .box_w = 21, .box_h = 27, .ofs_x = 1, .ofs_y = -5},
    {.bitmap_index = 7583, .adv_w = 315, .box_w = 17, .box_h = 22, .ofs_x = 2, .ofs_y = 0},
    {.bitmap_index = 7770, .adv_w = 292, .box_w = 16, .box_h = 22, .ofs_x = 1, .ofs_y = 0},
    {.bitmap_index = 7946, .adv_w = 293, .box_w = 18, .box_h = 22, .ofs_x = 0, .ofs_y = 0},
    {.bitmap_index = 8144, .adv_w = 352, .box_w = 18, .box_h = 22, .ofs_x = 2, .ofs_y = 0},
    {.bitmap_index = 8342, .adv_w = 285, .box_w = 19, .box_h = 22, .ofs_x = -1, .ofs_y = 0},
    {.bitmap_index = 8551, .adv_w = 429, .box_w = 27, .box_h = 22, .ofs_x = 0, .ofs_y = 0},
    {.bitmap_index = 8848, .adv_w = 286, .box_w = 18, .box_h = 22, .ofs_x = 0, .ofs_y = 0},
    {.bitmap_index = 9046, .adv_w = 265, .box_w = 18, .box_h = 22, .ofs_x = -1, .ofs_y = 0},
    {.bitmap_index = 9244, .adv_w = 291, .box_w = 16, .box_h = 22, .ofs_x = 1, .ofs_y = 0},
    {.bitmap_index = 9420, .adv_w = 171, .box_w = 7, .box_h = 29, .ofs_x = 3, .ofs_y = -5},
    {.bitmap_index = 9522, .adv_w = 187, .box_w = 12, .box_h = 30, .ofs_x = 0, .ofs_y = -6},
    {.bitmap_index = 9702, .adv_w = 171, .box_w = 7, .box_h = 29, .ofs_x = 1, .ofs_y = -5},
    {.bitmap_index = 9804, .adv_w = 274, .box_w = 15, .box_h = 13, .ofs_x = 1, .ofs_y = 10},
    {.bitmap_index = 9902, .adv_w = 270, .box_w = 17, .box_h = 3, .ofs_x = 0, .ofs_y = -4},
    {.bitmap_index = 9928, .adv_w = 295, .box_w = 9, .box_h = 8, .ofs_x = 3, .ofs_y = 19},
    {.bitmap_index = 9964, .adv_w = 276, .box_w = 14, .box_h = 17, .ofs_x = 1, .ofs_y = 0},
    {.bitmap_index = 10083, .adv_w = 302, .box_w = 16, .box_h = 24, .ofs_x = 2, .ofs_y = 0},
    {.bitmap_index = 10275, .adv_w = 248, .box_w = 14, .box_h = 17, .ofs_x = 1, .ofs_y = 0},
    {.bitmap_index = 10394, .adv_w = 302, .box_w = 16, .box_h = 24, .ofs_x = 1, .ofs_y = 0},
    {.bitmap_index = 10586, .adv_w = 272, .box_w = 15, .box_h = 17, .ofs_x = 1, .ofs_y = 0},
    {.bitmap_index = 10714, .adv_w = 166, .box_w = 12, .box_h = 24, .ofs_x = 0, .ofs_y = 0},
    {.bitmap_index = 10858, .adv_w = 277, .box_w = 16, .box_h = 24, .ofs_x = 1, .ofs_y = -7},
    {.bitmap_index = 11050, .adv_w = 298, .box_w = 15, .box_h = 24, .ofs_x = 2, .ofs_y = 0},
    {.bitmap_index = 11230, .adv_w = 138, .box_w = 5, .box_h = 24, .ofs_x = 2, .ofs_y = 0},
    {.bitmap_index = 11290, .adv_w = 139, .box_w = 9, .box_h = 31, .ofs_x = -2, .ofs_y = -7},
    {.bitmap_index = 11430, .adv_w = 276, .box_w = 15, .box_h = 24, .ofs_x = 2, .ofs_y = 0},
    {.bitmap_index = 11610, .adv_w = 143, .box_w = 6, .box_h = 24, .ofs_x = 2, .ofs_y = 0},
    {.bitmap_index = 11682, .adv_w = 453, .box_w = 24, .box_h = 17, .ofs_x = 2, .ofs_y = 0},
    {.bitmap_index = 11886, .adv_w = 300, .box_w = 15, .box_h = 17, .ofs_x = 2, .ofs_y = 0},
    {.bitmap_index = 12014, .adv_w = 295, .box_w = 16, .box_h = 17, .ofs_x = 1, .ofs_y = 0},
    {.bitmap_index = 12150, .adv_w = 302, .box_w = 16, .box_h = 24, .ofs_x = 2, .ofs_y = -7},
    {.bitmap_index = 12342, .adv_w = 302, .box_w = 16, .box_h = 24, .ofs_x = 1, .ofs_y = -7},
    {.bitmap_index = 12534, .adv_w = 196, .box_w = 11, .box_h = 17, .ofs_x = 2, .ofs_y = 0},
    {.bitmap_index = 12628, .adv_w = 230, .box_w = 14, .box_h = 17, .ofs_x = 0, .ofs_y = 0},
    {.bitmap_index = 12747, .adv_w = 190, .box_w = 12, .box_h = 22, .ofs_x = 0, .ofs_y = 0},
    {.bitmap_index = 12879, .adv_w = 298, .box_w = 15, .box_h = 17, .ofs_x = 2, .ofs_y = 0},
    {.bitmap_index = 13007, .adv_w = 262, .box_w = 16, .box_h = 17, .ofs_x = 0, .ofs_y = 0},
    {.bitmap_index = 13143, .adv_w = 398, .box_w = 25, .box_h = 17, .ofs_x = 0, .ofs_y = 0},
    {.bitmap_index = 13356, .adv_w = 252, .box_w = 16, .box_h = 17, .ofs_x = 0, .ofs_y = 0},
    {.bitmap_index = 13492, .adv_w = 261, .box_w = 16, .box_h = 24, .ofs_x = 0, .ofs_y = -7},
    {.bitmap_index = 13684, .adv_w = 236, .box_w = 13, .box_h = 17, .ofs_x = 1, .ofs_y = 0},
    {.bitmap_index = 13795, .adv_w = 171, .box_w = 9, .box_h = 29, .ofs_x = 1, .ofs_y = -5},
    {.bitmap_index = 13926, .adv_w = 135, .box_w = 3, .box_h = 34, .ofs_x = 3, .ofs_y = -8},
    {.bitmap_index = 13977, .adv_w = 171, .box_w = 9, .box_h = 29, .ofs_x = 1, .ofs_y = -5},
    {.bitmap_index = 14108, .adv_w = 274, .box_w = 15, .box_h = 6, .ofs_x = 1, .ofs_y = 9},
    {.bitmap_index = 14153, .adv_w = 480, .box_w = 26, .box_h = 26, .ofs_x = 2, .ofs_y = -2},
    {.bitmap_index = 14491, .adv_w = 480, .box_w = 10, .box_h = 10, .ofs_x = 1, .ofs_y = -2},
    {.bitmap_index = 14541, .adv_w = 480, .box_w = 28, .box_h = 4, .ofs_x = 1, .ofs_y = 10},
    {.bitmap_index = 14597, .adv_w = 480, .box_w = 28, .box_h = 27, .ofs_x = 1, .ofs_y = -2},
    {.bitmap_index = 14975, .adv_w = 480, .box_w = 28, .box_h = 24, .ofs_x = 1, .ofs_y = -1},
    {.bitmap_index = 15311, .adv_w = 480, .box_w = 28, .box_h = 27, .ofs_x = 1, .ofs_y = -2},
    {.bitmap_index = 15689, .adv_w = 480, .box_w = 28, .box_h = 26, .ofs_x = 1, .ofs_y = -2},
    {.bitmap_index = 16053, .adv_w = 480, .box_w = 28, .box_h = 28, .ofs_x = 1, .ofs_y = -2},
    {.bitmap_index = 16445, .adv_w = 480, .box_w = 30, .box_h = 28, .ofs_x = 0, .ofs_y = -3},
    {.bitmap_index = 16865, .adv_w = 480, .box_w = 28, .box_h = 22, .ofs_x = 1, .ofs_y = 0},
    {.bitmap_index = 17173, .adv_w = 480, .box_w = 28, .box_h = 27, .ofs_x = 1, .ofs_y = -3},
    {.bitmap_index = 17551, .adv_w = 480, .box_w = 28, .box_h = 27, .ofs_x = 1, .ofs_y = -3},
    {.bitmap_index = 17929, .adv_w = 480, .box_w = 28, .box_h = 25, .ofs_x = 1, .ofs_y = -2},
    {.bitmap_index = 18279, .adv_w = 480, .box_w = 28, .box_h = 25, .ofs_x = 1, .ofs_y = -1},
    {.bitmap_index = 18629, .adv_w = 480, .box_w = 28, .box_h = 29, .ofs_x = 1, .ofs_y = -3},
    {.bitmap_index = 19035, .adv_w = 480, .box_w = 30, .box_h = 29, .ofs_x = 0, .ofs_y = -3},
    {.bitmap_index = 19470, .adv_w = 480, .box_w = 28, .box_h = 27, .ofs_x = 1, .ofs_y = -2},
    {.bitmap_index = 19848, .adv_w = 480, .box_w = 28, .box_h = 28, .ofs_x = 1, .ofs_y = -2},
    {.bitmap_index = 20240, .adv_w = 480, .box_w = 30, .box_h = 28, .ofs_x = 0, .ofs_y = -2},
    {.bitmap_index = 20660, .adv_w = 480, .box_w = 29, .box_h = 29, .ofs_x = 0, .ofs_y = -3},
    {.bitmap_index = 21081, .adv_w = 480, .box_w = 30, .box_h = 29, .ofs_x = 0, .ofs_y = -3},
    {.bitmap_index = 21516, .adv_w = 480, .box_w = 29, .box_h = 29, .ofs_x = 0, .ofs_y = -3},
    {.bitmap_index = 21937, .adv_w = 480, .box_w = 30, .box_h = 29, .ofs_x = 0, .ofs_y = -3},
    {.bitmap_index = 22372, .adv_w = 480, .box_w = 29, .box_h = 29, .ofs_x = 0, .ofs_y = -3},
    {.bitmap_index = 22793, .adv_w = 480, .box_w = 30, .box_h = 28, .ofs_x = 0, .ofs_y = -2},
    {.bitmap_index = 23213, .adv_w = 480, .box_w = 30, .box_h = 27, .ofs_x = 0, .ofs_y = -3},
    {.bitmap_index = 23618, .adv_w = 480, .box_w = 28, .box_h = 29, .ofs_x = 1, .ofs_y = -3},
    {.bitmap_index = 24024, .adv_w = 480, .box_w = 29, .box_h = 29, .ofs_x = 1, .ofs_y = -3},
    {.bitmap_index = 24445, .adv_w = 480, .box_w = 26, .box_h = 28, .ofs_x = 2, .ofs_y = -2},
    {.bitmap_index = 24809, .adv_w = 480, .box_w = 26, .box_h = 28, .ofs_x = 2, .ofs_y = -2},
    {.bitmap_index = 25173, .adv_w = 480, .box_w = 27, .box_h = 28, .ofs_x = 1, .ofs_y = -2},
    {.bitmap_index = 25551, .adv_w = 480, .box_w = 28, .box_h = 29, .ofs_x = 0, .ofs_y = -3},
    {.bitmap_index = 25957, .adv_w = 480, .box_w = 28, .box_h = 28, .ofs_x = 1, .ofs_y = -3},
    {.bitmap_index = 26349, .adv_w = 480, .box_w = 29, .box_h = 29, .ofs_x = 0, .ofs_y = -3},
    {.bitmap_index = 26770, .adv_w = 480, .box_w = 28, .box_h = 28, .ofs_x = 1, .ofs_y = -2},
    {.bitmap_index = 27162, .adv_w = 480, .box_w = 28, .box_h = 28, .ofs_x = 1, .ofs_y = -2},
    {.bitmap_index = 27554, .adv_w = 480, .box_w = 29, .box_h = 28, .ofs_x = 1, .ofs_y = -2},
    {.bitmap_index = 27960, .adv_w = 480, .box_w = 28, .box_h = 27, .ofs_x = 1, .ofs_y = -3},
    {.bitmap_index = 28338, .adv_w = 480, .box_w = 30, .box_h = 27, .ofs_x = 0, .ofs_y = -3},
    {.bitmap_index = 28743, .adv_w = 480, .box_w = 28, .box_h = 27, .ofs_x = 1, .ofs_y = -3},
    {.bitmap_index = 29121, .adv_w = 480, .box_w = 28, .box_h = 27, .ofs_x = 1, .ofs_y = -3},
    {.bitmap_index = 29499, .adv_w = 480, .box_w = 26, .box_h = 26, .ofs_x = 2, .ofs_y = -2},
    {.bitmap_index = 29837, .adv_w = 480, .box_w = 29, .box_h = 29, .ofs_x = 0, .ofs_y = -3},
    {.bitmap_index = 30258, .adv_w = 480, .box_w = 26, .box_h = 29, .ofs_x = 2, .ofs_y = -3},
    {.bitmap_index = 30635, .adv_w = 480, .box_w = 27, .box_h = 27, .ofs_x = 2, .ofs_y = -3},
    {.bitmap_index = 31000, .adv_w = 480, .box_w = 27, .box_h = 29, .ofs_x = 0, .ofs_y = -3},
    {.bitmap_index = 31392, .adv_w = 480, .box_w = 27, .box_h = 27, .ofs_x = 0, .ofs_y = -3},
    {.bitmap_index = 31757, .adv_w = 480, .box_w = 28, .box_h = 28, .ofs_x = 0, .ofs_y = -2},
    {.bitmap_index = 32149, .adv_w = 480, .box_w = 29, .box_h = 29, .ofs_x = 1, .ofs_y = -3},
    {.bitmap_index = 32570, .adv_w = 480, .box_w = 29, .box_h = 28, .ofs_x = 1, .ofs_y = -3},
    {.bitmap_index = 32976, .adv_w = 480, .box_w = 26, .box_h = 25, .ofs_x = 2, .ofs_y = -2},
    {.bitmap_index = 33301, .adv_w = 480, .box_w = 26, .box_h = 26, .ofs_x = 2, .ofs_y = -2},
    {.bitmap_index = 33639, .adv_w = 480, .box_w = 26, .box_h = 27, .ofs_x = 2, .ofs_y = -2},
    {.bitmap_index = 33990, .adv_w = 480, .box_w = 26, .box_h = 27, .ofs_x = 2, .ofs_y = -2},
    {.bitmap_index = 34341, .adv_w = 480, .box_w = 28, .box_h = 28, .ofs_x = 1, .ofs_y = -2},
    {.bitmap_index = 34733, .adv_w = 480, .box_w = 30, .box_h = 28, .ofs_x = 0, .ofs_y = -2},
    {.bitmap_index = 35153, .adv_w = 480, .box_w = 28, .box_h = 28, .ofs_x = 1, .ofs_y = -2},
    {.bitmap_index = 35545, .adv_w = 480, .box_w = 30, .box_h = 28, .ofs_x = 0, .ofs_y = -2},
    {.bitmap_index = 35965, .adv_w = 480, .box_w = 28, .box_h = 29, .ofs_x = 0, .ofs_y = -3},
    {.bitmap_index = 36371, .adv_w = 480, .box_w = 30, .box_h = 29, .ofs_x = 0, .ofs_y = -3},
    {.bitmap_index = 36806, .adv_w = 480, .box_w = 30, .box_h = 29, .ofs_x = 0, .ofs_y = -3},
    {.bitmap_index = 37241, .adv_w = 480, .box_w = 28, .box_h = 29, .ofs_x = 1, .ofs_y = -3},
    {.bitmap_index = 37647, .adv_w = 480, .box_w = 29, .box_h = 29, .ofs_x = 1, .ofs_y = -3},
    {.bitmap_index = 38068, .adv_w = 480, .box_w = 29, .box_h = 27, .ofs_x = 1, .ofs_y = -3},
    {.bitmap_index = 38460, .adv_w = 480, .box_w = 29, .box_h = 29, .ofs_x = 1, .ofs_y = -3},
    {.bitmap_index = 38881, .adv_w = 480, .box_w = 29, .box_h = 29, .ofs_x = 1, .ofs_y = -3},
    {.bitmap_index = 39302, .adv_w = 480, .box_w = 28, .box_h = 28, .ofs_x = 0, .ofs_y = -2},
    {.bitmap_index = 39694, .adv_w = 480, .box_w = 29, .box_h = 29, .ofs_x = 0, .ofs_y = -3},
    {.bitmap_index = 40115, .adv_w = 480, .box_w = 30, .box_h = 29, .ofs_x = 0, .ofs_y = -3},
    {.bitmap_index = 40550, .adv_w = 480, .box_w = 28, .box_h = 28, .ofs_x = 1, .ofs_y = -3},
    {.bitmap_index = 40942, .adv_w = 480, .box_w = 29, .box_h = 29, .ofs_x = 0, .ofs_y = -3},
    {.bitmap_index = 41363, .adv_w = 480, .box_w = 29, .box_h = 29, .ofs_x = 1, .ofs_y = -3},
    {.bitmap_index = 41784, .adv_w = 480, .box_w = 28, .box_h = 27, .ofs_x = 1, .ofs_y = -3},
    {.bitmap_index = 42162, .adv_w = 480, .box_w = 28, .box_h = 27, .ofs_x = 1, .ofs_y = -3},
    {.bitmap_index = 42540, .adv_w = 480, .box_w = 30, .box_h = 27, .ofs_x = 0, .ofs_y = -3},
    {.bitmap_index = 42945, .adv_w = 480, .box_w = 27, .box_h = 26, .ofs_x = 2, .ofs_y = -2},
    {.bitmap_index = 43296, .adv_w = 480, .box_w = 30, .box_h = 28, .ofs_x = 0, .ofs_y = -2},
    {.bitmap_index = 43716, .adv_w = 480, .box_w = 28, .box_h = 29, .ofs_x = 1, .ofs_y = -3},
    {.bitmap_index = 44122, .adv_w = 480, .box_w = 29, .box_h = 29, .ofs_x = 0, .ofs_y = -3},
    {.bitmap_index = 44543, .adv_w = 480, .box_w = 29, .box_h = 29, .ofs_x = 0, .ofs_y = -3},
    {.bitmap_index = 44964, .adv_w = 480, .box_w = 29, .box_h = 29, .ofs_x = 0, .ofs_y = -3},
    {.bitmap_index = 45385, .adv_w = 480, .box_w = 29, .box_h = 29, .ofs_x = 0, .ofs_y = -3},
    {.bitmap_index = 45806, .adv_w = 480, .box_w = 30, .box_h = 29, .ofs_x = 0, .ofs_y = -3},
    {.bitmap_index = 46241, .adv_w = 480, .box_w = 28, .box_h = 27, .ofs_x = 1, .ofs_y = -3},
    {.bitmap_index = 46619, .adv_w = 480, .box_w = 29, .box_h = 28, .ofs_x = 1, .ofs_y = -2},
    {.bitmap_index = 47025, .adv_w = 480, .box_w = 30, .box_h = 28, .ofs_x = 0, .ofs_y = -3},
    {.bitmap_index = 47445, .adv_w = 480, .box_w = 29, .box_h = 28, .ofs_x = 1, .ofs_y = -2},
    {.bitmap_index = 47851, .adv_w = 480, .box_w = 29, .box_h = 29, .ofs_x = 0, .ofs_y = -3},
    {.bitmap_index = 48272, .adv_w = 480, .box_w = 29, .box_h = 28, .ofs_x = 0, .ofs_y = -2},
    {.bitmap_index = 48678, .adv_w = 480, .box_w = 29, .box_h = 28, .ofs_x = 0, .ofs_y = -2},
    {.bitmap_index = 49084, .adv_w = 480, .box_w = 29, .box_h = 29, .ofs_x = 0, .ofs_y = -3},
    {.bitmap_index = 49505, .adv_w = 480, .box_w = 29, .box_h = 29, .ofs_x = 0, .ofs_y = -3},
    {.bitmap_index = 49926, .adv_w = 480, .box_w = 28, .box_h = 29, .ofs_x = 1, .ofs_y = -3},
    {.bitmap_index = 50332, .adv_w = 480, .box_w = 29, .box_h = 29, .ofs_x = 1, .ofs_y = -3},
    {.bitmap_index = 50753, .adv_w = 480, .box_w = 30, .box_h = 28, .ofs_x = 0, .ofs_y = -2},
    {.bitmap_index = 51173, .adv_w = 480, .box_w = 30, .box_h = 29, .ofs_x = 0, .ofs_y = -3},
    {.bitmap_index = 51608, .adv_w = 480, .box_w = 29, .box_h = 29, .ofs_x = 0, .ofs_y = -3},
    {.bitmap_index = 52029, .adv_w = 480, .box_w = 29, .box_h = 29, .ofs_x = 1, .ofs_y = -3},
    {.bitmap_index = 52450, .adv_w = 480, .box_w = 29, .box_h = 29, .ofs_x = 0, .ofs_y = -3},
    {.bitmap_index = 52871, .adv_w = 480, .box_w = 29, .box_h = 29, .ofs_x = 0, .ofs_y = -3},
    {.bitmap_index = 53292, .adv_w = 480, .box_w = 29, .box_h = 28, .ofs_x = 0, .ofs_y = -2},
    {.bitmap_index = 53698, .adv_w = 480, .box_w = 29, .box_h = 29, .ofs_x = 1, .ofs_y = -3},
    {.bitmap_index = 54119, .adv_w = 480, .box_w = 30, .box_h = 29, .ofs_x = 0, .ofs_y = -3},
    {.bitmap_index = 54554, .adv_w = 480, .box_w = 29, .box_h = 29, .ofs_x = 1, .ofs_y = -3},
    {.bitmap_index = 54975, .adv_w = 480, .box_w = 27, .box_h = 29, .ofs_x = 2, .ofs_y = -3},
    {.bitmap_index = 55367, .adv_w = 480, .box_w = 28, .box_h = 28, .ofs_x = 1, .ofs_y = -2},
    {.bitmap_index = 55759, .adv_w = 480, .box_w = 28, .box_h = 29, .ofs_x = 1, .ofs_y = -3},
    {.bitmap_index = 56165, .adv_w = 480, .box_w = 30, .box_h = 29, .ofs_x = 0, .ofs_y = -3},
    {.bitmap_index = 56600, .adv_w = 480, .box_w = 28, .box_h = 27, .ofs_x = 1, .ofs_y = -3},
    {.bitmap_index = 56978, .adv_w = 480, .box_w = 21, .box_h = 27, .ofs_x = 5, .ofs_y = -3},
    {.bitmap_index = 57262, .adv_w = 480, .box_w = 28, .box_h = 29, .ofs_x = 2, .ofs_y = -3},
    {.bitmap_index = 57668, .adv_w = 480, .box_w = 26, .box_h = 28, .ofs_x = 2, .ofs_y = -3},
    {.bitmap_index = 58032, .adv_w = 480, .box_w = 28, .box_h = 27, .ofs_x = 1, .ofs_y = -2},
    {.bitmap_index = 58410, .adv_w = 480, .box_w = 29, .box_h = 28, .ofs_x = 1, .ofs_y = -3},
    {.bitmap_index = 58816, .adv_w = 480, .box_w = 28, .box_h = 29, .ofs_x = 1, .ofs_y = -3},
    {.bitmap_index = 59222, .adv_w = 480, .box_w = 29, .box_h = 27, .ofs_x = 1, .ofs_y = -3},
    {.bitmap_index = 59614, .adv_w = 480, .box_w = 25, .box_h = 27, .ofs_x = 0, .ofs_y = -3},
    {.bitmap_index = 59952, .adv_w = 480, .box_w = 28, .box_h = 28, .ofs_x = 1, .ofs_y = -2},
    {.bitmap_index = 60344, .adv_w = 480, .box_w = 28, .box_h = 28, .ofs_x = 0, .ofs_y = -3},
    {.bitmap_index = 60736, .adv_w = 480, .box_w = 29, .box_h = 28, .ofs_x = 0, .ofs_y = -2},
    {.bitmap_index = 61142, .adv_w = 480, .box_w = 30, .box_h = 28, .ofs_x = 0, .ofs_y = -2},
    {.bitmap_index = 61562, .adv_w = 480, .box_w = 30, .box_h = 28, .ofs_x = 0, .ofs_y = -2},
    {.bitmap_index = 61982, .adv_w = 480, .box_w = 29, .box_h = 29, .ofs_x = 0, .ofs_y = -3},
    {.bitmap_index = 62403, .adv_w = 480, .box_w = 30, .box_h = 29, .ofs_x = 0, .ofs_y = -3},
    {.bitmap_index = 62838, .adv_w = 480, .box_w = 29, .box_h = 29, .ofs_x = 0, .ofs_y = -3},
    {.bitmap_index = 63259, .adv_w = 480, .box_w = 28, .box_h = 29, .ofs_x = 1, .ofs_y = -3},
    {.bitmap_index = 63665, .adv_w = 480, .box_w = 28, .box_h = 29, .ofs_x = 1, .ofs_y = -3},
    {.bitmap_index = 64071, .adv_w = 480, .box_w = 28, .box_h = 29, .ofs_x = 1, .ofs_y = -3},
    {.bitmap_index = 64477, .adv_w = 480, .box_w = 30, .box_h = 28, .ofs_x = 0, .ofs_y = -2},
    {.bitmap_index = 64897, .adv_w = 480, .box_w = 29, .box_h = 28, .ofs_x = 1, .ofs_y = -2},
    {.bitmap_index = 65303, .adv_w = 480, .box_w = 28, .box_h = 29, .ofs_x = 1, .ofs_y = -3},
    {.bitmap_index = 65709, .adv_w = 480, .box_w = 29, .box_h = 29, .ofs_x = 0, .ofs_y = -3},
    {.bitmap_index = 66130, .adv_w = 480, .box_w = 29, .box_h = 28, .ofs_x = 0, .ofs_y = -2},
    {.bitmap_index = 66536, .adv_w = 480, .box_w = 28, .box_h = 28, .ofs_x = 1, .ofs_y = -2},
    {.bitmap_index = 66928, .adv_w = 480, .box_w = 28, .box_h = 27, .ofs_x = 1, .ofs_y = -2},
    {.bitmap_index = 67306, .adv_w = 480, .box_w = 29, .box_h = 29, .ofs_x = 0, .ofs_y = -3},
    {.bitmap_index = 67727, .adv_w = 480, .box_w = 30, .box_h = 29, .ofs_x = 0, .ofs_y = -3},
    {.bitmap_index = 68162, .adv_w = 480, .box_w = 28, .box_h = 28, .ofs_x = 1, .ofs_y = -2},
    {.bitmap_index = 68554, .adv_w = 480, .box_w = 27, .box_h = 27, .ofs_x = 0, .ofs_y = -3},
    {.bitmap_index = 68919, .adv_w = 480, .box_w = 24, .box_h = 29, .ofs_x = 3, .ofs_y = -3},
    {.bitmap_index = 69267, .adv_w = 480, .box_w = 26, .box_h = 28, .ofs_x = 3, .ofs_y = -2},
    {.bitmap_index = 69631, .adv_w = 480, .box_w = 26, .box_h = 29, .ofs_x = 2, .ofs_y = -3},
    {.bitmap_index = 70008, .adv_w = 480, .box_w = 28, .box_h = 28, .ofs_x = 1, .ofs_y = -2},
    {.bitmap_index = 70400, .adv_w = 480, .box_w = 28, .box_h = 29, .ofs_x = 0, .ofs_y = -3},
    {.bitmap_index = 70806, .adv_w = 480, .box_w = 28, .box_h = 28, .ofs_x = 1, .ofs_y = -2},
    {.bitmap_index = 71198, .adv_w = 480, .box_w = 28, .box_h = 27, .ofs_x = 1, .ofs_y = -2},
    {.bitmap_index = 71576, .adv_w = 480, .box_w = 28, .box_h = 29, .ofs_x = 0, .ofs_y = -3},
    {.bitmap_index = 71982, .adv_w = 480, .box_w = 29, .box_h = 27, .ofs_x = 0, .ofs_y = -3},
    {.bitmap_index = 72374, .adv_w = 480, .box_w = 28, .box_h = 29, .ofs_x = 0, .ofs_y = -3},
    {.bitmap_index = 72780, .adv_w = 480, .box_w = 29, .box_h = 27, .ofs_x = 0, .ofs_y = -3},
    {.bitmap_index = 73172, .adv_w = 480, .box_w = 29, .box_h = 28, .ofs_x = 0, .ofs_y = -2},
    {.bitmap_index = 73578, .adv_w = 480, .box_w = 29, .box_h = 28, .ofs_x = 0, .ofs_y = -2},
    {.bitmap_index = 73984, .adv_w = 480, .box_w = 29, .box_h = 28, .ofs_x = 0, .ofs_y = -2},
    {.bitmap_index = 74390, .adv_w = 480, .box_w = 29, .box_h = 29, .ofs_x = 1, .ofs_y = -3},
    {.bitmap_index = 74811, .adv_w = 480, .box_w = 28, .box_h = 29, .ofs_x = 1, .ofs_y = -3},
    {.bitmap_index = 75217, .adv_w = 480, .box_w = 30, .box_h = 29, .ofs_x = 0, .ofs_y = -3},
    {.bitmap_index = 75652, .adv_w = 480, .box_w = 29, .box_h = 29, .ofs_x = 0, .ofs_y = -3},
    {.bitmap_index = 76073, .adv_w = 480, .box_w = 29, .box_h = 28, .ofs_x = 0, .ofs_y = -2},
    {.bitmap_index = 76479, .adv_w = 480, .box_w = 28, .box_h = 29, .ofs_x = 1, .ofs_y = -3},
    {.bitmap_index = 76885, .adv_w = 480, .box_w = 26, .box_h = 26, .ofs_x = 2, .ofs_y = -2},
    {.bitmap_index = 77223, .adv_w = 480, .box_w = 28, .box_h = 27, .ofs_x = 1, .ofs_y = -2},
    {.bitmap_index = 77601, .adv_w = 480, .box_w = 30, .box_h = 29, .ofs_x = 0, .ofs_y = -3},
    {.bitmap_index = 78036, .adv_w = 480, .box_w = 28, .box_h = 29, .ofs_x = 1, .ofs_y = -3},
    {.bitmap_index = 78442, .adv_w = 480, .box_w = 28, .box_h = 28, .ofs_x = 1, .ofs_y = -2},
    {.bitmap_index = 78834, .adv_w = 480, .box_w = 29, .box_h = 29, .ofs_x = 0, .ofs_y = -3},
    {.bitmap_index = 79255, .adv_w = 480, .box_w = 29, .box_h = 29, .ofs_x = 0, .ofs_y = -3},
    {.bitmap_index = 79676, .adv_w = 480, .box_w = 29, .box_h = 29, .ofs_x = 0, .ofs_y = -3},
    {.bitmap_index = 80097, .adv_w = 480, .box_w = 28, .box_h = 27, .ofs_x = 1, .ofs_y = -3},
    {.bitmap_index = 80475, .adv_w = 480, .box_w = 28, .box_h = 29, .ofs_x = 1, .ofs_y = -3},
    {.bitmap_index = 80881, .adv_w = 480, .box_w = 28, .box_h = 29, .ofs_x = 1, .ofs_y = -3},
    {.bitmap_index = 81287, .adv_w = 480, .box_w = 30, .box_h = 29, .ofs_x = 0, .ofs_y = -3},
    {.bitmap_index = 81722, .adv_w = 480, .box_w = 28, .box_h = 28, .ofs_x = 1, .ofs_y = -3},
    {.bitmap_index = 82114, .adv_w = 480, .box_w = 28, .box_h = 29, .ofs_x = 1, .ofs_y = -3},
    {.bitmap_index = 82520, .adv_w = 480, .box_w = 28, .box_h = 28, .ofs_x = 1, .ofs_y = -3},
    {.bitmap_index = 82912, .adv_w = 480, .box_w = 28, .box_h = 28, .ofs_x = 1, .ofs_y = -2},
    {.bitmap_index = 83304, .adv_w = 480, .box_w = 29, .box_h = 29, .ofs_x = 0, .ofs_y = -3},
    {.bitmap_index = 83725, .adv_w = 480, .box_w = 28, .box_h = 29, .ofs_x = 1, .ofs_y = -3},
    {.bitmap_index = 84131, .adv_w = 480, .box_w = 30, .box_h = 29, .ofs_x = 0, .ofs_y = -3},
    {.bitmap_index = 84566, .adv_w = 480, .box_w = 29, .box_h = 29, .ofs_x = 1, .ofs_y = -3},
    {.bitmap_index = 84987, .adv_w = 480, .box_w = 30, .box_h = 28, .ofs_x = 0, .ofs_y = -2},
    {.bitmap_index = 85407, .adv_w = 480, .box_w = 28, .box_h = 29, .ofs_x = 1, .ofs_y = -3},
    {.bitmap_index = 85813, .adv_w = 480, .box_w = 29, .box_h = 29, .ofs_x = 0, .ofs_y = -3},
    {.bitmap_index = 86234, .adv_w = 480, .box_w = 28, .box_h = 29, .ofs_x = 0, .ofs_y = -3},
    {.bitmap_index = 86640, .adv_w = 480, .box_w = 30, .box_h = 29, .ofs_x = 0, .ofs_y = -3},
    {.bitmap_index = 87075, .adv_w = 480, .box_w = 30, .box_h = 29, .ofs_x = 0, .ofs_y = -3},
    {.bitmap_index = 87510, .adv_w = 480, .box_w = 30, .box_h = 28, .ofs_x = 0, .ofs_y = -3},
    {.bitmap_index = 87930, .adv_w = 480, .box_w = 30, .box_h = 29, .ofs_x = 0, .ofs_y = -3},
    {.bitmap_index = 88365, .adv_w = 480, .box_w = 30, .box_h = 28, .ofs_x = 0, .ofs_y = -3},
    {.bitmap_index = 88785, .adv_w = 480, .box_w = 30, .box_h = 28, .ofs_x = 0, .ofs_y = -3},
    {.bitmap_index = 89205, .adv_w = 480, .box_w = 29, .box_h = 29, .ofs_x = 1, .ofs_y = -3},
    {.bitmap_index = 89626, .adv_w = 480, .box_w = 28, .box_h = 28, .ofs_x = 1, .ofs_y = -2},
    {.bitmap_index = 90018, .adv_w = 480, .box_w = 29, .box_h = 27, .ofs_x = 1, .ofs_y = -2},
    {.bitmap_index = 90410, .adv_w = 480, .box_w = 28, .box_h = 28, .ofs_x = 1, .ofs_y = -2},
    {.bitmap_index = 90802, .adv_w = 480, .box_w = 30, .box_h = 29, .ofs_x = 0, .ofs_y = -3},
    {.bitmap_index = 91237, .adv_w = 480, .box_w = 26, .box_h = 29, .ofs_x = 2, .ofs_y = -3},
    {.bitmap_index = 91614, .adv_w = 480, .box_w = 26, .box_h = 29, .ofs_x = 2, .ofs_y = -3},
    {.bitmap_index = 91991, .adv_w = 480, .box_w = 26, .box_h = 27, .ofs_x = 2, .ofs_y = -2},
    {.bitmap_index = 92342, .adv_w = 480, .box_w = 26, .box_h = 28, .ofs_x = 2, .ofs_y = -3},
    {.bitmap_index = 92706, .adv_w = 480, .box_w = 26, .box_h = 28, .ofs_x = 2, .ofs_y = -3},
    {.bitmap_index = 93070, .adv_w = 480, .box_w = 28, .box_h = 29, .ofs_x = 2, .ofs_y = -3},
    {.bitmap_index = 93476, .adv_w = 480, .box_w = 26, .box_h = 27, .ofs_x = 2, .ofs_y = -2},
    {.bitmap_index = 93827, .adv_w = 480, .box_w = 26, .box_h = 27, .ofs_x = 2, .ofs_y = -2},
    {.bitmap_index = 94178, .adv_w = 480, .box_w = 28, .box_h = 27, .ofs_x = 1, .ofs_y = -2},
    {.bitmap_index = 94556, .adv_w = 480, .box_w = 28, .box_h = 28, .ofs_x = 1, .ofs_y = -2},
    {.bitmap_index = 94948, .adv_w = 480, .box_w = 28, .box_h = 29, .ofs_x = 1, .ofs_y = -3},
    {.bitmap_index = 95354, .adv_w = 480, .box_w = 29, .box_h = 28, .ofs_x = 1, .ofs_y = -3},
    {.bitmap_index = 95760, .adv_w = 480, .box_w = 29, .box_h = 28, .ofs_x = 1, .ofs_y = -3},
    {.bitmap_index = 96166, .adv_w = 480, .box_w = 29, .box_h = 27, .ofs_x = 0, .ofs_y = -2},
    {.bitmap_index = 96558, .adv_w = 480, .box_w = 29, .box_h = 29, .ofs_x = 0, .ofs_y = -3},
    {.bitmap_index = 96979, .adv_w = 480, .box_w = 7, .box_h = 12, .ofs_x = 4, .ofs_y = -4},
    {.bitmap_index = 97021, .adv_w = 480, .box_w = 14, .box_h = 24, .ofs_x = 0, .ofs_y = -1}
};

/*---------------------
 *  CHARACTER MAPPING
 *--------------------*/

static const uint16_t unicode_list_1[] = {
    0x00, 0x99d, 0x279b, 0x279e, 0x27a4, 0x27a5, 0x27a8, 0x27eb,
    0x27f8, 0x2827, 0x2829, 0x282c, 0x282f, 0x2835, 0x2849, 0x287e,
    0x2891, 0x28e8, 0x291a, 0x2965, 0x29d9, 0x29f7, 0x2a00, 0x2ae4,
    0x2b03, 0x2b06, 0x2b08, 0x2b0e, 0x2b20, 0x2b95, 0x2bcb, 0x2bd1,
    0x2c43, 0x2c9a, 0x2cdc, 0x2cfc, 0x2d12, 0x2d1d, 0x2d26, 0x2d71,
    0x2d8a, 0x2da7, 0x2da9, 0x2dac, 0x2db2, 0x2dca, 0x2e03, 0x2e27,
    0x2ebf, 0x3003, 0x3076, 0x3095, 0x3099, 0x30a1, 0x30c3, 0x30cb,
    0x3126, 0x3195, 0x328b, 0x32a2, 0x32a8, 0x32b5, 0x32c2, 0x32c4,
    0x32c5, 0x3366, 0x3435, 0x34f3, 0x3535, 0x3597, 0x35a1, 0x35aa,
    0x35d7, 0x35ea, 0x35f0, 0x378d, 0x37f0, 0x3811, 0x382a, 0x382e,
    0x382f, 0x3841, 0x3852, 0x389b, 0x38aa, 0x38fd, 0x399c, 0x39fd,
    0x3a43, 0x3a60, 0x3bab, 0x3bdb, 0x3be6, 0x3bee, 0x3c0b, 0x3c19,
    0x3c40, 0x3cca, 0x3d09, 0x3d40, 0x3d42, 0x3ed1, 0x3f0b, 0x3f22,
    0x3f48, 0x3f4b, 0x3f54, 0x3f66, 0x3f7b, 0x3f80, 0x3f91, 0x3fa9,
    0x3fba, 0x3fca, 0x401d, 0x408f, 0x40a3, 0x40a4, 0x40ba, 0x40c7,
    0x40d5, 0x4180, 0x41a2, 0x41d7, 0x43bc, 0x44bc, 0x4500, 0x456a,
    0x45af, 0x45fb, 0x4670, 0x46d6, 0x4723, 0x47a0, 0x47c4, 0x4be3,
    0x4c51, 0x4eba, 0x4ec3, 0x4ecc, 0x4ed0, 0x501f, 0x5073, 0x5093,
    0x50a6, 0x50fc, 0x5180, 0x519c, 0x5209, 0x52d5, 0x536d, 0x53a6,
    0x53a8, 0x5616, 0x5696, 0x5863, 0x587a, 0x5882, 0x5888, 0x58ec,
    0x5909, 0x59ef, 0x5a4a, 0x5a98, 0x5bc5, 0x61e7, 0x6203, 0x631c,
    0x6364, 0x639b, 0x6501, 0x6559, 0x6578, 0x6588, 0x6592, 0x66c9,
    0x66d4, 0x6712, 0x675e, 0x676c, 0x6846, 0x6907, 0x690f, 0x6959,
    0x6974, 0x6976, 0x6979, 0x69ab, 0x69b5, 0x69bb, 0x6a83, 0x6b2d,
    0x6b68, 0x6e99, 0x6f85, 0x6f88, 0x6f8f, 0x6fce, 0x6fcf, 0x6fff,
    0x7085, 0x7092, 0x70d9, 0x70f9, 0x718e, 0x721f, 0x7269, 0x743f,
    0x7934, 0xd8a7, 0xd8ba
};

/*Collect the unicode lists and glyph_id offsets*/
static const lv_font_fmt_txt_cmap_t cmaps[] =
{
    {
        .range_start = 32, .range_length = 95, .glyph_id_start = 1,
        .unicode_list = NULL, .glyph_id_ofs_list = NULL, .list_length = 0, .type = LV_FONT_FMT_TXT_CMAP_FORMAT0_TINY
    },
    {
        .range_start = 9829, .range_length = 55483, .glyph_id_start = 96,
        .unicode_list = unicode_list_1, .glyph_id_ofs_list = NULL, .list_length = 211, .type = LV_FONT_FMT_TXT_CMAP_SPARSE_TINY
    }
};

/*-----------------
 *    KERNING
 *----------------*/

/*Map glyph_ids to kern left classes*/
static const uint8_t kern_left_class_mapping[] =
{
    0, 0, 0, 1, 0, 0, 0, 0,
    1, 2, 0, 0, 0, 3, 4, 3,
    5, 0, 0, 0, 0, 0, 0, 0,
    0, 0, 0, 6, 6, 0, 0, 0,
    0, 0, 7, 8, 9, 10, 11, 12,
    13, 0, 0, 14, 15, 16, 0, 0,
    10, 17, 10, 18, 19, 20, 21, 22,
    23, 24, 25, 26, 2, 27, 0, 0,
    0, 0, 28, 29, 30, 0, 31, 32,
    33, 34, 0, 0, 35, 36, 34, 34,
    29, 29, 37, 38, 39, 40, 37, 41,
    42, 43, 44, 45, 2, 0, 0, 0,
    0, 0, 0, 0, 0, 0, 0, 0,
    0, 0, 0, 0, 0, 0, 0, 0,
    0, 0, 0, 0, 0, 0, 0, 0,
    0, 0, 0, 0, 0, 0, 0, 0,
    0, 0, 0, 0, 0, 0, 0, 0,
    0, 0, 0, 0, 0, 0, 0, 0,
    0, 0, 0, 0, 0, 0, 0, 0,
    0, 0, 0, 0, 0, 0, 0, 0,
    0, 0, 0, 0, 0, 0, 0, 0,
    0, 0, 0, 0, 0, 0, 0, 0,
    0, 0, 0, 0, 0, 0, 0, 0,
    0, 0, 0, 0, 0, 0, 0, 0,
    0, 0, 0, 0, 0, 0, 0, 0,
    0, 0, 0, 0, 0, 0, 0, 0,
    0, 0, 0, 0, 0, 0, 0, 0,
    0, 0, 0, 0, 0, 0, 0, 0,
    0, 0, 0, 0, 0, 0, 0, 0,
    0, 0, 0, 0, 0, 0, 0, 0,
    0, 0, 0, 0, 0, 0, 0, 0,
    0, 0, 0, 0, 0, 0, 0, 0,
    0, 0, 0, 0, 0, 0, 0, 0,
    0, 0, 0, 0, 0, 0, 0, 0,
    0, 0, 0, 0, 0, 0, 0, 0,
    0, 0, 0, 0, 0, 0, 0, 0,
    0, 0, 0, 0, 0, 0, 0, 0,
    0, 0, 0, 0, 0, 0, 0, 0,
    0, 0, 0
};

/*Map glyph_ids to kern right classes*/
static const uint8_t kern_right_class_mapping[] =
{
    0, 0, 1, 2, 0, 0, 0, 0,
    2, 0, 3, 4, 0, 5, 6, 7,
    8, 0, 0, 0, 0, 0, 0, 0,
    0, 0, 0, 9, 10, 0, 0, 0,
    11, 0, 12, 0, 13, 0, 0, 0,
    13, 0, 0, 14, 0, 0, 0, 0,
    13, 0, 13, 0, 15, 16, 17, 18,
    19, 20, 21, 22, 0, 23, 3, 0,
    0, 0, 24, 0, 25, 25, 25, 26,
    27, 0, 28, 29, 0, 0, 30, 30,
    25, 30, 25, 30, 31, 32, 33, 34,
    35, 36, 37, 38, 0, 0, 3, 0,
    0, 0, 0, 0, 0, 0, 0, 0,
    0, 0, 0, 0, 0, 0, 0, 0,
    0, 0, 0, 0, 0, 0, 0, 0,
    0, 0, 0, 0, 0, 0, 0, 0,
    0, 0, 0, 0, 0, 0, 0, 0,
    0, 0, 0, 0, 0, 0, 0, 0,
    0, 0, 0, 0, 0, 0, 0, 0,
    0, 0, 0, 0, 0, 0, 0, 0,
    0, 0, 0, 0, 0, 0, 0, 0,
    0, 0, 0, 0, 0, 0, 0, 0,
    0, 0, 0, 0, 0, 0, 0, 0,
    0, 0, 0, 0, 0, 0, 0, 0,
    0, 0, 0, 0, 0, 0, 0, 0,
    0, 0, 0, 0, 0, 0, 0, 0,
    0, 0, 0, 0, 0, 0, 0, 0,
    0, 0, 0, 0, 0, 0, 0, 0,
    0, 0, 0, 0, 0, 0, 0, 0,
    0, 0, 0, 0, 0, 0, 0, 0,
    0, 0, 0, 0, 0, 0, 0, 0,
    0, 0, 0, 0, 0, 0, 0, 0,
    0, 0, 0, 0, 0, 0, 0, 0,
    0, 0, 0, 0, 0, 0, 0, 0,
    0, 0, 0, 0, 0, 0, 0, 0,
    0, 0, 0, 0, 0, 0, 0, 0,
    0, 0, 0, 0, 0, 0, 0, 0,
    0, 0, 0, 0, 0, 0, 0, 0,
    0, 0, 0
};

/*Kern values between classes*/
static const int8_t kern_class_values[] =
{
    0, 0, 0, 0, -67, 0, -67, 0,
    0, 0, 0, -34, 0, -56, -7, 0,
    0, 0, 0, -7, 0, 0, 0, 0,
    -16, 0, 0, 0, 0, 0, -12, 0,
    0, 0, 0, 0, 0, 0, 0, 0,
    0, 0, 0, 0, 0, 0, 0, 0,
    0, 0, 0, -12, 0, 0, 0, 0,
    0, 0, 0, 0, 0, 0, 0, 0,
    0, 0, 41, 0, 0, 0, 0, 0,
    0, 0, 0, 0, 0, -58, 0, -81,
    0, 0, 0, 0, 0, 0, 0, 0,
    0, 0, 0, -55, -14, -38, -21, 0,
    -55, 0, 0, 0, -8, 0, 0, 0,
    14, 0, 0, -29, 0, -24, -16, 0,
    -12, 0, 0, 0, 0, 0, 0, 0,
    0, 0, 0, 0, 0, 0, 0, -12,
    -13, -29, 0, -12, -7, -18, -39, -12,
    0, 0, 0, 0, 0, 0, 0, 0,
    0, -15, 0, -7, 0, -10, 0, 0,
    0, 0, 0, 0, 0, 0, 0, 0,
    0, 0, 0, -24, -7, -45, 0, 0,
    0, 0, 0, 0, 0, 0, 0, -15,
    -17, 0, -7, 9, 9, 0, 0, 0,
    -12, 0, 0, 0, 0, 0, 0, 0,
    0, -26, 0, 0, 0, 0, 0, 0,
    0, 0, 0, 0, 0, 0, 0, 0,
    0, 0, -18, 0, 0, 0, 0, 0,
    0, 0, 0, 0, 0, 0, 0, 0,
    0, 0, 0, 0, 0, -34, 0, -51,
    0, 0, 0, 0, 0, 0, -18, -4,
    -7, 0, 0, -34, -10, -10, 0, -1,
    -10, -5, -24, 9, 0, -7, 0, 0,
    0, 0, 9, -10, -4, -7, -5, -5,
    -7, 0, 0, 0, 0, -18, 0, 0,
    0, 0, 0, 0, 0, 0, 0, -11,
    -10, -15, 0, -6, -5, -5, -10, -5,
    0, 0, 0, 0, 0, 0, 0, 0,
    0, -7, 0, -10, -7, -7, -10, 0,
    0, 0, 0, 0, 0, -18, 0, 0,
    0, 0, 0, 0, -19, -7, -15, -11,
    -10, -5, -5, -5, -7, -7, 0, 0,
    0, 0, -12, 0, 0, 0, 0, -18,
    -7, -10, -7, 0, -10, 0, 0, 0,
    0, -19, 0, 0, 0, -11, 0, 0,
    0, -7, 0, -26, 0, -15, 0, -7,
    -4, -13, -12, -12, 0, 0, 0, 0,
    0, 0, 0, 0, 0, 0, 0, 0,
    0, -10, 0, -7, 0, 0, 0, 0,
    0, 0, 0, 0, 0, 0, 0, 0,
    0, 0, 0, 0, 0, 0, 0, 0,
    0, 0, 0, 0, -7, 0, 0, 0,
    0, 0, 0, -15, 0, -7, 0, -21,
    -7, 0, 0, 0, 0, 0, -44, 0,
    -44, -36, 0, 0, 0, -23, -7, -76,
    -14, 0, 0, -1, -1, -15, -4, -18,
    0, -21, -10, 0, -15, 0, 0, -12,
    -14, -7, -11, -15, -12, -18, -12, -21,
    0, 0, 0, -16, 0, 0, 0, 0,
    0, 0, 0, -5, 0, 0, 0, -12,
    0, -10, -5, 0, 0, 0, 0, 0,
    0, 0, 0, 0, 0, 0, 0, 0,
    0, 0, 0, 0, 0, 0, 0, 0,
    0, 0, -15, 0, -15, 0, 0, 0,
    0, 0, 0, -24, 0, 0, 0, 0,
    0, 0, 0, 0, 0, 0, 0, 0,
    0, 0, 0, 0, 0, 0, 0, 0,
    0, 0, 0, 0, 0, -16, 0, -24,
    0, -21, 0, 0, 0, 0, -7, -7,
    -14, 0, -9, -13, -10, -10, -7, 0,
    -12, 0, 0, 0, -7, 0, 0, 0,
    -7, 0, 0, -23, -10, -15, -12, -12,
    -15, -10, 0, -57, 0, -87, 0, -29,
    0, 0, 0, 0, -23, -2, -18, 0,
    -15, -67, -19, -44, -33, 0, -45, 0,
    -45, 0, -9, -10, -5, 0, 0, 0,
    0, -14, -7, -24, -21, 0, -24, 0,
    0, 0, 0, 0, -66, -18, -66, -40,
    0, 0, 0, -29, 0, -80, -7, -13,
    0, 0, 0, -15, -7, -42, 0, -24,
    -15, 0, -16, 0, 0, 0, -7, 0,
    0, 0, 0, -10, 0, -12, 0, 0,
    0, -7, 0, -17, 0, 0, 0, 0,
    0, -5, 0, -11, -9, -10, 0, -2,
    0, -5, -5, -7, 0, -5, -7, 0,
    -5, 0, 0, 0, 0, 0, 0, 0,
    0, -7, 0, -7, 0, 0, 0, -10,
    0, 6, 0, 0, 0, 0, 0, 0,
    0, -10, -10, -12, 0, 0, 0, 0,
    -10, 0, 0, 0, 0, 0, 0, 0,
    0, 0, 0, -15, 0, 0, 0, 0,
    0, -4, 0, 0, 0, 0, -60, -39,
    -60, -48, -12, -12, 0, -24, -15, -70,
    -21, 0, 0, 0, 0, -12, -10, -29,
    0, -39, -39, -11, -39, 0, 0, -26,
    -34, -11, -26, -18, -19, -21, -18, -41,
    0, 0, 0, 0, -12, 0, -12, -17,
    0, 0, 0, -10, 0, -29, -7, 0,
    0, -5, 0, -7, -10, 0, 0, -5,
    0, 0, -7, 0, 0, 0, -5, 0,
    0, 0, 0, -7, 0, 0, 0, 0,
    0, 0, -38, -12, -38, -24, 0, 0,
    0, -10, -7, -39, -7, 0, -7, 3,
    0, 0, 0, -12, 0, -16, -11, 0,
    -13, 0, 0, -12, -10, 0, -18, -7,
    -7, -11, -7, -15, 0, 0, 0, 0,
    -21, -7, -21, -15, 0, 0, 0, 0,
    -4, -35, -4, 0, 0, 0, 0, 0,
    0, -4, 0, -10, 0, 0, -7, 0,
    0, 0, 0, 0, 0, 0, 0, 0,
    0, -7, 0, -7, 0, -7, 0, -18,
    0, 0, 0, 0, 0, -2, -13, -5,
    -10, -12, -7, 0, 0, 0, 0, 0,
    0, -7, -7, -12, 0, 0, 0, 0,
    0, -12, -7, -12, -10, -7, -12, -10,
    0, 0, 0, 0, -54, -39, -54, -35,
    -17, -17, -7, -10, -10, -56, -11, -10,
    -7, 0, 0, 0, 0, -15, 0, -40,
    -26, 0, -35, 0, 0, -24, -26, -21,
    -21, -10, -15, -21, -10, -29, 0, 0,
    0, 0, 0, -19, 0, 0, 0, 0,
    0, -4, -12, -18, -18, 0, -7, -4,
    -4, 0, -10, -10, 0, -10, -12, -12,
    -10, 0, 0, 0, 0, -10, -13, -10,
    -10, -15, -10, 0, 0, 0, 0, 0,
    0, 0, 0, 0, 0, 0, 0, 0,
    0, 0, 0, -46, -16, -29, -16, 0,
    -39, 0, 0, 0, 0, 0, 14, 0,
    36, 0, 0, 0, 0, -12, -7, 0,
    3, 0, 0, 0, 0, -29, 0, 0,
    0, 0, 0, 0, -12, 0, 0, 0,
    0, -15, 0, -12, -5, 0, -15, 0,
    0, 0, 0, 0, 0, 0, 0, 0,
    0, -10, 0, 0, 0, 0, 0, 0,
    0, -16, 0, -13, -7, 0, -7, 0,
    0, 0, -12, 0, 0, 0, 0, -33,
    0, -12, 0, -5, -28, 0, -18, -10,
    0, -3, 0, 0, 0, 0, -3, -13,
    0, -5, -5, -13, -5, -6, 0, 0,
    0, 0, 0, -15, 0, 0, 0, 0,
    0, 0, 0, 0, 0, -12, 0, -10,
    0, 0, -15, 0, 0, -7, -14, 0,
    -7, 0, 0, 0, 0, -7, 0, 0,
    0, 0, 0, 0, 0, 0, 0, -19,
    0, 3, 0, 0, 0, 0, -7, 0,
    0, -12, -12, -15, 0, -12, -7, 0,
    -18, 0, -15, -10, 0, -3, -7, 0,
    0, 0, 0, -7, 0, -1, -1, -7,
    -1, -3, 4, 20, 23, 0, -31, -10,
    -31, -8, 0, 0, 12, 0, 0, 0,
    0, 23, 0, 33, 23, 14, 28, 0,
    27, -12, -7, 0, -10, 0, -7, 0,
    -5, 0, 0, 3, 0, -5, 0, -10,
    0, 0, 4, -18, 0, 0, 0, 21,
    0, 0, -23, 0, 0, 0, 0, -18,
    0, 0, 0, 0, -10, 0, 0, -11,
    -10, 0, 0, 0, 20, 0, 0, 0,
    0, -5, -5, 0, 4, -10, 0, 0,
    0, -19, 0, 0, 0, 0, 0, 0,
    -7, 0, 0, 0, 0, -15, 0, -7,
    0, 0, -12, 0, 0, 0, 0, 0,
    0, 0, 0, 0, 0, 0, 0, 0,
    0, 0, 0, 0, 0, 0, 0, -13,
    3, -31, 3, 0, 3, 3, -12, 0,
    0, 0, 0, -24, 0, 0, 0, 0,
    -9, 0, 0, -7, -13, 0, -7, 0,
    -7, 0, 0, -16, -10, 0, 0, -7,
    0, -7, 0, 0, 0, 0, 0, 0,
    0, 0, 0, 0, 0, 0, 0, 0,
    0, 0, 0, 0, 0, 0, 0, 0,
    0, 0, 0, 0, 0, 0, 3, 0,
    0, 0, 0, 0, 0, 0, 0, 0,
    0, 0, 0, -13, 0, 0, 0, 0,
    0, 0, 0, 0, 0, 0, 0, -12,
    0, -10, 0, 0, -18, 0, 0, 0,
    0, 0, 0, 0, 0, 0, 0, 0,
    0, 0, 0, 0, 0, 0, 0, 0,
    0, 0, -37, -15, -37, -19, 9, 9,
    0, -10, 0, -34, 0, 0, 0, 0,
    0, 0, 0, -7, 3, -15, -7, 0,
    -7, 0, 0, 0, -5, 0, 0, 9,
    6, 0, 9, -5, 0, 0, 0, -26,
    0, 3, 0, 0, 0, 0, -10, 0,
    0, 0, 0, -15, 0, -7, 0, 0,
    -12, 0, 0, 0, 0, 0, 0, 0,
    0, 0, 0, -12, 0, 0, 0, 0,
    0, 0, 0, 0, 0, 0, -1, -18,
    -1, 1, 4, 4, -18, 0, 0, 0,
    0, -10, 0, 0, 0, 0, -5, 0,
    0, -13, -10, 0, -7, 0, 0, 0,
    -7, -12, 0, 0, 0, -10, 0, 0,
    0, 0, 0, -8, -24, -7, -24, -12,
    0, 0, 0, -8, 0, -24, 0, -12,
    0, -7, 0, 0, -10, -7, 0, -12,
    -5, 0, 0, 0, -7, 0, 0, 0,
    0, 0, 0, 0, 0, -15, 0, 0,
    0, -8, -29, 0, -29, -5, 0, 0,
    0, -5, 0, -18, 0, -15, 0, -7,
    0, -10, -15, 0, 0, -7, -5, 0,
    0, 0, -7, 0, 0, 0, 0, 0,
    0, 0, 0, -13, -10, 0, 0, -14,
    3, -10, -7, 0, 0, 3, 0, 0,
    -7, 0, -5, -18, 0, -11, 0, -7,
    -21, 0, 0, -7, -13, 0, 0, 0,
    0, 0, 0, -15, 0, 0, 0, 0,
    -5, 0, 0, 0, 0, 0, -24, 0,
    -24, -8, 0, 0, 0, 0, 0, -24,
    0, -12, 0, -5, 0, -5, -7, 0,
    0, -12, -5, 0, 0, 0, -7, 0,
    0, 0, 0, 0, 0, -10, 0, -15,
    0, 0, 0, 0, 0, -12, 0, 0,
    0, 0, 0, 0, 0, 0, 0, -15,
    0, 0, 0, 0, -16, 0, 0, -13,
    -7, 0, -4, 0, 0, 0, 0, 0,
    -7, -5, 0, 0, -5, 0
};

/*Collect the kern class' data in one place*/
static const lv_font_fmt_txt_kern_classes_t kern_classes =
{
    .class_pair_values   = kern_class_values,
    .left_class_mapping  = kern_left_class_mapping,
    .right_class_mapping = kern_right_class_mapping,
    .left_class_cnt      = 45,
    .right_class_cnt     = 38,
};

/*--------------------
 *  ALL CUSTOM DATA
 *--------------------*/

#if LVGL_VERSION_MAJOR == 8
/*Store all the custom data of the font*/
static  lv_font_fmt_txt_glyph_cache_t cache;
#endif

#if LVGL_VERSION_MAJOR >= 8
static const lv_font_fmt_txt_dsc_t font_dsc = {
#else
static lv_font_fmt_txt_dsc_t font_dsc = {
#endif
    .glyph_bitmap = glyph_bitmap,
    .glyph_dsc = glyph_dsc,
    .cmaps = cmaps,
    .kern_dsc = &kern_classes,
    .kern_scale = 16,
    .cmap_num = 2,
    .bpp = 4,
    .kern_classes = 1,
    .bitmap_format = 0,
#if LVGL_VERSION_MAJOR == 8
    .cache = &cache
#endif

};

extern const lv_font_t NS_Medium_jp_30_data;


/*-----------------
 *  PUBLIC FONT
 *----------------*/

/*Initialize a public general font descriptor*/
#if LVGL_VERSION_MAJOR >= 8
const lv_font_t NS_Medium_zh_30_data = {
#else
lv_font_t NS_Medium_zh_30_data = {
#endif
    .get_glyph_dsc = lv_font_get_glyph_dsc_fmt_txt,    /*Function pointer to get glyph's data*/
    .get_glyph_bitmap = lv_font_get_bitmap_fmt_txt,    /*Function pointer to get glyph's bitmap*/
    .line_height = 35,          /*The maximum line height required by the font*/
    .base_line = 8,             /*Baseline measured from the bottom of the line*/
#if LV_VERSION_CHECK(9, 6, 0) || LVGL_VERSION_MAJOR >= 10
    .cap_height = 22,           /*Cap height of the font*/
    .x_height = 16,               /*x-height of the font*/
#endif
#if !(LVGL_VERSION_MAJOR == 6 && LVGL_VERSION_MINOR == 0)
    .subpx = LV_FONT_SUBPX_NONE,
#endif
#if LV_VERSION_CHECK(7, 4, 0) || LVGL_VERSION_MAJOR >= 8
    .underline_position = -4,
    .underline_thickness = 2,
#endif

#if LV_VERSION_CHECK(9, 3, 0)
    .static_bitmap = 1,    /*Bitmaps are stored as const so they are always static if not compressed */
#endif

    .dsc = &font_dsc,          /*The custom font data. Will be accessed by `get_glyph_bitmap/dsc` */
#if LV_VERSION_CHECK(8, 2, 0) || LVGL_VERSION_MAJOR >= 9
    .fallback = &NS_Medium_jp_30_data,
#endif
    .user_data = NULL,
};



#endif /*#if NS_MEDIUM_ZH_30_DATA*/
