/*******************************************************************************
 * Size: 40 px
 * Bpp: 4
 * Opts: --font /fonts/raw/languages/NotoSansThaiLooped-Medium.ttf -o /fonts/NS_Medium_th_40_data.c --size 40 --bpp 4 --format lvgl --no-compress --symbols กกักี่กุก็ขขั้ขึ้คค่ฆงจจัจำจิจุจ้ชชั่ช้ซ็ฎณณ์ดดัดีตตัตั้ติตืตุต่ถุททิทีที่ทืธธัธ์นนั่นำน้บบูปปัปิป็พพัพิพีพื่พื้พุพ์ฟฟิฟ้ภภูมมิมีมื่มุม้ยย์รรีรี่รูร์ฤลลุล์ววัวิว่ศศุษสสั่สิสีสุหหัห้ฬิออัอุะาเแโใไ --range 0x20-0x7F --lv-fallback NS_Medium_zh_40_data
 ******************************************************************************/

#ifdef __has_include
    #if __has_include("lvgl.h")
        #ifndef LV_LVGL_H_INCLUDE_SIMPLE
            #define LV_LVGL_H_INCLUDE_SIMPLE
        #endif
    #endif
#endif

#ifdef LV_LVGL_H_INCLUDE_SIMPLE
    #include "lvgl.h"
#else
    #include "lvgl/lvgl.h"
#endif



#ifndef NS_MEDIUM_TH_40_DATA
#define NS_MEDIUM_TH_40_DATA 1
#endif

#if NS_MEDIUM_TH_40_DATA

/*-----------------
 *    BITMAPS
 *----------------*/

/*Store the image of the glyphs*/
static LV_ATTRIBUTE_LARGE_CONST const uint8_t glyph_bitmap[] = {
    /* U+0020 " " */

    /* U+0021 "!" */
    0x0f, 0xff, 0xfe, 0x00, 0xff, 0xff, 0xe0, 0x0e,
    0xff, 0xfd, 0x00, 0xef, 0xff, 0xc0, 0x0d, 0xff,
    0xfb, 0x00, 0xcf, 0xff, 0xa0, 0x0b, 0xff, 0xfa,
    0x00, 0xaf, 0xff, 0x90, 0x0a, 0xff, 0xf8, 0x00,
    0x9f, 0xff, 0x70, 0x08, 0xff, 0xf6, 0x00, 0x7f,
    0xff, 0x60, 0x06, 0xff, 0xf5, 0x00, 0x6f, 0xff,
    0x40, 0x05, 0xff, 0xf3, 0x00, 0x4f, 0xff, 0x20,
    0x03, 0xff, 0xf2, 0x00, 0x2f, 0xff, 0x10, 0x02,
    0xff, 0xf0, 0x00, 0x1f, 0xff, 0x00, 0x00, 0x33,
    0x30, 0x00, 0x00, 0x00, 0x00, 0x00, 0x00, 0x00,
    0x00, 0x3a, 0xc9, 0x20, 0x0e, 0xff, 0xfd, 0x04,
    0xff, 0xff, 0xf2, 0x4f, 0xff, 0xff, 0x21, 0xff,
    0xff, 0xe0, 0x04, 0xdf, 0xc3, 0x00,

    /* U+0022 "\"" */
    0x6f, 0xff, 0xe0, 0x00, 0xbf, 0xff, 0x85, 0xff,
    0xfc, 0x00, 0x0a, 0xff, 0xf7, 0x3f, 0xff, 0xb0,
    0x00, 0x9f, 0xff, 0x62, 0xff, 0xfa, 0x00, 0x07,
    0xff, 0xf5, 0x1f, 0xff, 0x90, 0x00, 0x6f, 0xff,
    0x30, 0xff, 0xf7, 0x00, 0x05, 0xff, 0xf2, 0x0f,
    0xff, 0x60, 0x00, 0x4f, 0xff, 0x10, 0xdf, 0xf5,
    0x00, 0x02, 0xff, 0xf0, 0x0c, 0xff, 0x40, 0x00,
    0x1f, 0xff, 0x00, 0xbf, 0xf3, 0x00, 0x00, 0xff,
    0xd0, 0x03, 0x55, 0x00, 0x00, 0x05, 0x54, 0x00,

    /* U+0023 "#" */
    0x00, 0x00, 0x00, 0x00, 0x05, 0xff, 0xf0, 0x00,
    0x00, 0xbf, 0xf7, 0x00, 0x00, 0x00, 0x00, 0x00,
    0x00, 0x7f, 0xfc, 0x00, 0x00, 0x0e, 0xff, 0x40,
    0x00, 0x00, 0x00, 0x00, 0x00, 0x0a, 0xff, 0xa0,
    0x00, 0x01, 0xff, 0xf2, 0x00, 0x00, 0x00, 0x00,
    0x00, 0x00, 0xdf, 0xf7, 0x00, 0x00, 0x4f, 0xff,
    0x00, 0x00, 0x00, 0x00, 0x00, 0x00, 0x0f, 0xff,
    0x40, 0x00, 0x06, 0xff, 0xc0, 0x00, 0x00, 0x00,
    0x00, 0x00, 0x03, 0xff, 0xf1, 0x00, 0x00, 0x9f,
    0xf9, 0x00, 0x00, 0x00, 0x00, 0x00, 0x00, 0x5f,
    0xfe, 0x00, 0x00, 0x0c, 0xff, 0x60, 0x00, 0x00,
    0x00, 0x00, 0x00, 0x08, 0xff, 0xb0, 0x00, 0x00,
    0xff, 0xf4, 0x00, 0x00, 0x00, 0x01, 0x11, 0x11,
    0xbf, 0xf9, 0x11, 0x11, 0x3f, 0xff, 0x21, 0x11,
    0x10, 0x09, 0xff, 0xff, 0xff, 0xff, 0xff, 0xff,
    0xff, 0xff, 0xff, 0xff, 0xff, 0x00, 0x9f, 0xff,
    0xff, 0xff, 0xff, 0xff, 0xff, 0xff, 0xff, 0xff,
    0xff, 0xf0, 0x09, 0xff, 0xff, 0xff, 0xff, 0xff,
    0xff, 0xff, 0xff, 0xff, 0xff, 0xff, 0x00, 0x00,
    0x00, 0x07, 0xff, 0xc0, 0x00, 0x00, 0xff, 0xf4,
    0x00, 0x00, 0x00, 0x00, 0x00, 0x00, 0xaf, 0xf9,
    0x00, 0x00, 0x2f, 0xff, 0x10, 0x00, 0x00, 0x00,
    0x00, 0x00, 0x0d, 0xff, 0x60, 0x00, 0x05, 0xff,
    0xe0, 0x00, 0x00, 0x00, 0x00, 0x00, 0x00, 0xff,
    0xf3, 0x00, 0x00, 0x8f, 0xfb, 0x00, 0x00, 0x00,
    0x00, 0x00, 0x00, 0x3f, 0xff, 0x00, 0x00, 0x0b,
    0xff, 0x80, 0x00, 0x00, 0x00, 0x11, 0x11, 0x17,
    0xff, 0xd1, 0x11, 0x11, 0xef, 0xf6, 0x11, 0x11,
    0x00, 0x0f, 0xff, 0xff, 0xff, 0xff, 0xff, 0xff,
    0xff, 0xff, 0xff, 0xff, 0xfa, 0x00, 0xff, 0xff,
    0xff, 0xff, 0xff, 0xff, 0xff, 0xff, 0xff, 0xff,
    0xff, 0xa0, 0x0f, 0xff, 0xff, 0xff, 0xff, 0xff,
    0xff, 0xff, 0xff, 0xff, 0xff, 0xfa, 0x00, 0x00,
    0x00, 0x3f, 0xff, 0x00, 0x00, 0x0a, 0xff, 0x90,
    0x00, 0x00, 0x00, 0x00, 0x00, 0x06, 0xff, 0xd0,
    0x00, 0x00, 0xdf, 0xf6, 0x00, 0x00, 0x00, 0x00,
    0x00, 0x00, 0x9f, 0xfa, 0x00, 0x00, 0x1f, 0xff,
    0x20, 0x00, 0x00, 0x00, 0x00, 0x00, 0x0c, 0xff,
    0x70, 0x00, 0x04, 0xff, 0xf0, 0x00, 0x00, 0x00,
    0x00, 0x00, 0x00, 0xff, 0xf4, 0x00, 0x00, 0x7f,
    0xfc, 0x00, 0x00, 0x00, 0x00, 0x00, 0x00, 0x2f,
    0xff, 0x10, 0x00, 0x0b, 0xff, 0x90, 0x00, 0x00,
    0x00, 0x00, 0x00, 0x05, 0xff, 0xe0, 0x00, 0x00,
    0xef, 0xf6, 0x00, 0x00, 0x00, 0x00, 0x00, 0x00,
    0x8f, 0xfb, 0x00, 0x00, 0x1f, 0xff, 0x20, 0x00,
    0x00, 0x00, 0x00,

    /* U+0024 "$" */
    0x00, 0x00, 0x00, 0x00, 0xff, 0xc0, 0x00, 0x00,
    0x00, 0x00, 0x00, 0x00, 0x00, 0x0f, 0xfc, 0x00,
    0x00, 0x00, 0x00, 0x00, 0x00, 0x00, 0x00, 0xff,
    0xc0, 0x00, 0x00, 0x00, 0x00, 0x00, 0x00, 0x36,
    0x8f, 0xfe, 0x87, 0x52, 0x00, 0x00, 0x00, 0x07,
    0xef, 0xff, 0xff, 0xff, 0xff, 0xfe, 0xa4, 0x00,
    0x1c, 0xff, 0xff, 0xff, 0xff, 0xff, 0xff, 0xff,
    0xd0, 0x0b, 0xff, 0xff, 0xff, 0xff, 0xff, 0xff,
    0xff, 0xf7, 0x04, 0xff, 0xff, 0x92, 0x0f, 0xfc,
    0x01, 0x48, 0xdf, 0x20, 0x9f, 0xff, 0x90, 0x00,
    0xff, 0xc0, 0x00, 0x00, 0x20, 0x0b, 0xff, 0xf3,
    0x00, 0x0f, 0xfc, 0x00, 0x00, 0x00, 0x00, 0xbf,
    0xff, 0x40, 0x00, 0xff, 0xc0, 0x00, 0x00, 0x00,
    0x0a, 0xff, 0xfa, 0x00, 0x0f, 0xfc, 0x00, 0x00,
    0x00, 0x00, 0x5f, 0xff, 0xf9, 0x10, 0xff, 0xc0,
    0x00, 0x00, 0x00, 0x00, 0xdf, 0xff, 0xff, 0xbf,
    0xfc, 0x00, 0x00, 0x00, 0x00, 0x02, 0xef, 0xff,
    0xff, 0xff, 0xe7, 0x20, 0x00, 0x00, 0x00, 0x01,
    0xbf, 0xff, 0xff, 0xff, 0xff, 0xc5, 0x00, 0x00,
    0x00, 0x00, 0x3a, 0xff, 0xff, 0xff, 0xff, 0xfd,
    0x40, 0x00, 0x00, 0x00, 0x01, 0x5f, 0xff, 0xff,
    0xff, 0xff, 0x60, 0x00, 0x00, 0x00, 0x00, 0xff,
    0xe9, 0xef, 0xff, 0xff, 0x30, 0x00, 0x00, 0x00,
    0x0f, 0xfc, 0x00, 0x6f, 0xff, 0xfa, 0x00, 0x00,
    0x00, 0x00, 0xff, 0xc0, 0x00, 0x5f, 0xff, 0xd0,
    0x00, 0x00, 0x00, 0x0f, 0xfc, 0x00, 0x01, 0xff,
    0xfe, 0x00, 0x00, 0x00, 0x00, 0xff, 0xc0, 0x00,
    0x3f, 0xff, 0xd5, 0x30, 0x00, 0x00, 0x0f, 0xfc,
    0x00, 0x0b, 0xff, 0xf9, 0xbf, 0xd9, 0x63, 0x10,
    0xff, 0xd3, 0x7d, 0xff, 0xff, 0x3b, 0xff, 0xff,
    0xff, 0xff, 0xff, 0xff, 0xff, 0xff, 0x70, 0xbf,
    0xff, 0xff, 0xff, 0xff, 0xff, 0xff, 0xff, 0x70,
    0x03, 0xaf, 0xff, 0xff, 0xff, 0xff, 0xff, 0xe9,
    0x20, 0x00, 0x00, 0x03, 0x57, 0x89, 0xff, 0xe5,
    0x30, 0x00, 0x00, 0x00, 0x00, 0x00, 0x00, 0x0f,
    0xfc, 0x00, 0x00, 0x00, 0x00, 0x00, 0x00, 0x00,
    0x00, 0xff, 0xc0, 0x00, 0x00, 0x00, 0x00, 0x00,
    0x00, 0x00, 0x0f, 0xfc, 0x00, 0x00, 0x00, 0x00,
    0x00, 0x00, 0x00, 0x00, 0xbc, 0x90, 0x00, 0x00,
    0x00, 0x00,

    /* U+0025 "%" */
    0x00, 0x01, 0x9d, 0xff, 0xc6, 0x00, 0x00, 0x00,
    0x00, 0x00, 0x02, 0xff, 0xf7, 0x00, 0x00, 0x00,
    0x00, 0x2e, 0xff, 0xff, 0xff, 0xb0, 0x00, 0x00,
    0x00, 0x00, 0x0a, 0xff, 0xd0, 0x00, 0x00, 0x00,
    0x00, 0xdf, 0xff, 0xef, 0xff, 0xf9, 0x00, 0x00,
    0x00, 0x00, 0x3f, 0xff, 0x50, 0x00, 0x00, 0x00,
    0x06, 0xff, 0xf6, 0x00, 0xaf, 0xff, 0x20, 0x00,
    0x00, 0x00, 0xcf, 0xfc, 0x00, 0x00, 0x00, 0x00,
    0x0b, 0xff, 0xc0, 0x00, 0x1f, 0xff, 0x70, 0x00,
    0x00, 0x04, 0xff, 0xf4, 0x00, 0x00, 0x00, 0x00,
    0x0f, 0xff, 0x80, 0x00, 0x0b, 0xff, 0xc0, 0x00,
    0x00, 0x0d, 0xff, 0xb0, 0x00, 0x00, 0x00, 0x00,
    0x2f, 0xff, 0x50, 0x00, 0x08, 0xff, 0xe0, 0x00,
    0x00, 0x6f, 0xff, 0x20, 0x00, 0x00, 0x00, 0x00,
    0x3f, 0xff, 0x30, 0x00, 0x06, 0xff, 0xf0, 0x00,
    0x00, 0xef, 0xf9, 0x00, 0x00, 0x00, 0x00, 0x00,
    0x4f, 0xff, 0x30, 0x00, 0x05, 0xff, 0xf1, 0x00,
    0x07, 0xff, 0xf1, 0x00, 0x00, 0x00, 0x00, 0x00,
    0x4f, 0xff, 0x30, 0x00, 0x05, 0xff, 0xf1, 0x00,
    0x1f, 0xff, 0x80, 0x00, 0x00, 0x00, 0x00, 0x00,
    0x3f, 0xff, 0x40, 0x00, 0x06, 0xff, 0xf0, 0x00,
    0x9f, 0xfe, 0x00, 0x00, 0x00, 0x00, 0x00, 0x00,
    0x1f, 0xff, 0x50, 0x00, 0x08, 0xff, 0xe0, 0x02,
    0xff, 0xf7, 0x00, 0x7c, 0xff, 0xd8, 0x00, 0x00,
    0x0e, 0xff, 0x80, 0x00, 0x0b, 0xff, 0xb0, 0x0a,
    0xff, 0xd0, 0x0c, 0xff, 0xff, 0xff, 0xd1, 0x00,
    0x0a, 0xff, 0xd0, 0x00, 0x1f, 0xff, 0x70, 0x3f,
    0xff, 0x50, 0xaf, 0xff, 0xff, 0xff, 0xfc, 0x00,
    0x04, 0xff, 0xf8, 0x01, 0xbf, 0xff, 0x10, 0xcf,
    0xfc, 0x02, 0xff, 0xfb, 0x00, 0x8f, 0xff, 0x50,
    0x00, 0xbf, 0xff, 0xff, 0xff, 0xf8, 0x05, 0xff,
    0xf4, 0x07, 0xff, 0xf1, 0x00, 0x0c, 0xff, 0xb0,
    0x00, 0x1c, 0xff, 0xff, 0xff, 0xb0, 0x0d, 0xff,
    0xb0, 0x0b, 0xff, 0xc0, 0x00, 0x07, 0xff, 0xf0,
    0x00, 0x00, 0x6c, 0xee, 0xb5, 0x00, 0x6f, 0xff,
    0x20, 0x0e, 0xff, 0x90, 0x00, 0x04, 0xff, 0xf2,
    0x00, 0x00, 0x00, 0x00, 0x00, 0x00, 0xef, 0xf9,
    0x00, 0x0f, 0xff, 0x70, 0x00, 0x02, 0xff, 0xf4,
    0x00, 0x00, 0x00, 0x00, 0x00, 0x08, 0xff, 0xf1,
    0x00, 0x0f, 0xff, 0x70, 0x00, 0x02, 0xff, 0xf4,
    0x00, 0x00, 0x00, 0x00, 0x00, 0x1f, 0xff, 0x80,
    0x00, 0x0f, 0xff, 0x70, 0x00, 0x02, 0xff, 0xf4,
    0x00, 0x00, 0x00, 0x00, 0x00, 0x9f, 0xfe, 0x00,
    0x00, 0x0f, 0xff, 0x70, 0x00, 0x02, 0xff, 0xf4,
    0x00, 0x00, 0x00, 0x00, 0x02, 0xff, 0xf6, 0x00,
    0x00, 0x0e, 0xff, 0x90, 0x00, 0x04, 0xff, 0xf2,
    0x00, 0x00, 0x00, 0x00, 0x0a, 0xff, 0xd0, 0x00,
    0x00, 0x0b, 0xff, 0xc0, 0x00, 0x07, 0xff, 0xf0,
    0x00, 0x00, 0x00, 0x00, 0x3f, 0xff, 0x50, 0x00,
    0x00, 0x06, 0xff, 0xf1, 0x00, 0x0c, 0xff, 0xb0,
    0x00, 0x00, 0x00, 0x00, 0xcf, 0xfc, 0x00, 0x00,
    0x00, 0x01, 0xff, 0xfb, 0x00, 0x8f, 0xff, 0x50,
    0x00, 0x00, 0x00, 0x05, 0xff, 0xf3, 0x00, 0x00,
    0x00, 0x00, 0x7f, 0xff, 0xff, 0xff, 0xfc, 0x00,
    0x00, 0x00, 0x00, 0x0d, 0xff, 0xb0, 0x00, 0x00,
    0x00, 0x00, 0x0a, 0xff, 0xff, 0xff, 0xe2, 0x00,
    0x00, 0x00, 0x00, 0x6f, 0xff, 0x20, 0x00, 0x00,
    0x00, 0x00, 0x00, 0x6c, 0xff, 0xd8, 0x10, 0x00,

    /* U+0026 "&" */
    0x00, 0x00, 0x00, 0x5a, 0xdf, 0xff, 0xc8, 0x20,
    0x00, 0x00, 0x00, 0x00, 0x00, 0x00, 0x00, 0x00,
    0x2d, 0xff, 0xff, 0xff, 0xff, 0xf7, 0x00, 0x00,
    0x00, 0x00, 0x00, 0x00, 0x00, 0x02, 0xef, 0xff,
    0xff, 0xff, 0xff, 0xff, 0x60, 0x00, 0x00, 0x00,
    0x00, 0x00, 0x00, 0x0b, 0xff, 0xff, 0xa5, 0x47,
    0xef, 0xff, 0xf1, 0x00, 0x00, 0x00, 0x00, 0x00,
    0x00, 0x1f, 0xff, 0xf6, 0x00, 0x00, 0x2f, 0xff,
    0xf6, 0x00, 0x00, 0x00, 0x00, 0x00, 0x00, 0x4f,
    0xff, 0xe0, 0x00, 0x00, 0x09, 0xff, 0xf8, 0x00,
    0x00, 0x00, 0x00, 0x00, 0x00, 0x4f, 0xff, 0xc0,
    0x00, 0x00, 0x08, 0xff, 0xf9, 0x00, 0x00, 0x00,
    0x00, 0x00, 0x00, 0x3f, 0xff, 0xe0, 0x00, 0x00,
    0x0b, 0xff, 0xf7, 0x00, 0x00, 0x00, 0x00, 0x00,
    0x00, 0x0f, 0xff, 0xf4, 0x00, 0x00, 0x3f, 0xff,
    0xf3, 0x00, 0x00, 0x00, 0x00, 0x00, 0x00, 0x09,
    0xff, 0xfd, 0x10, 0x02, 0xef, 0xff, 0xb0, 0x00,
    0x00, 0x00, 0x00, 0x00, 0x00, 0x01, 0xff, 0xff,
    0xb0, 0x5f, 0xff, 0xfe, 0x10, 0x00, 0x00, 0x00,
    0x00, 0x00, 0x00, 0x00, 0x5f, 0xff, 0xfe, 0xff,
    0xff, 0xd2, 0x00, 0x00, 0x00, 0x00, 0x00, 0x00,
    0x00, 0x00, 0x08, 0xff, 0xff, 0xff, 0xfb, 0x10,
    0x00, 0x00, 0x00, 0x00, 0x00, 0x00, 0x00, 0x00,
    0x09, 0xff, 0xff, 0xff, 0x60, 0x00, 0x00, 0x00,
    0x00, 0x00, 0x00, 0x00, 0x00, 0x04, 0xef, 0xff,
    0xff, 0xff, 0xb0, 0x00, 0x00, 0x00, 0x04, 0xaa,
    0xa9, 0x00, 0x00, 0x6f, 0xff, 0xfe, 0x9f, 0xff,
    0xfc, 0x10, 0x00, 0x00, 0x0a, 0xff, 0xfb, 0x00,
    0x05, 0xff, 0xff, 0xb1, 0x05, 0xff, 0xff, 0xd1,
    0x00, 0x00, 0x0f, 0xff, 0xf5, 0x00, 0x1f, 0xff,
    0xfb, 0x00, 0x00, 0x5f, 0xff, 0xfd, 0x20, 0x00,
    0x5f, 0xff, 0xf0, 0x00, 0x8f, 0xff, 0xf1, 0x00,
    0x00, 0x05, 0xff, 0xff, 0xe2, 0x00, 0xdf, 0xff,
    0x90, 0x00, 0xdf, 0xff, 0xa0, 0x00, 0x00, 0x00,
    0x4f, 0xff, 0xfe, 0x36, 0xff, 0xff, 0x20, 0x00,
    0xff, 0xff, 0x70, 0x00, 0x00, 0x00, 0x04, 0xff,
    0xff, 0xff, 0xff, 0xf9, 0x00, 0x00, 0xff, 0xff,
    0x70, 0x00, 0x00, 0x00, 0x00, 0x4f, 0xff, 0xff,
    0xff, 0xe1, 0x00, 0x00, 0xef, 0xff, 0xb0, 0x00,
    0x00, 0x00, 0x00, 0x04, 0xff, 0xff, 0xff, 0x30,
    0x00, 0x00, 0xbf, 0xff, 0xf3, 0x00, 0x00, 0x00,
    0x00, 0x08, 0xff, 0xff, 0xff, 0x60, 0x00, 0x00,
    0x5f, 0xff, 0xff, 0x50, 0x00, 0x00, 0x16, 0xef,
    0xff, 0xff, 0xff, 0xf5, 0x00, 0x00, 0x0c, 0xff,
    0xff, 0xfe, 0xba, 0xbd, 0xff, 0xff, 0xff, 0xcf,
    0xff, 0xff, 0x50, 0x00, 0x01, 0xdf, 0xff, 0xff,
    0xff, 0xff, 0xff, 0xff, 0xf8, 0x04, 0xff, 0xff,
    0xf4, 0x00, 0x00, 0x1a, 0xff, 0xff, 0xff, 0xff,
    0xff, 0xfa, 0x20, 0x00, 0x5f, 0xff, 0xff, 0x40,
    0x00, 0x00, 0x28, 0xbe, 0xff, 0xfd, 0xb7, 0x10,
    0x00, 0x00, 0x06, 0xff, 0xff, 0xf4,

    /* U+0027 "'" */
    0x6f, 0xff, 0xe5, 0xff, 0xfc, 0x3f, 0xff, 0xb2,
    0xff, 0xfa, 0x1f, 0xff, 0x90, 0xff, 0xf7, 0x0f,
    0xff, 0x60, 0xdf, 0xf5, 0x0c, 0xff, 0x40, 0xbf,
    0xf3, 0x03, 0x55, 0x00,

    /* U+0028 "(" */
    0x00, 0x00, 0x01, 0xef, 0xfd, 0x00, 0x00, 0x00,
    0xcf, 0xff, 0x30, 0x00, 0x00, 0x6f, 0xff, 0x90,
    0x00, 0x00, 0x1f, 0xff, 0xf1, 0x00, 0x00, 0x09,
    0xff, 0xf9, 0x00, 0x00, 0x01, 0xff, 0xff, 0x20,
    0x00, 0x00, 0x7f, 0xff, 0xb0, 0x00, 0x00, 0x0d,
    0xff, 0xf5, 0x00, 0x00, 0x02, 0xff, 0xff, 0x10,
    0x00, 0x00, 0x6f, 0xff, 0xc0, 0x00, 0x00, 0x0a,
    0xff, 0xf8, 0x00, 0x00, 0x00, 0xdf, 0xff, 0x40,
    0x00, 0x00, 0x0f, 0xff, 0xf1, 0x00, 0x00, 0x02,
    0xff, 0xff, 0x00, 0x00, 0x00, 0x4f, 0xff, 0xd0,
    0x00, 0x00, 0x05, 0xff, 0xfc, 0x00, 0x00, 0x00,
    0x6f, 0xff, 0xb0, 0x00, 0x00, 0x06, 0xff, 0xfb,
    0x00, 0x00, 0x00, 0x6f, 0xff, 0xb0, 0x00, 0x00,
    0x06, 0xff, 0xfb, 0x00, 0x00, 0x00, 0x5f, 0xff,
    0xd0, 0x00, 0x00, 0x03, 0xff, 0xff, 0x00, 0x00,
    0x00, 0x1f, 0xff, 0xf1, 0x00, 0x00, 0x00, 0xef,
    0xff, 0x30, 0x00, 0x00, 0x0b, 0xff, 0xf7, 0x00,
    0x00, 0x00, 0x8f, 0xff, 0xb0, 0x00, 0x00, 0x03,
    0xff, 0xff, 0x00, 0x00, 0x00, 0x0e, 0xff, 0xf4,
    0x00, 0x00, 0x00, 0x8f, 0xff, 0xa0, 0x00, 0x00,
    0x02, 0xff, 0xff, 0x10, 0x00, 0x00, 0x0a, 0xff,
    0xf8, 0x00, 0x00, 0x00, 0x2f, 0xff, 0xf1, 0x00,
    0x00, 0x00, 0x8f, 0xff, 0x80, 0x00, 0x00, 0x00,
    0xdf, 0xff, 0x20, 0x00, 0x00, 0x02, 0xff, 0xfc,
    0x00, 0x00, 0x00, 0x01, 0x11, 0x10,

    /* U+0029 ")" */
    0x7f, 0xff, 0x70, 0x00, 0x00, 0x0c, 0xff, 0xf3,
    0x00, 0x00, 0x03, 0xff, 0xfd, 0x00, 0x00, 0x00,
    0xaf, 0xff, 0x70, 0x00, 0x00, 0x2f, 0xff, 0xe0,
    0x00, 0x00, 0x0b, 0xff, 0xf7, 0x00, 0x00, 0x04,
    0xff, 0xfd, 0x00, 0x00, 0x00, 0xef, 0xff, 0x30,
    0x00, 0x00, 0x9f, 0xff, 0x80, 0x00, 0x00, 0x5f,
    0xff, 0xd0, 0x00, 0x00, 0x1f, 0xff, 0xf1, 0x00,
    0x00, 0x0e, 0xff, 0xf4, 0x00, 0x00, 0x0b, 0xff,
    0xf7, 0x00, 0x00, 0x09, 0xff, 0xf9, 0x00, 0x00,
    0x07, 0xff, 0xfb, 0x00, 0x00, 0x05, 0xff, 0xfc,
    0x00, 0x00, 0x04, 0xff, 0xfd, 0x00, 0x00, 0x04,
    0xff, 0xfd, 0x00, 0x00, 0x04, 0xff, 0xfd, 0x00,
    0x00, 0x05, 0xff, 0xfc, 0x00, 0x00, 0x06, 0xff,
    0xfb, 0x00, 0x00, 0x08, 0xff, 0xfa, 0x00, 0x00,
    0x0a, 0xff, 0xf7, 0x00, 0x00, 0x0d, 0xff, 0xf5,
    0x00, 0x00, 0x1f, 0xff, 0xf2, 0x00, 0x00, 0x4f,
    0xff, 0xe0, 0x00, 0x00, 0x9f, 0xff, 0xa0, 0x00,
    0x00, 0xef, 0xff, 0x50, 0x00, 0x03, 0xff, 0xfe,
    0x00, 0x00, 0x0a, 0xff, 0xf8, 0x00, 0x00, 0x1f,
    0xff, 0xf1, 0x00, 0x00, 0x9f, 0xff, 0x90, 0x00,
    0x02, 0xff, 0xfe, 0x00, 0x00, 0x0b, 0xff, 0xf4,
    0x00, 0x00, 0x6f, 0xff, 0x80, 0x00, 0x00, 0x11,
    0x11, 0x00, 0x00, 0x00,

    /* U+002A "*" */
    0x00, 0x00, 0x00, 0x02, 0xff, 0xff, 0x00, 0x00,
    0x00, 0x00, 0x00, 0x00, 0x00, 0x01, 0xff, 0xfe,
    0x00, 0x00, 0x00, 0x00, 0x00, 0x00, 0x00, 0x00,
    0xff, 0xfc, 0x00, 0x00, 0x00, 0x00, 0x00, 0x00,
    0x00, 0x00, 0xdf, 0xfa, 0x00, 0x00, 0x00, 0x00,
    0x00, 0x00, 0x00, 0x00, 0xcf, 0xf9, 0x00, 0x00,
    0x00, 0x00, 0x06, 0x30, 0x00, 0x00, 0xaf, 0xf7,
    0x00, 0x00, 0x03, 0x60, 0x0f, 0xfe, 0x95, 0x10,
    0x8f, 0xf5, 0x01, 0x5a, 0xef, 0xf0, 0x2f, 0xff,
    0xff, 0xfc, 0xcf, 0xfa, 0xdf, 0xff, 0xff, 0xf1,
    0x5f, 0xff, 0xff, 0xff, 0xff, 0xff, 0xff, 0xff,
    0xff, 0xf3, 0x38, 0xab, 0xce, 0xff, 0xff, 0xff,
    0xff, 0xec, 0xba, 0x92, 0x00, 0x00, 0x00, 0x0c,
    0xff, 0xff, 0x90, 0x00, 0x00, 0x00, 0x00, 0x00,
    0x00, 0x8f, 0xfe, 0xff, 0xf5, 0x00, 0x00, 0x00,
    0x00, 0x00, 0x04, 0xff, 0xf6, 0xaf, 0xff, 0x20,
    0x00, 0x00, 0x00, 0x00, 0x1e, 0xff, 0xe0, 0x3f,
    0xff, 0xc0, 0x00, 0x00, 0x00, 0x00, 0xbf, 0xff,
    0x80, 0x0b, 0xff, 0xf9, 0x00, 0x00, 0x00, 0x07,
    0xff, 0xff, 0x10, 0x03, 0xff, 0xff, 0x50, 0x00,
    0x00, 0x07, 0xff, 0xfa, 0x00, 0x00, 0xbf, 0xfe,
    0x60, 0x00, 0x00, 0x00, 0x18, 0xf3, 0x00, 0x00,
    0x3f, 0x80, 0x00, 0x00, 0x00, 0x00, 0x00, 0x10,
    0x00, 0x00, 0x01, 0x00, 0x00, 0x00,

    /* U+002B "+" */
    0x00, 0x00, 0x00, 0x00, 0x16, 0x66, 0x00, 0x00,
    0x00, 0x00, 0x00, 0x00, 0x00, 0x00, 0x3f, 0xff,
    0x20, 0x00, 0x00, 0x00, 0x00, 0x00, 0x00, 0x00,
    0x3f, 0xff, 0x20, 0x00, 0x00, 0x00, 0x00, 0x00,
    0x00, 0x00, 0x3f, 0xff, 0x20, 0x00, 0x00, 0x00,
    0x00, 0x00, 0x00, 0x00, 0x3f, 0xff, 0x20, 0x00,
    0x00, 0x00, 0x00, 0x00, 0x00, 0x00, 0x3f, 0xff,
    0x20, 0x00, 0x00, 0x00, 0x00, 0x00, 0x00, 0x00,
    0x3f, 0xff, 0x20, 0x00, 0x00, 0x00, 0x00, 0x00,
    0x00, 0x00, 0x3f, 0xff, 0x20, 0x00, 0x00, 0x00,
    0x04, 0x44, 0x44, 0x44, 0x6f, 0xff, 0x54, 0x44,
    0x44, 0x43, 0x0f, 0xff, 0xff, 0xff, 0xff, 0xff,
    0xff, 0xff, 0xff, 0xff, 0x0f, 0xff, 0xff, 0xff,
    0xff, 0xff, 0xff, 0xff, 0xff, 0xff, 0x0f, 0xff,
    0xff, 0xff, 0xff, 0xff, 0xff, 0xff, 0xff, 0xff,
    0x00, 0x00, 0x00, 0x00, 0x3f, 0xff, 0x20, 0x00,
    0x00, 0x00, 0x00, 0x00, 0x00, 0x00, 0x3f, 0xff,
    0x20, 0x00, 0x00, 0x00, 0x00, 0x00, 0x00, 0x00,
    0x3f, 0xff, 0x20, 0x00, 0x00, 0x00, 0x00, 0x00,
    0x00, 0x00, 0x3f, 0xff, 0x20, 0x00, 0x00, 0x00,
    0x00, 0x00, 0x00, 0x00, 0x3f, 0xff, 0x20, 0x00,
    0x00, 0x00, 0x00, 0x00, 0x00, 0x00, 0x3f, 0xff,
    0x20, 0x00, 0x00, 0x00, 0x00, 0x00, 0x00, 0x00,
    0x3f, 0xff, 0x20, 0x00, 0x00, 0x00, 0x00, 0x00,
    0x00, 0x00, 0x3f, 0xff, 0x20, 0x00, 0x00, 0x00,

    /* U+002C "," */
    0x00, 0x01, 0x11, 0x10, 0x00, 0x9f, 0xff, 0xf0,
    0x00, 0xbf, 0xff, 0xc0, 0x00, 0xef, 0xff, 0x70,
    0x01, 0xff, 0xff, 0x20, 0x04, 0xff, 0xfc, 0x00,
    0x07, 0xff, 0xf7, 0x00, 0x0a, 0xff, 0xf1, 0x00,
    0x0d, 0xff, 0xb0, 0x00, 0x1f, 0xff, 0x40, 0x00,
    0x5f, 0xfd, 0x00, 0x00,

    /* U+002D "-" */
    0x5b, 0xbb, 0xbb, 0xbb, 0xbb, 0x48, 0xff, 0xff,
    0xff, 0xff, 0xf6, 0x8f, 0xff, 0xff, 0xff, 0xff,
    0x68, 0xff, 0xff, 0xff, 0xff, 0xf6,

    /* U+002E "." */
    0x03, 0xac, 0x92, 0x00, 0xef, 0xff, 0xd0, 0x4f,
    0xff, 0xff, 0x24, 0xff, 0xff, 0xf2, 0x1f, 0xff,
    0xfe, 0x00, 0x4d, 0xfc, 0x30,

    /* U+002F "/" */
    0x00, 0x00, 0x00, 0x00, 0x00, 0x2f, 0xff, 0xd0,
    0x00, 0x00, 0x00, 0x00, 0x00, 0x8f, 0xff, 0x80,
    0x00, 0x00, 0x00, 0x00, 0x00, 0xef, 0xff, 0x20,
    0x00, 0x00, 0x00, 0x00, 0x04, 0xff, 0xfc, 0x00,
    0x00, 0x00, 0x00, 0x00, 0x0a, 0xff, 0xf6, 0x00,
    0x00, 0x00, 0x00, 0x00, 0x0f, 0xff, 0xf1, 0x00,
    0x00, 0x00, 0x00, 0x00, 0x6f, 0xff, 0xa0, 0x00,
    0x00, 0x00, 0x00, 0x00, 0xcf, 0xff, 0x40, 0x00,
    0x00, 0x00, 0x00, 0x02, 0xff, 0xfe, 0x00, 0x00,
    0x00, 0x00, 0x00, 0x07, 0xff, 0xf9, 0x00, 0x00,
    0x00, 0x00, 0x00, 0x0d, 0xff, 0xf3, 0x00, 0x00,
    0x00, 0x00, 0x00, 0x3f, 0xff, 0xd0, 0x00, 0x00,
    0x00, 0x00, 0x00, 0x9f, 0xff, 0x70, 0x00, 0x00,
    0x00, 0x00, 0x00, 0xef, 0xff, 0x10, 0x00, 0x00,
    0x00, 0x00, 0x05, 0xff, 0xfb, 0x00, 0x00, 0x00,
    0x00, 0x00, 0x0b, 0xff, 0xf5, 0x00, 0x00, 0x00,
    0x00, 0x00, 0x1f, 0xff, 0xf0, 0x00, 0x00, 0x00,
    0x00, 0x00, 0x6f, 0xff, 0xa0, 0x00, 0x00, 0x00,
    0x00, 0x00, 0xcf, 0xff, 0x40, 0x00, 0x00, 0x00,
    0x00, 0x02, 0xff, 0xfe, 0x00, 0x00, 0x00, 0x00,
    0x00, 0x08, 0xff, 0xf8, 0x00, 0x00, 0x00, 0x00,
    0x00, 0x0e, 0xff, 0xf2, 0x00, 0x00, 0x00, 0x00,
    0x00, 0x4f, 0xff, 0xc0, 0x00, 0x00, 0x00, 0x00,
    0x00, 0xaf, 0xff, 0x60, 0x00, 0x00, 0x00, 0x00,
    0x00, 0xff, 0xff, 0x10, 0x00, 0x00, 0x00, 0x00,
    0x05, 0xff, 0xfb, 0x00, 0x00, 0x00, 0x00, 0x00,
    0x0b, 0xff, 0xf5, 0x00, 0x00, 0x00, 0x00, 0x00,
    0x1f, 0xff, 0xe0, 0x00, 0x00, 0x00, 0x00, 0x00,
    0x7f, 0xff, 0x90, 0x00, 0x00, 0x00, 0x00, 0x00,

    /* U+0030 "0" */
    0x00, 0x00, 0x00, 0x49, 0xdf, 0xff, 0xc8, 0x20,
    0x00, 0x00, 0x00, 0x00, 0x01, 0xbf, 0xff, 0xff,
    0xff, 0xff, 0x80, 0x00, 0x00, 0x00, 0x01, 0xdf,
    0xff, 0xff, 0xff, 0xff, 0xff, 0xa0, 0x00, 0x00,
    0x00, 0xbf, 0xff, 0xfe, 0xa9, 0xaf, 0xff, 0xff,
    0x80, 0x00, 0x00, 0x5f, 0xff, 0xfa, 0x00, 0x00,
    0x0b, 0xff, 0xff, 0x20, 0x00, 0x0c, 0xff, 0xfc,
    0x00, 0x00, 0x00, 0x0d, 0xff, 0xf9, 0x00, 0x02,
    0xff, 0xff, 0x30, 0x00, 0x00, 0x00, 0x4f, 0xff,
    0xf0, 0x00, 0x6f, 0xff, 0xe0, 0x00, 0x00, 0x00,
    0x00, 0xef, 0xff, 0x40, 0x0a, 0xff, 0xfa, 0x00,
    0x00, 0x00, 0x00, 0x0a, 0xff, 0xf8, 0x00, 0xcf,
    0xff, 0x70, 0x00, 0x00, 0x00, 0x00, 0x7f, 0xff,
    0xb0, 0x0f, 0xff, 0xf5, 0x00, 0x00, 0x00, 0x00,
    0x05, 0xff, 0xfe, 0x00, 0xff, 0xff, 0x30, 0x00,
    0x00, 0x00, 0x00, 0x4f, 0xff, 0xf0, 0x1f, 0xff,
    0xf2, 0x00, 0x00, 0x00, 0x00, 0x03, 0xff, 0xff,
    0x12, 0xff, 0xff, 0x20, 0x00, 0x00, 0x00, 0x00,
    0x2f, 0xff, 0xf1, 0x2f, 0xff, 0xf2, 0x00, 0x00,
    0x00, 0x00, 0x02, 0xff, 0xff, 0x12, 0xff, 0xff,
    0x20, 0x00, 0x00, 0x00, 0x00, 0x2f, 0xff, 0xf1,
    0x1f, 0xff, 0xf2, 0x00, 0x00, 0x00, 0x00, 0x03,
    0xff, 0xff, 0x10, 0xff, 0xff, 0x30, 0x00, 0x00,
    0x00, 0x00, 0x4f, 0xff, 0xf0, 0x0e, 0xff, 0xf5,
    0x00, 0x00, 0x00, 0x00, 0x05, 0xff, 0xfe, 0x00,
    0xcf, 0xff, 0x70, 0x00, 0x00, 0x00, 0x00, 0x7f,
    0xff, 0xc0, 0x09, 0xff, 0xfa, 0x00, 0x00, 0x00,
    0x00, 0x0a, 0xff, 0xf9, 0x00, 0x5f, 0xff, 0xe0,
    0x00, 0x00, 0x00, 0x00, 0xef, 0xff, 0x60, 0x01,
    0xff, 0xff, 0x40, 0x00, 0x00, 0x00, 0x4f, 0xff,
    0xf1, 0x00, 0x0a, 0xff, 0xfc, 0x00, 0x00, 0x00,
    0x0d, 0xff, 0xfb, 0x00, 0x00, 0x2f, 0xff, 0xfa,
    0x00, 0x00, 0x1a, 0xff, 0xff, 0x40, 0x00, 0x00,
    0x8f, 0xff, 0xfe, 0xa9, 0xbf, 0xff, 0xff, 0xa0,
    0x00, 0x00, 0x00, 0xbf, 0xff, 0xff, 0xff, 0xff,
    0xff, 0xc0, 0x00, 0x00, 0x00, 0x00, 0x9f, 0xff,
    0xff, 0xff, 0xff, 0xa0, 0x00, 0x00, 0x00, 0x00,
    0x00, 0x29, 0xdf, 0xff, 0xd9, 0x30, 0x00, 0x00,
    0x00,

    /* U+0031 "1" */
    0x00, 0x00, 0x00, 0x05, 0xff, 0xff, 0x00, 0x00,
    0x00, 0x9f, 0xff, 0xff, 0x00, 0x00, 0x1b, 0xff,
    0xff, 0xff, 0x00, 0x03, 0xef, 0xff, 0xff, 0xff,
    0x00, 0x5f, 0xff, 0xfe, 0xff, 0xff, 0x09, 0xff,
    0xff, 0xd4, 0xff, 0xff, 0x8f, 0xff, 0xfc, 0x13,
    0xff, 0xff, 0x1e, 0xff, 0xa0, 0x03, 0xff, 0xff,
    0x03, 0xf7, 0x00, 0x04, 0xff, 0xff, 0x00, 0x10,
    0x00, 0x04, 0xff, 0xff, 0x00, 0x00, 0x00, 0x04,
    0xff, 0xff, 0x00, 0x00, 0x00, 0x04, 0xff, 0xff,
    0x00, 0x00, 0x00, 0x04, 0xff, 0xff, 0x00, 0x00,
    0x00, 0x04, 0xff, 0xff, 0x00, 0x00, 0x00, 0x04,
    0xff, 0xff, 0x00, 0x00, 0x00, 0x04, 0xff, 0xff,
    0x00, 0x00, 0x00, 0x04, 0xff, 0xff, 0x00, 0x00,
    0x00, 0x04, 0xff, 0xff, 0x00, 0x00, 0x00, 0x04,
    0xff, 0xff, 0x00, 0x00, 0x00, 0x04, 0xff, 0xff,
    0x00, 0x00, 0x00, 0x04, 0xff, 0xff, 0x00, 0x00,
    0x00, 0x04, 0xff, 0xff, 0x00, 0x00, 0x00, 0x04,
    0xff, 0xff, 0x00, 0x00, 0x00, 0x04, 0xff, 0xff,
    0x00, 0x00, 0x00, 0x04, 0xff, 0xff, 0x00, 0x00,
    0x00, 0x04, 0xff, 0xff, 0x00, 0x00, 0x00, 0x04,
    0xff, 0xff, 0x00, 0x00, 0x00, 0x04, 0xff, 0xff,
    0x00, 0x00, 0x00, 0x04, 0xff, 0xff,

    /* U+0032 "2" */
    0x00, 0x00, 0x02, 0x8c, 0xef, 0xfe, 0xc8, 0x30,
    0x00, 0x00, 0x00, 0x03, 0xcf, 0xff, 0xff, 0xff,
    0xff, 0xfa, 0x10, 0x00, 0x00, 0x9f, 0xff, 0xff,
    0xff, 0xff, 0xff, 0xff, 0xe1, 0x00, 0x0b, 0xff,
    0xff, 0xff, 0xca, 0xad, 0xff, 0xff, 0xfc, 0x00,
    0x04, 0xff, 0xfd, 0x60, 0x00, 0x00, 0x3d, 0xff,
    0xff, 0x50, 0x00, 0x7f, 0x80, 0x00, 0x00, 0x00,
    0x01, 0xef, 0xff, 0xa0, 0x00, 0x02, 0x00, 0x00,
    0x00, 0x00, 0x00, 0x9f, 0xff, 0xe0, 0x00, 0x00,
    0x00, 0x00, 0x00, 0x00, 0x00, 0x6f, 0xff, 0xf0,
    0x00, 0x00, 0x00, 0x00, 0x00, 0x00, 0x00, 0x6f,
    0xff, 0xe0, 0x00, 0x00, 0x00, 0x00, 0x00, 0x00,
    0x00, 0x8f, 0xff, 0xc0, 0x00, 0x00, 0x00, 0x00,
    0x00, 0x00, 0x00, 0xcf, 0xff, 0x80, 0x00, 0x00,
    0x00, 0x00, 0x00, 0x00, 0x03, 0xff, 0xff, 0x30,
    0x00, 0x00, 0x00, 0x00, 0x00, 0x00, 0x0c, 0xff,
    0xfb, 0x00, 0x00, 0x00, 0x00, 0x00, 0x00, 0x00,
    0x8f, 0xff, 0xf3, 0x00, 0x00, 0x00, 0x00, 0x00,
    0x00, 0x05, 0xff, 0xff, 0x70, 0x00, 0x00, 0x00,
    0x00, 0x00, 0x00, 0x4f, 0xff, 0xfb, 0x00, 0x00,
    0x00, 0x00, 0x00, 0x00, 0x03, 0xff, 0xff, 0xc0,
    0x00, 0x00, 0x00, 0x00, 0x00, 0x00, 0x3f, 0xff,
    0xfd, 0x10, 0x00, 0x00, 0x00, 0x00, 0x00, 0x03,
    0xef, 0xff, 0xd1, 0x00, 0x00, 0x00, 0x00, 0x00,
    0x00, 0x2e, 0xff, 0xfd, 0x10, 0x00, 0x00, 0x00,
    0x00, 0x00, 0x02, 0xef, 0xff, 0xd1, 0x00, 0x00,
    0x00, 0x00, 0x00, 0x00, 0x2e, 0xff, 0xfd, 0x10,
    0x00, 0x00, 0x00, 0x00, 0x00, 0x02, 0xef, 0xff,
    0xd1, 0x00, 0x00, 0x00, 0x00, 0x00, 0x00, 0x2e,
    0xff, 0xfc, 0x10, 0x00, 0x00, 0x00, 0x00, 0x00,
    0x02, 0xef, 0xff, 0xc1, 0x00, 0x00, 0x00, 0x00,
    0x00, 0x00, 0x1e, 0xff, 0xff, 0xed, 0xdd, 0xdd,
    0xdd, 0xdd, 0xdd, 0xdd, 0x3f, 0xff, 0xff, 0xff,
    0xff, 0xff, 0xff, 0xff, 0xff, 0xff, 0x3f, 0xff,
    0xff, 0xff, 0xff, 0xff, 0xff, 0xff, 0xff, 0xff,
    0x3f, 0xff, 0xff, 0xff, 0xff, 0xff, 0xff, 0xff,
    0xff, 0xff,

    /* U+0033 "3" */
    0x00, 0x00, 0x16, 0xad, 0xef, 0xfe, 0xd9, 0x50,
    0x00, 0x00, 0x00, 0x19, 0xff, 0xff, 0xff, 0xff,
    0xff, 0xfd, 0x40, 0x00, 0x07, 0xff, 0xff, 0xff,
    0xff, 0xff, 0xff, 0xff, 0xf5, 0x00, 0x0c, 0xff,
    0xff, 0xfc, 0xa9, 0x9b, 0xff, 0xff, 0xff, 0x10,
    0x01, 0xef, 0xc5, 0x00, 0x00, 0x00, 0x1a, 0xff,
    0xff, 0x80, 0x00, 0x45, 0x00, 0x00, 0x00, 0x00,
    0x00, 0xcf, 0xff, 0xd0, 0x00, 0x00, 0x00, 0x00,
    0x00, 0x00, 0x00, 0x7f, 0xff, 0xf0, 0x00, 0x00,
    0x00, 0x00, 0x00, 0x00, 0x00, 0x6f, 0xff, 0xe0,
    0x00, 0x00, 0x00, 0x00, 0x00, 0x00, 0x00, 0x8f,
    0xff, 0xb0, 0x00, 0x00, 0x00, 0x00, 0x00, 0x00,
    0x01, 0xef, 0xff, 0x60, 0x00, 0x00, 0x00, 0x00,
    0x00, 0x00, 0x1c, 0xff, 0xfd, 0x00, 0x00, 0x00,
    0x00, 0x00, 0x01, 0x49, 0xff, 0xff, 0xd2, 0x00,
    0x00, 0x00, 0x0e, 0xff, 0xff, 0xff, 0xff, 0xf8,
    0x00, 0x00, 0x00, 0x00, 0x0e, 0xff, 0xff, 0xff,
    0xf9, 0x20, 0x00, 0x00, 0x00, 0x00, 0x0e, 0xff,
    0xff, 0xff, 0xff, 0xfd, 0x60, 0x00, 0x00, 0x00,
    0x07, 0x88, 0x89, 0xbe, 0xff, 0xff, 0xfc, 0x00,
    0x00, 0x00, 0x00, 0x00, 0x00, 0x00, 0x3b, 0xff,
    0xff, 0xb0, 0x00, 0x00, 0x00, 0x00, 0x00, 0x00,
    0x00, 0xaf, 0xff, 0xf3, 0x00, 0x00, 0x00, 0x00,
    0x00, 0x00, 0x00, 0x0f, 0xff, 0xf9, 0x00, 0x00,
    0x00, 0x00, 0x00, 0x00, 0x00, 0x0c, 0xff, 0xfb,
    0x00, 0x00, 0x00, 0x00, 0x00, 0x00, 0x00, 0x0b,
    0xff, 0xfc, 0x00, 0x00, 0x00, 0x00, 0x00, 0x00,
    0x00, 0x0d, 0xff, 0xfb, 0x00, 0x00, 0x00, 0x00,
    0x00, 0x00, 0x00, 0x2f, 0xff, 0xf8, 0x11, 0x00,
    0x00, 0x00, 0x00, 0x00, 0x00, 0xbf, 0xff, 0xf4,
    0x4f, 0xa5, 0x10, 0x00, 0x00, 0x00, 0x2b, 0xff,
    0xff, 0xc0, 0x4f, 0xff, 0xfd, 0xa9, 0x89, 0xad,
    0xff, 0xff, 0xff, 0x20, 0x4f, 0xff, 0xff, 0xff,
    0xff, 0xff, 0xff, 0xff, 0xe4, 0x00, 0x2c, 0xff,
    0xff, 0xff, 0xff, 0xff, 0xff, 0xfa, 0x10, 0x00,
    0x00, 0x26, 0xac, 0xef, 0xff, 0xed, 0xa6, 0x10,
    0x00, 0x00,

    /* U+0034 "4" */
    0x00, 0x00, 0x00, 0x00, 0x00, 0x00, 0x06, 0xff,
    0xff, 0x30, 0x00, 0x00, 0x00, 0x00, 0x00, 0x00,
    0x00, 0x02, 0xff, 0xff, 0xf3, 0x00, 0x00, 0x00,
    0x00, 0x00, 0x00, 0x00, 0x00, 0xcf, 0xff, 0xff,
    0x30, 0x00, 0x00, 0x00, 0x00, 0x00, 0x00, 0x00,
    0x7f, 0xff, 0xff, 0xf3, 0x00, 0x00, 0x00, 0x00,
    0x00, 0x00, 0x00, 0x2f, 0xff, 0xff, 0xff, 0x30,
    0x00, 0x00, 0x00, 0x00, 0x00, 0x00, 0x0c, 0xff,
    0xdc, 0xff, 0xf3, 0x00, 0x00, 0x00, 0x00, 0x00,
    0x00, 0x08, 0xff, 0xf5, 0xcf, 0xff, 0x30, 0x00,
    0x00, 0x00, 0x00, 0x00, 0x03, 0xff, 0xfb, 0x0d,
    0xff, 0xf3, 0x00, 0x00, 0x00, 0x00, 0x00, 0x00,
    0xdf, 0xff, 0x20, 0xef, 0xff, 0x30, 0x00, 0x00,
    0x00, 0x00, 0x00, 0x9f, 0xff, 0x60, 0x0e, 0xff,
    0xf3, 0x00, 0x00, 0x00, 0x00, 0x00, 0x4f, 0xff,
    0xb0, 0x00, 0xef, 0xff, 0x30, 0x00, 0x00, 0x00,
    0x00, 0x1e, 0xff, 0xe1, 0x00, 0x0e, 0xff, 0xf3,
    0x00, 0x00, 0x00, 0x00, 0x0a, 0xff, 0xf5, 0x00,
    0x00, 0xef, 0xff, 0x30, 0x00, 0x00, 0x00, 0x05,
    0xff, 0xfa, 0x00, 0x00, 0x0e, 0xff, 0xf3, 0x00,
    0x00, 0x00, 0x01, 0xef, 0xfe, 0x10, 0x00, 0x00,
    0xef, 0xff, 0x30, 0x00, 0x00, 0x00, 0xbf, 0xff,
    0x40, 0x00, 0x00, 0x0e, 0xff, 0xf3, 0x00, 0x00,
    0x00, 0x6f, 0xff, 0x90, 0x00, 0x00, 0x00, 0xef,
    0xff, 0x30, 0x00, 0x00, 0x2f, 0xff, 0xd0, 0x00,
    0x00, 0x00, 0x0e, 0xff, 0xf3, 0x00, 0x00, 0x0c,
    0xff, 0xf3, 0x00, 0x00, 0x00, 0x00, 0xef, 0xff,
    0x30, 0x00, 0x03, 0xff, 0xff, 0xff, 0xff, 0xff,
    0xff, 0xff, 0xff, 0xff, 0xff, 0xf3, 0x3f, 0xff,
    0xff, 0xff, 0xff, 0xff, 0xff, 0xff, 0xff, 0xff,
    0xff, 0x33, 0xff, 0xff, 0xff, 0xff, 0xff, 0xff,
    0xff, 0xff, 0xff, 0xff, 0xf3, 0x29, 0x99, 0x99,
    0x99, 0x99, 0x99, 0x99, 0xff, 0xff, 0xb9, 0x99,
    0x20, 0x00, 0x00, 0x00, 0x00, 0x00, 0x00, 0x0e,
    0xff, 0xf3, 0x00, 0x00, 0x00, 0x00, 0x00, 0x00,
    0x00, 0x00, 0x00, 0xef, 0xff, 0x30, 0x00, 0x00,
    0x00, 0x00, 0x00, 0x00, 0x00, 0x00, 0x0e, 0xff,
    0xf3, 0x00, 0x00, 0x00, 0x00, 0x00, 0x00, 0x00,
    0x00, 0x00, 0xef, 0xff, 0x30, 0x00, 0x00, 0x00,
    0x00, 0x00, 0x00, 0x00, 0x00, 0x0e, 0xff, 0xf3,
    0x00, 0x00, 0x00, 0x00, 0x00, 0x00, 0x00, 0x00,
    0x00, 0xef, 0xff, 0x30, 0x00, 0x00,

    /* U+0035 "5" */
    0x00, 0xef, 0xff, 0xff, 0xff, 0xff, 0xff, 0xff,
    0xc0, 0x00, 0x0f, 0xff, 0xff, 0xff, 0xff, 0xff,
    0xff, 0xfc, 0x00, 0x01, 0xff, 0xff, 0xff, 0xff,
    0xff, 0xff, 0xff, 0xc0, 0x00, 0x2f, 0xff, 0xfd,
    0xdd, 0xdd, 0xdd, 0xdd, 0xda, 0x00, 0x03, 0xff,
    0xfb, 0x00, 0x00, 0x00, 0x00, 0x00, 0x00, 0x00,
    0x4f, 0xff, 0xa0, 0x00, 0x00, 0x00, 0x00, 0x00,
    0x00, 0x06, 0xff, 0xf8, 0x00, 0x00, 0x00, 0x00,
    0x00, 0x00, 0x00, 0x7f, 0xff, 0x70, 0x00, 0x00,
    0x00, 0x00, 0x00, 0x00, 0x08, 0xff, 0xf5, 0x00,
    0x00, 0x00, 0x00, 0x00, 0x00, 0x00, 0x9f, 0xff,
    0x40, 0x00, 0x00, 0x00, 0x00, 0x00, 0x00, 0x0b,
    0xff, 0xf3, 0x00, 0x00, 0x00, 0x00, 0x00, 0x00,
    0x00, 0xcf, 0xff, 0xbc, 0xef, 0xff, 0xd9, 0x50,
    0x00, 0x00, 0x0d, 0xff, 0xff, 0xff, 0xff, 0xff,
    0xff, 0xd4, 0x00, 0x00, 0xef, 0xff, 0xff, 0xff,
    0xff, 0xff, 0xff, 0xf7, 0x00, 0x03, 0xcf, 0xca,
    0x87, 0x89, 0xcf, 0xff, 0xff, 0xf5, 0x00, 0x00,
    0x00, 0x00, 0x00, 0x00, 0x1a, 0xff, 0xff, 0xe0,
    0x00, 0x00, 0x00, 0x00, 0x00, 0x00, 0x09, 0xff,
    0xff, 0x50, 0x00, 0x00, 0x00, 0x00, 0x00, 0x00,
    0x0f, 0xff, 0xf9, 0x00, 0x00, 0x00, 0x00, 0x00,
    0x00, 0x00, 0xbf, 0xff, 0xb0, 0x00, 0x00, 0x00,
    0x00, 0x00, 0x00, 0x09, 0xff, 0xfc, 0x00, 0x00,
    0x00, 0x00, 0x00, 0x00, 0x00, 0x9f, 0xff, 0xb0,
    0x00, 0x00, 0x00, 0x00, 0x00, 0x00, 0x0c, 0xff,
    0xf9, 0x00, 0x00, 0x00, 0x00, 0x00, 0x00, 0x02,
    0xff, 0xff, 0x52, 0x00, 0x00, 0x00, 0x00, 0x00,
    0x00, 0xcf, 0xff, 0xf1, 0x9d, 0x72, 0x00, 0x00,
    0x00, 0x04, 0xdf, 0xff, 0xf8, 0x09, 0xff, 0xff,
    0xca, 0x99, 0xbe, 0xff, 0xff, 0xfc, 0x00, 0x9f,
    0xff, 0xff, 0xff, 0xff, 0xff, 0xff, 0xfc, 0x10,
    0x05, 0xef, 0xff, 0xff, 0xff, 0xff, 0xff, 0xf7,
    0x00, 0x00, 0x00, 0x48, 0xbd, 0xff, 0xfe, 0xda,
    0x50, 0x00, 0x00, 0x00,

    /* U+0036 "6" */
    0x00, 0x00, 0x00, 0x00, 0x59, 0xce, 0xff, 0xfe,
    0xc0, 0x00, 0x00, 0x00, 0x00, 0x7e, 0xff, 0xff,
    0xff, 0xff, 0xf1, 0x00, 0x00, 0x00, 0x2c, 0xff,
    0xff, 0xff, 0xff, 0xff, 0xf1, 0x00, 0x00, 0x02,
    0xef, 0xff, 0xff, 0xc9, 0x77, 0x79, 0xb1, 0x00,
    0x00, 0x0d, 0xff, 0xff, 0x91, 0x00, 0x00, 0x00,
    0x00, 0x00, 0x00, 0x8f, 0xff, 0xf4, 0x00, 0x00,
    0x00, 0x00, 0x00, 0x00, 0x01, 0xff, 0xff, 0x50,
    0x00, 0x00, 0x00, 0x00, 0x00, 0x00, 0x08, 0xff,
    0xfb, 0x00, 0x00, 0x00, 0x00, 0x00, 0x00, 0x00,
    0x0d, 0xff, 0xf3, 0x00, 0x00, 0x00, 0x00, 0x00,
    0x00, 0x00, 0x2f, 0xff, 0xe0, 0x00, 0x00, 0x00,
    0x00, 0x00, 0x00, 0x00, 0x6f, 0xff, 0xa0, 0x00,
    0x03, 0x55, 0x30, 0x00, 0x00, 0x00, 0x9f, 0xff,
    0x70, 0x2a, 0xff, 0xff, 0xff, 0xb3, 0x00, 0x00,
    0xbf, 0xff, 0x55, 0xff, 0xff, 0xff, 0xff, 0xff,
    0x70, 0x00, 0xdf, 0xff, 0x7f, 0xff, 0xff, 0xff,
    0xff, 0xff, 0xf6, 0x00, 0xef, 0xff, 0xff, 0xf7,
    0x20, 0x02, 0x8f, 0xff, 0xff, 0x10, 0xef, 0xff,
    0xfd, 0x10, 0x00, 0x00, 0x04, 0xff, 0xff, 0x80,
    0xff, 0xff, 0xf2, 0x00, 0x00, 0x00, 0x00, 0x9f,
    0xff, 0xd0, 0xef, 0xff, 0x90, 0x00, 0x00, 0x00,
    0x00, 0x3f, 0xff, 0xf1, 0xdf, 0xff, 0x60, 0x00,
    0x00, 0x00, 0x00, 0x0f, 0xff, 0xf2, 0xcf, 0xff,
    0x60, 0x00, 0x00, 0x00, 0x00, 0x0f, 0xff, 0xf3,
    0x9f, 0xff, 0x80, 0x00, 0x00, 0x00, 0x00, 0x0f,
    0xff, 0xf2, 0x5f, 0xff, 0xd0, 0x00, 0x00, 0x00,
    0x00, 0x3f, 0xff, 0xf0, 0x1f, 0xff, 0xf4, 0x00,
    0x00, 0x00, 0x00, 0x8f, 0xff, 0xd0, 0x0a, 0xff,
    0xfd, 0x00, 0x00, 0x00, 0x01, 0xef, 0xff, 0x80,
    0x02, 0xff, 0xff, 0xc2, 0x00, 0x00, 0x2d, 0xff,
    0xff, 0x10, 0x00, 0x6f, 0xff, 0xff, 0xb8, 0x9c,
    0xff, 0xff, 0xf7, 0x00, 0x00, 0x08, 0xff, 0xff,
    0xff, 0xff, 0xff, 0xff, 0x90, 0x00, 0x00, 0x00,
    0x5e, 0xff, 0xff, 0xff, 0xff, 0xf7, 0x00, 0x00,
    0x00, 0x00, 0x00, 0x6b, 0xef, 0xfe, 0xb7, 0x10,
    0x00, 0x00,

    /* U+0037 "7" */
    0x4f, 0xff, 0xff, 0xff, 0xff, 0xff, 0xff, 0xff,
    0xff, 0xff, 0x24, 0xff, 0xff, 0xff, 0xff, 0xff,
    0xff, 0xff, 0xff, 0xff, 0xf2, 0x4f, 0xff, 0xff,
    0xff, 0xff, 0xff, 0xff, 0xff, 0xff, 0xff, 0x23,
    0xcc, 0xcc, 0xcc, 0xcc, 0xcc, 0xcc, 0xcc, 0xef,
    0xff, 0xe0, 0x00, 0x00, 0x00, 0x00, 0x00, 0x00,
    0x00, 0x0c, 0xff, 0xf7, 0x00, 0x00, 0x00, 0x00,
    0x00, 0x00, 0x00, 0x03, 0xff, 0xff, 0x10, 0x00,
    0x00, 0x00, 0x00, 0x00, 0x00, 0x00, 0xaf, 0xff,
    0x90, 0x00, 0x00, 0x00, 0x00, 0x00, 0x00, 0x00,
    0x2f, 0xff, 0xf2, 0x00, 0x00, 0x00, 0x00, 0x00,
    0x00, 0x00, 0x09, 0xff, 0xfb, 0x00, 0x00, 0x00,
    0x00, 0x00, 0x00, 0x00, 0x01, 0xff, 0xff, 0x40,
    0x00, 0x00, 0x00, 0x00, 0x00, 0x00, 0x00, 0x7f,
    0xff, 0xd0, 0x00, 0x00, 0x00, 0x00, 0x00, 0x00,
    0x00, 0x0e, 0xff, 0xf7, 0x00, 0x00, 0x00, 0x00,
    0x00, 0x00, 0x00, 0x05, 0xff, 0xff, 0x00, 0x00,
    0x00, 0x00, 0x00, 0x00, 0x00, 0x00, 0xdf, 0xff,
    0x80, 0x00, 0x00, 0x00, 0x00, 0x00, 0x00, 0x00,
    0x4f, 0xff, 0xf2, 0x00, 0x00, 0x00, 0x00, 0x00,
    0x00, 0x00, 0x0b, 0xff, 0xfb, 0x00, 0x00, 0x00,
    0x00, 0x00, 0x00, 0x00, 0x02, 0xff, 0xff, 0x40,
    0x00, 0x00, 0x00, 0x00, 0x00, 0x00, 0x00, 0x9f,
    0xff, 0xd0, 0x00, 0x00, 0x00, 0x00, 0x00, 0x00,
    0x00, 0x1f, 0xff, 0xf6, 0x00, 0x00, 0x00, 0x00,
    0x00, 0x00, 0x00, 0x08, 0xff, 0xfe, 0x00, 0x00,
    0x00, 0x00, 0x00, 0x00, 0x00, 0x00, 0xef, 0xff,
    0x80, 0x00, 0x00, 0x00, 0x00, 0x00, 0x00, 0x00,
    0x6f, 0xff, 0xf1, 0x00, 0x00, 0x00, 0x00, 0x00,
    0x00, 0x00, 0x0d, 0xff, 0xfa, 0x00, 0x00, 0x00,
    0x00, 0x00, 0x00, 0x00, 0x05, 0xff, 0xff, 0x30,
    0x00, 0x00, 0x00, 0x00, 0x00, 0x00, 0x00, 0xcf,
    0xff, 0xc0, 0x00, 0x00, 0x00, 0x00, 0x00, 0x00,
    0x00, 0x3f, 0xff, 0xf5, 0x00, 0x00, 0x00, 0x00,
    0x00, 0x00, 0x00, 0x0a, 0xff, 0xfd, 0x00, 0x00,
    0x00, 0x00, 0x00, 0x00, 0x00, 0x02, 0xff, 0xff,
    0x70, 0x00, 0x00, 0x00, 0x00, 0x00, 0x00, 0x00,
    0x9f, 0xff, 0xf0, 0x00, 0x00, 0x00, 0x00, 0x00,
    0x00,

    /* U+0038 "8" */
    0x00, 0x00, 0x00, 0x6a, 0xdf, 0xff, 0xda, 0x60,
    0x00, 0x00, 0x00, 0x00, 0x06, 0xef, 0xff, 0xff,
    0xff, 0xff, 0xe6, 0x00, 0x00, 0x00, 0x09, 0xff,
    0xff, 0xff, 0xff, 0xff, 0xff, 0xf9, 0x00, 0x00,
    0x06, 0xff, 0xff, 0xfa, 0x65, 0x6a, 0xff, 0xff,
    0xf6, 0x00, 0x00, 0xdf, 0xff, 0xd2, 0x00, 0x00,
    0x02, 0xdf, 0xff, 0xd0, 0x00, 0x2f, 0xff, 0xf3,
    0x00, 0x00, 0x00, 0x04, 0xff, 0xff, 0x10, 0x03,
    0xff, 0xfe, 0x00, 0x00, 0x00, 0x00, 0x0f, 0xff,
    0xf3, 0x00, 0x3f, 0xff, 0xe0, 0x00, 0x00, 0x00,
    0x00, 0xff, 0xff, 0x20, 0x00, 0xff, 0xff, 0x20,
    0x00, 0x00, 0x00, 0x3f, 0xff, 0xf0, 0x00, 0x0b,
    0xff, 0xfb, 0x00, 0x00, 0x00, 0x0c, 0xff, 0xf9,
    0x00, 0x00, 0x2f, 0xff, 0xfb, 0x10, 0x00, 0x1b,
    0xff, 0xfe, 0x10, 0x00, 0x00, 0x6f, 0xff, 0xff,
    0x81, 0x6e, 0xff, 0xfe, 0x20, 0x00, 0x00, 0x00,
    0x5f, 0xff, 0xff, 0xff, 0xff, 0xfb, 0x10, 0x00,
    0x00, 0x00, 0x00, 0x2c, 0xff, 0xff, 0xff, 0xf6,
    0x00, 0x00, 0x00, 0x00, 0x00, 0x08, 0xff, 0xff,
    0xff, 0xff, 0xe6, 0x00, 0x00, 0x00, 0x00, 0x3e,
    0xff, 0xff, 0xcd, 0xff, 0xff, 0xfc, 0x10, 0x00,
    0x00, 0x4f, 0xff, 0xfe, 0x50, 0x04, 0xbf, 0xff,
    0xfe, 0x20, 0x00, 0x1e, 0xff, 0xfb, 0x00, 0x00,
    0x00, 0x5e, 0xff, 0xfe, 0x10, 0x09, 0xff, 0xfc,
    0x00, 0x00, 0x00, 0x00, 0x2f, 0xff, 0xf8, 0x00,
    0xef, 0xff, 0x40, 0x00, 0x00, 0x00, 0x00, 0x6f,
    0xff, 0xe0, 0x1f, 0xff, 0xf0, 0x00, 0x00, 0x00,
    0x00, 0x01, 0xff, 0xff, 0x12, 0xff, 0xff, 0x00,
    0x00, 0x00, 0x00, 0x00, 0x0f, 0xff, 0xf1, 0x1f,
    0xff, 0xf1, 0x00, 0x00, 0x00, 0x00, 0x02, 0xff,
    0xff, 0x00, 0xef, 0xff, 0x80, 0x00, 0x00, 0x00,
    0x00, 0x9f, 0xff, 0xd0, 0x08, 0xff, 0xff, 0x60,
    0x00, 0x00, 0x00, 0x7f, 0xff, 0xf6, 0x00, 0x1e,
    0xff, 0xff, 0xd8, 0x54, 0x58, 0xdf, 0xff, 0xfc,
    0x00, 0x00, 0x3f, 0xff, 0xff, 0xff, 0xff, 0xff,
    0xff, 0xfd, 0x10, 0x00, 0x00, 0x2b, 0xff, 0xff,
    0xff, 0xff, 0xff, 0xf9, 0x00, 0x00, 0x00, 0x00,
    0x02, 0x7b, 0xef, 0xff, 0xdb, 0x71, 0x00, 0x00,
    0x00,

    /* U+0039 "9" */
    0x00, 0x00, 0x01, 0x6b, 0xef, 0xfe, 0xb6, 0x10,
    0x00, 0x00, 0x00, 0x00, 0x06, 0xff, 0xff, 0xff,
    0xff, 0xff, 0x60, 0x00, 0x00, 0x00, 0x09, 0xff,
    0xff, 0xff, 0xff, 0xff, 0xff, 0x90, 0x00, 0x00,
    0x06, 0xff, 0xff, 0xfc, 0x98, 0xaf, 0xff, 0xff,
    0x80, 0x00, 0x01, 0xff, 0xff, 0xd3, 0x00, 0x00,
    0x1b, 0xff, 0xff, 0x20, 0x00, 0x7f, 0xff, 0xf2,
    0x00, 0x00, 0x00, 0x0b, 0xff, 0xfb, 0x00, 0x0c,
    0xff, 0xf8, 0x00, 0x00, 0x00, 0x00, 0x2f, 0xff,
    0xf1, 0x00, 0xff, 0xff, 0x40, 0x00, 0x00, 0x00,
    0x00, 0xbf, 0xff, 0x60, 0x1f, 0xff, 0xf1, 0x00,
    0x00, 0x00, 0x00, 0x07, 0xff, 0xfa, 0x01, 0xff,
    0xff, 0x10, 0x00, 0x00, 0x00, 0x00, 0x4f, 0xff,
    0xd0, 0x1f, 0xff, 0xf2, 0x00, 0x00, 0x00, 0x00,
    0x05, 0xff, 0xff, 0x00, 0xff, 0xff, 0x50, 0x00,
    0x00, 0x00, 0x00, 0x9f, 0xff, 0xf0, 0x0b, 0xff,
    0xfc, 0x00, 0x00, 0x00, 0x00, 0x3f, 0xff, 0xff,
    0x00, 0x6f, 0xff, 0xf8, 0x00, 0x00, 0x00, 0x4e,
    0xff, 0xff, 0xf0, 0x00, 0xdf, 0xff, 0xfd, 0x85,
    0x57, 0xcf, 0xfe, 0xff, 0xff, 0x00, 0x03, 0xff,
    0xff, 0xff, 0xff, 0xff, 0xfe, 0x5f, 0xff, 0xe0,
    0x00, 0x03, 0xdf, 0xff, 0xff, 0xff, 0xfd, 0x24,
    0xff, 0xfc, 0x00, 0x00, 0x00, 0x5a, 0xef, 0xfe,
    0xb5, 0x00, 0x6f, 0xff, 0xa0, 0x00, 0x00, 0x00,
    0x00, 0x00, 0x00, 0x00, 0x09, 0xff, 0xf7, 0x00,
    0x00, 0x00, 0x00, 0x00, 0x00, 0x00, 0x00, 0xef,
    0xff, 0x30, 0x00, 0x00, 0x00, 0x00, 0x00, 0x00,
    0x00, 0x3f, 0xff, 0xe0, 0x00, 0x00, 0x00, 0x00,
    0x00, 0x00, 0x00, 0x0b, 0xff, 0xf9, 0x00, 0x00,
    0x00, 0x00, 0x00, 0x00, 0x00, 0x05, 0xff, 0xff,
    0x20, 0x00, 0x00, 0x00, 0x00, 0x00, 0x00, 0x04,
    0xff, 0xff, 0x90, 0x00, 0x00, 0x00, 0x00, 0x00,
    0x00, 0x29, 0xff, 0xff, 0xe1, 0x00, 0x00, 0x01,
    0xc9, 0x77, 0x79, 0xcf, 0xff, 0xff, 0xe3, 0x00,
    0x00, 0x00, 0x1f, 0xff, 0xff, 0xff, 0xff, 0xff,
    0xd2, 0x00, 0x00, 0x00, 0x01, 0xff, 0xff, 0xff,
    0xff, 0xfe, 0x70, 0x00, 0x00, 0x00, 0x00, 0x0c,
    0xef, 0xff, 0xec, 0x95, 0x00, 0x00, 0x00, 0x00,
    0x00,

    /* U+003A ":" */
    0x05, 0xdf, 0xc3, 0x01, 0xff, 0xff, 0xe0, 0x4f,
    0xff, 0xff, 0x24, 0xff, 0xff, 0xf2, 0x0e, 0xff,
    0xfd, 0x00, 0x2a, 0xc9, 0x10, 0x00, 0x00, 0x00,
    0x00, 0x00, 0x00, 0x00, 0x00, 0x00, 0x00, 0x00,
    0x00, 0x00, 0x00, 0x00, 0x00, 0x00, 0x00, 0x00,
    0x00, 0x00, 0x00, 0x00, 0x00, 0x00, 0x00, 0x00,
    0x00, 0x00, 0x00, 0x00, 0x00, 0x00, 0x00, 0x00,
    0x03, 0xac, 0x92, 0x00, 0xef, 0xff, 0xd0, 0x4f,
    0xff, 0xff, 0x24, 0xff, 0xff, 0xf2, 0x1f, 0xff,
    0xfe, 0x00, 0x4d, 0xfc, 0x30,

    /* U+003B ";" */
    0x00, 0x5d, 0xfc, 0x30, 0x02, 0xff, 0xff, 0xe0,
    0x05, 0xff, 0xff, 0xf2, 0x05, 0xff, 0xff, 0xf1,
    0x01, 0xff, 0xff, 0xc0, 0x00, 0x3a, 0xc9, 0x10,
    0x00, 0x00, 0x00, 0x00, 0x00, 0x00, 0x00, 0x00,
    0x00, 0x00, 0x00, 0x00, 0x00, 0x00, 0x00, 0x00,
    0x00, 0x00, 0x00, 0x00, 0x00, 0x00, 0x00, 0x00,
    0x00, 0x00, 0x00, 0x00, 0x00, 0x00, 0x00, 0x00,
    0x00, 0x00, 0x00, 0x00, 0x00, 0x00, 0x00, 0x00,
    0x00, 0x00, 0x00, 0x00, 0x00, 0xdf, 0xff, 0xb0,
    0x00, 0xff, 0xff, 0x80, 0x02, 0xff, 0xff, 0x30,
    0x05, 0xff, 0xfe, 0x00, 0x09, 0xff, 0xf8, 0x00,
    0x0c, 0xff, 0xf3, 0x00, 0x0f, 0xff, 0xd0, 0x00,
    0x3f, 0xff, 0x70, 0x00, 0x6f, 0xff, 0x10, 0x00,
    0xaf, 0xf9, 0x00, 0x00, 0x11, 0x10, 0x00, 0x00,

    /* U+003C "<" */
    0x00, 0x00, 0x00, 0x00, 0x00, 0x00, 0x00, 0x00,
    0x00, 0x05, 0x00, 0x00, 0x00, 0x00, 0x00, 0x00,
    0x00, 0x00, 0x05, 0xdf, 0x00, 0x00, 0x00, 0x00,
    0x00, 0x00, 0x00, 0x05, 0xdf, 0xff, 0x00, 0x00,
    0x00, 0x00, 0x00, 0x00, 0x05, 0xdf, 0xff, 0xff,
    0x00, 0x00, 0x00, 0x00, 0x00, 0x05, 0xdf, 0xff,
    0xff, 0xb3, 0x00, 0x00, 0x00, 0x00, 0x05, 0xdf,
    0xff, 0xff, 0xa3, 0x00, 0x00, 0x00, 0x00, 0x05,
    0xdf, 0xff, 0xff, 0x92, 0x00, 0x00, 0x00, 0x00,
    0x05, 0xdf, 0xff, 0xff, 0x81, 0x00, 0x00, 0x00,
    0x00, 0x05, 0xdf, 0xff, 0xfe, 0x81, 0x00, 0x00,
    0x00, 0x00, 0x05, 0xdf, 0xff, 0xfe, 0x70, 0x00,
    0x00, 0x00, 0x00, 0x00, 0x0f, 0xff, 0xfe, 0x60,
    0x00, 0x00, 0x00, 0x00, 0x00, 0x00, 0x0f, 0xff,
    0xff, 0xa4, 0x00, 0x00, 0x00, 0x00, 0x00, 0x00,
    0x06, 0xdf, 0xff, 0xff, 0xd6, 0x00, 0x00, 0x00,
    0x00, 0x00, 0x00, 0x04, 0xbf, 0xff, 0xff, 0xf9,
    0x20, 0x00, 0x00, 0x00, 0x00, 0x00, 0x02, 0x9f,
    0xff, 0xff, 0xfc, 0x50, 0x00, 0x00, 0x00, 0x00,
    0x00, 0x01, 0x7e, 0xff, 0xff, 0xfe, 0x81, 0x00,
    0x00, 0x00, 0x00, 0x00, 0x00, 0x6d, 0xff, 0xff,
    0xff, 0xa3, 0x00, 0x00, 0x00, 0x00, 0x00, 0x00,
    0x4b, 0xff, 0xff, 0xff, 0x00, 0x00, 0x00, 0x00,
    0x00, 0x00, 0x00, 0x29, 0xff, 0xff, 0x00, 0x00,
    0x00, 0x00, 0x00, 0x00, 0x00, 0x00, 0x17, 0xef,
    0x00, 0x00, 0x00, 0x00, 0x00, 0x00, 0x00, 0x00,
    0x00, 0x05,

    /* U+003D "=" */
    0x34, 0x44, 0x44, 0x44, 0x44, 0x44, 0x44, 0x44,
    0x44, 0x3c, 0xff, 0xff, 0xff, 0xff, 0xff, 0xff,
    0xff, 0xff, 0xfc, 0xcf, 0xff, 0xff, 0xff, 0xff,
    0xff, 0xff, 0xff, 0xff, 0xcc, 0xff, 0xff, 0xff,
    0xff, 0xff, 0xff, 0xff, 0xff, 0xfc, 0x00, 0x00,
    0x00, 0x00, 0x00, 0x00, 0x00, 0x00, 0x00, 0x00,
    0x00, 0x00, 0x00, 0x00, 0x00, 0x00, 0x00, 0x00,
    0x00, 0x00, 0x00, 0x00, 0x00, 0x00, 0x00, 0x00,
    0x00, 0x00, 0x00, 0x00, 0x00, 0x00, 0x00, 0x00,
    0x00, 0x00, 0x00, 0x00, 0x34, 0x44, 0x44, 0x44,
    0x44, 0x44, 0x44, 0x44, 0x44, 0x3c, 0xff, 0xff,
    0xff, 0xff, 0xff, 0xff, 0xff, 0xff, 0xfc, 0xcf,
    0xff, 0xff, 0xff, 0xff, 0xff, 0xff, 0xff, 0xff,
    0xcc, 0xff, 0xff, 0xff, 0xff, 0xff, 0xff, 0xff,
    0xff, 0xfc,

    /* U+003E ">" */
    0x04, 0x00, 0x00, 0x00, 0x00, 0x00, 0x00, 0x00,
    0x00, 0x00, 0x0f, 0xc4, 0x00, 0x00, 0x00, 0x00,
    0x00, 0x00, 0x00, 0x00, 0x0f, 0xff, 0xc4, 0x00,
    0x00, 0x00, 0x00, 0x00, 0x00, 0x00, 0x0f, 0xff,
    0xff, 0xc4, 0x00, 0x00, 0x00, 0x00, 0x00, 0x00,
    0x04, 0xcf, 0xff, 0xff, 0xc4, 0x00, 0x00, 0x00,
    0x00, 0x00, 0x00, 0x03, 0xbf, 0xff, 0xff, 0xc4,
    0x00, 0x00, 0x00, 0x00, 0x00, 0x00, 0x02, 0xaf,
    0xff, 0xff, 0xc4, 0x00, 0x00, 0x00, 0x00, 0x00,
    0x00, 0x02, 0x9f, 0xff, 0xff, 0xc4, 0x00, 0x00,
    0x00, 0x00, 0x00, 0x00, 0x01, 0x8f, 0xff, 0xff,
    0xc4, 0x00, 0x00, 0x00, 0x00, 0x00, 0x00, 0x00,
    0x7e, 0xff, 0xff, 0xc4, 0x00, 0x00, 0x00, 0x00,
    0x00, 0x00, 0x00, 0x6e, 0xff, 0xff, 0x00, 0x00,
    0x00, 0x00, 0x00, 0x00, 0x04, 0xbf, 0xff, 0xff,
    0x00, 0x00, 0x00, 0x00, 0x00, 0x17, 0xdf, 0xff,
    0xff, 0xc5, 0x00, 0x00, 0x00, 0x00, 0x39, 0xff,
    0xff, 0xff, 0xb4, 0x00, 0x00, 0x00, 0x00, 0x5c,
    0xff, 0xff, 0xff, 0x92, 0x00, 0x00, 0x00, 0x02,
    0x8e, 0xff, 0xff, 0xfe, 0x71, 0x00, 0x00, 0x00,
    0x04, 0xbf, 0xff, 0xff, 0xfc, 0x50, 0x00, 0x00,
    0x00, 0x00, 0x0f, 0xff, 0xff, 0xfa, 0x30, 0x00,
    0x00, 0x00, 0x00, 0x00, 0x0f, 0xff, 0xe8, 0x10,
    0x00, 0x00, 0x00, 0x00, 0x00, 0x00, 0x0f, 0xd6,
    0x00, 0x00, 0x00, 0x00, 0x00, 0x00, 0x00, 0x00,
    0x04, 0x00, 0x00, 0x00, 0x00, 0x00, 0x00, 0x00,
    0x00, 0x00,

    /* U+003F "?" */
    0x00, 0x03, 0x7b, 0xdf, 0xff, 0xeb, 0x60, 0x00,
    0x00, 0x6d, 0xff, 0xff, 0xff, 0xff, 0xff, 0xe5,
    0x00, 0x6f, 0xff, 0xff, 0xff, 0xff, 0xff, 0xff,
    0xf5, 0x00, 0xef, 0xff, 0xeb, 0xa9, 0xae, 0xff,
    0xff, 0xf1, 0x08, 0xf9, 0x40, 0x00, 0x00, 0x06,
    0xff, 0xff, 0x80, 0x01, 0x00, 0x00, 0x00, 0x00,
    0x08, 0xff, 0xfc, 0x00, 0x00, 0x00, 0x00, 0x00,
    0x00, 0x3f, 0xff, 0xd0, 0x00, 0x00, 0x00, 0x00,
    0x00, 0x02, 0xff, 0xfd, 0x00, 0x00, 0x00, 0x00,
    0x00, 0x00, 0x5f, 0xff, 0xb0, 0x00, 0x00, 0x00,
    0x00, 0x00, 0x0c, 0xff, 0xf6, 0x00, 0x00, 0x00,
    0x00, 0x00, 0x09, 0xff, 0xfe, 0x00, 0x00, 0x00,
    0x00, 0x00, 0x0a, 0xff, 0xff, 0x40, 0x00, 0x00,
    0x00, 0x00, 0x1d, 0xff, 0xff, 0x50, 0x00, 0x00,
    0x00, 0x00, 0x3e, 0xff, 0xfe, 0x40, 0x00, 0x00,
    0x00, 0x00, 0x1e, 0xff, 0xfd, 0x10, 0x00, 0x00,
    0x00, 0x00, 0x0a, 0xff, 0xfb, 0x00, 0x00, 0x00,
    0x00, 0x00, 0x01, 0xff, 0xfd, 0x00, 0x00, 0x00,
    0x00, 0x00, 0x00, 0x4f, 0xff, 0x40, 0x00, 0x00,
    0x00, 0x00, 0x00, 0x05, 0xff, 0xf0, 0x00, 0x00,
    0x00, 0x00, 0x00, 0x00, 0x5f, 0xff, 0x00, 0x00,
    0x00, 0x00, 0x00, 0x00, 0x00, 0x11, 0x10, 0x00,
    0x00, 0x00, 0x00, 0x00, 0x00, 0x00, 0x00, 0x00,
    0x00, 0x00, 0x00, 0x00, 0x00, 0x00, 0x00, 0x00,
    0x00, 0x00, 0x00, 0x00, 0x00, 0x00, 0x2a, 0xca,
    0x20, 0x00, 0x00, 0x00, 0x00, 0x00, 0x0e, 0xff,
    0xfe, 0x00, 0x00, 0x00, 0x00, 0x00, 0x03, 0xff,
    0xff, 0xf2, 0x00, 0x00, 0x00, 0x00, 0x00, 0x4f,
    0xff, 0xff, 0x30, 0x00, 0x00, 0x00, 0x00, 0x00,
    0xff, 0xff, 0xe0, 0x00, 0x00, 0x00, 0x00, 0x00,
    0x04, 0xdf, 0xc3, 0x00, 0x00, 0x00, 0x00,

    /* U+0040 "@" */
    0x00, 0x00, 0x00, 0x00, 0x00, 0x03, 0x7a, 0xde,
    0xff, 0xfd, 0xb7, 0x30, 0x00, 0x00, 0x00, 0x00,
    0x00, 0x00, 0x00, 0x00, 0x07, 0xdf, 0xff, 0xff,
    0xff, 0xff, 0xff, 0xfd, 0x60, 0x00, 0x00, 0x00,
    0x00, 0x00, 0x00, 0x05, 0xef, 0xff, 0xff, 0xff,
    0xff, 0xff, 0xff, 0xff, 0xfd, 0x30, 0x00, 0x00,
    0x00, 0x00, 0x00, 0xaf, 0xff, 0xff, 0x95, 0x20,
    0x00, 0x02, 0x59, 0xff, 0xff, 0xf5, 0x00, 0x00,
    0x00, 0x00, 0x0c, 0xff, 0xfe, 0x60, 0x00, 0x00,
    0x00, 0x00, 0x00, 0x08, 0xff, 0xff, 0x50, 0x00,
    0x00, 0x00, 0xcf, 0xff, 0xa1, 0x00, 0x00, 0x00,
    0x00, 0x00, 0x00, 0x00, 0x2e, 0xff, 0xf3, 0x00,
    0x00, 0x09, 0xff, 0xf8, 0x00, 0x00, 0x00, 0x00,
    0x00, 0x00, 0x00, 0x00, 0x02, 0xef, 0xfd, 0x00,
    0x00, 0x3f, 0xff, 0x90, 0x00, 0x00, 0x00, 0x00,
    0x00, 0x00, 0x00, 0x00, 0x00, 0x4f, 0xff, 0x50,
    0x00, 0xcf, 0xfd, 0x00, 0x00, 0x00, 0x17, 0xbe,
    0xff, 0xed, 0xb7, 0x30, 0x00, 0x0a, 0xff, 0xc0,
    0x04, 0xff, 0xf4, 0x00, 0x00, 0x06, 0xff, 0xff,
    0xff, 0xff, 0xff, 0xf2, 0x00, 0x03, 0xff, 0xf2,
    0x0a, 0xff, 0xc0, 0x00, 0x00, 0x8f, 0xff, 0xff,
    0xdd, 0xff, 0xff, 0xf1, 0x00, 0x00, 0xef, 0xf6,
    0x0f, 0xff, 0x60, 0x00, 0x05, 0xff, 0xfe, 0x50,
    0x00, 0x07, 0xff, 0xf0, 0x00, 0x00, 0xbf, 0xf9,
    0x4f, 0xff, 0x10, 0x00, 0x0e, 0xff, 0xe2, 0x00,
    0x00, 0x07, 0xff, 0xf0, 0x00, 0x00, 0x9f, 0xfb,
    0x7f, 0xfe, 0x00, 0x00, 0x5f, 0xff, 0x60, 0x00,
    0x00, 0x08, 0xff, 0xe0, 0x00, 0x00, 0x8f, 0xfc,
    0x9f, 0xfb, 0x00, 0x00, 0x9f, 0xff, 0x00, 0x00,
    0x00, 0x08, 0xff, 0xe0, 0x00, 0x00, 0x7f, 0xfc,
    0xbf, 0xf9, 0x00, 0x00, 0xcf, 0xfc, 0x00, 0x00,
    0x00, 0x09, 0xff, 0xd0, 0x00, 0x00, 0x8f, 0xfb,
    0xcf, 0xf8, 0x00, 0x00, 0xdf, 0xfb, 0x00, 0x00,
    0x00, 0x0b, 0xff, 0xc0, 0x00, 0x00, 0xaf, 0xf9,
    0xcf, 0xf8, 0x00, 0x00, 0xdf, 0xfb, 0x00, 0x00,
    0x00, 0x0d, 0xff, 0xb0, 0x00, 0x00, 0xdf, 0xf5,
    0xcf, 0xf9, 0x00, 0x00, 0xbf, 0xfd, 0x00, 0x00,
    0x00, 0x2f, 0xff, 0xb0, 0x00, 0x02, 0xff, 0xf1,
    0xaf, 0xfa, 0x00, 0x00, 0x7f, 0xff, 0x30, 0x00,
    0x00, 0x9f, 0xff, 0xd0, 0x00, 0x0a, 0xff, 0xb0,
    0x8f, 0xfd, 0x00, 0x00, 0x1f, 0xff, 0xe3, 0x00,
    0x07, 0xff, 0xef, 0xf5, 0x00, 0x6f, 0xff, 0x30,
    0x5f, 0xff, 0x10, 0x00, 0x08, 0xff, 0xff, 0xed,
    0xff, 0xfb, 0x4f, 0xff, 0xde, 0xff, 0xf8, 0x00,
    0x1f, 0xff, 0x60, 0x00, 0x00, 0xaf, 0xff, 0xff,
    0xff, 0xb0, 0x09, 0xff, 0xff, 0xff, 0x90, 0x00,
    0x0c, 0xff, 0xd0, 0x00, 0x00, 0x04, 0xbe, 0xff,
    0xc6, 0x00, 0x00, 0x6d, 0xff, 0xb5, 0x00, 0x00,
    0x05, 0xff, 0xf6, 0x00, 0x00, 0x00, 0x00, 0x00,
    0x00, 0x00, 0x00, 0x00, 0x00, 0x00, 0x00, 0x00,
    0x00, 0xcf, 0xff, 0x30, 0x00, 0x00, 0x00, 0x00,
    0x00, 0x00, 0x00, 0x00, 0x00, 0x00, 0x00, 0x00,
    0x00, 0x3f, 0xff, 0xe3, 0x00, 0x00, 0x00, 0x00,
    0x00, 0x00, 0x00, 0x00, 0x00, 0x00, 0x00, 0x00,
    0x00, 0x05, 0xff, 0xff, 0x81, 0x00, 0x00, 0x00,
    0x00, 0x00, 0x00, 0x27, 0x20, 0x00, 0x00, 0x00,
    0x00, 0x00, 0x5f, 0xff, 0xff, 0xa6, 0x31, 0x00,
    0x01, 0x36, 0x9d, 0xff, 0x30, 0x00, 0x00, 0x00,
    0x00, 0x00, 0x03, 0xdf, 0xff, 0xff, 0xff, 0xff,
    0xff, 0xff, 0xff, 0xff, 0x30, 0x00, 0x00, 0x00,
    0x00, 0x00, 0x00, 0x05, 0xdf, 0xff, 0xff, 0xff,
    0xff, 0xff, 0xff, 0xfa, 0x10, 0x00, 0x00, 0x00,
    0x00, 0x00, 0x00, 0x00, 0x02, 0x7a, 0xde, 0xff,
    0xfe, 0xda, 0x74, 0x00, 0x00, 0x00, 0x00, 0x00,

    /* U+0041 "A" */
    0x00, 0x00, 0x00, 0x00, 0x00, 0x5f, 0xff, 0xf8,
    0x00, 0x00, 0x00, 0x00, 0x00, 0x00, 0x00, 0x00,
    0x00, 0x00, 0x0b, 0xff, 0xff, 0xd0, 0x00, 0x00,
    0x00, 0x00, 0x00, 0x00, 0x00, 0x00, 0x00, 0x01,
    0xff, 0xff, 0xff, 0x40, 0x00, 0x00, 0x00, 0x00,
    0x00, 0x00, 0x00, 0x00, 0x00, 0x7f, 0xff, 0xff,
    0xf9, 0x00, 0x00, 0x00, 0x00, 0x00, 0x00, 0x00,
    0x00, 0x00, 0x0d, 0xff, 0xed, 0xff, 0xf0, 0x00,
    0x00, 0x00, 0x00, 0x00, 0x00, 0x00, 0x00, 0x03,
    0xff, 0xfa, 0x8f, 0xff, 0x50, 0x00, 0x00, 0x00,
    0x00, 0x00, 0x00, 0x00, 0x00, 0x9f, 0xff, 0x63,
    0xff, 0xfc, 0x00, 0x00, 0x00, 0x00, 0x00, 0x00,
    0x00, 0x00, 0x0e, 0xff, 0xf2, 0x0e, 0xff, 0xf1,
    0x00, 0x00, 0x00, 0x00, 0x00, 0x00, 0x00, 0x05,
    0xff, 0xfd, 0x00, 0xaf, 0xff, 0x70, 0x00, 0x00,
    0x00, 0x00, 0x00, 0x00, 0x00, 0xbf, 0xff, 0x80,
    0x04, 0xff, 0xfd, 0x00, 0x00, 0x00, 0x00, 0x00,
    0x00, 0x00, 0x1f, 0xff, 0xf2, 0x00, 0x0e, 0xff,
    0xf3, 0x00, 0x00, 0x00, 0x00, 0x00, 0x00, 0x07,
    0xff, 0xfc, 0x00, 0x00, 0x9f, 0xff, 0x90, 0x00,
    0x00, 0x00, 0x00, 0x00, 0x00, 0xdf, 0xff, 0x70,
    0x00, 0x04, 0xff, 0xff, 0x00, 0x00, 0x00, 0x00,
    0x00, 0x00, 0x3f, 0xff, 0xf1, 0x00, 0x00, 0x0e,
    0xff, 0xf5, 0x00, 0x00, 0x00, 0x00, 0x00, 0x09,
    0xff, 0xfb, 0x00, 0x00, 0x00, 0x9f, 0xff, 0xb0,
    0x00, 0x00, 0x00, 0x00, 0x00, 0xef, 0xff, 0x60,
    0x00, 0x00, 0x03, 0xff, 0xff, 0x10, 0x00, 0x00,
    0x00, 0x00, 0x5f, 0xff, 0xf0, 0x00, 0x00, 0x00,
    0x0d, 0xff, 0xf7, 0x00, 0x00, 0x00, 0x00, 0x0b,
    0xff, 0xff, 0xff, 0xff, 0xff, 0xff, 0xff, 0xff,
    0xd0, 0x00, 0x00, 0x00, 0x01, 0xff, 0xff, 0xff,
    0xff, 0xff, 0xff, 0xff, 0xff, 0xff, 0x30, 0x00,
    0x00, 0x00, 0x7f, 0xff, 0xff, 0xff, 0xff, 0xff,
    0xff, 0xff, 0xff, 0xf9, 0x00, 0x00, 0x00, 0x0d,
    0xff, 0xfe, 0xcc, 0xcc, 0xcc, 0xcc, 0xcc, 0xdf,
    0xff, 0xf0, 0x00, 0x00, 0x03, 0xff, 0xff, 0x40,
    0x00, 0x00, 0x00, 0x00, 0x03, 0xff, 0xff, 0x50,
    0x00, 0x00, 0x9f, 0xff, 0xe0, 0x00, 0x00, 0x00,
    0x00, 0x00, 0x0d, 0xff, 0xfb, 0x00, 0x00, 0x0e,
    0xff, 0xf8, 0x00, 0x00, 0x00, 0x00, 0x00, 0x00,
    0x7f, 0xff, 0xf1, 0x00, 0x05, 0xff, 0xff, 0x20,
    0x00, 0x00, 0x00, 0x00, 0x00, 0x01, 0xff, 0xff,
    0x70, 0x00, 0xbf, 0xff, 0xd0, 0x00, 0x00, 0x00,
    0x00, 0x00, 0x00, 0x0b, 0xff, 0xfd, 0x00, 0x1f,
    0xff, 0xf7, 0x00, 0x00, 0x00, 0x00, 0x00, 0x00,
    0x00, 0x5f, 0xff, 0xf3, 0x07, 0xff, 0xff, 0x10,
    0x00, 0x00, 0x00, 0x00, 0x00, 0x00, 0x00, 0xff,
    0xff, 0x90, 0xdf, 0xff, 0xb0, 0x00, 0x00, 0x00,
    0x00, 0x00, 0x00, 0x00, 0x09, 0xff, 0xff, 0x00,

    /* U+0042 "B" */
    0x4f, 0xff, 0xff, 0xff, 0xff, 0xfe, 0xda, 0x72,
    0x00, 0x00, 0x00, 0x4f, 0xff, 0xff, 0xff, 0xff,
    0xff, 0xff, 0xff, 0xc4, 0x00, 0x00, 0x4f, 0xff,
    0xff, 0xff, 0xff, 0xff, 0xff, 0xff, 0xff, 0x60,
    0x00, 0x4f, 0xff, 0xf9, 0x99, 0x99, 0x9b, 0xef,
    0xff, 0xff, 0xf3, 0x00, 0x4f, 0xff, 0xf1, 0x00,
    0x00, 0x00, 0x04, 0xdf, 0xff, 0xfa, 0x00, 0x4f,
    0xff, 0xf1, 0x00, 0x00, 0x00, 0x00, 0x1e, 0xff,
    0xff, 0x00, 0x4f, 0xff, 0xf1, 0x00, 0x00, 0x00,
    0x00, 0x08, 0xff, 0xff, 0x10, 0x4f, 0xff, 0xf1,
    0x00, 0x00, 0x00, 0x00, 0x05, 0xff, 0xff, 0x20,
    0x4f, 0xff, 0xf1, 0x00, 0x00, 0x00, 0x00, 0x05,
    0xff, 0xff, 0x10, 0x4f, 0xff, 0xf1, 0x00, 0x00,
    0x00, 0x00, 0x08, 0xff, 0xfe, 0x00, 0x4f, 0xff,
    0xf1, 0x00, 0x00, 0x00, 0x00, 0x0e, 0xff, 0xf8,
    0x00, 0x4f, 0xff, 0xf1, 0x00, 0x00, 0x00, 0x01,
    0xbf, 0xff, 0xe1, 0x00, 0x4f, 0xff, 0xf7, 0x77,
    0x77, 0x78, 0xbf, 0xff, 0xfe, 0x20, 0x00, 0x4f,
    0xff, 0xff, 0xff, 0xff, 0xff, 0xff, 0xfd, 0x70,
    0x00, 0x00, 0x4f, 0xff, 0xff, 0xff, 0xff, 0xff,
    0xff, 0xfa, 0x61, 0x00, 0x00, 0x4f, 0xff, 0xff,
    0xff, 0xff, 0xff, 0xff, 0xff, 0xff, 0x70, 0x00,
    0x4f, 0xff, 0xf1, 0x00, 0x00, 0x01, 0x37, 0xef,
    0xff, 0xfa, 0x00, 0x4f, 0xff, 0xf1, 0x00, 0x00,
    0x00, 0x00, 0x0b, 0xff, 0xff, 0x50, 0x4f, 0xff,
    0xf1, 0x00, 0x00, 0x00, 0x00, 0x00, 0xef, 0xff,
    0xb0, 0x4f, 0xff, 0xf1, 0x00, 0x00, 0x00, 0x00,
    0x00, 0xaf, 0xff, 0xf0, 0x4f, 0xff, 0xf1, 0x00,
    0x00, 0x00, 0x00, 0x00, 0x8f, 0xff, 0xf0, 0x4f,
    0xff, 0xf1, 0x00, 0x00, 0x00, 0x00, 0x00, 0x9f,
    0xff, 0xf0, 0x4f, 0xff, 0xf1, 0x00, 0x00, 0x00,
    0x00, 0x00, 0xdf, 0xff, 0xf0, 0x4f, 0xff, 0xf1,
    0x00, 0x00, 0x00, 0x00, 0x06, 0xff, 0xff, 0xb0,
    0x4f, 0xff, 0xf1, 0x00, 0x00, 0x00, 0x00, 0x7f,
    0xff, 0xff, 0x40, 0x4f, 0xff, 0xf9, 0x99, 0x99,
    0x99, 0xbf, 0xff, 0xff, 0xfa, 0x00, 0x4f, 0xff,
    0xff, 0xff, 0xff, 0xff, 0xff, 0xff, 0xff, 0xb0,
    0x00, 0x4f, 0xff, 0xff, 0xff, 0xff, 0xff, 0xff,
    0xff, 0xe7, 0x00, 0x00, 0x4f, 0xff, 0xff, 0xff,
    0xff, 0xff, 0xed, 0xa5, 0x00, 0x00, 0x00,

    /* U+0043 "C" */
    0x00, 0x00, 0x00, 0x00, 0x16, 0xad, 0xef, 0xff,
    0xdb, 0x84, 0x00, 0x00, 0x00, 0x00, 0x01, 0x9f,
    0xff, 0xff, 0xff, 0xff, 0xff, 0xff, 0x90, 0x00,
    0x00, 0x06, 0xff, 0xff, 0xff, 0xff, 0xff, 0xff,
    0xff, 0xfc, 0x00, 0x00, 0x09, 0xff, 0xff, 0xff,
    0xfd, 0xbb, 0xcf, 0xff, 0xff, 0x50, 0x00, 0x07,
    0xff, 0xff, 0xfd, 0x50, 0x00, 0x00, 0x02, 0x7d,
    0xe0, 0x00, 0x03, 0xff, 0xff, 0xf8, 0x00, 0x00,
    0x00, 0x00, 0x00, 0x01, 0x00, 0x00, 0xcf, 0xff,
    0xf7, 0x00, 0x00, 0x00, 0x00, 0x00, 0x00, 0x00,
    0x00, 0x4f, 0xff, 0xfb, 0x00, 0x00, 0x00, 0x00,
    0x00, 0x00, 0x00, 0x00, 0x0b, 0xff, 0xff, 0x20,
    0x00, 0x00, 0x00, 0x00, 0x00, 0x00, 0x00, 0x00,
    0xff, 0xff, 0xb0, 0x00, 0x00, 0x00, 0x00, 0x00,
    0x00, 0x00, 0x00, 0x3f, 0xff, 0xf6, 0x00, 0x00,
    0x00, 0x00, 0x00, 0x00, 0x00, 0x00, 0x06, 0xff,
    0xff, 0x30, 0x00, 0x00, 0x00, 0x00, 0x00, 0x00,
    0x00, 0x00, 0x8f, 0xff, 0xf0, 0x00, 0x00, 0x00,
    0x00, 0x00, 0x00, 0x00, 0x00, 0x09, 0xff, 0xff,
    0x00, 0x00, 0x00, 0x00, 0x00, 0x00, 0x00, 0x00,
    0x00, 0xaf, 0xff, 0xe0, 0x00, 0x00, 0x00, 0x00,
    0x00, 0x00, 0x00, 0x00, 0x09, 0xff, 0xff, 0x00,
    0x00, 0x00, 0x00, 0x00, 0x00, 0x00, 0x00, 0x00,
    0x8f, 0xff, 0xf0, 0x00, 0x00, 0x00, 0x00, 0x00,
    0x00, 0x00, 0x00, 0x07, 0xff, 0xff, 0x20, 0x00,
    0x00, 0x00, 0x00, 0x00, 0x00, 0x00, 0x00, 0x4f,
    0xff, 0xf5, 0x00, 0x00, 0x00, 0x00, 0x00, 0x00,
    0x00, 0x00, 0x01, 0xff, 0xff, 0xa0, 0x00, 0x00,
    0x00, 0x00, 0x00, 0x00, 0x00, 0x00, 0x0c, 0xff,
    0xff, 0x10, 0x00, 0x00, 0x00, 0x00, 0x00, 0x00,
    0x00, 0x00, 0x7f, 0xff, 0xf9, 0x00, 0x00, 0x00,
    0x00, 0x00, 0x00, 0x00, 0x00, 0x01, 0xff, 0xff,
    0xf5, 0x00, 0x00, 0x00, 0x00, 0x00, 0x00, 0x00,
    0x00, 0x07, 0xff, 0xff, 0xf6, 0x00, 0x00, 0x00,
    0x00, 0x00, 0x00, 0x00, 0x00, 0x0c, 0xff, 0xff,
    0xfc, 0x50, 0x00, 0x00, 0x00, 0x48, 0xc0, 0x00,
    0x00, 0x1d, 0xff, 0xff, 0xff, 0xfd, 0xcb, 0xce,
    0xff, 0xff, 0x00, 0x00, 0x00, 0x1b, 0xff, 0xff,
    0xff, 0xff, 0xff, 0xff, 0xff, 0xf0, 0x00, 0x00,
    0x00, 0x06, 0xdf, 0xff, 0xff, 0xff, 0xff, 0xff,
    0xfe, 0x00, 0x00, 0x00, 0x00, 0x00, 0x48, 0xce,
    0xff, 0xfe, 0xdb, 0x84, 0x00, 0x00,

    /* U+0044 "D" */
    0x4f, 0xff, 0xff, 0xff, 0xff, 0xfe, 0xda, 0x61,
    0x00, 0x00, 0x00, 0x00, 0x4f, 0xff, 0xff, 0xff,
    0xff, 0xff, 0xff, 0xff, 0xb4, 0x00, 0x00, 0x00,
    0x4f, 0xff, 0xff, 0xff, 0xff, 0xff, 0xff, 0xff,
    0xff, 0xa0, 0x00, 0x00, 0x4f, 0xff, 0xfa, 0xaa,
    0xaa, 0xbd, 0xff, 0xff, 0xff, 0xfd, 0x10, 0x00,
    0x4f, 0xff, 0xf1, 0x00, 0x00, 0x00, 0x04, 0xaf,
    0xff, 0xff, 0xd0, 0x00, 0x4f, 0xff, 0xf1, 0x00,
    0x00, 0x00, 0x00, 0x03, 0xef, 0xff, 0xf9, 0x00,
    0x4f, 0xff, 0xf1, 0x00, 0x00, 0x00, 0x00, 0x00,
    0x2e, 0xff, 0xff, 0x30, 0x4f, 0xff, 0xf1, 0x00,
    0x00, 0x00, 0x00, 0x00, 0x04, 0xff, 0xff, 0xb0,
    0x4f, 0xff, 0xf1, 0x00, 0x00, 0x00, 0x00, 0x00,
    0x00, 0xcf, 0xff, 0xf1, 0x4f, 0xff, 0xf1, 0x00,
    0x00, 0x00, 0x00, 0x00, 0x00, 0x5f, 0xff, 0xf5,
    0x4f, 0xff, 0xf1, 0x00, 0x00, 0x00, 0x00, 0x00,
    0x00, 0x1f, 0xff, 0xf8, 0x4f, 0xff, 0xf1, 0x00,
    0x00, 0x00, 0x00, 0x00, 0x00, 0x0e, 0xff, 0xfb,
    0x4f, 0xff, 0xf1, 0x00, 0x00, 0x00, 0x00, 0x00,
    0x00, 0x0c, 0xff, 0xfc, 0x4f, 0xff, 0xf1, 0x00,
    0x00, 0x00, 0x00, 0x00, 0x00, 0x0b, 0xff, 0xfd,
    0x4f, 0xff, 0xf1, 0x00, 0x00, 0x00, 0x00, 0x00,
    0x00, 0x0b, 0xff, 0xfd, 0x4f, 0xff, 0xf1, 0x00,
    0x00, 0x00, 0x00, 0x00, 0x00, 0x0b, 0xff, 0xfd,
    0x4f, 0xff, 0xf1, 0x00, 0x00, 0x00, 0x00, 0x00,
    0x00, 0x0d, 0xff, 0xfc, 0x4f, 0xff, 0xf1, 0x00,
    0x00, 0x00, 0x00, 0x00, 0x00, 0x0f, 0xff, 0xfa,
    0x4f, 0xff, 0xf1, 0x00, 0x00, 0x00, 0x00, 0x00,
    0x00, 0x3f, 0xff, 0xf7, 0x4f, 0xff, 0xf1, 0x00,
    0x00, 0x00, 0x00, 0x00, 0x00, 0x8f, 0xff, 0xf3,
    0x4f, 0xff, 0xf1, 0x00, 0x00, 0x00, 0x00, 0x00,
    0x00, 0xef, 0xff, 0xe0, 0x4f, 0xff, 0xf1, 0x00,
    0x00, 0x00, 0x00, 0x00, 0x08, 0xff, 0xff, 0x70,
    0x4f, 0xff, 0xf1, 0x00, 0x00, 0x00, 0x00, 0x00,
    0x5f, 0xff, 0xfe, 0x10, 0x4f, 0xff, 0xf1, 0x00,
    0x00, 0x00, 0x00, 0x08, 0xff, 0xff, 0xf5, 0x00,
    0x4f, 0xff, 0xf1, 0x00, 0x00, 0x00, 0x27, 0xef,
    0xff, 0xff, 0x90, 0x00, 0x4f, 0xff, 0xfb, 0xbb,
    0xbb, 0xce, 0xff, 0xff, 0xff, 0xf9, 0x00, 0x00,
    0x4f, 0xff, 0xff, 0xff, 0xff, 0xff, 0xff, 0xff,
    0xff, 0x60, 0x00, 0x00, 0x4f, 0xff, 0xff, 0xff,
    0xff, 0xff, 0xff, 0xfe, 0x81, 0x00, 0x00, 0x00,
    0x4f, 0xff, 0xff, 0xff, 0xff, 0xfd, 0xb8, 0x40,
    0x00, 0x00, 0x00, 0x00,

    /* U+0045 "E" */
    0x4f, 0xff, 0xff, 0xff, 0xff, 0xff, 0xff, 0xff,
    0xe4, 0xff, 0xff, 0xff, 0xff, 0xff, 0xff, 0xff,
    0xfe, 0x4f, 0xff, 0xff, 0xff, 0xff, 0xff, 0xff,
    0xff, 0xe4, 0xff, 0xff, 0xcb, 0xbb, 0xbb, 0xbb,
    0xbb, 0xba, 0x4f, 0xff, 0xf1, 0x00, 0x00, 0x00,
    0x00, 0x00, 0x04, 0xff, 0xff, 0x10, 0x00, 0x00,
    0x00, 0x00, 0x00, 0x4f, 0xff, 0xf1, 0x00, 0x00,
    0x00, 0x00, 0x00, 0x04, 0xff, 0xff, 0x10, 0x00,
    0x00, 0x00, 0x00, 0x00, 0x4f, 0xff, 0xf1, 0x00,
    0x00, 0x00, 0x00, 0x00, 0x04, 0xff, 0xff, 0x10,
    0x00, 0x00, 0x00, 0x00, 0x00, 0x4f, 0xff, 0xf1,
    0x00, 0x00, 0x00, 0x00, 0x00, 0x04, 0xff, 0xff,
    0x10, 0x00, 0x00, 0x00, 0x00, 0x00, 0x4f, 0xff,
    0xfb, 0xbb, 0xbb, 0xbb, 0xbb, 0xbb, 0x14, 0xff,
    0xff, 0xff, 0xff, 0xff, 0xff, 0xff, 0xf2, 0x4f,
    0xff, 0xff, 0xff, 0xff, 0xff, 0xff, 0xff, 0x24,
    0xff, 0xff, 0xff, 0xff, 0xff, 0xff, 0xff, 0xf2,
    0x4f, 0xff, 0xf1, 0x00, 0x00, 0x00, 0x00, 0x00,
    0x04, 0xff, 0xff, 0x10, 0x00, 0x00, 0x00, 0x00,
    0x00, 0x4f, 0xff, 0xf1, 0x00, 0x00, 0x00, 0x00,
    0x00, 0x04, 0xff, 0xff, 0x10, 0x00, 0x00, 0x00,
    0x00, 0x00, 0x4f, 0xff, 0xf1, 0x00, 0x00, 0x00,
    0x00, 0x00, 0x04, 0xff, 0xff, 0x10, 0x00, 0x00,
    0x00, 0x00, 0x00, 0x4f, 0xff, 0xf1, 0x00, 0x00,
    0x00, 0x00, 0x00, 0x04, 0xff, 0xff, 0x10, 0x00,
    0x00, 0x00, 0x00, 0x00, 0x4f, 0xff, 0xf1, 0x00,
    0x00, 0x00, 0x00, 0x00, 0x04, 0xff, 0xff, 0xcb,
    0xbb, 0xbb, 0xbb, 0xbb, 0xba, 0x4f, 0xff, 0xff,
    0xff, 0xff, 0xff, 0xff, 0xff, 0xe4, 0xff, 0xff,
    0xff, 0xff, 0xff, 0xff, 0xff, 0xfe, 0x4f, 0xff,
    0xff, 0xff, 0xff, 0xff, 0xff, 0xff, 0xe0,

    /* U+0046 "F" */
    0x4f, 0xff, 0xff, 0xff, 0xff, 0xff, 0xff, 0xff,
    0xe4, 0xff, 0xff, 0xff, 0xff, 0xff, 0xff, 0xff,
    0xfe, 0x4f, 0xff, 0xff, 0xff, 0xff, 0xff, 0xff,
    0xff, 0xe4, 0xff, 0xff, 0xbb, 0xbb, 0xbb, 0xbb,
    0xbb, 0xba, 0x4f, 0xff, 0xf0, 0x00, 0x00, 0x00,
    0x00, 0x00, 0x04, 0xff, 0xff, 0x00, 0x00, 0x00,
    0x00, 0x00, 0x00, 0x4f, 0xff, 0xf0, 0x00, 0x00,
    0x00, 0x00, 0x00, 0x04, 0xff, 0xff, 0x00, 0x00,
    0x00, 0x00, 0x00, 0x00, 0x4f, 0xff, 0xf0, 0x00,
    0x00, 0x00, 0x00, 0x00, 0x04, 0xff, 0xff, 0x00,
    0x00, 0x00, 0x00, 0x00, 0x00, 0x4f, 0xff, 0xf0,
    0x00, 0x00, 0x00, 0x00, 0x00, 0x04, 0xff, 0xff,
    0x00, 0x00, 0x00, 0x00, 0x00, 0x00, 0x4f, 0xff,
    0xf0, 0x00, 0x00, 0x00, 0x00, 0x00, 0x04, 0xff,
    0xff, 0xbb, 0xbb, 0xbb, 0xbb, 0xbb, 0xb1, 0x4f,
    0xff, 0xff, 0xff, 0xff, 0xff, 0xff, 0xff, 0x24,
    0xff, 0xff, 0xff, 0xff, 0xff, 0xff, 0xff, 0xf2,
    0x4f, 0xff, 0xff, 0xff, 0xff, 0xff, 0xff, 0xff,
    0x24, 0xff, 0xff, 0x00, 0x00, 0x00, 0x00, 0x00,
    0x00, 0x4f, 0xff, 0xf0, 0x00, 0x00, 0x00, 0x00,
    0x00, 0x04, 0xff, 0xff, 0x00, 0x00, 0x00, 0x00,
    0x00, 0x00, 0x4f, 0xff, 0xf0, 0x00, 0x00, 0x00,
    0x00, 0x00, 0x04, 0xff, 0xff, 0x00, 0x00, 0x00,
    0x00, 0x00, 0x00, 0x4f, 0xff, 0xf0, 0x00, 0x00,
    0x00, 0x00, 0x00, 0x04, 0xff, 0xff, 0x00, 0x00,
    0x00, 0x00, 0x00, 0x00, 0x4f, 0xff, 0xf0, 0x00,
    0x00, 0x00, 0x00, 0x00, 0x04, 0xff, 0xff, 0x00,
    0x00, 0x00, 0x00, 0x00, 0x00, 0x4f, 0xff, 0xf0,
    0x00, 0x00, 0x00, 0x00, 0x00, 0x04, 0xff, 0xff,
    0x00, 0x00, 0x00, 0x00, 0x00, 0x00, 0x4f, 0xff,
    0xf0, 0x00, 0x00, 0x00, 0x00, 0x00, 0x00,

    /* U+0047 "G" */
    0x00, 0x00, 0x00, 0x00, 0x02, 0x7a, 0xde, 0xff,
    0xfe, 0xc9, 0x61, 0x00, 0x00, 0x00, 0x00, 0x00,
    0x5d, 0xff, 0xff, 0xff, 0xff, 0xff, 0xff, 0xfc,
    0x50, 0x00, 0x00, 0x02, 0xcf, 0xff, 0xff, 0xff,
    0xff, 0xff, 0xff, 0xff, 0xf8, 0x00, 0x00, 0x04,
    0xff, 0xff, 0xff, 0xff, 0xcb, 0xbc, 0xef, 0xff,
    0xff, 0x10, 0x00, 0x04, 0xff, 0xff, 0xff, 0x93,
    0x00, 0x00, 0x00, 0x15, 0x9f, 0xa0, 0x00, 0x01,
    0xef, 0xff, 0xfc, 0x10, 0x00, 0x00, 0x00, 0x00,
    0x00, 0x01, 0x00, 0x00, 0xaf, 0xff, 0xfa, 0x00,
    0x00, 0x00, 0x00, 0x00, 0x00, 0x00, 0x00, 0x00,
    0x3f, 0xff, 0xfd, 0x00, 0x00, 0x00, 0x00, 0x00,
    0x00, 0x00, 0x00, 0x00, 0x0a, 0xff, 0xff, 0x30,
    0x00, 0x00, 0x00, 0x00, 0x00, 0x00, 0x00, 0x00,
    0x00, 0xff, 0xff, 0xc0, 0x00, 0x00, 0x00, 0x00,
    0x00, 0x00, 0x00, 0x00, 0x00, 0x3f, 0xff, 0xf6,
    0x00, 0x00, 0x00, 0x00, 0x00, 0x00, 0x00, 0x00,
    0x00, 0x06, 0xff, 0xff, 0x20, 0x00, 0x00, 0x00,
    0x00, 0x00, 0x00, 0x00, 0x00, 0x00, 0x8f, 0xff,
    0xf0, 0x00, 0x00, 0x00, 0x00, 0x00, 0x00, 0x00,
    0x00, 0x00, 0x09, 0xff, 0xfe, 0x00, 0x00, 0x00,
    0x00, 0x0b, 0xbb, 0xbb, 0xbb, 0xbb, 0xb3, 0xaf,
    0xff, 0xe0, 0x00, 0x00, 0x00, 0x00, 0xff, 0xff,
    0xff, 0xff, 0xff, 0x49, 0xff, 0xfe, 0x00, 0x00,
    0x00, 0x00, 0x0f, 0xff, 0xff, 0xff, 0xff, 0xf4,
    0x8f, 0xff, 0xf0, 0x00, 0x00, 0x00, 0x00, 0xff,
    0xff, 0xff, 0xff, 0xff, 0x47, 0xff, 0xff, 0x20,
    0x00, 0x00, 0x00, 0x00, 0x00, 0x00, 0x0f, 0xff,
    0xf4, 0x4f, 0xff, 0xf5, 0x00, 0x00, 0x00, 0x00,
    0x00, 0x00, 0x00, 0xff, 0xff, 0x40, 0xff, 0xff,
    0xa0, 0x00, 0x00, 0x00, 0x00, 0x00, 0x00, 0x0f,
    0xff, 0xf4, 0x0c, 0xff, 0xff, 0x10, 0x00, 0x00,
    0x00, 0x00, 0x00, 0x00, 0xff, 0xff, 0x40, 0x6f,
    0xff, 0xfa, 0x00, 0x00, 0x00, 0x00, 0x00, 0x00,
    0x0f, 0xff, 0xf4, 0x00, 0xef, 0xff, 0xf6, 0x00,
    0x00, 0x00, 0x00, 0x00, 0x00, 0xff, 0xff, 0x40,
    0x05, 0xff, 0xff, 0xf8, 0x00, 0x00, 0x00, 0x00,
    0x00, 0x0f, 0xff, 0xf4, 0x00, 0x09, 0xff, 0xff,
    0xfd, 0x61, 0x00, 0x00, 0x00, 0x03, 0xff, 0xff,
    0x40, 0x00, 0x0b, 0xff, 0xff, 0xff, 0xfe, 0xcb,
    0xbc, 0xef, 0xff, 0xff, 0xf4, 0x00, 0x00, 0x08,
    0xff, 0xff, 0xff, 0xff, 0xff, 0xff, 0xff, 0xff,
    0xff, 0x40, 0x00, 0x00, 0x03, 0xbf, 0xff, 0xff,
    0xff, 0xff, 0xff, 0xff, 0xff, 0xb2, 0x00, 0x00,
    0x00, 0x00, 0x16, 0xad, 0xef, 0xff, 0xed, 0xc9,
    0x73, 0x00, 0x00,

    /* U+0048 "H" */
    0x4f, 0xff, 0xf1, 0x00, 0x00, 0x00, 0x00, 0x00,
    0x00, 0x4f, 0xff, 0xf0, 0x4f, 0xff, 0xf1, 0x00,
    0x00, 0x00, 0x00, 0x00, 0x00, 0x4f, 0xff, 0xf0,
    0x4f, 0xff, 0xf1, 0x00, 0x00, 0x00, 0x00, 0x00,
    0x00, 0x4f, 0xff, 0xf0, 0x4f, 0xff, 0xf1, 0x00,
    0x00, 0x00, 0x00, 0x00, 0x00, 0x4f, 0xff, 0xf0,
    0x4f, 0xff, 0xf1, 0x00, 0x00, 0x00, 0x00, 0x00,
    0x00, 0x4f, 0xff, 0xf0, 0x4f, 0xff, 0xf1, 0x00,
    0x00, 0x00, 0x00, 0x00, 0x00, 0x4f, 0xff, 0xf0,
    0x4f, 0xff, 0xf1, 0x00, 0x00, 0x00, 0x00, 0x00,
    0x00, 0x4f, 0xff, 0xf0, 0x4f, 0xff, 0xf1, 0x00,
    0x00, 0x00, 0x00, 0x00, 0x00, 0x4f, 0xff, 0xf0,
    0x4f, 0xff, 0xf1, 0x00, 0x00, 0x00, 0x00, 0x00,
    0x00, 0x4f, 0xff, 0xf0, 0x4f, 0xff, 0xf1, 0x00,
    0x00, 0x00, 0x00, 0x00, 0x00, 0x4f, 0xff, 0xf0,
    0x4f, 0xff, 0xf1, 0x00, 0x00, 0x00, 0x00, 0x00,
    0x00, 0x4f, 0xff, 0xf0, 0x4f, 0xff, 0xf1, 0x00,
    0x00, 0x00, 0x00, 0x00, 0x00, 0x4f, 0xff, 0xf0,
    0x4f, 0xff, 0xfc, 0xcc, 0xcc, 0xcc, 0xcc, 0xcc,
    0xcc, 0xdf, 0xff, 0xf0, 0x4f, 0xff, 0xff, 0xff,
    0xff, 0xff, 0xff, 0xff, 0xff, 0xff, 0xff, 0xf0,
    0x4f, 0xff, 0xff, 0xff, 0xff, 0xff, 0xff, 0xff,
    0xff, 0xff, 0xff, 0xf0, 0x4f, 0xff, 0xff, 0xff,
    0xff, 0xff, 0xff, 0xff, 0xff, 0xff, 0xff, 0xf0,
    0x4f, 0xff, 0xf1, 0x00, 0x00, 0x00, 0x00, 0x00,
    0x00, 0x4f, 0xff, 0xf0, 0x4f, 0xff, 0xf1, 0x00,
    0x00, 0x00, 0x00, 0x00, 0x00, 0x4f, 0xff, 0xf0,
    0x4f, 0xff, 0xf1, 0x00, 0x00, 0x00, 0x00, 0x00,
    0x00, 0x4f, 0xff, 0xf0, 0x4f, 0xff, 0xf1, 0x00,
    0x00, 0x00, 0x00, 0x00, 0x00, 0x4f, 0xff, 0xf0,
    0x4f, 0xff, 0xf1, 0x00, 0x00, 0x00, 0x00, 0x00,
    0x00, 0x4f, 0xff, 0xf0, 0x4f, 0xff, 0xf1, 0x00,
    0x00, 0x00, 0x00, 0x00, 0x00, 0x4f, 0xff, 0xf0,
    0x4f, 0xff, 0xf1, 0x00, 0x00, 0x00, 0x00, 0x00,
    0x00, 0x4f, 0xff, 0xf0, 0x4f, 0xff, 0xf1, 0x00,
    0x00, 0x00, 0x00, 0x00, 0x00, 0x4f, 0xff, 0xf0,
    0x4f, 0xff, 0xf1, 0x00, 0x00, 0x00, 0x00, 0x00,
    0x00, 0x4f, 0xff, 0xf0, 0x4f, 0xff, 0xf1, 0x00,
    0x00, 0x00, 0x00, 0x00, 0x00, 0x4f, 0xff, 0xf0,
    0x4f, 0xff, 0xf1, 0x00, 0x00, 0x00, 0x00, 0x00,
    0x00, 0x4f, 0xff, 0xf0, 0x4f, 0xff, 0xf1, 0x00,
    0x00, 0x00, 0x00, 0x00, 0x00, 0x4f, 0xff, 0xf0,
    0x4f, 0xff, 0xf1, 0x00, 0x00, 0x00, 0x00, 0x00,
    0x00, 0x4f, 0xff, 0xf0,

    /* U+0049 "I" */
    0x7f, 0xff, 0xff, 0xff, 0xff, 0xfb, 0x7f, 0xff,
    0xff, 0xff, 0xff, 0xfb, 0x4c, 0xff, 0xff, 0xff,
    0xff, 0xd6, 0x00, 0x15, 0xff, 0xff, 0x81, 0x00,
    0x00, 0x00, 0xff, 0xff, 0x50, 0x00, 0x00, 0x00,
    0xff, 0xff, 0x50, 0x00, 0x00, 0x00, 0xff, 0xff,
    0x50, 0x00, 0x00, 0x00, 0xff, 0xff, 0x50, 0x00,
    0x00, 0x00, 0xff, 0xff, 0x50, 0x00, 0x00, 0x00,
    0xff, 0xff, 0x50, 0x00, 0x00, 0x00, 0xff, 0xff,
    0x50, 0x00, 0x00, 0x00, 0xff, 0xff, 0x50, 0x00,
    0x00, 0x00, 0xff, 0xff, 0x50, 0x00, 0x00, 0x00,
    0xff, 0xff, 0x50, 0x00, 0x00, 0x00, 0xff, 0xff,
    0x50, 0x00, 0x00, 0x00, 0xff, 0xff, 0x50, 0x00,
    0x00, 0x00, 0xff, 0xff, 0x50, 0x00, 0x00, 0x00,
    0xff, 0xff, 0x50, 0x00, 0x00, 0x00, 0xff, 0xff,
    0x50, 0x00, 0x00, 0x00, 0xff, 0xff, 0x50, 0x00,
    0x00, 0x00, 0xff, 0xff, 0x50, 0x00, 0x00, 0x00,
    0xff, 0xff, 0x50, 0x00, 0x00, 0x00, 0xff, 0xff,
    0x50, 0x00, 0x00, 0x00, 0xff, 0xff, 0x50, 0x00,
    0x00, 0x00, 0xff, 0xff, 0x50, 0x00, 0x00, 0x05,
    0xff, 0xff, 0x81, 0x00, 0x4c, 0xff, 0xff, 0xff,
    0xff, 0xd6, 0x7f, 0xff, 0xff, 0xff, 0xff, 0xfb,
    0x7f, 0xff, 0xff, 0xff, 0xff, 0xfb,

    /* U+004A "J" */
    0x00, 0x00, 0x00, 0x06, 0xff, 0xff, 0x00, 0x00,
    0x00, 0x06, 0xff, 0xff, 0x00, 0x00, 0x00, 0x06,
    0xff, 0xff, 0x00, 0x00, 0x00, 0x06, 0xff, 0xff,
    0x00, 0x00, 0x00, 0x06, 0xff, 0xff, 0x00, 0x00,
    0x00, 0x06, 0xff, 0xff, 0x00, 0x00, 0x00, 0x06,
    0xff, 0xff, 0x00, 0x00, 0x00, 0x06, 0xff, 0xff,
    0x00, 0x00, 0x00, 0x06, 0xff, 0xff, 0x00, 0x00,
    0x00, 0x06, 0xff, 0xff, 0x00, 0x00, 0x00, 0x06,
    0xff, 0xff, 0x00, 0x00, 0x00, 0x06, 0xff, 0xff,
    0x00, 0x00, 0x00, 0x06, 0xff, 0xff, 0x00, 0x00,
    0x00, 0x06, 0xff, 0xff, 0x00, 0x00, 0x00, 0x06,
    0xff, 0xff, 0x00, 0x00, 0x00, 0x06, 0xff, 0xff,
    0x00, 0x00, 0x00, 0x06, 0xff, 0xff, 0x00, 0x00,
    0x00, 0x06, 0xff, 0xff, 0x00, 0x00, 0x00, 0x06,
    0xff, 0xff, 0x00, 0x00, 0x00, 0x06, 0xff, 0xff,
    0x00, 0x00, 0x00, 0x06, 0xff, 0xff, 0x00, 0x00,
    0x00, 0x06, 0xff, 0xff, 0x00, 0x00, 0x00, 0x06,
    0xff, 0xff, 0x00, 0x00, 0x00, 0x06, 0xff, 0xff,
    0x00, 0x00, 0x00, 0x06, 0xff, 0xff, 0x00, 0x00,
    0x00, 0x06, 0xff, 0xff, 0x00, 0x00, 0x00, 0x06,
    0xff, 0xff, 0x00, 0x00, 0x00, 0x06, 0xff, 0xff,
    0x00, 0x00, 0x00, 0x06, 0xff, 0xff, 0x00, 0x00,
    0x00, 0x07, 0xff, 0xfd, 0x00, 0x00, 0x00, 0x0b,
    0xff, 0xfb, 0x00, 0x00, 0x00, 0x2f, 0xff, 0xf8,
    0x04, 0x10, 0x15, 0xef, 0xff, 0xf2, 0x2f, 0xff,
    0xff, 0xff, 0xff, 0x90, 0x2f, 0xff, 0xff, 0xff,
    0xfc, 0x00, 0x2f, 0xff, 0xff, 0xff, 0x90, 0x00,
    0x06, 0x9a, 0xa9, 0x61, 0x00, 0x00,

    /* U+004B "K" */
    0x4f, 0xff, 0xf1, 0x00, 0x00, 0x00, 0x00, 0x00,
    0x7f, 0xff, 0xf7, 0x04, 0xff, 0xff, 0x10, 0x00,
    0x00, 0x00, 0x00, 0x4f, 0xff, 0xfa, 0x00, 0x4f,
    0xff, 0xf1, 0x00, 0x00, 0x00, 0x00, 0x3f, 0xff,
    0xfc, 0x00, 0x04, 0xff, 0xff, 0x10, 0x00, 0x00,
    0x00, 0x1e, 0xff, 0xfd, 0x10, 0x00, 0x4f, 0xff,
    0xf1, 0x00, 0x00, 0x00, 0x0c, 0xff, 0xfe, 0x20,
    0x00, 0x04, 0xff, 0xff, 0x10, 0x00, 0x00, 0x0a,
    0xff, 0xff, 0x30, 0x00, 0x00, 0x4f, 0xff, 0xf1,
    0x00, 0x00, 0x08, 0xff, 0xff, 0x50, 0x00, 0x00,
    0x04, 0xff, 0xff, 0x10, 0x00, 0x05, 0xff, 0xff,
    0x70, 0x00, 0x00, 0x00, 0x4f, 0xff, 0xf1, 0x00,
    0x03, 0xff, 0xff, 0xa0, 0x00, 0x00, 0x00, 0x04,
    0xff, 0xff, 0x10, 0x02, 0xef, 0xff, 0xb0, 0x00,
    0x00, 0x00, 0x00, 0x4f, 0xff, 0xf1, 0x01, 0xdf,
    0xff, 0xd1, 0x00, 0x00, 0x00, 0x00, 0x04, 0xff,
    0xff, 0x10, 0xcf, 0xff, 0xe2, 0x00, 0x00, 0x00,
    0x00, 0x00, 0x4f, 0xff, 0xf1, 0xaf, 0xff, 0xf3,
    0x00, 0x00, 0x00, 0x00, 0x00, 0x04, 0xff, 0xff,
    0x9f, 0xff, 0xff, 0x80, 0x00, 0x00, 0x00, 0x00,
    0x00, 0x4f, 0xff, 0xff, 0xff, 0xff, 0xff, 0x30,
    0x00, 0x00, 0x00, 0x00, 0x04, 0xff, 0xff, 0xff,
    0xef, 0xff, 0xfd, 0x00, 0x00, 0x00, 0x00, 0x00,
    0x4f, 0xff, 0xff, 0xc1, 0x8f, 0xff, 0xf9, 0x00,
    0x00, 0x00, 0x00, 0x04, 0xff, 0xff, 0xa0, 0x00,
    0xcf, 0xff, 0xf4, 0x00, 0x00, 0x00, 0x00, 0x4f,
    0xff, 0xf1, 0x00, 0x02, 0xff, 0xff, 0xe1, 0x00,
    0x00, 0x00, 0x04, 0xff, 0xff, 0x10, 0x00, 0x06,
    0xff, 0xff, 0xa0, 0x00, 0x00, 0x00, 0x4f, 0xff,
    0xf1, 0x00, 0x00, 0x0b, 0xff, 0xff, 0x50, 0x00,
    0x00, 0x04, 0xff, 0xff, 0x10, 0x00, 0x00, 0x1e,
    0xff, 0xff, 0x10, 0x00, 0x00, 0x4f, 0xff, 0xf1,
    0x00, 0x00, 0x00, 0x5f, 0xff, 0xfb, 0x00, 0x00,
    0x04, 0xff, 0xff, 0x10, 0x00, 0x00, 0x00, 0xaf,
    0xff, 0xf6, 0x00, 0x00, 0x4f, 0xff, 0xf1, 0x00,
    0x00, 0x00, 0x00, 0xef, 0xff, 0xf2, 0x00, 0x04,
    0xff, 0xff, 0x10, 0x00, 0x00, 0x00, 0x04, 0xff,
    0xff, 0xc0, 0x00, 0x4f, 0xff, 0xf1, 0x00, 0x00,
    0x00, 0x00, 0x08, 0xff, 0xff, 0x80, 0x04, 0xff,
    0xff, 0x10, 0x00, 0x00, 0x00, 0x00, 0x0d, 0xff,
    0xff, 0x30, 0x4f, 0xff, 0xf1, 0x00, 0x00, 0x00,
    0x00, 0x00, 0x2f, 0xff, 0xfd, 0x00,

    /* U+004C "L" */
    0x4f, 0xff, 0xf1, 0x00, 0x00, 0x00, 0x00, 0x00,
    0x00, 0x4f, 0xff, 0xf1, 0x00, 0x00, 0x00, 0x00,
    0x00, 0x00, 0x4f, 0xff, 0xf1, 0x00, 0x00, 0x00,
    0x00, 0x00, 0x00, 0x4f, 0xff, 0xf1, 0x00, 0x00,
    0x00, 0x00, 0x00, 0x00, 0x4f, 0xff, 0xf1, 0x00,
    0x00, 0x00, 0x00, 0x00, 0x00, 0x4f, 0xff, 0xf1,
    0x00, 0x00, 0x00, 0x00, 0x00, 0x00, 0x4f, 0xff,
    0xf1, 0x00, 0x00, 0x00, 0x00, 0x00, 0x00, 0x4f,
    0xff, 0xf1, 0x00, 0x00, 0x00, 0x00, 0x00, 0x00,
    0x4f, 0xff, 0xf1, 0x00, 0x00, 0x00, 0x00, 0x00,
    0x00, 0x4f, 0xff, 0xf1, 0x00, 0x00, 0x00, 0x00,
    0x00, 0x00, 0x4f, 0xff, 0xf1, 0x00, 0x00, 0x00,
    0x00, 0x00, 0x00, 0x4f, 0xff, 0xf1, 0x00, 0x00,
    0x00, 0x00, 0x00, 0x00, 0x4f, 0xff, 0xf1, 0x00,
    0x00, 0x00, 0x00, 0x00, 0x00, 0x4f, 0xff, 0xf1,
    0x00, 0x00, 0x00, 0x00, 0x00, 0x00, 0x4f, 0xff,
    0xf1, 0x00, 0x00, 0x00, 0x00, 0x00, 0x00, 0x4f,
    0xff, 0xf1, 0x00, 0x00, 0x00, 0x00, 0x00, 0x00,
    0x4f, 0xff, 0xf1, 0x00, 0x00, 0x00, 0x00, 0x00,
    0x00, 0x4f, 0xff, 0xf1, 0x00, 0x00, 0x00, 0x00,
    0x00, 0x00, 0x4f, 0xff, 0xf1, 0x00, 0x00, 0x00,
    0x00, 0x00, 0x00, 0x4f, 0xff, 0xf1, 0x00, 0x00,
    0x00, 0x00, 0x00, 0x00, 0x4f, 0xff, 0xf1, 0x00,
    0x00, 0x00, 0x00, 0x00, 0x00, 0x4f, 0xff, 0xf1,
    0x00, 0x00, 0x00, 0x00, 0x00, 0x00, 0x4f, 0xff,
    0xf1, 0x00, 0x00, 0x00, 0x00, 0x00, 0x00, 0x4f,
    0xff, 0xf1, 0x00, 0x00, 0x00, 0x00, 0x00, 0x00,
    0x4f, 0xff, 0xf1, 0x00, 0x00, 0x00, 0x00, 0x00,
    0x00, 0x4f, 0xff, 0xfc, 0xcc, 0xcc, 0xcc, 0xcc,
    0xcc, 0xc3, 0x4f, 0xff, 0xff, 0xff, 0xff, 0xff,
    0xff, 0xff, 0xf4, 0x4f, 0xff, 0xff, 0xff, 0xff,
    0xff, 0xff, 0xff, 0xf4, 0x4f, 0xff, 0xff, 0xff,
    0xff, 0xff, 0xff, 0xff, 0xf4,

    /* U+004D "M" */
    0x4f, 0xff, 0xff, 0xf2, 0x00, 0x00, 0x00, 0x00,
    0x00, 0x00, 0x00, 0x06, 0xff, 0xff, 0xff, 0x4f,
    0xff, 0xff, 0xf7, 0x00, 0x00, 0x00, 0x00, 0x00,
    0x00, 0x00, 0x0b, 0xff, 0xff, 0xff, 0x4f, 0xff,
    0xff, 0xfd, 0x00, 0x00, 0x00, 0x00, 0x00, 0x00,
    0x00, 0x1f, 0xff, 0xff, 0xff, 0x4f, 0xff, 0xff,
    0xff, 0x30, 0x00, 0x00, 0x00, 0x00, 0x00, 0x00,
    0x7f, 0xff, 0xff, 0xff, 0x4f, 0xff, 0xff, 0xff,
    0x80, 0x00, 0x00, 0x00, 0x00, 0x00, 0x00, 0xdf,
    0xfe, 0xff, 0xff, 0x4f, 0xff, 0x9f, 0xff, 0xe0,
    0x00, 0x00, 0x00, 0x00, 0x00, 0x03, 0xff, 0xf8,
    0xff, 0xff, 0x4f, 0xff, 0x8c, 0xff, 0xf4, 0x00,
    0x00, 0x00, 0x00, 0x00, 0x08, 0xff, 0xf3, 0xff,
    0xff, 0x4f, 0xff, 0x96, 0xff, 0xfa, 0x00, 0x00,
    0x00, 0x00, 0x00, 0x0e, 0xff, 0xd1, 0xff, 0xff,
    0x4f, 0xff, 0x91, 0xff, 0xff, 0x00, 0x00, 0x00,
    0x00, 0x00, 0x4f, 0xff, 0x72, 0xff, 0xff, 0x4f,
    0xff, 0xa0, 0xbf, 0xff, 0x50, 0x00, 0x00, 0x00,
    0x00, 0xaf, 0xff, 0x12, 0xff, 0xff, 0x4f, 0xff,
    0xa0, 0x5f, 0xff, 0xb0, 0x00, 0x00, 0x00, 0x00,
    0xff, 0xfb, 0x02, 0xff, 0xff, 0x4f, 0xff, 0xa0,
    0x0f, 0xff, 0xf1, 0x00, 0x00, 0x00, 0x05, 0xff,
    0xf5, 0x03, 0xff, 0xff, 0x4f, 0xff, 0xb0, 0x0a,
    0xff, 0xf6, 0x00, 0x00, 0x00, 0x0b, 0xff, 0xf0,
    0x03, 0xff, 0xff, 0x4f, 0xff, 0xb0, 0x04, 0xff,
    0xfc, 0x00, 0x00, 0x00, 0x1f, 0xff, 0xa0, 0x03,
    0xff, 0xff, 0x4f, 0xff, 0xb0, 0x00, 0xef, 0xff,
    0x20, 0x00, 0x00, 0x7f, 0xff, 0x40, 0x03, 0xff,
    0xff, 0x4f, 0xff, 0xb0, 0x00, 0x8f, 0xff, 0x70,
    0x00, 0x00, 0xdf, 0xfe, 0x00, 0x03, 0xff, 0xff,
    0x4f, 0xff, 0xb0, 0x00, 0x3f, 0xff, 0xd0, 0x00,
    0x02, 0xff, 0xf9, 0x00, 0x03, 0xff, 0xff, 0x4f,
    0xff, 0xb0, 0x00, 0x0d, 0xff, 0xf3, 0x00, 0x08,
    0xff, 0xf3, 0x00, 0x03, 0xff, 0xff, 0x4f, 0xff,
    0xb0, 0x00, 0x07, 0xff, 0xf8, 0x00, 0x0e, 0xff,
    0xd0, 0x00, 0x03, 0xff, 0xff, 0x4f, 0xff, 0xb0,
    0x00, 0x01, 0xff, 0xfe, 0x00, 0x4f, 0xff, 0x70,
    0x00, 0x03, 0xff, 0xff, 0x4f, 0xff, 0xb0, 0x00,
    0x00, 0xcf, 0xff, 0x40, 0x9f, 0xff, 0x10, 0x00,
    0x03, 0xff, 0xff, 0x4f, 0xff, 0xb0, 0x00, 0x00,
    0x6f, 0xff, 0xa0, 0xff, 0xfc, 0x00, 0x00, 0x03,
    0xff, 0xff, 0x4f, 0xff, 0xb0, 0x00, 0x00, 0x1f,
    0xff, 0xf6, 0xff, 0xf6, 0x00, 0x00, 0x03, 0xff,
    0xff, 0x4f, 0xff, 0xb0, 0x00, 0x00, 0x0a, 0xff,
    0xff, 0xff, 0xf1, 0x00, 0x00, 0x03, 0xff, 0xff,
    0x4f, 0xff, 0xb0, 0x00, 0x00, 0x04, 0xff, 0xff,
    0xff, 0xa0, 0x00, 0x00, 0x03, 0xff, 0xff, 0x4f,
    0xff, 0xb0, 0x00, 0x00, 0x00, 0xef, 0xff, 0xff,
    0x50, 0x00, 0x00, 0x03, 0xff, 0xff, 0x4f, 0xff,
    0xb0, 0x00, 0x00, 0x00, 0x9f, 0xff, 0xfe, 0x00,
    0x00, 0x00, 0x03, 0xff, 0xff, 0x4f, 0xff, 0xb0,
    0x00, 0x00, 0x00, 0x3f, 0xff, 0xf9, 0x00, 0x00,
    0x00, 0x03, 0xff, 0xff, 0x4f, 0xff, 0xb0, 0x00,
    0x00, 0x00, 0x0d, 0xff, 0xf3, 0x00, 0x00, 0x00,
    0x03, 0xff, 0xff,

    /* U+004E "N" */
    0x4f, 0xff, 0xff, 0x40, 0x00, 0x00, 0x00, 0x00,
    0x00, 0x00, 0xcf, 0xff, 0x34, 0xff, 0xff, 0xfd,
    0x00, 0x00, 0x00, 0x00, 0x00, 0x00, 0x0c, 0xff,
    0xf3, 0x4f, 0xff, 0xff, 0xf8, 0x00, 0x00, 0x00,
    0x00, 0x00, 0x00, 0xcf, 0xff, 0x34, 0xff, 0xff,
    0xff, 0xf2, 0x00, 0x00, 0x00, 0x00, 0x00, 0x0c,
    0xff, 0xf3, 0x4f, 0xff, 0xff, 0xff, 0xc0, 0x00,
    0x00, 0x00, 0x00, 0x00, 0xcf, 0xff, 0x34, 0xff,
    0xfe, 0xff, 0xff, 0x60, 0x00, 0x00, 0x00, 0x00,
    0x0c, 0xff, 0xf3, 0x4f, 0xff, 0x7d, 0xff, 0xfe,
    0x10, 0x00, 0x00, 0x00, 0x00, 0xcf, 0xff, 0x34,
    0xff, 0xf7, 0x4f, 0xff, 0xfa, 0x00, 0x00, 0x00,
    0x00, 0x0c, 0xff, 0xf3, 0x4f, 0xff, 0x80, 0xaf,
    0xff, 0xf4, 0x00, 0x00, 0x00, 0x00, 0xcf, 0xff,
    0x34, 0xff, 0xf9, 0x01, 0xff, 0xff, 0xd0, 0x00,
    0x00, 0x00, 0x0c, 0xff, 0xf3, 0x4f, 0xff, 0x90,
    0x07, 0xff, 0xff, 0x80, 0x00, 0x00, 0x00, 0xcf,
    0xff, 0x34, 0xff, 0xfa, 0x00, 0x0d, 0xff, 0xff,
    0x20, 0x00, 0x00, 0x0c, 0xff, 0xf3, 0x4f, 0xff,
    0xa0, 0x00, 0x3f, 0xff, 0xfb, 0x00, 0x00, 0x00,
    0xcf, 0xff, 0x34, 0xff, 0xfb, 0x00, 0x00, 0x9f,
    0xff, 0xf6, 0x00, 0x00, 0x0c, 0xff, 0xf3, 0x4f,
    0xff, 0xb0, 0x00, 0x01, 0xef, 0xff, 0xe1, 0x00,
    0x00, 0xcf, 0xff, 0x34, 0xff, 0xfb, 0x00, 0x00,
    0x06, 0xff, 0xff, 0xa0, 0x00, 0x0c, 0xff, 0xf3,
    0x4f, 0xff, 0xb0, 0x00, 0x00, 0x0c, 0xff, 0xff,
    0x40, 0x00, 0xcf, 0xff, 0x34, 0xff, 0xfb, 0x00,
    0x00, 0x00, 0x2f, 0xff, 0xfd, 0x00, 0x0c, 0xff,
    0xf3, 0x4f, 0xff, 0xb0, 0x00, 0x00, 0x00, 0x8f,
    0xff, 0xf8, 0x00, 0xbf, 0xff, 0x34, 0xff, 0xfb,
    0x00, 0x00, 0x00, 0x00, 0xef, 0xff, 0xf2, 0x0b,
    0xff, 0xf3, 0x4f, 0xff, 0xb0, 0x00, 0x00, 0x00,
    0x04, 0xff, 0xff, 0xb0, 0xaf, 0xff, 0x34, 0xff,
    0xfb, 0x00, 0x00, 0x00, 0x00, 0x0b, 0xff, 0xff,
    0x59, 0xff, 0xf3, 0x4f, 0xff, 0xb0, 0x00, 0x00,
    0x00, 0x00, 0x1f, 0xff, 0xfe, 0x9f, 0xff, 0x34,
    0xff, 0xfb, 0x00, 0x00, 0x00, 0x00, 0x00, 0x7f,
    0xff, 0xff, 0xff, 0xf3, 0x4f, 0xff, 0xb0, 0x00,
    0x00, 0x00, 0x00, 0x00, 0xdf, 0xff, 0xff, 0xff,
    0x34, 0xff, 0xfb, 0x00, 0x00, 0x00, 0x00, 0x00,
    0x03, 0xff, 0xff, 0xff, 0xf3, 0x4f, 0xff, 0xb0,
    0x00, 0x00, 0x00, 0x00, 0x00, 0x09, 0xff, 0xff,
    0xff, 0x34, 0xff, 0xfb, 0x00, 0x00, 0x00, 0x00,
    0x00, 0x00, 0x1e, 0xff, 0xff, 0xf3, 0x4f, 0xff,
    0xb0, 0x00, 0x00, 0x00, 0x00, 0x00, 0x00, 0x6f,
    0xff, 0xff, 0x30,

    /* U+004F "O" */
    0x00, 0x00, 0x00, 0x00, 0x38, 0xbd, 0xff, 0xfe,
    0xc9, 0x50, 0x00, 0x00, 0x00, 0x00, 0x00, 0x00,
    0x05, 0xdf, 0xff, 0xff, 0xff, 0xff, 0xff, 0xf8,
    0x00, 0x00, 0x00, 0x00, 0x00, 0x0a, 0xff, 0xff,
    0xff, 0xff, 0xff, 0xff, 0xff, 0xfd, 0x30, 0x00,
    0x00, 0x00, 0x1c, 0xff, 0xff, 0xff, 0xfc, 0xbc,
    0xdf, 0xff, 0xff, 0xff, 0x40, 0x00, 0x00, 0x0b,
    0xff, 0xff, 0xf9, 0x30, 0x00, 0x00, 0x16, 0xdf,
    0xff, 0xff, 0x20, 0x00, 0x07, 0xff, 0xff, 0xe3,
    0x00, 0x00, 0x00, 0x00, 0x00, 0xaf, 0xff, 0xfc,
    0x00, 0x01, 0xff, 0xff, 0xf2, 0x00, 0x00, 0x00,
    0x00, 0x00, 0x00, 0xbf, 0xff, 0xf5, 0x00, 0x7f,
    0xff, 0xf7, 0x00, 0x00, 0x00, 0x00, 0x00, 0x00,
    0x02, 0xff, 0xff, 0xb0, 0x0c, 0xff, 0xfe, 0x00,
    0x00, 0x00, 0x00, 0x00, 0x00, 0x00, 0x09, 0xff,
    0xff, 0x11, 0xff, 0xff, 0x90, 0x00, 0x00, 0x00,
    0x00, 0x00, 0x00, 0x00, 0x4f, 0xff, 0xf6, 0x4f,
    0xff, 0xf5, 0x00, 0x00, 0x00, 0x00, 0x00, 0x00,
    0x00, 0x00, 0xff, 0xff, 0x97, 0xff, 0xff, 0x20,
    0x00, 0x00, 0x00, 0x00, 0x00, 0x00, 0x00, 0x0d,
    0xff, 0xfc, 0x8f, 0xff, 0xf0, 0x00, 0x00, 0x00,
    0x00, 0x00, 0x00, 0x00, 0x00, 0xbf, 0xff, 0xd9,
    0xff, 0xff, 0x00, 0x00, 0x00, 0x00, 0x00, 0x00,
    0x00, 0x00, 0x09, 0xff, 0xfe, 0xaf, 0xff, 0xf0,
    0x00, 0x00, 0x00, 0x00, 0x00, 0x00, 0x00, 0x00,
    0x9f, 0xff, 0xf9, 0xff, 0xff, 0x00, 0x00, 0x00,
    0x00, 0x00, 0x00, 0x00, 0x00, 0x0a, 0xff, 0xfe,
    0x8f, 0xff, 0xf0, 0x00, 0x00, 0x00, 0x00, 0x00,
    0x00, 0x00, 0x00, 0xbf, 0xff, 0xd7, 0xff, 0xff,
    0x20, 0x00, 0x00, 0x00, 0x00, 0x00, 0x00, 0x00,
    0x0d, 0xff, 0xfc, 0x4f, 0xff, 0xf5, 0x00, 0x00,
    0x00, 0x00, 0x00, 0x00, 0x00, 0x00, 0xff, 0xff,
    0x91, 0xff, 0xff, 0xa0, 0x00, 0x00, 0x00, 0x00,
    0x00, 0x00, 0x00, 0x4f, 0xff, 0xf6, 0x0c, 0xff,
    0xff, 0x00, 0x00, 0x00, 0x00, 0x00, 0x00, 0x00,
    0x09, 0xff, 0xff, 0x10, 0x7f, 0xff, 0xf7, 0x00,
    0x00, 0x00, 0x00, 0x00, 0x00, 0x02, 0xff, 0xff,
    0xb0, 0x01, 0xff, 0xff, 0xf2, 0x00, 0x00, 0x00,
    0x00, 0x00, 0x00, 0xcf, 0xff, 0xf4, 0x00, 0x07,
    0xff, 0xff, 0xe3, 0x00, 0x00, 0x00, 0x00, 0x00,
    0xbf, 0xff, 0xfb, 0x00, 0x00, 0x0c, 0xff, 0xff,
    0xf9, 0x30, 0x00, 0x00, 0x16, 0xef, 0xff, 0xfe,
    0x10, 0x00, 0x00, 0x1c, 0xff, 0xff, 0xff, 0xfc,
    0xbc, 0xdf, 0xff, 0xff, 0xff, 0x30, 0x00, 0x00,
    0x00, 0x0a, 0xff, 0xff, 0xff, 0xff, 0xff, 0xff,
    0xff, 0xfd, 0x20, 0x00, 0x00, 0x00, 0x00, 0x05,
    0xdf, 0xff, 0xff, 0xff, 0xff, 0xff, 0xe7, 0x00,
    0x00, 0x00, 0x00, 0x00, 0x00, 0x00, 0x38, 0xbe,
    0xff, 0xfe, 0xc9, 0x50, 0x00, 0x00, 0x00, 0x00,

    /* U+0050 "P" */
    0x4f, 0xff, 0xff, 0xff, 0xff, 0xed, 0xa6, 0x10,
    0x00, 0x00, 0x4f, 0xff, 0xff, 0xff, 0xff, 0xff,
    0xff, 0xfa, 0x10, 0x00, 0x4f, 0xff, 0xff, 0xff,
    0xff, 0xff, 0xff, 0xff, 0xe2, 0x00, 0x4f, 0xff,
    0xfa, 0xaa, 0xab, 0xdf, 0xff, 0xff, 0xfe, 0x10,
    0x4f, 0xff, 0xf1, 0x00, 0x00, 0x00, 0x6e, 0xff,
    0xff, 0x90, 0x4f, 0xff, 0xf1, 0x00, 0x00, 0x00,
    0x02, 0xef, 0xff, 0xf0, 0x4f, 0xff, 0xf1, 0x00,
    0x00, 0x00, 0x00, 0x7f, 0xff, 0xf3, 0x4f, 0xff,
    0xf1, 0x00, 0x00, 0x00, 0x00, 0x2f, 0xff, 0xf5,
    0x4f, 0xff, 0xf1, 0x00, 0x00, 0x00, 0x00, 0x0f,
    0xff, 0xf6, 0x4f, 0xff, 0xf1, 0x00, 0x00, 0x00,
    0x00, 0x0f, 0xff, 0xf6, 0x4f, 0xff, 0xf1, 0x00,
    0x00, 0x00, 0x00, 0x3f, 0xff, 0xf4, 0x4f, 0xff,
    0xf1, 0x00, 0x00, 0x00, 0x00, 0x8f, 0xff, 0xf1,
    0x4f, 0xff, 0xf1, 0x00, 0x00, 0x00, 0x03, 0xff,
    0xff, 0xb0, 0x4f, 0xff, 0xf1, 0x00, 0x00, 0x02,
    0x8f, 0xff, 0xff, 0x40, 0x4f, 0xff, 0xfa, 0xaa,
    0xac, 0xef, 0xff, 0xff, 0xf9, 0x00, 0x4f, 0xff,
    0xff, 0xff, 0xff, 0xff, 0xff, 0xff, 0x90, 0x00,
    0x4f, 0xff, 0xff, 0xff, 0xff, 0xff, 0xff, 0xd5,
    0x00, 0x00, 0x4f, 0xff, 0xff, 0xff, 0xff, 0xdb,
    0x83, 0x00, 0x00, 0x00, 0x4f, 0xff, 0xf1, 0x00,
    0x00, 0x00, 0x00, 0x00, 0x00, 0x00, 0x4f, 0xff,
    0xf1, 0x00, 0x00, 0x00, 0x00, 0x00, 0x00, 0x00,
    0x4f, 0xff, 0xf1, 0x00, 0x00, 0x00, 0x00, 0x00,
    0x00, 0x00, 0x4f, 0xff, 0xf1, 0x00, 0x00, 0x00,
    0x00, 0x00, 0x00, 0x00, 0x4f, 0xff, 0xf1, 0x00,
    0x00, 0x00, 0x00, 0x00, 0x00, 0x00, 0x4f, 0xff,
    0xf1, 0x00, 0x00, 0x00, 0x00, 0x00, 0x00, 0x00,
    0x4f, 0xff, 0xf1, 0x00, 0x00, 0x00, 0x00, 0x00,
    0x00, 0x00, 0x4f, 0xff, 0xf1, 0x00, 0x00, 0x00,
    0x00, 0x00, 0x00, 0x00, 0x4f, 0xff, 0xf1, 0x00,
    0x00, 0x00, 0x00, 0x00, 0x00, 0x00, 0x4f, 0xff,
    0xf1, 0x00, 0x00, 0x00, 0x00, 0x00, 0x00, 0x00,
    0x4f, 0xff, 0xf1, 0x00, 0x00, 0x00, 0x00, 0x00,
    0x00, 0x00,

    /* U+0051 "Q" */
    0x00, 0x00, 0x00, 0x00, 0x38, 0xbd, 0xff, 0xfe,
    0xc9, 0x50, 0x00, 0x00, 0x00, 0x00, 0x00, 0x00,
    0x05, 0xdf, 0xff, 0xff, 0xff, 0xff, 0xff, 0xf8,
    0x00, 0x00, 0x00, 0x00, 0x00, 0x0a, 0xff, 0xff,
    0xff, 0xff, 0xff, 0xff, 0xff, 0xfd, 0x30, 0x00,
    0x00, 0x00, 0x1c, 0xff, 0xff, 0xff, 0xfc, 0xbc,
    0xdf, 0xff, 0xff, 0xff, 0x40, 0x00, 0x00, 0x0b,
    0xff, 0xff, 0xf9, 0x30, 0x00, 0x00, 0x16, 0xdf,
    0xff, 0xff, 0x20, 0x00, 0x07, 0xff, 0xff, 0xe3,
    0x00, 0x00, 0x00, 0x00, 0x00, 0xaf, 0xff, 0xfc,
    0x00, 0x01, 0xff, 0xff, 0xf2, 0x00, 0x00, 0x00,
    0x00, 0x00, 0x00, 0xbf, 0xff, 0xf5, 0x00, 0x7f,
    0xff, 0xf7, 0x00, 0x00, 0x00, 0x00, 0x00, 0x00,
    0x02, 0xff, 0xff, 0xb0, 0x0c, 0xff, 0xfe, 0x00,
    0x00, 0x00, 0x00, 0x00, 0x00, 0x00, 0x09, 0xff,
    0xff, 0x11, 0xff, 0xff, 0x90, 0x00, 0x00, 0x00,
    0x00, 0x00, 0x00, 0x00, 0x4f, 0xff, 0xf6, 0x4f,
    0xff, 0xf5, 0x00, 0x00, 0x00, 0x00, 0x00, 0x00,
    0x00, 0x00, 0xff, 0xff, 0x97, 0xff, 0xff, 0x20,
    0x00, 0x00, 0x00, 0x00, 0x00, 0x00, 0x00, 0x0d,
    0xff, 0xfc, 0x8f, 0xff, 0xf0, 0x00, 0x00, 0x00,
    0x00, 0x00, 0x00, 0x00, 0x00, 0xbf, 0xff, 0xd9,
    0xff, 0xff, 0x00, 0x00, 0x00, 0x00, 0x00, 0x00,
    0x00, 0x00, 0x09, 0xff, 0xfe, 0xaf, 0xff, 0xf0,
    0x00, 0x00, 0x00, 0x00, 0x00, 0x00, 0x00, 0x00,
    0x9f, 0xff, 0xf9, 0xff, 0xff, 0x00, 0x00, 0x00,
    0x00, 0x00, 0x00, 0x00, 0x00, 0x0a, 0xff, 0xfe,
    0x8f, 0xff, 0xf0, 0x00, 0x00, 0x00, 0x00, 0x00,
    0x00, 0x00, 0x00, 0xbf, 0xff, 0xd7, 0xff, 0xff,
    0x20, 0x00, 0x00, 0x00, 0x00, 0x00, 0x00, 0x00,
    0x0d, 0xff, 0xfc, 0x4f, 0xff, 0xf5, 0x00, 0x00,
    0x00, 0x00, 0x00, 0x00, 0x00, 0x00, 0xff, 0xff,
    0x91, 0xff, 0xff, 0xa0, 0x00, 0x00, 0x00, 0x00,
    0x00, 0x00, 0x00, 0x4f, 0xff, 0xf5, 0x0c, 0xff,
    0xff, 0x00, 0x00, 0x00, 0x00, 0x00, 0x00, 0x00,
    0x09, 0xff, 0xff, 0x10, 0x7f, 0xff, 0xf7, 0x00,
    0x00, 0x00, 0x00, 0x00, 0x00, 0x02, 0xff, 0xff,
    0xb0, 0x01, 0xff, 0xff, 0xf2, 0x00, 0x00, 0x00,
    0x00, 0x00, 0x00, 0xcf, 0xff, 0xf4, 0x00, 0x07,
    0xff, 0xff, 0xe3, 0x00, 0x00, 0x00, 0x00, 0x00,
    0xbf, 0xff, 0xfb, 0x00, 0x00, 0x0c, 0xff, 0xff,
    0xf9, 0x30, 0x00, 0x00, 0x16, 0xef, 0xff, 0xfe,
    0x10, 0x00, 0x00, 0x1c, 0xff, 0xff, 0xff, 0xfc,
    0xbc, 0xdf, 0xff, 0xff, 0xff, 0x30, 0x00, 0x00,
    0x00, 0x0a, 0xff, 0xff, 0xff, 0xff, 0xff, 0xff,
    0xff, 0xfd, 0x30, 0x00, 0x00, 0x00, 0x00, 0x05,
    0xdf, 0xff, 0xff, 0xff, 0xff, 0xff, 0xe7, 0x00,
    0x00, 0x00, 0x00, 0x00, 0x00, 0x00, 0x38, 0xbe,
    0xff, 0xff, 0xff, 0xf6, 0x00, 0x00, 0x00, 0x00,
    0x00, 0x00, 0x00, 0x00, 0x00, 0x00, 0x01, 0xef,
    0xff, 0xf5, 0x00, 0x00, 0x00, 0x00, 0x00, 0x00,
    0x00, 0x00, 0x00, 0x00, 0x03, 0xff, 0xff, 0xf4,
    0x00, 0x00, 0x00, 0x00, 0x00, 0x00, 0x00, 0x00,
    0x00, 0x00, 0x05, 0xff, 0xff, 0xf3, 0x00, 0x00,
    0x00, 0x00, 0x00, 0x00, 0x00, 0x00, 0x00, 0x00,
    0x08, 0xff, 0xff, 0xf3, 0x00, 0x00, 0x00, 0x00,
    0x00, 0x00, 0x00, 0x00, 0x00, 0x00, 0x0b, 0xff,
    0xff, 0xe2, 0x00, 0x00, 0x00, 0x00, 0x00, 0x00,
    0x00, 0x00, 0x00, 0x00, 0x0d, 0xff, 0xff, 0xe1,
    0x00, 0x00, 0x00, 0x00, 0x00, 0x00, 0x00, 0x00,
    0x00, 0x00, 0x28, 0x88, 0x88, 0x50,

    /* U+0052 "R" */
    0x4f, 0xff, 0xff, 0xff, 0xff, 0xfd, 0xb7, 0x20,
    0x00, 0x00, 0x00, 0x4f, 0xff, 0xff, 0xff, 0xff,
    0xff, 0xff, 0xfb, 0x20, 0x00, 0x00, 0x4f, 0xff,
    0xff, 0xff, 0xff, 0xff, 0xff, 0xff, 0xf5, 0x00,
    0x00, 0x4f, 0xff, 0xfa, 0x99, 0x9a, 0xbe, 0xff,
    0xff, 0xff, 0x30, 0x00, 0x4f, 0xff, 0xf1, 0x00,
    0x00, 0x00, 0x3c, 0xff, 0xff, 0xb0, 0x00, 0x4f,
    0xff, 0xf1, 0x00, 0x00, 0x00, 0x00, 0xcf, 0xff,
    0xf1, 0x00, 0x4f, 0xff, 0xf1, 0x00, 0x00, 0x00,
    0x00, 0x4f, 0xff, 0xf5, 0x00, 0x4f, 0xff, 0xf1,
    0x00, 0x00, 0x00, 0x00, 0x0f, 0xff, 0xf7, 0x00,
    0x4f, 0xff, 0xf1, 0x00, 0x00, 0x00, 0x00, 0x0f,
    0xff, 0xf8, 0x00, 0x4f, 0xff, 0xf1, 0x00, 0x00,
    0x00, 0x00, 0x0f, 0xff, 0xf7, 0x00, 0x4f, 0xff,
    0xf1, 0x00, 0x00, 0x00, 0x00, 0x3f, 0xff, 0xf4,
    0x00, 0x4f, 0xff, 0xf1, 0x00, 0x00, 0x00, 0x00,
    0x9f, 0xff, 0xf1, 0x00, 0x4f, 0xff, 0xf1, 0x00,
    0x00, 0x00, 0x05, 0xff, 0xff, 0x90, 0x00, 0x4f,
    0xff, 0xf1, 0x00, 0x00, 0x15, 0xbf, 0xff, 0xfd,
    0x00, 0x00, 0x4f, 0xff, 0xff, 0xff, 0xff, 0xff,
    0xff, 0xff, 0xd2, 0x00, 0x00, 0x4f, 0xff, 0xff,
    0xff, 0xff, 0xff, 0xff, 0xf9, 0x00, 0x00, 0x00,
    0x4f, 0xff, 0xff, 0xff, 0xff, 0xff, 0xff, 0x30,
    0x00, 0x00, 0x00, 0x4f, 0xff, 0xf9, 0x88, 0x88,
    0xef, 0xff, 0xa0, 0x00, 0x00, 0x00, 0x4f, 0xff,
    0xf1, 0x00, 0x00, 0x5f, 0xff, 0xf4, 0x00, 0x00,
    0x00, 0x4f, 0xff, 0xf1, 0x00, 0x00, 0x0c, 0xff,
    0xfd, 0x00, 0x00, 0x00, 0x4f, 0xff, 0xf1, 0x00,
    0x00, 0x02, 0xff, 0xff, 0x80, 0x00, 0x00, 0x4f,
    0xff, 0xf1, 0x00, 0x00, 0x00, 0x9f, 0xff, 0xf3,
    0x00, 0x00, 0x4f, 0xff, 0xf1, 0x00, 0x00, 0x00,
    0x1e, 0xff, 0xfc, 0x00, 0x00, 0x4f, 0xff, 0xf1,
    0x00, 0x00, 0x00, 0x06, 0xff, 0xff, 0x60, 0x00,
    0x4f, 0xff, 0xf1, 0x00, 0x00, 0x00, 0x00, 0xcf,
    0xff, 0xf1, 0x00, 0x4f, 0xff, 0xf1, 0x00, 0x00,
    0x00, 0x00, 0x3f, 0xff, 0xfa, 0x00, 0x4f, 0xff,
    0xf1, 0x00, 0x00, 0x00, 0x00, 0x0a, 0xff, 0xff,
    0x50, 0x4f, 0xff, 0xf1, 0x00, 0x00, 0x00, 0x00,
    0x01, 0xff, 0xff, 0xe0, 0x4f, 0xff, 0xf1, 0x00,
    0x00, 0x00, 0x00, 0x00, 0x7f, 0xff, 0xf9,

    /* U+0053 "S" */
    0x00, 0x00, 0x05, 0xad, 0xff, 0xfe, 0xda, 0x62,
    0x00, 0x00, 0x00, 0x6e, 0xff, 0xff, 0xff, 0xff,
    0xff, 0xfd, 0x60, 0x00, 0xaf, 0xff, 0xff, 0xff,
    0xff, 0xff, 0xff, 0xf8, 0x00, 0x8f, 0xff, 0xff,
    0xec, 0xbb, 0xdf, 0xff, 0xff, 0x20, 0x2f, 0xff,
    0xfe, 0x50, 0x00, 0x00, 0x03, 0x8e, 0xc0, 0x07,
    0xff, 0xff, 0x30, 0x00, 0x00, 0x00, 0x00, 0x01,
    0x00, 0xaf, 0xff, 0xc0, 0x00, 0x00, 0x00, 0x00,
    0x00, 0x00, 0x0a, 0xff, 0xfb, 0x00, 0x00, 0x00,
    0x00, 0x00, 0x00, 0x00, 0x9f, 0xff, 0xd0, 0x00,
    0x00, 0x00, 0x00, 0x00, 0x00, 0x07, 0xff, 0xff,
    0x40, 0x00, 0x00, 0x00, 0x00, 0x00, 0x00, 0x2f,
    0xff, 0xfe, 0x40, 0x00, 0x00, 0x00, 0x00, 0x00,
    0x00, 0xaf, 0xff, 0xff, 0xb3, 0x00, 0x00, 0x00,
    0x00, 0x00, 0x01, 0xdf, 0xff, 0xff, 0xfc, 0x50,
    0x00, 0x00, 0x00, 0x00, 0x01, 0xbf, 0xff, 0xff,
    0xff, 0xf8, 0x10, 0x00, 0x00, 0x00, 0x00, 0x5d,
    0xff, 0xff, 0xff, 0xff, 0x80, 0x00, 0x00, 0x00,
    0x00, 0x05, 0xbf, 0xff, 0xff, 0xff, 0xd2, 0x00,
    0x00, 0x00, 0x00, 0x00, 0x18, 0xef, 0xff, 0xff,
    0xe1, 0x00, 0x00, 0x00, 0x00, 0x00, 0x00, 0x7f,
    0xff, 0xff, 0xa0, 0x00, 0x00, 0x00, 0x00, 0x00,
    0x00, 0x2e, 0xff, 0xff, 0x10, 0x00, 0x00, 0x00,
    0x00, 0x00, 0x00, 0x5f, 0xff, 0xf4, 0x00, 0x00,
    0x00, 0x00, 0x00, 0x00, 0x00, 0xff, 0xff, 0x60,
    0x00, 0x00, 0x00, 0x00, 0x00, 0x00, 0x0f, 0xff,
    0xf6, 0x00, 0x00, 0x00, 0x00, 0x00, 0x00, 0x03,
    0xff, 0xff, 0x44, 0x00, 0x00, 0x00, 0x00, 0x00,
    0x00, 0xbf, 0xff, 0xf0, 0xfe, 0x94, 0x10, 0x00,
    0x00, 0x04, 0xcf, 0xff, 0xf8, 0x0f, 0xff, 0xff,
    0xec, 0xbb, 0xce, 0xff, 0xff, 0xfd, 0x00, 0xff,
    0xff, 0xff, 0xff, 0xff, 0xff, 0xff, 0xfd, 0x20,
    0x0c, 0xff, 0xff, 0xff, 0xff, 0xff, 0xff, 0xf8,
    0x00, 0x00, 0x02, 0x6a, 0xce, 0xff, 0xff, 0xda,
    0x61, 0x00, 0x00, 0x00,

    /* U+0054 "T" */
    0x7f, 0xff, 0xff, 0xff, 0xff, 0xff, 0xff, 0xff,
    0xff, 0xff, 0xff, 0x7f, 0xff, 0xff, 0xff, 0xff,
    0xff, 0xff, 0xff, 0xff, 0xff, 0xff, 0x7f, 0xff,
    0xff, 0xff, 0xff, 0xff, 0xff, 0xff, 0xff, 0xff,
    0xff, 0x5b, 0xbb, 0xbb, 0xbb, 0xbf, 0xff, 0xfd,
    0xbb, 0xbb, 0xbb, 0xbb, 0x00, 0x00, 0x00, 0x00,
    0x0e, 0xff, 0xf6, 0x00, 0x00, 0x00, 0x00, 0x00,
    0x00, 0x00, 0x00, 0x0e, 0xff, 0xf6, 0x00, 0x00,
    0x00, 0x00, 0x00, 0x00, 0x00, 0x00, 0x0e, 0xff,
    0xf6, 0x00, 0x00, 0x00, 0x00, 0x00, 0x00, 0x00,
    0x00, 0x0e, 0xff, 0xf6, 0x00, 0x00, 0x00, 0x00,
    0x00, 0x00, 0x00, 0x00, 0x0e, 0xff, 0xf6, 0x00,
    0x00, 0x00, 0x00, 0x00, 0x00, 0x00, 0x00, 0x0e,
    0xff, 0xf6, 0x00, 0x00, 0x00, 0x00, 0x00, 0x00,
    0x00, 0x00, 0x0e, 0xff, 0xf6, 0x00, 0x00, 0x00,
    0x00, 0x00, 0x00, 0x00, 0x00, 0x0e, 0xff, 0xf6,
    0x00, 0x00, 0x00, 0x00, 0x00, 0x00, 0x00, 0x00,
    0x0e, 0xff, 0xf6, 0x00, 0x00, 0x00, 0x00, 0x00,
    0x00, 0x00, 0x00, 0x0e, 0xff, 0xf6, 0x00, 0x00,
    0x00, 0x00, 0x00, 0x00, 0x00, 0x00, 0x0e, 0xff,
    0xf6, 0x00, 0x00, 0x00, 0x00, 0x00, 0x00, 0x00,
    0x00, 0x0e, 0xff, 0xf6, 0x00, 0x00, 0x00, 0x00,
    0x00, 0x00, 0x00, 0x00, 0x0e, 0xff, 0xf6, 0x00,
    0x00, 0x00, 0x00, 0x00, 0x00, 0x00, 0x00, 0x0e,
    0xff, 0xf6, 0x00, 0x00, 0x00, 0x00, 0x00, 0x00,
    0x00, 0x00, 0x0e, 0xff, 0xf6, 0x00, 0x00, 0x00,
    0x00, 0x00, 0x00, 0x00, 0x00, 0x0e, 0xff, 0xf6,
    0x00, 0x00, 0x00, 0x00, 0x00, 0x00, 0x00, 0x00,
    0x0e, 0xff, 0xf6, 0x00, 0x00, 0x00, 0x00, 0x00,
    0x00, 0x00, 0x00, 0x0e, 0xff, 0xf6, 0x00, 0x00,
    0x00, 0x00, 0x00, 0x00, 0x00, 0x00, 0x0e, 0xff,
    0xf6, 0x00, 0x00, 0x00, 0x00, 0x00, 0x00, 0x00,
    0x00, 0x0e, 0xff, 0xf6, 0x00, 0x00, 0x00, 0x00,
    0x00, 0x00, 0x00, 0x00, 0x0e, 0xff, 0xf6, 0x00,
    0x00, 0x00, 0x00, 0x00, 0x00, 0x00, 0x00, 0x0e,
    0xff, 0xf6, 0x00, 0x00, 0x00, 0x00, 0x00, 0x00,
    0x00, 0x00, 0x0e, 0xff, 0xf6, 0x00, 0x00, 0x00,
    0x00, 0x00, 0x00, 0x00, 0x00, 0x0e, 0xff, 0xf6,
    0x00, 0x00, 0x00, 0x00, 0x00, 0x00, 0x00, 0x00,
    0x0e, 0xff, 0xf6, 0x00, 0x00, 0x00, 0x00,

    /* U+0055 "U" */
    0x8f, 0xff, 0xd0, 0x00, 0x00, 0x00, 0x00, 0x00,
    0x00, 0x6f, 0xff, 0xe8, 0xff, 0xfd, 0x00, 0x00,
    0x00, 0x00, 0x00, 0x00, 0x06, 0xff, 0xfe, 0x8f,
    0xff, 0xd0, 0x00, 0x00, 0x00, 0x00, 0x00, 0x00,
    0x6f, 0xff, 0xe8, 0xff, 0xfd, 0x00, 0x00, 0x00,
    0x00, 0x00, 0x00, 0x06, 0xff, 0xfe, 0x8f, 0xff,
    0xd0, 0x00, 0x00, 0x00, 0x00, 0x00, 0x00, 0x6f,
    0xff, 0xe8, 0xff, 0xfd, 0x00, 0x00, 0x00, 0x00,
    0x00, 0x00, 0x06, 0xff, 0xfe, 0x8f, 0xff, 0xd0,
    0x00, 0x00, 0x00, 0x00, 0x00, 0x00, 0x6f, 0xff,
    0xe8, 0xff, 0xfd, 0x00, 0x00, 0x00, 0x00, 0x00,
    0x00, 0x06, 0xff, 0xfe, 0x8f, 0xff, 0xd0, 0x00,
    0x00, 0x00, 0x00, 0x00, 0x00, 0x6f, 0xff, 0xe8,
    0xff, 0xfd, 0x00, 0x00, 0x00, 0x00, 0x00, 0x00,
    0x06, 0xff, 0xfe, 0x8f, 0xff, 0xd0, 0x00, 0x00,
    0x00, 0x00, 0x00, 0x00, 0x6f, 0xff, 0xe8, 0xff,
    0xfd, 0x00, 0x00, 0x00, 0x00, 0x00, 0x00, 0x06,
    0xff, 0xfe, 0x8f, 0xff, 0xd0, 0x00, 0x00, 0x00,
    0x00, 0x00, 0x00, 0x6f, 0xff, 0xe8, 0xff, 0xfd,
    0x00, 0x00, 0x00, 0x00, 0x00, 0x00, 0x06, 0xff,
    0xfe, 0x8f, 0xff, 0xd0, 0x00, 0x00, 0x00, 0x00,
    0x00, 0x00, 0x6f, 0xff, 0xe8, 0xff, 0xfd, 0x00,
    0x00, 0x00, 0x00, 0x00, 0x00, 0x06, 0xff, 0xfe,
    0x8f, 0xff, 0xd0, 0x00, 0x00, 0x00, 0x00, 0x00,
    0x00, 0x6f, 0xff, 0xe8, 0xff, 0xfd, 0x00, 0x00,
    0x00, 0x00, 0x00, 0x00, 0x06, 0xff, 0xfe, 0x8f,
    0xff, 0xd0, 0x00, 0x00, 0x00, 0x00, 0x00, 0x00,
    0x6f, 0xff, 0xe7, 0xff, 0xfe, 0x00, 0x00, 0x00,
    0x00, 0x00, 0x00, 0x07, 0xff, 0xfd, 0x5f, 0xff,
    0xf1, 0x00, 0x00, 0x00, 0x00, 0x00, 0x00, 0xaf,
    0xff, 0xb2, 0xff, 0xff, 0x60, 0x00, 0x00, 0x00,
    0x00, 0x00, 0x0e, 0xff, 0xf8, 0x0d, 0xff, 0xfd,
    0x00, 0x00, 0x00, 0x00, 0x00, 0x06, 0xff, 0xff,
    0x30, 0x7f, 0xff, 0xfa, 0x00, 0x00, 0x00, 0x00,
    0x03, 0xff, 0xff, 0xc0, 0x00, 0xdf, 0xff, 0xfc,
    0x40, 0x00, 0x00, 0x18, 0xff, 0xff, 0xf4, 0x00,
    0x03, 0xff, 0xff, 0xff, 0xfc, 0xbc, 0xef, 0xff,
    0xff, 0xf8, 0x00, 0x00, 0x04, 0xff, 0xff, 0xff,
    0xff, 0xff, 0xff, 0xff, 0xf8, 0x00, 0x00, 0x00,
    0x02, 0xaf, 0xff, 0xff, 0xff, 0xff, 0xff, 0xc4,
    0x00, 0x00, 0x00, 0x00, 0x00, 0x27, 0xbd, 0xff,
    0xfe, 0xc8, 0x30, 0x00, 0x00, 0x00,

    /* U+0056 "V" */
    0xdf, 0xff, 0xc0, 0x00, 0x00, 0x00, 0x00, 0x00,
    0x00, 0x02, 0xff, 0xff, 0x87, 0xff, 0xff, 0x20,
    0x00, 0x00, 0x00, 0x00, 0x00, 0x00, 0x8f, 0xff,
    0xf2, 0x2f, 0xff, 0xf7, 0x00, 0x00, 0x00, 0x00,
    0x00, 0x00, 0x0d, 0xff, 0xfd, 0x00, 0xcf, 0xff,
    0xd0, 0x00, 0x00, 0x00, 0x00, 0x00, 0x02, 0xff,
    0xff, 0x70, 0x07, 0xff, 0xff, 0x20, 0x00, 0x00,
    0x00, 0x00, 0x00, 0x8f, 0xff, 0xf2, 0x00, 0x1f,
    0xff, 0xf7, 0x00, 0x00, 0x00, 0x00, 0x00, 0x0d,
    0xff, 0xfc, 0x00, 0x00, 0xcf, 0xff, 0xd0, 0x00,
    0x00, 0x00, 0x00, 0x02, 0xff, 0xff, 0x60, 0x00,
    0x06, 0xff, 0xff, 0x20, 0x00, 0x00, 0x00, 0x00,
    0x8f, 0xff, 0xf1, 0x00, 0x00, 0x1f, 0xff, 0xf7,
    0x00, 0x00, 0x00, 0x00, 0x0d, 0xff, 0xfb, 0x00,
    0x00, 0x00, 0xbf, 0xff, 0xd0, 0x00, 0x00, 0x00,
    0x02, 0xff, 0xff, 0x60, 0x00, 0x00, 0x05, 0xff,
    0xff, 0x20, 0x00, 0x00, 0x00, 0x8f, 0xff, 0xf1,
    0x00, 0x00, 0x00, 0x0f, 0xff, 0xf7, 0x00, 0x00,
    0x00, 0x0d, 0xff, 0xfb, 0x00, 0x00, 0x00, 0x00,
    0xaf, 0xff, 0xd0, 0x00, 0x00, 0x02, 0xff, 0xff,
    0x50, 0x00, 0x00, 0x00, 0x05, 0xff, 0xff, 0x20,
    0x00, 0x00, 0x8f, 0xff, 0xf0, 0x00, 0x00, 0x00,
    0x00, 0x0f, 0xff, 0xf7, 0x00, 0x00, 0x0d, 0xff,
    0xfa, 0x00, 0x00, 0x00, 0x00, 0x00, 0xaf, 0xff,
    0xd0, 0x00, 0x02, 0xff, 0xff, 0x50, 0x00, 0x00,
    0x00, 0x00, 0x04, 0xff, 0xff, 0x20, 0x00, 0x8f,
    0xff, 0xf0, 0x00, 0x00, 0x00, 0x00, 0x00, 0x0e,
    0xff, 0xf8, 0x00, 0x0d, 0xff, 0xfa, 0x00, 0x00,
    0x00, 0x00, 0x00, 0x00, 0x9f, 0xff, 0xd0, 0x02,
    0xff, 0xff, 0x40, 0x00, 0x00, 0x00, 0x00, 0x00,
    0x03, 0xff, 0xff, 0x20, 0x7f, 0xff, 0xe0, 0x00,
    0x00, 0x00, 0x00, 0x00, 0x00, 0x0e, 0xff, 0xf6,
    0x0b, 0xff, 0xf9, 0x00, 0x00, 0x00, 0x00, 0x00,
    0x00, 0x00, 0x8f, 0xff, 0xb0, 0xff, 0xff, 0x30,
    0x00, 0x00, 0x00, 0x00, 0x00, 0x00, 0x03, 0xff,
    0xfe, 0x4f, 0xff, 0xe0, 0x00, 0x00, 0x00, 0x00,
    0x00, 0x00, 0x00, 0x0d, 0xff, 0xfa, 0xff, 0xf8,
    0x00, 0x00, 0x00, 0x00, 0x00, 0x00, 0x00, 0x00,
    0x8f, 0xff, 0xff, 0xff, 0x30, 0x00, 0x00, 0x00,
    0x00, 0x00, 0x00, 0x00, 0x02, 0xff, 0xff, 0xff,
    0xd0, 0x00, 0x00, 0x00, 0x00, 0x00, 0x00, 0x00,
    0x00, 0x0d, 0xff, 0xff, 0xf8, 0x00, 0x00, 0x00,
    0x00, 0x00, 0x00, 0x00, 0x00, 0x00, 0x7f, 0xff,
    0xff, 0x20, 0x00, 0x00, 0x00, 0x00, 0x00, 0x00,
    0x00, 0x00, 0x02, 0xff, 0xff, 0xd0, 0x00, 0x00,
    0x00, 0x00, 0x00,

    /* U+0057 "W" */
    0x5f, 0xff, 0xf0, 0x00, 0x00, 0x00, 0x00, 0x00,
    0x6f, 0xff, 0xf3, 0x00, 0x00, 0x00, 0x00, 0x00,
    0x1f, 0xff, 0xf5, 0x1f, 0xff, 0xf4, 0x00, 0x00,
    0x00, 0x00, 0x00, 0xbf, 0xff, 0xf7, 0x00, 0x00,
    0x00, 0x00, 0x00, 0x5f, 0xff, 0xf0, 0x0d, 0xff,
    0xf8, 0x00, 0x00, 0x00, 0x00, 0x00, 0xff, 0xff,
    0xfc, 0x00, 0x00, 0x00, 0x00, 0x00, 0x9f, 0xff,
    0xc0, 0x09, 0xff, 0xfc, 0x00, 0x00, 0x00, 0x00,
    0x04, 0xff, 0xff, 0xff, 0x10, 0x00, 0x00, 0x00,
    0x00, 0xdf, 0xff, 0x80, 0x05, 0xff, 0xff, 0x00,
    0x00, 0x00, 0x00, 0x08, 0xff, 0xff, 0xff, 0x50,
    0x00, 0x00, 0x00, 0x01, 0xff, 0xff, 0x40, 0x01,
    0xff, 0xff, 0x40, 0x00, 0x00, 0x00, 0x0d, 0xff,
    0xef, 0xff, 0xa0, 0x00, 0x00, 0x00, 0x04, 0xff,
    0xff, 0x00, 0x00, 0xdf, 0xff, 0x80, 0x00, 0x00,
    0x00, 0x1f, 0xff, 0xad, 0xff, 0xe0, 0x00, 0x00,
    0x00, 0x08, 0xff, 0xfc, 0x00, 0x00, 0x9f, 0xff,
    0xc0, 0x00, 0x00, 0x00, 0x6f, 0xff, 0x7a, 0xff,
    0xf3, 0x00, 0x00, 0x00, 0x0c, 0xff, 0xf8, 0x00,
    0x00, 0x4f, 0xff, 0xf0, 0x00, 0x00, 0x00, 0xaf,
    0xff, 0x36, 0xff, 0xf8, 0x00, 0x00, 0x00, 0x0f,
    0xff, 0xf3, 0x00, 0x00, 0x0f, 0xff, 0xf4, 0x00,
    0x00, 0x00, 0xff, 0xff, 0x02, 0xff, 0xfc, 0x00,
    0x00, 0x00, 0x4f, 0xff, 0xf0, 0x00, 0x00, 0x0c,
    0xff, 0xf8, 0x00, 0x00, 0x03, 0xff, 0xfb, 0x00,
    0xef, 0xff, 0x10, 0x00, 0x00, 0x8f, 0xff, 0xb0,
    0x00, 0x00, 0x08, 0xff, 0xfb, 0x00, 0x00, 0x08,
    0xff, 0xf7, 0x00, 0x9f, 0xff, 0x60, 0x00, 0x00,
    0xcf, 0xff, 0x70, 0x00, 0x00, 0x04, 0xff, 0xff,
    0x00, 0x00, 0x0c, 0xff, 0xf2, 0x00, 0x5f, 0xff,
    0xa0, 0x00, 0x00, 0xff, 0xff, 0x30, 0x00, 0x00,
    0x00, 0xff, 0xff, 0x30, 0x00, 0x1f, 0xff, 0xe0,
    0x00, 0x1f, 0xff, 0xf0, 0x00, 0x04, 0xff, 0xff,
    0x00, 0x00, 0x00, 0x00, 0xcf, 0xff, 0x70, 0x00,
    0x5f, 0xff, 0x90, 0x00, 0x0c, 0xff, 0xf3, 0x00,
    0x08, 0xff, 0xfb, 0x00, 0x00, 0x00, 0x00, 0x8f,
    0xff, 0xb0, 0x00, 0xaf, 0xff, 0x50, 0x00, 0x07,
    0xff, 0xf8, 0x00, 0x0c, 0xff, 0xf7, 0x00, 0x00,
    0x00, 0x00, 0x4f, 0xff, 0xf0, 0x00, 0xef, 0xff,
    0x10, 0x00, 0x03, 0xff, 0xfd, 0x00, 0x0f, 0xff,
    0xf2, 0x00, 0x00, 0x00, 0x00, 0x0f, 0xff, 0xf3,
    0x02, 0xff, 0xfc, 0x00, 0x00, 0x00, 0xef, 0xff,
    0x10, 0x4f, 0xff, 0xe0, 0x00, 0x00, 0x00, 0x00,
    0x0b, 0xff, 0xf7, 0x06, 0xff, 0xf8, 0x00, 0x00,
    0x00, 0xaf, 0xff, 0x50, 0x7f, 0xff, 0xa0, 0x00,
    0x00, 0x00, 0x00, 0x07, 0xff, 0xfa, 0x0a, 0xff,
    0xf3, 0x00, 0x00, 0x00, 0x5f, 0xff, 0x80, 0xbf,
    0xff, 0x60, 0x00, 0x00, 0x00, 0x00, 0x03, 0xff,
    0xfe, 0x0d, 0xff, 0xf0, 0x00, 0x00, 0x00, 0x1f,
    0xff, 0xc0, 0xef, 0xff, 0x20, 0x00, 0x00, 0x00,
    0x00, 0x00, 0xff, 0xff, 0x2f, 0xff, 0xa0, 0x00,
    0x00, 0x00, 0x0c, 0xff, 0xf2, 0xff, 0xfe, 0x00,
    0x00, 0x00, 0x00, 0x00, 0x00, 0xbf, 0xff, 0x7f,
    0xff, 0x60, 0x00, 0x00, 0x00, 0x08, 0xff, 0xf7,
    0xff, 0xfa, 0x00, 0x00, 0x00, 0x00, 0x00, 0x00,
    0x7f, 0xff, 0xcf, 0xff, 0x10, 0x00, 0x00, 0x00,
    0x03, 0xff, 0xfc, 0xff, 0xf6, 0x00, 0x00, 0x00,
    0x00, 0x00, 0x00, 0x3f, 0xff, 0xff, 0xfd, 0x00,
    0x00, 0x00, 0x00, 0x00, 0xff, 0xff, 0xff, 0xf1,
    0x00, 0x00, 0x00, 0x00, 0x00, 0x00, 0x0e, 0xff,
    0xff, 0xf9, 0x00, 0x00, 0x00, 0x00, 0x00, 0xaf,
    0xff, 0xff, 0xd0, 0x00, 0x00, 0x00, 0x00, 0x00,
    0x00, 0x0b, 0xff, 0xff, 0xf4, 0x00, 0x00, 0x00,
    0x00, 0x00, 0x6f, 0xff, 0xff, 0x90, 0x00, 0x00,
    0x00, 0x00, 0x00, 0x00, 0x07, 0xff, 0xff, 0xf0,
    0x00, 0x00, 0x00, 0x00, 0x00, 0x1f, 0xff, 0xff,
    0x50, 0x00, 0x00, 0x00, 0x00, 0x00, 0x00, 0x02,
    0xff, 0xff, 0xb0, 0x00, 0x00, 0x00, 0x00, 0x00,
    0x0d, 0xff, 0xff, 0x10, 0x00, 0x00, 0x00,

    /* U+0058 "X" */
    0x1e, 0xff, 0xfd, 0x00, 0x00, 0x00, 0x00, 0x00,
    0x00, 0x6f, 0xff, 0xf4, 0x00, 0x5f, 0xff, 0xf7,
    0x00, 0x00, 0x00, 0x00, 0x00, 0x1f, 0xff, 0xfa,
    0x00, 0x00, 0xaf, 0xff, 0xf2, 0x00, 0x00, 0x00,
    0x00, 0x0a, 0xff, 0xfe, 0x10, 0x00, 0x01, 0xff,
    0xff, 0xb0, 0x00, 0x00, 0x00, 0x04, 0xff, 0xff,
    0x50, 0x00, 0x00, 0x06, 0xff, 0xff, 0x50, 0x00,
    0x00, 0x00, 0xdf, 0xff, 0xb0, 0x00, 0x00, 0x00,
    0x0c, 0xff, 0xfe, 0x00, 0x00, 0x00, 0x7f, 0xff,
    0xf2, 0x00, 0x00, 0x00, 0x00, 0x2f, 0xff, 0xf8,
    0x00, 0x00, 0x1f, 0xff, 0xf7, 0x00, 0x00, 0x00,
    0x00, 0x00, 0x7f, 0xff, 0xf2, 0x00, 0x0a, 0xff,
    0xfd, 0x00, 0x00, 0x00, 0x00, 0x00, 0x00, 0xdf,
    0xff, 0xb0, 0x04, 0xff, 0xff, 0x30, 0x00, 0x00,
    0x00, 0x00, 0x00, 0x03, 0xff, 0xff, 0x50, 0xdf,
    0xff, 0x80, 0x00, 0x00, 0x00, 0x00, 0x00, 0x00,
    0x09, 0xff, 0xfe, 0x9f, 0xff, 0xe0, 0x00, 0x00,
    0x00, 0x00, 0x00, 0x00, 0x00, 0x0e, 0xff, 0xff,
    0xff, 0xf4, 0x00, 0x00, 0x00, 0x00, 0x00, 0x00,
    0x00, 0x00, 0x4f, 0xff, 0xff, 0xfa, 0x00, 0x00,
    0x00, 0x00, 0x00, 0x00, 0x00, 0x00, 0x00, 0xaf,
    0xff, 0xfe, 0x10, 0x00, 0x00, 0x00, 0x00, 0x00,
    0x00, 0x00, 0x00, 0x0b, 0xff, 0xff, 0xf1, 0x00,
    0x00, 0x00, 0x00, 0x00, 0x00, 0x00, 0x00, 0x05,
    0xff, 0xff, 0xff, 0xb0, 0x00, 0x00, 0x00, 0x00,
    0x00, 0x00, 0x00, 0x01, 0xef, 0xff, 0xff, 0xff,
    0x50, 0x00, 0x00, 0x00, 0x00, 0x00, 0x00, 0x00,
    0x9f, 0xff, 0xda, 0xff, 0xfe, 0x10, 0x00, 0x00,
    0x00, 0x00, 0x00, 0x00, 0x3f, 0xff, 0xf4, 0x1e,
    0xff, 0xf9, 0x00, 0x00, 0x00, 0x00, 0x00, 0x00,
    0x0d, 0xff, 0xfa, 0x00, 0x6f, 0xff, 0xf3, 0x00,
    0x00, 0x00, 0x00, 0x00, 0x07, 0xff, 0xff, 0x10,
    0x00, 0xcf, 0xff, 0xd0, 0x00, 0x00, 0x00, 0x00,
    0x02, 0xff, 0xff, 0x60, 0x00, 0x03, 0xff, 0xff,
    0x80, 0x00, 0x00, 0x00, 0x00, 0xbf, 0xff, 0xc0,
    0x00, 0x00, 0x09, 0xff, 0xff, 0x20, 0x00, 0x00,
    0x00, 0x6f, 0xff, 0xf3, 0x00, 0x00, 0x00, 0x1e,
    0xff, 0xfc, 0x00, 0x00, 0x00, 0x1e, 0xff, 0xf9,
    0x00, 0x00, 0x00, 0x00, 0x6f, 0xff, 0xf6, 0x00,
    0x00, 0x0a, 0xff, 0xfe, 0x10, 0x00, 0x00, 0x00,
    0x00, 0xcf, 0xff, 0xf1, 0x00, 0x04, 0xff, 0xff,
    0x50, 0x00, 0x00, 0x00, 0x00, 0x03, 0xff, 0xff,
    0xb0, 0x00, 0xdf, 0xff, 0xc0, 0x00, 0x00, 0x00,
    0x00, 0x00, 0x09, 0xff, 0xff, 0x50, 0x8f, 0xff,
    0xf2, 0x00, 0x00, 0x00, 0x00, 0x00, 0x00, 0x1e,
    0xff, 0xfe, 0x10,

    /* U+0059 "Y" */
    0xbf, 0xff, 0xe0, 0x00, 0x00, 0x00, 0x00, 0x00,
    0x00, 0x9f, 0xff, 0xf1, 0x3f, 0xff, 0xf7, 0x00,
    0x00, 0x00, 0x00, 0x00, 0x02, 0xff, 0xff, 0x80,
    0x0a, 0xff, 0xff, 0x10, 0x00, 0x00, 0x00, 0x00,
    0x0a, 0xff, 0xff, 0x10, 0x02, 0xff, 0xff, 0x80,
    0x00, 0x00, 0x00, 0x00, 0x2f, 0xff, 0xf7, 0x00,
    0x00, 0x9f, 0xff, 0xf1, 0x00, 0x00, 0x00, 0x00,
    0xbf, 0xff, 0xe0, 0x00, 0x00, 0x1f, 0xff, 0xf9,
    0x00, 0x00, 0x00, 0x03, 0xff, 0xff, 0x60, 0x00,
    0x00, 0x08, 0xff, 0xff, 0x10, 0x00, 0x00, 0x0b,
    0xff, 0xfd, 0x00, 0x00, 0x00, 0x01, 0xff, 0xff,
    0x90, 0x00, 0x00, 0x3f, 0xff, 0xf5, 0x00, 0x00,
    0x00, 0x00, 0x8f, 0xff, 0xf2, 0x00, 0x00, 0xbf,
    0xff, 0xc0, 0x00, 0x00, 0x00, 0x00, 0x0e, 0xff,
    0xfa, 0x00, 0x04, 0xff, 0xff, 0x40, 0x00, 0x00,
    0x00, 0x00, 0x07, 0xff, 0xff, 0x20, 0x0c, 0xff,
    0xfb, 0x00, 0x00, 0x00, 0x00, 0x00, 0x00, 0xef,
    0xff, 0xa0, 0x4f, 0xff, 0xf3, 0x00, 0x00, 0x00,
    0x00, 0x00, 0x00, 0x6f, 0xff, 0xf3, 0xcf, 0xff,
    0xa0, 0x00, 0x00, 0x00, 0x00, 0x00, 0x00, 0x0d,
    0xff, 0xfe, 0xff, 0xff, 0x20, 0x00, 0x00, 0x00,
    0x00, 0x00, 0x00, 0x05, 0xff, 0xff, 0xff, 0xf9,
    0x00, 0x00, 0x00, 0x00, 0x00, 0x00, 0x00, 0x00,
    0xcf, 0xff, 0xff, 0xf1, 0x00, 0x00, 0x00, 0x00,
    0x00, 0x00, 0x00, 0x00, 0x4f, 0xff, 0xff, 0x80,
    0x00, 0x00, 0x00, 0x00, 0x00, 0x00, 0x00, 0x00,
    0x0b, 0xff, 0xff, 0x00, 0x00, 0x00, 0x00, 0x00,
    0x00, 0x00, 0x00, 0x00, 0x08, 0xff, 0xfd, 0x00,
    0x00, 0x00, 0x00, 0x00, 0x00, 0x00, 0x00, 0x00,
    0x08, 0xff, 0xfd, 0x00, 0x00, 0x00, 0x00, 0x00,
    0x00, 0x00, 0x00, 0x00, 0x08, 0xff, 0xfd, 0x00,
    0x00, 0x00, 0x00, 0x00, 0x00, 0x00, 0x00, 0x00,
    0x08, 0xff, 0xfd, 0x00, 0x00, 0x00, 0x00, 0x00,
    0x00, 0x00, 0x00, 0x00, 0x08, 0xff, 0xfd, 0x00,
    0x00, 0x00, 0x00, 0x00, 0x00, 0x00, 0x00, 0x00,
    0x08, 0xff, 0xfd, 0x00, 0x00, 0x00, 0x00, 0x00,
    0x00, 0x00, 0x00, 0x00, 0x08, 0xff, 0xfd, 0x00,
    0x00, 0x00, 0x00, 0x00, 0x00, 0x00, 0x00, 0x00,
    0x08, 0xff, 0xfd, 0x00, 0x00, 0x00, 0x00, 0x00,
    0x00, 0x00, 0x00, 0x00, 0x08, 0xff, 0xfd, 0x00,
    0x00, 0x00, 0x00, 0x00, 0x00, 0x00, 0x00, 0x00,
    0x08, 0xff, 0xfd, 0x00, 0x00, 0x00, 0x00, 0x00,
    0x00, 0x00, 0x00, 0x00, 0x08, 0xff, 0xfd, 0x00,
    0x00, 0x00, 0x00, 0x00,

    /* U+005A "Z" */
    0x1f, 0xff, 0xff, 0xff, 0xff, 0xff, 0xff, 0xff,
    0xff, 0xff, 0x51, 0xff, 0xff, 0xff, 0xff, 0xff,
    0xff, 0xff, 0xff, 0xff, 0xf5, 0x1f, 0xff, 0xff,
    0xff, 0xff, 0xff, 0xff, 0xff, 0xff, 0xff, 0x50,
    0xcc, 0xcc, 0xcc, 0xcc, 0xcc, 0xcc, 0xcc, 0xff,
    0xff, 0xf1, 0x00, 0x00, 0x00, 0x00, 0x00, 0x00,
    0x00, 0x7f, 0xff, 0xf6, 0x00, 0x00, 0x00, 0x00,
    0x00, 0x00, 0x00, 0x2f, 0xff, 0xfb, 0x00, 0x00,
    0x00, 0x00, 0x00, 0x00, 0x00, 0x0b, 0xff, 0xff,
    0x10, 0x00, 0x00, 0x00, 0x00, 0x00, 0x00, 0x06,
    0xff, 0xff, 0x60, 0x00, 0x00, 0x00, 0x00, 0x00,
    0x00, 0x01, 0xff, 0xff, 0xc0, 0x00, 0x00, 0x00,
    0x00, 0x00, 0x00, 0x00, 0xbf, 0xff, 0xf2, 0x00,
    0x00, 0x00, 0x00, 0x00, 0x00, 0x00, 0x6f, 0xff,
    0xf7, 0x00, 0x00, 0x00, 0x00, 0x00, 0x00, 0x00,
    0x1f, 0xff, 0xfc, 0x00, 0x00, 0x00, 0x00, 0x00,
    0x00, 0x00, 0x0b, 0xff, 0xff, 0x20, 0x00, 0x00,
    0x00, 0x00, 0x00, 0x00, 0x05, 0xff, 0xff, 0x70,
    0x00, 0x00, 0x00, 0x00, 0x00, 0x00, 0x01, 0xef,
    0xff, 0xc0, 0x00, 0x00, 0x00, 0x00, 0x00, 0x00,
    0x00, 0xaf, 0xff, 0xf2, 0x00, 0x00, 0x00, 0x00,
    0x00, 0x00, 0x00, 0x5f, 0xff, 0xf8, 0x00, 0x00,
    0x00, 0x00, 0x00, 0x00, 0x00, 0x1e, 0xff, 0xfd,
    0x00, 0x00, 0x00, 0x00, 0x00, 0x00, 0x00, 0x0a,
    0xff, 0xff, 0x30, 0x00, 0x00, 0x00, 0x00, 0x00,
    0x00, 0x04, 0xff, 0xff, 0x80, 0x00, 0x00, 0x00,
    0x00, 0x00, 0x00, 0x01, 0xef, 0xff, 0xd0, 0x00,
    0x00, 0x00, 0x00, 0x00, 0x00, 0x00, 0x9f, 0xff,
    0xf3, 0x00, 0x00, 0x00, 0x00, 0x00, 0x00, 0x00,
    0x4f, 0xff, 0xf9, 0x00, 0x00, 0x00, 0x00, 0x00,
    0x00, 0x00, 0x0e, 0xff, 0xfd, 0x00, 0x00, 0x00,
    0x00, 0x00, 0x00, 0x00, 0x09, 0xff, 0xff, 0x40,
    0x00, 0x00, 0x00, 0x00, 0x00, 0x00, 0x03, 0xff,
    0xff, 0xfc, 0xcc, 0xcc, 0xcc, 0xcc, 0xcc, 0xcc,
    0xc8, 0x8f, 0xff, 0xff, 0xff, 0xff, 0xff, 0xff,
    0xff, 0xff, 0xff, 0xb8, 0xff, 0xff, 0xff, 0xff,
    0xff, 0xff, 0xff, 0xff, 0xff, 0xfb, 0x8f, 0xff,
    0xff, 0xff, 0xff, 0xff, 0xff, 0xff, 0xff, 0xff,
    0xb0,

    /* U+005B "[" */
    0xff, 0xff, 0xff, 0xff, 0xf2, 0xff, 0xff, 0xff,
    0xff, 0xf2, 0xff, 0xff, 0xff, 0xff, 0xf2, 0xff,
    0xff, 0x44, 0x44, 0x40, 0xff, 0xff, 0x00, 0x00,
    0x00, 0xff, 0xff, 0x00, 0x00, 0x00, 0xff, 0xff,
    0x00, 0x00, 0x00, 0xff, 0xff, 0x00, 0x00, 0x00,
    0xff, 0xff, 0x00, 0x00, 0x00, 0xff, 0xff, 0x00,
    0x00, 0x00, 0xff, 0xff, 0x00, 0x00, 0x00, 0xff,
    0xff, 0x00, 0x00, 0x00, 0xff, 0xff, 0x00, 0x00,
    0x00, 0xff, 0xff, 0x00, 0x00, 0x00, 0xff, 0xff,
    0x00, 0x00, 0x00, 0xff, 0xff, 0x00, 0x00, 0x00,
    0xff, 0xff, 0x00, 0x00, 0x00, 0xff, 0xff, 0x00,
    0x00, 0x00, 0xff, 0xff, 0x00, 0x00, 0x00, 0xff,
    0xff, 0x00, 0x00, 0x00, 0xff, 0xff, 0x00, 0x00,
    0x00, 0xff, 0xff, 0x00, 0x00, 0x00, 0xff, 0xff,
    0x00, 0x00, 0x00, 0xff, 0xff, 0x00, 0x00, 0x00,
    0xff, 0xff, 0x00, 0x00, 0x00, 0xff, 0xff, 0x00,
    0x00, 0x00, 0xff, 0xff, 0x00, 0x00, 0x00, 0xff,
    0xff, 0x00, 0x00, 0x00, 0xff, 0xff, 0x00, 0x00,
    0x00, 0xff, 0xff, 0x00, 0x00, 0x00, 0xff, 0xff,
    0x00, 0x00, 0x00, 0xff, 0xff, 0x00, 0x00, 0x00,
    0xff, 0xff, 0xff, 0xff, 0xf2, 0xff, 0xff, 0xff,
    0xff, 0xf2, 0xff, 0xff, 0xff, 0xff, 0xf2, 0x44,
    0x44, 0x44, 0x44, 0x40,

    /* U+005C "\\" */
    0x7f, 0xff, 0x90, 0x00, 0x00, 0x00, 0x00, 0x00,
    0x1f, 0xff, 0xe0, 0x00, 0x00, 0x00, 0x00, 0x00,
    0x0b, 0xff, 0xf5, 0x00, 0x00, 0x00, 0x00, 0x00,
    0x05, 0xff, 0xfb, 0x00, 0x00, 0x00, 0x00, 0x00,
    0x00, 0xff, 0xff, 0x10, 0x00, 0x00, 0x00, 0x00,
    0x00, 0xaf, 0xff, 0x60, 0x00, 0x00, 0x00, 0x00,
    0x00, 0x4f, 0xff, 0xc0, 0x00, 0x00, 0x00, 0x00,
    0x00, 0x0e, 0xff, 0xf2, 0x00, 0x00, 0x00, 0x00,
    0x00, 0x08, 0xff, 0xf8, 0x00, 0x00, 0x00, 0x00,
    0x00, 0x02, 0xff, 0xfe, 0x00, 0x00, 0x00, 0x00,
    0x00, 0x00, 0xcf, 0xff, 0x40, 0x00, 0x00, 0x00,
    0x00, 0x00, 0x6f, 0xff, 0xa0, 0x00, 0x00, 0x00,
    0x00, 0x00, 0x1f, 0xff, 0xf0, 0x00, 0x00, 0x00,
    0x00, 0x00, 0x0b, 0xff, 0xf5, 0x00, 0x00, 0x00,
    0x00, 0x00, 0x05, 0xff, 0xfb, 0x00, 0x00, 0x00,
    0x00, 0x00, 0x00, 0xef, 0xff, 0x10, 0x00, 0x00,
    0x00, 0x00, 0x00, 0x9f, 0xff, 0x70, 0x00, 0x00,
    0x00, 0x00, 0x00, 0x3f, 0xff, 0xd0, 0x00, 0x00,
    0x00, 0x00, 0x00, 0x0d, 0xff, 0xf3, 0x00, 0x00,
    0x00, 0x00, 0x00, 0x07, 0xff, 0xf9, 0x00, 0x00,
    0x00, 0x00, 0x00, 0x02, 0xff, 0xfe, 0x00, 0x00,
    0x00, 0x00, 0x00, 0x00, 0xcf, 0xff, 0x40, 0x00,
    0x00, 0x00, 0x00, 0x00, 0x6f, 0xff, 0xa0, 0x00,
    0x00, 0x00, 0x00, 0x00, 0x0f, 0xff, 0xf1, 0x00,
    0x00, 0x00, 0x00, 0x00, 0x0a, 0xff, 0xf6, 0x00,
    0x00, 0x00, 0x00, 0x00, 0x04, 0xff, 0xfc, 0x00,
    0x00, 0x00, 0x00, 0x00, 0x00, 0xef, 0xff, 0x20,
    0x00, 0x00, 0x00, 0x00, 0x00, 0x8f, 0xff, 0x80,
    0x00, 0x00, 0x00, 0x00, 0x00, 0x2f, 0xff, 0xd0,

    /* U+005D "]" */
    0xff, 0xff, 0xff, 0xff, 0xf1, 0xff, 0xff, 0xff,
    0xff, 0xf1, 0xff, 0xff, 0xff, 0xff, 0xf1, 0x44,
    0x44, 0x4e, 0xff, 0xf1, 0x00, 0x00, 0x0d, 0xff,
    0xf1, 0x00, 0x00, 0x0d, 0xff, 0xf1, 0x00, 0x00,
    0x0d, 0xff, 0xf1, 0x00, 0x00, 0x0d, 0xff, 0xf1,
    0x00, 0x00, 0x0d, 0xff, 0xf1, 0x00, 0x00, 0x0d,
    0xff, 0xf1, 0x00, 0x00, 0x0d, 0xff, 0xf1, 0x00,
    0x00, 0x0d, 0xff, 0xf1, 0x00, 0x00, 0x0d, 0xff,
    0xf1, 0x00, 0x00, 0x0d, 0xff, 0xf1, 0x00, 0x00,
    0x0d, 0xff, 0xf1, 0x00, 0x00, 0x0d, 0xff, 0xf1,
    0x00, 0x00, 0x0d, 0xff, 0xf1, 0x00, 0x00, 0x0d,
    0xff, 0xf1, 0x00, 0x00, 0x0d, 0xff, 0xf1, 0x00,
    0x00, 0x0d, 0xff, 0xf1, 0x00, 0x00, 0x0d, 0xff,
    0xf1, 0x00, 0x00, 0x0d, 0xff, 0xf1, 0x00, 0x00,
    0x0d, 0xff, 0xf1, 0x00, 0x00, 0x0d, 0xff, 0xf1,
    0x00, 0x00, 0x0d, 0xff, 0xf1, 0x00, 0x00, 0x0d,
    0xff, 0xf1, 0x00, 0x00, 0x0d, 0xff, 0xf1, 0x00,
    0x00, 0x0d, 0xff, 0xf1, 0x00, 0x00, 0x0d, 0xff,
    0xf1, 0x00, 0x00, 0x0d, 0xff, 0xf1, 0x00, 0x00,
    0x0d, 0xff, 0xf1, 0x00, 0x00, 0x0d, 0xff, 0xf1,
    0xff, 0xff, 0xff, 0xff, 0xf1, 0xff, 0xff, 0xff,
    0xff, 0xf1, 0xff, 0xff, 0xff, 0xff, 0xf1, 0x44,
    0x44, 0x44, 0x44, 0x40,

    /* U+005E "^" */
    0x00, 0x00, 0x00, 0x00, 0x38, 0x70, 0x00, 0x00,
    0x00, 0x00, 0x00, 0x00, 0x00, 0x00, 0x0c, 0xff,
    0x70, 0x00, 0x00, 0x00, 0x00, 0x00, 0x00, 0x00,
    0x03, 0xff, 0xfe, 0x00, 0x00, 0x00, 0x00, 0x00,
    0x00, 0x00, 0x00, 0xbf, 0xff, 0xf7, 0x00, 0x00,
    0x00, 0x00, 0x00, 0x00, 0x00, 0x2f, 0xff, 0xff,
    0xe0, 0x00, 0x00, 0x00, 0x00, 0x00, 0x00, 0x09,
    0xff, 0xad, 0xff, 0x70, 0x00, 0x00, 0x00, 0x00,
    0x00, 0x01, 0xff, 0xf3, 0x6f, 0xff, 0x10, 0x00,
    0x00, 0x00, 0x00, 0x00, 0x8f, 0xfc, 0x00, 0xdf,
    0xf8, 0x00, 0x00, 0x00, 0x00, 0x00, 0x0e, 0xff,
    0x50, 0x06, 0xff, 0xf1, 0x00, 0x00, 0x00, 0x00,
    0x07, 0xff, 0xe0, 0x00, 0x0e, 0xff, 0x80, 0x00,
    0x00, 0x00, 0x00, 0xef, 0xf7, 0x00, 0x00, 0x6f,
    0xff, 0x10, 0x00, 0x00, 0x00, 0x5f, 0xff, 0x10,
    0x00, 0x00, 0xef, 0xf9, 0x00, 0x00, 0x00, 0x0d,
    0xff, 0x90, 0x00, 0x00, 0x06, 0xff, 0xf1, 0x00,
    0x00, 0x04, 0xff, 0xf2, 0x00, 0x00, 0x00, 0x0e,
    0xff, 0x90, 0x00, 0x00, 0xbf, 0xfb, 0x00, 0x00,
    0x00, 0x00, 0x6f, 0xff, 0x10, 0x00, 0x3f, 0xff,
    0x40, 0x00, 0x00, 0x00, 0x00, 0xef, 0xf9, 0x00,
    0x0a, 0xff, 0xd0, 0x00, 0x00, 0x00, 0x00, 0x07,
    0xff, 0xf2, 0x02, 0xff, 0xf6, 0x00, 0x00, 0x00,
    0x00, 0x00, 0x0e, 0xff, 0xa0, 0x9f, 0xfe, 0x00,
    0x00, 0x00, 0x00, 0x00, 0x00, 0x7f, 0xff, 0x20,

    /* U+005F "_" */
    0x1f, 0xff, 0xff, 0xff, 0xff, 0xff, 0xff, 0xff,
    0xff, 0xf3, 0x1f, 0xff, 0xff, 0xff, 0xff, 0xff,
    0xff, 0xff, 0xff, 0xf3, 0x1f, 0xff, 0xff, 0xff,
    0xff, 0xff, 0xff, 0xff, 0xff, 0xf3,

    /* U+0060 "`" */
    0x38, 0x88, 0x85, 0x00, 0x00, 0x1d, 0xff, 0xff,
    0x20, 0x00, 0x01, 0xef, 0xff, 0xb0, 0x00, 0x00,
    0x2e, 0xff, 0xf6, 0x00, 0x00, 0x02, 0xef, 0xff,
    0x20, 0x00, 0x00, 0x1d, 0xff, 0xc0, 0x00, 0x00,
    0x01, 0xcf, 0xf8,

    /* U+0061 "a" */
    0x00, 0x00, 0x02, 0x7a, 0xdf, 0xff, 0xec, 0x71,
    0x00, 0x00, 0x00, 0x5c, 0xff, 0xff, 0xff, 0xff,
    0xff, 0xf7, 0x00, 0x00, 0x09, 0xff, 0xff, 0xff,
    0xff, 0xff, 0xff, 0xf6, 0x00, 0x00, 0x2f, 0xff,
    0xa7, 0x54, 0x6a, 0xff, 0xff, 0xf1, 0x00, 0x00,
    0x74, 0x00, 0x00, 0x00, 0x03, 0xff, 0xff, 0x60,
    0x00, 0x00, 0x00, 0x00, 0x00, 0x00, 0x0a, 0xff,
    0xf9, 0x00, 0x00, 0x00, 0x00, 0x00, 0x00, 0x00,
    0x7f, 0xff, 0xb0, 0x00, 0x00, 0x00, 0x00, 0x00,
    0x00, 0x07, 0xff, 0xfc, 0x00, 0x00, 0x00, 0x47,
    0x9a, 0xbb, 0xbb, 0xdf, 0xff, 0xc0, 0x00, 0x19,
    0xff, 0xff, 0xff, 0xff, 0xff, 0xff, 0xfc, 0x00,
    0x4f, 0xff, 0xff, 0xff, 0xff, 0xff, 0xff, 0xff,
    0xc0, 0x2f, 0xff, 0xff, 0x94, 0x20, 0x00, 0x07,
    0xff, 0xfc, 0x0b, 0xff, 0xff, 0x30, 0x00, 0x00,
    0x00, 0x7f, 0xff, 0xc0, 0xff, 0xff, 0x80, 0x00,
    0x00, 0x00, 0x07, 0xff, 0xfc, 0x3f, 0xff, 0xf3,
    0x00, 0x00, 0x00, 0x00, 0x9f, 0xff, 0xc3, 0xff,
    0xff, 0x20, 0x00, 0x00, 0x00, 0x0e, 0xff, 0xfc,
    0x2f, 0xff, 0xf5, 0x00, 0x00, 0x00, 0x06, 0xff,
    0xff, 0xc0, 0xff, 0xff, 0xd0, 0x00, 0x00, 0x07,
    0xff, 0xff, 0xfc, 0x09, 0xff, 0xff, 0xe8, 0x55,
    0x8d, 0xff, 0xdf, 0xff, 0xc0, 0x1e, 0xff, 0xff,
    0xff, 0xff, 0xff, 0xd1, 0xef, 0xfc, 0x00, 0x3e,
    0xff, 0xff, 0xff, 0xff, 0xb1, 0x0a, 0xff, 0xc0,
    0x00, 0x07, 0xce, 0xff, 0xda, 0x40, 0x00, 0x6f,
    0xfc,

    /* U+0062 "b" */
    0xbf, 0xff, 0x80, 0x00, 0x00, 0x00, 0x00, 0x00,
    0x00, 0x00, 0xbf, 0xff, 0x80, 0x00, 0x00, 0x00,
    0x00, 0x00, 0x00, 0x00, 0xbf, 0xff, 0x80, 0x00,
    0x00, 0x00, 0x00, 0x00, 0x00, 0x00, 0xbf, 0xff,
    0x80, 0x00, 0x00, 0x00, 0x00, 0x00, 0x00, 0x00,
    0xbf, 0xff, 0x80, 0x00, 0x00, 0x00, 0x00, 0x00,
    0x00, 0x00, 0xbf, 0xff, 0x80, 0x00, 0x00, 0x00,
    0x00, 0x00, 0x00, 0x00, 0xbf, 0xff, 0x80, 0x00,
    0x00, 0x00, 0x00, 0x00, 0x00, 0x00, 0xbf, 0xff,
    0x80, 0x00, 0x00, 0x00, 0x00, 0x00, 0x00, 0x00,
    0xbf, 0xff, 0x70, 0x05, 0xae, 0xff, 0xea, 0x50,
    0x00, 0x00, 0xbf, 0xff, 0x71, 0xbf, 0xff, 0xff,
    0xff, 0xfc, 0x20, 0x00, 0xbf, 0xff, 0x7d, 0xff,
    0xff, 0xff, 0xff, 0xff, 0xe2, 0x00, 0xbf, 0xff,
    0xff, 0xfe, 0xa8, 0x8a, 0xff, 0xff, 0xfd, 0x00,
    0xbf, 0xff, 0xff, 0x70, 0x00, 0x00, 0x1b, 0xff,
    0xff, 0x60, 0xbf, 0xff, 0xf9, 0x00, 0x00, 0x00,
    0x00, 0xdf, 0xff, 0xd0, 0xbf, 0xff, 0xf1, 0x00,
    0x00, 0x00, 0x00, 0x6f, 0xff, 0xf2, 0xbf, 0xff,
    0xd0, 0x00, 0x00, 0x00, 0x00, 0x1f, 0xff, 0xf6,
    0xbf, 0xff, 0xa0, 0x00, 0x00, 0x00, 0x00, 0x0d,
    0xff, 0xf8, 0xbf, 0xff, 0x80, 0x00, 0x00, 0x00,
    0x00, 0x0b, 0xff, 0xfa, 0xbf, 0xff, 0x80, 0x00,
    0x00, 0x00, 0x00, 0x0b, 0xff, 0xfa, 0xbf, 0xff,
    0x80, 0x00, 0x00, 0x00, 0x00, 0x0b, 0xff, 0xfa,
    0xbf, 0xff, 0x90, 0x00, 0x00, 0x00, 0x00, 0x0c,
    0xff, 0xfa, 0xbf, 0xff, 0xb0, 0x00, 0x00, 0x00,
    0x00, 0x0e, 0xff, 0xf8, 0xbf, 0xff, 0xe0, 0x00,
    0x00, 0x00, 0x00, 0x1f, 0xff, 0xf6, 0xbf, 0xff,
    0xf3, 0x00, 0x00, 0x00, 0x00, 0x7f, 0xff, 0xf2,
    0xbf, 0xff, 0xfb, 0x00, 0x00, 0x00, 0x01, 0xef,
    0xff, 0xd0, 0xbf, 0xff, 0xff, 0x90, 0x00, 0x00,
    0x1c, 0xff, 0xff, 0x60, 0xbf, 0xff, 0xff, 0xff,
    0xb9, 0x8b, 0xff, 0xff, 0xfc, 0x00, 0xbf, 0xff,
    0x4e, 0xff, 0xff, 0xff, 0xff, 0xff, 0xe2, 0x00,
    0xbf, 0xfd, 0x02, 0xcf, 0xff, 0xff, 0xff, 0xfc,
    0x20, 0x00, 0xbf, 0xf8, 0x00, 0x05, 0xbe, 0xff,
    0xea, 0x40, 0x00, 0x00,

    /* U+0063 "c" */
    0x00, 0x00, 0x01, 0x6a, 0xdf, 0xff, 0xda, 0x61,
    0x00, 0x00, 0x08, 0xff, 0xff, 0xff, 0xff, 0xff,
    0xf3, 0x00, 0x0c, 0xff, 0xff, 0xff, 0xff, 0xff,
    0xfe, 0x00, 0x0b, 0xff, 0xff, 0xfd, 0xa9, 0xad,
    0xff, 0x80, 0x06, 0xff, 0xff, 0xd3, 0x00, 0x00,
    0x01, 0x62, 0x00, 0xef, 0xff, 0xe1, 0x00, 0x00,
    0x00, 0x00, 0x00, 0x4f, 0xff, 0xf5, 0x00, 0x00,
    0x00, 0x00, 0x00, 0x08, 0xff, 0xfe, 0x00, 0x00,
    0x00, 0x00, 0x00, 0x00, 0xbf, 0xff, 0xb0, 0x00,
    0x00, 0x00, 0x00, 0x00, 0x0c, 0xff, 0xf9, 0x00,
    0x00, 0x00, 0x00, 0x00, 0x00, 0xdf, 0xff, 0x80,
    0x00, 0x00, 0x00, 0x00, 0x00, 0x0d, 0xff, 0xf8,
    0x00, 0x00, 0x00, 0x00, 0x00, 0x00, 0xdf, 0xff,
    0x80, 0x00, 0x00, 0x00, 0x00, 0x00, 0x0b, 0xff,
    0xfb, 0x00, 0x00, 0x00, 0x00, 0x00, 0x00, 0x8f,
    0xff, 0xe0, 0x00, 0x00, 0x00, 0x00, 0x00, 0x04,
    0xff, 0xff, 0x50, 0x00, 0x00, 0x00, 0x00, 0x00,
    0x0e, 0xff, 0xfd, 0x10, 0x00, 0x00, 0x00, 0x00,
    0x00, 0x7f, 0xff, 0xfd, 0x30, 0x00, 0x00, 0x05,
    0xa0, 0x00, 0xcf, 0xff, 0xff, 0xda, 0x9a, 0xcf,
    0xfe, 0x00, 0x01, 0xdf, 0xff, 0xff, 0xff, 0xff,
    0xff, 0xe0, 0x00, 0x00, 0x9f, 0xff, 0xff, 0xff,
    0xff, 0xfd, 0x00, 0x00, 0x00, 0x27, 0xbe, 0xff,
    0xfd, 0xa5, 0x00,

    /* U+0064 "d" */
    0x00, 0x00, 0x00, 0x00, 0x00, 0x00, 0x00, 0x0b,
    0xff, 0xf8, 0x00, 0x00, 0x00, 0x00, 0x00, 0x00,
    0x00, 0x0b, 0xff, 0xf8, 0x00, 0x00, 0x00, 0x00,
    0x00, 0x00, 0x00, 0x0b, 0xff, 0xf8, 0x00, 0x00,
    0x00, 0x00, 0x00, 0x00, 0x00, 0x0b, 0xff, 0xf8,
    0x00, 0x00, 0x00, 0x00, 0x00, 0x00, 0x00, 0x0b,
    0xff, 0xf8, 0x00, 0x00, 0x00, 0x00, 0x00, 0x00,
    0x00, 0x0b, 0xff, 0xf8, 0x00, 0x00, 0x00, 0x00,
    0x00, 0x00, 0x00, 0x0b, 0xff, 0xf8, 0x00, 0x00,
    0x00, 0x00, 0x00, 0x00, 0x00, 0x0b, 0xff, 0xf8,
    0x00, 0x00, 0x06, 0xbe, 0xff, 0xda, 0x30, 0x0b,
    0xff, 0xf8, 0x00, 0x03, 0xdf, 0xff, 0xff, 0xff,
    0xfa, 0x0a, 0xff, 0xf8, 0x00, 0x4f, 0xff, 0xff,
    0xff, 0xff, 0xff, 0xb8, 0xff, 0xf8, 0x01, 0xef,
    0xff, 0xff, 0xa8, 0x8b, 0xff, 0xff, 0xff, 0xf8,
    0x09, 0xff, 0xff, 0xb1, 0x00, 0x00, 0x1a, 0xff,
    0xff, 0xf8, 0x0f, 0xff, 0xfd, 0x00, 0x00, 0x00,
    0x00, 0xcf, 0xff, 0xf8, 0x5f, 0xff, 0xf4, 0x00,
    0x00, 0x00, 0x00, 0x4f, 0xff, 0xf8, 0x9f, 0xff,
    0xe0, 0x00, 0x00, 0x00, 0x00, 0x0f, 0xff, 0xf8,
    0xbf, 0xff, 0xb0, 0x00, 0x00, 0x00, 0x00, 0x0c,
    0xff, 0xf8, 0xdf, 0xff, 0x90, 0x00, 0x00, 0x00,
    0x00, 0x0a, 0xff, 0xf8, 0xdf, 0xff, 0x80, 0x00,
    0x00, 0x00, 0x00, 0x09, 0xff, 0xf8, 0xdf, 0xff,
    0x70, 0x00, 0x00, 0x00, 0x00, 0x09, 0xff, 0xf8,
    0xdf, 0xff, 0x80, 0x00, 0x00, 0x00, 0x00, 0x09,
    0xff, 0xf8, 0xbf, 0xff, 0xa0, 0x00, 0x00, 0x00,
    0x00, 0x0b, 0xff, 0xf8, 0x9f, 0xff, 0xe0, 0x00,
    0x00, 0x00, 0x00, 0x0e, 0xff, 0xf8, 0x5f, 0xff,
    0xf3, 0x00, 0x00, 0x00, 0x00, 0x2f, 0xff, 0xf8,
    0x1f, 0xff, 0xfc, 0x00, 0x00, 0x00, 0x00, 0xaf,
    0xff, 0xf8, 0x0a, 0xff, 0xff, 0xa0, 0x00, 0x00,
    0x09, 0xff, 0xff, 0xf8, 0x01, 0xff, 0xff, 0xfe,
    0xa8, 0x8a, 0xef, 0xfe, 0xff, 0xf8, 0x00, 0x4f,
    0xff, 0xff, 0xff, 0xff, 0xff, 0xa6, 0xff, 0xf8,
    0x00, 0x03, 0xef, 0xff, 0xff, 0xff, 0xf8, 0x02,
    0xff, 0xf8, 0x00, 0x00, 0x06, 0xbe, 0xff, 0xd9,
    0x30, 0x00, 0xff, 0xf8,

    /* U+0065 "e" */
    0x00, 0x00, 0x01, 0x7c, 0xef, 0xfe, 0xb6, 0x00,
    0x00, 0x00, 0x00, 0x08, 0xff, 0xff, 0xff, 0xff,
    0xfe, 0x50, 0x00, 0x00, 0x0c, 0xff, 0xff, 0xff,
    0xff, 0xff, 0xff, 0x70, 0x00, 0x0b, 0xff, 0xff,
    0xc7, 0x45, 0x8e, 0xff, 0xff, 0x40, 0x05, 0xff,
    0xff, 0x70, 0x00, 0x00, 0x1c, 0xff, 0xfd, 0x00,
    0xdf, 0xff, 0xa0, 0x00, 0x00, 0x00, 0x1f, 0xff,
    0xf4, 0x3f, 0xff, 0xf2, 0x00, 0x00, 0x00, 0x00,
    0xaf, 0xff, 0x97, 0xff, 0xfc, 0x00, 0x00, 0x00,
    0x00, 0x06, 0xff, 0xfc, 0xaf, 0xff, 0xa2, 0x22,
    0x22, 0x22, 0x22, 0x6f, 0xff, 0xec, 0xff, 0xff,
    0xff, 0xff, 0xff, 0xff, 0xff, 0xff, 0xff, 0xdf,
    0xff, 0xff, 0xff, 0xff, 0xff, 0xff, 0xff, 0xff,
    0xfd, 0xff, 0xff, 0xff, 0xff, 0xff, 0xff, 0xff,
    0xff, 0xff, 0xdf, 0xff, 0x80, 0x00, 0x00, 0x00,
    0x00, 0x00, 0x00, 0x0b, 0xff, 0xfa, 0x00, 0x00,
    0x00, 0x00, 0x00, 0x00, 0x00, 0x8f, 0xff, 0xd0,
    0x00, 0x00, 0x00, 0x00, 0x00, 0x00, 0x03, 0xff,
    0xff, 0x40, 0x00, 0x00, 0x00, 0x00, 0x00, 0x00,
    0x0d, 0xff, 0xfd, 0x10, 0x00, 0x00, 0x00, 0x00,
    0x00, 0x00, 0x5f, 0xff, 0xfd, 0x30, 0x00, 0x00,
    0x00, 0x16, 0xa0, 0x00, 0xaf, 0xff, 0xff, 0xc9,
    0x77, 0x8a, 0xcf, 0xfe, 0x00, 0x00, 0xaf, 0xff,
    0xff, 0xff, 0xff, 0xff, 0xff, 0xe0, 0x00, 0x00,
    0x6e, 0xff, 0xff, 0xff, 0xff, 0xff, 0xfa, 0x00,
    0x00, 0x00, 0x05, 0xad, 0xff, 0xfe, 0xda, 0x61,
    0x00,

    /* U+0066 "f" */
    0x00, 0x00, 0x00, 0x00, 0x03, 0x55, 0x53, 0x00,
    0x00, 0x00, 0x00, 0x19, 0xff, 0xff, 0xff, 0xf8,
    0x00, 0x00, 0x02, 0xef, 0xff, 0xff, 0xff, 0xf7,
    0x00, 0x00, 0x0c, 0xff, 0xff, 0xff, 0xff, 0xf2,
    0x00, 0x00, 0x3f, 0xff, 0xfb, 0x30, 0x03, 0x60,
    0x00, 0x00, 0x7f, 0xff, 0xe0, 0x00, 0x00, 0x00,
    0x00, 0x00, 0xaf, 0xff, 0xa0, 0x00, 0x00, 0x00,
    0x00, 0x00, 0xbf, 0xff, 0x80, 0x00, 0x00, 0x00,
    0x00, 0x00, 0xbf, 0xff, 0x80, 0x00, 0x00, 0x00,
    0x01, 0x6c, 0xff, 0xff, 0xff, 0xff, 0xfc, 0x00,
    0x4f, 0xff, 0xff, 0xff, 0xff, 0xff, 0xfc, 0x00,
    0x5f, 0xff, 0xff, 0xff, 0xff, 0xff, 0xfc, 0x00,
    0x14, 0x44, 0xdf, 0xff, 0xa4, 0x44, 0x43, 0x00,
    0x00, 0x00, 0xcf, 0xff, 0x80, 0x00, 0x00, 0x00,
    0x00, 0x00, 0xcf, 0xff, 0x80, 0x00, 0x00, 0x00,
    0x00, 0x00, 0xcf, 0xff, 0x80, 0x00, 0x00, 0x00,
    0x00, 0x00, 0xcf, 0xff, 0x80, 0x00, 0x00, 0x00,
    0x00, 0x00, 0xcf, 0xff, 0x80, 0x00, 0x00, 0x00,
    0x00, 0x00, 0xcf, 0xff, 0x80, 0x00, 0x00, 0x00,
    0x00, 0x00, 0xcf, 0xff, 0x80, 0x00, 0x00, 0x00,
    0x00, 0x00, 0xcf, 0xff, 0x80, 0x00, 0x00, 0x00,
    0x00, 0x00, 0xcf, 0xff, 0x80, 0x00, 0x00, 0x00,
    0x00, 0x00, 0xcf, 0xff, 0x80, 0x00, 0x00, 0x00,
    0x00, 0x00, 0xcf, 0xff, 0x80, 0x00, 0x00, 0x00,
    0x00, 0x00, 0xcf, 0xff, 0x80, 0x00, 0x00, 0x00,
    0x00, 0x00, 0xcf, 0xff, 0x80, 0x00, 0x00, 0x00,
    0x00, 0x00, 0xcf, 0xff, 0x80, 0x00, 0x00, 0x00,
    0x00, 0x00, 0xcf, 0xff, 0x80, 0x00, 0x00, 0x00,
    0x00, 0x00, 0xcf, 0xff, 0x80, 0x00, 0x00, 0x00,
    0x00, 0x00, 0xcf, 0xff, 0x80, 0x00, 0x00, 0x00,
    0x00, 0x00, 0xcf, 0xff, 0x80, 0x00, 0x00, 0x00,

    /* U+0067 "g" */
    0x00, 0x00, 0x06, 0xbe, 0xff, 0xd9, 0x30, 0x00,
    0xff, 0xf8, 0x00, 0x03, 0xdf, 0xff, 0xff, 0xff,
    0xfa, 0x02, 0xff, 0xf8, 0x00, 0x3f, 0xff, 0xff,
    0xff, 0xff, 0xff, 0xc5, 0xff, 0xf8, 0x00, 0xef,
    0xff, 0xfe, 0xa8, 0x8b, 0xff, 0xff, 0xff, 0xf8,
    0x08, 0xff, 0xff, 0xa0, 0x00, 0x00, 0x1a, 0xff,
    0xff, 0xf8, 0x0f, 0xff, 0xfc, 0x00, 0x00, 0x00,
    0x00, 0xbf, 0xff, 0xf8, 0x4f, 0xff, 0xf4, 0x00,
    0x00, 0x00, 0x00, 0x3f, 0xff, 0xf8, 0x8f, 0xff,
    0xe0, 0x00, 0x00, 0x00, 0x00, 0x0e, 0xff, 0xf8,
    0xbf, 0xff, 0xb0, 0x00, 0x00, 0x00, 0x00, 0x0b,
    0xff, 0xf8, 0xdf, 0xff, 0x90, 0x00, 0x00, 0x00,
    0x00, 0x0a, 0xff, 0xf8, 0xdf, 0xff, 0x80, 0x00,
    0x00, 0x00, 0x00, 0x09, 0xff, 0xf8, 0xdf, 0xff,
    0x70, 0x00, 0x00, 0x00, 0x00, 0x09, 0xff, 0xf8,
    0xdf, 0xff, 0x80, 0x00, 0x00, 0x00, 0x00, 0x09,
    0xff, 0xf8, 0xbf, 0xff, 0xa0, 0x00, 0x00, 0x00,
    0x00, 0x0a, 0xff, 0xf8, 0x9f, 0xff, 0xd0, 0x00,
    0x00, 0x00, 0x00, 0x0c, 0xff, 0xf8, 0x5f, 0xff,
    0xf3, 0x00, 0x00, 0x00, 0x00, 0x1f, 0xff, 0xf8,
    0x0f, 0xff, 0xfb, 0x00, 0x00, 0x00, 0x00, 0x9f,
    0xff, 0xf8, 0x09, 0xff, 0xff, 0x90, 0x00, 0x00,
    0x08, 0xff, 0xff, 0xf8, 0x01, 0xef, 0xff, 0xfe,
    0x97, 0x79, 0xef, 0xff, 0xff, 0xf8, 0x00, 0x4f,
    0xff, 0xff, 0xff, 0xff, 0xff, 0xb9, 0xff, 0xf8,
    0x00, 0x03, 0xef, 0xff, 0xff, 0xff, 0xf9, 0x0a,
    0xff, 0xf8, 0x00, 0x00, 0x06, 0xbe, 0xff, 0xd9,
    0x30, 0x0a, 0xff, 0xf8, 0x00, 0x00, 0x00, 0x00,
    0x00, 0x00, 0x00, 0x0b, 0xff, 0xf8, 0x00, 0x00,
    0x00, 0x00, 0x00, 0x00, 0x00, 0x0c, 0xff, 0xf7,
    0x00, 0x00, 0x00, 0x00, 0x00, 0x00, 0x00, 0x0e,
    0xff, 0xf6, 0x00, 0x00, 0x00, 0x00, 0x00, 0x00,
    0x00, 0x4f, 0xff, 0xf3, 0x01, 0x00, 0x00, 0x00,
    0x00, 0x00, 0x00, 0xdf, 0xff, 0xe0, 0x05, 0xe8,
    0x20, 0x00, 0x00, 0x00, 0x2c, 0xff, 0xff, 0x80,
    0x05, 0xff, 0xfe, 0xb9, 0x87, 0x8b, 0xff, 0xff,
    0xfe, 0x10, 0x05, 0xff, 0xff, 0xff, 0xff, 0xff,
    0xff, 0xff, 0xe3, 0x00, 0x04, 0xff, 0xff, 0xff,
    0xff, 0xff, 0xff, 0xfb, 0x20, 0x00, 0x00, 0x04,
    0x8b, 0xde, 0xff, 0xfe, 0xc8, 0x30, 0x00, 0x00,

    /* U+0068 "h" */
    0xbf, 0xff, 0x80, 0x00, 0x00, 0x00, 0x00, 0x00,
    0x00, 0x0b, 0xff, 0xf8, 0x00, 0x00, 0x00, 0x00,
    0x00, 0x00, 0x00, 0xbf, 0xff, 0x80, 0x00, 0x00,
    0x00, 0x00, 0x00, 0x00, 0x0b, 0xff, 0xf8, 0x00,
    0x00, 0x00, 0x00, 0x00, 0x00, 0x00, 0xbf, 0xff,
    0x80, 0x00, 0x00, 0x00, 0x00, 0x00, 0x00, 0x0b,
    0xff, 0xf8, 0x00, 0x00, 0x00, 0x00, 0x00, 0x00,
    0x00, 0xbf, 0xff, 0x80, 0x00, 0x00, 0x00, 0x00,
    0x00, 0x00, 0x0b, 0xff, 0xf8, 0x00, 0x00, 0x00,
    0x00, 0x00, 0x00, 0x00, 0xbf, 0xff, 0x80, 0x04,
    0x9d, 0xff, 0xec, 0x82, 0x00, 0x0b, 0xff, 0xf7,
    0x1b, 0xff, 0xff, 0xff, 0xff, 0xf7, 0x00, 0xbf,
    0xff, 0x7d, 0xff, 0xff, 0xff, 0xff, 0xff, 0xf7,
    0x0b, 0xff, 0xfe, 0xff, 0xfb, 0x87, 0x9e, 0xff,
    0xff, 0xf2, 0xbf, 0xff, 0xff, 0xa1, 0x00, 0x00,
    0x09, 0xff, 0xff, 0x8b, 0xff, 0xff, 0xc0, 0x00,
    0x00, 0x00, 0x0d, 0xff, 0xfb, 0xbf, 0xff, 0xf3,
    0x00, 0x00, 0x00, 0x00, 0x7f, 0xff, 0xeb, 0xff,
    0xfe, 0x00, 0x00, 0x00, 0x00, 0x04, 0xff, 0xff,
    0xbf, 0xff, 0xb0, 0x00, 0x00, 0x00, 0x00, 0x3f,
    0xff, 0xfb, 0xff, 0xf9, 0x00, 0x00, 0x00, 0x00,
    0x03, 0xff, 0xff, 0xbf, 0xff, 0x80, 0x00, 0x00,
    0x00, 0x00, 0x3f, 0xff, 0xfb, 0xff, 0xf8, 0x00,
    0x00, 0x00, 0x00, 0x03, 0xff, 0xff, 0xbf, 0xff,
    0x80, 0x00, 0x00, 0x00, 0x00, 0x3f, 0xff, 0xfb,
    0xff, 0xf8, 0x00, 0x00, 0x00, 0x00, 0x03, 0xff,
    0xff, 0xbf, 0xff, 0x80, 0x00, 0x00, 0x00, 0x00,
    0x3f, 0xff, 0xfb, 0xff, 0xf8, 0x00, 0x00, 0x00,
    0x00, 0x03, 0xff, 0xff, 0xbf, 0xff, 0x80, 0x00,
    0x00, 0x00, 0x00, 0x3f, 0xff, 0xfb, 0xff, 0xf8,
    0x00, 0x00, 0x00, 0x00, 0x03, 0xff, 0xff, 0xbf,
    0xff, 0x80, 0x00, 0x00, 0x00, 0x00, 0x3f, 0xff,
    0xfb, 0xff, 0xf8, 0x00, 0x00, 0x00, 0x00, 0x03,
    0xff, 0xff, 0xbf, 0xff, 0x80, 0x00, 0x00, 0x00,
    0x00, 0x3f, 0xff, 0xfb, 0xff, 0xf8, 0x00, 0x00,
    0x00, 0x00, 0x03, 0xff, 0xff,

    /* U+0069 "i" */
    0x3d, 0xfc, 0x2d, 0xff, 0xfb, 0xff, 0xff, 0xdd,
    0xff, 0xfa, 0x2b, 0xea, 0x10, 0x00, 0x00, 0x00,
    0x00, 0x00, 0x00, 0x00, 0xbf, 0xff, 0x8b, 0xff,
    0xf8, 0xbf, 0xff, 0x8b, 0xff, 0xf8, 0xbf, 0xff,
    0x8b, 0xff, 0xf8, 0xbf, 0xff, 0x8b, 0xff, 0xf8,
    0xbf, 0xff, 0x8b, 0xff, 0xf8, 0xbf, 0xff, 0x8b,
    0xff, 0xf8, 0xbf, 0xff, 0x8b, 0xff, 0xf8, 0xbf,
    0xff, 0x8b, 0xff, 0xf8, 0xbf, 0xff, 0x8b, 0xff,
    0xf8, 0xbf, 0xff, 0x8b, 0xff, 0xf8, 0xbf, 0xff,
    0x8b, 0xff, 0xf8,

    /* U+006A "j" */
    0x00, 0x00, 0x00, 0x3d, 0xfc, 0x20, 0x00, 0x00,
    0x0d, 0xff, 0xfb, 0x00, 0x00, 0x00, 0xff, 0xff,
    0xd0, 0x00, 0x00, 0x0d, 0xff, 0xfa, 0x00, 0x00,
    0x00, 0x2b, 0xea, 0x10, 0x00, 0x00, 0x00, 0x00,
    0x00, 0x00, 0x00, 0x00, 0x00, 0x00, 0x00, 0x00,
    0x00, 0x00, 0x00, 0x00, 0x00, 0x00, 0x00, 0xbf,
    0xff, 0x80, 0x00, 0x00, 0x0b, 0xff, 0xf8, 0x00,
    0x00, 0x00, 0xbf, 0xff, 0x80, 0x00, 0x00, 0x0b,
    0xff, 0xf8, 0x00, 0x00, 0x00, 0xbf, 0xff, 0x80,
    0x00, 0x00, 0x0b, 0xff, 0xf8, 0x00, 0x00, 0x00,
    0xbf, 0xff, 0x80, 0x00, 0x00, 0x0b, 0xff, 0xf8,
    0x00, 0x00, 0x00, 0xbf, 0xff, 0x80, 0x00, 0x00,
    0x0b, 0xff, 0xf8, 0x00, 0x00, 0x00, 0xbf, 0xff,
    0x80, 0x00, 0x00, 0x0b, 0xff, 0xf8, 0x00, 0x00,
    0x00, 0xbf, 0xff, 0x80, 0x00, 0x00, 0x0b, 0xff,
    0xf8, 0x00, 0x00, 0x00, 0xbf, 0xff, 0x80, 0x00,
    0x00, 0x0b, 0xff, 0xf8, 0x00, 0x00, 0x00, 0xbf,
    0xff, 0x80, 0x00, 0x00, 0x0b, 0xff, 0xf8, 0x00,
    0x00, 0x00, 0xbf, 0xff, 0x80, 0x00, 0x00, 0x0b,
    0xff, 0xf8, 0x00, 0x00, 0x00, 0xbf, 0xff, 0x80,
    0x00, 0x00, 0x0b, 0xff, 0xf8, 0x00, 0x00, 0x00,
    0xbf, 0xff, 0x80, 0x00, 0x00, 0x0b, 0xff, 0xf8,
    0x00, 0x00, 0x00, 0xbf, 0xff, 0x80, 0x00, 0x00,
    0x0b, 0xff, 0xf8, 0x00, 0x00, 0x00, 0xdf, 0xff,
    0x60, 0x00, 0x00, 0x5f, 0xff, 0xf4, 0x2b, 0x88,
    0xaf, 0xff, 0xfe, 0x02, 0xff, 0xff, 0xff, 0xff,
    0x70, 0x2f, 0xff, 0xff, 0xff, 0x90, 0x01, 0xbe,
    0xff, 0xeb, 0x40, 0x00,

    /* U+006B "k" */
    0xbf, 0xff, 0x70, 0x00, 0x00, 0x00, 0x00, 0x00,
    0x00, 0x0b, 0xff, 0xf7, 0x00, 0x00, 0x00, 0x00,
    0x00, 0x00, 0x00, 0xbf, 0xff, 0x70, 0x00, 0x00,
    0x00, 0x00, 0x00, 0x00, 0x0b, 0xff, 0xf7, 0x00,
    0x00, 0x00, 0x00, 0x00, 0x00, 0x00, 0xbf, 0xff,
    0x70, 0x00, 0x00, 0x00, 0x00, 0x00, 0x00, 0x0b,
    0xff, 0xf7, 0x00, 0x00, 0x00, 0x00, 0x00, 0x00,
    0x00, 0xbf, 0xff, 0x70, 0x00, 0x00, 0x00, 0x00,
    0x00, 0x00, 0x0b, 0xff, 0xf7, 0x00, 0x00, 0x00,
    0x00, 0x00, 0x00, 0x00, 0xbf, 0xff, 0x70, 0x00,
    0x00, 0x00, 0x1d, 0xff, 0xfd, 0x1b, 0xff, 0xf7,
    0x00, 0x00, 0x00, 0x1d, 0xff, 0xfe, 0x20, 0xbf,
    0xff, 0x70, 0x00, 0x00, 0x0c, 0xff, 0xff, 0x30,
    0x0b, 0xff, 0xf7, 0x00, 0x00, 0x0a, 0xff, 0xff,
    0x40, 0x00, 0xbf, 0xff, 0x70, 0x00, 0x09, 0xff,
    0xff, 0x50, 0x00, 0x0b, 0xff, 0xf7, 0x00, 0x08,
    0xff, 0xff, 0x60, 0x00, 0x00, 0xbf, 0xff, 0x70,
    0x06, 0xff, 0xff, 0x80, 0x00, 0x00, 0x0b, 0xff,
    0xf7, 0x04, 0xff, 0xff, 0x90, 0x00, 0x00, 0x00,
    0xbf, 0xff, 0x62, 0xff, 0xff, 0xa0, 0x00, 0x00,
    0x00, 0x0b, 0xff, 0xf6, 0xcf, 0xff, 0xf1, 0x00,
    0x00, 0x00, 0x00, 0xbf, 0xff, 0xdf, 0xff, 0xff,
    0xa0, 0x00, 0x00, 0x00, 0x0b, 0xff, 0xff, 0xff,
    0xff, 0xff, 0x60, 0x00, 0x00, 0x00, 0xbf, 0xff,
    0xff, 0x8c, 0xff, 0xff, 0x20, 0x00, 0x00, 0x0b,
    0xff, 0xff, 0x60, 0x2f, 0xff, 0xfc, 0x00, 0x00,
    0x00, 0xbf, 0xff, 0x80, 0x00, 0x6f, 0xff, 0xf8,
    0x00, 0x00, 0x0b, 0xff, 0xf7, 0x00, 0x00, 0xaf,
    0xff, 0xf4, 0x00, 0x00, 0xbf, 0xff, 0x70, 0x00,
    0x01, 0xef, 0xff, 0xe1, 0x00, 0x0b, 0xff, 0xf7,
    0x00, 0x00, 0x04, 0xff, 0xff, 0xb0, 0x00, 0xbf,
    0xff, 0x70, 0x00, 0x00, 0x08, 0xff, 0xff, 0x60,
    0x0b, 0xff, 0xf7, 0x00, 0x00, 0x00, 0x0d, 0xff,
    0xff, 0x20, 0xbf, 0xff, 0x70, 0x00, 0x00, 0x00,
    0x2f, 0xff, 0xfd, 0x0b, 0xff, 0xf7, 0x00, 0x00,
    0x00, 0x00, 0x6f, 0xff, 0xf9,

    /* U+006C "l" */
    0xbf, 0xff, 0x8b, 0xff, 0xf8, 0xbf, 0xff, 0x8b,
    0xff, 0xf8, 0xbf, 0xff, 0x8b, 0xff, 0xf8, 0xbf,
    0xff, 0x8b, 0xff, 0xf8, 0xbf, 0xff, 0x8b, 0xff,
    0xf8, 0xbf, 0xff, 0x8b, 0xff, 0xf8, 0xbf, 0xff,
    0x8b, 0xff, 0xf8, 0xbf, 0xff, 0x8b, 0xff, 0xf8,
    0xbf, 0xff, 0x8b, 0xff, 0xf8, 0xbf, 0xff, 0x8b,
    0xff, 0xf8, 0xbf, 0xff, 0x8b, 0xff, 0xf8, 0xbf,
    0xff, 0x8b, 0xff, 0xf8, 0xbf, 0xff, 0x8b, 0xff,
    0xf8, 0xbf, 0xff, 0x8b, 0xff, 0xf8, 0xbf, 0xff,
    0x8b, 0xff, 0xf8,

    /* U+006D "m" */
    0xbf, 0xfb, 0x00, 0x05, 0xbe, 0xff, 0xea, 0x50,
    0x00, 0x00, 0x28, 0xcf, 0xff, 0xd9, 0x20, 0x00,
    0xbf, 0xfe, 0x02, 0xcf, 0xff, 0xff, 0xff, 0xfc,
    0x10, 0x08, 0xff, 0xff, 0xff, 0xff, 0xf7, 0x00,
    0xbf, 0xff, 0x3e, 0xff, 0xff, 0xff, 0xff, 0xff,
    0xc0, 0xaf, 0xff, 0xff, 0xff, 0xff, 0xff, 0x60,
    0xbf, 0xff, 0xef, 0xfe, 0xa8, 0x9c, 0xff, 0xff,
    0xfb, 0xff, 0xfc, 0x98, 0xae, 0xff, 0xff, 0xf0,
    0xbf, 0xff, 0xff, 0x90, 0x00, 0x00, 0x6f, 0xff,
    0xff, 0xfe, 0x30, 0x00, 0x00, 0xbf, 0xff, 0xf5,
    0xbf, 0xff, 0xfb, 0x00, 0x00, 0x00, 0x0a, 0xff,
    0xff, 0xf3, 0x00, 0x00, 0x00, 0x1f, 0xff, 0xf9,
    0xbf, 0xff, 0xf3, 0x00, 0x00, 0x00, 0x05, 0xff,
    0xff, 0xb0, 0x00, 0x00, 0x00, 0x0b, 0xff, 0xfb,
    0xbf, 0xff, 0xe0, 0x00, 0x00, 0x00, 0x02, 0xff,
    0xff, 0x60, 0x00, 0x00, 0x00, 0x08, 0xff, 0xfc,
    0xbf, 0xff, 0xb0, 0x00, 0x00, 0x00, 0x02, 0xff,
    0xff, 0x40, 0x00, 0x00, 0x00, 0x07, 0xff, 0xfc,
    0xbf, 0xff, 0x90, 0x00, 0x00, 0x00, 0x02, 0xff,
    0xff, 0x20, 0x00, 0x00, 0x00, 0x07, 0xff, 0xfc,
    0xbf, 0xff, 0x80, 0x00, 0x00, 0x00, 0x02, 0xff,
    0xff, 0x20, 0x00, 0x00, 0x00, 0x07, 0xff, 0xfc,
    0xbf, 0xff, 0x80, 0x00, 0x00, 0x00, 0x02, 0xff,
    0xff, 0x20, 0x00, 0x00, 0x00, 0x07, 0xff, 0xfc,
    0xbf, 0xff, 0x80, 0x00, 0x00, 0x00, 0x02, 0xff,
    0xff, 0x20, 0x00, 0x00, 0x00, 0x07, 0xff, 0xfc,
    0xbf, 0xff, 0x80, 0x00, 0x00, 0x00, 0x02, 0xff,
    0xff, 0x20, 0x00, 0x00, 0x00, 0x07, 0xff, 0xfc,
    0xbf, 0xff, 0x80, 0x00, 0x00, 0x00, 0x02, 0xff,
    0xff, 0x20, 0x00, 0x00, 0x00, 0x07, 0xff, 0xfc,
    0xbf, 0xff, 0x80, 0x00, 0x00, 0x00, 0x02, 0xff,
    0xff, 0x20, 0x00, 0x00, 0x00, 0x07, 0xff, 0xfc,
    0xbf, 0xff, 0x80, 0x00, 0x00, 0x00, 0x02, 0xff,
    0xff, 0x20, 0x00, 0x00, 0x00, 0x07, 0xff, 0xfc,
    0xbf, 0xff, 0x80, 0x00, 0x00, 0x00, 0x02, 0xff,
    0xff, 0x20, 0x00, 0x00, 0x00, 0x07, 0xff, 0xfc,
    0xbf, 0xff, 0x80, 0x00, 0x00, 0x00, 0x02, 0xff,
    0xff, 0x20, 0x00, 0x00, 0x00, 0x07, 0xff, 0xfc,
    0xbf, 0xff, 0x80, 0x00, 0x00, 0x00, 0x02, 0xff,
    0xff, 0x20, 0x00, 0x00, 0x00, 0x07, 0xff, 0xfc,
    0xbf, 0xff, 0x80, 0x00, 0x00, 0x00, 0x02, 0xff,
    0xff, 0x20, 0x00, 0x00, 0x00, 0x07, 0xff, 0xfc,
    0xbf, 0xff, 0x80, 0x00, 0x00, 0x00, 0x02, 0xff,
    0xff, 0x20, 0x00, 0x00, 0x00, 0x07, 0xff, 0xfc,

    /* U+006E "n" */
    0xbf, 0xfb, 0x00, 0x04, 0x9d, 0xff, 0xec, 0x82,
    0x00, 0x0b, 0xff, 0xe0, 0x1b, 0xff, 0xff, 0xff,
    0xff, 0xf8, 0x00, 0xbf, 0xff, 0x2d, 0xff, 0xff,
    0xff, 0xff, 0xff, 0xf8, 0x0b, 0xff, 0xfe, 0xff,
    0xfb, 0x88, 0xae, 0xff, 0xff, 0xf2, 0xbf, 0xff,
    0xff, 0xa1, 0x00, 0x00, 0x09, 0xff, 0xff, 0x8b,
    0xff, 0xff, 0xc0, 0x00, 0x00, 0x00, 0x0d, 0xff,
    0xfb, 0xbf, 0xff, 0xf4, 0x00, 0x00, 0x00, 0x00,
    0x7f, 0xff, 0xeb, 0xff, 0xfe, 0x00, 0x00, 0x00,
    0x00, 0x04, 0xff, 0xff, 0xbf, 0xff, 0xb0, 0x00,
    0x00, 0x00, 0x00, 0x3f, 0xff, 0xfb, 0xff, 0xf9,
    0x00, 0x00, 0x00, 0x00, 0x03, 0xff, 0xff, 0xbf,
    0xff, 0x80, 0x00, 0x00, 0x00, 0x00, 0x3f, 0xff,
    0xfb, 0xff, 0xf8, 0x00, 0x00, 0x00, 0x00, 0x03,
    0xff, 0xff, 0xbf, 0xff, 0x80, 0x00, 0x00, 0x00,
    0x00, 0x3f, 0xff, 0xfb, 0xff, 0xf8, 0x00, 0x00,
    0x00, 0x00, 0x03, 0xff, 0xff, 0xbf, 0xff, 0x80,
    0x00, 0x00, 0x00, 0x00, 0x3f, 0xff, 0xfb, 0xff,
    0xf8, 0x00, 0x00, 0x00, 0x00, 0x03, 0xff, 0xff,
    0xbf, 0xff, 0x80, 0x00, 0x00, 0x00, 0x00, 0x3f,
    0xff, 0xfb, 0xff, 0xf8, 0x00, 0x00, 0x00, 0x00,
    0x03, 0xff, 0xff, 0xbf, 0xff, 0x80, 0x00, 0x00,
    0x00, 0x00, 0x3f, 0xff, 0xfb, 0xff, 0xf8, 0x00,
    0x00, 0x00, 0x00, 0x03, 0xff, 0xff, 0xbf, 0xff,
    0x80, 0x00, 0x00, 0x00, 0x00, 0x3f, 0xff, 0xfb,
    0xff, 0xf8, 0x00, 0x00, 0x00, 0x00, 0x03, 0xff,
    0xff,

    /* U+006F "o" */
    0x00, 0x00, 0x01, 0x7b, 0xef, 0xfe, 0xc8, 0x30,
    0x00, 0x00, 0x00, 0x00, 0x08, 0xff, 0xff, 0xff,
    0xff, 0xff, 0xb2, 0x00, 0x00, 0x00, 0x0c, 0xff,
    0xff, 0xff, 0xff, 0xff, 0xff, 0xe3, 0x00, 0x00,
    0x0b, 0xff, 0xff, 0xfa, 0x77, 0x9d, 0xff, 0xff,
    0xf2, 0x00, 0x06, 0xff, 0xff, 0xa1, 0x00, 0x00,
    0x06, 0xff, 0xff, 0xc0, 0x00, 0xef, 0xff, 0xc0,
    0x00, 0x00, 0x00, 0x06, 0xff, 0xff, 0x40, 0x4f,
    0xff, 0xf4, 0x00, 0x00, 0x00, 0x00, 0x0d, 0xff,
    0xfb, 0x08, 0xff, 0xfe, 0x00, 0x00, 0x00, 0x00,
    0x00, 0x7f, 0xff, 0xf0, 0xbf, 0xff, 0xb0, 0x00,
    0x00, 0x00, 0x00, 0x04, 0xff, 0xff, 0x2d, 0xff,
    0xf8, 0x00, 0x00, 0x00, 0x00, 0x00, 0x1f, 0xff,
    0xf4, 0xdf, 0xff, 0x70, 0x00, 0x00, 0x00, 0x00,
    0x01, 0xff, 0xff, 0x5d, 0xff, 0xf8, 0x00, 0x00,
    0x00, 0x00, 0x00, 0x1f, 0xff, 0xf5, 0xcf, 0xff,
    0x90, 0x00, 0x00, 0x00, 0x00, 0x02, 0xff, 0xff,
    0x4a, 0xff, 0xfb, 0x00, 0x00, 0x00, 0x00, 0x00,
    0x4f, 0xff, 0xf2, 0x7f, 0xff, 0xe0, 0x00, 0x00,
    0x00, 0x00, 0x07, 0xff, 0xff, 0x02, 0xff, 0xff,
    0x40, 0x00, 0x00, 0x00, 0x00, 0xdf, 0xff, 0xa0,
    0x0c, 0xff, 0xfd, 0x00, 0x00, 0x00, 0x00, 0x6f,
    0xff, 0xf4, 0x00, 0x4f, 0xff, 0xfb, 0x10, 0x00,
    0x00, 0x5f, 0xff, 0xfc, 0x00, 0x00, 0x9f, 0xff,
    0xff, 0xa7, 0x68, 0xcf, 0xff, 0xff, 0x20, 0x00,
    0x00, 0xaf, 0xff, 0xff, 0xff, 0xff, 0xff, 0xff,
    0x40, 0x00, 0x00, 0x00, 0x6e, 0xff, 0xff, 0xff,
    0xff, 0xfb, 0x20, 0x00, 0x00, 0x00, 0x00, 0x06,
    0xae, 0xff, 0xec, 0x83, 0x00, 0x00, 0x00,

    /* U+0070 "p" */
    0xbf, 0xfd, 0x00, 0x04, 0xae, 0xff, 0xea, 0x50,
    0x00, 0x00, 0xbf, 0xff, 0x01, 0xbf, 0xff, 0xff,
    0xff, 0xfc, 0x20, 0x00, 0xbf, 0xff, 0x3c, 0xff,
    0xff, 0xff, 0xff, 0xff, 0xe2, 0x00, 0xbf, 0xff,
    0xef, 0xfe, 0xa8, 0x8b, 0xff, 0xff, 0xfd, 0x00,
    0xbf, 0xff, 0xff, 0x80, 0x00, 0x00, 0x2c, 0xff,
    0xff, 0x70, 0xbf, 0xff, 0xf9, 0x00, 0x00, 0x00,
    0x01, 0xef, 0xff, 0xd0, 0xbf, 0xff, 0xf2, 0x00,
    0x00, 0x00, 0x00, 0x7f, 0xff, 0xf2, 0xbf, 0xff,
    0xd0, 0x00, 0x00, 0x00, 0x00, 0x1f, 0xff, 0xf6,
    0xbf, 0xff, 0xa0, 0x00, 0x00, 0x00, 0x00, 0x0e,
    0xff, 0xf8, 0xbf, 0xff, 0x80, 0x00, 0x00, 0x00,
    0x00, 0x0c, 0xff, 0xfa, 0xbf, 0xff, 0x80, 0x00,
    0x00, 0x00, 0x00, 0x0b, 0xff, 0xfa, 0xbf, 0xff,
    0x80, 0x00, 0x00, 0x00, 0x00, 0x0b, 0xff, 0xfa,
    0xbf, 0xff, 0x90, 0x00, 0x00, 0x00, 0x00, 0x0c,
    0xff, 0xfa, 0xbf, 0xff, 0xb0, 0x00, 0x00, 0x00,
    0x00, 0x0e, 0xff, 0xf8, 0xbf, 0xff, 0xe0, 0x00,
    0x00, 0x00, 0x00, 0x2f, 0xff, 0xf5, 0xbf, 0xff,
    0xf3, 0x00, 0x00, 0x00, 0x00, 0x8f, 0xff, 0xf2,
    0xbf, 0xff, 0xfb, 0x00, 0x00, 0x00, 0x02, 0xff,
    0xff, 0xd0, 0xbf, 0xff, 0xff, 0xa0, 0x00, 0x00,
    0x2d, 0xff, 0xff, 0x60, 0xbf, 0xff, 0xff, 0xff,
    0xb9, 0x8b, 0xff, 0xff, 0xfc, 0x00, 0xbf, 0xff,
    0x7e, 0xff, 0xff, 0xff, 0xff, 0xff, 0xe2, 0x00,
    0xbf, 0xff, 0x61, 0xcf, 0xff, 0xff, 0xff, 0xfc,
    0x10, 0x00, 0xbf, 0xff, 0x70, 0x04, 0xae, 0xff,
    0xea, 0x40, 0x00, 0x00, 0xbf, 0xff, 0x80, 0x00,
    0x00, 0x00, 0x00, 0x00, 0x00, 0x00, 0xbf, 0xff,
    0x80, 0x00, 0x00, 0x00, 0x00, 0x00, 0x00, 0x00,
    0xbf, 0xff, 0x80, 0x00, 0x00, 0x00, 0x00, 0x00,
    0x00, 0x00, 0xbf, 0xff, 0x80, 0x00, 0x00, 0x00,
    0x00, 0x00, 0x00, 0x00, 0xbf, 0xff, 0x80, 0x00,
    0x00, 0x00, 0x00, 0x00, 0x00, 0x00, 0xbf, 0xff,
    0x80, 0x00, 0x00, 0x00, 0x00, 0x00, 0x00, 0x00,
    0xbf, 0xff, 0x80, 0x00, 0x00, 0x00, 0x00, 0x00,
    0x00, 0x00, 0xbf, 0xff, 0x80, 0x00, 0x00, 0x00,
    0x00, 0x00, 0x00, 0x00, 0xbf, 0xff, 0x80, 0x00,
    0x00, 0x00, 0x00, 0x00, 0x00, 0x00, 0xbf, 0xff,
    0x80, 0x00, 0x00, 0x00, 0x00, 0x00, 0x00, 0x00,

    /* U+0071 "q" */
    0x00, 0x00, 0x06, 0xbe, 0xff, 0xda, 0x30, 0x00,
    0xff, 0xf8, 0x00, 0x03, 0xdf, 0xff, 0xff, 0xff,
    0xfa, 0x03, 0xff, 0xf8, 0x00, 0x4f, 0xff, 0xff,
    0xff, 0xff, 0xff, 0xb6, 0xff, 0xf8, 0x01, 0xef,
    0xff, 0xfe, 0x97, 0x7a, 0xef, 0xfe, 0xff, 0xf8,
    0x09, 0xff, 0xff, 0xa0, 0x00, 0x00, 0x09, 0xff,
    0xff, 0xf8, 0x0f, 0xff, 0xfc, 0x00, 0x00, 0x00,
    0x00, 0xcf, 0xff, 0xf8, 0x5f, 0xff, 0xf4, 0x00,
    0x00, 0x00, 0x00, 0x4f, 0xff, 0xf8, 0x8f, 0xff,
    0xe0, 0x00, 0x00, 0x00, 0x00, 0x0f, 0xff, 0xf8,
    0xbf, 0xff, 0xb0, 0x00, 0x00, 0x00, 0x00, 0x0c,
    0xff, 0xf8, 0xdf, 0xff, 0x90, 0x00, 0x00, 0x00,
    0x00, 0x0a, 0xff, 0xf8, 0xdf, 0xff, 0x80, 0x00,
    0x00, 0x00, 0x00, 0x09, 0xff, 0xf8, 0xdf, 0xff,
    0x70, 0x00, 0x00, 0x00, 0x00, 0x09, 0xff, 0xf8,
    0xdf, 0xff, 0x80, 0x00, 0x00, 0x00, 0x00, 0x09,
    0xff, 0xf8, 0xbf, 0xff, 0xa0, 0x00, 0x00, 0x00,
    0x00, 0x0b, 0xff, 0xf8, 0x9f, 0xff, 0xe0, 0x00,
    0x00, 0x00, 0x00, 0x0d, 0xff, 0xf8, 0x5f, 0xff,
    0xf3, 0x00, 0x00, 0x00, 0x00, 0x2f, 0xff, 0xf8,
    0x1f, 0xff, 0xfc, 0x00, 0x00, 0x00, 0x00, 0xaf,
    0xff, 0xf8, 0x09, 0xff, 0xff, 0x90, 0x00, 0x00,
    0x08, 0xff, 0xff, 0xf8, 0x01, 0xef, 0xff, 0xfe,
    0x97, 0x7a, 0xef, 0xfe, 0xff, 0xf8, 0x00, 0x4f,
    0xff, 0xff, 0xff, 0xff, 0xff, 0x99, 0xff, 0xf8,
    0x00, 0x03, 0xef, 0xff, 0xff, 0xff, 0xf8, 0x0a,
    0xff, 0xf8, 0x00, 0x00, 0x06, 0xbe, 0xff, 0xd9,
    0x30, 0x0b, 0xff, 0xf8, 0x00, 0x00, 0x00, 0x00,
    0x00, 0x00, 0x00, 0x0b, 0xff, 0xf8, 0x00, 0x00,
    0x00, 0x00, 0x00, 0x00, 0x00, 0x0b, 0xff, 0xf8,
    0x00, 0x00, 0x00, 0x00, 0x00, 0x00, 0x00, 0x0b,
    0xff, 0xf8, 0x00, 0x00, 0x00, 0x00, 0x00, 0x00,
    0x00, 0x0b, 0xff, 0xf8, 0x00, 0x00, 0x00, 0x00,
    0x00, 0x00, 0x00, 0x0b, 0xff, 0xf8, 0x00, 0x00,
    0x00, 0x00, 0x00, 0x00, 0x00, 0x0b, 0xff, 0xf8,
    0x00, 0x00, 0x00, 0x00, 0x00, 0x00, 0x00, 0x0b,
    0xff, 0xf8, 0x00, 0x00, 0x00, 0x00, 0x00, 0x00,
    0x00, 0x0b, 0xff, 0xf8, 0x00, 0x00, 0x00, 0x00,
    0x00, 0x00, 0x00, 0x0b, 0xff, 0xf8, 0x00, 0x00,
    0x00, 0x00, 0x00, 0x00, 0x00, 0x0b, 0xff, 0xf8,

    /* U+0072 "r" */
    0xbf, 0xfb, 0x00, 0x01, 0x8d, 0xff, 0xf4, 0xbf,
    0xfd, 0x00, 0x5f, 0xff, 0xff, 0xf3, 0xbf, 0xff,
    0x05, 0xff, 0xff, 0xff, 0xf1, 0xbf, 0xff, 0x4f,
    0xff, 0xff, 0xef, 0xf0, 0xbf, 0xff, 0xef, 0xfc,
    0x40, 0x00, 0x10, 0xbf, 0xff, 0xff, 0x90, 0x00,
    0x00, 0x00, 0xbf, 0xff, 0xfb, 0x00, 0x00, 0x00,
    0x00, 0xbf, 0xff, 0xf2, 0x00, 0x00, 0x00, 0x00,
    0xbf, 0xff, 0xc0, 0x00, 0x00, 0x00, 0x00, 0xbf,
    0xff, 0x90, 0x00, 0x00, 0x00, 0x00, 0xbf, 0xff,
    0x80, 0x00, 0x00, 0x00, 0x00, 0xbf, 0xff, 0x80,
    0x00, 0x00, 0x00, 0x00, 0xbf, 0xff, 0x80, 0x00,
    0x00, 0x00, 0x00, 0xbf, 0xff, 0x80, 0x00, 0x00,
    0x00, 0x00, 0xbf, 0xff, 0x80, 0x00, 0x00, 0x00,
    0x00, 0xbf, 0xff, 0x80, 0x00, 0x00, 0x00, 0x00,
    0xbf, 0xff, 0x80, 0x00, 0x00, 0x00, 0x00, 0xbf,
    0xff, 0x80, 0x00, 0x00, 0x00, 0x00, 0xbf, 0xff,
    0x80, 0x00, 0x00, 0x00, 0x00, 0xbf, 0xff, 0x80,
    0x00, 0x00, 0x00, 0x00, 0xbf, 0xff, 0x80, 0x00,
    0x00, 0x00, 0x00, 0xbf, 0xff, 0x80, 0x00, 0x00,
    0x00, 0x00,

    /* U+0073 "s" */
    0x00, 0x00, 0x28, 0xce, 0xff, 0xfd, 0xb7, 0x20,
    0x00, 0x01, 0xaf, 0xff, 0xff, 0xff, 0xff, 0xff,
    0xc1, 0x01, 0xdf, 0xff, 0xff, 0xff, 0xff, 0xff,
    0xfd, 0x00, 0x9f, 0xff, 0xfb, 0x64, 0x46, 0x9d,
    0xff, 0x60, 0x0e, 0xff, 0xf6, 0x00, 0x00, 0x00,
    0x02, 0x70, 0x00, 0xff, 0xff, 0x10, 0x00, 0x00,
    0x00, 0x00, 0x00, 0x0f, 0xff, 0xf4, 0x00, 0x00,
    0x00, 0x00, 0x00, 0x00, 0xcf, 0xff, 0xf6, 0x00,
    0x00, 0x00, 0x00, 0x00, 0x04, 0xff, 0xff, 0xfd,
    0x71, 0x00, 0x00, 0x00, 0x00, 0x06, 0xff, 0xff,
    0xff, 0xfa, 0x40, 0x00, 0x00, 0x00, 0x03, 0xcf,
    0xff, 0xff, 0xff, 0xd5, 0x00, 0x00, 0x00, 0x00,
    0x4b, 0xff, 0xff, 0xff, 0xfb, 0x00, 0x00, 0x00,
    0x00, 0x01, 0x8e, 0xff, 0xff, 0xfb, 0x00, 0x00,
    0x00, 0x00, 0x00, 0x06, 0xef, 0xff, 0xf4, 0x00,
    0x00, 0x00, 0x00, 0x00, 0x01, 0xdf, 0xff, 0x90,
    0x00, 0x00, 0x00, 0x00, 0x00, 0x07, 0xff, 0xfa,
    0x00, 0x00, 0x00, 0x00, 0x00, 0x00, 0x7f, 0xff,
    0xa0, 0xd6, 0x10, 0x00, 0x00, 0x00, 0x2e, 0xff,
    0xf6, 0x0f, 0xff, 0xc9, 0x65, 0x56, 0xaf, 0xff,
    0xff, 0x10, 0xff, 0xff, 0xff, 0xff, 0xff, 0xff,
    0xff, 0x50, 0x0d, 0xff, 0xff, 0xff, 0xff, 0xff,
    0xfd, 0x40, 0x00, 0x04, 0x8b, 0xef, 0xff, 0xec,
    0x94, 0x00, 0x00,

    /* U+0074 "t" */
    0x00, 0x00, 0x0c, 0xff, 0x00, 0x00, 0x00, 0x00,
    0x00, 0x02, 0xff, 0xf0, 0x00, 0x00, 0x00, 0x00,
    0x00, 0x7f, 0xff, 0x00, 0x00, 0x00, 0x00, 0x00,
    0x0c, 0xff, 0xf0, 0x00, 0x00, 0x00, 0x00, 0x03,
    0xff, 0xff, 0x00, 0x00, 0x00, 0x00, 0x19, 0xff,
    0xff, 0xff, 0xff, 0xff, 0xf0, 0x3f, 0xff, 0xff,
    0xff, 0xff, 0xff, 0xff, 0x04, 0xff, 0xff, 0xff,
    0xff, 0xff, 0xff, 0xf0, 0x14, 0x47, 0xff, 0xff,
    0x44, 0x44, 0x44, 0x00, 0x00, 0x5f, 0xff, 0xf0,
    0x00, 0x00, 0x00, 0x00, 0x05, 0xff, 0xff, 0x00,
    0x00, 0x00, 0x00, 0x00, 0x5f, 0xff, 0xf0, 0x00,
    0x00, 0x00, 0x00, 0x05, 0xff, 0xff, 0x00, 0x00,
    0x00, 0x00, 0x00, 0x5f, 0xff, 0xf0, 0x00, 0x00,
    0x00, 0x00, 0x05, 0xff, 0xff, 0x00, 0x00, 0x00,
    0x00, 0x00, 0x5f, 0xff, 0xf0, 0x00, 0x00, 0x00,
    0x00, 0x05, 0xff, 0xff, 0x00, 0x00, 0x00, 0x00,
    0x00, 0x5f, 0xff, 0xf0, 0x00, 0x00, 0x00, 0x00,
    0x05, 0xff, 0xff, 0x00, 0x00, 0x00, 0x00, 0x00,
    0x5f, 0xff, 0xf0, 0x00, 0x00, 0x00, 0x00, 0x04,
    0xff, 0xff, 0x00, 0x00, 0x00, 0x00, 0x00, 0x3f,
    0xff, 0xf2, 0x00, 0x00, 0x00, 0x00, 0x01, 0xff,
    0xff, 0xb0, 0x00, 0x00, 0x00, 0x00, 0x0c, 0xff,
    0xff, 0xd8, 0x79, 0xc3, 0x00, 0x00, 0x4f, 0xff,
    0xff, 0xff, 0xff, 0x30, 0x00, 0x00, 0x6f, 0xff,
    0xff, 0xff, 0xf3, 0x00, 0x00, 0x00, 0x29, 0xdf,
    0xfe, 0xb7, 0x00,

    /* U+0075 "u" */
    0xff, 0xff, 0x50, 0x00, 0x00, 0x00, 0x00, 0x7f,
    0xff, 0xdf, 0xff, 0xf5, 0x00, 0x00, 0x00, 0x00,
    0x07, 0xff, 0xfd, 0xff, 0xff, 0x50, 0x00, 0x00,
    0x00, 0x00, 0x7f, 0xff, 0xdf, 0xff, 0xf5, 0x00,
    0x00, 0x00, 0x00, 0x07, 0xff, 0xfd, 0xff, 0xff,
    0x50, 0x00, 0x00, 0x00, 0x00, 0x7f, 0xff, 0xdf,
    0xff, 0xf5, 0x00, 0x00, 0x00, 0x00, 0x07, 0xff,
    0xfd, 0xff, 0xff, 0x50, 0x00, 0x00, 0x00, 0x00,
    0x7f, 0xff, 0xdf, 0xff, 0xf5, 0x00, 0x00, 0x00,
    0x00, 0x07, 0xff, 0xfd, 0xff, 0xff, 0x50, 0x00,
    0x00, 0x00, 0x00, 0x7f, 0xff, 0xdf, 0xff, 0xf5,
    0x00, 0x00, 0x00, 0x00, 0x07, 0xff, 0xfd, 0xff,
    0xff, 0x50, 0x00, 0x00, 0x00, 0x00, 0x7f, 0xff,
    0xdf, 0xff, 0xf5, 0x00, 0x00, 0x00, 0x00, 0x07,
    0xff, 0xfd, 0xff, 0xff, 0x50, 0x00, 0x00, 0x00,
    0x00, 0x8f, 0xff, 0xdf, 0xff, 0xf5, 0x00, 0x00,
    0x00, 0x00, 0x0a, 0xff, 0xfd, 0xff, 0xff, 0x60,
    0x00, 0x00, 0x00, 0x00, 0xdf, 0xff, 0xde, 0xff,
    0xf9, 0x00, 0x00, 0x00, 0x00, 0x2f, 0xff, 0xfd,
    0xbf, 0xff, 0xe0, 0x00, 0x00, 0x00, 0x0a, 0xff,
    0xff, 0xd7, 0xff, 0xff, 0xa0, 0x00, 0x00, 0x09,
    0xff, 0xff, 0xfd, 0x1f, 0xff, 0xff, 0xea, 0x88,
    0xbf, 0xff, 0xef, 0xff, 0xd0, 0x6f, 0xff, 0xff,
    0xff, 0xff, 0xff, 0xe3, 0xff, 0xfd, 0x00, 0x7f,
    0xff, 0xff, 0xff, 0xff, 0xd2, 0x0d, 0xff, 0xd0,
    0x00, 0x18, 0xce, 0xff, 0xda, 0x50, 0x00, 0xaf,
    0xfd,

    /* U+0076 "v" */
    0xdf, 0xff, 0xa0, 0x00, 0x00, 0x00, 0x00, 0x00,
    0x9f, 0xff, 0xe0, 0x7f, 0xff, 0xf0, 0x00, 0x00,
    0x00, 0x00, 0x00, 0xef, 0xff, 0x80, 0x1f, 0xff,
    0xf5, 0x00, 0x00, 0x00, 0x00, 0x04, 0xff, 0xff,
    0x20, 0x0b, 0xff, 0xfb, 0x00, 0x00, 0x00, 0x00,
    0x0a, 0xff, 0xfc, 0x00, 0x05, 0xff, 0xff, 0x10,
    0x00, 0x00, 0x00, 0x0f, 0xff, 0xf6, 0x00, 0x00,
    0xef, 0xff, 0x60, 0x00, 0x00, 0x00, 0x5f, 0xff,
    0xf0, 0x00, 0x00, 0x9f, 0xff, 0xb0, 0x00, 0x00,
    0x00, 0xaf, 0xff, 0xa0, 0x00, 0x00, 0x3f, 0xff,
    0xf1, 0x00, 0x00, 0x00, 0xff, 0xff, 0x40, 0x00,
    0x00, 0x0d, 0xff, 0xf6, 0x00, 0x00, 0x05, 0xff,
    0xfe, 0x00, 0x00, 0x00, 0x07, 0xff, 0xfb, 0x00,
    0x00, 0x0a, 0xff, 0xf8, 0x00, 0x00, 0x00, 0x01,
    0xff, 0xff, 0x10, 0x00, 0x0f, 0xff, 0xf2, 0x00,
    0x00, 0x00, 0x00, 0xbf, 0xff, 0x60, 0x00, 0x5f,
    0xff, 0xc0, 0x00, 0x00, 0x00, 0x00, 0x5f, 0xff,
    0xc0, 0x00, 0xbf, 0xff, 0x60, 0x00, 0x00, 0x00,
    0x00, 0x0f, 0xff, 0xf1, 0x01, 0xff, 0xff, 0x10,
    0x00, 0x00, 0x00, 0x00, 0x0a, 0xff, 0xf7, 0x06,
    0xff, 0xfa, 0x00, 0x00, 0x00, 0x00, 0x00, 0x04,
    0xff, 0xfc, 0x0b, 0xff, 0xf4, 0x00, 0x00, 0x00,
    0x00, 0x00, 0x00, 0xef, 0xff, 0x1f, 0xff, 0xe0,
    0x00, 0x00, 0x00, 0x00, 0x00, 0x00, 0x8f, 0xff,
    0x9f, 0xff, 0x80, 0x00, 0x00, 0x00, 0x00, 0x00,
    0x00, 0x2f, 0xff, 0xff, 0xff, 0x20, 0x00, 0x00,
    0x00, 0x00, 0x00, 0x00, 0x0c, 0xff, 0xff, 0xfc,
    0x00, 0x00, 0x00, 0x00, 0x00, 0x00, 0x00, 0x06,
    0xff, 0xff, 0xf6, 0x00, 0x00, 0x00, 0x00, 0x00,
    0x00, 0x00, 0x01, 0xff, 0xff, 0xf1, 0x00, 0x00,
    0x00, 0x00,

    /* U+0077 "w" */
    0x6f, 0xff, 0xe0, 0x00, 0x00, 0x00, 0x04, 0xff,
    0xff, 0xb0, 0x00, 0x00, 0x00, 0x08, 0xff, 0xfb,
    0x2f, 0xff, 0xf2, 0x00, 0x00, 0x00, 0x09, 0xff,
    0xff, 0xf0, 0x00, 0x00, 0x00, 0x0c, 0xff, 0xf7,
    0x0e, 0xff, 0xf6, 0x00, 0x00, 0x00, 0x0d, 0xff,
    0xff, 0xf4, 0x00, 0x00, 0x00, 0x0f, 0xff, 0xf3,
    0x09, 0xff, 0xfa, 0x00, 0x00, 0x00, 0x2f, 0xff,
    0xff, 0xf8, 0x00, 0x00, 0x00, 0x4f, 0xff, 0xe0,
    0x05, 0xff, 0xfe, 0x00, 0x00, 0x00, 0x7f, 0xff,
    0xcf, 0xfd, 0x00, 0x00, 0x00, 0x8f, 0xff, 0xa0,
    0x01, 0xff, 0xff, 0x20, 0x00, 0x00, 0xbf, 0xfc,
    0x8f, 0xff, 0x10, 0x00, 0x00, 0xcf, 0xff, 0x60,
    0x00, 0xdf, 0xff, 0x60, 0x00, 0x01, 0xff, 0xf9,
    0x5f, 0xff, 0x60, 0x00, 0x00, 0xff, 0xff, 0x10,
    0x00, 0x8f, 0xff, 0xa0, 0x00, 0x05, 0xff, 0xf5,
    0x1f, 0xff, 0xa0, 0x00, 0x04, 0xff, 0xfd, 0x00,
    0x00, 0x4f, 0xff, 0xe0, 0x00, 0x0a, 0xff, 0xf1,
    0x0d, 0xff, 0xf0, 0x00, 0x08, 0xff, 0xf9, 0x00,
    0x00, 0x0f, 0xff, 0xf1, 0x00, 0x0e, 0xff, 0xd0,
    0x08, 0xff, 0xf3, 0x00, 0x0c, 0xff, 0xf4, 0x00,
    0x00, 0x0b, 0xff, 0xf5, 0x00, 0x3f, 0xff, 0x80,
    0x04, 0xff, 0xf8, 0x00, 0x0f, 0xff, 0xf0, 0x00,
    0x00, 0x07, 0xff, 0xf9, 0x00, 0x8f, 0xff, 0x30,
    0x00, 0xff, 0xfc, 0x00, 0x4f, 0xff, 0xc0, 0x00,
    0x00, 0x03, 0xff, 0xfd, 0x00, 0xdf, 0xfe, 0x00,
    0x00, 0xaf, 0xff, 0x10, 0x8f, 0xff, 0x70, 0x00,
    0x00, 0x00, 0xef, 0xff, 0x11, 0xff, 0xfa, 0x00,
    0x00, 0x6f, 0xff, 0x50, 0xcf, 0xff, 0x30, 0x00,
    0x00, 0x00, 0xaf, 0xff, 0x44, 0xff, 0xf5, 0x00,
    0x00, 0x1f, 0xff, 0x90, 0xff, 0xff, 0x00, 0x00,
    0x00, 0x00, 0x6f, 0xff, 0x88, 0xff, 0xf1, 0x00,
    0x00, 0x0d, 0xff, 0xd3, 0xff, 0xfa, 0x00, 0x00,
    0x00, 0x00, 0x1f, 0xff, 0xbb, 0xff, 0xb0, 0x00,
    0x00, 0x08, 0xff, 0xf7, 0xff, 0xf6, 0x00, 0x00,
    0x00, 0x00, 0x0d, 0xff, 0xde, 0xff, 0x70, 0x00,
    0x00, 0x03, 0xff, 0xfc, 0xff, 0xf2, 0x00, 0x00,
    0x00, 0x00, 0x09, 0xff, 0xff, 0xff, 0x20, 0x00,
    0x00, 0x00, 0xff, 0xff, 0xff, 0xd0, 0x00, 0x00,
    0x00, 0x00, 0x05, 0xff, 0xff, 0xfd, 0x00, 0x00,
    0x00, 0x00, 0xaf, 0xff, 0xff, 0x90, 0x00, 0x00,
    0x00, 0x00, 0x00, 0xff, 0xff, 0xf8, 0x00, 0x00,
    0x00, 0x00, 0x6f, 0xff, 0xff, 0x50, 0x00, 0x00,
    0x00, 0x00, 0x00, 0xcf, 0xff, 0xf3, 0x00, 0x00,
    0x00, 0x00, 0x1f, 0xff, 0xff, 0x10, 0x00, 0x00,

    /* U+0078 "x" */
    0x0a, 0xff, 0xff, 0x30, 0x00, 0x00, 0x00, 0x04,
    0xff, 0xff, 0x80, 0x01, 0xef, 0xff, 0xc0, 0x00,
    0x00, 0x00, 0x0d, 0xff, 0xfd, 0x00, 0x00, 0x5f,
    0xff, 0xf7, 0x00, 0x00, 0x00, 0x8f, 0xff, 0xf3,
    0x00, 0x00, 0x0a, 0xff, 0xff, 0x20, 0x00, 0x03,
    0xff, 0xff, 0x80, 0x00, 0x00, 0x01, 0xef, 0xff,
    0xc0, 0x00, 0x0d, 0xff, 0xfc, 0x00, 0x00, 0x00,
    0x00, 0x4f, 0xff, 0xf6, 0x00, 0x8f, 0xff, 0xf2,
    0x00, 0x00, 0x00, 0x00, 0x09, 0xff, 0xff, 0x12,
    0xff, 0xff, 0x70, 0x00, 0x00, 0x00, 0x00, 0x00,
    0xef, 0xff, 0xbc, 0xff, 0xfc, 0x00, 0x00, 0x00,
    0x00, 0x00, 0x00, 0x4f, 0xff, 0xff, 0xff, 0xf2,
    0x00, 0x00, 0x00, 0x00, 0x00, 0x00, 0x09, 0xff,
    0xff, 0xff, 0x60, 0x00, 0x00, 0x00, 0x00, 0x00,
    0x00, 0x00, 0xef, 0xff, 0xfc, 0x00, 0x00, 0x00,
    0x00, 0x00, 0x00, 0x00, 0x03, 0xff, 0xff, 0xff,
    0x10, 0x00, 0x00, 0x00, 0x00, 0x00, 0x00, 0x0d,
    0xff, 0xff, 0xff, 0xb0, 0x00, 0x00, 0x00, 0x00,
    0x00, 0x00, 0x9f, 0xff, 0xef, 0xff, 0xf6, 0x00,
    0x00, 0x00, 0x00, 0x00, 0x04, 0xff, 0xff, 0x57,
    0xff, 0xff, 0x20, 0x00, 0x00, 0x00, 0x00, 0x0e,
    0xff, 0xfb, 0x00, 0xcf, 0xff, 0xc0, 0x00, 0x00,
    0x00, 0x00, 0x9f, 0xff, 0xf1, 0x00, 0x2f, 0xff,
    0xf7, 0x00, 0x00, 0x00, 0x04, 0xff, 0xff, 0x60,
    0x00, 0x08, 0xff, 0xff, 0x30, 0x00, 0x00, 0x1e,
    0xff, 0xfb, 0x00, 0x00, 0x00, 0xdf, 0xff, 0xd0,
    0x00, 0x00, 0xaf, 0xff, 0xf2, 0x00, 0x00, 0x00,
    0x3f, 0xff, 0xf9, 0x00, 0x05, 0xff, 0xff, 0x60,
    0x00, 0x00, 0x00, 0x09, 0xff, 0xff, 0x40, 0x1e,
    0xff, 0xfc, 0x00, 0x00, 0x00, 0x00, 0x00, 0xef,
    0xff, 0xe0,

    /* U+0079 "y" */
    0xcf, 0xff, 0xb0, 0x00, 0x00, 0x00, 0x00, 0x00,
    0x9f, 0xff, 0xe0, 0x5f, 0xff, 0xf1, 0x00, 0x00,
    0x00, 0x00, 0x00, 0xef, 0xff, 0x90, 0x0f, 0xff,
    0xf7, 0x00, 0x00, 0x00, 0x00, 0x04, 0xff, 0xff,
    0x30, 0x09, 0xff, 0xfc, 0x00, 0x00, 0x00, 0x00,
    0x09, 0xff, 0xfd, 0x00, 0x03, 0xff, 0xff, 0x20,
    0x00, 0x00, 0x00, 0x0e, 0xff, 0xf7, 0x00, 0x00,
    0xdf, 0xff, 0x80, 0x00, 0x00, 0x00, 0x4f, 0xff,
    0xf1, 0x00, 0x00, 0x6f, 0xff, 0xd0, 0x00, 0x00,
    0x00, 0x9f, 0xff, 0xb0, 0x00, 0x00, 0x1f, 0xff,
    0xf3, 0x00, 0x00, 0x00, 0xef, 0xff, 0x50, 0x00,
    0x00, 0x0a, 0xff, 0xf9, 0x00, 0x00, 0x04, 0xff,
    0xff, 0x00, 0x00, 0x00, 0x04, 0xff, 0xfe, 0x00,
    0x00, 0x0a, 0xff, 0xfa, 0x00, 0x00, 0x00, 0x00,
    0xdf, 0xff, 0x40, 0x00, 0x0f, 0xff, 0xf4, 0x00,
    0x00, 0x00, 0x00, 0x7f, 0xff, 0xa0, 0x00, 0x5f,
    0xff, 0xe0, 0x00, 0x00, 0x00, 0x00, 0x1f, 0xff,
    0xf0, 0x00, 0xaf, 0xff, 0x80, 0x00, 0x00, 0x00,
    0x00, 0x0b, 0xff, 0xf5, 0x00, 0xff, 0xff, 0x20,
    0x00, 0x00, 0x00, 0x00, 0x05, 0xff, 0xfa, 0x04,
    0xff, 0xfc, 0x00, 0x00, 0x00, 0x00, 0x00, 0x00,
    0xef, 0xfe, 0x09, 0xff, 0xf6, 0x00, 0x00, 0x00,
    0x00, 0x00, 0x00, 0x8f, 0xff, 0x3e, 0xff, 0xf1,
    0x00, 0x00, 0x00, 0x00, 0x00, 0x00, 0x2f, 0xff,
    0x9f, 0xff, 0xa0, 0x00, 0x00, 0x00, 0x00, 0x00,
    0x00, 0x0c, 0xff, 0xff, 0xff, 0x50, 0x00, 0x00,
    0x00, 0x00, 0x00, 0x00, 0x05, 0xff, 0xff, 0xfe,
    0x00, 0x00, 0x00, 0x00, 0x00, 0x00, 0x00, 0x00,
    0xff, 0xff, 0xf9, 0x00, 0x00, 0x00, 0x00, 0x00,
    0x00, 0x00, 0x00, 0x9f, 0xff, 0xf3, 0x00, 0x00,
    0x00, 0x00, 0x00, 0x00, 0x00, 0x00, 0x7f, 0xff,
    0xd0, 0x00, 0x00, 0x00, 0x00, 0x00, 0x00, 0x00,
    0x00, 0xdf, 0xff, 0x70, 0x00, 0x00, 0x00, 0x00,
    0x00, 0x00, 0x00, 0x03, 0xff, 0xff, 0x10, 0x00,
    0x00, 0x00, 0x00, 0x00, 0x00, 0x00, 0x0a, 0xff,
    0xfb, 0x00, 0x00, 0x00, 0x00, 0x00, 0x00, 0x00,
    0x00, 0x3f, 0xff, 0xf4, 0x00, 0x00, 0x00, 0x00,
    0x00, 0x00, 0x00, 0x02, 0xef, 0xff, 0xc0, 0x00,
    0x00, 0x00, 0x00, 0x00, 0x39, 0x77, 0xaf, 0xff,
    0xff, 0x30, 0x00, 0x00, 0x00, 0x00, 0x00, 0x4f,
    0xff, 0xff, 0xff, 0xf6, 0x00, 0x00, 0x00, 0x00,
    0x00, 0x00, 0x4f, 0xff, 0xff, 0xff, 0x60, 0x00,
    0x00, 0x00, 0x00, 0x00, 0x00, 0x3d, 0xff, 0xfd,
    0x82, 0x00, 0x00, 0x00, 0x00, 0x00, 0x00, 0x00,

    /* U+007A "z" */
    0x0e, 0xff, 0xff, 0xff, 0xff, 0xff, 0xff, 0xff,
    0x40, 0xef, 0xff, 0xff, 0xff, 0xff, 0xff, 0xff,
    0xf4, 0x0e, 0xff, 0xff, 0xff, 0xff, 0xff, 0xff,
    0xff, 0x40, 0x44, 0x44, 0x44, 0x44, 0x44, 0xcf,
    0xff, 0xe1, 0x00, 0x00, 0x00, 0x00, 0x00, 0x4f,
    0xff, 0xf4, 0x00, 0x00, 0x00, 0x00, 0x00, 0x1e,
    0xff, 0xf9, 0x00, 0x00, 0x00, 0x00, 0x00, 0x0a,
    0xff, 0xfd, 0x00, 0x00, 0x00, 0x00, 0x00, 0x05,
    0xff, 0xff, 0x30, 0x00, 0x00, 0x00, 0x00, 0x01,
    0xff, 0xff, 0x70, 0x00, 0x00, 0x00, 0x00, 0x00,
    0xbf, 0xff, 0xc0, 0x00, 0x00, 0x00, 0x00, 0x00,
    0x7f, 0xff, 0xf2, 0x00, 0x00, 0x00, 0x00, 0x00,
    0x2f, 0xff, 0xf6, 0x00, 0x00, 0x00, 0x00, 0x00,
    0x0c, 0xff, 0xfb, 0x00, 0x00, 0x00, 0x00, 0x00,
    0x08, 0xff, 0xfe, 0x10, 0x00, 0x00, 0x00, 0x00,
    0x03, 0xff, 0xff, 0x50, 0x00, 0x00, 0x00, 0x00,
    0x00, 0xdf, 0xff, 0xa0, 0x00, 0x00, 0x00, 0x00,
    0x00, 0x9f, 0xff, 0xe0, 0x00, 0x00, 0x00, 0x00,
    0x00, 0x4f, 0xff, 0xf4, 0x00, 0x00, 0x00, 0x00,
    0x00, 0x1e, 0xff, 0xfc, 0x44, 0x44, 0x44, 0x44,
    0x44, 0x28, 0xff, 0xff, 0xff, 0xff, 0xff, 0xff,
    0xff, 0xf9, 0x9f, 0xff, 0xff, 0xff, 0xff, 0xff,
    0xff, 0xff, 0x99, 0xff, 0xff, 0xff, 0xff, 0xff,
    0xff, 0xff, 0xf9,

    /* U+007B "{" */
    0x00, 0x00, 0x00, 0x00, 0x28, 0xce, 0xf5, 0x00,
    0x00, 0x00, 0x09, 0xff, 0xff, 0xf5, 0x00, 0x00,
    0x00, 0xbf, 0xff, 0xff, 0xf5, 0x00, 0x00, 0x06,
    0xff, 0xff, 0xfa, 0x72, 0x00, 0x00, 0x0b, 0xff,
    0xfc, 0x10, 0x00, 0x00, 0x00, 0x0e, 0xff, 0xf3,
    0x00, 0x00, 0x00, 0x00, 0x0f, 0xff, 0xf0, 0x00,
    0x00, 0x00, 0x00, 0x0f, 0xff, 0xf0, 0x00, 0x00,
    0x00, 0x00, 0x0f, 0xff, 0xf0, 0x00, 0x00, 0x00,
    0x00, 0x0f, 0xff, 0xf0, 0x00, 0x00, 0x00, 0x00,
    0x0f, 0xff, 0xf0, 0x00, 0x00, 0x00, 0x00, 0x0f,
    0xff, 0xf0, 0x00, 0x00, 0x00, 0x00, 0x0f, 0xff,
    0xf0, 0x00, 0x00, 0x00, 0x00, 0x2f, 0xff, 0xf0,
    0x00, 0x00, 0x00, 0x00, 0xaf, 0xff, 0xb0, 0x00,
    0x00, 0x01, 0x4b, 0xff, 0xff, 0x40, 0x00, 0x00,
    0xef, 0xff, 0xff, 0xe5, 0x00, 0x00, 0x00, 0xef,
    0xff, 0xd6, 0x00, 0x00, 0x00, 0x00, 0xef, 0xff,
    0xff, 0x91, 0x00, 0x00, 0x00, 0x68, 0xbf, 0xff,
    0xfe, 0x10, 0x00, 0x00, 0x00, 0x02, 0xef, 0xff,
    0x90, 0x00, 0x00, 0x00, 0x00, 0x4f, 0xff, 0xe0,
    0x00, 0x00, 0x00, 0x00, 0x0f, 0xff, 0xf0, 0x00,
    0x00, 0x00, 0x00, 0x0f, 0xff, 0xf0, 0x00, 0x00,
    0x00, 0x00, 0x0f, 0xff, 0xf0, 0x00, 0x00, 0x00,
    0x00, 0x0f, 0xff, 0xf0, 0x00, 0x00, 0x00, 0x00,
    0x0f, 0xff, 0xf0, 0x00, 0x00, 0x00, 0x00, 0x0f,
    0xff, 0xf0, 0x00, 0x00, 0x00, 0x00, 0x0f, 0xff,
    0xf0, 0x00, 0x00, 0x00, 0x00, 0x0f, 0xff, 0xf2,
    0x00, 0x00, 0x00, 0x00, 0x0c, 0xff, 0xfb, 0x00,
    0x00, 0x00, 0x00, 0x07, 0xff, 0xff, 0xe8, 0x61,
    0x00, 0x00, 0x00, 0xdf, 0xff, 0xff, 0xf5, 0x00,
    0x00, 0x00, 0x1b, 0xff, 0xff, 0xf5, 0x00, 0x00,
    0x00, 0x00, 0x38, 0xce, 0xf5,

    /* U+007C "|" */
    0xcf, 0xf8, 0xcf, 0xf8, 0xcf, 0xf8, 0xcf, 0xf8,
    0xcf, 0xf8, 0xcf, 0xf8, 0xcf, 0xf8, 0xcf, 0xf8,
    0xcf, 0xf8, 0xcf, 0xf8, 0xcf, 0xf8, 0xcf, 0xf8,
    0xcf, 0xf8, 0xcf, 0xf8, 0xcf, 0xf8, 0xcf, 0xf8,
    0xcf, 0xf8, 0xcf, 0xf8, 0xcf, 0xf8, 0xcf, 0xf8,
    0xcf, 0xf8, 0xcf, 0xf8, 0xcf, 0xf8, 0xcf, 0xf8,
    0xcf, 0xf8, 0xcf, 0xf8, 0xcf, 0xf8, 0xcf, 0xf8,
    0xcf, 0xf8, 0xcf, 0xf8, 0xcf, 0xf8, 0xcf, 0xf8,
    0xcf, 0xf8, 0xcf, 0xf8, 0xcf, 0xf8, 0xcf, 0xf8,
    0xcf, 0xf8, 0xcf, 0xf8, 0xcf, 0xf8, 0xcf, 0xf8,

    /* U+007D "}" */
    0xbf, 0xdb, 0x61, 0x00, 0x00, 0x00, 0x00, 0xbf,
    0xff, 0xff, 0x50, 0x00, 0x00, 0x00, 0xbf, 0xff,
    0xff, 0xf5, 0x00, 0x00, 0x00, 0x47, 0xbf, 0xff,
    0xfe, 0x00, 0x00, 0x00, 0x00, 0x04, 0xff, 0xff,
    0x50, 0x00, 0x00, 0x00, 0x00, 0xaf, 0xff, 0x80,
    0x00, 0x00, 0x00, 0x00, 0x6f, 0xff, 0x90, 0x00,
    0x00, 0x00, 0x00, 0x6f, 0xff, 0x90, 0x00, 0x00,
    0x00, 0x00, 0x6f, 0xff, 0x90, 0x00, 0x00, 0x00,
    0x00, 0x6f, 0xff, 0x90, 0x00, 0x00, 0x00, 0x00,
    0x6f, 0xff, 0x90, 0x00, 0x00, 0x00, 0x00, 0x6f,
    0xff, 0x90, 0x00, 0x00, 0x00, 0x00, 0x6f, 0xff,
    0x90, 0x00, 0x00, 0x00, 0x00, 0x5f, 0xff, 0xc0,
    0x00, 0x00, 0x00, 0x00, 0x2f, 0xff, 0xf4, 0x00,
    0x00, 0x00, 0x00, 0x0a, 0xff, 0xff, 0x83, 0x00,
    0x00, 0x00, 0x00, 0xaf, 0xff, 0xff, 0xf7, 0x00,
    0x00, 0x00, 0x02, 0x8f, 0xff, 0xf7, 0x00, 0x00,
    0x00, 0x3b, 0xff, 0xff, 0xf7, 0x00, 0x00, 0x05,
    0xff, 0xff, 0xea, 0x83, 0x00, 0x00, 0x0f, 0xff,
    0xf9, 0x00, 0x00, 0x00, 0x00, 0x4f, 0xff, 0xd0,
    0x00, 0x00, 0x00, 0x00, 0x6f, 0xff, 0xa0, 0x00,
    0x00, 0x00, 0x00, 0x6f, 0xff, 0x90, 0x00, 0x00,
    0x00, 0x00, 0x6f, 0xff, 0x90, 0x00, 0x00, 0x00,
    0x00, 0x6f, 0xff, 0x90, 0x00, 0x00, 0x00, 0x00,
    0x6f, 0xff, 0x90, 0x00, 0x00, 0x00, 0x00, 0x6f,
    0xff, 0x90, 0x00, 0x00, 0x00, 0x00, 0x6f, 0xff,
    0x90, 0x00, 0x00, 0x00, 0x00, 0x9f, 0xff, 0x80,
    0x00, 0x00, 0x00, 0x04, 0xff, 0xff, 0x60, 0x00,
    0x00, 0x47, 0xbf, 0xff, 0xff, 0x10, 0x00, 0x00,
    0xbf, 0xff, 0xff, 0xf6, 0x00, 0x00, 0x00, 0xbf,
    0xff, 0xff, 0x60, 0x00, 0x00, 0x00, 0xbf, 0xda,
    0x60, 0x00, 0x00, 0x00, 0x00,

    /* U+007E "~" */
    0x00, 0x18, 0xdf, 0xfd, 0x94, 0x00, 0x00, 0x00,
    0x00, 0x07, 0x03, 0xef, 0xff, 0xff, 0xff, 0xd5,
    0x00, 0x00, 0x00, 0x9f, 0x0f, 0xff, 0xff, 0xff,
    0xff, 0xff, 0xe9, 0x65, 0x7e, 0xff, 0x0f, 0xfd,
    0x74, 0x69, 0xef, 0xff, 0xff, 0xff, 0xff, 0xfd,
    0x0f, 0x80, 0x00, 0x00, 0x05, 0xdf, 0xff, 0xff,
    0xff, 0xd2, 0x06, 0x00, 0x00, 0x00, 0x00, 0x04,
    0x9d, 0xff, 0xd7, 0x00,

    /* U+0E01 "ก" */
    0x00, 0x00, 0x04, 0x9c, 0xef, 0xff, 0xda, 0x50,
    0x00, 0x00, 0x00, 0x05, 0xef, 0xff, 0xff, 0xff,
    0xff, 0xfe, 0x60, 0x00, 0x00, 0x9f, 0xff, 0xff,
    0xff, 0xff, 0xff, 0xff, 0xf9, 0x00, 0x08, 0xff,
    0xff, 0xf9, 0x64, 0x46, 0xaf, 0xff, 0xff, 0x60,
    0x2f, 0xff, 0xfb, 0x10, 0x00, 0x00, 0x03, 0xef,
    0xff, 0xe0, 0x8f, 0xff, 0xc0, 0x00, 0x00, 0x00,
    0x00, 0x4f, 0xff, 0xf4, 0xcf, 0xff, 0x50, 0x00,
    0x00, 0x00, 0x00, 0x0e, 0xff, 0xf8, 0xdf, 0xff,
    0xe8, 0x20, 0x00, 0x00, 0x00, 0x0a, 0xff, 0xfa,
    0x8e, 0xff, 0xff, 0xfc, 0x60, 0x00, 0x00, 0x09,
    0xff, 0xfa, 0x00, 0x38, 0xdf, 0xff, 0xf2, 0x00,
    0x00, 0x09, 0xff, 0xfb, 0x00, 0x00, 0x7f, 0xff,
    0xf1, 0x00, 0x00, 0x09, 0xff, 0xfb, 0x00, 0x3e,
    0xff, 0xfb, 0x60, 0x00, 0x00, 0x09, 0xff, 0xfb,
    0x01, 0xef, 0xff, 0x60, 0x00, 0x00, 0x00, 0x09,
    0xff, 0xfb, 0x07, 0xff, 0xfc, 0x00, 0x00, 0x00,
    0x00, 0x09, 0xff, 0xfb, 0x0b, 0xff, 0xf9, 0x00,
    0x00, 0x00, 0x00, 0x09, 0xff, 0xfb, 0x0c, 0xff,
    0xf8, 0x00, 0x00, 0x00, 0x00, 0x09, 0xff, 0xfb,
    0x0c, 0xff, 0xf8, 0x00, 0x00, 0x00, 0x00, 0x09,
    0xff, 0xfb, 0x0c, 0xff, 0xf8, 0x00, 0x00, 0x00,
    0x00, 0x09, 0xff, 0xfb, 0x0c, 0xff, 0xf8, 0x00,
    0x00, 0x00, 0x00, 0x09, 0xff, 0xfb, 0x0c, 0xff,
    0xf8, 0x00, 0x00, 0x00, 0x00, 0x09, 0xff, 0xfb,
    0x0c, 0xff, 0xf8, 0x00, 0x00, 0x00, 0x00, 0x09,
    0xff, 0xfb, 0x0c, 0xff, 0xf8, 0x00, 0x00, 0x00,
    0x00, 0x09, 0xff, 0xfb, 0x0c, 0xff, 0xf8, 0x00,
    0x00, 0x00, 0x00, 0x09, 0xff, 0xfb,

    /* U+0E02 "ข" */
    0x00, 0x7d, 0xff, 0xc6, 0x00, 0x00, 0x01, 0xff,
    0xff, 0x30, 0xbf, 0xff, 0xff, 0xf9, 0x00, 0x00,
    0x1f, 0xff, 0xf3, 0x4f, 0xfc, 0x68, 0xff, 0xf2,
    0x00, 0x01, 0xff, 0xff, 0x38, 0xff, 0x10, 0x0a,
    0xff, 0x70, 0x00, 0x1f, 0xff, 0xf3, 0x8f, 0xf0,
    0x00, 0x8f, 0xf8, 0x00, 0x01, 0xff, 0xff, 0x35,
    0xff, 0x80, 0x2e, 0xff, 0x60, 0x00, 0x1f, 0xff,
    0xf3, 0x0c, 0xff, 0xff, 0xff, 0xf3, 0x00, 0x01,
    0xff, 0xff, 0x30, 0x19, 0xef, 0xef, 0xfd, 0x00,
    0x00, 0x1f, 0xff, 0xf3, 0x00, 0x00, 0x0a, 0xff,
    0x60, 0x00, 0x01, 0xff, 0xff, 0x30, 0x00, 0x07,
    0xff, 0xf0, 0x00, 0x00, 0x1f, 0xff, 0xf3, 0x00,
    0x03, 0xff, 0xfb, 0x00, 0x00, 0x01, 0xff, 0xff,
    0x30, 0x00, 0xaf, 0xff, 0x80, 0x00, 0x00, 0x1f,
    0xff, 0xf3, 0x00, 0x0d, 0xff, 0xf6, 0x00, 0x00,
    0x01, 0xff, 0xff, 0x30, 0x00, 0xdf, 0xff, 0x50,
    0x00, 0x00, 0x1f, 0xff, 0xf3, 0x00, 0x0e, 0xff,
    0xf5, 0x00, 0x00, 0x01, 0xff, 0xff, 0x30, 0x00,
    0xef, 0xff, 0x50, 0x00, 0x00, 0x1f, 0xff, 0xf3,
    0x00, 0x0e, 0xff, 0xf5, 0x00, 0x00, 0x01, 0xff,
    0xff, 0x30, 0x00, 0xef, 0xff, 0x50, 0x00, 0x00,
    0x1f, 0xff, 0xf3, 0x00, 0x0e, 0xff, 0xf5, 0x00,
    0x00, 0x02, 0xff, 0xff, 0x30, 0x00, 0xef, 0xff,
    0x83, 0x33, 0x34, 0xbf, 0xff, 0xf2, 0x06, 0xdf,
    0xff, 0xff, 0xff, 0xff, 0xff, 0xff, 0xfe, 0x00,
    0xbf, 0xff, 0xff, 0xff, 0xff, 0xff, 0xff, 0xff,
    0x60, 0x0b, 0xff, 0xff, 0xff, 0xff, 0xff, 0xff,
    0xfc, 0x60, 0x00,

    /* U+0E04 "ค" */
    0x00, 0x00, 0x01, 0x7b, 0xdf, 0xff, 0xeb, 0x72,
    0x00, 0x00, 0x00, 0x00, 0x09, 0xff, 0xff, 0xff,
    0xff, 0xff, 0xfa, 0x10, 0x00, 0x00, 0x1d, 0xff,
    0xff, 0xff, 0xff, 0xff, 0xff, 0xfe, 0x20, 0x00,
    0x0d, 0xff, 0xff, 0xd8, 0x54, 0x58, 0xef, 0xff,
    0xfd, 0x00, 0x08, 0xff, 0xff, 0x60, 0x00, 0x00,
    0x00, 0x9f, 0xff, 0xf7, 0x00, 0xff, 0xff, 0x60,
    0x00, 0x00, 0x00, 0x00, 0xbf, 0xff, 0xe0, 0x4f,
    0xff, 0xd0, 0x00, 0x00, 0x00, 0x00, 0x03, 0xff,
    0xff, 0x38, 0xff, 0xf7, 0x00, 0x00, 0x00, 0x00,
    0x00, 0x0e, 0xff, 0xf6, 0xaf, 0xff, 0x50, 0x00,
    0x6d, 0xff, 0xb3, 0x00, 0xcf, 0xff, 0x7a, 0xff,
    0xf4, 0x00, 0xbf, 0xff, 0xff, 0xf3, 0x0c, 0xff,
    0xf7, 0xaf, 0xff, 0x40, 0xaf, 0xfb, 0x35, 0xff,
    0xa0, 0xcf, 0xff, 0x79, 0xff, 0xf5, 0x3f, 0xff,
    0x20, 0x09, 0xfe, 0x0c, 0xff, 0xf7, 0x7f, 0xff,
    0x6b, 0xff, 0xf2, 0x00, 0x8f, 0xe0, 0xcf, 0xff,
    0x74, 0xff, 0xf9, 0xff, 0xff, 0xb3, 0x4e, 0xfa,
    0x0c, 0xff, 0xf7, 0x1f, 0xff, 0xdf, 0xf7, 0xff,
    0xff, 0xff, 0x30, 0xcf, 0xff, 0x70, 0xef, 0xff,
    0xfb, 0x04, 0xcf, 0xfb, 0x30, 0x0c, 0xff, 0xf7,
    0x0b, 0xff, 0xff, 0x50, 0x00, 0x00, 0x00, 0x00,
    0xcf, 0xff, 0x70, 0x8f, 0xff, 0xf1, 0x00, 0x00,
    0x00, 0x00, 0x0c, 0xff, 0xf7, 0x06, 0xff, 0xfe,
    0x00, 0x00, 0x00, 0x00, 0x00, 0xcf, 0xff, 0x70,
    0x5f, 0xff, 0xc0, 0x00, 0x00, 0x00, 0x00, 0x0c,
    0xff, 0xf7, 0x05, 0xff, 0xfc, 0x00, 0x00, 0x00,
    0x00, 0x00, 0xcf, 0xff, 0x70, 0x5f, 0xff, 0xc0,
    0x00, 0x00, 0x00, 0x00, 0x0c, 0xff, 0xf7, 0x05,
    0xff, 0xfc, 0x00, 0x00, 0x00, 0x00, 0x00, 0xcf,
    0xff, 0x70,

    /* U+0E06 "ฆ" */
    0x03, 0xbf, 0xfd, 0x60, 0x0b, 0xf9, 0x00, 0x00,
    0x3f, 0xff, 0xf0, 0x3f, 0xff, 0xff, 0xf7, 0x1f,
    0xf9, 0x00, 0x00, 0x3f, 0xff, 0xf0, 0xbf, 0xd4,
    0x39, 0xfe, 0x7f, 0xf9, 0x00, 0x00, 0x3f, 0xff,
    0xf0, 0xdf, 0x70, 0x01, 0xff, 0xff, 0xf8, 0x00,
    0x00, 0x3f, 0xff, 0xf0, 0xbf, 0xc1, 0x07, 0xff,
    0xef, 0xf7, 0x00, 0x00, 0x3f, 0xff, 0xf0, 0x4f,
    0xff, 0xff, 0xfb, 0xaf, 0xf6, 0x00, 0x00, 0x3f,
    0xff, 0xf0, 0x04, 0xcf, 0xfe, 0x72, 0xff, 0xf3,
    0x00, 0x00, 0x3f, 0xff, 0xf0, 0x00, 0x00, 0x00,
    0x0c, 0xff, 0xe0, 0x00, 0x00, 0x3f, 0xff, 0xf0,
    0x00, 0x00, 0x00, 0x9f, 0xff, 0x70, 0x00, 0x00,
    0x3f, 0xff, 0xf0, 0x00, 0x00, 0x04, 0xff, 0xfd,
    0x00, 0x00, 0x00, 0x3f, 0xff, 0xf0, 0x00, 0x00,
    0x0c, 0xff, 0xf6, 0x00, 0x00, 0x00, 0x3f, 0xff,
    0xf0, 0x00, 0x00, 0x1f, 0xff, 0xf1, 0x00, 0x00,
    0x00, 0x3f, 0xff, 0xf0, 0x00, 0x00, 0x4f, 0xff,
    0xf0, 0x00, 0x00, 0x00, 0x3f, 0xff, 0xf0, 0x00,
    0x00, 0x5f, 0xff, 0xe0, 0x00, 0x00, 0x00, 0x3f,
    0xff, 0xf0, 0x00, 0x00, 0x5f, 0xff, 0xe0, 0x00,
    0x00, 0x00, 0x3f, 0xff, 0xf0, 0x00, 0x8d, 0xff,
    0xff, 0xf3, 0x00, 0x00, 0x00, 0x3f, 0xff, 0xf0,
    0x0c, 0xff, 0xff, 0xff, 0xff, 0xd7, 0x10, 0x00,
    0x3f, 0xff, 0xf0, 0x6f, 0xfb, 0x69, 0xff, 0xff,
    0xff, 0xfa, 0x20, 0x3f, 0xff, 0xf0, 0x9f, 0xf0,
    0x00, 0xbf, 0xf9, 0xdf, 0xff, 0xf9, 0x3f, 0xff,
    0xf0, 0x9f, 0xf0, 0x00, 0xbf, 0xf3, 0x06, 0xef,
    0xff, 0xff, 0xff, 0xf0, 0x5f, 0xfb, 0x68, 0xff,
    0xe0, 0x00, 0x08, 0xff, 0xff, 0xff, 0xf0, 0x0c,
    0xff, 0xff, 0xff, 0x50, 0x00, 0x00, 0x3d, 0xff,
    0xff, 0xf0, 0x00, 0x8d, 0xff, 0xb4, 0x00, 0x00,
    0x00, 0x00, 0xaf, 0xff, 0xf0,

    /* U+0E07 "ง" */
    0x00, 0x00, 0x00, 0x00, 0x00, 0x19, 0xef, 0xea,
    0x20, 0x00, 0x00, 0x00, 0x00, 0x01, 0xdf, 0xff,
    0xff, 0xf2, 0x00, 0x00, 0x00, 0x00, 0x08, 0xff,
    0xa6, 0xaf, 0xfa, 0x00, 0x00, 0x00, 0x00, 0x0b,
    0xfd, 0x00, 0x0e, 0xfe, 0x00, 0x00, 0x00, 0x00,
    0x0c, 0xfc, 0x00, 0x0c, 0xff, 0x00, 0x00, 0x00,
    0x00, 0x09, 0xff, 0x40, 0x5f, 0xff, 0x07, 0x77,
    0x72, 0x00, 0x03, 0xff, 0xff, 0xff, 0xff, 0x0b,
    0xff, 0xf8, 0x00, 0x00, 0x5f, 0xff, 0xff, 0xff,
    0x06, 0xff, 0xfd, 0x00, 0x00, 0x00, 0x49, 0xff,
    0xff, 0x01, 0xff, 0xff, 0x20, 0x00, 0x00, 0x05,
    0xff, 0xff, 0x00, 0xbf, 0xff, 0x80, 0x00, 0x00,
    0x05, 0xff, 0xff, 0x00, 0x6f, 0xff, 0xd0, 0x00,
    0x00, 0x05, 0xff, 0xff, 0x00, 0x1f, 0xff, 0xf2,
    0x00, 0x00, 0x05, 0xff, 0xff, 0x00, 0x0c, 0xff,
    0xf7, 0x00, 0x00, 0x05, 0xff, 0xff, 0x00, 0x06,
    0xff, 0xfd, 0x00, 0x00, 0x05, 0xff, 0xff, 0x00,
    0x01, 0xff, 0xff, 0x20, 0x00, 0x05, 0xff, 0xff,
    0x00, 0x00, 0xcf, 0xff, 0x70, 0x00, 0x05, 0xff,
    0xff, 0x00, 0x00, 0x7f, 0xff, 0xc0, 0x00, 0x06,
    0xff, 0xff, 0x00, 0x00, 0x1f, 0xff, 0xf2, 0x00,
    0x09, 0xff, 0xfd, 0x00, 0x00, 0x0c, 0xff, 0xf8,
    0x22, 0x6f, 0xff, 0xfa, 0x00, 0x00, 0x07, 0xff,
    0xff, 0xff, 0xff, 0xff, 0xf3, 0x00, 0x00, 0x02,
    0xff, 0xff, 0xff, 0xff, 0xff, 0x70, 0x00, 0x00,
    0x00, 0xcf, 0xff, 0xff, 0xff, 0xb4, 0x00,

    /* U+0E08 "จ" */
    0x00, 0x37, 0xad, 0xff, 0xfe, 0xc8, 0x30, 0x00,
    0x00, 0x05, 0xdf, 0xff, 0xff, 0xff, 0xff, 0xff,
    0xb2, 0x00, 0x00, 0xbf, 0xff, 0xff, 0xff, 0xff,
    0xff, 0xff, 0xf4, 0x00, 0x0b, 0xff, 0xd8, 0x54,
    0x45, 0x8d, 0xff, 0xff, 0xf3, 0x00, 0xb9, 0x20,
    0x00, 0x00, 0x00, 0x07, 0xff, 0xff, 0xe0, 0x00,
    0x00, 0x00, 0x00, 0x00, 0x00, 0x06, 0xff, 0xff,
    0x70, 0x00, 0x00, 0x00, 0x00, 0x00, 0x00, 0x0b,
    0xff, 0xfe, 0x00, 0x00, 0x01, 0x00, 0x00, 0x00,
    0x00, 0x3f, 0xff, 0xf3, 0x00, 0x8e, 0xff, 0xd6,
    0x00, 0x00, 0x00, 0xef, 0xff, 0x60, 0xbf, 0xff,
    0xff, 0xf7, 0x00, 0x00, 0x0b, 0xff, 0xf9, 0x2f,
    0xf7, 0x02, 0xdf, 0xf0, 0x00, 0x00, 0x9f, 0xff,
    0xa4, 0xff, 0x10, 0x08, 0xff, 0x30, 0x00, 0x09,
    0xff, 0xfb, 0x2f, 0xf7, 0x02, 0xdf, 0xf3, 0x00,
    0x00, 0x9f, 0xff, 0xb0, 0xbf, 0xff, 0xff, 0xff,
    0x30, 0x00, 0x0a, 0xff, 0xfa, 0x00, 0x8e, 0xff,
    0xff, 0xf3, 0x00, 0x00, 0xbf, 0xff, 0x80, 0x00,
    0x00, 0x9f, 0xff, 0x30, 0x00, 0x0e, 0xff, 0xf5,
    0x00, 0x00, 0x0a, 0xff, 0xf3, 0x00, 0x03, 0xff,
    0xff, 0x10, 0x00, 0x00, 0xaf, 0xff, 0x30, 0x00,
    0x9f, 0xff, 0xc0, 0x00, 0x00, 0x0a, 0xff, 0xf3,
    0x00, 0x4f, 0xff, 0xf4, 0x00, 0x00, 0x00, 0xaf,
    0xff, 0x31, 0x7f, 0xff, 0xfb, 0x00, 0x00, 0x00,
    0x0a, 0xff, 0xff, 0xff, 0xff, 0xfd, 0x10, 0x00,
    0x00, 0x00, 0xaf, 0xff, 0xff, 0xff, 0xfb, 0x10,
    0x00, 0x00, 0x00, 0x0a, 0xff, 0xff, 0xfd, 0x93,
    0x00, 0x00, 0x00,

    /* U+0E0A "ช" */
    0x00, 0x7d, 0xff, 0xc6, 0x00, 0x00, 0x00, 0x0d,
    0xff, 0xf2, 0x0b, 0xff, 0xff, 0xff, 0x90, 0x00,
    0x00, 0x0d, 0xff, 0xf2, 0x4f, 0xfc, 0x68, 0xff,
    0xf2, 0x00, 0x00, 0x0f, 0xff, 0xf1, 0x8f, 0xf1,
    0x00, 0xaf, 0xf7, 0x00, 0x00, 0x2f, 0xff, 0xe0,
    0x8f, 0xf0, 0x00, 0x8f, 0xf8, 0x00, 0x00, 0x9f,
    0xff, 0x90, 0x5f, 0xf8, 0x02, 0xef, 0xf6, 0x00,
    0x06, 0xff, 0xff, 0x20, 0x0c, 0xff, 0xff, 0xff,
    0xf3, 0x07, 0xef, 0xff, 0xf5, 0x00, 0x01, 0x9e,
    0xfe, 0xff, 0xd0, 0x0b, 0xff, 0xfb, 0x20, 0x00,
    0x00, 0x00, 0x0a, 0xff, 0x60, 0x09, 0xff, 0xff,
    0xb1, 0x00, 0x00, 0x00, 0x7f, 0xff, 0x00, 0x00,
    0x09, 0xff, 0xfd, 0x00, 0x00, 0x02, 0xff, 0xfb,
    0x00, 0x00, 0x00, 0xef, 0xff, 0x50, 0x00, 0x09,
    0xff, 0xf8, 0x00, 0x00, 0x00, 0xbf, 0xff, 0x70,
    0x00, 0x0c, 0xff, 0xf7, 0x00, 0x00, 0x00, 0xbf,
    0xff, 0x80, 0x00, 0x0d, 0xff, 0xf6, 0x00, 0x00,
    0x00, 0xbf, 0xff, 0x80, 0x00, 0x0d, 0xff, 0xf6,
    0x00, 0x00, 0x00, 0xbf, 0xff, 0x80, 0x00, 0x0d,
    0xff, 0xf6, 0x00, 0x00, 0x00, 0xbf, 0xff, 0x80,
    0x00, 0x0d, 0xff, 0xf6, 0x00, 0x00, 0x00, 0xbf,
    0xff, 0x80, 0x00, 0x0d, 0xff, 0xf6, 0x00, 0x00,
    0x00, 0xbf, 0xff, 0x80, 0x00, 0x0d, 0xff, 0xf6,
    0x00, 0x00, 0x00, 0xcf, 0xff, 0x80, 0x00, 0x0d,
    0xff, 0xf8, 0x33, 0x33, 0x37, 0xff, 0xff, 0x60,
    0x06, 0xdf, 0xff, 0xff, 0xff, 0xff, 0xff, 0xff,
    0xff, 0x30, 0x0b, 0xff, 0xff, 0xff, 0xff, 0xff,
    0xff, 0xff, 0xfb, 0x00, 0x0b, 0xff, 0xff, 0xff,
    0xff, 0xff, 0xff, 0xfe, 0x80, 0x00,

    /* U+0E0B "ซ" */
    0x00, 0x8e, 0xfe, 0x90, 0x04, 0xff, 0x00, 0x00,
    0x2f, 0xff, 0xe0, 0xaf, 0xff, 0xff, 0xb0, 0x8f,
    0xf0, 0x00, 0x02, 0xff, 0xfd, 0x2f, 0xf9, 0x26,
    0xff, 0x4d, 0xff, 0x00, 0x00, 0x3f, 0xff, 0xc5,
    0xff, 0x00, 0x0b, 0xfb, 0xff, 0xf0, 0x00, 0x06,
    0xff, 0xfa, 0x6f, 0xe0, 0x00, 0xbf, 0xff, 0xfe,
    0x00, 0x00, 0xbf, 0xff, 0x62, 0xff, 0x71, 0x4f,
    0xfd, 0xff, 0xd0, 0x00, 0x5f, 0xff, 0xe0, 0x09,
    0xff, 0xff, 0xfe, 0x6f, 0xf9, 0x02, 0xaf, 0xff,
    0xf3, 0x00, 0x07, 0xdf, 0xe9, 0x2d, 0xff, 0x50,
    0x5f, 0xff, 0xa2, 0x00, 0x00, 0x00, 0x00, 0x0a,
    0xff, 0xd0, 0x04, 0xff, 0xfd, 0x50, 0x00, 0x00,
    0x00, 0x07, 0xff, 0xf4, 0x00, 0x02, 0xdf, 0xff,
    0x60, 0x00, 0x00, 0x04, 0xff, 0xfb, 0x00, 0x00,
    0x03, 0xff, 0xfe, 0x00, 0x00, 0x00, 0xdf, 0xff,
    0x30, 0x00, 0x00, 0x0f, 0xff, 0xf2, 0x00, 0x00,
    0x3f, 0xff, 0xf0, 0x00, 0x00, 0x00, 0xff, 0xff,
    0x30, 0x00, 0x05, 0xff, 0xfd, 0x00, 0x00, 0x00,
    0x0f, 0xff, 0xf3, 0x00, 0x00, 0x6f, 0xff, 0xc0,
    0x00, 0x00, 0x00, 0xff, 0xff, 0x30, 0x00, 0x06,
    0xff, 0xfc, 0x00, 0x00, 0x00, 0x0f, 0xff, 0xf3,
    0x00, 0x00, 0x6f, 0xff, 0xc0, 0x00, 0x00, 0x00,
    0xff, 0xff, 0x30, 0x00, 0x06, 0xff, 0xfc, 0x00,
    0x00, 0x00, 0x0f, 0xff, 0xf3, 0x00, 0x00, 0x6f,
    0xff, 0xc0, 0x00, 0x00, 0x01, 0xff, 0xff, 0x30,
    0x00, 0x06, 0xff, 0xfd, 0x33, 0x33, 0x34, 0xbf,
    0xff, 0xf2, 0x00, 0x3c, 0xff, 0xff, 0xff, 0xff,
    0xff, 0xff, 0xff, 0xfe, 0x00, 0x07, 0xff, 0xff,
    0xff, 0xff, 0xff, 0xff, 0xff, 0xff, 0x70, 0x00,
    0x7f, 0xff, 0xff, 0xff, 0xff, 0xff, 0xff, 0xfd,
    0x60, 0x00,

    /* U+0E0E "ฎ" */
    0x00, 0x00, 0x00, 0x01, 0x7b, 0xdf, 0xff, 0xec,
    0x83, 0x00, 0x00, 0x00, 0x00, 0x00, 0x19, 0xff,
    0xff, 0xff, 0xff, 0xff, 0xfc, 0x20, 0x00, 0x00,
    0x00, 0x2e, 0xff, 0xff, 0xff, 0xff, 0xff, 0xff,
    0xfe, 0x20, 0x00, 0x00, 0x1e, 0xff, 0xff, 0xc7,
    0x54, 0x58, 0xef, 0xff, 0xfd, 0x00, 0x00, 0x09,
    0xff, 0xff, 0x50, 0x00, 0x00, 0x00, 0xaf, 0xff,
    0xf6, 0x00, 0x00, 0xff, 0xff, 0x60, 0x00, 0x00,
    0x00, 0x00, 0xdf, 0xff, 0xc0, 0x00, 0x3f, 0xff,
    0xe0, 0x00, 0x00, 0x00, 0x00, 0x06, 0xff, 0xff,
    0x00, 0x05, 0xff, 0xff, 0xc7, 0x10, 0x00, 0x00,
    0x00, 0x3f, 0xff, 0xf1, 0x00, 0x3c, 0xff, 0xff,
    0xff, 0xb5, 0x00, 0x00, 0x02, 0xff, 0xff, 0x20,
    0x00, 0x00, 0x59, 0xef, 0xff, 0xf0, 0x00, 0x00,
    0x2f, 0xff, 0xf2, 0x00, 0x00, 0x00, 0x18, 0xff,
    0xfe, 0x00, 0x00, 0x02, 0xff, 0xff, 0x20, 0x00,
    0x00, 0x1e, 0xff, 0xfc, 0x40, 0x00, 0x00, 0x2f,
    0xff, 0xf2, 0x00, 0x00, 0x07, 0xff, 0xfd, 0x00,
    0x00, 0x00, 0x02, 0xff, 0xff, 0x20, 0x00, 0x00,
    0xaf, 0xff, 0x90, 0x00, 0x00, 0x00, 0x2f, 0xff,
    0xf2, 0x00, 0x00, 0x0a, 0xff, 0xf8, 0x00, 0x00,
    0x00, 0x02, 0xff, 0xff, 0x20, 0x05, 0xcf, 0xff,
    0xff, 0x80, 0x00, 0x00, 0x00, 0x2f, 0xff, 0xf2,
    0x05, 0xff, 0xff, 0xff, 0xf8, 0x00, 0x00, 0x00,
    0x02, 0xff, 0xff, 0x20, 0xef, 0xd5, 0x5d, 0xff,
    0x80, 0x00, 0x00, 0x00, 0x2f, 0xff, 0xf2, 0x2f,
    0xf5, 0x00, 0x5f, 0xf8, 0x00, 0x00, 0x00, 0x02,
    0xff, 0xff, 0x21, 0xff, 0x50, 0x05, 0xff, 0x60,
    0x00, 0x00, 0x00, 0x2f, 0xff, 0xf2, 0x0e, 0xfd,
    0x55, 0xdf, 0xf2, 0x00, 0x00, 0x00, 0x02, 0xff,
    0xff, 0x20, 0x5f, 0xff, 0xff, 0xf9, 0x00, 0x00,
    0x00, 0x00, 0x2f, 0xff, 0xf2, 0x00, 0x4c, 0xff,
    0xd6, 0x00, 0x00, 0x00, 0x00, 0x02, 0xff, 0xff,
    0x20, 0x00, 0x00, 0x00, 0x00, 0x00, 0xcf, 0xf1,
    0x00, 0x2f, 0xff, 0xf2, 0x00, 0x00, 0x00, 0x04,
    0x65, 0x2c, 0xff, 0x00, 0x01, 0xff, 0xff, 0x20,
    0x00, 0x00, 0x7f, 0xff, 0xff, 0xff, 0xf0, 0x00,
    0x1f, 0xff, 0xf2, 0x00, 0x00, 0x6f, 0xff, 0xff,
    0xff, 0xff, 0x80, 0x01, 0xff, 0xff, 0x20, 0x00,
    0x0e, 0xfe, 0x40, 0x14, 0xff, 0xff, 0xd3, 0x0f,
    0xff, 0xf2, 0x00, 0x02, 0xff, 0x80, 0x00, 0x3f,
    0xfe, 0xff, 0xf4, 0xef, 0xff, 0x20, 0x00, 0x1f,
    0xf9, 0x00, 0x0b, 0xff, 0x26, 0xff, 0xff, 0xff,
    0xf2, 0x00, 0x00, 0xdf, 0xf9, 0x6b, 0xff, 0xb0,
    0x04, 0xff, 0xff, 0xff, 0x20, 0x00, 0x03, 0xff,
    0xff, 0xff, 0xd1, 0x00, 0x03, 0xff, 0xff, 0xf2,
    0x00, 0x00, 0x02, 0xae, 0xfd, 0x80, 0x00, 0x00,
    0x04, 0xff, 0xff, 0x20,

    /* U+0E13 "ณ" */
    0x00, 0x00, 0x01, 0x7b, 0xdf, 0xff, 0xeb, 0x72,
    0x00, 0x00, 0x00, 0x00, 0x00, 0x3f, 0xff, 0xf1,
    0x00, 0x00, 0x09, 0xff, 0xff, 0xff, 0xff, 0xff,
    0xfa, 0x10, 0x00, 0x00, 0x00, 0x03, 0xff, 0xff,
    0x10, 0x00, 0x2d, 0xff, 0xff, 0xff, 0xff, 0xff,
    0xff, 0xfd, 0x10, 0x00, 0x00, 0x00, 0x3f, 0xff,
    0xf1, 0x00, 0x0d, 0xff, 0xff, 0xd8, 0x54, 0x59,
    0xef, 0xff, 0xfb, 0x00, 0x00, 0x00, 0x03, 0xff,
    0xff, 0x10, 0x08, 0xff, 0xff, 0x60, 0x00, 0x00,
    0x01, 0xcf, 0xff, 0xf3, 0x00, 0x00, 0x00, 0x3f,
    0xff, 0xf1, 0x00, 0xef, 0xff, 0x70, 0x00, 0x00,
    0x00, 0x01, 0xff, 0xff, 0x80, 0x00, 0x00, 0x03,
    0xff, 0xff, 0x10, 0x2f, 0xff, 0xf0, 0x00, 0x00,
    0x00, 0x00, 0x0a, 0xff, 0xfc, 0x00, 0x00, 0x00,
    0x3f, 0xff, 0xf1, 0x04, 0xff, 0xff, 0xe8, 0x20,
    0x00, 0x00, 0x00, 0x7f, 0xff, 0xe0, 0x00, 0x00,
    0x03, 0xff, 0xff, 0x10, 0x19, 0xdf, 0xff, 0xff,
    0xd7, 0x00, 0x00, 0x05, 0xff, 0xfe, 0x00, 0x00,
    0x00, 0x3f, 0xff, 0xf1, 0x00, 0x00, 0x26, 0xbf,
    0xff, 0xe0, 0x00, 0x00, 0x5f, 0xff, 0xe0, 0x00,
    0x00, 0x03, 0xff, 0xff, 0x10, 0x00, 0x00, 0x6d,
    0xff, 0xfc, 0x00, 0x00, 0x05, 0xff, 0xfe, 0x00,
    0x00, 0x00, 0x3f, 0xff, 0xf1, 0x00, 0x00, 0xbf,
    0xff, 0xc4, 0x10, 0x00, 0x00, 0x5f, 0xff, 0xe0,
    0x00, 0x00, 0x03, 0xff, 0xff, 0x10, 0x00, 0x7f,
    0xff, 0xb0, 0x00, 0x00, 0x00, 0x05, 0xff, 0xfe,
    0x00, 0x00, 0x00, 0x3f, 0xff, 0xf0, 0x00, 0x0d,
    0xff, 0xf4, 0x00, 0x00, 0x00, 0x00, 0x5f, 0xff,
    0xe0, 0x00, 0x00, 0x07, 0xff, 0xfd, 0x00, 0x00,
    0xff, 0xff, 0x20, 0x00, 0x00, 0x00, 0x05, 0xff,
    0xfe, 0x00, 0x00, 0x06, 0xff, 0xff, 0x50, 0x00,
    0x1f, 0xff, 0xff, 0xe9, 0x10, 0x00, 0x00, 0x5f,
    0xff, 0xe0, 0x00, 0x3c, 0xff, 0xff, 0xf8, 0x00,
    0x02, 0xff, 0xff, 0xff, 0xfd, 0x00, 0x00, 0x05,
    0xff, 0xfe, 0x00, 0x9f, 0xff, 0xff, 0xff, 0xfc,
    0x00, 0x2f, 0xff, 0x74, 0xaf, 0xf6, 0x00, 0x00,
    0x5f, 0xff, 0xe1, 0xcf, 0xff, 0xff, 0x74, 0xaf,
    0xf6, 0x01, 0xff, 0xb0, 0x00, 0xff, 0x90, 0x00,
    0x05, 0xff, 0xfe, 0xdf, 0xff, 0xff, 0xb0, 0x00,
    0xff, 0x90, 0x0f, 0xfb, 0x00, 0x0f, 0xf9, 0x00,
    0x00, 0x5f, 0xff, 0xff, 0xfc, 0x2d, 0xfb, 0x00,
    0x0f, 0xf9, 0x00, 0xbf, 0xf7, 0x49, 0xff, 0x50,
    0x00, 0x05, 0xff, 0xff, 0xfb, 0x00, 0x9f, 0xf7,
    0x4a, 0xff, 0x60, 0x03, 0xff, 0xff, 0xff, 0xc0,
    0x00, 0x00, 0x5f, 0xff, 0xfc, 0x00, 0x02, 0xef,
    0xff, 0xff, 0xc0, 0x00, 0x02, 0xae, 0xfe, 0x80,
    0x00, 0x00, 0x05, 0xff, 0xfe, 0x10, 0x00, 0x02,
    0xae, 0xfe, 0x80, 0x00,

    /* U+0E14 "ด" */
    0x00, 0x00, 0x00, 0x28, 0xbe, 0xff, 0xfd, 0xb7,
    0x20, 0x00, 0x00, 0x00, 0x00, 0x2b, 0xff, 0xff,
    0xff, 0xff, 0xff, 0xfb, 0x20, 0x00, 0x00, 0x04,
    0xff, 0xff, 0xff, 0xff, 0xff, 0xff, 0xff, 0xf4,
    0x00, 0x00, 0x2f, 0xff, 0xff, 0xd7, 0x54, 0x58,
    0xdf, 0xff, 0xff, 0x20, 0x00, 0xcf, 0xff, 0xf6,
    0x00, 0x00, 0x00, 0x07, 0xff, 0xff, 0xb0, 0x04,
    0xff, 0xff, 0x60, 0x00, 0x00, 0x00, 0x00, 0x9f,
    0xff, 0xf2, 0x0a, 0xff, 0xfc, 0x00, 0x00, 0x00,
    0x00, 0x00, 0x1f, 0xff, 0xf7, 0x0e, 0xff, 0xf5,
    0x00, 0x00, 0x00, 0x00, 0x00, 0x0c, 0xff, 0xf9,
    0x1f, 0xff, 0xf1, 0x00, 0x3b, 0xff, 0xd6, 0x00,
    0x0a, 0xff, 0xfa, 0x3f, 0xff, 0xf0, 0x02, 0xff,
    0xff, 0xff, 0x70, 0x09, 0xff, 0xfb, 0x4f, 0xff,
    0xd0, 0x08, 0xfc, 0x10, 0x9f, 0xe0, 0x09, 0xff,
    0xfb, 0x4f, 0xff, 0xd0, 0x0a, 0xf7, 0x00, 0x3f,
    0xf1, 0x09, 0xff, 0xfb, 0x3f, 0xff, 0xe0, 0x07,
    0xfc, 0x10, 0x9f, 0xf0, 0x09, 0xff, 0xfb, 0x2f,
    0xff, 0xf0, 0x01, 0xdf, 0xff, 0xff, 0xd0, 0x09,
    0xff, 0xfb, 0x0f, 0xff, 0xf1, 0x00, 0x18, 0xcf,
    0xff, 0x80, 0x09, 0xff, 0xfb, 0x0d, 0xff, 0xf4,
    0x00, 0x00, 0xaf, 0xff, 0x10, 0x09, 0xff, 0xfb,
    0x0a, 0xff, 0xf7, 0x00, 0x05, 0xff, 0xf7, 0x00,
    0x09, 0xff, 0xfb, 0x06, 0xff, 0xfb, 0x00, 0x2f,
    0xff, 0xc0, 0x00, 0x09, 0xff, 0xfb, 0x02, 0xff,
    0xff, 0x01, 0xdf, 0xff, 0x20, 0x00, 0x09, 0xff,
    0xfb, 0x00, 0xdf, 0xff, 0x8d, 0xff, 0xf4, 0x00,
    0x00, 0x09, 0xff, 0xfb, 0x00, 0x7f, 0xff, 0xff,
    0xff, 0x60, 0x00, 0x00, 0x09, 0xff, 0xfb, 0x00,
    0x1f, 0xff, 0xff, 0xf7, 0x00, 0x00, 0x00, 0x09,
    0xff, 0xfb, 0x00, 0x08, 0xff, 0xff, 0x70, 0x00,
    0x00, 0x00, 0x09, 0xff, 0xfb,

    /* U+0E15 "ต" */
    0x00, 0x00, 0x00, 0x00, 0x00, 0x00, 0x00, 0x00,
    0x00, 0x00, 0x00, 0x00, 0x00, 0x29, 0xef, 0x50,
    0x00, 0x01, 0xcf, 0xc7, 0x10, 0x00, 0x00, 0x05,
    0xff, 0xff, 0xfa, 0x00, 0x4e, 0xff, 0xff, 0xe4,
    0x00, 0x00, 0x3f, 0xff, 0xff, 0xff, 0xd8, 0xff,
    0xff, 0xff, 0xff, 0x30, 0x00, 0xcf, 0xff, 0xfd,
    0xff, 0xff, 0xff, 0xed, 0xff, 0xff, 0xd0, 0x04,
    0xff, 0xff, 0x80, 0x5f, 0xff, 0xfc, 0x10, 0x8f,
    0xff, 0xf4, 0x09, 0xff, 0xfd, 0x00, 0x02, 0xcf,
    0x90, 0x00, 0x0e, 0xff, 0xf8, 0x0d, 0xff, 0xf7,
    0x00, 0x00, 0x03, 0x00, 0x00, 0x0a, 0xff, 0xfa,
    0x0f, 0xff, 0xf3, 0x00, 0x00, 0x00, 0x00, 0x00,
    0x09, 0xff, 0xfa, 0x2f, 0xff, 0xf0, 0x00, 0x3b,
    0xff, 0xd6, 0x00, 0x09, 0xff, 0xfb, 0x3f, 0xff,
    0xe0, 0x02, 0xff, 0xff, 0xff, 0x70, 0x09, 0xff,
    0xfb, 0x4f, 0xff, 0xd0, 0x08, 0xfc, 0x10, 0x9f,
    0xe0, 0x09, 0xff, 0xfb, 0x4f, 0xff, 0xd0, 0x0a,
    0xf7, 0x00, 0x3f, 0xf1, 0x09, 0xff, 0xfb, 0x3f,
    0xff, 0xe0, 0x07, 0xfc, 0x10, 0x9f, 0xf0, 0x09,
    0xff, 0xfb, 0x2f, 0xff, 0xf0, 0x01, 0xdf, 0xff,
    0xff, 0xd0, 0x09, 0xff, 0xfb, 0x0f, 0xff, 0xf1,
    0x00, 0x18, 0xcf, 0xff, 0x80, 0x09, 0xff, 0xfb,
    0x0d, 0xff, 0xf4, 0x00, 0x00, 0xaf, 0xff, 0x10,
    0x09, 0xff, 0xfb, 0x0a, 0xff, 0xf7, 0x00, 0x05,
    0xff, 0xf7, 0x00, 0x09, 0xff, 0xfb, 0x06, 0xff,
    0xfb, 0x00, 0x2f, 0xff, 0xc0, 0x00, 0x09, 0xff,
    0xfb, 0x01, 0xff, 0xff, 0x01, 0xdf, 0xff, 0x20,
    0x00, 0x09, 0xff, 0xfb, 0x00, 0xcf, 0xff, 0x8d,
    0xff, 0xf4, 0x00, 0x00, 0x09, 0xff, 0xfb, 0x00,
    0x6f, 0xff, 0xff, 0xff, 0x60, 0x00, 0x00, 0x09,
    0xff, 0xfb, 0x00, 0x0f, 0xff, 0xff, 0xf7, 0x00,
    0x00, 0x00, 0x09, 0xff, 0xfb, 0x00, 0x08, 0xff,
    0xff, 0x70, 0x00, 0x00, 0x00, 0x09, 0xff, 0xfb,

    /* U+0E16 "ถ" */
    0x00, 0x00, 0x01, 0x7b, 0xdf, 0xff, 0xec, 0x93,
    0x00, 0x00, 0x00, 0x00, 0x19, 0xff, 0xff, 0xff,
    0xff, 0xff, 0xfc, 0x30, 0x00, 0x00, 0x2e, 0xff,
    0xff, 0xff, 0xff, 0xff, 0xff, 0xff, 0x40, 0x00,
    0x1d, 0xff, 0xff, 0xd8, 0x54, 0x58, 0xdf, 0xff,
    0xfe, 0x10, 0x08, 0xff, 0xff, 0x60, 0x00, 0x00,
    0x00, 0x7f, 0xff, 0xf8, 0x00, 0xef, 0xff, 0x70,
    0x00, 0x00, 0x00, 0x00, 0xaf, 0xff, 0xe0, 0x2f,
    0xff, 0xf0, 0x00, 0x00, 0x00, 0x00, 0x03, 0xff,
    0xff, 0x24, 0xff, 0xff, 0xe8, 0x20, 0x00, 0x00,
    0x00, 0x0f, 0xff, 0xf4, 0x19, 0xdf, 0xff, 0xff,
    0xc5, 0x00, 0x00, 0x00, 0xff, 0xff, 0x40, 0x00,
    0x27, 0xcf, 0xff, 0xc0, 0x00, 0x00, 0x0f, 0xff,
    0xf5, 0x00, 0x00, 0x7e, 0xff, 0xfa, 0x00, 0x00,
    0x00, 0xff, 0xff, 0x50, 0x00, 0xbf, 0xff, 0xc5,
    0x00, 0x00, 0x00, 0x0f, 0xff, 0xf5, 0x00, 0x7f,
    0xff, 0xb0, 0x00, 0x00, 0x00, 0x00, 0xff, 0xff,
    0x50, 0x0e, 0xff, 0xf4, 0x00, 0x00, 0x00, 0x00,
    0x0f, 0xff, 0xf5, 0x01, 0xff, 0xff, 0x20, 0x00,
    0x00, 0x00, 0x00, 0xff, 0xff, 0x50, 0x1f, 0xff,
    0xff, 0xe9, 0x10, 0x00, 0x00, 0x0f, 0xff, 0xf5,
    0x02, 0xff, 0xff, 0xff, 0xfd, 0x00, 0x00, 0x00,
    0xff, 0xff, 0x50, 0x2f, 0xff, 0x74, 0xaf, 0xf6,
    0x00, 0x00, 0x0f, 0xff, 0xf5, 0x01, 0xff, 0xb0,
    0x00, 0xff, 0x90, 0x00, 0x00, 0xff, 0xff, 0x50,
    0x0f, 0xfb, 0x00, 0x0f, 0xf9, 0x00, 0x00, 0x0f,
    0xff, 0xf5, 0x00, 0xbf, 0xf7, 0x49, 0xff, 0x50,
    0x00, 0x00, 0xff, 0xff, 0x50, 0x03, 0xff, 0xff,
    0xff, 0xc0, 0x00, 0x00, 0x0f, 0xff, 0xf5, 0x00,
    0x02, 0xae, 0xfe, 0x80, 0x00, 0x00, 0x00, 0xff,
    0xff, 0x50,

    /* U+0E17 "ท" */
    0x00, 0x4c, 0xff, 0xd6, 0x00, 0x00, 0x00, 0x7c,
    0xff, 0xea, 0x30, 0x00, 0x05, 0xff, 0xff, 0xff,
    0x90, 0x00, 0x2d, 0xff, 0xff, 0xff, 0xf6, 0x00,
    0x0e, 0xfe, 0x77, 0xef, 0xf2, 0x01, 0xef, 0xff,
    0xff, 0xff, 0xff, 0x20, 0x3f, 0xf5, 0x00, 0x6f,
    0xf5, 0x0a, 0xff, 0xd7, 0x5a, 0xff, 0xff, 0xa0,
    0x4f, 0xf4, 0x00, 0x5f, 0xf6, 0x3f, 0xfb, 0x00,
    0x00, 0xaf, 0xff, 0xe0, 0x1f, 0xfb, 0x11, 0xbf,
    0xf6, 0xbf, 0xd0, 0x00, 0x00, 0x4f, 0xff, 0xf0,
    0x0a, 0xff, 0xff, 0xff, 0xf7, 0xff, 0x30, 0x00,
    0x00, 0x3f, 0xff, 0xf1, 0x00, 0xbf, 0xff, 0xff,
    0xfc, 0xfa, 0x00, 0x00, 0x00, 0x3f, 0xff, 0xf1,
    0x00, 0x02, 0x5d, 0xff, 0xff, 0xf3, 0x00, 0x00,
    0x00, 0x3f, 0xff, 0xf1, 0x00, 0x00, 0x0d, 0xff,
    0xff, 0xc0, 0x00, 0x00, 0x00, 0x3f, 0xff, 0xf1,
    0x00, 0x00, 0x0d, 0xff, 0xff, 0x60, 0x00, 0x00,
    0x00, 0x3f, 0xff, 0xf1, 0x00, 0x00, 0x0d, 0xff,
    0xff, 0x20, 0x00, 0x00, 0x00, 0x3f, 0xff, 0xf1,
    0x00, 0x00, 0x0d, 0xff, 0xfe, 0x00, 0x00, 0x00,
    0x00, 0x3f, 0xff, 0xf1, 0x00, 0x00, 0x0d, 0xff,
    0xfc, 0x00, 0x00, 0x00, 0x00, 0x3f, 0xff, 0xf1,
    0x00, 0x00, 0x0d, 0xff, 0xfa, 0x00, 0x00, 0x00,
    0x00, 0x3f, 0xff, 0xf1, 0x00, 0x00, 0x0d, 0xff,
    0xf8, 0x00, 0x00, 0x00, 0x00, 0x3f, 0xff, 0xf1,
    0x00, 0x00, 0x0d, 0xff, 0xf8, 0x00, 0x00, 0x00,
    0x00, 0x3f, 0xff, 0xf1, 0x00, 0x00, 0x0d, 0xff,
    0xf7, 0x00, 0x00, 0x00, 0x00, 0x3f, 0xff, 0xf1,
    0x00, 0x00, 0x0d, 0xff, 0xf7, 0x00, 0x00, 0x00,
    0x00, 0x3f, 0xff, 0xf1, 0x00, 0x00, 0x0d, 0xff,
    0xf7, 0x00, 0x00, 0x00, 0x00, 0x3f, 0xff, 0xf1,
    0x00, 0x00, 0x0d, 0xff, 0xf7, 0x00, 0x00, 0x00,
    0x00, 0x3f, 0xff, 0xf1, 0x00, 0x00, 0x0d, 0xff,
    0xf7, 0x00, 0x00, 0x00, 0x00, 0x3f, 0xff, 0xf1,
    0x00, 0x00, 0x0d, 0xff, 0xf7, 0x00, 0x00, 0x00,
    0x00, 0x3f, 0xff, 0xf1,

    /* U+0E18 "ธ" */
    0x00, 0x00, 0x5a, 0xef, 0xff, 0xda, 0x74, 0x10,
    0x02, 0x63, 0x00, 0x1c, 0xff, 0xff, 0xff, 0xff,
    0xff, 0xff, 0xff, 0xf5, 0x01, 0xdf, 0xff, 0xff,
    0xff, 0xff, 0xff, 0xff, 0xff, 0xf5, 0x08, 0xff,
    0xff, 0xb5, 0x44, 0x68, 0xcf, 0xff, 0xff, 0xd2,
    0x0e, 0xff, 0xfa, 0x00, 0x00, 0x00, 0x00, 0x13,
    0x31, 0x00, 0x1f, 0xff, 0xf3, 0x00, 0x00, 0x00,
    0x00, 0x00, 0x00, 0x00, 0x1f, 0xff, 0xf9, 0x63,
    0x10, 0x00, 0x00, 0x00, 0x00, 0x00, 0x2f, 0xff,
    0xff, 0xff, 0xff, 0xdb, 0x97, 0x52, 0x00, 0x00,
    0x1f, 0xff, 0xff, 0xff, 0xff, 0xff, 0xff, 0xff,
    0xd5, 0x00, 0x00, 0x13, 0x57, 0x9b, 0xdf, 0xff,
    0xff, 0xff, 0xff, 0x50, 0x00, 0x00, 0x00, 0x00,
    0x00, 0x13, 0x58, 0xef, 0xff, 0xd0, 0x00, 0x27,
    0x77, 0x60, 0x00, 0x00, 0x00, 0x3f, 0xff, 0xf1,
    0x00, 0x5f, 0xff, 0xd0, 0x00, 0x00, 0x00, 0x0f,
    0xff, 0xf3, 0x00, 0x5f, 0xff, 0xd0, 0x00, 0x00,
    0x00, 0x0f, 0xff, 0xf3, 0x00, 0x5f, 0xff, 0xd0,
    0x00, 0x00, 0x00, 0x0f, 0xff, 0xf3, 0x00, 0x5f,
    0xff, 0xd0, 0x00, 0x00, 0x00, 0x0f, 0xff, 0xf3,
    0x00, 0x5f, 0xff, 0xd0, 0x00, 0x00, 0x00, 0x0f,
    0xff, 0xf3, 0x00, 0x5f, 0xff, 0xd0, 0x00, 0x00,
    0x00, 0x0f, 0xff, 0xf3, 0x00, 0x5f, 0xff, 0xd0,
    0x00, 0x00, 0x00, 0x0f, 0xff, 0xf3, 0x00, 0x5f,
    0xff, 0xd0, 0x00, 0x00, 0x01, 0x8f, 0xff, 0xf2,
    0x0a, 0xef, 0xff, 0xff, 0xff, 0xff, 0xff, 0xff,
    0xff, 0xe0, 0x1f, 0xff, 0xff, 0xff, 0xff, 0xff,
    0xff, 0xff, 0xff, 0x60, 0x1f, 0xff, 0xff, 0xff,
    0xff, 0xff, 0xff, 0xff, 0xc5, 0x00,

    /* U+0E19 "น" */
    0x00, 0x5c, 0xff, 0xd7, 0x00, 0x00, 0x00, 0x00,
    0x09, 0xff, 0xfb, 0x00, 0x07, 0xff, 0xff, 0xff,
    0xa0, 0x00, 0x00, 0x00, 0x09, 0xff, 0xfb, 0x00,
    0x0f, 0xfd, 0x67, 0xef, 0xf3, 0x00, 0x00, 0x00,
    0x09, 0xff, 0xfb, 0x00, 0x3f, 0xf4, 0x00, 0x5f,
    0xf7, 0x00, 0x00, 0x00, 0x09, 0xff, 0xfb, 0x00,
    0x3f, 0xf4, 0x00, 0x5f, 0xf7, 0x00, 0x00, 0x00,
    0x09, 0xff, 0xfb, 0x00, 0x1f, 0xfd, 0x67, 0xef,
    0xf7, 0x00, 0x00, 0x00, 0x09, 0xff, 0xfb, 0x00,
    0x07, 0xff, 0xff, 0xff, 0xf7, 0x00, 0x00, 0x00,
    0x09, 0xff, 0xfb, 0x00, 0x00, 0x6d, 0xff, 0xff,
    0xf7, 0x00, 0x00, 0x00, 0x09, 0xff, 0xfb, 0x00,
    0x00, 0x00, 0x0c, 0xff, 0xf7, 0x00, 0x00, 0x00,
    0x09, 0xff, 0xfb, 0x00, 0x00, 0x00, 0x0d, 0xff,
    0xf7, 0x00, 0x00, 0x00, 0x09, 0xff, 0xfb, 0x00,
    0x00, 0x00, 0x0d, 0xff, 0xf7, 0x00, 0x00, 0x00,
    0x09, 0xff, 0xfb, 0x00, 0x00, 0x00, 0x0d, 0xff,
    0xf7, 0x00, 0x00, 0x00, 0x09, 0xff, 0xfb, 0x00,
    0x00, 0x00, 0x0d, 0xff, 0xf7, 0x00, 0x00, 0x00,
    0x09, 0xff, 0xfa, 0x00, 0x00, 0x00, 0x0d, 0xff,
    0xf7, 0x00, 0x00, 0x00, 0x0b, 0xff, 0xf7, 0x00,
    0x00, 0x00, 0x0d, 0xff, 0xf7, 0x00, 0x00, 0x00,
    0x6f, 0xff, 0xf1, 0x00, 0x00, 0x00, 0x0d, 0xff,
    0xf7, 0x00, 0x00, 0x4c, 0xff, 0xff, 0xe5, 0x00,
    0x00, 0x00, 0x0d, 0xff, 0xf7, 0x00, 0x3b, 0xff,
    0xff, 0xff, 0xff, 0x60, 0x00, 0x00, 0x0d, 0xff,
    0xf7, 0x09, 0xff, 0xff, 0xfd, 0x66, 0xef, 0xf0,
    0x00, 0x00, 0x0d, 0xff, 0xf9, 0xdf, 0xff, 0xef,
    0xf5, 0x00, 0x5f, 0xf3, 0x00, 0x00, 0x0d, 0xff,
    0xff, 0xff, 0xf6, 0x4f, 0xf5, 0x00, 0x6f, 0xf3,
    0x00, 0x00, 0x0d, 0xff, 0xff, 0xfc, 0x10, 0x0f,
    0xfe, 0x67, 0xef, 0xf0, 0x00, 0x00, 0x0d, 0xff,
    0xff, 0xa0, 0x00, 0x07, 0xff, 0xff, 0xff, 0x60,
    0x00, 0x00, 0x0d, 0xff, 0xfa, 0x00, 0x00, 0x00,
    0x5c, 0xff, 0xc5, 0x00,

    /* U+0E1A "บ" */
    0x01, 0x9e, 0xfe, 0xa2, 0x00, 0x00, 0x00, 0x00,
    0x0a, 0xff, 0xfb, 0x1e, 0xff, 0xff, 0xfe, 0x20,
    0x00, 0x00, 0x00, 0x0a, 0xff, 0xfb, 0x8f, 0xfa,
    0x6b, 0xff, 0xa0, 0x00, 0x00, 0x00, 0x0a, 0xff,
    0xfb, 0xcf, 0xd0, 0x00, 0xef, 0xe0, 0x00, 0x00,
    0x00, 0x0a, 0xff, 0xfb, 0xdf, 0xc0, 0x00, 0xdf,
    0xe0, 0x00, 0x00, 0x00, 0x0a, 0xff, 0xfb, 0xaf,
    0xf4, 0x05, 0xff, 0xe0, 0x00, 0x00, 0x00, 0x0a,
    0xff, 0xfb, 0x3f, 0xff, 0xff, 0xff, 0xe0, 0x00,
    0x00, 0x00, 0x0a, 0xff, 0xfb, 0x05, 0xff, 0xff,
    0xff, 0xe0, 0x00, 0x00, 0x00, 0x0a, 0xff, 0xfb,
    0x00, 0x04, 0x9f, 0xff, 0xe0, 0x00, 0x00, 0x00,
    0x0a, 0xff, 0xfb, 0x00, 0x00, 0x5f, 0xff, 0xe0,
    0x00, 0x00, 0x00, 0x0a, 0xff, 0xfb, 0x00, 0x00,
    0x5f, 0xff, 0xe0, 0x00, 0x00, 0x00, 0x0a, 0xff,
    0xfb, 0x00, 0x00, 0x5f, 0xff, 0xe0, 0x00, 0x00,
    0x00, 0x0a, 0xff, 0xfb, 0x00, 0x00, 0x5f, 0xff,
    0xe0, 0x00, 0x00, 0x00, 0x0a, 0xff, 0xfb, 0x00,
    0x00, 0x5f, 0xff, 0xe0, 0x00, 0x00, 0x00, 0x0a,
    0xff, 0xfb, 0x00, 0x00, 0x5f, 0xff, 0xe0, 0x00,
    0x00, 0x00, 0x0a, 0xff, 0xfb, 0x00, 0x00, 0x5f,
    0xff, 0xe0, 0x00, 0x00, 0x00, 0x0a, 0xff, 0xfb,
    0x00, 0x00, 0x5f, 0xff, 0xe0, 0x00, 0x00, 0x00,
    0x0a, 0xff, 0xfb, 0x00, 0x00, 0x5f, 0xff, 0xe0,
    0x00, 0x00, 0x00, 0x0a, 0xff, 0xfb, 0x00, 0x00,
    0x5f, 0xff, 0xe0, 0x00, 0x00, 0x00, 0x0b, 0xff,
    0xfa, 0x00, 0x00, 0x5f, 0xff, 0xe2, 0x22, 0x22,
    0x22, 0x5f, 0xff, 0xfa, 0x00, 0x6c, 0xff, 0xff,
    0xff, 0xff, 0xff, 0xff, 0xff, 0xff, 0xf6, 0x00,
    0xbf, 0xff, 0xff, 0xff, 0xff, 0xff, 0xff, 0xff,
    0xff, 0xd0, 0x00, 0xbf, 0xff, 0xff, 0xff, 0xff,
    0xff, 0xff, 0xff, 0xe9, 0x10,

    /* U+0E1B "ป" */
    0x00, 0x00, 0x00, 0x00, 0x00, 0x00, 0x00, 0x00,
    0x0a, 0xff, 0xfb, 0x00, 0x00, 0x00, 0x00, 0x00,
    0x00, 0x00, 0x00, 0x0a, 0xff, 0xfb, 0x00, 0x00,
    0x00, 0x00, 0x00, 0x00, 0x00, 0x00, 0x0a, 0xff,
    0xfb, 0x00, 0x00, 0x00, 0x00, 0x00, 0x00, 0x00,
    0x00, 0x0a, 0xff, 0xfb, 0x00, 0x00, 0x00, 0x00,
    0x00, 0x00, 0x00, 0x00, 0x0a, 0xff, 0xfb, 0x00,
    0x00, 0x00, 0x00, 0x00, 0x00, 0x00, 0x00, 0x0a,
    0xff, 0xfb, 0x00, 0x00, 0x00, 0x00, 0x00, 0x00,
    0x00, 0x00, 0x0a, 0xff, 0xfb, 0x00, 0x00, 0x00,
    0x00, 0x00, 0x00, 0x00, 0x00, 0x0a, 0xff, 0xfb,
    0x01, 0x9e, 0xfe, 0xa2, 0x00, 0x00, 0x00, 0x00,
    0x0a, 0xff, 0xfb, 0x1e, 0xff, 0xff, 0xfe, 0x20,
    0x00, 0x00, 0x00, 0x0a, 0xff, 0xfb, 0x8f, 0xfa,
    0x6b, 0xff, 0xa0, 0x00, 0x00, 0x00, 0x0a, 0xff,
    0xfb, 0xcf, 0xd0, 0x00, 0xef, 0xe0, 0x00, 0x00,
    0x00, 0x0a, 0xff, 0xfb, 0xdf, 0xc0, 0x00, 0xdf,
    0xe0, 0x00, 0x00, 0x00, 0x0a, 0xff, 0xfb, 0xaf,
    0xf4, 0x05, 0xff, 0xe0, 0x00, 0x00, 0x00, 0x0a,
    0xff, 0xfb, 0x3f, 0xff, 0xff, 0xff, 0xe0, 0x00,
    0x00, 0x00, 0x0a, 0xff, 0xfb, 0x05, 0xff, 0xff,
    0xff, 0xe0, 0x00, 0x00, 0x00, 0x0a, 0xff, 0xfb,
    0x00, 0x04, 0x9f, 0xff, 0xe0, 0x00, 0x00, 0x00,
    0x0a, 0xff, 0xfb, 0x00, 0x00, 0x5f, 0xff, 0xe0,
    0x00, 0x00, 0x00, 0x0a, 0xff, 0xfb, 0x00, 0x00,
    0x5f, 0xff, 0xe0, 0x00, 0x00, 0x00, 0x0a, 0xff,
    0xfb, 0x00, 0x00, 0x5f, 0xff, 0xe0, 0x00, 0x00,
    0x00, 0x0a, 0xff, 0xfb, 0x00, 0x00, 0x5f, 0xff,
    0xe0, 0x00, 0x00, 0x00, 0x0a, 0xff, 0xfb, 0x00,
    0x00, 0x5f, 0xff, 0xe0, 0x00, 0x00, 0x00, 0x0a,
    0xff, 0xfb, 0x00, 0x00, 0x5f, 0xff, 0xe0, 0x00,
    0x00, 0x00, 0x0a, 0xff, 0xfb, 0x00, 0x00, 0x5f,
    0xff, 0xe0, 0x00, 0x00, 0x00, 0x0a, 0xff, 0xfb,
    0x00, 0x00, 0x5f, 0xff, 0xe0, 0x00, 0x00, 0x00,
    0x0a, 0xff, 0xfb, 0x00, 0x00, 0x5f, 0xff, 0xe0,
    0x00, 0x00, 0x00, 0x0a, 0xff, 0xfb, 0x00, 0x00,
    0x5f, 0xff, 0xe0, 0x00, 0x00, 0x00, 0x0b, 0xff,
    0xfb, 0x00, 0x00, 0x5f, 0xff, 0xe2, 0x22, 0x22,
    0x22, 0x5f, 0xff, 0xfa, 0x00, 0x6c, 0xff, 0xff,
    0xff, 0xff, 0xff, 0xff, 0xff, 0xff, 0xf6, 0x00,
    0xbf, 0xff, 0xff, 0xff, 0xff, 0xff, 0xff, 0xff,
    0xff, 0xd0, 0x00, 0xbf, 0xff, 0xff, 0xff, 0xff,
    0xff, 0xff, 0xff, 0xe9, 0x10,

    /* U+0E1E "พ" */
    0x00, 0x4c, 0xff, 0xd7, 0x00, 0x00, 0x00, 0x00,
    0x00, 0x00, 0x0f, 0xff, 0xf2, 0x06, 0xff, 0xff,
    0xff, 0xa0, 0x00, 0x00, 0x00, 0x00, 0x00, 0x0f,
    0xff, 0xf2, 0x0f, 0xfe, 0x77, 0xef, 0xf3, 0x00,
    0x00, 0x66, 0x30, 0x00, 0x0f, 0xff, 0xf2, 0x3f,
    0xf5, 0x00, 0x6f, 0xf7, 0x00, 0x05, 0xff, 0xc0,
    0x00, 0x0f, 0xff, 0xf2, 0x4f, 0xf4, 0x00, 0x5f,
    0xf7, 0x00, 0x09, 0xff, 0xf0, 0x00, 0x0f, 0xff,
    0xf2, 0x1f, 0xfb, 0x11, 0xbf, 0xf7, 0x00, 0x0e,
    0xff, 0xf5, 0x00, 0x0f, 0xff, 0xf2, 0x0a, 0xff,
    0xff, 0xff, 0xf7, 0x00, 0x2f, 0xff, 0xf9, 0x00,
    0x0f, 0xff, 0xf2, 0x00, 0xbf, 0xff, 0xff, 0xf7,
    0x00, 0x7f, 0xfe, 0xfe, 0x00, 0x0f, 0xff, 0xf2,
    0x00, 0x02, 0x5d, 0xff, 0xf7, 0x00, 0xcf, 0xe7,
    0xff, 0x20, 0x0f, 0xff, 0xf2, 0x00, 0x00, 0x0c,
    0xff, 0xf7, 0x00, 0xff, 0xb3, 0xff, 0x70, 0x0f,
    0xff, 0xf2, 0x00, 0x00, 0x0c, 0xff, 0xf7, 0x05,
    0xff, 0x60, 0xff, 0xc0, 0x0f, 0xff, 0xf2, 0x00,
    0x00, 0x0c, 0xff, 0xf7, 0x09, 0xff, 0x20, 0xbf,
    0xf1, 0x0f, 0xff, 0xf2, 0x00, 0x00, 0x0c, 0xff,
    0xf7, 0x0e, 0xfd, 0x00, 0x6f, 0xf5, 0x0f, 0xff,
    0xf2, 0x00, 0x00, 0x0c, 0xff, 0xf7, 0x2f, 0xf7,
    0x00, 0x1f, 0xf9, 0x0f, 0xff, 0xf2, 0x00, 0x00,
    0x0c, 0xff, 0xf6, 0x7f, 0xf2, 0x00, 0x0c, 0xfe,
    0x0f, 0xff, 0xf2, 0x00, 0x00, 0x0c, 0xff, 0xf6,
    0xcf, 0xd0, 0x00, 0x08, 0xff, 0x3e, 0xff, 0xf2,
    0x00, 0x00, 0x0c, 0xff, 0xf6, 0xff, 0x80, 0x00,
    0x03, 0xff, 0x7d, 0xff, 0xf2, 0x00, 0x00, 0x0c,
    0xff, 0xf9, 0xff, 0x30, 0x00, 0x00, 0xef, 0xcc,
    0xff, 0xf2, 0x00, 0x00, 0x0c, 0xff, 0xfc, 0xfe,
    0x00, 0x00, 0x00, 0x9f, 0xfc, 0xff, 0xf2, 0x00,
    0x00, 0x0c, 0xff, 0xff, 0xf9, 0x00, 0x00, 0x00,
    0x5f, 0xff, 0xff, 0xf2, 0x00, 0x00, 0x0c, 0xff,
    0xff, 0xf4, 0x00, 0x00, 0x00, 0x0f, 0xff, 0xff,
    0xf2, 0x00, 0x00, 0x0c, 0xff, 0xff, 0xf0, 0x00,
    0x00, 0x00, 0x0b, 0xff, 0xff, 0xf2, 0x00, 0x00,
    0x0c, 0xff, 0xff, 0xa0, 0x00, 0x00, 0x00, 0x06,
    0xff, 0xff, 0xf2,

    /* U+0E1F "ฟ" */
    0x00, 0x00, 0x00, 0x00, 0x00, 0x00, 0x00, 0x00,
    0x00, 0x00, 0x0f, 0xff, 0xf2, 0x00, 0x00, 0x00,
    0x00, 0x00, 0x00, 0x00, 0x00, 0x00, 0x00, 0x0f,
    0xff, 0xf2, 0x00, 0x00, 0x00, 0x00, 0x00, 0x00,
    0x00, 0x00, 0x00, 0x00, 0x0f, 0xff, 0xf2, 0x00,
    0x00, 0x00, 0x00, 0x00, 0x00, 0x00, 0x00, 0x00,
    0x00, 0x0f, 0xff, 0xf2, 0x00, 0x00, 0x00, 0x00,
    0x00, 0x00, 0x00, 0x00, 0x00, 0x00, 0x0f, 0xff,
    0xf2, 0x00, 0x00, 0x00, 0x00, 0x00, 0x00, 0x00,
    0x00, 0x00, 0x00, 0x0f, 0xff, 0xf2, 0x00, 0x00,
    0x00, 0x00, 0x00, 0x00, 0x00, 0x00, 0x00, 0x00,
    0x0f, 0xff, 0xf2, 0x00, 0x00, 0x00, 0x00, 0x00,
    0x00, 0x00, 0x00, 0x00, 0x00, 0x0f, 0xff, 0xf2,
    0x00, 0x4c, 0xff, 0xd7, 0x00, 0x00, 0x00, 0x00,
    0x00, 0x00, 0x0f, 0xff, 0xf2, 0x06, 0xff, 0xff,
    0xff, 0xa0, 0x00, 0x00, 0x00, 0x00, 0x00, 0x0f,
    0xff, 0xf2, 0x0f, 0xfe, 0x77, 0xef, 0xf3, 0x00,
    0x00, 0x66, 0x30, 0x00, 0x0f, 0xff, 0xf2, 0x3f,
    0xf5, 0x00, 0x6f, 0xf7, 0x00, 0x05, 0xff, 0xc0,
    0x00, 0x0f, 0xff, 0xf2, 0x4f, 0xf4, 0x00, 0x5f,
    0xf7, 0x00, 0x09, 0xff, 0xf0, 0x00, 0x0f, 0xff,
    0xf2, 0x1f, 0xfb, 0x11, 0xbf, 0xf7, 0x00, 0x0e,
    0xff, 0xf5, 0x00, 0x0f, 0xff, 0xf2, 0x0a, 0xff,
    0xff, 0xff, 0xf7, 0x00, 0x2f, 0xff, 0xf9, 0x00,
    0x0f, 0xff, 0xf2, 0x00, 0xbf, 0xff, 0xff, 0xf7,
    0x00, 0x7f, 0xfe, 0xfe, 0x00, 0x0f, 0xff, 0xf2,
    0x00, 0x02, 0x5d, 0xff, 0xf7, 0x00, 0xcf, 0xe7,
    0xff, 0x20, 0x0f, 0xff, 0xf2, 0x00, 0x00, 0x0c,
    0xff, 0xf7, 0x00, 0xff, 0xb3, 0xff, 0x70, 0x0f,
    0xff, 0xf2, 0x00, 0x00, 0x0c, 0xff, 0xf7, 0x05,
    0xff, 0x60, 0xff, 0xc0, 0x0f, 0xff, 0xf2, 0x00,
    0x00, 0x0c, 0xff, 0xf7, 0x09, 0xff, 0x20, 0xbf,
    0xf1, 0x0f, 0xff, 0xf2, 0x00, 0x00, 0x0c, 0xff,
    0xf7, 0x0e, 0xfd, 0x00, 0x6f, 0xf5, 0x0f, 0xff,
    0xf2, 0x00, 0x00, 0x0c, 0xff, 0xf7, 0x2f, 0xf7,
    0x00, 0x1f, 0xf9, 0x0f, 0xff, 0xf2, 0x00, 0x00,
    0x0c, 0xff, 0xf6, 0x7f, 0xf2, 0x00, 0x0c, 0xfe,
    0x0f, 0xff, 0xf2, 0x00, 0x00, 0x0c, 0xff, 0xf6,
    0xcf, 0xd0, 0x00, 0x08, 0xff, 0x3e, 0xff, 0xf2,
    0x00, 0x00, 0x0c, 0xff, 0xf6, 0xff, 0x80, 0x00,
    0x03, 0xff, 0x7d, 0xff, 0xf2, 0x00, 0x00, 0x0c,
    0xff, 0xf9, 0xff, 0x30, 0x00, 0x00, 0xef, 0xcc,
    0xff, 0xf2, 0x00, 0x00, 0x0c, 0xff, 0xfc, 0xfe,
    0x00, 0x00, 0x00, 0x9f, 0xfc, 0xff, 0xf2, 0x00,
    0x00, 0x0c, 0xff, 0xff, 0xf9, 0x00, 0x00, 0x00,
    0x5f, 0xff, 0xff, 0xf2, 0x00, 0x00, 0x0c, 0xff,
    0xff, 0xf4, 0x00, 0x00, 0x00, 0x0f, 0xff, 0xff,
    0xf2, 0x00, 0x00, 0x0c, 0xff, 0xff, 0xf0, 0x00,
    0x00, 0x00, 0x0b, 0xff, 0xff, 0xf2, 0x00, 0x00,
    0x0c, 0xff, 0xff, 0xa0, 0x00, 0x00, 0x00, 0x06,
    0xff, 0xff, 0xf2,

    /* U+0E20 "ภ" */
    0x00, 0x00, 0x00, 0x02, 0x7b, 0xdf, 0xff, 0xec,
    0x83, 0x00, 0x00, 0x00, 0x00, 0x00, 0x1a, 0xff,
    0xff, 0xff, 0xff, 0xff, 0xfb, 0x20, 0x00, 0x00,
    0x00, 0x3e, 0xff, 0xff, 0xff, 0xff, 0xff, 0xff,
    0xfe, 0x20, 0x00, 0x00, 0x1e, 0xff, 0xff, 0xc7,
    0x54, 0x58, 0xef, 0xff, 0xfd, 0x00, 0x00, 0x0a,
    0xff, 0xff, 0x40, 0x00, 0x00, 0x00, 0xaf, 0xff,
    0xf6, 0x00, 0x01, 0xff, 0xff, 0x50, 0x00, 0x00,
    0x00, 0x00, 0xdf, 0xff, 0xb0, 0x00, 0x4f, 0xff,
    0xe0, 0x00, 0x00, 0x00, 0x00, 0x07, 0xff, 0xff,
    0x00, 0x06, 0xff, 0xff, 0xd8, 0x20, 0x00, 0x00,
    0x00, 0x3f, 0xff, 0xf1, 0x00, 0x29, 0xef, 0xff,
    0xff, 0xc6, 0x00, 0x00, 0x02, 0xff, 0xff, 0x10,
    0x00, 0x00, 0x37, 0xcf, 0xff, 0xf0, 0x00, 0x00,
    0x2f, 0xff, 0xf2, 0x00, 0x00, 0x00, 0x3b, 0xff,
    0xfd, 0x00, 0x00, 0x02, 0xff, 0xff, 0x20, 0x00,
    0x00, 0x2f, 0xff, 0xfa, 0x20, 0x00, 0x00, 0x2f,
    0xff, 0xf2, 0x00, 0x00, 0x08, 0xff, 0xfc, 0x00,
    0x00, 0x00, 0x02, 0xff, 0xff, 0x20, 0x00, 0x00,
    0xaf, 0xff, 0x90, 0x00, 0x00, 0x00, 0x2f, 0xff,
    0xf2, 0x00, 0x00, 0x0a, 0xff, 0xf8, 0x00, 0x00,
    0x00, 0x02, 0xff, 0xff, 0x20, 0x05, 0xcf, 0xff,
    0xff, 0x80, 0x00, 0x00, 0x00, 0x2f, 0xff, 0xf2,
    0x05, 0xff, 0xff, 0xff, 0xf8, 0x00, 0x00, 0x00,
    0x02, 0xff, 0xff, 0x20, 0xef, 0xd5, 0x5d, 0xff,
    0x80, 0x00, 0x00, 0x00, 0x2f, 0xff, 0xf2, 0x2f,
    0xf5, 0x00, 0x5f, 0xf8, 0x00, 0x00, 0x00, 0x02,
    0xff, 0xff, 0x21, 0xff, 0x50, 0x05, 0xff, 0x60,
    0x00, 0x00, 0x00, 0x2f, 0xff, 0xf2, 0x0e, 0xfd,
    0x55, 0xdf, 0xf2, 0x00, 0x00, 0x00, 0x02, 0xff,
    0xff, 0x20, 0x5f, 0xff, 0xff, 0xf9, 0x00, 0x00,
    0x00, 0x00, 0x2f, 0xff, 0xf2, 0x00, 0x4c, 0xff,
    0xd6, 0x00, 0x00, 0x00, 0x00, 0x02, 0xff, 0xff,
    0x20,

    /* U+0E21 "ม" */
    0x00, 0x5c, 0xff, 0xc6, 0x00, 0x00, 0x00, 0x00,
    0x1f, 0xff, 0xf3, 0x08, 0xff, 0xff, 0xff, 0x80,
    0x00, 0x00, 0x00, 0x1f, 0xff, 0xf3, 0x2f, 0xfd,
    0x67, 0xef, 0xf1, 0x00, 0x00, 0x00, 0x1f, 0xff,
    0xf3, 0x5f, 0xf3, 0x00, 0x7f, 0xf5, 0x00, 0x00,
    0x00, 0x1f, 0xff, 0xf3, 0x5f, 0xf3, 0x00, 0x7f,
    0xf5, 0x00, 0x00, 0x00, 0x1f, 0xff, 0xf3, 0x2f,
    0xfd, 0x67, 0xef, 0xf5, 0x00, 0x00, 0x00, 0x1f,
    0xff, 0xf3, 0x08, 0xff, 0xff, 0xff, 0xf5, 0x00,
    0x00, 0x00, 0x1f, 0xff, 0xf3, 0x00, 0x6d, 0xff,
    0xff, 0xf5, 0x00, 0x00, 0x00, 0x1f, 0xff, 0xf3,
    0x00, 0x00, 0x0e, 0xff, 0xf5, 0x00, 0x00, 0x00,
    0x1f, 0xff, 0xf3, 0x00, 0x00, 0x0e, 0xff, 0xf5,
    0x00, 0x00, 0x00, 0x1f, 0xff, 0xf3, 0x00, 0x00,
    0x0e, 0xff, 0xf5, 0x00, 0x00, 0x00, 0x1f, 0xff,
    0xf3, 0x00, 0x00, 0x0e, 0xff, 0xf5, 0x00, 0x00,
    0x00, 0x1f, 0xff, 0xf3, 0x00, 0x00, 0x0e, 0xff,
    0xf5, 0x00, 0x00, 0x00, 0x1f, 0xff, 0xf3, 0x00,
    0x00, 0x0e, 0xff, 0xf5, 0x00, 0x00, 0x00, 0x1f,
    0xff, 0xf3, 0x00, 0x00, 0x0d, 0xff, 0xf5, 0x00,
    0x00, 0x00, 0x1f, 0xff, 0xf3, 0x00, 0x4b, 0xff,
    0xff, 0xfb, 0x40, 0x00, 0x00, 0x1f, 0xff, 0xf3,
    0x05, 0xff, 0xff, 0xff, 0xff, 0xfd, 0x60, 0x00,
    0x1f, 0xff, 0xf3, 0x0e, 0xff, 0x87, 0xdf, 0xff,
    0xff, 0xfe, 0x60, 0x0f, 0xff, 0xf3, 0x1f, 0xf8,
    0x00, 0x3f, 0xfd, 0xbf, 0xff, 0xfc, 0x2f, 0xff,
    0xf3, 0x1f, 0xf7, 0x00, 0x3f, 0xfa, 0x03, 0xcf,
    0xff, 0xff, 0xff, 0xf3, 0x0e, 0xff, 0x76, 0xdf,
    0xf7, 0x00, 0x06, 0xff, 0xff, 0xff, 0xf3, 0x05,
    0xff, 0xff, 0xff, 0xc0, 0x00, 0x00, 0x2c, 0xff,
    0xff, 0xf3, 0x00, 0x3b, 0xff, 0xd8, 0x00, 0x00,
    0x00, 0x00, 0x8f, 0xff, 0xf3,

    /* U+0E22 "ย" */
    0x00, 0x3b, 0xef, 0xe9, 0x00, 0x00, 0x00, 0x0c,
    0xff, 0xf8, 0x05, 0xff, 0xff, 0xff, 0xd0, 0x00,
    0x00, 0x0c, 0xff, 0xf8, 0x1f, 0xff, 0x74, 0x9f,
    0xf6, 0x00, 0x00, 0x0c, 0xff, 0xf8, 0x7f, 0xfb,
    0x00, 0x0f, 0xf9, 0x00, 0x00, 0x0c, 0xff, 0xf8,
    0xaf, 0xfb, 0x00, 0x0e, 0xf9, 0x00, 0x00, 0x0c,
    0xff, 0xf8, 0xbf, 0xff, 0x41, 0x7f, 0xf6, 0x00,
    0x00, 0x0c, 0xff, 0xf8, 0xaf, 0xff, 0xff, 0xff,
    0xd0, 0x00, 0x00, 0x0c, 0xff, 0xf8, 0x6f, 0xff,
    0xcf, 0xfa, 0x10, 0x00, 0x00, 0x0c, 0xff, 0xf8,
    0x1f, 0xff, 0x50, 0x00, 0x00, 0x00, 0x00, 0x0c,
    0xff, 0xf8, 0x07, 0xff, 0xf6, 0x00, 0x00, 0x00,
    0x00, 0x0c, 0xff, 0xf8, 0x00, 0x9f, 0xff, 0xfd,
    0xcc, 0xc4, 0x00, 0x0c, 0xff, 0xf8, 0x00, 0x04,
    0xcf, 0xff, 0xff, 0xf5, 0x00, 0x0c, 0xff, 0xf8,
    0x00, 0x7e, 0xff, 0xff, 0xff, 0xf5, 0x00, 0x0c,
    0xff, 0xf8, 0x07, 0xff, 0xfd, 0x40, 0x00, 0x00,
    0x00, 0x0c, 0xff, 0xf8, 0x0e, 0xff, 0xf2, 0x00,
    0x00, 0x00, 0x00, 0x0c, 0xff, 0xf8, 0x1f, 0xff,
    0xf0, 0x00, 0x00, 0x00, 0x00, 0x0c, 0xff, 0xf8,
    0x2f, 0xff, 0xe0, 0x00, 0x00, 0x00, 0x00, 0x0c,
    0xff, 0xf8, 0x2f, 0xff, 0xe0, 0x00, 0x00, 0x00,
    0x00, 0x0c, 0xff, 0xf8, 0x2f, 0xff, 0xf0, 0x00,
    0x00, 0x00, 0x00, 0x0e, 0xff, 0xf8, 0x1f, 0xff,
    0xfb, 0x43, 0x33, 0x33, 0x33, 0x9f, 0xff, 0xf6,
    0x0d, 0xff, 0xff, 0xff, 0xff, 0xff, 0xff, 0xff,
    0xff, 0xf2, 0x04, 0xff, 0xff, 0xff, 0xff, 0xff,
    0xff, 0xff, 0xff, 0xa0, 0x00, 0x4b, 0xff, 0xff,
    0xff, 0xff, 0xff, 0xff, 0xd7, 0x00,

    /* U+0E23 "ร" */
    0x00, 0x02, 0x9d, 0xff, 0xff, 0xff, 0xff, 0xff,
    0xf3, 0x00, 0x7f, 0xff, 0xff, 0xff, 0xff, 0xff,
    0xff, 0xf3, 0x06, 0xff, 0xff, 0xff, 0xff, 0xff,
    0xff, 0xff, 0xf3, 0x0e, 0xff, 0xfd, 0x64, 0x44,
    0x44, 0x43, 0x33, 0x40, 0x3f, 0xff, 0xf1, 0x00,
    0x00, 0x00, 0x00, 0x00, 0x00, 0x5f, 0xff, 0xd3,
    0x00, 0x00, 0x00, 0x00, 0x00, 0x00, 0x5f, 0xff,
    0xff, 0xfd, 0xa8, 0x52, 0x00, 0x00, 0x00, 0x5f,
    0xff, 0xff, 0xff, 0xff, 0xff, 0xd7, 0x00, 0x00,
    0x01, 0x46, 0x9c, 0xff, 0xff, 0xff, 0xff, 0xc0,
    0x00, 0x00, 0x00, 0x00, 0x01, 0x47, 0xcf, 0xff,
    0xf7, 0x00, 0x00, 0x00, 0x00, 0x00, 0x00, 0x0a,
    0xff, 0xfc, 0x00, 0x00, 0x00, 0x00, 0x00, 0x00,
    0x06, 0xff, 0xfe, 0x00, 0x00, 0x00, 0x00, 0x00,
    0x00, 0x05, 0xff, 0xfe, 0x00, 0x00, 0x00, 0x00,
    0x00, 0x00, 0x05, 0xff, 0xfe, 0x00, 0x00, 0x00,
    0x00, 0x00, 0x00, 0x05, 0xff, 0xfe, 0x00, 0x00,
    0x00, 0x00, 0x00, 0x2a, 0xff, 0xff, 0xfe, 0x00,
    0x00, 0x00, 0x00, 0x02, 0xef, 0xff, 0xff, 0xfe,
    0x00, 0x00, 0x00, 0x00, 0x09, 0xff, 0x74, 0x9f,
    0xfe, 0x00, 0x00, 0x00, 0x00, 0x0d, 0xfb, 0x00,
    0x0e, 0xfe, 0x00, 0x00, 0x00, 0x00, 0x0c, 0xfb,
    0x00, 0x0f, 0xfd, 0x00, 0x00, 0x00, 0x00, 0x09,
    0xff, 0x74, 0xaf, 0xf8, 0x00, 0x00, 0x00, 0x00,
    0x01, 0xef, 0xff, 0xff, 0xe1, 0x00, 0x00, 0x00,
    0x00, 0x00, 0x1a, 0xef, 0xe9, 0x10, 0x00,

    /* U+0E24 "ฤ" */
    0x00, 0x00, 0x01, 0x6a, 0xdf, 0xff, 0xec, 0x83,
    0x00, 0x00, 0x00, 0x00, 0x08, 0xff, 0xff, 0xff,
    0xff, 0xff, 0xfc, 0x20, 0x00, 0x00, 0x1d, 0xff,
    0xff, 0xff, 0xff, 0xff, 0xff, 0xff, 0x30, 0x00,
    0x0c, 0xff, 0xff, 0xd8, 0x54, 0x58, 0xdf, 0xff,
    0xfe, 0x10, 0x07, 0xff, 0xff, 0x70, 0x00, 0x00,
    0x00, 0x8f, 0xff, 0xf8, 0x00, 0xef, 0xff, 0x80,
    0x00, 0x00, 0x00, 0x00, 0xbf, 0xff, 0xe0, 0x2f,
    0xff, 0xf1, 0x00, 0x00, 0x00, 0x00, 0x04, 0xff,
    0xff, 0x14, 0xff, 0xff, 0xa3, 0x00, 0x00, 0x00,
    0x00, 0x0f, 0xff, 0xf3, 0x3e, 0xff, 0xff, 0xfd,
    0x71, 0x00, 0x00, 0x00, 0xff, 0xff, 0x40, 0x03,
    0x8d, 0xff, 0xff, 0xd0, 0x00, 0x00, 0x0f, 0xff,
    0xf5, 0x00, 0x00, 0x1a, 0xff, 0xfb, 0x00, 0x00,
    0x00, 0xff, 0xff, 0x50, 0x00, 0x6f, 0xff, 0xfd,
    0x50, 0x00, 0x00, 0x0f, 0xff, 0xf5, 0x00, 0x4f,
    0xff, 0xf5, 0x00, 0x00, 0x00, 0x00, 0xff, 0xff,
    0x50, 0x0c, 0xff, 0xf7, 0x00, 0x00, 0x00, 0x00,
    0x0f, 0xff, 0xf5, 0x00, 0xff, 0xff, 0x30, 0x00,
    0x00, 0x00, 0x00, 0xff, 0xff, 0x50, 0x1f, 0xff,
    0xf5, 0x20, 0x00, 0x00, 0x00, 0x0f, 0xff, 0xf5,
    0x02, 0xff, 0xff, 0xff, 0xe4, 0x00, 0x00, 0x00,
    0xff, 0xff, 0x50, 0x2f, 0xff, 0xff, 0xff, 0xf2,
    0x00, 0x00, 0x0f, 0xff, 0xf5, 0x01, 0xff, 0xe2,
    0x04, 0xff, 0x80, 0x00, 0x00, 0xff, 0xff, 0x50,
    0x0f, 0xfa, 0x00, 0x0e, 0xf9, 0x00, 0x00, 0x0f,
    0xff, 0xf5, 0x00, 0xcf, 0xf6, 0x48, 0xff, 0x70,
    0x00, 0x00, 0xff, 0xff, 0x50, 0x03, 0xff, 0xff,
    0xff, 0xd0, 0x00, 0x00, 0x0f, 0xff, 0xf5, 0x00,
    0x02, 0xae, 0xfe, 0x91, 0x00, 0x00, 0x00, 0xff,
    0xff, 0x50, 0x00, 0x00, 0x00, 0x00, 0x00, 0x00,
    0x00, 0x0f, 0xff, 0xf5, 0x00, 0x00, 0x00, 0x00,
    0x00, 0x00, 0x00, 0x00, 0xff, 0xff, 0x50, 0x00,
    0x00, 0x00, 0x00, 0x00, 0x00, 0x00, 0x0f, 0xff,
    0xf5, 0x00, 0x00, 0x00, 0x00, 0x00, 0x00, 0x00,
    0x00, 0xff, 0xff, 0x50, 0x00, 0x00, 0x00, 0x00,
    0x00, 0x00, 0x00, 0x0f, 0xff, 0xf5, 0x00, 0x00,
    0x00, 0x00, 0x00, 0x00, 0x00, 0x00, 0xff, 0xff,
    0x50, 0x00, 0x00, 0x00, 0x00, 0x00, 0x00, 0x00,
    0x0f, 0xff, 0xf5, 0x00, 0x00, 0x00, 0x00, 0x00,
    0x00, 0x00, 0x00, 0xff, 0xff, 0x50, 0x00, 0x00,
    0x00, 0x00, 0x00, 0x00, 0x00, 0x0f, 0xff, 0xf5,
    0x00, 0x00, 0x00, 0x00, 0x00, 0x00, 0x00, 0x00,
    0xff, 0xff, 0x50,

    /* U+0E25 "ล" */
    0x00, 0x15, 0x9b, 0xdf, 0xff, 0xec, 0x83, 0x00,
    0x00, 0x3b, 0xff, 0xff, 0xff, 0xff, 0xff, 0xff,
    0xb2, 0x00, 0x8f, 0xff, 0xff, 0xff, 0xff, 0xff,
    0xff, 0xfe, 0x20, 0x8f, 0xfe, 0xa6, 0x43, 0x45,
    0x8e, 0xff, 0xff, 0xd0, 0x68, 0x20, 0x00, 0x00,
    0x00, 0x00, 0xaf, 0xff, 0xf6, 0x00, 0x00, 0x00,
    0x00, 0x00, 0x00, 0x0d, 0xff, 0xfb, 0x00, 0x00,
    0x00, 0x00, 0x00, 0x00, 0x07, 0xff, 0xfe, 0x00,
    0x06, 0xbe, 0xfe, 0xb5, 0x00, 0x05, 0xff, 0xff,
    0x00, 0xcf, 0xff, 0xff, 0xff, 0xd2, 0x05, 0xff,
    0xff, 0x0a, 0xff, 0xff, 0xff, 0xff, 0xff, 0x45,
    0xff, 0xff, 0x2f, 0xff, 0xf8, 0x21, 0x4b, 0xff,
    0xf7, 0xff, 0xff, 0x7f, 0xff, 0xc0, 0x00, 0x00,
    0x6f, 0xff, 0xff, 0xff, 0xaf, 0xff, 0x70, 0x00,
    0x00, 0x06, 0xff, 0xff, 0xff, 0xbf, 0xff, 0x50,
    0x00, 0x00, 0x00, 0xbf, 0xff, 0xff, 0xbf, 0xff,
    0x50, 0x00, 0x00, 0x00, 0x3f, 0xff, 0xff, 0xbf,
    0xff, 0xff, 0xc4, 0x00, 0x00, 0x0d, 0xff, 0xff,
    0xbf, 0xff, 0xff, 0xff, 0x40, 0x00, 0x09, 0xff,
    0xff, 0xbf, 0xfb, 0x46, 0xef, 0xd0, 0x00, 0x06,
    0xff, 0xff, 0xbf, 0xf2, 0x00, 0x8f, 0xf0, 0x00,
    0x05, 0xff, 0xff, 0x9f, 0xf1, 0x00, 0x8f, 0xf0,
    0x00, 0x05, 0xff, 0xff, 0x4f, 0xfb, 0x45, 0xef,
    0xd0, 0x00, 0x05, 0xff, 0xff, 0x0a, 0xff, 0xff,
    0xff, 0x40, 0x00, 0x05, 0xff, 0xff, 0x00, 0x7d,
    0xff, 0xb3, 0x00, 0x00, 0x05, 0xff, 0xff,

    /* U+0E27 "ว" */
    0x00, 0x05, 0x9c, 0xef, 0xfe, 0xc8, 0x20, 0x00,
    0x02, 0xaf, 0xff, 0xff, 0xff, 0xff, 0xff, 0x90,
    0x00, 0x6f, 0xff, 0xff, 0xff, 0xff, 0xff, 0xff,
    0xa0, 0x06, 0xff, 0xea, 0x65, 0x46, 0xaf, 0xff,
    0xff, 0x40, 0x6c, 0x50, 0x00, 0x00, 0x00, 0x4f,
    0xff, 0xfb, 0x00, 0x00, 0x00, 0x00, 0x00, 0x00,
    0xaf, 0xff, 0xf0, 0x00, 0x00, 0x00, 0x00, 0x00,
    0x04, 0xff, 0xff, 0x10, 0x00, 0x00, 0x00, 0x00,
    0x00, 0x2f, 0xff, 0xf1, 0x00, 0x00, 0x00, 0x00,
    0x00, 0x02, 0xff, 0xff, 0x20, 0x00, 0x00, 0x00,
    0x00, 0x00, 0x2f, 0xff, 0xf2, 0x00, 0x00, 0x00,
    0x00, 0x00, 0x02, 0xff, 0xff, 0x20, 0x00, 0x00,
    0x00, 0x00, 0x00, 0x2f, 0xff, 0xf2, 0x00, 0x00,
    0x00, 0x00, 0x00, 0x02, 0xff, 0xff, 0x20, 0x00,
    0x00, 0x00, 0x00, 0x00, 0x2f, 0xff, 0xf2, 0x00,
    0x00, 0x00, 0x00, 0x00, 0x02, 0xff, 0xff, 0x20,
    0x00, 0x00, 0x00, 0x00, 0x9e, 0xff, 0xff, 0xf2,
    0x00, 0x00, 0x00, 0x00, 0xcf, 0xff, 0xff, 0xff,
    0x20, 0x00, 0x00, 0x00, 0x5f, 0xfa, 0x47, 0xff,
    0xf2, 0x00, 0x00, 0x00, 0x09, 0xfe, 0x00, 0x0b,
    0xff, 0x10, 0x00, 0x00, 0x00, 0x8f, 0xf0, 0x00,
    0xbf, 0xf0, 0x00, 0x00, 0x00, 0x05, 0xff, 0xa4,
    0x7f, 0xfc, 0x00, 0x00, 0x00, 0x00, 0x0c, 0xff,
    0xff, 0xff, 0x40, 0x00, 0x00, 0x00, 0x00, 0x08,
    0xdf, 0xfb, 0x30, 0x00,

    /* U+0E28 "ศ" */
    0x00, 0x00, 0x00, 0x00, 0x00, 0x00, 0x00, 0x00,
    0x00, 0x0a, 0xbb, 0xb1, 0x00, 0x00, 0x01, 0x7b,
    0xef, 0xff, 0xda, 0x50, 0x00, 0x3f, 0xff, 0xe0,
    0x00, 0x00, 0x9f, 0xff, 0xff, 0xff, 0xff, 0xfe,
    0x50, 0xcf, 0xff, 0x80, 0x00, 0x1d, 0xff, 0xff,
    0xff, 0xff, 0xff, 0xff, 0xfc, 0xff, 0xfc, 0x00,
    0x00, 0xdf, 0xff, 0xfd, 0x85, 0x45, 0x8e, 0xff,
    0xff, 0xff, 0xd1, 0x00, 0x08, 0xff, 0xff, 0x60,
    0x00, 0x00, 0x00, 0x9f, 0xff, 0xfb, 0x10, 0x00,
    0x0f, 0xff, 0xf6, 0x00, 0x00, 0x00, 0x00, 0x0a,
    0xff, 0xfb, 0x00, 0x00, 0x5f, 0xff, 0xd0, 0x00,
    0x00, 0x00, 0x00, 0x02, 0xff, 0xff, 0x20, 0x00,
    0x8f, 0xff, 0x70, 0x00, 0x00, 0x00, 0x00, 0x00,
    0xef, 0xff, 0x50, 0x00, 0xaf, 0xff, 0x50, 0x00,
    0x6d, 0xff, 0xb3, 0x00, 0xcf, 0xff, 0x70, 0x00,
    0xaf, 0xff, 0x40, 0x0b, 0xff, 0xff, 0xff, 0x30,
    0xcf, 0xff, 0x70, 0x00, 0xaf, 0xff, 0x40, 0xaf,
    0xfb, 0x35, 0xff, 0xa0, 0xcf, 0xff, 0x70, 0x00,
    0x9f, 0xff, 0x53, 0xff, 0xf2, 0x00, 0x9f, 0xe0,
    0xcf, 0xff, 0x70, 0x00, 0x7f, 0xff, 0x6b, 0xff,
    0xf2, 0x00, 0x8f, 0xe0, 0xcf, 0xff, 0x70, 0x00,
    0x4f, 0xff, 0x9f, 0xff, 0xfb, 0x34, 0xef, 0xa0,
    0xcf, 0xff, 0x70, 0x00, 0x1f, 0xff, 0xdf, 0xf7,
    0xff, 0xff, 0xff, 0x30, 0xcf, 0xff, 0x70, 0x00,
    0x0e, 0xff, 0xff, 0xb0, 0x4c, 0xff, 0xb3, 0x00,
    0xcf, 0xff, 0x70, 0x00, 0x0b, 0xff, 0xff, 0x50,
    0x00, 0x00, 0x00, 0x00, 0xcf, 0xff, 0x70, 0x00,
    0x08, 0xff, 0xff, 0x10, 0x00, 0x00, 0x00, 0x00,
    0xcf, 0xff, 0x70, 0x00, 0x06, 0xff, 0xfe, 0x00,
    0x00, 0x00, 0x00, 0x00, 0xcf, 0xff, 0x70, 0x00,
    0x05, 0xff, 0xfc, 0x00, 0x00, 0x00, 0x00, 0x00,
    0xcf, 0xff, 0x70, 0x00, 0x05, 0xff, 0xfc, 0x00,
    0x00, 0x00, 0x00, 0x00, 0xcf, 0xff, 0x70, 0x00,
    0x05, 0xff, 0xfc, 0x00, 0x00, 0x00, 0x00, 0x00,
    0xcf, 0xff, 0x70, 0x00, 0x05, 0xff, 0xfc, 0x00,
    0x00, 0x00, 0x00, 0x00, 0xcf, 0xff, 0x70, 0x00,

    /* U+0E29 "ษ" */
    0x01, 0x9e, 0xfe, 0xa2, 0x00, 0x00, 0x00, 0x00,
    0x00, 0x9f, 0xff, 0x90, 0x00, 0x1e, 0xff, 0xff,
    0xfe, 0x20, 0x00, 0x00, 0x00, 0x00, 0x9f, 0xff,
    0x90, 0x00, 0x8f, 0xfa, 0x6b, 0xff, 0xa0, 0x00,
    0x00, 0x00, 0x00, 0x9f, 0xff, 0x90, 0x00, 0xcf,
    0xd0, 0x00, 0xef, 0xe0, 0x00, 0x00, 0x00, 0x00,
    0x9f, 0xff, 0x90, 0x00, 0xdf, 0xc0, 0x00, 0xdf,
    0xe0, 0x00, 0x00, 0x00, 0x00, 0x9f, 0xff, 0x90,
    0x00, 0xaf, 0xf4, 0x05, 0xff, 0xe0, 0x00, 0x00,
    0x00, 0x00, 0x9f, 0xff, 0x90, 0x00, 0x3f, 0xff,
    0xff, 0xff, 0xe0, 0x00, 0x24, 0x20, 0x00, 0x9f,
    0xff, 0x90, 0x00, 0x05, 0xff, 0xff, 0xff, 0xe0,
    0x3d, 0xff, 0xfd, 0x40, 0x9f, 0xff, 0x90, 0x03,
    0x00, 0x04, 0x9f, 0xff, 0xe1, 0xff, 0xff, 0xff,
    0xf2, 0x9f, 0xff, 0x91, 0xc9, 0x00, 0x00, 0x5f,
    0xff, 0xe7, 0xff, 0x30, 0x4f, 0xf7, 0x9f, 0xff,
    0xdf, 0xf9, 0x00, 0x00, 0x5f, 0xff, 0xe8, 0xfc,
    0x00, 0x0c, 0xf8, 0x9f, 0xff, 0xff, 0xf9, 0x00,
    0x00, 0x5f, 0xff, 0xe6, 0xff, 0x30, 0x4f, 0xf8,
    0xcf, 0xff, 0xff, 0xa1, 0x00, 0x00, 0x5f, 0xff,
    0xe0, 0xdf, 0xff, 0xff, 0xff, 0xff, 0xff, 0xc3,
    0x00, 0x00, 0x00, 0x5f, 0xff, 0xe0, 0x19, 0xff,
    0xff, 0xff, 0xff, 0xff, 0x90, 0x00, 0x00, 0x00,
    0x5f, 0xff, 0xe0, 0x00, 0x04, 0x56, 0x52, 0x9f,
    0xff, 0x90, 0x00, 0x00, 0x00, 0x5f, 0xff, 0xe0,
    0x00, 0x00, 0x00, 0x00, 0x9f, 0xff, 0x90, 0x00,
    0x00, 0x00, 0x5f, 0xff, 0xe0, 0x00, 0x00, 0x00,
    0x00, 0x9f, 0xff, 0x90, 0x00, 0x00, 0x00, 0x5f,
    0xff, 0xe0, 0x00, 0x00, 0x00, 0x00, 0x9f, 0xff,
    0x90, 0x00, 0x00, 0x00, 0x5f, 0xff, 0xe0, 0x00,
    0x00, 0x00, 0x00, 0xaf, 0xff, 0x80, 0x00, 0x00,
    0x00, 0x5f, 0xff, 0xe2, 0x22, 0x22, 0x22, 0x25,
    0xff, 0xff, 0x80, 0x00, 0x00, 0x6c, 0xff, 0xff,
    0xff, 0xff, 0xff, 0xff, 0xff, 0xff, 0xff, 0x40,
    0x00, 0x00, 0xbf, 0xff, 0xff, 0xff, 0xff, 0xff,
    0xff, 0xff, 0xff, 0xfc, 0x00, 0x00, 0x00, 0xbf,
    0xff, 0xff, 0xff, 0xff, 0xff, 0xff, 0xff, 0xfe,
    0x90, 0x00, 0x00,

    /* U+0E2A "ส" */
    0x00, 0x00, 0x00, 0x00, 0x00, 0x00, 0x00, 0x00,
    0x2b, 0xbb, 0x90, 0x01, 0x59, 0xbd, 0xff, 0xfd,
    0xa5, 0x00, 0x07, 0xff, 0xfa, 0x3b, 0xff, 0xff,
    0xff, 0xff, 0xff, 0xfd, 0x31, 0xef, 0xff, 0x28,
    0xff, 0xff, 0xff, 0xff, 0xff, 0xff, 0xff, 0xdf,
    0xff, 0x60, 0x8f, 0xfe, 0xa6, 0x43, 0x45, 0x8e,
    0xff, 0xff, 0xff, 0x60, 0x06, 0x82, 0x00, 0x00,
    0x00, 0x00, 0x0a, 0xff, 0xff, 0x30, 0x00, 0x00,
    0x00, 0x00, 0x00, 0x00, 0x00, 0x0d, 0xff, 0xf6,
    0x00, 0x00, 0x00, 0x00, 0x00, 0x00, 0x00, 0x00,
    0x7f, 0xff, 0xc0, 0x00, 0x00, 0x06, 0xbe, 0xfe,
    0xb5, 0x00, 0x05, 0xff, 0xfe, 0x00, 0x00, 0x0c,
    0xff, 0xff, 0xff, 0xfd, 0x20, 0x5f, 0xff, 0xf0,
    0x00, 0x0a, 0xff, 0xff, 0xff, 0xff, 0xff, 0x45,
    0xff, 0xff, 0x00, 0x02, 0xff, 0xff, 0x82, 0x14,
    0xbf, 0xff, 0x7f, 0xff, 0xf0, 0x00, 0x7f, 0xff,
    0xc0, 0x00, 0x00, 0x6f, 0xff, 0xff, 0xff, 0x00,
    0x0a, 0xff, 0xf7, 0x00, 0x00, 0x00, 0x6f, 0xff,
    0xff, 0xf0, 0x00, 0xbf, 0xff, 0x50, 0x00, 0x00,
    0x00, 0xbf, 0xff, 0xff, 0x00, 0x0b, 0xff, 0xf5,
    0x00, 0x00, 0x00, 0x03, 0xff, 0xff, 0xf0, 0x00,
    0xbf, 0xff, 0xff, 0xc4, 0x00, 0x00, 0x0d, 0xff,
    0xff, 0x00, 0x0b, 0xff, 0xff, 0xff, 0xf4, 0x00,
    0x00, 0x9f, 0xff, 0xf0, 0x00, 0xbf, 0xfb, 0x46,
    0xef, 0xd0, 0x00, 0x06, 0xff, 0xff, 0x00, 0x0b,
    0xff, 0x20, 0x08, 0xff, 0x00, 0x00, 0x5f, 0xff,
    0xf0, 0x00, 0x9f, 0xf1, 0x00, 0x8f, 0xf0, 0x00,
    0x05, 0xff, 0xff, 0x00, 0x04, 0xff, 0xb4, 0x5e,
    0xfd, 0x00, 0x00, 0x5f, 0xff, 0xf0, 0x00, 0x0a,
    0xff, 0xff, 0xff, 0x40, 0x00, 0x05, 0xff, 0xff,
    0x00, 0x00, 0x07, 0xdf, 0xfb, 0x30, 0x00, 0x00,
    0x5f, 0xff, 0xf0, 0x00,

    /* U+0E2B "ห" */
    0x00, 0x4c, 0xff, 0xd7, 0x00, 0x00, 0x00, 0x00,
    0x6d, 0xff, 0xc5, 0x00, 0x06, 0xff, 0xff, 0xff,
    0xa0, 0x00, 0x00, 0x09, 0xff, 0xff, 0xff, 0x60,
    0x0f, 0xfe, 0x77, 0xef, 0xf3, 0x00, 0x00, 0x1f,
    0xfe, 0x67, 0xef, 0xf0, 0x3f, 0xf5, 0x00, 0x6f,
    0xf7, 0x00, 0x00, 0x5f, 0xf5, 0x00, 0x6f, 0xf3,
    0x4f, 0xf4, 0x00, 0x5f, 0xf7, 0x00, 0x00, 0x5f,
    0xf3, 0x00, 0x5f, 0xf3, 0x1f, 0xfb, 0x11, 0xbf,
    0xf7, 0x00, 0x00, 0x1f, 0xfb, 0x11, 0xcf, 0xf0,
    0x0a, 0xff, 0xff, 0xff, 0xf7, 0x00, 0x00, 0x4e,
    0xff, 0xff, 0xff, 0x60, 0x00, 0xbf, 0xff, 0xff,
    0xf7, 0x00, 0x0a, 0xff, 0xff, 0xff, 0xfb, 0x00,
    0x00, 0x02, 0x5d, 0xff, 0xf7, 0x00, 0xcf, 0xff,
    0xff, 0xff, 0xff, 0x50, 0x00, 0x00, 0x0d, 0xff,
    0xf7, 0x0b, 0xff, 0xe5, 0x02, 0xdf, 0xff, 0xb0,
    0x00, 0x00, 0x0d, 0xff, 0xf7, 0x5f, 0xfd, 0x10,
    0x00, 0x7f, 0xff, 0xe0, 0x00, 0x00, 0x0d, 0xff,
    0xf6, 0xef, 0xe1, 0x00, 0x00, 0x5f, 0xff, 0xe0,
    0x00, 0x00, 0x0d, 0xff, 0xfa, 0xff, 0x30, 0x00,
    0x00, 0x5f, 0xff, 0xe0, 0x00, 0x00, 0x0d, 0xff,
    0xff, 0xf9, 0x00, 0x00, 0x00, 0x5f, 0xff, 0xe0,
    0x00, 0x00, 0x0d, 0xff, 0xff, 0xf1, 0x00, 0x00,
    0x00, 0x5f, 0xff, 0xe0, 0x00, 0x00, 0x0d, 0xff,
    0xff, 0x80, 0x00, 0x00, 0x00, 0x5f, 0xff, 0xe0,
    0x00, 0x00, 0x0d, 0xff, 0xff, 0x20, 0x00, 0x00,
    0x00, 0x5f, 0xff, 0xe0, 0x00, 0x00, 0x0d, 0xff,
    0xfe, 0x00, 0x00, 0x00, 0x00, 0x5f, 0xff, 0xe0,
    0x00, 0x00, 0x0d, 0xff, 0xfa, 0x00, 0x00, 0x00,
    0x00, 0x5f, 0xff, 0xe0, 0x00, 0x00, 0x0d, 0xff,
    0xf8, 0x00, 0x00, 0x00, 0x00, 0x5f, 0xff, 0xe0,
    0x00, 0x00, 0x0d, 0xff, 0xf7, 0x00, 0x00, 0x00,
    0x00, 0x5f, 0xff, 0xe0, 0x00, 0x00, 0x0d, 0xff,
    0xf7, 0x00, 0x00, 0x00, 0x00, 0x5f, 0xff, 0xe0,
    0x00, 0x00, 0x0d, 0xff, 0xf7, 0x00, 0x00, 0x00,
    0x00, 0x5f, 0xff, 0xe0,

    /* U+0E2C "ฬ" */
    0x00, 0x00, 0x00, 0x00, 0x00, 0x00, 0x00, 0x00,
    0x00, 0x00, 0x00, 0x0f, 0xff, 0xb0, 0x00, 0x00,
    0x00, 0x00, 0x00, 0x00, 0x01, 0x46, 0x64, 0x00,
    0x01, 0xff, 0xf8, 0x00, 0x00, 0x00, 0x00, 0x00,
    0x00, 0x09, 0xff, 0xff, 0xff, 0x91, 0x4f, 0xff,
    0x40, 0x00, 0x00, 0x00, 0x00, 0x00, 0x0c, 0xff,
    0xff, 0xff, 0xff, 0xeb, 0xff, 0xe0, 0x00, 0x00,
    0x00, 0x00, 0x00, 0x06, 0xff, 0xe4, 0x00, 0x4d,
    0xff, 0xff, 0xf8, 0x00, 0x00, 0x00, 0x00, 0x00,
    0x00, 0xaf, 0xf5, 0x00, 0x00, 0x0d, 0xff, 0xfd,
    0x00, 0x00, 0x00, 0x00, 0x00, 0x00, 0x0a, 0xff,
    0x50, 0x00, 0x00, 0xaf, 0xff, 0x60, 0x00, 0x00,
    0x00, 0x00, 0x00, 0x00, 0x7f, 0xfe, 0x40, 0x04,
    0xcf, 0xff, 0xfc, 0x00, 0x00, 0x4c, 0xff, 0xd7,
    0x00, 0x00, 0xdf, 0xff, 0xff, 0xff, 0xff, 0xff,
    0xf0, 0x00, 0x6f, 0xff, 0xff, 0xfa, 0x00, 0x01,
    0xaf, 0xff, 0xff, 0xe9, 0xff, 0xff, 0x10, 0x0f,
    0xff, 0x88, 0xff, 0xf3, 0x00, 0x00, 0x15, 0x76,
    0x40, 0x0f, 0xff, 0xf2, 0x03, 0xff, 0x60, 0x06,
    0xff, 0x70, 0x00, 0x00, 0x00, 0x00, 0x00, 0xff,
    0xff, 0x20, 0x4f, 0xf4, 0x00, 0x5f, 0xf7, 0x00,
    0x00, 0x00, 0x00, 0x00, 0x0f, 0xff, 0xf2, 0x01,
    0xff, 0xb1, 0x1b, 0xff, 0x70, 0x00, 0x2d, 0xd8,
    0x00, 0x00, 0xff, 0xff, 0x20, 0x0a, 0xff, 0xff,
    0xff, 0xf7, 0x00, 0x07, 0xff, 0xe0, 0x00, 0x0f,
    0xff, 0xf2, 0x00, 0x0b, 0xff, 0xff, 0xff, 0x70,
    0x00, 0xdf, 0xff, 0x40, 0x00, 0xff, 0xff, 0x20,
    0x00, 0x02, 0x5d, 0xff, 0xf7, 0x00, 0x2f, 0xff,
    0xf9, 0x00, 0x0f, 0xff, 0xf2, 0x00, 0x00, 0x00,
    0xcf, 0xff, 0x70, 0x07, 0xff, 0xbf, 0xe0, 0x00,
    0xff, 0xff, 0x20, 0x00, 0x00, 0x0c, 0xff, 0xf7,
    0x00, 0xcf, 0xc5, 0xff, 0x30, 0x0f, 0xff, 0xf2,
    0x00, 0x00, 0x00, 0xcf, 0xff, 0x70, 0x2f, 0xf7,
    0x1f, 0xf9, 0x00, 0xff, 0xff, 0x20, 0x00, 0x00,
    0x0c, 0xff, 0xf7, 0x07, 0xff, 0x20, 0xcf, 0xe0,
    0x0f, 0xff, 0xf2, 0x00, 0x00, 0x00, 0xcf, 0xff,
    0x70, 0xcf, 0xd0, 0x07, 0xff, 0x30, 0xff, 0xff,
    0x20, 0x00, 0x00, 0x0c, 0xff, 0xf7, 0x1f, 0xf7,
    0x00, 0x2f, 0xf9, 0x0f, 0xff, 0xf2, 0x00, 0x00,
    0x00, 0xcf, 0xff, 0x77, 0xff, 0x20, 0x00, 0xcf,
    0xe0, 0xff, 0xff, 0x20, 0x00, 0x00, 0x0c, 0xff,
    0xf6, 0xcf, 0xc0, 0x00, 0x07, 0xff, 0x3f, 0xff,
    0xf2, 0x00, 0x00, 0x00, 0xcf, 0xff, 0x7f, 0xf6,
    0x00, 0x00, 0x1f, 0xf8, 0xef, 0xff, 0x20, 0x00,
    0x00, 0x0c, 0xff, 0xfb, 0xff, 0x10, 0x00, 0x00,
    0xcf, 0xed, 0xff, 0xf2, 0x00, 0x00, 0x00, 0xcf,
    0xff, 0xff, 0xa0, 0x00, 0x00, 0x06, 0xff, 0xff,
    0xff, 0x20, 0x00, 0x00, 0x0c, 0xff, 0xff, 0xf4,
    0x00, 0x00, 0x00, 0x1f, 0xff, 0xff, 0xf2, 0x00,
    0x00, 0x00, 0xcf, 0xff, 0xfe, 0x00, 0x00, 0x00,
    0x00, 0xbf, 0xff, 0xff, 0x20, 0x00, 0x00, 0x0c,
    0xff, 0xff, 0x80, 0x00, 0x00, 0x00, 0x06, 0xff,
    0xff, 0xf2, 0x00,

    /* U+0E2D "อ" */
    0x00, 0x04, 0x7b, 0xdf, 0xff, 0xed, 0xa5, 0x00,
    0x00, 0x01, 0x9f, 0xff, 0xff, 0xff, 0xff, 0xff,
    0xff, 0x60, 0x00, 0x3f, 0xff, 0xff, 0xff, 0xff,
    0xff, 0xff, 0xff, 0x90, 0x03, 0xff, 0xfc, 0x85,
    0x43, 0x46, 0xaf, 0xff, 0xff, 0x60, 0x3c, 0x61,
    0x00, 0x00, 0x00, 0x00, 0x2e, 0xff, 0xfe, 0x00,
    0x00, 0x00, 0x00, 0x00, 0x00, 0x00, 0x5f, 0xff,
    0xf3, 0x00, 0x00, 0x00, 0x00, 0x00, 0x00, 0x00,
    0xff, 0xff, 0x50, 0x01, 0x9e, 0xfe, 0x91, 0x00,
    0x00, 0x0d, 0xff, 0xf6, 0x01, 0xef, 0xff, 0xff,
    0xe1, 0x00, 0x00, 0xcf, 0xff, 0x70, 0x8f, 0xf9,
    0x48, 0xff, 0x80, 0x00, 0x0c, 0xff, 0xf7, 0x0c,
    0xfe, 0x00, 0x0c, 0xfb, 0x00, 0x00, 0xcf, 0xff,
    0x70, 0xdf, 0xe0, 0x00, 0xcf, 0xb0, 0x00, 0x0c,
    0xff, 0xf7, 0x0e, 0xff, 0x94, 0x8f, 0xf8, 0x00,
    0x00, 0xcf, 0xff, 0x70, 0xef, 0xff, 0xff, 0xfe,
    0x10, 0x00, 0x0c, 0xff, 0xf7, 0x0e, 0xff, 0xff,
    0xfa, 0x20, 0x00, 0x00, 0xcf, 0xff, 0x70, 0xef,
    0xff, 0x20, 0x00, 0x00, 0x00, 0x0c, 0xff, 0xf7,
    0x0e, 0xff, 0xf2, 0x00, 0x00, 0x00, 0x00, 0xcf,
    0xff, 0x70, 0xef, 0xff, 0x20, 0x00, 0x00, 0x00,
    0x0c, 0xff, 0xf7, 0x0e, 0xff, 0xf3, 0x00, 0x00,
    0x00, 0x00, 0xdf, 0xff, 0x70, 0xdf, 0xff, 0xa2,
    0x11, 0x11, 0x11, 0x6f, 0xff, 0xf6, 0x0a, 0xff,
    0xff, 0xff, 0xff, 0xff, 0xff, 0xff, 0xff, 0x20,
    0x3f, 0xff, 0xff, 0xff, 0xff, 0xff, 0xff, 0xff,
    0xa0, 0x00, 0x3b, 0xff, 0xff, 0xff, 0xff, 0xff,
    0xfd, 0x80, 0x00,

    /* U+0E30 "ะ" */
    0x00, 0x01, 0x33, 0x10, 0x00, 0x00, 0x00, 0x00,
    0x00, 0x9f, 0xff, 0xf9, 0x00, 0x00, 0x00, 0x23,
    0x08, 0xff, 0xff, 0xff, 0xa0, 0x00, 0x02, 0xe5,
    0x0f, 0xfa, 0x10, 0xaf, 0xf1, 0x00, 0x5f, 0xf5,
    0x1f, 0xf5, 0x00, 0x4f, 0xf2, 0x1a, 0xff, 0xf5,
    0x0f, 0xfb, 0x10, 0xaf, 0xf9, 0xff, 0xff, 0xb0,
    0x09, 0xff, 0xff, 0xff, 0xff, 0xff, 0xe6, 0x00,
    0x00, 0xaf, 0xff, 0xff, 0xff, 0xe7, 0x10, 0x00,
    0x00, 0x02, 0x79, 0xa9, 0x63, 0x00, 0x00, 0x00,
    0x00, 0x00, 0x00, 0x00, 0x00, 0x00, 0x00, 0x00,
    0x00, 0x00, 0x00, 0x00, 0x00, 0x00, 0x00, 0x00,
    0x00, 0x00, 0x00, 0x00, 0x00, 0x00, 0x00, 0x00,
    0x00, 0x00, 0x33, 0x10, 0x00, 0x00, 0x00, 0x00,
    0x00, 0x8f, 0xff, 0xf9, 0x00, 0x00, 0x00, 0x23,
    0x07, 0xff, 0xff, 0xff, 0x90, 0x00, 0x01, 0xd5,
    0x0e, 0xfb, 0x11, 0xbf, 0xf0, 0x00, 0x2d, 0xf5,
    0x1f, 0xf5, 0x00, 0x4f, 0xf2, 0x06, 0xff, 0xf5,
    0x0f, 0xf7, 0x00, 0x7f, 0xf4, 0xcf, 0xff, 0xe2,
    0x0b, 0xff, 0xbb, 0xff, 0xff, 0xff, 0xfb, 0x10,
    0x02, 0xef, 0xff, 0xff, 0xff, 0xfd, 0x50, 0x00,
    0x00, 0x17, 0xcf, 0xfe, 0xc8, 0x30, 0x00, 0x00,

    /* U+0E31 "ั" */
    0x00, 0x02, 0x42, 0x00, 0x00, 0x00, 0x00, 0x00,
    0x03, 0xdf, 0xff, 0xd3, 0x00, 0x00, 0x00, 0x04,
    0x1f, 0xff, 0xff, 0xfe, 0x10, 0x00, 0x00, 0x3e,
    0x7f, 0xf4, 0x05, 0xff, 0x70, 0x00, 0x04, 0xfe,
    0xaf, 0xc0, 0x00, 0xef, 0x80, 0x00, 0x8f, 0xfe,
    0x9f, 0xe0, 0x01, 0xff, 0x60, 0x6d, 0xff, 0xf9,
    0x4f, 0xfc, 0x9d, 0xff, 0xcf, 0xff, 0xfe, 0x50,
    0x09, 0xff, 0xff, 0xff, 0xff, 0xfe, 0x70, 0x00,
    0x00, 0x4a, 0xef, 0xfe, 0xc8, 0x40, 0x00, 0x00,

    /* U+0E32 "า" */
    0x00, 0x16, 0xbe, 0xff, 0xd9, 0x30, 0x00, 0x08,
    0xff, 0xff, 0xff, 0xff, 0xf8, 0x00, 0xbf, 0xff,
    0xff, 0xff, 0xff, 0xff, 0x70, 0x4f, 0xff, 0xa6,
    0x58, 0xff, 0xff, 0xf1, 0x0a, 0xb1, 0x00, 0x00,
    0x3f, 0xff, 0xf6, 0x00, 0x00, 0x00, 0x00, 0x0c,
    0xff, 0xf9, 0x00, 0x00, 0x00, 0x00, 0x09, 0xff,
    0xfb, 0x00, 0x00, 0x00, 0x00, 0x09, 0xff, 0xfb,
    0x00, 0x00, 0x00, 0x00, 0x09, 0xff, 0xfb, 0x00,
    0x00, 0x00, 0x00, 0x09, 0xff, 0xfb, 0x00, 0x00,
    0x00, 0x00, 0x09, 0xff, 0xfb, 0x00, 0x00, 0x00,
    0x00, 0x09, 0xff, 0xfb, 0x00, 0x00, 0x00, 0x00,
    0x09, 0xff, 0xfb, 0x00, 0x00, 0x00, 0x00, 0x09,
    0xff, 0xfb, 0x00, 0x00, 0x00, 0x00, 0x09, 0xff,
    0xfb, 0x00, 0x00, 0x00, 0x00, 0x09, 0xff, 0xfb,
    0x00, 0x00, 0x00, 0x00, 0x09, 0xff, 0xfb, 0x00,
    0x00, 0x00, 0x00, 0x09, 0xff, 0xfb, 0x00, 0x00,
    0x00, 0x00, 0x09, 0xff, 0xfb, 0x00, 0x00, 0x00,
    0x00, 0x09, 0xff, 0xfb, 0x00, 0x00, 0x00, 0x00,
    0x09, 0xff, 0xfb, 0x00, 0x00, 0x00, 0x00, 0x09,
    0xff, 0xfb, 0x00, 0x00, 0x00, 0x00, 0x09, 0xff,
    0xfb,

    /* U+0E33 "ำ" */
    0x00, 0x2a, 0xef, 0xe9, 0x10, 0x00, 0x00, 0x00,
    0x00, 0x00, 0x00, 0x00, 0x00, 0x2f, 0xff, 0xff,
    0xfe, 0x10, 0x00, 0x00, 0x00, 0x00, 0x00, 0x00,
    0x00, 0x0b, 0xff, 0x85, 0xaf, 0xf9, 0x00, 0x00,
    0x00, 0x00, 0x00, 0x00, 0x00, 0x00, 0xff, 0xa0,
    0x00, 0xcf, 0xf0, 0x00, 0x00, 0x00, 0x00, 0x00,
    0x00, 0x00, 0x2f, 0xf6, 0x00, 0x09, 0xff, 0x00,
    0x00, 0x00, 0x00, 0x00, 0x00, 0x00, 0x01, 0xff,
    0x90, 0x00, 0xcf, 0xf0, 0x00, 0x00, 0x00, 0x00,
    0x00, 0x00, 0x00, 0x0c, 0xff, 0x85, 0xaf, 0xfa,
    0x00, 0x00, 0x00, 0x00, 0x00, 0x00, 0x00, 0x00,
    0x2f, 0xff, 0xff, 0xfe, 0x10, 0x00, 0x00, 0x00,
    0x00, 0x00, 0x00, 0x00, 0x00, 0x2a, 0xef, 0xe9,
    0x10, 0x00, 0x00, 0x00, 0x00, 0x00, 0x00, 0x00,
    0x00, 0x00, 0x00, 0x00, 0x00, 0x00, 0x00, 0x00,
    0x00, 0x00, 0x00, 0x00, 0x00, 0x00, 0x00, 0x00,
    0x00, 0x00, 0x00, 0x00, 0x00, 0x00, 0x00, 0x00,
    0x00, 0x00, 0x00, 0x00, 0x00, 0x00, 0x00, 0x00,
    0x16, 0xbe, 0xff, 0xd9, 0x30, 0x00, 0x00, 0x00,
    0x00, 0x00, 0x00, 0x00, 0x8f, 0xff, 0xff, 0xff,
    0xff, 0x80, 0x00, 0x00, 0x00, 0x00, 0x00, 0x00,
    0xbf, 0xff, 0xff, 0xff, 0xff, 0xff, 0x70, 0x00,
    0x00, 0x00, 0x00, 0x00, 0x04, 0xff, 0xfa, 0x65,
    0x8f, 0xff, 0xff, 0x10, 0x00, 0x00, 0x00, 0x00,
    0x00, 0x0a, 0xb1, 0x00, 0x00, 0x3f, 0xff, 0xf6,
    0x00, 0x00, 0x00, 0x00, 0x00, 0x00, 0x00, 0x00,
    0x00, 0x00, 0xcf, 0xff, 0x90, 0x00, 0x00, 0x00,
    0x00, 0x00, 0x00, 0x00, 0x00, 0x00, 0x09, 0xff,
    0xfb, 0x00, 0x00, 0x00, 0x00, 0x00, 0x00, 0x00,
    0x00, 0x00, 0x00, 0x9f, 0xff, 0xb0, 0x00, 0x00,
    0x00, 0x00, 0x00, 0x00, 0x00, 0x00, 0x00, 0x09,
    0xff, 0xfb, 0x00, 0x00, 0x00, 0x00, 0x00, 0x00,
    0x00, 0x00, 0x00, 0x00, 0x9f, 0xff, 0xb0, 0x00,
    0x00, 0x00, 0x00, 0x00, 0x00, 0x00, 0x00, 0x00,
    0x09, 0xff, 0xfb, 0x00, 0x00, 0x00, 0x00, 0x00,
    0x00, 0x00, 0x00, 0x00, 0x00, 0x9f, 0xff, 0xb0,
    0x00, 0x00, 0x00, 0x00, 0x00, 0x00, 0x00, 0x00,
    0x00, 0x09, 0xff, 0xfb, 0x00, 0x00, 0x00, 0x00,
    0x00, 0x00, 0x00, 0x00, 0x00, 0x00, 0x9f, 0xff,
    0xb0, 0x00, 0x00, 0x00, 0x00, 0x00, 0x00, 0x00,
    0x00, 0x00, 0x09, 0xff, 0xfb, 0x00, 0x00, 0x00,
    0x00, 0x00, 0x00, 0x00, 0x00, 0x00, 0x00, 0x9f,
    0xff, 0xb0, 0x00, 0x00, 0x00, 0x00, 0x00, 0x00,
    0x00, 0x00, 0x00, 0x09, 0xff, 0xfb, 0x00, 0x00,
    0x00, 0x00, 0x00, 0x00, 0x00, 0x00, 0x00, 0x00,
    0x9f, 0xff, 0xb0, 0x00, 0x00, 0x00, 0x00, 0x00,
    0x00, 0x00, 0x00, 0x00, 0x09, 0xff, 0xfb, 0x00,
    0x00, 0x00, 0x00, 0x00, 0x00, 0x00, 0x00, 0x00,
    0x00, 0x9f, 0xff, 0xb0, 0x00, 0x00, 0x00, 0x00,
    0x00, 0x00, 0x00, 0x00, 0x00, 0x09, 0xff, 0xfb,
    0x00, 0x00, 0x00, 0x00, 0x00, 0x00, 0x00, 0x00,
    0x00, 0x00, 0x9f, 0xff, 0xb0, 0x00, 0x00, 0x00,
    0x00, 0x00, 0x00, 0x00, 0x00, 0x00, 0x09, 0xff,
    0xfb,

    /* U+0E34 "ิ" */
    0x00, 0x00, 0x00, 0x36, 0x88, 0x86, 0x40, 0x00,
    0x00, 0x00, 0x00, 0x18, 0xef, 0xff, 0xff, 0xff,
    0xf9, 0x10, 0x00, 0x00, 0x3e, 0xff, 0xff, 0xff,
    0xff, 0xff, 0xfe, 0x40, 0x00, 0x3f, 0xff, 0xe7,
    0x20, 0x00, 0x27, 0xef, 0xff, 0x40, 0x0c, 0xff,
    0xc0, 0x00, 0x00, 0x00, 0x01, 0xdf, 0xfe, 0x03,
    0xff, 0xf5, 0x33, 0x33, 0x33, 0x33, 0x37, 0xff,
    0xf5, 0x6f, 0xff, 0xff, 0xff, 0xff, 0xff, 0xff,
    0xff, 0xff, 0x87, 0xff, 0xff, 0xff, 0xff, 0xff,
    0xff, 0xff, 0xff, 0xf9,

    /* U+0E35 "ี" */
    0x00, 0x00, 0x26, 0x88, 0x75, 0x10, 0x00, 0x39,
    0x99, 0x50, 0x01, 0xaf, 0xff, 0xff, 0xff, 0x91,
    0x07, 0xff, 0xf9, 0x01, 0xdf, 0xff, 0xff, 0xff,
    0xff, 0xe5, 0x7f, 0xff, 0x90, 0xaf, 0xff, 0x82,
    0x00, 0x37, 0xef, 0xfd, 0xff, 0xf9, 0x1f, 0xff,
    0x80, 0x00, 0x00, 0x00, 0x6f, 0xff, 0xff, 0x95,
    0xff, 0xf5, 0x33, 0x33, 0x33, 0x33, 0x5f, 0xff,
    0xf9, 0x6f, 0xff, 0xff, 0xff, 0xff, 0xff, 0xff,
    0xff, 0xff, 0x97, 0xff, 0xff, 0xff, 0xff, 0xff,
    0xff, 0xff, 0xff, 0xf9,

    /* U+0E36 "ึ" */
    0x00, 0x00, 0x37, 0x88, 0x51, 0x00, 0x00, 0x17,
    0x87, 0x10, 0x00, 0x02, 0xcf, 0xff, 0xff, 0xf9,
    0x10, 0x4f, 0xff, 0xff, 0x40, 0x01, 0xef, 0xff,
    0xff, 0xff, 0xfe, 0x2e, 0xf5, 0x3a, 0xfe, 0x00,
    0xaf, 0xff, 0x61, 0x02, 0x6d, 0xff, 0xf9, 0x00,
    0x1f, 0xf3, 0x1f, 0xff, 0x70, 0x00, 0x00, 0x07,
    0xff, 0x90, 0x01, 0xff, 0x45, 0xff, 0xf5, 0x33,
    0x33, 0x33, 0x38, 0xff, 0x64, 0xbf, 0xf1, 0x6f,
    0xff, 0xff, 0xff, 0xff, 0xff, 0xff, 0xff, 0xff,
    0xf8, 0x07, 0xff, 0xff, 0xff, 0xff, 0xff, 0xff,
    0xff, 0xff, 0xd6, 0x00,

    /* U+0E37 "ื" */
    0x00, 0x00, 0x03, 0x56, 0x41, 0x00, 0x56, 0x21,
    0x66, 0x30, 0x00, 0x7e, 0xff, 0xff, 0xfc, 0x5e,
    0xf5, 0x3f, 0xf9, 0x00, 0xbf, 0xff, 0xff, 0xff,
    0xff, 0xff, 0x53, 0xff, 0x90, 0x8f, 0xff, 0x82,
    0x00, 0x38, 0xef, 0xf6, 0x3f, 0xf9, 0x0f, 0xff,
    0x80, 0x00, 0x00, 0x00, 0x8f, 0xf8, 0xff, 0x94,
    0xff, 0xf2, 0x00, 0x00, 0x00, 0x00, 0x4e, 0xff,
    0xf9, 0x6f, 0xff, 0xff, 0xff, 0xff, 0xff, 0xff,
    0xff, 0xff, 0x97, 0xff, 0xff, 0xff, 0xff, 0xff,
    0xff, 0xff, 0xff, 0xf9,

    /* U+0E38 "ุ" */
    0x00, 0x00, 0x10, 0x00, 0x00, 0x4c, 0xff, 0xfa,
    0x10, 0x4f, 0xff, 0xff, 0xfd, 0x0b, 0xfb, 0x11,
    0xaf, 0xf5, 0xdf, 0x60, 0x05, 0xff, 0x8b, 0xfb,
    0x11, 0xaf, 0xf9, 0x4f, 0xff, 0xff, 0xff, 0x90,
    0x5d, 0xff, 0xff, 0xf9, 0x00, 0x00, 0x5f, 0xff,
    0x90, 0x00, 0x05, 0xff, 0xf9, 0x00, 0x00, 0x5f,
    0xff, 0x90,

    /* U+0E39 "ู" */
    0x03, 0xbf, 0xfc, 0x40, 0x00, 0x3f, 0xff, 0x92,
    0xff, 0xef, 0xff, 0x40, 0x03, 0xff, 0xf9, 0x7f,
    0x90, 0x0c, 0xfa, 0x00, 0x3f, 0xff, 0x98, 0xf9,
    0x00, 0xcf, 0xc0, 0x03, 0xff, 0xf9, 0x2f, 0xff,
    0xff, 0xfc, 0x00, 0x3f, 0xff, 0x90, 0x3b, 0xff,
    0xff, 0xc0, 0x03, 0xff, 0xf9, 0x00, 0x00, 0xcf,
    0xfd, 0x00, 0x4f, 0xff, 0x90, 0x00, 0x0b, 0xff,
    0xf9, 0x9c, 0xff, 0xf8, 0x00, 0x00, 0x8f, 0xff,
    0xff, 0xff, 0xff, 0x50, 0x00, 0x01, 0xbf, 0xff,
    0xff, 0xfe, 0x80,

    /* U+0E40 "เ" */
    0xff, 0xff, 0x40, 0x00, 0x0f, 0xff, 0xf4, 0x00,
    0x00, 0xff, 0xff, 0x40, 0x00, 0x0f, 0xff, 0xf4,
    0x00, 0x00, 0xff, 0xff, 0x40, 0x00, 0x0f, 0xff,
    0xf4, 0x00, 0x00, 0xff, 0xff, 0x40, 0x00, 0x0f,
    0xff, 0xf4, 0x00, 0x00, 0xff, 0xff, 0x40, 0x00,
    0x0f, 0xff, 0xf4, 0x00, 0x00, 0xff, 0xff, 0x40,
    0x00, 0x0f, 0xff, 0xf4, 0x00, 0x00, 0xff, 0xff,
    0x40, 0x00, 0x0f, 0xff, 0xf4, 0x00, 0x00, 0xff,
    0xff, 0x40, 0x00, 0x0f, 0xff, 0xff, 0xea, 0x10,
    0xff, 0xff, 0xff, 0xfe, 0x1f, 0xff, 0x95, 0xaf,
    0xf8, 0xff, 0xc0, 0x00, 0xef, 0xbe, 0xfc, 0x00,
    0x0e, 0xfb, 0xaf, 0xf9, 0x59, 0xff, 0x72, 0xef,
    0xff, 0xff, 0xd1, 0x02, 0xae, 0xfe, 0x91, 0x00,

    /* U+0E41 "แ" */
    0xff, 0xff, 0x40, 0x00, 0x00, 0x05, 0xff, 0xff,
    0x00, 0x00, 0x0f, 0xff, 0xf4, 0x00, 0x00, 0x00,
    0x5f, 0xff, 0xf0, 0x00, 0x00, 0xff, 0xff, 0x40,
    0x00, 0x00, 0x05, 0xff, 0xff, 0x00, 0x00, 0x0f,
    0xff, 0xf4, 0x00, 0x00, 0x00, 0x5f, 0xff, 0xf0,
    0x00, 0x00, 0xff, 0xff, 0x40, 0x00, 0x00, 0x05,
    0xff, 0xff, 0x00, 0x00, 0x0f, 0xff, 0xf4, 0x00,
    0x00, 0x00, 0x5f, 0xff, 0xf0, 0x00, 0x00, 0xff,
    0xff, 0x40, 0x00, 0x00, 0x05, 0xff, 0xff, 0x00,
    0x00, 0x0f, 0xff, 0xf4, 0x00, 0x00, 0x00, 0x5f,
    0xff, 0xf0, 0x00, 0x00, 0xff, 0xff, 0x40, 0x00,
    0x00, 0x05, 0xff, 0xff, 0x00, 0x00, 0x0f, 0xff,
    0xf4, 0x00, 0x00, 0x00, 0x5f, 0xff, 0xf0, 0x00,
    0x00, 0xff, 0xff, 0x40, 0x00, 0x00, 0x05, 0xff,
    0xff, 0x00, 0x00, 0x0f, 0xff, 0xf4, 0x00, 0x00,
    0x00, 0x5f, 0xff, 0xf0, 0x00, 0x00, 0xff, 0xff,
    0x40, 0x00, 0x00, 0x05, 0xff, 0xff, 0x00, 0x00,
    0x0f, 0xff, 0xf4, 0x00, 0x00, 0x00, 0x5f, 0xff,
    0xf0, 0x00, 0x00, 0xff, 0xff, 0x40, 0x00, 0x00,
    0x05, 0xff, 0xff, 0x00, 0x00, 0x0f, 0xff, 0xff,
    0xea, 0x10, 0x00, 0x5f, 0xff, 0xff, 0xd7, 0x00,
    0xff, 0xff, 0xff, 0xfe, 0x10, 0x05, 0xff, 0xff,
    0xff, 0xf9, 0x0f, 0xff, 0x95, 0xaf, 0xf8, 0x00,
    0x5f, 0xff, 0x76, 0xdf, 0xf2, 0xff, 0xc0, 0x00,
    0xef, 0xb0, 0x04, 0xff, 0x70, 0x03, 0xff, 0x6e,
    0xfc, 0x00, 0x0e, 0xfb, 0x00, 0x3f, 0xf7, 0x00,
    0x3f, 0xf6, 0xaf, 0xf9, 0x59, 0xff, 0x70, 0x00,
    0xef, 0xe6, 0x5c, 0xff, 0x22, 0xef, 0xff, 0xff,
    0xd1, 0x00, 0x05, 0xff, 0xff, 0xff, 0x90, 0x02,
    0xae, 0xfe, 0x91, 0x00, 0x00, 0x04, 0xcf, 0xfd,
    0x60, 0x00,

    /* U+0E42 "โ" */
    0x00, 0x06, 0xbe, 0xff, 0xc8, 0x41, 0x01, 0x53,
    0x01, 0xdf, 0xff, 0xff, 0xff, 0xff, 0xff, 0xf5,
    0x0d, 0xff, 0xff, 0xff, 0xff, 0xff, 0xff, 0xf5,
    0x6f, 0xff, 0xfb, 0x65, 0x7b, 0xff, 0xff, 0xf4,
    0xbf, 0xff, 0xa0, 0x00, 0x00, 0x03, 0x44, 0x10,
    0xef, 0xff, 0x40, 0x00, 0x00, 0x00, 0x00, 0x00,
    0xff, 0xff, 0x93, 0x00, 0x00, 0x00, 0x00, 0x00,
    0xff, 0xff, 0xff, 0xc3, 0x00, 0x00, 0x00, 0x00,
    0x8a, 0xef, 0xff, 0xff, 0x30, 0x00, 0x00, 0x00,
    0x00, 0x06, 0xff, 0xff, 0xc0, 0x00, 0x00, 0x00,
    0x00, 0x00, 0x6f, 0xff, 0xf2, 0x00, 0x00, 0x00,
    0x00, 0x00, 0x0f, 0xff, 0xf6, 0x00, 0x00, 0x00,
    0x00, 0x00, 0x0c, 0xff, 0xf8, 0x00, 0x00, 0x00,
    0x00, 0x00, 0x0b, 0xff, 0xf9, 0x00, 0x00, 0x00,
    0x00, 0x00, 0x0b, 0xff, 0xf9, 0x00, 0x00, 0x00,
    0x00, 0x00, 0x0b, 0xff, 0xf9, 0x00, 0x00, 0x00,
    0x00, 0x00, 0x0b, 0xff, 0xf9, 0x00, 0x00, 0x00,
    0x00, 0x00, 0x0b, 0xff, 0xf9, 0x00, 0x00, 0x00,
    0x00, 0x00, 0x0b, 0xff, 0xf9, 0x00, 0x00, 0x00,
    0x00, 0x00, 0x0b, 0xff, 0xf9, 0x00, 0x00, 0x00,
    0x00, 0x00, 0x0b, 0xff, 0xf9, 0x00, 0x00, 0x00,
    0x00, 0x00, 0x0b, 0xff, 0xf9, 0x00, 0x00, 0x00,
    0x00, 0x00, 0x0b, 0xff, 0xf9, 0x00, 0x00, 0x00,
    0x00, 0x00, 0x0b, 0xff, 0xf9, 0x00, 0x00, 0x00,
    0x00, 0x00, 0x0b, 0xff, 0xf9, 0x00, 0x00, 0x00,
    0x00, 0x00, 0x0b, 0xff, 0xf9, 0x00, 0x00, 0x00,
    0x00, 0x00, 0x0b, 0xff, 0xf9, 0x00, 0x00, 0x00,
    0x00, 0x00, 0x0b, 0xff, 0xf9, 0x00, 0x00, 0x00,
    0x00, 0x00, 0x0b, 0xff, 0xf9, 0x00, 0x00, 0x00,
    0x00, 0x00, 0x0b, 0xff, 0xf9, 0x00, 0x00, 0x00,
    0x00, 0x00, 0x0b, 0xff, 0xff, 0xfb, 0x30, 0x00,
    0x00, 0x00, 0x0b, 0xff, 0xff, 0xff, 0xf4, 0x00,
    0x00, 0x00, 0x0b, 0xff, 0xc6, 0x7f, 0xfd, 0x00,
    0x00, 0x00, 0x0a, 0xff, 0x20, 0x09, 0xff, 0x00,
    0x00, 0x00, 0x09, 0xff, 0x20, 0x09, 0xff, 0x00,
    0x00, 0x00, 0x05, 0xff, 0xc5, 0x7f, 0xfc, 0x00,
    0x00, 0x00, 0x00, 0xbf, 0xff, 0xff, 0xf4, 0x00,
    0x00, 0x00, 0x00, 0x08, 0xdf, 0xfb, 0x30, 0x00,

    /* U+0E43 "ใ" */
    0x00, 0x02, 0x9d, 0xff, 0xeb, 0x60, 0x00, 0x00,
    0x07, 0xff, 0xff, 0xff, 0xff, 0xd3, 0x00, 0x07,
    0xff, 0xff, 0xef, 0xff, 0xff, 0xf3, 0x02, 0xff,
    0xf8, 0x10, 0x02, 0xbf, 0xff, 0xd0, 0x8f, 0xfe,
    0xed, 0x70, 0x00, 0xbf, 0xff, 0x5c, 0xff, 0xff,
    0xff, 0x90, 0x02, 0xff, 0xfa, 0xef, 0xf3, 0x07,
    0xff, 0x20, 0x0e, 0xff, 0xde, 0xf9, 0x00, 0x0f,
    0xf5, 0x00, 0xcf, 0xfd, 0xcf, 0xa0, 0x00, 0xff,
    0x40, 0x0d, 0xff, 0xd7, 0xff, 0x30, 0x7f, 0xf1,
    0x01, 0xff, 0xfa, 0x0d, 0xff, 0xff, 0xf8, 0x00,
    0x6f, 0xff, 0x60, 0x19, 0xef, 0xd6, 0x00, 0x1e,
    0xff, 0xe0, 0x00, 0x00, 0x00, 0x00, 0x1c, 0xff,
    0xf7, 0x00, 0x00, 0x00, 0x00, 0x5e, 0xff, 0xfb,
    0x00, 0x00, 0x00, 0x05, 0xdf, 0xff, 0xfc, 0x00,
    0x00, 0x00, 0x00, 0xbf, 0xff, 0xf9, 0x00, 0x00,
    0x00, 0x00, 0x0b, 0xff, 0xfa, 0x00, 0x00, 0x00,
    0x00, 0x00, 0xbf, 0xff, 0x90, 0x00, 0x00, 0x00,
    0x00, 0x0b, 0xff, 0xf9, 0x00, 0x00, 0x00, 0x00,
    0x00, 0xbf, 0xff, 0x90, 0x00, 0x00, 0x00, 0x00,
    0x0b, 0xff, 0xf9, 0x00, 0x00, 0x00, 0x00, 0x00,
    0xbf, 0xff, 0x90, 0x00, 0x00, 0x00, 0x00, 0x0b,
    0xff, 0xf9, 0x00, 0x00, 0x00, 0x00, 0x00, 0xbf,
    0xff, 0x90, 0x00, 0x00, 0x00, 0x00, 0x0b, 0xff,
    0xf9, 0x00, 0x00, 0x00, 0x00, 0x00, 0xbf, 0xff,
    0x90, 0x00, 0x00, 0x00, 0x00, 0x0b, 0xff, 0xf9,
    0x00, 0x00, 0x00, 0x00, 0x00, 0xbf, 0xff, 0x90,
    0x00, 0x00, 0x00, 0x00, 0x0b, 0xff, 0xf9, 0x00,
    0x00, 0x00, 0x00, 0x00, 0xbf, 0xff, 0x90, 0x00,
    0x00, 0x00, 0x00, 0x0b, 0xff, 0xff, 0xfb, 0x30,
    0x00, 0x00, 0x00, 0xbf, 0xff, 0xff, 0xff, 0x40,
    0x00, 0x00, 0x0b, 0xff, 0xc6, 0x7f, 0xfd, 0x00,
    0x00, 0x00, 0xaf, 0xf2, 0x00, 0x9f, 0xf0, 0x00,
    0x00, 0x09, 0xff, 0x20, 0x09, 0xff, 0x00, 0x00,
    0x00, 0x5f, 0xfc, 0x57, 0xff, 0xc0, 0x00, 0x00,
    0x00, 0xbf, 0xff, 0xff, 0xf4, 0x00, 0x00, 0x00,
    0x00, 0x8d, 0xff, 0xb3, 0x00,

    /* U+0E44 "ไ" */
    0x1f, 0xff, 0xb0, 0x00, 0x0a, 0xeb, 0x40, 0x00,
    0x00, 0x9f, 0xff, 0x10, 0x05, 0xff, 0xff, 0x90,
    0x00, 0x02, 0xff, 0xf6, 0x01, 0xef, 0xff, 0xff,
    0x80, 0x00, 0x0b, 0xff, 0xc0, 0xaf, 0xfe, 0xff,
    0xff, 0x20, 0x00, 0x4f, 0xff, 0x8f, 0xfe, 0x18,
    0xff, 0xf9, 0x00, 0x00, 0xdf, 0xff, 0xff, 0x40,
    0x0f, 0xff, 0xe0, 0x00, 0x06, 0xff, 0xff, 0x80,
    0x00, 0xcf, 0xff, 0x00, 0x00, 0x0f, 0xff, 0xc0,
    0x00, 0x0b, 0xff, 0xf0, 0x00, 0x00, 0x58, 0x82,
    0x00, 0x00, 0xdf, 0xff, 0x00, 0x00, 0x00, 0x00,
    0x00, 0x00, 0x2f, 0xff, 0xc0, 0x00, 0x00, 0x00,
    0x00, 0x00, 0x0a, 0xff, 0xf6, 0x00, 0x00, 0x00,
    0x00, 0x00, 0x06, 0xff, 0xfe, 0x00, 0x00, 0x00,
    0x00, 0x00, 0x07, 0xff, 0xff, 0x50, 0x00, 0x00,
    0x00, 0x00, 0x4d, 0xff, 0xff, 0x80, 0x00, 0x00,
    0x00, 0x00, 0x6f, 0xff, 0xff, 0x80, 0x00, 0x00,
    0x00, 0x00, 0x06, 0xff, 0xff, 0x40, 0x00, 0x00,
    0x00, 0x00, 0x00, 0x6f, 0xff, 0xe0, 0x00, 0x00,
    0x00, 0x00, 0x00, 0x06, 0xff, 0xfe, 0x00, 0x00,
    0x00, 0x00, 0x00, 0x00, 0x6f, 0xff, 0xe0, 0x00,
    0x00, 0x00, 0x00, 0x00, 0x06, 0xff, 0xfe, 0x00,
    0x00, 0x00, 0x00, 0x00, 0x00, 0x6f, 0xff, 0xe0,
    0x00, 0x00, 0x00, 0x00, 0x00, 0x06, 0xff, 0xfe,
    0x00, 0x00, 0x00, 0x00, 0x00, 0x00, 0x6f, 0xff,
    0xe0, 0x00, 0x00, 0x00, 0x00, 0x00, 0x06, 0xff,
    0xfe, 0x00, 0x00, 0x00, 0x00, 0x00, 0x00, 0x6f,
    0xff, 0xe0, 0x00, 0x00, 0x00, 0x00, 0x00, 0x06,
    0xff, 0xfe, 0x00, 0x00, 0x00, 0x00, 0x00, 0x00,
    0x6f, 0xff, 0xe0, 0x00, 0x00, 0x00, 0x00, 0x00,
    0x06, 0xff, 0xfe, 0x00, 0x00, 0x00, 0x00, 0x00,
    0x00, 0x6f, 0xff, 0xe0, 0x00, 0x00, 0x00, 0x00,
    0x00, 0x06, 0xff, 0xfd, 0x00, 0x00, 0x00, 0x00,
    0x00, 0x00, 0x6f, 0xff, 0xff, 0xd6, 0x00, 0x00,
    0x00, 0x00, 0x06, 0xff, 0xff, 0xff, 0xf8, 0x00,
    0x00, 0x00, 0x00, 0x6f, 0xfe, 0x66, 0xdf, 0xf1,
    0x00, 0x00, 0x00, 0x06, 0xff, 0x60, 0x04, 0xff,
    0x40, 0x00, 0x00, 0x00, 0x5f, 0xf6, 0x00, 0x4f,
    0xf4, 0x00, 0x00, 0x00, 0x01, 0xff, 0xe6, 0x6d,
    0xff, 0x10, 0x00, 0x00, 0x00, 0x07, 0xff, 0xff,
    0xff, 0x70, 0x00, 0x00, 0x00, 0x00, 0x05, 0xcf,
    0xfc, 0x50, 0x00,

    /* U+0E47 "็" */
    0x00, 0x00, 0x00, 0x00, 0x00, 0x00, 0x00, 0x12,
    0x00, 0x00, 0x4b, 0xef, 0xff, 0xff, 0xff, 0xff,
    0xb0, 0x00, 0xbf, 0xff, 0xff, 0xff, 0xff, 0xff,
    0xfb, 0x00, 0xaf, 0xff, 0xeb, 0xaa, 0xaa, 0xaa,
    0x97, 0x30, 0x2f, 0xff, 0x70, 0x00, 0x00, 0x00,
    0x00, 0x00, 0x07, 0xff, 0x90, 0x00, 0x00, 0x02,
    0xad, 0xd8, 0x00, 0x8f, 0xf5, 0x00, 0xa9, 0x01,
    0xef, 0xff, 0xfa, 0x08, 0xff, 0x50, 0x7f, 0xf3,
    0x6f, 0xb0, 0x3f, 0xf1, 0x4f, 0xfa, 0x1f, 0xff,
    0xd8, 0xf6, 0x00, 0xdf, 0x30, 0xdf, 0xfc, 0xfa,
    0xcf, 0xff, 0xb1, 0x3f, 0xf0, 0x03, 0xff, 0xff,
    0x11, 0xcf, 0xff, 0xff, 0xf8, 0x00, 0x03, 0xbb,
    0x60, 0x00, 0x5b, 0xff, 0xd7, 0x00,

    /* U+0E48 "่" */
    0xbf, 0xff, 0x8c, 0xff, 0xf9, 0xcf, 0xff, 0x9c,
    0xff, 0xf8, 0xbf, 0xff, 0x79, 0xff, 0xf6, 0x8f,
    0xff, 0x57, 0xff, 0xf3, 0x6f, 0xff, 0x20,

    /* U+0E49 "้" */
    0x00, 0x6b, 0xcb, 0x50, 0x00, 0x00, 0x00, 0x00,
    0x0b, 0xff, 0xff, 0xf9, 0x00, 0x01, 0x77, 0x73,
    0x5f, 0xe2, 0x08, 0xff, 0x20, 0x04, 0xff, 0xf5,
    0x8f, 0x90, 0x02, 0xff, 0x60, 0x08, 0xff, 0xf1,
    0x7f, 0xc0, 0x05, 0xff, 0x50, 0x0d, 0xff, 0xc0,
    0x1f, 0xfd, 0xbf, 0xff, 0x10, 0x5f, 0xff, 0x50,
    0x03, 0xbf, 0xff, 0xfa, 0x02, 0xef, 0xfb, 0x00,
    0x00, 0x00, 0xbf, 0xd1, 0x6f, 0xff, 0xd1, 0x00,
    0x15, 0x7d, 0xff, 0xae, 0xff, 0xfa, 0x10, 0x00,
    0x5f, 0xff, 0xff, 0xff, 0xfa, 0x40, 0x00, 0x00,
    0x17, 0x78, 0x77, 0x53, 0x00, 0x00, 0x00, 0x00,

    /* U+0E4C "์" */
    0x00, 0x00, 0x00, 0x48, 0x88, 0x20, 0x00, 0x00,
    0x1d, 0xff, 0xf2, 0x00, 0x00, 0x3e, 0xff, 0xf8,
    0x00, 0x01, 0xaf, 0xff, 0xe6, 0x00, 0x04, 0xff,
    0xff, 0xa0, 0x00, 0x03, 0xff, 0xff, 0xff, 0x30,
    0x00, 0xbf, 0xc1, 0x0a, 0xfc, 0x00, 0x0d, 0xf6,
    0x00, 0x4f, 0xf0, 0x00, 0xbf, 0xb0, 0x08, 0xfd,
    0x00, 0x03, 0xff, 0xee, 0xff, 0x60, 0x00, 0x03,
    0xbf, 0xfc, 0x50, 0x00, 0x00
};

/*---------------------
 *  GLYPH DESCRIPTION
 *--------------------*/

static const lv_font_fmt_txt_glyph_dsc_t glyph_dsc[] = {
    {.bitmap_index = 0, .adv_w = 0, .box_w = 0, .box_h = 0, .ofs_x = 0, .ofs_y = 0} /* id = 0 reserved */,
    {.bitmap_index = 0, .adv_w = 166, .box_w = 0, .box_h = 0, .ofs_x = 0, .ofs_y = 0},
    {.bitmap_index = 0, .adv_w = 175, .box_w = 7, .box_h = 29, .ofs_x = 2, .ofs_y = 0},
    {.bitmap_index = 102, .adv_w = 275, .box_w = 13, .box_h = 11, .ofs_x = 2, .ofs_y = 18},
    {.bitmap_index = 174, .adv_w = 413, .box_w = 25, .box_h = 29, .ofs_x = 0, .ofs_y = 0},
    {.bitmap_index = 537, .adv_w = 367, .box_w = 19, .box_h = 33, .ofs_x = 2, .ofs_y = -3},
    {.bitmap_index = 851, .adv_w = 545, .box_w = 32, .box_h = 29, .ofs_x = 1, .ofs_y = 0},
    {.bitmap_index = 1315, .adv_w = 476, .box_w = 28, .box_h = 29, .ofs_x = 2, .ofs_y = 0},
    {.bitmap_index = 1721, .adv_w = 152, .box_w = 5, .box_h = 11, .ofs_x = 2, .ofs_y = 18},
    {.bitmap_index = 1749, .adv_w = 199, .box_w = 11, .box_h = 36, .ofs_x = 1, .ofs_y = -7},
    {.bitmap_index = 1947, .adv_w = 199, .box_w = 10, .box_h = 36, .ofs_x = 1, .ofs_y = -7},
    {.bitmap_index = 2127, .adv_w = 351, .box_w = 20, .box_h = 19, .ofs_x = 1, .ofs_y = 11},
    {.bitmap_index = 2317, .adv_w = 368, .box_w = 20, .box_h = 20, .ofs_x = 1, .ofs_y = 4},
    {.bitmap_index = 2517, .adv_w = 176, .box_w = 8, .box_h = 11, .ofs_x = 1, .ofs_y = -5},
    {.bitmap_index = 2561, .adv_w = 205, .box_w = 11, .box_h = 4, .ofs_x = 1, .ofs_y = 9},
    {.bitmap_index = 2583, .adv_w = 174, .box_w = 7, .box_h = 6, .ofs_x = 2, .ofs_y = 0},
    {.bitmap_index = 2604, .adv_w = 246, .box_w = 16, .box_h = 29, .ofs_x = 0, .ofs_y = 0},
    {.bitmap_index = 2836, .adv_w = 368, .box_w = 21, .box_h = 29, .ofs_x = 1, .ofs_y = 0},
    {.bitmap_index = 3141, .adv_w = 368, .box_w = 12, .box_h = 29, .ofs_x = 3, .ofs_y = 0},
    {.bitmap_index = 3315, .adv_w = 368, .box_w = 20, .box_h = 29, .ofs_x = 1, .ofs_y = 0},
    {.bitmap_index = 3605, .adv_w = 368, .box_w = 20, .box_h = 29, .ofs_x = 1, .ofs_y = 0},
    {.bitmap_index = 3895, .adv_w = 368, .box_w = 23, .box_h = 29, .ofs_x = 0, .ofs_y = 0},
    {.bitmap_index = 4229, .adv_w = 368, .box_w = 19, .box_h = 29, .ofs_x = 2, .ofs_y = 0},
    {.bitmap_index = 4505, .adv_w = 368, .box_w = 20, .box_h = 29, .ofs_x = 2, .ofs_y = 0},
    {.bitmap_index = 4795, .adv_w = 368, .box_w = 21, .box_h = 29, .ofs_x = 1, .ofs_y = 0},
    {.bitmap_index = 5100, .adv_w = 368, .box_w = 21, .box_h = 29, .ofs_x = 1, .ofs_y = 0},
    {.bitmap_index = 5405, .adv_w = 368, .box_w = 21, .box_h = 29, .ofs_x = 1, .ofs_y = 0},
    {.bitmap_index = 5710, .adv_w = 174, .box_w = 7, .box_h = 22, .ofs_x = 2, .ofs_y = 0},
    {.bitmap_index = 5787, .adv_w = 175, .box_w = 8, .box_h = 28, .ofs_x = 1, .ofs_y = -6},
    {.bitmap_index = 5899, .adv_w = 368, .box_w = 20, .box_h = 21, .ofs_x = 1, .ofs_y = 4},
    {.bitmap_index = 6109, .adv_w = 368, .box_w = 19, .box_h = 12, .ofs_x = 2, .ofs_y = 8},
    {.bitmap_index = 6223, .adv_w = 368, .box_w = 20, .box_h = 21, .ofs_x = 1, .ofs_y = 4},
    {.bitmap_index = 6433, .adv_w = 286, .box_w = 17, .box_h = 29, .ofs_x = 0, .ofs_y = 0},
    {.bitmap_index = 6680, .adv_w = 575, .box_w = 32, .box_h = 32, .ofs_x = 2, .ofs_y = -3},
    {.bitmap_index = 7192, .adv_w = 419, .box_w = 27, .box_h = 29, .ofs_x = 0, .ofs_y = 0},
    {.bitmap_index = 7584, .adv_w = 419, .box_w = 22, .box_h = 29, .ofs_x = 3, .ofs_y = 0},
    {.bitmap_index = 7903, .adv_w = 406, .box_w = 23, .box_h = 29, .ofs_x = 2, .ofs_y = 0},
    {.bitmap_index = 8237, .adv_w = 468, .box_w = 24, .box_h = 29, .ofs_x = 3, .ofs_y = 0},
    {.bitmap_index = 8585, .adv_w = 355, .box_w = 17, .box_h = 29, .ofs_x = 3, .ofs_y = 0},
    {.bitmap_index = 8832, .adv_w = 335, .box_w = 17, .box_h = 29, .ofs_x = 3, .ofs_y = 0},
    {.bitmap_index = 9079, .adv_w = 467, .box_w = 25, .box_h = 29, .ofs_x = 2, .ofs_y = 0},
    {.bitmap_index = 9442, .adv_w = 477, .box_w = 24, .box_h = 29, .ofs_x = 3, .ofs_y = 0},
    {.bitmap_index = 9790, .adv_w = 228, .box_w = 12, .box_h = 29, .ofs_x = 1, .ofs_y = 0},
    {.bitmap_index = 9964, .adv_w = 184, .box_w = 12, .box_h = 37, .ofs_x = -4, .ofs_y = -8},
    {.bitmap_index = 10186, .adv_w = 404, .box_w = 23, .box_h = 29, .ofs_x = 3, .ofs_y = 0},
    {.bitmap_index = 10520, .adv_w = 342, .box_w = 18, .box_h = 29, .ofs_x = 3, .ofs_y = 0},
    {.bitmap_index = 10781, .adv_w = 588, .box_w = 30, .box_h = 29, .ofs_x = 3, .ofs_y = 0},
    {.bitmap_index = 11216, .adv_w = 495, .box_w = 25, .box_h = 29, .ofs_x = 3, .ofs_y = 0},
    {.bitmap_index = 11579, .adv_w = 502, .box_w = 27, .box_h = 29, .ofs_x = 2, .ofs_y = 0},
    {.bitmap_index = 11971, .adv_w = 390, .box_w = 20, .box_h = 29, .ofs_x = 3, .ofs_y = 0},
    {.bitmap_index = 12261, .adv_w = 502, .box_w = 27, .box_h = 36, .ofs_x = 2, .ofs_y = -7},
    {.bitmap_index = 12747, .adv_w = 404, .box_w = 22, .box_h = 29, .ofs_x = 3, .ofs_y = 0},
    {.bitmap_index = 13066, .adv_w = 355, .box_w = 19, .box_h = 29, .ofs_x = 2, .ofs_y = 0},
    {.bitmap_index = 13342, .adv_w = 360, .box_w = 22, .box_h = 29, .ofs_x = 0, .ofs_y = 0},
    {.bitmap_index = 13661, .adv_w = 471, .box_w = 23, .box_h = 29, .ofs_x = 3, .ofs_y = 0},
    {.bitmap_index = 13995, .adv_w = 395, .box_w = 25, .box_h = 29, .ofs_x = 0, .ofs_y = 0},
    {.bitmap_index = 14358, .adv_w = 608, .box_w = 38, .box_h = 29, .ofs_x = 0, .ofs_y = 0},
    {.bitmap_index = 14909, .adv_w = 391, .box_w = 25, .box_h = 29, .ofs_x = 0, .ofs_y = 0},
    {.bitmap_index = 15272, .adv_w = 374, .box_w = 24, .box_h = 29, .ofs_x = 0, .ofs_y = 0},
    {.bitmap_index = 15620, .adv_w = 371, .box_w = 21, .box_h = 29, .ofs_x = 1, .ofs_y = 0},
    {.bitmap_index = 15925, .adv_w = 210, .box_w = 10, .box_h = 36, .ofs_x = 3, .ofs_y = -7},
    {.bitmap_index = 16105, .adv_w = 246, .box_w = 16, .box_h = 29, .ofs_x = 0, .ofs_y = 0},
    {.bitmap_index = 16337, .adv_w = 210, .box_w = 10, .box_h = 36, .ofs_x = 1, .ofs_y = -7},
    {.bitmap_index = 16517, .adv_w = 361, .box_w = 21, .box_h = 19, .ofs_x = 1, .ofs_y = 11},
    {.bitmap_index = 16717, .adv_w = 291, .box_w = 20, .box_h = 3, .ofs_x = -1, .ofs_y = -6},
    {.bitmap_index = 16747, .adv_w = 196, .box_w = 10, .box_h = 7, .ofs_x = 1, .ofs_y = 24},
    {.bitmap_index = 16782, .adv_w = 366, .box_w = 19, .box_h = 22, .ofs_x = 1, .ofs_y = 0},
    {.bitmap_index = 16991, .adv_w = 397, .box_w = 20, .box_h = 30, .ofs_x = 3, .ofs_y = 0},
    {.bitmap_index = 17291, .adv_w = 314, .box_w = 17, .box_h = 22, .ofs_x = 2, .ofs_y = 0},
    {.bitmap_index = 17478, .adv_w = 397, .box_w = 20, .box_h = 30, .ofs_x = 2, .ofs_y = 0},
    {.bitmap_index = 17778, .adv_w = 367, .box_w = 19, .box_h = 22, .ofs_x = 2, .ofs_y = 0},
    {.bitmap_index = 17987, .adv_w = 228, .box_w = 16, .box_h = 31, .ofs_x = 0, .ofs_y = 0},
    {.bitmap_index = 18235, .adv_w = 397, .box_w = 20, .box_h = 32, .ofs_x = 2, .ofs_y = -10},
    {.bitmap_index = 18555, .adv_w = 401, .box_w = 19, .box_h = 30, .ofs_x = 3, .ofs_y = 0},
    {.bitmap_index = 18840, .adv_w = 173, .box_w = 5, .box_h = 30, .ofs_x = 3, .ofs_y = 0},
    {.bitmap_index = 18915, .adv_w = 173, .box_w = 11, .box_h = 40, .ofs_x = -3, .ofs_y = -10},
    {.bitmap_index = 19135, .adv_w = 356, .box_w = 19, .box_h = 30, .ofs_x = 3, .ofs_y = 0},
    {.bitmap_index = 19420, .adv_w = 173, .box_w = 5, .box_h = 30, .ofs_x = 3, .ofs_y = 0},
    {.bitmap_index = 19495, .adv_w = 606, .box_w = 32, .box_h = 22, .ofs_x = 3, .ofs_y = 0},
    {.bitmap_index = 19847, .adv_w = 401, .box_w = 19, .box_h = 22, .ofs_x = 3, .ofs_y = 0},
    {.bitmap_index = 20056, .adv_w = 391, .box_w = 21, .box_h = 22, .ofs_x = 2, .ofs_y = 0},
    {.bitmap_index = 20287, .adv_w = 397, .box_w = 20, .box_h = 32, .ofs_x = 3, .ofs_y = -10},
    {.bitmap_index = 20607, .adv_w = 397, .box_w = 20, .box_h = 32, .ofs_x = 2, .ofs_y = -10},
    {.bitmap_index = 20927, .adv_w = 271, .box_w = 14, .box_h = 22, .ofs_x = 3, .ofs_y = 0},
    {.bitmap_index = 21081, .adv_w = 311, .box_w = 17, .box_h = 22, .ofs_x = 1, .ofs_y = 0},
    {.bitmap_index = 21268, .adv_w = 243, .box_w = 15, .box_h = 27, .ofs_x = 0, .ofs_y = 0},
    {.bitmap_index = 21471, .adv_w = 401, .box_w = 19, .box_h = 22, .ofs_x = 3, .ofs_y = 0},
    {.bitmap_index = 21680, .adv_w = 337, .box_w = 22, .box_h = 22, .ofs_x = 0, .ofs_y = 0},
    {.bitmap_index = 21922, .adv_w = 517, .box_w = 32, .box_h = 22, .ofs_x = 0, .ofs_y = 0},
    {.bitmap_index = 22274, .adv_w = 350, .box_w = 22, .box_h = 22, .ofs_x = 0, .ofs_y = 0},
    {.bitmap_index = 22516, .adv_w = 338, .box_w = 22, .box_h = 32, .ofs_x = 0, .ofs_y = -10},
    {.bitmap_index = 22868, .adv_w = 305, .box_w = 17, .box_h = 22, .ofs_x = 1, .ofs_y = 0},
    {.bitmap_index = 23055, .adv_w = 250, .box_w = 14, .box_h = 35, .ofs_x = 1, .ofs_y = -6},
    {.bitmap_index = 23300, .adv_w = 348, .box_w = 4, .box_h = 40, .ofs_x = 9, .ofs_y = -10},
    {.bitmap_index = 23380, .adv_w = 250, .box_w = 14, .box_h = 35, .ofs_x = 1, .ofs_y = -6},
    {.bitmap_index = 23625, .adv_w = 368, .box_w = 20, .box_h = 6, .ofs_x = 1, .ofs_y = 11},
    {.bitmap_index = 23685, .adv_w = 401, .box_w = 20, .box_h = 23, .ofs_x = 2, .ofs_y = 0},
    {.bitmap_index = 23915, .adv_w = 362, .box_w = 19, .box_h = 23, .ofs_x = 1, .ofs_y = 0},
    {.bitmap_index = 24134, .adv_w = 413, .box_w = 21, .box_h = 23, .ofs_x = 2, .ofs_y = 0},
    {.bitmap_index = 24376, .adv_w = 408, .box_w = 22, .box_h = 23, .ofs_x = 1, .ofs_y = 0},
    {.bitmap_index = 24629, .adv_w = 339, .box_w = 18, .box_h = 23, .ofs_x = 0, .ofs_y = 0},
    {.bitmap_index = 24836, .adv_w = 350, .box_w = 19, .box_h = 23, .ofs_x = 1, .ofs_y = 0},
    {.bitmap_index = 25055, .adv_w = 362, .box_w = 20, .box_h = 23, .ofs_x = 1, .ofs_y = 0},
    {.bitmap_index = 25285, .adv_w = 374, .box_w = 21, .box_h = 23, .ofs_x = 0, .ofs_y = 0},
    {.bitmap_index = 25527, .adv_w = 408, .box_w = 23, .box_h = 33, .ofs_x = 0, .ofs_y = -10},
    {.bitmap_index = 25907, .adv_w = 571, .box_w = 33, .box_h = 23, .ofs_x = 1, .ofs_y = 0},
    {.bitmap_index = 26287, .adv_w = 416, .box_w = 22, .box_h = 23, .ofs_x = 1, .ofs_y = 0},
    {.bitmap_index = 26540, .adv_w = 416, .box_w = 22, .box_h = 24, .ofs_x = 1, .ofs_y = 0},
    {.bitmap_index = 26804, .adv_w = 394, .box_w = 21, .box_h = 23, .ofs_x = 1, .ofs_y = 0},
    {.bitmap_index = 27046, .adv_w = 424, .box_w = 24, .box_h = 23, .ofs_x = 0, .ofs_y = 0},
    {.bitmap_index = 27322, .adv_w = 365, .box_w = 20, .box_h = 23, .ofs_x = 1, .ofs_y = 0},
    {.bitmap_index = 27552, .adv_w = 405, .box_w = 24, .box_h = 23, .ofs_x = 0, .ofs_y = 0},
    {.bitmap_index = 27828, .adv_w = 418, .box_w = 22, .box_h = 23, .ofs_x = 1, .ofs_y = 0},
    {.bitmap_index = 28081, .adv_w = 418, .box_w = 22, .box_h = 31, .ofs_x = 1, .ofs_y = 0},
    {.bitmap_index = 28422, .adv_w = 458, .box_w = 26, .box_h = 23, .ofs_x = 0, .ofs_y = 0},
    {.bitmap_index = 28721, .adv_w = 458, .box_w = 26, .box_h = 31, .ofs_x = 0, .ofs_y = 0},
    {.bitmap_index = 29124, .adv_w = 408, .box_w = 23, .box_h = 23, .ofs_x = 0, .ofs_y = 0},
    {.bitmap_index = 29389, .adv_w = 411, .box_w = 22, .box_h = 23, .ofs_x = 1, .ofs_y = 0},
    {.bitmap_index = 29642, .adv_w = 399, .box_w = 20, .box_h = 23, .ofs_x = 2, .ofs_y = 0},
    {.bitmap_index = 29872, .adv_w = 307, .box_w = 18, .box_h = 23, .ofs_x = 0, .ofs_y = 0},
    {.bitmap_index = 30079, .adv_w = 394, .box_w = 21, .box_h = 33, .ofs_x = 1, .ofs_y = -10},
    {.bitmap_index = 30426, .adv_w = 373, .box_w = 18, .box_h = 23, .ofs_x = 2, .ofs_y = 0},
    {.bitmap_index = 30633, .adv_w = 312, .box_w = 17, .box_h = 23, .ofs_x = 0, .ofs_y = 0},
    {.bitmap_index = 30829, .adv_w = 414, .box_w = 24, .box_h = 24, .ofs_x = 2, .ofs_y = 0},
    {.bitmap_index = 31117, .adv_w = 437, .box_w = 26, .box_h = 23, .ofs_x = 1, .ofs_y = 0},
    {.bitmap_index = 31416, .adv_w = 374, .box_w = 21, .box_h = 24, .ofs_x = 2, .ofs_y = 0},
    {.bitmap_index = 31668, .adv_w = 427, .box_w = 24, .box_h = 23, .ofs_x = 0, .ofs_y = 0},
    {.bitmap_index = 31944, .adv_w = 458, .box_w = 27, .box_h = 31, .ofs_x = 0, .ofs_y = 0},
    {.bitmap_index = 32363, .adv_w = 380, .box_w = 19, .box_h = 23, .ofs_x = 2, .ofs_y = 0},
    {.bitmap_index = 32582, .adv_w = 262, .box_w = 16, .box_h = 21, .ofs_x = 0, .ofs_y = 1},
    {.bitmap_index = 32750, .adv_w = 0, .box_w = 16, .box_h = 9, .ofs_x = -16, .ofs_y = 26},
    {.bitmap_index = 32822, .adv_w = 273, .box_w = 14, .box_h = 23, .ofs_x = 0, .ofs_y = 0},
    {.bitmap_index = 32983, .adv_w = 273, .box_w = 25, .box_h = 34, .ofs_x = -11, .ofs_y = 0},
    {.bitmap_index = 33408, .adv_w = 0, .box_w = 19, .box_h = 8, .ofs_x = -22, .ofs_y = 26},
    {.bitmap_index = 33484, .adv_w = 0, .box_w = 19, .box_h = 8, .ofs_x = -22, .ofs_y = 26},
    {.bitmap_index = 33560, .adv_w = 0, .box_w = 21, .box_h = 8, .ofs_x = -22, .ofs_y = 26},
    {.bitmap_index = 33644, .adv_w = 0, .box_w = 19, .box_h = 8, .ofs_x = -22, .ofs_y = 26},
    {.bitmap_index = 33720, .adv_w = 0, .box_w = 9, .box_h = 11, .ofs_x = -12, .ofs_y = -13},
    {.bitmap_index = 33770, .adv_w = 0, .box_w = 15, .box_h = 10, .ofs_x = -18, .ofs_y = -13},
    {.bitmap_index = 33845, .adv_w = 220, .box_w = 9, .box_h = 23, .ofs_x = 4, .ofs_y = 0},
    {.bitmap_index = 33949, .adv_w = 406, .box_w = 21, .box_h = 23, .ofs_x = 4, .ofs_y = 0},
    {.bitmap_index = 34191, .adv_w = 241, .box_w = 16, .box_h = 38, .ofs_x = 0, .ofs_y = 0},
    {.bitmap_index = 34495, .adv_w = 241, .box_w = 15, .box_h = 38, .ofs_x = 0, .ofs_y = 0},
    {.bitmap_index = 34780, .adv_w = 228, .box_w = 17, .box_h = 38, .ofs_x = -2, .ofs_y = 0},
    {.bitmap_index = 35103, .adv_w = 0, .box_w = 17, .box_h = 12, .ofs_x = -20, .ofs_y = 26},
    {.bitmap_index = 35205, .adv_w = 0, .box_w = 5, .box_h = 9, .ofs_x = -8, .ofs_y = 26},
    {.bitmap_index = 35228, .adv_w = 0, .box_w = 16, .box_h = 11, .ofs_x = -17, .ofs_y = 25},
    {.bitmap_index = 35316, .adv_w = 0, .box_w = 11, .box_h = 11, .ofs_x = -12, .ofs_y = 26}
};

/*---------------------
 *  CHARACTER MAPPING
 *--------------------*/

static const uint8_t glyph_id_ofs_list_1[] = {
    0, 1, 0, 2, 0, 3, 4, 5,
    0, 6, 7, 0, 0, 8, 0, 0,
    0, 0, 9, 10, 11, 12, 13, 14,
    15, 16, 17, 0, 0, 18, 19, 20,
    21, 22, 23, 24, 25, 0, 26, 27,
    28, 29, 30, 31, 32, 0, 0, 33,
    34, 35, 36, 37, 38, 39, 40, 41,
    42, 0, 0, 0, 0, 0, 0, 43,
    44, 45, 46, 47, 0, 0, 48, 49,
    50, 0, 0, 51
};

/*Collect the unicode lists and glyph_id offsets*/
static const lv_font_fmt_txt_cmap_t cmaps[] =
{
    {
        .range_start = 32, .range_length = 95, .glyph_id_start = 1,
        .unicode_list = NULL, .glyph_id_ofs_list = NULL, .list_length = 0, .type = LV_FONT_FMT_TXT_CMAP_FORMAT0_TINY
    },
    {
        .range_start = 3585, .range_length = 76, .glyph_id_start = 96,
        .unicode_list = NULL, .glyph_id_ofs_list = glyph_id_ofs_list_1, .list_length = 76, .type = LV_FONT_FMT_TXT_CMAP_FORMAT0_FULL
    }
};

/*-----------------
 *    KERNING
 *----------------*/

/*Map glyph_ids to kern left classes*/
static const uint8_t kern_left_class_mapping[] =
{
    0, 0, 0, 1, 0, 0, 0, 2,
    1, 3, 0, 0, 0, 0, 0, 0,
    0, 0, 0, 0, 0, 0, 0, 0,
    0, 0, 0, 0, 0, 0, 0, 0,
    0, 0, 4, 0, 5, 6, 7, 8,
    0, 0, 0, 0, 5, 9, 0, 0,
    6, 10, 6, 0, 0, 11, 12, 13,
    13, 5, 14, 15, 0, 0, 0, 0,
    16, 0, 0, 17, 0, 0, 17, 0,
    0, 0, 0, 0, 0, 0, 0, 0,
    17, 17, 0, 18, 0, 0, 0, 19,
    19, 20, 19, 0, 0, 0, 0, 0,
    21, 0, 22, 0, 0, 23, 0, 0,
    21, 0, 24, 24, 21, 22, 0, 0,
    0, 0, 0, 0, 21, 0, 0, 0,
    21, 21, 22, 0, 23, 0, 0, 0,
    22, 25, 0, 21, 21, 0, 0, 0,
    0, 0, 0, 26, 26, 26, 26, 26,
    0, 0, 0, 0
};

/*Map glyph_ids to kern right classes*/
static const uint8_t kern_right_class_mapping[] =
{
    0, 0, 0, 1, 0, 0, 0, 2,
    1, 0, 0, 0, 0, 0, 0, 0,
    0, 0, 0, 0, 0, 0, 0, 0,
    0, 0, 0, 0, 0, 0, 0, 0,
    3, 0, 4, 0, 5, 0, 0, 0,
    5, 0, 0, 6, 0, 0, 0, 0,
    5, 0, 5, 0, 0, 7, 8, 9,
    9, 10, 11, 12, 0, 0, 0, 0,
    0, 0, 13, 0, 14, 14, 14, 0,
    15, 0, 0, 0, 0, 0, 16, 16,
    14, 16, 14, 16, 17, 0, 16, 18,
    18, 18, 18, 19, 0, 0, 0, 0,
    0, 0, 0, 0, 20, 21, 0, 0,
    0, 0, 0, 0, 0, 22, 0, 22,
    22, 22, 22, 22, 0, 0, 0, 23,
    0, 0, 24, 0, 22, 0, 22, 22,
    0, 0, 0, 24, 24, 0, 0, 0,
    0, 0, 0, 25, 25, 26, 26, 27,
    0, 0, 0, 0
};

/*Kern values between classes*/
static const int8_t kern_class_values[] =
{
    0, 0, 0, 0, 0, 0, 0, 0,
    0, 0, 0, 0, 0, 0, 0, 0,
    0, 0, 0, 0, 0, 0, 0, 0,
    0, 13, 3, 0, 0, 0, 0, 0,
    0, -38, 0, -13, 0, -19, 0, 0,
    0, 0, 0, 0, 0, 0, 0, 0,
    0, 0, 0, 0, 0, 0, 0, 0,
    0, 0, 0, 0, 0, 0, 0, 0,
    0, 0, 0, 0, 0, 0, 0, 0,
    0, 0, 0, 0, 0, 0, 0, 5,
    3, 0, 0, 0, 0, -13, 32, -45,
    0, -26, 0, -38, 0, 0, 0, 0,
    0, 0, 0, 0, 0, 0, 0, 0,
    0, 0, 0, 0, 0, 0, 0, 0,
    -13, 0, 0, 0, 0, 0, 0, 0,
    0, 0, 0, 0, 0, 0, 0, 0,
    0, 0, 0, 0, 0, 0, 0, 0,
    0, 0, -13, 0, 0, -19, 0, -6,
    -13, -6, -6, 0, 0, 0, 0, 0,
    0, 0, 0, 0, 0, 0, 0, 0,
    0, 0, 0, 0, 0, 0, 0, 38,
    0, 0, 0, 0, 0, 0, 0, 0,
    0, 0, 0, 0, 0, 0, 0, 0,
    0, 0, 0, 0, 0, 0, 0, 13,
    -13, 0, 0, 0, 0, 0, 0, 0,
    0, 0, 0, 0, 0, 0, 0, 0,
    0, 0, 0, 0, 0, 0, 0, 0,
    0, 0, 0, 0, -13, 0, -13, -6,
    -13, 0, -19, 0, 0, 0, 0, 0,
    0, 0, 0, 0, 0, 0, 0, 0,
    0, 0, 0, 0, -6, 0, -32, 0,
    0, 0, 0, 0, -13, 0, -6, 0,
    0, 0, 0, 0, 0, 0, 0, 0,
    0, 0, 0, 0, 0, 0, 0, -13,
    13, -45, -13, 0, 13, 0, 0, 0,
    0, 0, -51, -45, -45, -32, -38, -13,
    -26, 0, 0, 0, 0, 0, 0, 0,
    0, 0, 0, 0, -6, 0, 0, 0,
    0, 0, 0, 0, 0, 0, 0, 0,
    0, 0, 0, 0, 0, 0, 0, 0,
    0, 0, 0, 0, 0, 0, 13, -26,
    -6, 0, 0, 0, 0, 0, 0, 0,
    -13, -13, -6, -6, -6, 0, 0, 0,
    0, 0, 0, 0, 0, 0, 0, 0,
    -19, 13, -38, -13, 0, 0, 0, 0,
    0, 0, 0, -32, -32, -32, -19, -26,
    0, -13, 0, 0, 0, 0, 0, 0,
    0, 0, 0, 0, 0, 0, -6, 0,
    0, 0, 0, 0, 0, 0, 0, 0,
    0, 0, 0, 0, 0, 0, 0, 0,
    0, 0, 0, 0, 0, 0, 0, 0,
    0, 0, 61, 0, 0, 0, 0, 0,
    0, 0, 0, 0, 0, 0, 0, 0,
    0, 0, 0, 0, 0, 0, 0, 0,
    0, 0, 0, 0, 0, 0, 0, 0,
    0, 0, 0, 0, 0, 0, 0, 0,
    0, -13, -6, 0, 0, 0, 0, 0,
    0, 0, 0, 0, 0, 0, 0, 0,
    0, 0, 0, 0, 0, 0, 0, -13,
    -13, -6, 0, 0, 0, 0, 0, 0,
    0, 0, 0, 0, 0, 0, 0, 0,
    13, 0, 0, 0, 0, 0, 0, 0,
    0, 0, 0, 0, 0, 0, 0, 0,
    0, 0, 0, 0, 0, 0, 0, 0,
    0, 0, 0, 0, 0, 0, 0, 0,
    0, 0, 0, 0, 0, 0, -13, 0,
    0, 0, 0, 0, 0, 0, 0, 0,
    0, 0, 0, 0, 0, 0, 0, 0,
    0, 0, 0, 0, 0, 0, 0, 0,
    0, 0, 0, 0, 0, 0, 0, 0,
    0, 0, 0, -9, 0, 0, 0, 0,
    0, 0, 0, 0, 0, 0, 0, 0,
    0, 0, 0, 0, 0, 0, 0, 0,
    0, 0, 0, 0, 0, 0, -7, 0,
    0, 0, 0, 0, 0, 0, 0, 0,
    0, 0, 0, 0, 0, 0, 0, 0,
    0, 0, 0, 0, 0, 0, 0, 0,
    0, -6, 0, 0, 0, 0, 0, 0,
    0, 0, 0, 0, 0, 0, 0, 0,
    0, 0, 0, 0, 0, 0, 0, 0,
    0, 0, 0, 0, -15, 0, 0, 0,
    0, 0, 0, 0, 0, 0, 0, 0,
    0, 0, 0, 0, 0, 0, 0, 0,
    0, 0, 0, 0, 0, 0, 8, 0,
    -6, -6, -6, -37, 0, 0, 0, 0,
    0, 0, 0, 0, 0, 0, 0, 0,
    0, 0, 0, 0, 0, 0, -16, -8,
    -11, -10, -13, 0, 0, 0
};

/*Collect the kern class' data in one place*/
static const lv_font_fmt_txt_kern_classes_t kern_classes =
{
    .class_pair_values   = kern_class_values,
    .left_class_mapping  = kern_left_class_mapping,
    .right_class_mapping = kern_right_class_mapping,
    .left_class_cnt      = 26,
    .right_class_cnt     = 27,
};

/*--------------------
 *  ALL CUSTOM DATA
 *--------------------*/

#if LVGL_VERSION_MAJOR == 8
/*Store all the custom data of the font*/
static  lv_font_fmt_txt_glyph_cache_t cache;
#endif

#if LVGL_VERSION_MAJOR >= 8
static const lv_font_fmt_txt_dsc_t font_dsc = {
#else
static lv_font_fmt_txt_dsc_t font_dsc = {
#endif
    .glyph_bitmap = glyph_bitmap,
    .glyph_dsc = glyph_dsc,
    .cmaps = cmaps,
    .kern_dsc = &kern_classes,
    .kern_scale = 16,
    .cmap_num = 2,
    .bpp = 4,
    .kern_classes = 1,
    .bitmap_format = 0,
#if LVGL_VERSION_MAJOR == 8
    .cache = &cache
#endif

};

extern const lv_font_t NS_Medium_zh_40_data;


/*-----------------
 *  PUBLIC FONT
 *----------------*/

/*Initialize a public general font descriptor*/
#if LVGL_VERSION_MAJOR >= 8
const lv_font_t NS_Medium_th_40_data = {
#else
lv_font_t NS_Medium_th_40_data = {
#endif
    .get_glyph_dsc = lv_font_get_glyph_dsc_fmt_txt,    /*Function pointer to get glyph's data*/
    .get_glyph_bitmap = lv_font_get_bitmap_fmt_txt,    /*Function pointer to get glyph's bitmap*/
    .line_height = 51,          /*The maximum line height required by the font*/
    .base_line = 13,             /*Baseline measured from the bottom of the line*/
#if LV_VERSION_CHECK(9, 6, 0) || LVGL_VERSION_MAJOR >= 10
    .cap_height = 29,           /*Cap height of the font*/
    .x_height = 22,               /*x-height of the font*/
#endif
#if !(LVGL_VERSION_MAJOR == 6 && LVGL_VERSION_MINOR == 0)
    .subpx = LV_FONT_SUBPX_NONE,
#endif
#if LV_VERSION_CHECK(7, 4, 0) || LVGL_VERSION_MAJOR >= 8
    .underline_position = -4,
    .underline_thickness = 2,
#endif

#if LV_VERSION_CHECK(9, 3, 0)
    .static_bitmap = 1,    /*Bitmaps are stored as const so they are always static if not compressed */
#endif

    .dsc = &font_dsc,          /*The custom font data. Will be accessed by `get_glyph_bitmap/dsc` */
#if LV_VERSION_CHECK(8, 2, 0) || LVGL_VERSION_MAJOR >= 9
    .fallback = &NS_Medium_zh_40_data,
#endif
    .user_data = NULL,
};



#endif /*#if NS_MEDIUM_TH_40_DATA*/
