/*******************************************************************************
 * Size: 30 px
 * Bpp: 4
 * Opts: --font /fonts/raw/NotoSans-Medium.ttf -o /fonts/NS_Medium_hi_30_data.c --size 30 --bpp 4 --format lvgl --no-compress --symbols ँंअआइईउएऐऔकखगघचछजटठडढणतथदधनपफबभमयरलवशषसह़ािीुूृेैॉोौ्। --range 0x20-0x7F --lv-fallback NS_Medium_th_30_data
 ******************************************************************************/

#ifdef __has_include
    #if __has_include("lvgl.h")
        #ifndef LV_LVGL_H_INCLUDE_SIMPLE
            #define LV_LVGL_H_INCLUDE_SIMPLE
        #endif
    #endif
#endif

#ifdef LV_LVGL_H_INCLUDE_SIMPLE
    #include "lvgl.h"
#else
    #include "lvgl/lvgl.h"
#endif



#ifndef NS_MEDIUM_HI_30_DATA
#define NS_MEDIUM_HI_30_DATA 1
#endif

#if NS_MEDIUM_HI_30_DATA

/*-----------------
 *    BITMAPS
 *----------------*/

/*Store the image of the glyphs*/
static LV_ATTRIBUTE_LARGE_CONST const uint8_t glyph_bitmap[] = {
    /* U+0020 " " */

    /* U+0021 "!" */
    0xcf, 0xff, 0x0b, 0xff, 0xe0, 0xaf, 0xfd, 0x09,
    0xff, 0xc0, 0x9f, 0xfc, 0x08, 0xff, 0xb0, 0x7f,
    0xfa, 0x06, 0xff, 0x90, 0x6f, 0xf8, 0x05, 0xff,
    0x80, 0x4f, 0xf7, 0x03, 0xff, 0x60, 0x2f, 0xf5,
    0x02, 0xff, 0x50, 0x1f, 0xf4, 0x00, 0x99, 0x20,
    0x00, 0x00, 0x00, 0x67, 0x10, 0xbf, 0xfd, 0x0f,
    0xff, 0xf2, 0xef, 0xff, 0x15, 0xef, 0x70,

    /* U+0022 "\"" */
    0x0f, 0xff, 0x20, 0x4f, 0xfe, 0x0f, 0xff, 0x10,
    0x3f, 0xfd, 0x0e, 0xff, 0x00, 0x2f, 0xfc, 0x0d,
    0xfe, 0x00, 0x0f, 0xfb, 0x0b, 0xfd, 0x00, 0x0f,
    0xf9, 0x0a, 0xfc, 0x00, 0x0e, 0xf8, 0x09, 0xfb,
    0x00, 0x0d, 0xf7, 0x08, 0xf9, 0x00, 0x0b, 0xf6,

    /* U+0023 "#" */
    0x00, 0x00, 0x00, 0x0c, 0xfb, 0x00, 0x06, 0xff,
    0x00, 0x00, 0x00, 0x00, 0x00, 0xff, 0x80, 0x00,
    0x8f, 0xd0, 0x00, 0x00, 0x00, 0x00, 0x2f, 0xf5,
    0x00, 0x0b, 0xfa, 0x00, 0x00, 0x00, 0x00, 0x04,
    0xff, 0x20, 0x00, 0xef, 0x70, 0x00, 0x00, 0x00,
    0x00, 0x7f, 0xf0, 0x00, 0x1f, 0xf4, 0x00, 0x00,
    0x00, 0x00, 0x0a, 0xfc, 0x00, 0x04, 0xff, 0x10,
    0x00, 0x01, 0x66, 0x66, 0xdf, 0xc6, 0x66, 0xaf,
    0xf6, 0x66, 0x30, 0x2f, 0xff, 0xff, 0xff, 0xff,
    0xff, 0xff, 0xff, 0xfa, 0x02, 0xff, 0xff, 0xff,
    0xff, 0xff, 0xff, 0xff, 0xff, 0xa0, 0x00, 0x00,
    0x6f, 0xf0, 0x00, 0x1f, 0xf5, 0x00, 0x00, 0x00,
    0x00, 0x09, 0xfd, 0x00, 0x04, 0xff, 0x20, 0x00,
    0x00, 0x00, 0x00, 0xdf, 0x90, 0x00, 0x8f, 0xe0,
    0x00, 0x00, 0x00, 0x00, 0x0f, 0xf6, 0x00, 0x0b,
    0xfb, 0x00, 0x00, 0x04, 0xff, 0xff, 0xff, 0xff,
    0xff, 0xff, 0xff, 0xff, 0x90, 0x4f, 0xff, 0xff,
    0xff, 0xff, 0xff, 0xff, 0xff, 0xf9, 0x01, 0x66,
    0x6c, 0xfd, 0x66, 0x69, 0xff, 0x76, 0x66, 0x30,
    0x00, 0x00, 0xcf, 0xa0, 0x00, 0x7f, 0xf0, 0x00,
    0x00, 0x00, 0x00, 0x0f, 0xf7, 0x00, 0x0a, 0xfc,
    0x00, 0x00, 0x00, 0x00, 0x01, 0xff, 0x40, 0x00,
    0xdf, 0x90, 0x00, 0x00, 0x00, 0x00, 0x4f, 0xf2,
    0x00, 0x0f, 0xf6, 0x00, 0x00, 0x00, 0x00, 0x07,
    0xff, 0x00, 0x03, 0xff, 0x30, 0x00, 0x00, 0x00,
    0x00, 0x9f, 0xc0, 0x00, 0x6f, 0xf0, 0x00, 0x00,
    0x00,

    /* U+0024 "$" */
    0x00, 0x00, 0x00, 0x6f, 0x80, 0x00, 0x00, 0x00,
    0x00, 0x00, 0x06, 0xf8, 0x00, 0x00, 0x00, 0x00,
    0x00, 0x00, 0x6f, 0x80, 0x00, 0x00, 0x00, 0x00,
    0x5b, 0xef, 0xff, 0xfd, 0xa6, 0x10, 0x00, 0xbf,
    0xff, 0xff, 0xff, 0xff, 0xfe, 0x00, 0xaf, 0xff,
    0xed, 0xfd, 0xcf, 0xff, 0x80, 0x1f, 0xff, 0x60,
    0x6f, 0x80, 0x03, 0x82, 0x04, 0xff, 0xd0, 0x06,
    0xf8, 0x00, 0x00, 0x00, 0x4f, 0xfe, 0x00, 0x6f,
    0x80, 0x00, 0x00, 0x01, 0xff, 0xf8, 0x06, 0xf8,
    0x00, 0x00, 0x00, 0x0a, 0xff, 0xfd, 0xcf, 0x80,
    0x00, 0x00, 0x00, 0x0b, 0xff, 0xff, 0xfe, 0x71,
    0x00, 0x00, 0x00, 0x06, 0xdf, 0xff, 0xff, 0xfa,
    0x20, 0x00, 0x00, 0x00, 0x4b, 0xff, 0xff, 0xff,
    0x40, 0x00, 0x00, 0x00, 0x6f, 0xba, 0xff, 0xff,
    0x10, 0x00, 0x00, 0x06, 0xf8, 0x02, 0xef, 0xf7,
    0x00, 0x00, 0x00, 0x6f, 0x80, 0x08, 0xff, 0x90,
    0x00, 0x00, 0x06, 0xf8, 0x00, 0x9f, 0xf8, 0x4c,
    0x62, 0x00, 0x6f, 0x80, 0x7f, 0xff, 0x44, 0xff,
    0xfe, 0xcd, 0xff, 0xff, 0xff, 0xb0, 0x4f, 0xff,
    0xff, 0xff, 0xff, 0xff, 0xa0, 0x00, 0x38, 0xbe,
    0xff, 0xff, 0xc8, 0x20, 0x00, 0x00, 0x00, 0x00,
    0x6f, 0x80, 0x00, 0x00, 0x00, 0x00, 0x00, 0x06,
    0xf8, 0x00, 0x00, 0x00, 0x00, 0x00, 0x00, 0x6f,
    0x80, 0x00, 0x00, 0x00, 0x00, 0x00, 0x01, 0x42,
    0x00, 0x00, 0x00,

    /* U+0025 "%" */
    0x00, 0x5c, 0xff, 0xb3, 0x00, 0x00, 0x00, 0x00,
    0xdf, 0xc0, 0x00, 0x00, 0x06, 0xff, 0xff, 0xff,
    0x30, 0x00, 0x00, 0x07, 0xff, 0x30, 0x00, 0x00,
    0x0e, 0xfd, 0x46, 0xff, 0xc0, 0x00, 0x00, 0x0e,
    0xfb, 0x00, 0x00, 0x00, 0x5f, 0xf5, 0x00, 0x7f,
    0xf2, 0x00, 0x00, 0x8f, 0xf2, 0x00, 0x00, 0x00,
    0x8f, 0xf0, 0x00, 0x3f, 0xf6, 0x00, 0x01, 0xff,
    0x90, 0x00, 0x00, 0x00, 0xaf, 0xf0, 0x00, 0x0f,
    0xf8, 0x00, 0x09, 0xff, 0x10, 0x00, 0x00, 0x00,
    0xbf, 0xe0, 0x00, 0x0f, 0xf8, 0x00, 0x2f, 0xf8,
    0x00, 0x00, 0x00, 0x00, 0xaf, 0xe0, 0x00, 0x0f,
    0xf8, 0x00, 0xaf, 0xe1, 0x00, 0x00, 0x00, 0x00,
    0x9f, 0xf0, 0x00, 0x2f, 0xf6, 0x03, 0xff, 0x70,
    0x8e, 0xfe, 0x80, 0x00, 0x5f, 0xf3, 0x00, 0x6f,
    0xf3, 0x0c, 0xfe, 0x0a, 0xff, 0xff, 0xfc, 0x00,
    0x1f, 0xfb, 0x12, 0xdf, 0xe0, 0x4f, 0xf5, 0x3f,
    0xfb, 0x49, 0xff, 0x60, 0x07, 0xff, 0xff, 0xff,
    0x60, 0xdf, 0xd0, 0x9f, 0xf1, 0x00, 0xdf, 0xc0,
    0x00, 0x8f, 0xff, 0xf7, 0x06, 0xff, 0x40, 0xdf,
    0xc0, 0x00, 0x8f, 0xf0, 0x00, 0x01, 0x33, 0x00,
    0x0e, 0xfc, 0x00, 0xff, 0xa0, 0x00, 0x6f, 0xf2,
    0x00, 0x00, 0x00, 0x00, 0x7f, 0xf3, 0x00, 0xff,
    0x90, 0x00, 0x5f, 0xf3, 0x00, 0x00, 0x00, 0x01,
    0xef, 0xa0, 0x00, 0xff, 0x90, 0x00, 0x5f, 0xf3,
    0x00, 0x00, 0x00, 0x08, 0xff, 0x20, 0x00, 0xff,
    0xa0, 0x00, 0x6f, 0xf2, 0x00, 0x00, 0x00, 0x1f,
    0xf9, 0x00, 0x00, 0xcf, 0xc0, 0x00, 0x8f, 0xf0,
    0x00, 0x00, 0x00, 0xaf, 0xf1, 0x00, 0x00, 0x9f,
    0xf1, 0x00, 0xdf, 0xc0, 0x00, 0x00, 0x02, 0xff,
    0x80, 0x00, 0x00, 0x2f, 0xfb, 0x49, 0xff, 0x60,
    0x00, 0x00, 0x0b, 0xfe, 0x00, 0x00, 0x00, 0x08,
    0xff, 0xff, 0xfc, 0x00, 0x00, 0x00, 0x3f, 0xf6,
    0x00, 0x00, 0x00, 0x00, 0x7d, 0xfe, 0x91, 0x00,

    /* U+0026 "&" */
    0x00, 0x00, 0x29, 0xdf, 0xfe, 0xa3, 0x00, 0x00,
    0x00, 0x00, 0x00, 0x00, 0x04, 0xff, 0xff, 0xff,
    0xff, 0x60, 0x00, 0x00, 0x00, 0x00, 0x00, 0x1f,
    0xff, 0xfb, 0xae, 0xff, 0xf2, 0x00, 0x00, 0x00,
    0x00, 0x00, 0x6f, 0xfe, 0x10, 0x01, 0xdf, 0xf7,
    0x00, 0x00, 0x00, 0x00, 0x00, 0x9f, 0xf8, 0x00,
    0x00, 0x7f, 0xf9, 0x00, 0x00, 0x00, 0x00, 0x00,
    0x8f, 0xf9, 0x00, 0x00, 0x9f, 0xf8, 0x00, 0x00,
    0x00, 0x00, 0x00, 0x4f, 0xfe, 0x00, 0x01, 0xef,
    0xf3, 0x00, 0x00, 0x00, 0x00, 0x00, 0x0c, 0xff,
    0x90, 0x3e, 0xff, 0xa0, 0x00, 0x00, 0x00, 0x00,
    0x00, 0x03, 0xff, 0xfb, 0xff, 0xfb, 0x00, 0x00,
    0x00, 0x00, 0x00, 0x00, 0x00, 0x6f, 0xff, 0xff,
    0x80, 0x00, 0x00, 0x00, 0x00, 0x00, 0x00, 0x05,
    0xef, 0xff, 0xfa, 0x00, 0x00, 0x00, 0x14, 0x43,
    0x00, 0x00, 0x8f, 0xff, 0xbf, 0xff, 0x90, 0x00,
    0x00, 0x9f, 0xfa, 0x00, 0x07, 0xff, 0xf6, 0x04,
    0xff, 0xfa, 0x00, 0x00, 0xef, 0xf5, 0x00, 0x1f,
    0xff, 0x70, 0x00, 0x4f, 0xff, 0xa0, 0x05, 0xff,
    0xf0, 0x00, 0x5f, 0xff, 0x00, 0x00, 0x04, 0xff,
    0xfb, 0x0d, 0xff, 0x80, 0x00, 0x8f, 0xfd, 0x00,
    0x00, 0x00, 0x4f, 0xff, 0xef, 0xff, 0x10, 0x00,
    0x8f, 0xfe, 0x00, 0x00, 0x00, 0x04, 0xff, 0xff,
    0xf5, 0x00, 0x00, 0x5f, 0xff, 0x40, 0x00, 0x00,
    0x00, 0xaf, 0xff, 0xe0, 0x00, 0x00, 0x1f, 0xff,
    0xe6, 0x00, 0x01, 0x5d, 0xff, 0xff, 0xfb, 0x00,
    0x00, 0x07, 0xff, 0xff, 0xfe, 0xef, 0xff, 0xff,
    0x9f, 0xff, 0xb0, 0x00, 0x00, 0x8f, 0xff, 0xff,
    0xff, 0xff, 0xc3, 0x06, 0xff, 0xfa, 0x00, 0x00,
    0x02, 0x8d, 0xff, 0xfd, 0x94, 0x00, 0x00, 0x8f,
    0xff, 0x90,

    /* U+0027 "'" */
    0x0f, 0xff, 0x20, 0xff, 0xf1, 0x0e, 0xff, 0x00,
    0xdf, 0xe0, 0x0b, 0xfd, 0x00, 0xaf, 0xc0, 0x09,
    0xfb, 0x00, 0x8f, 0x90,

    /* U+0028 "(" */
    0x00, 0x00, 0xcf, 0xf2, 0x00, 0x07, 0xff, 0x70,
    0x00, 0x1f, 0xfe, 0x00, 0x00, 0x9f, 0xf6, 0x00,
    0x01, 0xff, 0xf0, 0x00, 0x07, 0xff, 0x90, 0x00,
    0x0c, 0xff, 0x40, 0x00, 0x1f, 0xff, 0x00, 0x00,
    0x4f, 0xfc, 0x00, 0x00, 0x7f, 0xf9, 0x00, 0x00,
    0x9f, 0xf6, 0x00, 0x00, 0xbf, 0xf5, 0x00, 0x00,
    0xcf, 0xf4, 0x00, 0x00, 0xcf, 0xf3, 0x00, 0x00,
    0xcf, 0xf4, 0x00, 0x00, 0xbf, 0xf5, 0x00, 0x00,
    0xaf, 0xf6, 0x00, 0x00, 0x8f, 0xf9, 0x00, 0x00,
    0x5f, 0xfc, 0x00, 0x00, 0x1f, 0xff, 0x00, 0x00,
    0x0d, 0xff, 0x40, 0x00, 0x08, 0xff, 0x90, 0x00,
    0x01, 0xff, 0xf0, 0x00, 0x00, 0xaf, 0xf6, 0x00,
    0x00, 0x2f, 0xfe, 0x00, 0x00, 0x07, 0xff, 0x70,
    0x00, 0x00, 0xcf, 0xf2,

    /* U+0029 ")" */
    0x0b, 0xff, 0x20, 0x00, 0x00, 0x2f, 0xfd, 0x00,
    0x00, 0x00, 0x8f, 0xf7, 0x00, 0x00, 0x01, 0xff,
    0xe0, 0x00, 0x00, 0x0a, 0xff, 0x70, 0x00, 0x00,
    0x3f, 0xfd, 0x00, 0x00, 0x00, 0xef, 0xf2, 0x00,
    0x00, 0x0a, 0xff, 0x60, 0x00, 0x00, 0x6f, 0xfa,
    0x00, 0x00, 0x03, 0xff, 0xd0, 0x00, 0x00, 0x1f,
    0xff, 0x00, 0x00, 0x00, 0xff, 0xf1, 0x00, 0x00,
    0x0f, 0xff, 0x20, 0x00, 0x00, 0xef, 0xf2, 0x00,
    0x00, 0x0e, 0xff, 0x20, 0x00, 0x00, 0xff, 0xf1,
    0x00, 0x00, 0x1f, 0xff, 0x00, 0x00, 0x03, 0xff,
    0xd0, 0x00, 0x00, 0x6f, 0xfb, 0x00, 0x00, 0x0a,
    0xff, 0x70, 0x00, 0x00, 0xef, 0xf3, 0x00, 0x00,
    0x3f, 0xfd, 0x00, 0x00, 0x09, 0xff, 0x70, 0x00,
    0x01, 0xff, 0xf1, 0x00, 0x00, 0x8f, 0xf7, 0x00,
    0x00, 0x2f, 0xfd, 0x00, 0x00, 0x0b, 0xff, 0x20,
    0x00, 0x00,

    /* U+002A "*" */
    0x00, 0x00, 0x06, 0xff, 0xb0, 0x00, 0x00, 0x00,
    0x00, 0x00, 0x4f, 0xfa, 0x00, 0x00, 0x00, 0x00,
    0x00, 0x02, 0xff, 0x80, 0x00, 0x00, 0x00, 0x00,
    0x00, 0x1f, 0xf6, 0x00, 0x00, 0x00, 0x59, 0x40,
    0x00, 0xff, 0x50, 0x02, 0x7a, 0x09, 0xff, 0xfa,
    0x6e, 0xf7, 0x9d, 0xff, 0xf0, 0xbf, 0xff, 0xff,
    0xff, 0xff, 0xff, 0xff, 0x24, 0x68, 0x9b, 0xef,
    0xff, 0xba, 0x87, 0x61, 0x00, 0x00, 0x2f, 0xff,
    0xf7, 0x00, 0x00, 0x00, 0x00, 0x0c, 0xfd, 0x9f,
    0xf3, 0x00, 0x00, 0x00, 0x08, 0xff, 0x72, 0xff,
    0xd0, 0x00, 0x00, 0x04, 0xff, 0xf0, 0x0a, 0xff,
    0xa0, 0x00, 0x00, 0xbf, 0xf9, 0x00, 0x2f, 0xff,
    0x20, 0x00, 0x00, 0x5d, 0x20, 0x00, 0xa9, 0x10,
    0x00, 0x00, 0x00, 0x00, 0x00, 0x00, 0x00, 0x00,
    0x00,

    /* U+002B "+" */
    0x00, 0x00, 0x00, 0xaf, 0xc0, 0x00, 0x00, 0x00,
    0x00, 0x00, 0x0b, 0xfc, 0x00, 0x00, 0x00, 0x00,
    0x00, 0x00, 0xbf, 0xc0, 0x00, 0x00, 0x00, 0x00,
    0x00, 0x0b, 0xfc, 0x00, 0x00, 0x00, 0x00, 0x00,
    0x00, 0xbf, 0xc0, 0x00, 0x00, 0x00, 0x00, 0x00,
    0x0b, 0xfc, 0x00, 0x00, 0x00, 0x48, 0x88, 0x88,
    0xdf, 0xe8, 0x88, 0x88, 0x59, 0xff, 0xff, 0xff,
    0xff, 0xff, 0xff, 0xfa, 0x9f, 0xff, 0xff, 0xff,
    0xff, 0xff, 0xff, 0xa0, 0x00, 0x00, 0x0b, 0xfc,
    0x00, 0x00, 0x00, 0x00, 0x00, 0x00, 0xbf, 0xc0,
    0x00, 0x00, 0x00, 0x00, 0x00, 0x0b, 0xfc, 0x00,
    0x00, 0x00, 0x00, 0x00, 0x00, 0xbf, 0xc0, 0x00,
    0x00, 0x00, 0x00, 0x00, 0x0b, 0xfc, 0x00, 0x00,
    0x00, 0x00, 0x00, 0x00, 0xbf, 0xc0, 0x00, 0x00,
    0x00,

    /* U+002C "," */
    0x03, 0x99, 0x90, 0x08, 0xff, 0xd0, 0x0b, 0xff,
    0x80, 0x0e, 0xff, 0x30, 0x1f, 0xfd, 0x00, 0x4f,
    0xf7, 0x00, 0x8f, 0xf1, 0x00, 0xbf, 0xa0, 0x00,

    /* U+002D "-" */
    0xcd, 0xdd, 0xdd, 0xd7, 0xef, 0xff, 0xff, 0xf8,
    0xef, 0xff, 0xff, 0xf8,

    /* U+002E "." */
    0x06, 0x71, 0x0b, 0xff, 0xd0, 0xff, 0xff, 0x2e,
    0xff, 0xf1, 0x5e, 0xf7, 0x00,

    /* U+002F "/" */
    0x00, 0x00, 0x00, 0x00, 0xef, 0xf1, 0x00, 0x00,
    0x00, 0x04, 0xff, 0xb0, 0x00, 0x00, 0x00, 0x0a,
    0xff, 0x60, 0x00, 0x00, 0x00, 0x0f, 0xff, 0x00,
    0x00, 0x00, 0x00, 0x6f, 0xfa, 0x00, 0x00, 0x00,
    0x00, 0xbf, 0xf4, 0x00, 0x00, 0x00, 0x01, 0xff,
    0xe0, 0x00, 0x00, 0x00, 0x07, 0xff, 0x80, 0x00,
    0x00, 0x00, 0x0d, 0xff, 0x30, 0x00, 0x00, 0x00,
    0x3f, 0xfd, 0x00, 0x00, 0x00, 0x00, 0x9f, 0xf7,
    0x00, 0x00, 0x00, 0x00, 0xef, 0xf1, 0x00, 0x00,
    0x00, 0x04, 0xff, 0xb0, 0x00, 0x00, 0x00, 0x0a,
    0xff, 0x60, 0x00, 0x00, 0x00, 0x0f, 0xff, 0x00,
    0x00, 0x00, 0x00, 0x6f, 0xfa, 0x00, 0x00, 0x00,
    0x00, 0xbf, 0xf4, 0x00, 0x00, 0x00, 0x01, 0xff,
    0xe0, 0x00, 0x00, 0x00, 0x07, 0xff, 0x90, 0x00,
    0x00, 0x00, 0x0d, 0xff, 0x30, 0x00, 0x00, 0x00,
    0x3f, 0xfd, 0x00, 0x00, 0x00, 0x00, 0x8f, 0xf7,
    0x00, 0x00, 0x00, 0x00,

    /* U+0030 "0" */
    0x00, 0x00, 0x6b, 0xef, 0xfc, 0x60, 0x00, 0x00,
    0x01, 0xcf, 0xff, 0xff, 0xff, 0xc0, 0x00, 0x00,
    0xbf, 0xff, 0xec, 0xef, 0xff, 0xb0, 0x00, 0x5f,
    0xff, 0x70, 0x00, 0x5f, 0xff, 0x50, 0x0c, 0xff,
    0xa0, 0x00, 0x00, 0x8f, 0xfc, 0x01, 0xff, 0xf2,
    0x00, 0x00, 0x01, 0xff, 0xf2, 0x4f, 0xfe, 0x00,
    0x00, 0x00, 0x0c, 0xff, 0x67, 0xff, 0xb0, 0x00,
    0x00, 0x00, 0xaf, 0xf9, 0x8f, 0xfa, 0x00, 0x00,
    0x00, 0x08, 0xff, 0xb9, 0xff, 0x90, 0x00, 0x00,
    0x00, 0x7f, 0xfc, 0xaf, 0xf8, 0x00, 0x00, 0x00,
    0x06, 0xff, 0xca, 0xff, 0x80, 0x00, 0x00, 0x00,
    0x6f, 0xfc, 0x9f, 0xf9, 0x00, 0x00, 0x00, 0x07,
    0xff, 0xc8, 0xff, 0xa0, 0x00, 0x00, 0x00, 0x8f,
    0xfb, 0x6f, 0xfb, 0x00, 0x00, 0x00, 0x0a, 0xff,
    0x93, 0xff, 0xe0, 0x00, 0x00, 0x00, 0xcf, 0xf6,
    0x0f, 0xff, 0x20, 0x00, 0x00, 0x1f, 0xff, 0x30,
    0xaf, 0xfa, 0x00, 0x00, 0x08, 0xff, 0xe0, 0x03,
    0xff, 0xf7, 0x00, 0x05, 0xff, 0xf7, 0x00, 0x09,
    0xff, 0xfe, 0xce, 0xff, 0xfd, 0x00, 0x00, 0x0a,
    0xff, 0xff, 0xff, 0xfd, 0x10, 0x00, 0x00, 0x05,
    0xbe, 0xff, 0xc6, 0x00, 0x00,

    /* U+0031 "1" */
    0x00, 0x00, 0x03, 0xef, 0xf2, 0x00, 0x00, 0x5f,
    0xff, 0xf2, 0x00, 0x09, 0xff, 0xff, 0xf2, 0x01,
    0xbf, 0xfe, 0xff, 0xf2, 0x2d, 0xff, 0xd2, 0xef,
    0xf2, 0x3f, 0xfc, 0x10, 0xff, 0xf2, 0x06, 0xa0,
    0x00, 0xff, 0xf2, 0x00, 0x00, 0x00, 0xff, 0xf2,
    0x00, 0x00, 0x00, 0xff, 0xf2, 0x00, 0x00, 0x00,
    0xff, 0xf2, 0x00, 0x00, 0x00, 0xff, 0xf2, 0x00,
    0x00, 0x00, 0xff, 0xf2, 0x00, 0x00, 0x00, 0xff,
    0xf2, 0x00, 0x00, 0x00, 0xff, 0xf2, 0x00, 0x00,
    0x00, 0xff, 0xf2, 0x00, 0x00, 0x00, 0xff, 0xf2,
    0x00, 0x00, 0x00, 0xff, 0xf2, 0x00, 0x00, 0x00,
    0xff, 0xf2, 0x00, 0x00, 0x00, 0xff, 0xf2, 0x00,
    0x00, 0x00, 0xff, 0xf2, 0x00, 0x00, 0x00, 0xff,
    0xf2, 0x00, 0x00, 0x00, 0xff, 0xf2,

    /* U+0032 "2" */
    0x00, 0x03, 0x9d, 0xff, 0xec, 0x70, 0x00, 0x00,
    0x1a, 0xff, 0xff, 0xff, 0xff, 0xe3, 0x00, 0x2e,
    0xff, 0xff, 0xdc, 0xef, 0xff, 0xe1, 0x00, 0xdf,
    0xe7, 0x10, 0x00, 0x6f, 0xff, 0x80, 0x02, 0xa1,
    0x00, 0x00, 0x00, 0x9f, 0xfd, 0x00, 0x00, 0x00,
    0x00, 0x00, 0x04, 0xff, 0xf0, 0x00, 0x00, 0x00,
    0x00, 0x00, 0x4f, 0xfe, 0x00, 0x00, 0x00, 0x00,
    0x00, 0x06, 0xff, 0xc0, 0x00, 0x00, 0x00, 0x00,
    0x00, 0xcf, 0xf7, 0x00, 0x00, 0x00, 0x00, 0x00,
    0x5f, 0xff, 0x10, 0x00, 0x00, 0x00, 0x00, 0x2e,
    0xff, 0x70, 0x00, 0x00, 0x00, 0x00, 0x1d, 0xff,
    0xb0, 0x00, 0x00, 0x00, 0x00, 0x0c, 0xff, 0xc0,
    0x00, 0x00, 0x00, 0x00, 0x0b, 0xff, 0xd1, 0x00,
    0x00, 0x00, 0x00, 0x0b, 0xff, 0xd1, 0x00, 0x00,
    0x00, 0x00, 0x0b, 0xff, 0xd1, 0x00, 0x00, 0x00,
    0x00, 0x0b, 0xff, 0xd1, 0x00, 0x00, 0x00, 0x00,
    0x0a, 0xff, 0xd1, 0x00, 0x00, 0x00, 0x00, 0x0a,
    0xff, 0xd1, 0x00, 0x00, 0x00, 0x00, 0x08, 0xff,
    0xff, 0xff, 0xff, 0xff, 0xff, 0xfc, 0xaf, 0xff,
    0xff, 0xff, 0xff, 0xff, 0xff, 0xca, 0xff, 0xff,
    0xff, 0xff, 0xff, 0xff, 0xfc,

    /* U+0033 "3" */
    0x00, 0x16, 0xbe, 0xff, 0xec, 0x81, 0x00, 0x00,
    0x8f, 0xff, 0xff, 0xff, 0xff, 0xf5, 0x00, 0x5f,
    0xff, 0xfd, 0xcb, 0xef, 0xff, 0xf3, 0x00, 0xaf,
    0x81, 0x00, 0x00, 0x4f, 0xff, 0xa0, 0x01, 0x10,
    0x00, 0x00, 0x00, 0x7f, 0xfe, 0x00, 0x00, 0x00,
    0x00, 0x00, 0x04, 0xff, 0xe0, 0x00, 0x00, 0x00,
    0x00, 0x00, 0x6f, 0xfc, 0x00, 0x00, 0x00, 0x00,
    0x00, 0x1d, 0xff, 0x60, 0x00, 0x00, 0x00, 0x02,
    0x7e, 0xff, 0xa0, 0x00, 0x00, 0x7f, 0xff, 0xff,
    0xfd, 0x50, 0x00, 0x00, 0x07, 0xff, 0xff, 0xfd,
    0x84, 0x00, 0x00, 0x00, 0x4b, 0xbb, 0xdf, 0xff,
    0xfb, 0x10, 0x00, 0x00, 0x00, 0x00, 0x06, 0xef,
    0xfc, 0x00, 0x00, 0x00, 0x00, 0x00, 0x03, 0xff,
    0xf4, 0x00, 0x00, 0x00, 0x00, 0x00, 0x0d, 0xff,
    0x80, 0x00, 0x00, 0x00, 0x00, 0x00, 0xcf, 0xf9,
    0x00, 0x00, 0x00, 0x00, 0x00, 0x0e, 0xff, 0x80,
    0x00, 0x00, 0x00, 0x00, 0x05, 0xff, 0xf4, 0xaa,
    0x40, 0x00, 0x00, 0x06, 0xff, 0xfd, 0x0b, 0xff,
    0xfd, 0xcb, 0xdf, 0xff, 0xff, 0x30, 0xaf, 0xff,
    0xff, 0xff, 0xff, 0xfd, 0x30, 0x00, 0x49, 0xce,
    0xff, 0xfd, 0xa5, 0x00, 0x00,

    /* U+0034 "4" */
    0x00, 0x00, 0x00, 0x00, 0x00, 0xdf, 0xfa, 0x00,
    0x00, 0x00, 0x00, 0x00, 0x00, 0x9f, 0xff, 0xa0,
    0x00, 0x00, 0x00, 0x00, 0x00, 0x4f, 0xff, 0xfa,
    0x00, 0x00, 0x00, 0x00, 0x00, 0x0e, 0xfe, 0xff,
    0xa0, 0x00, 0x00, 0x00, 0x00, 0x09, 0xff, 0x7f,
    0xfa, 0x00, 0x00, 0x00, 0x00, 0x04, 0xff, 0x86,
    0xff, 0xa0, 0x00, 0x00, 0x00, 0x01, 0xef, 0xd0,
    0x7f, 0xfa, 0x00, 0x00, 0x00, 0x00, 0xaf, 0xf3,
    0x07, 0xff, 0xa0, 0x00, 0x00, 0x00, 0x5f, 0xf7,
    0x00, 0x7f, 0xfa, 0x00, 0x00, 0x00, 0x1f, 0xfc,
    0x00, 0x07, 0xff, 0xa0, 0x00, 0x00, 0x0b, 0xff,
    0x20, 0x00, 0x7f, 0xfa, 0x00, 0x00, 0x06, 0xff,
    0x70, 0x00, 0x07, 0xff, 0xa0, 0x00, 0x02, 0xff,
    0xc0, 0x00, 0x00, 0x7f, 0xfa, 0x00, 0x00, 0xcf,
    0xf2, 0x00, 0x00, 0x07, 0xff, 0xa0, 0x00, 0x5f,
    0xfe, 0xcc, 0xcc, 0xcc, 0xef, 0xfe, 0xcc, 0x76,
    0xff, 0xff, 0xff, 0xff, 0xff, 0xff, 0xff, 0xf9,
    0x6f, 0xff, 0xff, 0xff, 0xff, 0xff, 0xff, 0xff,
    0x90, 0x00, 0x00, 0x00, 0x00, 0x07, 0xff, 0xa0,
    0x00, 0x00, 0x00, 0x00, 0x00, 0x00, 0x7f, 0xfa,
    0x00, 0x00, 0x00, 0x00, 0x00, 0x00, 0x07, 0xff,
    0xa0, 0x00, 0x00, 0x00, 0x00, 0x00, 0x00, 0x7f,
    0xfa, 0x00, 0x00, 0x00, 0x00, 0x00, 0x00, 0x07,
    0xff, 0xa0, 0x00,

    /* U+0035 "5" */
    0x00, 0xff, 0xff, 0xff, 0xff, 0xff, 0xf1, 0x00,
    0x0f, 0xff, 0xff, 0xff, 0xff, 0xff, 0x10, 0x02,
    0xff, 0xfe, 0xee, 0xee, 0xee, 0xe0, 0x00, 0x3f,
    0xfc, 0x00, 0x00, 0x00, 0x00, 0x00, 0x04, 0xff,
    0xa0, 0x00, 0x00, 0x00, 0x00, 0x00, 0x6f, 0xf9,
    0x00, 0x00, 0x00, 0x00, 0x00, 0x07, 0xff, 0x80,
    0x00, 0x00, 0x00, 0x00, 0x00, 0x8f, 0xf6, 0x00,
    0x00, 0x00, 0x00, 0x00, 0x09, 0xff, 0xdd, 0xff,
    0xfc, 0x71, 0x00, 0x00, 0xbf, 0xff, 0xff, 0xff,
    0xff, 0xf5, 0x00, 0x06, 0xff, 0xdc, 0xbc, 0xff,
    0xff, 0xf4, 0x00, 0x01, 0x00, 0x00, 0x00, 0x6f,
    0xff, 0xe0, 0x00, 0x00, 0x00, 0x00, 0x00, 0x5f,
    0xff, 0x40, 0x00, 0x00, 0x00, 0x00, 0x00, 0xef,
    0xf7, 0x00, 0x00, 0x00, 0x00, 0x00, 0x0b, 0xff,
    0x80, 0x00, 0x00, 0x00, 0x00, 0x00, 0xcf, 0xf7,
    0x00, 0x00, 0x00, 0x00, 0x00, 0x0e, 0xff, 0x50,
    0x00, 0x00, 0x00, 0x00, 0x07, 0xff, 0xf1, 0x3d,
    0x62, 0x00, 0x00, 0x18, 0xff, 0xf9, 0x03, 0xff,
    0xfe, 0xcc, 0xdf, 0xff, 0xfd, 0x00, 0x3f, 0xff,
    0xff, 0xff, 0xff, 0xfb, 0x10, 0x00, 0x27, 0xbe,
    0xff, 0xfd, 0x93, 0x00, 0x00,

    /* U+0036 "6" */
    0x00, 0x00, 0x00, 0x5a, 0xdf, 0xff, 0xf3, 0x00,
    0x00, 0x04, 0xef, 0xff, 0xff, 0xff, 0x40, 0x00,
    0x06, 0xff, 0xff, 0xca, 0x99, 0xb3, 0x00, 0x04,
    0xff, 0xf9, 0x10, 0x00, 0x00, 0x00, 0x00, 0xdf,
    0xf6, 0x00, 0x00, 0x00, 0x00, 0x00, 0x5f, 0xfa,
    0x00, 0x00, 0x00, 0x00, 0x00, 0x0b, 0xff, 0x30,
    0x00, 0x00, 0x00, 0x00, 0x00, 0xff, 0xe0, 0x03,
    0x79, 0x85, 0x00, 0x00, 0x3f, 0xfb, 0x1c, 0xff,
    0xff, 0xfe, 0x50, 0x05, 0xff, 0xad, 0xff, 0xff,
    0xff, 0xff, 0x60, 0x7f, 0xff, 0xfb, 0x30, 0x04,
    0xdf, 0xff, 0x18, 0xff, 0xfa, 0x00, 0x00, 0x01,
    0xef, 0xf7, 0x8f, 0xff, 0x00, 0x00, 0x00, 0x08,
    0xff, 0xb8, 0xff, 0xb0, 0x00, 0x00, 0x00, 0x5f,
    0xfd, 0x6f, 0xfb, 0x00, 0x00, 0x00, 0x04, 0xff,
    0xd4, 0xff, 0xe0, 0x00, 0x00, 0x00, 0x5f, 0xfc,
    0x0f, 0xff, 0x30, 0x00, 0x00, 0x08, 0xff, 0xa0,
    0xaf, 0xfb, 0x00, 0x00, 0x00, 0xef, 0xf6, 0x03,
    0xff, 0xf9, 0x00, 0x01, 0xbf, 0xfe, 0x00, 0x08,
    0xff, 0xff, 0xcc, 0xff, 0xff, 0x50, 0x00, 0x08,
    0xff, 0xff, 0xff, 0xff, 0x60, 0x00, 0x00, 0x03,
    0x9d, 0xff, 0xd9, 0x20, 0x00,

    /* U+0037 "7" */
    0xdf, 0xff, 0xff, 0xff, 0xff, 0xff, 0xff, 0xdd,
    0xff, 0xff, 0xff, 0xff, 0xff, 0xff, 0xfd, 0xce,
    0xee, 0xee, 0xee, 0xee, 0xef, 0xff, 0xc0, 0x00,
    0x00, 0x00, 0x00, 0x00, 0xdf, 0xf5, 0x00, 0x00,
    0x00, 0x00, 0x00, 0x4f, 0xfe, 0x00, 0x00, 0x00,
    0x00, 0x00, 0x0b, 0xff, 0x70, 0x00, 0x00, 0x00,
    0x00, 0x03, 0xff, 0xf1, 0x00, 0x00, 0x00, 0x00,
    0x00, 0xaf, 0xf9, 0x00, 0x00, 0x00, 0x00, 0x00,
    0x1f, 0xff, 0x20, 0x00, 0x00, 0x00, 0x00, 0x08,
    0xff, 0xb0, 0x00, 0x00, 0x00, 0x00, 0x00, 0xef,
    0xf4, 0x00, 0x00, 0x00, 0x00, 0x00, 0x6f, 0xfd,
    0x00, 0x00, 0x00, 0x00, 0x00, 0x0d, 0xff, 0x70,
    0x00, 0x00, 0x00, 0x00, 0x05, 0xff, 0xf0, 0x00,
    0x00, 0x00, 0x00, 0x00, 0xcf, 0xf9, 0x00, 0x00,
    0x00, 0x00, 0x00, 0x3f, 0xff, 0x20, 0x00, 0x00,
    0x00, 0x00, 0x0a, 0xff, 0xb0, 0x00, 0x00, 0x00,
    0x00, 0x02, 0xff, 0xf4, 0x00, 0x00, 0x00, 0x00,
    0x00, 0x8f, 0xfd, 0x00, 0x00, 0x00, 0x00, 0x00,
    0x0f, 0xff, 0x60, 0x00, 0x00, 0x00, 0x00, 0x07,
    0xff, 0xe0, 0x00, 0x00, 0x00, 0x00, 0x00, 0xef,
    0xf8, 0x00, 0x00, 0x00, 0x00,

    /* U+0038 "8" */
    0x00, 0x01, 0x7c, 0xef, 0xfc, 0x82, 0x00, 0x00,
    0x04, 0xef, 0xff, 0xff, 0xff, 0xf7, 0x00, 0x03,
    0xff, 0xff, 0xb9, 0xaf, 0xff, 0xf5, 0x00, 0xaf,
    0xfc, 0x10, 0x00, 0x0b, 0xff, 0xd0, 0x0e, 0xff,
    0x30, 0x00, 0x00, 0x2f, 0xff, 0x00, 0xef, 0xf1,
    0x00, 0x00, 0x00, 0xff, 0xf1, 0x0c, 0xff, 0x50,
    0x00, 0x00, 0x3f, 0xfe, 0x00, 0x6f, 0xfe, 0x20,
    0x00, 0x0c, 0xff, 0x70, 0x00, 0xcf, 0xff, 0x70,
    0x4d, 0xff, 0xb0, 0x00, 0x00, 0xbf, 0xff, 0xff,
    0xff, 0x80, 0x00, 0x00, 0x00, 0xbf, 0xff, 0xff,
    0x90, 0x00, 0x00, 0x02, 0xcf, 0xff, 0xff, 0xff,
    0xc2, 0x00, 0x03, 0xff, 0xfb, 0x20, 0x6e, 0xff,
    0xf4, 0x00, 0xef, 0xf8, 0x00, 0x00, 0x0a, 0xff,
    0xe1, 0x6f, 0xfc, 0x00, 0x00, 0x00, 0x0b, 0xff,
    0x89, 0xff, 0x70, 0x00, 0x00, 0x00, 0x5f, 0xfb,
    0xaf, 0xf7, 0x00, 0x00, 0x00, 0x05, 0xff, 0xc8,
    0xff, 0xb0, 0x00, 0x00, 0x00, 0x9f, 0xfa, 0x3f,
    0xff, 0x70, 0x00, 0x00, 0x6f, 0xff, 0x40, 0xaf,
    0xff, 0xda, 0x89, 0xdf, 0xff, 0xb0, 0x00, 0xaf,
    0xff, 0xff, 0xff, 0xff, 0xa0, 0x00, 0x00, 0x39,
    0xdf, 0xff, 0xd9, 0x30, 0x00,

    /* U+0039 "9" */
    0x00, 0x01, 0x8c, 0xff, 0xea, 0x40, 0x00, 0x00,
    0x05, 0xff, 0xff, 0xff, 0xff, 0xa0, 0x00, 0x04,
    0xff, 0xff, 0xcb, 0xdf, 0xff, 0xb0, 0x00, 0xdf,
    0xfc, 0x20, 0x00, 0x5f, 0xff, 0x60, 0x4f, 0xff,
    0x10, 0x00, 0x00, 0x5f, 0xfe, 0x08, 0xff, 0xa0,
    0x00, 0x00, 0x00, 0xdf, 0xf3, 0xaf, 0xf7, 0x00,
    0x00, 0x00, 0x09, 0xff, 0x7a, 0xff, 0x70, 0x00,
    0x00, 0x00, 0x7f, 0xfa, 0x8f, 0xfa, 0x00, 0x00,
    0x00, 0x0a, 0xff, 0xb5, 0xff, 0xf2, 0x00, 0x00,
    0x04, 0xff, 0xfb, 0x0e, 0xff, 0xd4, 0x00, 0x28,
    0xff, 0xff, 0xb0, 0x5f, 0xff, 0xff, 0xff, 0xfe,
    0x8f, 0xfa, 0x00, 0x4e, 0xff, 0xff, 0xfd, 0x38,
    0xff, 0x80, 0x00, 0x04, 0x89, 0x84, 0x00, 0xaf,
    0xf6, 0x00, 0x00, 0x00, 0x00, 0x00, 0x0e, 0xff,
    0x30, 0x00, 0x00, 0x00, 0x00, 0x03, 0xff, 0xe0,
    0x00, 0x00, 0x00, 0x00, 0x00, 0xbf, 0xf9, 0x00,
    0x00, 0x00, 0x00, 0x00, 0x7f, 0xff, 0x20, 0x00,
    0x00, 0x00, 0x02, 0xaf, 0xff, 0x70, 0x00, 0x2e,
    0xba, 0xbd, 0xff, 0xff, 0x90, 0x00, 0x02, 0xff,
    0xff, 0xff, 0xff, 0x60, 0x00, 0x00, 0x1d, 0xff,
    0xfe, 0xb6, 0x10, 0x00, 0x00,

    /* U+003A ":" */
    0x5e, 0xf7, 0x0e, 0xff, 0xf1, 0xff, 0xff, 0x2b,
    0xff, 0xd0, 0x06, 0x61, 0x00, 0x00, 0x00, 0x00,
    0x00, 0x00, 0x00, 0x00, 0x00, 0x00, 0x00, 0x00,
    0x00, 0x00, 0x00, 0x00, 0x00, 0x00, 0x06, 0x71,
    0x0b, 0xff, 0xd0, 0xff, 0xff, 0x2e, 0xff, 0xf1,
    0x5e, 0xf7, 0x00,

    /* U+003B ";" */
    0x00, 0x6e, 0xf7, 0x00, 0x0e, 0xff, 0xf0, 0x00,
    0xff, 0xff, 0x10, 0x0b, 0xff, 0xd0, 0x00, 0x06,
    0x61, 0x00, 0x00, 0x00, 0x00, 0x00, 0x00, 0x00,
    0x00, 0x00, 0x00, 0x00, 0x00, 0x00, 0x00, 0x00,
    0x00, 0x00, 0x00, 0x00, 0x00, 0x00, 0x00, 0x00,
    0x00, 0x00, 0x00, 0x00, 0x00, 0x00, 0x05, 0x99,
    0x70, 0x00, 0xbf, 0xfa, 0x00, 0x0e, 0xff, 0x50,
    0x01, 0xff, 0xf0, 0x00, 0x4f, 0xfa, 0x00, 0x08,
    0xff, 0x40, 0x00, 0xbf, 0xe0, 0x00, 0x0f, 0xf7,
    0x00, 0x00,

    /* U+003C "<" */
    0x00, 0x00, 0x00, 0x00, 0x00, 0x00, 0x05, 0x80,
    0x00, 0x00, 0x00, 0x00, 0x00, 0x5d, 0xfb, 0x00,
    0x00, 0x00, 0x00, 0x05, 0xdf, 0xff, 0xa0, 0x00,
    0x00, 0x00, 0x4c, 0xff, 0xfd, 0x50, 0x00, 0x00,
    0x04, 0xcf, 0xff, 0xc5, 0x00, 0x00, 0x00, 0x3b,
    0xff, 0xfc, 0x40, 0x00, 0x00, 0x03, 0xbf, 0xff,
    0xc4, 0x00, 0x00, 0x00, 0x07, 0xff, 0xfb, 0x40,
    0x00, 0x00, 0x00, 0x00, 0x9f, 0xff, 0x92, 0x00,
    0x00, 0x00, 0x00, 0x02, 0x9f, 0xff, 0xfb, 0x40,
    0x00, 0x00, 0x00, 0x00, 0x17, 0xef, 0xff, 0xd6,
    0x00, 0x00, 0x00, 0x00, 0x00, 0x6d, 0xff, 0xff,
    0x92, 0x00, 0x00, 0x00, 0x00, 0x04, 0xcf, 0xff,
    0xfb, 0x30, 0x00, 0x00, 0x00, 0x00, 0x3a, 0xff,
    0xfb, 0x00, 0x00, 0x00, 0x00, 0x00, 0x02, 0x9f,
    0xb0, 0x00, 0x00, 0x00, 0x00, 0x00, 0x00, 0x14,

    /* U+003D "=" */
    0x38, 0x88, 0x88, 0x88, 0x88, 0x88, 0x88, 0x47,
    0xff, 0xff, 0xff, 0xff, 0xff, 0xff, 0xf8, 0x7f,
    0xff, 0xff, 0xff, 0xff, 0xff, 0xff, 0x80, 0x00,
    0x00, 0x00, 0x00, 0x00, 0x00, 0x00, 0x00, 0x00,
    0x00, 0x00, 0x00, 0x00, 0x00, 0x00, 0x00, 0x00,
    0x00, 0x00, 0x00, 0x00, 0x00, 0x38, 0x88, 0x88,
    0x88, 0x88, 0x88, 0x88, 0x47, 0xff, 0xff, 0xff,
    0xff, 0xff, 0xff, 0xf8, 0x7f, 0xff, 0xff, 0xff,
    0xff, 0xff, 0xff, 0x80,

    /* U+003E ">" */
    0x77, 0x00, 0x00, 0x00, 0x00, 0x00, 0x00, 0x09,
    0xfe, 0x60, 0x00, 0x00, 0x00, 0x00, 0x00, 0x8f,
    0xff, 0xd6, 0x00, 0x00, 0x00, 0x00, 0x00, 0x4c,
    0xff, 0xfd, 0x50, 0x00, 0x00, 0x00, 0x00, 0x04,
    0xcf, 0xff, 0xd5, 0x00, 0x00, 0x00, 0x00, 0x00,
    0x3b, 0xff, 0xfc, 0x40, 0x00, 0x00, 0x00, 0x00,
    0x03, 0xbf, 0xff, 0xc4, 0x00, 0x00, 0x00, 0x00,
    0x00, 0x3a, 0xff, 0xf9, 0x00, 0x00, 0x00, 0x00,
    0x01, 0x8f, 0xff, 0xb0, 0x00, 0x00, 0x00, 0x3a,
    0xff, 0xff, 0xa2, 0x00, 0x00, 0x06, 0xcf, 0xff,
    0xf8, 0x10, 0x00, 0x01, 0x8e, 0xff, 0xfe, 0x70,
    0x00, 0x00, 0x2a, 0xff, 0xff, 0xc5, 0x00, 0x00,
    0x00, 0x09, 0xff, 0xfb, 0x40, 0x00, 0x00, 0x00,
    0x00, 0x9f, 0xa2, 0x00, 0x00, 0x00, 0x00, 0x00,
    0x03, 0x10, 0x00, 0x00, 0x00, 0x00, 0x00, 0x00,

    /* U+003F "?" */
    0x00, 0x4a, 0xdf, 0xff, 0xc8, 0x10, 0x05, 0xef,
    0xff, 0xff, 0xff, 0xfe, 0x30, 0x4f, 0xff, 0xfd,
    0xce, 0xff, 0xfe, 0x00, 0xc9, 0x30, 0x00, 0x05,
    0xff, 0xf6, 0x00, 0x00, 0x00, 0x00, 0x08, 0xff,
    0x90, 0x00, 0x00, 0x00, 0x00, 0x6f, 0xfa, 0x00,
    0x00, 0x00, 0x00, 0x08, 0xff, 0x80, 0x00, 0x00,
    0x00, 0x02, 0xef, 0xf2, 0x00, 0x00, 0x00, 0x02,
    0xef, 0xf9, 0x00, 0x00, 0x00, 0x04, 0xff, 0xfa,
    0x00, 0x00, 0x00, 0x05, 0xff, 0xf8, 0x00, 0x00,
    0x00, 0x02, 0xff, 0xf5, 0x00, 0x00, 0x00, 0x00,
    0x8f, 0xf6, 0x00, 0x00, 0x00, 0x00, 0x0b, 0xfe,
    0x00, 0x00, 0x00, 0x00, 0x00, 0xcf, 0xc0, 0x00,
    0x00, 0x00, 0x00, 0x02, 0x32, 0x00, 0x00, 0x00,
    0x00, 0x00, 0x00, 0x00, 0x00, 0x00, 0x00, 0x00,
    0x03, 0x74, 0x00, 0x00, 0x00, 0x00, 0x03, 0xff,
    0xf6, 0x00, 0x00, 0x00, 0x00, 0x6f, 0xff, 0xa0,
    0x00, 0x00, 0x00, 0x05, 0xff, 0xf9, 0x00, 0x00,
    0x00, 0x00, 0x0a, 0xfc, 0x10, 0x00, 0x00,

    /* U+0040 "@" */
    0x00, 0x00, 0x00, 0x00, 0x27, 0xbe, 0xff, 0xfd,
    0xa5, 0x00, 0x00, 0x00, 0x00, 0x00, 0x00, 0x03,
    0xcf, 0xff, 0xff, 0xff, 0xff, 0xfe, 0x70, 0x00,
    0x00, 0x00, 0x00, 0x08, 0xff, 0xfe, 0xa7, 0x54,
    0x57, 0xcf, 0xff, 0xc1, 0x00, 0x00, 0x00, 0x0b,
    0xff, 0xd5, 0x00, 0x00, 0x00, 0x00, 0x2a, 0xff,
    0xd0, 0x00, 0x00, 0x09, 0xff, 0x90, 0x00, 0x00,
    0x00, 0x00, 0x00, 0x07, 0xff, 0xa0, 0x00, 0x05,
    0xff, 0x90, 0x00, 0x07, 0xcf, 0xfe, 0xd9, 0x50,
    0x09, 0xff, 0x30, 0x00, 0xdf, 0xd0, 0x00, 0x3e,
    0xff, 0xff, 0xff, 0xfd, 0x00, 0x0e, 0xfa, 0x00,
    0x5f, 0xf4, 0x00, 0x1e, 0xff, 0x94, 0x35, 0xef,
    0xc0, 0x00, 0x8f, 0xe0, 0x0b, 0xfd, 0x00, 0x09,
    0xff, 0x50, 0x00, 0x0d, 0xfb, 0x00, 0x04, 0xff,
    0x20, 0xff, 0x80, 0x00, 0xff, 0xc0, 0x00, 0x00,
    0xef, 0xb0, 0x00, 0x2f, 0xf4, 0x2f, 0xf5, 0x00,
    0x3f, 0xf7, 0x00, 0x00, 0x0e, 0xfa, 0x00, 0x01,
    0xff, 0x44, 0xff, 0x30, 0x05, 0xff, 0x40, 0x00,
    0x00, 0xff, 0x90, 0x00, 0x2f, 0xf4, 0x5f, 0xf2,
    0x00, 0x5f, 0xf4, 0x00, 0x00, 0x1f, 0xf8, 0x00,
    0x04, 0xff, 0x25, 0xff, 0x20, 0x04, 0xff, 0x60,
    0x00, 0x05, 0xff, 0x80, 0x00, 0x8f, 0xe0, 0x4f,
    0xf3, 0x00, 0x1f, 0xfb, 0x00, 0x00, 0xcf, 0xfa,
    0x00, 0x0e, 0xf9, 0x02, 0xff, 0x60, 0x00, 0xaf,
    0xfa, 0x33, 0xaf, 0xcf, 0xf5, 0x3b, 0xff, 0x10,
    0x0e, 0xfa, 0x00, 0x01, 0xef, 0xff, 0xff, 0xd1,
    0xbf, 0xff, 0xff, 0x50, 0x00, 0x9f, 0xf1, 0x00,
    0x01, 0x9e, 0xfe, 0x91, 0x00, 0x9f, 0xfc, 0x40,
    0x00, 0x03, 0xff, 0xb0, 0x00, 0x00, 0x00, 0x00,
    0x00, 0x00, 0x00, 0x00, 0x00, 0x00, 0x0a, 0xff,
    0x80, 0x00, 0x00, 0x00, 0x00, 0x00, 0x00, 0x00,
    0x00, 0x00, 0x00, 0x0d, 0xff, 0xb2, 0x00, 0x00,
    0x00, 0x00, 0x03, 0x50, 0x00, 0x00, 0x00, 0x00,
    0x1c, 0xff, 0xfc, 0x85, 0x44, 0x57, 0xae, 0xfb,
    0x00, 0x00, 0x00, 0x00, 0x00, 0x07, 0xef, 0xff,
    0xff, 0xff, 0xff, 0xff, 0x90, 0x00, 0x00, 0x00,
    0x00, 0x00, 0x00, 0x59, 0xce, 0xff, 0xfd, 0xa7,
    0x20, 0x00, 0x00, 0x00,

    /* U+0041 "A" */
    0x00, 0x00, 0x00, 0x01, 0xff, 0xfa, 0x00, 0x00,
    0x00, 0x00, 0x00, 0x00, 0x00, 0x06, 0xff, 0xff,
    0x10, 0x00, 0x00, 0x00, 0x00, 0x00, 0x00, 0x0c,
    0xff, 0xff, 0x60, 0x00, 0x00, 0x00, 0x00, 0x00,
    0x00, 0x2f, 0xfc, 0xff, 0xc0, 0x00, 0x00, 0x00,
    0x00, 0x00, 0x00, 0x8f, 0xf6, 0xdf, 0xf2, 0x00,
    0x00, 0x00, 0x00, 0x00, 0x00, 0xef, 0xf2, 0x8f,
    0xf8, 0x00, 0x00, 0x00, 0x00, 0x00, 0x04, 0xff,
    0xe0, 0x3f, 0xfe, 0x00, 0x00, 0x00, 0x00, 0x00,
    0x0a, 0xff, 0x80, 0x0e, 0xff, 0x40, 0x00, 0x00,
    0x00, 0x00, 0x0f, 0xff, 0x30, 0x09, 0xff, 0xa0,
    0x00, 0x00, 0x00, 0x00, 0x6f, 0xfd, 0x00, 0x03,
    0xff, 0xf0, 0x00, 0x00, 0x00, 0x00, 0xcf, 0xf8,
    0x00, 0x00, 0xdf, 0xf6, 0x00, 0x00, 0x00, 0x02,
    0xff, 0xf2, 0x00, 0x00, 0x8f, 0xfb, 0x00, 0x00,
    0x00, 0x07, 0xff, 0xc0, 0x00, 0x00, 0x3f, 0xff,
    0x10, 0x00, 0x00, 0x0d, 0xff, 0xff, 0xff, 0xff,
    0xff, 0xff, 0x70, 0x00, 0x00, 0x3f, 0xff, 0xff,
    0xff, 0xff, 0xff, 0xff, 0xd0, 0x00, 0x00, 0x9f,
    0xff, 0xee, 0xee, 0xee, 0xee, 0xff, 0xf3, 0x00,
    0x00, 0xff, 0xf7, 0x00, 0x00, 0x00, 0x00, 0xef,
    0xf9, 0x00, 0x05, 0xff, 0xf1, 0x00, 0x00, 0x00,
    0x00, 0x8f, 0xfe, 0x00, 0x0b, 0xff, 0xb0, 0x00,
    0x00, 0x00, 0x00, 0x2f, 0xff, 0x50, 0x1f, 0xff,
    0x50, 0x00, 0x00, 0x00, 0x00, 0x0c, 0xff, 0xb0,
    0x7f, 0xfe, 0x00, 0x00, 0x00, 0x00, 0x00, 0x05,
    0xff, 0xf1, 0xdf, 0xf9, 0x00, 0x00, 0x00, 0x00,
    0x00, 0x00, 0xff, 0xf7,

    /* U+0042 "B" */
    0x3f, 0xff, 0xff, 0xff, 0xfe, 0xb8, 0x20, 0x00,
    0x03, 0xff, 0xff, 0xff, 0xff, 0xff, 0xff, 0xa0,
    0x00, 0x3f, 0xff, 0xcc, 0xcc, 0xcf, 0xff, 0xff,
    0xa0, 0x03, 0xff, 0xf1, 0x00, 0x00, 0x04, 0xef,
    0xff, 0x10, 0x3f, 0xff, 0x10, 0x00, 0x00, 0x03,
    0xff, 0xf5, 0x03, 0xff, 0xf1, 0x00, 0x00, 0x00,
    0x0f, 0xff, 0x50, 0x3f, 0xff, 0x10, 0x00, 0x00,
    0x01, 0xff, 0xf4, 0x03, 0xff, 0xf1, 0x00, 0x00,
    0x00, 0x6f, 0xfe, 0x00, 0x3f, 0xff, 0x10, 0x00,
    0x02, 0x7f, 0xff, 0x50, 0x03, 0xff, 0xff, 0xff,
    0xff, 0xff, 0xfc, 0x40, 0x00, 0x3f, 0xff, 0xff,
    0xff, 0xff, 0xfd, 0x71, 0x00, 0x03, 0xff, 0xfb,
    0xaa, 0xab, 0xdf, 0xff, 0xf5, 0x00, 0x3f, 0xff,
    0x10, 0x00, 0x00, 0x1a, 0xff, 0xf4, 0x03, 0xff,
    0xf1, 0x00, 0x00, 0x00, 0x0d, 0xff, 0xb0, 0x3f,
    0xff, 0x10, 0x00, 0x00, 0x00, 0x7f, 0xff, 0x03,
    0xff, 0xf1, 0x00, 0x00, 0x00, 0x06, 0xff, 0xf0,
    0x3f, 0xff, 0x10, 0x00, 0x00, 0x00, 0x8f, 0xff,
    0x03, 0xff, 0xf1, 0x00, 0x00, 0x00, 0x0e, 0xff,
    0xd0, 0x3f, 0xff, 0x10, 0x00, 0x00, 0x2c, 0xff,
    0xf6, 0x03, 0xff, 0xfc, 0xcc, 0xcc, 0xef, 0xff,
    0xfc, 0x00, 0x3f, 0xff, 0xff, 0xff, 0xff, 0xff,
    0xfb, 0x00, 0x03, 0xff, 0xff, 0xff, 0xff, 0xfd,
    0x93, 0x00, 0x00,

    /* U+0043 "C" */
    0x00, 0x00, 0x00, 0x27, 0xbe, 0xff, 0xec, 0x95,
    0x00, 0x00, 0x00, 0x19, 0xff, 0xff, 0xff, 0xff,
    0xff, 0xe0, 0x00, 0x02, 0xdf, 0xff, 0xff, 0xee,
    0xff, 0xff, 0x90, 0x00, 0x1d, 0xff, 0xfc, 0x50,
    0x00, 0x03, 0x8e, 0x20, 0x00, 0x9f, 0xff, 0x90,
    0x00, 0x00, 0x00, 0x00, 0x00, 0x02, 0xff, 0xfb,
    0x00, 0x00, 0x00, 0x00, 0x00, 0x00, 0x08, 0xff,
    0xf2, 0x00, 0x00, 0x00, 0x00, 0x00, 0x00, 0x0d,
    0xff, 0xb0, 0x00, 0x00, 0x00, 0x00, 0x00, 0x00,
    0x0f, 0xff, 0x70, 0x00, 0x00, 0x00, 0x00, 0x00,
    0x00, 0x2f, 0xff, 0x40, 0x00, 0x00, 0x00, 0x00,
    0x00, 0x00, 0x3f, 0xff, 0x30, 0x00, 0x00, 0x00,
    0x00, 0x00, 0x00, 0x3f, 0xff, 0x30, 0x00, 0x00,
    0x00, 0x00, 0x00, 0x00, 0x2f, 0xff, 0x40, 0x00,
    0x00, 0x00, 0x00, 0x00, 0x00, 0x0f, 0xff, 0x60,
    0x00, 0x00, 0x00, 0x00, 0x00, 0x00, 0x0e, 0xff,
    0xa0, 0x00, 0x00, 0x00, 0x00, 0x00, 0x00, 0x09,
    0xff, 0xf1, 0x00, 0x00, 0x00, 0x00, 0x00, 0x00,
    0x04, 0xff, 0xf9, 0x00, 0x00, 0x00, 0x00, 0x00,
    0x00, 0x00, 0xcf, 0xff, 0x70, 0x00, 0x00, 0x00,
    0x00, 0x00, 0x00, 0x3f, 0xff, 0xfb, 0x40, 0x00,
    0x01, 0x59, 0x30, 0x00, 0x05, 0xff, 0xff, 0xff,
    0xee, 0xff, 0xff, 0x40, 0x00, 0x00, 0x3d, 0xff,
    0xff, 0xff, 0xff, 0xff, 0x40, 0x00, 0x00, 0x00,
    0x4a, 0xdf, 0xff, 0xec, 0x94, 0x00,

    /* U+0044 "D" */
    0x3f, 0xff, 0xff, 0xff, 0xfe, 0xb7, 0x10, 0x00,
    0x00, 0x03, 0xff, 0xff, 0xff, 0xff, 0xff, 0xff,
    0x91, 0x00, 0x00, 0x3f, 0xff, 0xdd, 0xdd, 0xef,
    0xff, 0xff, 0xe2, 0x00, 0x03, 0xff, 0xf1, 0x00,
    0x00, 0x05, 0xcf, 0xff, 0xe1, 0x00, 0x3f, 0xff,
    0x10, 0x00, 0x00, 0x00, 0x8f, 0xff, 0xa0, 0x03,
    0xff, 0xf1, 0x00, 0x00, 0x00, 0x00, 0xaf, 0xff,
    0x20, 0x3f, 0xff, 0x10, 0x00, 0x00, 0x00, 0x01,
    0xff, 0xf8, 0x03, 0xff, 0xf1, 0x00, 0x00, 0x00,
    0x00, 0x0b, 0xff, 0xd0, 0x3f, 0xff, 0x10, 0x00,
    0x00, 0x00, 0x00, 0x7f, 0xff, 0x03, 0xff, 0xf1,
    0x00, 0x00, 0x00, 0x00, 0x05, 0xff, 0xf1, 0x3f,
    0xff, 0x10, 0x00, 0x00, 0x00, 0x00, 0x4f, 0xff,
    0x23, 0xff, 0xf1, 0x00, 0x00, 0x00, 0x00, 0x04,
    0xff, 0xf2, 0x3f, 0xff, 0x10, 0x00, 0x00, 0x00,
    0x00, 0x5f, 0xff, 0x13, 0xff, 0xf1, 0x00, 0x00,
    0x00, 0x00, 0x08, 0xff, 0xf0, 0x3f, 0xff, 0x10,
    0x00, 0x00, 0x00, 0x00, 0xcf, 0xfb, 0x03, 0xff,
    0xf1, 0x00, 0x00, 0x00, 0x00, 0x3f, 0xff, 0x60,
    0x3f, 0xff, 0x10, 0x00, 0x00, 0x00, 0x0c, 0xff,
    0xf1, 0x03, 0xff, 0xf1, 0x00, 0x00, 0x00, 0x1b,
    0xff, 0xf7, 0x00, 0x3f, 0xff, 0x10, 0x00, 0x02,
    0x7e, 0xff, 0xfb, 0x00, 0x03, 0xff, 0xfd, 0xdd,
    0xef, 0xff, 0xff, 0xfb, 0x00, 0x00, 0x3f, 0xff,
    0xff, 0xff, 0xff, 0xff, 0xe6, 0x00, 0x00, 0x03,
    0xff, 0xff, 0xff, 0xfe, 0xc9, 0x50, 0x00, 0x00,
    0x00,

    /* U+0045 "E" */
    0x2f, 0xff, 0xff, 0xff, 0xff, 0xff, 0xe2, 0xff,
    0xff, 0xff, 0xff, 0xff, 0xfe, 0x2f, 0xff, 0xdd,
    0xdd, 0xdd, 0xdd, 0xc2, 0xff, 0xf1, 0x00, 0x00,
    0x00, 0x00, 0x2f, 0xff, 0x10, 0x00, 0x00, 0x00,
    0x02, 0xff, 0xf1, 0x00, 0x00, 0x00, 0x00, 0x2f,
    0xff, 0x10, 0x00, 0x00, 0x00, 0x02, 0xff, 0xf1,
    0x00, 0x00, 0x00, 0x00, 0x2f, 0xff, 0x10, 0x00,
    0x00, 0x00, 0x02, 0xff, 0xff, 0xff, 0xff, 0xff,
    0xf6, 0x2f, 0xff, 0xff, 0xff, 0xff, 0xff, 0x62,
    0xff, 0xfd, 0xdd, 0xdd, 0xdd, 0xd4, 0x2f, 0xff,
    0x10, 0x00, 0x00, 0x00, 0x02, 0xff, 0xf1, 0x00,
    0x00, 0x00, 0x00, 0x2f, 0xff, 0x10, 0x00, 0x00,
    0x00, 0x02, 0xff, 0xf1, 0x00, 0x00, 0x00, 0x00,
    0x2f, 0xff, 0x10, 0x00, 0x00, 0x00, 0x02, 0xff,
    0xf1, 0x00, 0x00, 0x00, 0x00, 0x2f, 0xff, 0x10,
    0x00, 0x00, 0x00, 0x02, 0xff, 0xfe, 0xee, 0xee,
    0xee, 0xec, 0x2f, 0xff, 0xff, 0xff, 0xff, 0xff,
    0xe2, 0xff, 0xff, 0xff, 0xff, 0xff, 0xfe,

    /* U+0046 "F" */
    0x2f, 0xff, 0xff, 0xff, 0xff, 0xff, 0xe2, 0xff,
    0xff, 0xff, 0xff, 0xff, 0xfe, 0x2f, 0xff, 0xdd,
    0xdd, 0xdd, 0xdd, 0xc2, 0xff, 0xf1, 0x00, 0x00,
    0x00, 0x00, 0x2f, 0xff, 0x10, 0x00, 0x00, 0x00,
    0x02, 0xff, 0xf1, 0x00, 0x00, 0x00, 0x00, 0x2f,
    0xff, 0x10, 0x00, 0x00, 0x00, 0x02, 0xff, 0xf1,
    0x00, 0x00, 0x00, 0x00, 0x2f, 0xff, 0x10, 0x00,
    0x00, 0x00, 0x02, 0xff, 0xf1, 0x00, 0x00, 0x00,
    0x00, 0x2f, 0xff, 0xff, 0xff, 0xff, 0xff, 0x52,
    0xff, 0xff, 0xff, 0xff, 0xff, 0xf5, 0x2f, 0xff,
    0xdd, 0xdd, 0xdd, 0xdd, 0x42, 0xff, 0xf1, 0x00,
    0x00, 0x00, 0x00, 0x2f, 0xff, 0x10, 0x00, 0x00,
    0x00, 0x02, 0xff, 0xf1, 0x00, 0x00, 0x00, 0x00,
    0x2f, 0xff, 0x10, 0x00, 0x00, 0x00, 0x02, 0xff,
    0xf1, 0x00, 0x00, 0x00, 0x00, 0x2f, 0xff, 0x10,
    0x00, 0x00, 0x00, 0x02, 0xff, 0xf1, 0x00, 0x00,
    0x00, 0x00, 0x2f, 0xff, 0x10, 0x00, 0x00, 0x00,
    0x02, 0xff, 0xf1, 0x00, 0x00, 0x00, 0x00,

    /* U+0047 "G" */
    0x00, 0x00, 0x00, 0x05, 0x9d, 0xef, 0xfe, 0xc9,
    0x50, 0x00, 0x00, 0x00, 0x6e, 0xff, 0xff, 0xff,
    0xff, 0xff, 0xf2, 0x00, 0x00, 0xaf, 0xff, 0xff,
    0xfe, 0xef, 0xff, 0xfc, 0x00, 0x00, 0xbf, 0xff,
    0xe8, 0x20, 0x00, 0x02, 0x6c, 0x60, 0x00, 0x7f,
    0xff, 0xc1, 0x00, 0x00, 0x00, 0x00, 0x00, 0x00,
    0x1f, 0xff, 0xc0, 0x00, 0x00, 0x00, 0x00, 0x00,
    0x00, 0x07, 0xff, 0xf3, 0x00, 0x00, 0x00, 0x00,
    0x00, 0x00, 0x00, 0xcf, 0xfb, 0x00, 0x00, 0x00,
    0x00, 0x00, 0x00, 0x00, 0x0f, 0xff, 0x70, 0x00,
    0x00, 0x00, 0x00, 0x00, 0x00, 0x02, 0xff, 0xf4,
    0x00, 0x00, 0x00, 0x00, 0x00, 0x00, 0x00, 0x3f,
    0xff, 0x20, 0x00, 0x00, 0x3f, 0xff, 0xff, 0xff,
    0x83, 0xff, 0xf2, 0x00, 0x00, 0x03, 0xff, 0xff,
    0xff, 0xf8, 0x2f, 0xff, 0x40, 0x00, 0x00, 0x2e,
    0xee, 0xef, 0xff, 0x80, 0xff, 0xf6, 0x00, 0x00,
    0x00, 0x00, 0x00, 0xbf, 0xf8, 0x0d, 0xff, 0xa0,
    0x00, 0x00, 0x00, 0x00, 0x0b, 0xff, 0x80, 0x9f,
    0xff, 0x10, 0x00, 0x00, 0x00, 0x00, 0xbf, 0xf8,
    0x03, 0xff, 0xf9, 0x00, 0x00, 0x00, 0x00, 0x0b,
    0xff, 0x80, 0x0b, 0xff, 0xf8, 0x00, 0x00, 0x00,
    0x00, 0xbf, 0xf8, 0x00, 0x1e, 0xff, 0xfc, 0x50,
    0x00, 0x00, 0x2c, 0xff, 0x80, 0x00, 0x3e, 0xff,
    0xff, 0xfe, 0xde, 0xff, 0xff, 0xf8, 0x00, 0x00,
    0x1b, 0xff, 0xff, 0xff, 0xff, 0xff, 0xff, 0x70,
    0x00, 0x00, 0x03, 0x8c, 0xef, 0xff, 0xec, 0x96,
    0x20,

    /* U+0048 "H" */
    0x2f, 0xff, 0x10, 0x00, 0x00, 0x00, 0x00, 0xbf,
    0xf9, 0x2f, 0xff, 0x10, 0x00, 0x00, 0x00, 0x00,
    0xbf, 0xf9, 0x2f, 0xff, 0x10, 0x00, 0x00, 0x00,
    0x00, 0xbf, 0xf9, 0x2f, 0xff, 0x10, 0x00, 0x00,
    0x00, 0x00, 0xbf, 0xf9, 0x2f, 0xff, 0x10, 0x00,
    0x00, 0x00, 0x00, 0xbf, 0xf9, 0x2f, 0xff, 0x10,
    0x00, 0x00, 0x00, 0x00, 0xbf, 0xf9, 0x2f, 0xff,
    0x10, 0x00, 0x00, 0x00, 0x00, 0xbf, 0xf9, 0x2f,
    0xff, 0x10, 0x00, 0x00, 0x00, 0x00, 0xbf, 0xf9,
    0x2f, 0xff, 0x10, 0x00, 0x00, 0x00, 0x00, 0xbf,
    0xf9, 0x2f, 0xff, 0xff, 0xff, 0xff, 0xff, 0xff,
    0xff, 0xf9, 0x2f, 0xff, 0xff, 0xff, 0xff, 0xff,
    0xff, 0xff, 0xf9, 0x2f, 0xff, 0xdd, 0xdd, 0xdd,
    0xdd, 0xdd, 0xff, 0xf9, 0x2f, 0xff, 0x10, 0x00,
    0x00, 0x00, 0x00, 0xbf, 0xf9, 0x2f, 0xff, 0x10,
    0x00, 0x00, 0x00, 0x00, 0xbf, 0xf9, 0x2f, 0xff,
    0x10, 0x00, 0x00, 0x00, 0x00, 0xbf, 0xf9, 0x2f,
    0xff, 0x10, 0x00, 0x00, 0x00, 0x00, 0xbf, 0xf9,
    0x2f, 0xff, 0x10, 0x00, 0x00, 0x00, 0x00, 0xbf,
    0xf9, 0x2f, 0xff, 0x10, 0x00, 0x00, 0x00, 0x00,
    0xbf, 0xf9, 0x2f, 0xff, 0x10, 0x00, 0x00, 0x00,
    0x00, 0xbf, 0xf9, 0x2f, 0xff, 0x10, 0x00, 0x00,
    0x00, 0x00, 0xbf, 0xf9, 0x2f, 0xff, 0x10, 0x00,
    0x00, 0x00, 0x00, 0xbf, 0xf9, 0x2f, 0xff, 0x10,
    0x00, 0x00, 0x00, 0x00, 0xbf, 0xf9,

    /* U+0049 "I" */
    0xdf, 0xff, 0xff, 0xff, 0x7d, 0xff, 0xff, 0xff,
    0xf7, 0x05, 0xbf, 0xff, 0x83, 0x00, 0x05, 0xff,
    0xf0, 0x00, 0x00, 0x5f, 0xff, 0x00, 0x00, 0x05,
    0xff, 0xf0, 0x00, 0x00, 0x5f, 0xff, 0x00, 0x00,
    0x05, 0xff, 0xf0, 0x00, 0x00, 0x5f, 0xff, 0x00,
    0x00, 0x05, 0xff, 0xf0, 0x00, 0x00, 0x5f, 0xff,
    0x00, 0x00, 0x05, 0xff, 0xf0, 0x00, 0x00, 0x5f,
    0xff, 0x00, 0x00, 0x05, 0xff, 0xf0, 0x00, 0x00,
    0x5f, 0xff, 0x00, 0x00, 0x05, 0xff, 0xf0, 0x00,
    0x00, 0x5f, 0xff, 0x00, 0x00, 0x05, 0xff, 0xf0,
    0x00, 0x00, 0x5f, 0xff, 0x00, 0x00, 0x5b, 0xff,
    0xf8, 0x30, 0xdf, 0xff, 0xff, 0xff, 0x7d, 0xff,
    0xff, 0xff, 0xf7,

    /* U+004A "J" */
    0x00, 0x00, 0x04, 0xff, 0xf0, 0x00, 0x00, 0x4f,
    0xff, 0x00, 0x00, 0x04, 0xff, 0xf0, 0x00, 0x00,
    0x4f, 0xff, 0x00, 0x00, 0x04, 0xff, 0xf0, 0x00,
    0x00, 0x4f, 0xff, 0x00, 0x00, 0x04, 0xff, 0xf0,
    0x00, 0x00, 0x4f, 0xff, 0x00, 0x00, 0x04, 0xff,
    0xf0, 0x00, 0x00, 0x4f, 0xff, 0x00, 0x00, 0x04,
    0xff, 0xf0, 0x00, 0x00, 0x4f, 0xff, 0x00, 0x00,
    0x04, 0xff, 0xf0, 0x00, 0x00, 0x4f, 0xff, 0x00,
    0x00, 0x04, 0xff, 0xf0, 0x00, 0x00, 0x4f, 0xff,
    0x00, 0x00, 0x04, 0xff, 0xf0, 0x00, 0x00, 0x4f,
    0xff, 0x00, 0x00, 0x04, 0xff, 0xf0, 0x00, 0x00,
    0x4f, 0xff, 0x00, 0x00, 0x04, 0xff, 0xf0, 0x00,
    0x00, 0x4f, 0xff, 0x00, 0x00, 0x05, 0xff, 0xe0,
    0x00, 0x00, 0x9f, 0xfc, 0x00, 0x00, 0x5f, 0xff,
    0x75, 0xfe, 0xff, 0xff, 0xe1, 0x5f, 0xff, 0xff,
    0xf4, 0x03, 0xdf, 0xfd, 0x92, 0x00,

    /* U+004B "K" */
    0x2f, 0xff, 0x10, 0x00, 0x00, 0x00, 0x6f, 0xff,
    0x42, 0xff, 0xf1, 0x00, 0x00, 0x00, 0x4f, 0xff,
    0x70, 0x2f, 0xff, 0x10, 0x00, 0x00, 0x2f, 0xff,
    0x90, 0x02, 0xff, 0xf1, 0x00, 0x00, 0x1d, 0xff,
    0xb0, 0x00, 0x2f, 0xff, 0x10, 0x00, 0x0c, 0xff,
    0xd0, 0x00, 0x02, 0xff, 0xf1, 0x00, 0x0a, 0xff,
    0xe2, 0x00, 0x00, 0x2f, 0xff, 0x10, 0x07, 0xff,
    0xf3, 0x00, 0x00, 0x02, 0xff, 0xf1, 0x05, 0xff,
    0xf5, 0x00, 0x00, 0x00, 0x2f, 0xff, 0x13, 0xff,
    0xf7, 0x00, 0x00, 0x00, 0x02, 0xff, 0xf2, 0xef,
    0xfb, 0x00, 0x00, 0x00, 0x00, 0x2f, 0xff, 0xdf,
    0xff, 0xf2, 0x00, 0x00, 0x00, 0x02, 0xff, 0xff,
    0xff, 0xff, 0xc0, 0x00, 0x00, 0x00, 0x2f, 0xff,
    0xf7, 0x5f, 0xff, 0x70, 0x00, 0x00, 0x02, 0xff,
    0xf5, 0x00, 0xaf, 0xff, 0x30, 0x00, 0x00, 0x2f,
    0xff, 0x10, 0x01, 0xef, 0xfd, 0x00, 0x00, 0x02,
    0xff, 0xf1, 0x00, 0x04, 0xff, 0xf8, 0x00, 0x00,
    0x2f, 0xff, 0x10, 0x00, 0x09, 0xff, 0xf3, 0x00,
    0x02, 0xff, 0xf1, 0x00, 0x00, 0x0d, 0xff, 0xd0,
    0x00, 0x2f, 0xff, 0x10, 0x00, 0x00, 0x3f, 0xff,
    0x90, 0x02, 0xff, 0xf1, 0x00, 0x00, 0x00, 0x8f,
    0xff, 0x40, 0x2f, 0xff, 0x10, 0x00, 0x00, 0x00,
    0xdf, 0xfe, 0x02, 0xff, 0xf1, 0x00, 0x00, 0x00,
    0x02, 0xff, 0xf9,

    /* U+004C "L" */
    0x3f, 0xff, 0x10, 0x00, 0x00, 0x00, 0x00, 0x3f,
    0xff, 0x10, 0x00, 0x00, 0x00, 0x00, 0x3f, 0xff,
    0x10, 0x00, 0x00, 0x00, 0x00, 0x3f, 0xff, 0x10,
    0x00, 0x00, 0x00, 0x00, 0x3f, 0xff, 0x10, 0x00,
    0x00, 0x00, 0x00, 0x3f, 0xff, 0x10, 0x00, 0x00,
    0x00, 0x00, 0x3f, 0xff, 0x10, 0x00, 0x00, 0x00,
    0x00, 0x3f, 0xff, 0x10, 0x00, 0x00, 0x00, 0x00,
    0x3f, 0xff, 0x10, 0x00, 0x00, 0x00, 0x00, 0x3f,
    0xff, 0x10, 0x00, 0x00, 0x00, 0x00, 0x3f, 0xff,
    0x10, 0x00, 0x00, 0x00, 0x00, 0x3f, 0xff, 0x10,
    0x00, 0x00, 0x00, 0x00, 0x3f, 0xff, 0x10, 0x00,
    0x00, 0x00, 0x00, 0x3f, 0xff, 0x10, 0x00, 0x00,
    0x00, 0x00, 0x3f, 0xff, 0x10, 0x00, 0x00, 0x00,
    0x00, 0x3f, 0xff, 0x10, 0x00, 0x00, 0x00, 0x00,
    0x3f, 0xff, 0x10, 0x00, 0x00, 0x00, 0x00, 0x3f,
    0xff, 0x10, 0x00, 0x00, 0x00, 0x00, 0x3f, 0xff,
    0x10, 0x00, 0x00, 0x00, 0x00, 0x3f, 0xff, 0xee,
    0xee, 0xee, 0xee, 0xe2, 0x3f, 0xff, 0xff, 0xff,
    0xff, 0xff, 0xf3, 0x3f, 0xff, 0xff, 0xff, 0xff,
    0xff, 0xf3,

    /* U+004D "M" */
    0x2f, 0xff, 0xfa, 0x00, 0x00, 0x00, 0x00, 0x00,
    0x01, 0xff, 0xff, 0xb2, 0xff, 0xff, 0xf0, 0x00,
    0x00, 0x00, 0x00, 0x00, 0x7f, 0xff, 0xfb, 0x2f,
    0xff, 0xff, 0x50, 0x00, 0x00, 0x00, 0x00, 0x0d,
    0xff, 0xff, 0xb2, 0xff, 0xcf, 0xfb, 0x00, 0x00,
    0x00, 0x00, 0x03, 0xff, 0xdf, 0xfb, 0x2f, 0xfa,
    0xdf, 0xf1, 0x00, 0x00, 0x00, 0x00, 0x8f, 0xf8,
    0xff, 0xb2, 0xff, 0xb8, 0xff, 0x60, 0x00, 0x00,
    0x00, 0x0e, 0xfd, 0x5f, 0xfb, 0x2f, 0xfb, 0x2f,
    0xfb, 0x00, 0x00, 0x00, 0x04, 0xff, 0x76, 0xff,
    0xb2, 0xff, 0xc0, 0xdf, 0xf1, 0x00, 0x00, 0x00,
    0xaf, 0xf2, 0x6f, 0xfb, 0x2f, 0xfc, 0x07, 0xff,
    0x60, 0x00, 0x00, 0x0f, 0xfc, 0x07, 0xff, 0xb2,
    0xff, 0xc0, 0x2f, 0xfc, 0x00, 0x00, 0x05, 0xff,
    0x60, 0x7f, 0xfb, 0x2f, 0xfc, 0x00, 0xcf, 0xf2,
    0x00, 0x00, 0xbf, 0xf1, 0x07, 0xff, 0xb2, 0xff,
    0xc0, 0x06, 0xff, 0x70, 0x00, 0x1f, 0xfb, 0x00,
    0x7f, 0xfb, 0x2f, 0xfc, 0x00, 0x1f, 0xfd, 0x00,
    0x06, 0xff, 0x50, 0x07, 0xff, 0xb2, 0xff, 0xc0,
    0x00, 0xbf, 0xf2, 0x00, 0xcf, 0xf0, 0x00, 0x7f,
    0xfb, 0x2f, 0xfc, 0x00, 0x06, 0xff, 0x80, 0x2f,
    0xfa, 0x00, 0x07, 0xff, 0xb2, 0xff, 0xc0, 0x00,
    0x1f, 0xfd, 0x07, 0xff, 0x40, 0x00, 0x7f, 0xfb,
    0x2f, 0xfc, 0x00, 0x00, 0xbf, 0xf3, 0xdf, 0xe0,
    0x00, 0x07, 0xff, 0xb2, 0xff, 0xc0, 0x00, 0x05,
    0xff, 0xcf, 0xf9, 0x00, 0x00, 0x7f, 0xfb, 0x2f,
    0xfc, 0x00, 0x00, 0x0f, 0xff, 0xff, 0x30, 0x00,
    0x07, 0xff, 0xb2, 0xff, 0xc0, 0x00, 0x00, 0xaf,
    0xff, 0xd0, 0x00, 0x00, 0x7f, 0xfb, 0x2f, 0xfc,
    0x00, 0x00, 0x05, 0xff, 0xf8, 0x00, 0x00, 0x07,
    0xff, 0xb2, 0xff, 0xc0, 0x00, 0x00, 0x0f, 0xff,
    0x20, 0x00, 0x00, 0x7f, 0xfb,

    /* U+004E "N" */
    0x2f, 0xff, 0xf1, 0x00, 0x00, 0x00, 0x00, 0x09,
    0xff, 0x72, 0xff, 0xff, 0xa0, 0x00, 0x00, 0x00,
    0x00, 0x9f, 0xf7, 0x2f, 0xff, 0xff, 0x40, 0x00,
    0x00, 0x00, 0x09, 0xff, 0x72, 0xff, 0xff, 0xfd,
    0x00, 0x00, 0x00, 0x00, 0x9f, 0xf7, 0x2f, 0xfc,
    0xff, 0xf7, 0x00, 0x00, 0x00, 0x09, 0xff, 0x72,
    0xff, 0xa8, 0xff, 0xf2, 0x00, 0x00, 0x00, 0x9f,
    0xf7, 0x2f, 0xfa, 0x0e, 0xff, 0xb0, 0x00, 0x00,
    0x09, 0xff, 0x72, 0xff, 0xb0, 0x5f, 0xff, 0x40,
    0x00, 0x00, 0x9f, 0xf7, 0x2f, 0xfc, 0x00, 0xbf,
    0xfd, 0x00, 0x00, 0x09, 0xff, 0x72, 0xff, 0xc0,
    0x02, 0xff, 0xf8, 0x00, 0x00, 0x9f, 0xf7, 0x2f,
    0xfc, 0x00, 0x08, 0xff, 0xf2, 0x00, 0x09, 0xff,
    0x72, 0xff, 0xc0, 0x00, 0x0d, 0xff, 0xb0, 0x00,
    0x9f, 0xf7, 0x2f, 0xfc, 0x00, 0x00, 0x4f, 0xff,
    0x50, 0x08, 0xff, 0x72, 0xff, 0xc0, 0x00, 0x00,
    0xaf, 0xfe, 0x00, 0x8f, 0xf7, 0x2f, 0xfc, 0x00,
    0x00, 0x01, 0xff, 0xf8, 0x07, 0xff, 0x72, 0xff,
    0xc0, 0x00, 0x00, 0x07, 0xff, 0xf2, 0x7f, 0xf7,
    0x2f, 0xfc, 0x00, 0x00, 0x00, 0x0d, 0xff, 0xc6,
    0xff, 0x72, 0xff, 0xc0, 0x00, 0x00, 0x00, 0x3f,
    0xff, 0xcf, 0xf7, 0x2f, 0xfc, 0x00, 0x00, 0x00,
    0x00, 0xaf, 0xff, 0xff, 0x72, 0xff, 0xc0, 0x00,
    0x00, 0x00, 0x01, 0xef, 0xff, 0xf7, 0x2f, 0xfc,
    0x00, 0x00, 0x00, 0x00, 0x06, 0xff, 0xff, 0x72,
    0xff, 0xc0, 0x00, 0x00, 0x00, 0x00, 0x0c, 0xff,
    0xf7,

    /* U+004F "O" */
    0x00, 0x00, 0x00, 0x49, 0xdf, 0xff, 0xeb, 0x71,
    0x00, 0x00, 0x00, 0x00, 0x02, 0xcf, 0xff, 0xff,
    0xff, 0xff, 0xf7, 0x00, 0x00, 0x00, 0x04, 0xff,
    0xff, 0xff, 0xee, 0xff, 0xff, 0xfb, 0x00, 0x00,
    0x02, 0xff, 0xff, 0x93, 0x00, 0x00, 0x5d, 0xff,
    0xf9, 0x00, 0x00, 0xcf, 0xff, 0x50, 0x00, 0x00,
    0x00, 0x0b, 0xff, 0xf4, 0x00, 0x4f, 0xff, 0x70,
    0x00, 0x00, 0x00, 0x00, 0x0e, 0xff, 0xb0, 0x09,
    0xff, 0xe0, 0x00, 0x00, 0x00, 0x00, 0x00, 0x7f,
    0xff, 0x10, 0xef, 0xfa, 0x00, 0x00, 0x00, 0x00,
    0x00, 0x02, 0xff, 0xf5, 0x0f, 0xff, 0x60, 0x00,
    0x00, 0x00, 0x00, 0x00, 0x0e, 0xff, 0x82, 0xff,
    0xf4, 0x00, 0x00, 0x00, 0x00, 0x00, 0x00, 0xcf,
    0xfa, 0x3f, 0xff, 0x30, 0x00, 0x00, 0x00, 0x00,
    0x00, 0x0b, 0xff, 0xb3, 0xff, 0xf3, 0x00, 0x00,
    0x00, 0x00, 0x00, 0x00, 0xbf, 0xfb, 0x2f, 0xff,
    0x40, 0x00, 0x00, 0x00, 0x00, 0x00, 0x0c, 0xff,
    0xa0, 0xff, 0xf6, 0x00, 0x00, 0x00, 0x00, 0x00,
    0x00, 0xef, 0xf8, 0x0d, 0xff, 0xa0, 0x00, 0x00,
    0x00, 0x00, 0x00, 0x2f, 0xff, 0x50, 0x9f, 0xff,
    0x00, 0x00, 0x00, 0x00, 0x00, 0x07, 0xff, 0xf1,
    0x04, 0xff, 0xf7, 0x00, 0x00, 0x00, 0x00, 0x01,
    0xef, 0xfb, 0x00, 0x0c, 0xff, 0xf5, 0x00, 0x00,
    0x00, 0x00, 0xbf, 0xff, 0x30, 0x00, 0x2f, 0xff,
    0xf9, 0x30, 0x00, 0x15, 0xdf, 0xff, 0x90, 0x00,
    0x00, 0x4f, 0xff, 0xff, 0xfe, 0xef, 0xff, 0xff,
    0xb0, 0x00, 0x00, 0x00, 0x3c, 0xff, 0xff, 0xff,
    0xff, 0xff, 0x70, 0x00, 0x00, 0x00, 0x00, 0x04,
    0x9c, 0xff, 0xfe, 0xb7, 0x10, 0x00, 0x00,

    /* U+0050 "P" */
    0x3f, 0xff, 0xff, 0xff, 0xec, 0x82, 0x00, 0x03,
    0xff, 0xff, 0xff, 0xff, 0xff, 0xf8, 0x00, 0x3f,
    0xff, 0xdd, 0xdd, 0xff, 0xff, 0xf9, 0x03, 0xff,
    0xf1, 0x00, 0x00, 0x5e, 0xff, 0xf3, 0x3f, 0xff,
    0x10, 0x00, 0x00, 0x2f, 0xff, 0x83, 0xff, 0xf1,
    0x00, 0x00, 0x00, 0xaf, 0xfc, 0x3f, 0xff, 0x10,
    0x00, 0x00, 0x08, 0xff, 0xd3, 0xff, 0xf1, 0x00,
    0x00, 0x00, 0x8f, 0xfc, 0x3f, 0xff, 0x10, 0x00,
    0x00, 0x0c, 0xff, 0x93, 0xff, 0xf1, 0x00, 0x00,
    0x05, 0xff, 0xf5, 0x3f, 0xff, 0x10, 0x01, 0x4a,
    0xff, 0xfd, 0x03, 0xff, 0xff, 0xff, 0xff, 0xff,
    0xfe, 0x20, 0x3f, 0xff, 0xff, 0xff, 0xff, 0xfb,
    0x20, 0x03, 0xff, 0xfd, 0xdc, 0xca, 0x72, 0x00,
    0x00, 0x3f, 0xff, 0x10, 0x00, 0x00, 0x00, 0x00,
    0x03, 0xff, 0xf1, 0x00, 0x00, 0x00, 0x00, 0x00,
    0x3f, 0xff, 0x10, 0x00, 0x00, 0x00, 0x00, 0x03,
    0xff, 0xf1, 0x00, 0x00, 0x00, 0x00, 0x00, 0x3f,
    0xff, 0x10, 0x00, 0x00, 0x00, 0x00, 0x03, 0xff,
    0xf1, 0x00, 0x00, 0x00, 0x00, 0x00, 0x3f, 0xff,
    0x10, 0x00, 0x00, 0x00, 0x00, 0x03, 0xff, 0xf1,
    0x00, 0x00, 0x00, 0x00, 0x00,

    /* U+0051 "Q" */
    0x00, 0x00, 0x00, 0x49, 0xdf, 0xff, 0xeb, 0x71,
    0x00, 0x00, 0x00, 0x00, 0x02, 0xcf, 0xff, 0xff,
    0xff, 0xff, 0xf7, 0x00, 0x00, 0x00, 0x04, 0xff,
    0xff, 0xff, 0xee, 0xff, 0xff, 0xfb, 0x00, 0x00,
    0x02, 0xff, 0xff, 0x93, 0x00, 0x00, 0x5d, 0xff,
    0xf9, 0x00, 0x00, 0xcf, 0xff, 0x50, 0x00, 0x00,
    0x00, 0x0b, 0xff, 0xf4, 0x00, 0x4f, 0xff, 0x70,
    0x00, 0x00, 0x00, 0x00, 0x0e, 0xff, 0xb0, 0x09,
    0xff, 0xe0, 0x00, 0x00, 0x00, 0x00, 0x00, 0x7f,
    0xff, 0x10, 0xef, 0xfa, 0x00, 0x00, 0x00, 0x00,
    0x00, 0x02, 0xff, 0xf5, 0x0f, 0xff, 0x60, 0x00,
    0x00, 0x00, 0x00, 0x00, 0x0e, 0xff, 0x82, 0xff,
    0xf4, 0x00, 0x00, 0x00, 0x00, 0x00, 0x00, 0xcf,
    0xfa, 0x3f, 0xff, 0x30, 0x00, 0x00, 0x00, 0x00,
    0x00, 0x0b, 0xff, 0xb3, 0xff, 0xf3, 0x00, 0x00,
    0x00, 0x00, 0x00, 0x00, 0xbf, 0xfb, 0x2f, 0xff,
    0x40, 0x00, 0x00, 0x00, 0x00, 0x00, 0x0c, 0xff,
    0xa0, 0xff, 0xf6, 0x00, 0x00, 0x00, 0x00, 0x00,
    0x00, 0xef, 0xf8, 0x0d, 0xff, 0xa0, 0x00, 0x00,
    0x00, 0x00, 0x00, 0x2f, 0xff, 0x50, 0x9f, 0xff,
    0x00, 0x00, 0x00, 0x00, 0x00, 0x07, 0xff, 0xf1,
    0x04, 0xff, 0xf7, 0x00, 0x00, 0x00, 0x00, 0x01,
    0xef, 0xfb, 0x00, 0x0c, 0xff, 0xf5, 0x00, 0x00,
    0x00, 0x00, 0xbf, 0xff, 0x30, 0x00, 0x2f, 0xff,
    0xf9, 0x30, 0x00, 0x15, 0xdf, 0xff, 0x90, 0x00,
    0x00, 0x4f, 0xff, 0xff, 0xfe, 0xef, 0xff, 0xff,
    0xb0, 0x00, 0x00, 0x00, 0x3c, 0xff, 0xff, 0xff,
    0xff, 0xff, 0x70, 0x00, 0x00, 0x00, 0x00, 0x04,
    0x9c, 0xff, 0xff, 0xff, 0x20, 0x00, 0x00, 0x00,
    0x00, 0x00, 0x00, 0x00, 0x03, 0xff, 0xfc, 0x00,
    0x00, 0x00, 0x00, 0x00, 0x00, 0x00, 0x00, 0x05,
    0xff, 0xfb, 0x00, 0x00, 0x00, 0x00, 0x00, 0x00,
    0x00, 0x00, 0x08, 0xff, 0xfa, 0x00, 0x00, 0x00,
    0x00, 0x00, 0x00, 0x00, 0x00, 0x0b, 0xff, 0xf9,
    0x00, 0x00, 0x00, 0x00, 0x00, 0x00, 0x00, 0x00,
    0x1d, 0xff, 0xf7, 0x00,

    /* U+0052 "R" */
    0x3f, 0xff, 0xff, 0xff, 0xec, 0x93, 0x00, 0x00,
    0x03, 0xff, 0xff, 0xff, 0xff, 0xff, 0xfb, 0x10,
    0x00, 0x3f, 0xff, 0xcc, 0xcd, 0xef, 0xff, 0xfc,
    0x00, 0x03, 0xff, 0xf1, 0x00, 0x00, 0x3c, 0xff,
    0xf6, 0x00, 0x3f, 0xff, 0x10, 0x00, 0x00, 0x0e,
    0xff, 0xb0, 0x03, 0xff, 0xf1, 0x00, 0x00, 0x00,
    0x9f, 0xfd, 0x00, 0x3f, 0xff, 0x10, 0x00, 0x00,
    0x07, 0xff, 0xe0, 0x03, 0xff, 0xf1, 0x00, 0x00,
    0x00, 0x9f, 0xfc, 0x00, 0x3f, 0xff, 0x10, 0x00,
    0x00, 0x0e, 0xff, 0x80, 0x03, 0xff, 0xf1, 0x00,
    0x00, 0x2c, 0xff, 0xe1, 0x00, 0x3f, 0xff, 0xbb,
    0xbb, 0xdf, 0xff, 0xf4, 0x00, 0x03, 0xff, 0xff,
    0xff, 0xff, 0xff, 0xb2, 0x00, 0x00, 0x3f, 0xff,
    0xff, 0xff, 0xff, 0xe0, 0x00, 0x00, 0x03, 0xff,
    0xf1, 0x00, 0x0e, 0xff, 0x80, 0x00, 0x00, 0x3f,
    0xff, 0x10, 0x00, 0x5f, 0xff, 0x20, 0x00, 0x03,
    0xff, 0xf1, 0x00, 0x00, 0xcf, 0xfc, 0x00, 0x00,
    0x3f, 0xff, 0x10, 0x00, 0x03, 0xff, 0xf5, 0x00,
    0x03, 0xff, 0xf1, 0x00, 0x00, 0x0a, 0xff, 0xe0,
    0x00, 0x3f, 0xff, 0x10, 0x00, 0x00, 0x2f, 0xff,
    0x80, 0x03, 0xff, 0xf1, 0x00, 0x00, 0x00, 0x8f,
    0xff, 0x20, 0x3f, 0xff, 0x10, 0x00, 0x00, 0x00,
    0xef, 0xfc, 0x03, 0xff, 0xf1, 0x00, 0x00, 0x00,
    0x06, 0xff, 0xf5,

    /* U+0053 "S" */
    0x00, 0x01, 0x7c, 0xef, 0xfe, 0xb7, 0x20, 0x00,
    0x05, 0xff, 0xff, 0xff, 0xff, 0xff, 0x80, 0x04,
    0xff, 0xff, 0xfe, 0xef, 0xff, 0xf5, 0x00, 0xdf,
    0xfe, 0x40, 0x00, 0x04, 0x9d, 0x00, 0x2f, 0xff,
    0x40, 0x00, 0x00, 0x00, 0x00, 0x04, 0xff, 0xf0,
    0x00, 0x00, 0x00, 0x00, 0x00, 0x3f, 0xff, 0x10,
    0x00, 0x00, 0x00, 0x00, 0x00, 0xff, 0xf9, 0x00,
    0x00, 0x00, 0x00, 0x00, 0x09, 0xff, 0xfb, 0x20,
    0x00, 0x00, 0x00, 0x00, 0x0c, 0xff, 0xff, 0xa4,
    0x00, 0x00, 0x00, 0x00, 0x0a, 0xff, 0xff, 0xfd,
    0x50, 0x00, 0x00, 0x00, 0x03, 0xaf, 0xff, 0xff,
    0xc2, 0x00, 0x00, 0x00, 0x00, 0x17, 0xef, 0xff,
    0xe1, 0x00, 0x00, 0x00, 0x00, 0x00, 0x8f, 0xff,
    0xa0, 0x00, 0x00, 0x00, 0x00, 0x00, 0x8f, 0xff,
    0x00, 0x00, 0x00, 0x00, 0x00, 0x02, 0xff, 0xf2,
    0x00, 0x00, 0x00, 0x00, 0x00, 0x1f, 0xff, 0x11,
    0x00, 0x00, 0x00, 0x00, 0x07, 0xff, 0xf0, 0x8d,
    0x84, 0x00, 0x00, 0x17, 0xff, 0xf9, 0x08, 0xff,
    0xff, 0xed, 0xef, 0xff, 0xfe, 0x10, 0x7f, 0xff,
    0xff, 0xff, 0xff, 0xfc, 0x20, 0x00, 0x48, 0xce,
    0xff, 0xfd, 0x94, 0x00, 0x00,

    /* U+0054 "T" */
    0x9f, 0xff, 0xff, 0xff, 0xff, 0xff, 0xff, 0xff,
    0x79, 0xff, 0xff, 0xff, 0xff, 0xff, 0xff, 0xff,
    0xf7, 0x8e, 0xee, 0xee, 0xef, 0xff, 0xee, 0xee,
    0xee, 0x60, 0x00, 0x00, 0x03, 0xff, 0xf0, 0x00,
    0x00, 0x00, 0x00, 0x00, 0x00, 0x3f, 0xff, 0x00,
    0x00, 0x00, 0x00, 0x00, 0x00, 0x03, 0xff, 0xf0,
    0x00, 0x00, 0x00, 0x00, 0x00, 0x00, 0x3f, 0xff,
    0x00, 0x00, 0x00, 0x00, 0x00, 0x00, 0x03, 0xff,
    0xf0, 0x00, 0x00, 0x00, 0x00, 0x00, 0x00, 0x3f,
    0xff, 0x00, 0x00, 0x00, 0x00, 0x00, 0x00, 0x03,
    0xff, 0xf0, 0x00, 0x00, 0x00, 0x00, 0x00, 0x00,
    0x3f, 0xff, 0x00, 0x00, 0x00, 0x00, 0x00, 0x00,
    0x03, 0xff, 0xf0, 0x00, 0x00, 0x00, 0x00, 0x00,
    0x00, 0x3f, 0xff, 0x00, 0x00, 0x00, 0x00, 0x00,
    0x00, 0x03, 0xff, 0xf0, 0x00, 0x00, 0x00, 0x00,
    0x00, 0x00, 0x3f, 0xff, 0x00, 0x00, 0x00, 0x00,
    0x00, 0x00, 0x03, 0xff, 0xf0, 0x00, 0x00, 0x00,
    0x00, 0x00, 0x00, 0x3f, 0xff, 0x00, 0x00, 0x00,
    0x00, 0x00, 0x00, 0x03, 0xff, 0xf0, 0x00, 0x00,
    0x00, 0x00, 0x00, 0x00, 0x3f, 0xff, 0x00, 0x00,
    0x00, 0x00, 0x00, 0x00, 0x03, 0xff, 0xf0, 0x00,
    0x00, 0x00, 0x00, 0x00, 0x00, 0x3f, 0xff, 0x00,
    0x00, 0x00, 0x00, 0x00, 0x00, 0x03, 0xff, 0xf0,
    0x00, 0x00, 0x00,

    /* U+0055 "U" */
    0x5f, 0xfe, 0x00, 0x00, 0x00, 0x00, 0x00, 0xbf,
    0xf7, 0x5f, 0xfe, 0x00, 0x00, 0x00, 0x00, 0x00,
    0xbf, 0xf7, 0x5f, 0xfe, 0x00, 0x00, 0x00, 0x00,
    0x00, 0xbf, 0xf7, 0x5f, 0xfe, 0x00, 0x00, 0x00,
    0x00, 0x00, 0xbf, 0xf7, 0x5f, 0xfe, 0x00, 0x00,
    0x00, 0x00, 0x00, 0xbf, 0xf7, 0x5f, 0xfe, 0x00,
    0x00, 0x00, 0x00, 0x00, 0xbf, 0xf7, 0x5f, 0xfe,
    0x00, 0x00, 0x00, 0x00, 0x00, 0xbf, 0xf7, 0x5f,
    0xfe, 0x00, 0x00, 0x00, 0x00, 0x00, 0xbf, 0xf7,
    0x5f, 0xfe, 0x00, 0x00, 0x00, 0x00, 0x00, 0xbf,
    0xf7, 0x5f, 0xfe, 0x00, 0x00, 0x00, 0x00, 0x00,
    0xbf, 0xf7, 0x5f, 0xfe, 0x00, 0x00, 0x00, 0x00,
    0x00, 0xbf, 0xf7, 0x5f, 0xfe, 0x00, 0x00, 0x00,
    0x00, 0x00, 0xbf, 0xf7, 0x5f, 0xfe, 0x00, 0x00,
    0x00, 0x00, 0x00, 0xbf, 0xf7, 0x5f, 0xfe, 0x00,
    0x00, 0x00, 0x00, 0x00, 0xbf, 0xf7, 0x5f, 0xff,
    0x00, 0x00, 0x00, 0x00, 0x00, 0xcf, 0xf7, 0x3f,
    0xff, 0x10, 0x00, 0x00, 0x00, 0x00, 0xef, 0xf5,
    0x0f, 0xff, 0x60, 0x00, 0x00, 0x00, 0x03, 0xff,
    0xf2, 0x0b, 0xff, 0xe1, 0x00, 0x00, 0x00, 0x0c,
    0xff, 0xc0, 0x03, 0xff, 0xfd, 0x50, 0x00, 0x04,
    0xcf, 0xff, 0x40, 0x00, 0x7f, 0xff, 0xff, 0xee,
    0xff, 0xff, 0xf8, 0x00, 0x00, 0x06, 0xff, 0xff,
    0xff, 0xff, 0xff, 0x70, 0x00, 0x00, 0x00, 0x17,
    0xce, 0xff, 0xec, 0x71, 0x00, 0x00,

    /* U+0056 "V" */
    0xdf, 0xf7, 0x00, 0x00, 0x00, 0x00, 0x00, 0x1f,
    0xff, 0x47, 0xff, 0xd0, 0x00, 0x00, 0x00, 0x00,
    0x06, 0xff, 0xe0, 0x2f, 0xff, 0x20, 0x00, 0x00,
    0x00, 0x00, 0xbf, 0xf9, 0x00, 0xcf, 0xf7, 0x00,
    0x00, 0x00, 0x00, 0x1f, 0xff, 0x40, 0x07, 0xff,
    0xd0, 0x00, 0x00, 0x00, 0x06, 0xff, 0xe0, 0x00,
    0x1f, 0xff, 0x20, 0x00, 0x00, 0x00, 0xbf, 0xf9,
    0x00, 0x00, 0xcf, 0xf7, 0x00, 0x00, 0x00, 0x1f,
    0xff, 0x30, 0x00, 0x06, 0xff, 0xd0, 0x00, 0x00,
    0x06, 0xff, 0xd0, 0x00, 0x00, 0x1f, 0xff, 0x20,
    0x00, 0x00, 0xbf, 0xf8, 0x00, 0x00, 0x00, 0xcf,
    0xf7, 0x00, 0x00, 0x1f, 0xff, 0x30, 0x00, 0x00,
    0x06, 0xff, 0xd0, 0x00, 0x06, 0xff, 0xd0, 0x00,
    0x00, 0x00, 0x1f, 0xff, 0x20, 0x00, 0xbf, 0xf8,
    0x00, 0x00, 0x00, 0x00, 0xbf, 0xf7, 0x00, 0x1f,
    0xff, 0x20, 0x00, 0x00, 0x00, 0x06, 0xff, 0xd0,
    0x06, 0xff, 0xd0, 0x00, 0x00, 0x00, 0x00, 0x1f,
    0xff, 0x20, 0xbf, 0xf7, 0x00, 0x00, 0x00, 0x00,
    0x00, 0xbf, 0xf7, 0x0f, 0xff, 0x20, 0x00, 0x00,
    0x00, 0x00, 0x05, 0xff, 0xb4, 0xff, 0xc0, 0x00,
    0x00, 0x00, 0x00, 0x00, 0x0f, 0xff, 0x9f, 0xf7,
    0x00, 0x00, 0x00, 0x00, 0x00, 0x00, 0xaf, 0xfe,
    0xff, 0x10, 0x00, 0x00, 0x00, 0x00, 0x00, 0x05,
    0xff, 0xff, 0xc0, 0x00, 0x00, 0x00, 0x00, 0x00,
    0x00, 0x0f, 0xff, 0xf6, 0x00, 0x00, 0x00, 0x00,
    0x00, 0x00, 0x00, 0xaf, 0xff, 0x10, 0x00, 0x00,
    0x00,

    /* U+0057 "W" */
    0xaf, 0xfb, 0x00, 0x00, 0x00, 0x00, 0xbf, 0xfc,
    0x00, 0x00, 0x00, 0x00, 0x7f, 0xfd, 0x6f, 0xfe,
    0x00, 0x00, 0x00, 0x00, 0xff, 0xff, 0x10, 0x00,
    0x00, 0x00, 0xbf, 0xf9, 0x2f, 0xff, 0x20, 0x00,
    0x00, 0x04, 0xff, 0xff, 0x50, 0x00, 0x00, 0x00,
    0xff, 0xf5, 0x0e, 0xff, 0x60, 0x00, 0x00, 0x08,
    0xff, 0xff, 0xa0, 0x00, 0x00, 0x03, 0xff, 0xf1,
    0x09, 0xff, 0xa0, 0x00, 0x00, 0x0d, 0xfe, 0xdf,
    0xe0, 0x00, 0x00, 0x06, 0xff, 0xc0, 0x05, 0xff,
    0xe0, 0x00, 0x00, 0x1f, 0xfb, 0xaf, 0xf3, 0x00,
    0x00, 0x0a, 0xff, 0x80, 0x01, 0xff, 0xf2, 0x00,
    0x00, 0x5f, 0xf8, 0x6f, 0xf7, 0x00, 0x00, 0x0e,
    0xff, 0x40, 0x00, 0xdf, 0xf6, 0x00, 0x00, 0xaf,
    0xf4, 0x2f, 0xfc, 0x00, 0x00, 0x2f, 0xff, 0x00,
    0x00, 0x9f, 0xfa, 0x00, 0x00, 0xef, 0xf0, 0x0e,
    0xff, 0x10, 0x00, 0x6f, 0xfc, 0x00, 0x00, 0x5f,
    0xfd, 0x00, 0x03, 0xff, 0xb0, 0x09, 0xff, 0x50,
    0x00, 0xaf, 0xf8, 0x00, 0x00, 0x1f, 0xff, 0x10,
    0x07, 0xff, 0x70, 0x05, 0xff, 0x90, 0x00, 0xef,
    0xf4, 0x00, 0x00, 0x0d, 0xff, 0x50, 0x0b, 0xff,
    0x30, 0x01, 0xff, 0xe0, 0x02, 0xff, 0xf0, 0x00,
    0x00, 0x09, 0xff, 0x90, 0x0f, 0xfe, 0x00, 0x00,
    0xcf, 0xf3, 0x05, 0xff, 0xc0, 0x00, 0x00, 0x05,
    0xff, 0xd0, 0x4f, 0xfa, 0x00, 0x00, 0x7f, 0xf7,
    0x09, 0xff, 0x70, 0x00, 0x00, 0x01, 0xff, 0xf0,
    0x8f, 0xf5, 0x00, 0x00, 0x3f, 0xfb, 0x0d, 0xff,
    0x30, 0x00, 0x00, 0x00, 0xdf, 0xf3, 0xcf, 0xf1,
    0x00, 0x00, 0x0e, 0xfe, 0x1f, 0xff, 0x00, 0x00,
    0x00, 0x00, 0x9f, 0xf6, 0xff, 0xd0, 0x00, 0x00,
    0x0a, 0xff, 0x6f, 0xfb, 0x00, 0x00, 0x00, 0x00,
    0x4f, 0xfb, 0xff, 0x80, 0x00, 0x00, 0x06, 0xff,
    0xbf, 0xf7, 0x00, 0x00, 0x00, 0x00, 0x0f, 0xff,
    0xff, 0x40, 0x00, 0x00, 0x01, 0xff, 0xff, 0xf3,
    0x00, 0x00, 0x00, 0x00, 0x0c, 0xff, 0xff, 0x00,
    0x00, 0x00, 0x00, 0xdf, 0xff, 0xf0, 0x00, 0x00,
    0x00, 0x00, 0x08, 0xff, 0xfb, 0x00, 0x00, 0x00,
    0x00, 0x8f, 0xff, 0xb0, 0x00, 0x00, 0x00, 0x00,
    0x04, 0xff, 0xf6, 0x00, 0x00, 0x00, 0x00, 0x4f,
    0xff, 0x70, 0x00, 0x00,

    /* U+0058 "X" */
    0x2f, 0xff, 0x70, 0x00, 0x00, 0x00, 0x02, 0xff,
    0xf6, 0x00, 0x8f, 0xff, 0x10, 0x00, 0x00, 0x00,
    0xbf, 0xfc, 0x00, 0x00, 0xdf, 0xfa, 0x00, 0x00,
    0x00, 0x5f, 0xff, 0x20, 0x00, 0x03, 0xff, 0xf4,
    0x00, 0x00, 0x0e, 0xff, 0x80, 0x00, 0x00, 0x09,
    0xff, 0xd0, 0x00, 0x08, 0xff, 0xd0, 0x00, 0x00,
    0x00, 0x1e, 0xff, 0x80, 0x02, 0xff, 0xf4, 0x00,
    0x00, 0x00, 0x00, 0x5f, 0xff, 0x20, 0xbf, 0xf9,
    0x00, 0x00, 0x00, 0x00, 0x00, 0xbf, 0xfb, 0x5f,
    0xfe, 0x10, 0x00, 0x00, 0x00, 0x00, 0x01, 0xff,
    0xff, 0xff, 0x50, 0x00, 0x00, 0x00, 0x00, 0x00,
    0x07, 0xff, 0xff, 0xb0, 0x00, 0x00, 0x00, 0x00,
    0x00, 0x00, 0x0e, 0xff, 0xf3, 0x00, 0x00, 0x00,
    0x00, 0x00, 0x00, 0x05, 0xff, 0xff, 0x90, 0x00,
    0x00, 0x00, 0x00, 0x00, 0x01, 0xef, 0xff, 0xff,
    0x40, 0x00, 0x00, 0x00, 0x00, 0x00, 0x9f, 0xfc,
    0x9f, 0xfd, 0x00, 0x00, 0x00, 0x00, 0x00, 0x3f,
    0xff, 0x21, 0xef, 0xf8, 0x00, 0x00, 0x00, 0x00,
    0x0d, 0xff, 0x80, 0x06, 0xff, 0xf2, 0x00, 0x00,
    0x00, 0x07, 0xff, 0xe0, 0x00, 0x0c, 0xff, 0xb0,
    0x00, 0x00, 0x01, 0xff, 0xf5, 0x00, 0x00, 0x3f,
    0xff, 0x60, 0x00, 0x00, 0xbf, 0xfb, 0x00, 0x00,
    0x00, 0x9f, 0xfe, 0x10, 0x00, 0x5f, 0xff, 0x20,
    0x00, 0x00, 0x01, 0xef, 0xfa, 0x00, 0x0e, 0xff,
    0x80, 0x00, 0x00, 0x00, 0x06, 0xff, 0xf4, 0x09,
    0xff, 0xe0, 0x00, 0x00, 0x00, 0x00, 0x0c, 0xff,
    0xd0,

    /* U+0059 "Y" */
    0xbf, 0xfc, 0x00, 0x00, 0x00, 0x00, 0x04, 0xff,
    0xf4, 0x3f, 0xff, 0x40, 0x00, 0x00, 0x00, 0x0c,
    0xff, 0xb0, 0x0b, 0xff, 0xc0, 0x00, 0x00, 0x00,
    0x4f, 0xff, 0x30, 0x02, 0xff, 0xf4, 0x00, 0x00,
    0x00, 0xcf, 0xfa, 0x00, 0x00, 0xaf, 0xfc, 0x00,
    0x00, 0x04, 0xff, 0xf2, 0x00, 0x00, 0x2f, 0xff,
    0x40, 0x00, 0x0c, 0xff, 0x90, 0x00, 0x00, 0x09,
    0xff, 0xc0, 0x00, 0x4f, 0xff, 0x10, 0x00, 0x00,
    0x01, 0xff, 0xf5, 0x00, 0xcf, 0xf8, 0x00, 0x00,
    0x00, 0x00, 0x8f, 0xfc, 0x04, 0xff, 0xf1, 0x00,
    0x00, 0x00, 0x00, 0x1f, 0xff, 0x5c, 0xff, 0x70,
    0x00, 0x00, 0x00, 0x00, 0x08, 0xff, 0xef, 0xfe,
    0x00, 0x00, 0x00, 0x00, 0x00, 0x00, 0xef, 0xff,
    0xf6, 0x00, 0x00, 0x00, 0x00, 0x00, 0x00, 0x7f,
    0xff, 0xd0, 0x00, 0x00, 0x00, 0x00, 0x00, 0x00,
    0x0f, 0xff, 0x60, 0x00, 0x00, 0x00, 0x00, 0x00,
    0x00, 0x0e, 0xff, 0x60, 0x00, 0x00, 0x00, 0x00,
    0x00, 0x00, 0x0e, 0xff, 0x60, 0x00, 0x00, 0x00,
    0x00, 0x00, 0x00, 0x0e, 0xff, 0x60, 0x00, 0x00,
    0x00, 0x00, 0x00, 0x00, 0x0e, 0xff, 0x60, 0x00,
    0x00, 0x00, 0x00, 0x00, 0x00, 0x0e, 0xff, 0x60,
    0x00, 0x00, 0x00, 0x00, 0x00, 0x00, 0x0e, 0xff,
    0x60, 0x00, 0x00, 0x00, 0x00, 0x00, 0x00, 0x0e,
    0xff, 0x60, 0x00, 0x00, 0x00, 0x00, 0x00, 0x00,
    0x0e, 0xff, 0x60, 0x00, 0x00, 0x00,

    /* U+005A "Z" */
    0xaf, 0xff, 0xff, 0xff, 0xff, 0xff, 0xff, 0xe0,
    0xaf, 0xff, 0xff, 0xff, 0xff, 0xff, 0xff, 0xe0,
    0x9e, 0xee, 0xee, 0xee, 0xee, 0xef, 0xff, 0xc0,
    0x00, 0x00, 0x00, 0x00, 0x00, 0x6f, 0xff, 0x30,
    0x00, 0x00, 0x00, 0x00, 0x01, 0xff, 0xf8, 0x00,
    0x00, 0x00, 0x00, 0x00, 0x0b, 0xff, 0xd0, 0x00,
    0x00, 0x00, 0x00, 0x00, 0x6f, 0xff, 0x30, 0x00,
    0x00, 0x00, 0x00, 0x01, 0xff, 0xf8, 0x00, 0x00,
    0x00, 0x00, 0x00, 0x0b, 0xff, 0xd0, 0x00, 0x00,
    0x00, 0x00, 0x00, 0x5f, 0xff, 0x30, 0x00, 0x00,
    0x00, 0x00, 0x01, 0xef, 0xf9, 0x00, 0x00, 0x00,
    0x00, 0x00, 0x0a, 0xff, 0xe0, 0x00, 0x00, 0x00,
    0x00, 0x00, 0x5f, 0xff, 0x40, 0x00, 0x00, 0x00,
    0x00, 0x01, 0xef, 0xf9, 0x00, 0x00, 0x00, 0x00,
    0x00, 0x0a, 0xff, 0xe1, 0x00, 0x00, 0x00, 0x00,
    0x00, 0x4f, 0xff, 0x40, 0x00, 0x00, 0x00, 0x00,
    0x00, 0xef, 0xfa, 0x00, 0x00, 0x00, 0x00, 0x00,
    0x09, 0xff, 0xe1, 0x00, 0x00, 0x00, 0x00, 0x00,
    0x4f, 0xff, 0x50, 0x00, 0x00, 0x00, 0x00, 0x00,
    0xdf, 0xff, 0xee, 0xee, 0xee, 0xee, 0xee, 0xe2,
    0xff, 0xff, 0xff, 0xff, 0xff, 0xff, 0xff, 0xf2,
    0xff, 0xff, 0xff, 0xff, 0xff, 0xff, 0xff, 0xf2,

    /* U+005B "[" */
    0xbf, 0xff, 0xff, 0xf2, 0xbf, 0xff, 0xff, 0xf2,
    0xbf, 0xfa, 0x88, 0x81, 0xbf, 0xf4, 0x00, 0x00,
    0xbf, 0xf4, 0x00, 0x00, 0xbf, 0xf4, 0x00, 0x00,
    0xbf, 0xf4, 0x00, 0x00, 0xbf, 0xf4, 0x00, 0x00,
    0xbf, 0xf4, 0x00, 0x00, 0xbf, 0xf4, 0x00, 0x00,
    0xbf, 0xf4, 0x00, 0x00, 0xbf, 0xf4, 0x00, 0x00,
    0xbf, 0xf4, 0x00, 0x00, 0xbf, 0xf4, 0x00, 0x00,
    0xbf, 0xf4, 0x00, 0x00, 0xbf, 0xf4, 0x00, 0x00,
    0xbf, 0xf4, 0x00, 0x00, 0xbf, 0xf4, 0x00, 0x00,
    0xbf, 0xf4, 0x00, 0x00, 0xbf, 0xf4, 0x00, 0x00,
    0xbf, 0xf4, 0x00, 0x00, 0xbf, 0xf4, 0x00, 0x00,
    0xbf, 0xf4, 0x00, 0x00, 0xbf, 0xf4, 0x00, 0x00,
    0xbf, 0xfa, 0x88, 0x81, 0xbf, 0xff, 0xff, 0xf2,
    0xbf, 0xff, 0xff, 0xf2,

    /* U+005C "\\" */
    0x8f, 0xf7, 0x00, 0x00, 0x00, 0x00, 0x3f, 0xfd,
    0x00, 0x00, 0x00, 0x00, 0x0d, 0xff, 0x30, 0x00,
    0x00, 0x00, 0x07, 0xff, 0x90, 0x00, 0x00, 0x00,
    0x01, 0xff, 0xe0, 0x00, 0x00, 0x00, 0x00, 0xbf,
    0xf4, 0x00, 0x00, 0x00, 0x00, 0x6f, 0xfa, 0x00,
    0x00, 0x00, 0x00, 0x0f, 0xff, 0x00, 0x00, 0x00,
    0x00, 0x0a, 0xff, 0x60, 0x00, 0x00, 0x00, 0x04,
    0xff, 0xb0, 0x00, 0x00, 0x00, 0x00, 0xef, 0xf1,
    0x00, 0x00, 0x00, 0x00, 0x9f, 0xf7, 0x00, 0x00,
    0x00, 0x00, 0x3f, 0xfd, 0x00, 0x00, 0x00, 0x00,
    0x0d, 0xff, 0x30, 0x00, 0x00, 0x00, 0x07, 0xff,
    0x80, 0x00, 0x00, 0x00, 0x01, 0xff, 0xe0, 0x00,
    0x00, 0x00, 0x00, 0xbf, 0xf4, 0x00, 0x00, 0x00,
    0x00, 0x6f, 0xfa, 0x00, 0x00, 0x00, 0x00, 0x0f,
    0xff, 0x00, 0x00, 0x00, 0x00, 0x0a, 0xff, 0x60,
    0x00, 0x00, 0x00, 0x04, 0xff, 0xb0, 0x00, 0x00,
    0x00, 0x00, 0xef, 0xf1,

    /* U+005D "]" */
    0x4f, 0xff, 0xff, 0xf9, 0x4f, 0xff, 0xff, 0xf9,
    0x28, 0x88, 0xbf, 0xf9, 0x00, 0x00, 0x6f, 0xf9,
    0x00, 0x00, 0x6f, 0xf9, 0x00, 0x00, 0x6f, 0xf9,
    0x00, 0x00, 0x6f, 0xf9, 0x00, 0x00, 0x6f, 0xf9,
    0x00, 0x00, 0x6f, 0xf9, 0x00, 0x00, 0x6f, 0xf9,
    0x00, 0x00, 0x6f, 0xf9, 0x00, 0x00, 0x6f, 0xf9,
    0x00, 0x00, 0x6f, 0xf9, 0x00, 0x00, 0x6f, 0xf9,
    0x00, 0x00, 0x6f, 0xf9, 0x00, 0x00, 0x6f, 0xf9,
    0x00, 0x00, 0x6f, 0xf9, 0x00, 0x00, 0x6f, 0xf9,
    0x00, 0x00, 0x6f, 0xf9, 0x00, 0x00, 0x6f, 0xf9,
    0x00, 0x00, 0x6f, 0xf9, 0x00, 0x00, 0x6f, 0xf9,
    0x00, 0x00, 0x6f, 0xf9, 0x00, 0x00, 0x6f, 0xf9,
    0x28, 0x88, 0xbf, 0xf9, 0x4f, 0xff, 0xff, 0xf9,
    0x4f, 0xff, 0xff, 0xf9,

    /* U+005E "^" */
    0x00, 0x00, 0x00, 0xdf, 0x50, 0x00, 0x00, 0x00,
    0x00, 0x00, 0x04, 0xff, 0xd0, 0x00, 0x00, 0x00,
    0x00, 0x00, 0x0c, 0xff, 0xf5, 0x00, 0x00, 0x00,
    0x00, 0x00, 0x3f, 0xfd, 0xfd, 0x00, 0x00, 0x00,
    0x00, 0x00, 0xaf, 0xc2, 0xff, 0x50, 0x00, 0x00,
    0x00, 0x02, 0xff, 0x50, 0xaf, 0xd0, 0x00, 0x00,
    0x00, 0x09, 0xfe, 0x00, 0x3f, 0xf5, 0x00, 0x00,
    0x00, 0x1f, 0xf7, 0x00, 0x0b, 0xfd, 0x00, 0x00,
    0x00, 0x7f, 0xf1, 0x00, 0x03, 0xff, 0x50, 0x00,
    0x00, 0xef, 0x90, 0x00, 0x00, 0xbf, 0xd0, 0x00,
    0x06, 0xff, 0x20, 0x00, 0x00, 0x3f, 0xf6, 0x00,
    0x0d, 0xfb, 0x00, 0x00, 0x00, 0x0c, 0xfd, 0x00,
    0x4f, 0xf4, 0x00, 0x00, 0x00, 0x04, 0xff, 0x60,
    0xcf, 0xd0, 0x00, 0x00, 0x00, 0x00, 0xcf, 0xd0,

    /* U+005F "_" */
    0x00, 0x00, 0x00, 0x00, 0x00, 0x00, 0x00, 0x01,
    0xff, 0xff, 0xff, 0xff, 0xff, 0xff, 0xf1, 0x1f,
    0xff, 0xff, 0xff, 0xff, 0xff, 0xff, 0x10,

    /* U+0060 "`" */
    0x9f, 0xff, 0x30, 0x00, 0xcf, 0xfc, 0x00, 0x00,
    0xcf, 0xf7, 0x00, 0x01, 0xcf, 0xf2, 0x00, 0x00,
    0xbf, 0xd0,

    /* U+0061 "a" */
    0x00, 0x03, 0x8c, 0xef, 0xfe, 0xa3, 0x00, 0x00,
    0xaf, 0xff, 0xff, 0xff, 0xff, 0x70, 0x00, 0x7f,
    0xfd, 0x98, 0xaf, 0xff, 0xf2, 0x00, 0x19, 0x20,
    0x00, 0x01, 0xef, 0xf8, 0x00, 0x00, 0x00, 0x00,
    0x00, 0x8f, 0xfb, 0x00, 0x00, 0x00, 0x00, 0x00,
    0x5f, 0xfc, 0x00, 0x00, 0x00, 0x01, 0x11, 0x6f,
    0xfd, 0x00, 0x07, 0xbe, 0xff, 0xff, 0xff, 0xfd,
    0x03, 0xef, 0xff, 0xff, 0xff, 0xff, 0xfd, 0x1e,
    0xff, 0xd6, 0x20, 0x00, 0x5f, 0xfd, 0x7f, 0xff,
    0x10, 0x00, 0x00, 0x5f, 0xfd, 0xaf, 0xfa, 0x00,
    0x00, 0x00, 0x7f, 0xfd, 0xaf, 0xfb, 0x00, 0x00,
    0x00, 0xdf, 0xfd, 0x8f, 0xff, 0x20, 0x00, 0x1a,
    0xff, 0xfd, 0x2f, 0xff, 0xfa, 0x9b, 0xff, 0xbf,
    0xfd, 0x07, 0xff, 0xff, 0xff, 0xfb, 0x0d, 0xfd,
    0x00, 0x4b, 0xef, 0xec, 0x60, 0x09, 0xfd,

    /* U+0062 "b" */
    0x8f, 0xfa, 0x00, 0x00, 0x00, 0x00, 0x00, 0x00,
    0x8f, 0xfa, 0x00, 0x00, 0x00, 0x00, 0x00, 0x00,
    0x8f, 0xfa, 0x00, 0x00, 0x00, 0x00, 0x00, 0x00,
    0x8f, 0xfa, 0x00, 0x00, 0x00, 0x00, 0x00, 0x00,
    0x8f, 0xfa, 0x00, 0x00, 0x00, 0x00, 0x00, 0x00,
    0x8f, 0xfa, 0x00, 0x00, 0x00, 0x00, 0x00, 0x00,
    0x8f, 0xf9, 0x04, 0xbe, 0xfe, 0xb4, 0x00, 0x00,
    0x8f, 0xf9, 0x8f, 0xff, 0xff, 0xff, 0x90, 0x00,
    0x8f, 0xfd, 0xff, 0xdb, 0xcf, 0xff, 0xf7, 0x00,
    0x8f, 0xff, 0xe3, 0x00, 0x01, 0xcf, 0xff, 0x10,
    0x8f, 0xff, 0x40, 0x00, 0x00, 0x1f, 0xff, 0x70,
    0x8f, 0xfe, 0x00, 0x00, 0x00, 0x0a, 0xff, 0xb0,
    0x8f, 0xfc, 0x00, 0x00, 0x00, 0x06, 0xff, 0xe0,
    0x8f, 0xfa, 0x00, 0x00, 0x00, 0x04, 0xff, 0xf0,
    0x8f, 0xfa, 0x00, 0x00, 0x00, 0x04, 0xff, 0xf0,
    0x8f, 0xfa, 0x00, 0x00, 0x00, 0x04, 0xff, 0xf0,
    0x8f, 0xfc, 0x00, 0x00, 0x00, 0x06, 0xff, 0xe0,
    0x8f, 0xff, 0x00, 0x00, 0x00, 0x0a, 0xff, 0xb0,
    0x8f, 0xff, 0x60, 0x00, 0x00, 0x1f, 0xff, 0x70,
    0x8f, 0xff, 0xf4, 0x00, 0x02, 0xcf, 0xff, 0x10,
    0x8f, 0xfe, 0xff, 0xec, 0xcf, 0xff, 0xf7, 0x00,
    0x8f, 0xf3, 0x9f, 0xff, 0xff, 0xff, 0x90, 0x00,
    0x8f, 0xe0, 0x04, 0xbe, 0xfe, 0xb4, 0x00, 0x00,

    /* U+0063 "c" */
    0x00, 0x00, 0x29, 0xdf, 0xfe, 0xc8, 0x20, 0x00,
    0x9f, 0xff, 0xff, 0xff, 0xf9, 0x00, 0xaf, 0xff,
    0xfd, 0xce, 0xff, 0x30, 0x4f, 0xff, 0xb1, 0x00,
    0x02, 0x60, 0x0c, 0xff, 0xc0, 0x00, 0x00, 0x00,
    0x01, 0xff, 0xf4, 0x00, 0x00, 0x00, 0x00, 0x4f,
    0xff, 0x00, 0x00, 0x00, 0x00, 0x05, 0xff, 0xe0,
    0x00, 0x00, 0x00, 0x00, 0x6f, 0xfd, 0x00, 0x00,
    0x00, 0x00, 0x06, 0xff, 0xe0, 0x00, 0x00, 0x00,
    0x00, 0x4f, 0xff, 0x00, 0x00, 0x00, 0x00, 0x01,
    0xff, 0xf4, 0x00, 0x00, 0x00, 0x00, 0x0c, 0xff,
    0xc0, 0x00, 0x00, 0x00, 0x00, 0x5f, 0xff, 0xa1,
    0x00, 0x01, 0x65, 0x00, 0xbf, 0xff, 0xfd, 0xce,
    0xff, 0x70, 0x00, 0xaf, 0xff, 0xff, 0xff, 0xf7,
    0x00, 0x00, 0x3a, 0xdf, 0xfe, 0xb6, 0x00,

    /* U+0064 "d" */
    0x00, 0x00, 0x00, 0x00, 0x00, 0x00, 0xff, 0xf2,
    0x00, 0x00, 0x00, 0x00, 0x00, 0x00, 0xff, 0xf2,
    0x00, 0x00, 0x00, 0x00, 0x00, 0x00, 0xff, 0xf2,
    0x00, 0x00, 0x00, 0x00, 0x00, 0x00, 0xff, 0xf2,
    0x00, 0x00, 0x00, 0x00, 0x00, 0x00, 0xff, 0xf2,
    0x00, 0x00, 0x00, 0x00, 0x00, 0x00, 0xff, 0xf2,
    0x00, 0x00, 0x7c, 0xff, 0xd8, 0x10, 0xff, 0xf2,
    0x00, 0x2d, 0xff, 0xff, 0xff, 0xe3, 0xff, 0xf2,
    0x00, 0xdf, 0xff, 0xeb, 0xcf, 0xfe, 0xff, 0xf2,
    0x07, 0xff, 0xf8, 0x00, 0x00, 0x8f, 0xff, 0xf2,
    0x0d, 0xff, 0xb0, 0x00, 0x00, 0x0b, 0xff, 0xf2,
    0x1f, 0xff, 0x40, 0x00, 0x00, 0x05, 0xff, 0xf2,
    0x4f, 0xff, 0x00, 0x00, 0x00, 0x01, 0xff, 0xf2,
    0x6f, 0xfe, 0x00, 0x00, 0x00, 0x00, 0xff, 0xf2,
    0x6f, 0xfd, 0x00, 0x00, 0x00, 0x00, 0xff, 0xf2,
    0x6f, 0xfe, 0x00, 0x00, 0x00, 0x00, 0xff, 0xf2,
    0x4f, 0xff, 0x00, 0x00, 0x00, 0x00, 0xff, 0xf2,
    0x2f, 0xff, 0x40, 0x00, 0x00, 0x03, 0xff, 0xf2,
    0x0d, 0xff, 0xa0, 0x00, 0x00, 0x09, 0xff, 0xf2,
    0x07, 0xff, 0xf7, 0x00, 0x00, 0x7f, 0xff, 0xf2,
    0x00, 0xdf, 0xff, 0xeb, 0xbe, 0xfd, 0xef, 0xf2,
    0x00, 0x2d, 0xff, 0xff, 0xff, 0xe2, 0xbf, 0xf2,
    0x00, 0x00, 0x7d, 0xff, 0xd8, 0x10, 0x7f, 0xf2,

    /* U+0065 "e" */
    0x00, 0x00, 0x3a, 0xef, 0xfd, 0x92, 0x00, 0x00,
    0x00, 0x9f, 0xff, 0xff, 0xff, 0xf6, 0x00, 0x00,
    0x9f, 0xff, 0xc8, 0x9d, 0xff, 0xf5, 0x00, 0x4f,
    0xff, 0x40, 0x00, 0x09, 0xff, 0xe0, 0x0b, 0xff,
    0x80, 0x00, 0x00, 0x0d, 0xff, 0x50, 0xff, 0xf2,
    0x00, 0x00, 0x00, 0x8f, 0xf8, 0x3f, 0xff, 0x77,
    0x77, 0x77, 0x7b, 0xff, 0xa5, 0xff, 0xff, 0xff,
    0xff, 0xff, 0xff, 0xfb, 0x6f, 0xff, 0xff, 0xff,
    0xff, 0xff, 0xff, 0xb5, 0xff, 0xe0, 0x00, 0x00,
    0x00, 0x00, 0x00, 0x4f, 0xff, 0x00, 0x00, 0x00,
    0x00, 0x00, 0x01, 0xff, 0xf5, 0x00, 0x00, 0x00,
    0x00, 0x00, 0x0b, 0xff, 0xd0, 0x00, 0x00, 0x00,
    0x00, 0x00, 0x4f, 0xff, 0xb2, 0x00, 0x00, 0x04,
    0x90, 0x00, 0x8f, 0xff, 0xfc, 0xab, 0xcf, 0xff,
    0x00, 0x00, 0x7f, 0xff, 0xff, 0xff, 0xff, 0xe0,
    0x00, 0x00, 0x28, 0xcf, 0xff, 0xeb, 0x61, 0x00,

    /* U+0066 "f" */
    0x00, 0x00, 0x06, 0xbe, 0xff, 0xc8, 0x00, 0x00,
    0xaf, 0xff, 0xff, 0xfb, 0x00, 0x05, 0xff, 0xfe,
    0xab, 0xd5, 0x00, 0x0a, 0xff, 0xd0, 0x00, 0x00,
    0x00, 0x0c, 0xff, 0x70, 0x00, 0x00, 0x00, 0x0c,
    0xff, 0x60, 0x00, 0x00, 0x16, 0xcf, 0xff, 0xff,
    0xff, 0x60, 0x8f, 0xff, 0xff, 0xff, 0xff, 0x60,
    0x48, 0x8e, 0xff, 0xb8, 0x88, 0x30, 0x00, 0x0c,
    0xff, 0x60, 0x00, 0x00, 0x00, 0x0c, 0xff, 0x60,
    0x00, 0x00, 0x00, 0x0c, 0xff, 0x60, 0x00, 0x00,
    0x00, 0x0c, 0xff, 0x60, 0x00, 0x00, 0x00, 0x0c,
    0xff, 0x60, 0x00, 0x00, 0x00, 0x0c, 0xff, 0x60,
    0x00, 0x00, 0x00, 0x0c, 0xff, 0x60, 0x00, 0x00,
    0x00, 0x0c, 0xff, 0x60, 0x00, 0x00, 0x00, 0x0c,
    0xff, 0x60, 0x00, 0x00, 0x00, 0x0c, 0xff, 0x60,
    0x00, 0x00, 0x00, 0x0c, 0xff, 0x60, 0x00, 0x00,
    0x00, 0x0c, 0xff, 0x60, 0x00, 0x00, 0x00, 0x0c,
    0xff, 0x60, 0x00, 0x00, 0x00, 0x0c, 0xff, 0x60,
    0x00, 0x00,

    /* U+0067 "g" */
    0x00, 0x00, 0x7c, 0xff, 0xd8, 0x10, 0x8f, 0xf2,
    0x00, 0x1d, 0xff, 0xff, 0xff, 0xe3, 0xbf, 0xf2,
    0x00, 0xcf, 0xff, 0xeb, 0xbf, 0xfe, 0xef, 0xf2,
    0x06, 0xff, 0xf8, 0x00, 0x00, 0x8f, 0xff, 0xf2,
    0x0d, 0xff, 0xb0, 0x00, 0x00, 0x0b, 0xff, 0xf2,
    0x1f, 0xff, 0x40, 0x00, 0x00, 0x04, 0xff, 0xf2,
    0x4f, 0xff, 0x00, 0x00, 0x00, 0x01, 0xff, 0xf2,
    0x5f, 0xfe, 0x00, 0x00, 0x00, 0x00, 0xff, 0xf2,
    0x6f, 0xfd, 0x00, 0x00, 0x00, 0x00, 0xef, 0xf2,
    0x6f, 0xfe, 0x00, 0x00, 0x00, 0x00, 0xef, 0xf2,
    0x4f, 0xff, 0x00, 0x00, 0x00, 0x00, 0xff, 0xf2,
    0x1f, 0xff, 0x30, 0x00, 0x00, 0x02, 0xff, 0xf2,
    0x0d, 0xff, 0xa0, 0x00, 0x00, 0x08, 0xff, 0xf2,
    0x07, 0xff, 0xf7, 0x00, 0x00, 0x6f, 0xff, 0xf2,
    0x00, 0xdf, 0xff, 0xeb, 0xbe, 0xfe, 0xff, 0xf2,
    0x00, 0x2d, 0xff, 0xff, 0xff, 0xe3, 0xff, 0xf2,
    0x00, 0x00, 0x7d, 0xff, 0xd9, 0x10, 0xff, 0xf2,
    0x00, 0x00, 0x00, 0x00, 0x00, 0x00, 0xff, 0xf1,
    0x00, 0x00, 0x00, 0x00, 0x00, 0x03, 0xff, 0xf0,
    0x00, 0x00, 0x00, 0x00, 0x00, 0x0a, 0xff, 0xc0,
    0x03, 0x94, 0x00, 0x00, 0x00, 0x8f, 0xff, 0x70,
    0x04, 0xff, 0xfd, 0xbb, 0xcf, 0xff, 0xfd, 0x00,
    0x04, 0xff, 0xff, 0xff, 0xff, 0xff, 0xc1, 0x00,
    0x00, 0x38, 0xce, 0xff, 0xfd, 0xa5, 0x00, 0x00,

    /* U+0068 "h" */
    0x8f, 0xfa, 0x00, 0x00, 0x00, 0x00, 0x00, 0x08,
    0xff, 0xa0, 0x00, 0x00, 0x00, 0x00, 0x00, 0x8f,
    0xfa, 0x00, 0x00, 0x00, 0x00, 0x00, 0x08, 0xff,
    0xa0, 0x00, 0x00, 0x00, 0x00, 0x00, 0x8f, 0xfa,
    0x00, 0x00, 0x00, 0x00, 0x00, 0x08, 0xff, 0xa0,
    0x00, 0x00, 0x00, 0x00, 0x00, 0x8f, 0xfa, 0x03,
    0xae, 0xff, 0xc7, 0x00, 0x08, 0xff, 0x97, 0xff,
    0xff, 0xff, 0xfd, 0x10, 0x8f, 0xfd, 0xff, 0xeb,
    0xbe, 0xff, 0xfb, 0x08, 0xff, 0xff, 0x50, 0x00,
    0x0a, 0xff, 0xf2, 0x8f, 0xff, 0x70, 0x00, 0x00,
    0x1f, 0xff, 0x58, 0xff, 0xf0, 0x00, 0x00, 0x00,
    0xcf, 0xf7, 0x8f, 0xfc, 0x00, 0x00, 0x00, 0x0b,
    0xff, 0x78, 0xff, 0xa0, 0x00, 0x00, 0x00, 0xbf,
    0xf7, 0x8f, 0xfa, 0x00, 0x00, 0x00, 0x0b, 0xff,
    0x78, 0xff, 0xa0, 0x00, 0x00, 0x00, 0xbf, 0xf7,
    0x8f, 0xfa, 0x00, 0x00, 0x00, 0x0b, 0xff, 0x78,
    0xff, 0xa0, 0x00, 0x00, 0x00, 0xbf, 0xf7, 0x8f,
    0xfa, 0x00, 0x00, 0x00, 0x0b, 0xff, 0x78, 0xff,
    0xa0, 0x00, 0x00, 0x00, 0xbf, 0xf7, 0x8f, 0xfa,
    0x00, 0x00, 0x00, 0x0b, 0xff, 0x78, 0xff, 0xa0,
    0x00, 0x00, 0x00, 0xbf, 0xf7, 0x8f, 0xfa, 0x00,
    0x00, 0x00, 0x0b, 0xff, 0x70,

    /* U+0069 "i" */
    0x4e, 0xe5, 0xbf, 0xfd, 0xaf, 0xfc, 0x2a, 0xb3,
    0x00, 0x00, 0x00, 0x00, 0x8f, 0xfa, 0x8f, 0xfa,
    0x8f, 0xfa, 0x8f, 0xfa, 0x8f, 0xfa, 0x8f, 0xfa,
    0x8f, 0xfa, 0x8f, 0xfa, 0x8f, 0xfa, 0x8f, 0xfa,
    0x8f, 0xfa, 0x8f, 0xfa, 0x8f, 0xfa, 0x8f, 0xfa,
    0x8f, 0xfa, 0x8f, 0xfa, 0x8f, 0xfa,

    /* U+006A "j" */
    0x00, 0x00, 0x4e, 0xe5, 0x00, 0x00, 0xbf, 0xfd,
    0x00, 0x00, 0xaf, 0xfc, 0x00, 0x00, 0x2a, 0xb3,
    0x00, 0x00, 0x00, 0x00, 0x00, 0x00, 0x00, 0x00,
    0x00, 0x00, 0x8f, 0xfa, 0x00, 0x00, 0x8f, 0xfa,
    0x00, 0x00, 0x8f, 0xfa, 0x00, 0x00, 0x8f, 0xfa,
    0x00, 0x00, 0x8f, 0xfa, 0x00, 0x00, 0x8f, 0xfa,
    0x00, 0x00, 0x8f, 0xfa, 0x00, 0x00, 0x8f, 0xfa,
    0x00, 0x00, 0x8f, 0xfa, 0x00, 0x00, 0x8f, 0xfa,
    0x00, 0x00, 0x8f, 0xfa, 0x00, 0x00, 0x8f, 0xfa,
    0x00, 0x00, 0x8f, 0xfa, 0x00, 0x00, 0x8f, 0xfa,
    0x00, 0x00, 0x8f, 0xfa, 0x00, 0x00, 0x8f, 0xfa,
    0x00, 0x00, 0x8f, 0xfa, 0x00, 0x00, 0x8f, 0xfa,
    0x00, 0x00, 0x8f, 0xfa, 0x00, 0x00, 0x9f, 0xf9,
    0x00, 0x01, 0xef, 0xf7, 0x9c, 0xbf, 0xff, 0xf2,
    0xaf, 0xff, 0xff, 0x80, 0x7e, 0xff, 0xc6, 0x00,

    /* U+006B "k" */
    0x8f, 0xfa, 0x00, 0x00, 0x00, 0x00, 0x00, 0x08,
    0xff, 0xa0, 0x00, 0x00, 0x00, 0x00, 0x00, 0x8f,
    0xfa, 0x00, 0x00, 0x00, 0x00, 0x00, 0x08, 0xff,
    0xa0, 0x00, 0x00, 0x00, 0x00, 0x00, 0x8f, 0xfa,
    0x00, 0x00, 0x00, 0x00, 0x00, 0x08, 0xff, 0xa0,
    0x00, 0x00, 0x00, 0x00, 0x00, 0x8f, 0xfa, 0x00,
    0x00, 0x01, 0xdf, 0xfb, 0x08, 0xff, 0xa0, 0x00,
    0x00, 0xcf, 0xfc, 0x00, 0x8f, 0xfa, 0x00, 0x00,
    0xbf, 0xfd, 0x10, 0x08, 0xff, 0xa0, 0x00, 0x9f,
    0xfe, 0x20, 0x00, 0x8f, 0xfa, 0x00, 0x8f, 0xff,
    0x30, 0x00, 0x08, 0xff, 0xa0, 0x6f, 0xff, 0x40,
    0x00, 0x00, 0x8f, 0xf9, 0x3f, 0xff, 0x50, 0x00,
    0x00, 0x08, 0xff, 0x9e, 0xff, 0xd0, 0x00, 0x00,
    0x00, 0x8f, 0xff, 0xff, 0xff, 0x80, 0x00, 0x00,
    0x08, 0xff, 0xff, 0xbf, 0xff, 0x40, 0x00, 0x00,
    0x8f, 0xff, 0x40, 0xbf, 0xfe, 0x10, 0x00, 0x08,
    0xff, 0xa0, 0x01, 0xef, 0xfa, 0x00, 0x00, 0x8f,
    0xfa, 0x00, 0x05, 0xff, 0xf6, 0x00, 0x08, 0xff,
    0xa0, 0x00, 0x09, 0xff, 0xf2, 0x00, 0x8f, 0xfa,
    0x00, 0x00, 0x0d, 0xff, 0xc0, 0x08, 0xff, 0xa0,
    0x00, 0x00, 0x3f, 0xff, 0x80, 0x8f, 0xfa, 0x00,
    0x00, 0x00, 0x8f, 0xff, 0x40,

    /* U+006C "l" */
    0x8f, 0xfa, 0x8f, 0xfa, 0x8f, 0xfa, 0x8f, 0xfa,
    0x8f, 0xfa, 0x8f, 0xfa, 0x8f, 0xfa, 0x8f, 0xfa,
    0x8f, 0xfa, 0x8f, 0xfa, 0x8f, 0xfa, 0x8f, 0xfa,
    0x8f, 0xfa, 0x8f, 0xfa, 0x8f, 0xfa, 0x8f, 0xfa,
    0x8f, 0xfa, 0x8f, 0xfa, 0x8f, 0xfa, 0x8f, 0xfa,
    0x8f, 0xfa, 0x8f, 0xfa, 0x8f, 0xfa,

    /* U+006D "m" */
    0x8f, 0xf1, 0x04, 0xbe, 0xfe, 0xb4, 0x00, 0x04,
    0xae, 0xff, 0xc6, 0x00, 0x08, 0xff, 0x49, 0xff,
    0xff, 0xff, 0xf7, 0x08, 0xff, 0xff, 0xff, 0xfb,
    0x00, 0x8f, 0xfd, 0xff, 0xdb, 0xdf, 0xff, 0xf9,
    0xff, 0xeb, 0xcf, 0xff, 0xf6, 0x08, 0xff, 0xff,
    0x40, 0x00, 0x4f, 0xff, 0xff, 0x50, 0x00, 0x2e,
    0xff, 0xc0, 0x8f, 0xff, 0x60, 0x00, 0x00, 0xaf,
    0xff, 0x80, 0x00, 0x00, 0x6f, 0xff, 0x08, 0xff,
    0xf0, 0x00, 0x00, 0x06, 0xff, 0xf2, 0x00, 0x00,
    0x03, 0xff, 0xf0, 0x8f, 0xfc, 0x00, 0x00, 0x00,
    0x5f, 0xff, 0x00, 0x00, 0x00, 0x1f, 0xff, 0x18,
    0xff, 0xa0, 0x00, 0x00, 0x05, 0xff, 0xd0, 0x00,
    0x00, 0x01, 0xff, 0xf1, 0x8f, 0xfa, 0x00, 0x00,
    0x00, 0x5f, 0xfd, 0x00, 0x00, 0x00, 0x1f, 0xff,
    0x18, 0xff, 0xa0, 0x00, 0x00, 0x05, 0xff, 0xd0,
    0x00, 0x00, 0x01, 0xff, 0xf1, 0x8f, 0xfa, 0x00,
    0x00, 0x00, 0x5f, 0xfd, 0x00, 0x00, 0x00, 0x1f,
    0xff, 0x18, 0xff, 0xa0, 0x00, 0x00, 0x05, 0xff,
    0xd0, 0x00, 0x00, 0x01, 0xff, 0xf1, 0x8f, 0xfa,
    0x00, 0x00, 0x00, 0x5f, 0xfd, 0x00, 0x00, 0x00,
    0x1f, 0xff, 0x18, 0xff, 0xa0, 0x00, 0x00, 0x05,
    0xff, 0xd0, 0x00, 0x00, 0x01, 0xff, 0xf1, 0x8f,
    0xfa, 0x00, 0x00, 0x00, 0x5f, 0xfd, 0x00, 0x00,
    0x00, 0x1f, 0xff, 0x18, 0xff, 0xa0, 0x00, 0x00,
    0x05, 0xff, 0xd0, 0x00, 0x00, 0x01, 0xff, 0xf1,
    0x8f, 0xfa, 0x00, 0x00, 0x00, 0x5f, 0xfd, 0x00,
    0x00, 0x00, 0x1f, 0xff, 0x10,

    /* U+006E "n" */
    0x8f, 0xf1, 0x03, 0xae, 0xff, 0xc8, 0x10, 0x08,
    0xff, 0x48, 0xff, 0xff, 0xff, 0xfe, 0x20, 0x8f,
    0xfc, 0xff, 0xeb, 0xcf, 0xff, 0xfb, 0x08, 0xff,
    0xff, 0x50, 0x00, 0x0a, 0xff, 0xf2, 0x8f, 0xff,
    0x70, 0x00, 0x00, 0x1f, 0xff, 0x58, 0xff, 0xf0,
    0x00, 0x00, 0x00, 0xcf, 0xf7, 0x8f, 0xfc, 0x00,
    0x00, 0x00, 0x0b, 0xff, 0x78, 0xff, 0xa0, 0x00,
    0x00, 0x00, 0xbf, 0xf7, 0x8f, 0xfa, 0x00, 0x00,
    0x00, 0x0b, 0xff, 0x78, 0xff, 0xa0, 0x00, 0x00,
    0x00, 0xbf, 0xf7, 0x8f, 0xfa, 0x00, 0x00, 0x00,
    0x0b, 0xff, 0x78, 0xff, 0xa0, 0x00, 0x00, 0x00,
    0xbf, 0xf7, 0x8f, 0xfa, 0x00, 0x00, 0x00, 0x0b,
    0xff, 0x78, 0xff, 0xa0, 0x00, 0x00, 0x00, 0xbf,
    0xf7, 0x8f, 0xfa, 0x00, 0x00, 0x00, 0x0b, 0xff,
    0x78, 0xff, 0xa0, 0x00, 0x00, 0x00, 0xbf, 0xf7,
    0x8f, 0xfa, 0x00, 0x00, 0x00, 0x0b, 0xff, 0x70,

    /* U+006F "o" */
    0x00, 0x00, 0x39, 0xdf, 0xfe, 0xa4, 0x00, 0x00,
    0x00, 0x08, 0xff, 0xff, 0xff, 0xff, 0xb1, 0x00,
    0x00, 0x9f, 0xff, 0xeb, 0xad, 0xff, 0xfd, 0x00,
    0x04, 0xff, 0xf8, 0x00, 0x00, 0x5f, 0xff, 0x90,
    0x0b, 0xff, 0xb0, 0x00, 0x00, 0x06, 0xff, 0xf1,
    0x1f, 0xff, 0x40, 0x00, 0x00, 0x00, 0xef, 0xf6,
    0x4f, 0xff, 0x00, 0x00, 0x00, 0x00, 0xbf, 0xf9,
    0x5f, 0xfe, 0x00, 0x00, 0x00, 0x00, 0x9f, 0xfb,
    0x6f, 0xfd, 0x00, 0x00, 0x00, 0x00, 0x8f, 0xfc,
    0x5f, 0xfe, 0x00, 0x00, 0x00, 0x00, 0x9f, 0xfb,
    0x3f, 0xff, 0x00, 0x00, 0x00, 0x00, 0xbf, 0xf9,
    0x0f, 0xff, 0x40, 0x00, 0x00, 0x00, 0xff, 0xf6,
    0x0b, 0xff, 0xb0, 0x00, 0x00, 0x06, 0xff, 0xf1,
    0x03, 0xff, 0xf9, 0x00, 0x00, 0x4f, 0xff, 0x90,
    0x00, 0x8f, 0xff, 0xeb, 0xad, 0xff, 0xfd, 0x00,
    0x00, 0x07, 0xff, 0xff, 0xff, 0xff, 0xc1, 0x00,
    0x00, 0x00, 0x29, 0xdf, 0xfe, 0xa5, 0x00, 0x00,

    /* U+0070 "p" */
    0x8f, 0xf2, 0x03, 0xbe, 0xfe, 0xb4, 0x00, 0x00,
    0x8f, 0xf5, 0x7f, 0xff, 0xff, 0xff, 0x90, 0x00,
    0x8f, 0xfc, 0xff, 0xdb, 0xcf, 0xff, 0xf8, 0x00,
    0x8f, 0xff, 0xe4, 0x00, 0x02, 0xdf, 0xff, 0x10,
    0x8f, 0xff, 0x50, 0x00, 0x00, 0x2f, 0xff, 0x70,
    0x8f, 0xfe, 0x00, 0x00, 0x00, 0x0a, 0xff, 0xb0,
    0x8f, 0xfc, 0x00, 0x00, 0x00, 0x06, 0xff, 0xe0,
    0x8f, 0xfa, 0x00, 0x00, 0x00, 0x04, 0xff, 0xf0,
    0x8f, 0xfa, 0x00, 0x00, 0x00, 0x04, 0xff, 0xf0,
    0x8f, 0xfa, 0x00, 0x00, 0x00, 0x05, 0xff, 0xf0,
    0x8f, 0xfc, 0x00, 0x00, 0x00, 0x07, 0xff, 0xe0,
    0x8f, 0xff, 0x00, 0x00, 0x00, 0x0b, 0xff, 0xb0,
    0x8f, 0xff, 0x60, 0x00, 0x00, 0x2f, 0xff, 0x60,
    0x8f, 0xff, 0xf5, 0x00, 0x02, 0xdf, 0xff, 0x10,
    0x8f, 0xfe, 0xff, 0xec, 0xcf, 0xff, 0xf7, 0x00,
    0x8f, 0xf8, 0x8f, 0xff, 0xff, 0xff, 0x90, 0x00,
    0x8f, 0xf9, 0x04, 0xbe, 0xfe, 0xb4, 0x00, 0x00,
    0x8f, 0xfa, 0x00, 0x00, 0x00, 0x00, 0x00, 0x00,
    0x8f, 0xfa, 0x00, 0x00, 0x00, 0x00, 0x00, 0x00,
    0x8f, 0xfa, 0x00, 0x00, 0x00, 0x00, 0x00, 0x00,
    0x8f, 0xfa, 0x00, 0x00, 0x00, 0x00, 0x00, 0x00,
    0x8f, 0xfa, 0x00, 0x00, 0x00, 0x00, 0x00, 0x00,
    0x8f, 0xfa, 0x00, 0x00, 0x00, 0x00, 0x00, 0x00,
    0x8f, 0xfa, 0x00, 0x00, 0x00, 0x00, 0x00, 0x00,

    /* U+0071 "q" */
    0x00, 0x00, 0x7c, 0xff, 0xd9, 0x10, 0x8f, 0xf2,
    0x00, 0x1d, 0xff, 0xff, 0xff, 0xe3, 0xbf, 0xf2,
    0x00, 0xdf, 0xff, 0xea, 0xbe, 0xfe, 0xef, 0xf2,
    0x06, 0xff, 0xf7, 0x00, 0x00, 0x7f, 0xff, 0xf2,
    0x0d, 0xff, 0xb0, 0x00, 0x00, 0x0b, 0xff, 0xf2,
    0x1f, 0xff, 0x40, 0x00, 0x00, 0x05, 0xff, 0xf2,
    0x4f, 0xff, 0x00, 0x00, 0x00, 0x01, 0xff, 0xf2,
    0x5f, 0xfe, 0x00, 0x00, 0x00, 0x00, 0xff, 0xf2,
    0x6f, 0xfd, 0x00, 0x00, 0x00, 0x00, 0xff, 0xf2,
    0x6f, 0xfe, 0x00, 0x00, 0x00, 0x00, 0xff, 0xf2,
    0x4f, 0xff, 0x00, 0x00, 0x00, 0x00, 0xff, 0xf2,
    0x2f, 0xff, 0x40, 0x00, 0x00, 0x03, 0xff, 0xf2,
    0x0d, 0xff, 0xa0, 0x00, 0x00, 0x09, 0xff, 0xf2,
    0x07, 0xff, 0xf7, 0x00, 0x00, 0x6f, 0xff, 0xf2,
    0x00, 0xdf, 0xff, 0xeb, 0xbe, 0xfd, 0xff, 0xf2,
    0x00, 0x2d, 0xff, 0xff, 0xff, 0xe2, 0xff, 0xf2,
    0x00, 0x00, 0x7d, 0xff, 0xd8, 0x10, 0xff, 0xf2,
    0x00, 0x00, 0x00, 0x00, 0x00, 0x00, 0xff, 0xf2,
    0x00, 0x00, 0x00, 0x00, 0x00, 0x00, 0xff, 0xf2,
    0x00, 0x00, 0x00, 0x00, 0x00, 0x00, 0xff, 0xf2,
    0x00, 0x00, 0x00, 0x00, 0x00, 0x00, 0xff, 0xf2,
    0x00, 0x00, 0x00, 0x00, 0x00, 0x00, 0xff, 0xf2,
    0x00, 0x00, 0x00, 0x00, 0x00, 0x00, 0xff, 0xf2,
    0x00, 0x00, 0x00, 0x00, 0x00, 0x00, 0xff, 0xf2,

    /* U+0072 "r" */
    0x8f, 0xf0, 0x01, 0x9e, 0xff, 0x38, 0xff, 0x23,
    0xef, 0xff, 0xf1, 0x8f, 0xf5, 0xef, 0xff, 0xff,
    0x08, 0xff, 0xef, 0xe6, 0x10, 0x20, 0x8f, 0xff,
    0xd1, 0x00, 0x00, 0x08, 0xff, 0xf4, 0x00, 0x00,
    0x00, 0x8f, 0xfd, 0x00, 0x00, 0x00, 0x08, 0xff,
    0xa0, 0x00, 0x00, 0x00, 0x8f, 0xfa, 0x00, 0x00,
    0x00, 0x08, 0xff, 0xa0, 0x00, 0x00, 0x00, 0x8f,
    0xfa, 0x00, 0x00, 0x00, 0x08, 0xff, 0xa0, 0x00,
    0x00, 0x00, 0x8f, 0xfa, 0x00, 0x00, 0x00, 0x08,
    0xff, 0xa0, 0x00, 0x00, 0x00, 0x8f, 0xfa, 0x00,
    0x00, 0x00, 0x08, 0xff, 0xa0, 0x00, 0x00, 0x00,
    0x8f, 0xfa, 0x00, 0x00, 0x00, 0x00,

    /* U+0073 "s" */
    0x00, 0x18, 0xcf, 0xff, 0xda, 0x60, 0x00, 0x4f,
    0xff, 0xff, 0xff, 0xff, 0xc0, 0x1f, 0xff, 0xe9,
    0x89, 0xcf, 0xf6, 0x06, 0xff, 0xc0, 0x00, 0x00,
    0x16, 0x00, 0x8f, 0xf9, 0x00, 0x00, 0x00, 0x00,
    0x06, 0xff, 0xe3, 0x00, 0x00, 0x00, 0x00, 0x1e,
    0xff, 0xfa, 0x30, 0x00, 0x00, 0x00, 0x3e, 0xff,
    0xff, 0xd6, 0x00, 0x00, 0x00, 0x18, 0xff, 0xff,
    0xfe, 0x50, 0x00, 0x00, 0x00, 0x6d, 0xff, 0xff,
    0x60, 0x00, 0x00, 0x00, 0x04, 0xdf, 0xff, 0x00,
    0x00, 0x00, 0x00, 0x01, 0xff, 0xf3, 0x00, 0x00,
    0x00, 0x00, 0x0d, 0xff, 0x36, 0x71, 0x00, 0x00,
    0x04, 0xff, 0xf1, 0x8f, 0xfd, 0xa9, 0x9c, 0xff,
    0xfa, 0x08, 0xff, 0xff, 0xff, 0xff, 0xfb, 0x00,
    0x05, 0xad, 0xff, 0xfd, 0xa5, 0x00, 0x00,

    /* U+0074 "t" */
    0x00, 0x02, 0xff, 0x00, 0x00, 0x00, 0x00, 0x6f,
    0xf0, 0x00, 0x00, 0x00, 0x0b, 0xff, 0x00, 0x00,
    0x00, 0x01, 0xff, 0xf0, 0x00, 0x00, 0x08, 0xff,
    0xff, 0xff, 0xff, 0x97, 0xff, 0xff, 0xff, 0xff,
    0xf9, 0x38, 0x9f, 0xff, 0x88, 0x88, 0x40, 0x03,
    0xff, 0xf0, 0x00, 0x00, 0x00, 0x3f, 0xff, 0x00,
    0x00, 0x00, 0x03, 0xff, 0xf0, 0x00, 0x00, 0x00,
    0x3f, 0xff, 0x00, 0x00, 0x00, 0x03, 0xff, 0xf0,
    0x00, 0x00, 0x00, 0x3f, 0xff, 0x00, 0x00, 0x00,
    0x03, 0xff, 0xf0, 0x00, 0x00, 0x00, 0x3f, 0xff,
    0x00, 0x00, 0x00, 0x03, 0xff, 0xf0, 0x00, 0x00,
    0x00, 0x2f, 0xff, 0x10, 0x00, 0x00, 0x00, 0xff,
    0xf8, 0x00, 0x00, 0x00, 0x0b, 0xff, 0xfd, 0xbc,
    0xb0, 0x00, 0x2f, 0xff, 0xff, 0xfb, 0x00, 0x00,
    0x2a, 0xef, 0xfc, 0x60,

    /* U+0075 "u" */
    0xbf, 0xf8, 0x00, 0x00, 0x00, 0x0d, 0xff, 0x6b,
    0xff, 0x80, 0x00, 0x00, 0x00, 0xdf, 0xf6, 0xbf,
    0xf8, 0x00, 0x00, 0x00, 0x0d, 0xff, 0x6b, 0xff,
    0x80, 0x00, 0x00, 0x00, 0xdf, 0xf6, 0xbf, 0xf8,
    0x00, 0x00, 0x00, 0x0d, 0xff, 0x6b, 0xff, 0x80,
    0x00, 0x00, 0x00, 0xdf, 0xf6, 0xbf, 0xf8, 0x00,
    0x00, 0x00, 0x0d, 0xff, 0x6b, 0xff, 0x80, 0x00,
    0x00, 0x00, 0xdf, 0xf6, 0xbf, 0xf8, 0x00, 0x00,
    0x00, 0x0d, 0xff, 0x6b, 0xff, 0x80, 0x00, 0x00,
    0x00, 0xdf, 0xf6, 0xbf, 0xf8, 0x00, 0x00, 0x00,
    0x0f, 0xff, 0x6b, 0xff, 0x90, 0x00, 0x00, 0x03,
    0xff, 0xf6, 0x9f, 0xfd, 0x00, 0x00, 0x00, 0x9f,
    0xff, 0x65, 0xff, 0xf8, 0x00, 0x00, 0x7f, 0xff,
    0xf6, 0x0e, 0xff, 0xfe, 0xbc, 0xef, 0xfd, 0xff,
    0x60, 0x4f, 0xff, 0xff, 0xff, 0xf6, 0x7f, 0xf6,
    0x00, 0x29, 0xdf, 0xfd, 0x92, 0x04, 0xff, 0x60,

    /* U+0076 "v" */
    0xdf, 0xf8, 0x00, 0x00, 0x00, 0x00, 0xbf, 0xfa,
    0x7f, 0xfe, 0x00, 0x00, 0x00, 0x01, 0xff, 0xf4,
    0x1f, 0xff, 0x30, 0x00, 0x00, 0x06, 0xff, 0xe0,
    0x0b, 0xff, 0x80, 0x00, 0x00, 0x0b, 0xff, 0x80,
    0x06, 0xff, 0xd0, 0x00, 0x00, 0x1f, 0xff, 0x20,
    0x00, 0xff, 0xf3, 0x00, 0x00, 0x6f, 0xfd, 0x00,
    0x00, 0xaf, 0xf8, 0x00, 0x00, 0xbf, 0xf7, 0x00,
    0x00, 0x4f, 0xfd, 0x00, 0x01, 0xff, 0xf1, 0x00,
    0x00, 0x0e, 0xff, 0x30, 0x06, 0xff, 0xb0, 0x00,
    0x00, 0x09, 0xff, 0x80, 0x0b, 0xff, 0x50, 0x00,
    0x00, 0x03, 0xff, 0xd0, 0x1f, 0xff, 0x00, 0x00,
    0x00, 0x00, 0xdf, 0xf2, 0x6f, 0xfa, 0x00, 0x00,
    0x00, 0x00, 0x7f, 0xf7, 0xbf, 0xf4, 0x00, 0x00,
    0x00, 0x00, 0x2f, 0xfb, 0xff, 0xe0, 0x00, 0x00,
    0x00, 0x00, 0x0c, 0xff, 0xff, 0x80, 0x00, 0x00,
    0x00, 0x00, 0x06, 0xff, 0xff, 0x20, 0x00, 0x00,
    0x00, 0x00, 0x01, 0xff, 0xfc, 0x00, 0x00, 0x00,

    /* U+0077 "w" */
    0x8f, 0xfb, 0x00, 0x00, 0x00, 0xcf, 0xff, 0x00,
    0x00, 0x00, 0x7f, 0xfb, 0x4f, 0xfe, 0x00, 0x00,
    0x01, 0xff, 0xff, 0x40, 0x00, 0x00, 0xbf, 0xf7,
    0x0f, 0xff, 0x20, 0x00, 0x05, 0xff, 0xff, 0x80,
    0x00, 0x00, 0xff, 0xf3, 0x0c, 0xff, 0x60, 0x00,
    0x09, 0xfe, 0xcf, 0xd0, 0x00, 0x03, 0xff, 0xe0,
    0x07, 0xff, 0xa0, 0x00, 0x0e, 0xfb, 0x9f, 0xf1,
    0x00, 0x07, 0xff, 0xa0, 0x03, 0xff, 0xe0, 0x00,
    0x2f, 0xf8, 0x5f, 0xf5, 0x00, 0x0b, 0xff, 0x60,
    0x00, 0xff, 0xf2, 0x00, 0x7f, 0xf4, 0x1f, 0xfa,
    0x00, 0x0f, 0xff, 0x20, 0x00, 0xbf, 0xf6, 0x00,
    0xbf, 0xf0, 0x0d, 0xfe, 0x00, 0x3f, 0xfe, 0x00,
    0x00, 0x7f, 0xfa, 0x00, 0xff, 0xc0, 0x09, 0xff,
    0x30, 0x7f, 0xf9, 0x00, 0x00, 0x2f, 0xfe, 0x04,
    0xff, 0x70, 0x05, 0xff, 0x70, 0xbf, 0xf5, 0x00,
    0x00, 0x0e, 0xff, 0x18, 0xff, 0x20, 0x01, 0xff,
    0xb0, 0xef, 0xf1, 0x00, 0x00, 0x0a, 0xff, 0x4c,
    0xfe, 0x00, 0x00, 0xcf, 0xf2, 0xff, 0xc0, 0x00,
    0x00, 0x06, 0xff, 0x7f, 0xf9, 0x00, 0x00, 0x8f,
    0xf7, 0xff, 0x80, 0x00, 0x00, 0x02, 0xff, 0xcf,
    0xf5, 0x00, 0x00, 0x3f, 0xfd, 0xff, 0x40, 0x00,
    0x00, 0x00, 0xdf, 0xff, 0xf1, 0x00, 0x00, 0x0f,
    0xff, 0xff, 0x00, 0x00, 0x00, 0x00, 0x9f, 0xff,
    0xc0, 0x00, 0x00, 0x0b, 0xff, 0xfb, 0x00, 0x00,
    0x00, 0x00, 0x5f, 0xff, 0x70, 0x00, 0x00, 0x06,
    0xff, 0xf7, 0x00, 0x00,

    /* U+0078 "x" */
    0x1e, 0xff, 0xa0, 0x00, 0x00, 0x05, 0xff, 0xf4,
    0x05, 0xff, 0xf4, 0x00, 0x00, 0x0e, 0xff, 0x90,
    0x00, 0xaf, 0xfd, 0x00, 0x00, 0x9f, 0xfe, 0x00,
    0x00, 0x1e, 0xff, 0x80, 0x03, 0xff, 0xf4, 0x00,
    0x00, 0x05, 0xff, 0xf2, 0x0d, 0xff, 0xa0, 0x00,
    0x00, 0x00, 0xaf, 0xfc, 0x7f, 0xfe, 0x10, 0x00,
    0x00, 0x00, 0x1e, 0xff, 0xff, 0xf5, 0x00, 0x00,
    0x00, 0x00, 0x05, 0xff, 0xff, 0xa0, 0x00, 0x00,
    0x00, 0x00, 0x00, 0xff, 0xff, 0x40, 0x00, 0x00,
    0x00, 0x00, 0x09, 0xff, 0xff, 0xd0, 0x00, 0x00,
    0x00, 0x00, 0x4f, 0xff, 0xdf, 0xf9, 0x00, 0x00,
    0x00, 0x00, 0xef, 0xf8, 0x3f, 0xff, 0x30, 0x00,
    0x00, 0x09, 0xff, 0xd0, 0x09, 0xff, 0xd0, 0x00,
    0x00, 0x4f, 0xff, 0x40, 0x00, 0xef, 0xf8, 0x00,
    0x00, 0xdf, 0xf9, 0x00, 0x00, 0x5f, 0xff, 0x30,
    0x09, 0xff, 0xe1, 0x00, 0x00, 0x0a, 0xff, 0xd0,
    0x4f, 0xff, 0x50, 0x00, 0x00, 0x01, 0xff, 0xf8,

    /* U+0079 "y" */
    0xcf, 0xf9, 0x00, 0x00, 0x00, 0x00, 0xbf, 0xfa,
    0x6f, 0xfe, 0x00, 0x00, 0x00, 0x01, 0xff, 0xf4,
    0x0f, 0xff, 0x40, 0x00, 0x00, 0x06, 0xff, 0xe0,
    0x09, 0xff, 0xa0, 0x00, 0x00, 0x0b, 0xff, 0x80,
    0x03, 0xff, 0xf0, 0x00, 0x00, 0x1f, 0xff, 0x30,
    0x00, 0xdf, 0xf6, 0x00, 0x00, 0x6f, 0xfd, 0x00,
    0x00, 0x6f, 0xfb, 0x00, 0x00, 0xcf, 0xf7, 0x00,
    0x00, 0x1f, 0xff, 0x10, 0x01, 0xff, 0xf1, 0x00,
    0x00, 0x0a, 0xff, 0x70, 0x07, 0xff, 0xb0, 0x00,
    0x00, 0x04, 0xff, 0xc0, 0x0c, 0xff, 0x50, 0x00,
    0x00, 0x00, 0xdf, 0xf1, 0x1f, 0xff, 0x00, 0x00,
    0x00, 0x00, 0x7f, 0xf6, 0x6f, 0xf9, 0x00, 0x00,
    0x00, 0x00, 0x1f, 0xfb, 0xbf, 0xf3, 0x00, 0x00,
    0x00, 0x00, 0x0b, 0xff, 0xff, 0xd0, 0x00, 0x00,
    0x00, 0x00, 0x04, 0xff, 0xff, 0x80, 0x00, 0x00,
    0x00, 0x00, 0x00, 0xef, 0xff, 0x20, 0x00, 0x00,
    0x00, 0x00, 0x00, 0x9f, 0xfc, 0x00, 0x00, 0x00,
    0x00, 0x00, 0x00, 0xdf, 0xf6, 0x00, 0x00, 0x00,
    0x00, 0x00, 0x03, 0xff, 0xf1, 0x00, 0x00, 0x00,
    0x00, 0x00, 0x0b, 0xff, 0xa0, 0x00, 0x00, 0x00,
    0x00, 0x00, 0x8f, 0xff, 0x20, 0x00, 0x00, 0x00,
    0x5b, 0xbe, 0xff, 0xf8, 0x00, 0x00, 0x00, 0x00,
    0x7f, 0xff, 0xff, 0xa0, 0x00, 0x00, 0x00, 0x00,
    0x5e, 0xff, 0xc6, 0x00, 0x00, 0x00, 0x00, 0x00,

    /* U+007A "z" */
    0x6f, 0xff, 0xff, 0xff, 0xff, 0xff, 0x06, 0xff,
    0xff, 0xff, 0xff, 0xff, 0xf0, 0x38, 0x88, 0x88,
    0x88, 0xef, 0xfc, 0x00, 0x00, 0x00, 0x00, 0x3f,
    0xff, 0x20, 0x00, 0x00, 0x00, 0x0d, 0xff, 0x70,
    0x00, 0x00, 0x00, 0x09, 0xff, 0xc0, 0x00, 0x00,
    0x00, 0x04, 0xff, 0xf2, 0x00, 0x00, 0x00, 0x00,
    0xef, 0xf7, 0x00, 0x00, 0x00, 0x00, 0x9f, 0xfc,
    0x00, 0x00, 0x00, 0x00, 0x4f, 0xff, 0x20, 0x00,
    0x00, 0x00, 0x0e, 0xff, 0x70, 0x00, 0x00, 0x00,
    0x09, 0xff, 0xc0, 0x00, 0x00, 0x00, 0x04, 0xff,
    0xf2, 0x00, 0x00, 0x00, 0x01, 0xef, 0xf7, 0x00,
    0x00, 0x00, 0x00, 0xaf, 0xff, 0x88, 0x88, 0x88,
    0x88, 0x1e, 0xff, 0xff, 0xff, 0xff, 0xff, 0xf3,
    0xef, 0xff, 0xff, 0xff, 0xff, 0xff, 0x30,

    /* U+007B "{" */
    0x00, 0x00, 0x00, 0x39, 0xdf, 0x70, 0x00, 0x00,
    0x6f, 0xff, 0xf8, 0x00, 0x00, 0x2f, 0xff, 0xfb,
    0x40, 0x00, 0x07, 0xff, 0xd1, 0x00, 0x00, 0x00,
    0x9f, 0xf7, 0x00, 0x00, 0x00, 0x09, 0xff, 0x60,
    0x00, 0x00, 0x00, 0x9f, 0xf6, 0x00, 0x00, 0x00,
    0x09, 0xff, 0x60, 0x00, 0x00, 0x00, 0x9f, 0xf6,
    0x00, 0x00, 0x00, 0x09, 0xff, 0x50, 0x00, 0x00,
    0x00, 0xdf, 0xf4, 0x00, 0x00, 0x03, 0xbf, 0xfd,
    0x00, 0x00, 0x4f, 0xff, 0xfc, 0x20, 0x00, 0x04,
    0xff, 0xf9, 0x20, 0x00, 0x00, 0x2b, 0xef, 0xff,
    0x60, 0x00, 0x00, 0x00, 0x6f, 0xff, 0x10, 0x00,
    0x00, 0x00, 0xcf, 0xf5, 0x00, 0x00, 0x00, 0x09,
    0xff, 0x60, 0x00, 0x00, 0x00, 0x9f, 0xf6, 0x00,
    0x00, 0x00, 0x09, 0xff, 0x60, 0x00, 0x00, 0x00,
    0x9f, 0xf6, 0x00, 0x00, 0x00, 0x09, 0xff, 0x60,
    0x00, 0x00, 0x00, 0x9f, 0xf7, 0x00, 0x00, 0x00,
    0x07, 0xff, 0xd1, 0x00, 0x00, 0x00, 0x2f, 0xff,
    0xea, 0x40, 0x00, 0x00, 0x6f, 0xff, 0xf8, 0x00,
    0x00, 0x00, 0x39, 0xdf, 0x70,

    /* U+007C "|" */
    0xff, 0x8f, 0xf8, 0xff, 0x8f, 0xf8, 0xff, 0x8f,
    0xf8, 0xff, 0x8f, 0xf8, 0xff, 0x8f, 0xf8, 0xff,
    0x8f, 0xf8, 0xff, 0x8f, 0xf8, 0xff, 0x8f, 0xf8,
    0xff, 0x8f, 0xf8, 0xff, 0x8f, 0xf8, 0xff, 0x8f,
    0xf8, 0xff, 0x8f, 0xf8, 0xff, 0x8f, 0xf8, 0xff,
    0x8f, 0xf8, 0xff, 0x8f, 0xf8,

    /* U+007D "}" */
    0xfe, 0xc7, 0x00, 0x00, 0x00, 0xff, 0xff, 0xd1,
    0x00, 0x00, 0x9c, 0xff, 0xfa, 0x00, 0x00, 0x00,
    0x6f, 0xff, 0x00, 0x00, 0x00, 0x0e, 0xff, 0x10,
    0x00, 0x00, 0x0d, 0xff, 0x10, 0x00, 0x00, 0x0d,
    0xff, 0x10, 0x00, 0x00, 0x0d, 0xff, 0x10, 0x00,
    0x00, 0x0d, 0xff, 0x10, 0x00, 0x00, 0x0d, 0xff,
    0x20, 0x00, 0x00, 0x0c, 0xff, 0x60, 0x00, 0x00,
    0x06, 0xff, 0xf6, 0x10, 0x00, 0x00, 0x7f, 0xff,
    0xfc, 0x00, 0x00, 0x05, 0xef, 0xfc, 0x00, 0x00,
    0xcf, 0xff, 0xc8, 0x00, 0x08, 0xff, 0xc1, 0x00,
    0x00, 0x0c, 0xff, 0x40, 0x00, 0x00, 0x0d, 0xff,
    0x10, 0x00, 0x00, 0x0d, 0xff, 0x10, 0x00, 0x00,
    0x0d, 0xff, 0x10, 0x00, 0x00, 0x0d, 0xff, 0x10,
    0x00, 0x00, 0x0d, 0xff, 0x10, 0x00, 0x00, 0x0f,
    0xff, 0x10, 0x00, 0x00, 0x7f, 0xff, 0x00, 0x00,
    0x9c, 0xff, 0xfa, 0x00, 0x00, 0xff, 0xff, 0xd1,
    0x00, 0x00, 0xfe, 0xb6, 0x00, 0x00, 0x00,

    /* U+007E "~" */
    0x00, 0x37, 0x86, 0x20, 0x00, 0x00, 0x00, 0x20,
    0xbf, 0xff, 0xff, 0xb4, 0x00, 0x00, 0x7a, 0x8f,
    0xff, 0xff, 0xff, 0xfd, 0x99, 0xdf, 0xb9, 0xe5,
    0x00, 0x4a, 0xff, 0xff, 0xff, 0xf5, 0x61, 0x00,
    0x00, 0x02, 0x8d, 0xff, 0xc4, 0x00,

    /* U+0901 "ँ" */
    0x00, 0x00, 0x00, 0x00, 0x00, 0x00, 0x00, 0x01,
    0x00, 0xaf, 0xa0, 0x01, 0x00, 0x2c, 0xf2, 0x0f,
    0xff, 0x11, 0xfd, 0x31, 0xff, 0x70, 0xaf, 0xa0,
    0x6f, 0xf2, 0x0b, 0xfe, 0x30, 0x00, 0x2e, 0xfc,
    0x00, 0x3f, 0xff, 0xb9, 0xbf, 0xff, 0x30, 0x00,
    0x4e, 0xff, 0xff, 0xfe, 0x40, 0x00, 0x00, 0x04,
    0x78, 0x84, 0x00, 0x00,

    /* U+0902 "ं" */
    0x05, 0x50, 0x9f, 0xf8, 0xef, 0xfc, 0x9f, 0xf8,
    0x06, 0x50,

    /* U+0905 "अ" */
    0x00, 0x00, 0x04, 0xad, 0xff, 0xea, 0x30, 0x00,
    0xef, 0xff, 0xff, 0xff, 0x20, 0x00, 0x08, 0xff,
    0xff, 0xff, 0xff, 0x40, 0x0e, 0xff, 0xff, 0xff,
    0xf2, 0x00, 0x00, 0x3f, 0xfc, 0x99, 0xef, 0xfd,
    0x00, 0x78, 0xef, 0xf9, 0x88, 0x10, 0x00, 0x00,
    0x71, 0x00, 0x00, 0xef, 0xf2, 0x00, 0x0d, 0xff,
    0x20, 0x00, 0x00, 0x00, 0x00, 0x00, 0x00, 0x0a,
    0xff, 0x30, 0x00, 0xdf, 0xf2, 0x00, 0x00, 0x00,
    0x00, 0x00, 0x00, 0x00, 0xdf, 0xf2, 0x00, 0x0d,
    0xff, 0x20, 0x00, 0x00, 0x00, 0x00, 0x00, 0x03,
    0xbf, 0xfd, 0x00, 0x00, 0xdf, 0xf2, 0x00, 0x00,
    0x00, 0x00, 0x00, 0xcf, 0xff, 0xff, 0x30, 0x00,
    0x0d, 0xff, 0x20, 0x00, 0x06, 0xd8, 0x00, 0x0e,
    0xff, 0xff, 0xec, 0xbb, 0xce, 0xff, 0xf2, 0x00,
    0x00, 0xef, 0xe0, 0x00, 0x8a, 0x7b, 0xff, 0xff,
    0xff, 0xff, 0xff, 0x20, 0x00, 0x08, 0xff, 0x50,
    0x00, 0x00, 0x0c, 0xff, 0xcb, 0xba, 0xef, 0xf2,
    0x00, 0x00, 0x1f, 0xfd, 0x00, 0x00, 0x00, 0x4f,
    0xf8, 0x00, 0x0d, 0xff, 0x20, 0x00, 0x00, 0x9f,
    0xf5, 0x00, 0x00, 0x02, 0xff, 0xb0, 0x00, 0xdf,
    0xf2, 0x00, 0x00, 0x01, 0xff, 0xe2, 0x00, 0x00,
    0x4f, 0xfb, 0x00, 0x0d, 0xff, 0x20, 0x00, 0x00,
    0x06, 0xff, 0xd3, 0x00, 0x2d, 0xff, 0x70, 0x00,
    0xdf, 0xf2, 0x00, 0x00, 0x00, 0x0a, 0xff, 0xfd,
    0xdf, 0xff, 0xf1, 0x00, 0x0d, 0xff, 0x20, 0x00,
    0x00, 0x00, 0x08, 0xff, 0xff, 0xff, 0xe4, 0x00,
    0x00, 0xdf, 0xf2, 0x00, 0x00, 0x00, 0x00, 0x02,
    0x8b, 0xcb, 0x71, 0x00, 0x00, 0x0d, 0xff, 0x20,
    0x00, 0x00, 0x00, 0x00, 0x00, 0x00, 0x00, 0x00,
    0x00, 0x00, 0xdf, 0xf2, 0x00, 0x00,

    /* U+0906 "आ" */
    0x00, 0x00, 0x04, 0xad, 0xff, 0xea, 0x30, 0x00,
    0xef, 0xff, 0xff, 0xff, 0xff, 0xff, 0xff, 0xff,
    0x30, 0x00, 0x08, 0xff, 0xff, 0xff, 0xff, 0x40,
    0x0e, 0xff, 0xff, 0xff, 0xff, 0xff, 0xff, 0xff,
    0xf3, 0x00, 0x00, 0x3f, 0xfc, 0x99, 0xef, 0xfd,
    0x00, 0x78, 0xef, 0xf9, 0x88, 0x88, 0xdf, 0xfa,
    0x88, 0x10, 0x00, 0x00, 0x71, 0x00, 0x00, 0xef,
    0xf2, 0x00, 0x0d, 0xff, 0x20, 0x00, 0x0b, 0xff,
    0x30, 0x00, 0x00, 0x00, 0x00, 0x00, 0x00, 0x0a,
    0xff, 0x30, 0x00, 0xdf, 0xf2, 0x00, 0x00, 0xbf,
    0xf3, 0x00, 0x00, 0x00, 0x00, 0x00, 0x00, 0x00,
    0xdf, 0xf2, 0x00, 0x0d, 0xff, 0x20, 0x00, 0x0b,
    0xff, 0x30, 0x00, 0x00, 0x00, 0x00, 0x00, 0x03,
    0xbf, 0xfd, 0x00, 0x00, 0xdf, 0xf2, 0x00, 0x00,
    0xbf, 0xf3, 0x00, 0x00, 0x00, 0x00, 0x00, 0xcf,
    0xff, 0xff, 0x30, 0x00, 0x0d, 0xff, 0x20, 0x00,
    0x0b, 0xff, 0x30, 0x00, 0x06, 0xd8, 0x00, 0x0e,
    0xff, 0xff, 0xec, 0xbb, 0xce, 0xff, 0xf2, 0x00,
    0x00, 0xbf, 0xf3, 0x00, 0x00, 0xef, 0xe0, 0x00,
    0x8a, 0x7b, 0xff, 0xff, 0xff, 0xff, 0xff, 0x20,
    0x00, 0x0b, 0xff, 0x30, 0x00, 0x08, 0xff, 0x50,
    0x00, 0x00, 0x0c, 0xff, 0xcb, 0xba, 0xef, 0xf2,
    0x00, 0x00, 0xbf, 0xf3, 0x00, 0x00, 0x1f, 0xfd,
    0x00, 0x00, 0x00, 0x4f, 0xf8, 0x00, 0x0d, 0xff,
    0x20, 0x00, 0x0b, 0xff, 0x30, 0x00, 0x00, 0x9f,
    0xf5, 0x00, 0x00, 0x02, 0xff, 0xb0, 0x00, 0xdf,
    0xf2, 0x00, 0x00, 0xbf, 0xf3, 0x00, 0x00, 0x01,
    0xff, 0xe2, 0x00, 0x00, 0x4f, 0xfb, 0x00, 0x0d,
    0xff, 0x20, 0x00, 0x0b, 0xff, 0x30, 0x00, 0x00,
    0x06, 0xff, 0xd3, 0x00, 0x2d, 0xff, 0x70, 0x00,
    0xdf, 0xf2, 0x00, 0x00, 0xbf, 0xf3, 0x00, 0x00,
    0x00, 0x0a, 0xff, 0xfd, 0xdf, 0xff, 0xf1, 0x00,
    0x0d, 0xff, 0x20, 0x00, 0x0b, 0xff, 0x30, 0x00,
    0x00, 0x00, 0x08, 0xff, 0xff, 0xff, 0xe4, 0x00,
    0x00, 0xdf, 0xf2, 0x00, 0x00, 0xbf, 0xf3, 0x00,
    0x00, 0x00, 0x00, 0x02, 0x8b, 0xcb, 0x71, 0x00,
    0x00, 0x0d, 0xff, 0x20, 0x00, 0x0b, 0xff, 0x30,
    0x00, 0x00, 0x00, 0x00, 0x00, 0x00, 0x00, 0x00,
    0x00, 0x00, 0xdf, 0xf2, 0x00, 0x00, 0xbf, 0xf3,
    0x00, 0x00,

    /* U+0907 "इ" */
    0xff, 0xff, 0xff, 0xff, 0xff, 0xff, 0xff, 0xf6,
    0xff, 0xff, 0xff, 0xff, 0xff, 0xff, 0xff, 0xf6,
    0x88, 0x88, 0x88, 0x88, 0x8b, 0xff, 0xc8, 0x83,
    0x00, 0x00, 0x00, 0x00, 0x07, 0xff, 0x70, 0x00,
    0x00, 0x00, 0x00, 0x00, 0x07, 0xff, 0x70, 0x00,
    0x00, 0x05, 0x9a, 0xbb, 0xbd, 0xff, 0x70, 0x00,
    0x00, 0xcf, 0xff, 0xff, 0xff, 0xff, 0x70, 0x00,
    0x06, 0xff, 0xfc, 0xbb, 0xbb, 0xbb, 0x50, 0x00,
    0x08, 0xff, 0x70, 0x00, 0x00, 0x00, 0x00, 0x00,
    0x07, 0xff, 0x80, 0x00, 0x00, 0x00, 0x00, 0x00,
    0x01, 0xff, 0xf9, 0x9b, 0xba, 0x83, 0x00, 0x00,
    0x00, 0x4f, 0xff, 0xff, 0xff, 0xff, 0x80, 0x00,
    0x00, 0x03, 0xef, 0xdb, 0xbe, 0xff, 0xf5, 0x00,
    0x00, 0x00, 0x00, 0x00, 0x00, 0x8f, 0xfa, 0x00,
    0x00, 0x00, 0x00, 0x00, 0x00, 0x3f, 0xfc, 0x00,
    0x06, 0xff, 0x80, 0x00, 0x00, 0x9f, 0xfa, 0x00,
    0x0c, 0xff, 0xf9, 0x67, 0x9d, 0xff, 0xf4, 0x00,
    0x08, 0xff, 0xff, 0xff, 0xff, 0xff, 0x60, 0x00,
    0x00, 0x5b, 0xff, 0xff, 0xec, 0x82, 0x00, 0x00,
    0x00, 0x00, 0x2f, 0xfd, 0x10, 0x00, 0x00, 0x00,
    0x00, 0x00, 0x05, 0xff, 0xe2, 0x00, 0x00, 0x00,
    0x00, 0x00, 0x00, 0x9f, 0xfe, 0x30, 0x00, 0x00,
    0x00, 0x00, 0x00, 0x0c, 0xff, 0x70, 0x00, 0x00,
    0x00, 0x00, 0x00, 0x01, 0xc4, 0x00, 0x00, 0x00,
    0x00, 0x00, 0x00, 0x00, 0x00, 0x00, 0x00, 0x00,

    /* U+0908 "ई" */
    0x00, 0x00, 0x00, 0x00, 0x07, 0xcf, 0xfe, 0xa1,
    0x00, 0x00, 0x00, 0x00, 0xcf, 0xff, 0xff, 0xf1,
    0x00, 0x00, 0x00, 0x06, 0xff, 0xf9, 0x68, 0x90,
    0x00, 0x00, 0x00, 0x09, 0xff, 0x80, 0x00, 0x00,
    0x00, 0x00, 0x00, 0x09, 0xff, 0x40, 0x00, 0x00,
    0x00, 0x00, 0x00, 0x05, 0xff, 0x60, 0x00, 0x00,
    0x00, 0x00, 0x00, 0x00, 0xef, 0xd0, 0x00, 0x00,
    0x00, 0x00, 0x00, 0x00, 0x4f, 0xfa, 0x00, 0x00,
    0xff, 0xff, 0xff, 0xff, 0xff, 0xff, 0xff, 0xf6,
    0xff, 0xff, 0xff, 0xff, 0xff, 0xff, 0xff, 0xf6,
    0x88, 0x88, 0x88, 0x88, 0x8b, 0xff, 0xc8, 0x83,
    0x00, 0x00, 0x00, 0x00, 0x07, 0xff, 0x70, 0x00,
    0x00, 0x00, 0x00, 0x00, 0x07, 0xff, 0x70, 0x00,
    0x00, 0x04, 0x9a, 0xbb, 0xbd, 0xff, 0x70, 0x00,
    0x00, 0xbf, 0xff, 0xff, 0xff, 0xff, 0x70, 0x00,
    0x05, 0xff, 0xfc, 0xbb, 0xbb, 0xbb, 0x50, 0x00,
    0x08, 0xff, 0x70, 0x00, 0x00, 0x00, 0x00, 0x00,
    0x07, 0xff, 0x60, 0x00, 0x00, 0x00, 0x00, 0x00,
    0x02, 0xff, 0xe4, 0x7a, 0xba, 0x83, 0x00, 0x00,
    0x00, 0x8f, 0xff, 0xff, 0xff, 0xff, 0x80, 0x00,
    0x00, 0x08, 0xff, 0xec, 0xbe, 0xff, 0xf5, 0x00,
    0x00, 0x00, 0x43, 0x00, 0x00, 0x8f, 0xfa, 0x00,
    0x00, 0x00, 0x00, 0x00, 0x00, 0x3f, 0xfc, 0x00,
    0x06, 0xff, 0x70, 0x00, 0x00, 0x9f, 0xfa, 0x00,
    0x0c, 0xff, 0xf9, 0x67, 0x9d, 0xff, 0xf4, 0x00,
    0x08, 0xff, 0xff, 0xff, 0xff, 0xff, 0x60, 0x00,
    0x00, 0x5b, 0xff, 0xff, 0xec, 0x82, 0x00, 0x00,
    0x00, 0x00, 0x5f, 0xfb, 0x00, 0x00, 0x00, 0x00,
    0x00, 0x00, 0x09, 0xff, 0xb0, 0x00, 0x00, 0x00,
    0x00, 0x00, 0x00, 0xdf, 0xfb, 0x00, 0x00, 0x00,
    0x00, 0x00, 0x00, 0x2f, 0xff, 0xa0, 0x00, 0x00,
    0x00, 0x00, 0x00, 0x04, 0xfa, 0x00, 0x00, 0x00,
    0x00, 0x00, 0x00, 0x00, 0x20, 0x00, 0x00, 0x00,

    /* U+0909 "उ" */
    0xff, 0xff, 0xff, 0xff, 0xff, 0xff, 0xff, 0xff,
    0xf3, 0xff, 0xff, 0xff, 0xff, 0xff, 0xff, 0xff,
    0xff, 0xf3, 0x88, 0x88, 0x88, 0x88, 0x88, 0xcf,
    0xfd, 0x88, 0x81, 0x00, 0x00, 0x00, 0x00, 0x00,
    0x0d, 0xff, 0x20, 0x00, 0x00, 0x00, 0x00, 0x00,
    0x00, 0x07, 0xff, 0x70, 0x00, 0x00, 0x00, 0x00,
    0x00, 0x00, 0x06, 0xff, 0x90, 0x00, 0x00, 0x00,
    0x00, 0x00, 0x00, 0x0c, 0xff, 0x60, 0x00, 0x00,
    0x00, 0x00, 0x01, 0x37, 0xdf, 0xff, 0x10, 0x00,
    0x00, 0x13, 0x00, 0x0f, 0xff, 0xff, 0xf5, 0x00,
    0x00, 0x0a, 0xfb, 0x00, 0x0c, 0xff, 0xff, 0xf9,
    0x00, 0x00, 0x0d, 0xff, 0x10, 0x04, 0x64, 0x2d,
    0xff, 0x60, 0x00, 0x07, 0xff, 0x70, 0x00, 0x00,
    0x02, 0xff, 0xe0, 0x00, 0x01, 0xff, 0xe0, 0x00,
    0x00, 0x00, 0xcf, 0xf3, 0x00, 0x00, 0xaf, 0xf6,
    0x00, 0x00, 0x00, 0xaf, 0xf5, 0x00, 0x00, 0x2f,
    0xff, 0x10, 0x00, 0x00, 0xcf, 0xf5, 0x00, 0x00,
    0x08, 0xff, 0xd2, 0x00, 0x05, 0xff, 0xf2, 0x00,
    0x00, 0x00, 0xbf, 0xff, 0xba, 0xcf, 0xff, 0xb0,
    0x00, 0x00, 0x00, 0x0a, 0xff, 0xff, 0xff, 0xfd,
    0x10, 0x00, 0x00, 0x00, 0x00, 0x4a, 0xef, 0xfc,
    0x70, 0x00, 0x00,

    /* U+090F "ए" */
    0xff, 0xff, 0xff, 0xff, 0xff, 0xff, 0xff, 0xff,
    0xf8, 0xff, 0xff, 0xff, 0xff, 0xff, 0xff, 0xff,
    0xff, 0xf8, 0x88, 0xdf, 0xfa, 0x88, 0x88, 0x89,
    0xff, 0xe8, 0x84, 0x00, 0xbf, 0xf3, 0x00, 0x00,
    0x02, 0xff, 0xd0, 0x00, 0x00, 0xbf, 0xf3, 0x00,
    0x00, 0x02, 0xff, 0xd0, 0x00, 0x00, 0xbf, 0xf3,
    0x00, 0x00, 0x02, 0xff, 0xd0, 0x00, 0x00, 0xbf,
    0xf3, 0x00, 0x00, 0x02, 0xff, 0xd0, 0x00, 0x00,
    0xbf, 0xf3, 0x00, 0x00, 0x03, 0xff, 0xc0, 0x00,
    0x00, 0xbf, 0xf3, 0x00, 0x00, 0x06, 0xff, 0xb0,
    0x00, 0x00, 0xbf, 0xf4, 0x00, 0x00, 0x5f, 0xff,
    0x80, 0x00, 0x00, 0x9f, 0xf6, 0x00, 0x06, 0xff,
    0xff, 0x10, 0x00, 0x00, 0x6f, 0xfd, 0x00, 0x00,
    0xdf, 0xe3, 0x00, 0x00, 0x00, 0x0e, 0xff, 0xd3,
    0x00, 0x35, 0x00, 0x00, 0x00, 0x00, 0x03, 0xef,
    0xff, 0xb3, 0x00, 0x00, 0x00, 0x00, 0x00, 0x00,
    0x1a, 0xff, 0xff, 0xa2, 0x00, 0x00, 0x00, 0x00,
    0x00, 0x00, 0x3b, 0xff, 0xff, 0x90, 0x00, 0x00,
    0x00, 0x00, 0x00, 0x00, 0x3b, 0xff, 0xfc, 0x00,
    0x00, 0x00, 0x00, 0x00, 0x00, 0x00, 0x4e, 0xff,
    0x80, 0x00, 0x00, 0x00, 0x00, 0x00, 0x00, 0x06,
    0xff, 0xc0, 0x00, 0x00, 0x00, 0x00, 0x00, 0x00,
    0x06, 0xff, 0xc0, 0x00, 0x00, 0x00, 0x00, 0x00,
    0x00, 0x0d, 0xff, 0x80, 0x00, 0x00, 0x00, 0x00,
    0x00, 0x00, 0x02, 0x8d, 0x10, 0x00, 0x00, 0x00,
    0x00, 0x00, 0x00, 0x00, 0x00, 0x00, 0x00,

    /* U+0910 "ऐ" */
    0x00, 0x00, 0x2a, 0xef, 0xfc, 0x60, 0x00, 0x00,
    0x00, 0x00, 0x00, 0x1f, 0xff, 0xff, 0xfa, 0x00,
    0x00, 0x00, 0x00, 0x00, 0x0b, 0xc9, 0xaf, 0xff,
    0x50, 0x00, 0x00, 0x00, 0x00, 0x00, 0x00, 0x02,
    0xef, 0xd0, 0x00, 0x00, 0x00, 0x00, 0x00, 0x00,
    0x00, 0x6f, 0xf5, 0x00, 0x00, 0x00, 0x00, 0x00,
    0x00, 0x00, 0x0f, 0xfb, 0x00, 0x00, 0x00, 0x00,
    0x00, 0x00, 0x00, 0x09, 0xff, 0x10, 0x00, 0x00,
    0x00, 0x00, 0x00, 0x00, 0x03, 0xff, 0x60, 0x00,
    0xff, 0xff, 0xff, 0xff, 0xff, 0xff, 0xff, 0xff,
    0xf8, 0xff, 0xff, 0xff, 0xff, 0xff, 0xff, 0xff,
    0xff, 0xf8, 0x88, 0xdf, 0xfa, 0x88, 0x88, 0x89,
    0xff, 0xe8, 0x84, 0x00, 0xbf, 0xf3, 0x00, 0x00,
    0x02, 0xff, 0xd0, 0x00, 0x00, 0xbf, 0xf3, 0x00,
    0x00, 0x02, 0xff, 0xd0, 0x00, 0x00, 0xbf, 0xf3,
    0x00, 0x00, 0x02, 0xff, 0xd0, 0x00, 0x00, 0xbf,
    0xf3, 0x00, 0x00, 0x02, 0xff, 0xd0, 0x00, 0x00,
    0xbf, 0xf3, 0x00, 0x00, 0x02, 0xff, 0xc0, 0x00,
    0x00, 0xbf, 0xf3, 0x00, 0x00, 0x05, 0xff, 0xb0,
    0x00, 0x00, 0xbf, 0xf4, 0x00, 0x00, 0x1c, 0xff,
    0x90, 0x00, 0x00, 0xaf, 0xf6, 0x00, 0x04, 0xef,
    0xff, 0x30, 0x00, 0x00, 0x7f, 0xfc, 0x00, 0x01,
    0xff, 0xf8, 0x00, 0x00, 0x00, 0x1f, 0xff, 0xb1,
    0x00, 0x7b, 0x40, 0x00, 0x00, 0x00, 0x05, 0xff,
    0xfe, 0x70, 0x00, 0x00, 0x00, 0x00, 0x00, 0x00,
    0x3d, 0xff, 0xfe, 0x70, 0x00, 0x00, 0x00, 0x00,
    0x00, 0x00, 0x7e, 0xff, 0xfe, 0x50, 0x00, 0x00,
    0x00, 0x00, 0x00, 0x00, 0x7f, 0xff, 0xf9, 0x00,
    0x00, 0x00, 0x00, 0x00, 0x00, 0x01, 0x9f, 0xff,
    0x60, 0x00, 0x00, 0x00, 0x00, 0x00, 0x00, 0x09,
    0xff, 0xb0, 0x00, 0x00, 0x00, 0x00, 0x00, 0x00,
    0x05, 0xff, 0xc0, 0x00, 0x00, 0x00, 0x00, 0x00,
    0x00, 0x0a, 0xff, 0xa0, 0x00, 0x00, 0x00, 0x00,
    0x00, 0x00, 0x08, 0xef, 0x30, 0x00, 0x00, 0x00,
    0x00, 0x00, 0x00, 0x00, 0x03, 0x00, 0x00,

    /* U+0914 "औ" */
    0x00, 0x00, 0x00, 0x00, 0x00, 0x00, 0x00, 0x00,
    0x00, 0x07, 0xdf, 0xfd, 0x80, 0x00, 0x00, 0x00,
    0x00, 0x00, 0x00, 0x00, 0x00, 0x00, 0x00, 0x00,
    0x00, 0x00, 0x7f, 0xff, 0xff, 0xc0, 0x00, 0x00,
    0x00, 0x00, 0x00, 0x00, 0x00, 0x00, 0x00, 0x00,
    0x00, 0x00, 0x01, 0x95, 0x59, 0xff, 0x80, 0x00,
    0x00, 0x00, 0x00, 0x00, 0x00, 0x00, 0x00, 0x00,
    0x00, 0x00, 0x00, 0x17, 0xa9, 0x45, 0xff, 0x20,
    0x00, 0x00, 0x00, 0x00, 0x00, 0x00, 0x00, 0x00,
    0x00, 0x00, 0x00, 0x2f, 0xff, 0xff, 0x8a, 0xf9,
    0x00, 0x00, 0x00, 0x00, 0x00, 0x00, 0x00, 0x00,
    0x00, 0x00, 0x00, 0x00, 0xef, 0xca, 0xdf, 0xaf,
    0xf0, 0x00, 0x00, 0x00, 0x00, 0x00, 0x00, 0x00,
    0x00, 0x00, 0x00, 0x00, 0x06, 0x20, 0x00, 0x5f,
    0xff, 0x60, 0x00, 0x00, 0x00, 0x00, 0x00, 0x00,
    0x00, 0x00, 0x00, 0x00, 0x00, 0x00, 0x00, 0x00,
    0x3e, 0xfb, 0x00, 0x00, 0x00, 0x00, 0x04, 0x9d,
    0xff, 0xea, 0x30, 0x00, 0xef, 0xff, 0xff, 0xff,
    0xff, 0xff, 0xff, 0xff, 0x30, 0x00, 0x07, 0xff,
    0xff, 0xff, 0xff, 0x40, 0x0e, 0xff, 0xff, 0xff,
    0xff, 0xff, 0xff, 0xff, 0xf3, 0x00, 0x00, 0x3f,
    0xfc, 0x99, 0xef, 0xfd, 0x00, 0x78, 0xef, 0xf9,
    0x88, 0x88, 0xdf, 0xfa, 0x88, 0x10, 0x00, 0x00,
    0x82, 0x00, 0x00, 0xef, 0xf2, 0x00, 0x0d, 0xff,
    0x20, 0x00, 0x0b, 0xff, 0x30, 0x00, 0x00, 0x00,
    0x00, 0x00, 0x00, 0x0a, 0xff, 0x30, 0x00, 0xdf,
    0xf2, 0x00, 0x00, 0xbf, 0xf3, 0x00, 0x00, 0x00,
    0x00, 0x00, 0x00, 0x00, 0xdf, 0xf2, 0x00, 0x0d,
    0xff, 0x20, 0x00, 0x0b, 0xff, 0x30, 0x00, 0x00,
    0x00, 0x00, 0x00, 0x02, 0xaf, 0xfd, 0x00, 0x00,
    0xdf, 0xf2, 0x00, 0x00, 0xbf, 0xf3, 0x00, 0x00,
    0x00, 0x00, 0x00, 0xbe, 0xff, 0xff, 0x40, 0x00,
    0x0d, 0xff, 0x20, 0x00, 0x0b, 0xff, 0x30, 0x00,
    0x05, 0xd8, 0x00, 0x0e, 0xff, 0xff, 0xec, 0xbb,
    0xce, 0xff, 0xf2, 0x00, 0x00, 0xbf, 0xf3, 0x00,
    0x00, 0xef, 0xe0, 0x00, 0x9b, 0x8c, 0xff, 0xff,
    0xff, 0xff, 0xff, 0x20, 0x00, 0x0b, 0xff, 0x30,
    0x00, 0x08, 0xff, 0x50, 0x00, 0x00, 0x0c, 0xff,
    0xcb, 0xba, 0xef, 0xf2, 0x00, 0x00, 0xbf, 0xf3,
    0x00, 0x00, 0x2f, 0xfc, 0x00, 0x00, 0x00, 0x4f,
    0xf8, 0x00, 0x0d, 0xff, 0x20, 0x00, 0x0b, 0xff,
    0x30, 0x00, 0x00, 0xaf, 0xf5, 0x00, 0x00, 0x02,
    0xff, 0xb0, 0x00, 0xdf, 0xf2, 0x00, 0x00, 0xbf,
    0xf3, 0x00, 0x00, 0x01, 0xff, 0xe1, 0x00, 0x00,
    0x4f, 0xfb, 0x00, 0x0d, 0xff, 0x20, 0x00, 0x0b,
    0xff, 0x30, 0x00, 0x00, 0x07, 0xff, 0xd3, 0x00,
    0x1d, 0xff, 0x70, 0x00, 0xdf, 0xf2, 0x00, 0x00,
    0xbf, 0xf3, 0x00, 0x00, 0x00, 0x0a, 0xff, 0xfd,
    0xdf, 0xff, 0xf1, 0x00, 0x0d, 0xff, 0x20, 0x00,
    0x0b, 0xff, 0x30, 0x00, 0x00, 0x00, 0x09, 0xff,
    0xff, 0xff, 0xf4, 0x00, 0x00, 0xdf, 0xf2, 0x00,
    0x00, 0xbf, 0xf3, 0x00, 0x00, 0x00, 0x00, 0x02,
    0x8b, 0xcb, 0x71, 0x00, 0x00, 0x0d, 0xff, 0x20,
    0x00, 0x0b, 0xff, 0x30, 0x00, 0x00, 0x00, 0x00,
    0x00, 0x00, 0x00, 0x00, 0x00, 0x00, 0xdf, 0xf2,
    0x00, 0x00, 0xbf, 0xf3, 0x00, 0x00,

    /* U+0915 "क" */
    0xff, 0xff, 0xff, 0xff, 0xff, 0xff, 0xff, 0xff,
    0xff, 0xff, 0xff, 0xff, 0x0f, 0xff, 0xff, 0xff,
    0xff, 0xff, 0xff, 0xff, 0xff, 0xff, 0xff, 0xff,
    0xf0, 0x88, 0x88, 0x88, 0x88, 0x88, 0x8d, 0xff,
    0xa8, 0x88, 0x88, 0x88, 0x88, 0x00, 0x00, 0x00,
    0x00, 0x00, 0x00, 0xaf, 0xf4, 0x00, 0x00, 0x00,
    0x00, 0x00, 0x00, 0x00, 0x00, 0x00, 0x00, 0x0a,
    0xff, 0x40, 0x00, 0x00, 0x00, 0x00, 0x00, 0x00,
    0x04, 0x9b, 0xcc, 0xc3, 0xaf, 0xf4, 0x00, 0x00,
    0x00, 0x00, 0x00, 0x00, 0x1c, 0xff, 0xff, 0xff,
    0x3a, 0xff, 0x40, 0x00, 0x00, 0x00, 0x00, 0x00,
    0x0d, 0xff, 0xfe, 0xcc, 0xd1, 0xaf, 0xf5, 0x6a,
    0xbb, 0x71, 0x00, 0x00, 0x05, 0xff, 0xf5, 0x00,
    0x00, 0x0a, 0xff, 0xff, 0xff, 0xff, 0xe2, 0x00,
    0x00, 0x9f, 0xf7, 0x00, 0x00, 0x00, 0xaf, 0xff,
    0xfd, 0xcf, 0xff, 0xd0, 0x00, 0x0b, 0xff, 0x40,
    0x00, 0x00, 0x0b, 0xff, 0xe4, 0x00, 0x1e, 0xff,
    0x30, 0x00, 0x9f, 0xf6, 0x00, 0x00, 0x03, 0xff,
    0xf5, 0x00, 0x00, 0x9f, 0xf6, 0x00, 0x05, 0xff,
    0xe3, 0x00, 0x07, 0xff, 0xff, 0x40, 0x00, 0x09,
    0xff, 0x60, 0x00, 0x0d, 0xff, 0xfd, 0xcf, 0xff,
    0xff, 0xf4, 0x00, 0x00, 0xcf, 0xf3, 0x00, 0x00,
    0x1c, 0xff, 0xff, 0xff, 0xdc, 0xff, 0x40, 0x00,
    0x3f, 0xff, 0x00, 0x00, 0x00, 0x05, 0x9c, 0xca,
    0x50, 0xaf, 0xf4, 0x00, 0x1d, 0xff, 0x80, 0x00,
    0x00, 0x00, 0x00, 0x00, 0x00, 0x0a, 0xff, 0x40,
    0x03, 0xef, 0xe1, 0x00, 0x00, 0x00, 0x00, 0x00,
    0x00, 0x00, 0xaf, 0xf4, 0x00, 0x00, 0x93, 0x00,
    0x00, 0x00, 0x00, 0x00, 0x00, 0x00, 0x0a, 0xff,
    0x40, 0x00, 0x00, 0x00, 0x00, 0x00,

    /* U+0916 "ख" */
    0xff, 0xff, 0xff, 0xff, 0xff, 0xff, 0xff, 0xff,
    0xff, 0xff, 0xff, 0xff, 0xf7, 0xff, 0xff, 0xff,
    0xff, 0xff, 0xff, 0xff, 0xff, 0xff, 0xff, 0xff,
    0xff, 0xf7, 0x88, 0x88, 0x88, 0xff, 0xf8, 0x88,
    0x88, 0x88, 0x88, 0x8c, 0xff, 0xc8, 0x84, 0x00,
    0x00, 0x00, 0xcf, 0xf2, 0x00, 0x00, 0x00, 0x00,
    0x07, 0xff, 0x80, 0x00, 0x00, 0x00, 0x00, 0xaf,
    0xf4, 0x00, 0x03, 0x8a, 0xa8, 0x27, 0xff, 0x80,
    0x00, 0x00, 0x00, 0x00, 0xaf, 0xf5, 0x00, 0xaf,
    0xff, 0xff, 0x87, 0xff, 0x80, 0x00, 0x00, 0x44,
    0x00, 0xcf, 0xf3, 0x08, 0xff, 0xfc, 0xbd, 0x77,
    0xff, 0x80, 0x00, 0x09, 0xff, 0xd4, 0xff, 0xf0,
    0x0f, 0xff, 0x40, 0x00, 0x07, 0xff, 0x80, 0x00,
    0x0d, 0xff, 0xff, 0xff, 0xa0, 0x1f, 0xfc, 0x00,
    0x00, 0x07, 0xff, 0x80, 0x00, 0x0b, 0xff, 0xff,
    0xfe, 0x10, 0x1f, 0xfc, 0x00, 0x00, 0x07, 0xff,
    0x80, 0x00, 0x06, 0xff, 0xff, 0xd2, 0x00, 0x0e,
    0xff, 0x40, 0x00, 0x2c, 0xff, 0x80, 0x00, 0x00,
    0xef, 0xf9, 0x00, 0x00, 0x06, 0xff, 0xfc, 0xbc,
    0xff, 0xff, 0x80, 0x00, 0x00, 0x6f, 0xfb, 0x00,
    0x00, 0x00, 0x8f, 0xff, 0xff, 0xff, 0xff, 0x80,
    0x00, 0x00, 0x0b, 0xff, 0xa0, 0x00, 0x00, 0x02,
    0x7a, 0xa9, 0x68, 0xff, 0x80, 0x00, 0x00, 0x01,
    0xdf, 0xfb, 0x10, 0x00, 0x00, 0x00, 0x00, 0x07,
    0xff, 0x80, 0x00, 0x00, 0x00, 0x1d, 0xff, 0xf8,
    0x10, 0x00, 0x00, 0x00, 0x5d, 0xff, 0x80, 0x00,
    0x00, 0x00, 0x01, 0xaf, 0xff, 0xfd, 0xa8, 0x89,
    0xbf, 0xff, 0xff, 0x80, 0x00, 0x00, 0x00, 0x00,
    0x05, 0xdf, 0xff, 0xff, 0xff, 0xff, 0xff, 0xff,
    0x80, 0x00, 0x00, 0x00, 0x00, 0x00, 0x03, 0x8c,
    0xef, 0xfe, 0xc9, 0x47, 0xff, 0x80, 0x00,

    /* U+0917 "ग" */
    0xff, 0xff, 0xff, 0xff, 0xff, 0xff, 0xff, 0xff,
    0xfc, 0xff, 0xff, 0xff, 0xff, 0xff, 0xff, 0xff,
    0xff, 0xfc, 0x88, 0x8a, 0xff, 0xd8, 0x88, 0x89,
    0xff, 0xe8, 0x86, 0x00, 0x05, 0xff, 0xa0, 0x00,
    0x02, 0xff, 0xc0, 0x00, 0x00, 0x05, 0xff, 0xa0,
    0x00, 0x02, 0xff, 0xc0, 0x00, 0x00, 0x05, 0xff,
    0xa0, 0x00, 0x02, 0xff, 0xc0, 0x00, 0x00, 0x05,
    0xff, 0xa0, 0x00, 0x02, 0xff, 0xc0, 0x00, 0x00,
    0x05, 0xff, 0xa0, 0x00, 0x02, 0xff, 0xc0, 0x00,
    0x06, 0xef, 0xff, 0xa0, 0x00, 0x02, 0xff, 0xc0,
    0x00, 0x0d, 0xff, 0xff, 0xa0, 0x00, 0x02, 0xff,
    0xc0, 0x00, 0x0b, 0xff, 0xff, 0xa0, 0x00, 0x02,
    0xff, 0xc0, 0x00, 0x04, 0xff, 0xff, 0xa0, 0x00,
    0x02, 0xff, 0xc0, 0x00, 0x00, 0x7f, 0xff, 0x80,
    0x00, 0x02, 0xff, 0xc0, 0x00, 0x00, 0x05, 0xcc,
    0x20, 0x00, 0x02, 0xff, 0xc0, 0x00, 0x00, 0x00,
    0x00, 0x00, 0x00, 0x02, 0xff, 0xc0, 0x00, 0x00,
    0x00, 0x00, 0x00, 0x00, 0x02, 0xff, 0xc0, 0x00,
    0x00, 0x00, 0x00, 0x00, 0x00, 0x02, 0xff, 0xc0,
    0x00, 0x00, 0x00, 0x00, 0x00, 0x00, 0x02, 0xff,
    0xc0, 0x00, 0x00, 0x00, 0x00, 0x00, 0x00, 0x02,
    0xff, 0xc0, 0x00,

    /* U+0918 "घ" */
    0xff, 0xff, 0xff, 0xff, 0xff, 0xff, 0xff, 0xff,
    0xff, 0xaf, 0xff, 0xff, 0xff, 0xff, 0xff, 0xff,
    0xff, 0xff, 0xfa, 0x89, 0xff, 0xf8, 0x88, 0x88,
    0x88, 0xaf, 0xfd, 0x88, 0x50, 0x7f, 0xf8, 0x00,
    0x00, 0x00, 0x04, 0xff, 0xa0, 0x00, 0x08, 0xff,
    0x60, 0x00, 0x00, 0x00, 0x4f, 0xfa, 0x00, 0x00,
    0x6f, 0xfb, 0x00, 0x00, 0x00, 0x04, 0xff, 0xa0,
    0x00, 0x00, 0xdf, 0xfc, 0xab, 0xc7, 0x00, 0x4f,
    0xfa, 0x00, 0x00, 0x01, 0xdf, 0xff, 0xff, 0x80,
    0x04, 0xff, 0xa0, 0x00, 0x00, 0x3f, 0xff, 0xfd,
    0xc5, 0x00, 0x4f, 0xfa, 0x00, 0x00, 0x0b, 0xff,
    0xa0, 0x00, 0x00, 0x04, 0xff, 0xa0, 0x00, 0x00,
    0xef, 0xf1, 0x00, 0x00, 0x00, 0x4f, 0xfa, 0x00,
    0x00, 0x0e, 0xff, 0x20, 0x00, 0x00, 0x08, 0xff,
    0xa0, 0x00, 0x00, 0xaf, 0xfb, 0x10, 0x00, 0x3a,
    0xff, 0xfa, 0x00, 0x00, 0x02, 0xff, 0xff, 0xdc,
    0xef, 0xff, 0xff, 0xa0, 0x00, 0x00, 0x03, 0xdf,
    0xff, 0xff, 0xff, 0xdf, 0xfa, 0x00, 0x00, 0x00,
    0x00, 0x59, 0xbc, 0xa8, 0x34, 0xff, 0xa0, 0x00,
    0x00, 0x00, 0x00, 0x00, 0x00, 0x00, 0x4f, 0xfa,
    0x00, 0x00, 0x00, 0x00, 0x00, 0x00, 0x00, 0x04,
    0xff, 0xa0, 0x00, 0x00, 0x00, 0x00, 0x00, 0x00,
    0x00, 0x4f, 0xfa, 0x00, 0x00,

    /* U+091A "च" */
    0xff, 0xff, 0xff, 0xff, 0xff, 0xff, 0xff, 0xff,
    0xff, 0xff, 0xff, 0xff, 0xff, 0xff, 0xff, 0xff,
    0xff, 0xff, 0xff, 0xff, 0x88, 0x88, 0x88, 0x88,
    0x88, 0x88, 0x88, 0xff, 0xf8, 0x88, 0x00, 0x00,
    0x00, 0x00, 0x00, 0x00, 0x00, 0xff, 0xf0, 0x00,
    0x00, 0x00, 0x00, 0x00, 0x00, 0x00, 0x00, 0xff,
    0xf0, 0x00, 0x0a, 0xcc, 0xcc, 0xcc, 0xcc, 0xca,
    0x00, 0xff, 0xf0, 0x00, 0x0e, 0xff, 0xff, 0xff,
    0xff, 0xfc, 0x00, 0xff, 0xf0, 0x00, 0x0a, 0xcc,
    0xce, 0xff, 0xfd, 0xc8, 0x00, 0xff, 0xf0, 0x00,
    0x00, 0x00, 0x3f, 0xfd, 0x30, 0x00, 0x00, 0xff,
    0xf0, 0x00, 0x00, 0x00, 0xbf, 0xf3, 0x00, 0x00,
    0x00, 0xff, 0xf0, 0x00, 0x00, 0x00, 0xef, 0xf0,
    0x00, 0x00, 0x00, 0xff, 0xf0, 0x00, 0x00, 0x00,
    0xef, 0xf2, 0x00, 0x00, 0x05, 0xff, 0xf0, 0x00,
    0x00, 0x00, 0xbf, 0xfb, 0x10, 0x01, 0x9f, 0xff,
    0xf0, 0x00, 0x00, 0x00, 0x3f, 0xff, 0xfc, 0xdf,
    0xff, 0xff, 0xf0, 0x00, 0x00, 0x00, 0x05, 0xff,
    0xff, 0xff, 0xfd, 0xff, 0xf0, 0x00, 0x00, 0x00,
    0x00, 0x17, 0xac, 0xb9, 0x50, 0xff, 0xf0, 0x00,
    0x00, 0x00, 0x00, 0x00, 0x00, 0x00, 0x00, 0xff,
    0xf0, 0x00, 0x00, 0x00, 0x00, 0x00, 0x00, 0x00,
    0x00, 0xff, 0xf0, 0x00, 0x00, 0x00, 0x00, 0x00,
    0x00, 0x00, 0x00, 0xff, 0xf0, 0x00,

    /* U+091B "छ" */
    0xff, 0xff, 0xff, 0xff, 0xff, 0xff, 0xff, 0xff,
    0xff, 0xff, 0xff, 0xff, 0xff, 0xff, 0xff, 0xff,
    0xff, 0xff, 0xff, 0xff, 0xff, 0xff, 0x88, 0x88,
    0x88, 0x88, 0x88, 0x88, 0x8a, 0xff, 0xd8, 0x88,
    0x88, 0x00, 0x00, 0x00, 0x00, 0x00, 0x00, 0x04,
    0xff, 0xa0, 0x00, 0x00, 0x00, 0x00, 0x01, 0x23,
    0x30, 0x00, 0x04, 0xff, 0xa0, 0x00, 0x00, 0x00,
    0x3b, 0xff, 0xff, 0xc0, 0x01, 0xaf, 0xff, 0xfa,
    0x20, 0x00, 0x03, 0xff, 0xff, 0xff, 0xa0, 0x0d,
    0xff, 0xff, 0xff, 0xe2, 0x00, 0x0a, 0xff, 0xc4,
    0x21, 0x00, 0x5f, 0xfc, 0x32, 0x9f, 0xfa, 0x00,
    0x0c, 0xff, 0x20, 0x00, 0x00, 0x7f, 0xf5, 0x00,
    0x0e, 0xff, 0x00, 0x09, 0xff, 0x60, 0x00, 0x00,
    0x6f, 0xf7, 0x00, 0x0a, 0xff, 0x20, 0x01, 0xef,
    0xfb, 0x9b, 0xb4, 0x1f, 0xff, 0x82, 0x0a, 0xff,
    0x20, 0x00, 0x1b, 0xff, 0xff, 0xf4, 0x04, 0xff,
    0xfc, 0x0c, 0xff, 0x10, 0x00, 0x0b, 0xff, 0xfc,
    0xb2, 0x00, 0x29, 0xf3, 0x2f, 0xfd, 0x00, 0x00,
    0x2f, 0xfe, 0x10, 0x00, 0x00, 0x00, 0x00, 0xbf,
    0xf7, 0x00, 0x00, 0x4f, 0xfa, 0x00, 0x00, 0x00,
    0x00, 0x0a, 0xff, 0xe0, 0x00, 0x00, 0x2f, 0xfe,
    0x20, 0x00, 0x00, 0x04, 0xdf, 0xff, 0x40, 0x00,
    0x00, 0x0b, 0xff, 0xfb, 0x98, 0x8a, 0xef, 0xff,
    0xf4, 0x00, 0x00, 0x00, 0x01, 0xbf, 0xff, 0xff,
    0xff, 0xff, 0xfa, 0x10, 0x00, 0x00, 0x00, 0x00,
    0x04, 0xad, 0xff, 0xfe, 0xb7, 0x20, 0x00, 0x00,
    0x00,

    /* U+091C "ज" */
    0xff, 0xff, 0xff, 0xff, 0xff, 0xff, 0xff, 0xff,
    0xff, 0xff, 0xff, 0xf1, 0xff, 0xff, 0xff, 0xff,
    0xff, 0xff, 0xff, 0xff, 0xff, 0xff, 0xff, 0xf1,
    0x88, 0x88, 0x88, 0x88, 0x88, 0x88, 0x88, 0x88,
    0x8f, 0xff, 0x98, 0x80, 0x00, 0x00, 0x00, 0x00,
    0x00, 0x00, 0x00, 0x00, 0x0e, 0xff, 0x10, 0x00,
    0x00, 0x00, 0x00, 0x00, 0x00, 0x00, 0x00, 0x00,
    0x0e, 0xff, 0x10, 0x00, 0x00, 0x00, 0x00, 0x00,
    0x1b, 0xbb, 0xbb, 0xbb, 0xbf, 0xff, 0x10, 0x00,
    0x05, 0xa7, 0x00, 0x00, 0x7f, 0xff, 0xff, 0xff,
    0xff, 0xff, 0x10, 0x00, 0x0f, 0xfd, 0x00, 0x00,
    0xcf, 0xfd, 0xbb, 0xbb, 0xbf, 0xff, 0x10, 0x00,
    0x09, 0xff, 0x40, 0x00, 0x1c, 0xff, 0x40, 0x00,
    0x0e, 0xff, 0x10, 0x00, 0x03, 0xff, 0xa0, 0x00,
    0x01, 0xdf, 0xf1, 0x00, 0x0e, 0xff, 0x10, 0x00,
    0x00, 0xcf, 0xf2, 0x00, 0x00, 0x4f, 0xf9, 0x00,
    0x0e, 0xff, 0x10, 0x00, 0x00, 0x4f, 0xfb, 0x00,
    0x00, 0x0f, 0xfe, 0x00, 0x0e, 0xff, 0x10, 0x00,
    0x00, 0x0b, 0xff, 0x50, 0x00, 0x0e, 0xff, 0x00,
    0x0e, 0xff, 0x10, 0x00, 0x00, 0x02, 0xff, 0xf6,
    0x00, 0x4f, 0xfe, 0x00, 0x0e, 0xff, 0x10, 0x00,
    0x00, 0x00, 0x5f, 0xff, 0xed, 0xff, 0xf9, 0x00,
    0x0e, 0xff, 0x10, 0x00, 0x00, 0x00, 0x04, 0xef,
    0xff, 0xff, 0xc0, 0x00, 0x0e, 0xff, 0x10, 0x00,
    0x00, 0x00, 0x00, 0x17, 0xbc, 0xb6, 0x00, 0x00,
    0x0e, 0xff, 0x10, 0x00, 0x00, 0x00, 0x00, 0x00,
    0x00, 0x00, 0x00, 0x00, 0x0e, 0xff, 0x10, 0x00,
    0x00, 0x00, 0x00, 0x00, 0x00, 0x00, 0x00, 0x00,
    0x0e, 0xff, 0x10, 0x00,

    /* U+091F "ट" */
    0xff, 0xff, 0xff, 0xff, 0xff, 0xff, 0xff, 0xfd,
    0xff, 0xff, 0xff, 0xff, 0xff, 0xff, 0xff, 0xfd,
    0x88, 0x88, 0x88, 0x88, 0x8d, 0xff, 0xa8, 0x87,
    0x00, 0x00, 0x00, 0x00, 0x09, 0xff, 0x50, 0x00,
    0x00, 0x00, 0x00, 0x00, 0x09, 0xff, 0x50, 0x00,
    0x00, 0x00, 0x00, 0x00, 0x09, 0xff, 0x50, 0x00,
    0x00, 0x00, 0x03, 0x7a, 0xbe, 0xff, 0x50, 0x00,
    0x00, 0x04, 0xdf, 0xff, 0xff, 0xff, 0x50, 0x00,
    0x00, 0x6f, 0xff, 0xfe, 0xcb, 0xbb, 0x30, 0x00,
    0x01, 0xff, 0xfb, 0x30, 0x00, 0x00, 0x00, 0x00,
    0x07, 0xff, 0xb0, 0x00, 0x00, 0x00, 0x00, 0x00,
    0x0a, 0xff, 0x50, 0x00, 0x00, 0x00, 0x00, 0x00,
    0x0b, 0xff, 0x30, 0x00, 0x00, 0x00, 0x00, 0x00,
    0x09, 0xff, 0x50, 0x00, 0x00, 0x00, 0x00, 0x00,
    0x06, 0xff, 0xb0, 0x00, 0x00, 0x00, 0x03, 0x00,
    0x01, 0xef, 0xfa, 0x10, 0x00, 0x03, 0xbf, 0x30,
    0x00, 0x5f, 0xff, 0xfc, 0xab, 0xef, 0xff, 0xa0,
    0x00, 0x05, 0xff, 0xff, 0xff, 0xff, 0xfc, 0x20,
    0x00, 0x00, 0x17, 0xce, 0xff, 0xda, 0x40, 0x00,

    /* U+0920 "ठ" */
    0xff, 0xff, 0xff, 0xff, 0xff, 0xff, 0xff, 0xff,
    0xff, 0x3f, 0xff, 0xff, 0xff, 0xff, 0xff, 0xff,
    0xff, 0xff, 0xf3, 0x88, 0x88, 0x88, 0x88, 0x9f,
    0xfe, 0x88, 0x88, 0x88, 0x10, 0x00, 0x00, 0x00,
    0x03, 0xff, 0xc0, 0x00, 0x00, 0x00, 0x00, 0x00,
    0x00, 0x00, 0x3f, 0xfc, 0x00, 0x00, 0x00, 0x00,
    0x00, 0x00, 0x00, 0x03, 0xff, 0xc0, 0x00, 0x00,
    0x00, 0x00, 0x00, 0x03, 0x7a, 0xcf, 0xfe, 0x50,
    0x00, 0x00, 0x00, 0x00, 0x3c, 0xff, 0xff, 0xff,
    0xff, 0xb1, 0x00, 0x00, 0x00, 0x4f, 0xff, 0xff,
    0xdc, 0xcf, 0xff, 0xc0, 0x00, 0x00, 0x1e, 0xff,
    0xc4, 0x00, 0x00, 0x3e, 0xff, 0x90, 0x00, 0x06,
    0xff, 0xc0, 0x00, 0x00, 0x00, 0x3f, 0xff, 0x10,
    0x00, 0xaf, 0xf5, 0x00, 0x00, 0x00, 0x00, 0xaf,
    0xf6, 0x00, 0x0b, 0xff, 0x30, 0x00, 0x00, 0x00,
    0x07, 0xff, 0x80, 0x00, 0x9f, 0xf5, 0x00, 0x00,
    0x00, 0x00, 0x8f, 0xf7, 0x00, 0x06, 0xff, 0xb0,
    0x00, 0x00, 0x00, 0x0d, 0xff, 0x50, 0x00, 0x1f,
    0xff, 0x90, 0x00, 0x00, 0x1a, 0xff, 0xf1, 0x00,
    0x00, 0x5f, 0xff, 0xfb, 0x99, 0xbf, 0xff, 0xf6,
    0x00, 0x00, 0x00, 0x5e, 0xff, 0xff, 0xff, 0xff,
    0xf6, 0x00, 0x00, 0x00, 0x00, 0x06, 0xbe, 0xff,
    0xeb, 0x71, 0x00, 0x00, 0x00,

    /* U+0921 "ड" */
    0x4f, 0xff, 0xff, 0xff, 0xff, 0xff, 0xff, 0xff,
    0xfb, 0x4f, 0xff, 0xff, 0xff, 0xff, 0xff, 0xff,
    0xff, 0xfb, 0x28, 0x88, 0x88, 0x88, 0x88, 0x89,
    0xff, 0xe8, 0x85, 0x00, 0x00, 0x00, 0x00, 0x00,
    0x02, 0xff, 0xc0, 0x00, 0x00, 0x00, 0x00, 0x00,
    0x00, 0x02, 0xff, 0xc0, 0x00, 0x00, 0x00, 0x02,
    0x7a, 0xaa, 0xab, 0xff, 0xc0, 0x00, 0x00, 0x00,
    0x7f, 0xff, 0xff, 0xff, 0xff, 0xc0, 0x00, 0x00,
    0x01, 0xff, 0xfd, 0xaa, 0xaa, 0xaa, 0x80, 0x00,
    0x00, 0x04, 0xff, 0xc0, 0x00, 0x00, 0x00, 0x00,
    0x00, 0x00, 0x02, 0xff, 0xc0, 0x00, 0x00, 0x00,
    0x00, 0x00, 0x00, 0x00, 0xcf, 0xfb, 0x9a, 0xbb,
    0x95, 0x00, 0x00, 0x00, 0x00, 0x1d, 0xff, 0xff,
    0xff, 0xff, 0xc1, 0x00, 0x00, 0x00, 0x01, 0xbf,
    0xdc, 0xbd, 0xff, 0xfa, 0x00, 0x00, 0x26, 0x00,
    0x00, 0x00, 0x00, 0x4f, 0xff, 0x00, 0x00, 0xcf,
    0x90, 0x00, 0x00, 0x00, 0x0e, 0xff, 0x10, 0x04,
    0xff, 0xfd, 0x50, 0x00, 0x00, 0x4f, 0xff, 0x00,
    0x00, 0x5f, 0xff, 0xfe, 0xb9, 0x9c, 0xff, 0xf9,
    0x00, 0x00, 0x01, 0xaf, 0xff, 0xff, 0xff, 0xff,
    0xc0, 0x00, 0x00, 0x00, 0x02, 0x7b, 0xef, 0xfe,
    0xb6, 0x00, 0x00,

    /* U+0922 "ढ" */
    0xff, 0xff, 0xff, 0xff, 0xff, 0xff, 0xff, 0xff,
    0xfa, 0xff, 0xff, 0xff, 0xff, 0xff, 0xff, 0xff,
    0xff, 0xfa, 0x88, 0x88, 0x88, 0x88, 0x88, 0xaf,
    0xfd, 0x88, 0x85, 0x00, 0x00, 0x00, 0x00, 0x00,
    0x4f, 0xfa, 0x00, 0x00, 0x00, 0x00, 0x00, 0x00,
    0x00, 0x4f, 0xfa, 0x00, 0x00, 0x00, 0x00, 0x01,
    0x69, 0xab, 0xcf, 0xfa, 0x00, 0x00, 0x00, 0x02,
    0xbf, 0xff, 0xff, 0xff, 0xfa, 0x00, 0x00, 0x00,
    0x3e, 0xff, 0xff, 0xdb, 0xbb, 0xb7, 0x00, 0x00,
    0x00, 0xdf, 0xfe, 0x50, 0x00, 0x00, 0x00, 0x00,
    0x00, 0x05, 0xff, 0xe1, 0x00, 0x00, 0x00, 0x00,
    0x00, 0x00, 0x09, 0xff, 0x70, 0x00, 0x03, 0x8a,
    0x96, 0x00, 0x00, 0x0b, 0xff, 0x30, 0x00, 0xaf,
    0xff, 0xff, 0xe2, 0x00, 0x0a, 0xff, 0x30, 0x05,
    0xff, 0xeb, 0xcf, 0xfc, 0x00, 0x08, 0xff, 0x60,
    0x0a, 0xff, 0x10, 0x0a, 0xff, 0x10, 0x04, 0xff,
    0xd0, 0x0b, 0xfc, 0x00, 0x07, 0xff, 0x20, 0x00,
    0xcf, 0xfb, 0x18, 0xfd, 0x00, 0x1d, 0xff, 0x00,
    0x00, 0x2e, 0xff, 0xfc, 0xff, 0x89, 0xef, 0xf8,
    0x00, 0x00, 0x02, 0xcf, 0xff, 0xff, 0xff, 0xff,
    0x90, 0x00, 0x00, 0x00, 0x04, 0x9d, 0xff, 0xfd,
    0x93, 0x00, 0x00,

    /* U+0923 "ण" */
    0xff, 0xff, 0xff, 0xff, 0xff, 0xff, 0xff, 0xff,
    0xff, 0xff, 0xff, 0xdf, 0xff, 0xff, 0xff, 0xff,
    0xff, 0xff, 0xff, 0xff, 0xff, 0xff, 0xfd, 0x88,
    0xef, 0xfa, 0x88, 0x88, 0xef, 0xf9, 0x88, 0x9f,
    0xfe, 0x88, 0x70, 0x0c, 0xff, 0x30, 0x00, 0x0d,
    0xff, 0x10, 0x01, 0xff, 0xd0, 0x00, 0x00, 0xcf,
    0xf3, 0x00, 0x00, 0xdf, 0xf1, 0x00, 0x1f, 0xfd,
    0x00, 0x00, 0x0c, 0xff, 0x30, 0x00, 0x0d, 0xff,
    0x10, 0x01, 0xff, 0xd0, 0x00, 0x00, 0xcf, 0xf3,
    0x00, 0x00, 0xdf, 0xf1, 0x00, 0x1f, 0xfd, 0x00,
    0x00, 0x0c, 0xff, 0x30, 0x00, 0x0d, 0xff, 0x10,
    0x01, 0xff, 0xd0, 0x00, 0x00, 0xbf, 0xf3, 0x00,
    0x00, 0xdf, 0xf1, 0x00, 0x1f, 0xfd, 0x00, 0x00,
    0x0b, 0xff, 0x40, 0x00, 0x0d, 0xff, 0x10, 0x01,
    0xff, 0xd0, 0x00, 0x00, 0x9f, 0xf6, 0x00, 0x00,
    0xff, 0xf0, 0x00, 0x1f, 0xfd, 0x00, 0x00, 0x05,
    0xff, 0xd1, 0x00, 0x8f, 0xfd, 0x00, 0x01, 0xff,
    0xd0, 0x00, 0x00, 0x0d, 0xff, 0xfc, 0xef, 0xff,
    0x60, 0x00, 0x1f, 0xfd, 0x00, 0x00, 0x00, 0x2e,
    0xff, 0xff, 0xff, 0x90, 0x00, 0x01, 0xff, 0xd0,
    0x00, 0x00, 0x00, 0x06, 0xac, 0xb9, 0x30, 0x00,
    0x00, 0x1f, 0xfd, 0x00, 0x00, 0x00, 0x00, 0x00,
    0x00, 0x00, 0x00, 0x00, 0x01, 0xff, 0xd0, 0x00,
    0x00, 0x00, 0x00, 0x00, 0x00, 0x00, 0x00, 0x00,
    0x1f, 0xfd, 0x00, 0x00, 0x00, 0x00, 0x00, 0x00,
    0x00, 0x00, 0x00, 0x01, 0xff, 0xd0, 0x00, 0x00,
    0x00, 0x00, 0x00, 0x00, 0x00, 0x00, 0x00, 0x1f,
    0xfd, 0x00, 0x00,

    /* U+0924 "त" */
    0xff, 0xff, 0xff, 0xff, 0xff, 0xff, 0xff, 0xff,
    0xff, 0xff, 0xff, 0xff, 0xff, 0xff, 0xff, 0xff,
    0xff, 0xff, 0x88, 0x88, 0x88, 0x88, 0x88, 0x88,
    0xff, 0xf8, 0x88, 0x00, 0x00, 0x00, 0x00, 0x00,
    0x00, 0xff, 0xf0, 0x00, 0x00, 0x00, 0x00, 0x00,
    0x00, 0x00, 0xff, 0xf0, 0x00, 0x00, 0x00, 0x00,
    0x00, 0x00, 0x00, 0xff, 0xf0, 0x00, 0x00, 0x00,
    0x00, 0x00, 0x00, 0x00, 0xff, 0xf0, 0x00, 0x00,
    0x00, 0x59, 0xbc, 0xcc, 0xcc, 0xff, 0xf0, 0x00,
    0x00, 0x4e, 0xff, 0xff, 0xff, 0xff, 0xff, 0xf0,
    0x00, 0x02, 0xff, 0xff, 0xec, 0xcc, 0xcc, 0xff,
    0xf0, 0x00, 0x08, 0xff, 0xe3, 0x00, 0x00, 0x00,
    0xff, 0xf0, 0x00, 0x0b, 0xff, 0x60, 0x00, 0x00,
    0x00, 0xff, 0xf0, 0x00, 0x0b, 0xff, 0x40, 0x00,
    0x00, 0x00, 0xff, 0xf0, 0x00, 0x08, 0xff, 0x60,
    0x00, 0x00, 0x00, 0xff, 0xf0, 0x00, 0x03, 0xff,
    0xd0, 0x00, 0x00, 0x00, 0xff, 0xf0, 0x00, 0x00,
    0xbf, 0xf9, 0x00, 0x00, 0x00, 0xff, 0xf0, 0x00,
    0x00, 0x2f, 0xff, 0x70, 0x00, 0x00, 0xff, 0xf0,
    0x00, 0x00, 0x04, 0xff, 0xf6, 0x00, 0x00, 0xff,
    0xf0, 0x00, 0x00, 0x00, 0x6f, 0xb0, 0x00, 0x00,
    0xff, 0xf0, 0x00, 0x00, 0x00, 0x04, 0x00, 0x00,
    0x00, 0x00, 0x00, 0x00,

    /* U+0925 "थ" */
    0x00, 0x6d, 0xff, 0xd8, 0x00, 0x0d, 0xff, 0xff,
    0xff, 0xf3, 0x09, 0xff, 0xff, 0xff, 0xc0, 0x0d,
    0xff, 0xff, 0xff, 0xf3, 0x1f, 0xfe, 0x65, 0xcf,
    0xf7, 0x06, 0x8d, 0xff, 0xa8, 0x81, 0x4f, 0xf8,
    0x00, 0x1f, 0xfd, 0x00, 0x0b, 0xff, 0x40, 0x00,
    0x3f, 0xfa, 0x00, 0x0e, 0xff, 0x00, 0x0b, 0xff,
    0x40, 0x00, 0x0d, 0xff, 0xa0, 0x0f, 0xff, 0x00,
    0x0b, 0xff, 0x40, 0x00, 0x02, 0xef, 0xa0, 0x4f,
    0xfd, 0x00, 0x0b, 0xff, 0x40, 0x00, 0x00, 0x06,
    0x12, 0xef, 0xf7, 0x00, 0x0b, 0xff, 0x40, 0x00,
    0x00, 0x03, 0x9f, 0xff, 0xc0, 0x00, 0x0b, 0xff,
    0x40, 0x00, 0x1b, 0xff, 0xff, 0xfb, 0x10, 0x00,
    0x0b, 0xff, 0x40, 0x00, 0x0e, 0xff, 0xfb, 0x50,
    0x00, 0x00, 0x0b, 0xff, 0x40, 0x00, 0x07, 0xff,
    0xe1, 0x00, 0x00, 0x00, 0x3f, 0xff, 0x40, 0x00,
    0x00, 0xdf, 0xfc, 0x20, 0x00, 0x18, 0xff, 0xff,
    0x40, 0x00, 0x00, 0x2e, 0xff, 0xfd, 0xcd, 0xff,
    0xff, 0xff, 0x40, 0x00, 0x00, 0x02, 0xcf, 0xff,
    0xff, 0xff, 0xee, 0xff, 0x40, 0x00, 0x00, 0x00,
    0x03, 0x8a, 0xbb, 0x95, 0x0b, 0xff, 0x40, 0x00,
    0x00, 0x00, 0x00, 0x00, 0x00, 0x00, 0x0b, 0xff,
    0x40, 0x00, 0x00, 0x00, 0x00, 0x00, 0x00, 0x00,
    0x0b, 0xff, 0x40, 0x00, 0x00, 0x00, 0x00, 0x00,
    0x00, 0x00, 0x0b, 0xff, 0x40, 0x00,

    /* U+0926 "द" */
    0xff, 0xff, 0xff, 0xff, 0xff, 0xff, 0xff, 0xff,
    0x8f, 0xff, 0xff, 0xff, 0xff, 0xff, 0xff, 0xff,
    0xf8, 0x88, 0x88, 0x88, 0x88, 0x88, 0xcf, 0xfb,
    0x88, 0x40, 0x00, 0x00, 0x00, 0x00, 0x08, 0xff,
    0x60, 0x00, 0x00, 0x00, 0x00, 0x00, 0x00, 0x8f,
    0xf6, 0x00, 0x00, 0x00, 0x00, 0x58, 0xab, 0xbd,
    0xff, 0x60, 0x00, 0x00, 0x07, 0xff, 0xff, 0xff,
    0xff, 0xf6, 0x00, 0x00, 0x08, 0xff, 0xff, 0xec,
    0xbb, 0xbb, 0x40, 0x00, 0x02, 0xff, 0xf9, 0x20,
    0x00, 0x00, 0x00, 0x00, 0x00, 0x6f, 0xfb, 0x00,
    0x00, 0x00, 0x00, 0x00, 0x00, 0x08, 0xff, 0x70,
    0x00, 0x00, 0x00, 0x00, 0x00, 0x00, 0x7f, 0xf7,
    0x00, 0x00, 0x08, 0xee, 0x90, 0x00, 0x04, 0xff,
    0xd0, 0x00, 0x03, 0xff, 0xff, 0x70, 0x00, 0x0d,
    0xff, 0xc3, 0x00, 0x3f, 0xff, 0xfb, 0x00, 0x00,
    0x3f, 0xff, 0xfe, 0xdd, 0xff, 0xff, 0x80, 0x00,
    0x00, 0x3c, 0xff, 0xff, 0xff, 0xff, 0x90, 0x00,
    0x00, 0x00, 0x03, 0x8b, 0xcc, 0xcf, 0xf4, 0x00,
    0x00, 0x00, 0x00, 0x00, 0x00, 0x01, 0xff, 0xc0,
    0x00, 0x00, 0x00, 0x00, 0x00, 0x00, 0x0b, 0xff,
    0x40, 0x00, 0x00, 0x00, 0x00, 0x00, 0x00, 0x4f,
    0xfd, 0x00, 0x00, 0x00, 0x00, 0x00, 0x00, 0x00,
    0xc8, 0x10, 0x00, 0x00, 0x00, 0x00, 0x00, 0x00,
    0x00, 0x00, 0x00,

    /* U+0927 "ध" */
    0x00, 0x6c, 0xff, 0xd7, 0x00, 0x3f, 0xff, 0xff,
    0xff, 0x80, 0x9f, 0xff, 0xff, 0xfa, 0x03, 0xff,
    0xff, 0xff, 0xf8, 0x3f, 0xfe, 0x65, 0xdf, 0xf1,
    0x18, 0xbf, 0xfc, 0x88, 0x47, 0xff, 0x60, 0x06,
    0xff, 0x30, 0x06, 0xff, 0x80, 0x00, 0x8f, 0xf3,
    0x00, 0xaf, 0xf1, 0x00, 0x6f, 0xf8, 0x00, 0x06,
    0xff, 0x60, 0x08, 0xfa, 0x00, 0x06, 0xff, 0x80,
    0x00, 0x1e, 0xfe, 0x20, 0x01, 0x00, 0x00, 0x6f,
    0xf8, 0x00, 0x00, 0x5f, 0xff, 0x9b, 0xcb, 0x30,
    0x06, 0xff, 0x80, 0x00, 0x00, 0x3f, 0xff, 0xff,
    0xf3, 0x00, 0x6f, 0xf8, 0x00, 0x00, 0x05, 0xff,
    0xfe, 0xcc, 0x20, 0x06, 0xff, 0x80, 0x00, 0x00,
    0xdf, 0xf7, 0x00, 0x00, 0x00, 0x6f, 0xf8, 0x00,
    0x00, 0x0f, 0xfe, 0x00, 0x00, 0x00, 0x06, 0xff,
    0x80, 0x00, 0x00, 0xff, 0xf0, 0x00, 0x00, 0x01,
    0xdf, 0xf8, 0x00, 0x00, 0x0b, 0xff, 0x90, 0x00,
    0x05, 0xef, 0xff, 0x80, 0x00, 0x00, 0x3f, 0xff,
    0xfd, 0xce, 0xff, 0xff, 0xf8, 0x00, 0x00, 0x00,
    0x4e, 0xff, 0xff, 0xff, 0xeb, 0xff, 0x80, 0x00,
    0x00, 0x00, 0x06, 0x9b, 0xca, 0x61, 0x6f, 0xf8,
    0x00, 0x00, 0x00, 0x00, 0x00, 0x00, 0x00, 0x06,
    0xff, 0x80, 0x00, 0x00, 0x00, 0x00, 0x00, 0x00,
    0x00, 0x6f, 0xf8, 0x00, 0x00,

    /* U+0928 "न" */
    0xff, 0xff, 0xff, 0xff, 0xff, 0xff, 0xff, 0xff,
    0xf9, 0xff, 0xff, 0xff, 0xff, 0xff, 0xff, 0xff,
    0xff, 0xf9, 0x88, 0x88, 0x88, 0x88, 0x88, 0x8a,
    0xff, 0xd8, 0x85, 0x00, 0x00, 0x00, 0x00, 0x00,
    0x05, 0xff, 0x90, 0x00, 0x00, 0x00, 0x00, 0x00,
    0x00, 0x05, 0xff, 0x90, 0x00, 0x00, 0x00, 0x00,
    0x00, 0x00, 0x05, 0xff, 0x90, 0x00, 0x00, 0x00,
    0x00, 0x00, 0x00, 0x05, 0xff, 0x90, 0x00, 0x04,
    0xbc, 0xcc, 0xcc, 0xcc, 0xcd, 0xff, 0x90, 0x00,
    0x0e, 0xff, 0xff, 0xff, 0xff, 0xff, 0xff, 0x90,
    0x00, 0x0e, 0xff, 0xff, 0xec, 0xcc, 0xcd, 0xff,
    0x90, 0x00, 0x08, 0xff, 0xff, 0x80, 0x00, 0x05,
    0xff, 0x90, 0x00, 0x00, 0xdf, 0xff, 0x80, 0x00,
    0x05, 0xff, 0x90, 0x00, 0x00, 0x1c, 0xff, 0x30,
    0x00, 0x05, 0xff, 0x90, 0x00, 0x00, 0x00, 0x32,
    0x00, 0x00, 0x05, 0xff, 0x90, 0x00, 0x00, 0x00,
    0x00, 0x00, 0x00, 0x05, 0xff, 0x90, 0x00, 0x00,
    0x00, 0x00, 0x00, 0x00, 0x05, 0xff, 0x90, 0x00,
    0x00, 0x00, 0x00, 0x00, 0x00, 0x05, 0xff, 0x90,
    0x00, 0x00, 0x00, 0x00, 0x00, 0x00, 0x05, 0xff,
    0x90, 0x00, 0x00, 0x00, 0x00, 0x00, 0x00, 0x05,
    0xff, 0x90, 0x00,

    /* U+092A "प" */
    0xff, 0xff, 0xff, 0xff, 0xff, 0xff, 0xff, 0xff,
    0xfe, 0xff, 0xff, 0xff, 0xff, 0xff, 0xff, 0xff,
    0xff, 0xfe, 0x88, 0xef, 0xf9, 0x88, 0x88, 0x89,
    0xff, 0xf8, 0x87, 0x00, 0xcf, 0xf3, 0x00, 0x00,
    0x01, 0xff, 0xe0, 0x00, 0x00, 0xcf, 0xf3, 0x00,
    0x00, 0x01, 0xff, 0xe0, 0x00, 0x00, 0xcf, 0xf3,
    0x00, 0x00, 0x01, 0xff, 0xe0, 0x00, 0x00, 0xcf,
    0xf3, 0x00, 0x00, 0x01, 0xff, 0xe0, 0x00, 0x00,
    0xcf, 0xf3, 0x00, 0x00, 0x01, 0xff, 0xe0, 0x00,
    0x00, 0xbf, 0xf3, 0x00, 0x00, 0x01, 0xff, 0xe0,
    0x00, 0x00, 0x9f, 0xf7, 0x00, 0x00, 0x01, 0xff,
    0xe0, 0x00, 0x00, 0x5f, 0xfe, 0x20, 0x00, 0x5d,
    0xff, 0xe0, 0x00, 0x00, 0x0d, 0xff, 0xfd, 0xcf,
    0xff, 0xff, 0xe0, 0x00, 0x00, 0x02, 0xdf, 0xff,
    0xff, 0xff, 0xff, 0xe0, 0x00, 0x00, 0x00, 0x05,
    0x9b, 0xca, 0x73, 0xff, 0xe0, 0x00, 0x00, 0x00,
    0x00, 0x00, 0x00, 0x01, 0xff, 0xe0, 0x00, 0x00,
    0x00, 0x00, 0x00, 0x00, 0x01, 0xff, 0xe0, 0x00,
    0x00, 0x00, 0x00, 0x00, 0x00, 0x01, 0xff, 0xe0,
    0x00, 0x00, 0x00, 0x00, 0x00, 0x00, 0x01, 0xff,
    0xe0, 0x00, 0x00, 0x00, 0x00, 0x00, 0x00, 0x01,
    0xff, 0xe0, 0x00,

    /* U+092B "फ" */
    0xff, 0xff, 0xff, 0xff, 0xff, 0xff, 0xff, 0xff,
    0xff, 0xff, 0xff, 0xff, 0x2f, 0xff, 0xff, 0xff,
    0xff, 0xff, 0xff, 0xff, 0xff, 0xff, 0xff, 0xff,
    0xf2, 0x88, 0xef, 0xf9, 0x88, 0x88, 0x8d, 0xff,
    0xb8, 0x88, 0x88, 0x88, 0x88, 0x10, 0x0c, 0xff,
    0x30, 0x00, 0x00, 0xaf, 0xf5, 0x00, 0x00, 0x00,
    0x00, 0x00, 0x00, 0xcf, 0xf3, 0x00, 0x00, 0x0a,
    0xff, 0x50, 0x00, 0x00, 0x00, 0x00, 0x00, 0x0c,
    0xff, 0x30, 0x00, 0x00, 0xaf, 0xf5, 0x00, 0x00,
    0x00, 0x00, 0x00, 0x00, 0xcf, 0xf3, 0x00, 0x00,
    0x0a, 0xff, 0x50, 0x00, 0x00, 0x00, 0x00, 0x00,
    0x0c, 0xff, 0x30, 0x00, 0x00, 0xaf, 0xf6, 0x6a,
    0xba, 0x71, 0x00, 0x00, 0x00, 0xbf, 0xf3, 0x00,
    0x00, 0x0a, 0xff, 0xff, 0xff, 0xff, 0xe3, 0x00,
    0x00, 0x0b, 0xff, 0x40, 0x00, 0x00, 0xaf, 0xff,
    0xfd, 0xcf, 0xff, 0xe0, 0x00, 0x00, 0x8f, 0xf7,
    0x00, 0x00, 0x0d, 0xff, 0xe3, 0x00, 0x1e, 0xff,
    0x40, 0x00, 0x04, 0xff, 0xe2, 0x00, 0x3d, 0xff,
    0xf5, 0x00, 0x00, 0x8f, 0xf7, 0x00, 0x00, 0x0d,
    0xff, 0xfc, 0xdf, 0xff, 0xff, 0x50, 0x00, 0x08,
    0xff, 0x70, 0x00, 0x00, 0x2d, 0xff, 0xff, 0xfe,
    0xdf, 0xf5, 0x00, 0x00, 0xbf, 0xf5, 0x00, 0x00,
    0x00, 0x06, 0xac, 0xb7, 0x1a, 0xff, 0x50, 0x00,
    0x2f, 0xff, 0x10, 0x00, 0x00, 0x00, 0x00, 0x00,
    0x00, 0xaf, 0xf5, 0x00, 0x0d, 0xff, 0x90, 0x00,
    0x00, 0x00, 0x00, 0x00, 0x00, 0x0a, 0xff, 0x50,
    0x03, 0xef, 0xe1, 0x00, 0x00, 0x00, 0x00, 0x00,
    0x00, 0x00, 0xaf, 0xf5, 0x00, 0x01, 0x94, 0x00,
    0x00, 0x00, 0x00, 0x00, 0x00, 0x00, 0x0a, 0xff,
    0x50, 0x00, 0x00, 0x00, 0x00, 0x00,

    /* U+092C "ब" */
    0xff, 0xff, 0xff, 0xff, 0xff, 0xff, 0xff, 0xff,
    0xff, 0xff, 0xff, 0xff, 0xff, 0xff, 0xff, 0xff,
    0xff, 0xff, 0x88, 0x88, 0x88, 0x88, 0x88, 0x88,
    0xff, 0xf8, 0x88, 0x00, 0x00, 0x00, 0x00, 0x00,
    0x00, 0xff, 0xf0, 0x00, 0x00, 0x00, 0x00, 0x00,
    0x00, 0x00, 0xff, 0xf0, 0x00, 0x00, 0x00, 0x27,
    0xab, 0xbc, 0xc0, 0xff, 0xf0, 0x00, 0x00, 0x1a,
    0xff, 0xff, 0xff, 0xe0, 0xff, 0xf0, 0x00, 0x00,
    0xcf, 0xff, 0xfe, 0xba, 0x80, 0xff, 0xf0, 0x00,
    0x05, 0xff, 0xe9, 0xff, 0x20, 0x00, 0xff, 0xf0,
    0x00, 0x09, 0xff, 0x60, 0xaf, 0xd0, 0x00, 0xff,
    0xf0, 0x00, 0x0b, 0xff, 0x30, 0x0d, 0xfa, 0x00,
    0xff, 0xf0, 0x00, 0x09, 0xff, 0x50, 0x02, 0xff,
    0x62, 0xff, 0xf0, 0x00, 0x05, 0xff, 0xe2, 0x00,
    0x5f, 0xff, 0xff, 0xf0, 0x00, 0x00, 0xbf, 0xff,
    0xdb, 0xcf, 0xff, 0xff, 0xf0, 0x00, 0x00, 0x0a,
    0xff, 0xff, 0xff, 0xfd, 0xff, 0xf0, 0x00, 0x00,
    0x00, 0x27, 0xab, 0xa8, 0x40, 0xff, 0xf0, 0x00,
    0x00, 0x00, 0x00, 0x00, 0x00, 0x00, 0xff, 0xf0,
    0x00, 0x00, 0x00, 0x00, 0x00, 0x00, 0x00, 0xff,
    0xf0, 0x00, 0x00, 0x00, 0x00, 0x00, 0x00, 0x00,
    0xff, 0xf0, 0x00,

    /* U+092D "भ" */
    0x01, 0x9e, 0xff, 0xc5, 0x00, 0x06, 0xff, 0xff,
    0xff, 0xff, 0xf3, 0x1e, 0xff, 0xff, 0xff, 0x70,
    0x06, 0xff, 0xff, 0xff, 0xff, 0xf3, 0x7f, 0xfa,
    0x46, 0xff, 0xf1, 0x03, 0x88, 0x8e, 0xff, 0xa8,
    0x81, 0x9f, 0xf1, 0x00, 0x9f, 0xf5, 0x00, 0x00,
    0x0b, 0xff, 0x30, 0x00, 0x8f, 0xf4, 0x00, 0x6f,
    0xf8, 0x00, 0x00, 0x0b, 0xff, 0x30, 0x00, 0x2f,
    0xff, 0xb3, 0x5f, 0xf9, 0x00, 0x00, 0x0b, 0xff,
    0x30, 0x00, 0x05, 0xff, 0xf4, 0x5f, 0xf9, 0x00,
    0x00, 0x0b, 0xff, 0x30, 0x00, 0x00, 0x06, 0x92,
    0x5f, 0xf9, 0x00, 0x00, 0x0b, 0xff, 0x30, 0x00,
    0x00, 0x00, 0x00, 0x5f, 0xf9, 0x00, 0x00, 0x0b,
    0xff, 0x30, 0x00, 0x00, 0x00, 0x4b, 0xcf, 0xfe,
    0xcc, 0xcc, 0xcf, 0xff, 0x30, 0x00, 0x00, 0x00,
    0xef, 0xff, 0xff, 0xff, 0xff, 0xff, 0xff, 0x30,
    0x00, 0x00, 0x00, 0xcf, 0xff, 0xfe, 0xcc, 0xcc,
    0xcf, 0xff, 0x30, 0x00, 0x00, 0x00, 0x4f, 0xff,
    0xf8, 0x00, 0x00, 0x0b, 0xff, 0x30, 0x00, 0x00,
    0x00, 0x06, 0xff, 0xf7, 0x00, 0x00, 0x0b, 0xff,
    0x30, 0x00, 0x00, 0x00, 0x00, 0x3a, 0x90, 0x00,
    0x00, 0x0b, 0xff, 0x30, 0x00, 0x00, 0x00, 0x00,
    0x00, 0x00, 0x00, 0x00, 0x0b, 0xff, 0x30, 0x00,
    0x00, 0x00, 0x00, 0x00, 0x00, 0x00, 0x00, 0x0b,
    0xff, 0x30, 0x00, 0x00, 0x00, 0x00, 0x00, 0x00,
    0x00, 0x00, 0x0b, 0xff, 0x30, 0x00, 0x00, 0x00,
    0x00, 0x00, 0x00, 0x00, 0x00, 0x0b, 0xff, 0x30,
    0x00,

    /* U+092E "म" */
    0xff, 0xff, 0xff, 0xff, 0xff, 0xff, 0xff, 0xff,
    0xff, 0xdf, 0xff, 0xff, 0xff, 0xff, 0xff, 0xff,
    0xff, 0xff, 0xfd, 0x88, 0x8b, 0xff, 0xc8, 0x88,
    0x88, 0x9f, 0xfe, 0x88, 0x70, 0x00, 0x5f, 0xf9,
    0x00, 0x00, 0x01, 0xff, 0xd0, 0x00, 0x00, 0x05,
    0xff, 0x90, 0x00, 0x00, 0x1f, 0xfd, 0x00, 0x00,
    0x00, 0x5f, 0xf9, 0x00, 0x00, 0x01, 0xff, 0xd0,
    0x00, 0x00, 0x05, 0xff, 0x90, 0x00, 0x00, 0x1f,
    0xfd, 0x00, 0x00, 0x00, 0x5f, 0xf9, 0x00, 0x00,
    0x01, 0xff, 0xd0, 0x00, 0x00, 0x05, 0xff, 0x90,
    0x00, 0x00, 0x1f, 0xfd, 0x00, 0x00, 0x4b, 0xdf,
    0xfe, 0xcc, 0xcc, 0xcc, 0xff, 0xd0, 0x00, 0x0d,
    0xff, 0xff, 0xff, 0xff, 0xff, 0xff, 0xfd, 0x00,
    0x00, 0xbf, 0xff, 0xfe, 0xcc, 0xcc, 0xcc, 0xff,
    0xd0, 0x00, 0x03, 0xff, 0xff, 0x90, 0x00, 0x00,
    0x1f, 0xfd, 0x00, 0x00, 0x06, 0xff, 0xf7, 0x00,
    0x00, 0x01, 0xff, 0xd0, 0x00, 0x00, 0x03, 0xa9,
    0x10, 0x00, 0x00, 0x1f, 0xfd, 0x00, 0x00, 0x00,
    0x00, 0x00, 0x00, 0x00, 0x01, 0xff, 0xd0, 0x00,
    0x00, 0x00, 0x00, 0x00, 0x00, 0x00, 0x1f, 0xfd,
    0x00, 0x00, 0x00, 0x00, 0x00, 0x00, 0x00, 0x01,
    0xff, 0xd0, 0x00, 0x00, 0x00, 0x00, 0x00, 0x00,
    0x00, 0x1f, 0xfd, 0x00, 0x00,

    /* U+092F "य" */
    0xff, 0xff, 0xff, 0xff, 0xff, 0xff, 0xff, 0xff,
    0xff, 0x4f, 0xff, 0xff, 0xff, 0xff, 0xff, 0xff,
    0xff, 0xff, 0xf4, 0x88, 0x88, 0xef, 0xfa, 0x88,
    0x88, 0xdf, 0xfa, 0x88, 0x20, 0x00, 0x04, 0xff,
    0xa0, 0x00, 0x0a, 0xff, 0x50, 0x00, 0x00, 0x00,
    0x0e, 0xff, 0x00, 0x00, 0xaf, 0xf5, 0x00, 0x00,
    0x00, 0x00, 0xef, 0xf0, 0x00, 0x0a, 0xff, 0x50,
    0x00, 0x00, 0x00, 0x6f, 0xfe, 0x00, 0x00, 0xaf,
    0xf5, 0x00, 0x00, 0x15, 0xbf, 0xff, 0x80, 0x00,
    0x0a, 0xff, 0x50, 0x00, 0x0f, 0xff, 0xff, 0xa0,
    0x00, 0x00, 0xaf, 0xf5, 0x00, 0x00, 0xbf, 0xfc,
    0x40, 0x00, 0x00, 0x0a, 0xff, 0x50, 0x00, 0x05,
    0xff, 0xc0, 0x00, 0x00, 0x00, 0xcf, 0xf5, 0x00,
    0x00, 0x0c, 0xff, 0xa1, 0x00, 0x03, 0xcf, 0xff,
    0x50, 0x00, 0x00, 0x2f, 0xff, 0xfd, 0xce, 0xff,
    0xff, 0xf5, 0x00, 0x00, 0x00, 0x3d, 0xff, 0xff,
    0xff, 0xff, 0xff, 0x50, 0x00, 0x00, 0x00, 0x05,
    0x9b, 0xcb, 0x83, 0xaf, 0xf5, 0x00, 0x00, 0x00,
    0x00, 0x00, 0x00, 0x00, 0x0a, 0xff, 0x50, 0x00,
    0x00, 0x00, 0x00, 0x00, 0x00, 0x00, 0xaf, 0xf5,
    0x00, 0x00, 0x00, 0x00, 0x00, 0x00, 0x00, 0x0a,
    0xff, 0x50, 0x00, 0x00, 0x00, 0x00, 0x00, 0x00,
    0x00, 0xaf, 0xf5, 0x00, 0x00,

    /* U+0930 "र" */
    0xff, 0xff, 0xff, 0xff, 0xff, 0xff, 0xf0, 0xff,
    0xff, 0xff, 0xff, 0xff, 0xff, 0xf0, 0x88, 0x88,
    0x88, 0x8e, 0xff, 0x98, 0x80, 0x00, 0x00, 0x00,
    0x09, 0xff, 0x50, 0x00, 0x00, 0x00, 0x00, 0x06,
    0xff, 0x70, 0x00, 0x00, 0x00, 0x00, 0x07, 0xff,
    0x70, 0x00, 0x00, 0x00, 0x00, 0x0b, 0xff, 0x60,
    0x00, 0x05, 0xee, 0x70, 0x6f, 0xff, 0x10, 0x00,
    0x0c, 0xff, 0xfd, 0xff, 0xf9, 0x00, 0x00, 0x0b,
    0xff, 0xff, 0xff, 0xb0, 0x00, 0x00, 0x06, 0xff,
    0xff, 0xf8, 0x00, 0x00, 0x00, 0x00, 0xcf, 0xfc,
    0x20, 0x00, 0x00, 0x00, 0x00, 0x2f, 0xff, 0x40,
    0x00, 0x00, 0x00, 0x00, 0x05, 0xff, 0xf4, 0x00,
    0x00, 0x00, 0x00, 0x00, 0x8f, 0xff, 0x40, 0x00,
    0x00, 0x00, 0x00, 0x09, 0xff, 0xf5, 0x00, 0x00,
    0x00, 0x00, 0x00, 0x9f, 0xff, 0x70, 0x00, 0x00,
    0x00, 0x00, 0x09, 0xff, 0xf5, 0x00, 0x00, 0x00,
    0x00, 0x00, 0x8f, 0x80, 0x00, 0x00, 0x00, 0x00,
    0x00, 0x03, 0x00, 0x00,

    /* U+0932 "ल" */
    0xff, 0xff, 0xff, 0xff, 0xff, 0xff, 0xff, 0xff,
    0xff, 0xff, 0xf4, 0xff, 0xff, 0xff, 0xff, 0xff,
    0xff, 0xff, 0xff, 0xff, 0xff, 0xf4, 0x88, 0x88,
    0x88, 0x88, 0x88, 0x88, 0x88, 0x8d, 0xff, 0xa8,
    0x82, 0x00, 0x00, 0x00, 0x00, 0x00, 0x00, 0x00,
    0x0a, 0xff, 0x40, 0x00, 0x00, 0x00, 0x00, 0x00,
    0x00, 0x00, 0x00, 0x0a, 0xff, 0x40, 0x00, 0x00,
    0x00, 0x00, 0x00, 0x00, 0x00, 0x00, 0x0a, 0xff,
    0x40, 0x00, 0x00, 0x00, 0x6a, 0xbb, 0x82, 0x00,
    0x59, 0xbe, 0xff, 0x40, 0x00, 0x00, 0x3e, 0xff,
    0xff, 0xff, 0xad, 0xff, 0xff, 0xff, 0x40, 0x00,
    0x01, 0xef, 0xff, 0xcc, 0xff, 0xff, 0xff, 0xde,
    0xff, 0x40, 0x00, 0x07, 0xff, 0xe2, 0x00, 0x1e,
    0xff, 0xd2, 0x0a, 0xff, 0x40, 0x00, 0x0a, 0xff,
    0x60, 0x00, 0x1f, 0xff, 0x30, 0x0a, 0xff, 0x40,
    0x00, 0x0b, 0xff, 0x30, 0x00, 0x6f, 0xfc, 0x00,
    0x0a, 0xff, 0x40, 0x00, 0x0a, 0xff, 0x50, 0x00,
    0x4c, 0xf7, 0x00, 0x0a, 0xff, 0x40, 0x00, 0x06,
    0xff, 0xb0, 0x00, 0x00, 0x01, 0x00, 0x0a, 0xff,
    0x40, 0x00, 0x00, 0xef, 0xf7, 0x00, 0x00, 0x00,
    0x00, 0x0a, 0xff, 0x40, 0x00, 0x00, 0x5f, 0xff,
    0x80, 0x00, 0x00, 0x00, 0x0a, 0xff, 0x40, 0x00,
    0x00, 0x07, 0xff, 0xfd, 0x30, 0x00, 0x00, 0x0a,
    0xff, 0x40, 0x00, 0x00, 0x00, 0x5f, 0xff, 0xf1,
    0x00, 0x00, 0x0a, 0xff, 0x40, 0x00, 0x00, 0x00,
    0x02, 0xcf, 0x60, 0x00, 0x00, 0x0a, 0xff, 0x40,
    0x00, 0x00, 0x00, 0x00, 0x05, 0x00, 0x00, 0x00,
    0x00, 0x00, 0x00, 0x00,

    /* U+0935 "व" */
    0xff, 0xff, 0xff, 0xff, 0xff, 0xff, 0xff, 0xff,
    0xf8, 0xff, 0xff, 0xff, 0xff, 0xff, 0xff, 0xff,
    0xff, 0xf8, 0x88, 0x88, 0x88, 0x88, 0x88, 0x8b,
    0xff, 0xc8, 0x84, 0x00, 0x00, 0x00, 0x00, 0x00,
    0x06, 0xff, 0x80, 0x00, 0x00, 0x00, 0x00, 0x00,
    0x00, 0x06, 0xff, 0x80, 0x00, 0x00, 0x00, 0x49,
    0xbc, 0xcc, 0x66, 0xff, 0x80, 0x00, 0x00, 0x1c,
    0xff, 0xff, 0xff, 0x76, 0xff, 0x80, 0x00, 0x00,
    0xdf, 0xff, 0xfd, 0xcc, 0x56, 0xff, 0x80, 0x00,
    0x06, 0xff, 0xf5, 0x00, 0x00, 0x06, 0xff, 0x80,
    0x00, 0x09, 0xff, 0x70, 0x00, 0x00, 0x06, 0xff,
    0x80, 0x00, 0x0b, 0xff, 0x40, 0x00, 0x00, 0x06,
    0xff, 0x80, 0x00, 0x09, 0xff, 0x60, 0x00, 0x00,
    0x0b, 0xff, 0x80, 0x00, 0x05, 0xff, 0xe3, 0x00,
    0x03, 0xcf, 0xff, 0x80, 0x00, 0x00, 0xcf, 0xff,
    0xec, 0xef, 0xff, 0xff, 0x80, 0x00, 0x00, 0x1b,
    0xff, 0xff, 0xff, 0xfd, 0xff, 0x80, 0x00, 0x00,
    0x00, 0x49, 0xbc, 0xb7, 0x26, 0xff, 0x80, 0x00,
    0x00, 0x00, 0x00, 0x00, 0x00, 0x06, 0xff, 0x80,
    0x00, 0x00, 0x00, 0x00, 0x00, 0x00, 0x06, 0xff,
    0x80, 0x00, 0x00, 0x00, 0x00, 0x00, 0x00, 0x06,
    0xff, 0x80, 0x00,

    /* U+0936 "श" */
    0x00, 0x01, 0x9e, 0xff, 0xc5, 0x00, 0x0e, 0xff,
    0xff, 0xff, 0xf8, 0x00, 0x1e, 0xff, 0xff, 0xff,
    0xa0, 0x0e, 0xff, 0xff, 0xff, 0xf8, 0x00, 0x9f,
    0xfc, 0x67, 0xdf, 0xf7, 0x07, 0x8b, 0xff, 0xc8,
    0x84, 0x00, 0xcf, 0xf0, 0x00, 0x1f, 0xfe, 0x00,
    0x07, 0xff, 0x80, 0x00, 0x00, 0xcf, 0xf0, 0x00,
    0x0a, 0xff, 0x20, 0x07, 0xff, 0x80, 0x00, 0x00,
    0x8f, 0xfb, 0x30, 0x09, 0xff, 0x40, 0x07, 0xff,
    0x80, 0x00, 0x00, 0x0d, 0xff, 0xfc, 0x09, 0xff,
    0x40, 0x07, 0xff, 0x80, 0x00, 0x00, 0x00, 0x8e,
    0xf8, 0x0d, 0xff, 0x20, 0x07, 0xff, 0x80, 0x00,
    0x00, 0x00, 0x00, 0x11, 0x3f, 0xff, 0x00, 0x07,
    0xff, 0x80, 0x00, 0x00, 0x00, 0x00, 0x01, 0xdf,
    0xfa, 0x00, 0x07, 0xff, 0x80, 0x00, 0x04, 0xaa,
    0x50, 0x4d, 0xff, 0xf2, 0x00, 0x07, 0xff, 0x80,
    0x00, 0x1f, 0xff, 0xfe, 0xff, 0xff, 0x60, 0x00,
    0x07, 0xff, 0x80, 0x00, 0x2f, 0xff, 0xff, 0xff,
    0xf5, 0x00, 0x00, 0x07, 0xff, 0x80, 0x00, 0x0c,
    0xff, 0xff, 0xfe, 0x20, 0x00, 0x00, 0x07, 0xff,
    0x80, 0x00, 0x00, 0x7b, 0xbc, 0xff, 0x80, 0x00,
    0x00, 0x07, 0xff, 0x80, 0x00, 0x00, 0x00, 0x01,
    0xef, 0xf7, 0x00, 0x00, 0x07, 0xff, 0x80, 0x00,
    0x00, 0x00, 0x00, 0x3f, 0xff, 0x50, 0x00, 0x07,
    0xff, 0x80, 0x00, 0x00, 0x00, 0x00, 0x06, 0xff,
    0xf2, 0x00, 0x07, 0xff, 0x80, 0x00, 0x00, 0x00,
    0x00, 0x00, 0xbf, 0xb1, 0x00, 0x07, 0xff, 0x80,
    0x00, 0x00, 0x00, 0x00, 0x00, 0x15, 0x00, 0x00,
    0x00, 0x00, 0x00, 0x00,

    /* U+0937 "ष" */
    0xff, 0xff, 0xff, 0xff, 0xff, 0xff, 0xff, 0xff,
    0xff, 0x3f, 0xff, 0xff, 0xff, 0xff, 0xff, 0xff,
    0xff, 0xff, 0xf3, 0x88, 0xef, 0xff, 0xe8, 0x88,
    0x88, 0xef, 0xfa, 0x88, 0x10, 0x0c, 0xff, 0xff,
    0x60, 0x00, 0x0b, 0xff, 0x30, 0x00, 0x00, 0xcf,
    0xf9, 0xff, 0x30, 0x00, 0xbf, 0xf3, 0x00, 0x00,
    0x0c, 0xff, 0x2a, 0xfe, 0x10, 0x0b, 0xff, 0x30,
    0x00, 0x00, 0xcf, 0xf2, 0x0d, 0xfb, 0x00, 0xbf,
    0xf3, 0x00, 0x00, 0x0c, 0xff, 0x20, 0x2f, 0xf8,
    0x0b, 0xff, 0x30, 0x00, 0x00, 0xbf, 0xf2, 0x00,
    0x4f, 0xf5, 0xbf, 0xf3, 0x00, 0x00, 0x0b, 0xff,
    0x30, 0x00, 0x8f, 0xfd, 0xff, 0x30, 0x00, 0x00,
    0x8f, 0xf7, 0x00, 0x00, 0xbf, 0xff, 0xf3, 0x00,
    0x00, 0x04, 0xff, 0xe3, 0x00, 0x07, 0xff, 0xff,
    0x30, 0x00, 0x00, 0x0b, 0xff, 0xfd, 0xcf, 0xff,
    0xff, 0xf3, 0x00, 0x00, 0x00, 0x1c, 0xff, 0xff,
    0xff, 0xee, 0xff, 0x30, 0x00, 0x00, 0x00, 0x05,
    0x9b, 0xba, 0x50, 0xbf, 0xf3, 0x00, 0x00, 0x00,
    0x00, 0x00, 0x00, 0x00, 0x0b, 0xff, 0x30, 0x00,
    0x00, 0x00, 0x00, 0x00, 0x00, 0x00, 0xbf, 0xf3,
    0x00, 0x00, 0x00, 0x00, 0x00, 0x00, 0x00, 0x0b,
    0xff, 0x30, 0x00, 0x00, 0x00, 0x00, 0x00, 0x00,
    0x00, 0xbf, 0xf3, 0x00, 0x00,

    /* U+0938 "स" */
    0xff, 0xff, 0xff, 0xff, 0xff, 0xff, 0xff, 0xff,
    0xff, 0xff, 0xf4, 0xff, 0xff, 0xff, 0xff, 0xff,
    0xff, 0xff, 0xff, 0xff, 0xff, 0xf4, 0x88, 0x88,
    0x88, 0xdf, 0xfa, 0x88, 0x88, 0x8d, 0xff, 0xa8,
    0x82, 0x00, 0x00, 0x00, 0x7f, 0xf7, 0x00, 0x00,
    0x0b, 0xff, 0x40, 0x00, 0x00, 0x00, 0x00, 0x5f,
    0xf9, 0x00, 0x00, 0x0b, 0xff, 0x40, 0x00, 0x00,
    0x00, 0x00, 0x5f, 0xfa, 0x00, 0x00, 0x0b, 0xff,
    0x40, 0x00, 0x00, 0x00, 0x00, 0x7f, 0xf9, 0x00,
    0x00, 0x0b, 0xff, 0x40, 0x00, 0x06, 0xff, 0x80,
    0xdf, 0xf5, 0x00, 0x00, 0x0b, 0xff, 0x40, 0x00,
    0x0c, 0xff, 0xfe, 0xff, 0xf2, 0x00, 0x00, 0x0c,
    0xff, 0x40, 0x00, 0x0b, 0xff, 0xff, 0xff, 0xff,
    0xed, 0xcd, 0xff, 0xff, 0x40, 0x00, 0x06, 0xff,
    0xff, 0xec, 0xff, 0xff, 0xff, 0xff, 0xff, 0x40,
    0x00, 0x00, 0xef, 0xf8, 0x00, 0x26, 0xab, 0xcb,
    0x9d, 0xff, 0x40, 0x00, 0x00, 0x5f, 0xfb, 0x00,
    0x00, 0x00, 0x00, 0x0b, 0xff, 0x40, 0x00, 0x00,
    0x0a, 0xff, 0x90, 0x00, 0x00, 0x00, 0x0b, 0xff,
    0x40, 0x00, 0x00, 0x01, 0xdf, 0xf8, 0x00, 0x00,
    0x00, 0x0b, 0xff, 0x40, 0x00, 0x00, 0x00, 0x2f,
    0xff, 0x80, 0x00, 0x00, 0x0b, 0xff, 0x40, 0x00,
    0x00, 0x00, 0x04, 0xff, 0xf9, 0x00, 0x00, 0x0b,
    0xff, 0x40, 0x00, 0x00, 0x00, 0x00, 0x6f, 0xff,
    0x60, 0x00, 0x0b, 0xff, 0x40, 0x00, 0x00, 0x00,
    0x00, 0x07, 0xfa, 0x00, 0x00, 0x0b, 0xff, 0x40,
    0x00, 0x00, 0x00, 0x00, 0x00, 0x40, 0x00, 0x00,
    0x00, 0x00, 0x00, 0x00,

    /* U+0939 "ह" */
    0xff, 0xff, 0xff, 0xff, 0xff, 0xff, 0xff, 0xff,
    0xbf, 0xff, 0xff, 0xff, 0xff, 0xff, 0xff, 0xff,
    0xfb, 0x88, 0x88, 0x88, 0x88, 0x88, 0xaf, 0xfd,
    0x88, 0x50, 0x00, 0x00, 0x00, 0x00, 0x04, 0xff,
    0xb0, 0x00, 0x00, 0x00, 0x00, 0x00, 0x00, 0x4f,
    0xfb, 0x00, 0x00, 0x00, 0x27, 0xab, 0xcc, 0xcd,
    0xff, 0xb0, 0x00, 0x00, 0x4f, 0xff, 0xff, 0xff,
    0xff, 0xfb, 0x00, 0x00, 0x0d, 0xff, 0xfc, 0xcc,
    0xcc, 0xcc, 0x80, 0x00, 0x00, 0xff, 0xf1, 0x00,
    0x00, 0x00, 0x00, 0x00, 0x00, 0x0e, 0xfe, 0x00,
    0x00, 0x00, 0x00, 0x00, 0x00, 0x00, 0x6f, 0xfb,
    0x7a, 0xbb, 0xa6, 0x10, 0x00, 0x00, 0x00, 0xaf,
    0xff, 0xff, 0xff, 0xff, 0x50, 0x00, 0x00, 0x1e,
    0xff, 0xfe, 0xcc, 0xff, 0xff, 0x40, 0x00, 0x09,
    0xff, 0xd3, 0x00, 0x00, 0x9f, 0xfb, 0x00, 0x00,
    0xef, 0xf2, 0x00, 0x00, 0x00, 0xff, 0xe0, 0x00,
    0x0f, 0xfe, 0x00, 0x00, 0x00, 0x1f, 0xfd, 0x00,
    0x00, 0xff, 0xf0, 0x00, 0x00, 0x1c, 0xff, 0x90,
    0x00, 0x0c, 0xff, 0x70, 0x00, 0x07, 0xff, 0xe1,
    0x00, 0x00, 0x4f, 0xff, 0x70, 0x00, 0x05, 0xc2,
    0x00, 0x00, 0x00, 0x8f, 0xff, 0xd4, 0x00, 0x00,
    0x00, 0x00, 0x00, 0x00, 0x7f, 0xff, 0xfd, 0x61,
    0x00, 0x00, 0x00, 0x00, 0x00, 0x3c, 0xff, 0xff,
    0x80, 0x00, 0x00, 0x00, 0x00, 0x00, 0x04, 0xbf,
    0xe0, 0x00, 0x00, 0x00, 0x00, 0x00, 0x00, 0x00,
    0x24, 0x00, 0x00, 0x00,

    /* U+093C "़" */
    0x06, 0xd8, 0x02, 0xff, 0xf4, 0x2f, 0xff, 0x40,
    0x7d, 0x90,

    /* U+093E "ा" */
    0xff, 0xff, 0xff, 0xff, 0x8f, 0xff, 0xff, 0xff,
    0xf8, 0x88, 0xbf, 0xfc, 0x88, 0x40, 0x06, 0xff,
    0x80, 0x00, 0x00, 0x6f, 0xf8, 0x00, 0x00, 0x06,
    0xff, 0x80, 0x00, 0x00, 0x6f, 0xf8, 0x00, 0x00,
    0x06, 0xff, 0x80, 0x00, 0x00, 0x6f, 0xf8, 0x00,
    0x00, 0x06, 0xff, 0x80, 0x00, 0x00, 0x6f, 0xf8,
    0x00, 0x00, 0x06, 0xff, 0x80, 0x00, 0x00, 0x6f,
    0xf8, 0x00, 0x00, 0x06, 0xff, 0x80, 0x00, 0x00,
    0x6f, 0xf8, 0x00, 0x00, 0x06, 0xff, 0x80, 0x00,
    0x00, 0x6f, 0xf8, 0x00, 0x00, 0x06, 0xff, 0x80,
    0x00, 0x00, 0x6f, 0xf8, 0x00, 0x00,

    /* U+093F "ि" */
    0x00, 0x00, 0x4a, 0xdf, 0xff, 0xeb, 0x83, 0x00,
    0x00, 0x00, 0x00, 0x00, 0x01, 0xbf, 0xff, 0xff,
    0xff, 0xff, 0xfd, 0x60, 0x00, 0x00, 0x00, 0x00,
    0xbf, 0xff, 0xfb, 0x99, 0xac, 0xff, 0xff, 0xd4,
    0x00, 0x00, 0x00, 0x3f, 0xff, 0x80, 0x00, 0x00,
    0x01, 0x6c, 0xff, 0xf9, 0x00, 0x00, 0x07, 0xff,
    0xb0, 0x00, 0x00, 0x00, 0x00, 0x05, 0xef, 0xfb,
    0x00, 0x00, 0x7f, 0xf7, 0x00, 0x00, 0x00, 0x00,
    0x00, 0x01, 0xbf, 0xfc, 0x00, 0x04, 0xff, 0x90,
    0x00, 0x00, 0x00, 0x00, 0x00, 0x00, 0xaf, 0xfa,
    0x00, 0x0e, 0xfe, 0x10, 0x00, 0x00, 0x00, 0x00,
    0x00, 0x00, 0xaf, 0xf6, 0xff, 0xff, 0xff, 0xff,
    0x80, 0x00, 0x00, 0x00, 0x00, 0x00, 0x33, 0x2f,
    0xff, 0xff, 0xff, 0xf8, 0x00, 0x00, 0x00, 0x00,
    0x00, 0x00, 0x00, 0x88, 0xbf, 0xfc, 0x88, 0x40,
    0x00, 0x00, 0x00, 0x00, 0x00, 0x00, 0x00, 0x06,
    0xff, 0x80, 0x00, 0x00, 0x00, 0x00, 0x00, 0x00,
    0x00, 0x00, 0x00, 0x6f, 0xf8, 0x00, 0x00, 0x00,
    0x00, 0x00, 0x00, 0x00, 0x00, 0x00, 0x06, 0xff,
    0x80, 0x00, 0x00, 0x00, 0x00, 0x00, 0x00, 0x00,
    0x00, 0x00, 0x6f, 0xf8, 0x00, 0x00, 0x00, 0x00,
    0x00, 0x00, 0x00, 0x00, 0x00, 0x06, 0xff, 0x80,
    0x00, 0x00, 0x00, 0x00, 0x00, 0x00, 0x00, 0x00,
    0x00, 0x6f, 0xf8, 0x00, 0x00, 0x00, 0x00, 0x00,
    0x00, 0x00, 0x00, 0x00, 0x06, 0xff, 0x80, 0x00,
    0x00, 0x00, 0x00, 0x00, 0x00, 0x00, 0x00, 0x00,
    0x6f, 0xf8, 0x00, 0x00, 0x00, 0x00, 0x00, 0x00,
    0x00, 0x00, 0x00, 0x06, 0xff, 0x80, 0x00, 0x00,
    0x00, 0x00, 0x00, 0x00, 0x00, 0x00, 0x00, 0x6f,
    0xf8, 0x00, 0x00, 0x00, 0x00, 0x00, 0x00, 0x00,
    0x00, 0x00, 0x06, 0xff, 0x80, 0x00, 0x00, 0x00,
    0x00, 0x00, 0x00, 0x00, 0x00, 0x00, 0x6f, 0xf8,
    0x00, 0x00, 0x00, 0x00, 0x00, 0x00, 0x00, 0x00,
    0x00, 0x06, 0xff, 0x80, 0x00, 0x00, 0x00, 0x00,
    0x00, 0x00, 0x00, 0x00, 0x00, 0x6f, 0xf8, 0x00,
    0x00, 0x00, 0x00, 0x00, 0x00, 0x00, 0x00, 0x00,
    0x06, 0xff, 0x80, 0x00, 0x00, 0x00, 0x00, 0x00,
    0x00, 0x00, 0x00, 0x00, 0x6f, 0xf8, 0x00, 0x00,
    0x00, 0x00, 0x00, 0x00, 0x00, 0x00, 0x00,

    /* U+0940 "ी" */
    0x01, 0x8d, 0xff, 0xd8, 0x10, 0x00, 0x00, 0x00,
    0x1d, 0xff, 0xff, 0xff, 0xe3, 0x00, 0x00, 0x00,
    0x9f, 0xff, 0xa8, 0xcf, 0xff, 0x20, 0x00, 0x00,
    0xdf, 0xf6, 0x00, 0x07, 0xff, 0xb0, 0x00, 0x00,
    0xef, 0xf0, 0x00, 0x00, 0xbf, 0xf2, 0x00, 0x00,
    0xcf, 0xf1, 0x00, 0x00, 0x3f, 0xf8, 0x00, 0x00,
    0x8f, 0xf5, 0x00, 0x00, 0x0d, 0xfe, 0x00, 0x00,
    0x2f, 0xfb, 0x00, 0x00, 0x08, 0xff, 0x20, 0x00,
    0x00, 0x00, 0x00, 0x0f, 0xff, 0xff, 0xff, 0xf8,
    0x00, 0x00, 0x00, 0x0f, 0xff, 0xff, 0xff, 0xf8,
    0x00, 0x00, 0x00, 0x08, 0x8b, 0xff, 0xc8, 0x84,
    0x00, 0x00, 0x00, 0x00, 0x06, 0xff, 0x80, 0x00,
    0x00, 0x00, 0x00, 0x00, 0x06, 0xff, 0x80, 0x00,
    0x00, 0x00, 0x00, 0x00, 0x06, 0xff, 0x80, 0x00,
    0x00, 0x00, 0x00, 0x00, 0x06, 0xff, 0x80, 0x00,
    0x00, 0x00, 0x00, 0x00, 0x06, 0xff, 0x80, 0x00,
    0x00, 0x00, 0x00, 0x00, 0x06, 0xff, 0x80, 0x00,
    0x00, 0x00, 0x00, 0x00, 0x06, 0xff, 0x80, 0x00,
    0x00, 0x00, 0x00, 0x00, 0x06, 0xff, 0x80, 0x00,
    0x00, 0x00, 0x00, 0x00, 0x06, 0xff, 0x80, 0x00,
    0x00, 0x00, 0x00, 0x00, 0x06, 0xff, 0x80, 0x00,
    0x00, 0x00, 0x00, 0x00, 0x06, 0xff, 0x80, 0x00,
    0x00, 0x00, 0x00, 0x00, 0x06, 0xff, 0x80, 0x00,
    0x00, 0x00, 0x00, 0x00, 0x06, 0xff, 0x80, 0x00,
    0x00, 0x00, 0x00, 0x00, 0x06, 0xff, 0x80, 0x00,
    0x00, 0x00, 0x00, 0x00, 0x06, 0xff, 0x80, 0x00,
    0x00, 0x00, 0x00, 0x00, 0x06, 0xff, 0x80, 0x00,

    /* U+0941 "ु" */
    0x00, 0x00, 0x00, 0x04, 0x8a, 0xa7, 0x10, 0x00,
    0x00, 0x00, 0x1b, 0xff, 0xff, 0xff, 0x40, 0x03,
    0x20, 0x02, 0xff, 0xeb, 0xcf, 0xfe, 0x04, 0xfe,
    0x20, 0x06, 0x80, 0x00, 0x8f, 0xf4, 0xaf, 0xfe,
    0x40, 0x00, 0x00, 0x04, 0xff, 0x60, 0xaf, 0xff,
    0x92, 0x00, 0x00, 0xbf, 0xf5, 0x00, 0x7f, 0xff,
    0xfd, 0xbc, 0xff, 0xfe, 0x00, 0x00, 0x2b, 0xff,
    0xff, 0xff, 0xfe, 0x30, 0x00, 0x00, 0x02, 0x7a,
    0xbb, 0x96, 0x00, 0x00,

    /* U+0942 "ू" */
    0x00, 0x05, 0x9a, 0xa8, 0x40, 0x00, 0x00, 0x00,
    0x2d, 0xff, 0xff, 0xff, 0xd4, 0x00, 0x00, 0x0d,
    0xff, 0xeb, 0xbe, 0xff, 0xf6, 0x00, 0x03, 0xff,
    0xc0, 0x00, 0x06, 0xff, 0xf4, 0x00, 0x4f, 0xf6,
    0x00, 0x00, 0x04, 0xff, 0xe1, 0x03, 0xff, 0xa0,
    0x00, 0x00, 0x07, 0xff, 0xa0, 0x0d, 0xff, 0xec,
    0xdf, 0x10, 0x0d, 0xff, 0x30, 0x3e, 0xff, 0xff,
    0xf8, 0x00, 0x4f, 0xfb, 0x00, 0x17, 0xab, 0xa8,
    0x20, 0x00, 0xcb, 0x30, 0x00, 0x00, 0x00, 0x00,
    0x00, 0x00, 0x00,

    /* U+0943 "ृ" */
    0x00, 0x00, 0x02, 0x10, 0x00, 0x00, 0x3b, 0xff,
    0x70, 0x00, 0x04, 0xff, 0xff, 0x90, 0x00, 0x0d,
    0xff, 0x92, 0x00, 0x00, 0x1f, 0xfb, 0x00, 0x00,
    0x00, 0x2f, 0xf9, 0x00, 0x00, 0x00, 0x0f, 0xfd,
    0x10, 0x01, 0x82, 0x09, 0xff, 0xfb, 0xcf, 0xf8,
    0x00, 0xbf, 0xff, 0xff, 0xfb, 0x00, 0x04, 0x9b,
    0xb8, 0x40,

    /* U+0947 "े" */
    0x49, 0xbc, 0xb7, 0x00, 0x00, 0x08, 0xff, 0xff,
    0xfd, 0x10, 0x00, 0x3f, 0xed, 0xff, 0xfb, 0x00,
    0x00, 0x20, 0x00, 0xbf, 0xf4, 0x00, 0x00, 0x00,
    0x01, 0xff, 0xb0, 0x00, 0x00, 0x00, 0x09, 0xff,
    0x20, 0x00, 0x00, 0x00, 0x3f, 0xf7, 0x00, 0x00,
    0x00, 0x00, 0xdf, 0xc0, 0x00, 0x00, 0x00, 0x06,
    0xbb, 0x00,

    /* U+0948 "ै" */
    0x02, 0x79, 0xa8, 0x30, 0x00, 0x00, 0x05, 0xff,
    0xff, 0xf9, 0x00, 0x00, 0x00, 0xeb, 0xad, 0xff,
    0x70, 0x00, 0x00, 0x00, 0x00, 0x7f, 0xf1, 0x00,
    0x05, 0x8a, 0x96, 0x0a, 0xf8, 0x00, 0x0d, 0xff,
    0xff, 0xe5, 0xfe, 0x00, 0x07, 0xeb, 0xac, 0xff,
    0xdf, 0x50, 0x00, 0x00, 0x00, 0x2c, 0xff, 0xb0,
    0x00, 0x00, 0x00, 0x00, 0xad, 0xd0,

    /* U+0949 "ॉ" */
    0x01, 0x54, 0x00, 0x00, 0x00, 0x73, 0x00, 0xff,
    0xa0, 0x00, 0x00, 0x1f, 0xf9, 0x0b, 0xff, 0x10,
    0x00, 0x06, 0xff, 0x50, 0x6f, 0xfa, 0x00, 0x02,
    0xef, 0xf1, 0x00, 0xdf, 0xfe, 0xbc, 0xff, 0xf7,
    0x00, 0x01, 0xcf, 0xff, 0xff, 0xf8, 0x00, 0x00,
    0x00, 0x48, 0xaa, 0x72, 0x00, 0x00, 0x00, 0x00,
    0x00, 0x00, 0x00, 0x00, 0x00, 0x00, 0xff, 0xff,
    0xff, 0xff, 0x80, 0x00, 0x0f, 0xff, 0xff, 0xff,
    0xf8, 0x00, 0x00, 0x88, 0xbf, 0xfc, 0x88, 0x40,
    0x00, 0x00, 0x06, 0xff, 0x80, 0x00, 0x00, 0x00,
    0x00, 0x6f, 0xf8, 0x00, 0x00, 0x00, 0x00, 0x06,
    0xff, 0x80, 0x00, 0x00, 0x00, 0x00, 0x6f, 0xf8,
    0x00, 0x00, 0x00, 0x00, 0x06, 0xff, 0x80, 0x00,
    0x00, 0x00, 0x00, 0x6f, 0xf8, 0x00, 0x00, 0x00,
    0x00, 0x06, 0xff, 0x80, 0x00, 0x00, 0x00, 0x00,
    0x6f, 0xf8, 0x00, 0x00, 0x00, 0x00, 0x06, 0xff,
    0x80, 0x00, 0x00, 0x00, 0x00, 0x6f, 0xf8, 0x00,
    0x00, 0x00, 0x00, 0x06, 0xff, 0x80, 0x00, 0x00,
    0x00, 0x00, 0x6f, 0xf8, 0x00, 0x00, 0x00, 0x00,
    0x06, 0xff, 0x80, 0x00, 0x00, 0x00, 0x00, 0x6f,
    0xf8, 0x00, 0x00, 0x00, 0x00, 0x06, 0xff, 0x80,
    0x00, 0x00, 0x00, 0x00, 0x6f, 0xf8, 0x00, 0x00,

    /* U+094B "ो" */
    0x5c, 0xef, 0xeb, 0x30, 0x00, 0x00, 0x00, 0x6f,
    0xff, 0xff, 0xf5, 0x00, 0x00, 0x00, 0x1e, 0xb9,
    0xbf, 0xff, 0x10, 0x00, 0x00, 0x00, 0x00, 0x06,
    0xff, 0x80, 0x00, 0x00, 0x00, 0x00, 0x00, 0xcf,
    0xf0, 0x00, 0x00, 0x00, 0x00, 0x00, 0x4f, 0xf6,
    0x00, 0x00, 0x00, 0x00, 0x00, 0x0e, 0xfb, 0x00,
    0x00, 0x00, 0x00, 0x00, 0x09, 0xff, 0x10, 0x00,
    0x00, 0x00, 0x0f, 0xff, 0xff, 0xff, 0xf8, 0x00,
    0x00, 0x0f, 0xff, 0xff, 0xff, 0xf8, 0x00, 0x00,
    0x08, 0x8b, 0xff, 0xc8, 0x84, 0x00, 0x00, 0x00,
    0x06, 0xff, 0x80, 0x00, 0x00, 0x00, 0x00, 0x06,
    0xff, 0x80, 0x00, 0x00, 0x00, 0x00, 0x06, 0xff,
    0x80, 0x00, 0x00, 0x00, 0x00, 0x06, 0xff, 0x80,
    0x00, 0x00, 0x00, 0x00, 0x06, 0xff, 0x80, 0x00,
    0x00, 0x00, 0x00, 0x06, 0xff, 0x80, 0x00, 0x00,
    0x00, 0x00, 0x06, 0xff, 0x80, 0x00, 0x00, 0x00,
    0x00, 0x06, 0xff, 0x80, 0x00, 0x00, 0x00, 0x00,
    0x06, 0xff, 0x80, 0x00, 0x00, 0x00, 0x00, 0x06,
    0xff, 0x80, 0x00, 0x00, 0x00, 0x00, 0x06, 0xff,
    0x80, 0x00, 0x00, 0x00, 0x00, 0x06, 0xff, 0x80,
    0x00, 0x00, 0x00, 0x00, 0x06, 0xff, 0x80, 0x00,
    0x00, 0x00, 0x00, 0x06, 0xff, 0x80, 0x00, 0x00,
    0x00, 0x00, 0x06, 0xff, 0x80, 0x00, 0x00, 0x00,
    0x00, 0x06, 0xff, 0x80, 0x00,

    /* U+094C "ौ" */
    0x04, 0xdf, 0xfe, 0xa2, 0x00, 0x00, 0x00, 0x00,
    0x2f, 0xff, 0xff, 0xe2, 0x00, 0x00, 0x00, 0x00,
    0x86, 0x57, 0xef, 0xd0, 0x00, 0x00, 0x00, 0x05,
    0x99, 0x62, 0xef, 0x60, 0x00, 0x00, 0x0c, 0xff,
    0xff, 0xc6, 0xfd, 0x00, 0x00, 0x00, 0xaf, 0xda,
    0xcf, 0xcc, 0xf4, 0x00, 0x00, 0x03, 0x50, 0x00,
    0x2d, 0xff, 0xa0, 0x00, 0x00, 0x00, 0x00, 0x00,
    0x0c, 0xff, 0x10, 0x00, 0x00, 0x00, 0x00, 0xff,
    0xff, 0xff, 0xff, 0x80, 0x00, 0x00, 0x0f, 0xff,
    0xff, 0xff, 0xf8, 0x00, 0x00, 0x00, 0x88, 0xbf,
    0xfc, 0x88, 0x40, 0x00, 0x00, 0x00, 0x06, 0xff,
    0x80, 0x00, 0x00, 0x00, 0x00, 0x00, 0x6f, 0xf8,
    0x00, 0x00, 0x00, 0x00, 0x00, 0x06, 0xff, 0x80,
    0x00, 0x00, 0x00, 0x00, 0x00, 0x6f, 0xf8, 0x00,
    0x00, 0x00, 0x00, 0x00, 0x06, 0xff, 0x80, 0x00,
    0x00, 0x00, 0x00, 0x00, 0x6f, 0xf8, 0x00, 0x00,
    0x00, 0x00, 0x00, 0x06, 0xff, 0x80, 0x00, 0x00,
    0x00, 0x00, 0x00, 0x6f, 0xf8, 0x00, 0x00, 0x00,
    0x00, 0x00, 0x06, 0xff, 0x80, 0x00, 0x00, 0x00,
    0x00, 0x00, 0x6f, 0xf8, 0x00, 0x00, 0x00, 0x00,
    0x00, 0x06, 0xff, 0x80, 0x00, 0x00, 0x00, 0x00,
    0x00, 0x6f, 0xf8, 0x00, 0x00, 0x00, 0x00, 0x00,
    0x06, 0xff, 0x80, 0x00, 0x00, 0x00, 0x00, 0x00,
    0x6f, 0xf8, 0x00, 0x00, 0x00, 0x00, 0x00, 0x06,
    0xff, 0x80, 0x00, 0x00, 0x00, 0x00, 0x00, 0x6f,
    0xf8, 0x00, 0x00,

    /* U+094D "्" */
    0x8c, 0xca, 0x71, 0x00, 0x00, 0x9f, 0xff, 0xff,
    0x50, 0x00, 0x6d, 0xdf, 0xff, 0xf6, 0x00, 0x00,
    0x00, 0x5e, 0xff, 0x50, 0x00, 0x00, 0x02, 0xef,
    0xf2, 0x00, 0x00, 0x00, 0x3f, 0xf8, 0x00, 0x00,
    0x00, 0x06, 0x60,

    /* U+0964 "।" */
    0x1a, 0xa8, 0x1f, 0xfd, 0x1f, 0xfd, 0x1f, 0xfd,
    0x1f, 0xfd, 0x1f, 0xfd, 0x1f, 0xfd, 0x1f, 0xfd,
    0x1f, 0xfd, 0x1f, 0xfd, 0x1f, 0xfd, 0x1f, 0xfd,
    0x1f, 0xfd, 0x1f, 0xfd, 0x1f, 0xfd, 0x1f, 0xfd,
    0x1f, 0xfd, 0x1f, 0xfd, 0x1f, 0xfd
};

/*---------------------
 *  GLYPH DESCRIPTION
 *--------------------*/

static const lv_font_fmt_txt_glyph_dsc_t glyph_dsc[] = {
    {.bitmap_index = 0, .adv_w = 0, .box_w = 0, .box_h = 0, .ofs_x = 0, .ofs_y = 0} /* id = 0 reserved */,
    {.bitmap_index = 0, .adv_w = 125, .box_w = 0, .box_h = 0, .ofs_x = 0, .ofs_y = 0},
    {.bitmap_index = 0, .adv_w = 131, .box_w = 5, .box_h = 22, .ofs_x = 2, .ofs_y = 0},
    {.bitmap_index = 55, .adv_w = 206, .box_w = 10, .box_h = 8, .ofs_x = 1, .ofs_y = 14},
    {.bitmap_index = 95, .adv_w = 310, .box_w = 19, .box_h = 22, .ofs_x = 0, .ofs_y = 0},
    {.bitmap_index = 304, .adv_w = 275, .box_w = 15, .box_h = 26, .ofs_x = 1, .ofs_y = -3},
    {.bitmap_index = 499, .adv_w = 409, .box_w = 24, .box_h = 22, .ofs_x = 1, .ofs_y = 0},
    {.bitmap_index = 763, .adv_w = 354, .box_w = 22, .box_h = 22, .ofs_x = 1, .ofs_y = 0},
    {.bitmap_index = 1005, .adv_w = 114, .box_w = 5, .box_h = 8, .ofs_x = 1, .ofs_y = 14},
    {.bitmap_index = 1025, .adv_w = 150, .box_w = 8, .box_h = 27, .ofs_x = 1, .ofs_y = -5},
    {.bitmap_index = 1133, .adv_w = 150, .box_w = 9, .box_h = 27, .ofs_x = 0, .ofs_y = -5},
    {.bitmap_index = 1255, .adv_w = 263, .box_w = 15, .box_h = 15, .ofs_x = 1, .ofs_y = 8},
    {.bitmap_index = 1368, .adv_w = 275, .box_w = 15, .box_h = 15, .ofs_x = 1, .ofs_y = 3},
    {.bitmap_index = 1481, .adv_w = 131, .box_w = 6, .box_h = 8, .ofs_x = 1, .ofs_y = -4},
    {.bitmap_index = 1505, .adv_w = 154, .box_w = 8, .box_h = 3, .ofs_x = 1, .ofs_y = 7},
    {.bitmap_index = 1517, .adv_w = 131, .box_w = 5, .box_h = 5, .ofs_x = 2, .ofs_y = 0},
    {.bitmap_index = 1530, .adv_w = 185, .box_w = 12, .box_h = 22, .ofs_x = 0, .ofs_y = 0},
    {.bitmap_index = 1662, .adv_w = 275, .box_w = 15, .box_h = 22, .ofs_x = 1, .ofs_y = 0},
    {.bitmap_index = 1827, .adv_w = 275, .box_w = 10, .box_h = 22, .ofs_x = 2, .ofs_y = 0},
    {.bitmap_index = 1937, .adv_w = 275, .box_w = 15, .box_h = 22, .ofs_x = 1, .ofs_y = 0},
    {.bitmap_index = 2102, .adv_w = 275, .box_w = 15, .box_h = 22, .ofs_x = 1, .ofs_y = 0},
    {.bitmap_index = 2267, .adv_w = 275, .box_w = 17, .box_h = 22, .ofs_x = 0, .ofs_y = 0},
    {.bitmap_index = 2454, .adv_w = 275, .box_w = 15, .box_h = 22, .ofs_x = 1, .ofs_y = 0},
    {.bitmap_index = 2619, .adv_w = 275, .box_w = 15, .box_h = 22, .ofs_x = 1, .ofs_y = 0},
    {.bitmap_index = 2784, .adv_w = 275, .box_w = 15, .box_h = 22, .ofs_x = 1, .ofs_y = 0},
    {.bitmap_index = 2949, .adv_w = 275, .box_w = 15, .box_h = 22, .ofs_x = 1, .ofs_y = 0},
    {.bitmap_index = 3114, .adv_w = 275, .box_w = 15, .box_h = 22, .ofs_x = 1, .ofs_y = 0},
    {.bitmap_index = 3279, .adv_w = 131, .box_w = 5, .box_h = 17, .ofs_x = 2, .ofs_y = 0},
    {.bitmap_index = 3322, .adv_w = 131, .box_w = 7, .box_h = 21, .ofs_x = 0, .ofs_y = -4},
    {.bitmap_index = 3396, .adv_w = 275, .box_w = 15, .box_h = 16, .ofs_x = 1, .ofs_y = 3},
    {.bitmap_index = 3516, .adv_w = 275, .box_w = 15, .box_h = 9, .ofs_x = 1, .ofs_y = 7},
    {.bitmap_index = 3584, .adv_w = 275, .box_w = 15, .box_h = 16, .ofs_x = 1, .ofs_y = 3},
    {.bitmap_index = 3704, .adv_w = 215, .box_w = 13, .box_h = 22, .ofs_x = 0, .ofs_y = 0},
    {.bitmap_index = 3847, .adv_w = 432, .box_w = 25, .box_h = 24, .ofs_x = 1, .ofs_y = -2},
    {.bitmap_index = 4147, .adv_w = 314, .box_w = 20, .box_h = 22, .ofs_x = 0, .ofs_y = 0},
    {.bitmap_index = 4367, .adv_w = 314, .box_w = 17, .box_h = 22, .ofs_x = 2, .ofs_y = 0},
    {.bitmap_index = 4554, .adv_w = 305, .box_w = 18, .box_h = 22, .ofs_x = 1, .ofs_y = 0},
    {.bitmap_index = 4752, .adv_w = 351, .box_w = 19, .box_h = 22, .ofs_x = 2, .ofs_y = 0},
    {.bitmap_index = 4961, .adv_w = 267, .box_w = 13, .box_h = 22, .ofs_x = 2, .ofs_y = 0},
    {.bitmap_index = 5104, .adv_w = 253, .box_w = 13, .box_h = 22, .ofs_x = 2, .ofs_y = 0},
    {.bitmap_index = 5247, .adv_w = 349, .box_w = 19, .box_h = 22, .ofs_x = 1, .ofs_y = 0},
    {.bitmap_index = 5456, .adv_w = 359, .box_w = 18, .box_h = 22, .ofs_x = 2, .ofs_y = 0},
    {.bitmap_index = 5654, .adv_w = 170, .box_w = 9, .box_h = 22, .ofs_x = 1, .ofs_y = 0},
    {.bitmap_index = 5753, .adv_w = 139, .box_w = 9, .box_h = 28, .ofs_x = -3, .ofs_y = -6},
    {.bitmap_index = 5879, .adv_w = 303, .box_w = 17, .box_h = 22, .ofs_x = 2, .ofs_y = 0},
    {.bitmap_index = 6066, .adv_w = 256, .box_w = 14, .box_h = 22, .ofs_x = 2, .ofs_y = 0},
    {.bitmap_index = 6220, .adv_w = 441, .box_w = 23, .box_h = 22, .ofs_x = 2, .ofs_y = 0},
    {.bitmap_index = 6473, .adv_w = 372, .box_w = 19, .box_h = 22, .ofs_x = 2, .ofs_y = 0},
    {.bitmap_index = 6682, .adv_w = 376, .box_w = 21, .box_h = 22, .ofs_x = 1, .ofs_y = 0},
    {.bitmap_index = 6913, .adv_w = 293, .box_w = 15, .box_h = 22, .ofs_x = 2, .ofs_y = 0},
    {.bitmap_index = 7078, .adv_w = 376, .box_w = 21, .box_h = 27, .ofs_x = 1, .ofs_y = -5},
    {.bitmap_index = 7362, .adv_w = 303, .box_w = 17, .box_h = 22, .ofs_x = 2, .ofs_y = 0},
    {.bitmap_index = 7549, .adv_w = 264, .box_w = 15, .box_h = 22, .ofs_x = 1, .ofs_y = 0},
    {.bitmap_index = 7714, .adv_w = 270, .box_w = 17, .box_h = 22, .ofs_x = 0, .ofs_y = 0},
    {.bitmap_index = 7901, .adv_w = 354, .box_w = 18, .box_h = 22, .ofs_x = 2, .ofs_y = 0},
    {.bitmap_index = 8099, .adv_w = 295, .box_w = 19, .box_h = 22, .ofs_x = 0, .ofs_y = 0},
    {.bitmap_index = 8308, .adv_w = 452, .box_w = 28, .box_h = 22, .ofs_x = 0, .ofs_y = 0},
    {.bitmap_index = 8616, .adv_w = 293, .box_w = 19, .box_h = 22, .ofs_x = 0, .ofs_y = 0},
    {.bitmap_index = 8825, .adv_w = 280, .box_w = 18, .box_h = 22, .ofs_x = 0, .ofs_y = 0},
    {.bitmap_index = 9023, .adv_w = 276, .box_w = 16, .box_h = 22, .ofs_x = 1, .ofs_y = 0},
    {.bitmap_index = 9199, .adv_w = 158, .box_w = 8, .box_h = 27, .ofs_x = 2, .ofs_y = -5},
    {.bitmap_index = 9307, .adv_w = 185, .box_w = 12, .box_h = 22, .ofs_x = 0, .ofs_y = 0},
    {.bitmap_index = 9439, .adv_w = 158, .box_w = 8, .box_h = 27, .ofs_x = 0, .ofs_y = -5},
    {.bitmap_index = 9547, .adv_w = 275, .box_w = 16, .box_h = 14, .ofs_x = 1, .ofs_y = 8},
    {.bitmap_index = 9659, .adv_w = 208, .box_w = 15, .box_h = 3, .ofs_x = -1, .ofs_y = -5},
    {.bitmap_index = 9682, .adv_w = 147, .box_w = 7, .box_h = 5, .ofs_x = 1, .ofs_y = 19},
    {.bitmap_index = 9700, .adv_w = 275, .box_w = 14, .box_h = 17, .ofs_x = 1, .ofs_y = 0},
    {.bitmap_index = 9819, .adv_w = 298, .box_w = 16, .box_h = 23, .ofs_x = 2, .ofs_y = 0},
    {.bitmap_index = 10003, .adv_w = 236, .box_w = 13, .box_h = 17, .ofs_x = 1, .ofs_y = 0},
    {.bitmap_index = 10114, .adv_w = 298, .box_w = 16, .box_h = 23, .ofs_x = 1, .ofs_y = 0},
    {.bitmap_index = 10298, .adv_w = 276, .box_w = 15, .box_h = 17, .ofs_x = 1, .ofs_y = 0},
    {.bitmap_index = 10426, .adv_w = 171, .box_w = 12, .box_h = 23, .ofs_x = 0, .ofs_y = 0},
    {.bitmap_index = 10564, .adv_w = 298, .box_w = 16, .box_h = 24, .ofs_x = 1, .ofs_y = -7},
    {.bitmap_index = 10756, .adv_w = 301, .box_w = 15, .box_h = 23, .ofs_x = 2, .ofs_y = 0},
    {.bitmap_index = 10929, .adv_w = 130, .box_w = 4, .box_h = 23, .ofs_x = 2, .ofs_y = 0},
    {.bitmap_index = 10975, .adv_w = 130, .box_w = 8, .box_h = 30, .ofs_x = -2, .ofs_y = -7},
    {.bitmap_index = 11095, .adv_w = 268, .box_w = 15, .box_h = 23, .ofs_x = 2, .ofs_y = 0},
    {.bitmap_index = 11268, .adv_w = 130, .box_w = 4, .box_h = 23, .ofs_x = 2, .ofs_y = 0},
    {.bitmap_index = 11314, .adv_w = 455, .box_w = 25, .box_h = 17, .ofs_x = 2, .ofs_y = 0},
    {.bitmap_index = 11527, .adv_w = 301, .box_w = 15, .box_h = 17, .ofs_x = 2, .ofs_y = 0},
    {.bitmap_index = 11655, .adv_w = 293, .box_w = 16, .box_h = 17, .ofs_x = 1, .ofs_y = 0},
    {.bitmap_index = 11791, .adv_w = 298, .box_w = 16, .box_h = 24, .ofs_x = 2, .ofs_y = -7},
    {.bitmap_index = 11983, .adv_w = 298, .box_w = 16, .box_h = 24, .ofs_x = 1, .ofs_y = -7},
    {.bitmap_index = 12175, .adv_w = 203, .box_w = 11, .box_h = 17, .ofs_x = 2, .ofs_y = 0},
    {.bitmap_index = 12269, .adv_w = 233, .box_w = 13, .box_h = 17, .ofs_x = 1, .ofs_y = 0},
    {.bitmap_index = 12380, .adv_w = 184, .box_w = 11, .box_h = 21, .ofs_x = 0, .ofs_y = 0},
    {.bitmap_index = 12496, .adv_w = 301, .box_w = 15, .box_h = 17, .ofs_x = 2, .ofs_y = 0},
    {.bitmap_index = 12624, .adv_w = 253, .box_w = 16, .box_h = 17, .ofs_x = 0, .ofs_y = 0},
    {.bitmap_index = 12760, .adv_w = 387, .box_w = 24, .box_h = 17, .ofs_x = 0, .ofs_y = 0},
    {.bitmap_index = 12964, .adv_w = 261, .box_w = 16, .box_h = 17, .ofs_x = 0, .ofs_y = 0},
    {.bitmap_index = 13100, .adv_w = 253, .box_w = 16, .box_h = 24, .ofs_x = 0, .ofs_y = -7},
    {.bitmap_index = 13292, .adv_w = 229, .box_w = 13, .box_h = 17, .ofs_x = 1, .ofs_y = 0},
    {.bitmap_index = 13403, .adv_w = 184, .box_w = 11, .box_h = 27, .ofs_x = 0, .ofs_y = -5},
    {.bitmap_index = 13552, .adv_w = 264, .box_w = 3, .box_h = 30, .ofs_x = 7, .ofs_y = -7},
    {.bitmap_index = 13597, .adv_w = 184, .box_w = 10, .box_h = 27, .ofs_x = 1, .ofs_y = -5},
    {.bitmap_index = 13732, .adv_w = 275, .box_w = 15, .box_h = 5, .ofs_x = 1, .ofs_y = 9},
    {.bitmap_index = 13770, .adv_w = 0, .box_w = 13, .box_h = 8, .ofs_x = -11, .ofs_y = 20},
    {.bitmap_index = 13822, .adv_w = 0, .box_w = 4, .box_h = 5, .ofs_x = -6, .ofs_y = 21},
    {.bitmap_index = 13832, .adv_w = 379, .box_w = 25, .box_h = 19, .ofs_x = 0, .ofs_y = 0},
    {.bitmap_index = 14070, .adv_w = 508, .box_w = 33, .box_h = 19, .ofs_x = 0, .ofs_y = 0},
    {.bitmap_index = 14384, .adv_w = 240, .box_w = 16, .box_h = 25, .ofs_x = 0, .ofs_y = -6},
    {.bitmap_index = 14584, .adv_w = 240, .box_w = 16, .box_h = 33, .ofs_x = 0, .ofs_y = -6},
    {.bitmap_index = 14848, .adv_w = 268, .box_w = 18, .box_h = 19, .ofs_x = 0, .ofs_y = 0},
    {.bitmap_index = 15019, .adv_w = 273, .box_w = 18, .box_h = 23, .ofs_x = 0, .ofs_y = -4},
    {.bitmap_index = 15226, .adv_w = 273, .box_w = 18, .box_h = 31, .ofs_x = 0, .ofs_y = -4},
    {.bitmap_index = 15505, .adv_w = 508, .box_w = 33, .box_h = 27, .ofs_x = 0, .ofs_y = 0},
    {.bitmap_index = 15951, .adv_w = 377, .box_w = 25, .box_h = 19, .ofs_x = 0, .ofs_y = 0},
    {.bitmap_index = 16189, .adv_w = 401, .box_w = 26, .box_h = 19, .ofs_x = 0, .ofs_y = 0},
    {.bitmap_index = 16436, .adv_w = 278, .box_w = 18, .box_h = 19, .ofs_x = 0, .ofs_y = 0},
    {.bitmap_index = 16607, .adv_w = 292, .box_w = 19, .box_h = 19, .ofs_x = 0, .ofs_y = 0},
    {.bitmap_index = 16788, .adv_w = 313, .box_w = 20, .box_h = 19, .ofs_x = 0, .ofs_y = 0},
    {.bitmap_index = 16978, .adv_w = 345, .box_w = 22, .box_h = 19, .ofs_x = 0, .ofs_y = 0},
    {.bitmap_index = 17187, .adv_w = 362, .box_w = 24, .box_h = 19, .ofs_x = 0, .ofs_y = 0},
    {.bitmap_index = 17415, .adv_w = 247, .box_w = 16, .box_h = 19, .ofs_x = 0, .ofs_y = 0},
    {.bitmap_index = 17567, .adv_w = 283, .box_w = 19, .box_h = 19, .ofs_x = 0, .ofs_y = 0},
    {.bitmap_index = 17748, .adv_w = 262, .box_w = 18, .box_h = 19, .ofs_x = -1, .ofs_y = 0},
    {.bitmap_index = 17919, .adv_w = 276, .box_w = 18, .box_h = 19, .ofs_x = 0, .ofs_y = 0},
    {.bitmap_index = 18090, .adv_w = 359, .box_w = 23, .box_h = 19, .ofs_x = 0, .ofs_y = 0},
    {.bitmap_index = 18309, .adv_w = 281, .box_w = 18, .box_h = 20, .ofs_x = 0, .ofs_y = -1},
    {.bitmap_index = 18489, .adv_w = 317, .box_w = 20, .box_h = 19, .ofs_x = 1, .ofs_y = 0},
    {.bitmap_index = 18679, .adv_w = 259, .box_w = 17, .box_h = 22, .ofs_x = 0, .ofs_y = -3},
    {.bitmap_index = 18866, .adv_w = 306, .box_w = 19, .box_h = 19, .ofs_x = 1, .ofs_y = 0},
    {.bitmap_index = 19047, .adv_w = 275, .box_w = 18, .box_h = 19, .ofs_x = 0, .ofs_y = 0},
    {.bitmap_index = 19218, .adv_w = 279, .box_w = 18, .box_h = 19, .ofs_x = 0, .ofs_y = 0},
    {.bitmap_index = 19389, .adv_w = 379, .box_w = 25, .box_h = 19, .ofs_x = 0, .ofs_y = 0},
    {.bitmap_index = 19627, .adv_w = 281, .box_w = 18, .box_h = 19, .ofs_x = 0, .ofs_y = 0},
    {.bitmap_index = 19798, .adv_w = 348, .box_w = 22, .box_h = 19, .ofs_x = 1, .ofs_y = 0},
    {.bitmap_index = 20007, .adv_w = 295, .box_w = 19, .box_h = 19, .ofs_x = 0, .ofs_y = 0},
    {.bitmap_index = 20188, .adv_w = 286, .box_w = 19, .box_h = 19, .ofs_x = 0, .ofs_y = 0},
    {.bitmap_index = 20369, .adv_w = 201, .box_w = 14, .box_h = 20, .ofs_x = 0, .ofs_y = -1},
    {.bitmap_index = 20509, .adv_w = 334, .box_w = 22, .box_h = 20, .ofs_x = 0, .ofs_y = -1},
    {.bitmap_index = 20729, .adv_w = 274, .box_w = 18, .box_h = 19, .ofs_x = 0, .ofs_y = 0},
    {.bitmap_index = 20900, .adv_w = 337, .box_w = 22, .box_h = 20, .ofs_x = 0, .ofs_y = -1},
    {.bitmap_index = 21120, .adv_w = 285, .box_w = 19, .box_h = 19, .ofs_x = 0, .ofs_y = 0},
    {.bitmap_index = 21301, .adv_w = 333, .box_w = 22, .box_h = 20, .ofs_x = 0, .ofs_y = -1},
    {.bitmap_index = 21521, .adv_w = 260, .box_w = 17, .box_h = 24, .ofs_x = 0, .ofs_y = -5},
    {.bitmap_index = 21725, .adv_w = 0, .box_w = 5, .box_h = 4, .ofs_x = -11, .ofs_y = -6},
    {.bitmap_index = 21735, .adv_w = 129, .box_w = 9, .box_h = 19, .ofs_x = 0, .ofs_y = 0},
    {.bitmap_index = 21821, .adv_w = 129, .box_w = 23, .box_h = 27, .ofs_x = 0, .ofs_y = 0},
    {.bitmap_index = 22132, .adv_w = 129, .box_w = 16, .box_h = 27, .ofs_x = -7, .ofs_y = 0},
    {.bitmap_index = 22348, .adv_w = 0, .box_w = 15, .box_h = 9, .ofs_x = -14, .ofs_y = -8},
    {.bitmap_index = 22416, .adv_w = 0, .box_w = 15, .box_h = 10, .ofs_x = -11, .ofs_y = -9},
    {.bitmap_index = 22491, .adv_w = 0, .box_w = 10, .box_h = 10, .ofs_x = -9, .ofs_y = -8},
    {.bitmap_index = 22541, .adv_w = 0, .box_w = 11, .box_h = 9, .ofs_x = -13, .ofs_y = 19},
    {.bitmap_index = 22591, .adv_w = 0, .box_w = 12, .box_h = 9, .ofs_x = -14, .ofs_y = 19},
    {.bitmap_index = 22645, .adv_w = 129, .box_w = 13, .box_h = 27, .ofs_x = -4, .ofs_y = 0},
    {.bitmap_index = 22821, .adv_w = 129, .box_w = 14, .box_h = 27, .ofs_x = -5, .ofs_y = 0},
    {.bitmap_index = 23010, .adv_w = 129, .box_w = 15, .box_h = 27, .ofs_x = -6, .ofs_y = 0},
    {.bitmap_index = 23213, .adv_w = 0, .box_w = 10, .box_h = 7, .ofs_x = -6, .ofs_y = -8},
    {.bitmap_index = 23248, .adv_w = 185, .box_w = 4, .box_h = 19, .ofs_x = 5, .ofs_y = 0}
};

/*---------------------
 *  CHARACTER MAPPING
 *--------------------*/

static const uint8_t glyph_id_ofs_list_1[] = {
    0, 1, 0, 0, 2, 3, 4, 5,
    6, 0, 0, 0, 0, 0, 7, 8,
    0, 0, 0, 9, 10, 11, 12, 13,
    0, 14, 15, 16, 0, 0, 17, 18,
    19, 20, 21, 22, 23, 24, 25, 26,
    0, 27, 28, 29, 30, 31, 32, 33,
    0, 34, 0, 0, 35, 36, 37, 38,
    39, 0, 0, 40, 0, 41, 42, 43,
    44, 45, 46, 0, 0, 0, 47, 48,
    49, 0, 50, 51, 52
};

/*Collect the unicode lists and glyph_id offsets*/
static const lv_font_fmt_txt_cmap_t cmaps[] =
{
    {
        .range_start = 32, .range_length = 95, .glyph_id_start = 1,
        .unicode_list = NULL, .glyph_id_ofs_list = NULL, .list_length = 0, .type = LV_FONT_FMT_TXT_CMAP_FORMAT0_TINY
    },
    {
        .range_start = 2305, .range_length = 77, .glyph_id_start = 96,
        .unicode_list = NULL, .glyph_id_ofs_list = glyph_id_ofs_list_1, .list_length = 77, .type = LV_FONT_FMT_TXT_CMAP_FORMAT0_FULL
    },
    {
        .range_start = 2404, .range_length = 1, .glyph_id_start = 149,
        .unicode_list = NULL, .glyph_id_ofs_list = NULL, .list_length = 0, .type = LV_FONT_FMT_TXT_CMAP_FORMAT0_TINY
    }
};



/*--------------------
 *  ALL CUSTOM DATA
 *--------------------*/

#if LVGL_VERSION_MAJOR == 8
/*Store all the custom data of the font*/
static  lv_font_fmt_txt_glyph_cache_t cache;
#endif

#if LVGL_VERSION_MAJOR >= 8
static const lv_font_fmt_txt_dsc_t font_dsc = {
#else
static lv_font_fmt_txt_dsc_t font_dsc = {
#endif
    .glyph_bitmap = glyph_bitmap,
    .glyph_dsc = glyph_dsc,
    .cmaps = cmaps,
    .kern_dsc = NULL,
    .kern_scale = 0,
    .cmap_num = 3,
    .bpp = 4,
    .kern_classes = 0,
    .bitmap_format = 0,
#if LVGL_VERSION_MAJOR == 8
    .cache = &cache
#endif

};

extern const lv_font_t NS_Medium_th_30_data;


/*-----------------
 *  PUBLIC FONT
 *----------------*/

/*Initialize a public general font descriptor*/
#if LVGL_VERSION_MAJOR >= 8
const lv_font_t NS_Medium_hi_30_data = {
#else
lv_font_t NS_Medium_hi_30_data = {
#endif
    .get_glyph_dsc = lv_font_get_glyph_dsc_fmt_txt,    /*Function pointer to get glyph's data*/
    .get_glyph_bitmap = lv_font_get_bitmap_fmt_txt,    /*Function pointer to get glyph's bitmap*/
    .line_height = 37,          /*The maximum line height required by the font*/
    .base_line = 9,             /*Baseline measured from the bottom of the line*/
#if LV_VERSION_CHECK(9, 6, 0) || LVGL_VERSION_MAJOR >= 10
    .cap_height = 21,           /*Cap height of the font*/
    .x_height = 16,               /*x-height of the font*/
#endif
#if !(LVGL_VERSION_MAJOR == 6 && LVGL_VERSION_MINOR == 0)
    .subpx = LV_FONT_SUBPX_NONE,
#endif
#if LV_VERSION_CHECK(7, 4, 0) || LVGL_VERSION_MAJOR >= 8
    .underline_position = -3,
    .underline_thickness = 2,
#endif

#if LV_VERSION_CHECK(9, 3, 0)
    .static_bitmap = 1,    /*Bitmaps are stored as const so they are always static if not compressed */
#endif

    .dsc = &font_dsc,          /*The custom font data. Will be accessed by `get_glyph_bitmap/dsc` */
#if LV_VERSION_CHECK(8, 2, 0) || LVGL_VERSION_MAJOR >= 9
    .fallback = &NS_Medium_th_30_data,
#endif
    .user_data = NULL,
};



#endif /*#if NS_MEDIUM_HI_30_DATA*/
