/*******************************************************************************
 * Size: 14 px
 * Bpp: 4
 * Opts: --font /fonts/raw/languages/NotoSansJP-Medium.ttf -o /fonts/NS_Medium_jp_14_data.c --size 14 --bpp 4 --format lvgl --no-compress --symbols 、々あいえおかがくげこごさしすせただちっつづてでとどにのはべほまみむめもやよらりるれろをんァアィイウェォカキクグケゲコサシジスズセタダチッテデトドナニネバビフブプヘマムメモャュョラリルレロンー予作充先円切別刻動去回土圧報場寝工巻常強後態持探時晴曇曜最木楽気水済火画着確竜終絡続線荷設話認語転輝込連進金開間陽雨電面順風 --range 0x20-0x7F
 ******************************************************************************/

#ifdef __has_include
    #if __has_include("lvgl.h")
        #ifndef LV_LVGL_H_INCLUDE_SIMPLE
            #define LV_LVGL_H_INCLUDE_SIMPLE
        #endif
    #endif
#endif

#ifdef LV_LVGL_H_INCLUDE_SIMPLE
    #include "lvgl.h"
#else
    #include "lvgl/lvgl.h"
#endif



#ifndef NS_MEDIUM_JP_14_DATA
#define NS_MEDIUM_JP_14_DATA 1
#endif

#if NS_MEDIUM_JP_14_DATA

/*-----------------
 *    BITMAPS
 *----------------*/

/*Store the image of the glyphs*/
static LV_ATTRIBUTE_LARGE_CONST const uint8_t glyph_bitmap[] = {
    /* U+0020 " " */

    /* U+0021 "!" */
    0x6f, 0x35, 0xf2, 0x5f, 0x24, 0xf1, 0x4f, 0x03,
    0xf0, 0x2f, 0x01, 0xa0, 0x9f, 0x66, 0xf4,

    /* U+0022 "\"" */
    0xbe, 0x0a, 0xfb, 0xe0, 0xaf, 0xac, 0x08, 0xd8,
    0xa0, 0x6b, 0x34, 0x02, 0x50,

    /* U+0023 "#" */
    0x00, 0x69, 0x07, 0x80, 0x00, 0x96, 0x0a, 0x50,
    0x2f, 0xff, 0xff, 0xf8, 0x01, 0xe3, 0x1f, 0x20,
    0x00, 0xf0, 0x0f, 0x00, 0x00, 0xf0, 0x1e, 0x00,
    0x6f, 0xff, 0xff, 0xf3, 0x16, 0xc2, 0x6b, 0x20,
    0x06, 0x90, 0x78, 0x00, 0x08, 0x70, 0x96, 0x00,

    /* U+0024 "$" */
    0x00, 0x08, 0x90, 0x00, 0x00, 0x08, 0x90, 0x00,
    0x00, 0xaf, 0xfb, 0x20, 0x09, 0xf7, 0x6c, 0x80,
    0x0d, 0xb0, 0x00, 0x00, 0x0a, 0xf3, 0x00, 0x00,
    0x01, 0xbf, 0xa2, 0x00, 0x00, 0x04, 0xdf, 0x50,
    0x00, 0x00, 0x0c, 0xe0, 0x01, 0x00, 0x09, 0xf0,
    0x1f, 0xb6, 0x7f, 0xb0, 0x04, 0xbf, 0xfa, 0x10,
    0x00, 0x08, 0x90, 0x00, 0x00, 0x04, 0x40, 0x00,

    /* U+0025 "%" */
    0x08, 0xfe, 0x60, 0x00, 0x69, 0x00, 0x03, 0xf1,
    0x3f, 0x10, 0x0d, 0x10, 0x00, 0x7b, 0x00, 0xe4,
    0x08, 0x70, 0x00, 0x07, 0xb0, 0x0e, 0x42, 0xd3,
    0xdf, 0x80, 0x3f, 0x24, 0xf1, 0xa5, 0xd7, 0x1e,
    0x40, 0x7e, 0xe5, 0x3c, 0x1f, 0x10, 0x98, 0x00,
    0x00, 0x0c, 0x32, 0xf0, 0x08, 0xa0, 0x00, 0x05,
    0xa0, 0x1f, 0x10, 0x98, 0x00, 0x00, 0xd2, 0x00,
    0xc7, 0x1e, 0x40, 0x00, 0x78, 0x00, 0x03, 0xdf,
    0x80,

    /* U+0026 "&" */
    0x00, 0x4d, 0xfb, 0x00, 0x00, 0x01, 0xf8, 0x2e,
    0x60, 0x00, 0x02, 0xf2, 0x0e, 0x60, 0x00, 0x00,
    0xf8, 0xbc, 0x00, 0x00, 0x00, 0xbf, 0x90, 0x00,
    0x73, 0x0b, 0xed, 0xb0, 0x05, 0xf2, 0x6f, 0x32,
    0xeb, 0x1d, 0xa0, 0x8f, 0x10, 0x2e, 0xff, 0x10,
    0x3f, 0xc5, 0x6d, 0xff, 0xa3, 0x05, 0xdf, 0xea,
    0x25, 0xc6,

    /* U+0027 "'" */
    0xbe, 0xbe, 0xac, 0x8a, 0x34,

    /* U+0028 "(" */
    0x00, 0x81, 0x05, 0xe0, 0x0c, 0x80, 0x2f, 0x20,
    0x6e, 0x00, 0x9b, 0x00, 0xb9, 0x00, 0xb9, 0x00,
    0xb9, 0x00, 0x9b, 0x00, 0x7e, 0x00, 0x2f, 0x20,
    0x0d, 0x70, 0x06, 0xd0, 0x00, 0xa1,

    /* U+0029 ")" */
    0x18, 0x00, 0x0e, 0x50, 0x08, 0xc0, 0x02, 0xf2,
    0x00, 0xe6, 0x00, 0xb9, 0x00, 0xab, 0x00, 0x9b,
    0x00, 0xab, 0x00, 0xb9, 0x00, 0xe6, 0x02, 0xf2,
    0x07, 0xc0, 0x0e, 0x50, 0x1a, 0x00,

    /* U+002A "*" */
    0x00, 0x2e, 0x00, 0x08, 0x7f, 0x56, 0x08, 0xff,
    0xe6, 0x00, 0xee, 0xb0, 0x04, 0xa0, 0xc1, 0x00,
    0x00, 0x00,

    /* U+002B "+" */
    0x00, 0x03, 0x30, 0x00, 0x00, 0x0a, 0x90, 0x00,
    0x00, 0x0a, 0x90, 0x00, 0x00, 0x0a, 0x90, 0x00,
    0x7f, 0xff, 0xff, 0xf7, 0x13, 0x3b, 0xa3, 0x31,
    0x00, 0x0a, 0x90, 0x00, 0x00, 0x0a, 0x90, 0x00,

    /* U+002C "," */
    0x00, 0x00, 0x0c, 0xf2, 0x0b, 0xf6, 0x00, 0xd4,
    0x08, 0xd0, 0x1a, 0x10,

    /* U+002D "-" */
    0x00, 0x00, 0x05, 0xff, 0xf5, 0x13, 0x33, 0x10,

    /* U+002E "." */
    0x23, 0x0e, 0xf1, 0xbd, 0x00,

    /* U+002F "/" */
    0x00, 0x01, 0xf0, 0x00, 0x05, 0xc0, 0x00, 0x0a,
    0x70, 0x00, 0x0e, 0x30, 0x00, 0x3e, 0x00, 0x00,
    0x7a, 0x00, 0x00, 0xb5, 0x00, 0x00, 0xf1, 0x00,
    0x04, 0xd0, 0x00, 0x09, 0x80, 0x00, 0x0d, 0x40,
    0x00, 0x2f, 0x00, 0x00, 0x6b, 0x00, 0x00, 0xb6,
    0x00, 0x00,

    /* U+0030 "0" */
    0x00, 0x9f, 0xf9, 0x00, 0x09, 0xf6, 0x6f, 0x90,
    0x0f, 0x80, 0x08, 0xf0, 0x3f, 0x50, 0x05, 0xf3,
    0x5f, 0x30, 0x03, 0xf5, 0x5f, 0x30, 0x03, 0xf4,
    0x3f, 0x50, 0x05, 0xf3, 0x0f, 0x90, 0x09, 0xf0,
    0x08, 0xf7, 0x7f, 0x80, 0x00, 0x9f, 0xf9, 0x00,

    /* U+0031 "1" */
    0x16, 0xcf, 0x10, 0x04, 0xce, 0xf1, 0x00, 0x00,
    0x8f, 0x10, 0x00, 0x08, 0xf1, 0x00, 0x00, 0x8f,
    0x10, 0x00, 0x08, 0xf1, 0x00, 0x00, 0x8f, 0x10,
    0x00, 0x08, 0xf1, 0x00, 0x45, 0xbf, 0x65, 0x0d,
    0xff, 0xff, 0xf1,

    /* U+0032 "2" */
    0x05, 0xdf, 0xe8, 0x00, 0x3f, 0x95, 0xaf, 0x70,
    0x02, 0x00, 0x0e, 0xc0, 0x00, 0x00, 0x0d, 0xb0,
    0x00, 0x00, 0x2f, 0x70, 0x00, 0x00, 0xcd, 0x00,
    0x00, 0x09, 0xf3, 0x00, 0x00, 0xaf, 0x40, 0x00,
    0x0b, 0xf9, 0x66, 0x61, 0x6f, 0xff, 0xff, 0xf4,

    /* U+0033 "3" */
    0x05, 0xcf, 0xea, 0x10, 0x1d, 0x95, 0x8f, 0xa0,
    0x00, 0x00, 0x0d, 0xd0, 0x00, 0x01, 0x6f, 0x70,
    0x00, 0x7f, 0xf9, 0x00, 0x00, 0x14, 0x8f, 0x90,
    0x00, 0x00, 0x08, 0xf1, 0x02, 0x00, 0x08, 0xf2,
    0x6f, 0x96, 0x8f, 0xc0, 0x06, 0xdf, 0xe9, 0x10,

    /* U+0034 "4" */
    0x00, 0x01, 0xef, 0x40, 0x00, 0x0a, 0xef, 0x40,
    0x00, 0x4f, 0x7f, 0x40, 0x01, 0xe9, 0x4f, 0x40,
    0x0a, 0xe0, 0x4f, 0x40, 0x4f, 0x40, 0x4f, 0x40,
    0xbf, 0xff, 0xff, 0xf9, 0x23, 0x33, 0x6f, 0x72,
    0x00, 0x00, 0x4f, 0x40, 0x00, 0x00, 0x4f, 0x40,

    /* U+0035 "5" */
    0x08, 0xff, 0xff, 0xb0, 0x09, 0xe6, 0x66, 0x40,
    0x0a, 0xc0, 0x00, 0x00, 0x0b, 0xee, 0xfb, 0x10,
    0x06, 0x73, 0x6f, 0xc0, 0x00, 0x00, 0x08, 0xf2,
    0x00, 0x00, 0x06, 0xf3, 0x03, 0x00, 0x0a, 0xf1,
    0x6f, 0x96, 0x9f, 0x90, 0x06, 0xdf, 0xe8, 0x00,

    /* U+0036 "6" */
    0x00, 0x4c, 0xfe, 0x70, 0x04, 0xfb, 0x57, 0x90,
    0x0d, 0xc0, 0x00, 0x00, 0x1f, 0x9c, 0xfd, 0x40,
    0x3f, 0xe6, 0x3c, 0xf1, 0x4f, 0x50, 0x04, 0xf4,
    0x2f, 0x50, 0x02, 0xf6, 0x0e, 0xa0, 0x05, 0xf3,
    0x06, 0xf8, 0x5d, 0xc0, 0x00, 0x7e, 0xfb, 0x10,

    /* U+0037 "7" */
    0x4f, 0xff, 0xff, 0xf5, 0x16, 0x66, 0x6c, 0xd1,
    0x00, 0x00, 0x3f, 0x30, 0x00, 0x00, 0xca, 0x00,
    0x00, 0x03, 0xf3, 0x00, 0x00, 0x09, 0xe0, 0x00,
    0x00, 0x0d, 0xb0, 0x00, 0x00, 0x0f, 0x80, 0x00,
    0x00, 0x2f, 0x70, 0x00, 0x00, 0x4f, 0x60, 0x00,

    /* U+0038 "8" */
    0x01, 0xaf, 0xfb, 0x10, 0x0a, 0xe4, 0x4e, 0xb0,
    0x0d, 0x90, 0x07, 0xe0, 0x0a, 0xc0, 0x08, 0xb0,
    0x00, 0xcc, 0x5c, 0x10, 0x07, 0xd5, 0xbf, 0x70,
    0x2f, 0x30, 0x08, 0xf2, 0x5f, 0x20, 0x03, 0xf5,
    0x1f, 0xc4, 0x4c, 0xf1, 0x03, 0xbf, 0xfb, 0x30,

    /* U+0039 "9" */
    0x02, 0xcf, 0xe7, 0x00, 0x0e, 0xc5, 0x7f, 0x60,
    0x5f, 0x30, 0x0a, 0xe0, 0x6f, 0x20, 0x05, 0xf2,
    0x2f, 0x90, 0x2d, 0xf3, 0x07, 0xff, 0xe9, 0xf3,
    0x00, 0x12, 0x07, 0xf1, 0x00, 0x00, 0x0d, 0xc0,
    0x0c, 0x86, 0xbf, 0x40, 0x06, 0xef, 0xc4, 0x00,

    /* U+003A ":" */
    0xbd, 0x0e, 0xf1, 0x12, 0x00, 0x00, 0x00, 0x02,
    0x30, 0xef, 0x1b, 0xd0,

    /* U+003B ";" */
    0x0b, 0xd0, 0x0e, 0xf1, 0x01, 0x20, 0x00, 0x00,
    0x00, 0x00, 0x00, 0x00, 0x0c, 0xf2, 0x0b, 0xf6,
    0x00, 0xd4, 0x08, 0xd0, 0x1a, 0x10,

    /* U+003C "<" */
    0x00, 0x00, 0x00, 0x44, 0x00, 0x01, 0x7d, 0xf5,
    0x04, 0xbf, 0xc7, 0x10, 0x7f, 0xb2, 0x00, 0x00,
    0x3b, 0xfc, 0x61, 0x00, 0x00, 0x17, 0xef, 0xa3,
    0x00, 0x00, 0x04, 0xa7, 0x00, 0x00, 0x00, 0x00,

    /* U+003D "=" */
    0x7f, 0xff, 0xff, 0xf7, 0x13, 0x33, 0x33, 0x31,
    0x00, 0x00, 0x00, 0x00, 0x00, 0x00, 0x00, 0x00,
    0x7f, 0xff, 0xff, 0xf7, 0x13, 0x33, 0x33, 0x31,

    /* U+003E ">" */
    0x44, 0x00, 0x00, 0x00, 0x6f, 0xd7, 0x10, 0x00,
    0x01, 0x7d, 0xfb, 0x40, 0x00, 0x00, 0x2b, 0xf7,
    0x00, 0x16, 0xcf, 0xb2, 0x3a, 0xfe, 0x71, 0x00,
    0x7a, 0x40, 0x00, 0x00, 0x00, 0x00, 0x00, 0x00,

    /* U+003F "?" */
    0x06, 0xdf, 0xd4, 0x02, 0xe8, 0x6d, 0xf0, 0x00,
    0x00, 0x7f, 0x10, 0x00, 0x0d, 0xb0, 0x00, 0x0b,
    0xd1, 0x00, 0x06, 0xf2, 0x00, 0x00, 0x59, 0x00,
    0x00, 0x01, 0x30, 0x00, 0x00, 0xcf, 0x30, 0x00,
    0x09, 0xe2, 0x00,

    /* U+0040 "@" */
    0x00, 0x00, 0x4a, 0xef, 0xea, 0x20, 0x00, 0x00,
    0x9e, 0x72, 0x12, 0x8f, 0x40, 0x00, 0xac, 0x10,
    0x00, 0x00, 0x4f, 0x10, 0x4e, 0x10, 0x5d, 0xdb,
    0x60, 0xa7, 0x0c, 0x70, 0x3f, 0x55, 0xf4, 0x06,
    0xb0, 0xf2, 0x0a, 0x90, 0x1f, 0x20, 0x4d, 0x2f,
    0x00, 0xf4, 0x03, 0xf0, 0x05, 0xc3, 0xe0, 0x0f,
    0x30, 0x6d, 0x00, 0x98, 0x1f, 0x00, 0xe7, 0x1c,
    0xe0, 0x4e, 0x20, 0xd6, 0x06, 0xfe, 0x5c, 0xfe,
    0x40, 0x06, 0xe1, 0x01, 0x00, 0x01, 0x00, 0x00,
    0x0a, 0xe6, 0x00, 0x04, 0x10, 0x00, 0x00, 0x06,
    0xdf, 0xff, 0xc3, 0x00, 0x00, 0x00, 0x00, 0x01,
    0x00, 0x00, 0x00,

    /* U+0041 "A" */
    0x00, 0x0c, 0xf7, 0x00, 0x00, 0x01, 0xfc, 0xc0,
    0x00, 0x00, 0x6e, 0x4f, 0x20, 0x00, 0x0c, 0xa0,
    0xf7, 0x00, 0x01, 0xf5, 0x0b, 0xd0, 0x00, 0x7f,
    0x10, 0x6f, 0x20, 0x0c, 0xff, 0xff, 0xf8, 0x02,
    0xf8, 0x33, 0x3d, 0xd0, 0x7f, 0x20, 0x00, 0x7f,
    0x3d, 0xd0, 0x00, 0x02, 0xf8,

    /* U+0042 "B" */
    0xaf, 0xff, 0xeb, 0x30, 0xaf, 0x44, 0x6e, 0xf0,
    0xaf, 0x00, 0x07, 0xf2, 0xaf, 0x00, 0x2c, 0xd0,
    0xaf, 0xff, 0xff, 0x40, 0xaf, 0x33, 0x4a, 0xf4,
    0xaf, 0x00, 0x00, 0xeb, 0xaf, 0x00, 0x00, 0xfb,
    0xaf, 0x44, 0x6c, 0xf5, 0xaf, 0xff, 0xfc, 0x50,

    /* U+0043 "C" */
    0x00, 0x19, 0xef, 0xd6, 0x00, 0x1e, 0xf9, 0x7a,
    0xf2, 0x0a, 0xf4, 0x00, 0x01, 0x00, 0xfb, 0x00,
    0x00, 0x00, 0x3f, 0x70, 0x00, 0x00, 0x03, 0xf8,
    0x00, 0x00, 0x00, 0x0f, 0xb0, 0x00, 0x00, 0x00,
    0xbf, 0x30, 0x00, 0x30, 0x02, 0xef, 0x97, 0xaf,
    0x50, 0x01, 0x9e, 0xfd, 0x60,

    /* U+0044 "D" */
    0xaf, 0xff, 0xd8, 0x00, 0xaf, 0x56, 0xaf, 0xd0,
    0xaf, 0x00, 0x05, 0xf8, 0xaf, 0x00, 0x00, 0xdd,
    0xaf, 0x00, 0x00, 0xbf, 0xaf, 0x00, 0x00, 0xbf,
    0xaf, 0x00, 0x00, 0xed, 0xaf, 0x00, 0x06, 0xf8,
    0xaf, 0x56, 0xaf, 0xd0, 0xaf, 0xff, 0xd8, 0x00,

    /* U+0045 "E" */
    0xaf, 0xff, 0xff, 0x7a, 0xf6, 0x66, 0x62, 0xaf,
    0x00, 0x00, 0x0a, 0xf1, 0x11, 0x10, 0xaf, 0xff,
    0xfc, 0x0a, 0xf4, 0x44, 0x30, 0xaf, 0x00, 0x00,
    0x0a, 0xf0, 0x00, 0x00, 0xaf, 0x66, 0x66, 0x3a,
    0xff, 0xff, 0xf9,

    /* U+0046 "F" */
    0xaf, 0xff, 0xff, 0x7a, 0xf6, 0x66, 0x63, 0xaf,
    0x00, 0x00, 0x0a, 0xf1, 0x11, 0x10, 0xaf, 0xff,
    0xfc, 0x0a, 0xf4, 0x44, 0x30, 0xaf, 0x00, 0x00,
    0x0a, 0xf0, 0x00, 0x00, 0xaf, 0x00, 0x00, 0x0a,
    0xf0, 0x00, 0x00,

    /* U+0047 "G" */
    0x00, 0x19, 0xef, 0xe8, 0x00, 0x1d, 0xfa, 0x78,
    0xd5, 0x0a, 0xf4, 0x00, 0x00, 0x00, 0xfb, 0x00,
    0x01, 0x11, 0x3f, 0x80, 0x0b, 0xff, 0xd3, 0xf8,
    0x00, 0x24, 0xbd, 0x0f, 0xb0, 0x00, 0x0a, 0xd0,
    0xaf, 0x40, 0x00, 0xad, 0x01, 0xef, 0xa7, 0x9f,
    0xc0, 0x01, 0x9e, 0xfe, 0x91,

    /* U+0048 "H" */
    0xaf, 0x00, 0x00, 0x9f, 0x0a, 0xf0, 0x00, 0x09,
    0xf0, 0xaf, 0x00, 0x00, 0x9f, 0x0a, 0xf2, 0x22,
    0x2a, 0xf0, 0xaf, 0xff, 0xff, 0xff, 0x0a, 0xf5,
    0x55, 0x5b, 0xf0, 0xaf, 0x00, 0x00, 0x9f, 0x0a,
    0xf0, 0x00, 0x09, 0xf0, 0xaf, 0x00, 0x00, 0x9f,
    0x0a, 0xf0, 0x00, 0x09, 0xf0,

    /* U+0049 "I" */
    0xaf, 0xaf, 0xaf, 0xaf, 0xaf, 0xaf, 0xaf, 0xaf,
    0xaf, 0xaf,

    /* U+004A "J" */
    0x00, 0x00, 0x3f, 0x60, 0x00, 0x03, 0xf6, 0x00,
    0x00, 0x3f, 0x60, 0x00, 0x03, 0xf6, 0x00, 0x00,
    0x3f, 0x60, 0x00, 0x03, 0xf6, 0x00, 0x00, 0x3f,
    0x60, 0x40, 0x05, 0xf5, 0x5f, 0xa7, 0xef, 0x10,
    0x7e, 0xfd, 0x40,

    /* U+004B "K" */
    0xaf, 0x00, 0x07, 0xf5, 0x0a, 0xf0, 0x04, 0xf8,
    0x00, 0xaf, 0x02, 0xfa, 0x00, 0x0a, 0xf1, 0xdd,
    0x00, 0x00, 0xaf, 0xcf, 0xe0, 0x00, 0x0a, 0xff,
    0x7f, 0x80, 0x00, 0xaf, 0x60, 0x9f, 0x20, 0x0a,
    0xf0, 0x01, 0xec, 0x00, 0xaf, 0x00, 0x06, 0xf5,
    0x0a, 0xf0, 0x00, 0x0d, 0xe1,

    /* U+004C "L" */
    0xaf, 0x00, 0x00, 0x0a, 0xf0, 0x00, 0x00, 0xaf,
    0x00, 0x00, 0x0a, 0xf0, 0x00, 0x00, 0xaf, 0x00,
    0x00, 0x0a, 0xf0, 0x00, 0x00, 0xaf, 0x00, 0x00,
    0x0a, 0xf0, 0x00, 0x00, 0xaf, 0x66, 0x66, 0x2a,
    0xff, 0xff, 0xf5,

    /* U+004D "M" */
    0xaf, 0x60, 0x00, 0x0c, 0xf4, 0xaf, 0xc0, 0x00,
    0x2f, 0xf4, 0xad, 0xf2, 0x00, 0x8c, 0xf4, 0xac,
    0xc8, 0x00, 0xe8, 0xf4, 0xad, 0x6e, 0x04, 0xf4,
    0xf4, 0xad, 0x1f, 0x49, 0xa3, 0xf4, 0xad, 0x0a,
    0x9e, 0x43, 0xf4, 0xad, 0x04, 0xfd, 0x03, 0xf4,
    0xad, 0x00, 0xe8, 0x03, 0xf4, 0xad, 0x00, 0x00,
    0x03, 0xf4,

    /* U+004E "N" */
    0xaf, 0x50, 0x00, 0xae, 0xaf, 0xd0, 0x00, 0xae,
    0xac, 0xe7, 0x00, 0xae, 0xad, 0x7f, 0x10, 0xae,
    0xad, 0x0e, 0xa0, 0xae, 0xae, 0x05, 0xf3, 0x9e,
    0xae, 0x00, 0xcc, 0x8e, 0xae, 0x00, 0x3f, 0xbe,
    0xae, 0x00, 0x09, 0xfe, 0xae, 0x00, 0x01, 0xfe,

    /* U+004F "O" */
    0x00, 0x2a, 0xef, 0xd7, 0x00, 0x02, 0xef, 0x87,
    0xbf, 0xa0, 0x0b, 0xf3, 0x00, 0x09, 0xf4, 0x1f,
    0xa0, 0x00, 0x01, 0xf9, 0x3f, 0x70, 0x00, 0x00,
    0xeb, 0x3f, 0x80, 0x00, 0x00, 0xeb, 0x0f, 0xb0,
    0x00, 0x02, 0xf9, 0x0b, 0xf3, 0x00, 0x0a, 0xf3,
    0x02, 0xef, 0x97, 0xcf, 0x90, 0x00, 0x2a, 0xef,
    0xd6, 0x00,

    /* U+0050 "P" */
    0xaf, 0xff, 0xeb, 0x30, 0xaf, 0x55, 0x7e, 0xf1,
    0xaf, 0x00, 0x04, 0xf5, 0xaf, 0x00, 0x04, 0xf6,
    0xaf, 0x11, 0x3c, 0xf2, 0xaf, 0xff, 0xfe, 0x40,
    0xaf, 0x44, 0x20, 0x00, 0xaf, 0x00, 0x00, 0x00,
    0xaf, 0x00, 0x00, 0x00, 0xaf, 0x00, 0x00, 0x00,

    /* U+0051 "Q" */
    0x00, 0x2a, 0xef, 0xd7, 0x00, 0x00, 0x2e, 0xf8,
    0x7b, 0xfa, 0x00, 0x0b, 0xf3, 0x00, 0x09, 0xf4,
    0x01, 0xfa, 0x00, 0x00, 0x1f, 0x90, 0x3f, 0x70,
    0x00, 0x00, 0xeb, 0x03, 0xf7, 0x00, 0x00, 0x0e,
    0xb0, 0x0f, 0xa0, 0x00, 0x01, 0xf9, 0x00, 0xbf,
    0x20, 0x00, 0x9f, 0x30, 0x02, 0xee, 0x86, 0xaf,
    0x90, 0x00, 0x02, 0xaf, 0xfd, 0x60, 0x00, 0x00,
    0x00, 0x2f, 0xc4, 0x11, 0x00, 0x00, 0x00, 0x3d,
    0xff, 0xf0, 0x00, 0x00, 0x00, 0x02, 0x42, 0x00,

    /* U+0052 "R" */
    0xaf, 0xff, 0xfb, 0x30, 0xaf, 0x55, 0x7d, 0xf2,
    0xaf, 0x00, 0x04, 0xf6, 0xaf, 0x00, 0x03, 0xf6,
    0xaf, 0x11, 0x3c, 0xf2, 0xaf, 0xff, 0xfe, 0x50,
    0xaf, 0x45, 0xfa, 0x00, 0xaf, 0x00, 0x8f, 0x40,
    0xaf, 0x00, 0x0e, 0xd0, 0xaf, 0x00, 0x05, 0xf8,

    /* U+0053 "S" */
    0x00, 0x8e, 0xfd, 0x70, 0x09, 0xfa, 0x79, 0xf5,
    0x0e, 0xd0, 0x00, 0x10, 0x0b, 0xf5, 0x00, 0x00,
    0x01, 0xcf, 0xd7, 0x10, 0x00, 0x03, 0xaf, 0xf4,
    0x00, 0x00, 0x02, 0xed, 0x05, 0x00, 0x00, 0xde,
    0x2f, 0xe9, 0x7b, 0xf8, 0x02, 0xae, 0xfd, 0x70,

    /* U+0054 "T" */
    0x9f, 0xff, 0xff, 0xff, 0x23, 0x66, 0xbf, 0x76,
    0x60, 0x00, 0x09, 0xf1, 0x00, 0x00, 0x00, 0x9f,
    0x10, 0x00, 0x00, 0x09, 0xf1, 0x00, 0x00, 0x00,
    0x9f, 0x10, 0x00, 0x00, 0x09, 0xf1, 0x00, 0x00,
    0x00, 0x9f, 0x10, 0x00, 0x00, 0x09, 0xf1, 0x00,
    0x00, 0x00, 0x9f, 0x10, 0x00,

    /* U+0055 "U" */
    0xbe, 0x00, 0x00, 0x9f, 0xbe, 0x00, 0x00, 0x9f,
    0xbe, 0x00, 0x00, 0x9f, 0xbe, 0x00, 0x00, 0x9f,
    0xbe, 0x00, 0x00, 0x9f, 0xbe, 0x00, 0x00, 0x9f,
    0xaf, 0x00, 0x00, 0xae, 0x7f, 0x40, 0x01, 0xeb,
    0x1e, 0xf8, 0x7d, 0xf4, 0x02, 0xbf, 0xfc, 0x50,

    /* U+0056 "V" */
    0x0d, 0xd0, 0x00, 0x07, 0xf3, 0x08, 0xf2, 0x00,
    0x0b, 0xd0, 0x03, 0xf6, 0x00, 0x0f, 0x80, 0x00,
    0xeb, 0x00, 0x5f, 0x30, 0x00, 0x9f, 0x00, 0x9e,
    0x00, 0x00, 0x4f, 0x40, 0xe9, 0x00, 0x00, 0x0e,
    0x93, 0xf4, 0x00, 0x00, 0x09, 0xe7, 0xe0, 0x00,
    0x00, 0x04, 0xfe, 0x90, 0x00, 0x00, 0x00, 0xff,
    0x40, 0x00,

    /* U+0057 "W" */
    0x9f, 0x10, 0x08, 0xf2, 0x00, 0x7f, 0x15, 0xf4,
    0x00, 0xcf, 0x60, 0x0a, 0xe0, 0x2f, 0x70, 0x0f,
    0xca, 0x00, 0xda, 0x00, 0xfa, 0x04, 0xf7, 0xe0,
    0x0f, 0x70, 0x0b, 0xd0, 0x9b, 0x3f, 0x33, 0xf4,
    0x00, 0x8f, 0x0c, 0x70, 0xf6, 0x6f, 0x10, 0x05,
    0xf3, 0xf3, 0x0b, 0xa9, 0xd0, 0x00, 0x1f, 0x9f,
    0x00, 0x7d, 0xba, 0x00, 0x00, 0xef, 0xb0, 0x03,
    0xff, 0x70, 0x00, 0x0b, 0xf8, 0x00, 0x0f, 0xf4,
    0x00,

    /* U+0058 "X" */
    0x4f, 0x70, 0x01, 0xfa, 0x00, 0xbf, 0x10, 0x8f,
    0x20, 0x02, 0xf8, 0x1f, 0x80, 0x00, 0x09, 0xfa,
    0xe0, 0x00, 0x00, 0x1f, 0xf6, 0x00, 0x00, 0x03,
    0xff, 0x80, 0x00, 0x00, 0xcc, 0x9f, 0x20, 0x00,
    0x5f, 0x41, 0xfb, 0x00, 0x0e, 0xb0, 0x07, 0xf4,
    0x07, 0xf3, 0x00, 0x0e, 0xd0,

    /* U+0059 "Y" */
    0x0c, 0xe0, 0x00, 0x2f, 0x80, 0x4f, 0x50, 0x09,
    0xf1, 0x00, 0xcc, 0x01, 0xf8, 0x00, 0x05, 0xf3,
    0x7f, 0x10, 0x00, 0x0c, 0xbe, 0x80, 0x00, 0x00,
    0x5f, 0xf1, 0x00, 0x00, 0x00, 0xfa, 0x00, 0x00,
    0x00, 0x0f, 0xa0, 0x00, 0x00, 0x00, 0xfa, 0x00,
    0x00, 0x00, 0x0f, 0xa0, 0x00,

    /* U+005A "Z" */
    0x0d, 0xff, 0xff, 0xfd, 0x05, 0x66, 0x6a, 0xf7,
    0x00, 0x00, 0x0e, 0xc0, 0x00, 0x00, 0x9f, 0x20,
    0x00, 0x04, 0xf7, 0x00, 0x00, 0x1e, 0xc0, 0x00,
    0x00, 0xaf, 0x20, 0x00, 0x05, 0xf6, 0x00, 0x00,
    0x1e, 0xe6, 0x66, 0x65, 0x5f, 0xff, 0xff, 0xfe,

    /* U+005B "[" */
    0x8f, 0xe6, 0x8a, 0x00, 0x8a, 0x00, 0x8a, 0x00,
    0x8a, 0x00, 0x8a, 0x00, 0x8a, 0x00, 0x8a, 0x00,
    0x8a, 0x00, 0x8a, 0x00, 0x8a, 0x00, 0x8a, 0x00,
    0x8a, 0x00, 0x8f, 0xe6,

    /* U+005C "\\" */
    0x98, 0x00, 0x00, 0x4d, 0x00, 0x00, 0x0f, 0x10,
    0x00, 0x0b, 0x60, 0x00, 0x07, 0xa0, 0x00, 0x02,
    0xe0, 0x00, 0x00, 0xe3, 0x00, 0x00, 0xa7, 0x00,
    0x00, 0x5c, 0x00, 0x00, 0x1f, 0x00, 0x00, 0x0c,
    0x50, 0x00, 0x08, 0x90, 0x00, 0x03, 0xd0, 0x00,
    0x00, 0xf2,

    /* U+005D "]" */
    0x6e, 0xf8, 0x00, 0xb8, 0x00, 0xb8, 0x00, 0xb8,
    0x00, 0xb8, 0x00, 0xb8, 0x00, 0xb8, 0x00, 0xb8,
    0x00, 0xb8, 0x00, 0xb8, 0x00, 0xb8, 0x00, 0xb8,
    0x00, 0xb8, 0x6e, 0xf8,

    /* U+005E "^" */
    0x00, 0x0e, 0xd0, 0x00, 0x00, 0x4e, 0xe4, 0x00,
    0x00, 0xb9, 0x9a, 0x00, 0x01, 0xf3, 0x3f, 0x10,
    0x08, 0xd0, 0x0d, 0x70, 0x0e, 0x70, 0x07, 0xd0,

    /* U+005F "_" */
    0xbe, 0xee, 0xee, 0xea, 0x11, 0x11, 0x11, 0x11,

    /* U+0060 "`" */
    0x04, 0x20, 0x00, 0xed, 0x10, 0x02, 0xeb, 0x00,
    0x01, 0x90,

    /* U+0061 "a" */
    0x03, 0xaf, 0xfb, 0x10, 0xab, 0x67, 0xfa, 0x00,
    0x00, 0x0b, 0xe0, 0x06, 0xbe, 0xff, 0x0c, 0xe5,
    0x1a, 0xf3, 0xf6, 0x00, 0xaf, 0x1f, 0xc5, 0x9f,
    0xf0, 0x6e, 0xf9, 0x7f,

    /* U+0062 "b" */
    0xcd, 0x00, 0x00, 0x00, 0xcd, 0x00, 0x00, 0x00,
    0xcd, 0x00, 0x00, 0x00, 0xcc, 0x8e, 0xfa, 0x00,
    0xcf, 0xc6, 0x9f, 0x90, 0xcd, 0x00, 0x0c, 0xf0,
    0xcd, 0x00, 0x09, 0xf1, 0xcd, 0x00, 0x09, 0xf1,
    0xcd, 0x00, 0x0d, 0xe0, 0xcf, 0xa6, 0xbf, 0x60,
    0xc9, 0x9f, 0xe7, 0x00,

    /* U+0063 "c" */
    0x00, 0x7d, 0xfd, 0x40, 0x8f, 0xa5, 0xa4, 0x1f,
    0xb0, 0x00, 0x04, 0xf6, 0x00, 0x00, 0x4f, 0x60,
    0x00, 0x01, 0xfb, 0x00, 0x00, 0x09, 0xfa, 0x6a,
    0x80, 0x08, 0xef, 0xc4,

    /* U+0064 "d" */
    0x00, 0x00, 0x00, 0xf9, 0x00, 0x00, 0x00, 0xf9,
    0x00, 0x00, 0x00, 0xf9, 0x00, 0x9e, 0xe8, 0xf9,
    0x09, 0xf9, 0x6b, 0xf9, 0x1f, 0xb0, 0x00, 0xf9,
    0x4f, 0x60, 0x00, 0xf9, 0x4f, 0x60, 0x00, 0xf9,
    0x1f, 0xa0, 0x00, 0xf9, 0x0b, 0xf9, 0x6c, 0xf9,
    0x01, 0xaf, 0xe6, 0xc9,

    /* U+0065 "e" */
    0x00, 0x7e, 0xfc, 0x20, 0x09, 0xf7, 0x5c, 0xd0,
    0x1f, 0x60, 0x02, 0xf4, 0x4f, 0xff, 0xff, 0xf5,
    0x4f, 0x72, 0x22, 0x20, 0x1f, 0xa0, 0x00, 0x00,
    0x09, 0xf9, 0x57, 0x90, 0x00, 0x7e, 0xfd, 0x70,

    /* U+0066 "f" */
    0x00, 0x9f, 0xf2, 0x05, 0xf9, 0x50, 0x08, 0xf1,
    0x00, 0x8f, 0xff, 0xa0, 0x2a, 0xf6, 0x30, 0x08,
    0xf1, 0x00, 0x08, 0xf1, 0x00, 0x08, 0xf1, 0x00,
    0x08, 0xf1, 0x00, 0x08, 0xf1, 0x00, 0x08, 0xf1,
    0x00,

    /* U+0067 "g" */
    0x02, 0xbf, 0xff, 0xfc, 0x0d, 0xd3, 0x4f, 0xb4,
    0x0f, 0x70, 0x0a, 0xc0, 0x0d, 0xc0, 0x1e, 0xa0,
    0x04, 0xff, 0xfb, 0x10, 0x0c, 0x71, 0x10, 0x00,
    0x0d, 0xc5, 0x54, 0x20, 0x07, 0xff, 0xff, 0xf8,
    0x2f, 0x30, 0x00, 0xcd, 0x4f, 0x71, 0x16, 0xf8,
    0x07, 0xdf, 0xfc, 0x60,

    /* U+0068 "h" */
    0xcd, 0x00, 0x00, 0x0c, 0xd0, 0x00, 0x00, 0xcd,
    0x00, 0x00, 0x0c, 0xc6, 0xef, 0xa0, 0xcf, 0xd7,
    0xbf, 0x5c, 0xe0, 0x01, 0xf9, 0xcd, 0x00, 0x0f,
    0x9c, 0xd0, 0x00, 0xf9, 0xcd, 0x00, 0x0f, 0x9c,
    0xd0, 0x00, 0xf9, 0xcd, 0x00, 0x0f, 0x90,

    /* U+0069 "i" */
    0xcd, 0x0c, 0xc0, 0x00, 0x0c, 0xd0, 0xcd, 0x0c,
    0xd0, 0xcd, 0x0c, 0xd0, 0xcd, 0x0c, 0xd0, 0xcd,
    0x00,

    /* U+006A "j" */
    0x00, 0xcd, 0x00, 0x0c, 0xc0, 0x00, 0x00, 0x00,
    0x0c, 0xd0, 0x00, 0xcd, 0x00, 0x0c, 0xd0, 0x00,
    0xcd, 0x00, 0x0c, 0xd0, 0x00, 0xcd, 0x00, 0x0c,
    0xd0, 0x00, 0xcd, 0x00, 0x0c, 0xd0, 0x25, 0xfa,
    0x08, 0xfd, 0x20,

    /* U+006B "k" */
    0xcc, 0x00, 0x00, 0x0c, 0xc0, 0x00, 0x00, 0xcc,
    0x00, 0x00, 0x0c, 0xc0, 0x08, 0xf3, 0xcc, 0x05,
    0xf6, 0x0c, 0xc2, 0xfa, 0x00, 0xcd, 0xdf, 0x30,
    0x0c, 0xfe, 0xdc, 0x00, 0xcf, 0x34, 0xf6, 0x0c,
    0xc0, 0x0b, 0xe1, 0xcc, 0x00, 0x2f, 0x90,

    /* U+006C "l" */
    0xcd, 0x0c, 0xd0, 0xcd, 0x0c, 0xd0, 0xcd, 0x0c,
    0xd0, 0xcd, 0x0c, 0xd0, 0xcd, 0x0b, 0xe3, 0x5f,
    0x90,

    /* U+006D "m" */
    0xc9, 0x7e, 0xf9, 0x1a, 0xfd, 0x30, 0xcf, 0xa4,
    0xbf, 0xe7, 0x4e, 0xd0, 0xcd, 0x00, 0x3f, 0x70,
    0x09, 0xf0, 0xcd, 0x00, 0x2f, 0x70, 0x08, 0xf1,
    0xcd, 0x00, 0x2f, 0x70, 0x08, 0xf1, 0xcd, 0x00,
    0x2f, 0x70, 0x08, 0xf1, 0xcd, 0x00, 0x2f, 0x70,
    0x08, 0xf1, 0xcd, 0x00, 0x2f, 0x70, 0x08, 0xf1,

    /* U+006E "n" */
    0xc9, 0x7e, 0xfa, 0x0c, 0xfb, 0x49, 0xf5, 0xcd,
    0x00, 0x0f, 0x9c, 0xd0, 0x00, 0xf9, 0xcd, 0x00,
    0x0f, 0x9c, 0xd0, 0x00, 0xf9, 0xcd, 0x00, 0x0f,
    0x9c, 0xd0, 0x00, 0xf9,

    /* U+006F "o" */
    0x00, 0x8e, 0xfc, 0x30, 0x09, 0xf8, 0x6c, 0xf3,
    0x1f, 0xa0, 0x01, 0xfa, 0x4f, 0x60, 0x00, 0xce,
    0x4f, 0x60, 0x00, 0xce, 0x1f, 0xa0, 0x01, 0xfa,
    0x09, 0xf9, 0x6c, 0xf3, 0x00, 0x7e, 0xfc, 0x30,

    /* U+0070 "p" */
    0xca, 0x9e, 0xfa, 0x00, 0xcf, 0x93, 0x6f, 0x90,
    0xcd, 0x00, 0x0b, 0xf0, 0xcd, 0x00, 0x09, 0xf1,
    0xcd, 0x00, 0x09, 0xf1, 0xcd, 0x00, 0x0e, 0xe0,
    0xcf, 0xa6, 0xbf, 0x60, 0xcd, 0x9f, 0xe7, 0x00,
    0xcd, 0x00, 0x00, 0x00, 0xcd, 0x00, 0x00, 0x00,
    0xcd, 0x00, 0x00, 0x00,

    /* U+0071 "q" */
    0x00, 0x9e, 0xf8, 0xc9, 0x09, 0xf9, 0x6b, 0xf9,
    0x1f, 0xb0, 0x00, 0xf9, 0x4f, 0x60, 0x00, 0xf9,
    0x4f, 0x60, 0x00, 0xf9, 0x1f, 0xa0, 0x00, 0xf9,
    0x0b, 0xf9, 0x6c, 0xf9, 0x01, 0xaf, 0xe6, 0xf9,
    0x00, 0x00, 0x00, 0xf9, 0x00, 0x00, 0x00, 0xf9,
    0x00, 0x00, 0x00, 0xf9,

    /* U+0072 "r" */
    0x00, 0x00, 0x0c, 0x97, 0xfa, 0xce, 0xd5, 0x2c,
    0xf1, 0x00, 0xcd, 0x00, 0x0c, 0xd0, 0x00, 0xcd,
    0x00, 0x0c, 0xd0, 0x00, 0xcd, 0x00, 0x00,

    /* U+0073 "s" */
    0x04, 0xdf, 0xe7, 0x00, 0xfb, 0x47, 0x90, 0x1f,
    0x80, 0x00, 0x00, 0x9f, 0xd6, 0x00, 0x00, 0x39,
    0xfc, 0x00, 0x00, 0x06, 0xf3, 0x4d, 0x64, 0xbf,
    0x11, 0x9e, 0xfd, 0x40,

    /* U+0074 "t" */
    0x05, 0xf1, 0x00, 0x06, 0xf1, 0x00, 0x9f, 0xff,
    0xf1, 0x3a, 0xf6, 0x50, 0x08, 0xf1, 0x00, 0x08,
    0xf1, 0x00, 0x08, 0xf1, 0x00, 0x08, 0xf1, 0x00,
    0x05, 0xf9, 0x60, 0x00, 0xaf, 0xe2,

    /* U+0075 "u" */
    0xeb, 0x00, 0x2f, 0x7e, 0xb0, 0x02, 0xf7, 0xeb,
    0x00, 0x2f, 0x7e, 0xb0, 0x02, 0xf7, 0xeb, 0x00,
    0x2f, 0x7d, 0xd0, 0x04, 0xf7, 0xaf, 0x98, 0xef,
    0x72, 0xcf, 0xc2, 0xe7,

    /* U+0076 "v" */
    0xaf, 0x00, 0x04, 0xf4, 0x4f, 0x40, 0x09, 0xe0,
    0x0e, 0x90, 0x0e, 0x90, 0x0a, 0xe0, 0x3f, 0x40,
    0x04, 0xf3, 0x8e, 0x00, 0x00, 0xe7, 0xc9, 0x00,
    0x00, 0x9d, 0xf4, 0x00, 0x00, 0x4f, 0xe0, 0x00,

    /* U+0077 "w" */
    0x8f, 0x10, 0x0f, 0xb0, 0x06, 0xf1, 0x3f, 0x50,
    0x4f, 0xf0, 0x0a, 0xd0, 0x0f, 0x90, 0x8a, 0xf3,
    0x0e, 0x90, 0x0b, 0xd0, 0xc6, 0xd7, 0x1f, 0x50,
    0x07, 0xf1, 0xf2, 0x9b, 0x5f, 0x10, 0x03, 0xf8,
    0xe0, 0x5f, 0x8d, 0x00, 0x00, 0xee, 0xb0, 0x1f,
    0xe9, 0x00, 0x00, 0xaf, 0x70, 0x0d, 0xf5, 0x00,

    /* U+0078 "x" */
    0x5f, 0x60, 0x0e, 0xa0, 0x0b, 0xe1, 0x7f, 0x20,
    0x02, 0xf8, 0xe8, 0x00, 0x00, 0x8f, 0xe0, 0x00,
    0x00, 0xbf, 0xe1, 0x00, 0x04, 0xf4, 0xf9, 0x00,
    0x0d, 0xb0, 0x8f, 0x30, 0x7f, 0x20, 0x0d, 0xd0,

    /* U+0079 "y" */
    0x9f, 0x00, 0x04, 0xf4, 0x3f, 0x50, 0x09, 0xe0,
    0x0c, 0xb0, 0x0e, 0x90, 0x06, 0xf1, 0x3f, 0x30,
    0x00, 0xf6, 0x8e, 0x00, 0x00, 0x9c, 0xc8, 0x00,
    0x00, 0x3f, 0xf3, 0x00, 0x00, 0x0d, 0xd0, 0x00,
    0x00, 0x1f, 0x70, 0x00, 0x15, 0xce, 0x10, 0x00,
    0x4f, 0xd3, 0x00, 0x00,

    /* U+007A "z" */
    0x1f, 0xff, 0xff, 0x50, 0x55, 0x5e, 0xe0, 0x00,
    0x07, 0xf4, 0x00, 0x02, 0xfa, 0x00, 0x00, 0xce,
    0x10, 0x00, 0x6f, 0x50, 0x00, 0x2f, 0xd5, 0x55,
    0x27, 0xff, 0xff, 0xf7,

    /* U+007B "{" */
    0x00, 0xbf, 0x60, 0x3f, 0x20, 0x04, 0xf0, 0x00,
    0x3f, 0x10, 0x02, 0xf1, 0x00, 0x6f, 0x00, 0x7f,
    0x80, 0x00, 0x7f, 0x00, 0x02, 0xf1, 0x00, 0x2f,
    0x10, 0x03, 0xf1, 0x00, 0x4f, 0x00, 0x03, 0xf3,
    0x00, 0x0a, 0xe6,

    /* U+007C "|" */
    0x98, 0x98, 0x98, 0x98, 0x98, 0x98, 0x98, 0x98,
    0x98, 0x98, 0x98, 0x98, 0x98, 0x98, 0x98, 0x98,

    /* U+007D "}" */
    0x6f, 0xb0, 0x00, 0x2f, 0x30, 0x01, 0xf3, 0x00,
    0x1f, 0x20, 0x02, 0xf1, 0x00, 0x1f, 0x60, 0x00,
    0x8f, 0x70, 0x0f, 0x60, 0x02, 0xf1, 0x00, 0x2f,
    0x20, 0x01, 0xf3, 0x00, 0x1f, 0x30, 0x03, 0xf2,
    0x06, 0xea, 0x00,

    /* U+007E "~" */
    0x0a, 0xfd, 0x50, 0x72, 0x28, 0x05, 0xef, 0xc1,
    0x00, 0x00, 0x02, 0x00,

    /* U+3001 "、" */
    0x01, 0x00, 0x01, 0xea, 0x00, 0x08, 0xfa, 0x00,
    0x08, 0xf9, 0x00, 0x08, 0x30,

    /* U+3005 "々" */
    0x00, 0x00, 0x00, 0x00, 0x00, 0x00, 0x00, 0x08,
    0xe0, 0x00, 0x00, 0x00, 0x00, 0xda, 0x00, 0x00,
    0x00, 0x00, 0x4f, 0x85, 0x55, 0x61, 0x00, 0x0c,
    0xff, 0xff, 0xff, 0xc0, 0x05, 0xf4, 0x00, 0x04,
    0xf5, 0x01, 0xeb, 0x00, 0x00, 0xbd, 0x00, 0xbe,
    0x12, 0x00, 0x5f, 0x50, 0x5f, 0x42, 0xfc, 0x5e,
    0xb0, 0x00, 0x10, 0x03, 0xcf, 0xf3, 0x00, 0x00,
    0x00, 0x00, 0x6f, 0xe4, 0x00, 0x00, 0x00, 0x00,
    0x2d, 0x80, 0x00, 0x00, 0x00, 0x00, 0x10, 0x00,

    /* U+3042 "あ" */
    0x00, 0x00, 0x00, 0x00, 0x00, 0x00, 0x00, 0x00,
    0xba, 0x00, 0x00, 0x00, 0x06, 0x54, 0xda, 0x67,
    0x9c, 0x40, 0x0d, 0xee, 0xfe, 0xcb, 0x97, 0x10,
    0x00, 0x00, 0xf3, 0x13, 0xc2, 0x00, 0x00, 0x03,
    0xff, 0xff, 0xfc, 0x30, 0x00, 0x7f, 0xf5, 0x0c,
    0xa9, 0xf3, 0x07, 0xe5, 0xf2, 0x4f, 0x10, 0xca,
    0x2f, 0x40, 0xf5, 0xe7, 0x00, 0x9c, 0x7d, 0x00,
    0xef, 0xb0, 0x00, 0xda, 0x8e, 0x58, 0xfd, 0x00,
    0x09, 0xf4, 0x2e, 0xfd, 0xbc, 0x28, 0xef, 0x60,
    0x00, 0x00, 0x00, 0x0b, 0x71, 0x00,

    /* U+3044 "い" */
    0x4f, 0x40, 0x00, 0x00, 0x35, 0x00, 0x04, 0xf3,
    0x00, 0x00, 0x07, 0xf3, 0x00, 0x3f, 0x30, 0x00,
    0x00, 0x0d, 0xb0, 0x03, 0xf3, 0x00, 0x00, 0x00,
    0x7f, 0x10, 0x2f, 0x40, 0x00, 0x00, 0x01, 0xf6,
    0x00, 0xf6, 0x00, 0x10, 0x00, 0x0d, 0xa0, 0x0e,
    0x90, 0x09, 0x60, 0x00, 0xae, 0x00, 0xae, 0x01,
    0xf8, 0x00, 0x07, 0xb0, 0x03, 0xfc, 0xdf, 0x10,
    0x00, 0x00, 0x00, 0x07, 0xff, 0x50, 0x00, 0x00,
    0x00, 0x00, 0x01, 0x00, 0x00, 0x00, 0x00, 0x00,

    /* U+3048 "え" */
    0x00, 0x02, 0x10, 0x00, 0x00, 0x00, 0x00, 0x0c,
    0xfe, 0xca, 0x80, 0x00, 0x00, 0x02, 0x57, 0x9c,
    0xb0, 0x00, 0x00, 0x00, 0x00, 0x00, 0x00, 0x00,
    0x01, 0x33, 0x45, 0x68, 0x90, 0x00, 0x07, 0xff,
    0xfe, 0xef, 0xd1, 0x00, 0x01, 0x21, 0x01, 0xdc,
    0x10, 0x00, 0x00, 0x00, 0x2d, 0xb0, 0x00, 0x00,
    0x00, 0x02, 0xef, 0xc2, 0x00, 0x00, 0x00, 0x2e,
    0xd6, 0xea, 0x00, 0x00, 0x03, 0xec, 0x10, 0x8f,
    0x10, 0x00, 0x2f, 0xc1, 0x00, 0x2f, 0xfe, 0xeb,
    0x05, 0x10, 0x00, 0x03, 0x78, 0x74,

    /* U+304A "お" */
    0x00, 0x07, 0xf0, 0x00, 0x00, 0x00, 0x00, 0x00,
    0x6e, 0x13, 0x31, 0xa1, 0x00, 0x3e, 0xde, 0xff,
    0xf9, 0x2c, 0xf6, 0x01, 0x67, 0xae, 0x30, 0x00,
    0x07, 0xf2, 0x00, 0x07, 0xd0, 0x00, 0x00, 0x01,
    0x00, 0x00, 0x7e, 0xbd, 0xed, 0x80, 0x00, 0x01,
    0x9f, 0xf8, 0x54, 0x7e, 0xb0, 0x01, 0xdc, 0x9d,
    0x00, 0x00, 0x5f, 0x10, 0xac, 0x06, 0xe0, 0x00,
    0x05, 0xf2, 0x0a, 0xd1, 0x6e, 0x00, 0x04, 0xed,
    0x00, 0x2d, 0xff, 0xc0, 0xbf, 0xfd, 0x20, 0x00,
    0x05, 0x82, 0x03, 0x63, 0x00, 0x00,

    /* U+304B "か" */
    0x00, 0x00, 0x00, 0x00, 0x00, 0x00, 0x00, 0x00,
    0x00, 0x6f, 0x20, 0x00, 0x00, 0x00, 0x00, 0x00,
    0x7f, 0x00, 0x00, 0x42, 0x00, 0x00, 0x00, 0xad,
    0x44, 0x10, 0xdc, 0x00, 0x0f, 0xff, 0xff, 0xff,
    0xe2, 0x4f, 0x40, 0x06, 0x54, 0xf5, 0x01, 0xf7,
    0x0c, 0xc0, 0x00, 0x06, 0xf0, 0x00, 0xd8, 0x05,
    0xf3, 0x00, 0x0b, 0xb0, 0x00, 0xe7, 0x00, 0xe5,
    0x00, 0x1f, 0x60, 0x00, 0xf6, 0x00, 0x00, 0x00,
    0x8f, 0x00, 0x02, 0xf4, 0x00, 0x00, 0x01, 0xe9,
    0x00, 0x08, 0xf0, 0x00, 0x00, 0x09, 0xf2, 0x3f,
    0xef, 0x90, 0x00, 0x00, 0x01, 0x50, 0x06, 0x75,
    0x00, 0x00, 0x00,

    /* U+304C "が" */
    0x00, 0x00, 0x00, 0x00, 0x00, 0x32, 0xb0, 0x00,
    0x00, 0x8f, 0x00, 0x00, 0xa7, 0xa6, 0x00, 0x00,
    0x9d, 0x00, 0x00, 0x4b, 0x11, 0x00, 0x00, 0xcc,
    0x43, 0x01, 0xf8, 0x00, 0x2e, 0xff, 0xff, 0xff,
    0xd0, 0x8f, 0x10, 0x07, 0x57, 0xf3, 0x04, 0xf4,
    0x0e, 0x80, 0x00, 0x08, 0xe0, 0x00, 0xf5, 0x08,
    0xf0, 0x00, 0x0d, 0x90, 0x00, 0xf5, 0x02, 0xf4,
    0x00, 0x3f, 0x40, 0x02, 0xf3, 0x00, 0x10, 0x00,
    0x9e, 0x00, 0x04, 0xf1, 0x00, 0x00, 0x02, 0xf7,
    0x00, 0x0a, 0xe0, 0x00, 0x00, 0x0b, 0xf1, 0x5e,
    0xef, 0x70, 0x00, 0x00, 0x03, 0x40, 0x17, 0x85,
    0x00, 0x00, 0x00,

    /* U+304F "く" */
    0x00, 0x00, 0x00, 0x10, 0x00, 0x00, 0x00, 0x2e,
    0xa0, 0x00, 0x00, 0x3e, 0xe3, 0x00, 0x00, 0x4f,
    0xc1, 0x00, 0x00, 0x7f, 0xa0, 0x00, 0x00, 0x9f,
    0x70, 0x00, 0x00, 0x3f, 0x90, 0x00, 0x00, 0x00,
    0xdf, 0x50, 0x00, 0x00, 0x01, 0xbf, 0x70, 0x00,
    0x00, 0x00, 0x9f, 0xa0, 0x00, 0x00, 0x00, 0x7f,
    0xc1, 0x00, 0x00, 0x00, 0x6f, 0xd1, 0x00, 0x00,
    0x00, 0x79, 0x00, 0x00, 0x00, 0x00, 0x00,

    /* U+3052 "げ" */
    0x00, 0x00, 0x00, 0x00, 0x00, 0x28, 0x02, 0xc3,
    0x00, 0x00, 0x2e, 0x6c, 0x86, 0x5f, 0x20, 0x00,
    0x01, 0xf4, 0xa2, 0x37, 0xf0, 0x00, 0x00, 0x1f,
    0x52, 0x20, 0x8c, 0x00, 0xcf, 0xef, 0xff, 0xfa,
    0x0a, 0xa0, 0x04, 0x66, 0x6f, 0x83, 0x10, 0xb9,
    0x00, 0x00, 0x00, 0xf4, 0x00, 0x0c, 0x86, 0x00,
    0x00, 0x1f, 0x40, 0x00, 0xba, 0xd0, 0x00, 0x03,
    0xf3, 0x00, 0x0a, 0xfa, 0x00, 0x00, 0x7f, 0x00,
    0x00, 0x7f, 0x50, 0x00, 0x1e, 0xa0, 0x00, 0x03,
    0xf2, 0x00, 0x3d, 0xf2, 0x00, 0x00, 0x03, 0x00,
    0x06, 0xd3, 0x00, 0x00, 0x00, 0x00, 0x00, 0x00,
    0x00, 0x00, 0x00,

    /* U+3053 "こ" */
    0x00, 0x00, 0x00, 0x00, 0x10, 0x0d, 0xfe, 0xee,
    0xff, 0xd0, 0x05, 0x77, 0x88, 0x77, 0x50, 0x00,
    0x00, 0x00, 0x00, 0x00, 0x00, 0x00, 0x00, 0x00,
    0x00, 0x00, 0x00, 0x00, 0x00, 0x00, 0x24, 0x00,
    0x00, 0x00, 0x00, 0x9d, 0x00, 0x00, 0x00, 0x00,
    0xad, 0x00, 0x00, 0x00, 0x00, 0x8f, 0x82, 0x00,
    0x12, 0x45, 0x0b, 0xff, 0xff, 0xff, 0xfb, 0x00,
    0x25, 0x77, 0x65, 0x30,

    /* U+3054 "ご" */
    0x00, 0x00, 0x00, 0x00, 0x00, 0x00, 0x00, 0x00,
    0x00, 0x00, 0x42, 0xd0, 0x00, 0x00, 0x00, 0x00,
    0x98, 0x97, 0x1e, 0xdc, 0xcc, 0xde, 0x9a, 0x10,
    0x08, 0x9a, 0xaa, 0x98, 0x40, 0x00, 0x00, 0x00,
    0x00, 0x00, 0x00, 0x00, 0x00, 0x00, 0x00, 0x00,
    0x00, 0x00, 0x00, 0x00, 0x00, 0x00, 0x00, 0x00,
    0x21, 0x00, 0x00, 0x00, 0x00, 0x00, 0xd9, 0x00,
    0x00, 0x00, 0x00, 0x00, 0xf8, 0x00, 0x00, 0x00,
    0x00, 0x00, 0xde, 0x30, 0x00, 0x00, 0x32, 0x00,
    0x4f, 0xff, 0xee, 0xff, 0xf7, 0x00, 0x01, 0x68,
    0x99, 0x87, 0x41, 0x00,

    /* U+3055 "さ" */
    0x00, 0x00, 0x03, 0x10, 0x00, 0x00, 0x00, 0x00,
    0xe8, 0x00, 0x00, 0x00, 0x00, 0x09, 0xd1, 0x58,
    0x0e, 0xed, 0xdd, 0xef, 0xff, 0xd1, 0x57, 0x77,
    0x77, 0xea, 0x10, 0x00, 0x00, 0x00, 0x06, 0xf1,
    0x00, 0x00, 0x00, 0x00, 0x0d, 0xa0, 0x00, 0xb3,
    0x00, 0x9d, 0xef, 0x40, 0x5f, 0x10, 0x02, 0x56,
    0x80, 0x08, 0xe0, 0x00, 0x00, 0x00, 0x00, 0x5f,
    0x70, 0x00, 0x00, 0x10, 0x00, 0x9f, 0xfe, 0xde,
    0xfa, 0x00, 0x00, 0x26, 0x88, 0x76, 0x20, 0x00,

    /* U+3057 "し" */
    0x00, 0x00, 0x00, 0x00, 0x00, 0x00, 0xeb, 0x00,
    0x00, 0x00, 0x00, 0x0d, 0xa0, 0x00, 0x00, 0x00,
    0x00, 0xd9, 0x00, 0x00, 0x00, 0x00, 0x0e, 0x90,
    0x00, 0x00, 0x00, 0x00, 0xe8, 0x00, 0x00, 0x00,
    0x00, 0x0f, 0x80, 0x00, 0x00, 0x00, 0x00, 0xf7,
    0x00, 0x00, 0x00, 0x00, 0x0f, 0x70, 0x00, 0x00,
    0x02, 0x00, 0xf7, 0x00, 0x00, 0x03, 0xf3, 0x0e,
    0xa0, 0x00, 0x05, 0xee, 0x10, 0x9f, 0xb7, 0x8c,
    0xfc, 0x10, 0x00, 0x8e, 0xff, 0xb5, 0x00, 0x00,

    /* U+3059 "す" */
    0x00, 0x00, 0x00, 0x01, 0x00, 0x00, 0x00, 0x00,
    0x00, 0x08, 0xf0, 0x00, 0x00, 0x24, 0x45, 0x55,
    0xaf, 0x66, 0x66, 0x0a, 0xff, 0xfe, 0xef, 0xfd,
    0xde, 0xe1, 0x00, 0x00, 0x01, 0x7e, 0x00, 0x00,
    0x00, 0x00, 0x1c, 0xff, 0xe0, 0x00, 0x00, 0x00,
    0x0b, 0xc2, 0x7f, 0x20, 0x00, 0x00, 0x00, 0xd7,
    0x02, 0xf5, 0x00, 0x00, 0x00, 0x0a, 0xe6, 0xbf,
    0x50, 0x00, 0x00, 0x00, 0x19, 0xde, 0xf1, 0x00,
    0x00, 0x00, 0x00, 0x05, 0xf9, 0x00, 0x00, 0x00,
    0x00, 0x7d, 0xfa, 0x00, 0x00, 0x00, 0x00, 0x05,
    0xb4, 0x00, 0x00, 0x00, 0x00,

    /* U+305B "せ" */
    0x00, 0x03, 0x60, 0x00, 0x0c, 0x60, 0x00, 0x00,
    0x7e, 0x00, 0x00, 0xe7, 0x00, 0x00, 0x07, 0xe0,
    0x00, 0x0e, 0x71, 0x21, 0x34, 0xaf, 0x9a, 0xcd,
    0xff, 0xff, 0x5f, 0xff, 0xfa, 0x97, 0x6f, 0x83,
    0x21, 0x20, 0x7e, 0x00, 0x00, 0xf5, 0x00, 0x00,
    0x07, 0xe0, 0x05, 0x4f, 0x40, 0x00, 0x00, 0x7e,
    0x00, 0xcf, 0xe1, 0x00, 0x00, 0x06, 0xf0, 0x00,
    0x00, 0x00, 0x00, 0x00, 0x5f, 0x51, 0x01, 0x24,
    0x20, 0x00, 0x00, 0xdf, 0xff, 0xff, 0xf7, 0x00,
    0x00, 0x00, 0x35, 0x55, 0x43, 0x00,

    /* U+305F "た" */
    0x00, 0x01, 0x20, 0x00, 0x00, 0x00, 0x00, 0x08,
    0xf0, 0x00, 0x00, 0x00, 0x00, 0x0a, 0xd2, 0x62,
    0x00, 0x00, 0xcd, 0xdf, 0xff, 0xf3, 0x00, 0x00,
    0x57, 0x8f, 0x82, 0x00, 0x00, 0x00, 0x00, 0x4f,
    0x20, 0xae, 0xff, 0xe7, 0x00, 0x8e, 0x00, 0x55,
    0x55, 0x63, 0x00, 0xda, 0x00, 0x00, 0x00, 0x00,
    0x03, 0xf5, 0x04, 0x40, 0x00, 0x00, 0x09, 0xf0,
    0x0b, 0x90, 0x00, 0x00, 0x0e, 0xa0, 0x0b, 0xd1,
    0x00, 0x12, 0x7f, 0x40, 0x04, 0xef, 0xff, 0xfb,
    0x27, 0x00, 0x00, 0x04, 0x55, 0x42,

    /* U+3060 "だ" */
    0x00, 0x00, 0x11, 0x00, 0x00, 0x00, 0x00, 0x00,
    0x00, 0xbd, 0x00, 0x01, 0x66, 0xb0, 0x00, 0x00,
    0xda, 0x25, 0x00, 0xd5, 0xd2, 0x0d, 0xcd, 0xff,
    0xff, 0x00, 0x45, 0x00, 0x08, 0x8a, 0xf6, 0x30,
    0x00, 0x00, 0x00, 0x00, 0x07, 0xf0, 0x0c, 0xde,
    0xed, 0x10, 0x00, 0x0b, 0xb0, 0x07, 0x66, 0x67,
    0x00, 0x00, 0x1f, 0x70, 0x00, 0x00, 0x00, 0x00,
    0x00, 0x6f, 0x20, 0x52, 0x00, 0x00, 0x00, 0x00,
    0xcd, 0x00, 0xe6, 0x00, 0x00, 0x00, 0x02, 0xf7,
    0x00, 0xf9, 0x00, 0x00, 0x00, 0x09, 0xf1, 0x00,
    0x8f, 0xfd, 0xef, 0x50, 0x04, 0x70, 0x00, 0x02,
    0x67, 0x75, 0x10,

    /* U+3061 "ち" */
    0x00, 0x00, 0x00, 0x00, 0x00, 0x00, 0x00, 0x07,
    0xf0, 0x00, 0x00, 0x00, 0x23, 0x19, 0xd2, 0x46,
    0x8a, 0x00, 0x7f, 0xff, 0xff, 0xfe, 0xca, 0x00,
    0x01, 0x2f, 0x61, 0x00, 0x00, 0x00, 0x00, 0x3f,
    0x10, 0x00, 0x00, 0x00, 0x00, 0x7d, 0x5b, 0xef,
    0xd8, 0x00, 0x00, 0xdf, 0xd7, 0x43, 0x7f, 0x90,
    0x04, 0xf9, 0x00, 0x00, 0x08, 0xf0, 0x01, 0x50,
    0x00, 0x00, 0x08, 0xf0, 0x00, 0x00, 0x00, 0x00,
    0x5f, 0xa0, 0x00, 0x08, 0xcb, 0xcf, 0xfb, 0x00,
    0x00, 0x03, 0x9a, 0x97, 0x30, 0x00,

    /* U+3063 "っ" */
    0x00, 0x00, 0x01, 0x31, 0x00, 0x00, 0x16, 0xbe,
    0xff, 0xfb, 0x10, 0x9f, 0xfa, 0x52, 0x15, 0xfa,
    0x04, 0x60, 0x00, 0x00, 0x08, 0xf0, 0x00, 0x00,
    0x00, 0x00, 0x7f, 0x00, 0x00, 0x00, 0x00, 0x1e,
    0xb0, 0x00, 0x00, 0x13, 0x8e, 0xe2, 0x00, 0x00,
    0xdf, 0xfe, 0x81, 0x00, 0x00, 0x03, 0x53, 0x00,
    0x00, 0x00,

    /* U+3064 "つ" */
    0x00, 0x00, 0x00, 0x02, 0x32, 0x00, 0x00, 0x00,
    0x38, 0xcf, 0xff, 0xfd, 0x40, 0x09, 0xdf, 0xe9,
    0x52, 0x13, 0xcf, 0x30, 0xab, 0x40, 0x00, 0x00,
    0x00, 0xea, 0x00, 0x00, 0x00, 0x00, 0x00, 0x0c,
    0xd0, 0x00, 0x00, 0x00, 0x00, 0x00, 0xeb, 0x00,
    0x00, 0x00, 0x00, 0x00, 0x7f, 0x60, 0x00, 0x00,
    0x00, 0x03, 0xaf, 0xb0, 0x00, 0x00, 0x49, 0xbe,
    0xff, 0x70, 0x00, 0x00, 0x02, 0xec, 0x95, 0x00,
    0x00,

    /* U+3065 "づ" */
    0x00, 0x00, 0x00, 0x00, 0x00, 0x03, 0x50, 0x00,
    0x00, 0x00, 0x00, 0x00, 0xd3, 0xe1, 0x00, 0x00,
    0x00, 0x00, 0x00, 0x79, 0x51, 0x00, 0x01, 0x59,
    0xdf, 0xfe, 0x91, 0x00, 0x17, 0xbf, 0xfc, 0x85,
    0x58, 0xfc, 0x00, 0x0f, 0xd7, 0x10, 0x00, 0x00,
    0x5f, 0x50, 0x02, 0x00, 0x00, 0x00, 0x00, 0x0f,
    0x90, 0x00, 0x00, 0x00, 0x00, 0x00, 0x0f, 0x80,
    0x00, 0x00, 0x00, 0x00, 0x00, 0x8f, 0x40, 0x00,
    0x00, 0x00, 0x00, 0x19, 0xfa, 0x00, 0x00, 0x00,
    0x46, 0x8b, 0xff, 0x90, 0x00, 0x00, 0x00, 0x7f,
    0xfc, 0x72, 0x00, 0x00, 0x00, 0x00, 0x01, 0x00,
    0x00, 0x00, 0x00,

    /* U+3066 "て" */
    0x00, 0x00, 0x00, 0x01, 0x23, 0x41, 0x68, 0x9b,
    0xce, 0xff, 0xff, 0xf5, 0xcd, 0xb9, 0x76, 0xed,
    0x62, 0x10, 0x00, 0x00, 0x0b, 0xc0, 0x00, 0x00,
    0x00, 0x00, 0x5f, 0x20, 0x00, 0x00, 0x00, 0x00,
    0xbb, 0x00, 0x00, 0x00, 0x00, 0x00, 0xe8, 0x00,
    0x00, 0x00, 0x00, 0x00, 0xda, 0x00, 0x00, 0x00,
    0x00, 0x00, 0x8f, 0x40, 0x00, 0x00, 0x00, 0x00,
    0x1d, 0xf9, 0x30, 0x00, 0x00, 0x00, 0x01, 0xaf,
    0xff, 0x10, 0x00, 0x00, 0x00, 0x01, 0x56, 0x00,

    /* U+3067 "で" */
    0x00, 0x00, 0x00, 0x00, 0x12, 0x31, 0x06, 0x79,
    0xac, 0xde, 0xff, 0xff, 0x50, 0xef, 0xca, 0x88,
    0xfd, 0x63, 0x20, 0x01, 0x00, 0x00, 0xbc, 0x00,
    0x19, 0x20, 0x00, 0x00, 0x6f, 0x10, 0x4c, 0x5b,
    0x00, 0x00, 0x0c, 0xa0, 0x00, 0xa3, 0x30, 0x00,
    0x00, 0xe8, 0x00, 0x00, 0x00, 0x00, 0x00, 0x0e,
    0x90, 0x00, 0x00, 0x00, 0x00, 0x00, 0xaf, 0x20,
    0x00, 0x00, 0x00, 0x00, 0x01, 0xef, 0x72, 0x00,
    0x00, 0x00, 0x00, 0x02, 0xbf, 0xff, 0x00, 0x00,
    0x00, 0x00, 0x00, 0x26, 0x60, 0x00,

    /* U+3068 "と" */
    0x08, 0x90, 0x00, 0x00, 0x00, 0x08, 0xf1, 0x00,
    0x00, 0x40, 0x01, 0xf8, 0x00, 0x3b, 0xf4, 0x00,
    0x9e, 0x3a, 0xfc, 0x40, 0x00, 0x2f, 0xfd, 0x40,
    0x00, 0x00, 0xbf, 0x60, 0x00, 0x00, 0x0a, 0xe2,
    0x00, 0x00, 0x00, 0x2f, 0x50, 0x00, 0x00, 0x00,
    0x5f, 0x30, 0x00, 0x00, 0x00, 0x2f, 0xc3, 0x00,
    0x01, 0x34, 0x06, 0xff, 0xff, 0xff, 0xfd, 0x00,
    0x15, 0x67, 0x76, 0x42,

    /* U+3069 "ど" */
    0x00, 0x00, 0x00, 0x00, 0x01, 0x70, 0x1b, 0x30,
    0x00, 0x00, 0xb5, 0xd4, 0x0e, 0xa0, 0x00, 0x00,
    0x4d, 0x33, 0x08, 0xf1, 0x00, 0x5d, 0x71, 0x00,
    0x01, 0xf9, 0x3c, 0xfa, 0x20, 0x00, 0x00, 0x8f,
    0xfb, 0x20, 0x00, 0x00, 0x02, 0xed, 0x40, 0x00,
    0x00, 0x00, 0x1e, 0xb0, 0x00, 0x00, 0x00, 0x00,
    0x8f, 0x10, 0x00, 0x00, 0x00, 0x00, 0xbd, 0x00,
    0x00, 0x00, 0x00, 0x00, 0x8f, 0x60, 0x00, 0x00,
    0x22, 0x00, 0x1c, 0xff, 0xee, 0xef, 0xf7, 0x00,
    0x00, 0x37, 0x89, 0x87, 0x51, 0x00,

    /* U+306B "に" */
    0x07, 0x80, 0x00, 0x00, 0x00, 0x00, 0x0c, 0x90,
    0x06, 0x77, 0x77, 0x81, 0x0f, 0x60, 0x08, 0xee,
    0xfe, 0xe2, 0x1f, 0x30, 0x00, 0x00, 0x00, 0x00,
    0x3f, 0x10, 0x00, 0x00, 0x00, 0x00, 0x5f, 0x00,
    0x00, 0x00, 0x00, 0x00, 0x6e, 0x21, 0x00, 0x00,
    0x00, 0x00, 0x6f, 0xb4, 0x3d, 0x00, 0x00, 0x00,
    0x5f, 0xe0, 0x5f, 0x00, 0x00, 0x00, 0x3f, 0xa0,
    0x3f, 0xb6, 0x67, 0x86, 0x1f, 0x60, 0x06, 0xdf,
    0xff, 0xe7, 0x07, 0x20, 0x00, 0x00, 0x00, 0x00,

    /* U+306E "の" */
    0x00, 0x00, 0x03, 0x42, 0x00, 0x00, 0x00, 0x1a,
    0xff, 0xff, 0xe6, 0x00, 0x03, 0xed, 0x5a, 0xe2,
    0x9f, 0x80, 0x0e, 0xb0, 0x0b, 0xb0, 0x06, 0xf3,
    0x7f, 0x10, 0x0f, 0x80, 0x00, 0xe9, 0xca, 0x00,
    0x3f, 0x40, 0x00, 0xac, 0xe7, 0x00, 0x8f, 0x00,
    0x00, 0xac, 0xd9, 0x00, 0xe9, 0x00, 0x00, 0xea,
    0x9f, 0x49, 0xf2, 0x00, 0x08, 0xf4, 0x1e, 0xff,
    0x70, 0x02, 0xaf, 0xa0, 0x02, 0x75, 0x01, 0xdf,
    0xf8, 0x00, 0x00, 0x00, 0x00, 0x55, 0x10, 0x00,

    /* U+306F "は" */
    0x0a, 0x70, 0x00, 0x00, 0xd5, 0x00, 0x00, 0xf6,
    0x00, 0x00, 0x0f, 0x60, 0x00, 0x1f, 0x40, 0x34,
    0x44, 0xfa, 0x86, 0x03, 0xf1, 0x09, 0xff, 0xff,
    0xfd, 0x70, 0x5f, 0x00, 0x00, 0x00, 0xf5, 0x00,
    0x07, 0xd0, 0x00, 0x00, 0x0f, 0x60, 0x00, 0x8c,
    0x20, 0x00, 0x00, 0xe7, 0x00, 0x08, 0xcc, 0x20,
    0x8d, 0xdf, 0xa0, 0x00, 0x7f, 0xd0, 0xac, 0x44,
    0xef, 0xe4, 0x06, 0xf8, 0x0d, 0x80, 0x1f, 0x9a,
    0xf1, 0x3f, 0x40, 0x7f, 0xef, 0xf2, 0x03, 0x00,
    0x71, 0x00, 0x26, 0x62, 0x00, 0x00,

    /* U+3079 "べ" */
    0x00, 0x00, 0x00, 0x00, 0x00, 0x01, 0x00, 0x00,
    0x00, 0x00, 0x00, 0x05, 0x1f, 0x20, 0x00, 0x00,
    0x3c, 0x80, 0x0c, 0x77, 0xc0, 0x00, 0x02, 0xef,
    0xf9, 0x03, 0xe0, 0x20, 0x00, 0x0d, 0xe1, 0x7f,
    0x70, 0x00, 0x00, 0x00, 0xaf, 0x30, 0x09, 0xf5,
    0x00, 0x00, 0x09, 0xf6, 0x00, 0x00, 0xcf, 0x30,
    0x00, 0x3f, 0xa0, 0x00, 0x00, 0x1d, 0xf3, 0x00,
    0x04, 0x10, 0x00, 0x00, 0x02, 0xef, 0x30, 0x00,
    0x00, 0x00, 0x00, 0x00, 0x3f, 0xf1, 0x00, 0x00,
    0x00, 0x00, 0x00, 0x04, 0x70,

    /* U+307B "ほ" */
    0x0b, 0x70, 0x03, 0x22, 0x33, 0x53, 0x00, 0xf6,
    0x01, 0xff, 0xff, 0xfe, 0x60, 0x1f, 0x30, 0x00,
    0x00, 0xf4, 0x00, 0x04, 0xf1, 0x00, 0x00, 0x0f,
    0x40, 0x10, 0x5f, 0x00, 0x4e, 0xee, 0xff, 0xfc,
    0x07, 0xd0, 0x01, 0x55, 0x5f, 0x83, 0x10, 0x8c,
    0x30, 0x00, 0x00, 0xf5, 0x00, 0x08, 0xcd, 0x20,
    0x9d, 0xdf, 0x90, 0x00, 0x7f, 0xc0, 0x9c, 0x33,
    0xef, 0xe4, 0x06, 0xf8, 0x0b, 0x90, 0x1f, 0x8a,
    0xf2, 0x3f, 0x40, 0x4f, 0xef, 0xf2, 0x05, 0x00,
    0x71, 0x00, 0x15, 0x51, 0x00, 0x00,

    /* U+307E "ま" */
    0x00, 0x00, 0x4f, 0x20, 0x00, 0x03, 0x86, 0x57,
    0xf7, 0x79, 0x80, 0x3c, 0xde, 0xef, 0xdc, 0xa7,
    0x00, 0x00, 0x04, 0xf1, 0x00, 0x00, 0x37, 0x65,
    0x8f, 0x77, 0x99, 0x05, 0xdd, 0xee, 0xfe, 0xcb,
    0x80, 0x00, 0x00, 0x3f, 0x10, 0x00, 0x00, 0x4b,
    0xdd, 0xf7, 0x00, 0x00, 0x3f, 0x85, 0x7f, 0xfe,
    0x50, 0x08, 0xd0, 0x01, 0xf5, 0xaf, 0xa0, 0x5f,
    0x74, 0x9f, 0x30, 0x6d, 0x00, 0x7e, 0xfe, 0x70,
    0x00, 0x10,

    /* U+307F "み" */
    0x00, 0x04, 0x45, 0x57, 0x30, 0x00, 0x00, 0x00,
    0x0e, 0xfe, 0xef, 0x90, 0x00, 0x00, 0x00, 0x00,
    0x00, 0x6f, 0x10, 0x00, 0x00, 0x00, 0x00, 0x00,
    0xd9, 0x00, 0x24, 0x00, 0x00, 0x00, 0x27, 0xf4,
    0x00, 0x6f, 0x00, 0x00, 0x5e, 0xff, 0xff, 0xe9,
    0xad, 0x00, 0x06, 0xf6, 0x4f, 0x32, 0x7d, 0xfe,
    0x20, 0x0e, 0x60, 0xac, 0x00, 0x00, 0xff, 0xf2,
    0x1f, 0x33, 0xf5, 0x00, 0x07, 0xf3, 0xa0, 0x0d,
    0xff, 0xc0, 0x00, 0x4f, 0x90, 0x00, 0x02, 0x87,
    0x00, 0x18, 0xfb, 0x00, 0x00, 0x00, 0x00, 0x00,
    0x0a, 0x60, 0x00, 0x00,

    /* U+3080 "む" */
    0x00, 0x1f, 0x50, 0x00, 0x00, 0x00, 0x04, 0x44,
    0xf8, 0x79, 0x02, 0xa1, 0x00, 0xaf, 0xff, 0xec,
    0x80, 0x3e, 0xd2, 0x00, 0x00, 0xf4, 0x00, 0x00,
    0x1d, 0xe1, 0x07, 0xdf, 0x40, 0x00, 0x00, 0x16,
    0x05, 0xe5, 0xd8, 0x00, 0x00, 0x00, 0x00, 0xa8,
    0x0a, 0x90, 0x00, 0x00, 0x00, 0x0a, 0xa0, 0xd7,
    0x00, 0x00, 0x8a, 0x00, 0x4f, 0xff, 0x10, 0x00,
    0x08, 0xf0, 0x00, 0x29, 0xf0, 0x00, 0x00, 0xae,
    0x00, 0x00, 0x5f, 0xa7, 0x78, 0xcf, 0x80, 0x00,
    0x00, 0x8c, 0xee, 0xda, 0x50, 0x00,

    /* U+3081 "め" */
    0x00, 0x00, 0x00, 0x00, 0x00, 0x00, 0x00, 0x20,
    0x00, 0x0f, 0x60, 0x00, 0x08, 0xe0, 0x00, 0x2f,
    0x30, 0x00, 0x03, 0xf5, 0x9d, 0xff, 0xc5, 0x00,
    0x00, 0xef, 0xc6, 0xcc, 0x9f, 0x90, 0x08, 0xfe,
    0x00, 0xf6, 0x05, 0xf4, 0x3f, 0x7f, 0x36, 0xf1,
    0x00, 0xca, 0xab, 0x0b, 0xbd, 0x90, 0x00, 0x9d,
    0xd6, 0x03, 0xff, 0x20, 0x00, 0xbc, 0xe6, 0x03,
    0xff, 0x20, 0x01, 0xf8, 0xae, 0x9f, 0xaa, 0x20,
    0x2c, 0xe1, 0x1b, 0xd7, 0x00, 0x6b, 0xfe, 0x30,
    0x00, 0x00, 0x00, 0x6b, 0x60, 0x00,

    /* U+3082 "も" */
    0x00, 0x00, 0x00, 0x00, 0x00, 0x00, 0x00, 0x06,
    0xf0, 0x00, 0x00, 0x00, 0x21, 0x07, 0xe0, 0x00,
    0x00, 0x00, 0x9f, 0xff, 0xfd, 0xe6, 0x00, 0x00,
    0x02, 0x4d, 0xc7, 0x62, 0x00, 0x00, 0x00, 0x0d,
    0x80, 0x00, 0x00, 0x00, 0xa7, 0x4f, 0x83, 0x42,
    0x6e, 0x20, 0x9d, 0xff, 0xff, 0xf5, 0x0d, 0xb0,
    0x00, 0x2f, 0x41, 0x00, 0x07, 0xf0, 0x00, 0x3f,
    0x20, 0x00, 0x06, 0xf1, 0x00, 0x2f, 0x50, 0x00,
    0x0c, 0xe0, 0x00, 0x0d, 0xf8, 0x68, 0xdf, 0x50,
    0x00, 0x01, 0xae, 0xfe, 0xa3, 0x00,

    /* U+3084 "や" */
    0x00, 0x00, 0x00, 0x40, 0x00, 0x00, 0x00, 0x00,
    0x10, 0x2e, 0xb0, 0x00, 0x00, 0x00, 0xbc, 0x00,
    0x2d, 0x53, 0x10, 0x00, 0x03, 0xf5, 0x17, 0xdf,
    0xff, 0xc1, 0x00, 0x0c, 0xef, 0xd7, 0x31, 0x3e,
    0xa1, 0x7d, 0xff, 0x70, 0x00, 0x00, 0x9e, 0x0e,
    0xa2, 0xcb, 0x01, 0x00, 0x1d, 0xb0, 0x00, 0x05,
    0xf2, 0x8f, 0xef, 0xe3, 0x00, 0x00, 0x0e, 0x81,
    0x57, 0x51, 0x00, 0x00, 0x00, 0x9e, 0x00, 0x00,
    0x00, 0x00, 0x00, 0x04, 0xf4, 0x00, 0x00, 0x00,
    0x00, 0x00, 0x0f, 0x90, 0x00, 0x00, 0x00, 0x00,
    0x00, 0x75, 0x00, 0x00, 0x00,

    /* U+3088 "よ" */
    0x00, 0x00, 0x0b, 0xd0, 0x00, 0x00, 0x00, 0x00,
    0x0a, 0xc0, 0x00, 0x00, 0x00, 0x00, 0x0a, 0xd5,
    0x67, 0x70, 0x00, 0x00, 0x0a, 0xff, 0xed, 0xa0,
    0x00, 0x00, 0x0a, 0xc0, 0x00, 0x00, 0x00, 0x00,
    0x09, 0xd0, 0x00, 0x00, 0x00, 0x00, 0x09, 0xd0,
    0x00, 0x00, 0x04, 0xcf, 0xff, 0xf7, 0x10, 0x00,
    0x2f, 0x93, 0x3a, 0xff, 0xf8, 0x00, 0x5f, 0x10,
    0x08, 0xf1, 0x9f, 0xc0, 0x1f, 0xd8, 0x8f, 0xc0,
    0x05, 0xb0, 0x03, 0xad, 0xda, 0x20, 0x00, 0x00,

    /* U+3089 "ら" */
    0x00, 0x00, 0x00, 0x00, 0x00, 0x00, 0x07, 0xea,
    0x74, 0x10, 0x00, 0x00, 0x38, 0xbe, 0xff, 0x10,
    0x00, 0x83, 0x00, 0x01, 0x30, 0x00, 0x0f, 0x60,
    0x00, 0x00, 0x00, 0x02, 0xf3, 0x01, 0x45, 0x30,
    0x00, 0x3f, 0x4b, 0xff, 0xef, 0xd2, 0x05, 0xff,
    0x92, 0x00, 0x3e, 0xc0, 0x8f, 0x50, 0x00, 0x00,
    0x7f, 0x01, 0x40, 0x00, 0x00, 0x0a, 0xf0, 0x00,
    0x00, 0x00, 0x18, 0xf9, 0x00, 0x0a, 0xbb, 0xdf,
    0xfa, 0x00, 0x00, 0x6a, 0xa9, 0x62, 0x00, 0x00,

    /* U+308A "り" */
    0x00, 0x00, 0x00, 0x00, 0x00, 0x0b, 0xb0, 0x15,
    0x50, 0x00, 0x0c, 0x85, 0xfe, 0xfd, 0x10, 0x0e,
    0x9e, 0x40, 0x2e, 0x90, 0x0f, 0xf5, 0x00, 0x08,
    0xf0, 0x1f, 0xc0, 0x00, 0x04, 0xf2, 0x2f, 0x60,
    0x00, 0x03, 0xf3, 0x2f, 0x40, 0x00, 0x05, 0xf2,
    0x1e, 0x40, 0x00, 0x09, 0xf0, 0x00, 0x00, 0x00,
    0x3f, 0x90, 0x00, 0x00, 0x06, 0xfd, 0x00, 0x00,
    0x3a, 0xef, 0xa1, 0x00, 0x00, 0x1b, 0x82, 0x00,
    0x00,

    /* U+308B "る" */
    0x00, 0x34, 0x44, 0x56, 0x71, 0x00, 0x00, 0xcf,
    0xfe, 0xef, 0xf6, 0x00, 0x00, 0x10, 0x00, 0x8f,
    0x50, 0x00, 0x00, 0x00, 0x0a, 0xe2, 0x00, 0x00,
    0x00, 0x01, 0xce, 0x54, 0x10, 0x00, 0x00, 0x3e,
    0xfe, 0xde, 0xfa, 0x00, 0x05, 0xfb, 0x30, 0x00,
    0x4e, 0xa0, 0x4f, 0x80, 0x12, 0x00, 0x06, 0xf1,
    0x05, 0x07, 0xfe, 0xe4, 0x06, 0xf1, 0x00, 0x0f,
    0x50, 0x8f, 0x1c, 0xd0, 0x00, 0x0d, 0xd7, 0x8f,
    0xfe, 0x30, 0x00, 0x01, 0x9c, 0xdc, 0x81, 0x00,

    /* U+308C "れ" */
    0x00, 0x00, 0x00, 0x00, 0x00, 0x00, 0x00, 0x00,
    0x00, 0xf7, 0x00, 0x00, 0x00, 0x00, 0x00, 0x00,
    0xf5, 0x00, 0x12, 0x00, 0x00, 0x09, 0xbd, 0xf8,
    0x2b, 0xff, 0xd0, 0x00, 0x0a, 0x99, 0xf8, 0xf9,
    0x36, 0xf4, 0x00, 0x00, 0x04, 0xff, 0x40, 0x01,
    0xf4, 0x00, 0x00, 0x0d, 0xf3, 0x00, 0x02, 0xf2,
    0x00, 0x00, 0x9f, 0xe0, 0x00, 0x05, 0xf0, 0x00,
    0x05, 0xfa, 0xe0, 0x00, 0x07, 0xe0, 0x00, 0x1f,
    0x96, 0xe0, 0x00, 0x08, 0xd0, 0x02, 0x09, 0x06,
    0xe0, 0x00, 0x09, 0xf7, 0xc9, 0x00, 0x07, 0xf0,
    0x00, 0x03, 0xff, 0xc3, 0x00, 0x05, 0xc0, 0x00,
    0x00, 0x01, 0x00,

    /* U+308D "ろ" */
    0x00, 0x44, 0x44, 0x56, 0x70, 0x00, 0x00, 0xdf,
    0xfe, 0xdf, 0xf6, 0x00, 0x00, 0x10, 0x00, 0x9f,
    0x50, 0x00, 0x00, 0x00, 0x0a, 0xe3, 0x00, 0x00,
    0x00, 0x01, 0xce, 0x64, 0x10, 0x00, 0x00, 0x2d,
    0xff, 0xee, 0xfa, 0x00, 0x04, 0xfe, 0x50, 0x00,
    0x4f, 0xa0, 0x4f, 0xb1, 0x00, 0x00, 0x08, 0xf0,
    0x08, 0x00, 0x00, 0x00, 0x08, 0xf0, 0x00, 0x00,
    0x00, 0x00, 0x3f, 0xb0, 0x00, 0x05, 0x77, 0x8c,
    0xfd, 0x10, 0x00, 0x06, 0xee, 0xda, 0x50, 0x00,
    0x00, 0x00, 0x00, 0x00, 0x00, 0x00,

    /* U+3092 "を" */
    0x00, 0x00, 0x06, 0x20, 0x00, 0x00, 0x00, 0x00,
    0x03, 0xf3, 0x00, 0x20, 0x00, 0x09, 0xdc, 0xef,
    0xef, 0xff, 0x20, 0x00, 0x36, 0x7f, 0xb6, 0x43,
    0x10, 0x00, 0x00, 0x06, 0xf1, 0x00, 0x00, 0x03,
    0x00, 0x02, 0xfd, 0xde, 0x80, 0x5c, 0xf4, 0x00,
    0xdf, 0x72, 0x7f, 0xef, 0xa3, 0x00, 0xbf, 0x20,
    0x4d, 0xf8, 0x10, 0x00, 0x03, 0x40, 0x6f, 0x8f,
    0x30, 0x00, 0x00, 0x00, 0x2f, 0x60, 0xf4, 0x00,
    0x00, 0x00, 0x06, 0xf1, 0x01, 0x00, 0x00, 0x00,
    0x00, 0x3f, 0xc7, 0x67, 0x8a, 0x50, 0x00, 0x00,
    0x4a, 0xde, 0xdc, 0xb4, 0x00,

    /* U+3093 "ん" */
    0x00, 0x00, 0x00, 0x00, 0x00, 0x00, 0x00, 0x00,
    0x00, 0x00, 0xd6, 0x00, 0x00, 0x00, 0x00, 0x00,
    0x07, 0xf4, 0x00, 0x00, 0x00, 0x00, 0x00, 0x1f,
    0xa0, 0x00, 0x00, 0x00, 0x00, 0x00, 0x8f, 0x10,
    0x00, 0x00, 0x00, 0x00, 0x01, 0xf8, 0x00, 0x00,
    0x00, 0x00, 0x00, 0x08, 0xfc, 0xfd, 0x10, 0x00,
    0x00, 0x00, 0x1f, 0xf6, 0x6f, 0x60, 0x00, 0x00,
    0x00, 0x8f, 0x30, 0x0e, 0x70, 0x01, 0xe2, 0x00,
    0xe9, 0x00, 0x0e, 0x70, 0x07, 0xf1, 0x06, 0xf2,
    0x00, 0x0d, 0x90, 0x4f, 0x90, 0x0d, 0xd0, 0x00,
    0x0a, 0xfe, 0xfc, 0x00, 0x04, 0x40, 0x00, 0x00,
    0x79, 0x60, 0x00,

    /* U+30A1 "ァ" */
    0x00, 0x00, 0x00, 0x00, 0x00, 0x09, 0xee, 0xee,
    0xee, 0xee, 0xd1, 0x36, 0x66, 0x66, 0x66, 0xfb,
    0x00, 0x00, 0x0c, 0x60, 0xae, 0x10, 0x00, 0x00,
    0xf7, 0xaf, 0x30, 0x00, 0x00, 0x0f, 0x52, 0x30,
    0x00, 0x00, 0x04, 0xf2, 0x00, 0x00, 0x00, 0x00,
    0xdc, 0x00, 0x00, 0x00, 0x03, 0xdf, 0x20, 0x00,
    0x00, 0x00, 0x6c, 0x20, 0x00, 0x00, 0x00,

    /* U+30A2 "ア" */
    0x13, 0x33, 0x33, 0x33, 0x33, 0x32, 0x05, 0xff,
    0xff, 0xff, 0xff, 0xff, 0xe0, 0x12, 0x22, 0x22,
    0x22, 0x26, 0xf7, 0x00, 0x00, 0x00, 0x95, 0x02,
    0xec, 0x00, 0x00, 0x00, 0x0f, 0x83, 0xed, 0x10,
    0x00, 0x00, 0x00, 0xf7, 0x5c, 0x10, 0x00, 0x00,
    0x00, 0x2f, 0x50, 0x00, 0x00, 0x00, 0x00, 0x06,
    0xf2, 0x00, 0x00, 0x00, 0x00, 0x00, 0xdc, 0x00,
    0x00, 0x00, 0x00, 0x01, 0xbf, 0x30, 0x00, 0x00,
    0x00, 0x03, 0xef, 0x50, 0x00, 0x00, 0x00, 0x00,
    0x06, 0x20, 0x00, 0x00, 0x00, 0x00,

    /* U+30A3 "ィ" */
    0x00, 0x00, 0x00, 0x00, 0x57, 0x00, 0x00, 0x00,
    0x00, 0x5f, 0xc0, 0x00, 0x00, 0x00, 0x9f, 0xa0,
    0x00, 0x00, 0x05, 0xdf, 0x60, 0x00, 0x02, 0x7e,
    0xfe, 0xf0, 0x00, 0x02, 0xfe, 0x82, 0x8f, 0x00,
    0x00, 0x03, 0x00, 0x08, 0xf0, 0x00, 0x00, 0x00,
    0x00, 0x8f, 0x00, 0x00, 0x00, 0x00, 0x08, 0xf0,
    0x00, 0x00, 0x00, 0x00, 0x8f, 0x00, 0x00,

    /* U+30A4 "イ" */
    0x00, 0x00, 0x00, 0x00, 0x00, 0x00, 0x00, 0x00,
    0x00, 0x00, 0x08, 0xb0, 0x00, 0x00, 0x00, 0x00,
    0x8f, 0xb0, 0x00, 0x00, 0x00, 0x1b, 0xf9, 0x00,
    0x00, 0x00, 0x06, 0xee, 0x50, 0x00, 0x00, 0x06,
    0xdf, 0xf7, 0x00, 0x00, 0x5a, 0xff, 0xb4, 0xf7,
    0x00, 0x00, 0x9e, 0x82, 0x01, 0xf7, 0x00, 0x00,
    0x00, 0x00, 0x01, 0xf7, 0x00, 0x00, 0x00, 0x00,
    0x01, 0xf7, 0x00, 0x00, 0x00, 0x00, 0x01, 0xf7,
    0x00, 0x00, 0x00, 0x00, 0x01, 0xf7, 0x00, 0x00,
    0x00, 0x00, 0x01, 0x84, 0x00, 0x00,

    /* U+30A6 "ウ" */
    0x00, 0x00, 0x0f, 0xa0, 0x00, 0x00, 0x00, 0x00,
    0x0e, 0x90, 0x00, 0x00, 0x3f, 0xff, 0xff, 0xff,
    0xff, 0xf3, 0x3f, 0x85, 0x55, 0x55, 0x5a, 0xf3,
    0x3f, 0x30, 0x00, 0x00, 0x09, 0xf0, 0x3f, 0x30,
    0x00, 0x00, 0x0e, 0xb0, 0x29, 0x20, 0x00, 0x00,
    0x4f, 0x50, 0x00, 0x00, 0x00, 0x00, 0xde, 0x00,
    0x00, 0x00, 0x00, 0x1c, 0xf4, 0x00, 0x00, 0x00,
    0x17, 0xef, 0x50, 0x00, 0x00, 0x07, 0xff, 0xb2,
    0x00, 0x00, 0x00, 0x00, 0x83, 0x00, 0x00, 0x00,

    /* U+30A7 "ェ" */
    0x02, 0x55, 0x55, 0x55, 0x55, 0x00, 0x5f, 0xff,
    0xff, 0xff, 0xf2, 0x00, 0x00, 0x0e, 0x80, 0x00,
    0x00, 0x00, 0x00, 0xe8, 0x00, 0x00, 0x00, 0x00,
    0x0e, 0x80, 0x00, 0x00, 0x00, 0x00, 0xe8, 0x00,
    0x00, 0x00, 0x00, 0x0e, 0x80, 0x00, 0x01, 0xff,
    0xff, 0xff, 0xff, 0xfb, 0x05, 0x55, 0x55, 0x55,
    0x55, 0x40,

    /* U+30A9 "ォ" */
    0x00, 0x00, 0x01, 0xa2, 0x00, 0x00, 0x00, 0x00,
    0x0f, 0x40, 0x00, 0x19, 0x99, 0x99, 0xfa, 0x99,
    0x12, 0xbb, 0xbb, 0xef, 0xcb, 0xb1, 0x00, 0x00,
    0x4f, 0xf5, 0x00, 0x00, 0x00, 0x5f, 0x9f, 0x50,
    0x00, 0x00, 0x8f, 0x90, 0xf5, 0x00, 0x03, 0xdf,
    0x70, 0x0e, 0x60, 0x00, 0x2b, 0x30, 0x33, 0xf6,
    0x00, 0x00, 0x00, 0x0e, 0xff, 0x30, 0x00, 0x00,
    0x00, 0x00, 0x00, 0x00, 0x00,

    /* U+30AB "カ" */
    0x00, 0x00, 0x5f, 0x30, 0x00, 0x00, 0x00, 0x00,
    0x4f, 0x20, 0x00, 0x00, 0x26, 0x66, 0x9f, 0x76,
    0x66, 0x40, 0x4f, 0xee, 0xff, 0xee, 0xef, 0xf0,
    0x00, 0x00, 0x9d, 0x00, 0x07, 0xf0, 0x00, 0x00,
    0xca, 0x00, 0x07, 0xe0, 0x00, 0x02, 0xf6, 0x00,
    0x09, 0xd0, 0x00, 0x0a, 0xf0, 0x00, 0x0a, 0xb0,
    0x00, 0x5f, 0x80, 0x00, 0x0d, 0x90, 0x04, 0xfc,
    0x00, 0x32, 0x4f, 0x60, 0x4f, 0xc1, 0x00, 0xdf,
    0xff, 0x10, 0x04, 0x00, 0x00, 0x24, 0x41, 0x00,

    /* U+30AD "キ" */
    0x00, 0x00, 0x01, 0x00, 0x00, 0x00, 0x00, 0x00,
    0xdb, 0x00, 0x00, 0x00, 0x00, 0x00, 0x9e, 0x00,
    0x36, 0x20, 0x01, 0x36, 0xbf, 0xdf, 0xff, 0x50,
    0x7f, 0xff, 0xdf, 0xa5, 0x30, 0x00, 0x25, 0x20,
    0x0f, 0x70, 0x00, 0x00, 0x00, 0x00, 0x0d, 0xa0,
    0x35, 0x84, 0x01, 0x35, 0x8e, 0xff, 0xff, 0xe7,
    0x7f, 0xff, 0xdd, 0xf6, 0x30, 0x00, 0x26, 0x30,
    0x03, 0xf3, 0x00, 0x00, 0x00, 0x00, 0x00, 0xf7,
    0x00, 0x00, 0x00, 0x00, 0x00, 0xda, 0x00, 0x00,
    0x00, 0x00, 0x00, 0x77, 0x00, 0x00,

    /* U+30AF "ク" */
    0x00, 0x00, 0x04, 0x00, 0x00, 0x00, 0x00, 0x00,
    0x3f, 0x70, 0x00, 0x00, 0x00, 0x00, 0xcf, 0x54,
    0x45, 0x30, 0x00, 0x07, 0xff, 0xff, 0xff, 0xf2,
    0x00, 0x5f, 0x80, 0x00, 0x0c, 0xd0, 0x07, 0xfa,
    0x00, 0x00, 0x2f, 0x70, 0x7f, 0x90, 0x00, 0x00,
    0xaf, 0x10, 0x03, 0x00, 0x00, 0x04, 0xf7, 0x00,
    0x00, 0x00, 0x00, 0x3f, 0xc0, 0x00, 0x00, 0x00,
    0x04, 0xfd, 0x10, 0x00, 0x00, 0x02, 0xaf, 0xc1,
    0x00, 0x00, 0x01, 0xbf, 0xf7, 0x00, 0x00, 0x00,
    0x00, 0x58, 0x10, 0x00, 0x00, 0x00,

    /* U+30B0 "グ" */
    0x00, 0x00, 0x00, 0x00, 0x00, 0x23, 0x90, 0x00,
    0x00, 0x09, 0xc0, 0x00, 0xd5, 0xd4, 0x00, 0x00,
    0x2f, 0x90, 0x00, 0x4a, 0x20, 0x00, 0x00, 0xbf,
    0xff, 0xff, 0xf8, 0x00, 0x00, 0x08, 0xf7, 0x44,
    0x47, 0xf7, 0x00, 0x00, 0x8f, 0x70, 0x00, 0x08,
    0xf2, 0x00, 0x0b, 0xf7, 0x00, 0x00, 0x1e, 0xb0,
    0x00, 0x06, 0x40, 0x00, 0x00, 0x9f, 0x30, 0x00,
    0x00, 0x00, 0x00, 0x05, 0xf8, 0x00, 0x00, 0x00,
    0x00, 0x00, 0x5f, 0xb0, 0x00, 0x00, 0x00, 0x00,
    0x19, 0xfb, 0x00, 0x00, 0x00, 0x00, 0x38, 0xff,
    0x80, 0x00, 0x00, 0x00, 0x00, 0x4e, 0xa2, 0x00,
    0x00, 0x00, 0x00, 0x00, 0x00, 0x00, 0x00, 0x00,
    0x00, 0x00,

    /* U+30B1 "ケ" */
    0x00, 0x00, 0x10, 0x00, 0x00, 0x00, 0x00, 0x00,
    0x0d, 0xc0, 0x00, 0x00, 0x00, 0x00, 0x01, 0xf7,
    0x00, 0x00, 0x00, 0x00, 0x00, 0x8f, 0xb9, 0x99,
    0x99, 0x98, 0x00, 0x2f, 0xec, 0xcd, 0xfd, 0xcc,
    0xb0, 0x0c, 0xe1, 0x00, 0x4f, 0x30, 0x00, 0x0b,
    0xf5, 0x00, 0x07, 0xf1, 0x00, 0x00, 0x56, 0x00,
    0x00, 0xcd, 0x00, 0x00, 0x00, 0x00, 0x00, 0x3f,
    0x80, 0x00, 0x00, 0x00, 0x00, 0x0c, 0xf1, 0x00,
    0x00, 0x00, 0x00, 0x0b, 0xf6, 0x00, 0x00, 0x00,
    0x00, 0x1d, 0xf8, 0x00, 0x00, 0x00, 0x00, 0x00,
    0x45, 0x00, 0x00, 0x00, 0x00,

    /* U+30B2 "ゲ" */
    0x00, 0x00, 0x00, 0x00, 0x00, 0x14, 0x80, 0x00,
    0x00, 0xe8, 0x00, 0x00, 0xe4, 0xe2, 0x00, 0x03,
    0xf5, 0x00, 0x00, 0x59, 0x30, 0x00, 0x09, 0xf6,
    0x66, 0x66, 0x66, 0x40, 0x00, 0x2f, 0xff, 0xff,
    0xff, 0xff, 0xb0, 0x00, 0xce, 0x10, 0x06, 0xf1,
    0x00, 0x00, 0x0a, 0xf4, 0x00, 0x09, 0xf0, 0x00,
    0x00, 0x1a, 0x70, 0x00, 0x0d, 0xb0, 0x00, 0x00,
    0x00, 0x00, 0x00, 0x3f, 0x60, 0x00, 0x00, 0x00,
    0x00, 0x00, 0xce, 0x00, 0x00, 0x00, 0x00, 0x00,
    0x0a, 0xf5, 0x00, 0x00, 0x00, 0x00, 0x02, 0xcf,
    0x80, 0x00, 0x00, 0x00, 0x00, 0x00, 0x86, 0x00,
    0x00, 0x00, 0x00,

    /* U+30B3 "コ" */
    0x07, 0x77, 0x77, 0x77, 0x77, 0x60, 0xef, 0xff,
    0xff, 0xff, 0xfc, 0x00, 0x00, 0x00, 0x00, 0x0c,
    0xc0, 0x00, 0x00, 0x00, 0x00, 0xcc, 0x00, 0x00,
    0x00, 0x00, 0x0c, 0xc0, 0x00, 0x00, 0x00, 0x00,
    0xcc, 0x00, 0x00, 0x00, 0x00, 0x0c, 0xc0, 0x00,
    0x00, 0x00, 0x00, 0xcc, 0x1f, 0xff, 0xff, 0xff,
    0xff, 0xc0, 0x77, 0x77, 0x77, 0x77, 0xec, 0x00,
    0x00, 0x00, 0x00, 0x02, 0x20,

    /* U+30B5 "サ" */
    0x00, 0x04, 0xe2, 0x00, 0x3f, 0x40, 0x00, 0x00,
    0x4f, 0x20, 0x03, 0xf4, 0x00, 0x03, 0x26, 0xf4,
    0x22, 0x5f, 0x52, 0x22, 0xff, 0xff, 0xff, 0xff,
    0xff, 0xff, 0x03, 0x37, 0xf4, 0x33, 0x5f, 0x63,
    0x30, 0x00, 0x4f, 0x20, 0x03, 0xf3, 0x00, 0x00,
    0x04, 0xf2, 0x00, 0x4f, 0x20, 0x00, 0x00, 0x3a,
    0x10, 0x08, 0xf0, 0x00, 0x00, 0x00, 0x00, 0x01,
    0xea, 0x00, 0x00, 0x00, 0x00, 0x02, 0xcf, 0x20,
    0x00, 0x00, 0x00, 0x08, 0xfe, 0x40, 0x00, 0x00,
    0x00, 0x00, 0x39, 0x10, 0x00, 0x00,

    /* U+30B7 "シ" */
    0x00, 0x1b, 0x20, 0x00, 0x00, 0x00, 0x00, 0x3e,
    0xf7, 0x00, 0x00, 0x00, 0x00, 0x00, 0x9f, 0x10,
    0x00, 0x00, 0x18, 0x00, 0x01, 0x00, 0x00, 0x22,
    0x5f, 0xe5, 0x00, 0x00, 0x00, 0xcb, 0x02, 0xcf,
    0x10, 0x00, 0x09, 0xf5, 0x00, 0x03, 0x00, 0x00,
    0x9f, 0x80, 0x00, 0x00, 0x00, 0x1b, 0xf8, 0x00,
    0x00, 0x00, 0x07, 0xff, 0x50, 0x00, 0x00, 0x49,
    0xef, 0xb2, 0x00, 0x00, 0x0c, 0xff, 0xb4, 0x00,
    0x00, 0x00, 0x03, 0x51, 0x00, 0x00, 0x00, 0x00,

    /* U+30B8 "ジ" */
    0x00, 0x00, 0x00, 0x00, 0x00, 0x10, 0x00, 0x02,
    0x90, 0x00, 0x04, 0x2b, 0x80, 0x00, 0x6f, 0xe4,
    0x00, 0x6c, 0x2f, 0x10, 0x00, 0x2c, 0xe0, 0x00,
    0xc2, 0x20, 0x25, 0x00, 0x02, 0x00, 0x00, 0x30,
    0x09, 0xfb, 0x20, 0x00, 0x00, 0x0d, 0x70, 0x05,
    0xed, 0x00, 0x00, 0x0b, 0xf4, 0x00, 0x01, 0x30,
    0x00, 0x0a, 0xf6, 0x00, 0x00, 0x00, 0x00, 0x2c,
    0xf7, 0x00, 0x00, 0x00, 0x00, 0x7f, 0xf5, 0x00,
    0x00, 0x00, 0x38, 0xef, 0xb2, 0x00, 0x00, 0x00,
    0xef, 0xfb, 0x30, 0x00, 0x00, 0x00, 0x05, 0x61,
    0x00, 0x00, 0x00, 0x00, 0x00,

    /* U+30B9 "ス" */
    0x00, 0x00, 0x00, 0x00, 0x00, 0x00, 0x07, 0xff,
    0xff, 0xff, 0xff, 0x20, 0x03, 0x77, 0x77, 0x77,
    0xee, 0x00, 0x00, 0x00, 0x00, 0x03, 0xf7, 0x00,
    0x00, 0x00, 0x00, 0x0c, 0xd0, 0x00, 0x00, 0x00,
    0x00, 0x7f, 0x40, 0x00, 0x00, 0x00, 0x05, 0xfe,
    0x10, 0x00, 0x00, 0x00, 0x6f, 0xbe, 0xe2, 0x00,
    0x00, 0x09, 0xfa, 0x03, 0xee, 0x10, 0x05, 0xdf,
    0x70, 0x00, 0x3f, 0xd1, 0x6f, 0xd3, 0x00, 0x00,
    0x04, 0xf7, 0x04, 0x00, 0x00, 0x00, 0x00, 0x30,

    /* U+30BA "ズ" */
    0x00, 0x00, 0x00, 0x00, 0x00, 0x24, 0x70, 0x00,
    0x00, 0x00, 0x00, 0x00, 0xe3, 0xe2, 0x00, 0x68,
    0x88, 0x88, 0x88, 0xc8, 0x31, 0x00, 0xbe, 0xee,
    0xee, 0xef, 0xd0, 0x00, 0x00, 0x00, 0x00, 0x00,
    0x4f, 0x60, 0x00, 0x00, 0x00, 0x00, 0x00, 0xcd,
    0x00, 0x00, 0x00, 0x00, 0x00, 0x06, 0xf4, 0x00,
    0x00, 0x00, 0x00, 0x00, 0x3f, 0xa0, 0x00, 0x00,
    0x00, 0x00, 0x03, 0xff, 0xf4, 0x00, 0x00, 0x00,
    0x00, 0x5f, 0xc2, 0xcf, 0x40, 0x00, 0x00, 0x1a,
    0xfb, 0x00, 0x1d, 0xf4, 0x00, 0x08, 0xff, 0x70,
    0x00, 0x01, 0xef, 0x20, 0x04, 0xa2, 0x00, 0x00,
    0x00, 0x2a, 0x00,

    /* U+30BB "セ" */
    0x00, 0x00, 0xd9, 0x00, 0x00, 0x00, 0x00, 0x00,
    0x0e, 0x90, 0x00, 0x00, 0x00, 0x00, 0x00, 0xe9,
    0x00, 0x25, 0x8b, 0x20, 0x00, 0x2e, 0xdb, 0xef,
    0xff, 0xf3, 0x2c, 0xff, 0xfe, 0xa7, 0x31, 0xe9,
    0x00, 0xa7, 0x3e, 0x90, 0x00, 0xae, 0x10, 0x00,
    0x00, 0xe9, 0x00, 0x8f, 0x40, 0x00, 0x00, 0x0e,
    0x90, 0x03, 0x50, 0x00, 0x00, 0x00, 0xe9, 0x00,
    0x00, 0x00, 0x00, 0x00, 0x0e, 0xc0, 0x00, 0x13,
    0x40, 0x00, 0x00, 0x8f, 0xff, 0xff, 0xfd, 0x00,
    0x00, 0x00, 0x35, 0x65, 0x54, 0x20,

    /* U+30BF "タ" */
    0x00, 0x00, 0x02, 0x00, 0x00, 0x00, 0x00, 0x00,
    0x3f, 0x70, 0x00, 0x00, 0x00, 0x00, 0xcf, 0x54,
    0x45, 0x40, 0x00, 0x07, 0xff, 0xff, 0xff, 0xf3,
    0x00, 0x4f, 0x80, 0x00, 0x0c, 0xd0, 0x05, 0xfa,
    0x10, 0x00, 0x2f, 0x70, 0x7f, 0xa0, 0xcd, 0x40,
    0xbe, 0x00, 0x16, 0x00, 0x2c, 0xfb, 0xf6, 0x00,
    0x00, 0x00, 0x00, 0xaf, 0xf3, 0x00, 0x00, 0x00,
    0x04, 0xfd, 0xef, 0x20, 0x00, 0x00, 0x9f, 0xc1,
    0x17, 0x00, 0x02, 0x8e, 0xf8, 0x00, 0x00, 0x00,
    0x01, 0xb9, 0x20, 0x00, 0x00, 0x00,

    /* U+30C0 "ダ" */
    0x00, 0x00, 0x00, 0x00, 0x00, 0x33, 0xa0, 0x00,
    0x00, 0x08, 0xe1, 0x00, 0xc5, 0xd4, 0x00, 0x00,
    0x2f, 0xb3, 0x33, 0x7a, 0x10, 0x00, 0x00, 0xbf,
    0xff, 0xff, 0xfc, 0x00, 0x00, 0x08, 0xf4, 0x11,
    0x13, 0xf8, 0x00, 0x00, 0x8f, 0x60, 0x00, 0x08,
    0xf2, 0x00, 0x1b, 0xf6, 0x2e, 0x80, 0x1f, 0xa0,
    0x00, 0x07, 0x40, 0x07, 0xfd, 0xbf, 0x20, 0x00,
    0x00, 0x00, 0x00, 0x3e, 0xfb, 0x00, 0x00, 0x00,
    0x00, 0x00, 0x7f, 0xdf, 0xb0, 0x00, 0x00, 0x00,
    0x1b, 0xf9, 0x07, 0x50, 0x00, 0x00, 0x39, 0xff,
    0x60, 0x00, 0x00, 0x00, 0x00, 0x6e, 0x91, 0x00,
    0x00, 0x00, 0x00, 0x00, 0x00, 0x00, 0x00, 0x00,
    0x00, 0x00,

    /* U+30C1 "チ" */
    0x00, 0x00, 0x00, 0x25, 0x9b, 0x00, 0x09, 0xee,
    0xff, 0xff, 0xc8, 0x20, 0x03, 0x65, 0x49, 0xf0,
    0x00, 0x00, 0x00, 0x00, 0x07, 0xf0, 0x00, 0x00,
    0x56, 0x66, 0x6a, 0xf6, 0x66, 0x65, 0xcf, 0xff,
    0xff, 0xff, 0xff, 0xfd, 0x00, 0x00, 0x09, 0xd0,
    0x00, 0x00, 0x00, 0x00, 0x0d, 0xa0, 0x00, 0x00,
    0x00, 0x00, 0x5f, 0x50, 0x00, 0x00, 0x00, 0x03,
    0xfc, 0x00, 0x00, 0x00, 0x00, 0x7f, 0xd1, 0x00,
    0x00, 0x00, 0x00, 0x39, 0x10, 0x00, 0x00, 0x00,

    /* U+30C3 "ッ" */
    0x00, 0x00, 0x00, 0x00, 0x00, 0x01, 0x40, 0x3f,
    0x20, 0x06, 0x60, 0x7f, 0x10, 0xe8, 0x00, 0xcc,
    0x01, 0xf7, 0x08, 0xd0, 0x1f, 0x70, 0x0a, 0xb0,
    0x11, 0x07, 0xf1, 0x00, 0x10, 0x00, 0x01, 0xe9,
    0x00, 0x00, 0x00, 0x01, 0xce, 0x10, 0x00, 0x00,
    0x02, 0xdf, 0x30, 0x00, 0x00, 0x39, 0xfd, 0x20,
    0x00, 0x00, 0x07, 0xf8, 0x00, 0x00, 0x00, 0x00,
    0x00, 0x00, 0x00, 0x00, 0x00,

    /* U+30C6 "テ" */
    0x00, 0x66, 0x66, 0x66, 0x66, 0x20, 0x01, 0xff,
    0xff, 0xff, 0xff, 0x50, 0x00, 0x00, 0x00, 0x00,
    0x00, 0x00, 0x00, 0x00, 0x00, 0x00, 0x00, 0x00,
    0x8b, 0xbb, 0xbb, 0xbb, 0xbb, 0xba, 0x7a, 0xaa,
    0xac, 0xfb, 0xaa, 0xa9, 0x00, 0x00, 0x07, 0xf0,
    0x00, 0x00, 0x00, 0x00, 0x0a, 0xe0, 0x00, 0x00,
    0x00, 0x00, 0x1f, 0x90, 0x00, 0x00, 0x00, 0x00,
    0xaf, 0x20, 0x00, 0x00, 0x00, 0x2b, 0xf6, 0x00,
    0x00, 0x00, 0x00, 0x4d, 0x50, 0x00, 0x00, 0x00,

    /* U+30C7 "デ" */
    0x00, 0x00, 0x00, 0x00, 0x00, 0x00, 0x00, 0x00,
    0x00, 0x00, 0x00, 0x32, 0xd1, 0x01, 0x54, 0x44,
    0x44, 0x59, 0x99, 0x80, 0x3f, 0xff, 0xff, 0xff,
    0x4b, 0x10, 0x00, 0x00, 0x00, 0x00, 0x00, 0x00,
    0x00, 0x00, 0x00, 0x00, 0x00, 0x00, 0x00, 0xab,
    0xbb, 0xbb, 0xbb, 0xbb, 0xb8, 0x09, 0xaa, 0xaa,
    0xdf, 0xaa, 0xaa, 0x70, 0x00, 0x00, 0x0a, 0xd0,
    0x00, 0x00, 0x00, 0x00, 0x00, 0xcb, 0x00, 0x00,
    0x00, 0x00, 0x00, 0x2f, 0x70, 0x00, 0x00, 0x00,
    0x00, 0x0c, 0xe1, 0x00, 0x00, 0x00, 0x00, 0x3d,
    0xf4, 0x00, 0x00, 0x00, 0x00, 0x06, 0xd3, 0x00,
    0x00, 0x00, 0x00,

    /* U+30C8 "ト" */
    0x9f, 0x00, 0x00, 0x00, 0x8f, 0x00, 0x00, 0x00,
    0x8f, 0x00, 0x00, 0x00, 0x8f, 0x10, 0x00, 0x00,
    0x8f, 0xfb, 0x60, 0x00, 0x8f, 0x8d, 0xff, 0x93,
    0x8f, 0x00, 0x4a, 0xfb, 0x8f, 0x00, 0x00, 0x22,
    0x8f, 0x00, 0x00, 0x00, 0x8f, 0x00, 0x00, 0x00,
    0x8f, 0x00, 0x00, 0x00, 0x47, 0x00, 0x00, 0x00,

    /* U+30C9 "ド" */
    0x00, 0x00, 0x00, 0x00, 0x0e, 0xa0, 0x01, 0x29,
    0x80, 0xda, 0x00, 0x4e, 0x2e, 0x2d, 0xa0, 0x00,
    0xa6, 0x20, 0xdb, 0x00, 0x00, 0x00, 0x0d, 0xfe,
    0x93, 0x00, 0x00, 0xdc, 0xaf, 0xfd, 0x60, 0x0d,
    0xa0, 0x17, 0xdf, 0x50, 0xda, 0x00, 0x00, 0x50,
    0x0d, 0xa0, 0x00, 0x00, 0x00, 0xda, 0x00, 0x00,
    0x00, 0x0e, 0xa0, 0x00, 0x00, 0x00, 0x75, 0x00,
    0x00, 0x00, 0x00,

    /* U+30CA "ナ" */
    0x00, 0x00, 0x08, 0xf1, 0x00, 0x00, 0x00, 0x00,
    0x07, 0xf1, 0x00, 0x00, 0x00, 0x00, 0x07, 0xf1,
    0x00, 0x00, 0xcf, 0xff, 0xff, 0xff, 0xff, 0xfd,
    0x67, 0x77, 0x7b, 0xf7, 0x77, 0x76, 0x00, 0x00,
    0x08, 0xf0, 0x00, 0x00, 0x00, 0x00, 0x0b, 0xd0,
    0x00, 0x00, 0x00, 0x00, 0x2f, 0x80, 0x00, 0x00,
    0x00, 0x00, 0xbf, 0x20, 0x00, 0x00, 0x00, 0x1b,
    0xf6, 0x00, 0x00, 0x00, 0x00, 0xdf, 0x70, 0x00,
    0x00, 0x00, 0x00, 0x13, 0x00, 0x00, 0x00, 0x00,

    /* U+30CB "ニ" */
    0x01, 0x00, 0x00, 0x00, 0x01, 0x00, 0x0b, 0xff,
    0xff, 0xff, 0xff, 0x20, 0x05, 0x77, 0x77, 0x77,
    0x77, 0x00, 0x00, 0x00, 0x00, 0x00, 0x00, 0x00,
    0x00, 0x00, 0x00, 0x00, 0x00, 0x00, 0x00, 0x00,
    0x00, 0x00, 0x00, 0x00, 0x00, 0x00, 0x00, 0x00,
    0x00, 0x00, 0x88, 0x88, 0x88, 0x88, 0x88, 0x82,
    0xef, 0xff, 0xff, 0xff, 0xff, 0xf4, 0x00, 0x00,
    0x00, 0x00, 0x00, 0x00,

    /* U+30CD "ネ" */
    0x00, 0x00, 0x08, 0xf0, 0x00, 0x00, 0x00, 0x00,
    0x00, 0x8e, 0x00, 0x00, 0x00, 0x0d, 0xff, 0xff,
    0xff, 0xff, 0x80, 0x00, 0x45, 0x55, 0x55, 0x5e,
    0xf3, 0x00, 0x00, 0x00, 0x00, 0x0b, 0xf4, 0x00,
    0x00, 0x00, 0x00, 0x3d, 0xf4, 0x00, 0x00, 0x00,
    0x01, 0x9f, 0xf2, 0x56, 0x00, 0x01, 0x5b, 0xff,
    0xde, 0x09, 0xfd, 0x30, 0x9f, 0xd6, 0x08, 0xe0,
    0x03, 0xdf, 0x10, 0x20, 0x00, 0x8e, 0x00, 0x00,
    0x30, 0x00, 0x00, 0x08, 0xe0, 0x00, 0x00, 0x00,
    0x00, 0x00, 0x8d, 0x00, 0x00, 0x00,

    /* U+30D0 "バ" */
    0x00, 0x00, 0x00, 0x00, 0x00, 0x02, 0x50, 0x00,
    0x00, 0x00, 0x00, 0x00, 0xc4, 0xe2, 0x00, 0x00,
    0x53, 0x00, 0x74, 0x6b, 0x53, 0x00, 0x00, 0xea,
    0x00, 0xdc, 0x01, 0x00, 0x00, 0x01, 0xf6, 0x00,
    0x5f, 0x40, 0x00, 0x00, 0x05, 0xf3, 0x00, 0x0e,
    0xb0, 0x00, 0x00, 0x0a, 0xe0, 0x00, 0x08, 0xf2,
    0x00, 0x00, 0x0f, 0x90, 0x00, 0x02, 0xf8, 0x00,
    0x00, 0x7f, 0x30, 0x00, 0x00, 0xce, 0x00, 0x00,
    0xec, 0x00, 0x00, 0x00, 0x7f, 0x30, 0x08, 0xf4,
    0x00, 0x00, 0x00, 0x2f, 0x90, 0x1d, 0xb0, 0x00,
    0x00, 0x00, 0x0d, 0xa0, 0x00, 0x00, 0x00, 0x00,
    0x00, 0x00, 0x00,

    /* U+30D3 "ビ" */
    0x00, 0x00, 0x00, 0x00, 0x08, 0x15, 0x90, 0x00,
    0x00, 0x6a, 0x89, 0x7f, 0x00, 0x00, 0x00, 0xd3,
    0x67, 0xf0, 0x00, 0x00, 0x36, 0x00, 0x7f, 0x00,
    0x16, 0xcf, 0xd0, 0x07, 0xf8, 0xcf, 0xfb, 0x50,
    0x00, 0x7f, 0xea, 0x50, 0x00, 0x00, 0x07, 0xf0,
    0x00, 0x00, 0x00, 0x00, 0x7f, 0x00, 0x00, 0x00,
    0x00, 0x07, 0xf0, 0x00, 0x00, 0x00, 0x00, 0x7f,
    0x40, 0x00, 0x12, 0x43, 0x02, 0xef, 0xff, 0xff,
    0xff, 0x80, 0x01, 0x46, 0x66, 0x55, 0x31, 0x00,

    /* U+30D5 "フ" */
    0x00, 0x00, 0x00, 0x00, 0x00, 0x00, 0x0f, 0xff,
    0xff, 0xff, 0xff, 0xc1, 0x07, 0x77, 0x77, 0x77,
    0x7d, 0xf0, 0x00, 0x00, 0x00, 0x00, 0x0e, 0xb0,
    0x00, 0x00, 0x00, 0x00, 0x3f, 0x60, 0x00, 0x00,
    0x00, 0x00, 0xaf, 0x10, 0x00, 0x00, 0x00, 0x04,
    0xf8, 0x00, 0x00, 0x00, 0x00, 0x2e, 0xe1, 0x00,
    0x00, 0x00, 0x05, 0xfe, 0x20, 0x00, 0x00, 0x05,
    0xcf, 0xd2, 0x00, 0x00, 0x00, 0x7f, 0xe7, 0x00,
    0x00, 0x00, 0x00, 0x04, 0x00, 0x00, 0x00, 0x00,

    /* U+30D6 "ブ" */
    0x00, 0x00, 0x00, 0x00, 0x00, 0x00, 0x00, 0x00,
    0x00, 0x00, 0x01, 0xa3, 0xe0, 0x00, 0x00, 0x00,
    0x00, 0x0b, 0x6a, 0x55, 0xee, 0xee, 0xee, 0xee,
    0xf9, 0x00, 0x39, 0x88, 0x88, 0x88, 0x8f, 0xb0,
    0x00, 0x00, 0x00, 0x00, 0x02, 0xf7, 0x00, 0x00,
    0x00, 0x00, 0x00, 0x7f, 0x20, 0x00, 0x00, 0x00,
    0x00, 0x0d, 0xc0, 0x00, 0x00, 0x00, 0x00, 0x07,
    0xf5, 0x00, 0x00, 0x00, 0x00, 0x04, 0xfb, 0x00,
    0x00, 0x00, 0x00, 0x07, 0xfd, 0x10, 0x00, 0x00,
    0x00, 0x5d, 0xfb, 0x10, 0x00, 0x00, 0x00, 0xcf,
    0xe6, 0x00, 0x00, 0x00, 0x00, 0x01, 0x50, 0x00,
    0x00, 0x00, 0x00,

    /* U+30D7 "プ" */
    0x00, 0x00, 0x00, 0x00, 0x03, 0xcc, 0x30, 0x00,
    0x00, 0x00, 0x00, 0xa1, 0x1b, 0x8e, 0xee, 0xee,
    0xee, 0xef, 0xa9, 0x75, 0x88, 0x88, 0x88, 0x8a,
    0xfa, 0x30, 0x00, 0x00, 0x00, 0x00, 0x5f, 0x40,
    0x00, 0x00, 0x00, 0x00, 0x0a, 0xf0, 0x00, 0x00,
    0x00, 0x00, 0x01, 0xf9, 0x00, 0x00, 0x00, 0x00,
    0x00, 0xaf, 0x20, 0x00, 0x00, 0x00, 0x00, 0x8f,
    0x80, 0x00, 0x00, 0x00, 0x00, 0x9f, 0xa0, 0x00,
    0x00, 0x00, 0x17, 0xef, 0x90, 0x00, 0x00, 0x00,
    0x1e, 0xfc, 0x40, 0x00, 0x00, 0x00, 0x00, 0x33,
    0x00, 0x00, 0x00, 0x00, 0x00,

    /* U+30D8 "ヘ" */
    0x00, 0x00, 0x00, 0x00, 0x00, 0x00, 0x00, 0x00,
    0x00, 0x4f, 0xc1, 0x00, 0x00, 0x00, 0x00, 0x02,
    0xfd, 0xee, 0x20, 0x00, 0x00, 0x00, 0x1d, 0xd1,
    0x2e, 0xd1, 0x00, 0x00, 0x00, 0xcf, 0x30, 0x03,
    0xfd, 0x10, 0x00, 0x0b, 0xf6, 0x00, 0x00, 0x4f,
    0xc0, 0x00, 0x0a, 0xa0, 0x00, 0x00, 0x06, 0xfc,
    0x00, 0x00, 0x00, 0x00, 0x00, 0x00, 0x8f, 0xb0,
    0x00, 0x00, 0x00, 0x00, 0x00, 0x0a, 0xe2, 0x00,
    0x00, 0x00, 0x00, 0x00, 0x00, 0x20,

    /* U+30DE "マ" */
    0x57, 0x77, 0x77, 0x77, 0x77, 0x73, 0x0a, 0xee,
    0xee, 0xee, 0xee, 0xff, 0xd0, 0x00, 0x00, 0x00,
    0x00, 0x09, 0xf4, 0x00, 0x00, 0x00, 0x00, 0x05,
    0xf9, 0x00, 0x00, 0x26, 0x00, 0x03, 0xfc, 0x00,
    0x00, 0x08, 0xfa, 0x03, 0xfd, 0x10, 0x00, 0x00,
    0x07, 0xfd, 0xfc, 0x10, 0x00, 0x00, 0x00, 0x05,
    0xff, 0x10, 0x00, 0x00, 0x00, 0x00, 0x05, 0xfc,
    0x00, 0x00, 0x00, 0x00, 0x00, 0x06, 0xfb, 0x00,
    0x00, 0x00, 0x00, 0x00, 0x08, 0x60, 0x00, 0x00,

    /* U+30E0 "ム" */
    0x00, 0x00, 0x04, 0xb3, 0x00, 0x00, 0x00, 0x00,
    0x00, 0x08, 0xf2, 0x00, 0x00, 0x00, 0x00, 0x00,
    0x0d, 0xc0, 0x00, 0x00, 0x00, 0x00, 0x00, 0x1f,
    0x70, 0x00, 0x00, 0x00, 0x00, 0x00, 0x6f, 0x20,
    0x00, 0x00, 0x00, 0x00, 0x00, 0xcd, 0x00, 0x09,
    0x50, 0x00, 0x00, 0x01, 0xf7, 0x00, 0x0b, 0xe0,
    0x00, 0x00, 0x06, 0xf2, 0x00, 0x02, 0xf8, 0x00,
    0x00, 0x0c, 0xc0, 0x13, 0x57, 0xef, 0x10, 0x0b,
    0xcf, 0xff, 0xff, 0xff, 0xdf, 0x90, 0x0b, 0xb9,
    0x86, 0x43, 0x10, 0x0b, 0xf0, 0x00, 0x00, 0x00,
    0x00, 0x00, 0x03, 0x30,

    /* U+30E1 "メ" */
    0x00, 0x00, 0x00, 0x00, 0x29, 0x20, 0x00, 0x00,
    0x00, 0x00, 0x7f, 0x30, 0x00, 0x36, 0x00, 0x00,
    0xdc, 0x00, 0x00, 0x9f, 0xb1, 0x04, 0xf5, 0x00,
    0x00, 0x05, 0xee, 0x5d, 0xd0, 0x00, 0x00, 0x00,
    0x1c, 0xff, 0x40, 0x00, 0x00, 0x00, 0x06, 0xff,
    0xb0, 0x00, 0x00, 0x00, 0x5f, 0xb7, 0xfc, 0x10,
    0x00, 0x06, 0xfc, 0x00, 0x6f, 0xd1, 0x01, 0xbf,
    0xb0, 0x00, 0x06, 0xe2, 0x2f, 0xf7, 0x00, 0x00,
    0x00, 0x10, 0x04, 0x20, 0x00, 0x00, 0x00, 0x00,

    /* U+30E2 "モ" */
    0x08, 0xff, 0xff, 0xff, 0xff, 0xa0, 0x03, 0x55,
    0xaf, 0x55, 0x55, 0x40, 0x00, 0x00, 0x8f, 0x00,
    0x00, 0x00, 0x00, 0x00, 0x8f, 0x00, 0x00, 0x00,
    0x7f, 0xff, 0xff, 0xff, 0xff, 0xfb, 0x25, 0x55,
    0xaf, 0x55, 0x55, 0x53, 0x00, 0x00, 0x8f, 0x00,
    0x00, 0x00, 0x00, 0x00, 0x8f, 0x00, 0x00, 0x00,
    0x00, 0x00, 0x7f, 0x51, 0x12, 0x31, 0x00, 0x00,
    0x2e, 0xff, 0xff, 0xf4, 0x00, 0x00, 0x00, 0x45,
    0x54, 0x30,

    /* U+30E3 "ャ" */
    0x00, 0x75, 0x00, 0x00, 0x00, 0x00, 0x0a, 0xc0,
    0x00, 0x01, 0x20, 0x00, 0x6f, 0x57, 0xad, 0xff,
    0x08, 0xbe, 0xff, 0xb8, 0x6f, 0x80, 0x99, 0x5d,
    0x90, 0x0b, 0xd0, 0x00, 0x00, 0x9d, 0x09, 0xf2,
    0x00, 0x00, 0x04, 0xf2, 0x23, 0x00, 0x00, 0x00,
    0x0f, 0x60, 0x00, 0x00, 0x00, 0x00, 0xcb, 0x00,
    0x00, 0x00, 0x00, 0x07, 0xf0, 0x00, 0x00, 0x00,
    0x00, 0x12, 0x00, 0x00, 0x00,

    /* U+30E5 "ュ" */
    0x01, 0x11, 0x11, 0x11, 0x00, 0x00, 0xaf, 0xff,
    0xff, 0xf4, 0x00, 0x03, 0x44, 0x44, 0x7f, 0x30,
    0x00, 0x00, 0x00, 0x06, 0xf1, 0x00, 0x00, 0x00,
    0x00, 0x8f, 0x00, 0x00, 0x00, 0x00, 0x0b, 0xc0,
    0x00, 0x77, 0x77, 0x77, 0xed, 0x77, 0x0d, 0xee,
    0xee, 0xee, 0xee, 0xe0,

    /* U+30E7 "ョ" */
    0x2f, 0xff, 0xff, 0xff, 0xa1, 0x55, 0x55, 0x55,
    0xcb, 0x00, 0x00, 0x00, 0x0a, 0xb0, 0x45, 0x55,
    0x55, 0xcb, 0x0c, 0xff, 0xff, 0xff, 0xb0, 0x00,
    0x00, 0x00, 0xab, 0x00, 0x00, 0x00, 0x0a, 0xb5,
    0xff, 0xff, 0xff, 0xfb, 0x15, 0x55, 0x55, 0x5c,
    0xb0,

    /* U+30E9 "ラ" */
    0x00, 0x66, 0x66, 0x66, 0x66, 0x10, 0x00, 0xef,
    0xff, 0xff, 0xff, 0x30, 0x00, 0x00, 0x00, 0x00,
    0x00, 0x00, 0x03, 0x33, 0x33, 0x33, 0x33, 0x20,
    0x3f, 0xff, 0xff, 0xff, 0xff, 0xf2, 0x02, 0x11,
    0x11, 0x11, 0x1c, 0xd0, 0x00, 0x00, 0x00, 0x00,
    0x2f, 0x70, 0x00, 0x00, 0x00, 0x00, 0xce, 0x00,
    0x00, 0x00, 0x00, 0x1b, 0xf3, 0x00, 0x00, 0x00,
    0x07, 0xef, 0x40, 0x00, 0x00, 0x09, 0xff, 0xb2,
    0x00, 0x00, 0x00, 0x02, 0x82, 0x00, 0x00, 0x00,

    /* U+30EA "リ" */
    0x0d, 0x60, 0x00, 0x08, 0xe0, 0x0f, 0x70, 0x00,
    0x08, 0xf0, 0x0f, 0x70, 0x00, 0x08, 0xf0, 0x0f,
    0x70, 0x00, 0x08, 0xf0, 0x0f, 0x70, 0x00, 0x09,
    0xf0, 0x0f, 0x70, 0x00, 0x09, 0xe0, 0x0f, 0x80,
    0x00, 0x0c, 0xc0, 0x00, 0x00, 0x00, 0x2f, 0x80,
    0x00, 0x00, 0x00, 0xcf, 0x20, 0x00, 0x00, 0x5d,
    0xf5, 0x00, 0x00, 0x0b, 0xfd, 0x40, 0x00, 0x00,
    0x01, 0x40, 0x00, 0x00,

    /* U+30EB "ル" */
    0x00, 0x04, 0x90, 0x05, 0x90, 0x00, 0x00, 0x00,
    0x06, 0xf0, 0x08, 0xe0, 0x00, 0x00, 0x00, 0x06,
    0xf0, 0x08, 0xe0, 0x00, 0x00, 0x00, 0x07, 0xf0,
    0x08, 0xe0, 0x00, 0x00, 0x00, 0x07, 0xf0, 0x08,
    0xe0, 0x00, 0x00, 0x00, 0x08, 0xe0, 0x08, 0xe0,
    0x00, 0x00, 0x00, 0x0a, 0xc0, 0x08, 0xe0, 0x00,
    0x81, 0x00, 0x0e, 0x90, 0x08, 0xe0, 0x08, 0xf5,
    0x00, 0x6f, 0x40, 0x08, 0xe1, 0xbf, 0x70, 0x02,
    0xfc, 0x00, 0x08, 0xff, 0xf5, 0x00, 0x0d, 0xe2,
    0x00, 0x08, 0xfb, 0x20, 0x00, 0x02, 0x20, 0x00,
    0x00, 0x40, 0x00, 0x00,

    /* U+30EC "レ" */
    0x08, 0x50, 0x00, 0x00, 0x00, 0x00, 0xf9, 0x00,
    0x00, 0x00, 0x00, 0x0e, 0x90, 0x00, 0x00, 0x00,
    0x00, 0xe9, 0x00, 0x00, 0x00, 0x00, 0x0e, 0x90,
    0x00, 0x00, 0x00, 0x00, 0xe9, 0x00, 0x00, 0x00,
    0x97, 0x0e, 0x90, 0x00, 0x00, 0x9f, 0x70, 0xe9,
    0x00, 0x03, 0xdf, 0x60, 0x0e, 0x90, 0x2a, 0xfe,
    0x40, 0x00, 0xec, 0xcf, 0xf8, 0x00, 0x00, 0x0e,
    0xfd, 0x60, 0x00, 0x00, 0x00, 0x12, 0x00, 0x00,
    0x00, 0x00,

    /* U+30ED "ロ" */
    0xcf, 0xff, 0xff, 0xff, 0xff, 0x7d, 0xc7, 0x77,
    0x77, 0x77, 0xf7, 0xda, 0x00, 0x00, 0x00, 0x0f,
    0x7d, 0xa0, 0x00, 0x00, 0x00, 0xf7, 0xda, 0x00,
    0x00, 0x00, 0x0f, 0x7d, 0xa0, 0x00, 0x00, 0x00,
    0xf7, 0xda, 0x00, 0x00, 0x00, 0x0f, 0x7d, 0xa0,
    0x00, 0x00, 0x00, 0xf7, 0xdf, 0xff, 0xff, 0xff,
    0xff, 0x7d, 0xc6, 0x66, 0x66, 0x66, 0xf8, 0x21,
    0x00, 0x00, 0x00, 0x02, 0x10,

    /* U+30F3 "ン" */
    0x00, 0x30, 0x00, 0x00, 0x00, 0x00, 0x00, 0x7f,
    0x80, 0x00, 0x00, 0x00, 0x00, 0x00, 0xaf, 0xb0,
    0x00, 0x00, 0x00, 0x00, 0x00, 0x7f, 0x90, 0x00,
    0x04, 0xa0, 0x00, 0x00, 0x50, 0x00, 0x01, 0xdd,
    0x00, 0x00, 0x00, 0x00, 0x00, 0xbf, 0x30, 0x00,
    0x00, 0x00, 0x00, 0xbf, 0x60, 0x00, 0x00, 0x00,
    0x02, 0xdf, 0x70, 0x00, 0x00, 0x00, 0x19, 0xff,
    0x50, 0x00, 0x00, 0x36, 0xbf, 0xfa, 0x10, 0x00,
    0x00, 0x0c, 0xfe, 0x92, 0x00, 0x00, 0x00, 0x00,
    0x23, 0x00, 0x00, 0x00, 0x00, 0x00,

    /* U+30FC "ー" */
    0x00, 0x00, 0x00, 0x00, 0x00, 0x00, 0xdf, 0xff,
    0xff, 0xff, 0xff, 0xf6, 0x89, 0x99, 0x99, 0x99,
    0x99, 0x94,

    /* U+4E88 "予" */
    0x00, 0x00, 0x00, 0x00, 0x00, 0x00, 0x00, 0x00,
    0xdf, 0xff, 0xff, 0xff, 0xfa, 0x00, 0x00, 0x23,
    0x33, 0x33, 0x5e, 0xe3, 0x00, 0x00, 0x00, 0x9d,
    0x66, 0xec, 0x10, 0x00, 0x00, 0x00, 0x17, 0xef,
    0xe3, 0x00, 0x00, 0x18, 0x88, 0x88, 0x8d, 0xfe,
    0x88, 0x82, 0x1b, 0xbb, 0xbb, 0xdf, 0xbb, 0xbe,
    0xf3, 0x00, 0x00, 0x00, 0x7e, 0x00, 0x2f, 0x80,
    0x00, 0x00, 0x00, 0x7e, 0x00, 0xad, 0x00, 0x00,
    0x00, 0x00, 0x7e, 0x00, 0x01, 0x00, 0x00, 0x00,
    0x00, 0x7e, 0x00, 0x00, 0x00, 0x00, 0x00, 0x33,
    0x9e, 0x00, 0x00, 0x00, 0x00, 0x00, 0xaf, 0xf8,
    0x00, 0x00, 0x00, 0x00, 0x00, 0x00, 0x00, 0x00,
    0x00, 0x00,

    /* U+4F5C "作" */
    0x00, 0x05, 0x50, 0x17, 0x00, 0x00, 0x00, 0x00,
    0x0e, 0x70, 0x6f, 0x00, 0x00, 0x00, 0x00, 0x6f,
    0x10, 0xdc, 0x66, 0x66, 0x61, 0x01, 0xe9, 0x05,
    0xfe, 0xfd, 0xdd, 0xd2, 0x0a, 0xf7, 0x0e, 0x85,
    0xf0, 0x00, 0x00, 0x7f, 0xf7, 0xae, 0x05, 0xf4,
    0x44, 0x30, 0x69, 0xe7, 0x53, 0x05, 0xff, 0xff,
    0xc0, 0x00, 0xe7, 0x00, 0x05, 0xf0, 0x00, 0x00,
    0x00, 0xe7, 0x00, 0x05, 0xf4, 0x44, 0x40, 0x00,
    0xe7, 0x00, 0x05, 0xff, 0xff, 0xf0, 0x00, 0xe7,
    0x00, 0x05, 0xf0, 0x00, 0x00, 0x00, 0xe7, 0x00,
    0x05, 0xf0, 0x00, 0x00, 0x00, 0xe7, 0x00, 0x05,
    0xf0, 0x00, 0x00,

    /* U+5145 "充" */
    0x00, 0x00, 0x00, 0xf7, 0x00, 0x00, 0x00, 0x00,
    0x00, 0x00, 0xf7, 0x00, 0x00, 0x00, 0x1f, 0xff,
    0xff, 0xff, 0xff, 0xff, 0xf2, 0x04, 0x44, 0xce,
    0x44, 0x78, 0x44, 0x40, 0x00, 0x01, 0xf6, 0x00,
    0x5f, 0x80, 0x00, 0x03, 0x49, 0xf5, 0x66, 0x7b,
    0xfa, 0x00, 0x0d, 0xff, 0xff, 0xed, 0xcc, 0xbf,
    0xa0, 0x01, 0x10, 0xb8, 0x01, 0xe3, 0x04, 0x20,
    0x00, 0x00, 0xe7, 0x01, 0xf4, 0x00, 0x00, 0x00,
    0x03, 0xf3, 0x01, 0xf4, 0x00, 0x50, 0x00, 0x0c,
    0xd0, 0x01, 0xf4, 0x00, 0xf4, 0x06, 0xde, 0x30,
    0x01, 0xf7, 0x45, 0xf2, 0x2e, 0x91, 0x00, 0x00,
    0xbf, 0xff, 0xa0, 0x00, 0x00, 0x00, 0x00, 0x00,
    0x00, 0x00,

    /* U+5148 "先" */
    0x00, 0x06, 0x60, 0x7e, 0x00, 0x00, 0x00, 0x00,
    0x0d, 0x80, 0x7e, 0x00, 0x00, 0x00, 0x00, 0x3f,
    0xff, 0xff, 0xff, 0xff, 0x50, 0x00, 0xad, 0x55,
    0xaf, 0x55, 0x55, 0x20, 0x03, 0xf5, 0x00, 0x7e,
    0x00, 0x00, 0x00, 0x00, 0x40, 0x00, 0x7e, 0x00,
    0x00, 0x00, 0x0e, 0xff, 0xff, 0xff, 0xff, 0xff,
    0xf3, 0x05, 0x66, 0xbf, 0x66, 0xdc, 0x66, 0x61,
    0x00, 0x00, 0xab, 0x00, 0xb9, 0x00, 0x00, 0x00,
    0x00, 0xe7, 0x00, 0xb9, 0x00, 0x10, 0x00, 0x08,
    0xf1, 0x00, 0xb9, 0x00, 0xc5, 0x01, 0xaf, 0x60,
    0x00, 0xab, 0x44, 0xe4, 0x0c, 0xe5, 0x00, 0x00,
    0x5f, 0xff, 0xd0, 0x01, 0x00, 0x00, 0x00, 0x00,
    0x00, 0x00,

    /* U+5186 "円" */
    0x8b, 0xbb, 0xbb, 0xbb, 0xbb, 0xb8, 0xbd, 0xaa,
    0xac, 0xfa, 0xaa, 0xdb, 0xb9, 0x00, 0x06, 0xe0,
    0x00, 0x9b, 0xb9, 0x00, 0x06, 0xe0, 0x00, 0x9b,
    0xb9, 0x00, 0x06, 0xe0, 0x00, 0x9b, 0xbe, 0xbb,
    0xbd, 0xfb, 0xbb, 0xeb, 0xbd, 0x99, 0x99, 0x99,
    0x99, 0xdb, 0xb9, 0x00, 0x00, 0x00, 0x00, 0x9b,
    0xb9, 0x00, 0x00, 0x00, 0x00, 0x9b, 0xb9, 0x00,
    0x00, 0x00, 0x00, 0x9b, 0xb9, 0x00, 0x00, 0x00,
    0x34, 0xbb, 0xb9, 0x00, 0x00, 0x00, 0x7f, 0xe5,

    /* U+5207 "切" */
    0x00, 0xf4, 0x03, 0x99, 0x99, 0x99, 0x94, 0x00,
    0xf4, 0x04, 0xbb, 0xfc, 0xbb, 0xf6, 0x00, 0xf5,
    0x36, 0x21, 0xf3, 0x00, 0xf6, 0x49, 0xff, 0xfc,
    0x42, 0xf2, 0x00, 0xf6, 0x69, 0xf6, 0x00, 0x03,
    0xf1, 0x00, 0xf5, 0x00, 0xf4, 0x00, 0x05, 0xf0,
    0x00, 0xf4, 0x00, 0xf4, 0x08, 0x18, 0xd0, 0x01,
    0xf4, 0x00, 0xf4, 0x0f, 0x3c, 0x90, 0x02, 0xf3,
    0x00, 0xef, 0xfe, 0x3f, 0x40, 0x03, 0xf2, 0x00,
    0x14, 0x42, 0xcd, 0x00, 0x06, 0xf0, 0x00, 0x00,
    0x1b, 0xf3, 0x05, 0x5c, 0xd0, 0x00, 0x00, 0x4e,
    0x40, 0x0e, 0xfe, 0x50, 0x00, 0x00, 0x00, 0x00,
    0x00, 0x00, 0x00,

    /* U+5225 "別" */
    0x00, 0x00, 0x00, 0x00, 0x00, 0x06, 0xe0, 0xef,
    0xff, 0xfb, 0x00, 0x00, 0x6e, 0x0e, 0x62, 0x2a,
    0xb0, 0xf4, 0x06, 0xe0, 0xe4, 0x00, 0x8b, 0x0f,
    0x40, 0x6e, 0x0e, 0xba, 0xad, 0xb0, 0xf4, 0x06,
    0xe0, 0x8c, 0xe9, 0x96, 0x0f, 0x40, 0x6e, 0x00,
    0x8c, 0x11, 0x10, 0xf4, 0x06, 0xe0, 0x0a, 0xff,
    0xfc, 0x0f, 0x40, 0x6e, 0x00, 0xc8, 0x28, 0xc0,
    0xf4, 0x06, 0xe0, 0x1f, 0x30, 0x8b, 0x0c, 0x30,
    0x6e, 0x08, 0xe0, 0x09, 0xa0, 0x00, 0x06, 0xe3,
    0xf6, 0x22, 0xd7, 0x00, 0x55, 0xae, 0x5a, 0x09,
    0xfd, 0x20, 0x0c, 0xfe, 0x70, 0x00, 0x00, 0x00,
    0x00, 0x00, 0x00,

    /* U+523B "刻" */
    0x00, 0x05, 0xf0, 0x00, 0x00, 0x00, 0x00, 0x00,
    0x5f, 0x00, 0x00, 0x00, 0x5e, 0x4e, 0xef, 0xfe,
    0xed, 0x5e, 0x05, 0xe0, 0x13, 0xf8, 0x11, 0x15,
    0xe0, 0x5e, 0x03, 0xbb, 0x07, 0x70, 0x5e, 0x05,
    0xe2, 0xff, 0x13, 0xf5, 0x05, 0xe0, 0x5e, 0x02,
    0xdc, 0xe9, 0x00, 0x5e, 0x05, 0xe0, 0x04, 0xfa,
    0x0a, 0x85, 0xe0, 0x5e, 0x07, 0xf9, 0x08, 0xf2,
    0x5e, 0x05, 0xe1, 0xc5, 0x09, 0xf4, 0x04, 0xb0,
    0x5e, 0x00, 0x2c, 0xff, 0x60, 0x00, 0x05, 0xe2,
    0x9f, 0xb1, 0x7f, 0x90, 0x25, 0x9e, 0x2c, 0x50,
    0x00, 0x58, 0x03, 0xfe, 0x80,

    /* U+52D5 "動" */
    0x00, 0x13, 0x57, 0x80, 0x0f, 0x40, 0x00, 0x1e,
    0xdd, 0xf9, 0x70, 0x0f, 0x40, 0x00, 0x16, 0x69,
    0xf6, 0x62, 0x0f, 0x40, 0x00, 0x29, 0x9b, 0xf9,
    0x99, 0x9f, 0xb9, 0xa3, 0x0b, 0xbc, 0xfb, 0xb8,
    0xaf, 0xba, 0xf6, 0x1f, 0x27, 0xe2, 0xe3, 0x1f,
    0x20, 0xe5, 0x1f, 0xde, 0xfd, 0xf3, 0x3f, 0x00,
    0xe5, 0x1f, 0x69, 0xf6, 0xf3, 0x5e, 0x00, 0xf4,
    0x06, 0x69, 0xf6, 0x61, 0x9b, 0x00, 0xf4, 0x1f,
    0xff, 0xff, 0xf4, 0xe6, 0x01, 0xf3, 0x00, 0x05,
    0xe2, 0x39, 0xf0, 0x02, 0xf1, 0x3b, 0xce, 0xff,
    0xff, 0x62, 0x39, 0xf0, 0x27, 0x54, 0x20, 0xa9,
    0x06, 0xff, 0x70, 0x00, 0x00, 0x00, 0x00, 0x00,
    0x00, 0x00,

    /* U+53BB "去" */
    0x00, 0x00, 0x00, 0xe7, 0x00, 0x00, 0x00, 0x00,
    0x00, 0x00, 0xe7, 0x00, 0x00, 0x00, 0x05, 0xff,
    0xff, 0xff, 0xff, 0xff, 0x20, 0x02, 0x66, 0x66,
    0xfa, 0x66, 0x66, 0x00, 0x00, 0x00, 0x00, 0xe7,
    0x00, 0x00, 0x00, 0x00, 0x00, 0x00, 0xe7, 0x00,
    0x00, 0x00, 0x7f, 0xff, 0xff, 0xff, 0xff, 0xff,
    0xf3, 0x25, 0x55, 0x9f, 0x85, 0x55, 0x55, 0x51,
    0x00, 0x00, 0xbe, 0x00, 0x19, 0x20, 0x00, 0x00,
    0x02, 0xf6, 0x00, 0x0b, 0xe1, 0x00, 0x00, 0x09,
    0xd0, 0x00, 0x13, 0xfb, 0x00, 0x0b, 0xcf, 0xfe,
    0xff, 0xff, 0xff, 0x70, 0x08, 0x98, 0x77, 0x65,
    0x43, 0x2b, 0xd0, 0x00, 0x00, 0x00, 0x00, 0x00,
    0x01, 0x00,

    /* U+56DE "回" */
    0xcf, 0xff, 0xff, 0xff, 0xff, 0xff, 0x4c, 0xb5,
    0x55, 0x55, 0x55, 0x57, 0xf4, 0xc9, 0x00, 0x00,
    0x00, 0x00, 0x2f, 0x4c, 0x90, 0xef, 0xff, 0xfe,
    0x02, 0xf4, 0xc9, 0x0e, 0x73, 0x38, 0xe0, 0x2f,
    0x4c, 0x90, 0xe5, 0x00, 0x6e, 0x02, 0xf4, 0xc9,
    0x0e, 0x50, 0x06, 0xe0, 0x2f, 0x4c, 0x90, 0xef,
    0xff, 0xfe, 0x02, 0xf4, 0xc9, 0x03, 0x33, 0x33,
    0x30, 0x2f, 0x4c, 0x90, 0x00, 0x00, 0x00, 0x02,
    0xf4, 0xcf, 0xff, 0xff, 0xff, 0xff, 0xff, 0x4c,
    0xb4, 0x44, 0x44, 0x44, 0x46, 0xf4,

    /* U+571F "土" */
    0x00, 0x00, 0x00, 0xe8, 0x00, 0x00, 0x00, 0x00,
    0x00, 0x00, 0xe8, 0x00, 0x00, 0x00, 0x00, 0x00,
    0x00, 0xe8, 0x00, 0x00, 0x00, 0x00, 0x00, 0x00,
    0xe8, 0x00, 0x00, 0x00, 0x03, 0x55, 0x55, 0xfa,
    0x55, 0x55, 0x10, 0x09, 0xff, 0xff, 0xff, 0xff,
    0xff, 0x30, 0x00, 0x00, 0x00, 0xe8, 0x00, 0x00,
    0x00, 0x00, 0x00, 0x00, 0xe8, 0x00, 0x00, 0x00,
    0x00, 0x00, 0x00, 0xe8, 0x00, 0x00, 0x00, 0x00,
    0x00, 0x00, 0xe8, 0x00, 0x00, 0x00, 0x00, 0x00,
    0x00, 0xe8, 0x00, 0x00, 0x00, 0x6d, 0xdd, 0xdd,
    0xfe, 0xdd, 0xdd, 0xd2, 0x37, 0x77, 0x77, 0x77,
    0x77, 0x77, 0x71,

    /* U+5727 "圧" */
    0x04, 0xff, 0xff, 0xff, 0xff, 0xff, 0xf0, 0x04,
    0xf5, 0x44, 0x44, 0x44, 0x44, 0x40, 0x04, 0xf1,
    0x00, 0x0e, 0x60, 0x00, 0x00, 0x04, 0xf1, 0x00,
    0x0e, 0x60, 0x00, 0x00, 0x04, 0xf1, 0x00, 0x0e,
    0x60, 0x00, 0x00, 0x04, 0xf8, 0xff, 0xff, 0xff,
    0xff, 0x30, 0x05, 0xf1, 0x33, 0x3f, 0x83, 0x33,
    0x00, 0x07, 0xd0, 0x00, 0x0e, 0x60, 0x00, 0x00,
    0x0a, 0xb0, 0x00, 0x0e, 0x60, 0x00, 0x00, 0x0e,
    0x70, 0x00, 0x0e, 0x60, 0x00, 0x00, 0x4f, 0x7b,
    0xbb, 0xbf, 0xdb, 0xbb, 0xb1, 0x4a, 0x38, 0x88,
    0x88, 0x88, 0x88, 0x81,

    /* U+5831 "報" */
    0x00, 0x0e, 0x40, 0x00, 0x00, 0x00, 0x00, 0x04,
    0x4f, 0x74, 0x1a, 0xff, 0xff, 0x90, 0x0d, 0xdf,
    0xed, 0x3a, 0xa2, 0x2b, 0x90, 0x01, 0x1f, 0x51,
    0x0a, 0x91, 0x4b, 0x90, 0x8f, 0xff, 0xff, 0xca,
    0x92, 0xdc, 0x40, 0x06, 0xb0, 0x4e, 0x0a, 0xb6,
    0x66, 0x40, 0x04, 0xf2, 0x9a, 0x1a, 0xfe, 0xad,
    0xc0, 0x4f, 0xff, 0xff, 0x9a, 0xcd, 0x0b, 0x80,
    0x00, 0x0e, 0x40, 0x0a, 0x9d, 0x6f, 0x40, 0x2e,
    0xef, 0xfe, 0x6a, 0x96, 0xfd, 0x00, 0x03, 0x3f,
    0x73, 0x1a, 0x92, 0xfb, 0x00, 0x00, 0x0e, 0x40,
    0x0a, 0xad, 0xcf, 0xa1, 0x00, 0x0e, 0x40, 0x0a,
    0xcb, 0x03, 0xc1, 0x00, 0x00, 0x00, 0x00, 0x00,
    0x00, 0x00,

    /* U+5834 "場" */
    0x00, 0xe5, 0x00, 0x00, 0x00, 0x00, 0x00, 0x00,
    0xe5, 0x00, 0xff, 0xff, 0xff, 0x80, 0x00, 0xe5,
    0x00, 0xf7, 0x55, 0x5c, 0x80, 0x5c, 0xfd, 0x90,
    0xf7, 0x55, 0x5c, 0x80, 0x13, 0xf7, 0x20, 0xff,
    0xff, 0xff, 0x80, 0x00, 0xe5, 0x24, 0x44, 0x44,
    0x44, 0x40, 0x00, 0xe5, 0xaf, 0xff, 0xff, 0xff,
    0xf2, 0x00, 0xe6, 0x31, 0xe8, 0x11, 0x11, 0x20,
    0x02, 0xff, 0xdd, 0xff, 0xff, 0xff, 0xf2, 0x7f,
    0xd8, 0xe8, 0x1e, 0x75, 0xc2, 0xf1, 0x35, 0x00,
    0x22, 0xda, 0x1e, 0x54, 0xf0, 0x00, 0x00, 0x5f,
    0xa0, 0xbb, 0x09, 0xc0, 0x00, 0x00, 0x04, 0x06,
    0xc1, 0xff, 0x50, 0x00, 0x00, 0x00, 0x00, 0x00,
    0x00, 0x00,

    /* U+5BDD "寝" */
    0x00, 0x00, 0x00, 0xab, 0x00, 0x00, 0x00, 0x0d,
    0xdd, 0xdd, 0xff, 0xdd, 0xdd, 0xd2, 0x0f, 0x69,
    0x43, 0x33, 0x33, 0x34, 0xf3, 0x09, 0x2f, 0x27,
    0xdd, 0xdd, 0xdf, 0xb2, 0x08, 0x0f, 0x20, 0x77,
    0x77, 0x7f, 0x30, 0x0d, 0x6f, 0x20, 0x44, 0x44,
    0x4f, 0x30, 0x07, 0xcf, 0x28, 0xdd, 0xdd, 0xdd,
    0x20, 0x01, 0x4f, 0x48, 0x88, 0x88, 0x88, 0x81,
    0x00, 0x4f, 0x6e, 0x55, 0x55, 0x56, 0xf2, 0x3c,
    0xef, 0x46, 0xef, 0xee, 0xfe, 0x60, 0x49, 0x1f,
    0x20, 0x3e, 0x56, 0xe3, 0x00, 0x00, 0x0f, 0x20,
    0x3a, 0xff, 0x93, 0x10, 0x00, 0x0f, 0x4e, 0xb7,
    0x23, 0x8c, 0xe3,

    /* U+5DE5 "工" */
    0x04, 0x66, 0x66, 0x66, 0x66, 0x66, 0x20, 0x0b,
    0xff, 0xff, 0xff, 0xff, 0xff, 0x70, 0x00, 0x00,
    0x00, 0xe9, 0x00, 0x00, 0x00, 0x00, 0x00, 0x00,
    0xe9, 0x00, 0x00, 0x00, 0x00, 0x00, 0x00, 0xe9,
    0x00, 0x00, 0x00, 0x00, 0x00, 0x00, 0xe9, 0x00,
    0x00, 0x00, 0x00, 0x00, 0x00, 0xe9, 0x00, 0x00,
    0x00, 0x00, 0x00, 0x00, 0xe9, 0x00, 0x00, 0x00,
    0x00, 0x00, 0x00, 0xe9, 0x00, 0x00, 0x00, 0x00,
    0x00, 0x00, 0xe9, 0x00, 0x00, 0x00, 0x7f, 0xff,
    0xff, 0xff, 0xff, 0xff, 0xf3, 0x25, 0x55, 0x55,
    0x55, 0x55, 0x55, 0x51,

    /* U+5DFB "巻" */
    0x00, 0x00, 0x00, 0x00, 0x00, 0x00, 0x00, 0x00,
    0x3a, 0x02, 0xf3, 0x03, 0xc1, 0x00, 0x00, 0x0e,
    0x65, 0xf0, 0x0a, 0xb0, 0x00, 0x06, 0xdf, 0xee,
    0xfd, 0xdf, 0xed, 0x30, 0x02, 0x44, 0x5f, 0x87,
    0xf5, 0x44, 0x10, 0x13, 0x33, 0x9f, 0x33, 0xe8,
    0x33, 0x30, 0x6f, 0xff, 0xff, 0xff, 0xff, 0xff,
    0xf1, 0x00, 0x3f, 0x90, 0x00, 0x09, 0xe2, 0x00,
    0x06, 0xfd, 0xff, 0xff, 0xfb, 0xaf, 0x60, 0x6f,
    0x70, 0x11, 0x11, 0xab, 0x06, 0xd1, 0x02, 0x0a,
    0xfe, 0xee, 0xfb, 0x00, 0x00, 0x00, 0x0b, 0xa2,
    0x22, 0x21, 0x57, 0x00, 0x00, 0x0a, 0xb3, 0x33,
    0x33, 0xba, 0x00, 0x00, 0x05, 0xef, 0xff, 0xff,
    0xe3, 0x00,

    /* U+5E38 "常" */
    0x05, 0xa0, 0x07, 0xe0, 0x07, 0x70, 0x03, 0xf6,
    0x07, 0xe0, 0x2f, 0x50, 0xbc, 0xfc, 0xce, 0xfc,
    0xce, 0xcc, 0xe9, 0x66, 0x66, 0x66, 0x66, 0x9f,
    0xe5, 0xaf, 0xff, 0xff, 0xfe, 0x4f, 0x62, 0xab,
    0x00, 0x00, 0x7e, 0x16, 0x00, 0xae, 0xaa, 0xaa,
    0xce, 0x00, 0x00, 0x23, 0x37, 0xf4, 0x33, 0x00,
    0x0d, 0xdd, 0xde, 0xfd, 0xdd, 0xe2, 0x0f, 0x95,
    0x58, 0xf5, 0x55, 0xf2, 0x0f, 0x60, 0x05, 0xf0,
    0x00, 0xf2, 0x0f, 0x60, 0x05, 0xf0, 0xac, 0xf1,
    0x05, 0x10, 0x05, 0xf0, 0x46, 0x30,

    /* U+5F37 "強" */
    0x00, 0x00, 0x00, 0x03, 0xa1, 0x00, 0x00, 0x3f,
    0xff, 0xd0, 0x0b, 0xc0, 0x38, 0x00, 0x03, 0x38,
    0xd0, 0x4f, 0x42, 0x4f, 0x90, 0x02, 0x27, 0xda,
    0xff, 0xff, 0xdc, 0xf5, 0x0f, 0xff, 0xd1, 0x21,
    0x5e, 0x00, 0x41, 0x1f, 0x00, 0x05, 0xdd, 0xef,
    0xdd, 0xc0, 0x3f, 0x67, 0x66, 0xe4, 0x8f, 0x48,
    0xe0, 0x5f, 0xcd, 0xd6, 0xd0, 0x5e, 0x05, 0xe0,
    0x14, 0x07, 0xc6, 0xff, 0xff, 0xff, 0xe0, 0x00,
    0x08, 0xb0, 0x22, 0x7f, 0x39, 0x20, 0x00, 0x09,
    0x90, 0x00, 0x5e, 0x0d, 0x90, 0x03, 0x3e, 0x78,
    0xab, 0xdf, 0xef, 0xf3, 0x0a, 0xfe, 0x29, 0xa9,
    0x76, 0x53, 0xa8, 0x00, 0x00, 0x00, 0x00, 0x00,
    0x00, 0x00,

    /* U+5F8C "後" */
    0x00, 0x00, 0x00, 0x00, 0x00, 0x00, 0x00, 0x00,
    0x5d, 0x00, 0x0c, 0x60, 0x00, 0x00, 0x04, 0xf5,
    0x04, 0x8d, 0x13, 0xc2, 0x00, 0x5f, 0x60, 0x4f,
    0xf2, 0x2e, 0x90, 0x00, 0x55, 0x1e, 0x43, 0xeb,
    0xe9, 0x43, 0x00, 0x00, 0xbc, 0x00, 0x4f, 0x80,
    0x8e, 0x20, 0x0a, 0xf6, 0xcd, 0xff, 0xee, 0xef,
    0xd0, 0xaf, 0xf6, 0x55, 0x6f, 0x73, 0x23, 0xd3,
    0x63, 0xd6, 0x01, 0xdf, 0xcc, 0xc9, 0x00, 0x00,
    0xd6, 0x4e, 0xf7, 0x45, 0xf9, 0x00, 0x00, 0xd6,
    0xc9, 0x7e, 0x5d, 0xc0, 0x00, 0x00, 0xd6, 0x00,
    0x0c, 0xff, 0x20, 0x00, 0x00, 0xd6, 0x48, 0xee,
    0x8d, 0xfa, 0x51, 0x00, 0xd6, 0xcb, 0x60, 0x00,
    0x5a, 0xd1, 0x00, 0x00, 0x00, 0x00, 0x00, 0x00,
    0x00,

    /* U+614B "態" */
    0x00, 0x00, 0x00, 0x00, 0x00, 0x00, 0x00, 0x00,
    0x6e, 0x14, 0x03, 0xf0, 0x05, 0x10, 0x00, 0xe6,
    0x0c, 0x93, 0xfa, 0xed, 0x40, 0x1e, 0xff, 0xff,
    0xf7, 0xf6, 0x20, 0x41, 0x05, 0x66, 0x55, 0x63,
    0xf9, 0x88, 0xe4, 0x08, 0xd8, 0x8b, 0x91, 0x96,
    0x66, 0x50, 0x08, 0xfc, 0xce, 0x93, 0xf0, 0x4a,
    0x70, 0x08, 0xd5, 0x5a, 0x93, 0xfe, 0xb7, 0x10,
    0x08, 0xd6, 0x6a, 0x93, 0xf0, 0x00, 0x94, 0x08,
    0xb0, 0x8e, 0x81, 0xfe, 0xee, 0xf3, 0x01, 0x20,
    0x12, 0xea, 0x12, 0x35, 0x10, 0x00, 0xb7, 0xaa,
    0x1c, 0x61, 0x6f, 0x50, 0x07, 0xe1, 0xab, 0x11,
    0x19, 0x97, 0xf3, 0x1b, 0x30, 0x6f, 0xff, 0xff,
    0x40, 0x94,

    /* U+6301 "持" */
    0x00, 0x00, 0x00, 0x00, 0x00, 0x00, 0x00, 0x00,
    0xe4, 0x00, 0x00, 0x5e, 0x00, 0x00, 0x00, 0xe4,
    0x00, 0x33, 0x7f, 0x33, 0x20, 0x01, 0xf5, 0x04,
    0xff, 0xff, 0xff, 0xd0, 0xaf, 0xff, 0xa0, 0x11,
    0x6f, 0x11, 0x10, 0x12, 0xf6, 0x15, 0x66, 0x9f,
    0x66, 0x63, 0x00, 0xe4, 0x0d, 0xdd, 0xdd, 0xef,
    0xd7, 0x00, 0xfb, 0x70, 0x00, 0x00, 0x8c, 0x00,
    0x9f, 0xfb, 0x4c, 0xff, 0xff, 0xff, 0xf6, 0x54,
    0xf4, 0x03, 0x67, 0x44, 0xad, 0x41, 0x00, 0xe4,
    0x00, 0x9d, 0x00, 0x8c, 0x00, 0x00, 0xe4, 0x00,
    0x0e, 0x80, 0x8c, 0x00, 0x13, 0xf4, 0x00, 0x04,
    0x33, 0xac, 0x00, 0x2f, 0xd1, 0x00, 0x00, 0x2f,
    0xf7, 0x00, 0x00, 0x00, 0x00, 0x00, 0x00, 0x00,
    0x00,

    /* U+63A2 "探" */
    0x00, 0xe5, 0x00, 0x00, 0x00, 0x00, 0x00, 0x00,
    0xe5, 0x0e, 0xff, 0xff, 0xff, 0xf2, 0x00, 0xe5,
    0x0e, 0x59, 0x64, 0xa2, 0xf2, 0x8f, 0xff, 0xba,
    0x2e, 0x54, 0xe0, 0xa1, 0x13, 0xf7, 0x20, 0x4f,
    0x14, 0xe0, 0x94, 0x00, 0xe5, 0x09, 0xf6, 0x02,
    0xff, 0xf2, 0x00, 0xfb, 0x84, 0x10, 0x8b, 0x12,
    0x10, 0x7e, 0xfe, 0x75, 0x55, 0xcf, 0x55, 0x51,
    0x68, 0xf5, 0x0d, 0xde, 0xff, 0xed, 0xd2, 0x00,
    0xe5, 0x00, 0x1d, 0xff, 0xe2, 0x00, 0x00, 0xe5,
    0x03, 0xeb, 0xae, 0x8e, 0x40, 0x13, 0xf4, 0x8f,
    0x90, 0xae, 0x08, 0xf4, 0x1f, 0xd1, 0x13, 0x00,
    0xae, 0x00, 0x20, 0x00, 0x00, 0x00, 0x00, 0x00,
    0x00, 0x00,

    /* U+6642 "時" */
    0x00, 0x00, 0x00, 0x00, 0x6e, 0x00, 0x00, 0x3f,
    0xff, 0xf3, 0x33, 0x8f, 0x33, 0x20, 0x3f, 0x34,
    0xf5, 0xff, 0xff, 0xff, 0xd0, 0x3f, 0x01, 0xf2,
    0x00, 0x6e, 0x00, 0x00, 0x3f, 0x01, 0xf9, 0x88,
    0xbf, 0x88, 0x84, 0x3f, 0xff, 0xf9, 0x99, 0x99,
    0xde, 0x95, 0x3f, 0x34, 0xf2, 0x00, 0x00, 0x9b,
    0x00, 0x3f, 0x01, 0xfd, 0xff, 0xff, 0xff, 0xf6,
    0x3f, 0x01, 0xf3, 0x54, 0x11, 0x9c, 0x10, 0x3f,
    0xff, 0xf2, 0x9e, 0x10, 0x9b, 0x00, 0x3f, 0x44,
    0x40, 0x0c, 0xa0, 0x9b, 0x00, 0x17, 0x00, 0x00,
    0x02, 0x33, 0xab, 0x00, 0x00, 0x00, 0x00, 0x00,
    0x5f, 0xe6, 0x00, 0x00, 0x00, 0x00, 0x00, 0x00,
    0x00, 0x00,

    /* U+6674 "晴" */
    0x00, 0x00, 0x00, 0x00, 0x5f, 0x00, 0x00, 0x1f,
    0xff, 0x95, 0xdd, 0xef, 0xdd, 0xd1, 0x1f, 0x5a,
    0x91, 0x33, 0x7f, 0x33, 0x30, 0x1f, 0x08, 0x90,
    0xee, 0xff, 0xee, 0xc0, 0x1f, 0x08, 0x93, 0x44,
    0x8f, 0x44, 0x41, 0x1f, 0xce, 0x98, 0xbb, 0xbb,
    0xbb, 0xb4, 0x1f, 0x29, 0x90, 0x9d, 0xdd, 0xdd,
    0x70, 0x1f, 0x08, 0x90, 0xb9, 0x22, 0x2b, 0x90,
    0x1f, 0x08, 0x90, 0xbf, 0xee, 0xef, 0x90, 0x1f,
    0xce, 0x90, 0xb9, 0x11, 0x1b, 0x90, 0x1f, 0x77,
    0x40, 0xbf, 0xee, 0xef, 0x90, 0x0a, 0x00, 0x00,
    0xb8, 0x00, 0x1a, 0x90, 0x00, 0x00, 0x00, 0xb8,
    0x00, 0xfe, 0x50,

    /* U+66C7 "曇" */
    0x00, 0xbd, 0xaa, 0xaa, 0xaa, 0xea, 0x00, 0x00,
    0xbc, 0x88, 0x88, 0x88, 0xda, 0x00, 0x00, 0x7a,
    0xaa, 0xaa, 0xaa, 0xa6, 0x00, 0x02, 0xbb, 0xbb,
    0xdd, 0xbb, 0xbb, 0x30, 0x0c, 0xdd, 0xdd, 0xfe,
    0xdd, 0xdd, 0xd0, 0x0f, 0x48, 0x85, 0xb8, 0x68,
    0x84, 0xf0, 0x03, 0x01, 0x11, 0xb8, 0x11, 0x10,
    0x30, 0x00, 0x49, 0x96, 0x76, 0x79, 0x94, 0x00,
    0x00, 0x7b, 0xbb, 0xbb, 0xbb, 0xb9, 0x00, 0x2e,
    0xee, 0xee, 0xee, 0xee, 0xee, 0xe2, 0x00, 0x00,
    0xd8, 0x00, 0x4e, 0xb2, 0x00, 0x03, 0xde, 0xfe,
    0xee, 0xee, 0xef, 0x40, 0x00, 0x11, 0x00, 0x00,
    0x00, 0x03, 0x00,

    /* U+66DC "曜" */
    0x2f, 0xff, 0x9b, 0xef, 0xe9, 0xee, 0xf1, 0x2f,
    0x2a, 0x95, 0xac, 0xe3, 0xaa, 0xf1, 0x2f, 0x09,
    0x92, 0x48, 0xe1, 0x44, 0xf1, 0x2f, 0x09, 0x9b,
    0xef, 0xea, 0xee, 0xf1, 0x2f, 0xff, 0x90, 0xab,
    0x09, 0xb0, 0x00, 0x2f, 0x5c, 0x95, 0xfd, 0xcf,
    0xec, 0xc2, 0x2f, 0x09, 0xcf, 0xf3, 0x5f, 0x43,
    0x30, 0x2f, 0x09, 0xdb, 0xfc, 0xcf, 0xcc, 0x70,
    0x2f, 0xef, 0x94, 0xf6, 0x7f, 0x66, 0x40, 0x2f,
    0x44, 0x24, 0xf8, 0x9f, 0x88, 0x50, 0x17, 0x00,
    0x04, 0xf6, 0x7f, 0x66, 0x61, 0x00, 0x00, 0x04,
    0xfa, 0xaa, 0xaa, 0xa3,

    /* U+6700 "最" */
    0x00, 0x5f, 0xee, 0xee, 0xee, 0xfe, 0x00, 0x00,
    0x5f, 0x66, 0x66, 0x66, 0xae, 0x00, 0x00, 0x5f,
    0x55, 0x55, 0x55, 0x9e, 0x00, 0x00, 0x4e, 0xee,
    0xee, 0xee, 0xec, 0x00, 0x05, 0x55, 0x55, 0x55,
    0x55, 0x55, 0x51, 0x0b, 0xfd, 0xbe, 0xeb, 0xbb,
    0xbb, 0xb2, 0x00, 0xdb, 0x8d, 0xa9, 0x99, 0x9a,
    0x70, 0x00, 0xd9, 0x5b, 0xa6, 0xe5, 0x5d, 0x80,
    0x00, 0xdf, 0xff, 0xa0, 0xd7, 0x5e, 0x10, 0x00,
    0xd7, 0x3b, 0xa0, 0x3f, 0xf3, 0x00, 0x1e, 0xff,
    0xef, 0xb5, 0xcd, 0xec, 0x40, 0x03, 0x10, 0x09,
    0xbc, 0x70, 0x07, 0xd2,

    /* U+6728 "木" */
    0x00, 0x00, 0x00, 0xe8, 0x00, 0x00, 0x00, 0x00,
    0x00, 0x00, 0xe8, 0x00, 0x00, 0x00, 0x00, 0x00,
    0x00, 0xe8, 0x00, 0x00, 0x00, 0x15, 0x55, 0x55,
    0xfa, 0x55, 0x55, 0x50, 0x4f, 0xff, 0xff, 0xff,
    0xff, 0xff, 0xe0, 0x00, 0x00, 0x0c, 0xff, 0x60,
    0x00, 0x00, 0x00, 0x00, 0x7e, 0xfd, 0xf2, 0x00,
    0x00, 0x00, 0x04, 0xf5, 0xe8, 0xbd, 0x00, 0x00,
    0x00, 0x3f, 0x90, 0xe8, 0x1e, 0xc1, 0x00, 0x05,
    0xfb, 0x00, 0xe8, 0x02, 0xed, 0x20, 0x8f, 0x90,
    0x00, 0xe8, 0x00, 0x2d, 0xf2, 0x15, 0x00, 0x00,
    0xe8, 0x00, 0x00, 0x50, 0x00, 0x00, 0x00, 0xe8,
    0x00, 0x00, 0x00,

    /* U+697D "楽" */
    0x00, 0x00, 0x00, 0x83, 0x00, 0x00, 0x00, 0x08,
    0x20, 0x24, 0xf6, 0x31, 0x08, 0x80, 0x09, 0xe3,
    0xee, 0xdd, 0xf5, 0x9f, 0x50, 0x00, 0x98, 0xe6,
    0x00, 0xe9, 0xc2, 0x00, 0x00, 0x03, 0xef, 0xee,
    0xf7, 0x50, 0x00, 0x04, 0xdc, 0xe5, 0x00, 0xea,
    0xdd, 0x50, 0x5f, 0x70, 0xef, 0xff, 0xf5, 0x07,
    0xf3, 0x01, 0x00, 0x00, 0xf5, 0x00, 0x00, 0x00,
    0x3f, 0xff, 0xff, 0xff, 0xff, 0xff, 0xf3, 0x03,
    0x33, 0x9f, 0xff, 0xe5, 0x33, 0x30, 0x00, 0x2a,
    0xe4, 0xf6, 0x9f, 0x81, 0x00, 0x2a, 0xfb, 0x20,
    0xf5, 0x04, 0xdf, 0xb2, 0x0a, 0x40, 0x00, 0xf5,
    0x00, 0x05, 0x90,

    /* U+6C17 "気" */
    0x00, 0x06, 0x50, 0x00, 0x00, 0x00, 0x00, 0x00,
    0x0e, 0xa2, 0x22, 0x22, 0x22, 0x20, 0x00, 0x6f,
    0xff, 0xff, 0xff, 0xff, 0xe0, 0x01, 0xea, 0x22,
    0x22, 0x22, 0x21, 0x00, 0x0c, 0xe7, 0xff, 0xff,
    0xff, 0xfa, 0x00, 0x2c, 0x63, 0x33, 0x33, 0x33,
    0x30, 0x00, 0x00, 0xff, 0xff, 0xff, 0xff, 0xf1,
    0x00, 0x00, 0x13, 0x00, 0x3c, 0x13, 0xf2, 0x00,
    0x00, 0x7f, 0xa2, 0xdb, 0x02, 0xf2, 0x00, 0x00,
    0x02, 0xcf, 0xe1, 0x01, 0xf4, 0x00, 0x00, 0x03,
    0xed, 0xfb, 0x10, 0xe6, 0x64, 0x02, 0xaf, 0x90,
    0x3e, 0xd0, 0xad, 0xb6, 0x0b, 0xc4, 0x00, 0x01,
    0x20, 0x2d, 0xe1, 0x00, 0x00, 0x00, 0x00, 0x00,
    0x00, 0x00,

    /* U+6C34 "水" */
    0x00, 0x00, 0x00, 0x7e, 0x00, 0x00, 0x00, 0x00,
    0x00, 0x00, 0x7e, 0x00, 0x00, 0x00, 0x00, 0x00,
    0x00, 0x7f, 0x00, 0x01, 0x50, 0x14, 0x44, 0x52,
    0x7f, 0x30, 0x0b, 0xf1, 0x4f, 0xff, 0xfc, 0x7f,
    0x80, 0xbe, 0x30, 0x00, 0x01, 0xf8, 0x7f, 0xeb,
    0xe2, 0x00, 0x00, 0x05, 0xf3, 0x7e, 0xde, 0x10,
    0x00, 0x00, 0x0c, 0xd0, 0x7e, 0x6f, 0x20, 0x00,
    0x00, 0x6f, 0x40, 0x7e, 0x0c, 0xc0, 0x00, 0x04,
    0xfa, 0x00, 0x7e, 0x02, 0xfc, 0x10, 0x4f, 0xc0,
    0x00, 0x7e, 0x00, 0x3f, 0xe5, 0x07, 0x00, 0x76,
    0xbe, 0x00, 0x02, 0xb3, 0x00, 0x00, 0xdf, 0xe6,
    0x00, 0x00, 0x00,

    /* U+6E08 "済" */
    0x07, 0x80, 0x00, 0x00, 0xe6, 0x00, 0x00, 0x04,
    0xde, 0x78, 0x88, 0xfb, 0x88, 0x81, 0x00, 0x07,
    0x6a, 0xfc, 0xaa, 0xef, 0xa1, 0x00, 0x00, 0x00,
    0x6f, 0x68, 0xf4, 0x00, 0x6d, 0x60, 0x00, 0x2b,
    0xff, 0xa2, 0x00, 0x07, 0xf6, 0x9d, 0xfc, 0x67,
    0xdf, 0xe2, 0x00, 0x20, 0x58, 0xb0, 0x00, 0x0c,
    0x80, 0x00, 0x03, 0x05, 0xff, 0xff, 0xff, 0x40,
    0x00, 0x5f, 0x05, 0xf2, 0x22, 0x2f, 0x40, 0x00,
    0xda, 0x07, 0xe4, 0x44, 0x4f, 0x40, 0x06, 0xf2,
    0x0c, 0xed, 0xdd, 0xdf, 0x40, 0x1e, 0x90, 0x4f,
    0x30, 0x00, 0x0f, 0x40, 0x08, 0x10, 0xd8, 0x00,
    0x00, 0x0f, 0x40, 0x00, 0x00, 0x00, 0x00, 0x00,
    0x00, 0x00,

    /* U+706B "火" */
    0x00, 0x00, 0x00, 0xe8, 0x00, 0x00, 0x00, 0x00,
    0x00, 0x00, 0xe8, 0x00, 0x00, 0x00, 0x00, 0x22,
    0x00, 0xe8, 0x00, 0x03, 0x00, 0x00, 0xab, 0x00,
    0xe8, 0x00, 0x2f, 0x70, 0x00, 0xe8, 0x00, 0xe8,
    0x00, 0x9e, 0x00, 0x06, 0xf3, 0x00, 0xf9, 0x02,
    0xf6, 0x00, 0x0e, 0xa0, 0x04, 0xfe, 0x06, 0xb0,
    0x00, 0x01, 0x00, 0x0b, 0xaf, 0x50, 0x00, 0x00,
    0x00, 0x00, 0x4f, 0x29, 0xe1, 0x00, 0x00, 0x00,
    0x03, 0xe9, 0x01, 0xec, 0x10, 0x00, 0x00, 0x5f,
    0xb0, 0x00, 0x2e, 0xe4, 0x00, 0x2c, 0xf9, 0x00,
    0x00, 0x02, 0xcf, 0xb0, 0x09, 0x40, 0x00, 0x00,
    0x00, 0x06, 0x70,

    /* U+753B "画" */
    0xff, 0xff, 0xff, 0xff, 0xff, 0xff, 0x81, 0x11,
    0x11, 0x7e, 0x11, 0x11, 0x10, 0x64, 0x05, 0x59,
    0xf5, 0x51, 0x46, 0x0b, 0x92, 0xfc, 0xdf, 0xcf,
    0x38, 0xc0, 0xb9, 0x2e, 0x05, 0xd0, 0xe3, 0x8c,
    0x0b, 0x92, 0xfe, 0xff, 0xef, 0x38, 0xc0, 0xb9,
    0x2e, 0x26, 0xd2, 0xe3, 0x8c, 0x0b, 0x92, 0xe0,
    0x5d, 0x0e, 0x38, 0xc0, 0xb9, 0x2f, 0xff, 0xff,
    0xf3, 0x8c, 0x0b, 0x90, 0x11, 0x11, 0x11, 0x08,
    0xc0, 0xbf, 0xff, 0xff, 0xff, 0xff, 0xfc, 0x0b,
    0xb5, 0x55, 0x55, 0x55, 0x5a, 0xc0,

    /* U+7740 "着" */
    0x00, 0x06, 0x90, 0x00, 0x0b, 0x60, 0x00, 0x46,
    0x8f, 0x76, 0x69, 0xf7, 0x62, 0x07, 0xaa, 0xaa,
    0xfd, 0xaa, 0xaa, 0x30, 0x09, 0x99, 0x9f, 0xc9,
    0x99, 0x70, 0x00, 0x66, 0x66, 0xfa, 0x66, 0x65,
    0x04, 0xdd, 0xdd, 0xdf, 0xed, 0xdd, 0xdc, 0x13,
    0x3a, 0xe3, 0x33, 0x33, 0x33, 0x30, 0x01, 0xff,
    0xff, 0xff, 0xff, 0xc0, 0x00, 0xaf, 0xf3, 0x33,
    0x33, 0xad, 0x00, 0x7f, 0x9f, 0xbb, 0xbb, 0xbe,
    0xd0, 0x7f, 0x75, 0xf9, 0x99, 0x99, 0xdd, 0x02,
    0x60, 0x5f, 0x44, 0x44, 0x4a, 0xd0, 0x00, 0x05,
    0xfe, 0xee, 0xee, 0xfd, 0x00, 0x00, 0x00, 0x00,
    0x00, 0x00, 0x00,

    /* U+78BA "確" */
    0x00, 0x00, 0x00, 0x00, 0x08, 0x10, 0x00, 0x3b,
    0xbb, 0xb7, 0x33, 0x7f, 0x43, 0x30, 0x28, 0xfa,
    0x8b, 0xfe, 0xff, 0xee, 0xf4, 0x00, 0xf2, 0x07,
    0xc5, 0xf3, 0x64, 0xe4, 0x03, 0xf0, 0x01, 0x5e,
    0xd5, 0xe8, 0x92, 0x08, 0xfd, 0xd5, 0xef, 0xcd,
    0xfc, 0xc2, 0x0d, 0xd5, 0xfc, 0xfe, 0x05, 0xe0,
    0x00, 0x4f, 0xc0, 0xe3, 0x5f, 0xff, 0xff, 0xe0,
    0x8d, 0xc0, 0xe3, 0x5e, 0x05, 0xe0, 0x00, 0x06,
    0xc0, 0xe3, 0x5f, 0xff, 0xff, 0xe0, 0x05, 0xfd,
    0xf3, 0x5e, 0x05, 0xe0, 0x00, 0x05, 0xd6, 0x61,
    0x5f, 0x8b, 0xf8, 0x82, 0x02, 0x60, 0x00, 0x5f,
    0x99, 0x99, 0x92,

    /* U+7ADC "竜" */
    0x00, 0x00, 0x00, 0xba, 0x00, 0x00, 0x00, 0x05,
    0xcc, 0xcc, 0xff, 0xcc, 0xcc, 0x60, 0x02, 0x48,
    0xf5, 0x44, 0x5f, 0x94, 0x20, 0x02, 0x23, 0xf6,
    0x22, 0x7f, 0x32, 0x21, 0x1f, 0xff, 0xff, 0xff,
    0xff, 0xff, 0xf8, 0x00, 0x33, 0x33, 0x33, 0x33,
    0x33, 0x00, 0x00, 0xde, 0xcc, 0xfe, 0xcc, 0xef,
    0x00, 0x00, 0xd8, 0x00, 0xba, 0x00, 0x6f, 0x00,
    0x00, 0xdf, 0xee, 0xff, 0xee, 0xff, 0x00, 0x00,
    0xd9, 0x11, 0xba, 0x11, 0x7f, 0x00, 0x00, 0xdf,
    0xff, 0xff, 0xff, 0xfe, 0x10, 0x00, 0x64, 0x00,
    0xab, 0x00, 0x01, 0xcb, 0x00, 0x00, 0x00, 0x5e,
    0xff, 0xff, 0xe5,

    /* U+7D42 "終" */
    0x00, 0x34, 0x00, 0x00, 0x82, 0x00, 0x00, 0x00,
    0xb8, 0x00, 0x05, 0xf4, 0x33, 0x00, 0x05, 0xe1,
    0xc2, 0x1e, 0xff, 0xff, 0x90, 0x3f, 0x78, 0xc1,
    0xcf, 0x80, 0x4f, 0x20, 0x06, 0xfe, 0x28, 0xc3,
    0xf7, 0xf7, 0x00, 0x00, 0xe6, 0xd2, 0x00, 0x8f,
    0xc0, 0x00, 0x4b, 0xfa, 0xe9, 0x19, 0xfa, 0xfa,
    0x20, 0x49, 0xaf, 0x6d, 0xfc, 0x60, 0x2c, 0xf6,
    0x08, 0x6e, 0x74, 0x20, 0x9f, 0x80, 0x40, 0x0f,
    0x6e, 0x6a, 0x00, 0x03, 0xc4, 0x00, 0x3e, 0x4e,
    0x1c, 0x3d, 0x93, 0x00, 0x00, 0x58, 0x4e, 0x00,
    0x04, 0x9f, 0xd6, 0x00, 0x00, 0x4e, 0x00, 0x00,
    0x00, 0x6d, 0x30, 0x00, 0x00, 0x00, 0x00, 0x00,
    0x00, 0x00,

    /* U+7D61 "絡" */
    0x00, 0x34, 0x00, 0x00, 0x73, 0x00, 0x00, 0x00,
    0xb8, 0x00, 0x04, 0xf6, 0x44, 0x10, 0x05, 0xe1,
    0xc2, 0x1e, 0xed, 0xdf, 0xa0, 0x3f, 0x78, 0xc1,
    0xcf, 0x80, 0x4f, 0x20, 0x06, 0xfe, 0x38, 0xc3,
    0xf9, 0xe8, 0x00, 0x00, 0xe6, 0xe2, 0x00, 0x7f,
    0xe1, 0x00, 0x4c, 0xfb, 0xe9, 0x19, 0xf9, 0xce,
    0x71, 0x38, 0x9f, 0x6e, 0xfe, 0x51, 0x18, 0xf7,
    0x08, 0x6e, 0x74, 0x8f, 0xff, 0xff, 0xb0, 0x0f,
    0x6e, 0x6b, 0x6e, 0x11, 0x19, 0xb0, 0x4e, 0x4e,
    0x1b, 0x6e, 0x00, 0x09, 0xb0, 0x47, 0x4e, 0x00,
    0x6f, 0xdd, 0xde, 0xb0, 0x00, 0x4e, 0x00, 0x6e,
    0x55, 0x5b, 0xb0, 0x00, 0x00, 0x00, 0x00, 0x00,
    0x00, 0x00,

    /* U+7D9A "続" */
    0x00, 0x5a, 0x00, 0x00, 0x0f, 0x50, 0x00, 0x00,
    0xc6, 0x20, 0xcc, 0xcf, 0xdc, 0xc3, 0x09, 0xd1,
    0xf4, 0x66, 0x6f, 0x96, 0x61, 0x2e, 0x99, 0xa0,
    0x48, 0x8f, 0xb8, 0x80, 0x04, 0xfe, 0x50, 0x48,
    0x88, 0x88, 0x80, 0x00, 0xe5, 0xd5, 0x88, 0x88,
    0x88, 0x82, 0x4c, 0xfb, 0xec, 0xfa, 0x99, 0x99,
    0xe5, 0x27, 0x9f, 0x5e, 0xf4, 0x90, 0x73, 0xd5,
    0x08, 0x6e, 0x64, 0x24, 0xe0, 0xb5, 0x10, 0x0e,
    0x6e, 0x6a, 0x07, 0xd0, 0xb5, 0x00, 0x2f, 0x3e,
    0x2b, 0x0d, 0x80, 0xb5, 0x34, 0x49, 0x3e, 0x01,
    0xce, 0x10, 0xb7, 0x79, 0x00, 0x3e, 0x09, 0xc2,
    0x00, 0x8f, 0xf4, 0x00, 0x01, 0x00, 0x00, 0x00,
    0x00, 0x00,

    /* U+7DDA "線" */
    0x00, 0x25, 0x00, 0x00, 0x08, 0x30, 0x00, 0x00,
    0xa9, 0x00, 0x23, 0x7f, 0x53, 0x30, 0x04, 0xf2,
    0xc2, 0xee, 0xdd, 0xde, 0xf1, 0x2f, 0x97, 0xc0,
    0xe6, 0x22, 0x24, 0xf1, 0x05, 0xee, 0x20, 0xee,
    0xdd, 0xdd, 0xf1, 0x00, 0xe5, 0xd2, 0xe8, 0x55,
    0x57, 0xf1, 0x4c, 0xfc, 0xf8, 0xab, 0xbf, 0xcb,
    0xb1, 0x38, 0x9f, 0x5d, 0x23, 0x0e, 0x80, 0x81,
    0x07, 0x6e, 0x58, 0xff, 0xce, 0xea, 0xe3, 0x0e,
    0x6e, 0x68, 0x0e, 0x6e, 0xed, 0x10, 0x2f, 0x3e,
    0x28, 0x8d, 0x0e, 0x6f, 0x70, 0x48, 0x3e, 0x07,
    0xe3, 0x2f, 0x44, 0xf9, 0x00, 0x3e, 0x02, 0x15,
    0xfd, 0x10, 0x11,

    /* U+8377 "荷" */
    0x00, 0x00, 0xe8, 0x00, 0x0e, 0x60, 0x00, 0x2f,
    0xff, 0xff, 0xff, 0xff, 0xff, 0xf3, 0x04, 0x44,
    0xea, 0x44, 0x4e, 0x84, 0x41, 0x00, 0x02, 0x93,
    0x00, 0x06, 0x20, 0x00, 0x00, 0x0c, 0xc7, 0x99,
    0x99, 0x99, 0x93, 0x00, 0x7f, 0x37, 0xaa, 0xaa,
    0xaf, 0xb3, 0x04, 0xfe, 0x02, 0x33, 0x33, 0x0f,
    0x30, 0x4f, 0xfe, 0x0a, 0xfd, 0xee, 0x0f, 0x30,
    0x2b, 0x7e, 0x0a, 0x90, 0x4e, 0x0f, 0x30, 0x00,
    0x6e, 0x0a, 0xb4, 0x7e, 0x0f, 0x30, 0x00, 0x6e,
    0x0a, 0xed, 0xdc, 0x0f, 0x30, 0x00, 0x6e, 0x06,
    0x50, 0x03, 0x3f, 0x20, 0x00, 0x6e, 0x00, 0x00,
    0x0f, 0xfc, 0x00, 0x00, 0x01, 0x00, 0x00, 0x00,
    0x00, 0x00,

    /* U+8A2D "設" */
    0x0b, 0xff, 0xf6, 0x4f, 0xff, 0xf7, 0x00, 0x25,
    0x55, 0x54, 0x4f, 0x22, 0xd7, 0x00, 0x48, 0x88,
    0x88, 0x6e, 0x00, 0xc7, 0x49, 0x0a, 0xcc, 0xc7,
    0xe9, 0x00, 0xbf, 0xe9, 0x03, 0x44, 0x44, 0xa0,
    0x00, 0x03, 0x30, 0x0b, 0xee, 0xe6, 0xef, 0xff,
    0xff, 0xd0, 0x02, 0x22, 0x21, 0x5d, 0x43, 0x4f,
    0x90, 0x0d, 0xff, 0xf6, 0x0e, 0x90, 0x9f, 0x20,
    0x0d, 0x61, 0xc6, 0x04, 0xfb, 0xf8, 0x00, 0x0d,
    0x40, 0xc6, 0x01, 0xcf, 0xe1, 0x00, 0x0d, 0xee,
    0xf9, 0x8e, 0xfa, 0xff, 0x93, 0x0d, 0x73, 0x34,
    0xfa, 0x20, 0x19, 0xf5, 0x00, 0x00, 0x00, 0x00,
    0x00, 0x00, 0x00,

    /* U+8A71 "話" */
    0x00, 0x00, 0x00, 0x00, 0x00, 0x15, 0x50, 0x09,
    0xff, 0xf7, 0x6b, 0xdf, 0xff, 0xc1, 0x14, 0x44,
    0x43, 0x5a, 0x8f, 0x80, 0x00, 0x4d, 0xdd, 0xdc,
    0x00, 0x0e, 0x70, 0x00, 0x02, 0x44, 0x42, 0x88,
    0x8f, 0xb8, 0x85, 0x08, 0xcc, 0xc6, 0xbb, 0xbf,
    0xdb, 0xb7, 0x05, 0x77, 0x73, 0x00, 0x0e, 0x70,
    0x00, 0x04, 0x66, 0x63, 0x17, 0x7f, 0xb7, 0x72,
    0x09, 0xdc, 0xc6, 0x4f, 0xdd, 0xdd, 0xf5, 0x0b,
    0x94, 0xb8, 0x4f, 0x00, 0x00, 0xf5, 0x0b, 0x60,
    0xa8, 0x4f, 0x00, 0x00, 0xf5, 0x0b, 0x94, 0xb8,
    0x4f, 0x88, 0x88, 0xf5, 0x0b, 0xec, 0xc6, 0x4f,
    0xbb, 0xbb, 0xf5, 0x00, 0x00, 0x00, 0x01, 0x00,
    0x00, 0x00,

    /* U+8A8D "認" */
    0x01, 0x22, 0x20, 0x00, 0x00, 0x00, 0x00, 0x09,
    0xee, 0xe4, 0x9f, 0xff, 0xff, 0xf0, 0x14, 0x44,
    0x43, 0x23, 0x7c, 0x12, 0xf0, 0x3c, 0xcc, 0xc9,
    0x6f, 0xe9, 0x01, 0xf0, 0x04, 0x66, 0x62, 0x04,
    0xff, 0xa2, 0xd0, 0x06, 0x99, 0x93, 0x2e, 0x82,
    0x89, 0xb0, 0x05, 0x88, 0x83, 0xd8, 0x33, 0xcd,
    0x40, 0x03, 0x55, 0x52, 0x00, 0x5e, 0xa1, 0x00,
    0x0a, 0xff, 0xf5, 0x34, 0xf1, 0x96, 0x50, 0x0b,
    0x71, 0xc6, 0xb9, 0xf0, 0x05, 0xe0, 0x0b, 0x60,
    0xc6, 0xf5, 0xf0, 0x18, 0xd5, 0x0b, 0xfe, 0xfb,
    0xd2, 0xf3, 0x5e, 0x89, 0x0a, 0x83, 0x31, 0x10,
    0xdf, 0xf9, 0x00,

    /* U+8A9E "語" */
    0x08, 0xff, 0xf5, 0xef, 0xff, 0xff, 0xf1, 0x15,
    0x55, 0x54, 0x22, 0xe8, 0x22, 0x20, 0x3a, 0xaa,
    0xa8, 0xaf, 0xff, 0xff, 0x50, 0x04, 0x77, 0x72,
    0x15, 0xf3, 0x2e, 0x50, 0x06, 0x99, 0x93, 0x05,
    0xe0, 0x0e, 0x50, 0x05, 0x88, 0x88, 0xff, 0xff,
    0xff, 0xf9, 0x04, 0x77, 0x73, 0x24, 0x44, 0x44,
    0x31, 0x08, 0xdc, 0xc5, 0x3f, 0xff, 0xff, 0xb0,
    0x0a, 0x94, 0xc7, 0x3f, 0x00, 0x09, 0xb0, 0x0a,
    0x70, 0xb7, 0x3f, 0x00, 0x09, 0xb0, 0x0a, 0xdb,
    0xe7, 0x3f, 0xdd, 0xdf, 0xb0, 0x0a, 0xa5, 0x52,
    0x3f, 0x55, 0x5c, 0xb0, 0x00, 0x00, 0x00, 0x00,
    0x00, 0x00, 0x00,

    /* U+8EE2 "転" */
    0x00, 0x0e, 0x50, 0x00, 0x00, 0x00, 0x00, 0x13,
    0x3f, 0x73, 0x26, 0xbb, 0xbb, 0xa0, 0x5f, 0xff,
    0xff, 0xa6, 0xaa, 0xaa, 0x90, 0x04, 0x4f, 0x84,
    0x30, 0x00, 0x00, 0x00, 0x0f, 0xaf, 0xbc, 0xc0,
    0x00, 0x00, 0x00, 0x0f, 0x1d, 0x35, 0xea, 0xaa,
    0xaa, 0xa4, 0x0f, 0xdf, 0xee, 0xeb, 0xdf, 0xbb,
    0xb4, 0x0f, 0x2d, 0x35, 0xc0, 0x8d, 0x00, 0x00,
    0x0e, 0xef, 0xee, 0xb0, 0xba, 0x06, 0x00, 0x23,
    0x3f, 0x73, 0x20, 0xe6, 0x0e, 0x60, 0x8f, 0xff,
    0xff, 0xc2, 0xf2, 0x07, 0xd0, 0x00, 0x0e, 0x40,
    0x2a, 0xfa, 0xbd, 0xf3, 0x00, 0x0e, 0x40, 0x39,
    0x87, 0x54, 0xb5,

    /* U+8F1D "輝" */
    0x00, 0x5f, 0x00, 0x00, 0x00, 0x00, 0x00, 0x13,
    0x5f, 0x06, 0xff, 0xff, 0xff, 0xf4, 0x2d, 0x5f,
    0x2d, 0xf3, 0x0e, 0x30, 0xe4, 0x0e, 0x6f, 0x78,
    0x99, 0x8f, 0xa8, 0xb1, 0x07, 0x7f, 0x72, 0x35,
    0x5f, 0x75, 0x40, 0x6f, 0xff, 0xff, 0xaf, 0xef,
    0xee, 0xe0, 0x2a, 0xd8, 0xf5, 0x89, 0x1f, 0x44,
    0xe0, 0x07, 0xb3, 0xe0, 0x7e, 0xbf, 0xcc, 0xe0,
    0x08, 0xa3, 0xe0, 0x7c, 0x8f, 0xa9, 0xe0, 0x0a,
    0x93, 0xe6, 0x24, 0x4f, 0x74, 0x30, 0x0d, 0x68,
    0xfc, 0xff, 0xff, 0xff, 0xf6, 0x3f, 0x14, 0x20,
    0x33, 0x3f, 0x63, 0x31, 0x38, 0x00, 0x00, 0x00,
    0x0f, 0x40, 0x00,

    /* U+8FBC "込" */
    0x01, 0x00, 0x00, 0x00, 0x00, 0x00, 0x00, 0x0c,
    0xd2, 0x02, 0xff, 0xf8, 0x00, 0x00, 0x01, 0xbe,
    0x10, 0x44, 0xba, 0x00, 0x00, 0x00, 0x06, 0x00,
    0x00, 0x9c, 0x00, 0x00, 0x00, 0x00, 0x00, 0x01,
    0xff, 0x00, 0x00, 0x04, 0x44, 0x00, 0x06, 0xff,
    0x40, 0x00, 0x2f, 0xfe, 0x00, 0x0c, 0xac, 0x90,
    0x00, 0x00, 0x5e, 0x00, 0x4f, 0x36, 0xf2, 0x00,
    0x00, 0x5e, 0x02, 0xea, 0x00, 0xdd, 0x00, 0x00,
    0x5e, 0x3e, 0xd1, 0x00, 0x2e, 0xd2, 0x00, 0xbf,
    0x49, 0x10, 0x00, 0x02, 0x91, 0x2d, 0xe9, 0xf9,
    0x54, 0x33, 0x44, 0x43, 0x1d, 0x20, 0x5b, 0xef,
    0xff, 0xff, 0xf6, 0x00, 0x00, 0x00, 0x00, 0x00,
    0x00, 0x00,

    /* U+9023 "連" */
    0x07, 0x00, 0x00, 0x04, 0xf0, 0x00, 0x00, 0x2e,
    0xc0, 0xde, 0xee, 0xfe, 0xee, 0xc0, 0x02, 0xf8,
    0x33, 0x36, 0xf3, 0x33, 0x20, 0x00, 0x30, 0x4f,
    0xff, 0xff, 0xff, 0x30, 0x00, 0x00, 0x4e, 0x15,
    0xf1, 0x2f, 0x30, 0x35, 0x51, 0x4f, 0xef, 0xfe,
    0xef, 0x30, 0x9f, 0xf5, 0x4e, 0x04, 0xf0, 0x1f,
    0x30, 0x00, 0xe5, 0x4f, 0xff, 0xff, 0xff, 0x30,
    0x00, 0xe6, 0x44, 0x47, 0xf4, 0x44, 0x40, 0x00,
    0xe7, 0xcc, 0xcd, 0xfc, 0xcc, 0xc0, 0x03, 0xf9,
    0x00, 0x04, 0xf0, 0x00, 0x00, 0x5f, 0xae, 0xb6,
    0x44, 0x73, 0x33, 0x41, 0x69, 0x01, 0x9e, 0xff,
    0xff, 0xff, 0xf0, 0x00, 0x00, 0x00, 0x00, 0x00,
    0x00, 0x00,

    /* U+9032 "進" */
    0x01, 0x00, 0x00, 0x63, 0x03, 0x30, 0x00, 0x3f,
    0x60, 0x02, 0xf6, 0x0c, 0x90, 0x00, 0x07, 0xf6,
    0x0c, 0xf8, 0x8f, 0x97, 0x60, 0x00, 0x83, 0x8f,
    0xda, 0xcf, 0xaa, 0x90, 0x00, 0x08, 0xff, 0x92,
    0x7f, 0x22, 0x10, 0x11, 0x15, 0x7b, 0xff, 0xff,
    0xff, 0x70, 0x8e, 0xf5, 0x0b, 0x90, 0x6e, 0x00,
    0x00, 0x00, 0xe5, 0x0b, 0xff, 0xff, 0xff, 0x70,
    0x00, 0xe5, 0x0b, 0x90, 0x6e, 0x00, 0x00, 0x00,
    0xe5, 0x0b, 0xdb, 0xcf, 0xbb, 0xb1, 0x03, 0xf9,
    0x05, 0x77, 0x77, 0x77, 0x70, 0x5f, 0xae, 0xb6,
    0x43, 0x33, 0x33, 0x41, 0x69, 0x01, 0x9e, 0xff,
    0xff, 0xff, 0xf2, 0x00, 0x00, 0x00, 0x00, 0x00,
    0x00, 0x00,

    /* U+91D1 "金" */
    0x00, 0x00, 0x04, 0xfc, 0x00, 0x00, 0x00, 0x00,
    0x00, 0x2e, 0xcf, 0x90, 0x00, 0x00, 0x00, 0x01,
    0xdd, 0x15, 0xf9, 0x00, 0x00, 0x00, 0x3e, 0xd1,
    0x00, 0x5f, 0xb1, 0x00, 0x07, 0xff, 0x87, 0x77,
    0x7a, 0xfe, 0x50, 0x6e, 0x68, 0xbb, 0xfd, 0xbb,
    0x48, 0xe2, 0x01, 0x00, 0x00, 0xe7, 0x00, 0x00,
    0x00, 0x06, 0xff, 0xff, 0xff, 0xff, 0xff, 0x10,
    0x01, 0x49, 0x33, 0xf9, 0x36, 0x83, 0x00, 0x00,
    0x1e, 0x60, 0xe7, 0x0c, 0xa0, 0x00, 0x00, 0x07,
    0xd0, 0xe7, 0x5e, 0x10, 0x00, 0x19, 0x9a, 0xb9,
    0xfc, 0xac, 0x99, 0x70, 0x2f, 0xff, 0xff, 0xff,
    0xff, 0xff, 0xd0,

    /* U+958B "開" */
    0xcf, 0xff, 0xf7, 0x7f, 0xff, 0xfc, 0xc9, 0x11,
    0xc7, 0x7d, 0x11, 0x9c, 0xce, 0xdd, 0xf7, 0x7f,
    0xdd, 0xec, 0xc9, 0x22, 0xd7, 0x7d, 0x22, 0x9c,
    0xce, 0xdd, 0xd5, 0x5d, 0xdd, 0xec, 0xc8, 0x26,
    0x66, 0x66, 0x62, 0x8c, 0xc8, 0x4b, 0xfb, 0xcf,
    0xb5, 0x8c, 0xc8, 0x12, 0xf4, 0x5f, 0x21, 0x8c,
    0xc8, 0xaf, 0xff, 0xff, 0xfb, 0x8c, 0xc8, 0x03,
    0xf0, 0x3f, 0x00, 0x8c, 0xc8, 0x0b, 0x90, 0x3f,
    0x14, 0xac, 0xc8, 0x4c, 0x10, 0x3f, 0x0f, 0xe7,
    0x00, 0x00, 0x00, 0x00, 0x00, 0x00,

    /* U+9593 "間" */
    0xcf, 0xff, 0xf6, 0x6f, 0xff, 0xfc, 0xc9, 0x11,
    0xc6, 0x6e, 0x11, 0x9c, 0xcf, 0xee, 0xf6, 0x6f,
    0xee, 0xfc, 0xc9, 0x11, 0xc6, 0x6d, 0x00, 0x9c,
    0xcf, 0xee, 0xe5, 0x6f, 0xff, 0xfc, 0xc8, 0x01,
    0x32, 0x22, 0x10, 0x8c, 0xc8, 0x0a, 0xfe, 0xef,
    0xa0, 0x8c, 0xc8, 0x0a, 0x90, 0x09, 0xa0, 0x8c,
    0xc8, 0x0a, 0xfe, 0xef, 0xa0, 0x8c, 0xc8, 0x0a,
    0x91, 0x19, 0xa0, 0x8c, 0xc8, 0x0a, 0xff, 0xff,
    0xb4, 0xbc, 0xc8, 0x06, 0x60, 0x00, 0x6f, 0xf6,
    0x00, 0x00, 0x00, 0x00, 0x00, 0x00,

    /* U+967D "陽" */
    0x00, 0x00, 0x00, 0x00, 0x00, 0x00, 0x0e, 0xff,
    0xe1, 0xef, 0xff, 0xff, 0x50, 0xe6, 0x7d, 0x0e,
    0x63, 0x33, 0xf5, 0x0e, 0x3a, 0x80, 0xec, 0xbb,
    0xbf, 0x50, 0xe4, 0xf2, 0x0e, 0x97, 0x77, 0xf5,
    0x0e, 0x4e, 0x40, 0x66, 0x66, 0x66, 0x20, 0xe3,
    0x6c, 0xef, 0xff, 0xff, 0xff, 0x6e, 0x32, 0xf2,
    0x9b, 0x22, 0x22, 0x20, 0xe5, 0x5f, 0x4f, 0xff,
    0xff, 0xff, 0x0e, 0x7e, 0xdf, 0x5a, 0x97, 0xd5,
    0xe0, 0xe3, 0x01, 0x47, 0xd2, 0xe4, 0x6c, 0x0e,
    0x30, 0x09, 0xd2, 0xca, 0x1a, 0xa0, 0xe3, 0x00,
    0x61, 0x4a, 0x0e, 0xe4, 0x00,

    /* U+96E8 "雨" */
    0x8f, 0xff, 0xff, 0xff, 0xff, 0xff, 0xf1, 0x47,
    0x77, 0x77, 0xfb, 0x77, 0x77, 0x70, 0x00, 0x00,
    0x00, 0xe6, 0x00, 0x01, 0x00, 0x0e, 0xff, 0xff,
    0xff, 0xff, 0xff, 0x80, 0x0e, 0x83, 0x33, 0xf8,
    0x33, 0x3d, 0x80, 0x0e, 0x6d, 0x80, 0xe7, 0xe9,
    0x1c, 0x80, 0x0e, 0x61, 0xb9, 0xe6, 0x1b, 0xac,
    0x80, 0x0e, 0x64, 0x00, 0xe6, 0x40, 0x0c, 0x80,
    0x0e, 0x8d, 0xb1, 0xe8, 0xdb, 0x2c, 0x80, 0x0e,
    0x60, 0xa7, 0xe6, 0x09, 0x8c, 0x80, 0x0e, 0x60,
    0x00, 0xe6, 0x01, 0x1d, 0x70, 0x0e, 0x60, 0x00,
    0xe6, 0x0b, 0xff, 0x40, 0x00, 0x00, 0x00, 0x00,
    0x00, 0x00, 0x00,

    /* U+96FB "電" */
    0x03, 0xbb, 0xbb, 0xfd, 0xbb, 0xbb, 0x00, 0x0c,
    0xcc, 0xcc, 0xfd, 0xcc, 0xcc, 0xa0, 0x0f, 0x56,
    0x64, 0xe8, 0x56, 0x66, 0xe0, 0x0f, 0x48, 0x84,
    0xd7, 0x78, 0x84, 0xe0, 0x00, 0x5c, 0xc6, 0xd7,
    0xbc, 0xc5, 0x00, 0x00, 0x12, 0x11, 0x43, 0x11,
    0x11, 0x00, 0x00, 0xce, 0xdd, 0xfe, 0xdd, 0xec,
    0x00, 0x00, 0xca, 0x77, 0xfa, 0x77, 0xcc, 0x00,
    0x00, 0xca, 0x55, 0xf9, 0x55, 0xbc, 0x00, 0x00,
    0xcf, 0xee, 0xff, 0xee, 0xfc, 0x61, 0x00, 0x84,
    0x00, 0xe7, 0x00, 0x01, 0xe4, 0x00, 0x00, 0x00,
    0x8f, 0xff, 0xff, 0xc0,

    /* U+9762 "面" */
    0x1f, 0xff, 0xff, 0xff, 0xff, 0xff, 0xf7, 0x04,
    0x44, 0x44, 0xf9, 0x44, 0x44, 0x41, 0x02, 0x33,
    0x35, 0xf6, 0x33, 0x33, 0x20, 0x0a, 0xff, 0xff,
    0xff, 0xff, 0xff, 0x90, 0x0a, 0xa0, 0x99, 0x00,
    0xc6, 0x0b, 0x90, 0x0a, 0xa0, 0x9f, 0xdd, 0xf6,
    0x0b, 0x90, 0x0a, 0xa0, 0x9b, 0x33, 0xd6, 0x0b,
    0x90, 0x0a, 0xa0, 0x9a, 0x11, 0xc6, 0x0b, 0x90,
    0x0a, 0xa0, 0x9f, 0xff, 0xf6, 0x0b, 0x90, 0x0a,
    0xa0, 0x99, 0x00, 0xc6, 0x0b, 0x90, 0x0a, 0xec,
    0xee, 0xcc, 0xfd, 0xcf, 0x90, 0x0a, 0xd7, 0x77,
    0x77, 0x77, 0x7d, 0x90,

    /* U+9806 "順" */
    0x0d, 0x26, 0x2d, 0x9f, 0xff, 0xff, 0xf1, 0x0e,
    0x2f, 0x2d, 0x12, 0x2f, 0x62, 0x20, 0x0e, 0x2f,
    0x2d, 0x2c, 0xcf, 0xcc, 0x80, 0x0e, 0x2f, 0x2d,
    0x3f, 0x33, 0x3a, 0xb0, 0x0e, 0x2f, 0x2d, 0x3f,
    0xbb, 0xbd, 0xb0, 0x0e, 0x2f, 0x2d, 0x3f, 0x33,
    0x3a, 0xb0, 0x0e, 0x2f, 0x2d, 0x3f, 0xaa, 0xad,
    0xb0, 0x0f, 0x2f, 0x2d, 0x3f, 0x44, 0x4a, 0xb0,
    0x0f, 0x1f, 0x2d, 0x3f, 0x99, 0x9d, 0xb0, 0x2f,
    0x0f, 0x2d, 0x15, 0x95, 0x68, 0x30, 0x5d, 0x00,
    0x2d, 0x1b, 0xe1, 0x7f, 0x40, 0x98, 0x00, 0x2e,
    0xdd, 0x20, 0x08, 0xf3, 0x01, 0x00, 0x00, 0x41,
    0x00, 0x00, 0x40,

    /* U+98A8 "風" */
    0x02, 0xff, 0xff, 0xff, 0xff, 0xfe, 0x00, 0x02,
    0xf4, 0x33, 0x46, 0x97, 0x8e, 0x00, 0x02, 0xf7,
    0xdf, 0xfd, 0xb8, 0x6e, 0x00, 0x02, 0xf1, 0x10,
    0xf3, 0x00, 0x6e, 0x00, 0x02, 0xf5, 0xff, 0xff,
    0xfc, 0x6e, 0x00, 0x03, 0xf4, 0xc1, 0xf4, 0x4d,
    0x5e, 0x00, 0x03, 0xf4, 0xc0, 0xf3, 0x3d, 0x5e,
    0x00, 0x05, 0xe4, 0xff, 0xff, 0xfd, 0x4f, 0x00,
    0x08, 0xb0, 0x11, 0xf4, 0x66, 0x2f, 0x10, 0x0d,
    0x70, 0x00, 0xf4, 0x4f, 0x2f, 0x63, 0x4f, 0x2c,
    0xcc, 0xcb, 0xad, 0x8d, 0xd5, 0x69, 0x00, 0x00,
    0x00, 0x02, 0x46, 0xe1, 0x00, 0x00, 0x00, 0x00,
    0x00, 0x00, 0x00
};

/*---------------------
 *  GLYPH DESCRIPTION
 *--------------------*/

static const lv_font_fmt_txt_glyph_dsc_t glyph_dsc[] = {
    {.bitmap_index = 0, .adv_w = 0, .box_w = 0, .box_h = 0, .ofs_x = 0, .ofs_y = 0} /* id = 0 reserved */,
    {.bitmap_index = 0, .adv_w = 50, .box_w = 0, .box_h = 0, .ofs_x = 0, .ofs_y = 0},
    {.bitmap_index = 0, .adv_w = 77, .box_w = 3, .box_h = 10, .ofs_x = 1, .ofs_y = 0},
    {.bitmap_index = 15, .adv_w = 116, .box_w = 5, .box_h = 5, .ofs_x = 1, .ofs_y = 6},
    {.bitmap_index = 28, .adv_w = 128, .box_w = 8, .box_h = 10, .ofs_x = 0, .ofs_y = 0},
    {.bitmap_index = 68, .adv_w = 128, .box_w = 8, .box_h = 14, .ofs_x = 0, .ofs_y = -2},
    {.bitmap_index = 124, .adv_w = 210, .box_w = 13, .box_h = 10, .ofs_x = 0, .ofs_y = 0},
    {.bitmap_index = 189, .adv_w = 158, .box_w = 10, .box_h = 10, .ofs_x = 0, .ofs_y = 0},
    {.bitmap_index = 239, .adv_w = 67, .box_w = 2, .box_h = 5, .ofs_x = 1, .ofs_y = 6},
    {.bitmap_index = 244, .adv_w = 80, .box_w = 4, .box_h = 15, .ofs_x = 1, .ofs_y = -3},
    {.bitmap_index = 274, .adv_w = 80, .box_w = 4, .box_h = 15, .ofs_x = 0, .ofs_y = -3},
    {.bitmap_index = 304, .adv_w = 108, .box_w = 6, .box_h = 6, .ofs_x = 0, .ofs_y = 5},
    {.bitmap_index = 322, .adv_w = 128, .box_w = 8, .box_h = 8, .ofs_x = 0, .ofs_y = 2},
    {.bitmap_index = 354, .adv_w = 67, .box_w = 4, .box_h = 6, .ofs_x = 0, .ofs_y = -3},
    {.bitmap_index = 366, .adv_w = 80, .box_w = 5, .box_h = 3, .ofs_x = 0, .ofs_y = 3},
    {.bitmap_index = 374, .adv_w = 67, .box_w = 3, .box_h = 3, .ofs_x = 1, .ofs_y = 0},
    {.bitmap_index = 379, .adv_w = 87, .box_w = 6, .box_h = 14, .ofs_x = 0, .ofs_y = -3},
    {.bitmap_index = 421, .adv_w = 128, .box_w = 8, .box_h = 10, .ofs_x = 0, .ofs_y = 0},
    {.bitmap_index = 461, .adv_w = 128, .box_w = 7, .box_h = 10, .ofs_x = 1, .ofs_y = 0},
    {.bitmap_index = 496, .adv_w = 128, .box_w = 8, .box_h = 10, .ofs_x = 0, .ofs_y = 0},
    {.bitmap_index = 536, .adv_w = 128, .box_w = 8, .box_h = 10, .ofs_x = 0, .ofs_y = 0},
    {.bitmap_index = 576, .adv_w = 128, .box_w = 8, .box_h = 10, .ofs_x = 0, .ofs_y = 0},
    {.bitmap_index = 616, .adv_w = 128, .box_w = 8, .box_h = 10, .ofs_x = 0, .ofs_y = 0},
    {.bitmap_index = 656, .adv_w = 128, .box_w = 8, .box_h = 10, .ofs_x = 0, .ofs_y = 0},
    {.bitmap_index = 696, .adv_w = 128, .box_w = 8, .box_h = 10, .ofs_x = 0, .ofs_y = 0},
    {.bitmap_index = 736, .adv_w = 128, .box_w = 8, .box_h = 10, .ofs_x = 0, .ofs_y = 0},
    {.bitmap_index = 776, .adv_w = 128, .box_w = 8, .box_h = 10, .ofs_x = 0, .ofs_y = 0},
    {.bitmap_index = 816, .adv_w = 67, .box_w = 3, .box_h = 8, .ofs_x = 1, .ofs_y = 0},
    {.bitmap_index = 828, .adv_w = 67, .box_w = 4, .box_h = 11, .ofs_x = 0, .ofs_y = -3},
    {.bitmap_index = 850, .adv_w = 128, .box_w = 8, .box_h = 8, .ofs_x = 0, .ofs_y = 1},
    {.bitmap_index = 882, .adv_w = 128, .box_w = 8, .box_h = 6, .ofs_x = 0, .ofs_y = 2},
    {.bitmap_index = 906, .adv_w = 128, .box_w = 8, .box_h = 8, .ofs_x = 0, .ofs_y = 1},
    {.bitmap_index = 938, .adv_w = 110, .box_w = 7, .box_h = 10, .ofs_x = 0, .ofs_y = 0},
    {.bitmap_index = 973, .adv_w = 218, .box_w = 13, .box_h = 14, .ofs_x = 0, .ofs_y = -4},
    {.bitmap_index = 1064, .adv_w = 139, .box_w = 9, .box_h = 10, .ofs_x = 0, .ofs_y = 0},
    {.bitmap_index = 1109, .adv_w = 149, .box_w = 8, .box_h = 10, .ofs_x = 1, .ofs_y = 0},
    {.bitmap_index = 1149, .adv_w = 145, .box_w = 9, .box_h = 10, .ofs_x = 0, .ofs_y = 0},
    {.bitmap_index = 1194, .adv_w = 157, .box_w = 8, .box_h = 10, .ofs_x = 1, .ofs_y = 0},
    {.bitmap_index = 1234, .adv_w = 134, .box_w = 7, .box_h = 10, .ofs_x = 1, .ofs_y = 0},
    {.bitmap_index = 1269, .adv_w = 127, .box_w = 7, .box_h = 10, .ofs_x = 1, .ofs_y = 0},
    {.bitmap_index = 1304, .adv_w = 157, .box_w = 9, .box_h = 10, .ofs_x = 0, .ofs_y = 0},
    {.bitmap_index = 1349, .adv_w = 166, .box_w = 9, .box_h = 10, .ofs_x = 1, .ofs_y = 0},
    {.bitmap_index = 1394, .adv_w = 69, .box_w = 2, .box_h = 10, .ofs_x = 1, .ofs_y = 0},
    {.bitmap_index = 1404, .adv_w = 123, .box_w = 7, .box_h = 10, .ofs_x = 0, .ofs_y = 0},
    {.bitmap_index = 1439, .adv_w = 149, .box_w = 9, .box_h = 10, .ofs_x = 1, .ofs_y = 0},
    {.bitmap_index = 1484, .adv_w = 125, .box_w = 7, .box_h = 10, .ofs_x = 1, .ofs_y = 0},
    {.bitmap_index = 1519, .adv_w = 186, .box_w = 10, .box_h = 10, .ofs_x = 1, .ofs_y = 0},
    {.bitmap_index = 1569, .adv_w = 164, .box_w = 8, .box_h = 10, .ofs_x = 1, .ofs_y = 0},
    {.bitmap_index = 1609, .adv_w = 169, .box_w = 10, .box_h = 10, .ofs_x = 0, .ofs_y = 0},
    {.bitmap_index = 1659, .adv_w = 145, .box_w = 8, .box_h = 10, .ofs_x = 1, .ofs_y = 0},
    {.bitmap_index = 1699, .adv_w = 169, .box_w = 11, .box_h = 13, .ofs_x = 0, .ofs_y = -3},
    {.bitmap_index = 1771, .adv_w = 147, .box_w = 8, .box_h = 10, .ofs_x = 1, .ofs_y = 0},
    {.bitmap_index = 1811, .adv_w = 136, .box_w = 8, .box_h = 10, .ofs_x = 0, .ofs_y = 0},
    {.bitmap_index = 1851, .adv_w = 137, .box_w = 9, .box_h = 10, .ofs_x = 0, .ofs_y = 0},
    {.bitmap_index = 1896, .adv_w = 164, .box_w = 8, .box_h = 10, .ofs_x = 1, .ofs_y = 0},
    {.bitmap_index = 1936, .adv_w = 133, .box_w = 10, .box_h = 10, .ofs_x = -1, .ofs_y = 0},
    {.bitmap_index = 1986, .adv_w = 200, .box_w = 13, .box_h = 10, .ofs_x = 0, .ofs_y = 0},
    {.bitmap_index = 2051, .adv_w = 134, .box_w = 9, .box_h = 10, .ofs_x = 0, .ofs_y = 0},
    {.bitmap_index = 2096, .adv_w = 124, .box_w = 9, .box_h = 10, .ofs_x = -1, .ofs_y = 0},
    {.bitmap_index = 2141, .adv_w = 136, .box_w = 8, .box_h = 10, .ofs_x = 0, .ofs_y = 0},
    {.bitmap_index = 2181, .adv_w = 80, .box_w = 4, .box_h = 14, .ofs_x = 1, .ofs_y = -3},
    {.bitmap_index = 2209, .adv_w = 87, .box_w = 6, .box_h = 14, .ofs_x = 0, .ofs_y = -3},
    {.bitmap_index = 2251, .adv_w = 80, .box_w = 4, .box_h = 14, .ofs_x = 0, .ofs_y = -3},
    {.bitmap_index = 2279, .adv_w = 128, .box_w = 8, .box_h = 6, .ofs_x = 0, .ofs_y = 4},
    {.bitmap_index = 2303, .adv_w = 126, .box_w = 8, .box_h = 2, .ofs_x = 0, .ofs_y = -3},
    {.bitmap_index = 2311, .adv_w = 138, .box_w = 5, .box_h = 4, .ofs_x = 1, .ofs_y = 9},
    {.bitmap_index = 2321, .adv_w = 129, .box_w = 7, .box_h = 8, .ofs_x = 0, .ofs_y = 0},
    {.bitmap_index = 2349, .adv_w = 141, .box_w = 8, .box_h = 11, .ofs_x = 1, .ofs_y = 0},
    {.bitmap_index = 2393, .adv_w = 116, .box_w = 7, .box_h = 8, .ofs_x = 0, .ofs_y = 0},
    {.bitmap_index = 2421, .adv_w = 141, .box_w = 8, .box_h = 11, .ofs_x = 0, .ofs_y = 0},
    {.bitmap_index = 2465, .adv_w = 127, .box_w = 8, .box_h = 8, .ofs_x = 0, .ofs_y = 0},
    {.bitmap_index = 2497, .adv_w = 78, .box_w = 6, .box_h = 11, .ofs_x = 0, .ofs_y = 0},
    {.bitmap_index = 2530, .adv_w = 129, .box_w = 8, .box_h = 11, .ofs_x = 0, .ofs_y = -3},
    {.bitmap_index = 2574, .adv_w = 139, .box_w = 7, .box_h = 11, .ofs_x = 1, .ofs_y = 0},
    {.bitmap_index = 2613, .adv_w = 65, .box_w = 3, .box_h = 11, .ofs_x = 1, .ofs_y = 0},
    {.bitmap_index = 2630, .adv_w = 65, .box_w = 5, .box_h = 14, .ofs_x = -1, .ofs_y = -3},
    {.bitmap_index = 2665, .adv_w = 129, .box_w = 7, .box_h = 11, .ofs_x = 1, .ofs_y = 0},
    {.bitmap_index = 2704, .adv_w = 67, .box_w = 3, .box_h = 11, .ofs_x = 1, .ofs_y = 0},
    {.bitmap_index = 2721, .adv_w = 211, .box_w = 12, .box_h = 8, .ofs_x = 1, .ofs_y = 0},
    {.bitmap_index = 2769, .adv_w = 140, .box_w = 7, .box_h = 8, .ofs_x = 1, .ofs_y = 0},
    {.bitmap_index = 2797, .adv_w = 138, .box_w = 8, .box_h = 8, .ofs_x = 0, .ofs_y = 0},
    {.bitmap_index = 2829, .adv_w = 141, .box_w = 8, .box_h = 11, .ofs_x = 1, .ofs_y = -3},
    {.bitmap_index = 2873, .adv_w = 141, .box_w = 8, .box_h = 11, .ofs_x = 0, .ofs_y = -3},
    {.bitmap_index = 2917, .adv_w = 92, .box_w = 5, .box_h = 9, .ofs_x = 1, .ofs_y = 0},
    {.bitmap_index = 2940, .adv_w = 108, .box_w = 7, .box_h = 8, .ofs_x = 0, .ofs_y = 0},
    {.bitmap_index = 2968, .adv_w = 89, .box_w = 6, .box_h = 10, .ofs_x = 0, .ofs_y = 0},
    {.bitmap_index = 2998, .adv_w = 139, .box_w = 7, .box_h = 8, .ofs_x = 1, .ofs_y = 0},
    {.bitmap_index = 3026, .adv_w = 122, .box_w = 8, .box_h = 8, .ofs_x = 0, .ofs_y = 0},
    {.bitmap_index = 3058, .adv_w = 186, .box_w = 12, .box_h = 8, .ofs_x = 0, .ofs_y = 0},
    {.bitmap_index = 3106, .adv_w = 118, .box_w = 8, .box_h = 8, .ofs_x = 0, .ofs_y = 0},
    {.bitmap_index = 3138, .adv_w = 122, .box_w = 8, .box_h = 11, .ofs_x = 0, .ofs_y = -3},
    {.bitmap_index = 3182, .adv_w = 110, .box_w = 7, .box_h = 8, .ofs_x = 0, .ofs_y = 0},
    {.bitmap_index = 3210, .adv_w = 80, .box_w = 5, .box_h = 14, .ofs_x = 0, .ofs_y = -3},
    {.bitmap_index = 3245, .adv_w = 63, .box_w = 2, .box_h = 16, .ofs_x = 1, .ofs_y = -4},
    {.bitmap_index = 3261, .adv_w = 80, .box_w = 5, .box_h = 14, .ofs_x = 0, .ofs_y = -3},
    {.bitmap_index = 3296, .adv_w = 128, .box_w = 8, .box_h = 3, .ofs_x = 0, .ofs_y = 3},
    {.bitmap_index = 3308, .adv_w = 224, .box_w = 5, .box_h = 5, .ofs_x = 0, .ofs_y = -1},
    {.bitmap_index = 3321, .adv_w = 224, .box_w = 11, .box_h = 13, .ofs_x = 1, .ofs_y = -1},
    {.bitmap_index = 3393, .adv_w = 224, .box_w = 12, .box_h = 13, .ofs_x = 1, .ofs_y = -1},
    {.bitmap_index = 3471, .adv_w = 224, .box_w = 13, .box_h = 11, .ofs_x = 1, .ofs_y = -1},
    {.bitmap_index = 3543, .adv_w = 224, .box_w = 12, .box_h = 13, .ofs_x = 1, .ofs_y = -1},
    {.bitmap_index = 3621, .adv_w = 224, .box_w = 13, .box_h = 12, .ofs_x = 1, .ofs_y = -1},
    {.bitmap_index = 3699, .adv_w = 224, .box_w = 14, .box_h = 13, .ofs_x = 0, .ofs_y = -1},
    {.bitmap_index = 3790, .adv_w = 224, .box_w = 14, .box_h = 13, .ofs_x = 0, .ofs_y = -1},
    {.bitmap_index = 3881, .adv_w = 224, .box_w = 9, .box_h = 14, .ofs_x = 2, .ofs_y = -2},
    {.bitmap_index = 3944, .adv_w = 224, .box_w = 13, .box_h = 14, .ofs_x = 1, .ofs_y = -2},
    {.bitmap_index = 4035, .adv_w = 224, .box_w = 10, .box_h = 12, .ofs_x = 2, .ofs_y = -1},
    {.bitmap_index = 4095, .adv_w = 224, .box_w = 12, .box_h = 14, .ofs_x = 2, .ofs_y = -1},
    {.bitmap_index = 4179, .adv_w = 224, .box_w = 11, .box_h = 13, .ofs_x = 2, .ofs_y = -1},
    {.bitmap_index = 4251, .adv_w = 224, .box_w = 11, .box_h = 13, .ofs_x = 2, .ofs_y = -1},
    {.bitmap_index = 4323, .adv_w = 224, .box_w = 13, .box_h = 13, .ofs_x = 1, .ofs_y = -1},
    {.bitmap_index = 4408, .adv_w = 224, .box_w = 13, .box_h = 12, .ofs_x = 0, .ofs_y = -1},
    {.bitmap_index = 4486, .adv_w = 224, .box_w = 12, .box_h = 13, .ofs_x = 1, .ofs_y = -1},
    {.bitmap_index = 4564, .adv_w = 224, .box_w = 14, .box_h = 13, .ofs_x = 0, .ofs_y = -1},
    {.bitmap_index = 4655, .adv_w = 224, .box_w = 12, .box_h = 13, .ofs_x = 1, .ofs_y = -1},
    {.bitmap_index = 4733, .adv_w = 224, .box_w = 11, .box_h = 9, .ofs_x = 2, .ofs_y = -1},
    {.bitmap_index = 4783, .adv_w = 224, .box_w = 13, .box_h = 10, .ofs_x = 0, .ofs_y = 0},
    {.bitmap_index = 4848, .adv_w = 224, .box_w = 14, .box_h = 13, .ofs_x = 0, .ofs_y = -1},
    {.bitmap_index = 4939, .adv_w = 224, .box_w = 12, .box_h = 12, .ofs_x = 1, .ofs_y = -1},
    {.bitmap_index = 5011, .adv_w = 224, .box_w = 13, .box_h = 12, .ofs_x = 1, .ofs_y = -1},
    {.bitmap_index = 5089, .adv_w = 224, .box_w = 10, .box_h = 12, .ofs_x = 2, .ofs_y = -1},
    {.bitmap_index = 5149, .adv_w = 224, .box_w = 12, .box_h = 13, .ofs_x = 2, .ofs_y = -1},
    {.bitmap_index = 5227, .adv_w = 224, .box_w = 12, .box_h = 12, .ofs_x = 1, .ofs_y = -1},
    {.bitmap_index = 5299, .adv_w = 224, .box_w = 12, .box_h = 12, .ofs_x = 1, .ofs_y = -1},
    {.bitmap_index = 5371, .adv_w = 224, .box_w = 13, .box_h = 12, .ofs_x = 1, .ofs_y = -1},
    {.bitmap_index = 5449, .adv_w = 224, .box_w = 14, .box_h = 11, .ofs_x = 0, .ofs_y = 0},
    {.bitmap_index = 5526, .adv_w = 224, .box_w = 13, .box_h = 12, .ofs_x = 1, .ofs_y = -1},
    {.bitmap_index = 5604, .adv_w = 224, .box_w = 11, .box_h = 12, .ofs_x = 2, .ofs_y = -1},
    {.bitmap_index = 5670, .adv_w = 224, .box_w = 14, .box_h = 12, .ofs_x = 0, .ofs_y = -1},
    {.bitmap_index = 5754, .adv_w = 224, .box_w = 13, .box_h = 12, .ofs_x = 1, .ofs_y = -1},
    {.bitmap_index = 5832, .adv_w = 224, .box_w = 12, .box_h = 13, .ofs_x = 1, .ofs_y = -1},
    {.bitmap_index = 5910, .adv_w = 224, .box_w = 12, .box_h = 13, .ofs_x = 1, .ofs_y = -1},
    {.bitmap_index = 5988, .adv_w = 224, .box_w = 13, .box_h = 13, .ofs_x = 0, .ofs_y = -1},
    {.bitmap_index = 6073, .adv_w = 224, .box_w = 12, .box_h = 12, .ofs_x = 1, .ofs_y = -1},
    {.bitmap_index = 6145, .adv_w = 224, .box_w = 11, .box_h = 13, .ofs_x = 2, .ofs_y = -1},
    {.bitmap_index = 6217, .adv_w = 224, .box_w = 10, .box_h = 13, .ofs_x = 2, .ofs_y = -1},
    {.bitmap_index = 6282, .adv_w = 224, .box_w = 12, .box_h = 12, .ofs_x = 1, .ofs_y = -1},
    {.bitmap_index = 6354, .adv_w = 224, .box_w = 14, .box_h = 13, .ofs_x = 0, .ofs_y = -1},
    {.bitmap_index = 6445, .adv_w = 224, .box_w = 12, .box_h = 13, .ofs_x = 1, .ofs_y = -2},
    {.bitmap_index = 6523, .adv_w = 224, .box_w = 13, .box_h = 13, .ofs_x = 0, .ofs_y = -1},
    {.bitmap_index = 6608, .adv_w = 224, .box_w = 14, .box_h = 13, .ofs_x = 0, .ofs_y = -1},
    {.bitmap_index = 6699, .adv_w = 224, .box_w = 11, .box_h = 10, .ofs_x = 2, .ofs_y = -1},
    {.bitmap_index = 6754, .adv_w = 224, .box_w = 13, .box_h = 12, .ofs_x = 1, .ofs_y = -1},
    {.bitmap_index = 6832, .adv_w = 224, .box_w = 11, .box_h = 10, .ofs_x = 1, .ofs_y = -1},
    {.bitmap_index = 6887, .adv_w = 224, .box_w = 12, .box_h = 13, .ofs_x = 1, .ofs_y = -1},
    {.bitmap_index = 6965, .adv_w = 224, .box_w = 12, .box_h = 12, .ofs_x = 1, .ofs_y = -1},
    {.bitmap_index = 7037, .adv_w = 224, .box_w = 11, .box_h = 9, .ofs_x = 1, .ofs_y = -1},
    {.bitmap_index = 7087, .adv_w = 224, .box_w = 11, .box_h = 11, .ofs_x = 2, .ofs_y = -2},
    {.bitmap_index = 7148, .adv_w = 224, .box_w = 12, .box_h = 12, .ofs_x = 1, .ofs_y = -1},
    {.bitmap_index = 7220, .adv_w = 224, .box_w = 12, .box_h = 13, .ofs_x = 1, .ofs_y = -1},
    {.bitmap_index = 7298, .adv_w = 224, .box_w = 12, .box_h = 13, .ofs_x = 1, .ofs_y = -1},
    {.bitmap_index = 7376, .adv_w = 224, .box_w = 14, .box_h = 14, .ofs_x = 0, .ofs_y = -2},
    {.bitmap_index = 7474, .adv_w = 224, .box_w = 13, .box_h = 13, .ofs_x = 0, .ofs_y = -1},
    {.bitmap_index = 7559, .adv_w = 224, .box_w = 14, .box_h = 13, .ofs_x = 0, .ofs_y = -1},
    {.bitmap_index = 7650, .adv_w = 224, .box_w = 11, .box_h = 11, .ofs_x = 1, .ofs_y = -1},
    {.bitmap_index = 7711, .adv_w = 224, .box_w = 13, .box_h = 12, .ofs_x = 0, .ofs_y = -1},
    {.bitmap_index = 7789, .adv_w = 224, .box_w = 12, .box_h = 12, .ofs_x = 1, .ofs_y = -1},
    {.bitmap_index = 7861, .adv_w = 224, .box_w = 13, .box_h = 13, .ofs_x = 1, .ofs_y = -1},
    {.bitmap_index = 7946, .adv_w = 224, .box_w = 12, .box_h = 12, .ofs_x = 1, .ofs_y = -1},
    {.bitmap_index = 8018, .adv_w = 224, .box_w = 14, .box_h = 13, .ofs_x = 0, .ofs_y = -1},
    {.bitmap_index = 8109, .adv_w = 224, .box_w = 13, .box_h = 12, .ofs_x = 0, .ofs_y = -1},
    {.bitmap_index = 8187, .adv_w = 224, .box_w = 12, .box_h = 13, .ofs_x = 1, .ofs_y = -1},
    {.bitmap_index = 8265, .adv_w = 224, .box_w = 14, .box_h = 14, .ofs_x = 0, .ofs_y = -2},
    {.bitmap_index = 8363, .adv_w = 224, .box_w = 12, .box_h = 12, .ofs_x = 1, .ofs_y = -1},
    {.bitmap_index = 8435, .adv_w = 224, .box_w = 11, .box_h = 11, .ofs_x = 2, .ofs_y = -2},
    {.bitmap_index = 8496, .adv_w = 224, .box_w = 12, .box_h = 12, .ofs_x = 1, .ofs_y = -1},
    {.bitmap_index = 8568, .adv_w = 224, .box_w = 13, .box_h = 14, .ofs_x = 1, .ofs_y = -1},
    {.bitmap_index = 8659, .adv_w = 224, .box_w = 8, .box_h = 12, .ofs_x = 4, .ofs_y = -1},
    {.bitmap_index = 8707, .adv_w = 224, .box_w = 9, .box_h = 13, .ofs_x = 4, .ofs_y = -1},
    {.bitmap_index = 8766, .adv_w = 224, .box_w = 12, .box_h = 12, .ofs_x = 1, .ofs_y = -1},
    {.bitmap_index = 8838, .adv_w = 224, .box_w = 12, .box_h = 10, .ofs_x = 1, .ofs_y = 0},
    {.bitmap_index = 8898, .adv_w = 224, .box_w = 13, .box_h = 12, .ofs_x = 1, .ofs_y = -1},
    {.bitmap_index = 8976, .adv_w = 224, .box_w = 14, .box_h = 13, .ofs_x = 0, .ofs_y = -1},
    {.bitmap_index = 9067, .adv_w = 224, .box_w = 11, .box_h = 13, .ofs_x = 2, .ofs_y = -1},
    {.bitmap_index = 9139, .adv_w = 224, .box_w = 12, .box_h = 12, .ofs_x = 1, .ofs_y = -1},
    {.bitmap_index = 9211, .adv_w = 224, .box_w = 13, .box_h = 14, .ofs_x = 1, .ofs_y = -1},
    {.bitmap_index = 9302, .adv_w = 224, .box_w = 13, .box_h = 13, .ofs_x = 1, .ofs_y = -1},
    {.bitmap_index = 9387, .adv_w = 224, .box_w = 14, .box_h = 10, .ofs_x = 0, .ofs_y = 0},
    {.bitmap_index = 9457, .adv_w = 224, .box_w = 13, .box_h = 11, .ofs_x = 1, .ofs_y = -1},
    {.bitmap_index = 9529, .adv_w = 224, .box_w = 14, .box_h = 12, .ofs_x = 0, .ofs_y = -1},
    {.bitmap_index = 9613, .adv_w = 224, .box_w = 12, .box_h = 12, .ofs_x = 1, .ofs_y = -1},
    {.bitmap_index = 9685, .adv_w = 224, .box_w = 12, .box_h = 11, .ofs_x = 1, .ofs_y = -1},
    {.bitmap_index = 9751, .adv_w = 224, .box_w = 11, .box_h = 11, .ofs_x = 2, .ofs_y = -2},
    {.bitmap_index = 9812, .adv_w = 224, .box_w = 11, .box_h = 8, .ofs_x = 2, .ofs_y = 0},
    {.bitmap_index = 9856, .adv_w = 224, .box_w = 9, .box_h = 9, .ofs_x = 2, .ofs_y = -1},
    {.bitmap_index = 9897, .adv_w = 224, .box_w = 12, .box_h = 12, .ofs_x = 1, .ofs_y = -1},
    {.bitmap_index = 9969, .adv_w = 224, .box_w = 10, .box_h = 12, .ofs_x = 2, .ofs_y = -1},
    {.bitmap_index = 10029, .adv_w = 224, .box_w = 14, .box_h = 12, .ofs_x = 0, .ofs_y = -1},
    {.bitmap_index = 10113, .adv_w = 224, .box_w = 11, .box_h = 12, .ofs_x = 2, .ofs_y = -1},
    {.bitmap_index = 10179, .adv_w = 224, .box_w = 11, .box_h = 11, .ofs_x = 2, .ofs_y = -1},
    {.bitmap_index = 10240, .adv_w = 224, .box_w = 13, .box_h = 12, .ofs_x = 1, .ofs_y = -1},
    {.bitmap_index = 10318, .adv_w = 224, .box_w = 12, .box_h = 3, .ofs_x = 1, .ofs_y = 4},
    {.bitmap_index = 10336, .adv_w = 224, .box_w = 14, .box_h = 14, .ofs_x = 0, .ofs_y = -2},
    {.bitmap_index = 10434, .adv_w = 224, .box_w = 14, .box_h = 13, .ofs_x = 0, .ofs_y = -1},
    {.bitmap_index = 10525, .adv_w = 224, .box_w = 14, .box_h = 14, .ofs_x = 0, .ofs_y = -2},
    {.bitmap_index = 10623, .adv_w = 224, .box_w = 14, .box_h = 14, .ofs_x = 0, .ofs_y = -2},
    {.bitmap_index = 10721, .adv_w = 224, .box_w = 12, .box_h = 12, .ofs_x = 1, .ofs_y = -1},
    {.bitmap_index = 10793, .adv_w = 224, .box_w = 14, .box_h = 13, .ofs_x = 0, .ofs_y = -2},
    {.bitmap_index = 10884, .adv_w = 224, .box_w = 13, .box_h = 14, .ofs_x = 0, .ofs_y = -2},
    {.bitmap_index = 10975, .adv_w = 224, .box_w = 13, .box_h = 13, .ofs_x = 0, .ofs_y = -1},
    {.bitmap_index = 11060, .adv_w = 224, .box_w = 14, .box_h = 14, .ofs_x = 0, .ofs_y = -2},
    {.bitmap_index = 11158, .adv_w = 224, .box_w = 14, .box_h = 14, .ofs_x = 0, .ofs_y = -2},
    {.bitmap_index = 11256, .adv_w = 224, .box_w = 13, .box_h = 12, .ofs_x = 1, .ofs_y = -1},
    {.bitmap_index = 11334, .adv_w = 224, .box_w = 14, .box_h = 13, .ofs_x = 0, .ofs_y = -1},
    {.bitmap_index = 11425, .adv_w = 224, .box_w = 14, .box_h = 12, .ofs_x = 0, .ofs_y = -1},
    {.bitmap_index = 11509, .adv_w = 224, .box_w = 14, .box_h = 14, .ofs_x = 0, .ofs_y = -2},
    {.bitmap_index = 11607, .adv_w = 224, .box_w = 14, .box_h = 14, .ofs_x = 0, .ofs_y = -2},
    {.bitmap_index = 11705, .adv_w = 224, .box_w = 14, .box_h = 13, .ofs_x = 0, .ofs_y = -1},
    {.bitmap_index = 11796, .adv_w = 224, .box_w = 14, .box_h = 12, .ofs_x = 0, .ofs_y = -1},
    {.bitmap_index = 11880, .adv_w = 224, .box_w = 14, .box_h = 14, .ofs_x = 0, .ofs_y = -1},
    {.bitmap_index = 11978, .adv_w = 224, .box_w = 12, .box_h = 13, .ofs_x = 1, .ofs_y = -1},
    {.bitmap_index = 12056, .adv_w = 224, .box_w = 14, .box_h = 14, .ofs_x = 0, .ofs_y = -2},
    {.bitmap_index = 12154, .adv_w = 224, .box_w = 14, .box_h = 15, .ofs_x = 0, .ofs_y = -2},
    {.bitmap_index = 12259, .adv_w = 224, .box_w = 14, .box_h = 14, .ofs_x = 0, .ofs_y = -1},
    {.bitmap_index = 12357, .adv_w = 224, .box_w = 14, .box_h = 15, .ofs_x = 0, .ofs_y = -2},
    {.bitmap_index = 12462, .adv_w = 224, .box_w = 14, .box_h = 14, .ofs_x = 0, .ofs_y = -2},
    {.bitmap_index = 12560, .adv_w = 224, .box_w = 14, .box_h = 14, .ofs_x = 0, .ofs_y = -2},
    {.bitmap_index = 12658, .adv_w = 224, .box_w = 14, .box_h = 13, .ofs_x = 0, .ofs_y = -1},
    {.bitmap_index = 12749, .adv_w = 224, .box_w = 14, .box_h = 13, .ofs_x = 0, .ofs_y = -2},
    {.bitmap_index = 12840, .adv_w = 224, .box_w = 14, .box_h = 12, .ofs_x = 0, .ofs_y = -1},
    {.bitmap_index = 12924, .adv_w = 224, .box_w = 14, .box_h = 12, .ofs_x = 0, .ofs_y = -1},
    {.bitmap_index = 13008, .adv_w = 224, .box_w = 14, .box_h = 13, .ofs_x = 0, .ofs_y = -1},
    {.bitmap_index = 13099, .adv_w = 224, .box_w = 14, .box_h = 13, .ofs_x = 0, .ofs_y = -1},
    {.bitmap_index = 13190, .adv_w = 224, .box_w = 14, .box_h = 14, .ofs_x = 0, .ofs_y = -2},
    {.bitmap_index = 13288, .adv_w = 224, .box_w = 14, .box_h = 13, .ofs_x = 0, .ofs_y = -1},
    {.bitmap_index = 13379, .adv_w = 224, .box_w = 14, .box_h = 14, .ofs_x = 0, .ofs_y = -2},
    {.bitmap_index = 13477, .adv_w = 224, .box_w = 14, .box_h = 13, .ofs_x = 0, .ofs_y = -1},
    {.bitmap_index = 13568, .adv_w = 224, .box_w = 13, .box_h = 12, .ofs_x = 1, .ofs_y = -1},
    {.bitmap_index = 13646, .adv_w = 224, .box_w = 13, .box_h = 14, .ofs_x = 0, .ofs_y = -2},
    {.bitmap_index = 13737, .adv_w = 224, .box_w = 14, .box_h = 13, .ofs_x = 0, .ofs_y = -1},
    {.bitmap_index = 13828, .adv_w = 224, .box_w = 14, .box_h = 13, .ofs_x = 0, .ofs_y = -1},
    {.bitmap_index = 13919, .adv_w = 224, .box_w = 14, .box_h = 14, .ofs_x = 0, .ofs_y = -2},
    {.bitmap_index = 14017, .adv_w = 224, .box_w = 14, .box_h = 14, .ofs_x = 0, .ofs_y = -2},
    {.bitmap_index = 14115, .adv_w = 224, .box_w = 14, .box_h = 14, .ofs_x = 0, .ofs_y = -2},
    {.bitmap_index = 14213, .adv_w = 224, .box_w = 14, .box_h = 13, .ofs_x = 0, .ofs_y = -1},
    {.bitmap_index = 14304, .adv_w = 224, .box_w = 14, .box_h = 14, .ofs_x = 0, .ofs_y = -2},
    {.bitmap_index = 14402, .adv_w = 224, .box_w = 14, .box_h = 13, .ofs_x = 0, .ofs_y = -2},
    {.bitmap_index = 14493, .adv_w = 224, .box_w = 14, .box_h = 14, .ofs_x = 0, .ofs_y = -2},
    {.bitmap_index = 14591, .adv_w = 224, .box_w = 14, .box_h = 13, .ofs_x = 0, .ofs_y = -1},
    {.bitmap_index = 14682, .adv_w = 224, .box_w = 14, .box_h = 13, .ofs_x = 0, .ofs_y = -2},
    {.bitmap_index = 14773, .adv_w = 224, .box_w = 14, .box_h = 13, .ofs_x = 0, .ofs_y = -1},
    {.bitmap_index = 14864, .adv_w = 224, .box_w = 14, .box_h = 13, .ofs_x = 0, .ofs_y = -1},
    {.bitmap_index = 14955, .adv_w = 224, .box_w = 14, .box_h = 14, .ofs_x = 0, .ofs_y = -2},
    {.bitmap_index = 15053, .adv_w = 224, .box_w = 14, .box_h = 14, .ofs_x = 0, .ofs_y = -2},
    {.bitmap_index = 15151, .adv_w = 224, .box_w = 14, .box_h = 14, .ofs_x = 0, .ofs_y = -2},
    {.bitmap_index = 15249, .adv_w = 224, .box_w = 14, .box_h = 13, .ofs_x = 0, .ofs_y = -1},
    {.bitmap_index = 15340, .adv_w = 224, .box_w = 12, .box_h = 13, .ofs_x = 1, .ofs_y = -2},
    {.bitmap_index = 15418, .adv_w = 224, .box_w = 12, .box_h = 13, .ofs_x = 1, .ofs_y = -2},
    {.bitmap_index = 15496, .adv_w = 224, .box_w = 13, .box_h = 13, .ofs_x = 1, .ofs_y = -1},
    {.bitmap_index = 15581, .adv_w = 224, .box_w = 14, .box_h = 13, .ofs_x = 0, .ofs_y = -2},
    {.bitmap_index = 15672, .adv_w = 224, .box_w = 14, .box_h = 12, .ofs_x = 0, .ofs_y = -1},
    {.bitmap_index = 15756, .adv_w = 224, .box_w = 14, .box_h = 12, .ofs_x = 0, .ofs_y = -1},
    {.bitmap_index = 15840, .adv_w = 224, .box_w = 14, .box_h = 13, .ofs_x = 0, .ofs_y = -2},
    {.bitmap_index = 15931, .adv_w = 224, .box_w = 14, .box_h = 13, .ofs_x = 0, .ofs_y = -2}
};

/*---------------------
 *  CHARACTER MAPPING
 *--------------------*/

static const uint16_t unicode_list_1[] = {
    0x00, 0x04, 0x41, 0x43, 0x47, 0x49, 0x4a, 0x4b,
    0x4e, 0x51, 0x52, 0x53, 0x54, 0x56, 0x58, 0x5a,
    0x5e, 0x5f, 0x60, 0x62, 0x63, 0x64, 0x65, 0x66,
    0x67, 0x68, 0x6a, 0x6d, 0x6e, 0x78, 0x7a, 0x7d,
    0x7e, 0x7f, 0x80, 0x81, 0x83, 0x87, 0x88, 0x89,
    0x8a, 0x8b, 0x8c, 0x91, 0x92, 0xa0, 0xa1, 0xa2,
    0xa3, 0xa5, 0xa6, 0xa8, 0xaa, 0xac, 0xae, 0xaf,
    0xb0, 0xb1, 0xb2, 0xb4, 0xb6, 0xb7, 0xb8, 0xb9,
    0xba, 0xbe, 0xbf, 0xc0, 0xc2, 0xc5, 0xc6, 0xc7,
    0xc8, 0xc9, 0xca, 0xcc, 0xcf, 0xd2, 0xd4, 0xd5,
    0xd6, 0xd7, 0xdd, 0xdf, 0xe0, 0xe1, 0xe2, 0xe4,
    0xe6, 0xe8, 0xe9, 0xea, 0xeb, 0xec, 0xf2, 0xfb,
    0x1e87, 0x1f5b, 0x2144, 0x2147, 0x2185, 0x2206, 0x2224, 0x223a,
    0x22d4, 0x23ba, 0x26dd, 0x271e, 0x2726, 0x2830, 0x2833, 0x2bdc,
    0x2de4, 0x2dfa, 0x2e37, 0x2f36, 0x2f8b, 0x314a, 0x3300, 0x33a1,
    0x3641, 0x3673, 0x36c6, 0x36db, 0x36ff, 0x3727, 0x397c, 0x3c16,
    0x3c33, 0x3e07, 0x406a, 0x453a, 0x473f, 0x48b9, 0x4adb, 0x4d41,
    0x4d60, 0x4d99, 0x4dd9, 0x5376, 0x5a2c, 0x5a70, 0x5a8c, 0x5a9d,
    0x5ee1, 0x5f1c, 0x5fbb, 0x6022, 0x6031, 0x61d0, 0x658a, 0x6592,
    0x667c, 0x66e7, 0x66fa, 0x6761, 0x6805, 0x68a7
};

/*Collect the unicode lists and glyph_id offsets*/
static const lv_font_fmt_txt_cmap_t cmaps[] =
{
    {
        .range_start = 32, .range_length = 95, .glyph_id_start = 1,
        .unicode_list = NULL, .glyph_id_ofs_list = NULL, .list_length = 0, .type = LV_FONT_FMT_TXT_CMAP_FORMAT0_TINY
    },
    {
        .range_start = 12289, .range_length = 26792, .glyph_id_start = 96,
        .unicode_list = unicode_list_1, .glyph_id_ofs_list = NULL, .list_length = 158, .type = LV_FONT_FMT_TXT_CMAP_SPARSE_TINY
    }
};

/*-----------------
 *    KERNING
 *----------------*/

/*Pair left and right glyphs for kerning*/
static const uint8_t kern_pair_glyph_ids[] =
{
    3, 13,
    3, 15,
    3, 34,
    3, 43,
    3, 52,
    3, 57,
    3, 68,
    3, 69,
    3, 70,
    3, 80,
    3, 82,
    3, 84,
    8, 13,
    8, 15,
    8, 34,
    8, 43,
    8, 52,
    8, 57,
    8, 68,
    8, 69,
    8, 70,
    8, 80,
    8, 82,
    8, 84,
    9, 43,
    9, 75,
    13, 3,
    13, 8,
    13, 11,
    13, 53,
    13, 54,
    13, 55,
    13, 56,
    13, 58,
    13, 68,
    13, 69,
    13, 70,
    13, 75,
    13, 80,
    13, 82,
    13, 85,
    13, 87,
    13, 88,
    13, 90,
    14, 43,
    14, 52,
    14, 53,
    14, 55,
    14, 56,
    14, 57,
    14, 58,
    14, 59,
    14, 85,
    14, 87,
    14, 89,
    15, 3,
    15, 8,
    15, 11,
    15, 53,
    15, 54,
    15, 55,
    15, 56,
    15, 58,
    15, 68,
    15, 69,
    15, 70,
    15, 75,
    15, 80,
    15, 82,
    15, 85,
    15, 87,
    15, 88,
    15, 90,
    16, 34,
    16, 36,
    16, 40,
    16, 43,
    16, 48,
    16, 50,
    16, 66,
    16, 68,
    16, 69,
    16, 70,
    16, 72,
    16, 74,
    16, 75,
    16, 80,
    16, 82,
    16, 85,
    16, 86,
    27, 11,
    27, 58,
    28, 11,
    28, 58,
    34, 3,
    34, 8,
    34, 11,
    34, 32,
    34, 34,
    34, 36,
    34, 40,
    34, 48,
    34, 50,
    34, 53,
    34, 54,
    34, 55,
    34, 57,
    34, 58,
    34, 59,
    34, 61,
    34, 66,
    34, 71,
    34, 84,
    34, 85,
    34, 86,
    34, 87,
    34, 88,
    34, 89,
    34, 90,
    35, 11,
    35, 43,
    35, 52,
    35, 53,
    35, 55,
    35, 56,
    35, 57,
    35, 58,
    35, 59,
    35, 85,
    35, 87,
    35, 88,
    35, 89,
    35, 90,
    36, 14,
    36, 36,
    36, 40,
    36, 43,
    36, 48,
    36, 50,
    36, 52,
    36, 53,
    36, 54,
    36, 55,
    36, 56,
    36, 57,
    36, 58,
    36, 59,
    36, 72,
    36, 85,
    36, 86,
    36, 87,
    36, 88,
    36, 90,
    37, 11,
    37, 16,
    37, 34,
    37, 43,
    37, 53,
    37, 55,
    37, 56,
    37, 57,
    37, 58,
    37, 59,
    37, 89,
    37, 91,
    38, 68,
    38, 69,
    38, 70,
    38, 80,
    38, 82,
    38, 85,
    38, 87,
    38, 89,
    38, 90,
    39, 13,
    39, 15,
    39, 16,
    39, 34,
    39, 36,
    39, 40,
    39, 43,
    39, 48,
    39, 50,
    39, 52,
    39, 55,
    39, 56,
    39, 57,
    39, 58,
    39, 59,
    39, 66,
    39, 68,
    39, 69,
    39, 70,
    39, 72,
    39, 78,
    39, 79,
    39, 80,
    39, 81,
    39, 82,
    39, 83,
    39, 84,
    39, 85,
    39, 86,
    39, 87,
    39, 88,
    39, 89,
    39, 90,
    39, 91,
    40, 11,
    40, 34,
    40, 53,
    40, 55,
    40, 56,
    43, 13,
    43, 15,
    43, 43,
    44, 3,
    44, 8,
    44, 11,
    44, 14,
    44, 32,
    44, 34,
    44, 36,
    44, 40,
    44, 48,
    44, 50,
    44, 52,
    44, 53,
    44, 54,
    44, 55,
    44, 56,
    44, 58,
    44, 68,
    44, 69,
    44, 70,
    44, 75,
    44, 80,
    44, 82,
    44, 85,
    44, 86,
    44, 87,
    44, 88,
    44, 89,
    44, 90,
    44, 91,
    45, 3,
    45, 8,
    45, 11,
    45, 14,
    45, 32,
    45, 34,
    45, 36,
    45, 40,
    45, 48,
    45, 50,
    45, 52,
    45, 53,
    45, 54,
    45, 55,
    45, 56,
    45, 58,
    45, 61,
    45, 68,
    45, 69,
    45, 70,
    45, 71,
    45, 72,
    45, 80,
    45, 82,
    45, 85,
    45, 86,
    45, 87,
    45, 88,
    45, 90,
    48, 11,
    48, 16,
    48, 34,
    48, 43,
    48, 53,
    48, 55,
    48, 56,
    48, 57,
    48, 58,
    48, 59,
    48, 89,
    48, 91,
    49, 13,
    49, 14,
    49, 15,
    49, 16,
    49, 34,
    49, 43,
    49, 52,
    49, 53,
    49, 57,
    49, 58,
    49, 59,
    49, 66,
    49, 68,
    49, 69,
    49, 70,
    49, 72,
    49, 80,
    49, 82,
    49, 84,
    49, 89,
    49, 91,
    50, 11,
    50, 16,
    50, 34,
    50, 43,
    50, 53,
    50, 55,
    50, 56,
    50, 57,
    50, 58,
    50, 59,
    50, 89,
    50, 91,
    51, 11,
    51, 14,
    51, 34,
    51, 43,
    51, 52,
    51, 53,
    51, 55,
    51, 56,
    51, 57,
    51, 58,
    51, 59,
    51, 66,
    51, 68,
    51, 69,
    51, 70,
    51, 72,
    51, 80,
    51, 82,
    51, 89,
    51, 91,
    52, 11,
    52, 14,
    52, 43,
    52, 52,
    52, 53,
    52, 58,
    52, 85,
    52, 91,
    53, 13,
    53, 14,
    53, 15,
    53, 16,
    53, 27,
    53, 28,
    53, 34,
    53, 36,
    53, 40,
    53, 43,
    53, 48,
    53, 50,
    53, 52,
    53, 57,
    53, 58,
    53, 59,
    53, 66,
    53, 68,
    53, 69,
    53, 70,
    53, 71,
    53, 72,
    53, 78,
    53, 79,
    53, 80,
    53, 81,
    53, 82,
    53, 83,
    53, 84,
    53, 85,
    53, 86,
    53, 87,
    53, 88,
    53, 89,
    53, 90,
    53, 91,
    54, 13,
    54, 15,
    54, 16,
    54, 34,
    54, 43,
    54, 52,
    54, 55,
    54, 57,
    54, 58,
    54, 66,
    54, 72,
    54, 84,
    54, 89,
    55, 13,
    55, 14,
    55, 15,
    55, 16,
    55, 34,
    55, 36,
    55, 40,
    55, 43,
    55, 48,
    55, 50,
    55, 52,
    55, 54,
    55, 55,
    55, 59,
    55, 66,
    55, 68,
    55, 69,
    55, 70,
    55, 72,
    55, 78,
    55, 79,
    55, 80,
    55, 81,
    55, 82,
    55, 83,
    55, 84,
    55, 86,
    55, 87,
    55, 88,
    55, 89,
    55, 90,
    55, 91,
    56, 13,
    56, 14,
    56, 15,
    56, 16,
    56, 36,
    56, 40,
    56, 43,
    56, 48,
    56, 50,
    56, 52,
    56, 59,
    56, 66,
    56, 72,
    56, 91,
    57, 3,
    57, 8,
    57, 11,
    57, 14,
    57, 34,
    57, 36,
    57, 40,
    57, 43,
    57, 48,
    57, 50,
    57, 52,
    57, 53,
    57, 54,
    57, 66,
    57, 68,
    57, 69,
    57, 70,
    57, 71,
    57, 80,
    57, 82,
    57, 85,
    57, 86,
    57, 87,
    57, 88,
    57, 89,
    57, 90,
    57, 91,
    58, 13,
    58, 14,
    58, 15,
    58, 16,
    58, 27,
    58, 28,
    58, 32,
    58, 34,
    58, 36,
    58, 40,
    58, 43,
    58, 48,
    58, 50,
    58, 52,
    58, 53,
    58, 54,
    58, 59,
    58, 66,
    58, 68,
    58, 69,
    58, 70,
    58, 72,
    58, 78,
    58, 79,
    58, 80,
    58, 81,
    58, 82,
    58, 83,
    58, 84,
    58, 85,
    58, 86,
    58, 87,
    58, 88,
    58, 89,
    58, 90,
    58, 91,
    59, 14,
    59, 34,
    59, 36,
    59, 40,
    59, 43,
    59, 48,
    59, 50,
    59, 52,
    59, 54,
    59, 55,
    59, 56,
    59, 58,
    59, 59,
    59, 66,
    59, 68,
    59, 69,
    59, 70,
    59, 71,
    59, 72,
    59, 80,
    59, 82,
    59, 85,
    59, 86,
    59, 87,
    59, 88,
    59, 89,
    59, 90,
    60, 43,
    60, 75,
    61, 53,
    61, 54,
    61, 55,
    61, 56,
    61, 58,
    61, 72,
    61, 75,
    61, 87,
    61, 88,
    61, 90,
    66, 11,
    66, 32,
    66, 53,
    66, 55,
    66, 56,
    66, 58,
    66, 85,
    67, 3,
    67, 8,
    67, 11,
    67, 13,
    67, 14,
    67, 15,
    67, 32,
    67, 53,
    67, 55,
    67, 57,
    67, 58,
    67, 61,
    67, 66,
    67, 71,
    67, 84,
    67, 85,
    67, 87,
    67, 88,
    67, 89,
    67, 90,
    67, 91,
    68, 14,
    68, 53,
    68, 55,
    68, 58,
    68, 66,
    68, 68,
    68, 69,
    68, 70,
    68, 72,
    68, 80,
    68, 82,
    68, 85,
    68, 87,
    68, 88,
    68, 90,
    70, 11,
    70, 14,
    70, 32,
    70, 43,
    70, 52,
    70, 53,
    70, 55,
    70, 56,
    70, 58,
    70, 61,
    70, 66,
    70, 71,
    70, 72,
    70, 85,
    70, 87,
    70, 88,
    70, 89,
    70, 90,
    70, 91,
    71, 2,
    71, 3,
    71, 8,
    71, 10,
    71, 13,
    71, 14,
    71, 15,
    71, 16,
    71, 32,
    71, 53,
    71, 55,
    71, 56,
    71, 57,
    71, 58,
    71, 61,
    71, 62,
    71, 66,
    71, 68,
    71, 69,
    71, 70,
    71, 72,
    71, 75,
    71, 80,
    71, 82,
    71, 84,
    71, 87,
    71, 89,
    71, 91,
    71, 94,
    72, 10,
    72, 11,
    72, 16,
    72, 32,
    72, 53,
    72, 58,
    72, 62,
    72, 66,
    72, 68,
    72, 69,
    72, 70,
    72, 75,
    72, 80,
    72, 82,
    72, 87,
    72, 88,
    72, 90,
    72, 91,
    72, 94,
    73, 11,
    73, 32,
    73, 53,
    73, 55,
    73, 58,
    76, 11,
    76, 13,
    76, 14,
    76, 15,
    76, 27,
    76, 28,
    76, 32,
    76, 53,
    76, 58,
    76, 66,
    76, 68,
    76, 69,
    76, 70,
    76, 72,
    76, 75,
    76, 80,
    76, 82,
    76, 85,
    76, 86,
    76, 89,
    76, 91,
    77, 75,
    78, 11,
    78, 32,
    78, 53,
    78, 55,
    78, 58,
    79, 11,
    79, 32,
    79, 53,
    79, 55,
    79, 58,
    80, 3,
    80, 8,
    80, 11,
    80, 13,
    80, 14,
    80, 15,
    80, 32,
    80, 53,
    80, 55,
    80, 57,
    80, 58,
    80, 61,
    80, 66,
    80, 71,
    80, 84,
    80, 85,
    80, 87,
    80, 88,
    80, 89,
    80, 90,
    80, 91,
    81, 3,
    81, 8,
    81, 11,
    81, 13,
    81, 14,
    81, 15,
    81, 32,
    81, 53,
    81, 55,
    81, 57,
    81, 58,
    81, 61,
    81, 66,
    81, 71,
    81, 84,
    81, 85,
    81, 87,
    81, 88,
    81, 89,
    81, 90,
    81, 91,
    82, 11,
    82, 53,
    82, 55,
    82, 58,
    83, 13,
    83, 14,
    83, 15,
    83, 16,
    83, 27,
    83, 28,
    83, 34,
    83, 43,
    83, 59,
    83, 61,
    83, 66,
    83, 68,
    83, 69,
    83, 70,
    83, 72,
    83, 80,
    83, 82,
    83, 84,
    83, 87,
    83, 88,
    83, 90,
    83, 91,
    84, 11,
    84, 14,
    84, 32,
    84, 53,
    84, 55,
    84, 58,
    84, 85,
    85, 13,
    85, 14,
    85, 15,
    85, 16,
    85, 27,
    85, 28,
    85, 32,
    85, 53,
    85, 58,
    85, 66,
    85, 68,
    85, 69,
    85, 70,
    85, 72,
    85, 80,
    85, 82,
    85, 84,
    85, 85,
    85, 89,
    86, 11,
    86, 53,
    86, 55,
    86, 58,
    87, 11,
    87, 13,
    87, 14,
    87, 15,
    87, 16,
    87, 34,
    87, 43,
    87, 53,
    87, 55,
    87, 58,
    87, 59,
    87, 66,
    87, 68,
    87, 69,
    87, 70,
    87, 75,
    87, 80,
    87, 82,
    87, 91,
    88, 11,
    88, 13,
    88, 15,
    88, 16,
    88, 34,
    88, 43,
    88, 53,
    88, 55,
    88, 57,
    88, 58,
    88, 66,
    88, 68,
    88, 69,
    88, 70,
    88, 75,
    88, 80,
    88, 82,
    88, 91,
    89, 2,
    89, 11,
    89, 13,
    89, 14,
    89, 15,
    89, 28,
    89, 36,
    89, 40,
    89, 48,
    89, 50,
    89, 52,
    89, 53,
    89, 55,
    89, 57,
    89, 58,
    89, 66,
    89, 68,
    89, 69,
    89, 70,
    89, 80,
    89, 82,
    89, 85,
    89, 90,
    90, 13,
    90, 15,
    90, 16,
    90, 43,
    90, 53,
    90, 55,
    90, 57,
    90, 58,
    90, 66,
    90, 68,
    90, 69,
    90, 70,
    90, 75,
    90, 80,
    90, 82,
    90, 89,
    90, 91,
    91, 14,
    91, 53,
    91, 58,
    91, 66,
    91, 68,
    91, 69,
    91, 70,
    91, 72,
    91, 80,
    91, 82,
    91, 86,
    91, 87,
    91, 90,
    92, 43,
    92, 75,
    98, 118,
    98, 119,
    98, 174,
    99, 118,
    99, 119,
    99, 133,
    100, 104,
    100, 116,
    100, 117,
    100, 118,
    100, 119,
    100, 125,
    100, 136,
    100, 155,
    100, 174,
    100, 175,
    100, 177,
    102, 96,
    102, 124,
    102, 133,
    103, 96,
    103, 133,
    104, 118,
    104, 119,
    104, 128,
    104, 136,
    105, 96,
    106, 96,
    106, 110,
    106, 115,
    107, 110,
    107, 118,
    107, 119,
    109, 110,
    109, 116,
    109, 117,
    109, 118,
    109, 119,
    109, 132,
    109, 155,
    110, 96,
    110, 115,
    110, 118,
    110, 119,
    110, 125,
    110, 150,
    110, 177,
    112, 127,
    112, 138,
    113, 96,
    113, 127,
    113, 138,
    115, 118,
    115, 123,
    116, 96,
    117, 96,
    118, 96,
    118, 98,
    118, 101,
    118, 104,
    118, 115,
    118, 116,
    118, 117,
    118, 124,
    118, 127,
    118, 131,
    118, 139,
    119, 96,
    119, 98,
    120, 96,
    120, 104,
    120, 110,
    120, 115,
    120, 116,
    120, 117,
    120, 118,
    120, 119,
    120, 123,
    120, 125,
    121, 96,
    121, 104,
    121, 106,
    121, 107,
    121, 108,
    121, 116,
    121, 117,
    121, 118,
    121, 119,
    121, 125,
    121, 128,
    122, 96,
    122, 103,
    122, 104,
    122, 106,
    122, 107,
    122, 108,
    122, 110,
    124, 112,
    124, 113,
    125, 118,
    125, 119,
    125, 121,
    127, 96,
    127, 111,
    127, 115,
    131, 96,
    131, 99,
    131, 116,
    131, 118,
    131, 119,
    131, 120,
    131, 121,
    132, 96,
    133, 115,
    133, 135,
    133, 136,
    134, 110,
    134, 111,
    134, 118,
    134, 119,
    135, 96,
    135, 116,
    136, 116,
    136, 117,
    136, 178,
    137, 96,
    137, 116,
    137, 117,
    137, 118,
    137, 119,
    140, 110,
    140, 118,
    140, 119,
    140, 121,
    141, 96,
    142, 96,
    142, 120,
    142, 121,
    142, 144,
    142, 150,
    142, 151,
    142, 156,
    142, 157,
    142, 160,
    142, 163,
    142, 169,
    142, 170,
    142, 172,
    142, 177,
    142, 179,
    142, 180,
    142, 187,
    142, 190,
    142, 191,
    144, 96,
    144, 150,
    144, 151,
    144, 158,
    144, 159,
    144, 161,
    144, 162,
    144, 165,
    144, 169,
    144, 172,
    144, 179,
    145, 96,
    147, 96,
    148, 96,
    149, 96,
    149, 158,
    149, 190,
    150, 96,
    150, 146,
    150, 150,
    150, 151,
    150, 158,
    150, 159,
    150, 161,
    150, 162,
    150, 172,
    150, 179,
    150, 180,
    150, 187,
    151, 96,
    151, 150,
    151, 151,
    151, 179,
    152, 96,
    152, 144,
    152, 165,
    152, 166,
    152, 172,
    152, 177,
    152, 179,
    152, 180,
    152, 188,
    152, 190,
    153, 96,
    153, 143,
    153, 144,
    153, 146,
    153, 172,
    153, 179,
    153, 180,
    154, 145,
    155, 96,
    155, 158,
    155, 172,
    155, 179,
    156, 96,
    156, 172,
    157, 96,
    157, 161,
    157, 162,
    157, 172,
    157, 182,
    157, 183,
    158, 177,
    158, 178,
    160, 177,
    160, 180,
    161, 96,
    161, 180,
    162, 96,
    162, 156,
    162, 157,
    162, 180,
    163, 96,
    163, 179,
    163, 182,
    164, 96,
    165, 96,
    165, 143,
    165, 179,
    166, 96,
    166, 143,
    166, 179,
    167, 96,
    168, 96,
    169, 96,
    169, 179,
    171, 154,
    172, 167,
    172, 168,
    172, 190,
    173, 143,
    174, 96,
    174, 143,
    174, 153,
    174, 179,
    174, 190,
    175, 96,
    175, 143,
    176, 96,
    176, 143,
    176, 183,
    178, 96,
    179, 174,
    179, 175,
    179, 176,
    179, 185,
    182, 96,
    183, 96,
    183, 142,
    183, 188,
    185, 96,
    185, 156,
    185, 157,
    185, 158,
    185, 159,
    185, 172,
    185, 179,
    185, 180,
    186, 96,
    187, 148,
    187, 154,
    187, 179,
    187, 190,
    188, 179,
    190, 96,
    190, 158,
    190, 159,
    190, 171,
    190, 174,
    190, 175,
    190, 176,
    190, 179,
    190, 180,
    191, 96,
    191, 118,
    191, 119,
    191, 142,
    191, 143,
    191, 155,
    191, 156,
    191, 157,
    191, 158,
    191, 159,
    191, 172,
    191, 174,
    191, 175,
    191, 176,
    191, 179,
    191, 180,
    191, 190
};

/* Kerning between the respective left and right glyphs
 * 4.4 format which needs to scaled with `kern_scale`*/
static const int8_t kern_pair_values[] =
{
    -31, -31, -16, -26, -3, -3, -7, -7,
    -7, -7, -7, -6, -31, -31, -16, -26,
    -3, -3, -7, -7, -7, -7, -7, -6,
    -6, 19, -27, -27, -38, -26, -6, -18,
    -10, -26, -4, -4, -4, 6, -4, -4,
    -14, -11, -7, -6, -6, -6, -13, -6,
    -3, -9, -18, -6, -7, -3, -5, -27,
    -27, -38, -26, -6, -18, -10, -26, -4,
    -4, -4, 6, -4, -4, -14, -11, -7,
    -6, -11, -3, -3, -21, -3, -3, -7,
    -8, -8, -8, -3, 4, 4, -8, -8,
    0, -6, -12, -8, -12, -8, -16, -16,
    -24, -8, -2, -3, -3, -3, -3, -16,
    -5, -5, -1, -5, -2, -11, 4, -3,
    4, -5, -2, -3, -2, -2, -3, -9,
    -5, -5, -7, -3, -2, -2, -5, -2,
    -3, -5, -3, -3, -5, -8, -9, -9,
    -3, -9, -9, -7, -5, -5, -2, -2,
    -2, -3, -3, -6, -9, -3, -5, -3,
    -5, -9, -5, -3, -12, -7, -3, -2,
    -6, -6, -6, -5, -3, -3, -3, -3,
    -3, -3, -7, -3, -10, -3, -21, -21,
    -17, -11, -3, -3, -35, -3, -3, -6,
    -1, -1, -7, -2, -9, -10, -5, -5,
    -5, -7, -6, -6, -5, -6, -5, -6,
    -6, -3, -5, -7, -6, -8, -6, -10,
    -7, -2, -6, -5, -2, -7, -7, -11,
    -7, -7, -11, -10, -3, -3, -6, -6,
    -6, -6, -4, -6, -5, -4, -3, -6,
    -3, -3, -3, -3, -3, -3, -11, -4,
    -7, -6, -6, -7, -5, -26, -26, -41,
    -14, -11, -1, -8, -8, -8, -8, -7,
    -31, -9, -20, -15, -21, -21, -4, -4,
    -4, -5, -2, -4, -4, -6, -3, -11,
    -10, -11, -9, -5, -3, -12, -7, -3,
    -2, -6, -6, -6, -5, -3, -31, -9,
    -31, -19, -13, -37, -3, -6, -7, -3,
    -19, -11, -7, -7, -7, -8, -7, -7,
    -3, -5, -6, -9, -5, -3, -12, -7,
    -3, -2, -6, -6, -6, -5, -3, -3,
    -8, -2, -5, -4, -5, -1, 0, -2,
    -2, -3, -2, -3, -3, -3, -2, -3,
    -3, -3, -3, -5, 3, -5, -5, -6,
    -5, -7, -2, -28, -18, -28, -22, -6,
    -6, -11, -7, -7, -32, -7, -7, -10,
    -6, -5, -14, -18, -18, -18, -18, -5,
    -18, -12, -12, -18, -12, -18, -12, -16,
    -5, -12, -9, -9, -10, -9, -19, -6,
    -6, -8, -5, -13, -3, -2, -3, -5,
    -2, -3, -2, -3, -18, -6, -18, -11,
    -5, -3, -3, -18, -3, -3, -3, -3,
    2, -6, -7, -5, -5, -5, -6, -6,
    -6, -5, -6, -5, -6, -4, -9, -3,
    -3, -5, -3, -7, -10, -3, -10, -7,
    -2, -2, -16, -2, -2, -2, -2, -5,
    -3, -3, -3, -3, -3, -9, -1, -6,
    -6, -2, -6, -6, -5, -6, -3, -3,
    -3, -3, -3, -6, -3, -3, -6, -3,
    -6, -5, -3, -6, -5, -25, -18, -25,
    -16, -8, -8, -3, -5, -5, -5, -26,
    -5, -5, -5, -5, -3, -7, -19, -12,
    -12, -12, -16, -11, -11, -12, -11, -12,
    -11, -12, -10, -10, -5, -7, -10, -5,
    -13, -9, -2, -6, -6, -9, -6, -6,
    -9, -3, -2, -2, -5, -5, -5, -6,
    -6, -6, -6, -4, -6, -6, -5, -6,
    -5, -5, -7, -5, -6, 19, -21, -7,
    -13, -7, -18, 7, 17, -6, -3, 2,
    -14, -5, -7, -6, -2, -7, -5, -7,
    -7, -6, -3, 0, -3, -5, -15, -6,
    -2, -13, -8, -4, -2, -2, -6, -2,
    -2, -6, -2, -3, -7, -6, -5, -7,
    -3, -7, -7, -7, -3, -7, -7, -3,
    0, 0, 0, -9, 2, -3, -6, -6,
    -7, -6, -3, -8, -7, -4, -2, -3,
    -3, 0, 0, -3, 0, -1, 2, 9,
    9, 11, -15, -5, -15, -4, 5, 11,
    15, 11, 7, 13, 13, 11, -6, -3,
    -3, -3, -4, -3, -3, -3, -2, 2,
    -2, -5, 11, 2, -9, 10, -11, -8,
    -5, 2, -5, -5, -5, -5, 9, -5,
    -5, -2, -2, 2, -5, 2, -9, -3,
    -7, -3, -6, -6, 2, -14, 2, 2,
    2, -5, -11, -4, -3, -6, -6, -6,
    -3, -3, -6, -6, -7, -5, -3, -3,
    1, -9, -3, -7, -3, -6, -9, -3,
    -7, -3, -6, -7, -7, -6, -3, 0,
    -3, -5, -15, -6, -2, -13, -8, -4,
    -2, -2, -6, -2, -2, -6, -2, -3,
    -7, -7, -6, -3, 0, -3, -5, -15,
    -6, -2, -13, -8, -4, -2, -2, -6,
    -2, -2, -6, -2, -3, -6, -6, -5,
    -9, -17, -7, -17, -9, 4, 4, -5,
    -16, -3, 2, -7, -3, -3, -3, -3,
    -3, -3, -2, 4, 3, 4, -2, -12,
    2, -5, -7, -3, -6, -6, -1, -8,
    -1, 0, 2, 2, -8, -5, -2, -6,
    -5, -5, -5, -3, -5, -5, -3, -6,
    -5, -6, -6, -5, -9, -4, -11, -3,
    -11, -6, -4, -11, -6, -3, -5, -3,
    -6, -2, -2, -2, -3, -2, -2, -7,
    -4, -14, -14, -2, -2, -9, -7, -3,
    -5, -7, -3, -2, -2, -2, -3, -2,
    -2, -6, -5, -6, 2, -5, -3, 2,
    -3, -3, -3, -3, -2, -9, -5, -3,
    -10, -3, -6, -6, -6, -6, -6, -7,
    -2, -11, -11, -4, -11, -6, -2, -2,
    -3, -6, -2, -2, -2, -3, -2, -2,
    -5, -7, -6, -7, -7, -6, -3, -3,
    -3, -2, -3, -3, -3, -2, -2, -6,
    19, -4, -4, -4, -7, -7, -4, -7,
    -7, -7, -11, -7, -16, -7, -7, -4,
    -4, -4, -4, -9, -11, -4, -11, -7,
    -7, 9, -4, -16, -4, -4, -16, 2,
    2, 2, -4, -13, -13, -7, -7, -2,
    -4, -18, -9, 2, 2, -16, -7, -20,
    -7, -13, -7, -4, -13, -11, 7, -9,
    -7, -11, -7, -7, -7, -13, -4, -4,
    -4, -11, -11, -4, -9, -2, -9, -7,
    -7, -7, -9, -9, -7, -7, -2, -11,
    -11, -7, -7, -7, -7, -7, -7, -4,
    -4, -11, -7, -7, -4, -4, -4, -4,
    -4, 2, -4, -4, -9, -9, -9, -9,
    -7, -9, -7, -4, -9, -9, -9, -4,
    -4, -7, -7, -4, -7, -4, -4, -7,
    -7, -9, 2, -9, -9, -9, 2, -4,
    -4, -7, -7, -4, -11, -11, -7, -11,
    -22, -4, -7, -11, -11, -11, -9, -9,
    -4, -4, -4, -4, -9, -4, -16, -11,
    -2, -9, -13, -4, -4, -4, -7, -7,
    -9, -9, -4, -4, -4, -4, -7, -11,
    -4, -9, -7, -7, -20, -2, -9, -9,
    -7, -4, -9, -9, -11, -18, -9, -7,
    -16, -4, -4, -4, -18, -4, -4, -4,
    -9, -7, -16, -7, -4, -7, -18, -7,
    -4, -4, -4, -11, -7, -9, -20, -4,
    -9, -4, -4, -7, -7, -4, -4, -13,
    -11, -16, -16, -7, -4, -4, -7, -7,
    -11, 4, 4, -7, -13, -4, -2, -2,
    -7, -13, -7, -7, -16, -4, -4, -9,
    -11, -7, -4, 7, 7, 11, -4, -9,
    -4, -2, -7, 4, -7, -7, -7, -7,
    -4, -11, -13, -13, -13, -11, -4, -4,
    -4, -4, -4, -4, -4, -4, -4, -2,
    -7, -7, -13, -7, -4, -4, -4, -4,
    -13, -4, -4, -4, -7, -7, -7, -4,
    -7, -2, -13, -13, -9, -9, -4, -4,
    -4, -11, -11, -2, -13, -13, -13, -7,
    -9, -11
};

/*Collect the kern pair's data in one place*/
static const lv_font_fmt_txt_kern_pair_t kern_pairs =
{
    .glyph_ids = kern_pair_glyph_ids,
    .values = kern_pair_values,
    .pair_cnt = 1186,
    .glyph_ids_size = 0
};

/*--------------------
 *  ALL CUSTOM DATA
 *--------------------*/

#if LVGL_VERSION_MAJOR == 8
/*Store all the custom data of the font*/
static  lv_font_fmt_txt_glyph_cache_t cache;
#endif

#if LVGL_VERSION_MAJOR >= 8
static const lv_font_fmt_txt_dsc_t font_dsc = {
#else
static lv_font_fmt_txt_dsc_t font_dsc = {
#endif
    .glyph_bitmap = glyph_bitmap,
    .glyph_dsc = glyph_dsc,
    .cmaps = cmaps,
    .kern_dsc = &kern_pairs,
    .kern_scale = 16,
    .cmap_num = 2,
    .bpp = 4,
    .kern_classes = 0,
    .bitmap_format = 0,
#if LVGL_VERSION_MAJOR == 8
    .cache = &cache
#endif

};



/*-----------------
 *  PUBLIC FONT
 *----------------*/

/*Initialize a public general font descriptor*/
#if LVGL_VERSION_MAJOR >= 8
const lv_font_t NS_Medium_jp_14_data = {
#else
lv_font_t NS_Medium_jp_14_data = {
#endif
    .get_glyph_dsc = lv_font_get_glyph_dsc_fmt_txt,    /*Function pointer to get glyph's data*/
    .get_glyph_bitmap = lv_font_get_bitmap_fmt_txt,    /*Function pointer to get glyph's bitmap*/
    .line_height = 17,          /*The maximum line height required by the font*/
    .base_line = 4,             /*Baseline measured from the bottom of the line*/
#if LV_VERSION_CHECK(9, 6, 0) || LVGL_VERSION_MAJOR >= 10
    .cap_height = 10,           /*Cap height of the font*/
    .x_height = 8,               /*x-height of the font*/
#endif
#if !(LVGL_VERSION_MAJOR == 6 && LVGL_VERSION_MINOR == 0)
    .subpx = LV_FONT_SUBPX_NONE,
#endif
#if LV_VERSION_CHECK(7, 4, 0) || LVGL_VERSION_MAJOR >= 8
    .underline_position = -2,
    .underline_thickness = 1,
#endif

#if LV_VERSION_CHECK(9, 3, 0)
    .static_bitmap = 1,    /*Bitmaps are stored as const so they are always static if not compressed */
#endif

    .dsc = &font_dsc,          /*The custom font data. Will be accessed by `get_glyph_bitmap/dsc` */
#if LV_VERSION_CHECK(8, 2, 0) || LVGL_VERSION_MAJOR >= 9
    .fallback = NULL,
#endif
    .user_data = NULL,
};



#endif /*#if NS_MEDIUM_JP_14_DATA*/
