/*******************************************************************************
 * Size: 16 px
 * Bpp: 4
 * Opts: --font /fonts/raw/languages/NotoSansSC-Medium.ttf -o /fonts/NS_Medium_zh_16_data.c --size 16 --bpp 4 --format lvgl --no-compress --symbols 一七三乐九二于云五亮件俊停健光八六关内出动勿十卡卷厂压可启周唤器四固圆型声复多天太始存定导小屏展幕度康开式形恢扰报振文新方旋日时星暂更月期格模步每气池法温用电盘睡知示秒类系终统网置联能航行表觉言警设语贮起跑身转轴进逐通醒重闪闭阳音预骤 --range 0x20-0x7F --lv-fallback NS_Medium_jp_16_data
 ******************************************************************************/

#ifdef __has_include
    #if __has_include("lvgl.h")
        #ifndef LV_LVGL_H_INCLUDE_SIMPLE
            #define LV_LVGL_H_INCLUDE_SIMPLE
        #endif
    #endif
#endif

#ifdef LV_LVGL_H_INCLUDE_SIMPLE
    #include "lvgl.h"
#else
    #include "lvgl/lvgl.h"
#endif



#ifndef NS_MEDIUM_ZH_16_DATA
#define NS_MEDIUM_ZH_16_DATA 1
#endif

#if NS_MEDIUM_ZH_16_DATA

/*-----------------
 *    BITMAPS
 *----------------*/

/*Store the image of the glyphs*/
static LV_ATTRIBUTE_LARGE_CONST const uint8_t glyph_bitmap[] = {
    /* U+0020 " " */

    /* U+0021 "!" */
    0x2f, 0xa2, 0xfa, 0x1f, 0x91, 0xf8, 0x0f, 0x80,
    0xf7, 0x0f, 0x60, 0xe6, 0x03, 0x10, 0x84, 0x7f,
    0xf3, 0xea,

    /* U+0022 "\"" */
    0x9f, 0x51, 0xfd, 0x8f, 0x40, 0xfc, 0x7f, 0x30,
    0xfb, 0x5f, 0x10, 0xd9, 0x3f, 0x00, 0xb8, 0x00,
    0x00, 0x00,

    /* U+0023 "#" */
    0x00, 0x0f, 0x10, 0xa7, 0x00, 0x02, 0xf0, 0x0c,
    0x50, 0x00, 0x4d, 0x00, 0xe3, 0x00, 0xff, 0xff,
    0xff, 0xf9, 0x04, 0xaa, 0x46, 0xf4, 0x20, 0x0a,
    0x70, 0x4d, 0x00, 0x00, 0xc6, 0x06, 0xc0, 0x06,
    0xff, 0xff, 0xff, 0xf3, 0x13, 0xf5, 0x3b, 0x93,
    0x00, 0x1f, 0x00, 0xc6, 0x00, 0x03, 0xe0, 0x0e,
    0x40, 0x00, 0x5c, 0x00, 0xf2, 0x00,

    /* U+0024 "$" */
    0x00, 0x00, 0x82, 0x00, 0x00, 0x00, 0x0f, 0x40,
    0x00, 0x00, 0x5d, 0xfe, 0x90, 0x00, 0x3f, 0xe8,
    0xaf, 0x90, 0x09, 0xf3, 0x00, 0x30, 0x00, 0xaf,
    0x20, 0x00, 0x00, 0x05, 0xfd, 0x30, 0x00, 0x00,
    0x08, 0xff, 0xb2, 0x00, 0x00, 0x02, 0xbf, 0xf3,
    0x00, 0x00, 0x00, 0x5f, 0xd0, 0x00, 0x00, 0x00,
    0xcf, 0x00, 0x52, 0x00, 0x0e, 0xe0, 0x0e, 0xfa,
    0x8c, 0xf8, 0x00, 0x19, 0xef, 0xe7, 0x00, 0x00,
    0x00, 0xf4, 0x00, 0x00, 0x00, 0x08, 0x20, 0x00,

    /* U+0025 "%" */
    0x04, 0xdf, 0xb1, 0x00, 0x02, 0xe1, 0x00, 0x01,
    0xf8, 0x2c, 0xa0, 0x00, 0xa8, 0x00, 0x00, 0x5f,
    0x00, 0x5f, 0x00, 0x3e, 0x00, 0x00, 0x06, 0xe0,
    0x04, 0xf1, 0x0b, 0x60, 0x00, 0x00, 0x5f, 0x00,
    0x5f, 0x04, 0xd0, 0x00, 0x00, 0x01, 0xf6, 0x0b,
    0xb0, 0xc5, 0x0a, 0xec, 0x40, 0x05, 0xff, 0xd2,
    0x5c, 0x0a, 0xc2, 0x7f, 0x10, 0x00, 0x10, 0x0d,
    0x40, 0xf6, 0x00, 0xf5, 0x00, 0x00, 0x06, 0xb0,
    0x0f, 0x40, 0x0e, 0x70, 0x00, 0x00, 0xe3, 0x00,
    0xf6, 0x00, 0xf5, 0x00, 0x00, 0x7a, 0x00, 0x0a,
    0xd2, 0x8f, 0x10, 0x00, 0x1e, 0x20, 0x00, 0x1b,
    0xfd, 0x40,

    /* U+0026 "&" */
    0x00, 0x0a, 0xfe, 0x80, 0x00, 0x00, 0x00, 0x9f,
    0x68, 0xf4, 0x00, 0x00, 0x00, 0xea, 0x01, 0xf6,
    0x00, 0x00, 0x00, 0xeb, 0x07, 0xf2, 0x00, 0x00,
    0x00, 0x9f, 0xaf, 0x60, 0x00, 0x00, 0x00, 0x7f,
    0xf4, 0x00, 0x07, 0x60, 0x07, 0xfe, 0xf6, 0x00,
    0x2f, 0x80, 0x3f, 0xb0, 0xcf, 0x50, 0xaf, 0x10,
    0x6f, 0x50, 0x1d, 0xfa, 0xf8, 0x00, 0x5f, 0x80,
    0x01, 0xdf, 0xf2, 0x00, 0x0d, 0xfa, 0x7a, 0xfe,
    0xff, 0xa0, 0x01, 0xaf, 0xfd, 0x70, 0x2a, 0xa0,

    /* U+0027 "'" */
    0x9f, 0x58, 0xf4, 0x7f, 0x35, 0xf1, 0x3f, 0x00,
    0x00,

    /* U+0028 "(" */
    0x00, 0x00, 0x00, 0x9a, 0x02, 0xf5, 0x08, 0xe0,
    0x0e, 0x90, 0x2f, 0x50, 0x6f, 0x20, 0x8f, 0x00,
    0x9f, 0x00, 0x9f, 0x00, 0x8f, 0x00, 0x6f, 0x20,
    0x2f, 0x50, 0x0e, 0x90, 0x08, 0xe0, 0x02, 0xf5,
    0x00, 0x9b, 0x00, 0x00,

    /* U+0029 ")" */
    0x00, 0x00, 0x01, 0xe4, 0x00, 0x0a, 0xc0, 0x00,
    0x3f, 0x30, 0x00, 0xe9, 0x00, 0x0a, 0xd0, 0x00,
    0x7f, 0x10, 0x05, 0xf3, 0x00, 0x4f, 0x40, 0x04,
    0xf4, 0x00, 0x5f, 0x30, 0x07, 0xf1, 0x00, 0xad,
    0x00, 0x0e, 0x90, 0x03, 0xf3, 0x00, 0xac, 0x00,
    0x1e, 0x40, 0x00, 0x00, 0x00,

    /* U+002A "*" */
    0x00, 0x0b, 0x60, 0x00, 0x52, 0xc8, 0x33, 0x0c,
    0xff, 0xff, 0x80, 0x08, 0xff, 0x30, 0x01, 0xe8,
    0xbb, 0x00, 0x06, 0x01, 0x50,

    /* U+002B "+" */
    0x00, 0x00, 0x41, 0x00, 0x00, 0x00, 0x2f, 0x40,
    0x00, 0x00, 0x02, 0xf4, 0x00, 0x00, 0x11, 0x3f,
    0x51, 0x10, 0x6f, 0xff, 0xff, 0xff, 0x81, 0x44,
    0x5f, 0x74, 0x42, 0x00, 0x02, 0xf4, 0x00, 0x00,
    0x00, 0x2f, 0x40, 0x00, 0x00, 0x02, 0xf4, 0x00,
    0x00,

    /* U+002C "," */
    0x01, 0x50, 0x0b, 0xfa, 0x08, 0xfe, 0x00, 0x8c,
    0x03, 0xe5, 0x0e, 0x70, 0x00, 0x00,

    /* U+002D "-" */
    0x01, 0x11, 0x14, 0xff, 0xff, 0x14, 0x44, 0x40,

    /* U+002E "." */
    0x38, 0x1c, 0xf9, 0x8f, 0x50,

    /* U+002F "/" */
    0x00, 0x00, 0x8c, 0x00, 0x00, 0xc7, 0x00, 0x01,
    0xf3, 0x00, 0x05, 0xe0, 0x00, 0x0a, 0xa0, 0x00,
    0x0e, 0x50, 0x00, 0x3f, 0x10, 0x00, 0x8c, 0x00,
    0x00, 0xc7, 0x00, 0x01, 0xf3, 0x00, 0x06, 0xe0,
    0x00, 0x0a, 0xa0, 0x00, 0x0f, 0x50, 0x00, 0x3f,
    0x10, 0x00, 0x8c, 0x00, 0x00, 0x54, 0x00, 0x00,

    /* U+0030 "0" */
    0x00, 0x4d, 0xfd, 0x50, 0x00, 0x3f, 0xd7, 0xcf,
    0x50, 0x0b, 0xf2, 0x00, 0xed, 0x00, 0xfc, 0x00,
    0x09, 0xf2, 0x2f, 0x90, 0x00, 0x7f, 0x43, 0xf8,
    0x00, 0x06, 0xf5, 0x3f, 0x80, 0x00, 0x6f, 0x52,
    0xf9, 0x00, 0x07, 0xf4, 0x0f, 0xc0, 0x00, 0xaf,
    0x10, 0xbf, 0x20, 0x0e, 0xd0, 0x03, 0xfe, 0x8c,
    0xf4, 0x00, 0x04, 0xcf, 0xd5, 0x00,

    /* U+0031 "1" */
    0x03, 0x8f, 0xd0, 0x00, 0x2f, 0xff, 0xd0, 0x00,
    0x02, 0x2f, 0xd0, 0x00, 0x00, 0x0f, 0xd0, 0x00,
    0x00, 0x0f, 0xd0, 0x00, 0x00, 0x0f, 0xd0, 0x00,
    0x00, 0x0f, 0xd0, 0x00, 0x00, 0x0f, 0xd0, 0x00,
    0x00, 0x0f, 0xd0, 0x00, 0x00, 0x0f, 0xd0, 0x00,
    0x58, 0x8f, 0xe8, 0x80, 0xaf, 0xff, 0xff, 0xf1,

    /* U+0032 "2" */
    0x02, 0xaf, 0xfc, 0x40, 0x02, 0xee, 0x88, 0xff,
    0x30, 0x08, 0x10, 0x04, 0xfa, 0x00, 0x00, 0x00,
    0x1f, 0xc0, 0x00, 0x00, 0x02, 0xfa, 0x00, 0x00,
    0x00, 0x8f, 0x50, 0x00, 0x00, 0x2f, 0xd0, 0x00,
    0x00, 0x0d, 0xf3, 0x00, 0x00, 0x0b, 0xf6, 0x00,
    0x00, 0x0b, 0xf7, 0x00, 0x00, 0x0c, 0xfd, 0x89,
    0x99, 0x24, 0xff, 0xff, 0xff, 0xf5,

    /* U+0033 "3" */
    0x02, 0xae, 0xfd, 0x60, 0x00, 0xde, 0x98, 0xdf,
    0x70, 0x02, 0x10, 0x02, 0xfc, 0x00, 0x00, 0x00,
    0x1f, 0xc0, 0x00, 0x01, 0x4c, 0xf4, 0x00, 0x02,
    0xff, 0xf5, 0x00, 0x00, 0x04, 0x7d, 0xf6, 0x00,
    0x00, 0x00, 0x0d, 0xf0, 0x00, 0x00, 0x00, 0xaf,
    0x30, 0x91, 0x00, 0x0e, 0xf1, 0x4f, 0xe9, 0x9d,
    0xf9, 0x00, 0x3b, 0xff, 0xd7, 0x00,

    /* U+0034 "4" */
    0x00, 0x00, 0x4f, 0xf2, 0x00, 0x00, 0x0d, 0xff,
    0x20, 0x00, 0x07, 0xfb, 0xf2, 0x00, 0x01, 0xfb,
    0x9f, 0x20, 0x00, 0x9f, 0x39, 0xf2, 0x00, 0x3f,
    0x90, 0x9f, 0x20, 0x0c, 0xe1, 0x09, 0xf2, 0x05,
    0xf8, 0x22, 0xaf, 0x41, 0xbf, 0xff, 0xff, 0xff,
    0xa3, 0x55, 0x55, 0xbf, 0x63, 0x00, 0x00, 0x09,
    0xf2, 0x00, 0x00, 0x00, 0x9f, 0x20,

    /* U+0035 "5" */
    0x04, 0xff, 0xff, 0xfb, 0x00, 0x5f, 0xb9, 0x99,
    0x60, 0x06, 0xf3, 0x00, 0x00, 0x00, 0x8f, 0x20,
    0x00, 0x00, 0x09, 0xfe, 0xff, 0xa0, 0x00, 0x5c,
    0x54, 0xbf, 0xb0, 0x00, 0x00, 0x00, 0xdf, 0x10,
    0x00, 0x00, 0x0a, 0xf3, 0x00, 0x00, 0x00, 0xaf,
    0x30, 0x80, 0x00, 0x2f, 0xe0, 0x5f, 0xe9, 0x9e,
    0xf6, 0x00, 0x3b, 0xef, 0xc5, 0x00,

    /* U+0036 "6" */
    0x00, 0x09, 0xef, 0xd5, 0x00, 0x0c, 0xfb, 0x8d,
    0xe0, 0x07, 0xf7, 0x00, 0x02, 0x00, 0xde, 0x00,
    0x00, 0x00, 0x0f, 0xb0, 0x00, 0x00, 0x02, 0xf9,
    0x8f, 0xfd, 0x30, 0x2f, 0xfa, 0x46, 0xef, 0x11,
    0xfc, 0x00, 0x06, 0xf5, 0x0e, 0xd0, 0x00, 0x4f,
    0x70, 0x9f, 0x30, 0x08, 0xf4, 0x01, 0xee, 0x78,
    0xfc, 0x00, 0x02, 0xbf, 0xfa, 0x10,

    /* U+0037 "7" */
    0x3f, 0xff, 0xff, 0xff, 0x61, 0x99, 0x99, 0x9e,
    0xf2, 0x00, 0x00, 0x04, 0xf6, 0x00, 0x00, 0x00,
    0xdc, 0x00, 0x00, 0x00, 0x6f, 0x40, 0x00, 0x00,
    0x0c, 0xe0, 0x00, 0x00, 0x01, 0xfa, 0x00, 0x00,
    0x00, 0x5f, 0x60, 0x00, 0x00, 0x09, 0xf4, 0x00,
    0x00, 0x00, 0xbf, 0x20, 0x00, 0x00, 0x0c, 0xf0,
    0x00, 0x00, 0x00, 0xef, 0x00, 0x00,

    /* U+0038 "8" */
    0x00, 0x6d, 0xfe, 0x80, 0x00, 0x5f, 0xb5, 0x9f,
    0x80, 0x0a, 0xf0, 0x00, 0xbe, 0x00, 0xaf, 0x00,
    0x0a, 0xe0, 0x04, 0xfa, 0x00, 0xe8, 0x00, 0x07,
    0xfe, 0xdb, 0x00, 0x03, 0xe8, 0x9f, 0xf4, 0x00,
    0xeb, 0x00, 0x2e, 0xf1, 0x3f, 0x60, 0x00, 0x6f,
    0x52, 0xf9, 0x00, 0x08, 0xf5, 0x0b, 0xf9, 0x58,
    0xfd, 0x00, 0x08, 0xef, 0xe9, 0x10,

    /* U+0039 "9" */
    0x00, 0x8e, 0xfc, 0x30, 0x00, 0xaf, 0x97, 0xdf,
    0x30, 0x2f, 0xa0, 0x01, 0xfb, 0x05, 0xf6, 0x00,
    0x0a, 0xf0, 0x4f, 0x80, 0x00, 0x9f, 0x30, 0xee,
    0x41, 0x7f, 0xf4, 0x04, 0xef, 0xfc, 0x9f, 0x30,
    0x00, 0x32, 0x09, 0xf2, 0x00, 0x00, 0x00, 0xde,
    0x00, 0x20, 0x00, 0x5f, 0x80, 0x0d, 0xe9, 0xaf,
    0xd0, 0x00, 0x3c, 0xff, 0xa1, 0x00,

    /* U+003A ":" */
    0x8f, 0x5c, 0xf9, 0x38, 0x10, 0x00, 0x00, 0x00,
    0x00, 0x38, 0x1c, 0xf9, 0x8f, 0x50,

    /* U+003B ";" */
    0x08, 0xf5, 0x0c, 0xf9, 0x03, 0x81, 0x00, 0x00,
    0x00, 0x00, 0x00, 0x00, 0x01, 0x50, 0x0b, 0xfa,
    0x08, 0xfe, 0x00, 0x8c, 0x03, 0xe5, 0x0e, 0x70,
    0x00, 0x00,

    /* U+003C "<" */
    0x00, 0x00, 0x00, 0x05, 0x50, 0x00, 0x02, 0x8e,
    0xf7, 0x00, 0x6c, 0xfe, 0x83, 0x04, 0xff, 0xa4,
    0x00, 0x00, 0x5f, 0xe8, 0x20, 0x00, 0x00, 0x17,
    0xdf, 0xd7, 0x10, 0x00, 0x00, 0x4a, 0xff, 0x60,
    0x00, 0x00, 0x01, 0x65,

    /* U+003D "=" */
    0x6f, 0xff, 0xff, 0xff, 0x82, 0x55, 0x55, 0x55,
    0x52, 0x00, 0x00, 0x00, 0x00, 0x00, 0x11, 0x11,
    0x11, 0x10, 0x6f, 0xff, 0xff, 0xff, 0x81, 0x44,
    0x44, 0x44, 0x42,

    /* U+003E ">" */
    0x35, 0x00, 0x00, 0x00, 0x05, 0xff, 0x93, 0x00,
    0x00, 0x02, 0x8d, 0xfd, 0x61, 0x00, 0x00, 0x03,
    0x9f, 0xf6, 0x00, 0x00, 0x28, 0xef, 0x60, 0x16,
    0xcf, 0xe8, 0x20, 0x5f, 0xfb, 0x40, 0x00, 0x04,
    0x71, 0x00, 0x00, 0x00,

    /* U+003F "?" */
    0x03, 0xbf, 0xfa, 0x10, 0x1f, 0xd8, 0xbf, 0xb0,
    0x02, 0x00, 0x0d, 0xf0, 0x00, 0x00, 0x0d, 0xe0,
    0x00, 0x00, 0x7f, 0x60, 0x00, 0x05, 0xf9, 0x00,
    0x00, 0x0e, 0xd0, 0x00, 0x00, 0x2f, 0x70, 0x00,
    0x00, 0x01, 0x00, 0x00, 0x00, 0x18, 0x40, 0x00,
    0x00, 0x8f, 0xe0, 0x00, 0x00, 0x4f, 0x90, 0x00,

    /* U+0040 "@" */
    0x00, 0x00, 0x06, 0xbe, 0xfe, 0xb5, 0x00, 0x00,
    0x00, 0x2d, 0xe8, 0x42, 0x48, 0xfb, 0x00, 0x00,
    0x3f, 0xa0, 0x00, 0x00, 0x02, 0xe9, 0x00, 0x0d,
    0xa0, 0x00, 0x00, 0x00, 0x03, 0xf2, 0x06, 0xf1,
    0x00, 0x8f, 0xea, 0xc0, 0x0d, 0x70, 0xc9, 0x00,
    0x8f, 0x65, 0xf9, 0x00, 0xa9, 0x0f, 0x40, 0x1f,
    0x60, 0x0f, 0x60, 0x09, 0xa1, 0xf3, 0x06, 0xf1,
    0x01, 0xf3, 0x00, 0xb8, 0x1f, 0x30, 0x7f, 0x00,
    0x4f, 0x10, 0x1f, 0x40, 0xe6, 0x05, 0xf4, 0x1c,
    0xf3, 0x1b, 0xb0, 0x09, 0xd0, 0x0b, 0xff, 0x5a,
    0xff, 0xb1, 0x00, 0x2f, 0x90, 0x02, 0x00, 0x02,
    0x10, 0x00, 0x00, 0x4f, 0xc5, 0x10, 0x14, 0x40,
    0x00, 0x00, 0x00, 0x2a, 0xff, 0xff, 0xd6, 0x00,
    0x00, 0x00, 0x00, 0x00, 0x22, 0x10, 0x00, 0x00,
    0x00,

    /* U+0041 "A" */
    0x00, 0x04, 0xff, 0x30, 0x00, 0x00, 0x09, 0xef,
    0x80, 0x00, 0x00, 0x0e, 0xab, 0xd0, 0x00, 0x00,
    0x3f, 0x57, 0xf2, 0x00, 0x00, 0x8f, 0x13, 0xf8,
    0x00, 0x00, 0xec, 0x00, 0xed, 0x00, 0x03, 0xf9,
    0x22, 0xbf, 0x20, 0x08, 0xff, 0xff, 0xff, 0x70,
    0x0d, 0xe5, 0x55, 0x5f, 0xd0, 0x2f, 0xa0, 0x00,
    0x0b, 0xf2, 0x8f, 0x50, 0x00, 0x07, 0xf7, 0xdf,
    0x10, 0x00, 0x02, 0xfc,

    /* U+0042 "B" */
    0x7f, 0xff, 0xfe, 0xa2, 0x07, 0xfa, 0x77, 0xaf,
    0xe1, 0x7f, 0x60, 0x00, 0x9f, 0x57, 0xf6, 0x00,
    0x08, 0xf4, 0x7f, 0x71, 0x25, 0xfd, 0x07, 0xff,
    0xff, 0xff, 0x40, 0x7f, 0x94, 0x46, 0xdf, 0x57,
    0xf6, 0x00, 0x01, 0xfd, 0x7f, 0x60, 0x00, 0x0d,
    0xf7, 0xf6, 0x00, 0x02, 0xfd, 0x7f, 0xa7, 0x79,
    0xff, 0x57, 0xff, 0xff, 0xeb, 0x40,

    /* U+0043 "C" */
    0x00, 0x03, 0xbf, 0xfc, 0x50, 0x00, 0x7f, 0xfb,
    0xae, 0xf5, 0x03, 0xfe, 0x20, 0x00, 0x60, 0x0a,
    0xf5, 0x00, 0x00, 0x00, 0x0f, 0xf0, 0x00, 0x00,
    0x00, 0x1f, 0xd0, 0x00, 0x00, 0x00, 0x1f, 0xd0,
    0x00, 0x00, 0x00, 0x0f, 0xf0, 0x00, 0x00, 0x00,
    0x0b, 0xf5, 0x00, 0x00, 0x00, 0x04, 0xfe, 0x20,
    0x00, 0x82, 0x00, 0x7f, 0xfb, 0xae, 0xf8, 0x00,
    0x04, 0xbf, 0xfd, 0x60,

    /* U+0044 "D" */
    0x7f, 0xff, 0xfc, 0x60, 0x00, 0x7f, 0xb8, 0x9e,
    0xfb, 0x00, 0x7f, 0x60, 0x00, 0xbf, 0x80, 0x7f,
    0x60, 0x00, 0x1f, 0xe0, 0x7f, 0x60, 0x00, 0x0c,
    0xf2, 0x7f, 0x60, 0x00, 0x0a, 0xf4, 0x7f, 0x60,
    0x00, 0x0a, 0xf4, 0x7f, 0x60, 0x00, 0x0c, 0xf2,
    0x7f, 0x60, 0x00, 0x2f, 0xe0, 0x7f, 0x60, 0x01,
    0xcf, 0x70, 0x7f, 0xb8, 0xae, 0xfb, 0x00, 0x7f,
    0xff, 0xfc, 0x60, 0x00,

    /* U+0045 "E" */
    0x7f, 0xff, 0xff, 0xf8, 0x7f, 0xb9, 0x99, 0x94,
    0x7f, 0x60, 0x00, 0x00, 0x7f, 0x60, 0x00, 0x00,
    0x7f, 0x60, 0x00, 0x00, 0x7f, 0xff, 0xff, 0xb0,
    0x7f, 0xb9, 0x99, 0x60, 0x7f, 0x60, 0x00, 0x00,
    0x7f, 0x60, 0x00, 0x00, 0x7f, 0x60, 0x00, 0x00,
    0x7f, 0xc9, 0x99, 0x96, 0x7f, 0xff, 0xff, 0xfb,

    /* U+0046 "F" */
    0x7f, 0xff, 0xff, 0xf8, 0x7f, 0xb9, 0x99, 0x94,
    0x7f, 0x60, 0x00, 0x00, 0x7f, 0x60, 0x00, 0x00,
    0x7f, 0x60, 0x00, 0x00, 0x7f, 0xb8, 0x88, 0x60,
    0x7f, 0xff, 0xff, 0xc0, 0x7f, 0x60, 0x00, 0x00,
    0x7f, 0x60, 0x00, 0x00, 0x7f, 0x60, 0x00, 0x00,
    0x7f, 0x60, 0x00, 0x00, 0x7f, 0x60, 0x00, 0x00,

    /* U+0047 "G" */
    0x00, 0x03, 0xae, 0xfe, 0x80, 0x00, 0x06, 0xff,
    0xb9, 0xcf, 0xa0, 0x03, 0xfe, 0x30, 0x00, 0x41,
    0x00, 0xaf, 0x50, 0x00, 0x00, 0x00, 0x0f, 0xf0,
    0x00, 0x00, 0x00, 0x01, 0xfd, 0x00, 0x08, 0x88,
    0x80, 0x1f, 0xd0, 0x00, 0xff, 0xff, 0x10, 0xff,
    0x00, 0x00, 0x09, 0xf1, 0x0b, 0xf5, 0x00, 0x00,
    0x9f, 0x10, 0x3f, 0xe3, 0x00, 0x0a, 0xf1, 0x00,
    0x7f, 0xfc, 0xac, 0xff, 0x00, 0x00, 0x3b, 0xef,
    0xe9, 0x10,

    /* U+0048 "H" */
    0x7f, 0x60, 0x00, 0x08, 0xf4, 0x7f, 0x60, 0x00,
    0x08, 0xf4, 0x7f, 0x60, 0x00, 0x08, 0xf4, 0x7f,
    0x60, 0x00, 0x08, 0xf4, 0x7f, 0x60, 0x00, 0x08,
    0xf4, 0x7f, 0xff, 0xff, 0xff, 0xf4, 0x7f, 0xc9,
    0x99, 0x9d, 0xf4, 0x7f, 0x60, 0x00, 0x08, 0xf4,
    0x7f, 0x60, 0x00, 0x08, 0xf4, 0x7f, 0x60, 0x00,
    0x08, 0xf4, 0x7f, 0x60, 0x00, 0x08, 0xf4, 0x7f,
    0x60, 0x00, 0x08, 0xf4,

    /* U+0049 "I" */
    0x7f, 0x67, 0xf6, 0x7f, 0x67, 0xf6, 0x7f, 0x67,
    0xf6, 0x7f, 0x67, 0xf6, 0x7f, 0x67, 0xf6, 0x7f,
    0x67, 0xf6,

    /* U+004A "J" */
    0x00, 0x00, 0x09, 0xf5, 0x00, 0x00, 0x09, 0xf5,
    0x00, 0x00, 0x09, 0xf5, 0x00, 0x00, 0x09, 0xf5,
    0x00, 0x00, 0x09, 0xf5, 0x00, 0x00, 0x09, 0xf5,
    0x00, 0x00, 0x09, 0xf5, 0x00, 0x00, 0x09, 0xf5,
    0x00, 0x00, 0x09, 0xf4, 0x1a, 0x20, 0x0d, 0xf2,
    0x3f, 0xfa, 0xcf, 0xb0, 0x03, 0xcf, 0xfa, 0x10,

    /* U+004B "K" */
    0x7f, 0x60, 0x00, 0x7f, 0x90, 0x7f, 0x60, 0x04,
    0xfc, 0x00, 0x7f, 0x60, 0x1e, 0xe1, 0x00, 0x7f,
    0x60, 0xcf, 0x40, 0x00, 0x7f, 0x69, 0xf9, 0x00,
    0x00, 0x7f, 0xcf, 0xfd, 0x00, 0x00, 0x7f, 0xfd,
    0xaf, 0x60, 0x00, 0x7f, 0xf2, 0x1e, 0xe1, 0x00,
    0x7f, 0x70, 0x06, 0xf9, 0x00, 0x7f, 0x60, 0x00,
    0xdf, 0x20, 0x7f, 0x60, 0x00, 0x4f, 0xb0, 0x7f,
    0x60, 0x00, 0x0b, 0xf5,

    /* U+004C "L" */
    0x7f, 0x60, 0x00, 0x00, 0x7f, 0x60, 0x00, 0x00,
    0x7f, 0x60, 0x00, 0x00, 0x7f, 0x60, 0x00, 0x00,
    0x7f, 0x60, 0x00, 0x00, 0x7f, 0x60, 0x00, 0x00,
    0x7f, 0x60, 0x00, 0x00, 0x7f, 0x60, 0x00, 0x00,
    0x7f, 0x60, 0x00, 0x00, 0x7f, 0x60, 0x00, 0x00,
    0x7f, 0xc9, 0x99, 0x93, 0x7f, 0xff, 0xff, 0xf6,

    /* U+004D "M" */
    0x7f, 0xe0, 0x00, 0x00, 0x9f, 0xc7, 0xff, 0x30,
    0x00, 0x0e, 0xfc, 0x7f, 0xe9, 0x00, 0x04, 0xfe,
    0xc7, 0xfa, 0xe0, 0x00, 0xac, 0xdc, 0x7f, 0x6f,
    0x40, 0x0f, 0x7e, 0xc7, 0xf3, 0xea, 0x05, 0xf1,
    0xfc, 0x7f, 0x38, 0xf0, 0xac, 0x0f, 0xc7, 0xf3,
    0x2f, 0x5f, 0x60, 0xfc, 0x7f, 0x30, 0xce, 0xf1,
    0x0f, 0xc7, 0xf3, 0x07, 0xfa, 0x00, 0xfc, 0x7f,
    0x30, 0x1d, 0x40, 0x0f, 0xc7, 0xf3, 0x00, 0x00,
    0x00, 0xfc,

    /* U+004E "N" */
    0x7f, 0xb0, 0x00, 0x09, 0xf3, 0x7f, 0xf4, 0x00,
    0x09, 0xf3, 0x7f, 0xed, 0x00, 0x09, 0xf3, 0x7f,
    0x7f, 0x60, 0x09, 0xf3, 0x7f, 0x3c, 0xe0, 0x09,
    0xf3, 0x7f, 0x44, 0xf7, 0x09, 0xf3, 0x7f, 0x50,
    0xbf, 0x18, 0xf3, 0x7f, 0x50, 0x3f, 0x98, 0xf3,
    0x7f, 0x50, 0x0a, 0xf8, 0xf3, 0x7f, 0x50, 0x01,
    0xfe, 0xf3, 0x7f, 0x50, 0x00, 0x8f, 0xf3, 0x7f,
    0x50, 0x00, 0x1e, 0xf3,

    /* U+004F "O" */
    0x00, 0x05, 0xcf, 0xfc, 0x60, 0x00, 0x00, 0x8f,
    0xfa, 0xae, 0xf9, 0x00, 0x04, 0xfd, 0x10, 0x01,
    0xcf, 0x50, 0x0b, 0xf4, 0x00, 0x00, 0x3f, 0xc0,
    0x0f, 0xf0, 0x00, 0x00, 0x0e, 0xf0, 0x1f, 0xd0,
    0x00, 0x00, 0x0c, 0xf2, 0x1f, 0xd0, 0x00, 0x00,
    0x0c, 0xf2, 0x0f, 0xf0, 0x00, 0x00, 0x0e, 0xf0,
    0x0b, 0xf5, 0x00, 0x00, 0x3f, 0xc0, 0x04, 0xfe,
    0x20, 0x01, 0xdf, 0x50, 0x00, 0x8f, 0xfb, 0xaf,
    0xf9, 0x00, 0x00, 0x05, 0xcf, 0xfc, 0x50, 0x00,

    /* U+0050 "P" */
    0x7f, 0xff, 0xfe, 0x92, 0x07, 0xfb, 0x88, 0xbf,
    0xe1, 0x7f, 0x60, 0x00, 0x8f, 0x77, 0xf6, 0x00,
    0x03, 0xf9, 0x7f, 0x60, 0x00, 0x5f, 0x87, 0xf6,
    0x00, 0x4d, 0xf3, 0x7f, 0xff, 0xff, 0xf6, 0x07,
    0xfb, 0x87, 0x51, 0x00, 0x7f, 0x60, 0x00, 0x00,
    0x07, 0xf6, 0x00, 0x00, 0x00, 0x7f, 0x60, 0x00,
    0x00, 0x07, 0xf6, 0x00, 0x00, 0x00,

    /* U+0051 "Q" */
    0x00, 0x05, 0xcf, 0xfc, 0x60, 0x00, 0x00, 0x8f,
    0xfa, 0xae, 0xf9, 0x00, 0x04, 0xfd, 0x10, 0x01,
    0xcf, 0x50, 0x0b, 0xf4, 0x00, 0x00, 0x3f, 0xc0,
    0x0f, 0xf0, 0x00, 0x00, 0x0e, 0xf0, 0x1f, 0xd0,
    0x00, 0x00, 0x0c, 0xf2, 0x1f, 0xd0, 0x00, 0x00,
    0x0c, 0xf2, 0x0f, 0xf0, 0x00, 0x00, 0x0e, 0xf0,
    0x0b, 0xf4, 0x00, 0x00, 0x3f, 0xc0, 0x04, 0xfd,
    0x10, 0x00, 0xcf, 0x50, 0x00, 0x8f, 0xe9, 0x9e,
    0xf9, 0x00, 0x00, 0x05, 0xcf, 0xfd, 0x50, 0x00,
    0x00, 0x00, 0x08, 0xf9, 0x00, 0x00, 0x00, 0x00,
    0x00, 0xcf, 0xd9, 0x93, 0x00, 0x00, 0x00, 0x07,
    0xdf, 0xf5,

    /* U+0052 "R" */
    0x7f, 0xff, 0xfe, 0xa2, 0x00, 0x7f, 0xb8, 0x8a,
    0xff, 0x20, 0x7f, 0x60, 0x00, 0x6f, 0x80, 0x7f,
    0x60, 0x00, 0x3f, 0xa0, 0x7f, 0x60, 0x00, 0x5f,
    0x80, 0x7f, 0x72, 0x26, 0xef, 0x30, 0x7f, 0xff,
    0xff, 0xe5, 0x00, 0x7f, 0x95, 0xaf, 0x70, 0x00,
    0x7f, 0x60, 0x1e, 0xf1, 0x00, 0x7f, 0x60, 0x06,
    0xf9, 0x00, 0x7f, 0x60, 0x00, 0xdf, 0x30, 0x7f,
    0x60, 0x00, 0x4f, 0xc0,

    /* U+0053 "S" */
    0x00, 0x3b, 0xff, 0xc6, 0x00, 0x03, 0xff, 0xba,
    0xdf, 0x60, 0x0a, 0xf5, 0x00, 0x06, 0x00, 0x0b,
    0xf4, 0x00, 0x00, 0x00, 0x06, 0xfe, 0x60, 0x00,
    0x00, 0x00, 0x8f, 0xfe, 0x81, 0x00, 0x00, 0x02,
    0x9f, 0xff, 0x40, 0x00, 0x00, 0x00, 0x8f, 0xd0,
    0x00, 0x00, 0x00, 0x0e, 0xf0, 0x09, 0x70, 0x00,
    0x2f, 0xe0, 0x1d, 0xfe, 0xaa, 0xff, 0x60, 0x00,
    0x7d, 0xff, 0xc5, 0x00,

    /* U+0054 "T" */
    0x8f, 0xff, 0xff, 0xff, 0xf4, 0x49, 0x99, 0xfe,
    0x99, 0x92, 0x00, 0x01, 0xfd, 0x00, 0x00, 0x00,
    0x01, 0xfd, 0x00, 0x00, 0x00, 0x01, 0xfd, 0x00,
    0x00, 0x00, 0x01, 0xfd, 0x00, 0x00, 0x00, 0x01,
    0xfd, 0x00, 0x00, 0x00, 0x01, 0xfd, 0x00, 0x00,
    0x00, 0x01, 0xfd, 0x00, 0x00, 0x00, 0x01, 0xfd,
    0x00, 0x00, 0x00, 0x01, 0xfd, 0x00, 0x00, 0x00,
    0x01, 0xfd, 0x00, 0x00,

    /* U+0055 "U" */
    0x8f, 0x50, 0x00, 0x08, 0xf3, 0x8f, 0x50, 0x00,
    0x08, 0xf3, 0x8f, 0x50, 0x00, 0x08, 0xf3, 0x8f,
    0x50, 0x00, 0x08, 0xf3, 0x8f, 0x50, 0x00, 0x08,
    0xf3, 0x8f, 0x50, 0x00, 0x08, 0xf3, 0x8f, 0x50,
    0x00, 0x08, 0xf3, 0x7f, 0x60, 0x00, 0x09, 0xf3,
    0x5f, 0x80, 0x00, 0x0c, 0xf1, 0x1f, 0xe1, 0x00,
    0x4f, 0xc0, 0x08, 0xfe, 0xab, 0xff, 0x40, 0x00,
    0x6d, 0xff, 0xc4, 0x00,

    /* U+0056 "V" */
    0x0e, 0xf1, 0x00, 0x00, 0x8f, 0x60, 0x9f, 0x50,
    0x00, 0x0c, 0xf1, 0x04, 0xfa, 0x00, 0x01, 0xfc,
    0x00, 0x0f, 0xe0, 0x00, 0x5f, 0x70, 0x00, 0xaf,
    0x30, 0x09, 0xf2, 0x00, 0x05, 0xf7, 0x00, 0xed,
    0x00, 0x00, 0x0f, 0xc0, 0x2f, 0x80, 0x00, 0x00,
    0xbf, 0x07, 0xf3, 0x00, 0x00, 0x06, 0xf4, 0xbe,
    0x00, 0x00, 0x00, 0x1f, 0x9f, 0xa0, 0x00, 0x00,
    0x00, 0xcf, 0xf5, 0x00, 0x00, 0x00, 0x07, 0xff,
    0x00, 0x00,

    /* U+0057 "W" */
    0x8f, 0x50, 0x00, 0xbf, 0x20, 0x00, 0xfd, 0x5f,
    0x80, 0x00, 0xff, 0x60, 0x02, 0xfa, 0x2f, 0xb0,
    0x03, 0xff, 0xa0, 0x04, 0xf6, 0x0e, 0xe0, 0x07,
    0xea, 0xe0, 0x07, 0xf3, 0x0b, 0xf1, 0x0b, 0xb7,
    0xf2, 0x0a, 0xf0, 0x08, 0xf3, 0x0f, 0x83, 0xf5,
    0x0d, 0xd0, 0x05, 0xf6, 0x2f, 0x40, 0xf9, 0x0f,
    0xa0, 0x02, 0xf9, 0x6f, 0x10, 0xcd, 0x2f, 0x70,
    0x00, 0xfc, 0x9d, 0x00, 0x8f, 0x5f, 0x40, 0x00,
    0xbe, 0xc9, 0x00, 0x4f, 0xbf, 0x10, 0x00, 0x8f,
    0xf5, 0x00, 0x0f, 0xfe, 0x00, 0x00, 0x5f, 0xf2,
    0x00, 0x0c, 0xfb, 0x00,

    /* U+0058 "X" */
    0x4f, 0xc0, 0x00, 0x2f, 0xc0, 0x0b, 0xf4, 0x00,
    0x9f, 0x40, 0x02, 0xfc, 0x01, 0xfb, 0x00, 0x00,
    0xaf, 0x49, 0xf3, 0x00, 0x00, 0x1f, 0xdf, 0xa0,
    0x00, 0x00, 0x09, 0xff, 0x20, 0x00, 0x00, 0x0c,
    0xff, 0x40, 0x00, 0x00, 0x4f, 0x8f, 0xc0, 0x00,
    0x00, 0xde, 0x09, 0xf5, 0x00, 0x06, 0xf7, 0x01,
    0xfe, 0x00, 0x0e, 0xe0, 0x00, 0x8f, 0x70, 0x7f,
    0x70, 0x00, 0x1f, 0xf1,

    /* U+0059 "Y" */
    0x0d, 0xf2, 0x00, 0x04, 0xfa, 0x05, 0xf9, 0x00,
    0x0b, 0xf3, 0x00, 0xdf, 0x00, 0x2f, 0xb0, 0x00,
    0x6f, 0x60, 0x8f, 0x30, 0x00, 0x0e, 0xd0, 0xec,
    0x00, 0x00, 0x07, 0xfa, 0xf4, 0x00, 0x00, 0x00,
    0xef, 0xc0, 0x00, 0x00, 0x00, 0x9f, 0x60, 0x00,
    0x00, 0x00, 0x8f, 0x50, 0x00, 0x00, 0x00, 0x8f,
    0x50, 0x00, 0x00, 0x00, 0x8f, 0x50, 0x00, 0x00,
    0x00, 0x8f, 0x50, 0x00,

    /* U+005A "Z" */
    0x0b, 0xff, 0xff, 0xff, 0xf0, 0x06, 0x99, 0x99,
    0xcf, 0xa0, 0x00, 0x00, 0x00, 0xef, 0x10, 0x00,
    0x00, 0x09, 0xf6, 0x00, 0x00, 0x00, 0x3f, 0xc0,
    0x00, 0x00, 0x00, 0xdf, 0x30, 0x00, 0x00, 0x07,
    0xf8, 0x00, 0x00, 0x00, 0x2f, 0xd0, 0x00, 0x00,
    0x00, 0xbf, 0x40, 0x00, 0x00, 0x06, 0xfa, 0x00,
    0x00, 0x00, 0x1e, 0xfa, 0x99, 0x99, 0x90, 0x4f,
    0xff, 0xff, 0xff, 0xf0,

    /* U+005B "[" */
    0x5f, 0xff, 0x15, 0xf1, 0x00, 0x5f, 0x00, 0x05,
    0xf0, 0x00, 0x5f, 0x00, 0x05, 0xf0, 0x00, 0x5f,
    0x00, 0x05, 0xf0, 0x00, 0x5f, 0x00, 0x05, 0xf0,
    0x00, 0x5f, 0x00, 0x05, 0xf0, 0x00, 0x5f, 0x00,
    0x05, 0xf0, 0x00, 0x5f, 0xee, 0x00, 0x11, 0x10,

    /* U+005C "\\" */
    0x8b, 0x00, 0x00, 0x03, 0xf0, 0x00, 0x00, 0x0e,
    0x50, 0x00, 0x00, 0xa9, 0x00, 0x00, 0x06, 0xe0,
    0x00, 0x00, 0x1f, 0x20, 0x00, 0x00, 0xc7, 0x00,
    0x00, 0x08, 0xb0, 0x00, 0x00, 0x3f, 0x00, 0x00,
    0x00, 0xe5, 0x00, 0x00, 0x0a, 0x90, 0x00, 0x00,
    0x6e, 0x00, 0x00, 0x01, 0xf2, 0x00, 0x00, 0x0c,
    0x70, 0x00, 0x00, 0x8b, 0x00, 0x00, 0x02, 0x70,

    /* U+005D "]" */
    0x5f, 0xff, 0x00, 0x05, 0xf0, 0x00, 0x5f, 0x00,
    0x05, 0xf0, 0x00, 0x5f, 0x00, 0x05, 0xf0, 0x00,
    0x5f, 0x00, 0x05, 0xf0, 0x00, 0x5f, 0x00, 0x05,
    0xf0, 0x00, 0x5f, 0x00, 0x05, 0xf0, 0x00, 0x5f,
    0x00, 0x05, 0xf0, 0x5e, 0xff, 0x00, 0x11, 0x10,

    /* U+005E "^" */
    0x00, 0x6f, 0x80, 0x00, 0x00, 0xcf, 0xe0, 0x00,
    0x03, 0xf5, 0xf5, 0x00, 0x09, 0xd0, 0xcb, 0x00,
    0x0f, 0x80, 0x6f, 0x10, 0x6f, 0x20, 0x1f, 0x80,
    0xcc, 0x00, 0x0a, 0xe0,

    /* U+005F "_" */
    0xcf, 0xff, 0xff, 0xff, 0xc1, 0x22, 0x22, 0x22,
    0x21,

    /* U+0060 "`" */
    0x00, 0x00, 0x7e, 0x10, 0x5f, 0xc0, 0x04, 0xfa,
    0x00, 0x44,

    /* U+0061 "a" */
    0x01, 0x7d, 0xfe, 0x90, 0x08, 0xfa, 0x8c, 0xf8,
    0x01, 0x10, 0x00, 0xfd, 0x00, 0x02, 0x69, 0xff,
    0x02, 0xcf, 0xc9, 0xef, 0x0e, 0xe2, 0x00, 0xdf,
    0x1f, 0xb0, 0x01, 0xef, 0x0e, 0xf9, 0x8e, 0xff,
    0x03, 0xdf, 0xd5, 0x9f,

    /* U+0062 "b" */
    0x9f, 0x30, 0x00, 0x00, 0x09, 0xf3, 0x00, 0x00,
    0x00, 0x9f, 0x30, 0x00, 0x00, 0x09, 0xf3, 0x00,
    0x00, 0x00, 0x9f, 0x5a, 0xfe, 0x80, 0x09, 0xff,
    0xb8, 0xdf, 0x90, 0x9f, 0x60, 0x01, 0xff, 0x09,
    0xf3, 0x00, 0x0b, 0xf3, 0x9f, 0x30, 0x00, 0xaf,
    0x49, 0xf3, 0x00, 0x0c, 0xf2, 0x9f, 0x40, 0x03,
    0xfe, 0x09, 0xff, 0xa9, 0xff, 0x50, 0x9e, 0x3c,
    0xfd, 0x50, 0x00,

    /* U+0063 "c" */
    0x00, 0x2b, 0xff, 0xb3, 0x03, 0xff, 0xa9, 0xe5,
    0x0d, 0xf4, 0x00, 0x00, 0x2f, 0xc0, 0x00, 0x00,
    0x3f, 0xa0, 0x00, 0x00, 0x2f, 0xc0, 0x00, 0x00,
    0x0d, 0xf4, 0x00, 0x00, 0x04, 0xff, 0xa9, 0xe9,
    0x00, 0x3c, 0xff, 0xb3,

    /* U+0064 "d" */
    0x00, 0x00, 0x00, 0x2f, 0xb0, 0x00, 0x00, 0x02,
    0xfb, 0x00, 0x00, 0x00, 0x2f, 0xb0, 0x00, 0x00,
    0x02, 0xfb, 0x00, 0x4c, 0xfd, 0x6f, 0xb0, 0x4f,
    0xf9, 0x9f, 0xfb, 0x0d, 0xf4, 0x00, 0x3f, 0xb1,
    0xfd, 0x00, 0x02, 0xfb, 0x3f, 0xb0, 0x00, 0x2f,
    0xb2, 0xfc, 0x00, 0x02, 0xfb, 0x0e, 0xf2, 0x00,
    0x4f, 0xb0, 0x6f, 0xe9, 0xaf, 0xfb, 0x00, 0x7e,
    0xfc, 0x3d, 0xb0,

    /* U+0065 "e" */
    0x00, 0x3b, 0xfe, 0x90, 0x00, 0x3f, 0xe8, 0x9f,
    0xa0, 0x0d, 0xf1, 0x00, 0x8f, 0x22, 0xfa, 0x00,
    0x04, 0xf5, 0x3f, 0xff, 0xff, 0xff, 0x62, 0xfb,
    0x33, 0x33, 0x31, 0x0d, 0xf2, 0x00, 0x00, 0x00,
    0x4f, 0xe8, 0x7a, 0xa0, 0x00, 0x3b, 0xff, 0xc5,
    0x00,

    /* U+0066 "f" */
    0x00, 0x4d, 0xfd, 0x00, 0x0f, 0xf8, 0x60, 0x04,
    0xf9, 0x00, 0x00, 0x4f, 0x80, 0x00, 0x7f, 0xff,
    0xf5, 0x03, 0xaf, 0xc7, 0x20, 0x04, 0xf8, 0x00,
    0x00, 0x4f, 0x80, 0x00, 0x04, 0xf8, 0x00, 0x00,
    0x4f, 0x80, 0x00, 0x04, 0xf8, 0x00, 0x00, 0x4f,
    0x80, 0x00, 0x04, 0xf8, 0x00, 0x00,

    /* U+0067 "g" */
    0x00, 0x7d, 0xff, 0xff, 0xd0, 0x07, 0xfa, 0x5b,
    0xfb, 0x80, 0x0d, 0xe0, 0x00, 0xfa, 0x00, 0x0e,
    0xd0, 0x00, 0xeb, 0x00, 0x08, 0xf6, 0x07, 0xf7,
    0x00, 0x01, 0xff, 0xff, 0x90, 0x00, 0x09, 0xd0,
    0x21, 0x00, 0x00, 0x0a, 0xf8, 0x77, 0x63, 0x00,
    0x03, 0xff, 0xff, 0xff, 0x90, 0x0e, 0x90, 0x00,
    0x2e, 0xf0, 0x3f, 0x60, 0x00, 0x0e, 0xe0, 0x1e,
    0xe6, 0x35, 0xcf, 0x50, 0x02, 0xbe, 0xfe, 0xa3,
    0x00,

    /* U+0068 "h" */
    0x9f, 0x30, 0x00, 0x00, 0x9f, 0x30, 0x00, 0x00,
    0x9f, 0x30, 0x00, 0x00, 0x9f, 0x30, 0x00, 0x00,
    0x9f, 0x49, 0xff, 0x90, 0x9f, 0xed, 0xae, 0xf5,
    0x9f, 0x80, 0x05, 0xfa, 0x9f, 0x30, 0x02, 0xfb,
    0x9f, 0x30, 0x02, 0xfb, 0x9f, 0x30, 0x02, 0xfb,
    0x9f, 0x30, 0x02, 0xfb, 0x9f, 0x30, 0x02, 0xfb,
    0x9f, 0x30, 0x02, 0xfb,

    /* U+0069 "i" */
    0x9f, 0x3b, 0xf5, 0x02, 0x00, 0x00, 0x9f, 0x39,
    0xf3, 0x9f, 0x39, 0xf3, 0x9f, 0x39, 0xf3, 0x9f,
    0x39, 0xf3, 0x9f, 0x30,

    /* U+006A "j" */
    0x00, 0x9f, 0x30, 0x0b, 0xf5, 0x00, 0x02, 0x00,
    0x00, 0x00, 0x00, 0x9f, 0x40, 0x09, 0xf4, 0x00,
    0x9f, 0x40, 0x09, 0xf4, 0x00, 0x9f, 0x40, 0x09,
    0xf4, 0x00, 0x9f, 0x40, 0x09, 0xf4, 0x00, 0x9f,
    0x40, 0x09, 0xf4, 0x00, 0xaf, 0x34, 0x8f, 0xe0,
    0x9f, 0xd4, 0x00,

    /* U+006B "k" */
    0x9f, 0x30, 0x00, 0x00, 0x09, 0xf3, 0x00, 0x00,
    0x00, 0x9f, 0x30, 0x00, 0x00, 0x09, 0xf3, 0x00,
    0x00, 0x00, 0x9f, 0x30, 0x0b, 0xf5, 0x09, 0xf3,
    0x08, 0xf8, 0x00, 0x9f, 0x34, 0xfb, 0x00, 0x09,
    0xf5, 0xee, 0x00, 0x00, 0x9f, 0xef, 0xf4, 0x00,
    0x09, 0xff, 0x4e, 0xd0, 0x00, 0x9f, 0x60, 0x6f,
    0x80, 0x09, 0xf3, 0x00, 0xcf, 0x20, 0x9f, 0x30,
    0x03, 0xfb, 0x00,

    /* U+006C "l" */
    0x9f, 0x30, 0x9f, 0x30, 0x9f, 0x30, 0x9f, 0x30,
    0x9f, 0x30, 0x9f, 0x30, 0x9f, 0x30, 0x9f, 0x30,
    0x9f, 0x30, 0x9f, 0x30, 0x9f, 0x30, 0x8f, 0xb0,
    0x2d, 0xf1,

    /* U+006D "m" */
    0x9f, 0x2b, 0xfe, 0x70, 0x8e, 0xfa, 0x09, 0xff,
    0x97, 0xef, 0xdb, 0x6c, 0xf7, 0x9f, 0x60, 0x07,
    0xfa, 0x00, 0x2f, 0xb9, 0xf3, 0x00, 0x5f, 0x80,
    0x00, 0xfc, 0x9f, 0x30, 0x05, 0xf8, 0x00, 0x0f,
    0xd9, 0xf3, 0x00, 0x5f, 0x80, 0x00, 0xfd, 0x9f,
    0x30, 0x05, 0xf8, 0x00, 0x0f, 0xd9, 0xf3, 0x00,
    0x5f, 0x80, 0x00, 0xfd, 0x9f, 0x30, 0x05, 0xf8,
    0x00, 0x0f, 0xd0,

    /* U+006E "n" */
    0x9f, 0x2a, 0xff, 0x90, 0x9f, 0xf9, 0x6d, 0xf5,
    0x9f, 0x60, 0x04, 0xfa, 0x9f, 0x30, 0x02, 0xfb,
    0x9f, 0x30, 0x02, 0xfb, 0x9f, 0x30, 0x02, 0xfb,
    0x9f, 0x30, 0x02, 0xfb, 0x9f, 0x30, 0x02, 0xfb,
    0x9f, 0x30, 0x02, 0xfb,

    /* U+006F "o" */
    0x00, 0x3b, 0xff, 0xa2, 0x00, 0x04, 0xff, 0x99,
    0xfe, 0x20, 0x0d, 0xf3, 0x00, 0x5f, 0xa0, 0x2f,
    0xc0, 0x00, 0x0f, 0xf0, 0x3f, 0xa0, 0x00, 0x0d,
    0xf0, 0x2f, 0xc0, 0x00, 0x0e, 0xf0, 0x0d, 0xf3,
    0x00, 0x5f, 0xa0, 0x04, 0xff, 0x9a, 0xfe, 0x20,
    0x00, 0x3b, 0xff, 0xa2, 0x00,

    /* U+0070 "p" */
    0x9f, 0x4b, 0xfe, 0x80, 0x09, 0xff, 0x85, 0xbf,
    0x90, 0x9f, 0x50, 0x00, 0xef, 0x09, 0xf3, 0x00,
    0x0a, 0xf3, 0x9f, 0x30, 0x00, 0xaf, 0x49, 0xf3,
    0x00, 0x0c, 0xf2, 0x9f, 0x40, 0x03, 0xfe, 0x09,
    0xff, 0xa9, 0xff, 0x50, 0x9f, 0x7c, 0xfd, 0x50,
    0x09, 0xf3, 0x00, 0x00, 0x00, 0x9f, 0x30, 0x00,
    0x00, 0x09, 0xf3, 0x00, 0x00, 0x00, 0x9f, 0x30,
    0x00, 0x00, 0x00,

    /* U+0071 "q" */
    0x00, 0x4c, 0xfd, 0x5d, 0xb0, 0x4f, 0xf9, 0x9f,
    0xfb, 0x0d, 0xf4, 0x00, 0x3f, 0xb1, 0xfd, 0x00,
    0x02, 0xfb, 0x3f, 0xb0, 0x00, 0x2f, 0xb2, 0xfc,
    0x00, 0x02, 0xfb, 0x0e, 0xf2, 0x00, 0x4f, 0xb0,
    0x6f, 0xe9, 0xaf, 0xfb, 0x00, 0x7e, 0xfc, 0x5f,
    0xb0, 0x00, 0x00, 0x02, 0xfb, 0x00, 0x00, 0x00,
    0x2f, 0xb0, 0x00, 0x00, 0x02, 0xfb, 0x00, 0x00,
    0x00, 0x2f, 0xb0,

    /* U+0072 "r" */
    0x00, 0x00, 0x00, 0x9f, 0x1b, 0xf7, 0x9f, 0xdb,
    0x72, 0x9f, 0xb0, 0x00, 0x9f, 0x40, 0x00, 0x9f,
    0x30, 0x00, 0x9f, 0x30, 0x00, 0x9f, 0x30, 0x00,
    0x9f, 0x30, 0x00, 0x9f, 0x30, 0x00,

    /* U+0073 "s" */
    0x01, 0xaf, 0xfc, 0x40, 0x0c, 0xf8, 0x7c, 0x90,
    0x0f, 0xc0, 0x00, 0x00, 0x0c, 0xfa, 0x30, 0x00,
    0x00, 0x9f, 0xfc, 0x20, 0x00, 0x00, 0x7f, 0xe0,
    0x02, 0x00, 0x0a, 0xf1, 0x4f, 0xb7, 0x8f, 0xd0,
    0x06, 0xcf, 0xfa, 0x10,

    /* U+0074 "t" */
    0x00, 0x84, 0x00, 0x00, 0x1f, 0x80, 0x00, 0x02,
    0xf8, 0x00, 0x08, 0xff, 0xff, 0xd0, 0x4a, 0xfc,
    0x76, 0x00, 0x5f, 0x80, 0x00, 0x05, 0xf8, 0x00,
    0x00, 0x5f, 0x80, 0x00, 0x05, 0xf8, 0x00, 0x00,
    0x4f, 0x90, 0x00, 0x01, 0xff, 0x87, 0x00, 0x05,
    0xef, 0xd0,

    /* U+0075 "u" */
    0xbf, 0x20, 0x04, 0xf9, 0xbf, 0x20, 0x04, 0xf9,
    0xbf, 0x20, 0x04, 0xf9, 0xbf, 0x20, 0x04, 0xf9,
    0xbf, 0x20, 0x04, 0xf9, 0xbf, 0x20, 0x04, 0xf9,
    0xaf, 0x40, 0x0a, 0xf9, 0x6f, 0xe9, 0xdd, 0xf9,
    0x09, 0xff, 0x90, 0xf9,

    /* U+0076 "v" */
    0x9f, 0x30, 0x00, 0x7f, 0x54, 0xf8, 0x00, 0x0c,
    0xf0, 0x0e, 0xd0, 0x01, 0xfa, 0x00, 0x9f, 0x20,
    0x6f, 0x50, 0x03, 0xf7, 0x0a, 0xf0, 0x00, 0x0e,
    0xc0, 0xfa, 0x00, 0x00, 0x8f, 0x5f, 0x50, 0x00,
    0x03, 0xfe, 0xf0, 0x00, 0x00, 0x0d, 0xfa, 0x00,
    0x00,

    /* U+0077 "w" */
    0x6f, 0x60, 0x04, 0xfa, 0x00, 0x0f, 0xb2, 0xfa,
    0x00, 0x9f, 0xe0, 0x04, 0xf7, 0x0e, 0xe0, 0x0d,
    0xbf, 0x20, 0x7f, 0x30, 0xaf, 0x21, 0xf4, 0xf6,
    0x0b, 0xe0, 0x06, 0xf5, 0x5f, 0x0c, 0xb0, 0xfb,
    0x00, 0x2f, 0x99, 0xc0, 0x8e, 0x2f, 0x70, 0x00,
    0xdc, 0xc8, 0x04, 0xf8, 0xf2, 0x00, 0x09, 0xff,
    0x50, 0x0f, 0xee, 0x00, 0x00, 0x5f, 0xf1, 0x00,
    0xcf, 0xa0, 0x00,

    /* U+0078 "x" */
    0x3f, 0xb0, 0x03, 0xfa, 0x00, 0xaf, 0x40, 0xbf,
    0x20, 0x01, 0xed, 0x4f, 0x80, 0x00, 0x06, 0xfe,
    0xe0, 0x00, 0x00, 0x1f, 0xf7, 0x00, 0x00, 0x0a,
    0xfe, 0xe0, 0x00, 0x03, 0xf8, 0x4f, 0x90, 0x00,
    0xde, 0x00, 0xbf, 0x30, 0x7f, 0x70, 0x02, 0xfd,
    0x00,

    /* U+0079 "y" */
    0x9f, 0x40, 0x00, 0x6f, 0x53, 0xf9, 0x00, 0x0b,
    0xf0, 0x0d, 0xe0, 0x00, 0xfa, 0x00, 0x7f, 0x40,
    0x5f, 0x50, 0x01, 0xfa, 0x0a, 0xf0, 0x00, 0x0a,
    0xf0, 0xea, 0x00, 0x00, 0x4f, 0x7f, 0x50, 0x00,
    0x00, 0xef, 0xf0, 0x00, 0x00, 0x08, 0xfa, 0x00,
    0x00, 0x00, 0x6f, 0x50, 0x00, 0x00, 0x0c, 0xe0,
    0x00, 0x00, 0x8b, 0xf6, 0x00, 0x00, 0x3f, 0xe7,
    0x00, 0x00, 0x00,

    /* U+007A "z" */
    0x0e, 0xff, 0xff, 0xf4, 0x07, 0x77, 0x9f, 0xd0,
    0x00, 0x00, 0xbf, 0x30, 0x00, 0x06, 0xf9, 0x00,
    0x00, 0x2f, 0xd0, 0x00, 0x00, 0xbf, 0x40, 0x00,
    0x06, 0xf9, 0x00, 0x00, 0x1f, 0xf8, 0x77, 0x73,
    0x6f, 0xff, 0xff, 0xf6,

    /* U+007B "{" */
    0x00, 0x6e, 0xf1, 0x00, 0xeb, 0x00, 0x00, 0xf7,
    0x00, 0x00, 0xf8, 0x00, 0x00, 0xe8, 0x00, 0x00,
    0xe8, 0x00, 0x03, 0xf7, 0x00, 0x6f, 0xd0, 0x00,
    0x16, 0xf6, 0x00, 0x00, 0xe8, 0x00, 0x00, 0xe8,
    0x00, 0x00, 0xf8, 0x00, 0x00, 0xf7, 0x00, 0x00,
    0xfa, 0x00, 0x00, 0x8f, 0xe0, 0x00, 0x00, 0x10,

    /* U+007C "|" */
    0x6e, 0x6e, 0x6e, 0x6e, 0x6e, 0x6e, 0x6e, 0x6e,
    0x6e, 0x6e, 0x6e, 0x6e, 0x6e, 0x6e, 0x6e, 0x6e,
    0x6e, 0x6e,

    /* U+007D "}" */
    0x5f, 0xd3, 0x00, 0x01, 0xea, 0x00, 0x00, 0xcb,
    0x00, 0x00, 0xda, 0x00, 0x00, 0xd9, 0x00, 0x00,
    0xd8, 0x00, 0x00, 0xcd, 0x10, 0x00, 0x3f, 0xf1,
    0x00, 0xbe, 0x40, 0x00, 0xd9, 0x00, 0x00, 0xd9,
    0x00, 0x00, 0xda, 0x00, 0x00, 0xcb, 0x00, 0x00,
    0xea, 0x00, 0x5f, 0xe4, 0x00, 0x01, 0x00, 0x00,

    /* U+007E "~" */
    0x00, 0x00, 0x00, 0x00, 0x00, 0x9f, 0xfb, 0x42,
    0x92, 0x19, 0x11, 0xaf, 0xfc, 0x10, 0x00, 0x00,
    0x23, 0x00,

    /* U+4E00 "一" */
    0x00, 0x00, 0x00, 0x00, 0x00, 0x00, 0x00, 0x00,
    0x1f, 0xff, 0xff, 0xff, 0xff, 0xff, 0xff, 0xf9,
    0x1a, 0xaa, 0xaa, 0xaa, 0xaa, 0xaa, 0xaa, 0xa6,

    /* U+4E03 "七" */
    0x00, 0x00, 0x0b, 0xf0, 0x00, 0x00, 0x00, 0x00,
    0x00, 0x00, 0x0b, 0xf0, 0x00, 0x00, 0x00, 0x00,
    0x00, 0x00, 0x0b, 0xf0, 0x00, 0x00, 0x00, 0x00,
    0x00, 0x00, 0x0b, 0xf0, 0x00, 0x00, 0x00, 0x00,
    0x00, 0x00, 0x0b, 0xf0, 0x01, 0x46, 0x9c, 0xe3,
    0x00, 0x01, 0x3c, 0xfb, 0xef, 0xff, 0xff, 0xc3,
    0x2b, 0xef, 0xff, 0xff, 0xc9, 0x74, 0x10, 0x00,
    0x1f, 0xc9, 0x7c, 0xf0, 0x00, 0x00, 0x00, 0x00,
    0x00, 0x00, 0x0b, 0xf0, 0x00, 0x00, 0x00, 0x00,
    0x00, 0x00, 0x0b, 0xf0, 0x00, 0x00, 0x00, 0x00,
    0x00, 0x00, 0x0b, 0xf0, 0x00, 0x00, 0x07, 0x40,
    0x00, 0x00, 0x0b, 0xf0, 0x00, 0x00, 0x0b, 0xd0,
    0x00, 0x00, 0x0a, 0xf0, 0x00, 0x00, 0x0e, 0xb0,
    0x00, 0x00, 0x08, 0xfb, 0x99, 0x99, 0xbf, 0x70,
    0x00, 0x00, 0x01, 0xbe, 0xff, 0xff, 0xea, 0x00,

    /* U+4E09 "三" */
    0x1f, 0xff, 0xff, 0xff, 0xff, 0xff, 0xf1, 0x09,
    0x99, 0x99, 0x99, 0x99, 0x99, 0x90, 0x00, 0x00,
    0x00, 0x00, 0x00, 0x00, 0x00, 0x00, 0x00, 0x00,
    0x00, 0x00, 0x00, 0x00, 0x00, 0x00, 0x00, 0x00,
    0x00, 0x00, 0x00, 0x00, 0x99, 0x99, 0x99, 0x99,
    0x97, 0x00, 0x00, 0xff, 0xff, 0xff, 0xff, 0xfc,
    0x00, 0x00, 0x00, 0x00, 0x00, 0x00, 0x00, 0x00,
    0x00, 0x00, 0x00, 0x00, 0x00, 0x00, 0x00, 0x00,
    0x00, 0x00, 0x00, 0x00, 0x00, 0x00, 0x77, 0x77,
    0x77, 0x77, 0x77, 0x77, 0x77, 0xff, 0xff, 0xff,
    0xff, 0xff, 0xff, 0xff, 0x00, 0x00, 0x00, 0x00,
    0x00, 0x00, 0x00,

    /* U+4E50 "乐" */
    0x00, 0x00, 0x00, 0x00, 0x00, 0x00, 0x32, 0x00,
    0x00, 0x36, 0x77, 0x89, 0xac, 0xef, 0xfc, 0x00,
    0x00, 0x6f, 0xfe, 0xed, 0xca, 0x97, 0x41, 0x00,
    0x00, 0x7f, 0x00, 0x00, 0x10, 0x00, 0x00, 0x00,
    0x00, 0xae, 0x00, 0x07, 0xf1, 0x00, 0x00, 0x00,
    0x00, 0xcc, 0x00, 0x07, 0xf1, 0x00, 0x00, 0x00,
    0x00, 0xf9, 0x00, 0x08, 0xf2, 0x00, 0x00, 0x00,
    0x05, 0xff, 0xff, 0xff, 0xff, 0xff, 0xff, 0xc0,
    0x01, 0x97, 0x77, 0x7b, 0xf8, 0x77, 0x77, 0x50,
    0x00, 0x03, 0x20, 0x07, 0xf1, 0x02, 0x20, 0x00,
    0x00, 0x1e, 0xc0, 0x07, 0xf1, 0x0b, 0xf2, 0x00,
    0x00, 0xce, 0x20, 0x07, 0xf1, 0x00, 0xce, 0x10,
    0x0b, 0xf4, 0x00, 0x07, 0xf1, 0x00, 0x2f, 0xc0,
    0x1c, 0x50, 0x07, 0x8c, 0xf0, 0x00, 0x05, 0xc2,
    0x00, 0x00, 0x0a, 0xfe, 0x80, 0x00, 0x00, 0x00,

    /* U+4E5D "九" */
    0x00, 0x00, 0x09, 0xf1, 0x00, 0x00, 0x00, 0x00,
    0x00, 0x00, 0x09, 0xf0, 0x00, 0x00, 0x00, 0x00,
    0x00, 0x00, 0x09, 0xf0, 0x00, 0x00, 0x00, 0x00,
    0x00, 0x00, 0x09, 0xf0, 0x00, 0x00, 0x00, 0x00,
    0x05, 0x77, 0x7d, 0xf7, 0x77, 0x85, 0x00, 0x00,
    0x0c, 0xff, 0xff, 0xff, 0xff, 0xfb, 0x00, 0x00,
    0x00, 0x00, 0x0d, 0xc0, 0x00, 0xeb, 0x00, 0x00,
    0x00, 0x00, 0x0f, 0xa0, 0x00, 0xeb, 0x00, 0x00,
    0x00, 0x00, 0x3f, 0x70, 0x00, 0xeb, 0x00, 0x00,
    0x00, 0x00, 0x8f, 0x20, 0x00, 0xeb, 0x00, 0x00,
    0x00, 0x00, 0xed, 0x00, 0x00, 0xeb, 0x00, 0x00,
    0x00, 0x08, 0xf5, 0x00, 0x00, 0xeb, 0x00, 0x73,
    0x00, 0x6f, 0xb0, 0x00, 0x00, 0xeb, 0x00, 0xda,
    0x19, 0xfd, 0x10, 0x00, 0x00, 0xde, 0x88, 0xf7,
    0x1e, 0xa0, 0x00, 0x00, 0x00, 0x6f, 0xff, 0xd1,
    0x00, 0x00, 0x00, 0x00, 0x00, 0x00, 0x00, 0x00,

    /* U+4E8C "二" */
    0x00, 0x00, 0x00, 0x00, 0x00, 0x00, 0x00, 0x00,
    0x00, 0xcf, 0xff, 0xff, 0xff, 0xff, 0xfc, 0x00,
    0x00, 0x79, 0x99, 0x99, 0x99, 0x99, 0x97, 0x00,
    0x00, 0x00, 0x00, 0x00, 0x00, 0x00, 0x00, 0x00,
    0x00, 0x00, 0x00, 0x00, 0x00, 0x00, 0x00, 0x00,
    0x00, 0x00, 0x00, 0x00, 0x00, 0x00, 0x00, 0x00,
    0x00, 0x00, 0x00, 0x00, 0x00, 0x00, 0x00, 0x00,
    0x00, 0x00, 0x00, 0x00, 0x00, 0x00, 0x00, 0x00,
    0x00, 0x00, 0x00, 0x00, 0x00, 0x00, 0x00, 0x00,
    0x00, 0x00, 0x00, 0x00, 0x00, 0x00, 0x00, 0x00,
    0x1c, 0xcc, 0xcc, 0xcc, 0xcc, 0xcc, 0xcc, 0xc1,
    0x1f, 0xff, 0xff, 0xff, 0xff, 0xff, 0xff, 0xf2,

    /* U+4E8E "于" */
    0x00, 0x77, 0x77, 0x77, 0x77, 0x77, 0x77, 0x00,
    0x00, 0xff, 0xff, 0xff, 0xff, 0xff, 0xff, 0x10,
    0x00, 0x00, 0x00, 0x0a, 0xf0, 0x00, 0x00, 0x00,
    0x00, 0x00, 0x00, 0x0a, 0xf0, 0x00, 0x00, 0x00,
    0x00, 0x00, 0x00, 0x0a, 0xf0, 0x00, 0x00, 0x00,
    0x00, 0x00, 0x00, 0x0a, 0xf0, 0x00, 0x00, 0x00,
    0x2f, 0xff, 0xff, 0xff, 0xff, 0xff, 0xff, 0xf2,
    0x17, 0x77, 0x77, 0x7c, 0xf7, 0x77, 0x77, 0x71,
    0x00, 0x00, 0x00, 0x0a, 0xf0, 0x00, 0x00, 0x00,
    0x00, 0x00, 0x00, 0x0a, 0xf0, 0x00, 0x00, 0x00,
    0x00, 0x00, 0x00, 0x0a, 0xf0, 0x00, 0x00, 0x00,
    0x00, 0x00, 0x00, 0x0a, 0xf0, 0x00, 0x00, 0x00,
    0x00, 0x00, 0x78, 0x8d, 0xe0, 0x00, 0x00, 0x00,
    0x00, 0x00, 0x8f, 0xfe, 0x60, 0x00, 0x00, 0x00,
    0x00, 0x00, 0x00, 0x00, 0x00, 0x00, 0x00, 0x00,

    /* U+4E91 "云" */
    0x00, 0x38, 0x88, 0x88, 0x88, 0x88, 0x84, 0x00,
    0x00, 0x6f, 0xff, 0xff, 0xff, 0xff, 0xf8, 0x00,
    0x00, 0x00, 0x00, 0x00, 0x00, 0x00, 0x00, 0x00,
    0x00, 0x00, 0x00, 0x00, 0x00, 0x00, 0x00, 0x00,
    0x00, 0x00, 0x00, 0x00, 0x00, 0x00, 0x00, 0x00,
    0x2f, 0xff, 0xff, 0xff, 0xff, 0xff, 0xff, 0xf2,
    0x19, 0x99, 0x9d, 0xfd, 0x99, 0x99, 0x99, 0x91,
    0x00, 0x00, 0x0e, 0xf2, 0x00, 0x00, 0x00, 0x00,
    0x00, 0x00, 0x8f, 0x80, 0x00, 0xca, 0x00, 0x00,
    0x00, 0x02, 0xfd, 0x00, 0x00, 0x8f, 0x60, 0x00,
    0x00, 0x0c, 0xf3, 0x00, 0x00, 0x0d, 0xf2, 0x00,
    0x00, 0xbf, 0xb6, 0x78, 0xab, 0xce, 0xfb, 0x00,
    0x02, 0xff, 0xff, 0xff, 0xed, 0xca, 0xcf, 0x50,
    0x00, 0x86, 0x43, 0x10, 0x00, 0x00, 0x1e, 0x80,
    0x00, 0x00, 0x00, 0x00, 0x00, 0x00, 0x01, 0x00,

    /* U+4E94 "五" */
    0x01, 0xcc, 0xcc, 0xcc, 0xcc, 0xcc, 0xcc, 0x00,
    0x01, 0xbb, 0xbb, 0xef, 0xbb, 0xbb, 0xbb, 0x00,
    0x00, 0x00, 0x00, 0xce, 0x00, 0x00, 0x00, 0x00,
    0x00, 0x00, 0x00, 0xeb, 0x00, 0x00, 0x00, 0x00,
    0x00, 0x15, 0x56, 0xfb, 0x55, 0x56, 0x20, 0x00,
    0x00, 0x4f, 0xff, 0xff, 0xff, 0xff, 0x70, 0x00,
    0x00, 0x02, 0x28, 0xf5, 0x22, 0x5f, 0x60, 0x00,
    0x00, 0x00, 0x09, 0xf1, 0x00, 0x4f, 0x50, 0x00,
    0x00, 0x00, 0x0c, 0xe0, 0x00, 0x5f, 0x30, 0x00,
    0x00, 0x00, 0x0f, 0xb0, 0x00, 0x7f, 0x20, 0x00,
    0x00, 0x00, 0x2f, 0x80, 0x00, 0x8f, 0x00, 0x00,
    0x1f, 0xff, 0xff, 0xff, 0xff, 0xff, 0xff, 0xf2,
    0x18, 0x88, 0x88, 0x88, 0x88, 0x88, 0x88, 0x81,

    /* U+4EAE "亮" */
    0x00, 0x00, 0x00, 0x07, 0x50, 0x00, 0x00, 0x00,
    0x02, 0x22, 0x22, 0x2d, 0xe2, 0x22, 0x22, 0x20,
    0x2f, 0xff, 0xff, 0xff, 0xff, 0xff, 0xff, 0xf1,
    0x02, 0x23, 0x33, 0x33, 0x33, 0x33, 0x32, 0x20,
    0x00, 0x0d, 0xff, 0xff, 0xff, 0xff, 0xf0, 0x00,
    0x00, 0x0d, 0xa0, 0x00, 0x00, 0x0a, 0xf0, 0x00,
    0x00, 0x0d, 0xff, 0xff, 0xff, 0xff, 0xf0, 0x00,
    0x00, 0x02, 0x22, 0x22, 0x22, 0x22, 0x20, 0x00,
    0x0e, 0xff, 0xff, 0xff, 0xff, 0xff, 0xff, 0xe0,
    0x0e, 0x92, 0x22, 0x22, 0x22, 0x22, 0x2b, 0xe0,
    0x0c, 0x70, 0x5f, 0xff, 0xff, 0xf4, 0x09, 0xc0,
    0x00, 0x00, 0x8f, 0x55, 0x58, 0xf4, 0x00, 0x00,
    0x00, 0x00, 0xdd, 0x00, 0x05, 0xf4, 0x03, 0xa0,
    0x02, 0x6d, 0xf4, 0x00, 0x04, 0xf8, 0x59, 0xf0,
    0x0c, 0xfb, 0x30, 0x00, 0x01, 0xdf, 0xff, 0x80,
    0x01, 0x10, 0x00, 0x00, 0x00, 0x00, 0x00, 0x00,

    /* U+4EF6 "件" */
    0x00, 0x00, 0x00, 0x00, 0x00, 0x00, 0x00, 0x00,
    0x00, 0x01, 0xe5, 0x00, 0x07, 0xf1, 0x00, 0x00,
    0x00, 0x07, 0xf2, 0x5f, 0x27, 0xf1, 0x00, 0x00,
    0x00, 0x0e, 0xb0, 0x8f, 0x07, 0xf1, 0x00, 0x00,
    0x00, 0x6f, 0x40, 0xcd, 0x4a, 0xf5, 0x44, 0x20,
    0x00, 0xef, 0x01, 0xff, 0xff, 0xff, 0xff, 0x90,
    0x09, 0xff, 0x07, 0xf4, 0x38, 0xf4, 0x33, 0x10,
    0x4f, 0xff, 0x0e, 0xb0, 0x07, 0xf1, 0x00, 0x00,
    0x3e, 0x9f, 0x02, 0x20, 0x07, 0xf1, 0x00, 0x00,
    0x01, 0x8f, 0x08, 0x88, 0x8c, 0xf9, 0x88, 0x82,
    0x00, 0x8f, 0x0e, 0xff, 0xff, 0xff, 0xff, 0xf5,
    0x00, 0x8f, 0x00, 0x00, 0x07, 0xf1, 0x00, 0x00,
    0x00, 0x8f, 0x00, 0x00, 0x07, 0xf1, 0x00, 0x00,
    0x00, 0x8f, 0x00, 0x00, 0x07, 0xf1, 0x00, 0x00,
    0x00, 0x8f, 0x00, 0x00, 0x07, 0xf1, 0x00, 0x00,
    0x00, 0x7f, 0x00, 0x00, 0x07, 0xf1, 0x00, 0x00,

    /* U+4FCA "俊" */
    0x00, 0x00, 0x40, 0x00, 0x42, 0x00, 0x00, 0x00,
    0x00, 0x03, 0xf6, 0x03, 0xf9, 0x08, 0x40, 0x00,
    0x00, 0x0a, 0xe0, 0x2e, 0xb0, 0x08, 0xf3, 0x00,
    0x00, 0x3f, 0x83, 0xef, 0x89, 0xab, 0xfe, 0x10,
    0x00, 0xcf, 0x09, 0xfe, 0xdb, 0xa9, 0x7e, 0x80,
    0x08, 0xff, 0x01, 0x08, 0x80, 0x1d, 0x72, 0x00,
    0x4f, 0xff, 0x00, 0xaf, 0x50, 0x05, 0xfb, 0x10,
    0x2d, 0x8f, 0x2d, 0xf4, 0x95, 0x00, 0x2e, 0xd0,
    0x01, 0x7f, 0x08, 0x27, 0xf8, 0x44, 0x43, 0x40,
    0x00, 0x7f, 0x00, 0x7f, 0xff, 0xff, 0xfc, 0x00,
    0x00, 0x7f, 0x09, 0xff, 0x60, 0x08, 0xf4, 0x00,
    0x00, 0x7f, 0x09, 0x55, 0xf8, 0x9f, 0x70, 0x00,
    0x00, 0x7f, 0x00, 0x00, 0xaf, 0xfa, 0x00, 0x00,
    0x00, 0x7f, 0x26, 0xaf, 0xfa, 0xaf, 0xe9, 0x50,
    0x00, 0x7f, 0x3e, 0xb6, 0x10, 0x01, 0x7c, 0xa0,
    0x00, 0x00, 0x00, 0x00, 0x00, 0x00, 0x00, 0x00,

    /* U+505C "停" */
    0x00, 0x00, 0x40, 0x00, 0x04, 0x40, 0x00, 0x00,
    0x00, 0x04, 0xf3, 0x11, 0x1b, 0xe2, 0x11, 0x10,
    0x00, 0x0b, 0xcd, 0xff, 0xff, 0xff, 0xff, 0xf3,
    0x00, 0x3f, 0x52, 0x34, 0x44, 0x44, 0x44, 0x20,
    0x00, 0xcf, 0x00, 0xbf, 0xff, 0xff, 0xff, 0x00,
    0x06, 0xff, 0x00, 0xbb, 0x00, 0x00, 0x6f, 0x00,
    0x2f, 0xff, 0x00, 0xbf, 0xff, 0xff, 0xff, 0x00,
    0x0d, 0x9f, 0x01, 0x23, 0x33, 0x33, 0x33, 0x10,
    0x00, 0x7f, 0x1f, 0xff, 0xff, 0xff, 0xff, 0xf4,
    0x00, 0x7f, 0x1f, 0x52, 0x22, 0x22, 0x23, 0xf4,
    0x00, 0x7f, 0x1a, 0x79, 0x99, 0x99, 0x97, 0xa2,
    0x00, 0x7f, 0x00, 0x59, 0x9d, 0xf9, 0x97, 0x00,
    0x00, 0x7f, 0x00, 0x00, 0x09, 0xf0, 0x00, 0x00,
    0x00, 0x7f, 0x00, 0x03, 0x4b, 0xe0, 0x00, 0x00,
    0x00, 0x7f, 0x00, 0x09, 0xff, 0x90, 0x00, 0x00,
    0x00, 0x00, 0x00, 0x00, 0x00, 0x00, 0x00, 0x00,

    /* U+5065 "健" */
    0x00, 0x0b, 0x30, 0x00, 0x00, 0x5e, 0x00, 0x00,
    0x00, 0x4f, 0x65, 0x67, 0x13, 0x7f, 0x33, 0x00,
    0x00, 0x9d, 0x8f, 0xff, 0x5e, 0xff, 0xef, 0x40,
    0x00, 0xf8, 0x00, 0xda, 0x11, 0x6f, 0x1f, 0x50,
    0x07, 0xf6, 0x04, 0xf2, 0xff, 0xff, 0xff, 0xf5,
    0x0e, 0xf6, 0x0c, 0x90, 0x00, 0x5e, 0x0e, 0x40,
    0x7f, 0xf6, 0x8f, 0xdc, 0x5f, 0xff, 0xff, 0x40,
    0x27, 0xe6, 0x86, 0x9f, 0x21, 0x6f, 0x11, 0x00,
    0x00, 0xe6, 0x31, 0x7f, 0x6f, 0xff, 0xff, 0xa0,
    0x00, 0xe6, 0xc6, 0xab, 0x13, 0x7f, 0x33, 0x20,
    0x00, 0xe6, 0x6d, 0xe7, 0x45, 0x9f, 0x55, 0x50,
    0x00, 0xe6, 0x0e, 0xf2, 0xbd, 0xef, 0xdd, 0xd2,
    0x00, 0xe6, 0x0d, 0xf7, 0x00, 0x5e, 0x00, 0x00,
    0x00, 0xe6, 0xae, 0x6f, 0xe9, 0x9d, 0x44, 0x41,
    0x00, 0xe9, 0xd3, 0x01, 0x7c, 0xef, 0xff, 0xf3,
    0x00, 0x00, 0x00, 0x00, 0x00, 0x00, 0x00, 0x00,

    /* U+5149 "光" */
    0x00, 0x01, 0x00, 0x0e, 0x90, 0x00, 0x20, 0x00,
    0x00, 0xcc, 0x00, 0x0e, 0x90, 0x00, 0xdd, 0x00,
    0x00, 0x6f, 0x40, 0x0e, 0x90, 0x04, 0xf6, 0x00,
    0x00, 0x0e, 0xb0, 0x0e, 0x90, 0x0c, 0xe0, 0x00,
    0x00, 0x08, 0xf1, 0x0e, 0x90, 0x4f, 0x60, 0x00,
    0x00, 0x02, 0x40, 0x0e, 0x90, 0x05, 0x00, 0x00,
    0x29, 0x99, 0x99, 0x9f, 0xd9, 0x99, 0x99, 0x91,
    0x4f, 0xff, 0xff, 0xff, 0xff, 0xff, 0xff, 0xf3,
    0x00, 0x00, 0x3f, 0x60, 0x0d, 0xa0, 0x00, 0x00,
    0x00, 0x00, 0x5f, 0x30, 0x0d, 0xa0, 0x00, 0x00,
    0x00, 0x00, 0x9f, 0x00, 0x0d, 0xa0, 0x00, 0x00,
    0x00, 0x02, 0xfa, 0x00, 0x0d, 0xa0, 0x01, 0x91,
    0x00, 0x3d, 0xf2, 0x00, 0x0d, 0xa0, 0x02, 0xf3,
    0x3a, 0xfe, 0x40, 0x00, 0x0d, 0xd6, 0x6a, 0xf1,
    0x1e, 0x91, 0x00, 0x00, 0x07, 0xff, 0xff, 0x90,
    0x00, 0x00, 0x00, 0x00, 0x00, 0x00, 0x00, 0x00,

    /* U+516B "八" */
    0x00, 0x00, 0x00, 0x00, 0x03, 0x40, 0x00, 0x00,
    0x00, 0x00, 0x5e, 0x40, 0x0a, 0xd0, 0x00, 0x00,
    0x00, 0x00, 0x7f, 0x30, 0x08, 0xf0, 0x00, 0x00,
    0x00, 0x00, 0x8f, 0x10, 0x06, 0xf1, 0x00, 0x00,
    0x00, 0x00, 0xaf, 0x00, 0x04, 0xf4, 0x00, 0x00,
    0x00, 0x00, 0xdc, 0x00, 0x01, 0xf7, 0x00, 0x00,
    0x00, 0x00, 0xf9, 0x00, 0x00, 0xdb, 0x00, 0x00,
    0x00, 0x04, 0xf5, 0x00, 0x00, 0x9f, 0x10, 0x00,
    0x00, 0x09, 0xf1, 0x00, 0x00, 0x4f, 0x60, 0x00,
    0x00, 0x0e, 0xb0, 0x00, 0x00, 0x0e, 0xd0, 0x00,
    0x00, 0x6f, 0x40, 0x00, 0x00, 0x07, 0xf6, 0x00,
    0x01, 0xec, 0x00, 0x00, 0x00, 0x00, 0xee, 0x10,
    0x1d, 0xf3, 0x00, 0x00, 0x00, 0x00, 0x4f, 0xd1,
    0x3e, 0x50, 0x00, 0x00, 0x00, 0x00, 0x07, 0xe3,
    0x01, 0x00, 0x00, 0x00, 0x00, 0x00, 0x00, 0x10,

    /* U+516D "六" */
    0x00, 0x00, 0x00, 0x17, 0x10, 0x00, 0x00, 0x00,
    0x00, 0x00, 0x00, 0x5f, 0x80, 0x00, 0x00, 0x00,
    0x00, 0x00, 0x00, 0x0e, 0xe0, 0x00, 0x00, 0x00,
    0x00, 0x00, 0x00, 0x07, 0xf4, 0x00, 0x00, 0x00,
    0x18, 0x88, 0x88, 0x89, 0x98, 0x88, 0x88, 0x81,
    0x2f, 0xff, 0xff, 0xff, 0xff, 0xff, 0xff, 0xf3,
    0x00, 0x00, 0x00, 0x00, 0x00, 0x00, 0x00, 0x00,
    0x00, 0x00, 0x11, 0x00, 0x00, 0x30, 0x00, 0x00,
    0x00, 0x00, 0x9f, 0x40, 0x04, 0xf8, 0x00, 0x00,
    0x00, 0x02, 0xfd, 0x00, 0x00, 0xbf, 0x30, 0x00,
    0x00, 0x0b, 0xf4, 0x00, 0x00, 0x2f, 0xd0, 0x00,
    0x00, 0x5f, 0xb0, 0x00, 0x00, 0x06, 0xf9, 0x00,
    0x02, 0xff, 0x10, 0x00, 0x00, 0x00, 0xcf, 0x30,
    0x1d, 0xf5, 0x00, 0x00, 0x00, 0x00, 0x2f, 0xd0,
    0x09, 0x90, 0x00, 0x00, 0x00, 0x00, 0x09, 0x80,
    0x00, 0x00, 0x00, 0x00, 0x00, 0x00, 0x00, 0x00,

    /* U+5173 "关" */
    0x00, 0x01, 0x70, 0x00, 0x00, 0x08, 0x30, 0x00,
    0x00, 0x03, 0xf8, 0x00, 0x00, 0x4f, 0x80, 0x00,
    0x00, 0x00, 0x9f, 0x20, 0x00, 0xce, 0x00, 0x00,
    0x00, 0x56, 0x7e, 0x76, 0x69, 0xfa, 0x66, 0x10,
    0x00, 0xff, 0xff, 0xff, 0xff, 0xff, 0xff, 0x20,
    0x00, 0x11, 0x11, 0x1c, 0xf1, 0x11, 0x11, 0x00,
    0x00, 0x00, 0x00, 0x0c, 0xf0, 0x00, 0x00, 0x00,
    0x01, 0x11, 0x11, 0x1d, 0xf1, 0x11, 0x11, 0x10,
    0x0f, 0xff, 0xff, 0xff, 0xff, 0xff, 0xff, 0xf0,
    0x05, 0x66, 0x66, 0x9f, 0xfb, 0x66, 0x66, 0x60,
    0x00, 0x00, 0x00, 0xbf, 0xee, 0x20, 0x00, 0x00,
    0x00, 0x00, 0x09, 0xfb, 0x2f, 0xd2, 0x00, 0x00,
    0x00, 0x03, 0xcf, 0xc0, 0x04, 0xff, 0x60, 0x00,
    0x05, 0xbf, 0xf9, 0x00, 0x00, 0x3e, 0xfe, 0x81,
    0x0d, 0xfa, 0x20, 0x00, 0x00, 0x00, 0x8e, 0xd0,
    0x01, 0x10, 0x00, 0x00, 0x00, 0x00, 0x00, 0x10,

    /* U+5185 "内" */
    0x00, 0x00, 0x00, 0xae, 0x00, 0x00, 0x00, 0x00,
    0x00, 0x00, 0xae, 0x00, 0x00, 0x00, 0x00, 0x00,
    0x00, 0xae, 0x00, 0x00, 0x00, 0x7f, 0xff, 0xff,
    0xff, 0xff, 0xff, 0xf8, 0x8f, 0x88, 0x88, 0xdf,
    0x88, 0x88, 0xf8, 0x8f, 0x00, 0x00, 0xcc, 0x00,
    0x00, 0xf8, 0x8f, 0x00, 0x00, 0xfc, 0x00, 0x00,
    0xf8, 0x8f, 0x00, 0x06, 0xff, 0xb0, 0x00, 0xf8,
    0x8f, 0x00, 0x1e, 0xc4, 0xfc, 0x00, 0xf8, 0x8f,
    0x01, 0xdf, 0x20, 0x4f, 0xc0, 0xf8, 0x8f, 0x5f,
    0xf3, 0x00, 0x04, 0xf8, 0xf8, 0x8f, 0x1a, 0x20,
    0x00, 0x00, 0x50, 0xf8, 0x8f, 0x00, 0x00, 0x00,
    0x00, 0x00, 0xf8, 0x8f, 0x00, 0x00, 0x00, 0x05,
    0x88, 0xf8, 0x8f, 0x00, 0x00, 0x00, 0x05, 0xfe,
    0xc2,

    /* U+51FA "出" */
    0x00, 0x00, 0x00, 0xfa, 0x00, 0x00, 0x00, 0x01,
    0x10, 0x00, 0xfa, 0x00, 0x02, 0x10, 0x0d, 0xc0,
    0x00, 0xfa, 0x00, 0x0f, 0xa0, 0x0d, 0xc0, 0x00,
    0xfa, 0x00, 0x0f, 0xa0, 0x0d, 0xc0, 0x00, 0xfa,
    0x00, 0x0f, 0xa0, 0x0d, 0xc0, 0x00, 0xfa, 0x00,
    0x0f, 0xa0, 0x0d, 0xff, 0xff, 0xff, 0xff, 0xff,
    0xa0, 0x06, 0x88, 0x88, 0xfd, 0x88, 0x88, 0x50,
    0x36, 0x00, 0x00, 0xfa, 0x00, 0x02, 0x62, 0x9f,
    0x10, 0x00, 0xfa, 0x00, 0x06, 0xf4, 0x9f, 0x10,
    0x00, 0xfa, 0x00, 0x06, 0xf4, 0x9f, 0x10, 0x00,
    0xfa, 0x00, 0x06, 0xf4, 0x9f, 0x10, 0x00, 0xfa,
    0x00, 0x06, 0xf4, 0x9f, 0xff, 0xff, 0xff, 0xff,
    0xff, 0xf4, 0x58, 0x88, 0x88, 0x88, 0x88, 0x8b,
    0xf4,

    /* U+52A8 "动" */
    0x00, 0x00, 0x00, 0x00, 0x00, 0xcb, 0x00, 0x00,
    0x02, 0x33, 0x33, 0x32, 0x00, 0xcb, 0x00, 0x00,
    0x09, 0xff, 0xff, 0xfa, 0x00, 0xcb, 0x00, 0x00,
    0x01, 0x22, 0x22, 0x21, 0x00, 0xda, 0x00, 0x00,
    0x00, 0x00, 0x00, 0x00, 0xce, 0xff, 0xee, 0xf6,
    0x17, 0x77, 0x77, 0x76, 0x89, 0xfd, 0x9a, 0xf6,
    0x2f, 0xff, 0xff, 0xfe, 0x00, 0xf8, 0x02, 0xf5,
    0x00, 0x2f, 0x60, 0x00, 0x01, 0xf6, 0x02, 0xf5,
    0x00, 0x6f, 0x13, 0xb0, 0x03, 0xf4, 0x03, 0xf4,
    0x00, 0xbc, 0x01, 0xf5, 0x06, 0xf1, 0x04, 0xf3,
    0x01, 0xf6, 0x02, 0xdb, 0x0b, 0xe0, 0x05, 0xf2,
    0x08, 0xfc, 0xef, 0xff, 0x2f, 0x90, 0x06, 0xf1,
    0x0d, 0xfb, 0x63, 0x1a, 0xaf, 0x30, 0x09, 0xf0,
    0x03, 0x00, 0x00, 0x04, 0xfa, 0x37, 0x7e, 0xc0,
    0x00, 0x00, 0x00, 0x04, 0xd1, 0x3f, 0xfd, 0x30,
    0x00, 0x00, 0x00, 0x00, 0x00, 0x00, 0x00, 0x00,

    /* U+52FF "勿" */
    0x00, 0x00, 0x52, 0x00, 0x00, 0x00, 0x00, 0x00,
    0x00, 0x2f, 0x80, 0x00, 0x00, 0x00, 0x00, 0x00,
    0x07, 0xf3, 0x00, 0x00, 0x00, 0x01, 0x00, 0x00,
    0xef, 0xff, 0xff, 0xff, 0xff, 0xfe, 0x00, 0x7f,
    0x97, 0xee, 0x78, 0xfb, 0x7d, 0xd0, 0x1f, 0xc0,
    0x1f, 0x80, 0x4f, 0x40, 0xbc, 0x0c, 0xf3, 0x08,
    0xf2, 0x08, 0xf0, 0x0c, 0xc4, 0xf7, 0x00, 0xea,
    0x00, 0xdb, 0x00, 0xdb, 0x01, 0x00, 0x8f, 0x30,
    0x2f, 0x60, 0x0e, 0xa0, 0x00, 0x3f, 0x90, 0x09,
    0xf1, 0x00, 0xf9, 0x00, 0x1d, 0xe1, 0x01, 0xf9,
    0x00, 0x1f, 0x70, 0x1d, 0xf3, 0x00, 0xaf, 0x20,
    0x03, 0xf5, 0x07, 0xf5, 0x00, 0x6f, 0x80, 0x00,
    0x6f, 0x30, 0x01, 0x00, 0x5f, 0xc0, 0x37, 0x7e,
    0xe0, 0x00, 0x00, 0x05, 0xc1, 0x02, 0xff, 0xe5,
    0x00, 0x00, 0x00, 0x00, 0x00, 0x00, 0x00, 0x00,

    /* U+5341 "十" */
    0x00, 0x00, 0x00, 0x0b, 0xe0, 0x00, 0x00, 0x00,
    0x00, 0x00, 0x00, 0x0b, 0xe0, 0x00, 0x00, 0x00,
    0x00, 0x00, 0x00, 0x0b, 0xe0, 0x00, 0x00, 0x00,
    0x00, 0x00, 0x00, 0x0b, 0xe0, 0x00, 0x00, 0x00,
    0x00, 0x00, 0x00, 0x0b, 0xe0, 0x00, 0x00, 0x00,
    0x00, 0x00, 0x00, 0x0b, 0xe0, 0x00, 0x00, 0x00,
    0x09, 0x99, 0x99, 0x9e, 0xf9, 0x99, 0x99, 0x93,
    0x1f, 0xff, 0xff, 0xff, 0xff, 0xff, 0xff, 0xf5,
    0x00, 0x00, 0x00, 0x0b, 0xe0, 0x00, 0x00, 0x00,
    0x00, 0x00, 0x00, 0x0b, 0xe0, 0x00, 0x00, 0x00,
    0x00, 0x00, 0x00, 0x0b, 0xe0, 0x00, 0x00, 0x00,
    0x00, 0x00, 0x00, 0x0b, 0xe0, 0x00, 0x00, 0x00,
    0x00, 0x00, 0x00, 0x0b, 0xe0, 0x00, 0x00, 0x00,
    0x00, 0x00, 0x00, 0x0b, 0xe0, 0x00, 0x00, 0x00,
    0x00, 0x00, 0x00, 0x0b, 0xe0, 0x00, 0x00, 0x00,

    /* U+5361 "卡" */
    0x00, 0x00, 0x00, 0x1f, 0x80, 0x00, 0x00, 0x00,
    0x00, 0x00, 0x00, 0x1f, 0x80, 0x00, 0x00, 0x00,
    0x00, 0x00, 0x00, 0x1f, 0xb6, 0x66, 0x65, 0x00,
    0x00, 0x00, 0x00, 0x1f, 0xff, 0xff, 0xfc, 0x00,
    0x00, 0x00, 0x00, 0x1f, 0x80, 0x00, 0x00, 0x00,
    0x00, 0x00, 0x00, 0x1f, 0x80, 0x00, 0x00, 0x00,
    0x1b, 0xbb, 0xbb, 0xbf, 0xdb, 0xbb, 0xbb, 0xb4,
    0x1c, 0xcc, 0xcc, 0xcf, 0xec, 0xcc, 0xcc, 0xc4,
    0x00, 0x00, 0x00, 0x0f, 0x90, 0x00, 0x00, 0x00,
    0x00, 0x00, 0x00, 0x0f, 0x99, 0x50, 0x00, 0x00,
    0x00, 0x00, 0x00, 0x0f, 0xbb, 0xfe, 0x92, 0x00,
    0x00, 0x00, 0x00, 0x0f, 0x90, 0x29, 0xff, 0x60,
    0x00, 0x00, 0x00, 0x0f, 0x90, 0x00, 0x17, 0x00,
    0x00, 0x00, 0x00, 0x0f, 0x90, 0x00, 0x00, 0x00,
    0x00, 0x00, 0x00, 0x0f, 0x90, 0x00, 0x00, 0x00,

    /* U+5377 "卷" */
    0x00, 0x00, 0x10, 0x04, 0x80, 0x00, 0x00, 0x00,
    0x00, 0x07, 0xe1, 0x0a, 0xf0, 0x0c, 0xb0, 0x00,
    0x00, 0x00, 0xe9, 0x0e, 0xb0, 0x5f, 0x20, 0x00,
    0x00, 0xff, 0xff, 0xff, 0xff, 0xff, 0xff, 0x00,
    0x00, 0x55, 0x55, 0xee, 0x55, 0x55, 0x55, 0x00,
    0x01, 0x11, 0x15, 0xf9, 0x11, 0x11, 0x11, 0x10,
    0x1f, 0xff, 0xff, 0xff, 0xff, 0xff, 0xff, 0xf1,
    0x04, 0x46, 0xff, 0x54, 0x45, 0xfd, 0x44, 0x40,
    0x00, 0x5e, 0xf8, 0x44, 0x44, 0x9f, 0xd4, 0x00,
    0x2c, 0xfd, 0xff, 0xff, 0xff, 0xf9, 0xef, 0xc4,
    0x0c, 0x71, 0xf6, 0x00, 0x03, 0xf4, 0x08, 0xd1,
    0x00, 0x01, 0xf6, 0x03, 0x49, 0xf2, 0x00, 0x00,
    0x00, 0x01, 0xf6, 0x06, 0xdd, 0x80, 0x95, 0x00,
    0x00, 0x00, 0xfb, 0x55, 0x55, 0x56, 0xf9, 0x00,
    0x00, 0x00, 0x7e, 0xff, 0xff, 0xff, 0xd2, 0x00,

    /* U+5382 "厂" */
    0x00, 0x69, 0x88, 0x88, 0x88, 0x88, 0x88, 0x80,
    0x00, 0xbf, 0xff, 0xff, 0xff, 0xff, 0xff, 0xf1,
    0x00, 0xbe, 0x00, 0x00, 0x00, 0x00, 0x00, 0x00,
    0x00, 0xbe, 0x00, 0x00, 0x00, 0x00, 0x00, 0x00,
    0x00, 0xbe, 0x00, 0x00, 0x00, 0x00, 0x00, 0x00,
    0x00, 0xbe, 0x00, 0x00, 0x00, 0x00, 0x00, 0x00,
    0x00, 0xbe, 0x00, 0x00, 0x00, 0x00, 0x00, 0x00,
    0x00, 0xcd, 0x00, 0x00, 0x00, 0x00, 0x00, 0x00,
    0x00, 0xdc, 0x00, 0x00, 0x00, 0x00, 0x00, 0x00,
    0x00, 0xfa, 0x00, 0x00, 0x00, 0x00, 0x00, 0x00,
    0x02, 0xf7, 0x00, 0x00, 0x00, 0x00, 0x00, 0x00,
    0x07, 0xf3, 0x00, 0x00, 0x00, 0x00, 0x00, 0x00,
    0x0d, 0xe0, 0x00, 0x00, 0x00, 0x00, 0x00, 0x00,
    0x2d, 0x70, 0x00, 0x00, 0x00, 0x00, 0x00, 0x00,
    0x00, 0x00, 0x00, 0x00, 0x00, 0x00, 0x00, 0x00,

    /* U+538B "压" */
    0x06, 0xff, 0xff, 0xff, 0xff, 0xff, 0xff, 0xf1,
    0x06, 0xf7, 0x77, 0x77, 0x77, 0x77, 0x77, 0x70,
    0x06, 0xf1, 0x00, 0x00, 0x85, 0x00, 0x00, 0x00,
    0x06, 0xf1, 0x00, 0x00, 0xe9, 0x00, 0x00, 0x00,
    0x06, 0xf1, 0x00, 0x00, 0xe9, 0x00, 0x00, 0x00,
    0x06, 0xf1, 0x55, 0x55, 0xfc, 0x55, 0x55, 0x10,
    0x06, 0xf3, 0xff, 0xff, 0xff, 0xff, 0xff, 0x40,
    0x06, 0xf0, 0x11, 0x11, 0xfa, 0x11, 0x11, 0x00,
    0x07, 0xe0, 0x00, 0x00, 0xe9, 0x1d, 0x50, 0x00,
    0x09, 0xd0, 0x00, 0x00, 0xe9, 0x08, 0xf6, 0x00,
    0x0c, 0xa0, 0x00, 0x00, 0xe9, 0x00, 0x9a, 0x00,
    0x0f, 0x70, 0x00, 0x00, 0xe9, 0x00, 0x00, 0x00,
    0x5f, 0x5e, 0xee, 0xee, 0xff, 0xee, 0xee, 0xd0,
    0x6d, 0x19, 0x99, 0x99, 0x99, 0x99, 0x99, 0x80,
    0x00, 0x00, 0x00, 0x00, 0x00, 0x00, 0x00, 0x00,

    /* U+53EF "可" */
    0x66, 0x66, 0x66, 0x66, 0x66, 0x66, 0x66, 0x2f,
    0xff, 0xff, 0xff, 0xff, 0xff, 0xff, 0xf6, 0x12,
    0x22, 0x22, 0x22, 0x22, 0x3f, 0x92, 0x00, 0x00,
    0x00, 0x00, 0x00, 0x01, 0xf8, 0x00, 0x08, 0xff,
    0xff, 0xff, 0x10, 0x1f, 0x80, 0x00, 0x9f, 0x77,
    0x7b, 0xf1, 0x01, 0xf8, 0x00, 0x09, 0xe0, 0x00,
    0x7f, 0x10, 0x1f, 0x80, 0x00, 0x9e, 0x00, 0x07,
    0xf1, 0x01, 0xf8, 0x00, 0x09, 0xe2, 0x22, 0x8f,
    0x10, 0x1f, 0x80, 0x00, 0x9f, 0xff, 0xff, 0xf1,
    0x01, 0xf8, 0x00, 0x09, 0xe5, 0x55, 0x55, 0x00,
    0x1f, 0x80, 0x00, 0x58, 0x00, 0x00, 0x00, 0x01,
    0xf8, 0x00, 0x00, 0x00, 0x00, 0x05, 0x88, 0xaf,
    0x70, 0x00, 0x00, 0x00, 0x00, 0x4f, 0xff, 0xb1,
    0x00, 0x00, 0x00, 0x00, 0x00, 0x00, 0x00, 0x00,
    0x00,

    /* U+542F "启" */
    0x00, 0x00, 0x00, 0x04, 0x40, 0x00, 0x00, 0x00,
    0x00, 0x00, 0x00, 0xde, 0x00, 0x00, 0x00, 0x00,
    0x24, 0x44, 0x49, 0xf7, 0x44, 0x44, 0x00, 0x09,
    0xff, 0xff, 0xff, 0xff, 0xff, 0xf1, 0x00, 0x9f,
    0x22, 0x22, 0x22, 0x22, 0x8f, 0x10, 0x09, 0xf0,
    0x00, 0x00, 0x00, 0x07, 0xf1, 0x00, 0x9f, 0xff,
    0xff, 0xff, 0xff, 0xff, 0x10, 0x09, 0xf7, 0x77,
    0x77, 0x77, 0x77, 0x70, 0x00, 0xae, 0x01, 0x11,
    0x11, 0x11, 0x11, 0x00, 0x0b, 0xc7, 0xff, 0xff,
    0xff, 0xff, 0xf6, 0x00, 0xea, 0x7f, 0x55, 0x55,
    0x55, 0x7f, 0x60, 0x1f, 0x77, 0xf0, 0x00, 0x00,
    0x02, 0xf6, 0x06, 0xf2, 0x7f, 0x00, 0x00, 0x00,
    0x3f, 0x60, 0xdc, 0x07, 0xff, 0xff, 0xff, 0xff,
    0xf6, 0x2d, 0x30, 0x7f, 0x55, 0x55, 0x55, 0x7f,
    0x60, 0x00, 0x00, 0x00, 0x00, 0x00, 0x00, 0x00,

    /* U+5468 "周" */
    0x00, 0xcf, 0xff, 0xff, 0xff, 0xff, 0xff, 0x70,
    0x0c, 0xd6, 0x66, 0x89, 0x66, 0x67, 0xf7, 0x00,
    0xcb, 0x00, 0x08, 0xd0, 0x00, 0x1f, 0x70, 0x0c,
    0xb4, 0xff, 0xff, 0xff, 0x81, 0xf7, 0x00, 0xcb,
    0x13, 0x39, 0xe3, 0x32, 0x1f, 0x70, 0x0c, 0xb0,
    0x11, 0x8d, 0x11, 0x11, 0xf7, 0x00, 0xcb, 0xbf,
    0xff, 0xff, 0xff, 0x1f, 0x70, 0x0d, 0xa1, 0x22,
    0x22, 0x22, 0x21, 0xf7, 0x00, 0xf8, 0x0b, 0xff,
    0xff, 0xf3, 0x1f, 0x70, 0x1f, 0x60, 0xca, 0x33,
    0x5f, 0x31, 0xf7, 0x04, 0xf3, 0x0c, 0x90, 0x02,
    0xf3, 0x1f, 0x70, 0x9e, 0x00, 0xcf, 0xff, 0xff,
    0x31, 0xf7, 0x1f, 0x90, 0x0c, 0xb3, 0x33, 0x86,
    0x6f, 0x63, 0xd1, 0x00, 0x10, 0x00, 0x08, 0xff,
    0xc2, 0x00, 0x00, 0x00, 0x00, 0x00, 0x00, 0x00,
    0x00,

    /* U+5524 "唤" */
    0x00, 0x00, 0x00, 0x05, 0x80, 0x00, 0x00, 0x00,
    0x00, 0x00, 0x00, 0xed, 0x44, 0x51, 0x00, 0xcf,
    0xff, 0x30, 0x8f, 0xff, 0xff, 0xa0, 0x0d, 0xb7,
    0xf3, 0x5f, 0x80, 0x08, 0xf2, 0x00, 0xd7, 0x1f,
    0x6f, 0xf7, 0x78, 0xfb, 0x71, 0x0d, 0x71, 0xf3,
    0xaf, 0xbc, 0xfc, 0xcf, 0x30, 0xd7, 0x1f, 0x35,
    0xf0, 0x3f, 0x32, 0xf3, 0x0d, 0x71, 0xf3, 0x5f,
    0x03, 0xf3, 0x2f, 0x30, 0xd7, 0x1f, 0x35, 0xf0,
    0x4f, 0x22, 0xf3, 0x0d, 0x71, 0xf7, 0xef, 0xee,
    0xfe, 0xef, 0xe1, 0xdf, 0xff, 0x69, 0x99, 0xff,
    0xc9, 0x99, 0x1d, 0xb6, 0x61, 0x00, 0x7f, 0xbd,
    0x10, 0x00, 0xc7, 0x00, 0x00, 0x7f, 0x70, 0xdd,
    0x20, 0x00, 0x00, 0x03, 0xcf, 0x60, 0x01, 0xcf,
    0x81, 0x00, 0x00, 0xcc, 0x30, 0x00, 0x00, 0x8d,
    0x10, 0x00, 0x00, 0x00, 0x00, 0x00, 0x00, 0x00,

    /* U+5668 "器" */
    0x00, 0xff, 0xff, 0xf1, 0x4f, 0xff, 0xff, 0x10,
    0x00, 0xf8, 0x48, 0xf1, 0x4f, 0x64, 0x9f, 0x10,
    0x00, 0xf5, 0x05, 0xf1, 0x4f, 0x20, 0x6f, 0x10,
    0x00, 0xf9, 0x69, 0xf1, 0x4f, 0x76, 0xaf, 0x10,
    0x00, 0xee, 0xee, 0xe4, 0x3e, 0xfe, 0xee, 0x00,
    0x00, 0x00, 0x00, 0xae, 0x10, 0x9e, 0x70, 0x00,
    0x3f, 0xff, 0xff, 0xff, 0xff, 0xff, 0xff, 0xf3,
    0x16, 0x66, 0xbf, 0xa6, 0x6b, 0xfa, 0x66, 0x61,
    0x00, 0x09, 0xf9, 0x00, 0x00, 0xaf, 0x80, 0x00,
    0x17, 0xef, 0xc6, 0x60, 0x16, 0x6d, 0xfe, 0x71,
    0x3f, 0xfe, 0xee, 0xf1, 0x3f, 0xee, 0xef, 0xf2,
    0x00, 0xf6, 0x05, 0xf1, 0x3f, 0x20, 0x6f, 0x10,
    0x00, 0xf9, 0x59, 0xf1, 0x3f, 0x75, 0x9f, 0x10,
    0x00, 0xff, 0xff, 0xf1, 0x3f, 0xff, 0xff, 0x10,
    0x00, 0x10, 0x00, 0x00, 0x01, 0x00, 0x00, 0x00,

    /* U+56DB "四" */
    0x12, 0x22, 0x22, 0x22, 0x22, 0x22, 0x21, 0xaf,
    0xff, 0xff, 0xff, 0xff, 0xff, 0xfa, 0xae, 0x55,
    0xbf, 0x56, 0xf8, 0x55, 0xfa, 0xad, 0x00, 0x9e,
    0x01, 0xf5, 0x00, 0xfa, 0xad, 0x00, 0x9d, 0x01,
    0xf5, 0x00, 0xfa, 0xad, 0x00, 0xbb, 0x01, 0xf5,
    0x00, 0xfa, 0xad, 0x00, 0xe9, 0x01, 0xf5, 0x00,
    0xfa, 0xad, 0x06, 0xf4, 0x01, 0xf8, 0x34, 0xfa,
    0xad, 0x5f, 0xb0, 0x00, 0xbf, 0xff, 0xfa, 0xad,
    0x9b, 0x00, 0x00, 0x00, 0x00, 0xfa, 0xad, 0x00,
    0x00, 0x00, 0x00, 0x00, 0xfa, 0xaf, 0xff, 0xff,
    0xff, 0xff, 0xff, 0xfa, 0xae, 0x88, 0x88, 0x88,
    0x88, 0x88, 0xfa, 0x79, 0x00, 0x00, 0x00, 0x00,
    0x00, 0x85,

    /* U+56FA "固" */
    0xaf, 0xff, 0xff, 0xff, 0xff, 0xff, 0xfb, 0xae,
    0x66, 0x66, 0x66, 0x66, 0x66, 0xeb, 0xad, 0x00,
    0x00, 0xb6, 0x00, 0x00, 0xdb, 0xad, 0x01, 0x11,
    0xf8, 0x11, 0x10, 0xdb, 0xad, 0x7f, 0xff, 0xff,
    0xff, 0xf3, 0xdb, 0xad, 0x12, 0x22, 0xf9, 0x22,
    0x20, 0xdb, 0xad, 0x00, 0x00, 0xe8, 0x00, 0x00,
    0xdb, 0xad, 0x06, 0xff, 0xff, 0xff, 0x80, 0xdb,
    0xad, 0x06, 0xf2, 0x22, 0x2e, 0x80, 0xdb, 0xad,
    0x06, 0xf3, 0x33, 0x3f, 0x80, 0xdb, 0xad, 0x05,
    0xff, 0xff, 0xff, 0x70, 0xdb, 0xad, 0x00, 0x00,
    0x00, 0x00, 0x00, 0xdb, 0xaf, 0xff, 0xff, 0xff,
    0xff, 0xff, 0xfb, 0xae, 0x77, 0x77, 0x77, 0x77,
    0x77, 0xeb,

    /* U+5706 "圆" */
    0xcf, 0xff, 0xff, 0xff, 0xff, 0xff, 0xfb, 0xcc,
    0x44, 0x44, 0x44, 0x44, 0x44, 0xdb, 0xcb, 0x0a,
    0xff, 0xff, 0xff, 0x70, 0xcb, 0xcb, 0x0b, 0xa1,
    0x11, 0x1e, 0x70, 0xcb, 0xcb, 0x0b, 0xfe, 0xee,
    0xef, 0x70, 0xcb, 0xcb, 0x02, 0x22, 0x22, 0x22,
    0x10, 0xcb, 0xcb, 0x0f, 0xff, 0xff, 0xff, 0xd0,
    0xcb, 0xcb, 0x0f, 0x61, 0x45, 0x1a, 0xd0, 0xcb,
    0xcb, 0x0f, 0x40, 0x9c, 0x09, 0xd0, 0xcb, 0xcb,
    0x0f, 0x40, 0xda, 0x28, 0xc0, 0xcb, 0xcb, 0x01,
    0x6d, 0xe7, 0xfb, 0x30, 0xcb, 0xcb, 0xaf, 0xe8,
    0x10, 0x3b, 0xf5, 0xcb, 0xcc, 0x68, 0x44, 0x44,
    0x44, 0x84, 0xdb, 0xcf, 0xff, 0xff, 0xff, 0xff,
    0xff, 0xfb,

    /* U+578B "型" */
    0x00, 0x00, 0x00, 0x00, 0x00, 0x00, 0x0f, 0x60,
    0x07, 0xff, 0xff, 0xff, 0xc0, 0xf6, 0x0f, 0x60,
    0x05, 0xbf, 0xca, 0xfd, 0x80, 0xf6, 0x0f, 0x60,
    0x00, 0x1f, 0x50, 0xf7, 0x00, 0xf6, 0x0f, 0x60,
    0x06, 0x7f, 0x96, 0xfa, 0x60, 0xf6, 0x0f, 0x60,
    0x0f, 0xff, 0xff, 0xff, 0xf2, 0xf6, 0x0f, 0x60,
    0x00, 0x6f, 0x10, 0xf7, 0x00, 0x62, 0x0f, 0x60,
    0x02, 0xeb, 0x00, 0xf7, 0x00, 0x01, 0x2f, 0x60,
    0x0e, 0xe1, 0x00, 0xf9, 0x30, 0x0e, 0xff, 0x30,
    0x03, 0x10, 0x00, 0x0c, 0xd0, 0x03, 0x31, 0x00,
    0x00, 0x47, 0x77, 0x7d, 0xe7, 0x77, 0x74, 0x00,
    0x00, 0x8e, 0xee, 0xef, 0xfe, 0xee, 0xe8, 0x00,
    0x00, 0x00, 0x00, 0x0b, 0xd0, 0x00, 0x00, 0x00,
    0x3d, 0xdd, 0xdd, 0xdf, 0xfd, 0xdd, 0xdd, 0xd3,
    0x29, 0x99, 0x99, 0x99, 0x99, 0x99, 0x99, 0x92,

    /* U+58F0 "声" */
    0x00, 0x00, 0x00, 0x0e, 0x90, 0x00, 0x00, 0x00,
    0x33, 0x33, 0x33, 0xfb, 0x33, 0x33, 0x32, 0x1f,
    0xff, 0xff, 0xff, 0xff, 0xff, 0xff, 0xc0, 0x11,
    0x11, 0x11, 0xfa, 0x11, 0x11, 0x11, 0x00, 0xbb,
    0xbb, 0xbf, 0xeb, 0xbb, 0xbb, 0x10, 0x09, 0x99,
    0x99, 0x99, 0x99, 0x99, 0x90, 0x00, 0x24, 0x44,
    0x44, 0x44, 0x44, 0x43, 0x00, 0x0a, 0xff, 0xff,
    0xff, 0xff, 0xff, 0xf0, 0x00, 0xad, 0x00, 0x0e,
    0x90, 0x00, 0x9f, 0x00, 0x0a, 0xd0, 0x00, 0xe9,
    0x00, 0x09, 0xf0, 0x00, 0xcf, 0xdd, 0xdf, 0xfd,
    0xdd, 0xff, 0x00, 0x0f, 0xb7, 0x77, 0x77, 0x77,
    0x7c, 0xf0, 0x05, 0xf4, 0x00, 0x00, 0x00, 0x00,
    0x24, 0x00, 0xdd, 0x00, 0x00, 0x00, 0x00, 0x00,
    0x00, 0x6f, 0x40, 0x00, 0x00, 0x00, 0x00, 0x00,
    0x00, 0x20, 0x00, 0x00, 0x00, 0x00, 0x00, 0x00,

    /* U+590D "复" */
    0x00, 0x00, 0x51, 0x00, 0x00, 0x00, 0x00, 0x00,
    0x00, 0x05, 0xf5, 0x00, 0x00, 0x00, 0x00, 0x00,
    0x00, 0x2e, 0xff, 0xff, 0xff, 0xff, 0xff, 0xc0,
    0x02, 0xed, 0x33, 0x33, 0x33, 0x33, 0x33, 0x20,
    0x0e, 0xda, 0xee, 0xee, 0xee, 0xee, 0xe9, 0x00,
    0x03, 0x19, 0xe2, 0x22, 0x22, 0x22, 0xea, 0x00,
    0x00, 0x09, 0xff, 0xff, 0xff, 0xff, 0xfa, 0x00,
    0x00, 0x09, 0xe1, 0x11, 0x11, 0x11, 0xea, 0x00,
    0x00, 0x09, 0xff, 0xff, 0xff, 0xff, 0xfa, 0x00,
    0x00, 0x00, 0x4f, 0x92, 0x22, 0x22, 0x20, 0x00,
    0x00, 0x07, 0xff, 0xff, 0xff, 0xff, 0xf3, 0x00,
    0x02, 0xcf, 0xbe, 0x40, 0x01, 0x9f, 0x70, 0x00,
    0x00, 0x83, 0x06, 0xfc, 0x9f, 0xe4, 0x00, 0x00,
    0x01, 0x25, 0x7a, 0xef, 0xff, 0xc9, 0x64, 0x31,
    0x2f, 0xff, 0xea, 0x72, 0x04, 0x8c, 0xff, 0xf3,
    0x04, 0x30, 0x00, 0x00, 0x00, 0x00, 0x01, 0x20,

    /* U+591A "多" */
    0x00, 0x00, 0x00, 0x73, 0x00, 0x00, 0x00, 0x00,
    0x00, 0x01, 0xcf, 0x52, 0x23, 0x00, 0x00, 0x00,
    0x03, 0xdf, 0xff, 0xff, 0xfa, 0x00, 0x00, 0x2a,
    0xfb, 0x33, 0x33, 0xdf, 0x30, 0x00, 0x1e, 0xe7,
    0xa5, 0x02, 0xcf, 0x40, 0x00, 0x00, 0x10, 0x08,
    0xfb, 0xfe, 0x30, 0x00, 0x00, 0x00, 0x03, 0x9f,
    0xf9, 0x9c, 0x20, 0x00, 0x05, 0xae, 0xfe, 0x81,
    0x8f, 0xd6, 0x67, 0x30, 0x5c, 0x94, 0x02, 0xcf,
    0xff, 0xff, 0xff, 0x00, 0x00, 0x18, 0xfd, 0x40,
    0x00, 0x8f, 0x60, 0x00, 0x8f, 0xf8, 0x87, 0x00,
    0x8f, 0xa0, 0x00, 0x02, 0x60, 0x07, 0xfb, 0xcf,
    0x90, 0x00, 0x00, 0x00, 0x00, 0x5e, 0xfe, 0x50,
    0x00, 0x01, 0x36, 0x8c, 0xff, 0xd7, 0x00, 0x00,
    0x00, 0xaf, 0xff, 0xb8, 0x30, 0x00, 0x00, 0x00,
    0x02, 0x42, 0x00, 0x00, 0x00, 0x00, 0x00, 0x00,

    /* U+5929 "天" */
    0x03, 0x77, 0x77, 0x77, 0x77, 0x77, 0x77, 0x20,
    0x06, 0xff, 0xff, 0xff, 0xff, 0xff, 0xff, 0x50,
    0x00, 0x11, 0x11, 0x1f, 0xb1, 0x11, 0x11, 0x00,
    0x00, 0x00, 0x00, 0x0e, 0xa0, 0x00, 0x00, 0x00,
    0x00, 0x00, 0x00, 0x0f, 0xa0, 0x00, 0x00, 0x00,
    0x07, 0x88, 0x88, 0x8f, 0xc8, 0x88, 0x88, 0x70,
    0x0f, 0xff, 0xff, 0xff, 0xff, 0xff, 0xff, 0xf0,
    0x00, 0x00, 0x00, 0x8f, 0xf5, 0x00, 0x00, 0x00,
    0x00, 0x00, 0x00, 0xee, 0xdc, 0x00, 0x00, 0x00,
    0x00, 0x00, 0x08, 0xf7, 0x5f, 0x70, 0x00, 0x00,
    0x00, 0x00, 0x6f, 0xc0, 0x0a, 0xf6, 0x00, 0x00,
    0x00, 0x08, 0xfd, 0x10, 0x00, 0xcf, 0x90, 0x00,
    0x06, 0xef, 0xb1, 0x00, 0x00, 0x1b, 0xfe, 0x81,
    0x1e, 0xd5, 0x00, 0x00, 0x00, 0x00, 0x5d, 0xe1,
    0x01, 0x00, 0x00, 0x00, 0x00, 0x00, 0x00, 0x10,

    /* U+592A "太" */
    0x00, 0x00, 0x00, 0x0d, 0xc0, 0x00, 0x00, 0x00,
    0x00, 0x00, 0x00, 0x0d, 0xc0, 0x00, 0x00, 0x00,
    0x00, 0x00, 0x00, 0x0e, 0xb0, 0x00, 0x00, 0x00,
    0x00, 0x00, 0x00, 0x0f, 0xa0, 0x00, 0x00, 0x00,
    0x08, 0x88, 0x88, 0x8f, 0xc8, 0x88, 0x88, 0x81,
    0x1f, 0xff, 0xff, 0xff, 0xff, 0xff, 0xff, 0xf2,
    0x00, 0x00, 0x00, 0x6f, 0xf8, 0x00, 0x00, 0x00,
    0x00, 0x00, 0x00, 0xaf, 0xcd, 0x00, 0x00, 0x00,
    0x00, 0x00, 0x00, 0xfb, 0x5f, 0x50, 0x00, 0x00,
    0x00, 0x00, 0x07, 0xf5, 0x0e, 0xd0, 0x00, 0x00,
    0x00, 0x00, 0x2f, 0xd0, 0x06, 0xf8, 0x00, 0x00,
    0x00, 0x01, 0xdf, 0xe4, 0x00, 0xbf, 0x50, 0x00,
    0x00, 0x2d, 0xf7, 0xdf, 0x50, 0x1e, 0xf6, 0x00,
    0x18, 0xff, 0x60, 0x1d, 0xf4, 0x02, 0xef, 0xb2,
    0x1d, 0xc2, 0x00, 0x01, 0xd4, 0x00, 0x1a, 0xe1,
    0x00, 0x00, 0x00, 0x00, 0x00, 0x00, 0x00, 0x10,

    /* U+59CB "始" */
    0x00, 0x00, 0x00, 0x00, 0x00, 0x00, 0x00, 0x00,
    0x00, 0x3f, 0x30, 0x00, 0x03, 0xf5, 0x00, 0x00,
    0x00, 0x5f, 0x10, 0x00, 0x0a, 0xf1, 0x00, 0x00,
    0x00, 0x7e, 0x00, 0x00, 0x2f, 0x80, 0x11, 0x00,
    0x04, 0xbd, 0x44, 0x10, 0xbe, 0x00, 0xcc, 0x00,
    0x2f, 0xff, 0xff, 0x65, 0xf5, 0x00, 0x3f, 0x60,
    0x02, 0xf7, 0x3f, 0x7e, 0xc3, 0x45, 0x6d, 0xe0,
    0x03, 0xf2, 0x2f, 0x4f, 0xff, 0xff, 0xfe, 0xf7,
    0x06, 0xf0, 0x5f, 0x07, 0x64, 0x21, 0x00, 0x96,
    0x0a, 0xc0, 0x9d, 0x02, 0x44, 0x44, 0x44, 0x30,
    0x07, 0xfa, 0xe9, 0x07, 0xff, 0xff, 0xff, 0xc0,
    0x00, 0x4f, 0xf5, 0x07, 0xe1, 0x11, 0x1b, 0xc0,
    0x00, 0x0c, 0xfe, 0x27, 0xe0, 0x00, 0x0b, 0xc0,
    0x00, 0x8f, 0x6e, 0x87, 0xe0, 0x00, 0x0b, 0xc0,
    0x09, 0xf7, 0x02, 0x07, 0xfe, 0xee, 0xef, 0xc0,
    0x0a, 0x60, 0x00, 0x07, 0xf7, 0x77, 0x7d, 0xc0,
    0x00, 0x00, 0x00, 0x00, 0x00, 0x00, 0x00, 0x00,

    /* U+5B58 "存" */
    0x00, 0x00, 0x00, 0x62, 0x00, 0x00, 0x00, 0x00,
    0x00, 0x00, 0x04, 0xf6, 0x00, 0x00, 0x00, 0x00,
    0x06, 0x66, 0x6b, 0xf7, 0x66, 0x66, 0x66, 0x60,
    0x1f, 0xff, 0xff, 0xff, 0xff, 0xff, 0xff, 0xf1,
    0x00, 0x00, 0x8f, 0x30, 0x00, 0x00, 0x00, 0x00,
    0x00, 0x02, 0xfb, 0x16, 0x66, 0x66, 0x76, 0x00,
    0x00, 0x0c, 0xf2, 0x3f, 0xff, 0xff, 0xff, 0x20,
    0x00, 0x9f, 0x80, 0x00, 0x00, 0x1c, 0xe3, 0x00,
    0x08, 0xff, 0x60, 0x00, 0x02, 0xfb, 0x10, 0x00,
    0x6f, 0xbf, 0x62, 0x55, 0x57, 0xf7, 0x55, 0x51,
    0x07, 0x2f, 0x68, 0xff, 0xff, 0xff, 0xff, 0xf5,
    0x00, 0x2f, 0x60, 0x11, 0x15, 0xf5, 0x11, 0x10,
    0x00, 0x2f, 0x60, 0x00, 0x04, 0xf4, 0x00, 0x00,
    0x00, 0x2f, 0x60, 0x04, 0x68, 0xf4, 0x00, 0x00,
    0x00, 0x2f, 0x60, 0x07, 0xff, 0xc1, 0x00, 0x00,
    0x00, 0x00, 0x00, 0x00, 0x00, 0x00, 0x00, 0x00,

    /* U+5B9A "定" */
    0x00, 0x00, 0x00, 0x1a, 0x50, 0x00, 0x00, 0x00,
    0x00, 0x00, 0x00, 0x0d, 0xd0, 0x00, 0x00, 0x00,
    0x0e, 0xff, 0xff, 0xff, 0xff, 0xff, 0xff, 0x90,
    0x0e, 0xc8, 0x88, 0x88, 0x88, 0x88, 0x8f, 0x90,
    0x0e, 0x90, 0x00, 0x00, 0x00, 0x00, 0x0f, 0x90,
    0x0b, 0x75, 0x99, 0x99, 0x99, 0x99, 0x5b, 0x70,
    0x00, 0x07, 0xdd, 0xdf, 0xfd, 0xdd, 0x80, 0x00,
    0x00, 0x01, 0x00, 0x0c, 0xc0, 0x00, 0x00, 0x00,
    0x00, 0x0b, 0xe0, 0x0c, 0xc0, 0x00, 0x00, 0x00,
    0x00, 0x0e, 0xb0, 0x0c, 0xff, 0xff, 0xf5, 0x00,
    0x00, 0x2f, 0xc0, 0x0c, 0xe7, 0x77, 0x72, 0x00,
    0x00, 0x8f, 0xf5, 0x0c, 0xc0, 0x00, 0x00, 0x00,
    0x01, 0xfb, 0x9f, 0x7d, 0xc0, 0x00, 0x00, 0x00,
    0x0c, 0xf2, 0x0a, 0xff, 0xe9, 0x88, 0x88, 0x81,
    0x4f, 0x50, 0x00, 0x49, 0xdf, 0xff, 0xff, 0xd0,
    0x01, 0x00, 0x00, 0x00, 0x00, 0x00, 0x00, 0x00,

    /* U+5BFC "导" */
    0x0b, 0xff, 0xff, 0xff, 0xff, 0xff, 0x70, 0x00,
    0xbf, 0x99, 0x99, 0x99, 0x99, 0xf7, 0x00, 0x0b,
    0xe4, 0x44, 0x44, 0x44, 0x4f, 0x70, 0x00, 0xbf,
    0xff, 0xff, 0xff, 0xff, 0xf7, 0x00, 0x0b, 0xe1,
    0x11, 0x11, 0x11, 0x11, 0x55, 0x00, 0xaf, 0x64,
    0x44, 0x44, 0x44, 0x5d, 0xe0, 0x02, 0xbe, 0xff,
    0xff, 0xff, 0xff, 0xd5, 0x00, 0x00, 0x00, 0x00,
    0x00, 0xaf, 0x00, 0x00, 0xcf, 0xff, 0xff, 0xff,
    0xff, 0xff, 0xff, 0x56, 0x78, 0xf8, 0x77, 0x77,
    0xcf, 0x77, 0x72, 0x00, 0x2d, 0xe2, 0x00, 0x0a,
    0xf0, 0x00, 0x00, 0x00, 0x1d, 0xe0, 0x00, 0xaf,
    0x00, 0x00, 0x00, 0x00, 0x26, 0x34, 0x4c, 0xe0,
    0x00, 0x00, 0x00, 0x00, 0x04, 0xff, 0xe8, 0x00,
    0x00, 0x00, 0x00, 0x00, 0x00, 0x00, 0x00, 0x00,
    0x00,

    /* U+5C0F "小" */
    0x00, 0x00, 0x00, 0x0b, 0xe0, 0x00, 0x00, 0x00,
    0x00, 0x00, 0x00, 0x0b, 0xe0, 0x00, 0x00, 0x00,
    0x00, 0x00, 0x00, 0x0b, 0xe0, 0x00, 0x00, 0x00,
    0x00, 0x01, 0x00, 0x0b, 0xe0, 0x00, 0x20, 0x00,
    0x00, 0x0f, 0xa0, 0x0b, 0xe0, 0x0a, 0xf1, 0x00,
    0x00, 0x4f, 0x70, 0x0b, 0xe0, 0x03, 0xf9, 0x00,
    0x00, 0x8f, 0x30, 0x0b, 0xe0, 0x00, 0xbf, 0x10,
    0x00, 0xde, 0x00, 0x0b, 0xe0, 0x00, 0x4f, 0x80,
    0x04, 0xf8, 0x00, 0x0b, 0xe0, 0x00, 0x0e, 0xe0,
    0x0c, 0xf1, 0x00, 0x0b, 0xe0, 0x00, 0x08, 0xf4,
    0x3f, 0x90, 0x00, 0x0b, 0xe0, 0x00, 0x03, 0xf9,
    0x02, 0x00, 0x00, 0x0b, 0xe0, 0x00, 0x00, 0x92,
    0x00, 0x00, 0x00, 0x0b, 0xe0, 0x00, 0x00, 0x00,
    0x00, 0x00, 0x57, 0x8e, 0xe0, 0x00, 0x00, 0x00,
    0x00, 0x00, 0x5f, 0xfe, 0x60, 0x00, 0x00, 0x00,
    0x00, 0x00, 0x00, 0x00, 0x00, 0x00, 0x00, 0x00,

    /* U+5C4F "屏" */
    0x00, 0xff, 0xff, 0xff, 0xff, 0xff, 0xff, 0x90,
    0x00, 0xfb, 0x44, 0x44, 0x44, 0x44, 0x4f, 0x90,
    0x00, 0xfa, 0x11, 0x11, 0x11, 0x11, 0x1f, 0x90,
    0x00, 0xff, 0xff, 0xff, 0xff, 0xff, 0xff, 0x90,
    0x00, 0xfa, 0x35, 0xd6, 0x33, 0x38, 0xd5, 0x20,
    0x00, 0xf9, 0x01, 0xd8, 0x00, 0x1d, 0xc0, 0x00,
    0x00, 0xf8, 0xdf, 0xff, 0xff, 0xff, 0xff, 0xe0,
    0x00, 0xf8, 0x23, 0xaf, 0x33, 0x4f, 0x93, 0x30,
    0x01, 0xf7, 0x00, 0x8f, 0x00, 0x1f, 0x70, 0x00,
    0x03, 0xf6, 0x55, 0xbf, 0x55, 0x6f, 0xa5, 0x52,
    0x06, 0xf5, 0xee, 0xff, 0xee, 0xff, 0xfe, 0xe5,
    0x0b, 0xe0, 0x04, 0xf6, 0x00, 0x1f, 0x70, 0x00,
    0x2f, 0x90, 0x6f, 0xb0, 0x00, 0x1f, 0x70, 0x00,
    0x3d, 0x21, 0xc8, 0x00, 0x00, 0x1f, 0x70, 0x00,
    0x00, 0x00, 0x00, 0x00, 0x00, 0x00, 0x00, 0x00,

    /* U+5C55 "展" */
    0x00, 0xdf, 0xff, 0xff, 0xff, 0xff, 0xff, 0x50,
    0x00, 0xdc, 0x44, 0x44, 0x44, 0x44, 0x6f, 0x50,
    0x00, 0xdb, 0x11, 0x11, 0x11, 0x11, 0x4f, 0x50,
    0x00, 0xdf, 0xff, 0xff, 0xff, 0xff, 0xff, 0x50,
    0x00, 0xdc, 0x33, 0x8d, 0x33, 0x7e, 0x33, 0x10,
    0x00, 0xdb, 0x35, 0xaf, 0x55, 0x9f, 0x55, 0x30,
    0x00, 0xda, 0xaf, 0xff, 0xff, 0xff, 0xff, 0x80,
    0x00, 0xe9, 0x00, 0x7e, 0x00, 0x6f, 0x00, 0x00,
    0x00, 0xfa, 0xaa, 0xdf, 0xaa, 0xcf, 0xba, 0xa2,
    0x02, 0xf8, 0x9e, 0xf9, 0xaf, 0xb9, 0x9d, 0x92,
    0x05, 0xf3, 0x0a, 0xd0, 0x0b, 0xc3, 0xcf, 0x30,
    0x09, 0xf0, 0x0a, 0xd0, 0x02, 0xef, 0xb1, 0x00,
    0x0f, 0xa0, 0x0d, 0xe9, 0xdd, 0x3e, 0xf8, 0x20,
    0x4f, 0x40, 0x3f, 0xeb, 0x73, 0x01, 0x9f, 0xf2,
    0x02, 0x00, 0x03, 0x00, 0x00, 0x00, 0x00, 0x20,

    /* U+5E55 "幕" */
    0x00, 0x00, 0x7f, 0x00, 0x02, 0xf5, 0x00, 0x00,
    0x0f, 0xff, 0xff, 0xff, 0xff, 0xff, 0xff, 0xf0,
    0x03, 0x33, 0x8e, 0x33, 0x35, 0xe7, 0x33, 0x30,
    0x00, 0x13, 0x33, 0x33, 0x33, 0x33, 0x31, 0x00,
    0x00, 0x6f, 0xcc, 0xcc, 0xcc, 0xcc, 0xf8, 0x00,
    0x00, 0x6f, 0x88, 0x88, 0x88, 0x88, 0xf8, 0x00,
    0x00, 0x6f, 0x54, 0x44, 0x44, 0x44, 0xf8, 0x00,
    0x00, 0x6f, 0xff, 0xff, 0xff, 0xff, 0xf8, 0x00,
    0x02, 0x22, 0x3e, 0xb2, 0x22, 0x22, 0x22, 0x20,
    0x5f, 0xff, 0xff, 0xff, 0xff, 0xff, 0xff, 0xf0,
    0x01, 0x3d, 0xf3, 0x1f, 0x91, 0x4f, 0xa2, 0x10,
    0x29, 0xff, 0xff, 0xff, 0xff, 0xff, 0xff, 0x91,
    0x2e, 0x8b, 0xd3, 0x3f, 0xa3, 0x3b, 0xd7, 0xc0,
    0x00, 0x0a, 0xc0, 0x0e, 0x80, 0x2a, 0xd0, 0x00,
    0x00, 0x0a, 0xb0, 0x0e, 0x80, 0xdd, 0x70, 0x00,

    /* U+5EA6 "度" */
    0x00, 0x00, 0x00, 0x03, 0x70, 0x00, 0x00, 0x00,
    0x00, 0x00, 0x00, 0x06, 0xf5, 0x00, 0x00, 0x00,
    0x04, 0xff, 0xff, 0xff, 0xff, 0xff, 0xff, 0xf0,
    0x04, 0xf8, 0x66, 0x97, 0x66, 0x69, 0x76, 0x60,
    0x04, 0xf3, 0x00, 0xf6, 0x00, 0x2f, 0x50, 0x00,
    0x04, 0xf9, 0xff, 0xff, 0xff, 0xff, 0xff, 0xc0,
    0x04, 0xf5, 0x44, 0xf8, 0x44, 0x5f, 0x84, 0x30,
    0x05, 0xf2, 0x00, 0xf9, 0x44, 0x6f, 0x50, 0x00,
    0x05, 0xf2, 0x00, 0xee, 0xee, 0xee, 0x50, 0x00,
    0x06, 0xf1, 0x44, 0x44, 0x44, 0x44, 0x41, 0x00,
    0x08, 0xf0, 0xff, 0xff, 0xff, 0xff, 0xfa, 0x00,
    0x0b, 0xd0, 0x08, 0xf5, 0x00, 0x2d, 0xd1, 0x00,
    0x0e, 0xa0, 0x00, 0x9f, 0xa9, 0xfc, 0x10, 0x00,
    0x3f, 0x60, 0x25, 0x8e, 0xff, 0xf8, 0x42, 0x00,
    0x7f, 0x1b, 0xff, 0xc8, 0x44, 0x9e, 0xff, 0xd0,
    0x02, 0x01, 0x20, 0x00, 0x00, 0x00, 0x14, 0x20,

    /* U+5EB7 "康" */
    0x00, 0x00, 0x00, 0x04, 0x80, 0x00, 0x00, 0x00,
    0x01, 0x32, 0x22, 0x27, 0xf8, 0x22, 0x22, 0x20,
    0x06, 0xff, 0xff, 0xff, 0xff, 0xff, 0xff, 0xf0,
    0x06, 0xf2, 0x11, 0x11, 0xf9, 0x11, 0x11, 0x10,
    0x06, 0xf1, 0xdf, 0xff, 0xff, 0xff, 0xfa, 0x00,
    0x06, 0xf1, 0x11, 0x11, 0xfa, 0x11, 0xcb, 0x00,
    0x06, 0xf9, 0xff, 0xff, 0xff, 0xff, 0xff, 0xf3,
    0x06, 0xf2, 0x22, 0x22, 0xfa, 0x22, 0xcc, 0x30,
    0x06, 0xf0, 0xdd, 0xdd, 0xfe, 0xdd, 0xfb, 0x00,
    0x08, 0xe0, 0xc6, 0x33, 0xfc, 0x33, 0x59, 0x00,
    0x0a, 0xd0, 0x9f, 0x70, 0xff, 0x56, 0xfc, 0x10,
    0x0d, 0xa0, 0x07, 0xbe, 0xfd, 0xff, 0x60, 0x00,
    0x1f, 0x66, 0xcf, 0xb4, 0xf9, 0x4e, 0xd6, 0x10,
    0x7f, 0x1c, 0x94, 0x33, 0xf9, 0x01, 0x9f, 0xd0,
    0x49, 0x00, 0x03, 0xff, 0xe4, 0x00, 0x00, 0x20,
    0x00, 0x00, 0x00, 0x00, 0x00, 0x00, 0x00, 0x00,

    /* U+5F00 "开" */
    0x0a, 0xff, 0xff, 0xff, 0xff, 0xff, 0xff, 0xa0,
    0x09, 0xee, 0xff, 0xfe, 0xee, 0xff, 0xee, 0x90,
    0x00, 0x00, 0x7f, 0x10, 0x00, 0xea, 0x00, 0x00,
    0x00, 0x00, 0x7f, 0x10, 0x00, 0xea, 0x00, 0x00,
    0x00, 0x00, 0x7f, 0x10, 0x00, 0xea, 0x00, 0x00,
    0x00, 0x00, 0x7f, 0x10, 0x00, 0xea, 0x00, 0x00,
    0x3f, 0xff, 0xff, 0xff, 0xff, 0xff, 0xff, 0xf1,
    0x17, 0x77, 0xdf, 0x77, 0x77, 0xfd, 0x77, 0x71,
    0x00, 0x00, 0xcd, 0x00, 0x00, 0xea, 0x00, 0x00,
    0x00, 0x01, 0xf9, 0x00, 0x00, 0xea, 0x00, 0x00,
    0x00, 0x09, 0xf3, 0x00, 0x00, 0xea, 0x00, 0x00,
    0x00, 0x6f, 0xa0, 0x00, 0x00, 0xea, 0x00, 0x00,
    0x08, 0xfd, 0x10, 0x00, 0x00, 0xea, 0x00, 0x00,
    0x08, 0xb1, 0x00, 0x00, 0x00, 0xea, 0x00, 0x00,
    0x00, 0x00, 0x00, 0x00, 0x00, 0x00, 0x00, 0x00,

    /* U+5F0F "式" */
    0x00, 0x00, 0x00, 0x00, 0x00, 0x00, 0x00, 0x00,
    0x00, 0x00, 0x00, 0x00, 0x2f, 0x73, 0xc1, 0x00,
    0x00, 0x00, 0x00, 0x00, 0x2f, 0x73, 0xfd, 0x10,
    0x00, 0x00, 0x00, 0x00, 0x1f, 0x80, 0x4f, 0x50,
    0x18, 0x88, 0x88, 0x88, 0x8f, 0xc8, 0x8b, 0x81,
    0x2f, 0xff, 0xff, 0xff, 0xff, 0xff, 0xff, 0xf2,
    0x00, 0x00, 0x00, 0x00, 0x0e, 0xb0, 0x00, 0x00,
    0x00, 0x00, 0x00, 0x00, 0x0c, 0xc0, 0x00, 0x00,
    0x08, 0xdd, 0xdd, 0xdd, 0x5a, 0xe0, 0x00, 0x00,
    0x06, 0xaa, 0xfd, 0xaa, 0x48, 0xf1, 0x00, 0x00,
    0x00, 0x00, 0xe9, 0x00, 0x05, 0xf4, 0x00, 0x00,
    0x00, 0x00, 0xe9, 0x00, 0x01, 0xf9, 0x00, 0x00,
    0x00, 0x00, 0xe9, 0x00, 0x00, 0xce, 0x00, 0x92,
    0x00, 0x01, 0xfc, 0x9c, 0xc0, 0x6f, 0x60, 0xf6,
    0x0c, 0xff, 0xfe, 0xc9, 0x60, 0x0d, 0xfb, 0xf3,
    0x06, 0x53, 0x00, 0x00, 0x00, 0x02, 0xcf, 0xa0,

    /* U+5F62 "形" */
    0x00, 0x00, 0x00, 0x00, 0x00, 0x00, 0x18, 0x20,
    0x2f, 0xff, 0xff, 0xff, 0xf0, 0x00, 0xcf, 0x20,
    0x2f, 0xff, 0xff, 0xff, 0xf0, 0x1c, 0xf4, 0x00,
    0x00, 0x6f, 0x00, 0xe9, 0x03, 0xdf, 0x40, 0x00,
    0x00, 0x6f, 0x00, 0xe9, 0x0a, 0xd3, 0x00, 0x00,
    0x00, 0x6f, 0x00, 0xe9, 0x00, 0x00, 0x09, 0x60,
    0x14, 0x9f, 0x44, 0xfb, 0x41, 0x00, 0x9f, 0x50,
    0x6f, 0xff, 0xff, 0xff, 0xf3, 0x1c, 0xf5, 0x00,
    0x02, 0x8f, 0x22, 0xfa, 0x26, 0xfe, 0x30, 0x00,
    0x00, 0x8e, 0x00, 0xe9, 0x02, 0x80, 0x02, 0x60,
    0x00, 0xbc, 0x00, 0xe9, 0x00, 0x00, 0x1d, 0xe1,
    0x00, 0xf9, 0x00, 0xe9, 0x00, 0x01, 0xcf, 0x30,
    0x06, 0xf3, 0x00, 0xe9, 0x00, 0x5e, 0xe3, 0x00,
    0x1e, 0xc0, 0x00, 0xe9, 0x3b, 0xfc, 0x10, 0x00,
    0x2d, 0x20, 0x00, 0xe9, 0x2c, 0x60, 0x00, 0x00,
    0x00, 0x00, 0x00, 0x00, 0x00, 0x00, 0x00, 0x00,

    /* U+6062 "恢" */
    0x00, 0x00, 0x00, 0x00, 0x00, 0x00, 0x00, 0x00,
    0x00, 0x7e, 0x00, 0x03, 0xf2, 0x00, 0x00, 0x00,
    0x00, 0x7e, 0x00, 0x05, 0xf1, 0x00, 0x00, 0x00,
    0x00, 0x7e, 0x01, 0x28, 0xf2, 0x22, 0x22, 0x20,
    0x04, 0x8f, 0xc9, 0xff, 0xff, 0xff, 0xff, 0xf1,
    0x0d, 0xce, 0xc8, 0x3d, 0xb3, 0x36, 0x43, 0x30,
    0x0f, 0xae, 0x7b, 0x0f, 0x70, 0x0e, 0x50, 0x00,
    0x2f, 0x8e, 0x24, 0x2f, 0x3a, 0x3f, 0x45, 0xa0,
    0x4c, 0x7e, 0x00, 0x7f, 0x1f, 0x3f, 0x2a, 0x90,
    0x00, 0x7e, 0x00, 0xca, 0x4d, 0x3f, 0x1e, 0x40,
    0x00, 0x7e, 0x03, 0xf4, 0x98, 0x7f, 0x4e, 0x00,
    0x00, 0x7e, 0x0b, 0xd0, 0x01, 0xcf, 0x41, 0x00,
    0x00, 0x7e, 0x6f, 0x50, 0x04, 0xfc, 0xc0, 0x00,
    0x00, 0x7e, 0x07, 0x00, 0x2e, 0xb1, 0xf8, 0x00,
    0x00, 0x7e, 0x00, 0x17, 0xfd, 0x10, 0x5f, 0xa1,
    0x00, 0x7e, 0x00, 0x0c, 0x90, 0x00, 0x05, 0xa0,
    0x00, 0x00, 0x00, 0x00, 0x00, 0x00, 0x00, 0x00,

    /* U+6270 "扰" */
    0x00, 0x01, 0x00, 0x00, 0x00, 0x00, 0x00, 0x00,
    0x00, 0x4f, 0x20, 0x00, 0x4f, 0x41, 0x70, 0x00,
    0x00, 0x4f, 0x20, 0x00, 0x4f, 0x34, 0xf8, 0x00,
    0x00, 0x4f, 0x20, 0x00, 0x4f, 0x30, 0x7f, 0x40,
    0x39, 0xbf, 0xb9, 0x00, 0x5f, 0x20, 0x08, 0x10,
    0x5d, 0xef, 0xec, 0xaf, 0xff, 0xff, 0xff, 0xf3,
    0x00, 0x4f, 0x20, 0x57, 0xbf, 0x77, 0x77, 0x71,
    0x00, 0x4f, 0x20, 0x00, 0x9e, 0x22, 0x00, 0x00,
    0x00, 0x4f, 0x56, 0x10, 0xbc, 0xcb, 0x00, 0x00,
    0x16, 0xbf, 0xff, 0x30, 0xe9, 0xcb, 0x00, 0x00,
    0x5f, 0xff, 0x60, 0x03, 0xf5, 0xcb, 0x00, 0x00,
    0x02, 0x4f, 0x20, 0x08, 0xf0, 0xcb, 0x00, 0x00,
    0x00, 0x4f, 0x20, 0x1f, 0x90, 0xcb, 0x00, 0x82,
    0x00, 0x4f, 0x20, 0xaf, 0x20, 0xcb, 0x00, 0xe7,
    0x05, 0x9f, 0x28, 0xf7, 0x00, 0xcd, 0x67, 0xf5,
    0x0e, 0xfb, 0x07, 0x90, 0x00, 0x6f, 0xff, 0xd0,

    /* U+62A5 "报" */
    0x00, 0x1f, 0x70, 0x00, 0x00, 0x00, 0x00, 0x00,
    0x00, 0x1f, 0x70, 0x1f, 0xff, 0xff, 0xff, 0x80,
    0x00, 0x1f, 0x70, 0x1f, 0xa6, 0x66, 0x6f, 0x80,
    0x15, 0x6f, 0xa5, 0x2f, 0x60, 0x00, 0x1f, 0x60,
    0x3f, 0xff, 0xff, 0x3f, 0x60, 0x77, 0x9f, 0x40,
    0x02, 0x3f, 0x82, 0x1f, 0x60, 0xac, 0xb8, 0x00,
    0x00, 0x1f, 0x70, 0x1f, 0xa6, 0x66, 0x67, 0x50,
    0x00, 0x1f, 0x97, 0x2f, 0xff, 0xff, 0xff, 0xd0,
    0x27, 0xbf, 0xff, 0x4f, 0x8f, 0x60, 0x0e, 0x90,
    0x4f, 0xdf, 0x90, 0x1f, 0x69, 0xe0, 0x5f, 0x30,
    0x01, 0x1f, 0x70, 0x1f, 0x62, 0xf9, 0xdc, 0x00,
    0x00, 0x1f, 0x70, 0x1f, 0x60, 0x7f, 0xf3, 0x00,
    0x00, 0x1f, 0x70, 0x1f, 0x60, 0x9f, 0xf8, 0x00,
    0x16, 0x7f, 0x70, 0x1f, 0x9c, 0xf8, 0xaf, 0xd3,
    0x0e, 0xfc, 0x20, 0x1f, 0x9d, 0x50, 0x06, 0xb0,
    0x00, 0x00, 0x00, 0x00, 0x00, 0x00, 0x00, 0x00,

    /* U+632F "振" */
    0x00, 0x7f, 0x00, 0x00, 0x00, 0x00, 0x00, 0x00,
    0x00, 0x7f, 0x00, 0x9f, 0xff, 0xff, 0xff, 0xf0,
    0x00, 0x7f, 0x00, 0x9e, 0x66, 0x66, 0x66, 0x60,
    0x16, 0xaf, 0x63, 0x9d, 0x12, 0x22, 0x22, 0x10,
    0x3f, 0xff, 0xf8, 0x9d, 0x7f, 0xff, 0xff, 0x90,
    0x00, 0x8f, 0x00, 0x9d, 0x12, 0x22, 0x22, 0x10,
    0x00, 0x7f, 0x00, 0x9e, 0x77, 0x77, 0x77, 0x71,
    0x00, 0x7f, 0x33, 0x9f, 0xef, 0xef, 0xed, 0xd3,
    0x16, 0xcf, 0xf9, 0xad, 0x4f, 0x2e, 0x41, 0x60,
    0x5f, 0xef, 0x30, 0xbc, 0x4f, 0x29, 0xbd, 0xc0,
    0x01, 0x7f, 0x00, 0xcb, 0x4f, 0x24, 0xf9, 0x00,
    0x00, 0x7f, 0x00, 0xe8, 0x4f, 0x20, 0xd9, 0x00,
    0x00, 0x7f, 0x02, 0xf5, 0x4f, 0x48, 0x7f, 0x50,
    0x04, 0xaf, 0x07, 0xf1, 0x7f, 0xfc, 0x1b, 0xf3,
    0x09, 0xf9, 0x07, 0xb0, 0x8b, 0x30, 0x00, 0x70,
    0x00, 0x00, 0x00, 0x00, 0x00, 0x00, 0x00, 0x00,

    /* U+6587 "文" */
    0x00, 0x00, 0x00, 0x02, 0x30, 0x00, 0x00, 0x00,
    0x00, 0x00, 0x00, 0x0e, 0xe0, 0x00, 0x00, 0x00,
    0x00, 0x00, 0x00, 0x07, 0xf6, 0x00, 0x00, 0x00,
    0x08, 0x88, 0x88, 0x89, 0xe9, 0x88, 0x88, 0x83,
    0x1f, 0xff, 0xff, 0xff, 0xff, 0xff, 0xff, 0xf7,
    0x00, 0x05, 0xf3, 0x00, 0x00, 0x0f, 0xc0, 0x00,
    0x00, 0x00, 0xeb, 0x00, 0x00, 0x6f, 0x50, 0x00,
    0x00, 0x00, 0x6f, 0x50, 0x00, 0xed, 0x00, 0x00,
    0x00, 0x00, 0x0c, 0xe1, 0x09, 0xf4, 0x00, 0x00,
    0x00, 0x00, 0x02, 0xfc, 0x6f, 0x90, 0x00, 0x00,
    0x00, 0x00, 0x00, 0x5f, 0xfc, 0x00, 0x00, 0x00,
    0x00, 0x00, 0x00, 0x8f, 0xfd, 0x30, 0x00, 0x00,
    0x00, 0x00, 0x5d, 0xfa, 0x5f, 0xf9, 0x10, 0x00,
    0x02, 0x7d, 0xfe, 0x50, 0x02, 0xbf, 0xfa, 0x40,
    0x1f, 0xfd, 0x60, 0x00, 0x00, 0x04, 0xbf, 0xf5,
    0x04, 0x30, 0x00, 0x00, 0x00, 0x00, 0x01, 0x40,

    /* U+65B0 "新" */
    0x00, 0x04, 0x70, 0x00, 0x00, 0x00, 0x03, 0x00,
    0x00, 0x05, 0xf3, 0x00, 0x03, 0x6a, 0xef, 0xb0,
    0x1f, 0xff, 0xff, 0xff, 0x6f, 0xeb, 0x73, 0x00,
    0x05, 0xd7, 0x47, 0xe5, 0x5f, 0x10, 0x00, 0x00,
    0x00, 0xc8, 0x08, 0xd0, 0x5f, 0x10, 0x00, 0x00,
    0x27, 0xcc, 0x7e, 0xc7, 0x7f, 0x66, 0x66, 0x63,
    0x4c, 0xcd, 0xfd, 0xcc, 0x9f, 0xff, 0xff, 0xf8,
    0x00, 0x02, 0xf3, 0x00, 0x5f, 0x10, 0x9e, 0x00,
    0x15, 0x57, 0xf8, 0x55, 0x6f, 0x00, 0x9e, 0x00,
    0x3f, 0xff, 0xff, 0xff, 0x7f, 0x00, 0x9e, 0x00,
    0x00, 0x72, 0xf4, 0x70, 0x7e, 0x00, 0x9e, 0x00,
    0x07, 0xd2, 0xf4, 0xd7, 0xac, 0x00, 0x9e, 0x00,
    0x2f, 0x52, 0xf3, 0x5d, 0xd8, 0x00, 0x9e, 0x00,
    0x05, 0x15, 0xf3, 0x04, 0xf3, 0x00, 0x9e, 0x00,
    0x00, 0x4f, 0xc1, 0x03, 0xa0, 0x00, 0x9e, 0x00,

    /* U+65B9 "方" */
    0x00, 0x00, 0x00, 0x05, 0x50, 0x00, 0x00, 0x00,
    0x00, 0x00, 0x00, 0x0c, 0xf1, 0x00, 0x00, 0x00,
    0x00, 0x00, 0x00, 0x05, 0xf5, 0x00, 0x00, 0x00,
    0x0d, 0xdd, 0xdd, 0xdd, 0xed, 0xdd, 0xdd, 0xd1,
    0x0a, 0xaa, 0xaf, 0xfa, 0xaa, 0xaa, 0xaa, 0xa0,
    0x00, 0x00, 0x0d, 0xc0, 0x00, 0x00, 0x00, 0x00,
    0x00, 0x00, 0x0e, 0xc1, 0x11, 0x11, 0x10, 0x00,
    0x00, 0x00, 0x0f, 0xff, 0xff, 0xff, 0xf9, 0x00,
    0x00, 0x00, 0x3f, 0xa6, 0x66, 0x67, 0xf8, 0x00,
    0x00, 0x00, 0x8f, 0x30, 0x00, 0x01, 0xf7, 0x00,
    0x00, 0x00, 0xed, 0x00, 0x00, 0x03, 0xf5, 0x00,
    0x00, 0x07, 0xf6, 0x00, 0x00, 0x05, 0xf3, 0x00,
    0x00, 0x4f, 0xd0, 0x00, 0x00, 0x09, 0xf0, 0x00,
    0x07, 0xfe, 0x20, 0x03, 0x76, 0x7f, 0xc0, 0x00,
    0x0c, 0xc1, 0x00, 0x01, 0xff, 0xfd, 0x30, 0x00,
    0x00, 0x00, 0x00, 0x00, 0x00, 0x00, 0x00, 0x00,

    /* U+65CB "旋" */
    0x00, 0x02, 0x00, 0x00, 0x14, 0x00, 0x00, 0x00,
    0x00, 0x2f, 0x70, 0x00, 0x7f, 0x10, 0x00, 0x00,
    0x00, 0x0a, 0xe0, 0x00, 0xde, 0x66, 0x66, 0x62,
    0x4d, 0xde, 0xfd, 0xd7, 0xff, 0xff, 0xff, 0xf5,
    0x39, 0xee, 0x99, 0xaf, 0xd0, 0x00, 0x00, 0x00,
    0x00, 0xbb, 0x00, 0x3e, 0xda, 0xaa, 0xaa, 0xa1,
    0x00, 0xcd, 0x67, 0x43, 0xee, 0xff, 0xef, 0xf1,
    0x00, 0xcf, 0xff, 0x90, 0x00, 0x7e, 0x0a, 0xb0,
    0x00, 0xd9, 0x0d, 0x90, 0xc3, 0x7e, 0x05, 0x30,
    0x00, 0xe7, 0x0d, 0x81, 0xf4, 0x7f, 0xff, 0xb0,
    0x01, 0xf5, 0x0e, 0x82, 0xf4, 0x7f, 0x55, 0x40,
    0x04, 0xf2, 0x0e, 0x74, 0xf9, 0x7e, 0x00, 0x00,
    0x09, 0xd0, 0x0f, 0x69, 0xef, 0xbe, 0x00, 0x00,
    0x2f, 0x74, 0x7f, 0x6f, 0x69, 0xff, 0x65, 0x53,
    0x3c, 0x0b, 0xfc, 0x3b, 0x00, 0x6d, 0xff, 0xf4,
    0x00, 0x00, 0x00, 0x00, 0x00, 0x00, 0x00, 0x00,

    /* U+65E5 "日" */
    0x8f, 0xff, 0xff, 0xff, 0xff, 0xf0, 0x8f, 0x88,
    0x88, 0x88, 0x8d, 0xf0, 0x8f, 0x00, 0x00, 0x00,
    0x09, 0xf0, 0x8f, 0x00, 0x00, 0x00, 0x09, 0xf0,
    0x8f, 0x00, 0x00, 0x00, 0x09, 0xf0, 0x8f, 0x00,
    0x00, 0x00, 0x09, 0xf0, 0x8f, 0xff, 0xff, 0xff,
    0xff, 0xf0, 0x8f, 0x88, 0x88, 0x88, 0x8c, 0xf0,
    0x8f, 0x00, 0x00, 0x00, 0x09, 0xf0, 0x8f, 0x00,
    0x00, 0x00, 0x09, 0xf0, 0x8f, 0x00, 0x00, 0x00,
    0x09, 0xf0, 0x8f, 0x77, 0x77, 0x77, 0x7c, 0xf0,
    0x8f, 0xff, 0xff, 0xff, 0xff, 0xf0, 0x8f, 0x00,
    0x00, 0x00, 0x0a, 0xf0, 0x01, 0x00, 0x00, 0x00,
    0x00, 0x00,

    /* U+65F6 "时" */
    0x00, 0x00, 0x00, 0x00, 0x00, 0x0e, 0x90, 0x06,
    0xa9, 0x99, 0x40, 0x00, 0x00, 0xe9, 0x00, 0xbf,
    0xff, 0xf8, 0x00, 0x00, 0x0e, 0x90, 0x0b, 0xb0,
    0x0e, 0x87, 0x77, 0x77, 0xfc, 0x73, 0xbb, 0x00,
    0xe8, 0xff, 0xff, 0xff, 0xff, 0x6b, 0xb0, 0x0e,
    0x80, 0x00, 0x00, 0xea, 0x00, 0xbd, 0x66, 0xf8,
    0x05, 0x00, 0x0e, 0x90, 0x0b, 0xfe, 0xef, 0x84,
    0xf6, 0x00, 0xe9, 0x00, 0xbb, 0x00, 0xe8, 0x09,
    0xf2, 0x0e, 0x90, 0x0b, 0xb0, 0x0e, 0x80, 0x0e,
    0xc0, 0xe9, 0x00, 0xbb, 0x00, 0xe8, 0x00, 0x46,
    0x0e, 0x90, 0x0b, 0xff, 0xff, 0x80, 0x00, 0x00,
    0xe9, 0x00, 0xbd, 0x66, 0x63, 0x00, 0x00, 0x0e,
    0x90, 0x07, 0x70, 0x00, 0x00, 0x07, 0x77, 0xf9,
    0x00, 0x00, 0x00, 0x00, 0x00, 0xbf, 0xfd, 0x30,
    0x00, 0x00, 0x00, 0x00, 0x00, 0x00, 0x00, 0x00,

    /* U+661F "星" */
    0x00, 0x6f, 0xff, 0xff, 0xff, 0xff, 0xf6, 0x00,
    0x00, 0x6f, 0x42, 0x22, 0x22, 0x24, 0xf6, 0x00,
    0x00, 0x6f, 0x65, 0x55, 0x55, 0x57, 0xf6, 0x00,
    0x00, 0x6f, 0xcc, 0xcc, 0xcc, 0xcd, 0xf6, 0x00,
    0x00, 0x6f, 0x43, 0x33, 0x33, 0x35, 0xf6, 0x00,
    0x00, 0x5f, 0xff, 0xff, 0xff, 0xff, 0xf6, 0x00,
    0x00, 0x08, 0xa0, 0x05, 0x80, 0x00, 0x00, 0x00,
    0x00, 0x3f, 0xc6, 0x6c, 0xf6, 0x66, 0x66, 0x00,
    0x02, 0xef, 0xee, 0xef, 0xfe, 0xee, 0xee, 0x20,
    0x0d, 0xd2, 0x00, 0x0a, 0xe0, 0x00, 0x00, 0x00,
    0x01, 0x1f, 0xff, 0xff, 0xff, 0xff, 0xf5, 0x00,
    0x00, 0x02, 0x22, 0x2b, 0xf2, 0x22, 0x20, 0x00,
    0x02, 0x22, 0x22, 0x2b, 0xf2, 0x22, 0x22, 0x20,
    0x0e, 0xff, 0xff, 0xff, 0xff, 0xff, 0xff, 0xf2,

    /* U+6682 "暂" */
    0x00, 0x02, 0x10, 0x00, 0x00, 0x00, 0x00, 0x00,
    0x04, 0x4d, 0xe4, 0x44, 0x24, 0x68, 0xbe, 0x90,
    0x2e, 0xff, 0xee, 0xee, 0x7f, 0xca, 0x85, 0x20,
    0x03, 0xf5, 0x6e, 0x00, 0x3f, 0x31, 0x11, 0x10,
    0x0e, 0xff, 0xff, 0xff, 0x9f, 0xff, 0xff, 0xf4,
    0x04, 0x33, 0x9f, 0x33, 0x6f, 0x22, 0xcb, 0x20,
    0x06, 0x78, 0xcf, 0xde, 0xae, 0x00, 0xca, 0x00,
    0x1d, 0xba, 0xcf, 0x53, 0xd9, 0x00, 0xca, 0x00,
    0x00, 0x00, 0x5b, 0x00, 0x81, 0x00, 0x98, 0x00,
    0x00, 0x4f, 0xff, 0xff, 0xff, 0xff, 0xf7, 0x00,
    0x00, 0x4f, 0x53, 0x33, 0x33, 0x33, 0xf8, 0x00,
    0x00, 0x4f, 0x64, 0x44, 0x44, 0x44, 0xf8, 0x00,
    0x00, 0x4f, 0xcc, 0xcc, 0xcc, 0xcc, 0xf8, 0x00,
    0x00, 0x4f, 0x53, 0x33, 0x33, 0x33, 0xf8, 0x00,
    0x00, 0x4f, 0xff, 0xff, 0xff, 0xff, 0xf8, 0x00,
    0x00, 0x00, 0x00, 0x00, 0x00, 0x00, 0x00, 0x00,

    /* U+66F4 "更" */
    0x0f, 0xff, 0xff, 0xff, 0xff, 0xff, 0xff, 0xf1,
    0x0b, 0xcc, 0xcc, 0xce, 0xfc, 0xcc, 0xcc, 0xc0,
    0x00, 0x12, 0x22, 0x2b, 0xf2, 0x22, 0x22, 0x00,
    0x00, 0x8f, 0xff, 0xff, 0xff, 0xff, 0xff, 0x00,
    0x00, 0x8e, 0x11, 0x1a, 0xf1, 0x11, 0x7f, 0x00,
    0x00, 0x8f, 0x55, 0x5c, 0xf5, 0x55, 0xaf, 0x00,
    0x00, 0x8f, 0xcc, 0xce, 0xfc, 0xcc, 0xef, 0x00,
    0x00, 0x8e, 0x00, 0x0a, 0xf0, 0x00, 0x7f, 0x00,
    0x00, 0x8f, 0xff, 0xff, 0xff, 0xff, 0xff, 0x00,
    0x00, 0x1b, 0x93, 0x4f, 0xb3, 0x33, 0x33, 0x00,
    0x00, 0x08, 0xf7, 0xaf, 0x30, 0x00, 0x00, 0x00,
    0x00, 0x00, 0xbf, 0xfc, 0x10, 0x00, 0x00, 0x00,
    0x05, 0x8d, 0xfe, 0xbf, 0xfe, 0xca, 0x98, 0x73,
    0x0b, 0xfa, 0x50, 0x01, 0x58, 0xbc, 0xef, 0xf2,
    0x00, 0x00, 0x00, 0x00, 0x00, 0x00, 0x00, 0x00,

    /* U+6708 "月" */
    0x00, 0x0d, 0xff, 0xff, 0xff, 0xff, 0xf8, 0x00,
    0x0d, 0xd7, 0x77, 0x77, 0x78, 0xf8, 0x00, 0x0d,
    0xb0, 0x00, 0x00, 0x01, 0xf8, 0x00, 0x0d, 0xb0,
    0x00, 0x00, 0x01, 0xf8, 0x00, 0x0d, 0xff, 0xff,
    0xff, 0xff, 0xf8, 0x00, 0x0d, 0xd7, 0x77, 0x77,
    0x78, 0xf8, 0x00, 0x0d, 0xa0, 0x00, 0x00, 0x01,
    0xf8, 0x00, 0x0f, 0x90, 0x00, 0x00, 0x02, 0xf8,
    0x00, 0x1f, 0xff, 0xff, 0xff, 0xff, 0xf8, 0x00,
    0x5f, 0x87, 0x77, 0x77, 0x78, 0xf8, 0x00, 0xbe,
    0x00, 0x00, 0x00, 0x01, 0xf8, 0x04, 0xf8, 0x00,
    0x00, 0x00, 0x01, 0xf8, 0x2e, 0xe1, 0x00, 0x00,
    0x48, 0x89, 0xf7, 0x2d, 0x30, 0x00, 0x00, 0x2f,
    0xff, 0xb1, 0x00, 0x00, 0x00, 0x00, 0x00, 0x00,
    0x00,

    /* U+671F "期" */
    0x00, 0xba, 0x00, 0xd9, 0x00, 0x00, 0x00, 0x00,
    0x0b, 0xa0, 0x0d, 0x90, 0x9f, 0xff, 0xfe, 0x06,
    0xdc, 0x66, 0xeb, 0x49, 0xe6, 0x6b, 0xe0, 0xff,
    0xff, 0xff, 0xfa, 0x9d, 0x00, 0x9e, 0x00, 0xba,
    0x00, 0xd9, 0x09, 0xd1, 0x19, 0xe0, 0x0b, 0xff,
    0xff, 0x90, 0x9f, 0xff, 0xfe, 0x00, 0xbb, 0x33,
    0xd9, 0x09, 0xd3, 0x3a, 0xe0, 0x0b, 0xb4, 0x4d,
    0x90, 0x9c, 0x00, 0x9e, 0x00, 0xbf, 0xff, 0xf9,
    0x0a, 0xd3, 0x3a, 0xe0, 0x0b, 0xa0, 0x0d, 0x90,
    0xbf, 0xff, 0xfe, 0x3d, 0xff, 0xdd, 0xff, 0x9c,
    0x90, 0x09, 0xe1, 0x78, 0xa7, 0x7a, 0x75, 0xf7,
    0x00, 0x9e, 0x00, 0x9f, 0x17, 0xf3, 0x3f, 0x30,
    0x09, 0xe0, 0x7f, 0x60, 0x0b, 0xea, 0xe0, 0x37,
    0xce, 0x0b, 0x80, 0x00, 0x12, 0x88, 0x03, 0xfe,
    0x70, 0x00, 0x00, 0x00, 0x00, 0x00, 0x00, 0x00,

    /* U+683C "格" */
    0x00, 0x0f, 0x80, 0x00, 0x0b, 0x70, 0x00, 0x00,
    0x00, 0x0f, 0x80, 0x00, 0x4f, 0x60, 0x00, 0x00,
    0x00, 0x0f, 0x80, 0x00, 0xdf, 0xff, 0xff, 0x60,
    0x02, 0x2f, 0x92, 0x08, 0xfa, 0x77, 0xbf, 0x20,
    0x3f, 0xff, 0xff, 0xcf, 0xfb, 0x01, 0xea, 0x00,
    0x14, 0x6f, 0xa5, 0xdc, 0x4f, 0x8b, 0xf1, 0x00,
    0x00, 0x6f, 0xe1, 0x11, 0x07, 0xff, 0x50, 0x00,
    0x00, 0xbf, 0xfc, 0x00, 0x1b, 0xff, 0xa1, 0x00,
    0x02, 0xff, 0x9e, 0x57, 0xfe, 0x46, 0xff, 0x82,
    0x09, 0xbf, 0x86, 0xef, 0xe7, 0x55, 0x8f, 0xf8,
    0x2f, 0x4f, 0x80, 0x7b, 0xfe, 0xee, 0xef, 0x80,
    0x6c, 0x0f, 0x80, 0x09, 0xd0, 0x00, 0x0f, 0x60,
    0x03, 0x0f, 0x80, 0x09, 0xd0, 0x00, 0x0f, 0x60,
    0x00, 0x0f, 0x80, 0x09, 0xe6, 0x66, 0x6f, 0x60,
    0x00, 0x0f, 0x80, 0x09, 0xff, 0xff, 0xff, 0x60,
    0x00, 0x00, 0x00, 0x00, 0x00, 0x00, 0x00, 0x00,

    /* U+6A21 "模" */
    0x00, 0x6f, 0x10, 0x00, 0xf6, 0x06, 0xf0, 0x00,
    0x00, 0x6f, 0x11, 0x99, 0xfc, 0x9c, 0xf9, 0x90,
    0x00, 0x6f, 0x12, 0xee, 0xff, 0xef, 0xfe, 0xe1,
    0x17, 0xaf, 0x74, 0x00, 0xf6, 0x06, 0xf0, 0x00,
    0x3f, 0xff, 0xf9, 0x5a, 0xba, 0xaa, 0xba, 0x20,
    0x00, 0x8f, 0x30, 0x9e, 0x66, 0x66, 0x7f, 0x40,
    0x00, 0xbf, 0xc0, 0x9f, 0xdd, 0xdd, 0xdf, 0x40,
    0x00, 0xff, 0xe5, 0x9d, 0x33, 0x33, 0x5f, 0x40,
    0x06, 0xff, 0x8d, 0x9e, 0xaa, 0xaa, 0xaf, 0x40,
    0x0d, 0xcf, 0x23, 0x47, 0x7b, 0xf7, 0x77, 0x20,
    0x5f, 0x7f, 0x12, 0x44, 0x4b, 0xe4, 0x44, 0x40,
    0x39, 0x6f, 0x18, 0xff, 0xff, 0xff, 0xff, 0xf1,
    0x00, 0x6f, 0x10, 0x00, 0xaf, 0x6f, 0x70, 0x00,
    0x00, 0x6f, 0x12, 0x7d, 0xf4, 0x06, 0xfc, 0x51,
    0x00, 0x6f, 0x18, 0xd7, 0x10, 0x00, 0x2a, 0xd1,
    0x00, 0x00, 0x00, 0x00, 0x00, 0x00, 0x00, 0x00,

    /* U+6B65 "步" */
    0x00, 0x00, 0x00, 0x08, 0xd0, 0x00, 0x00, 0x00,
    0x00, 0x05, 0x30, 0x08, 0xd0, 0x00, 0x00, 0x00,
    0x00, 0x0e, 0x90, 0x08, 0xff, 0xff, 0xfb, 0x00,
    0x00, 0x0e, 0x90, 0x08, 0xe7, 0x77, 0x75, 0x00,
    0x00, 0x0e, 0x90, 0x08, 0xd0, 0x00, 0x00, 0x00,
    0x2b, 0xbf, 0xeb, 0xbe, 0xfb, 0xbb, 0xbb, 0xb0,
    0x2b, 0xbb, 0xbb, 0xbf, 0xeb, 0xbb, 0xbb, 0xb0,
    0x00, 0x00, 0x84, 0x0e, 0xb0, 0x00, 0x52, 0x00,
    0x00, 0x09, 0xf4, 0x0e, 0xb0, 0x02, 0xfc, 0x00,
    0x00, 0x8f, 0x80, 0x0e, 0xb0, 0x1d, 0xf2, 0x00,
    0x08, 0xf9, 0x00, 0x0e, 0xb2, 0xdf, 0x50, 0x00,
    0x01, 0x70, 0x00, 0x09, 0xdf, 0xf5, 0x00, 0x00,
    0x00, 0x00, 0x02, 0x8e, 0xfc, 0x20, 0x00, 0x00,
    0x04, 0x7a, 0xef, 0xfb, 0x40, 0x00, 0x00, 0x00,
    0x0e, 0xfe, 0xb6, 0x10, 0x00, 0x00, 0x00, 0x00,
    0x02, 0x10, 0x00, 0x00, 0x00, 0x00, 0x00, 0x00,

    /* U+6BCF "每" */
    0x00, 0x00, 0x73, 0x00, 0x00, 0x00, 0x00, 0x00,
    0x00, 0x04, 0xf6, 0x00, 0x00, 0x00, 0x00, 0x00,
    0x00, 0x0d, 0xff, 0xff, 0xff, 0xff, 0xff, 0xc0,
    0x00, 0x8f, 0x86, 0x66, 0x66, 0x66, 0x66, 0x50,
    0x04, 0xfb, 0x32, 0x22, 0x22, 0x22, 0x30, 0x00,
    0x2f, 0xda, 0xff, 0xff, 0xff, 0xff, 0xf3, 0x00,
    0x05, 0x2b, 0xd3, 0x8e, 0x63, 0x36, 0xf3, 0x00,
    0x00, 0x0d, 0xa0, 0x2b, 0xf6, 0x05, 0xf2, 0x00,
    0x27, 0x7f, 0xb6, 0x66, 0xcb, 0x69, 0xf8, 0x72,
    0x5e, 0xff, 0xed, 0xee, 0xdd, 0xde, 0xfe, 0xe6,
    0x00, 0x3f, 0x40, 0xae, 0x60, 0x07, 0xf0, 0x00,
    0x00, 0x6f, 0x31, 0x16, 0xf7, 0x19, 0xf1, 0x10,
    0x00, 0x9f, 0xff, 0xff, 0xff, 0xff, 0xff, 0xc0,
    0x00, 0x24, 0x33, 0x33, 0x46, 0x6f, 0xb3, 0x20,
    0x00, 0x00, 0x00, 0x00, 0x2f, 0xfd, 0x20, 0x00,
    0x00, 0x00, 0x00, 0x00, 0x00, 0x00, 0x00, 0x00,

    /* U+6C14 "气" */
    0x00, 0x01, 0x82, 0x00, 0x00, 0x00, 0x00, 0x00,
    0x00, 0x07, 0xf3, 0x00, 0x00, 0x00, 0x00, 0x00,
    0x00, 0x0d, 0xff, 0xff, 0xff, 0xff, 0xff, 0xd0,
    0x00, 0x6f, 0x75, 0x55, 0x55, 0x55, 0x55, 0x40,
    0x01, 0xfb, 0x44, 0x44, 0x44, 0x44, 0x42, 0x00,
    0x0c, 0xf2, 0xdf, 0xff, 0xff, 0xff, 0xf9, 0x00,
    0x5f, 0x63, 0x33, 0x33, 0x33, 0x33, 0x10, 0x00,
    0x00, 0x9f, 0xff, 0xff, 0xff, 0xff, 0x70, 0x00,
    0x00, 0x11, 0x11, 0x11, 0x11, 0x2f, 0x80, 0x00,
    0x00, 0x00, 0x00, 0x00, 0x00, 0x0f, 0x90, 0x00,
    0x00, 0x00, 0x00, 0x00, 0x00, 0x0d, 0xa0, 0x00,
    0x00, 0x00, 0x00, 0x00, 0x00, 0x0b, 0xd0, 0x20,
    0x00, 0x00, 0x00, 0x00, 0x00, 0x07, 0xf2, 0xa5,
    0x00, 0x00, 0x00, 0x00, 0x00, 0x01, 0xfc, 0xe5,
    0x00, 0x00, 0x00, 0x00, 0x00, 0x00, 0x5e, 0xd0,

    /* U+6C60 "池" */
    0x02, 0xb3, 0x00, 0x00, 0x06, 0xf1, 0x00, 0x00,
    0x05, 0xef, 0x90, 0x53, 0x06, 0xf1, 0x00, 0x00,
    0x00, 0x19, 0x90, 0xe9, 0x06, 0xf1, 0x01, 0x00,
    0x00, 0x00, 0x00, 0xe9, 0x06, 0xf3, 0x9f, 0x90,
    0x01, 0x00, 0x00, 0xe9, 0x09, 0xff, 0xff, 0xa0,
    0x4f, 0x91, 0x00, 0xed, 0xef, 0xf8, 0x1d, 0xa0,
    0x19, 0xfd, 0x3a, 0xff, 0xba, 0xf1, 0x0d, 0x90,
    0x00, 0x35, 0x7e, 0xf9, 0x06, 0xf1, 0x0d, 0x90,
    0x00, 0x00, 0x00, 0xe9, 0x06, 0xf1, 0x0e, 0x80,
    0x00, 0x07, 0x60, 0xe9, 0x06, 0xf4, 0x6f, 0x70,
    0x00, 0x1f, 0xa0, 0xe9, 0x06, 0xf5, 0xfd, 0x10,
    0x00, 0x8f, 0x20, 0xe9, 0x00, 0x20, 0x01, 0xa1,
    0x02, 0xfa, 0x00, 0xe9, 0x00, 0x00, 0x04, 0xf3,
    0x0b, 0xf2, 0x00, 0xde, 0x66, 0x66, 0x6c, 0xf0,
    0x05, 0x70, 0x00, 0x4d, 0xff, 0xff, 0xfe, 0x50,

    /* U+6CD5 "法" */
    0x00, 0x93, 0x00, 0x00, 0x09, 0xf0, 0x00, 0x00,
    0x03, 0xff, 0x80, 0x00, 0x09, 0xf0, 0x00, 0x00,
    0x00, 0x1a, 0xf2, 0x00, 0x09, 0xf0, 0x00, 0x00,
    0x00, 0x00, 0x30, 0xdf, 0xff, 0xff, 0xff, 0x60,
    0x00, 0x00, 0x00, 0x67, 0x7c, 0xf7, 0x77, 0x30,
    0x1d, 0x92, 0x00, 0x00, 0x09, 0xf0, 0x00, 0x00,
    0x07, 0xff, 0x30, 0x00, 0x09, 0xf0, 0x00, 0x00,
    0x00, 0x18, 0x08, 0xee, 0xef, 0xfe, 0xee, 0xe0,
    0x00, 0x00, 0x04, 0x88, 0xaf, 0xb8, 0x88, 0x80,
    0x00, 0x01, 0xb0, 0x00, 0xbf, 0x10, 0x00, 0x00,
    0x00, 0x09, 0xf1, 0x03, 0xf8, 0x06, 0xb0, 0x00,
    0x00, 0x3f, 0x80, 0x0c, 0xe0, 0x02, 0xf8, 0x00,
    0x00, 0xce, 0x00, 0x6f, 0x62, 0x46, 0xdf, 0x20,
    0x07, 0xf6, 0x01, 0xff, 0xff, 0xff, 0xdf, 0xb0,
    0x05, 0xc0, 0x00, 0x98, 0x53, 0x10, 0x07, 0xe0,
    0x00, 0x00, 0x00, 0x00, 0x00, 0x00, 0x00, 0x00,

    /* U+6E29 "温" */
    0x00, 0x40, 0x00, 0x00, 0x00, 0x00, 0x00, 0x00,
    0x02, 0xfe, 0x60, 0xef, 0xff, 0xff, 0xff, 0x00,
    0x00, 0x3c, 0xf2, 0xe9, 0x44, 0x44, 0x9f, 0x00,
    0x00, 0x00, 0x40, 0xe9, 0x33, 0x33, 0x9f, 0x00,
    0x00, 0x00, 0x00, 0xef, 0xff, 0xff, 0xff, 0x00,
    0x0c, 0x70, 0x00, 0xe7, 0x00, 0x00, 0x7f, 0x00,
    0x18, 0xfe, 0x20, 0xef, 0xff, 0xff, 0xff, 0x00,
    0x00, 0x18, 0x00, 0x45, 0x55, 0x55, 0x54, 0x00,
    0x00, 0x00, 0x02, 0x55, 0x55, 0x55, 0x55, 0x20,
    0x00, 0x06, 0x57, 0xff, 0xff, 0xff, 0xff, 0x80,
    0x00, 0x0e, 0xa7, 0xe0, 0xe3, 0x4e, 0x0e, 0x80,
    0x00, 0x8f, 0x27, 0xe0, 0xe3, 0x4e, 0x0e, 0x80,
    0x02, 0xf9, 0x07, 0xe0, 0xe3, 0x4e, 0x0e, 0x80,
    0x0b, 0xf1, 0x8d, 0xfa, 0xfc, 0xcf, 0xaf, 0xd5,
    0x05, 0x60, 0x7a, 0xaa, 0xaa, 0xaa, 0xaa, 0xa5,

    /* U+7528 "用" */
    0x00, 0x47, 0x77, 0x77, 0x77, 0x77, 0x77, 0x30,
    0x0a, 0xff, 0xff, 0xff, 0xff, 0xff, 0xf8, 0x00,
    0xae, 0x00, 0x09, 0xe0, 0x00, 0x0f, 0x80, 0x0a,
    0xe0, 0x00, 0x9e, 0x00, 0x00, 0xf8, 0x00, 0xaf,
    0x77, 0x7c, 0xf7, 0x77, 0x7f, 0x80, 0x0a, 0xff,
    0xff, 0xff, 0xff, 0xff, 0xf8, 0x00, 0xad, 0x00,
    0x09, 0xe0, 0x00, 0x0f, 0x80, 0x0a, 0xd0, 0x00,
    0x9e, 0x00, 0x00, 0xf8, 0x00, 0xbf, 0xff, 0xff,
    0xff, 0xff, 0xff, 0x80, 0x0e, 0xc7, 0x77, 0xcf,
    0x77, 0x77, 0xf8, 0x01, 0xf6, 0x00, 0x09, 0xe0,
    0x00, 0x0f, 0x80, 0x7f, 0x20, 0x00, 0x9e, 0x00,
    0x00, 0xf8, 0x1e, 0xc0, 0x00, 0x09, 0xe0, 0x56,
    0x6f, 0x73, 0xe3, 0x00, 0x00, 0x9e, 0x09, 0xff,
    0xd2, 0x00, 0x00, 0x00, 0x00, 0x00, 0x00, 0x00,
    0x00,

    /* U+7535 "电" */
    0x00, 0x00, 0x0b, 0xe0, 0x00, 0x00, 0x00, 0x00,
    0x00, 0x0b, 0xe0, 0x00, 0x00, 0x00, 0x23, 0x33,
    0x3c, 0xf3, 0x33, 0x32, 0x00, 0xff, 0xff, 0xff,
    0xff, 0xff, 0xfd, 0x00, 0xfb, 0x44, 0x4c, 0xf4,
    0x44, 0xcd, 0x00, 0xfa, 0x00, 0x0b, 0xe0, 0x00,
    0xbd, 0x00, 0xff, 0xff, 0xff, 0xff, 0xff, 0xfd,
    0x00, 0xfc, 0x77, 0x7d, 0xf7, 0x77, 0xdd, 0x00,
    0xfa, 0x00, 0x0b, 0xe0, 0x00, 0xbd, 0x00, 0xfc,
    0x66, 0x6d, 0xf6, 0x66, 0xcd, 0x00, 0xff, 0xff,
    0xff, 0xff, 0xff, 0xfd, 0x00, 0xfa, 0x11, 0x1b,
    0xf1, 0x11, 0x13, 0x91, 0x00, 0x00, 0x0a, 0xe0,
    0x00, 0x03, 0xf5, 0x00, 0x00, 0x09, 0xf9, 0x88,
    0x8c, 0xf1, 0x00, 0x00, 0x02, 0xdf, 0xff, 0xff,
    0x80,

    /* U+76D8 "盘" */
    0x00, 0x00, 0x00, 0x06, 0x50, 0x00, 0x00, 0x00,
    0x00, 0x02, 0x44, 0x4f, 0xb4, 0x44, 0x41, 0x00,
    0x00, 0x0b, 0xff, 0xff, 0xff, 0xff, 0xf7, 0x00,
    0x00, 0x0b, 0xc0, 0x5c, 0x40, 0x01, 0xf7, 0x00,
    0x00, 0x0b, 0xc0, 0x07, 0xf5, 0x01, 0xf7, 0x00,
    0x2f, 0xff, 0xff, 0xff, 0xff, 0xff, 0xff, 0xf5,
    0x15, 0x6f, 0xb5, 0x8a, 0x55, 0x56, 0xfa, 0x51,
    0x00, 0x8f, 0x40, 0x6f, 0xb1, 0x01, 0xf7, 0x00,
    0x06, 0xfb, 0x00, 0x01, 0xb4, 0xde, 0xf5, 0x00,
    0x02, 0xb4, 0x33, 0x33, 0x33, 0x99, 0x72, 0x00,
    0x00, 0x8f, 0xff, 0xff, 0xff, 0xff, 0xfc, 0x00,
    0x00, 0x8e, 0x04, 0xf1, 0x1f, 0x40, 0xac, 0x00,
    0x00, 0x8e, 0x04, 0xf1, 0x1f, 0x40, 0xac, 0x00,
    0x2a, 0xdf, 0xab, 0xfb, 0xbf, 0xca, 0xee, 0xa3,
    0x4f, 0xff, 0xff, 0xff, 0xff, 0xff, 0xff, 0xf4,

    /* U+7761 "睡" */
    0x00, 0x00, 0x00, 0x01, 0x24, 0x68, 0xa0, 0x0c,
    0xff, 0xf4, 0x6f, 0xff, 0xff, 0xda, 0x20, 0xca,
    0x5f, 0x41, 0x32, 0x3f, 0x60, 0x00, 0x0c, 0x70,
    0xe4, 0x00, 0x01, 0xf6, 0x00, 0x00, 0xc9, 0x4f,
    0x5f, 0xff, 0xff, 0xff, 0xff, 0x1c, 0xff, 0xf5,
    0x9f, 0xb9, 0xfb, 0xbf, 0x90, 0xc7, 0x0e, 0x40,
    0xe5, 0x1f, 0x64, 0xf0, 0x0c, 0x70, 0xe8, 0xbf,
    0xdb, 0xfd, 0xcf, 0xb5, 0xcf, 0xff, 0x8b, 0xfd,
    0xbf, 0xdc, 0xfb, 0x5c, 0xa5, 0xf4, 0x0e, 0x51,
    0xf6, 0x4f, 0x00, 0xc7, 0x0e, 0x6a, 0xfc, 0xaf,
    0xcb, 0xfa, 0x1c, 0xda, 0xf6, 0xdd, 0xdd, 0xfe,
    0xdd, 0xd1, 0xcc, 0x99, 0x20, 0x00, 0x1f, 0x60,
    0x00, 0x0c, 0x70, 0x00, 0x4a, 0xaa, 0xfc, 0xaa,
    0x60, 0x10, 0x00, 0x07, 0xff, 0xff, 0xff, 0xf9,
    0x00,

    /* U+77E5 "知" */
    0x00, 0x44, 0x00, 0x00, 0x00, 0x00, 0x00, 0x00,
    0x0d, 0xb0, 0x00, 0x00, 0x22, 0x22, 0x21, 0x01,
    0xfb, 0x66, 0x65, 0x7f, 0xff, 0xff, 0xb0, 0x6f,
    0xff, 0xff, 0xd7, 0xf4, 0x44, 0xeb, 0x0d, 0xb1,
    0xf7, 0x00, 0x7f, 0x00, 0x0d, 0xb3, 0xf3, 0x1f,
    0x70, 0x07, 0xf0, 0x00, 0xdb, 0x03, 0x13, 0xf8,
    0x11, 0x7f, 0x00, 0x0d, 0xb4, 0xff, 0xff, 0xff,
    0xfc, 0xf0, 0x00, 0xdb, 0x15, 0x58, 0xf8, 0x55,
    0x8f, 0x00, 0x0d, 0xb0, 0x00, 0x6f, 0x80, 0x07,
    0xf0, 0x00, 0xdb, 0x00, 0x0b, 0xff, 0x70, 0x7f,
    0x00, 0x0d, 0xb0, 0x03, 0xf8, 0x7f, 0x67, 0xf0,
    0x00, 0xdb, 0x00, 0xde, 0x10, 0xaf, 0x9f, 0xff,
    0xff, 0xb1, 0xcf, 0x50, 0x00, 0x67, 0xf7, 0x77,
    0xeb, 0x1c, 0x60, 0x00, 0x00, 0x5b, 0x00, 0x06,
    0x50, 0x00, 0x00, 0x00, 0x00, 0x00, 0x00, 0x00,

    /* U+793A "示" */
    0x00, 0x67, 0x77, 0x77, 0x77, 0x77, 0x73, 0x00,
    0x00, 0xdf, 0xff, 0xff, 0xff, 0xff, 0xf6, 0x00,
    0x00, 0x00, 0x00, 0x00, 0x00, 0x00, 0x00, 0x00,
    0x00, 0x00, 0x00, 0x00, 0x00, 0x00, 0x00, 0x00,
    0x08, 0x88, 0x88, 0x88, 0x88, 0x88, 0x88, 0x80,
    0x1f, 0xff, 0xff, 0xff, 0xff, 0xff, 0xff, 0xf1,
    0x00, 0x00, 0x00, 0x0f, 0xa0, 0x00, 0x00, 0x00,
    0x00, 0x07, 0x50, 0x0f, 0xa0, 0x17, 0x30, 0x00,
    0x00, 0x2f, 0x80, 0x0f, 0xa0, 0x0d, 0xe1, 0x00,
    0x00, 0xbe, 0x10, 0x0f, 0xa0, 0x04, 0xfb, 0x00,
    0x06, 0xf5, 0x00, 0x0f, 0xa0, 0x00, 0xaf, 0x50,
    0x3f, 0xa0, 0x00, 0x0f, 0xa0, 0x00, 0x2f, 0xd0,
    0x05, 0x00, 0x58, 0x8f, 0x90, 0x00, 0x06, 0x20,
    0x00, 0x00, 0x6f, 0xfd, 0x40, 0x00, 0x00, 0x00,
    0x00, 0x00, 0x00, 0x00, 0x00, 0x00, 0x00, 0x00,

    /* U+79D2 "秒" */
    0x00, 0x00, 0x02, 0x00, 0x01, 0xf6, 0x00, 0x00,
    0x02, 0x59, 0xef, 0x50, 0x01, 0xf6, 0x00, 0x00,
    0x2f, 0xff, 0xc4, 0x00, 0x01, 0xf6, 0x00, 0x00,
    0x01, 0x0e, 0x80, 0x04, 0xa1, 0xf6, 0x8c, 0x00,
    0x00, 0x0e, 0x80, 0x08, 0xe1, 0xf6, 0x3f, 0x40,
    0x7f, 0xff, 0xff, 0xbc, 0xa1, 0xf6, 0x0d, 0xb0,
    0x36, 0x9f, 0xd6, 0x5f, 0x61, 0xf6, 0x07, 0xf1,
    0x00, 0xaf, 0xf6, 0x5f, 0x11, 0xf6, 0x01, 0x71,
    0x02, 0xff, 0xbf, 0x52, 0x01, 0xf6, 0x0c, 0x50,
    0x0c, 0xae, 0x86, 0x20, 0x00, 0xe5, 0x7f, 0x30,
    0x7f, 0x2e, 0x80, 0x00, 0x00, 0x03, 0xfa, 0x00,
    0x38, 0x0e, 0x80, 0x00, 0x00, 0x5f, 0xd1, 0x00,
    0x00, 0x0e, 0x80, 0x00, 0x4b, 0xfc, 0x10, 0x00,
    0x00, 0x0e, 0x81, 0xae, 0xfe, 0x70, 0x00, 0x00,
    0x00, 0x0e, 0x80, 0xba, 0x50, 0x00, 0x00, 0x00,

    /* U+7C7B "类" */
    0x00, 0x05, 0x30, 0x0c, 0xb0, 0x03, 0x61, 0x00,
    0x00, 0x0d, 0xe1, 0x0c, 0xb0, 0x0d, 0xe1, 0x00,
    0x00, 0x03, 0xf8, 0x0c, 0xb0, 0x7f, 0x40, 0x00,
    0x06, 0x77, 0xd8, 0x7e, 0xd7, 0x8b, 0x77, 0x60,
    0x0d, 0xff, 0xff, 0xff, 0xff, 0xff, 0xff, 0xe0,
    0x00, 0x00, 0x09, 0xff, 0xff, 0xa3, 0x00, 0x00,
    0x00, 0x06, 0xee, 0x4c, 0xb4, 0xcf, 0xb3, 0x00,
    0x0a, 0xff, 0xa1, 0x0c, 0xb0, 0x04, 0xcf, 0x90,
    0x07, 0x82, 0x00, 0x09, 0x80, 0x00, 0x05, 0x50,
    0x02, 0x22, 0x22, 0x2f, 0xb2, 0x22, 0x22, 0x20,
    0x0f, 0xff, 0xff, 0xff, 0xff, 0xff, 0xff, 0xf1,
    0x04, 0x44, 0x44, 0xef, 0xfc, 0x44, 0x44, 0x40,
    0x00, 0x00, 0x2b, 0xf6, 0x5f, 0xb2, 0x00, 0x00,
    0x03, 0x6b, 0xff, 0x70, 0x05, 0xff, 0xb6, 0x30,
    0x1e, 0xfe, 0x82, 0x00, 0x00, 0x18, 0xef, 0xe1,
    0x03, 0x20, 0x00, 0x00, 0x00, 0x00, 0x02, 0x20,

    /* U+7CFB "系" */
    0x00, 0x00, 0x00, 0x00, 0x00, 0x03, 0x50, 0x00,
    0x01, 0x45, 0x67, 0x8a, 0xce, 0xff, 0xf7, 0x00,
    0x01, 0xff, 0xfe, 0xff, 0xa8, 0x64, 0x10, 0x00,
    0x00, 0x10, 0x0a, 0xf4, 0x00, 0x47, 0x00, 0x00,
    0x00, 0x02, 0xdd, 0x20, 0x18, 0xfb, 0x00, 0x00,
    0x00, 0x4f, 0xff, 0xff, 0xff, 0x70, 0x00, 0x00,
    0x00, 0x17, 0x55, 0xdf, 0xb2, 0x2b, 0x20, 0x00,
    0x00, 0x00, 0x7f, 0xc4, 0x00, 0x1c, 0xe2, 0x00,
    0x01, 0x9e, 0xff, 0xcd, 0xef, 0xff, 0xfd, 0x10,
    0x00, 0xec, 0xa9, 0x7c, 0xf3, 0x21, 0x1e, 0xa0,
    0x00, 0x00, 0x94, 0x09, 0xe0, 0x49, 0x02, 0x00,
    0x00, 0x0b, 0xf4, 0x09, 0xe0, 0x4f, 0xd2, 0x00,
    0x02, 0xdf, 0x50, 0x09, 0xe0, 0x02, 0xee, 0x30,
    0x09, 0xf4, 0x06, 0x6c, 0xe0, 0x00, 0x1d, 0xb0,
    0x00, 0x10, 0x09, 0xff, 0x70, 0x00, 0x01, 0x00,
    0x00, 0x00, 0x00, 0x00, 0x00, 0x00, 0x00, 0x00,

    /* U+7EC8 "终" */
    0x00, 0x05, 0x20, 0x00, 0x07, 0x40, 0x00, 0x00,
    0x00, 0x0e, 0xb0, 0x00, 0x4f, 0x60, 0x00, 0x00,
    0x00, 0x6f, 0x30, 0x00, 0xdf, 0xff, 0xff, 0x50,
    0x00, 0xdb, 0x00, 0x0a, 0xfa, 0x55, 0xcf, 0x20,
    0x07, 0xf2, 0x3e, 0xbf, 0xce, 0x23, 0xf8, 0x00,
    0x3f, 0xc6, 0xdc, 0x87, 0x0c, 0xde, 0xc0, 0x00,
    0x5f, 0xef, 0xf2, 0x00, 0x07, 0xff, 0x40, 0x00,
    0x01, 0x3f, 0x60, 0x02, 0xbf, 0xbc, 0xf9, 0x10,
    0x01, 0xea, 0x01, 0x9f, 0xe6, 0x00, 0x9f, 0xf5,
    0x2d, 0xfd, 0xff, 0x37, 0x1a, 0xd6, 0x02, 0x80,
    0x2e, 0xb8, 0x63, 0x00, 0x01, 0x9f, 0xd1, 0x00,
    0x00, 0x00, 0x00, 0x00, 0x30, 0x02, 0x60, 0x00,
    0x03, 0x68, 0xcf, 0x67, 0xfe, 0x93, 0x00, 0x00,
    0x6f, 0xfd, 0xa7, 0x20, 0x27, 0xdf, 0xc5, 0x00,
    0x14, 0x10, 0x00, 0x00, 0x00, 0x04, 0xce, 0x10,
    0x00, 0x00, 0x00, 0x00, 0x00, 0x00, 0x01, 0x00,

    /* U+7EDF "统" */
    0x00, 0x05, 0x30, 0x00, 0x03, 0x80, 0x00, 0x00,
    0x00, 0x0e, 0xc0, 0x00, 0x04, 0xf5, 0x00, 0x00,
    0x00, 0x6f, 0x50, 0x35, 0x56, 0xfa, 0x55, 0x50,
    0x00, 0xdc, 0x01, 0xbf, 0xff, 0xff, 0xff, 0xf1,
    0x07, 0xf3, 0x6e, 0x10, 0x4f, 0x80, 0x40, 0x00,
    0x3f, 0xd8, 0xfa, 0x02, 0xec, 0x00, 0xea, 0x00,
    0x4f, 0xef, 0xf1, 0x2d, 0xf5, 0x57, 0xbf, 0x40,
    0x01, 0x5f, 0x60, 0xdf, 0xff, 0xed, 0xbd, 0xd0,
    0x03, 0xfa, 0x35, 0x45, 0xc4, 0x0a, 0x52, 0x80,
    0x2e, 0xff, 0xfc, 0x02, 0xf6, 0x0f, 0x80, 0x00,
    0x2e, 0x95, 0x20, 0x03, 0xf4, 0x0f, 0x80, 0x00,
    0x00, 0x00, 0x37, 0x07, 0xf1, 0x0f, 0x80, 0x40,
    0x04, 0x9e, 0xfd, 0x0d, 0xc0, 0x0f, 0x80, 0xf4,
    0x4f, 0xe9, 0x32, 0xcf, 0x40, 0x0f, 0xa5, 0xf2,
    0x04, 0x00, 0x09, 0xf5, 0x00, 0x0a, 0xff, 0xb0,
    0x00, 0x00, 0x00, 0x10, 0x00, 0x00, 0x00, 0x00,

    /* U+7F51 "网" */
    0x9f, 0xff, 0xff, 0xff, 0xff, 0xff, 0xf9, 0x9f,
    0x77, 0x77, 0x77, 0x77, 0x77, 0xf9, 0x9e, 0x00,
    0x07, 0x50, 0x03, 0x80, 0xe9, 0x9e, 0x22, 0x0e,
    0x74, 0x07, 0xd0, 0xe9, 0x9e, 0xad, 0x2f, 0x6f,
    0x6a, 0xa0, 0xe9, 0x9e, 0x1d, 0xdf, 0x06, 0xfe,
    0x70, 0xe9, 0x9e, 0x03, 0xfc, 0x00, 0xbf, 0x30,
    0xe9, 0x9e, 0x00, 0xef, 0x20, 0x7f, 0x80, 0xe9,
    0x9e, 0x04, 0xfd, 0xc0, 0xdd, 0xf2, 0xe9, 0x9e,
    0x0d, 0xb2, 0xc7, 0xf2, 0xd8, 0xe9, 0x9e, 0x8f,
    0x20, 0x2f, 0x90, 0x30, 0xe9, 0x9f, 0xa7, 0x00,
    0x7d, 0x00, 0x00, 0xe9, 0x9e, 0x00, 0x00, 0x00,
    0x05, 0x78, 0xf9, 0x9e, 0x00, 0x00, 0x00, 0x05,
    0xff, 0xc2,

    /* U+7F6E "置" */
    0x03, 0xff, 0xff, 0xff, 0xff, 0xff, 0xff, 0x60,
    0x03, 0xf3, 0x09, 0xd0, 0x0e, 0x80, 0x2f, 0x60,
    0x03, 0xfb, 0xad, 0xfa, 0xaf, 0xda, 0xbf, 0x60,
    0x01, 0x66, 0x66, 0x6f, 0xc6, 0x66, 0x66, 0x20,
    0x0b, 0xcc, 0xcc, 0xcf, 0xec, 0xcc, 0xcc, 0x90,
    0x05, 0x55, 0x55, 0x8f, 0x85, 0x55, 0x55, 0x40,
    0x00, 0x1d, 0xdd, 0xef, 0xdd, 0xdd, 0xd1, 0x00,
    0x00, 0x1f, 0x62, 0x22, 0x22, 0x27, 0xf1, 0x00,
    0x00, 0x1f, 0xed, 0xdd, 0xdd, 0xde, 0xf1, 0x00,
    0x00, 0x1f, 0x96, 0x66, 0x66, 0x6a, 0xf1, 0x00,
    0x00, 0x1f, 0x95, 0x55, 0x55, 0x5a, 0xf1, 0x00,
    0x00, 0x1f, 0xed, 0xdd, 0xdd, 0xde, 0xf1, 0x00,
    0x00, 0x1f, 0x50, 0x00, 0x00, 0x06, 0xf1, 0x00,
    0x2f, 0xff, 0xff, 0xff, 0xff, 0xff, 0xff, 0xf3,

    /* U+8054 "联" */
    0x00, 0x00, 0x00, 0x00, 0x20, 0x00, 0x12, 0x00,
    0x4f, 0xff, 0xff, 0xf0, 0xe9, 0x00, 0x9f, 0x10,
    0x3d, 0xfa, 0xaf, 0xb0, 0x6f, 0x21, 0xf8, 0x00,
    0x08, 0xd0, 0x0f, 0x52, 0x3c, 0x5a, 0xf4, 0x20,
    0x08, 0xe4, 0x4f, 0x5b, 0xff, 0xff, 0xff, 0xc0,
    0x08, 0xff, 0xff, 0x54, 0x66, 0xfc, 0x66, 0x40,
    0x08, 0xd0, 0x0f, 0x50, 0x00, 0xe9, 0x00, 0x00,
    0x08, 0xe3, 0x3f, 0x53, 0x33, 0xfa, 0x33, 0x31,
    0x08, 0xff, 0xff, 0x6f, 0xff, 0xff, 0xff, 0xf5,
    0x08, 0xd1, 0x1f, 0x53, 0x35, 0xfb, 0x33, 0x31,
    0x08, 0xd0, 0x0f, 0x83, 0x06, 0xff, 0x10, 0x00,
    0x2c, 0xfc, 0xff, 0xf7, 0x0d, 0xde, 0xa0, 0x00,
    0x3d, 0xa7, 0x5f, 0x50, 0x9f, 0x45, 0xf8, 0x00,
    0x00, 0x00, 0x0f, 0x5a, 0xf8, 0x00, 0x8f, 0xb2,
    0x00, 0x00, 0x0f, 0x7e, 0x70, 0x00, 0x05, 0xc1,
    0x00, 0x00, 0x00, 0x00, 0x00, 0x00, 0x00, 0x00,

    /* U+80FD "能" */
    0x00, 0x00, 0x00, 0x00, 0x00, 0x00, 0x00, 0x00,
    0x00, 0x1e, 0x70, 0x00, 0x3f, 0x40, 0x00, 0x00,
    0x00, 0x8f, 0x3a, 0x70, 0x3f, 0x40, 0x17, 0x00,
    0x02, 0xf9, 0x08, 0xf2, 0x3f, 0x8a, 0xfe, 0x40,
    0x0d, 0xf8, 0x8a, 0xfa, 0x3f, 0xfa, 0x50, 0x00,
    0x0d, 0xec, 0xb9, 0xbf, 0x4f, 0x40, 0x00, 0x71,
    0x00, 0x00, 0x00, 0x11, 0x3f, 0x40, 0x01, 0xf4,
    0x07, 0xff, 0xff, 0xf5, 0x1f, 0xff, 0xff, 0xf1,
    0x07, 0xf5, 0x56, 0xf6, 0x17, 0x76, 0x66, 0x20,
    0x07, 0xf3, 0x34, 0xf6, 0x3f, 0x40, 0x00, 0x00,
    0x07, 0xff, 0xff, 0xf6, 0x3f, 0x40, 0x6d, 0x50,
    0x07, 0xf0, 0x01, 0xf6, 0x3f, 0xbe, 0xf9, 0x30,
    0x07, 0xff, 0xff, 0xf6, 0x3f, 0xa4, 0x00, 0x00,
    0x07, 0xf2, 0x24, 0xf6, 0x3f, 0x40, 0x00, 0xd5,
    0x07, 0xf0, 0x56, 0xf6, 0x2f, 0xa7, 0x77, 0xf5,
    0x07, 0xf0, 0x8f, 0xc1, 0x09, 0xde, 0xee, 0xa0,

    /* U+822A "航" */
    0x00, 0x04, 0x70, 0x00, 0x02, 0x91, 0x00, 0x00,
    0x00, 0x0a, 0xc0, 0x00, 0x01, 0xf8, 0x00, 0x00,
    0x03, 0xbf, 0xda, 0x70, 0x00, 0xbc, 0x00, 0x00,
    0x05, 0xf9, 0x9d, 0xbe, 0xff, 0xff, 0xff, 0xf3,
    0x05, 0xf7, 0x39, 0xb5, 0x66, 0x66, 0x66, 0x61,
    0x05, 0xf7, 0xa9, 0xb0, 0x01, 0x11, 0x20, 0x00,
    0x05, 0xf1, 0xc9, 0xb0, 0xaf, 0xff, 0xf9, 0x00,
    0x2a, 0xf6, 0x6c, 0xb0, 0xad, 0x66, 0xe9, 0x00,
    0x5e, 0xfd, 0xdf, 0xb0, 0xac, 0x00, 0xd9, 0x00,
    0x06, 0xf6, 0x29, 0xb0, 0xac, 0x00, 0xd9, 0x00,
    0x06, 0xe6, 0xb9, 0xb0, 0xbb, 0x00, 0xd9, 0x00,
    0x08, 0xc0, 0xba, 0xb0, 0xd9, 0x00, 0xd9, 0x10,
    0x0b, 0xa0, 0x09, 0xb1, 0xf6, 0x00, 0xd9, 0x68,
    0x0f, 0x60, 0x3b, 0xb9, 0xf1, 0x00, 0xdb, 0xa7,
    0x4e, 0x10, 0xef, 0x8d, 0x70, 0x00, 0x8f, 0xf3,
    0x01, 0x00, 0x00, 0x00, 0x00, 0x00, 0x00, 0x00,

    /* U+884C "行" */
    0x00, 0x03, 0xc4, 0x00, 0x00, 0x00, 0x00, 0x00,
    0x00, 0x2e, 0xe1, 0x0f, 0xff, 0xff, 0xff, 0xe0,
    0x03, 0xee, 0x20, 0x06, 0x77, 0x77, 0x77, 0x60,
    0x3f, 0xe2, 0x12, 0x00, 0x00, 0x00, 0x00, 0x00,
    0x0a, 0x10, 0xce, 0x00, 0x00, 0x00, 0x00, 0x00,
    0x00, 0x08, 0xf5, 0x35, 0x55, 0x55, 0x55, 0x51,
    0x00, 0x6f, 0xa0, 0xaf, 0xff, 0xff, 0xff, 0xf5,
    0x06, 0xff, 0x80, 0x01, 0x11, 0x19, 0xf1, 0x10,
    0x5f, 0xcf, 0x80, 0x00, 0x00, 0x08, 0xf0, 0x00,
    0x09, 0x1f, 0x80, 0x00, 0x00, 0x08, 0xf0, 0x00,
    0x00, 0x0f, 0x80, 0x00, 0x00, 0x08, 0xf0, 0x00,
    0x00, 0x0f, 0x80, 0x00, 0x00, 0x08, 0xf0, 0x00,
    0x00, 0x0f, 0x80, 0x00, 0x00, 0x08, 0xf0, 0x00,
    0x00, 0x0f, 0x80, 0x00, 0x17, 0x7c, 0xf0, 0x00,
    0x00, 0x0f, 0x80, 0x00, 0x0f, 0xff, 0x80, 0x00,
    0x00, 0x01, 0x00, 0x00, 0x00, 0x00, 0x00, 0x00,

    /* U+8868 "表" */
    0x00, 0x00, 0x00, 0x0e, 0x90, 0x00, 0x00, 0x00,
    0x04, 0x99, 0x99, 0x9f, 0xd9, 0x99, 0x99, 0x30,
    0x06, 0xdd, 0xdd, 0xdf, 0xfd, 0xdd, 0xdd, 0x40,
    0x00, 0x00, 0x00, 0x0e, 0x90, 0x00, 0x00, 0x00,
    0x00, 0xaf, 0xff, 0xff, 0xff, 0xff, 0xfa, 0x00,
    0x00, 0x34, 0x44, 0x4f, 0xb4, 0x44, 0x43, 0x00,
    0x02, 0x22, 0x22, 0x2f, 0xa2, 0x22, 0x22, 0x10,
    0x2f, 0xff, 0xff, 0xff, 0xff, 0xff, 0xff, 0xd0,
    0x02, 0x22, 0x3b, 0xf9, 0xf8, 0x22, 0x25, 0x20,
    0x00, 0x03, 0xdf, 0x60, 0xbd, 0x00, 0xaf, 0x30,
    0x04, 0xbf, 0xf8, 0x00, 0x3f, 0xad, 0xe5, 0x00,
    0x4f, 0xd6, 0xf8, 0x00, 0x08, 0xfd, 0x10, 0x00,
    0x03, 0x00, 0xf8, 0x03, 0x72, 0xbf, 0x90, 0x00,
    0x00, 0x02, 0xfd, 0xef, 0xe3, 0x09, 0xfe, 0x81,
    0x00, 0x08, 0xfe, 0x94, 0x00, 0x00, 0x3b, 0xc0,
    0x00, 0x02, 0x40, 0x00, 0x00, 0x00, 0x00, 0x00,

    /* U+89C9 "觉" */
    0x00, 0x03, 0x00, 0x38, 0x00, 0x01, 0x61, 0x00,
    0x00, 0x7f, 0x50, 0x3f, 0x60, 0x09, 0xf3, 0x00,
    0x00, 0x0b, 0xd0, 0x0b, 0xa0, 0x4f, 0x70, 0x00,
    0x0d, 0xef, 0xfe, 0xef, 0xee, 0xff, 0xee, 0x90,
    0x0e, 0xc6, 0x66, 0x66, 0x66, 0x66, 0x6f, 0xa0,
    0x0e, 0x91, 0x11, 0x11, 0x11, 0x11, 0x0e, 0xa0,
    0x06, 0x4f, 0xff, 0xff, 0xff, 0xff, 0xa6, 0x40,
    0x00, 0x0f, 0xa4, 0x45, 0x44, 0x4f, 0xa0, 0x00,
    0x00, 0x0f, 0x90, 0x0f, 0x90, 0x0f, 0xa0, 0x00,
    0x00, 0x0f, 0x90, 0x0f, 0x80, 0x0f, 0xa0, 0x00,
    0x00, 0x0f, 0x90, 0x2f, 0x82, 0x0f, 0xa0, 0x00,
    0x00, 0x0b, 0x60, 0xaf, 0xaf, 0x0b, 0x80, 0x00,
    0x00, 0x00, 0x1a, 0xf7, 0x8f, 0x00, 0x03, 0x70,
    0x00, 0x49, 0xfe, 0x50, 0x7f, 0x54, 0x49, 0xf0,
    0x0b, 0xfd, 0x71, 0x00, 0x2d, 0xff, 0xff, 0x80,
    0x01, 0x20, 0x00, 0x00, 0x00, 0x00, 0x00, 0x00,

    /* U+8A00 "言" */
    0x00, 0x00, 0x00, 0x2a, 0x30, 0x00, 0x00, 0x00,
    0x00, 0x00, 0x00, 0x0d, 0xd0, 0x00, 0x00, 0x00,
    0x16, 0x66, 0x66, 0x6a, 0xfa, 0x66, 0x66, 0x61,
    0x2e, 0xee, 0xee, 0xee, 0xee, 0xee, 0xee, 0xe3,
    0x00, 0x00, 0x00, 0x00, 0x00, 0x00, 0x00, 0x00,
    0x00, 0x0e, 0xff, 0xff, 0xff, 0xff, 0xf0, 0x00,
    0x00, 0x03, 0x44, 0x44, 0x44, 0x44, 0x40, 0x00,
    0x00, 0x03, 0x44, 0x44, 0x44, 0x44, 0x40, 0x00,
    0x00, 0x0e, 0xff, 0xff, 0xff, 0xff, 0xf0, 0x00,
    0x00, 0x00, 0x00, 0x00, 0x00, 0x00, 0x00, 0x00,
    0x00, 0x1f, 0xff, 0xff, 0xff, 0xff, 0xf2, 0x00,
    0x00, 0x1f, 0x95, 0x55, 0x55, 0x59, 0xf2, 0x00,
    0x00, 0x1f, 0x60, 0x00, 0x00, 0x06, 0xf2, 0x00,
    0x00, 0x1f, 0xa5, 0x55, 0x55, 0x59, 0xf2, 0x00,
    0x00, 0x1f, 0xfe, 0xee, 0xee, 0xef, 0xf2, 0x00,
    0x00, 0x00, 0x00, 0x00, 0x00, 0x00, 0x00, 0x00,

    /* U+8B66 "警" */
    0x00, 0x6e, 0x08, 0xb0, 0x01, 0xd2, 0x00, 0x00,
    0x2e, 0xff, 0xef, 0xfe, 0x67, 0xd1, 0x11, 0x10,
    0x00, 0xa8, 0x03, 0x50, 0x1f, 0xff, 0xff, 0xf3,
    0x06, 0xfc, 0xbb, 0xdb, 0xce, 0xc0, 0x9c, 0x00,
    0x3f, 0xec, 0xc6, 0x8b, 0x51, 0xdc, 0xf3, 0x00,
    0x06, 0xd0, 0x88, 0xaa, 0x02, 0xbf, 0xe5, 0x00,
    0x02, 0xfb, 0xbc, 0xf7, 0x6f, 0xb3, 0x9f, 0xe2,
    0x01, 0x20, 0x04, 0x5d, 0xa3, 0x00, 0x02, 0x50,
    0x0e, 0xee, 0xee, 0xee, 0xee, 0xee, 0xee, 0xe0,
    0x00, 0x07, 0x77, 0x77, 0x77, 0x77, 0x70, 0x00,
    0x00, 0x06, 0x66, 0x66, 0x66, 0x66, 0x60, 0x00,
    0x00, 0x0d, 0xdd, 0xdd, 0xdd, 0xdd, 0xd1, 0x00,
    0x00, 0x1a, 0xaa, 0xaa, 0xaa, 0xaa, 0xa2, 0x00,
    0x00, 0x2f, 0x62, 0x22, 0x22, 0x25, 0xf4, 0x00,
    0x00, 0x2f, 0xed, 0xdd, 0xdd, 0xdd, 0xf4, 0x00,
    0x00, 0x00, 0x00, 0x00, 0x00, 0x00, 0x00, 0x00,

    /* U+8BBE "设" */
    0x00, 0x00, 0x00, 0x00, 0x00, 0x00, 0x00, 0x00,
    0x00, 0xbc, 0x10, 0x04, 0xff, 0xff, 0xf7, 0x00,
    0x00, 0x2e, 0xc0, 0x04, 0xf7, 0x66, 0xf7, 0x00,
    0x00, 0x02, 0xd2, 0x05, 0xf1, 0x00, 0xf7, 0x00,
    0x00, 0x00, 0x00, 0x0b, 0xd0, 0x00, 0xf7, 0x00,
    0x18, 0x88, 0x30, 0x8f, 0x60, 0x00, 0xed, 0xb6,
    0x2f, 0xff, 0x63, 0xf8, 0x00, 0x00, 0x49, 0x95,
    0x00, 0x0f, 0x60, 0x87, 0x77, 0x77, 0x77, 0x40,
    0x00, 0x0f, 0x60, 0xdf, 0xff, 0xff, 0xff, 0xa0,
    0x00, 0x0f, 0x60, 0x1f, 0x70, 0x00, 0x6f, 0x30,
    0x00, 0x0f, 0x60, 0x08, 0xf3, 0x02, 0xfa, 0x00,
    0x00, 0x0f, 0x9d, 0x10, 0xbf, 0x6e, 0xd0, 0x00,
    0x00, 0x1f, 0xfc, 0x10, 0x1e, 0xff, 0x20, 0x00,
    0x00, 0x8f, 0xa0, 0x38, 0xef, 0xbf, 0xf9, 0x40,
    0x00, 0x68, 0x06, 0xfe, 0x82, 0x02, 0x9f, 0xf7,
    0x00, 0x00, 0x00, 0x30, 0x00, 0x00, 0x00, 0x40,

    /* U+8BED "语" */
    0x00, 0x00, 0x00, 0x00, 0x00, 0x00, 0x00, 0x00,
    0x01, 0xe6, 0x05, 0xff, 0xff, 0xff, 0xff, 0xd0,
    0x00, 0x8f, 0x51, 0x55, 0x8f, 0x75, 0x55, 0x40,
    0x00, 0x09, 0xb0, 0x11, 0x7f, 0x21, 0x21, 0x00,
    0x00, 0x00, 0x10, 0xcf, 0xff, 0xff, 0xfd, 0x00,
    0x18, 0x89, 0x30, 0x33, 0xeb, 0x33, 0xcc, 0x00,
    0x1e, 0xef, 0x50, 0x01, 0xf6, 0x00, 0xca, 0x00,
    0x00, 0x0f, 0x5d, 0xee, 0xfe, 0xee, 0xff, 0xe5,
    0x00, 0x0f, 0x56, 0x77, 0x77, 0x77, 0x77, 0x73,
    0x00, 0x0f, 0x50, 0x36, 0x66, 0x66, 0x66, 0x20,
    0x00, 0x0f, 0x50, 0xaf, 0xff, 0xff, 0xff, 0x50,
    0x00, 0x0f, 0x68, 0xac, 0x00, 0x00, 0x2f, 0x50,
    0x00, 0x1f, 0xff, 0xcc, 0x00, 0x00, 0x2f, 0x50,
    0x00, 0x6f, 0xc2, 0xae, 0x55, 0x55, 0x7f, 0x50,
    0x00, 0x39, 0x00, 0xaf, 0xff, 0xff, 0xff, 0x50,
    0x00, 0x00, 0x00, 0x00, 0x00, 0x00, 0x00, 0x00,

    /* U+8D2E "贮" */
    0x00, 0x00, 0x00, 0x00, 0x03, 0xb1, 0x00, 0x00,
    0x0e, 0xff, 0xff, 0x50, 0x03, 0xfa, 0x00, 0x00,
    0x0e, 0x85, 0x5f, 0x50, 0x00, 0xaf, 0x10, 0x00,
    0x0e, 0x41, 0x0e, 0x56, 0x66, 0x9a, 0x66, 0x60,
    0x0e, 0x4e, 0x3e, 0x5f, 0xff, 0xff, 0xff, 0xf1,
    0x0e, 0x4e, 0x3e, 0x5f, 0x70, 0x00, 0x06, 0xf1,
    0x0e, 0x4e, 0x3e, 0x5f, 0x70, 0x00, 0x06, 0xf1,
    0x0e, 0x4e, 0x3e, 0x51, 0x00, 0x00, 0x00, 0x00,
    0x0e, 0x4e, 0x3e, 0x50, 0x00, 0x00, 0x00, 0x00,
    0x0e, 0x4f, 0x2e, 0x50, 0x00, 0x00, 0x00, 0x00,
    0x0c, 0x4f, 0x0b, 0x40, 0x00, 0x00, 0x00, 0x00,
    0x00, 0x6c, 0x61, 0x00, 0x00, 0x00, 0x00, 0x00,
    0x00, 0xd7, 0xcb, 0x07, 0x77, 0x77, 0x77, 0x72,
    0x09, 0xd0, 0x2f, 0x7f, 0xff, 0xff, 0xff, 0xf4,
    0x4e, 0x20, 0x05, 0x30, 0x00, 0x00, 0x00, 0x00,
    0x00, 0x00, 0x00, 0x00, 0x00, 0x00, 0x00, 0x00,

    /* U+8D77 "起" */
    0x00, 0x02, 0xf5, 0x00, 0x00, 0x00, 0x00, 0x00,
    0x00, 0x02, 0xf5, 0x00, 0x9f, 0xff, 0xff, 0x80,
    0x0c, 0xff, 0xff, 0xf9, 0x25, 0x55, 0x5f, 0x80,
    0x05, 0x67, 0xf9, 0x63, 0x00, 0x00, 0x0e, 0x80,
    0x00, 0x02, 0xf5, 0x00, 0x00, 0x00, 0x0e, 0x80,
    0x29, 0x9a, 0xfb, 0x99, 0x37, 0x66, 0x6f, 0x80,
    0x3d, 0xdd, 0xff, 0xdd, 0x7f, 0xff, 0xff, 0x80,
    0x00, 0x00, 0xca, 0x00, 0x7f, 0x00, 0x05, 0x30,
    0x09, 0xd0, 0xcb, 0x33, 0x7f, 0x00, 0x00, 0x00,
    0x09, 0xc0, 0xcf, 0xff, 0x9f, 0x00, 0x00, 0xa3,
    0x0a, 0xe0, 0xca, 0x00, 0x7f, 0x00, 0x01, 0xf5,
    0x0c, 0xf6, 0xca, 0x00, 0x4f, 0xff, 0xff, 0xf1,
    0x0e, 0xef, 0xea, 0x00, 0x03, 0x66, 0x66, 0x20,
    0x1f, 0x5a, 0xfe, 0x97, 0x77, 0x77, 0x77, 0x73,
    0x7f, 0x10, 0x5a, 0xdf, 0xff, 0xff, 0xff, 0xf2,
    0x04, 0x00, 0x00, 0x00, 0x00, 0x00, 0x00, 0x00,

    /* U+8DD1 "跑" */
    0x00, 0x00, 0x00, 0x00, 0x64, 0x00, 0x00, 0x00,
    0x0e, 0xff, 0xff, 0x21, 0xf6, 0x00, 0x00, 0x00,
    0x0e, 0x94, 0x5f, 0x27, 0xff, 0xff, 0xff, 0x60,
    0x0e, 0x60, 0x0f, 0x4f, 0x96, 0x66, 0x6f, 0x70,
    0x0e, 0x94, 0x5f, 0xde, 0x11, 0x11, 0x0f, 0x70,
    0x0e, 0xff, 0xff, 0x8f, 0xff, 0xfe, 0x0f, 0x70,
    0x00, 0x0a, 0xb0, 0x1f, 0x62, 0x7e, 0x0f, 0x60,
    0x09, 0x2a, 0xb0, 0x1f, 0x40, 0x5e, 0x0f, 0x60,
    0x0f, 0x4a, 0xfe, 0x1f, 0x51, 0x6e, 0x0f, 0x60,
    0x0f, 0x4a, 0xe8, 0x1f, 0xff, 0xfe, 0x2f, 0x50,
    0x0f, 0x4a, 0xb0, 0x1f, 0x62, 0x2e, 0xef, 0x20,
    0x0f, 0x4a, 0xb1, 0x2f, 0x40, 0x04, 0x63, 0x00,
    0x0f, 0x8d, 0xff, 0x6f, 0x40, 0x00, 0x00, 0xb2,
    0x9f, 0xfc, 0x73, 0x0f, 0x94, 0x44, 0x46, 0xf3,
    0x34, 0x00, 0x00, 0x08, 0xef, 0xff, 0xff, 0xa0,

    /* U+8EAB "身" */
    0x00, 0x00, 0x00, 0x07, 0x50, 0x00, 0x00, 0x00,
    0x00, 0x00, 0x00, 0x2f, 0x80, 0x00, 0x00, 0x00,
    0x00, 0x0a, 0xff, 0xff, 0xff, 0xff, 0x70, 0x00,
    0x00, 0x0b, 0xd5, 0x55, 0x55, 0x5f, 0x70, 0x00,
    0x00, 0x0b, 0xd3, 0x33, 0x33, 0x3f, 0x70, 0x00,
    0x00, 0x0b, 0xfe, 0xee, 0xee, 0xef, 0x70, 0x00,
    0x00, 0x0b, 0xc1, 0x11, 0x11, 0x1f, 0x79, 0xb0,
    0x00, 0x0b, 0xff, 0xff, 0xff, 0xff, 0xdf, 0x60,
    0x00, 0x0b, 0xc0, 0x00, 0x00, 0x0f, 0xf8, 0x00,
    0x0a, 0xcf, 0xfc, 0xcc, 0xcc, 0xdf, 0xa0, 0x00,
    0x06, 0x88, 0x88, 0x88, 0xbf, 0xff, 0x70, 0x00,
    0x00, 0x00, 0x00, 0x19, 0xfc, 0x2f, 0x70, 0x00,
    0x00, 0x00, 0x39, 0xfe, 0x60, 0x0f, 0x70, 0x00,
    0x03, 0x8d, 0xfd, 0x60, 0x76, 0x7f, 0x70, 0x00,
    0x0d, 0xe9, 0x40, 0x00, 0xbf, 0xfc, 0x20, 0x00,
    0x01, 0x00, 0x00, 0x00, 0x00, 0x00, 0x00, 0x00,

    /* U+8F6C "转" */
    0x00, 0x09, 0x50, 0x00, 0x00, 0x3a, 0x20, 0x00,
    0x00, 0x0f, 0x70, 0x00, 0x00, 0x7f, 0x10, 0x00,
    0x2f, 0xff, 0xff, 0xd8, 0xff, 0xff, 0xff, 0xf0,
    0x17, 0xce, 0x77, 0x64, 0x78, 0xfc, 0x77, 0x70,
    0x00, 0xc9, 0x20, 0x00, 0x04, 0xf5, 0x00, 0x00,
    0x02, 0xf5, 0xf5, 0x07, 0x7b, 0xf9, 0x77, 0x74,
    0x08, 0xc2, 0xf5, 0x0e, 0xef, 0xfe, 0xee, 0xe8,
    0x0f, 0xb9, 0xfb, 0x70, 0x1f, 0x80, 0x00, 0x00,
    0x0b, 0xdd, 0xfe, 0xb0, 0x6f, 0xa7, 0x77, 0x50,
    0x00, 0x02, 0xf5, 0x00, 0xaf, 0xff, 0xff, 0xb0,
    0x00, 0x03, 0xfa, 0x81, 0x00, 0x00, 0xce, 0x10,
    0x2d, 0xff, 0xfe, 0xa1, 0x2b, 0x59, 0xf3, 0x00,
    0x08, 0x55, 0xf5, 0x00, 0x19, 0xff, 0x70, 0x00,
    0x00, 0x02, 0xf5, 0x00, 0x00, 0x3d, 0xf7, 0x00,
    0x00, 0x02, 0xf5, 0x00, 0x00, 0x00, 0x9a, 0x00,
    0x00, 0x00, 0x00, 0x00, 0x00, 0x00, 0x00, 0x00,

    /* U+8F74 "轴" */
    0x00, 0x0e, 0x60, 0x00, 0x00, 0x7f, 0x10, 0x00,
    0x00, 0x2f, 0x50, 0x00, 0x00, 0x7f, 0x10, 0x00,
    0x1f, 0xff, 0xff, 0xd0, 0x00, 0x7f, 0x10, 0x00,
    0x0a, 0xee, 0xaa, 0x80, 0x11, 0x7f, 0x21, 0x10,
    0x00, 0xe7, 0x21, 0x07, 0xff, 0xff, 0xff, 0xf2,
    0x03, 0xf2, 0xf6, 0x07, 0xe4, 0x9f, 0x47, 0xf2,
    0x0a, 0xb0, 0xf6, 0x07, 0xe0, 0x6f, 0x04, 0xf2,
    0x0f, 0xc9, 0xfc, 0x87, 0xe0, 0x6f, 0x04, 0xf2,
    0x0a, 0xdd, 0xfe, 0xb7, 0xf6, 0xaf, 0x69, 0xf2,
    0x00, 0x00, 0xf6, 0x07, 0xff, 0xff, 0xff, 0xf2,
    0x00, 0x01, 0xfa, 0x77, 0xe0, 0x6f, 0x04, 0xf2,
    0x2c, 0xef, 0xfe, 0xb7, 0xe0, 0x6f, 0x04, 0xf2,
    0x09, 0x74, 0xf6, 0x07, 0xe0, 0x6f, 0x04, 0xf2,
    0x00, 0x00, 0xf6, 0x07, 0xfe, 0xff, 0xef, 0xf2,
    0x00, 0x00, 0xf6, 0x07, 0xf7, 0x77, 0x79, 0xf2,
    0x00, 0x00, 0x00, 0x00, 0x10, 0x00, 0x00, 0x00,

    /* U+8FDB "进" */
    0x00, 0x00, 0x00, 0x00, 0x00, 0x00, 0x00, 0x00,
    0x06, 0xc0, 0x00, 0x07, 0xf1, 0x08, 0xe0, 0x00,
    0x03, 0xfc, 0x00, 0x07, 0xf1, 0x09, 0xe0, 0x00,
    0x00, 0x3f, 0x84, 0x8b, 0xf8, 0x8c, 0xf8, 0x70,
    0x00, 0x03, 0x08, 0xff, 0xff, 0xff, 0xff, 0xd0,
    0x00, 0x00, 0x00, 0x07, 0xf1, 0x09, 0xe0, 0x00,
    0x29, 0x99, 0x20, 0x07, 0xf1, 0x09, 0xe0, 0x00,
    0x3d, 0xdf, 0x45, 0x8b, 0xf8, 0x8c, 0xf8, 0x81,
    0x00, 0x3f, 0x49, 0xff, 0xff, 0xff, 0xff, 0xf3,
    0x00, 0x3f, 0x40, 0x0c, 0xb0, 0x09, 0xe0, 0x00,
    0x00, 0x3f, 0x40, 0x3f, 0x70, 0x09, 0xe0, 0x00,
    0x00, 0x3f, 0x41, 0xde, 0x00, 0x09, 0xe0, 0x00,
    0x01, 0xbf, 0xa1, 0xb3, 0x00, 0x07, 0xc0, 0x00,
    0x2e, 0xe6, 0xde, 0x97, 0x55, 0x56, 0x67, 0x84,
    0x1e, 0x20, 0x06, 0xcf, 0xff, 0xff, 0xff, 0xe3,
    0x01, 0x00, 0x00, 0x00, 0x01, 0x00, 0x00, 0x00,

    /* U+9010 "逐" */
    0x00, 0x00, 0x00, 0x00, 0x00, 0x00, 0x00, 0x00,
    0x0c, 0xb0, 0x1f, 0xff, 0xff, 0xff, 0xff, 0xf0,
    0x04, 0xfb, 0x04, 0x44, 0xbf, 0x74, 0x44, 0x30,
    0x00, 0x6f, 0x20, 0x2b, 0xfb, 0x00, 0x06, 0x10,
    0x00, 0x01, 0x29, 0xfd, 0x6f, 0x60, 0x7f, 0x70,
    0x00, 0x00, 0x1c, 0x70, 0x5f, 0xf8, 0xf6, 0x00,
    0x4f, 0xff, 0x10, 0x1a, 0xf5, 0xef, 0x60, 0x00,
    0x27, 0xaf, 0x19, 0xfb, 0x23, 0xff, 0xe3, 0x00,
    0x00, 0x5f, 0x14, 0x40, 0x5f, 0xdf, 0xcf, 0x30,
    0x00, 0x5f, 0x10, 0x2b, 0xf6, 0x6f, 0x1c, 0xe1,
    0x00, 0x5f, 0x3b, 0xfc, 0x20, 0x9e, 0x01, 0x80,
    0x00, 0x5f, 0x18, 0x40, 0x77, 0xf9, 0x00, 0x00,
    0x01, 0xbf, 0xb2, 0x00, 0xce, 0xa1, 0x00, 0x00,
    0x2e, 0xd5, 0xbf, 0xb8, 0x76, 0x67, 0x88, 0xa4,
    0x1d, 0x10, 0x04, 0x9c, 0xee, 0xee, 0xdd, 0xc2,
    0x00, 0x00, 0x00, 0x00, 0x00, 0x00, 0x00, 0x00,

    /* U+901A "通" */
    0x00, 0x00, 0x00, 0x00, 0x00, 0x00, 0x00, 0x00,
    0x08, 0x70, 0x05, 0xff, 0xff, 0xff, 0xff, 0x60,
    0x08, 0xf8, 0x01, 0x26, 0x83, 0x28, 0xfb, 0x00,
    0x00, 0x7f, 0x60, 0x06, 0xee, 0xcf, 0x60, 0x00,
    0x00, 0x06, 0x13, 0x77, 0x8d, 0xff, 0x97, 0x50,
    0x00, 0x00, 0x06, 0xfa, 0xac, 0xfa, 0xae, 0xc0,
    0x27, 0x77, 0x16, 0xf3, 0x38, 0xf3, 0x3c, 0xc0,
    0x5f, 0xff, 0x36, 0xfe, 0xef, 0xfe, 0xef, 0xc0,
    0x00, 0x3f, 0x36, 0xf0, 0x07, 0xe0, 0x0b, 0xc0,
    0x00, 0x3f, 0x36, 0xff, 0xff, 0xff, 0xff, 0xc0,
    0x00, 0x3f, 0x36, 0xf2, 0x28, 0xf2, 0x2c, 0xc0,
    0x00, 0x3f, 0x36, 0xf0, 0x07, 0xe1, 0x3c, 0xb0,
    0x00, 0x9f, 0x86, 0xf0, 0x06, 0xd2, 0xfe, 0x60,
    0x1c, 0xe6, 0xdd, 0x75, 0x33, 0x34, 0x55, 0x63,
    0x2e, 0x20, 0x07, 0xcf, 0xff, 0xff, 0xff, 0xf3,
    0x01, 0x00, 0x00, 0x00, 0x01, 0x00, 0x00, 0x00,

    /* U+9192 "醒" */
    0x00, 0x00, 0x00, 0x00, 0x00, 0x00, 0x00, 0x00,
    0x6f, 0xff, 0xff, 0xf6, 0xef, 0xff, 0xff, 0x70,
    0x14, 0x99, 0xd7, 0x41, 0xe8, 0x22, 0x2e, 0x70,
    0x00, 0x77, 0xd4, 0x00, 0xee, 0xcc, 0xcf, 0x70,
    0x2d, 0xee, 0xfd, 0xd3, 0xe9, 0x44, 0x4f, 0x70,
    0x2f, 0x9b, 0xe7, 0xf4, 0xe8, 0x44, 0x4f, 0x70,
    0x2f, 0x47, 0xd0, 0xf4, 0xef, 0xff, 0xff, 0x60,
    0x2f, 0x57, 0xd0, 0xf4, 0x58, 0x2b, 0x10, 0x00,
    0x2f, 0x93, 0xd6, 0xf4, 0xcb, 0x8f, 0x76, 0x50,
    0x2f, 0x90, 0x37, 0xf8, 0xfd, 0xdf, 0xdd, 0xb0,
    0x2f, 0x77, 0x77, 0xfc, 0x61, 0x4f, 0x21, 0x00,
    0x2f, 0xaa, 0xaa, 0xf4, 0xbf, 0xff, 0xff, 0x60,
    0x2f, 0x22, 0x22, 0xf4, 0x12, 0x5f, 0x42, 0x00,
    0x2f, 0xff, 0xff, 0xf7, 0x88, 0xaf, 0x88, 0x82,
    0x2f, 0x00, 0x00, 0xf9, 0xee, 0xee, 0xee, 0xe4,

    /* U+91CD "重" */
    0x00, 0x00, 0x01, 0x12, 0x45, 0x78, 0xa0, 0x00,
    0x00, 0xcf, 0xff, 0xff, 0xff, 0xff, 0xf6, 0x00,
    0x00, 0x7b, 0xa9, 0x9f, 0xc5, 0x42, 0x00, 0x00,
    0x2a, 0xaa, 0xaa, 0xaf, 0xda, 0xaa, 0xaa, 0xa0,
    0x16, 0x66, 0x66, 0x6f, 0xc6, 0x66, 0x66, 0x60,
    0x00, 0x6d, 0xdd, 0xdf, 0xfd, 0xdd, 0xd8, 0x00,
    0x00, 0x8f, 0x33, 0x3f, 0xa3, 0x33, 0xf9, 0x00,
    0x00, 0x8f, 0xdd, 0xdf, 0xfd, 0xdd, 0xf9, 0x00,
    0x00, 0x8f, 0x22, 0x2f, 0xa2, 0x22, 0xe9, 0x00,
    0x00, 0x8f, 0xee, 0xef, 0xfe, 0xee, 0xf9, 0x00,
    0x00, 0x12, 0x22, 0x2f, 0xa2, 0x22, 0x21, 0x00,
    0x01, 0xee, 0xee, 0xef, 0xfe, 0xee, 0xee, 0x10,
    0x00, 0x44, 0x44, 0x4f, 0xb4, 0x44, 0x44, 0x00,
    0x29, 0x99, 0x99, 0x9f, 0xd9, 0x99, 0x99, 0x91,
    0x3a, 0xaa, 0xaa, 0xaa, 0xaa, 0xaa, 0xaa, 0xa1,

    /* U+95EA "闪" */
    0x05, 0x10, 0x00, 0x00, 0x00, 0x00, 0x00, 0x1d,
    0xc0, 0x6f, 0xff, 0xff, 0xff, 0xf9, 0x02, 0xeb,
    0x37, 0x77, 0x77, 0x77, 0xf9, 0x32, 0x4c, 0x10,
    0x34, 0x00, 0x00, 0xe9, 0xe9, 0x00, 0x00, 0xbd,
    0x00, 0x00, 0xe9, 0xe9, 0x00, 0x00, 0xf9, 0x00,
    0x00, 0xe9, 0xe9, 0x00, 0x05, 0xf7, 0x00, 0x00,
    0xe9, 0xe9, 0x00, 0x0c, 0xff, 0x40, 0x00, 0xe9,
    0xe9, 0x00, 0x5f, 0x6b, 0xf4, 0x00, 0xe9, 0xe9,
    0x02, 0xfc, 0x01, 0xdf, 0x20, 0xe9, 0xe9, 0x4e,
    0xe2, 0x00, 0x2f, 0xd0, 0xe9, 0xe9, 0x3e, 0x30,
    0x00, 0x05, 0x90, 0xe9, 0xe9, 0x00, 0x00, 0x00,
    0x00, 0x00, 0xe9, 0xe9, 0x00, 0x00, 0x00, 0x05,
    0x77, 0xf9, 0xe9, 0x00, 0x00, 0x00, 0x05, 0xff,
    0xd3, 0x00, 0x00, 0x00, 0x00, 0x00, 0x00, 0x00,

    /* U+95ED "闭" */
    0x07, 0x20, 0x00, 0x00, 0x00, 0x00, 0x00, 0x1d,
    0xd1, 0x7f, 0xff, 0xff, 0xff, 0xfb, 0x02, 0xf9,
    0x36, 0x66, 0x66, 0x66, 0xeb, 0x12, 0x51, 0x00,
    0x00, 0x63, 0x00, 0xcb, 0x9e, 0x00, 0x00, 0x00,
    0xf9, 0x00, 0xcb, 0x9e, 0x04, 0x44, 0x44, 0xfa,
    0x42, 0xcb, 0x9e, 0x0f, 0xff, 0xff, 0xff, 0xfa,
    0xcb, 0x9e, 0x02, 0x22, 0x5f, 0xfa, 0x21, 0xcb,
    0x9e, 0x00, 0x01, 0xdd, 0xf9, 0x00, 0xcb, 0x9e,
    0x00, 0x2d, 0xe2, 0xf9, 0x00, 0xcb, 0x9e, 0x06,
    0xfd, 0x20, 0xf9, 0x00, 0xcb, 0x9e, 0x6f, 0xa1,
    0x00, 0xf9, 0x00, 0xcb, 0x9e, 0x03, 0x03, 0x77,
    0xf8, 0x00, 0xcb, 0x9e, 0x00, 0x02, 0xfe, 0xc2,
    0x25, 0xdb, 0x9e, 0x00, 0x00, 0x00, 0x00, 0x3f,
    0xf5, 0x00, 0x00, 0x00, 0x00, 0x00, 0x00, 0x00,

    /* U+9633 "阳" */
    0x00, 0x00, 0x00, 0x00, 0x00, 0x00, 0x00, 0xef,
    0xff, 0xf4, 0xef, 0xff, 0xff, 0xf8, 0xea, 0x5c,
    0xe0, 0xec, 0x66, 0x66, 0xf8, 0xe7, 0x0e, 0x80,
    0xe9, 0x00, 0x00, 0xf8, 0xe7, 0x4f, 0x10, 0xe9,
    0x00, 0x00, 0xf8, 0xe7, 0xbb, 0x00, 0xe9, 0x00,
    0x00, 0xf8, 0xe7, 0x4f, 0x50, 0xea, 0x22, 0x22,
    0xf8, 0xe7, 0x08, 0xe0, 0xef, 0xff, 0xff, 0xf8,
    0xe7, 0x03, 0xf3, 0xeb, 0x44, 0x44, 0xf8, 0xe7,
    0x04, 0xf3, 0xe9, 0x00, 0x00, 0xf8, 0xe8, 0xef,
    0xe0, 0xe9, 0x00, 0x00, 0xf8, 0xe7, 0x55, 0x10,
    0xe9, 0x00, 0x00, 0xf8, 0xe7, 0x00, 0x00, 0xec,
    0x66, 0x66, 0xf8, 0xe7, 0x00, 0x00, 0xef, 0xff,
    0xff, 0xf8, 0xe7, 0x00, 0x00, 0xe9, 0x00, 0x00,
    0xf8, 0x00, 0x00, 0x00, 0x11, 0x00, 0x00, 0x00,

    /* U+97F3 "音" */
    0x00, 0x00, 0x00, 0x08, 0x50, 0x00, 0x00, 0x00,
    0x00, 0x22, 0x22, 0x2d, 0xe2, 0x22, 0x22, 0x00,
    0x04, 0xff, 0xff, 0xff, 0xff, 0xff, 0xff, 0x60,
    0x01, 0x34, 0xc9, 0x33, 0x33, 0x8d, 0x63, 0x10,
    0x00, 0x00, 0xbe, 0x00, 0x00, 0xbe, 0x00, 0x00,
    0x16, 0x66, 0xbf, 0x86, 0x67, 0xfc, 0x66, 0x61,
    0x2f, 0xff, 0xff, 0xff, 0xff, 0xff, 0xff, 0xf2,
    0x00, 0x00, 0x00, 0x00, 0x00, 0x00, 0x00, 0x00,
    0x00, 0x0f, 0xff, 0xff, 0xff, 0xff, 0xf3, 0x00,
    0x00, 0x0f, 0xa5, 0x55, 0x55, 0x58, 0xf3, 0x00,
    0x00, 0x0f, 0x82, 0x22, 0x22, 0x27, 0xf3, 0x00,
    0x00, 0x0f, 0xff, 0xff, 0xff, 0xff, 0xf3, 0x00,
    0x00, 0x0f, 0x70, 0x00, 0x00, 0x05, 0xf3, 0x00,
    0x00, 0x0f, 0xa5, 0x55, 0x55, 0x58, 0xf3, 0x00,
    0x00, 0x0f, 0xff, 0xff, 0xff, 0xff, 0xf3, 0x00,
    0x00, 0x00, 0x00, 0x00, 0x00, 0x00, 0x00, 0x00,

    /* U+9884 "预" */
    0x00, 0x00, 0x00, 0x00, 0x11, 0x11, 0x11, 0x10,
    0x2f, 0xff, 0xff, 0xad, 0xff, 0xff, 0xff, 0xf3,
    0x05, 0x55, 0x8f, 0x53, 0x44, 0xbf, 0x44, 0x40,
    0x01, 0x40, 0xdb, 0x00, 0x11, 0xdb, 0x11, 0x00,
    0x06, 0xfe, 0xd1, 0x04, 0xff, 0xff, 0xff, 0x90,
    0x00, 0x4e, 0xe4, 0x04, 0xf5, 0x44, 0x4e, 0x90,
    0x49, 0x9a, 0xfd, 0x96, 0xf1, 0x79, 0x0e, 0x90,
    0x5c, 0xcf, 0xed, 0xf5, 0xf1, 0xac, 0x0e, 0x90,
    0x00, 0x0f, 0x86, 0xc4, 0xf1, 0xac, 0x0e, 0x90,
    0x00, 0x0f, 0x8b, 0x74, 0xf1, 0xac, 0x0e, 0x90,
    0x00, 0x0f, 0x81, 0x04, 0xf1, 0xda, 0x0e, 0x90,
    0x00, 0x0f, 0x80, 0x02, 0x94, 0xf6, 0x17, 0x40,
    0x00, 0x0f, 0x80, 0x00, 0x2d, 0xd5, 0xf6, 0x00,
    0x05, 0x6f, 0x80, 0x18, 0xfc, 0x10, 0x8f, 0x90,
    0x0a, 0xfd, 0x30, 0x2d, 0x60, 0x00, 0x06, 0xb0,
    0x00, 0x00, 0x00, 0x00, 0x00, 0x00, 0x00, 0x00,

    /* U+9AA4 "骤" */
    0x01, 0x11, 0x20, 0x00, 0x00, 0x00, 0x00, 0x00,
    0x1f, 0xff, 0xf8, 0xcf, 0xce, 0xe8, 0xff, 0xf0,
    0x03, 0x33, 0xd7, 0x3f, 0x6c, 0x72, 0x27, 0xd0,
    0x02, 0x40, 0xd6, 0x3f, 0xae, 0x78, 0xcc, 0x70,
    0x07, 0xc0, 0xe5, 0x3f, 0xdf, 0x70, 0xcf, 0x20,
    0x08, 0xb0, 0xf4, 0x3e, 0x3c, 0xb3, 0xfe, 0xa0,
    0x09, 0xa1, 0xf3, 0xef, 0xde, 0xbc, 0x91, 0xd1,
    0x0b, 0xa6, 0xf4, 0x20, 0x08, 0x87, 0x98, 0x00,
    0x0d, 0xff, 0xff, 0x2f, 0xff, 0xfc, 0x85, 0x10,
    0x00, 0x00, 0x3f, 0x01, 0x74, 0xf5, 0x08, 0x70,
    0x01, 0x48, 0x7e, 0x3c, 0xd3, 0xfb, 0xdc, 0x30,
    0x6f, 0xea, 0x8d, 0x59, 0x37, 0xff, 0xc0, 0x00,
    0x12, 0x00, 0x8b, 0x05, 0xe9, 0xf7, 0xdc, 0x40,
    0x00, 0x33, 0xd8, 0x9f, 0x60, 0xf5, 0x19, 0xe1,
    0x00, 0xbf, 0xd2, 0x11, 0x00, 0xf5, 0x00, 0x00
};

/*---------------------
 *  GLYPH DESCRIPTION
 *--------------------*/

static const lv_font_fmt_txt_glyph_dsc_t glyph_dsc[] = {
    {.bitmap_index = 0, .adv_w = 0, .box_w = 0, .box_h = 0, .ofs_x = 0, .ofs_y = 0} /* id = 0 reserved */,
    {.bitmap_index = 0, .adv_w = 58, .box_w = 0, .box_h = 0, .ofs_x = 0, .ofs_y = 0},
    {.bitmap_index = 0, .adv_w = 88, .box_w = 3, .box_h = 12, .ofs_x = 1, .ofs_y = 0},
    {.bitmap_index = 18, .adv_w = 133, .box_w = 6, .box_h = 6, .ofs_x = 1, .ofs_y = 7},
    {.bitmap_index = 36, .adv_w = 146, .box_w = 9, .box_h = 12, .ofs_x = 0, .ofs_y = 0},
    {.bitmap_index = 90, .adv_w = 146, .box_w = 9, .box_h = 16, .ofs_x = 0, .ofs_y = -2},
    {.bitmap_index = 162, .adv_w = 240, .box_w = 15, .box_h = 12, .ofs_x = 0, .ofs_y = 0},
    {.bitmap_index = 252, .adv_w = 181, .box_w = 12, .box_h = 12, .ofs_x = 0, .ofs_y = 0},
    {.bitmap_index = 324, .adv_w = 76, .box_w = 3, .box_h = 6, .ofs_x = 1, .ofs_y = 7},
    {.bitmap_index = 333, .adv_w = 91, .box_w = 4, .box_h = 18, .ofs_x = 1, .ofs_y = -4},
    {.bitmap_index = 369, .adv_w = 91, .box_w = 5, .box_h = 18, .ofs_x = 0, .ofs_y = -4},
    {.bitmap_index = 414, .adv_w = 124, .box_w = 7, .box_h = 6, .ofs_x = 0, .ofs_y = 7},
    {.bitmap_index = 435, .adv_w = 146, .box_w = 9, .box_h = 9, .ofs_x = 0, .ofs_y = 2},
    {.bitmap_index = 476, .adv_w = 76, .box_w = 4, .box_h = 7, .ofs_x = 0, .ofs_y = -4},
    {.bitmap_index = 490, .adv_w = 91, .box_w = 5, .box_h = 3, .ofs_x = 0, .ofs_y = 3},
    {.bitmap_index = 498, .adv_w = 76, .box_w = 3, .box_h = 3, .ofs_x = 1, .ofs_y = 0},
    {.bitmap_index = 503, .adv_w = 100, .box_w = 6, .box_h = 16, .ofs_x = 0, .ofs_y = -3},
    {.bitmap_index = 551, .adv_w = 146, .box_w = 9, .box_h = 12, .ofs_x = 0, .ofs_y = 0},
    {.bitmap_index = 605, .adv_w = 146, .box_w = 8, .box_h = 12, .ofs_x = 1, .ofs_y = 0},
    {.bitmap_index = 653, .adv_w = 146, .box_w = 9, .box_h = 12, .ofs_x = 0, .ofs_y = 0},
    {.bitmap_index = 707, .adv_w = 146, .box_w = 9, .box_h = 12, .ofs_x = 0, .ofs_y = 0},
    {.bitmap_index = 761, .adv_w = 146, .box_w = 9, .box_h = 12, .ofs_x = 0, .ofs_y = 0},
    {.bitmap_index = 815, .adv_w = 146, .box_w = 9, .box_h = 12, .ofs_x = 0, .ofs_y = 0},
    {.bitmap_index = 869, .adv_w = 146, .box_w = 9, .box_h = 12, .ofs_x = 0, .ofs_y = 0},
    {.bitmap_index = 923, .adv_w = 146, .box_w = 9, .box_h = 12, .ofs_x = 0, .ofs_y = 0},
    {.bitmap_index = 977, .adv_w = 146, .box_w = 9, .box_h = 12, .ofs_x = 0, .ofs_y = 0},
    {.bitmap_index = 1031, .adv_w = 146, .box_w = 9, .box_h = 12, .ofs_x = 0, .ofs_y = 0},
    {.bitmap_index = 1085, .adv_w = 76, .box_w = 3, .box_h = 9, .ofs_x = 1, .ofs_y = 0},
    {.bitmap_index = 1099, .adv_w = 76, .box_w = 4, .box_h = 13, .ofs_x = 0, .ofs_y = -4},
    {.bitmap_index = 1125, .adv_w = 146, .box_w = 9, .box_h = 8, .ofs_x = 0, .ofs_y = 2},
    {.bitmap_index = 1161, .adv_w = 146, .box_w = 9, .box_h = 6, .ofs_x = 0, .ofs_y = 3},
    {.bitmap_index = 1188, .adv_w = 146, .box_w = 9, .box_h = 8, .ofs_x = 0, .ofs_y = 2},
    {.bitmap_index = 1224, .adv_w = 126, .box_w = 8, .box_h = 12, .ofs_x = 0, .ofs_y = 0},
    {.bitmap_index = 1272, .adv_w = 249, .box_w = 15, .box_h = 15, .ofs_x = 0, .ofs_y = -3},
    {.bitmap_index = 1385, .adv_w = 159, .box_w = 10, .box_h = 12, .ofs_x = 0, .ofs_y = 0},
    {.bitmap_index = 1445, .adv_w = 171, .box_w = 9, .box_h = 12, .ofs_x = 1, .ofs_y = 0},
    {.bitmap_index = 1499, .adv_w = 165, .box_w = 10, .box_h = 12, .ofs_x = 0, .ofs_y = 0},
    {.bitmap_index = 1559, .adv_w = 179, .box_w = 10, .box_h = 12, .ofs_x = 1, .ofs_y = 0},
    {.bitmap_index = 1619, .adv_w = 154, .box_w = 8, .box_h = 12, .ofs_x = 1, .ofs_y = 0},
    {.bitmap_index = 1667, .adv_w = 145, .box_w = 8, .box_h = 12, .ofs_x = 1, .ofs_y = 0},
    {.bitmap_index = 1715, .adv_w = 179, .box_w = 11, .box_h = 12, .ofs_x = 0, .ofs_y = 0},
    {.bitmap_index = 1781, .adv_w = 190, .box_w = 10, .box_h = 12, .ofs_x = 1, .ofs_y = 0},
    {.bitmap_index = 1841, .adv_w = 79, .box_w = 3, .box_h = 12, .ofs_x = 1, .ofs_y = 0},
    {.bitmap_index = 1859, .adv_w = 141, .box_w = 8, .box_h = 12, .ofs_x = 0, .ofs_y = 0},
    {.bitmap_index = 1907, .adv_w = 170, .box_w = 10, .box_h = 12, .ofs_x = 1, .ofs_y = 0},
    {.bitmap_index = 1967, .adv_w = 143, .box_w = 8, .box_h = 12, .ofs_x = 1, .ofs_y = 0},
    {.bitmap_index = 2015, .adv_w = 212, .box_w = 11, .box_h = 12, .ofs_x = 1, .ofs_y = 0},
    {.bitmap_index = 2081, .adv_w = 188, .box_w = 10, .box_h = 12, .ofs_x = 1, .ofs_y = 0},
    {.bitmap_index = 2141, .adv_w = 193, .box_w = 12, .box_h = 12, .ofs_x = 0, .ofs_y = 0},
    {.bitmap_index = 2213, .adv_w = 166, .box_w = 9, .box_h = 12, .ofs_x = 1, .ofs_y = 0},
    {.bitmap_index = 2267, .adv_w = 193, .box_w = 12, .box_h = 15, .ofs_x = 0, .ofs_y = -3},
    {.bitmap_index = 2357, .adv_w = 168, .box_w = 10, .box_h = 12, .ofs_x = 1, .ofs_y = 0},
    {.bitmap_index = 2417, .adv_w = 156, .box_w = 10, .box_h = 12, .ofs_x = 0, .ofs_y = 0},
    {.bitmap_index = 2477, .adv_w = 156, .box_w = 10, .box_h = 12, .ofs_x = 0, .ofs_y = 0},
    {.bitmap_index = 2537, .adv_w = 188, .box_w = 10, .box_h = 12, .ofs_x = 1, .ofs_y = 0},
    {.bitmap_index = 2597, .adv_w = 152, .box_w = 11, .box_h = 12, .ofs_x = -1, .ofs_y = 0},
    {.bitmap_index = 2663, .adv_w = 229, .box_w = 14, .box_h = 12, .ofs_x = 0, .ofs_y = 0},
    {.bitmap_index = 2747, .adv_w = 153, .box_w = 10, .box_h = 12, .ofs_x = 0, .ofs_y = 0},
    {.bitmap_index = 2807, .adv_w = 142, .box_w = 10, .box_h = 12, .ofs_x = -1, .ofs_y = 0},
    {.bitmap_index = 2867, .adv_w = 155, .box_w = 10, .box_h = 12, .ofs_x = 0, .ofs_y = 0},
    {.bitmap_index = 2927, .adv_w = 91, .box_w = 5, .box_h = 16, .ofs_x = 1, .ofs_y = -3},
    {.bitmap_index = 2967, .adv_w = 100, .box_w = 7, .box_h = 16, .ofs_x = 0, .ofs_y = -3},
    {.bitmap_index = 3023, .adv_w = 91, .box_w = 5, .box_h = 16, .ofs_x = 0, .ofs_y = -3},
    {.bitmap_index = 3063, .adv_w = 146, .box_w = 8, .box_h = 7, .ofs_x = 1, .ofs_y = 5},
    {.bitmap_index = 3091, .adv_w = 144, .box_w = 9, .box_h = 2, .ofs_x = 0, .ofs_y = -3},
    {.bitmap_index = 3100, .adv_w = 157, .box_w = 4, .box_h = 5, .ofs_x = 2, .ofs_y = 10},
    {.bitmap_index = 3110, .adv_w = 147, .box_w = 8, .box_h = 9, .ofs_x = 0, .ofs_y = 0},
    {.bitmap_index = 3146, .adv_w = 161, .box_w = 9, .box_h = 13, .ofs_x = 1, .ofs_y = 0},
    {.bitmap_index = 3205, .adv_w = 132, .box_w = 8, .box_h = 9, .ofs_x = 0, .ofs_y = 0},
    {.bitmap_index = 3241, .adv_w = 161, .box_w = 9, .box_h = 13, .ofs_x = 0, .ofs_y = 0},
    {.bitmap_index = 3300, .adv_w = 145, .box_w = 9, .box_h = 9, .ofs_x = 0, .ofs_y = 0},
    {.bitmap_index = 3341, .adv_w = 89, .box_w = 7, .box_h = 13, .ofs_x = 0, .ofs_y = 0},
    {.bitmap_index = 3387, .adv_w = 148, .box_w = 10, .box_h = 13, .ofs_x = 0, .ofs_y = -4},
    {.bitmap_index = 3452, .adv_w = 159, .box_w = 8, .box_h = 13, .ofs_x = 1, .ofs_y = 0},
    {.bitmap_index = 3504, .adv_w = 74, .box_w = 3, .box_h = 13, .ofs_x = 1, .ofs_y = 0},
    {.bitmap_index = 3524, .adv_w = 74, .box_w = 5, .box_h = 17, .ofs_x = -1, .ofs_y = -4},
    {.bitmap_index = 3567, .adv_w = 147, .box_w = 9, .box_h = 13, .ofs_x = 1, .ofs_y = 0},
    {.bitmap_index = 3626, .adv_w = 76, .box_w = 4, .box_h = 13, .ofs_x = 1, .ofs_y = 0},
    {.bitmap_index = 3652, .adv_w = 241, .box_w = 13, .box_h = 9, .ofs_x = 1, .ofs_y = 0},
    {.bitmap_index = 3711, .adv_w = 160, .box_w = 8, .box_h = 9, .ofs_x = 1, .ofs_y = 0},
    {.bitmap_index = 3747, .adv_w = 157, .box_w = 10, .box_h = 9, .ofs_x = 0, .ofs_y = 0},
    {.bitmap_index = 3792, .adv_w = 161, .box_w = 9, .box_h = 13, .ofs_x = 1, .ofs_y = -4},
    {.bitmap_index = 3851, .adv_w = 161, .box_w = 9, .box_h = 13, .ofs_x = 0, .ofs_y = -4},
    {.bitmap_index = 3910, .adv_w = 105, .box_w = 6, .box_h = 10, .ofs_x = 1, .ofs_y = 0},
    {.bitmap_index = 3940, .adv_w = 123, .box_w = 8, .box_h = 9, .ofs_x = 0, .ofs_y = 0},
    {.bitmap_index = 3976, .adv_w = 101, .box_w = 7, .box_h = 12, .ofs_x = 0, .ofs_y = 0},
    {.bitmap_index = 4018, .adv_w = 159, .box_w = 8, .box_h = 9, .ofs_x = 1, .ofs_y = 0},
    {.bitmap_index = 4054, .adv_w = 140, .box_w = 9, .box_h = 9, .ofs_x = 0, .ofs_y = 0},
    {.bitmap_index = 4095, .adv_w = 212, .box_w = 13, .box_h = 9, .ofs_x = 0, .ofs_y = 0},
    {.bitmap_index = 4154, .adv_w = 135, .box_w = 9, .box_h = 9, .ofs_x = 0, .ofs_y = 0},
    {.bitmap_index = 4195, .adv_w = 139, .box_w = 9, .box_h = 13, .ofs_x = 0, .ofs_y = -4},
    {.bitmap_index = 4254, .adv_w = 126, .box_w = 8, .box_h = 9, .ofs_x = 0, .ofs_y = 0},
    {.bitmap_index = 4290, .adv_w = 91, .box_w = 6, .box_h = 16, .ofs_x = 0, .ofs_y = -3},
    {.bitmap_index = 4338, .adv_w = 72, .box_w = 2, .box_h = 18, .ofs_x = 1, .ofs_y = -4},
    {.bitmap_index = 4356, .adv_w = 91, .box_w = 6, .box_h = 16, .ofs_x = 0, .ofs_y = -3},
    {.bitmap_index = 4404, .adv_w = 146, .box_w = 9, .box_h = 4, .ofs_x = 0, .ofs_y = 4},
    {.bitmap_index = 4422, .adv_w = 256, .box_w = 16, .box_h = 3, .ofs_x = 0, .ofs_y = 5},
    {.bitmap_index = 4446, .adv_w = 256, .box_w = 16, .box_h = 15, .ofs_x = 0, .ofs_y = -1},
    {.bitmap_index = 4566, .adv_w = 256, .box_w = 14, .box_h = 13, .ofs_x = 1, .ofs_y = -1},
    {.bitmap_index = 4657, .adv_w = 256, .box_w = 16, .box_h = 15, .ofs_x = 0, .ofs_y = -1},
    {.bitmap_index = 4777, .adv_w = 256, .box_w = 16, .box_h = 16, .ofs_x = 0, .ofs_y = -2},
    {.bitmap_index = 4905, .adv_w = 256, .box_w = 16, .box_h = 12, .ofs_x = 0, .ofs_y = 0},
    {.bitmap_index = 5001, .adv_w = 256, .box_w = 16, .box_h = 15, .ofs_x = 0, .ofs_y = -2},
    {.bitmap_index = 5121, .adv_w = 256, .box_w = 16, .box_h = 15, .ofs_x = 0, .ofs_y = -2},
    {.bitmap_index = 5241, .adv_w = 256, .box_w = 16, .box_h = 13, .ofs_x = 0, .ofs_y = -1},
    {.bitmap_index = 5345, .adv_w = 256, .box_w = 16, .box_h = 16, .ofs_x = 0, .ofs_y = -2},
    {.bitmap_index = 5473, .adv_w = 256, .box_w = 16, .box_h = 16, .ofs_x = 0, .ofs_y = -1},
    {.bitmap_index = 5601, .adv_w = 256, .box_w = 16, .box_h = 16, .ofs_x = 0, .ofs_y = -2},
    {.bitmap_index = 5729, .adv_w = 256, .box_w = 16, .box_h = 16, .ofs_x = 0, .ofs_y = -2},
    {.bitmap_index = 5857, .adv_w = 256, .box_w = 16, .box_h = 16, .ofs_x = 0, .ofs_y = -2},
    {.bitmap_index = 5985, .adv_w = 256, .box_w = 16, .box_h = 16, .ofs_x = 0, .ofs_y = -2},
    {.bitmap_index = 6113, .adv_w = 256, .box_w = 16, .box_h = 15, .ofs_x = 0, .ofs_y = -2},
    {.bitmap_index = 6233, .adv_w = 256, .box_w = 16, .box_h = 16, .ofs_x = 0, .ofs_y = -2},
    {.bitmap_index = 6361, .adv_w = 256, .box_w = 16, .box_h = 16, .ofs_x = 0, .ofs_y = -2},
    {.bitmap_index = 6489, .adv_w = 256, .box_w = 14, .box_h = 15, .ofs_x = 1, .ofs_y = -1},
    {.bitmap_index = 6594, .adv_w = 256, .box_w = 14, .box_h = 15, .ofs_x = 1, .ofs_y = -1},
    {.bitmap_index = 6699, .adv_w = 256, .box_w = 16, .box_h = 16, .ofs_x = 0, .ofs_y = -2},
    {.bitmap_index = 6827, .adv_w = 256, .box_w = 15, .box_h = 16, .ofs_x = 0, .ofs_y = -2},
    {.bitmap_index = 6947, .adv_w = 256, .box_w = 16, .box_h = 15, .ofs_x = 0, .ofs_y = -1},
    {.bitmap_index = 7067, .adv_w = 256, .box_w = 16, .box_h = 15, .ofs_x = 0, .ofs_y = -1},
    {.bitmap_index = 7187, .adv_w = 256, .box_w = 16, .box_h = 15, .ofs_x = 0, .ofs_y = -1},
    {.bitmap_index = 7307, .adv_w = 256, .box_w = 16, .box_h = 15, .ofs_x = 0, .ofs_y = -2},
    {.bitmap_index = 7427, .adv_w = 256, .box_w = 16, .box_h = 15, .ofs_x = 0, .ofs_y = -2},
    {.bitmap_index = 7547, .adv_w = 256, .box_w = 15, .box_h = 15, .ofs_x = 1, .ofs_y = -2},
    {.bitmap_index = 7660, .adv_w = 256, .box_w = 15, .box_h = 16, .ofs_x = 0, .ofs_y = -2},
    {.bitmap_index = 7780, .adv_w = 256, .box_w = 15, .box_h = 15, .ofs_x = 0, .ofs_y = -2},
    {.bitmap_index = 7893, .adv_w = 256, .box_w = 15, .box_h = 16, .ofs_x = 1, .ofs_y = -2},
    {.bitmap_index = 8013, .adv_w = 256, .box_w = 16, .box_h = 15, .ofs_x = 0, .ofs_y = -2},
    {.bitmap_index = 8133, .adv_w = 256, .box_w = 14, .box_h = 14, .ofs_x = 1, .ofs_y = -1},
    {.bitmap_index = 8231, .adv_w = 256, .box_w = 14, .box_h = 14, .ofs_x = 1, .ofs_y = -1},
    {.bitmap_index = 8329, .adv_w = 256, .box_w = 14, .box_h = 14, .ofs_x = 1, .ofs_y = -1},
    {.bitmap_index = 8427, .adv_w = 256, .box_w = 16, .box_h = 15, .ofs_x = 0, .ofs_y = -1},
    {.bitmap_index = 8547, .adv_w = 256, .box_w = 15, .box_h = 16, .ofs_x = 0, .ofs_y = -2},
    {.bitmap_index = 8667, .adv_w = 256, .box_w = 16, .box_h = 16, .ofs_x = 0, .ofs_y = -2},
    {.bitmap_index = 8795, .adv_w = 256, .box_w = 15, .box_h = 16, .ofs_x = 1, .ofs_y = -2},
    {.bitmap_index = 8915, .adv_w = 256, .box_w = 16, .box_h = 15, .ofs_x = 0, .ofs_y = -2},
    {.bitmap_index = 9035, .adv_w = 256, .box_w = 16, .box_h = 16, .ofs_x = 0, .ofs_y = -2},
    {.bitmap_index = 9163, .adv_w = 256, .box_w = 16, .box_h = 17, .ofs_x = 0, .ofs_y = -2},
    {.bitmap_index = 9299, .adv_w = 256, .box_w = 16, .box_h = 16, .ofs_x = 0, .ofs_y = -2},
    {.bitmap_index = 9427, .adv_w = 256, .box_w = 16, .box_h = 16, .ofs_x = 0, .ofs_y = -2},
    {.bitmap_index = 9555, .adv_w = 256, .box_w = 15, .box_h = 15, .ofs_x = 1, .ofs_y = -2},
    {.bitmap_index = 9668, .adv_w = 256, .box_w = 16, .box_h = 16, .ofs_x = 0, .ofs_y = -2},
    {.bitmap_index = 9796, .adv_w = 256, .box_w = 16, .box_h = 15, .ofs_x = 0, .ofs_y = -2},
    {.bitmap_index = 9916, .adv_w = 256, .box_w = 16, .box_h = 15, .ofs_x = 0, .ofs_y = -2},
    {.bitmap_index = 10036, .adv_w = 256, .box_w = 16, .box_h = 15, .ofs_x = 0, .ofs_y = -1},
    {.bitmap_index = 10156, .adv_w = 256, .box_w = 16, .box_h = 16, .ofs_x = 0, .ofs_y = -2},
    {.bitmap_index = 10284, .adv_w = 256, .box_w = 16, .box_h = 16, .ofs_x = 0, .ofs_y = -2},
    {.bitmap_index = 10412, .adv_w = 256, .box_w = 16, .box_h = 15, .ofs_x = 0, .ofs_y = -2},
    {.bitmap_index = 10532, .adv_w = 256, .box_w = 16, .box_h = 16, .ofs_x = 0, .ofs_y = -1},
    {.bitmap_index = 10660, .adv_w = 256, .box_w = 16, .box_h = 16, .ofs_x = 0, .ofs_y = -2},
    {.bitmap_index = 10788, .adv_w = 256, .box_w = 16, .box_h = 17, .ofs_x = 0, .ofs_y = -2},
    {.bitmap_index = 10924, .adv_w = 256, .box_w = 16, .box_h = 16, .ofs_x = 0, .ofs_y = -1},
    {.bitmap_index = 11052, .adv_w = 256, .box_w = 16, .box_h = 16, .ofs_x = 0, .ofs_y = -2},
    {.bitmap_index = 11180, .adv_w = 256, .box_w = 16, .box_h = 16, .ofs_x = 0, .ofs_y = -2},
    {.bitmap_index = 11308, .adv_w = 256, .box_w = 16, .box_h = 16, .ofs_x = 0, .ofs_y = -2},
    {.bitmap_index = 11436, .adv_w = 256, .box_w = 16, .box_h = 15, .ofs_x = 0, .ofs_y = -1},
    {.bitmap_index = 11556, .adv_w = 256, .box_w = 16, .box_h = 16, .ofs_x = 0, .ofs_y = -2},
    {.bitmap_index = 11684, .adv_w = 256, .box_w = 16, .box_h = 16, .ofs_x = 0, .ofs_y = -2},
    {.bitmap_index = 11812, .adv_w = 256, .box_w = 12, .box_h = 15, .ofs_x = 2, .ofs_y = -2},
    {.bitmap_index = 11902, .adv_w = 256, .box_w = 15, .box_h = 16, .ofs_x = 1, .ofs_y = -2},
    {.bitmap_index = 12022, .adv_w = 256, .box_w = 16, .box_h = 14, .ofs_x = 0, .ofs_y = -1},
    {.bitmap_index = 12134, .adv_w = 256, .box_w = 16, .box_h = 16, .ofs_x = 0, .ofs_y = -2},
    {.bitmap_index = 12262, .adv_w = 256, .box_w = 16, .box_h = 15, .ofs_x = 0, .ofs_y = -2},
    {.bitmap_index = 12382, .adv_w = 256, .box_w = 14, .box_h = 15, .ofs_x = 0, .ofs_y = -2},
    {.bitmap_index = 12487, .adv_w = 256, .box_w = 15, .box_h = 16, .ofs_x = 0, .ofs_y = -2},
    {.bitmap_index = 12607, .adv_w = 256, .box_w = 16, .box_h = 16, .ofs_x = 0, .ofs_y = -2},
    {.bitmap_index = 12735, .adv_w = 256, .box_w = 16, .box_h = 16, .ofs_x = 0, .ofs_y = -2},
    {.bitmap_index = 12863, .adv_w = 256, .box_w = 16, .box_h = 16, .ofs_x = 0, .ofs_y = -2},
    {.bitmap_index = 12991, .adv_w = 256, .box_w = 16, .box_h = 16, .ofs_x = 0, .ofs_y = -2},
    {.bitmap_index = 13119, .adv_w = 256, .box_w = 16, .box_h = 15, .ofs_x = 0, .ofs_y = -1},
    {.bitmap_index = 13239, .adv_w = 256, .box_w = 16, .box_h = 15, .ofs_x = 0, .ofs_y = -1},
    {.bitmap_index = 13359, .adv_w = 256, .box_w = 16, .box_h = 16, .ofs_x = 0, .ofs_y = -2},
    {.bitmap_index = 13487, .adv_w = 256, .box_w = 16, .box_h = 15, .ofs_x = 0, .ofs_y = -1},
    {.bitmap_index = 13607, .adv_w = 256, .box_w = 15, .box_h = 15, .ofs_x = 0, .ofs_y = -2},
    {.bitmap_index = 13720, .adv_w = 256, .box_w = 14, .box_h = 15, .ofs_x = 2, .ofs_y = -1},
    {.bitmap_index = 13825, .adv_w = 256, .box_w = 16, .box_h = 15, .ofs_x = 0, .ofs_y = -1},
    {.bitmap_index = 13945, .adv_w = 256, .box_w = 15, .box_h = 15, .ofs_x = 1, .ofs_y = -1},
    {.bitmap_index = 14058, .adv_w = 256, .box_w = 15, .box_h = 16, .ofs_x = 0, .ofs_y = -2},
    {.bitmap_index = 14178, .adv_w = 256, .box_w = 16, .box_h = 15, .ofs_x = 0, .ofs_y = -2},
    {.bitmap_index = 14298, .adv_w = 256, .box_w = 16, .box_h = 15, .ofs_x = 0, .ofs_y = -1},
    {.bitmap_index = 14418, .adv_w = 256, .box_w = 16, .box_h = 16, .ofs_x = 0, .ofs_y = -2},
    {.bitmap_index = 14546, .adv_w = 256, .box_w = 16, .box_h = 16, .ofs_x = 0, .ofs_y = -2},
    {.bitmap_index = 14674, .adv_w = 256, .box_w = 16, .box_h = 16, .ofs_x = 0, .ofs_y = -2},
    {.bitmap_index = 14802, .adv_w = 256, .box_w = 16, .box_h = 16, .ofs_x = 0, .ofs_y = -2},
    {.bitmap_index = 14930, .adv_w = 256, .box_w = 14, .box_h = 14, .ofs_x = 1, .ofs_y = -1},
    {.bitmap_index = 15028, .adv_w = 256, .box_w = 16, .box_h = 14, .ofs_x = 0, .ofs_y = -1},
    {.bitmap_index = 15140, .adv_w = 256, .box_w = 16, .box_h = 16, .ofs_x = 0, .ofs_y = -2},
    {.bitmap_index = 15268, .adv_w = 256, .box_w = 16, .box_h = 16, .ofs_x = 0, .ofs_y = -1},
    {.bitmap_index = 15396, .adv_w = 256, .box_w = 16, .box_h = 16, .ofs_x = 0, .ofs_y = -2},
    {.bitmap_index = 15524, .adv_w = 256, .box_w = 16, .box_h = 16, .ofs_x = 0, .ofs_y = -2},
    {.bitmap_index = 15652, .adv_w = 256, .box_w = 16, .box_h = 16, .ofs_x = 0, .ofs_y = -2},
    {.bitmap_index = 15780, .adv_w = 256, .box_w = 16, .box_h = 16, .ofs_x = 0, .ofs_y = -2},
    {.bitmap_index = 15908, .adv_w = 256, .box_w = 16, .box_h = 16, .ofs_x = 0, .ofs_y = -2},
    {.bitmap_index = 16036, .adv_w = 256, .box_w = 16, .box_h = 16, .ofs_x = 0, .ofs_y = -2},
    {.bitmap_index = 16164, .adv_w = 256, .box_w = 16, .box_h = 16, .ofs_x = 0, .ofs_y = -2},
    {.bitmap_index = 16292, .adv_w = 256, .box_w = 16, .box_h = 16, .ofs_x = 0, .ofs_y = -2},
    {.bitmap_index = 16420, .adv_w = 256, .box_w = 16, .box_h = 16, .ofs_x = 0, .ofs_y = -2},
    {.bitmap_index = 16548, .adv_w = 256, .box_w = 16, .box_h = 16, .ofs_x = 0, .ofs_y = -2},
    {.bitmap_index = 16676, .adv_w = 256, .box_w = 16, .box_h = 15, .ofs_x = 0, .ofs_y = -1},
    {.bitmap_index = 16796, .adv_w = 256, .box_w = 16, .box_h = 16, .ofs_x = 0, .ofs_y = -2},
    {.bitmap_index = 16924, .adv_w = 256, .box_w = 16, .box_h = 16, .ofs_x = 0, .ofs_y = -2},
    {.bitmap_index = 17052, .adv_w = 256, .box_w = 16, .box_h = 16, .ofs_x = 0, .ofs_y = -2},
    {.bitmap_index = 17180, .adv_w = 256, .box_w = 16, .box_h = 16, .ofs_x = 0, .ofs_y = -2},
    {.bitmap_index = 17308, .adv_w = 256, .box_w = 16, .box_h = 16, .ofs_x = 0, .ofs_y = -2},
    {.bitmap_index = 17436, .adv_w = 256, .box_w = 16, .box_h = 16, .ofs_x = 0, .ofs_y = -2},
    {.bitmap_index = 17564, .adv_w = 256, .box_w = 16, .box_h = 15, .ofs_x = 0, .ofs_y = -1},
    {.bitmap_index = 17684, .adv_w = 256, .box_w = 16, .box_h = 15, .ofs_x = 0, .ofs_y = -1},
    {.bitmap_index = 17804, .adv_w = 256, .box_w = 14, .box_h = 16, .ofs_x = 1, .ofs_y = -2},
    {.bitmap_index = 17916, .adv_w = 256, .box_w = 14, .box_h = 16, .ofs_x = 1, .ofs_y = -2},
    {.bitmap_index = 18028, .adv_w = 256, .box_w = 14, .box_h = 16, .ofs_x = 1, .ofs_y = -2},
    {.bitmap_index = 18140, .adv_w = 256, .box_w = 16, .box_h = 16, .ofs_x = 0, .ofs_y = -2},
    {.bitmap_index = 18268, .adv_w = 256, .box_w = 16, .box_h = 16, .ofs_x = 0, .ofs_y = -2},
    {.bitmap_index = 18396, .adv_w = 256, .box_w = 16, .box_h = 15, .ofs_x = 0, .ofs_y = -1}
};

/*---------------------
 *  CHARACTER MAPPING
 *--------------------*/

static const uint16_t unicode_list_1[] = {
    0x00, 0x03, 0x09, 0x50, 0x5d, 0x8c, 0x8e, 0x91,
    0x94, 0xae, 0xf6, 0x1ca, 0x25c, 0x265, 0x349, 0x36b,
    0x36d, 0x373, 0x385, 0x3fa, 0x4a8, 0x4ff, 0x541, 0x561,
    0x577, 0x582, 0x58b, 0x5ef, 0x62f, 0x668, 0x724, 0x868,
    0x8db, 0x8fa, 0x906, 0x98b, 0xaf0, 0xb0d, 0xb1a, 0xb29,
    0xb2a, 0xbcb, 0xd58, 0xd9a, 0xdfc, 0xe0f, 0xe4f, 0xe55,
    0x1055, 0x10a6, 0x10b7, 0x1100, 0x110f, 0x1162, 0x1262, 0x1470,
    0x14a5, 0x152f, 0x1787, 0x17b0, 0x17b9, 0x17cb, 0x17e5, 0x17f6,
    0x181f, 0x1882, 0x18f4, 0x1908, 0x191f, 0x1a3c, 0x1c21, 0x1d65,
    0x1dcf, 0x1e14, 0x1e60, 0x1ed5, 0x2029, 0x2728, 0x2735, 0x28d8,
    0x2961, 0x29e5, 0x2b3a, 0x2bd2, 0x2e7b, 0x2efb, 0x30c8, 0x30df,
    0x3151, 0x316e, 0x3254, 0x32fd, 0x342a, 0x3a4c, 0x3a68, 0x3bc9,
    0x3c00, 0x3d66, 0x3dbe, 0x3ded, 0x3f2e, 0x3f77, 0x3fd1, 0x40ab,
    0x416c, 0x4174, 0x41db, 0x4210, 0x421a, 0x4392, 0x43cd, 0x47ea,
    0x47ed, 0x4833, 0x49f3, 0x4a84, 0x4ca4
};

/*Collect the unicode lists and glyph_id offsets*/
static const lv_font_fmt_txt_cmap_t cmaps[] =
{
    {
        .range_start = 32, .range_length = 95, .glyph_id_start = 1,
        .unicode_list = NULL, .glyph_id_ofs_list = NULL, .list_length = 0, .type = LV_FONT_FMT_TXT_CMAP_FORMAT0_TINY
    },
    {
        .range_start = 19968, .range_length = 19621, .glyph_id_start = 96,
        .unicode_list = unicode_list_1, .glyph_id_ofs_list = NULL, .list_length = 117, .type = LV_FONT_FMT_TXT_CMAP_SPARSE_TINY
    }
};

/*-----------------
 *    KERNING
 *----------------*/

/*Map glyph_ids to kern left classes*/
static const uint8_t kern_left_class_mapping[] =
{
    0, 0, 0, 1, 0, 0, 0, 0,
    1, 2, 0, 0, 0, 3, 4, 3,
    5, 0, 0, 0, 0, 0, 0, 0,
    0, 0, 0, 6, 6, 0, 0, 0,
    0, 0, 7, 8, 9, 10, 11, 12,
    13, 0, 0, 14, 15, 16, 0, 0,
    10, 17, 10, 18, 19, 20, 21, 22,
    23, 24, 25, 26, 2, 27, 0, 0,
    0, 0, 28, 29, 30, 0, 31, 32,
    33, 34, 0, 0, 35, 36, 34, 34,
    29, 29, 37, 38, 39, 40, 37, 41,
    42, 43, 44, 45, 2, 0, 0, 0,
    0, 0, 0, 0, 0, 0, 0, 0,
    0, 0, 0, 0, 0, 0, 0, 0,
    0, 0, 0, 0, 0, 0, 0, 0,
    0, 0, 0, 0, 0, 0, 0, 0,
    0, 0, 0, 0, 0, 0, 0, 0,
    0, 0, 0, 0, 0, 0, 0, 0,
    0, 0, 0, 0, 0, 0, 0, 0,
    0, 0, 0, 0, 0, 0, 0, 0,
    0, 0, 0, 0, 0, 0, 0, 0,
    0, 0, 0, 0, 0, 0, 0, 0,
    0, 0, 0, 0, 0, 0, 0, 0,
    0, 0, 0, 0, 0, 0, 0, 0,
    0, 0, 0, 0, 0, 0, 0, 0,
    0, 0, 0, 0, 0, 0, 0, 0,
    0, 0, 0, 0, 0
};

/*Map glyph_ids to kern right classes*/
static const uint8_t kern_right_class_mapping[] =
{
    0, 0, 1, 2, 0, 0, 0, 0,
    2, 0, 3, 4, 0, 5, 6, 7,
    8, 0, 0, 0, 0, 0, 0, 0,
    0, 0, 0, 9, 10, 0, 0, 0,
    11, 0, 12, 0, 13, 0, 0, 0,
    13, 0, 0, 14, 0, 0, 0, 0,
    13, 0, 13, 0, 15, 16, 17, 18,
    19, 20, 21, 22, 0, 23, 3, 0,
    0, 0, 24, 0, 25, 25, 25, 26,
    27, 0, 28, 29, 0, 0, 30, 30,
    25, 30, 25, 30, 31, 32, 33, 34,
    35, 36, 37, 38, 0, 0, 3, 0,
    0, 0, 0, 0, 0, 0, 0, 0,
    0, 0, 0, 0, 0, 0, 0, 0,
    0, 0, 0, 0, 0, 0, 0, 0,
    0, 0, 0, 0, 0, 0, 0, 0,
    0, 0, 0, 0, 0, 0, 0, 0,
    0, 0, 0, 0, 0, 0, 0, 0,
    0, 0, 0, 0, 0, 0, 0, 0,
    0, 0, 0, 0, 0, 0, 0, 0,
    0, 0, 0, 0, 0, 0, 0, 0,
    0, 0, 0, 0, 0, 0, 0, 0,
    0, 0, 0, 0, 0, 0, 0, 0,
    0, 0, 0, 0, 0, 0, 0, 0,
    0, 0, 0, 0, 0, 0, 0, 0,
    0, 0, 0, 0, 0, 0, 0, 0,
    0, 0, 0, 0, 0
};

/*Kern values between classes*/
static const int8_t kern_class_values[] =
{
    0, 0, 0, 0, -36, 0, -36, 0,
    0, 0, 0, -18, 0, -30, -4, 0,
    0, 0, 0, -4, 0, 0, 0, 0,
    -8, 0, 0, 0, 0, 0, -7, 0,
    0, 0, 0, 0, 0, 0, 0, 0,
    0, 0, 0, 0, 0, 0, 0, 0,
    0, 0, 0, -7, 0, 0, 0, 0,
    0, 0, 0, 0, 0, 0, 0, 0,
    0, 0, 22, 0, 0, 0, 0, 0,
    0, 0, 0, 0, 0, -31, 0, -43,
    0, 0, 0, 0, 0, 0, 0, 0,
    0, 0, 0, -29, -7, -20, -11, 0,
    -29, 0, 0, 0, -4, 0, 0, 0,
    7, 0, 0, -16, 0, -13, -8, 0,
    -7, 0, 0, 0, 0, 0, 0, 0,
    0, 0, 0, 0, 0, 0, 0, -7,
    -7, -15, 0, -7, -4, -10, -21, -7,
    0, 0, 0, 0, 0, 0, 0, 0,
    0, -8, 0, -4, 0, -5, 0, 0,
    0, 0, 0, 0, 0, 0, 0, 0,
    0, 0, 0, -13, -4, -24, 0, 0,
    0, 0, 0, 0, 0, 0, 0, -8,
    -9, 0, -4, 5, 5, 0, 0, 0,
    -7, 0, 0, 0, 0, 0, 0, 0,
    0, -14, 0, 0, 0, 0, 0, 0,
    0, 0, 0, 0, 0, 0, 0, 0,
    0, 0, -9, 0, 0, 0, 0, 0,
    0, 0, 0, 0, 0, 0, 0, 0,
    0, 0, 0, 0, 0, -18, 0, -27,
    0, 0, 0, 0, 0, 0, -9, -2,
    -4, 0, 0, -18, -5, -5, 0, -1,
    -5, -3, -13, 5, 0, -4, 0, 0,
    0, 0, 5, -5, -2, -4, -3, -3,
    -4, 0, 0, 0, 0, -10, 0, 0,
    0, 0, 0, 0, 0, 0, 0, -6,
    -5, -8, 0, -3, -3, -3, -5, -3,
    0, 0, 0, 0, 0, 0, 0, 0,
    0, -4, 0, -5, -4, -4, -5, 0,
    0, 0, 0, 0, 0, -9, 0, 0,
    0, 0, 0, 0, -10, -4, -8, -6,
    -5, -3, -3, -3, -4, -4, 0, 0,
    0, 0, -7, 0, 0, 0, 0, -10,
    -4, -5, -4, 0, -5, 0, 0, 0,
    0, -10, 0, 0, 0, -6, 0, 0,
    0, -4, 0, -14, 0, -8, 0, -4,
    -2, -7, -7, -7, 0, 0, 0, 0,
    0, 0, 0, 0, 0, 0, 0, 0,
    0, -5, 0, -4, 0, 0, 0, 0,
    0, 0, 0, 0, 0, 0, 0, 0,
    0, 0, 0, 0, 0, 0, 0, 0,
    0, 0, 0, 0, -4, 0, 0, 0,
    0, 0, 0, -8, 0, -4, 0, -11,
    -4, 0, 0, 0, 0, 0, -24, 0,
    -24, -19, 0, 0, 0, -12, -4, -40,
    -7, 0, 0, -1, -1, -8, -2, -10,
    0, -11, -5, 0, -8, 0, 0, -7,
    -7, -4, -6, -8, -7, -9, -7, -11,
    0, 0, 0, -8, 0, 0, 0, 0,
    0, 0, 0, -3, 0, 0, 0, -7,
    0, -5, -3, 0, 0, 0, 0, 0,
    0, 0, 0, 0, 0, 0, 0, 0,
    0, 0, 0, 0, 0, 0, 0, 0,
    0, 0, -8, 0, -8, 0, 0, 0,
    0, 0, 0, -13, 0, 0, 0, 0,
    0, 0, 0, 0, 0, 0, 0, 0,
    0, 0, 0, 0, 0, 0, 0, 0,
    0, 0, 0, 0, 0, -8, 0, -13,
    0, -11, 0, 0, 0, 0, -4, -4,
    -7, 0, -5, -7, -5, -5, -4, 0,
    -7, 0, 0, 0, -4, 0, 0, 0,
    -4, 0, 0, -12, -5, -8, -7, -7,
    -8, -5, 0, -30, 0, -47, 0, -16,
    0, 0, 0, 0, -12, -1, -9, 0,
    -8, -36, -10, -23, -17, 0, -24, 0,
    -24, 0, -5, -5, -3, 0, 0, 0,
    0, -7, -4, -13, -11, 0, -13, 0,
    0, 0, 0, 0, -35, -10, -35, -22,
    0, 0, 0, -15, 0, -43, -4, -7,
    0, 0, 0, -8, -4, -22, 0, -13,
    -8, 0, -9, 0, 0, 0, -4, 0,
    0, 0, 0, -5, 0, -7, 0, 0,
    0, -4, 0, -9, 0, 0, 0, 0,
    0, -3, 0, -6, -5, -5, 0, -1,
    0, -3, -3, -4, 0, -3, -4, 0,
    -3, 0, 0, 0, 0, 0, 0, 0,
    0, -4, 0, -4, 0, 0, 0, -5,
    0, 3, 0, 0, 0, 0, 0, 0,
    0, -5, -5, -7, 0, 0, 0, 0,
    -5, 0, 0, 0, 0, 0, 0, 0,
    0, 0, 0, -8, 0, 0, 0, 0,
    0, -2, 0, 0, 0, 0, -32, -21,
    -32, -25, -7, -7, 0, -13, -8, -37,
    -11, 0, 0, 0, 0, -7, -5, -16,
    0, -21, -21, -6, -21, 0, 0, -14,
    -18, -6, -14, -10, -10, -11, -10, -22,
    0, 0, 0, 0, -7, 0, -7, -9,
    0, 0, 0, -5, 0, -15, -4, 0,
    0, -3, 0, -4, -5, 0, 0, -3,
    0, 0, -4, 0, 0, 0, -3, 0,
    0, 0, 0, -4, 0, 0, 0, 0,
    0, 0, -20, -7, -20, -13, 0, 0,
    0, -5, -4, -21, -4, 0, -4, 2,
    0, 0, 0, -7, 0, -8, -6, 0,
    -7, 0, 0, -7, -5, 0, -10, -4,
    -4, -6, -4, -8, 0, 0, 0, 0,
    -11, -4, -11, -8, 0, 0, 0, 0,
    -2, -18, -2, 0, 0, 0, 0, 0,
    0, -2, 0, -5, 0, 0, -4, 0,
    0, 0, 0, 0, 0, 0, 0, 0,
    0, -4, 0, -4, 0, -4, 0, -10,
    0, 0, 0, 0, 0, -1, -7, -3,
    -5, -7, -4, 0, 0, 0, 0, 0,
    0, -4, -4, -7, 0, 0, 0, 0,
    0, -7, -4, -7, -5, -4, -7, -5,
    0, 0, 0, 0, -29, -21, -29, -19,
    -9, -9, -4, -5, -5, -30, -6, -5,
    -4, 0, 0, 0, 0, -8, 0, -21,
    -14, 0, -18, 0, 0, -13, -14, -11,
    -11, -5, -8, -11, -5, -15, 0, 0,
    0, 0, 0, -10, 0, 0, 0, 0,
    0, -2, -7, -10, -10, 0, -4, -2,
    -2, 0, -5, -5, 0, -5, -6, -7,
    -5, 0, 0, 0, 0, -5, -7, -5,
    -5, -8, -5, 0, 0, 0, 0, 0,
    0, 0, 0, 0, 0, 0, 0, 0,
    0, 0, 0, -24, -8, -15, -8, 0,
    -21, 0, 0, 0, 0, 0, 8, 0,
    19, 0, 0, 0, 0, -7, -4, 0,
    2, 0, 0, 0, 0, -16, 0, 0,
    0, 0, 0, 0, -6, 0, 0, 0,
    0, -8, 0, -7, -3, 0, -8, 0,
    0, 0, 0, 0, 0, 0, 0, 0,
    0, -5, 0, 0, 0, 0, 0, 0,
    0, -8, 0, -7, -4, 0, -4, 0,
    0, 0, -6, 0, 0, 0, 0, -18,
    0, -7, 0, -3, -15, 0, -9, -5,
    0, -2, 0, 0, 0, 0, -2, -7,
    0, -3, -3, -7, -3, -3, 0, 0,
    0, 0, 0, -8, 0, 0, 0, 0,
    0, 0, 0, 0, 0, -7, 0, -5,
    0, 0, -8, 0, 0, -4, -8, 0,
    -4, 0, 0, 0, 0, -4, 0, 0,
    0, 0, 0, 0, 0, 0, 0, -10,
    0, 2, 0, 0, 0, 0, -4, 0,
    0, -7, -7, -8, 0, -7, -4, 0,
    -9, 0, -8, -5, 0, -2, -4, 0,
    0, 0, 0, -4, 0, -1, -1, -4,
    -1, -2, 2, 10, 12, 0, -17, -5,
    -17, -4, 0, 0, 6, 0, 0, 0,
    0, 12, 0, 18, 12, 8, 15, 0,
    14, -7, -4, 0, -5, 0, -4, 0,
    -3, 0, 0, 2, 0, -3, 0, -5,
    0, 0, 2, -10, 0, 0, 0, 11,
    0, 0, -12, 0, 0, 0, 0, -9,
    0, 0, 0, 0, -5, 0, 0, -6,
    -5, 0, 0, 0, 10, 0, 0, 0,
    0, -3, -3, 0, 2, -5, 0, 0,
    0, -10, 0, 0, 0, 0, 0, 0,
    -4, 0, 0, 0, 0, -8, 0, -4,
    0, 0, -7, 0, 0, 0, 0, 0,
    0, 0, 0, 0, 0, 0, 0, 0,
    0, 0, 0, 0, 0, 0, 0, -7,
    2, -16, 2, 0, 2, 2, -6, 0,
    0, 0, 0, -13, 0, 0, 0, 0,
    -5, 0, 0, -4, -7, 0, -4, 0,
    -4, 0, 0, -8, -5, 0, 0, -4,
    0, -4, 0, 0, 0, 0, 0, 0,
    0, 0, 0, 0, 0, 0, 0, 0,
    0, 0, 0, 0, 0, 0, 0, 0,
    0, 0, 0, 0, 0, 0, 2, 0,
    0, 0, 0, 0, 0, 0, 0, 0,
    0, 0, 0, -7, 0, 0, 0, 0,
    0, 0, 0, 0, 0, 0, 0, -7,
    0, -5, 0, 0, -10, 0, 0, 0,
    0, 0, 0, 0, 0, 0, 0, 0,
    0, 0, 0, 0, 0, 0, 0, 0,
    0, 0, -20, -8, -20, -10, 5, 5,
    0, -5, 0, -18, 0, 0, 0, 0,
    0, 0, 0, -4, 2, -8, -4, 0,
    -4, 0, 0, 0, -3, 0, 0, 5,
    3, 0, 5, -3, 0, 0, 0, -14,
    0, 2, 0, 0, 0, 0, -5, 0,
    0, 0, 0, -8, 0, -4, 0, 0,
    -7, 0, 0, 0, 0, 0, 0, 0,
    0, 0, 0, -7, 0, 0, 0, 0,
    0, 0, 0, 0, 0, 0, -1, -9,
    -1, 1, 2, 2, -9, 0, 0, 0,
    0, -5, 0, 0, 0, 0, -3, 0,
    0, -7, -5, 0, -4, 0, 0, 0,
    -4, -7, 0, 0, 0, -5, 0, 0,
    0, 0, 0, -4, -13, -4, -13, -7,
    0, 0, 0, -4, 0, -13, 0, -7,
    0, -4, 0, 0, -5, -4, 0, -7,
    -3, 0, 0, 0, -4, 0, 0, 0,
    0, 0, 0, 0, 0, -8, 0, 0,
    0, -4, -16, 0, -16, -3, 0, 0,
    0, -3, 0, -10, 0, -8, 0, -4,
    0, -5, -8, 0, 0, -4, -3, 0,
    0, 0, -4, 0, 0, 0, 0, 0,
    0, 0, 0, -7, -5, 0, 0, -7,
    2, -5, -4, 0, 0, 2, 0, 0,
    -4, 0, -3, -10, 0, -6, 0, -4,
    -11, 0, 0, -4, -7, 0, 0, 0,
    0, 0, 0, -8, 0, 0, 0, 0,
    -3, 0, 0, 0, 0, 0, -13, 0,
    -13, -4, 0, 0, 0, 0, 0, -13,
    0, -7, 0, -3, 0, -3, -4, 0,
    0, -7, -3, 0, 0, 0, -4, 0,
    0, 0, 0, 0, 0, -5, 0, -8,
    0, 0, 0, 0, 0, -7, 0, 0,
    0, 0, 0, 0, 0, 0, 0, -8,
    0, 0, 0, 0, -8, 0, 0, -7,
    -4, 0, -2, 0, 0, 0, 0, 0,
    -4, -3, 0, 0, -3, 0
};

/*Collect the kern class' data in one place*/
static const lv_font_fmt_txt_kern_classes_t kern_classes =
{
    .class_pair_values   = kern_class_values,
    .left_class_mapping  = kern_left_class_mapping,
    .right_class_mapping = kern_right_class_mapping,
    .left_class_cnt      = 45,
    .right_class_cnt     = 38,
};

/*--------------------
 *  ALL CUSTOM DATA
 *--------------------*/

#if LVGL_VERSION_MAJOR == 8
/*Store all the custom data of the font*/
static  lv_font_fmt_txt_glyph_cache_t cache;
#endif

#if LVGL_VERSION_MAJOR >= 8
static const lv_font_fmt_txt_dsc_t font_dsc = {
#else
static lv_font_fmt_txt_dsc_t font_dsc = {
#endif
    .glyph_bitmap = glyph_bitmap,
    .glyph_dsc = glyph_dsc,
    .cmaps = cmaps,
    .kern_dsc = &kern_classes,
    .kern_scale = 16,
    .cmap_num = 2,
    .bpp = 4,
    .kern_classes = 1,
    .bitmap_format = 0,
#if LVGL_VERSION_MAJOR == 8
    .cache = &cache
#endif

};

extern const lv_font_t NS_Medium_jp_16_data;


/*-----------------
 *  PUBLIC FONT
 *----------------*/

/*Initialize a public general font descriptor*/
#if LVGL_VERSION_MAJOR >= 8
const lv_font_t NS_Medium_zh_16_data = {
#else
lv_font_t NS_Medium_zh_16_data = {
#endif
    .get_glyph_dsc = lv_font_get_glyph_dsc_fmt_txt,    /*Function pointer to get glyph's data*/
    .get_glyph_bitmap = lv_font_get_bitmap_fmt_txt,    /*Function pointer to get glyph's bitmap*/
    .line_height = 19,          /*The maximum line height required by the font*/
    .base_line = 4,             /*Baseline measured from the bottom of the line*/
#if LV_VERSION_CHECK(9, 6, 0) || LVGL_VERSION_MAJOR >= 10
    .cap_height = 12,           /*Cap height of the font*/
    .x_height = 9,               /*x-height of the font*/
#endif
#if !(LVGL_VERSION_MAJOR == 6 && LVGL_VERSION_MINOR == 0)
    .subpx = LV_FONT_SUBPX_NONE,
#endif
#if LV_VERSION_CHECK(7, 4, 0) || LVGL_VERSION_MAJOR >= 8
    .underline_position = -2,
    .underline_thickness = 1,
#endif

#if LV_VERSION_CHECK(9, 3, 0)
    .static_bitmap = 1,    /*Bitmaps are stored as const so they are always static if not compressed */
#endif

    .dsc = &font_dsc,          /*The custom font data. Will be accessed by `get_glyph_bitmap/dsc` */
#if LV_VERSION_CHECK(8, 2, 0) || LVGL_VERSION_MAJOR >= 9
    .fallback = &NS_Medium_jp_16_data,
#endif
    .user_data = NULL,
};



#endif /*#if NS_MEDIUM_ZH_16_DATA*/
