/*******************************************************************************
 * Size: 20 px
 * Bpp: 4
 * Opts: --font /fonts/raw/languages/NotoSansJP-Medium.ttf -o /fonts/NS_Medium_jp_20_data.c --size 20 --bpp 4 --format lvgl --no-compress --symbols 々いおげこすたちつてにのみめやりるァアィイウェォカクグゲシジスセタダチッテトドナネバビフブプマムモャュョラリルレロンー上予使健先円出別動回土圧報場天太定寝工常度康式形手持振接新日時曇曜更月木楽気水法温火用画知秒絡続荷行言設語起転輝通連進金間陽電面音順
 ******************************************************************************/

#ifdef __has_include
    #if __has_include("lvgl.h")
        #ifndef LV_LVGL_H_INCLUDE_SIMPLE
            #define LV_LVGL_H_INCLUDE_SIMPLE
        #endif
    #endif
#endif

#ifdef LV_LVGL_H_INCLUDE_SIMPLE
    #include "lvgl.h"
#else
    #include "lvgl/lvgl.h"
#endif



#ifndef NS_MEDIUM_JP_20_DATA
#define NS_MEDIUM_JP_20_DATA 1
#endif

#if NS_MEDIUM_JP_20_DATA

/*-----------------
 *    BITMAPS
 *----------------*/

/*Store the image of the glyphs*/
static LV_ATTRIBUTE_LARGE_CONST const uint8_t glyph_bitmap[] = {
    /* U+3005 "々" */
    0x00, 0x00, 0x00, 0xa9, 0x20, 0x00, 0x00, 0x00,
    0x00, 0x00, 0x02, 0xff, 0x10, 0x00, 0x00, 0x00,
    0x00, 0x00, 0x08, 0xfb, 0x00, 0x00, 0x00, 0x00,
    0x00, 0x00, 0x0e, 0xf4, 0x00, 0x00, 0x00, 0x00,
    0x00, 0x00, 0x6f, 0xfe, 0xee, 0xee, 0xef, 0xa1,
    0x00, 0x00, 0xdf, 0xff, 0xff, 0xff, 0xff, 0xf0,
    0x00, 0x06, 0xfd, 0x00, 0x00, 0x00, 0xcf, 0x80,
    0x00, 0x1f, 0xf5, 0x00, 0x00, 0x03, 0xff, 0x10,
    0x00, 0xbf, 0xb0, 0x00, 0x00, 0x0c, 0xf9, 0x00,
    0x08, 0xfe, 0x10, 0x00, 0x00, 0x5f, 0xe1, 0x00,
    0x6f, 0xf4, 0x09, 0xe7, 0x01, 0xef, 0x60, 0x00,
    0x3c, 0x60, 0x0b, 0xff, 0xec, 0xfc, 0x00, 0x00,
    0x00, 0x00, 0x00, 0x4d, 0xff, 0xf4, 0x00, 0x00,
    0x00, 0x00, 0x00, 0x00, 0x7f, 0xff, 0x50, 0x00,
    0x00, 0x00, 0x00, 0x00, 0x02, 0xcf, 0xf6, 0x00,
    0x00, 0x00, 0x00, 0x00, 0x00, 0x0a, 0xe1, 0x00,
    0x00, 0x00, 0x00, 0x00, 0x00, 0x00, 0x20, 0x00,

    /* U+3044 "い" */
    0x11, 0x10, 0x00, 0x00, 0x00, 0x00, 0x00, 0x00,
    0x06, 0xfd, 0x00, 0x00, 0x00, 0x00, 0x05, 0x30,
    0x00, 0x5f, 0xc0, 0x00, 0x00, 0x00, 0x07, 0xfe,
    0x00, 0x05, 0xfc, 0x00, 0x00, 0x00, 0x00, 0x0c,
    0xf7, 0x00, 0x5f, 0xc0, 0x00, 0x00, 0x00, 0x00,
    0x4f, 0xe0, 0x04, 0xfc, 0x00, 0x00, 0x00, 0x00,
    0x00, 0xdf, 0x50, 0x3f, 0xd0, 0x00, 0x00, 0x00,
    0x00, 0x08, 0xfa, 0x02, 0xfe, 0x00, 0x00, 0x00,
    0x00, 0x00, 0x3f, 0xf0, 0x1f, 0xf0, 0x00, 0x00,
    0x00, 0x00, 0x00, 0xef, 0x40, 0xef, 0x20, 0x00,
    0x74, 0x00, 0x00, 0x0b, 0xf7, 0x0b, 0xf6, 0x00,
    0x0d, 0xf1, 0x00, 0x00, 0x8f, 0xa0, 0x7f, 0xc0,
    0x04, 0xfe, 0x00, 0x00, 0x06, 0xf8, 0x01, 0xff,
    0x94, 0xef, 0x70, 0x00, 0x00, 0x11, 0x00, 0x08,
    0xff, 0xff, 0xe0, 0x00, 0x00, 0x00, 0x00, 0x00,
    0x0a, 0xff, 0xe3, 0x00, 0x00, 0x00, 0x00, 0x00,
    0x00, 0x02, 0x40, 0x00, 0x00, 0x00, 0x00, 0x00,

    /* U+304A "お" */
    0x00, 0x00, 0x00, 0x00, 0x00, 0x00, 0x00, 0x00,
    0x00, 0x00, 0x00, 0x0d, 0xf3, 0x00, 0x00, 0x00,
    0x00, 0x00, 0x00, 0x00, 0x0c, 0xf2, 0x00, 0x00,
    0x00, 0x00, 0x00, 0x00, 0x00, 0x0c, 0xf1, 0x14,
    0x80, 0x2e, 0x70, 0x00, 0x0a, 0xbb, 0xbf, 0xff,
    0xff, 0xf0, 0x4f, 0xfd, 0x30, 0x0c, 0xff, 0xff,
    0xfd, 0xb8, 0x60, 0x01, 0xaf, 0xf8, 0x01, 0x22,
    0x2d, 0xf0, 0x00, 0x00, 0x00, 0x05, 0xe7, 0x00,
    0x00, 0x0d, 0xf0, 0x00, 0x00, 0x00, 0x00, 0x10,
    0x00, 0x00, 0x0d, 0xf1, 0x47, 0x99, 0x73, 0x00,
    0x00, 0x00, 0x00, 0x0e, 0xff, 0xff, 0xff, 0xff,
    0xa0, 0x00, 0x00, 0x05, 0xef, 0xfb, 0x74, 0x22,
    0x5d, 0xfa, 0x00, 0x00, 0x9f, 0xfe, 0xf0, 0x00,
    0x00, 0x01, 0xff, 0x10, 0x07, 0xfd, 0x1c, 0xf1,
    0x00, 0x00, 0x00, 0xcf, 0x40, 0x0f, 0xf1, 0x0b,
    0xf1, 0x00, 0x00, 0x00, 0xef, 0x30, 0x1f, 0xe0,
    0x0b, 0xf1, 0x00, 0x00, 0x08, 0xfe, 0x00, 0x0c,
    0xfb, 0x5e, 0xf1, 0x04, 0x47, 0xdf, 0xf5, 0x00,
    0x01, 0xdf, 0xff, 0xe0, 0x0e, 0xff, 0xfe, 0x50,
    0x00, 0x00, 0x06, 0xcd, 0x50, 0x07, 0xb9, 0x50,
    0x00, 0x00,

    /* U+3052 "げ" */
    0x00, 0x00, 0x00, 0x00, 0x00, 0x00, 0x00, 0x00,
    0x24, 0x00, 0x01, 0x00, 0x00, 0x00, 0x00, 0x13,
    0x35, 0x85, 0xe0, 0x05, 0xfe, 0x00, 0x00, 0x00,
    0x04, 0xfd, 0x3f, 0x1e, 0x50, 0x6f, 0xa0, 0x00,
    0x00, 0x00, 0x3f, 0xc0, 0xd7, 0x63, 0x08, 0xf7,
    0x00, 0x00, 0x00, 0x02, 0xfd, 0x02, 0x00, 0x00,
    0xaf, 0x40, 0x01, 0x10, 0x00, 0x2f, 0xd3, 0x47,
    0x10, 0x0c, 0xf1, 0x00, 0x7f, 0xff, 0xff, 0xff,
    0xff, 0xf3, 0x00, 0xef, 0x00, 0x05, 0xde, 0xee,
    0xef, 0xfb, 0xa8, 0x10, 0x0f, 0xe0, 0x00, 0x00,
    0x00, 0x01, 0xfd, 0x00, 0x00, 0x00, 0xfc, 0x00,
    0x00, 0x00, 0x00, 0x1f, 0xd0, 0x00, 0x00, 0x1f,
    0xc0, 0x20, 0x00, 0x00, 0x01, 0xfd, 0x00, 0x00,
    0x01, 0xfd, 0x4f, 0x00, 0x00, 0x00, 0x3f, 0xc0,
    0x00, 0x00, 0x0f, 0xea, 0xb0, 0x00, 0x00, 0x05,
    0xfa, 0x00, 0x00, 0x00, 0xff, 0xf6, 0x00, 0x00,
    0x00, 0x9f, 0x80, 0x00, 0x00, 0x0c, 0xff, 0x20,
    0x00, 0x00, 0x1f, 0xf3, 0x00, 0x00, 0x00, 0x9f,
    0xe0, 0x00, 0x00, 0x0b, 0xfd, 0x00, 0x00, 0x00,
    0x06, 0xfb, 0x00, 0x00, 0x1b, 0xff, 0x30, 0x00,
    0x00, 0x00, 0x1a, 0x60, 0x00, 0x0d, 0xff, 0x50,
    0x00, 0x00, 0x00, 0x00, 0x00, 0x00, 0x00, 0x19,
    0x30, 0x00, 0x00, 0x00, 0x00,

    /* U+3053 "こ" */
    0x01, 0x21, 0x00, 0x00, 0x00, 0x13, 0x10, 0x08,
    0xff, 0xff, 0xff, 0xff, 0xff, 0x60, 0x06, 0xef,
    0xff, 0xff, 0xff, 0xfe, 0x50, 0x00, 0x00, 0x00,
    0x00, 0x00, 0x00, 0x00, 0x00, 0x00, 0x00, 0x00,
    0x00, 0x00, 0x00, 0x00, 0x00, 0x00, 0x00, 0x00,
    0x00, 0x00, 0x00, 0x00, 0x00, 0x00, 0x00, 0x00,
    0x00, 0x00, 0x00, 0x00, 0x00, 0x00, 0x00, 0x00,
    0x00, 0x00, 0x00, 0x00, 0x00, 0x00, 0x00, 0x7f,
    0x80, 0x00, 0x00, 0x00, 0x00, 0x00, 0xaf, 0x60,
    0x00, 0x00, 0x00, 0x00, 0x00, 0xcf, 0x50, 0x00,
    0x00, 0x00, 0x00, 0x00, 0xaf, 0xb0, 0x00, 0x00,
    0x00, 0x00, 0x00, 0x5f, 0xfd, 0x74, 0x33, 0x45,
    0x69, 0xba, 0x07, 0xff, 0xff, 0xff, 0xff, 0xff,
    0xfb, 0x00, 0x17, 0xbd, 0xdd, 0xdc, 0xb9, 0x63,

    /* U+3059 "す" */
    0x00, 0x00, 0x00, 0x00, 0x3b, 0xb0, 0x00, 0x00,
    0x00, 0x00, 0x00, 0x00, 0x02, 0xfe, 0x00, 0x00,
    0x00, 0x11, 0x22, 0x23, 0x34, 0x5f, 0xe4, 0x44,
    0x44, 0x3e, 0xff, 0xff, 0xff, 0xff, 0xff, 0xff,
    0xff, 0xfd, 0xbc, 0xba, 0x99, 0x88, 0x8f, 0xe8,
    0x88, 0x88, 0x70, 0x00, 0x00, 0x00, 0x12, 0xfd,
    0x00, 0x00, 0x00, 0x00, 0x00, 0x07, 0xef, 0xff,
    0xd0, 0x00, 0x00, 0x00, 0x00, 0x08, 0xfe, 0x9b,
    0xff, 0x00, 0x00, 0x00, 0x00, 0x00, 0xff, 0x10,
    0x0b, 0xf5, 0x00, 0x00, 0x00, 0x00, 0x1f, 0xc0,
    0x00, 0x9f, 0x80, 0x00, 0x00, 0x00, 0x00, 0xff,
    0x30, 0x1e, 0xf8, 0x00, 0x00, 0x00, 0x00, 0x07,
    0xff, 0xdf, 0xff, 0x60, 0x00, 0x00, 0x00, 0x00,
    0x06, 0xde, 0xdf, 0xf1, 0x00, 0x00, 0x00, 0x00,
    0x00, 0x00, 0x1d, 0xfa, 0x00, 0x00, 0x00, 0x00,
    0x00, 0x00, 0x6e, 0xfd, 0x10, 0x00, 0x00, 0x00,
    0x00, 0x2a, 0xff, 0xfb, 0x10, 0x00, 0x00, 0x00,
    0x00, 0x00, 0x9f, 0xc5, 0x00, 0x00, 0x00, 0x00,
    0x00, 0x00, 0x00, 0x20, 0x00, 0x00, 0x00, 0x00,
    0x00,

    /* U+305F "た" */
    0x00, 0x00, 0x00, 0x00, 0x00, 0x00, 0x00, 0x00,
    0x00, 0x00, 0x00, 0x04, 0xfe, 0x00, 0x00, 0x00,
    0x00, 0x00, 0x00, 0x00, 0x05, 0xfd, 0x00, 0x00,
    0x00, 0x00, 0x00, 0x00, 0x00, 0x07, 0xf9, 0x14,
    0x71, 0x00, 0x00, 0x00, 0x0b, 0xaa, 0xae, 0xff,
    0xff, 0xf2, 0x00, 0x00, 0x00, 0x0f, 0xff, 0xff,
    0xff, 0xca, 0x70, 0x00, 0x00, 0x00, 0x02, 0x33,
    0x4f, 0xf0, 0x00, 0x00, 0x00, 0x00, 0x00, 0x00,
    0x00, 0x4f, 0xc0, 0x03, 0xde, 0xee, 0xee, 0xc0,
    0x00, 0x00, 0x8f, 0x80, 0x04, 0xff, 0xee, 0xef,
    0xe0, 0x00, 0x00, 0xdf, 0x40, 0x00, 0x00, 0x00,
    0x00, 0x10, 0x00, 0x02, 0xff, 0x00, 0x00, 0x00,
    0x00, 0x00, 0x00, 0x00, 0x07, 0xfa, 0x00, 0x00,
    0x00, 0x00, 0x00, 0x00, 0x00, 0x0d, 0xf5, 0x00,
    0x7c, 0x40, 0x00, 0x00, 0x00, 0x00, 0x2f, 0xf1,
    0x00, 0xbf, 0x30, 0x00, 0x00, 0x00, 0x00, 0x9f,
    0xb0, 0x00, 0xcf, 0x30, 0x00, 0x00, 0x00, 0x00,
    0xff, 0x50, 0x00, 0xaf, 0xd5, 0x22, 0x34, 0x61,
    0x07, 0xfe, 0x00, 0x00, 0x2e, 0xff, 0xff, 0xff,
    0xf3, 0x06, 0xc8, 0x00, 0x00, 0x00, 0x6a, 0xbc,
    0xba, 0x81, 0x00, 0x00, 0x00, 0x00, 0x00, 0x00,
    0x00, 0x00, 0x00,

    /* U+3061 "ち" */
    0x00, 0x00, 0x8d, 0x60, 0x00, 0x00, 0x00, 0x00,
    0x00, 0x00, 0xbf, 0x40, 0x00, 0x00, 0x00, 0x00,
    0x32, 0x00, 0xdf, 0x22, 0x35, 0x79, 0xc9, 0x00,
    0xef, 0xff, 0xff, 0xff, 0xff, 0xff, 0xfa, 0x00,
    0xab, 0xcd, 0xfe, 0xba, 0x97, 0x54, 0x10, 0x00,
    0x00, 0x06, 0xf7, 0x00, 0x00, 0x00, 0x00, 0x00,
    0x00, 0x0a, 0xf3, 0x00, 0x00, 0x00, 0x00, 0x00,
    0x00, 0x0f, 0xf0, 0x04, 0x78, 0x86, 0x10, 0x00,
    0x00, 0x4f, 0xc9, 0xff, 0xff, 0xff, 0xf8, 0x00,
    0x00, 0x9f, 0xff, 0xb6, 0x32, 0x38, 0xff, 0x70,
    0x00, 0xff, 0xd3, 0x00, 0x00, 0x00, 0x5f, 0xe0,
    0x05, 0xfd, 0x10, 0x00, 0x00, 0x00, 0x0f, 0xf1,
    0x00, 0x22, 0x00, 0x00, 0x00, 0x00, 0x3f, 0xf0,
    0x00, 0x00, 0x00, 0x00, 0x00, 0x01, 0xcf, 0xb0,
    0x00, 0x00, 0x21, 0x00, 0x14, 0x8e, 0xff, 0x20,
    0x00, 0x00, 0xdf, 0xff, 0xff, 0xff, 0xc3, 0x00,
    0x00, 0x00, 0x7d, 0xee, 0xdb, 0x84, 0x00, 0x00,

    /* U+3064 "つ" */
    0x00, 0x00, 0x00, 0x00, 0x00, 0x12, 0x00, 0x00,
    0x00, 0x00, 0x00, 0x01, 0x6a, 0xdf, 0xff, 0xfc,
    0x50, 0x00, 0x00, 0x27, 0xcf, 0xff, 0xfe, 0xcc,
    0xef, 0xfb, 0x00, 0x6e, 0xff, 0xfe, 0xa5, 0x10,
    0x00, 0x06, 0xff, 0x80, 0x3f, 0xfa, 0x40, 0x00,
    0x00, 0x00, 0x00, 0x6f, 0xf0, 0x06, 0x10, 0x00,
    0x00, 0x00, 0x00, 0x00, 0x0f, 0xf3, 0x00, 0x00,
    0x00, 0x00, 0x00, 0x00, 0x00, 0x0e, 0xf4, 0x00,
    0x00, 0x00, 0x00, 0x00, 0x00, 0x00, 0x1f, 0xf3,
    0x00, 0x00, 0x00, 0x00, 0x00, 0x00, 0x00, 0x8f,
    0xe0, 0x00, 0x00, 0x00, 0x00, 0x00, 0x00, 0x06,
    0xff, 0x70, 0x00, 0x00, 0x00, 0x00, 0x00, 0x04,
    0xcf, 0xfa, 0x00, 0x00, 0x00, 0x02, 0x45, 0x7a,
    0xef, 0xff, 0x80, 0x00, 0x00, 0x00, 0x06, 0xff,
    0xff, 0xff, 0x92, 0x00, 0x00, 0x00, 0x00, 0x00,
    0xdc, 0xa8, 0x40, 0x00, 0x00, 0x00,

    /* U+3066 "て" */
    0x00, 0x00, 0x00, 0x23, 0x56, 0x79, 0xab, 0xcd,
    0x84, 0xab, 0xde, 0xff, 0xff, 0xff, 0xff, 0xff,
    0xf9, 0x5f, 0xff, 0xfd, 0xb9, 0x8d, 0xfe, 0x84,
    0x32, 0x12, 0x63, 0x10, 0x00, 0x09, 0xfb, 0x10,
    0x00, 0x00, 0x00, 0x00, 0x00, 0x06, 0xfc, 0x00,
    0x00, 0x00, 0x00, 0x00, 0x00, 0x00, 0xef, 0x20,
    0x00, 0x00, 0x00, 0x00, 0x00, 0x00, 0x5f, 0xb0,
    0x00, 0x00, 0x00, 0x00, 0x00, 0x00, 0x0a, 0xf6,
    0x00, 0x00, 0x00, 0x00, 0x00, 0x00, 0x00, 0xbf,
    0x40, 0x00, 0x00, 0x00, 0x00, 0x00, 0x00, 0x0b,
    0xf5, 0x00, 0x00, 0x00, 0x00, 0x00, 0x00, 0x00,
    0x9f, 0xa0, 0x00, 0x00, 0x00, 0x00, 0x00, 0x00,
    0x04, 0xff, 0x40, 0x00, 0x00, 0x00, 0x00, 0x00,
    0x00, 0x0b, 0xff, 0x70, 0x00, 0x00, 0x00, 0x00,
    0x00, 0x00, 0x1c, 0xff, 0xe9, 0x64, 0x00, 0x00,
    0x00, 0x00, 0x00, 0x08, 0xff, 0xff, 0xb0, 0x00,
    0x00, 0x00, 0x00, 0x00, 0x01, 0x6a, 0xd5, 0x00,

    /* U+306B "に" */
    0x05, 0x73, 0x00, 0x00, 0x00, 0x00, 0x00, 0x00,
    0x00, 0xcf, 0x40, 0x00, 0x00, 0x00, 0x00, 0x00,
    0x00, 0x0e, 0xf1, 0x00, 0x0d, 0xcb, 0xbb, 0xbc,
    0xd6, 0x00, 0xfe, 0x00, 0x00, 0xff, 0xff, 0xff,
    0xff, 0x70, 0x3f, 0xb0, 0x00, 0x02, 0x33, 0x44,
    0x43, 0x20, 0x05, 0xf9, 0x00, 0x00, 0x00, 0x00,
    0x00, 0x00, 0x00, 0x7f, 0x60, 0x00, 0x00, 0x00,
    0x00, 0x00, 0x00, 0x09, 0xf5, 0x00, 0x00, 0x00,
    0x00, 0x00, 0x00, 0x00, 0xaf, 0x30, 0x00, 0x00,
    0x00, 0x00, 0x00, 0x00, 0x0b, 0xf2, 0x40, 0x00,
    0x00, 0x00, 0x00, 0x00, 0x00, 0xbf, 0x5f, 0x30,
    0x68, 0x10, 0x00, 0x00, 0x00, 0x0a, 0xfc, 0xe0,
    0x0d, 0xf0, 0x00, 0x00, 0x00, 0x00, 0x9f, 0xf9,
    0x00, 0xff, 0x00, 0x00, 0x00, 0x00, 0x08, 0xff,
    0x40, 0x0d, 0xf9, 0x20, 0x00, 0x13, 0x60, 0x6f,
    0xf0, 0x00, 0x6f, 0xff, 0xff, 0xff, 0xff, 0x03,
    0xfd, 0x00, 0x00, 0x5b, 0xef, 0xff, 0xed, 0xb0,
    0x0b, 0x80, 0x00, 0x00, 0x00, 0x00, 0x00, 0x00,
    0x00,

    /* U+306E "の" */
    0x00, 0x00, 0x00, 0x38, 0xbc, 0xb9, 0x40, 0x00,
    0x00, 0x00, 0x00, 0x3c, 0xff, 0xff, 0xff, 0xfd,
    0x30, 0x00, 0x00, 0x06, 0xff, 0xc5, 0xbf, 0x85,
    0xcf, 0xf4, 0x00, 0x00, 0x5f, 0xf6, 0x00, 0xdf,
    0x40, 0x07, 0xff, 0x20, 0x01, 0xff, 0x50, 0x00,
    0xff, 0x10, 0x00, 0xaf, 0xa0, 0x09, 0xfa, 0x00,
    0x03, 0xfe, 0x00, 0x00, 0x2f, 0xf0, 0x0e, 0xf2,
    0x00, 0x07, 0xfa, 0x00, 0x00, 0x0e, 0xf3, 0x2f,
    0xe0, 0x00, 0x0b, 0xf6, 0x00, 0x00, 0x0c, 0xf5,
    0x3f, 0xc0, 0x00, 0x0f, 0xf1, 0x00, 0x00, 0x0c,
    0xf4, 0x3f, 0xd0, 0x00, 0x6f, 0xb0, 0x00, 0x00,
    0x0f, 0xf2, 0x1f, 0xf1, 0x00, 0xdf, 0x50, 0x00,
    0x00, 0x6f, 0xe0, 0x0c, 0xfb, 0x29, 0xfd, 0x00,
    0x00, 0x02, 0xef, 0x80, 0x04, 0xff, 0xff, 0xf4,
    0x00, 0x00, 0x4e, 0xfd, 0x00, 0x00, 0x6f, 0xff,
    0x50, 0x03, 0x6c, 0xff, 0xe2, 0x00, 0x00, 0x01,
    0x41, 0x00, 0x0d, 0xff, 0xf9, 0x10, 0x00, 0x00,
    0x00, 0x00, 0x00, 0x04, 0xa6, 0x10, 0x00, 0x00,

    /* U+307F "み" */
    0x00, 0x00, 0x00, 0x00, 0x00, 0x10, 0x00, 0x00,
    0x00, 0x00, 0x00, 0x8c, 0xcd, 0xee, 0xff, 0x60,
    0x00, 0x00, 0x00, 0x00, 0x09, 0xff, 0xfe, 0xef,
    0xf3, 0x00, 0x00, 0x00, 0x00, 0x00, 0x10, 0x00,
    0x07, 0xfa, 0x00, 0x00, 0x00, 0x00, 0x00, 0x00,
    0x00, 0x00, 0xef, 0x20, 0x00, 0x00, 0x00, 0x00,
    0x00, 0x00, 0x00, 0x5f, 0xa0, 0x00, 0x07, 0x61,
    0x00, 0x00, 0x00, 0x00, 0x0d, 0xf3, 0x00, 0x00,
    0xdf, 0x20, 0x00, 0x00, 0x39, 0xdf, 0xff, 0xda,
    0x61, 0x0e, 0xf0, 0x00, 0x00, 0xaf, 0xfe, 0xff,
    0xdf, 0xff, 0xfa, 0xfe, 0x00, 0x00, 0xbf, 0xb2,
    0x2f, 0xe0, 0x04, 0x9f, 0xff, 0xe3, 0x00, 0x5f,
    0xa0, 0x0a, 0xf7, 0x00, 0x00, 0x0b, 0xff, 0xf8,
    0x0a, 0xf2, 0x02, 0xfe, 0x00, 0x00, 0x00, 0xdf,
    0xbf, 0xc0, 0xbf, 0x30, 0xcf, 0x70, 0x00, 0x00,
    0x7f, 0xc0, 0x64, 0x08, 0xff, 0xef, 0xe0, 0x00,
    0x00, 0x4f, 0xf3, 0x00, 0x00, 0x0b, 0xff, 0xd3,
    0x00, 0x00, 0x7f, 0xf7, 0x00, 0x00, 0x00, 0x01,
    0x20, 0x00, 0x03, 0xdf, 0xf7, 0x00, 0x00, 0x00,
    0x00, 0x00, 0x00, 0x00, 0x0a, 0xd3, 0x00, 0x00,
    0x00, 0x00, 0x00, 0x00, 0x00, 0x00, 0x00, 0x00,
    0x00, 0x00, 0x00,

    /* U+3081 "め" */
    0x00, 0x00, 0x00, 0x00, 0x00, 0x8a, 0x40, 0x00,
    0x00, 0x00, 0x38, 0x30, 0x00, 0x00, 0xcf, 0x40,
    0x00, 0x00, 0x00, 0xaf, 0x70, 0x00, 0x00, 0xef,
    0x00, 0x00, 0x00, 0x00, 0x4f, 0xb0, 0x27, 0xbd,
    0xff, 0x82, 0x00, 0x00, 0x00, 0x0f, 0xfb, 0xff,
    0xff, 0xff, 0xff, 0x80, 0x00, 0x00, 0x0c, 0xff,
    0xc5, 0x1b, 0xf5, 0x6e, 0xfa, 0x00, 0x00, 0x7f,
    0xfc, 0x00, 0x1f, 0xe0, 0x02, 0xef, 0x50, 0x03,
    0xfe, 0xef, 0x10, 0x6f, 0x90, 0x00, 0x6f, 0xc0,
    0x0c, 0xf4, 0x8f, 0x80, 0xdf, 0x30, 0x00, 0x0f,
    0xf0, 0x2f, 0xc0, 0x1f, 0xf6, 0xfc, 0x00, 0x00,
    0x0d, 0xf2, 0x7f, 0x60, 0x09, 0xff, 0xf4, 0x00,
    0x00, 0x0e, 0xf2, 0x9f, 0x40, 0x01, 0xff, 0xc0,
    0x00, 0x00, 0x1f, 0xf0, 0x9f, 0x50, 0x05, 0xff,
    0xf2, 0x00, 0x00, 0x8f, 0xb0, 0x6f, 0xc4, 0x8f,
    0xfb, 0xf5, 0x00, 0x05, 0xff, 0x40, 0x0d, 0xff,
    0xff, 0x40, 0x20, 0x02, 0xaf, 0xf9, 0x00, 0x02,
    0xac, 0x92, 0x00, 0x0a, 0xdf, 0xff, 0x70, 0x00,
    0x00, 0x00, 0x00, 0x00, 0x07, 0xfe, 0x92, 0x00,
    0x00, 0x00, 0x00, 0x00, 0x00, 0x00, 0x20, 0x00,
    0x00, 0x00,

    /* U+3084 "や" */
    0x00, 0x00, 0x00, 0x00, 0x02, 0x00, 0x00, 0x00,
    0x00, 0x00, 0x00, 0x00, 0x00, 0x0c, 0xf5, 0x00,
    0x00, 0x00, 0x00, 0x00, 0x02, 0x70, 0x00, 0x3f,
    0xf7, 0x00, 0x00, 0x00, 0x00, 0x01, 0xff, 0x50,
    0x00, 0x2e, 0xb1, 0x21, 0x00, 0x00, 0x00, 0x06,
    0xfd, 0x00, 0x03, 0xad, 0xff, 0xfd, 0x60, 0x00,
    0x00, 0x0d, 0xf6, 0x7d, 0xff, 0xfc, 0xac, 0xff,
    0x70, 0x00, 0x00, 0x6f, 0xff, 0xfa, 0x40, 0x00,
    0x04, 0xff, 0x10, 0x04, 0xbf, 0xff, 0xa1, 0x00,
    0x00, 0x00, 0x0c, 0xf4, 0x0d, 0xff, 0xeb, 0xfb,
    0x00, 0x00, 0x00, 0x00, 0xef, 0x30, 0x8e, 0x70,
    0x0e, 0xf2, 0x02, 0x20, 0x00, 0x8f, 0xf0, 0x00,
    0x00, 0x00, 0x8f, 0x90, 0x7f, 0xdc, 0xef, 0xf6,
    0x00, 0x00, 0x00, 0x02, 0xff, 0x04, 0xdf, 0xff,
    0xc5, 0x00, 0x00, 0x00, 0x00, 0x0c, 0xf5, 0x00,
    0x01, 0x00, 0x00, 0x00, 0x00, 0x00, 0x00, 0x7f,
    0xb0, 0x00, 0x00, 0x00, 0x00, 0x00, 0x00, 0x00,
    0x02, 0xff, 0x10, 0x00, 0x00, 0x00, 0x00, 0x00,
    0x00, 0x00, 0x0d, 0xf6, 0x00, 0x00, 0x00, 0x00,
    0x00, 0x00, 0x00, 0x00, 0x8f, 0xb0, 0x00, 0x00,
    0x00, 0x00, 0x00, 0x00, 0x00, 0x04, 0xfb, 0x00,
    0x00, 0x00, 0x00, 0x00, 0x00, 0x00, 0x00, 0x00,
    0x00, 0x00, 0x00, 0x00, 0x00,

    /* U+308A "り" */
    0x3f, 0xc0, 0x00, 0x00, 0x00, 0x00, 0x05, 0xfa,
    0x00, 0x7d, 0xeb, 0x30, 0x00, 0x7f, 0x71, 0xdf,
    0xff, 0xff, 0x50, 0x09, 0xf5, 0xdf, 0x50, 0x08,
    0xff, 0x10, 0xbf, 0xcf, 0x30, 0x00, 0x0b, 0xf7,
    0x0c, 0xff, 0x70, 0x00, 0x00, 0x5f, 0xc0, 0xef,
    0xe0, 0x00, 0x00, 0x02, 0xff, 0x0e, 0xf8, 0x00,
    0x00, 0x00, 0x1f, 0xf0, 0xff, 0x30, 0x00, 0x00,
    0x01, 0xff, 0x0e, 0xf2, 0x00, 0x00, 0x00, 0x2f,
    0xf0, 0xdf, 0x20, 0x00, 0x00, 0x06, 0xfc, 0x06,
    0x71, 0x00, 0x00, 0x00, 0xcf, 0x80, 0x00, 0x00,
    0x00, 0x00, 0x7f, 0xf1, 0x00, 0x00, 0x00, 0x00,
    0x8f, 0xf6, 0x00, 0x00, 0x00, 0x27, 0xef, 0xf7,
    0x00, 0x00, 0x06, 0xef, 0xff, 0xd4, 0x00, 0x00,
    0x00, 0x0e, 0xea, 0x40, 0x00, 0x00, 0x00, 0x00,
    0x00, 0x00, 0x00, 0x00, 0x00,

    /* U+308B "る" */
    0x00, 0x00, 0x00, 0x00, 0x00, 0x12, 0x10, 0x00,
    0x00, 0x4e, 0xee, 0xef, 0xff, 0xff, 0xb0, 0x00,
    0x00, 0x4f, 0xfe, 0xdd, 0xcd, 0xff, 0xa0, 0x00,
    0x00, 0x00, 0x00, 0x00, 0x3e, 0xf5, 0x00, 0x00,
    0x00, 0x00, 0x00, 0x05, 0xfe, 0x30, 0x00, 0x00,
    0x00, 0x00, 0x00, 0x8f, 0xc1, 0x00, 0x00, 0x00,
    0x00, 0x00, 0x0b, 0xfd, 0x66, 0x52, 0x00, 0x00,
    0x00, 0x01, 0xdf, 0xff, 0xff, 0xff, 0xc2, 0x00,
    0x00, 0x3e, 0xfe, 0x84, 0x22, 0x5b, 0xff, 0x30,
    0x05, 0xff, 0x70, 0x00, 0x00, 0x00, 0x8f, 0xd0,
    0x8f, 0xf4, 0x00, 0x00, 0x00, 0x00, 0x0e, 0xf2,
    0x3f, 0x40, 0x08, 0xcd, 0xa3, 0x00, 0x0c, 0xf4,
    0x01, 0x00, 0xcf, 0xcb, 0xff, 0x40, 0x0e, 0xf2,
    0x00, 0x02, 0xfb, 0x00, 0x3f, 0xe0, 0x7f, 0xd0,
    0x00, 0x02, 0xfd, 0x10, 0x0b, 0xfa, 0xff, 0x40,
    0x00, 0x00, 0xaf, 0xfd, 0xdf, 0xff, 0xf5, 0x00,
    0x00, 0x00, 0x06, 0xcf, 0xfe, 0xc7, 0x10, 0x00,

    /* U+30A1 "ァ" */
    0x00, 0x00, 0x00, 0x00, 0x00, 0x00, 0x00, 0x07,
    0xff, 0xff, 0xff, 0xff, 0xff, 0xff, 0xe3, 0x7d,
    0xdd, 0xdd, 0xdd, 0xdd, 0xde, 0xff, 0x30, 0x00,
    0x00, 0x00, 0x00, 0x00, 0xcf, 0x70, 0x00, 0x00,
    0x04, 0xfc, 0x00, 0x9f, 0xc0, 0x00, 0x00, 0x00,
    0x4f, 0xc0, 0x9f, 0xd1, 0x00, 0x00, 0x00, 0x04,
    0xfb, 0x2d, 0xe2, 0x00, 0x00, 0x00, 0x00, 0x6f,
    0x90, 0x01, 0x00, 0x00, 0x00, 0x00, 0x0a, 0xf5,
    0x00, 0x00, 0x00, 0x00, 0x00, 0x02, 0xff, 0x10,
    0x00, 0x00, 0x00, 0x00, 0x01, 0xcf, 0x90, 0x00,
    0x00, 0x00, 0x00, 0x03, 0xdf, 0xd0, 0x00, 0x00,
    0x00, 0x00, 0x04, 0xff, 0xc1, 0x00, 0x00, 0x00,
    0x00, 0x00, 0x04, 0x70, 0x00, 0x00, 0x00, 0x00,
    0x00,

    /* U+30A2 "ア" */
    0x8d, 0xcc, 0xcc, 0xcc, 0xcc, 0xcc, 0xcc, 0xcd,
    0x38, 0xff, 0xff, 0xff, 0xff, 0xff, 0xff, 0xff,
    0xfa, 0x22, 0x22, 0x22, 0x22, 0x22, 0x22, 0x28,
    0xfe, 0x10, 0x00, 0x00, 0x00, 0x11, 0x00, 0x03,
    0xff, 0x50, 0x00, 0x00, 0x00, 0x6f, 0xd0, 0x02,
    0xef, 0x90, 0x00, 0x00, 0x00, 0x05, 0xfd, 0x04,
    0xef, 0xb0, 0x00, 0x00, 0x00, 0x00, 0x5f, 0xc1,
    0xdf, 0xb0, 0x00, 0x00, 0x00, 0x00, 0x06, 0xfb,
    0x01, 0x60, 0x00, 0x00, 0x00, 0x00, 0x00, 0x8f,
    0x90, 0x00, 0x00, 0x00, 0x00, 0x00, 0x00, 0x0c,
    0xf6, 0x00, 0x00, 0x00, 0x00, 0x00, 0x00, 0x02,
    0xff, 0x10, 0x00, 0x00, 0x00, 0x00, 0x00, 0x00,
    0xcf, 0xa0, 0x00, 0x00, 0x00, 0x00, 0x00, 0x00,
    0xaf, 0xf2, 0x00, 0x00, 0x00, 0x00, 0x00, 0x04,
    0xdf, 0xf4, 0x00, 0x00, 0x00, 0x00, 0x00, 0x02,
    0xef, 0xe4, 0x00, 0x00, 0x00, 0x00, 0x00, 0x00,
    0x02, 0x81, 0x00, 0x00, 0x00, 0x00, 0x00, 0x00,

    /* U+30A3 "ィ" */
    0x00, 0x00, 0x00, 0x00, 0x00, 0x00, 0x00, 0x00,
    0x00, 0x00, 0x00, 0x00, 0x05, 0xc1, 0x00, 0x00,
    0x00, 0x00, 0x00, 0x6f, 0xf8, 0x00, 0x00, 0x00,
    0x00, 0x08, 0xff, 0x90, 0x00, 0x00, 0x00, 0x02,
    0xcf, 0xf6, 0x00, 0x00, 0x00, 0x01, 0x8f, 0xfd,
    0x30, 0x00, 0x00, 0x02, 0x8f, 0xff, 0xf4, 0x00,
    0x00, 0x26, 0xbf, 0xff, 0xae, 0xf4, 0x00, 0x00,
    0x9f, 0xfe, 0x82, 0x0e, 0xf4, 0x00, 0x00, 0x1b,
    0x50, 0x00, 0x0e, 0xf4, 0x00, 0x00, 0x00, 0x00,
    0x00, 0x0e, 0xf4, 0x00, 0x00, 0x00, 0x00, 0x00,
    0x0e, 0xf4, 0x00, 0x00, 0x00, 0x00, 0x00, 0x0e,
    0xf4, 0x00, 0x00, 0x00, 0x00, 0x00, 0x0e, 0xf4,
    0x00, 0x00, 0x00, 0x00, 0x00, 0x0e, 0xf4, 0x00,
    0x00,

    /* U+30A4 "イ" */
    0x00, 0x00, 0x00, 0x00, 0x00, 0x00, 0x00, 0x84,
    0x00, 0x00, 0x00, 0x00, 0x00, 0x00, 0x00, 0x8f,
    0xf3, 0x00, 0x00, 0x00, 0x00, 0x00, 0x00, 0x9f,
    0xfa, 0x00, 0x00, 0x00, 0x00, 0x00, 0x01, 0xbf,
    0xf8, 0x00, 0x00, 0x00, 0x00, 0x00, 0x05, 0xef,
    0xf5, 0x00, 0x00, 0x00, 0x00, 0x00, 0x2b, 0xff,
    0xc2, 0x00, 0x00, 0x00, 0x00, 0x03, 0xaf, 0xff,
    0xf1, 0x00, 0x00, 0x00, 0x01, 0x6c, 0xff, 0xfb,
    0xff, 0x10, 0x00, 0x00, 0x3b, 0xff, 0xff, 0x92,
    0x2f, 0xf1, 0x00, 0x00, 0x01, 0xff, 0xd7, 0x10,
    0x02, 0xff, 0x10, 0x00, 0x00, 0x04, 0x20, 0x00,
    0x00, 0x2f, 0xf1, 0x00, 0x00, 0x00, 0x00, 0x00,
    0x00, 0x02, 0xff, 0x10, 0x00, 0x00, 0x00, 0x00,
    0x00, 0x00, 0x2f, 0xf1, 0x00, 0x00, 0x00, 0x00,
    0x00, 0x00, 0x02, 0xff, 0x10, 0x00, 0x00, 0x00,
    0x00, 0x00, 0x00, 0x2f, 0xf1, 0x00, 0x00, 0x00,
    0x00, 0x00, 0x00, 0x02, 0xff, 0x10, 0x00, 0x00,
    0x00, 0x00, 0x00, 0x00, 0x2b, 0xb2, 0x00, 0x00,
    0x00,

    /* U+30A6 "ウ" */
    0x00, 0x00, 0x00, 0x05, 0x51, 0x00, 0x00, 0x00,
    0x00, 0x00, 0x00, 0x00, 0xff, 0x30, 0x00, 0x00,
    0x00, 0x00, 0x00, 0x00, 0x0f, 0xf2, 0x00, 0x00,
    0x00, 0x00, 0x00, 0x00, 0x00, 0xff, 0x20, 0x00,
    0x00, 0x00, 0x3f, 0xff, 0xff, 0xff, 0xff, 0xff,
    0xff, 0xfa, 0x03, 0xff, 0xee, 0xee, 0xee, 0xee,
    0xee, 0xff, 0xe0, 0x3f, 0xd0, 0x00, 0x00, 0x00,
    0x00, 0x0a, 0xfa, 0x03, 0xfd, 0x00, 0x00, 0x00,
    0x00, 0x00, 0xdf, 0x70, 0x3f, 0xd0, 0x00, 0x00,
    0x00, 0x00, 0x1f, 0xf3, 0x03, 0xfd, 0x00, 0x00,
    0x00, 0x00, 0x06, 0xfe, 0x00, 0x28, 0x70, 0x00,
    0x00, 0x00, 0x00, 0xdf, 0x80, 0x00, 0x00, 0x00,
    0x00, 0x00, 0x00, 0x7f, 0xf1, 0x00, 0x00, 0x00,
    0x00, 0x00, 0x00, 0x4f, 0xf7, 0x00, 0x00, 0x00,
    0x00, 0x00, 0x00, 0x6f, 0xfb, 0x00, 0x00, 0x00,
    0x00, 0x00, 0x02, 0xbf, 0xfc, 0x00, 0x00, 0x00,
    0x00, 0x02, 0x7c, 0xff, 0xf9, 0x00, 0x00, 0x00,
    0x00, 0x00, 0x4f, 0xff, 0xc3, 0x00, 0x00, 0x00,
    0x00, 0x00, 0x00, 0x68, 0x30, 0x00, 0x00, 0x00,
    0x00,

    /* U+30A7 "ェ" */
    0x0b, 0xaa, 0xaa, 0xaa, 0xaa, 0xaa, 0xb1, 0x00,
    0xff, 0xff, 0xff, 0xff, 0xff, 0xff, 0x20, 0x03,
    0x22, 0x23, 0xff, 0x22, 0x22, 0x30, 0x00, 0x00,
    0x00, 0x1f, 0xf0, 0x00, 0x00, 0x00, 0x00, 0x00,
    0x01, 0xff, 0x00, 0x00, 0x00, 0x00, 0x00, 0x00,
    0x1f, 0xf0, 0x00, 0x00, 0x00, 0x00, 0x00, 0x01,
    0xff, 0x00, 0x00, 0x00, 0x00, 0x00, 0x00, 0x1f,
    0xf0, 0x00, 0x00, 0x00, 0x00, 0x00, 0x01, 0xff,
    0x00, 0x00, 0x00, 0x0f, 0xee, 0xee, 0xef, 0xfe,
    0xee, 0xee, 0xf0, 0xff, 0xff, 0xff, 0xff, 0xff,
    0xff, 0xff, 0x00, 0x00, 0x00, 0x00, 0x00, 0x00,
    0x00, 0x00,

    /* U+30A9 "ォ" */
    0x00, 0x00, 0x00, 0x00, 0x22, 0x00, 0x00, 0x00,
    0x00, 0x00, 0x00, 0x0c, 0xf2, 0x00, 0x00, 0x00,
    0x00, 0x00, 0x00, 0xbf, 0x20, 0x00, 0x00, 0x43,
    0x33, 0x33, 0x3c, 0xf5, 0x33, 0x41, 0x1f, 0xff,
    0xff, 0xff, 0xff, 0xff, 0xff, 0x40, 0x99, 0x99,
    0x99, 0xdf, 0xfa, 0x99, 0x92, 0x00, 0x00, 0x00,
    0x3f, 0xff, 0x30, 0x00, 0x00, 0x00, 0x00, 0x2e,
    0xfe, 0xf3, 0x00, 0x00, 0x00, 0x00, 0x3e, 0xf8,
    0x9f, 0x40, 0x00, 0x00, 0x00, 0x5f, 0xf9, 0x09,
    0xf4, 0x00, 0x00, 0x00, 0x9f, 0xf9, 0x00, 0x9f,
    0x40, 0x00, 0x04, 0xef, 0xf7, 0x00, 0x09, 0xf5,
    0x00, 0x00, 0x2f, 0xd3, 0x00, 0x00, 0x9f, 0x50,
    0x00, 0x00, 0x30, 0x00, 0x5c, 0xbe, 0xf5, 0x00,
    0x00, 0x00, 0x00, 0x05, 0xff, 0xfd, 0x10, 0x00,
    0x00, 0x00, 0x00, 0x00, 0x00, 0x00, 0x00, 0x00,

    /* U+30AB "カ" */
    0x00, 0x00, 0x00, 0x0a, 0xa2, 0x00, 0x00, 0x00,
    0x00, 0x00, 0x00, 0x00, 0xef, 0x30, 0x00, 0x00,
    0x00, 0x00, 0x00, 0x00, 0x0e, 0xf2, 0x00, 0x00,
    0x00, 0x00, 0x10, 0x00, 0x00, 0xff, 0x10, 0x00,
    0x01, 0x00, 0x0a, 0xff, 0xff, 0xff, 0xff, 0xff,
    0xff, 0xfc, 0x10, 0x9e, 0xee, 0xee, 0xff, 0xee,
    0xee, 0xef, 0xf1, 0x00, 0x00, 0x00, 0x4f, 0xc0,
    0x00, 0x00, 0xff, 0x00, 0x00, 0x00, 0x07, 0xf9,
    0x00, 0x00, 0x0f, 0xf0, 0x00, 0x00, 0x00, 0xcf,
    0x50, 0x00, 0x01, 0xfe, 0x00, 0x00, 0x00, 0x2f,
    0xf1, 0x00, 0x00, 0x2f, 0xd0, 0x00, 0x00, 0x09,
    0xfb, 0x00, 0x00, 0x04, 0xfb, 0x00, 0x00, 0x03,
    0xff, 0x30, 0x00, 0x00, 0x6f, 0x90, 0x00, 0x01,
    0xef, 0xa0, 0x00, 0x00, 0x09, 0xf7, 0x00, 0x02,
    0xdf, 0xe1, 0x00, 0x00, 0x00, 0xef, 0x40, 0x05,
    0xef, 0xe2, 0x00, 0x0d, 0xed, 0xef, 0xf0, 0x00,
    0x7f, 0xd2, 0x00, 0x00, 0xcf, 0xff, 0xf7, 0x00,
    0x00, 0x30, 0x00, 0x00, 0x01, 0x23, 0x31, 0x00,
    0x00,

    /* U+30AF "ク" */
    0x00, 0x00, 0x00, 0x00, 0x00, 0x00, 0x00, 0x00,
    0x00, 0x00, 0x00, 0x00, 0x7d, 0x80, 0x00, 0x00,
    0x00, 0x00, 0x00, 0x00, 0x0d, 0xf8, 0x00, 0x00,
    0x00, 0x00, 0x00, 0x00, 0x07, 0xff, 0x11, 0x11,
    0x12, 0x10, 0x00, 0x00, 0x02, 0xff, 0xff, 0xff,
    0xff, 0xfe, 0x40, 0x00, 0x00, 0xdf, 0xdb, 0xbb,
    0xbb, 0xcf, 0xf4, 0x00, 0x00, 0xbf, 0xd1, 0x00,
    0x00, 0x06, 0xfe, 0x00, 0x01, 0xbf, 0xe2, 0x00,
    0x00, 0x00, 0xcf, 0x90, 0x03, 0xdf, 0xe3, 0x00,
    0x00, 0x00, 0x3f, 0xf3, 0x00, 0xdf, 0xd2, 0x00,
    0x00, 0x00, 0x0c, 0xfb, 0x00, 0x00, 0x70, 0x00,
    0x00, 0x00, 0x06, 0xff, 0x20, 0x00, 0x00, 0x00,
    0x00, 0x00, 0x02, 0xff, 0x80, 0x00, 0x00, 0x00,
    0x00, 0x00, 0x02, 0xef, 0xc0, 0x00, 0x00, 0x00,
    0x00, 0x00, 0x03, 0xef, 0xd1, 0x00, 0x00, 0x00,
    0x00, 0x00, 0x08, 0xff, 0xd1, 0x00, 0x00, 0x00,
    0x00, 0x00, 0x6e, 0xff, 0xa1, 0x00, 0x00, 0x00,
    0x00, 0x09, 0xef, 0xfe, 0x50, 0x00, 0x00, 0x00,
    0x00, 0x00, 0x5f, 0xe7, 0x00, 0x00, 0x00, 0x00,
    0x00, 0x00, 0x00, 0x20, 0x00, 0x00, 0x00, 0x00,
    0x00, 0x00,

    /* U+30B0 "グ" */
    0x00, 0x00, 0x00, 0x00, 0x00, 0x00, 0x00, 0x00,
    0x00, 0x00, 0x00, 0x00, 0x00, 0x00, 0x00, 0x00,
    0x00, 0x4d, 0x10, 0x00, 0x00, 0x00, 0x1a, 0x50,
    0x00, 0x08, 0xd1, 0xea, 0x00, 0x00, 0x00, 0x07,
    0xfe, 0x10, 0x00, 0x2f, 0x75, 0xf2, 0x00, 0x00,
    0x01, 0xff, 0x60, 0x00, 0x00, 0x9b, 0x01, 0x00,
    0x00, 0x00, 0xaf, 0xfc, 0xcc, 0xcc, 0xdd, 0x40,
    0x00, 0x00, 0x00, 0x6f, 0xff, 0xff, 0xff, 0xff,
    0xfb, 0x00, 0x00, 0x00, 0x3f, 0xf7, 0x00, 0x00,
    0x00, 0xff, 0x50, 0x00, 0x00, 0x4f, 0xf9, 0x00,
    0x00, 0x00, 0x6f, 0xf0, 0x00, 0x00, 0x6f, 0xfa,
    0x00, 0x00, 0x00, 0x0d, 0xf9, 0x00, 0x00, 0x9f,
    0xf9, 0x00, 0x00, 0x00, 0x05, 0xff, 0x20, 0x00,
    0x01, 0xa5, 0x00, 0x00, 0x00, 0x00, 0xef, 0x90,
    0x00, 0x00, 0x00, 0x00, 0x00, 0x00, 0x00, 0xaf,
    0xe1, 0x00, 0x00, 0x00, 0x00, 0x00, 0x00, 0x00,
    0x8f, 0xf4, 0x00, 0x00, 0x00, 0x00, 0x00, 0x00,
    0x00, 0x9f, 0xf7, 0x00, 0x00, 0x00, 0x00, 0x00,
    0x00, 0x01, 0xbf, 0xf7, 0x00, 0x00, 0x00, 0x00,
    0x00, 0x00, 0x18, 0xff, 0xf6, 0x00, 0x00, 0x00,
    0x00, 0x00, 0x04, 0x9f, 0xff, 0xc3, 0x00, 0x00,
    0x00, 0x00, 0x00, 0x00, 0x5f, 0xfd, 0x60, 0x00,
    0x00, 0x00, 0x00, 0x00, 0x00, 0x00, 0x34, 0x00,
    0x00, 0x00, 0x00, 0x00, 0x00, 0x00,

    /* U+30B2 "ゲ" */
    0x00, 0x00, 0x00, 0x00, 0x00, 0x00, 0x00, 0x00,
    0x5c, 0x00, 0x00, 0x00, 0x01, 0xa7, 0x10, 0x00,
    0x00, 0xab, 0x2f, 0x80, 0x00, 0x00, 0x05, 0xff,
    0x00, 0x00, 0x00, 0x4f, 0x48, 0xf0, 0x00, 0x00,
    0x09, 0xfa, 0x00, 0x00, 0x00, 0x0b, 0xa0, 0x10,
    0x00, 0x00, 0x0f, 0xf4, 0x00, 0x00, 0x00, 0x00,
    0x00, 0x00, 0x00, 0x00, 0x7f, 0xff, 0xff, 0xff,
    0xff, 0xff, 0xff, 0x20, 0x00, 0x01, 0xff, 0xff,
    0xff, 0xff, 0xff, 0xff, 0xff, 0x20, 0x00, 0x0b,
    0xfd, 0x00, 0x00, 0x2f, 0xf0, 0x00, 0x00, 0x00,
    0x00, 0x8f, 0xf3, 0x00, 0x00, 0x4f, 0xe0, 0x00,
    0x00, 0x00, 0x07, 0xff, 0x70, 0x00, 0x00, 0x7f,
    0xb0, 0x00, 0x00, 0x00, 0x06, 0xe9, 0x00, 0x00,
    0x00, 0xcf, 0x80, 0x00, 0x00, 0x00, 0x00, 0x10,
    0x00, 0x00, 0x02, 0xff, 0x30, 0x00, 0x00, 0x00,
    0x00, 0x00, 0x00, 0x00, 0x09, 0xfd, 0x00, 0x00,
    0x00, 0x00, 0x00, 0x00, 0x00, 0x00, 0x3f, 0xf5,
    0x00, 0x00, 0x00, 0x00, 0x00, 0x00, 0x00, 0x02,
    0xef, 0xc0, 0x00, 0x00, 0x00, 0x00, 0x00, 0x00,
    0x00, 0x3e, 0xfe, 0x20, 0x00, 0x00, 0x00, 0x00,
    0x00, 0x00, 0x08, 0xff, 0xe3, 0x00, 0x00, 0x00,
    0x00, 0x00, 0x00, 0x00, 0x03, 0xdd, 0x20, 0x00,
    0x00, 0x00, 0x00, 0x00, 0x00, 0x00, 0x00, 0x00,
    0x00, 0x00, 0x00, 0x00, 0x00, 0x00,

    /* U+30B7 "シ" */
    0x00, 0x00, 0x15, 0x00, 0x00, 0x00, 0x00, 0x00,
    0x00, 0x00, 0x00, 0xaf, 0xb1, 0x00, 0x00, 0x00,
    0x00, 0x00, 0x00, 0x00, 0x7f, 0xff, 0x60, 0x00,
    0x00, 0x00, 0x00, 0x00, 0x00, 0x02, 0xbf, 0xf4,
    0x00, 0x00, 0x00, 0x00, 0x00, 0x00, 0x00, 0x06,
    0xa0, 0x00, 0x00, 0x00, 0x00, 0x05, 0xc3, 0x00,
    0x00, 0x00, 0x00, 0x00, 0x02, 0x70, 0x0d, 0xff,
    0x91, 0x00, 0x00, 0x00, 0x00, 0x0c, 0xf1, 0x01,
    0x9f, 0xfe, 0x30, 0x00, 0x00, 0x00, 0x8f, 0xf2,
    0x00, 0x03, 0xde, 0x10, 0x00, 0x00, 0x07, 0xff,
    0x60, 0x00, 0x00, 0x03, 0x00, 0x00, 0x00, 0x7f,
    0xf8, 0x00, 0x00, 0x00, 0x00, 0x00, 0x00, 0x0a,
    0xff, 0x90, 0x00, 0x00, 0x00, 0x00, 0x00, 0x03,
    0xdf, 0xf7, 0x00, 0x00, 0x00, 0x00, 0x00, 0x01,
    0x9f, 0xff, 0x50, 0x00, 0x00, 0x00, 0x00, 0x04,
    0xaf, 0xff, 0xb1, 0x00, 0x00, 0x00, 0x00, 0x7b,
    0xff, 0xff, 0xd4, 0x00, 0x00, 0x00, 0x00, 0x00,
    0xcf, 0xff, 0xb4, 0x00, 0x00, 0x00, 0x00, 0x00,
    0x00, 0x39, 0x51, 0x00, 0x00, 0x00, 0x00, 0x00,
    0x00,

    /* U+30B8 "ジ" */
    0x00, 0x00, 0x00, 0x00, 0x00, 0x00, 0x00, 0x00,
    0x00, 0x00, 0x00, 0x02, 0x10, 0x00, 0x00, 0x00,
    0x01, 0xd8, 0x00, 0x00, 0x00, 0xcf, 0x60, 0x00,
    0x00, 0x9d, 0x09, 0xf3, 0x00, 0x00, 0x1c, 0xff,
    0xc2, 0x00, 0x03, 0xf7, 0x0e, 0xc0, 0x00, 0x00,
    0x06, 0xef, 0xf1, 0x00, 0x0a, 0xf1, 0x43, 0x00,
    0x00, 0x00, 0x01, 0xb8, 0x00, 0x00, 0x25, 0x00,
    0x00, 0x07, 0x80, 0x00, 0x00, 0x00, 0x00, 0x00,
    0x04, 0x20, 0x02, 0xff, 0xe5, 0x00, 0x00, 0x00,
    0x00, 0x01, 0xeb, 0x00, 0x04, 0xdf, 0xfa, 0x00,
    0x00, 0x00, 0x00, 0xbf, 0xe0, 0x00, 0x00, 0x8f,
    0xc0, 0x00, 0x00, 0x00, 0x9f, 0xf3, 0x00, 0x00,
    0x00, 0x32, 0x00, 0x00, 0x00, 0x9f, 0xf6, 0x00,
    0x00, 0x00, 0x00, 0x00, 0x00, 0x01, 0xbf, 0xf7,
    0x00, 0x00, 0x00, 0x00, 0x00, 0x00, 0x04, 0xef,
    0xf6, 0x00, 0x00, 0x00, 0x00, 0x00, 0x00, 0x1a,
    0xff, 0xe3, 0x00, 0x00, 0x00, 0x00, 0x00, 0x04,
    0xaf, 0xff, 0xa1, 0x00, 0x00, 0x00, 0x00, 0x16,
    0xae, 0xff, 0xfd, 0x40, 0x00, 0x00, 0x00, 0x00,
    0x01, 0xff, 0xff, 0xb4, 0x00, 0x00, 0x00, 0x00,
    0x00, 0x00, 0x07, 0xa6, 0x10, 0x00, 0x00, 0x00,
    0x00, 0x00, 0x00,

    /* U+30B9 "ス" */
    0x00, 0x12, 0x11, 0x11, 0x11, 0x11, 0x13, 0x00,
    0x00, 0x00, 0x5f, 0xff, 0xff, 0xff, 0xff, 0xff,
    0xd1, 0x00, 0x00, 0x5f, 0xfe, 0xee, 0xee, 0xee,
    0xff, 0xd0, 0x00, 0x00, 0x00, 0x00, 0x00, 0x00,
    0x00, 0xff, 0x50, 0x00, 0x00, 0x00, 0x00, 0x00,
    0x00, 0x07, 0xfd, 0x00, 0x00, 0x00, 0x00, 0x00,
    0x00, 0x00, 0x1f, 0xf5, 0x00, 0x00, 0x00, 0x00,
    0x00, 0x00, 0x00, 0xaf, 0xb0, 0x00, 0x00, 0x00,
    0x00, 0x00, 0x00, 0x06, 0xff, 0x20, 0x00, 0x00,
    0x00, 0x00, 0x00, 0x00, 0x4f, 0xfb, 0x00, 0x00,
    0x00, 0x00, 0x00, 0x00, 0x04, 0xff, 0xff, 0x90,
    0x00, 0x00, 0x00, 0x00, 0x00, 0x6f, 0xf9, 0x6f,
    0xfa, 0x00, 0x00, 0x00, 0x00, 0x09, 0xff, 0x90,
    0x06, 0xff, 0xa0, 0x00, 0x00, 0x04, 0xdf, 0xf7,
    0x00, 0x00, 0x6f, 0xf9, 0x00, 0x03, 0xbf, 0xfe,
    0x40, 0x00, 0x00, 0x08, 0xff, 0x70, 0x0c, 0xff,
    0xa1, 0x00, 0x00, 0x00, 0x00, 0xaf, 0xc0, 0x00,
    0x93, 0x00, 0x00, 0x00, 0x00, 0x00, 0x09, 0x00,

    /* U+30BB "セ" */
    0x00, 0x00, 0x16, 0x60, 0x00, 0x00, 0x00, 0x00,
    0x00, 0x00, 0x02, 0xff, 0x00, 0x00, 0x00, 0x00,
    0x00, 0x00, 0x00, 0x1f, 0xf0, 0x00, 0x00, 0x00,
    0x00, 0x00, 0x00, 0x01, 0xff, 0x00, 0x00, 0x00,
    0x01, 0x40, 0x00, 0x00, 0x1f, 0xf0, 0x00, 0x37,
    0xad, 0xff, 0x80, 0x00, 0x02, 0xff, 0xad, 0xff,
    0xff, 0xff, 0xf7, 0x58, 0xbe, 0xff, 0xff, 0xfe,
    0xb7, 0x47, 0xfd, 0x0b, 0xff, 0xff, 0xff, 0x41,
    0x00, 0x01, 0xef, 0x40, 0x68, 0x51, 0x1f, 0xf0,
    0x00, 0x00, 0xbf, 0x90, 0x00, 0x00, 0x01, 0xff,
    0x00, 0x00, 0x8f, 0xd0, 0x00, 0x00, 0x00, 0x1f,
    0xf0, 0x00, 0x2f, 0xf2, 0x00, 0x00, 0x00, 0x01,
    0xff, 0x00, 0x00, 0x13, 0x00, 0x00, 0x00, 0x00,
    0x1f, 0xf0, 0x00, 0x00, 0x00, 0x00, 0x00, 0x00,
    0x01, 0xff, 0x00, 0x00, 0x00, 0x00, 0x00, 0x00,
    0x00, 0x0f, 0xf9, 0x43, 0x33, 0x56, 0x8b, 0x00,
    0x00, 0x00, 0xaf, 0xff, 0xff, 0xff, 0xff, 0xf0,
    0x00, 0x00, 0x00, 0x5a, 0xbc, 0xcb, 0xba, 0x86,
    0x00,

    /* U+30BF "タ" */
    0x00, 0x00, 0x00, 0x03, 0x61, 0x00, 0x00, 0x00,
    0x00, 0x00, 0x00, 0x00, 0xbf, 0xb0, 0x00, 0x00,
    0x00, 0x00, 0x00, 0x00, 0x3f, 0xf2, 0x00, 0x00,
    0x00, 0x00, 0x00, 0x00, 0x0d, 0xff, 0xcc, 0xcc,
    0xcd, 0xb1, 0x00, 0x00, 0x09, 0xff, 0xff, 0xff,
    0xff, 0xff, 0x70, 0x00, 0x06, 0xff, 0x30, 0x00,
    0x00, 0x5f, 0xf1, 0x00, 0x05, 0xff, 0x60, 0x00,
    0x00, 0x0a, 0xfb, 0x00, 0x06, 0xff, 0x70, 0x30,
    0x00, 0x01, 0xff, 0x40, 0x1a, 0xff, 0x70, 0x7f,
    0xc2, 0x00, 0xaf, 0xc0, 0x01, 0xbf, 0x50, 0x04,
    0xef, 0xf7, 0x4f, 0xf3, 0x00, 0x00, 0x10, 0x00,
    0x01, 0xaf, 0xff, 0xf9, 0x00, 0x00, 0x00, 0x00,
    0x00, 0x00, 0x6f, 0xff, 0x70, 0x00, 0x00, 0x00,
    0x00, 0x00, 0x0b, 0xff, 0xff, 0xa0, 0x00, 0x00,
    0x00, 0x00, 0x2d, 0xff, 0x49, 0xfd, 0x10, 0x00,
    0x00, 0x00, 0x7f, 0xfe, 0x30, 0x07, 0x20, 0x00,
    0x00, 0x17, 0xef, 0xfb, 0x10, 0x00, 0x00, 0x00,
    0x00, 0x2f, 0xff, 0xe5, 0x00, 0x00, 0x00, 0x00,
    0x00, 0x00, 0x4c, 0x60, 0x00, 0x00, 0x00, 0x00,
    0x00,

    /* U+30C0 "ダ" */
    0x00, 0x00, 0x00, 0x00, 0x00, 0x00, 0x00, 0x00,
    0x00, 0x00, 0x00, 0x00, 0x00, 0x00, 0x00, 0x00,
    0x00, 0x4d, 0x10, 0x00, 0x00, 0x00, 0x0c, 0x81,
    0x00, 0x09, 0xd1, 0xea, 0x00, 0x00, 0x00, 0x06,
    0xfe, 0x10, 0x00, 0x2f, 0x75, 0xf2, 0x00, 0x00,
    0x01, 0xef, 0x70, 0x00, 0x01, 0xbb, 0x01, 0x00,
    0x00, 0x00, 0x9f, 0xff, 0xff, 0xff, 0xff, 0x90,
    0x00, 0x00, 0x00, 0x5f, 0xfc, 0xcc, 0xcc, 0xcf,
    0xfc, 0x00, 0x00, 0x00, 0x3f, 0xf6, 0x00, 0x00,
    0x00, 0xef, 0x60, 0x00, 0x00, 0x3f, 0xf9, 0x00,
    0x00, 0x00, 0x5f, 0xf0, 0x00, 0x00, 0x5f, 0xfa,
    0x05, 0x50, 0x00, 0x0c, 0xf9, 0x00, 0x00, 0x9f,
    0xf9, 0x03, 0xff, 0xb1, 0x05, 0xff, 0x10, 0x00,
    0x02, 0xc6, 0x00, 0x06, 0xff, 0xf6, 0xef, 0x80,
    0x00, 0x00, 0x00, 0x00, 0x00, 0x02, 0xcf, 0xff,
    0xd0, 0x00, 0x00, 0x00, 0x00, 0x00, 0x00, 0x00,
    0xdf, 0xfe, 0x40, 0x00, 0x00, 0x00, 0x00, 0x00,
    0x00, 0xaf, 0xfe, 0xff, 0x60, 0x00, 0x00, 0x00,
    0x00, 0x02, 0xcf, 0xf5, 0x1c, 0xf2, 0x00, 0x00,
    0x00, 0x00, 0x07, 0xff, 0xe4, 0x00, 0x03, 0x00,
    0x00, 0x00, 0x02, 0x8e, 0xff, 0xb1, 0x00, 0x00,
    0x00, 0x00, 0x00, 0x00, 0x8f, 0xfd, 0x50, 0x00,
    0x00, 0x00, 0x00, 0x00, 0x00, 0x00, 0x64, 0x00,
    0x00, 0x00, 0x00, 0x00, 0x00, 0x00,

    /* U+30C1 "チ" */
    0x00, 0x00, 0x00, 0x00, 0x00, 0x00, 0x16, 0x00,
    0x00, 0x00, 0x11, 0x12, 0x34, 0x68, 0xbe, 0xff,
    0xa0, 0x00, 0x00, 0xdf, 0xff, 0xff, 0xff, 0xff,
    0xc9, 0x50, 0x00, 0x00, 0x7b, 0xba, 0x98, 0xff,
    0x40, 0x00, 0x00, 0x00, 0x00, 0x00, 0x00, 0x00,
    0xef, 0x20, 0x00, 0x00, 0x00, 0x00, 0x00, 0x00,
    0x00, 0xef, 0x20, 0x00, 0x00, 0x00, 0x00, 0x00,
    0x00, 0x00, 0xef, 0x20, 0x00, 0x00, 0x00, 0x8f,
    0xff, 0xff, 0xff, 0xff, 0xff, 0xff, 0xff, 0xf2,
    0x7e, 0xee, 0xee, 0xee, 0xff, 0xee, 0xee, 0xee,
    0xe2, 0x00, 0x00, 0x00, 0x01, 0xff, 0x00, 0x00,
    0x00, 0x00, 0x00, 0x00, 0x00, 0x04, 0xfd, 0x00,
    0x00, 0x00, 0x00, 0x00, 0x00, 0x00, 0x0a, 0xf9,
    0x00, 0x00, 0x00, 0x00, 0x00, 0x00, 0x00, 0x2f,
    0xf4, 0x00, 0x00, 0x00, 0x00, 0x00, 0x00, 0x00,
    0xdf, 0xc0, 0x00, 0x00, 0x00, 0x00, 0x00, 0x00,
    0x1c, 0xff, 0x20, 0x00, 0x00, 0x00, 0x00, 0x00,
    0x07, 0xff, 0xf4, 0x00, 0x00, 0x00, 0x00, 0x00,
    0x00, 0x02, 0xdd, 0x20, 0x00, 0x00, 0x00, 0x00,
    0x00, 0x00, 0x00, 0x00, 0x00, 0x00, 0x00, 0x00,
    0x00, 0x00,

    /* U+30C3 "ッ" */
    0x00, 0x00, 0x03, 0x80, 0x00, 0x00, 0x00, 0x00,
    0x63, 0x00, 0xcf, 0x50, 0x00, 0x2e, 0x90, 0x7f,
    0xb0, 0x06, 0xfb, 0x00, 0x05, 0xfd, 0x00, 0xff,
    0x20, 0x0f, 0xf1, 0x00, 0x9f, 0x90, 0x09, 0xf8,
    0x00, 0xaf, 0x40, 0x0e, 0xf4, 0x00, 0x4f, 0xe0,
    0x02, 0x00, 0x05, 0xfd, 0x00, 0x00, 0x61, 0x00,
    0x00, 0x00, 0xdf, 0x60, 0x00, 0x00, 0x00, 0x00,
    0x00, 0x8f, 0xd0, 0x00, 0x00, 0x00, 0x00, 0x00,
    0x6f, 0xf3, 0x00, 0x00, 0x00, 0x00, 0x00, 0x8f,
    0xf6, 0x00, 0x00, 0x00, 0x00, 0x03, 0xcf, 0xf6,
    0x00, 0x00, 0x00, 0x00, 0x4b, 0xff, 0xe4, 0x00,
    0x00, 0x00, 0x00, 0x0b, 0xff, 0xa1, 0x00, 0x00,
    0x00, 0x00, 0x00, 0x07, 0x20, 0x00, 0x00, 0x00,
    0x00,

    /* U+30C6 "テ" */
    0x00, 0x00, 0x00, 0x00, 0x00, 0x00, 0x00, 0x00,
    0x00, 0x00, 0x0e, 0xee, 0xee, 0xee, 0xee, 0xee,
    0xf1, 0x00, 0x00, 0x0e, 0xff, 0xff, 0xff, 0xff,
    0xff, 0xf1, 0x00, 0x00, 0x00, 0x00, 0x00, 0x00,
    0x00, 0x00, 0x00, 0x00, 0x00, 0x00, 0x00, 0x00,
    0x00, 0x00, 0x00, 0x00, 0x00, 0x00, 0x00, 0x00,
    0x00, 0x00, 0x00, 0x00, 0x00, 0x00, 0x2e, 0xee,
    0xee, 0xee, 0xee, 0xee, 0xee, 0xee, 0xe6, 0x3f,
    0xff, 0xff, 0xff, 0xff, 0xff, 0xff, 0xff, 0xf6,
    0x00, 0x00, 0x00, 0x00, 0xcf, 0x70, 0x00, 0x00,
    0x00, 0x00, 0x00, 0x00, 0x00, 0xdf, 0x50, 0x00,
    0x00, 0x00, 0x00, 0x00, 0x00, 0x00, 0xff, 0x30,
    0x00, 0x00, 0x00, 0x00, 0x00, 0x00, 0x04, 0xff,
    0x00, 0x00, 0x00, 0x00, 0x00, 0x00, 0x00, 0x0b,
    0xfa, 0x00, 0x00, 0x00, 0x00, 0x00, 0x00, 0x00,
    0x7f, 0xf2, 0x00, 0x00, 0x00, 0x00, 0x00, 0x00,
    0x08, 0xff, 0x70, 0x00, 0x00, 0x00, 0x00, 0x00,
    0x02, 0xcf, 0xf7, 0x00, 0x00, 0x00, 0x00, 0x00,
    0x00, 0x00, 0x8e, 0x40, 0x00, 0x00, 0x00, 0x00,
    0x00, 0x00, 0x00, 0x00, 0x00, 0x00, 0x00, 0x00,
    0x00, 0x00,

    /* U+30C8 "ト" */
    0x46, 0x50, 0x00, 0x00, 0x00, 0x00, 0x8f, 0xb0,
    0x00, 0x00, 0x00, 0x00, 0x7f, 0xb0, 0x00, 0x00,
    0x00, 0x00, 0x7f, 0xb0, 0x00, 0x00, 0x00, 0x00,
    0x7f, 0xb0, 0x00, 0x00, 0x00, 0x00, 0x7f, 0xb0,
    0x00, 0x00, 0x00, 0x00, 0x7f, 0xfc, 0x72, 0x00,
    0x00, 0x00, 0x7f, 0xff, 0xff, 0xc6, 0x00, 0x00,
    0x7f, 0xc7, 0xdf, 0xff, 0xf9, 0x20, 0x7f, 0xb0,
    0x03, 0x9f, 0xff, 0xe0, 0x7f, 0xb0, 0x00, 0x01,
    0x7e, 0x90, 0x7f, 0xb0, 0x00, 0x00, 0x00, 0x10,
    0x7f, 0xb0, 0x00, 0x00, 0x00, 0x00, 0x7f, 0xb0,
    0x00, 0x00, 0x00, 0x00, 0x7f, 0xb0, 0x00, 0x00,
    0x00, 0x00, 0x7f, 0xb0, 0x00, 0x00, 0x00, 0x00,
    0x8f, 0xb0, 0x00, 0x00, 0x00, 0x00,

    /* U+30C9 "ド" */
    0x15, 0x50, 0x00, 0x00, 0x01, 0x70, 0x03, 0xff,
    0x10, 0x00, 0x44, 0x3f, 0x90, 0x2f, 0xf0, 0x00,
    0x0b, 0xe1, 0x8f, 0x32, 0xff, 0x00, 0x00, 0x2f,
    0x90, 0xc4, 0x2f, 0xf0, 0x00, 0x00, 0x8a, 0x00,
    0x02, 0xff, 0x00, 0x00, 0x00, 0x00, 0x00, 0x2f,
    0xfd, 0x82, 0x00, 0x00, 0x00, 0x02, 0xff, 0xff,
    0xfd, 0x71, 0x00, 0x00, 0x2f, 0xf6, 0xcf, 0xff,
    0xfa, 0x30, 0x02, 0xff, 0x00, 0x28, 0xef, 0xff,
    0x40, 0x2f, 0xf0, 0x00, 0x00, 0x6d, 0xe0, 0x02,
    0xff, 0x00, 0x00, 0x00, 0x02, 0x00, 0x2f, 0xf0,
    0x00, 0x00, 0x00, 0x00, 0x02, 0xff, 0x00, 0x00,
    0x00, 0x00, 0x00, 0x2f, 0xf0, 0x00, 0x00, 0x00,
    0x00, 0x02, 0xff, 0x00, 0x00, 0x00, 0x00, 0x00,
    0x4f, 0xf1, 0x00, 0x00, 0x00, 0x00, 0x00,

    /* U+30CA "ナ" */
    0x00, 0x00, 0x00, 0x04, 0xa9, 0x00, 0x00, 0x00,
    0x00, 0x00, 0x00, 0x00, 0x5f, 0xe0, 0x00, 0x00,
    0x00, 0x00, 0x00, 0x00, 0x05, 0xfd, 0x00, 0x00,
    0x00, 0x00, 0x00, 0x00, 0x00, 0x5f, 0xd0, 0x00,
    0x00, 0x00, 0x10, 0x00, 0x00, 0x05, 0xfd, 0x00,
    0x00, 0x00, 0x0e, 0xff, 0xff, 0xff, 0xff, 0xff,
    0xff, 0xff, 0xfb, 0xef, 0xff, 0xff, 0xff, 0xff,
    0xff, 0xff, 0xff, 0xb0, 0x00, 0x00, 0x00, 0x5f,
    0xd0, 0x00, 0x00, 0x00, 0x00, 0x00, 0x00, 0x07,
    0xfb, 0x00, 0x00, 0x00, 0x00, 0x00, 0x00, 0x00,
    0xaf, 0x90, 0x00, 0x00, 0x00, 0x00, 0x00, 0x00,
    0x0e, 0xf5, 0x00, 0x00, 0x00, 0x00, 0x00, 0x00,
    0x06, 0xff, 0x10, 0x00, 0x00, 0x00, 0x00, 0x00,
    0x01, 0xef, 0x90, 0x00, 0x00, 0x00, 0x00, 0x00,
    0x01, 0xcf, 0xe1, 0x00, 0x00, 0x00, 0x00, 0x00,
    0x03, 0xdf, 0xf4, 0x00, 0x00, 0x00, 0x00, 0x00,
    0x05, 0xff, 0xe4, 0x00, 0x00, 0x00, 0x00, 0x00,
    0x00, 0x06, 0xb1, 0x00, 0x00, 0x00, 0x00, 0x00,
    0x00,

    /* U+30CD "ネ" */
    0x00, 0x00, 0x00, 0x00, 0xef, 0x30, 0x00, 0x00,
    0x00, 0x00, 0x00, 0x00, 0x00, 0xef, 0x20, 0x00,
    0x00, 0x00, 0x00, 0x00, 0x00, 0x00, 0xef, 0x20,
    0x00, 0x00, 0x00, 0x01, 0xff, 0xff, 0xff, 0xff,
    0xff, 0xff, 0xe3, 0x00, 0x01, 0xfe, 0xee, 0xee,
    0xee, 0xee, 0xff, 0xf6, 0x00, 0x00, 0x00, 0x00,
    0x00, 0x00, 0x04, 0xff, 0x80, 0x00, 0x00, 0x00,
    0x00, 0x00, 0x00, 0x4f, 0xf9, 0x00, 0x00, 0x00,
    0x00, 0x00, 0x00, 0x07, 0xff, 0x90, 0x00, 0x00,
    0x00, 0x00, 0x00, 0x02, 0xbf, 0xf7, 0x00, 0x00,
    0x00, 0x00, 0x00, 0x01, 0x9f, 0xff, 0x50, 0x59,
    0x10, 0x00, 0x00, 0x04, 0xaf, 0xff, 0xff, 0x11,
    0xff, 0xf7, 0x00, 0x3a, 0xef, 0xff, 0xa2, 0xff,
    0x10, 0x2b, 0xff, 0xd3, 0x2f, 0xfd, 0x81, 0x00,
    0xff, 0x10, 0x00, 0x5e, 0xf6, 0x04, 0x30, 0x00,
    0x00, 0xff, 0x10, 0x00, 0x01, 0x70, 0x00, 0x00,
    0x00, 0x00, 0xff, 0x10, 0x00, 0x00, 0x00, 0x00,
    0x00, 0x00, 0x00, 0xff, 0x10, 0x00, 0x00, 0x00,
    0x00, 0x00, 0x00, 0x00, 0xff, 0x20, 0x00, 0x00,
    0x00, 0x00, 0x00, 0x00, 0x00, 0x33, 0x00, 0x00,
    0x00, 0x00,

    /* U+30D0 "バ" */
    0x00, 0x00, 0x00, 0x00, 0x00, 0x00, 0x00, 0x01,
    0x60, 0x00, 0x00, 0x00, 0x00, 0x00, 0x00, 0x00,
    0x57, 0x3f, 0x60, 0x00, 0x00, 0x00, 0x00, 0x00,
    0x00, 0x06, 0xf3, 0x9e, 0x10, 0x00, 0x00, 0x74,
    0x00, 0x04, 0xa5, 0x0d, 0xc1, 0x81, 0x00, 0x00,
    0x1f, 0xf3, 0x00, 0x8f, 0xd0, 0x33, 0x00, 0x00,
    0x00, 0x04, 0xfe, 0x00, 0x01, 0xff, 0x50, 0x00,
    0x00, 0x00, 0x00, 0x7f, 0xb0, 0x00, 0x09, 0xfc,
    0x00, 0x00, 0x00, 0x00, 0x0b, 0xf7, 0x00, 0x00,
    0x2f, 0xf3, 0x00, 0x00, 0x00, 0x01, 0xff, 0x30,
    0x00, 0x00, 0xbf, 0xa0, 0x00, 0x00, 0x00, 0x5f,
    0xe0, 0x00, 0x00, 0x04, 0xff, 0x10, 0x00, 0x00,
    0x0b, 0xf9, 0x00, 0x00, 0x00, 0x0e, 0xf7, 0x00,
    0x00, 0x02, 0xff, 0x30, 0x00, 0x00, 0x00, 0x8f,
    0xd0, 0x00, 0x00, 0x9f, 0xd0, 0x00, 0x00, 0x00,
    0x03, 0xff, 0x20, 0x00, 0x2f, 0xf6, 0x00, 0x00,
    0x00, 0x00, 0x0e, 0xf8, 0x00, 0x0b, 0xfd, 0x00,
    0x00, 0x00, 0x00, 0x00, 0x9f, 0xd0, 0x05, 0xff,
    0x50, 0x00, 0x00, 0x00, 0x00, 0x04, 0xff, 0x20,
    0x7f, 0xb0, 0x00, 0x00, 0x00, 0x00, 0x00, 0x0f,
    0xc3, 0x00, 0x01, 0x00, 0x00, 0x00, 0x00, 0x00,
    0x00, 0x10, 0x00,

    /* U+30D3 "ビ" */
    0x00, 0x00, 0x00, 0x00, 0x00, 0x00, 0x04, 0x20,
    0x00, 0x00, 0x00, 0x00, 0x00, 0x18, 0x1c, 0xc0,
    0x3f, 0xe0, 0x00, 0x00, 0x00, 0x1e, 0x93, 0xf6,
    0x2f, 0xf0, 0x00, 0x00, 0x00, 0x06, 0xf2, 0x74,
    0x2f, 0xe0, 0x00, 0x00, 0x00, 0x00, 0x71, 0x00,
    0x2f, 0xe0, 0x00, 0x00, 0x00, 0x6d, 0x70, 0x00,
    0x2f, 0xe0, 0x00, 0x04, 0x9e, 0xff, 0xd0, 0x00,
    0x2f, 0xe1, 0x59, 0xef, 0xff, 0xd6, 0x00, 0x00,
    0x2f, 0xff, 0xff, 0xfd, 0x82, 0x00, 0x00, 0x00,
    0x2f, 0xff, 0xb6, 0x20, 0x00, 0x00, 0x00, 0x00,
    0x2f, 0xf0, 0x00, 0x00, 0x00, 0x00, 0x00, 0x00,
    0x2f, 0xe0, 0x00, 0x00, 0x00, 0x00, 0x00, 0x00,
    0x2f, 0xe0, 0x00, 0x00, 0x00, 0x00, 0x00, 0x00,
    0x2f, 0xe0, 0x00, 0x00, 0x00, 0x00, 0x00, 0x00,
    0x2f, 0xf0, 0x00, 0x00, 0x00, 0x00, 0x00, 0x00,
    0x1f, 0xfa, 0x54, 0x33, 0x45, 0x68, 0xa8, 0x00,
    0x0a, 0xff, 0xff, 0xff, 0xff, 0xff, 0xfa, 0x00,
    0x00, 0x5a, 0xbc, 0xcc, 0xcb, 0xaa, 0x84, 0x00,

    /* U+30D5 "フ" */
    0x02, 0x11, 0x11, 0x11, 0x11, 0x11, 0x12, 0x00,
    0x3f, 0xff, 0xff, 0xff, 0xff, 0xff, 0xff, 0xc2,
    0x3f, 0xff, 0xff, 0xff, 0xff, 0xff, 0xff, 0xf3,
    0x00, 0x00, 0x00, 0x00, 0x00, 0x00, 0x5f, 0xf0,
    0x00, 0x00, 0x00, 0x00, 0x00, 0x00, 0x9f, 0xb0,
    0x00, 0x00, 0x00, 0x00, 0x00, 0x00, 0xef, 0x60,
    0x00, 0x00, 0x00, 0x00, 0x00, 0x04, 0xff, 0x10,
    0x00, 0x00, 0x00, 0x00, 0x00, 0x0c, 0xfb, 0x00,
    0x00, 0x00, 0x00, 0x00, 0x00, 0x5f, 0xf3, 0x00,
    0x00, 0x00, 0x00, 0x00, 0x02, 0xff, 0xa0, 0x00,
    0x00, 0x00, 0x00, 0x00, 0x2e, 0xfd, 0x10, 0x00,
    0x00, 0x00, 0x00, 0x05, 0xff, 0xe2, 0x00, 0x00,
    0x00, 0x00, 0x03, 0xbf, 0xfe, 0x20, 0x00, 0x00,
    0x00, 0x27, 0xcf, 0xff, 0xa1, 0x00, 0x00, 0x00,
    0x00, 0x1d, 0xff, 0xc4, 0x00, 0x00, 0x00, 0x00,
    0x00, 0x02, 0x93, 0x00, 0x00, 0x00, 0x00, 0x00,

    /* U+30D6 "ブ" */
    0x00, 0x00, 0x00, 0x00, 0x00, 0x00, 0x00, 0x01,
    0x00, 0x00, 0x00, 0x00, 0x00, 0x00, 0x00, 0x74,
    0x4f, 0x40, 0x00, 0x00, 0x00, 0x00, 0x00, 0x00,
    0xce, 0x0c, 0xe0, 0x00, 0x00, 0x00, 0x00, 0x00,
    0x00, 0x2f, 0x73, 0xc2, 0xaf, 0xee, 0xee, 0xee,
    0xee, 0xee, 0xef, 0x70, 0x00, 0xaf, 0xff, 0xff,
    0xff, 0xff, 0xff, 0xff, 0xd0, 0x00, 0x11, 0x11,
    0x11, 0x11, 0x11, 0x11, 0xbf, 0x90, 0x00, 0x00,
    0x00, 0x00, 0x00, 0x00, 0x00, 0xef, 0x50, 0x00,
    0x00, 0x00, 0x00, 0x00, 0x00, 0x03, 0xff, 0x10,
    0x00, 0x00, 0x00, 0x00, 0x00, 0x00, 0x09, 0xfb,
    0x00, 0x00, 0x00, 0x00, 0x00, 0x00, 0x00, 0x1f,
    0xf5, 0x00, 0x00, 0x00, 0x00, 0x00, 0x00, 0x00,
    0xaf, 0xe0, 0x00, 0x00, 0x00, 0x00, 0x00, 0x00,
    0x05, 0xff, 0x50, 0x00, 0x00, 0x00, 0x00, 0x00,
    0x00, 0x5f, 0xfa, 0x00, 0x00, 0x00, 0x00, 0x00,
    0x00, 0x07, 0xff, 0xc0, 0x00, 0x00, 0x00, 0x00,
    0x00, 0x03, 0xcf, 0xfb, 0x00, 0x00, 0x00, 0x00,
    0x00, 0x26, 0xcf, 0xff, 0x80, 0x00, 0x00, 0x00,
    0x00, 0x00, 0x7f, 0xff, 0xc3, 0x00, 0x00, 0x00,
    0x00, 0x00, 0x00, 0x08, 0x93, 0x00, 0x00, 0x00,
    0x00, 0x00, 0x00,

    /* U+30D7 "プ" */
    0x00, 0x00, 0x00, 0x00, 0x00, 0x00, 0x01, 0xad,
    0x80, 0x00, 0x00, 0x00, 0x00, 0x00, 0x00, 0x0b,
    0x93, 0xb8, 0x00, 0x00, 0x00, 0x00, 0x00, 0x00,
    0x0e, 0x20, 0x5b, 0xaf, 0xee, 0xee, 0xee, 0xee,
    0xee, 0xef, 0xa4, 0xc7, 0xaf, 0xff, 0xff, 0xff,
    0xff, 0xff, 0xff, 0xfc, 0x70, 0x11, 0x11, 0x11,
    0x11, 0x11, 0x11, 0xbf, 0xa0, 0x00, 0x00, 0x00,
    0x00, 0x00, 0x00, 0x00, 0xef, 0x60, 0x00, 0x00,
    0x00, 0x00, 0x00, 0x00, 0x03, 0xff, 0x10, 0x00,
    0x00, 0x00, 0x00, 0x00, 0x00, 0x09, 0xfc, 0x00,
    0x00, 0x00, 0x00, 0x00, 0x00, 0x00, 0x1f, 0xf5,
    0x00, 0x00, 0x00, 0x00, 0x00, 0x00, 0x00, 0x9f,
    0xe0, 0x00, 0x00, 0x00, 0x00, 0x00, 0x00, 0x05,
    0xff, 0x50, 0x00, 0x00, 0x00, 0x00, 0x00, 0x00,
    0x4f, 0xfa, 0x00, 0x00, 0x00, 0x00, 0x00, 0x00,
    0x07, 0xff, 0xc0, 0x00, 0x00, 0x00, 0x00, 0x00,
    0x03, 0xcf, 0xfb, 0x00, 0x00, 0x00, 0x00, 0x00,
    0x16, 0xcf, 0xff, 0x90, 0x00, 0x00, 0x00, 0x00,
    0x00, 0x7f, 0xff, 0xc3, 0x00, 0x00, 0x00, 0x00,
    0x00, 0x00, 0x08, 0xa3, 0x00, 0x00, 0x00, 0x00,
    0x00, 0x00,

    /* U+30DE "マ" */
    0x00, 0x00, 0x00, 0x00, 0x00, 0x00, 0x00, 0x00,
    0x00, 0x1f, 0xff, 0xff, 0xff, 0xff, 0xff, 0xff,
    0xff, 0xd1, 0x1f, 0xff, 0xff, 0xff, 0xff, 0xff,
    0xff, 0xff, 0xf7, 0x01, 0x00, 0x00, 0x00, 0x00,
    0x00, 0x01, 0xef, 0xc0, 0x00, 0x00, 0x00, 0x00,
    0x00, 0x00, 0x09, 0xff, 0x20, 0x00, 0x00, 0x00,
    0x00, 0x00, 0x00, 0x6f, 0xf6, 0x00, 0x00, 0x00,
    0x23, 0x00, 0x00, 0x04, 0xff, 0x90, 0x00, 0x00,
    0x03, 0xff, 0x50, 0x00, 0x3f, 0xfb, 0x00, 0x00,
    0x00, 0x00, 0xaf, 0xf8, 0x04, 0xff, 0xc0, 0x00,
    0x00, 0x00, 0x00, 0x08, 0xff, 0xcf, 0xfb, 0x00,
    0x00, 0x00, 0x00, 0x00, 0x00, 0x6f, 0xff, 0x90,
    0x00, 0x00, 0x00, 0x00, 0x00, 0x00, 0x05, 0xff,
    0xb0, 0x00, 0x00, 0x00, 0x00, 0x00, 0x00, 0x00,
    0x6f, 0xfa, 0x00, 0x00, 0x00, 0x00, 0x00, 0x00,
    0x00, 0x07, 0xff, 0xa0, 0x00, 0x00, 0x00, 0x00,
    0x00, 0x00, 0x00, 0x9f, 0xf2, 0x00, 0x00, 0x00,
    0x00, 0x00, 0x00, 0x00, 0x09, 0x30, 0x00, 0x00,

    /* U+30E0 "ム" */
    0x00, 0x00, 0x00, 0x06, 0x51, 0x00, 0x00, 0x00,
    0x00, 0x00, 0x00, 0x00, 0x0f, 0xf7, 0x00, 0x00,
    0x00, 0x00, 0x00, 0x00, 0x00, 0x3f, 0xf1, 0x00,
    0x00, 0x00, 0x00, 0x00, 0x00, 0x00, 0x8f, 0xc0,
    0x00, 0x00, 0x00, 0x00, 0x00, 0x00, 0x00, 0xdf,
    0x70, 0x00, 0x00, 0x00, 0x00, 0x00, 0x00, 0x01,
    0xff, 0x20, 0x00, 0x00, 0x00, 0x00, 0x00, 0x00,
    0x06, 0xfd, 0x00, 0x00, 0x00, 0x00, 0x00, 0x00,
    0x00, 0x0c, 0xf7, 0x00, 0x00, 0x14, 0x00, 0x00,
    0x00, 0x00, 0x1f, 0xf2, 0x00, 0x03, 0xff, 0x10,
    0x00, 0x00, 0x00, 0x6f, 0xd0, 0x00, 0x00, 0xbf,
    0xa0, 0x00, 0x00, 0x00, 0xcf, 0x70, 0x00, 0x00,
    0x2f, 0xf3, 0x00, 0x00, 0x01, 0xff, 0x20, 0x00,
    0x00, 0x09, 0xfc, 0x00, 0x00, 0x07, 0xfc, 0x00,
    0x23, 0x57, 0x9c, 0xff, 0x40, 0x59, 0x9e, 0xff,
    0xff, 0xff, 0xff, 0xff, 0xff, 0xc0, 0x7f, 0xff,
    0xff, 0xff, 0xec, 0xa8, 0x65, 0x5f, 0xf4, 0x3a,
    0x86, 0x53, 0x10, 0x00, 0x00, 0x00, 0x0c, 0xfa,
    0x00, 0x00, 0x00, 0x00, 0x00, 0x00, 0x00, 0x04,
    0x50,

    /* U+30E2 "モ" */
    0x03, 0x55, 0x55, 0x55, 0x55, 0x55, 0x55, 0x40,
    0x00, 0x7f, 0xff, 0xff, 0xff, 0xff, 0xff, 0xfb,
    0x00, 0x04, 0x88, 0x89, 0xff, 0x88, 0x88, 0x88,
    0x60, 0x00, 0x00, 0x00, 0x2f, 0xf0, 0x00, 0x00,
    0x00, 0x00, 0x00, 0x00, 0x02, 0xff, 0x00, 0x00,
    0x00, 0x00, 0x00, 0x00, 0x00, 0x2f, 0xf0, 0x00,
    0x00, 0x00, 0x00, 0xbd, 0xdd, 0xde, 0xff, 0xdd,
    0xdd, 0xdd, 0xde, 0x3c, 0xff, 0xff, 0xff, 0xff,
    0xff, 0xff, 0xff, 0xf3, 0x11, 0x11, 0x13, 0xff,
    0x11, 0x11, 0x11, 0x11, 0x00, 0x00, 0x00, 0x2f,
    0xf0, 0x00, 0x00, 0x00, 0x00, 0x00, 0x00, 0x02,
    0xff, 0x00, 0x00, 0x00, 0x00, 0x00, 0x00, 0x00,
    0x2f, 0xf0, 0x00, 0x00, 0x00, 0x00, 0x00, 0x00,
    0x02, 0xff, 0x40, 0x00, 0x00, 0x00, 0x00, 0x00,
    0x00, 0x0e, 0xff, 0xdc, 0xcd, 0xef, 0x90, 0x00,
    0x00, 0x00, 0x4e, 0xff, 0xff, 0xff, 0xf8, 0x00,
    0x00, 0x00, 0x00, 0x02, 0x44, 0x33, 0x22, 0x00,

    /* U+30E3 "ャ" */
    0x00, 0x00, 0x14, 0x00, 0x00, 0x00, 0x00, 0x00,
    0x00, 0x01, 0xff, 0x00, 0x00, 0x00, 0x00, 0x00,
    0x00, 0x00, 0xbf, 0x40, 0x00, 0x00, 0x03, 0x30,
    0x00, 0x00, 0x7f, 0x90, 0x36, 0x9c, 0xff, 0xf3,
    0x00, 0x14, 0x9f, 0xff, 0xff, 0xfe, 0xef, 0xd0,
    0x0f, 0xff, 0xff, 0xfc, 0x85, 0x20, 0xdf, 0x30,
    0x0c, 0xc8, 0x5b, 0xf6, 0x00, 0x0a, 0xf8, 0x00,
    0x00, 0x00, 0x06, 0xfa, 0x00, 0x7f, 0xc0, 0x00,
    0x00, 0x00, 0x01, 0xfe, 0x03, 0xfe, 0x10, 0x00,
    0x00, 0x00, 0x00, 0xdf, 0x30, 0x22, 0x00, 0x00,
    0x00, 0x00, 0x00, 0x9f, 0x80, 0x00, 0x00, 0x00,
    0x00, 0x00, 0x00, 0x4f, 0xc0, 0x00, 0x00, 0x00,
    0x00, 0x00, 0x00, 0x0f, 0xf1, 0x00, 0x00, 0x00,
    0x00, 0x00, 0x00, 0x0c, 0xf6, 0x00, 0x00, 0x00,
    0x00, 0x00, 0x00, 0x07, 0xa4, 0x00, 0x00, 0x00,

    /* U+30E5 "ュ" */
    0x00, 0x01, 0x00, 0x00, 0x00, 0x11, 0x00, 0x00,
    0x00, 0x3f, 0xff, 0xff, 0xff, 0xff, 0x90, 0x00,
    0x00, 0x3e, 0xdd, 0xdd, 0xdd, 0xef, 0xb0, 0x00,
    0x00, 0x00, 0x00, 0x00, 0x00, 0x8f, 0x90, 0x00,
    0x00, 0x00, 0x00, 0x00, 0x00, 0xbf, 0x70, 0x00,
    0x00, 0x00, 0x00, 0x00, 0x00, 0xdf, 0x40, 0x00,
    0x00, 0x00, 0x00, 0x00, 0x00, 0xff, 0x20, 0x00,
    0x00, 0x00, 0x00, 0x00, 0x02, 0xff, 0x00, 0x00,
    0x00, 0x00, 0x00, 0x00, 0x04, 0xfd, 0x00, 0x00,
    0x1f, 0xee, 0xee, 0xee, 0xef, 0xff, 0xee, 0xf3,
    0x1f, 0xff, 0xff, 0xff, 0xff, 0xff, 0xff, 0xf3,
    0x00, 0x00, 0x00, 0x00, 0x00, 0x00, 0x00, 0x00,

    /* U+30E7 "ョ" */
    0x00, 0x00, 0x00, 0x00, 0x00, 0x00, 0x6f, 0xff,
    0xff, 0xff, 0xff, 0xfd, 0x5c, 0xcc, 0xcc, 0xcc,
    0xcc, 0xfd, 0x00, 0x00, 0x00, 0x00, 0x02, 0xfd,
    0x00, 0x00, 0x00, 0x00, 0x02, 0xfd, 0x02, 0x11,
    0x11, 0x11, 0x13, 0xfd, 0x0f, 0xff, 0xff, 0xff,
    0xff, 0xfd, 0x0a, 0xbb, 0xbb, 0xbb, 0xbb, 0xfd,
    0x00, 0x00, 0x00, 0x00, 0x02, 0xfd, 0x00, 0x00,
    0x00, 0x00, 0x02, 0xfd, 0x22, 0x22, 0x22, 0x22,
    0x24, 0xfd, 0xaf, 0xff, 0xff, 0xff, 0xff, 0xfd,
    0x7b, 0xbb, 0xbb, 0xbb, 0xbb, 0xfd, 0x00, 0x00,
    0x00, 0x00, 0x02, 0xfd,

    /* U+30E9 "ラ" */
    0x00, 0x00, 0x00, 0x00, 0x00, 0x00, 0x00, 0x00,
    0x00, 0x9f, 0xff, 0xff, 0xff, 0xff, 0xff, 0x10,
    0x00, 0x8e, 0xee, 0xee, 0xee, 0xee, 0xef, 0x10,
    0x00, 0x00, 0x00, 0x00, 0x00, 0x00, 0x00, 0x00,
    0x00, 0x00, 0x00, 0x00, 0x00, 0x00, 0x00, 0x00,
    0x12, 0x11, 0x11, 0x11, 0x11, 0x11, 0x11, 0x10,
    0x6f, 0xff, 0xff, 0xff, 0xff, 0xff, 0xff, 0xf5,
    0x5d, 0xcc, 0xcc, 0xcc, 0xcc, 0xcc, 0xdf, 0xf4,
    0x00, 0x00, 0x00, 0x00, 0x00, 0x00, 0x5f, 0xe0,
    0x00, 0x00, 0x00, 0x00, 0x00, 0x00, 0xbf, 0x80,
    0x00, 0x00, 0x00, 0x00, 0x00, 0x04, 0xff, 0x10,
    0x00, 0x00, 0x00, 0x00, 0x00, 0x2e, 0xf8, 0x00,
    0x00, 0x00, 0x00, 0x00, 0x03, 0xef, 0xc0, 0x00,
    0x00, 0x00, 0x00, 0x00, 0x7f, 0xfc, 0x00, 0x00,
    0x00, 0x00, 0x01, 0x7e, 0xff, 0xa0, 0x00, 0x00,
    0x00, 0x01, 0xcf, 0xff, 0xe5, 0x00, 0x00, 0x00,
    0x00, 0x00, 0x6f, 0xc6, 0x00, 0x00, 0x00, 0x00,
    0x00, 0x00, 0x01, 0x00, 0x00, 0x00, 0x00, 0x00,

    /* U+30EA "リ" */
    0x00, 0x00, 0x00, 0x00, 0x01, 0x10, 0xdf, 0x40,
    0x00, 0x00, 0x0e, 0xf5, 0xef, 0x40, 0x00, 0x00,
    0x0d, 0xf5, 0xef, 0x40, 0x00, 0x00, 0x0d, 0xf5,
    0xef, 0x40, 0x00, 0x00, 0x0d, 0xf5, 0xef, 0x40,
    0x00, 0x00, 0x0d, 0xf5, 0xef, 0x40, 0x00, 0x00,
    0x0d, 0xf5, 0xef, 0x40, 0x00, 0x00, 0x0e, 0xf4,
    0xef, 0x40, 0x00, 0x00, 0x0f, 0xf4, 0xef, 0x40,
    0x00, 0x00, 0x0f, 0xf2, 0xcd, 0x40, 0x00, 0x00,
    0x3f, 0xf0, 0x00, 0x00, 0x00, 0x00, 0x9f, 0xb0,
    0x00, 0x00, 0x00, 0x03, 0xff, 0x50, 0x00, 0x00,
    0x00, 0x3e, 0xfb, 0x00, 0x00, 0x00, 0x29, 0xff,
    0xd1, 0x00, 0x00, 0x0a, 0xff, 0xfb, 0x10, 0x00,
    0x00, 0x03, 0xfc, 0x40, 0x00, 0x00, 0x00, 0x00,
    0x00, 0x00, 0x00, 0x00,

    /* U+30EB "ル" */
    0x00, 0x00, 0x11, 0x00, 0x02, 0x20, 0x00, 0x00,
    0x00, 0x00, 0x00, 0xff, 0x30, 0x0d, 0xf5, 0x00,
    0x00, 0x00, 0x00, 0x00, 0xef, 0x30, 0x0c, 0xf5,
    0x00, 0x00, 0x00, 0x00, 0x00, 0xef, 0x20, 0x0c,
    0xf5, 0x00, 0x00, 0x00, 0x00, 0x00, 0xef, 0x20,
    0x0c, 0xf5, 0x00, 0x00, 0x00, 0x00, 0x00, 0xef,
    0x20, 0x0c, 0xf5, 0x00, 0x00, 0x00, 0x00, 0x00,
    0xff, 0x10, 0x0c, 0xf5, 0x00, 0x00, 0x00, 0x00,
    0x00, 0xff, 0x00, 0x0c, 0xf5, 0x00, 0x00, 0x00,
    0x00, 0x01, 0xff, 0x00, 0x0c, 0xf5, 0x00, 0x00,
    0x00, 0x00, 0x03, 0xfd, 0x00, 0x0c, 0xf5, 0x00,
    0x00, 0xa3, 0x00, 0x07, 0xfb, 0x00, 0x0c, 0xf5,
    0x00, 0x08, 0xfc, 0x00, 0x0d, 0xf6, 0x00, 0x0c,
    0xf5, 0x00, 0x9f, 0xf4, 0x00, 0x5f, 0xf1, 0x00,
    0x0c, 0xf5, 0x2c, 0xff, 0x50, 0x01, 0xef, 0x90,
    0x00, 0x0c, 0xfc, 0xff, 0xe3, 0x00, 0x1c, 0xfe,
    0x10, 0x00, 0x0c, 0xff, 0xfc, 0x10, 0x00, 0x8f,
    0xf3, 0x00, 0x00, 0x0c, 0xfe, 0x60, 0x00, 0x00,
    0x05, 0x30, 0x00, 0x00, 0x01, 0x70, 0x00, 0x00,
    0x00,

    /* U+30EC "レ" */
    0x00, 0x00, 0x00, 0x00, 0x00, 0x00, 0x00, 0x00,
    0x0e, 0xf7, 0x00, 0x00, 0x00, 0x00, 0x00, 0x00,
    0x0d, 0xf5, 0x00, 0x00, 0x00, 0x00, 0x00, 0x00,
    0x0c, 0xf5, 0x00, 0x00, 0x00, 0x00, 0x00, 0x00,
    0x0c, 0xf5, 0x00, 0x00, 0x00, 0x00, 0x00, 0x00,
    0x0c, 0xf5, 0x00, 0x00, 0x00, 0x00, 0x00, 0x00,
    0x0c, 0xf5, 0x00, 0x00, 0x00, 0x00, 0x00, 0x00,
    0x0c, 0xf5, 0x00, 0x00, 0x00, 0x00, 0x04, 0x30,
    0x0c, 0xf5, 0x00, 0x00, 0x00, 0x00, 0x4f, 0xc0,
    0x0c, 0xf5, 0x00, 0x00, 0x00, 0x05, 0xff, 0xa0,
    0x0c, 0xf5, 0x00, 0x00, 0x00, 0x9f, 0xfa, 0x00,
    0x0c, 0xf5, 0x00, 0x00, 0x4d, 0xff, 0x80, 0x00,
    0x0c, 0xf5, 0x00, 0x3b, 0xff, 0xe4, 0x00, 0x00,
    0x0c, 0xf7, 0x6c, 0xff, 0xf8, 0x10, 0x00, 0x00,
    0x0d, 0xff, 0xff, 0xf9, 0x10, 0x00, 0x00, 0x00,
    0x0b, 0xff, 0xc6, 0x10, 0x00, 0x00, 0x00, 0x00,
    0x00, 0x62, 0x00, 0x00, 0x00, 0x00, 0x00, 0x00,

    /* U+30ED "ロ" */
    0x2f, 0xee, 0xee, 0xee, 0xee, 0xee, 0xee, 0xe4,
    0x2f, 0xff, 0xff, 0xff, 0xff, 0xff, 0xff, 0xf4,
    0x2f, 0xe1, 0x11, 0x11, 0x11, 0x11, 0x1d, 0xf4,
    0x2f, 0xe0, 0x00, 0x00, 0x00, 0x00, 0x0d, 0xf4,
    0x2f, 0xe0, 0x00, 0x00, 0x00, 0x00, 0x0d, 0xf4,
    0x2f, 0xe0, 0x00, 0x00, 0x00, 0x00, 0x0d, 0xf4,
    0x2f, 0xe0, 0x00, 0x00, 0x00, 0x00, 0x0d, 0xf4,
    0x2f, 0xe0, 0x00, 0x00, 0x00, 0x00, 0x0d, 0xf4,
    0x2f, 0xe0, 0x00, 0x00, 0x00, 0x00, 0x0d, 0xf4,
    0x2f, 0xe0, 0x00, 0x00, 0x00, 0x00, 0x0d, 0xf4,
    0x2f, 0xe0, 0x00, 0x00, 0x00, 0x00, 0x0d, 0xf4,
    0x2f, 0xff, 0xff, 0xff, 0xff, 0xff, 0xff, 0xf4,
    0x3f, 0xff, 0xff, 0xff, 0xff, 0xff, 0xff, 0xf4,
    0x3f, 0xe0, 0x00, 0x00, 0x00, 0x00, 0x0d, 0xf5,
    0x02, 0x20, 0x00, 0x00, 0x00, 0x00, 0x02, 0x20,

    /* U+30F3 "ン" */
    0x00, 0xa5, 0x00, 0x00, 0x00, 0x00, 0x00, 0x00,
    0x00, 0x8f, 0xf8, 0x00, 0x00, 0x00, 0x00, 0x00,
    0x00, 0x00, 0xaf, 0xfb, 0x10, 0x00, 0x00, 0x00,
    0x00, 0x00, 0x00, 0x7f, 0xfd, 0x10, 0x00, 0x00,
    0x00, 0x60, 0x00, 0x00, 0x5f, 0xf7, 0x00, 0x00,
    0x00, 0x5f, 0x20, 0x00, 0x00, 0x48, 0x00, 0x00,
    0x00, 0x1e, 0xf7, 0x00, 0x00, 0x00, 0x00, 0x00,
    0x00, 0x0c, 0xfd, 0x00, 0x00, 0x00, 0x00, 0x00,
    0x00, 0x0a, 0xff, 0x30, 0x00, 0x00, 0x00, 0x00,
    0x00, 0x0a, 0xff, 0x50, 0x00, 0x00, 0x00, 0x00,
    0x00, 0x1c, 0xff, 0x60, 0x00, 0x00, 0x00, 0x00,
    0x00, 0x5e, 0xff, 0x50, 0x00, 0x00, 0x00, 0x00,
    0x04, 0xcf, 0xfe, 0x30, 0x00, 0x00, 0x00, 0x02,
    0x7d, 0xff, 0xf9, 0x10, 0x00, 0x00, 0x02, 0xae,
    0xff, 0xff, 0xb3, 0x00, 0x00, 0x00, 0x00, 0x0b,
    0xff, 0xe9, 0x20, 0x00, 0x00, 0x00, 0x00, 0x00,
    0x26, 0x30, 0x00, 0x00, 0x00, 0x00, 0x00, 0x00,

    /* U+30FC "ー" */
    0x00, 0x00, 0x00, 0x00, 0x00, 0x00, 0x00, 0x00,
    0x00, 0x1f, 0xee, 0xee, 0xee, 0xee, 0xee, 0xee,
    0xee, 0xf0, 0x1f, 0xff, 0xff, 0xff, 0xff, 0xff,
    0xff, 0xff, 0xf0, 0x06, 0x65, 0x55, 0x55, 0x55,
    0x55, 0x55, 0x56, 0x60,

    /* U+4E0A "上" */
    0x00, 0x00, 0x00, 0x00, 0xbd, 0x10, 0x00, 0x00,
    0x00, 0x00, 0x00, 0x00, 0x00, 0x0e, 0xf2, 0x00,
    0x00, 0x00, 0x00, 0x00, 0x00, 0x00, 0x00, 0xef,
    0x20, 0x00, 0x00, 0x00, 0x00, 0x00, 0x00, 0x00,
    0x0e, 0xf2, 0x00, 0x00, 0x00, 0x00, 0x00, 0x00,
    0x00, 0x00, 0xef, 0x20, 0x00, 0x00, 0x00, 0x00,
    0x00, 0x00, 0x00, 0x0e, 0xf2, 0x00, 0x00, 0x00,
    0x00, 0x00, 0x00, 0x00, 0x00, 0xef, 0xed, 0xdd,
    0xdd, 0xd6, 0x00, 0x00, 0x00, 0x00, 0x0e, 0xff,
    0xff, 0xff, 0xff, 0x70, 0x00, 0x00, 0x00, 0x00,
    0xef, 0x31, 0x11, 0x11, 0x10, 0x00, 0x00, 0x00,
    0x00, 0x0e, 0xf2, 0x00, 0x00, 0x00, 0x00, 0x00,
    0x00, 0x00, 0x00, 0xef, 0x20, 0x00, 0x00, 0x00,
    0x00, 0x00, 0x00, 0x00, 0x0e, 0xf2, 0x00, 0x00,
    0x00, 0x00, 0x00, 0x00, 0x00, 0x00, 0xef, 0x20,
    0x00, 0x00, 0x00, 0x00, 0x00, 0x00, 0x00, 0x0e,
    0xf2, 0x00, 0x00, 0x00, 0x00, 0x00, 0x00, 0x00,
    0x00, 0xef, 0x20, 0x00, 0x00, 0x00, 0x00, 0x11,
    0x11, 0x11, 0x1e, 0xf3, 0x11, 0x11, 0x11, 0x11,
    0x4f, 0xff, 0xff, 0xff, 0xff, 0xff, 0xff, 0xff,
    0xff, 0xd3, 0xdd, 0xdd, 0xdd, 0xdd, 0xdd, 0xdd,
    0xdd, 0xdd, 0xdb,

    /* U+4E88 "予" */
    0x00, 0x0b, 0xcc, 0xcc, 0xcc, 0xcc, 0xcc, 0xcd,
    0x40, 0x00, 0x00, 0x0d, 0xff, 0xff, 0xff, 0xff,
    0xff, 0xff, 0xa0, 0x00, 0x00, 0x00, 0x00, 0x00,
    0x00, 0x00, 0x4e, 0xf8, 0x00, 0x00, 0x00, 0x00,
    0x00, 0xab, 0x50, 0x09, 0xff, 0x50, 0x00, 0x00,
    0x00, 0x00, 0x01, 0xaf, 0xfe, 0xef, 0xc2, 0x00,
    0x00, 0x00, 0x00, 0x00, 0x00, 0x01, 0x8e, 0xff,
    0xb4, 0x00, 0x00, 0x00, 0x05, 0x55, 0x55, 0x55,
    0x56, 0xcf, 0xfe, 0x55, 0x57, 0x20, 0x0f, 0xff,
    0xff, 0xff, 0xff, 0xff, 0xff, 0xff, 0xff, 0xf1,
    0x07, 0x77, 0x77, 0x77, 0x7f, 0xf8, 0x77, 0x77,
    0xff, 0x80, 0x00, 0x00, 0x00, 0x00, 0x0e, 0xf1,
    0x00, 0x05, 0xfe, 0x00, 0x00, 0x00, 0x00, 0x00,
    0x0e, 0xf1, 0x00, 0x1e, 0xf5, 0x00, 0x00, 0x00,
    0x00, 0x00, 0x0e, 0xf1, 0x00, 0x6f, 0xa0, 0x00,
    0x00, 0x00, 0x00, 0x00, 0x0e, 0xf1, 0x00, 0x03,
    0x00, 0x00, 0x00, 0x00, 0x00, 0x00, 0x0e, 0xf1,
    0x00, 0x00, 0x00, 0x00, 0x00, 0x00, 0x00, 0x00,
    0x0e, 0xf1, 0x00, 0x00, 0x00, 0x00, 0x00, 0x00,
    0x00, 0x00, 0x0e, 0xf1, 0x00, 0x00, 0x00, 0x00,
    0x00, 0x00, 0x02, 0xcc, 0xcf, 0xf0, 0x00, 0x00,
    0x00, 0x00, 0x00, 0x00, 0x00, 0xdf, 0xfd, 0x60,
    0x00, 0x00, 0x00, 0x00, 0x00, 0x00, 0x00, 0x00,
    0x00, 0x00, 0x00, 0x00, 0x00, 0x00,

    /* U+4F7F "使" */
    0x00, 0x00, 0x0c, 0x80, 0x00, 0x01, 0xc9, 0x00,
    0x00, 0x00, 0x00, 0x00, 0x5f, 0xb0, 0x00, 0x01,
    0xfc, 0x00, 0x00, 0x00, 0x00, 0x00, 0xdf, 0x8c,
    0xcc, 0xcc, 0xff, 0xcc, 0xcc, 0xc4, 0x00, 0x06,
    0xfb, 0x6f, 0xff, 0xff, 0xff, 0xff, 0xff, 0xf5,
    0x00, 0x1e, 0xf4, 0x00, 0x00, 0x01, 0xfc, 0x00,
    0x00, 0x00, 0x00, 0xbf, 0xf1, 0x08, 0x88, 0x89,
    0xfe, 0x88, 0x88, 0x60, 0x08, 0xff, 0xf1, 0x0f,
    0xff, 0xff, 0xff, 0xff, 0xff, 0xc0, 0x6f, 0xff,
    0xf1, 0x0f, 0xb0, 0x02, 0xfc, 0x00, 0x1f, 0xc0,
    0x4f, 0x8b, 0xf1, 0x0f, 0xb0, 0x01, 0xfc, 0x00,
    0x1f, 0xc0, 0x08, 0x0b, 0xf1, 0x0f, 0xb0, 0x02,
    0xfc, 0x00, 0x1f, 0xc0, 0x00, 0x0b, 0xf1, 0x0f,
    0xff, 0xff, 0xff, 0xff, 0xff, 0xc0, 0x00, 0x0b,
    0xf1, 0x08, 0x98, 0x8a, 0xfd, 0x88, 0x88, 0x60,
    0x00, 0x0b, 0xf1, 0x0b, 0xe1, 0x06, 0xf8, 0x00,
    0x00, 0x00, 0x00, 0x0b, 0xf1, 0x04, 0xfc, 0x1b,
    0xf3, 0x00, 0x00, 0x00, 0x00, 0x0b, 0xf1, 0x00,
    0x6f, 0xef, 0xd0, 0x00, 0x00, 0x00, 0x00, 0x0b,
    0xf1, 0x00, 0x09, 0xff, 0xc3, 0x00, 0x00, 0x00,
    0x00, 0x0b, 0xf1, 0x02, 0xaf, 0xfd, 0xff, 0xd8,
    0x41, 0x00, 0x00, 0x0b, 0xf2, 0xcf, 0xfd, 0x40,
    0x4a, 0xff, 0xff, 0xe4, 0x00, 0x0b, 0xf1, 0x6c,
    0x60, 0x00, 0x00, 0x05, 0x9c, 0xa0,

    /* U+5065 "健" */
    0x00, 0x00, 0x63, 0x00, 0x00, 0x00, 0x06, 0x80,
    0x00, 0x00, 0x00, 0x01, 0xfc, 0x00, 0x10, 0x00,
    0x0b, 0xf0, 0x00, 0x00, 0x00, 0x07, 0xfc, 0xff,
    0xf8, 0x7f, 0xff, 0xff, 0xff, 0x80, 0x00, 0x0d,
    0xf3, 0x7c, 0xf3, 0x36, 0x6d, 0xf6, 0x7f, 0x80,
    0x00, 0x5f, 0xa0, 0x0e, 0xc5, 0x77, 0x7d, 0xf7,
    0x7f, 0xb4, 0x00, 0xdf, 0x90, 0x5f, 0x4c, 0xff,
    0xff, 0xff, 0xff, 0xfa, 0x07, 0xff, 0x90, 0xcd,
    0x00, 0x00, 0x0b, 0xf0, 0x1f, 0x80, 0x3f, 0xff,
    0x93, 0xfb, 0x76, 0x49, 0x9e, 0xf9, 0xaf, 0x80,
    0x1f, 0x6f, 0x9a, 0xff, 0xfe, 0x6d, 0xdf, 0xfd,
    0xdd, 0x60, 0x05, 0x1f, 0x97, 0x50, 0xcd, 0x12,
    0x2c, 0xf2, 0x22, 0x10, 0x00, 0x1f, 0x96, 0x70,
    0xea, 0xcf, 0xff, 0xff, 0xff, 0xb0, 0x00, 0x1f,
    0x9a, 0xe1, 0xf8, 0x34, 0x4d, 0xf4, 0x44, 0x30,
    0x00, 0x1f, 0x96, 0xf8, 0xf6, 0x66, 0x6d, 0xf6,
    0x66, 0x61, 0x00, 0x1f, 0x91, 0xff, 0xf5, 0xff,
    0xff, 0xff, 0xff, 0xf3, 0x00, 0x1f, 0x90, 0xbf,
    0xb0, 0x00, 0x0b, 0xf0, 0x00, 0x00, 0x00, 0x1f,
    0x90, 0x8f, 0xc0, 0x00, 0x0b, 0xf0, 0x00, 0x00,
    0x00, 0x1f, 0x92, 0xfe, 0xfd, 0x50, 0x00, 0x10,
    0x00, 0x00, 0x00, 0x1f, 0xbe, 0xf2, 0x8f, 0xff,
    0xdb, 0xbb, 0xbb, 0xb6, 0x00, 0x1f, 0xab, 0x30,
    0x02, 0x8c, 0xef, 0xff, 0xff, 0xf3,

    /* U+5148 "先" */
    0x00, 0x00, 0x25, 0x10, 0x0d, 0xe0, 0x00, 0x00,
    0x00, 0x00, 0x00, 0x00, 0x9f, 0x60, 0x0f, 0xf0,
    0x00, 0x00, 0x00, 0x00, 0x00, 0x00, 0xef, 0x10,
    0x0f, 0xf0, 0x00, 0x00, 0x00, 0x00, 0x00, 0x04,
    0xff, 0xff, 0xff, 0xff, 0xff, 0xff, 0xf5, 0x00,
    0x00, 0x0a, 0xfe, 0xdd, 0xdf, 0xfd, 0xdd, 0xdd,
    0xd5, 0x00, 0x00, 0x3f, 0xe0, 0x00, 0x0f, 0xf0,
    0x00, 0x00, 0x00, 0x00, 0x00, 0xcf, 0x60, 0x00,
    0x0f, 0xf0, 0x00, 0x00, 0x00, 0x00, 0x00, 0x39,
    0x00, 0x00, 0x0f, 0xf0, 0x00, 0x00, 0x00, 0x00,
    0x05, 0x66, 0x66, 0x66, 0x6f, 0xf6, 0x66, 0x66,
    0x66, 0x50, 0x0d, 0xff, 0xff, 0xff, 0xff, 0xff,
    0xff, 0xff, 0xff, 0xe0, 0x06, 0x77, 0x77, 0xef,
    0x87, 0x7b, 0xfb, 0x77, 0x77, 0x60, 0x00, 0x00,
    0x00, 0xff, 0x00, 0x06, 0xf7, 0x00, 0x00, 0x00,
    0x00, 0x00, 0x02, 0xfd, 0x00, 0x06, 0xf7, 0x00,
    0x00, 0x00, 0x00, 0x00, 0x07, 0xf9, 0x00, 0x06,
    0xf7, 0x00, 0x00, 0x00, 0x00, 0x00, 0x0d, 0xf4,
    0x00, 0x06, 0xf7, 0x00, 0x07, 0x50, 0x00, 0x00,
    0x8f, 0xd0, 0x00, 0x06, 0xf7, 0x00, 0x0a, 0xf0,
    0x00, 0x09, 0xff, 0x30, 0x00, 0x06, 0xf8, 0x00,
    0x0d, 0xf0, 0x07, 0xef, 0xf5, 0x00, 0x00, 0x04,
    0xff, 0xcc, 0xdf, 0xb0, 0x08, 0xfb, 0x20, 0x00,
    0x00, 0x00, 0xbf, 0xff, 0xfd, 0x30, 0x00, 0x30,
    0x00, 0x00, 0x00, 0x00, 0x00, 0x00, 0x00, 0x00,

    /* U+5186 "円" */
    0x0c, 0xcc, 0xcc, 0xcc, 0xcc, 0xcc, 0xcc, 0xcc,
    0xca, 0x1f, 0xff, 0xff, 0xff, 0xff, 0xff, 0xff,
    0xff, 0xfd, 0x1f, 0xd1, 0x11, 0x11, 0xdf, 0x21,
    0x11, 0x12, 0xfd, 0x1f, 0xd0, 0x00, 0x00, 0xcf,
    0x10, 0x00, 0x00, 0xfd, 0x1f, 0xd0, 0x00, 0x00,
    0xcf, 0x10, 0x00, 0x00, 0xfd, 0x1f, 0xd0, 0x00,
    0x00, 0xcf, 0x10, 0x00, 0x00, 0xfd, 0x1f, 0xd0,
    0x00, 0x00, 0xcf, 0x10, 0x00, 0x00, 0xfd, 0x1f,
    0xd0, 0x00, 0x00, 0xcf, 0x10, 0x00, 0x00, 0xfd,
    0x1f, 0xff, 0xff, 0xff, 0xff, 0xff, 0xff, 0xff,
    0xfd, 0x1f, 0xfe, 0xee, 0xee, 0xee, 0xee, 0xee,
    0xee, 0xfd, 0x1f, 0xd0, 0x00, 0x00, 0x00, 0x00,
    0x00, 0x00, 0xfd, 0x1f, 0xd0, 0x00, 0x00, 0x00,
    0x00, 0x00, 0x00, 0xfd, 0x1f, 0xd0, 0x00, 0x00,
    0x00, 0x00, 0x00, 0x00, 0xfd, 0x1f, 0xd0, 0x00,
    0x00, 0x00, 0x00, 0x00, 0x00, 0xfd, 0x1f, 0xd0,
    0x00, 0x00, 0x00, 0x00, 0x00, 0x00, 0xfd, 0x1f,
    0xd0, 0x00, 0x00, 0x00, 0x00, 0x00, 0x01, 0xfd,
    0x1f, 0xd0, 0x00, 0x00, 0x00, 0x00, 0x6e, 0xee,
    0xfc, 0x1f, 0xd0, 0x00, 0x00, 0x00, 0x00, 0x1f,
    0xfe, 0xb3,

    /* U+51FA "出" */
    0x00, 0x00, 0x00, 0x0c, 0xa0, 0x00, 0x00, 0x00,
    0x00, 0x00, 0x00, 0x1f, 0xd0, 0x00, 0x00, 0x00,
    0x1f, 0xd0, 0x00, 0x1f, 0xd0, 0x00, 0x0e, 0xf1,
    0x1f, 0xd0, 0x00, 0x1f, 0xd0, 0x00, 0x0e, 0xf1,
    0x1f, 0xd0, 0x00, 0x1f, 0xd0, 0x00, 0x0e, 0xf1,
    0x1f, 0xd0, 0x00, 0x1f, 0xd0, 0x00, 0x0e, 0xf1,
    0x1f, 0xd0, 0x00, 0x1f, 0xd0, 0x00, 0x0e, 0xf1,
    0x1f, 0xfc, 0xcc, 0xcf, 0xfc, 0xcc, 0xcf, 0xf1,
    0x1f, 0xff, 0xff, 0xff, 0xff, 0xff, 0xff, 0xf1,
    0x00, 0x00, 0x00, 0x2f, 0xd0, 0x00, 0x00, 0x00,
    0x9b, 0x00, 0x00, 0x1f, 0xd0, 0x00, 0x00, 0xb9,
    0xdf, 0x10, 0x00, 0x1f, 0xd0, 0x00, 0x01, 0xfe,
    0xdf, 0x10, 0x00, 0x1f, 0xd0, 0x00, 0x01, 0xfe,
    0xdf, 0x10, 0x00, 0x1f, 0xd0, 0x00, 0x01, 0xfe,
    0xdf, 0x10, 0x00, 0x1f, 0xd0, 0x00, 0x01, 0xfe,
    0xdf, 0x43, 0x33, 0x4f, 0xe3, 0x33, 0x34, 0xfe,
    0xdf, 0xff, 0xff, 0xff, 0xff, 0xff, 0xff, 0xfe,
    0xdf, 0xba, 0xaa, 0xaa, 0xaa, 0xaa, 0xab, 0xfe,
    0xdf, 0x10, 0x00, 0x00, 0x00, 0x00, 0x01, 0xfd,

    /* U+5225 "別" */
    0x00, 0x00, 0x00, 0x00, 0x00, 0x00, 0x00, 0x00,
    0x04, 0x30, 0x0b, 0xbb, 0xbb, 0xbb, 0xb0, 0x00,
    0x00, 0x02, 0xfb, 0x01, 0xff, 0xff, 0xff, 0xff,
    0x00, 0x32, 0x00, 0x2f, 0xb0, 0x1f, 0xa0, 0x00,
    0x0d, 0xf0, 0x1f, 0xc0, 0x02, 0xfb, 0x01, 0xfa,
    0x00, 0x00, 0xdf, 0x01, 0xfc, 0x00, 0x2f, 0xb0,
    0x1f, 0xa0, 0x00, 0x0d, 0xf0, 0x1f, 0xc0, 0x02,
    0xfb, 0x01, 0xff, 0xee, 0xee, 0xff, 0x01, 0xfc,
    0x00, 0x2f, 0xb0, 0x1d, 0xdf, 0xfd, 0xdd, 0xd0,
    0x1f, 0xc0, 0x02, 0xfb, 0x00, 0x00, 0xfd, 0x00,
    0x00, 0x01, 0xfc, 0x00, 0x2f, 0xb0, 0x00, 0x1f,
    0xc2, 0x23, 0x30, 0x1f, 0xc0, 0x02, 0xfb, 0x00,
    0x03, 0xff, 0xff, 0xff, 0x21, 0xfc, 0x00, 0x2f,
    0xb0, 0x00, 0x5f, 0xc8, 0x8d, 0xf1, 0x1f, 0xc0,
    0x02, 0xfb, 0x00, 0x08, 0xf5, 0x00, 0xbf, 0x01,
    0xfc, 0x00, 0x2f, 0xb0, 0x00, 0xcf, 0x10, 0x0c,
    0xf0, 0x1f, 0xb0, 0x02, 0xfb, 0x00, 0x1f, 0xd0,
    0x00, 0xde, 0x00, 0x00, 0x00, 0x2f, 0xb0, 0x09,
    0xf7, 0x00, 0x0e, 0xd0, 0x00, 0x00, 0x02, 0xfb,
    0x03, 0xfe, 0x00, 0x01, 0xfb, 0x00, 0x00, 0x00,
    0x2f, 0xb1, 0xef, 0x50, 0xaa, 0xdf, 0x70, 0x00,
    0x9e, 0xef, 0xf9, 0x06, 0x80, 0x0a, 0xee, 0xa1,
    0x00, 0x04, 0xff, 0xeb, 0x20, 0x00, 0x00, 0x00,
    0x00, 0x00, 0x00, 0x00, 0x00, 0x00,

    /* U+52D5 "動" */
    0x00, 0x00, 0x00, 0x24, 0x67, 0x00, 0x08, 0x60,
    0x00, 0x00, 0x9b, 0xde, 0xff, 0xff, 0xf4, 0x00,
    0xfc, 0x00, 0x00, 0x07, 0xaa, 0x9f, 0xd4, 0x20,
    0x00, 0x1f, 0xb0, 0x00, 0x01, 0x77, 0x77, 0xfd,
    0x77, 0x76, 0x01, 0xfb, 0x00, 0x00, 0x2f, 0xff,
    0xff, 0xff, 0xff, 0xd4, 0x5f, 0xc4, 0x44, 0x40,
    0x00, 0x00, 0xfc, 0x00, 0x03, 0xff, 0xff, 0xff,
    0xff, 0x09, 0xff, 0xff, 0xff, 0xff, 0x97, 0x9f,
    0xd7, 0x7f, 0xe0, 0x9f, 0x33, 0xfc, 0x34, 0xf8,
    0x03, 0xf9, 0x00, 0xee, 0x09, 0xf5, 0x5f, 0xd5,
    0x6f, 0x80, 0x4f, 0x80, 0x0e, 0xe0, 0x9f, 0xdd,
    0xff, 0xdd, 0xf8, 0x05, 0xf7, 0x00, 0xfd, 0x09,
    0xe0, 0x0f, 0xc0, 0x1f, 0x80, 0x7f, 0x50, 0x0f,
    0xc0, 0x9f, 0xff, 0xff, 0xff, 0xf8, 0x0a, 0xf2,
    0x00, 0xfc, 0x01, 0x11, 0x1f, 0xc1, 0x11, 0x00,
    0xef, 0x00, 0x1f, 0xb0, 0xaf, 0xff, 0xff, 0xff,
    0xf8, 0x3f, 0xb0, 0x02, 0xfa, 0x04, 0x77, 0x7f,
    0xd7, 0x77, 0x4a, 0xf5, 0x00, 0x3f, 0x90, 0x00,
    0x00, 0xfc, 0x35, 0x78, 0xfe, 0x00, 0x05, 0xf8,
    0x19, 0xbd, 0xef, 0xff, 0xff, 0xff, 0x60, 0x00,
    0x8f, 0x61, 0xff, 0xff, 0xec, 0xaa, 0xff, 0xb0,
    0x5c, 0xcf, 0xf2, 0x05, 0x31, 0x00, 0x00, 0x08,
    0xc0, 0x02, 0xff, 0xe7, 0x00, 0x00, 0x00, 0x00,
    0x00, 0x00, 0x00, 0x00, 0x00, 0x00,

    /* U+56DE "回" */
    0x00, 0x00, 0x00, 0x00, 0x00, 0x00, 0x00, 0x00,
    0x00, 0x3f, 0xff, 0xff, 0xff, 0xff, 0xff, 0xff,
    0xff, 0xfd, 0x3f, 0xfe, 0xee, 0xee, 0xee, 0xee,
    0xee, 0xee, 0xfd, 0x3f, 0xb0, 0x00, 0x00, 0x00,
    0x00, 0x00, 0x04, 0xfd, 0x3f, 0xb0, 0x00, 0x00,
    0x00, 0x00, 0x00, 0x04, 0xfd, 0x3f, 0xb0, 0x08,
    0xaa, 0xaa, 0xaa, 0xa0, 0x04, 0xfd, 0x3f, 0xb0,
    0x0d, 0xff, 0xff, 0xff, 0xf1, 0x04, 0xfd, 0x3f,
    0xb0, 0x0d, 0xf0, 0x00, 0x0c, 0xf1, 0x04, 0xfd,
    0x3f, 0xb0, 0x0d, 0xf0, 0x00, 0x0c, 0xf1, 0x04,
    0xfd, 0x3f, 0xb0, 0x0d, 0xf0, 0x00, 0x0c, 0xf1,
    0x04, 0xfd, 0x3f, 0xb0, 0x0d, 0xf0, 0x00, 0x0c,
    0xf1, 0x04, 0xfd, 0x3f, 0xb0, 0x0d, 0xfa, 0xaa,
    0xae, 0xf1, 0x04, 0xfd, 0x3f, 0xb0, 0x0d, 0xff,
    0xff, 0xff, 0xf1, 0x04, 0xfd, 0x3f, 0xb0, 0x00,
    0x00, 0x00, 0x00, 0x00, 0x04, 0xfd, 0x3f, 0xb0,
    0x00, 0x00, 0x00, 0x00, 0x00, 0x04, 0xfd, 0x3f,
    0xb0, 0x00, 0x00, 0x00, 0x00, 0x00, 0x04, 0xfd,
    0x3f, 0xff, 0xff, 0xff, 0xff, 0xff, 0xff, 0xff,
    0xfd, 0x3f, 0xeb, 0xbb, 0xbb, 0xbb, 0xbb, 0xbb,
    0xbc, 0xfd, 0x3f, 0xb0, 0x00, 0x00, 0x00, 0x00,
    0x00, 0x04, 0xfd,

    /* U+571F "土" */
    0x00, 0x00, 0x00, 0x00, 0x01, 0x10, 0x00, 0x00,
    0x00, 0x00, 0x00, 0x00, 0x00, 0x00, 0x0f, 0xf0,
    0x00, 0x00, 0x00, 0x00, 0x00, 0x00, 0x00, 0x00,
    0x0f, 0xf0, 0x00, 0x00, 0x00, 0x00, 0x00, 0x00,
    0x00, 0x00, 0x0f, 0xf0, 0x00, 0x00, 0x00, 0x00,
    0x00, 0x00, 0x00, 0x00, 0x0f, 0xf0, 0x00, 0x00,
    0x00, 0x00, 0x00, 0x00, 0x00, 0x00, 0x0f, 0xf0,
    0x00, 0x00, 0x00, 0x00, 0x00, 0x00, 0x00, 0x00,
    0x0f, 0xf0, 0x00, 0x00, 0x00, 0x00, 0x00, 0x8c,
    0xcc, 0xcc, 0xcf, 0xfc, 0xcc, 0xcc, 0xc9, 0x00,
    0x00, 0xbf, 0xff, 0xff, 0xff, 0xff, 0xff, 0xff,
    0xfb, 0x00, 0x00, 0x11, 0x11, 0x11, 0x2f, 0xf1,
    0x11, 0x11, 0x11, 0x00, 0x00, 0x00, 0x00, 0x00,
    0x0f, 0xf0, 0x00, 0x00, 0x00, 0x00, 0x00, 0x00,
    0x00, 0x00, 0x0f, 0xf0, 0x00, 0x00, 0x00, 0x00,
    0x00, 0x00, 0x00, 0x00, 0x0f, 0xf0, 0x00, 0x00,
    0x00, 0x00, 0x00, 0x00, 0x00, 0x00, 0x0f, 0xf0,
    0x00, 0x00, 0x00, 0x00, 0x00, 0x00, 0x00, 0x00,
    0x0f, 0xf0, 0x00, 0x00, 0x00, 0x00, 0x00, 0x00,
    0x00, 0x00, 0x0f, 0xf0, 0x00, 0x00, 0x00, 0x00,
    0x00, 0x00, 0x00, 0x00, 0x1f, 0xf0, 0x00, 0x00,
    0x00, 0x00, 0x0f, 0xff, 0xff, 0xff, 0xff, 0xff,
    0xff, 0xff, 0xff, 0xf1, 0x0c, 0xcc, 0xcc, 0xcc,
    0xcc, 0xcc, 0xcc, 0xcc, 0xcc, 0xc0,

    /* U+5727 "圧" */
    0x00, 0x2c, 0xcc, 0xcc, 0xcc, 0xcc, 0xcc, 0xcc,
    0xcc, 0xc0, 0x00, 0x3f, 0xff, 0xff, 0xff, 0xff,
    0xff, 0xff, 0xff, 0xf0, 0x00, 0x3f, 0xb0, 0x00,
    0x00, 0x01, 0x10, 0x00, 0x00, 0x00, 0x00, 0x3f,
    0xb0, 0x00, 0x00, 0x1f, 0xc0, 0x00, 0x00, 0x00,
    0x00, 0x3f, 0xb0, 0x00, 0x00, 0x1f, 0xc0, 0x00,
    0x00, 0x00, 0x00, 0x3f, 0xb0, 0x00, 0x00, 0x1f,
    0xc0, 0x00, 0x00, 0x00, 0x00, 0x3f, 0xb0, 0x00,
    0x00, 0x1f, 0xc0, 0x00, 0x00, 0x00, 0x00, 0x3f,
    0xa2, 0xcc, 0xcc, 0xcf, 0xfc, 0xcc, 0xcc, 0x30,
    0x00, 0x4f, 0xa3, 0xff, 0xff, 0xff, 0xff, 0xff,
    0xff, 0x40, 0x00, 0x5f, 0x80, 0x00, 0x00, 0x2f,
    0xc0, 0x00, 0x00, 0x00, 0x00, 0x6f, 0x70, 0x00,
    0x00, 0x1f, 0xc0, 0x00, 0x00, 0x00, 0x00, 0x8f,
    0x50, 0x00, 0x00, 0x1f, 0xc0, 0x00, 0x00, 0x00,
    0x00, 0xbf, 0x20, 0x00, 0x00, 0x1f, 0xc0, 0x00,
    0x00, 0x00, 0x00, 0xff, 0x00, 0x00, 0x00, 0x1f,
    0xc0, 0x00, 0x00, 0x00, 0x04, 0xfb, 0x00, 0x00,
    0x00, 0x1f, 0xc0, 0x00, 0x00, 0x00, 0x0b, 0xf6,
    0x7f, 0xff, 0xff, 0xff, 0xff, 0xff, 0xff, 0xf8,
    0x0d, 0xe0, 0x6d, 0xdd, 0xdd, 0xdd, 0xdd, 0xdd,
    0xdd, 0xd7, 0x00, 0x30, 0x00, 0x00, 0x00, 0x00,
    0x00, 0x00, 0x00, 0x00,

    /* U+5831 "報" */
    0x00, 0x00, 0x9d, 0x10, 0x00, 0x00, 0x00, 0x00,
    0x00, 0x00, 0x00, 0x00, 0xaf, 0x10, 0x00, 0xdf,
    0xff, 0xff, 0xff, 0x00, 0x0a, 0xff, 0xff, 0xff,
    0xd0, 0xdf, 0xbb, 0xbb, 0xef, 0x00, 0x06, 0xaa,
    0xef, 0xaa, 0x90, 0xde, 0x00, 0x00, 0xcf, 0x00,
    0x00, 0x00, 0xaf, 0x10, 0x00, 0xde, 0x00, 0x00,
    0xcf, 0x00, 0x3a, 0xaa, 0xef, 0xaa, 0xa6, 0xde,
    0x04, 0xee, 0xfe, 0x00, 0x5f, 0xff, 0xff, 0xff,
    0xf9, 0xde, 0x00, 0xbb, 0x93, 0x00, 0x00, 0xdb,
    0x00, 0x2f, 0x60, 0xde, 0x33, 0x33, 0x33, 0x00,
    0x00, 0x8f, 0x10, 0x8f, 0x10, 0xdf, 0xff, 0xff,
    0xff, 0x60, 0x09, 0xbf, 0xa9, 0xde, 0x93, 0xdf,
    0xf9, 0x33, 0xaf, 0x30, 0x0f, 0xff, 0xff, 0xff,
    0xf6, 0xde, 0xbd, 0x00, 0xdf, 0x00, 0x00, 0x00,
    0xaf, 0x10, 0x00, 0xde, 0x6f, 0x42, 0xfb, 0x00,
    0x00, 0x00, 0xaf, 0x10, 0x00, 0xde, 0x0f, 0xc8,
    0xf5, 0x00, 0x0c, 0xff, 0xff, 0xff, 0xf1, 0xde,
    0x08, 0xff, 0xe0, 0x00, 0x08, 0xaa, 0xef, 0xaa,
    0xa1, 0xde, 0x01, 0xff, 0x80, 0x00, 0x00, 0x00,
    0xaf, 0x10, 0x00, 0xde, 0x03, 0xff, 0xc0, 0x00,
    0x00, 0x00, 0xaf, 0x10, 0x00, 0xde, 0x2e, 0xfd,
    0xfd, 0x20, 0x00, 0x00, 0xaf, 0x10, 0x00, 0xdf,
    0xef, 0x71, 0xcf, 0xe0, 0x00, 0x00, 0xaf, 0x10,
    0x00, 0xde, 0x87, 0x00, 0x1b, 0x40, 0x00, 0x00,
    0x00, 0x00, 0x00, 0x00, 0x00, 0x00, 0x00, 0x00,

    /* U+5834 "場" */
    0x00, 0x08, 0xa0, 0x00, 0x25, 0x55, 0x55, 0x55,
    0x54, 0x00, 0x00, 0x0d, 0xf0, 0x00, 0x7f, 0xff,
    0xff, 0xff, 0xfe, 0x00, 0x00, 0x0d, 0xf0, 0x00,
    0x7f, 0x40, 0x00, 0x00, 0xde, 0x00, 0x00, 0x0d,
    0xf0, 0x00, 0x7f, 0xee, 0xee, 0xee, 0xfe, 0x00,
    0x0d, 0xdf, 0xfd, 0xd0, 0x7f, 0x86, 0x66, 0x66,
    0xee, 0x00, 0x0f, 0xff, 0xff, 0xf0, 0x7f, 0x41,
    0x11, 0x11, 0xde, 0x00, 0x03, 0x3d, 0xf3, 0x30,
    0x7f, 0xff, 0xff, 0xff, 0xfe, 0x00, 0x00, 0x0d,
    0xf0, 0x00, 0x24, 0x44, 0x44, 0x44, 0x44, 0x00,
    0x00, 0x0d, 0xf0, 0x5a, 0xaa, 0xaa, 0xaa, 0xaa,
    0xaa, 0xa0, 0x00, 0x0d, 0xf0, 0x8f, 0xff, 0xff,
    0xff, 0xff, 0xff, 0xf1, 0x00, 0x0d, 0xf0, 0x20,
    0x2f, 0xc0, 0x00, 0x00, 0x00, 0x00, 0x00, 0x0d,
    0xfd, 0xf2, 0xdf, 0xff, 0xff, 0xff, 0xff, 0xc0,
    0x00, 0x6f, 0xff, 0xce, 0xf9, 0xbf, 0xc9, 0xfe,
    0x9f, 0xb0, 0x3e, 0xff, 0xb7, 0xff, 0x50, 0xcf,
    0x22, 0xf7, 0x1f, 0xa0, 0x0f, 0xc3, 0x00, 0xa3,
    0x09, 0xf7, 0x0b, 0xf1, 0x3f, 0x90, 0x02, 0x00,
    0x00, 0x00, 0x9f, 0xb0, 0x4f, 0x80, 0x5f, 0x70,
    0x00, 0x00, 0x00, 0x1b, 0xfc, 0x01, 0xee, 0x00,
    0x8f, 0x40, 0x00, 0x00, 0x00, 0x3e, 0xb0, 0x1d,
    0xf4, 0x77, 0xef, 0x10, 0x00, 0x00, 0x00, 0x01,
    0x00, 0x2d, 0x60, 0xaf, 0xf7, 0x00, 0x00, 0x00,
    0x00, 0x00, 0x00, 0x00, 0x00, 0x00, 0x00, 0x00,

    /* U+5929 "天" */
    0x05, 0x77, 0x77, 0x77, 0x77, 0x77, 0x77, 0x77,
    0x77, 0x70, 0x0c, 0xff, 0xff, 0xff, 0xff, 0xff,
    0xff, 0xff, 0xff, 0xe0, 0x05, 0x77, 0x77, 0x77,
    0x8f, 0xf7, 0x77, 0x77, 0x77, 0x60, 0x00, 0x00,
    0x00, 0x00, 0x1f, 0xe0, 0x00, 0x00, 0x00, 0x00,
    0x00, 0x00, 0x00, 0x00, 0x1f, 0xe0, 0x00, 0x00,
    0x00, 0x00, 0x00, 0x00, 0x00, 0x00, 0x1f, 0xe0,
    0x00, 0x00, 0x00, 0x00, 0x00, 0x00, 0x00, 0x00,
    0x2f, 0xe0, 0x00, 0x00, 0x00, 0x00, 0x02, 0xff,
    0xff, 0xff, 0xff, 0xff, 0xff, 0xff, 0xff, 0x60,
    0x02, 0xee, 0xee, 0xee, 0xef, 0xff, 0xee, 0xee,
    0xee, 0x50, 0x00, 0x00, 0x00, 0x00, 0x8f, 0xfa,
    0x00, 0x00, 0x00, 0x00, 0x00, 0x00, 0x00, 0x00,
    0xef, 0xff, 0x20, 0x00, 0x00, 0x00, 0x00, 0x00,
    0x00, 0x06, 0xfe, 0x8f, 0xb0, 0x00, 0x00, 0x00,
    0x00, 0x00, 0x00, 0x2f, 0xf6, 0x0e, 0xf6, 0x00,
    0x00, 0x00, 0x00, 0x00, 0x03, 0xef, 0xc0, 0x05,
    0xff, 0x60, 0x00, 0x00, 0x00, 0x00, 0x7f, 0xfc,
    0x10, 0x00, 0x8f, 0xf9, 0x10, 0x00, 0x00, 0x6d,
    0xff, 0xa0, 0x00, 0x00, 0x07, 0xff, 0xf8, 0x30,
    0x0d, 0xff, 0xd5, 0x00, 0x00, 0x00, 0x00, 0x4d,
    0xff, 0xf2, 0x04, 0xb5, 0x00, 0x00, 0x00, 0x00,
    0x00, 0x00, 0x4a, 0x60,

    /* U+592A "太" */
    0x00, 0x00, 0x00, 0x00, 0x01, 0x00, 0x00, 0x00,
    0x00, 0x00, 0x00, 0x00, 0x00, 0x00, 0x3f, 0xc0,
    0x00, 0x00, 0x00, 0x00, 0x00, 0x00, 0x00, 0x00,
    0x4f, 0xc0, 0x00, 0x00, 0x00, 0x00, 0x00, 0x00,
    0x00, 0x00, 0x4f, 0xc0, 0x00, 0x00, 0x00, 0x00,
    0x00, 0x00, 0x00, 0x00, 0x5f, 0xb0, 0x00, 0x00,
    0x00, 0x00, 0x00, 0x00, 0x00, 0x00, 0x6f, 0xa0,
    0x00, 0x00, 0x00, 0x00, 0x0b, 0xee, 0xee, 0xee,
    0xff, 0xfe, 0xee, 0xee, 0xee, 0xd0, 0x0d, 0xff,
    0xff, 0xff, 0xff, 0xff, 0xff, 0xff, 0xff, 0xf0,
    0x00, 0x00, 0x00, 0x00, 0xdf, 0xfd, 0x00, 0x00,
    0x00, 0x00, 0x00, 0x00, 0x00, 0x01, 0xff, 0xdf,
    0x20, 0x00, 0x00, 0x00, 0x00, 0x00, 0x00, 0x05,
    0xfc, 0x7f, 0x90, 0x00, 0x00, 0x00, 0x00, 0x00,
    0x00, 0x0c, 0xf6, 0x1f, 0xf1, 0x00, 0x00, 0x00,
    0x00, 0x00, 0x00, 0x4f, 0xf1, 0x09, 0xfa, 0x00,
    0x00, 0x00, 0x00, 0x00, 0x00, 0xdf, 0x80, 0x01,
    0xff, 0x50, 0x00, 0x00, 0x00, 0x00, 0x0a, 0xfe,
    0x9b, 0x00, 0x7f, 0xf2, 0x00, 0x00, 0x00, 0x00,
    0x9f, 0xf6, 0xef, 0xc1, 0x0b, 0xfe, 0x20, 0x00,
    0x00, 0x1b, 0xff, 0x50, 0x1d, 0xfd, 0x11, 0xdf,
    0xf5, 0x00, 0x18, 0xff, 0xf4, 0x00, 0x01, 0xef,
    0xc0, 0x1d, 0xff, 0xb2, 0x0b, 0xfb, 0x20, 0x00,
    0x00, 0x2d, 0x30, 0x00, 0x9f, 0xc0, 0x01, 0x40,
    0x00, 0x00, 0x00, 0x00, 0x00, 0x00, 0x03, 0x10,

    /* U+5B9A "定" */
    0x00, 0x00, 0x00, 0x00, 0x01, 0x10, 0x00, 0x00,
    0x00, 0x00, 0x00, 0x00, 0x00, 0x02, 0xfe, 0x00,
    0x00, 0x00, 0x00, 0x00, 0x00, 0x00, 0x00, 0x2f,
    0xe0, 0x00, 0x00, 0x00, 0x00, 0x9e, 0xee, 0xee,
    0xef, 0xff, 0xee, 0xee, 0xee, 0xe1, 0x0a, 0xfe,
    0xee, 0xee, 0xee, 0xee, 0xee, 0xee, 0xff, 0x10,
    0xaf, 0x30, 0x00, 0x00, 0x00, 0x00, 0x00, 0x0d,
    0xf1, 0x0a, 0xf3, 0x00, 0x00, 0x00, 0x00, 0x00,
    0x00, 0xdf, 0x10, 0x7b, 0x2b, 0xcc, 0xcc, 0xcc,
    0xcc, 0xcc, 0x8a, 0xb0, 0x00, 0x00, 0xef, 0xff,
    0xff, 0xff, 0xff, 0xfa, 0x00, 0x00, 0x00, 0x00,
    0x00, 0x01, 0xfe, 0x00, 0x00, 0x00, 0x00, 0x00,
    0x00, 0x76, 0x00, 0x1f, 0xe0, 0x00, 0x00, 0x00,
    0x00, 0x00, 0x1f, 0xe0, 0x01, 0xfe, 0x00, 0x00,
    0x00, 0x00, 0x00, 0x04, 0xfc, 0x00, 0x1f, 0xff,
    0xff, 0xff, 0x50, 0x00, 0x00, 0x7f, 0xa0, 0x01,
    0xff, 0xcc, 0xcc, 0xc4, 0x00, 0x00, 0x0c, 0xff,
    0x10, 0x1f, 0xe0, 0x00, 0x00, 0x00, 0x00, 0x02,
    0xff, 0xf9, 0x01, 0xfe, 0x00, 0x00, 0x00, 0x00,
    0x00, 0x9f, 0x9c, 0xf8, 0x1f, 0xe0, 0x00, 0x00,
    0x00, 0x00, 0x3f, 0xf2, 0x2e, 0xfd, 0xfe, 0x00,
    0x00, 0x00, 0x00, 0x2e, 0xf7, 0x00, 0x2c, 0xff,
    0xff, 0xee, 0xee, 0xee, 0x82, 0xdb, 0x00, 0x00,
    0x04, 0x9c, 0xef, 0xff, 0xff, 0xf4, 0x01, 0x00,
    0x00, 0x00, 0x00, 0x00, 0x00, 0x00, 0x00, 0x00,

    /* U+5BDD "寝" */
    0x00, 0x00, 0x00, 0x00, 0x0a, 0x90, 0x00, 0x00,
    0x00, 0x00, 0x02, 0x44, 0x44, 0x44, 0x4f, 0xf4,
    0x44, 0x44, 0x44, 0x20, 0x0a, 0xff, 0xff, 0xff,
    0xff, 0xff, 0xff, 0xff, 0xff, 0xa0, 0x0a, 0xf5,
    0x44, 0x44, 0x44, 0x44, 0x44, 0x44, 0x6f, 0xa0,
    0x09, 0xe1, 0xac, 0x03, 0xff, 0xff, 0xff, 0xff,
    0xff, 0x90, 0x00, 0x10, 0xce, 0x01, 0x44, 0x44,
    0x44, 0x4a, 0xf3, 0x00, 0x0b, 0xe0, 0xce, 0x00,
    0xcf, 0xff, 0xff, 0xff, 0xf3, 0x00, 0x06, 0xf6,
    0xce, 0x00, 0x11, 0x11, 0x11, 0x19, 0xf3, 0x00,
    0x00, 0xed, 0xce, 0x05, 0xff, 0xff, 0xff, 0xff,
    0xf3, 0x00, 0x00, 0x9b, 0xde, 0x01, 0x33, 0x33,
    0x33, 0x33, 0x30, 0x00, 0x00, 0x00, 0xce, 0x3f,
    0xff, 0xff, 0xff, 0xff, 0xff, 0x80, 0x00, 0x01,
    0xee, 0x3f, 0x95, 0x55, 0x55, 0x55, 0x7f, 0x80,
    0x00, 0x6e, 0xfe, 0x3f, 0x95, 0x55, 0x55, 0x56,
    0x6f, 0x80, 0x2d, 0xff, 0xee, 0x00, 0x9f, 0xff,
    0xff, 0xff, 0xc0, 0x00, 0x2f, 0xc2, 0xce, 0x00,
    0x09, 0xf4, 0x01, 0xcf, 0x30, 0x00, 0x05, 0x00,
    0xce, 0x00, 0x01, 0xcf, 0x9e, 0xf4, 0x00, 0x00,
    0x00, 0x00, 0xce, 0x00, 0x01, 0x7f, 0xff, 0xb3,
    0x00, 0x00, 0x00, 0x00, 0xce, 0x2a, 0xdf, 0xfd,
    0x7b, 0xff, 0xfc, 0x80, 0x00, 0x00, 0xce, 0x0c,
    0xc8, 0x30, 0x00, 0x16, 0xad, 0x60,

    /* U+5DE5 "工" */
    0x00, 0xee, 0xee, 0xee, 0xee, 0xee, 0xee, 0xee,
    0xee, 0x00, 0x00, 0xff, 0xff, 0xff, 0xff, 0xff,
    0xff, 0xff, 0xff, 0x00, 0x00, 0x00, 0x00, 0x00,
    0x2f, 0xf0, 0x00, 0x00, 0x00, 0x00, 0x00, 0x00,
    0x00, 0x00, 0x2f, 0xf0, 0x00, 0x00, 0x00, 0x00,
    0x00, 0x00, 0x00, 0x00, 0x2f, 0xf0, 0x00, 0x00,
    0x00, 0x00, 0x00, 0x00, 0x00, 0x00, 0x2f, 0xf0,
    0x00, 0x00, 0x00, 0x00, 0x00, 0x00, 0x00, 0x00,
    0x2f, 0xf0, 0x00, 0x00, 0x00, 0x00, 0x00, 0x00,
    0x00, 0x00, 0x2f, 0xf0, 0x00, 0x00, 0x00, 0x00,
    0x00, 0x00, 0x00, 0x00, 0x2f, 0xf0, 0x00, 0x00,
    0x00, 0x00, 0x00, 0x00, 0x00, 0x00, 0x2f, 0xf0,
    0x00, 0x00, 0x00, 0x00, 0x00, 0x00, 0x00, 0x00,
    0x2f, 0xf0, 0x00, 0x00, 0x00, 0x00, 0x00, 0x00,
    0x00, 0x00, 0x2f, 0xf0, 0x00, 0x00, 0x00, 0x00,
    0x00, 0x00, 0x00, 0x00, 0x2f, 0xf0, 0x00, 0x00,
    0x00, 0x00, 0x0c, 0xcc, 0xcc, 0xcc, 0xcf, 0xfc,
    0xcc, 0xcc, 0xcc, 0xc0, 0x0f, 0xff, 0xff, 0xff,
    0xff, 0xff, 0xff, 0xff, 0xff, 0xf1, 0x02, 0x22,
    0x22, 0x22, 0x22, 0x22, 0x22, 0x22, 0x22, 0x20,

    /* U+5E38 "常" */
    0x00, 0x58, 0x00, 0x01, 0xec, 0x00, 0x05, 0x83,
    0x00, 0x00, 0xcf, 0x60, 0x01, 0xfe, 0x00, 0x1e,
    0xf4, 0x00, 0x00, 0x3f, 0xc0, 0x01, 0xfe, 0x00,
    0x8f, 0x60, 0x00, 0x9f, 0xff, 0xff, 0xff, 0xff,
    0xff, 0xff, 0xff, 0xf1, 0xaf, 0xcb, 0xbb, 0xbb,
    0xbb, 0xbb, 0xbb, 0xbe, 0xf1, 0xaf, 0x30, 0x11,
    0x11, 0x11, 0x11, 0x11, 0x0c, 0xf1, 0xaf, 0x3b,
    0xff, 0xff, 0xff, 0xff, 0xff, 0x1c, 0xf1, 0x69,
    0x1b, 0xf6, 0x44, 0x44, 0x44, 0xef, 0x17, 0x91,
    0x00, 0x0b, 0xf2, 0x00, 0x00, 0x00, 0xdf, 0x10,
    0x00, 0x00, 0x0b, 0xff, 0xff, 0xff, 0xff, 0xff,
    0x10, 0x00, 0x00, 0x04, 0x66, 0x66, 0xff, 0x76,
    0x66, 0x00, 0x00, 0x00, 0x00, 0x00, 0x00, 0xef,
    0x10, 0x00, 0x10, 0x00, 0x05, 0xff, 0xff, 0xff,
    0xff, 0xff, 0xff, 0xff, 0x50, 0x05, 0xfc, 0xaa,
    0xaa, 0xff, 0xaa, 0xaa, 0xff, 0x50, 0x05, 0xf6,
    0x00, 0x00, 0xef, 0x00, 0x00, 0xef, 0x50, 0x05,
    0xf6, 0x00, 0x00, 0xef, 0x00, 0x00, 0xef, 0x50,
    0x05, 0xf6, 0x00, 0x00, 0xef, 0x06, 0xff, 0xff,
    0x40, 0x03, 0x93, 0x00, 0x00, 0xef, 0x02, 0xcb,
    0xa6, 0x00, 0x00, 0x00, 0x00, 0x00, 0xef, 0x00,
    0x00, 0x00, 0x00,

    /* U+5EA6 "度" */
    0x00, 0x00, 0x00, 0x00, 0x03, 0xe9, 0x00, 0x00,
    0x00, 0x00, 0x00, 0x00, 0x00, 0x00, 0x03, 0xfb,
    0x00, 0x00, 0x00, 0x00, 0x00, 0xbf, 0xff, 0xff,
    0xff, 0xff, 0xff, 0xff, 0xff, 0xf0, 0x00, 0xcf,
    0xbb, 0xbb, 0xcb, 0xbb, 0xbb, 0xcb, 0xbb, 0xb0,
    0x00, 0xcf, 0x10, 0x02, 0xfa, 0x00, 0x01, 0xfc,
    0x00, 0x00, 0x00, 0xcf, 0x27, 0x78, 0xfd, 0x77,
    0x78, 0xfe, 0x77, 0x60, 0x00, 0xcf, 0x3f, 0xff,
    0xff, 0xff, 0xff, 0xff, 0xff, 0xd0, 0x00, 0xcf,
    0x10, 0x02, 0xfb, 0x00, 0x02, 0xfc, 0x00, 0x00,
    0x00, 0xcf, 0x10, 0x02, 0xfa, 0x00, 0x01, 0xfc,
    0x00, 0x00, 0x00, 0xcf, 0x00, 0x02, 0xff, 0xff,
    0xff, 0xfc, 0x00, 0x00, 0x00, 0xdf, 0x00, 0x01,
    0x88, 0x88, 0x88, 0x86, 0x00, 0x00, 0x00, 0xee,
    0x07, 0x77, 0x77, 0x77, 0x77, 0x77, 0x71, 0x00,
    0x00, 0xfd, 0x1f, 0xff, 0xff, 0xff, 0xff, 0xff,
    0xf6, 0x00, 0x02, 0xfa, 0x00, 0x07, 0xf9, 0x00,
    0x00, 0x9f, 0xb0, 0x00, 0x05, 0xf7, 0x00, 0x00,
    0xcf, 0xa1, 0x2b, 0xfc, 0x10, 0x00, 0x0a, 0xf4,
    0x00, 0x00, 0x09, 0xff, 0xff, 0x90, 0x00, 0x00,
    0x0f, 0xf0, 0x01, 0x36, 0xae, 0xff, 0xff, 0xd9,
    0x52, 0x00, 0x4f, 0x90, 0x9f, 0xff, 0xfc, 0x82,
    0x4a, 0xef, 0xff, 0xe1, 0x03, 0x20, 0x29, 0x64,
    0x00, 0x00, 0x00, 0x03, 0x69, 0x50,

    /* U+5EB7 "康" */
    0x00, 0x00, 0x00, 0x00, 0x02, 0xc9, 0x00, 0x00,
    0x00, 0x00, 0x00, 0x00, 0x00, 0x00, 0x02, 0xfc,
    0x00, 0x00, 0x00, 0x00, 0x00, 0xbf, 0xff, 0xff,
    0xff, 0xff, 0xff, 0xff, 0xff, 0xf4, 0x00, 0xbf,
    0xba, 0xaa, 0xaa, 0xdf, 0xca, 0xaa, 0xaa, 0xa2,
    0x00, 0xbf, 0x10, 0x22, 0x22, 0x8f, 0x62, 0x22,
    0x20, 0x00, 0x00, 0xbf, 0x12, 0xff, 0xff, 0xff,
    0xff, 0xff, 0xf2, 0x00, 0x00, 0xbf, 0x10, 0x33,
    0x33, 0x9f, 0x63, 0x3b, 0xf2, 0x00, 0x00, 0xbf,
    0x46, 0x66, 0x66, 0xbf, 0x96, 0x6c, 0xf8, 0x60,
    0x00, 0xbf, 0x8f, 0xff, 0xff, 0xff, 0xff, 0xff,
    0xff, 0xf0, 0x00, 0xbf, 0x00, 0x00, 0x00, 0x7f,
    0x40, 0x0a, 0xf2, 0x00, 0x00, 0xcf, 0x05, 0xff,
    0xff, 0xff, 0xff, 0xff, 0xf2, 0x00, 0x00, 0xdf,
    0x05, 0x86, 0x66, 0xaf, 0xf6, 0x66, 0x71, 0x00,
    0x00, 0xed, 0x0d, 0xf8, 0x00, 0x7f, 0xf6, 0x03,
    0xec, 0x10, 0x01, 0xfb, 0x01, 0xbf, 0xb0, 0x7f,
    0xfe, 0x8f, 0xf6, 0x00, 0x03, 0xf9, 0x00, 0x07,
    0x42, 0x7f, 0x9f, 0xfa, 0x10, 0x00, 0x07, 0xf5,
    0x00, 0x5b, 0xf9, 0x7f, 0x4a, 0xfb, 0x10, 0x00,
    0x0c, 0xf1, 0x9e, 0xff, 0xa2, 0x7f, 0x40, 0xcf,
    0xe6, 0x00, 0x3f, 0xc0, 0xae, 0x77, 0x99, 0xdf,
    0x30, 0x0a, 0xff, 0xa0, 0x1a, 0x50, 0x10, 0x04,
    0xff, 0xea, 0x00, 0x00, 0x49, 0x00, 0x00, 0x00,
    0x00, 0x00, 0x00, 0x00, 0x00, 0x00, 0x00, 0x00,

    /* U+5F0F "式" */
    0x00, 0x00, 0x00, 0x00, 0x00, 0x89, 0x10, 0x60,
    0x00, 0x00, 0x00, 0x00, 0x00, 0x00, 0x0e, 0xf2,
    0x7f, 0xc1, 0x00, 0x00, 0x00, 0x00, 0x00, 0x00,
    0xdf, 0x20, 0x7f, 0xe1, 0x01, 0x11, 0x11, 0x11,
    0x11, 0x1d, 0xf3, 0x11, 0x78, 0x10, 0xff, 0xff,
    0xff, 0xff, 0xff, 0xff, 0xff, 0xff, 0xff, 0x0b,
    0xcc, 0xcc, 0xcc, 0xcc, 0xcf, 0xfd, 0xcc, 0xcc,
    0xc0, 0x00, 0x00, 0x00, 0x00, 0x00, 0xaf, 0x50,
    0x00, 0x00, 0x00, 0x00, 0x00, 0x00, 0x00, 0x09,
    0xf6, 0x00, 0x00, 0x00, 0x2d, 0xdd, 0xdd, 0xdd,
    0xd7, 0x7f, 0x80, 0x00, 0x00, 0x03, 0xff, 0xff,
    0xff, 0xff, 0x85, 0xfa, 0x00, 0x00, 0x00, 0x00,
    0x00, 0xdf, 0x00, 0x00, 0x3f, 0xd0, 0x00, 0x00,
    0x00, 0x00, 0x0d, 0xf0, 0x00, 0x00, 0xff, 0x00,
    0x00, 0x00, 0x00, 0x00, 0xdf, 0x00, 0x00, 0x0c,
    0xf3, 0x00, 0x00, 0x00, 0x00, 0x0d, 0xf0, 0x00,
    0x00, 0x8f, 0x80, 0x03, 0x70, 0x00, 0x00, 0xdf,
    0x03, 0x7a, 0x14, 0xfd, 0x00, 0x5f, 0x60, 0x02,
    0x5e, 0xff, 0xff, 0xf2, 0x0e, 0xf4, 0x06, 0xf4,
    0x9f, 0xff, 0xff, 0xea, 0x51, 0x00, 0x6f, 0xe2,
    0xaf, 0x19, 0xfe, 0xa6, 0x20, 0x00, 0x00, 0x00,
    0xcf, 0xff, 0xd0, 0x23, 0x00, 0x00, 0x00, 0x00,
    0x00, 0x01, 0xaf, 0xd3, 0x00,

    /* U+5F62 "形" */
    0x00, 0x00, 0x00, 0x00, 0x00, 0x00, 0x00, 0x00,
    0x34, 0x00, 0x0a, 0xbb, 0xbb, 0xbb, 0xbb, 0xb6,
    0x00, 0x03, 0xef, 0x40, 0x0e, 0xff, 0xff, 0xff,
    0xff, 0xf9, 0x00, 0x4f, 0xf6, 0x00, 0x01, 0x1c,
    0xf1, 0x12, 0xfd, 0x10, 0x08, 0xff, 0x50, 0x00,
    0x00, 0x0c, 0xf0, 0x01, 0xfc, 0x02, 0xdf, 0xe3,
    0x00, 0x00, 0x00, 0x0c, 0xf0, 0x01, 0xfc, 0x00,
    0x9a, 0x10, 0x00, 0x00, 0x00, 0x0c, 0xf0, 0x01,
    0xfc, 0x00, 0x00, 0x00, 0x2d, 0x80, 0x00, 0x0c,
    0xf1, 0x02, 0xfc, 0x00, 0x00, 0x02, 0xef, 0x60,
    0x4f, 0xff, 0xff, 0xff, 0xff, 0xfd, 0x00, 0x4e,
    0xf7, 0x00, 0x3b, 0xbf, 0xfb, 0xbb, 0xff, 0xb9,
    0x08, 0xff, 0x60, 0x00, 0x00, 0x0d, 0xf0, 0x01,
    0xfc, 0x00, 0xdf, 0xe3, 0x00, 0x00, 0x00, 0x0e,
    0xe0, 0x01, 0xfc, 0x00, 0x4a, 0x10, 0x03, 0x40,
    0x00, 0x0f, 0xc0, 0x01, 0xfc, 0x00, 0x00, 0x00,
    0x1e, 0xf4, 0x00, 0x3f, 0xa0, 0x01, 0xfc, 0x00,
    0x00, 0x00, 0xbf, 0xa0, 0x00, 0x8f, 0x60, 0x01,
    0xfc, 0x00, 0x00, 0x0b, 0xfc, 0x00, 0x00, 0xdf,
    0x20, 0x01, 0xfc, 0x00, 0x02, 0xdf, 0xc1, 0x00,
    0x06, 0xfb, 0x00, 0x01, 0xfc, 0x00, 0x8f, 0xfb,
    0x10, 0x00, 0x2f, 0xf3, 0x00, 0x01, 0xfc, 0x1e,
    0xff, 0x80, 0x00, 0x00, 0x09, 0x80, 0x00, 0x01,
    0xfc, 0x05, 0xc2, 0x00, 0x00, 0x00, 0x00, 0x00,
    0x00, 0x00, 0x00, 0x00, 0x00, 0x00, 0x00, 0x00,

    /* U+624B "手" */
    0x00, 0x00, 0x00, 0x00, 0x00, 0x00, 0x13, 0x6a,
    0x20, 0x00, 0x00, 0x12, 0x34, 0x57, 0x8a, 0xce,
    0xff, 0xff, 0xd0, 0x00, 0x00, 0x9f, 0xff, 0xff,
    0xff, 0xfe, 0xb9, 0x63, 0x00, 0x00, 0x00, 0x38,
    0x76, 0x54, 0x3f, 0xf0, 0x00, 0x00, 0x00, 0x00,
    0x00, 0x00, 0x00, 0x00, 0x0f, 0xf0, 0x00, 0x00,
    0x00, 0x00, 0x00, 0x00, 0x00, 0x00, 0x0f, 0xf1,
    0x00, 0x00, 0x00, 0x00, 0x00, 0xbf, 0xff, 0xff,
    0xff, 0xff, 0xff, 0xff, 0xff, 0x00, 0x00, 0x8c,
    0xcc, 0xcc, 0xcf, 0xfc, 0xcc, 0xcc, 0xcb, 0x00,
    0x00, 0x00, 0x00, 0x00, 0x0f, 0xf0, 0x00, 0x00,
    0x00, 0x00, 0x00, 0x00, 0x00, 0x00, 0x0f, 0xf0,
    0x00, 0x00, 0x00, 0x00, 0x0c, 0xcc, 0xcc, 0xcc,
    0xcf, 0xfc, 0xcc, 0xcc, 0xcc, 0xc1, 0x1f, 0xff,
    0xff, 0xff, 0xff, 0xff, 0xff, 0xff, 0xff, 0xf2,
    0x01, 0x11, 0x11, 0x11, 0x1f, 0xf1, 0x11, 0x11,
    0x11, 0x10, 0x00, 0x00, 0x00, 0x00, 0x0f, 0xf0,
    0x00, 0x00, 0x00, 0x00, 0x00, 0x00, 0x00, 0x00,
    0x0f, 0xf0, 0x00, 0x00, 0x00, 0x00, 0x00, 0x00,
    0x00, 0x00, 0x0f, 0xf0, 0x00, 0x00, 0x00, 0x00,
    0x00, 0x00, 0x00, 0x00, 0x0f, 0xf0, 0x00, 0x00,
    0x00, 0x00, 0x00, 0x00, 0x0c, 0xcc, 0xdf, 0xe0,
    0x00, 0x00, 0x00, 0x00, 0x00, 0x00, 0x0a, 0xff,
    0xfc, 0x40, 0x00, 0x00, 0x00, 0x00, 0x00, 0x00,
    0x00, 0x00, 0x00, 0x00, 0x00, 0x00, 0x00, 0x00,

    /* U+6301 "持" */
    0x00, 0x0a, 0xd0, 0x00, 0x00, 0x00, 0x9c, 0x10,
    0x00, 0x00, 0x00, 0x0c, 0xf0, 0x00, 0x00, 0x00,
    0xbf, 0x10, 0x00, 0x00, 0x00, 0x0c, 0xf0, 0x00,
    0x66, 0x66, 0xdf, 0x76, 0x66, 0x10, 0x00, 0x0c,
    0xf0, 0x00, 0xef, 0xff, 0xff, 0xff, 0xff, 0x40,
    0x3f, 0xff, 0xff, 0xe0, 0x45, 0x55, 0xdf, 0x55,
    0x55, 0x10, 0x2c, 0xcf, 0xfc, 0xb0, 0x00, 0x00,
    0xbf, 0x10, 0x00, 0x00, 0x00, 0x0c, 0xf0, 0x06,
    0x77, 0x77, 0xdf, 0x87, 0x77, 0x72, 0x00, 0x0c,
    0xf0, 0x0e, 0xff, 0xff, 0xff, 0xff, 0xff, 0xf4,
    0x00, 0x0c, 0xf0, 0x04, 0x55, 0x55, 0x55, 0x7f,
    0xc5, 0x51, 0x00, 0x0c, 0xfc, 0xd0, 0x00, 0x00,
    0x00, 0x2f, 0xb0, 0x00, 0x3a, 0xef, 0xff, 0xa7,
    0xcc, 0xcc, 0xcc, 0xdf, 0xfc, 0xc2, 0x4f, 0xef,
    0xf0, 0x08, 0xff, 0xff, 0xff, 0xff, 0xff, 0xf2,
    0x04, 0x0c, 0xf0, 0x00, 0x05, 0x40, 0x00, 0x2f,
    0xb0, 0x00, 0x00, 0x0c, 0xf0, 0x00, 0x2f, 0xe1,
    0x00, 0x2f, 0xb0, 0x00, 0x00, 0x0c, 0xf0, 0x00,
    0x08, 0xfa, 0x00, 0x2f, 0xb0, 0x00, 0x00, 0x0c,
    0xf0, 0x00, 0x00, 0xef, 0x20, 0x2f, 0xb0, 0x00,
    0x00, 0x0c, 0xf0, 0x00, 0x00, 0x68, 0x00, 0x2f,
    0xb0, 0x00, 0x09, 0xcf, 0xe0, 0x00, 0x00, 0x00,
    0x8b, 0xcf, 0xa0, 0x00, 0x07, 0xfd, 0x50, 0x00,
    0x00, 0x00, 0x7f, 0xfd, 0x30, 0x00, 0x00, 0x00,
    0x00, 0x00, 0x00, 0x00, 0x00, 0x00, 0x00, 0x00,

    /* U+632F "振" */
    0x00, 0x0c, 0xb0, 0x00, 0x00, 0x00, 0x00, 0x00,
    0x00, 0x00, 0x00, 0x0e, 0xd0, 0x02, 0xff, 0xff,
    0xff, 0xff, 0xff, 0xd0, 0x00, 0x0e, 0xd0, 0x02,
    0xfe, 0xbb, 0xbb, 0xbb, 0xbb, 0x90, 0x00, 0x0e,
    0xd0, 0x02, 0xfa, 0x00, 0x00, 0x00, 0x00, 0x00,
    0x4f, 0xff, 0xff, 0xd2, 0xfa, 0x48, 0x88, 0x88,
    0x88, 0x20, 0x2b, 0xbf, 0xfb, 0x92, 0xfa, 0x8f,
    0xff, 0xff, 0xff, 0x50, 0x00, 0x0e, 0xd0, 0x02,
    0xfa, 0x00, 0x00, 0x00, 0x00, 0x00, 0x00, 0x0e,
    0xd0, 0x02, 0xf9, 0x00, 0x00, 0x00, 0x00, 0x00,
    0x00, 0x0e, 0xd1, 0x32, 0xff, 0xdd, 0xdd, 0xdd,
    0xdd, 0xd1, 0x00, 0x2f, 0xff, 0xc3, 0xfe, 0xdf,
    0xcd, 0xfc, 0xbb, 0xb0, 0x5e, 0xff, 0xfc, 0x64,
    0xf7, 0x7f, 0x35, 0xf4, 0x04, 0x20, 0x4f, 0xcf,
    0xd0, 0x06, 0xf5, 0x7f, 0x32, 0xf8, 0x4f, 0xd0,
    0x01, 0x0e, 0xd0, 0x08, 0xf3, 0x7f, 0x30, 0xee,
    0xfe, 0x20, 0x00, 0x0e, 0xd0, 0x0c, 0xf0, 0x7f,
    0x30, 0xaf, 0xc1, 0x00, 0x00, 0x0e, 0xd0, 0x0f,
    0xd0, 0x7f, 0x30, 0x4f, 0x90, 0x00, 0x00, 0x0e,
    0xd0, 0x5f, 0x80, 0x7f, 0x30, 0x1d, 0xf4, 0x00,
    0x00, 0x0e, 0xd0, 0xcf, 0x22, 0xaf, 0xce, 0xf7,
    0xfe, 0x40, 0x0a, 0xcf, 0xc5, 0xfb, 0x0f, 0xff,
    0xeb, 0x81, 0x6f, 0xf4, 0x0a, 0xfd, 0x40, 0x92,
    0x06, 0x52, 0x00, 0x00, 0x04, 0xa0,

    /* U+63A5 "接" */
    0x00, 0x09, 0xd1, 0x00, 0x00, 0x00, 0xed, 0x00,
    0x00, 0x00, 0x00, 0x0b, 0xf1, 0x00, 0x00, 0x01,
    0xfe, 0x00, 0x00, 0x00, 0x00, 0x0b, 0xf1, 0x07,
    0xdd, 0xde, 0xff, 0xdd, 0xdd, 0x90, 0x00, 0x0b,
    0xf1, 0x06, 0xce, 0xfc, 0xcc, 0xcf, 0xfc, 0x80,
    0x4f, 0xff, 0xff, 0xd0, 0x09, 0xf2, 0x00, 0x2f,
    0xa0, 0x00, 0x3c, 0xcf, 0xfd, 0xa0, 0x05, 0xf6,
    0x00, 0x7f, 0x50, 0x00, 0x00, 0x0b, 0xf1, 0x00,
    0x02, 0xf9, 0x00, 0xde, 0x10, 0x00, 0x00, 0x0b,
    0xf1, 0x6f, 0xff, 0xff, 0xff, 0xff, 0xff, 0xf1,
    0x00, 0x0b, 0xf1, 0x39, 0x99, 0x9f, 0xf9, 0x99,
    0x99, 0x90, 0x00, 0x0b, 0xfb, 0xd0, 0x00, 0x5f,
    0x90, 0x00, 0x00, 0x00, 0x4a, 0xef, 0xff, 0xcf,
    0xff, 0xff, 0xff, 0xff, 0xff, 0xf0, 0x7f, 0xde,
    0xf1, 0x3a, 0xac, 0xfd, 0xaa, 0xbf, 0xfa, 0xa0,
    0x12, 0x0b, 0xf1, 0x00, 0x0b, 0xf3, 0x00, 0x4f,
    0x90, 0x00, 0x00, 0x0b, 0xf1, 0x00, 0x3f, 0xd1,
    0x00, 0xbf, 0x40, 0x00, 0x00, 0x0b, 0xf1, 0x00,
    0xbf, 0xff, 0xa8, 0xfc, 0x00, 0x00, 0x00, 0x0b,
    0xf1, 0x00, 0x37, 0x5c, 0xff, 0xf8, 0x00, 0x00,
    0x00, 0x0b, 0xf1, 0x00, 0x01, 0x6d, 0xfe, 0xff,
    0xd4, 0x00, 0x0b, 0xdf, 0xf0, 0x6b, 0xef, 0xfe,
    0x80, 0x2a, 0xff, 0x80, 0x09, 0xfe, 0x60, 0x4e,
    0xb8, 0x40, 0x00, 0x00, 0x3c, 0x20, 0x00, 0x00,
    0x00, 0x00, 0x00, 0x00, 0x00, 0x00, 0x00, 0x00,

    /* U+65B0 "新" */
    0x00, 0x00, 0x0c, 0x90, 0x00, 0x00, 0x00, 0x00,
    0x27, 0x00, 0x00, 0x00, 0x1f, 0xc0, 0x00, 0x02,
    0x03, 0x7c, 0xff, 0xb0, 0x08, 0xdd, 0xdf, 0xfd,
    0xdd, 0x3d, 0xff, 0xff, 0xa5, 0x00, 0x07, 0xbe,
    0xbb, 0xbd, 0xdb, 0x3d, 0xf7, 0x30, 0x00, 0x00,
    0x00, 0x5f, 0x40, 0x0a, 0xf1, 0x0d, 0xf0, 0x00,
    0x00, 0x00, 0x00, 0x1f, 0x90, 0x0f, 0xb0, 0x0d,
    0xf0, 0x00, 0x00, 0x00, 0x01, 0x1d, 0x81, 0x4d,
    0x61, 0x0d, 0xf0, 0x00, 0x00, 0x00, 0x0e, 0xff,
    0xff, 0xff, 0xff, 0x8d, 0xff, 0xff, 0xff, 0xf4,
    0x07, 0x77, 0x8f, 0xe7, 0x77, 0x3d, 0xfc, 0xcf,
    0xfd, 0xc3, 0x00, 0x00, 0x1f, 0xc0, 0x00, 0x0d,
    0xf0, 0x0b, 0xf2, 0x00, 0x0c, 0xff, 0xff, 0xff,
    0xff, 0x4e, 0xe0, 0x0b, 0xf2, 0x00, 0x09, 0xaa,
    0xdf, 0xea, 0xaa, 0x3f, 0xd0, 0x0b, 0xf2, 0x00,
    0x00, 0x00, 0xef, 0xf5, 0x00, 0x1f, 0xb0, 0x0b,
    0xf2, 0x00, 0x00, 0x0a, 0xff, 0xff, 0x80, 0x4f,
    0x80, 0x0b, 0xf2, 0x00, 0x00, 0x7f, 0xbf, 0xcb,
    0xf8, 0x9f, 0x40, 0x0b, 0xf2, 0x00, 0x07, 0xfd,
    0x2f, 0xc0, 0xb3, 0xef, 0x00, 0x0b, 0xf2, 0x00,
    0x1e, 0xe2, 0x1f, 0xc0, 0x08, 0xf9, 0x00, 0x0b,
    0xf2, 0x00, 0x03, 0x30, 0x1f, 0xc0, 0x3f, 0xf2,
    0x00, 0x0b, 0xf2, 0x00, 0x00, 0x00, 0x1f, 0xc0,
    0x0b, 0x60, 0x00, 0x0b, 0xf2, 0x00, 0x00, 0x00,
    0x01, 0x00, 0x00, 0x00, 0x00, 0x00, 0x00, 0x00,

    /* U+65E5 "日" */
    0xbd, 0xdd, 0xdd, 0xdd, 0xdd, 0xdd, 0xd4, 0xef,
    0xff, 0xff, 0xff, 0xff, 0xff, 0xf6, 0xef, 0x21,
    0x11, 0x11, 0x11, 0x1b, 0xf6, 0xef, 0x10, 0x00,
    0x00, 0x00, 0x0a, 0xf6, 0xef, 0x10, 0x00, 0x00,
    0x00, 0x0a, 0xf6, 0xef, 0x10, 0x00, 0x00, 0x00,
    0x0a, 0xf6, 0xef, 0x10, 0x00, 0x00, 0x00, 0x0a,
    0xf6, 0xef, 0xdd, 0xdd, 0xdd, 0xdd, 0xdf, 0xf6,
    0xef, 0xff, 0xff, 0xff, 0xff, 0xff, 0xf6, 0xef,
    0x10, 0x00, 0x00, 0x00, 0x0a, 0xf6, 0xef, 0x10,
    0x00, 0x00, 0x00, 0x0a, 0xf6, 0xef, 0x10, 0x00,
    0x00, 0x00, 0x0a, 0xf6, 0xef, 0x10, 0x00, 0x00,
    0x00, 0x0a, 0xf6, 0xef, 0x10, 0x00, 0x00, 0x00,
    0x0a, 0xf6, 0xef, 0xed, 0xdd, 0xdd, 0xdd, 0xdf,
    0xf6, 0xef, 0xff, 0xff, 0xff, 0xff, 0xff, 0xf6,
    0xef, 0x10, 0x00, 0x00, 0x00, 0x0a, 0xf6, 0xef,
    0x10, 0x00, 0x00, 0x00, 0x0a, 0xf6, 0x11, 0x00,
    0x00, 0x00, 0x00, 0x00, 0x00,

    /* U+6642 "時" */
    0x00, 0x00, 0x00, 0x00, 0x00, 0x0b, 0xe1, 0x00,
    0x00, 0x07, 0xba, 0xaa, 0x90, 0x00, 0x00, 0xcf,
    0x10, 0x00, 0x00, 0xcf, 0xff, 0xff, 0x08, 0x99,
    0x9e, 0xfa, 0x99, 0x92, 0x0c, 0xf1, 0x1c, 0xf0,
    0xdf, 0xff, 0xff, 0xff, 0xff, 0x40, 0xcf, 0x00,
    0xcf, 0x00, 0x00, 0x0c, 0xf2, 0x00, 0x00, 0x0c,
    0xf0, 0x0c, 0xf0, 0x00, 0x00, 0xcf, 0x10, 0x00,
    0x00, 0xcf, 0x00, 0xcf, 0x7d, 0xdd, 0xdf, 0xfd,
    0xdd, 0xdd, 0x2c, 0xff, 0xff, 0xf8, 0xdd, 0xdd,
    0xdd, 0xdf, 0xfd, 0xd2, 0xcf, 0xbb, 0xff, 0x00,
    0x00, 0x00, 0x00, 0xfd, 0x00, 0x0c, 0xf0, 0x0c,
    0xf0, 0x00, 0x00, 0x00, 0x1f, 0xd0, 0x00, 0xcf,
    0x00, 0xcf, 0x8f, 0xff, 0xff, 0xff, 0xff, 0xff,
    0x0c, 0xf0, 0x0c, 0xf5, 0xaa, 0xaa, 0xaa, 0xaf,
    0xfa, 0x90, 0xcf, 0x00, 0xcf, 0x01, 0x95, 0x00,
    0x00, 0xfd, 0x00, 0x0c, 0xff, 0xff, 0xf0, 0x2e,
    0xf3, 0x00, 0x0f, 0xd0, 0x00, 0xcf, 0xcc, 0xcb,
    0x00, 0x4f, 0xe1, 0x00, 0xfd, 0x00, 0x0c, 0xf0,
    0x00, 0x00, 0x00, 0x9f, 0x40, 0x0f, 0xd0, 0x00,
    0x57, 0x00, 0x00, 0x00, 0x01, 0x20, 0x00, 0xfd,
    0x00, 0x00, 0x00, 0x00, 0x00, 0x00, 0x00, 0xbb,
    0xbf, 0xc0, 0x00, 0x00, 0x00, 0x00, 0x00, 0x00,
    0x0a, 0xff, 0xd4, 0x00, 0x00, 0x00, 0x00, 0x00,
    0x00, 0x00, 0x00, 0x00, 0x00, 0x00,

    /* U+66C7 "曇" */
    0x00, 0x00, 0x00, 0x00, 0x00, 0x00, 0x00, 0x00,
    0x00, 0x00, 0xaf, 0xee, 0xee, 0xee, 0xee, 0xee,
    0xf9, 0x00, 0x00, 0xaf, 0x87, 0x77, 0x77, 0x77,
    0x79, 0xf9, 0x00, 0x00, 0xaf, 0x76, 0x66, 0x66,
    0x66, 0x68, 0xf9, 0x00, 0x00, 0xaf, 0xff, 0xff,
    0xff, 0xff, 0xff, 0xf9, 0x00, 0x02, 0x55, 0x55,
    0x55, 0x55, 0x55, 0x55, 0x55, 0x30, 0x06, 0xff,
    0xff, 0xff, 0xff, 0xff, 0xff, 0xff, 0x80, 0x13,
    0x33, 0x33, 0x33, 0xfd, 0x33, 0x33, 0x33, 0x32,
    0x7f, 0xff, 0xff, 0xff, 0xff, 0xff, 0xff, 0xff,
    0xfa, 0x7f, 0x25, 0x66, 0x60, 0xfd, 0x16, 0x66,
    0x62, 0xfa, 0x4a, 0x27, 0x88, 0x81, 0xfd, 0x28,
    0x88, 0x81, 0xa7, 0x00, 0x3c, 0xcc, 0xc1, 0xec,
    0x3c, 0xcc, 0xc5, 0x00, 0x00, 0x59, 0x99, 0x99,
    0x99, 0x99, 0x99, 0x98, 0x00, 0x00, 0x47, 0x77,
    0x77, 0x77, 0x77, 0x77, 0x76, 0x00, 0xae, 0xee,
    0xee, 0xee, 0xee, 0xee, 0xee, 0xee, 0xed, 0x45,
    0x55, 0x5d, 0xf9, 0x55, 0x5d, 0xfa, 0x55, 0x55,
    0x00, 0x00, 0x1f, 0xe0, 0x00, 0x06, 0xef, 0x90,
    0x00, 0x01, 0x33, 0x9f, 0x94, 0x45, 0x55, 0x7f,
    0xfc, 0x10, 0x06, 0xff, 0xff, 0xff, 0xff, 0xfe,
    0xed, 0xdf, 0xc0, 0x00, 0x21, 0x11, 0x00, 0x00,
    0x00, 0x00, 0x05, 0x10,

    /* U+66DC "曜" */
    0x00, 0x00, 0x00, 0x36, 0x66, 0x63, 0x36, 0x66,
    0x64, 0x09, 0xfd, 0xdd, 0x98, 0xff, 0xff, 0x98,
    0xff, 0xff, 0xa0, 0xbf, 0xcc, 0xfb, 0x00, 0x01,
    0xf9, 0x00, 0x00, 0xfa, 0x0b, 0xf0, 0x0f, 0xb4,
    0xee, 0xef, 0x94, 0xee, 0xef, 0xa0, 0xbf, 0x00,
    0xfb, 0x15, 0x56, 0xf9, 0x15, 0x55, 0xfa, 0x0b,
    0xf0, 0x0f, 0xb2, 0x33, 0x4f, 0x92, 0x33, 0x3f,
    0xa0, 0xbf, 0x00, 0xfb, 0x9f, 0xff, 0xf9, 0x9f,
    0xff, 0xfa, 0x0b, 0xfd, 0xdf, 0xb0, 0x1c, 0xf3,
    0x05, 0xf9, 0x11, 0x10, 0xbf, 0xcc, 0xfb, 0x05,
    0xfe, 0x77, 0xcf, 0x97, 0x75, 0x0b, 0xf0, 0x0f,
    0xb2, 0xff, 0xff, 0xff, 0xff, 0xff, 0xc0, 0xbf,
    0x00, 0xfc, 0xef, 0xf0, 0x01, 0xf9, 0x00, 0x00,
    0x0b, 0xf0, 0x0f, 0xff, 0xff, 0xee, 0xef, 0xfe,
    0xee, 0x40, 0xbf, 0x00, 0xfb, 0x4b, 0xf5, 0x56,
    0xfb, 0x55, 0x51, 0x0b, 0xfe, 0xef, 0xb0, 0xbf,
    0x11, 0x2f, 0xa1, 0x11, 0x00, 0xbf, 0xdd, 0xd9,
    0x0b, 0xff, 0xff, 0xff, 0xff, 0xf5, 0x0b, 0xf0,
    0x00, 0x00, 0xbf, 0x22, 0x3f, 0xa2, 0x22, 0x00,
    0x69, 0x00, 0x00, 0x0b, 0xf8, 0x89, 0xfc, 0x88,
    0x88, 0x20, 0x00, 0x00, 0x00, 0xbf, 0xee, 0xee,
    0xee, 0xee, 0xe4, 0x00, 0x00, 0x00, 0x0b, 0xf0,
    0x00, 0x00, 0x00, 0x00, 0x00,

    /* U+66F4 "更" */
    0x09, 0xcc, 0xcc, 0xcc, 0xcc, 0xcc, 0xcc, 0xcc,
    0xcc, 0x80, 0x0b, 0xee, 0xee, 0xee, 0xef, 0xff,
    0xee, 0xee, 0xee, 0xa0, 0x00, 0x00, 0x00, 0x00,
    0x0e, 0xf1, 0x00, 0x00, 0x00, 0x00, 0x00, 0x09,
    0x99, 0x99, 0x9f, 0xfa, 0x99, 0x99, 0x97, 0x00,
    0x00, 0x0f, 0xff, 0xff, 0xff, 0xff, 0xff, 0xff,
    0xfb, 0x00, 0x00, 0x0f, 0xd0, 0x00, 0x0e, 0xf1,
    0x00, 0x02, 0xfb, 0x00, 0x00, 0x0f, 0xe7, 0x77,
    0x7f, 0xf8, 0x77, 0x79, 0xfb, 0x00, 0x00, 0x0f,
    0xff, 0xff, 0xff, 0xff, 0xff, 0xff, 0xfb, 0x00,
    0x00, 0x0f, 0xd0, 0x00, 0x0e, 0xf1, 0x00, 0x02,
    0xfb, 0x00, 0x00, 0x0f, 0xe8, 0x88, 0x8f, 0xf8,
    0x88, 0x89, 0xfb, 0x00, 0x00, 0x0f, 0xff, 0xff,
    0xff, 0xff, 0xff, 0xff, 0xfb, 0x00, 0x00, 0x02,
    0x96, 0x00, 0x3f, 0xd0, 0x00, 0x00, 0x00, 0x00,
    0x00, 0x01, 0xff, 0x30, 0x9f, 0x80, 0x00, 0x00,
    0x00, 0x00, 0x00, 0x00, 0x5f, 0xf7, 0xff, 0x20,
    0x00, 0x00, 0x00, 0x00, 0x00, 0x00, 0x06, 0xff,
    0xf8, 0x00, 0x00, 0x00, 0x00, 0x00, 0x00, 0x01,
    0x6d, 0xff, 0xff, 0xd8, 0x52, 0x10, 0x00, 0x00,
    0x09, 0xdf, 0xff, 0xb3, 0x6c, 0xff, 0xff, 0xff,
    0xed, 0xd2, 0x07, 0xfc, 0x82, 0x00, 0x00, 0x14,
    0x8a, 0xcd, 0xef, 0xc0, 0x00, 0x10, 0x00, 0x00,
    0x00, 0x00, 0x00, 0x00, 0x00, 0x00,

    /* U+6708 "月" */
    0x00, 0x00, 0xef, 0xee, 0xee, 0xee, 0xee, 0xef,
    0xb0, 0x00, 0x0f, 0xff, 0xff, 0xff, 0xff, 0xff,
    0xfd, 0x00, 0x00, 0xfe, 0x00, 0x00, 0x00, 0x00,
    0x3f, 0xd0, 0x00, 0x0f, 0xe0, 0x00, 0x00, 0x00,
    0x03, 0xfd, 0x00, 0x00, 0xfe, 0x00, 0x00, 0x00,
    0x00, 0x3f, 0xd0, 0x00, 0x0f, 0xff, 0xff, 0xff,
    0xff, 0xff, 0xfd, 0x00, 0x00, 0xff, 0xcc, 0xcc,
    0xcc, 0xcc, 0xcf, 0xd0, 0x00, 0x1f, 0xe0, 0x00,
    0x00, 0x00, 0x03, 0xfd, 0x00, 0x01, 0xfd, 0x00,
    0x00, 0x00, 0x00, 0x3f, 0xd0, 0x00, 0x2f, 0xc1,
    0x11, 0x11, 0x11, 0x14, 0xfd, 0x00, 0x04, 0xff,
    0xff, 0xff, 0xff, 0xff, 0xff, 0xd0, 0x00, 0x8f,
    0xdc, 0xcc, 0xcc, 0xcc, 0xcd, 0xfd, 0x00, 0x0c,
    0xf3, 0x00, 0x00, 0x00, 0x00, 0x3f, 0xd0, 0x02,
    0xfe, 0x00, 0x00, 0x00, 0x00, 0x03, 0xfd, 0x00,
    0xaf, 0x80, 0x00, 0x00, 0x00, 0x00, 0x3f, 0xd0,
    0x5f, 0xf1, 0x00, 0x00, 0x00, 0x00, 0x03, 0xfc,
    0x3f, 0xf7, 0x00, 0x00, 0x00, 0x4e, 0xee, 0xff,
    0xa0, 0x99, 0x00, 0x00, 0x00, 0x00, 0xef, 0xff,
    0xb2, 0x00, 0x00, 0x00, 0x00, 0x00, 0x00, 0x00,
    0x00, 0x00,

    /* U+6728 "木" */
    0x00, 0x00, 0x00, 0x00, 0x0d, 0xd0, 0x00, 0x00,
    0x00, 0x00, 0x00, 0x00, 0x00, 0x00, 0x0f, 0xf0,
    0x00, 0x00, 0x00, 0x00, 0x00, 0x00, 0x00, 0x00,
    0x0f, 0xf0, 0x00, 0x00, 0x00, 0x00, 0x00, 0x00,
    0x00, 0x00, 0x0f, 0xf0, 0x00, 0x00, 0x00, 0x00,
    0x00, 0x00, 0x00, 0x00, 0x1f, 0xf0, 0x00, 0x00,
    0x00, 0x00, 0x0b, 0xff, 0xff, 0xff, 0xff, 0xff,
    0xff, 0xff, 0xff, 0xb0, 0x09, 0xdd, 0xdd, 0xdd,
    0xff, 0xff, 0xdd, 0xdd, 0xdd, 0x90, 0x00, 0x00,
    0x00, 0x03, 0xff, 0xff, 0x20, 0x00, 0x00, 0x00,
    0x00, 0x00, 0x00, 0x0c, 0xff, 0xff, 0xc0, 0x00,
    0x00, 0x00, 0x00, 0x00, 0x00, 0x7f, 0xbf, 0xfa,
    0xf7, 0x00, 0x00, 0x00, 0x00, 0x00, 0x03, 0xff,
    0x2f, 0xf1, 0xef, 0x40, 0x00, 0x00, 0x00, 0x00,
    0x2e, 0xf6, 0x0f, 0xf0, 0x5f, 0xe2, 0x00, 0x00,
    0x00, 0x01, 0xdf, 0xa0, 0x0f, 0xf0, 0x09, 0xfe,
    0x20, 0x00, 0x00, 0x2e, 0xfc, 0x00, 0x0f, 0xf0,
    0x00, 0xbf, 0xe3, 0x00, 0x06, 0xff, 0xc0, 0x00,
    0x0f, 0xf0, 0x00, 0x0b, 0xff, 0x70, 0x3f, 0xfb,
    0x00, 0x00, 0x0f, 0xf0, 0x00, 0x00, 0xaf, 0xf3,
    0x07, 0x70, 0x00, 0x00, 0x0f, 0xf0, 0x00, 0x00,
    0x07, 0x50, 0x00, 0x00, 0x00, 0x00, 0x0f, 0xf0,
    0x00, 0x00, 0x00, 0x00, 0x00, 0x00, 0x00, 0x00,
    0x0f, 0xf0, 0x00, 0x00, 0x00, 0x00,

    /* U+697D "楽" */
    0x00, 0x00, 0x00, 0x00, 0x0e, 0xc1, 0x00, 0x00,
    0x00, 0x00, 0x00, 0x81, 0x00, 0x00, 0x2f, 0xc0,
    0x00, 0x00, 0x4b, 0x20, 0x08, 0xfe, 0x20, 0xcf,
    0xff, 0xff, 0xfc, 0x03, 0xff, 0x40, 0x00, 0x8f,
    0xe2, 0xcf, 0x88, 0x88, 0xfd, 0x3f, 0xf5, 0x00,
    0x00, 0x09, 0xf8, 0xcf, 0x00, 0x00, 0xfd, 0xcf,
    0x60, 0x00, 0x00, 0x00, 0x70, 0xcf, 0x77, 0x77,
    0xfd, 0x03, 0x00, 0x00, 0x00, 0x00, 0x24, 0xcf,
    0xff, 0xff, 0xfd, 0x76, 0x00, 0x00, 0x00, 0x19,
    0xfd, 0xcf, 0x00, 0x00, 0xfe, 0xdf, 0xd5, 0x00,
    0x19, 0xff, 0xa1, 0xcf, 0x88, 0x88, 0xfd, 0x06,
    0xff, 0xb1, 0x0d, 0xc3, 0x00, 0xcf, 0xff, 0xff,
    0xfc, 0x00, 0x1b, 0xb0, 0x01, 0x00, 0x00, 0x00,
    0x0f, 0xe0, 0x00, 0x00, 0x00, 0x00, 0x08, 0x99,
    0x99, 0x99, 0x9f, 0xf9, 0x99, 0x99, 0x99, 0x90,
    0x0e, 0xff, 0xff, 0xff, 0xff, 0xff, 0xff, 0xff,
    0xff, 0xe0, 0x00, 0x00, 0x00, 0x3e, 0xff, 0xff,
    0xe3, 0x00, 0x00, 0x00, 0x00, 0x00, 0x06, 0xff,
    0x6f, 0xe7, 0xff, 0x60, 0x00, 0x00, 0x00, 0x03,
    0xcf, 0xf5, 0x0f, 0xe0, 0x5f, 0xfc, 0x40, 0x00,
    0x04, 0xbf, 0xfc, 0x20, 0x0f, 0xe0, 0x02, 0xcf,
    0xfd, 0x61, 0x1d, 0xff, 0x70, 0x00, 0x0f, 0xe0,
    0x00, 0x06, 0xef, 0xc0, 0x03, 0x71, 0x00, 0x00,
    0x0f, 0xe0, 0x00, 0x00, 0x05, 0x20,

    /* U+6C17 "気" */
    0x00, 0x00, 0x00, 0x00, 0x00, 0x00, 0x00, 0x00,
    0x00, 0x00, 0x00, 0x00, 0x3e, 0x90, 0x00, 0x00,
    0x00, 0x00, 0x00, 0x00, 0x00, 0x00, 0x9f, 0x90,
    0x00, 0x00, 0x00, 0x00, 0x00, 0x00, 0x00, 0x01,
    0xff, 0xff, 0xff, 0xff, 0xff, 0xff, 0xff, 0x90,
    0x00, 0x08, 0xfd, 0xaa, 0xaa, 0xaa, 0xaa, 0xaa,
    0xaa, 0x60, 0x00, 0x3f, 0xf3, 0x00, 0x00, 0x00,
    0x00, 0x00, 0x00, 0x00, 0x01, 0xdf, 0x9d, 0xff,
    0xff, 0xff, 0xff, 0xff, 0xa0, 0x00, 0x1c, 0xfd,
    0x07, 0x99, 0x99, 0x99, 0x99, 0x99, 0x60, 0x00,
    0x08, 0xe3, 0x00, 0x00, 0x00, 0x00, 0x00, 0x10,
    0x00, 0x00, 0x00, 0x4f, 0xff, 0xff, 0xff, 0xff,
    0xff, 0xfe, 0x00, 0x00, 0x00, 0x29, 0x99, 0x99,
    0x99, 0x99, 0x99, 0xfe, 0x00, 0x00, 0x00, 0x00,
    0x30, 0x00, 0x03, 0xf9, 0x00, 0xfe, 0x00, 0x00,
    0x00, 0x07, 0xfc, 0x30, 0x0d, 0xf5, 0x00, 0xff,
    0x00, 0x00, 0x00, 0x02, 0xbf, 0xf8, 0xaf, 0xa0,
    0x00, 0xef, 0x00, 0x00, 0x00, 0x00, 0x05, 0xff,
    0xfd, 0x10, 0x00, 0xdf, 0x10, 0x00, 0x00, 0x00,
    0x00, 0xaf, 0xff, 0x50, 0x00, 0xbf, 0x30, 0x40,
    0x00, 0x00, 0x1c, 0xfe, 0x9f, 0xf8, 0x00, 0x8f,
    0x60, 0xf3, 0x00, 0x06, 0xff, 0xc1, 0x06, 0xff,
    0x90, 0x4f, 0xb2, 0xf3, 0x04, 0xdf, 0xf8, 0x00,
    0x00, 0x4f, 0x50, 0x0d, 0xff, 0xf0, 0x01, 0xec,
    0x20, 0x00, 0x00, 0x01, 0x00, 0x02, 0xcf, 0x80,
    0x00, 0x10, 0x00, 0x00, 0x00, 0x00, 0x00, 0x00,
    0x00, 0x00,

    /* U+6C34 "水" */
    0x00, 0x00, 0x00, 0x00, 0x0d, 0xe0, 0x00, 0x00,
    0x00, 0x00, 0x00, 0x00, 0x00, 0x00, 0x0f, 0xf1,
    0x00, 0x00, 0x00, 0x00, 0x00, 0x00, 0x00, 0x00,
    0x0f, 0xf1, 0x00, 0x00, 0x00, 0x00, 0x00, 0x00,
    0x00, 0x00, 0x0f, 0xf1, 0x00, 0x00, 0x26, 0x00,
    0x00, 0x00, 0x00, 0x00, 0x0f, 0xf4, 0x00, 0x00,
    0xdf, 0x80, 0x0c, 0xee, 0xee, 0xfb, 0x1f, 0xf9,
    0x00, 0x0b, 0xfd, 0x10, 0x0e, 0xff, 0xff, 0xff,
    0x1f, 0xfe, 0x00, 0xaf, 0xd1, 0x00, 0x00, 0x00,
    0x03, 0xfd, 0x0f, 0xff, 0x5b, 0xfd, 0x10, 0x00,
    0x00, 0x00, 0x07, 0xf9, 0x0f, 0xff, 0xff, 0xc1,
    0x00, 0x00, 0x00, 0x00, 0x0d, 0xf3, 0x0f, 0xfb,
    0xfb, 0x00, 0x00, 0x00, 0x00, 0x00, 0x4f, 0xd0,
    0x0f, 0xf3, 0xfd, 0x00, 0x00, 0x00, 0x00, 0x00,
    0xcf, 0x60, 0x0f, 0xf1, 0xaf, 0x90, 0x00, 0x00,
    0x00, 0x07, 0xfe, 0x00, 0x0f, 0xf1, 0x1f, 0xf5,
    0x00, 0x00, 0x00, 0x3f, 0xf5, 0x00, 0x0f, 0xf1,
    0x06, 0xff, 0x50, 0x00, 0x03, 0xef, 0xa0, 0x00,
    0x0f, 0xf1, 0x00, 0x9f, 0xf8, 0x00, 0x2f, 0xfc,
    0x00, 0x00, 0x0f, 0xf1, 0x00, 0x0a, 0xff, 0xd2,
    0x07, 0xc1, 0x00, 0x10, 0x1f, 0xf0, 0x00, 0x00,
    0x7f, 0xb0, 0x00, 0x00, 0x04, 0xff, 0xff, 0xe0,
    0x00, 0x00, 0x02, 0x10, 0x00, 0x00, 0x00, 0xef,
    0xeb, 0x30, 0x00, 0x00, 0x00, 0x00,

    /* U+6CD5 "法" */
    0x00, 0x39, 0x20, 0x00, 0x00, 0x02, 0xea, 0x00,
    0x00, 0x00, 0x00, 0xbf, 0xfa, 0x10, 0x00, 0x03,
    0xfb, 0x00, 0x00, 0x00, 0x00, 0x05, 0xdf, 0xb0,
    0x00, 0x03, 0xfb, 0x00, 0x00, 0x00, 0x00, 0x00,
    0x08, 0x27, 0xcc, 0xcd, 0xff, 0xcc, 0xcc, 0x40,
    0x00, 0x00, 0x00, 0x09, 0xff, 0xff, 0xff, 0xff,
    0xff, 0x50, 0x01, 0x10, 0x00, 0x00, 0x00, 0x03,
    0xfb, 0x00, 0x00, 0x00, 0x0a, 0xf9, 0x20, 0x00,
    0x00, 0x03, 0xfb, 0x00, 0x00, 0x00, 0x07, 0xef,
    0xf7, 0x00, 0x00, 0x03, 0xfb, 0x00, 0x00, 0x00,
    0x00, 0x07, 0xf5, 0x46, 0x66, 0x68, 0xfd, 0x66,
    0x66, 0x62, 0x00, 0x00, 0x10, 0xaf, 0xff, 0xff,
    0xff, 0xff, 0xff, 0xf4, 0x00, 0x00, 0x00, 0x36,
    0x66, 0xff, 0x96, 0x66, 0x66, 0x61, 0x00, 0x00,
    0x2a, 0x00, 0x02, 0xff, 0x00, 0x00, 0x00, 0x00,
    0x00, 0x00, 0x9f, 0x50, 0x08, 0xf9, 0x00, 0x2a,
    0x40, 0x00, 0x00, 0x02, 0xfe, 0x00, 0x0e, 0xf2,
    0x00, 0x4f, 0xe1, 0x00, 0x00, 0x0b, 0xf6, 0x00,
    0x4f, 0xb0, 0x00, 0x09, 0xfc, 0x00, 0x00, 0x4f,
    0xd0, 0x00, 0xbf, 0x62, 0x34, 0x57, 0xff, 0x60,
    0x00, 0xdf, 0x50, 0x8f, 0xff, 0xff, 0xff, 0xff,
    0xff, 0xf1, 0x03, 0xfc, 0x00, 0x6e, 0xdc, 0xba,
    0x97, 0x65, 0x4b, 0xf8, 0x00, 0x23, 0x00, 0x00,
    0x00, 0x00, 0x00, 0x00, 0x03, 0x81,

    /* U+6E29 "温" */
    0x00, 0x26, 0x00, 0x00, 0x00, 0x00, 0x00, 0x00,
    0x00, 0x00, 0x00, 0xcf, 0xe6, 0x06, 0xff, 0xff,
    0xff, 0xff, 0xf6, 0x00, 0x00, 0x07, 0xff, 0x66,
    0xfb, 0x88, 0x88, 0x8c, 0xf6, 0x00, 0x00, 0x00,
    0x19, 0x06, 0xf5, 0x00, 0x00, 0x08, 0xf6, 0x00,
    0x00, 0x00, 0x00, 0x06, 0xff, 0xff, 0xff, 0xff,
    0xf6, 0x00, 0x01, 0x00, 0x00, 0x06, 0xfa, 0x88,
    0x88, 0x8c, 0xf6, 0x00, 0x0c, 0xe6, 0x00, 0x06,
    0xf5, 0x00, 0x00, 0x08, 0xf6, 0x00, 0x08, 0xff,
    0xc1, 0x06, 0xfb, 0xaa, 0xaa, 0xad, 0xf6, 0x00,
    0x00, 0x2b, 0xf2, 0x06, 0xff, 0xff, 0xff, 0xff,
    0xf6, 0x00, 0x00, 0x00, 0x30, 0x00, 0x00, 0x00,
    0x00, 0x00, 0x00, 0x00, 0x00, 0x00, 0x00, 0x0a,
    0xaa, 0xaa, 0xaa, 0xaa, 0xaa, 0x00, 0x00, 0x00,
    0x98, 0x1f, 0xff, 0xff, 0xff, 0xff, 0xff, 0x10,
    0x00, 0x01, 0xfd, 0x1f, 0xa0, 0xe8, 0x0e, 0x80,
    0xbf, 0x10, 0x00, 0x08, 0xf7, 0x1f, 0xa0, 0xe8,
    0x0e, 0x80, 0xbf, 0x10, 0x00, 0x1f, 0xf0, 0x1f,
    0xa0, 0xe8, 0x0e, 0x80, 0xbf, 0x10, 0x00, 0x8f,
    0x80, 0x1f, 0xa0, 0xe8, 0x0e, 0x80, 0xbf, 0x10,
    0x01, 0xff, 0x19, 0xcf, 0xec, 0xfe, 0xcf, 0xec,
    0xff, 0xc4, 0x09, 0xfa, 0x0b, 0xff, 0xff, 0xff,
    0xff, 0xff, 0xff, 0xf5, 0x03, 0xe2, 0x0b, 0xff,
    0xff, 0xff, 0xff, 0xff, 0xff, 0xf5, 0x00, 0x00,
    0x00, 0x00, 0x00, 0x00, 0x00, 0x00, 0x00, 0x00,

    /* U+706B "火" */
    0x00, 0x00, 0x00, 0x00, 0x19, 0x80, 0x00, 0x00,
    0x00, 0x00, 0x00, 0x00, 0x00, 0x00, 0x2f, 0xe0,
    0x00, 0x00, 0x00, 0x00, 0x00, 0x00, 0x00, 0x00,
    0x2f, 0xe0, 0x00, 0x00, 0x00, 0x00, 0x00, 0x00,
    0x00, 0x00, 0x2f, 0xe0, 0x00, 0x00, 0x00, 0x00,
    0x00, 0x03, 0xb5, 0x00, 0x2f, 0xe0, 0x00, 0x00,
    0xb6, 0x00, 0x00, 0x06, 0xf8, 0x00, 0x2f, 0xe0,
    0x00, 0x05, 0xfe, 0x10, 0x00, 0x0b, 0xf5, 0x00,
    0x2f, 0xe0, 0x00, 0x0c, 0xf7, 0x00, 0x00, 0x1f,
    0xf1, 0x00, 0x2f, 0xf0, 0x00, 0x4f, 0xd0, 0x00,
    0x00, 0x9f, 0xa0, 0x00, 0x5f, 0xf2, 0x00, 0xdf,
    0x50, 0x00, 0x06, 0xff, 0x20, 0x00, 0x9f, 0xf6,
    0x04, 0xfb, 0x00, 0x00, 0x00, 0x75, 0x00, 0x00,
    0xee, 0xfc, 0x00, 0x31, 0x00, 0x00, 0x00, 0x00,
    0x00, 0x06, 0xf8, 0xaf, 0x40, 0x00, 0x00, 0x00,
    0x00, 0x00, 0x00, 0x1f, 0xf1, 0x3f, 0xe1, 0x00,
    0x00, 0x00, 0x00, 0x00, 0x00, 0xcf, 0x70, 0x09,
    0xfc, 0x00, 0x00, 0x00, 0x00, 0x00, 0x1c, 0xfc,
    0x00, 0x00, 0xdf, 0xc1, 0x00, 0x00, 0x00, 0x03,
    0xdf, 0xd1, 0x00, 0x00, 0x1e, 0xfe, 0x50, 0x00,
    0x02, 0xaf, 0xfc, 0x10, 0x00, 0x00, 0x01, 0xcf,
    0xfc, 0x50, 0x0b, 0xff, 0x70, 0x00, 0x00, 0x00,
    0x00, 0x08, 0xff, 0xb0, 0x01, 0x81, 0x00, 0x00,
    0x00, 0x00, 0x00, 0x00, 0x18, 0x10,

    /* U+7528 "用" */
    0x00, 0x0a, 0xba, 0xaa, 0xaa, 0xaa, 0xaa, 0xaa,
    0xb9, 0x00, 0x0f, 0xff, 0xff, 0xff, 0xff, 0xff,
    0xff, 0xfe, 0x00, 0x0f, 0xe2, 0x22, 0x2d, 0xf3,
    0x22, 0x22, 0xfe, 0x00, 0x0f, 0xd0, 0x00, 0x0d,
    0xf1, 0x00, 0x00, 0xfe, 0x00, 0x0f, 0xd0, 0x00,
    0x0d, 0xf1, 0x00, 0x00, 0xfe, 0x00, 0x0f, 0xfd,
    0xdd, 0xdf, 0xfd, 0xdd, 0xdd, 0xfe, 0x00, 0x0f,
    0xff, 0xff, 0xff, 0xff, 0xff, 0xff, 0xfe, 0x00,
    0x0f, 0xd0, 0x00, 0x0d, 0xf1, 0x00, 0x00, 0xfe,
    0x00, 0x0f, 0xd0, 0x00, 0x0d, 0xf1, 0x00, 0x00,
    0xfe, 0x00, 0x1f, 0xc0, 0x00, 0x0d, 0xf2, 0x00,
    0x00, 0xfe, 0x00, 0x2f, 0xff, 0xff, 0xff, 0xff,
    0xff, 0xff, 0xfe, 0x00, 0x4f, 0xec, 0xcc, 0xcf,
    0xfc, 0xcc, 0xcc, 0xfe, 0x00, 0x6f, 0x70, 0x00,
    0x0d, 0xf1, 0x00, 0x00, 0xfe, 0x00, 0xaf, 0x40,
    0x00, 0x0d, 0xf1, 0x00, 0x00, 0xfe, 0x00, 0xff,
    0x00, 0x00, 0x0d, 0xf1, 0x00, 0x00, 0xfe, 0x06,
    0xfa, 0x00, 0x00, 0x0d, 0xf1, 0x00, 0x00, 0xfe,
    0x1e, 0xf3, 0x00, 0x00, 0x0d, 0xf1, 0x4c, 0xcc,
    0xfc, 0x1b, 0x90, 0x00, 0x00, 0x0c, 0xf1, 0x0f,
    0xff, 0xd4, 0x00, 0x00, 0x00, 0x00, 0x00, 0x00,
    0x00, 0x00, 0x00,

    /* U+753B "画" */
    0x7a, 0xaa, 0xaa, 0xaa, 0xaa, 0xaa, 0xaa, 0xaa,
    0xaa, 0x1b, 0xff, 0xff, 0xff, 0xff, 0xff, 0xff,
    0xff, 0xff, 0xf2, 0x12, 0x22, 0x22, 0x22, 0xdf,
    0x32, 0x22, 0x22, 0x22, 0x00, 0x00, 0x00, 0x00,
    0x0d, 0xf1, 0x00, 0x00, 0x00, 0x00, 0x1e, 0xb0,
    0x8e, 0xee, 0xff, 0xee, 0xee, 0x00, 0xeb, 0x01,
    0xfc, 0x09, 0xfb, 0xbe, 0xfb, 0xbe, 0xf0, 0x1f,
    0xc0, 0x1f, 0xc0, 0x9f, 0x00, 0xbf, 0x00, 0xaf,
    0x01, 0xfc, 0x01, 0xfc, 0x09, 0xf2, 0x2b, 0xf2,
    0x2b, 0xf0, 0x1f, 0xc0, 0x1f, 0xc0, 0x9f, 0xff,
    0xff, 0xff, 0xff, 0x01, 0xfc, 0x01, 0xfc, 0x09,
    0xf5, 0x5d, 0xf5, 0x5c, 0xf0, 0x1f, 0xc0, 0x1f,
    0xc0, 0x9f, 0x00, 0xbf, 0x00, 0xaf, 0x01, 0xfc,
    0x01, 0xfc, 0x09, 0xf3, 0x3c, 0xf3, 0x3b, 0xf0,
    0x1f, 0xc0, 0x1f, 0xc0, 0x9f, 0xff, 0xff, 0xff,
    0xff, 0x01, 0xfc, 0x01, 0xfc, 0x03, 0x66, 0x66,
    0x66, 0x66, 0x60, 0x1f, 0xc0, 0x1f, 0xd2, 0x22,
    0x22, 0x22, 0x22, 0x22, 0x23, 0xfc, 0x01, 0xff,
    0xff, 0xff, 0xff, 0xff, 0xff, 0xff, 0xff, 0xc0,
    0x1f, 0xea, 0xaa, 0xaa, 0xaa, 0xaa, 0xaa, 0xab,
    0xfc, 0x01, 0xfc, 0x00, 0x00, 0x00, 0x00, 0x00,
    0x00, 0x0f, 0xb0,

    /* U+77E5 "知" */
    0x00, 0x09, 0x50, 0x00, 0x00, 0x00, 0x00, 0x00,
    0x00, 0x00, 0x03, 0xfb, 0x00, 0x00, 0x00, 0x00,
    0x00, 0x00, 0x00, 0x00, 0x7f, 0x70, 0x00, 0x00,
    0x0d, 0xff, 0xff, 0xff, 0x90, 0x0d, 0xff, 0xff,
    0xff, 0xd0, 0xef, 0xdd, 0xde, 0xfa, 0x03, 0xfe,
    0xbf, 0xfb, 0xb9, 0x0e, 0xe0, 0x00, 0x4f, 0xa0,
    0xbf, 0x41, 0xfd, 0x00, 0x00, 0xee, 0x00, 0x04,
    0xfa, 0x1e, 0xc0, 0x1f, 0xd0, 0x00, 0x0e, 0xe0,
    0x00, 0x4f, 0xa0, 0x12, 0x01, 0xfd, 0x00, 0x00,
    0xee, 0x00, 0x04, 0xfa, 0x0d, 0xdd, 0xdf, 0xfd,
    0xdd, 0x5e, 0xe0, 0x00, 0x4f, 0xa0, 0xff, 0xff,
    0xff, 0xff, 0xf6, 0xee, 0x00, 0x04, 0xfa, 0x00,
    0x00, 0x4f, 0xb0, 0x00, 0x0e, 0xe0, 0x00, 0x4f,
    0xa0, 0x00, 0x07, 0xfd, 0x10, 0x00, 0xee, 0x00,
    0x04, 0xfa, 0x00, 0x00, 0xbf, 0xfc, 0x00, 0x0e,
    0xe0, 0x00, 0x4f, 0xa0, 0x00, 0x1f, 0xfa, 0xfb,
    0x00, 0xee, 0x00, 0x04, 0xfa, 0x00, 0x09, 0xfc,
    0x0c, 0xf9, 0x0e, 0xe0, 0x00, 0x5f, 0xa0, 0x04,
    0xff, 0x50, 0x1e, 0xf3, 0xef, 0xff, 0xff, 0xfa,
    0x04, 0xff, 0xc0, 0x00, 0x4a, 0x0e, 0xfb, 0xbb,
    0xdf, 0xa1, 0xff, 0xf2, 0x00, 0x00, 0x00, 0xee,
    0x00, 0x04, 0xfa, 0x08, 0xf4, 0x00, 0x00, 0x00,
    0x0e, 0xe0, 0x00, 0x00, 0x00, 0x03, 0x00, 0x00,
    0x00, 0x00, 0x00, 0x00, 0x00, 0x00,

    /* U+79D2 "秒" */
    0x00, 0x00, 0x00, 0x31, 0x00, 0x00, 0x0a, 0x80,
    0x00, 0x00, 0x00, 0x15, 0x9d, 0xfd, 0x00, 0x00,
    0x1f, 0xd0, 0x00, 0x00, 0x1e, 0xff, 0xff, 0xa5,
    0x00, 0x00, 0x1f, 0xd0, 0x00, 0x00, 0x08, 0x74,
    0xfd, 0x00, 0x00, 0x20, 0x1f, 0xd0, 0x23, 0x00,
    0x00, 0x00, 0xfd, 0x00, 0x04, 0xf9, 0x1f, 0xd1,
    0xfd, 0x00, 0x00, 0x00, 0xfd, 0x00, 0x08, 0xf6,
    0x1f, 0xd0, 0x8f, 0x50, 0x1f, 0xff, 0xff, 0xff,
    0x3d, 0xf1, 0x1f, 0xd0, 0x2f, 0xb0, 0x1b, 0xbd,
    0xff, 0xbb, 0x5f, 0xc0, 0x1f, 0xd0, 0x0c, 0xf1,
    0x00, 0x08, 0xfe, 0x00, 0xaf, 0x50, 0x1f, 0xd0,
    0x07, 0xf6, 0x00, 0x0e, 0xff, 0xc2, 0xdd, 0x00,
    0x1f, 0xd0, 0x03, 0x92, 0x00, 0x7f, 0xfe, 0xfc,
    0x11, 0x01, 0x3f, 0xc0, 0x8b, 0x30, 0x01, 0xfa,
    0xfd, 0x5f, 0x40, 0x1f, 0xff, 0xb0, 0xef, 0x10,
    0x0b, 0xf3, 0xfd, 0x04, 0x00, 0x09, 0xa8, 0x17,
    0xfa, 0x00, 0x5f, 0xa0, 0xfd, 0x00, 0x00, 0x00,
    0x00, 0x3f, 0xf2, 0x00, 0x0d, 0x10, 0xfd, 0x00,
    0x00, 0x00, 0x03, 0xef, 0x80, 0x00, 0x01, 0x00,
    0xfd, 0x00, 0x00, 0x00, 0x7f, 0xfa, 0x00, 0x00,
    0x00, 0x00, 0xfd, 0x00, 0x03, 0x8e, 0xff, 0x80,
    0x00, 0x00, 0x00, 0x00, 0xfd, 0x00, 0xdf, 0xff,
    0xb3, 0x00, 0x00, 0x00, 0x00, 0x00, 0xfd, 0x00,
    0x6d, 0x82, 0x00, 0x00, 0x00, 0x00, 0x00, 0x00,
    0x00, 0x00, 0x00, 0x00, 0x00, 0x00, 0x00, 0x00,

    /* U+7D61 "絡" */
    0x00, 0x03, 0xa2, 0x00, 0x00, 0x05, 0xc4, 0x00,
    0x00, 0x00, 0x00, 0x0a, 0xf2, 0x00, 0x00, 0x0d,
    0xf1, 0x00, 0x00, 0x00, 0x00, 0x2f, 0xa0, 0x50,
    0x00, 0x7f, 0xff, 0xff, 0xfd, 0x20, 0x05, 0xaf,
    0x16, 0xf7, 0x03, 0xfe, 0xaa, 0xab, 0xfe, 0x00,
    0x1f, 0xf7, 0x0e, 0xd0, 0x2e, 0xfe, 0x10, 0x09,
    0xf6, 0x00, 0x04, 0xfd, 0x9f, 0x33, 0xef, 0x9f,
    0xc0, 0x5f, 0xc0, 0x00, 0x00, 0x6f, 0xf8, 0x32,
    0xd5, 0x08, 0xfd, 0xfe, 0x10, 0x00, 0x00, 0x0e,
    0xc4, 0xf4, 0x00, 0x00, 0xbf, 0xf7, 0x00, 0x00,
    0x00, 0x9f, 0x42, 0xeb, 0x00, 0x1a, 0xfe, 0xff,
    0x91, 0x00, 0x3f, 0xff, 0xff, 0xff, 0x37, 0xef,
    0xb1, 0x3d, 0xff, 0x92, 0x19, 0x88, 0xfb, 0x4f,
    0xff, 0xe6, 0x00, 0x00, 0x6e, 0xf4, 0x01, 0x42,
    0xf9, 0x55, 0x4e, 0xff, 0xff, 0xff, 0xff, 0x50,
    0x06, 0xf5, 0xf9, 0xcb, 0x0c, 0xfb, 0xbb, 0xbb,
    0xef, 0x20, 0x09, 0xf2, 0xf9, 0x6f, 0x1c, 0xf0,
    0x00, 0x00, 0xbf, 0x20, 0x0c, 0xd1, 0xf9, 0x1f,
    0x5c, 0xf0, 0x00, 0x00, 0xbf, 0x20, 0x1f, 0x91,
    0xf9, 0x06, 0x1c, 0xf0, 0x00, 0x00, 0xbf, 0x20,
    0x2c, 0x31, 0xf9, 0x00, 0x0c, 0xff, 0xff, 0xff,
    0xff, 0x20, 0x00, 0x01, 0xf9, 0x00, 0x0c, 0xfb,
    0xbb, 0xbb, 0xef, 0x20, 0x00, 0x01, 0xf9, 0x00,
    0x0c, 0xf0, 0x00, 0x00, 0xbf, 0x20, 0x00, 0x00,
    0x10, 0x00, 0x00, 0x00, 0x00, 0x00, 0x00, 0x00,

    /* U+7D9A "続" */
    0x00, 0x02, 0x92, 0x00, 0x00, 0x00, 0x1d, 0xa0,
    0x00, 0x00, 0x00, 0x08, 0xf4, 0x00, 0x00, 0x00,
    0x2f, 0xc0, 0x00, 0x00, 0x00, 0x0f, 0xb0, 0x40,
    0x8f, 0xff, 0xff, 0xff, 0xff, 0xf1, 0x04, 0x9f,
    0x34, 0xf8, 0x48, 0x88, 0x8f, 0xe8, 0x88, 0x80,
    0x0e, 0xf9, 0x0d, 0xe1, 0x00, 0x00, 0x1f, 0xc0,
    0x00, 0x00, 0x05, 0xfc, 0x7f, 0x50, 0x0c, 0xff,
    0xff, 0xff, 0xff, 0x90, 0x00, 0x8f, 0xfa, 0x30,
    0x07, 0x99, 0x99, 0x99, 0x99, 0x50, 0x00, 0x0e,
    0xe5, 0xf5, 0x12, 0x22, 0x22, 0x22, 0x22, 0x20,
    0x00, 0x6f, 0x41, 0xdc, 0x8f, 0xff, 0xff, 0xff,
    0xff, 0xf3, 0x3e, 0xff, 0xff, 0xff, 0xbf, 0x76,
    0x66, 0x66, 0x6a, 0xf3, 0x2e, 0xca, 0xfc, 0x6f,
    0xff, 0x11, 0x00, 0x01, 0x07, 0xf3, 0x00, 0x21,
    0xf9, 0x17, 0x57, 0x0f, 0xb0, 0x5f, 0x43, 0x71,
    0x05, 0xf5, 0xf9, 0xdb, 0x00, 0x0f, 0xb0, 0x5f,
    0x40, 0x00, 0x07, 0xf3, 0xf9, 0x8f, 0x00, 0x2f,
    0xa0, 0x5f, 0x40, 0x00, 0x0a, 0xe1, 0xf9, 0x4f,
    0x40, 0x6f, 0x70, 0x5f, 0x40, 0x00, 0x0e, 0xb1,
    0xf9, 0x1d, 0x30, 0xdf, 0x20, 0x5f, 0x40, 0xc6,
    0x3f, 0x61, 0xf9, 0x00, 0x0b, 0xf9, 0x00, 0x5f,
    0x40, 0xe8, 0x04, 0x11, 0xf9, 0x04, 0xdf, 0xc0,
    0x00, 0x4f, 0xb9, 0xf6, 0x00, 0x01, 0xf9, 0x04,
    0xf9, 0x00, 0x00, 0x1d, 0xff, 0xd1, 0x00, 0x00,
    0x21, 0x00, 0x00, 0x00, 0x00, 0x00, 0x00, 0x00,

    /* U+8377 "荷" */
    0x00, 0x00, 0x00, 0x10, 0x00, 0x00, 0x01, 0x00,
    0x00, 0x00, 0x00, 0x00, 0x9f, 0x50, 0x00, 0x08,
    0xf5, 0x00, 0x00, 0x08, 0xaa, 0xad, 0xfc, 0xaa,
    0xaa, 0xdf, 0xca, 0xaa, 0x70, 0xdf, 0xff, 0xff,
    0xff, 0xff, 0xff, 0xff, 0xff, 0xfc, 0x01, 0x11,
    0x19, 0xf5, 0x11, 0x11, 0x8f, 0x61, 0x11, 0x00,
    0x00, 0x00, 0x7c, 0x30, 0x00, 0x06, 0xc4, 0x00,
    0x00, 0x00, 0x00, 0x5e, 0x60, 0x00, 0x00, 0x00,
    0x00, 0x00, 0x00, 0x00, 0x0d, 0xf4, 0xff, 0xff,
    0xff, 0xff, 0xff, 0xfd, 0x00, 0x07, 0xfa, 0x0d,
    0xdd, 0xdd, 0xdd, 0xdf, 0xfd, 0xb0, 0x03, 0xff,
    0x20, 0x00, 0x00, 0x00, 0x00, 0xcf, 0x10, 0x02,
    0xef, 0xf1, 0x09, 0xb9, 0x99, 0x96, 0x0c, 0xf1,
    0x02, 0xef, 0xff, 0x10, 0xef, 0xff, 0xff, 0xa0,
    0xcf, 0x10, 0x1e, 0xac, 0xf1, 0x0e, 0xd0, 0x01,
    0xfa, 0x0c, 0xf1, 0x00, 0x20, 0xcf, 0x10, 0xed,
    0x00, 0x1f, 0xa0, 0xcf, 0x10, 0x00, 0x0c, 0xf1,
    0x0e, 0xe9, 0x99, 0xfa, 0x0c, 0xf1, 0x00, 0x00,
    0xcf, 0x10, 0xef, 0xff, 0xff, 0xa0, 0xcf, 0x10,
    0x00, 0x0c, 0xf1, 0x0e, 0xd0, 0x00, 0x00, 0x0c,
    0xf1, 0x00, 0x00, 0xcf, 0x10, 0x21, 0x00, 0x00,
    0x00, 0xcf, 0x10, 0x00, 0x0c, 0xf1, 0x00, 0x00,
    0x00, 0xab, 0xbf, 0xf0, 0x00, 0x00, 0xcf, 0x10,
    0x00, 0x00, 0x09, 0xff, 0xe7, 0x00, 0x00, 0x01,
    0x20, 0x00, 0x00, 0x00, 0x00, 0x00, 0x00, 0x00,

    /* U+884C "行" */
    0x00, 0x00, 0x1c, 0x70, 0x00, 0x00, 0x00, 0x00,
    0x00, 0x00, 0x00, 0x00, 0xcf, 0x90, 0x0c, 0xcc,
    0xcc, 0xcc, 0xcc, 0x90, 0x00, 0x0c, 0xfb, 0x00,
    0x0f, 0xff, 0xff, 0xff, 0xff, 0xc0, 0x01, 0xcf,
    0xc0, 0x00, 0x00, 0x00, 0x00, 0x00, 0x00, 0x00,
    0x0e, 0xfc, 0x00, 0x50, 0x00, 0x00, 0x00, 0x00,
    0x00, 0x00, 0x07, 0xa0, 0x08, 0xf9, 0x00, 0x00,
    0x00, 0x00, 0x00, 0x00, 0x00, 0x00, 0x4f, 0xe1,
    0x00, 0x00, 0x00, 0x00, 0x00, 0x00, 0x00, 0x01,
    0xef, 0x51, 0xff, 0xff, 0xff, 0xff, 0xff, 0xf2,
    0x00, 0x1d, 0xfd, 0x00, 0xdd, 0xdd, 0xdd, 0xef,
    0xed, 0xd2, 0x01, 0xdf, 0xfd, 0x00, 0x00, 0x00,
    0x00, 0x7f, 0x70, 0x00, 0x1e, 0xfd, 0xfd, 0x00,
    0x00, 0x00, 0x00, 0x7f, 0x70, 0x00, 0x0b, 0xd2,
    0xfd, 0x00, 0x00, 0x00, 0x00, 0x7f, 0x70, 0x00,
    0x01, 0x11, 0xfd, 0x00, 0x00, 0x00, 0x00, 0x7f,
    0x70, 0x00, 0x00, 0x01, 0xfd, 0x00, 0x00, 0x00,
    0x00, 0x7f, 0x70, 0x00, 0x00, 0x01, 0xfd, 0x00,
    0x00, 0x00, 0x00, 0x7f, 0x70, 0x00, 0x00, 0x01,
    0xfd, 0x00, 0x00, 0x00, 0x00, 0x7f, 0x70, 0x00,
    0x00, 0x01, 0xfd, 0x00, 0x00, 0x00, 0x00, 0x7f,
    0x70, 0x00, 0x00, 0x01, 0xfd, 0x00, 0x00, 0x0a,
    0xcc, 0xef, 0x50, 0x00, 0x00, 0x01, 0xfd, 0x00,
    0x00, 0x08, 0xff, 0xfa, 0x00, 0x00, 0x00, 0x00,
    0x21, 0x00, 0x00, 0x00, 0x00, 0x00, 0x00, 0x00,

    /* U+8A00 "言" */
    0x00, 0x07, 0xff, 0xff, 0xff, 0xff, 0xff, 0x90,
    0x00, 0x00, 0x00, 0x49, 0x99, 0x99, 0x99, 0x99,
    0x95, 0x00, 0x00, 0x00, 0x00, 0x00, 0x00, 0x00,
    0x00, 0x00, 0x00, 0x00, 0x0f, 0xff, 0xff, 0xff,
    0xff, 0xff, 0xff, 0xff, 0xff, 0xf1, 0x89, 0x99,
    0x99, 0x99, 0x99, 0x99, 0x99, 0x99, 0x99, 0x00,
    0x00, 0x00, 0x00, 0x00, 0x00, 0x00, 0x00, 0x00,
    0x00, 0x00, 0x0d, 0xff, 0xff, 0xff, 0xff, 0xff,
    0xe0, 0x00, 0x00, 0x00, 0x68, 0x88, 0x88, 0x88,
    0x88, 0x87, 0x00, 0x00, 0x00, 0x06, 0x88, 0x88,
    0x88, 0x88, 0x88, 0x70, 0x00, 0x00, 0x00, 0xdf,
    0xff, 0xff, 0xff, 0xff, 0xfe, 0x00, 0x00, 0x00,
    0x00, 0x00, 0x00, 0x00, 0x00, 0x00, 0x00, 0x00,
    0x00, 0x01, 0xaa, 0xaa, 0xaa, 0xaa, 0xaa, 0xaa,
    0x20, 0x00, 0x00, 0x2f, 0xff, 0xff, 0xff, 0xff,
    0xff, 0xf3, 0x00, 0x00, 0x02, 0xfb, 0x00, 0x00,
    0x00, 0x00, 0xbf, 0x30, 0x00, 0x00, 0x2f, 0xb0,
    0x00, 0x00, 0x00, 0x0b, 0xf3, 0x00, 0x00, 0x02,
    0xfe, 0xaa, 0xaa, 0xaa, 0xaa, 0xef, 0x30, 0x00,
    0x00, 0x2f, 0xff, 0xff, 0xff, 0xff, 0xff, 0xf3,
    0x00, 0x00, 0x02, 0xfb, 0x00, 0x00, 0x00, 0x00,
    0xbf, 0x30, 0x00, 0x00, 0x01, 0x00, 0x00, 0x00,
    0x00, 0x00, 0x00, 0x00, 0x00,

    /* U+8A2D "設" */
    0x00, 0x00, 0x00, 0x00, 0x00, 0x11, 0x11, 0x11,
    0x00, 0x00, 0x00, 0xff, 0xff, 0xfe, 0x00, 0xdf,
    0xff, 0xff, 0xb0, 0x00, 0x00, 0x77, 0x77, 0x77,
    0x00, 0xdf, 0xaa, 0xaf, 0xb0, 0x00, 0x09, 0x99,
    0x99, 0x99, 0x50, 0xee, 0x00, 0x1f, 0xb0, 0x00,
    0x1f, 0xff, 0xff, 0xff, 0x90, 0xfd, 0x00, 0x1f,
    0xb0, 0xc5, 0x00, 0x00, 0x00, 0x00, 0x06, 0xfa,
    0x00, 0x1f, 0xb2, 0xf8, 0x02, 0xff, 0xff, 0xfe,
    0x3f, 0xf4, 0x00, 0x0f, 0xff, 0xf5, 0x01, 0x88,
    0x88, 0x87, 0xcf, 0x90, 0x00, 0x03, 0x77, 0x50,
    0x00, 0x00, 0x00, 0x00, 0x18, 0x00, 0x00, 0x00,
    0x01, 0x00, 0x02, 0xee, 0xee, 0xed, 0x5f, 0xff,
    0xff, 0xff, 0xff, 0x50, 0x01, 0x88, 0x88, 0x88,
    0x3a, 0xce, 0xaa, 0xaa, 0xff, 0x20, 0x01, 0x77,
    0x77, 0x76, 0x00, 0xee, 0x10, 0x03, 0xfc, 0x00,
    0x03, 0xff, 0xff, 0xfe, 0x00, 0x8f, 0xa0, 0x0d,
    0xf5, 0x00, 0x03, 0xf8, 0x00, 0xbe, 0x00, 0x0e,
    0xf7, 0xaf, 0xb0, 0x00, 0x03, 0xf7, 0x00, 0xbe,
    0x00, 0x03, 0xff, 0xfe, 0x10, 0x00, 0x03, 0xf7,
    0x00, 0xbe, 0x00, 0x05, 0xff, 0xfd, 0x30, 0x00,
    0x03, 0xff, 0xff, 0xfe, 0x27, 0xdf, 0xfe, 0xff,
    0xfb, 0x50, 0x03, 0xfc, 0x99, 0x98, 0xdf, 0xff,
    0x91, 0x4d, 0xff, 0xf5, 0x03, 0xf7, 0x00, 0x00,
    0x7f, 0xa2, 0x00, 0x00, 0x7e, 0xc0, 0x00, 0x00,
    0x00, 0x00, 0x00, 0x00, 0x00, 0x00, 0x00, 0x10,

    /* U+8A9E "語" */
    0x00, 0x00, 0x00, 0x00, 0x00, 0x00, 0x00, 0x00,
    0x00, 0x00, 0x03, 0xff, 0xff, 0xf5, 0x2f, 0xff,
    0xff, 0xff, 0xff, 0xd0, 0x01, 0x77, 0x77, 0x72,
    0x19, 0x9d, 0xfc, 0x99, 0x99, 0x70, 0x28, 0x88,
    0x88, 0x88, 0x00, 0x0a, 0xf4, 0x00, 0x00, 0x00,
    0x4f, 0xff, 0xff, 0xff, 0x1a, 0xcf, 0xfd, 0xcc,
    0xc9, 0x00, 0x00, 0x00, 0x00, 0x00, 0x0c, 0xef,
    0xfe, 0xee, 0xfc, 0x00, 0x03, 0x88, 0x88, 0x82,
    0x00, 0x3f, 0xb0, 0x01, 0xfc, 0x00, 0x05, 0xff,
    0xff, 0xf5, 0x00, 0x6f, 0x70, 0x01, 0xfc, 0x00,
    0x00, 0x00, 0x00, 0x00, 0x79, 0xcf, 0xb9, 0x99,
    0xfe, 0x94, 0x05, 0xff, 0xff, 0xf5, 0xdf, 0xff,
    0xff, 0xff, 0xff, 0xf7, 0x03, 0x88, 0x88, 0x82,
    0x00, 0x00, 0x00, 0x00, 0x00, 0x00, 0x00, 0x10,
    0x00, 0x00, 0x06, 0xaa, 0xaa, 0xaa, 0xaa, 0x20,
    0x06, 0xff, 0xff, 0xf7, 0x0b, 0xff, 0xff, 0xff,
    0xff, 0x40, 0x06, 0xf9, 0x79, 0xf7, 0x0b, 0xf3,
    0x22, 0x22, 0xaf, 0x40, 0x06, 0xf3, 0x02, 0xf7,
    0x0b, 0xf1, 0x00, 0x00, 0x9f, 0x40, 0x06, 0xf3,
    0x02, 0xf7, 0x0b, 0xf1, 0x00, 0x00, 0x9f, 0x40,
    0x06, 0xfd, 0xcd, 0xf7, 0x0b, 0xff, 0xff, 0xff,
    0xff, 0x40, 0x06, 0xfc, 0xbb, 0xb5, 0x0b, 0xfc,
    0xbb, 0xbb, 0xef, 0x40, 0x06, 0xf3, 0x00, 0x00,
    0x0b, 0xf1, 0x00, 0x00, 0x9f, 0x40, 0x00, 0x10,
    0x00, 0x00, 0x01, 0x10, 0x00, 0x00, 0x00, 0x00,

    /* U+8D77 "起" */
    0x00, 0x00, 0x1d, 0x80, 0x00, 0x00, 0x00, 0x00,
    0x00, 0x00, 0x00, 0x00, 0x2f, 0xa0, 0x00, 0x1f,
    0xff, 0xff, 0xff, 0x00, 0x03, 0xbb, 0xcf, 0xeb,
    0xb8, 0x0b, 0xbb, 0xbb, 0xff, 0x00, 0x05, 0xff,
    0xff, 0xff, 0xfb, 0x00, 0x00, 0x00, 0xdf, 0x00,
    0x00, 0x00, 0x2f, 0xa0, 0x00, 0x00, 0x00, 0x00,
    0xdf, 0x00, 0x00, 0x00, 0x2f, 0xa0, 0x00, 0x00,
    0x00, 0x00, 0xdf, 0x00, 0x0b, 0xdd, 0xef, 0xfd,
    0xdd, 0x39, 0xba, 0xaa, 0xff, 0x00, 0x0b, 0xdd,
    0xdf, 0xfd, 0xdd, 0x3e, 0xff, 0xff, 0xff, 0x00,
    0x00, 0x00, 0x0f, 0xf0, 0x00, 0x0e, 0xe0, 0x00,
    0x78, 0x00, 0x02, 0xb5, 0x0f, 0xf0, 0x00, 0x0e,
    0xe0, 0x00, 0x00, 0x00, 0x03, 0xf8, 0x0f, 0xfa,
    0xa8, 0x0e, 0xe0, 0x00, 0x00, 0x00, 0x04, 0xf7,
    0x0f, 0xff, 0xfd, 0x0e, 0xe0, 0x00, 0x09, 0xb0,
    0x04, 0xf8, 0x0f, 0xf0, 0x00, 0x0e, 0xe0, 0x00,
    0x0b, 0xf0, 0x05, 0xfe, 0x0f, 0xf0, 0x00, 0x0d,
    0xfb, 0xaa, 0xaf, 0xc0, 0x07, 0xff, 0x6f, 0xf0,
    0x00, 0x05, 0xef, 0xff, 0xfe, 0x40, 0x08, 0xfe,
    0xff, 0xf0, 0x00, 0x00, 0x00, 0x00, 0x00, 0x00,
    0x0b, 0xf4, 0xff, 0xc2, 0x00, 0x00, 0x00, 0x00,
    0x00, 0x00, 0x0e, 0xb0, 0x5f, 0xff, 0xfe, 0xdd,
    0xdd, 0xdd, 0xdd, 0xd1, 0x3f, 0x70, 0x01, 0x7b,
    0xdf, 0xff, 0xff, 0xff, 0xff, 0xa0, 0x05, 0x10,
    0x00, 0x00, 0x00, 0x00, 0x00, 0x00, 0x00, 0x00,

    /* U+8EE2 "転" */
    0x00, 0x00, 0xbf, 0x10, 0x00, 0x00, 0x00, 0x00,
    0x00, 0x00, 0x00, 0x00, 0xbf, 0x10, 0x00, 0x17,
    0x77, 0x77, 0x77, 0x50, 0x2f, 0xff, 0xff, 0xff,
    0xf6, 0x2f, 0xff, 0xff, 0xff, 0xb0, 0x1b, 0xbb,
    0xef, 0xbb, 0xb5, 0x04, 0x44, 0x44, 0x44, 0x30,
    0x00, 0x00, 0xbf, 0x10, 0x00, 0x00, 0x00, 0x00,
    0x00, 0x00, 0x07, 0xdd, 0xff, 0xdd, 0xd6, 0x00,
    0x00, 0x00, 0x00, 0x00, 0x08, 0xf8, 0xcf, 0x88,
    0xf7, 0x00, 0x00, 0x00, 0x00, 0x00, 0x08, 0xf0,
    0x8e, 0x01, 0xfb, 0xbb, 0xbb, 0xbb, 0xbb, 0xb4,
    0x08, 0xff, 0xff, 0xff, 0xfc, 0xff, 0xff, 0xff,
    0xff, 0xf7, 0x08, 0xf5, 0xbe, 0x56, 0xf7, 0x11,
    0x8f, 0xa1, 0x11, 0x10, 0x08, 0xf2, 0x9e, 0x23,
    0xf7, 0x00, 0x9f, 0x50, 0x00, 0x00, 0x08, 0xff,
    0xff, 0xff, 0xf7, 0x00, 0xcf, 0x20, 0x11, 0x00,
    0x02, 0x33, 0xcf, 0x43, 0x31, 0x00, 0xfe, 0x02,
    0xfa, 0x00, 0x49, 0x99, 0xef, 0x99, 0x96, 0x03,
    0xfb, 0x00, 0xdf, 0x20, 0x7f, 0xff, 0xff, 0xff,
    0xfb, 0x06, 0xf7, 0x00, 0x6f, 0x80, 0x01, 0x11,
    0xbf, 0x21, 0x11, 0x0a, 0xf4, 0x34, 0x6f, 0xe0,
    0x00, 0x00, 0xbf, 0x00, 0x08, 0xef, 0xff, 0xff,
    0xff, 0xf3, 0x00, 0x00, 0xbf, 0x00, 0x09, 0xff,
    0xff, 0xdc, 0xab, 0xf8, 0x00, 0x00, 0xbf, 0x00,
    0x02, 0x32, 0x00, 0x00, 0x03, 0xb3,

    /* U+8F1D "輝" */
    0x00, 0x02, 0xb3, 0x00, 0x24, 0x44, 0x44, 0x44,
    0x44, 0x40, 0x05, 0x24, 0xf5, 0x17, 0xaf, 0xff,
    0xff, 0xff, 0xff, 0xf0, 0x0d, 0x84, 0xf5, 0x4f,
    0xcf, 0x32, 0x23, 0x22, 0x2a, 0xf0, 0x09, 0xc4,
    0xf5, 0x8f, 0x7e, 0x10, 0x1f, 0xa0, 0x08, 0xe0,
    0x06, 0xf4, 0xf5, 0xca, 0x08, 0x99, 0x9f, 0xd9,
    0x99, 0x50, 0x03, 0xf6, 0xf7, 0xf5, 0x0e, 0xff,
    0xff, 0xff, 0xff, 0x90, 0x01, 0x65, 0xf6, 0x70,
    0x00, 0x00, 0x1f, 0xa0, 0x00, 0x00, 0x3f, 0xff,
    0xff, 0xff, 0x7b, 0xff, 0xff, 0xff, 0xff, 0x80,
    0x2e, 0xff, 0xef, 0xfe, 0x7b, 0xc3, 0x4f, 0xb3,
    0x4f, 0x80, 0x00, 0xbe, 0x0e, 0xb0, 0x0b, 0xc5,
    0x6f, 0xc5, 0x6f, 0x80, 0x00, 0xbd, 0x0e, 0xb0,
    0x0b, 0xfd, 0xdf, 0xfd, 0xdf, 0x80, 0x00, 0xcc,
    0x0e, 0xb0, 0x0b, 0xb3, 0x4f, 0xb3, 0x4f, 0x80,
    0x00, 0xdb, 0x0e, 0xb0, 0x0b, 0xff, 0xff, 0xff,
    0xff, 0x80, 0x00, 0xfa, 0x0e, 0xb5, 0x40, 0x11,
    0x2f, 0xb1, 0x11, 0x00, 0x02, 0xf7, 0x2f, 0xff,
    0xda, 0xaa, 0xbf, 0xea, 0xaa, 0xa2, 0x06, 0xf4,
    0x7f, 0xd5, 0x9f, 0xff, 0xff, 0xff, 0xff, 0xf3,
    0x0c, 0xf1, 0x25, 0x00, 0x00, 0x00, 0x1f, 0xa0,
    0x00, 0x00, 0x3f, 0xa0, 0x00, 0x00, 0x00, 0x00,
    0x1f, 0xa0, 0x00, 0x00, 0x08, 0x20, 0x00, 0x00,
    0x00, 0x00, 0x1f, 0xa0, 0x00, 0x00,

    /* U+901A "通" */
    0x00, 0x20, 0x00, 0x01, 0x22, 0x22, 0x22, 0x22,
    0x30, 0x00, 0x0c, 0xf6, 0x00, 0x0e, 0xff, 0xff,
    0xff, 0xff, 0xfe, 0x10, 0x05, 0xff, 0x70, 0x05,
    0x55, 0x85, 0x55, 0x9f, 0xf7, 0x00, 0x00, 0x4f,
    0xf5, 0x00, 0x09, 0xfc, 0x59, 0xfe, 0x40, 0x00,
    0x00, 0x06, 0xd1, 0x00, 0x00, 0x7e, 0xff, 0xd1,
    0x00, 0x00, 0x00, 0x00, 0x00, 0x0a, 0xaa, 0xaa,
    0xff, 0xfd, 0xbb, 0x40, 0x00, 0x00, 0x00, 0x0f,
    0xfc, 0xcc, 0xfe, 0xcc, 0xef, 0x70, 0x00, 0x00,
    0x00, 0x0f, 0xc0, 0x01, 0xfa, 0x00, 0x9f, 0x70,
    0x7f, 0xff, 0xf1, 0x0f, 0xff, 0xff, 0xff, 0xff,
    0xff, 0x70, 0x5b, 0xbe, 0xf1, 0x0f, 0xe6, 0x66,
    0xfc, 0x66, 0xcf, 0x70, 0x00, 0x0b, 0xf1, 0x0f,
    0xd1, 0x12, 0xfa, 0x11, 0xaf, 0x70, 0x00, 0x0b,
    0xf1, 0x0f, 0xff, 0xff, 0xff, 0xff, 0xff, 0x70,
    0x00, 0x0b, 0xf1, 0x0f, 0xd5, 0x55, 0xfc, 0x55,
    0xbf, 0x70, 0x00, 0x0b, 0xf1, 0x0f, 0xc0, 0x01,
    0xfa, 0x00, 0x9f, 0x70, 0x00, 0x0d, 0xf3, 0x0f,
    0xc0, 0x01, 0xfa, 0x6f, 0xff, 0x50, 0x00, 0xaf,
    0xfc, 0x07, 0x60, 0x00, 0x64, 0x18, 0x74, 0x00,
    0x0b, 0xfe, 0xaf, 0xc4, 0x00, 0x00, 0x00, 0x00,
    0x00, 0x00, 0x8f, 0xe2, 0x09, 0xff, 0xec, 0xbb,
    0xbb, 0xbb, 0xcc, 0xd4, 0x2d, 0x10, 0x00, 0x39,
    0xdf, 0xff, 0xff, 0xff, 0xff, 0xf1, 0x00, 0x00,
    0x00, 0x00, 0x00, 0x00, 0x01, 0x00, 0x00, 0x00,

    /* U+9023 "連" */
    0x00, 0x00, 0x00, 0x00, 0x00, 0x08, 0xb0, 0x00,
    0x00, 0x00, 0x08, 0xf4, 0x00, 0x00, 0x00, 0x0c,
    0xf2, 0x00, 0x00, 0x00, 0x05, 0xff, 0x50, 0xff,
    0xff, 0xff, 0xff, 0xff, 0xff, 0x90, 0x00, 0x4f,
    0xf3, 0x88, 0x88, 0x8e, 0xf8, 0x88, 0x88, 0x40,
    0x00, 0x06, 0xd2, 0x06, 0x66, 0x6d, 0xf7, 0x66,
    0x64, 0x00, 0x00, 0x00, 0x00, 0x0f, 0xff, 0xff,
    0xff, 0xff, 0xfc, 0x00, 0x00, 0x00, 0x00, 0x0f,
    0xb0, 0x0c, 0xf1, 0x01, 0xfc, 0x00, 0x01, 0x11,
    0x10, 0x0f, 0xff, 0xff, 0xff, 0xff, 0xfc, 0x00,
    0x2f, 0xff, 0xf1, 0x0f, 0xc5, 0x5d, 0xf6, 0x56,
    0xfc, 0x00, 0x1b, 0xbe, 0xf1, 0x0f, 0xc4, 0x4d,
    0xf5, 0x45, 0xfc, 0x00, 0x00, 0x0b, 0xf1, 0x0f,
    0xff, 0xff, 0xff, 0xff, 0xfc, 0x00, 0x00, 0x0b,
    0xf1, 0x01, 0x11, 0x1c, 0xf2, 0x11, 0x11, 0x00,
    0x00, 0x0b, 0xf4, 0xcc, 0xcc, 0xcf, 0xfd, 0xcc,
    0xcc, 0xa0, 0x00, 0x0b, 0xf4, 0xbb, 0xbb, 0xbe,
    0xfb, 0xbb, 0xbb, 0x90, 0x00, 0x0d, 0xf4, 0x00,
    0x00, 0x0c, 0xf1, 0x00, 0x00, 0x00, 0x00, 0xaf,
    0xfc, 0x00, 0x00, 0x0b, 0xf1, 0x00, 0x00, 0x00,
    0x09, 0xfd, 0x7f, 0xc4, 0x00, 0x00, 0x00, 0x00,
    0x00, 0x00, 0x3f, 0xe2, 0x08, 0xff, 0xec, 0xbb,
    0xbb, 0xbb, 0xcc, 0xd0, 0x0c, 0x30, 0x00, 0x3a,
    0xdf, 0xff, 0xff, 0xff, 0xff, 0xb0, 0x00, 0x00,
    0x00, 0x00, 0x00, 0x00, 0x01, 0x00, 0x00, 0x00,

    /* U+9032 "進" */
    0x00, 0x10, 0x00, 0x00, 0x18, 0x30, 0x04, 0x51,
    0x00, 0x00, 0x08, 0xf5, 0x00, 0x00, 0x7f, 0x90,
    0x0d, 0xf3, 0x00, 0x00, 0x04, 0xff, 0x50, 0x01,
    0xef, 0x20, 0x3f, 0xc0, 0x00, 0x00, 0x00, 0x4f,
    0xf3, 0x0a, 0xfe, 0xbb, 0xdf, 0xdb, 0xbb, 0x30,
    0x00, 0x06, 0xd2, 0x6f, 0xfe, 0xee, 0xff, 0xee,
    0xee, 0x40, 0x00, 0x00, 0x05, 0xff, 0xf2, 0x00,
    0xcf, 0x10, 0x00, 0x00, 0x00, 0x00, 0x2f, 0xff,
    0xf9, 0x88, 0xef, 0x88, 0x86, 0x00, 0x00, 0x00,
    0x07, 0x7b, 0xff, 0xff, 0xff, 0xff, 0xfc, 0x00,
    0x2f, 0xff, 0xf1, 0x0b, 0xf2, 0x00, 0xcf, 0x20,
    0x00, 0x00, 0x2d, 0xdf, 0xf1, 0x0b, 0xf2, 0x00,
    0xcf, 0x20, 0x00, 0x00, 0x00, 0x0b, 0xf1, 0x0b,
    0xff, 0xff, 0xff, 0xff, 0xfb, 0x00, 0x00, 0x0b,
    0xf1, 0x0b, 0xf9, 0x88, 0xef, 0x88, 0x86, 0x00,
    0x00, 0x0b, 0xf1, 0x0b, 0xf2, 0x00, 0xcf, 0x10,
    0x00, 0x00, 0x00, 0x0b, 0xf1, 0x0c, 0xfe, 0xee,
    0xff, 0xee, 0xee, 0x90, 0x00, 0x0d, 0xf3, 0x09,
    0xcc, 0xcc, 0xcc, 0xcc, 0xcc, 0x80, 0x00, 0xaf,
    0xfc, 0x00, 0x00, 0x00, 0x00, 0x00, 0x00, 0x00,
    0x09, 0xff, 0xbf, 0xc3, 0x00, 0x00, 0x00, 0x00,
    0x00, 0x00, 0x3f, 0xf3, 0x0a, 0xff, 0xec, 0xbb,
    0xbb, 0xbc, 0xcc, 0xc0, 0x0c, 0x40, 0x00, 0x4a,
    0xef, 0xff, 0xff, 0xff, 0xff, 0xa0, 0x00, 0x00,
    0x00, 0x00, 0x00, 0x00, 0x01, 0x00, 0x00, 0x00,

    /* U+91D1 "金" */
    0x00, 0x00, 0x00, 0x00, 0x5d, 0xc2, 0x00, 0x00,
    0x00, 0x00, 0x00, 0x00, 0x00, 0x02, 0xef, 0xfd,
    0x10, 0x00, 0x00, 0x00, 0x00, 0x00, 0x00, 0x1d,
    0xf9, 0xaf, 0xc0, 0x00, 0x00, 0x00, 0x00, 0x00,
    0x01, 0xdf, 0xb0, 0x0c, 0xfc, 0x10, 0x00, 0x00,
    0x00, 0x00, 0x2e, 0xfb, 0x00, 0x00, 0xbf, 0xe3,
    0x00, 0x00, 0x00, 0x06, 0xff, 0xa0, 0x00, 0x00,
    0x09, 0xff, 0x80, 0x00, 0x02, 0xbf, 0xff, 0xbb,
    0xbb, 0xbb, 0xbb, 0xff, 0xfd, 0x50, 0x1f, 0xfd,
    0x3f, 0xff, 0xff, 0xff, 0xff, 0xf2, 0xcf, 0xf2,
    0x06, 0x70, 0x00, 0x00, 0x1f, 0xe0, 0x00, 0x00,
    0x05, 0x50, 0x00, 0x00, 0x00, 0x00, 0x1f, 0xe0,
    0x00, 0x00, 0x00, 0x00, 0x00, 0x6b, 0xbb, 0xbb,
    0xbf, 0xfb, 0xbb, 0xbb, 0xb5, 0x00, 0x00, 0x8f,
    0xff, 0xff, 0xff, 0xff, 0xff, 0xff, 0xf7, 0x00,
    0x00, 0x00, 0x68, 0x00, 0x1f, 0xe0, 0x00, 0xa5,
    0x00, 0x00, 0x00, 0x00, 0x9f, 0x60, 0x1f, 0xe0,
    0x06, 0xfa, 0x00, 0x00, 0x00, 0x00, 0x0e, 0xe0,
    0x1f, 0xe0, 0x1f, 0xe0, 0x00, 0x00, 0x00, 0x00,
    0x08, 0xd2, 0x1f, 0xe0, 0x7f, 0x30, 0x00, 0x00,
    0x06, 0xcc, 0xcd, 0xcc, 0xdf, 0xfc, 0xcd, 0xcc,
    0xcc, 0x70, 0x08, 0xff, 0xff, 0xff, 0xff, 0xff,
    0xff, 0xff, 0xff, 0x90, 0x08, 0xff, 0xff, 0xff,
    0xff, 0xff, 0xff, 0xff, 0xff, 0x90,

    /* U+9593 "間" */
    0x01, 0x11, 0x11, 0x11, 0x00, 0x11, 0x11, 0x11,
    0x10, 0x1f, 0xff, 0xff, 0xff, 0x20, 0xff, 0xff,
    0xff, 0xfd, 0x1f, 0xd5, 0x55, 0xbf, 0x20, 0xfd,
    0x55, 0x56, 0xfd, 0x1f, 0xd4, 0x44, 0xaf, 0x20,
    0xfd, 0x44, 0x45, 0xfd, 0x1f, 0xff, 0xff, 0xff,
    0x20, 0xff, 0xff, 0xff, 0xfd, 0x1f, 0xc1, 0x11,
    0x9f, 0x20, 0xfc, 0x11, 0x12, 0xfd, 0x1f, 0xe6,
    0x66, 0xbf, 0x20, 0xfd, 0x66, 0x66, 0xfd, 0x1f,
    0xff, 0xff, 0xff, 0x20, 0xff, 0xff, 0xff, 0xfd,
    0x1f, 0xc0, 0x00, 0x00, 0x00, 0x00, 0x00, 0x01,
    0xfd, 0x1f, 0xc0, 0x05, 0x87, 0x77, 0x77, 0x60,
    0x01, 0xfd, 0x1f, 0xc0, 0x0b, 0xff, 0xff, 0xff,
    0xc0, 0x01, 0xfd, 0x1f, 0xc0, 0x0b, 0xf0, 0x00,
    0x0c, 0xc0, 0x01, 0xfd, 0x1f, 0xc0, 0x0b, 0xf6,
    0x66, 0x6e, 0xc0, 0x01, 0xfd, 0x1f, 0xc0, 0x0b,
    0xff, 0xff, 0xff, 0xc0, 0x01, 0xfd, 0x1f, 0xc0,
    0x0b, 0xf0, 0x00, 0x0c, 0xc0, 0x01, 0xfd, 0x1f,
    0xc0, 0x0b, 0xf7, 0x77, 0x7e, 0xc0, 0x01, 0xfd,
    0x1f, 0xc0, 0x0b, 0xff, 0xff, 0xff, 0xb0, 0x01,
    0xfd, 0x1f, 0xc0, 0x0b, 0xf0, 0x00, 0x00, 0x6d,
    0xde, 0xfb, 0x1f, 0xc0, 0x00, 0x00, 0x00, 0x00,
    0x2f, 0xff, 0xc3, 0x01, 0x00, 0x00, 0x00, 0x00,
    0x00, 0x00, 0x00, 0x00,

    /* U+967D "陽" */
    0x00, 0x00, 0x00, 0x00, 0x11, 0x11, 0x11, 0x11,
    0x10, 0x09, 0xff, 0xff, 0xd2, 0x1f, 0xff, 0xff,
    0xff, 0xfb, 0x00, 0x9f, 0xbb, 0xff, 0x11, 0xfb,
    0x44, 0x44, 0x5f, 0xb0, 0x09, 0xf1, 0x0f, 0xc0,
    0x1f, 0xc5, 0x55, 0x56, 0xfb, 0x00, 0x9f, 0x14,
    0xf6, 0x01, 0xff, 0xff, 0xff, 0xff, 0xb0, 0x09,
    0xf1, 0x9f, 0x10, 0x1f, 0xa0, 0x00, 0x01, 0xfb,
    0x00, 0x9f, 0x1e, 0xa0, 0x01, 0xfe, 0xcc, 0xcc,
    0xcf, 0xb0, 0x09, 0xf2, 0xdc, 0x00, 0x08, 0x88,
    0x88, 0x88, 0x86, 0x00, 0x9f, 0x13, 0xf7, 0x67,
    0x77, 0x77, 0x77, 0x77, 0x77, 0x29, 0xf1, 0x0c,
    0xed, 0xff, 0xff, 0xff, 0xff, 0xff, 0xf4, 0x9f,
    0x10, 0x9f, 0x20, 0xaf, 0x30, 0x00, 0x00, 0x00,
    0x09, 0xf1, 0x09, 0xf1, 0x4f, 0xfb, 0xbb, 0xbb,
    0xbb, 0x70, 0x9f, 0x59, 0xff, 0x4f, 0xfc, 0xff,
    0xcf, 0xfd, 0xf9, 0x09, 0xf4, 0xfe, 0xcf, 0xe2,
    0x4f, 0x71, 0xf9, 0x3f, 0x80, 0x9f, 0x10, 0x04,
    0xd2, 0x1e, 0xd0, 0x8f, 0x24, 0xf7, 0x09, 0xf1,
    0x00, 0x00, 0x1d, 0xf2, 0x2f, 0xa0, 0x6f, 0x50,
    0x9f, 0x10, 0x00, 0x2d, 0xf4, 0x0d, 0xe1, 0x09,
    0xf3, 0x09, 0xf1, 0x00, 0x0d, 0xf4, 0x0c, 0xf4,
    0x68, 0xef, 0x00, 0x9f, 0x10, 0x00, 0x22, 0x00,
    0x76, 0x07, 0xfe, 0x60, 0x00,

    /* U+96FB "電" */
    0x01, 0x55, 0x55, 0x55, 0x55, 0x55, 0x55, 0x55,
    0x10, 0x00, 0x6f, 0xff, 0xff, 0xff, 0xff, 0xff,
    0xff, 0xf5, 0x00, 0x00, 0x22, 0x22, 0x22, 0xfe,
    0x22, 0x22, 0x22, 0x00, 0x04, 0x66, 0x66, 0x66,
    0x6f, 0xe6, 0x66, 0x66, 0x66, 0x40, 0xaf, 0xee,
    0xee, 0xee, 0xff, 0xee, 0xee, 0xee, 0xfa, 0x0a,
    0xf1, 0x33, 0x33, 0x0f, 0xd0, 0x33, 0x33, 0x2f,
    0xa0, 0xaf, 0x1e, 0xee, 0xe1, 0xfd, 0x1e, 0xee,
    0xe2, 0xfa, 0x05, 0x91, 0x33, 0x33, 0x0f, 0xd0,
    0x33, 0x33, 0x29, 0x50, 0x00, 0x5f, 0xff, 0xf1,
    0xfd, 0x1f, 0xff, 0xf8, 0x00, 0x00, 0x04, 0x54,
    0x44, 0x49, 0x94, 0x44, 0x44, 0x40, 0x00, 0x00,
    0xdf, 0xff, 0xff, 0xff, 0xff, 0xff, 0xfe, 0x00,
    0x00, 0x0d, 0xf0, 0x00, 0x1f, 0xb0, 0x00, 0x0d,
    0xe0, 0x00, 0x00, 0xdf, 0xff, 0xff, 0xff, 0xff,
    0xff, 0xfe, 0x00, 0x00, 0x0d, 0xf3, 0x33, 0x4f,
    0xc3, 0x33, 0x3e, 0xe0, 0x00, 0x00, 0xdf, 0x55,
    0x56, 0xfd, 0x55, 0x55, 0xee, 0x00, 0x00, 0x0d,
    0xff, 0xff, 0xff, 0xff, 0xff, 0xff, 0xd4, 0xb2,
    0x00, 0xce, 0x00, 0x01, 0xfb, 0x00, 0x00, 0x00,
    0x6f, 0x30, 0x00, 0x00, 0x00, 0x0f, 0xf8, 0x77,
    0x77, 0x8d, 0xf0, 0x00, 0x00, 0x00, 0x00, 0x6d,
    0xff, 0xff, 0xff, 0xe6, 0x00,

    /* U+9762 "面" */
    0xac, 0xcc, 0xcc, 0xcc, 0xcc, 0xcc, 0xcc, 0xcc,
    0xcb, 0xef, 0xff, 0xff, 0xff, 0xff, 0xff, 0xff,
    0xff, 0xff, 0x00, 0x00, 0x00, 0x07, 0xfb, 0x00,
    0x00, 0x00, 0x00, 0x00, 0x00, 0x00, 0x0a, 0xf5,
    0x00, 0x00, 0x00, 0x00, 0x0c, 0xcc, 0xcc, 0xcf,
    0xfc, 0xcc, 0xcc, 0xcc, 0xc0, 0x0f, 0xff, 0xff,
    0xff, 0xff, 0xff, 0xff, 0xff, 0xf0, 0x0f, 0xc0,
    0x0b, 0xf0, 0x00, 0x4f, 0x70, 0x0e, 0xf0, 0x0f,
    0xc0, 0x0b, 0xf0, 0x00, 0x4f, 0x70, 0x0e, 0xf0,
    0x0f, 0xc0, 0x0b, 0xff, 0xff, 0xff, 0x70, 0x0e,
    0xf0, 0x0f, 0xc0, 0x0b, 0xf7, 0x77, 0xaf, 0x70,
    0x0e, 0xf0, 0x0f, 0xc0, 0x0b, 0xf0, 0x00, 0x4f,
    0x70, 0x0e, 0xf0, 0x0f, 0xc0, 0x0b, 0xf8, 0x88,
    0xaf, 0x70, 0x0e, 0xf0, 0x0f, 0xc0, 0x0b, 0xff,
    0xff, 0xff, 0x70, 0x0e, 0xf0, 0x0f, 0xc0, 0x0b,
    0xf0, 0x00, 0x4f, 0x70, 0x0e, 0xf0, 0x0f, 0xc0,
    0x0b, 0xf0, 0x00, 0x4f, 0x70, 0x0e, 0xf0, 0x0f,
    0xff, 0xff, 0xff, 0xff, 0xff, 0xff, 0xff, 0xf0,
    0x0f, 0xfb, 0xbb, 0xbb, 0xbb, 0xbb, 0xbb, 0xbf,
    0xf0, 0x0f, 0xc0, 0x00, 0x00, 0x00, 0x00, 0x00,
    0x0e, 0xf0,

    /* U+97F3 "音" */
    0x00, 0x00, 0x00, 0x00, 0xcb, 0x00, 0x00, 0x00,
    0x00, 0x00, 0x00, 0x00, 0x01, 0xff, 0x00, 0x00,
    0x00, 0x00, 0x0d, 0xff, 0xff, 0xff, 0xff, 0xff,
    0xff, 0xff, 0xf0, 0x08, 0xaa, 0xef, 0xaa, 0xaa,
    0xaa, 0xef, 0xba, 0xa0, 0x00, 0x00, 0xdf, 0x40,
    0x00, 0x00, 0xff, 0x30, 0x00, 0x00, 0x00, 0x6f,
    0xb0, 0x00, 0x07, 0xfa, 0x00, 0x00, 0x9a, 0xaa,
    0xbf, 0xda, 0xaa, 0xad, 0xfc, 0xaa, 0xaa, 0xff,
    0xff, 0xff, 0xff, 0xff, 0xff, 0xff, 0xff, 0xff,
    0x00, 0x00, 0x00, 0x00, 0x00, 0x00, 0x00, 0x00,
    0x00, 0x00, 0x08, 0x88, 0x88, 0x88, 0x88, 0x88,
    0x82, 0x00, 0x00, 0x0f, 0xff, 0xff, 0xff, 0xff,
    0xff, 0xf5, 0x00, 0x00, 0x0f, 0xd1, 0x11, 0x11,
    0x11, 0x1a, 0xf5, 0x00, 0x00, 0x0f, 0xd0, 0x00,
    0x00, 0x00, 0x0a, 0xf5, 0x00, 0x00, 0x0f, 0xff,
    0xff, 0xff, 0xff, 0xff, 0xf5, 0x00, 0x00, 0x0f,
    0xe8, 0x88, 0x88, 0x88, 0x8d, 0xf5, 0x00, 0x00,
    0x0f, 0xd0, 0x00, 0x00, 0x00, 0x0a, 0xf5, 0x00,
    0x00, 0x0f, 0xf9, 0x99, 0x99, 0x99, 0x9d, 0xf5,
    0x00, 0x00, 0x0f, 0xff, 0xff, 0xff, 0xff, 0xff,
    0xf5, 0x00, 0x00, 0x0f, 0xd0, 0x00, 0x00, 0x00,
    0x0a, 0xf5, 0x00, 0x00, 0x00, 0x00, 0x00, 0x00,
    0x00, 0x00, 0x00, 0x00,

    /* U+9806 "順" */
    0x00, 0x20, 0x00, 0x03, 0x20, 0x00, 0x00, 0x00,
    0x00, 0x00, 0x05, 0xf3, 0x00, 0x0e, 0xa8, 0xff,
    0xff, 0xff, 0xff, 0xf3, 0x05, 0xf3, 0x5a, 0x0e,
    0xa5, 0xaa, 0xad, 0xfc, 0xaa, 0xa2, 0x05, 0xf3,
    0x7e, 0x0e, 0xa0, 0x00, 0x0c, 0xf3, 0x00, 0x00,
    0x05, 0xf3, 0x7e, 0x0e, 0xa0, 0xbb, 0xbf, 0xfb,
    0xbb, 0x80, 0x05, 0xf3, 0x7e, 0x0e, 0xa0, 0xfe,
    0xbb, 0xbb, 0xbf, 0xb0, 0x05, 0xf3, 0x7e, 0x0e,
    0xa0, 0xfc, 0x00, 0x00, 0x1f, 0xb0, 0x05, 0xf3,
    0x7e, 0x0e, 0xa0, 0xfe, 0xaa, 0xaa, 0xaf, 0xb0,
    0x05, 0xf3, 0x7e, 0x0e, 0xa0, 0xfe, 0xbb, 0xbb,
    0xbf, 0xb0, 0x05, 0xf3, 0x7e, 0x0e, 0xa0, 0xfc,
    0x00, 0x00, 0x1f, 0xb0, 0x05, 0xf3, 0x7e, 0x0e,
    0xa0, 0xfe, 0xaa, 0xaa, 0xaf, 0xb0, 0x06, 0xf2,
    0x7e, 0x0e, 0xa0, 0xfe, 0xbb, 0xbb, 0xbf, 0xb0,
    0x07, 0xf1, 0x7e, 0x0e, 0xa0, 0xfc, 0x00, 0x00,
    0x1f, 0xb0, 0x08, 0xf0, 0x7e, 0x0e, 0xa0, 0xfe,
    0x99, 0x99, 0xaf, 0xb0, 0x0a, 0xe0, 0x7e, 0x0e,
    0xa0, 0xcd, 0xdd, 0xdd, 0xdd, 0x90, 0x0d, 0xc0,
    0x6c, 0x0e, 0xa0, 0x04, 0xb2, 0x03, 0xa2, 0x00,
    0x2f, 0x80, 0x00, 0x0e, 0xa1, 0x9f, 0xf4, 0x05,
    0xff, 0x60, 0x5f, 0x30, 0x00, 0x0e, 0xce, 0xfb,
    0x20, 0x00, 0x2d, 0xf7, 0x04, 0x00, 0x00, 0x00,
    0x06, 0x50, 0x00, 0x00, 0x01, 0x70
};

/*---------------------
 *  GLYPH DESCRIPTION
 *--------------------*/

static const lv_font_fmt_txt_glyph_dsc_t glyph_dsc[] = {
    {.bitmap_index = 0, .adv_w = 0, .box_w = 0, .box_h = 0, .ofs_x = 0, .ofs_y = 0} /* id = 0 reserved */,
    {.bitmap_index = 0, .adv_w = 320, .box_w = 16, .box_h = 17, .ofs_x = 2, .ofs_y = -1},
    {.bitmap_index = 136, .adv_w = 320, .box_w = 17, .box_h = 16, .ofs_x = 2, .ofs_y = -1},
    {.bitmap_index = 272, .adv_w = 320, .box_w = 18, .box_h = 18, .ofs_x = 1, .ofs_y = -1},
    {.bitmap_index = 434, .adv_w = 320, .box_w = 19, .box_h = 19, .ofs_x = 1, .ofs_y = -2},
    {.bitmap_index = 615, .adv_w = 320, .box_w = 14, .box_h = 16, .ofs_x = 3, .ofs_y = -1},
    {.bitmap_index = 727, .adv_w = 320, .box_w = 17, .box_h = 18, .ofs_x = 2, .ofs_y = -2},
    {.bitmap_index = 880, .adv_w = 320, .box_w = 18, .box_h = 19, .ofs_x = 1, .ofs_y = -2},
    {.bitmap_index = 1051, .adv_w = 320, .box_w = 16, .box_h = 17, .ofs_x = 2, .ofs_y = -1},
    {.bitmap_index = 1187, .adv_w = 320, .box_w = 18, .box_h = 14, .ofs_x = 1, .ofs_y = 0},
    {.bitmap_index = 1313, .adv_w = 320, .box_w = 17, .box_h = 16, .ofs_x = 1, .ofs_y = -1},
    {.bitmap_index = 1449, .adv_w = 320, .box_w = 17, .box_h = 17, .ofs_x = 2, .ofs_y = -1},
    {.bitmap_index = 1594, .adv_w = 320, .box_w = 18, .box_h = 16, .ofs_x = 1, .ofs_y = -1},
    {.bitmap_index = 1738, .adv_w = 320, .box_w = 19, .box_h = 18, .ofs_x = 1, .ofs_y = -2},
    {.bitmap_index = 1909, .adv_w = 320, .box_w = 18, .box_h = 18, .ofs_x = 1, .ofs_y = -2},
    {.bitmap_index = 2071, .adv_w = 320, .box_w = 19, .box_h = 19, .ofs_x = 0, .ofs_y = -2},
    {.bitmap_index = 2252, .adv_w = 320, .box_w = 13, .box_h = 18, .ofs_x = 4, .ofs_y = -2},
    {.bitmap_index = 2369, .adv_w = 320, .box_w = 16, .box_h = 17, .ofs_x = 2, .ofs_y = -1},
    {.bitmap_index = 2505, .adv_w = 320, .box_w = 15, .box_h = 14, .ofs_x = 3, .ofs_y = -2},
    {.bitmap_index = 2610, .adv_w = 320, .box_w = 17, .box_h = 16, .ofs_x = 2, .ofs_y = -1},
    {.bitmap_index = 2746, .adv_w = 320, .box_w = 14, .box_h = 15, .ofs_x = 2, .ofs_y = -2},
    {.bitmap_index = 2851, .adv_w = 320, .box_w = 17, .box_h = 17, .ofs_x = 1, .ofs_y = -1},
    {.bitmap_index = 2996, .adv_w = 320, .box_w = 17, .box_h = 18, .ofs_x = 2, .ofs_y = -1},
    {.bitmap_index = 3149, .adv_w = 320, .box_w = 15, .box_h = 12, .ofs_x = 3, .ofs_y = -1},
    {.bitmap_index = 3239, .adv_w = 320, .box_w = 15, .box_h = 16, .ofs_x = 3, .ofs_y = -3},
    {.bitmap_index = 3359, .adv_w = 320, .box_w = 17, .box_h = 17, .ofs_x = 1, .ofs_y = -1},
    {.bitmap_index = 3504, .adv_w = 320, .box_w = 17, .box_h = 19, .ofs_x = 1, .ofs_y = -2},
    {.bitmap_index = 3666, .adv_w = 320, .box_w = 19, .box_h = 20, .ofs_x = 1, .ofs_y = -2},
    {.bitmap_index = 3856, .adv_w = 320, .box_w = 20, .box_h = 19, .ofs_x = 0, .ofs_y = -2},
    {.bitmap_index = 4046, .adv_w = 320, .box_w = 18, .box_h = 17, .ofs_x = 1, .ofs_y = -1},
    {.bitmap_index = 4199, .adv_w = 320, .box_w = 19, .box_h = 18, .ofs_x = 1, .ofs_y = -1},
    {.bitmap_index = 4370, .adv_w = 320, .box_w = 18, .box_h = 16, .ofs_x = 1, .ofs_y = -1},
    {.bitmap_index = 4514, .adv_w = 320, .box_w = 17, .box_h = 17, .ofs_x = 1, .ofs_y = -1},
    {.bitmap_index = 4659, .adv_w = 320, .box_w = 17, .box_h = 18, .ofs_x = 1, .ofs_y = -1},
    {.bitmap_index = 4812, .adv_w = 320, .box_w = 19, .box_h = 20, .ofs_x = 1, .ofs_y = -2},
    {.bitmap_index = 5002, .adv_w = 320, .box_w = 18, .box_h = 18, .ofs_x = 1, .ofs_y = -2},
    {.bitmap_index = 5164, .adv_w = 320, .box_w = 15, .box_h = 14, .ofs_x = 3, .ofs_y = -2},
    {.bitmap_index = 5269, .adv_w = 320, .box_w = 18, .box_h = 18, .ofs_x = 1, .ofs_y = -2},
    {.bitmap_index = 5431, .adv_w = 320, .box_w = 12, .box_h = 17, .ofs_x = 6, .ofs_y = -1},
    {.bitmap_index = 5533, .adv_w = 320, .box_w = 13, .box_h = 17, .ofs_x = 5, .ofs_y = -1},
    {.bitmap_index = 5644, .adv_w = 320, .box_w = 17, .box_h = 17, .ofs_x = 2, .ofs_y = -1},
    {.bitmap_index = 5789, .adv_w = 320, .box_w = 18, .box_h = 18, .ofs_x = 1, .ofs_y = -2},
    {.bitmap_index = 5951, .adv_w = 320, .box_w = 19, .box_h = 18, .ofs_x = 1, .ofs_y = -1},
    {.bitmap_index = 6122, .adv_w = 320, .box_w = 16, .box_h = 18, .ofs_x = 3, .ofs_y = -1},
    {.bitmap_index = 6266, .adv_w = 320, .box_w = 16, .box_h = 16, .ofs_x = 2, .ofs_y = -1},
    {.bitmap_index = 6394, .adv_w = 320, .box_w = 18, .box_h = 19, .ofs_x = 2, .ofs_y = -1},
    {.bitmap_index = 6565, .adv_w = 320, .box_w = 18, .box_h = 18, .ofs_x = 2, .ofs_y = -1},
    {.bitmap_index = 6727, .adv_w = 320, .box_w = 18, .box_h = 16, .ofs_x = 1, .ofs_y = -1},
    {.bitmap_index = 6871, .adv_w = 320, .box_w = 18, .box_h = 17, .ofs_x = 1, .ofs_y = -1},
    {.bitmap_index = 7024, .adv_w = 320, .box_w = 17, .box_h = 16, .ofs_x = 2, .ofs_y = -1},
    {.bitmap_index = 7160, .adv_w = 320, .box_w = 16, .box_h = 15, .ofs_x = 2, .ofs_y = -2},
    {.bitmap_index = 7280, .adv_w = 320, .box_w = 16, .box_h = 12, .ofs_x = 2, .ofs_y = -1},
    {.bitmap_index = 7376, .adv_w = 320, .box_w = 12, .box_h = 14, .ofs_x = 4, .ofs_y = -2},
    {.bitmap_index = 7460, .adv_w = 320, .box_w = 16, .box_h = 18, .ofs_x = 2, .ofs_y = -2},
    {.bitmap_index = 7604, .adv_w = 320, .box_w = 12, .box_h = 18, .ofs_x = 4, .ofs_y = -2},
    {.bitmap_index = 7712, .adv_w = 320, .box_w = 18, .box_h = 17, .ofs_x = 1, .ofs_y = -1},
    {.bitmap_index = 7865, .adv_w = 320, .box_w = 16, .box_h = 17, .ofs_x = 3, .ofs_y = -1},
    {.bitmap_index = 8001, .adv_w = 320, .box_w = 16, .box_h = 15, .ofs_x = 2, .ofs_y = -1},
    {.bitmap_index = 8121, .adv_w = 320, .box_w = 17, .box_h = 16, .ofs_x = 2, .ofs_y = -1},
    {.bitmap_index = 8257, .adv_w = 320, .box_w = 18, .box_h = 4, .ofs_x = 1, .ofs_y = 6},
    {.bitmap_index = 8293, .adv_w = 320, .box_w = 19, .box_h = 18, .ofs_x = 0, .ofs_y = -1},
    {.bitmap_index = 8464, .adv_w = 320, .box_w = 20, .box_h = 19, .ofs_x = 0, .ofs_y = -3},
    {.bitmap_index = 8654, .adv_w = 320, .box_w = 20, .box_h = 19, .ofs_x = 0, .ofs_y = -2},
    {.bitmap_index = 8844, .adv_w = 320, .box_w = 20, .box_h = 19, .ofs_x = 0, .ofs_y = -2},
    {.bitmap_index = 9034, .adv_w = 320, .box_w = 20, .box_h = 20, .ofs_x = 0, .ofs_y = -3},
    {.bitmap_index = 9234, .adv_w = 320, .box_w = 18, .box_h = 18, .ofs_x = 1, .ofs_y = -2},
    {.bitmap_index = 9396, .adv_w = 320, .box_w = 16, .box_h = 19, .ofs_x = 2, .ofs_y = -2},
    {.bitmap_index = 9548, .adv_w = 320, .box_w = 19, .box_h = 20, .ofs_x = 0, .ofs_y = -3},
    {.bitmap_index = 9738, .adv_w = 320, .box_w = 19, .box_h = 20, .ofs_x = 0, .ofs_y = -3},
    {.bitmap_index = 9928, .adv_w = 320, .box_w = 18, .box_h = 19, .ofs_x = 1, .ofs_y = -2},
    {.bitmap_index = 10099, .adv_w = 320, .box_w = 20, .box_h = 19, .ofs_x = 0, .ofs_y = -1},
    {.bitmap_index = 10289, .adv_w = 320, .box_w = 20, .box_h = 18, .ofs_x = 0, .ofs_y = -2},
    {.bitmap_index = 10469, .adv_w = 320, .box_w = 20, .box_h = 20, .ofs_x = 0, .ofs_y = -3},
    {.bitmap_index = 10669, .adv_w = 320, .box_w = 20, .box_h = 20, .ofs_x = 0, .ofs_y = -3},
    {.bitmap_index = 10869, .adv_w = 320, .box_w = 20, .box_h = 18, .ofs_x = 0, .ofs_y = -2},
    {.bitmap_index = 11049, .adv_w = 320, .box_w = 20, .box_h = 20, .ofs_x = 0, .ofs_y = -2},
    {.bitmap_index = 11249, .adv_w = 320, .box_w = 19, .box_h = 21, .ofs_x = 0, .ofs_y = -3},
    {.bitmap_index = 11449, .adv_w = 320, .box_w = 20, .box_h = 19, .ofs_x = 0, .ofs_y = -2},
    {.bitmap_index = 11639, .adv_w = 320, .box_w = 20, .box_h = 16, .ofs_x = 0, .ofs_y = -1},
    {.bitmap_index = 11799, .adv_w = 320, .box_w = 18, .box_h = 19, .ofs_x = 1, .ofs_y = -2},
    {.bitmap_index = 11970, .adv_w = 320, .box_w = 20, .box_h = 19, .ofs_x = 0, .ofs_y = -2},
    {.bitmap_index = 12160, .adv_w = 320, .box_w = 20, .box_h = 20, .ofs_x = 0, .ofs_y = -3},
    {.bitmap_index = 12360, .adv_w = 320, .box_w = 19, .box_h = 19, .ofs_x = 1, .ofs_y = -2},
    {.bitmap_index = 12541, .adv_w = 320, .box_w = 20, .box_h = 20, .ofs_x = 0, .ofs_y = -3},
    {.bitmap_index = 12741, .adv_w = 320, .box_w = 20, .box_h = 20, .ofs_x = 0, .ofs_y = -3},
    {.bitmap_index = 12941, .adv_w = 320, .box_w = 20, .box_h = 20, .ofs_x = 0, .ofs_y = -3},
    {.bitmap_index = 13141, .adv_w = 320, .box_w = 20, .box_h = 19, .ofs_x = 0, .ofs_y = -2},
    {.bitmap_index = 13331, .adv_w = 320, .box_w = 20, .box_h = 20, .ofs_x = 0, .ofs_y = -3},
    {.bitmap_index = 13531, .adv_w = 320, .box_w = 20, .box_h = 20, .ofs_x = 0, .ofs_y = -3},
    {.bitmap_index = 13731, .adv_w = 320, .box_w = 14, .box_h = 19, .ofs_x = 3, .ofs_y = -3},
    {.bitmap_index = 13864, .adv_w = 320, .box_w = 19, .box_h = 20, .ofs_x = 1, .ofs_y = -3},
    {.bitmap_index = 14054, .adv_w = 320, .box_w = 18, .box_h = 20, .ofs_x = 1, .ofs_y = -3},
    {.bitmap_index = 14234, .adv_w = 320, .box_w = 19, .box_h = 19, .ofs_x = 1, .ofs_y = -2},
    {.bitmap_index = 14415, .adv_w = 320, .box_w = 20, .box_h = 19, .ofs_x = 0, .ofs_y = -3},
    {.bitmap_index = 14605, .adv_w = 320, .box_w = 17, .box_h = 19, .ofs_x = 0, .ofs_y = -3},
    {.bitmap_index = 14767, .adv_w = 320, .box_w = 20, .box_h = 19, .ofs_x = 0, .ofs_y = -2},
    {.bitmap_index = 14957, .adv_w = 320, .box_w = 20, .box_h = 19, .ofs_x = 0, .ofs_y = -2},
    {.bitmap_index = 15147, .adv_w = 320, .box_w = 20, .box_h = 21, .ofs_x = 0, .ofs_y = -3},
    {.bitmap_index = 15357, .adv_w = 320, .box_w = 20, .box_h = 19, .ofs_x = 0, .ofs_y = -2},
    {.bitmap_index = 15547, .adv_w = 320, .box_w = 20, .box_h = 19, .ofs_x = 0, .ofs_y = -2},
    {.bitmap_index = 15737, .adv_w = 320, .box_w = 20, .box_h = 20, .ofs_x = 0, .ofs_y = -3},
    {.bitmap_index = 15937, .adv_w = 320, .box_w = 20, .box_h = 19, .ofs_x = 0, .ofs_y = -2},
    {.bitmap_index = 16127, .adv_w = 320, .box_w = 18, .box_h = 19, .ofs_x = 0, .ofs_y = -3},
    {.bitmap_index = 16298, .adv_w = 320, .box_w = 19, .box_h = 18, .ofs_x = 1, .ofs_y = -2},
    {.bitmap_index = 16469, .adv_w = 320, .box_w = 19, .box_h = 20, .ofs_x = 0, .ofs_y = -3},
    {.bitmap_index = 16659, .adv_w = 320, .box_w = 20, .box_h = 20, .ofs_x = 0, .ofs_y = -3},
    {.bitmap_index = 16859, .adv_w = 320, .box_w = 20, .box_h = 20, .ofs_x = 0, .ofs_y = -3},
    {.bitmap_index = 17059, .adv_w = 320, .box_w = 20, .box_h = 20, .ofs_x = 0, .ofs_y = -3},
    {.bitmap_index = 17259, .adv_w = 320, .box_w = 19, .box_h = 21, .ofs_x = 0, .ofs_y = -3},
    {.bitmap_index = 17459, .adv_w = 320, .box_w = 20, .box_h = 20, .ofs_x = 0, .ofs_y = -3},
    {.bitmap_index = 17659, .adv_w = 320, .box_w = 19, .box_h = 19, .ofs_x = 1, .ofs_y = -3},
    {.bitmap_index = 17840, .adv_w = 320, .box_w = 20, .box_h = 20, .ofs_x = 0, .ofs_y = -3},
    {.bitmap_index = 18040, .adv_w = 320, .box_w = 20, .box_h = 20, .ofs_x = 0, .ofs_y = -3},
    {.bitmap_index = 18240, .adv_w = 320, .box_w = 20, .box_h = 20, .ofs_x = 0, .ofs_y = -3},
    {.bitmap_index = 18440, .adv_w = 320, .box_w = 20, .box_h = 19, .ofs_x = 0, .ofs_y = -2},
    {.bitmap_index = 18630, .adv_w = 320, .box_w = 20, .box_h = 19, .ofs_x = 0, .ofs_y = -2},
    {.bitmap_index = 18820, .adv_w = 320, .box_w = 20, .box_h = 20, .ofs_x = 0, .ofs_y = -3},
    {.bitmap_index = 19020, .adv_w = 320, .box_w = 20, .box_h = 20, .ofs_x = 0, .ofs_y = -3},
    {.bitmap_index = 19220, .adv_w = 320, .box_w = 20, .box_h = 20, .ofs_x = 0, .ofs_y = -3},
    {.bitmap_index = 19420, .adv_w = 320, .box_w = 20, .box_h = 19, .ofs_x = 0, .ofs_y = -2},
    {.bitmap_index = 19610, .adv_w = 320, .box_w = 18, .box_h = 20, .ofs_x = 1, .ofs_y = -3},
    {.bitmap_index = 19790, .adv_w = 320, .box_w = 19, .box_h = 19, .ofs_x = 1, .ofs_y = -2},
    {.bitmap_index = 19971, .adv_w = 320, .box_w = 19, .box_h = 19, .ofs_x = 1, .ofs_y = -2},
    {.bitmap_index = 20152, .adv_w = 320, .box_w = 18, .box_h = 18, .ofs_x = 1, .ofs_y = -2},
    {.bitmap_index = 20314, .adv_w = 320, .box_w = 18, .box_h = 20, .ofs_x = 1, .ofs_y = -3},
    {.bitmap_index = 20494, .adv_w = 320, .box_w = 20, .box_h = 19, .ofs_x = 0, .ofs_y = -2}
};

/*---------------------
 *  CHARACTER MAPPING
 *--------------------*/

static const uint16_t unicode_list_0[] = {
    0x00, 0x3f, 0x45, 0x4d, 0x4e, 0x54, 0x5a, 0x5c,
    0x5f, 0x61, 0x66, 0x69, 0x7a, 0x7c, 0x7f, 0x85,
    0x86, 0x9c, 0x9d, 0x9e, 0x9f, 0xa1, 0xa2, 0xa4,
    0xa6, 0xaa, 0xab, 0xad, 0xb2, 0xb3, 0xb4, 0xb6,
    0xba, 0xbb, 0xbc, 0xbe, 0xc1, 0xc3, 0xc4, 0xc5,
    0xc8, 0xcb, 0xce, 0xd0, 0xd1, 0xd2, 0xd9, 0xdb,
    0xdd, 0xde, 0xe0, 0xe2, 0xe4, 0xe5, 0xe6, 0xe7,
    0xe8, 0xee, 0xf7, 0x1e05, 0x1e83, 0x1f7a, 0x2060, 0x2143,
    0x2181, 0x21f5, 0x2220, 0x22d0, 0x26d9, 0x271a, 0x2722, 0x282c,
    0x282f, 0x2924, 0x2925, 0x2b95, 0x2bd8, 0x2de0, 0x2e33, 0x2ea1,
    0x2eb2, 0x2f0a, 0x2f5d, 0x3246, 0x32fc, 0x332a, 0x33a0, 0x35ab,
    0x35e0, 0x363d, 0x36c2, 0x36d7, 0x36ef, 0x3703, 0x3723, 0x3978,
    0x3c12, 0x3c2f, 0x3cd0, 0x3e24, 0x4066, 0x4523, 0x4536, 0x47e0,
    0x49cd, 0x4d5c, 0x4d95, 0x5372, 0x5847, 0x59fb, 0x5a28, 0x5a99,
    0x5d72, 0x5edd, 0x5f18, 0x6015, 0x601e, 0x602d, 0x61cc, 0x658e,
    0x6678, 0x66f6, 0x675d, 0x67ee, 0x6801
};

/*Collect the unicode lists and glyph_id offsets*/
static const lv_font_fmt_txt_cmap_t cmaps[] =
{
    {
        .range_start = 12293, .range_length = 26626, .glyph_id_start = 1,
        .unicode_list = unicode_list_0, .glyph_id_ofs_list = NULL, .list_length = 125, .type = LV_FONT_FMT_TXT_CMAP_SPARSE_TINY
    }
};

/*-----------------
 *    KERNING
 *----------------*/

/*Pair left and right glyphs for kerning*/
static const uint8_t kern_pair_glyph_ids[] =
{
    2, 10,
    5, 6,
    6, 10,
    6, 26,
    10, 3,
    10, 9,
    11, 5,
    11, 6,
    16, 9,
    17, 9,
    17, 47,
    19, 21,
    19, 26,
    19, 27,
    19, 29,
    19, 30,
    19, 32,
    19, 35,
    19, 40,
    19, 42,
    19, 48,
    19, 55,
    19, 58,
    19, 59,
    21, 26,
    21, 27,
    21, 31,
    21, 33,
    21, 34,
    21, 37,
    21, 40,
    21, 42,
    21, 48,
    26, 23,
    26, 26,
    26, 27,
    26, 31,
    26, 33,
    26, 34,
    26, 42,
    26, 48,
    26, 55,
    27, 26,
    27, 27,
    27, 48,
    28, 20,
    28, 21,
    28, 23,
    28, 42,
    28, 48,
    29, 42,
    30, 33,
    30, 34,
    30, 42,
    30, 50,
    30, 51,
    31, 47,
    34, 29,
    34, 30,
    35, 48,
    35, 50,
    37, 20,
    37, 48,
    40, 48,
    42, 38,
    42, 39,
    42, 58,
    43, 20,
    44, 20,
    44, 28,
    44, 48,
    44, 58,
    45, 20,
    46, 20,
    46, 51,
    48, 44,
    48, 45,
    48, 46,
    48, 53,
    51, 19,
    51, 56,
    53, 29,
    53, 30,
    53, 31,
    53, 42,
    53, 48,
    55, 25,
    55, 48,
    55, 58,
    56, 48,
    58, 31,
    58, 41,
    58, 44,
    58, 45,
    58, 46,
    58, 48,
    59, 10,
    59, 19,
    59, 20,
    59, 29,
    59, 30,
    59, 31,
    59, 42,
    59, 44,
    59, 45,
    59, 46,
    59, 48,
    59, 58
};

/* Kerning between the respective left and right glyphs
 * 4.4 format which needs to scaled with `kern_scale`*/
static const int8_t kern_pair_values[] =
{
    -10, -6, 3, -10, -10, -6, -6, 3,
    3, -13, -13, -16, -16, -16, -13, -13,
    -6, -6, -6, -13, -22, -3, -13, -19,
    -6, -6, -10, -13, -13, -6, -6, -6,
    -6, -3, -13, -13, -10, -13, -13, -16,
    -26, -10, -6, -6, -6, -10, -6, -6,
    -6, -16, -10, -6, -6, -19, -16, -22,
    -10, 6, 6, -6, -3, -19, -10, -10,
    10, 10, 16, -6, -6, -3, -10, 6,
    -10, -10, -6, -19, -19, -19, -16, -6,
    -6, -6, -6, -6, -3, -10, -10, -6,
    -6, -6, -6, -6, -10, -10, -10, -6,
    -19, -13, -13, -6, -6, -16, -3, -19,
    -19, -19, -10, -16
};

/*Collect the kern pair's data in one place*/
static const lv_font_fmt_txt_kern_pair_t kern_pairs =
{
    .glyph_ids = kern_pair_glyph_ids,
    .values = kern_pair_values,
    .pair_cnt = 108,
    .glyph_ids_size = 0
};

/*--------------------
 *  ALL CUSTOM DATA
 *--------------------*/

#if LVGL_VERSION_MAJOR == 8
/*Store all the custom data of the font*/
static  lv_font_fmt_txt_glyph_cache_t cache;
#endif

#if LVGL_VERSION_MAJOR >= 8
static const lv_font_fmt_txt_dsc_t font_dsc = {
#else
static lv_font_fmt_txt_dsc_t font_dsc = {
#endif
    .glyph_bitmap = glyph_bitmap,
    .glyph_dsc = glyph_dsc,
    .cmaps = cmaps,
    .kern_dsc = &kern_pairs,
    .kern_scale = 16,
    .cmap_num = 1,
    .bpp = 4,
    .kern_classes = 0,
    .bitmap_format = 0,
#if LVGL_VERSION_MAJOR == 8
    .cache = &cache
#endif

};



/*-----------------
 *  PUBLIC FONT
 *----------------*/

/*Initialize a public general font descriptor*/
#if LVGL_VERSION_MAJOR >= 8
const lv_font_t NS_Medium_jp_20_data = {
#else
lv_font_t NS_Medium_jp_20_data = {
#endif
    .get_glyph_dsc = lv_font_get_glyph_dsc_fmt_txt,    /*Function pointer to get glyph's data*/
    .get_glyph_bitmap = lv_font_get_bitmap_fmt_txt,    /*Function pointer to get glyph's bitmap*/
    .line_height = 21,          /*The maximum line height required by the font*/
    .base_line = 3,             /*Baseline measured from the bottom of the line*/
#if !(LVGL_VERSION_MAJOR == 6 && LVGL_VERSION_MINOR == 0)
    .subpx = LV_FONT_SUBPX_NONE,
#endif
#if LV_VERSION_CHECK(7, 4, 0) || LVGL_VERSION_MAJOR >= 8
    .underline_position = -2,
    .underline_thickness = 1,
#endif

#if LV_VERSION_CHECK(9, 3, 0)
    .static_bitmap = 1,    /*Bitmaps are stored as const so they are always static if not compressed */
#endif

    .dsc = &font_dsc,          /*The custom font data. Will be accessed by `get_glyph_bitmap/dsc` */
#if LV_VERSION_CHECK(8, 2, 0) || LVGL_VERSION_MAJOR >= 9
    .fallback = NULL,
#endif
    .user_data = NULL,
};



#endif /*#if NS_MEDIUM_JP_20_DATA*/
