/*******************************************************************************
 * Size: 16 px
 * Bpp: 4
 * Opts: --font /fonts/raw/languages/NotoSansJP-Medium.ttf -o /fonts/NS_Medium_jp_16_data.c --size 16 --bpp 4 --format lvgl --no-compress --symbols 、々あいえおかがくげこごさしすせただちっつづてでとどにのはべほまみむめもやよらりるれろをんァアィイウェォカキクグケゲコサシジスズセタダチッテデトドナニネバビフブプヘマムメモャュョラリルレロンー予作充先円切別刻動去回土圧報場寝工巻常強後態持探時晴曇曜最木楽気水済火画着確竜終絡続線荷設話認語転輝込連進金開間陽雨電面順風 --range 0x20-0x7F
 ******************************************************************************/

#ifdef __has_include
    #if __has_include("lvgl.h")
        #ifndef LV_LVGL_H_INCLUDE_SIMPLE
            #define LV_LVGL_H_INCLUDE_SIMPLE
        #endif
    #endif
#endif

#ifdef LV_LVGL_H_INCLUDE_SIMPLE
    #include "lvgl.h"
#else
    #include "lvgl/lvgl.h"
#endif



#ifndef NS_MEDIUM_JP_16_DATA
#define NS_MEDIUM_JP_16_DATA 1
#endif

#if NS_MEDIUM_JP_16_DATA

/*-----------------
 *    BITMAPS
 *----------------*/

/*Store the image of the glyphs*/
static LV_ATTRIBUTE_LARGE_CONST const uint8_t glyph_bitmap[] = {
    /* U+0020 " " */

    /* U+0021 "!" */
    0x2f, 0xa2, 0xfa, 0x1f, 0x91, 0xf8, 0x0f, 0x80,
    0xf7, 0x0f, 0x60, 0xe6, 0x03, 0x10, 0x84, 0x7f,
    0xf3, 0xea,

    /* U+0022 "\"" */
    0x9f, 0x51, 0xfd, 0x8f, 0x40, 0xfc, 0x7f, 0x30,
    0xfb, 0x5f, 0x10, 0xd9, 0x3f, 0x00, 0xb8, 0x00,
    0x00, 0x00,

    /* U+0023 "#" */
    0x00, 0x0f, 0x10, 0xa7, 0x00, 0x02, 0xf0, 0x0c,
    0x50, 0x00, 0x4d, 0x00, 0xe3, 0x00, 0xff, 0xff,
    0xff, 0xf9, 0x04, 0xaa, 0x46, 0xf4, 0x20, 0x0a,
    0x70, 0x4d, 0x00, 0x00, 0xc6, 0x06, 0xc0, 0x06,
    0xff, 0xff, 0xff, 0xf3, 0x13, 0xf5, 0x3b, 0x93,
    0x00, 0x1f, 0x00, 0xc6, 0x00, 0x03, 0xe0, 0x0e,
    0x40, 0x00, 0x5c, 0x00, 0xf2, 0x00,

    /* U+0024 "$" */
    0x00, 0x00, 0x82, 0x00, 0x00, 0x00, 0x0f, 0x40,
    0x00, 0x00, 0x5d, 0xfe, 0x90, 0x00, 0x3f, 0xe8,
    0xaf, 0x90, 0x09, 0xf3, 0x00, 0x30, 0x00, 0xaf,
    0x20, 0x00, 0x00, 0x05, 0xfd, 0x30, 0x00, 0x00,
    0x08, 0xff, 0xb2, 0x00, 0x00, 0x02, 0xbf, 0xf3,
    0x00, 0x00, 0x00, 0x5f, 0xd0, 0x00, 0x00, 0x00,
    0xcf, 0x00, 0x52, 0x00, 0x0e, 0xe0, 0x0e, 0xfa,
    0x8c, 0xf8, 0x00, 0x19, 0xef, 0xe7, 0x00, 0x00,
    0x00, 0xf4, 0x00, 0x00, 0x00, 0x08, 0x20, 0x00,

    /* U+0025 "%" */
    0x04, 0xdf, 0xb1, 0x00, 0x02, 0xe1, 0x00, 0x01,
    0xf8, 0x2c, 0xa0, 0x00, 0xa8, 0x00, 0x00, 0x5f,
    0x00, 0x5f, 0x00, 0x3e, 0x00, 0x00, 0x06, 0xe0,
    0x04, 0xf1, 0x0b, 0x60, 0x00, 0x00, 0x5f, 0x00,
    0x5f, 0x04, 0xd0, 0x00, 0x00, 0x01, 0xf6, 0x0b,
    0xb0, 0xc5, 0x0a, 0xec, 0x40, 0x05, 0xff, 0xd2,
    0x5c, 0x0a, 0xc2, 0x7f, 0x10, 0x00, 0x10, 0x0d,
    0x40, 0xf6, 0x00, 0xf5, 0x00, 0x00, 0x06, 0xb0,
    0x0f, 0x40, 0x0e, 0x70, 0x00, 0x00, 0xe3, 0x00,
    0xf6, 0x00, 0xf5, 0x00, 0x00, 0x7a, 0x00, 0x0a,
    0xd2, 0x8f, 0x10, 0x00, 0x1e, 0x20, 0x00, 0x1b,
    0xfd, 0x40,

    /* U+0026 "&" */
    0x00, 0x0a, 0xfe, 0x80, 0x00, 0x00, 0x00, 0x9f,
    0x68, 0xf4, 0x00, 0x00, 0x00, 0xea, 0x01, 0xf6,
    0x00, 0x00, 0x00, 0xeb, 0x07, 0xf2, 0x00, 0x00,
    0x00, 0x9f, 0xaf, 0x60, 0x00, 0x00, 0x00, 0x7f,
    0xf4, 0x00, 0x07, 0x60, 0x07, 0xfe, 0xf6, 0x00,
    0x2f, 0x80, 0x3f, 0xb0, 0xcf, 0x50, 0xaf, 0x10,
    0x6f, 0x50, 0x1d, 0xfa, 0xf8, 0x00, 0x5f, 0x80,
    0x01, 0xdf, 0xf2, 0x00, 0x0d, 0xfa, 0x7a, 0xfe,
    0xff, 0xa0, 0x01, 0xaf, 0xfd, 0x70, 0x2a, 0xa0,

    /* U+0027 "'" */
    0x9f, 0x58, 0xf4, 0x7f, 0x35, 0xf1, 0x3f, 0x00,
    0x00,

    /* U+0028 "(" */
    0x00, 0x00, 0x00, 0x9a, 0x02, 0xf5, 0x08, 0xe0,
    0x0e, 0x90, 0x2f, 0x50, 0x6f, 0x20, 0x8f, 0x00,
    0x9f, 0x00, 0x9f, 0x00, 0x8f, 0x00, 0x6f, 0x20,
    0x2f, 0x50, 0x0e, 0x90, 0x08, 0xe0, 0x02, 0xf5,
    0x00, 0x9b, 0x00, 0x00,

    /* U+0029 ")" */
    0x00, 0x00, 0x01, 0xe4, 0x00, 0x0a, 0xc0, 0x00,
    0x3f, 0x30, 0x00, 0xe9, 0x00, 0x0a, 0xd0, 0x00,
    0x7f, 0x10, 0x05, 0xf3, 0x00, 0x4f, 0x40, 0x04,
    0xf4, 0x00, 0x5f, 0x30, 0x07, 0xf1, 0x00, 0xad,
    0x00, 0x0e, 0x90, 0x03, 0xf3, 0x00, 0xac, 0x00,
    0x1e, 0x40, 0x00, 0x00, 0x00,

    /* U+002A "*" */
    0x00, 0x0b, 0x60, 0x00, 0x52, 0xc8, 0x33, 0x0c,
    0xff, 0xff, 0x80, 0x08, 0xff, 0x30, 0x01, 0xe8,
    0xbb, 0x00, 0x06, 0x01, 0x50,

    /* U+002B "+" */
    0x00, 0x00, 0x41, 0x00, 0x00, 0x00, 0x2f, 0x40,
    0x00, 0x00, 0x02, 0xf4, 0x00, 0x00, 0x11, 0x3f,
    0x51, 0x10, 0x6f, 0xff, 0xff, 0xff, 0x81, 0x44,
    0x5f, 0x74, 0x42, 0x00, 0x02, 0xf4, 0x00, 0x00,
    0x00, 0x2f, 0x40, 0x00, 0x00, 0x02, 0xf4, 0x00,
    0x00,

    /* U+002C "," */
    0x01, 0x50, 0x0b, 0xfa, 0x08, 0xfe, 0x00, 0x8c,
    0x03, 0xe5, 0x0e, 0x70, 0x00, 0x00,

    /* U+002D "-" */
    0x01, 0x11, 0x14, 0xff, 0xff, 0x14, 0x44, 0x40,

    /* U+002E "." */
    0x38, 0x1c, 0xf9, 0x8f, 0x50,

    /* U+002F "/" */
    0x00, 0x00, 0x8c, 0x00, 0x00, 0xc7, 0x00, 0x01,
    0xf3, 0x00, 0x05, 0xe0, 0x00, 0x0a, 0xa0, 0x00,
    0x0e, 0x50, 0x00, 0x3f, 0x10, 0x00, 0x8c, 0x00,
    0x00, 0xc7, 0x00, 0x01, 0xf3, 0x00, 0x06, 0xe0,
    0x00, 0x0a, 0xa0, 0x00, 0x0f, 0x50, 0x00, 0x3f,
    0x10, 0x00, 0x8c, 0x00, 0x00, 0x54, 0x00, 0x00,

    /* U+0030 "0" */
    0x00, 0x4d, 0xfd, 0x50, 0x00, 0x3f, 0xd7, 0xcf,
    0x50, 0x0b, 0xf2, 0x00, 0xed, 0x00, 0xfc, 0x00,
    0x09, 0xf2, 0x2f, 0x90, 0x00, 0x7f, 0x43, 0xf8,
    0x00, 0x06, 0xf5, 0x3f, 0x80, 0x00, 0x6f, 0x52,
    0xf9, 0x00, 0x07, 0xf4, 0x0f, 0xc0, 0x00, 0xaf,
    0x10, 0xbf, 0x20, 0x0e, 0xd0, 0x03, 0xfe, 0x8c,
    0xf4, 0x00, 0x04, 0xcf, 0xd5, 0x00,

    /* U+0031 "1" */
    0x03, 0x8f, 0xd0, 0x00, 0x2f, 0xff, 0xd0, 0x00,
    0x02, 0x2f, 0xd0, 0x00, 0x00, 0x0f, 0xd0, 0x00,
    0x00, 0x0f, 0xd0, 0x00, 0x00, 0x0f, 0xd0, 0x00,
    0x00, 0x0f, 0xd0, 0x00, 0x00, 0x0f, 0xd0, 0x00,
    0x00, 0x0f, 0xd0, 0x00, 0x00, 0x0f, 0xd0, 0x00,
    0x58, 0x8f, 0xe8, 0x80, 0xaf, 0xff, 0xff, 0xf1,

    /* U+0032 "2" */
    0x02, 0xaf, 0xfc, 0x40, 0x02, 0xee, 0x88, 0xff,
    0x30, 0x08, 0x10, 0x04, 0xfa, 0x00, 0x00, 0x00,
    0x1f, 0xc0, 0x00, 0x00, 0x02, 0xfa, 0x00, 0x00,
    0x00, 0x8f, 0x50, 0x00, 0x00, 0x2f, 0xd0, 0x00,
    0x00, 0x0d, 0xf3, 0x00, 0x00, 0x0b, 0xf6, 0x00,
    0x00, 0x0b, 0xf7, 0x00, 0x00, 0x0c, 0xfd, 0x89,
    0x99, 0x24, 0xff, 0xff, 0xff, 0xf5,

    /* U+0033 "3" */
    0x02, 0xae, 0xfd, 0x60, 0x00, 0xde, 0x98, 0xdf,
    0x70, 0x02, 0x10, 0x02, 0xfc, 0x00, 0x00, 0x00,
    0x1f, 0xc0, 0x00, 0x01, 0x4c, 0xf4, 0x00, 0x02,
    0xff, 0xf5, 0x00, 0x00, 0x04, 0x7d, 0xf6, 0x00,
    0x00, 0x00, 0x0d, 0xf0, 0x00, 0x00, 0x00, 0xaf,
    0x30, 0x91, 0x00, 0x0e, 0xf1, 0x4f, 0xe9, 0x9d,
    0xf9, 0x00, 0x3b, 0xff, 0xd7, 0x00,

    /* U+0034 "4" */
    0x00, 0x00, 0x4f, 0xf2, 0x00, 0x00, 0x0d, 0xff,
    0x20, 0x00, 0x07, 0xfb, 0xf2, 0x00, 0x01, 0xfb,
    0x9f, 0x20, 0x00, 0x9f, 0x39, 0xf2, 0x00, 0x3f,
    0x90, 0x9f, 0x20, 0x0c, 0xe1, 0x09, 0xf2, 0x05,
    0xf8, 0x22, 0xaf, 0x41, 0xbf, 0xff, 0xff, 0xff,
    0xa3, 0x55, 0x55, 0xbf, 0x63, 0x00, 0x00, 0x09,
    0xf2, 0x00, 0x00, 0x00, 0x9f, 0x20,

    /* U+0035 "5" */
    0x04, 0xff, 0xff, 0xfb, 0x00, 0x5f, 0xb9, 0x99,
    0x60, 0x06, 0xf3, 0x00, 0x00, 0x00, 0x8f, 0x20,
    0x00, 0x00, 0x09, 0xfe, 0xff, 0xa0, 0x00, 0x5c,
    0x54, 0xbf, 0xb0, 0x00, 0x00, 0x00, 0xdf, 0x10,
    0x00, 0x00, 0x0a, 0xf3, 0x00, 0x00, 0x00, 0xaf,
    0x30, 0x80, 0x00, 0x2f, 0xe0, 0x5f, 0xe9, 0x9e,
    0xf6, 0x00, 0x3b, 0xef, 0xc5, 0x00,

    /* U+0036 "6" */
    0x00, 0x09, 0xef, 0xd5, 0x00, 0x0c, 0xfb, 0x8d,
    0xe0, 0x07, 0xf7, 0x00, 0x02, 0x00, 0xde, 0x00,
    0x00, 0x00, 0x0f, 0xb0, 0x00, 0x00, 0x02, 0xf9,
    0x8f, 0xfd, 0x30, 0x2f, 0xfa, 0x46, 0xef, 0x11,
    0xfc, 0x00, 0x06, 0xf5, 0x0e, 0xd0, 0x00, 0x4f,
    0x70, 0x9f, 0x30, 0x08, 0xf4, 0x01, 0xee, 0x78,
    0xfc, 0x00, 0x02, 0xbf, 0xfa, 0x10,

    /* U+0037 "7" */
    0x3f, 0xff, 0xff, 0xff, 0x61, 0x99, 0x99, 0x9e,
    0xf2, 0x00, 0x00, 0x04, 0xf6, 0x00, 0x00, 0x00,
    0xdc, 0x00, 0x00, 0x00, 0x6f, 0x40, 0x00, 0x00,
    0x0c, 0xe0, 0x00, 0x00, 0x01, 0xfa, 0x00, 0x00,
    0x00, 0x5f, 0x60, 0x00, 0x00, 0x09, 0xf4, 0x00,
    0x00, 0x00, 0xbf, 0x20, 0x00, 0x00, 0x0c, 0xf0,
    0x00, 0x00, 0x00, 0xef, 0x00, 0x00,

    /* U+0038 "8" */
    0x00, 0x6d, 0xfe, 0x80, 0x00, 0x5f, 0xb5, 0x9f,
    0x80, 0x0a, 0xf0, 0x00, 0xbe, 0x00, 0xaf, 0x00,
    0x0a, 0xe0, 0x04, 0xfa, 0x00, 0xe8, 0x00, 0x07,
    0xfe, 0xdb, 0x00, 0x03, 0xe8, 0x9f, 0xf4, 0x00,
    0xeb, 0x00, 0x2e, 0xf1, 0x3f, 0x60, 0x00, 0x6f,
    0x52, 0xf9, 0x00, 0x08, 0xf5, 0x0b, 0xf9, 0x58,
    0xfd, 0x00, 0x08, 0xef, 0xe9, 0x10,

    /* U+0039 "9" */
    0x00, 0x8e, 0xfc, 0x30, 0x00, 0xaf, 0x97, 0xdf,
    0x30, 0x2f, 0xa0, 0x01, 0xfb, 0x05, 0xf6, 0x00,
    0x0a, 0xf0, 0x4f, 0x80, 0x00, 0x9f, 0x30, 0xee,
    0x41, 0x7f, 0xf4, 0x04, 0xef, 0xfc, 0x9f, 0x30,
    0x00, 0x32, 0x09, 0xf2, 0x00, 0x00, 0x00, 0xde,
    0x00, 0x20, 0x00, 0x5f, 0x80, 0x0d, 0xe9, 0xaf,
    0xd0, 0x00, 0x3c, 0xff, 0xa1, 0x00,

    /* U+003A ":" */
    0x8f, 0x5c, 0xf9, 0x38, 0x10, 0x00, 0x00, 0x00,
    0x00, 0x38, 0x1c, 0xf9, 0x8f, 0x50,

    /* U+003B ";" */
    0x08, 0xf5, 0x0c, 0xf9, 0x03, 0x81, 0x00, 0x00,
    0x00, 0x00, 0x00, 0x00, 0x01, 0x50, 0x0b, 0xfa,
    0x08, 0xfe, 0x00, 0x8c, 0x03, 0xe5, 0x0e, 0x70,
    0x00, 0x00,

    /* U+003C "<" */
    0x00, 0x00, 0x00, 0x05, 0x50, 0x00, 0x02, 0x8e,
    0xf7, 0x00, 0x6c, 0xfe, 0x83, 0x04, 0xff, 0xa4,
    0x00, 0x00, 0x5f, 0xe8, 0x20, 0x00, 0x00, 0x17,
    0xdf, 0xd7, 0x10, 0x00, 0x00, 0x4a, 0xff, 0x60,
    0x00, 0x00, 0x01, 0x65,

    /* U+003D "=" */
    0x6f, 0xff, 0xff, 0xff, 0x82, 0x55, 0x55, 0x55,
    0x52, 0x00, 0x00, 0x00, 0x00, 0x00, 0x11, 0x11,
    0x11, 0x10, 0x6f, 0xff, 0xff, 0xff, 0x81, 0x44,
    0x44, 0x44, 0x42,

    /* U+003E ">" */
    0x35, 0x00, 0x00, 0x00, 0x05, 0xff, 0x93, 0x00,
    0x00, 0x02, 0x8d, 0xfd, 0x61, 0x00, 0x00, 0x03,
    0x9f, 0xf6, 0x00, 0x00, 0x28, 0xef, 0x60, 0x16,
    0xcf, 0xe8, 0x20, 0x5f, 0xfb, 0x40, 0x00, 0x04,
    0x71, 0x00, 0x00, 0x00,

    /* U+003F "?" */
    0x03, 0xbf, 0xfa, 0x10, 0x1f, 0xd8, 0xbf, 0xb0,
    0x02, 0x00, 0x0d, 0xf0, 0x00, 0x00, 0x0d, 0xe0,
    0x00, 0x00, 0x7f, 0x60, 0x00, 0x05, 0xf9, 0x00,
    0x00, 0x0e, 0xd0, 0x00, 0x00, 0x2f, 0x70, 0x00,
    0x00, 0x01, 0x00, 0x00, 0x00, 0x18, 0x40, 0x00,
    0x00, 0x8f, 0xe0, 0x00, 0x00, 0x4f, 0x90, 0x00,

    /* U+0040 "@" */
    0x00, 0x00, 0x06, 0xbe, 0xfe, 0xb5, 0x00, 0x00,
    0x00, 0x2d, 0xe8, 0x42, 0x48, 0xfb, 0x00, 0x00,
    0x3f, 0xa0, 0x00, 0x00, 0x02, 0xe9, 0x00, 0x0d,
    0xa0, 0x00, 0x00, 0x00, 0x03, 0xf2, 0x06, 0xf1,
    0x00, 0x8f, 0xea, 0xc0, 0x0d, 0x70, 0xc9, 0x00,
    0x8f, 0x65, 0xf9, 0x00, 0xa9, 0x0f, 0x40, 0x1f,
    0x60, 0x0f, 0x60, 0x09, 0xa1, 0xf3, 0x06, 0xf1,
    0x01, 0xf3, 0x00, 0xb8, 0x1f, 0x30, 0x7f, 0x00,
    0x4f, 0x10, 0x1f, 0x40, 0xe6, 0x05, 0xf4, 0x1c,
    0xf3, 0x1b, 0xb0, 0x09, 0xd0, 0x0b, 0xff, 0x5a,
    0xff, 0xb1, 0x00, 0x2f, 0x90, 0x02, 0x00, 0x02,
    0x10, 0x00, 0x00, 0x4f, 0xc5, 0x10, 0x14, 0x40,
    0x00, 0x00, 0x00, 0x2a, 0xff, 0xff, 0xd6, 0x00,
    0x00, 0x00, 0x00, 0x00, 0x22, 0x10, 0x00, 0x00,
    0x00,

    /* U+0041 "A" */
    0x00, 0x04, 0xff, 0x30, 0x00, 0x00, 0x09, 0xef,
    0x80, 0x00, 0x00, 0x0e, 0xab, 0xd0, 0x00, 0x00,
    0x3f, 0x57, 0xf2, 0x00, 0x00, 0x8f, 0x13, 0xf8,
    0x00, 0x00, 0xec, 0x00, 0xed, 0x00, 0x03, 0xf9,
    0x22, 0xbf, 0x20, 0x08, 0xff, 0xff, 0xff, 0x70,
    0x0d, 0xe5, 0x55, 0x5f, 0xd0, 0x2f, 0xa0, 0x00,
    0x0b, 0xf2, 0x8f, 0x50, 0x00, 0x07, 0xf7, 0xdf,
    0x10, 0x00, 0x02, 0xfc,

    /* U+0042 "B" */
    0x7f, 0xff, 0xfe, 0xa2, 0x07, 0xfa, 0x77, 0xaf,
    0xe1, 0x7f, 0x60, 0x00, 0x9f, 0x57, 0xf6, 0x00,
    0x08, 0xf4, 0x7f, 0x71, 0x25, 0xfd, 0x07, 0xff,
    0xff, 0xff, 0x40, 0x7f, 0x94, 0x46, 0xdf, 0x57,
    0xf6, 0x00, 0x01, 0xfd, 0x7f, 0x60, 0x00, 0x0d,
    0xf7, 0xf6, 0x00, 0x02, 0xfd, 0x7f, 0xa7, 0x79,
    0xff, 0x57, 0xff, 0xff, 0xeb, 0x40,

    /* U+0043 "C" */
    0x00, 0x03, 0xbf, 0xfc, 0x50, 0x00, 0x7f, 0xfb,
    0xae, 0xf5, 0x03, 0xfe, 0x20, 0x00, 0x60, 0x0a,
    0xf5, 0x00, 0x00, 0x00, 0x0f, 0xf0, 0x00, 0x00,
    0x00, 0x1f, 0xd0, 0x00, 0x00, 0x00, 0x1f, 0xd0,
    0x00, 0x00, 0x00, 0x0f, 0xf0, 0x00, 0x00, 0x00,
    0x0b, 0xf5, 0x00, 0x00, 0x00, 0x04, 0xfe, 0x20,
    0x00, 0x82, 0x00, 0x7f, 0xfb, 0xae, 0xf8, 0x00,
    0x04, 0xbf, 0xfd, 0x60,

    /* U+0044 "D" */
    0x7f, 0xff, 0xfc, 0x60, 0x00, 0x7f, 0xb8, 0x9e,
    0xfb, 0x00, 0x7f, 0x60, 0x00, 0xbf, 0x80, 0x7f,
    0x60, 0x00, 0x1f, 0xe0, 0x7f, 0x60, 0x00, 0x0c,
    0xf2, 0x7f, 0x60, 0x00, 0x0a, 0xf4, 0x7f, 0x60,
    0x00, 0x0a, 0xf4, 0x7f, 0x60, 0x00, 0x0c, 0xf2,
    0x7f, 0x60, 0x00, 0x2f, 0xe0, 0x7f, 0x60, 0x01,
    0xcf, 0x70, 0x7f, 0xb8, 0xae, 0xfb, 0x00, 0x7f,
    0xff, 0xfc, 0x60, 0x00,

    /* U+0045 "E" */
    0x7f, 0xff, 0xff, 0xf8, 0x7f, 0xb9, 0x99, 0x94,
    0x7f, 0x60, 0x00, 0x00, 0x7f, 0x60, 0x00, 0x00,
    0x7f, 0x60, 0x00, 0x00, 0x7f, 0xff, 0xff, 0xb0,
    0x7f, 0xb9, 0x99, 0x60, 0x7f, 0x60, 0x00, 0x00,
    0x7f, 0x60, 0x00, 0x00, 0x7f, 0x60, 0x00, 0x00,
    0x7f, 0xc9, 0x99, 0x96, 0x7f, 0xff, 0xff, 0xfb,

    /* U+0046 "F" */
    0x7f, 0xff, 0xff, 0xf8, 0x7f, 0xb9, 0x99, 0x94,
    0x7f, 0x60, 0x00, 0x00, 0x7f, 0x60, 0x00, 0x00,
    0x7f, 0x60, 0x00, 0x00, 0x7f, 0xb8, 0x88, 0x60,
    0x7f, 0xff, 0xff, 0xc0, 0x7f, 0x60, 0x00, 0x00,
    0x7f, 0x60, 0x00, 0x00, 0x7f, 0x60, 0x00, 0x00,
    0x7f, 0x60, 0x00, 0x00, 0x7f, 0x60, 0x00, 0x00,

    /* U+0047 "G" */
    0x00, 0x03, 0xae, 0xfe, 0x80, 0x00, 0x06, 0xff,
    0xb9, 0xcf, 0xa0, 0x03, 0xfe, 0x30, 0x00, 0x41,
    0x00, 0xaf, 0x50, 0x00, 0x00, 0x00, 0x0f, 0xf0,
    0x00, 0x00, 0x00, 0x01, 0xfd, 0x00, 0x08, 0x88,
    0x80, 0x1f, 0xd0, 0x00, 0xff, 0xff, 0x10, 0xff,
    0x00, 0x00, 0x09, 0xf1, 0x0b, 0xf5, 0x00, 0x00,
    0x9f, 0x10, 0x3f, 0xe3, 0x00, 0x0a, 0xf1, 0x00,
    0x7f, 0xfc, 0xac, 0xff, 0x00, 0x00, 0x3b, 0xef,
    0xe9, 0x10,

    /* U+0048 "H" */
    0x7f, 0x60, 0x00, 0x08, 0xf4, 0x7f, 0x60, 0x00,
    0x08, 0xf4, 0x7f, 0x60, 0x00, 0x08, 0xf4, 0x7f,
    0x60, 0x00, 0x08, 0xf4, 0x7f, 0x60, 0x00, 0x08,
    0xf4, 0x7f, 0xff, 0xff, 0xff, 0xf4, 0x7f, 0xc9,
    0x99, 0x9d, 0xf4, 0x7f, 0x60, 0x00, 0x08, 0xf4,
    0x7f, 0x60, 0x00, 0x08, 0xf4, 0x7f, 0x60, 0x00,
    0x08, 0xf4, 0x7f, 0x60, 0x00, 0x08, 0xf4, 0x7f,
    0x60, 0x00, 0x08, 0xf4,

    /* U+0049 "I" */
    0x7f, 0x67, 0xf6, 0x7f, 0x67, 0xf6, 0x7f, 0x67,
    0xf6, 0x7f, 0x67, 0xf6, 0x7f, 0x67, 0xf6, 0x7f,
    0x67, 0xf6,

    /* U+004A "J" */
    0x00, 0x00, 0x09, 0xf5, 0x00, 0x00, 0x09, 0xf5,
    0x00, 0x00, 0x09, 0xf5, 0x00, 0x00, 0x09, 0xf5,
    0x00, 0x00, 0x09, 0xf5, 0x00, 0x00, 0x09, 0xf5,
    0x00, 0x00, 0x09, 0xf5, 0x00, 0x00, 0x09, 0xf5,
    0x00, 0x00, 0x09, 0xf4, 0x1a, 0x20, 0x0d, 0xf2,
    0x3f, 0xfa, 0xcf, 0xb0, 0x03, 0xcf, 0xfa, 0x10,

    /* U+004B "K" */
    0x7f, 0x60, 0x00, 0x7f, 0x90, 0x7f, 0x60, 0x04,
    0xfc, 0x00, 0x7f, 0x60, 0x1e, 0xe1, 0x00, 0x7f,
    0x60, 0xcf, 0x40, 0x00, 0x7f, 0x69, 0xf9, 0x00,
    0x00, 0x7f, 0xcf, 0xfd, 0x00, 0x00, 0x7f, 0xfd,
    0xaf, 0x60, 0x00, 0x7f, 0xf2, 0x1e, 0xe1, 0x00,
    0x7f, 0x70, 0x06, 0xf9, 0x00, 0x7f, 0x60, 0x00,
    0xdf, 0x20, 0x7f, 0x60, 0x00, 0x4f, 0xb0, 0x7f,
    0x60, 0x00, 0x0b, 0xf5,

    /* U+004C "L" */
    0x7f, 0x60, 0x00, 0x00, 0x7f, 0x60, 0x00, 0x00,
    0x7f, 0x60, 0x00, 0x00, 0x7f, 0x60, 0x00, 0x00,
    0x7f, 0x60, 0x00, 0x00, 0x7f, 0x60, 0x00, 0x00,
    0x7f, 0x60, 0x00, 0x00, 0x7f, 0x60, 0x00, 0x00,
    0x7f, 0x60, 0x00, 0x00, 0x7f, 0x60, 0x00, 0x00,
    0x7f, 0xc9, 0x99, 0x93, 0x7f, 0xff, 0xff, 0xf6,

    /* U+004D "M" */
    0x7f, 0xe0, 0x00, 0x00, 0x9f, 0xc7, 0xff, 0x30,
    0x00, 0x0e, 0xfc, 0x7f, 0xe9, 0x00, 0x04, 0xfe,
    0xc7, 0xfa, 0xe0, 0x00, 0xac, 0xdc, 0x7f, 0x6f,
    0x40, 0x0f, 0x7e, 0xc7, 0xf3, 0xea, 0x05, 0xf1,
    0xfc, 0x7f, 0x38, 0xf0, 0xac, 0x0f, 0xc7, 0xf3,
    0x2f, 0x5f, 0x60, 0xfc, 0x7f, 0x30, 0xce, 0xf1,
    0x0f, 0xc7, 0xf3, 0x07, 0xfa, 0x00, 0xfc, 0x7f,
    0x30, 0x1d, 0x40, 0x0f, 0xc7, 0xf3, 0x00, 0x00,
    0x00, 0xfc,

    /* U+004E "N" */
    0x7f, 0xb0, 0x00, 0x09, 0xf3, 0x7f, 0xf4, 0x00,
    0x09, 0xf3, 0x7f, 0xed, 0x00, 0x09, 0xf3, 0x7f,
    0x7f, 0x60, 0x09, 0xf3, 0x7f, 0x3c, 0xe0, 0x09,
    0xf3, 0x7f, 0x44, 0xf7, 0x09, 0xf3, 0x7f, 0x50,
    0xbf, 0x18, 0xf3, 0x7f, 0x50, 0x3f, 0x98, 0xf3,
    0x7f, 0x50, 0x0a, 0xf8, 0xf3, 0x7f, 0x50, 0x01,
    0xfe, 0xf3, 0x7f, 0x50, 0x00, 0x8f, 0xf3, 0x7f,
    0x50, 0x00, 0x1e, 0xf3,

    /* U+004F "O" */
    0x00, 0x05, 0xcf, 0xfc, 0x60, 0x00, 0x00, 0x8f,
    0xfa, 0xae, 0xf9, 0x00, 0x04, 0xfd, 0x10, 0x01,
    0xcf, 0x50, 0x0b, 0xf4, 0x00, 0x00, 0x3f, 0xc0,
    0x0f, 0xf0, 0x00, 0x00, 0x0e, 0xf0, 0x1f, 0xd0,
    0x00, 0x00, 0x0c, 0xf2, 0x1f, 0xd0, 0x00, 0x00,
    0x0c, 0xf2, 0x0f, 0xf0, 0x00, 0x00, 0x0e, 0xf0,
    0x0b, 0xf5, 0x00, 0x00, 0x3f, 0xc0, 0x04, 0xfe,
    0x20, 0x01, 0xdf, 0x50, 0x00, 0x8f, 0xfb, 0xaf,
    0xf9, 0x00, 0x00, 0x05, 0xcf, 0xfc, 0x50, 0x00,

    /* U+0050 "P" */
    0x7f, 0xff, 0xfe, 0x92, 0x07, 0xfb, 0x88, 0xbf,
    0xe1, 0x7f, 0x60, 0x00, 0x8f, 0x77, 0xf6, 0x00,
    0x03, 0xf9, 0x7f, 0x60, 0x00, 0x5f, 0x87, 0xf6,
    0x00, 0x4d, 0xf3, 0x7f, 0xff, 0xff, 0xf6, 0x07,
    0xfb, 0x87, 0x51, 0x00, 0x7f, 0x60, 0x00, 0x00,
    0x07, 0xf6, 0x00, 0x00, 0x00, 0x7f, 0x60, 0x00,
    0x00, 0x07, 0xf6, 0x00, 0x00, 0x00,

    /* U+0051 "Q" */
    0x00, 0x05, 0xcf, 0xfc, 0x60, 0x00, 0x00, 0x8f,
    0xfa, 0xae, 0xf9, 0x00, 0x04, 0xfd, 0x10, 0x01,
    0xcf, 0x50, 0x0b, 0xf4, 0x00, 0x00, 0x3f, 0xc0,
    0x0f, 0xf0, 0x00, 0x00, 0x0e, 0xf0, 0x1f, 0xd0,
    0x00, 0x00, 0x0c, 0xf2, 0x1f, 0xd0, 0x00, 0x00,
    0x0c, 0xf2, 0x0f, 0xf0, 0x00, 0x00, 0x0e, 0xf0,
    0x0b, 0xf4, 0x00, 0x00, 0x3f, 0xc0, 0x04, 0xfd,
    0x10, 0x00, 0xcf, 0x50, 0x00, 0x8f, 0xe9, 0x9e,
    0xf9, 0x00, 0x00, 0x05, 0xcf, 0xfd, 0x50, 0x00,
    0x00, 0x00, 0x08, 0xf9, 0x00, 0x00, 0x00, 0x00,
    0x00, 0xcf, 0xd9, 0x93, 0x00, 0x00, 0x00, 0x07,
    0xdf, 0xf5,

    /* U+0052 "R" */
    0x7f, 0xff, 0xfe, 0xa2, 0x00, 0x7f, 0xb8, 0x8a,
    0xff, 0x20, 0x7f, 0x60, 0x00, 0x6f, 0x80, 0x7f,
    0x60, 0x00, 0x3f, 0xa0, 0x7f, 0x60, 0x00, 0x5f,
    0x80, 0x7f, 0x72, 0x26, 0xef, 0x30, 0x7f, 0xff,
    0xff, 0xe5, 0x00, 0x7f, 0x95, 0xaf, 0x70, 0x00,
    0x7f, 0x60, 0x1e, 0xf1, 0x00, 0x7f, 0x60, 0x06,
    0xf9, 0x00, 0x7f, 0x60, 0x00, 0xdf, 0x30, 0x7f,
    0x60, 0x00, 0x4f, 0xc0,

    /* U+0053 "S" */
    0x00, 0x3b, 0xff, 0xc6, 0x00, 0x03, 0xff, 0xba,
    0xdf, 0x60, 0x0a, 0xf5, 0x00, 0x06, 0x00, 0x0b,
    0xf4, 0x00, 0x00, 0x00, 0x06, 0xfe, 0x60, 0x00,
    0x00, 0x00, 0x8f, 0xfe, 0x81, 0x00, 0x00, 0x02,
    0x9f, 0xff, 0x40, 0x00, 0x00, 0x00, 0x8f, 0xd0,
    0x00, 0x00, 0x00, 0x0e, 0xf0, 0x09, 0x70, 0x00,
    0x2f, 0xe0, 0x1d, 0xfe, 0xaa, 0xff, 0x60, 0x00,
    0x7d, 0xff, 0xc5, 0x00,

    /* U+0054 "T" */
    0x8f, 0xff, 0xff, 0xff, 0xf4, 0x49, 0x99, 0xfe,
    0x99, 0x92, 0x00, 0x01, 0xfd, 0x00, 0x00, 0x00,
    0x01, 0xfd, 0x00, 0x00, 0x00, 0x01, 0xfd, 0x00,
    0x00, 0x00, 0x01, 0xfd, 0x00, 0x00, 0x00, 0x01,
    0xfd, 0x00, 0x00, 0x00, 0x01, 0xfd, 0x00, 0x00,
    0x00, 0x01, 0xfd, 0x00, 0x00, 0x00, 0x01, 0xfd,
    0x00, 0x00, 0x00, 0x01, 0xfd, 0x00, 0x00, 0x00,
    0x01, 0xfd, 0x00, 0x00,

    /* U+0055 "U" */
    0x8f, 0x50, 0x00, 0x08, 0xf3, 0x8f, 0x50, 0x00,
    0x08, 0xf3, 0x8f, 0x50, 0x00, 0x08, 0xf3, 0x8f,
    0x50, 0x00, 0x08, 0xf3, 0x8f, 0x50, 0x00, 0x08,
    0xf3, 0x8f, 0x50, 0x00, 0x08, 0xf3, 0x8f, 0x50,
    0x00, 0x08, 0xf3, 0x7f, 0x60, 0x00, 0x09, 0xf3,
    0x5f, 0x80, 0x00, 0x0c, 0xf1, 0x1f, 0xe1, 0x00,
    0x4f, 0xc0, 0x08, 0xfe, 0xab, 0xff, 0x40, 0x00,
    0x6d, 0xff, 0xc4, 0x00,

    /* U+0056 "V" */
    0x0e, 0xf1, 0x00, 0x00, 0x8f, 0x60, 0x9f, 0x50,
    0x00, 0x0c, 0xf1, 0x04, 0xfa, 0x00, 0x01, 0xfc,
    0x00, 0x0f, 0xe0, 0x00, 0x5f, 0x70, 0x00, 0xaf,
    0x30, 0x09, 0xf2, 0x00, 0x05, 0xf7, 0x00, 0xed,
    0x00, 0x00, 0x0f, 0xc0, 0x2f, 0x80, 0x00, 0x00,
    0xbf, 0x07, 0xf3, 0x00, 0x00, 0x06, 0xf4, 0xbe,
    0x00, 0x00, 0x00, 0x1f, 0x9f, 0xa0, 0x00, 0x00,
    0x00, 0xcf, 0xf5, 0x00, 0x00, 0x00, 0x07, 0xff,
    0x00, 0x00,

    /* U+0057 "W" */
    0x8f, 0x50, 0x00, 0xbf, 0x20, 0x00, 0xfd, 0x5f,
    0x80, 0x00, 0xff, 0x60, 0x02, 0xfa, 0x2f, 0xb0,
    0x03, 0xff, 0xa0, 0x04, 0xf6, 0x0e, 0xe0, 0x07,
    0xea, 0xe0, 0x07, 0xf3, 0x0b, 0xf1, 0x0b, 0xb7,
    0xf2, 0x0a, 0xf0, 0x08, 0xf3, 0x0f, 0x83, 0xf5,
    0x0d, 0xd0, 0x05, 0xf6, 0x2f, 0x40, 0xf9, 0x0f,
    0xa0, 0x02, 0xf9, 0x6f, 0x10, 0xcd, 0x2f, 0x70,
    0x00, 0xfc, 0x9d, 0x00, 0x8f, 0x5f, 0x40, 0x00,
    0xbe, 0xc9, 0x00, 0x4f, 0xbf, 0x10, 0x00, 0x8f,
    0xf5, 0x00, 0x0f, 0xfe, 0x00, 0x00, 0x5f, 0xf2,
    0x00, 0x0c, 0xfb, 0x00,

    /* U+0058 "X" */
    0x4f, 0xc0, 0x00, 0x2f, 0xc0, 0x0b, 0xf4, 0x00,
    0x9f, 0x40, 0x02, 0xfc, 0x01, 0xfb, 0x00, 0x00,
    0xaf, 0x49, 0xf3, 0x00, 0x00, 0x1f, 0xdf, 0xa0,
    0x00, 0x00, 0x09, 0xff, 0x20, 0x00, 0x00, 0x0c,
    0xff, 0x40, 0x00, 0x00, 0x4f, 0x8f, 0xc0, 0x00,
    0x00, 0xde, 0x09, 0xf5, 0x00, 0x06, 0xf7, 0x01,
    0xfe, 0x00, 0x0e, 0xe0, 0x00, 0x8f, 0x70, 0x7f,
    0x70, 0x00, 0x1f, 0xf1,

    /* U+0059 "Y" */
    0x0d, 0xf2, 0x00, 0x04, 0xfa, 0x05, 0xf9, 0x00,
    0x0b, 0xf3, 0x00, 0xdf, 0x00, 0x2f, 0xb0, 0x00,
    0x6f, 0x60, 0x8f, 0x30, 0x00, 0x0e, 0xd0, 0xec,
    0x00, 0x00, 0x07, 0xfa, 0xf4, 0x00, 0x00, 0x00,
    0xef, 0xc0, 0x00, 0x00, 0x00, 0x9f, 0x60, 0x00,
    0x00, 0x00, 0x8f, 0x50, 0x00, 0x00, 0x00, 0x8f,
    0x50, 0x00, 0x00, 0x00, 0x8f, 0x50, 0x00, 0x00,
    0x00, 0x8f, 0x50, 0x00,

    /* U+005A "Z" */
    0x0b, 0xff, 0xff, 0xff, 0xf0, 0x06, 0x99, 0x99,
    0xcf, 0xa0, 0x00, 0x00, 0x00, 0xef, 0x10, 0x00,
    0x00, 0x09, 0xf6, 0x00, 0x00, 0x00, 0x3f, 0xc0,
    0x00, 0x00, 0x00, 0xdf, 0x30, 0x00, 0x00, 0x07,
    0xf8, 0x00, 0x00, 0x00, 0x2f, 0xd0, 0x00, 0x00,
    0x00, 0xbf, 0x40, 0x00, 0x00, 0x06, 0xfa, 0x00,
    0x00, 0x00, 0x1e, 0xfa, 0x99, 0x99, 0x90, 0x4f,
    0xff, 0xff, 0xff, 0xf0,

    /* U+005B "[" */
    0x5f, 0xff, 0x15, 0xf1, 0x00, 0x5f, 0x00, 0x05,
    0xf0, 0x00, 0x5f, 0x00, 0x05, 0xf0, 0x00, 0x5f,
    0x00, 0x05, 0xf0, 0x00, 0x5f, 0x00, 0x05, 0xf0,
    0x00, 0x5f, 0x00, 0x05, 0xf0, 0x00, 0x5f, 0x00,
    0x05, 0xf0, 0x00, 0x5f, 0xee, 0x00, 0x11, 0x10,

    /* U+005C "\\" */
    0x8b, 0x00, 0x00, 0x03, 0xf0, 0x00, 0x00, 0x0e,
    0x50, 0x00, 0x00, 0xa9, 0x00, 0x00, 0x06, 0xe0,
    0x00, 0x00, 0x1f, 0x20, 0x00, 0x00, 0xc7, 0x00,
    0x00, 0x08, 0xb0, 0x00, 0x00, 0x3f, 0x00, 0x00,
    0x00, 0xe5, 0x00, 0x00, 0x0a, 0x90, 0x00, 0x00,
    0x6e, 0x00, 0x00, 0x01, 0xf2, 0x00, 0x00, 0x0c,
    0x70, 0x00, 0x00, 0x8b, 0x00, 0x00, 0x02, 0x70,

    /* U+005D "]" */
    0x5f, 0xff, 0x00, 0x05, 0xf0, 0x00, 0x5f, 0x00,
    0x05, 0xf0, 0x00, 0x5f, 0x00, 0x05, 0xf0, 0x00,
    0x5f, 0x00, 0x05, 0xf0, 0x00, 0x5f, 0x00, 0x05,
    0xf0, 0x00, 0x5f, 0x00, 0x05, 0xf0, 0x00, 0x5f,
    0x00, 0x05, 0xf0, 0x5e, 0xff, 0x00, 0x11, 0x10,

    /* U+005E "^" */
    0x00, 0x6f, 0x80, 0x00, 0x00, 0xcf, 0xe0, 0x00,
    0x03, 0xf5, 0xf5, 0x00, 0x09, 0xd0, 0xcb, 0x00,
    0x0f, 0x80, 0x6f, 0x10, 0x6f, 0x20, 0x1f, 0x80,
    0xcc, 0x00, 0x0a, 0xe0,

    /* U+005F "_" */
    0xcf, 0xff, 0xff, 0xff, 0xc1, 0x22, 0x22, 0x22,
    0x21,

    /* U+0060 "`" */
    0x00, 0x00, 0x7e, 0x10, 0x5f, 0xc0, 0x04, 0xfa,
    0x00, 0x44,

    /* U+0061 "a" */
    0x01, 0x7d, 0xfe, 0x90, 0x08, 0xfa, 0x8c, 0xf8,
    0x01, 0x10, 0x00, 0xfd, 0x00, 0x02, 0x69, 0xff,
    0x02, 0xcf, 0xc9, 0xef, 0x0e, 0xe2, 0x00, 0xdf,
    0x1f, 0xb0, 0x01, 0xef, 0x0e, 0xf9, 0x8e, 0xff,
    0x03, 0xdf, 0xd5, 0x9f,

    /* U+0062 "b" */
    0x9f, 0x30, 0x00, 0x00, 0x09, 0xf3, 0x00, 0x00,
    0x00, 0x9f, 0x30, 0x00, 0x00, 0x09, 0xf3, 0x00,
    0x00, 0x00, 0x9f, 0x5a, 0xfe, 0x80, 0x09, 0xff,
    0xb8, 0xdf, 0x90, 0x9f, 0x60, 0x01, 0xff, 0x09,
    0xf3, 0x00, 0x0b, 0xf3, 0x9f, 0x30, 0x00, 0xaf,
    0x49, 0xf3, 0x00, 0x0c, 0xf2, 0x9f, 0x40, 0x03,
    0xfe, 0x09, 0xff, 0xa9, 0xff, 0x50, 0x9e, 0x3c,
    0xfd, 0x50, 0x00,

    /* U+0063 "c" */
    0x00, 0x2b, 0xff, 0xb3, 0x03, 0xff, 0xa9, 0xe5,
    0x0d, 0xf4, 0x00, 0x00, 0x2f, 0xc0, 0x00, 0x00,
    0x3f, 0xa0, 0x00, 0x00, 0x2f, 0xc0, 0x00, 0x00,
    0x0d, 0xf4, 0x00, 0x00, 0x04, 0xff, 0xa9, 0xe9,
    0x00, 0x3c, 0xff, 0xb3,

    /* U+0064 "d" */
    0x00, 0x00, 0x00, 0x2f, 0xb0, 0x00, 0x00, 0x02,
    0xfb, 0x00, 0x00, 0x00, 0x2f, 0xb0, 0x00, 0x00,
    0x02, 0xfb, 0x00, 0x4c, 0xfd, 0x6f, 0xb0, 0x4f,
    0xf9, 0x9f, 0xfb, 0x0d, 0xf4, 0x00, 0x3f, 0xb1,
    0xfd, 0x00, 0x02, 0xfb, 0x3f, 0xb0, 0x00, 0x2f,
    0xb2, 0xfc, 0x00, 0x02, 0xfb, 0x0e, 0xf2, 0x00,
    0x4f, 0xb0, 0x6f, 0xe9, 0xaf, 0xfb, 0x00, 0x7e,
    0xfc, 0x3d, 0xb0,

    /* U+0065 "e" */
    0x00, 0x3b, 0xfe, 0x90, 0x00, 0x3f, 0xe8, 0x9f,
    0xa0, 0x0d, 0xf1, 0x00, 0x8f, 0x22, 0xfa, 0x00,
    0x04, 0xf5, 0x3f, 0xff, 0xff, 0xff, 0x62, 0xfb,
    0x33, 0x33, 0x31, 0x0d, 0xf2, 0x00, 0x00, 0x00,
    0x4f, 0xe8, 0x7a, 0xa0, 0x00, 0x3b, 0xff, 0xc5,
    0x00,

    /* U+0066 "f" */
    0x00, 0x4d, 0xfd, 0x00, 0x0f, 0xf8, 0x60, 0x04,
    0xf9, 0x00, 0x00, 0x4f, 0x80, 0x00, 0x7f, 0xff,
    0xf5, 0x03, 0xaf, 0xc7, 0x20, 0x04, 0xf8, 0x00,
    0x00, 0x4f, 0x80, 0x00, 0x04, 0xf8, 0x00, 0x00,
    0x4f, 0x80, 0x00, 0x04, 0xf8, 0x00, 0x00, 0x4f,
    0x80, 0x00, 0x04, 0xf8, 0x00, 0x00,

    /* U+0067 "g" */
    0x00, 0x7d, 0xff, 0xff, 0xd0, 0x07, 0xfa, 0x5b,
    0xfb, 0x80, 0x0d, 0xe0, 0x00, 0xfa, 0x00, 0x0e,
    0xd0, 0x00, 0xeb, 0x00, 0x08, 0xf6, 0x07, 0xf7,
    0x00, 0x01, 0xff, 0xff, 0x90, 0x00, 0x09, 0xd0,
    0x21, 0x00, 0x00, 0x0a, 0xf8, 0x77, 0x63, 0x00,
    0x03, 0xff, 0xff, 0xff, 0x90, 0x0e, 0x90, 0x00,
    0x2e, 0xf0, 0x3f, 0x60, 0x00, 0x0e, 0xe0, 0x1e,
    0xe6, 0x35, 0xcf, 0x50, 0x02, 0xbe, 0xfe, 0xa3,
    0x00,

    /* U+0068 "h" */
    0x9f, 0x30, 0x00, 0x00, 0x9f, 0x30, 0x00, 0x00,
    0x9f, 0x30, 0x00, 0x00, 0x9f, 0x30, 0x00, 0x00,
    0x9f, 0x49, 0xff, 0x90, 0x9f, 0xed, 0xae, 0xf5,
    0x9f, 0x80, 0x05, 0xfa, 0x9f, 0x30, 0x02, 0xfb,
    0x9f, 0x30, 0x02, 0xfb, 0x9f, 0x30, 0x02, 0xfb,
    0x9f, 0x30, 0x02, 0xfb, 0x9f, 0x30, 0x02, 0xfb,
    0x9f, 0x30, 0x02, 0xfb,

    /* U+0069 "i" */
    0x9f, 0x3b, 0xf5, 0x02, 0x00, 0x00, 0x9f, 0x39,
    0xf3, 0x9f, 0x39, 0xf3, 0x9f, 0x39, 0xf3, 0x9f,
    0x39, 0xf3, 0x9f, 0x30,

    /* U+006A "j" */
    0x00, 0x9f, 0x30, 0x0b, 0xf5, 0x00, 0x02, 0x00,
    0x00, 0x00, 0x00, 0x9f, 0x40, 0x09, 0xf4, 0x00,
    0x9f, 0x40, 0x09, 0xf4, 0x00, 0x9f, 0x40, 0x09,
    0xf4, 0x00, 0x9f, 0x40, 0x09, 0xf4, 0x00, 0x9f,
    0x40, 0x09, 0xf4, 0x00, 0xaf, 0x34, 0x8f, 0xe0,
    0x9f, 0xd4, 0x00,

    /* U+006B "k" */
    0x9f, 0x30, 0x00, 0x00, 0x09, 0xf3, 0x00, 0x00,
    0x00, 0x9f, 0x30, 0x00, 0x00, 0x09, 0xf3, 0x00,
    0x00, 0x00, 0x9f, 0x30, 0x0b, 0xf5, 0x09, 0xf3,
    0x08, 0xf8, 0x00, 0x9f, 0x34, 0xfb, 0x00, 0x09,
    0xf5, 0xee, 0x00, 0x00, 0x9f, 0xef, 0xf4, 0x00,
    0x09, 0xff, 0x4e, 0xd0, 0x00, 0x9f, 0x60, 0x6f,
    0x80, 0x09, 0xf3, 0x00, 0xcf, 0x20, 0x9f, 0x30,
    0x03, 0xfb, 0x00,

    /* U+006C "l" */
    0x9f, 0x30, 0x9f, 0x30, 0x9f, 0x30, 0x9f, 0x30,
    0x9f, 0x30, 0x9f, 0x30, 0x9f, 0x30, 0x9f, 0x30,
    0x9f, 0x30, 0x9f, 0x30, 0x9f, 0x30, 0x8f, 0xb0,
    0x2d, 0xf1,

    /* U+006D "m" */
    0x9f, 0x2b, 0xfe, 0x70, 0x8e, 0xfa, 0x09, 0xff,
    0x97, 0xef, 0xdb, 0x6c, 0xf7, 0x9f, 0x60, 0x07,
    0xfa, 0x00, 0x2f, 0xb9, 0xf3, 0x00, 0x5f, 0x80,
    0x00, 0xfc, 0x9f, 0x30, 0x05, 0xf8, 0x00, 0x0f,
    0xd9, 0xf3, 0x00, 0x5f, 0x80, 0x00, 0xfd, 0x9f,
    0x30, 0x05, 0xf8, 0x00, 0x0f, 0xd9, 0xf3, 0x00,
    0x5f, 0x80, 0x00, 0xfd, 0x9f, 0x30, 0x05, 0xf8,
    0x00, 0x0f, 0xd0,

    /* U+006E "n" */
    0x9f, 0x2a, 0xff, 0x90, 0x9f, 0xf9, 0x6d, 0xf5,
    0x9f, 0x60, 0x04, 0xfa, 0x9f, 0x30, 0x02, 0xfb,
    0x9f, 0x30, 0x02, 0xfb, 0x9f, 0x30, 0x02, 0xfb,
    0x9f, 0x30, 0x02, 0xfb, 0x9f, 0x30, 0x02, 0xfb,
    0x9f, 0x30, 0x02, 0xfb,

    /* U+006F "o" */
    0x00, 0x3b, 0xff, 0xa2, 0x00, 0x04, 0xff, 0x99,
    0xfe, 0x20, 0x0d, 0xf3, 0x00, 0x5f, 0xa0, 0x2f,
    0xc0, 0x00, 0x0f, 0xf0, 0x3f, 0xa0, 0x00, 0x0d,
    0xf0, 0x2f, 0xc0, 0x00, 0x0e, 0xf0, 0x0d, 0xf3,
    0x00, 0x5f, 0xa0, 0x04, 0xff, 0x9a, 0xfe, 0x20,
    0x00, 0x3b, 0xff, 0xa2, 0x00,

    /* U+0070 "p" */
    0x9f, 0x4b, 0xfe, 0x80, 0x09, 0xff, 0x85, 0xbf,
    0x90, 0x9f, 0x50, 0x00, 0xef, 0x09, 0xf3, 0x00,
    0x0a, 0xf3, 0x9f, 0x30, 0x00, 0xaf, 0x49, 0xf3,
    0x00, 0x0c, 0xf2, 0x9f, 0x40, 0x03, 0xfe, 0x09,
    0xff, 0xa9, 0xff, 0x50, 0x9f, 0x7c, 0xfd, 0x50,
    0x09, 0xf3, 0x00, 0x00, 0x00, 0x9f, 0x30, 0x00,
    0x00, 0x09, 0xf3, 0x00, 0x00, 0x00, 0x9f, 0x30,
    0x00, 0x00, 0x00,

    /* U+0071 "q" */
    0x00, 0x4c, 0xfd, 0x5d, 0xb0, 0x4f, 0xf9, 0x9f,
    0xfb, 0x0d, 0xf4, 0x00, 0x3f, 0xb1, 0xfd, 0x00,
    0x02, 0xfb, 0x3f, 0xb0, 0x00, 0x2f, 0xb2, 0xfc,
    0x00, 0x02, 0xfb, 0x0e, 0xf2, 0x00, 0x4f, 0xb0,
    0x6f, 0xe9, 0xaf, 0xfb, 0x00, 0x7e, 0xfc, 0x5f,
    0xb0, 0x00, 0x00, 0x02, 0xfb, 0x00, 0x00, 0x00,
    0x2f, 0xb0, 0x00, 0x00, 0x02, 0xfb, 0x00, 0x00,
    0x00, 0x2f, 0xb0,

    /* U+0072 "r" */
    0x00, 0x00, 0x00, 0x9f, 0x1b, 0xf7, 0x9f, 0xdb,
    0x72, 0x9f, 0xb0, 0x00, 0x9f, 0x40, 0x00, 0x9f,
    0x30, 0x00, 0x9f, 0x30, 0x00, 0x9f, 0x30, 0x00,
    0x9f, 0x30, 0x00, 0x9f, 0x30, 0x00,

    /* U+0073 "s" */
    0x01, 0xaf, 0xfc, 0x40, 0x0c, 0xf8, 0x7c, 0x90,
    0x0f, 0xc0, 0x00, 0x00, 0x0c, 0xfa, 0x30, 0x00,
    0x00, 0x9f, 0xfc, 0x20, 0x00, 0x00, 0x7f, 0xe0,
    0x02, 0x00, 0x0a, 0xf1, 0x4f, 0xb7, 0x8f, 0xd0,
    0x06, 0xcf, 0xfa, 0x10,

    /* U+0074 "t" */
    0x00, 0x84, 0x00, 0x00, 0x1f, 0x80, 0x00, 0x02,
    0xf8, 0x00, 0x08, 0xff, 0xff, 0xd0, 0x4a, 0xfc,
    0x76, 0x00, 0x5f, 0x80, 0x00, 0x05, 0xf8, 0x00,
    0x00, 0x5f, 0x80, 0x00, 0x05, 0xf8, 0x00, 0x00,
    0x4f, 0x90, 0x00, 0x01, 0xff, 0x87, 0x00, 0x05,
    0xef, 0xd0,

    /* U+0075 "u" */
    0xbf, 0x20, 0x04, 0xf9, 0xbf, 0x20, 0x04, 0xf9,
    0xbf, 0x20, 0x04, 0xf9, 0xbf, 0x20, 0x04, 0xf9,
    0xbf, 0x20, 0x04, 0xf9, 0xbf, 0x20, 0x04, 0xf9,
    0xaf, 0x40, 0x0a, 0xf9, 0x6f, 0xe9, 0xdd, 0xf9,
    0x09, 0xff, 0x90, 0xf9,

    /* U+0076 "v" */
    0x9f, 0x30, 0x00, 0x7f, 0x54, 0xf8, 0x00, 0x0c,
    0xf0, 0x0e, 0xd0, 0x01, 0xfa, 0x00, 0x9f, 0x20,
    0x6f, 0x50, 0x03, 0xf7, 0x0a, 0xf0, 0x00, 0x0e,
    0xc0, 0xfa, 0x00, 0x00, 0x8f, 0x5f, 0x50, 0x00,
    0x03, 0xfe, 0xf0, 0x00, 0x00, 0x0d, 0xfa, 0x00,
    0x00,

    /* U+0077 "w" */
    0x6f, 0x60, 0x04, 0xfa, 0x00, 0x0f, 0xb2, 0xfa,
    0x00, 0x9f, 0xe0, 0x04, 0xf7, 0x0e, 0xe0, 0x0d,
    0xbf, 0x20, 0x7f, 0x30, 0xaf, 0x21, 0xf4, 0xf6,
    0x0b, 0xe0, 0x06, 0xf5, 0x5f, 0x0c, 0xb0, 0xfb,
    0x00, 0x2f, 0x99, 0xc0, 0x8e, 0x2f, 0x70, 0x00,
    0xdc, 0xc8, 0x04, 0xf8, 0xf2, 0x00, 0x09, 0xff,
    0x50, 0x0f, 0xee, 0x00, 0x00, 0x5f, 0xf1, 0x00,
    0xcf, 0xa0, 0x00,

    /* U+0078 "x" */
    0x3f, 0xb0, 0x03, 0xfa, 0x00, 0xaf, 0x40, 0xbf,
    0x20, 0x01, 0xed, 0x4f, 0x80, 0x00, 0x06, 0xfe,
    0xe0, 0x00, 0x00, 0x1f, 0xf7, 0x00, 0x00, 0x0a,
    0xfe, 0xe0, 0x00, 0x03, 0xf8, 0x4f, 0x90, 0x00,
    0xde, 0x00, 0xbf, 0x30, 0x7f, 0x70, 0x02, 0xfd,
    0x00,

    /* U+0079 "y" */
    0x9f, 0x40, 0x00, 0x6f, 0x53, 0xf9, 0x00, 0x0b,
    0xf0, 0x0d, 0xe0, 0x00, 0xfa, 0x00, 0x7f, 0x40,
    0x5f, 0x50, 0x01, 0xfa, 0x0a, 0xf0, 0x00, 0x0a,
    0xf0, 0xea, 0x00, 0x00, 0x4f, 0x7f, 0x50, 0x00,
    0x00, 0xef, 0xf0, 0x00, 0x00, 0x08, 0xfa, 0x00,
    0x00, 0x00, 0x6f, 0x50, 0x00, 0x00, 0x0c, 0xe0,
    0x00, 0x00, 0x8b, 0xf6, 0x00, 0x00, 0x3f, 0xe7,
    0x00, 0x00, 0x00,

    /* U+007A "z" */
    0x0e, 0xff, 0xff, 0xf4, 0x07, 0x77, 0x9f, 0xd0,
    0x00, 0x00, 0xbf, 0x30, 0x00, 0x06, 0xf9, 0x00,
    0x00, 0x2f, 0xd0, 0x00, 0x00, 0xbf, 0x40, 0x00,
    0x06, 0xf9, 0x00, 0x00, 0x1f, 0xf8, 0x77, 0x73,
    0x6f, 0xff, 0xff, 0xf6,

    /* U+007B "{" */
    0x00, 0x6e, 0xf1, 0x00, 0xeb, 0x00, 0x00, 0xf7,
    0x00, 0x00, 0xf8, 0x00, 0x00, 0xe8, 0x00, 0x00,
    0xe8, 0x00, 0x03, 0xf7, 0x00, 0x6f, 0xd0, 0x00,
    0x16, 0xf6, 0x00, 0x00, 0xe8, 0x00, 0x00, 0xe8,
    0x00, 0x00, 0xf8, 0x00, 0x00, 0xf7, 0x00, 0x00,
    0xfa, 0x00, 0x00, 0x8f, 0xe0, 0x00, 0x00, 0x10,

    /* U+007C "|" */
    0x6e, 0x6e, 0x6e, 0x6e, 0x6e, 0x6e, 0x6e, 0x6e,
    0x6e, 0x6e, 0x6e, 0x6e, 0x6e, 0x6e, 0x6e, 0x6e,
    0x6e, 0x6e,

    /* U+007D "}" */
    0x5f, 0xd3, 0x00, 0x01, 0xea, 0x00, 0x00, 0xcb,
    0x00, 0x00, 0xda, 0x00, 0x00, 0xd9, 0x00, 0x00,
    0xd8, 0x00, 0x00, 0xcd, 0x10, 0x00, 0x3f, 0xf1,
    0x00, 0xbe, 0x40, 0x00, 0xd9, 0x00, 0x00, 0xd9,
    0x00, 0x00, 0xda, 0x00, 0x00, 0xcb, 0x00, 0x00,
    0xea, 0x00, 0x5f, 0xe4, 0x00, 0x01, 0x00, 0x00,

    /* U+007E "~" */
    0x00, 0x00, 0x00, 0x00, 0x00, 0x9f, 0xfb, 0x42,
    0x92, 0x19, 0x11, 0xaf, 0xfc, 0x10, 0x00, 0x00,
    0x23, 0x00,

    /* U+3001 "、" */
    0x04, 0x50, 0x00, 0x0e, 0xf6, 0x00, 0x02, 0xef,
    0x60, 0x00, 0x2e, 0xf4, 0x00, 0x03, 0xb1,

    /* U+3005 "々" */
    0x00, 0x00, 0x04, 0x71, 0x00, 0x00, 0x00, 0x00,
    0x00, 0xbf, 0x00, 0x00, 0x00, 0x00, 0x00, 0x2f,
    0xa0, 0x00, 0x00, 0x00, 0x00, 0x09, 0xfa, 0x88,
    0x88, 0x82, 0x00, 0x01, 0xff, 0xff, 0xff, 0xff,
    0x90, 0x00, 0x9f, 0x30, 0x00, 0x0a, 0xf3, 0x00,
    0x3f, 0xa0, 0x00, 0x02, 0xfb, 0x00, 0x1e, 0xf1,
    0x00, 0x00, 0xbf, 0x20, 0x1c, 0xf5, 0x1c, 0x60,
    0x5f, 0x90, 0x00, 0x76, 0x03, 0xdf, 0xde, 0xe1,
    0x00, 0x00, 0x00, 0x00, 0x6e, 0xfc, 0x10, 0x00,
    0x00, 0x00, 0x00, 0x1b, 0xfd, 0x20, 0x00, 0x00,
    0x00, 0x00, 0x07, 0xf2, 0x00, 0x00, 0x00, 0x00,
    0x00, 0x02, 0x00,

    /* U+3042 "あ" */
    0x00, 0x00, 0x00, 0x00, 0x00, 0x00, 0x00, 0x00,
    0x00, 0x0f, 0x90, 0x00, 0x00, 0x00, 0x00, 0x00,
    0x0f, 0x60, 0x13, 0x68, 0x00, 0x0c, 0xfe, 0xef,
    0xff, 0xff, 0xfd, 0x00, 0x04, 0x77, 0xaf, 0x75,
    0x43, 0x10, 0x00, 0x00, 0x00, 0x5f, 0x01, 0x2e,
    0x90, 0x00, 0x00, 0x00, 0x8f, 0xef, 0xff, 0xe7,
    0x00, 0x00, 0x0a, 0xff, 0x63, 0xae, 0x9f, 0xb0,
    0x00, 0xce, 0xaf, 0x01, 0xf8, 0x06, 0xf5, 0x0a,
    0xe2, 0x6f, 0x0b, 0xe0, 0x00, 0xf9, 0x1f, 0x60,
    0x4f, 0xaf, 0x40, 0x00, 0xf9, 0x5f, 0x20, 0x2f,
    0xf7, 0x00, 0x07, 0xf5, 0x5f, 0xa8, 0xef, 0xb0,
    0x00, 0x6f, 0xd0, 0x0b, 0xff, 0xac, 0xa2, 0x9e,
    0xfc, 0x10, 0x00, 0x00, 0x00, 0x00, 0xba, 0x50,
    0x00,

    /* U+3044 "い" */
    0x06, 0x40, 0x00, 0x00, 0x00, 0x00, 0x00, 0x0f,
    0xb0, 0x00, 0x00, 0x03, 0xc5, 0x00, 0x0f, 0xa0,
    0x00, 0x00, 0x00, 0xee, 0x00, 0x0f, 0xa0, 0x00,
    0x00, 0x00, 0x6f, 0x60, 0x0f, 0xb0, 0x00, 0x00,
    0x00, 0x0f, 0xc0, 0x0e, 0xc0, 0x00, 0x00, 0x00,
    0x0a, 0xf2, 0x0d, 0xd0, 0x00, 0x00, 0x00, 0x05,
    0xf6, 0x0a, 0xf0, 0x00, 0x72, 0x00, 0x01, 0xfa,
    0x07, 0xf4, 0x00, 0xeb, 0x00, 0x00, 0xec, 0x02,
    0xfb, 0x06, 0xf7, 0x00, 0x00, 0x84, 0x00, 0xbf,
    0xef, 0xe0, 0x00, 0x00, 0x00, 0x00, 0x1c, 0xfe,
    0x30, 0x00, 0x00, 0x00, 0x00, 0x00, 0x10, 0x00,
    0x00, 0x00, 0x00,

    /* U+3048 "え" */
    0x00, 0x01, 0xa8, 0x64, 0x20, 0x00, 0x00, 0x00,
    0x02, 0xdf, 0xff, 0xff, 0x50, 0x00, 0x00, 0x00,
    0x00, 0x25, 0x78, 0x20, 0x00, 0x00, 0x00, 0x00,
    0x00, 0x00, 0x00, 0x00, 0x00, 0x54, 0x56, 0x78,
    0x9c, 0x30, 0x00, 0x01, 0xff, 0xff, 0xff, 0xff,
    0x60, 0x00, 0x00, 0x54, 0x21, 0x0b, 0xf5, 0x00,
    0x00, 0x00, 0x00, 0x00, 0xcf, 0x40, 0x00, 0x00,
    0x00, 0x00, 0x0c, 0xf8, 0x00, 0x00, 0x00, 0x00,
    0x01, 0xcf, 0xff, 0x90, 0x00, 0x00, 0x00, 0x1c,
    0xf6, 0x0b, 0xf0, 0x00, 0x00, 0x01, 0xdf, 0x50,
    0x06, 0xf6, 0x00, 0x01, 0x0d, 0xf6, 0x00, 0x01,
    0xff, 0xee, 0xf9, 0x04, 0x70, 0x00, 0x00, 0x39,
    0xba, 0x94,

    /* U+304A "お" */
    0x00, 0x00, 0xfb, 0x00, 0x00, 0x00, 0x00, 0x00,
    0x00, 0x0e, 0x90, 0x00, 0x00, 0x00, 0x00, 0x00,
    0x00, 0xea, 0x58, 0x80, 0xc9, 0x10, 0x02, 0xff,
    0xff, 0xff, 0xfa, 0x07, 0xfe, 0x60, 0x07, 0x77,
    0xfa, 0x20, 0x00, 0x01, 0xaf, 0x10, 0x00, 0x0f,
    0x80, 0x00, 0x00, 0x00, 0x20, 0x00, 0x00, 0xfb,
    0x9c, 0xdc, 0x92, 0x00, 0x00, 0x01, 0x8f, 0xfd,
    0xa8, 0x9e, 0xf4, 0x00, 0x03, 0xee, 0xf8, 0x00,
    0x00, 0x1e, 0xd0, 0x01, 0xec, 0x1e, 0x80, 0x00,
    0x00, 0xaf, 0x00, 0x7f, 0x20, 0xe9, 0x00, 0x00,
    0x0d, 0xd0, 0x05, 0xf9, 0x2e, 0x90, 0x11, 0x5d,
    0xf6, 0x00, 0x09, 0xff, 0xf7, 0x0d, 0xff, 0xf7,
    0x00, 0x00, 0x03, 0x88, 0x00, 0x57, 0x51, 0x00,
    0x00,

    /* U+304B "か" */
    0x00, 0x00, 0x89, 0x10, 0x00, 0x00, 0x00, 0x00,
    0x00, 0x0c, 0xf0, 0x00, 0x00, 0x00, 0x00, 0x00,
    0x00, 0xdc, 0x00, 0x00, 0x5c, 0x10, 0x01, 0x22,
    0x4f, 0xc7, 0x74, 0x04, 0xf9, 0x00, 0xdf, 0xff,
    0xff, 0xef, 0xf6, 0x0a, 0xf1, 0x06, 0x64, 0xaf,
    0x10, 0x1e, 0xc0, 0x3f, 0x90, 0x00, 0x0c, 0xd0,
    0x00, 0xad, 0x00, 0xcf, 0x00, 0x02, 0xf8, 0x00,
    0x0b, 0xd0, 0x06, 0xf6, 0x00, 0x7f, 0x30, 0x00,
    0xcc, 0x00, 0x16, 0x00, 0x0d, 0xd0, 0x00, 0x0e,
    0xa0, 0x00, 0x00, 0x05, 0xf7, 0x00, 0x02, 0xf8,
    0x00, 0x00, 0x00, 0xdf, 0x12, 0x11, 0x9f, 0x30,
    0x00, 0x00, 0x6f, 0x80, 0x8f, 0xff, 0xc0, 0x00,
    0x00, 0x01, 0x70, 0x02, 0x78, 0x60, 0x00, 0x00,
    0x00,

    /* U+304C "が" */
    0x00, 0x00, 0x00, 0x00, 0x00, 0x00, 0x04, 0x50,
    0x00, 0x00, 0x08, 0x80, 0x00, 0x04, 0xc4, 0xf1,
    0x00, 0x00, 0x0e, 0xc0, 0x00, 0x00, 0xd6, 0x95,
    0x00, 0x00, 0x0f, 0x90, 0x00, 0x04, 0xb4, 0x00,
    0x00, 0x11, 0x5f, 0xa6, 0x62, 0x09, 0xf4, 0x00,
    0x0f, 0xff, 0xff, 0xff, 0xff, 0x30, 0xed, 0x00,
    0x09, 0x75, 0xcf, 0x00, 0x3f, 0xa0, 0x7f, 0x50,
    0x00, 0x00, 0xea, 0x00, 0x0d, 0xb0, 0x0f, 0xc0,
    0x00, 0x04, 0xf6, 0x00, 0x0d, 0xb0, 0x09, 0xf3,
    0x00, 0x09, 0xf1, 0x00, 0x0f, 0xa0, 0x03, 0x70,
    0x00, 0x0f, 0xb0, 0x00, 0x1f, 0x80, 0x00, 0x00,
    0x00, 0x7f, 0x40, 0x00, 0x4f, 0x50, 0x00, 0x00,
    0x00, 0xed, 0x02, 0x00, 0xbf, 0x10, 0x00, 0x00,
    0x08, 0xf6, 0x0b, 0xff, 0xfa, 0x00, 0x00, 0x00,
    0x03, 0x80, 0x04, 0x9a, 0x70, 0x00, 0x00, 0x00,

    /* U+304F "く" */
    0x00, 0x00, 0x00, 0x00, 0x00, 0x00, 0x00, 0x00,
    0x06, 0x80, 0x00, 0x00, 0x00, 0x6f, 0xf2, 0x00,
    0x00, 0x08, 0xfd, 0x20, 0x00, 0x00, 0xaf, 0xb1,
    0x00, 0x00, 0x1c, 0xf8, 0x00, 0x00, 0x02, 0xef,
    0x50, 0x00, 0x00, 0x0c, 0xf5, 0x00, 0x00, 0x00,
    0x0a, 0xfa, 0x00, 0x00, 0x00, 0x00, 0xbf, 0xb1,
    0x00, 0x00, 0x00, 0x09, 0xfd, 0x20, 0x00, 0x00,
    0x00, 0x7f, 0xf4, 0x00, 0x00, 0x00, 0x05, 0xff,
    0x60, 0x00, 0x00, 0x00, 0x4f, 0xf6, 0x00, 0x00,
    0x00, 0x04, 0xe2, 0x00, 0x00, 0x00, 0x00, 0x00,

    /* U+3052 "げ" */
    0x00, 0x00, 0x00, 0x00, 0x00, 0x00, 0x02, 0x00,
    0x21, 0x00, 0x00, 0x00, 0x44, 0x64, 0xd2, 0x0e,
    0xe0, 0x00, 0x00, 0x0c, 0xd4, 0xb7, 0x80, 0xfa,
    0x00, 0x00, 0x00, 0xbd, 0x09, 0x00, 0x2f, 0x70,
    0x00, 0x00, 0x0b, 0xe1, 0x33, 0x03, 0xf4, 0x00,
    0xff, 0xee, 0xff, 0xff, 0x80, 0x5f, 0x20, 0x08,
    0x99, 0x9d, 0xf7, 0x62, 0x06, 0xf1, 0x00, 0x00,
    0x00, 0xae, 0x00, 0x00, 0x7f, 0x00, 0x00, 0x00,
    0x0b, 0xd0, 0x00, 0x07, 0xf4, 0xb0, 0x00, 0x00,
    0xcd, 0x00, 0x00, 0x6f, 0xc7, 0x00, 0x00, 0x0e,
    0xb0, 0x00, 0x04, 0xff, 0x30, 0x00, 0x03, 0xf8,
    0x00, 0x00, 0x2f, 0xe0, 0x00, 0x00, 0xcf, 0x20,
    0x00, 0x00, 0xec, 0x00, 0x02, 0xcf, 0x80, 0x00,
    0x00, 0x04, 0x40, 0x00, 0x8f, 0x90, 0x00, 0x00,
    0x00, 0x00, 0x00, 0x00, 0x20, 0x00, 0x00, 0x00,

    /* U+3053 "こ" */
    0x01, 0x10, 0x00, 0x00, 0x12, 0x10, 0x06, 0xff,
    0xff, 0xff, 0xff, 0x50, 0x03, 0x89, 0x9a, 0xa9,
    0x98, 0x20, 0x00, 0x00, 0x00, 0x00, 0x00, 0x00,
    0x00, 0x00, 0x00, 0x00, 0x00, 0x00, 0x00, 0x00,
    0x00, 0x00, 0x00, 0x00, 0x00, 0x00, 0x00, 0x00,
    0x00, 0x00, 0x2c, 0x50, 0x00, 0x00, 0x00, 0x00,
    0x5f, 0x40, 0x00, 0x00, 0x00, 0x00, 0x6f, 0x60,
    0x00, 0x00, 0x00, 0x00, 0x2f, 0xf8, 0x32, 0x23,
    0x46, 0x83, 0x06, 0xff, 0xff, 0xff, 0xff, 0xf5,
    0x00, 0x04, 0x78, 0x88, 0x75, 0x20,

    /* U+3054 "ご" */
    0x00, 0x00, 0x00, 0x00, 0x00, 0x03, 0x50, 0x00,
    0x00, 0x00, 0x00, 0x04, 0xb4, 0xf1, 0x02, 0x21,
    0x00, 0x11, 0x23, 0xe6, 0x95, 0x0a, 0xff, 0xff,
    0xff, 0xff, 0x55, 0x00, 0x04, 0x88, 0x99, 0x99,
    0x87, 0x00, 0x00, 0x00, 0x00, 0x00, 0x00, 0x00,
    0x00, 0x00, 0x00, 0x00, 0x00, 0x00, 0x00, 0x00,
    0x00, 0x00, 0x00, 0x00, 0x00, 0x00, 0x00, 0x00,
    0x00, 0x00, 0x00, 0x00, 0x00, 0x00, 0x00, 0x5b,
    0x20, 0x00, 0x00, 0x00, 0x00, 0x00, 0xaf, 0x00,
    0x00, 0x00, 0x00, 0x00, 0x00, 0xbf, 0x10, 0x00,
    0x00, 0x00, 0x00, 0x00, 0x8f, 0xc4, 0x00, 0x00,
    0x24, 0x70, 0x00, 0x0b, 0xff, 0xff, 0xff, 0xff,
    0xf1, 0x00, 0x00, 0x38, 0xab, 0xba, 0x96, 0x40,
    0x00,

    /* U+3055 "さ" */
    0x00, 0x00, 0x00, 0xc8, 0x00, 0x00, 0x00, 0x00,
    0x00, 0xcd, 0x00, 0x00, 0x23, 0x21, 0x11, 0x8f,
    0x68, 0xbb, 0x9f, 0xff, 0xff, 0xff, 0xff, 0xd9,
    0x25, 0x67, 0x76, 0x6c, 0xe1, 0x00, 0x00, 0x00,
    0x00, 0x03, 0xf6, 0x00, 0x00, 0x00, 0x00, 0x00,
    0xbe, 0x10, 0x03, 0x40, 0x00, 0x57, 0x8f, 0xb0,
    0x0c, 0xd0, 0x00, 0x7d, 0xff, 0xd0, 0x1f, 0x80,
    0x00, 0x00, 0x01, 0x10, 0x2f, 0x80, 0x00, 0x00,
    0x00, 0x00, 0x0e, 0xf5, 0x00, 0x00, 0x01, 0x00,
    0x04, 0xef, 0xfe, 0xde, 0xff, 0x30, 0x00, 0x06,
    0x9b, 0xba, 0x97, 0x10,

    /* U+3057 "し" */
    0x00, 0x00, 0x00, 0x00, 0x00, 0x00, 0x1f, 0xc0,
    0x00, 0x00, 0x00, 0x00, 0x0f, 0xb0, 0x00, 0x00,
    0x00, 0x00, 0x0f, 0xa0, 0x00, 0x00, 0x00, 0x00,
    0x0f, 0xa0, 0x00, 0x00, 0x00, 0x00, 0x0f, 0x90,
    0x00, 0x00, 0x00, 0x00, 0x1f, 0x90, 0x00, 0x00,
    0x00, 0x00, 0x1f, 0x80, 0x00, 0x00, 0x00, 0x00,
    0x2f, 0x80, 0x00, 0x00, 0x00, 0x00, 0x2f, 0x80,
    0x00, 0x00, 0x00, 0x00, 0x2f, 0x80, 0x00, 0x00,
    0x00, 0xc1, 0x2f, 0x80, 0x00, 0x00, 0x0b, 0xf7,
    0x0f, 0xe1, 0x00, 0x04, 0xcf, 0xb0, 0x08, 0xff,
    0xbb, 0xdf, 0xf9, 0x00, 0x00, 0x7d, 0xff, 0xd9,
    0x20, 0x00,

    /* U+3059 "す" */
    0x00, 0x00, 0x00, 0x00, 0x10, 0x00, 0x00, 0x00,
    0x00, 0x00, 0x09, 0xf1, 0x00, 0x00, 0x00, 0x00,
    0x00, 0x08, 0xf1, 0x00, 0x00, 0x37, 0x77, 0x88,
    0x8c, 0xf9, 0x99, 0x97, 0x8f, 0xff, 0xee, 0xde,
    0xfd, 0xdd, 0xec, 0x00, 0x00, 0x00, 0x18, 0xf0,
    0x00, 0x00, 0x00, 0x00, 0x3d, 0xff, 0xf1, 0x00,
    0x00, 0x00, 0x00, 0xec, 0x49, 0xf4, 0x00, 0x00,
    0x00, 0x04, 0xf4, 0x01, 0xf8, 0x00, 0x00, 0x00,
    0x02, 0xf7, 0x05, 0xf9, 0x00, 0x00, 0x00, 0x00,
    0xbf, 0xef, 0xf7, 0x00, 0x00, 0x00, 0x00, 0x05,
    0x8e, 0xf2, 0x00, 0x00, 0x00, 0x00, 0x01, 0xaf,
    0x90, 0x00, 0x00, 0x00, 0x03, 0xaf, 0xf9, 0x00,
    0x00, 0x00, 0x00, 0x00, 0xbb, 0x40, 0x00, 0x00,
    0x00,

    /* U+305B "せ" */
    0x00, 0x00, 0x00, 0x00, 0x00, 0x47, 0x00, 0x00,
    0x00, 0x0e, 0x90, 0x00, 0x09, 0xf0, 0x00, 0x00,
    0x00, 0xf9, 0x00, 0x00, 0x8f, 0x00, 0x00, 0x00,
    0x0f, 0x90, 0x00, 0x08, 0xf3, 0x44, 0x13, 0x56,
    0xfd, 0xbc, 0xef, 0xff, 0xff, 0xd4, 0xff, 0xff,
    0xfc, 0xa9, 0x7c, 0xe4, 0x32, 0x15, 0x31, 0xf9,
    0x00, 0x00, 0xad, 0x00, 0x00, 0x00, 0x0f, 0x90,
    0x00, 0x0b, 0xc0, 0x00, 0x00, 0x00, 0xf9, 0x00,
    0xcc, 0xfa, 0x00, 0x00, 0x00, 0x0f, 0x90, 0x05,
    0x88, 0x20, 0x00, 0x00, 0x00, 0xea, 0x00, 0x00,
    0x00, 0x00, 0x00, 0x00, 0x0c, 0xe4, 0x11, 0x22,
    0x46, 0x00, 0x00, 0x00, 0x5f, 0xff, 0xff, 0xff,
    0xf1, 0x00, 0x00, 0x00, 0x26, 0x78, 0x76, 0x54,
    0x00,

    /* U+305F "た" */
    0x00, 0x00, 0x5b, 0x40, 0x00, 0x00, 0x00, 0x00,
    0x00, 0x7f, 0x40, 0x00, 0x00, 0x00, 0x02, 0x12,
    0xaf, 0x79, 0xb0, 0x00, 0x00, 0x3f, 0xff, 0xff,
    0xff, 0xb0, 0x00, 0x00, 0x15, 0x66, 0xfb, 0x10,
    0x00, 0x00, 0x00, 0x00, 0x04, 0xf6, 0x02, 0xde,
    0xff, 0xe4, 0x00, 0x08, 0xf2, 0x02, 0x98, 0x88,
    0x93, 0x00, 0x0d, 0xd0, 0x00, 0x00, 0x00, 0x00,
    0x00, 0x2f, 0x90, 0x00, 0x00, 0x00, 0x00, 0x00,
    0x8f, 0x30, 0x4f, 0x30, 0x00, 0x00, 0x00, 0xee,
    0x00, 0x6f, 0x20, 0x00, 0x00, 0x05, 0xf8, 0x00,
    0x5f, 0xa2, 0x12, 0x33, 0x0c, 0xf2, 0x00, 0x0b,
    0xff, 0xff, 0xf9, 0x04, 0x70, 0x00, 0x00, 0x36,
    0x66, 0x52,

    /* U+3060 "だ" */
    0x00, 0x01, 0x75, 0x00, 0x00, 0x00, 0x61, 0x00,
    0x00, 0x2f, 0x90, 0x00, 0x08, 0x69, 0xa0, 0x00,
    0x04, 0xf7, 0x47, 0x10, 0x4e, 0x2d, 0x1d, 0xdd,
    0xef, 0xff, 0xf2, 0x00, 0x82, 0x00, 0x9a, 0xae,
    0xf6, 0x41, 0x00, 0x00, 0x00, 0x00, 0x00, 0xeb,
    0x00, 0x8a, 0xaa, 0xa8, 0x00, 0x00, 0x3f, 0x70,
    0x0e, 0xdd, 0xde, 0xc0, 0x00, 0x07, 0xf3, 0x00,
    0x00, 0x00, 0x00, 0x00, 0x00, 0xce, 0x00, 0x00,
    0x00, 0x00, 0x00, 0x00, 0x2f, 0x90, 0x0a, 0x50,
    0x00, 0x00, 0x00, 0x08, 0xf4, 0x01, 0xf7, 0x00,
    0x00, 0x00, 0x00, 0xee, 0x00, 0x1f, 0xb0, 0x00,
    0x01, 0x00, 0x6f, 0x80, 0x00, 0xaf, 0xfe, 0xef,
    0xf1, 0x05, 0xb2, 0x00, 0x00, 0x48, 0xaa, 0x97,
    0x00,

    /* U+3061 "ち" */
    0x00, 0x00, 0x00, 0x00, 0x00, 0x00, 0x00, 0x00,
    0x0a, 0xf0, 0x00, 0x00, 0x00, 0x00, 0x00, 0xbd,
    0x00, 0x00, 0x02, 0x00, 0x97, 0x6e, 0xd7, 0x9b,
    0xdf, 0xc0, 0x1f, 0xff, 0xff, 0xfe, 0xca, 0x85,
    0x00, 0x00, 0x5f, 0x30, 0x00, 0x00, 0x00, 0x00,
    0x08, 0xf0, 0x00, 0x00, 0x00, 0x00, 0x00, 0xdb,
    0x38, 0xcd, 0xc9, 0x20, 0x00, 0x2f, 0xef, 0xc9,
    0x89, 0xef, 0x40, 0x08, 0xfd, 0x30, 0x00, 0x02,
    0xfc, 0x00, 0xad, 0x10, 0x00, 0x00, 0x0c, 0xe0,
    0x00, 0x00, 0x00, 0x00, 0x01, 0xfc, 0x00, 0x00,
    0x00, 0x00, 0x05, 0xdf, 0x50, 0x00, 0x0c, 0xed,
    0xef, 0xff, 0x60, 0x00, 0x00, 0x5a, 0xba, 0x85,
    0x00, 0x00,

    /* U+3063 "っ" */
    0x00, 0x00, 0x00, 0x23, 0x20, 0x00, 0x00, 0x16,
    0xbf, 0xff, 0xfe, 0x50, 0x4d, 0xff, 0xd8, 0x53,
    0x5d, 0xf3, 0x2e, 0x82, 0x00, 0x00, 0x02, 0xfa,
    0x00, 0x00, 0x00, 0x00, 0x00, 0xec, 0x00, 0x00,
    0x00, 0x00, 0x02, 0xfa, 0x00, 0x00, 0x00, 0x00,
    0x2c, 0xf3, 0x00, 0x00, 0x13, 0x6a, 0xff, 0x60,
    0x00, 0x01, 0xff, 0xff, 0xa2, 0x00, 0x00, 0x00,
    0x56, 0x30, 0x00, 0x00,

    /* U+3064 "つ" */
    0x00, 0x00, 0x01, 0x57, 0x88, 0x40, 0x00, 0x00,
    0x38, 0xdf, 0xff, 0xff, 0xfd, 0x30, 0x9e, 0xff,
    0xd8, 0x40, 0x00, 0x6f, 0xe1, 0x8e, 0x82, 0x00,
    0x00, 0x00, 0x07, 0xf7, 0x00, 0x00, 0x00, 0x00,
    0x00, 0x02, 0xfa, 0x00, 0x00, 0x00, 0x00, 0x00,
    0x03, 0xf9, 0x00, 0x00, 0x00, 0x00, 0x00, 0x09,
    0xf5, 0x00, 0x00, 0x00, 0x00, 0x00, 0x8f, 0xd0,
    0x00, 0x00, 0x00, 0x03, 0x7d, 0xfd, 0x20, 0x00,
    0x00, 0xad, 0xff, 0xff, 0x80, 0x00, 0x00, 0x00,
    0x6d, 0xb9, 0x50, 0x00, 0x00,

    /* U+3065 "づ" */
    0x00, 0x00, 0x00, 0x00, 0x00, 0x00, 0x02, 0x20,
    0x00, 0x00, 0x00, 0x00, 0x00, 0x04, 0x68, 0xc0,
    0x00, 0x00, 0x00, 0x00, 0x00, 0x02, 0xf2, 0xe4,
    0x00, 0x00, 0x00, 0x02, 0x45, 0x41, 0x84, 0x00,
    0x00, 0x00, 0x5a, 0xef, 0xff, 0xff, 0xa1, 0x00,
    0x07, 0xbf, 0xff, 0xa6, 0x32, 0x4a, 0xfc, 0x00,
    0x0b, 0xfb, 0x50, 0x00, 0x00, 0x00, 0xaf, 0x40,
    0x02, 0x10, 0x00, 0x00, 0x00, 0x00, 0x4f, 0x80,
    0x00, 0x00, 0x00, 0x00, 0x00, 0x00, 0x4f, 0x80,
    0x00, 0x00, 0x00, 0x00, 0x00, 0x00, 0x9f, 0x50,
    0x00, 0x00, 0x00, 0x00, 0x00, 0x05, 0xfe, 0x00,
    0x00, 0x00, 0x00, 0x00, 0x03, 0xaf, 0xf3, 0x00,
    0x00, 0x00, 0x08, 0x9b, 0xef, 0xfb, 0x20, 0x00,
    0x00, 0x00, 0x0a, 0xff, 0xc8, 0x30, 0x00, 0x00,
    0x00, 0x00, 0x00, 0x10, 0x00, 0x00, 0x00, 0x00,

    /* U+3066 "て" */
    0x00, 0x00, 0x23, 0x46, 0x78, 0xab, 0xc1, 0x8d,
    0xef, 0xff, 0xff, 0xff, 0xfe, 0xd1, 0x8c, 0xa7,
    0x64, 0x4e, 0xd4, 0x00, 0x00, 0x00, 0x00, 0x00,
    0xdd, 0x10, 0x00, 0x00, 0x00, 0x00, 0x08, 0xf2,
    0x00, 0x00, 0x00, 0x00, 0x00, 0x0e, 0xb0, 0x00,
    0x00, 0x00, 0x00, 0x00, 0x1f, 0x80, 0x00, 0x00,
    0x00, 0x00, 0x00, 0x2f, 0x80, 0x00, 0x00, 0x00,
    0x00, 0x00, 0x0f, 0xd0, 0x00, 0x00, 0x00, 0x00,
    0x00, 0x09, 0xf9, 0x00, 0x00, 0x00, 0x00, 0x00,
    0x00, 0xcf, 0xe8, 0x42, 0x00, 0x00, 0x00, 0x00,
    0x08, 0xff, 0xfa, 0x00, 0x00, 0x00, 0x00, 0x00,
    0x05, 0x83, 0x00,

    /* U+3067 "で" */
    0x00, 0x00, 0x12, 0x45, 0x67, 0x9a, 0xb0, 0x9c,
    0xef, 0xff, 0xff, 0xff, 0xff, 0xe0, 0xad, 0xa8,
    0x64, 0x5e, 0xd5, 0x00, 0x00, 0x00, 0x00, 0x01,
    0xec, 0x10, 0x22, 0xc0, 0x00, 0x00, 0x08, 0xf2,
    0x00, 0xe4, 0xb8, 0x00, 0x00, 0x0e, 0xa0, 0x00,
    0x5d, 0x25, 0x00, 0x00, 0x2f, 0x70, 0x00, 0x02,
    0x00, 0x00, 0x00, 0x3f, 0x70, 0x00, 0x00, 0x00,
    0x00, 0x00, 0x1f, 0xb0, 0x00, 0x00, 0x00, 0x00,
    0x00, 0x0b, 0xf7, 0x00, 0x00, 0x00, 0x00, 0x00,
    0x01, 0xef, 0xc6, 0x31, 0x00, 0x00, 0x00, 0x00,
    0x1a, 0xff, 0xf9, 0x00, 0x00, 0x00, 0x00, 0x00,
    0x16, 0x93, 0x00,

    /* U+3068 "と" */
    0x05, 0x10, 0x00, 0x00, 0x00, 0x04, 0xf8, 0x00,
    0x00, 0x00, 0x00, 0x0d, 0xe0, 0x00, 0x00, 0x57,
    0x00, 0x6f, 0x60, 0x04, 0xcf, 0xd0, 0x00, 0xed,
    0x3b, 0xfe, 0x70, 0x00, 0x07, 0xff, 0xe7, 0x00,
    0x00, 0x01, 0xcf, 0x90, 0x00, 0x00, 0x01, 0xdf,
    0x40, 0x00, 0x00, 0x00, 0x9f, 0x40, 0x00, 0x00,
    0x00, 0x0e, 0xd0, 0x00, 0x00, 0x00, 0x00, 0xee,
    0x00, 0x00, 0x00, 0x00, 0x0a, 0xfc, 0x42, 0x12,
    0x34, 0x74, 0x1b, 0xff, 0xff, 0xff, 0xff, 0x80,
    0x02, 0x68, 0x88, 0x76, 0x41,

    /* U+3069 "ど" */
    0x00, 0x00, 0x00, 0x00, 0x00, 0x00, 0x00, 0x00,
    0x20, 0x00, 0x00, 0x02, 0x48, 0xb0, 0x0d, 0xe0,
    0x00, 0x00, 0x04, 0xf2, 0xe4, 0x08, 0xf4, 0x00,
    0x00, 0x03, 0xa6, 0x30, 0x01, 0xfb, 0x00, 0x05,
    0xdd, 0x00, 0x00, 0x00, 0x9f, 0x34, 0xcf, 0xd5,
    0x00, 0x00, 0x00, 0x2f, 0xef, 0xe6, 0x00, 0x00,
    0x00, 0x00, 0x4f, 0xf7, 0x00, 0x00, 0x00, 0x00,
    0x05, 0xfc, 0x20, 0x00, 0x00, 0x00, 0x00, 0x1f,
    0xd0, 0x00, 0x00, 0x00, 0x00, 0x00, 0x6f, 0x50,
    0x00, 0x00, 0x00, 0x00, 0x00, 0x7f, 0x40, 0x00,
    0x00, 0x00, 0x00, 0x00, 0x4f, 0xd3, 0x00, 0x00,
    0x02, 0x50, 0x00, 0x09, 0xff, 0xfd, 0xee, 0xff,
    0xf0, 0x00, 0x00, 0x38, 0xbc, 0xcb, 0xa9, 0x70,
    0x00,

    /* U+306B "に" */
    0x01, 0x31, 0x00, 0x00, 0x00, 0x00, 0x00, 0x06,
    0xf4, 0x00, 0x00, 0x00, 0x00, 0x00, 0x08, 0xf0,
    0x00, 0xbd, 0xdd, 0xde, 0xe0, 0x0b, 0xd0, 0x00,
    0x7b, 0xbc, 0xbb, 0xa0, 0x0d, 0xa0, 0x00, 0x00,
    0x00, 0x00, 0x00, 0x0f, 0x80, 0x00, 0x00, 0x00,
    0x00, 0x00, 0x1f, 0x60, 0x00, 0x00, 0x00, 0x00,
    0x00, 0x2f, 0x50, 0x00, 0x00, 0x00, 0x00, 0x00,
    0x2f, 0x6d, 0x02, 0x60, 0x00, 0x00, 0x00, 0x2f,
    0xdb, 0x07, 0xf0, 0x00, 0x00, 0x00, 0x1f, 0xf6,
    0x08, 0xf1, 0x00, 0x00, 0x00, 0x0f, 0xf1, 0x04,
    0xfe, 0xa9, 0x9b, 0xd6, 0x0d, 0xe0, 0x00, 0x6c,
    0xff, 0xff, 0xd5, 0x05, 0x70, 0x00, 0x00, 0x00,
    0x00, 0x00,

    /* U+306E "の" */
    0x00, 0x00, 0x16, 0x9a, 0x85, 0x00, 0x00, 0x00,
    0x09, 0xff, 0xff, 0xff, 0xe5, 0x00, 0x01, 0xcf,
    0x81, 0xbf, 0x04, 0xdf, 0x50, 0x0b, 0xf4, 0x00,
    0xdc, 0x00, 0x0d, 0xf1, 0x4f, 0x80, 0x01, 0xf9,
    0x00, 0x05, 0xf6, 0x9f, 0x10, 0x05, 0xf5, 0x00,
    0x01, 0xf9, 0xbd, 0x00, 0x0a, 0xf1, 0x00, 0x00,
    0xfa, 0xbe, 0x00, 0x1f, 0xb0, 0x00, 0x03, 0xf8,
    0x8f, 0x40, 0x9f, 0x40, 0x00, 0x0a, 0xf4, 0x2f,
    0xfc, 0xfb, 0x00, 0x00, 0x8f, 0xc0, 0x06, 0xff,
    0xc1, 0x04, 0x7d, 0xfd, 0x10, 0x00, 0x12, 0x00,
    0x0e, 0xfe, 0x80, 0x00, 0x00, 0x00, 0x00, 0x02,
    0x30, 0x00, 0x00,

    /* U+306F "は" */
    0x02, 0x40, 0x00, 0x00, 0x04, 0x60, 0x00, 0x00,
    0x8f, 0x10, 0x00, 0x00, 0x9f, 0x00, 0x00, 0x0b,
    0xd0, 0x00, 0x00, 0x09, 0xf0, 0x00, 0x00, 0xda,
    0x00, 0x57, 0x76, 0xcf, 0x9b, 0x80, 0x0f, 0x80,
    0x0a, 0xff, 0xff, 0xfe, 0xc6, 0x01, 0xf6, 0x00,
    0x00, 0x00, 0x9f, 0x00, 0x00, 0x3f, 0x40, 0x00,
    0x00, 0x08, 0xf0, 0x00, 0x04, 0xf3, 0x00, 0x00,
    0x00, 0x8f, 0x10, 0x00, 0x4f, 0x4a, 0x00, 0x15,
    0x5a, 0xf1, 0x00, 0x04, 0xfc, 0xa0, 0x5f, 0xee,
    0xff, 0xb2, 0x00, 0x3f, 0xf4, 0x0f, 0x90, 0x06,
    0xff, 0xf6, 0x01, 0xff, 0x01, 0xf8, 0x00, 0xaf,
    0x3b, 0xf1, 0x0f, 0xc0, 0x0a, 0xff, 0xef, 0xc0,
    0x04, 0x00, 0x87, 0x00, 0x05, 0x89, 0x60, 0x00,
    0x00,

    /* U+3079 "べ" */
    0x00, 0x00, 0x00, 0x00, 0x00, 0x00, 0x56, 0x00,
    0x00, 0x00, 0x00, 0x00, 0x00, 0x86, 0x4f, 0x20,
    0x00, 0x00, 0x09, 0xfa, 0x00, 0x5f, 0x1b, 0xa0,
    0x00, 0x00, 0x9f, 0xef, 0xb0, 0x0c, 0x71, 0x00,
    0x00, 0x05, 0xfb, 0x09, 0xf9, 0x00, 0x00, 0x00,
    0x00, 0x3f, 0xd1, 0x00, 0xbf, 0x70, 0x00, 0x00,
    0x02, 0xef, 0x30, 0x00, 0x1d, 0xf5, 0x00, 0x00,
    0x2e, 0xf6, 0x00, 0x00, 0x02, 0xef, 0x40, 0x00,
    0x0a, 0xa0, 0x00, 0x00, 0x00, 0x3f, 0xf4, 0x00,
    0x00, 0x00, 0x00, 0x00, 0x00, 0x05, 0xff, 0x40,
    0x00, 0x00, 0x00, 0x00, 0x00, 0x00, 0x6f, 0xe0,
    0x00, 0x00, 0x00, 0x00, 0x00, 0x00, 0x07, 0x30,

    /* U+307B "ほ" */
    0x03, 0x40, 0x00, 0x00, 0x00, 0x00, 0x00, 0x00,
    0x9f, 0x00, 0x19, 0x98, 0x99, 0xac, 0x40, 0x0b,
    0xd0, 0x01, 0xcd, 0xdf, 0xfb, 0xa3, 0x00, 0xda,
    0x00, 0x00, 0x00, 0xad, 0x00, 0x00, 0x0f, 0x80,
    0x00, 0x00, 0x0a, 0xd0, 0x11, 0x01, 0xf6, 0x00,
    0x6e, 0xee, 0xff, 0xff, 0xb0, 0x3f, 0x40, 0x03,
    0x88, 0x8d, 0xe7, 0x53, 0x04, 0xf3, 0x00, 0x00,
    0x00, 0x9d, 0x00, 0x00, 0x4f, 0x4b, 0x00, 0x02,
    0x2a, 0xe0, 0x00, 0x04, 0xfc, 0xa0, 0x4e, 0xff,
    0xff, 0x81, 0x00, 0x3f, 0xf4, 0x0e, 0xa0, 0x08,
    0xff, 0xe5, 0x02, 0xff, 0x00, 0xf9, 0x00, 0xbf,
    0x2c, 0xf1, 0x0f, 0xc0, 0x07, 0xff, 0xff, 0xa0,
    0x05, 0x00, 0x87, 0x00, 0x03, 0x78, 0x50, 0x00,
    0x00,

    /* U+307E "ま" */
    0x00, 0x00, 0x02, 0xf7, 0x00, 0x00, 0x00, 0x10,
    0x00, 0x2f, 0x60, 0x02, 0x20, 0x0d, 0xfe, 0xdd,
    0xff, 0xff, 0xf9, 0x00, 0x46, 0x89, 0xaf, 0xa7,
    0x64, 0x10, 0x00, 0x00, 0x02, 0xf5, 0x00, 0x00,
    0x00, 0xa9, 0x87, 0x8f, 0xb9, 0xac, 0xa0, 0x0b,
    0xee, 0xff, 0xff, 0xed, 0xb7, 0x00, 0x00, 0x00,
    0x1f, 0x60, 0x00, 0x00, 0x00, 0x01, 0x33, 0xf7,
    0x00, 0x00, 0x00, 0x3d, 0xff, 0xff, 0xd7, 0x10,
    0x00, 0x0f, 0xb3, 0x12, 0xff, 0xfe, 0x60, 0x03,
    0xf5, 0x00, 0x0f, 0x93, 0xdf, 0xb0, 0x0e, 0xe8,
    0x7b, 0xf6, 0x00, 0x99, 0x00, 0x2a, 0xef, 0xe8,
    0x00, 0x00, 0x00,

    /* U+307F "み" */
    0x00, 0x00, 0x00, 0x01, 0x10, 0x00, 0x00, 0x00,
    0x07, 0xee, 0xff, 0xfe, 0x00, 0x00, 0x00, 0x00,
    0x49, 0x87, 0x9f, 0x80, 0x00, 0x00, 0x00, 0x00,
    0x00, 0x09, 0xf1, 0x00, 0x00, 0x00, 0x00, 0x00,
    0x01, 0xf9, 0x00, 0x06, 0x30, 0x00, 0x00, 0x02,
    0x9f, 0x30, 0x00, 0xeb, 0x00, 0x00, 0x8e, 0xff,
    0xff, 0xd8, 0x2f, 0x90, 0x01, 0xdf, 0x89, 0xf6,
    0x6b, 0xff, 0xf8, 0x00, 0x9e, 0x20, 0xdd, 0x00,
    0x01, 0xbf, 0xf8, 0x0e, 0x80, 0x4f, 0x60, 0x00,
    0x0b, 0xfd, 0xf0, 0xfb, 0x3d, 0xe0, 0x00, 0x04,
    0xf8, 0x05, 0x09, 0xff, 0xf4, 0x00, 0x04, 0xfd,
    0x00, 0x00, 0x06, 0x73, 0x00, 0x18, 0xfe, 0x20,
    0x00, 0x00, 0x00, 0x00, 0x01, 0xca, 0x10, 0x00,
    0x00, 0x00, 0x00, 0x00, 0x00, 0x00, 0x00, 0x00,
    0x00,

    /* U+3080 "む" */
    0x00, 0x08, 0xf1, 0x00, 0x00, 0x00, 0x00, 0x00,
    0x00, 0x7f, 0x00, 0x20, 0x01, 0x00, 0x00, 0x7a,
    0x8c, 0xfc, 0xef, 0x01, 0xda, 0x00, 0x06, 0xde,
    0xff, 0xb9, 0x60, 0x07, 0xfc, 0x10, 0x00, 0x07,
    0xf0, 0x00, 0x00, 0x05, 0xfc, 0x00, 0x3b, 0xef,
    0x00, 0x00, 0x00, 0x05, 0x40, 0x1e, 0xb9, 0xf4,
    0x00, 0x00, 0x00, 0x00, 0x06, 0xe0, 0x0f, 0x60,
    0x00, 0x00, 0x00, 0x00, 0x8d, 0x02, 0xf5, 0x00,
    0x00, 0x16, 0x10, 0x05, 0xf8, 0xbf, 0x10, 0x00,
    0x01, 0xf9, 0x00, 0x0b, 0xff, 0xa0, 0x00, 0x00,
    0x1f, 0x90, 0x00, 0x01, 0xfa, 0x00, 0x00, 0x07,
    0xf7, 0x00, 0x00, 0x0d, 0xfb, 0x9a, 0xbe, 0xfe,
    0x10, 0x00, 0x00, 0x2a, 0xde, 0xed, 0xb7, 0x10,
    0x00,

    /* U+3081 "め" */
    0x00, 0x00, 0x00, 0x00, 0x77, 0x00, 0x00, 0x01,
    0x94, 0x00, 0x00, 0xeb, 0x00, 0x00, 0x01, 0xf9,
    0x00, 0x14, 0xf8, 0x00, 0x00, 0x00, 0xbd, 0x7e,
    0xff, 0xff, 0xd4, 0x00, 0x00, 0x8f, 0xf9, 0x4b,
    0xe6, 0xdf, 0x50, 0x03, 0xff, 0x90, 0x0f, 0x90,
    0x0c, 0xf1, 0x0d, 0xdb, 0xe0, 0x6f, 0x30, 0x03,
    0xf7, 0x5f, 0x33, 0xf7, 0xdc, 0x00, 0x00, 0xf9,
    0xad, 0x00, 0xbf, 0xf5, 0x00, 0x00, 0xfa, 0xcb,
    0x00, 0x5f, 0xe0, 0x00, 0x03, 0xf7, 0xae, 0x13,
    0xef, 0xf6, 0x00, 0x0c, 0xf2, 0x4f, 0xff, 0xe2,
    0x50, 0x04, 0xdf, 0x70, 0x05, 0xa7, 0x10, 0x09,
    0xef, 0xf7, 0x00, 0x00, 0x00, 0x00, 0x04, 0xb6,
    0x10, 0x00,

    /* U+3082 "も" */
    0x00, 0x00, 0x00, 0x00, 0x00, 0x00, 0x00, 0x00,
    0x00, 0x6f, 0x40, 0x00, 0x00, 0x00, 0x00, 0x00,
    0x7f, 0x20, 0x00, 0x00, 0x00, 0x08, 0x42, 0x8f,
    0x00, 0x10, 0x00, 0x00, 0x0f, 0xff, 0xff, 0xff,
    0xf0, 0x00, 0x00, 0x00, 0x25, 0xed, 0x76, 0x50,
    0x00, 0x00, 0x00, 0x00, 0xea, 0x00, 0x00, 0x00,
    0x00, 0x36, 0x31, 0xf8, 0x00, 0x10, 0x9b, 0x00,
    0x6f, 0xff, 0xff, 0xff, 0xe0, 0x4f, 0x80, 0x01,
    0x48, 0xfa, 0x87, 0x50, 0x0b, 0xf0, 0x00, 0x05,
    0xf3, 0x00, 0x00, 0x08, 0xf2, 0x00, 0x05, 0xf4,
    0x00, 0x00, 0x09, 0xf2, 0x00, 0x02, 0xfa, 0x00,
    0x00, 0x5f, 0xd0, 0x00, 0x00, 0xbf, 0xda, 0xad,
    0xfe, 0x30, 0x00, 0x00, 0x08, 0xdf, 0xfd, 0x81,
    0x00,

    /* U+3084 "や" */
    0x00, 0x00, 0x00, 0x00, 0x00, 0x00, 0x00, 0x00,
    0x00, 0x00, 0x04, 0xe4, 0x00, 0x00, 0x00, 0x00,
    0x28, 0x10, 0x0b, 0xf6, 0x00, 0x00, 0x00, 0x05,
    0xf8, 0x00, 0x0a, 0x87, 0x74, 0x00, 0x00, 0x0b,
    0xf1, 0x5b, 0xff, 0xff, 0xfc, 0x00, 0x00, 0x4f,
    0xff, 0xc6, 0x20, 0x07, 0xf8, 0x03, 0x9f, 0xff,
    0x40, 0x00, 0x00, 0x0e, 0xb0, 0xef, 0xa7, 0xf7,
    0x00, 0x00, 0x02, 0xfa, 0x05, 0x20, 0x0d, 0xd0,
    0x6a, 0x78, 0xef, 0x40, 0x00, 0x00, 0x7f, 0x45,
    0xef, 0xfd, 0x50, 0x00, 0x00, 0x01, 0xfa, 0x00,
    0x00, 0x00, 0x00, 0x00, 0x00, 0x0c, 0xf0, 0x00,
    0x00, 0x00, 0x00, 0x00, 0x00, 0x7f, 0x50, 0x00,
    0x00, 0x00, 0x00, 0x00, 0x02, 0xfa, 0x00, 0x00,
    0x00, 0x00, 0x00, 0x00, 0x0c, 0x90, 0x00, 0x00,
    0x00,

    /* U+3088 "よ" */
    0x00, 0x00, 0x00, 0xed, 0x00, 0x00, 0x00, 0x00,
    0x00, 0x0d, 0xc0, 0x00, 0x00, 0x00, 0x00, 0x00,
    0xdc, 0x00, 0x00, 0x00, 0x00, 0x00, 0x0d, 0xe8,
    0x9a, 0xb5, 0x00, 0x00, 0x00, 0xdf, 0xee, 0xdc,
    0x50, 0x00, 0x00, 0x0c, 0xd0, 0x00, 0x00, 0x00,
    0x00, 0x00, 0xcd, 0x00, 0x00, 0x00, 0x00, 0x00,
    0x0b, 0xe0, 0x00, 0x00, 0x00, 0x16, 0x88, 0xdf,
    0x00, 0x00, 0x00, 0x5f, 0xfe, 0xef, 0xfe, 0x81,
    0x00, 0x0f, 0xc1, 0x00, 0xaf, 0xcf, 0xf7, 0x01,
    0xf9, 0x00, 0x0b, 0xf0, 0x4e, 0xf9, 0x0c, 0xfb,
    0x8a, 0xfc, 0x00, 0x1b, 0x50, 0x19, 0xef, 0xfb,
    0x20, 0x00, 0x00,

    /* U+3089 "ら" */
    0x00, 0x07, 0x62, 0x00, 0x00, 0x00, 0x00, 0x0e,
    0xff, 0xfc, 0x94, 0x00, 0x00, 0x00, 0x36, 0x9c,
    0xf6, 0x00, 0x07, 0xb1, 0x00, 0x00, 0x00, 0x00,
    0x09, 0xf0, 0x00, 0x00, 0x00, 0x00, 0x0b, 0xd0,
    0x00, 0x23, 0x20, 0x00, 0x0d, 0xb2, 0xaf, 0xff,
    0xfe, 0x50, 0x0f, 0xdf, 0xd7, 0x33, 0x5d, 0xf4,
    0x1f, 0xf7, 0x00, 0x00, 0x02, 0xfb, 0x2e, 0x80,
    0x00, 0x00, 0x00, 0xfc, 0x00, 0x00, 0x00, 0x00,
    0x05, 0xf9, 0x00, 0x00, 0x00, 0x02, 0x8f, 0xf2,
    0x00, 0x3e, 0xdd, 0xef, 0xfd, 0x30, 0x00, 0x0a,
    0xbb, 0xa8, 0x40, 0x00,

    /* U+308A "り" */
    0x00, 0x00, 0x00, 0x00, 0x00, 0x3f, 0x70, 0x00,
    0x00, 0x00, 0x4f, 0x40, 0x8d, 0xe9, 0x00, 0x6f,
    0x2d, 0xe9, 0xbf, 0xb0, 0x8f, 0xac, 0x00, 0x09,
    0xf4, 0xaf, 0xe1, 0x00, 0x01, 0xf9, 0xbf, 0x70,
    0x00, 0x00, 0xec, 0xcf, 0x10, 0x00, 0x00, 0xdd,
    0xce, 0x00, 0x00, 0x00, 0xec, 0xbe, 0x00, 0x00,
    0x01, 0xfa, 0x46, 0x00, 0x00, 0x07, 0xf5, 0x00,
    0x00, 0x00, 0x4f, 0xd0, 0x00, 0x00, 0x29, 0xfe,
    0x20, 0x00, 0x8d, 0xff, 0xb1, 0x00, 0x00, 0x4c,
    0x83, 0x00, 0x00,

    /* U+308B "る" */
    0x00, 0x00, 0x00, 0x00, 0x01, 0x10, 0x00, 0x04,
    0xee, 0xef, 0xff, 0xfd, 0x00, 0x00, 0x39, 0x87,
    0x77, 0xff, 0x60, 0x00, 0x00, 0x00, 0x01, 0xde,
    0x30, 0x00, 0x00, 0x00, 0x03, 0xec, 0x10, 0x00,
    0x00, 0x00, 0x06, 0xfd, 0x66, 0x40, 0x00, 0x00,
    0x08, 0xff, 0xfd, 0xef, 0xe4, 0x00, 0x0b, 0xfb,
    0x30, 0x00, 0x3c, 0xf4, 0x1d, 0xf6, 0x00, 0x00,
    0x00, 0x1f, 0xb0, 0xb5, 0x05, 0xcd, 0xa2, 0x00,
    0xdd, 0x00, 0x03, 0xf8, 0x5d, 0xe1, 0x0f, 0xb0,
    0x00, 0x6f, 0x10, 0x2f, 0x7b, 0xf5, 0x00, 0x02,
    0xfe, 0x99, 0xff, 0xf8, 0x00, 0x00, 0x02, 0x9c,
    0xdc, 0x93, 0x00,

    /* U+308C "れ" */
    0x00, 0x00, 0x00, 0x00, 0x00, 0x00, 0x00, 0x00,
    0x00, 0x00, 0x5f, 0x50, 0x00, 0x00, 0x00, 0x00,
    0x00, 0x00, 0x5f, 0x30, 0x00, 0x00, 0x00, 0x00,
    0x00, 0x00, 0x7f, 0x30, 0x04, 0x76, 0x00, 0x00,
    0x09, 0xef, 0xff, 0x73, 0xdf, 0xff, 0xb0, 0x00,
    0x06, 0x97, 0xbf, 0x7f, 0xa2, 0x0b, 0xf0, 0x00,
    0x00, 0x00, 0xaf, 0xf5, 0x00, 0x08, 0xf0, 0x00,
    0x00, 0x02, 0xff, 0x40, 0x00, 0x0a, 0xe0, 0x00,
    0x00, 0x0d, 0xfb, 0x00, 0x00, 0x0c, 0xc0, 0x00,
    0x00, 0x9f, 0xeb, 0x00, 0x00, 0x0e, 0xa0, 0x00,
    0x06, 0xf8, 0xcb, 0x00, 0x00, 0x0f, 0x80, 0x00,
    0x0e, 0xc0, 0xcb, 0x00, 0x00, 0x1f, 0x80, 0x15,
    0x04, 0x20, 0xcc, 0x00, 0x00, 0x1f, 0xea, 0xfa,
    0x00, 0x00, 0xcd, 0x00, 0x00, 0x09, 0xff, 0xb1,
    0x00, 0x00, 0x66, 0x00, 0x00, 0x00, 0x11, 0x00,

    /* U+308D "ろ" */
    0x00, 0x00, 0x00, 0x00, 0x00, 0x00, 0x00, 0x05,
    0xee, 0xee, 0xff, 0xfd, 0x00, 0x00, 0x4a, 0x98,
    0x77, 0xff, 0x60, 0x00, 0x00, 0x00, 0x01, 0xde,
    0x30, 0x00, 0x00, 0x00, 0x02, 0xed, 0x20, 0x00,
    0x00, 0x00, 0x04, 0xfd, 0x66, 0x40, 0x00, 0x00,
    0x06, 0xff, 0xfe, 0xff, 0xe5, 0x00, 0x09, 0xfd,
    0x61, 0x00, 0x3d, 0xf4, 0x1c, 0xfa, 0x00, 0x00,
    0x00, 0x1f, 0xa1, 0xd8, 0x00, 0x00, 0x00, 0x00,
    0xfc, 0x00, 0x00, 0x00, 0x00, 0x00, 0x4f, 0x90,
    0x00, 0x00, 0x00, 0x00, 0x6f, 0xf2, 0x00, 0x00,
    0xdc, 0xcd, 0xff, 0xe4, 0x00, 0x00, 0x09, 0xcc,
    0xb9, 0x50, 0x00,

    /* U+3092 "を" */
    0x00, 0x00, 0x0d, 0x60, 0x00, 0x00, 0x00, 0x00,
    0x00, 0x3f, 0x61, 0x24, 0x50, 0x00, 0x1f, 0xff,
    0xff, 0xff, 0xff, 0xe0, 0x00, 0x06, 0x78, 0xfb,
    0x65, 0x42, 0x10, 0x00, 0x00, 0x08, 0xf2, 0x00,
    0x00, 0x00, 0x30, 0x00, 0x3f, 0xdd, 0xeb, 0x10,
    0x7e, 0xf0, 0x01, 0xef, 0xa5, 0x7f, 0xdf, 0xfb,
    0x50, 0x1d, 0xf4, 0x00, 0x7f, 0xf8, 0x20, 0x00,
    0x3e, 0x50, 0x1c, 0xfe, 0xc0, 0x00, 0x00, 0x00,
    0x00, 0xde, 0x2a, 0xc0, 0x00, 0x00, 0x00, 0x06,
    0xf3, 0x09, 0xa0, 0x00, 0x00, 0x00, 0x08, 0xf3,
    0x00, 0x00, 0x00, 0x00, 0x00, 0x03, 0xff, 0xa9,
    0x9a, 0xce, 0x10, 0x00, 0x00, 0x4a, 0xde, 0xed,
    0xca, 0x00,

    /* U+3093 "ん" */
    0x00, 0x00, 0x00, 0x61, 0x00, 0x00, 0x00, 0x00,
    0x00, 0x00, 0x5f, 0xa0, 0x00, 0x00, 0x00, 0x00,
    0x00, 0x0d, 0xf1, 0x00, 0x00, 0x00, 0x00, 0x00,
    0x06, 0xf7, 0x00, 0x00, 0x00, 0x00, 0x00, 0x00,
    0xed, 0x00, 0x00, 0x00, 0x00, 0x00, 0x00, 0x6f,
    0x50, 0x00, 0x00, 0x00, 0x00, 0x00, 0x0e, 0xea,
    0xdb, 0x10, 0x00, 0x00, 0x00, 0x06, 0xff, 0xbc,
    0xf8, 0x00, 0x00, 0x00, 0x00, 0xef, 0x40, 0x0f,
    0xa0, 0x00, 0x26, 0x00, 0x6f, 0x70, 0x00, 0xea,
    0x00, 0x08, 0xf1, 0x0d, 0xe0, 0x00, 0x0e, 0xb0,
    0x01, 0xec, 0x04, 0xf8, 0x00, 0x00, 0xde, 0x12,
    0xcf, 0x30, 0xbf, 0x30, 0x00, 0x09, 0xff, 0xff,
    0x60, 0x04, 0x80, 0x00, 0x00, 0x07, 0xa9, 0x30,
    0x00,

    /* U+30A1 "ァ" */
    0x00, 0x00, 0x00, 0x00, 0x00, 0x00, 0x04, 0xff,
    0xff, 0xff, 0xff, 0xff, 0xa0, 0x28, 0x88, 0x88,
    0x88, 0x8c, 0xf8, 0x00, 0x00, 0x01, 0x85, 0x02,
    0xec, 0x00, 0x00, 0x00, 0x1f, 0x82, 0xde, 0x10,
    0x00, 0x00, 0x01, 0xf7, 0x6e, 0x20, 0x00, 0x00,
    0x00, 0x4f, 0x50, 0x00, 0x00, 0x00, 0x00, 0x09,
    0xf1, 0x00, 0x00, 0x00, 0x00, 0x04, 0xfa, 0x00,
    0x00, 0x00, 0x00, 0x06, 0xfe, 0x10, 0x00, 0x00,
    0x00, 0x03, 0xec, 0x20, 0x00, 0x00, 0x00, 0x00,
    0x01, 0x00, 0x00, 0x00, 0x00, 0x00,

    /* U+30A2 "ア" */
    0x1b, 0xa9, 0x99, 0x99, 0x99, 0x99, 0xa5, 0x01,
    0xfe, 0xee, 0xee, 0xee, 0xee, 0xff, 0xc0, 0x00,
    0x00, 0x00, 0x00, 0x00, 0x0c, 0xf2, 0x00, 0x00,
    0x00, 0x1a, 0x60, 0x0a, 0xf6, 0x00, 0x00, 0x00,
    0x02, 0xf9, 0x0a, 0xf9, 0x00, 0x00, 0x00, 0x00,
    0x2f, 0x85, 0xf9, 0x00, 0x00, 0x00, 0x00, 0x03,
    0xf7, 0x01, 0x00, 0x00, 0x00, 0x00, 0x00, 0x6f,
    0x40, 0x00, 0x00, 0x00, 0x00, 0x00, 0x0c, 0xf1,
    0x00, 0x00, 0x00, 0x00, 0x00, 0x05, 0xfa, 0x00,
    0x00, 0x00, 0x00, 0x00, 0x07, 0xfe, 0x10, 0x00,
    0x00, 0x00, 0x00, 0x0c, 0xfd, 0x20, 0x00, 0x00,
    0x00, 0x00, 0x00, 0x38, 0x00, 0x00, 0x00, 0x00,
    0x00, 0x00,

    /* U+30A3 "ィ" */
    0x00, 0x00, 0x00, 0x00, 0x00, 0x10, 0x00, 0x00,
    0x00, 0x00, 0x05, 0xf4, 0x00, 0x00, 0x00, 0x00,
    0x6f, 0xe2, 0x00, 0x00, 0x00, 0x1a, 0xfc, 0x10,
    0x00, 0x00, 0x06, 0xef, 0x80, 0x00, 0x00, 0x28,
    0xef, 0xff, 0x10, 0x00, 0x0d, 0xff, 0xb4, 0xaf,
    0x10, 0x00, 0x09, 0x82, 0x00, 0xaf, 0x10, 0x00,
    0x00, 0x00, 0x00, 0xaf, 0x10, 0x00, 0x00, 0x00,
    0x00, 0xaf, 0x10, 0x00, 0x00, 0x00, 0x00, 0xaf,
    0x10, 0x00, 0x00, 0x00, 0x00, 0xaf, 0x10, 0x00,

    /* U+30A4 "イ" */
    0x00, 0x00, 0x00, 0x00, 0x00, 0x06, 0x10, 0x00,
    0x00, 0x00, 0x00, 0x00, 0x7f, 0xc0, 0x00, 0x00,
    0x00, 0x00, 0x09, 0xfe, 0x20, 0x00, 0x00, 0x00,
    0x02, 0xcf, 0xc1, 0x00, 0x00, 0x00, 0x00, 0x7f,
    0xf8, 0x00, 0x00, 0x00, 0x01, 0x7e, 0xff, 0xb0,
    0x00, 0x00, 0x05, 0xaf, 0xfd, 0x6f, 0xb0, 0x00,
    0x00, 0x8f, 0xfb, 0x40, 0x1f, 0xb0, 0x00, 0x00,
    0x17, 0x10, 0x00, 0x1f, 0xb0, 0x00, 0x00, 0x00,
    0x00, 0x00, 0x1f, 0xb0, 0x00, 0x00, 0x00, 0x00,
    0x00, 0x1f, 0xb0, 0x00, 0x00, 0x00, 0x00, 0x00,
    0x1f, 0xb0, 0x00, 0x00, 0x00, 0x00, 0x00, 0x1f,
    0xb0, 0x00, 0x00, 0x00, 0x00, 0x00, 0x19, 0x70,
    0x00, 0x00,

    /* U+30A6 "ウ" */
    0x00, 0x00, 0x0f, 0xd0, 0x00, 0x00, 0x00, 0x00,
    0x00, 0xfc, 0x00, 0x00, 0x00, 0x00, 0x00, 0x0f,
    0xc0, 0x00, 0x00, 0x0f, 0xff, 0xff, 0xff, 0xff,
    0xff, 0xe2, 0xfd, 0x77, 0x77, 0x77, 0x77, 0xef,
    0x0f, 0xb0, 0x00, 0x00, 0x00, 0x0f, 0xd0, 0xfb,
    0x00, 0x00, 0x00, 0x03, 0xf9, 0x0f, 0xb0, 0x00,
    0x00, 0x00, 0x9f, 0x40, 0x21, 0x00, 0x00, 0x00,
    0x1f, 0xd0, 0x00, 0x00, 0x00, 0x00, 0x0b, 0xf5,
    0x00, 0x00, 0x00, 0x00, 0x1b, 0xfa, 0x00, 0x00,
    0x00, 0x00, 0x7e, 0xfb, 0x00, 0x00, 0x00, 0x0b,
    0xff, 0xf7, 0x00, 0x00, 0x00, 0x00, 0x4d, 0x71,
    0x00, 0x00, 0x00,

    /* U+30A7 "ェ" */
    0x07, 0x88, 0x88, 0x88, 0x88, 0x70, 0x0d, 0xff,
    0xff, 0xff, 0xff, 0xd0, 0x00, 0x00, 0x0e, 0xb0,
    0x00, 0x00, 0x00, 0x00, 0x0e, 0xb0, 0x00, 0x00,
    0x00, 0x00, 0x0e, 0xb0, 0x00, 0x00, 0x00, 0x00,
    0x0e, 0xb0, 0x00, 0x00, 0x00, 0x00, 0x0e, 0xb0,
    0x00, 0x00, 0x12, 0x22, 0x2f, 0xc2, 0x22, 0x21,
    0xaf, 0xff, 0xff, 0xff, 0xff, 0xf8, 0x46, 0x66,
    0x66, 0x66, 0x66, 0x63,

    /* U+30A9 "ォ" */
    0x00, 0x00, 0x00, 0x0d, 0x70, 0x00, 0x00, 0x00,
    0x00, 0x0f, 0x80, 0x00, 0x07, 0x88, 0x88, 0x8f,
    0xc8, 0x87, 0x0c, 0xff, 0xff, 0xff, 0xff, 0xfc,
    0x00, 0x00, 0x02, 0xef, 0x90, 0x00, 0x00, 0x00,
    0x2e, 0xee, 0x90, 0x00, 0x00, 0x04, 0xee, 0x2d,
    0x90, 0x00, 0x00, 0x9f, 0xd2, 0x0d, 0xa0, 0x00,
    0x2e, 0xfa, 0x00, 0x0d, 0xa0, 0x00, 0x07, 0x40,
    0x16, 0x5e, 0xa0, 0x00, 0x00, 0x00, 0x1f, 0xff,
    0x60, 0x00, 0x00, 0x00, 0x00, 0x00, 0x00, 0x00,

    /* U+30AB "カ" */
    0x00, 0x00, 0x0a, 0xf2, 0x00, 0x00, 0x00, 0x00,
    0x00, 0x9f, 0x10, 0x00, 0x00, 0x00, 0x00, 0x09,
    0xf0, 0x00, 0x00, 0x02, 0xfe, 0xee, 0xff, 0xee,
    0xee, 0xe6, 0x1a, 0x99, 0x9e, 0xe9, 0x99, 0xaf,
    0x90, 0x00, 0x00, 0xfb, 0x00, 0x01, 0xf8, 0x00,
    0x00, 0x2f, 0x70, 0x00, 0x1f, 0x70, 0x00, 0x07,
    0xf3, 0x00, 0x02, 0xf6, 0x00, 0x00, 0xee, 0x00,
    0x00, 0x4f, 0x50, 0x00, 0x7f, 0x70, 0x00, 0x06,
    0xf3, 0x00, 0x3f, 0xe0, 0x00, 0x00, 0x9f, 0x10,
    0x3e, 0xf3, 0x00, 0x42, 0x3e, 0xd0, 0x3f, 0xf5,
    0x00, 0x0f, 0xff, 0xf8, 0x00, 0x54, 0x00, 0x00,
    0x56, 0x75, 0x00,

    /* U+30AD "キ" */
    0x00, 0x00, 0x1a, 0x70, 0x00, 0x00, 0x00, 0x00,
    0x00, 0x0f, 0xc0, 0x00, 0x00, 0x00, 0x00, 0x00,
    0x0b, 0xe1, 0x47, 0x9b, 0x00, 0x13, 0x57, 0xae,
    0xff, 0xff, 0xfd, 0x00, 0x3f, 0xff, 0xfd, 0xfa,
    0x42, 0x00, 0x00, 0x07, 0x41, 0x02, 0xf8, 0x00,
    0x00, 0x00, 0x00, 0x00, 0x00, 0xfb, 0x00, 0x03,
    0x61, 0x00, 0x00, 0x03, 0xdf, 0xbd, 0xff, 0xf5,
    0x39, 0xbe, 0xff, 0xff, 0xeb, 0x86, 0x30, 0x3f,
    0xeb, 0x85, 0x8f, 0x40, 0x00, 0x00, 0x01, 0x00,
    0x00, 0x3f, 0x70, 0x00, 0x00, 0x00, 0x00, 0x00,
    0x0f, 0xb0, 0x00, 0x00, 0x00, 0x00, 0x00, 0x0d,
    0xe0, 0x00, 0x00, 0x00, 0x00, 0x00, 0x08, 0xa1,
    0x00, 0x00,

    /* U+30AF "ク" */
    0x00, 0x00, 0x02, 0xc5, 0x00, 0x00, 0x00, 0x00,
    0x00, 0x09, 0xf5, 0x00, 0x00, 0x00, 0x00, 0x00,
    0x3f, 0xf7, 0x77, 0x78, 0x30, 0x00, 0x00, 0xdf,
    0xff, 0xff, 0xff, 0xe0, 0x00, 0x0b, 0xf6, 0x00,
    0x00, 0x4f, 0x90, 0x01, 0xbf, 0x80, 0x00, 0x00,
    0xaf, 0x30, 0x3d, 0xf8, 0x00, 0x00, 0x02, 0xfc,
    0x00, 0x0a, 0x50, 0x00, 0x00, 0x0b, 0xf4, 0x00,
    0x00, 0x00, 0x00, 0x00, 0x7f, 0xa0, 0x00, 0x00,
    0x00, 0x00, 0x06, 0xfd, 0x10, 0x00, 0x00, 0x00,
    0x00, 0x8f, 0xe2, 0x00, 0x00, 0x00, 0x00, 0x4d,
    0xfd, 0x20, 0x00, 0x00, 0x00, 0x7d, 0xff, 0x80,
    0x00, 0x00, 0x00, 0x00, 0x2d, 0x91, 0x00, 0x00,
    0x00, 0x00,

    /* U+30B0 "グ" */
    0x00, 0x00, 0x00, 0x00, 0x00, 0x00, 0x05, 0x30,
    0x00, 0x00, 0x00, 0x65, 0x00, 0x05, 0x96, 0xd0,
    0x00, 0x00, 0x01, 0xfe, 0x00, 0x01, 0xf3, 0xc3,
    0x00, 0x00, 0x09, 0xf8, 0x33, 0x34, 0x93, 0x00,
    0x00, 0x00, 0x4f, 0xff, 0xff, 0xff, 0xf5, 0x00,
    0x00, 0x02, 0xee, 0x43, 0x33, 0x3d, 0xf1, 0x00,
    0x00, 0x3e, 0xf3, 0x00, 0x00, 0x2f, 0xb0, 0x00,
    0x06, 0xff, 0x40, 0x00, 0x00, 0x9f, 0x50, 0x00,
    0x09, 0xd2, 0x00, 0x00, 0x02, 0xfd, 0x00, 0x00,
    0x00, 0x00, 0x00, 0x00, 0x0c, 0xf4, 0x00, 0x00,
    0x00, 0x00, 0x00, 0x00, 0xbf, 0x80, 0x00, 0x00,
    0x00, 0x00, 0x00, 0x1b, 0xfa, 0x00, 0x00, 0x00,
    0x00, 0x00, 0x05, 0xef, 0xa0, 0x00, 0x00, 0x00,
    0x00, 0x17, 0xdf, 0xf6, 0x00, 0x00, 0x00, 0x00,
    0x00, 0x1d, 0xf8, 0x10, 0x00, 0x00, 0x00, 0x00,
    0x00, 0x00, 0x00, 0x00, 0x00, 0x00, 0x00, 0x00,

    /* U+30B1 "ケ" */
    0x00, 0x00, 0x2b, 0x60, 0x00, 0x00, 0x00, 0x00,
    0x00, 0x05, 0xf8, 0x00, 0x00, 0x00, 0x00, 0x00,
    0x00, 0xbf, 0x20, 0x00, 0x00, 0x00, 0x00, 0x00,
    0x2f, 0xfd, 0xdd, 0xdd, 0xdd, 0xd9, 0x00, 0x0b,
    0xfc, 0xcc, 0xcf, 0xec, 0xcc, 0x80, 0x07, 0xfa,
    0x00, 0x02, 0xf8, 0x00, 0x00, 0x05, 0xfe, 0x10,
    0x00, 0x5f, 0x60, 0x00, 0x00, 0x9e, 0x30, 0x00,
    0x09, 0xf3, 0x00, 0x00, 0x00, 0x00, 0x00, 0x00,
    0xee, 0x00, 0x00, 0x00, 0x00, 0x00, 0x00, 0x7f,
    0x80, 0x00, 0x00, 0x00, 0x00, 0x00, 0x3f, 0xe1,
    0x00, 0x00, 0x00, 0x00, 0x00, 0x4f, 0xf5, 0x00,
    0x00, 0x00, 0x00, 0x00, 0x7f, 0xf5, 0x00, 0x00,
    0x00, 0x00, 0x00, 0x00, 0x83, 0x00, 0x00, 0x00,
    0x00,

    /* U+30B2 "ゲ" */
    0x00, 0x00, 0x00, 0x00, 0x00, 0x00, 0x04, 0x20,
    0x00, 0x00, 0x27, 0x30, 0x00, 0x06, 0x88, 0xc0,
    0x00, 0x00, 0x7f, 0x60, 0x00, 0x02, 0xf3, 0xd3,
    0x00, 0x00, 0xcf, 0x10, 0x00, 0x00, 0x73, 0x00,
    0x00, 0x02, 0xfe, 0x99, 0x99, 0x99, 0x99, 0x50,
    0x00, 0x0b, 0xff, 0xff, 0xff, 0xff, 0xff, 0x80,
    0x00, 0x6f, 0xa0, 0x00, 0x4f, 0x70, 0x00, 0x00,
    0x04, 0xfe, 0x10, 0x00, 0x7f, 0x50, 0x00, 0x00,
    0x0d, 0xf3, 0x00, 0x00, 0xaf, 0x20, 0x00, 0x00,
    0x00, 0x20, 0x00, 0x00, 0xfd, 0x00, 0x00, 0x00,
    0x00, 0x00, 0x00, 0x07, 0xf7, 0x00, 0x00, 0x00,
    0x00, 0x00, 0x00, 0x3f, 0xe1, 0x00, 0x00, 0x00,
    0x00, 0x00, 0x03, 0xef, 0x50, 0x00, 0x00, 0x00,
    0x00, 0x00, 0x7f, 0xf7, 0x00, 0x00, 0x00, 0x00,
    0x00, 0x00, 0x3c, 0x50, 0x00, 0x00, 0x00, 0x00,

    /* U+30B3 "コ" */
    0x00, 0x00, 0x00, 0x00, 0x00, 0x00, 0x5f, 0xff,
    0xff, 0xff, 0xff, 0xfb, 0x3a, 0x99, 0x99, 0x99,
    0x99, 0xfb, 0x00, 0x00, 0x00, 0x00, 0x00, 0xfb,
    0x00, 0x00, 0x00, 0x00, 0x00, 0xfb, 0x00, 0x00,
    0x00, 0x00, 0x00, 0xfb, 0x00, 0x00, 0x00, 0x00,
    0x00, 0xfb, 0x00, 0x00, 0x00, 0x00, 0x00, 0xfb,
    0x00, 0x00, 0x00, 0x00, 0x00, 0xfb, 0x11, 0x11,
    0x11, 0x11, 0x11, 0xfb, 0x8f, 0xff, 0xff, 0xff,
    0xff, 0xfb, 0x59, 0x99, 0x99, 0x99, 0x99, 0xfb,
    0x00, 0x00, 0x00, 0x00, 0x00, 0x75,

    /* U+30B5 "サ" */
    0x00, 0x0a, 0xd0, 0x00, 0x0e, 0xc0, 0x00, 0x00,
    0x0b, 0xe0, 0x00, 0x0e, 0xc0, 0x00, 0x00, 0x0b,
    0xe0, 0x00, 0x0e, 0xc0, 0x00, 0x98, 0x8e, 0xf8,
    0x88, 0x8f, 0xe8, 0x87, 0xff, 0xff, 0xff, 0xff,
    0xff, 0xff, 0xfd, 0x00, 0x0b, 0xe0, 0x00, 0x0e,
    0xc0, 0x00, 0x00, 0x0b, 0xe0, 0x00, 0x0e, 0xb0,
    0x00, 0x00, 0x0b, 0xe0, 0x00, 0x0f, 0xa0, 0x00,
    0x00, 0x0c, 0xe0, 0x00, 0x3f, 0x70, 0x00, 0x00,
    0x00, 0x00, 0x00, 0x9f, 0x30, 0x00, 0x00, 0x00,
    0x00, 0x04, 0xfc, 0x00, 0x00, 0x00, 0x00, 0x00,
    0x7f, 0xf2, 0x00, 0x00, 0x00, 0x00, 0x0d, 0xfd,
    0x20, 0x00, 0x00, 0x00, 0x00, 0x02, 0x70, 0x00,
    0x00, 0x00,

    /* U+30B7 "シ" */
    0x00, 0x02, 0x10, 0x00, 0x00, 0x00, 0x00, 0x00,
    0x0c, 0xf6, 0x00, 0x00, 0x00, 0x00, 0x00, 0x04,
    0xdf, 0xc2, 0x00, 0x00, 0x00, 0x00, 0x00, 0x08,
    0xe1, 0x00, 0x00, 0x00, 0x09, 0x30, 0x00, 0x00,
    0x00, 0x00, 0x50, 0x3f, 0xf9, 0x10, 0x00, 0x00,
    0x02, 0xf8, 0x02, 0xbf, 0xc0, 0x00, 0x00, 0x1d,
    0xf4, 0x00, 0x06, 0x40, 0x00, 0x01, 0xcf, 0x70,
    0x00, 0x00, 0x00, 0x00, 0x2d, 0xf8, 0x00, 0x00,
    0x00, 0x00, 0x06, 0xff, 0x70, 0x00, 0x00, 0x00,
    0x05, 0xdf, 0xe4, 0x00, 0x00, 0x01, 0x59, 0xef,
    0xf9, 0x10, 0x00, 0x00, 0x07, 0xff, 0xe8, 0x20,
    0x00, 0x00, 0x00, 0x00, 0x74, 0x00, 0x00, 0x00,
    0x00, 0x00,

    /* U+30B8 "ジ" */
    0x00, 0x02, 0x00, 0x00, 0x00, 0x02, 0xb1, 0x00,
    0x00, 0xdd, 0x30, 0x00, 0x4d, 0x1c, 0x90, 0x00,
    0x07, 0xff, 0x90, 0x00, 0xc8, 0x3d, 0x00, 0x00,
    0x02, 0xcc, 0x00, 0x04, 0x90, 0x00, 0x08, 0x10,
    0x00, 0x10, 0x00, 0x00, 0x40, 0x06, 0xfe, 0x60,
    0x00, 0x00, 0x00, 0x4f, 0x40, 0x05, 0xef, 0x80,
    0x00, 0x00, 0x2e, 0xf2, 0x00, 0x00, 0x92, 0x00,
    0x00, 0x1d, 0xf5, 0x00, 0x00, 0x00, 0x00, 0x00,
    0x3e, 0xf7, 0x00, 0x00, 0x00, 0x00, 0x00, 0x7f,
    0xf6, 0x00, 0x00, 0x00, 0x00, 0x05, 0xdf, 0xe3,
    0x00, 0x00, 0x00, 0x14, 0x9e, 0xff, 0x90, 0x00,
    0x00, 0x00, 0x0b, 0xff, 0xe9, 0x20, 0x00, 0x00,
    0x00, 0x00, 0x29, 0x40, 0x00, 0x00, 0x00, 0x00,
    0x00,

    /* U+30B9 "ス" */
    0x00, 0xa9, 0x99, 0x99, 0x99, 0xa5, 0x00, 0x01,
    0xff, 0xff, 0xff, 0xff, 0xfc, 0x00, 0x00, 0x10,
    0x00, 0x00, 0x0a, 0xf4, 0x00, 0x00, 0x00, 0x00,
    0x00, 0x2f, 0xc0, 0x00, 0x00, 0x00, 0x00, 0x00,
    0xbf, 0x30, 0x00, 0x00, 0x00, 0x00, 0x06, 0xf9,
    0x00, 0x00, 0x00, 0x00, 0x00, 0x4f, 0xf3, 0x00,
    0x00, 0x00, 0x00, 0x04, 0xfe, 0xfe, 0x30, 0x00,
    0x00, 0x00, 0x7f, 0xe2, 0x4f, 0xf3, 0x00, 0x00,
    0x1b, 0xfd, 0x20, 0x05, 0xfe, 0x20, 0x18, 0xff,
    0xa0, 0x00, 0x00, 0x6f, 0xe1, 0x2e, 0xd5, 0x00,
    0x00, 0x00, 0x08, 0xe2, 0x01, 0x00, 0x00, 0x00,
    0x00, 0x00, 0x10,

    /* U+30BA "ズ" */
    0x00, 0x00, 0x00, 0x00, 0x00, 0x00, 0x63, 0x00,
    0x00, 0x00, 0x00, 0x00, 0x09, 0x97, 0xd0, 0x00,
    0x00, 0x00, 0x00, 0x00, 0x4f, 0x3b, 0x20, 0x6f,
    0xff, 0xff, 0xff, 0xff, 0xb1, 0x00, 0x04, 0xa9,
    0x99, 0x99, 0x9f, 0xf3, 0x00, 0x00, 0x00, 0x00,
    0x00, 0x02, 0xfc, 0x00, 0x00, 0x00, 0x00, 0x00,
    0x00, 0xaf, 0x30, 0x00, 0x00, 0x00, 0x00, 0x00,
    0x4f, 0xa0, 0x00, 0x00, 0x00, 0x00, 0x00, 0x2e,
    0xe1, 0x00, 0x00, 0x00, 0x00, 0x00, 0x1d, 0xff,
    0x40, 0x00, 0x00, 0x00, 0x00, 0x2e, 0xf8, 0xff,
    0x40, 0x00, 0x00, 0x00, 0x6f, 0xf4, 0x03, 0xff,
    0x40, 0x00, 0x02, 0xbf, 0xe3, 0x00, 0x04, 0xff,
    0x30, 0x08, 0xff, 0xa1, 0x00, 0x00, 0x05, 0xfe,
    0x00, 0x1a, 0x40, 0x00, 0x00, 0x00, 0x07, 0x40,
    0x00,

    /* U+30BB "セ" */
    0x00, 0x01, 0xfa, 0x00, 0x00, 0x00, 0x00, 0x00,
    0x01, 0xf9, 0x00, 0x00, 0x00, 0x00, 0x00, 0x01,
    0xf9, 0x00, 0x00, 0x01, 0x30, 0x00, 0x01, 0xf9,
    0x14, 0x7a, 0xef, 0xf5, 0x02, 0x58, 0xff, 0xff,
    0xfd, 0xaf, 0xe1, 0xdf, 0xff, 0xfd, 0x84, 0x10,
    0x6f, 0x60, 0x89, 0x53, 0xf9, 0x00, 0x02, 0xfc,
    0x00, 0x00, 0x01, 0xf9, 0x00, 0x0d, 0xf2, 0x00,
    0x00, 0x01, 0xf9, 0x00, 0x3d, 0x50, 0x00, 0x00,
    0x01, 0xf9, 0x00, 0x00, 0x00, 0x00, 0x00, 0x01,
    0xf9, 0x00, 0x00, 0x00, 0x00, 0x00, 0x00, 0xfe,
    0x31, 0x12, 0x35, 0x60, 0x00, 0x00, 0x9f, 0xff,
    0xff, 0xff, 0xc0, 0x00, 0x00, 0x03, 0x67, 0x77,
    0x64, 0x20,

    /* U+30BF "タ" */
    0x00, 0x00, 0x00, 0x10, 0x00, 0x00, 0x00, 0x00,
    0x00, 0x04, 0xf8, 0x00, 0x00, 0x00, 0x00, 0x00,
    0x0d, 0xf1, 0x00, 0x00, 0x00, 0x00, 0x00, 0x7f,
    0xff, 0xff, 0xff, 0xb0, 0x00, 0x03, 0xfc, 0x77,
    0x77, 0x9f, 0xc0, 0x00, 0x2e, 0xe1, 0x00, 0x00,
    0x7f, 0x60, 0x04, 0xee, 0x33, 0x10, 0x00, 0xef,
    0x00, 0x6f, 0xe2, 0x1f, 0xf6, 0x07, 0xf7, 0x00,
    0x07, 0x10, 0x03, 0xdf, 0xbf, 0xd0, 0x00, 0x00,
    0x00, 0x00, 0x0a, 0xff, 0x80, 0x00, 0x00, 0x00,
    0x00, 0x1d, 0xff, 0xf9, 0x00, 0x00, 0x00, 0x04,
    0xef, 0x72, 0xd8, 0x00, 0x00, 0x02, 0xaf, 0xf5,
    0x00, 0x10, 0x00, 0x00, 0xbf, 0xfb, 0x20, 0x00,
    0x00, 0x00, 0x00, 0x39, 0x30, 0x00, 0x00, 0x00,
    0x00,

    /* U+30C0 "ダ" */
    0x00, 0x00, 0x00, 0x00, 0x00, 0x00, 0x05, 0x40,
    0x00, 0x00, 0x00, 0x67, 0x10, 0x06, 0xa6, 0xd0,
    0x00, 0x00, 0x01, 0xfd, 0x00, 0x01, 0xf4, 0xb3,
    0x00, 0x00, 0x09, 0xfb, 0x77, 0x78, 0xd4, 0x00,
    0x00, 0x00, 0x4f, 0xff, 0xff, 0xff, 0xf8, 0x00,
    0x00, 0x02, 0xfe, 0x10, 0x00, 0x0b, 0xf2, 0x00,
    0x00, 0x2e, 0xe2, 0x00, 0x00, 0x2f, 0xc0, 0x00,
    0x05, 0xfe, 0x34, 0xd4, 0x00, 0x9f, 0x40, 0x00,
    0x0a, 0xd2, 0x04, 0xef, 0x94, 0xfc, 0x00, 0x00,
    0x00, 0x00, 0x00, 0x1b, 0xff, 0xf2, 0x00, 0x00,
    0x00, 0x00, 0x00, 0x01, 0xef, 0xf8, 0x00, 0x00,
    0x00, 0x00, 0x00, 0x2d, 0xf9, 0xef, 0x50, 0x00,
    0x00, 0x00, 0x06, 0xff, 0x70, 0x17, 0x00, 0x00,
    0x00, 0x16, 0xdf, 0xe4, 0x00, 0x00, 0x00, 0x00,
    0x00, 0x3e, 0xe7, 0x00, 0x00, 0x00, 0x00, 0x00,
    0x00, 0x01, 0x00, 0x00, 0x00, 0x00, 0x00, 0x00,

    /* U+30C1 "チ" */
    0x00, 0x00, 0x00, 0x00, 0x00, 0x41, 0x00, 0x01,
    0x44, 0x56, 0x79, 0xcf, 0xfb, 0x00, 0x04, 0xff,
    0xff, 0xff, 0xb8, 0x41, 0x00, 0x00, 0x22, 0x10,
    0x9f, 0x10, 0x00, 0x00, 0x00, 0x00, 0x00, 0x9f,
    0x10, 0x00, 0x00, 0x57, 0x77, 0x77, 0xcf, 0x87,
    0x77, 0x75, 0xbf, 0xff, 0xff, 0xff, 0xff, 0xff,
    0xfa, 0x00, 0x00, 0x00, 0xbf, 0x00, 0x00, 0x00,
    0x00, 0x00, 0x00, 0xed, 0x00, 0x00, 0x00, 0x00,
    0x00, 0x04, 0xf8, 0x00, 0x00, 0x00, 0x00, 0x00,
    0x0d, 0xf2, 0x00, 0x00, 0x00, 0x00, 0x01, 0xcf,
    0x70, 0x00, 0x00, 0x00, 0x00, 0x4f, 0xf8, 0x00,
    0x00, 0x00, 0x00, 0x00, 0x06, 0x40, 0x00, 0x00,
    0x00, 0x00,

    /* U+30C3 "ッ" */
    0x00, 0x00, 0x03, 0x00, 0x00, 0x00, 0x04, 0x20,
    0x6f, 0x30, 0x01, 0xb4, 0x2f, 0x90, 0x1f, 0x90,
    0x04, 0xf7, 0x0b, 0xf0, 0x0b, 0xe0, 0x08, 0xf2,
    0x05, 0xf6, 0x04, 0x50, 0x0e, 0xd0, 0x00, 0x82,
    0x00, 0x00, 0x6f, 0x60, 0x00, 0x00, 0x00, 0x02,
    0xfd, 0x00, 0x00, 0x00, 0x00, 0x2e, 0xf2, 0x00,
    0x00, 0x00, 0x06, 0xff, 0x40, 0x00, 0x00, 0x05,
    0xcf, 0xe3, 0x00, 0x00, 0x00, 0x1d, 0xf9, 0x00,
    0x00, 0x00, 0x00, 0x01, 0x10, 0x00, 0x00, 0x00,

    /* U+30C6 "テ" */
    0x00, 0x00, 0x00, 0x00, 0x00, 0x00, 0x00, 0x00,
    0xaf, 0xff, 0xff, 0xff, 0xff, 0x00, 0x00, 0x58,
    0x88, 0x88, 0x88, 0x88, 0x00, 0x00, 0x00, 0x00,
    0x00, 0x00, 0x00, 0x00, 0x00, 0x00, 0x00, 0x00,
    0x00, 0x00, 0x00, 0x7c, 0xcc, 0xcc, 0xcc, 0xcc,
    0xcc, 0xc9, 0x6c, 0xcc, 0xcc, 0xdf, 0xdc, 0xcc,
    0xc9, 0x00, 0x00, 0x00, 0x8f, 0x30, 0x00, 0x00,
    0x00, 0x00, 0x00, 0xaf, 0x10, 0x00, 0x00, 0x00,
    0x00, 0x00, 0xed, 0x00, 0x00, 0x00, 0x00, 0x00,
    0x06, 0xf8, 0x00, 0x00, 0x00, 0x00, 0x00, 0x4f,
    0xe1, 0x00, 0x00, 0x00, 0x00, 0x08, 0xfe, 0x20,
    0x00, 0x00, 0x00, 0x00, 0x09, 0xc2, 0x00, 0x00,
    0x00, 0x00,

    /* U+30C7 "デ" */
    0x00, 0x00, 0x00, 0x00, 0x00, 0x01, 0x5a, 0x00,
    0x00, 0x00, 0x00, 0x00, 0x03, 0xf2, 0xe4, 0x00,
    0xef, 0xff, 0xff, 0xff, 0xaa, 0xa5, 0x40, 0x08,
    0x99, 0x99, 0x99, 0x96, 0x12, 0x00, 0x00, 0x00,
    0x00, 0x00, 0x00, 0x00, 0x00, 0x00, 0x00, 0x00,
    0x00, 0x00, 0x00, 0x00, 0x00, 0x9b, 0xbb, 0xbb,
    0xbb, 0xbb, 0xbb, 0xb6, 0x09, 0xdd, 0xdd, 0xdf,
    0xfd, 0xdd, 0xdd, 0x70, 0x00, 0x00, 0x00, 0xcf,
    0x00, 0x00, 0x00, 0x00, 0x00, 0x00, 0x0e, 0xd0,
    0x00, 0x00, 0x00, 0x00, 0x00, 0x02, 0xf9, 0x00,
    0x00, 0x00, 0x00, 0x00, 0x00, 0xaf, 0x40, 0x00,
    0x00, 0x00, 0x00, 0x00, 0x7f, 0xb0, 0x00, 0x00,
    0x00, 0x00, 0x02, 0xaf, 0xd1, 0x00, 0x00, 0x00,
    0x00, 0x00, 0x2c, 0xa1, 0x00, 0x00, 0x00, 0x00,
    0x00, 0x00, 0x00, 0x00, 0x00, 0x00, 0x00, 0x00,

    /* U+30C8 "ト" */
    0xdf, 0x00, 0x00, 0x00, 0x0c, 0xf0, 0x00, 0x00,
    0x00, 0xcf, 0x00, 0x00, 0x00, 0x0c, 0xf0, 0x00,
    0x00, 0x00, 0xcf, 0x83, 0x00, 0x00, 0x0c, 0xff,
    0xfd, 0x81, 0x00, 0xcf, 0x4a, 0xff, 0xfb, 0x3c,
    0xf0, 0x00, 0x7d, 0xf7, 0xcf, 0x00, 0x00, 0x05,
    0x1c, 0xf0, 0x00, 0x00, 0x00, 0xcf, 0x00, 0x00,
    0x00, 0x0c, 0xf0, 0x00, 0x00, 0x00, 0xdf, 0x00,
    0x00, 0x00, 0x01, 0x10, 0x00, 0x00, 0x00,

    /* U+30C9 "ド" */
    0x02, 0x10, 0x00, 0x00, 0x20, 0x05, 0xf8, 0x00,
    0x05, 0x2f, 0x40, 0x4f, 0x70, 0x01, 0xf5, 0x7d,
    0x04, 0xf7, 0x00, 0x07, 0xe0, 0x50, 0x4f, 0x70,
    0x00, 0x02, 0x00, 0x04, 0xfe, 0x82, 0x00, 0x00,
    0x00, 0x4f, 0xff, 0xfd, 0x71, 0x00, 0x04, 0xf7,
    0x5b, 0xff, 0xf9, 0x00, 0x4f, 0x70, 0x01, 0x8e,
    0xd0, 0x04, 0xf7, 0x00, 0x00, 0x03, 0x00, 0x4f,
    0x70, 0x00, 0x00, 0x00, 0x04, 0xf7, 0x00, 0x00,
    0x00, 0x00, 0x4f, 0x70, 0x00, 0x00, 0x00, 0x05,
    0xf8, 0x00, 0x00, 0x00, 0x00,

    /* U+30CA "ナ" */
    0x00, 0x00, 0x00, 0xbf, 0x20, 0x00, 0x00, 0x00,
    0x00, 0x00, 0xaf, 0x10, 0x00, 0x00, 0x00, 0x00,
    0x00, 0xaf, 0x10, 0x00, 0x00, 0x00, 0x00, 0x00,
    0xaf, 0x10, 0x00, 0x00, 0xbf, 0xff, 0xff, 0xff,
    0xff, 0xff, 0xf9, 0x8a, 0xaa, 0xaa, 0xef, 0xaa,
    0xaa, 0xa6, 0x00, 0x00, 0x00, 0xbf, 0x00, 0x00,
    0x00, 0x00, 0x00, 0x00, 0xee, 0x00, 0x00, 0x00,
    0x00, 0x00, 0x03, 0xfa, 0x00, 0x00, 0x00, 0x00,
    0x00, 0x0a, 0xf4, 0x00, 0x00, 0x00, 0x00, 0x00,
    0x6f, 0xc0, 0x00, 0x00, 0x00, 0x00, 0x07, 0xfe,
    0x20, 0x00, 0x00, 0x00, 0x00, 0x9f, 0xe3, 0x00,
    0x00, 0x00, 0x00, 0x00, 0x06, 0x10, 0x00, 0x00,
    0x00, 0x00,

    /* U+30CB "ニ" */
    0x04, 0xba, 0xaa, 0xaa, 0xaa, 0xa8, 0x00, 0x06,
    0xff, 0xff, 0xff, 0xff, 0xfb, 0x00, 0x00, 0x00,
    0x00, 0x00, 0x00, 0x00, 0x00, 0x00, 0x00, 0x00,
    0x00, 0x00, 0x00, 0x00, 0x00, 0x00, 0x00, 0x00,
    0x00, 0x00, 0x00, 0x00, 0x00, 0x00, 0x00, 0x00,
    0x00, 0x00, 0x00, 0x00, 0x00, 0x00, 0x00, 0x00,
    0x00, 0x00, 0x00, 0x00, 0x00, 0x00, 0x00, 0x00,
    0x9c, 0xcc, 0xcc, 0xcc, 0xcc, 0xcc, 0xc1, 0xcf,
    0xff, 0xff, 0xff, 0xff, 0xff, 0xf1, 0x00, 0x00,
    0x00, 0x00, 0x00, 0x00, 0x00,

    /* U+30CD "ネ" */
    0x00, 0x00, 0x00, 0xbf, 0x00, 0x00, 0x00, 0x00,
    0x00, 0x00, 0x0b, 0xe0, 0x00, 0x00, 0x00, 0x08,
    0xbb, 0xbb, 0xef, 0xbb, 0xba, 0x00, 0x00, 0x9c,
    0xcc, 0xcc, 0xcc, 0xef, 0xf2, 0x00, 0x00, 0x00,
    0x00, 0x00, 0x1e, 0xf4, 0x00, 0x00, 0x00, 0x00,
    0x00, 0x3e, 0xf4, 0x00, 0x00, 0x00, 0x00, 0x00,
    0x7f, 0xe4, 0x00, 0x00, 0x00, 0x00, 0x05, 0xdf,
    0xf2, 0x2a, 0x20, 0x00, 0x03, 0x8e, 0xfe, 0xee,
    0x07, 0xff, 0x80, 0x09, 0xff, 0xd6, 0x0b, 0xe0,
    0x02, 0xcf, 0xc0, 0x18, 0x30, 0x00, 0xbe, 0x00,
    0x00, 0x74, 0x00, 0x00, 0x00, 0x0b, 0xe0, 0x00,
    0x00, 0x00, 0x00, 0x00, 0x00, 0xce, 0x00, 0x00,
    0x00, 0x00, 0x00, 0x00, 0x07, 0x90, 0x00, 0x00,
    0x00,

    /* U+30D0 "バ" */
    0x00, 0x00, 0x00, 0x00, 0x00, 0x00, 0x00, 0x10,
    0x00, 0x00, 0x00, 0x00, 0x00, 0x03, 0x49, 0xa0,
    0x00, 0x00, 0x00, 0x00, 0x00, 0x04, 0xf2, 0xf3,
    0x00, 0x00, 0x2b, 0x50, 0x0b, 0xc0, 0xa5, 0x20,
    0x00, 0x00, 0x5f, 0x60, 0x09, 0xf5, 0x00, 0x00,
    0x00, 0x00, 0x9f, 0x30, 0x02, 0xfc, 0x00, 0x00,
    0x00, 0x00, 0xdf, 0x00, 0x00, 0xaf, 0x30, 0x00,
    0x00, 0x01, 0xfa, 0x00, 0x00, 0x4f, 0xa0, 0x00,
    0x00, 0x07, 0xf6, 0x00, 0x00, 0x0d, 0xf1, 0x00,
    0x00, 0x0d, 0xf1, 0x00, 0x00, 0x07, 0xf6, 0x00,
    0x00, 0x5f, 0xa0, 0x00, 0x00, 0x02, 0xfc, 0x00,
    0x00, 0xdf, 0x20, 0x00, 0x00, 0x00, 0xdf, 0x10,
    0x07, 0xfa, 0x00, 0x00, 0x00, 0x00, 0x8f, 0x70,
    0x0c, 0xf1, 0x00, 0x00, 0x00, 0x00, 0x3f, 0x70,
    0x00, 0x10, 0x00, 0x00, 0x00, 0x00, 0x00, 0x00,

    /* U+30D3 "ビ" */
    0x00, 0x00, 0x00, 0x00, 0x00, 0x02, 0x00, 0x01,
    0x10, 0x00, 0x00, 0x07, 0x2e, 0x40, 0x0f, 0xc0,
    0x00, 0x00, 0x0a, 0x96, 0xc0, 0x0f, 0xb0, 0x00,
    0x00, 0x01, 0xc1, 0x10, 0x0f, 0xb0, 0x00, 0x00,
    0x19, 0x40, 0x00, 0x0f, 0xb0, 0x00, 0x5b, 0xff,
    0x90, 0x00, 0x0f, 0xd7, 0xbf, 0xff, 0xa4, 0x00,
    0x00, 0x0f, 0xff, 0xe9, 0x40, 0x00, 0x00, 0x00,
    0x0f, 0xd3, 0x00, 0x00, 0x00, 0x00, 0x00, 0x0f,
    0xb0, 0x00, 0x00, 0x00, 0x00, 0x00, 0x0f, 0xb0,
    0x00, 0x00, 0x00, 0x00, 0x00, 0x0f, 0xb0, 0x00,
    0x00, 0x00, 0x00, 0x00, 0x0e, 0xe5, 0x21, 0x12,
    0x35, 0x73, 0x00, 0x07, 0xff, 0xff, 0xff, 0xff,
    0xf5, 0x00, 0x00, 0x36, 0x88, 0x87, 0x76, 0x41,
    0x00,

    /* U+30D5 "フ" */
    0x79, 0x88, 0x88, 0x88, 0x88, 0x92, 0xcf, 0xff,
    0xff, 0xff, 0xff, 0xfd, 0x10, 0x00, 0x00, 0x00,
    0x05, 0xf9, 0x00, 0x00, 0x00, 0x00, 0x08, 0xf5,
    0x00, 0x00, 0x00, 0x00, 0x0d, 0xf0, 0x00, 0x00,
    0x00, 0x00, 0x4f, 0xa0, 0x00, 0x00, 0x00, 0x00,
    0xdf, 0x20, 0x00, 0x00, 0x00, 0x0a, 0xf9, 0x00,
    0x00, 0x00, 0x00, 0xaf, 0xc0, 0x00, 0x00, 0x00,
    0x4d, 0xfc, 0x10, 0x00, 0x01, 0x7d, 0xff, 0x90,
    0x00, 0x00, 0x00, 0xcf, 0xa3, 0x00, 0x00, 0x00,
    0x00, 0x01, 0x00, 0x00, 0x00, 0x00,

    /* U+30D6 "ブ" */
    0x00, 0x00, 0x00, 0x00, 0x00, 0x00, 0x44, 0x00,
    0x00, 0x00, 0x00, 0x00, 0x0b, 0x86, 0xe0, 0x00,
    0x00, 0x00, 0x00, 0x00, 0x3f, 0x2b, 0x41, 0xff,
    0xff, 0xff, 0xff, 0xff, 0xf4, 0x00, 0x1b, 0xaa,
    0xaa, 0xaa, 0xaa, 0xdf, 0x60, 0x00, 0x00, 0x00,
    0x00, 0x00, 0x0a, 0xf2, 0x00, 0x00, 0x00, 0x00,
    0x00, 0x00, 0xfe, 0x00, 0x00, 0x00, 0x00, 0x00,
    0x00, 0x5f, 0x80, 0x00, 0x00, 0x00, 0x00, 0x00,
    0x0c, 0xf2, 0x00, 0x00, 0x00, 0x00, 0x00, 0x07,
    0xfa, 0x00, 0x00, 0x00, 0x00, 0x00, 0x05, 0xfe,
    0x10, 0x00, 0x00, 0x00, 0x00, 0x08, 0xfe, 0x30,
    0x00, 0x00, 0x00, 0x00, 0x5d, 0xfe, 0x20, 0x00,
    0x00, 0x00, 0x06, 0xff, 0xf9, 0x10, 0x00, 0x00,
    0x00, 0x00, 0x0a, 0x92, 0x00, 0x00, 0x00, 0x00,
    0x00,

    /* U+30D7 "プ" */
    0x00, 0x00, 0x00, 0x00, 0x00, 0x04, 0xdc, 0x10,
    0x00, 0x00, 0x00, 0x00, 0x00, 0xc1, 0x59, 0x00,
    0x00, 0x00, 0x00, 0x00, 0x0d, 0x02, 0xb1, 0xff,
    0xff, 0xff, 0xff, 0xff, 0xf9, 0xb5, 0x1b, 0xaa,
    0xaa, 0xaa, 0xaa, 0xdf, 0xa4, 0x00, 0x00, 0x00,
    0x00, 0x00, 0x0a, 0xf2, 0x00, 0x00, 0x00, 0x00,
    0x00, 0x00, 0xee, 0x00, 0x00, 0x00, 0x00, 0x00,
    0x00, 0x5f, 0x80, 0x00, 0x00, 0x00, 0x00, 0x00,
    0x0c, 0xf2, 0x00, 0x00, 0x00, 0x00, 0x00, 0x07,
    0xfa, 0x00, 0x00, 0x00, 0x00, 0x00, 0x05, 0xfe,
    0x10, 0x00, 0x00, 0x00, 0x00, 0x07, 0xfe, 0x30,
    0x00, 0x00, 0x00, 0x00, 0x5d, 0xfe, 0x30, 0x00,
    0x00, 0x00, 0x05, 0xff, 0xf9, 0x10, 0x00, 0x00,
    0x00, 0x00, 0x0a, 0x92, 0x00, 0x00, 0x00, 0x00,
    0x00,

    /* U+30D8 "ヘ" */
    0x00, 0x00, 0x00, 0x41, 0x00, 0x00, 0x00, 0x00,
    0x00, 0x00, 0x0b, 0xfe, 0x30, 0x00, 0x00, 0x00,
    0x00, 0x00, 0x9f, 0xcf, 0xf4, 0x00, 0x00, 0x00,
    0x00, 0x06, 0xfb, 0x03, 0xff, 0x30, 0x00, 0x00,
    0x00, 0x4f, 0xd0, 0x00, 0x3f, 0xf3, 0x00, 0x00,
    0x04, 0xff, 0x30, 0x00, 0x04, 0xfe, 0x20, 0x00,
    0x0d, 0xf6, 0x00, 0x00, 0x00, 0x6f, 0xe1, 0x00,
    0x02, 0x80, 0x00, 0x00, 0x00, 0x09, 0xfd, 0x10,
    0x00, 0x00, 0x00, 0x00, 0x00, 0x00, 0xbf, 0xc0,
    0x00, 0x00, 0x00, 0x00, 0x00, 0x00, 0x0d, 0xb0,
    0x00, 0x00, 0x00, 0x00, 0x00, 0x00, 0x01, 0x00,

    /* U+30DE "マ" */
    0x00, 0x00, 0x00, 0x00, 0x00, 0x00, 0x10, 0x07,
    0xff, 0xff, 0xff, 0xff, 0xff, 0xff, 0x80, 0x49,
    0x99, 0x99, 0x99, 0x99, 0x9f, 0xf8, 0x00, 0x00,
    0x00, 0x00, 0x00, 0x05, 0xfd, 0x00, 0x00, 0x00,
    0x00, 0x00, 0x02, 0xff, 0x20, 0x00, 0x00, 0x63,
    0x00, 0x01, 0xdf, 0x50, 0x00, 0x00, 0x3f, 0xf5,
    0x01, 0xdf, 0x70, 0x00, 0x00, 0x00, 0x3e, 0xf8,
    0xef, 0x70, 0x00, 0x00, 0x00, 0x00, 0x2d, 0xff,
    0x60, 0x00, 0x00, 0x00, 0x00, 0x00, 0x1d, 0xf8,
    0x00, 0x00, 0x00, 0x00, 0x00, 0x00, 0x1d, 0xf8,
    0x00, 0x00, 0x00, 0x00, 0x00, 0x00, 0x2e, 0xf4,
    0x00, 0x00, 0x00, 0x00, 0x00, 0x00, 0x38, 0x00,
    0x00, 0x00,

    /* U+30E0 "ム" */
    0x00, 0x00, 0x02, 0x30, 0x00, 0x00, 0x00, 0x00,
    0x00, 0x00, 0x9f, 0x60, 0x00, 0x00, 0x00, 0x00,
    0x00, 0x0d, 0xf0, 0x00, 0x00, 0x00, 0x00, 0x00,
    0x02, 0xfb, 0x00, 0x00, 0x00, 0x00, 0x00, 0x00,
    0x7f, 0x60, 0x00, 0x00, 0x00, 0x00, 0x00, 0x0c,
    0xf1, 0x00, 0x00, 0x00, 0x00, 0x00, 0x01, 0xfb,
    0x00, 0x04, 0x70, 0x00, 0x00, 0x00, 0x6f, 0x60,
    0x00, 0x9f, 0x40, 0x00, 0x00, 0x0c, 0xf1, 0x00,
    0x01, 0xfd, 0x00, 0x00, 0x01, 0xfb, 0x00, 0x00,
    0x07, 0xf7, 0x00, 0x00, 0x7f, 0x85, 0x68, 0xac,
    0xef, 0xe0, 0x0c, 0xff, 0xff, 0xff, 0xff, 0xdb,
    0xcf, 0x70, 0x9b, 0x98, 0x64, 0x31, 0x00, 0x01,
    0xfe, 0x00, 0x00, 0x00, 0x00, 0x00, 0x00, 0x06,
    0x20,

    /* U+30E1 "メ" */
    0x00, 0x00, 0x00, 0x00, 0x00, 0x20, 0x00, 0x00,
    0x00, 0x00, 0x00, 0x00, 0xee, 0x00, 0x00, 0x00,
    0x00, 0x00, 0x03, 0xfa, 0x00, 0x00, 0x0b, 0x50,
    0x00, 0x0a, 0xf3, 0x00, 0x00, 0x3e, 0xfa, 0x10,
    0x1f, 0xc0, 0x00, 0x00, 0x01, 0xaf, 0xe4, 0xaf,
    0x40, 0x00, 0x00, 0x00, 0x05, 0xff, 0xfb, 0x00,
    0x00, 0x00, 0x00, 0x00, 0x5f, 0xfb, 0x00, 0x00,
    0x00, 0x00, 0x01, 0xef, 0xdf, 0xc1, 0x00, 0x00,
    0x00, 0x2d, 0xf6, 0x0a, 0xfd, 0x10, 0x00, 0x04,
    0xef, 0x60, 0x00, 0xaf, 0xd0, 0x01, 0x9f, 0xf5,
    0x00, 0x00, 0x0a, 0x80, 0x0d, 0xfc, 0x20, 0x00,
    0x00, 0x00, 0x00, 0x02, 0x60, 0x00, 0x00, 0x00,
    0x00, 0x00,

    /* U+30E2 "モ" */
    0x01, 0x88, 0x88, 0x88, 0x88, 0x88, 0x30, 0x02,
    0xff, 0xff, 0xff, 0xff, 0xff, 0x50, 0x00, 0x00,
    0x0b, 0xf0, 0x00, 0x00, 0x00, 0x00, 0x00, 0x0b,
    0xf0, 0x00, 0x00, 0x00, 0x00, 0x00, 0x0b, 0xf0,
    0x00, 0x00, 0x00, 0x3f, 0xff, 0xff, 0xff, 0xff,
    0xff, 0xf8, 0x29, 0x99, 0x9e, 0xf9, 0x99, 0x99,
    0x95, 0x00, 0x00, 0x0b, 0xf0, 0x00, 0x00, 0x00,
    0x00, 0x00, 0x0b, 0xf0, 0x00, 0x00, 0x00, 0x00,
    0x00, 0x0b, 0xf0, 0x00, 0x00, 0x00, 0x00, 0x00,
    0x0b, 0xf6, 0x00, 0x11, 0x30, 0x00, 0x00, 0x05,
    0xff, 0xff, 0xff, 0xf0, 0x00, 0x00, 0x00, 0x38,
    0x99, 0x98, 0x70,

    /* U+30E3 "ャ" */
    0x00, 0x3c, 0x50, 0x00, 0x00, 0x00, 0x00, 0x0f,
    0x90, 0x00, 0x00, 0x31, 0x00, 0x0b, 0xe3, 0x69,
    0xcf, 0xfb, 0x37, 0xae, 0xff, 0xfc, 0x9b, 0xf4,
    0x8f, 0xda, 0xf8, 0x00, 0x2f, 0xa0, 0x10, 0x00,
    0xeb, 0x01, 0xdd, 0x00, 0x00, 0x00, 0xaf, 0x07,
    0xf2, 0x00, 0x00, 0x00, 0x6f, 0x40, 0x00, 0x00,
    0x00, 0x00, 0x2f, 0x80, 0x00, 0x00, 0x00, 0x00,
    0x0d, 0xd0, 0x00, 0x00, 0x00, 0x00, 0x09, 0xf2,
    0x00, 0x00, 0x00, 0x00, 0x03, 0x50, 0x00, 0x00,

    /* U+30E5 "ュ" */
    0x00, 0x10, 0x00, 0x00, 0x10, 0x00, 0x00, 0xff,
    0xff, 0xff, 0xfd, 0x00, 0x00, 0x87, 0x77, 0x77,
    0xee, 0x00, 0x00, 0x00, 0x00, 0x00, 0xfc, 0x00,
    0x00, 0x00, 0x00, 0x01, 0xf9, 0x00, 0x00, 0x00,
    0x00, 0x03, 0xf7, 0x00, 0x00, 0x00, 0x00, 0x06,
    0xf5, 0x00, 0x49, 0x88, 0x88, 0x8c, 0xfa, 0x88,
    0x8f, 0xff, 0xff, 0xff, 0xff, 0xfe, 0x00, 0x00,
    0x00, 0x00, 0x00, 0x00,

    /* U+30E7 "ョ" */
    0x6f, 0xff, 0xff, 0xff, 0xf8, 0x38, 0x88, 0x88,
    0x88, 0xf9, 0x00, 0x00, 0x00, 0x00, 0xf9, 0x01,
    0x11, 0x11, 0x11, 0xf9, 0x0f, 0xff, 0xff, 0xff,
    0xf9, 0x06, 0x66, 0x66, 0x66, 0xf9, 0x00, 0x00,
    0x00, 0x00, 0xf9, 0x00, 0x00, 0x00, 0x00, 0xf9,
    0x9f, 0xff, 0xff, 0xff, 0xf9, 0x47, 0x77, 0x77,
    0x77, 0xf9,

    /* U+30E9 "ラ" */
    0x00, 0x00, 0x00, 0x00, 0x00, 0x00, 0x00, 0x5f,
    0xff, 0xff, 0xff, 0xff, 0x00, 0x03, 0x88, 0x88,
    0x88, 0x88, 0x80, 0x00, 0x00, 0x00, 0x00, 0x00,
    0x00, 0x00, 0x10, 0x00, 0x00, 0x00, 0x00, 0x10,
    0x0d, 0xff, 0xff, 0xff, 0xff, 0xff, 0xe1, 0x67,
    0x77, 0x77, 0x77, 0x77, 0xfd, 0x00, 0x00, 0x00,
    0x00, 0x00, 0x5f, 0x70, 0x00, 0x00, 0x00, 0x00,
    0x0d, 0xf1, 0x00, 0x00, 0x00, 0x00, 0x0a, 0xf6,
    0x00, 0x00, 0x00, 0x00, 0x1a, 0xfa, 0x00, 0x00,
    0x00, 0x00, 0x7e, 0xf9, 0x00, 0x00, 0x00, 0x1b,
    0xff, 0xe5, 0x00, 0x00, 0x00, 0x00, 0x7c, 0x60,
    0x00, 0x00, 0x00,

    /* U+30EA "リ" */
    0x00, 0x00, 0x00, 0x00, 0x00, 0xae, 0x10, 0x00,
    0x01, 0xfb, 0xbf, 0x00, 0x00, 0x01, 0xfa, 0xbf,
    0x00, 0x00, 0x01, 0xfa, 0xbf, 0x00, 0x00, 0x01,
    0xfa, 0xbf, 0x00, 0x00, 0x01, 0xfa, 0xbf, 0x00,
    0x00, 0x01, 0xfa, 0xbf, 0x00, 0x00, 0x03, 0xf9,
    0xae, 0x10, 0x00, 0x05, 0xf7, 0x00, 0x00, 0x00,
    0x0c, 0xf2, 0x00, 0x00, 0x00, 0x7f, 0xb0, 0x00,
    0x00, 0x1a, 0xfe, 0x10, 0x00, 0x2b, 0xff, 0xc1,
    0x00, 0x00, 0x08, 0xc5, 0x00, 0x00,

    /* U+30EB "ル" */
    0x00, 0x00, 0x10, 0x00, 0x11, 0x00, 0x00, 0x00,
    0x00, 0x00, 0xfc, 0x00, 0xaf, 0x00, 0x00, 0x00,
    0x00, 0x00, 0xec, 0x00, 0xaf, 0x00, 0x00, 0x00,
    0x00, 0x00, 0xeb, 0x00, 0xaf, 0x00, 0x00, 0x00,
    0x00, 0x00, 0xeb, 0x00, 0xaf, 0x00, 0x00, 0x00,
    0x00, 0x00, 0xfa, 0x00, 0xaf, 0x00, 0x00, 0x00,
    0x00, 0x00, 0xf9, 0x00, 0xaf, 0x00, 0x00, 0x00,
    0x00, 0x02, 0xf8, 0x00, 0xaf, 0x00, 0x00, 0x50,
    0x00, 0x05, 0xf5, 0x00, 0xaf, 0x00, 0x09, 0xf2,
    0x00, 0x0b, 0xf1, 0x00, 0xaf, 0x00, 0x9f, 0xa0,
    0x00, 0x4f, 0xb0, 0x00, 0xaf, 0x4d, 0xfa, 0x00,
    0x01, 0xef, 0x20, 0x00, 0xaf, 0xff, 0x70, 0x00,
    0x0c, 0xf6, 0x00, 0x00, 0xaf, 0xc3, 0x00, 0x00,
    0x00, 0x50, 0x00, 0x00, 0x05, 0x00, 0x00, 0x00,

    /* U+30EC "レ" */
    0x00, 0x00, 0x00, 0x00, 0x00, 0x00, 0xbf, 0x20,
    0x00, 0x00, 0x00, 0x00, 0xaf, 0x10, 0x00, 0x00,
    0x00, 0x00, 0xaf, 0x10, 0x00, 0x00, 0x00, 0x00,
    0xaf, 0x10, 0x00, 0x00, 0x00, 0x00, 0xaf, 0x10,
    0x00, 0x00, 0x00, 0x00, 0xaf, 0x10, 0x00, 0x00,
    0x00, 0xb0, 0xaf, 0x10, 0x00, 0x00, 0x1c, 0xf4,
    0xaf, 0x10, 0x00, 0x04, 0xef, 0x70, 0xaf, 0x10,
    0x01, 0x9f, 0xf5, 0x00, 0xaf, 0x12, 0x8f, 0xfb,
    0x20, 0x00, 0xaf, 0xdf, 0xfd, 0x50, 0x00, 0x00,
    0x9f, 0xfa, 0x40, 0x00, 0x00, 0x00, 0x04, 0x00,
    0x00, 0x00, 0x00, 0x00,

    /* U+30ED "ロ" */
    0x00, 0x00, 0x00, 0x00, 0x00, 0x00, 0xcf, 0xff,
    0xff, 0xff, 0xff, 0xfe, 0xcf, 0x99, 0x99, 0x99,
    0x99, 0xee, 0xce, 0x00, 0x00, 0x00, 0x00, 0xde,
    0xce, 0x00, 0x00, 0x00, 0x00, 0xde, 0xce, 0x00,
    0x00, 0x00, 0x00, 0xde, 0xce, 0x00, 0x00, 0x00,
    0x00, 0xde, 0xce, 0x00, 0x00, 0x00, 0x00, 0xde,
    0xce, 0x00, 0x00, 0x00, 0x00, 0xde, 0xcf, 0x88,
    0x88, 0x88, 0x88, 0xee, 0xcf, 0xff, 0xff, 0xff,
    0xff, 0xfe, 0xce, 0x11, 0x11, 0x11, 0x11, 0xcd,

    /* U+30F3 "ン" */
    0x09, 0x50, 0x00, 0x00, 0x00, 0x00, 0x02, 0xef,
    0x90, 0x00, 0x00, 0x00, 0x00, 0x01, 0xcf, 0xc1,
    0x00, 0x00, 0x01, 0x00, 0x00, 0xbf, 0x90, 0x00,
    0x00, 0x97, 0x00, 0x00, 0x70, 0x00, 0x00, 0x4f,
    0xb0, 0x00, 0x00, 0x00, 0x00, 0x2e, 0xf2, 0x00,
    0x00, 0x00, 0x00, 0x2e, 0xf5, 0x00, 0x00, 0x00,
    0x00, 0x4e, 0xf6, 0x00, 0x00, 0x00, 0x00, 0x8f,
    0xf6, 0x00, 0x00, 0x00, 0x17, 0xef, 0xd3, 0x00,
    0x00, 0x47, 0xcf, 0xff, 0x80, 0x00, 0x00, 0x07,
    0xff, 0xd7, 0x10, 0x00, 0x00, 0x00, 0x05, 0x10,
    0x00, 0x00, 0x00, 0x00, 0x00,

    /* U+30FC "ー" */
    0x00, 0x00, 0x00, 0x00, 0x00, 0x00, 0x00, 0xaf,
    0xff, 0xff, 0xff, 0xff, 0xff, 0xf3, 0x9d, 0xdd,
    0xdd, 0xdd, 0xdd, 0xdd, 0xd3,

    /* U+4E88 "予" */
    0x00, 0x00, 0x00, 0x00, 0x00, 0x00, 0x00, 0x00,
    0x00, 0x6f, 0xff, 0xff, 0xff, 0xff, 0xf7, 0x00,
    0x00, 0x26, 0x66, 0x66, 0x66, 0xaf, 0xe2, 0x00,
    0x00, 0x00, 0x07, 0x40, 0x07, 0xfd, 0x10, 0x00,
    0x00, 0x00, 0x1d, 0xfd, 0xcf, 0x90, 0x00, 0x00,
    0x00, 0x00, 0x00, 0x5d, 0xff, 0x70, 0x00, 0x00,
    0x17, 0x77, 0x77, 0x77, 0xcf, 0xf9, 0x77, 0x71,
    0x2f, 0xff, 0xff, 0xff, 0xff, 0xff, 0xff, 0xf4,
    0x00, 0x00, 0x00, 0x0a, 0xe0, 0x00, 0x3f, 0xa0,
    0x00, 0x00, 0x00, 0x0a, 0xe0, 0x01, 0xde, 0x10,
    0x00, 0x00, 0x00, 0x0a, 0xe0, 0x01, 0xa3, 0x00,
    0x00, 0x00, 0x00, 0x0a, 0xe0, 0x00, 0x00, 0x00,
    0x00, 0x00, 0x00, 0x0a, 0xe0, 0x00, 0x00, 0x00,
    0x00, 0x00, 0x26, 0x6d, 0xe0, 0x00, 0x00, 0x00,
    0x00, 0x00, 0x0f, 0xfe, 0x70, 0x00, 0x00, 0x00,
    0x00, 0x00, 0x00, 0x00, 0x00, 0x00, 0x00, 0x00,

    /* U+4F5C "作" */
    0x00, 0x00, 0x10, 0x00, 0x00, 0x00, 0x00, 0x00,
    0x00, 0x01, 0xf8, 0x00, 0xdb, 0x00, 0x00, 0x00,
    0x00, 0x08, 0xf3, 0x04, 0xf6, 0x00, 0x00, 0x00,
    0x00, 0x1f, 0xb0, 0x0c, 0xfa, 0xaa, 0xaa, 0xa5,
    0x00, 0xbf, 0x30, 0x5f, 0xdf, 0xfd, 0xdd, 0xd7,
    0x07, 0xff, 0x12, 0xec, 0x0c, 0xc0, 0x00, 0x00,
    0x4f, 0xff, 0x2d, 0xf2, 0x0c, 0xe6, 0x66, 0x61,
    0x2e, 0x8f, 0x15, 0x50, 0x0c, 0xff, 0xff, 0xf3,
    0x01, 0x7f, 0x10, 0x00, 0x0c, 0xc0, 0x00, 0x00,
    0x00, 0x7f, 0x10, 0x00, 0x0c, 0xc0, 0x00, 0x00,
    0x00, 0x7f, 0x10, 0x00, 0x0c, 0xff, 0xff, 0xf6,
    0x00, 0x7f, 0x10, 0x00, 0x0c, 0xe7, 0x77, 0x73,
    0x00, 0x7f, 0x10, 0x00, 0x0c, 0xc0, 0x00, 0x00,
    0x00, 0x7f, 0x10, 0x00, 0x0c, 0xc0, 0x00, 0x00,
    0x00, 0x6f, 0x10, 0x00, 0x0c, 0xc0, 0x00, 0x00,

    /* U+5145 "充" */
    0x00, 0x00, 0x00, 0x0d, 0xc0, 0x00, 0x00, 0x00,
    0x00, 0x00, 0x00, 0x0d, 0xc0, 0x00, 0x00, 0x00,
    0x0c, 0xdd, 0xdd, 0xdf, 0xfd, 0xdd, 0xdd, 0xc0,
    0x09, 0xaa, 0xae, 0xfa, 0xaa, 0xaa, 0xaa, 0xa0,
    0x00, 0x00, 0x0f, 0xc0, 0x03, 0xe7, 0x00, 0x00,
    0x00, 0x00, 0x6f, 0x30, 0x00, 0x7f, 0x90, 0x00,
    0x02, 0x66, 0xee, 0x78, 0x89, 0x9e, 0xf9, 0x00,
    0x07, 0xff, 0xff, 0xff, 0xed, 0xdc, 0xcf, 0x70,
    0x01, 0x22, 0x1a, 0x70, 0x08, 0x90, 0x07, 0x30,
    0x00, 0x00, 0x0f, 0x80, 0x0b, 0xd0, 0x00, 0x00,
    0x00, 0x00, 0x4f, 0x60, 0x0b, 0xd0, 0x00, 0x00,
    0x00, 0x00, 0xaf, 0x10, 0x0b, 0xd0, 0x00, 0xd3,
    0x00, 0x08, 0xf9, 0x00, 0x0b, 0xd0, 0x00, 0xf5,
    0x17, 0xdf, 0xa0, 0x00, 0x0a, 0xe7, 0x79, 0xf3,
    0x0d, 0xc5, 0x00, 0x00, 0x04, 0xef, 0xff, 0xa0,
    0x00, 0x00, 0x00, 0x00, 0x00, 0x00, 0x00, 0x00,

    /* U+5148 "先" */
    0x00, 0x01, 0x71, 0x09, 0xe0, 0x00, 0x00, 0x00,
    0x00, 0x06, 0xf3, 0x09, 0xe0, 0x00, 0x00, 0x00,
    0x00, 0x0b, 0xe2, 0x2a, 0xf2, 0x22, 0x22, 0x00,
    0x00, 0x1f, 0xff, 0xff, 0xff, 0xff, 0xff, 0x00,
    0x00, 0x8f, 0x54, 0x4b, 0xf4, 0x44, 0x44, 0x00,
    0x01, 0xfa, 0x00, 0x09, 0xe0, 0x00, 0x00, 0x00,
    0x00, 0x51, 0x00, 0x09, 0xe0, 0x00, 0x00, 0x00,
    0x0b, 0xbb, 0xbb, 0xbe, 0xfb, 0xbb, 0xbb, 0xb1,
    0x0a, 0xbb, 0xbf, 0xeb, 0xbe, 0xfb, 0xbb, 0xb1,
    0x00, 0x00, 0x0f, 0x80, 0x09, 0xe0, 0x00, 0x00,
    0x00, 0x00, 0x4f, 0x50, 0x09, 0xe0, 0x00, 0x00,
    0x00, 0x00, 0xbf, 0x10, 0x09, 0xe0, 0x00, 0x71,
    0x00, 0x07, 0xf8, 0x00, 0x09, 0xe0, 0x00, 0xf5,
    0x03, 0xbf, 0xc0, 0x00, 0x09, 0xf7, 0x79, 0xf3,
    0x0b, 0xf8, 0x00, 0x00, 0x03, 0xef, 0xff, 0xb0,
    0x01, 0x10, 0x00, 0x00, 0x00, 0x00, 0x00, 0x00,

    /* U+5186 "円" */
    0x58, 0x88, 0x88, 0x88, 0x88, 0x88, 0x86, 0xaf,
    0xff, 0xff, 0xff, 0xff, 0xff, 0xfb, 0xae, 0x00,
    0x00, 0xe9, 0x00, 0x00, 0xcb, 0xae, 0x00, 0x00,
    0xe9, 0x00, 0x00, 0xcb, 0xae, 0x00, 0x00, 0xe9,
    0x00, 0x00, 0xcb, 0xae, 0x00, 0x00, 0xe9, 0x00,
    0x00, 0xcb, 0xaf, 0xcc, 0xcc, 0xfe, 0xcc, 0xcc,
    0xfb, 0xaf, 0xcc, 0xcc, 0xcc, 0xcc, 0xcc, 0xfb,
    0xae, 0x00, 0x00, 0x00, 0x00, 0x00, 0xcb, 0xae,
    0x00, 0x00, 0x00, 0x00, 0x00, 0xcb, 0xae, 0x00,
    0x00, 0x00, 0x00, 0x00, 0xcb, 0xae, 0x00, 0x00,
    0x00, 0x00, 0x00, 0xcb, 0xae, 0x00, 0x00, 0x00,
    0x04, 0x78, 0xeb, 0xae, 0x00, 0x00, 0x00, 0x03,
    0xff, 0xd4,

    /* U+5207 "切" */
    0x00, 0x9e, 0x00, 0x26, 0x66, 0x66, 0x67, 0x60,
    0x00, 0x9e, 0x00, 0x7f, 0xff, 0xff, 0xff, 0xf0,
    0x00, 0x9e, 0x00, 0x00, 0x0d, 0xb0, 0x09, 0xf0,
    0x00, 0x9f, 0x7a, 0xd6, 0x0d, 0xa0, 0x09, 0xf0,
    0x4d, 0xff, 0xfd, 0x94, 0x0e, 0x90, 0x09, 0xf0,
    0x3a, 0xcf, 0x00, 0x00, 0x0f, 0x80, 0x0a, 0xe0,
    0x00, 0x9e, 0x00, 0x00, 0x1f, 0x60, 0x0a, 0xe0,
    0x00, 0x9e, 0x00, 0x20, 0x4f, 0x40, 0x0b, 0xd0,
    0x00, 0x9e, 0x00, 0xf4, 0x8f, 0x10, 0x0c, 0xc0,
    0x00, 0x9f, 0x35, 0xf3, 0xdc, 0x00, 0x0d, 0xb0,
    0x00, 0x5f, 0xff, 0xd6, 0xf6, 0x00, 0x0e, 0xa0,
    0x00, 0x02, 0x43, 0x3e, 0xd0, 0x00, 0x1f, 0x80,
    0x00, 0x00, 0x04, 0xef, 0x30, 0x58, 0xbf, 0x50,
    0x00, 0x00, 0x06, 0xe3, 0x00, 0x7f, 0xfa, 0x00,
    0x00, 0x00, 0x00, 0x00, 0x00, 0x00, 0x00, 0x00,

    /* U+5225 "別" */
    0x00, 0x00, 0x00, 0x00, 0x00, 0x00, 0x09, 0xe0,
    0x7f, 0xff, 0xff, 0xf0, 0x00, 0x00, 0x9e, 0x07,
    0xf5, 0x55, 0xaf, 0x06, 0xb0, 0x09, 0xe0, 0x7e,
    0x00, 0x07, 0xf0, 0x8e, 0x00, 0x9e, 0x07, 0xe0,
    0x00, 0x7f, 0x08, 0xe0, 0x09, 0xe0, 0x7f, 0xbb,
    0xbd, 0xf0, 0x8e, 0x00, 0x9e, 0x04, 0x9e, 0xe9,
    0x99, 0x08, 0xe0, 0x09, 0xe0, 0x00, 0xda, 0x00,
    0x00, 0x8e, 0x00, 0x9e, 0x00, 0x0f, 0xfe, 0xff,
    0x18, 0xe0, 0x09, 0xe0, 0x01, 0xf9, 0x59, 0xf1,
    0x8e, 0x00, 0x9e, 0x00, 0x5f, 0x20, 0x6f, 0x08,
    0xe0, 0x09, 0xe0, 0x0a, 0xe0, 0x07, 0xf0, 0x12,
    0x00, 0x9e, 0x02, 0xf7, 0x00, 0x9d, 0x00, 0x00,
    0x09, 0xe1, 0xde, 0x15, 0x5d, 0xb0, 0x03, 0x88,
    0xde, 0x0b, 0x30, 0xcf, 0xd3, 0x00, 0x2f, 0xfd,
    0x60, 0x00, 0x00, 0x00, 0x00, 0x00, 0x00, 0x00,

    /* U+523B "刻" */
    0x00, 0x00, 0xe9, 0x00, 0x00, 0x00, 0x00, 0x00,
    0x00, 0x0e, 0x90, 0x00, 0x00, 0x00, 0xe8, 0x3b,
    0xbb, 0xfe, 0xbb, 0xa5, 0xe1, 0x0e, 0x84, 0xdd,
    0xef, 0xed, 0xdc, 0x5f, 0x10, 0xe8, 0x00, 0x0e,
    0xc0, 0x00, 0x05, 0xf1, 0x0e, 0x80, 0x6b, 0xe1,
    0x0d, 0x70, 0x5f, 0x10, 0xe8, 0x2e, 0xf6, 0x0a,
    0xf2, 0x05, 0xf1, 0x0e, 0x80, 0x1c, 0xfb, 0xf4,
    0x00, 0x5f, 0x10, 0xe8, 0x00, 0x1e, 0xf5, 0x0c,
    0x75, 0xf1, 0x0e, 0x80, 0x3d, 0xf4, 0x09, 0xf3,
    0x5f, 0x10, 0xe8, 0x2f, 0xc2, 0x09, 0xf6, 0x05,
    0xf1, 0x0e, 0x80, 0x20, 0x1b, 0xfc, 0x00, 0x00,
    0x00, 0xe8, 0x00, 0x5e, 0xfa, 0xfb, 0x00, 0x00,
    0x0e, 0x84, 0xcf, 0xc2, 0x05, 0xfc, 0x02, 0x88,
    0xf8, 0x1c, 0x60, 0x00, 0x05, 0x60, 0x0f, 0xfc,
    0x20,

    /* U+52D5 "動" */
    0x00, 0x13, 0x46, 0x89, 0x00, 0xac, 0x00, 0x02,
    0xff, 0xff, 0xff, 0xe2, 0x0a, 0xc0, 0x00, 0x08,
    0x87, 0xf8, 0x10, 0x00, 0xac, 0x00, 0x04, 0xcc,
    0xcf, 0xdc, 0xc7, 0x0b, 0xc0, 0x00, 0x26, 0x66,
    0xf9, 0x66, 0x9d, 0xff, 0xde, 0xb0, 0xbc, 0xcf,
    0xec, 0xc8, 0x9e, 0xe9, 0xdd, 0x0e, 0x62, 0xf7,
    0x2e, 0x50, 0xd9, 0x0a, 0xd0, 0xef, 0xff, 0xff,
    0xf5, 0x0e, 0x80, 0xac, 0x0e, 0x40, 0xf5, 0x0e,
    0x51, 0xf6, 0x0b, 0xb0, 0xef, 0xff, 0xff, 0xf5,
    0x4f, 0x30, 0xcb, 0x02, 0x23, 0xf7, 0x22, 0x09,
    0xe0, 0x0d, 0xa0, 0xff, 0xff, 0xff, 0xf7, 0xf9,
    0x00, 0xe9, 0x00, 0x00, 0xf5, 0x12, 0xaf, 0x20,
    0x0f, 0x83, 0xab, 0xdf, 0xfe, 0xff, 0x81, 0x68,
    0xf5, 0x26, 0x53, 0x10, 0x09, 0xa0, 0x0f, 0xfc,
    0x00, 0x00, 0x00, 0x00, 0x00, 0x00, 0x00, 0x00,

    /* U+53BB "去" */
    0x00, 0x00, 0x00, 0x0e, 0xa0, 0x00, 0x00, 0x00,
    0x00, 0x00, 0x00, 0x0e, 0xa0, 0x00, 0x00, 0x00,
    0x00, 0x00, 0x00, 0x0e, 0xb0, 0x00, 0x00, 0x00,
    0x00, 0xff, 0xff, 0xff, 0xff, 0xff, 0xff, 0x00,
    0x00, 0x77, 0x77, 0x7f, 0xd7, 0x77, 0x77, 0x00,
    0x00, 0x00, 0x00, 0x0e, 0xa0, 0x00, 0x00, 0x00,
    0x00, 0x00, 0x00, 0x0e, 0xa0, 0x00, 0x00, 0x00,
    0x4f, 0xff, 0xff, 0xff, 0xff, 0xff, 0xff, 0xf3,
    0x28, 0x88, 0x8c, 0xfb, 0x88, 0x88, 0x88, 0x81,
    0x00, 0x00, 0x0c, 0xf1, 0x00, 0x02, 0x00, 0x00,
    0x00, 0x00, 0x3f, 0x90, 0x00, 0xaf, 0x30, 0x00,
    0x00, 0x00, 0xaf, 0x20, 0x00, 0x1e, 0xe1, 0x00,
    0x00, 0x01, 0xf9, 0x00, 0x12, 0x27, 0xfb, 0x00,
    0x08, 0xde, 0xff, 0xff, 0xff, 0xff, 0xff, 0x50,
    0x07, 0xcb, 0xaa, 0x98, 0x76, 0x54, 0x4e, 0xe0,
    0x00, 0x00, 0x00, 0x00, 0x00, 0x00, 0x04, 0x10,

    /* U+56DE "回" */
    0xcf, 0xff, 0xff, 0xff, 0xff, 0xff, 0xfc, 0xce,
    0x88, 0x88, 0x88, 0x88, 0x88, 0xfc, 0xcc, 0x00,
    0x00, 0x00, 0x00, 0x00, 0xdc, 0xcc, 0x00, 0x22,
    0x22, 0x22, 0x00, 0xdc, 0xcc, 0x03, 0xff, 0xff,
    0xff, 0x10, 0xdc, 0xcc, 0x03, 0xf5, 0x33, 0x8f,
    0x10, 0xdc, 0xcc, 0x03, 0xf3, 0x00, 0x7f, 0x10,
    0xdc, 0xcc, 0x03, 0xf3, 0x00, 0x7f, 0x10, 0xdc,
    0xcc, 0x03, 0xf8, 0x66, 0xaf, 0x10, 0xdc, 0xcc,
    0x03, 0xff, 0xff, 0xff, 0x10, 0xdc, 0xcc, 0x00,
    0x00, 0x00, 0x00, 0x00, 0xdc, 0xcc, 0x00, 0x00,
    0x00, 0x00, 0x00, 0xdc, 0xcf, 0xff, 0xff, 0xff,
    0xff, 0xff, 0xfc, 0xce, 0x77, 0x77, 0x77, 0x77,
    0x77, 0xec,

    /* U+571F "土" */
    0x00, 0x00, 0x00, 0x0e, 0xb0, 0x00, 0x00, 0x00,
    0x00, 0x00, 0x00, 0x0e, 0xb0, 0x00, 0x00, 0x00,
    0x00, 0x00, 0x00, 0x0e, 0xb0, 0x00, 0x00, 0x00,
    0x00, 0x00, 0x00, 0x0e, 0xb0, 0x00, 0x00, 0x00,
    0x00, 0x00, 0x00, 0x0e, 0xb0, 0x00, 0x00, 0x00,
    0x01, 0x77, 0x77, 0x7f, 0xd7, 0x77, 0x77, 0x00,
    0x04, 0xff, 0xff, 0xff, 0xff, 0xff, 0xff, 0x10,
    0x00, 0x00, 0x00, 0x0e, 0xb0, 0x00, 0x00, 0x00,
    0x00, 0x00, 0x00, 0x0e, 0xb0, 0x00, 0x00, 0x00,
    0x00, 0x00, 0x00, 0x0e, 0xb0, 0x00, 0x00, 0x00,
    0x00, 0x00, 0x00, 0x0e, 0xb0, 0x00, 0x00, 0x00,
    0x00, 0x00, 0x00, 0x0e, 0xb0, 0x00, 0x00, 0x00,
    0x00, 0x00, 0x00, 0x0e, 0xb0, 0x00, 0x00, 0x00,
    0x4e, 0xee, 0xee, 0xef, 0xfe, 0xee, 0xee, 0xe2,
    0x28, 0x88, 0x88, 0x88, 0x88, 0x88, 0x88, 0x81,

    /* U+5727 "圧" */
    0x00, 0xef, 0xff, 0xff, 0xff, 0xff, 0xff, 0xf1,
    0x00, 0xec, 0x77, 0x77, 0x77, 0x77, 0x77, 0x70,
    0x00, 0xea, 0x00, 0x00, 0x35, 0x00, 0x00, 0x00,
    0x00, 0xea, 0x00, 0x00, 0x9f, 0x00, 0x00, 0x00,
    0x00, 0xea, 0x00, 0x00, 0x9f, 0x00, 0x00, 0x00,
    0x00, 0xea, 0x00, 0x00, 0x9f, 0x00, 0x00, 0x00,
    0x00, 0xe9, 0x9f, 0xff, 0xff, 0xff, 0xff, 0x40,
    0x00, 0xf8, 0x47, 0x77, 0xcf, 0x77, 0x77, 0x20,
    0x01, 0xf7, 0x00, 0x00, 0x9f, 0x00, 0x00, 0x00,
    0x03, 0xf5, 0x00, 0x00, 0x9f, 0x00, 0x00, 0x00,
    0x06, 0xf2, 0x00, 0x00, 0x9f, 0x00, 0x00, 0x00,
    0x0a, 0xe0, 0x00, 0x00, 0x9f, 0x00, 0x00, 0x00,
    0x1f, 0x99, 0xdd, 0xdd, 0xef, 0xdd, 0xdd, 0xd4,
    0x2d, 0x36, 0x99, 0x99, 0x99, 0x99, 0x99, 0x93,
    0x00, 0x00, 0x00, 0x00, 0x00, 0x00, 0x00, 0x00,

    /* U+5831 "報" */
    0x00, 0x07, 0xf0, 0x00, 0x00, 0x00, 0x00, 0x00,
    0x00, 0x07, 0xf0, 0x00, 0xcf, 0xff, 0xff, 0xa0,
    0x0d, 0xff, 0xff, 0xf2, 0xcc, 0x55, 0x5d, 0xa0,
    0x04, 0x5a, 0xf5, 0x50, 0xca, 0x00, 0x0b, 0xa0,
    0x13, 0x39, 0xf3, 0x32, 0xca, 0x06, 0x6d, 0xa0,
    0x6f, 0xff, 0xff, 0xfc, 0xca, 0x09, 0xec, 0x30,
    0x04, 0xf2, 0x18, 0xc1, 0xcb, 0x33, 0x33, 0x10,
    0x00, 0xe5, 0x0c, 0x80, 0xcf, 0xff, 0xff, 0xf0,
    0x1b, 0xec, 0xbf, 0xc6, 0xcd, 0xf2, 0x1c, 0xb0,
    0x19, 0x9c, 0xf9, 0x95, 0xca, 0xd7, 0x1f, 0x60,
    0x01, 0x18, 0xf1, 0x10, 0xca, 0x6e, 0x9f, 0x10,
    0x0f, 0xff, 0xff, 0xf6, 0xca, 0x0d, 0xf8, 0x00,
    0x02, 0x38, 0xf3, 0x31, 0xca, 0x0c, 0xf9, 0x00,
    0x00, 0x07, 0xf0, 0x00, 0xcb, 0xbf, 0x8f, 0xb2,
    0x00, 0x07, 0xe0, 0x00, 0xcc, 0xc3, 0x04, 0xc2,
    0x00, 0x00, 0x00, 0x00, 0x00, 0x00, 0x00, 0x00,

    /* U+5834 "場" */
    0x00, 0x7f, 0x00, 0x00, 0x00, 0x00, 0x00, 0x00,
    0x00, 0x7f, 0x00, 0x2f, 0xff, 0xff, 0xff, 0x50,
    0x00, 0x7f, 0x00, 0x2f, 0x41, 0x11, 0x2f, 0x50,
    0x02, 0x8f, 0x21, 0x2f, 0xfe, 0xee, 0xef, 0x50,
    0x3f, 0xff, 0xf9, 0x2f, 0x30, 0x00, 0x1f, 0x50,
    0x04, 0x9f, 0x42, 0x2f, 0xff, 0xff, 0xff, 0x50,
    0x00, 0x7f, 0x02, 0x24, 0x44, 0x44, 0x44, 0x20,
    0x00, 0x7f, 0x0e, 0xff, 0xff, 0xff, 0xff, 0xf3,
    0x00, 0x7f, 0x03, 0x2e, 0xb2, 0x22, 0x22, 0x20,
    0x00, 0x7f, 0xe9, 0xbf, 0xff, 0xff, 0xff, 0xf0,
    0x2a, 0xff, 0xbe, 0xe4, 0xbe, 0x4d, 0x99, 0xf0,
    0x4f, 0x92, 0x4b, 0x16, 0xf4, 0x4f, 0x28, 0xd0,
    0x01, 0x00, 0x00, 0x7f, 0x70, 0xd9, 0x0a, 0xb0,
    0x00, 0x00, 0x09, 0xf6, 0x0b, 0xd3, 0x3e, 0x80,
    0x00, 0x00, 0x00, 0x20, 0x4d, 0x28, 0xfe, 0x20,
    0x00, 0x00, 0x00, 0x00, 0x00, 0x00, 0x00, 0x00,

    /* U+5BDD "寝" */
    0x00, 0x00, 0x00, 0x0d, 0xb0, 0x00, 0x00, 0x00,
    0x09, 0xaa, 0xaa, 0xaf, 0xea, 0xaa, 0xaa, 0x90,
    0x0e, 0xed, 0xdd, 0xdd, 0xdd, 0xdd, 0xde, 0xe0,
    0x0e, 0x79, 0x90, 0x79, 0x99, 0x99, 0x9d, 0xe0,
    0x02, 0x0a, 0xb0, 0x56, 0x66, 0x66, 0xcc, 0x10,
    0x0e, 0x4a, 0xb0, 0x6d, 0xdd, 0xdd, 0xfb, 0x00,
    0x0b, 0xba, 0xb0, 0x12, 0x22, 0x22, 0xbb, 0x00,
    0x04, 0xfc, 0xb0, 0xdf, 0xff, 0xff, 0xfb, 0x00,
    0x00, 0x7b, 0xb4, 0x77, 0x77, 0x77, 0x77, 0x50,
    0x00, 0x0c, 0xb9, 0xd8, 0x88, 0x88, 0x8c, 0xc0,
    0x06, 0xef, 0xb9, 0xed, 0xdd, 0xdd, 0xed, 0xc0,
    0x6f, 0xac, 0xb0, 0x19, 0xe4, 0x3b, 0xf2, 0x00,
    0x02, 0x0a, 0xb0, 0x00, 0xbe, 0xce, 0x30, 0x00,
    0x00, 0x0a, 0xb2, 0x58, 0xdf, 0xee, 0xa6, 0x40,
    0x00, 0x0a, 0xb6, 0xea, 0x61, 0x04, 0x9d, 0xb0,

    /* U+5DE5 "工" */
    0x05, 0xcc, 0xcc, 0xcc, 0xcc, 0xcc, 0xcc, 0x40,
    0x05, 0xdd, 0xdd, 0xdf, 0xfd, 0xdd, 0xdd, 0x50,
    0x00, 0x00, 0x00, 0x0e, 0xc0, 0x00, 0x00, 0x00,
    0x00, 0x00, 0x00, 0x0e, 0xc0, 0x00, 0x00, 0x00,
    0x00, 0x00, 0x00, 0x0e, 0xc0, 0x00, 0x00, 0x00,
    0x00, 0x00, 0x00, 0x0e, 0xc0, 0x00, 0x00, 0x00,
    0x00, 0x00, 0x00, 0x0e, 0xc0, 0x00, 0x00, 0x00,
    0x00, 0x00, 0x00, 0x0e, 0xc0, 0x00, 0x00, 0x00,
    0x00, 0x00, 0x00, 0x0e, 0xc0, 0x00, 0x00, 0x00,
    0x00, 0x00, 0x00, 0x0e, 0xc0, 0x00, 0x00, 0x00,
    0x29, 0x99, 0x99, 0x9f, 0xe9, 0x99, 0x99, 0x92,
    0x3f, 0xff, 0xff, 0xff, 0xff, 0xff, 0xff, 0xf3,

    /* U+5DFB "巻" */
    0x00, 0x01, 0x10, 0x17, 0x20, 0x02, 0x10, 0x00,
    0x00, 0x0e, 0xa0, 0x5f, 0x30, 0x0e, 0xc0, 0x00,
    0x00, 0x06, 0xf2, 0x8f, 0x00, 0x6f, 0x30, 0x00,
    0x02, 0xff, 0xff, 0xff, 0xff, 0xff, 0xff, 0x20,
    0x00, 0x44, 0x48, 0xf8, 0x5f, 0x94, 0x44, 0x00,
    0x03, 0x33, 0x3c, 0xf3, 0x3d, 0xd3, 0x33, 0x30,
    0x2f, 0xff, 0xff, 0xff, 0xff, 0xff, 0xff, 0xf2,
    0x01, 0x15, 0xfb, 0x11, 0x11, 0x8f, 0xa1, 0x10,
    0x00, 0x4f, 0xfe, 0xee, 0xee, 0xed, 0xfb, 0x20,
    0x19, 0xfc, 0x45, 0x55, 0x58, 0xf3, 0x9f, 0xf3,
    0x2e, 0x80, 0x11, 0x11, 0x15, 0xf3, 0x04, 0x80,
    0x00, 0x03, 0xff, 0xff, 0xff, 0xf3, 0x00, 0x00,
    0x00, 0x03, 0xf5, 0x22, 0x22, 0x20, 0xa6, 0x00,
    0x00, 0x03, 0xf9, 0x55, 0x55, 0x57, 0xf7, 0x00,
    0x00, 0x00, 0xae, 0xff, 0xff, 0xff, 0xc1, 0x00,

    /* U+5E38 "常" */
    0x02, 0xa1, 0x00, 0xea, 0x00, 0x37, 0x10, 0x03,
    0xf9, 0x00, 0xea, 0x00, 0xde, 0x10, 0x00, 0xbb,
    0x00, 0xea, 0x03, 0xe4, 0x00, 0xef, 0xff, 0xff,
    0xff, 0xff, 0xff, 0xf9, 0xea, 0x55, 0x55, 0x55,
    0x55, 0x55, 0xf9, 0xe8, 0x5f, 0xff, 0xff, 0xff,
    0xf1, 0xe9, 0x95, 0x6f, 0x32, 0x22, 0x28, 0xf1,
    0x95, 0x00, 0x6f, 0x77, 0x77, 0x7b, 0xf1, 0x00,
    0x00, 0x4a, 0xaa, 0xee, 0xaa, 0xa0, 0x00, 0x02,
    0x22, 0x22, 0xdc, 0x22, 0x23, 0x20, 0x0e, 0xff,
    0xff, 0xff, 0xff, 0xff, 0xe0, 0x0e, 0xb3, 0x33,
    0xdd, 0x33, 0x3e, 0xe0, 0x0e, 0xa0, 0x00, 0xcc,
    0x00, 0x0e, 0xe0, 0x0e, 0xa0, 0x00, 0xcc, 0x0c,
    0xdf, 0xc0, 0x05, 0x40, 0x00, 0xcc, 0x05, 0x86,
    0x20,

    /* U+5F37 "強" */
    0x00, 0x00, 0x00, 0x00, 0x3c, 0x40, 0x00, 0x00,
    0x1f, 0xff, 0xf8, 0x00, 0x9f, 0x10, 0x55, 0x00,
    0x05, 0x55, 0xf8, 0x01, 0xf8, 0x00, 0xaf, 0x30,
    0x00, 0x00, 0xe8, 0x5b, 0xf8, 0x89, 0xbf, 0xd0,
    0x03, 0x44, 0xe8, 0xef, 0xfe, 0xfc, 0xab, 0xf8,
    0x0e, 0xff, 0xf8, 0x10, 0x03, 0xf4, 0x00, 0x71,
    0x0f, 0x96, 0x63, 0x35, 0x57, 0xf7, 0x55, 0x40,
    0x1f, 0x40, 0x00, 0x9f, 0xff, 0xff, 0xff, 0xe0,
    0x2f, 0xdc, 0xc6, 0x9c, 0x03, 0xf4, 0x08, 0xe0,
    0x4f, 0x76, 0xf7, 0x9d, 0x47, 0xf7, 0x4a, 0xe0,
    0x01, 0x00, 0xf6, 0x8f, 0xff, 0xff, 0xff, 0xe0,
    0x00, 0x00, 0xf5, 0x00, 0x03, 0xf4, 0x39, 0x00,
    0x00, 0x02, 0xf4, 0x00, 0x03, 0xf4, 0x2e, 0x90,
    0x03, 0x6b, 0xf2, 0x77, 0x8b, 0xfd, 0xdf, 0xf4,
    0x08, 0xff, 0x91, 0xa9, 0x76, 0x54, 0x21, 0xd9,
    0x00, 0x00, 0x00, 0x00, 0x00, 0x00, 0x00, 0x00,

    /* U+5F8C "後" */
    0x00, 0x01, 0x00, 0x00, 0x01, 0x00, 0x00, 0x00,
    0x00, 0x0c, 0xc0, 0x00, 0x8f, 0x10, 0x00, 0x00,
    0x00, 0xbe, 0x20, 0x45, 0xf5, 0x06, 0xd2, 0x00,
    0x1c, 0xe3, 0x06, 0xff, 0x70, 0x5f, 0x90, 0x00,
    0x2d, 0x23, 0xc2, 0x4f, 0xd6, 0xf9, 0x11, 0x00,
    0x00, 0x0d, 0xc0, 0x02, 0xff, 0x80, 0xcc, 0x00,
    0x00, 0xbf, 0x45, 0x58, 0xfc, 0x66, 0x9f, 0x90,
    0x0b, 0xff, 0x3f, 0xff, 0xff, 0xed, 0xcc, 0xf4,
    0x7f, 0x9f, 0x10, 0x01, 0xed, 0x33, 0x31, 0x72,
    0x03, 0x5f, 0x10, 0x3e, 0xff, 0xff, 0xfd, 0x00,
    0x00, 0x5f, 0x28, 0xff, 0xb0, 0x07, 0xf4, 0x00,
    0x00, 0x5f, 0x2a, 0x72, 0xeb, 0x9f, 0x70, 0x00,
    0x00, 0x5f, 0x10, 0x00, 0x7f, 0xfc, 0x10, 0x00,
    0x00, 0x5f, 0x25, 0x9e, 0xf9, 0x7e, 0xfb, 0x72,
    0x00, 0x5f, 0x2d, 0xb6, 0x10, 0x00, 0x5a, 0xd1,
    0x00, 0x00, 0x00, 0x00, 0x00, 0x00, 0x00, 0x00,

    /* U+614B "態" */
    0x00, 0x00, 0x00, 0x00, 0x00, 0x00, 0x00, 0x00,
    0x00, 0x0f, 0x70, 0x10, 0x5f, 0x10, 0x00, 0x00,
    0x00, 0x6f, 0x17, 0xe1, 0x5f, 0x26, 0xce, 0x10,
    0x02, 0xda, 0x34, 0xea, 0x5f, 0xfe, 0x92, 0x00,
    0x2f, 0xff, 0xfe, 0xdf, 0x9f, 0x40, 0x02, 0x70,
    0x02, 0x44, 0x44, 0x46, 0x4f, 0xa8, 0x8b, 0xe0,
    0x04, 0xfb, 0xbb, 0xf8, 0x08, 0x99, 0x99, 0x40,
    0x04, 0xfd, 0xdd, 0xf8, 0x5f, 0x12, 0x8c, 0x20,
    0x04, 0xf3, 0x22, 0xe8, 0x5f, 0xdf, 0xc6, 0x00,
    0x04, 0xfe, 0xee, 0xf8, 0x5f, 0x61, 0x00, 0x50,
    0x04, 0xf0, 0x01, 0xe7, 0x5f, 0x43, 0x36, 0xf1,
    0x04, 0xf0, 0x2f, 0xe9, 0x1d, 0xff, 0xff, 0xa0,
    0x00, 0x35, 0x17, 0x7e, 0xd3, 0x01, 0x82, 0x00,
    0x00, 0xcc, 0x2f, 0x40, 0x93, 0x25, 0xce, 0x20,
    0x0a, 0xf3, 0x2f, 0x83, 0x33, 0x9e, 0x1d, 0xe1,
    0x1a, 0x50, 0x0b, 0xff, 0xff, 0xf7, 0x02, 0xa1,

    /* U+6301 "持" */
    0x00, 0x00, 0x00, 0x00, 0x00, 0x00, 0x00, 0x00,
    0x00, 0x6f, 0x00, 0x00, 0x01, 0xf5, 0x00, 0x00,
    0x00, 0x6f, 0x00, 0x00, 0x01, 0xf5, 0x00, 0x00,
    0x00, 0x6f, 0x00, 0x5c, 0xcc, 0xfd, 0xcc, 0x80,
    0x26, 0xaf, 0x63, 0x6d, 0xdd, 0xfe, 0xdd, 0x90,
    0x5f, 0xff, 0xf8, 0x00, 0x01, 0xf5, 0x00, 0x00,
    0x00, 0x7f, 0x01, 0x66, 0x67, 0xfa, 0x66, 0x62,
    0x00, 0x6f, 0x03, 0xff, 0xff, 0xff, 0xff, 0xf6,
    0x00, 0x6f, 0x54, 0x00, 0x00, 0x00, 0xf7, 0x00,
    0x27, 0xdf, 0xf8, 0x77, 0x77, 0x77, 0xfb, 0x72,
    0x7f, 0xef, 0x20, 0xff, 0xff, 0xff, 0xff, 0xf5,
    0x11, 0x6f, 0x00, 0x06, 0x60, 0x00, 0xf7, 0x00,
    0x00, 0x6f, 0x00, 0x07, 0xf3, 0x00, 0xf7, 0x00,
    0x00, 0x6f, 0x00, 0x00, 0xcc, 0x00, 0xf7, 0x00,
    0x06, 0xaf, 0x00, 0x00, 0x21, 0x66, 0xf6, 0x00,
    0x0c, 0xe8, 0x00, 0x00, 0x00, 0xef, 0xd2, 0x00,
    0x00, 0x00, 0x00, 0x00, 0x00, 0x00, 0x00, 0x00,

    /* U+63A2 "探" */
    0x00, 0x7e, 0x00, 0x00, 0x00, 0x00, 0x00, 0x00,
    0x00, 0x7e, 0x00, 0xff, 0xff, 0xff, 0xff, 0xf2,
    0x00, 0x7e, 0x00, 0xf7, 0x44, 0x44, 0x46, 0xf2,
    0x26, 0xaf, 0x63, 0xf4, 0x9b, 0x0f, 0x52, 0xf2,
    0x5f, 0xff, 0xf8, 0x10, 0xca, 0x0f, 0x50, 0x10,
    0x00, 0x8e, 0x00, 0x05, 0xf4, 0x0f, 0x50, 0xc5,
    0x00, 0x7e, 0x01, 0xbf, 0x90, 0x0e, 0xff, 0xf3,
    0x00, 0x7f, 0x74, 0x73, 0x04, 0xe4, 0x44, 0x20,
    0x39, 0xef, 0xf7, 0x33, 0x37, 0xf5, 0x33, 0x30,
    0x6e, 0xdf, 0x04, 0xff, 0xff, 0xff, 0xff, 0xf4,
    0x00, 0x7e, 0x00, 0x22, 0x9f, 0xff, 0x72, 0x20,
    0x00, 0x7e, 0x00, 0x07, 0xf9, 0xf9, 0xf5, 0x00,
    0x00, 0x7e, 0x01, 0xaf, 0x64, 0xf2, 0x9f, 0x80,
    0x06, 0xbe, 0x0d, 0xe4, 0x04, 0xf2, 0x07, 0xf5,
    0x0e, 0xf8, 0x02, 0x10, 0x04, 0xf2, 0x00, 0x10,
    0x00, 0x00, 0x00, 0x00, 0x00, 0x00, 0x00, 0x00,

    /* U+6642 "時" */
    0x00, 0x00, 0x00, 0x00, 0x0e, 0x90, 0x00, 0x0b,
    0xff, 0xfd, 0x00, 0x00, 0xe9, 0x00, 0x00, 0xbd,
    0x6b, 0xd2, 0xee, 0xef, 0xfe, 0xed, 0x0b, 0xb0,
    0x9d, 0x16, 0x66, 0xfc, 0x66, 0x60, 0xbb, 0x09,
    0xd0, 0x00, 0x0e, 0x90, 0x00, 0x0b, 0xb0, 0x9d,
    0x8b, 0xbb, 0xfe, 0xbb, 0xb5, 0xbf, 0xff, 0xd8,
    0xbb, 0xbb, 0xbf, 0xeb, 0x5b, 0xd6, 0xcd, 0x00,
    0x00, 0x00, 0xda, 0x00, 0xbb, 0x09, 0xd4, 0x66,
    0x66, 0x6e, 0xc6, 0x2b, 0xb0, 0x9d, 0xae, 0xee,
    0xee, 0xff, 0xe4, 0xbb, 0x2a, 0xd0, 0x47, 0x00,
    0x0d, 0xa0, 0x0b, 0xff, 0xfd, 0x05, 0xf7, 0x00,
    0xda, 0x00, 0xbc, 0x33, 0x20, 0x09, 0xf2, 0x0d,
    0xa0, 0x06, 0x60, 0x00, 0x00, 0x05, 0x65, 0xe9,
    0x00, 0x00, 0x00, 0x00, 0x00, 0x0d, 0xfe, 0x40,
    0x00, 0x00, 0x00, 0x00, 0x00, 0x00, 0x00, 0x00,

    /* U+6674 "晴" */
    0x00, 0x00, 0x00, 0x00, 0x0f, 0x70, 0x00, 0x05,
    0x66, 0x62, 0x14, 0x44, 0xf9, 0x44, 0x40, 0xdf,
    0xff, 0x66, 0xdd, 0xdf, 0xed, 0xdd, 0x0d, 0x60,
    0xe6, 0x06, 0x66, 0xfa, 0x66, 0x40, 0xd6, 0x0e,
    0x60, 0x99, 0x9f, 0xc9, 0x97, 0x0d, 0x60, 0xe6,
    0x89, 0x99, 0xfc, 0x99, 0x93, 0xdf, 0xff, 0x68,
    0x99, 0x99, 0x99, 0x99, 0x3d, 0xdc, 0xf6, 0x02,
    0x22, 0x22, 0x23, 0x10, 0xd6, 0x0e, 0x60, 0xcf,
    0xff, 0xff, 0xf8, 0x0d, 0x60, 0xe6, 0x0c, 0xa1,
    0x11, 0x1e, 0x80, 0xd6, 0x0e, 0x60, 0xcf, 0xff,
    0xff, 0xf8, 0x0d, 0xfe, 0xf6, 0x0c, 0xa1, 0x11,
    0x1e, 0x80, 0xda, 0x66, 0x20, 0xcf, 0xff, 0xff,
    0xf8, 0x07, 0x30, 0x00, 0x0c, 0x90, 0x02, 0x3e,
    0x70, 0x00, 0x00, 0x00, 0xc9, 0x00, 0x7f, 0xe3,
    0x00,

    /* U+66C7 "曇" */
    0x00, 0x6f, 0xcc, 0xcc, 0xcc, 0xcc, 0xf4, 0x00,
    0x00, 0x6f, 0x99, 0x99, 0x99, 0x9a, 0xf4, 0x00,
    0x00, 0x6f, 0x55, 0x55, 0x55, 0x57, 0xf4, 0x00,
    0x00, 0x4b, 0xbb, 0xbb, 0xbb, 0xbb, 0xb4, 0x00,
    0x00, 0xbb, 0xbb, 0xbf, 0xeb, 0xbb, 0xbb, 0x00,
    0x0a, 0xcc, 0xcc, 0xcf, 0xec, 0xcc, 0xcc, 0xa0,
    0x0d, 0x86, 0x77, 0x4d, 0xb5, 0x77, 0x69, 0xe0,
    0x07, 0x35, 0x66, 0x2c, 0xa3, 0x66, 0x44, 0x70,
    0x00, 0x1a, 0xaa, 0x4b, 0x96, 0xaa, 0xa1, 0x00,
    0x00, 0x39, 0x99, 0x99, 0x99, 0x99, 0x95, 0x00,
    0x00, 0x26, 0x66, 0x66, 0x66, 0x66, 0x63, 0x00,
    0x0f, 0xff, 0xff, 0xff, 0xff, 0xff, 0xff, 0xf1,
    0x00, 0x00, 0x6f, 0x40, 0x03, 0xdf, 0x70, 0x00,
    0x00, 0xff, 0xff, 0xff, 0xff, 0xee, 0xfe, 0x20,
    0x00, 0x21, 0x10, 0x00, 0x00, 0x00, 0x04, 0x00,

    /* U+66DC "曜" */
    0xbf, 0xff, 0x9f, 0xff, 0xf2, 0xff, 0xff, 0x4b,
    0xb5, 0xd9, 0x00, 0x4f, 0x20, 0x02, 0xf4, 0xb9,
    0x0c, 0x9b, 0xff, 0xf2, 0xbf, 0xff, 0x4b, 0x90,
    0xc9, 0x01, 0x4f, 0x20, 0x12, 0xf4, 0xb9, 0x0c,
    0x9f, 0xff, 0xf2, 0xff, 0xff, 0x4b, 0xff, 0xf9,
    0x09, 0xe0, 0x0d, 0xa0, 0x00, 0xbc, 0x5d, 0x93,
    0xfe, 0xbc, 0xfd, 0xbb, 0x4b, 0x90, 0xca, 0xef,
    0x44, 0x9f, 0x44, 0x41, 0xb9, 0x0c, 0xff, 0xfc,
    0xcd, 0xfc, 0xcb, 0x0b, 0xa0, 0xcb, 0x7f, 0x44,
    0x8f, 0x44, 0x30, 0xbf, 0xff, 0x95, 0xf4, 0x48,
    0xf4, 0x43, 0x0b, 0xd8, 0x84, 0x5f, 0xcc, 0xdf,
    0xcc, 0xb0, 0x76, 0x00, 0x05, 0xf7, 0x7a, 0xf7,
    0x77, 0x40, 0x00, 0x00, 0x5f, 0xbb, 0xbb, 0xbb,
    0xb7,

    /* U+6700 "最" */
    0x00, 0x3f, 0xff, 0xff, 0xff, 0xff, 0xf7, 0x00,
    0x00, 0x3f, 0x41, 0x11, 0x11, 0x12, 0xf7, 0x00,
    0x00, 0x3f, 0xff, 0xff, 0xff, 0xff, 0xf7, 0x00,
    0x00, 0x3f, 0x41, 0x11, 0x11, 0x12, 0xf7, 0x00,
    0x00, 0x3f, 0xff, 0xff, 0xff, 0xff, 0xf6, 0x00,
    0x06, 0x66, 0x66, 0x66, 0x66, 0x66, 0x66, 0x60,
    0x1e, 0xff, 0xee, 0xff, 0xee, 0xee, 0xee, 0xe1,
    0x00, 0xca, 0x22, 0xe9, 0x33, 0x33, 0x33, 0x00,
    0x00, 0xcf, 0xff, 0xf9, 0xdf, 0xff, 0xff, 0x70,
    0x00, 0xca, 0x22, 0xe9, 0x1f, 0x40, 0x6f, 0x10,
    0x00, 0xcf, 0xff, 0xf9, 0x08, 0xe5, 0xf6, 0x00,
    0x00, 0xca, 0x12, 0xe9, 0x00, 0xdf, 0x90, 0x00,
    0x2d, 0xff, 0xff, 0xf9, 0x4b, 0xea, 0xf9, 0x20,
    0x04, 0x32, 0x00, 0xdb, 0xd8, 0x10, 0x29, 0xd1,

    /* U+6728 "木" */
    0x00, 0x00, 0x00, 0x0e, 0xb0, 0x00, 0x00, 0x00,
    0x00, 0x00, 0x00, 0x0e, 0xb0, 0x00, 0x00, 0x00,
    0x00, 0x00, 0x00, 0x0e, 0xb0, 0x00, 0x00, 0x00,
    0x00, 0x00, 0x00, 0x0e, 0xb0, 0x00, 0x00, 0x00,
    0x08, 0x88, 0x88, 0x8f, 0xd8, 0x88, 0x88, 0x70,
    0x1f, 0xff, 0xff, 0xff, 0xff, 0xff, 0xff, 0xd0,
    0x00, 0x00, 0x00, 0xef, 0xfa, 0x00, 0x00, 0x00,
    0x00, 0x00, 0x09, 0xff, 0xef, 0x50, 0x00, 0x00,
    0x00, 0x00, 0x5f, 0x7e, 0xba, 0xf2, 0x00, 0x00,
    0x00, 0x04, 0xfb, 0x0e, 0xb0, 0xde, 0x20, 0x00,
    0x00, 0x4f, 0xd1, 0x0e, 0xb0, 0x2e, 0xe3, 0x00,
    0x08, 0xfd, 0x10, 0x0e, 0xb0, 0x03, 0xef, 0x70,
    0x6f, 0xb1, 0x00, 0x0e, 0xb0, 0x00, 0x2d, 0xe2,
    0x04, 0x00, 0x00, 0x0e, 0xb0, 0x00, 0x00, 0x20,
    0x00, 0x00, 0x00, 0x0e, 0xb0, 0x00, 0x00, 0x00,

    /* U+697D "楽" */
    0x00, 0x00, 0x00, 0x06, 0x60, 0x00, 0x00, 0x00,
    0x03, 0x30, 0x00, 0x0e, 0xa0, 0x00, 0x07, 0x40,
    0x0b, 0xf5, 0x0f, 0xff, 0xff, 0xf0, 0x6f, 0x80,
    0x00, 0xbf, 0x5f, 0x83, 0x38, 0xf8, 0xf9, 0x00,
    0x00, 0x0b, 0x2f, 0x72, 0x28, 0xf5, 0x80, 0x00,
    0x00, 0x01, 0x3f, 0xff, 0xff, 0xf5, 0x40, 0x00,
    0x01, 0x8f, 0xaf, 0x60, 0x06, 0xfa, 0xfc, 0x30,
    0x3e, 0xe6, 0x0f, 0xed, 0xde, 0xf1, 0x3d, 0xf3,
    0x07, 0x00, 0x06, 0x6e, 0xd6, 0x60, 0x00, 0x60,
    0x06, 0x66, 0x66, 0x6e, 0xd6, 0x66, 0x66, 0x60,
    0x1f, 0xff, 0xff, 0xff, 0xff, 0xff, 0xff, 0xf2,
    0x00, 0x00, 0x1b, 0xee, 0xef, 0xb1, 0x00, 0x00,
    0x00, 0x18, 0xfc, 0x2c, 0xb2, 0xdf, 0x81, 0x00,
    0x2a, 0xff, 0x70, 0x0c, 0xb0, 0x06, 0xef, 0xc2,
    0x09, 0x70, 0x00, 0x0c, 0xb0, 0x00, 0x05, 0x70,

    /* U+6C17 "気" */
    0x00, 0x01, 0x82, 0x00, 0x00, 0x00, 0x00, 0x00,
    0x00, 0x06, 0xf4, 0x00, 0x00, 0x00, 0x00, 0x00,
    0x00, 0x0d, 0xff, 0xff, 0xff, 0xff, 0xff, 0xd0,
    0x00, 0x5f, 0x85, 0x55, 0x55, 0x55, 0x55, 0x40,
    0x01, 0xed, 0x55, 0x55, 0x55, 0x55, 0x51, 0x00,
    0x0c, 0xf3, 0xde, 0xee, 0xee, 0xee, 0xe5, 0x00,
    0x2b, 0x84, 0x44, 0x44, 0x44, 0x44, 0x20, 0x00,
    0x00, 0xcf, 0xff, 0xff, 0xff, 0xff, 0xb0, 0x00,
    0x00, 0x01, 0x00, 0x02, 0xb4, 0x0d, 0xb0, 0x00,
    0x00, 0x3f, 0xb2, 0x0c, 0xe1, 0x0c, 0xc0, 0x00,
    0x00, 0x04, 0xdf, 0xcf, 0x40, 0x0b, 0xd0, 0x00,
    0x00, 0x00, 0x1e, 0xfe, 0x30, 0x09, 0xf0, 0x20,
    0x00, 0x04, 0xdf, 0x7e, 0xf7, 0x06, 0xf2, 0xa5,
    0x03, 0xbf, 0xd2, 0x01, 0xcf, 0x21, 0xfc, 0xe4,
    0x07, 0xe7, 0x00, 0x00, 0x02, 0x00, 0x6f, 0xd0,
    0x00, 0x00, 0x00, 0x00, 0x00, 0x00, 0x00, 0x00,

    /* U+6C34 "水" */
    0x00, 0x00, 0x00, 0x0a, 0xe0, 0x00, 0x00, 0x00,
    0x00, 0x00, 0x00, 0x0a, 0xe0, 0x00, 0x00, 0x00,
    0x00, 0x00, 0x00, 0x0a, 0xe0, 0x00, 0x00, 0x00,
    0x00, 0x00, 0x00, 0x0a, 0xf0, 0x00, 0x0a, 0x70,
    0x17, 0x77, 0x77, 0x2a, 0xf5, 0x00, 0x8f, 0xa0,
    0x2f, 0xff, 0xff, 0x8a, 0xfb, 0x07, 0xfa, 0x00,
    0x00, 0x00, 0x7f, 0x4a, 0xff, 0x9f, 0x90, 0x00,
    0x00, 0x00, 0xce, 0x0a, 0xfe, 0xf7, 0x00, 0x00,
    0x00, 0x03, 0xf8, 0x0a, 0xe6, 0xf3, 0x00, 0x00,
    0x00, 0x0c, 0xf1, 0x0a, 0xe0, 0xde, 0x10, 0x00,
    0x00, 0x7f, 0x80, 0x0a, 0xe0, 0x3f, 0xc1, 0x00,
    0x07, 0xfc, 0x00, 0x0a, 0xe0, 0x06, 0xfd, 0x30,
    0x3f, 0xc1, 0x00, 0x0a, 0xe0, 0x00, 0x6f, 0xf5,
    0x03, 0x00, 0x5a, 0xae, 0xd0, 0x00, 0x03, 0x80,
    0x00, 0x00, 0x2f, 0xfd, 0x50, 0x00, 0x00, 0x00,

    /* U+6E08 "済" */
    0x01, 0xa2, 0x00, 0x00, 0x09, 0xf0, 0x00, 0x00,
    0x04, 0xff, 0x50, 0x00, 0x09, 0xf0, 0x00, 0x00,
    0x00, 0x1c, 0xec, 0xff, 0xff, 0xff, 0xff, 0xf4,
    0x00, 0x00, 0x35, 0x7f, 0xc6, 0x6b, 0xf8, 0x61,
    0x00, 0x00, 0x00, 0x07, 0xf9, 0x6f, 0x90, 0x00,
    0x1d, 0x81, 0x00, 0x00, 0xaf, 0xfd, 0x20, 0x00,
    0x19, 0xfe, 0x36, 0x9e, 0xfb, 0xaf, 0xfd, 0xa3,
    0x00, 0x39, 0x0e, 0xea, 0x20, 0x01, 0x7c, 0xc0,
    0x00, 0x00, 0x00, 0x8f, 0x55, 0x55, 0xdc, 0x00,
    0x00, 0x05, 0x50, 0x8f, 0xff, 0xff, 0xfc, 0x00,
    0x00, 0x0d, 0xc0, 0x8e, 0x00, 0x00, 0xbc, 0x00,
    0x00, 0x7f, 0x40, 0xbf, 0xff, 0xff, 0xfc, 0x00,
    0x01, 0xfb, 0x01, 0xfa, 0x55, 0x55, 0xdc, 0x00,
    0x0b, 0xf2, 0x0a, 0xf1, 0x00, 0x00, 0xbc, 0x00,
    0x04, 0x60, 0x3e, 0x60, 0x00, 0x00, 0xbc, 0x00,
    0x00, 0x00, 0x00, 0x00, 0x00, 0x00, 0x00, 0x00,

    /* U+706B "火" */
    0x00, 0x00, 0x00, 0x0e, 0xb0, 0x00, 0x00, 0x00,
    0x00, 0x00, 0x00, 0x0e, 0xb0, 0x00, 0x00, 0x00,
    0x00, 0x00, 0x00, 0x0e, 0xb0, 0x00, 0x00, 0x00,
    0x00, 0x0e, 0x50, 0x0e, 0xb0, 0x00, 0x3d, 0x40,
    0x00, 0x4f, 0x50, 0x0e, 0xb0, 0x00, 0xaf, 0x20,
    0x00, 0x9f, 0x10, 0x0f, 0xb0, 0x02, 0xf9, 0x00,
    0x02, 0xfb, 0x00, 0x1f, 0xe0, 0x0b, 0xe1, 0x00,
    0x0a, 0xf2, 0x00, 0x6f, 0xf2, 0x1c, 0x60, 0x00,
    0x00, 0x20, 0x00, 0xcb, 0xe9, 0x00, 0x00, 0x00,
    0x00, 0x00, 0x05, 0xf4, 0x7f, 0x30, 0x00, 0x00,
    0x00, 0x00, 0x2f, 0xb0, 0x0d, 0xe2, 0x00, 0x00,
    0x00, 0x03, 0xee, 0x10, 0x03, 0xfe, 0x30, 0x00,
    0x01, 0x8f, 0xe2, 0x00, 0x00, 0x3e, 0xf9, 0x10,
    0x1e, 0xfb, 0x10, 0x00, 0x00, 0x02, 0xbf, 0xe1,
    0x04, 0x40, 0x00, 0x00, 0x00, 0x00, 0x04, 0x40,

    /* U+753B "画" */
    0x4f, 0xff, 0xff, 0xff, 0xff, 0xff, 0xff, 0xf0,
    0x3f, 0xff, 0xff, 0xff, 0xff, 0xff, 0xff, 0xf0,
    0x00, 0x00, 0x00, 0x0e, 0x90, 0x00, 0x00, 0x00,
    0x07, 0x90, 0x78, 0x8f, 0xc8, 0x87, 0x09, 0x70,
    0x0a, 0xd0, 0xed, 0xcf, 0xec, 0xde, 0x0c, 0xa0,
    0x0a, 0xd0, 0xe5, 0x0d, 0x80, 0x6e, 0x0c, 0xa0,
    0x0a, 0xd0, 0xe8, 0x4e, 0xa4, 0x9e, 0x0c, 0xa0,
    0x0a, 0xd0, 0xef, 0xef, 0xfe, 0xfe, 0x0c, 0xa0,
    0x0a, 0xd0, 0xe5, 0x0d, 0x80, 0x6e, 0x0c, 0xa0,
    0x0a, 0xd0, 0xed, 0xbf, 0xdb, 0xde, 0x0c, 0xa0,
    0x0a, 0xd0, 0x78, 0x88, 0x88, 0x87, 0x0c, 0xa0,
    0x0a, 0xd1, 0x11, 0x11, 0x11, 0x11, 0x1d, 0xa0,
    0x0a, 0xff, 0xff, 0xff, 0xff, 0xff, 0xff, 0xa0,
    0x0a, 0xe6, 0x66, 0x66, 0x66, 0x66, 0x6d, 0xa0,

    /* U+7740 "着" */
    0x00, 0x00, 0x52, 0x00, 0x00, 0x35, 0x10, 0x00,
    0x00, 0x0d, 0xc0, 0x00, 0x0d, 0xd1, 0x00, 0x05,
    0xdd, 0xef, 0xed, 0xde, 0xfe, 0xdd, 0x30, 0x13,
    0x33, 0x33, 0xfb, 0x33, 0x33, 0x30, 0x00, 0x9f,
    0xff, 0xff, 0xff, 0xff, 0xf8, 0x00, 0x01, 0x33,
    0x33, 0xfb, 0x33, 0x33, 0x10, 0x1c, 0xcc, 0xcc,
    0xcf, 0xec, 0xcc, 0xcc, 0xb1, 0x88, 0x8f, 0xe8,
    0x88, 0x88, 0x88, 0x87, 0x00, 0x04, 0xff, 0xdd,
    0xdd, 0xdd, 0xd7, 0x00, 0x00, 0xdf, 0xd4, 0x44,
    0x44, 0x4f, 0x90, 0x00, 0xaf, 0xff, 0xdd, 0xdd,
    0xdd, 0xf9, 0x00, 0x9f, 0x8c, 0xc2, 0x22, 0x22,
    0x2f, 0x90, 0x6f, 0xa0, 0xcf, 0xee, 0xee, 0xee,
    0xf9, 0x00, 0x40, 0x0c, 0xc2, 0x22, 0x22, 0x2f,
    0x90, 0x00, 0x00, 0xcf, 0xff, 0xff, 0xff, 0xf9,
    0x00, 0x00, 0x00, 0x00, 0x00, 0x00, 0x00, 0x00,

    /* U+78BA "確" */
    0x00, 0x00, 0x00, 0x00, 0x00, 0x00, 0x00, 0x00,
    0x00, 0x00, 0x00, 0x00, 0x00, 0xe6, 0x00, 0x00,
    0x3f, 0xff, 0xff, 0x50, 0x05, 0xf3, 0x00, 0x00,
    0x16, 0xbe, 0x66, 0xcf, 0xff, 0xff, 0xff, 0xf3,
    0x00, 0xba, 0x00, 0xad, 0x8f, 0x96, 0x67, 0xf3,
    0x00, 0xe7, 0x00, 0x9a, 0xbe, 0x07, 0xf2, 0xd2,
    0x01, 0xf4, 0x00, 0x06, 0xfb, 0x6d, 0xc6, 0x50,
    0x05, 0xfd, 0xcc, 0x5f, 0xfd, 0xef, 0xed, 0xb0,
    0x0a, 0xf6, 0x9f, 0xdf, 0xe0, 0x3f, 0x30, 0x00,
    0x1f, 0xf0, 0x4f, 0x19, 0xff, 0xff, 0xff, 0x80,
    0x8f, 0xf0, 0x4f, 0x08, 0xe3, 0x5f, 0x53, 0x10,
    0x3c, 0xf0, 0x4f, 0x08, 0xe2, 0x5f, 0x52, 0x10,
    0x04, 0xf0, 0x4f, 0x08, 0xff, 0xff, 0xff, 0x80,
    0x03, 0xfe, 0xff, 0x08, 0xe0, 0x3f, 0x30, 0x00,
    0x03, 0xf5, 0x55, 0x08, 0xfa, 0xbf, 0xba, 0xa2,
    0x02, 0x90, 0x00, 0x08, 0xfa, 0xaa, 0xaa, 0xa2,

    /* U+7ADC "竜" */
    0x00, 0x00, 0x00, 0x0d, 0xc0, 0x00, 0x00, 0x00,
    0x00, 0x22, 0x22, 0x2d, 0xc2, 0x22, 0x22, 0x00,
    0x03, 0xff, 0xff, 0xff, 0xff, 0xff, 0xff, 0x50,
    0x00, 0x22, 0xcd, 0x22, 0x22, 0xce, 0x22, 0x00,
    0x05, 0x55, 0xaf, 0x65, 0x56, 0xfa, 0x55, 0x52,
    0x1f, 0xff, 0xff, 0xff, 0xff, 0xff, 0xff, 0xf6,
    0x00, 0x13, 0x22, 0x22, 0x22, 0x22, 0x21, 0x00,
    0x00, 0x8f, 0xff, 0xff, 0xff, 0xff, 0xfa, 0x00,
    0x00, 0x8f, 0x00, 0x0c, 0xb0, 0x00, 0xea, 0x00,
    0x00, 0x8f, 0xff, 0xff, 0xff, 0xff, 0xfa, 0x00,
    0x00, 0x8f, 0x22, 0x2d, 0xc2, 0x22, 0xea, 0x00,
    0x00, 0x8f, 0x33, 0x3d, 0xc3, 0x33, 0xea, 0x00,
    0x00, 0x8f, 0xff, 0xff, 0xff, 0xff, 0xf9, 0x20,
    0x00, 0x49, 0x00, 0x0c, 0xd3, 0x33, 0x34, 0xf9,
    0x00, 0x00, 0x00, 0x05, 0xef, 0xff, 0xff, 0xd3,

    /* U+7D42 "終" */
    0x00, 0x05, 0x00, 0x00, 0x06, 0x40, 0x00, 0x00,
    0x00, 0x6f, 0x10, 0x00, 0x3f, 0x50, 0x00, 0x00,
    0x00, 0xd8, 0x36, 0x00, 0xdf, 0xff, 0xff, 0x40,
    0x2d, 0xe0, 0xcb, 0x09, 0xfa, 0x55, 0xcf, 0x10,
    0x1d, 0xd6, 0xf1, 0x8f, 0xde, 0x13, 0xf8, 0x00,
    0x02, 0xef, 0x72, 0xa7, 0x0d, 0xce, 0xc0, 0x00,
    0x00, 0xab, 0x7c, 0x00, 0x05, 0xff, 0x20, 0x00,
    0x38, 0xf9, 0x9f, 0x40, 0x8f, 0xce, 0xe4, 0x00,
    0x6e, 0xdf, 0xdd, 0xde, 0xf8, 0x01, 0xbf, 0xc3,
    0x03, 0x1f, 0x66, 0x39, 0x29, 0xc4, 0x05, 0xb1,
    0x0d, 0x7f, 0x7f, 0x20, 0x01, 0x9f, 0xb0, 0x00,
    0x0f, 0x4f, 0x6a, 0x80, 0x30, 0x02, 0x50, 0x00,
    0x5f, 0x0f, 0x64, 0x56, 0xfe, 0x93, 0x00, 0x00,
    0x37, 0x0f, 0x60, 0x00, 0x06, 0xcf, 0xd6, 0x00,
    0x00, 0x0f, 0x60, 0x00, 0x00, 0x02, 0xac, 0x00,
    0x00, 0x00, 0x00, 0x00, 0x00, 0x00, 0x00, 0x00,

    /* U+7D61 "絡" */
    0x00, 0x05, 0x00, 0x00, 0x05, 0x40, 0x00, 0x00,
    0x00, 0x6f, 0x10, 0x00, 0x1f, 0x80, 0x00, 0x00,
    0x00, 0xd8, 0x35, 0x00, 0xbf, 0xff, 0xff, 0x60,
    0x2c, 0xe1, 0xcb, 0x07, 0xf9, 0x44, 0xaf, 0x20,
    0x2e, 0xc6, 0xf1, 0x6f, 0xee, 0x22, 0xf9, 0x00,
    0x02, 0xff, 0x62, 0xb8, 0x0c, 0xed, 0xc0, 0x00,
    0x00, 0xba, 0x7c, 0x00, 0x05, 0xff, 0x70, 0x00,
    0x38, 0xf9, 0x9f, 0x41, 0x9f, 0xb9, 0xfb, 0x30,
    0x5b, 0xaf, 0xbb, 0xef, 0xe6, 0x00, 0x3c, 0xf6,
    0x04, 0x2f, 0x78, 0x2c, 0xee, 0xee, 0xee, 0xa0,
    0x0d, 0x7f, 0x7f, 0x38, 0xf6, 0x66, 0x6f, 0x70,
    0x0f, 0x4f, 0x6a, 0x98, 0xe0, 0x00, 0x0f, 0x70,
    0x5f, 0x0f, 0x64, 0x58, 0xe0, 0x00, 0x0f, 0x70,
    0x48, 0x0f, 0x60, 0x08, 0xfe, 0xee, 0xef, 0x70,
    0x00, 0x0f, 0x60, 0x08, 0xf6, 0x66, 0x6f, 0x70,
    0x00, 0x00, 0x00, 0x00, 0x00, 0x00, 0x00, 0x00,

    /* U+7D9A "続" */
    0x00, 0x1a, 0x10, 0x00, 0x00, 0xe9, 0x00, 0x00,
    0x00, 0x7e, 0x00, 0x01, 0x11, 0xf9, 0x11, 0x10,
    0x00, 0xe7, 0x35, 0x6f, 0xff, 0xff, 0xff, 0xf3,
    0x2d, 0xe0, 0xcb, 0x02, 0x22, 0xfa, 0x22, 0x20,
    0x2e, 0xb6, 0xf1, 0x08, 0xaa, 0xfd, 0xaa, 0x60,
    0x03, 0xff, 0x62, 0x08, 0x99, 0x99, 0x99, 0x60,
    0x00, 0xca, 0x8c, 0x27, 0x77, 0x77, 0x77, 0x72,
    0x4a, 0xfa, 0xbf, 0xaf, 0xbb, 0xbb, 0xbb, 0xf5,
    0x5b, 0xbf, 0xbc, 0xfe, 0x26, 0x04, 0x60, 0xf5,
    0x02, 0x1f, 0x45, 0x48, 0x6e, 0x08, 0xe0, 0x92,
    0x0d, 0x7f, 0x7f, 0x10, 0x7e, 0x08, 0xe0, 0x00,
    0x0f, 0x4f, 0x4d, 0x60, 0xcb, 0x08, 0xe0, 0x00,
    0x5f, 0x0f, 0x47, 0x45, 0xf5, 0x08, 0xe0, 0x97,
    0x48, 0x0f, 0x40, 0x6f, 0xa0, 0x08, 0xe4, 0xd8,
    0x00, 0x0f, 0x42, 0xe9, 0x00, 0x04, 0xff, 0xe3,
    0x00, 0x02, 0x00, 0x00, 0x00, 0x00, 0x00, 0x00,

    /* U+7DDA "線" */
    0x00, 0x06, 0x00, 0x00, 0x00, 0x74, 0x00, 0x00,
    0x00, 0x6f, 0x10, 0x00, 0x03, 0xf6, 0x00, 0x00,
    0x00, 0xd9, 0x46, 0x0e, 0xff, 0xff, 0xff, 0xe0,
    0x2d, 0xf1, 0xda, 0x0f, 0x84, 0x44, 0x4a, 0xe0,
    0x1e, 0xb6, 0xe1, 0x0f, 0x95, 0x55, 0x5a, 0xe0,
    0x02, 0xff, 0x50, 0x0f, 0xdc, 0xcc, 0xce, 0xe0,
    0x00, 0xc9, 0x8b, 0x0f, 0x94, 0x44, 0x4a, 0xe0,
    0x4a, 0xfa, 0xcf, 0x4e, 0xee, 0xff, 0xee, 0xd0,
    0x5b, 0xaf, 0xac, 0xa0, 0x00, 0xea, 0x01, 0x60,
    0x03, 0x2f, 0x56, 0x8f, 0xfb, 0xef, 0x3d, 0xf3,
    0x0e, 0x6f, 0x6f, 0x45, 0xd9, 0xef, 0xfd, 0x20,
    0x1f, 0x3f, 0x4c, 0x64, 0xf3, 0xea, 0xf7, 0x00,
    0x5e, 0x0f, 0x45, 0x6e, 0x90, 0xe7, 0x6f, 0x91,
    0x36, 0x0f, 0x40, 0xeb, 0x24, 0xf6, 0x06, 0xf8,
    0x00, 0x0f, 0x40, 0x20, 0x4f, 0xe3, 0x00, 0x20,

    /* U+8377 "荷" */
    0x00, 0x00, 0x9c, 0x00, 0x00, 0xf9, 0x00, 0x00,
    0x05, 0x55, 0xbd, 0x55, 0x55, 0xfb, 0x55, 0x51,
    0x1f, 0xff, 0xff, 0xff, 0xff, 0xff, 0xff, 0xf4,
    0x00, 0x00, 0x9c, 0x00, 0x00, 0xf9, 0x00, 0x00,
    0x00, 0x02, 0x95, 0x00, 0x00, 0x63, 0x00, 0x00,
    0x00, 0x0a, 0xf7, 0xbb, 0xbb, 0xbb, 0xbb, 0xb4,
    0x00, 0x4f, 0x76, 0xbb, 0xbb, 0xbb, 0xef, 0xb4,
    0x02, 0xef, 0x31, 0x33, 0x33, 0x30, 0x9e, 0x00,
    0x2e, 0xff, 0x26, 0xff, 0xff, 0xf0, 0x9e, 0x00,
    0x2e, 0x8f, 0x26, 0xf0, 0x07, 0xf0, 0x9e, 0x00,
    0x00, 0x5f, 0x26, 0xf0, 0x07, 0xf0, 0x9e, 0x00,
    0x00, 0x5f, 0x26, 0xff, 0xff, 0xf0, 0x9e, 0x00,
    0x00, 0x5f, 0x26, 0xf4, 0x44, 0x40, 0x9e, 0x00,
    0x00, 0x5f, 0x21, 0x30, 0x02, 0x55, 0xce, 0x00,
    0x00, 0x5f, 0x20, 0x00, 0x01, 0xff, 0xe7, 0x00,
    0x00, 0x01, 0x00, 0x00, 0x00, 0x00, 0x00, 0x00,

    /* U+8A2D "設" */
    0x06, 0xff, 0xff, 0x40, 0xbf, 0xff, 0xf7, 0x00,
    0x01, 0x33, 0x33, 0x10, 0xbd, 0x55, 0xf7, 0x00,
    0x3e, 0xee, 0xee, 0xd0, 0xca, 0x00, 0xf7, 0x32,
    0x03, 0x33, 0x33, 0x31, 0xf7, 0x00, 0xf7, 0x8b,
    0x06, 0xdd, 0xdd, 0x6c, 0xf1, 0x00, 0xef, 0xf8,
    0x02, 0x55, 0x55, 0x5e, 0x40, 0x00, 0x14, 0x40,
    0x05, 0xaa, 0xaa, 0x4c, 0xbb, 0xbb, 0xbc, 0x80,
    0x05, 0xaa, 0xaa, 0x4c, 0xcd, 0xcc, 0xcf, 0x90,
    0x02, 0x44, 0x44, 0x10, 0xcb, 0x00, 0x5f, 0x30,
    0x08, 0xff, 0xff, 0x50, 0x5f, 0x62, 0xea, 0x00,
    0x08, 0xc0, 0x0f, 0x50, 0x0a, 0xfe, 0xd1, 0x00,
    0x08, 0xc0, 0x0f, 0x50, 0x07, 0xff, 0xa1, 0x00,
    0x08, 0xff, 0xff, 0x88, 0xef, 0xa9, 0xff, 0x93,
    0x08, 0xd4, 0x44, 0x5f, 0xa3, 0x00, 0x3a, 0xf4,
    0x00, 0x00, 0x00, 0x00, 0x00, 0x00, 0x00, 0x00,

    /* U+8A71 "話" */
    0x00, 0x00, 0x00, 0x00, 0x00, 0x00, 0x02, 0x00,
    0x06, 0xff, 0xff, 0x42, 0x46, 0x9b, 0xef, 0x90,
    0x01, 0x22, 0x22, 0x06, 0xed, 0xdf, 0x74, 0x10,
    0x3f, 0xff, 0xff, 0xc0, 0x00, 0x6f, 0x00, 0x00,
    0x14, 0x44, 0x44, 0x30, 0x00, 0x6f, 0x00, 0x00,
    0x02, 0x55, 0x55, 0x5b, 0xbb, 0xdf, 0xbb, 0xb5,
    0x06, 0xdd, 0xdd, 0x7c, 0xcc, 0xef, 0xcc, 0xc6,
    0x01, 0x33, 0x33, 0x10, 0x00, 0x6f, 0x00, 0x00,
    0x07, 0xff, 0xff, 0x40, 0x00, 0x6f, 0x00, 0x00,
    0x00, 0x21, 0x11, 0x00, 0xde, 0xff, 0xee, 0xb0,
    0x08, 0xff, 0xff, 0x50, 0xfb, 0x66, 0x6d, 0xc0,
    0x08, 0xd2, 0x2f, 0x50, 0xf7, 0x00, 0x0b, 0xc0,
    0x08, 0xc0, 0x0f, 0x50, 0xf7, 0x00, 0x0b, 0xc0,
    0x08, 0xe6, 0x6f, 0x50, 0xfd, 0xaa, 0xae, 0xc0,
    0x08, 0xfd, 0xdd, 0x40, 0xfe, 0xcc, 0xcf, 0xc0,
    0x00, 0x00, 0x00, 0x00, 0x10, 0x00, 0x00, 0x00,

    /* U+8A8D "認" */
    0x01, 0x22, 0x21, 0x00, 0x00, 0x00, 0x00, 0x00,
    0x0e, 0xff, 0xf9, 0x2f, 0xff, 0xff, 0xff, 0xe0,
    0x00, 0x00, 0x00, 0x1a, 0xad, 0xfa, 0xae, 0xd0,
    0x7b, 0xbb, 0xbb, 0x19, 0x7c, 0xa0, 0x0d, 0xc0,
    0x34, 0x44, 0x44, 0x17, 0xdf, 0xc3, 0x0e, 0xb0,
    0x0c, 0xdd, 0xd9, 0x00, 0x9f, 0xcc, 0x0f, 0xa0,
    0x04, 0x55, 0x53, 0x07, 0xf6, 0x1a, 0xaf, 0x80,
    0x04, 0x44, 0x42, 0x9f, 0x81, 0x0e, 0xff, 0x20,
    0x0d, 0xee, 0xe9, 0x14, 0x0c, 0xd5, 0x21, 0x00,
    0x03, 0x44, 0x42, 0x00, 0x14, 0xaf, 0x40, 0x00,
    0x0f, 0xff, 0xfa, 0x18, 0x8e, 0x05, 0x4d, 0x20,
    0x0f, 0x40, 0x9a, 0x5f, 0x8e, 0x00, 0x0d, 0xc0,
    0x0f, 0x40, 0x9a, 0xac, 0x7e, 0x00, 0xb8, 0xf4,
    0x0f, 0xff, 0xfc, 0xf5, 0x7f, 0x56, 0xf3, 0xe7,
    0x0e, 0x74, 0x42, 0x10, 0x3e, 0xff, 0xb0, 0x10,

    /* U+8A9E "語" */
    0x06, 0xff, 0xff, 0x1c, 0xff, 0xff, 0xff, 0xf2,
    0x01, 0x22, 0x22, 0x04, 0x5d, 0xe5, 0x55, 0x50,
    0x3f, 0xff, 0xff, 0xa3, 0x6e, 0xd6, 0x66, 0x10,
    0x14, 0x44, 0x44, 0x39, 0xff, 0xff, 0xff, 0x50,
    0x02, 0x55, 0x55, 0x01, 0x5f, 0x62, 0x4f, 0x50,
    0x06, 0xdd, 0xdd, 0x10, 0x6f, 0x20, 0x2f, 0x50,
    0x01, 0x33, 0x33, 0x4c, 0xef, 0xcc, 0xcf, 0xd8,
    0x07, 0xff, 0xff, 0x36, 0x66, 0x66, 0x66, 0x64,
    0x00, 0x21, 0x11, 0x03, 0x77, 0x77, 0x77, 0x50,
    0x08, 0xff, 0xff, 0x36, 0xfd, 0xdd, 0xdf, 0xb0,
    0x08, 0xd2, 0x3f, 0x36, 0xf0, 0x00, 0x0c, 0xb0,
    0x08, 0xc0, 0x2f, 0x36, 0xf0, 0x00, 0x0c, 0xb0,
    0x08, 0xfc, 0xdf, 0x36, 0xfe, 0xee, 0xef, 0xb0,
    0x08, 0xe7, 0x77, 0x16, 0xf7, 0x77, 0x7d, 0xb0,
    0x00, 0x00, 0x00, 0x00, 0x10, 0x00, 0x00, 0x00,

    /* U+8EE2 "転" */
    0x00, 0x08, 0xe0, 0x00, 0x00, 0x00, 0x00, 0x00,
    0x00, 0x08, 0xe0, 0x00, 0x38, 0x88, 0x88, 0x70,
    0x4f, 0xff, 0xff, 0xf9, 0x6f, 0xff, 0xff, 0xe0,
    0x16, 0x6b, 0xf6, 0x63, 0x00, 0x00, 0x00, 0x00,
    0x06, 0x7b, 0xf7, 0x72, 0x00, 0x00, 0x00, 0x00,
    0x0e, 0xbc, 0xe9, 0xf5, 0x00, 0x00, 0x00, 0x00,
    0x0e, 0x57, 0xc1, 0xe7, 0xbb, 0xbb, 0xbb, 0xb5,
    0x0e, 0xff, 0xff, 0xf7, 0xcc, 0xfe, 0xcc, 0xc5,
    0x0e, 0x46, 0xc0, 0xe5, 0x01, 0xf8, 0x00, 0x00,
    0x0e, 0xff, 0xfe, 0xf5, 0x04, 0xf4, 0x03, 0x00,
    0x01, 0x18, 0xe1, 0x10, 0x08, 0xf0, 0x5f, 0x30,
    0x7e, 0xef, 0xfe, 0xeb, 0x0b, 0xc0, 0x0d, 0xa0,
    0x37, 0x7b, 0xf7, 0x75, 0x0f, 0x81, 0x29, 0xf1,
    0x00, 0x08, 0xe0, 0x09, 0xef, 0xff, 0xff, 0xf6,
    0x00, 0x08, 0xe0, 0x04, 0x86, 0x54, 0x31, 0xb5,

    /* U+8F1D "輝" */
    0x00, 0x0d, 0x40, 0x00, 0x00, 0x00, 0x00, 0x00,
    0x03, 0x0d, 0x42, 0x2e, 0xff, 0xff, 0xff, 0xf6,
    0x0e, 0x3d, 0x4a, 0xae, 0x72, 0x57, 0x22, 0xf6,
    0x0a, 0x7d, 0x4e, 0x59, 0x52, 0x8f, 0x22, 0xa3,
    0x07, 0xbd, 0x7f, 0x08, 0xff, 0xff, 0xff, 0xf0,
    0x03, 0x5d, 0x76, 0x00, 0x11, 0x7f, 0x11, 0x10,
    0x5f, 0xff, 0xff, 0xc5, 0xff, 0xff, 0xff, 0xe0,
    0x27, 0xf9, 0xfa, 0x55, 0xd0, 0x7e, 0x05, 0xe0,
    0x00, 0xf3, 0xe6, 0x05, 0xfe, 0xff, 0xef, 0xe0,
    0x00, 0xf2, 0xe6, 0x05, 0xd1, 0x8f, 0x16, 0xe0,
    0x02, 0xf1, 0xe6, 0x04, 0xdd, 0xef, 0xdd, 0xc0,
    0x04, 0xf0, 0xeb, 0xc2, 0x22, 0x8f, 0x22, 0x21,
    0x09, 0xc5, 0xfe, 0x9f, 0xff, 0xff, 0xff, 0xf9,
    0x1f, 0x61, 0x50, 0x02, 0x22, 0x8f, 0x22, 0x21,
    0x2b, 0x00, 0x00, 0x00, 0x00, 0x7e, 0x00, 0x00,

    /* U+8FBC "込" */
    0x01, 0x10, 0x00, 0x00, 0x00, 0x00, 0x00, 0x00,
    0x0d, 0xe3, 0x00, 0x8f, 0xff, 0xa0, 0x00, 0x00,
    0x02, 0xdf, 0x30, 0x36, 0x6c, 0xc0, 0x00, 0x00,
    0x00, 0x1d, 0x50, 0x00, 0x08, 0xe0, 0x00, 0x00,
    0x00, 0x00, 0x00, 0x00, 0x0c, 0xf0, 0x00, 0x00,
    0x00, 0x00, 0x00, 0x00, 0x3f, 0xf4, 0x00, 0x00,
    0x03, 0x33, 0x10, 0x00, 0x8f, 0xf8, 0x00, 0x00,
    0x4f, 0xff, 0x40, 0x00, 0xdc, 0xae, 0x00, 0x00,
    0x02, 0x5f, 0x40, 0x05, 0xf5, 0x4f, 0x50, 0x00,
    0x00, 0x3f, 0x40, 0x1e, 0xd0, 0x0d, 0xe1, 0x00,
    0x00, 0x3f, 0x40, 0xcf, 0x30, 0x03, 0xfc, 0x10,
    0x00, 0x3f, 0x4c, 0xf6, 0x00, 0x00, 0x6f, 0xd1,
    0x01, 0xbf, 0xb5, 0x50, 0x00, 0x00, 0x04, 0x50,
    0x4f, 0xf6, 0xef, 0xa8, 0x77, 0x77, 0x77, 0x83,
    0x1d, 0x30, 0x18, 0xcf, 0xff, 0xff, 0xff, 0xf2,
    0x00, 0x00, 0x00, 0x00, 0x00, 0x00, 0x00, 0x00,

    /* U+9023 "連" */
    0x03, 0x20, 0x00, 0x00, 0x0e, 0x80, 0x00, 0x00,
    0x0e, 0xe2, 0x18, 0x88, 0x8f, 0xc8, 0x88, 0x70,
    0x03, 0xfd, 0x2e, 0xee, 0xef, 0xfe, 0xee, 0xd0,
    0x00, 0x5f, 0x40, 0x00, 0x0e, 0x90, 0x00, 0x00,
    0x00, 0x02, 0x06, 0xff, 0xff, 0xff, 0xff, 0x30,
    0x00, 0x00, 0x06, 0xf0, 0x0e, 0x90, 0x5f, 0x30,
    0x15, 0x55, 0x06, 0xff, 0xff, 0xff, 0xff, 0x30,
    0x5f, 0xff, 0x16, 0xf0, 0x0e, 0x90, 0x4f, 0x30,
    0x00, 0x6f, 0x16, 0xff, 0xff, 0xff, 0xff, 0x30,
    0x00, 0x6f, 0x10, 0x22, 0x2f, 0x92, 0x22, 0x00,
    0x00, 0x6f, 0x5d, 0xdd, 0xdf, 0xed, 0xdd, 0xd2,
    0x00, 0x6f, 0x48, 0x88, 0x8f, 0xc8, 0x88, 0x81,
    0x01, 0xcf, 0x80, 0x00, 0x0e, 0x80, 0x00, 0x00,
    0x3e, 0xe7, 0xfe, 0x97, 0x68, 0x76, 0x67, 0x72,
    0x1d, 0x20, 0x29, 0xdf, 0xff, 0xff, 0xff, 0xf1,
    0x00, 0x00, 0x00, 0x00, 0x00, 0x00, 0x00, 0x00,

    /* U+9032 "進" */
    0x01, 0x00, 0x00, 0x06, 0x50, 0x16, 0x20, 0x00,
    0x0d, 0xc1, 0x00, 0x1f, 0xa0, 0x6f, 0x40, 0x00,
    0x04, 0xfd, 0x10, 0xaf, 0x74, 0xce, 0x44, 0x30,
    0x00, 0x4f, 0x44, 0xff, 0xff, 0xff, 0xff, 0xd0,
    0x00, 0x01, 0x2e, 0xfa, 0x00, 0xf6, 0x00, 0x00,
    0x00, 0x01, 0xef, 0xec, 0x45, 0xf9, 0x44, 0x10,
    0x01, 0x11, 0x75, 0xdf, 0xff, 0xff, 0xff, 0x60,
    0x5f, 0xff, 0x10, 0xda, 0x00, 0xf6, 0x00, 0x00,
    0x00, 0x6f, 0x10, 0xdf, 0xff, 0xff, 0xff, 0x50,
    0x00, 0x6f, 0x10, 0xdc, 0x45, 0xf9, 0x44, 0x10,
    0x00, 0x6f, 0x10, 0xdb, 0x12, 0xf7, 0x11, 0x10,
    0x00, 0x6f, 0x10, 0xdf, 0xff, 0xff, 0xff, 0xf1,
    0x01, 0xcf, 0x80, 0x33, 0x33, 0x33, 0x33, 0x30,
    0x3e, 0xe7, 0xfe, 0x97, 0x66, 0x66, 0x67, 0x73,
    0x1d, 0x20, 0x29, 0xdf, 0xff, 0xff, 0xff, 0xf2,
    0x00, 0x00, 0x00, 0x00, 0x00, 0x00, 0x00, 0x00,

    /* U+91D1 "金" */
    0x00, 0x00, 0x00, 0x4f, 0xe1, 0x00, 0x00, 0x00,
    0x00, 0x00, 0x01, 0xef, 0xfb, 0x00, 0x00, 0x00,
    0x00, 0x00, 0x0c, 0xf8, 0xbf, 0x90, 0x00, 0x00,
    0x00, 0x00, 0xbf, 0xa0, 0x0c, 0xfa, 0x00, 0x00,
    0x00, 0x1c, 0xfa, 0x00, 0x00, 0xbf, 0xc1, 0x00,
    0x05, 0xef, 0xe8, 0x88, 0x88, 0x8e, 0xff, 0x60,
    0x4f, 0xd4, 0xdd, 0xdf, 0xfd, 0xdc, 0x3d, 0xf3,
    0x04, 0x00, 0x00, 0x0e, 0xa0, 0x00, 0x00, 0x30,
    0x00, 0x55, 0x55, 0x5f, 0xc5, 0x55, 0x55, 0x00,
    0x01, 0xff, 0xff, 0xff, 0xff, 0xff, 0xfe, 0x00,
    0x00, 0x06, 0x80, 0x0e, 0xa0, 0x0a, 0x50, 0x00,
    0x00, 0x05, 0xf3, 0x0e, 0xa0, 0x6f, 0x30, 0x00,
    0x00, 0x00, 0xca, 0x0e, 0xa1, 0xe7, 0x00, 0x00,
    0x09, 0xaa, 0xca, 0xaf, 0xea, 0xca, 0xaa, 0x80,
    0x0d, 0xff, 0xff, 0xff, 0xff, 0xff, 0xff, 0xc0,

    /* U+958B "開" */
    0xaf, 0xff, 0xff, 0x56, 0xff, 0xff, 0xfb, 0xad,
    0x11, 0x2f, 0x56, 0xf2, 0x11, 0xcb, 0xaf, 0xee,
    0xef, 0x56, 0xfe, 0xee, 0xfb, 0xad, 0x22, 0x4f,
    0x56, 0xf3, 0x22, 0xcb, 0xad, 0x33, 0x4f, 0x56,
    0xf3, 0x33, 0xdb, 0xaf, 0xee, 0xee, 0x45, 0xee,
    0xee, 0xfb, 0xad, 0x05, 0x66, 0x66, 0x66, 0x50,
    0xcb, 0xad, 0x0c, 0xef, 0xde, 0xfe, 0xc0, 0xcb,
    0xad, 0x00, 0x5f, 0x02, 0xf3, 0x00, 0xcb, 0xad,
    0x2e, 0xff, 0xee, 0xfe, 0xe3, 0xcb, 0xad, 0x15,
    0xaf, 0x57, 0xf8, 0x51, 0xcb, 0xad, 0x00, 0xab,
    0x02, 0xf3, 0x00, 0xcb, 0xad, 0x04, 0xf3, 0x02,
    0xf3, 0x67, 0xeb, 0xad, 0x0b, 0x70, 0x02, 0xf3,
    0xaf, 0xd4, 0x00, 0x00, 0x00, 0x00, 0x00, 0x00,
    0x00,

    /* U+9593 "間" */
    0xaf, 0xff, 0xff, 0x57, 0xff, 0xff, 0xfb, 0xae,
    0x11, 0x6f, 0x57, 0xf1, 0x11, 0xdb, 0xaf, 0xdd,
    0xef, 0x57, 0xfd, 0xdd, 0xfb, 0xae, 0x44, 0x7f,
    0x57, 0xf4, 0x44, 0xdb, 0xae, 0x22, 0x7f, 0x57,
    0xf2, 0x22, 0xdb, 0xaf, 0xff, 0xff, 0x56, 0xff,
    0xff, 0xfb, 0xad, 0x00, 0x21, 0x11, 0x11, 0x00,
    0xcb, 0xad, 0x04, 0xff, 0xff, 0xff, 0x00, 0xcb,
    0xad, 0x04, 0xf2, 0x00, 0x7f, 0x00, 0xcb, 0xad,
    0x04, 0xff, 0xff, 0xff, 0x00, 0xcb, 0xad, 0x04,
    0xf4, 0x22, 0x9f, 0x00, 0xcb, 0xad, 0x04, 0xf4,
    0x33, 0x9f, 0x00, 0xcb, 0xad, 0x04, 0xff, 0xff,
    0xff, 0x87, 0xeb, 0xad, 0x03, 0xc1, 0x00, 0x00,
    0xff, 0xe4, 0x00, 0x00, 0x00, 0x00, 0x00, 0x00,
    0x00,

    /* U+967D "陽" */
    0x00, 0x00, 0x00, 0x00, 0x00, 0x00, 0x00, 0x0e,
    0xff, 0xf8, 0x0f, 0xff, 0xff, 0xff, 0x00, 0xe9,
    0x6f, 0x70, 0xf6, 0x11, 0x17, 0xf0, 0x0e, 0x64,
    0xf1, 0x0f, 0xff, 0xff, 0xff, 0x00, 0xe6, 0x8c,
    0x00, 0xf6, 0x11, 0x16, 0xf0, 0x0e, 0x6d, 0x60,
    0x0f, 0xee, 0xee, 0xef, 0x00, 0xe6, 0xab, 0x00,
    0x33, 0x33, 0x33, 0x30, 0x0e, 0x62, 0xfa, 0xff,
    0xff, 0xff, 0xff, 0xf4, 0xe6, 0x0d, 0x94, 0xbe,
    0x44, 0x44, 0x44, 0x1e, 0x60, 0xc9, 0x2f, 0xc9,
    0x99, 0x99, 0x60, 0xe7, 0x7f, 0x8d, 0xee, 0xfe,
    0xfe, 0xfb, 0x0e, 0x6d, 0xbe, 0xb1, 0xca, 0x2f,
    0x3b, 0xa0, 0xe6, 0x00, 0x31, 0xcc, 0x1c, 0xa0,
    0xd8, 0x0e, 0x60, 0x04, 0xeb, 0x1b, 0xd4, 0x5f,
    0x60, 0xe6, 0x00, 0x16, 0x02, 0xb1, 0x8f, 0xc1,
    0x00,

    /* U+96E8 "雨" */
    0x5f, 0xff, 0xff, 0xff, 0xff, 0xff, 0xff, 0xf1,
    0x5f, 0xff, 0xff, 0xff, 0xff, 0xff, 0xff, 0xf1,
    0x00, 0x00, 0x00, 0x0e, 0x90, 0x00, 0x00, 0x00,
    0x01, 0x33, 0x33, 0x3f, 0xa3, 0x33, 0x33, 0x10,
    0x07, 0xff, 0xff, 0xff, 0xff, 0xff, 0xff, 0x80,
    0x07, 0xf3, 0x33, 0x3f, 0xa3, 0x33, 0x3f, 0x80,
    0x07, 0xf4, 0xd4, 0x0e, 0x9a, 0xb2, 0x0f, 0x80,
    0x07, 0xf0, 0x8f, 0x7e, 0x91, 0xbf, 0x6f, 0x80,
    0x07, 0xf0, 0x03, 0x2e, 0x90, 0x04, 0x1f, 0x80,
    0x07, 0xf6, 0xb2, 0x0e, 0x9d, 0x91, 0x0f, 0x80,
    0x07, 0xf1, 0xbf, 0x5e, 0x93, 0xde, 0x4f, 0x80,
    0x07, 0xf0, 0x07, 0x3e, 0x90, 0x08, 0x1f, 0x80,
    0x07, 0xf0, 0x00, 0x0e, 0x90, 0x13, 0x3f, 0x80,
    0x07, 0xf0, 0x00, 0x0e, 0x90, 0x2f, 0xfe, 0x30,
    0x00, 0x00, 0x00, 0x00, 0x00, 0x01, 0x10, 0x00,

    /* U+96FB "電" */
    0x0f, 0xff, 0xff, 0xff, 0xff, 0xff, 0xd0, 0x00,
    0x33, 0x33, 0x3e, 0xb3, 0x33, 0x32, 0x00, 0xef,
    0xff, 0xff, 0xff, 0xff, 0xff, 0xfd, 0x0e, 0x73,
    0x44, 0x2d, 0xa3, 0x44, 0x39, 0xd0, 0xe7, 0x8b,
    0xb5, 0xda, 0x6b, 0xb8, 0x8d, 0x03, 0x2b, 0xbb,
    0x5d, 0xa7, 0xbb, 0xb3, 0x30, 0x00, 0x33, 0x31,
    0x97, 0x23, 0x33, 0x00, 0x00, 0x7f, 0xff, 0xff,
    0xff, 0xff, 0xf7, 0x00, 0x07, 0xf0, 0x00, 0xe8,
    0x00, 0x0f, 0x70, 0x00, 0x7f, 0xff, 0xff, 0xff,
    0xff, 0xf7, 0x00, 0x07, 0xf0, 0x00, 0xe8, 0x00,
    0x0f, 0x70, 0x00, 0x7f, 0xff, 0xff, 0xff, 0xff,
    0xf7, 0x71, 0x06, 0xd1, 0x11, 0xec, 0x44, 0x44,
    0x5f, 0x40, 0x00, 0x00, 0x07, 0xef, 0xff, 0xff,
    0xb0,

    /* U+9762 "面" */
    0x2f, 0xff, 0xff, 0xff, 0xff, 0xff, 0xff, 0xf3,
    0x07, 0x77, 0x77, 0x8f, 0xc7, 0x77, 0x77, 0x71,
    0x00, 0x00, 0x00, 0x4f, 0x60, 0x00, 0x00, 0x00,
    0x02, 0x66, 0x66, 0xaf, 0x86, 0x66, 0x66, 0x20,
    0x07, 0xff, 0xff, 0xff, 0xff, 0xff, 0xff, 0x60,
    0x07, 0xf0, 0x0f, 0x60, 0x09, 0xc0, 0x2f, 0x60,
    0x07, 0xf0, 0x0f, 0x94, 0x4b, 0xc0, 0x2f, 0x60,
    0x07, 0xf0, 0x0f, 0xff, 0xff, 0xc0, 0x2f, 0x60,
    0x07, 0xf0, 0x0f, 0x60, 0x09, 0xc0, 0x2f, 0x60,
    0x07, 0xf0, 0x0f, 0xfe, 0xef, 0xc0, 0x2f, 0x60,
    0x07, 0xf0, 0x0f, 0x95, 0x5b, 0xc0, 0x2f, 0x60,
    0x07, 0xf0, 0x0f, 0x60, 0x09, 0xc0, 0x2f, 0x60,
    0x07, 0xfe, 0xef, 0xfe, 0xef, 0xfe, 0xef, 0x60,
    0x07, 0xf8, 0x88, 0x88, 0x88, 0x88, 0x9f, 0x60,

    /* U+9806 "順" */
    0x0d, 0x50, 0x05, 0xe8, 0xff, 0xff, 0xff, 0xf0,
    0x0e, 0x5b, 0x25, 0xe2, 0x44, 0xbf, 0x44, 0x40,
    0x0e, 0x5e, 0x35, 0xe1, 0x66, 0xdd, 0x66, 0x30,
    0x0e, 0x5e, 0x35, 0xe2, 0xfd, 0xcc, 0xcf, 0x80,
    0x0e, 0x5e, 0x35, 0xe2, 0xf3, 0x00, 0x0e, 0x80,
    0x0e, 0x5e, 0x35, 0xe2, 0xfe, 0xee, 0xef, 0x80,
    0x0e, 0x5e, 0x35, 0xe2, 0xf6, 0x33, 0x3f, 0x80,
    0x0e, 0x5e, 0x35, 0xe2, 0xf8, 0x66, 0x6f, 0x80,
    0x0e, 0x5e, 0x35, 0xe2, 0xfb, 0xaa, 0xaf, 0x80,
    0x0f, 0x4e, 0x35, 0xe2, 0xf3, 0x00, 0x0e, 0x80,
    0x1f, 0x2e, 0x35, 0xe2, 0xff, 0xff, 0xff, 0x80,
    0x3f, 0x0e, 0x35, 0xe0, 0x39, 0x43, 0x84, 0x10,
    0x8d, 0x00, 0x05, 0xe1, 0xaf, 0x51, 0xce, 0x40,
    0x97, 0x00, 0x03, 0xbd, 0xd3, 0x00, 0x0a, 0xf1,
    0x00, 0x00, 0x00, 0x02, 0x00, 0x00, 0x00, 0x20,

    /* U+98A8 "風" */
    0x00, 0xaf, 0xff, 0xff, 0xff, 0xff, 0xf9, 0x00,
    0x00, 0xae, 0x66, 0x66, 0x66, 0x66, 0xf9, 0x00,
    0x00, 0xac, 0x34, 0x68, 0xac, 0xe2, 0xe9, 0x00,
    0x00, 0xac, 0xcf, 0xef, 0xc8, 0x51, 0xd9, 0x00,
    0x00, 0xac, 0x00, 0x0e, 0x60, 0x00, 0xd9, 0x00,
    0x00, 0xac, 0x8f, 0xff, 0xff, 0xf3, 0xd9, 0x00,
    0x00, 0xac, 0x9b, 0x3f, 0x83, 0xf4, 0xd9, 0x00,
    0x00, 0xbb, 0x99, 0x0e, 0x60, 0xf4, 0xca, 0x00,
    0x00, 0xd9, 0x9b, 0x4f, 0x94, 0xf4, 0xba, 0x00,
    0x00, 0xf7, 0x8e, 0xef, 0xfe, 0xe3, 0xab, 0x00,
    0x03, 0xf3, 0x00, 0x0e, 0x63, 0xc1, 0x8d, 0x20,
    0x09, 0xf3, 0x67, 0x8f, 0xcb, 0xf9, 0x6f, 0x66,
    0x1f, 0x95, 0xdb, 0xa9, 0x87, 0x8f, 0x4f, 0xe5,
    0x2c, 0x10, 0x00, 0x00, 0x00, 0x05, 0x0a, 0xe1,
    0x00, 0x00, 0x00, 0x00, 0x00, 0x00, 0x00, 0x00
};

/*---------------------
 *  GLYPH DESCRIPTION
 *--------------------*/

static const lv_font_fmt_txt_glyph_dsc_t glyph_dsc[] = {
    {.bitmap_index = 0, .adv_w = 0, .box_w = 0, .box_h = 0, .ofs_x = 0, .ofs_y = 0} /* id = 0 reserved */,
    {.bitmap_index = 0, .adv_w = 58, .box_w = 0, .box_h = 0, .ofs_x = 0, .ofs_y = 0},
    {.bitmap_index = 0, .adv_w = 88, .box_w = 3, .box_h = 12, .ofs_x = 1, .ofs_y = 0},
    {.bitmap_index = 18, .adv_w = 133, .box_w = 6, .box_h = 6, .ofs_x = 1, .ofs_y = 7},
    {.bitmap_index = 36, .adv_w = 146, .box_w = 9, .box_h = 12, .ofs_x = 0, .ofs_y = 0},
    {.bitmap_index = 90, .adv_w = 146, .box_w = 9, .box_h = 16, .ofs_x = 0, .ofs_y = -2},
    {.bitmap_index = 162, .adv_w = 240, .box_w = 15, .box_h = 12, .ofs_x = 0, .ofs_y = 0},
    {.bitmap_index = 252, .adv_w = 181, .box_w = 12, .box_h = 12, .ofs_x = 0, .ofs_y = 0},
    {.bitmap_index = 324, .adv_w = 76, .box_w = 3, .box_h = 6, .ofs_x = 1, .ofs_y = 7},
    {.bitmap_index = 333, .adv_w = 91, .box_w = 4, .box_h = 18, .ofs_x = 1, .ofs_y = -4},
    {.bitmap_index = 369, .adv_w = 91, .box_w = 5, .box_h = 18, .ofs_x = 0, .ofs_y = -4},
    {.bitmap_index = 414, .adv_w = 124, .box_w = 7, .box_h = 6, .ofs_x = 0, .ofs_y = 7},
    {.bitmap_index = 435, .adv_w = 146, .box_w = 9, .box_h = 9, .ofs_x = 0, .ofs_y = 2},
    {.bitmap_index = 476, .adv_w = 76, .box_w = 4, .box_h = 7, .ofs_x = 0, .ofs_y = -4},
    {.bitmap_index = 490, .adv_w = 91, .box_w = 5, .box_h = 3, .ofs_x = 0, .ofs_y = 3},
    {.bitmap_index = 498, .adv_w = 76, .box_w = 3, .box_h = 3, .ofs_x = 1, .ofs_y = 0},
    {.bitmap_index = 503, .adv_w = 100, .box_w = 6, .box_h = 16, .ofs_x = 0, .ofs_y = -3},
    {.bitmap_index = 551, .adv_w = 146, .box_w = 9, .box_h = 12, .ofs_x = 0, .ofs_y = 0},
    {.bitmap_index = 605, .adv_w = 146, .box_w = 8, .box_h = 12, .ofs_x = 1, .ofs_y = 0},
    {.bitmap_index = 653, .adv_w = 146, .box_w = 9, .box_h = 12, .ofs_x = 0, .ofs_y = 0},
    {.bitmap_index = 707, .adv_w = 146, .box_w = 9, .box_h = 12, .ofs_x = 0, .ofs_y = 0},
    {.bitmap_index = 761, .adv_w = 146, .box_w = 9, .box_h = 12, .ofs_x = 0, .ofs_y = 0},
    {.bitmap_index = 815, .adv_w = 146, .box_w = 9, .box_h = 12, .ofs_x = 0, .ofs_y = 0},
    {.bitmap_index = 869, .adv_w = 146, .box_w = 9, .box_h = 12, .ofs_x = 0, .ofs_y = 0},
    {.bitmap_index = 923, .adv_w = 146, .box_w = 9, .box_h = 12, .ofs_x = 0, .ofs_y = 0},
    {.bitmap_index = 977, .adv_w = 146, .box_w = 9, .box_h = 12, .ofs_x = 0, .ofs_y = 0},
    {.bitmap_index = 1031, .adv_w = 146, .box_w = 9, .box_h = 12, .ofs_x = 0, .ofs_y = 0},
    {.bitmap_index = 1085, .adv_w = 76, .box_w = 3, .box_h = 9, .ofs_x = 1, .ofs_y = 0},
    {.bitmap_index = 1099, .adv_w = 76, .box_w = 4, .box_h = 13, .ofs_x = 0, .ofs_y = -4},
    {.bitmap_index = 1125, .adv_w = 146, .box_w = 9, .box_h = 8, .ofs_x = 0, .ofs_y = 2},
    {.bitmap_index = 1161, .adv_w = 146, .box_w = 9, .box_h = 6, .ofs_x = 0, .ofs_y = 3},
    {.bitmap_index = 1188, .adv_w = 146, .box_w = 9, .box_h = 8, .ofs_x = 0, .ofs_y = 2},
    {.bitmap_index = 1224, .adv_w = 126, .box_w = 8, .box_h = 12, .ofs_x = 0, .ofs_y = 0},
    {.bitmap_index = 1272, .adv_w = 249, .box_w = 15, .box_h = 15, .ofs_x = 0, .ofs_y = -3},
    {.bitmap_index = 1385, .adv_w = 159, .box_w = 10, .box_h = 12, .ofs_x = 0, .ofs_y = 0},
    {.bitmap_index = 1445, .adv_w = 171, .box_w = 9, .box_h = 12, .ofs_x = 1, .ofs_y = 0},
    {.bitmap_index = 1499, .adv_w = 165, .box_w = 10, .box_h = 12, .ofs_x = 0, .ofs_y = 0},
    {.bitmap_index = 1559, .adv_w = 179, .box_w = 10, .box_h = 12, .ofs_x = 1, .ofs_y = 0},
    {.bitmap_index = 1619, .adv_w = 154, .box_w = 8, .box_h = 12, .ofs_x = 1, .ofs_y = 0},
    {.bitmap_index = 1667, .adv_w = 145, .box_w = 8, .box_h = 12, .ofs_x = 1, .ofs_y = 0},
    {.bitmap_index = 1715, .adv_w = 179, .box_w = 11, .box_h = 12, .ofs_x = 0, .ofs_y = 0},
    {.bitmap_index = 1781, .adv_w = 190, .box_w = 10, .box_h = 12, .ofs_x = 1, .ofs_y = 0},
    {.bitmap_index = 1841, .adv_w = 79, .box_w = 3, .box_h = 12, .ofs_x = 1, .ofs_y = 0},
    {.bitmap_index = 1859, .adv_w = 141, .box_w = 8, .box_h = 12, .ofs_x = 0, .ofs_y = 0},
    {.bitmap_index = 1907, .adv_w = 170, .box_w = 10, .box_h = 12, .ofs_x = 1, .ofs_y = 0},
    {.bitmap_index = 1967, .adv_w = 143, .box_w = 8, .box_h = 12, .ofs_x = 1, .ofs_y = 0},
    {.bitmap_index = 2015, .adv_w = 212, .box_w = 11, .box_h = 12, .ofs_x = 1, .ofs_y = 0},
    {.bitmap_index = 2081, .adv_w = 188, .box_w = 10, .box_h = 12, .ofs_x = 1, .ofs_y = 0},
    {.bitmap_index = 2141, .adv_w = 193, .box_w = 12, .box_h = 12, .ofs_x = 0, .ofs_y = 0},
    {.bitmap_index = 2213, .adv_w = 166, .box_w = 9, .box_h = 12, .ofs_x = 1, .ofs_y = 0},
    {.bitmap_index = 2267, .adv_w = 193, .box_w = 12, .box_h = 15, .ofs_x = 0, .ofs_y = -3},
    {.bitmap_index = 2357, .adv_w = 168, .box_w = 10, .box_h = 12, .ofs_x = 1, .ofs_y = 0},
    {.bitmap_index = 2417, .adv_w = 156, .box_w = 10, .box_h = 12, .ofs_x = 0, .ofs_y = 0},
    {.bitmap_index = 2477, .adv_w = 156, .box_w = 10, .box_h = 12, .ofs_x = 0, .ofs_y = 0},
    {.bitmap_index = 2537, .adv_w = 188, .box_w = 10, .box_h = 12, .ofs_x = 1, .ofs_y = 0},
    {.bitmap_index = 2597, .adv_w = 152, .box_w = 11, .box_h = 12, .ofs_x = -1, .ofs_y = 0},
    {.bitmap_index = 2663, .adv_w = 229, .box_w = 14, .box_h = 12, .ofs_x = 0, .ofs_y = 0},
    {.bitmap_index = 2747, .adv_w = 153, .box_w = 10, .box_h = 12, .ofs_x = 0, .ofs_y = 0},
    {.bitmap_index = 2807, .adv_w = 142, .box_w = 10, .box_h = 12, .ofs_x = -1, .ofs_y = 0},
    {.bitmap_index = 2867, .adv_w = 155, .box_w = 10, .box_h = 12, .ofs_x = 0, .ofs_y = 0},
    {.bitmap_index = 2927, .adv_w = 91, .box_w = 5, .box_h = 16, .ofs_x = 1, .ofs_y = -3},
    {.bitmap_index = 2967, .adv_w = 100, .box_w = 7, .box_h = 16, .ofs_x = 0, .ofs_y = -3},
    {.bitmap_index = 3023, .adv_w = 91, .box_w = 5, .box_h = 16, .ofs_x = 0, .ofs_y = -3},
    {.bitmap_index = 3063, .adv_w = 146, .box_w = 8, .box_h = 7, .ofs_x = 1, .ofs_y = 5},
    {.bitmap_index = 3091, .adv_w = 144, .box_w = 9, .box_h = 2, .ofs_x = 0, .ofs_y = -3},
    {.bitmap_index = 3100, .adv_w = 157, .box_w = 4, .box_h = 5, .ofs_x = 2, .ofs_y = 10},
    {.bitmap_index = 3110, .adv_w = 147, .box_w = 8, .box_h = 9, .ofs_x = 0, .ofs_y = 0},
    {.bitmap_index = 3146, .adv_w = 161, .box_w = 9, .box_h = 13, .ofs_x = 1, .ofs_y = 0},
    {.bitmap_index = 3205, .adv_w = 132, .box_w = 8, .box_h = 9, .ofs_x = 0, .ofs_y = 0},
    {.bitmap_index = 3241, .adv_w = 161, .box_w = 9, .box_h = 13, .ofs_x = 0, .ofs_y = 0},
    {.bitmap_index = 3300, .adv_w = 145, .box_w = 9, .box_h = 9, .ofs_x = 0, .ofs_y = 0},
    {.bitmap_index = 3341, .adv_w = 89, .box_w = 7, .box_h = 13, .ofs_x = 0, .ofs_y = 0},
    {.bitmap_index = 3387, .adv_w = 148, .box_w = 10, .box_h = 13, .ofs_x = 0, .ofs_y = -4},
    {.bitmap_index = 3452, .adv_w = 159, .box_w = 8, .box_h = 13, .ofs_x = 1, .ofs_y = 0},
    {.bitmap_index = 3504, .adv_w = 74, .box_w = 3, .box_h = 13, .ofs_x = 1, .ofs_y = 0},
    {.bitmap_index = 3524, .adv_w = 74, .box_w = 5, .box_h = 17, .ofs_x = -1, .ofs_y = -4},
    {.bitmap_index = 3567, .adv_w = 147, .box_w = 9, .box_h = 13, .ofs_x = 1, .ofs_y = 0},
    {.bitmap_index = 3626, .adv_w = 76, .box_w = 4, .box_h = 13, .ofs_x = 1, .ofs_y = 0},
    {.bitmap_index = 3652, .adv_w = 241, .box_w = 13, .box_h = 9, .ofs_x = 1, .ofs_y = 0},
    {.bitmap_index = 3711, .adv_w = 160, .box_w = 8, .box_h = 9, .ofs_x = 1, .ofs_y = 0},
    {.bitmap_index = 3747, .adv_w = 157, .box_w = 10, .box_h = 9, .ofs_x = 0, .ofs_y = 0},
    {.bitmap_index = 3792, .adv_w = 161, .box_w = 9, .box_h = 13, .ofs_x = 1, .ofs_y = -4},
    {.bitmap_index = 3851, .adv_w = 161, .box_w = 9, .box_h = 13, .ofs_x = 0, .ofs_y = -4},
    {.bitmap_index = 3910, .adv_w = 105, .box_w = 6, .box_h = 10, .ofs_x = 1, .ofs_y = 0},
    {.bitmap_index = 3940, .adv_w = 123, .box_w = 8, .box_h = 9, .ofs_x = 0, .ofs_y = 0},
    {.bitmap_index = 3976, .adv_w = 101, .box_w = 7, .box_h = 12, .ofs_x = 0, .ofs_y = 0},
    {.bitmap_index = 4018, .adv_w = 159, .box_w = 8, .box_h = 9, .ofs_x = 1, .ofs_y = 0},
    {.bitmap_index = 4054, .adv_w = 140, .box_w = 9, .box_h = 9, .ofs_x = 0, .ofs_y = 0},
    {.bitmap_index = 4095, .adv_w = 212, .box_w = 13, .box_h = 9, .ofs_x = 0, .ofs_y = 0},
    {.bitmap_index = 4154, .adv_w = 135, .box_w = 9, .box_h = 9, .ofs_x = 0, .ofs_y = 0},
    {.bitmap_index = 4195, .adv_w = 139, .box_w = 9, .box_h = 13, .ofs_x = 0, .ofs_y = -4},
    {.bitmap_index = 4254, .adv_w = 126, .box_w = 8, .box_h = 9, .ofs_x = 0, .ofs_y = 0},
    {.bitmap_index = 4290, .adv_w = 91, .box_w = 6, .box_h = 16, .ofs_x = 0, .ofs_y = -3},
    {.bitmap_index = 4338, .adv_w = 72, .box_w = 2, .box_h = 18, .ofs_x = 1, .ofs_y = -4},
    {.bitmap_index = 4356, .adv_w = 91, .box_w = 6, .box_h = 16, .ofs_x = 0, .ofs_y = -3},
    {.bitmap_index = 4404, .adv_w = 146, .box_w = 9, .box_h = 4, .ofs_x = 0, .ofs_y = 4},
    {.bitmap_index = 4422, .adv_w = 256, .box_w = 6, .box_h = 5, .ofs_x = 0, .ofs_y = -1},
    {.bitmap_index = 4437, .adv_w = 256, .box_w = 13, .box_h = 14, .ofs_x = 1, .ofs_y = -1},
    {.bitmap_index = 4528, .adv_w = 256, .box_w = 14, .box_h = 15, .ofs_x = 1, .ofs_y = -1},
    {.bitmap_index = 4633, .adv_w = 256, .box_w = 14, .box_h = 13, .ofs_x = 1, .ofs_y = -1},
    {.bitmap_index = 4724, .adv_w = 256, .box_w = 14, .box_h = 14, .ofs_x = 1, .ofs_y = -1},
    {.bitmap_index = 4822, .adv_w = 256, .box_w = 15, .box_h = 14, .ofs_x = 1, .ofs_y = -1},
    {.bitmap_index = 4927, .adv_w = 256, .box_w = 15, .box_h = 14, .ofs_x = 1, .ofs_y = -1},
    {.bitmap_index = 5032, .adv_w = 256, .box_w = 16, .box_h = 15, .ofs_x = 0, .ofs_y = -1},
    {.bitmap_index = 5152, .adv_w = 256, .box_w = 10, .box_h = 16, .ofs_x = 2, .ofs_y = -2},
    {.bitmap_index = 5232, .adv_w = 256, .box_w = 15, .box_h = 16, .ofs_x = 1, .ofs_y = -2},
    {.bitmap_index = 5352, .adv_w = 256, .box_w = 12, .box_h = 13, .ofs_x = 2, .ofs_y = -1},
    {.bitmap_index = 5430, .adv_w = 256, .box_w = 14, .box_h = 15, .ofs_x = 2, .ofs_y = -1},
    {.bitmap_index = 5535, .adv_w = 256, .box_w = 12, .box_h = 14, .ofs_x = 2, .ofs_y = -1},
    {.bitmap_index = 5619, .adv_w = 256, .box_w = 12, .box_h = 15, .ofs_x = 3, .ofs_y = -1},
    {.bitmap_index = 5709, .adv_w = 256, .box_w = 14, .box_h = 15, .ofs_x = 1, .ofs_y = -1},
    {.bitmap_index = 5814, .adv_w = 256, .box_w = 15, .box_h = 14, .ofs_x = 0, .ofs_y = -1},
    {.bitmap_index = 5919, .adv_w = 256, .box_w = 14, .box_h = 14, .ofs_x = 1, .ofs_y = -1},
    {.bitmap_index = 6017, .adv_w = 256, .box_w = 15, .box_h = 14, .ofs_x = 1, .ofs_y = -1},
    {.bitmap_index = 6122, .adv_w = 256, .box_w = 13, .box_h = 15, .ofs_x = 1, .ofs_y = -1},
    {.bitmap_index = 6220, .adv_w = 256, .box_w = 12, .box_h = 10, .ofs_x = 2, .ofs_y = -1},
    {.bitmap_index = 6280, .adv_w = 256, .box_w = 14, .box_h = 11, .ofs_x = 1, .ofs_y = 0},
    {.bitmap_index = 6357, .adv_w = 256, .box_w = 16, .box_h = 15, .ofs_x = 0, .ofs_y = -1},
    {.bitmap_index = 6477, .adv_w = 256, .box_w = 14, .box_h = 13, .ofs_x = 1, .ofs_y = -1},
    {.bitmap_index = 6568, .adv_w = 256, .box_w = 14, .box_h = 13, .ofs_x = 1, .ofs_y = -1},
    {.bitmap_index = 6659, .adv_w = 256, .box_w = 11, .box_h = 14, .ofs_x = 3, .ofs_y = -1},
    {.bitmap_index = 6736, .adv_w = 256, .box_w = 14, .box_h = 15, .ofs_x = 2, .ofs_y = -1},
    {.bitmap_index = 6841, .adv_w = 256, .box_w = 14, .box_h = 14, .ofs_x = 1, .ofs_y = -1},
    {.bitmap_index = 6939, .adv_w = 256, .box_w = 14, .box_h = 13, .ofs_x = 1, .ofs_y = -1},
    {.bitmap_index = 7030, .adv_w = 256, .box_w = 15, .box_h = 14, .ofs_x = 1, .ofs_y = -1},
    {.bitmap_index = 7135, .adv_w = 256, .box_w = 16, .box_h = 12, .ofs_x = 0, .ofs_y = 0},
    {.bitmap_index = 7231, .adv_w = 256, .box_w = 15, .box_h = 14, .ofs_x = 1, .ofs_y = -1},
    {.bitmap_index = 7336, .adv_w = 256, .box_w = 13, .box_h = 14, .ofs_x = 2, .ofs_y = -1},
    {.bitmap_index = 7427, .adv_w = 256, .box_w = 15, .box_h = 15, .ofs_x = 1, .ofs_y = -2},
    {.bitmap_index = 7540, .adv_w = 256, .box_w = 15, .box_h = 14, .ofs_x = 1, .ofs_y = -1},
    {.bitmap_index = 7645, .adv_w = 256, .box_w = 14, .box_h = 14, .ofs_x = 1, .ofs_y = -1},
    {.bitmap_index = 7743, .adv_w = 256, .box_w = 14, .box_h = 15, .ofs_x = 1, .ofs_y = -1},
    {.bitmap_index = 7848, .adv_w = 256, .box_w = 15, .box_h = 15, .ofs_x = 0, .ofs_y = -1},
    {.bitmap_index = 7961, .adv_w = 256, .box_w = 13, .box_h = 14, .ofs_x = 1, .ofs_y = -1},
    {.bitmap_index = 8052, .adv_w = 256, .box_w = 12, .box_h = 14, .ofs_x = 2, .ofs_y = -1},
    {.bitmap_index = 8136, .adv_w = 256, .box_w = 10, .box_h = 15, .ofs_x = 3, .ofs_y = -1},
    {.bitmap_index = 8211, .adv_w = 256, .box_w = 13, .box_h = 14, .ofs_x = 1, .ofs_y = -1},
    {.bitmap_index = 8302, .adv_w = 256, .box_w = 16, .box_h = 15, .ofs_x = 0, .ofs_y = -1},
    {.bitmap_index = 8422, .adv_w = 256, .box_w = 13, .box_h = 14, .ofs_x = 1, .ofs_y = -1},
    {.bitmap_index = 8513, .adv_w = 256, .box_w = 14, .box_h = 14, .ofs_x = 1, .ofs_y = -1},
    {.bitmap_index = 8611, .adv_w = 256, .box_w = 15, .box_h = 14, .ofs_x = 1, .ofs_y = -1},
    {.bitmap_index = 8716, .adv_w = 256, .box_w = 13, .box_h = 12, .ofs_x = 2, .ofs_y = -2},
    {.bitmap_index = 8794, .adv_w = 256, .box_w = 15, .box_h = 13, .ofs_x = 1, .ofs_y = -1},
    {.bitmap_index = 8892, .adv_w = 256, .box_w = 12, .box_h = 12, .ofs_x = 1, .ofs_y = -1},
    {.bitmap_index = 8964, .adv_w = 256, .box_w = 14, .box_h = 14, .ofs_x = 1, .ofs_y = -1},
    {.bitmap_index = 9062, .adv_w = 256, .box_w = 13, .box_h = 14, .ofs_x = 2, .ofs_y = -1},
    {.bitmap_index = 9153, .adv_w = 256, .box_w = 12, .box_h = 10, .ofs_x = 2, .ofs_y = -1},
    {.bitmap_index = 9213, .adv_w = 256, .box_w = 12, .box_h = 12, .ofs_x = 2, .ofs_y = -2},
    {.bitmap_index = 9285, .adv_w = 256, .box_w = 13, .box_h = 14, .ofs_x = 1, .ofs_y = -1},
    {.bitmap_index = 9376, .adv_w = 256, .box_w = 14, .box_h = 14, .ofs_x = 1, .ofs_y = -1},
    {.bitmap_index = 9474, .adv_w = 256, .box_w = 14, .box_h = 14, .ofs_x = 1, .ofs_y = -1},
    {.bitmap_index = 9572, .adv_w = 256, .box_w = 16, .box_h = 16, .ofs_x = 0, .ofs_y = -2},
    {.bitmap_index = 9700, .adv_w = 256, .box_w = 15, .box_h = 14, .ofs_x = 0, .ofs_y = -1},
    {.bitmap_index = 9805, .adv_w = 256, .box_w = 16, .box_h = 15, .ofs_x = 0, .ofs_y = -1},
    {.bitmap_index = 9925, .adv_w = 256, .box_w = 12, .box_h = 13, .ofs_x = 2, .ofs_y = -1},
    {.bitmap_index = 10003, .adv_w = 256, .box_w = 14, .box_h = 14, .ofs_x = 1, .ofs_y = -1},
    {.bitmap_index = 10101, .adv_w = 256, .box_w = 14, .box_h = 14, .ofs_x = 1, .ofs_y = -1},
    {.bitmap_index = 10199, .adv_w = 256, .box_w = 15, .box_h = 14, .ofs_x = 1, .ofs_y = -1},
    {.bitmap_index = 10304, .adv_w = 256, .box_w = 14, .box_h = 13, .ofs_x = 1, .ofs_y = -1},
    {.bitmap_index = 10395, .adv_w = 256, .box_w = 15, .box_h = 15, .ofs_x = 1, .ofs_y = -1},
    {.bitmap_index = 10508, .adv_w = 256, .box_w = 14, .box_h = 14, .ofs_x = 1, .ofs_y = -1},
    {.bitmap_index = 10606, .adv_w = 256, .box_w = 14, .box_h = 15, .ofs_x = 1, .ofs_y = -1},
    {.bitmap_index = 10711, .adv_w = 256, .box_w = 16, .box_h = 16, .ofs_x = 0, .ofs_y = -2},
    {.bitmap_index = 10839, .adv_w = 256, .box_w = 14, .box_h = 14, .ofs_x = 1, .ofs_y = -1},
    {.bitmap_index = 10937, .adv_w = 256, .box_w = 12, .box_h = 12, .ofs_x = 2, .ofs_y = -2},
    {.bitmap_index = 11009, .adv_w = 256, .box_w = 14, .box_h = 14, .ofs_x = 1, .ofs_y = -1},
    {.bitmap_index = 11107, .adv_w = 256, .box_w = 15, .box_h = 16, .ofs_x = 1, .ofs_y = -2},
    {.bitmap_index = 11227, .adv_w = 256, .box_w = 9, .box_h = 14, .ofs_x = 5, .ofs_y = -1},
    {.bitmap_index = 11290, .adv_w = 256, .box_w = 11, .box_h = 14, .ofs_x = 4, .ofs_y = -1},
    {.bitmap_index = 11367, .adv_w = 256, .box_w = 14, .box_h = 14, .ofs_x = 1, .ofs_y = -1},
    {.bitmap_index = 11465, .adv_w = 256, .box_w = 14, .box_h = 11, .ofs_x = 1, .ofs_y = 0},
    {.bitmap_index = 11542, .adv_w = 256, .box_w = 15, .box_h = 14, .ofs_x = 1, .ofs_y = -1},
    {.bitmap_index = 11647, .adv_w = 256, .box_w = 16, .box_h = 15, .ofs_x = 0, .ofs_y = -1},
    {.bitmap_index = 11767, .adv_w = 256, .box_w = 14, .box_h = 15, .ofs_x = 2, .ofs_y = -1},
    {.bitmap_index = 11872, .adv_w = 256, .box_w = 12, .box_h = 13, .ofs_x = 2, .ofs_y = -1},
    {.bitmap_index = 11950, .adv_w = 256, .box_w = 15, .box_h = 15, .ofs_x = 1, .ofs_y = -1},
    {.bitmap_index = 12063, .adv_w = 256, .box_w = 15, .box_h = 15, .ofs_x = 1, .ofs_y = -1},
    {.bitmap_index = 12176, .adv_w = 256, .box_w = 16, .box_h = 11, .ofs_x = 0, .ofs_y = 0},
    {.bitmap_index = 12264, .adv_w = 256, .box_w = 15, .box_h = 13, .ofs_x = 1, .ofs_y = -1},
    {.bitmap_index = 12362, .adv_w = 256, .box_w = 15, .box_h = 14, .ofs_x = 1, .ofs_y = -1},
    {.bitmap_index = 12467, .adv_w = 256, .box_w = 14, .box_h = 14, .ofs_x = 1, .ofs_y = -1},
    {.bitmap_index = 12565, .adv_w = 256, .box_w = 14, .box_h = 13, .ofs_x = 1, .ofs_y = -1},
    {.bitmap_index = 12656, .adv_w = 256, .box_w = 12, .box_h = 12, .ofs_x = 2, .ofs_y = -2},
    {.bitmap_index = 12728, .adv_w = 256, .box_w = 12, .box_h = 10, .ofs_x = 2, .ofs_y = -1},
    {.bitmap_index = 12788, .adv_w = 256, .box_w = 10, .box_h = 10, .ofs_x = 3, .ofs_y = -1},
    {.bitmap_index = 12838, .adv_w = 256, .box_w = 13, .box_h = 14, .ofs_x = 2, .ofs_y = -1},
    {.bitmap_index = 12929, .adv_w = 256, .box_w = 10, .box_h = 14, .ofs_x = 3, .ofs_y = -1},
    {.bitmap_index = 12999, .adv_w = 256, .box_w = 16, .box_h = 14, .ofs_x = 0, .ofs_y = -1},
    {.bitmap_index = 13111, .adv_w = 256, .box_w = 12, .box_h = 14, .ofs_x = 3, .ofs_y = -1},
    {.bitmap_index = 13195, .adv_w = 256, .box_w = 12, .box_h = 12, .ofs_x = 2, .ofs_y = 0},
    {.bitmap_index = 13267, .adv_w = 256, .box_w = 13, .box_h = 13, .ofs_x = 2, .ofs_y = -1},
    {.bitmap_index = 13352, .adv_w = 256, .box_w = 14, .box_h = 3, .ofs_x = 1, .ofs_y = 5},
    {.bitmap_index = 13373, .adv_w = 256, .box_w = 16, .box_h = 16, .ofs_x = 0, .ofs_y = -2},
    {.bitmap_index = 13501, .adv_w = 256, .box_w = 16, .box_h = 15, .ofs_x = 0, .ofs_y = -1},
    {.bitmap_index = 13621, .adv_w = 256, .box_w = 16, .box_h = 16, .ofs_x = 0, .ofs_y = -2},
    {.bitmap_index = 13749, .adv_w = 256, .box_w = 16, .box_h = 16, .ofs_x = 0, .ofs_y = -2},
    {.bitmap_index = 13877, .adv_w = 256, .box_w = 14, .box_h = 14, .ofs_x = 1, .ofs_y = -1},
    {.bitmap_index = 13975, .adv_w = 256, .box_w = 16, .box_h = 15, .ofs_x = 0, .ofs_y = -2},
    {.bitmap_index = 14095, .adv_w = 256, .box_w = 15, .box_h = 16, .ofs_x = 0, .ofs_y = -2},
    {.bitmap_index = 14215, .adv_w = 256, .box_w = 15, .box_h = 15, .ofs_x = 0, .ofs_y = -1},
    {.bitmap_index = 14328, .adv_w = 256, .box_w = 15, .box_h = 16, .ofs_x = 0, .ofs_y = -2},
    {.bitmap_index = 14448, .adv_w = 256, .box_w = 16, .box_h = 16, .ofs_x = 0, .ofs_y = -2},
    {.bitmap_index = 14576, .adv_w = 256, .box_w = 14, .box_h = 14, .ofs_x = 1, .ofs_y = -1},
    {.bitmap_index = 14674, .adv_w = 256, .box_w = 16, .box_h = 15, .ofs_x = 0, .ofs_y = -1},
    {.bitmap_index = 14794, .adv_w = 256, .box_w = 16, .box_h = 15, .ofs_x = 0, .ofs_y = -2},
    {.bitmap_index = 14914, .adv_w = 256, .box_w = 16, .box_h = 16, .ofs_x = 0, .ofs_y = -2},
    {.bitmap_index = 15042, .adv_w = 256, .box_w = 16, .box_h = 16, .ofs_x = 0, .ofs_y = -2},
    {.bitmap_index = 15170, .adv_w = 256, .box_w = 16, .box_h = 15, .ofs_x = 0, .ofs_y = -1},
    {.bitmap_index = 15290, .adv_w = 256, .box_w = 16, .box_h = 12, .ofs_x = 0, .ofs_y = 0},
    {.bitmap_index = 15386, .adv_w = 256, .box_w = 16, .box_h = 15, .ofs_x = 0, .ofs_y = -1},
    {.bitmap_index = 15506, .adv_w = 256, .box_w = 14, .box_h = 15, .ofs_x = 1, .ofs_y = -1},
    {.bitmap_index = 15611, .adv_w = 256, .box_w = 16, .box_h = 16, .ofs_x = 0, .ofs_y = -2},
    {.bitmap_index = 15739, .adv_w = 256, .box_w = 16, .box_h = 16, .ofs_x = 0, .ofs_y = -2},
    {.bitmap_index = 15867, .adv_w = 256, .box_w = 16, .box_h = 16, .ofs_x = 0, .ofs_y = -1},
    {.bitmap_index = 15995, .adv_w = 256, .box_w = 16, .box_h = 17, .ofs_x = 0, .ofs_y = -2},
    {.bitmap_index = 16131, .adv_w = 256, .box_w = 16, .box_h = 16, .ofs_x = 0, .ofs_y = -2},
    {.bitmap_index = 16259, .adv_w = 256, .box_w = 15, .box_h = 16, .ofs_x = 1, .ofs_y = -2},
    {.bitmap_index = 16379, .adv_w = 256, .box_w = 15, .box_h = 15, .ofs_x = 1, .ofs_y = -1},
    {.bitmap_index = 16492, .adv_w = 256, .box_w = 16, .box_h = 15, .ofs_x = 0, .ofs_y = -2},
    {.bitmap_index = 16612, .adv_w = 256, .box_w = 15, .box_h = 14, .ofs_x = 1, .ofs_y = -1},
    {.bitmap_index = 16717, .adv_w = 256, .box_w = 16, .box_h = 14, .ofs_x = 0, .ofs_y = -1},
    {.bitmap_index = 16829, .adv_w = 256, .box_w = 16, .box_h = 15, .ofs_x = 0, .ofs_y = -1},
    {.bitmap_index = 16949, .adv_w = 256, .box_w = 16, .box_h = 15, .ofs_x = 0, .ofs_y = -1},
    {.bitmap_index = 17069, .adv_w = 256, .box_w = 16, .box_h = 16, .ofs_x = 0, .ofs_y = -2},
    {.bitmap_index = 17197, .adv_w = 256, .box_w = 16, .box_h = 15, .ofs_x = 0, .ofs_y = -1},
    {.bitmap_index = 17317, .adv_w = 256, .box_w = 16, .box_h = 16, .ofs_x = 0, .ofs_y = -2},
    {.bitmap_index = 17445, .adv_w = 256, .box_w = 16, .box_h = 15, .ofs_x = 0, .ofs_y = -1},
    {.bitmap_index = 17565, .adv_w = 256, .box_w = 16, .box_h = 14, .ofs_x = 0, .ofs_y = -1},
    {.bitmap_index = 17677, .adv_w = 256, .box_w = 15, .box_h = 16, .ofs_x = 0, .ofs_y = -2},
    {.bitmap_index = 17797, .adv_w = 256, .box_w = 16, .box_h = 16, .ofs_x = 0, .ofs_y = -1},
    {.bitmap_index = 17925, .adv_w = 256, .box_w = 16, .box_h = 15, .ofs_x = 0, .ofs_y = -1},
    {.bitmap_index = 18045, .adv_w = 256, .box_w = 16, .box_h = 16, .ofs_x = 0, .ofs_y = -2},
    {.bitmap_index = 18173, .adv_w = 256, .box_w = 16, .box_h = 16, .ofs_x = 0, .ofs_y = -2},
    {.bitmap_index = 18301, .adv_w = 256, .box_w = 16, .box_h = 16, .ofs_x = 0, .ofs_y = -2},
    {.bitmap_index = 18429, .adv_w = 256, .box_w = 16, .box_h = 15, .ofs_x = 0, .ofs_y = -1},
    {.bitmap_index = 18549, .adv_w = 256, .box_w = 16, .box_h = 16, .ofs_x = 0, .ofs_y = -2},
    {.bitmap_index = 18677, .adv_w = 256, .box_w = 16, .box_h = 15, .ofs_x = 0, .ofs_y = -2},
    {.bitmap_index = 18797, .adv_w = 256, .box_w = 16, .box_h = 16, .ofs_x = 0, .ofs_y = -2},
    {.bitmap_index = 18925, .adv_w = 256, .box_w = 16, .box_h = 15, .ofs_x = 0, .ofs_y = -1},
    {.bitmap_index = 19045, .adv_w = 256, .box_w = 16, .box_h = 15, .ofs_x = 0, .ofs_y = -2},
    {.bitmap_index = 19165, .adv_w = 256, .box_w = 16, .box_h = 15, .ofs_x = 0, .ofs_y = -1},
    {.bitmap_index = 19285, .adv_w = 256, .box_w = 16, .box_h = 15, .ofs_x = 0, .ofs_y = -1},
    {.bitmap_index = 19405, .adv_w = 256, .box_w = 16, .box_h = 16, .ofs_x = 0, .ofs_y = -2},
    {.bitmap_index = 19533, .adv_w = 256, .box_w = 16, .box_h = 16, .ofs_x = 0, .ofs_y = -2},
    {.bitmap_index = 19661, .adv_w = 256, .box_w = 16, .box_h = 16, .ofs_x = 0, .ofs_y = -2},
    {.bitmap_index = 19789, .adv_w = 256, .box_w = 16, .box_h = 15, .ofs_x = 0, .ofs_y = -1},
    {.bitmap_index = 19909, .adv_w = 256, .box_w = 14, .box_h = 15, .ofs_x = 1, .ofs_y = -2},
    {.bitmap_index = 20014, .adv_w = 256, .box_w = 14, .box_h = 15, .ofs_x = 1, .ofs_y = -2},
    {.bitmap_index = 20119, .adv_w = 256, .box_w = 15, .box_h = 15, .ofs_x = 1, .ofs_y = -1},
    {.bitmap_index = 20232, .adv_w = 256, .box_w = 16, .box_h = 15, .ofs_x = 0, .ofs_y = -2},
    {.bitmap_index = 20352, .adv_w = 256, .box_w = 15, .box_h = 14, .ofs_x = 1, .ofs_y = -1},
    {.bitmap_index = 20457, .adv_w = 256, .box_w = 16, .box_h = 14, .ofs_x = 0, .ofs_y = -1},
    {.bitmap_index = 20569, .adv_w = 256, .box_w = 16, .box_h = 15, .ofs_x = 0, .ofs_y = -2},
    {.bitmap_index = 20689, .adv_w = 256, .box_w = 16, .box_h = 15, .ofs_x = 0, .ofs_y = -2}
};

/*---------------------
 *  CHARACTER MAPPING
 *--------------------*/

static const uint16_t unicode_list_1[] = {
    0x00, 0x04, 0x41, 0x43, 0x47, 0x49, 0x4a, 0x4b,
    0x4e, 0x51, 0x52, 0x53, 0x54, 0x56, 0x58, 0x5a,
    0x5e, 0x5f, 0x60, 0x62, 0x63, 0x64, 0x65, 0x66,
    0x67, 0x68, 0x6a, 0x6d, 0x6e, 0x78, 0x7a, 0x7d,
    0x7e, 0x7f, 0x80, 0x81, 0x83, 0x87, 0x88, 0x89,
    0x8a, 0x8b, 0x8c, 0x91, 0x92, 0xa0, 0xa1, 0xa2,
    0xa3, 0xa5, 0xa6, 0xa8, 0xaa, 0xac, 0xae, 0xaf,
    0xb0, 0xb1, 0xb2, 0xb4, 0xb6, 0xb7, 0xb8, 0xb9,
    0xba, 0xbe, 0xbf, 0xc0, 0xc2, 0xc5, 0xc6, 0xc7,
    0xc8, 0xc9, 0xca, 0xcc, 0xcf, 0xd2, 0xd4, 0xd5,
    0xd6, 0xd7, 0xdd, 0xdf, 0xe0, 0xe1, 0xe2, 0xe4,
    0xe6, 0xe8, 0xe9, 0xea, 0xeb, 0xec, 0xf2, 0xfb,
    0x1e87, 0x1f5b, 0x2144, 0x2147, 0x2185, 0x2206, 0x2224, 0x223a,
    0x22d4, 0x23ba, 0x26dd, 0x271e, 0x2726, 0x2830, 0x2833, 0x2bdc,
    0x2de4, 0x2dfa, 0x2e37, 0x2f36, 0x2f8b, 0x314a, 0x3300, 0x33a1,
    0x3641, 0x3673, 0x36c6, 0x36db, 0x36ff, 0x3727, 0x397c, 0x3c16,
    0x3c33, 0x3e07, 0x406a, 0x453a, 0x473f, 0x48b9, 0x4adb, 0x4d41,
    0x4d60, 0x4d99, 0x4dd9, 0x5376, 0x5a2c, 0x5a70, 0x5a8c, 0x5a9d,
    0x5ee1, 0x5f1c, 0x5fbb, 0x6022, 0x6031, 0x61d0, 0x658a, 0x6592,
    0x667c, 0x66e7, 0x66fa, 0x6761, 0x6805, 0x68a7
};

/*Collect the unicode lists and glyph_id offsets*/
static const lv_font_fmt_txt_cmap_t cmaps[] =
{
    {
        .range_start = 32, .range_length = 95, .glyph_id_start = 1,
        .unicode_list = NULL, .glyph_id_ofs_list = NULL, .list_length = 0, .type = LV_FONT_FMT_TXT_CMAP_FORMAT0_TINY
    },
    {
        .range_start = 12289, .range_length = 26792, .glyph_id_start = 96,
        .unicode_list = unicode_list_1, .glyph_id_ofs_list = NULL, .list_length = 158, .type = LV_FONT_FMT_TXT_CMAP_SPARSE_TINY
    }
};

/*-----------------
 *    KERNING
 *----------------*/

/*Pair left and right glyphs for kerning*/
static const uint8_t kern_pair_glyph_ids[] =
{
    3, 13,
    3, 15,
    3, 34,
    3, 43,
    3, 52,
    3, 57,
    3, 68,
    3, 69,
    3, 70,
    3, 80,
    3, 82,
    3, 84,
    8, 13,
    8, 15,
    8, 34,
    8, 43,
    8, 52,
    8, 57,
    8, 68,
    8, 69,
    8, 70,
    8, 80,
    8, 82,
    8, 84,
    9, 43,
    9, 75,
    13, 3,
    13, 8,
    13, 11,
    13, 53,
    13, 54,
    13, 55,
    13, 56,
    13, 58,
    13, 68,
    13, 69,
    13, 70,
    13, 75,
    13, 80,
    13, 82,
    13, 85,
    13, 87,
    13, 88,
    13, 90,
    14, 43,
    14, 52,
    14, 53,
    14, 55,
    14, 56,
    14, 57,
    14, 58,
    14, 59,
    14, 85,
    14, 87,
    14, 89,
    15, 3,
    15, 8,
    15, 11,
    15, 53,
    15, 54,
    15, 55,
    15, 56,
    15, 58,
    15, 68,
    15, 69,
    15, 70,
    15, 75,
    15, 80,
    15, 82,
    15, 85,
    15, 87,
    15, 88,
    15, 90,
    16, 34,
    16, 36,
    16, 40,
    16, 43,
    16, 48,
    16, 50,
    16, 66,
    16, 68,
    16, 69,
    16, 70,
    16, 72,
    16, 74,
    16, 75,
    16, 80,
    16, 82,
    16, 85,
    16, 86,
    27, 11,
    27, 58,
    28, 11,
    28, 58,
    34, 3,
    34, 8,
    34, 11,
    34, 32,
    34, 34,
    34, 36,
    34, 40,
    34, 48,
    34, 50,
    34, 53,
    34, 54,
    34, 55,
    34, 57,
    34, 58,
    34, 59,
    34, 61,
    34, 66,
    34, 71,
    34, 84,
    34, 85,
    34, 86,
    34, 87,
    34, 88,
    34, 89,
    34, 90,
    35, 11,
    35, 43,
    35, 52,
    35, 53,
    35, 55,
    35, 56,
    35, 57,
    35, 58,
    35, 59,
    35, 85,
    35, 87,
    35, 88,
    35, 89,
    35, 90,
    36, 14,
    36, 36,
    36, 40,
    36, 43,
    36, 48,
    36, 50,
    36, 52,
    36, 53,
    36, 54,
    36, 55,
    36, 56,
    36, 57,
    36, 58,
    36, 59,
    36, 72,
    36, 85,
    36, 86,
    36, 87,
    36, 88,
    36, 90,
    37, 11,
    37, 16,
    37, 34,
    37, 43,
    37, 53,
    37, 55,
    37, 56,
    37, 57,
    37, 58,
    37, 59,
    37, 89,
    37, 91,
    38, 68,
    38, 69,
    38, 70,
    38, 80,
    38, 82,
    38, 85,
    38, 87,
    38, 89,
    38, 90,
    39, 13,
    39, 15,
    39, 16,
    39, 34,
    39, 36,
    39, 40,
    39, 43,
    39, 48,
    39, 50,
    39, 52,
    39, 55,
    39, 56,
    39, 57,
    39, 58,
    39, 59,
    39, 66,
    39, 68,
    39, 69,
    39, 70,
    39, 72,
    39, 78,
    39, 79,
    39, 80,
    39, 81,
    39, 82,
    39, 83,
    39, 84,
    39, 85,
    39, 86,
    39, 87,
    39, 88,
    39, 89,
    39, 90,
    39, 91,
    40, 11,
    40, 34,
    40, 53,
    40, 55,
    40, 56,
    43, 13,
    43, 15,
    43, 43,
    44, 3,
    44, 8,
    44, 11,
    44, 14,
    44, 32,
    44, 34,
    44, 36,
    44, 40,
    44, 48,
    44, 50,
    44, 52,
    44, 53,
    44, 54,
    44, 55,
    44, 56,
    44, 58,
    44, 68,
    44, 69,
    44, 70,
    44, 75,
    44, 80,
    44, 82,
    44, 85,
    44, 86,
    44, 87,
    44, 88,
    44, 89,
    44, 90,
    44, 91,
    45, 3,
    45, 8,
    45, 11,
    45, 14,
    45, 32,
    45, 34,
    45, 36,
    45, 40,
    45, 48,
    45, 50,
    45, 52,
    45, 53,
    45, 54,
    45, 55,
    45, 56,
    45, 58,
    45, 61,
    45, 68,
    45, 69,
    45, 70,
    45, 71,
    45, 72,
    45, 80,
    45, 82,
    45, 85,
    45, 86,
    45, 87,
    45, 88,
    45, 90,
    48, 11,
    48, 16,
    48, 34,
    48, 43,
    48, 53,
    48, 55,
    48, 56,
    48, 57,
    48, 58,
    48, 59,
    48, 89,
    48, 91,
    49, 13,
    49, 14,
    49, 15,
    49, 16,
    49, 34,
    49, 43,
    49, 52,
    49, 53,
    49, 57,
    49, 58,
    49, 59,
    49, 66,
    49, 68,
    49, 69,
    49, 70,
    49, 72,
    49, 80,
    49, 82,
    49, 84,
    49, 89,
    49, 91,
    50, 11,
    50, 16,
    50, 34,
    50, 43,
    50, 53,
    50, 55,
    50, 56,
    50, 57,
    50, 58,
    50, 59,
    50, 89,
    50, 91,
    51, 11,
    51, 14,
    51, 34,
    51, 43,
    51, 52,
    51, 53,
    51, 55,
    51, 56,
    51, 57,
    51, 58,
    51, 59,
    51, 66,
    51, 68,
    51, 69,
    51, 70,
    51, 72,
    51, 80,
    51, 82,
    51, 89,
    51, 91,
    52, 11,
    52, 14,
    52, 43,
    52, 52,
    52, 53,
    52, 58,
    52, 85,
    52, 91,
    53, 13,
    53, 14,
    53, 15,
    53, 16,
    53, 27,
    53, 28,
    53, 34,
    53, 36,
    53, 40,
    53, 43,
    53, 48,
    53, 50,
    53, 52,
    53, 57,
    53, 58,
    53, 59,
    53, 66,
    53, 68,
    53, 69,
    53, 70,
    53, 71,
    53, 72,
    53, 78,
    53, 79,
    53, 80,
    53, 81,
    53, 82,
    53, 83,
    53, 84,
    53, 85,
    53, 86,
    53, 87,
    53, 88,
    53, 89,
    53, 90,
    53, 91,
    54, 13,
    54, 15,
    54, 16,
    54, 34,
    54, 43,
    54, 52,
    54, 55,
    54, 57,
    54, 58,
    54, 66,
    54, 72,
    54, 84,
    54, 89,
    55, 13,
    55, 14,
    55, 15,
    55, 16,
    55, 34,
    55, 36,
    55, 40,
    55, 43,
    55, 48,
    55, 50,
    55, 52,
    55, 54,
    55, 55,
    55, 59,
    55, 66,
    55, 68,
    55, 69,
    55, 70,
    55, 72,
    55, 78,
    55, 79,
    55, 80,
    55, 81,
    55, 82,
    55, 83,
    55, 84,
    55, 86,
    55, 87,
    55, 88,
    55, 89,
    55, 90,
    55, 91,
    56, 13,
    56, 14,
    56, 15,
    56, 16,
    56, 36,
    56, 40,
    56, 43,
    56, 48,
    56, 50,
    56, 52,
    56, 59,
    56, 66,
    56, 72,
    56, 91,
    57, 3,
    57, 8,
    57, 11,
    57, 14,
    57, 34,
    57, 36,
    57, 40,
    57, 43,
    57, 48,
    57, 50,
    57, 52,
    57, 53,
    57, 54,
    57, 66,
    57, 68,
    57, 69,
    57, 70,
    57, 71,
    57, 80,
    57, 82,
    57, 85,
    57, 86,
    57, 87,
    57, 88,
    57, 89,
    57, 90,
    57, 91,
    58, 13,
    58, 14,
    58, 15,
    58, 16,
    58, 27,
    58, 28,
    58, 32,
    58, 34,
    58, 36,
    58, 40,
    58, 43,
    58, 48,
    58, 50,
    58, 52,
    58, 53,
    58, 54,
    58, 59,
    58, 66,
    58, 68,
    58, 69,
    58, 70,
    58, 72,
    58, 78,
    58, 79,
    58, 80,
    58, 81,
    58, 82,
    58, 83,
    58, 84,
    58, 85,
    58, 86,
    58, 87,
    58, 88,
    58, 89,
    58, 90,
    58, 91,
    59, 14,
    59, 34,
    59, 36,
    59, 40,
    59, 43,
    59, 48,
    59, 50,
    59, 52,
    59, 54,
    59, 55,
    59, 56,
    59, 58,
    59, 59,
    59, 66,
    59, 68,
    59, 69,
    59, 70,
    59, 71,
    59, 72,
    59, 80,
    59, 82,
    59, 85,
    59, 86,
    59, 87,
    59, 88,
    59, 89,
    59, 90,
    60, 43,
    60, 75,
    61, 53,
    61, 54,
    61, 55,
    61, 56,
    61, 58,
    61, 72,
    61, 75,
    61, 87,
    61, 88,
    61, 90,
    66, 11,
    66, 32,
    66, 53,
    66, 55,
    66, 56,
    66, 58,
    66, 85,
    67, 3,
    67, 8,
    67, 11,
    67, 13,
    67, 14,
    67, 15,
    67, 32,
    67, 53,
    67, 55,
    67, 57,
    67, 58,
    67, 61,
    67, 66,
    67, 71,
    67, 84,
    67, 85,
    67, 87,
    67, 88,
    67, 89,
    67, 90,
    67, 91,
    68, 14,
    68, 53,
    68, 55,
    68, 58,
    68, 66,
    68, 68,
    68, 69,
    68, 70,
    68, 72,
    68, 80,
    68, 82,
    68, 85,
    68, 87,
    68, 88,
    68, 90,
    70, 11,
    70, 14,
    70, 32,
    70, 43,
    70, 52,
    70, 53,
    70, 55,
    70, 56,
    70, 58,
    70, 61,
    70, 66,
    70, 71,
    70, 72,
    70, 85,
    70, 87,
    70, 88,
    70, 89,
    70, 90,
    70, 91,
    71, 2,
    71, 3,
    71, 8,
    71, 10,
    71, 13,
    71, 14,
    71, 15,
    71, 16,
    71, 32,
    71, 53,
    71, 55,
    71, 56,
    71, 57,
    71, 58,
    71, 61,
    71, 62,
    71, 66,
    71, 68,
    71, 69,
    71, 70,
    71, 72,
    71, 75,
    71, 80,
    71, 82,
    71, 84,
    71, 87,
    71, 89,
    71, 91,
    71, 94,
    72, 10,
    72, 11,
    72, 16,
    72, 32,
    72, 53,
    72, 58,
    72, 62,
    72, 66,
    72, 68,
    72, 69,
    72, 70,
    72, 75,
    72, 80,
    72, 82,
    72, 87,
    72, 88,
    72, 90,
    72, 91,
    72, 94,
    73, 11,
    73, 32,
    73, 53,
    73, 55,
    73, 58,
    76, 11,
    76, 13,
    76, 14,
    76, 15,
    76, 27,
    76, 28,
    76, 32,
    76, 53,
    76, 58,
    76, 66,
    76, 68,
    76, 69,
    76, 70,
    76, 72,
    76, 75,
    76, 80,
    76, 82,
    76, 85,
    76, 86,
    76, 89,
    76, 91,
    77, 75,
    78, 11,
    78, 32,
    78, 53,
    78, 55,
    78, 58,
    79, 11,
    79, 32,
    79, 53,
    79, 55,
    79, 58,
    80, 3,
    80, 8,
    80, 11,
    80, 13,
    80, 14,
    80, 15,
    80, 32,
    80, 53,
    80, 55,
    80, 57,
    80, 58,
    80, 61,
    80, 66,
    80, 71,
    80, 84,
    80, 85,
    80, 87,
    80, 88,
    80, 89,
    80, 90,
    80, 91,
    81, 3,
    81, 8,
    81, 11,
    81, 13,
    81, 14,
    81, 15,
    81, 32,
    81, 53,
    81, 55,
    81, 57,
    81, 58,
    81, 61,
    81, 66,
    81, 71,
    81, 84,
    81, 85,
    81, 87,
    81, 88,
    81, 89,
    81, 90,
    81, 91,
    82, 11,
    82, 53,
    82, 55,
    82, 58,
    83, 13,
    83, 14,
    83, 15,
    83, 16,
    83, 27,
    83, 28,
    83, 34,
    83, 43,
    83, 59,
    83, 61,
    83, 66,
    83, 68,
    83, 69,
    83, 70,
    83, 72,
    83, 80,
    83, 82,
    83, 84,
    83, 87,
    83, 88,
    83, 90,
    83, 91,
    84, 11,
    84, 14,
    84, 32,
    84, 53,
    84, 55,
    84, 58,
    84, 85,
    85, 13,
    85, 14,
    85, 15,
    85, 16,
    85, 27,
    85, 28,
    85, 32,
    85, 53,
    85, 58,
    85, 66,
    85, 68,
    85, 69,
    85, 70,
    85, 72,
    85, 80,
    85, 82,
    85, 84,
    85, 85,
    85, 89,
    86, 11,
    86, 53,
    86, 55,
    86, 58,
    87, 11,
    87, 13,
    87, 14,
    87, 15,
    87, 16,
    87, 34,
    87, 43,
    87, 53,
    87, 55,
    87, 58,
    87, 59,
    87, 66,
    87, 68,
    87, 69,
    87, 70,
    87, 75,
    87, 80,
    87, 82,
    87, 91,
    88, 11,
    88, 13,
    88, 15,
    88, 16,
    88, 34,
    88, 43,
    88, 53,
    88, 55,
    88, 57,
    88, 58,
    88, 66,
    88, 68,
    88, 69,
    88, 70,
    88, 75,
    88, 80,
    88, 82,
    88, 91,
    89, 2,
    89, 11,
    89, 13,
    89, 14,
    89, 15,
    89, 28,
    89, 36,
    89, 40,
    89, 48,
    89, 50,
    89, 52,
    89, 53,
    89, 55,
    89, 57,
    89, 58,
    89, 66,
    89, 68,
    89, 69,
    89, 70,
    89, 80,
    89, 82,
    89, 85,
    89, 90,
    90, 13,
    90, 15,
    90, 16,
    90, 43,
    90, 53,
    90, 55,
    90, 57,
    90, 58,
    90, 66,
    90, 68,
    90, 69,
    90, 70,
    90, 75,
    90, 80,
    90, 82,
    90, 89,
    90, 91,
    91, 14,
    91, 53,
    91, 58,
    91, 66,
    91, 68,
    91, 69,
    91, 70,
    91, 72,
    91, 80,
    91, 82,
    91, 86,
    91, 87,
    91, 90,
    92, 43,
    92, 75,
    98, 118,
    98, 119,
    98, 174,
    99, 118,
    99, 119,
    99, 133,
    100, 104,
    100, 116,
    100, 117,
    100, 118,
    100, 119,
    100, 125,
    100, 136,
    100, 155,
    100, 174,
    100, 175,
    100, 177,
    102, 96,
    102, 124,
    102, 133,
    103, 96,
    103, 133,
    104, 118,
    104, 119,
    104, 128,
    104, 136,
    105, 96,
    106, 96,
    106, 110,
    106, 115,
    107, 110,
    107, 118,
    107, 119,
    109, 110,
    109, 116,
    109, 117,
    109, 118,
    109, 119,
    109, 132,
    109, 155,
    110, 96,
    110, 115,
    110, 118,
    110, 119,
    110, 125,
    110, 150,
    110, 177,
    112, 127,
    112, 138,
    113, 96,
    113, 127,
    113, 138,
    115, 118,
    115, 123,
    116, 96,
    117, 96,
    118, 96,
    118, 98,
    118, 101,
    118, 104,
    118, 115,
    118, 116,
    118, 117,
    118, 124,
    118, 127,
    118, 131,
    118, 139,
    119, 96,
    119, 98,
    120, 96,
    120, 104,
    120, 110,
    120, 115,
    120, 116,
    120, 117,
    120, 118,
    120, 119,
    120, 123,
    120, 125,
    121, 96,
    121, 104,
    121, 106,
    121, 107,
    121, 108,
    121, 116,
    121, 117,
    121, 118,
    121, 119,
    121, 125,
    121, 128,
    122, 96,
    122, 103,
    122, 104,
    122, 106,
    122, 107,
    122, 108,
    122, 110,
    124, 112,
    124, 113,
    125, 118,
    125, 119,
    125, 121,
    127, 96,
    127, 111,
    127, 115,
    131, 96,
    131, 99,
    131, 116,
    131, 118,
    131, 119,
    131, 120,
    131, 121,
    132, 96,
    133, 115,
    133, 135,
    133, 136,
    134, 110,
    134, 111,
    134, 118,
    134, 119,
    135, 96,
    135, 116,
    136, 116,
    136, 117,
    136, 178,
    137, 96,
    137, 116,
    137, 117,
    137, 118,
    137, 119,
    140, 110,
    140, 118,
    140, 119,
    140, 121,
    141, 96,
    142, 96,
    142, 120,
    142, 121,
    142, 144,
    142, 150,
    142, 151,
    142, 156,
    142, 157,
    142, 160,
    142, 163,
    142, 169,
    142, 170,
    142, 172,
    142, 177,
    142, 179,
    142, 180,
    142, 187,
    142, 190,
    142, 191,
    144, 96,
    144, 150,
    144, 151,
    144, 158,
    144, 159,
    144, 161,
    144, 162,
    144, 165,
    144, 169,
    144, 172,
    144, 179,
    145, 96,
    147, 96,
    148, 96,
    149, 96,
    149, 158,
    149, 190,
    150, 96,
    150, 146,
    150, 150,
    150, 151,
    150, 158,
    150, 159,
    150, 161,
    150, 162,
    150, 172,
    150, 179,
    150, 180,
    150, 187,
    151, 96,
    151, 150,
    151, 151,
    151, 179,
    152, 96,
    152, 144,
    152, 165,
    152, 166,
    152, 172,
    152, 177,
    152, 179,
    152, 180,
    152, 188,
    152, 190,
    153, 96,
    153, 143,
    153, 144,
    153, 146,
    153, 172,
    153, 179,
    153, 180,
    154, 145,
    155, 96,
    155, 158,
    155, 172,
    155, 179,
    156, 96,
    156, 172,
    157, 96,
    157, 161,
    157, 162,
    157, 172,
    157, 182,
    157, 183,
    158, 177,
    158, 178,
    160, 177,
    160, 180,
    161, 96,
    161, 180,
    162, 96,
    162, 156,
    162, 157,
    162, 180,
    163, 96,
    163, 179,
    163, 182,
    164, 96,
    165, 96,
    165, 143,
    165, 179,
    166, 96,
    166, 143,
    166, 179,
    167, 96,
    168, 96,
    169, 96,
    169, 179,
    171, 154,
    172, 167,
    172, 168,
    172, 190,
    173, 143,
    174, 96,
    174, 143,
    174, 153,
    174, 179,
    174, 190,
    175, 96,
    175, 143,
    176, 96,
    176, 143,
    176, 183,
    178, 96,
    179, 174,
    179, 175,
    179, 176,
    179, 185,
    182, 96,
    183, 96,
    183, 142,
    183, 188,
    185, 96,
    185, 156,
    185, 157,
    185, 158,
    185, 159,
    185, 172,
    185, 179,
    185, 180,
    186, 96,
    187, 148,
    187, 154,
    187, 179,
    187, 190,
    188, 179,
    190, 96,
    190, 158,
    190, 159,
    190, 171,
    190, 174,
    190, 175,
    190, 176,
    190, 179,
    190, 180,
    191, 96,
    191, 118,
    191, 119,
    191, 142,
    191, 143,
    191, 155,
    191, 156,
    191, 157,
    191, 158,
    191, 159,
    191, 172,
    191, 174,
    191, 175,
    191, 176,
    191, 179,
    191, 180,
    191, 190
};

/* Kerning between the respective left and right glyphs
 * 4.4 format which needs to scaled with `kern_scale`*/
static const int8_t kern_pair_values[] =
{
    -36, -36, -18, -30, -4, -4, -8, -8,
    -8, -8, -8, -7, -36, -36, -18, -30,
    -4, -4, -8, -8, -8, -8, -8, -7,
    -7, 22, -31, -31, -43, -29, -7, -20,
    -11, -29, -4, -4, -4, 7, -4, -4,
    -16, -13, -8, -7, -7, -7, -15, -7,
    -4, -10, -21, -7, -8, -4, -5, -31,
    -31, -43, -29, -7, -20, -11, -29, -4,
    -4, -4, 7, -4, -4, -16, -13, -8,
    -7, -13, -4, -4, -24, -4, -4, -8,
    -9, -9, -9, -4, 5, 5, -9, -9,
    0, -7, -14, -9, -14, -9, -18, -18,
    -27, -9, -2, -4, -4, -4, -4, -18,
    -5, -5, -1, -5, -3, -13, 5, -4,
    5, -5, -2, -4, -3, -3, -4, -10,
    -6, -5, -8, -3, -3, -3, -5, -3,
    -4, -5, -4, -4, -5, -9, -10, -10,
    -4, -10, -10, -8, -6, -5, -3, -3,
    -3, -4, -4, -7, -10, -4, -5, -4,
    -5, -10, -6, -4, -14, -8, -4, -2,
    -7, -7, -7, -5, -4, -4, -4, -4,
    -4, -4, -8, -4, -11, -4, -24, -24,
    -19, -12, -4, -4, -40, -4, -4, -7,
    -1, -1, -8, -2, -10, -11, -5, -5,
    -5, -8, -7, -7, -5, -7, -5, -7,
    -7, -4, -6, -8, -7, -9, -7, -11,
    -8, -3, -7, -5, -3, -8, -8, -13,
    -8, -8, -13, -11, -4, -4, -7, -7,
    -7, -7, -5, -7, -5, -5, -4, -7,
    -4, -4, -4, -4, -4, -4, -12, -5,
    -8, -7, -7, -8, -5, -30, -30, -47,
    -16, -12, -1, -9, -9, -9, -9, -8,
    -36, -10, -23, -17, -24, -24, -5, -5,
    -5, -5, -3, -5, -5, -7, -4, -13,
    -11, -13, -10, -6, -4, -14, -8, -4,
    -2, -7, -7, -7, -5, -4, -35, -10,
    -35, -22, -15, -43, -4, -7, -8, -4,
    -22, -13, -8, -8, -8, -9, -8, -8,
    -4, -5, -7, -10, -6, -4, -14, -8,
    -4, -2, -7, -7, -7, -5, -4, -4,
    -9, -3, -6, -5, -5, -1, 0, -3,
    -3, -4, -3, -4, -4, -4, -3, -4,
    -4, -4, -4, -5, 3, -5, -5, -7,
    -5, -8, -2, -32, -21, -32, -25, -7,
    -7, -13, -8, -8, -37, -8, -8, -11,
    -7, -5, -16, -21, -21, -21, -21, -6,
    -21, -14, -14, -21, -14, -21, -14, -18,
    -6, -14, -10, -10, -11, -10, -22, -7,
    -7, -9, -5, -15, -4, -3, -4, -5,
    -3, -4, -3, -4, -20, -7, -20, -13,
    -5, -4, -4, -21, -4, -4, -4, -4,
    2, -7, -8, -6, -6, -6, -7, -7,
    -7, -6, -7, -6, -7, -5, -10, -4,
    -4, -6, -4, -8, -11, -4, -11, -8,
    -2, -2, -18, -2, -2, -2, -2, -5,
    -4, -4, -4, -4, -4, -10, -1, -7,
    -7, -3, -7, -7, -5, -7, -4, -4,
    -4, -4, -4, -7, -4, -4, -7, -4,
    -7, -5, -4, -7, -5, -29, -21, -29,
    -19, -9, -9, -4, -5, -5, -5, -30,
    -5, -5, -6, -5, -4, -8, -21, -14,
    -14, -14, -18, -13, -13, -14, -13, -14,
    -13, -14, -11, -11, -5, -8, -11, -5,
    -15, -10, -2, -7, -7, -10, -7, -7,
    -10, -4, -2, -2, -5, -5, -5, -6,
    -6, -6, -7, -5, -6, -6, -5, -7,
    -5, -5, -8, -5, -7, 22, -24, -8,
    -15, -8, -21, 8, 19, -7, -4, 2,
    -16, -6, -8, -7, -3, -8, -5, -8,
    -8, -7, -4, 0, -4, -6, -18, -7,
    -3, -15, -9, -5, -2, -2, -7, -3,
    -3, -7, -3, -3, -8, -7, -5, -8,
    -4, -8, -8, -8, -4, -8, -8, -4,
    0, 0, 0, -10, 2, -4, -7, -7,
    -8, -7, -4, -9, -8, -5, -2, -4,
    -4, -1, -1, -4, -1, -2, 2, 10,
    10, 12, -17, -5, -17, -4, 6, 12,
    18, 12, 8, 15, 14, 12, -7, -4,
    -4, -4, -5, -4, -4, -4, -3, 2,
    -3, -5, 12, 2, -10, 11, -12, -9,
    -5, 2, -6, -5, -5, -5, 10, -5,
    -5, -3, -3, 2, -5, 2, -10, -4,
    -8, -4, -7, -7, 2, -16, 2, 2,
    2, -6, -13, -5, -4, -7, -7, -7,
    -4, -4, -7, -7, -8, -5, -4, -4,
    2, -10, -4, -8, -4, -7, -10, -4,
    -8, -4, -7, -8, -8, -7, -4, 0,
    -4, -6, -18, -7, -3, -15, -9, -5,
    -2, -2, -7, -3, -3, -7, -3, -3,
    -8, -8, -7, -4, 0, -4, -6, -18,
    -7, -3, -15, -9, -5, -2, -2, -7,
    -3, -3, -7, -3, -3, -7, -7, -5,
    -10, -20, -8, -20, -10, 5, 5, -5,
    -18, -4, 2, -8, -4, -4, -4, -4,
    -4, -4, -3, 5, 3, 5, -3, -14,
    2, -5, -8, -4, -7, -7, -1, -9,
    -1, 1, 2, 2, -9, -5, -3, -7,
    -5, -5, -5, -4, -5, -5, -4, -7,
    -5, -7, -7, -5, -10, -4, -13, -4,
    -13, -7, -4, -13, -7, -4, -5, -4,
    -7, -3, -3, -3, -4, -3, -3, -8,
    -4, -16, -16, -3, -3, -10, -8, -4,
    -5, -8, -4, -3, -3, -3, -4, -3,
    -3, -7, -5, -7, 2, -5, -4, 2,
    -4, -4, -4, -4, -3, -10, -6, -4,
    -11, -4, -7, -7, -7, -7, -7, -8,
    -3, -13, -13, -4, -13, -7, -3, -3,
    -4, -7, -3, -3, -3, -4, -3, -3,
    -5, -8, -7, -8, -8, -7, -4, -4,
    -4, -2, -4, -4, -4, -3, -3, -7,
    22, -5, -5, -5, -8, -8, -5, -8,
    -8, -8, -13, -8, -18, -8, -8, -5,
    -5, -5, -5, -10, -13, -5, -13, -8,
    -8, 10, -5, -18, -5, -5, -18, 3,
    3, 3, -5, -15, -15, -8, -8, -3,
    -5, -20, -10, 3, 3, -18, -8, -23,
    -8, -15, -8, -5, -15, -13, 8, -10,
    -8, -13, -8, -8, -8, -15, -5, -5,
    -5, -13, -13, -5, -10, -3, -10, -8,
    -8, -8, -10, -10, -8, -8, -3, -13,
    -13, -8, -8, -8, -8, -8, -8, -5,
    -5, -13, -8, -8, -5, -5, -5, -5,
    -5, 3, -5, -5, -10, -10, -10, -10,
    -8, -10, -8, -5, -10, -10, -10, -5,
    -5, -8, -8, -5, -8, -5, -5, -8,
    -8, -10, 3, -10, -10, -10, 3, -5,
    -5, -8, -8, -5, -13, -13, -8, -13,
    -26, -5, -8, -13, -13, -13, -10, -10,
    -5, -5, -5, -5, -10, -5, -18, -13,
    -3, -10, -15, -5, -5, -5, -8, -8,
    -10, -10, -5, -5, -5, -5, -8, -13,
    -5, -10, -8, -8, -23, -3, -10, -10,
    -8, -5, -10, -10, -13, -20, -10, -8,
    -18, -5, -5, -5, -20, -5, -5, -5,
    -10, -8, -18, -8, -5, -8, -20, -8,
    -5, -5, -5, -13, -8, -10, -23, -5,
    -10, -5, -5, -8, -8, -5, -5, -15,
    -13, -18, -18, -8, -5, -5, -8, -8,
    -13, 5, 5, -8, -15, -5, -3, -3,
    -8, -15, -8, -8, -18, -5, -5, -10,
    -13, -8, -5, 8, 8, 13, -5, -10,
    -5, -3, -8, 5, -8, -8, -8, -8,
    -5, -13, -15, -15, -15, -13, -5, -5,
    -5, -5, -5, -5, -5, -5, -5, -3,
    -8, -8, -15, -8, -5, -5, -5, -5,
    -15, -5, -5, -5, -8, -8, -8, -5,
    -8, -3, -15, -15, -10, -10, -5, -5,
    -5, -13, -13, -3, -15, -15, -15, -8,
    -10, -13
};

/*Collect the kern pair's data in one place*/
static const lv_font_fmt_txt_kern_pair_t kern_pairs =
{
    .glyph_ids = kern_pair_glyph_ids,
    .values = kern_pair_values,
    .pair_cnt = 1186,
    .glyph_ids_size = 0
};

/*--------------------
 *  ALL CUSTOM DATA
 *--------------------*/

#if LVGL_VERSION_MAJOR == 8
/*Store all the custom data of the font*/
static  lv_font_fmt_txt_glyph_cache_t cache;
#endif

#if LVGL_VERSION_MAJOR >= 8
static const lv_font_fmt_txt_dsc_t font_dsc = {
#else
static lv_font_fmt_txt_dsc_t font_dsc = {
#endif
    .glyph_bitmap = glyph_bitmap,
    .glyph_dsc = glyph_dsc,
    .cmaps = cmaps,
    .kern_dsc = &kern_pairs,
    .kern_scale = 16,
    .cmap_num = 2,
    .bpp = 4,
    .kern_classes = 0,
    .bitmap_format = 0,
#if LVGL_VERSION_MAJOR == 8
    .cache = &cache
#endif

};



/*-----------------
 *  PUBLIC FONT
 *----------------*/

/*Initialize a public general font descriptor*/
#if LVGL_VERSION_MAJOR >= 8
const lv_font_t NS_Medium_jp_16_data = {
#else
lv_font_t NS_Medium_jp_16_data = {
#endif
    .get_glyph_dsc = lv_font_get_glyph_dsc_fmt_txt,    /*Function pointer to get glyph's data*/
    .get_glyph_bitmap = lv_font_get_bitmap_fmt_txt,    /*Function pointer to get glyph's bitmap*/
    .line_height = 19,          /*The maximum line height required by the font*/
    .base_line = 4,             /*Baseline measured from the bottom of the line*/
#if LV_VERSION_CHECK(9, 6, 0) || LVGL_VERSION_MAJOR >= 10
    .cap_height = 12,           /*Cap height of the font*/
    .x_height = 9,               /*x-height of the font*/
#endif
#if !(LVGL_VERSION_MAJOR == 6 && LVGL_VERSION_MINOR == 0)
    .subpx = LV_FONT_SUBPX_NONE,
#endif
#if LV_VERSION_CHECK(7, 4, 0) || LVGL_VERSION_MAJOR >= 8
    .underline_position = -2,
    .underline_thickness = 1,
#endif

#if LV_VERSION_CHECK(9, 3, 0)
    .static_bitmap = 1,    /*Bitmaps are stored as const so they are always static if not compressed */
#endif

    .dsc = &font_dsc,          /*The custom font data. Will be accessed by `get_glyph_bitmap/dsc` */
#if LV_VERSION_CHECK(8, 2, 0) || LVGL_VERSION_MAJOR >= 9
    .fallback = NULL,
#endif
    .user_data = NULL,
};



#endif /*#if NS_MEDIUM_JP_16_DATA*/
