/*******************************************************************************
 * Size: 40 px
 * Bpp: 4
 * Opts: --font /fonts/raw/NotoSans-Medium.ttf -o /fonts/NS_Medium_el_40_data.c --size 40 --bpp 4 --format lvgl --no-compress --symbols ΉΑΒΓΔΕΗΘΙΚΛΜΝΟΠΡΣΤΥΦΧΩάέήίαβγδεζηθικλμνξοπρςστυφχψωόύώ --lv-fallback NS_Medium_hi_40_data
 ******************************************************************************/

#ifdef __has_include
    #if __has_include("lvgl.h")
        #ifndef LV_LVGL_H_INCLUDE_SIMPLE
            #define LV_LVGL_H_INCLUDE_SIMPLE
        #endif
    #endif
#endif

#ifdef LV_LVGL_H_INCLUDE_SIMPLE
    #include "lvgl.h"
#else
    #include "lvgl/lvgl.h"
#endif



#ifndef NS_MEDIUM_EL_40_DATA
#define NS_MEDIUM_EL_40_DATA 1
#endif

#if NS_MEDIUM_EL_40_DATA

/*-----------------
 *    BITMAPS
 *----------------*/

/*Store the image of the glyphs*/
static LV_ATTRIBUTE_LARGE_CONST const uint8_t glyph_bitmap[] = {
    /* U+0389 "Ή" */
    0x00, 0xdf, 0xff, 0xf2, 0x00, 0x0e, 0xff, 0xf6,
    0x00, 0x00, 0x00, 0x00, 0x00, 0x00, 0x0f, 0xff,
    0xf5, 0x02, 0xff, 0xff, 0x80, 0x00, 0x0e, 0xff,
    0xf6, 0x00, 0x00, 0x00, 0x00, 0x00, 0x00, 0x0f,
    0xff, 0xf5, 0x07, 0xff, 0xfd, 0x00, 0x00, 0x0e,
    0xff, 0xf6, 0x00, 0x00, 0x00, 0x00, 0x00, 0x00,
    0x0f, 0xff, 0xf5, 0x0b, 0xff, 0xf4, 0x00, 0x00,
    0x0e, 0xff, 0xf6, 0x00, 0x00, 0x00, 0x00, 0x00,
    0x00, 0x0f, 0xff, 0xf5, 0x1f, 0xff, 0xa0, 0x00,
    0x00, 0x0e, 0xff, 0xf6, 0x00, 0x00, 0x00, 0x00,
    0x00, 0x00, 0x0f, 0xff, 0xf5, 0x5f, 0xfe, 0x10,
    0x00, 0x00, 0x0e, 0xff, 0xf6, 0x00, 0x00, 0x00,
    0x00, 0x00, 0x00, 0x0f, 0xff, 0xf5, 0x7d, 0xd5,
    0x00, 0x00, 0x00, 0x0e, 0xff, 0xf6, 0x00, 0x00,
    0x00, 0x00, 0x00, 0x00, 0x0f, 0xff, 0xf5, 0x00,
    0x00, 0x00, 0x00, 0x00, 0x0e, 0xff, 0xf6, 0x00,
    0x00, 0x00, 0x00, 0x00, 0x00, 0x0f, 0xff, 0xf5,
    0x00, 0x00, 0x00, 0x00, 0x00, 0x0e, 0xff, 0xf6,
    0x00, 0x00, 0x00, 0x00, 0x00, 0x00, 0x0f, 0xff,
    0xf5, 0x00, 0x00, 0x00, 0x00, 0x00, 0x0e, 0xff,
    0xf6, 0x00, 0x00, 0x00, 0x00, 0x00, 0x00, 0x0f,
    0xff, 0xf5, 0x00, 0x00, 0x00, 0x00, 0x00, 0x0e,
    0xff, 0xf6, 0x00, 0x00, 0x00, 0x00, 0x00, 0x00,
    0x0f, 0xff, 0xf5, 0x00, 0x00, 0x00, 0x00, 0x00,
    0x0e, 0xff, 0xf6, 0x00, 0x00, 0x00, 0x00, 0x00,
    0x00, 0x0f, 0xff, 0xf5, 0x00, 0x00, 0x00, 0x00,
    0x00, 0x0e, 0xff, 0xfd, 0xbb, 0xbb, 0xbb, 0xbb,
    0xbb, 0xbb, 0xbf, 0xff, 0xf5, 0x00, 0x00, 0x00,
    0x00, 0x00, 0x0e, 0xff, 0xff, 0xff, 0xff, 0xff,
    0xff, 0xff, 0xff, 0xff, 0xff, 0xf5, 0x00, 0x00,
    0x00, 0x00, 0x00, 0x0e, 0xff, 0xff, 0xff, 0xff,
    0xff, 0xff, 0xff, 0xff, 0xff, 0xff, 0xf5, 0x00,
    0x00, 0x00, 0x00, 0x00, 0x0e, 0xff, 0xff, 0xff,
    0xff, 0xff, 0xff, 0xff, 0xff, 0xff, 0xff, 0xf5,
    0x00, 0x00, 0x00, 0x00, 0x00, 0x0e, 0xff, 0xf6,
    0x00, 0x00, 0x00, 0x00, 0x00, 0x00, 0x0f, 0xff,
    0xf5, 0x00, 0x00, 0x00, 0x00, 0x00, 0x0e, 0xff,
    0xf6, 0x00, 0x00, 0x00, 0x00, 0x00, 0x00, 0x0f,
    0xff, 0xf5, 0x00, 0x00, 0x00, 0x00, 0x00, 0x0e,
    0xff, 0xf6, 0x00, 0x00, 0x00, 0x00, 0x00, 0x00,
    0x0f, 0xff, 0xf5, 0x00, 0x00, 0x00, 0x00, 0x00,
    0x0e, 0xff, 0xf6, 0x00, 0x00, 0x00, 0x00, 0x00,
    0x00, 0x0f, 0xff, 0xf5, 0x00, 0x00, 0x00, 0x00,
    0x00, 0x0e, 0xff, 0xf6, 0x00, 0x00, 0x00, 0x00,
    0x00, 0x00, 0x0f, 0xff, 0xf5, 0x00, 0x00, 0x00,
    0x00, 0x00, 0x0e, 0xff, 0xf6, 0x00, 0x00, 0x00,
    0x00, 0x00, 0x00, 0x0f, 0xff, 0xf5, 0x00, 0x00,
    0x00, 0x00, 0x00, 0x0e, 0xff, 0xf6, 0x00, 0x00,
    0x00, 0x00, 0x00, 0x00, 0x0f, 0xff, 0xf5, 0x00,
    0x00, 0x00, 0x00, 0x00, 0x0e, 0xff, 0xf6, 0x00,
    0x00, 0x00, 0x00, 0x00, 0x00, 0x0f, 0xff, 0xf5,
    0x00, 0x00, 0x00, 0x00, 0x00, 0x0e, 0xff, 0xf6,
    0x00, 0x00, 0x00, 0x00, 0x00, 0x00, 0x0f, 0xff,
    0xf5, 0x00, 0x00, 0x00, 0x00, 0x00, 0x0e, 0xff,
    0xf6, 0x00, 0x00, 0x00, 0x00, 0x00, 0x00, 0x0f,
    0xff, 0xf5, 0x00, 0x00, 0x00, 0x00, 0x00, 0x0e,
    0xff, 0xf6, 0x00, 0x00, 0x00, 0x00, 0x00, 0x00,
    0x0f, 0xff, 0xf5, 0x00, 0x00, 0x00, 0x00, 0x00,
    0x0e, 0xff, 0xf6, 0x00, 0x00, 0x00, 0x00, 0x00,
    0x00, 0x0f, 0xff, 0xf5, 0x00, 0x00, 0x00, 0x00,
    0x00, 0x0e, 0xff, 0xf6, 0x00, 0x00, 0x00, 0x00,
    0x00, 0x00, 0x0f, 0xff, 0xf5,

    /* U+0391 "Α" */
    0x00, 0x00, 0x00, 0x00, 0x00, 0x5f, 0xff, 0xf8,
    0x00, 0x00, 0x00, 0x00, 0x00, 0x00, 0x00, 0x00,
    0x00, 0x00, 0x0b, 0xff, 0xff, 0xd0, 0x00, 0x00,
    0x00, 0x00, 0x00, 0x00, 0x00, 0x00, 0x00, 0x01,
    0xff, 0xff, 0xff, 0x40, 0x00, 0x00, 0x00, 0x00,
    0x00, 0x00, 0x00, 0x00, 0x00, 0x7f, 0xff, 0xff,
    0xf9, 0x00, 0x00, 0x00, 0x00, 0x00, 0x00, 0x00,
    0x00, 0x00, 0x0d, 0xff, 0xed, 0xff, 0xf0, 0x00,
    0x00, 0x00, 0x00, 0x00, 0x00, 0x00, 0x00, 0x03,
    0xff, 0xfa, 0x8f, 0xff, 0x50, 0x00, 0x00, 0x00,
    0x00, 0x00, 0x00, 0x00, 0x00, 0x9f, 0xff, 0x63,
    0xff, 0xfc, 0x00, 0x00, 0x00, 0x00, 0x00, 0x00,
    0x00, 0x00, 0x0e, 0xff, 0xf2, 0x0e, 0xff, 0xf1,
    0x00, 0x00, 0x00, 0x00, 0x00, 0x00, 0x00, 0x05,
    0xff, 0xfd, 0x00, 0xaf, 0xff, 0x70, 0x00, 0x00,
    0x00, 0x00, 0x00, 0x00, 0x00, 0xbf, 0xff, 0x80,
    0x04, 0xff, 0xfd, 0x00, 0x00, 0x00, 0x00, 0x00,
    0x00, 0x00, 0x1f, 0xff, 0xf2, 0x00, 0x0e, 0xff,
    0xf3, 0x00, 0x00, 0x00, 0x00, 0x00, 0x00, 0x07,
    0xff, 0xfc, 0x00, 0x00, 0x9f, 0xff, 0x90, 0x00,
    0x00, 0x00, 0x00, 0x00, 0x00, 0xdf, 0xff, 0x70,
    0x00, 0x04, 0xff, 0xff, 0x00, 0x00, 0x00, 0x00,
    0x00, 0x00, 0x3f, 0xff, 0xf1, 0x00, 0x00, 0x0e,
    0xff, 0xf5, 0x00, 0x00, 0x00, 0x00, 0x00, 0x09,
    0xff, 0xfb, 0x00, 0x00, 0x00, 0x9f, 0xff, 0xb0,
    0x00, 0x00, 0x00, 0x00, 0x00, 0xef, 0xff, 0x60,
    0x00, 0x00, 0x03, 0xff, 0xff, 0x10, 0x00, 0x00,
    0x00, 0x00, 0x5f, 0xff, 0xf0, 0x00, 0x00, 0x00,
    0x0d, 0xff, 0xf7, 0x00, 0x00, 0x00, 0x00, 0x0b,
    0xff, 0xff, 0xff, 0xff, 0xff, 0xff, 0xff, 0xff,
    0xd0, 0x00, 0x00, 0x00, 0x01, 0xff, 0xff, 0xff,
    0xff, 0xff, 0xff, 0xff, 0xff, 0xff, 0x30, 0x00,
    0x00, 0x00, 0x7f, 0xff, 0xff, 0xff, 0xff, 0xff,
    0xff, 0xff, 0xff, 0xf9, 0x00, 0x00, 0x00, 0x0d,
    0xff, 0xfe, 0xcc, 0xcc, 0xcc, 0xcc, 0xcc, 0xdf,
    0xff, 0xf0, 0x00, 0x00, 0x03, 0xff, 0xff, 0x40,
    0x00, 0x00, 0x00, 0x00, 0x03, 0xff, 0xff, 0x50,
    0x00, 0x00, 0x9f, 0xff, 0xe0, 0x00, 0x00, 0x00,
    0x00, 0x00, 0x0d, 0xff, 0xfb, 0x00, 0x00, 0x0e,
    0xff, 0xf8, 0x00, 0x00, 0x00, 0x00, 0x00, 0x00,
    0x7f, 0xff, 0xf1, 0x00, 0x05, 0xff, 0xff, 0x20,
    0x00, 0x00, 0x00, 0x00, 0x00, 0x01, 0xff, 0xff,
    0x70, 0x00, 0xbf, 0xff, 0xd0, 0x00, 0x00, 0x00,
    0x00, 0x00, 0x00, 0x0b, 0xff, 0xfd, 0x00, 0x1f,
    0xff, 0xf7, 0x00, 0x00, 0x00, 0x00, 0x00, 0x00,
    0x00, 0x5f, 0xff, 0xf3, 0x07, 0xff, 0xff, 0x10,
    0x00, 0x00, 0x00, 0x00, 0x00, 0x00, 0x00, 0xff,
    0xff, 0x90, 0xdf, 0xff, 0xb0, 0x00, 0x00, 0x00,
    0x00, 0x00, 0x00, 0x00, 0x09, 0xff, 0xff, 0x00,

    /* U+0392 "Β" */
    0x4f, 0xff, 0xff, 0xff, 0xff, 0xfe, 0xda, 0x72,
    0x00, 0x00, 0x00, 0x4f, 0xff, 0xff, 0xff, 0xff,
    0xff, 0xff, 0xff, 0xc4, 0x00, 0x00, 0x4f, 0xff,
    0xff, 0xff, 0xff, 0xff, 0xff, 0xff, 0xff, 0x60,
    0x00, 0x4f, 0xff, 0xf9, 0x99, 0x99, 0x9b, 0xef,
    0xff, 0xff, 0xf3, 0x00, 0x4f, 0xff, 0xf1, 0x00,
    0x00, 0x00, 0x04, 0xdf, 0xff, 0xfa, 0x00, 0x4f,
    0xff, 0xf1, 0x00, 0x00, 0x00, 0x00, 0x1e, 0xff,
    0xff, 0x00, 0x4f, 0xff, 0xf1, 0x00, 0x00, 0x00,
    0x00, 0x08, 0xff, 0xff, 0x10, 0x4f, 0xff, 0xf1,
    0x00, 0x00, 0x00, 0x00, 0x05, 0xff, 0xff, 0x20,
    0x4f, 0xff, 0xf1, 0x00, 0x00, 0x00, 0x00, 0x05,
    0xff, 0xff, 0x10, 0x4f, 0xff, 0xf1, 0x00, 0x00,
    0x00, 0x00, 0x08, 0xff, 0xfe, 0x00, 0x4f, 0xff,
    0xf1, 0x00, 0x00, 0x00, 0x00, 0x0e, 0xff, 0xf8,
    0x00, 0x4f, 0xff, 0xf1, 0x00, 0x00, 0x00, 0x01,
    0xbf, 0xff, 0xe1, 0x00, 0x4f, 0xff, 0xf7, 0x77,
    0x77, 0x78, 0xbf, 0xff, 0xfe, 0x20, 0x00, 0x4f,
    0xff, 0xff, 0xff, 0xff, 0xff, 0xff, 0xfd, 0x70,
    0x00, 0x00, 0x4f, 0xff, 0xff, 0xff, 0xff, 0xff,
    0xff, 0xfa, 0x61, 0x00, 0x00, 0x4f, 0xff, 0xff,
    0xff, 0xff, 0xff, 0xff, 0xff, 0xff, 0x70, 0x00,
    0x4f, 0xff, 0xf1, 0x00, 0x00, 0x01, 0x37, 0xef,
    0xff, 0xfa, 0x00, 0x4f, 0xff, 0xf1, 0x00, 0x00,
    0x00, 0x00, 0x0b, 0xff, 0xff, 0x50, 0x4f, 0xff,
    0xf1, 0x00, 0x00, 0x00, 0x00, 0x00, 0xef, 0xff,
    0xb0, 0x4f, 0xff, 0xf1, 0x00, 0x00, 0x00, 0x00,
    0x00, 0xaf, 0xff, 0xf0, 0x4f, 0xff, 0xf1, 0x00,
    0x00, 0x00, 0x00, 0x00, 0x8f, 0xff, 0xf0, 0x4f,
    0xff, 0xf1, 0x00, 0x00, 0x00, 0x00, 0x00, 0x9f,
    0xff, 0xf0, 0x4f, 0xff, 0xf1, 0x00, 0x00, 0x00,
    0x00, 0x00, 0xdf, 0xff, 0xf0, 0x4f, 0xff, 0xf1,
    0x00, 0x00, 0x00, 0x00, 0x06, 0xff, 0xff, 0xb0,
    0x4f, 0xff, 0xf1, 0x00, 0x00, 0x00, 0x00, 0x7f,
    0xff, 0xff, 0x40, 0x4f, 0xff, 0xf9, 0x99, 0x99,
    0x99, 0xbf, 0xff, 0xff, 0xfa, 0x00, 0x4f, 0xff,
    0xff, 0xff, 0xff, 0xff, 0xff, 0xff, 0xff, 0xb0,
    0x00, 0x4f, 0xff, 0xff, 0xff, 0xff, 0xff, 0xff,
    0xff, 0xe7, 0x00, 0x00, 0x4f, 0xff, 0xff, 0xff,
    0xff, 0xff, 0xed, 0xa5, 0x00, 0x00, 0x00,

    /* U+0393 "Γ" */
    0x3f, 0xff, 0xff, 0xff, 0xff, 0xff, 0xff, 0xff,
    0x13, 0xff, 0xff, 0xff, 0xff, 0xff, 0xff, 0xff,
    0xf1, 0x3f, 0xff, 0xff, 0xff, 0xff, 0xff, 0xff,
    0xff, 0x13, 0xff, 0xff, 0xbb, 0xbb, 0xbb, 0xbb,
    0xbb, 0xb0, 0x3f, 0xff, 0xf1, 0x00, 0x00, 0x00,
    0x00, 0x00, 0x03, 0xff, 0xff, 0x10, 0x00, 0x00,
    0x00, 0x00, 0x00, 0x3f, 0xff, 0xf1, 0x00, 0x00,
    0x00, 0x00, 0x00, 0x03, 0xff, 0xff, 0x10, 0x00,
    0x00, 0x00, 0x00, 0x00, 0x3f, 0xff, 0xf1, 0x00,
    0x00, 0x00, 0x00, 0x00, 0x03, 0xff, 0xff, 0x10,
    0x00, 0x00, 0x00, 0x00, 0x00, 0x3f, 0xff, 0xf1,
    0x00, 0x00, 0x00, 0x00, 0x00, 0x03, 0xff, 0xff,
    0x10, 0x00, 0x00, 0x00, 0x00, 0x00, 0x3f, 0xff,
    0xf1, 0x00, 0x00, 0x00, 0x00, 0x00, 0x03, 0xff,
    0xff, 0x10, 0x00, 0x00, 0x00, 0x00, 0x00, 0x3f,
    0xff, 0xf1, 0x00, 0x00, 0x00, 0x00, 0x00, 0x03,
    0xff, 0xff, 0x10, 0x00, 0x00, 0x00, 0x00, 0x00,
    0x3f, 0xff, 0xf1, 0x00, 0x00, 0x00, 0x00, 0x00,
    0x03, 0xff, 0xff, 0x10, 0x00, 0x00, 0x00, 0x00,
    0x00, 0x3f, 0xff, 0xf1, 0x00, 0x00, 0x00, 0x00,
    0x00, 0x03, 0xff, 0xff, 0x10, 0x00, 0x00, 0x00,
    0x00, 0x00, 0x3f, 0xff, 0xf1, 0x00, 0x00, 0x00,
    0x00, 0x00, 0x03, 0xff, 0xff, 0x10, 0x00, 0x00,
    0x00, 0x00, 0x00, 0x3f, 0xff, 0xf1, 0x00, 0x00,
    0x00, 0x00, 0x00, 0x03, 0xff, 0xff, 0x10, 0x00,
    0x00, 0x00, 0x00, 0x00, 0x3f, 0xff, 0xf1, 0x00,
    0x00, 0x00, 0x00, 0x00, 0x03, 0xff, 0xff, 0x10,
    0x00, 0x00, 0x00, 0x00, 0x00, 0x3f, 0xff, 0xf1,
    0x00, 0x00, 0x00, 0x00, 0x00, 0x03, 0xff, 0xff,
    0x10, 0x00, 0x00, 0x00, 0x00, 0x00, 0x3f, 0xff,
    0xf1, 0x00, 0x00, 0x00, 0x00, 0x00, 0x00,

    /* U+0394 "Δ" */
    0x00, 0x00, 0x00, 0x00, 0x00, 0x7f, 0xff, 0xf6,
    0x00, 0x00, 0x00, 0x00, 0x00, 0x00, 0x00, 0x00,
    0x00, 0x00, 0xdf, 0xff, 0xfc, 0x00, 0x00, 0x00,
    0x00, 0x00, 0x00, 0x00, 0x00, 0x00, 0x04, 0xff,
    0xff, 0xff, 0x20, 0x00, 0x00, 0x00, 0x00, 0x00,
    0x00, 0x00, 0x00, 0x0a, 0xff, 0xff, 0xff, 0x80,
    0x00, 0x00, 0x00, 0x00, 0x00, 0x00, 0x00, 0x00,
    0x1f, 0xff, 0xde, 0xff, 0xe0, 0x00, 0x00, 0x00,
    0x00, 0x00, 0x00, 0x00, 0x00, 0x6f, 0xff, 0x89,
    0xff, 0xf5, 0x00, 0x00, 0x00, 0x00, 0x00, 0x00,
    0x00, 0x00, 0xcf, 0xff, 0x33, 0xff, 0xfb, 0x00,
    0x00, 0x00, 0x00, 0x00, 0x00, 0x00, 0x03, 0xff,
    0xfd, 0x00, 0xdf, 0xff, 0x10, 0x00, 0x00, 0x00,
    0x00, 0x00, 0x00, 0x09, 0xff, 0xf8, 0x00, 0x8f,
    0xff, 0x70, 0x00, 0x00, 0x00, 0x00, 0x00, 0x00,
    0x0e, 0xff, 0xf2, 0x00, 0x3f, 0xff, 0xe0, 0x00,
    0x00, 0x00, 0x00, 0x00, 0x00, 0x5f, 0xff, 0xc0,
    0x00, 0x0d, 0xff, 0xf4, 0x00, 0x00, 0x00, 0x00,
    0x00, 0x00, 0xbf, 0xff, 0x60, 0x00, 0x07, 0xff,
    0xfa, 0x00, 0x00, 0x00, 0x00, 0x00, 0x02, 0xff,
    0xff, 0x10, 0x00, 0x01, 0xff, 0xff, 0x10, 0x00,
    0x00, 0x00, 0x00, 0x08, 0xff, 0xfa, 0x00, 0x00,
    0x00, 0xcf, 0xff, 0x60, 0x00, 0x00, 0x00, 0x00,
    0x0e, 0xff, 0xf5, 0x00, 0x00, 0x00, 0x6f, 0xff,
    0xd0, 0x00, 0x00, 0x00, 0x00, 0x4f, 0xff, 0xe0,
    0x00, 0x00, 0x00, 0x0f, 0xff, 0xf3, 0x00, 0x00,
    0x00, 0x00, 0xaf, 0xff, 0x90, 0x00, 0x00, 0x00,
    0x0a, 0xff, 0xf9, 0x00, 0x00, 0x00, 0x01, 0xff,
    0xff, 0x30, 0x00, 0x00, 0x00, 0x04, 0xff, 0xff,
    0x00, 0x00, 0x00, 0x07, 0xff, 0xfd, 0x00, 0x00,
    0x00, 0x00, 0x00, 0xef, 0xff, 0x50, 0x00, 0x00,
    0x0d, 0xff, 0xf7, 0x00, 0x00, 0x00, 0x00, 0x00,
    0x9f, 0xff, 0xc0, 0x00, 0x00, 0x3f, 0xff, 0xf1,
    0x00, 0x00, 0x00, 0x00, 0x00, 0x3f, 0xff, 0xf2,
    0x00, 0x00, 0x9f, 0xff, 0xb0, 0x00, 0x00, 0x00,
    0x00, 0x00, 0x0d, 0xff, 0xf8, 0x00, 0x00, 0xff,
    0xff, 0x50, 0x00, 0x00, 0x00, 0x00, 0x00, 0x07,
    0xff, 0xfe, 0x00, 0x06, 0xff, 0xff, 0x00, 0x00,
    0x00, 0x00, 0x00, 0x00, 0x01, 0xff, 0xff, 0x40,
    0x0c, 0xff, 0xf9, 0x00, 0x00, 0x00, 0x00, 0x00,
    0x00, 0x00, 0xbf, 0xff, 0xb0, 0x2f, 0xff, 0xfe,
    0xdd, 0xdd, 0xdd, 0xdd, 0xdd, 0xdd, 0xdd, 0xef,
    0xff, 0xf1, 0x8f, 0xff, 0xff, 0xff, 0xff, 0xff,
    0xff, 0xff, 0xff, 0xff, 0xff, 0xff, 0xf7, 0x9f,
    0xff, 0xff, 0xff, 0xff, 0xff, 0xff, 0xff, 0xff,
    0xff, 0xff, 0xff, 0xf8, 0x9f, 0xff, 0xff, 0xff,
    0xff, 0xff, 0xff, 0xff, 0xff, 0xff, 0xff, 0xff,
    0xf8,

    /* U+0395 "Ε" */
    0x3f, 0xff, 0xff, 0xff, 0xff, 0xff, 0xff, 0xff,
    0xe3, 0xff, 0xff, 0xff, 0xff, 0xff, 0xff, 0xff,
    0xfe, 0x3f, 0xff, 0xff, 0xff, 0xff, 0xff, 0xff,
    0xff, 0xe3, 0xff, 0xff, 0xbb, 0xbb, 0xbb, 0xbb,
    0xbb, 0xb9, 0x3f, 0xff, 0xf2, 0x00, 0x00, 0x00,
    0x00, 0x00, 0x03, 0xff, 0xff, 0x20, 0x00, 0x00,
    0x00, 0x00, 0x00, 0x3f, 0xff, 0xf2, 0x00, 0x00,
    0x00, 0x00, 0x00, 0x03, 0xff, 0xff, 0x20, 0x00,
    0x00, 0x00, 0x00, 0x00, 0x3f, 0xff, 0xf2, 0x00,
    0x00, 0x00, 0x00, 0x00, 0x03, 0xff, 0xff, 0x20,
    0x00, 0x00, 0x00, 0x00, 0x00, 0x3f, 0xff, 0xf2,
    0x00, 0x00, 0x00, 0x00, 0x00, 0x03, 0xff, 0xff,
    0x20, 0x00, 0x00, 0x00, 0x00, 0x00, 0x3f, 0xff,
    0xfb, 0xaa, 0xaa, 0xaa, 0xaa, 0xaa, 0x13, 0xff,
    0xff, 0xff, 0xff, 0xff, 0xff, 0xff, 0xf2, 0x3f,
    0xff, 0xff, 0xff, 0xff, 0xff, 0xff, 0xff, 0x23,
    0xff, 0xff, 0xff, 0xff, 0xff, 0xff, 0xff, 0xf2,
    0x3f, 0xff, 0xf2, 0x00, 0x00, 0x00, 0x00, 0x00,
    0x03, 0xff, 0xff, 0x20, 0x00, 0x00, 0x00, 0x00,
    0x00, 0x3f, 0xff, 0xf2, 0x00, 0x00, 0x00, 0x00,
    0x00, 0x03, 0xff, 0xff, 0x20, 0x00, 0x00, 0x00,
    0x00, 0x00, 0x3f, 0xff, 0xf2, 0x00, 0x00, 0x00,
    0x00, 0x00, 0x03, 0xff, 0xff, 0x20, 0x00, 0x00,
    0x00, 0x00, 0x00, 0x3f, 0xff, 0xf2, 0x00, 0x00,
    0x00, 0x00, 0x00, 0x03, 0xff, 0xff, 0x20, 0x00,
    0x00, 0x00, 0x00, 0x00, 0x3f, 0xff, 0xf2, 0x00,
    0x00, 0x00, 0x00, 0x00, 0x03, 0xff, 0xff, 0xcb,
    0xbb, 0xbb, 0xbb, 0xbb, 0xba, 0x3f, 0xff, 0xff,
    0xff, 0xff, 0xff, 0xff, 0xff, 0xe3, 0xff, 0xff,
    0xff, 0xff, 0xff, 0xff, 0xff, 0xfe, 0x3f, 0xff,
    0xff, 0xff, 0xff, 0xff, 0xff, 0xff, 0xe0,

    /* U+0397 "Η" */
    0x3f, 0xff, 0xf2, 0x00, 0x00, 0x00, 0x00, 0x00,
    0x00, 0x3f, 0xff, 0xf1, 0x3f, 0xff, 0xf2, 0x00,
    0x00, 0x00, 0x00, 0x00, 0x00, 0x3f, 0xff, 0xf1,
    0x3f, 0xff, 0xf2, 0x00, 0x00, 0x00, 0x00, 0x00,
    0x00, 0x3f, 0xff, 0xf1, 0x3f, 0xff, 0xf2, 0x00,
    0x00, 0x00, 0x00, 0x00, 0x00, 0x3f, 0xff, 0xf1,
    0x3f, 0xff, 0xf2, 0x00, 0x00, 0x00, 0x00, 0x00,
    0x00, 0x3f, 0xff, 0xf1, 0x3f, 0xff, 0xf2, 0x00,
    0x00, 0x00, 0x00, 0x00, 0x00, 0x3f, 0xff, 0xf1,
    0x3f, 0xff, 0xf2, 0x00, 0x00, 0x00, 0x00, 0x00,
    0x00, 0x3f, 0xff, 0xf1, 0x3f, 0xff, 0xf2, 0x00,
    0x00, 0x00, 0x00, 0x00, 0x00, 0x3f, 0xff, 0xf1,
    0x3f, 0xff, 0xf2, 0x00, 0x00, 0x00, 0x00, 0x00,
    0x00, 0x3f, 0xff, 0xf1, 0x3f, 0xff, 0xf2, 0x00,
    0x00, 0x00, 0x00, 0x00, 0x00, 0x3f, 0xff, 0xf1,
    0x3f, 0xff, 0xf2, 0x00, 0x00, 0x00, 0x00, 0x00,
    0x00, 0x3f, 0xff, 0xf1, 0x3f, 0xff, 0xf2, 0x00,
    0x00, 0x00, 0x00, 0x00, 0x00, 0x3f, 0xff, 0xf1,
    0x3f, 0xff, 0xfb, 0xbb, 0xbb, 0xbb, 0xbb, 0xbb,
    0xbb, 0xcf, 0xff, 0xf1, 0x3f, 0xff, 0xff, 0xff,
    0xff, 0xff, 0xff, 0xff, 0xff, 0xff, 0xff, 0xf1,
    0x3f, 0xff, 0xff, 0xff, 0xff, 0xff, 0xff, 0xff,
    0xff, 0xff, 0xff, 0xf1, 0x3f, 0xff, 0xff, 0xff,
    0xff, 0xff, 0xff, 0xff, 0xff, 0xff, 0xff, 0xf1,
    0x3f, 0xff, 0xf2, 0x00, 0x00, 0x00, 0x00, 0x00,
    0x00, 0x3f, 0xff, 0xf1, 0x3f, 0xff, 0xf2, 0x00,
    0x00, 0x00, 0x00, 0x00, 0x00, 0x3f, 0xff, 0xf1,
    0x3f, 0xff, 0xf2, 0x00, 0x00, 0x00, 0x00, 0x00,
    0x00, 0x3f, 0xff, 0xf1, 0x3f, 0xff, 0xf2, 0x00,
    0x00, 0x00, 0x00, 0x00, 0x00, 0x3f, 0xff, 0xf1,
    0x3f, 0xff, 0xf2, 0x00, 0x00, 0x00, 0x00, 0x00,
    0x00, 0x3f, 0xff, 0xf1, 0x3f, 0xff, 0xf2, 0x00,
    0x00, 0x00, 0x00, 0x00, 0x00, 0x3f, 0xff, 0xf1,
    0x3f, 0xff, 0xf2, 0x00, 0x00, 0x00, 0x00, 0x00,
    0x00, 0x3f, 0xff, 0xf1, 0x3f, 0xff, 0xf2, 0x00,
    0x00, 0x00, 0x00, 0x00, 0x00, 0x3f, 0xff, 0xf1,
    0x3f, 0xff, 0xf2, 0x00, 0x00, 0x00, 0x00, 0x00,
    0x00, 0x3f, 0xff, 0xf1, 0x3f, 0xff, 0xf2, 0x00,
    0x00, 0x00, 0x00, 0x00, 0x00, 0x3f, 0xff, 0xf1,
    0x3f, 0xff, 0xf2, 0x00, 0x00, 0x00, 0x00, 0x00,
    0x00, 0x3f, 0xff, 0xf1, 0x3f, 0xff, 0xf2, 0x00,
    0x00, 0x00, 0x00, 0x00, 0x00, 0x3f, 0xff, 0xf1,
    0x3f, 0xff, 0xf2, 0x00, 0x00, 0x00, 0x00, 0x00,
    0x00, 0x3f, 0xff, 0xf1,

    /* U+0398 "Θ" */
    0x00, 0x00, 0x00, 0x00, 0x38, 0xbd, 0xff, 0xfe,
    0xc9, 0x50, 0x00, 0x00, 0x00, 0x00, 0x00, 0x00,
    0x05, 0xdf, 0xff, 0xff, 0xff, 0xff, 0xff, 0xf8,
    0x00, 0x00, 0x00, 0x00, 0x00, 0x0a, 0xff, 0xff,
    0xff, 0xff, 0xff, 0xff, 0xff, 0xfd, 0x30, 0x00,
    0x00, 0x00, 0x1c, 0xff, 0xff, 0xff, 0xfc, 0xbc,
    0xdf, 0xff, 0xff, 0xff, 0x40, 0x00, 0x00, 0x0b,
    0xff, 0xff, 0xf9, 0x30, 0x00, 0x00, 0x16, 0xdf,
    0xff, 0xff, 0x20, 0x00, 0x07, 0xff, 0xff, 0xe3,
    0x00, 0x00, 0x00, 0x00, 0x00, 0xaf, 0xff, 0xfc,
    0x00, 0x01, 0xff, 0xff, 0xf2, 0x00, 0x00, 0x00,
    0x00, 0x00, 0x00, 0xbf, 0xff, 0xf5, 0x00, 0x7f,
    0xff, 0xf7, 0x00, 0x00, 0x00, 0x00, 0x00, 0x00,
    0x02, 0xff, 0xff, 0xb0, 0x0c, 0xff, 0xfe, 0x00,
    0x00, 0x00, 0x00, 0x00, 0x00, 0x00, 0x09, 0xff,
    0xff, 0x11, 0xff, 0xff, 0x90, 0x00, 0x00, 0x00,
    0x00, 0x00, 0x00, 0x00, 0x4f, 0xff, 0xf6, 0x4f,
    0xff, 0xf5, 0x00, 0x00, 0x00, 0x00, 0x00, 0x00,
    0x00, 0x00, 0xff, 0xff, 0x97, 0xff, 0xff, 0x20,
    0x00, 0x00, 0x00, 0x00, 0x00, 0x00, 0x00, 0x0d,
    0xff, 0xfc, 0x8f, 0xff, 0xf0, 0x00, 0x99, 0x99,
    0x99, 0x99, 0x99, 0x93, 0x00, 0xbf, 0xff, 0xd9,
    0xff, 0xff, 0x00, 0x0f, 0xff, 0xff, 0xff, 0xff,
    0xff, 0x50, 0x09, 0xff, 0xfe, 0xaf, 0xff, 0xf0,
    0x00, 0xff, 0xff, 0xff, 0xff, 0xff, 0xf5, 0x00,
    0x9f, 0xff, 0xf9, 0xff, 0xff, 0x00, 0x0f, 0xff,
    0xff, 0xff, 0xff, 0xff, 0x50, 0x0a, 0xff, 0xfe,
    0x8f, 0xff, 0xf0, 0x00, 0x00, 0x00, 0x00, 0x00,
    0x00, 0x00, 0x00, 0xbf, 0xff, 0xd7, 0xff, 0xff,
    0x20, 0x00, 0x00, 0x00, 0x00, 0x00, 0x00, 0x00,
    0x0d, 0xff, 0xfc, 0x4f, 0xff, 0xf5, 0x00, 0x00,
    0x00, 0x00, 0x00, 0x00, 0x00, 0x00, 0xff, 0xff,
    0x91, 0xff, 0xff, 0xa0, 0x00, 0x00, 0x00, 0x00,
    0x00, 0x00, 0x00, 0x4f, 0xff, 0xf6, 0x0c, 0xff,
    0xff, 0x00, 0x00, 0x00, 0x00, 0x00, 0x00, 0x00,
    0x09, 0xff, 0xff, 0x10, 0x7f, 0xff, 0xf7, 0x00,
    0x00, 0x00, 0x00, 0x00, 0x00, 0x02, 0xff, 0xff,
    0xb0, 0x01, 0xff, 0xff, 0xf2, 0x00, 0x00, 0x00,
    0x00, 0x00, 0x00, 0xcf, 0xff, 0xf4, 0x00, 0x07,
    0xff, 0xff, 0xe3, 0x00, 0x00, 0x00, 0x00, 0x00,
    0xbf, 0xff, 0xfb, 0x00, 0x00, 0x0c, 0xff, 0xff,
    0xf9, 0x30, 0x00, 0x00, 0x16, 0xef, 0xff, 0xfe,
    0x10, 0x00, 0x00, 0x1c, 0xff, 0xff, 0xff, 0xfc,
    0xbc, 0xdf, 0xff, 0xff, 0xff, 0x30, 0x00, 0x00,
    0x00, 0x0a, 0xff, 0xff, 0xff, 0xff, 0xff, 0xff,
    0xff, 0xfd, 0x20, 0x00, 0x00, 0x00, 0x00, 0x05,
    0xdf, 0xff, 0xff, 0xff, 0xff, 0xff, 0xe7, 0x00,
    0x00, 0x00, 0x00, 0x00, 0x00, 0x00, 0x38, 0xbe,
    0xff, 0xfe, 0xc9, 0x50, 0x00, 0x00, 0x00, 0x00,

    /* U+0399 "Ι" */
    0x7f, 0xff, 0xff, 0xff, 0xff, 0xf9, 0x7f, 0xff,
    0xff, 0xff, 0xff, 0xf9, 0x4d, 0xff, 0xff, 0xff,
    0xff, 0xd5, 0x00, 0x27, 0xff, 0xff, 0x92, 0x00,
    0x00, 0x01, 0xff, 0xff, 0x30, 0x00, 0x00, 0x01,
    0xff, 0xff, 0x30, 0x00, 0x00, 0x01, 0xff, 0xff,
    0x30, 0x00, 0x00, 0x01, 0xff, 0xff, 0x30, 0x00,
    0x00, 0x01, 0xff, 0xff, 0x30, 0x00, 0x00, 0x01,
    0xff, 0xff, 0x30, 0x00, 0x00, 0x01, 0xff, 0xff,
    0x30, 0x00, 0x00, 0x01, 0xff, 0xff, 0x30, 0x00,
    0x00, 0x01, 0xff, 0xff, 0x30, 0x00, 0x00, 0x01,
    0xff, 0xff, 0x30, 0x00, 0x00, 0x01, 0xff, 0xff,
    0x30, 0x00, 0x00, 0x01, 0xff, 0xff, 0x30, 0x00,
    0x00, 0x01, 0xff, 0xff, 0x30, 0x00, 0x00, 0x01,
    0xff, 0xff, 0x30, 0x00, 0x00, 0x01, 0xff, 0xff,
    0x30, 0x00, 0x00, 0x01, 0xff, 0xff, 0x30, 0x00,
    0x00, 0x01, 0xff, 0xff, 0x30, 0x00, 0x00, 0x01,
    0xff, 0xff, 0x30, 0x00, 0x00, 0x01, 0xff, 0xff,
    0x30, 0x00, 0x00, 0x01, 0xff, 0xff, 0x30, 0x00,
    0x00, 0x01, 0xff, 0xff, 0x30, 0x00, 0x00, 0x17,
    0xff, 0xff, 0x82, 0x00, 0x4c, 0xff, 0xff, 0xff,
    0xff, 0xd5, 0x7f, 0xff, 0xff, 0xff, 0xff, 0xf9,
    0x7f, 0xff, 0xff, 0xff, 0xff, 0xf9,

    /* U+039A "Κ" */
    0x3f, 0xff, 0xf2, 0x00, 0x00, 0x00, 0x00, 0x00,
    0x6f, 0xff, 0xf8, 0x03, 0xff, 0xff, 0x20, 0x00,
    0x00, 0x00, 0x00, 0x4f, 0xff, 0xfa, 0x00, 0x3f,
    0xff, 0xf2, 0x00, 0x00, 0x00, 0x00, 0x2f, 0xff,
    0xfc, 0x00, 0x03, 0xff, 0xff, 0x20, 0x00, 0x00,
    0x00, 0x1e, 0xff, 0xfd, 0x10, 0x00, 0x3f, 0xff,
    0xf2, 0x00, 0x00, 0x00, 0x0c, 0xff, 0xfe, 0x20,
    0x00, 0x03, 0xff, 0xff, 0x20, 0x00, 0x00, 0x0a,
    0xff, 0xff, 0x30, 0x00, 0x00, 0x3f, 0xff, 0xf2,
    0x00, 0x00, 0x08, 0xff, 0xff, 0x50, 0x00, 0x00,
    0x03, 0xff, 0xff, 0x20, 0x00, 0x05, 0xff, 0xff,
    0x80, 0x00, 0x00, 0x00, 0x3f, 0xff, 0xf2, 0x00,
    0x03, 0xff, 0xff, 0xa0, 0x00, 0x00, 0x00, 0x03,
    0xff, 0xff, 0x20, 0x02, 0xef, 0xff, 0xc0, 0x00,
    0x00, 0x00, 0x00, 0x3f, 0xff, 0xf2, 0x01, 0xdf,
    0xff, 0xd1, 0x00, 0x00, 0x00, 0x00, 0x03, 0xff,
    0xff, 0x20, 0xbf, 0xff, 0xe2, 0x00, 0x00, 0x00,
    0x00, 0x00, 0x3f, 0xff, 0xf2, 0x9f, 0xff, 0xf4,
    0x00, 0x00, 0x00, 0x00, 0x00, 0x03, 0xff, 0xff,
    0x9f, 0xff, 0xff, 0x90, 0x00, 0x00, 0x00, 0x00,
    0x00, 0x3f, 0xff, 0xff, 0xff, 0xff, 0xff, 0x40,
    0x00, 0x00, 0x00, 0x00, 0x03, 0xff, 0xff, 0xff,
    0xef, 0xff, 0xfe, 0x10, 0x00, 0x00, 0x00, 0x00,
    0x3f, 0xff, 0xff, 0xc1, 0x7f, 0xff, 0xfa, 0x00,
    0x00, 0x00, 0x00, 0x03, 0xff, 0xff, 0xa0, 0x00,
    0xcf, 0xff, 0xf5, 0x00, 0x00, 0x00, 0x00, 0x3f,
    0xff, 0xf2, 0x00, 0x02, 0xff, 0xff, 0xf1, 0x00,
    0x00, 0x00, 0x03, 0xff, 0xff, 0x20, 0x00, 0x06,
    0xff, 0xff, 0xb0, 0x00, 0x00, 0x00, 0x3f, 0xff,
    0xf2, 0x00, 0x00, 0x0a, 0xff, 0xff, 0x60, 0x00,
    0x00, 0x03, 0xff, 0xff, 0x20, 0x00, 0x00, 0x1e,
    0xff, 0xff, 0x20, 0x00, 0x00, 0x3f, 0xff, 0xf2,
    0x00, 0x00, 0x00, 0x4f, 0xff, 0xfc, 0x00, 0x00,
    0x03, 0xff, 0xff, 0x20, 0x00, 0x00, 0x00, 0x9f,
    0xff, 0xf7, 0x00, 0x00, 0x3f, 0xff, 0xf2, 0x00,
    0x00, 0x00, 0x00, 0xdf, 0xff, 0xf3, 0x00, 0x03,
    0xff, 0xff, 0x20, 0x00, 0x00, 0x00, 0x03, 0xff,
    0xff, 0xd0, 0x00, 0x3f, 0xff, 0xf2, 0x00, 0x00,
    0x00, 0x00, 0x07, 0xff, 0xff, 0x90, 0x03, 0xff,
    0xff, 0x20, 0x00, 0x00, 0x00, 0x00, 0x0c, 0xff,
    0xff, 0x40, 0x3f, 0xff, 0xf2, 0x00, 0x00, 0x00,
    0x00, 0x00, 0x2f, 0xff, 0xfe, 0x00,

    /* U+039B "Λ" */
    0x00, 0x00, 0x00, 0x00, 0x00, 0xef, 0xff, 0xe0,
    0x00, 0x00, 0x00, 0x00, 0x00, 0x00, 0x00, 0x00,
    0x00, 0x04, 0xff, 0xff, 0xf4, 0x00, 0x00, 0x00,
    0x00, 0x00, 0x00, 0x00, 0x00, 0x00, 0x09, 0xff,
    0xff, 0xfa, 0x00, 0x00, 0x00, 0x00, 0x00, 0x00,
    0x00, 0x00, 0x00, 0x0e, 0xff, 0xff, 0xff, 0x00,
    0x00, 0x00, 0x00, 0x00, 0x00, 0x00, 0x00, 0x00,
    0x5f, 0xff, 0xbf, 0xff, 0x50, 0x00, 0x00, 0x00,
    0x00, 0x00, 0x00, 0x00, 0x00, 0xaf, 0xff, 0x3f,
    0xff, 0xb0, 0x00, 0x00, 0x00, 0x00, 0x00, 0x00,
    0x00, 0x00, 0xff, 0xfd, 0x0c, 0xff, 0xf1, 0x00,
    0x00, 0x00, 0x00, 0x00, 0x00, 0x00, 0x06, 0xff,
    0xf9, 0x08, 0xff, 0xf6, 0x00, 0x00, 0x00, 0x00,
    0x00, 0x00, 0x00, 0x0b, 0xff, 0xf4, 0x03, 0xff,
    0xfc, 0x00, 0x00, 0x00, 0x00, 0x00, 0x00, 0x00,
    0x1f, 0xff, 0xe0, 0x00, 0xdf, 0xff, 0x20, 0x00,
    0x00, 0x00, 0x00, 0x00, 0x00, 0x7f, 0xff, 0x90,
    0x00, 0x8f, 0xff, 0x70, 0x00, 0x00, 0x00, 0x00,
    0x00, 0x00, 0xcf, 0xff, 0x40, 0x00, 0x3f, 0xff,
    0xd0, 0x00, 0x00, 0x00, 0x00, 0x00, 0x02, 0xff,
    0xfe, 0x00, 0x00, 0x0e, 0xff, 0xf3, 0x00, 0x00,
    0x00, 0x00, 0x00, 0x08, 0xff, 0xfa, 0x00, 0x00,
    0x09, 0xff, 0xf8, 0x00, 0x00, 0x00, 0x00, 0x00,
    0x0d, 0xff, 0xf4, 0x00, 0x00, 0x04, 0xff, 0xfe,
    0x00, 0x00, 0x00, 0x00, 0x00, 0x3f, 0xff, 0xf0,
    0x00, 0x00, 0x00, 0xef, 0xff, 0x40, 0x00, 0x00,
    0x00, 0x00, 0x9f, 0xff, 0xa0, 0x00, 0x00, 0x00,
    0x9f, 0xff, 0x90, 0x00, 0x00, 0x00, 0x00, 0xef,
    0xff, 0x40, 0x00, 0x00, 0x00, 0x4f, 0xff, 0xf0,
    0x00, 0x00, 0x00, 0x04, 0xff, 0xff, 0x00, 0x00,
    0x00, 0x00, 0x0f, 0xff, 0xf5, 0x00, 0x00, 0x00,
    0x0a, 0xff, 0xfa, 0x00, 0x00, 0x00, 0x00, 0x0a,
    0xff, 0xfa, 0x00, 0x00, 0x00, 0x0f, 0xff, 0xf5,
    0x00, 0x00, 0x00, 0x00, 0x05, 0xff, 0xff, 0x10,
    0x00, 0x00, 0x5f, 0xff, 0xf0, 0x00, 0x00, 0x00,
    0x00, 0x00, 0xff, 0xff, 0x60, 0x00, 0x00, 0xbf,
    0xff, 0xa0, 0x00, 0x00, 0x00, 0x00, 0x00, 0xaf,
    0xff, 0xb0, 0x00, 0x01, 0xff, 0xff, 0x50, 0x00,
    0x00, 0x00, 0x00, 0x00, 0x5f, 0xff, 0xf1, 0x00,
    0x06, 0xff, 0xff, 0x00, 0x00, 0x00, 0x00, 0x00,
    0x00, 0x0f, 0xff, 0xf7, 0x00, 0x0c, 0xff, 0xfa,
    0x00, 0x00, 0x00, 0x00, 0x00, 0x00, 0x0b, 0xff,
    0xfc, 0x00, 0x1f, 0xff, 0xf5, 0x00, 0x00, 0x00,
    0x00, 0x00, 0x00, 0x05, 0xff, 0xff, 0x20, 0x7f,
    0xff, 0xf0, 0x00, 0x00, 0x00, 0x00, 0x00, 0x00,
    0x01, 0xff, 0xff, 0x80, 0xdf, 0xff, 0xa0, 0x00,
    0x00, 0x00, 0x00, 0x00, 0x00, 0x00, 0xbf, 0xff,
    0xd0,

    /* U+039C "Μ" */
    0x3f, 0xff, 0xff, 0xf2, 0x00, 0x00, 0x00, 0x00,
    0x00, 0x00, 0x00, 0x06, 0xff, 0xff, 0xfe, 0x3f,
    0xff, 0xff, 0xf7, 0x00, 0x00, 0x00, 0x00, 0x00,
    0x00, 0x00, 0x0c, 0xff, 0xff, 0xfe, 0x3f, 0xff,
    0xff, 0xfd, 0x00, 0x00, 0x00, 0x00, 0x00, 0x00,
    0x00, 0x2f, 0xff, 0xff, 0xfe, 0x3f, 0xff, 0xff,
    0xff, 0x30, 0x00, 0x00, 0x00, 0x00, 0x00, 0x00,
    0x8f, 0xff, 0xff, 0xfe, 0x3f, 0xff, 0xef, 0xff,
    0x80, 0x00, 0x00, 0x00, 0x00, 0x00, 0x00, 0xdf,
    0xfd, 0xff, 0xfe, 0x3f, 0xff, 0x9f, 0xff, 0xe0,
    0x00, 0x00, 0x00, 0x00, 0x00, 0x03, 0xff, 0xf7,
    0xff, 0xfe, 0x3f, 0xff, 0x8c, 0xff, 0xf3, 0x00,
    0x00, 0x00, 0x00, 0x00, 0x09, 0xff, 0xf3, 0xff,
    0xfe, 0x3f, 0xff, 0x96, 0xff, 0xf9, 0x00, 0x00,
    0x00, 0x00, 0x00, 0x0e, 0xff, 0xb2, 0xff, 0xfe,
    0x3f, 0xff, 0xa1, 0xff, 0xfe, 0x00, 0x00, 0x00,
    0x00, 0x00, 0x5f, 0xff, 0x52, 0xff, 0xfe, 0x3f,
    0xff, 0xa0, 0xbf, 0xff, 0x40, 0x00, 0x00, 0x00,
    0x00, 0xbf, 0xff, 0x03, 0xff, 0xfe, 0x3f, 0xff,
    0xb0, 0x5f, 0xff, 0xa0, 0x00, 0x00, 0x00, 0x01,
    0xff, 0xfa, 0x04, 0xff, 0xfe, 0x3f, 0xff, 0xb0,
    0x0f, 0xff, 0xf0, 0x00, 0x00, 0x00, 0x06, 0xff,
    0xf4, 0x04, 0xff, 0xfe, 0x3f, 0xff, 0xb0, 0x0a,
    0xff, 0xf5, 0x00, 0x00, 0x00, 0x0c, 0xff, 0xe0,
    0x04, 0xff, 0xfe, 0x3f, 0xff, 0xb0, 0x04, 0xff,
    0xfb, 0x00, 0x00, 0x00, 0x2f, 0xff, 0x80, 0x04,
    0xff, 0xfe, 0x3f, 0xff, 0xb0, 0x00, 0xef, 0xff,
    0x10, 0x00, 0x00, 0x8f, 0xff, 0x30, 0x04, 0xff,
    0xfe, 0x3f, 0xff, 0xb0, 0x00, 0x8f, 0xff, 0x60,
    0x00, 0x00, 0xdf, 0xfd, 0x00, 0x04, 0xff, 0xfe,
    0x3f, 0xff, 0xb0, 0x00, 0x3f, 0xff, 0xc0, 0x00,
    0x03, 0xff, 0xf7, 0x00, 0x04, 0xff, 0xfe, 0x3f,
    0xff, 0xb0, 0x00, 0x0d, 0xff, 0xf2, 0x00, 0x09,
    0xff, 0xf1, 0x00, 0x04, 0xff, 0xfe, 0x3f, 0xff,
    0xb0, 0x00, 0x07, 0xff, 0xf7, 0x00, 0x0e, 0xff,
    0xb0, 0x00, 0x04, 0xff, 0xfe, 0x3f, 0xff, 0xb0,
    0x00, 0x02, 0xff, 0xfd, 0x00, 0x5f, 0xff, 0x60,
    0x00, 0x04, 0xff, 0xfe, 0x3f, 0xff, 0xb0, 0x00,
    0x00, 0xcf, 0xff, 0x20, 0xaf, 0xff, 0x00, 0x00,
    0x04, 0xff, 0xfe, 0x3f, 0xff, 0xb0, 0x00, 0x00,
    0x6f, 0xff, 0x81, 0xff, 0xfa, 0x00, 0x00, 0x04,
    0xff, 0xfe, 0x3f, 0xff, 0xb0, 0x00, 0x00, 0x1f,
    0xff, 0xe6, 0xff, 0xf4, 0x00, 0x00, 0x04, 0xff,
    0xfe, 0x3f, 0xff, 0xb0, 0x00, 0x00, 0x0b, 0xff,
    0xff, 0xff, 0xe0, 0x00, 0x00, 0x04, 0xff, 0xfe,
    0x3f, 0xff, 0xb0, 0x00, 0x00, 0x05, 0xff, 0xff,
    0xff, 0x90, 0x00, 0x00, 0x04, 0xff, 0xfe, 0x3f,
    0xff, 0xb0, 0x00, 0x00, 0x00, 0xff, 0xff, 0xff,
    0x30, 0x00, 0x00, 0x04, 0xff, 0xfe, 0x3f, 0xff,
    0xb0, 0x00, 0x00, 0x00, 0xaf, 0xff, 0xfd, 0x00,
    0x00, 0x00, 0x04, 0xff, 0xfe, 0x3f, 0xff, 0xb0,
    0x00, 0x00, 0x00, 0x4f, 0xff, 0xf7, 0x00, 0x00,
    0x00, 0x04, 0xff, 0xfe, 0x3f, 0xff, 0xb0, 0x00,
    0x00, 0x00, 0x0e, 0xff, 0xf2, 0x00, 0x00, 0x00,
    0x04, 0xff, 0xfe,

    /* U+039D "Ν" */
    0x3f, 0xff, 0xff, 0x50, 0x00, 0x00, 0x00, 0x00,
    0x00, 0x00, 0xcf, 0xff, 0x33, 0xff, 0xff, 0xfe,
    0x00, 0x00, 0x00, 0x00, 0x00, 0x00, 0x0c, 0xff,
    0xf3, 0x3f, 0xff, 0xff, 0xf9, 0x00, 0x00, 0x00,
    0x00, 0x00, 0x00, 0xcf, 0xff, 0x33, 0xff, 0xff,
    0xff, 0xf3, 0x00, 0x00, 0x00, 0x00, 0x00, 0x0c,
    0xff, 0xf3, 0x3f, 0xff, 0xff, 0xff, 0xc0, 0x00,
    0x00, 0x00, 0x00, 0x00, 0xcf, 0xff, 0x33, 0xff,
    0xfe, 0xff, 0xff, 0x70, 0x00, 0x00, 0x00, 0x00,
    0x0c, 0xff, 0xf3, 0x3f, 0xff, 0x7d, 0xff, 0xff,
    0x10, 0x00, 0x00, 0x00, 0x00, 0xcf, 0xff, 0x33,
    0xff, 0xf8, 0x4f, 0xff, 0xfb, 0x00, 0x00, 0x00,
    0x00, 0x0c, 0xff, 0xf3, 0x3f, 0xff, 0x90, 0xaf,
    0xff, 0xf5, 0x00, 0x00, 0x00, 0x00, 0xcf, 0xff,
    0x33, 0xff, 0xf9, 0x01, 0xef, 0xff, 0xe0, 0x00,
    0x00, 0x00, 0x0c, 0xff, 0xf3, 0x3f, 0xff, 0xa0,
    0x06, 0xff, 0xff, 0x90, 0x00, 0x00, 0x00, 0xcf,
    0xff, 0x33, 0xff, 0xfb, 0x00, 0x0c, 0xff, 0xff,
    0x30, 0x00, 0x00, 0x0c, 0xff, 0xf3, 0x3f, 0xff,
    0xb0, 0x00, 0x2f, 0xff, 0xfd, 0x00, 0x00, 0x00,
    0xcf, 0xff, 0x33, 0xff, 0xfb, 0x00, 0x00, 0x8f,
    0xff, 0xf7, 0x00, 0x00, 0x0c, 0xff, 0xf3, 0x3f,
    0xff, 0xb0, 0x00, 0x00, 0xef, 0xff, 0xf1, 0x00,
    0x00, 0xcf, 0xff, 0x33, 0xff, 0xfb, 0x00, 0x00,
    0x05, 0xff, 0xff, 0xb0, 0x00, 0x0c, 0xff, 0xf3,
    0x3f, 0xff, 0xb0, 0x00, 0x00, 0x0b, 0xff, 0xff,
    0x50, 0x00, 0xbf, 0xff, 0x33, 0xff, 0xfb, 0x00,
    0x00, 0x00, 0x1f, 0xff, 0xfe, 0x00, 0x0a, 0xff,
    0xf3, 0x3f, 0xff, 0xb0, 0x00, 0x00, 0x00, 0x7f,
    0xff, 0xf9, 0x00, 0xaf, 0xff, 0x33, 0xff, 0xfb,
    0x00, 0x00, 0x00, 0x00, 0xdf, 0xff, 0xf3, 0x09,
    0xff, 0xf3, 0x3f, 0xff, 0xb0, 0x00, 0x00, 0x00,
    0x03, 0xff, 0xff, 0xd0, 0x9f, 0xff, 0x33, 0xff,
    0xfb, 0x00, 0x00, 0x00, 0x00, 0x09, 0xff, 0xff,
    0x78, 0xff, 0xf3, 0x3f, 0xff, 0xb0, 0x00, 0x00,
    0x00, 0x00, 0x1e, 0xff, 0xff, 0xaf, 0xff, 0x33,
    0xff, 0xfb, 0x00, 0x00, 0x00, 0x00, 0x00, 0x6f,
    0xff, 0xff, 0xff, 0xf3, 0x3f, 0xff, 0xb0, 0x00,
    0x00, 0x00, 0x00, 0x00, 0xcf, 0xff, 0xff, 0xff,
    0x33, 0xff, 0xfb, 0x00, 0x00, 0x00, 0x00, 0x00,
    0x02, 0xff, 0xff, 0xff, 0xf3, 0x3f, 0xff, 0xb0,
    0x00, 0x00, 0x00, 0x00, 0x00, 0x08, 0xff, 0xff,
    0xff, 0x33, 0xff, 0xfb, 0x00, 0x00, 0x00, 0x00,
    0x00, 0x00, 0x0e, 0xff, 0xff, 0xf3, 0x3f, 0xff,
    0xb0, 0x00, 0x00, 0x00, 0x00, 0x00, 0x00, 0x5f,
    0xff, 0xff, 0x30,

    /* U+039F "Ο" */
    0x00, 0x00, 0x00, 0x00, 0x38, 0xbd, 0xff, 0xfe,
    0xc9, 0x50, 0x00, 0x00, 0x00, 0x00, 0x00, 0x00,
    0x05, 0xdf, 0xff, 0xff, 0xff, 0xff, 0xff, 0xf8,
    0x00, 0x00, 0x00, 0x00, 0x00, 0x0a, 0xff, 0xff,
    0xff, 0xff, 0xff, 0xff, 0xff, 0xfd, 0x30, 0x00,
    0x00, 0x00, 0x1c, 0xff, 0xff, 0xff, 0xfc, 0xbc,
    0xdf, 0xff, 0xff, 0xff, 0x40, 0x00, 0x00, 0x0b,
    0xff, 0xff, 0xf9, 0x30, 0x00, 0x00, 0x16, 0xdf,
    0xff, 0xff, 0x20, 0x00, 0x07, 0xff, 0xff, 0xe3,
    0x00, 0x00, 0x00, 0x00, 0x00, 0xaf, 0xff, 0xfc,
    0x00, 0x01, 0xff, 0xff, 0xf2, 0x00, 0x00, 0x00,
    0x00, 0x00, 0x00, 0xbf, 0xff, 0xf5, 0x00, 0x7f,
    0xff, 0xf7, 0x00, 0x00, 0x00, 0x00, 0x00, 0x00,
    0x02, 0xff, 0xff, 0xb0, 0x0c, 0xff, 0xfe, 0x00,
    0x00, 0x00, 0x00, 0x00, 0x00, 0x00, 0x09, 0xff,
    0xff, 0x11, 0xff, 0xff, 0x90, 0x00, 0x00, 0x00,
    0x00, 0x00, 0x00, 0x00, 0x4f, 0xff, 0xf6, 0x4f,
    0xff, 0xf5, 0x00, 0x00, 0x00, 0x00, 0x00, 0x00,
    0x00, 0x00, 0xff, 0xff, 0x97, 0xff, 0xff, 0x20,
    0x00, 0x00, 0x00, 0x00, 0x00, 0x00, 0x00, 0x0d,
    0xff, 0xfc, 0x8f, 0xff, 0xf0, 0x00, 0x00, 0x00,
    0x00, 0x00, 0x00, 0x00, 0x00, 0xbf, 0xff, 0xd9,
    0xff, 0xff, 0x00, 0x00, 0x00, 0x00, 0x00, 0x00,
    0x00, 0x00, 0x09, 0xff, 0xfe, 0xaf, 0xff, 0xf0,
    0x00, 0x00, 0x00, 0x00, 0x00, 0x00, 0x00, 0x00,
    0x9f, 0xff, 0xf9, 0xff, 0xff, 0x00, 0x00, 0x00,
    0x00, 0x00, 0x00, 0x00, 0x00, 0x0a, 0xff, 0xfe,
    0x8f, 0xff, 0xf0, 0x00, 0x00, 0x00, 0x00, 0x00,
    0x00, 0x00, 0x00, 0xbf, 0xff, 0xd7, 0xff, 0xff,
    0x20, 0x00, 0x00, 0x00, 0x00, 0x00, 0x00, 0x00,
    0x0d, 0xff, 0xfc, 0x4f, 0xff, 0xf5, 0x00, 0x00,
    0x00, 0x00, 0x00, 0x00, 0x00, 0x00, 0xff, 0xff,
    0x91, 0xff, 0xff, 0xa0, 0x00, 0x00, 0x00, 0x00,
    0x00, 0x00, 0x00, 0x4f, 0xff, 0xf6, 0x0c, 0xff,
    0xff, 0x00, 0x00, 0x00, 0x00, 0x00, 0x00, 0x00,
    0x09, 0xff, 0xff, 0x10, 0x7f, 0xff, 0xf7, 0x00,
    0x00, 0x00, 0x00, 0x00, 0x00, 0x02, 0xff, 0xff,
    0xb0, 0x01, 0xff, 0xff, 0xf2, 0x00, 0x00, 0x00,
    0x00, 0x00, 0x00, 0xcf, 0xff, 0xf4, 0x00, 0x07,
    0xff, 0xff, 0xe3, 0x00, 0x00, 0x00, 0x00, 0x00,
    0xbf, 0xff, 0xfb, 0x00, 0x00, 0x0c, 0xff, 0xff,
    0xf9, 0x30, 0x00, 0x00, 0x16, 0xef, 0xff, 0xfe,
    0x10, 0x00, 0x00, 0x1c, 0xff, 0xff, 0xff, 0xfc,
    0xbc, 0xdf, 0xff, 0xff, 0xff, 0x30, 0x00, 0x00,
    0x00, 0x0a, 0xff, 0xff, 0xff, 0xff, 0xff, 0xff,
    0xff, 0xfd, 0x20, 0x00, 0x00, 0x00, 0x00, 0x05,
    0xdf, 0xff, 0xff, 0xff, 0xff, 0xff, 0xe7, 0x00,
    0x00, 0x00, 0x00, 0x00, 0x00, 0x00, 0x38, 0xbe,
    0xff, 0xfe, 0xc9, 0x50, 0x00, 0x00, 0x00, 0x00,

    /* U+03A0 "Π" */
    0x3f, 0xff, 0xff, 0xff, 0xff, 0xff, 0xff, 0xff,
    0xff, 0xff, 0xff, 0xb3, 0xff, 0xff, 0xff, 0xff,
    0xff, 0xff, 0xff, 0xff, 0xff, 0xff, 0xfb, 0x3f,
    0xff, 0xff, 0xff, 0xff, 0xff, 0xff, 0xff, 0xff,
    0xff, 0xff, 0xb3, 0xff, 0xff, 0xcb, 0xbb, 0xbb,
    0xbb, 0xbb, 0xbb, 0xbe, 0xff, 0xfb, 0x3f, 0xff,
    0xf2, 0x00, 0x00, 0x00, 0x00, 0x00, 0x00, 0x9f,
    0xff, 0xb3, 0xff, 0xff, 0x20, 0x00, 0x00, 0x00,
    0x00, 0x00, 0x09, 0xff, 0xfb, 0x3f, 0xff, 0xf2,
    0x00, 0x00, 0x00, 0x00, 0x00, 0x00, 0x9f, 0xff,
    0xb3, 0xff, 0xff, 0x20, 0x00, 0x00, 0x00, 0x00,
    0x00, 0x09, 0xff, 0xfb, 0x3f, 0xff, 0xf2, 0x00,
    0x00, 0x00, 0x00, 0x00, 0x00, 0x9f, 0xff, 0xb3,
    0xff, 0xff, 0x20, 0x00, 0x00, 0x00, 0x00, 0x00,
    0x09, 0xff, 0xfb, 0x3f, 0xff, 0xf2, 0x00, 0x00,
    0x00, 0x00, 0x00, 0x00, 0x9f, 0xff, 0xb3, 0xff,
    0xff, 0x20, 0x00, 0x00, 0x00, 0x00, 0x00, 0x09,
    0xff, 0xfb, 0x3f, 0xff, 0xf2, 0x00, 0x00, 0x00,
    0x00, 0x00, 0x00, 0x9f, 0xff, 0xb3, 0xff, 0xff,
    0x20, 0x00, 0x00, 0x00, 0x00, 0x00, 0x09, 0xff,
    0xfb, 0x3f, 0xff, 0xf2, 0x00, 0x00, 0x00, 0x00,
    0x00, 0x00, 0x9f, 0xff, 0xb3, 0xff, 0xff, 0x20,
    0x00, 0x00, 0x00, 0x00, 0x00, 0x09, 0xff, 0xfb,
    0x3f, 0xff, 0xf2, 0x00, 0x00, 0x00, 0x00, 0x00,
    0x00, 0x9f, 0xff, 0xb3, 0xff, 0xff, 0x20, 0x00,
    0x00, 0x00, 0x00, 0x00, 0x09, 0xff, 0xfb, 0x3f,
    0xff, 0xf2, 0x00, 0x00, 0x00, 0x00, 0x00, 0x00,
    0x9f, 0xff, 0xb3, 0xff, 0xff, 0x20, 0x00, 0x00,
    0x00, 0x00, 0x00, 0x09, 0xff, 0xfb, 0x3f, 0xff,
    0xf2, 0x00, 0x00, 0x00, 0x00, 0x00, 0x00, 0x9f,
    0xff, 0xb3, 0xff, 0xff, 0x20, 0x00, 0x00, 0x00,
    0x00, 0x00, 0x09, 0xff, 0xfb, 0x3f, 0xff, 0xf2,
    0x00, 0x00, 0x00, 0x00, 0x00, 0x00, 0x9f, 0xff,
    0xb3, 0xff, 0xff, 0x20, 0x00, 0x00, 0x00, 0x00,
    0x00, 0x09, 0xff, 0xfb, 0x3f, 0xff, 0xf2, 0x00,
    0x00, 0x00, 0x00, 0x00, 0x00, 0x9f, 0xff, 0xb3,
    0xff, 0xff, 0x20, 0x00, 0x00, 0x00, 0x00, 0x00,
    0x09, 0xff, 0xfb, 0x3f, 0xff, 0xf2, 0x00, 0x00,
    0x00, 0x00, 0x00, 0x00, 0x9f, 0xff, 0xb3, 0xff,
    0xff, 0x20, 0x00, 0x00, 0x00, 0x00, 0x00, 0x09,
    0xff, 0xfb, 0x3f, 0xff, 0xf2, 0x00, 0x00, 0x00,
    0x00, 0x00, 0x00, 0x9f, 0xff, 0xb0,

    /* U+03A1 "Ρ" */
    0x4f, 0xff, 0xff, 0xff, 0xff, 0xed, 0xa6, 0x10,
    0x00, 0x00, 0x4f, 0xff, 0xff, 0xff, 0xff, 0xff,
    0xff, 0xfa, 0x10, 0x00, 0x4f, 0xff, 0xff, 0xff,
    0xff, 0xff, 0xff, 0xff, 0xe2, 0x00, 0x4f, 0xff,
    0xfa, 0xaa, 0xab, 0xdf, 0xff, 0xff, 0xfe, 0x10,
    0x4f, 0xff, 0xf1, 0x00, 0x00, 0x00, 0x6e, 0xff,
    0xff, 0x90, 0x4f, 0xff, 0xf1, 0x00, 0x00, 0x00,
    0x02, 0xef, 0xff, 0xf0, 0x4f, 0xff, 0xf1, 0x00,
    0x00, 0x00, 0x00, 0x7f, 0xff, 0xf3, 0x4f, 0xff,
    0xf1, 0x00, 0x00, 0x00, 0x00, 0x2f, 0xff, 0xf5,
    0x4f, 0xff, 0xf1, 0x00, 0x00, 0x00, 0x00, 0x0f,
    0xff, 0xf6, 0x4f, 0xff, 0xf1, 0x00, 0x00, 0x00,
    0x00, 0x0f, 0xff, 0xf6, 0x4f, 0xff, 0xf1, 0x00,
    0x00, 0x00, 0x00, 0x3f, 0xff, 0xf4, 0x4f, 0xff,
    0xf1, 0x00, 0x00, 0x00, 0x00, 0x8f, 0xff, 0xf1,
    0x4f, 0xff, 0xf1, 0x00, 0x00, 0x00, 0x03, 0xff,
    0xff, 0xb0, 0x4f, 0xff, 0xf1, 0x00, 0x00, 0x02,
    0x8f, 0xff, 0xff, 0x40, 0x4f, 0xff, 0xfa, 0xaa,
    0xac, 0xef, 0xff, 0xff, 0xf9, 0x00, 0x4f, 0xff,
    0xff, 0xff, 0xff, 0xff, 0xff, 0xff, 0x90, 0x00,
    0x4f, 0xff, 0xff, 0xff, 0xff, 0xff, 0xff, 0xd5,
    0x00, 0x00, 0x4f, 0xff, 0xff, 0xff, 0xff, 0xdb,
    0x83, 0x00, 0x00, 0x00, 0x4f, 0xff, 0xf1, 0x00,
    0x00, 0x00, 0x00, 0x00, 0x00, 0x00, 0x4f, 0xff,
    0xf1, 0x00, 0x00, 0x00, 0x00, 0x00, 0x00, 0x00,
    0x4f, 0xff, 0xf1, 0x00, 0x00, 0x00, 0x00, 0x00,
    0x00, 0x00, 0x4f, 0xff, 0xf1, 0x00, 0x00, 0x00,
    0x00, 0x00, 0x00, 0x00, 0x4f, 0xff, 0xf1, 0x00,
    0x00, 0x00, 0x00, 0x00, 0x00, 0x00, 0x4f, 0xff,
    0xf1, 0x00, 0x00, 0x00, 0x00, 0x00, 0x00, 0x00,
    0x4f, 0xff, 0xf1, 0x00, 0x00, 0x00, 0x00, 0x00,
    0x00, 0x00, 0x4f, 0xff, 0xf1, 0x00, 0x00, 0x00,
    0x00, 0x00, 0x00, 0x00, 0x4f, 0xff, 0xf1, 0x00,
    0x00, 0x00, 0x00, 0x00, 0x00, 0x00, 0x4f, 0xff,
    0xf1, 0x00, 0x00, 0x00, 0x00, 0x00, 0x00, 0x00,
    0x4f, 0xff, 0xf1, 0x00, 0x00, 0x00, 0x00, 0x00,
    0x00, 0x00,

    /* U+03A3 "Σ" */
    0x3f, 0xff, 0xff, 0xff, 0xff, 0xff, 0xff, 0xff,
    0xff, 0xff, 0x23, 0xff, 0xff, 0xff, 0xff, 0xff,
    0xff, 0xff, 0xff, 0xff, 0xf2, 0x3f, 0xff, 0xff,
    0xff, 0xff, 0xff, 0xff, 0xff, 0xff, 0xff, 0x22,
    0xff, 0xff, 0xfc, 0xbb, 0xbb, 0xbb, 0xbb, 0xbb,
    0xbb, 0xb1, 0x05, 0xff, 0xff, 0xc0, 0x00, 0x00,
    0x00, 0x00, 0x00, 0x00, 0x00, 0x08, 0xff, 0xff,
    0xa0, 0x00, 0x00, 0x00, 0x00, 0x00, 0x00, 0x00,
    0x0a, 0xff, 0xff, 0x70, 0x00, 0x00, 0x00, 0x00,
    0x00, 0x00, 0x00, 0x0c, 0xff, 0xff, 0x50, 0x00,
    0x00, 0x00, 0x00, 0x00, 0x00, 0x00, 0x1e, 0xff,
    0xff, 0x30, 0x00, 0x00, 0x00, 0x00, 0x00, 0x00,
    0x00, 0x3f, 0xff, 0xfe, 0x10, 0x00, 0x00, 0x00,
    0x00, 0x00, 0x00, 0x00, 0x5f, 0xff, 0xfd, 0x00,
    0x00, 0x00, 0x00, 0x00, 0x00, 0x00, 0x00, 0x7f,
    0xff, 0xfb, 0x00, 0x00, 0x00, 0x00, 0x00, 0x00,
    0x00, 0x00, 0xaf, 0xff, 0xf8, 0x00, 0x00, 0x00,
    0x00, 0x00, 0x00, 0x00, 0x00, 0xcf, 0xff, 0xf0,
    0x00, 0x00, 0x00, 0x00, 0x00, 0x00, 0x00, 0x0c,
    0xff, 0xfc, 0x00, 0x00, 0x00, 0x00, 0x00, 0x00,
    0x00, 0x0a, 0xff, 0xfe, 0x10, 0x00, 0x00, 0x00,
    0x00, 0x00, 0x00, 0x06, 0xff, 0xff, 0x30, 0x00,
    0x00, 0x00, 0x00, 0x00, 0x00, 0x04, 0xff, 0xff,
    0x60, 0x00, 0x00, 0x00, 0x00, 0x00, 0x00, 0x01,
    0xef, 0xff, 0x90, 0x00, 0x00, 0x00, 0x00, 0x00,
    0x00, 0x00, 0xcf, 0xff, 0xc0, 0x00, 0x00, 0x00,
    0x00, 0x00, 0x00, 0x00, 0xaf, 0xff, 0xe1, 0x00,
    0x00, 0x00, 0x00, 0x00, 0x00, 0x00, 0x7f, 0xff,
    0xf3, 0x00, 0x00, 0x00, 0x00, 0x00, 0x00, 0x00,
    0x4f, 0xff, 0xf6, 0x00, 0x00, 0x00, 0x00, 0x00,
    0x00, 0x00, 0x1e, 0xff, 0xf9, 0x00, 0x00, 0x00,
    0x00, 0x00, 0x00, 0x00, 0x0c, 0xff, 0xfc, 0x00,
    0x00, 0x00, 0x00, 0x00, 0x00, 0x00, 0x08, 0xff,
    0xff, 0xcb, 0xbb, 0xbb, 0xbb, 0xbb, 0xbb, 0xbb,
    0xb6, 0xaf, 0xff, 0xff, 0xff, 0xff, 0xff, 0xff,
    0xff, 0xff, 0xff, 0x9a, 0xff, 0xff, 0xff, 0xff,
    0xff, 0xff, 0xff, 0xff, 0xff, 0xf9, 0xaf, 0xff,
    0xff, 0xff, 0xff, 0xff, 0xff, 0xff, 0xff, 0xff,
    0x90,

    /* U+03A4 "Τ" */
    0x7f, 0xff, 0xff, 0xff, 0xff, 0xff, 0xff, 0xff,
    0xff, 0xff, 0xff, 0x7f, 0xff, 0xff, 0xff, 0xff,
    0xff, 0xff, 0xff, 0xff, 0xff, 0xff, 0x7f, 0xff,
    0xff, 0xff, 0xff, 0xff, 0xff, 0xff, 0xff, 0xff,
    0xff, 0x5b, 0xbb, 0xbb, 0xbb, 0xbf, 0xff, 0xfd,
    0xbb, 0xbb, 0xbb, 0xbb, 0x00, 0x00, 0x00, 0x00,
    0x0e, 0xff, 0xf6, 0x00, 0x00, 0x00, 0x00, 0x00,
    0x00, 0x00, 0x00, 0x0e, 0xff, 0xf6, 0x00, 0x00,
    0x00, 0x00, 0x00, 0x00, 0x00, 0x00, 0x0e, 0xff,
    0xf6, 0x00, 0x00, 0x00, 0x00, 0x00, 0x00, 0x00,
    0x00, 0x0e, 0xff, 0xf6, 0x00, 0x00, 0x00, 0x00,
    0x00, 0x00, 0x00, 0x00, 0x0e, 0xff, 0xf6, 0x00,
    0x00, 0x00, 0x00, 0x00, 0x00, 0x00, 0x00, 0x0e,
    0xff, 0xf6, 0x00, 0x00, 0x00, 0x00, 0x00, 0x00,
    0x00, 0x00, 0x0e, 0xff, 0xf6, 0x00, 0x00, 0x00,
    0x00, 0x00, 0x00, 0x00, 0x00, 0x0e, 0xff, 0xf6,
    0x00, 0x00, 0x00, 0x00, 0x00, 0x00, 0x00, 0x00,
    0x0e, 0xff, 0xf6, 0x00, 0x00, 0x00, 0x00, 0x00,
    0x00, 0x00, 0x00, 0x0e, 0xff, 0xf6, 0x00, 0x00,
    0x00, 0x00, 0x00, 0x00, 0x00, 0x00, 0x0e, 0xff,
    0xf6, 0x00, 0x00, 0x00, 0x00, 0x00, 0x00, 0x00,
    0x00, 0x0e, 0xff, 0xf6, 0x00, 0x00, 0x00, 0x00,
    0x00, 0x00, 0x00, 0x00, 0x0e, 0xff, 0xf6, 0x00,
    0x00, 0x00, 0x00, 0x00, 0x00, 0x00, 0x00, 0x0e,
    0xff, 0xf6, 0x00, 0x00, 0x00, 0x00, 0x00, 0x00,
    0x00, 0x00, 0x0e, 0xff, 0xf6, 0x00, 0x00, 0x00,
    0x00, 0x00, 0x00, 0x00, 0x00, 0x0e, 0xff, 0xf6,
    0x00, 0x00, 0x00, 0x00, 0x00, 0x00, 0x00, 0x00,
    0x0e, 0xff, 0xf6, 0x00, 0x00, 0x00, 0x00, 0x00,
    0x00, 0x00, 0x00, 0x0e, 0xff, 0xf6, 0x00, 0x00,
    0x00, 0x00, 0x00, 0x00, 0x00, 0x00, 0x0e, 0xff,
    0xf6, 0x00, 0x00, 0x00, 0x00, 0x00, 0x00, 0x00,
    0x00, 0x0e, 0xff, 0xf6, 0x00, 0x00, 0x00, 0x00,
    0x00, 0x00, 0x00, 0x00, 0x0e, 0xff, 0xf6, 0x00,
    0x00, 0x00, 0x00, 0x00, 0x00, 0x00, 0x00, 0x0e,
    0xff, 0xf6, 0x00, 0x00, 0x00, 0x00, 0x00, 0x00,
    0x00, 0x00, 0x0e, 0xff, 0xf6, 0x00, 0x00, 0x00,
    0x00, 0x00, 0x00, 0x00, 0x00, 0x0e, 0xff, 0xf6,
    0x00, 0x00, 0x00, 0x00, 0x00, 0x00, 0x00, 0x00,
    0x0e, 0xff, 0xf6, 0x00, 0x00, 0x00, 0x00,

    /* U+03A5 "Υ" */
    0xbf, 0xff, 0xe0, 0x00, 0x00, 0x00, 0x00, 0x00,
    0x00, 0x9f, 0xff, 0xf1, 0x3f, 0xff, 0xf7, 0x00,
    0x00, 0x00, 0x00, 0x00, 0x02, 0xff, 0xff, 0x80,
    0x0a, 0xff, 0xff, 0x10, 0x00, 0x00, 0x00, 0x00,
    0x0a, 0xff, 0xff, 0x10, 0x02, 0xff, 0xff, 0x80,
    0x00, 0x00, 0x00, 0x00, 0x2f, 0xff, 0xf7, 0x00,
    0x00, 0x9f, 0xff, 0xf1, 0x00, 0x00, 0x00, 0x00,
    0xbf, 0xff, 0xe0, 0x00, 0x00, 0x1f, 0xff, 0xf9,
    0x00, 0x00, 0x00, 0x03, 0xff, 0xff, 0x60, 0x00,
    0x00, 0x08, 0xff, 0xff, 0x10, 0x00, 0x00, 0x0b,
    0xff, 0xfd, 0x00, 0x00, 0x00, 0x01, 0xff, 0xff,
    0x90, 0x00, 0x00, 0x3f, 0xff, 0xf5, 0x00, 0x00,
    0x00, 0x00, 0x8f, 0xff, 0xf2, 0x00, 0x00, 0xbf,
    0xff, 0xc0, 0x00, 0x00, 0x00, 0x00, 0x0e, 0xff,
    0xfa, 0x00, 0x04, 0xff, 0xff, 0x40, 0x00, 0x00,
    0x00, 0x00, 0x07, 0xff, 0xff, 0x20, 0x0c, 0xff,
    0xfb, 0x00, 0x00, 0x00, 0x00, 0x00, 0x00, 0xef,
    0xff, 0xa0, 0x4f, 0xff, 0xf3, 0x00, 0x00, 0x00,
    0x00, 0x00, 0x00, 0x6f, 0xff, 0xf3, 0xcf, 0xff,
    0xa0, 0x00, 0x00, 0x00, 0x00, 0x00, 0x00, 0x0d,
    0xff, 0xfe, 0xff, 0xff, 0x20, 0x00, 0x00, 0x00,
    0x00, 0x00, 0x00, 0x05, 0xff, 0xff, 0xff, 0xf9,
    0x00, 0x00, 0x00, 0x00, 0x00, 0x00, 0x00, 0x00,
    0xcf, 0xff, 0xff, 0xf1, 0x00, 0x00, 0x00, 0x00,
    0x00, 0x00, 0x00, 0x00, 0x4f, 0xff, 0xff, 0x80,
    0x00, 0x00, 0x00, 0x00, 0x00, 0x00, 0x00, 0x00,
    0x0b, 0xff, 0xff, 0x00, 0x00, 0x00, 0x00, 0x00,
    0x00, 0x00, 0x00, 0x00, 0x08, 0xff, 0xfd, 0x00,
    0x00, 0x00, 0x00, 0x00, 0x00, 0x00, 0x00, 0x00,
    0x08, 0xff, 0xfd, 0x00, 0x00, 0x00, 0x00, 0x00,
    0x00, 0x00, 0x00, 0x00, 0x08, 0xff, 0xfd, 0x00,
    0x00, 0x00, 0x00, 0x00, 0x00, 0x00, 0x00, 0x00,
    0x08, 0xff, 0xfd, 0x00, 0x00, 0x00, 0x00, 0x00,
    0x00, 0x00, 0x00, 0x00, 0x08, 0xff, 0xfd, 0x00,
    0x00, 0x00, 0x00, 0x00, 0x00, 0x00, 0x00, 0x00,
    0x08, 0xff, 0xfd, 0x00, 0x00, 0x00, 0x00, 0x00,
    0x00, 0x00, 0x00, 0x00, 0x08, 0xff, 0xfd, 0x00,
    0x00, 0x00, 0x00, 0x00, 0x00, 0x00, 0x00, 0x00,
    0x08, 0xff, 0xfd, 0x00, 0x00, 0x00, 0x00, 0x00,
    0x00, 0x00, 0x00, 0x00, 0x08, 0xff, 0xfd, 0x00,
    0x00, 0x00, 0x00, 0x00, 0x00, 0x00, 0x00, 0x00,
    0x08, 0xff, 0xfd, 0x00, 0x00, 0x00, 0x00, 0x00,
    0x00, 0x00, 0x00, 0x00, 0x08, 0xff, 0xfd, 0x00,
    0x00, 0x00, 0x00, 0x00,

    /* U+03A6 "Φ" */
    0x00, 0x00, 0x00, 0x00, 0x00, 0x00, 0x00, 0xef,
    0xff, 0x50, 0x00, 0x00, 0x00, 0x00, 0x00, 0x00,
    0x00, 0x00, 0x00, 0x00, 0x00, 0x00, 0x00, 0xef,
    0xff, 0x50, 0x00, 0x00, 0x00, 0x00, 0x00, 0x00,
    0x00, 0x00, 0x00, 0x00, 0x00, 0x00, 0x00, 0xef,
    0xff, 0x50, 0x00, 0x00, 0x00, 0x00, 0x00, 0x00,
    0x00, 0x00, 0x00, 0x00, 0x48, 0xbd, 0xff, 0xff,
    0xff, 0xff, 0xec, 0xa6, 0x10, 0x00, 0x00, 0x00,
    0x00, 0x00, 0x00, 0x7e, 0xff, 0xff, 0xff, 0xff,
    0xff, 0xff, 0xff, 0xff, 0xfb, 0x30, 0x00, 0x00,
    0x00, 0x00, 0x3e, 0xff, 0xff, 0xff, 0xff, 0xff,
    0xff, 0xff, 0xff, 0xff, 0xff, 0xf9, 0x00, 0x00,
    0x00, 0x04, 0xff, 0xff, 0xff, 0xfc, 0xa9, 0xff,
    0xff, 0xb9, 0xbd, 0xff, 0xff, 0xff, 0xb0, 0x00,
    0x00, 0x2f, 0xff, 0xff, 0xc4, 0x00, 0x00, 0xef,
    0xff, 0x50, 0x00, 0x28, 0xff, 0xff, 0xf8, 0x00,
    0x00, 0xbf, 0xff, 0xf7, 0x00, 0x00, 0x00, 0xef,
    0xff, 0x50, 0x00, 0x00, 0x2e, 0xff, 0xff, 0x20,
    0x02, 0xff, 0xff, 0x80, 0x00, 0x00, 0x00, 0xef,
    0xff, 0x50, 0x00, 0x00, 0x02, 0xff, 0xff, 0xa0,
    0x08, 0xff, 0xff, 0x00, 0x00, 0x00, 0x00, 0xef,
    0xff, 0x50, 0x00, 0x00, 0x00, 0x9f, 0xff, 0xf0,
    0x0c, 0xff, 0xfa, 0x00, 0x00, 0x00, 0x00, 0xef,
    0xff, 0x50, 0x00, 0x00, 0x00, 0x3f, 0xff, 0xf3,
    0x0f, 0xff, 0xf7, 0x00, 0x00, 0x00, 0x00, 0xef,
    0xff, 0x50, 0x00, 0x00, 0x00, 0x0f, 0xff, 0xf6,
    0x0f, 0xff, 0xf5, 0x00, 0x00, 0x00, 0x00, 0xef,
    0xff, 0x50, 0x00, 0x00, 0x00, 0x0e, 0xff, 0xf7,
    0x0f, 0xff, 0xf5, 0x00, 0x00, 0x00, 0x00, 0xef,
    0xff, 0x50, 0x00, 0x00, 0x00, 0x0e, 0xff, 0xf7,
    0x0f, 0xff, 0xf6, 0x00, 0x00, 0x00, 0x00, 0xef,
    0xff, 0x50, 0x00, 0x00, 0x00, 0x0f, 0xff, 0xf6,
    0x0d, 0xff, 0xf9, 0x00, 0x00, 0x00, 0x00, 0xef,
    0xff, 0x50, 0x00, 0x00, 0x00, 0x2f, 0xff, 0xf4,
    0x09, 0xff, 0xfe, 0x00, 0x00, 0x00, 0x00, 0xef,
    0xff, 0x50, 0x00, 0x00, 0x00, 0x7f, 0xff, 0xf0,
    0x04, 0xff, 0xff, 0x50, 0x00, 0x00, 0x00, 0xef,
    0xff, 0x50, 0x00, 0x00, 0x00, 0xef, 0xff, 0xb0,
    0x00, 0xef, 0xff, 0xe2, 0x00, 0x00, 0x00, 0xef,
    0xff, 0x50, 0x00, 0x00, 0x0a, 0xff, 0xff, 0x50,
    0x00, 0x5f, 0xff, 0xfe, 0x40, 0x00, 0x00, 0xef,
    0xff, 0x50, 0x00, 0x01, 0xbf, 0xff, 0xfc, 0x00,
    0x00, 0x0a, 0xff, 0xff, 0xfc, 0x63, 0x10, 0xef,
    0xff, 0x50, 0x25, 0x9f, 0xff, 0xff, 0xe1, 0x00,
    0x00, 0x00, 0xaf, 0xff, 0xff, 0xff, 0xff, 0xff,
    0xff, 0xff, 0xff, 0xff, 0xff, 0xfe, 0x20, 0x00,
    0x00, 0x00, 0x06, 0xef, 0xff, 0xff, 0xff, 0xff,
    0xff, 0xff, 0xff, 0xff, 0xff, 0x91, 0x00, 0x00,
    0x00, 0x00, 0x00, 0x07, 0xcf, 0xff, 0xff, 0xff,
    0xff, 0xff, 0xff, 0xfe, 0x92, 0x00, 0x00, 0x00,
    0x00, 0x00, 0x00, 0x00, 0x01, 0x35, 0x77, 0xff,
    0xff, 0xa7, 0x64, 0x20, 0x00, 0x00, 0x00, 0x00,
    0x00, 0x00, 0x00, 0x00, 0x00, 0x00, 0x00, 0xef,
    0xff, 0x50, 0x00, 0x00, 0x00, 0x00, 0x00, 0x00,
    0x00, 0x00, 0x00, 0x00, 0x00, 0x00, 0x00, 0xef,
    0xff, 0x50, 0x00, 0x00, 0x00, 0x00, 0x00, 0x00,
    0x00, 0x00, 0x00, 0x00, 0x00, 0x00, 0x00, 0xef,
    0xff, 0x50, 0x00, 0x00, 0x00, 0x00, 0x00, 0x00,

    /* U+03A7 "Χ" */
    0x1e, 0xff, 0xfd, 0x00, 0x00, 0x00, 0x00, 0x00,
    0x00, 0x6f, 0xff, 0xf4, 0x00, 0x5f, 0xff, 0xf7,
    0x00, 0x00, 0x00, 0x00, 0x00, 0x1f, 0xff, 0xfa,
    0x00, 0x00, 0xaf, 0xff, 0xf2, 0x00, 0x00, 0x00,
    0x00, 0x0a, 0xff, 0xfe, 0x10, 0x00, 0x01, 0xff,
    0xff, 0xb0, 0x00, 0x00, 0x00, 0x04, 0xff, 0xff,
    0x50, 0x00, 0x00, 0x06, 0xff, 0xff, 0x50, 0x00,
    0x00, 0x00, 0xdf, 0xff, 0xb0, 0x00, 0x00, 0x00,
    0x0c, 0xff, 0xfe, 0x00, 0x00, 0x00, 0x7f, 0xff,
    0xf2, 0x00, 0x00, 0x00, 0x00, 0x2f, 0xff, 0xf8,
    0x00, 0x00, 0x1f, 0xff, 0xf7, 0x00, 0x00, 0x00,
    0x00, 0x00, 0x7f, 0xff, 0xf2, 0x00, 0x0a, 0xff,
    0xfd, 0x00, 0x00, 0x00, 0x00, 0x00, 0x00, 0xdf,
    0xff, 0xb0, 0x04, 0xff, 0xff, 0x30, 0x00, 0x00,
    0x00, 0x00, 0x00, 0x03, 0xff, 0xff, 0x50, 0xdf,
    0xff, 0x80, 0x00, 0x00, 0x00, 0x00, 0x00, 0x00,
    0x09, 0xff, 0xfe, 0x9f, 0xff, 0xe0, 0x00, 0x00,
    0x00, 0x00, 0x00, 0x00, 0x00, 0x0e, 0xff, 0xff,
    0xff, 0xf4, 0x00, 0x00, 0x00, 0x00, 0x00, 0x00,
    0x00, 0x00, 0x4f, 0xff, 0xff, 0xfa, 0x00, 0x00,
    0x00, 0x00, 0x00, 0x00, 0x00, 0x00, 0x00, 0xaf,
    0xff, 0xfe, 0x10, 0x00, 0x00, 0x00, 0x00, 0x00,
    0x00, 0x00, 0x00, 0x0b, 0xff, 0xff, 0xf1, 0x00,
    0x00, 0x00, 0x00, 0x00, 0x00, 0x00, 0x00, 0x05,
    0xff, 0xff, 0xff, 0xb0, 0x00, 0x00, 0x00, 0x00,
    0x00, 0x00, 0x00, 0x01, 0xef, 0xff, 0xff, 0xff,
    0x50, 0x00, 0x00, 0x00, 0x00, 0x00, 0x00, 0x00,
    0x9f, 0xff, 0xda, 0xff, 0xfe, 0x10, 0x00, 0x00,
    0x00, 0x00, 0x00, 0x00, 0x3f, 0xff, 0xf4, 0x1e,
    0xff, 0xf9, 0x00, 0x00, 0x00, 0x00, 0x00, 0x00,
    0x0d, 0xff, 0xfa, 0x00, 0x6f, 0xff, 0xf3, 0x00,
    0x00, 0x00, 0x00, 0x00, 0x07, 0xff, 0xff, 0x10,
    0x00, 0xcf, 0xff, 0xd0, 0x00, 0x00, 0x00, 0x00,
    0x02, 0xff, 0xff, 0x60, 0x00, 0x03, 0xff, 0xff,
    0x80, 0x00, 0x00, 0x00, 0x00, 0xbf, 0xff, 0xc0,
    0x00, 0x00, 0x09, 0xff, 0xff, 0x20, 0x00, 0x00,
    0x00, 0x6f, 0xff, 0xf3, 0x00, 0x00, 0x00, 0x1e,
    0xff, 0xfc, 0x00, 0x00, 0x00, 0x1e, 0xff, 0xf9,
    0x00, 0x00, 0x00, 0x00, 0x6f, 0xff, 0xf6, 0x00,
    0x00, 0x0a, 0xff, 0xfe, 0x10, 0x00, 0x00, 0x00,
    0x00, 0xcf, 0xff, 0xf1, 0x00, 0x04, 0xff, 0xff,
    0x50, 0x00, 0x00, 0x00, 0x00, 0x03, 0xff, 0xff,
    0xb0, 0x00, 0xdf, 0xff, 0xc0, 0x00, 0x00, 0x00,
    0x00, 0x00, 0x09, 0xff, 0xff, 0x50, 0x8f, 0xff,
    0xf2, 0x00, 0x00, 0x00, 0x00, 0x00, 0x00, 0x1e,
    0xff, 0xfe, 0x10,

    /* U+03A9 "Ω" */
    0x00, 0x00, 0x00, 0x00, 0x38, 0xbe, 0xff, 0xfe,
    0xc8, 0x40, 0x00, 0x00, 0x00, 0x00, 0x00, 0x00,
    0x00, 0x4c, 0xff, 0xff, 0xff, 0xff, 0xff, 0xfd,
    0x60, 0x00, 0x00, 0x00, 0x00, 0x00, 0x0a, 0xff,
    0xff, 0xff, 0xff, 0xff, 0xff, 0xff, 0xfc, 0x10,
    0x00, 0x00, 0x00, 0x01, 0xcf, 0xff, 0xff, 0xfe,
    0xcb, 0xce, 0xff, 0xff, 0xff, 0xe2, 0x00, 0x00,
    0x00, 0x0c, 0xff, 0xff, 0xf9, 0x20, 0x00, 0x00,
    0x28, 0xff, 0xff, 0xfe, 0x10, 0x00, 0x00, 0x8f,
    0xff, 0xfe, 0x30, 0x00, 0x00, 0x00, 0x00, 0x2d,
    0xff, 0xff, 0xa0, 0x00, 0x01, 0xff, 0xff, 0xe2,
    0x00, 0x00, 0x00, 0x00, 0x00, 0x01, 0xdf, 0xff,
    0xf4, 0x00, 0x08, 0xff, 0xff, 0x50, 0x00, 0x00,
    0x00, 0x00, 0x00, 0x00, 0x3f, 0xff, 0xfb, 0x00,
    0x0e, 0xff, 0xfd, 0x00, 0x00, 0x00, 0x00, 0x00,
    0x00, 0x00, 0x0b, 0xff, 0xff, 0x10, 0x3f, 0xff,
    0xf7, 0x00, 0x00, 0x00, 0x00, 0x00, 0x00, 0x00,
    0x04, 0xff, 0xff, 0x60, 0x6f, 0xff, 0xf3, 0x00,
    0x00, 0x00, 0x00, 0x00, 0x00, 0x00, 0x00, 0xff,
    0xff, 0x90, 0x9f, 0xff, 0xf0, 0x00, 0x00, 0x00,
    0x00, 0x00, 0x00, 0x00, 0x00, 0xdf, 0xff, 0xb0,
    0xaf, 0xff, 0xe0, 0x00, 0x00, 0x00, 0x00, 0x00,
    0x00, 0x00, 0x00, 0xbf, 0xff, 0xd0, 0xaf, 0xff,
    0xe0, 0x00, 0x00, 0x00, 0x00, 0x00, 0x00, 0x00,
    0x00, 0xbf, 0xff, 0xd0, 0xaf, 0xff, 0xe0, 0x00,
    0x00, 0x00, 0x00, 0x00, 0x00, 0x00, 0x00, 0xbf,
    0xff, 0xc0, 0x9f, 0xff, 0xf0, 0x00, 0x00, 0x00,
    0x00, 0x00, 0x00, 0x00, 0x00, 0xcf, 0xff, 0xb0,
    0x6f, 0xff, 0xf1, 0x00, 0x00, 0x00, 0x00, 0x00,
    0x00, 0x00, 0x00, 0xef, 0xff, 0x80, 0x2f, 0xff,
    0xf4, 0x00, 0x00, 0x00, 0x00, 0x00, 0x00, 0x00,
    0x01, 0xff, 0xff, 0x50, 0x0d, 0xff, 0xf9, 0x00,
    0x00, 0x00, 0x00, 0x00, 0x00, 0x00, 0x06, 0xff,
    0xff, 0x00, 0x07, 0xff, 0xfe, 0x00, 0x00, 0x00,
    0x00, 0x00, 0x00, 0x00, 0x0c, 0xff, 0xf9, 0x00,
    0x00, 0xef, 0xff, 0x70, 0x00, 0x00, 0x00, 0x00,
    0x00, 0x00, 0x4f, 0xff, 0xf2, 0x00, 0x00, 0x5f,
    0xff, 0xf2, 0x00, 0x00, 0x00, 0x00, 0x00, 0x01,
    0xef, 0xff, 0x80, 0x00, 0x00, 0x09, 0xff, 0xfd,
    0x00, 0x00, 0x00, 0x00, 0x00, 0x0b, 0xff, 0xfc,
    0x00, 0x00, 0x00, 0x00, 0xbf, 0xff, 0xc1, 0x00,
    0x00, 0x00, 0x00, 0xbf, 0xff, 0xd1, 0x00, 0x00,
    0x00, 0x00, 0x0a, 0xff, 0xfd, 0x20, 0x00, 0x00,
    0x1c, 0xff, 0xfc, 0x10, 0x00, 0x00, 0xab, 0xbb,
    0xbb, 0xff, 0xff, 0xf0, 0x00, 0x00, 0xef, 0xff,
    0xfc, 0xbb, 0xbb, 0xb0, 0xef, 0xff, 0xff, 0xff,
    0xff, 0xf1, 0x00, 0x00, 0xff, 0xff, 0xff, 0xff,
    0xff, 0xf1, 0xef, 0xff, 0xff, 0xff, 0xff, 0xf1,
    0x00, 0x00, 0xff, 0xff, 0xff, 0xff, 0xff, 0xf1,
    0xef, 0xff, 0xff, 0xff, 0xff, 0xf1, 0x00, 0x00,
    0xff, 0xff, 0xff, 0xff, 0xff, 0xf1,

    /* U+03AC "ά" */
    0x00, 0x00, 0x00, 0x00, 0x00, 0x5d, 0xdd, 0xd7,
    0x00, 0x00, 0x00, 0x00, 0x00, 0x00, 0x00, 0x00,
    0x0a, 0xff, 0xff, 0x10, 0x00, 0x00, 0x00, 0x00,
    0x00, 0x00, 0x00, 0x00, 0xff, 0xff, 0x60, 0x00,
    0x00, 0x00, 0x00, 0x00, 0x00, 0x00, 0x00, 0x4f,
    0xff, 0xc0, 0x00, 0x00, 0x00, 0x00, 0x00, 0x00,
    0x00, 0x00, 0x09, 0xff, 0xf2, 0x00, 0x00, 0x00,
    0x00, 0x00, 0x00, 0x00, 0x00, 0x00, 0xef, 0xf8,
    0x00, 0x00, 0x00, 0x00, 0x00, 0x00, 0x00, 0x00,
    0x00, 0x2f, 0xfd, 0x00, 0x00, 0x00, 0x00, 0x00,
    0x00, 0x00, 0x00, 0x00, 0x00, 0x00, 0x00, 0x00,
    0x00, 0x00, 0x00, 0x00, 0x00, 0x00, 0x00, 0x00,
    0x00, 0x00, 0x00, 0x00, 0x00, 0x00, 0x00, 0x00,
    0x00, 0x00, 0x00, 0x00, 0x00, 0x00, 0x00, 0x00,
    0x00, 0x00, 0x00, 0x00, 0x00, 0x06, 0xbe, 0xff,
    0xda, 0x30, 0x00, 0xff, 0xf8, 0x00, 0x00, 0x00,
    0x3d, 0xff, 0xff, 0xff, 0xff, 0xa0, 0x3f, 0xff,
    0x80, 0x00, 0x00, 0x4f, 0xff, 0xff, 0xff, 0xff,
    0xff, 0xb6, 0xff, 0xf8, 0x00, 0x00, 0x1e, 0xff,
    0xff, 0xe9, 0x77, 0xae, 0xff, 0xef, 0xff, 0x80,
    0x00, 0x09, 0xff, 0xff, 0x90, 0x00, 0x00, 0x09,
    0xff, 0xff, 0xf8, 0x00, 0x00, 0xff, 0xff, 0xb0,
    0x00, 0x00, 0x00, 0x0c, 0xff, 0xff, 0x80, 0x00,
    0x5f, 0xff, 0xf3, 0x00, 0x00, 0x00, 0x00, 0x4f,
    0xff, 0xf8, 0x00, 0x08, 0xff, 0xfe, 0x00, 0x00,
    0x00, 0x00, 0x00, 0xff, 0xff, 0x80, 0x00, 0xbf,
    0xff, 0xa0, 0x00, 0x00, 0x00, 0x00, 0x0c, 0xff,
    0xf8, 0x00, 0x0d, 0xff, 0xf8, 0x00, 0x00, 0x00,
    0x00, 0x00, 0xaf, 0xff, 0x80, 0x00, 0xdf, 0xff,
    0x80, 0x00, 0x00, 0x00, 0x00, 0x09, 0xff, 0xf8,
    0x00, 0x0d, 0xff, 0xf7, 0x00, 0x00, 0x00, 0x00,
    0x00, 0x9f, 0xff, 0x80, 0x00, 0xdf, 0xff, 0x80,
    0x00, 0x00, 0x00, 0x00, 0x0a, 0xff, 0xf8, 0x00,
    0x0b, 0xff, 0xfa, 0x00, 0x00, 0x00, 0x00, 0x00,
    0xbf, 0xff, 0x80, 0x00, 0x9f, 0xff, 0xd0, 0x00,
    0x00, 0x00, 0x00, 0x0e, 0xff, 0xf8, 0x00, 0x05,
    0xff, 0xff, 0x30, 0x00, 0x00, 0x00, 0x02, 0xff,
    0xff, 0x80, 0x00, 0x0f, 0xff, 0xfb, 0x00, 0x00,
    0x00, 0x00, 0xaf, 0xff, 0xf8, 0x00, 0x00, 0x9f,
    0xff, 0xf9, 0x00, 0x00, 0x00, 0x8f, 0xff, 0xff,
    0xb0, 0x00, 0x01, 0xef, 0xff, 0xfe, 0x97, 0x7a,
    0xef, 0xfd, 0xff, 0xff, 0xa7, 0x30, 0x04, 0xff,
    0xff, 0xff, 0xff, 0xff, 0xfb, 0x1f, 0xff, 0xff,
    0xf5, 0x00, 0x03, 0xef, 0xff, 0xff, 0xff, 0xf9,
    0x00, 0x7f, 0xff, 0xff, 0x50, 0x00, 0x00, 0x6b,
    0xef, 0xfd, 0x93, 0x00, 0x00, 0x6c, 0xff, 0xc3,

    /* U+03AD "έ" */
    0x00, 0x00, 0x00, 0x00, 0x00, 0x8d, 0xdd, 0xd4,
    0x00, 0x00, 0x00, 0x00, 0x00, 0x0e, 0xff, 0xfd,
    0x00, 0x00, 0x00, 0x00, 0x00, 0x03, 0xff, 0xff,
    0x30, 0x00, 0x00, 0x00, 0x00, 0x00, 0x8f, 0xff,
    0x80, 0x00, 0x00, 0x00, 0x00, 0x00, 0x0d, 0xff,
    0xd0, 0x00, 0x00, 0x00, 0x00, 0x00, 0x02, 0xff,
    0xf4, 0x00, 0x00, 0x00, 0x00, 0x00, 0x00, 0x6f,
    0xfa, 0x00, 0x00, 0x00, 0x00, 0x00, 0x00, 0x00,
    0x00, 0x00, 0x00, 0x00, 0x00, 0x00, 0x00, 0x00,
    0x00, 0x00, 0x00, 0x00, 0x00, 0x00, 0x00, 0x00,
    0x00, 0x00, 0x00, 0x00, 0x00, 0x00, 0x00, 0x16,
    0xbd, 0xff, 0xfe, 0xc9, 0x51, 0x00, 0x00, 0x6f,
    0xff, 0xff, 0xff, 0xff, 0xff, 0xf8, 0x00, 0x7f,
    0xff, 0xff, 0xff, 0xff, 0xff, 0xff, 0x90, 0x1f,
    0xff, 0xff, 0xa7, 0x56, 0x7a, 0xef, 0xf2, 0x06,
    0xff, 0xff, 0x30, 0x00, 0x00, 0x00, 0x49, 0x00,
    0x8f, 0xff, 0xa0, 0x00, 0x00, 0x00, 0x00, 0x00,
    0x07, 0xff, 0xfa, 0x00, 0x00, 0x00, 0x00, 0x00,
    0x00, 0x2f, 0xff, 0xf2, 0x00, 0x00, 0x00, 0x00,
    0x00, 0x00, 0x8f, 0xff, 0xe8, 0x42, 0x22, 0x20,
    0x00, 0x00, 0x00, 0x7f, 0xff, 0xff, 0xff, 0xfe,
    0x00, 0x00, 0x00, 0x00, 0x5e, 0xff, 0xff, 0xff,
    0xe0, 0x00, 0x00, 0x03, 0xdf, 0xff, 0xff, 0xff,
    0xfe, 0x00, 0x00, 0x04, 0xff, 0xff, 0xc5, 0x10,
    0x00, 0x00, 0x00, 0x00, 0xef, 0xff, 0xa0, 0x00,
    0x00, 0x00, 0x00, 0x00, 0x3f, 0xff, 0xf2, 0x00,
    0x00, 0x00, 0x00, 0x00, 0x04, 0xff, 0xff, 0x10,
    0x00, 0x00, 0x00, 0x00, 0x00, 0x4f, 0xff, 0xf4,
    0x00, 0x00, 0x00, 0x00, 0x00, 0x00, 0xff, 0xff,
    0xd2, 0x00, 0x00, 0x00, 0x01, 0x75, 0x09, 0xff,
    0xff, 0xfc, 0x87, 0x78, 0x9c, 0xff, 0x70, 0x0c,
    0xff, 0xff, 0xff, 0xff, 0xff, 0xff, 0xf7, 0x00,
    0x09, 0xff, 0xff, 0xff, 0xff, 0xff, 0xff, 0x50,
    0x00, 0x02, 0x7b, 0xdf, 0xff, 0xfd, 0xb7, 0x20,

    /* U+03AE "ή" */
    0x00, 0x00, 0x00, 0x00, 0xcd, 0xdd, 0xc0, 0x00,
    0x00, 0x00, 0x00, 0x00, 0x00, 0x5f, 0xff, 0xf6,
    0x00, 0x00, 0x00, 0x00, 0x00, 0x00, 0x0a, 0xff,
    0xfc, 0x00, 0x00, 0x00, 0x00, 0x00, 0x00, 0x00,
    0xef, 0xff, 0x20, 0x00, 0x00, 0x00, 0x00, 0x00,
    0x00, 0x3f, 0xff, 0x80, 0x00, 0x00, 0x00, 0x00,
    0x00, 0x00, 0x08, 0xff, 0xd0, 0x00, 0x00, 0x00,
    0x00, 0x00, 0x00, 0x00, 0xcf, 0xf3, 0x00, 0x00,
    0x00, 0x00, 0x00, 0x00, 0x00, 0x00, 0x00, 0x00,
    0x00, 0x00, 0x00, 0x00, 0x00, 0x00, 0x00, 0x00,
    0x00, 0x00, 0x00, 0x00, 0x00, 0x0b, 0xff, 0xb0,
    0x00, 0x4a, 0xdf, 0xfe, 0xb6, 0x00, 0x00, 0xbf,
    0xfe, 0x01, 0xcf, 0xff, 0xff, 0xff, 0xfe, 0x30,
    0x0b, 0xff, 0xf2, 0xdf, 0xff, 0xff, 0xff, 0xff,
    0xff, 0x20, 0xbf, 0xff, 0xef, 0xff, 0xb8, 0x8a,
    0xff, 0xff, 0xfb, 0x0b, 0xff, 0xff, 0xfa, 0x10,
    0x00, 0x01, 0xdf, 0xff, 0xf1, 0xbf, 0xff, 0xfc,
    0x00, 0x00, 0x00, 0x03, 0xff, 0xff, 0x5b, 0xff,
    0xff, 0x30, 0x00, 0x00, 0x00, 0x0d, 0xff, 0xf8,
    0xbf, 0xff, 0xe0, 0x00, 0x00, 0x00, 0x00, 0xaf,
    0xff, 0x9b, 0xff, 0xfb, 0x00, 0x00, 0x00, 0x00,
    0x09, 0xff, 0xf9, 0xbf, 0xff, 0x90, 0x00, 0x00,
    0x00, 0x00, 0x9f, 0xff, 0x9b, 0xff, 0xf8, 0x00,
    0x00, 0x00, 0x00, 0x09, 0xff, 0xf9, 0xbf, 0xff,
    0x80, 0x00, 0x00, 0x00, 0x00, 0x9f, 0xff, 0x9b,
    0xff, 0xf8, 0x00, 0x00, 0x00, 0x00, 0x09, 0xff,
    0xf9, 0xbf, 0xff, 0x80, 0x00, 0x00, 0x00, 0x00,
    0x9f, 0xff, 0x9b, 0xff, 0xf8, 0x00, 0x00, 0x00,
    0x00, 0x09, 0xff, 0xf9, 0xbf, 0xff, 0x80, 0x00,
    0x00, 0x00, 0x00, 0x9f, 0xff, 0x9b, 0xff, 0xf8,
    0x00, 0x00, 0x00, 0x00, 0x09, 0xff, 0xf9, 0xbf,
    0xff, 0x80, 0x00, 0x00, 0x00, 0x00, 0x9f, 0xff,
    0x9b, 0xff, 0xf8, 0x00, 0x00, 0x00, 0x00, 0x09,
    0xff, 0xf9, 0xbf, 0xff, 0x80, 0x00, 0x00, 0x00,
    0x00, 0x9f, 0xff, 0x9b, 0xff, 0xf8, 0x00, 0x00,
    0x00, 0x00, 0x09, 0xff, 0xf9, 0xbf, 0xff, 0x80,
    0x00, 0x00, 0x00, 0x00, 0x9f, 0xff, 0x90, 0x00,
    0x00, 0x00, 0x00, 0x00, 0x00, 0x09, 0xff, 0xf9,
    0x00, 0x00, 0x00, 0x00, 0x00, 0x00, 0x00, 0x9f,
    0xff, 0x90, 0x00, 0x00, 0x00, 0x00, 0x00, 0x00,
    0x09, 0xff, 0xf9, 0x00, 0x00, 0x00, 0x00, 0x00,
    0x00, 0x00, 0x9f, 0xff, 0x90, 0x00, 0x00, 0x00,
    0x00, 0x00, 0x00, 0x09, 0xff, 0xf9, 0x00, 0x00,
    0x00, 0x00, 0x00, 0x00, 0x00, 0x9f, 0xff, 0x90,
    0x00, 0x00, 0x00, 0x00, 0x00, 0x00, 0x09, 0xff,
    0xf9, 0x00, 0x00, 0x00, 0x00, 0x00, 0x00, 0x00,
    0x9f, 0xff, 0x90, 0x00, 0x00, 0x00, 0x00, 0x00,
    0x00, 0x09, 0xff, 0xf9, 0x00, 0x00, 0x00, 0x00,
    0x00, 0x00, 0x00, 0x9f, 0xff, 0x90,

    /* U+03AF "ί" */
    0x00, 0x08, 0xdd, 0xdd, 0x30, 0x00, 0x00, 0xff,
    0xff, 0xc0, 0x00, 0x00, 0x4f, 0xff, 0xf2, 0x00,
    0x00, 0x09, 0xff, 0xf8, 0x00, 0x00, 0x00, 0xdf,
    0xfd, 0x00, 0x00, 0x00, 0x2f, 0xff, 0x30, 0x00,
    0x00, 0x07, 0xff, 0x90, 0x00, 0x00, 0x00, 0x00,
    0x00, 0x00, 0x00, 0x00, 0x00, 0x00, 0x00, 0x00,
    0x00, 0x00, 0x00, 0x00, 0x00, 0x00, 0x00, 0xcf,
    0xff, 0x70, 0x00, 0x00, 0x0c, 0xff, 0xf7, 0x00,
    0x00, 0x00, 0xcf, 0xff, 0x70, 0x00, 0x00, 0x0c,
    0xff, 0xf7, 0x00, 0x00, 0x00, 0xcf, 0xff, 0x70,
    0x00, 0x00, 0x0c, 0xff, 0xf7, 0x00, 0x00, 0x00,
    0xcf, 0xff, 0x70, 0x00, 0x00, 0x0c, 0xff, 0xf7,
    0x00, 0x00, 0x00, 0xcf, 0xff, 0x70, 0x00, 0x00,
    0x0c, 0xff, 0xf7, 0x00, 0x00, 0x00, 0xcf, 0xff,
    0x70, 0x00, 0x00, 0x0c, 0xff, 0xf7, 0x00, 0x00,
    0x00, 0xcf, 0xff, 0x70, 0x00, 0x00, 0x0c, 0xff,
    0xf7, 0x00, 0x00, 0x00, 0xcf, 0xff, 0x70, 0x00,
    0x00, 0x0c, 0xff, 0xf7, 0x00, 0x00, 0x00, 0xbf,
    0xff, 0xa0, 0x00, 0x00, 0x08, 0xff, 0xff, 0x20,
    0x00, 0x00, 0x3f, 0xff, 0xff, 0x98, 0x9c, 0x10,
    0xbf, 0xff, 0xff, 0xff, 0xf1, 0x01, 0xcf, 0xff,
    0xff, 0xff, 0x10, 0x00, 0x6b, 0xef, 0xfe, 0xa0,

    /* U+03B1 "α" */
    0x00, 0x00, 0x06, 0xbe, 0xff, 0xda, 0x30, 0x00,
    0xff, 0xf8, 0x00, 0x00, 0x00, 0x3d, 0xff, 0xff,
    0xff, 0xff, 0xa0, 0x3f, 0xff, 0x80, 0x00, 0x00,
    0x4f, 0xff, 0xff, 0xff, 0xff, 0xff, 0xb6, 0xff,
    0xf8, 0x00, 0x00, 0x1e, 0xff, 0xff, 0xe9, 0x77,
    0xae, 0xff, 0xef, 0xff, 0x80, 0x00, 0x09, 0xff,
    0xff, 0x90, 0x00, 0x00, 0x09, 0xff, 0xff, 0xf8,
    0x00, 0x00, 0xff, 0xff, 0xb0, 0x00, 0x00, 0x00,
    0x0c, 0xff, 0xff, 0x80, 0x00, 0x5f, 0xff, 0xf3,
    0x00, 0x00, 0x00, 0x00, 0x4f, 0xff, 0xf8, 0x00,
    0x08, 0xff, 0xfe, 0x00, 0x00, 0x00, 0x00, 0x00,
    0xff, 0xff, 0x80, 0x00, 0xbf, 0xff, 0xa0, 0x00,
    0x00, 0x00, 0x00, 0x0c, 0xff, 0xf8, 0x00, 0x0d,
    0xff, 0xf8, 0x00, 0x00, 0x00, 0x00, 0x00, 0xaf,
    0xff, 0x80, 0x00, 0xdf, 0xff, 0x80, 0x00, 0x00,
    0x00, 0x00, 0x09, 0xff, 0xf8, 0x00, 0x0d, 0xff,
    0xf7, 0x00, 0x00, 0x00, 0x00, 0x00, 0x9f, 0xff,
    0x80, 0x00, 0xdf, 0xff, 0x80, 0x00, 0x00, 0x00,
    0x00, 0x0a, 0xff, 0xf8, 0x00, 0x0b, 0xff, 0xfa,
    0x00, 0x00, 0x00, 0x00, 0x00, 0xbf, 0xff, 0x80,
    0x00, 0x9f, 0xff, 0xd0, 0x00, 0x00, 0x00, 0x00,
    0x0e, 0xff, 0xf8, 0x00, 0x05, 0xff, 0xff, 0x30,
    0x00, 0x00, 0x00, 0x02, 0xff, 0xff, 0x80, 0x00,
    0x0f, 0xff, 0xfb, 0x00, 0x00, 0x00, 0x00, 0xaf,
    0xff, 0xf8, 0x00, 0x00, 0x9f, 0xff, 0xf9, 0x00,
    0x00, 0x00, 0x8f, 0xff, 0xff, 0xb0, 0x00, 0x01,
    0xef, 0xff, 0xfe, 0x97, 0x7a, 0xef, 0xfd, 0xff,
    0xff, 0xa7, 0x30, 0x04, 0xff, 0xff, 0xff, 0xff,
    0xff, 0xfb, 0x1f, 0xff, 0xff, 0xf5, 0x00, 0x03,
    0xef, 0xff, 0xff, 0xff, 0xf9, 0x00, 0x7f, 0xff,
    0xff, 0x50, 0x00, 0x00, 0x6b, 0xef, 0xfd, 0x93,
    0x00, 0x00, 0x6c, 0xff, 0xc3,

    /* U+03B2 "β" */
    0x00, 0x00, 0x04, 0x9d, 0xff, 0xfd, 0xb6, 0x10,
    0x00, 0x00, 0x00, 0x04, 0xdf, 0xff, 0xff, 0xff,
    0xff, 0xf6, 0x00, 0x00, 0x00, 0x5f, 0xff, 0xff,
    0xff, 0xff, 0xff, 0xff, 0x80, 0x00, 0x03, 0xff,
    0xff, 0xfc, 0x76, 0x8c, 0xff, 0xff, 0xf4, 0x00,
    0x0c, 0xff, 0xff, 0x40, 0x00, 0x00, 0x6f, 0xff,
    0xfb, 0x00, 0x2f, 0xff, 0xf5, 0x00, 0x00, 0x00,
    0x09, 0xff, 0xff, 0x00, 0x6f, 0xff, 0xd0, 0x00,
    0x00, 0x00, 0x03, 0xff, 0xff, 0x20, 0x9f, 0xff,
    0xa0, 0x00, 0x00, 0x00, 0x01, 0xff, 0xff, 0x30,
    0xbf, 0xff, 0x80, 0x00, 0x00, 0x00, 0x01, 0xff,
    0xff, 0x20, 0xbf, 0xff, 0x80, 0x00, 0x00, 0x00,
    0x04, 0xff, 0xff, 0x00, 0xbf, 0xff, 0x80, 0x00,
    0x00, 0x00, 0x0a, 0xff, 0xf9, 0x00, 0xbf, 0xff,
    0x80, 0x00, 0x00, 0x00, 0x5f, 0xff, 0xe1, 0x00,
    0xbf, 0xff, 0x80, 0x04, 0x44, 0x5a, 0xff, 0xfd,
    0x20, 0x00, 0xbf, 0xff, 0x80, 0x0f, 0xff, 0xff,
    0xfd, 0x70, 0x00, 0x00, 0xbf, 0xff, 0x80, 0x0f,
    0xff, 0xff, 0xe9, 0x50, 0x00, 0x00, 0xbf, 0xff,
    0x80, 0x0f, 0xff, 0xff, 0xff, 0xfe, 0x60, 0x00,
    0xbf, 0xff, 0x80, 0x00, 0x00, 0x03, 0x9f, 0xff,
    0xfa, 0x00, 0xbf, 0xff, 0x80, 0x00, 0x00, 0x00,
    0x03, 0xff, 0xff, 0x80, 0xbf, 0xff, 0x80, 0x00,
    0x00, 0x00, 0x00, 0x6f, 0xff, 0xf1, 0xbf, 0xff,
    0x80, 0x00, 0x00, 0x00, 0x00, 0x0e, 0xff, 0xf6,
    0xbf, 0xff, 0x80, 0x00, 0x00, 0x00, 0x00, 0x0c,
    0xff, 0xf8, 0xbf, 0xff, 0x80, 0x00, 0x00, 0x00,
    0x00, 0x0b, 0xff, 0xfa, 0xbf, 0xff, 0x80, 0x00,
    0x00, 0x00, 0x00, 0x0c, 0xff, 0xf9, 0xbf, 0xff,
    0x80, 0x00, 0x00, 0x00, 0x00, 0x1f, 0xff, 0xf7,
    0xbf, 0xff, 0x80, 0x00, 0x00, 0x00, 0x00, 0x9f,
    0xff, 0xf3, 0xbf, 0xff, 0xe7, 0x10, 0x00, 0x00,
    0x09, 0xff, 0xff, 0xd0, 0xbf, 0xff, 0xff, 0xfb,
    0x87, 0x7a, 0xef, 0xff, 0xff, 0x30, 0xbf, 0xff,
    0xff, 0xff, 0xff, 0xff, 0xff, 0xff, 0xf5, 0x00,
    0xbf, 0xff, 0xef, 0xff, 0xff, 0xff, 0xff, 0xfd,
    0x30, 0x00, 0xbf, 0xff, 0x82, 0x7c, 0xef, 0xff,
    0xd9, 0x40, 0x00, 0x00, 0xbf, 0xff, 0x80, 0x00,
    0x00, 0x00, 0x00, 0x00, 0x00, 0x00, 0xbf, 0xff,
    0x80, 0x00, 0x00, 0x00, 0x00, 0x00, 0x00, 0x00,
    0xbf, 0xff, 0x80, 0x00, 0x00, 0x00, 0x00, 0x00,
    0x00, 0x00, 0xbf, 0xff, 0x80, 0x00, 0x00, 0x00,
    0x00, 0x00, 0x00, 0x00, 0xbf, 0xff, 0x80, 0x00,
    0x00, 0x00, 0x00, 0x00, 0x00, 0x00, 0xbf, 0xff,
    0x80, 0x00, 0x00, 0x00, 0x00, 0x00, 0x00, 0x00,
    0xbf, 0xff, 0x80, 0x00, 0x00, 0x00, 0x00, 0x00,
    0x00, 0x00, 0xbf, 0xff, 0x80, 0x00, 0x00, 0x00,
    0x00, 0x00, 0x00, 0x00, 0xbf, 0xff, 0x80, 0x00,
    0x00, 0x00, 0x00, 0x00, 0x00, 0x00, 0xbf, 0xff,
    0x80, 0x00, 0x00, 0x00, 0x00, 0x00, 0x00, 0x00,

    /* U+03B3 "γ" */
    0xdf, 0xff, 0x80, 0x00, 0x00, 0x00, 0x00, 0x03,
    0xff, 0xff, 0x7f, 0xff, 0xd0, 0x00, 0x00, 0x00,
    0x00, 0x04, 0xff, 0xff, 0x1f, 0xff, 0xf2, 0x00,
    0x00, 0x00, 0x00, 0x04, 0xff, 0xfe, 0x0c, 0xff,
    0xf8, 0x00, 0x00, 0x00, 0x00, 0x05, 0xff, 0xfd,
    0x06, 0xff, 0xfd, 0x00, 0x00, 0x00, 0x00, 0x07,
    0xff, 0xfc, 0x01, 0xff, 0xff, 0x20, 0x00, 0x00,
    0x00, 0x08, 0xff, 0xfa, 0x00, 0xbf, 0xff, 0x80,
    0x00, 0x00, 0x00, 0x0a, 0xff, 0xf8, 0x00, 0x5f,
    0xff, 0xd0, 0x00, 0x00, 0x00, 0x0d, 0xff, 0xf5,
    0x00, 0x0f, 0xff, 0xf2, 0x00, 0x00, 0x00, 0x0f,
    0xff, 0xf1, 0x00, 0x09, 0xff, 0xf7, 0x00, 0x00,
    0x00, 0x4f, 0xff, 0xd0, 0x00, 0x04, 0xff, 0xfd,
    0x00, 0x00, 0x00, 0x8f, 0xff, 0x90, 0x00, 0x00,
    0xef, 0xff, 0x20, 0x00, 0x00, 0xdf, 0xff, 0x30,
    0x00, 0x00, 0x8f, 0xff, 0x70, 0x00, 0x03, 0xff,
    0xfd, 0x00, 0x00, 0x00, 0x3f, 0xff, 0xd0, 0x00,
    0x0b, 0xff, 0xf6, 0x00, 0x00, 0x00, 0x0d, 0xff,
    0xf3, 0x00, 0x3f, 0xff, 0xe0, 0x00, 0x00, 0x00,
    0x07, 0xff, 0xf8, 0x00, 0xcf, 0xff, 0x60, 0x00,
    0x00, 0x00, 0x02, 0xff, 0xfd, 0x07, 0xff, 0xfd,
    0x00, 0x00, 0x00, 0x00, 0x00, 0xcf, 0xff, 0x6f,
    0xff, 0xf3, 0x00, 0x00, 0x00, 0x00, 0x00, 0x6f,
    0xff, 0xff, 0xff, 0x70, 0x00, 0x00, 0x00, 0x00,
    0x00, 0x1f, 0xff, 0xff, 0xfb, 0x00, 0x00, 0x00,
    0x00, 0x00, 0x00, 0x0b, 0xff, 0xff, 0xd0, 0x00,
    0x00, 0x00, 0x00, 0x00, 0x00, 0x06, 0xff, 0xff,
    0x10, 0x00, 0x00, 0x00, 0x00, 0x00, 0x00, 0x05,
    0xff, 0xfe, 0x00, 0x00, 0x00, 0x00, 0x00, 0x00,
    0x00, 0x05, 0xff, 0xfe, 0x00, 0x00, 0x00, 0x00,
    0x00, 0x00, 0x00, 0x05, 0xff, 0xfe, 0x00, 0x00,
    0x00, 0x00, 0x00, 0x00, 0x00, 0x05, 0xff, 0xfe,
    0x00, 0x00, 0x00, 0x00, 0x00, 0x00, 0x00, 0x05,
    0xff, 0xfe, 0x00, 0x00, 0x00, 0x00, 0x00, 0x00,
    0x00, 0x05, 0xff, 0xfe, 0x00, 0x00, 0x00, 0x00,
    0x00, 0x00, 0x00, 0x05, 0xff, 0xfe, 0x00, 0x00,
    0x00, 0x00, 0x00, 0x00, 0x00, 0x05, 0xff, 0xfe,
    0x00, 0x00, 0x00, 0x00,

    /* U+03B4 "δ" */
    0x00, 0x00, 0x00, 0x02, 0x8c, 0xef, 0xfe, 0xc9,
    0x40, 0x00, 0x00, 0x00, 0x00, 0x08, 0xff, 0xff,
    0xff, 0xff, 0xff, 0xd5, 0x00, 0x00, 0x00, 0x0a,
    0xff, 0xff, 0xff, 0xff, 0xff, 0xff, 0xf9, 0x00,
    0x00, 0x05, 0xff, 0xff, 0xd7, 0x55, 0x7b, 0xff,
    0xff, 0x50, 0x00, 0x00, 0xcf, 0xff, 0xb0, 0x00,
    0x00, 0x01, 0x9f, 0xc0, 0x00, 0x00, 0x0f, 0xff,
    0xf3, 0x00, 0x00, 0x00, 0x00, 0x33, 0x00, 0x00,
    0x00, 0xff, 0xff, 0x30, 0x00, 0x00, 0x00, 0x00,
    0x00, 0x00, 0x00, 0x0c, 0xff, 0xfb, 0x00, 0x00,
    0x00, 0x00, 0x00, 0x00, 0x00, 0x00, 0x5f, 0xff,
    0xfa, 0x10, 0x00, 0x00, 0x00, 0x00, 0x00, 0x00,
    0x00, 0xaf, 0xff, 0xfe, 0x60, 0x00, 0x00, 0x00,
    0x00, 0x00, 0x00, 0x00, 0x9f, 0xff, 0xff, 0xd5,
    0x00, 0x00, 0x00, 0x00, 0x00, 0x00, 0x00, 0xaf,
    0xff, 0xff, 0xfc, 0x20, 0x00, 0x00, 0x00, 0x00,
    0x06, 0xef, 0xff, 0xff, 0xff, 0xff, 0x60, 0x00,
    0x00, 0x00, 0x1b, 0xff, 0xff, 0xc6, 0x6d, 0xff,
    0xff, 0x90, 0x00, 0x00, 0x1d, 0xff, 0xfe, 0x50,
    0x00, 0x09, 0xff, 0xff, 0x90, 0x00, 0x0c, 0xff,
    0xfd, 0x10, 0x00, 0x00, 0x07, 0xff, 0xff, 0x50,
    0x05, 0xff, 0xff, 0x20, 0x00, 0x00, 0x00, 0x0a,
    0xff, 0xfe, 0x00, 0xcf, 0xff, 0x90, 0x00, 0x00,
    0x00, 0x00, 0x1f, 0xff, 0xf4, 0x1f, 0xff, 0xf3,
    0x00, 0x00, 0x00, 0x00, 0x00, 0xbf, 0xff, 0x83,
    0xff, 0xff, 0x00, 0x00, 0x00, 0x00, 0x00, 0x08,
    0xff, 0xfa, 0x4f, 0xff, 0xf0, 0x00, 0x00, 0x00,
    0x00, 0x00, 0x7f, 0xff, 0xb4, 0xff, 0xff, 0x10,
    0x00, 0x00, 0x00, 0x00, 0x09, 0xff, 0xfa, 0x3f,
    0xff, 0xf4, 0x00, 0x00, 0x00, 0x00, 0x00, 0xcf,
    0xff, 0x90, 0xff, 0xff, 0xa0, 0x00, 0x00, 0x00,
    0x00, 0x2f, 0xff, 0xf5, 0x0a, 0xff, 0xff, 0x40,
    0x00, 0x00, 0x00, 0x0b, 0xff, 0xff, 0x10, 0x2f,
    0xff, 0xff, 0x60, 0x00, 0x00, 0x1a, 0xff, 0xff,
    0x90, 0x00, 0x7f, 0xff, 0xff, 0xd9, 0x77, 0xaf,
    0xff, 0xff, 0xd0, 0x00, 0x00, 0x7f, 0xff, 0xff,
    0xff, 0xff, 0xff, 0xff, 0xd1, 0x00, 0x00, 0x00,
    0x4d, 0xff, 0xff, 0xff, 0xff, 0xff, 0x90, 0x00,
    0x00, 0x00, 0x00, 0x04, 0x9d, 0xff, 0xfe, 0xb7,
    0x10, 0x00, 0x00,

    /* U+03B5 "ε" */
    0x00, 0x00, 0x16, 0xbd, 0xff, 0xfe, 0xc9, 0x51,
    0x00, 0x00, 0x6f, 0xff, 0xff, 0xff, 0xff, 0xff,
    0xf8, 0x00, 0x7f, 0xff, 0xff, 0xff, 0xff, 0xff,
    0xff, 0x90, 0x1f, 0xff, 0xff, 0xa7, 0x56, 0x7a,
    0xef, 0xf2, 0x06, 0xff, 0xff, 0x30, 0x00, 0x00,
    0x00, 0x49, 0x00, 0x8f, 0xff, 0xa0, 0x00, 0x00,
    0x00, 0x00, 0x00, 0x07, 0xff, 0xfa, 0x00, 0x00,
    0x00, 0x00, 0x00, 0x00, 0x2f, 0xff, 0xf2, 0x00,
    0x00, 0x00, 0x00, 0x00, 0x00, 0x8f, 0xff, 0xe8,
    0x42, 0x22, 0x20, 0x00, 0x00, 0x00, 0x7f, 0xff,
    0xff, 0xff, 0xfe, 0x00, 0x00, 0x00, 0x00, 0x5e,
    0xff, 0xff, 0xff, 0xe0, 0x00, 0x00, 0x03, 0xdf,
    0xff, 0xff, 0xff, 0xfe, 0x00, 0x00, 0x04, 0xff,
    0xff, 0xc5, 0x10, 0x00, 0x00, 0x00, 0x00, 0xef,
    0xff, 0xa0, 0x00, 0x00, 0x00, 0x00, 0x00, 0x3f,
    0xff, 0xf2, 0x00, 0x00, 0x00, 0x00, 0x00, 0x04,
    0xff, 0xff, 0x10, 0x00, 0x00, 0x00, 0x00, 0x00,
    0x4f, 0xff, 0xf4, 0x00, 0x00, 0x00, 0x00, 0x00,
    0x00, 0xff, 0xff, 0xd2, 0x00, 0x00, 0x00, 0x01,
    0x75, 0x09, 0xff, 0xff, 0xfc, 0x87, 0x78, 0x9c,
    0xff, 0x70, 0x0c, 0xff, 0xff, 0xff, 0xff, 0xff,
    0xff, 0xf7, 0x00, 0x09, 0xff, 0xff, 0xff, 0xff,
    0xff, 0xff, 0x50, 0x00, 0x02, 0x7b, 0xdf, 0xff,
    0xfd, 0xb7, 0x20,

    /* U+03B6 "ζ" */
    0x0c, 0xff, 0xff, 0xff, 0xff, 0xff, 0xff, 0xff,
    0x90, 0xcf, 0xff, 0xff, 0xff, 0xff, 0xff, 0xff,
    0xf9, 0x0c, 0xff, 0xff, 0xff, 0xff, 0xff, 0xff,
    0xff, 0x80, 0x23, 0x33, 0x33, 0x33, 0x32, 0x9f,
    0xff, 0xd0, 0x00, 0x00, 0x00, 0x00, 0x00, 0x5f,
    0xff, 0xf3, 0x00, 0x00, 0x00, 0x00, 0x00, 0x2f,
    0xff, 0xf6, 0x00, 0x00, 0x00, 0x00, 0x00, 0x0d,
    0xff, 0xfa, 0x00, 0x00, 0x00, 0x00, 0x00, 0x0a,
    0xff, 0xfd, 0x00, 0x00, 0x00, 0x00, 0x00, 0x07,
    0xff, 0xff, 0x20, 0x00, 0x00, 0x00, 0x00, 0x03,
    0xff, 0xff, 0x50, 0x00, 0x00, 0x00, 0x00, 0x01,
    0xef, 0xff, 0x90, 0x00, 0x00, 0x00, 0x00, 0x00,
    0xbf, 0xff, 0xd0, 0x00, 0x00, 0x00, 0x00, 0x00,
    0x7f, 0xff, 0xf2, 0x00, 0x00, 0x00, 0x00, 0x00,
    0x3f, 0xff, 0xf6, 0x00, 0x00, 0x00, 0x00, 0x00,
    0x0d, 0xff, 0xfa, 0x00, 0x00, 0x00, 0x00, 0x00,
    0x08, 0xff, 0xfe, 0x10, 0x00, 0x00, 0x00, 0x00,
    0x02, 0xff, 0xff, 0x50, 0x00, 0x00, 0x00, 0x00,
    0x00, 0xaf, 0xff, 0xc0, 0x00, 0x00, 0x00, 0x00,
    0x00, 0x1f, 0xff, 0xf4, 0x00, 0x00, 0x00, 0x00,
    0x00, 0x06, 0xff, 0xfe, 0x00, 0x00, 0x00, 0x00,
    0x00, 0x00, 0xbf, 0xff, 0x90, 0x00, 0x00, 0x00,
    0x00, 0x00, 0x0d, 0xff, 0xf7, 0x00, 0x00, 0x00,
    0x00, 0x00, 0x00, 0xef, 0xff, 0x70, 0x00, 0x00,
    0x00, 0x00, 0x00, 0x0e, 0xff, 0xf9, 0x00, 0x00,
    0x00, 0x00, 0x00, 0x00, 0xcf, 0xff, 0xe1, 0x00,
    0x00, 0x00, 0x00, 0x00, 0x07, 0xff, 0xff, 0xc1,
    0x00, 0x00, 0x00, 0x00, 0x00, 0x1f, 0xff, 0xff,
    0xf8, 0x20, 0x00, 0x00, 0x00, 0x00, 0x5f, 0xff,
    0xff, 0xff, 0xd9, 0x51, 0x00, 0x00, 0x00, 0x5f,
    0xff, 0xff, 0xff, 0xff, 0xfb, 0x30, 0x00, 0x00,
    0x19, 0xff, 0xff, 0xff, 0xff, 0xff, 0x50, 0x00,
    0x00, 0x00, 0x5a, 0xef, 0xff, 0xff, 0xff, 0x10,
    0x00, 0x00, 0x00, 0x00, 0x27, 0xef, 0xff, 0xf6,
    0x00, 0x00, 0x00, 0x00, 0x00, 0x01, 0xff, 0xff,
    0x70, 0x00, 0x00, 0x00, 0x00, 0x00, 0x0b, 0xff,
    0xf6, 0x00, 0x00, 0x00, 0x00, 0x00, 0x00, 0xcf,
    0xff, 0x40, 0x00, 0x00, 0x00, 0x00, 0x00, 0x1f,
    0xff, 0xf1, 0x00, 0x00, 0x00, 0x00, 0x00, 0x06,
    0xff, 0xfb, 0x00, 0x00, 0x00, 0x00, 0x00, 0x00,
    0xdf, 0xff, 0x40, 0x00, 0x00, 0x00, 0x00, 0x00,
    0x3b, 0xbb, 0x90, 0x00,

    /* U+03B7 "η" */
    0xbf, 0xfb, 0x00, 0x04, 0xad, 0xff, 0xeb, 0x60,
    0x00, 0x0b, 0xff, 0xe0, 0x1c, 0xff, 0xff, 0xff,
    0xff, 0xe3, 0x00, 0xbf, 0xff, 0x2d, 0xff, 0xff,
    0xff, 0xff, 0xff, 0xf2, 0x0b, 0xff, 0xfe, 0xff,
    0xfb, 0x88, 0xaf, 0xff, 0xff, 0xb0, 0xbf, 0xff,
    0xff, 0xa1, 0x00, 0x00, 0x1d, 0xff, 0xff, 0x1b,
    0xff, 0xff, 0xc0, 0x00, 0x00, 0x00, 0x3f, 0xff,
    0xf5, 0xbf, 0xff, 0xf3, 0x00, 0x00, 0x00, 0x00,
    0xdf, 0xff, 0x8b, 0xff, 0xfe, 0x00, 0x00, 0x00,
    0x00, 0x0a, 0xff, 0xf9, 0xbf, 0xff, 0xb0, 0x00,
    0x00, 0x00, 0x00, 0x9f, 0xff, 0x9b, 0xff, 0xf9,
    0x00, 0x00, 0x00, 0x00, 0x09, 0xff, 0xf9, 0xbf,
    0xff, 0x80, 0x00, 0x00, 0x00, 0x00, 0x9f, 0xff,
    0x9b, 0xff, 0xf8, 0x00, 0x00, 0x00, 0x00, 0x09,
    0xff, 0xf9, 0xbf, 0xff, 0x80, 0x00, 0x00, 0x00,
    0x00, 0x9f, 0xff, 0x9b, 0xff, 0xf8, 0x00, 0x00,
    0x00, 0x00, 0x09, 0xff, 0xf9, 0xbf, 0xff, 0x80,
    0x00, 0x00, 0x00, 0x00, 0x9f, 0xff, 0x9b, 0xff,
    0xf8, 0x00, 0x00, 0x00, 0x00, 0x09, 0xff, 0xf9,
    0xbf, 0xff, 0x80, 0x00, 0x00, 0x00, 0x00, 0x9f,
    0xff, 0x9b, 0xff, 0xf8, 0x00, 0x00, 0x00, 0x00,
    0x09, 0xff, 0xf9, 0xbf, 0xff, 0x80, 0x00, 0x00,
    0x00, 0x00, 0x9f, 0xff, 0x9b, 0xff, 0xf8, 0x00,
    0x00, 0x00, 0x00, 0x09, 0xff, 0xf9, 0xbf, 0xff,
    0x80, 0x00, 0x00, 0x00, 0x00, 0x9f, 0xff, 0x9b,
    0xff, 0xf8, 0x00, 0x00, 0x00, 0x00, 0x09, 0xff,
    0xf9, 0x00, 0x00, 0x00, 0x00, 0x00, 0x00, 0x00,
    0x9f, 0xff, 0x90, 0x00, 0x00, 0x00, 0x00, 0x00,
    0x00, 0x09, 0xff, 0xf9, 0x00, 0x00, 0x00, 0x00,
    0x00, 0x00, 0x00, 0x9f, 0xff, 0x90, 0x00, 0x00,
    0x00, 0x00, 0x00, 0x00, 0x09, 0xff, 0xf9, 0x00,
    0x00, 0x00, 0x00, 0x00, 0x00, 0x00, 0x9f, 0xff,
    0x90, 0x00, 0x00, 0x00, 0x00, 0x00, 0x00, 0x09,
    0xff, 0xf9, 0x00, 0x00, 0x00, 0x00, 0x00, 0x00,
    0x00, 0x9f, 0xff, 0x90, 0x00, 0x00, 0x00, 0x00,
    0x00, 0x00, 0x09, 0xff, 0xf9, 0x00, 0x00, 0x00,
    0x00, 0x00, 0x00, 0x00, 0x9f, 0xff, 0x90, 0x00,
    0x00, 0x00, 0x00, 0x00, 0x00, 0x09, 0xff, 0xf9,

    /* U+03B8 "θ" */
    0x00, 0x00, 0x01, 0x7b, 0xef, 0xfe, 0xb6, 0x00,
    0x00, 0x00, 0x00, 0x00, 0x6f, 0xff, 0xff, 0xff,
    0xff, 0xe4, 0x00, 0x00, 0x00, 0x07, 0xff, 0xff,
    0xff, 0xff, 0xff, 0xff, 0x50, 0x00, 0x00, 0x4f,
    0xff, 0xfe, 0x96, 0x69, 0xff, 0xff, 0xf3, 0x00,
    0x00, 0xef, 0xff, 0xc1, 0x00, 0x00, 0x1c, 0xff,
    0xfc, 0x00, 0x06, 0xff, 0xfe, 0x10, 0x00, 0x00,
    0x01, 0xef, 0xff, 0x40, 0x0c, 0xff, 0xf7, 0x00,
    0x00, 0x00, 0x00, 0x7f, 0xff, 0xb0, 0x0f, 0xff,
    0xf1, 0x00, 0x00, 0x00, 0x00, 0x1f, 0xff, 0xf0,
    0x4f, 0xff, 0xd0, 0x00, 0x00, 0x00, 0x00, 0x0d,
    0xff, 0xf4, 0x7f, 0xff, 0xb0, 0x00, 0x00, 0x00,
    0x00, 0x0a, 0xff, 0xf7, 0x9f, 0xff, 0x90, 0x00,
    0x00, 0x00, 0x00, 0x08, 0xff, 0xfa, 0xbf, 0xff,
    0x70, 0x00, 0x00, 0x00, 0x00, 0x07, 0xff, 0xfc,
    0xcf, 0xff, 0x83, 0x33, 0x33, 0x33, 0x33, 0x38,
    0xff, 0xfd, 0xdf, 0xff, 0xff, 0xff, 0xff, 0xff,
    0xff, 0xff, 0xff, 0xfe, 0xdf, 0xff, 0xff, 0xff,
    0xff, 0xff, 0xff, 0xff, 0xff, 0xfe, 0xdf, 0xff,
    0xff, 0xff, 0xff, 0xff, 0xff, 0xff, 0xff, 0xfe,
    0xdf, 0xff, 0x60, 0x00, 0x00, 0x00, 0x00, 0x06,
    0xff, 0xfe, 0xcf, 0xff, 0x70, 0x00, 0x00, 0x00,
    0x00, 0x06, 0xff, 0xfd, 0xbf, 0xff, 0x70, 0x00,
    0x00, 0x00, 0x00, 0x07, 0xff, 0xfc, 0x9f, 0xff,
    0x90, 0x00, 0x00, 0x00, 0x00, 0x09, 0xff, 0xfa,
    0x6f, 0xff, 0xb0, 0x00, 0x00, 0x00, 0x00, 0x0b,
    0xff, 0xf7, 0x3f, 0xff, 0xe0, 0x00, 0x00, 0x00,
    0x00, 0x0e, 0xff, 0xf4, 0x0f, 0xff, 0xf2, 0x00,
    0x00, 0x00, 0x00, 0x2f, 0xff, 0xf1, 0x0a, 0xff,
    0xf7, 0x00, 0x00, 0x00, 0x00, 0x8f, 0xff, 0xc0,
    0x04, 0xff, 0xfe, 0x10, 0x00, 0x00, 0x01, 0xff,
    0xff, 0x60, 0x00, 0xcf, 0xff, 0xc1, 0x00, 0x00,
    0x1c, 0xff, 0xfe, 0x00, 0x00, 0x2f, 0xff, 0xfe,
    0x96, 0x69, 0xff, 0xff, 0xf4, 0x00, 0x00, 0x05,
    0xff, 0xff, 0xff, 0xff, 0xff, 0xff, 0x70, 0x00,
    0x00, 0x00, 0x4e, 0xff, 0xff, 0xff, 0xff, 0xf5,
    0x00, 0x00, 0x00, 0x00, 0x00, 0x6b, 0xef, 0xfe,
    0xb7, 0x10, 0x00, 0x00,

    /* U+03B9 "ι" */
    0xcf, 0xff, 0x70, 0x00, 0x00, 0x0c, 0xff, 0xf7,
    0x00, 0x00, 0x00, 0xcf, 0xff, 0x70, 0x00, 0x00,
    0x0c, 0xff, 0xf7, 0x00, 0x00, 0x00, 0xcf, 0xff,
    0x70, 0x00, 0x00, 0x0c, 0xff, 0xf7, 0x00, 0x00,
    0x00, 0xcf, 0xff, 0x70, 0x00, 0x00, 0x0c, 0xff,
    0xf7, 0x00, 0x00, 0x00, 0xcf, 0xff, 0x70, 0x00,
    0x00, 0x0c, 0xff, 0xf7, 0x00, 0x00, 0x00, 0xcf,
    0xff, 0x70, 0x00, 0x00, 0x0c, 0xff, 0xf7, 0x00,
    0x00, 0x00, 0xcf, 0xff, 0x70, 0x00, 0x00, 0x0c,
    0xff, 0xf7, 0x00, 0x00, 0x00, 0xcf, 0xff, 0x70,
    0x00, 0x00, 0x0c, 0xff, 0xf7, 0x00, 0x00, 0x00,
    0xbf, 0xff, 0xa0, 0x00, 0x00, 0x08, 0xff, 0xff,
    0x20, 0x00, 0x00, 0x3f, 0xff, 0xff, 0x98, 0x9c,
    0x10, 0xbf, 0xff, 0xff, 0xff, 0xf1, 0x01, 0xcf,
    0xff, 0xff, 0xff, 0x10, 0x00, 0x6b, 0xef, 0xfe,
    0xa0,

    /* U+03BA "κ" */
    0xbf, 0xff, 0xb0, 0x00, 0x00, 0x00, 0x0c, 0xff,
    0xff, 0x20, 0xbf, 0xff, 0xb0, 0x00, 0x00, 0x00,
    0x9f, 0xff, 0xf4, 0x00, 0xbf, 0xff, 0xb0, 0x00,
    0x00, 0x06, 0xff, 0xff, 0x60, 0x00, 0xbf, 0xff,
    0xb0, 0x00, 0x00, 0x4f, 0xff, 0xf9, 0x00, 0x00,
    0xbf, 0xff, 0xb0, 0x00, 0x02, 0xff, 0xff, 0xb0,
    0x00, 0x00, 0xbf, 0xff, 0xb0, 0x00, 0x1d, 0xff,
    0xfd, 0x00, 0x00, 0x00, 0xbf, 0xff, 0xa0, 0x00,
    0xbf, 0xff, 0xe2, 0x00, 0x00, 0x00, 0xbf, 0xff,
    0xa0, 0x09, 0xff, 0xff, 0x30, 0x00, 0x00, 0x00,
    0xbf, 0xff, 0xa0, 0x6f, 0xff, 0xf5, 0x00, 0x00,
    0x00, 0x00, 0xbf, 0xff, 0x93, 0xff, 0xff, 0x80,
    0x00, 0x00, 0x00, 0x00, 0xbf, 0xff, 0x9e, 0xff,
    0xff, 0xb0, 0x00, 0x00, 0x00, 0x00, 0xbf, 0xff,
    0xff, 0xff, 0xff, 0xf7, 0x00, 0x00, 0x00, 0x00,
    0xbf, 0xff, 0xff, 0xfc, 0xff, 0xff, 0x30, 0x00,
    0x00, 0x00, 0xbf, 0xff, 0xfe, 0x30, 0xdf, 0xff,
    0xd0, 0x00, 0x00, 0x00, 0xbf, 0xff, 0xd1, 0x00,
    0x3f, 0xff, 0xfa, 0x00, 0x00, 0x00, 0xbf, 0xff,
    0xb0, 0x00, 0x07, 0xff, 0xff, 0x50, 0x00, 0x00,
    0xbf, 0xff, 0xb0, 0x00, 0x00, 0xcf, 0xff, 0xf2,
    0x00, 0x00, 0xbf, 0xff, 0xb0, 0x00, 0x00, 0x1e,
    0xff, 0xfc, 0x00, 0x00, 0xbf, 0xff, 0xb0, 0x00,
    0x00, 0x05, 0xff, 0xff, 0x90, 0x00, 0xbf, 0xff,
    0xb0, 0x00, 0x00, 0x00, 0xaf, 0xff, 0xf4, 0x00,
    0xbf, 0xff, 0xb0, 0x00, 0x00, 0x00, 0x0d, 0xff,
    0xfe, 0x10, 0xbf, 0xff, 0xb0, 0x00, 0x00, 0x00,
    0x03, 0xff, 0xff, 0xb0,

    /* U+03BB "λ" */
    0x9e, 0xff, 0xeb, 0x71, 0x00, 0x00, 0x00, 0x00,
    0x00, 0x00, 0x00, 0xcf, 0xff, 0xff, 0xfe, 0x40,
    0x00, 0x00, 0x00, 0x00, 0x00, 0x00, 0xcf, 0xff,
    0xff, 0xff, 0xf4, 0x00, 0x00, 0x00, 0x00, 0x00,
    0x00, 0x78, 0x78, 0xcf, 0xff, 0xfe, 0x10, 0x00,
    0x00, 0x00, 0x00, 0x00, 0x00, 0x00, 0x04, 0xff,
    0xff, 0x90, 0x00, 0x00, 0x00, 0x00, 0x00, 0x00,
    0x00, 0x00, 0x5f, 0xff, 0xf1, 0x00, 0x00, 0x00,
    0x00, 0x00, 0x00, 0x00, 0x00, 0x0d, 0xff, 0xf7,
    0x00, 0x00, 0x00, 0x00, 0x00, 0x00, 0x00, 0x00,
    0x07, 0xff, 0xfd, 0x00, 0x00, 0x00, 0x00, 0x00,
    0x00, 0x00, 0x00, 0x01, 0xff, 0xff, 0x30, 0x00,
    0x00, 0x00, 0x00, 0x00, 0x00, 0x00, 0x01, 0xff,
    0xff, 0x90, 0x00, 0x00, 0x00, 0x00, 0x00, 0x00,
    0x00, 0x07, 0xff, 0xff, 0xf0, 0x00, 0x00, 0x00,
    0x00, 0x00, 0x00, 0x00, 0x0d, 0xff, 0xff, 0xf5,
    0x00, 0x00, 0x00, 0x00, 0x00, 0x00, 0x00, 0x3f,
    0xff, 0xff, 0xfc, 0x00, 0x00, 0x00, 0x00, 0x00,
    0x00, 0x00, 0x9f, 0xfe, 0xbf, 0xff, 0x20, 0x00,
    0x00, 0x00, 0x00, 0x00, 0x00, 0xff, 0xfb, 0x7f,
    0xff, 0x80, 0x00, 0x00, 0x00, 0x00, 0x00, 0x05,
    0xff, 0xf7, 0x2f, 0xff, 0xe0, 0x00, 0x00, 0x00,
    0x00, 0x00, 0x0b, 0xff, 0xf2, 0x0c, 0xff, 0xf4,
    0x00, 0x00, 0x00, 0x00, 0x00, 0x1f, 0xff, 0xd0,
    0x07, 0xff, 0xfa, 0x00, 0x00, 0x00, 0x00, 0x00,
    0x7f, 0xff, 0x80, 0x01, 0xff, 0xff, 0x10, 0x00,
    0x00, 0x00, 0x00, 0xdf, 0xff, 0x30, 0x00, 0xbf,
    0xff, 0x70, 0x00, 0x00, 0x00, 0x03, 0xff, 0xfe,
    0x00, 0x00, 0x5f, 0xff, 0xd0, 0x00, 0x00, 0x00,
    0x09, 0xff, 0xf9, 0x00, 0x00, 0x0f, 0xff, 0xf3,
    0x00, 0x00, 0x00, 0x0e, 0xff, 0xf3, 0x00, 0x00,
    0x0a, 0xff, 0xf9, 0x00, 0x00, 0x00, 0x5f, 0xff,
    0xe0, 0x00, 0x00, 0x04, 0xff, 0xff, 0x00, 0x00,
    0x00, 0xbf, 0xff, 0x90, 0x00, 0x00, 0x00, 0xef,
    0xff, 0x50, 0x00, 0x01, 0xff, 0xff, 0x40, 0x00,
    0x00, 0x00, 0x9f, 0xff, 0xc0, 0x00, 0x07, 0xff,
    0xff, 0x00, 0x00, 0x00, 0x00, 0x3f, 0xff, 0xf5,
    0x11, 0x0d, 0xff, 0xfa, 0x00, 0x00, 0x00, 0x00,
    0x0c, 0xff, 0xff, 0xf6, 0x3f, 0xff, 0xf5, 0x00,
    0x00, 0x00, 0x00, 0x04, 0xff, 0xff, 0xf6, 0x9f,
    0xff, 0xf0, 0x00, 0x00, 0x00, 0x00, 0x00, 0x5d,
    0xff, 0xf5,

    /* U+03BC "μ" */
    0xbf, 0xff, 0x80, 0x00, 0x00, 0x00, 0x00, 0x7f,
    0xff, 0xc0, 0x00, 0xbf, 0xff, 0x80, 0x00, 0x00,
    0x00, 0x00, 0x7f, 0xff, 0xc0, 0x00, 0xbf, 0xff,
    0x80, 0x00, 0x00, 0x00, 0x00, 0x7f, 0xff, 0xc0,
    0x00, 0xbf, 0xff, 0x80, 0x00, 0x00, 0x00, 0x00,
    0x7f, 0xff, 0xc0, 0x00, 0xbf, 0xff, 0x80, 0x00,
    0x00, 0x00, 0x00, 0x7f, 0xff, 0xc0, 0x00, 0xbf,
    0xff, 0x80, 0x00, 0x00, 0x00, 0x00, 0x7f, 0xff,
    0xc0, 0x00, 0xbf, 0xff, 0x80, 0x00, 0x00, 0x00,
    0x00, 0x7f, 0xff, 0xc0, 0x00, 0xbf, 0xff, 0x80,
    0x00, 0x00, 0x00, 0x00, 0x7f, 0xff, 0xc0, 0x00,
    0xbf, 0xff, 0x80, 0x00, 0x00, 0x00, 0x00, 0x7f,
    0xff, 0xc0, 0x00, 0xbf, 0xff, 0x80, 0x00, 0x00,
    0x00, 0x00, 0x7f, 0xff, 0xc0, 0x00, 0xbf, 0xff,
    0x80, 0x00, 0x00, 0x00, 0x00, 0x7f, 0xff, 0xc0,
    0x00, 0xbf, 0xff, 0x80, 0x00, 0x00, 0x00, 0x00,
    0x7f, 0xff, 0xc0, 0x00, 0xbf, 0xff, 0x80, 0x00,
    0x00, 0x00, 0x00, 0x8f, 0xff, 0xc0, 0x00, 0xbf,
    0xff, 0x80, 0x00, 0x00, 0x00, 0x00, 0xaf, 0xff,
    0xc0, 0x00, 0xbf, 0xff, 0x90, 0x00, 0x00, 0x00,
    0x00, 0xdf, 0xff, 0xc0, 0x00, 0xbf, 0xff, 0xc0,
    0x00, 0x00, 0x00, 0x02, 0xff, 0xff, 0xc0, 0x00,
    0xbf, 0xff, 0xf2, 0x00, 0x00, 0x00, 0x0b, 0xff,
    0xff, 0xd0, 0x00, 0xbf, 0xff, 0xfd, 0x20, 0x00,
    0x00, 0x9f, 0xff, 0xff, 0xf0, 0x00, 0xbf, 0xff,
    0xff, 0xfb, 0x88, 0xae, 0xff, 0xdf, 0xff, 0xfd,
    0x86, 0xbf, 0xff, 0xff, 0xff, 0xff, 0xff, 0xff,
    0x2c, 0xff, 0xff, 0xfa, 0xbf, 0xff, 0xaf, 0xff,
    0xff, 0xff, 0xe3, 0x03, 0xff, 0xff, 0xfa, 0xbf,
    0xff, 0x62, 0x9e, 0xff, 0xd8, 0x10, 0x00, 0x3b,
    0xff, 0xd6, 0xbf, 0xff, 0x70, 0x00, 0x00, 0x00,
    0x00, 0x00, 0x00, 0x00, 0x00, 0xbf, 0xff, 0x70,
    0x00, 0x00, 0x00, 0x00, 0x00, 0x00, 0x00, 0x00,
    0xbf, 0xff, 0x80, 0x00, 0x00, 0x00, 0x00, 0x00,
    0x00, 0x00, 0x00, 0xbf, 0xff, 0x80, 0x00, 0x00,
    0x00, 0x00, 0x00, 0x00, 0x00, 0x00, 0xbf, 0xff,
    0x80, 0x00, 0x00, 0x00, 0x00, 0x00, 0x00, 0x00,
    0x00, 0xbf, 0xff, 0x80, 0x00, 0x00, 0x00, 0x00,
    0x00, 0x00, 0x00, 0x00, 0xbf, 0xff, 0x80, 0x00,
    0x00, 0x00, 0x00, 0x00, 0x00, 0x00, 0x00, 0xbf,
    0xff, 0x80, 0x00, 0x00, 0x00, 0x00, 0x00, 0x00,
    0x00, 0x00, 0xbf, 0xff, 0x80, 0x00, 0x00, 0x00,
    0x00, 0x00, 0x00, 0x00, 0x00, 0xbf, 0xff, 0x80,
    0x00, 0x00, 0x00, 0x00, 0x00, 0x00, 0x00, 0x00,

    /* U+03BD "ν" */
    0xdf, 0xff, 0x80, 0x00, 0x00, 0x00, 0x00, 0x03,
    0xff, 0xff, 0x7f, 0xff, 0xd0, 0x00, 0x00, 0x00,
    0x00, 0x04, 0xff, 0xff, 0x2f, 0xff, 0xf2, 0x00,
    0x00, 0x00, 0x00, 0x04, 0xff, 0xfe, 0x0c, 0xff,
    0xf7, 0x00, 0x00, 0x00, 0x00, 0x05, 0xff, 0xfd,
    0x07, 0xff, 0xfd, 0x00, 0x00, 0x00, 0x00, 0x06,
    0xff, 0xfc, 0x01, 0xff, 0xff, 0x20, 0x00, 0x00,
    0x00, 0x08, 0xff, 0xfa, 0x00, 0xbf, 0xff, 0x70,
    0x00, 0x00, 0x00, 0x0a, 0xff, 0xf8, 0x00, 0x6f,
    0xff, 0xc0, 0x00, 0x00, 0x00, 0x0c, 0xff, 0xf5,
    0x00, 0x1f, 0xff, 0xf1, 0x00, 0x00, 0x00, 0x0f,
    0xff, 0xf2, 0x00, 0x0b, 0xff, 0xf7, 0x00, 0x00,
    0x00, 0x3f, 0xff, 0xf0, 0x00, 0x05, 0xff, 0xfc,
    0x00, 0x00, 0x00, 0x7f, 0xff, 0xa0, 0x00, 0x00,
    0xff, 0xff, 0x10, 0x00, 0x00, 0xcf, 0xff, 0x50,
    0x00, 0x00, 0xaf, 0xff, 0x60, 0x00, 0x02, 0xff,
    0xff, 0x00, 0x00, 0x00, 0x5f, 0xff, 0xc0, 0x00,
    0x09, 0xff, 0xf9, 0x00, 0x00, 0x00, 0x0f, 0xff,
    0xf1, 0x00, 0x1f, 0xff, 0xf2, 0x00, 0x00, 0x00,
    0x09, 0xff, 0xf6, 0x00, 0x9f, 0xff, 0xa0, 0x00,
    0x00, 0x00, 0x04, 0xff, 0xfc, 0x04, 0xff, 0xff,
    0x10, 0x00, 0x00, 0x00, 0x00, 0xef, 0xff, 0x2e,
    0xff, 0xf7, 0x00, 0x00, 0x00, 0x00, 0x00, 0x9f,
    0xff, 0xef, 0xff, 0xc0, 0x00, 0x00, 0x00, 0x00,
    0x00, 0x3f, 0xff, 0xff, 0xfe, 0x10, 0x00, 0x00,
    0x00, 0x00, 0x00, 0x0e, 0xff, 0xff, 0xf4, 0x00,
    0x00, 0x00, 0x00, 0x00, 0x00, 0x08, 0xff, 0xff,
    0x50, 0x00, 0x00, 0x00,

    /* U+03BE "ξ" */
    0x0b, 0xff, 0xff, 0xff, 0xff, 0xff, 0xff, 0xff,
    0xb0, 0xbf, 0xff, 0xff, 0xff, 0xff, 0xff, 0xff,
    0xfb, 0x0b, 0xff, 0xff, 0xff, 0xff, 0xff, 0xff,
    0xff, 0xb0, 0x11, 0x11, 0x6c, 0xff, 0xc8, 0x53,
    0x21, 0x11, 0x00, 0x03, 0xdf, 0xfb, 0x20, 0x00,
    0x00, 0x00, 0x00, 0x04, 0xff, 0xfa, 0x00, 0x00,
    0x00, 0x00, 0x00, 0x01, 0xff, 0xfe, 0x00, 0x00,
    0x00, 0x00, 0x00, 0x00, 0x6f, 0xff, 0xa0, 0x00,
    0x00, 0x00, 0x00, 0x00, 0x09, 0xff, 0xf8, 0x00,
    0x00, 0x00, 0x00, 0x00, 0x00, 0x9f, 0xff, 0x90,
    0x00, 0x00, 0x00, 0x00, 0x00, 0x07, 0xff, 0xfe,
    0x00, 0x00, 0x00, 0x00, 0x00, 0x00, 0x2f, 0xff,
    0xfa, 0x00, 0x00, 0x00, 0x00, 0x00, 0x00, 0x7f,
    0xff, 0xfd, 0x63, 0x00, 0x00, 0x00, 0x00, 0x00,
    0x6e, 0xff, 0xff, 0xff, 0xff, 0xff, 0xf1, 0x00,
    0x00, 0x06, 0xff, 0xff, 0xff, 0xff, 0xff, 0x10,
    0x00, 0x2b, 0xff, 0xff, 0xff, 0xff, 0xff, 0xf1,
    0x00, 0x5f, 0xff, 0xfe, 0x95, 0x43, 0x33, 0x33,
    0x00, 0x4f, 0xff, 0xf7, 0x00, 0x00, 0x00, 0x00,
    0x00, 0x0e, 0xff, 0xf7, 0x00, 0x00, 0x00, 0x00,
    0x00, 0x06, 0xff, 0xfd, 0x00, 0x00, 0x00, 0x00,
    0x00, 0x00, 0xbf, 0xff, 0x90, 0x00, 0x00, 0x00,
    0x00, 0x00, 0x0d, 0xff, 0xf6, 0x00, 0x00, 0x00,
    0x00, 0x00, 0x00, 0xef, 0xff, 0x60, 0x00, 0x00,
    0x00, 0x00, 0x00, 0x0d, 0xff, 0xf9, 0x00, 0x00,
    0x00, 0x00, 0x00, 0x00, 0xbf, 0xff, 0xe0, 0x00,
    0x00, 0x00, 0x00, 0x00, 0x06, 0xff, 0xff, 0xb1,
    0x00, 0x00, 0x00, 0x00, 0x00, 0x0e, 0xff, 0xff,
    0xf9, 0x30, 0x00, 0x00, 0x00, 0x00, 0x3f, 0xff,
    0xff, 0xff, 0xea, 0x72, 0x00, 0x00, 0x00, 0x3d,
    0xff, 0xff, 0xff, 0xff, 0xfd, 0x50, 0x00, 0x00,
    0x06, 0xdf, 0xff, 0xff, 0xff, 0xff, 0x80, 0x00,
    0x00, 0x00, 0x38, 0xdf, 0xff, 0xff, 0xff, 0x30,
    0x00, 0x00, 0x00, 0x00, 0x05, 0xcf, 0xff, 0xf8,
    0x00, 0x00, 0x00, 0x00, 0x00, 0x00, 0xdf, 0xff,
    0x90, 0x00, 0x00, 0x00, 0x00, 0x00, 0x09, 0xff,
    0xf8, 0x00, 0x00, 0x00, 0x00, 0x00, 0x00, 0xbf,
    0xff, 0x60, 0x00, 0x00, 0x00, 0x00, 0x00, 0x0e,
    0xff, 0xf2, 0x00, 0x00, 0x00, 0x00, 0x00, 0x05,
    0xff, 0xfc, 0x00, 0x00, 0x00, 0x00, 0x00, 0x00,
    0xcf, 0xff, 0x50, 0x00, 0x00, 0x00, 0x00, 0x00,
    0x19, 0x99, 0x80, 0x00,

    /* U+03BF "ο" */
    0x00, 0x00, 0x01, 0x7b, 0xef, 0xfe, 0xc8, 0x30,
    0x00, 0x00, 0x00, 0x00, 0x08, 0xff, 0xff, 0xff,
    0xff, 0xff, 0xb2, 0x00, 0x00, 0x00, 0x0c, 0xff,
    0xff, 0xff, 0xff, 0xff, 0xff, 0xe3, 0x00, 0x00,
    0x0b, 0xff, 0xff, 0xfa, 0x77, 0x9d, 0xff, 0xff,
    0xf2, 0x00, 0x06, 0xff, 0xff, 0xa1, 0x00, 0x00,
    0x06, 0xff, 0xff, 0xc0, 0x00, 0xef, 0xff, 0xc0,
    0x00, 0x00, 0x00, 0x06, 0xff, 0xff, 0x40, 0x4f,
    0xff, 0xf4, 0x00, 0x00, 0x00, 0x00, 0x0d, 0xff,
    0xfb, 0x08, 0xff, 0xfe, 0x00, 0x00, 0x00, 0x00,
    0x00, 0x7f, 0xff, 0xf0, 0xbf, 0xff, 0xb0, 0x00,
    0x00, 0x00, 0x00, 0x04, 0xff, 0xff, 0x2d, 0xff,
    0xf8, 0x00, 0x00, 0x00, 0x00, 0x00, 0x1f, 0xff,
    0xf4, 0xdf, 0xff, 0x70, 0x00, 0x00, 0x00, 0x00,
    0x01, 0xff, 0xff, 0x5d, 0xff, 0xf8, 0x00, 0x00,
    0x00, 0x00, 0x00, 0x1f, 0xff, 0xf5, 0xcf, 0xff,
    0x90, 0x00, 0x00, 0x00, 0x00, 0x02, 0xff, 0xff,
    0x4a, 0xff, 0xfb, 0x00, 0x00, 0x00, 0x00, 0x00,
    0x4f, 0xff, 0xf2, 0x7f, 0xff, 0xe0, 0x00, 0x00,
    0x00, 0x00, 0x07, 0xff, 0xff, 0x02, 0xff, 0xff,
    0x40, 0x00, 0x00, 0x00, 0x00, 0xdf, 0xff, 0xa0,
    0x0c, 0xff, 0xfd, 0x00, 0x00, 0x00, 0x00, 0x6f,
    0xff, 0xf4, 0x00, 0x4f, 0xff, 0xfb, 0x10, 0x00,
    0x00, 0x5f, 0xff, 0xfc, 0x00, 0x00, 0x9f, 0xff,
    0xff, 0xa7, 0x68, 0xcf, 0xff, 0xff, 0x20, 0x00,
    0x00, 0xaf, 0xff, 0xff, 0xff, 0xff, 0xff, 0xff,
    0x40, 0x00, 0x00, 0x00, 0x6e, 0xff, 0xff, 0xff,
    0xff, 0xfb, 0x20, 0x00, 0x00, 0x00, 0x00, 0x06,
    0xae, 0xff, 0xec, 0x83, 0x00, 0x00, 0x00,

    /* U+03C0 "π" */
    0x4f, 0xff, 0xff, 0xff, 0xff, 0xff, 0xff, 0xff,
    0xff, 0xff, 0xff, 0xff, 0xff, 0x34, 0xff, 0xff,
    0xff, 0xff, 0xff, 0xff, 0xff, 0xff, 0xff, 0xff,
    0xff, 0xff, 0xf3, 0x4f, 0xff, 0xff, 0xff, 0xff,
    0xff, 0xff, 0xff, 0xff, 0xff, 0xff, 0xff, 0xff,
    0x31, 0x44, 0x44, 0xef, 0xff, 0x84, 0x44, 0x44,
    0x44, 0x7f, 0xff, 0xf4, 0x44, 0x40, 0x00, 0x00,
    0x0e, 0xff, 0xf5, 0x00, 0x00, 0x00, 0x05, 0xff,
    0xfe, 0x00, 0x00, 0x00, 0x00, 0x00, 0xef, 0xff,
    0x50, 0x00, 0x00, 0x00, 0x5f, 0xff, 0xe0, 0x00,
    0x00, 0x00, 0x00, 0x0e, 0xff, 0xf5, 0x00, 0x00,
    0x00, 0x05, 0xff, 0xfe, 0x00, 0x00, 0x00, 0x00,
    0x00, 0xef, 0xff, 0x50, 0x00, 0x00, 0x00, 0x5f,
    0xff, 0xe0, 0x00, 0x00, 0x00, 0x00, 0x0e, 0xff,
    0xf5, 0x00, 0x00, 0x00, 0x05, 0xff, 0xfe, 0x00,
    0x00, 0x00, 0x00, 0x00, 0xef, 0xff, 0x50, 0x00,
    0x00, 0x00, 0x5f, 0xff, 0xe0, 0x00, 0x00, 0x00,
    0x00, 0x0e, 0xff, 0xf5, 0x00, 0x00, 0x00, 0x05,
    0xff, 0xfe, 0x00, 0x00, 0x00, 0x00, 0x00, 0xef,
    0xff, 0x50, 0x00, 0x00, 0x00, 0x5f, 0xff, 0xe0,
    0x00, 0x00, 0x00, 0x00, 0x0e, 0xff, 0xf5, 0x00,
    0x00, 0x00, 0x05, 0xff, 0xfe, 0x00, 0x00, 0x00,
    0x00, 0x00, 0xef, 0xff, 0x50, 0x00, 0x00, 0x00,
    0x5f, 0xff, 0xe0, 0x00, 0x00, 0x00, 0x00, 0x0e,
    0xff, 0xf5, 0x00, 0x00, 0x00, 0x05, 0xff, 0xfe,
    0x00, 0x00, 0x00, 0x00, 0x00, 0xef, 0xff, 0x50,
    0x00, 0x00, 0x00, 0x5f, 0xff, 0xe0, 0x00, 0x00,
    0x00, 0x00, 0x0e, 0xff, 0xf5, 0x00, 0x00, 0x00,
    0x04, 0xff, 0xff, 0x00, 0x00, 0x00, 0x00, 0x00,
    0xef, 0xff, 0x50, 0x00, 0x00, 0x00, 0x4f, 0xff,
    0xf2, 0x00, 0x00, 0x00, 0x00, 0x0e, 0xff, 0xf5,
    0x00, 0x00, 0x00, 0x01, 0xff, 0xff, 0xd7, 0x89,
    0x00, 0x00, 0x00, 0xef, 0xff, 0x50, 0x00, 0x00,
    0x00, 0x0c, 0xff, 0xff, 0xff, 0xc0, 0x00, 0x00,
    0x0e, 0xff, 0xf5, 0x00, 0x00, 0x00, 0x00, 0x3f,
    0xff, 0xff, 0xfc, 0x00, 0x00, 0x00, 0xef, 0xff,
    0x50, 0x00, 0x00, 0x00, 0x00, 0x3a, 0xef, 0xfe,
    0x90,

    /* U+03C1 "ρ" */
    0x00, 0x00, 0x00, 0x6b, 0xef, 0xfe, 0xc8, 0x20,
    0x00, 0x00, 0x00, 0x00, 0x05, 0xef, 0xff, 0xff,
    0xff, 0xff, 0xa1, 0x00, 0x00, 0x00, 0x07, 0xff,
    0xff, 0xff, 0xff, 0xff, 0xff, 0xe2, 0x00, 0x00,
    0x04, 0xff, 0xff, 0xfa, 0x77, 0x9e, 0xff, 0xff,
    0xe1, 0x00, 0x00, 0xef, 0xff, 0xd1, 0x00, 0x00,
    0x09, 0xff, 0xff, 0x90, 0x00, 0x5f, 0xff, 0xf1,
    0x00, 0x00, 0x00, 0x0a, 0xff, 0xff, 0x10, 0x0b,
    0xff, 0xf9, 0x00, 0x00, 0x00, 0x00, 0x1f, 0xff,
    0xf7, 0x00, 0xff, 0xff, 0x40, 0x00, 0x00, 0x00,
    0x00, 0xbf, 0xff, 0xb0, 0x2f, 0xff, 0xf1, 0x00,
    0x00, 0x00, 0x00, 0x07, 0xff, 0xfe, 0x04, 0xff,
    0xff, 0x00, 0x00, 0x00, 0x00, 0x00, 0x5f, 0xff,
    0xf0, 0x4f, 0xff, 0xf0, 0x00, 0x00, 0x00, 0x00,
    0x04, 0xff, 0xff, 0x15, 0xff, 0xff, 0x00, 0x00,
    0x00, 0x00, 0x00, 0x4f, 0xff, 0xf1, 0x5f, 0xff,
    0xf0, 0x00, 0x00, 0x00, 0x00, 0x05, 0xff, 0xff,
    0x05, 0xff, 0xff, 0x00, 0x00, 0x00, 0x00, 0x00,
    0x7f, 0xff, 0xe0, 0x5f, 0xff, 0xf0, 0x00, 0x00,
    0x00, 0x00, 0x0a, 0xff, 0xfb, 0x05, 0xff, 0xff,
    0x00, 0x00, 0x00, 0x00, 0x01, 0xff, 0xff, 0x70,
    0x5f, 0xff, 0xf0, 0x00, 0x00, 0x00, 0x00, 0x9f,
    0xff, 0xf1, 0x05, 0xff, 0xff, 0xd4, 0x00, 0x00,
    0x00, 0x7f, 0xff, 0xf9, 0x00, 0x5f, 0xff, 0xff,
    0xfd, 0x97, 0x68, 0xdf, 0xff, 0xfd, 0x00, 0x05,
    0xff, 0xff, 0xff, 0xff, 0xff, 0xff, 0xff, 0xfe,
    0x20, 0x00, 0x5f, 0xff, 0xda, 0xff, 0xff, 0xff,
    0xff, 0xfa, 0x10, 0x00, 0x05, 0xff, 0xfc, 0x02,
    0x8c, 0xef, 0xfd, 0x93, 0x00, 0x00, 0x00, 0x5f,
    0xff, 0xd0, 0x00, 0x00, 0x00, 0x00, 0x00, 0x00,
    0x00, 0x05, 0xff, 0xfe, 0x00, 0x00, 0x00, 0x00,
    0x00, 0x00, 0x00, 0x00, 0x5f, 0xff, 0xe0, 0x00,
    0x00, 0x00, 0x00, 0x00, 0x00, 0x00, 0x05, 0xff,
    0xfe, 0x00, 0x00, 0x00, 0x00, 0x00, 0x00, 0x00,
    0x00, 0x5f, 0xff, 0xe0, 0x00, 0x00, 0x00, 0x00,
    0x00, 0x00, 0x00, 0x05, 0xff, 0xfe, 0x00, 0x00,
    0x00, 0x00, 0x00, 0x00, 0x00, 0x00, 0x5f, 0xff,
    0xe0, 0x00, 0x00, 0x00, 0x00, 0x00, 0x00, 0x00,
    0x05, 0xff, 0xfe, 0x00, 0x00, 0x00, 0x00, 0x00,
    0x00, 0x00, 0x00, 0x5f, 0xff, 0xe0, 0x00, 0x00,
    0x00, 0x00, 0x00, 0x00, 0x00, 0x05, 0xff, 0xfe,
    0x00, 0x00, 0x00, 0x00, 0x00, 0x00, 0x00, 0x00,

    /* U+03C2 "ς" */
    0x00, 0x00, 0x01, 0x6b, 0xef, 0xff, 0xda, 0x61,
    0x00, 0x00, 0x08, 0xff, 0xff, 0xff, 0xff, 0xff,
    0xf2, 0x00, 0x0c, 0xff, 0xff, 0xff, 0xff, 0xff,
    0xfd, 0x00, 0x0b, 0xff, 0xff, 0xfd, 0xa9, 0xad,
    0xff, 0x70, 0x05, 0xff, 0xff, 0xc2, 0x00, 0x00,
    0x02, 0x71, 0x00, 0xdf, 0xff, 0xd0, 0x00, 0x00,
    0x00, 0x00, 0x00, 0x3f, 0xff, 0xf4, 0x00, 0x00,
    0x00, 0x00, 0x00, 0x08, 0xff, 0xfe, 0x00, 0x00,
    0x00, 0x00, 0x00, 0x00, 0xbf, 0xff, 0xa0, 0x00,
    0x00, 0x00, 0x00, 0x00, 0x0d, 0xff, 0xf8, 0x00,
    0x00, 0x00, 0x00, 0x00, 0x00, 0xef, 0xff, 0x70,
    0x00, 0x00, 0x00, 0x00, 0x00, 0x0e, 0xff, 0xf7,
    0x00, 0x00, 0x00, 0x00, 0x00, 0x00, 0xef, 0xff,
    0x80, 0x00, 0x00, 0x00, 0x00, 0x00, 0x0c, 0xff,
    0xfa, 0x00, 0x00, 0x00, 0x00, 0x00, 0x00, 0xaf,
    0xff, 0xe0, 0x00, 0x00, 0x00, 0x00, 0x00, 0x06,
    0xff, 0xff, 0x40, 0x00, 0x00, 0x00, 0x00, 0x00,
    0x1f, 0xff, 0xfe, 0x10, 0x00, 0x00, 0x00, 0x00,
    0x00, 0x9f, 0xff, 0xfe, 0x40, 0x00, 0x00, 0x00,
    0x00, 0x01, 0xef, 0xff, 0xff, 0xc7, 0x30, 0x00,
    0x00, 0x00, 0x02, 0xef, 0xff, 0xff, 0xff, 0xe9,
    0x30, 0x00, 0x00, 0x01, 0xbf, 0xff, 0xff, 0xff,
    0xff, 0xb1, 0x00, 0x00, 0x00, 0x3a, 0xff, 0xff,
    0xff, 0xff, 0xc0, 0x00, 0x00, 0x00, 0x00, 0x49,
    0xdf, 0xff, 0xff, 0x40, 0x00, 0x00, 0x00, 0x00,
    0x00, 0x6f, 0xff, 0xf7, 0x00, 0x00, 0x00, 0x00,
    0x00, 0x00, 0xcf, 0xff, 0x70, 0x00, 0x00, 0x00,
    0x00, 0x00, 0x0b, 0xff, 0xf5, 0x00, 0x00, 0x00,
    0x00, 0x00, 0x00, 0xef, 0xff, 0x20, 0x00, 0x00,
    0x00, 0x00, 0x00, 0x4f, 0xff, 0xd0, 0x00, 0x00,
    0x00, 0x00, 0x00, 0x0a, 0xff, 0xf7, 0x00, 0x00,
    0x00, 0x00, 0x00, 0x02, 0xff, 0xfe, 0x00, 0x00,
    0x00, 0x00, 0x00, 0x00, 0x01, 0x11, 0x10, 0x00,

    /* U+03C3 "σ" */
    0x00, 0x00, 0x00, 0x48, 0xce, 0xff, 0xff, 0xff,
    0xff, 0xff, 0xfa, 0x00, 0x00, 0x6e, 0xff, 0xff,
    0xff, 0xff, 0xff, 0xff, 0xff, 0xfa, 0x00, 0x0a,
    0xff, 0xff, 0xff, 0xff, 0xff, 0xff, 0xff, 0xff,
    0xfa, 0x00, 0xaf, 0xff, 0xff, 0xb7, 0x44, 0x4d,
    0xff, 0xf5, 0x44, 0x42, 0x06, 0xff, 0xff, 0xc2,
    0x00, 0x00, 0x03, 0xff, 0xfd, 0x00, 0x00, 0x0e,
    0xff, 0xfd, 0x00, 0x00, 0x00, 0x00, 0x9f, 0xff,
    0x80, 0x00, 0x4f, 0xff, 0xf3, 0x00, 0x00, 0x00,
    0x00, 0x2f, 0xff, 0xf0, 0x00, 0x8f, 0xff, 0xd0,
    0x00, 0x00, 0x00, 0x00, 0x0d, 0xff, 0xf5, 0x00,
    0xbf, 0xff, 0xa0, 0x00, 0x00, 0x00, 0x00, 0x0a,
    0xff, 0xf9, 0x00, 0xdf, 0xff, 0x70, 0x00, 0x00,
    0x00, 0x00, 0x08, 0xff, 0xfc, 0x00, 0xef, 0xff,
    0x60, 0x00, 0x00, 0x00, 0x00, 0x06, 0xff, 0xfd,
    0x00, 0xef, 0xff, 0x60, 0x00, 0x00, 0x00, 0x00,
    0x06, 0xff, 0xfd, 0x00, 0xdf, 0xff, 0x70, 0x00,
    0x00, 0x00, 0x00, 0x07, 0xff, 0xfd, 0x00, 0xcf,
    0xff, 0x90, 0x00, 0x00, 0x00, 0x00, 0x09, 0xff,
    0xfb, 0x00, 0x9f, 0xff, 0xd0, 0x00, 0x00, 0x00,
    0x00, 0x0d, 0xff, 0xf7, 0x00, 0x4f, 0xff, 0xf2,
    0x00, 0x00, 0x00, 0x00, 0x3f, 0xff, 0xf3, 0x00,
    0x0e, 0xff, 0xfb, 0x00, 0x00, 0x00, 0x00, 0xcf,
    0xff, 0xc0, 0x00, 0x06, 0xff, 0xff, 0xa1, 0x00,
    0x00, 0x1b, 0xff, 0xff, 0x40, 0x00, 0x00, 0xcf,
    0xff, 0xff, 0xa8, 0x8a, 0xff, 0xff, 0xf9, 0x00,
    0x00, 0x00, 0x1c, 0xff, 0xff, 0xff, 0xff, 0xff,
    0xff, 0xa0, 0x00, 0x00, 0x00, 0x00, 0x8f, 0xff,
    0xff, 0xff, 0xff, 0xe6, 0x00, 0x00, 0x00, 0x00,
    0x00, 0x01, 0x7c, 0xef, 0xfe, 0xb6, 0x10, 0x00,
    0x00, 0x00,

    /* U+03C4 "τ" */
    0x4f, 0xff, 0xff, 0xff, 0xff, 0xff, 0xff, 0xff,
    0xff, 0xd4, 0xff, 0xff, 0xff, 0xff, 0xff, 0xff,
    0xff, 0xff, 0xfd, 0x4f, 0xff, 0xff, 0xff, 0xff,
    0xff, 0xff, 0xff, 0xff, 0xd1, 0x44, 0x44, 0x4b,
    0xff, 0xfc, 0x44, 0x44, 0x44, 0x43, 0x00, 0x00,
    0x00, 0x9f, 0xff, 0xb0, 0x00, 0x00, 0x00, 0x00,
    0x00, 0x00, 0x09, 0xff, 0xfb, 0x00, 0x00, 0x00,
    0x00, 0x00, 0x00, 0x00, 0x9f, 0xff, 0xb0, 0x00,
    0x00, 0x00, 0x00, 0x00, 0x00, 0x09, 0xff, 0xfb,
    0x00, 0x00, 0x00, 0x00, 0x00, 0x00, 0x00, 0x9f,
    0xff, 0xb0, 0x00, 0x00, 0x00, 0x00, 0x00, 0x00,
    0x09, 0xff, 0xfb, 0x00, 0x00, 0x00, 0x00, 0x00,
    0x00, 0x00, 0x9f, 0xff, 0xb0, 0x00, 0x00, 0x00,
    0x00, 0x00, 0x00, 0x09, 0xff, 0xfb, 0x00, 0x00,
    0x00, 0x00, 0x00, 0x00, 0x00, 0x9f, 0xff, 0xb0,
    0x00, 0x00, 0x00, 0x00, 0x00, 0x00, 0x09, 0xff,
    0xfb, 0x00, 0x00, 0x00, 0x00, 0x00, 0x00, 0x00,
    0x9f, 0xff, 0xb0, 0x00, 0x00, 0x00, 0x00, 0x00,
    0x00, 0x09, 0xff, 0xfb, 0x00, 0x00, 0x00, 0x00,
    0x00, 0x00, 0x00, 0x8f, 0xff, 0xe0, 0x00, 0x00,
    0x00, 0x00, 0x00, 0x00, 0x05, 0xff, 0xff, 0x60,
    0x00, 0x00, 0x00, 0x00, 0x00, 0x00, 0x1f, 0xff,
    0xff, 0xb7, 0x68, 0xa8, 0x00, 0x00, 0x00, 0x00,
    0x8f, 0xff, 0xff, 0xff, 0xff, 0xa0, 0x00, 0x00,
    0x00, 0x00, 0x9f, 0xff, 0xff, 0xff, 0xfa, 0x00,
    0x00, 0x00, 0x00, 0x00, 0x39, 0xdf, 0xff, 0xc9,
    0x30,

    /* U+03C5 "υ" */
    0xef, 0xff, 0x50, 0x00, 0x00, 0x00, 0x0b, 0xff,
    0xf9, 0x0e, 0xff, 0xf5, 0x00, 0x00, 0x00, 0x00,
    0x7f, 0xff, 0xc0, 0xef, 0xff, 0x50, 0x00, 0x00,
    0x00, 0x04, 0xff, 0xff, 0x0e, 0xff, 0xf5, 0x00,
    0x00, 0x00, 0x00, 0x1f, 0xff, 0xf3, 0xef, 0xff,
    0x50, 0x00, 0x00, 0x00, 0x00, 0xef, 0xff, 0x5e,
    0xff, 0xf5, 0x00, 0x00, 0x00, 0x00, 0x0c, 0xff,
    0xf7, 0xef, 0xff, 0x50, 0x00, 0x00, 0x00, 0x00,
    0xbf, 0xff, 0x9e, 0xff, 0xf5, 0x00, 0x00, 0x00,
    0x00, 0x0a, 0xff, 0xfa, 0xef, 0xff, 0x50, 0x00,
    0x00, 0x00, 0x00, 0x9f, 0xff, 0xbe, 0xff, 0xf5,
    0x00, 0x00, 0x00, 0x00, 0x09, 0xff, 0xfb, 0xef,
    0xff, 0x50, 0x00, 0x00, 0x00, 0x00, 0x9f, 0xff,
    0xbe, 0xff, 0xf5, 0x00, 0x00, 0x00, 0x00, 0x0a,
    0xff, 0xfa, 0xdf, 0xff, 0x50, 0x00, 0x00, 0x00,
    0x00, 0xbf, 0xff, 0x9d, 0xff, 0xf6, 0x00, 0x00,
    0x00, 0x00, 0x0e, 0xff, 0xf7, 0xcf, 0xff, 0x80,
    0x00, 0x00, 0x00, 0x01, 0xff, 0xff, 0x3a, 0xff,
    0xfa, 0x00, 0x00, 0x00, 0x00, 0x7f, 0xff, 0xf0,
    0x7f, 0xff, 0xf1, 0x00, 0x00, 0x00, 0x1e, 0xff,
    0xfa, 0x03, 0xff, 0xff, 0xa0, 0x00, 0x00, 0x2c,
    0xff, 0xff, 0x20, 0x0c, 0xff, 0xff, 0xe9, 0x77,
    0xbf, 0xff, 0xff, 0x80, 0x00, 0x2f, 0xff, 0xff,
    0xff, 0xff, 0xff, 0xff, 0xa0, 0x00, 0x00, 0x3d,
    0xff, 0xff, 0xff, 0xff, 0xff, 0x60, 0x00, 0x00,
    0x00, 0x05, 0xad, 0xff, 0xfe, 0xb6, 0x00, 0x00,
    0x00,

    /* U+03C6 "φ" */
    0x00, 0x00, 0x00, 0x00, 0x00, 0x0f, 0xff, 0xf1,
    0x00, 0x00, 0x00, 0x00, 0x00, 0x00, 0x00, 0x00,
    0x00, 0x00, 0x0f, 0xff, 0xf1, 0x00, 0x00, 0x00,
    0x00, 0x00, 0x00, 0x00, 0x00, 0x00, 0x00, 0x0f,
    0xff, 0xf1, 0x00, 0x00, 0x00, 0x00, 0x00, 0x00,
    0x00, 0x00, 0x00, 0x00, 0x0f, 0xff, 0xf1, 0x00,
    0x00, 0x00, 0x00, 0x00, 0x00, 0x00, 0x00, 0x00,
    0x00, 0x0f, 0xff, 0xf1, 0x00, 0x00, 0x00, 0x00,
    0x00, 0x00, 0x00, 0x00, 0x00, 0x00, 0x0f, 0xff,
    0xf1, 0x00, 0x00, 0x00, 0x00, 0x00, 0x00, 0x00,
    0x00, 0x00, 0x00, 0x0f, 0xff, 0xf1, 0x00, 0x00,
    0x00, 0x00, 0x00, 0x00, 0x00, 0x00, 0x00, 0x00,
    0x0f, 0xff, 0xf2, 0x00, 0x00, 0x00, 0x00, 0x00,
    0x00, 0x00, 0x00, 0x49, 0xce, 0xff, 0xff, 0xff,
    0xeb, 0x71, 0x00, 0x00, 0x00, 0x00, 0x00, 0x4d,
    0xff, 0xff, 0xff, 0xff, 0xff, 0xff, 0xff, 0x91,
    0x00, 0x00, 0x00, 0x07, 0xff, 0xff, 0xff, 0xff,
    0xff, 0xff, 0xff, 0xff, 0xfe, 0x30, 0x00, 0x00,
    0x7f, 0xff, 0xff, 0xd7, 0x4f, 0xff, 0xf5, 0x8d,
    0xff, 0xff, 0xf4, 0x00, 0x03, 0xff, 0xff, 0xf5,
    0x00, 0x0f, 0xff, 0xf1, 0x00, 0x6f, 0xff, 0xfe,
    0x10, 0x0c, 0xff, 0xff, 0x30, 0x00, 0x0f, 0xff,
    0xf1, 0x00, 0x03, 0xff, 0xff, 0xa0, 0x2f, 0xff,
    0xf7, 0x00, 0x00, 0x0f, 0xff, 0xf1, 0x00, 0x00,
    0x6f, 0xff, 0xf2, 0x7f, 0xff, 0xf1, 0x00, 0x00,
    0x0f, 0xff, 0xf1, 0x00, 0x00, 0x0e, 0xff, 0xf7,
    0xbf, 0xff, 0xc0, 0x00, 0x00, 0x0f, 0xff, 0xf1,
    0x00, 0x00, 0x0a, 0xff, 0xfb, 0xdf, 0xff, 0x90,
    0x00, 0x00, 0x0f, 0xff, 0xf1, 0x00, 0x00, 0x07,
    0xff, 0xfe, 0xef, 0xff, 0x80, 0x00, 0x00, 0x0f,
    0xff, 0xf1, 0x00, 0x00, 0x06, 0xff, 0xff, 0xef,
    0xff, 0x70, 0x00, 0x00, 0x0f, 0xff, 0xf1, 0x00,
    0x00, 0x06, 0xff, 0xff, 0xdf, 0xff, 0x80, 0x00,
    0x00, 0x0f, 0xff, 0xf1, 0x00, 0x00, 0x07, 0xff,
    0xff, 0xbf, 0xff, 0xb0, 0x00, 0x00, 0x0f, 0xff,
    0xf1, 0x00, 0x00, 0x09, 0xff, 0xfd, 0x7f, 0xff,
    0xe0, 0x00, 0x00, 0x0f, 0xff, 0xf1, 0x00, 0x00,
    0x0d, 0xff, 0xf9, 0x2f, 0xff, 0xf5, 0x00, 0x00,
    0x0f, 0xff, 0xf1, 0x00, 0x00, 0x4f, 0xff, 0xf4,
    0x0b, 0xff, 0xfd, 0x00, 0x00, 0x0f, 0xff, 0xf1,
    0x00, 0x00, 0xdf, 0xff, 0xd0, 0x02, 0xff, 0xff,
    0xc1, 0x00, 0x0f, 0xff, 0xf1, 0x00, 0x1b, 0xff,
    0xff, 0x50, 0x00, 0x6f, 0xff, 0xfe, 0x72, 0x0f,
    0xff, 0xf1, 0x27, 0xef, 0xff, 0xf9, 0x00, 0x00,
    0x07, 0xff, 0xff, 0xff, 0xef, 0xff, 0xfe, 0xff,
    0xff, 0xff, 0xa0, 0x00, 0x00, 0x00, 0x3d, 0xff,
    0xff, 0xff, 0xff, 0xff, 0xff, 0xff, 0xe6, 0x00,
    0x00, 0x00, 0x00, 0x00, 0x5b, 0xff, 0xff, 0xff,
    0xff, 0xff, 0xd7, 0x10, 0x00, 0x00, 0x00, 0x00,
    0x00, 0x00, 0x03, 0x6f, 0xff, 0xf7, 0x41, 0x00,
    0x00, 0x00, 0x00, 0x00, 0x00, 0x00, 0x00, 0x00,
    0x0f, 0xff, 0xf1, 0x00, 0x00, 0x00, 0x00, 0x00,
    0x00, 0x00, 0x00, 0x00, 0x00, 0x0f, 0xff, 0xf1,
    0x00, 0x00, 0x00, 0x00, 0x00, 0x00, 0x00, 0x00,
    0x00, 0x00, 0x0f, 0xff, 0xf1, 0x00, 0x00, 0x00,
    0x00, 0x00, 0x00, 0x00, 0x00, 0x00, 0x00, 0x0f,
    0xff, 0xf1, 0x00, 0x00, 0x00, 0x00, 0x00, 0x00,
    0x00, 0x00, 0x00, 0x00, 0x0f, 0xff, 0xf1, 0x00,
    0x00, 0x00, 0x00, 0x00, 0x00, 0x00, 0x00, 0x00,
    0x00, 0x0f, 0xff, 0xf1, 0x00, 0x00, 0x00, 0x00,
    0x00, 0x00, 0x00, 0x00, 0x00, 0x00, 0x0f, 0xff,
    0xf1, 0x00, 0x00, 0x00, 0x00, 0x00, 0x00, 0x00,
    0x00, 0x00, 0x00, 0x0f, 0xff, 0xf1, 0x00, 0x00,
    0x00, 0x00, 0x00, 0x00, 0x00, 0x00, 0x00, 0x00,
    0x0f, 0xff, 0xf1, 0x00, 0x00, 0x00, 0x00, 0x00,

    /* U+03C7 "χ" */
    0x1c, 0xff, 0xe9, 0x10, 0x00, 0x00, 0x00, 0x00,
    0x00, 0x0c, 0xff, 0xfa, 0x2f, 0xff, 0xff, 0xd0,
    0x00, 0x00, 0x00, 0x00, 0x00, 0x4f, 0xff, 0xf1,
    0x2f, 0xff, 0xff, 0xf9, 0x00, 0x00, 0x00, 0x00,
    0x00, 0xcf, 0xff, 0x80, 0x19, 0x8c, 0xff, 0xff,
    0x30, 0x00, 0x00, 0x00, 0x05, 0xff, 0xfe, 0x00,
    0x00, 0x00, 0xcf, 0xff, 0xa0, 0x00, 0x00, 0x00,
    0x0d, 0xff, 0xf6, 0x00, 0x00, 0x00, 0x3f, 0xff,
    0xf2, 0x00, 0x00, 0x00, 0x6f, 0xff, 0xc0, 0x00,
    0x00, 0x00, 0x0a, 0xff, 0xfa, 0x00, 0x00, 0x00,
    0xef, 0xff, 0x30, 0x00, 0x00, 0x00, 0x03, 0xff,
    0xff, 0x20, 0x00, 0x07, 0xff, 0xfa, 0x00, 0x00,
    0x00, 0x00, 0x00, 0xbf, 0xff, 0x90, 0x00, 0x0e,
    0xff, 0xf2, 0x00, 0x00, 0x00, 0x00, 0x00, 0x3f,
    0xff, 0xf1, 0x00, 0x7f, 0xff, 0x80, 0x00, 0x00,
    0x00, 0x00, 0x00, 0x0c, 0xff, 0xf8, 0x01, 0xff,
    0xfe, 0x10, 0x00, 0x00, 0x00, 0x00, 0x00, 0x04,
    0xff, 0xff, 0x18, 0xff, 0xf6, 0x00, 0x00, 0x00,
    0x00, 0x00, 0x00, 0x00, 0xdf, 0xff, 0x9f, 0xff,
    0xd0, 0x00, 0x00, 0x00, 0x00, 0x00, 0x00, 0x00,
    0x5f, 0xff, 0xff, 0xff, 0x40, 0x00, 0x00, 0x00,
    0x00, 0x00, 0x00, 0x00, 0x0d, 0xff, 0xff, 0xfb,
    0x00, 0x00, 0x00, 0x00, 0x00, 0x00, 0x00, 0x00,
    0x06, 0xff, 0xff, 0xf2, 0x00, 0x00, 0x00, 0x00,
    0x00, 0x00, 0x00, 0x00, 0x00, 0xff, 0xff, 0xa0,
    0x00, 0x00, 0x00, 0x00, 0x00, 0x00, 0x00, 0x00,
    0x07, 0xff, 0xff, 0xe0, 0x00, 0x00, 0x00, 0x00,
    0x00, 0x00, 0x00, 0x00, 0x2f, 0xff, 0xff, 0xf6,
    0x00, 0x00, 0x00, 0x00, 0x00, 0x00, 0x00, 0x00,
    0xbf, 0xff, 0xff, 0xfd, 0x00, 0x00, 0x00, 0x00,
    0x00, 0x00, 0x00, 0x05, 0xff, 0xfd, 0xff, 0xff,
    0x50, 0x00, 0x00, 0x00, 0x00, 0x00, 0x00, 0x0e,
    0xff, 0xf3, 0x9f, 0xff, 0xd0, 0x00, 0x00, 0x00,
    0x00, 0x00, 0x00, 0x8f, 0xff, 0x90, 0x1f, 0xff,
    0xf4, 0x00, 0x00, 0x00, 0x00, 0x00, 0x02, 0xff,
    0xff, 0x10, 0x09, 0xff, 0xfc, 0x00, 0x00, 0x00,
    0x00, 0x00, 0x0c, 0xff, 0xf7, 0x00, 0x02, 0xff,
    0xff, 0x40, 0x00, 0x00, 0x00, 0x00, 0x6f, 0xff,
    0xd0, 0x00, 0x00, 0xaf, 0xff, 0xc0, 0x00, 0x00,
    0x00, 0x01, 0xef, 0xff, 0x40, 0x00, 0x00, 0x3f,
    0xff, 0xf4, 0x00, 0x00, 0x00, 0x09, 0xff, 0xfb,
    0x00, 0x00, 0x00, 0x0b, 0xff, 0xfe, 0x10, 0x00,
    0x00, 0x3f, 0xff, 0xf2, 0x00, 0x00, 0x00, 0x03,
    0xff, 0xff, 0xe9, 0x89, 0x00, 0xdf, 0xff, 0x80,
    0x00, 0x00, 0x00, 0x00, 0xaf, 0xff, 0xff, 0xfe,
    0x07, 0xff, 0xfe, 0x00, 0x00, 0x00, 0x00, 0x00,
    0x0d, 0xff, 0xff, 0xfe, 0x1f, 0xff, 0xf5, 0x00,
    0x00, 0x00, 0x00, 0x00, 0x00, 0x8d, 0xff, 0xea,

    /* U+03C8 "ψ" */
    0x00, 0x00, 0x00, 0x00, 0x00, 0xaf, 0xff, 0x70,
    0x00, 0x00, 0x00, 0x00, 0x00, 0x00, 0x00, 0x00,
    0x00, 0x00, 0xaf, 0xff, 0x70, 0x00, 0x00, 0x00,
    0x00, 0x00, 0x00, 0x00, 0x00, 0x00, 0x00, 0xaf,
    0xff, 0x70, 0x00, 0x00, 0x00, 0x00, 0x00, 0x00,
    0x00, 0x00, 0x00, 0x00, 0xaf, 0xff, 0x70, 0x00,
    0x00, 0x00, 0x00, 0x00, 0x00, 0x00, 0x00, 0x00,
    0x00, 0xaf, 0xff, 0x70, 0x00, 0x00, 0x00, 0x00,
    0x00, 0x00, 0x00, 0x00, 0x00, 0x00, 0xaf, 0xff,
    0x70, 0x00, 0x00, 0x00, 0x00, 0x00, 0x00, 0x00,
    0x00, 0x00, 0x00, 0xaf, 0xff, 0x70, 0x00, 0x00,
    0x00, 0x00, 0x00, 0x00, 0x00, 0x00, 0x00, 0x00,
    0xaf, 0xff, 0x70, 0x00, 0x00, 0x00, 0x00, 0x00,
    0xff, 0xff, 0x30, 0x00, 0x00, 0xaf, 0xff, 0x70,
    0x00, 0x02, 0xff, 0xff, 0x00, 0xff, 0xff, 0x30,
    0x00, 0x00, 0xaf, 0xff, 0x70, 0x00, 0x00, 0xef,
    0xff, 0x40, 0xff, 0xff, 0x30, 0x00, 0x00, 0xaf,
    0xff, 0x70, 0x00, 0x00, 0xbf, 0xff, 0x70, 0xff,
    0xff, 0x30, 0x00, 0x00, 0xaf, 0xff, 0x70, 0x00,
    0x00, 0x8f, 0xff, 0xa0, 0xff, 0xff, 0x30, 0x00,
    0x00, 0xaf, 0xff, 0x70, 0x00, 0x00, 0x6f, 0xff,
    0xc0, 0xff, 0xff, 0x30, 0x00, 0x00, 0xaf, 0xff,
    0x70, 0x00, 0x00, 0x3f, 0xff, 0xf0, 0xff, 0xff,
    0x30, 0x00, 0x00, 0xaf, 0xff, 0x70, 0x00, 0x00,
    0x1f, 0xff, 0xf0, 0xff, 0xff, 0x30, 0x00, 0x00,
    0xaf, 0xff, 0x70, 0x00, 0x00, 0x0f, 0xff, 0xf2,
    0xff, 0xff, 0x30, 0x00, 0x00, 0xaf, 0xff, 0x70,
    0x00, 0x00, 0x0f, 0xff, 0xf3, 0xff, 0xff, 0x30,
    0x00, 0x00, 0xaf, 0xff, 0x70, 0x00, 0x00, 0x0f,
    0xff, 0xf3, 0xff, 0xff, 0x30, 0x00, 0x00, 0xaf,
    0xff, 0x70, 0x00, 0x00, 0x0e, 0xff, 0xf3, 0xff,
    0xff, 0x30, 0x00, 0x00, 0xaf, 0xff, 0x70, 0x00,
    0x00, 0x0f, 0xff, 0xf3, 0xef, 0xff, 0x30, 0x00,
    0x00, 0xaf, 0xff, 0x70, 0x00, 0x00, 0x1f, 0xff,
    0xf2, 0xdf, 0xff, 0x50, 0x00, 0x00, 0xaf, 0xff,
    0x70, 0x00, 0x00, 0x4f, 0xff, 0xf0, 0xbf, 0xff,
    0x90, 0x00, 0x00, 0xaf, 0xff, 0x70, 0x00, 0x00,
    0x9f, 0xff, 0xc0, 0x7f, 0xff, 0xe0, 0x00, 0x00,
    0xaf, 0xff, 0x70, 0x00, 0x01, 0xff, 0xff, 0x80,
    0x2f, 0xff, 0xf8, 0x00, 0x00, 0xaf, 0xff, 0x70,
    0x00, 0x0c, 0xff, 0xff, 0x20, 0x0b, 0xff, 0xff,
    0x91, 0x00, 0xaf, 0xff, 0x70, 0x04, 0xdf, 0xff,
    0xf9, 0x00, 0x02, 0xff, 0xff, 0xff, 0xc9, 0xdf,
    0xff, 0xca, 0xef, 0xff, 0xff, 0xd0, 0x00, 0x00,
    0x4f, 0xff, 0xff, 0xff, 0xff, 0xff, 0xff, 0xff,
    0xff, 0xfd, 0x10, 0x00, 0x00, 0x02, 0xcf, 0xff,
    0xff, 0xff, 0xff, 0xff, 0xff, 0xff, 0x80, 0x00,
    0x00, 0x00, 0x00, 0x03, 0x8c, 0xef, 0xff, 0xff,
    0xff, 0xda, 0x61, 0x00, 0x00, 0x00, 0x00, 0x00,
    0x00, 0x00, 0x00, 0xaf, 0xff, 0x70, 0x00, 0x00,
    0x00, 0x00, 0x00, 0x00, 0x00, 0x00, 0x00, 0x00,
    0xaf, 0xff, 0x70, 0x00, 0x00, 0x00, 0x00, 0x00,
    0x00, 0x00, 0x00, 0x00, 0x00, 0xaf, 0xff, 0x70,
    0x00, 0x00, 0x00, 0x00, 0x00, 0x00, 0x00, 0x00,
    0x00, 0x00, 0xaf, 0xff, 0x70, 0x00, 0x00, 0x00,
    0x00, 0x00, 0x00, 0x00, 0x00, 0x00, 0x00, 0xaf,
    0xff, 0x70, 0x00, 0x00, 0x00, 0x00, 0x00, 0x00,
    0x00, 0x00, 0x00, 0x00, 0xaf, 0xff, 0x70, 0x00,
    0x00, 0x00, 0x00, 0x00, 0x00, 0x00, 0x00, 0x00,
    0x00, 0xaf, 0xff, 0x70, 0x00, 0x00, 0x00, 0x00,
    0x00, 0x00, 0x00, 0x00, 0x00, 0x00, 0xaf, 0xff,
    0x70, 0x00, 0x00, 0x00, 0x00, 0x00, 0x00, 0x00,
    0x00, 0x00, 0x00, 0xaf, 0xff, 0x70, 0x00, 0x00,
    0x00, 0x00, 0x00, 0x00, 0x00, 0x00, 0x00, 0x00,
    0xaf, 0xff, 0x70, 0x00, 0x00, 0x00, 0x00, 0x00,

    /* U+03C9 "ω" */
    0x00, 0x04, 0xff, 0xfc, 0x00, 0x00, 0x00, 0x00,
    0x00, 0x00, 0x1e, 0xff, 0xf2, 0x00, 0x00, 0x01,
    0xef, 0xff, 0x20, 0x00, 0x00, 0x00, 0x00, 0x00,
    0x00, 0x4f, 0xff, 0xc0, 0x00, 0x00, 0x9f, 0xff,
    0x80, 0x00, 0x00, 0x00, 0x00, 0x00, 0x00, 0x00,
    0xbf, 0xff, 0x60, 0x00, 0x1f, 0xff, 0xf1, 0x00,
    0x00, 0x00, 0x00, 0x00, 0x00, 0x00, 0x03, 0xff,
    0xfe, 0x00, 0x07, 0xff, 0xfa, 0x00, 0x00, 0x00,
    0x00, 0x00, 0x00, 0x00, 0x00, 0x0d, 0xff, 0xf4,
    0x00, 0xcf, 0xff, 0x50, 0x00, 0x00, 0x00, 0x00,
    0x00, 0x00, 0x00, 0x00, 0x8f, 0xff, 0x90, 0x1f,
    0xff, 0xf1, 0x00, 0x00, 0x00, 0x00, 0x00, 0x00,
    0x00, 0x00, 0x04, 0xff, 0xfd, 0x03, 0xff, 0xfe,
    0x00, 0x00, 0x00, 0x07, 0xcc, 0xc5, 0x00, 0x00,
    0x00, 0x1f, 0xff, 0xf0, 0x6f, 0xff, 0xb0, 0x00,
    0x00, 0x00, 0x9f, 0xff, 0x60, 0x00, 0x00, 0x00,
    0xff, 0xff, 0x27, 0xff, 0xfa, 0x00, 0x00, 0x00,
    0x09, 0xff, 0xf6, 0x00, 0x00, 0x00, 0x0d, 0xff,
    0xf4, 0x8f, 0xff, 0x90, 0x00, 0x00, 0x00, 0x9f,
    0xff, 0x60, 0x00, 0x00, 0x00, 0xdf, 0xff, 0x48,
    0xff, 0xf9, 0x00, 0x00, 0x00, 0x09, 0xff, 0xf6,
    0x00, 0x00, 0x00, 0x0c, 0xff, 0xf4, 0x7f, 0xff,
    0xa0, 0x00, 0x00, 0x00, 0x9f, 0xff, 0x60, 0x00,
    0x00, 0x00, 0xdf, 0xff, 0x45, 0xff, 0xfc, 0x00,
    0x00, 0x00, 0x09, 0xff, 0xf6, 0x00, 0x00, 0x00,
    0x0f, 0xff, 0xf2, 0x3f, 0xff, 0xe0, 0x00, 0x00,
    0x00, 0xaf, 0xff, 0x70, 0x00, 0x00, 0x02, 0xff,
    0xff, 0x00, 0xff, 0xff, 0x30, 0x00, 0x00, 0x0c,
    0xff, 0xf9, 0x00, 0x00, 0x00, 0x6f, 0xff, 0xc0,
    0x0b, 0xff, 0xfa, 0x00, 0x00, 0x02, 0xff, 0xff,
    0xe0, 0x00, 0x00, 0x0d, 0xff, 0xf7, 0x00, 0x4f,
    0xff, 0xf5, 0x00, 0x00, 0xbf, 0xfd, 0xff, 0x80,
    0x00, 0x09, 0xff, 0xff, 0x10, 0x00, 0xcf, 0xff,
    0xfb, 0x78, 0xdf, 0xfe, 0x3f, 0xff, 0xc7, 0x8c,
    0xff, 0xff, 0x90, 0x00, 0x02, 0xef, 0xff, 0xff,
    0xff, 0xff, 0x70, 0xaf, 0xff, 0xff, 0xff, 0xff,
    0xc0, 0x00, 0x00, 0x02, 0xdf, 0xff, 0xff, 0xff,
    0xa0, 0x01, 0xcf, 0xff, 0xff, 0xff, 0xb1, 0x00,
    0x00, 0x00, 0x00, 0x7c, 0xff, 0xeb, 0x50, 0x00,
    0x00, 0x7c, 0xff, 0xeb, 0x50, 0x00, 0x00,

    /* U+03CC "ό" */
    0x00, 0x00, 0x00, 0x00, 0x00, 0x0c, 0xdd, 0xdc,
    0x00, 0x00, 0x00, 0x00, 0x00, 0x00, 0x00, 0x04,
    0xff, 0xff, 0x70, 0x00, 0x00, 0x00, 0x00, 0x00,
    0x00, 0x00, 0x9f, 0xff, 0xd0, 0x00, 0x00, 0x00,
    0x00, 0x00, 0x00, 0x00, 0x0e, 0xff, 0xf3, 0x00,
    0x00, 0x00, 0x00, 0x00, 0x00, 0x00, 0x02, 0xff,
    0xf8, 0x00, 0x00, 0x00, 0x00, 0x00, 0x00, 0x00,
    0x00, 0x7f, 0xfd, 0x00, 0x00, 0x00, 0x00, 0x00,
    0x00, 0x00, 0x00, 0x0c, 0xff, 0x40, 0x00, 0x00,
    0x00, 0x00, 0x00, 0x00, 0x00, 0x00, 0x00, 0x00,
    0x00, 0x00, 0x00, 0x00, 0x00, 0x00, 0x00, 0x00,
    0x00, 0x00, 0x00, 0x00, 0x00, 0x00, 0x00, 0x00,
    0x00, 0x00, 0x00, 0x00, 0x00, 0x00, 0x00, 0x00,
    0x00, 0x00, 0x00, 0x01, 0x7b, 0xef, 0xfe, 0xc8,
    0x30, 0x00, 0x00, 0x00, 0x00, 0x08, 0xff, 0xff,
    0xff, 0xff, 0xff, 0xb2, 0x00, 0x00, 0x00, 0x0c,
    0xff, 0xff, 0xff, 0xff, 0xff, 0xff, 0xe3, 0x00,
    0x00, 0x0b, 0xff, 0xff, 0xfa, 0x77, 0x9d, 0xff,
    0xff, 0xf2, 0x00, 0x06, 0xff, 0xff, 0xa1, 0x00,
    0x00, 0x06, 0xff, 0xff, 0xc0, 0x00, 0xef, 0xff,
    0xc0, 0x00, 0x00, 0x00, 0x06, 0xff, 0xff, 0x40,
    0x4f, 0xff, 0xf4, 0x00, 0x00, 0x00, 0x00, 0x0d,
    0xff, 0xfb, 0x08, 0xff, 0xfe, 0x00, 0x00, 0x00,
    0x00, 0x00, 0x7f, 0xff, 0xf0, 0xbf, 0xff, 0xb0,
    0x00, 0x00, 0x00, 0x00, 0x04, 0xff, 0xff, 0x2d,
    0xff, 0xf8, 0x00, 0x00, 0x00, 0x00, 0x00, 0x1f,
    0xff, 0xf4, 0xdf, 0xff, 0x70, 0x00, 0x00, 0x00,
    0x00, 0x01, 0xff, 0xff, 0x5d, 0xff, 0xf8, 0x00,
    0x00, 0x00, 0x00, 0x00, 0x1f, 0xff, 0xf5, 0xcf,
    0xff, 0x90, 0x00, 0x00, 0x00, 0x00, 0x02, 0xff,
    0xff, 0x4a, 0xff, 0xfb, 0x00, 0x00, 0x00, 0x00,
    0x00, 0x4f, 0xff, 0xf2, 0x7f, 0xff, 0xe0, 0x00,
    0x00, 0x00, 0x00, 0x07, 0xff, 0xff, 0x02, 0xff,
    0xff, 0x40, 0x00, 0x00, 0x00, 0x00, 0xdf, 0xff,
    0xa0, 0x0c, 0xff, 0xfd, 0x00, 0x00, 0x00, 0x00,
    0x6f, 0xff, 0xf4, 0x00, 0x4f, 0xff, 0xfb, 0x10,
    0x00, 0x00, 0x5f, 0xff, 0xfc, 0x00, 0x00, 0x9f,
    0xff, 0xff, 0xa7, 0x68, 0xcf, 0xff, 0xff, 0x20,
    0x00, 0x00, 0xaf, 0xff, 0xff, 0xff, 0xff, 0xff,
    0xff, 0x40, 0x00, 0x00, 0x00, 0x6e, 0xff, 0xff,
    0xff, 0xff, 0xfb, 0x20, 0x00, 0x00, 0x00, 0x00,
    0x06, 0xae, 0xff, 0xec, 0x83, 0x00, 0x00, 0x00,

    /* U+03CD "ύ" */
    0x00, 0x00, 0x00, 0x00, 0x08, 0xdd, 0xdd, 0x40,
    0x00, 0x00, 0x00, 0x00, 0x00, 0x00, 0xef, 0xff,
    0xd0, 0x00, 0x00, 0x00, 0x00, 0x00, 0x00, 0x3f,
    0xff, 0xf3, 0x00, 0x00, 0x00, 0x00, 0x00, 0x00,
    0x08, 0xff, 0xf8, 0x00, 0x00, 0x00, 0x00, 0x00,
    0x00, 0x00, 0xdf, 0xfd, 0x00, 0x00, 0x00, 0x00,
    0x00, 0x00, 0x00, 0x2f, 0xff, 0x40, 0x00, 0x00,
    0x00, 0x00, 0x00, 0x00, 0x06, 0xff, 0xa0, 0x00,
    0x00, 0x00, 0x00, 0x00, 0x00, 0x00, 0x00, 0x00,
    0x00, 0x00, 0x00, 0x00, 0x00, 0x00, 0x00, 0x00,
    0x00, 0x00, 0x00, 0x00, 0x00, 0x00, 0x00, 0x00,
    0x00, 0x00, 0x00, 0x00, 0x00, 0x00, 0x00, 0xef,
    0xff, 0x50, 0x00, 0x00, 0x00, 0x0b, 0xff, 0xf9,
    0x0e, 0xff, 0xf5, 0x00, 0x00, 0x00, 0x00, 0x7f,
    0xff, 0xc0, 0xef, 0xff, 0x50, 0x00, 0x00, 0x00,
    0x04, 0xff, 0xff, 0x0e, 0xff, 0xf5, 0x00, 0x00,
    0x00, 0x00, 0x1f, 0xff, 0xf3, 0xef, 0xff, 0x50,
    0x00, 0x00, 0x00, 0x00, 0xef, 0xff, 0x5e, 0xff,
    0xf5, 0x00, 0x00, 0x00, 0x00, 0x0c, 0xff, 0xf7,
    0xef, 0xff, 0x50, 0x00, 0x00, 0x00, 0x00, 0xbf,
    0xff, 0x9e, 0xff, 0xf5, 0x00, 0x00, 0x00, 0x00,
    0x0a, 0xff, 0xfa, 0xef, 0xff, 0x50, 0x00, 0x00,
    0x00, 0x00, 0x9f, 0xff, 0xbe, 0xff, 0xf5, 0x00,
    0x00, 0x00, 0x00, 0x09, 0xff, 0xfb, 0xef, 0xff,
    0x50, 0x00, 0x00, 0x00, 0x00, 0x9f, 0xff, 0xbe,
    0xff, 0xf5, 0x00, 0x00, 0x00, 0x00, 0x0a, 0xff,
    0xfa, 0xdf, 0xff, 0x50, 0x00, 0x00, 0x00, 0x00,
    0xbf, 0xff, 0x9d, 0xff, 0xf6, 0x00, 0x00, 0x00,
    0x00, 0x0e, 0xff, 0xf7, 0xcf, 0xff, 0x80, 0x00,
    0x00, 0x00, 0x01, 0xff, 0xff, 0x3a, 0xff, 0xfa,
    0x00, 0x00, 0x00, 0x00, 0x7f, 0xff, 0xf0, 0x7f,
    0xff, 0xf1, 0x00, 0x00, 0x00, 0x1e, 0xff, 0xfa,
    0x03, 0xff, 0xff, 0xa0, 0x00, 0x00, 0x2c, 0xff,
    0xff, 0x20, 0x0c, 0xff, 0xff, 0xe9, 0x77, 0xbf,
    0xff, 0xff, 0x80, 0x00, 0x2f, 0xff, 0xff, 0xff,
    0xff, 0xff, 0xff, 0xa0, 0x00, 0x00, 0x3d, 0xff,
    0xff, 0xff, 0xff, 0xff, 0x60, 0x00, 0x00, 0x00,
    0x05, 0xad, 0xff, 0xfe, 0xb6, 0x00, 0x00, 0x00,

    /* U+03CE "ώ" */
    0x00, 0x00, 0x00, 0x00, 0x00, 0x00, 0x00, 0x0a,
    0xdd, 0xdd, 0x20, 0x00, 0x00, 0x00, 0x00, 0x00,
    0x00, 0x00, 0x00, 0x00, 0x00, 0x01, 0xff, 0xff,
    0xa0, 0x00, 0x00, 0x00, 0x00, 0x00, 0x00, 0x00,
    0x00, 0x00, 0x00, 0x00, 0x6f, 0xff, 0xe1, 0x00,
    0x00, 0x00, 0x00, 0x00, 0x00, 0x00, 0x00, 0x00,
    0x00, 0x00, 0x0a, 0xff, 0xf6, 0x00, 0x00, 0x00,
    0x00, 0x00, 0x00, 0x00, 0x00, 0x00, 0x00, 0x00,
    0x00, 0xff, 0xfb, 0x00, 0x00, 0x00, 0x00, 0x00,
    0x00, 0x00, 0x00, 0x00, 0x00, 0x00, 0x00, 0x4f,
    0xff, 0x20, 0x00, 0x00, 0x00, 0x00, 0x00, 0x00,
    0x00, 0x00, 0x00, 0x00, 0x00, 0x08, 0xff, 0x70,
    0x00, 0x00, 0x00, 0x00, 0x00, 0x00, 0x00, 0x00,
    0x00, 0x00, 0x00, 0x00, 0x00, 0x00, 0x00, 0x00,
    0x00, 0x00, 0x00, 0x00, 0x00, 0x00, 0x00, 0x00,
    0x00, 0x00, 0x00, 0x00, 0x00, 0x00, 0x00, 0x00,
    0x00, 0x00, 0x00, 0x00, 0x00, 0x00, 0x00, 0x00,
    0x00, 0x00, 0x00, 0x00, 0x00, 0x00, 0x00, 0x00,
    0x00, 0x00, 0x04, 0xff, 0xfc, 0x00, 0x00, 0x00,
    0x00, 0x00, 0x00, 0x1e, 0xff, 0xf2, 0x00, 0x00,
    0x01, 0xef, 0xff, 0x20, 0x00, 0x00, 0x00, 0x00,
    0x00, 0x00, 0x4f, 0xff, 0xc0, 0x00, 0x00, 0x9f,
    0xff, 0x80, 0x00, 0x00, 0x00, 0x00, 0x00, 0x00,
    0x00, 0xbf, 0xff, 0x60, 0x00, 0x1f, 0xff, 0xf1,
    0x00, 0x00, 0x00, 0x00, 0x00, 0x00, 0x00, 0x03,
    0xff, 0xfe, 0x00, 0x07, 0xff, 0xfa, 0x00, 0x00,
    0x00, 0x00, 0x00, 0x00, 0x00, 0x00, 0x0d, 0xff,
    0xf4, 0x00, 0xcf, 0xff, 0x50, 0x00, 0x00, 0x00,
    0x00, 0x00, 0x00, 0x00, 0x00, 0x8f, 0xff, 0x90,
    0x1f, 0xff, 0xf1, 0x00, 0x00, 0x00, 0x00, 0x00,
    0x00, 0x00, 0x00, 0x04, 0xff, 0xfd, 0x03, 0xff,
    0xfe, 0x00, 0x00, 0x00, 0x07, 0xcc, 0xc5, 0x00,
    0x00, 0x00, 0x1f, 0xff, 0xf0, 0x6f, 0xff, 0xb0,
    0x00, 0x00, 0x00, 0x9f, 0xff, 0x60, 0x00, 0x00,
    0x00, 0xff, 0xff, 0x27, 0xff, 0xfa, 0x00, 0x00,
    0x00, 0x09, 0xff, 0xf6, 0x00, 0x00, 0x00, 0x0d,
    0xff, 0xf4, 0x8f, 0xff, 0x90, 0x00, 0x00, 0x00,
    0x9f, 0xff, 0x60, 0x00, 0x00, 0x00, 0xdf, 0xff,
    0x48, 0xff, 0xf9, 0x00, 0x00, 0x00, 0x09, 0xff,
    0xf6, 0x00, 0x00, 0x00, 0x0c, 0xff, 0xf4, 0x7f,
    0xff, 0xa0, 0x00, 0x00, 0x00, 0x9f, 0xff, 0x60,
    0x00, 0x00, 0x00, 0xdf, 0xff, 0x45, 0xff, 0xfc,
    0x00, 0x00, 0x00, 0x09, 0xff, 0xf6, 0x00, 0x00,
    0x00, 0x0f, 0xff, 0xf2, 0x3f, 0xff, 0xe0, 0x00,
    0x00, 0x00, 0xaf, 0xff, 0x70, 0x00, 0x00, 0x02,
    0xff, 0xff, 0x00, 0xff, 0xff, 0x30, 0x00, 0x00,
    0x0c, 0xff, 0xf9, 0x00, 0x00, 0x00, 0x6f, 0xff,
    0xc0, 0x0b, 0xff, 0xfa, 0x00, 0x00, 0x02, 0xff,
    0xff, 0xe0, 0x00, 0x00, 0x0d, 0xff, 0xf7, 0x00,
    0x4f, 0xff, 0xf5, 0x00, 0x00, 0xbf, 0xfd, 0xff,
    0x80, 0x00, 0x09, 0xff, 0xff, 0x10, 0x00, 0xcf,
    0xff, 0xfb, 0x78, 0xdf, 0xfe, 0x3f, 0xff, 0xc7,
    0x8c, 0xff, 0xff, 0x90, 0x00, 0x02, 0xef, 0xff,
    0xff, 0xff, 0xff, 0x70, 0xaf, 0xff, 0xff, 0xff,
    0xff, 0xc0, 0x00, 0x00, 0x02, 0xdf, 0xff, 0xff,
    0xff, 0xa0, 0x01, 0xcf, 0xff, 0xff, 0xff, 0xb1,
    0x00, 0x00, 0x00, 0x00, 0x7c, 0xff, 0xeb, 0x50,
    0x00, 0x00, 0x7c, 0xff, 0xeb, 0x50, 0x00, 0x00
};

/*---------------------
 *  GLYPH DESCRIPTION
 *--------------------*/

static const lv_font_fmt_txt_glyph_dsc_t glyph_dsc[] = {
    {.bitmap_index = 0, .adv_w = 0, .box_w = 0, .box_h = 0, .ofs_x = 0, .ofs_y = 0} /* id = 0 reserved */,
    {.bitmap_index = 0, .adv_w = 595, .box_w = 34, .box_h = 29, .ofs_x = 0, .ofs_y = 0},
    {.bitmap_index = 493, .adv_w = 419, .box_w = 27, .box_h = 29, .ofs_x = 0, .ofs_y = 0},
    {.bitmap_index = 885, .adv_w = 419, .box_w = 22, .box_h = 29, .ofs_x = 3, .ofs_y = 0},
    {.bitmap_index = 1204, .adv_w = 325, .box_w = 17, .box_h = 29, .ofs_x = 3, .ofs_y = 0},
    {.bitmap_index = 1451, .adv_w = 415, .box_w = 26, .box_h = 29, .ofs_x = 0, .ofs_y = 0},
    {.bitmap_index = 1828, .adv_w = 356, .box_w = 17, .box_h = 29, .ofs_x = 3, .ofs_y = 0},
    {.bitmap_index = 2075, .adv_w = 479, .box_w = 24, .box_h = 29, .ofs_x = 3, .ofs_y = 0},
    {.bitmap_index = 2423, .adv_w = 502, .box_w = 27, .box_h = 29, .ofs_x = 2, .ofs_y = 0},
    {.bitmap_index = 2815, .adv_w = 227, .box_w = 12, .box_h = 29, .ofs_x = 1, .ofs_y = 0},
    {.bitmap_index = 2989, .adv_w = 404, .box_w = 23, .box_h = 29, .ofs_x = 3, .ofs_y = 0},
    {.bitmap_index = 3323, .adv_w = 401, .box_w = 26, .box_h = 29, .ofs_x = 0, .ofs_y = 0},
    {.bitmap_index = 3700, .adv_w = 588, .box_w = 30, .box_h = 29, .ofs_x = 3, .ofs_y = 0},
    {.bitmap_index = 4135, .adv_w = 495, .box_w = 25, .box_h = 29, .ofs_x = 3, .ofs_y = 0},
    {.bitmap_index = 4498, .adv_w = 502, .box_w = 27, .box_h = 29, .ofs_x = 2, .ofs_y = 0},
    {.bitmap_index = 4890, .adv_w = 472, .box_w = 23, .box_h = 29, .ofs_x = 3, .ofs_y = 0},
    {.bitmap_index = 5224, .adv_w = 390, .box_w = 20, .box_h = 29, .ofs_x = 3, .ofs_y = 0},
    {.bitmap_index = 5514, .adv_w = 367, .box_w = 21, .box_h = 29, .ofs_x = 1, .ofs_y = 0},
    {.bitmap_index = 5819, .adv_w = 360, .box_w = 22, .box_h = 29, .ofs_x = 0, .ofs_y = 0},
    {.bitmap_index = 6138, .adv_w = 374, .box_w = 24, .box_h = 29, .ofs_x = 0, .ofs_y = 0},
    {.bitmap_index = 6486, .adv_w = 551, .box_w = 32, .box_h = 29, .ofs_x = 1, .ofs_y = 0},
    {.bitmap_index = 6950, .adv_w = 391, .box_w = 25, .box_h = 29, .ofs_x = 0, .ofs_y = 0},
    {.bitmap_index = 7313, .adv_w = 467, .box_w = 28, .box_h = 29, .ofs_x = 1, .ofs_y = 0},
    {.bitmap_index = 7719, .adv_w = 405, .box_w = 23, .box_h = 32, .ofs_x = 2, .ofs_y = 0},
    {.bitmap_index = 8087, .adv_w = 308, .box_w = 17, .box_h = 32, .ofs_x = 1, .ofs_y = 0},
    {.bitmap_index = 8359, .adv_w = 396, .box_w = 19, .box_h = 41, .ofs_x = 3, .ofs_y = -10},
    {.bitmap_index = 8749, .adv_w = 225, .box_w = 11, .box_h = 32, .ofs_x = 3, .ofs_y = 0},
    {.bitmap_index = 8925, .adv_w = 405, .box_w = 23, .box_h = 22, .ofs_x = 2, .ofs_y = 0},
    {.bitmap_index = 9178, .adv_w = 396, .box_w = 20, .box_h = 40, .ofs_x = 3, .ofs_y = -10},
    {.bitmap_index = 9578, .adv_w = 339, .box_w = 20, .box_h = 30, .ofs_x = 0, .ofs_y = -8},
    {.bitmap_index = 9878, .adv_w = 380, .box_w = 21, .box_h = 30, .ofs_x = 1, .ofs_y = 0},
    {.bitmap_index = 10193, .adv_w = 307, .box_w = 17, .box_h = 22, .ofs_x = 1, .ofs_y = 0},
    {.bitmap_index = 10380, .adv_w = 299, .box_w = 17, .box_h = 39, .ofs_x = 2, .ofs_y = -9},
    {.bitmap_index = 10712, .adv_w = 396, .box_w = 19, .box_h = 32, .ofs_x = 3, .ofs_y = -10},
    {.bitmap_index = 11016, .adv_w = 384, .box_w = 20, .box_h = 30, .ofs_x = 2, .ofs_y = 0},
    {.bitmap_index = 11316, .adv_w = 225, .box_w = 11, .box_h = 22, .ofs_x = 3, .ofs_y = 0},
    {.bitmap_index = 11437, .adv_w = 358, .box_w = 20, .box_h = 22, .ofs_x = 3, .ofs_y = 0},
    {.bitmap_index = 11657, .adv_w = 342, .box_w = 22, .box_h = 30, .ofs_x = 0, .ofs_y = 0},
    {.bitmap_index = 11987, .adv_w = 409, .box_w = 22, .box_h = 32, .ofs_x = 3, .ofs_y = -10},
    {.bitmap_index = 12339, .adv_w = 339, .box_w = 20, .box_h = 22, .ofs_x = 0, .ofs_y = 0},
    {.bitmap_index = 12559, .adv_w = 320, .box_w = 17, .box_h = 39, .ofs_x = 2, .ofs_y = -9},
    {.bitmap_index = 12891, .adv_w = 391, .box_w = 21, .box_h = 22, .ofs_x = 2, .ofs_y = 0},
    {.bitmap_index = 13122, .adv_w = 435, .box_w = 27, .box_h = 22, .ofs_x = 0, .ofs_y = 0},
    {.bitmap_index = 13419, .adv_w = 387, .box_w = 21, .box_h = 32, .ofs_x = 2, .ofs_y = -10},
    {.bitmap_index = 13755, .adv_w = 317, .box_w = 17, .box_h = 31, .ofs_x = 2, .ofs_y = -9},
    {.bitmap_index = 14019, .adv_w = 401, .box_w = 22, .box_h = 22, .ofs_x = 2, .ofs_y = 0},
    {.bitmap_index = 14261, .adv_w = 324, .box_w = 19, .box_h = 22, .ofs_x = 0, .ofs_y = 0},
    {.bitmap_index = 14470, .adv_w = 390, .box_w = 19, .box_h = 22, .ofs_x = 3, .ofs_y = 0},
    {.bitmap_index = 14679, .adv_w = 481, .box_w = 26, .box_h = 40, .ofs_x = 2, .ofs_y = -10},
    {.bitmap_index = 15199, .adv_w = 385, .box_w = 24, .box_h = 32, .ofs_x = 0, .ofs_y = -10},
    {.bitmap_index = 15583, .adv_w = 495, .box_w = 26, .box_h = 40, .ofs_x = 3, .ofs_y = -10},
    {.bitmap_index = 16103, .adv_w = 524, .box_w = 29, .box_h = 22, .ofs_x = 2, .ofs_y = 0},
    {.bitmap_index = 16422, .adv_w = 391, .box_w = 21, .box_h = 32, .ofs_x = 2, .ofs_y = 0},
    {.bitmap_index = 16758, .adv_w = 390, .box_w = 19, .box_h = 32, .ofs_x = 3, .ofs_y = 0},
    {.bitmap_index = 17062, .adv_w = 525, .box_w = 29, .box_h = 32, .ofs_x = 2, .ofs_y = 0}
};

/*---------------------
 *  CHARACTER MAPPING
 *--------------------*/

static const uint8_t glyph_id_ofs_list_0[] = {
    0, 0, 0, 0, 0, 0, 0, 0,
    1, 2, 3, 4, 5, 0, 6, 7,
    8, 9, 10, 11, 12, 0, 13, 14,
    15, 0, 16, 17, 18, 19, 20, 0,
    21, 0, 0, 22, 23, 24, 25, 0,
    26, 27, 28, 29, 30, 31, 32, 33,
    34, 35, 36, 37, 38, 39, 40, 41,
    42, 43, 44, 45, 46, 47, 48, 49,
    50, 0, 0, 51, 52, 53
};

/*Collect the unicode lists and glyph_id offsets*/
static const lv_font_fmt_txt_cmap_t cmaps[] =
{
    {
        .range_start = 905, .range_length = 70, .glyph_id_start = 1,
        .unicode_list = NULL, .glyph_id_ofs_list = glyph_id_ofs_list_0, .list_length = 70, .type = LV_FONT_FMT_TXT_CMAP_FORMAT0_FULL
    }
};



/*--------------------
 *  ALL CUSTOM DATA
 *--------------------*/

#if LVGL_VERSION_MAJOR == 8
/*Store all the custom data of the font*/
static  lv_font_fmt_txt_glyph_cache_t cache;
#endif

#if LVGL_VERSION_MAJOR >= 8
static const lv_font_fmt_txt_dsc_t font_dsc = {
#else
static lv_font_fmt_txt_dsc_t font_dsc = {
#endif
    .glyph_bitmap = glyph_bitmap,
    .glyph_dsc = glyph_dsc,
    .cmaps = cmaps,
    .kern_dsc = NULL,
    .kern_scale = 0,
    .cmap_num = 1,
    .bpp = 4,
    .kern_classes = 0,
    .bitmap_format = 0,
#if LVGL_VERSION_MAJOR == 8
    .cache = &cache
#endif

};

extern const lv_font_t NS_Medium_hi_40_data;


/*-----------------
 *  PUBLIC FONT
 *----------------*/

/*Initialize a public general font descriptor*/
#if LVGL_VERSION_MAJOR >= 8
const lv_font_t NS_Medium_el_40_data = {
#else
lv_font_t NS_Medium_el_40_data = {
#endif
    .get_glyph_dsc = lv_font_get_glyph_dsc_fmt_txt,    /*Function pointer to get glyph's data*/
    .get_glyph_bitmap = lv_font_get_bitmap_fmt_txt,    /*Function pointer to get glyph's bitmap*/
    .line_height = 42,          /*The maximum line height required by the font*/
    .base_line = 10,             /*Baseline measured from the bottom of the line*/
#if !(LVGL_VERSION_MAJOR == 6 && LVGL_VERSION_MINOR == 0)
    .subpx = LV_FONT_SUBPX_NONE,
#endif
#if LV_VERSION_CHECK(7, 4, 0) || LVGL_VERSION_MAJOR >= 8
    .underline_position = -4,
    .underline_thickness = 2,
#endif

#if LV_VERSION_CHECK(9, 3, 0)
    .static_bitmap = 1,    /*Bitmaps are stored as const so they are always static if not compressed */
#endif

    .dsc = &font_dsc,          /*The custom font data. Will be accessed by `get_glyph_bitmap/dsc` */
#if LV_VERSION_CHECK(8, 2, 0) || LVGL_VERSION_MAJOR >= 9
    .fallback = &NS_Medium_hi_40_data,
#endif
    .user_data = NULL,
};



#endif /*#if NS_MEDIUM_EL_40_DATA*/
