/*******************************************************************************
 * Size: 40 px
 * Bpp: 4
 * Opts: --font /fonts/raw/NotoSans-Medium.ttf -o /fonts/NS_Medium_hi_40_data.c --size 40 --bpp 4 --format lvgl --no-compress --symbols अआइईउएएँएंककंकाकेक्खगगागीगुग्घघंचजज़जाजुजूजैटटिंटूटेटॉठाडड़ीडाडीणणाततात्थ्ददिदेदैधननानिनीनींनुनेपपूप्फफ़फ़ाबबाबुबूबैभंभाममंमामेमेंमोमौम्ययंयोररारिरीरुरूरेरैरॉर्ललालिलीलेंल्ववंवाविवृवेवॉवोशशाशुषाससंसिसीसूसेसोस्हहें
 ******************************************************************************/

#ifdef __has_include
    #if __has_include("lvgl.h")
        #ifndef LV_LVGL_H_INCLUDE_SIMPLE
            #define LV_LVGL_H_INCLUDE_SIMPLE
        #endif
    #endif
#endif

#ifdef LV_LVGL_H_INCLUDE_SIMPLE
    #include "lvgl.h"
#else
    #include "lvgl/lvgl.h"
#endif



#ifndef NS_MEDIUM_HI_40_DATA
#define NS_MEDIUM_HI_40_DATA 1
#endif

#if NS_MEDIUM_HI_40_DATA

/*-----------------
 *    BITMAPS
 *----------------*/

/*Store the image of the glyphs*/
static LV_ATTRIBUTE_LARGE_CONST const uint8_t glyph_bitmap[] = {
    /* U+0901 "ँ" */
    0x00, 0x00, 0x00, 0x17, 0x71, 0x00, 0x00, 0x00,
    0x00, 0x42, 0x00, 0xcf, 0xfd, 0x00, 0x24, 0x00,
    0x8f, 0xf7, 0x00, 0xff, 0xff, 0x10, 0x6f, 0xe8,
    0x8f, 0xfb, 0x00, 0xcf, 0xfd, 0x00, 0xaf, 0xfa,
    0x4f, 0xff, 0x10, 0x17, 0x81, 0x00, 0xff, 0xf6,
    0x0e, 0xff, 0xa0, 0x00, 0x00, 0x08, 0xff, 0xf1,
    0x07, 0xff, 0xfa, 0x20, 0x02, 0x9f, 0xff, 0x80,
    0x00, 0xcf, 0xff, 0xff, 0xef, 0xff, 0xfd, 0x00,
    0x00, 0x0a, 0xff, 0xff, 0xff, 0xff, 0xb1, 0x00,
    0x00, 0x00, 0x39, 0xce, 0xec, 0x93, 0x00, 0x00,

    /* U+0902 "ं" */
    0x00, 0x00, 0x00, 0x1c, 0xfd, 0x30, 0xaf, 0xff,
    0xd0, 0xdf, 0xff, 0xf0, 0xaf, 0xff, 0xd0, 0x1c,
    0xfd, 0x30, 0x00, 0x00, 0x00,

    /* U+0905 "अ" */
    0x00, 0x00, 0x00, 0x27, 0xbe, 0xff, 0xec, 0x71,
    0x00, 0x00, 0x9f, 0xff, 0xff, 0xff, 0xff, 0xf3,
    0x00, 0x00, 0x1b, 0xff, 0xff, 0xff, 0xff, 0xfe,
    0x40, 0x00, 0x9f, 0xff, 0xff, 0xff, 0xff, 0xf3,
    0x00, 0x00, 0x0e, 0xff, 0xff, 0xff, 0xff, 0xff,
    0xf1, 0x00, 0x9f, 0xff, 0xff, 0xff, 0xff, 0xf3,
    0x00, 0x00, 0x08, 0xff, 0xc8, 0x66, 0x9f, 0xff,
    0xf9, 0x00, 0x25, 0x5d, 0xff, 0xf6, 0x55, 0x51,
    0x00, 0x00, 0x03, 0x92, 0x00, 0x00, 0x04, 0xff,
    0xfd, 0x00, 0x00, 0x0c, 0xff, 0xf2, 0x00, 0x00,
    0x00, 0x00, 0x00, 0x00, 0x00, 0x00, 0x00, 0xef,
    0xff, 0x00, 0x00, 0x0c, 0xff, 0xf2, 0x00, 0x00,
    0x00, 0x00, 0x00, 0x00, 0x00, 0x00, 0x00, 0xef,
    0xff, 0x00, 0x00, 0x0c, 0xff, 0xf2, 0x00, 0x00,
    0x00, 0x00, 0x00, 0x00, 0x00, 0x00, 0x04, 0xff,
    0xfc, 0x00, 0x00, 0x0c, 0xff, 0xf2, 0x00, 0x00,
    0x00, 0x00, 0x00, 0x00, 0x00, 0x00, 0x6f, 0xff,
    0xf7, 0x00, 0x00, 0x0c, 0xff, 0xf2, 0x00, 0x00,
    0x00, 0x00, 0x00, 0x00, 0x59, 0xcf, 0xff, 0xff,
    0xd0, 0x00, 0x00, 0x0c, 0xff, 0xf2, 0x00, 0x00,
    0x00, 0x66, 0x00, 0x00, 0xaf, 0xff, 0xff, 0xff,
    0x52, 0x22, 0x24, 0x6e, 0xff, 0xf2, 0x00, 0x00,
    0x7e, 0xfe, 0x00, 0x00, 0x7f, 0xff, 0xff, 0xff,
    0xff, 0xff, 0xff, 0xff, 0xff, 0xf2, 0x00, 0x00,
    0x8f, 0xff, 0x40, 0x00, 0x3c, 0xa7, 0x6f, 0xff,
    0xff, 0xff, 0xff, 0xff, 0xff, 0xf2, 0x00, 0x00,
    0x2f, 0xff, 0xb0, 0x00, 0x00, 0x00, 0x04, 0xff,
    0xff, 0xff, 0xff, 0xff, 0xff, 0xf2, 0x00, 0x00,
    0x0b, 0xff, 0xf2, 0x00, 0x00, 0x00, 0x00, 0x9f,
    0xff, 0x41, 0x11, 0x0c, 0xff, 0xf2, 0x00, 0x00,
    0x03, 0xff, 0xfb, 0x00, 0x00, 0x00, 0x00, 0x4f,
    0xff, 0x80, 0x00, 0x0c, 0xff, 0xf2, 0x00, 0x00,
    0x00, 0xbf, 0xff, 0x40, 0x00, 0x00, 0x00, 0x2f,
    0xff, 0xa0, 0x00, 0x0c, 0xff, 0xf2, 0x00, 0x00,
    0x00, 0x3f, 0xff, 0xe1, 0x00, 0x00, 0x00, 0x5f,
    0xff, 0x90, 0x00, 0x0c, 0xff, 0xf2, 0x00, 0x00,
    0x00, 0x08, 0xff, 0xfd, 0x10, 0x00, 0x00, 0xcf,
    0xff, 0x70, 0x00, 0x0c, 0xff, 0xf2, 0x00, 0x00,
    0x00, 0x00, 0xcf, 0xff, 0xf8, 0x43, 0x6d, 0xff,
    0xff, 0x20, 0x00, 0x0c, 0xff, 0xf2, 0x00, 0x00,
    0x00, 0x00, 0x1d, 0xff, 0xff, 0xff, 0xff, 0xff,
    0xf8, 0x00, 0x00, 0x0c, 0xff, 0xf2, 0x00, 0x00,
    0x00, 0x00, 0x01, 0xbf, 0xff, 0xff, 0xff, 0xff,
    0xa0, 0x00, 0x00, 0x0c, 0xff, 0xf2, 0x00, 0x00,
    0x00, 0x00, 0x00, 0x05, 0xbf, 0xff, 0xff, 0xb4,
    0x00, 0x00, 0x00, 0x0c, 0xff, 0xf2, 0x00, 0x00,
    0x00, 0x00, 0x00, 0x00, 0x00, 0x23, 0x20, 0x00,
    0x00, 0x00, 0x00, 0x0c, 0xff, 0xf2, 0x00, 0x00,
    0x00, 0x00, 0x00, 0x00, 0x00, 0x00, 0x00, 0x00,
    0x00, 0x00, 0x00, 0x0c, 0xff, 0xf2, 0x00, 0x00,

    /* U+0906 "आ" */
    0x00, 0x00, 0x00, 0x27, 0xbe, 0xff, 0xec, 0x71,
    0x00, 0x00, 0x9f, 0xff, 0xff, 0xff, 0xff, 0xff,
    0xff, 0xff, 0xff, 0xff, 0xff, 0x00, 0x00, 0x1b,
    0xff, 0xff, 0xff, 0xff, 0xfe, 0x40, 0x00, 0x9f,
    0xff, 0xff, 0xff, 0xff, 0xff, 0xff, 0xff, 0xff,
    0xff, 0xff, 0x00, 0x00, 0x0e, 0xff, 0xff, 0xff,
    0xff, 0xff, 0xf1, 0x00, 0x9f, 0xff, 0xff, 0xff,
    0xff, 0xff, 0xff, 0xff, 0xff, 0xff, 0xff, 0x00,
    0x00, 0x08, 0xff, 0xc8, 0x66, 0x9f, 0xff, 0xf9,
    0x00, 0x25, 0x5d, 0xff, 0xf6, 0x55, 0x55, 0x55,
    0xff, 0xff, 0x55, 0x55, 0x00, 0x00, 0x03, 0x92,
    0x00, 0x00, 0x04, 0xff, 0xfd, 0x00, 0x00, 0x0c,
    0xff, 0xf2, 0x00, 0x00, 0x00, 0xff, 0xff, 0x00,
    0x00, 0x00, 0x00, 0x00, 0x00, 0x00, 0x00, 0x00,
    0xef, 0xff, 0x00, 0x00, 0x0c, 0xff, 0xf2, 0x00,
    0x00, 0x00, 0xff, 0xff, 0x00, 0x00, 0x00, 0x00,
    0x00, 0x00, 0x00, 0x00, 0x00, 0xef, 0xff, 0x00,
    0x00, 0x0c, 0xff, 0xf2, 0x00, 0x00, 0x00, 0xff,
    0xff, 0x00, 0x00, 0x00, 0x00, 0x00, 0x00, 0x00,
    0x00, 0x04, 0xff, 0xfc, 0x00, 0x00, 0x0c, 0xff,
    0xf2, 0x00, 0x00, 0x00, 0xff, 0xff, 0x00, 0x00,
    0x00, 0x00, 0x00, 0x00, 0x00, 0x00, 0x6f, 0xff,
    0xf7, 0x00, 0x00, 0x0c, 0xff, 0xf2, 0x00, 0x00,
    0x00, 0xff, 0xff, 0x00, 0x00, 0x00, 0x00, 0x00,
    0x00, 0x59, 0xcf, 0xff, 0xff, 0xd0, 0x00, 0x00,
    0x0c, 0xff, 0xf2, 0x00, 0x00, 0x00, 0xff, 0xff,
    0x00, 0x00, 0x00, 0x66, 0x00, 0x00, 0xaf, 0xff,
    0xff, 0xff, 0x52, 0x22, 0x24, 0x6e, 0xff, 0xf2,
    0x00, 0x00, 0x00, 0xff, 0xff, 0x00, 0x00, 0x7e,
    0xfe, 0x00, 0x00, 0x7f, 0xff, 0xff, 0xff, 0xff,
    0xff, 0xff, 0xff, 0xff, 0xf2, 0x00, 0x00, 0x00,
    0xff, 0xff, 0x00, 0x00, 0x8f, 0xff, 0x40, 0x00,
    0x3c, 0xa7, 0x6f, 0xff, 0xff, 0xff, 0xff, 0xff,
    0xff, 0xf2, 0x00, 0x00, 0x00, 0xff, 0xff, 0x00,
    0x00, 0x2f, 0xff, 0xb0, 0x00, 0x00, 0x00, 0x04,
    0xff, 0xff, 0xff, 0xff, 0xff, 0xff, 0xf2, 0x00,
    0x00, 0x00, 0xff, 0xff, 0x00, 0x00, 0x0b, 0xff,
    0xf2, 0x00, 0x00, 0x00, 0x00, 0x9f, 0xff, 0x41,
    0x11, 0x0c, 0xff, 0xf2, 0x00, 0x00, 0x00, 0xff,
    0xff, 0x00, 0x00, 0x03, 0xff, 0xfb, 0x00, 0x00,
    0x00, 0x00, 0x4f, 0xff, 0x80, 0x00, 0x0c, 0xff,
    0xf2, 0x00, 0x00, 0x00, 0xff, 0xff, 0x00, 0x00,
    0x00, 0xbf, 0xff, 0x40, 0x00, 0x00, 0x00, 0x2f,
    0xff, 0xa0, 0x00, 0x0c, 0xff, 0xf2, 0x00, 0x00,
    0x00, 0xff, 0xff, 0x00, 0x00, 0x00, 0x3f, 0xff,
    0xe1, 0x00, 0x00, 0x00, 0x5f, 0xff, 0x90, 0x00,
    0x0c, 0xff, 0xf2, 0x00, 0x00, 0x00, 0xff, 0xff,
    0x00, 0x00, 0x00, 0x08, 0xff, 0xfd, 0x10, 0x00,
    0x00, 0xcf, 0xff, 0x70, 0x00, 0x0c, 0xff, 0xf2,
    0x00, 0x00, 0x00, 0xff, 0xff, 0x00, 0x00, 0x00,
    0x00, 0xcf, 0xff, 0xf8, 0x43, 0x6d, 0xff, 0xff,
    0x20, 0x00, 0x0c, 0xff, 0xf2, 0x00, 0x00, 0x00,
    0xff, 0xff, 0x00, 0x00, 0x00, 0x00, 0x1d, 0xff,
    0xff, 0xff, 0xff, 0xff, 0xf8, 0x00, 0x00, 0x0c,
    0xff, 0xf2, 0x00, 0x00, 0x00, 0xff, 0xff, 0x00,
    0x00, 0x00, 0x00, 0x01, 0xbf, 0xff, 0xff, 0xff,
    0xff, 0xa0, 0x00, 0x00, 0x0c, 0xff, 0xf2, 0x00,
    0x00, 0x00, 0xff, 0xff, 0x00, 0x00, 0x00, 0x00,
    0x00, 0x05, 0xbf, 0xff, 0xff, 0xb4, 0x00, 0x00,
    0x00, 0x0c, 0xff, 0xf2, 0x00, 0x00, 0x00, 0xff,
    0xff, 0x00, 0x00, 0x00, 0x00, 0x00, 0x00, 0x00,
    0x23, 0x20, 0x00, 0x00, 0x00, 0x00, 0x0c, 0xff,
    0xf2, 0x00, 0x00, 0x00, 0xff, 0xff, 0x00, 0x00,
    0x00, 0x00, 0x00, 0x00, 0x00, 0x00, 0x00, 0x00,
    0x00, 0x00, 0x00, 0x0c, 0xff, 0xf2, 0x00, 0x00,
    0x00, 0xff, 0xff, 0x00, 0x00,

    /* U+0907 "इ" */
    0xff, 0xff, 0xff, 0xff, 0xff, 0xff, 0xff, 0xff,
    0xff, 0xff, 0x9f, 0xff, 0xff, 0xff, 0xff, 0xff,
    0xff, 0xff, 0xff, 0xff, 0xf9, 0xff, 0xff, 0xff,
    0xff, 0xff, 0xff, 0xff, 0xff, 0xff, 0xff, 0x95,
    0x55, 0x55, 0x55, 0x55, 0x55, 0x58, 0xff, 0xfc,
    0x55, 0x52, 0x00, 0x00, 0x00, 0x00, 0x00, 0x00,
    0x4f, 0xff, 0xa0, 0x00, 0x00, 0x00, 0x00, 0x00,
    0x00, 0x00, 0x04, 0xff, 0xfa, 0x00, 0x00, 0x00,
    0x00, 0x00, 0x00, 0x11, 0x11, 0x5f, 0xff, 0xa0,
    0x00, 0x00, 0x00, 0x18, 0xdf, 0xff, 0xff, 0xff,
    0xff, 0xfa, 0x00, 0x00, 0x00, 0x2e, 0xff, 0xff,
    0xff, 0xff, 0xff, 0xff, 0xa0, 0x00, 0x00, 0x0b,
    0xff, 0xff, 0xff, 0xff, 0xff, 0xff, 0xfa, 0x00,
    0x00, 0x00, 0xff, 0xff, 0x72, 0x11, 0x11, 0x11,
    0x11, 0x00, 0x00, 0x00, 0x1f, 0xff, 0xc0, 0x00,
    0x00, 0x00, 0x00, 0x00, 0x00, 0x00, 0x00, 0xef,
    0xfe, 0x10, 0x00, 0x01, 0x00, 0x00, 0x00, 0x00,
    0x00, 0x08, 0xff, 0xfc, 0x4a, 0xef, 0xff, 0xeb,
    0x40, 0x00, 0x00, 0x00, 0x0d, 0xff, 0xff, 0xff,
    0xff, 0xff, 0xff, 0xa0, 0x00, 0x00, 0x00, 0x2d,
    0xff, 0xff, 0xff, 0xff, 0xff, 0xff, 0x80, 0x00,
    0x00, 0x00, 0x1a, 0xfc, 0x73, 0x11, 0x4b, 0xff,
    0xff, 0x00, 0x00, 0x00, 0x00, 0x01, 0x00, 0x00,
    0x00, 0x0d, 0xff, 0xf4, 0x00, 0x00, 0x00, 0x00,
    0x00, 0x00, 0x00, 0x00, 0x9f, 0xff, 0x50, 0x00,
    0x03, 0x99, 0x30, 0x00, 0x00, 0x00, 0x0b, 0xff,
    0xf4, 0x00, 0x02, 0xff, 0xff, 0x60, 0x00, 0x00,
    0x05, 0xff, 0xff, 0x10, 0x00, 0x6f, 0xff, 0xff,
    0x63, 0x34, 0x7b, 0xff, 0xff, 0xb0, 0x00, 0x03,
    0xff, 0xff, 0xff, 0xff, 0xff, 0xff, 0xff, 0xe1,
    0x00, 0x00, 0x08, 0xff, 0xff, 0xff, 0xff, 0xff,
    0xff, 0xa1, 0x00, 0x00, 0x00, 0x03, 0x9d, 0xff,
    0xff, 0xfe, 0xb7, 0x20, 0x00, 0x00, 0x00, 0x00,
    0x00, 0x08, 0xff, 0xf9, 0x00, 0x00, 0x00, 0x00,
    0x00, 0x00, 0x00, 0x00, 0x0c, 0xff, 0xf9, 0x00,
    0x00, 0x00, 0x00, 0x00, 0x00, 0x00, 0x00, 0x2f,
    0xff, 0xfa, 0x00, 0x00, 0x00, 0x00, 0x00, 0x00,
    0x00, 0x00, 0x4f, 0xff, 0xfb, 0x00, 0x00, 0x00,
    0x00, 0x00, 0x00, 0x00, 0x00, 0x7f, 0xff, 0xe3,
    0x00, 0x00, 0x00, 0x00, 0x00, 0x00, 0x00, 0x00,
    0x9f, 0xc1, 0x00, 0x00, 0x00, 0x00, 0x00, 0x00,
    0x00, 0x00, 0x00, 0x50, 0x00, 0x00, 0x00, 0x00,

    /* U+0908 "ई" */
    0x00, 0x00, 0x00, 0x00, 0x00, 0x00, 0x39, 0xdf,
    0xfe, 0xb7, 0x10, 0x00, 0x00, 0x00, 0x00, 0x00,
    0x8f, 0xff, 0xff, 0xff, 0xf4, 0x00, 0x00, 0x00,
    0x00, 0x00, 0x6f, 0xff, 0xff, 0xff, 0xfe, 0x00,
    0x00, 0x00, 0x00, 0x00, 0x0e, 0xff, 0xfd, 0x63,
    0x36, 0x70, 0x00, 0x00, 0x00, 0x00, 0x01, 0xff,
    0xff, 0x20, 0x00, 0x00, 0x00, 0x00, 0x00, 0x00,
    0x00, 0x2f, 0xff, 0xc0, 0x00, 0x00, 0x00, 0x00,
    0x00, 0x00, 0x00, 0x00, 0xff, 0xfb, 0x00, 0x00,
    0x00, 0x00, 0x00, 0x00, 0x00, 0x00, 0x0d, 0xff,
    0xe0, 0x00, 0x00, 0x00, 0x00, 0x00, 0x00, 0x00,
    0x00, 0x6f, 0xff, 0x40, 0x00, 0x00, 0x00, 0x00,
    0x00, 0x00, 0x00, 0x00, 0xdf, 0xfd, 0x00, 0x00,
    0x00, 0x00, 0x00, 0x00, 0x00, 0x00, 0x03, 0xff,
    0xfa, 0x00, 0x00, 0x0f, 0xff, 0xff, 0xff, 0xff,
    0xff, 0xff, 0xff, 0xff, 0xff, 0xf9, 0xff, 0xff,
    0xff, 0xff, 0xff, 0xff, 0xff, 0xff, 0xff, 0xff,
    0x9f, 0xff, 0xff, 0xff, 0xff, 0xff, 0xff, 0xff,
    0xff, 0xff, 0xf9, 0x55, 0x55, 0x55, 0x55, 0x55,
    0x55, 0x8f, 0xff, 0xc5, 0x55, 0x20, 0x00, 0x00,
    0x00, 0x00, 0x00, 0x04, 0xff, 0xfa, 0x00, 0x00,
    0x00, 0x00, 0x00, 0x00, 0x00, 0x00, 0x4f, 0xff,
    0xa0, 0x00, 0x00, 0x00, 0x00, 0x00, 0x01, 0x11,
    0x15, 0xff, 0xfa, 0x00, 0x00, 0x00, 0x01, 0x8d,
    0xff, 0xff, 0xff, 0xff, 0xff, 0xa0, 0x00, 0x00,
    0x02, 0xef, 0xff, 0xff, 0xff, 0xff, 0xff, 0xfa,
    0x00, 0x00, 0x00, 0xbf, 0xff, 0xff, 0xff, 0xff,
    0xff, 0xff, 0xa0, 0x00, 0x00, 0x0f, 0xff, 0xf7,
    0x21, 0x11, 0x11, 0x11, 0x10, 0x00, 0x00, 0x01,
    0xff, 0xfc, 0x00, 0x00, 0x00, 0x00, 0x00, 0x00,
    0x00, 0x00, 0x0e, 0xff, 0xe1, 0x00, 0x00, 0x10,
    0x00, 0x00, 0x00, 0x00, 0x00, 0x8f, 0xff, 0xc4,
    0xae, 0xff, 0xfe, 0xb4, 0x00, 0x00, 0x00, 0x00,
    0xdf, 0xff, 0xff, 0xff, 0xff, 0xff, 0xfa, 0x00,
    0x00, 0x00, 0x02, 0xef, 0xff, 0xff, 0xff, 0xff,
    0xff, 0xf8, 0x00, 0x00, 0x00, 0x01, 0xbf, 0xc7,
    0x31, 0x14, 0xbf, 0xff, 0xf0, 0x00, 0x00, 0x00,
    0x00, 0x20, 0x00, 0x00, 0x00, 0xdf, 0xff, 0x40,
    0x00, 0x00, 0x00, 0x00, 0x00, 0x00, 0x00, 0x09,
    0xff, 0xf5, 0x00, 0x00, 0x39, 0x93, 0x00, 0x00,
    0x00, 0x00, 0xbf, 0xff, 0x40, 0x00, 0x2f, 0xff,
    0xf6, 0x00, 0x00, 0x00, 0x5f, 0xff, 0xf1, 0x00,
    0x06, 0xff, 0xff, 0xf6, 0x33, 0x47, 0xbf, 0xff,
    0xfb, 0x00, 0x00, 0x3f, 0xff, 0xff, 0xff, 0xff,
    0xff, 0xff, 0xfe, 0x10, 0x00, 0x00, 0x8f, 0xff,
    0xff, 0xff, 0xff, 0xff, 0xfa, 0x10, 0x00, 0x00,
    0x00, 0x39, 0xdf, 0xff, 0xff, 0xeb, 0x72, 0x00,
    0x00, 0x00, 0x00, 0x00, 0x00, 0x8f, 0xff, 0x90,
    0x00, 0x00, 0x00, 0x00, 0x00, 0x00, 0x00, 0x00,
    0xcf, 0xff, 0x90, 0x00, 0x00, 0x00, 0x00, 0x00,
    0x00, 0x00, 0x02, 0xff, 0xff, 0xa0, 0x00, 0x00,
    0x00, 0x00, 0x00, 0x00, 0x00, 0x04, 0xff, 0xff,
    0xb0, 0x00, 0x00, 0x00, 0x00, 0x00, 0x00, 0x00,
    0x07, 0xff, 0xfe, 0x30, 0x00, 0x00, 0x00, 0x00,
    0x00, 0x00, 0x00, 0x09, 0xfc, 0x10, 0x00, 0x00,
    0x00, 0x00, 0x00, 0x00, 0x00, 0x00, 0x06, 0x00,
    0x00, 0x00, 0x00, 0x00,

    /* U+0909 "उ" */
    0xff, 0xff, 0xff, 0xff, 0xff, 0xff, 0xff, 0xff,
    0xff, 0xff, 0xff, 0xff, 0xff, 0xff, 0xff, 0xff,
    0xff, 0xff, 0xff, 0xff, 0xff, 0xff, 0xff, 0xff,
    0xff, 0xff, 0xff, 0xff, 0xff, 0xff, 0xff, 0xff,
    0xff, 0xff, 0xf5, 0x55, 0x55, 0x55, 0x55, 0x55,
    0x55, 0x6e, 0xff, 0xf8, 0x55, 0x55, 0x00, 0x00,
    0x00, 0x00, 0x00, 0x00, 0x00, 0x3f, 0xff, 0xd0,
    0x00, 0x00, 0x00, 0x00, 0x00, 0x00, 0x00, 0x00,
    0x00, 0xbf, 0xff, 0x30, 0x00, 0x00, 0x00, 0x00,
    0x00, 0x00, 0x00, 0x00, 0x08, 0xff, 0xf6, 0x00,
    0x00, 0x00, 0x00, 0x00, 0x00, 0x00, 0x00, 0x00,
    0x9f, 0xff, 0x60, 0x00, 0x00, 0x00, 0x00, 0x00,
    0x00, 0x00, 0x00, 0x1f, 0xff, 0xf4, 0x00, 0x00,
    0x00, 0x00, 0x00, 0x00, 0x00, 0x01, 0x6e, 0xff,
    0xfe, 0x00, 0x00, 0x00, 0x00, 0x00, 0x00, 0x07,
    0xad, 0xff, 0xff, 0xff, 0x50, 0x00, 0x00, 0x00,
    0x57, 0x00, 0x00, 0x9f, 0xff, 0xff, 0xff, 0x80,
    0x00, 0x00, 0x07, 0xef, 0xe0, 0x00, 0x06, 0xff,
    0xff, 0xff, 0xfe, 0x20, 0x00, 0x00, 0x9f, 0xff,
    0x40, 0x00, 0x2b, 0xa9, 0x59, 0xff, 0xfe, 0x10,
    0x00, 0x03, 0xff, 0xfa, 0x00, 0x00, 0x00, 0x00,
    0x0a, 0xff, 0xf9, 0x00, 0x00, 0x0d, 0xff, 0xf1,
    0x00, 0x00, 0x00, 0x00, 0x1f, 0xff, 0xf1, 0x00,
    0x00, 0x6f, 0xff, 0x80, 0x00, 0x00, 0x00, 0x00,
    0xbf, 0xff, 0x50, 0x00, 0x00, 0xef, 0xff, 0x10,
    0x00, 0x00, 0x00, 0x08, 0xff, 0xf7, 0x00, 0x00,
    0x07, 0xff, 0xfa, 0x00, 0x00, 0x00, 0x00, 0x9f,
    0xff, 0x80, 0x00, 0x00, 0x0d, 0xff, 0xf6, 0x00,
    0x00, 0x00, 0x0d, 0xff, 0xf6, 0x00, 0x00, 0x00,
    0x4f, 0xff, 0xf7, 0x00, 0x00, 0x08, 0xff, 0xff,
    0x20, 0x00, 0x00, 0x00, 0x8f, 0xff, 0xfd, 0x97,
    0x8d, 0xff, 0xff, 0xc0, 0x00, 0x00, 0x00, 0x00,
    0x9f, 0xff, 0xff, 0xff, 0xff, 0xff, 0xf2, 0x00,
    0x00, 0x00, 0x00, 0x00, 0x6e, 0xff, 0xff, 0xff,
    0xff, 0xd3, 0x00, 0x00, 0x00, 0x00, 0x00, 0x00,
    0x06, 0xbe, 0xff, 0xeb, 0x60, 0x00, 0x00, 0x00,

    /* U+090F "ए" */
    0xff, 0xff, 0xff, 0xff, 0xff, 0xff, 0xff, 0xff,
    0xff, 0xff, 0xff, 0xf5, 0xff, 0xff, 0xff, 0xff,
    0xff, 0xff, 0xff, 0xff, 0xff, 0xff, 0xff, 0xf5,
    0xff, 0xff, 0xff, 0xff, 0xff, 0xff, 0xff, 0xff,
    0xff, 0xff, 0xff, 0xf5, 0x55, 0x5f, 0xff, 0xf5,
    0x55, 0x55, 0x55, 0x57, 0xff, 0xfd, 0x55, 0x51,
    0x00, 0x0f, 0xff, 0xf0, 0x00, 0x00, 0x00, 0x03,
    0xff, 0xfc, 0x00, 0x00, 0x00, 0x0f, 0xff, 0xf0,
    0x00, 0x00, 0x00, 0x03, 0xff, 0xfc, 0x00, 0x00,
    0x00, 0x0f, 0xff, 0xf0, 0x00, 0x00, 0x00, 0x03,
    0xff, 0xfc, 0x00, 0x00, 0x00, 0x0f, 0xff, 0xf0,
    0x00, 0x00, 0x00, 0x03, 0xff, 0xfc, 0x00, 0x00,
    0x00, 0x0f, 0xff, 0xf0, 0x00, 0x00, 0x00, 0x03,
    0xff, 0xfc, 0x00, 0x00, 0x00, 0x0f, 0xff, 0xf0,
    0x00, 0x00, 0x00, 0x03, 0xff, 0xfc, 0x00, 0x00,
    0x00, 0x0f, 0xff, 0xf0, 0x00, 0x00, 0x00, 0x05,
    0xff, 0xfb, 0x00, 0x00, 0x00, 0x0f, 0xff, 0xf0,
    0x00, 0x00, 0x00, 0x0b, 0xff, 0xf9, 0x00, 0x00,
    0x00, 0x0e, 0xff, 0xf0, 0x00, 0x00, 0x01, 0x9f,
    0xff, 0xf5, 0x00, 0x00, 0x00, 0x0d, 0xff, 0xf2,
    0x00, 0x00, 0x3f, 0xff, 0xff, 0xe0, 0x00, 0x00,
    0x00, 0x0b, 0xff, 0xf7, 0x00, 0x00, 0x0d, 0xff,
    0xff, 0x40, 0x00, 0x00, 0x00, 0x06, 0xff, 0xff,
    0x30, 0x00, 0x04, 0xff, 0xb2, 0x00, 0x00, 0x00,
    0x00, 0x00, 0xef, 0xff, 0xf7, 0x00, 0x00, 0x62,
    0x00, 0x00, 0x00, 0x00, 0x00, 0x00, 0x3e, 0xff,
    0xff, 0xd6, 0x00, 0x00, 0x00, 0x00, 0x00, 0x00,
    0x00, 0x00, 0x01, 0xbf, 0xff, 0xff, 0xd6, 0x00,
    0x00, 0x00, 0x00, 0x00, 0x00, 0x00, 0x00, 0x05,
    0xef, 0xff, 0xff, 0xe6, 0x00, 0x00, 0x00, 0x00,
    0x00, 0x00, 0x00, 0x00, 0x06, 0xef, 0xff, 0xff,
    0xc2, 0x00, 0x00, 0x00, 0x00, 0x00, 0x00, 0x00,
    0x00, 0x06, 0xef, 0xff, 0xff, 0x40, 0x00, 0x00,
    0x00, 0x00, 0x00, 0x00, 0x00, 0x00, 0x07, 0xff,
    0xff, 0xf2, 0x00, 0x00, 0x00, 0x00, 0x00, 0x00,
    0x00, 0x00, 0x00, 0x2e, 0xff, 0xf8, 0x00, 0x00,
    0x00, 0x00, 0x00, 0x00, 0x00, 0x00, 0x00, 0x08,
    0xff, 0xfb, 0x00, 0x00, 0x00, 0x00, 0x00, 0x00,
    0x00, 0x00, 0x00, 0x07, 0xff, 0xfb, 0x00, 0x00,
    0x00, 0x00, 0x00, 0x00, 0x00, 0x00, 0x00, 0x0d,
    0xff, 0xf8, 0x00, 0x00, 0x00, 0x00, 0x00, 0x00,
    0x00, 0x00, 0x00, 0x3d, 0xff, 0xf2, 0x00, 0x00,
    0x00, 0x00, 0x00, 0x00, 0x00, 0x00, 0x00, 0x00,
    0x4a, 0x90, 0x00, 0x00,

    /* U+0915 "क" */
    0xff, 0xff, 0xff, 0xff, 0xff, 0xff, 0xff, 0xff,
    0xff, 0xff, 0xff, 0xff, 0xff, 0xff, 0xff, 0xff,
    0x0f, 0xff, 0xff, 0xff, 0xff, 0xff, 0xff, 0xff,
    0xff, 0xff, 0xff, 0xff, 0xff, 0xff, 0xff, 0xff,
    0xf0, 0xff, 0xff, 0xff, 0xff, 0xff, 0xff, 0xff,
    0xff, 0xff, 0xff, 0xff, 0xff, 0xff, 0xff, 0xff,
    0xff, 0x05, 0x55, 0x55, 0x55, 0x55, 0x55, 0x55,
    0x55, 0xef, 0xff, 0x55, 0x55, 0x55, 0x55, 0x55,
    0x55, 0x50, 0x00, 0x00, 0x00, 0x00, 0x00, 0x00,
    0x00, 0x0e, 0xff, 0xf0, 0x00, 0x00, 0x00, 0x00,
    0x00, 0x00, 0x00, 0x00, 0x00, 0x00, 0x00, 0x00,
    0x00, 0x00, 0xef, 0xff, 0x00, 0x00, 0x00, 0x00,
    0x00, 0x00, 0x00, 0x00, 0x00, 0x00, 0x00, 0x13,
    0x32, 0x21, 0x0e, 0xff, 0xf0, 0x00, 0x00, 0x00,
    0x00, 0x00, 0x00, 0x00, 0x00, 0x00, 0x5b, 0xff,
    0xff, 0xff, 0xb0, 0xef, 0xff, 0x00, 0x00, 0x00,
    0x00, 0x00, 0x00, 0x00, 0x00, 0x02, 0xdf, 0xff,
    0xff, 0xff, 0xf9, 0x0e, 0xff, 0xf0, 0x00, 0x02,
    0x10, 0x00, 0x00, 0x00, 0x00, 0x01, 0xef, 0xff,
    0xff, 0xff, 0xff, 0x80, 0xef, 0xff, 0x17, 0xdf,
    0xff, 0xe8, 0x10, 0x00, 0x00, 0x00, 0xaf, 0xff,
    0xfb, 0x63, 0x33, 0x31, 0x0e, 0xff, 0xfd, 0xff,
    0xff, 0xff, 0xfe, 0x20, 0x00, 0x00, 0x0f, 0xff,
    0xf6, 0x00, 0x00, 0x00, 0x00, 0xef, 0xff, 0xff,
    0xff, 0xff, 0xff, 0xfd, 0x00, 0x00, 0x03, 0xff,
    0xfd, 0x00, 0x00, 0x00, 0x00, 0x0e, 0xff, 0xff,
    0xf8, 0x32, 0x7f, 0xff, 0xf5, 0x00, 0x00, 0x4f,
    0xff, 0xa0, 0x00, 0x00, 0x00, 0x00, 0xef, 0xff,
    0xe3, 0x00, 0x00, 0x7f, 0xff, 0xa0, 0x00, 0x03,
    0xff, 0xfc, 0x00, 0x00, 0x00, 0x00, 0x3f, 0xff,
    0xf5, 0x00, 0x00, 0x02, 0xff, 0xfd, 0x00, 0x00,
    0x0f, 0xff, 0xf4, 0x00, 0x00, 0x00, 0x6f, 0xff,
    0xff, 0x00, 0x00, 0x00, 0x1f, 0xff, 0xd0, 0x00,
    0x00, 0xaf, 0xff, 0xf9, 0x43, 0x47, 0xdf, 0xff,
    0xff, 0xf0, 0x00, 0x00, 0x02, 0xff, 0xfc, 0x00,
    0x00, 0x01, 0xef, 0xff, 0xff, 0xff, 0xff, 0xff,
    0xff, 0xff, 0x00, 0x00, 0x00, 0x5f, 0xff, 0xa0,
    0x00, 0x00, 0x02, 0xdf, 0xff, 0xff, 0xff, 0xff,
    0xef, 0xff, 0xf0, 0x00, 0x00, 0x0c, 0xff, 0xf6,
    0x00, 0x00, 0x00, 0x00, 0x6c, 0xff, 0xff, 0xfc,
    0x60, 0xef, 0xff, 0x00, 0x00, 0x05, 0xff, 0xff,
    0x10, 0x00, 0x00, 0x00, 0x00, 0x00, 0x22, 0x20,
    0x00, 0x0e, 0xff, 0xf0, 0x00, 0x01, 0xef, 0xff,
    0x90, 0x00, 0x00, 0x00, 0x00, 0x00, 0x00, 0x00,
    0x00, 0x00, 0xef, 0xff, 0x00, 0x00, 0x7f, 0xff,
    0xf1, 0x00, 0x00, 0x00, 0x00, 0x00, 0x00, 0x00,
    0x00, 0x00, 0x0e, 0xff, 0xf0, 0x00, 0x00, 0x3c,
    0xf5, 0x00, 0x00, 0x00, 0x00, 0x00, 0x00, 0x00,
    0x00, 0x00, 0x00, 0xef, 0xff, 0x00, 0x00, 0x00,
    0x04, 0x00, 0x00, 0x00, 0x00, 0x00, 0x00, 0x00,
    0x00, 0x00, 0x00, 0x0e, 0xff, 0xf0, 0x00, 0x00,
    0x00, 0x00, 0x00, 0x00, 0x00,

    /* U+0916 "ख" */
    0xff, 0xff, 0xff, 0xff, 0xff, 0xff, 0xff, 0xff,
    0xff, 0xff, 0xff, 0xff, 0xff, 0xff, 0xff, 0xff,
    0xff, 0xff, 0xff, 0xff, 0xff, 0xff, 0xff, 0xff,
    0xff, 0xff, 0xff, 0xff, 0xff, 0xff, 0xff, 0xff,
    0xff, 0xff, 0xff, 0xff, 0xff, 0xff, 0xff, 0xff,
    0xff, 0xff, 0xff, 0xff, 0xff, 0xff, 0xff, 0xff,
    0xff, 0xff, 0xff, 0x55, 0x55, 0x55, 0x55, 0xff,
    0xff, 0x55, 0x55, 0x55, 0x66, 0x55, 0x55, 0x55,
    0xff, 0xff, 0x55, 0x55, 0x00, 0x00, 0x00, 0x00,
    0xbf, 0xff, 0x20, 0x00, 0x00, 0x00, 0x00, 0x00,
    0x00, 0xff, 0xff, 0x00, 0x00, 0x00, 0x00, 0x00,
    0x00, 0x8f, 0xff, 0x50, 0x00, 0x00, 0x00, 0x00,
    0x00, 0x00, 0xff, 0xff, 0x00, 0x00, 0x00, 0x00,
    0x00, 0x00, 0x8f, 0xff, 0x60, 0x00, 0x03, 0xae,
    0xff, 0xfe, 0x80, 0xff, 0xff, 0x00, 0x00, 0x00,
    0x00, 0x00, 0x00, 0x8f, 0xff, 0x60, 0x00, 0x9f,
    0xff, 0xff, 0xff, 0xb0, 0xff, 0xff, 0x00, 0x00,
    0x00, 0x00, 0x00, 0x00, 0xaf, 0xff, 0x50, 0x08,
    0xff, 0xff, 0xff, 0xff, 0xa0, 0xff, 0xff, 0x00,
    0x00, 0x00, 0x9f, 0xfa, 0x10, 0xef, 0xff, 0x20,
    0x1f, 0xff, 0xfa, 0x31, 0x13, 0x30, 0xff, 0xff,
    0x00, 0x00, 0x04, 0xff, 0xff, 0xd9, 0xff, 0xfd,
    0x00, 0x6f, 0xff, 0xa0, 0x00, 0x00, 0x00, 0xff,
    0xff, 0x00, 0x00, 0x06, 0xff, 0xff, 0xff, 0xff,
    0xf5, 0x00, 0x7f, 0xff, 0x50, 0x00, 0x00, 0x00,
    0xff, 0xff, 0x00, 0x00, 0x05, 0xff, 0xff, 0xff,
    0xff, 0xa0, 0x00, 0x7f, 0xff, 0x50, 0x00, 0x00,
    0x00, 0xff, 0xff, 0x00, 0x00, 0x01, 0xff, 0xff,
    0xff, 0xfa, 0x00, 0x00, 0x5f, 0xff, 0xa0, 0x00,
    0x00, 0x02, 0xff, 0xff, 0x00, 0x00, 0x00, 0xbf,
    0xff, 0xff, 0x60, 0x00, 0x00, 0x0e, 0xff, 0xfa,
    0x31, 0x14, 0x9f, 0xff, 0xff, 0x00, 0x00, 0x00,
    0x3f, 0xff, 0xf2, 0x00, 0x00, 0x00, 0x05, 0xff,
    0xff, 0xff, 0xff, 0xff, 0xff, 0xff, 0x00, 0x00,
    0x00, 0x09, 0xff, 0xfb, 0x00, 0x00, 0x00, 0x00,
    0x6f, 0xff, 0xff, 0xff, 0xff, 0xff, 0xff, 0x00,
    0x00, 0x00, 0x01, 0xef, 0xff, 0x90, 0x00, 0x00,
    0x00, 0x02, 0x8d, 0xff, 0xfe, 0xb6, 0xff, 0xff,
    0x00, 0x00, 0x00, 0x00, 0x3f, 0xff, 0xfa, 0x00,
    0x00, 0x00, 0x00, 0x00, 0x00, 0x00, 0x00, 0xff,
    0xff, 0x00, 0x00, 0x00, 0x00, 0x04, 0xff, 0xff,
    0xd3, 0x00, 0x00, 0x00, 0x00, 0x00, 0x00, 0x00,
    0xff, 0xff, 0x00, 0x00, 0x00, 0x00, 0x00, 0x4f,
    0xff, 0xff, 0xb4, 0x00, 0x00, 0x00, 0x00, 0x00,
    0x4b, 0xff, 0xff, 0x00, 0x00, 0x00, 0x00, 0x00,
    0x02, 0xdf, 0xff, 0xff, 0xfb, 0x86, 0x55, 0x68,
    0xbf, 0xff, 0xff, 0xff, 0x00, 0x00, 0x00, 0x00,
    0x00, 0x00, 0x08, 0xff, 0xff, 0xff, 0xff, 0xff,
    0xff, 0xff, 0xff, 0xff, 0xff, 0x00, 0x00, 0x00,
    0x00, 0x00, 0x00, 0x00, 0x18, 0xef, 0xff, 0xff,
    0xff, 0xff, 0xff, 0xfa, 0xff, 0xff, 0x00, 0x00,
    0x00, 0x00, 0x00, 0x00, 0x00, 0x00, 0x04, 0x8b,
    0xdf, 0xff, 0xed, 0xa6, 0x10, 0xff, 0xff, 0x00,
    0x00,

    /* U+0917 "ग" */
    0xff, 0xff, 0xff, 0xff, 0xff, 0xff, 0xff, 0xff,
    0xff, 0xff, 0xff, 0xfb, 0xff, 0xff, 0xff, 0xff,
    0xff, 0xff, 0xff, 0xff, 0xff, 0xff, 0xff, 0xfb,
    0xff, 0xff, 0xff, 0xff, 0xff, 0xff, 0xff, 0xff,
    0xff, 0xff, 0xff, 0xfb, 0x55, 0x55, 0x6f, 0xff,
    0xe5, 0x55, 0x55, 0x57, 0xff, 0xfd, 0x55, 0x53,
    0x00, 0x00, 0x1f, 0xff, 0xd0, 0x00, 0x00, 0x03,
    0xff, 0xfb, 0x00, 0x00, 0x00, 0x00, 0x1f, 0xff,
    0xd0, 0x00, 0x00, 0x03, 0xff, 0xfb, 0x00, 0x00,
    0x00, 0x00, 0x1f, 0xff, 0xd0, 0x00, 0x00, 0x03,
    0xff, 0xfb, 0x00, 0x00, 0x00, 0x00, 0x1f, 0xff,
    0xd0, 0x00, 0x00, 0x03, 0xff, 0xfb, 0x00, 0x00,
    0x00, 0x00, 0x1f, 0xff, 0xd0, 0x00, 0x00, 0x03,
    0xff, 0xfb, 0x00, 0x00, 0x00, 0x00, 0x1f, 0xff,
    0xd0, 0x00, 0x00, 0x03, 0xff, 0xfb, 0x00, 0x00,
    0x00, 0x26, 0x8f, 0xff, 0xd0, 0x00, 0x00, 0x03,
    0xff, 0xfb, 0x00, 0x00, 0x02, 0xff, 0xff, 0xff,
    0xd0, 0x00, 0x00, 0x03, 0xff, 0xfb, 0x00, 0x00,
    0x07, 0xff, 0xff, 0xff, 0xd0, 0x00, 0x00, 0x03,
    0xff, 0xfb, 0x00, 0x00, 0x06, 0xff, 0xff, 0xff,
    0xd0, 0x00, 0x00, 0x03, 0xff, 0xfb, 0x00, 0x00,
    0x01, 0xff, 0xff, 0xff, 0xd0, 0x00, 0x00, 0x03,
    0xff, 0xfb, 0x00, 0x00, 0x00, 0x6f, 0xff, 0xff,
    0xd0, 0x00, 0x00, 0x03, 0xff, 0xfb, 0x00, 0x00,
    0x00, 0x09, 0xff, 0xff, 0xb0, 0x00, 0x00, 0x03,
    0xff, 0xfb, 0x00, 0x00, 0x00, 0x00, 0x6f, 0xff,
    0x40, 0x00, 0x00, 0x03, 0xff, 0xfb, 0x00, 0x00,
    0x00, 0x00, 0x00, 0x31, 0x00, 0x00, 0x00, 0x03,
    0xff, 0xfb, 0x00, 0x00, 0x00, 0x00, 0x00, 0x00,
    0x00, 0x00, 0x00, 0x03, 0xff, 0xfb, 0x00, 0x00,
    0x00, 0x00, 0x00, 0x00, 0x00, 0x00, 0x00, 0x03,
    0xff, 0xfb, 0x00, 0x00, 0x00, 0x00, 0x00, 0x00,
    0x00, 0x00, 0x00, 0x03, 0xff, 0xfb, 0x00, 0x00,
    0x00, 0x00, 0x00, 0x00, 0x00, 0x00, 0x00, 0x03,
    0xff, 0xfb, 0x00, 0x00, 0x00, 0x00, 0x00, 0x00,
    0x00, 0x00, 0x00, 0x03, 0xff, 0xfb, 0x00, 0x00,
    0x00, 0x00, 0x00, 0x00, 0x00, 0x00, 0x00, 0x03,
    0xff, 0xfb, 0x00, 0x00,

    /* U+0918 "घ" */
    0xff, 0xff, 0xff, 0xff, 0xff, 0xff, 0xff, 0xff,
    0xff, 0xff, 0xff, 0xff, 0xef, 0xff, 0xff, 0xff,
    0xff, 0xff, 0xff, 0xff, 0xff, 0xff, 0xff, 0xff,
    0xfe, 0xff, 0xff, 0xff, 0xff, 0xff, 0xff, 0xff,
    0xff, 0xff, 0xff, 0xff, 0xff, 0xe5, 0x5b, 0xff,
    0xfc, 0x55, 0x55, 0x55, 0x55, 0x55, 0xff, 0xfe,
    0x55, 0x54, 0x00, 0xef, 0xff, 0x10, 0x00, 0x00,
    0x00, 0x00, 0x0f, 0xff, 0xe0, 0x00, 0x00, 0x0f,
    0xff, 0xd0, 0x00, 0x00, 0x00, 0x00, 0x00, 0xff,
    0xfe, 0x00, 0x00, 0x00, 0xff, 0xff, 0x00, 0x00,
    0x00, 0x00, 0x00, 0x0f, 0xff, 0xe0, 0x00, 0x00,
    0x0c, 0xff, 0xf7, 0x00, 0x12, 0x20, 0x00, 0x00,
    0xff, 0xfe, 0x00, 0x00, 0x00, 0x3f, 0xff, 0xfd,
    0xff, 0xff, 0xc0, 0x00, 0x0f, 0xff, 0xe0, 0x00,
    0x00, 0x00, 0x4f, 0xff, 0xff, 0xff, 0xfb, 0x00,
    0x00, 0xff, 0xfe, 0x00, 0x00, 0x00, 0x00, 0xdf,
    0xff, 0xff, 0xff, 0xa0, 0x00, 0x0f, 0xff, 0xe0,
    0x00, 0x00, 0x00, 0x8f, 0xff, 0xf9, 0x42, 0x23,
    0x00, 0x00, 0xff, 0xfe, 0x00, 0x00, 0x00, 0x0e,
    0xff, 0xf5, 0x00, 0x00, 0x00, 0x00, 0x0f, 0xff,
    0xe0, 0x00, 0x00, 0x02, 0xff, 0xfd, 0x00, 0x00,
    0x00, 0x00, 0x00, 0xff, 0xfe, 0x00, 0x00, 0x00,
    0x3f, 0xff, 0xb0, 0x00, 0x00, 0x00, 0x00, 0x0f,
    0xff, 0xe0, 0x00, 0x00, 0x02, 0xff, 0xfd, 0x00,
    0x00, 0x00, 0x00, 0x08, 0xff, 0xfe, 0x00, 0x00,
    0x00, 0x0e, 0xff, 0xf6, 0x00, 0x00, 0x00, 0x1a,
    0xff, 0xff, 0xe0, 0x00, 0x00, 0x00, 0x7f, 0xff,
    0xfa, 0x53, 0x35, 0x9f, 0xff, 0xff, 0xfe, 0x00,
    0x00, 0x00, 0x00, 0xbf, 0xff, 0xff, 0xff, 0xff,
    0xff, 0xff, 0xff, 0xe0, 0x00, 0x00, 0x00, 0x00,
    0xaf, 0xff, 0xff, 0xff, 0xff, 0xfb, 0xff, 0xfe,
    0x00, 0x00, 0x00, 0x00, 0x00, 0x3a, 0xef, 0xff,
    0xfe, 0x93, 0x0f, 0xff, 0xe0, 0x00, 0x00, 0x00,
    0x00, 0x00, 0x00, 0x12, 0x21, 0x00, 0x00, 0xff,
    0xfe, 0x00, 0x00, 0x00, 0x00, 0x00, 0x00, 0x00,
    0x00, 0x00, 0x00, 0x0f, 0xff, 0xe0, 0x00, 0x00,
    0x00, 0x00, 0x00, 0x00, 0x00, 0x00, 0x00, 0x00,
    0xff, 0xfe, 0x00, 0x00, 0x00, 0x00, 0x00, 0x00,
    0x00, 0x00, 0x00, 0x00, 0x0f, 0xff, 0xe0, 0x00,
    0x00,

    /* U+091A "च" */
    0xff, 0xff, 0xff, 0xff, 0xff, 0xff, 0xff, 0xff,
    0xff, 0xff, 0xff, 0xff, 0xff, 0xaf, 0xff, 0xff,
    0xff, 0xff, 0xff, 0xff, 0xff, 0xff, 0xff, 0xff,
    0xff, 0xff, 0xfa, 0xff, 0xff, 0xff, 0xff, 0xff,
    0xff, 0xff, 0xff, 0xff, 0xff, 0xff, 0xff, 0xff,
    0xa5, 0x55, 0x55, 0x55, 0x55, 0x55, 0x55, 0x55,
    0x55, 0x58, 0xff, 0xfc, 0x55, 0x53, 0x00, 0x00,
    0x00, 0x00, 0x00, 0x00, 0x00, 0x00, 0x00, 0x4f,
    0xff, 0xa0, 0x00, 0x00, 0x00, 0x00, 0x00, 0x00,
    0x00, 0x00, 0x00, 0x00, 0x04, 0xff, 0xfa, 0x00,
    0x00, 0x01, 0x22, 0x22, 0x22, 0x22, 0x22, 0x22,
    0x21, 0x00, 0x4f, 0xff, 0xa0, 0x00, 0x00, 0x8f,
    0xff, 0xff, 0xff, 0xff, 0xff, 0xff, 0xc0, 0x04,
    0xff, 0xfa, 0x00, 0x00, 0x08, 0xff, 0xff, 0xff,
    0xff, 0xff, 0xff, 0xfa, 0x00, 0x4f, 0xff, 0xa0,
    0x00, 0x00, 0x8f, 0xff, 0xff, 0xff, 0xff, 0xff,
    0xff, 0x90, 0x04, 0xff, 0xfa, 0x00, 0x00, 0x01,
    0x22, 0x22, 0x5f, 0xff, 0xfa, 0x52, 0x21, 0x00,
    0x4f, 0xff, 0xa0, 0x00, 0x00, 0x00, 0x00, 0x0d,
    0xff, 0xf4, 0x00, 0x00, 0x00, 0x04, 0xff, 0xfa,
    0x00, 0x00, 0x00, 0x00, 0x04, 0xff, 0xfa, 0x00,
    0x00, 0x00, 0x00, 0x4f, 0xff, 0xa0, 0x00, 0x00,
    0x00, 0x00, 0x8f, 0xff, 0x50, 0x00, 0x00, 0x00,
    0x04, 0xff, 0xfa, 0x00, 0x00, 0x00, 0x00, 0x09,
    0xff, 0xf5, 0x00, 0x00, 0x00, 0x00, 0x5f, 0xff,
    0xa0, 0x00, 0x00, 0x00, 0x00, 0x8f, 0xff, 0x80,
    0x00, 0x00, 0x00, 0x1d, 0xff, 0xfa, 0x00, 0x00,
    0x00, 0x00, 0x04, 0xff, 0xfe, 0x20, 0x00, 0x00,
    0x3e, 0xff, 0xff, 0xa0, 0x00, 0x00, 0x00, 0x00,
    0x0e, 0xff, 0xfe, 0x73, 0x35, 0xaf, 0xff, 0xff,
    0xfa, 0x00, 0x00, 0x00, 0x00, 0x00, 0x4f, 0xff,
    0xff, 0xff, 0xff, 0xff, 0xff, 0xff, 0xa0, 0x00,
    0x00, 0x00, 0x00, 0x00, 0x5f, 0xff, 0xff, 0xff,
    0xff, 0xfb, 0xff, 0xfa, 0x00, 0x00, 0x00, 0x00,
    0x00, 0x00, 0x18, 0xdf, 0xff, 0xfe, 0x82, 0x4f,
    0xff, 0xa0, 0x00, 0x00, 0x00, 0x00, 0x00, 0x00,
    0x00, 0x12, 0x21, 0x00, 0x04, 0xff, 0xfa, 0x00,
    0x00, 0x00, 0x00, 0x00, 0x00, 0x00, 0x00, 0x00,
    0x00, 0x00, 0x4f, 0xff, 0xa0, 0x00, 0x00, 0x00,
    0x00, 0x00, 0x00, 0x00, 0x00, 0x00, 0x00, 0x04,
    0xff, 0xfa, 0x00, 0x00, 0x00, 0x00, 0x00, 0x00,
    0x00, 0x00, 0x00, 0x00, 0x00, 0x4f, 0xff, 0xa0,
    0x00, 0x00,

    /* U+091C "ज" */
    0xff, 0xff, 0xff, 0xff, 0xff, 0xff, 0xff, 0xff,
    0xff, 0xff, 0xff, 0xff, 0xff, 0xff, 0xff, 0xcf,
    0xff, 0xff, 0xff, 0xff, 0xff, 0xff, 0xff, 0xff,
    0xff, 0xff, 0xff, 0xff, 0xff, 0xff, 0xfc, 0xff,
    0xff, 0xff, 0xff, 0xff, 0xff, 0xff, 0xff, 0xff,
    0xff, 0xff, 0xff, 0xff, 0xff, 0xff, 0xc5, 0x55,
    0x55, 0x55, 0x55, 0x55, 0x55, 0x55, 0x55, 0x55,
    0x55, 0x56, 0xff, 0xfd, 0x55, 0x54, 0x00, 0x00,
    0x00, 0x00, 0x00, 0x00, 0x00, 0x00, 0x00, 0x00,
    0x00, 0x2f, 0xff, 0xc0, 0x00, 0x00, 0x00, 0x00,
    0x00, 0x00, 0x00, 0x00, 0x00, 0x00, 0x00, 0x00,
    0x02, 0xff, 0xfc, 0x00, 0x00, 0x00, 0x00, 0x00,
    0x00, 0x00, 0x00, 0x00, 0x00, 0x00, 0x00, 0x00,
    0x2f, 0xff, 0xc0, 0x00, 0x00, 0x00, 0x00, 0x00,
    0x00, 0x00, 0x01, 0x22, 0x22, 0x22, 0x22, 0x24,
    0xff, 0xfc, 0x00, 0x00, 0x00, 0x6b, 0xa0, 0x00,
    0x00, 0x04, 0xff, 0xff, 0xff, 0xff, 0xff, 0xff,
    0xff, 0xc0, 0x00, 0x00, 0xcf, 0xff, 0x00, 0x00,
    0x00, 0xdf, 0xff, 0xff, 0xff, 0xff, 0xff, 0xff,
    0xfc, 0x00, 0x00, 0x06, 0xff, 0xf6, 0x00, 0x00,
    0x0b, 0xff, 0xff, 0xff, 0xff, 0xff, 0xff, 0xff,
    0xc0, 0x00, 0x00, 0x1f, 0xff, 0xc0, 0x00, 0x00,
    0x08, 0xff, 0xfb, 0x22, 0x22, 0x24, 0xff, 0xfc,
    0x00, 0x00, 0x00, 0xaf, 0xff, 0x30, 0x00, 0x00,
    0x09, 0xff, 0xf6, 0x00, 0x00, 0x2f, 0xff, 0xc0,
    0x00, 0x00, 0x03, 0xff, 0xfa, 0x00, 0x00, 0x00,
    0x0d, 0xff, 0xf1, 0x00, 0x02, 0xff, 0xfc, 0x00,
    0x00, 0x00, 0x0b, 0xff, 0xf2, 0x00, 0x00, 0x00,
    0x6f, 0xff, 0x60, 0x00, 0x2f, 0xff, 0xc0, 0x00,
    0x00, 0x00, 0x3f, 0xff, 0xb0, 0x00, 0x00, 0x03,
    0xff, 0xf9, 0x00, 0x02, 0xff, 0xfc, 0x00, 0x00,
    0x00, 0x00, 0xaf, 0xff, 0x70, 0x00, 0x00, 0x3f,
    0xff, 0xa0, 0x00, 0x2f, 0xff, 0xc0, 0x00, 0x00,
    0x00, 0x01, 0xef, 0xff, 0x50, 0x00, 0x07, 0xff,
    0xf9, 0x00, 0x02, 0xff, 0xfc, 0x00, 0x00, 0x00,
    0x00, 0x04, 0xff, 0xff, 0xa4, 0x37, 0xff, 0xff,
    0x50, 0x00, 0x2f, 0xff, 0xc0, 0x00, 0x00, 0x00,
    0x00, 0x06, 0xff, 0xff, 0xff, 0xff, 0xff, 0xe0,
    0x00, 0x02, 0xff, 0xfc, 0x00, 0x00, 0x00, 0x00,
    0x00, 0x05, 0xff, 0xff, 0xff, 0xff, 0xe3, 0x00,
    0x00, 0x2f, 0xff, 0xc0, 0x00, 0x00, 0x00, 0x00,
    0x00, 0x01, 0x9e, 0xff, 0xff, 0x91, 0x00, 0x00,
    0x02, 0xff, 0xfc, 0x00, 0x00, 0x00, 0x00, 0x00,
    0x00, 0x00, 0x01, 0x32, 0x00, 0x00, 0x00, 0x00,
    0x2f, 0xff, 0xc0, 0x00, 0x00, 0x00, 0x00, 0x00,
    0x00, 0x00, 0x00, 0x00, 0x00, 0x00, 0x00, 0x02,
    0xff, 0xfc, 0x00, 0x00, 0x00, 0x00, 0x00, 0x00,
    0x00, 0x00, 0x00, 0x00, 0x00, 0x00, 0x00, 0x2f,
    0xff, 0xc0, 0x00, 0x00,

    /* U+091F "ट" */
    0xff, 0xff, 0xff, 0xff, 0xff, 0xff, 0xff, 0xff,
    0xff, 0xff, 0xf2, 0xff, 0xff, 0xff, 0xff, 0xff,
    0xff, 0xff, 0xff, 0xff, 0xff, 0xf2, 0xff, 0xff,
    0xff, 0xff, 0xff, 0xff, 0xff, 0xff, 0xff, 0xff,
    0xf2, 0x55, 0x55, 0x55, 0x55, 0x55, 0x55, 0xaf,
    0xff, 0x95, 0x55, 0x50, 0x00, 0x00, 0x00, 0x00,
    0x00, 0x00, 0x7f, 0xff, 0x70, 0x00, 0x00, 0x00,
    0x00, 0x00, 0x00, 0x00, 0x00, 0x7f, 0xff, 0x70,
    0x00, 0x00, 0x00, 0x00, 0x00, 0x00, 0x00, 0x00,
    0x7f, 0xff, 0x70, 0x00, 0x00, 0x00, 0x00, 0x00,
    0x00, 0x00, 0x01, 0x8f, 0xff, 0x70, 0x00, 0x00,
    0x00, 0x00, 0x00, 0x28, 0xcf, 0xff, 0xff, 0xff,
    0x70, 0x00, 0x00, 0x00, 0x00, 0x2b, 0xff, 0xff,
    0xff, 0xff, 0xff, 0x70, 0x00, 0x00, 0x00, 0x03,
    0xef, 0xff, 0xff, 0xff, 0xff, 0xff, 0x70, 0x00,
    0x00, 0x00, 0x1e, 0xff, 0xff, 0xd7, 0x42, 0x22,
    0x22, 0x00, 0x00, 0x00, 0x00, 0x8f, 0xff, 0xf5,
    0x00, 0x00, 0x00, 0x00, 0x00, 0x00, 0x00, 0x00,
    0xef, 0xff, 0x50, 0x00, 0x00, 0x00, 0x00, 0x00,
    0x00, 0x00, 0x02, 0xff, 0xfd, 0x00, 0x00, 0x00,
    0x00, 0x00, 0x00, 0x00, 0x00, 0x04, 0xff, 0xfa,
    0x00, 0x00, 0x00, 0x00, 0x00, 0x00, 0x00, 0x00,
    0x04, 0xff, 0xf9, 0x00, 0x00, 0x00, 0x00, 0x00,
    0x00, 0x00, 0x00, 0x03, 0xff, 0xfb, 0x00, 0x00,
    0x00, 0x00, 0x00, 0x00, 0x00, 0x00, 0x00, 0xff,
    0xff, 0x10, 0x00, 0x00, 0x00, 0x00, 0x00, 0x00,
    0x00, 0x00, 0xbf, 0xff, 0xa0, 0x00, 0x00, 0x00,
    0x00, 0x06, 0x60, 0x00, 0x00, 0x4f, 0xff, 0xfb,
    0x20, 0x00, 0x00, 0x05, 0xdf, 0xe0, 0x00, 0x00,
    0x09, 0xff, 0xff, 0xfc, 0x98, 0x8b, 0xef, 0xff,
    0xf8, 0x00, 0x00, 0x00, 0xaf, 0xff, 0xff, 0xff,
    0xff, 0xff, 0xff, 0xf6, 0x00, 0x00, 0x00, 0x06,
    0xef, 0xff, 0xff, 0xff, 0xff, 0xfa, 0x20, 0x00,
    0x00, 0x00, 0x00, 0x06, 0xad, 0xff, 0xfe, 0xb7,
    0x20, 0x00, 0x00,

    /* U+0920 "ठ" */
    0xff, 0xff, 0xff, 0xff, 0xff, 0xff, 0xff, 0xff,
    0xff, 0xff, 0xff, 0xff, 0x4f, 0xff, 0xff, 0xff,
    0xff, 0xff, 0xff, 0xff, 0xff, 0xff, 0xff, 0xff,
    0xf4, 0xff, 0xff, 0xff, 0xff, 0xff, 0xff, 0xff,
    0xff, 0xff, 0xff, 0xff, 0xff, 0x45, 0x55, 0x55,
    0x55, 0x55, 0x55, 0x7f, 0xff, 0xc5, 0x55, 0x55,
    0x55, 0x51, 0x00, 0x00, 0x00, 0x00, 0x00, 0x03,
    0xff, 0xfb, 0x00, 0x00, 0x00, 0x00, 0x00, 0x00,
    0x00, 0x00, 0x00, 0x00, 0x3f, 0xff, 0xb0, 0x00,
    0x00, 0x00, 0x00, 0x00, 0x00, 0x00, 0x00, 0x00,
    0x03, 0xff, 0xfb, 0x00, 0x00, 0x00, 0x00, 0x00,
    0x00, 0x00, 0x00, 0x00, 0x01, 0x5f, 0xff, 0xb0,
    0x00, 0x00, 0x00, 0x00, 0x00, 0x00, 0x00, 0x17,
    0xbf, 0xff, 0xff, 0xfe, 0x50, 0x00, 0x00, 0x00,
    0x00, 0x00, 0x00, 0x9f, 0xff, 0xff, 0xff, 0xff,
    0xff, 0xc2, 0x00, 0x00, 0x00, 0x00, 0x01, 0xdf,
    0xff, 0xff, 0xff, 0xff, 0xff, 0xff, 0xe3, 0x00,
    0x00, 0x00, 0x00, 0xcf, 0xff, 0xfe, 0x95, 0x32,
    0x24, 0xdf, 0xff, 0xf2, 0x00, 0x00, 0x00, 0x7f,
    0xff, 0xf8, 0x00, 0x00, 0x00, 0x00, 0xcf, 0xff,
    0xc0, 0x00, 0x00, 0x0e, 0xff, 0xf7, 0x00, 0x00,
    0x00, 0x00, 0x01, 0xef, 0xff, 0x50, 0x00, 0x02,
    0xff, 0xfe, 0x00, 0x00, 0x00, 0x00, 0x00, 0x06,
    0xff, 0xfb, 0x00, 0x00, 0x4f, 0xff, 0xa0, 0x00,
    0x00, 0x00, 0x00, 0x00, 0x1f, 0xff, 0xe0, 0x00,
    0x04, 0xff, 0xf9, 0x00, 0x00, 0x00, 0x00, 0x00,
    0x00, 0xff, 0xff, 0x00, 0x00, 0x3f, 0xff, 0xb0,
    0x00, 0x00, 0x00, 0x00, 0x00, 0x0f, 0xff, 0xf0,
    0x00, 0x00, 0xff, 0xff, 0x00, 0x00, 0x00, 0x00,
    0x00, 0x03, 0xff, 0xfe, 0x00, 0x00, 0x0b, 0xff,
    0xf9, 0x00, 0x00, 0x00, 0x00, 0x00, 0xbf, 0xff,
    0xb0, 0x00, 0x00, 0x4f, 0xff, 0xfa, 0x10, 0x00,
    0x00, 0x01, 0xaf, 0xff, 0xf5, 0x00, 0x00, 0x00,
    0x9f, 0xff, 0xff, 0xa7, 0x66, 0x8b, 0xff, 0xff,
    0xfb, 0x00, 0x00, 0x00, 0x00, 0xaf, 0xff, 0xff,
    0xff, 0xff, 0xff, 0xff, 0xfc, 0x10, 0x00, 0x00,
    0x00, 0x00, 0x5e, 0xff, 0xff, 0xff, 0xff, 0xff,
    0xf8, 0x00, 0x00, 0x00, 0x00, 0x00, 0x00, 0x04,
    0x9c, 0xef, 0xfe, 0xda, 0x50, 0x00, 0x00, 0x00,
    0x00,

    /* U+0921 "ड" */
    0x6f, 0xff, 0xff, 0xff, 0xff, 0xff, 0xff, 0xff,
    0xff, 0xff, 0xff, 0xf3, 0x6f, 0xff, 0xff, 0xff,
    0xff, 0xff, 0xff, 0xff, 0xff, 0xff, 0xff, 0xf3,
    0x6f, 0xff, 0xff, 0xff, 0xff, 0xff, 0xff, 0xff,
    0xff, 0xff, 0xff, 0xf3, 0x25, 0x55, 0x55, 0x55,
    0x55, 0x55, 0x55, 0x5b, 0xff, 0xf9, 0x55, 0x51,
    0x00, 0x00, 0x00, 0x00, 0x00, 0x00, 0x00, 0x09,
    0xff, 0xf5, 0x00, 0x00, 0x00, 0x00, 0x00, 0x00,
    0x00, 0x00, 0x00, 0x09, 0xff, 0xf5, 0x00, 0x00,
    0x00, 0x00, 0x00, 0x00, 0x00, 0x00, 0x00, 0x09,
    0xff, 0xf5, 0x00, 0x00, 0x00, 0x00, 0x00, 0x29,
    0xdf, 0xff, 0xff, 0xff, 0xff, 0xf5, 0x00, 0x00,
    0x00, 0x00, 0x04, 0xff, 0xff, 0xff, 0xff, 0xff,
    0xff, 0xf5, 0x00, 0x00, 0x00, 0x00, 0x0e, 0xff,
    0xff, 0xff, 0xff, 0xff, 0xff, 0xf5, 0x00, 0x00,
    0x00, 0x00, 0x4f, 0xff, 0xe5, 0x10, 0x00, 0x00,
    0x00, 0x00, 0x00, 0x00, 0x00, 0x00, 0x5f, 0xff,
    0x90, 0x00, 0x00, 0x00, 0x00, 0x00, 0x00, 0x00,
    0x00, 0x00, 0x3f, 0xff, 0xb0, 0x00, 0x00, 0x10,
    0x00, 0x00, 0x00, 0x00, 0x00, 0x00, 0x0d, 0xff,
    0xf8, 0x6b, 0xef, 0xff, 0xe9, 0x20, 0x00, 0x00,
    0x00, 0x00, 0x04, 0xff, 0xff, 0xff, 0xff, 0xff,
    0xff, 0xf7, 0x00, 0x00, 0x00, 0x00, 0x00, 0x4f,
    0xff, 0xff, 0xff, 0xff, 0xff, 0xff, 0x40, 0x00,
    0x00, 0x00, 0x00, 0x02, 0xcf, 0xa5, 0x21, 0x25,
    0xdf, 0xff, 0xc0, 0x00, 0x00, 0x04, 0x10, 0x00,
    0x01, 0x00, 0x00, 0x00, 0x2f, 0xff, 0xf0, 0x00,
    0x00, 0x1e, 0xe2, 0x00, 0x00, 0x00, 0x00, 0x00,
    0x0d, 0xff, 0xf1, 0x00, 0x00, 0xaf, 0xff, 0x60,
    0x00, 0x00, 0x00, 0x00, 0x0f, 0xff, 0xf1, 0x00,
    0x01, 0xff, 0xff, 0xfc, 0x40, 0x00, 0x00, 0x00,
    0x8f, 0xff, 0xd0, 0x00, 0x00, 0x2d, 0xff, 0xff,
    0xfe, 0xa7, 0x66, 0x8d, 0xff, 0xff, 0x70, 0x00,
    0x00, 0x00, 0x8f, 0xff, 0xff, 0xff, 0xff, 0xff,
    0xff, 0xfc, 0x00, 0x00, 0x00, 0x00, 0x02, 0x9f,
    0xff, 0xff, 0xff, 0xff, 0xff, 0xa1, 0x00, 0x00,
    0x00, 0x00, 0x00, 0x01, 0x6a, 0xdf, 0xff, 0xec,
    0x93, 0x00, 0x00, 0x00,

    /* U+0923 "ण" */
    0xff, 0xff, 0xff, 0xff, 0xff, 0xff, 0xff, 0xff,
    0xff, 0xff, 0xff, 0xff, 0xff, 0xff, 0xff, 0x7f,
    0xff, 0xff, 0xff, 0xff, 0xff, 0xff, 0xff, 0xff,
    0xff, 0xff, 0xff, 0xff, 0xff, 0xff, 0xf7, 0xff,
    0xff, 0xff, 0xff, 0xff, 0xff, 0xff, 0xff, 0xff,
    0xff, 0xff, 0xff, 0xff, 0xff, 0xff, 0x75, 0x55,
    0xff, 0xff, 0x55, 0x55, 0x55, 0x9f, 0xff, 0xa5,
    0x55, 0x5a, 0xff, 0xf9, 0x55, 0x52, 0x00, 0x0f,
    0xff, 0xf0, 0x00, 0x00, 0x07, 0xff, 0xf7, 0x00,
    0x00, 0x7f, 0xff, 0x70, 0x00, 0x00, 0x00, 0xff,
    0xff, 0x00, 0x00, 0x00, 0x7f, 0xff, 0x70, 0x00,
    0x07, 0xff, 0xf7, 0x00, 0x00, 0x00, 0x0f, 0xff,
    0xf0, 0x00, 0x00, 0x07, 0xff, 0xf7, 0x00, 0x00,
    0x7f, 0xff, 0x70, 0x00, 0x00, 0x00, 0xff, 0xff,
    0x00, 0x00, 0x00, 0x7f, 0xff, 0x70, 0x00, 0x07,
    0xff, 0xf7, 0x00, 0x00, 0x00, 0x0f, 0xff, 0xf0,
    0x00, 0x00, 0x07, 0xff, 0xf7, 0x00, 0x00, 0x7f,
    0xff, 0x70, 0x00, 0x00, 0x00, 0xff, 0xff, 0x00,
    0x00, 0x00, 0x7f, 0xff, 0x70, 0x00, 0x07, 0xff,
    0xf7, 0x00, 0x00, 0x00, 0x0f, 0xff, 0xf0, 0x00,
    0x00, 0x07, 0xff, 0xf7, 0x00, 0x00, 0x7f, 0xff,
    0x70, 0x00, 0x00, 0x00, 0xff, 0xff, 0x00, 0x00,
    0x00, 0x7f, 0xff, 0x70, 0x00, 0x07, 0xff, 0xf7,
    0x00, 0x00, 0x00, 0x0e, 0xff, 0xf0, 0x00, 0x00,
    0x07, 0xff, 0xf7, 0x00, 0x00, 0x7f, 0xff, 0x70,
    0x00, 0x00, 0x00, 0xcf, 0xff, 0x30, 0x00, 0x00,
    0xaf, 0xff, 0x60, 0x00, 0x07, 0xff, 0xf7, 0x00,
    0x00, 0x00, 0x09, 0xff, 0xf9, 0x00, 0x00, 0x1f,
    0xff, 0xf3, 0x00, 0x00, 0x7f, 0xff, 0x70, 0x00,
    0x00, 0x00, 0x3f, 0xff, 0xf9, 0x33, 0x5d, 0xff,
    0xfe, 0x00, 0x00, 0x07, 0xff, 0xf7, 0x00, 0x00,
    0x00, 0x00, 0xbf, 0xff, 0xff, 0xff, 0xff, 0xff,
    0x60, 0x00, 0x00, 0x7f, 0xff, 0x70, 0x00, 0x00,
    0x00, 0x00, 0xbf, 0xff, 0xff, 0xff, 0xff, 0x80,
    0x00, 0x00, 0x07, 0xff, 0xf7, 0x00, 0x00, 0x00,
    0x00, 0x00, 0x5c, 0xff, 0xff, 0xfb, 0x40, 0x00,
    0x00, 0x00, 0x7f, 0xff, 0x70, 0x00, 0x00, 0x00,
    0x00, 0x00, 0x00, 0x22, 0x10, 0x00, 0x00, 0x00,
    0x00, 0x07, 0xff, 0xf7, 0x00, 0x00, 0x00, 0x00,
    0x00, 0x00, 0x00, 0x00, 0x00, 0x00, 0x00, 0x00,
    0x00, 0x7f, 0xff, 0x70, 0x00, 0x00, 0x00, 0x00,
    0x00, 0x00, 0x00, 0x00, 0x00, 0x00, 0x00, 0x00,
    0x07, 0xff, 0xf7, 0x00, 0x00, 0x00, 0x00, 0x00,
    0x00, 0x00, 0x00, 0x00, 0x00, 0x00, 0x00, 0x00,
    0x7f, 0xff, 0x70, 0x00, 0x00, 0x00, 0x00, 0x00,
    0x00, 0x00, 0x00, 0x00, 0x00, 0x00, 0x00, 0x07,
    0xff, 0xf7, 0x00, 0x00, 0x00, 0x00, 0x00, 0x00,
    0x00, 0x00, 0x00, 0x00, 0x00, 0x00, 0x00, 0x7f,
    0xff, 0x70, 0x00, 0x00,

    /* U+0924 "त" */
    0xff, 0xff, 0xff, 0xff, 0xff, 0xff, 0xff, 0xff,
    0xff, 0xff, 0xff, 0xff, 0xff, 0xff, 0xff, 0xff,
    0xff, 0xff, 0xff, 0xff, 0xff, 0xff, 0xff, 0xff,
    0xff, 0xff, 0xff, 0xff, 0xff, 0xff, 0xff, 0xff,
    0xff, 0xff, 0xff, 0xff, 0x55, 0x55, 0x55, 0x55,
    0x55, 0x55, 0x55, 0x55, 0xff, 0xff, 0x55, 0x55,
    0x00, 0x00, 0x00, 0x00, 0x00, 0x00, 0x00, 0x00,
    0xff, 0xff, 0x00, 0x00, 0x00, 0x00, 0x00, 0x00,
    0x00, 0x00, 0x00, 0x00, 0xff, 0xff, 0x00, 0x00,
    0x00, 0x00, 0x00, 0x00, 0x00, 0x00, 0x00, 0x00,
    0xff, 0xff, 0x00, 0x00, 0x00, 0x00, 0x00, 0x00,
    0x00, 0x00, 0x00, 0x00, 0xff, 0xff, 0x00, 0x00,
    0x00, 0x00, 0x00, 0x00, 0x12, 0x22, 0x22, 0x22,
    0xff, 0xff, 0x00, 0x00, 0x00, 0x00, 0x06, 0xbf,
    0xff, 0xff, 0xff, 0xff, 0xff, 0xff, 0x00, 0x00,
    0x00, 0x03, 0xef, 0xff, 0xff, 0xff, 0xff, 0xff,
    0xff, 0xff, 0x00, 0x00, 0x00, 0x3f, 0xff, 0xff,
    0xff, 0xff, 0xff, 0xff, 0xff, 0xff, 0x00, 0x00,
    0x00, 0xcf, 0xff, 0xfb, 0x63, 0x22, 0x22, 0x22,
    0xff, 0xff, 0x00, 0x00, 0x01, 0xff, 0xff, 0x60,
    0x00, 0x00, 0x00, 0x00, 0xff, 0xff, 0x00, 0x00,
    0x04, 0xff, 0xfd, 0x00, 0x00, 0x00, 0x00, 0x00,
    0xff, 0xff, 0x00, 0x00, 0x04, 0xff, 0xfa, 0x00,
    0x00, 0x00, 0x00, 0x00, 0xff, 0xff, 0x00, 0x00,
    0x03, 0xff, 0xfb, 0x00, 0x00, 0x00, 0x00, 0x00,
    0xff, 0xff, 0x00, 0x00, 0x01, 0xff, 0xfe, 0x00,
    0x00, 0x00, 0x00, 0x00, 0xff, 0xff, 0x00, 0x00,
    0x00, 0xcf, 0xff, 0x40, 0x00, 0x00, 0x00, 0x00,
    0xff, 0xff, 0x00, 0x00, 0x00, 0x5f, 0xff, 0xd0,
    0x00, 0x00, 0x00, 0x00, 0xff, 0xff, 0x00, 0x00,
    0x00, 0x0c, 0xff, 0xfa, 0x00, 0x00, 0x00, 0x00,
    0xff, 0xff, 0x00, 0x00, 0x00, 0x02, 0xff, 0xff,
    0x80, 0x00, 0x00, 0x00, 0xff, 0xff, 0x00, 0x00,
    0x00, 0x00, 0x6f, 0xff, 0xf8, 0x00, 0x00, 0x00,
    0xff, 0xff, 0x00, 0x00, 0x00, 0x00, 0x09, 0xff,
    0xfd, 0x10, 0x00, 0x00, 0xff, 0xff, 0x00, 0x00,
    0x00, 0x00, 0x00, 0xaf, 0xc1, 0x00, 0x00, 0x00,
    0xff, 0xff, 0x00, 0x00, 0x00, 0x00, 0x00, 0x07,
    0x00, 0x00, 0x00, 0x00, 0x00, 0x00, 0x00, 0x00,

    /* U+0925 "थ" */
    0x00, 0x29, 0xdf, 0xfe, 0xa4, 0x00, 0x00, 0xcf,
    0xff, 0xff, 0xff, 0xff, 0xf0, 0x6f, 0xff, 0xff,
    0xff, 0xf9, 0x00, 0x0c, 0xff, 0xff, 0xff, 0xff,
    0xff, 0x2f, 0xff, 0xff, 0xff, 0xff, 0xf8, 0x00,
    0xcf, 0xff, 0xff, 0xff, 0xff, 0xf9, 0xff, 0xfa,
    0x10, 0x6f, 0xff, 0xf1, 0x04, 0x55, 0xff, 0xff,
    0x55, 0x55, 0xbf, 0xff, 0x00, 0x00, 0x8f, 0xff,
    0x60, 0x00, 0x0f, 0xff, 0xf0, 0x00, 0x0b, 0xff,
    0xf0, 0x00, 0x03, 0xff, 0xf9, 0x00, 0x00, 0xff,
    0xff, 0x00, 0x00, 0x7f, 0xff, 0xa0, 0x00, 0x2f,
    0xff, 0xa0, 0x00, 0x0f, 0xff, 0xf0, 0x00, 0x01,
    0xef, 0xff, 0xd1, 0x05, 0xff, 0xf9, 0x00, 0x00,
    0xff, 0xff, 0x00, 0x00, 0x03, 0xef, 0xf9, 0x00,
    0xaf, 0xff, 0x70, 0x00, 0x0f, 0xff, 0xf0, 0x00,
    0x00, 0x01, 0x8c, 0x00, 0x5f, 0xff, 0xf1, 0x00,
    0x00, 0xff, 0xff, 0x00, 0x00, 0x00, 0x00, 0x01,
    0x8f, 0xff, 0xf9, 0x00, 0x00, 0x0f, 0xff, 0xf0,
    0x00, 0x00, 0x01, 0x49, 0xff, 0xff, 0xfc, 0x00,
    0x00, 0x00, 0xff, 0xff, 0x00, 0x00, 0x6d, 0xff,
    0xff, 0xff, 0xfb, 0x00, 0x00, 0x00, 0x0f, 0xff,
    0xf0, 0x00, 0x05, 0xff, 0xff, 0xff, 0xc4, 0x00,
    0x00, 0x00, 0x00, 0xff, 0xff, 0x00, 0x00, 0x0e,
    0xff, 0xfc, 0x20, 0x00, 0x00, 0x00, 0x00, 0x0f,
    0xff, 0xf0, 0x00, 0x00, 0x8f, 0xff, 0xe1, 0x00,
    0x00, 0x00, 0x00, 0x0b, 0xff, 0xff, 0x00, 0x00,
    0x00, 0xef, 0xff, 0xc1, 0x00, 0x00, 0x00, 0x2c,
    0xff, 0xff, 0xf0, 0x00, 0x00, 0x04, 0xff, 0xff,
    0xe8, 0x32, 0x35, 0xaf, 0xff, 0xff, 0xff, 0x00,
    0x00, 0x00, 0x06, 0xff, 0xff, 0xff, 0xff, 0xff,
    0xff, 0xff, 0xff, 0xf0, 0x00, 0x00, 0x00, 0x04,
    0xdf, 0xff, 0xff, 0xff, 0xff, 0xf8, 0xff, 0xff,
    0x00, 0x00, 0x00, 0x00, 0x00, 0x5b, 0xef, 0xff,
    0xfd, 0x82, 0x0f, 0xff, 0xf0, 0x00, 0x00, 0x00,
    0x00, 0x00, 0x00, 0x12, 0x10, 0x00, 0x00, 0xff,
    0xff, 0x00, 0x00, 0x00, 0x00, 0x00, 0x00, 0x00,
    0x00, 0x00, 0x00, 0x0f, 0xff, 0xf0, 0x00, 0x00,
    0x00, 0x00, 0x00, 0x00, 0x00, 0x00, 0x00, 0x00,
    0xff, 0xff, 0x00, 0x00, 0x00, 0x00, 0x00, 0x00,
    0x00, 0x00, 0x00, 0x00, 0x0f, 0xff, 0xf0, 0x00,
    0x00,

    /* U+0926 "द" */
    0xff, 0xff, 0xff, 0xff, 0xff, 0xff, 0xff, 0xff,
    0xff, 0xff, 0xff, 0x0f, 0xff, 0xff, 0xff, 0xff,
    0xff, 0xff, 0xff, 0xff, 0xff, 0xff, 0xf0, 0xff,
    0xff, 0xff, 0xff, 0xff, 0xff, 0xff, 0xff, 0xff,
    0xff, 0xff, 0x05, 0x55, 0x55, 0x55, 0x55, 0x55,
    0x55, 0x5f, 0xff, 0xe5, 0x55, 0x50, 0x00, 0x00,
    0x00, 0x00, 0x00, 0x00, 0x00, 0xff, 0xfe, 0x00,
    0x00, 0x00, 0x00, 0x00, 0x00, 0x00, 0x00, 0x00,
    0x0f, 0xff, 0xe0, 0x00, 0x00, 0x00, 0x00, 0x00,
    0x00, 0x00, 0x11, 0x22, 0xff, 0xfe, 0x00, 0x00,
    0x00, 0x00, 0x00, 0x05, 0xad, 0xff, 0xff, 0xff,
    0xff, 0xe0, 0x00, 0x00, 0x00, 0x00, 0x5e, 0xff,
    0xff, 0xff, 0xff, 0xff, 0xfe, 0x00, 0x00, 0x00,
    0x00, 0x7f, 0xff, 0xff, 0xff, 0xff, 0xff, 0xff,
    0xe0, 0x00, 0x00, 0x00, 0x3f, 0xff, 0xff, 0xb6,
    0x42, 0x22, 0x22, 0x21, 0x00, 0x00, 0x00, 0x0a,
    0xff, 0xfe, 0x30, 0x00, 0x00, 0x00, 0x00, 0x00,
    0x00, 0x00, 0x00, 0xef, 0xff, 0x40, 0x00, 0x00,
    0x00, 0x00, 0x00, 0x00, 0x00, 0x00, 0x0f, 0xff,
    0xf0, 0x00, 0x00, 0x00, 0x00, 0x00, 0x00, 0x00,
    0x00, 0x00, 0xff, 0xfe, 0x00, 0x00, 0x00, 0x00,
    0x37, 0x72, 0x00, 0x00, 0x00, 0x0f, 0xff, 0xf0,
    0x00, 0x00, 0x00, 0x7f, 0xff, 0xf8, 0x00, 0x00,
    0x00, 0xbf, 0xff, 0x70, 0x00, 0x00, 0x0f, 0xff,
    0xff, 0xf5, 0x00, 0x00, 0x05, 0xff, 0xff, 0x60,
    0x00, 0x00, 0xff, 0xff, 0xff, 0x90, 0x00, 0x00,
    0x0c, 0xff, 0xff, 0xd7, 0x43, 0x3f, 0xff, 0xff,
    0xf8, 0x00, 0x00, 0x00, 0x1d, 0xff, 0xff, 0xff,
    0xff, 0xff, 0xff, 0xff, 0x20, 0x00, 0x00, 0x00,
    0x09, 0xff, 0xff, 0xff, 0xff, 0xff, 0xfe, 0x40,
    0x00, 0x00, 0x00, 0x00, 0x02, 0x8c, 0xff, 0xff,
    0xff, 0xff, 0xa0, 0x00, 0x00, 0x00, 0x00, 0x00,
    0x00, 0x00, 0x23, 0x31, 0x9f, 0xff, 0x10, 0x00,
    0x00, 0x00, 0x00, 0x00, 0x00, 0x00, 0x00, 0x04,
    0xff, 0xf9, 0x00, 0x00, 0x00, 0x00, 0x00, 0x00,
    0x00, 0x00, 0x00, 0x0d, 0xff, 0xf2, 0x00, 0x00,
    0x00, 0x00, 0x00, 0x00, 0x00, 0x00, 0x00, 0x7f,
    0xff, 0xb0, 0x00, 0x00, 0x00, 0x00, 0x00, 0x00,
    0x00, 0x00, 0x01, 0xff, 0xc6, 0x00, 0x00, 0x00,
    0x00, 0x00, 0x00, 0x00, 0x00, 0x00, 0x06, 0x30,
    0x00, 0x00,

    /* U+0927 "ध" */
    0x00, 0x02, 0x9d, 0xff, 0xea, 0x30, 0x00, 0x4f,
    0xff, 0xff, 0xff, 0xff, 0xf0, 0x00, 0x6f, 0xff,
    0xff, 0xff, 0xf7, 0x00, 0x4f, 0xff, 0xff, 0xff,
    0xff, 0xf0, 0x03, 0xff, 0xff, 0xff, 0xff, 0xff,
    0x20, 0x4f, 0xff, 0xff, 0xff, 0xff, 0xf0, 0x0b,
    0xff, 0xfa, 0x10, 0x6f, 0xff, 0x80, 0x15, 0x5e,
    0xff, 0xf5, 0x55, 0x50, 0x0f, 0xff, 0xd0, 0x00,
    0x0e, 0xff, 0xa0, 0x00, 0x0e, 0xff, 0xf0, 0x00,
    0x00, 0x0f, 0xff, 0xa0, 0x00, 0x0f, 0xff, 0x80,
    0x00, 0x0e, 0xff, 0xf0, 0x00, 0x00, 0x0f, 0xff,
    0xa0, 0x00, 0x8f, 0xff, 0x40, 0x00, 0x0e, 0xff,
    0xf0, 0x00, 0x00, 0x0c, 0xff, 0xe0, 0x00, 0x17,
    0xea, 0x00, 0x00, 0x0e, 0xff, 0xf0, 0x00, 0x00,
    0x05, 0xff, 0xfa, 0x00, 0x00, 0x00, 0x00, 0x00,
    0x0e, 0xff, 0xf0, 0x00, 0x00, 0x00, 0xbf, 0xff,
    0xb2, 0x02, 0x22, 0x20, 0x00, 0x0e, 0xff, 0xf0,
    0x00, 0x00, 0x00, 0x0b, 0xff, 0xff, 0xff, 0xff,
    0xb0, 0x00, 0x0e, 0xff, 0xf0, 0x00, 0x00, 0x00,
    0x00, 0x9f, 0xff, 0xff, 0xff, 0xa0, 0x00, 0x0e,
    0xff, 0xf0, 0x00, 0x00, 0x00, 0x02, 0xff, 0xff,
    0xff, 0xff, 0x80, 0x00, 0x0e, 0xff, 0xf0, 0x00,
    0x00, 0x00, 0x0a, 0xff, 0xfe, 0x84, 0x22, 0x00,
    0x00, 0x0e, 0xff, 0xf0, 0x00, 0x00, 0x00, 0x0f,
    0xff, 0xf2, 0x00, 0x00, 0x00, 0x00, 0x0e, 0xff,
    0xf0, 0x00, 0x00, 0x00, 0x0f, 0xff, 0xd0, 0x00,
    0x00, 0x00, 0x00, 0x1f, 0xff, 0xf0, 0x00, 0x00,
    0x00, 0x0e, 0xff, 0xf3, 0x00, 0x00, 0x00, 0x04,
    0xef, 0xff, 0xf0, 0x00, 0x00, 0x00, 0x08, 0xff,
    0xff, 0x95, 0x33, 0x47, 0xcf, 0xff, 0xff, 0xf0,
    0x00, 0x00, 0x00, 0x00, 0xdf, 0xff, 0xff, 0xff,
    0xff, 0xff, 0xff, 0xff, 0xf0, 0x00, 0x00, 0x00,
    0x00, 0x1b, 0xff, 0xff, 0xff, 0xff, 0xff, 0xff,
    0xff, 0xf0, 0x00, 0x00, 0x00, 0x00, 0x00, 0x4a,
    0xef, 0xff, 0xff, 0xd8, 0x2e, 0xff, 0xf0, 0x00,
    0x00, 0x00, 0x00, 0x00, 0x00, 0x01, 0x22, 0x10,
    0x00, 0x0e, 0xff, 0xf0, 0x00, 0x00, 0x00, 0x00,
    0x00, 0x00, 0x00, 0x00, 0x00, 0x00, 0x0e, 0xff,
    0xf0, 0x00, 0x00, 0x00, 0x00, 0x00, 0x00, 0x00,
    0x00, 0x00, 0x00, 0x0e, 0xff, 0xf0, 0x00, 0x00,
    0x00, 0x00, 0x00, 0x00, 0x00, 0x00, 0x00, 0x00,
    0x0e, 0xff, 0xf0, 0x00, 0x00,

    /* U+0928 "न" */
    0xff, 0xff, 0xff, 0xff, 0xff, 0xff, 0xff, 0xff,
    0xff, 0xff, 0xff, 0xf7, 0xff, 0xff, 0xff, 0xff,
    0xff, 0xff, 0xff, 0xff, 0xff, 0xff, 0xff, 0xf7,
    0xff, 0xff, 0xff, 0xff, 0xff, 0xff, 0xff, 0xff,
    0xff, 0xff, 0xff, 0xf7, 0x55, 0x55, 0x55, 0x55,
    0x55, 0x55, 0x55, 0x59, 0xff, 0xfa, 0x55, 0x52,
    0x00, 0x00, 0x00, 0x00, 0x00, 0x00, 0x00, 0x07,
    0xff, 0xf7, 0x00, 0x00, 0x00, 0x00, 0x00, 0x00,
    0x00, 0x00, 0x00, 0x07, 0xff, 0xf7, 0x00, 0x00,
    0x00, 0x00, 0x00, 0x00, 0x00, 0x00, 0x00, 0x07,
    0xff, 0xf7, 0x00, 0x00, 0x00, 0x00, 0x00, 0x00,
    0x00, 0x00, 0x00, 0x07, 0xff, 0xf7, 0x00, 0x00,
    0x00, 0x00, 0x00, 0x00, 0x00, 0x00, 0x00, 0x07,
    0xff, 0xf7, 0x00, 0x00, 0x00, 0x02, 0x22, 0x22,
    0x22, 0x22, 0x22, 0x28, 0xff, 0xf7, 0x00, 0x00,
    0x01, 0xdf, 0xff, 0xff, 0xff, 0xff, 0xff, 0xff,
    0xff, 0xf7, 0x00, 0x00, 0x08, 0xff, 0xff, 0xff,
    0xff, 0xff, 0xff, 0xff, 0xff, 0xf7, 0x00, 0x00,
    0x08, 0xff, 0xff, 0xff, 0xff, 0xff, 0xff, 0xff,
    0xff, 0xf7, 0x00, 0x00, 0x04, 0xff, 0xff, 0xff,
    0xc2, 0x22, 0x22, 0x28, 0xff, 0xf7, 0x00, 0x00,
    0x00, 0xcf, 0xff, 0xff, 0xb0, 0x00, 0x00, 0x07,
    0xff, 0xf7, 0x00, 0x00, 0x00, 0x2f, 0xff, 0xff,
    0xa0, 0x00, 0x00, 0x07, 0xff, 0xf7, 0x00, 0x00,
    0x00, 0x03, 0xef, 0xff, 0x60, 0x00, 0x00, 0x07,
    0xff, 0xf7, 0x00, 0x00, 0x00, 0x00, 0x17, 0xa6,
    0x00, 0x00, 0x00, 0x07, 0xff, 0xf7, 0x00, 0x00,
    0x00, 0x00, 0x00, 0x00, 0x00, 0x00, 0x00, 0x07,
    0xff, 0xf7, 0x00, 0x00, 0x00, 0x00, 0x00, 0x00,
    0x00, 0x00, 0x00, 0x07, 0xff, 0xf7, 0x00, 0x00,
    0x00, 0x00, 0x00, 0x00, 0x00, 0x00, 0x00, 0x07,
    0xff, 0xf7, 0x00, 0x00, 0x00, 0x00, 0x00, 0x00,
    0x00, 0x00, 0x00, 0x07, 0xff, 0xf7, 0x00, 0x00,
    0x00, 0x00, 0x00, 0x00, 0x00, 0x00, 0x00, 0x07,
    0xff, 0xf7, 0x00, 0x00, 0x00, 0x00, 0x00, 0x00,
    0x00, 0x00, 0x00, 0x07, 0xff, 0xf7, 0x00, 0x00,
    0x00, 0x00, 0x00, 0x00, 0x00, 0x00, 0x00, 0x07,
    0xff, 0xf7, 0x00, 0x00,

    /* U+092A "प" */
    0xff, 0xff, 0xff, 0xff, 0xff, 0xff, 0xff, 0xff,
    0xff, 0xff, 0xff, 0xfe, 0xff, 0xff, 0xff, 0xff,
    0xff, 0xff, 0xff, 0xff, 0xff, 0xff, 0xff, 0xfe,
    0xff, 0xff, 0xff, 0xff, 0xff, 0xff, 0xff, 0xff,
    0xff, 0xff, 0xff, 0xfe, 0x55, 0x5f, 0xff, 0xf5,
    0x55, 0x55, 0x55, 0x56, 0xff, 0xfe, 0x55, 0x54,
    0x00, 0x0f, 0xff, 0xe0, 0x00, 0x00, 0x00, 0x01,
    0xff, 0xfd, 0x00, 0x00, 0x00, 0x0f, 0xff, 0xe0,
    0x00, 0x00, 0x00, 0x01, 0xff, 0xfd, 0x00, 0x00,
    0x00, 0x0f, 0xff, 0xe0, 0x00, 0x00, 0x00, 0x01,
    0xff, 0xfd, 0x00, 0x00, 0x00, 0x0f, 0xff, 0xe0,
    0x00, 0x00, 0x00, 0x01, 0xff, 0xfd, 0x00, 0x00,
    0x00, 0x0f, 0xff, 0xe0, 0x00, 0x00, 0x00, 0x01,
    0xff, 0xfd, 0x00, 0x00, 0x00, 0x0f, 0xff, 0xe0,
    0x00, 0x00, 0x00, 0x01, 0xff, 0xfd, 0x00, 0x00,
    0x00, 0x0f, 0xff, 0xe0, 0x00, 0x00, 0x00, 0x01,
    0xff, 0xfd, 0x00, 0x00, 0x00, 0x0f, 0xff, 0xf0,
    0x00, 0x00, 0x00, 0x01, 0xff, 0xfd, 0x00, 0x00,
    0x00, 0x0e, 0xff, 0xf0, 0x00, 0x00, 0x00, 0x01,
    0xff, 0xfd, 0x00, 0x00, 0x00, 0x0b, 0xff, 0xf4,
    0x00, 0x00, 0x00, 0x07, 0xff, 0xfd, 0x00, 0x00,
    0x00, 0x07, 0xff, 0xfd, 0x00, 0x00, 0x00, 0x9f,
    0xff, 0xfd, 0x00, 0x00, 0x00, 0x01, 0xff, 0xff,
    0xd5, 0x23, 0x7d, 0xff, 0xff, 0xfd, 0x00, 0x00,
    0x00, 0x00, 0x7f, 0xff, 0xff, 0xff, 0xff, 0xff,
    0xff, 0xfd, 0x00, 0x00, 0x00, 0x00, 0x08, 0xff,
    0xff, 0xff, 0xff, 0xfc, 0xff, 0xfd, 0x00, 0x00,
    0x00, 0x00, 0x00, 0x3a, 0xef, 0xff, 0xfb, 0x41,
    0xff, 0xfd, 0x00, 0x00, 0x00, 0x00, 0x00, 0x00,
    0x01, 0x21, 0x00, 0x01, 0xff, 0xfd, 0x00, 0x00,
    0x00, 0x00, 0x00, 0x00, 0x00, 0x00, 0x00, 0x01,
    0xff, 0xfd, 0x00, 0x00, 0x00, 0x00, 0x00, 0x00,
    0x00, 0x00, 0x00, 0x01, 0xff, 0xfd, 0x00, 0x00,
    0x00, 0x00, 0x00, 0x00, 0x00, 0x00, 0x00, 0x01,
    0xff, 0xfd, 0x00, 0x00, 0x00, 0x00, 0x00, 0x00,
    0x00, 0x00, 0x00, 0x01, 0xff, 0xfd, 0x00, 0x00,
    0x00, 0x00, 0x00, 0x00, 0x00, 0x00, 0x00, 0x01,
    0xff, 0xfd, 0x00, 0x00,

    /* U+092B "फ" */
    0xff, 0xff, 0xff, 0xff, 0xff, 0xff, 0xff, 0xff,
    0xff, 0xff, 0xff, 0xff, 0xff, 0xff, 0xff, 0xff,
    0x2f, 0xff, 0xff, 0xff, 0xff, 0xff, 0xff, 0xff,
    0xff, 0xff, 0xff, 0xff, 0xff, 0xff, 0xff, 0xff,
    0xf2, 0xff, 0xff, 0xff, 0xff, 0xff, 0xff, 0xff,
    0xff, 0xff, 0xff, 0xff, 0xff, 0xff, 0xff, 0xff,
    0xff, 0x25, 0x55, 0xff, 0xff, 0x55, 0x55, 0x55,
    0x55, 0xef, 0xff, 0x65, 0x55, 0x55, 0x55, 0x55,
    0x55, 0x50, 0x00, 0x0f, 0xff, 0xe0, 0x00, 0x00,
    0x00, 0x0d, 0xff, 0xf2, 0x00, 0x00, 0x00, 0x00,
    0x00, 0x00, 0x00, 0x00, 0xff, 0xfe, 0x00, 0x00,
    0x00, 0x00, 0xdf, 0xff, 0x20, 0x00, 0x00, 0x00,
    0x00, 0x00, 0x00, 0x00, 0x0f, 0xff, 0xe0, 0x00,
    0x00, 0x00, 0x0d, 0xff, 0xf2, 0x00, 0x00, 0x00,
    0x00, 0x00, 0x00, 0x00, 0x00, 0xff, 0xfe, 0x00,
    0x00, 0x00, 0x00, 0xdf, 0xff, 0x20, 0x00, 0x00,
    0x00, 0x00, 0x00, 0x00, 0x00, 0x0f, 0xff, 0xe0,
    0x00, 0x00, 0x00, 0x0d, 0xff, 0xf2, 0x00, 0x01,
    0x10, 0x00, 0x00, 0x00, 0x00, 0x00, 0xff, 0xfe,
    0x00, 0x00, 0x00, 0x00, 0xdf, 0xff, 0x27, 0xdf,
    0xff, 0xe9, 0x10, 0x00, 0x00, 0x00, 0x0f, 0xff,
    0xe0, 0x00, 0x00, 0x00, 0x0d, 0xff, 0xfe, 0xff,
    0xff, 0xff, 0xfe, 0x30, 0x00, 0x00, 0x00, 0xff,
    0xff, 0x00, 0x00, 0x00, 0x00, 0xdf, 0xff, 0xff,
    0xff, 0xff, 0xff, 0xfe, 0x00, 0x00, 0x00, 0x0e,
    0xff, 0xf0, 0x00, 0x00, 0x00, 0x0d, 0xff, 0xff,
    0xf7, 0x32, 0x6f, 0xff, 0xf7, 0x00, 0x00, 0x00,
    0xcf, 0xff, 0x40, 0x00, 0x00, 0x01, 0xef, 0xff,
    0xe2, 0x00, 0x00, 0x6f, 0xff, 0xb0, 0x00, 0x00,
    0x08, 0xff, 0xfb, 0x00, 0x00, 0x02, 0xdf, 0xff,
    0xf4, 0x00, 0x00, 0x00, 0xff, 0xfe, 0x00, 0x00,
    0x00, 0x2f, 0xff, 0xfb, 0x43, 0x49, 0xff, 0xff,
    0xff, 0x20, 0x00, 0x00, 0x0f, 0xff, 0xf0, 0x00,
    0x00, 0x00, 0x9f, 0xff, 0xff, 0xff, 0xff, 0xff,
    0xff, 0xf2, 0x00, 0x00, 0x00, 0xff, 0xfe, 0x00,
    0x00, 0x00, 0x00, 0xbf, 0xff, 0xff, 0xff, 0xfe,
    0xef, 0xff, 0x20, 0x00, 0x00, 0x4f, 0xff, 0xc0,
    0x00, 0x00, 0x00, 0x00, 0x5c, 0xff, 0xff, 0xd7,
    0x0d, 0xff, 0xf2, 0x00, 0x00, 0x0b, 0xff, 0xf8,
    0x00, 0x00, 0x00, 0x00, 0x00, 0x00, 0x22, 0x10,
    0x00, 0xdf, 0xff, 0x20, 0x00, 0x04, 0xff, 0xff,
    0x20, 0x00, 0x00, 0x00, 0x00, 0x00, 0x00, 0x00,
    0x00, 0x0d, 0xff, 0xf2, 0x00, 0x01, 0xef, 0xff,
    0xb0, 0x00, 0x00, 0x00, 0x00, 0x00, 0x00, 0x00,
    0x00, 0x00, 0xdf, 0xff, 0x20, 0x00, 0x7f, 0xff,
    0xf2, 0x00, 0x00, 0x00, 0x00, 0x00, 0x00, 0x00,
    0x00, 0x00, 0x0d, 0xff, 0xf2, 0x00, 0x00, 0x3d,
    0xf6, 0x00, 0x00, 0x00, 0x00, 0x00, 0x00, 0x00,
    0x00, 0x00, 0x00, 0xdf, 0xff, 0x20, 0x00, 0x00,
    0x04, 0x00, 0x00, 0x00, 0x00, 0x00, 0x00, 0x00,
    0x00, 0x00, 0x00, 0x0d, 0xff, 0xf2, 0x00, 0x00,
    0x00, 0x00, 0x00, 0x00, 0x00,

    /* U+092C "ब" */
    0xff, 0xff, 0xff, 0xff, 0xff, 0xff, 0xff, 0xff,
    0xff, 0xff, 0xff, 0xff, 0xff, 0xff, 0xff, 0xff,
    0xff, 0xff, 0xff, 0xff, 0xff, 0xff, 0xff, 0xff,
    0xff, 0xff, 0xff, 0xff, 0xff, 0xff, 0xff, 0xff,
    0xff, 0xff, 0xff, 0xff, 0x55, 0x55, 0x55, 0x55,
    0x55, 0x55, 0x55, 0x55, 0xff, 0xff, 0x55, 0x55,
    0x00, 0x00, 0x00, 0x00, 0x00, 0x00, 0x00, 0x00,
    0xff, 0xff, 0x00, 0x00, 0x00, 0x00, 0x00, 0x00,
    0x01, 0x10, 0x00, 0x00, 0xff, 0xff, 0x00, 0x00,
    0x00, 0x00, 0x01, 0x7c, 0xff, 0xff, 0xea, 0x30,
    0xff, 0xff, 0x00, 0x00, 0x00, 0x00, 0x7f, 0xff,
    0xff, 0xff, 0xff, 0xa0, 0xff, 0xff, 0x00, 0x00,
    0x00, 0x09, 0xff, 0xff, 0xff, 0xff, 0xff, 0x80,
    0xff, 0xff, 0x00, 0x00, 0x00, 0x4f, 0xff, 0xff,
    0xfa, 0x22, 0x49, 0x60, 0xff, 0xff, 0x00, 0x00,
    0x00, 0xcf, 0xff, 0xbf, 0xff, 0x40, 0x00, 0x00,
    0xff, 0xff, 0x00, 0x00, 0x01, 0xff, 0xfe, 0x05,
    0xff, 0xe1, 0x00, 0x00, 0xff, 0xff, 0x00, 0x00,
    0x03, 0xff, 0xfa, 0x00, 0x9f, 0xfc, 0x00, 0x00,
    0xff, 0xff, 0x00, 0x00, 0x04, 0xff, 0xf9, 0x00,
    0x0c, 0xff, 0x90, 0x00, 0xff, 0xff, 0x00, 0x00,
    0x03, 0xff, 0xfa, 0x00, 0x01, 0xef, 0xf6, 0x00,
    0xff, 0xff, 0x00, 0x00, 0x01, 0xff, 0xfe, 0x00,
    0x00, 0x3f, 0xff, 0x35, 0xff, 0xff, 0x00, 0x00,
    0x00, 0xcf, 0xff, 0x80, 0x00, 0x06, 0xff, 0xef,
    0xff, 0xff, 0x00, 0x00, 0x00, 0x4f, 0xff, 0xfb,
    0x41, 0x13, 0xdf, 0xff, 0xff, 0xff, 0x00, 0x00,
    0x00, 0x08, 0xff, 0xff, 0xff, 0xff, 0xff, 0xff,
    0xff, 0xff, 0x00, 0x00, 0x00, 0x00, 0x7f, 0xff,
    0xff, 0xff, 0xff, 0xfb, 0xff, 0xff, 0x00, 0x00,
    0x00, 0x00, 0x01, 0x8c, 0xff, 0xff, 0xd9, 0x30,
    0xff, 0xff, 0x00, 0x00, 0x00, 0x00, 0x00, 0x00,
    0x01, 0x10, 0x00, 0x00, 0xff, 0xff, 0x00, 0x00,
    0x00, 0x00, 0x00, 0x00, 0x00, 0x00, 0x00, 0x00,
    0xff, 0xff, 0x00, 0x00, 0x00, 0x00, 0x00, 0x00,
    0x00, 0x00, 0x00, 0x00, 0xff, 0xff, 0x00, 0x00,
    0x00, 0x00, 0x00, 0x00, 0x00, 0x00, 0x00, 0x00,
    0xff, 0xff, 0x00, 0x00,

    /* U+092D "भ" */
    0x00, 0x06, 0xcf, 0xff, 0xc7, 0x10, 0x00, 0x02,
    0xff, 0xff, 0xff, 0xff, 0xff, 0xff, 0x90, 0x1c,
    0xff, 0xff, 0xff, 0xfe, 0x20, 0x00, 0x2f, 0xff,
    0xff, 0xff, 0xff, 0xff, 0xf9, 0x0a, 0xff, 0xff,
    0xff, 0xff, 0xfe, 0x00, 0x02, 0xff, 0xff, 0xff,
    0xff, 0xff, 0xff, 0x90, 0xff, 0xfe, 0x20, 0x1c,
    0xff, 0xf6, 0x00, 0x05, 0x55, 0x58, 0xff, 0xfb,
    0x55, 0x53, 0x2f, 0xff, 0x70, 0x00, 0x2f, 0xff,
    0xb0, 0x00, 0x00, 0x00, 0x5f, 0xff, 0x90, 0x00,
    0x01, 0xff, 0xf8, 0x00, 0x00, 0xef, 0xff, 0x00,
    0x00, 0x00, 0x05, 0xff, 0xf9, 0x00, 0x00, 0x0e,
    0xff, 0xf5, 0x00, 0x0c, 0xff, 0xf0, 0x00, 0x00,
    0x00, 0x5f, 0xff, 0x90, 0x00, 0x00, 0x6f, 0xff,
    0xff, 0x70, 0xcf, 0xff, 0x10, 0x00, 0x00, 0x05,
    0xff, 0xf9, 0x00, 0x00, 0x00, 0x7f, 0xff, 0xf6,
    0x0c, 0xff, 0xf1, 0x00, 0x00, 0x00, 0x5f, 0xff,
    0x90, 0x00, 0x00, 0x00, 0x29, 0xdf, 0x40, 0xcf,
    0xff, 0x10, 0x00, 0x00, 0x05, 0xff, 0xf9, 0x00,
    0x00, 0x00, 0x00, 0x00, 0x00, 0x0c, 0xff, 0xf1,
    0x00, 0x00, 0x00, 0x5f, 0xff, 0x90, 0x00, 0x00,
    0x00, 0x00, 0x00, 0x00, 0xcf, 0xff, 0x10, 0x00,
    0x00, 0x05, 0xff, 0xf9, 0x00, 0x00, 0x00, 0x00,
    0x00, 0x01, 0x4d, 0xff, 0xf3, 0x22, 0x22, 0x22,
    0x6f, 0xff, 0x90, 0x00, 0x00, 0x00, 0x00, 0x0c,
    0xff, 0xff, 0xff, 0xff, 0xff, 0xff, 0xff, 0xff,
    0xf9, 0x00, 0x00, 0x00, 0x00, 0x04, 0xff, 0xff,
    0xff, 0xff, 0xff, 0xff, 0xff, 0xff, 0xff, 0x90,
    0x00, 0x00, 0x00, 0x00, 0x2f, 0xff, 0xff, 0xff,
    0xff, 0xff, 0xff, 0xff, 0xff, 0xf9, 0x00, 0x00,
    0x00, 0x00, 0x00, 0xaf, 0xff, 0xff, 0xf3, 0x22,
    0x22, 0x22, 0x6f, 0xff, 0x90, 0x00, 0x00, 0x00,
    0x00, 0x01, 0xef, 0xff, 0xff, 0x10, 0x00, 0x00,
    0x05, 0xff, 0xf9, 0x00, 0x00, 0x00, 0x00, 0x00,
    0x02, 0xdf, 0xff, 0xd0, 0x00, 0x00, 0x00, 0x5f,
    0xff, 0x90, 0x00, 0x00, 0x00, 0x00, 0x00, 0x00,
    0x7b, 0xa2, 0x00, 0x00, 0x00, 0x05, 0xff, 0xf9,
    0x00, 0x00, 0x00, 0x00, 0x00, 0x00, 0x00, 0x00,
    0x00, 0x00, 0x00, 0x00, 0x5f, 0xff, 0x90, 0x00,
    0x00, 0x00, 0x00, 0x00, 0x00, 0x00, 0x00, 0x00,
    0x00, 0x00, 0x05, 0xff, 0xf9, 0x00, 0x00, 0x00,
    0x00, 0x00, 0x00, 0x00, 0x00, 0x00, 0x00, 0x00,
    0x00, 0x5f, 0xff, 0x90, 0x00, 0x00, 0x00, 0x00,
    0x00, 0x00, 0x00, 0x00, 0x00, 0x00, 0x00, 0x05,
    0xff, 0xf9, 0x00, 0x00, 0x00, 0x00, 0x00, 0x00,
    0x00, 0x00, 0x00, 0x00, 0x00, 0x00, 0x5f, 0xff,
    0x90, 0x00, 0x00,

    /* U+092E "म" */
    0xff, 0xff, 0xff, 0xff, 0xff, 0xff, 0xff, 0xff,
    0xff, 0xff, 0xff, 0xff, 0xf2, 0xff, 0xff, 0xff,
    0xff, 0xff, 0xff, 0xff, 0xff, 0xff, 0xff, 0xff,
    0xff, 0xf2, 0xff, 0xff, 0xff, 0xff, 0xff, 0xff,
    0xff, 0xff, 0xff, 0xff, 0xff, 0xff, 0xf2, 0x55,
    0x55, 0x6f, 0xff, 0xd5, 0x55, 0x55, 0x55, 0x5d,
    0xff, 0xf6, 0x55, 0x50, 0x00, 0x00, 0x2f, 0xff,
    0xc0, 0x00, 0x00, 0x00, 0x0c, 0xff, 0xf2, 0x00,
    0x00, 0x00, 0x00, 0x2f, 0xff, 0xc0, 0x00, 0x00,
    0x00, 0x0c, 0xff, 0xf2, 0x00, 0x00, 0x00, 0x00,
    0x2f, 0xff, 0xc0, 0x00, 0x00, 0x00, 0x0c, 0xff,
    0xf2, 0x00, 0x00, 0x00, 0x00, 0x2f, 0xff, 0xc0,
    0x00, 0x00, 0x00, 0x0c, 0xff, 0xf2, 0x00, 0x00,
    0x00, 0x00, 0x2f, 0xff, 0xc0, 0x00, 0x00, 0x00,
    0x0c, 0xff, 0xf2, 0x00, 0x00, 0x00, 0x00, 0x2f,
    0xff, 0xc0, 0x00, 0x00, 0x00, 0x0c, 0xff, 0xf2,
    0x00, 0x00, 0x00, 0x00, 0x2f, 0xff, 0xc0, 0x00,
    0x00, 0x00, 0x0c, 0xff, 0xf2, 0x00, 0x00, 0x00,
    0x02, 0x4f, 0xff, 0xd2, 0x22, 0x22, 0x22, 0x2d,
    0xff, 0xf2, 0x00, 0x00, 0x01, 0xdf, 0xff, 0xff,
    0xff, 0xff, 0xff, 0xff, 0xff, 0xff, 0xf2, 0x00,
    0x00, 0x07, 0xff, 0xff, 0xff, 0xff, 0xff, 0xff,
    0xff, 0xff, 0xff, 0xf2, 0x00, 0x00, 0x06, 0xff,
    0xff, 0xff, 0xff, 0xff, 0xff, 0xff, 0xff, 0xff,
    0xf2, 0x00, 0x00, 0x01, 0xff, 0xff, 0xff, 0xd2,
    0x22, 0x22, 0x22, 0x2d, 0xff, 0xf2, 0x00, 0x00,
    0x00, 0x6f, 0xff, 0xff, 0xc0, 0x00, 0x00, 0x00,
    0x0c, 0xff, 0xf2, 0x00, 0x00, 0x00, 0x08, 0xff,
    0xff, 0xa0, 0x00, 0x00, 0x00, 0x0c, 0xff, 0xf2,
    0x00, 0x00, 0x00, 0x00, 0x6e, 0xfe, 0x30, 0x00,
    0x00, 0x00, 0x0c, 0xff, 0xf2, 0x00, 0x00, 0x00,
    0x00, 0x00, 0x20, 0x00, 0x00, 0x00, 0x00, 0x0c,
    0xff, 0xf2, 0x00, 0x00, 0x00, 0x00, 0x00, 0x00,
    0x00, 0x00, 0x00, 0x00, 0x0c, 0xff, 0xf2, 0x00,
    0x00, 0x00, 0x00, 0x00, 0x00, 0x00, 0x00, 0x00,
    0x00, 0x0c, 0xff, 0xf2, 0x00, 0x00, 0x00, 0x00,
    0x00, 0x00, 0x00, 0x00, 0x00, 0x00, 0x0c, 0xff,
    0xf2, 0x00, 0x00, 0x00, 0x00, 0x00, 0x00, 0x00,
    0x00, 0x00, 0x00, 0x0c, 0xff, 0xf2, 0x00, 0x00,
    0x00, 0x00, 0x00, 0x00, 0x00, 0x00, 0x00, 0x00,
    0x0c, 0xff, 0xf2, 0x00, 0x00,

    /* U+092F "य" */
    0xff, 0xff, 0xff, 0xff, 0xff, 0xff, 0xff, 0xff,
    0xff, 0xff, 0xff, 0xff, 0x6f, 0xff, 0xff, 0xff,
    0xff, 0xff, 0xff, 0xff, 0xff, 0xff, 0xff, 0xff,
    0xf6, 0xff, 0xff, 0xff, 0xff, 0xff, 0xff, 0xff,
    0xff, 0xff, 0xff, 0xff, 0xff, 0x65, 0x55, 0x55,
    0x9f, 0xff, 0xc5, 0x55, 0x55, 0x5a, 0xff, 0xf9,
    0x55, 0x52, 0x00, 0x00, 0x00, 0xcf, 0xff, 0x20,
    0x00, 0x00, 0x8f, 0xff, 0x70, 0x00, 0x00, 0x00,
    0x00, 0x05, 0xff, 0xf8, 0x00, 0x00, 0x08, 0xff,
    0xf7, 0x00, 0x00, 0x00, 0x00, 0x00, 0x2f, 0xff,
    0xb0, 0x00, 0x00, 0x8f, 0xff, 0x70, 0x00, 0x00,
    0x00, 0x00, 0x03, 0xff, 0xfc, 0x00, 0x00, 0x08,
    0xff, 0xf7, 0x00, 0x00, 0x00, 0x00, 0x00, 0xcf,
    0xff, 0xa0, 0x00, 0x00, 0x8f, 0xff, 0x70, 0x00,
    0x00, 0x00, 0x05, 0xdf, 0xff, 0xf4, 0x00, 0x00,
    0x08, 0xff, 0xf7, 0x00, 0x00, 0x06, 0xaf, 0xff,
    0xff, 0xfa, 0x00, 0x00, 0x00, 0x8f, 0xff, 0x70,
    0x00, 0x00, 0xaf, 0xff, 0xff, 0xf9, 0x00, 0x00,
    0x00, 0x08, 0xff, 0xf7, 0x00, 0x00, 0x05, 0xff,
    0xff, 0x92, 0x00, 0x00, 0x00, 0x00, 0x8f, 0xff,
    0x70, 0x00, 0x00, 0x0f, 0xff, 0xf2, 0x00, 0x00,
    0x00, 0x00, 0x08, 0xff, 0xf7, 0x00, 0x00, 0x00,
    0x9f, 0xff, 0xa0, 0x00, 0x00, 0x00, 0x02, 0xef,
    0xff, 0x70, 0x00, 0x00, 0x02, 0xff, 0xff, 0x60,
    0x00, 0x00, 0x04, 0xef, 0xff, 0xf7, 0x00, 0x00,
    0x00, 0x07, 0xff, 0xff, 0xa5, 0x22, 0x5a, 0xff,
    0xff, 0xff, 0x70, 0x00, 0x00, 0x00, 0x0a, 0xff,
    0xff, 0xff, 0xff, 0xff, 0xff, 0xff, 0xf7, 0x00,
    0x00, 0x00, 0x00, 0x08, 0xff, 0xff, 0xff, 0xff,
    0xff, 0xdf, 0xff, 0x70, 0x00, 0x00, 0x00, 0x00,
    0x02, 0x9e, 0xff, 0xff, 0xd8, 0x18, 0xff, 0xf7,
    0x00, 0x00, 0x00, 0x00, 0x00, 0x00, 0x01, 0x22,
    0x00, 0x00, 0x8f, 0xff, 0x70, 0x00, 0x00, 0x00,
    0x00, 0x00, 0x00, 0x00, 0x00, 0x00, 0x08, 0xff,
    0xf7, 0x00, 0x00, 0x00, 0x00, 0x00, 0x00, 0x00,
    0x00, 0x00, 0x00, 0x8f, 0xff, 0x70, 0x00, 0x00,
    0x00, 0x00, 0x00, 0x00, 0x00, 0x00, 0x00, 0x08,
    0xff, 0xf7, 0x00, 0x00, 0x00, 0x00, 0x00, 0x00,
    0x00, 0x00, 0x00, 0x00, 0x8f, 0xff, 0x70, 0x00,
    0x00,

    /* U+0930 "र" */
    0xff, 0xff, 0xff, 0xff, 0xff, 0xff, 0xff, 0xff,
    0xf5, 0xff, 0xff, 0xff, 0xff, 0xff, 0xff, 0xff,
    0xff, 0xf5, 0xff, 0xff, 0xff, 0xff, 0xff, 0xff,
    0xff, 0xff, 0xf5, 0x55, 0x55, 0x55, 0x55, 0x59,
    0xff, 0xfb, 0x55, 0x51, 0x00, 0x00, 0x00, 0x00,
    0x01, 0xff, 0xfc, 0x00, 0x00, 0x00, 0x00, 0x00,
    0x00, 0x00, 0xef, 0xfe, 0x00, 0x00, 0x00, 0x00,
    0x00, 0x00, 0x00, 0xef, 0xff, 0x00, 0x00, 0x00,
    0x00, 0x00, 0x00, 0x00, 0xff, 0xff, 0x00, 0x00,
    0x00, 0x00, 0x00, 0x00, 0x04, 0xff, 0xfd, 0x00,
    0x00, 0x00, 0x9f, 0xe9, 0x10, 0x0d, 0xff, 0xf9,
    0x00, 0x00, 0x04, 0xff, 0xff, 0xd3, 0xcf, 0xff,
    0xf3, 0x00, 0x00, 0x06, 0xff, 0xff, 0xff, 0xff,
    0xff, 0x90, 0x00, 0x00, 0x04, 0xff, 0xff, 0xff,
    0xff, 0xfb, 0x00, 0x00, 0x00, 0x00, 0xef, 0xff,
    0xff, 0xff, 0x80, 0x00, 0x00, 0x00, 0x00, 0x6f,
    0xff, 0xff, 0xb2, 0x00, 0x00, 0x00, 0x00, 0x00,
    0x0b, 0xff, 0xf9, 0x00, 0x00, 0x00, 0x00, 0x00,
    0x00, 0x01, 0xef, 0xff, 0x70, 0x00, 0x00, 0x00,
    0x00, 0x00, 0x00, 0x4f, 0xff, 0xf6, 0x00, 0x00,
    0x00, 0x00, 0x00, 0x00, 0x06, 0xff, 0xff, 0x60,
    0x00, 0x00, 0x00, 0x00, 0x00, 0x00, 0x8f, 0xff,
    0xf7, 0x00, 0x00, 0x00, 0x00, 0x00, 0x00, 0x09,
    0xff, 0xff, 0x90, 0x00, 0x00, 0x00, 0x00, 0x00,
    0x00, 0xaf, 0xff, 0xfa, 0x00, 0x00, 0x00, 0x00,
    0x00, 0x00, 0x09, 0xff, 0xff, 0xc1, 0x00, 0x00,
    0x00, 0x00, 0x00, 0x00, 0x9f, 0xff, 0xd1, 0x00,
    0x00, 0x00, 0x00, 0x00, 0x00, 0x08, 0xfd, 0x10,
    0x00, 0x00, 0x00, 0x00, 0x00, 0x00, 0x00, 0x51,
    0x00, 0x00,

    /* U+0932 "ल" */
    0xff, 0xff, 0xff, 0xff, 0xff, 0xff, 0xff, 0xff,
    0xff, 0xff, 0xff, 0xff, 0xff, 0xff, 0x6f, 0xff,
    0xff, 0xff, 0xff, 0xff, 0xff, 0xff, 0xff, 0xff,
    0xff, 0xff, 0xff, 0xff, 0xf6, 0xff, 0xff, 0xff,
    0xff, 0xff, 0xff, 0xff, 0xff, 0xff, 0xff, 0xff,
    0xff, 0xff, 0xff, 0x65, 0x55, 0x55, 0x55, 0x55,
    0x55, 0x55, 0x55, 0x55, 0x55, 0x5a, 0xff, 0xf9,
    0x55, 0x52, 0x00, 0x00, 0x00, 0x00, 0x00, 0x00,
    0x00, 0x00, 0x00, 0x00, 0x8f, 0xff, 0x60, 0x00,
    0x00, 0x00, 0x00, 0x00, 0x00, 0x00, 0x00, 0x00,
    0x00, 0x00, 0x08, 0xff, 0xf6, 0x00, 0x00, 0x00,
    0x00, 0x00, 0x00, 0x00, 0x00, 0x00, 0x00, 0x00,
    0x00, 0x8f, 0xff, 0x60, 0x00, 0x00, 0x00, 0x00,
    0x00, 0x02, 0x10, 0x00, 0x00, 0x00, 0x00, 0x19,
    0xff, 0xf6, 0x00, 0x00, 0x00, 0x00, 0x18, 0xdf,
    0xff, 0xfc, 0x50, 0x01, 0x8d, 0xff, 0xff, 0xff,
    0x60, 0x00, 0x00, 0x00, 0x3e, 0xff, 0xff, 0xff,
    0xff, 0xc6, 0xff, 0xff, 0xff, 0xff, 0xf6, 0x00,
    0x00, 0x00, 0x2f, 0xff, 0xff, 0xff, 0xff, 0xff,
    0xff, 0xff, 0xff, 0xff, 0xff, 0x60, 0x00, 0x00,
    0x0b, 0xff, 0xff, 0x83, 0x24, 0xaf, 0xff, 0xff,
    0xe7, 0x39, 0xff, 0xf6, 0x00, 0x00, 0x01, 0xff,
    0xff, 0x50, 0x00, 0x00, 0xbf, 0xff, 0xe1, 0x00,
    0x8f, 0xff, 0x60, 0x00, 0x00, 0x3f, 0xff, 0xd0,
    0x00, 0x00, 0x1f, 0xff, 0xf4, 0x00, 0x08, 0xff,
    0xf6, 0x00, 0x00, 0x04, 0xff, 0xfa, 0x00, 0x00,
    0x06, 0xff, 0xfd, 0x00, 0x00, 0x8f, 0xff, 0x60,
    0x00, 0x00, 0x4f, 0xff, 0xa0, 0x00, 0x00, 0x9f,
    0xff, 0x80, 0x00, 0x08, 0xff, 0xf6, 0x00, 0x00,
    0x02, 0xff, 0xfd, 0x00, 0x00, 0x05, 0xbf, 0xf4,
    0x00, 0x00, 0x8f, 0xff, 0x60, 0x00, 0x00, 0x0e,
    0xff, 0xf3, 0x00, 0x00, 0x00, 0x04, 0x00, 0x00,
    0x08, 0xff, 0xf6, 0x00, 0x00, 0x00, 0x8f, 0xff,
    0xd0, 0x00, 0x00, 0x00, 0x00, 0x00, 0x00, 0x8f,
    0xff, 0x60, 0x00, 0x00, 0x00, 0xef, 0xff, 0xc0,
    0x00, 0x00, 0x00, 0x00, 0x00, 0x08, 0xff, 0xf6,
    0x00, 0x00, 0x00, 0x04, 0xff, 0xff, 0xd2, 0x00,
    0x00, 0x00, 0x00, 0x00, 0x8f, 0xff, 0x60, 0x00,
    0x00, 0x00, 0x06, 0xff, 0xff, 0xf7, 0x00, 0x00,
    0x00, 0x00, 0x08, 0xff, 0xf6, 0x00, 0x00, 0x00,
    0x00, 0x05, 0xff, 0xff, 0xfd, 0x20, 0x00, 0x00,
    0x00, 0x8f, 0xff, 0x60, 0x00, 0x00, 0x00, 0x00,
    0x03, 0xef, 0xff, 0xd0, 0x00, 0x00, 0x00, 0x08,
    0xff, 0xf6, 0x00, 0x00, 0x00, 0x00, 0x00, 0x01,
    0xaf, 0xf2, 0x00, 0x00, 0x00, 0x00, 0x8f, 0xff,
    0x60, 0x00, 0x00, 0x00, 0x00, 0x00, 0x00, 0x45,
    0x00, 0x00, 0x00, 0x00, 0x00, 0x00, 0x00, 0x00,
    0x00,

    /* U+0935 "व" */
    0xff, 0xff, 0xff, 0xff, 0xff, 0xff, 0xff, 0xff,
    0xff, 0xff, 0xff, 0xf5, 0xff, 0xff, 0xff, 0xff,
    0xff, 0xff, 0xff, 0xff, 0xff, 0xff, 0xff, 0xf5,
    0xff, 0xff, 0xff, 0xff, 0xff, 0xff, 0xff, 0xff,
    0xff, 0xff, 0xff, 0xf5, 0x55, 0x55, 0x55, 0x55,
    0x55, 0x55, 0x55, 0x5a, 0xff, 0xf9, 0x55, 0x51,
    0x00, 0x00, 0x00, 0x00, 0x00, 0x00, 0x00, 0x08,
    0xff, 0xf5, 0x00, 0x00, 0x00, 0x00, 0x00, 0x00,
    0x00, 0x00, 0x00, 0x08, 0xff, 0xf5, 0x00, 0x00,
    0x00, 0x00, 0x00, 0x00, 0x13, 0x32, 0x21, 0x08,
    0xff, 0xf5, 0x00, 0x00, 0x00, 0x00, 0x04, 0xaf,
    0xff, 0xff, 0xff, 0x18, 0xff, 0xf5, 0x00, 0x00,
    0x00, 0x01, 0xbf, 0xff, 0xff, 0xff, 0xff, 0x08,
    0xff, 0xf5, 0x00, 0x00, 0x00, 0x0d, 0xff, 0xff,
    0xff, 0xff, 0xfe, 0x08, 0xff, 0xf5, 0x00, 0x00,
    0x00, 0x8f, 0xff, 0xfd, 0x74, 0x33, 0x33, 0x08,
    0xff, 0xf5, 0x00, 0x00, 0x00, 0xef, 0xff, 0xa0,
    0x00, 0x00, 0x00, 0x08, 0xff, 0xf5, 0x00, 0x00,
    0x02, 0xff, 0xfe, 0x00, 0x00, 0x00, 0x00, 0x08,
    0xff, 0xf5, 0x00, 0x00, 0x04, 0xff, 0xfb, 0x00,
    0x00, 0x00, 0x00, 0x08, 0xff, 0xf5, 0x00, 0x00,
    0x04, 0xff, 0xfa, 0x00, 0x00, 0x00, 0x00, 0x08,
    0xff, 0xf5, 0x00, 0x00, 0x02, 0xff, 0xfe, 0x00,
    0x00, 0x00, 0x00, 0x3f, 0xff, 0xf5, 0x00, 0x00,
    0x00, 0xef, 0xff, 0x70, 0x00, 0x00, 0x05, 0xff,
    0xff, 0xf5, 0x00, 0x00, 0x00, 0x7f, 0xff, 0xfb,
    0x53, 0x36, 0xcf, 0xff, 0xff, 0xf5, 0x00, 0x00,
    0x00, 0x0b, 0xff, 0xff, 0xff, 0xff, 0xff, 0xff,
    0xff, 0xf5, 0x00, 0x00, 0x00, 0x00, 0xaf, 0xff,
    0xff, 0xff, 0xff, 0xec, 0xff, 0xf5, 0x00, 0x00,
    0x00, 0x00, 0x04, 0xaf, 0xff, 0xff, 0xd7, 0x08,
    0xff, 0xf5, 0x00, 0x00, 0x00, 0x00, 0x00, 0x00,
    0x12, 0x20, 0x00, 0x08, 0xff, 0xf5, 0x00, 0x00,
    0x00, 0x00, 0x00, 0x00, 0x00, 0x00, 0x00, 0x08,
    0xff, 0xf5, 0x00, 0x00, 0x00, 0x00, 0x00, 0x00,
    0x00, 0x00, 0x00, 0x08, 0xff, 0xf5, 0x00, 0x00,
    0x00, 0x00, 0x00, 0x00, 0x00, 0x00, 0x00, 0x08,
    0xff, 0xf5, 0x00, 0x00,

    /* U+0936 "श" */
    0x00, 0x00, 0x4a, 0xef, 0xfe, 0xa4, 0x00, 0x00,
    0x9f, 0xff, 0xff, 0xff, 0xff, 0xfb, 0x00, 0x09,
    0xff, 0xff, 0xff, 0xff, 0xb1, 0x00, 0x9f, 0xff,
    0xff, 0xff, 0xff, 0xfb, 0x00, 0x6f, 0xff, 0xff,
    0xff, 0xff, 0xfc, 0x00, 0x9f, 0xff, 0xff, 0xff,
    0xff, 0xfb, 0x00, 0xdf, 0xff, 0x82, 0x15, 0xef,
    0xff, 0x70, 0x25, 0x57, 0xff, 0xfd, 0x55, 0x53,
    0x00, 0xff, 0xfb, 0x00, 0x00, 0x2f, 0xff, 0xe0,
    0x00, 0x03, 0xff, 0xfb, 0x00, 0x00, 0x00, 0xff,
    0xf8, 0x00, 0x00, 0x0a, 0xff, 0xf3, 0x00, 0x03,
    0xff, 0xfb, 0x00, 0x00, 0x00, 0xef, 0xfd, 0x00,
    0x00, 0x07, 0xff, 0xf5, 0x00, 0x03, 0xff, 0xfb,
    0x00, 0x00, 0x00, 0x8f, 0xff, 0xd6, 0x20, 0x06,
    0xff, 0xf6, 0x00, 0x03, 0xff, 0xfb, 0x00, 0x00,
    0x00, 0x0d, 0xff, 0xff, 0xf6, 0x07, 0xff, 0xf5,
    0x00, 0x03, 0xff, 0xfb, 0x00, 0x00, 0x00, 0x00,
    0x9f, 0xff, 0xf2, 0x0a, 0xff, 0xf3, 0x00, 0x03,
    0xff, 0xfb, 0x00, 0x00, 0x00, 0x00, 0x01, 0x6a,
    0xb0, 0x0f, 0xff, 0xf0, 0x00, 0x03, 0xff, 0xfb,
    0x00, 0x00, 0x00, 0x00, 0x00, 0x00, 0x00, 0x8f,
    0xff, 0xb0, 0x00, 0x03, 0xff, 0xfb, 0x00, 0x00,
    0x02, 0x66, 0x20, 0x00, 0x04, 0xff, 0xff, 0x30,
    0x00, 0x03, 0xff, 0xfb, 0x00, 0x00, 0x5f, 0xff,
    0xf9, 0x00, 0x6f, 0xff, 0xf9, 0x00, 0x00, 0x03,
    0xff, 0xfb, 0x00, 0x00, 0xdf, 0xff, 0xff, 0xbc,
    0xff, 0xff, 0xb0, 0x00, 0x00, 0x03, 0xff, 0xfb,
    0x00, 0x00, 0xef, 0xff, 0xff, 0xff, 0xff, 0xfa,
    0x00, 0x00, 0x00, 0x03, 0xff, 0xfb, 0x00, 0x00,
    0x9f, 0xff, 0xff, 0xff, 0xfd, 0x50, 0x00, 0x00,
    0x00, 0x03, 0xff, 0xfb, 0x00, 0x00, 0x0b, 0xff,
    0xff, 0xff, 0xf5, 0x00, 0x00, 0x00, 0x00, 0x03,
    0xff, 0xfb, 0x00, 0x00, 0x00, 0x26, 0x79, 0xff,
    0xff, 0x40, 0x00, 0x00, 0x00, 0x03, 0xff, 0xfb,
    0x00, 0x00, 0x00, 0x00, 0x00, 0xaf, 0xff, 0xf2,
    0x00, 0x00, 0x00, 0x03, 0xff, 0xfb, 0x00, 0x00,
    0x00, 0x00, 0x00, 0x0c, 0xff, 0xfd, 0x10, 0x00,
    0x00, 0x03, 0xff, 0xfb, 0x00, 0x00, 0x00, 0x00,
    0x00, 0x01, 0xef, 0xff, 0xb0, 0x00, 0x00, 0x03,
    0xff, 0xfb, 0x00, 0x00, 0x00, 0x00, 0x00, 0x00,
    0x4f, 0xff, 0xf8, 0x00, 0x00, 0x03, 0xff, 0xfb,
    0x00, 0x00, 0x00, 0x00, 0x00, 0x00, 0x08, 0xff,
    0xff, 0x20, 0x00, 0x03, 0xff, 0xfb, 0x00, 0x00,
    0x00, 0x00, 0x00, 0x00, 0x00, 0xcf, 0xd4, 0x00,
    0x00, 0x03, 0xff, 0xfb, 0x00, 0x00, 0x00, 0x00,
    0x00, 0x00, 0x00, 0x28, 0x00, 0x00, 0x00, 0x00,
    0x00, 0x00, 0x00, 0x00,

    /* U+0937 "ष" */
    0xff, 0xff, 0xff, 0xff, 0xff, 0xff, 0xff, 0xff,
    0xff, 0xff, 0xff, 0xff, 0x4f, 0xff, 0xff, 0xff,
    0xff, 0xff, 0xff, 0xff, 0xff, 0xff, 0xff, 0xff,
    0xf4, 0xff, 0xff, 0xff, 0xff, 0xff, 0xff, 0xff,
    0xff, 0xff, 0xff, 0xff, 0xff, 0x45, 0x55, 0xff,
    0xff, 0xff, 0x65, 0x55, 0x55, 0x5c, 0xff, 0xf8,
    0x55, 0x51, 0x00, 0x0f, 0xff, 0xff, 0xfb, 0x00,
    0x00, 0x00, 0xaf, 0xff, 0x50, 0x00, 0x00, 0x00,
    0xff, 0xfe, 0xdf, 0xf9, 0x00, 0x00, 0x0a, 0xff,
    0xf5, 0x00, 0x00, 0x00, 0x0f, 0xff, 0xe2, 0xff,
    0xf5, 0x00, 0x00, 0xaf, 0xff, 0x50, 0x00, 0x00,
    0x00, 0xff, 0xfe, 0x05, 0xff, 0xf2, 0x00, 0x0a,
    0xff, 0xf5, 0x00, 0x00, 0x00, 0x0f, 0xff, 0xe0,
    0x08, 0xff, 0xd1, 0x00, 0xaf, 0xff, 0x50, 0x00,
    0x00, 0x00, 0xff, 0xfe, 0x00, 0x0b, 0xff, 0xb0,
    0x0a, 0xff, 0xf5, 0x00, 0x00, 0x00, 0x0f, 0xff,
    0xe0, 0x00, 0x1d, 0xff, 0x80, 0xaf, 0xff, 0x50,
    0x00, 0x00, 0x00, 0xff, 0xfe, 0x00, 0x00, 0x3f,
    0xff, 0x5a, 0xff, 0xf5, 0x00, 0x00, 0x00, 0x0e,
    0xff, 0xf0, 0x00, 0x00, 0x5f, 0xff, 0xcf, 0xff,
    0x50, 0x00, 0x00, 0x00, 0xcf, 0xff, 0x30, 0x00,
    0x00, 0x9f, 0xff, 0xff, 0xf5, 0x00, 0x00, 0x00,
    0x07, 0xff, 0xfc, 0x00, 0x00, 0x00, 0xdf, 0xff,
    0xff, 0x50, 0x00, 0x00, 0x00, 0x1f, 0xff, 0xfc,
    0x53, 0x36, 0xbf, 0xff, 0xff, 0xf5, 0x00, 0x00,
    0x00, 0x00, 0x7f, 0xff, 0xff, 0xff, 0xff, 0xff,
    0xff, 0xff, 0x50, 0x00, 0x00, 0x00, 0x00, 0x8f,
    0xff, 0xff, 0xff, 0xff, 0xfe, 0xff, 0xf5, 0x00,
    0x00, 0x00, 0x00, 0x00, 0x3a, 0xef, 0xff, 0xfd,
    0x82, 0xaf, 0xff, 0x50, 0x00, 0x00, 0x00, 0x00,
    0x00, 0x00, 0x12, 0x20, 0x00, 0x0a, 0xff, 0xf5,
    0x00, 0x00, 0x00, 0x00, 0x00, 0x00, 0x00, 0x00,
    0x00, 0x00, 0xaf, 0xff, 0x50, 0x00, 0x00, 0x00,
    0x00, 0x00, 0x00, 0x00, 0x00, 0x00, 0x0a, 0xff,
    0xf5, 0x00, 0x00, 0x00, 0x00, 0x00, 0x00, 0x00,
    0x00, 0x00, 0x00, 0xaf, 0xff, 0x50, 0x00, 0x00,
    0x00, 0x00, 0x00, 0x00, 0x00, 0x00, 0x00, 0x0a,
    0xff, 0xf5, 0x00, 0x00, 0x00, 0x00, 0x00, 0x00,
    0x00, 0x00, 0x00, 0x00, 0xaf, 0xff, 0x50, 0x00,
    0x00,

    /* U+0938 "स" */
    0xff, 0xff, 0xff, 0xff, 0xff, 0xff, 0xff, 0xff,
    0xff, 0xff, 0xff, 0xff, 0xff, 0xff, 0x5f, 0xff,
    0xff, 0xff, 0xff, 0xff, 0xff, 0xff, 0xff, 0xff,
    0xff, 0xff, 0xff, 0xff, 0xf5, 0xff, 0xff, 0xff,
    0xff, 0xff, 0xff, 0xff, 0xff, 0xff, 0xff, 0xff,
    0xff, 0xff, 0xff, 0x55, 0x55, 0x55, 0x55, 0x5b,
    0xff, 0xf9, 0x55, 0x56, 0x55, 0x5b, 0xff, 0xf9,
    0x55, 0x51, 0x00, 0x00, 0x00, 0x00, 0x5f, 0xff,
    0x90, 0x00, 0x00, 0x00, 0x9f, 0xff, 0x50, 0x00,
    0x00, 0x00, 0x00, 0x00, 0x02, 0xff, 0xfc, 0x00,
    0x00, 0x00, 0x09, 0xff, 0xf5, 0x00, 0x00, 0x00,
    0x00, 0x00, 0x00, 0x1f, 0xff, 0xd0, 0x00, 0x00,
    0x00, 0x9f, 0xff, 0x50, 0x00, 0x00, 0x00, 0x00,
    0x00, 0x02, 0xff, 0xfd, 0x00, 0x00, 0x00, 0x09,
    0xff, 0xf5, 0x00, 0x00, 0x00, 0x00, 0x00, 0x00,
    0x4f, 0xff, 0xc0, 0x00, 0x00, 0x00, 0x9f, 0xff,
    0x50, 0x00, 0x00, 0x0a, 0xff, 0xa1, 0x0a, 0xff,
    0xf8, 0x00, 0x00, 0x00, 0x09, 0xff, 0xf5, 0x00,
    0x00, 0x05, 0xff, 0xff, 0xd6, 0xff, 0xff, 0x30,
    0x00, 0x00, 0x00, 0x9f, 0xff, 0x50, 0x00, 0x00,
    0x6f, 0xff, 0xff, 0xff, 0xff, 0xf8, 0x64, 0x33,
    0x34, 0x6d, 0xff, 0xf5, 0x00, 0x00, 0x04, 0xff,
    0xff, 0xff, 0xff, 0xff, 0xff, 0xff, 0xff, 0xff,
    0xff, 0xff, 0x50, 0x00, 0x00, 0x0f, 0xff, 0xff,
    0xff, 0xff, 0xff, 0xff, 0xff, 0xff, 0xff, 0xff,
    0xf5, 0x00, 0x00, 0x00, 0x8f, 0xff, 0xff, 0x80,
    0x48, 0xcf, 0xff, 0xff, 0xff, 0xff, 0xff, 0x50,
    0x00, 0x00, 0x01, 0xef, 0xff, 0x10, 0x00, 0x00,
    0x01, 0x22, 0x21, 0x09, 0xff, 0xf5, 0x00, 0x00,
    0x00, 0x05, 0xff, 0xfb, 0x00, 0x00, 0x00, 0x00,
    0x00, 0x00, 0x9f, 0xff, 0x50, 0x00, 0x00, 0x00,
    0x0b, 0xff, 0xf9, 0x00, 0x00, 0x00, 0x00, 0x00,
    0x09, 0xff, 0xf5, 0x00, 0x00, 0x00, 0x00, 0x1e,
    0xff, 0xf8, 0x00, 0x00, 0x00, 0x00, 0x00, 0x9f,
    0xff, 0x50, 0x00, 0x00, 0x00, 0x00, 0x3f, 0xff,
    0xf8, 0x00, 0x00, 0x00, 0x00, 0x09, 0xff, 0xf5,
    0x00, 0x00, 0x00, 0x00, 0x00, 0x5f, 0xff, 0xf8,
    0x00, 0x00, 0x00, 0x00, 0x9f, 0xff, 0x50, 0x00,
    0x00, 0x00, 0x00, 0x00, 0x8f, 0xff, 0xf8, 0x00,
    0x00, 0x00, 0x09, 0xff, 0xf5, 0x00, 0x00, 0x00,
    0x00, 0x00, 0x00, 0xaf, 0xff, 0xf9, 0x00, 0x00,
    0x00, 0x9f, 0xff, 0x50, 0x00, 0x00, 0x00, 0x00,
    0x00, 0x00, 0xbf, 0xff, 0xc1, 0x00, 0x00, 0x09,
    0xff, 0xf5, 0x00, 0x00, 0x00, 0x00, 0x00, 0x00,
    0x00, 0xcf, 0xb0, 0x00, 0x00, 0x00, 0x9f, 0xff,
    0x50, 0x00, 0x00, 0x00, 0x00, 0x00, 0x00, 0x00,
    0x70, 0x00, 0x00, 0x00, 0x00, 0x00, 0x00, 0x00,
    0x00,

    /* U+0939 "ह" */
    0xff, 0xff, 0xff, 0xff, 0xff, 0xff, 0xff, 0xff,
    0xff, 0xff, 0xff, 0x3f, 0xff, 0xff, 0xff, 0xff,
    0xff, 0xff, 0xff, 0xff, 0xff, 0xff, 0xf3, 0xff,
    0xff, 0xff, 0xff, 0xff, 0xff, 0xff, 0xff, 0xff,
    0xff, 0xff, 0x35, 0x55, 0x55, 0x55, 0x55, 0x55,
    0x55, 0x5c, 0xff, 0xf7, 0x55, 0x51, 0x00, 0x00,
    0x00, 0x00, 0x00, 0x00, 0x00, 0xbf, 0xff, 0x30,
    0x00, 0x00, 0x00, 0x00, 0x00, 0x00, 0x00, 0x00,
    0x0b, 0xff, 0xf3, 0x00, 0x00, 0x00, 0x00, 0x00,
    0x00, 0x22, 0x22, 0x22, 0xbf, 0xff, 0x30, 0x00,
    0x00, 0x00, 0x03, 0xae, 0xff, 0xff, 0xff, 0xff,
    0xff, 0xf3, 0x00, 0x00, 0x00, 0x06, 0xff, 0xff,
    0xff, 0xff, 0xff, 0xff, 0xff, 0x30, 0x00, 0x00,
    0x01, 0xff, 0xff, 0xff, 0xff, 0xff, 0xff, 0xff,
    0xf3, 0x00, 0x00, 0x00, 0x5f, 0xff, 0xf7, 0x32,
    0x22, 0x22, 0x22, 0x22, 0x00, 0x00, 0x00, 0x06,
    0xff, 0xf8, 0x00, 0x00, 0x00, 0x00, 0x00, 0x00,
    0x00, 0x00, 0x00, 0x3f, 0xff, 0x90, 0x00, 0x00,
    0x00, 0x00, 0x00, 0x00, 0x00, 0x00, 0x00, 0xcf,
    0xff, 0x40, 0x01, 0x22, 0x10, 0x00, 0x00, 0x00,
    0x00, 0x00, 0x02, 0xef, 0xff, 0xcf, 0xff, 0xff,
    0xeb, 0x50, 0x00, 0x00, 0x00, 0x00, 0x03, 0xff,
    0xff, 0xff, 0xff, 0xff, 0xff, 0xc1, 0x00, 0x00,
    0x00, 0x00, 0xbf, 0xff, 0xff, 0xff, 0xff, 0xff,
    0xff, 0xd0, 0x00, 0x00, 0x00, 0x8f, 0xff, 0xfc,
    0x63, 0x22, 0x49, 0xff, 0xff, 0x60, 0x00, 0x00,
    0x0f, 0xff, 0xf8, 0x00, 0x00, 0x00, 0x06, 0xff,
    0xfb, 0x00, 0x00, 0x04, 0xff, 0xfc, 0x00, 0x00,
    0x00, 0x00, 0x0f, 0xff, 0xd0, 0x00, 0x00, 0x6f,
    0xff, 0x80, 0x00, 0x00, 0x00, 0x01, 0xff, 0xfc,
    0x00, 0x00, 0x06, 0xff, 0xf8, 0x00, 0x00, 0x00,
    0x00, 0xbf, 0xff, 0x90, 0x00, 0x00, 0x3f, 0xff,
    0xd0, 0x00, 0x00, 0x02, 0xdf, 0xff, 0xf2, 0x00,
    0x00, 0x00, 0xef, 0xff, 0x80, 0x00, 0x00, 0x08,
    0xff, 0xf6, 0x00, 0x00, 0x00, 0x06, 0xff, 0xff,
    0xa1, 0x00, 0x00, 0x04, 0xd4, 0x00, 0x00, 0x00,
    0x00, 0x0a, 0xff, 0xff, 0xe6, 0x00, 0x00, 0x00,
    0x00, 0x00, 0x00, 0x00, 0x00, 0x0a, 0xff, 0xff,
    0xfe, 0x81, 0x00, 0x00, 0x00, 0x00, 0x00, 0x00,
    0x00, 0x06, 0xff, 0xff, 0xff, 0xfb, 0x30, 0x00,
    0x00, 0x00, 0x00, 0x00, 0x00, 0x01, 0x9f, 0xff,
    0xff, 0xf4, 0x00, 0x00, 0x00, 0x00, 0x00, 0x00,
    0x00, 0x00, 0x29, 0xff, 0xfb, 0x00, 0x00, 0x00,
    0x00, 0x00, 0x00, 0x00, 0x00, 0x00, 0x01, 0x6c,
    0x20, 0x00, 0x00, 0x00, 0x00,

    /* U+093C "़" */
    0x00, 0x10, 0x00, 0x1c, 0xff, 0x40, 0x8f, 0xff,
    0xe0, 0xaf, 0xff, 0xf1, 0x6f, 0xff, 0xd0, 0x07,
    0xcb, 0x20,

    /* U+093E "ा" */
    0xff, 0xff, 0xff, 0xff, 0xff, 0xf5, 0xff, 0xff,
    0xff, 0xff, 0xff, 0xf5, 0xff, 0xff, 0xff, 0xff,
    0xff, 0xf5, 0x55, 0x5b, 0xff, 0xf9, 0x55, 0x51,
    0x00, 0x09, 0xff, 0xf5, 0x00, 0x00, 0x00, 0x09,
    0xff, 0xf5, 0x00, 0x00, 0x00, 0x09, 0xff, 0xf5,
    0x00, 0x00, 0x00, 0x09, 0xff, 0xf5, 0x00, 0x00,
    0x00, 0x09, 0xff, 0xf5, 0x00, 0x00, 0x00, 0x09,
    0xff, 0xf5, 0x00, 0x00, 0x00, 0x09, 0xff, 0xf5,
    0x00, 0x00, 0x00, 0x09, 0xff, 0xf5, 0x00, 0x00,
    0x00, 0x09, 0xff, 0xf5, 0x00, 0x00, 0x00, 0x09,
    0xff, 0xf5, 0x00, 0x00, 0x00, 0x09, 0xff, 0xf5,
    0x00, 0x00, 0x00, 0x09, 0xff, 0xf5, 0x00, 0x00,
    0x00, 0x09, 0xff, 0xf5, 0x00, 0x00, 0x00, 0x09,
    0xff, 0xf5, 0x00, 0x00, 0x00, 0x09, 0xff, 0xf5,
    0x00, 0x00, 0x00, 0x09, 0xff, 0xf5, 0x00, 0x00,
    0x00, 0x09, 0xff, 0xf5, 0x00, 0x00, 0x00, 0x09,
    0xff, 0xf5, 0x00, 0x00, 0x00, 0x09, 0xff, 0xf5,
    0x00, 0x00, 0x00, 0x09, 0xff, 0xf5, 0x00, 0x00,
    0x00, 0x09, 0xff, 0xf5, 0x00, 0x00,

    /* U+093F "ि" */
    0x00, 0x00, 0x00, 0x38, 0xce, 0xff, 0xfe, 0xc9,
    0x61, 0x00, 0x00, 0x00, 0x00, 0x00, 0x00, 0x00,
    0x00, 0x02, 0xcf, 0xff, 0xff, 0xff, 0xff, 0xff,
    0xfc, 0x60, 0x00, 0x00, 0x00, 0x00, 0x00, 0x00,
    0x04, 0xff, 0xff, 0xff, 0xff, 0xff, 0xff, 0xff,
    0xff, 0xe6, 0x00, 0x00, 0x00, 0x00, 0x00, 0x01,
    0xff, 0xff, 0xff, 0xa7, 0x66, 0x68, 0xbf, 0xff,
    0xff, 0xfd, 0x30, 0x00, 0x00, 0x00, 0x00, 0x8f,
    0xff, 0xf8, 0x00, 0x00, 0x00, 0x00, 0x05, 0xbf,
    0xff, 0xff, 0x70, 0x00, 0x00, 0x00, 0x0d, 0xff,
    0xf9, 0x00, 0x00, 0x00, 0x00, 0x00, 0x00, 0x3c,
    0xff, 0xff, 0xa0, 0x00, 0x00, 0x00, 0xff, 0xff,
    0x10, 0x00, 0x00, 0x00, 0x00, 0x00, 0x00, 0x06,
    0xff, 0xff, 0xb0, 0x00, 0x00, 0x0e, 0xff, 0xf0,
    0x00, 0x00, 0x00, 0x00, 0x00, 0x00, 0x00, 0x02,
    0xdf, 0xff, 0xb0, 0x00, 0x00, 0xcf, 0xff, 0x00,
    0x00, 0x00, 0x00, 0x00, 0x00, 0x00, 0x00, 0x01,
    0xdf, 0xff, 0x90, 0x00, 0x08, 0xff, 0xf4, 0x00,
    0x00, 0x00, 0x00, 0x00, 0x00, 0x00, 0x00, 0x01,
    0xdf, 0xff, 0x50, 0x00, 0x2f, 0xff, 0xc0, 0x00,
    0x00, 0x00, 0x00, 0x00, 0x00, 0x00, 0x00, 0x02,
    0xef, 0xff, 0x1f, 0xff, 0xff, 0xff, 0xff, 0xff,
    0x50, 0x00, 0x00, 0x00, 0x00, 0x00, 0x00, 0x02,
    0x44, 0x42, 0xff, 0xff, 0xff, 0xff, 0xff, 0xf5,
    0x00, 0x00, 0x00, 0x00, 0x00, 0x00, 0x00, 0x00,
    0x00, 0x0f, 0xff, 0xff, 0xff, 0xff, 0xff, 0x50,
    0x00, 0x00, 0x00, 0x00, 0x00, 0x00, 0x00, 0x00,
    0x00, 0x55, 0x5b, 0xff, 0xf9, 0x55, 0x51, 0x00,
    0x00, 0x00, 0x00, 0x00, 0x00, 0x00, 0x00, 0x00,
    0x00, 0x00, 0x9f, 0xff, 0x50, 0x00, 0x00, 0x00,
    0x00, 0x00, 0x00, 0x00, 0x00, 0x00, 0x00, 0x00,
    0x00, 0x09, 0xff, 0xf5, 0x00, 0x00, 0x00, 0x00,
    0x00, 0x00, 0x00, 0x00, 0x00, 0x00, 0x00, 0x00,
    0x00, 0x9f, 0xff, 0x50, 0x00, 0x00, 0x00, 0x00,
    0x00, 0x00, 0x00, 0x00, 0x00, 0x00, 0x00, 0x00,
    0x09, 0xff, 0xf5, 0x00, 0x00, 0x00, 0x00, 0x00,
    0x00, 0x00, 0x00, 0x00, 0x00, 0x00, 0x00, 0x00,
    0x9f, 0xff, 0x50, 0x00, 0x00, 0x00, 0x00, 0x00,
    0x00, 0x00, 0x00, 0x00, 0x00, 0x00, 0x00, 0x09,
    0xff, 0xf5, 0x00, 0x00, 0x00, 0x00, 0x00, 0x00,
    0x00, 0x00, 0x00, 0x00, 0x00, 0x00, 0x00, 0x9f,
    0xff, 0x50, 0x00, 0x00, 0x00, 0x00, 0x00, 0x00,
    0x00, 0x00, 0x00, 0x00, 0x00, 0x00, 0x09, 0xff,
    0xf5, 0x00, 0x00, 0x00, 0x00, 0x00, 0x00, 0x00,
    0x00, 0x00, 0x00, 0x00, 0x00, 0x00, 0x9f, 0xff,
    0x50, 0x00, 0x00, 0x00, 0x00, 0x00, 0x00, 0x00,
    0x00, 0x00, 0x00, 0x00, 0x00, 0x09, 0xff, 0xf5,
    0x00, 0x00, 0x00, 0x00, 0x00, 0x00, 0x00, 0x00,
    0x00, 0x00, 0x00, 0x00, 0x00, 0x9f, 0xff, 0x50,
    0x00, 0x00, 0x00, 0x00, 0x00, 0x00, 0x00, 0x00,
    0x00, 0x00, 0x00, 0x00, 0x09, 0xff, 0xf5, 0x00,
    0x00, 0x00, 0x00, 0x00, 0x00, 0x00, 0x00, 0x00,
    0x00, 0x00, 0x00, 0x00, 0x9f, 0xff, 0x50, 0x00,
    0x00, 0x00, 0x00, 0x00, 0x00, 0x00, 0x00, 0x00,
    0x00, 0x00, 0x00, 0x09, 0xff, 0xf5, 0x00, 0x00,
    0x00, 0x00, 0x00, 0x00, 0x00, 0x00, 0x00, 0x00,
    0x00, 0x00, 0x00, 0x9f, 0xff, 0x50, 0x00, 0x00,
    0x00, 0x00, 0x00, 0x00, 0x00, 0x00, 0x00, 0x00,
    0x00, 0x00, 0x09, 0xff, 0xf5, 0x00, 0x00, 0x00,
    0x00, 0x00, 0x00, 0x00, 0x00, 0x00, 0x00, 0x00,
    0x00, 0x00, 0x9f, 0xff, 0x50, 0x00, 0x00, 0x00,
    0x00, 0x00, 0x00, 0x00, 0x00, 0x00, 0x00, 0x00,
    0x00, 0x09, 0xff, 0xf5, 0x00, 0x00, 0x00, 0x00,
    0x00, 0x00, 0x00, 0x00, 0x00, 0x00, 0x00, 0x00,
    0x00, 0x9f, 0xff, 0x50, 0x00, 0x00, 0x00, 0x00,
    0x00, 0x00, 0x00, 0x00, 0x00, 0x00, 0x00, 0x00,
    0x09, 0xff, 0xf5, 0x00, 0x00, 0x00, 0x00, 0x00,
    0x00, 0x00, 0x00, 0x00, 0x00, 0x00, 0x00, 0x00,
    0x9f, 0xff, 0x50, 0x00, 0x00, 0x00, 0x00, 0x00,
    0x00, 0x00, 0x00, 0x00, 0x00, 0x00,

    /* U+0940 "ी" */
    0x00, 0x02, 0x9d, 0xff, 0xeb, 0x71, 0x00, 0x00,
    0x00, 0x00, 0x00, 0x00, 0x6f, 0xff, 0xff, 0xff,
    0xfe, 0x40, 0x00, 0x00, 0x00, 0x00, 0x04, 0xff,
    0xff, 0xff, 0xff, 0xff, 0xf5, 0x00, 0x00, 0x00,
    0x00, 0x0c, 0xff, 0xff, 0x85, 0x6b, 0xff, 0xff,
    0x30, 0x00, 0x00, 0x00, 0x1f, 0xff, 0xf4, 0x00,
    0x00, 0x6f, 0xff, 0xc0, 0x00, 0x00, 0x00, 0x3f,
    0xff, 0xd0, 0x00, 0x00, 0x09, 0xff, 0xf4, 0x00,
    0x00, 0x00, 0x3f, 0xff, 0xb0, 0x00, 0x00, 0x01,
    0xff, 0xfb, 0x00, 0x00, 0x00, 0x1f, 0xff, 0xc0,
    0x00, 0x00, 0x00, 0x9f, 0xff, 0x10, 0x00, 0x00,
    0x0d, 0xff, 0xf0, 0x00, 0x00, 0x00, 0x3f, 0xff,
    0x60, 0x00, 0x00, 0x08, 0xff, 0xf5, 0x00, 0x00,
    0x00, 0x0e, 0xff, 0xa0, 0x00, 0x00, 0x02, 0xff,
    0xfb, 0x00, 0x00, 0x00, 0x0a, 0xff, 0xe0, 0x00,
    0x00, 0x00, 0x00, 0x00, 0x00, 0x00, 0xff, 0xff,
    0xff, 0xff, 0xff, 0xf5, 0x00, 0x00, 0x00, 0x00,
    0x00, 0xff, 0xff, 0xff, 0xff, 0xff, 0xf5, 0x00,
    0x00, 0x00, 0x00, 0x00, 0xff, 0xff, 0xff, 0xff,
    0xff, 0xf5, 0x00, 0x00, 0x00, 0x00, 0x00, 0x55,
    0x5b, 0xff, 0xf9, 0x55, 0x51, 0x00, 0x00, 0x00,
    0x00, 0x00, 0x00, 0x09, 0xff, 0xf5, 0x00, 0x00,
    0x00, 0x00, 0x00, 0x00, 0x00, 0x00, 0x09, 0xff,
    0xf5, 0x00, 0x00, 0x00, 0x00, 0x00, 0x00, 0x00,
    0x00, 0x09, 0xff, 0xf5, 0x00, 0x00, 0x00, 0x00,
    0x00, 0x00, 0x00, 0x00, 0x09, 0xff, 0xf5, 0x00,
    0x00, 0x00, 0x00, 0x00, 0x00, 0x00, 0x00, 0x09,
    0xff, 0xf5, 0x00, 0x00, 0x00, 0x00, 0x00, 0x00,
    0x00, 0x00, 0x09, 0xff, 0xf5, 0x00, 0x00, 0x00,
    0x00, 0x00, 0x00, 0x00, 0x00, 0x09, 0xff, 0xf5,
    0x00, 0x00, 0x00, 0x00, 0x00, 0x00, 0x00, 0x00,
    0x09, 0xff, 0xf5, 0x00, 0x00, 0x00, 0x00, 0x00,
    0x00, 0x00, 0x00, 0x09, 0xff, 0xf5, 0x00, 0x00,
    0x00, 0x00, 0x00, 0x00, 0x00, 0x00, 0x09, 0xff,
    0xf5, 0x00, 0x00, 0x00, 0x00, 0x00, 0x00, 0x00,
    0x00, 0x09, 0xff, 0xf5, 0x00, 0x00, 0x00, 0x00,
    0x00, 0x00, 0x00, 0x00, 0x09, 0xff, 0xf5, 0x00,
    0x00, 0x00, 0x00, 0x00, 0x00, 0x00, 0x00, 0x09,
    0xff, 0xf5, 0x00, 0x00, 0x00, 0x00, 0x00, 0x00,
    0x00, 0x00, 0x09, 0xff, 0xf5, 0x00, 0x00, 0x00,
    0x00, 0x00, 0x00, 0x00, 0x00, 0x09, 0xff, 0xf5,
    0x00, 0x00, 0x00, 0x00, 0x00, 0x00, 0x00, 0x00,
    0x09, 0xff, 0xf5, 0x00, 0x00, 0x00, 0x00, 0x00,
    0x00, 0x00, 0x00, 0x09, 0xff, 0xf5, 0x00, 0x00,
    0x00, 0x00, 0x00, 0x00, 0x00, 0x00, 0x09, 0xff,
    0xf5, 0x00, 0x00, 0x00, 0x00, 0x00, 0x00, 0x00,
    0x00, 0x09, 0xff, 0xf5, 0x00, 0x00, 0x00, 0x00,
    0x00, 0x00, 0x00, 0x00, 0x09, 0xff, 0xf5, 0x00,
    0x00, 0x00, 0x00, 0x00, 0x00, 0x00, 0x00, 0x09,
    0xff, 0xf5, 0x00, 0x00,

    /* U+0941 "ु" */
    0x00, 0x00, 0x00, 0x00, 0x00, 0x00, 0x00, 0x00,
    0x00, 0x00, 0x00, 0x00, 0x00, 0x00, 0x02, 0x8d,
    0xff, 0xfd, 0x80, 0x00, 0x00, 0x00, 0x00, 0x00,
    0x7f, 0xff, 0xff, 0xff, 0xfd, 0x10, 0x00, 0x10,
    0x00, 0x01, 0xef, 0xff, 0xff, 0xff, 0xff, 0xc0,
    0x01, 0xdc, 0x00, 0x00, 0x5f, 0xf7, 0x21, 0x3c,
    0xff, 0xf3, 0x2e, 0xff, 0xb0, 0x00, 0x07, 0x20,
    0x00, 0x02, 0xff, 0xf7, 0x4f, 0xff, 0xfc, 0x10,
    0x00, 0x00, 0x00, 0x00, 0xff, 0xf8, 0x04, 0xff,
    0xff, 0xe6, 0x00, 0x00, 0x00, 0x05, 0xff, 0xf7,
    0x00, 0x3e, 0xff, 0xff, 0xd7, 0x42, 0x24, 0x8f,
    0xff, 0xf3, 0x00, 0x01, 0xbf, 0xff, 0xff, 0xff,
    0xff, 0xff, 0xff, 0xb0, 0x00, 0x00, 0x05, 0xdf,
    0xff, 0xff, 0xff, 0xff, 0xfc, 0x10, 0x00, 0x00,
    0x00, 0x04, 0x9d, 0xff, 0xff, 0xfb, 0x50, 0x00,
    0x00, 0x00, 0x00, 0x00, 0x00, 0x01, 0x11, 0x00,
    0x00, 0x00,

    /* U+0942 "ू" */
    0x00, 0x00, 0x00, 0x00, 0x00, 0x00, 0x00, 0x00,
    0x00, 0x00, 0x00, 0x06, 0xbe, 0xff, 0xfd, 0x93,
    0x00, 0x00, 0x00, 0x00, 0x02, 0xdf, 0xff, 0xff,
    0xff, 0xff, 0xb2, 0x00, 0x00, 0x00, 0x0d, 0xff,
    0xff, 0xff, 0xff, 0xff, 0xff, 0x40, 0x00, 0x00,
    0x6f, 0xff, 0xd5, 0x21, 0x37, 0xef, 0xff, 0xf3,
    0x00, 0x00, 0xaf, 0xff, 0x20, 0x00, 0x00, 0x0a,
    0xff, 0xfe, 0x10, 0x00, 0xcf, 0xfd, 0x00, 0x00,
    0x00, 0x00, 0x9f, 0xff, 0xb0, 0x00, 0xaf, 0xff,
    0x10, 0x00, 0x00, 0x00, 0x0c, 0xff, 0xf5, 0x00,
    0x7f, 0xff, 0xc4, 0x22, 0x59, 0x00, 0x02, 0xff,
    0xfe, 0x00, 0x0e, 0xff, 0xff, 0xff, 0xff, 0x40,
    0x00, 0x8f, 0xff, 0x70, 0x03, 0xef, 0xff, 0xff,
    0xff, 0xb0, 0x00, 0x0e, 0xff, 0xe0, 0x00, 0x18,
    0xef, 0xff, 0xfc, 0x50, 0x00, 0x07, 0xfd, 0x50,
    0x00, 0x00, 0x00, 0x11, 0x00, 0x00, 0x00, 0x00,
    0x60, 0x00,

    /* U+0943 "ृ" */
    0x00, 0x00, 0x37, 0x95, 0x00, 0x00, 0x00, 0x05,
    0xef, 0xff, 0xa0, 0x00, 0x00, 0x08, 0xff, 0xff,
    0xfc, 0x00, 0x00, 0x03, 0xff, 0xff, 0xc7, 0x40,
    0x00, 0x00, 0xaf, 0xff, 0x70, 0x00, 0x00, 0x00,
    0x0d, 0xff, 0xd0, 0x00, 0x00, 0x00, 0x00, 0xdf,
    0xfb, 0x00, 0x00, 0x00, 0x00, 0x0b, 0xff, 0xe0,
    0x00, 0x00, 0x03, 0x10, 0x7f, 0xff, 0xc4, 0x22,
    0x5a, 0xf7, 0x00, 0xef, 0xff, 0xff, 0xff, 0xff,
    0xd0, 0x02, 0xdf, 0xff, 0xff, 0xff, 0xff, 0x10,
    0x00, 0x7d, 0xff, 0xff, 0xc7, 0x10, 0x00, 0x00,
    0x00, 0x11, 0x00, 0x00, 0x00,

    /* U+0947 "े" */
    0x00, 0x12, 0x31, 0x00, 0x00, 0x00, 0x00, 0x9e,
    0xff, 0xff, 0xe8, 0x00, 0x00, 0x00, 0xbf, 0xff,
    0xff, 0xff, 0xd1, 0x00, 0x00, 0x6f, 0xff, 0xff,
    0xff, 0xfb, 0x00, 0x00, 0x1b, 0x64, 0x36, 0xdf,
    0xff, 0x50, 0x00, 0x00, 0x00, 0x00, 0x1e, 0xff,
    0xd0, 0x00, 0x00, 0x00, 0x00, 0x05, 0xff, 0xf4,
    0x00, 0x00, 0x00, 0x00, 0x00, 0xef, 0xfa, 0x00,
    0x00, 0x00, 0x00, 0x00, 0x8f, 0xff, 0x00, 0x00,
    0x00, 0x00, 0x00, 0x2f, 0xff, 0x50, 0x00, 0x00,
    0x00, 0x00, 0x0d, 0xff, 0xa0, 0x00, 0x00, 0x00,
    0x00, 0x08, 0xff, 0xf0, 0x00, 0x00, 0x00, 0x00,
    0x01, 0x44, 0x40,

    /* U+0948 "ै" */
    0x05, 0xce, 0xff, 0xea, 0x30, 0x00, 0x00, 0x00,
    0x6f, 0xff, 0xff, 0xff, 0x70, 0x00, 0x00, 0x01,
    0xff, 0xff, 0xff, 0xff, 0x50, 0x00, 0x00, 0x06,
    0x30, 0x03, 0xaf, 0xfe, 0x10, 0x00, 0x00, 0x00,
    0x00, 0x00, 0x9f, 0xf8, 0x00, 0x01, 0x7c, 0xff,
    0xfc, 0x50, 0xcf, 0xf0, 0x00, 0x3f, 0xff, 0xff,
    0xff, 0xa4, 0xff, 0x60, 0x00, 0xdf, 0xff, 0xff,
    0xff, 0xcb, 0xfd, 0x00, 0x06, 0x84, 0x10, 0x28,
    0xff, 0xff, 0xf2, 0x00, 0x00, 0x00, 0x00, 0x02,
    0xef, 0xff, 0x80, 0x00, 0x00, 0x00, 0x00, 0x02,
    0xef, 0xfd, 0x00, 0x00, 0x00, 0x00, 0x00, 0x03,
    0x88, 0x80,

    /* U+0949 "ॉ" */
    0x00, 0x00, 0x00, 0x00, 0x00, 0x00, 0x00, 0x00,
    0x00, 0x48, 0xc5, 0x00, 0x00, 0x00, 0x00, 0xda,
    0x61, 0x0e, 0xff, 0x90, 0x00, 0x00, 0x00, 0x1f,
    0xff, 0x70, 0xbf, 0xfe, 0x00, 0x00, 0x00, 0x07,
    0xff, 0xf3, 0x05, 0xff, 0xf8, 0x00, 0x00, 0x01,
    0xef, 0xfe, 0x00, 0x0e, 0xff, 0xfa, 0x30, 0x16,
    0xef, 0xff, 0x70, 0x00, 0x4f, 0xff, 0xff, 0xff,
    0xff, 0xff, 0xc0, 0x00, 0x00, 0x5f, 0xff, 0xff,
    0xff, 0xff, 0xb1, 0x00, 0x00, 0x00, 0x18, 0xcf,
    0xff, 0xea, 0x40, 0x00, 0x00, 0x00, 0x00, 0x00,
    0x00, 0x00, 0x00, 0x00, 0x00, 0x00, 0x00, 0x00,
    0x00, 0x00, 0x00, 0x00, 0x00, 0x00, 0x00, 0x00,
    0xff, 0xff, 0xff, 0xff, 0xff, 0xf5, 0x00, 0x00,
    0x0f, 0xff, 0xff, 0xff, 0xff, 0xff, 0x50, 0x00,
    0x00, 0xff, 0xff, 0xff, 0xff, 0xff, 0xf5, 0x00,
    0x00, 0x05, 0x55, 0xbf, 0xff, 0x95, 0x55, 0x10,
    0x00, 0x00, 0x00, 0x09, 0xff, 0xf5, 0x00, 0x00,
    0x00, 0x00, 0x00, 0x00, 0x9f, 0xff, 0x50, 0x00,
    0x00, 0x00, 0x00, 0x00, 0x09, 0xff, 0xf5, 0x00,
    0x00, 0x00, 0x00, 0x00, 0x00, 0x9f, 0xff, 0x50,
    0x00, 0x00, 0x00, 0x00, 0x00, 0x09, 0xff, 0xf5,
    0x00, 0x00, 0x00, 0x00, 0x00, 0x00, 0x9f, 0xff,
    0x50, 0x00, 0x00, 0x00, 0x00, 0x00, 0x09, 0xff,
    0xf5, 0x00, 0x00, 0x00, 0x00, 0x00, 0x00, 0x9f,
    0xff, 0x50, 0x00, 0x00, 0x00, 0x00, 0x00, 0x09,
    0xff, 0xf5, 0x00, 0x00, 0x00, 0x00, 0x00, 0x00,
    0x9f, 0xff, 0x50, 0x00, 0x00, 0x00, 0x00, 0x00,
    0x09, 0xff, 0xf5, 0x00, 0x00, 0x00, 0x00, 0x00,
    0x00, 0x9f, 0xff, 0x50, 0x00, 0x00, 0x00, 0x00,
    0x00, 0x09, 0xff, 0xf5, 0x00, 0x00, 0x00, 0x00,
    0x00, 0x00, 0x9f, 0xff, 0x50, 0x00, 0x00, 0x00,
    0x00, 0x00, 0x09, 0xff, 0xf5, 0x00, 0x00, 0x00,
    0x00, 0x00, 0x00, 0x9f, 0xff, 0x50, 0x00, 0x00,
    0x00, 0x00, 0x00, 0x09, 0xff, 0xf5, 0x00, 0x00,
    0x00, 0x00, 0x00, 0x00, 0x9f, 0xff, 0x50, 0x00,
    0x00, 0x00, 0x00, 0x00, 0x09, 0xff, 0xf5, 0x00,
    0x00, 0x00, 0x00, 0x00, 0x00, 0x9f, 0xff, 0x50,
    0x00, 0x00, 0x00, 0x00, 0x00, 0x09, 0xff, 0xf5,
    0x00, 0x00,

    /* U+094B "ो" */
    0x07, 0xbe, 0xff, 0xea, 0x40, 0x00, 0x00, 0x00,
    0x00, 0x00, 0xff, 0xff, 0xff, 0xff, 0x80, 0x00,
    0x00, 0x00, 0x00, 0x0b, 0xff, 0xff, 0xff, 0xff,
    0x60, 0x00, 0x00, 0x00, 0x00, 0x6d, 0x97, 0x7a,
    0xff, 0xff, 0x10, 0x00, 0x00, 0x00, 0x00, 0x00,
    0x00, 0x05, 0xff, 0xf9, 0x00, 0x00, 0x00, 0x00,
    0x00, 0x00, 0x00, 0x0a, 0xff, 0xf1, 0x00, 0x00,
    0x00, 0x00, 0x00, 0x00, 0x00, 0x2f, 0xff, 0x70,
    0x00, 0x00, 0x00, 0x00, 0x00, 0x00, 0x00, 0xbf,
    0xfd, 0x00, 0x00, 0x00, 0x00, 0x00, 0x00, 0x00,
    0x05, 0xff, 0xf2, 0x00, 0x00, 0x00, 0x00, 0x00,
    0x00, 0x00, 0x0f, 0xff, 0x80, 0x00, 0x00, 0x00,
    0x00, 0x00, 0x00, 0x00, 0xaf, 0xfd, 0x00, 0x00,
    0x00, 0x00, 0x00, 0x00, 0xff, 0xff, 0xff, 0xff,
    0xff, 0xf5, 0x00, 0x00, 0x00, 0x0f, 0xff, 0xff,
    0xff, 0xff, 0xff, 0x50, 0x00, 0x00, 0x00, 0xff,
    0xff, 0xff, 0xff, 0xff, 0xf5, 0x00, 0x00, 0x00,
    0x05, 0x55, 0xbf, 0xff, 0x95, 0x55, 0x10, 0x00,
    0x00, 0x00, 0x00, 0x09, 0xff, 0xf5, 0x00, 0x00,
    0x00, 0x00, 0x00, 0x00, 0x00, 0x9f, 0xff, 0x50,
    0x00, 0x00, 0x00, 0x00, 0x00, 0x00, 0x09, 0xff,
    0xf5, 0x00, 0x00, 0x00, 0x00, 0x00, 0x00, 0x00,
    0x9f, 0xff, 0x50, 0x00, 0x00, 0x00, 0x00, 0x00,
    0x00, 0x09, 0xff, 0xf5, 0x00, 0x00, 0x00, 0x00,
    0x00, 0x00, 0x00, 0x9f, 0xff, 0x50, 0x00, 0x00,
    0x00, 0x00, 0x00, 0x00, 0x09, 0xff, 0xf5, 0x00,
    0x00, 0x00, 0x00, 0x00, 0x00, 0x00, 0x9f, 0xff,
    0x50, 0x00, 0x00, 0x00, 0x00, 0x00, 0x00, 0x09,
    0xff, 0xf5, 0x00, 0x00, 0x00, 0x00, 0x00, 0x00,
    0x00, 0x9f, 0xff, 0x50, 0x00, 0x00, 0x00, 0x00,
    0x00, 0x00, 0x09, 0xff, 0xf5, 0x00, 0x00, 0x00,
    0x00, 0x00, 0x00, 0x00, 0x9f, 0xff, 0x50, 0x00,
    0x00, 0x00, 0x00, 0x00, 0x00, 0x09, 0xff, 0xf5,
    0x00, 0x00, 0x00, 0x00, 0x00, 0x00, 0x00, 0x9f,
    0xff, 0x50, 0x00, 0x00, 0x00, 0x00, 0x00, 0x00,
    0x09, 0xff, 0xf5, 0x00, 0x00, 0x00, 0x00, 0x00,
    0x00, 0x00, 0x9f, 0xff, 0x50, 0x00, 0x00, 0x00,
    0x00, 0x00, 0x00, 0x09, 0xff, 0xf5, 0x00, 0x00,
    0x00, 0x00, 0x00, 0x00, 0x00, 0x9f, 0xff, 0x50,
    0x00, 0x00, 0x00, 0x00, 0x00, 0x00, 0x09, 0xff,
    0xf5, 0x00, 0x00, 0x00, 0x00, 0x00, 0x00, 0x00,
    0x9f, 0xff, 0x50, 0x00, 0x00, 0x00, 0x00, 0x00,
    0x00, 0x09, 0xff, 0xf5, 0x00, 0x00,

    /* U+094C "ौ" */
    0x08, 0xce, 0xff, 0xd9, 0x20, 0x00, 0x00, 0x00,
    0x00, 0x00, 0xaf, 0xff, 0xff, 0xff, 0x50, 0x00,
    0x00, 0x00, 0x00, 0x05, 0xff, 0xff, 0xff, 0xff,
    0x30, 0x00, 0x00, 0x00, 0x00, 0x06, 0x20, 0x14,
    0xcf, 0xfd, 0x00, 0x00, 0x00, 0x00, 0x00, 0x00,
    0x00, 0x00, 0xcf, 0xf6, 0x00, 0x00, 0x00, 0x02,
    0x8c, 0xff, 0xea, 0x31, 0xff, 0xd0, 0x00, 0x00,
    0x00, 0x7f, 0xff, 0xff, 0xff, 0x77, 0xff, 0x40,
    0x00, 0x00, 0x01, 0xff, 0xff, 0xff, 0xff, 0x9d,
    0xfb, 0x00, 0x00, 0x00, 0x09, 0x73, 0x00, 0x38,
    0xff, 0xff, 0xf1, 0x00, 0x00, 0x00, 0x00, 0x00,
    0x00, 0x02, 0xef, 0xff, 0x70, 0x00, 0x00, 0x00,
    0x00, 0x00, 0x00, 0x01, 0xdf, 0xfc, 0x00, 0x00,
    0x00, 0x00, 0x00, 0x00, 0xff, 0xff, 0xff, 0xff,
    0xff, 0xf5, 0x00, 0x00, 0x00, 0x0f, 0xff, 0xff,
    0xff, 0xff, 0xff, 0x50, 0x00, 0x00, 0x00, 0xff,
    0xff, 0xff, 0xff, 0xff, 0xf5, 0x00, 0x00, 0x00,
    0x05, 0x55, 0xbf, 0xff, 0x95, 0x55, 0x10, 0x00,
    0x00, 0x00, 0x00, 0x09, 0xff, 0xf5, 0x00, 0x00,
    0x00, 0x00, 0x00, 0x00, 0x00, 0x9f, 0xff, 0x50,
    0x00, 0x00, 0x00, 0x00, 0x00, 0x00, 0x09, 0xff,
    0xf5, 0x00, 0x00, 0x00, 0x00, 0x00, 0x00, 0x00,
    0x9f, 0xff, 0x50, 0x00, 0x00, 0x00, 0x00, 0x00,
    0x00, 0x09, 0xff, 0xf5, 0x00, 0x00, 0x00, 0x00,
    0x00, 0x00, 0x00, 0x9f, 0xff, 0x50, 0x00, 0x00,
    0x00, 0x00, 0x00, 0x00, 0x09, 0xff, 0xf5, 0x00,
    0x00, 0x00, 0x00, 0x00, 0x00, 0x00, 0x9f, 0xff,
    0x50, 0x00, 0x00, 0x00, 0x00, 0x00, 0x00, 0x09,
    0xff, 0xf5, 0x00, 0x00, 0x00, 0x00, 0x00, 0x00,
    0x00, 0x9f, 0xff, 0x50, 0x00, 0x00, 0x00, 0x00,
    0x00, 0x00, 0x09, 0xff, 0xf5, 0x00, 0x00, 0x00,
    0x00, 0x00, 0x00, 0x00, 0x9f, 0xff, 0x50, 0x00,
    0x00, 0x00, 0x00, 0x00, 0x00, 0x09, 0xff, 0xf5,
    0x00, 0x00, 0x00, 0x00, 0x00, 0x00, 0x00, 0x9f,
    0xff, 0x50, 0x00, 0x00, 0x00, 0x00, 0x00, 0x00,
    0x09, 0xff, 0xf5, 0x00, 0x00, 0x00, 0x00, 0x00,
    0x00, 0x00, 0x9f, 0xff, 0x50, 0x00, 0x00, 0x00,
    0x00, 0x00, 0x00, 0x09, 0xff, 0xf5, 0x00, 0x00,
    0x00, 0x00, 0x00, 0x00, 0x00, 0x9f, 0xff, 0x50,
    0x00, 0x00, 0x00, 0x00, 0x00, 0x00, 0x09, 0xff,
    0xf5, 0x00, 0x00, 0x00, 0x00, 0x00, 0x00, 0x00,
    0x9f, 0xff, 0x50, 0x00, 0x00, 0x00, 0x00, 0x00,
    0x00, 0x09, 0xff, 0xf5, 0x00, 0x00,

    /* U+094D "्" */
    0x01, 0x32, 0x10, 0x00, 0x00, 0x00, 0x00, 0xaf,
    0xff, 0xfe, 0x91, 0x00, 0x00, 0x00, 0x7f, 0xff,
    0xff, 0xff, 0x60, 0x00, 0x00, 0x4f, 0xff, 0xff,
    0xff, 0xf8, 0x00, 0x00, 0x15, 0x33, 0x5a, 0xff,
    0xff, 0x80, 0x00, 0x00, 0x00, 0x00, 0x3e, 0xff,
    0xf6, 0x00, 0x00, 0x00, 0x00, 0x01, 0xef, 0xff,
    0x30, 0x00, 0x00, 0x00, 0x00, 0x3f, 0xff, 0xd0,
    0x00, 0x00, 0x00, 0x00, 0x05, 0xfc, 0x20, 0x00,
    0x00, 0x00, 0x00, 0x00, 0x50, 0x00
};

/*---------------------
 *  GLYPH DESCRIPTION
 *--------------------*/

static const lv_font_fmt_txt_glyph_dsc_t glyph_dsc[] = {
    {.bitmap_index = 0, .adv_w = 0, .box_w = 0, .box_h = 0, .ofs_x = 0, .ofs_y = 0} /* id = 0 reserved */,
    {.bitmap_index = 0, .adv_w = 0, .box_w = 16, .box_h = 10, .ofs_x = -14, .ofs_y = 26},
    {.bitmap_index = 80, .adv_w = 0, .box_w = 6, .box_h = 7, .ofs_x = -8, .ofs_y = 27},
    {.bitmap_index = 101, .adv_w = 506, .box_w = 32, .box_h = 25, .ofs_x = 1, .ofs_y = 0},
    {.bitmap_index = 501, .adv_w = 678, .box_w = 42, .box_h = 25, .ofs_x = 1, .ofs_y = 0},
    {.bitmap_index = 1026, .adv_w = 320, .box_w = 21, .box_h = 32, .ofs_x = 0, .ofs_y = -7},
    {.bitmap_index = 1362, .adv_w = 320, .box_w = 21, .box_h = 43, .ofs_x = 0, .ofs_y = -7},
    {.bitmap_index = 1814, .adv_w = 358, .box_w = 23, .box_h = 25, .ofs_x = 0, .ofs_y = 0},
    {.bitmap_index = 2102, .adv_w = 364, .box_w = 24, .box_h = 29, .ofs_x = 0, .ofs_y = -4},
    {.bitmap_index = 2450, .adv_w = 503, .box_w = 33, .box_h = 25, .ofs_x = 0, .ofs_y = 0},
    {.bitmap_index = 2863, .adv_w = 534, .box_w = 34, .box_h = 25, .ofs_x = 0, .ofs_y = 0},
    {.bitmap_index = 3288, .adv_w = 371, .box_w = 24, .box_h = 25, .ofs_x = 0, .ofs_y = 0},
    {.bitmap_index = 3588, .adv_w = 389, .box_w = 25, .box_h = 25, .ofs_x = 0, .ofs_y = 0},
    {.bitmap_index = 3901, .adv_w = 417, .box_w = 27, .box_h = 25, .ofs_x = 0, .ofs_y = 0},
    {.bitmap_index = 4239, .adv_w = 483, .box_w = 31, .box_h = 25, .ofs_x = 0, .ofs_y = 0},
    {.bitmap_index = 4627, .adv_w = 329, .box_w = 22, .box_h = 25, .ofs_x = 0, .ofs_y = 0},
    {.bitmap_index = 4902, .adv_w = 378, .box_w = 25, .box_h = 25, .ofs_x = 0, .ofs_y = 0},
    {.bitmap_index = 5215, .adv_w = 349, .box_w = 24, .box_h = 25, .ofs_x = -1, .ofs_y = 0},
    {.bitmap_index = 5515, .adv_w = 478, .box_w = 31, .box_h = 25, .ofs_x = 0, .ofs_y = 0},
    {.bitmap_index = 5903, .adv_w = 374, .box_w = 24, .box_h = 26, .ofs_x = 0, .ofs_y = -1},
    {.bitmap_index = 6215, .adv_w = 422, .box_w = 25, .box_h = 25, .ofs_x = 2, .ofs_y = 0},
    {.bitmap_index = 6528, .adv_w = 346, .box_w = 23, .box_h = 28, .ofs_x = 0, .ofs_y = -3},
    {.bitmap_index = 6850, .adv_w = 408, .box_w = 26, .box_h = 25, .ofs_x = 1, .ofs_y = 0},
    {.bitmap_index = 7175, .adv_w = 367, .box_w = 24, .box_h = 25, .ofs_x = 0, .ofs_y = 0},
    {.bitmap_index = 7475, .adv_w = 372, .box_w = 24, .box_h = 25, .ofs_x = 0, .ofs_y = 0},
    {.bitmap_index = 7775, .adv_w = 505, .box_w = 33, .box_h = 25, .ofs_x = 0, .ofs_y = 0},
    {.bitmap_index = 8188, .adv_w = 374, .box_w = 24, .box_h = 25, .ofs_x = 0, .ofs_y = 0},
    {.bitmap_index = 8488, .adv_w = 465, .box_w = 29, .box_h = 25, .ofs_x = 1, .ofs_y = 0},
    {.bitmap_index = 8851, .adv_w = 393, .box_w = 26, .box_h = 25, .ofs_x = 0, .ofs_y = 0},
    {.bitmap_index = 9176, .adv_w = 381, .box_w = 25, .box_h = 25, .ofs_x = 0, .ofs_y = 0},
    {.bitmap_index = 9489, .adv_w = 268, .box_w = 18, .box_h = 26, .ofs_x = 0, .ofs_y = -1},
    {.bitmap_index = 9723, .adv_w = 445, .box_w = 29, .box_h = 26, .ofs_x = 0, .ofs_y = -1},
    {.bitmap_index = 10100, .adv_w = 365, .box_w = 24, .box_h = 25, .ofs_x = 0, .ofs_y = 0},
    {.bitmap_index = 10400, .adv_w = 450, .box_w = 28, .box_h = 26, .ofs_x = 1, .ofs_y = -1},
    {.bitmap_index = 10764, .adv_w = 380, .box_w = 25, .box_h = 25, .ofs_x = 0, .ofs_y = 0},
    {.bitmap_index = 11077, .adv_w = 444, .box_w = 29, .box_h = 26, .ofs_x = 0, .ofs_y = -1},
    {.bitmap_index = 11454, .adv_w = 346, .box_w = 23, .box_h = 31, .ofs_x = 0, .ofs_y = -6},
    {.bitmap_index = 11811, .adv_w = 0, .box_w = 6, .box_h = 6, .ofs_x = -14, .ofs_y = -8},
    {.bitmap_index = 11829, .adv_w = 172, .box_w = 12, .box_h = 25, .ofs_x = 0, .ofs_y = 0},
    {.bitmap_index = 11979, .adv_w = 172, .box_w = 31, .box_h = 36, .ofs_x = 0, .ofs_y = 0},
    {.bitmap_index = 12537, .adv_w = 172, .box_w = 22, .box_h = 36, .ofs_x = -10, .ofs_y = 0},
    {.bitmap_index = 12933, .adv_w = 0, .box_w = 20, .box_h = 13, .ofs_x = -19, .ofs_y = -11},
    {.bitmap_index = 13063, .adv_w = 0, .box_w = 20, .box_h = 13, .ofs_x = -14, .ofs_y = -11},
    {.bitmap_index = 13193, .adv_w = 0, .box_w = 13, .box_h = 13, .ofs_x = -11, .ofs_y = -12},
    {.bitmap_index = 13278, .adv_w = 0, .box_w = 14, .box_h = 13, .ofs_x = -17, .ofs_y = 24},
    {.bitmap_index = 13369, .adv_w = 0, .box_w = 15, .box_h = 12, .ofs_x = -18, .ofs_y = 24},
    {.bitmap_index = 13459, .adv_w = 172, .box_w = 17, .box_h = 36, .ofs_x = -5, .ofs_y = 0},
    {.bitmap_index = 13765, .adv_w = 172, .box_w = 19, .box_h = 36, .ofs_x = -7, .ofs_y = 0},
    {.bitmap_index = 14107, .adv_w = 172, .box_w = 19, .box_h = 36, .ofs_x = -7, .ofs_y = 0},
    {.bitmap_index = 14449, .adv_w = 0, .box_w = 14, .box_h = 10, .ofs_x = -8, .ofs_y = -11}
};

/*---------------------
 *  CHARACTER MAPPING
 *--------------------*/

static const uint8_t glyph_id_ofs_list_0[] = {
    0, 1, 0, 0, 2, 3, 4, 5,
    6, 0, 0, 0, 0, 0, 7, 0,
    0, 0, 0, 0, 8, 9, 10, 11,
    0, 12, 0, 13, 0, 0, 14, 15,
    16, 0, 17, 18, 19, 20, 21, 22,
    0, 23, 24, 25, 26, 27, 28, 29,
    0, 30, 0, 0, 31, 32, 33, 34,
    35, 0, 0, 36, 0, 37, 38, 39,
    40, 41, 42, 0, 0, 0, 43, 44,
    45, 0, 46, 47, 48
};

/*Collect the unicode lists and glyph_id offsets*/
static const lv_font_fmt_txt_cmap_t cmaps[] =
{
    {
        .range_start = 2305, .range_length = 77, .glyph_id_start = 1,
        .unicode_list = NULL, .glyph_id_ofs_list = glyph_id_ofs_list_0, .list_length = 77, .type = LV_FONT_FMT_TXT_CMAP_FORMAT0_FULL
    }
};



/*--------------------
 *  ALL CUSTOM DATA
 *--------------------*/

#if LVGL_VERSION_MAJOR == 8
/*Store all the custom data of the font*/
static  lv_font_fmt_txt_glyph_cache_t cache;
#endif

#if LVGL_VERSION_MAJOR >= 8
static const lv_font_fmt_txt_dsc_t font_dsc = {
#else
static lv_font_fmt_txt_dsc_t font_dsc = {
#endif
    .glyph_bitmap = glyph_bitmap,
    .glyph_dsc = glyph_dsc,
    .cmaps = cmaps,
    .kern_dsc = NULL,
    .kern_scale = 0,
    .cmap_num = 1,
    .bpp = 4,
    .kern_classes = 0,
    .bitmap_format = 0,
#if LVGL_VERSION_MAJOR == 8
    .cache = &cache
#endif

};



/*-----------------
 *  PUBLIC FONT
 *----------------*/

/*Initialize a public general font descriptor*/
#if LVGL_VERSION_MAJOR >= 8
const lv_font_t NS_Medium_hi_40_data = {
#else
lv_font_t NS_Medium_hi_40_data = {
#endif
    .get_glyph_dsc = lv_font_get_glyph_dsc_fmt_txt,    /*Function pointer to get glyph's data*/
    .get_glyph_bitmap = lv_font_get_bitmap_fmt_txt,    /*Function pointer to get glyph's bitmap*/
    .line_height = 49,          /*The maximum line height required by the font*/
    .base_line = 12,             /*Baseline measured from the bottom of the line*/
#if !(LVGL_VERSION_MAJOR == 6 && LVGL_VERSION_MINOR == 0)
    .subpx = LV_FONT_SUBPX_NONE,
#endif
#if LV_VERSION_CHECK(7, 4, 0) || LVGL_VERSION_MAJOR >= 8
    .underline_position = -4,
    .underline_thickness = 2,
#endif

#if LV_VERSION_CHECK(9, 3, 0)
    .static_bitmap = 1,    /*Bitmaps are stored as const so they are always static if not compressed */
#endif

    .dsc = &font_dsc,          /*The custom font data. Will be accessed by `get_glyph_bitmap/dsc` */
#if LV_VERSION_CHECK(8, 2, 0) || LVGL_VERSION_MAJOR >= 9
    .fallback = NULL,
#endif
    .user_data = NULL,
};



#endif /*#if NS_MEDIUM_HI_40_DATA*/
